ts_ms,open,high,low,close,volume,turnover
1780257600000,1998.73,2002.75,1998.73,2000.68,8218.01,0
1780258500000,2000.68,2004.22,1999.86,2002.06,3130.96,0
1780259400000,2002.06,2003.0,2001.41,2002.5,2447.0,0
1780260300000,2002.5,2008.34,2002.46,2006.59,16187.48,0
1780261200000,2006.59,2006.95,2004.3,2005.76,6439.87,0
1780262100000,2005.76,2009.55,2005.76,2006.49,3811.14,0
1780263000000,2006.49,2009.48,2005.78,2008.44,2342.52,0
1780263900000,2008.44,2013.88,2008.43,2011.51,30541.24,0
1780264800000,2011.51,2013.63,2003.67,2011.0,8768.88,0
1780265700000,2011.0,2013.04,2006.43,2009.19,4996.72,0
1780266600000,2009.19,2013.53,2008.91,2010.59,4778.01,0
1780267500000,2010.59,2013.68,2010.59,2011.86,3678.28,0
1780268400000,2011.86,2022.36,2011.68,2013.14,18658.09,0
1780269300000,2013.14,2014.81,2007.53,2008.3,8428.93,0
1780270200000,2008.3,2008.6,1998.84,2002.16,15527.58,0
1780271100000,2002.16,2007.02,2002.01,2006.27,4264.31,0
1780272000000,2006.27,2015.61,2005.36,2010.85,21041.21,0
1780272900000,2010.85,2017.0,2007.47,2016.14,5857.04,0
1780273800000,2016.14,2020.93,2011.29,2015.04,9208.93,0
1780274700000,2015.04,2019.0,2013.8,2014.8,5008.66,0
1780275600000,2014.8,2016.07,2003.73,2004.3,11692.88,0
1780276500000,2004.3,2007.09,2001.2,2003.36,8418.88,0
1780277400000,2003.36,2006.13,1999.0,2000.86,6724.99,0
1780278300000,2000.86,2003.97,1992.89,1993.83,13371.82,0
1780279200000,1993.83,2005.1,1989.6,2004.31,20540.48,0
1780280100000,2004.31,2005.01,2001.31,2003.78,5282.09,0
1780281000000,2003.78,2016.86,2000.78,2011.57,17450.56,0
1780281900000,2011.57,2013.69,2009.31,2010.39,6352.92,0
1780282800000,2010.39,2017.4,2010.39,2012.64,8055.85,0
1780283700000,2012.64,2016.16,2010.13,2014.09,6256.06,0
1780284600000,2014.09,2016.2,2010.0,2011.65,4855.89,0
1780285500000,2011.65,2013.49,2007.58,2008.31,3333.82,0
1780286400000,2008.31,2011.24,2001.25,2002.15,8530.56,0
1780287300000,2002.15,2003.55,1994.17,1994.81,19826.0,0
1780288200000,1994.81,1999.53,1994.58,1999.06,10095.5,0
1780289100000,1999.06,2001.53,1993.0,1998.95,9226.75,0
1780290000000,1998.95,2000.6,1996.76,1999.13,3321.13,0
1780290900000,1999.13,2000.43,1992.05,1992.24,9245.83,0
1780291800000,1992.24,1995.82,1990.64,1995.51,7531.03,0
1780292700000,1995.51,1997.32,1992.87,1993.67,4661.47,0
1780293600000,1993.67,1994.44,1987.5,1991.05,11654.28,0
1780294500000,1991.05,1992.5,1983.45,1985.47,20303.07,0
1780295400000,1985.47,1987.96,1980.7,1981.18,17136.08,0
1780296300000,1981.18,1988.0,1979.14,1986.9,31653.17,0
1780297200000,1986.9,1989.64,1983.68,1988.11,7056.75,0
1780298100000,1988.11,1989.21,1984.22,1984.69,7611.55,0
1780299000000,1984.69,1984.98,1977.71,1982.1,15282.73,0
1780299900000,1982.1,1983.24,1970.47,1975.23,49652.43,0
1780300800000,1975.23,1978.89,1974.2,1977.35,10145.74,0
1780301700000,1977.35,1978.57,1972.56,1975.01,10118.23,0
1780302600000,1975.01,1981.73,1970.83,1978.29,24289.11,0
1780303500000,1978.29,1984.41,1977.8,1983.11,10716.1,0
1780304400000,1983.11,1986.2,1982.85,1984.92,9848.78,0
1780305300000,1984.92,1989.4,1984.4,1985.79,8408.74,0
1780306200000,1985.79,1988.05,1984.0,1986.99,9479.79,0
1780307100000,1986.99,1988.86,1985.19,1986.89,11077.56,0
1780308000000,1986.89,1988.2,1983.54,1984.07,8723.31,0
1780308900000,1984.07,1985.58,1980.61,1982.64,6535.23,0
1780309800000,1982.64,1986.29,1980.07,1984.37,7154.4,0
1780310700000,1984.37,1986.18,1982.85,1983.69,3869.26,0
1780311600000,1983.69,1984.96,1982.0,1983.2,3036.92,0
1780312500000,1983.2,1985.31,1982.5,1982.91,2457.19,0
1780313400000,1982.91,1985.5,1980.61,1984.95,8849.35,0
1780314300000,1984.95,1986.3,1976.43,1980.7,27176.12,0
1780315200000,1980.7,1984.1,1966.16,1975.95,63210.26,0
1780316100000,1975.95,1988.6,1975.29,1986.55,33133.58,0
1780317000000,1986.55,1992.93,1983.7,1992.33,21624.59,0
1780317900000,1992.33,1994.0,1986.4,1988.73,10972.94,0
1780318800000,1988.73,1989.65,1970.0,1974.92,53443.05,0
1780319700000,1974.92,1980.93,1971.72,1976.28,21847.47,0
1780320600000,1976.28,1982.9,1972.26,1974.0,28744.34,0
1780321500000,1974.0,1980.26,1955.03,1970.23,109353.38,0
1780322400000,1970.23,1976.82,1963.7,1968.38,34226.77,0
1780323300000,1968.38,1971.61,1965.4,1967.88,19561.46,0
1780324200000,1967.88,1969.99,1964.07,1967.05,14421.96,0
1780325100000,1967.05,1970.95,1964.25,1967.84,9678.8,0
1780326000000,1967.84,1974.0,1967.49,1969.39,12687.43,0
1780326900000,1969.39,1969.9,1959.28,1960.68,21491.75,0
1780327800000,1960.68,1980.25,1960.43,1973.56,38380.45,0
1780328700000,1973.56,1974.77,1966.0,1967.54,7999.81,0
1780329600000,1967.54,1971.12,1957.66,1966.3,24283.81,0
1780330500000,1966.3,1970.53,1963.4,1970.52,12295.05,0
1780331400000,1970.52,1973.49,1968.82,1971.25,14445.51,0
1780332300000,1971.25,1978.19,1971.25,1977.4,13323.02,0
1780333200000,1977.4,1984.65,1976.91,1983.04,20632.61,0
1780334100000,1983.04,1991.78,1981.0,1990.57,22719.09,0
1780335000000,1990.57,1994.0,1985.36,1992.84,35894.93,0
1780335900000,1992.84,1996.46,1989.09,1989.83,20164.65,0
1780336800000,1989.83,1991.54,1982.38,1984.4,8923.55,0
1780337700000,1984.4,1992.0,1982.82,1991.64,6736.76,0
1780338600000,1991.64,1994.81,1990.38,1991.85,6720.06,0
1780339500000,1991.85,1995.06,1990.27,1991.85,4694.64,0
1780340400000,1991.85,1994.71,1991.1,1994.04,4261.98,0
1780341300000,1994.04,2002.54,1991.37,2001.71,11082.35,0
1780342200000,2001.71,2008.32,2000.7,2005.55,31741.5,0
1780343100000,2005.55,2006.01,2002.33,2003.79,11402.08,0
1780344000000,2003.79,2004.3,2000.23,2002.0,7572.2,0
1780344900000,2002.0,2006.42,2000.1,2004.33,6701.83,0
1780345800000,2004.33,2007.75,2003.43,2006.63,5330.63,0
1780346700000,2006.63,2007.14,2002.71,2004.99,4431.41,0
1780347600000,2004.99,2008.67,1993.75,1998.68,27740.01,0
1780348500000,1998.68,1999.53,1991.78,1994.55,8717.52,0
1780349400000,1994.55,1995.0,1991.33,1992.31,4961.3,0
1780350300000,1992.31,1998.61,1991.9,1993.48,11901.66,0
1780351200000,1993.48,1993.55,1982.73,1989.42,24964.06,0
1780352100000,1989.42,2002.42,1988.48,1999.0,24069.63,0
1780353000000,1999.0,2000.64,1991.36,1995.0,6066.16,0
1780353900000,1995.0,2005.6,1995.0,2003.71,12736.27,0
1780354800000,2003.71,2005.81,2000.48,2001.9,7006.31,0
1780355700000,2001.9,2007.5,1997.62,1998.08,8888.61,0
1780356600000,1998.08,2008.05,1997.27,2004.37,8405.74,0
1780357500000,2004.37,2007.21,2002.8,2005.92,4478.0,0
1780358400000,2005.92,2006.39,2002.45,2003.18,6112.42,0
1780359300000,2003.18,2004.78,1997.3,2000.18,5724.49,0
1780360200000,2000.18,2001.78,1994.56,1997.35,5003.9,0
1780361100000,1997.35,1999.53,1995.32,1995.73,3432.43,0
1780362000000,1995.73,1998.07,1991.51,1998.05,7189.68,0
1780362900000,1998.05,1998.58,1990.38,1991.28,9410.99,0
1780363800000,1991.28,1992.76,1981.38,1985.61,20211.72,0
1780364700000,1985.61,1985.67,1978.28,1979.35,15082.45,0
1780365600000,1979.35,1980.59,1961.0,1971.71,46908.95,0
1780366500000,1971.71,1989.32,1967.3,1987.8,29590.98,0
1780367400000,1987.8,1993.82,1983.74,1984.42,20025.16,0
1780368300000,1984.42,1996.3,1983.54,1996.05,10311.32,0
1780369200000,1996.05,2001.82,1993.92,1997.9,13694.69,0
1780370100000,1997.9,2001.29,1995.02,2000.06,9454.48,0
1780371000000,2000.06,2004.21,1998.1,2003.33,5959.2,0
1780371900000,2003.33,2004.11,2001.01,2003.1,4862.21,0
1780372800000,2003.1,2005.17,1995.61,1997.35,25845.16,0
1780373700000,1997.35,2005.71,1997.3,2003.65,6694.48,0
1780374600000,2003.65,2004.69,2000.01,2001.13,5794.49,0
1780375500000,2001.13,2001.13,1994.83,1995.95,5877.99,0
1780376400000,1995.95,2000.14,1988.89,1999.03,10451.82,0
1780377300000,1999.03,1999.41,1990.43,1990.95,5553.43,0
1780378200000,1990.95,1994.7,1986.3,1990.77,18215.48,0
1780379100000,1990.77,1991.09,1983.2,1983.67,24645.07,0
1780380000000,1983.67,1987.53,1979.13,1981.01,16959.96,0
1780380900000,1981.01,1984.41,1978.13,1983.81,9233.78,0
1780381800000,1983.81,1987.75,1983.14,1983.24,11318.66,0
1780382700000,1983.24,1986.6,1976.69,1981.51,22484.63,0
1780383600000,1981.51,1983.0,1972.72,1980.51,30959.14,0
1780384500000,1980.51,1989.2,1975.7,1977.76,15138.95,0
1780385400000,1977.76,1988.25,1977.25,1985.31,12264.47,0
1780386300000,1985.31,1985.32,1980.57,1980.84,5688.59,0
1780387200000,1980.84,1984.2,1977.9,1982.99,8807.7,0
1780388100000,1982.99,1988.33,1979.0,1984.92,13442.13,0
1780389000000,1984.92,1988.1,1979.65,1979.92,5313.52,0
1780389900000,1979.92,1982.0,1975.49,1978.56,11894.71,0
1780390800000,1978.56,1979.0,1969.68,1971.64,25610.08,0
1780391700000,1971.64,1972.29,1965.54,1968.17,28495.3,0
1780392600000,1968.17,1975.31,1966.7,1971.56,21593.83,0
1780393500000,1971.56,1975.87,1968.87,1974.31,10798.92,0
1780394400000,1974.31,1979.22,1970.64,1977.0,14876.65,0
1780395300000,1977.0,1979.49,1974.88,1978.61,12393.61,0
1780396200000,1978.61,1979.7,1974.35,1974.86,6612.44,0
1780397100000,1974.86,1983.16,1974.8,1982.39,6538.39,0
1780398000000,1982.39,1982.97,1978.14,1980.21,5637.55,0
1780398900000,1980.21,1980.29,1975.93,1976.79,4799.71,0
1780399800000,1976.79,1979.24,1974.42,1977.49,6901.53,0
1780400700000,1977.49,1981.12,1977.0,1977.33,3177.2,0
1780401600000,1977.33,1981.03,1974.42,1976.99,8756.68,0
1780402500000,1976.99,1982.15,1974.59,1979.28,7116.55,0
1780403400000,1979.28,1979.44,1971.1,1978.39,16598.47,0
1780404300000,1978.39,1979.24,1974.26,1975.38,8101.14,0
1780405200000,1975.38,1979.12,1972.04,1972.38,13410.31,0
1780406100000,1972.38,1980.4,1972.38,1978.82,10082.35,0
1780407000000,1978.82,1980.95,1969.24,1975.79,28591.21,0
1780407900000,1975.79,1978.72,1971.0,1973.48,30749.08,0
1780408800000,1973.48,1974.36,1958.4,1967.21,49823.39,0
1780409700000,1967.21,1967.63,1923.51,1935.58,198413.06,0
1780410600000,1935.58,1946.7,1930.82,1935.37,68723.77,0
1780411500000,1935.37,1944.77,1935.01,1940.53,23561.68,0
1780412400000,1940.53,1940.68,1930.61,1933.72,36101.22,0
1780413300000,1933.72,1933.99,1906.0,1911.6,123589.26,0
1780414200000,1911.6,1911.89,1886.18,1907.86,158622.51,0
1780415100000,1907.86,1918.09,1904.53,1913.8,35543.85,0
1780416000000,1913.8,1933.34,1908.35,1932.42,64068.87,0
1780416900000,1932.42,1943.57,1926.49,1930.15,52468.92,0
1780417800000,1930.15,1931.23,1921.34,1924.01,36479.62,0
1780418700000,1924.01,1929.2,1919.01,1919.67,17434.65,0
1780419600000,1919.67,1926.74,1918.47,1924.27,20851.07,0
1780420500000,1924.27,1930.79,1921.92,1927.04,12476.63,0
1780421400000,1927.04,1930.37,1921.69,1922.83,10143.71,0
1780422300000,1922.83,1923.94,1919.74,1923.2,8782.52,0
1780423200000,1923.2,1927.46,1921.43,1921.73,6538.55,0
1780424100000,1921.73,1922.87,1911.05,1912.71,12658.43,0
1780425000000,1912.71,1914.51,1908.41,1911.2,12735.27,0
1780425900000,1911.2,1912.9,1901.77,1912.2,24429.74,0
1780426800000,1912.2,1915.75,1909.45,1914.15,10596.38,0
1780427700000,1914.15,1914.57,1902.04,1903.2,18284.0,0
1780428600000,1903.2,1904.65,1880.0,1901.73,105805.49,0
1780429500000,1901.73,1917.73,1899.04,1911.27,42872.72,0
1780430400000,1911.27,1917.91,1905.94,1913.62,15058.71,0
1780431300000,1913.62,1913.94,1894.5,1895.46,21004.31,0
1780432200000,1895.46,1904.68,1894.96,1900.08,22625.37,0
1780433100000,1900.08,1910.45,1899.0,1905.76,16295.49,0
1780434000000,1905.76,1910.67,1899.1,1901.05,9253.77,0
1780434900000,1901.05,1910.18,1900.67,1908.91,7331.9,0
1780435800000,1908.91,1909.78,1903.11,1904.16,5708.22,0
1780436700000,1904.16,1904.81,1896.04,1899.4,10587.7,0
1780437600000,1899.4,1899.4,1887.27,1888.15,23023.36,0
1780438500000,1888.15,1908.82,1873.0,1900.04,78035.26,0
1780439400000,1900.04,1900.88,1887.0,1891.28,23544.23,0
1780440300000,1891.28,1891.28,1860.09,1867.44,88188.61,0
1780441200000,1867.44,1871.84,1854.26,1871.27,68728.78,0
1780442100000,1871.27,1872.4,1837.2,1847.31,97804.43,0
1780443000000,1847.31,1855.0,1838.52,1854.69,38340.69,0
1780443900000,1854.69,1861.79,1852.22,1859.08,32821.93,0
1780444800000,1859.08,1868.2,1853.52,1867.2,37553.66,0
1780445700000,1867.2,1873.38,1862.4,1863.04,24591.56,0
1780446600000,1863.04,1872.0,1859.43,1869.26,13922.4,0
1780447500000,1869.26,1872.31,1866.25,1866.25,16036.97,0
1780448400000,1866.25,1866.86,1854.55,1858.37,15802.61,0
1780449300000,1858.37,1867.68,1857.33,1867.01,7449.09,0
1780450200000,1867.01,1869.27,1848.62,1850.3,16597.24,0
1780451100000,1850.3,1866.5,1850.3,1863.63,15010.87,0
1780452000000,1863.63,1864.0,1856.5,1858.76,9292.28,0
1780452900000,1858.76,1861.83,1851.0,1852.67,12099.22,0
1780453800000,1852.67,1859.0,1851.63,1854.58,6146.4,0
1780454700000,1854.58,1855.76,1850.0,1853.29,9271.31,0
1780455600000,1853.29,1855.69,1844.18,1851.21,13791.41,0
1780456500000,1851.21,1854.49,1840.25,1842.75,24150.84,0
1780457400000,1842.75,1846.99,1822.52,1823.12,75494.36,0
1780458300000,1823.12,1833.88,1815.58,1826.83,51523.18,0
1780459200000,1826.83,1845.6,1826.49,1839.16,34817.69,0
1780460100000,1839.16,1846.99,1837.0,1843.77,11701.68,0
1780461000000,1843.77,1844.96,1837.92,1843.41,10053.24,0
1780461900000,1843.41,1851.93,1839.82,1849.94,30766.02,0
1780462800000,1849.94,1872.86,1848.83,1867.3,41962.84,0
1780463700000,1867.3,1874.16,1864.7,1869.57,14577.83,0
1780464600000,1869.57,1869.8,1857.67,1864.5,11011.15,0
1780465500000,1864.5,1875.5,1863.67,1872.57,42849.97,0
1780466400000,1872.57,1875.17,1870.41,1874.0,23998.03,0
1780467300000,1874.0,1874.88,1871.11,1871.75,11414.54,0
1780468200000,1871.75,1885.05,1870.39,1880.09,28226.62,0
1780469100000,1880.09,1881.14,1869.6,1871.15,26221.59,0
1780470000000,1871.15,1875.87,1867.05,1872.95,8695.06,0
1780470900000,1872.95,1879.27,1871.3,1876.32,12047.48,0
1780471800000,1876.32,1879.0,1872.37,1876.05,8754.7,0
1780472700000,1876.05,1879.6,1875.6,1877.48,5021.51,0
1780473600000,1877.48,1879.08,1873.77,1873.98,7892.73,0
1780474500000,1873.98,1875.91,1872.45,1874.51,6568.77,0
1780475400000,1874.51,1881.26,1873.64,1878.76,7863.95,0
1780476300000,1878.76,1882.73,1877.14,1879.12,9631.19,0
1780477200000,1879.12,1882.29,1877.96,1878.24,4965.51,0
1780478100000,1878.24,1879.94,1875.96,1876.24,8164.42,0
1780479000000,1876.24,1877.05,1871.26,1871.78,10975.21,0
1780479900000,1871.78,1886.0,1869.0,1875.64,26654.88,0
1780480800000,1875.64,1892.07,1873.89,1884.11,25319.25,0
1780481700000,1884.11,1886.32,1881.46,1885.83,6602.48,0
1780482600000,1885.83,1887.55,1881.94,1882.61,4780.59,0
1780483500000,1882.61,1884.76,1881.19,1883.92,4454.53,0
1780484400000,1883.92,1887.27,1882.02,1887.15,5757.76,0
1780485300000,1887.15,1887.77,1883.6,1885.91,7847.76,0
1780486200000,1885.91,1885.92,1878.31,1880.36,9483.7,0
1780487100000,1880.36,1880.36,1875.06,1877.33,23375.91,0
1780488000000,1877.33,1878.61,1872.01,1874.08,17086.21,0
1780488900000,1874.08,1874.08,1867.03,1872.71,18997.4,0
1780489800000,1872.71,1879.73,1867.35,1871.7,11549.81,0
1780490700000,1871.7,1879.0,1870.57,1875.78,5510.34,0
1780491600000,1875.78,1879.04,1867.86,1873.29,12613.86,0
1780492500000,1873.29,1877.5,1867.02,1867.02,9596.63,0
1780493400000,1867.02,1876.4,1862.02,1863.6,20738.61,0
1780494300000,1863.6,1871.86,1860.37,1866.76,22619.79,0
1780495200000,1866.76,1867.84,1860.99,1864.8,13099.56,0
1780496100000,1864.8,1865.7,1853.35,1857.4,22308.43,0
1780497000000,1857.4,1861.41,1851.68,1852.83,16628.38,0
1780497900000,1852.83,1858.3,1851.66,1857.85,10585.26,0
1780498800000,1857.85,1859.2,1846.06,1850.18,17659.42,0
1780499700000,1850.18,1855.66,1843.17,1852.83,19368.64,0
1780500600000,1852.83,1855.0,1842.27,1843.87,13766.49,0
1780501500000,1843.87,1845.63,1835.16,1836.19,20043.11,0
1780502400000,1836.19,1843.28,1830.5,1835.55,32256.56,0
1780503300000,1835.55,1837.88,1809.96,1818.06,118077.71,0
1780504200000,1818.06,1828.77,1815.3,1827.46,41458.32,0
1780505100000,1827.46,1832.83,1824.85,1831.76,21941.55,0
1780506000000,1831.76,1833.27,1817.08,1819.45,15025.77,0
1780506900000,1819.45,1829.19,1819.45,1828.57,8981.35,0
1780507800000,1828.57,1838.47,1825.61,1835.1,15918.07,0
1780508700000,1835.1,1835.48,1822.31,1827.26,8565.95,0
1780509600000,1827.26,1831.81,1824.42,1828.28,6431.31,0
1780510500000,1828.28,1828.29,1820.55,1824.83,9712.88,0
1780511400000,1824.83,1831.77,1821.68,1829.47,7481.8,0
1780512300000,1829.47,1833.84,1829.46,1831.48,6621.49,0
1780513200000,1831.48,1832.96,1825.11,1827.19,4513.52,0
1780514100000,1827.19,1828.0,1812.34,1814.49,50791.43,0
1780515000000,1814.49,1822.15,1812.03,1818.8,18242.31,0
1780515900000,1818.8,1822.0,1793.75,1802.3,75582.81,0
1780516800000,1802.3,1812.52,1791.83,1810.19,28799.35,0
1780517700000,1810.19,1810.54,1795.42,1809.34,21040.95,0
1780518600000,1809.34,1809.34,1791.67,1792.8,20966.17,0
1780519500000,1792.8,1794.86,1767.42,1780.43,92151.62,0
1780520400000,1780.43,1802.62,1776.44,1796.84,35375.8,0
1780521300000,1796.84,1803.01,1796.55,1800.95,9815.97,0
1780522200000,1800.95,1840.48,1799.6,1828.91,110355.15,0
1780523100000,1828.91,1849.85,1824.69,1849.77,53512.18,0
1780524000000,1849.77,1852.0,1835.7,1837.89,33747.48,0
1780524900000,1837.89,1837.9,1826.34,1828.9,28781.81,0
1780525800000,1828.9,1836.64,1821.69,1830.16,27641.28,0
1780526700000,1830.16,1830.99,1822.51,1828.66,18141.06,0
1780527600000,1828.66,1830.68,1815.04,1822.73,31886.96,0
1780528500000,1822.73,1824.77,1815.12,1821.62,13653.54,0
1780529400000,1821.62,1824.97,1813.23,1815.76,13506.35,0
1780530300000,1815.76,1820.26,1811.53,1812.31,16045.45,0
1780531200000,1812.31,1819.98,1809.02,1816.12,19145.57,0
1780532100000,1816.12,1818.93,1782.83,1783.34,50176.47,0
1780533000000,1783.34,1803.62,1781.41,1799.97,47837.74,0
1780533900000,1799.97,1800.0,1784.26,1793.0,22942.12,0
1780534800000,1793.0,1800.61,1784.0,1785.9,26856.79,0
1780535700000,1785.9,1786.99,1764.15,1772.94,71233.27,0
1780536600000,1772.94,1788.91,1771.98,1780.73,21041.34,0
1780537500000,1780.73,1781.7,1753.94,1758.92,54955.63,0
1780538400000,1758.92,1761.27,1715.18,1744.79,170511.16,0
1780539300000,1744.79,1771.63,1735.51,1765.62,54506.98,0
1780540200000,1765.62,1776.06,1762.0,1773.05,29219.16,0
1780541100000,1773.05,1777.99,1764.84,1766.1,66255.8,0
1780542000000,1766.1,1797.43,1765.65,1792.71,72318.34,0
1780542900000,1792.71,1800.65,1792.28,1794.22,27293.93,0
1780543800000,1794.22,1812.88,1793.67,1807.87,61688.27,0
1780544700000,1807.87,1811.59,1805.22,1808.57,14578.94,0
1780545600000,1808.57,1816.59,1807.06,1813.14,23303.35,0
1780546500000,1813.14,1817.4,1808.16,1809.99,11996.85,0
1780547400000,1809.99,1812.11,1802.47,1806.43,20320.77,0
1780548300000,1806.43,1807.15,1801.52,1804.66,22743.38,0
1780549200000,1804.66,1804.66,1780.83,1791.55,45122.88,0
1780550100000,1791.55,1794.0,1782.62,1783.36,38071.54,0
1780551000000,1783.36,1793.91,1778.5,1792.94,20565.47,0
1780551900000,1792.94,1793.21,1780.11,1783.1,12014.04,0
1780552800000,1783.1,1790.0,1781.0,1789.66,11113.1,0
1780553700000,1789.66,1800.77,1787.63,1796.7,21574.82,0
1780554600000,1796.7,1800.71,1790.09,1797.2,10994.5,0
1780555500000,1797.2,1797.2,1785.89,1789.05,9646.82,0
1780556400000,1789.05,1789.99,1775.4,1782.4,21764.21,0
1780557300000,1782.4,1783.54,1772.39,1776.93,23175.33,0
1780558200000,1776.93,1786.33,1776.37,1783.38,11462.19,0
1780559100000,1783.38,1784.24,1775.74,1776.32,9882.15,0
1780560000000,1776.32,1782.44,1765.91,1766.76,22465.95,0
1780560900000,1766.76,1773.57,1762.82,1770.75,21753.29,0
1780561800000,1770.75,1777.99,1765.81,1768.04,13321.4,0
1780562700000,1768.04,1776.73,1767.6,1772.47,15750.53,0
1780563600000,1772.47,1773.16,1757.25,1760.18,21240.13,0
1780564500000,1760.18,1760.87,1745.51,1748.31,43516.97,0
1780565400000,1748.31,1753.0,1743.45,1751.75,27627.66,0
1780566300000,1751.75,1765.77,1751.42,1765.52,26529.73,0
1780567200000,1765.52,1766.44,1752.16,1754.95,18002.68,0
1780568100000,1754.95,1760.17,1750.29,1753.93,15771.65,0
1780569000000,1753.93,1762.65,1750.76,1751.69,24349.54,0
1780569900000,1751.69,1753.01,1728.75,1736.01,111234.58,0
1780570800000,1736.01,1743.57,1731.53,1735.32,28680.43,0
1780571700000,1735.32,1751.33,1733.8,1747.07,20252.44,0
1780572600000,1747.07,1753.91,1736.26,1740.16,31828.99,0
1780573500000,1740.16,1751.05,1740.16,1750.48,14759.41,0
1780574400000,1750.48,1757.08,1743.25,1746.15,18722.79,0
1780575300000,1746.15,1768.0,1745.76,1766.84,37003.9,0
1780576200000,1766.84,1781.76,1764.33,1774.02,35477.52,0
1780577100000,1774.02,1781.75,1770.69,1777.35,25126.17,0
1780578000000,1777.35,1779.63,1772.23,1772.25,14817.74,0
1780578900000,1772.25,1774.37,1754.63,1762.25,28264.92,0
1780579800000,1762.25,1789.58,1761.06,1777.58,62091.69,0
1780580700000,1777.58,1786.2,1773.75,1784.83,14141.61,0
1780581600000,1784.83,1794.5,1776.88,1788.32,19106.0,0
1780582500000,1788.32,1790.6,1779.12,1781.08,12311.63,0
1780583400000,1781.08,1781.27,1768.83,1771.33,30056.51,0
1780584300000,1771.33,1774.77,1765.0,1773.55,12163.09,0
1780585200000,1773.55,1790.86,1770.03,1788.02,34172.54,0
1780586100000,1788.02,1789.5,1772.37,1778.07,13806.22,0
1780587000000,1778.07,1779.76,1773.24,1774.24,8383.24,0
1780587900000,1774.24,1779.47,1769.49,1776.0,11171.16,0
1780588800000,1776.0,1777.58,1770.05,1771.41,8347.33,0
1780589700000,1771.41,1777.34,1768.01,1769.42,14048.17,0
1780590600000,1769.42,1778.5,1765.11,1777.01,14367.37,0
1780591500000,1777.01,1780.65,1767.74,1771.28,8532.73,0
1780592400000,1771.28,1775.27,1767.66,1771.63,7620.93,0
1780593300000,1771.63,1771.83,1761.22,1763.68,16563.0,0
1780594200000,1763.68,1765.32,1752.76,1757.13,17373.77,0
1780595100000,1757.13,1774.13,1753.4,1766.81,23690.08,0
1780596000000,1766.81,1769.01,1758.79,1759.48,9350.1,0
1780596900000,1759.48,1779.22,1759.46,1778.66,22059.39,0
1780597800000,1778.66,1783.16,1772.01,1773.85,19037.51,0
1780598700000,1773.85,1780.94,1771.29,1775.34,22254.4,0
1780599600000,1775.34,1776.96,1770.09,1776.88,8354.18,0
1780600500000,1776.88,1786.93,1775.65,1783.96,17061.82,0
1780601400000,1783.96,1785.09,1776.46,1777.55,11728.14,0
1780602300000,1777.55,1778.51,1772.32,1775.97,9388.7,0
1780603200000,1775.97,1776.47,1763.31,1771.52,22872.76,0
1780604100000,1771.52,1774.22,1766.21,1769.39,9916.63,0
1780605000000,1769.39,1774.13,1768.46,1771.44,13325.39,0
1780605900000,1771.44,1774.2,1767.82,1773.8,7950.25,0
1780606800000,1773.8,1782.09,1771.58,1777.34,14433.04,0
1780607700000,1777.34,1777.97,1766.75,1768.96,5989.77,0
1780608600000,1768.96,1769.58,1755.46,1766.84,16395.07,0
1780609500000,1766.84,1768.51,1759.69,1760.06,5179.35,0
1780610400000,1760.06,1767.87,1751.9,1755.45,21188.57,0
1780611300000,1755.45,1761.87,1755.32,1758.72,5883.25,0
1780612200000,1758.72,1763.46,1751.22,1759.24,10016.73,0
1780613100000,1759.24,1769.54,1755.4,1767.54,15679.95,0
1780614000000,1767.54,1776.53,1766.43,1768.97,10689.23,0
1780614900000,1768.97,1769.24,1756.04,1760.08,10309.45,0
1780615800000,1760.08,1770.02,1759.36,1769.2,4790.08,0
1780616700000,1769.2,1772.01,1765.73,1769.77,8921.23,0
1780617600000,1769.77,1769.77,1762.2,1762.92,4691.01,0
1780618500000,1762.92,1772.46,1759.36,1771.88,9725.19,0
1780619400000,1771.88,1774.04,1766.36,1767.78,5130.42,0
1780620300000,1767.78,1771.39,1757.31,1758.37,8404.61,0
1780621200000,1758.37,1758.59,1745.03,1755.14,32371.06,0
1780622100000,1755.14,1758.46,1746.88,1754.56,11433.65,0
1780623000000,1754.56,1763.61,1751.02,1756.79,9252.71,0
1780623900000,1756.79,1756.92,1750.63,1752.15,14854.18,0
1780624800000,1752.15,1753.79,1741.23,1746.01,24401.61,0
1780625700000,1746.01,1749.74,1735.15,1735.31,22870.69,0
1780626600000,1735.31,1741.2,1726.2,1734.62,25824.03,0
1780627500000,1734.62,1739.35,1728.57,1729.11,21098.01,0
1780628400000,1729.11,1730.57,1720.62,1723.22,24126.39,0
1780629300000,1723.22,1738.51,1723.22,1729.32,16011.56,0
1780630200000,1729.32,1738.79,1727.54,1730.51,9992.99,0
1780631100000,1730.51,1734.96,1726.45,1728.74,10902.17,0
1780632000000,1728.74,1734.25,1716.53,1726.06,28216.2,0
1780632900000,1726.06,1735.8,1717.53,1735.71,28666.25,0
1780633800000,1735.71,1735.8,1727.01,1729.34,9264.64,0
1780634700000,1729.34,1745.38,1724.2,1743.71,22583.75,0
1780635600000,1743.71,1747.18,1731.0,1731.71,15623.24,0
1780636500000,1731.71,1737.6,1725.21,1734.28,28784.36,0
1780637400000,1734.28,1735.0,1696.58,1698.31,115497.64,0
1780638300000,1698.31,1702.97,1679.6,1683.21,85558.03,0
1780639200000,1683.21,1688.9,1665.8,1670.53,111303.63,0
1780640100000,1670.53,1675.8,1622.06,1643.81,207020.66,0
1780641000000,1643.81,1668.48,1641.93,1663.95,62948.92,0
1780641900000,1663.95,1665.45,1651.67,1655.46,34089.54,0
1780642800000,1655.46,1657.26,1632.26,1636.97,52326.53,0
1780643700000,1636.97,1662.74,1636.97,1656.75,40680.22,0
1780644600000,1656.75,1673.6,1652.27,1673.29,61462.63,0
1780645500000,1673.29,1679.08,1670.04,1677.98,44555.71,0
1780646400000,1677.98,1678.75,1666.04,1668.55,32226.01,0
1780647300000,1668.55,1672.93,1661.93,1672.24,26123.31,0
1780648200000,1672.24,1675.61,1665.83,1665.96,15926.28,0
1780649100000,1665.96,1668.51,1658.11,1662.85,24408.88,0
1780650000000,1662.85,1686.85,1661.67,1686.34,43692.17,0
1780650900000,1686.34,1689.27,1675.64,1684.1,32128.85,0
1780651800000,1684.1,1684.84,1676.08,1677.54,11902.53,0
1780652700000,1677.54,1684.81,1677.08,1681.84,12677.26,0
1780653600000,1681.84,1684.36,1671.22,1676.72,15075.82,0
1780654500000,1676.72,1677.45,1671.07,1675.94,12054.11,0
1780655400000,1675.94,1681.24,1671.51,1679.14,14725.82,0
1780656300000,1679.14,1679.15,1671.28,1675.8,8098.08,0
1780657200000,1675.8,1676.55,1666.75,1669.15,14804.0,0
1780658100000,1669.15,1680.8,1667.16,1676.91,23814.75,0
1780659000000,1676.91,1678.03,1666.32,1666.56,13879.62,0
1780659900000,1666.56,1670.46,1661.75,1662.16,18387.53,0
1780660800000,1662.16,1668.15,1650.77,1659.45,43849.37,0
1780661700000,1659.45,1671.0,1659.21,1663.27,22119.53,0
1780662600000,1663.27,1670.34,1644.7,1655.26,45850.29,0
1780663500000,1655.26,1658.4,1650.71,1655.92,15768.01,0
1780664400000,1655.92,1671.76,1655.59,1665.77,35141.21,0
1780665300000,1665.77,1673.58,1663.1,1664.4,32993.26,0
1780666200000,1664.4,1677.23,1651.14,1654.18,39955.77,0
1780667100000,1654.18,1655.94,1612.0,1613.64,126712.66,0
1780668000000,1613.64,1623.45,1589.98,1614.66,158603.0,0
1780668900000,1614.66,1621.77,1595.19,1602.3,52033.27,0
1780669800000,1602.3,1622.97,1595.13,1608.63,64844.11,0
1780670700000,1608.63,1617.39,1594.3,1599.81,52423.92,0
1780671600000,1599.81,1601.99,1578.12,1583.14,106853.02,0
1780672500000,1583.14,1603.56,1578.76,1593.58,59705.48,0
1780673400000,1593.58,1597.8,1570.82,1584.04,77209.01,0
1780674300000,1584.04,1588.46,1574.58,1582.27,36020.83,0
1780675200000,1582.27,1592.71,1546.16,1586.49,216382.24,0
1780676100000,1586.49,1608.32,1580.47,1593.15,163515.22,0
1780677000000,1593.15,1596.38,1578.11,1582.27,43511.34,0
1780677900000,1582.27,1611.72,1581.93,1607.76,50498.88,0
1780678800000,1607.76,1612.16,1594.07,1598.8,35237.95,0
1780679700000,1598.8,1599.49,1586.72,1588.36,35320.01,0
1780680600000,1588.36,1603.1,1587.12,1592.07,20016.12,0
1780681500000,1592.07,1594.58,1588.17,1593.33,15984.58,0
1780682400000,1593.33,1597.88,1587.6,1588.16,22135.23,0
1780683300000,1588.16,1589.27,1562.0,1564.2,60897.15,0
1780684200000,1564.2,1575.0,1552.85,1563.81,66780.24,0
1780685100000,1563.81,1565.17,1544.29,1551.97,96840.5,0
1780686000000,1551.97,1559.97,1541.37,1550.1,63182.65,0
1780686900000,1550.1,1560.62,1538.32,1559.85,48253.43,0
1780687800000,1559.85,1560.49,1544.38,1552.26,37912.16,0
1780688700000,1552.26,1579.6,1552.07,1572.9,73625.49,0
1780689600000,1572.9,1590.84,1556.32,1583.44,69553.21,0
1780690500000,1583.44,1600.54,1579.73,1594.1,47846.84,0
1780691400000,1594.1,1602.28,1589.52,1598.25,28952.99,0
1780692300000,1598.25,1607.8,1594.65,1602.85,27058.12,0
1780693200000,1602.85,1614.94,1601.47,1612.5,30500.85,0
1780694100000,1612.5,1615.77,1606.76,1610.63,37768.46,0
1780695000000,1610.63,1615.96,1606.56,1613.16,16121.69,0
1780695900000,1613.16,1619.28,1608.44,1609.13,24589.3,0
1780696800000,1609.13,1609.72,1585.61,1593.36,73330.3,0
1780697700000,1593.36,1603.07,1590.17,1593.93,68595.0,0
1780698600000,1593.93,1604.78,1591.01,1598.43,27099.43,0
1780699500000,1598.43,1602.24,1591.63,1596.64,29173.24,0
1780700400000,1596.64,1603.46,1591.42,1591.7,24933.57,0
1780701300000,1591.7,1592.04,1567.98,1573.53,68187.76,0
1780702200000,1573.53,1574.59,1559.78,1570.97,31068.85,0
1780703100000,1570.97,1583.23,1567.02,1582.41,22630.51,0
1780704000000,1582.41,1600.35,1581.7,1597.64,30270.21,0
1780704900000,1597.64,1599.82,1589.29,1594.64,11631.54,0
1780705800000,1594.64,1598.8,1591.08,1592.35,12433.55,0
1780706700000,1592.35,1597.68,1590.32,1592.09,23540.91,0
1780707600000,1592.09,1596.16,1583.85,1584.55,8925.08,0
1780708500000,1584.55,1592.62,1577.18,1591.86,19677.41,0
1780709400000,1591.86,1591.86,1581.6,1583.49,6967.49,0
1780710300000,1583.49,1587.26,1578.9,1582.24,11274.27,0
1780711200000,1582.24,1582.54,1574.58,1574.85,16980.93,0
1780712100000,1574.85,1577.94,1565.65,1571.91,20743.12,0
1780713000000,1571.91,1580.33,1569.97,1575.78,12019.48,0
1780713900000,1575.78,1584.88,1573.65,1575.18,12761.93,0
1780714800000,1575.18,1575.52,1567.26,1569.96,17865.15,0
1780715700000,1569.96,1571.54,1561.51,1565.53,18464.64,0
1780716600000,1565.53,1565.63,1553.55,1561.45,29356.11,0
1780717500000,1561.45,1567.04,1558.04,1562.3,29239.51,0
1780718400000,1562.3,1568.63,1537.01,1540.24,83728.86,0
1780719300000,1540.24,1547.09,1526.29,1532.38,94679.33,0
1780720200000,1532.38,1533.99,1508.08,1518.9,92740.24,0
1780721100000,1518.9,1529.14,1514.12,1521.12,47938.29,0
1780722000000,1521.12,1529.04,1504.0,1517.58,63714.51,0
1780722900000,1517.58,1564.7,1516.25,1548.76,140821.11,0
1780723800000,1548.76,1564.03,1548.23,1559.84,96284.57,0
1780724700000,1559.84,1569.83,1557.0,1566.2,84107.05,0
1780725600000,1566.2,1579.92,1566.14,1575.73,59064.8,0
1780726500000,1575.73,1581.42,1570.79,1574.01,36979.61,0
1780727400000,1574.01,1578.57,1562.64,1562.79,30531.05,0
1780728300000,1562.79,1566.33,1555.13,1559.2,42496.91,0
1780729200000,1559.2,1574.99,1555.44,1574.02,41814.15,0
1780730100000,1574.02,1579.83,1565.53,1567.43,29048.38,0
1780731000000,1567.43,1577.07,1566.6,1576.27,13703.23,0
1780731900000,1576.27,1577.74,1573.92,1574.62,8723.37,0
1780732800000,1574.62,1578.47,1569.42,1577.64,10722.96,0
1780733700000,1577.64,1588.0,1572.55,1585.17,22845.67,0
1780734600000,1585.17,1592.67,1582.48,1586.91,25102.76,0
1780735500000,1586.91,1587.6,1580.5,1581.84,10033.5,0
1780736400000,1581.84,1586.56,1576.47,1580.28,13664.65,0
1780737300000,1580.28,1586.9,1576.0,1586.44,8309.2,0
1780738200000,1586.44,1588.37,1577.46,1578.58,10703.71,0
1780739100000,1578.58,1579.92,1564.35,1569.85,44604.59,0
1780740000000,1569.85,1569.86,1554.0,1555.46,37991.53,0
1780740900000,1555.46,1560.69,1550.94,1553.47,25177.74,0
1780741800000,1553.47,1554.28,1535.18,1543.29,98748.86,0
1780742700000,1543.29,1548.64,1534.08,1547.11,44305.77,0
1780743600000,1547.11,1556.59,1546.29,1553.49,22587.93,0
1780744500000,1553.49,1564.1,1552.1,1563.11,31924.66,0
1780745400000,1563.11,1565.38,1558.33,1559.77,11802.69,0
1780746300000,1559.77,1566.43,1555.06,1557.95,9795.86,0
1780747200000,1557.95,1564.8,1557.47,1562.66,25244.6,0
1780748100000,1562.66,1564.24,1553.67,1553.89,35320.96,0
1780749000000,1553.89,1562.96,1550.57,1561.7,17427.39,0
1780749900000,1561.7,1575.0,1559.6,1570.83,37154.54,0
1780750800000,1570.83,1572.61,1566.24,1567.26,8787.75,0
1780751700000,1567.26,1571.08,1561.05,1561.38,8410.74,0
1780752600000,1561.38,1563.27,1553.4,1563.08,18730.0,0
1780753500000,1563.08,1567.6,1554.93,1556.47,10908.74,0
1780754400000,1556.47,1563.49,1555.43,1560.56,11173.23,0
1780755300000,1560.56,1565.89,1556.99,1560.22,11701.76,0
1780756200000,1560.22,1565.0,1557.74,1562.87,8603.81,0
1780757100000,1562.87,1566.1,1556.26,1557.05,6445.23,0
1780758000000,1557.05,1560.75,1548.2,1550.94,37610.49,0
1780758900000,1550.94,1556.87,1543.56,1554.86,23270.89,0
1780759800000,1554.86,1564.25,1552.05,1562.76,16411.89,0
1780760700000,1562.76,1565.33,1557.56,1559.6,9133.41,0
1780761600000,1559.6,1565.0,1556.16,1559.7,9262.38,0
1780762500000,1559.7,1560.92,1553.91,1555.45,10150.83,0
1780763400000,1555.45,1562.55,1551.58,1560.96,24342.31,0
1780764300000,1560.96,1565.88,1559.26,1562.91,16971.37,0
1780765200000,1562.91,1566.41,1557.21,1561.62,8919.22,0
1780766100000,1561.62,1562.5,1555.81,1559.02,9553.75,0
1780767000000,1559.02,1564.07,1550.55,1555.12,18198.7,0
1780767900000,1555.12,1556.81,1545.56,1552.31,37779.91,0
1780768800000,1552.31,1554.77,1548.73,1550.81,7086.7,0
1780769700000,1550.81,1565.4,1549.55,1562.96,34777.1,0
1780770600000,1562.96,1562.96,1554.84,1556.51,6340.26,0
1780771500000,1556.51,1557.69,1551.75,1555.72,5810.05,0
1780772400000,1555.72,1563.42,1553.73,1559.57,14813.74,0
1780773300000,1559.57,1559.57,1554.88,1555.19,5011.67,0
1780774200000,1555.19,1556.23,1552.57,1554.28,3836.6,0
1780775100000,1554.28,1557.57,1553.42,1553.69,3958.0,0
1780776000000,1553.69,1555.11,1550.07,1552.18,10688.66,0
1780776900000,1552.18,1554.23,1549.97,1551.74,6270.55,0
1780777800000,1551.74,1558.8,1550.0,1558.54,14967.03,0
1780778700000,1558.54,1559.32,1554.52,1556.69,6609.2,0
1780779600000,1556.69,1562.17,1556.69,1559.99,5724.16,0
1780780500000,1559.99,1563.33,1558.3,1560.62,7181.17,0
1780781400000,1560.62,1564.34,1559.2,1560.31,2927.32,0
1780782300000,1560.31,1561.66,1556.88,1557.12,2995.79,0
1780783200000,1557.12,1559.99,1552.24,1554.86,11121.87,0
1780784100000,1554.86,1561.08,1550.46,1552.36,8850.31,0
1780785000000,1552.36,1557.2,1551.98,1556.63,4782.47,0
1780785900000,1556.63,1560.93,1556.61,1557.36,6990.63,0
1780786800000,1557.36,1563.28,1557.03,1561.68,6634.7,0
1780787700000,1561.68,1561.69,1555.88,1559.56,3240.3,0
1780788600000,1559.56,1568.55,1559.2,1567.1,22210.92,0
1780789500000,1567.1,1569.68,1565.82,1568.82,19735.73,0
1780790400000,1568.82,1571.73,1564.7,1565.29,9473.77,0
1780791300000,1565.29,1568.77,1563.09,1565.76,7226.54,0
1780792200000,1565.76,1571.16,1564.49,1564.78,5260.58,0
1780793100000,1564.78,1566.62,1564.01,1564.19,3662.45,0
1780794000000,1564.19,1587.6,1563.34,1585.96,53320.72,0
1780794900000,1585.96,1596.06,1582.59,1595.32,34041.51,0
1780795800000,1595.32,1595.63,1584.66,1588.08,16166.13,0
1780796700000,1588.08,1591.36,1584.26,1589.33,10390.07,0
1780797600000,1589.33,1592.68,1586.56,1588.65,7499.25,0
1780798500000,1588.65,1588.79,1581.53,1584.33,11050.96,0
1780799400000,1584.33,1585.88,1581.2,1585.78,8622.28,0
1780800300000,1585.78,1594.26,1585.47,1591.71,15804.77,0
1780801200000,1591.71,1592.75,1588.58,1592.56,5843.83,0
1780802100000,1592.56,1599.77,1590.17,1595.0,20608.44,0
1780803000000,1595.0,1597.0,1589.68,1593.61,5556.74,0
1780803900000,1593.61,1594.35,1590.8,1593.86,6219.83,0
1780804800000,1593.86,1594.78,1586.63,1588.41,7228.53,0
1780805700000,1588.41,1590.28,1583.62,1585.68,7576.11,0
1780806600000,1585.68,1598.66,1585.25,1595.0,11312.86,0
1780807500000,1595.0,1597.29,1592.88,1596.01,10216.02,0
1780808400000,1596.01,1606.73,1592.25,1599.18,24834.85,0
1780809300000,1599.18,1609.0,1596.82,1602.72,29893.65,0
1780810200000,1602.72,1607.55,1599.0,1607.08,13488.7,0
1780811100000,1607.08,1607.19,1601.4,1602.8,7707.67,0
1780812000000,1602.8,1603.58,1597.2,1599.32,8438.41,0
1780812900000,1599.32,1622.32,1597.47,1617.3,57576.63,0
1780813800000,1617.3,1622.94,1612.06,1613.33,38555.82,0
1780814700000,1613.33,1615.21,1609.53,1610.73,17763.06,0
1780815600000,1610.73,1614.28,1606.14,1609.14,21174.98,0
1780816500000,1609.14,1613.03,1607.47,1612.71,7924.2,0
1780817400000,1612.71,1614.8,1609.5,1611.53,7339.77,0
1780818300000,1611.53,1616.05,1610.21,1614.41,9593.45,0
1780819200000,1614.41,1615.45,1607.64,1612.31,9513.84,0
1780820100000,1612.31,1618.27,1609.21,1617.4,12492.57,0
1780821000000,1617.4,1621.54,1614.56,1621.0,17453.41,0
1780821900000,1621.0,1642.78,1620.91,1640.4,87559.8,0
1780822800000,1640.4,1642.37,1635.79,1642.09,15471.76,0
1780823700000,1642.09,1648.24,1635.46,1640.74,33297.14,0
1780824600000,1640.74,1640.88,1631.95,1633.27,12281.79,0
1780825500000,1633.27,1635.79,1627.42,1632.44,16609.37,0
1780826400000,1632.44,1633.94,1626.7,1627.9,8086.06,0
1780827300000,1627.9,1634.91,1627.5,1632.44,7472.93,0
1780828200000,1632.44,1634.76,1627.45,1629.17,6023.87,0
1780829100000,1629.17,1629.18,1623.76,1624.89,13278.06,0
1780830000000,1624.89,1627.14,1621.3,1625.73,12637.93,0
1780830900000,1625.73,1629.97,1624.62,1627.45,9693.62,0
1780831800000,1627.45,1633.11,1625.0,1631.75,10667.97,0
1780832700000,1631.75,1633.15,1628.25,1629.26,5270.6,0
1780833600000,1629.26,1630.27,1608.0,1611.95,39594.51,0
1780834500000,1611.95,1617.65,1607.66,1609.97,46305.36,0
1780835400000,1609.97,1617.22,1605.5,1615.16,45436.2,0
1780836300000,1615.16,1621.39,1614.7,1619.02,14990.66,0
1780837200000,1619.02,1620.49,1612.02,1619.55,20323.66,0
1780838100000,1619.55,1622.49,1614.39,1620.22,10675.62,0
1780839000000,1620.22,1621.53,1614.31,1616.37,8500.06,0
1780839900000,1616.37,1618.73,1613.91,1616.35,4289.24,0
1780840800000,1616.35,1620.11,1615.78,1617.62,7257.96,0
1780841700000,1617.62,1633.11,1616.49,1629.53,32935.28,0
1780842600000,1629.53,1639.44,1623.9,1625.43,32836.65,0
1780843500000,1625.43,1627.89,1620.66,1627.01,9545.69,0
1780844400000,1627.01,1627.32,1619.76,1626.15,12022.21,0
1780845300000,1626.15,1631.99,1622.18,1631.17,10310.94,0
1780846200000,1631.17,1635.45,1628.92,1631.83,13681.14,0
1780847100000,1631.83,1632.16,1625.97,1629.17,8273.67,0
1780848000000,1629.17,1630.16,1621.52,1629.3,15931.25,0
1780848900000,1629.3,1632.0,1626.12,1627.14,8083.17,0
1780849800000,1627.14,1631.22,1626.4,1628.6,6271.88,0
1780850700000,1628.6,1632.65,1624.72,1627.69,6130.16,0
1780851600000,1627.69,1636.0,1626.71,1634.31,7704.66,0
1780852500000,1634.31,1636.63,1631.78,1634.12,9695.89,0
1780853400000,1634.12,1637.0,1631.9,1632.5,6251.91,0
1780854300000,1632.5,1632.63,1627.69,1630.17,6991.56,0
1780855200000,1630.17,1634.59,1629.25,1633.72,3208.37,0
1780856100000,1633.72,1634.08,1627.29,1632.14,6131.87,0
1780857000000,1632.14,1635.77,1631.85,1633.26,9859.75,0
1780857900000,1633.26,1634.99,1628.33,1629.29,4330.97,0
1780858800000,1629.29,1629.45,1612.32,1615.48,33789.17,0
1780859700000,1615.48,1615.48,1601.09,1610.0,60624.45,0
1780860600000,1610.0,1610.8,1605.82,1606.84,15170.33,0
1780861500000,1606.84,1616.83,1604.34,1611.94,48570.22,0
1780862400000,1611.94,1622.0,1608.18,1619.91,18534.66,0
1780863300000,1619.91,1630.88,1617.17,1623.87,18191.11,0
1780864200000,1623.87,1626.21,1621.57,1623.63,6699.88,0
1780865100000,1623.63,1629.94,1623.24,1627.07,6522.71,0
1780866000000,1627.07,1631.8,1622.61,1629.99,7403.28,0
1780866900000,1629.99,1631.06,1626.0,1627.42,6696.86,0
1780867800000,1627.42,1629.53,1624.08,1624.75,4493.48,0
1780868700000,1624.75,1634.0,1624.75,1633.9,13731.54,0
1780869600000,1633.9,1710.16,1628.03,1703.69,145405.35,0
1780870500000,1703.69,1721.2,1668.55,1675.31,200238.85,0
1780871400000,1675.31,1688.72,1668.85,1681.02,52979.41,0
1780872300000,1681.02,1686.28,1670.6,1671.7,25467.98,0
1780873200000,1671.7,1680.47,1669.81,1679.28,24119.65,0
1780874100000,1679.28,1684.64,1671.35,1684.05,17744.9,0
1780875000000,1684.05,1684.51,1678.02,1683.47,8943.18,0
1780875900000,1683.47,1691.08,1678.58,1689.76,72096.51,0
1780876800000,1689.76,1691.37,1682.5,1685.97,35793.64,0
1780877700000,1685.97,1697.77,1683.01,1697.64,40677.08,0
1780878600000,1697.64,1711.35,1694.14,1702.08,52933.4,0
1780879500000,1702.08,1707.52,1692.47,1696.73,36374.43,0
1780880400000,1696.73,1699.33,1682.15,1682.31,42686.85,0
1780881300000,1682.31,1682.99,1671.71,1673.44,35308.53,0
1780882200000,1673.44,1682.94,1669.83,1682.0,20123.08,0
1780883100000,1682.0,1687.31,1678.69,1686.15,11063.23,0
1780884000000,1686.15,1688.43,1679.39,1684.43,11176.76,0
1780884900000,1684.43,1687.12,1678.23,1684.07,8342.69,0
1780885800000,1684.07,1685.98,1676.71,1682.9,17339.64,0
1780886700000,1682.9,1684.05,1678.45,1682.91,12224.03,0
1780887600000,1682.91,1691.57,1677.64,1686.95,27655.71,0
1780888500000,1686.95,1687.73,1679.29,1679.86,14412.12,0
1780889400000,1679.86,1682.32,1676.07,1677.5,10342.57,0
1780890300000,1677.5,1679.32,1675.68,1678.88,6799.46,0
1780891200000,1678.88,1680.0,1663.48,1668.27,39682.88,0
1780892100000,1668.27,1669.06,1661.08,1665.58,10872.51,0
1780893000000,1665.58,1667.1,1653.91,1656.14,25816.14,0
1780893900000,1656.14,1663.43,1655.41,1655.89,12467.64,0
1780894800000,1655.89,1658.88,1646.98,1647.83,29995.61,0
1780895700000,1647.83,1657.25,1645.52,1655.7,31991.99,0
1780896600000,1655.7,1655.85,1643.74,1646.29,16291.33,0
1780897500000,1646.29,1652.99,1645.85,1652.65,14762.96,0
1780898400000,1652.65,1663.77,1651.64,1662.77,61647.79,0
1780899300000,1662.77,1669.2,1660.07,1667.03,21903.68,0
1780900200000,1667.03,1667.26,1661.63,1666.06,10896.16,0
1780901100000,1666.06,1666.96,1662.88,1665.83,6341.45,0
1780902000000,1665.83,1671.66,1660.84,1667.88,14859.62,0
1780902900000,1667.88,1675.98,1664.68,1672.94,21532.46,0
1780903800000,1672.94,1678.45,1670.84,1671.58,39664.02,0
1780904700000,1671.58,1677.17,1670.9,1672.82,27494.37,0
1780905600000,1672.82,1672.82,1664.55,1668.65,19870.41,0
1780906500000,1668.65,1669.59,1661.67,1666.45,12384.45,0
1780907400000,1666.45,1669.17,1662.16,1664.61,6518.41,0
1780908300000,1664.61,1664.99,1657.49,1660.47,14257.89,0
1780909200000,1660.47,1665.47,1656.67,1664.4,10339.4,0
1780910100000,1664.4,1671.0,1661.15,1661.89,13262.42,0
1780911000000,1661.89,1666.55,1655.99,1662.28,26086.2,0
1780911900000,1662.28,1671.45,1661.49,1670.11,23676.11,0
1780912800000,1670.11,1671.98,1666.42,1669.05,11936.28,0
1780913700000,1669.05,1669.75,1662.76,1664.76,15106.03,0
1780914600000,1664.76,1676.22,1662.29,1670.82,40075.97,0
1780915500000,1670.82,1672.5,1668.43,1671.74,9216.98,0
1780916400000,1671.74,1681.88,1666.96,1680.65,32109.7,0
1780917300000,1680.65,1695.46,1679.66,1688.13,78693.13,0
1780918200000,1688.13,1696.26,1684.24,1687.93,24840.19,0
1780919100000,1687.93,1688.74,1681.06,1683.02,18780.3,0
1780920000000,1683.02,1688.83,1666.04,1667.31,86879.27,0
1780920900000,1667.31,1678.8,1667.07,1678.7,25835.21,0
1780921800000,1678.7,1695.84,1677.25,1691.81,41059.0,0
1780922700000,1691.81,1698.73,1686.8,1694.57,29416.18,0
1780923600000,1694.57,1695.54,1688.98,1691.14,25073.82,0
1780924500000,1691.14,1696.36,1685.63,1687.96,28544.7,0
1780925400000,1687.96,1691.83,1679.83,1682.04,38586.96,0
1780926300000,1682.04,1688.84,1677.48,1680.67,24445.58,0
1780927200000,1680.67,1688.48,1675.28,1686.26,21068.53,0
1780928100000,1686.26,1686.64,1679.46,1683.5,16902.72,0
1780929000000,1683.5,1688.91,1681.16,1685.49,16309.06,0
1780929900000,1685.49,1693.91,1682.48,1690.56,29946.88,0
1780930800000,1690.56,1705.0,1689.86,1703.51,50131.71,0
1780931700000,1703.51,1705.76,1693.49,1695.08,27000.26,0
1780932600000,1695.08,1695.47,1688.85,1693.27,34033.08,0
1780933500000,1693.27,1701.37,1687.31,1690.63,41715.85,0
1780934400000,1690.63,1697.57,1686.48,1694.26,11399.85,0
1780935300000,1694.26,1703.0,1694.16,1696.64,22513.64,0
1780936200000,1696.64,1696.98,1689.45,1691.97,22598.03,0
1780937100000,1691.97,1692.46,1681.0,1681.47,40898.31,0
1780938000000,1681.47,1683.29,1674.28,1677.76,59263.98,0
1780938900000,1677.76,1687.2,1677.72,1685.58,45462.31,0
1780939800000,1685.58,1685.77,1676.41,1679.62,12667.23,0
1780940700000,1679.62,1685.9,1679.4,1685.69,13694.98,0
1780941600000,1685.69,1691.76,1684.83,1686.98,13348.83,0
1780942500000,1686.98,1687.94,1683.7,1687.2,5179.65,0
1780943400000,1687.2,1689.36,1680.08,1682.5,6887.87,0
1780944300000,1682.5,1685.92,1677.53,1683.69,6230.83,0
1780945200000,1683.69,1687.89,1680.11,1683.12,8057.43,0
1780946100000,1683.12,1689.76,1680.56,1686.4,15020.99,0
1780947000000,1686.4,1689.35,1683.66,1687.96,9438.62,0
1780947900000,1687.96,1690.09,1681.46,1683.65,12763.65,0
1780948800000,1683.65,1687.71,1680.0,1681.82,8710.63,0
1780949700000,1681.82,1684.98,1677.71,1678.49,26955.66,0
1780950600000,1678.49,1687.93,1677.83,1685.65,10772.0,0
1780951500000,1685.65,1688.59,1684.61,1688.58,4645.2,0
1780952400000,1688.58,1713.78,1688.58,1708.26,67694.51,0
1780953300000,1708.26,1712.07,1703.8,1708.75,10427.12,0
1780954200000,1708.75,1713.42,1706.7,1713.14,6531.58,0
1780955100000,1713.14,1713.33,1702.74,1702.74,8312.2,0
1780956000000,1702.74,1702.74,1689.63,1690.33,21797.46,0
1780956900000,1690.33,1696.07,1687.18,1694.2,27648.98,0
1780957800000,1694.2,1696.25,1690.91,1695.57,16830.76,0
1780958700000,1695.57,1703.14,1694.05,1702.47,7932.65,0
1780959600000,1702.47,1713.58,1701.38,1711.22,13063.05,0
1780960500000,1711.22,1711.39,1694.0,1696.74,27374.32,0
1780961400000,1696.74,1699.29,1692.27,1696.14,6292.65,0
1780962300000,1696.14,1696.14,1685.46,1688.92,39018.46,0
1780963200000,1688.92,1690.9,1682.49,1684.49,18120.29,0
1780964100000,1684.49,1695.48,1670.0,1674.45,65345.14,0
1780965000000,1674.45,1675.74,1663.02,1670.72,74520.65,0
1780965900000,1670.72,1670.75,1658.02,1661.94,53971.22,0
1780966800000,1661.94,1666.6,1657.1,1663.0,18175.55,0
1780967700000,1663.0,1672.62,1662.13,1668.85,18876.87,0
1780968600000,1668.85,1673.35,1666.33,1668.29,12341.75,0
1780969500000,1668.29,1671.36,1665.23,1667.65,9028.16,0
1780970400000,1667.65,1670.95,1665.96,1666.25,4336.2,0
1780971300000,1666.25,1666.43,1659.64,1664.36,10744.98,0
1780972200000,1664.36,1666.03,1652.97,1660.49,12652.2,0
1780973100000,1660.49,1667.44,1658.85,1667.05,6928.0,0
1780974000000,1667.05,1668.4,1664.1,1667.97,6763.06,0
1780974900000,1667.97,1670.66,1666.01,1667.73,15084.73,0
1780975800000,1667.73,1669.18,1662.9,1667.54,5591.61,0
1780976700000,1667.54,1669.34,1664.21,1668.48,9030.18,0
1780977600000,1668.48,1672.37,1663.89,1668.85,18669.49,0
1780978500000,1668.85,1669.33,1664.97,1665.17,3634.03,0
1780979400000,1665.17,1692.0,1663.44,1685.17,77352.24,0
1780980300000,1685.17,1696.07,1682.72,1685.79,35358.66,0
1780981200000,1685.79,1688.55,1680.69,1686.85,12907.39,0
1780982100000,1686.85,1691.19,1686.44,1687.36,12669.25,0
1780983000000,1687.36,1695.0,1686.21,1689.91,11182.17,0
1780983900000,1689.91,1691.87,1686.72,1687.55,6594.17,0
1780984800000,1687.55,1690.79,1684.98,1688.61,8677.6,0
1780985700000,1688.61,1694.89,1687.06,1691.77,9229.3,0
1780986600000,1691.77,1693.18,1686.71,1687.83,4732.49,0
1780987500000,1687.83,1690.13,1683.01,1685.33,8126.04,0
1780988400000,1685.33,1691.0,1685.33,1685.71,6259.18,0
1780989300000,1685.71,1689.53,1674.17,1674.98,45597.53,0
1780990200000,1674.98,1681.11,1674.98,1680.65,14530.92,0
1780991100000,1680.65,1681.18,1677.0,1679.11,5639.31,0
1780992000000,1679.11,1679.97,1666.99,1674.69,49837.55,0
1780992900000,1674.69,1676.69,1667.74,1674.27,19177.73,0
1780993800000,1674.27,1678.4,1672.72,1676.98,6830.72,0
1780994700000,1676.98,1678.2,1673.12,1674.18,5937.55,0
1780995600000,1674.18,1676.28,1671.82,1676.05,6640.33,0
1780996500000,1676.05,1679.68,1673.75,1673.75,14249.97,0
1780997400000,1673.75,1674.15,1662.39,1668.26,37847.82,0
1780998300000,1668.26,1670.31,1667.97,1669.38,6347.36,0
1780999200000,1669.38,1672.34,1665.37,1671.82,12020.93,0
1781000100000,1671.82,1673.86,1669.38,1672.24,6112.58,0
1781001000000,1672.24,1672.56,1667.93,1670.65,3144.29,0
1781001900000,1670.65,1676.69,1669.07,1673.43,21867.3,0
1781002800000,1673.43,1674.36,1667.5,1667.7,13838.32,0
1781003700000,1667.7,1669.48,1665.0,1667.75,9471.9,0
1781004600000,1667.75,1672.25,1666.55,1670.3,7372.38,0
1781005500000,1670.3,1673.0,1668.16,1670.81,7181.32,0
1781006400000,1670.81,1683.09,1670.01,1680.73,52235.87,0
1781007300000,1680.73,1681.11,1674.9,1676.14,6847.2,0
1781008200000,1676.14,1678.4,1673.06,1673.3,6561.41,0
1781009100000,1673.3,1677.34,1670.65,1676.09,9903.56,0
1781010000000,1676.09,1679.91,1674.1,1674.97,7004.93,0
1781010900000,1674.97,1676.27,1666.34,1669.68,22654.13,0
1781011800000,1669.68,1674.94,1663.05,1672.49,22441.26,0
1781012700000,1672.49,1677.7,1665.53,1665.96,14573.02,0
1781013600000,1665.96,1670.44,1655.68,1656.03,35306.35,0
1781014500000,1656.03,1658.87,1637.17,1638.52,83482.3,0
1781015400000,1638.52,1645.33,1634.0,1635.99,59791.31,0
1781016300000,1635.99,1645.0,1632.0,1644.77,36342.29,0
1781017200000,1644.77,1652.89,1640.04,1650.2,23458.16,0
1781018100000,1650.2,1652.0,1638.11,1638.68,23364.34,0
1781019000000,1638.68,1643.91,1636.1,1640.14,21407.85,0
1781019900000,1640.14,1643.6,1633.39,1635.32,25795.08,0
1781020800000,1635.32,1638.61,1624.31,1628.43,52381.25,0
1781021700000,1628.43,1632.36,1621.2,1629.53,23937.61,0
1781022600000,1629.53,1634.71,1612.0,1627.8,79706.37,0
1781023500000,1627.8,1634.71,1623.56,1631.56,45357.08,0
1781024400000,1631.56,1645.61,1631.43,1640.75,56268.7,0
1781025300000,1640.75,1649.22,1640.0,1644.27,35382.95,0
1781026200000,1644.27,1648.37,1641.89,1643.08,12514.02,0
1781027100000,1643.08,1645.41,1638.48,1642.17,25161.11,0
1781028000000,1642.17,1646.89,1638.5,1644.67,32988.0,0
1781028900000,1644.67,1655.0,1643.64,1648.2,44373.53,0
1781029800000,1648.2,1652.77,1646.05,1646.28,9869.76,0
1781030700000,1646.28,1653.0,1646.27,1651.66,6760.15,0
1781031600000,1651.66,1654.58,1648.0,1648.7,5004.31,0
1781032500000,1648.7,1652.54,1647.35,1651.82,6585.72,0
1781033400000,1651.82,1658.0,1645.99,1651.84,24385.22,0
1781034300000,1651.84,1658.38,1646.89,1656.79,19559.91,0
1781035200000,1656.79,1661.71,1654.74,1661.53,18283.11,0
1781036100000,1661.53,1663.75,1655.0,1657.51,9345.69,0
1781037000000,1657.51,1661.94,1654.16,1659.76,7210.72,0
1781037900000,1659.76,1660.1,1657.31,1660.02,2909.99,0
1781038800000,1660.02,1661.09,1657.36,1658.98,4788.17,0
1781039700000,1658.98,1659.37,1650.2,1650.72,15360.61,0
1781040600000,1650.72,1652.68,1649.16,1650.13,4852.73,0
1781041500000,1650.13,1651.56,1646.0,1649.53,7920.95,0
1781042400000,1649.53,1651.45,1644.22,1651.15,15424.5,0
1781043300000,1651.15,1654.18,1646.35,1647.44,12549.32,0
1781044200000,1647.44,1649.98,1643.17,1644.95,9409.88,0
1781045100000,1644.95,1646.05,1638.5,1638.85,14723.47,0
1781046000000,1638.85,1640.8,1635.73,1638.19,15895.42,0
1781046900000,1638.19,1641.93,1633.98,1634.46,10586.0,0
1781047800000,1634.46,1636.4,1629.29,1636.31,15464.75,0
1781048700000,1636.31,1640.38,1634.95,1638.6,6657.47,0
1781049600000,1638.6,1644.05,1637.27,1641.76,7514.05,0
1781050500000,1641.76,1642.99,1637.97,1642.64,2731.17,0
1781051400000,1642.64,1643.31,1628.42,1631.36,15064.42,0
1781052300000,1631.36,1646.23,1630.03,1644.95,14996.2,0
1781053200000,1644.95,1646.26,1637.75,1641.92,7618.9,0
1781054100000,1641.92,1645.0,1639.18,1641.21,5382.08,0
1781055000000,1641.21,1642.9,1632.51,1634.3,5769.5,0
1781055900000,1634.3,1641.66,1633.31,1638.16,4815.17,0
1781056800000,1638.16,1641.85,1632.87,1633.16,6786.75,0
1781057700000,1633.16,1633.65,1624.05,1630.28,13970.02,0
1781058600000,1630.28,1631.78,1621.2,1624.43,12826.39,0
1781059500000,1624.43,1625.16,1620.38,1623.24,7711.63,0
1781060400000,1623.24,1629.12,1622.52,1627.1,10357.37,0
1781061300000,1627.1,1635.73,1625.1,1635.4,10536.62,0
1781062200000,1635.4,1635.56,1628.01,1630.02,7315.23,0
1781063100000,1630.02,1632.23,1628.04,1629.94,2139.26,0
1781064000000,1629.94,1630.65,1625.42,1629.34,6158.95,0
1781064900000,1629.34,1631.91,1628.03,1629.43,3204.46,0
1781065800000,1629.43,1629.43,1621.32,1623.21,8870.19,0
1781066700000,1623.21,1627.08,1621.99,1625.19,7182.87,0
1781067600000,1625.19,1626.78,1620.28,1621.43,7546.44,0
1781068500000,1621.43,1625.16,1615.04,1625.16,15374.76,0
1781069400000,1625.16,1626.09,1620.95,1624.4,4107.57,0
1781070300000,1624.4,1629.4,1621.36,1627.16,5221.13,0
1781071200000,1627.16,1629.87,1625.0,1627.92,4823.08,0
1781072100000,1627.92,1631.11,1626.39,1627.52,5549.59,0
1781073000000,1627.52,1632.4,1621.38,1630.55,9140.66,0
1781073900000,1630.55,1633.6,1628.91,1631.06,6796.55,0
1781074800000,1631.06,1634.4,1629.67,1632.98,5768.49,0
1781075700000,1632.98,1637.98,1632.14,1636.0,10215.14,0
1781076600000,1636.0,1643.11,1635.0,1640.31,16197.55,0
1781077500000,1640.31,1641.98,1637.01,1639.31,6159.32,0
1781078400000,1639.31,1640.17,1634.49,1635.78,10769.0,0
1781079300000,1635.78,1638.93,1631.53,1633.24,6203.36,0
1781080200000,1633.24,1635.0,1620.59,1620.89,34918.94,0
1781081100000,1620.89,1622.58,1616.58,1620.22,16361.78,0
1781082000000,1620.22,1622.58,1611.79,1612.75,17477.49,0
1781082900000,1612.75,1619.36,1604.0,1618.1,40749.19,0
1781083800000,1618.1,1622.8,1617.1,1620.21,10463.34,0
1781084700000,1620.21,1626.0,1615.69,1622.87,9534.55,0
1781085600000,1622.87,1623.29,1618.15,1619.74,7648.95,0
1781086500000,1619.74,1625.19,1617.11,1623.98,5985.3,0
1781087400000,1623.98,1628.64,1623.46,1625.36,7012.54,0
1781088300000,1625.36,1629.36,1624.11,1627.48,6647.94,0
1781089200000,1627.48,1629.52,1610.31,1620.68,50161.77,0
1781090100000,1620.68,1624.17,1611.51,1616.0,26660.47,0
1781091000000,1616.0,1621.0,1614.22,1619.14,10618.85,0
1781091900000,1619.14,1623.1,1617.9,1619.06,6094.06,0
1781092800000,1619.06,1624.32,1614.54,1622.65,13631.18,0
1781093700000,1622.65,1625.01,1619.2,1624.43,12487.0,0
1781094600000,1624.43,1644.99,1622.86,1638.46,103373.14,0
1781095500000,1638.46,1641.0,1634.52,1634.52,18110.31,0
1781096400000,1634.52,1636.12,1631.51,1633.18,12213.95,0
1781097300000,1633.18,1638.01,1629.94,1636.17,22956.62,0
1781098200000,1636.17,1667.35,1634.25,1666.1,109202.59,0
1781099100000,1666.1,1667.92,1649.48,1651.01,39290.73,0
1781100000000,1651.01,1654.96,1645.21,1646.22,27782.44,0
1781100900000,1646.22,1651.07,1641.28,1645.63,17474.97,0
1781101800000,1645.63,1648.64,1637.28,1642.29,39525.58,0
1781102700000,1642.29,1646.31,1636.22,1645.95,23753.8,0
1781103600000,1645.95,1652.83,1634.71,1638.53,29711.11,0
1781104500000,1638.53,1650.81,1635.26,1648.22,15361.7,0
1781105400000,1648.22,1654.51,1646.21,1653.97,12059.96,0
1781106300000,1653.97,1664.6,1641.19,1657.21,53136.55,0
1781107200000,1657.21,1658.44,1650.28,1650.89,21710.23,0
1781108100000,1650.89,1653.79,1641.81,1648.34,24112.52,0
1781109000000,1648.34,1651.49,1643.02,1644.01,14479.82,0
1781109900000,1644.01,1644.02,1631.21,1641.6,49740.56,0
1781110800000,1641.6,1646.9,1636.46,1638.84,29385.22,0
1781111700000,1638.84,1642.59,1625.49,1627.07,51706.04,0
1781112600000,1627.07,1631.77,1621.18,1623.32,44276.58,0
1781113500000,1623.32,1635.59,1622.37,1631.33,19824.33,0
1781114400000,1631.33,1634.9,1627.3,1629.97,10802.14,0
1781115300000,1629.97,1636.53,1625.72,1635.29,12877.09,0
1781116200000,1635.29,1635.29,1624.26,1625.67,13835.15,0
1781117100000,1625.67,1630.66,1621.29,1630.14,12629.75,0
1781118000000,1630.14,1632.39,1625.18,1625.98,7729.64,0
1781118900000,1625.98,1627.93,1622.0,1626.44,7822.41,0
1781119800000,1626.44,1632.96,1625.7,1631.25,7649.86,0
1781120700000,1631.25,1632.01,1624.52,1629.15,10936.59,0
1781121600000,1629.15,1629.43,1621.97,1625.85,14662.62,0
1781122500000,1625.85,1635.28,1622.6,1632.0,11762.94,0
1781123400000,1632.0,1632.24,1628.59,1628.59,6153.61,0
1781124300000,1628.59,1630.4,1624.7,1629.64,8000.43,0
1781125200000,1629.64,1629.64,1614.4,1617.84,23866.27,0
1781126100000,1617.84,1623.44,1614.59,1618.01,14021.05,0
1781127000000,1618.01,1624.14,1617.53,1623.27,6281.92,0
1781127900000,1623.27,1623.49,1602.47,1610.5,35903.92,0
1781128800000,1610.5,1612.32,1603.46,1610.07,18263.49,0
1781129700000,1610.07,1613.38,1603.36,1609.72,11158.06,0
1781130600000,1609.72,1621.61,1609.24,1619.77,18556.85,0
1781131500000,1619.77,1619.8,1615.53,1615.69,10203.64,0
1781132400000,1615.69,1616.46,1610.74,1611.62,7923.35,0
1781133300000,1611.62,1621.92,1608.26,1621.12,15428.01,0
1781134200000,1621.12,1624.72,1618.29,1622.31,8691.5,0
1781135100000,1622.31,1623.25,1619.44,1620.71,3903.95,0
1781136000000,1620.71,1626.65,1620.7,1625.29,8195.62,0
1781136900000,1625.29,1634.4,1625.29,1630.27,48703.77,0
1781137800000,1630.27,1631.05,1625.79,1626.9,8104.87,0
1781138700000,1626.9,1631.28,1626.55,1627.78,3621.35,0
1781139600000,1627.78,1639.46,1627.78,1637.22,19526.32,0
1781140500000,1637.22,1641.3,1636.14,1639.82,16404.72,0
1781141400000,1639.82,1647.27,1637.97,1643.86,25269.07,0
1781142300000,1643.86,1645.94,1641.3,1642.3,13410.71,0
1781143200000,1642.3,1644.06,1639.04,1639.86,12190.32,0
1781144100000,1639.86,1641.85,1633.89,1634.06,8420.29,0
1781145000000,1634.06,1635.38,1629.75,1634.4,8236.6,0
1781145900000,1634.4,1645.23,1632.24,1640.2,49299.36,0
1781146800000,1640.2,1643.01,1635.21,1636.93,19946.32,0
1781147700000,1636.93,1640.0,1635.78,1639.05,2818.27,0
1781148600000,1639.05,1651.0,1639.04,1645.17,41043.12,0
1781149500000,1645.17,1665.37,1644.73,1653.35,71911.83,0
1781150400000,1653.35,1654.28,1650.31,1651.56,14439.04,0
1781151300000,1651.56,1653.8,1650.07,1650.71,9016.56,0
1781152200000,1650.71,1656.76,1649.38,1655.24,8832.36,0
1781153100000,1655.24,1659.26,1654.76,1656.24,9236.47,0
1781154000000,1656.24,1656.61,1649.89,1650.56,22732.71,0
1781154900000,1650.56,1652.86,1646.84,1648.7,6446.61,0
1781155800000,1648.7,1651.38,1647.44,1651.1,3875.43,0
1781156700000,1651.1,1651.59,1647.04,1647.24,4316.86,0
1781157600000,1647.24,1657.87,1645.35,1656.38,19400.68,0
1781158500000,1656.38,1661.85,1656.38,1658.23,29664.49,0
1781159400000,1658.23,1662.49,1657.61,1659.63,7580.73,0
1781160300000,1659.63,1659.84,1653.83,1654.0,10048.63,0
1781161200000,1654.0,1654.72,1651.31,1653.39,7098.29,0
1781162100000,1653.39,1657.67,1653.03,1656.29,6165.49,0
1781163000000,1656.29,1657.5,1650.74,1652.13,7934.82,0
1781163900000,1652.13,1654.56,1652.11,1653.76,4493.85,0
1781164800000,1653.76,1659.16,1653.53,1657.65,5458.88,0
1781165700000,1657.65,1661.2,1656.08,1660.29,7290.6,0
1781166600000,1660.29,1662.9,1659.76,1660.07,13073.56,0
1781167500000,1660.07,1663.98,1658.4,1659.34,6569.68,0
1781168400000,1659.34,1660.86,1656.59,1658.05,8010.59,0
1781169300000,1658.05,1658.24,1655.07,1656.56,9978.48,0
1781170200000,1656.56,1660.22,1656.53,1659.29,10730.29,0
1781171100000,1659.29,1661.47,1658.12,1658.29,8667.24,0
1781172000000,1658.29,1659.69,1656.8,1657.2,8625.43,0
1781172900000,1657.2,1658.0,1653.5,1656.01,8790.53,0
1781173800000,1656.01,1658.3,1656.0,1656.2,4210.07,0
1781174700000,1656.2,1660.96,1656.0,1658.05,10644.47,0
1781175600000,1658.05,1661.65,1655.54,1661.64,28425.96,0
1781176500000,1661.64,1663.94,1658.8,1662.5,15628.88,0
1781177400000,1662.5,1666.08,1660.1,1661.85,12239.38,0
1781178300000,1661.85,1673.58,1661.6,1665.94,37704.57,0
1781179200000,1665.94,1666.13,1658.5,1660.47,18477.91,0
1781180100000,1660.47,1661.3,1645.13,1647.78,61480.92,0
1781181000000,1647.78,1653.28,1641.72,1651.62,46417.32,0
1781181900000,1651.62,1653.7,1648.56,1650.8,20617.36,0
1781182800000,1650.8,1650.92,1647.27,1648.77,5908.48,0
1781183700000,1648.77,1653.71,1646.44,1647.93,14942.19,0
1781184600000,1647.93,1652.16,1643.53,1650.05,15533.67,0
1781185500000,1650.05,1658.99,1649.31,1652.58,28422.69,0
1781186400000,1652.58,1654.46,1642.0,1643.64,14852.52,0
1781187300000,1643.64,1649.3,1637.12,1648.91,31573.8,0
1781188200000,1648.91,1652.99,1644.92,1650.35,11943.19,0
1781189100000,1650.35,1654.78,1642.0,1642.12,13598.21,0
1781190000000,1642.12,1647.86,1634.38,1644.21,33484.27,0
1781190900000,1644.21,1649.32,1642.24,1645.25,9437.06,0
1781191800000,1645.25,1650.56,1641.12,1643.8,10986.4,0
1781192700000,1643.8,1644.94,1640.03,1644.66,8625.3,0
1781193600000,1644.66,1648.64,1642.36,1648.64,6062.32,0
1781194500000,1648.64,1648.9,1638.48,1640.85,9520.82,0
1781195400000,1640.85,1647.48,1637.0,1642.21,12859.27,0
1781196300000,1642.21,1643.28,1638.26,1638.7,5121.84,0
1781197200000,1638.7,1640.95,1632.72,1635.77,33384.17,0
1781198100000,1635.77,1654.0,1631.69,1653.6,73578.16,0
1781199000000,1653.6,1682.76,1653.25,1676.87,150098.66,0
1781199900000,1676.87,1693.23,1673.11,1687.98,72486.31,0
1781200800000,1687.98,1691.42,1676.11,1682.91,33366.91,0
1781201700000,1682.91,1687.41,1675.8,1680.03,43833.4,0
1781202600000,1680.03,1686.44,1679.07,1686.13,11624.31,0
1781203500000,1686.13,1686.57,1682.47,1683.23,12870.22,0
1781204400000,1683.23,1685.77,1674.88,1677.96,19495.15,0
1781205300000,1677.96,1683.63,1677.15,1679.12,8844.88,0
1781206200000,1679.12,1692.86,1679.01,1685.5,42297.29,0
1781207100000,1685.5,1685.5,1679.84,1680.51,19337.97,0
1781208000000,1680.51,1682.46,1676.96,1678.47,13057.22,0
1781208900000,1678.47,1679.16,1667.79,1669.65,15360.15,0
1781209800000,1669.65,1672.24,1666.34,1667.62,11578.75,0
1781210700000,1667.62,1671.68,1667.26,1671.62,8046.84,0
1781211600000,1671.62,1683.19,1671.39,1680.79,9574.55,0
1781212500000,1680.79,1681.95,1677.12,1678.17,12334.82,0
1781213400000,1678.17,1680.49,1677.0,1679.56,4845.47,0
1781214300000,1679.56,1680.19,1675.16,1676.42,5847.43,0
1781215200000,1676.42,1682.33,1675.57,1680.22,6828.4,0
1781216100000,1680.22,1682.45,1674.71,1677.12,6603.26,0
1781217000000,1677.12,1681.24,1674.71,1675.31,4687.39,0
1781217900000,1675.31,1678.19,1674.32,1675.22,2475.98,0
1781218800000,1675.22,1675.22,1670.24,1672.47,6204.06,0
1781219700000,1672.47,1673.35,1669.35,1669.65,8155.48,0
1781220600000,1669.65,1678.49,1669.64,1676.02,8101.35,0
1781221500000,1676.02,1676.88,1671.17,1672.79,5420.92,0
1781222400000,1672.79,1677.2,1669.4,1675.12,5554.75,0
1781223300000,1675.12,1675.12,1668.44,1672.01,6932.38,0
1781224200000,1672.01,1676.66,1670.74,1673.84,3463.15,0
1781225100000,1673.84,1675.56,1671.78,1671.98,4137.48,0
1781226000000,1671.98,1672.0,1667.0,1668.37,12109.93,0
1781226900000,1668.37,1670.73,1658.19,1662.1,27375.26,0
1781227800000,1662.1,1664.8,1661.2,1663.94,13036.84,0
1781228700000,1663.94,1666.57,1663.71,1666.28,3981.58,0
1781229600000,1666.28,1677.12,1665.91,1674.69,15509.26,0
1781230500000,1674.69,1675.12,1671.0,1672.42,4370.81,0
1781231400000,1672.42,1677.74,1671.74,1676.65,4696.38,0
1781232300000,1676.65,1676.84,1673.99,1674.93,2967.21,0
1781233200000,1674.93,1676.0,1672.6,1673.09,3064.31,0
1781234100000,1673.09,1673.28,1668.0,1670.77,4838.95,0
1781235000000,1670.77,1673.54,1669.45,1671.0,3383.0,0
1781235900000,1671.0,1672.78,1670.22,1672.42,1745.11,0
1781236800000,1672.42,1672.58,1668.2,1669.51,2801.78,0
1781237700000,1669.51,1678.96,1669.5,1676.73,10869.84,0
1781238600000,1676.73,1681.2,1676.32,1677.84,8682.71,0
1781239500000,1677.84,1679.05,1676.34,1676.68,1856.34,0
1781240400000,1676.68,1677.06,1666.27,1666.8,12035.91,0
1781241300000,1666.8,1670.66,1666.62,1667.78,9518.83,0
1781242200000,1667.78,1668.81,1662.0,1663.7,14603.3,0
1781243100000,1663.7,1664.77,1661.17,1663.4,8356.13,0
1781244000000,1663.4,1665.89,1660.64,1661.69,12988.56,0
1781244900000,1661.69,1661.83,1656.95,1659.35,13775.76,0
1781245800000,1659.35,1659.35,1651.0,1653.94,20945.59,0
1781246700000,1653.94,1659.04,1653.76,1656.56,9476.72,0
1781247600000,1656.56,1660.43,1656.1,1656.2,6087.87,0
1781248500000,1656.2,1659.2,1655.14,1657.97,4430.09,0
1781249400000,1657.97,1660.6,1657.81,1659.63,5782.48,0
1781250300000,1659.63,1664.0,1658.59,1661.2,10681.43,0
1781251200000,1661.2,1667.66,1661.12,1666.5,11403.34,0
1781252100000,1666.5,1677.53,1666.1,1674.14,25892.67,0
1781253000000,1674.14,1674.99,1670.0,1670.3,8417.34,0
1781253900000,1670.3,1673.15,1669.0,1672.34,5272.98,0
1781254800000,1672.34,1674.73,1670.36,1674.58,5456.98,0
1781255700000,1674.58,1679.9,1674.3,1679.16,11451.21,0
1781256600000,1679.16,1683.19,1679.05,1681.64,17914.22,0
1781257500000,1681.64,1685.57,1679.26,1679.26,13235.18,0
1781258400000,1679.26,1682.6,1677.24,1678.81,8846.23,0
1781259300000,1678.81,1678.91,1670.86,1672.19,10508.47,0
1781260200000,1672.19,1676.45,1672.06,1674.28,6067.55,0
1781261100000,1674.28,1676.16,1673.21,1673.93,3934.94,0
1781262000000,1673.93,1677.43,1673.44,1675.47,4169.52,0
1781262900000,1675.47,1677.96,1673.39,1675.47,6357.61,0
1781263800000,1675.47,1675.47,1671.26,1674.46,4176.94,0
1781264700000,1674.46,1676.37,1673.0,1673.03,1855.58,0
1781265600000,1673.03,1673.03,1668.34,1670.19,8332.37,0
1781266500000,1670.19,1671.26,1665.62,1666.01,9771.22,0
1781267400000,1666.01,1669.44,1663.01,1665.18,8764.75,0
1781268300000,1665.18,1667.5,1661.59,1665.82,10113.16,0
1781269200000,1665.82,1667.2,1663.25,1666.51,10492.76,0
1781270100000,1666.51,1668.19,1662.71,1665.55,6789.28,0
1781271000000,1665.55,1666.63,1651.97,1656.05,35811.35,0
1781271900000,1656.05,1659.01,1653.16,1656.73,16731.4,0
1781272800000,1656.73,1668.48,1655.11,1665.64,24960.06,0
1781273700000,1665.64,1671.27,1661.45,1669.69,11168.19,0
1781274600000,1669.69,1676.22,1666.13,1668.02,16394.14,0
1781275500000,1668.02,1685.44,1666.18,1685.03,39396.82,0
1781276400000,1685.03,1690.74,1679.0,1689.52,47641.21,0
1781277300000,1689.52,1690.75,1681.35,1682.11,52081.23,0
1781278200000,1682.11,1682.31,1668.01,1670.71,84577.62,0
1781279100000,1670.71,1671.36,1657.01,1658.91,48368.23,0
1781280000000,1658.91,1673.84,1656.08,1670.43,54185.84,0
1781280900000,1670.43,1674.67,1665.28,1669.8,14139.92,0
1781281800000,1669.8,1675.02,1665.03,1667.84,11916.74,0
1781282700000,1667.84,1672.0,1665.86,1671.99,7268.66,0
1781283600000,1671.99,1677.36,1669.39,1670.76,11263.59,0
1781284500000,1670.76,1671.52,1666.34,1669.61,9314.64,0
1781285400000,1669.61,1671.41,1666.96,1668.12,5552.14,0
1781286300000,1668.12,1669.85,1666.84,1667.93,4321.82,0
1781287200000,1667.93,1670.83,1662.48,1666.77,14818.9,0
1781288100000,1666.77,1667.48,1662.5,1666.21,5617.14,0
1781289000000,1666.21,1672.75,1664.73,1670.84,12464.78,0
1781289900000,1670.84,1671.81,1665.45,1665.88,2921.22,0
1781290800000,1665.88,1669.42,1665.71,1668.26,2787.48,0
1781291700000,1668.26,1670.17,1666.64,1668.62,1535.72,0
1781292600000,1668.62,1671.92,1664.34,1665.74,6861.78,0
1781293500000,1665.74,1667.54,1663.75,1664.81,5648.9,0
1781294400000,1664.81,1667.11,1663.27,1666.61,4876.46,0
1781295300000,1666.61,1666.82,1664.21,1665.43,1621.78,0
1781296200000,1665.43,1666.6,1664.69,1665.23,2068.0,0
1781297100000,1665.23,1665.54,1660.91,1663.96,5695.57,0
1781298000000,1663.96,1667.22,1662.25,1666.07,4622.97,0
1781298900000,1666.07,1667.14,1665.12,1665.44,1500.49,0
1781299800000,1665.44,1666.48,1664.59,1664.95,1297.51,0
1781300700000,1664.95,1665.32,1662.24,1663.21,2702.04,0
1781301600000,1663.21,1664.37,1662.14,1663.26,2212.75,0
1781302500000,1663.26,1666.73,1662.31,1664.27,3074.23,0
1781303400000,1664.27,1665.15,1660.6,1661.58,4306.79,0
1781304300000,1661.58,1662.22,1660.3,1661.61,2724.77,0
1781305200000,1661.61,1662.17,1658.11,1660.47,4834.05,0
1781306100000,1660.47,1662.31,1659.46,1661.33,2202.95,0
1781307000000,1661.33,1664.5,1660.56,1662.16,2326.82,0
1781307900000,1662.16,1665.79,1662.16,1665.62,1871.15,0
1781308800000,1665.62,1667.29,1664.5,1667.13,2520.57,0
1781309700000,1667.13,1668.36,1665.65,1665.76,3051.79,0
1781310600000,1665.76,1668.37,1665.45,1666.39,2532.97,0
1781311500000,1666.39,1668.07,1664.87,1666.8,1874.9,0
1781312400000,1666.8,1670.4,1666.52,1668.21,3273.81,0
1781313300000,1668.21,1668.89,1665.87,1667.58,2221.02,0
1781314200000,1667.58,1675.83,1666.86,1671.81,16718.02,0
1781315100000,1671.81,1674.73,1671.79,1673.38,3087.11,0
1781316000000,1673.38,1673.8,1671.24,1671.79,2278.24,0
1781316900000,1671.79,1672.34,1669.0,1669.37,3033.34,0
1781317800000,1669.37,1669.82,1666.16,1666.44,3782.24,0
1781318700000,1666.44,1667.74,1664.07,1667.27,12891.05,0
1781319600000,1667.27,1668.8,1666.98,1667.08,3306.9,0
1781320500000,1667.08,1667.71,1661.93,1663.74,7679.82,0
1781321400000,1663.74,1664.64,1663.09,1664.42,1894.9,0
1781322300000,1664.42,1665.38,1664.04,1664.35,1702.83,0
1781323200000,1664.35,1665.51,1662.57,1663.62,1807.86,0
1781324100000,1663.62,1665.95,1662.4,1664.49,2625.16,0
1781325000000,1664.49,1667.6,1664.48,1666.47,2980.31,0
1781325900000,1666.47,1667.15,1663.37,1663.46,1574.96,0
1781326800000,1663.46,1664.56,1662.58,1663.47,2825.89,0
1781327700000,1663.47,1664.93,1662.48,1663.6,2595.57,0
1781328600000,1663.6,1664.81,1663.13,1663.51,1805.27,0
1781329500000,1663.51,1664.64,1661.22,1664.62,4717.84,0
1781330400000,1664.62,1665.55,1663.23,1663.72,2297.32,0
1781331300000,1663.72,1665.98,1663.0,1665.98,1551.55,0
1781332200000,1665.98,1666.81,1665.36,1666.36,1216.33,0
1781333100000,1666.36,1669.51,1666.36,1669.0,3268.29,0
1781334000000,1669.0,1670.0,1667.57,1668.8,3688.91,0
1781334900000,1668.8,1675.35,1667.77,1672.87,27149.88,0
1781335800000,1672.87,1673.57,1671.8,1672.51,9693.69,0
1781336700000,1672.51,1677.6,1672.43,1675.43,16990.99,0
1781337600000,1675.43,1679.2,1672.89,1674.78,16945.11,0
1781338500000,1674.78,1676.25,1673.34,1674.45,13875.77,0
1781339400000,1674.45,1677.6,1674.07,1675.81,14496.14,0
1781340300000,1675.81,1675.9,1673.66,1673.92,5358.03,0
1781341200000,1673.92,1675.8,1673.62,1674.4,2607.07,0
1781342100000,1674.4,1675.3,1672.42,1673.17,3071.49,0
1781343000000,1673.17,1674.36,1672.84,1674.36,1984.73,0
1781343900000,1674.36,1674.48,1671.82,1673.05,4900.9,0
1781344800000,1673.05,1674.0,1672.14,1673.18,2409.98,0
1781345700000,1673.18,1673.92,1672.18,1672.61,1577.06,0
1781346600000,1672.61,1675.11,1672.61,1674.37,2213.39,0
1781347500000,1674.37,1675.64,1672.07,1673.39,1718.97,0
1781348400000,1673.39,1676.79,1672.56,1676.64,3980.35,0
1781349300000,1676.64,1678.19,1676.21,1677.56,3761.63,0
1781350200000,1677.56,1677.82,1676.0,1676.48,3579.0,0
1781351100000,1676.48,1677.68,1676.23,1677.43,2271.64,0
1781352000000,1677.43,1677.43,1676.26,1676.26,1929.67,0
1781352900000,1676.26,1677.79,1676.0,1676.34,1388.63,0
1781353800000,1676.34,1678.75,1676.34,1677.55,4102.99,0
1781354700000,1677.55,1683.45,1677.55,1679.86,11817.35,0
1781355600000,1679.86,1680.13,1677.55,1678.88,2383.4,0
1781356500000,1678.88,1680.54,1677.87,1680.09,2412.78,0
1781357400000,1680.09,1680.81,1678.22,1678.83,2037.36,0
1781358300000,1678.83,1680.82,1675.73,1677.2,8004.73,0
1781359200000,1677.2,1681.07,1676.72,1679.45,4256.86,0
1781360100000,1679.45,1680.45,1677.18,1678.04,2816.26,0
1781361000000,1678.04,1680.15,1678.03,1678.59,1836.5,0
1781361900000,1678.59,1680.07,1677.55,1679.22,4204.17,0
1781362800000,1679.22,1680.68,1677.45,1680.23,3488.16,0
1781363700000,1680.23,1682.9,1679.37,1682.41,5520.63,0
1781364600000,1682.41,1686.27,1678.4,1678.79,11884.4,0
1781365500000,1678.79,1682.52,1678.05,1681.3,5947.56,0
1781366400000,1681.3,1681.84,1673.3,1674.63,16661.95,0
1781367300000,1674.63,1674.89,1670.01,1672.22,46936.92,0
1781368200000,1672.22,1674.28,1670.79,1673.37,8039.47,0
1781369100000,1673.37,1679.67,1671.96,1675.91,32315.15,0
1781370000000,1675.91,1676.64,1673.0,1674.13,5690.07,0
1781370900000,1674.13,1676.82,1673.0,1676.74,2600.44,0
1781371800000,1676.74,1677.62,1675.88,1676.78,2050.55,0
1781372700000,1676.78,1677.29,1672.24,1673.36,5369.02,0
1781373600000,1673.36,1676.2,1673.2,1675.76,1106.57,0
1781374500000,1675.76,1679.22,1674.95,1678.8,3292.16,0
1781375400000,1678.8,1681.93,1678.56,1681.31,3046.93,0
1781376300000,1681.31,1681.68,1674.62,1677.43,6595.74,0
1781377200000,1677.43,1678.57,1676.58,1677.41,1297.37,0
1781378100000,1677.41,1677.41,1674.8,1675.9,3492.12,0
1781379000000,1675.9,1679.24,1675.57,1678.63,4231.21,0
1781379900000,1678.63,1679.27,1677.3,1677.46,2289.42,0
1781380800000,1677.46,1677.55,1675.21,1676.69,1647.74,0
1781381700000,1676.69,1677.32,1675.1,1675.25,2236.99,0
1781382600000,1675.25,1675.68,1674.01,1674.85,1324.02,0
1781383500000,1674.85,1675.92,1674.4,1675.83,1369.6,0
1781384400000,1675.83,1676.47,1673.81,1674.42,2567.59,0
1781385300000,1674.42,1676.59,1674.12,1675.53,1862.72,0
1781386200000,1675.53,1698.08,1675.52,1687.0,36139.22,0
1781387100000,1687.0,1688.68,1683.51,1685.75,9364.07,0
1781388000000,1685.75,1685.9,1681.99,1682.74,4379.88,0
1781388900000,1682.74,1684.59,1681.41,1684.25,2184.18,0
1781389800000,1684.25,1685.14,1682.21,1682.51,1941.81,0
1781390700000,1682.51,1683.01,1680.47,1680.47,3559.44,0
1781391600000,1680.47,1681.26,1679.93,1680.71,2253.07,0
1781392500000,1680.71,1683.41,1679.15,1679.5,1943.6,0
1781393400000,1679.5,1680.85,1679.03,1679.03,1688.01,0
1781394300000,1679.03,1680.51,1677.31,1680.51,2687.78,0
1781395200000,1680.51,1680.51,1678.22,1679.05,1366.7,0
1781396100000,1679.05,1680.84,1677.92,1679.07,1722.42,0
1781397000000,1679.07,1682.8,1678.89,1682.0,2068.06,0
1781397900000,1682.0,1682.84,1680.4,1681.21,1719.72,0
1781398800000,1681.21,1685.45,1679.41,1683.64,3887.56,0
1781399700000,1683.64,1689.92,1683.64,1685.97,6828.24,0
1781400600000,1685.97,1685.97,1683.73,1683.78,2046.51,0
1781401500000,1683.78,1685.85,1682.67,1683.07,1516.54,0
1781402400000,1683.07,1685.04,1682.27,1684.54,1872.68,0
1781403300000,1684.54,1684.99,1681.51,1682.31,1658.43,0
1781404200000,1682.31,1683.26,1681.0,1681.12,2657.9,0
1781405100000,1681.12,1682.46,1680.64,1681.52,1692.15,0
1781406000000,1681.52,1682.5,1680.63,1681.31,1193.8,0
1781406900000,1681.31,1682.45,1681.0,1682.0,1092.71,0
1781407800000,1682.0,1682.28,1679.01,1679.31,3457.19,0
1781408700000,1679.31,1681.31,1679.18,1680.99,2413.65,0
1781409600000,1680.99,1681.85,1679.16,1680.22,2151.78,0
1781410500000,1680.22,1681.38,1679.76,1679.84,984.82,0
1781411400000,1679.84,1679.85,1675.36,1676.41,5768.76,0
1781412300000,1676.41,1678.16,1675.35,1677.1,3870.5,0
1781413200000,1677.1,1678.58,1676.25,1677.25,2752.71,0
1781414100000,1677.25,1677.25,1674.12,1674.88,3287.66,0
1781415000000,1674.88,1677.92,1672.96,1677.04,5119.4,0
1781415900000,1677.04,1678.13,1676.77,1677.28,2103.11,0
1781416800000,1677.28,1681.59,1677.28,1680.7,4347.68,0
1781417700000,1680.7,1680.7,1675.8,1678.5,7797.39,0
1781418600000,1678.5,1678.72,1675.32,1675.81,2174.31,0
1781419500000,1675.81,1676.62,1674.23,1675.49,7666.93,0
1781420400000,1675.49,1675.69,1672.41,1673.67,4187.72,0
1781421300000,1673.67,1676.46,1673.5,1675.76,2144.29,0
1781422200000,1675.76,1675.77,1673.09,1673.2,3189.3,0
1781423100000,1673.2,1675.84,1673.19,1674.97,3225.4,0
1781424000000,1674.97,1676.25,1673.72,1675.41,3046.19,0
1781424900000,1675.41,1677.73,1675.41,1677.11,2816.87,0
1781425800000,1677.11,1677.65,1675.8,1676.2,2993.0,0
1781426700000,1676.2,1676.77,1674.0,1674.65,4110.97,0
1781427600000,1674.65,1675.92,1673.19,1674.01,2784.24,0
1781428500000,1674.01,1674.06,1668.03,1670.36,14036.31,0
1781429400000,1670.36,1676.93,1670.0,1676.62,9004.23,0
1781430300000,1676.62,1678.41,1675.78,1677.7,3245.55,0
1781431200000,1677.7,1677.92,1674.41,1675.02,2666.39,0
1781432100000,1675.02,1677.91,1674.53,1675.79,2156.86,0
1781433000000,1675.79,1677.03,1675.16,1675.29,2208.45,0
1781433900000,1675.29,1675.31,1672.39,1672.39,3192.84,0
1781434800000,1672.39,1674.22,1671.29,1673.83,4240.61,0
1781435700000,1673.83,1674.45,1672.04,1674.08,1596.36,0
1781436600000,1674.08,1676.56,1674.03,1675.14,3214.1,0
1781437500000,1675.14,1675.27,1672.73,1672.84,1838.44,0
1781438400000,1672.84,1673.77,1671.78,1672.22,2479.81,0
1781439300000,1672.22,1673.98,1672.05,1672.23,1751.41,0
1781440200000,1672.23,1672.56,1665.4,1667.76,11243.96,0
1781441100000,1667.76,1667.96,1663.67,1666.07,8175.16,0
1781442000000,1666.07,1668.0,1665.0,1667.24,4313.51,0
1781442900000,1667.24,1668.0,1664.42,1665.19,3718.66,0
1781443800000,1665.19,1667.58,1663.27,1667.1,4915.44,0
1781444700000,1667.1,1669.46,1664.37,1665.72,7602.91,0
1781445600000,1665.72,1666.3,1663.5,1665.46,2604.9,0
1781446500000,1665.46,1669.59,1662.67,1664.13,7923.81,0
1781447400000,1664.13,1664.23,1653.42,1655.24,45495.02,0
1781448300000,1655.24,1658.9,1654.82,1658.85,12549.3,0
1781449200000,1658.85,1663.22,1658.74,1661.82,8616.95,0
1781450100000,1661.82,1663.67,1660.19,1662.35,3681.75,0
1781451000000,1662.35,1663.7,1660.26,1661.92,3760.81,0
1781451900000,1661.92,1664.02,1661.14,1662.07,3559.4,0
1781452800000,1662.07,1665.67,1661.51,1664.5,5293.94,0
1781453700000,1664.5,1667.64,1664.0,1666.31,5892.69,0
1781454600000,1666.31,1667.65,1665.65,1666.21,3389.99,0
1781455500000,1666.21,1666.55,1658.83,1660.57,12011.64,0
1781456400000,1660.57,1664.48,1660.05,1664.03,4131.36,0
1781457300000,1664.03,1665.49,1663.33,1663.34,3289.09,0
1781458200000,1663.34,1666.24,1660.75,1663.85,6257.3,0
1781459100000,1663.85,1664.79,1660.41,1661.56,4892.42,0
1781460000000,1661.56,1662.65,1660.0,1661.36,1775.41,0
1781460900000,1661.36,1662.41,1658.0,1659.1,8598.36,0
1781461800000,1659.1,1660.77,1658.38,1660.29,1402.34,0
1781462700000,1660.29,1661.54,1659.51,1661.16,1529.35,0
1781463600000,1661.16,1664.67,1660.05,1664.37,2282.03,0
1781464500000,1664.37,1667.28,1664.37,1665.56,2586.84,0
1781465400000,1665.56,1667.11,1664.23,1664.83,2124.71,0
1781466300000,1664.83,1665.07,1664.17,1664.58,759.54,0
1781467200000,1664.58,1666.16,1661.43,1662.51,2602.44,0
1781468100000,1662.51,1667.4,1662.22,1666.61,2233.55,0
1781469000000,1666.61,1673.03,1666.61,1670.96,13982.12,0
1781469900000,1670.96,1671.85,1669.24,1669.52,3836.0,0
1781470800000,1669.52,1671.66,1669.13,1671.66,3050.02,0
1781471700000,1671.66,1713.03,1671.66,1700.41,121679.38,0
1781472600000,1700.41,1724.38,1698.34,1715.32,56850.46,0
1781473500000,1715.32,1731.99,1715.0,1717.92,56612.42,0
1781474400000,1717.92,1728.42,1711.0,1720.14,47084.75,0
1781475300000,1720.14,1724.13,1715.48,1720.31,17682.06,0
1781476200000,1720.31,1728.37,1717.34,1725.0,20721.47,0
1781477100000,1725.0,1726.89,1719.5,1721.74,12199.74,0
1781478000000,1721.74,1725.27,1715.41,1723.58,14787.82,0
1781478900000,1723.58,1725.77,1719.52,1722.72,15905.81,0
1781479800000,1722.72,1725.57,1718.61,1718.61,11794.29,0
1781480700000,1718.61,1725.46,1718.44,1724.77,10575.31,0
1781481600000,1724.77,1731.91,1723.24,1730.6,22913.6,0
1781482500000,1730.6,1730.82,1722.74,1724.56,14575.89,0
1781483400000,1724.56,1725.21,1719.01,1720.32,9904.29,0
1781484300000,1720.32,1721.59,1719.0,1720.14,6626.12,0
1781485200000,1720.14,1720.4,1711.32,1716.83,14410.91,0
1781486100000,1716.83,1716.96,1708.85,1710.88,8562.58,0
1781487000000,1710.88,1721.0,1710.0,1720.91,13464.97,0
1781487900000,1720.91,1720.91,1714.4,1715.18,4621.04,0
1781488800000,1715.18,1720.48,1713.26,1720.07,4736.79,0
1781489700000,1720.07,1726.3,1719.99,1720.13,7752.8,0
1781490600000,1720.13,1721.79,1719.01,1719.24,2620.37,0
1781491500000,1719.24,1719.56,1715.2,1715.98,4602.3,0
1781492400000,1715.98,1723.17,1714.72,1722.42,6008.26,0
1781493300000,1722.42,1722.67,1718.06,1720.38,6608.11,0
1781494200000,1720.38,1722.91,1719.02,1722.33,3679.41,0
1781495100000,1722.33,1723.95,1719.27,1720.13,5836.93,0
1781496000000,1720.13,1720.89,1716.37,1717.89,11584.82,0
1781496900000,1717.89,1719.64,1716.48,1718.18,2087.76,0
1781497800000,1718.18,1718.48,1715.09,1716.41,4611.45,0
1781498700000,1716.41,1719.52,1715.85,1716.25,8016.87,0
1781499600000,1716.25,1717.71,1715.0,1717.01,3044.1,0
1781500500000,1717.01,1722.0,1716.9,1720.36,5131.19,0
1781501400000,1720.36,1721.09,1716.05,1716.48,4463.28,0
1781502300000,1716.48,1720.12,1716.27,1719.73,3746.22,0
1781503200000,1719.73,1722.38,1719.0,1720.8,4195.66,0
1781504100000,1720.8,1722.69,1719.05,1721.93,3028.7,0
1781505000000,1721.93,1722.34,1717.34,1718.42,3938.34,0
1781505900000,1718.42,1721.53,1718.29,1719.07,2431.38,0
1781506800000,1719.07,1722.58,1716.0,1719.98,5392.53,0
1781507700000,1719.98,1723.29,1719.98,1721.11,2649.31,0
1781508600000,1721.11,1721.16,1716.5,1717.6,4994.49,0
1781509500000,1717.6,1718.6,1715.31,1715.74,5883.29,0
1781510400000,1715.74,1719.73,1714.55,1719.07,7703.41,0
1781511300000,1719.07,1719.8,1715.7,1717.83,4753.02,0
1781512200000,1717.83,1721.0,1717.57,1720.01,4395.44,0
1781513100000,1720.01,1720.69,1718.14,1719.74,3707.6,0
1781514000000,1719.74,1720.69,1718.35,1719.17,2142.55,0
1781514900000,1719.17,1726.27,1719.17,1721.07,15468.35,0
1781515800000,1721.07,1721.09,1711.19,1715.08,21851.31,0
1781516700000,1715.08,1718.04,1713.14,1717.7,4776.32,0
1781517600000,1717.7,1723.17,1717.06,1721.96,10329.96,0
1781518500000,1721.96,1725.37,1721.65,1723.69,9603.04,0
1781519400000,1723.69,1727.69,1723.26,1727.44,10030.64,0
1781520300000,1727.44,1750.27,1726.41,1736.99,127024.08,0
1781521200000,1736.99,1741.76,1733.33,1740.01,28336.24,0
1781522100000,1740.01,1770.0,1740.01,1760.99,89555.34,0
1781523000000,1760.99,1764.71,1758.29,1760.99,26546.19,0
1781523900000,1760.99,1765.92,1759.0,1763.81,12940.56,0
1781524800000,1763.81,1765.39,1760.4,1764.71,14383.54,0
1781525700000,1764.71,1765.35,1759.22,1764.62,11237.31,0
1781526600000,1764.62,1774.34,1762.21,1773.62,36717.72,0
1781527500000,1773.62,1776.89,1771.91,1776.44,25836.74,0
1781528400000,1776.44,1797.27,1773.57,1793.39,93198.37,0
1781529300000,1793.39,1826.57,1792.73,1819.32,141617.83,0
1781530200000,1819.32,1821.86,1807.37,1812.27,64996.55,0
1781531100000,1812.27,1817.61,1810.48,1813.42,23776.24,0
1781532000000,1813.42,1814.26,1803.59,1809.51,66884.23,0
1781532900000,1809.51,1813.95,1806.77,1812.41,11519.49,0
1781533800000,1812.41,1813.38,1807.0,1811.04,14499.58,0
1781534700000,1811.04,1817.37,1810.98,1813.38,15151.59,0
1781535600000,1813.38,1816.74,1812.33,1814.9,5971.32,0
1781536500000,1814.9,1820.0,1813.68,1815.4,9447.55,0
1781537400000,1815.4,1832.4,1811.89,1829.27,47834.88,0
1781538300000,1829.27,1848.58,1828.86,1844.61,90172.44,0
1781539200000,1844.61,1846.73,1837.51,1843.04,35340.93,0
1781540100000,1843.04,1844.01,1836.23,1841.35,11704.36,0
1781541000000,1841.35,1845.86,1837.87,1843.3,13507.34,0
1781541900000,1843.3,1845.65,1838.66,1841.91,9360.15,0
1781542800000,1841.91,1841.91,1825.49,1831.12,43938.11,0
1781543700000,1831.12,1832.49,1825.95,1829.41,15942.81,0
1781544600000,1829.41,1831.7,1822.82,1829.61,12106.22,0
1781545500000,1829.61,1831.53,1826.08,1828.38,7830.77,0
1781546400000,1828.38,1831.09,1825.24,1829.69,7933.16,0
1781547300000,1829.69,1831.03,1827.01,1828.19,4436.76,0
1781548200000,1828.19,1830.79,1824.65,1828.8,5177.58,0
1781549100000,1828.8,1834.76,1826.93,1827.14,10099.6,0
1781550000000,1827.14,1832.35,1825.01,1831.78,4742.07,0
1781550900000,1831.78,1833.74,1810.65,1818.17,48371.67,0
1781551800000,1818.17,1829.58,1817.73,1828.79,11066.15,0
1781552700000,1828.79,1829.42,1817.37,1821.04,10666.99,0
1781553600000,1821.04,1825.91,1817.44,1823.42,5765.47,0
1781554500000,1823.42,1823.76,1819.48,1821.0,3952.49,0
1781555400000,1821.0,1823.17,1818.23,1818.5,3940.42,0
1781556300000,1818.5,1818.5,1814.31,1816.2,6253.44,0
1781557200000,1816.2,1821.46,1813.2,1819.44,12446.86,0
1781558100000,1819.44,1819.56,1814.19,1814.19,2171.04,0
1781559000000,1814.19,1817.57,1812.0,1815.52,4413.12,0
1781559900000,1815.52,1815.99,1807.65,1810.5,12429.95,0
1781560800000,1810.5,1812.96,1808.0,1808.1,11909.32,0
1781561700000,1808.1,1810.03,1788.01,1790.88,46294.14,0
1781562600000,1790.88,1796.88,1786.1,1792.63,25854.14,0
1781563500000,1792.63,1794.0,1786.94,1788.59,11026.99,0
1781564400000,1788.59,1791.63,1785.29,1789.44,6947.83,0
1781565300000,1789.44,1791.71,1784.53,1788.77,8663.1,0
1781566200000,1788.77,1790.48,1781.7,1790.32,6973.57,0
1781567100000,1790.32,1796.83,1789.64,1795.1,19030.91,0
1781568000000,1795.1,1798.65,1792.46,1796.12,9832.22,0
1781568900000,1796.12,1797.46,1790.36,1791.84,12074.06,0
1781569800000,1791.84,1801.17,1791.21,1797.51,12020.74,0
1781570700000,1797.51,1797.51,1787.67,1788.71,15428.71,0
1781571600000,1788.71,1794.62,1788.12,1790.89,7268.83,0
1781572500000,1790.89,1795.42,1789.47,1794.83,8665.58,0
1781573400000,1794.83,1796.3,1793.74,1794.48,4183.97,0
1781574300000,1794.48,1796.5,1790.44,1791.19,3177.2,0
1781575200000,1791.19,1793.43,1783.01,1783.58,13193.47,0
1781576100000,1783.58,1786.49,1771.71,1772.4,34380.38,0
1781577000000,1772.4,1775.49,1767.64,1773.97,21408.3,0
1781577900000,1773.97,1774.68,1766.21,1769.37,17022.24,0
1781578800000,1769.37,1774.04,1767.69,1773.61,13112.19,0
1781579700000,1773.61,1779.5,1763.69,1777.07,21434.98,0
1781580600000,1777.07,1779.5,1775.61,1779.36,7923.17,0
1781581500000,1779.36,1779.81,1776.98,1778.28,7803.87,0
1781582400000,1778.28,1782.3,1774.72,1776.03,13400.0,0
1781583300000,1776.03,1776.03,1767.34,1767.42,11769.68,0
1781584200000,1767.42,1767.42,1759.39,1762.35,17996.08,0
1781585100000,1762.35,1763.51,1757.0,1759.7,24632.15,0
1781586000000,1759.7,1765.44,1759.61,1761.46,25957.49,0
1781586900000,1761.46,1765.0,1760.25,1762.55,6276.13,0
1781587800000,1762.55,1763.5,1759.53,1762.06,5124.15,0
1781588700000,1762.06,1763.94,1760.5,1761.18,4464.5,0
1781589600000,1761.18,1765.0,1761.18,1764.85,6098.76,0
1781590500000,1764.85,1767.77,1762.86,1767.1,12465.72,0
1781591400000,1767.1,1772.49,1765.01,1769.41,12546.36,0
1781592300000,1769.41,1773.21,1769.04,1770.34,7104.71,0
1781593200000,1770.34,1773.54,1768.01,1768.56,7486.59,0
1781594100000,1768.56,1773.0,1768.05,1771.92,5701.41,0
1781595000000,1771.92,1776.02,1770.45,1771.35,13632.69,0
1781595900000,1771.35,1774.47,1770.61,1773.2,3886.5,0
1781596800000,1773.2,1777.85,1772.13,1776.76,7079.24,0
1781597700000,1776.76,1785.64,1775.39,1782.29,47576.95,0
1781598600000,1782.29,1786.78,1780.77,1786.2,16211.35,0
1781599500000,1786.2,1807.5,1784.44,1802.15,53495.56,0
1781600400000,1802.15,1805.04,1797.28,1799.7,19659.44,0
1781601300000,1799.7,1799.71,1787.18,1790.32,17895.41,0
1781602200000,1790.32,1794.22,1787.53,1792.71,7945.49,0
1781603100000,1792.71,1793.77,1785.78,1788.85,7953.71,0
1781604000000,1788.85,1791.32,1787.7,1788.61,5342.62,0
1781604900000,1788.61,1799.95,1788.6,1798.97,14298.17,0
1781605800000,1798.97,1798.97,1793.62,1795.86,7937.33,0
1781606700000,1795.86,1798.27,1791.65,1793.17,10854.08,0
1781607600000,1793.17,1799.66,1792.88,1794.09,6417.69,0
1781608500000,1794.09,1798.22,1790.21,1792.63,6275.59,0
1781609400000,1792.63,1795.2,1790.7,1795.19,6403.79,0
1781610300000,1795.19,1799.34,1793.73,1798.91,4726.33,0
1781611200000,1798.91,1809.12,1796.05,1808.79,21390.63,0
1781612100000,1808.79,1822.86,1808.71,1819.97,37875.46,0
1781613000000,1819.97,1839.53,1813.04,1816.19,59982.49,0
1781613900000,1816.19,1817.66,1808.64,1814.01,17678.46,0
1781614800000,1814.01,1816.53,1790.36,1801.96,52375.7,0
1781615700000,1801.96,1808.75,1800.15,1801.01,21075.05,0
1781616600000,1801.01,1807.29,1794.32,1803.68,25554.77,0
1781617500000,1803.68,1805.52,1795.54,1797.09,11503.3,0
1781618400000,1797.09,1804.98,1792.62,1795.0,17733.29,0
1781619300000,1795.0,1796.86,1770.14,1771.04,77923.57,0
1781620200000,1771.04,1781.08,1762.34,1778.9,49071.7,0
1781621100000,1778.9,1783.62,1777.33,1779.43,14256.92,0
1781622000000,1779.43,1786.47,1776.89,1785.06,13030.98,0
1781622900000,1785.06,1785.94,1775.21,1778.93,21181.86,0
1781623800000,1778.93,1787.69,1777.17,1778.48,11561.68,0
1781624700000,1778.48,1786.57,1773.6,1781.51,12330.78,0
1781625600000,1781.51,1784.9,1776.86,1777.05,7770.87,0
1781626500000,1777.05,1779.12,1772.17,1778.51,13609.47,0
1781627400000,1778.51,1779.99,1772.55,1778.85,6730.91,0
1781628300000,1778.85,1779.88,1775.23,1777.09,8438.13,0
1781629200000,1777.09,1781.94,1776.33,1779.13,4200.98,0
1781630100000,1779.13,1784.17,1778.72,1780.73,3739.73,0
1781631000000,1780.73,1785.0,1778.85,1783.79,4922.23,0
1781631900000,1783.79,1799.1,1783.19,1794.34,39821.02,0
1781632800000,1794.34,1807.88,1792.93,1803.55,35781.82,0
1781633700000,1803.55,1803.96,1792.36,1794.74,18970.58,0
1781634600000,1794.74,1798.43,1791.27,1795.6,7570.97,0
1781635500000,1795.6,1802.74,1794.51,1798.65,10828.98,0
1781636400000,1798.65,1798.65,1788.19,1793.83,13598.85,0
1781637300000,1793.83,1797.78,1789.11,1796.84,9277.46,0
1781638200000,1796.84,1800.48,1794.51,1797.27,5955.69,0
1781639100000,1797.27,1800.58,1791.82,1794.74,12206.63,0
1781640000000,1794.74,1795.29,1788.38,1793.9,7403.7,0
1781640900000,1793.9,1797.29,1789.0,1789.35,5066.65,0
1781641800000,1789.35,1797.67,1788.72,1797.41,5310.42,0
1781642700000,1797.41,1797.86,1795.21,1797.19,1752.12,0
1781643600000,1797.19,1799.8,1794.25,1798.46,5115.9,0
1781644500000,1798.46,1799.72,1792.54,1793.44,3358.36,0
1781645400000,1793.44,1794.24,1789.73,1794.15,2189.77,0
1781646300000,1794.15,1796.29,1793.16,1795.63,2179.54,0
1781647200000,1795.63,1798.68,1792.41,1797.2,3742.95,0
1781648100000,1797.2,1798.8,1790.24,1793.57,3918.54,0
1781649000000,1793.57,1794.56,1791.41,1791.61,3295.44,0
1781649900000,1791.61,1795.99,1790.25,1795.58,2832.2,0
1781650800000,1795.58,1798.17,1793.17,1795.29,3729.49,0
1781651700000,1795.29,1795.29,1791.09,1794.78,2348.2,0
1781652600000,1794.78,1796.76,1792.25,1792.71,1358.68,0
1781653500000,1792.71,1793.18,1790.3,1792.23,3006.71,0
1781654400000,1792.23,1795.67,1792.23,1793.2,4805.18,0
1781655300000,1793.2,1795.0,1791.5,1793.31,3346.85,0
1781656200000,1793.31,1797.62,1791.16,1796.48,3466.95,0
1781657100000,1796.48,1798.56,1792.12,1793.42,9320.13,0
1781658000000,1793.42,1796.39,1791.54,1793.16,5776.13,0
1781658900000,1793.16,1793.18,1778.46,1784.94,28080.42,0
1781659800000,1784.94,1793.79,1781.1,1789.87,9193.23,0
1781660700000,1789.87,1798.64,1789.86,1797.06,10521.56,0
1781661600000,1797.06,1797.96,1795.0,1796.74,6886.52,0
1781662500000,1796.74,1809.79,1795.7,1805.02,29328.99,0
1781663400000,1805.02,1805.02,1787.55,1793.84,22078.74,0
1781664300000,1793.84,1795.5,1791.0,1794.78,3961.76,0
1781665200000,1794.78,1794.89,1790.29,1790.54,2754.4,0
1781666100000,1790.54,1791.09,1786.53,1790.3,9727.25,0
1781667000000,1790.3,1797.31,1790.29,1792.84,8058.49,0
1781667900000,1792.84,1794.71,1790.55,1792.98,2690.52,0
1781668800000,1792.98,1795.73,1791.5,1792.89,2059.68,0
1781669700000,1792.89,1795.27,1791.18,1793.89,1397.63,0
1781670600000,1793.89,1795.41,1792.89,1794.58,1351.7,0
1781671500000,1794.58,1801.37,1793.29,1793.45,12713.6,0
1781672400000,1793.45,1798.56,1790.03,1790.82,11930.46,0
1781673300000,1790.82,1793.45,1788.1,1792.91,4990.56,0
1781674200000,1792.91,1796.3,1791.9,1795.58,2811.06,0
1781675100000,1795.58,1797.03,1791.18,1793.27,4183.83,0
1781676000000,1793.27,1795.4,1791.84,1794.96,2602.21,0
1781676900000,1794.96,1796.82,1787.48,1787.82,8712.58,0
1781677800000,1787.82,1791.85,1785.48,1788.22,11113.49,0
1781678700000,1788.22,1791.62,1786.77,1789.58,2584.7,0
1781679600000,1789.58,1791.54,1785.02,1790.87,6421.87,0
1781680500000,1790.87,1791.86,1782.3,1784.5,11499.84,0
1781681400000,1784.5,1787.69,1783.24,1786.46,10762.59,0
1781682300000,1786.46,1787.08,1777.08,1784.13,27877.51,0
1781683200000,1784.13,1785.39,1778.2,1778.24,8580.03,0
1781684100000,1778.24,1779.6,1773.67,1774.69,14714.25,0
1781685000000,1774.69,1774.69,1760.46,1762.15,39833.45,0
1781685900000,1762.15,1767.43,1758.95,1764.4,16255.83,0
1781686800000,1764.4,1769.46,1763.88,1768.6,17532.6,0
1781687700000,1768.6,1777.0,1767.59,1774.06,15010.71,0
1781688600000,1774.06,1775.17,1771.0,1771.71,8140.7,0
1781689500000,1771.71,1775.25,1768.84,1772.18,6928.57,0
1781690400000,1772.18,1775.19,1768.0,1771.79,6322.69,0
1781691300000,1771.79,1773.9,1768.93,1771.2,6102.06,0
1781692200000,1771.2,1773.19,1770.08,1771.77,3015.67,0
1781693100000,1771.77,1773.0,1766.05,1767.53,6979.39,0
1781694000000,1767.53,1770.0,1758.33,1764.18,19795.79,0
1781694900000,1764.18,1767.95,1759.04,1765.69,14097.5,0
1781695800000,1765.69,1766.93,1763.22,1764.68,5268.21,0
1781696700000,1764.68,1767.01,1763.0,1763.11,4223.91,0
1781697600000,1763.11,1765.24,1760.35,1763.76,7949.0,0
1781698500000,1763.76,1763.95,1742.33,1746.02,65069.9,0
1781699400000,1746.02,1755.66,1741.5,1754.6,23356.31,0
1781700300000,1754.6,1759.02,1753.58,1758.4,11284.37,0
1781701200000,1758.4,1761.91,1756.2,1760.68,11578.34,0
1781702100000,1760.68,1760.68,1753.56,1757.53,9973.24,0
1781703000000,1757.53,1770.54,1753.97,1766.13,30675.59,0
1781703900000,1766.13,1771.28,1759.32,1760.14,19500.34,0
1781704800000,1760.14,1762.79,1753.47,1760.51,18345.64,0
1781705700000,1760.51,1764.68,1751.18,1755.57,13644.02,0
1781706600000,1755.57,1758.0,1751.55,1754.75,9212.18,0
1781707500000,1754.75,1759.59,1740.36,1754.06,49800.87,0
1781708400000,1754.06,1758.8,1750.19,1758.41,11854.04,0
1781709300000,1758.41,1764.7,1756.04,1762.6,10819.98,0
1781710200000,1762.6,1767.99,1760.5,1766.87,13735.58,0
1781711100000,1766.87,1776.95,1765.31,1772.48,31766.0,0
1781712000000,1772.48,1776.21,1770.0,1774.66,9511.85,0
1781712900000,1774.66,1791.51,1772.65,1784.1,35128.28,0
1781713800000,1784.1,1784.65,1771.22,1774.07,19826.71,0
1781714700000,1774.07,1775.03,1768.32,1771.2,10075.62,0
1781715600000,1771.2,1773.73,1766.62,1771.31,11864.73,0
1781716500000,1771.31,1779.09,1770.6,1777.18,6735.76,0
1781717400000,1777.18,1780.58,1773.16,1774.04,4820.5,0
1781718300000,1774.04,1796.67,1772.5,1788.6,50413.57,0
1781719200000,1788.6,1788.78,1744.89,1764.13,142582.77,0
1781720100000,1764.13,1773.39,1762.0,1765.9,20873.67,0
1781721000000,1765.9,1787.33,1760.02,1784.23,52724.64,0
1781721900000,1784.23,1785.49,1765.25,1769.19,26518.17,0
1781722800000,1769.19,1775.23,1761.51,1771.25,18917.31,0
1781723700000,1771.25,1771.8,1735.01,1739.72,73361.25,0
1781724600000,1739.72,1748.27,1730.0,1733.24,51074.97,0
1781725500000,1733.24,1738.28,1728.1,1733.61,34075.77,0
1781726400000,1733.61,1743.2,1732.07,1737.31,29346.14,0
1781727300000,1737.31,1740.97,1736.21,1738.55,10898.29,0
1781728200000,1738.55,1744.33,1735.09,1735.57,13596.21,0
1781729100000,1735.57,1746.98,1734.1,1746.48,11059.44,0
1781730000000,1746.48,1747.0,1741.0,1741.86,6387.66,0
1781730900000,1741.86,1744.91,1741.09,1742.71,5380.57,0
1781731800000,1742.71,1745.2,1738.05,1738.92,5071.85,0
1781732700000,1738.92,1739.12,1735.36,1738.15,5223.25,0
1781733600000,1738.15,1739.76,1724.38,1734.72,33830.82,0
1781734500000,1734.72,1744.37,1733.78,1742.7,7283.73,0
1781735400000,1742.7,1744.38,1740.88,1742.42,6445.39,0
1781736300000,1742.42,1745.55,1738.7,1739.4,5651.89,0
1781737200000,1739.4,1745.38,1738.89,1743.21,4200.9,0
1781738100000,1743.21,1750.97,1742.89,1749.15,10512.39,0
1781739000000,1749.15,1749.94,1746.84,1747.09,2131.7,0
1781739900000,1747.09,1750.01,1745.73,1749.68,2563.02,0
1781740800000,1749.68,1757.21,1748.97,1754.9,12857.66,0
1781741700000,1754.9,1756.38,1751.85,1754.13,5514.09,0
1781742600000,1754.13,1758.7,1751.62,1754.67,4886.58,0
1781743500000,1754.67,1756.14,1750.95,1752.36,5291.1,0
1781744400000,1752.36,1762.63,1752.1,1760.89,9161.61,0
1781745300000,1760.89,1761.54,1755.15,1756.32,6714.07,0
1781746200000,1756.32,1762.18,1756.32,1756.67,3498.7,0
1781747100000,1756.67,1756.67,1752.1,1754.15,5534.6,0
1781748000000,1754.15,1758.0,1753.36,1753.73,4564.97,0
1781748900000,1753.73,1758.5,1749.57,1756.93,6892.89,0
1781749800000,1756.93,1758.0,1754.0,1756.93,4130.49,0
1781750700000,1756.93,1757.21,1754.56,1754.99,1937.12,0
1781751600000,1754.99,1755.37,1750.13,1750.69,4189.29,0
1781752500000,1750.69,1751.83,1743.9,1744.01,10581.93,0
1781753400000,1744.01,1747.37,1740.16,1741.55,18132.79,0
1781754300000,1741.55,1746.01,1740.8,1743.21,13276.2,0
1781755200000,1743.21,1744.81,1729.29,1734.12,24476.76,0
1781756100000,1734.12,1738.22,1729.92,1734.37,11779.89,0
1781757000000,1734.37,1736.26,1731.31,1731.53,7227.37,0
1781757900000,1731.53,1733.35,1728.6,1729.5,10856.69,0
1781758800000,1729.5,1732.05,1719.64,1727.84,32177.05,0
1781759700000,1727.84,1730.67,1725.97,1727.42,8294.66,0
1781760600000,1727.42,1730.12,1724.12,1727.92,6780.95,0
1781761500000,1727.92,1730.51,1725.84,1729.91,9394.21,0
1781762400000,1729.91,1733.39,1724.84,1727.82,12907.55,0
1781763300000,1727.82,1729.96,1724.49,1729.81,4554.99,0
1781764200000,1729.81,1735.35,1729.17,1734.92,12410.5,0
1781765100000,1734.92,1735.97,1732.95,1734.53,7380.39,0
1781766000000,1734.53,1735.83,1732.0,1733.93,4141.66,0
1781766900000,1733.93,1746.2,1733.62,1744.49,16165.69,0
1781767800000,1744.49,1752.99,1742.73,1748.25,13546.14,0
1781768700000,1748.25,1750.09,1746.22,1748.99,10463.0,0
1781769600000,1748.99,1753.05,1745.31,1747.61,37138.84,0
1781770500000,1747.61,1750.7,1747.45,1749.43,12650.4,0
1781771400000,1749.43,1752.87,1748.77,1750.17,8825.48,0
1781772300000,1750.17,1750.73,1746.09,1747.29,12506.81,0
1781773200000,1747.29,1747.4,1744.28,1747.13,9058.5,0
1781774100000,1747.13,1751.5,1742.43,1742.77,14371.96,0
1781775000000,1742.77,1746.74,1741.39,1746.65,6227.56,0
1781775900000,1746.65,1748.68,1745.0,1745.59,4061.8,0
1781776800000,1745.59,1746.8,1740.02,1740.54,11659.17,0
1781777700000,1740.54,1742.77,1738.59,1741.47,10673.56,0
1781778600000,1741.47,1742.55,1738.61,1739.52,4828.17,0
1781779500000,1739.52,1752.56,1739.05,1746.14,13945.83,0
1781780400000,1746.14,1748.92,1742.91,1745.06,3896.87,0
1781781300000,1745.06,1747.04,1739.89,1745.21,9683.17,0
1781782200000,1745.21,1746.64,1738.17,1742.3,7709.11,0
1781783100000,1742.3,1743.94,1738.27,1742.31,8292.33,0
1781784000000,1742.31,1746.19,1740.52,1744.29,4407.03,0
1781784900000,1744.29,1751.46,1743.01,1751.07,9151.28,0
1781785800000,1751.07,1752.37,1746.28,1747.66,8640.21,0
1781786700000,1747.66,1750.19,1745.8,1749.36,4526.65,0
1781787600000,1749.36,1751.78,1747.15,1748.76,3482.15,0
1781788500000,1748.76,1751.5,1747.44,1748.7,9294.26,0
1781789400000,1748.7,1749.98,1730.01,1730.49,34807.34,0
1781790300000,1730.49,1742.64,1726.76,1735.81,33888.01,0
1781791200000,1735.81,1739.93,1729.42,1731.41,12377.6,0
1781792100000,1731.41,1744.67,1728.42,1732.62,25236.12,0
1781793000000,1732.62,1743.81,1731.33,1738.39,13633.65,0
1781793900000,1738.39,1742.19,1730.66,1738.86,18387.76,0
1781794800000,1738.86,1739.42,1731.0,1731.78,15020.14,0
1781795700000,1731.78,1734.02,1715.36,1719.38,64229.84,0
1781796600000,1719.38,1725.11,1696.0,1697.54,115570.17,0
1781797500000,1697.54,1699.14,1678.0,1681.01,145372.66,0
1781798400000,1681.01,1692.0,1678.84,1688.71,52521.73,0
1781799300000,1688.71,1690.67,1682.45,1685.83,23068.36,0
1781800200000,1685.83,1687.93,1681.5,1685.94,23446.0,0
1781801100000,1685.94,1688.25,1682.87,1685.97,11076.65,0
1781802000000,1685.97,1686.82,1680.04,1682.67,13603.64,0
1781802900000,1682.67,1685.5,1670.64,1679.35,51723.07,0
1781803800000,1679.35,1685.8,1678.51,1680.55,32592.2,0
1781804700000,1680.55,1685.5,1675.84,1678.28,11723.49,0
1781805600000,1678.28,1681.51,1676.07,1678.93,11746.51,0
1781806500000,1678.93,1688.59,1675.41,1685.87,42434.28,0
1781807400000,1685.87,1686.47,1680.26,1684.4,10833.21,0
1781808300000,1684.4,1687.81,1681.28,1684.38,7161.42,0
1781809200000,1684.38,1686.65,1682.0,1685.87,6290.67,0
1781810100000,1685.87,1691.38,1684.73,1690.7,9387.19,0
1781811000000,1690.7,1702.82,1690.0,1702.2,22681.35,0
1781811900000,1702.2,1706.97,1700.1,1704.71,20687.39,0
1781812800000,1704.71,1713.74,1704.71,1711.44,20686.97,0
1781813700000,1711.44,1716.78,1707.36,1712.46,14117.61,0
1781814600000,1712.46,1714.82,1710.8,1712.56,5610.49,0
1781815500000,1712.56,1712.61,1709.33,1709.78,6272.07,0
1781816400000,1709.78,1711.89,1701.74,1703.54,23678.92,0
1781817300000,1703.54,1705.72,1700.93,1705.05,5379.87,0
1781818200000,1705.05,1709.33,1704.04,1705.58,7334.03,0
1781819100000,1705.58,1708.87,1704.32,1707.5,2645.03,0
1781820000000,1707.5,1707.9,1704.8,1705.98,6985.04,0
1781820900000,1705.98,1706.69,1701.01,1702.76,4757.49,0
1781821800000,1702.76,1704.24,1699.26,1703.91,5939.1,0
1781822700000,1703.91,1707.91,1702.41,1705.95,2041.25,0
1781823600000,1705.95,1707.71,1702.0,1702.15,2735.03,0
1781824500000,1702.15,1708.76,1702.15,1708.4,3958.14,0
1781825400000,1708.4,1711.65,1708.16,1708.56,4747.22,0
1781826300000,1708.56,1711.59,1707.74,1710.08,2782.43,0
1781827200000,1710.08,1711.03,1707.81,1709.93,3320.3,0
1781828100000,1709.93,1714.4,1708.85,1712.19,4437.87,0
1781829000000,1712.19,1715.0,1711.84,1715.0,3446.89,0
1781829900000,1715.0,1715.71,1711.57,1712.99,4251.18,0
1781830800000,1712.99,1719.16,1709.39,1711.24,13358.91,0
1781831700000,1711.24,1716.2,1708.09,1708.59,5686.47,0
1781832600000,1708.59,1710.1,1705.16,1708.78,5665.3,0
1781833500000,1708.78,1713.75,1708.78,1712.67,6218.66,0
1781834400000,1712.67,1714.47,1709.46,1710.08,4918.86,0
1781835300000,1710.08,1711.25,1703.15,1703.42,5644.25,0
1781836200000,1703.42,1705.39,1700.82,1703.78,9119.83,0
1781837100000,1703.78,1707.39,1700.0,1706.26,6574.29,0
1781838000000,1706.26,1707.67,1693.93,1694.64,20626.49,0
1781838900000,1694.64,1701.42,1678.28,1699.04,93213.5,0
1781839800000,1699.04,1699.32,1691.5,1695.83,9817.99,0
1781840700000,1695.83,1698.35,1693.65,1696.74,7404.17,0
1781841600000,1696.74,1699.98,1688.36,1699.32,11687.68,0
1781842500000,1699.32,1702.3,1693.59,1694.07,8078.22,0
1781843400000,1694.07,1694.51,1686.24,1691.2,12817.14,0
1781844300000,1691.2,1693.44,1684.48,1688.58,9814.94,0
1781845200000,1688.58,1696.38,1688.4,1696.24,9744.36,0
1781846100000,1696.24,1696.25,1690.89,1692.63,4245.21,0
1781847000000,1692.63,1695.17,1690.36,1694.87,6252.8,0
1781847900000,1694.87,1696.74,1693.84,1696.56,5360.85,0
1781848800000,1696.56,1699.18,1695.1,1698.91,8263.42,0
1781849700000,1698.91,1701.36,1697.0,1700.25,7433.28,0
1781850600000,1700.25,1702.64,1695.5,1699.58,4638.36,0
1781851500000,1699.58,1700.42,1695.77,1699.19,7381.89,0
1781852400000,1699.19,1700.13,1695.07,1695.07,4525.8,0
1781853300000,1695.07,1697.47,1692.85,1695.43,5791.08,0
1781854200000,1695.43,1698.86,1689.0,1692.31,16516.8,0
1781855100000,1692.31,1696.74,1690.78,1694.92,8238.77,0
1781856000000,1694.92,1696.92,1692.71,1695.64,6534.63,0
1781856900000,1695.64,1698.0,1694.2,1695.49,7372.69,0
1781857800000,1695.49,1698.26,1693.1,1695.14,6958.46,0
1781858700000,1695.14,1697.5,1694.79,1697.18,2870.73,0
1781859600000,1697.18,1699.0,1689.23,1691.1,7535.41,0
1781860500000,1691.1,1693.63,1689.05,1691.11,7289.3,0
1781861400000,1691.11,1694.26,1690.97,1692.13,3563.37,0
1781862300000,1692.13,1692.32,1687.35,1688.45,12118.43,0
1781863200000,1688.45,1692.84,1687.9,1690.44,6019.69,0
1781864100000,1690.44,1690.75,1686.46,1689.22,11568.79,0
1781865000000,1689.22,1689.46,1686.05,1687.17,5060.39,0
1781865900000,1687.17,1694.0,1686.8,1691.81,5058.88,0
1781866800000,1691.81,1692.99,1687.8,1689.21,4617.85,0
1781867700000,1689.21,1693.55,1687.93,1692.02,2978.29,0
1781868600000,1692.02,1693.12,1691.28,1692.44,1787.86,0
1781869500000,1692.44,1693.3,1690.36,1690.99,2274.48,0
1781870400000,1690.99,1693.51,1689.12,1689.39,3421.22,0
1781871300000,1689.39,1689.42,1686.26,1688.54,4675.06,0
1781872200000,1688.54,1690.0,1681.57,1685.32,14898.65,0
1781873100000,1685.32,1695.76,1678.0,1694.31,47670.58,0
1781874000000,1694.31,1698.68,1690.98,1692.64,16442.15,0
1781874900000,1692.64,1693.86,1686.4,1690.36,7100.94,0
1781875800000,1690.36,1702.37,1689.41,1700.18,14889.82,0
1781876700000,1700.18,1711.0,1699.64,1702.23,54160.95,0
1781877600000,1702.23,1704.86,1696.3,1697.61,12207.8,0
1781878500000,1697.61,1704.0,1695.32,1702.86,10841.72,0
1781879400000,1702.86,1707.25,1700.66,1704.0,10006.45,0
1781880300000,1704.0,1709.0,1703.79,1705.95,7893.12,0
1781881200000,1705.95,1706.63,1702.61,1705.11,5795.22,0
1781882100000,1705.11,1706.52,1696.8,1698.65,17333.56,0
1781883000000,1698.65,1711.79,1698.65,1708.03,25522.94,0
1781883900000,1708.03,1708.88,1705.48,1707.05,6018.22,0
1781884800000,1707.05,1711.05,1703.8,1710.77,10321.98,0
1781885700000,1710.77,1710.84,1706.3,1707.01,9623.65,0
1781886600000,1707.01,1707.42,1703.21,1704.51,6788.03,0
1781887500000,1704.51,1704.51,1693.95,1695.85,14138.04,0
1781888400000,1695.85,1697.12,1692.4,1696.39,7459.59,0
1781889300000,1696.39,1701.42,1693.18,1695.84,7304.06,0
1781890200000,1695.84,1701.74,1695.42,1701.25,4563.09,0
1781891100000,1701.25,1705.96,1699.45,1703.92,8262.28,0
1781892000000,1703.92,1704.7,1701.81,1704.42,2754.24,0
1781892900000,1704.42,1704.74,1702.2,1702.68,1447.2,0
1781893800000,1702.68,1703.73,1697.39,1700.27,6160.87,0
1781894700000,1700.27,1702.64,1699.98,1701.81,2490.75,0
1781895600000,1701.81,1703.93,1698.55,1701.25,3654.2,0
1781896500000,1701.25,1701.83,1697.09,1699.0,2668.5,0
1781897400000,1699.0,1700.18,1697.65,1699.4,1132.85,0
1781898300000,1699.4,1703.6,1698.68,1700.32,6762.82,0
1781899200000,1700.32,1703.78,1700.25,1702.22,2726.63,0
1781900100000,1702.22,1702.22,1697.64,1701.81,2005.73,0
1781901000000,1701.81,1703.44,1700.29,1701.76,2689.76,0
1781901900000,1701.76,1708.65,1701.51,1707.89,7645.98,0
1781902800000,1707.89,1707.9,1704.36,1707.42,3917.36,0
1781903700000,1707.42,1707.42,1703.65,1703.87,1593.84,0
1781904600000,1703.87,1704.69,1701.55,1701.55,1910.64,0
1781905500000,1701.55,1703.15,1700.46,1701.01,2331.72,0
1781906400000,1701.01,1702.29,1699.56,1701.75,2482.86,0
1781907300000,1701.75,1710.63,1701.59,1707.54,12118.12,0
1781908200000,1707.54,1708.02,1705.06,1707.22,5297.57,0
1781909100000,1707.22,1708.6,1705.85,1706.69,2873.77,0
1781910000000,1706.69,1707.44,1703.97,1704.92,3056.0,0
1781910900000,1704.92,1707.45,1704.22,1707.23,3293.85,0
1781911800000,1707.23,1707.99,1706.15,1707.03,2447.37,0
1781912700000,1707.03,1714.77,1705.65,1710.16,10052.88,0
1781913600000,1710.16,1712.43,1707.53,1709.13,13211.56,0
1781914500000,1709.13,1712.25,1707.68,1711.08,3357.88,0
1781915400000,1711.08,1718.0,1707.09,1710.18,23439.51,0
1781916300000,1710.18,1710.53,1707.94,1707.94,4221.04,0
1781917200000,1707.94,1708.69,1705.7,1707.15,2854.12,0
1781918100000,1707.15,1709.76,1706.02,1708.31,1909.65,0
1781919000000,1708.31,1713.07,1707.81,1708.4,4982.03,0
1781919900000,1708.4,1709.79,1707.48,1708.95,1275.83,0
1781920800000,1708.95,1709.71,1706.03,1706.36,1778.83,0
1781921700000,1706.36,1706.36,1702.39,1703.65,6416.84,0
1781922600000,1703.65,1707.43,1703.65,1705.1,2700.01,0
1781923500000,1705.1,1706.53,1703.79,1704.18,2473.4,0
1781924400000,1704.18,1706.38,1703.71,1705.94,2321.24,0
1781925300000,1705.94,1707.75,1705.94,1707.14,1194.7,0
1781926200000,1707.14,1708.45,1705.51,1707.37,1379.01,0
1781927100000,1707.37,1707.83,1706.04,1707.38,1230.68,0
1781928000000,1707.38,1708.45,1705.75,1706.76,1690.32,0
1781928900000,1706.76,1712.17,1706.63,1712.17,2676.73,0
1781929800000,1712.17,1714.69,1710.26,1714.2,8055.72,0
1781930700000,1714.2,1714.25,1711.89,1712.72,3916.68,0
1781931600000,1712.72,1734.07,1711.54,1729.1,72507.77,0
1781932500000,1729.1,1730.0,1719.85,1721.65,25385.81,0
1781933400000,1721.65,1726.75,1721.63,1722.8,10697.27,0
1781934300000,1722.8,1726.77,1721.11,1725.25,6797.8,0
1781935200000,1725.25,1726.62,1723.13,1725.62,5548.23,0
1781936100000,1725.62,1729.0,1723.84,1726.92,12164.43,0
1781937000000,1726.92,1727.34,1723.57,1725.89,3904.0,0
1781937900000,1725.89,1727.92,1724.88,1726.91,6012.25,0
1781938800000,1726.91,1727.19,1722.08,1724.63,3375.82,0
1781939700000,1724.63,1727.9,1724.01,1727.35,3173.54,0
1781940600000,1727.35,1728.94,1726.11,1726.67,3610.73,0
1781941500000,1726.67,1727.5,1724.37,1725.05,3289.15,0
1781942400000,1725.05,1726.31,1721.55,1724.44,5760.29,0
1781943300000,1724.44,1726.11,1722.84,1722.84,2459.79,0
1781944200000,1722.84,1723.43,1720.09,1722.72,12850.85,0
1781945100000,1722.72,1723.32,1720.45,1722.04,2725.87,0
1781946000000,1722.04,1726.53,1722.04,1724.88,3347.13,0
1781946900000,1724.88,1725.48,1722.38,1722.82,3793.42,0
1781947800000,1722.82,1729.77,1722.63,1728.31,21971.65,0
1781948700000,1728.31,1729.55,1726.84,1727.8,4471.74,0
1781949600000,1727.8,1728.24,1725.65,1726.85,2263.04,0
1781950500000,1726.85,1729.0,1726.31,1727.44,2894.6,0
1781951400000,1727.44,1727.56,1724.68,1725.49,2808.8,0
1781952300000,1725.49,1727.59,1725.49,1726.79,1682.4,0
1781953200000,1726.79,1728.35,1725.03,1725.99,1918.82,0
1781954100000,1725.99,1727.66,1725.46,1725.87,2061.79,0
1781955000000,1725.87,1727.69,1725.22,1727.16,1402.61,0
1781955900000,1727.16,1732.7,1725.99,1726.31,16146.1,0
1781956800000,1726.31,1729.8,1726.08,1728.99,4643.37,0
1781957700000,1728.99,1729.1,1726.65,1728.41,3763.34,0
1781958600000,1728.41,1728.41,1723.42,1724.62,6716.2,0
1781959500000,1724.62,1726.34,1722.89,1726.07,3090.77,0
1781960400000,1726.07,1726.5,1723.31,1723.32,3057.7,0
1781961300000,1723.32,1725.27,1711.52,1713.99,32715.52,0
1781962200000,1713.99,1718.66,1713.48,1717.8,8228.34,0
1781963100000,1717.8,1718.85,1715.51,1716.61,4800.98,0
1781964000000,1716.61,1716.69,1707.15,1707.97,18197.99,0
1781964900000,1707.97,1712.65,1707.97,1712.39,5488.22,0
1781965800000,1712.39,1719.72,1711.17,1719.03,7315.75,0
1781966700000,1719.03,1746.3,1718.01,1732.74,85951.73,0
1781967600000,1732.74,1737.15,1728.57,1735.2,14856.53,0
1781968500000,1735.2,1749.0,1733.02,1741.62,54081.12,0
1781969400000,1741.62,1742.97,1737.55,1738.41,12231.56,0
1781970300000,1738.41,1741.14,1736.77,1740.11,6538.01,0
1781971200000,1740.11,1740.26,1734.28,1735.54,8739.19,0
1781972100000,1735.54,1737.76,1731.98,1732.54,10476.78,0
1781973000000,1732.54,1733.67,1729.77,1731.54,10483.89,0
1781973900000,1731.54,1733.83,1730.69,1733.22,3829.62,0
1781974800000,1733.22,1733.22,1728.29,1729.87,5685.1,0
1781975700000,1729.87,1729.88,1725.7,1729.08,6359.71,0
1781976600000,1729.08,1731.22,1720.01,1725.18,20474.8,0
1781977500000,1725.18,1727.4,1724.39,1725.84,3506.63,0
1781978400000,1725.84,1731.3,1725.44,1726.74,12731.74,0
1781979300000,1726.74,1729.66,1726.74,1728.69,4331.85,0
1781980200000,1728.69,1729.89,1725.64,1726.99,4403.22,0
1781981100000,1726.99,1727.79,1725.07,1725.74,2904.43,0
1781982000000,1725.74,1727.69,1723.67,1727.09,11348.76,0
1781982900000,1727.09,1727.92,1724.34,1725.64,7288.7,0
1781983800000,1725.64,1729.35,1725.11,1728.85,2382.63,0
1781984700000,1728.85,1729.24,1727.62,1728.26,1817.11,0
1781985600000,1728.26,1730.0,1727.55,1729.05,1245.85,0
1781986500000,1729.05,1730.18,1727.54,1727.97,2010.87,0
1781987400000,1727.97,1728.19,1725.5,1727.39,1211.17,0
1781988300000,1727.39,1730.58,1727.21,1730.12,3885.58,0
1781989200000,1730.12,1736.37,1729.45,1734.41,13935.79,0
1781990100000,1734.41,1734.72,1731.5,1732.37,3218.54,0
1781991000000,1732.37,1736.44,1731.8,1735.74,3999.55,0
1781991900000,1735.74,1737.24,1733.04,1734.73,5096.43,0
1781992800000,1734.73,1739.61,1732.3,1738.09,8470.55,0
1781993700000,1738.09,1744.18,1735.61,1742.48,10371.68,0
1781994600000,1742.48,1745.73,1740.11,1742.59,14842.77,0
1781995500000,1742.59,1744.53,1740.38,1742.69,5680.72,0
1781996400000,1742.69,1743.06,1740.75,1741.02,6460.56,0
1781997300000,1741.02,1743.08,1739.72,1740.23,3927.98,0
1781998200000,1740.23,1742.28,1739.69,1741.22,3796.17,0
1781999100000,1741.22,1741.22,1739.76,1740.0,2184.24,0
1782000000000,1740.0,1740.2,1734.67,1737.78,8211.76,0
1782000900000,1737.78,1738.74,1735.11,1736.52,4652.21,0
1782001800000,1736.52,1738.97,1735.75,1737.23,2400.48,0
1782002700000,1737.23,1738.3,1735.63,1737.0,3302.55,0
1782003600000,1737.0,1737.35,1734.26,1734.64,4111.34,0
1782004500000,1734.64,1735.48,1733.37,1734.47,2890.55,0
1782005400000,1734.47,1737.41,1733.62,1736.68,4077.79,0
1782006300000,1736.68,1739.4,1735.98,1735.98,1989.82,0
1782007200000,1735.98,1737.31,1734.87,1736.38,1636.81,0
1782008100000,1736.38,1736.99,1734.65,1735.77,1204.98,0
1782009000000,1735.77,1736.74,1734.75,1735.77,2338.12,0
1782009900000,1735.77,1737.0,1734.85,1735.28,923.98,0
1782010800000,1735.28,1735.58,1732.5,1735.58,3800.34,0
1782011700000,1735.58,1740.96,1733.97,1735.59,5501.07,0
1782012600000,1735.59,1739.17,1735.1,1738.34,2883.75,0
1782013500000,1738.34,1738.97,1737.13,1737.14,1219.18,0
1782014400000,1737.14,1737.5,1734.5,1735.51,1371.61,0
1782015300000,1735.51,1739.69,1735.51,1738.45,2076.79,0
1782016200000,1738.45,1740.66,1736.58,1736.84,2939.47,0
1782017100000,1736.84,1736.84,1730.2,1732.14,9484.3,0
1782018000000,1732.14,1733.01,1730.05,1730.94,5372.12,0
1782018900000,1730.94,1735.21,1728.28,1734.13,13360.32,0
1782019800000,1734.13,1735.64,1732.59,1733.28,4097.52,0
1782020700000,1733.28,1733.29,1730.93,1732.48,2723.93,0
1782021600000,1732.48,1734.54,1731.45,1733.55,3272.23,0
1782022500000,1733.55,1736.0,1732.98,1735.03,2205.55,0
1782023400000,1735.03,1737.9,1734.27,1736.24,1728.01,0
1782024300000,1736.24,1736.6,1734.8,1735.32,1839.56,0
1782025200000,1735.32,1735.52,1733.3,1734.25,2044.26,0
1782026100000,1734.25,1734.78,1731.62,1731.97,2897.28,0
1782027000000,1731.97,1733.54,1731.77,1733.23,3911.97,0
1782027900000,1733.23,1733.51,1730.51,1731.16,5471.91,0
1782028800000,1731.16,1732.23,1728.49,1729.91,5383.4,0
1782029700000,1729.91,1730.06,1727.56,1728.48,3898.78,0
1782030600000,1728.48,1729.3,1722.54,1727.48,11370.6,0
1782031500000,1727.48,1728.0,1725.55,1728.0,3130.02,0
1782032400000,1728.0,1729.25,1726.35,1726.43,3410.52,0
1782033300000,1726.43,1729.81,1725.0,1727.97,4892.11,0
1782034200000,1727.97,1733.62,1727.96,1730.47,9330.61,0
1782035100000,1730.47,1732.93,1730.25,1732.05,2622.78,0
1782036000000,1732.05,1734.72,1730.82,1733.32,5693.65,0
1782036900000,1733.32,1736.55,1732.66,1733.64,4928.51,0
1782037800000,1733.64,1733.66,1731.47,1731.55,5045.06,0
1782038700000,1731.55,1733.14,1730.07,1730.58,3883.82,0
1782039600000,1730.58,1734.06,1728.74,1731.64,3406.64,0
1782040500000,1731.64,1731.65,1716.93,1726.63,37253.56,0
1782041400000,1726.63,1727.29,1722.63,1725.55,4428.07,0
1782042300000,1725.55,1727.45,1722.17,1724.45,5462.26,0
1782043200000,1724.45,1725.68,1720.31,1721.19,5601.21,0
1782044100000,1721.19,1721.2,1715.15,1718.03,26036.78,0
1782045000000,1718.03,1720.79,1716.09,1719.73,7130.54,0
1782045900000,1719.73,1726.73,1719.52,1724.88,17380.89,0
1782046800000,1724.88,1727.35,1723.0,1725.06,15495.2,0
1782047700000,1725.06,1727.06,1723.67,1725.42,6008.33,0
1782048600000,1725.42,1725.97,1721.0,1721.83,6263.96,0
1782049500000,1721.83,1725.0,1721.73,1724.23,4439.48,0
1782050400000,1724.23,1725.0,1721.8,1722.51,4194.86,0
1782051300000,1722.51,1723.9,1720.78,1721.7,4061.99,0
1782052200000,1721.7,1725.42,1721.16,1724.39,2643.53,0
1782053100000,1724.39,1728.0,1722.78,1727.69,10817.08,0
1782054000000,1727.69,1731.54,1726.06,1728.1,14853.51,0
1782054900000,1728.1,1731.36,1727.99,1730.84,8711.74,0
1782055800000,1730.84,1731.97,1728.89,1730.14,4276.64,0
1782056700000,1730.14,1730.4,1729.4,1729.9,2884.0,0
1782057600000,1729.9,1729.9,1725.09,1726.83,5625.72,0
1782058500000,1726.83,1728.54,1725.55,1726.19,2265.81,0
1782059400000,1726.19,1726.54,1721.28,1724.54,5891.35,0
1782060300000,1724.54,1729.16,1724.33,1727.41,3494.65,0
1782061200000,1727.41,1730.87,1726.78,1729.31,2755.47,0
1782062100000,1729.31,1729.84,1725.81,1726.03,1969.1,0
1782063000000,1726.03,1726.78,1724.81,1726.34,3493.68,0
1782063900000,1726.34,1728.38,1726.34,1726.49,1266.26,0
1782064800000,1726.49,1726.95,1720.67,1722.55,10083.72,0
1782065700000,1722.55,1725.45,1722.51,1725.08,2708.87,0
1782066600000,1725.08,1737.36,1724.72,1733.49,18111.23,0
1782067500000,1733.49,1737.19,1732.03,1734.39,7296.66,0
1782068400000,1734.39,1738.56,1733.52,1735.54,5496.86,0
1782069300000,1735.54,1735.74,1732.72,1733.39,2169.4,0
1782070200000,1733.39,1734.83,1732.87,1734.09,1260.14,0
1782071100000,1734.09,1735.39,1733.06,1733.29,1171.45,0
1782072000000,1733.29,1734.75,1730.45,1730.88,4559.61,0
1782072900000,1730.88,1731.74,1728.09,1729.92,3164.42,0
1782073800000,1729.92,1730.7,1725.32,1726.83,10351.58,0
1782074700000,1726.83,1727.14,1716.03,1720.32,24448.44,0
1782075600000,1720.32,1721.44,1700.23,1709.44,59720.79,0
1782076500000,1709.44,1716.47,1700.0,1713.56,24526.97,0
1782077400000,1713.56,1723.44,1713.43,1719.52,18790.66,0
1782078300000,1719.52,1720.88,1715.92,1717.35,4658.94,0
1782079200000,1717.35,1720.27,1711.65,1715.33,14171.39,0
1782080100000,1715.33,1718.42,1713.44,1713.51,11313.31,0
1782081000000,1713.51,1715.78,1707.12,1713.74,14000.38,0
1782081900000,1713.74,1718.89,1713.31,1716.7,5289.24,0
1782082800000,1716.7,1716.7,1708.92,1710.84,9145.39,0
1782083700000,1710.84,1715.39,1709.45,1712.46,4460.87,0
1782084600000,1712.46,1713.77,1703.19,1705.39,20824.37,0
1782085500000,1705.39,1708.35,1703.61,1706.15,7569.67,0
1782086400000,1706.15,1714.92,1705.92,1711.7,12919.87,0
1782087300000,1711.7,1720.52,1711.53,1719.66,19861.94,0
1782088200000,1719.66,1732.19,1718.41,1725.08,43115.29,0
1782089100000,1725.08,1729.13,1719.74,1726.3,14387.22,0
1782090000000,1726.3,1729.97,1723.78,1725.11,9229.62,0
1782090900000,1725.11,1759.26,1725.11,1751.96,94790.42,0
1782091800000,1751.96,1754.25,1740.95,1743.88,25352.65,0
1782092700000,1743.88,1746.25,1742.29,1743.07,6758.68,0
1782093600000,1743.07,1744.68,1737.87,1739.86,10094.28,0
1782094500000,1739.86,1744.63,1738.4,1741.0,8673.46,0
1782095400000,1741.0,1744.8,1739.16,1742.39,5340.44,0
1782096300000,1742.39,1742.68,1736.23,1736.39,8813.81,0
1782097200000,1736.39,1736.7,1725.5,1730.69,38254.28,0
1782098100000,1730.69,1739.32,1730.69,1735.77,9176.84,0
1782099000000,1735.77,1740.6,1733.34,1734.03,11022.95,0
1782099900000,1734.03,1734.69,1725.53,1729.15,12231.86,0
1782100800000,1729.15,1732.84,1726.62,1731.24,6939.77,0
1782101700000,1731.24,1734.0,1729.68,1733.56,4619.47,0
1782102600000,1733.56,1734.4,1730.0,1731.01,12105.05,0
1782103500000,1731.01,1735.0,1730.85,1734.35,5433.31,0
1782104400000,1734.35,1737.39,1732.9,1736.13,8556.51,0
1782105300000,1736.13,1738.78,1735.01,1737.05,6670.88,0
1782106200000,1737.05,1739.0,1735.15,1736.76,5410.83,0
1782107100000,1736.76,1737.33,1734.85,1736.13,2361.27,0
1782108000000,1736.13,1739.44,1733.02,1737.3,5509.91,0
1782108900000,1737.3,1739.38,1734.68,1735.65,4879.8,0
1782109800000,1735.65,1735.74,1732.32,1733.7,4599.32,0
1782110700000,1733.7,1735.02,1732.32,1734.11,2167.52,0
1782111600000,1734.11,1746.0,1733.81,1743.54,26728.99,0
1782112500000,1743.54,1748.97,1743.4,1747.64,18890.88,0
1782113400000,1747.64,1751.13,1746.8,1747.11,17631.72,0
1782114300000,1747.11,1749.01,1744.5,1745.81,8562.37,0
1782115200000,1745.81,1751.58,1742.95,1751.15,11890.96,0
1782116100000,1751.15,1751.85,1745.37,1745.72,7624.6,0
1782117000000,1745.72,1748.87,1743.0,1748.78,5058.56,0
1782117900000,1748.78,1750.36,1745.36,1747.02,4866.3,0
1782118800000,1747.02,1749.91,1746.32,1748.02,5013.43,0
1782119700000,1748.02,1749.34,1744.69,1745.64,4781.53,0
1782120600000,1745.64,1748.39,1743.0,1746.33,6525.07,0
1782121500000,1746.33,1746.94,1745.04,1745.37,2147.42,0
1782122400000,1745.37,1750.91,1744.32,1749.0,6274.35,0
1782123300000,1749.0,1750.44,1746.17,1746.9,4645.82,0
1782124200000,1746.9,1750.87,1746.0,1746.39,5028.11,0
1782125100000,1746.39,1749.33,1746.39,1748.04,2879.77,0
1782126000000,1748.04,1756.9,1746.47,1751.21,19165.62,0
1782126900000,1751.21,1754.44,1748.01,1752.15,14595.54,0
1782127800000,1752.15,1764.95,1752.15,1763.09,51039.84,0
1782128700000,1763.09,1774.36,1761.82,1766.99,50206.16,0
1782129600000,1766.99,1771.65,1763.23,1764.75,24206.51,0
1782130500000,1764.75,1768.65,1762.78,1766.43,8075.08,0
1782131400000,1766.43,1766.8,1760.24,1763.53,20856.02,0
1782132300000,1763.53,1766.61,1760.34,1763.32,10208.73,0
1782133200000,1763.32,1766.16,1762.02,1763.8,10412.25,0
1782134100000,1763.8,1765.19,1761.3,1763.77,5242.56,0
1782135000000,1763.77,1779.5,1760.89,1773.5,60836.15,0
1782135900000,1773.5,1777.05,1770.95,1776.97,17681.73,0
1782136800000,1776.97,1777.33,1765.0,1767.0,21967.79,0
1782137700000,1767.0,1767.46,1753.79,1754.24,38614.1,0
1782138600000,1754.24,1758.42,1750.43,1752.38,56810.28,0
1782139500000,1752.38,1757.6,1748.77,1753.62,26449.03,0
1782140400000,1753.62,1757.2,1750.35,1754.62,12330.46,0
1782141300000,1754.62,1755.67,1750.0,1753.14,11438.9,0
1782142200000,1753.14,1755.6,1751.48,1753.64,8426.27,0
1782143100000,1753.64,1754.1,1741.13,1743.81,28149.73,0
1782144000000,1743.81,1745.25,1735.31,1741.18,46006.68,0
1782144900000,1741.18,1744.38,1737.78,1740.98,19026.56,0
1782145800000,1740.98,1741.53,1733.25,1737.33,16745.59,0
1782146700000,1737.33,1742.27,1731.85,1739.34,34236.63,0
1782147600000,1739.34,1742.39,1738.21,1740.79,8119.83,0
1782148500000,1740.79,1741.51,1732.85,1733.25,26221.41,0
1782149400000,1733.25,1735.75,1730.02,1734.27,14809.59,0
1782150300000,1734.27,1741.6,1733.84,1740.32,9428.14,0
1782151200000,1740.32,1746.1,1740.32,1745.07,29290.77,0
1782152100000,1745.07,1747.25,1739.78,1741.05,9086.5,0
1782153000000,1741.05,1742.37,1739.0,1739.28,4730.08,0
1782153900000,1739.28,1739.57,1727.46,1732.67,60660.19,0
1782154800000,1732.67,1734.69,1728.07,1734.06,36668.92,0
1782155700000,1734.06,1736.0,1727.73,1730.52,12643.06,0
1782156600000,1730.52,1734.86,1729.81,1732.7,5549.78,0
1782157500000,1732.7,1734.69,1729.05,1733.68,9759.9,0
1782158400000,1733.68,1739.0,1732.99,1736.04,24842.93,0
1782159300000,1736.04,1737.47,1730.65,1732.69,14702.78,0
1782160200000,1732.69,1735.64,1732.4,1735.24,11019.25,0
1782161100000,1735.24,1736.04,1730.17,1733.89,6075.39,0
1782162000000,1733.89,1736.89,1732.57,1734.63,15961.04,0
1782162900000,1734.63,1734.72,1730.17,1733.19,4025.89,0
1782163800000,1733.19,1733.57,1725.65,1728.08,8383.83,0
1782164700000,1728.08,1731.9,1727.8,1731.9,3353.47,0
1782165600000,1731.9,1735.18,1731.1,1732.53,4042.22,0
1782166500000,1732.53,1732.88,1716.17,1721.26,32871.32,0
1782167400000,1721.26,1724.52,1715.34,1718.34,19535.27,0
1782168300000,1718.34,1723.99,1717.47,1723.42,7045.23,0
1782169200000,1723.42,1725.25,1722.19,1722.5,5910.73,0
1782170100000,1722.5,1726.56,1720.09,1725.61,5557.96,0
1782171000000,1725.61,1729.67,1723.6,1726.26,11640.8,0
1782171900000,1726.26,1728.77,1724.82,1727.19,4492.31,0
1782172800000,1727.19,1727.82,1723.23,1724.68,4988.09,0
1782173700000,1724.68,1726.2,1718.75,1720.88,5375.31,0
1782174600000,1720.88,1728.5,1720.88,1728.31,5199.07,0
1782175500000,1728.31,1731.5,1726.01,1730.41,22373.96,0
1782176400000,1730.41,1735.85,1730.25,1731.58,12994.65,0
1782177300000,1731.58,1734.76,1730.53,1732.84,2471.6,0
1782178200000,1732.84,1734.0,1726.38,1727.17,13596.58,0
1782179100000,1727.17,1730.86,1719.65,1729.82,33413.67,0
1782180000000,1729.82,1731.37,1725.28,1728.46,6162.62,0
1782180900000,1728.46,1732.58,1728.45,1730.04,3970.3,0
1782181800000,1730.04,1732.53,1729.51,1731.37,2215.7,0
1782182700000,1731.37,1734.46,1730.36,1731.95,3749.95,0
1782183600000,1731.95,1732.63,1725.0,1727.91,4946.7,0
1782184500000,1727.91,1730.27,1726.53,1728.95,3701.73,0
1782185400000,1728.95,1728.95,1725.62,1726.94,1937.59,0
1782186300000,1726.94,1729.66,1726.6,1729.17,1740.02,0
1782187200000,1729.17,1730.63,1727.5,1729.88,2415.77,0
1782188100000,1729.88,1729.88,1723.66,1727.11,3125.99,0
1782189000000,1727.11,1727.12,1721.59,1722.46,4798.96,0
1782189900000,1722.46,1723.4,1717.05,1718.17,12015.78,0
1782190800000,1718.17,1720.67,1716.25,1718.47,8148.3,0
1782191700000,1718.47,1719.25,1708.77,1712.52,47427.56,0
1782192600000,1712.52,1714.0,1709.0,1713.15,12641.66,0
1782193500000,1713.15,1713.97,1710.77,1712.41,10156.4,0
1782194400000,1712.41,1712.79,1701.5,1706.23,46168.77,0
1782195300000,1706.23,1708.18,1679.0,1686.19,96649.38,0
1782196200000,1686.19,1691.41,1682.08,1689.05,25003.12,0
1782197100000,1689.05,1692.77,1688.14,1690.98,11523.54,0
1782198000000,1690.98,1693.75,1690.0,1692.92,6060.11,0
1782198900000,1692.92,1695.4,1691.35,1692.3,5426.33,0
1782199800000,1692.3,1692.63,1686.01,1686.68,16280.95,0
1782200700000,1686.68,1688.84,1680.64,1681.76,13489.8,0
1782201600000,1681.76,1683.9,1673.01,1674.77,43478.09,0
1782202500000,1674.77,1674.79,1633.25,1641.0,157929.35,0
1782203400000,1641.0,1651.44,1640.55,1648.24,45371.12,0
1782204300000,1648.24,1649.34,1645.02,1647.16,13524.62,0
1782205200000,1647.16,1651.32,1647.0,1649.86,13257.73,0
1782206100000,1649.86,1653.33,1649.17,1652.66,7636.05,0
1782207000000,1652.66,1653.06,1647.04,1648.82,7886.77,0
1782207900000,1648.82,1651.14,1648.28,1649.91,5026.38,0
1782208800000,1649.91,1658.0,1649.81,1655.46,15112.19,0
1782209700000,1655.46,1655.51,1651.52,1653.1,5663.11,0
1782210600000,1653.1,1653.48,1648.21,1649.4,10415.84,0
1782211500000,1649.4,1652.25,1648.24,1651.63,4967.3,0
1782212400000,1651.63,1654.91,1651.58,1654.81,5449.05,0
1782213300000,1654.81,1662.62,1654.18,1659.59,16753.75,0
1782214200000,1659.59,1663.0,1658.11,1660.25,9946.08,0
1782215100000,1660.25,1662.93,1656.94,1659.93,8347.92,0
1782216000000,1659.93,1661.52,1655.8,1657.49,7102.18,0
1782216900000,1657.49,1659.0,1655.23,1657.65,5626.7,0
1782217800000,1657.65,1659.89,1654.39,1657.2,7804.33,0
1782218700000,1657.2,1657.85,1652.48,1653.86,12240.77,0
1782219600000,1653.86,1654.26,1648.63,1651.87,17611.83,0
1782220500000,1651.87,1651.88,1645.9,1648.15,19465.65,0
1782221400000,1648.15,1660.9,1644.08,1658.11,59100.12,0
1782222300000,1658.11,1663.46,1655.08,1661.81,19869.77,0
1782223200000,1661.81,1667.84,1658.5,1666.69,24709.42,0
1782224100000,1666.69,1669.34,1657.01,1661.0,22879.75,0
1782225000000,1661.0,1671.3,1658.56,1662.22,27017.77,0
1782225900000,1662.22,1665.21,1659.12,1661.19,20350.13,0
1782226800000,1661.19,1662.47,1653.85,1655.84,16667.29,0
1782227700000,1655.84,1655.93,1650.31,1653.14,11811.7,0
1782228600000,1653.14,1660.13,1652.61,1654.8,9941.67,0
1782229500000,1654.8,1658.95,1650.05,1658.73,14450.13,0
1782230400000,1658.73,1673.85,1656.61,1667.34,35050.91,0
1782231300000,1667.34,1668.09,1660.21,1661.28,7357.21,0
1782232200000,1661.28,1662.28,1659.27,1661.67,5331.32,0
1782233100000,1661.67,1662.44,1657.33,1658.52,6250.03,0
1782234000000,1658.52,1660.33,1654.07,1656.81,8789.77,0
1782234900000,1656.81,1662.66,1656.6,1661.86,7043.17,0
1782235800000,1661.86,1664.0,1656.75,1658.6,4044.68,0
1782236700000,1658.6,1659.73,1653.26,1655.89,5240.65,0
1782237600000,1655.89,1660.0,1654.0,1657.2,7017.99,0
1782238500000,1657.2,1659.33,1654.88,1656.67,9327.01,0
1782239400000,1656.67,1656.67,1648.53,1649.98,11880.73,0
1782240300000,1649.98,1656.42,1648.76,1654.4,7296.78,0
1782241200000,1654.4,1661.43,1654.28,1658.86,6146.29,0
1782242100000,1658.86,1661.2,1655.43,1660.97,5901.12,0
1782243000000,1660.97,1662.25,1657.39,1657.39,3666.75,0
1782243900000,1657.39,1662.95,1656.4,1661.57,7420.21,0
1782244800000,1661.57,1666.76,1661.57,1663.46,9360.15,0
1782245700000,1663.46,1664.79,1661.38,1663.13,3050.93,0
1782246600000,1663.13,1663.25,1660.96,1662.11,5366.59,0
1782247500000,1662.11,1663.6,1660.39,1662.89,3710.76,0
1782248400000,1662.89,1666.97,1662.37,1664.28,5118.73,0
1782249300000,1664.28,1666.14,1663.22,1665.96,2590.34,0
1782250200000,1665.96,1666.82,1664.36,1665.95,3420.57,0
1782251100000,1665.95,1667.57,1664.87,1665.77,3755.62,0
1782252000000,1665.77,1671.26,1665.24,1670.42,8481.59,0
1782252900000,1670.42,1672.88,1662.73,1664.46,35969.32,0
1782253800000,1664.46,1665.54,1662.13,1662.68,5686.35,0
1782254700000,1662.68,1664.94,1662.0,1663.57,1968.28,0
1782255600000,1663.57,1663.65,1659.09,1660.52,6262.83,0
1782256500000,1660.52,1664.85,1660.52,1663.07,3867.29,0
1782257400000,1663.07,1663.89,1660.9,1661.65,2682.8,0
1782258300000,1661.65,1668.52,1661.2,1666.19,4401.63,0
1782259200000,1666.19,1672.4,1665.67,1670.21,12897.16,0
1782260100000,1670.21,1671.53,1666.86,1667.88,4633.49,0
1782261000000,1667.88,1673.78,1666.66,1669.81,6372.49,0
1782261900000,1669.81,1672.7,1667.73,1670.44,4297.85,0
1782262800000,1670.44,1671.76,1665.12,1671.59,6641.91,0
1782263700000,1671.59,1672.22,1665.12,1670.68,7212.85,0
1782264600000,1670.68,1680.25,1670.5,1673.8,34795.88,0
1782265500000,1673.8,1676.41,1671.25,1671.99,8091.23,0
1782266400000,1671.99,1672.96,1668.01,1670.95,12617.34,0
1782267300000,1670.95,1670.99,1664.06,1666.8,7170.38,0
1782268200000,1666.8,1668.73,1662.41,1667.07,9092.0,0
1782269100000,1667.07,1667.62,1662.72,1662.98,4321.65,0
1782270000000,1662.98,1665.28,1661.15,1662.89,9387.3,0
1782270900000,1662.89,1663.44,1656.51,1663.44,12395.51,0
1782271800000,1663.44,1668.32,1662.99,1667.2,9164.85,0
1782272700000,1667.2,1669.14,1664.56,1665.7,8024.68,0
1782273600000,1665.7,1666.57,1663.12,1663.86,9601.83,0
1782274500000,1663.86,1665.58,1657.2,1658.69,6133.07,0
1782275400000,1658.69,1665.21,1658.48,1663.57,4199.45,0
1782276300000,1663.57,1670.22,1663.57,1667.87,7161.21,0
1782277200000,1667.87,1670.93,1666.83,1668.48,4490.29,0
1782278100000,1668.48,1672.51,1668.44,1672.41,8578.03,0
1782279000000,1672.41,1679.0,1671.46,1674.8,13541.65,0
1782279900000,1674.8,1675.94,1670.84,1673.62,9640.04,0
1782280800000,1673.62,1674.24,1669.51,1672.67,6020.73,0
1782281700000,1672.67,1675.79,1671.74,1674.27,5335.08,0
1782282600000,1674.27,1676.14,1673.3,1673.33,3422.6,0
1782283500000,1673.33,1675.38,1671.74,1673.9,4108.45,0
1782284400000,1673.9,1678.35,1671.83,1677.45,20836.61,0
1782285300000,1677.45,1677.46,1672.08,1672.36,4833.57,0
1782286200000,1672.36,1674.97,1669.68,1671.63,13646.44,0
1782287100000,1671.63,1673.2,1670.09,1672.32,4137.34,0
1782288000000,1672.32,1673.68,1668.22,1670.41,8771.48,0
1782288900000,1670.41,1672.08,1668.56,1669.67,3563.28,0
1782289800000,1669.67,1674.53,1669.04,1673.35,8918.04,0
1782290700000,1673.35,1674.2,1671.7,1672.32,3212.65,0
1782291600000,1672.32,1672.32,1667.32,1669.85,7041.59,0
1782292500000,1669.85,1670.06,1666.59,1666.89,2714.06,0
1782293400000,1666.89,1667.1,1664.0,1665.79,4769.7,0
1782294300000,1665.79,1667.87,1664.81,1666.14,1937.39,0
1782295200000,1666.14,1666.7,1662.11,1665.46,7002.33,0
1782296100000,1665.46,1667.21,1660.84,1664.72,10054.75,0
1782297000000,1664.72,1667.24,1663.12,1666.02,4030.08,0
1782297900000,1666.02,1666.02,1662.1,1662.83,3616.3,0
1782298800000,1662.83,1664.32,1657.75,1657.95,9123.67,0
1782299700000,1657.95,1659.69,1654.84,1657.15,12453.92,0
1782300600000,1657.15,1669.59,1657.15,1668.99,18072.17,0
1782301500000,1668.99,1692.67,1667.67,1678.63,87877.88,0
1782302400000,1678.63,1680.64,1675.02,1677.35,11819.43,0
1782303300000,1677.35,1679.39,1675.01,1676.05,6222.71,0
1782304200000,1676.05,1677.63,1673.07,1675.69,8024.49,0
1782305100000,1675.69,1676.06,1669.67,1670.85,8001.47,0
1782306000000,1670.85,1671.67,1651.64,1654.69,60734.66,0
1782306900000,1654.69,1660.37,1641.02,1651.12,76776.82,0
1782307800000,1651.12,1663.39,1643.28,1647.2,56208.97,0
1782308700000,1647.2,1654.61,1640.28,1644.5,40047.82,0
1782309600000,1644.5,1650.24,1636.56,1645.1,42835.18,0
1782310500000,1645.1,1649.94,1637.05,1648.38,31418.01,0
1782311400000,1648.38,1656.6,1645.01,1649.73,19132.72,0
1782312300000,1649.73,1652.64,1642.0,1646.54,12447.81,0
1782313200000,1646.54,1647.01,1635.8,1638.88,23417.93,0
1782314100000,1638.88,1650.53,1637.51,1643.9,22459.11,0
1782315000000,1643.9,1644.16,1622.48,1626.36,58898.39,0
1782315900000,1626.36,1626.79,1615.65,1617.0,56227.01,0
1782316800000,1617.0,1627.69,1615.22,1626.66,23516.44,0
1782317700000,1626.66,1635.0,1624.36,1630.92,26638.89,0
1782318600000,1630.92,1631.48,1618.93,1622.6,20364.64,0
1782319500000,1622.6,1622.6,1583.72,1588.8,192979.45,0
1782320400000,1588.8,1596.79,1581.4,1587.14,41960.18,0
1782321300000,1587.14,1589.31,1566.38,1575.5,81723.92,0
1782322200000,1575.5,1577.91,1562.89,1566.4,31359.25,0
1782323100000,1566.4,1568.52,1550.91,1559.27,69647.59,0
1782324000000,1559.27,1568.47,1555.19,1567.07,29334.07,0
1782324900000,1567.07,1583.92,1566.86,1576.96,52238.1,0
1782325800000,1576.96,1579.22,1573.41,1574.93,15904.61,0
1782326700000,1574.93,1575.51,1567.13,1571.44,15151.0,0
1782327600000,1571.44,1575.97,1566.09,1570.5,12729.81,0
1782328500000,1570.5,1576.19,1567.47,1575.12,14111.34,0
1782329400000,1575.12,1582.61,1571.04,1578.76,16036.5,0
1782330300000,1578.76,1584.58,1577.3,1583.66,17583.68,0
1782331200000,1583.66,1611.6,1578.8,1609.45,65676.17,0
1782332100000,1609.45,1617.1,1606.8,1612.46,31335.44,0
1782333000000,1612.46,1616.87,1607.8,1611.46,23816.16,0
1782333900000,1611.46,1621.53,1610.51,1612.99,39509.73,0
1782334800000,1612.99,1614.48,1604.64,1608.8,19194.03,0
1782335700000,1608.8,1611.54,1607.42,1610.97,5688.02,0
1782336600000,1610.97,1619.18,1609.4,1617.58,11359.73,0
1782337500000,1617.58,1621.22,1614.42,1620.5,11038.16,0
1782338400000,1620.5,1628.83,1618.8,1619.0,23431.78,0
1782339300000,1619.0,1619.0,1613.72,1614.99,17144.58,0
1782340200000,1614.99,1617.36,1613.99,1616.66,6210.03,0
1782341100000,1616.66,1616.66,1612.81,1614.59,4767.6,0
1782342000000,1614.59,1616.75,1612.8,1616.06,5878.62,0
1782342900000,1616.06,1621.63,1614.43,1618.53,4743.69,0
1782343800000,1618.53,1621.29,1616.71,1619.02,3616.43,0
1782344700000,1619.02,1622.5,1617.04,1621.5,9855.14,0
1782345600000,1621.5,1625.99,1621.05,1624.65,12804.03,0
1782346500000,1624.65,1624.9,1619.21,1619.66,11547.61,0
1782347400000,1619.66,1622.22,1618.12,1618.26,5128.73,0
1782348300000,1618.26,1621.0,1615.44,1618.34,9842.32,0
1782349200000,1618.34,1621.09,1614.4,1616.32,9509.22,0
1782350100000,1616.32,1621.07,1613.37,1618.15,7329.22,0
1782351000000,1618.15,1621.45,1617.63,1618.64,7046.8,0
1782351900000,1618.64,1623.47,1617.7,1619.67,4739.47,0
1782352800000,1619.67,1620.79,1614.0,1615.34,4524.43,0
1782353700000,1615.34,1619.68,1614.15,1619.63,2174.94,0
1782354600000,1619.63,1619.64,1614.6,1615.39,3840.31,0
1782355500000,1615.39,1620.5,1615.07,1620.04,6139.17,0
1782356400000,1620.04,1623.51,1616.83,1617.85,6769.18,0
1782357300000,1617.85,1620.25,1615.42,1618.18,8658.85,0
1782358200000,1618.18,1619.85,1615.36,1615.7,4564.97,0
1782359100000,1615.7,1619.71,1615.7,1618.71,3174.53,0
1782360000000,1618.71,1619.5,1616.55,1617.12,2421.54,0
1782360900000,1617.12,1620.0,1616.51,1618.35,2563.67,0
1782361800000,1618.35,1622.14,1616.27,1622.14,2385.92,0
1782362700000,1622.14,1636.34,1621.53,1634.07,80202.42,0
1782363600000,1634.07,1649.88,1632.71,1644.81,62029.86,0
1782364500000,1644.81,1650.94,1640.97,1646.99,33763.6,0
1782365400000,1646.99,1652.0,1643.81,1643.98,15076.76,0
1782366300000,1643.98,1648.25,1643.34,1645.07,8907.45,0
1782367200000,1645.07,1648.97,1643.54,1646.59,8253.93,0
1782368100000,1646.59,1650.24,1645.21,1647.61,7104.96,0
1782369000000,1647.61,1654.91,1646.65,1653.79,10295.08,0
1782369900000,1653.79,1660.0,1651.45,1653.14,23077.93,0
1782370800000,1653.14,1655.3,1650.5,1652.25,10079.69,0
1782371700000,1652.25,1655.77,1651.91,1654.04,5557.6,0
1782372600000,1654.04,1659.1,1653.86,1657.05,7387.01,0
1782373500000,1657.05,1657.99,1653.59,1656.45,6813.35,0
1782374400000,1656.45,1658.65,1653.45,1653.69,6931.26,0
1782375300000,1653.69,1653.96,1650.03,1652.85,10256.65,0
1782376200000,1652.85,1653.14,1650.8,1652.65,6438.0,0
1782377100000,1652.65,1653.64,1650.45,1652.08,4381.01,0
1782378000000,1652.08,1654.5,1651.29,1652.8,5043.38,0
1782378900000,1652.8,1653.44,1646.57,1647.59,13808.25,0
1782379800000,1647.59,1649.7,1646.57,1647.66,4383.19,0
1782380700000,1647.66,1648.6,1645.79,1647.97,4903.16,0
1782381600000,1647.97,1648.57,1645.86,1647.56,4696.93,0
1782382500000,1647.56,1648.9,1641.55,1642.74,39618.3,0
1782383400000,1642.74,1643.32,1636.0,1636.0,18541.6,0
1782384300000,1636.0,1637.87,1632.71,1635.69,12274.04,0
1782385200000,1635.69,1637.52,1626.89,1636.0,23402.44,0
1782386100000,1636.0,1638.45,1628.8,1629.95,35308.0,0
1782387000000,1629.95,1634.24,1629.95,1631.19,7826.52,0
1782387900000,1631.19,1632.34,1627.04,1632.3,8566.53,0
1782388800000,1632.3,1633.89,1628.46,1630.72,4980.46,0
1782389700000,1630.72,1631.07,1623.39,1625.99,10849.6,0
1782390600000,1625.99,1649.61,1625.99,1636.02,56556.85,0
1782391500000,1636.02,1639.45,1633.28,1634.56,13151.29,0
1782392400000,1634.56,1639.81,1633.43,1637.71,12429.83,0
1782393300000,1637.71,1638.3,1632.23,1633.44,6540.06,0
1782394200000,1633.44,1636.67,1589.36,1591.66,86159.35,0
1782395100000,1591.66,1599.77,1530.64,1537.1,235910.15,0
1782396000000,1537.1,1574.58,1536.99,1564.14,132937.37,0
1782396900000,1564.14,1570.45,1549.27,1562.67,63352.42,0
1782397800000,1562.67,1593.8,1558.69,1566.6,115222.19,0
1782398700000,1566.6,1578.48,1562.69,1567.53,36959.11,0
1782399600000,1567.53,1568.07,1550.83,1553.26,38839.16,0
1782400500000,1553.26,1565.34,1542.72,1560.82,92124.77,0
1782401400000,1560.82,1566.84,1554.31,1559.04,26241.82,0
1782402300000,1559.04,1572.67,1558.38,1569.43,33791.98,0
1782403200000,1569.43,1586.94,1567.08,1576.87,41452.23,0
1782404100000,1576.87,1577.79,1572.09,1575.71,17018.12,0
1782405000000,1575.71,1575.71,1560.84,1562.68,27453.26,0
1782405900000,1562.68,1563.4,1557.04,1561.13,15971.92,0
1782406800000,1561.13,1568.68,1556.32,1567.22,14597.07,0
1782407700000,1567.22,1574.7,1563.87,1569.4,28701.92,0
1782408600000,1569.4,1573.77,1567.81,1568.93,6998.38,0
1782409500000,1568.93,1574.25,1565.57,1574.2,11075.79,0
1782410400000,1574.2,1577.14,1563.73,1564.09,16924.09,0
1782411300000,1564.09,1576.45,1563.4,1572.68,15363.49,0
1782412200000,1572.68,1572.79,1559.31,1562.94,14591.1,0
1782413100000,1562.94,1569.55,1560.07,1566.97,9586.56,0
1782414000000,1566.97,1567.1,1556.36,1558.25,14864.37,0
1782414900000,1558.25,1560.13,1553.48,1559.04,19107.99,0
1782415800000,1559.04,1561.94,1557.01,1557.6,7105.04,0
1782416700000,1557.6,1559.94,1554.12,1558.69,9355.14,0
1782417600000,1558.69,1569.6,1558.51,1566.23,18495.3,0
1782418500000,1566.23,1569.99,1565.82,1566.67,6164.37,0
1782419400000,1566.67,1567.85,1559.64,1562.66,10696.56,0
1782420300000,1562.66,1562.66,1555.79,1559.38,7091.67,0
1782421200000,1559.38,1564.24,1559.36,1563.93,5646.56,0
1782422100000,1563.93,1568.22,1562.56,1567.42,8208.5,0
1782423000000,1567.42,1578.09,1566.95,1574.36,16555.48,0
1782423900000,1574.36,1582.64,1572.09,1580.01,28133.77,0
1782424800000,1580.01,1582.87,1568.99,1569.39,33035.07,0
1782425700000,1569.39,1573.17,1565.57,1568.04,14970.65,0
1782426600000,1568.04,1572.0,1567.29,1570.0,5529.92,0
1782427500000,1570.0,1572.44,1566.87,1569.37,5405.7,0
1782428400000,1569.37,1572.06,1566.67,1571.58,4443.43,0
1782429300000,1571.58,1578.47,1571.34,1576.66,28682.32,0
1782430200000,1576.66,1579.09,1570.05,1571.4,7523.81,0
1782431100000,1571.4,1571.4,1563.26,1566.94,31202.58,0
1782432000000,1566.94,1570.9,1566.56,1570.5,8919.16,0
1782432900000,1570.5,1570.6,1565.05,1568.0,4821.57,0
1782433800000,1568.0,1570.49,1565.4,1568.16,3984.25,0
1782434700000,1568.16,1568.96,1562.4,1563.76,7730.55,0
1782435600000,1563.76,1567.78,1558.12,1564.07,9416.74,0
1782436500000,1564.07,1566.7,1556.13,1556.75,7823.56,0
1782437400000,1556.75,1560.67,1554.32,1557.95,10303.16,0
1782438300000,1557.95,1561.59,1556.71,1559.05,7721.34,0
1782439200000,1559.05,1560.0,1520.0,1521.33,116720.24,0
1782440100000,1521.33,1537.68,1518.06,1536.7,81348.62,0
1782441000000,1536.7,1541.13,1529.57,1534.97,30380.82,0
1782441900000,1534.97,1534.97,1521.58,1523.69,21591.36,0
1782442800000,1523.69,1533.44,1510.84,1531.68,52225.23,0
1782443700000,1531.68,1535.41,1524.21,1531.67,22312.35,0
1782444600000,1531.67,1540.0,1528.16,1539.19,26891.25,0
1782445500000,1539.19,1563.43,1538.8,1557.1,78827.36,0
1782446400000,1557.1,1558.27,1551.95,1554.45,21786.62,0
1782447300000,1554.45,1560.11,1549.21,1552.0,21900.3,0
1782448200000,1552.0,1553.81,1548.39,1551.87,10499.84,0
1782449100000,1551.87,1552.39,1546.68,1549.1,5685.38,0
1782450000000,1549.1,1552.43,1547.49,1552.34,7571.14,0
1782450900000,1552.34,1558.62,1549.83,1556.34,16806.5,0
1782451800000,1556.34,1558.6,1553.7,1554.56,6784.32,0
1782452700000,1554.56,1556.47,1551.12,1555.0,6422.38,0
1782453600000,1555.0,1555.03,1542.64,1545.6,30619.18,0
1782454500000,1545.6,1560.76,1545.0,1559.7,20116.19,0
1782455400000,1559.7,1572.53,1557.08,1571.85,37862.89,0
1782456300000,1571.85,1573.41,1567.21,1570.17,11952.07,0
1782457200000,1570.17,1578.0,1569.91,1576.76,13036.21,0
1782458100000,1576.76,1580.96,1575.11,1577.78,15361.85,0
1782459000000,1577.78,1585.4,1577.33,1578.51,21401.58,0
1782459900000,1578.51,1582.3,1578.44,1579.84,17781.35,0
1782460800000,1579.84,1581.37,1570.57,1572.66,27078.31,0
1782461700000,1572.66,1574.69,1569.5,1572.27,14941.46,0
1782462600000,1572.27,1572.82,1566.02,1566.64,10342.43,0
1782463500000,1566.64,1568.81,1562.65,1565.81,9738.56,0
1782464400000,1565.81,1566.32,1559.46,1562.48,10876.93,0
1782465300000,1562.48,1562.65,1558.93,1561.86,7950.09,0
1782466200000,1561.86,1566.48,1559.94,1562.7,12296.97,0
1782467100000,1562.7,1563.6,1548.45,1552.07,25897.33,0
1782468000000,1552.07,1554.16,1548.07,1552.0,13946.22,0
1782468900000,1552.0,1555.66,1550.51,1552.37,8955.51,0
1782469800000,1552.37,1554.14,1543.83,1549.08,18383.0,0
1782470700000,1549.08,1549.99,1544.74,1547.47,11027.97,0
1782471600000,1547.47,1554.49,1545.77,1550.67,12442.57,0
1782472500000,1550.67,1550.76,1544.19,1545.52,7821.01,0
1782473400000,1545.52,1549.21,1544.76,1546.54,7912.77,0
1782474300000,1546.54,1547.7,1539.57,1544.22,20298.35,0
1782475200000,1544.22,1548.93,1541.85,1544.95,11652.86,0
1782476100000,1544.95,1551.55,1544.57,1551.1,21512.7,0
1782477000000,1551.1,1560.32,1526.32,1530.09,79920.96,0
1782477900000,1530.09,1543.74,1527.0,1535.51,31857.17,0
1782478800000,1535.51,1540.95,1529.29,1534.23,33087.64,0
1782479700000,1534.23,1535.64,1520.1,1533.04,45651.54,0
1782480600000,1533.04,1547.94,1527.73,1546.06,54767.97,0
1782481500000,1546.06,1570.73,1541.39,1568.77,75210.1,0
1782482400000,1568.77,1572.68,1558.46,1565.26,41362.82,0
1782483300000,1565.26,1574.94,1560.0,1569.35,28131.5,0
1782484200000,1569.35,1570.9,1554.55,1557.13,26480.48,0
1782485100000,1557.13,1570.18,1552.26,1559.36,21968.17,0
1782486000000,1559.36,1575.93,1558.8,1566.43,19456.22,0
1782486900000,1566.43,1586.93,1564.74,1579.16,29531.23,0
1782487800000,1579.16,1587.96,1577.78,1584.63,23430.11,0
1782488700000,1584.63,1585.31,1572.0,1579.33,33866.84,0
1782489600000,1579.33,1594.19,1577.8,1578.98,36492.57,0
1782490500000,1578.98,1581.78,1571.65,1575.18,23233.36,0
1782491400000,1575.18,1587.99,1575.18,1579.02,16771.55,0
1782492300000,1579.02,1581.59,1575.64,1577.07,7085.53,0
1782493200000,1577.07,1587.29,1575.85,1585.53,6947.98,0
1782494100000,1585.53,1588.61,1581.67,1585.67,10688.1,0
1782495000000,1585.67,1587.6,1578.95,1583.2,15184.08,0
1782495900000,1583.2,1585.66,1579.71,1581.07,4550.61,0
1782496800000,1581.07,1584.91,1580.79,1581.95,4892.48,0
1782497700000,1581.95,1582.64,1573.6,1574.83,12295.23,0
1782498600000,1574.83,1577.12,1573.2,1576.27,6845.79,0
1782499500000,1576.27,1576.27,1569.44,1572.6,12345.0,0
1782500400000,1572.6,1583.52,1569.64,1580.55,15020.91,0
1782501300000,1580.55,1580.88,1576.95,1577.78,3629.77,0
1782502200000,1577.78,1582.71,1576.77,1578.22,5922.14,0
1782503100000,1578.22,1579.71,1572.21,1573.89,10876.96,0
1782504000000,1573.89,1582.91,1573.72,1574.82,10922.12,0
1782504900000,1574.82,1578.82,1574.82,1578.11,8406.63,0
1782505800000,1578.11,1578.31,1567.38,1567.6,17437.83,0
1782506700000,1567.6,1572.19,1566.67,1569.94,19418.43,0
1782507600000,1569.94,1573.0,1567.28,1572.68,6953.71,0
1782508500000,1572.68,1574.16,1571.17,1573.88,1823.15,0
1782509400000,1573.88,1577.56,1572.55,1577.11,4990.82,0
1782510300000,1577.11,1578.52,1574.15,1574.21,1741.38,0
1782511200000,1574.21,1575.17,1568.06,1574.46,4058.68,0
1782512100000,1574.46,1575.59,1572.25,1572.39,2011.37,0
1782513000000,1572.39,1576.31,1570.58,1575.52,2812.17,0
1782513900000,1575.52,1578.64,1574.09,1577.13,2653.65,0
1782514800000,1577.13,1579.55,1575.97,1577.98,2622.65,0
1782515700000,1577.98,1578.46,1574.7,1574.7,4749.7,0
1782516600000,1574.7,1579.73,1573.46,1578.85,2266.68,0
1782517500000,1578.85,1579.93,1576.62,1577.77,2455.34,0
1782518400000,1577.77,1581.35,1577.39,1578.76,4981.22,0
1782519300000,1578.76,1579.3,1576.0,1576.62,2498.93,0
1782520200000,1576.62,1576.62,1570.23,1572.83,28526.41,0
1782521100000,1572.83,1576.95,1571.74,1575.88,2819.46,0
1782522000000,1575.88,1576.19,1572.9,1574.02,1372.31,0
1782522900000,1574.02,1576.47,1573.12,1576.47,1275.92,0
1782523800000,1576.47,1577.04,1574.06,1575.46,1824.26,0
1782524700000,1575.46,1576.43,1574.47,1574.87,2081.54,0
1782525600000,1574.87,1581.02,1573.42,1580.51,2711.7,0
1782526500000,1580.51,1586.32,1579.06,1583.99,9483.19,0
1782527400000,1583.99,1584.55,1580.78,1583.09,3832.69,0
1782528300000,1583.09,1585.3,1581.83,1582.33,4894.32,0
1782529200000,1582.33,1584.46,1577.42,1578.03,4936.33,0
1782530100000,1578.03,1583.92,1577.81,1581.55,3693.62,0
1782531000000,1581.55,1582.74,1579.62,1579.88,2078.48,0
1782531900000,1579.88,1581.05,1578.26,1579.76,2451.72,0
1782532800000,1579.76,1584.53,1579.66,1582.98,3840.45,0
1782533700000,1582.98,1584.35,1581.38,1581.77,2680.36,0
1782534600000,1581.77,1583.24,1580.31,1580.8,1566.56,0
1782535500000,1580.8,1581.34,1578.2,1578.87,8414.3,0
1782536400000,1578.87,1580.54,1577.2,1580.29,4195.97,0
1782537300000,1580.29,1580.29,1576.02,1576.66,2787.44,0
1782538200000,1576.66,1578.9,1576.11,1578.31,1618.4,0
1782539100000,1578.31,1580.15,1577.55,1577.81,1440.86,0
1782540000000,1577.81,1578.26,1574.24,1575.41,2292.72,0
1782540900000,1575.41,1578.75,1574.63,1577.95,2087.93,0
1782541800000,1577.95,1582.55,1577.79,1582.16,7344.57,0
1782542700000,1582.16,1583.87,1580.45,1581.97,4672.16,0
1782543600000,1581.97,1582.58,1580.0,1580.49,1676.46,0
1782544500000,1580.49,1583.0,1579.06,1582.25,7231.41,0
1782545400000,1582.25,1583.26,1581.15,1582.41,2016.59,0
1782546300000,1582.41,1585.73,1582.4,1584.82,4796.17,0
1782547200000,1584.82,1585.08,1582.62,1582.99,2456.72,0
1782548100000,1582.99,1584.15,1582.32,1582.97,2476.86,0
1782549000000,1582.97,1583.26,1580.87,1580.99,1605.36,0
1782549900000,1580.99,1584.87,1580.98,1583.29,2226.77,0
1782550800000,1583.29,1584.22,1579.22,1579.77,2342.47,0
1782551700000,1579.77,1580.47,1578.37,1579.85,3529.97,0
1782552600000,1579.85,1582.25,1579.84,1580.82,2909.3,0
1782553500000,1580.82,1582.23,1580.51,1582.01,1679.87,0
1782554400000,1582.01,1583.24,1581.07,1583.04,1867.75,0
1782555300000,1583.04,1583.9,1581.8,1582.2,3387.88,0
1782556200000,1582.2,1583.64,1581.27,1583.56,1215.15,0
1782557100000,1583.56,1584.1,1582.05,1583.34,1887.47,0
1782558000000,1583.34,1584.42,1581.21,1583.16,1938.43,0
1782558900000,1583.16,1583.16,1578.48,1579.49,3937.17,0
1782559800000,1579.49,1580.65,1577.84,1580.41,5497.23,0
1782560700000,1580.41,1584.09,1580.33,1583.08,2615.82,0
1782561600000,1583.08,1583.19,1580.53,1581.82,2939.01,0
1782562500000,1581.82,1583.65,1581.8,1583.28,1280.17,0
1782563400000,1583.28,1584.91,1580.47,1581.86,2350.93,0
1782564300000,1581.86,1585.8,1581.85,1585.12,4334.51,0
1782565200000,1585.12,1587.69,1584.07,1585.82,6190.32,0
1782566100000,1585.82,1587.75,1584.74,1586.08,4117.03,0
1782567000000,1586.08,1591.67,1585.0,1589.86,8752.85,0
1782567900000,1589.86,1592.66,1589.0,1591.31,6849.2,0
1782568800000,1591.31,1597.95,1588.5,1595.65,14332.76,0
1782569700000,1595.65,1595.65,1592.01,1593.3,5725.79,0
1782570600000,1593.3,1595.25,1590.72,1594.17,5704.03,0
1782571500000,1594.17,1595.66,1592.4,1593.72,4398.46,0
1782572400000,1593.72,1607.77,1593.01,1605.88,48422.58,0
1782573300000,1605.88,1605.92,1599.09,1601.46,14401.71,0
1782574200000,1601.46,1610.48,1600.92,1604.7,28421.34,0
1782575100000,1604.7,1605.38,1602.95,1604.72,8434.82,0
1782576000000,1604.72,1605.23,1602.04,1602.91,5782.15,0
1782576900000,1602.91,1602.92,1600.47,1602.23,4375.88,0
1782577800000,1602.23,1605.59,1601.12,1604.73,2792.72,0
1782578700000,1604.73,1607.09,1603.31,1606.11,2825.65,0
1782579600000,1606.11,1606.23,1587.18,1595.17,39309.98,0
1782580500000,1595.17,1597.0,1591.65,1594.0,5712.69,0
1782581400000,1594.0,1596.06,1590.04,1593.05,9070.95,0
1782582300000,1593.05,1594.46,1590.46,1590.51,5742.95,0
1782583200000,1590.51,1592.78,1588.2,1591.34,10853.8,0
1782584100000,1591.34,1592.93,1589.81,1592.0,3110.98,0
1782585000000,1592.0,1593.78,1591.66,1593.27,2274.59,0
1782585900000,1593.27,1593.99,1591.89,1593.03,1767.95,0
1782586800000,1593.03,1594.52,1592.57,1593.51,1931.22,0
1782587700000,1593.51,1593.51,1575.35,1580.77,53651.49,0
1782588600000,1580.77,1580.77,1571.92,1577.29,15176.71,0
1782589500000,1577.29,1579.1,1575.9,1577.42,5011.57,0
1782590400000,1577.42,1581.95,1577.04,1580.8,5067.67,0
1782591300000,1580.8,1582.28,1579.37,1580.41,3810.11,0
1782592200000,1580.41,1581.21,1579.77,1579.94,3249.56,0
1782593100000,1579.94,1582.32,1579.3,1580.78,4092.1,0
1782594000000,1580.78,1584.04,1580.78,1583.42,3868.78,0
1782594900000,1583.42,1584.21,1580.31,1583.73,3581.04,0
1782595800000,1583.73,1584.4,1577.07,1577.9,4084.27,0
1782596700000,1577.9,1580.04,1573.45,1574.45,6030.88,0
1782597600000,1574.45,1575.67,1570.94,1573.66,7181.95,0
1782598500000,1573.66,1575.2,1561.49,1574.6,42681.97,0
1782599400000,1574.6,1578.25,1574.37,1575.49,5904.34,0
1782600300000,1575.49,1578.93,1575.13,1578.15,2197.91,0
1782601200000,1578.15,1580.77,1571.31,1572.35,11150.96,0
1782602100000,1572.35,1574.48,1569.49,1571.41,9332.64,0
1782603000000,1571.41,1574.56,1570.88,1574.09,5535.66,0
1782603900000,1574.09,1574.4,1572.31,1573.03,2303.13,0
1782604800000,1573.03,1575.7,1571.52,1575.01,2822.02,0
1782605700000,1575.01,1577.37,1574.88,1576.88,3226.86,0
1782606600000,1576.88,1577.09,1573.9,1575.58,3296.55,0
1782607500000,1575.58,1576.45,1572.87,1574.05,3131.4,0
1782608400000,1574.05,1574.47,1569.15,1571.68,5125.39,0
1782609300000,1571.68,1575.48,1570.8,1574.78,2560.36,0
1782610200000,1574.78,1576.22,1573.7,1575.58,2102.69,0
1782611100000,1575.58,1575.8,1574.08,1574.32,1219.96,0
1782612000000,1574.32,1578.58,1574.31,1577.8,2154.08,0
1782612900000,1577.8,1579.12,1567.84,1570.98,9325.37,0
1782613800000,1570.98,1572.0,1570.05,1571.14,1925.34,0
1782614700000,1571.14,1572.2,1570.0,1571.19,1271.93,0
1782615600000,1571.19,1575.63,1571.18,1574.79,1857.17,0
1782616500000,1574.79,1574.79,1572.8,1573.74,1738.1,0
1782617400000,1573.74,1574.24,1572.25,1572.77,1215.5,0
1782618300000,1572.77,1574.69,1572.06,1574.09,1512.32,0
1782619200000,1574.09,1574.17,1571.71,1573.09,3228.61,0
1782620100000,1573.09,1574.92,1572.76,1573.55,1432.37,0
1782621000000,1573.55,1574.82,1569.52,1574.75,4646.81,0
1782621900000,1574.75,1576.54,1573.03,1573.42,2027.4,0
1782622800000,1573.42,1573.58,1568.58,1571.13,3279.23,0
1782623700000,1571.13,1571.94,1563.34,1565.06,12440.93,0
1782624600000,1565.06,1568.97,1563.39,1568.03,6147.57,0
1782625500000,1568.03,1570.32,1567.57,1568.28,2012.2,0
1782626400000,1568.28,1569.82,1562.25,1562.75,5034.58,0
1782627300000,1562.75,1565.91,1561.59,1564.61,6799.66,0
1782628200000,1564.61,1567.32,1564.42,1566.32,3282.37,0
1782629100000,1566.32,1568.43,1565.64,1566.74,3345.84,0
1782630000000,1566.74,1573.0,1566.74,1571.96,5256.68,0
1782630900000,1571.96,1572.04,1570.32,1570.46,1596.38,0
1782631800000,1570.46,1575.53,1570.11,1574.43,12648.49,0
1782632700000,1574.43,1576.44,1573.99,1575.15,10902.61,0
1782633600000,1575.15,1577.92,1572.83,1573.86,5162.01,0
1782634500000,1573.86,1575.55,1573.31,1574.25,2496.93,0
1782635400000,1574.25,1584.91,1574.24,1581.3,13242.8,0
1782636300000,1581.3,1583.34,1580.39,1580.39,4301.29,0
1782637200000,1580.39,1585.6,1579.0,1582.05,4988.03,0
1782638100000,1582.05,1582.59,1580.53,1581.44,2412.67,0
1782639000000,1581.44,1583.69,1580.7,1582.82,2012.85,0
1782639900000,1582.82,1583.55,1577.55,1578.36,5791.68,0
1782640800000,1578.36,1580.87,1576.05,1579.97,7353.27,0
1782641700000,1579.97,1580.35,1571.28,1572.95,7420.72,0
1782642600000,1572.95,1575.3,1572.95,1574.77,2824.05,0
1782643500000,1574.77,1576.75,1574.75,1576.59,2715.62,0
1782644400000,1576.59,1580.35,1575.01,1575.76,7117.76,0
1782645300000,1575.76,1582.99,1575.18,1581.24,4230.91,0
1782646200000,1581.24,1581.85,1578.34,1580.82,2792.2,0
1782647100000,1580.82,1583.33,1579.64,1582.19,3592.78,0
1782648000000,1582.19,1583.33,1580.27,1581.0,3004.54,0
1782648900000,1581.0,1584.48,1577.35,1583.85,3480.83,0
1782649800000,1583.85,1588.6,1578.24,1579.53,9388.03,0
1782650700000,1579.53,1583.5,1579.53,1582.81,2361.12,0
1782651600000,1582.81,1582.97,1573.7,1579.4,10763.34,0
1782652500000,1579.4,1581.35,1577.23,1579.6,3059.51,0
1782653400000,1579.6,1582.45,1577.31,1581.67,4560.03,0
1782654300000,1581.67,1582.09,1578.44,1578.73,2059.07,0
1782655200000,1578.73,1581.8,1576.88,1581.3,2435.73,0
1782656100000,1581.3,1585.7,1579.11,1581.62,5327.46,0
1782657000000,1581.62,1583.69,1580.16,1582.43,3090.74,0
1782657900000,1582.43,1585.36,1580.0,1580.6,4800.8,0
1782658800000,1580.6,1583.99,1576.4,1582.71,6277.18,0
1782659700000,1582.71,1584.76,1579.86,1581.63,4546.69,0
1782660600000,1581.63,1584.13,1578.76,1580.86,4226.08,0
1782661500000,1580.86,1582.63,1576.42,1580.13,7544.57,0
1782662400000,1580.13,1581.17,1576.62,1577.64,3410.2,0
1782663300000,1577.64,1579.16,1572.16,1575.73,6239.97,0
1782664200000,1575.73,1576.2,1566.03,1566.91,34731.66,0
1782665100000,1566.91,1572.36,1565.09,1571.78,11363.87,0
1782666000000,1571.78,1576.5,1567.2,1569.65,9389.57,0
1782666900000,1569.65,1570.62,1566.0,1566.71,4697.34,0
1782667800000,1566.71,1569.96,1562.36,1568.33,14590.61,0
1782668700000,1568.33,1572.66,1567.66,1571.39,6021.38,0
1782669600000,1571.39,1574.47,1570.82,1572.55,4034.24,0
1782670500000,1572.55,1572.7,1568.46,1569.0,4796.22,0
1782671400000,1569.0,1572.07,1568.17,1570.15,2827.54,0
1782672300000,1570.15,1571.93,1568.01,1570.8,2127.96,0
1782673200000,1570.8,1570.89,1566.25,1568.7,2878.56,0
1782674100000,1568.7,1569.57,1566.34,1569.49,6433.61,0
1782675000000,1569.49,1573.74,1566.65,1567.13,4386.75,0
1782675900000,1567.13,1567.29,1555.5,1563.71,29502.41,0
1782676800000,1563.71,1572.73,1563.24,1572.01,9270.24,0
1782677700000,1572.01,1575.69,1571.2,1573.3,7653.37,0
1782678600000,1573.3,1574.21,1571.13,1571.75,3350.42,0
1782679500000,1571.75,1573.85,1570.88,1572.43,2497.9,0
1782680400000,1572.43,1572.48,1567.44,1569.75,4737.62,0
1782681300000,1569.75,1571.32,1568.55,1569.52,2448.75,0
1782682200000,1569.52,1573.34,1568.86,1569.13,7121.29,0
1782683100000,1569.13,1569.99,1558.0,1562.78,19381.86,0
1782684000000,1562.78,1582.0,1562.67,1570.71,39889.4,0
1782684900000,1570.71,1571.67,1558.59,1566.79,26824.47,0
1782685800000,1566.79,1569.35,1559.25,1560.18,17291.26,0
1782686700000,1560.18,1563.44,1546.63,1556.03,43710.85,0
1782687600000,1556.03,1564.6,1554.26,1560.79,17276.57,0
1782688500000,1560.79,1571.28,1559.68,1569.18,15679.62,0
1782689400000,1569.18,1579.8,1568.88,1575.12,38063.46,0
1782690300000,1575.12,1576.72,1570.94,1571.24,8218.18,0
1782691200000,1571.24,1573.54,1561.93,1569.35,24394.94,0
1782692100000,1569.35,1569.87,1558.67,1559.23,17712.62,0
1782693000000,1559.23,1563.68,1551.03,1562.9,53885.09,0
1782693900000,1562.9,1574.0,1556.0,1572.41,16845.71,0
1782694800000,1572.41,1573.57,1565.0,1566.32,8695.38,0
1782695700000,1566.32,1567.91,1559.17,1562.0,11230.66,0
1782696600000,1562.0,1573.33,1558.96,1571.56,14151.62,0
1782697500000,1571.56,1572.45,1567.61,1567.61,8128.48,0
1782698400000,1567.61,1569.83,1548.85,1554.48,26494.34,0
1782699300000,1554.48,1574.5,1554.2,1572.05,21594.43,0
1782700200000,1572.05,1578.18,1568.46,1575.95,47850.17,0
1782701100000,1575.95,1578.35,1575.0,1575.88,11583.54,0
1782702000000,1575.88,1587.66,1575.88,1583.24,24851.34,0
1782702900000,1583.24,1589.12,1582.25,1586.56,9673.83,0
1782703800000,1586.56,1587.32,1576.62,1577.64,9795.01,0
1782704700000,1577.64,1584.69,1577.0,1584.09,5765.83,0
1782705600000,1584.09,1584.48,1579.02,1579.77,3778.82,0
1782706500000,1579.77,1582.77,1578.15,1581.74,3235.93,0
1782707400000,1581.74,1582.15,1574.23,1576.41,4592.77,0
1782708300000,1576.41,1577.51,1573.87,1574.82,3293.77,0
1782709200000,1574.82,1575.68,1561.09,1566.02,41695.93,0
1782710100000,1566.02,1571.0,1565.84,1569.52,7388.02,0
1782711000000,1569.52,1578.56,1567.95,1577.22,6803.76,0
1782711900000,1577.22,1582.97,1576.47,1582.6,15268.65,0
1782712800000,1582.6,1586.61,1582.37,1584.75,24825.12,0
1782713700000,1584.75,1588.46,1582.36,1582.44,13665.88,0
1782714600000,1582.44,1584.0,1579.09,1580.65,6552.49,0
1782715500000,1580.65,1583.0,1579.95,1582.48,7865.99,0
1782716400000,1582.48,1582.59,1577.12,1580.69,8683.4,0
1782717300000,1580.69,1584.27,1578.59,1580.49,6813.54,0
1782718200000,1580.49,1581.71,1579.07,1579.56,3145.03,0
1782719100000,1579.56,1582.26,1579.22,1579.41,4640.47,0
1782720000000,1579.41,1581.58,1576.25,1578.96,5696.35,0
1782720900000,1578.96,1581.54,1572.18,1572.84,15015.89,0
1782721800000,1572.84,1576.07,1569.36,1573.24,12717.28,0
1782722700000,1573.24,1575.98,1571.28,1572.24,6307.76,0
1782723600000,1572.24,1574.25,1571.6,1574.13,4431.55,0
1782724500000,1574.13,1579.85,1569.5,1576.04,13472.51,0
1782725400000,1576.04,1577.5,1572.53,1573.85,4457.07,0
1782726300000,1573.85,1576.53,1572.54,1575.4,5129.04,0
1782727200000,1575.4,1586.5,1575.4,1583.21,28734.73,0
1782728100000,1583.21,1583.57,1580.07,1580.95,6705.97,0
1782729000000,1580.95,1581.1,1577.67,1578.57,4069.27,0
1782729900000,1578.57,1579.04,1576.53,1577.85,4886.82,0
1782730800000,1577.85,1578.27,1572.09,1572.26,7131.7,0
1782731700000,1572.26,1573.59,1569.19,1573.13,12262.33,0
1782732600000,1573.13,1581.95,1569.71,1571.38,18041.35,0
1782733500000,1571.38,1574.7,1569.54,1574.19,7390.8,0
1782734400000,1574.19,1596.41,1565.26,1593.89,69809.77,0
1782735300000,1593.89,1596.47,1587.0,1589.89,28922.02,0
1782736200000,1589.89,1590.34,1571.15,1575.01,32188.56,0
1782737100000,1575.01,1578.82,1569.4,1575.29,31465.08,0
1782738000000,1575.29,1588.15,1575.29,1584.37,16261.8,0
1782738900000,1584.37,1585.93,1574.33,1574.33,13606.41,0
1782739800000,1574.33,1584.36,1565.44,1566.94,55838.99,0
1782740700000,1566.94,1574.5,1563.73,1571.91,46332.62,0
1782741600000,1571.91,1572.64,1558.88,1559.4,35208.79,0
1782742500000,1559.4,1572.91,1556.26,1570.59,39290.95,0
1782743400000,1570.59,1578.76,1566.25,1566.68,23457.96,0
1782744300000,1566.68,1574.96,1563.61,1572.15,14896.28,0
1782745200000,1572.15,1572.48,1560.61,1565.1,15760.08,0
1782746100000,1565.1,1573.67,1562.35,1573.64,13738.89,0
1782747000000,1573.64,1581.81,1572.67,1578.49,30926.59,0
1782747900000,1578.49,1585.1,1575.56,1579.51,26948.27,0
1782748800000,1579.51,1583.09,1576.16,1577.07,7305.38,0
1782749700000,1577.07,1579.53,1572.83,1573.93,9175.51,0
1782750600000,1573.93,1586.35,1573.91,1584.6,12932.62,0
1782751500000,1584.6,1587.09,1581.6,1584.49,13290.03,0
1782752400000,1584.49,1618.99,1584.49,1615.87,83805.38,0
1782753300000,1615.87,1631.95,1615.87,1626.21,67766.66,0
1782754200000,1626.21,1633.68,1621.45,1630.24,26525.16,0
1782755100000,1630.24,1637.68,1626.75,1627.3,32672.47,0
1782756000000,1627.3,1628.21,1623.45,1627.66,15736.22,0
1782756900000,1627.66,1628.24,1617.63,1618.29,26268.22,0
1782757800000,1618.29,1623.58,1617.84,1623.01,11582.71,0
1782758700000,1623.01,1623.3,1619.2,1620.33,7666.91,0
1782759600000,1620.33,1620.78,1615.41,1617.59,9056.29,0
1782760500000,1617.59,1626.65,1617.0,1625.17,15158.87,0
1782761400000,1625.17,1625.4,1620.81,1623.61,5642.09,0
1782762300000,1623.61,1626.78,1623.16,1624.91,6761.44,0
1782763200000,1624.91,1625.95,1621.44,1621.91,4786.8,0
1782764100000,1621.91,1624.71,1620.44,1621.92,3791.93,0
1782765000000,1621.92,1624.98,1621.06,1621.56,6343.26,0
1782765900000,1621.56,1621.56,1616.72,1616.91,12337.0,0
1782766800000,1616.91,1620.84,1610.99,1618.79,19229.43,0
1782767700000,1618.79,1619.13,1614.24,1615.3,5194.68,0
1782768600000,1615.3,1621.34,1615.29,1620.32,10482.66,0
1782769500000,1620.32,1622.44,1618.74,1619.53,2577.08,0
1782770400000,1619.53,1620.1,1616.68,1618.6,4058.47,0
1782771300000,1618.6,1621.32,1616.64,1617.13,3237.2,0
1782772200000,1617.13,1617.53,1612.56,1614.69,4591.89,0
1782773100000,1614.69,1615.8,1612.02,1612.24,4413.53,0
1782774000000,1612.24,1613.29,1610.96,1611.36,2642.86,0
1782774900000,1611.36,1611.94,1607.0,1607.75,6424.06,0
1782775800000,1607.75,1611.46,1607.0,1610.42,3554.22,0
1782776700000,1610.42,1612.69,1610.17,1612.13,3894.93,0
1782777600000,1612.13,1613.55,1609.19,1611.45,6877.47,0
1782778500000,1611.45,1612.51,1601.65,1602.46,13330.42,0
1782779400000,1602.46,1602.56,1591.65,1593.7,29619.41,0
1782780300000,1593.7,1597.64,1592.65,1593.6,10904.23,0
1782781200000,1593.6,1594.92,1589.24,1591.49,10806.28,0
1782782100000,1591.49,1599.0,1590.72,1598.66,9360.56,0
1782783000000,1598.66,1598.66,1588.03,1590.26,9991.1,0
1782783900000,1590.26,1593.59,1590.26,1593.05,3765.68,0
1782784800000,1593.05,1593.18,1586.16,1587.46,9440.6,0
1782785700000,1587.46,1591.5,1585.42,1590.77,5733.59,0
1782786600000,1590.77,1592.53,1588.52,1591.18,4805.86,0
1782787500000,1591.18,1593.0,1589.59,1590.05,3154.15,0
1782788400000,1590.05,1592.89,1589.74,1591.3,2570.3,0
1782789300000,1591.3,1595.28,1590.01,1591.28,6582.54,0
1782790200000,1591.28,1591.44,1587.85,1589.75,9368.9,0
1782791100000,1589.75,1589.83,1585.32,1586.25,3440.72,0
1782792000000,1586.25,1587.82,1578.51,1587.18,25589.35,0
1782792900000,1587.18,1587.4,1582.45,1586.8,16133.59,0
1782793800000,1586.8,1590.0,1586.47,1588.25,9052.86,0
1782794700000,1588.25,1588.86,1586.07,1586.89,6176.01,0
1782795600000,1586.89,1589.59,1586.75,1588.62,5228.12,0
1782796500000,1588.62,1588.62,1584.35,1584.77,3527.69,0
1782797400000,1584.77,1590.3,1584.08,1588.48,7177.1,0
1782798300000,1588.48,1591.14,1588.18,1590.64,4047.01,0
1782799200000,1590.64,1591.1,1588.85,1589.76,2672.72,0
1782800100000,1589.76,1593.34,1588.0,1593.28,4762.3,0
1782801000000,1593.28,1593.39,1590.85,1591.93,4682.73,0
1782801900000,1591.93,1593.99,1591.55,1592.95,2728.83,0
1782802800000,1592.95,1595.44,1589.24,1591.27,6002.96,0
1782803700000,1591.27,1592.3,1589.54,1590.58,3997.14,0
1782804600000,1590.58,1593.68,1590.57,1590.86,3327.06,0
1782805500000,1590.86,1593.11,1590.43,1591.53,3203.36,0
1782806400000,1591.53,1593.56,1588.36,1588.59,13067.07,0
1782807300000,1588.59,1589.81,1586.05,1588.41,5577.13,0
1782808200000,1588.41,1588.96,1578.6,1582.17,27230.94,0
1782809100000,1582.17,1584.22,1578.55,1583.08,12988.38,0
1782810000000,1583.08,1586.32,1581.52,1583.92,8491.77,0
1782810900000,1583.92,1584.69,1581.36,1582.79,4143.0,0
1782811800000,1582.79,1584.85,1580.41,1583.86,5668.93,0
1782812700000,1583.86,1586.11,1583.39,1584.6,2120.71,0
1782813600000,1584.6,1586.08,1582.16,1584.43,3939.18,0
1782814500000,1584.43,1585.27,1582.0,1582.97,2474.56,0
1782815400000,1582.97,1583.8,1581.26,1583.65,3013.43,0
1782816300000,1583.65,1585.91,1582.08,1583.59,3952.46,0
1782817200000,1583.59,1585.42,1583.2,1583.95,2428.3,0
1782818100000,1583.95,1584.48,1576.64,1578.07,12845.43,0
1782819000000,1578.07,1580.4,1574.92,1580.03,12927.06,0
1782819900000,1580.03,1582.74,1576.32,1577.74,10174.15,0
1782820800000,1577.74,1577.78,1571.82,1572.16,20974.49,0
1782821700000,1572.16,1573.35,1563.0,1564.3,32870.88,0
1782822600000,1564.3,1565.3,1560.82,1563.37,31261.57,0
1782823500000,1563.37,1564.23,1550.46,1551.89,62330.4,0
1782824400000,1551.89,1561.57,1550.0,1558.2,43338.61,0
1782825300000,1558.2,1561.76,1557.94,1559.68,12210.68,0
1782826200000,1559.68,1566.96,1548.96,1559.1,47006.2,0
1782827100000,1559.1,1566.8,1555.34,1566.52,27307.58,0
1782828000000,1566.52,1577.43,1564.0,1571.37,51060.38,0
1782828900000,1571.37,1574.74,1568.73,1573.41,9903.19,0
1782829800000,1573.41,1575.31,1562.07,1571.79,21702.65,0
1782830700000,1571.79,1571.79,1560.2,1562.69,14914.62,0
1782831600000,1562.69,1566.65,1556.33,1564.86,17491.57,0
1782832500000,1564.86,1567.84,1559.45,1565.14,28634.64,0
1782833400000,1565.14,1566.6,1561.84,1565.12,5482.78,0
1782834300000,1565.12,1576.66,1563.54,1564.53,15850.63,0
1782835200000,1564.53,1571.66,1563.83,1565.83,7506.61,0
1782836100000,1565.83,1567.08,1561.24,1562.83,7690.97,0
1782837000000,1562.83,1569.5,1561.09,1565.74,7137.74,0
1782837900000,1565.74,1574.52,1565.63,1571.82,9606.35,0
1782838800000,1571.82,1576.6,1569.5,1569.74,10080.14,0
1782839700000,1569.74,1572.86,1569.41,1570.43,4099.51,0
1782840600000,1570.43,1572.49,1568.42,1569.69,4019.36,0
1782841500000,1569.69,1571.57,1568.0,1570.23,6617.25,0
1782842400000,1570.23,1573.17,1568.82,1572.37,3554.41,0
1782843300000,1572.37,1581.46,1571.04,1576.13,11288.52,0
1782844200000,1576.13,1576.84,1572.27,1573.8,4202.16,0
1782845100000,1573.8,1579.75,1573.8,1578.32,4286.08,0
1782846000000,1578.32,1580.57,1576.72,1577.78,5681.31,0
1782846900000,1577.78,1578.15,1575.0,1577.21,5085.73,0
1782847800000,1577.21,1581.41,1576.48,1579.17,4865.36,0
1782848700000,1579.17,1580.38,1576.65,1579.9,9309.91,0
1782849600000,1579.9,1582.4,1577.28,1580.97,10302.13,0
1782850500000,1580.97,1580.97,1574.49,1576.68,4157.11,0
1782851400000,1576.68,1576.68,1573.19,1573.45,3388.39,0
1782852300000,1573.45,1578.0,1572.52,1575.51,12538.06,0
1782853200000,1575.51,1576.64,1570.62,1572.14,6010.62,0
1782854100000,1572.14,1573.57,1569.11,1570.88,6643.12,0
1782855000000,1570.88,1572.49,1569.3,1569.91,2510.09,0
1782855900000,1569.91,1571.38,1569.21,1571.02,2952.75,0
1782856800000,1571.02,1574.33,1569.8,1571.95,3879.38,0
1782857700000,1571.95,1574.55,1569.77,1570.28,3993.65,0
1782858600000,1570.28,1570.28,1566.0,1567.75,8087.06,0
1782859500000,1567.75,1568.65,1566.0,1566.77,1754.17,0
1782860400000,1566.77,1568.82,1565.22,1568.25,3154.24,0
1782861300000,1568.25,1570.32,1567.74,1569.28,3416.2,0
1782862200000,1569.28,1570.87,1568.0,1570.01,1652.1,0
1782863100000,1570.01,1571.91,1569.36,1571.21,2543.71,0
1782864000000,1571.21,1574.69,1571.21,1573.35,4621.14,0
1782864900000,1573.35,1574.46,1565.5,1567.83,8059.46,0
1782865800000,1567.83,1573.66,1567.77,1571.27,2911.03,0
1782866700000,1571.27,1576.05,1570.88,1574.39,6360.67,0
1782867600000,1574.39,1574.75,1551.44,1562.98,37555.1,0
1782868500000,1562.98,1571.98,1558.68,1569.01,18295.27,0
1782869400000,1569.01,1586.49,1568.11,1580.6,25912.0,0
1782870300000,1580.6,1583.26,1576.08,1577.2,9751.17,0
1782871200000,1577.2,1580.39,1573.69,1578.17,7010.45,0
1782872100000,1578.17,1584.79,1577.4,1582.17,6189.25,0
1782873000000,1582.17,1589.0,1580.89,1588.12,10533.5,0
1782873900000,1588.12,1588.92,1583.28,1585.68,8078.06,0
1782874800000,1585.68,1589.68,1583.6,1584.82,7584.83,0
1782875700000,1584.82,1584.99,1581.64,1583.87,4262.06,0
1782876600000,1583.87,1596.6,1581.75,1588.64,50381.66,0
1782877500000,1588.64,1598.73,1588.28,1594.15,24353.84,0
1782878400000,1594.15,1594.15,1590.14,1591.39,6567.13,0
1782879300000,1591.39,1594.51,1591.2,1593.55,3368.15,0
1782880200000,1593.55,1597.62,1591.77,1596.7,8108.31,0
1782881100000,1596.7,1604.51,1596.42,1598.65,27064.07,0
1782882000000,1598.65,1600.3,1594.38,1595.2,12115.87,0
1782882900000,1595.2,1597.71,1592.55,1593.17,7647.72,0
1782883800000,1593.17,1593.88,1590.72,1592.5,13022.6,0
1782884700000,1592.5,1592.92,1590.58,1592.01,4369.34,0
1782885600000,1592.01,1592.59,1584.39,1586.64,13969.4,0
1782886500000,1586.64,1587.44,1577.29,1580.12,19715.63,0
1782887400000,1580.12,1581.18,1570.29,1576.56,40157.8,0
1782888300000,1576.56,1577.0,1572.5,1575.41,9832.98,0
1782889200000,1575.41,1576.32,1571.45,1574.67,8102.44,0
1782890100000,1574.67,1579.0,1572.68,1576.4,6393.86,0
1782891000000,1576.4,1578.48,1573.9,1576.86,6600.92,0
1782891900000,1576.86,1580.45,1575.65,1577.57,4346.23,0
1782892800000,1577.57,1578.06,1573.21,1574.38,4833.69,0
1782893700000,1574.38,1575.11,1570.0,1571.33,6072.96,0
1782894600000,1571.33,1575.17,1567.44,1574.92,14650.13,0
1782895500000,1574.92,1581.88,1573.17,1581.71,6831.69,0
1782896400000,1581.71,1584.64,1578.3,1579.75,13507.92,0
1782897300000,1579.75,1581.55,1578.77,1579.54,4971.49,0
1782898200000,1579.54,1581.1,1578.46,1580.74,2761.53,0
1782899100000,1580.74,1582.74,1577.58,1580.41,13243.28,0
1782900000000,1580.41,1580.99,1573.78,1574.24,7955.34,0
1782900900000,1574.24,1576.38,1572.05,1574.79,10711.01,0
1782901800000,1574.79,1575.17,1571.18,1571.63,4264.9,0
1782902700000,1571.63,1574.15,1571.43,1572.76,2933.61,0
1782903600000,1572.76,1575.11,1569.46,1573.9,6396.05,0
1782904500000,1573.9,1575.3,1571.64,1572.06,3047.45,0
1782905400000,1572.06,1573.13,1570.0,1572.45,6891.96,0
1782906300000,1572.45,1573.38,1566.4,1569.02,8094.94,0
1782907200000,1569.02,1571.92,1565.21,1567.34,9516.26,0
1782908100000,1567.34,1571.36,1567.34,1569.54,5687.67,0
1782909000000,1569.54,1570.77,1565.37,1566.76,9181.71,0
1782909900000,1566.76,1569.61,1564.42,1569.4,9303.38,0
1782910800000,1569.4,1574.86,1569.31,1572.69,9554.63,0
1782911700000,1572.69,1578.93,1571.66,1577.66,11206.59,0
1782912600000,1577.66,1582.38,1569.0,1581.33,34544.46,0
1782913500000,1581.33,1598.43,1579.32,1596.61,65774.75,0
1782914400000,1596.61,1613.19,1590.63,1612.6,54121.3,0
1782915300000,1612.6,1616.79,1603.89,1605.01,58555.54,0
1782916200000,1605.01,1606.56,1594.64,1598.25,28618.58,0
1782917100000,1598.25,1602.09,1590.03,1600.57,19670.02,0
1782918000000,1600.57,1616.4,1600.3,1610.99,27192.6,0
1782918900000,1610.99,1630.66,1607.72,1623.17,70861.86,0
1782919800000,1623.17,1626.38,1619.35,1621.94,18562.5,0
1782920700000,1621.94,1622.59,1616.63,1619.27,12848.22,0
1782921600000,1619.27,1620.37,1615.44,1618.44,11435.19,0
1782922500000,1618.44,1629.41,1614.24,1622.66,21942.15,0
1782923400000,1622.66,1623.63,1617.15,1618.71,5435.89,0
1782924300000,1618.71,1619.04,1611.82,1614.04,13768.62,0
1782925200000,1614.04,1614.29,1606.33,1612.78,21644.39,0
1782926100000,1612.78,1624.5,1612.74,1622.07,13925.98,0
1782927000000,1622.07,1624.48,1617.68,1620.77,16898.09,0
1782927900000,1620.77,1624.55,1620.69,1622.35,8505.47,0
1782928800000,1622.35,1624.13,1616.52,1619.14,8345.93,0
1782929700000,1619.14,1622.39,1616.68,1617.39,8030.45,0
1782930600000,1617.39,1619.84,1612.95,1619.16,8572.8,0
1782931500000,1619.16,1619.38,1610.97,1615.91,6812.38,0
1782932400000,1615.91,1622.31,1615.75,1621.98,8071.53,0
1782933300000,1621.98,1623.64,1616.32,1617.97,6131.21,0
1782934200000,1617.97,1621.47,1615.68,1618.72,6270.73,0
1782935100000,1618.72,1619.07,1613.65,1617.16,10989.33,0
1782936000000,1617.16,1617.5,1611.01,1615.71,26158.12,0
1782936900000,1615.71,1616.62,1609.25,1614.99,11258.58,0
1782937800000,1614.99,1618.31,1613.58,1615.55,18010.36,0
1782938700000,1615.55,1619.95,1615.49,1617.23,3006.5,0
1782939600000,1617.23,1624.71,1616.86,1622.98,10309.29,0
1782940500000,1622.98,1627.34,1620.42,1623.65,9161.84,0
1782941400000,1623.65,1630.0,1623.65,1627.32,8611.22,0
1782942300000,1627.32,1638.97,1626.26,1631.32,15874.49,0
1782943200000,1631.32,1631.51,1627.99,1628.73,7434.69,0
1782944100000,1628.73,1645.97,1626.29,1626.86,46176.17,0
1782945000000,1626.86,1630.27,1622.39,1624.14,19735.91,0
1782945900000,1624.14,1625.37,1619.77,1621.05,6162.53,0
1782946800000,1621.05,1621.05,1614.0,1615.01,11514.51,0
1782947700000,1615.01,1618.08,1613.4,1613.85,5577.55,0
1782948600000,1613.85,1615.6,1607.32,1613.4,30538.1,0
1782949500000,1613.4,1613.62,1607.39,1608.73,8362.79,0
1782950400000,1608.73,1608.87,1602.27,1605.65,12604.8,0
1782951300000,1605.65,1606.21,1600.79,1601.92,9352.99,0
1782952200000,1601.92,1603.89,1596.0,1597.35,15851.66,0
1782953100000,1597.35,1604.85,1597.02,1602.69,11657.37,0
1782954000000,1602.69,1609.0,1601.69,1608.61,10104.71,0
1782954900000,1608.61,1612.29,1607.18,1610.84,9620.3,0
1782955800000,1610.84,1624.64,1610.84,1620.98,15740.82,0
1782956700000,1620.98,1623.24,1616.77,1619.95,5599.89,0
1782957600000,1619.95,1620.25,1613.91,1617.01,5931.86,0
1782958500000,1617.01,1620.85,1615.7,1618.15,3887.0,0
1782959400000,1618.15,1623.86,1617.18,1622.0,10939.3,0
1782960300000,1622.0,1624.02,1619.07,1620.16,4123.94,0
1782961200000,1620.16,1623.75,1619.71,1623.29,3991.44,0
1782962100000,1623.29,1635.8,1617.6,1628.57,23038.57,0
1782963000000,1628.57,1634.34,1626.47,1634.21,10715.73,0
1782963900000,1634.21,1642.01,1630.15,1638.76,21022.0,0
1782964800000,1638.76,1639.42,1633.8,1635.32,7846.5,0
1782965700000,1635.32,1636.47,1631.6,1633.57,5645.56,0
1782966600000,1633.57,1633.57,1629.71,1631.32,6680.02,0
1782967500000,1631.32,1633.77,1630.38,1632.0,3489.07,0
1782968400000,1632.0,1634.15,1628.09,1633.19,4096.48,0
1782969300000,1633.19,1634.31,1631.16,1631.59,8703.89,0
1782970200000,1631.59,1631.7,1626.01,1626.48,6285.11,0
1782971100000,1626.48,1627.63,1624.32,1625.95,6823.99,0
1782972000000,1625.95,1626.31,1621.75,1622.15,9327.62,0
1782972900000,1622.15,1628.54,1621.79,1623.77,6721.13,0
1782973800000,1623.77,1629.0,1623.53,1625.65,4308.07,0
1782974700000,1625.65,1625.79,1616.39,1618.13,13718.09,0
1782975600000,1618.13,1619.26,1616.18,1617.02,6088.11,0
1782976500000,1617.02,1618.37,1614.44,1615.92,5588.37,0
1782977400000,1615.92,1617.32,1614.43,1616.76,8328.05,0
1782978300000,1616.76,1617.54,1613.65,1615.39,10016.37,0
1782979200000,1615.39,1620.51,1614.3,1617.57,13166.11,0
1782980100000,1617.57,1620.35,1617.57,1618.77,5369.35,0
1782981000000,1618.77,1626.49,1617.62,1622.49,31161.11,0
1782981900000,1622.49,1625.55,1622.0,1624.16,4391.35,0
1782982800000,1624.16,1624.51,1619.64,1622.63,5575.57,0
1782983700000,1622.63,1629.76,1621.43,1628.85,7604.22,0
1782984600000,1628.85,1651.0,1628.84,1642.35,59902.87,0
1782985500000,1642.35,1646.99,1637.51,1642.48,30284.44,0
1782986400000,1642.48,1646.35,1640.43,1646.01,12071.22,0
1782987300000,1646.01,1647.26,1643.0,1645.21,6242.3,0
1782988200000,1645.21,1649.33,1643.68,1644.0,10322.23,0
1782989100000,1644.0,1647.25,1642.41,1645.73,7319.53,0
1782990000000,1645.73,1654.68,1644.59,1649.8,19975.29,0
1782990900000,1649.8,1650.4,1646.71,1647.43,9591.88,0
1782991800000,1647.43,1648.42,1644.45,1645.26,8295.95,0
1782992700000,1645.26,1652.22,1643.8,1649.59,9377.13,0
1782993600000,1649.59,1656.76,1646.81,1654.84,14340.87,0
1782994500000,1654.84,1665.0,1648.0,1663.23,29163.72,0
1782995400000,1663.23,1668.86,1649.4,1659.1,47604.14,0
1782996300000,1659.1,1667.58,1659.1,1661.94,18865.55,0
1782997200000,1661.94,1671.98,1660.02,1668.11,21205.43,0
1782998100000,1668.11,1690.66,1668.1,1681.53,92376.59,0
1782999000000,1681.53,1713.26,1677.51,1710.27,127264.48,0
1782999900000,1710.27,1713.54,1704.77,1710.14,41781.55,0
1783000800000,1710.14,1725.0,1705.6,1715.98,84763.57,0
1783001700000,1715.98,1720.49,1696.15,1700.75,51028.23,0
1783002600000,1700.75,1706.85,1692.2,1694.56,33642.7,0
1783003500000,1694.56,1701.57,1694.51,1700.64,17257.31,0
1783004400000,1700.64,1702.34,1687.8,1693.55,25823.53,0
1783005300000,1693.55,1703.27,1690.77,1698.98,16136.8,0
1783006200000,1698.98,1702.76,1696.8,1701.28,14161.51,0
1783007100000,1701.28,1702.79,1693.8,1696.06,16263.78,0
1783008000000,1696.06,1700.88,1690.01,1698.91,23299.39,0
1783008900000,1698.91,1699.1,1685.56,1688.84,24337.41,0
1783009800000,1688.84,1697.0,1688.1,1696.34,17926.84,0
1783010700000,1696.34,1703.53,1695.21,1698.72,23751.09,0
1783011600000,1698.72,1701.71,1695.0,1698.29,11694.62,0
1783012500000,1698.29,1704.92,1697.45,1703.62,9590.86,0
1783013400000,1703.62,1703.63,1694.25,1699.81,10111.0,0
1783014300000,1699.81,1700.34,1693.4,1694.84,6224.21,0
1783015200000,1694.84,1702.39,1694.37,1701.64,6631.66,0
1783016100000,1701.64,1704.0,1698.11,1703.03,7916.28,0
1783017000000,1703.03,1704.53,1700.85,1703.68,4289.61,0
1783017900000,1703.68,1706.5,1699.3,1701.21,8844.11,0
1783018800000,1701.21,1702.59,1697.77,1701.84,6130.18,0
1783019700000,1701.84,1701.84,1693.62,1698.8,7053.96,0
1783020600000,1698.8,1701.18,1696.55,1700.78,5731.11,0
1783021500000,1700.78,1705.0,1699.06,1699.23,10114.36,0
1783022400000,1699.23,1700.71,1696.32,1699.59,5255.23,0
1783023300000,1699.59,1701.84,1695.65,1695.69,4999.07,0
1783024200000,1695.69,1698.0,1695.16,1696.99,5088.72,0
1783025100000,1696.99,1706.23,1696.97,1704.83,18121.98,0
1783026000000,1704.83,1705.36,1702.48,1702.48,9357.67,0
1783026900000,1702.48,1704.97,1702.44,1702.95,5501.51,0
1783027800000,1702.95,1702.95,1697.42,1697.73,6521.67,0
1783028700000,1697.73,1699.64,1696.13,1699.26,3519.75,0
1783029600000,1699.26,1699.99,1695.22,1696.19,5371.53,0
1783030500000,1696.19,1698.04,1695.22,1695.44,3476.69,0
1783031400000,1695.44,1696.97,1694.52,1695.12,2725.3,0
1783032300000,1695.12,1700.0,1693.12,1695.84,5651.38,0
1783033200000,1695.84,1695.84,1691.03,1692.09,5387.87,0
1783034100000,1692.09,1699.22,1691.93,1697.58,4978.74,0
1783035000000,1697.58,1701.24,1695.2,1695.64,4202.79,0
1783035900000,1695.64,1700.0,1695.49,1699.82,2709.75,0
1783036800000,1699.82,1701.8,1697.0,1699.85,5093.77,0
1783037700000,1699.85,1702.43,1696.52,1696.57,3673.07,0
1783038600000,1696.57,1700.07,1693.75,1698.12,6764.23,0
1783039500000,1698.12,1698.98,1695.0,1695.92,2957.92,0
1783040400000,1695.92,1718.65,1694.48,1713.71,44064.47,0
1783041300000,1713.71,1714.51,1704.52,1708.02,18376.54,0
1783042200000,1708.02,1717.94,1706.76,1715.86,14492.17,0
1783043100000,1715.86,1717.72,1711.28,1711.6,7675.38,0
1783044000000,1711.6,1714.94,1707.29,1707.39,7488.09,0
1783044900000,1707.39,1711.53,1701.12,1701.12,10154.99,0
1783045800000,1701.12,1703.13,1695.19,1700.6,17091.25,0
1783046700000,1700.6,1704.99,1697.73,1704.01,4039.43,0
1783047600000,1704.01,1704.75,1699.0,1699.87,5772.43,0
1783048500000,1699.87,1711.51,1699.87,1710.49,13411.04,0
1783049400000,1710.49,1710.72,1703.06,1703.21,7124.37,0
1783050300000,1703.21,1706.63,1702.8,1705.82,3928.82,0
1783051200000,1705.82,1707.9,1701.93,1705.74,5051.76,0
1783052100000,1705.74,1705.9,1702.64,1704.37,3708.31,0
1783053000000,1704.37,1706.8,1702.17,1706.15,2618.82,0
1783053900000,1706.15,1706.7,1701.3,1702.37,2094.77,0
1783054800000,1702.37,1706.37,1701.42,1706.15,1861.79,0
1783055700000,1706.15,1710.76,1704.24,1709.3,5055.89,0
1783056600000,1709.3,1721.29,1709.0,1714.86,16223.65,0
1783057500000,1714.86,1717.48,1713.48,1714.23,4004.33,0
1783058400000,1714.23,1720.9,1713.2,1716.7,8327.05,0
1783059300000,1716.7,1719.9,1714.05,1715.99,5106.91,0
1783060200000,1715.99,1718.84,1711.8,1713.99,7844.07,0
1783061100000,1713.99,1717.1,1713.94,1715.07,2411.47,0
1783062000000,1715.07,1718.19,1713.05,1715.14,4455.23,0
1783062900000,1715.14,1717.88,1715.05,1716.97,2932.56,0
1783063800000,1716.97,1720.99,1715.27,1717.65,6264.5,0
1783064700000,1717.65,1721.97,1716.66,1717.33,11228.66,0
1783065600000,1717.33,1720.0,1716.1,1717.2,4805.28,0
1783066500000,1717.2,1723.14,1714.89,1719.24,8875.69,0
1783067400000,1719.24,1734.86,1716.97,1730.81,44534.92,0
1783068300000,1730.81,1731.05,1717.65,1719.1,25665.71,0
1783069200000,1719.1,1729.25,1716.17,1728.0,14932.49,0
1783070100000,1728.0,1729.53,1724.69,1725.55,10331.12,0
1783071000000,1725.55,1725.55,1720.3,1722.49,7676.03,0
1783071900000,1722.49,1730.74,1722.48,1725.65,7697.32,0
1783072800000,1725.65,1740.0,1725.59,1733.56,36980.78,0
1783073700000,1733.56,1738.37,1730.86,1736.01,18971.3,0
1783074600000,1736.01,1748.25,1734.05,1746.75,31907.25,0
1783075500000,1746.75,1748.5,1741.06,1741.49,20316.71,0
1783076400000,1741.49,1744.74,1736.7,1742.22,14146.57,0
1783077300000,1742.22,1747.6,1741.59,1741.83,13748.38,0
1783078200000,1741.83,1744.6,1738.36,1739.54,7027.18,0
1783079100000,1739.54,1744.29,1739.33,1741.7,12948.05,0
1783080000000,1741.7,1744.54,1738.49,1739.86,7225.51,0
1783080900000,1739.86,1739.86,1730.67,1733.81,19537.59,0
1783081800000,1733.81,1734.99,1731.25,1732.98,4418.93,0
1783082700000,1732.98,1736.46,1732.98,1735.74,3295.08,0
1783083600000,1735.74,1738.27,1735.43,1737.61,5813.31,0
1783084500000,1737.61,1747.22,1737.6,1744.27,14570.41,0
1783085400000,1744.27,1752.79,1742.57,1748.28,16747.47,0
1783086300000,1748.28,1753.48,1744.25,1747.51,14315.23,0
1783087200000,1747.51,1747.51,1731.37,1733.42,16702.56,0
1783088100000,1733.42,1737.16,1727.87,1733.05,23085.71,0
1783089000000,1733.05,1736.58,1728.19,1736.28,11163.44,0
1783089900000,1736.28,1739.99,1734.0,1736.36,7711.42,0
1783090800000,1736.36,1745.53,1735.28,1739.82,19549.93,0
1783091700000,1739.82,1742.22,1731.34,1732.62,18671.27,0
1783092600000,1732.62,1736.58,1730.19,1732.46,9825.45,0
1783093500000,1732.46,1733.91,1728.83,1730.32,8124.49,0
1783094400000,1730.32,1732.0,1726.2,1727.44,8699.03,0
1783095300000,1727.44,1734.78,1727.44,1733.24,5538.4,0
1783096200000,1733.24,1734.85,1729.49,1731.91,2945.94,0
1783097100000,1731.91,1733.94,1730.1,1732.88,2508.59,0
1783098000000,1732.88,1736.8,1731.59,1734.73,6566.21,0
1783098900000,1734.73,1737.68,1732.43,1735.49,6528.23,0
1783099800000,1735.49,1740.6,1734.36,1739.98,6632.99,0
1783100700000,1739.98,1741.57,1736.32,1737.66,6008.67,0
1783101600000,1737.66,1738.18,1735.37,1736.02,2755.98,0
1783102500000,1736.02,1737.54,1735.09,1737.45,1873.6,0
1783103400000,1737.45,1738.88,1737.03,1738.56,3744.05,0
1783104300000,1738.56,1740.43,1737.1,1737.92,5216.4,0
1783105200000,1737.92,1740.17,1736.33,1736.45,2313.53,0
1783106100000,1736.45,1747.06,1736.44,1746.03,25112.81,0
1783107000000,1746.03,1752.46,1744.11,1747.19,17988.44,0
1783107900000,1747.19,1747.19,1744.03,1744.67,3686.06,0
1783108800000,1744.67,1750.69,1742.7,1747.33,11181.73,0
1783109700000,1747.33,1757.97,1744.62,1753.08,26510.46,0
1783110600000,1753.08,1772.99,1751.46,1765.59,60566.12,0
1783111500000,1765.59,1772.11,1762.13,1765.33,24831.56,0
1783112400000,1765.33,1775.74,1763.47,1765.78,20751.47,0
1783113300000,1765.78,1767.47,1762.47,1762.76,10499.73,0
1783114200000,1762.76,1762.79,1755.93,1759.54,9224.22,0
1783115100000,1759.54,1766.79,1758.94,1762.75,6178.87,0
1783116000000,1762.75,1763.4,1755.57,1757.78,4767.13,0
1783116900000,1757.78,1760.97,1757.37,1759.15,2510.69,0
1783117800000,1759.15,1760.59,1754.91,1758.02,3692.6,0
1783118700000,1758.02,1759.22,1755.76,1756.57,1676.38,0
1783119600000,1756.57,1758.33,1754.53,1757.06,2438.29,0
1783120500000,1757.06,1761.7,1756.09,1757.59,3039.93,0
1783121400000,1757.59,1760.49,1757.59,1759.52,2168.71,0
1783122300000,1759.52,1760.25,1756.05,1757.29,2656.57,0
1783123200000,1757.29,1763.37,1756.55,1760.57,8747.1,0
1783124100000,1760.57,1762.79,1756.53,1757.99,3305.02,0
1783125000000,1757.99,1759.55,1755.34,1757.24,2290.5,0
1783125900000,1757.24,1759.78,1756.09,1757.79,2181.35,0
1783126800000,1757.79,1757.79,1745.8,1747.47,16760.19,0
1783127700000,1747.47,1750.9,1745.17,1748.69,7913.63,0
1783128600000,1748.69,1750.08,1745.74,1746.54,3845.57,0
1783129500000,1746.54,1748.27,1745.17,1747.13,3910.42,0
1783130400000,1747.13,1749.22,1746.14,1748.05,2700.83,0
1783131300000,1748.05,1748.17,1746.31,1747.19,2078.77,0
1783132200000,1747.19,1748.08,1743.08,1747.51,4707.89,0
1783133100000,1747.51,1750.36,1746.09,1748.54,3417.91,0
1783134000000,1748.54,1749.74,1746.36,1749.1,3513.83,0
1783134900000,1749.1,1749.38,1747.49,1748.27,1885.82,0
1783135800000,1748.27,1755.87,1747.01,1753.92,7212.63,0
1783136700000,1753.92,1754.45,1752.0,1752.88,3614.92,0
1783137600000,1752.88,1756.17,1751.48,1753.48,5104.08,0
1783138500000,1753.48,1755.42,1751.25,1753.09,2640.01,0
1783139400000,1753.09,1759.33,1753.0,1757.22,6060.41,0
1783140300000,1757.22,1763.99,1757.22,1760.88,9995.55,0
1783141200000,1760.88,1761.09,1755.5,1755.96,5622.7,0
1783142100000,1755.96,1756.19,1752.11,1754.26,3594.21,0
1783143000000,1754.26,1757.48,1753.77,1757.47,1726.12,0
1783143900000,1757.47,1758.86,1753.74,1755.3,4204.05,0
1783144800000,1755.3,1760.66,1754.82,1755.0,3460.17,0
1783145700000,1755.0,1756.82,1750.52,1753.5,5189.71,0
1783146600000,1753.5,1756.54,1753.08,1753.51,3740.61,0
1783147500000,1753.51,1754.9,1752.4,1754.06,1756.74,0
1783148400000,1754.06,1755.97,1751.98,1753.89,2752.63,0
1783149300000,1753.89,1757.42,1753.01,1754.68,3645.71,0
1783150200000,1754.68,1756.35,1753.44,1755.43,3425.32,0
1783151100000,1755.43,1758.97,1754.3,1757.42,4797.7,0
1783152000000,1757.42,1759.37,1756.79,1759.14,3259.49,0
1783152900000,1759.14,1760.58,1756.56,1756.57,3510.95,0
1783153800000,1756.57,1764.76,1756.32,1760.03,10123.69,0
1783154700000,1760.03,1764.65,1760.02,1761.52,4217.41,0
1783155600000,1761.52,1762.37,1758.07,1760.03,4456.64,0
1783156500000,1760.03,1760.57,1758.03,1758.99,1633.89,0
1783157400000,1758.99,1759.01,1754.11,1755.4,4150.88,0
1783158300000,1755.4,1757.59,1755.24,1757.31,1831.17,0
1783159200000,1757.31,1759.72,1756.06,1759.24,1968.68,0
1783160100000,1759.24,1760.39,1757.8,1758.43,2180.38,0
1783161000000,1758.43,1758.62,1756.46,1758.06,1620.13,0
1783161900000,1758.06,1759.89,1757.49,1758.28,1619.15,0
1783162800000,1758.28,1758.28,1755.42,1757.28,2932.26,0
1783163700000,1757.28,1758.23,1756.13,1756.98,2330.86,0
1783164600000,1756.98,1759.53,1756.59,1757.22,2802.63,0
1783165500000,1757.22,1757.96,1756.6,1757.13,1210.55,0
1783166400000,1757.13,1761.46,1757.13,1760.42,4254.48,0
1783167300000,1760.42,1763.0,1758.24,1762.41,3455.53,0
1783168200000,1762.41,1765.94,1761.75,1763.3,5291.29,0
1783169100000,1763.3,1764.39,1761.16,1763.5,2465.6,0
1783170000000,1763.5,1763.5,1760.78,1761.56,2916.43,0
1783170900000,1761.56,1778.26,1761.41,1767.87,34406.51,0
1783171800000,1767.87,1768.47,1762.11,1762.93,7041.01,0
1783172700000,1762.93,1763.64,1761.0,1763.1,2972.04,0
1783173600000,1763.1,1772.2,1762.98,1770.36,9986.94,0
1783174500000,1770.36,1774.53,1768.36,1770.25,9376.33,0
1783175400000,1770.25,1770.66,1767.41,1769.48,3936.63,0
1783176300000,1769.48,1772.48,1768.04,1771.58,4316.29,0
1783177200000,1771.58,1798.96,1771.57,1784.34,83375.62,0
1783178100000,1784.34,1798.4,1782.07,1792.93,26036.17,0
1783179000000,1792.93,1796.09,1788.06,1790.3,14025.04,0
1783179900000,1790.3,1794.97,1789.0,1790.42,15297.59,0
1783180800000,1790.42,1791.54,1783.53,1784.28,13455.01,0
1783181700000,1784.28,1789.08,1782.54,1786.35,8318.18,0
1783182600000,1786.35,1790.75,1786.35,1786.95,4160.74,0
1783183500000,1786.95,1788.82,1785.53,1786.14,3556.45,0
1783184400000,1786.14,1786.14,1778.06,1779.72,14716.46,0
1783185300000,1779.72,1786.87,1779.0,1786.5,4691.75,0
1783186200000,1786.5,1793.86,1786.5,1790.73,13194.21,0
1783187100000,1790.73,1809.7,1789.65,1798.75,54517.26,0
1783188000000,1798.75,1804.78,1796.83,1803.89,10799.04,0
1783188900000,1803.89,1805.76,1794.65,1795.87,7488.49,0
1783189800000,1795.87,1795.87,1792.45,1792.98,5078.16,0
1783190700000,1792.98,1795.03,1790.81,1792.91,3523.92,0
1783191600000,1792.91,1794.4,1787.09,1789.47,6577.1,0
1783192500000,1789.47,1795.6,1789.09,1794.25,7001.67,0
1783193400000,1794.25,1797.0,1790.51,1795.57,4194.57,0
1783194300000,1795.57,1795.57,1789.75,1791.68,3406.8,0
1783195200000,1791.68,1795.35,1790.27,1793.7,3901.36,0
1783196100000,1793.7,1793.7,1782.76,1783.91,12961.23,0
1783197000000,1783.91,1789.39,1783.37,1788.93,3585.15,0
1783197900000,1788.93,1789.48,1786.19,1786.19,3049.68,0
1783198800000,1786.19,1790.55,1785.34,1789.27,4830.95,0
1783199700000,1789.27,1792.5,1789.02,1791.88,2820.76,0
1783200600000,1791.88,1793.6,1788.56,1788.75,4382.0,0
1783201500000,1788.75,1790.13,1787.5,1788.36,2829.93,0
1783202400000,1788.36,1788.83,1783.6,1786.0,3517.08,0
1783203300000,1786.0,1788.07,1782.92,1784.71,2913.55,0
1783204200000,1784.71,1785.49,1783.98,1784.47,1343.86,0
1783205100000,1784.47,1784.53,1781.19,1783.85,4143.45,0
1783206000000,1783.85,1784.76,1771.3,1774.35,17147.18,0
1783206900000,1774.35,1778.31,1771.41,1778.31,15318.12,0
1783207800000,1778.31,1782.31,1777.99,1781.56,3677.66,0
1783208700000,1781.56,1782.16,1778.41,1779.79,2750.38,0
1783209600000,1779.79,1780.0,1774.54,1775.36,5495.0,0
1783210500000,1775.36,1775.99,1772.46,1774.58,6155.44,0
1783211400000,1774.58,1776.0,1771.21,1775.31,4637.12,0
1783212300000,1775.31,1775.78,1768.04,1772.0,7852.99,0
1783213200000,1772.0,1774.0,1769.77,1771.23,5436.8,0
1783214100000,1771.23,1771.23,1762.75,1768.05,20760.23,0
1783215000000,1768.05,1768.05,1760.31,1764.8,18047.35,0
1783215900000,1764.8,1766.62,1763.4,1765.79,5173.26,0
1783216800000,1765.79,1767.24,1758.3,1759.01,8516.18,0
1783217700000,1759.01,1763.67,1756.05,1763.43,9465.76,0
1783218600000,1763.43,1765.13,1755.25,1757.17,13260.27,0
1783219500000,1757.17,1760.47,1755.75,1760.02,11828.02,0
1783220400000,1760.02,1762.79,1759.24,1762.22,3048.25,0
1783221300000,1762.22,1763.0,1756.81,1757.65,4323.14,0
1783222200000,1757.65,1761.67,1757.47,1760.09,2708.0,0
1783223100000,1760.09,1762.21,1759.64,1760.66,4923.53,0
1783224000000,1760.66,1765.27,1759.18,1763.86,4397.58,0
1783224900000,1763.86,1767.96,1763.8,1766.37,8641.27,0
1783225800000,1766.37,1771.9,1765.91,1769.68,10784.49,0
1783226700000,1769.68,1770.13,1766.34,1766.6,4916.47,0
1783227600000,1766.6,1766.91,1764.01,1764.25,4136.65,0
1783228500000,1764.25,1766.03,1762.38,1763.95,4694.83,0
1783229400000,1763.95,1766.36,1759.23,1761.41,4979.8,0
1783230300000,1761.41,1765.43,1760.88,1765.21,3264.26,0
1783231200000,1765.21,1765.32,1761.12,1763.41,3518.87,0
1783232100000,1763.41,1764.41,1761.55,1764.24,1482.07,0
1783233000000,1764.24,1767.42,1763.5,1764.63,2895.32,0
1783233900000,1764.63,1765.53,1762.51,1763.84,1845.29,0
1783234800000,1763.84,1765.0,1762.29,1762.35,1822.75,0
1783235700000,1762.35,1764.5,1760.86,1762.31,3477.52,0
1783236600000,1762.31,1767.91,1762.3,1766.84,5770.79,0
1783237500000,1766.84,1771.9,1765.25,1769.21,11137.61,0
1783238400000,1769.21,1772.44,1766.04,1768.3,6919.8,0
1783239300000,1768.3,1769.53,1765.7,1766.38,2610.54,0
1783240200000,1766.38,1768.91,1765.63,1766.8,3469.43,0
1783241100000,1766.8,1769.45,1766.0,1766.63,2175.88,0
1783242000000,1766.63,1766.94,1765.01,1765.43,2046.17,0
1783242900000,1765.43,1766.36,1760.15,1760.31,5266.92,0
1783243800000,1760.31,1761.82,1747.88,1751.71,35611.29,0
1783244700000,1751.71,1757.99,1749.61,1757.27,11985.8,0
1783245600000,1757.27,1760.49,1754.05,1758.22,5578.83,0
1783246500000,1758.22,1761.14,1756.65,1757.99,3732.92,0
1783247400000,1757.99,1759.68,1757.44,1758.62,2903.32,0
1783248300000,1758.62,1761.0,1758.25,1760.63,3103.13,0
1783249200000,1760.63,1764.26,1760.34,1762.93,6055.11,0
1783250100000,1762.93,1763.01,1758.23,1758.39,4121.46,0
1783251000000,1758.39,1761.81,1757.79,1760.7,2582.9,0
1783251900000,1760.7,1762.0,1758.69,1759.32,1855.61,0
1783252800000,1759.32,1759.44,1755.2,1759.23,4508.59,0
1783253700000,1759.23,1766.0,1759.23,1765.25,5851.35,0
1783254600000,1765.25,1769.19,1763.04,1763.84,12210.04,0
1783255500000,1763.84,1765.19,1763.2,1764.22,2509.34,0
1783256400000,1764.22,1766.95,1762.36,1764.47,4123.1,0
1783257300000,1764.47,1765.3,1760.01,1762.67,3725.88,0
1783258200000,1762.67,1764.42,1761.75,1764.42,1246.66,0
1783259100000,1764.42,1766.3,1764.41,1765.58,2333.61,0
1783260000000,1765.58,1767.9,1764.01,1766.7,4838.95,0
1783260900000,1766.7,1767.19,1764.29,1766.4,3049.98,0
1783261800000,1766.4,1770.72,1764.09,1767.97,5530.58,0
1783262700000,1767.97,1771.97,1766.19,1771.51,4015.02,0
1783263600000,1771.51,1782.92,1770.26,1773.72,42591.86,0
1783264500000,1773.72,1775.0,1771.76,1773.84,10804.15,0
1783265400000,1773.84,1778.43,1769.77,1770.65,7162.75,0
1783266300000,1770.65,1775.26,1769.36,1773.85,5323.65,0
1783267200000,1773.85,1777.02,1772.45,1773.24,4822.33,0
1783268100000,1773.24,1773.79,1770.25,1770.53,4292.34,0
1783269000000,1770.53,1772.82,1769.4,1770.09,3826.41,0
1783269900000,1770.09,1772.72,1769.52,1771.94,4251.15,0
1783270800000,1771.94,1776.69,1771.94,1775.74,3094.48,0
1783271700000,1775.74,1786.95,1774.87,1777.86,39088.97,0
1783272600000,1777.86,1781.73,1775.07,1775.82,7397.73,0
1783273500000,1775.82,1780.05,1775.61,1778.51,3328.11,0
1783274400000,1778.51,1780.74,1776.85,1777.89,3123.05,0
1783275300000,1777.89,1780.59,1777.8,1778.95,3802.03,0
1783276200000,1778.95,1780.95,1777.96,1780.07,2273.87,0
1783277100000,1780.07,1786.66,1778.81,1780.33,25286.2,0
1783278000000,1780.33,1783.5,1779.55,1782.75,2538.86,0
1783278900000,1782.75,1784.05,1776.69,1779.28,6813.44,0
1783279800000,1779.28,1781.7,1778.43,1781.49,2143.88,0
1783280700000,1781.49,1782.3,1779.2,1780.67,1518.22,0
1783281600000,1780.67,1782.88,1779.21,1780.14,1698.26,0
1783282500000,1780.14,1780.73,1775.27,1776.7,4064.0,0
1783283400000,1776.7,1777.16,1775.31,1776.99,2688.92,0
1783284300000,1776.99,1777.59,1776.15,1776.47,1211.65,0
1783285200000,1776.47,1776.58,1768.5,1772.61,19627.53,0
1783286100000,1772.61,1783.0,1771.83,1780.13,8726.44,0
1783287000000,1780.13,1786.1,1777.26,1782.09,8467.81,0
1783287900000,1782.09,1795.02,1780.01,1786.04,37140.67,0
1783288800000,1786.04,1792.96,1783.26,1791.98,19938.08,0
1783289700000,1791.98,1803.99,1790.35,1801.26,31952.43,0
1783290600000,1801.26,1808.37,1787.19,1789.0,23851.01,0
1783291500000,1789.0,1791.91,1785.06,1789.22,8164.58,0
1783292400000,1789.22,1801.1,1787.88,1800.53,9052.07,0
1783293300000,1800.53,1802.53,1789.74,1791.27,10659.62,0
1783294200000,1791.27,1792.59,1787.0,1788.87,4279.36,0
1783295100000,1788.87,1788.87,1781.64,1785.02,7432.65,0
1783296000000,1785.02,1787.36,1778.93,1785.93,11799.06,0
1783296900000,1785.93,1789.63,1776.41,1776.97,13364.68,0
1783297800000,1776.97,1788.0,1773.09,1787.33,11680.78,0
1783298700000,1787.33,1793.43,1785.71,1792.55,9606.37,0
1783299600000,1792.55,1794.87,1790.01,1792.27,5317.2,0
1783300500000,1792.27,1793.25,1785.23,1789.12,6018.52,0
1783301400000,1789.12,1798.69,1788.0,1791.53,9038.82,0
1783302300000,1791.53,1791.53,1784.11,1785.38,7034.25,0
1783303200000,1785.38,1788.25,1779.48,1781.0,8897.28,0
1783304100000,1781.0,1789.75,1780.83,1784.23,4343.96,0
1783305000000,1784.23,1787.31,1778.82,1780.24,7134.33,0
1783305900000,1780.24,1784.24,1778.04,1782.73,3905.56,0
1783306800000,1782.73,1784.5,1780.73,1781.73,4567.08,0
1783307700000,1781.73,1782.64,1773.72,1776.99,9007.62,0
1783308600000,1776.99,1779.6,1770.72,1775.48,10375.9,0
1783309500000,1775.48,1779.19,1775.2,1778.94,2902.49,0
1783310400000,1778.94,1781.55,1776.56,1780.21,3565.43,0
1783311300000,1780.21,1781.69,1775.42,1777.17,2837.28,0
1783312200000,1777.17,1784.43,1775.34,1781.6,5969.6,0
1783313100000,1781.6,1782.16,1776.28,1777.11,2556.82,0
1783314000000,1777.11,1777.52,1772.49,1774.72,6254.04,0
1783314900000,1774.72,1775.9,1765.04,1766.83,16050.32,0
1783315800000,1766.83,1773.61,1763.53,1771.77,12642.18,0
1783316700000,1771.77,1775.43,1770.9,1773.2,3283.42,0
1783317600000,1773.2,1774.6,1770.39,1772.77,3305.52,0
1783318500000,1772.77,1773.7,1769.28,1771.78,3652.23,0
1783319400000,1771.78,1773.79,1769.02,1773.79,4943.68,0
1783320300000,1773.79,1774.25,1768.5,1768.73,4776.14,0
1783321200000,1768.73,1770.87,1766.09,1770.03,6450.55,0
1783322100000,1770.03,1772.84,1768.8,1770.12,4449.24,0
1783323000000,1770.12,1774.62,1767.67,1774.28,5683.5,0
1783323900000,1774.28,1774.93,1771.35,1771.51,3151.2,0
1783324800000,1771.51,1777.93,1771.08,1772.55,10243.63,0
1783325700000,1772.55,1772.94,1769.76,1771.21,4478.85,0
1783326600000,1771.21,1771.21,1761.58,1765.49,12591.09,0
1783327500000,1765.49,1766.7,1764.0,1764.96,7115.63,0
1783328400000,1764.96,1765.32,1762.25,1762.58,5153.15,0
1783329300000,1762.58,1764.77,1759.41,1761.9,10399.44,0
1783330200000,1761.9,1761.9,1755.06,1756.51,17314.04,0
1783331100000,1756.51,1759.48,1755.05,1758.02,9163.84,0
1783332000000,1758.02,1765.9,1757.34,1765.44,10241.81,0
1783332900000,1765.44,1767.25,1764.79,1766.25,4335.61,0
1783333800000,1766.25,1773.74,1765.6,1772.07,18990.57,0
1783334700000,1772.07,1772.48,1768.6,1770.44,5102.94,0
1783335600000,1770.44,1772.91,1767.06,1767.8,8142.54,0
1783336500000,1767.8,1771.26,1766.83,1768.49,4908.3,0
1783337400000,1768.49,1774.93,1768.0,1772.14,7778.7,0
1783338300000,1772.14,1773.44,1758.41,1758.41,15660.92,0
1783339200000,1758.41,1760.25,1734.2,1746.75,136787.1,0
1783340100000,1746.75,1751.84,1745.15,1749.0,21724.63,0
1783341000000,1749.0,1751.58,1738.13,1739.57,18415.64,0
1783341900000,1739.57,1745.23,1734.75,1739.81,31083.36,0
1783342800000,1739.81,1740.95,1730.37,1734.19,33382.97,0
1783343700000,1734.19,1737.97,1731.0,1734.32,13978.2,0
1783344600000,1734.32,1744.49,1727.97,1743.89,40823.18,0
1783345500000,1743.89,1752.84,1741.05,1743.69,34117.19,0
1783346400000,1743.69,1749.74,1742.0,1747.02,11984.65,0
1783347300000,1747.02,1762.83,1740.83,1750.84,48250.06,0
1783348200000,1750.84,1755.43,1748.43,1751.64,10701.31,0
1783349100000,1751.64,1752.72,1744.69,1750.99,11407.28,0
1783350000000,1750.99,1766.32,1750.61,1762.6,32159.26,0
1783350900000,1762.6,1766.05,1758.0,1765.0,12622.96,0
1783351800000,1765.0,1782.22,1759.0,1777.01,44211.63,0
1783352700000,1777.01,1788.56,1770.54,1787.99,53921.95,0
1783353600000,1787.99,1803.95,1781.61,1800.0,66735.49,0
1783354500000,1800.0,1804.77,1784.44,1787.25,63385.24,0
1783355400000,1787.25,1797.81,1786.78,1794.37,45918.74,0
1783356300000,1794.37,1796.0,1789.74,1791.84,7035.91,0
1783357200000,1791.84,1796.32,1788.4,1792.66,9007.17,0
1783358100000,1792.66,1799.85,1792.65,1795.49,6996.19,0
1783359000000,1795.49,1796.58,1787.0,1788.54,11135.89,0
1783359900000,1788.54,1792.56,1786.22,1787.44,6471.39,0
1783360800000,1787.44,1790.28,1785.77,1788.31,4767.16,0
1783361700000,1788.31,1795.82,1786.5,1791.8,6398.77,0
1783362600000,1791.8,1795.49,1789.77,1793.33,5658.83,0
1783363500000,1793.33,1795.0,1791.3,1791.99,3645.86,0
1783364400000,1791.99,1795.0,1790.49,1794.51,4400.63,0
1783365300000,1794.51,1798.16,1793.3,1796.27,5726.14,0
1783366200000,1796.27,1796.28,1792.34,1795.37,3671.47,0
1783367100000,1795.37,1796.8,1791.03,1791.81,5222.64,0
1783368000000,1791.81,1792.63,1786.44,1787.65,8076.29,0
1783368900000,1787.65,1790.77,1786.64,1790.67,3150.07,0
1783369800000,1790.67,1795.57,1790.15,1792.42,5350.11,0
1783370700000,1792.42,1795.82,1790.93,1792.34,2856.9,0
1783371600000,1792.34,1834.54,1791.92,1818.95,126901.56,0
1783372500000,1818.95,1820.29,1812.43,1812.61,16644.27,0
1783373400000,1812.61,1815.46,1804.4,1813.76,34798.45,0
1783374300000,1813.76,1819.0,1810.87,1814.4,10505.57,0
1783375200000,1814.4,1816.47,1810.86,1813.26,4302.99,0
1783376100000,1813.26,1815.62,1808.0,1808.59,4709.85,0
1783377000000,1808.59,1809.17,1805.74,1807.39,2692.45,0
1783377900000,1807.39,1808.19,1803.24,1805.56,7183.76,0
1783378800000,1805.56,1809.42,1804.55,1807.65,3248.59,0
1783379700000,1807.65,1808.1,1801.14,1802.77,4594.32,0
1783380600000,1802.77,1804.09,1799.5,1799.68,6299.99,0
1783381500000,1799.68,1800.88,1796.31,1799.01,20583.19,0
1783382400000,1799.01,1800.96,1796.7,1797.1,9016.7,0
1783383300000,1797.1,1809.6,1792.66,1805.15,34598.87,0
1783384200000,1805.15,1807.14,1797.56,1800.93,25095.95,0
1783385100000,1800.93,1805.94,1799.82,1802.86,5641.21,0
1783386000000,1802.86,1802.86,1787.05,1794.56,23229.6,0
1783386900000,1794.56,1796.16,1789.52,1790.88,3640.5,0
1783387800000,1790.88,1794.54,1787.06,1794.3,10153.75,0
1783388700000,1794.3,1797.0,1791.35,1791.9,3419.18,0
1783389600000,1791.9,1793.78,1789.29,1790.81,4042.33,0
1783390500000,1790.81,1792.32,1778.59,1779.03,31623.48,0
1783391400000,1779.03,1783.57,1776.0,1783.13,17536.47,0
1783392300000,1783.13,1783.91,1775.92,1777.38,5885.41,0
1783393200000,1777.38,1780.5,1776.0,1777.52,7165.37,0
1783394100000,1777.52,1778.78,1772.01,1772.98,11363.51,0
1783395000000,1772.98,1774.92,1768.39,1771.0,10134.6,0
1783395900000,1771.0,1771.59,1768.0,1770.61,6736.49,0
1783396800000,1770.61,1772.92,1767.56,1770.41,9495.31,0
1783397700000,1770.41,1771.69,1768.11,1770.9,4651.83,0
1783398600000,1770.9,1771.2,1764.32,1764.63,10421.9,0
1783399500000,1764.63,1766.67,1761.67,1765.63,6898.98,0
1783400400000,1765.63,1766.5,1756.61,1757.41,9833.73,0
1783401300000,1757.41,1762.76,1756.61,1760.59,7304.37,0
1783402200000,1760.59,1769.14,1760.58,1768.16,13842.43,0
1783403100000,1768.16,1772.84,1767.21,1769.6,11848.68,0
1783404000000,1769.6,1773.36,1763.65,1765.74,9610.26,0
1783404900000,1765.74,1770.65,1765.74,1769.95,3775.79,0
1783405800000,1769.95,1775.35,1768.85,1774.65,9499.16,0
1783406700000,1774.65,1781.81,1773.65,1778.39,17687.46,0
