r_target,expiry_days,n,win_rate,avg_pnl,total_pnl,split,depth_frac,n_zones
1.5,1.0,469,0.499,0.9121,427.76,train,0.3,740
1.5,2.0,469,0.49,0.9008,422.47,train,0.3,740
1.5,3.0,469,0.488,0.8982,421.26,train,0.3,740
1.5,4.0,469,0.488,0.897,420.68,train,0.3,740
1.5,5.0,469,0.486,0.8961,420.26,train,0.3,740
1.5,6.0,469,0.486,0.8953,419.89,train,0.3,740
1.5,7.0,469,0.484,0.8945,419.54,train,0.3,740
2.0,1.0,469,0.446,1.0495,492.22,train,0.3,740
2.0,2.0,469,0.437,1.0485,491.73,train,0.3,740
2.0,3.0,469,0.433,1.036,485.89,train,0.3,740
2.0,4.0,469,0.431,1.0264,481.4,train,0.3,740
2.0,5.0,469,0.429,1.0209,478.78,train,0.3,740
2.0,6.0,469,0.429,1.0172,477.06,train,0.3,740
2.0,7.0,469,0.426,1.0146,475.84,train,0.3,740
2.5,1.0,469,0.407,0.7765,364.18,train,0.3,740
2.5,2.0,469,0.394,0.7733,362.66,train,0.3,740
2.5,3.0,469,0.386,0.7727,362.38,train,0.3,740
2.5,4.0,469,0.384,0.7506,352.05,train,0.3,740
2.5,5.0,469,0.38,0.737,345.65,train,0.3,740
2.5,6.0,469,0.38,0.7278,341.36,train,0.3,740
2.5,7.0,469,0.377,0.7213,338.27,train,0.3,740
3.0,1.0,469,0.38,0.8983,421.31,train,0.3,740
3.0,2.0,469,0.362,0.9277,435.07,train,0.3,740
3.0,3.0,469,0.354,0.9504,445.74,train,0.3,740
3.0,4.0,469,0.35,0.9614,450.89,train,0.3,740
3.0,5.0,469,0.345,0.9086,426.13,train,0.3,740
3.0,6.0,469,0.343,0.9001,422.14,train,0.3,740
3.0,7.0,469,0.341,0.8959,420.2,train,0.3,740
3.5,1.0,469,0.354,1.0277,481.98,train,0.3,740
3.5,2.0,469,0.337,1.0275,481.89,train,0.3,740
3.5,3.0,469,0.328,1.0603,497.29,train,0.3,740
3.5,4.0,469,0.322,1.0781,505.61,train,0.3,740
3.5,5.0,469,0.318,1.0261,481.23,train,0.3,740
3.5,6.0,469,0.316,1.0169,476.92,train,0.3,740
3.5,7.0,469,0.313,1.0117,474.48,train,0.3,740
4.0,1.0,469,0.348,1.0254,480.92,train,0.3,740
4.0,2.0,469,0.326,0.9891,463.87,train,0.3,740
4.0,3.0,469,0.316,1.0152,476.12,train,0.3,740
4.0,4.0,469,0.307,0.9895,464.07,train,0.3,740
4.0,5.0,469,0.303,0.9153,429.29,train,0.3,740
4.0,6.0,469,0.301,0.8948,419.65,train,0.3,740
4.0,7.0,469,0.299,0.8822,413.77,train,0.3,740
4.5,1.0,469,0.341,1.214,569.37,train,0.3,740
4.5,2.0,469,0.32,1.1474,538.11,train,0.3,740
4.5,3.0,469,0.307,1.1684,547.99,train,0.3,740
4.5,4.0,469,0.299,1.1407,534.97,train,0.3,740
4.5,5.0,469,0.294,1.0655,499.71,train,0.3,740
4.5,6.0,469,0.292,1.0444,489.81,train,0.3,740
4.5,7.0,469,0.29,1.0316,483.81,train,0.3,740
5.0,1.0,469,0.335,1.3587,637.24,train,0.3,740
5.0,2.0,469,0.313,1.2893,604.68,train,0.3,740
5.0,3.0,469,0.299,1.1762,551.63,train,0.3,740
5.0,4.0,469,0.29,1.136,532.76,train,0.3,740
5.0,5.0,469,0.286,1.0562,495.38,train,0.3,740
5.0,6.0,469,0.281,1.0332,484.55,train,0.3,740
5.0,7.0,469,0.279,1.0194,478.11,train,0.3,740
1.5,1.0,465,0.505,0.9791,455.3,train,0.325,740
1.5,2.0,465,0.497,0.9708,451.42,train,0.325,740
1.5,3.0,465,0.497,0.9698,450.94,train,0.325,740
1.5,4.0,465,0.497,0.9695,450.81,train,0.325,740
1.5,5.0,465,0.495,0.9692,450.7,train,0.325,740
1.5,6.0,465,0.492,0.9689,450.55,train,0.325,740
1.5,7.0,465,0.492,0.9686,450.38,train,0.325,740
2.0,1.0,465,0.452,1.1524,535.87,train,0.325,740
2.0,2.0,465,0.441,1.1673,542.79,train,0.325,740
2.0,3.0,465,0.439,1.1576,538.31,train,0.325,740
2.0,4.0,465,0.439,1.1511,535.28,train,0.325,740
2.0,5.0,465,0.437,1.1478,533.73,train,0.325,740
2.0,6.0,465,0.434,1.1459,532.82,train,0.325,740
2.0,7.0,465,0.434,1.1446,532.25,train,0.325,740
2.5,1.0,465,0.411,1.0172,472.99,train,0.325,740
2.5,2.0,465,0.396,1.0265,477.33,train,0.325,740
2.5,3.0,465,0.389,1.0224,475.42,train,0.325,740
2.5,4.0,465,0.387,1.0079,468.69,train,0.325,740
2.5,5.0,465,0.385,0.9994,464.73,train,0.325,740
2.5,6.0,465,0.383,0.994,462.21,train,0.325,740
2.5,7.0,465,0.381,0.9903,460.5,train,0.325,740
3.0,1.0,465,0.389,1.1257,523.47,train,0.325,740
3.0,2.0,465,0.37,1.15,534.75,train,0.325,740
3.0,3.0,465,0.363,1.1697,543.9,train,0.325,740
3.0,4.0,465,0.361,1.1785,548.02,train,0.325,740
3.0,5.0,465,0.359,1.1245,522.89,train,0.325,740
3.0,6.0,465,0.355,1.1146,518.27,train,0.325,740
3.0,7.0,465,0.351,1.1093,515.83,train,0.325,740
3.5,1.0,465,0.361,1.2373,575.34,train,0.325,740
3.5,2.0,465,0.34,1.2268,570.48,train,0.325,740
3.5,3.0,465,0.333,1.248,580.34,train,0.325,740
3.5,4.0,465,0.327,1.2621,586.9,train,0.325,740
3.5,5.0,465,0.325,1.2103,562.8,train,0.325,740
3.5,6.0,465,0.32,1.2016,558.77,train,0.325,740
3.5,7.0,465,0.316,1.1973,556.73,train,0.325,740
4.0,1.0,465,0.351,1.1284,524.7,train,0.325,740
4.0,2.0,465,0.325,1.0996,511.34,train,0.325,740
4.0,3.0,465,0.318,1.1267,523.93,train,0.325,740
4.0,4.0,465,0.31,1.1437,531.8,train,0.325,740
4.0,5.0,465,0.308,1.0918,507.69,train,0.325,740
4.0,6.0,465,0.303,1.0824,503.32,train,0.325,740
4.0,7.0,465,0.299,1.0772,500.89,train,0.325,740
4.5,1.0,465,0.344,1.3205,614.03,train,0.325,740
4.5,2.0,465,0.318,1.239,576.15,train,0.325,740
4.5,3.0,465,0.308,1.2594,585.63,train,0.325,740
4.5,4.0,465,0.299,1.2327,573.2,train,0.325,740
4.5,5.0,465,0.297,1.158,538.47,train,0.325,740
4.5,6.0,465,0.292,1.137,528.69,train,0.325,740
4.5,7.0,465,0.288,1.1243,522.8,train,0.325,740
5.0,1.0,465,0.34,1.4565,677.26,train,0.325,740
5.0,2.0,465,0.314,1.3564,630.72,train,0.325,740
5.0,3.0,465,0.301,1.2251,569.66,train,0.325,740
5.0,4.0,465,0.292,1.1752,546.48,train,0.325,740
5.0,5.0,465,0.29,1.0884,506.11,train,0.325,740
5.0,6.0,465,0.284,1.0596,492.7,train,0.325,740
5.0,7.0,465,0.28,1.0413,484.22,train,0.325,740
1.5,1.0,464,0.502,0.9579,444.46,train,0.35,740
1.5,2.0,464,0.494,0.9491,440.36,train,0.35,740
1.5,3.0,464,0.494,0.9478,439.8,train,0.35,740
1.5,4.0,464,0.494,0.9474,439.6,train,0.35,740
1.5,5.0,464,0.494,0.9471,439.44,train,0.35,740
1.5,6.0,464,0.494,0.9467,439.27,train,0.35,740
1.5,7.0,464,0.491,0.9463,439.07,train,0.35,740
2.0,1.0,464,0.45,0.9847,456.89,train,0.35,740
2.0,2.0,464,0.438,0.9656,448.03,train,0.35,740
2.0,3.0,464,0.438,0.9618,446.26,train,0.35,740
2.0,4.0,464,0.438,0.9605,445.68,train,0.35,740
2.0,5.0,464,0.438,0.9599,445.41,train,0.35,740
2.0,6.0,464,0.438,0.9596,445.26,train,0.35,740
2.0,7.0,464,0.435,0.9594,445.16,train,0.35,740
2.5,1.0,464,0.401,1.0618,492.67,train,0.35,740
2.5,2.0,464,0.386,1.0885,505.05,train,0.35,740
2.5,3.0,464,0.384,1.0869,504.34,train,0.35,740
2.5,4.0,464,0.379,1.077,499.71,train,0.35,740
2.5,5.0,464,0.379,1.0714,497.13,train,0.35,740
2.5,6.0,464,0.379,1.068,495.56,train,0.35,740
2.5,7.0,464,0.377,1.0658,494.55,train,0.35,740
3.0,1.0,464,0.381,1.1246,521.83,train,0.35,740
3.0,2.0,464,0.36,1.1425,530.1,train,0.35,740
3.0,3.0,464,0.356,1.1545,535.71,train,0.35,740
3.0,4.0,464,0.351,1.1412,529.52,train,0.35,740
3.0,5.0,464,0.351,1.1337,526.06,train,0.35,740
3.0,6.0,464,0.351,1.1294,524.05,train,0.35,740
3.0,7.0,464,0.345,1.1268,522.83,train,0.35,740
3.5,1.0,464,0.356,1.1514,534.27,train,0.35,740
3.5,2.0,464,0.332,1.144,530.84,train,0.35,740
3.5,3.0,464,0.328,1.1671,541.54,train,0.35,740
3.5,4.0,464,0.319,1.1824,548.65,train,0.35,740
3.5,5.0,464,0.319,1.132,525.26,train,0.35,740
3.5,6.0,464,0.319,1.1237,521.39,train,0.35,740
3.5,7.0,464,0.312,1.1195,519.45,train,0.35,740
4.0,1.0,464,0.341,1.0806,501.38,train,0.35,740
4.0,2.0,464,0.315,0.9734,451.65,train,0.35,740
4.0,3.0,464,0.308,0.9853,457.16,train,0.35,740
4.0,4.0,464,0.297,0.9938,461.13,train,0.35,740
4.0,5.0,464,0.297,0.9368,434.7,train,0.35,740
4.0,6.0,464,0.297,0.9229,428.25,train,0.35,740
4.0,7.0,464,0.291,0.9141,424.14,train,0.35,740
4.5,1.0,464,0.336,1.262,585.58,train,0.35,740
4.5,2.0,464,0.31,1.1433,530.48,train,0.35,740
4.5,3.0,464,0.302,1.1507,533.94,train,0.35,740
4.5,4.0,464,0.289,1.118,518.75,train,0.35,740
4.5,5.0,464,0.289,1.0392,482.18,train,0.35,740
4.5,6.0,464,0.289,1.0144,470.7,train,0.35,740
4.5,7.0,464,0.282,0.9988,463.46,train,0.35,740
5.0,1.0,464,0.334,1.4213,659.46,train,0.35,740
5.0,2.0,464,0.306,1.2908,598.95,train,0.35,740
5.0,3.0,464,0.295,1.1349,526.59,train,0.35,740
5.0,4.0,464,0.282,1.0749,498.75,train,0.35,740
5.0,5.0,464,0.282,0.9814,455.35,train,0.35,740
5.0,6.0,464,0.28,0.9469,439.35,train,0.35,740
5.0,7.0,464,0.274,0.9242,428.83,train,0.35,740
1.5,1.0,464,0.506,1.1076,513.94,train,0.375,740
1.5,2.0,464,0.496,1.1058,513.08,train,0.375,740
1.5,3.0,464,0.496,1.108,514.11,train,0.375,740
1.5,4.0,464,0.496,1.1097,514.89,train,0.375,740
1.5,5.0,464,0.496,1.1109,515.43,train,0.375,740
1.5,6.0,464,0.496,1.1117,515.81,train,0.375,740
1.5,7.0,464,0.496,1.1122,516.07,train,0.375,740
2.0,1.0,464,0.457,1.1239,521.49,train,0.375,740
2.0,2.0,464,0.44,1.1109,515.47,train,0.375,740
2.0,3.0,464,0.44,1.1091,514.63,train,0.375,740
2.0,4.0,464,0.44,1.1087,514.45,train,0.375,740
2.0,5.0,464,0.44,1.1086,514.39,train,0.375,740
2.0,6.0,464,0.44,1.1085,514.33,train,0.375,740
2.0,7.0,464,0.44,1.1083,514.27,train,0.375,740
2.5,1.0,464,0.416,1.2706,589.55,train,0.375,740
2.5,2.0,464,0.399,1.2754,591.79,train,0.375,740
2.5,3.0,464,0.397,1.2655,587.18,train,0.375,740
2.5,4.0,464,0.394,1.2577,583.58,train,0.375,740
2.5,5.0,464,0.392,1.2536,581.68,train,0.375,740
2.5,6.0,464,0.392,1.2512,580.56,train,0.375,740
2.5,7.0,464,0.392,1.2497,579.86,train,0.375,740
3.0,1.0,464,0.392,1.2859,596.66,train,0.375,740
3.0,2.0,464,0.366,1.3146,609.99,train,0.375,740
3.0,3.0,464,0.362,1.3315,617.82,train,0.375,740
3.0,4.0,464,0.36,1.3209,612.89,train,0.375,740
3.0,5.0,464,0.358,1.3151,610.19,train,0.375,740
3.0,6.0,464,0.358,1.3119,608.71,train,0.375,740
3.0,7.0,464,0.358,1.3101,607.87,train,0.375,740
3.5,1.0,464,0.362,1.2537,581.72,train,0.375,740
3.5,2.0,464,0.334,1.2679,588.32,train,0.375,740
3.5,3.0,464,0.33,1.2888,598.03,train,0.375,740
3.5,4.0,464,0.323,1.2991,602.8,train,0.375,740
3.5,5.0,464,0.321,1.2477,578.94,train,0.375,740
3.5,6.0,464,0.321,1.2385,574.65,train,0.375,740
3.5,7.0,464,0.319,1.2338,572.47,train,0.375,740
4.0,1.0,464,0.349,1.3057,605.85,train,0.375,740
4.0,2.0,464,0.317,1.2188,565.51,train,0.375,740
4.0,3.0,464,0.312,1.2376,574.24,train,0.375,740
4.0,4.0,464,0.304,1.2501,580.06,train,0.375,740
4.0,5.0,464,0.302,1.1969,555.38,train,0.375,740
4.0,6.0,464,0.302,1.1853,549.96,train,0.375,740
4.0,7.0,464,0.3,1.1783,546.71,train,0.375,740
4.5,1.0,464,0.345,1.3963,647.87,train,0.375,740
4.5,2.0,464,0.312,1.3414,622.4,train,0.375,740
4.5,3.0,464,0.306,1.3592,630.67,train,0.375,740
4.5,4.0,464,0.295,1.3325,618.27,train,0.375,740
4.5,5.0,464,0.293,1.2575,583.46,train,0.375,740
4.5,6.0,464,0.293,1.2347,572.88,train,0.375,740
4.5,7.0,464,0.291,1.2204,566.29,train,0.375,740
5.0,1.0,464,0.341,1.475,684.39,train,0.375,740
5.0,2.0,464,0.306,1.3929,646.29,train,0.375,740
5.0,3.0,464,0.3,1.3246,614.6,train,0.375,740
5.0,4.0,464,0.287,1.2828,595.22,train,0.375,740
5.0,5.0,464,0.284,1.2002,556.91,train,0.375,740
5.0,6.0,464,0.284,1.1728,544.16,train,0.375,740
5.0,7.0,464,0.282,1.1553,536.08,train,0.375,740
1.5,1.0,463,0.516,1.174,543.55,train,0.4,740
1.5,2.0,463,0.508,1.1743,543.68,train,0.4,740
1.5,3.0,463,0.501,1.1775,545.18,train,0.4,740
1.5,4.0,463,0.501,1.1799,546.27,train,0.4,740
1.5,5.0,463,0.501,1.1815,547.05,train,0.4,740
1.5,6.0,463,0.501,1.1827,547.61,train,0.4,740
1.5,7.0,463,0.501,1.1836,548.01,train,0.4,740
2.0,1.0,463,0.464,1.3402,620.53,train,0.4,740
2.0,2.0,463,0.456,1.3471,623.7,train,0.4,740
2.0,3.0,463,0.449,1.3539,626.88,train,0.4,740
2.0,4.0,463,0.447,1.3588,629.12,train,0.4,740
2.0,5.0,463,0.447,1.3623,630.74,train,0.4,740
2.0,6.0,463,0.447,1.3649,631.96,train,0.4,740
2.0,7.0,463,0.447,1.367,632.9,train,0.4,740
2.5,1.0,463,0.43,1.3122,607.55,train,0.4,740
2.5,2.0,463,0.415,1.3061,604.72,train,0.4,740
2.5,3.0,463,0.406,1.2939,599.05,train,0.4,740
2.5,4.0,463,0.404,1.2844,594.7,train,0.4,740
2.5,5.0,463,0.402,1.2791,592.23,train,0.4,740
2.5,6.0,463,0.4,1.2758,590.68,train,0.4,740
2.5,7.0,463,0.4,1.2735,589.64,train,0.4,740
3.0,1.0,463,0.402,1.2952,599.68,train,0.4,740
3.0,2.0,463,0.382,1.2956,599.88,train,0.4,740
3.0,3.0,463,0.371,1.3007,602.23,train,0.4,740
3.0,4.0,463,0.369,1.2825,593.8,train,0.4,740
3.0,5.0,463,0.367,1.2711,588.51,train,0.4,740
3.0,6.0,463,0.365,1.2635,585.02,train,0.4,740
3.0,7.0,463,0.365,1.2582,582.54,train,0.4,740
3.5,1.0,463,0.371,1.2747,590.19,train,0.4,740
3.5,2.0,463,0.35,1.2711,588.51,train,0.4,740
3.5,3.0,463,0.335,1.2893,596.94,train,0.4,740
3.5,4.0,463,0.328,1.2982,601.07,train,0.4,740
3.5,5.0,463,0.326,1.2467,577.22,train,0.4,740
3.5,6.0,463,0.324,1.2369,572.69,train,0.4,740
3.5,7.0,463,0.322,1.2319,570.38,train,0.4,740
4.0,1.0,463,0.359,1.4495,671.12,train,0.4,740
4.0,2.0,463,0.335,1.4158,655.51,train,0.4,740
4.0,3.0,463,0.32,1.441,667.19,train,0.4,740
4.0,4.0,463,0.313,1.4563,674.26,train,0.4,740
4.0,5.0,463,0.311,1.4054,650.72,train,0.4,740
4.0,6.0,463,0.309,1.3948,645.81,train,0.4,740
4.0,7.0,463,0.307,1.3886,642.94,train,0.4,740
4.5,1.0,463,0.352,1.3795,638.73,train,0.4,740
4.5,2.0,463,0.326,1.2871,595.94,train,0.4,740
4.5,3.0,463,0.309,1.2942,599.22,train,0.4,740
4.5,4.0,463,0.3,1.3015,602.58,train,0.4,740
4.5,5.0,463,0.298,1.2457,576.75,train,0.4,740
4.5,6.0,463,0.296,1.2317,570.28,train,0.4,740
4.5,7.0,463,0.294,1.223,566.26,train,0.4,740
5.0,1.0,463,0.35,1.5814,732.2,train,0.4,740
5.0,2.0,463,0.322,1.4633,677.5,train,0.4,740
5.0,3.0,463,0.305,1.4724,681.71,train,0.4,740
5.0,4.0,463,0.292,1.4433,668.24,train,0.4,740
5.0,5.0,463,0.289,1.3673,633.07,train,0.4,740
5.0,6.0,463,0.287,1.3436,622.07,train,0.4,740
5.0,7.0,463,0.285,1.3288,615.25,train,0.4,740
1.5,1.0,463,0.521,1.3429,621.78,train,0.425,740
1.5,2.0,463,0.512,1.3548,627.26,train,0.425,740
1.5,3.0,463,0.508,1.3642,631.62,train,0.425,740
1.5,4.0,463,0.508,1.3704,634.5,train,0.425,740
1.5,5.0,463,0.508,1.3747,636.48,train,0.425,740
1.5,6.0,463,0.505,1.3778,637.92,train,0.425,740
1.5,7.0,463,0.505,1.3801,638.99,train,0.425,740
2.0,1.0,463,0.467,1.3422,621.44,train,0.425,740
2.0,2.0,463,0.458,1.3416,621.17,train,0.425,740
2.0,3.0,463,0.454,1.3455,622.99,train,0.425,740
2.0,4.0,463,0.454,1.3485,624.34,train,0.425,740
2.0,5.0,463,0.454,1.3504,625.26,train,0.425,740
2.0,6.0,463,0.451,1.3518,625.87,train,0.425,740
2.0,7.0,463,0.451,1.3527,626.28,train,0.425,740
2.5,1.0,463,0.436,1.4909,690.27,train,0.425,740
2.5,2.0,463,0.423,1.5075,697.96,train,0.425,740
2.5,3.0,463,0.415,1.5059,697.24,train,0.425,740
2.5,4.0,463,0.415,1.5026,695.71,train,0.425,740
2.5,5.0,463,0.413,1.5012,695.06,train,0.425,740
2.5,6.0,463,0.41,1.5006,694.79,train,0.425,740
2.5,7.0,463,0.41,1.5004,694.67,train,0.425,740
3.0,1.0,463,0.408,1.3937,645.31,train,0.425,740
3.0,2.0,463,0.389,1.3995,647.96,train,0.425,740
3.0,3.0,463,0.38,1.3951,645.92,train,0.425,740
3.0,4.0,463,0.376,1.3839,640.73,train,0.425,740
3.0,5.0,463,0.371,1.3775,637.76,train,0.425,740
3.0,6.0,463,0.369,1.3735,635.92,train,0.425,740
3.0,7.0,463,0.369,1.3709,634.71,train,0.425,740
3.5,1.0,463,0.389,1.4384,666.0,train,0.425,740
3.5,2.0,463,0.367,1.448,670.45,train,0.425,740
3.5,3.0,463,0.356,1.464,677.82,train,0.425,740
3.5,4.0,463,0.352,1.4542,673.27,train,0.425,740
3.5,5.0,463,0.346,1.4491,670.91,train,0.425,740
3.5,6.0,463,0.343,1.4466,669.76,train,0.425,740
3.5,7.0,463,0.341,1.4454,669.24,train,0.425,740
4.0,1.0,463,0.367,1.519,703.32,train,0.425,740
4.0,2.0,463,0.346,1.5034,696.05,train,0.425,740
4.0,3.0,463,0.333,1.5292,708.04,train,0.425,740
4.0,4.0,463,0.326,1.5474,716.44,train,0.425,740
4.0,5.0,463,0.32,1.5017,695.26,train,0.425,740
4.0,6.0,463,0.317,1.495,692.2,train,0.425,740
4.0,7.0,463,0.315,1.4923,690.96,train,0.425,740
4.5,1.0,463,0.361,1.384,640.79,train,0.425,740
4.5,2.0,463,0.333,1.2891,596.83,train,0.425,740
4.5,3.0,463,0.317,1.2954,599.79,train,0.425,740
4.5,4.0,463,0.311,1.3031,603.34,train,0.425,740
4.5,5.0,463,0.302,1.2486,578.09,train,0.425,740
4.5,6.0,463,0.3,1.2348,571.72,train,0.425,740
4.5,7.0,463,0.298,1.2263,567.76,train,0.425,740
5.0,1.0,463,0.359,1.5607,722.63,train,0.425,740
5.0,2.0,463,0.328,1.4936,691.56,train,0.425,740
5.0,3.0,463,0.313,1.5171,702.43,train,0.425,740
5.0,4.0,463,0.305,1.4964,692.83,train,0.425,740
5.0,5.0,463,0.296,1.4266,660.52,train,0.425,740
5.0,6.0,463,0.294,1.4066,651.26,train,0.425,740
5.0,7.0,463,0.292,1.3947,645.76,train,0.425,740
1.5,1.0,460,0.522,1.4874,684.22,train,0.45,740
1.5,2.0,460,0.517,1.5084,693.87,train,0.45,740
1.5,3.0,460,0.513,1.5219,700.09,train,0.45,740
1.5,4.0,460,0.511,1.5308,704.17,train,0.45,740
1.5,5.0,460,0.509,1.5371,707.06,train,0.45,740
1.5,6.0,460,0.509,1.5418,709.22,train,0.45,740
1.5,7.0,460,0.509,1.5455,710.91,train,0.45,740
2.0,1.0,460,0.467,1.3918,640.24,train,0.45,740
2.0,2.0,460,0.461,1.3937,641.1,train,0.45,740
2.0,3.0,460,0.457,1.3995,643.78,train,0.45,740
2.0,4.0,460,0.454,1.4039,645.78,train,0.45,740
2.0,5.0,460,0.454,1.407,647.23,train,0.45,740
2.0,6.0,460,0.454,1.4093,648.3,train,0.45,740
2.0,7.0,460,0.454,1.4111,649.1,train,0.45,740
2.5,1.0,460,0.437,1.638,753.47,train,0.45,740
2.5,2.0,460,0.428,1.6502,759.07,train,0.45,740
2.5,3.0,460,0.422,1.6556,761.59,train,0.45,740
2.5,4.0,460,0.417,1.6612,764.13,train,0.45,740
2.5,5.0,460,0.417,1.6659,766.3,train,0.45,740
2.5,6.0,460,0.417,1.6698,768.12,train,0.45,740
2.5,7.0,460,0.417,1.6732,769.68,train,0.45,740
3.0,1.0,460,0.404,1.4071,647.27,train,0.45,740
3.0,2.0,460,0.389,1.4322,658.81,train,0.45,740
3.0,3.0,460,0.383,1.4357,660.4,train,0.45,740
3.0,4.0,460,0.376,1.4296,657.63,train,0.45,740
3.0,5.0,460,0.372,1.4271,656.46,train,0.45,740
3.0,6.0,460,0.37,1.4262,656.04,train,0.45,740
3.0,7.0,460,0.37,1.4261,656.0,train,0.45,740
3.5,1.0,460,0.385,1.4028,645.3,train,0.45,740
3.5,2.0,460,0.365,1.4289,657.28,train,0.45,740
3.5,3.0,460,0.357,1.4511,667.52,train,0.45,740
3.5,4.0,460,0.348,1.4452,664.77,train,0.45,740
3.5,5.0,460,0.343,1.4426,663.61,train,0.45,740
3.5,6.0,460,0.341,1.4421,663.36,train,0.45,740
3.5,7.0,460,0.341,1.4425,663.55,train,0.45,740
4.0,1.0,460,0.367,1.5323,704.87,train,0.45,740
4.0,2.0,460,0.348,1.528,702.88,train,0.45,740
4.0,3.0,460,0.337,1.5515,713.69,train,0.45,740
4.0,4.0,460,0.326,1.5649,719.83,train,0.45,740
4.0,5.0,460,0.32,1.518,698.29,train,0.45,740
4.0,6.0,460,0.317,1.5107,694.94,train,0.45,740
4.0,7.0,460,0.317,1.5079,693.61,train,0.45,740
4.5,1.0,460,0.357,1.413,650.0,train,0.45,740
4.5,2.0,460,0.335,1.3153,605.05,train,0.45,740
4.5,3.0,460,0.322,1.337,615.04,train,0.45,740
4.5,4.0,460,0.309,1.3534,622.56,train,0.45,740
4.5,5.0,460,0.3,1.3053,600.45,train,0.45,740
4.5,6.0,460,0.298,1.296,596.16,train,0.45,740
4.5,7.0,460,0.298,1.291,593.87,train,0.45,740
5.0,1.0,460,0.354,1.486,683.55,train,0.45,740
5.0,2.0,460,0.33,1.4033,645.5,train,0.45,740
5.0,3.0,460,0.317,1.4133,650.1,train,0.45,740
5.0,4.0,460,0.304,1.4236,654.85,train,0.45,740
5.0,5.0,460,0.293,1.3716,630.94,train,0.45,740
5.0,6.0,460,0.291,1.3595,625.38,train,0.45,740
5.0,7.0,460,0.291,1.3525,622.14,train,0.45,740
1.5,1.0,460,0.528,1.5207,699.5,train,0.475,740
1.5,2.0,460,0.524,1.5401,708.47,train,0.475,740
1.5,3.0,460,0.517,1.5526,714.2,train,0.475,740
1.5,4.0,460,0.515,1.5608,717.96,train,0.475,740
1.5,5.0,460,0.515,1.5666,720.61,train,0.475,740
1.5,6.0,460,0.515,1.5709,722.6,train,0.475,740
1.5,7.0,460,0.515,1.5742,724.14,train,0.475,740
2.0,1.0,460,0.467,1.3374,615.19,train,0.475,740
2.0,2.0,460,0.463,1.3352,614.21,train,0.475,740
2.0,3.0,460,0.457,1.3394,616.1,train,0.475,740
2.0,4.0,460,0.454,1.3427,617.64,train,0.475,740
2.0,5.0,460,0.454,1.3452,618.78,train,0.475,740
2.0,6.0,460,0.454,1.347,619.63,train,0.475,740
2.0,7.0,460,0.454,1.3484,620.26,train,0.475,740
2.5,1.0,460,0.437,1.4618,672.42,train,0.475,740
2.5,2.0,460,0.426,1.4734,677.78,train,0.475,740
2.5,3.0,460,0.42,1.4852,683.21,train,0.475,740
2.5,4.0,460,0.415,1.4938,687.13,train,0.475,740
2.5,5.0,460,0.415,1.5001,690.05,train,0.475,740
2.5,6.0,460,0.413,1.505,692.31,train,0.475,740
2.5,7.0,460,0.413,1.5089,694.11,train,0.475,740
3.0,1.0,460,0.411,1.4367,660.89,train,0.475,740
3.0,2.0,460,0.393,1.4493,666.69,train,0.475,740
3.0,3.0,460,0.387,1.4495,666.77,train,0.475,740
3.0,4.0,460,0.383,1.4487,666.38,train,0.475,740
3.0,5.0,460,0.38,1.4496,666.83,train,0.475,740
3.0,6.0,460,0.376,1.4512,667.56,train,0.475,740
3.0,7.0,460,0.376,1.453,668.37,train,0.475,740
3.5,1.0,460,0.391,1.381,635.27,train,0.475,740
3.5,2.0,460,0.372,1.4098,648.53,train,0.475,740
3.5,3.0,460,0.361,1.4331,659.21,train,0.475,740
3.5,4.0,460,0.354,1.4275,656.67,train,0.475,740
3.5,5.0,460,0.352,1.425,655.5,train,0.475,740
3.5,6.0,460,0.346,1.4243,655.17,train,0.475,740
3.5,7.0,460,0.346,1.4244,655.24,train,0.475,740
4.0,1.0,460,0.372,1.4784,680.08,train,0.475,740
4.0,2.0,460,0.352,1.4938,687.14,train,0.475,740
4.0,3.0,460,0.339,1.5225,700.35,train,0.475,740
4.0,4.0,460,0.33,1.5385,707.7,train,0.475,740
4.0,5.0,460,0.326,1.494,687.26,train,0.475,740
4.0,6.0,460,0.32,1.4878,684.37,train,0.475,740
4.0,7.0,460,0.32,1.4856,683.4,train,0.475,740
4.5,1.0,460,0.361,1.5372,707.11,train,0.475,740
4.5,2.0,460,0.341,1.4871,684.07,train,0.475,740
4.5,3.0,460,0.326,1.4983,689.24,train,0.475,740
4.5,4.0,460,0.317,1.5087,693.99,train,0.475,740
4.5,5.0,460,0.313,1.4589,671.09,train,0.475,740
4.5,6.0,460,0.307,1.4481,666.14,train,0.475,740
4.5,7.0,460,0.307,1.4422,663.41,train,0.475,740
5.0,1.0,460,0.357,1.382,635.73,train,0.475,740
5.0,2.0,460,0.333,1.2957,596.01,train,0.475,740
5.0,3.0,460,0.317,1.3072,601.3,train,0.475,740
5.0,4.0,460,0.307,1.3189,606.71,train,0.475,740
5.0,5.0,460,0.3,1.2687,583.59,train,0.475,740
5.0,6.0,460,0.293,1.2571,578.28,train,0.475,740
5.0,7.0,460,0.293,1.2504,575.2,train,0.475,740
1.5,1.0,459,0.532,1.4962,686.74,train,0.5,740
1.5,2.0,459,0.523,1.514,694.95,train,0.5,740
1.5,3.0,459,0.519,1.5259,700.39,train,0.5,740
1.5,4.0,459,0.519,1.5336,703.94,train,0.5,740
1.5,5.0,459,0.516,1.5391,706.44,train,0.5,740
1.5,6.0,459,0.514,1.5431,708.29,train,0.5,740
1.5,7.0,459,0.514,1.5462,709.71,train,0.5,740
2.0,1.0,459,0.475,1.2939,593.9,train,0.5,740
2.0,2.0,459,0.468,1.29,592.13,train,0.5,740
2.0,3.0,459,0.464,1.2939,593.89,train,0.5,740
2.0,4.0,459,0.464,1.2974,595.5,train,0.5,740
2.0,5.0,459,0.462,1.3002,596.8,train,0.5,740
2.0,6.0,459,0.46,1.3025,597.86,train,0.5,740
2.0,7.0,459,0.46,1.3044,598.73,train,0.5,740
2.5,1.0,459,0.438,1.4785,678.62,train,0.5,740
2.5,2.0,459,0.423,1.4986,687.86,train,0.5,740
2.5,3.0,459,0.418,1.5135,694.71,train,0.5,740
2.5,4.0,459,0.416,1.5242,699.59,train,0.5,740
2.5,5.0,459,0.414,1.5321,703.24,train,0.5,740
2.5,6.0,459,0.412,1.5384,706.1,train,0.5,740
2.5,7.0,459,0.412,1.5434,708.43,train,0.5,740
3.0,1.0,459,0.416,1.4702,674.81,train,0.5,740
3.0,2.0,459,0.397,1.465,672.43,train,0.5,740
3.0,3.0,459,0.392,1.4618,670.95,train,0.5,740
3.0,4.0,459,0.39,1.4627,671.37,train,0.5,740
3.0,5.0,459,0.386,1.4644,672.15,train,0.5,740
3.0,6.0,459,0.383,1.4662,672.99,train,0.5,740
3.0,7.0,459,0.381,1.468,673.81,train,0.5,740
3.5,1.0,459,0.399,1.5009,688.89,train,0.5,740
3.5,2.0,459,0.375,1.5117,693.87,train,0.5,740
3.5,3.0,459,0.368,1.5162,695.94,train,0.5,740
3.5,4.0,459,0.364,1.5147,695.24,train,0.5,740
3.5,5.0,459,0.357,1.5148,695.29,train,0.5,740
3.5,6.0,459,0.355,1.5156,695.68,train,0.5,740
3.5,7.0,459,0.351,1.5168,696.21,train,0.5,740
4.0,1.0,459,0.377,1.4367,659.43,train,0.5,740
4.0,2.0,459,0.351,1.4262,654.65,train,0.5,740
4.0,3.0,459,0.344,1.4271,655.05,train,0.5,740
4.0,4.0,459,0.34,1.4217,652.55,train,0.5,740
4.0,5.0,459,0.329,1.4196,651.58,train,0.5,740
4.0,6.0,459,0.327,1.4191,651.39,train,0.5,740
4.0,7.0,459,0.322,1.4195,651.56,train,0.5,740
4.5,1.0,459,0.37,1.609,738.52,train,0.5,740
4.5,2.0,459,0.344,1.5975,733.27,train,0.5,740
4.5,3.0,459,0.336,1.5865,728.18,train,0.5,740
4.5,4.0,459,0.329,1.5639,717.84,train,0.5,740
4.5,5.0,459,0.318,1.5565,714.45,train,0.5,740
4.5,6.0,459,0.316,1.5534,713.01,train,0.5,740
4.5,7.0,459,0.312,1.5522,712.45,train,0.5,740
5.0,1.0,459,0.364,1.5635,717.66,train,0.5,740
5.0,2.0,459,0.336,1.5035,690.09,train,0.5,740
5.0,3.0,459,0.327,1.491,684.38,train,0.5,740
5.0,4.0,459,0.32,1.4727,675.95,train,0.5,740
5.0,5.0,459,0.305,1.4651,672.48,train,0.5,740
5.0,6.0,459,0.303,1.4608,670.5,train,0.5,740
5.0,7.0,459,0.298,1.4582,669.29,train,0.5,740
1.5,1.0,455,0.53,1.4811,673.89,train,0.525,740
1.5,2.0,455,0.523,1.4985,681.8,train,0.525,740
1.5,3.0,455,0.519,1.5097,686.91,train,0.525,740
1.5,4.0,455,0.519,1.5171,690.3,train,0.525,740
1.5,5.0,455,0.519,1.5225,692.73,train,0.525,740
1.5,6.0,455,0.519,1.5265,694.57,train,0.525,740
1.5,7.0,455,0.516,1.5297,696.01,train,0.525,740
2.0,1.0,455,0.468,1.2093,550.25,train,0.525,740
2.0,2.0,455,0.462,1.1924,542.54,train,0.525,740
2.0,3.0,455,0.457,1.1905,541.67,train,0.525,740
2.0,4.0,455,0.457,1.1906,541.74,train,0.525,740
2.0,5.0,455,0.457,1.1913,542.04,train,0.525,740
2.0,6.0,455,0.457,1.192,542.38,train,0.525,740
2.0,7.0,455,0.455,1.1928,542.71,train,0.525,740
2.5,1.0,455,0.435,1.2545,570.81,train,0.525,740
2.5,2.0,455,0.422,1.2335,561.23,train,0.525,740
2.5,3.0,455,0.418,1.2233,556.58,train,0.525,740
2.5,4.0,455,0.415,1.2182,554.3,train,0.525,740
2.5,5.0,455,0.415,1.2153,552.94,train,0.525,740
2.5,6.0,455,0.415,1.2133,552.03,train,0.525,740
2.5,7.0,455,0.413,1.2118,551.38,train,0.525,740
3.0,1.0,455,0.415,1.4069,640.14,train,0.525,740
3.0,2.0,455,0.396,1.3855,630.4,train,0.525,740
3.0,3.0,455,0.389,1.3694,623.07,train,0.525,740
3.0,4.0,455,0.387,1.3626,620.01,train,0.525,740
3.0,5.0,455,0.385,1.3592,618.44,train,0.525,740
3.0,6.0,455,0.385,1.3573,617.56,train,0.525,740
3.0,7.0,455,0.382,1.3561,617.04,train,0.525,740
3.5,1.0,455,0.398,1.4457,657.77,train,0.525,740
3.5,2.0,455,0.376,1.4575,663.16,train,0.525,740
3.5,3.0,455,0.367,1.4548,661.93,train,0.525,740
3.5,4.0,455,0.365,1.4484,659.03,train,0.525,740
3.5,5.0,455,0.36,1.4451,657.53,train,0.525,740
3.5,6.0,455,0.36,1.4434,656.76,train,0.525,740
3.5,7.0,455,0.358,1.4426,656.37,train,0.525,740
4.0,1.0,455,0.382,1.3611,619.31,train,0.525,740
4.0,2.0,455,0.356,1.3924,633.54,train,0.525,740
4.0,3.0,455,0.347,1.4014,637.65,train,0.525,740
4.0,4.0,455,0.343,1.3991,636.61,train,0.525,740
4.0,5.0,455,0.336,1.3988,636.44,train,0.525,740
4.0,6.0,455,0.334,1.3994,636.75,train,0.525,740
4.0,7.0,455,0.332,1.4006,637.28,train,0.525,740
4.5,1.0,455,0.371,1.5749,716.59,train,0.525,740
4.5,2.0,455,0.343,1.6199,737.04,train,0.525,740
4.5,3.0,455,0.334,1.6111,733.05,train,0.525,740
4.5,4.0,455,0.327,1.5871,722.13,train,0.525,740
4.5,5.0,455,0.321,1.5786,718.26,train,0.525,740
4.5,6.0,455,0.319,1.5746,716.44,train,0.525,740
4.5,7.0,455,0.316,1.5727,715.58,train,0.525,740
5.0,1.0,455,0.363,1.4909,678.38,train,0.525,740
5.0,2.0,455,0.334,1.513,688.43,train,0.525,740
5.0,3.0,455,0.323,1.5247,693.72,train,0.525,740
5.0,4.0,455,0.316,1.516,689.76,train,0.525,740
5.0,5.0,455,0.308,1.5152,689.41,train,0.525,740
5.0,6.0,455,0.305,1.5158,689.71,train,0.525,740
5.0,7.0,455,0.303,1.517,690.25,train,0.525,740
1.5,1.0,453,0.521,1.2409,562.14,train,0.55,740
1.5,2.0,453,0.514,1.253,567.62,train,0.55,740
1.5,3.0,453,0.51,1.2618,571.58,train,0.55,740
1.5,4.0,453,0.51,1.2676,574.21,train,0.55,740
1.5,5.0,453,0.51,1.2717,576.06,train,0.55,740
1.5,6.0,453,0.51,1.2747,577.42,train,0.55,740
1.5,7.0,453,0.51,1.277,578.47,train,0.55,740
2.0,1.0,453,0.475,1.3422,608.0,train,0.55,740
2.0,2.0,453,0.466,1.3362,605.32,train,0.55,740
2.0,3.0,453,0.461,1.3384,606.3,train,0.55,740
2.0,4.0,453,0.461,1.3406,607.31,train,0.55,740
2.0,5.0,453,0.461,1.3424,608.13,train,0.55,740
2.0,6.0,453,0.461,1.3439,608.78,train,0.55,740
2.0,7.0,453,0.461,1.345,609.29,train,0.55,740
2.5,1.0,453,0.437,1.1442,518.31,train,0.55,740
2.5,2.0,453,0.419,1.1225,508.49,train,0.55,740
2.5,3.0,453,0.415,1.112,503.73,train,0.55,740
2.5,4.0,453,0.415,1.1065,501.27,train,0.55,740
2.5,5.0,453,0.415,1.1031,499.7,train,0.55,740
2.5,6.0,453,0.415,1.1006,498.58,train,0.55,740
2.5,7.0,453,0.415,1.0987,497.72,train,0.55,740
3.0,1.0,453,0.415,1.4383,651.56,train,0.55,740
3.0,2.0,453,0.395,1.4308,648.16,train,0.55,740
3.0,3.0,453,0.391,1.4237,644.96,train,0.55,740
3.0,4.0,453,0.389,1.4214,643.9,train,0.55,740
3.0,5.0,453,0.389,1.4206,643.54,train,0.55,740
3.0,6.0,453,0.389,1.4204,643.45,train,0.55,740
3.0,7.0,453,0.389,1.4205,643.5,train,0.55,740
3.5,1.0,453,0.4,1.4553,659.24,train,0.55,740
3.5,2.0,453,0.375,1.4471,655.55,train,0.55,740
3.5,3.0,453,0.366,1.4354,650.24,train,0.55,740
3.5,4.0,453,0.364,1.4307,648.09,train,0.55,740
3.5,5.0,453,0.364,1.4284,647.08,train,0.55,740
3.5,6.0,453,0.362,1.4273,646.58,train,0.55,740
3.5,7.0,453,0.362,1.4268,646.35,train,0.55,740
4.0,1.0,453,0.389,1.513,685.38,train,0.55,740
4.0,2.0,453,0.36,1.5331,694.49,train,0.55,740
4.0,3.0,453,0.351,1.5419,698.48,train,0.55,740
4.0,4.0,453,0.347,1.5396,697.45,train,0.55,740
4.0,5.0,453,0.342,1.539,697.19,train,0.55,740
4.0,6.0,453,0.336,1.5394,697.36,train,0.55,740
4.0,7.0,453,0.336,1.5403,697.75,train,0.55,740
4.5,1.0,453,0.373,1.5074,682.84,train,0.55,740
4.5,2.0,453,0.342,1.5132,685.5,train,0.55,740
4.5,3.0,453,0.333,1.51,684.04,train,0.55,740
4.5,4.0,453,0.329,1.5001,679.56,train,0.55,740
4.5,5.0,453,0.325,1.4943,676.94,train,0.55,740
4.5,6.0,453,0.318,1.4909,675.4,train,0.55,740
4.5,7.0,453,0.318,1.4889,674.46,train,0.55,740
5.0,1.0,453,0.369,1.6093,729.04,train,0.55,740
5.0,2.0,453,0.338,1.6426,744.11,train,0.55,740
5.0,3.0,453,0.327,1.6503,747.6,train,0.55,740
5.0,4.0,453,0.322,1.6335,739.96,train,0.55,740
5.0,5.0,453,0.316,1.6283,737.61,train,0.55,740
5.0,6.0,453,0.309,1.626,736.57,train,0.55,740
5.0,7.0,453,0.309,1.625,736.11,train,0.55,740
1.5,1.0,450,0.529,1.3468,606.06,train,0.575,740
1.5,2.0,450,0.518,1.3715,617.18,train,0.575,740
1.5,3.0,450,0.511,1.3859,623.68,train,0.575,740
1.5,4.0,450,0.511,1.3952,627.86,train,0.575,740
1.5,5.0,450,0.511,1.4018,630.79,train,0.575,740
1.5,6.0,450,0.511,1.4066,632.97,train,0.575,740
1.5,7.0,450,0.511,1.4104,634.67,train,0.575,740
2.0,1.0,450,0.489,1.521,684.45,train,0.575,740
2.0,2.0,450,0.478,1.5256,686.54,train,0.575,740
2.0,3.0,450,0.471,1.5323,689.52,train,0.575,740
2.0,4.0,450,0.471,1.5371,691.7,train,0.575,740
2.0,5.0,450,0.471,1.5407,693.32,train,0.575,740
2.0,6.0,450,0.471,1.5435,694.56,train,0.575,740
2.0,7.0,450,0.471,1.5456,695.54,train,0.575,740
2.5,1.0,450,0.442,1.167,525.14,train,0.575,740
2.5,2.0,450,0.424,1.1309,508.92,train,0.575,740
2.5,3.0,450,0.416,1.121,504.43,train,0.575,740
2.5,4.0,450,0.416,1.1162,502.27,train,0.575,740
2.5,5.0,450,0.416,1.1132,500.95,train,0.575,740
2.5,6.0,450,0.416,1.1112,500.02,train,0.575,740
2.5,7.0,450,0.416,1.1096,499.3,train,0.575,740
3.0,1.0,450,0.427,1.4925,671.63,train,0.575,740
3.0,2.0,450,0.402,1.5163,682.34,train,0.575,740
3.0,3.0,450,0.393,1.5262,686.77,train,0.575,740
3.0,4.0,450,0.393,1.5335,690.07,train,0.575,740
3.0,5.0,450,0.391,1.5392,692.64,train,0.575,740
3.0,6.0,450,0.391,1.5438,694.71,train,0.575,740
3.0,7.0,450,0.391,1.5476,696.43,train,0.575,740
3.5,1.0,450,0.418,1.6171,727.7,train,0.575,740
3.5,2.0,450,0.389,1.6147,726.6,train,0.575,740
3.5,3.0,450,0.38,1.6058,722.62,train,0.575,740
3.5,4.0,450,0.378,1.603,721.33,train,0.575,740
3.5,5.0,450,0.376,1.602,720.91,train,0.575,740
3.5,6.0,450,0.373,1.6018,720.83,train,0.575,740
3.5,7.0,450,0.373,1.602,720.92,train,0.575,740
4.0,1.0,450,0.402,1.547,696.17,train,0.575,740
4.0,2.0,450,0.371,1.5546,699.56,train,0.575,740
4.0,3.0,450,0.36,1.5486,696.88,train,0.575,740
4.0,4.0,450,0.356,1.54,693.01,train,0.575,740
4.0,5.0,450,0.351,1.5349,690.72,train,0.575,740
4.0,6.0,450,0.349,1.5318,689.29,train,0.575,740
4.0,7.0,450,0.347,1.5297,688.35,train,0.575,740
4.5,1.0,450,0.391,1.5632,703.46,train,0.575,740
4.5,2.0,450,0.356,1.5768,709.56,train,0.575,740
4.5,3.0,450,0.344,1.5811,711.52,train,0.575,740
4.5,4.0,450,0.34,1.5762,709.28,train,0.575,740
4.5,5.0,450,0.333,1.5737,708.18,train,0.575,740
4.5,6.0,450,0.329,1.5727,707.72,train,0.575,740
4.5,7.0,450,0.327,1.5724,707.6,train,0.575,740
5.0,1.0,450,0.382,1.72,773.99,train,0.575,740
5.0,2.0,450,0.347,1.7637,793.65,train,0.575,740
5.0,3.0,450,0.333,1.7548,789.67,train,0.575,740
5.0,4.0,450,0.329,1.7287,777.91,train,0.575,740
5.0,5.0,450,0.322,1.7185,773.35,train,0.575,740
5.0,6.0,450,0.316,1.7131,770.91,train,0.575,740
5.0,7.0,450,0.313,1.71,769.49,train,0.575,740
1.5,1.0,446,0.536,1.4998,668.93,train,0.6,740
1.5,2.0,446,0.529,1.5422,687.81,train,0.6,740
1.5,3.0,446,0.522,1.5647,697.88,train,0.6,740
1.5,4.0,446,0.52,1.579,704.22,train,0.6,740
1.5,5.0,446,0.52,1.5889,708.64,train,0.6,740
1.5,6.0,446,0.518,1.5963,711.93,train,0.6,740
1.5,7.0,446,0.516,1.602,714.49,train,0.6,740
2.0,1.0,446,0.493,1.607,716.72,train,0.6,740
2.0,2.0,446,0.484,1.6359,729.6,train,0.6,740
2.0,3.0,446,0.478,1.6532,737.31,train,0.6,740
2.0,4.0,446,0.475,1.6644,742.32,train,0.6,740
2.0,5.0,446,0.475,1.6723,745.86,train,0.6,740
2.0,6.0,446,0.473,1.6783,748.53,train,0.6,740
2.0,7.0,446,0.471,1.683,750.62,train,0.6,740
2.5,1.0,446,0.451,1.3806,615.76,train,0.6,740
2.5,2.0,446,0.437,1.3802,615.55,train,0.6,740
2.5,3.0,446,0.428,1.3849,617.66,train,0.6,740
2.5,4.0,446,0.426,1.3887,619.36,train,0.6,740
2.5,5.0,446,0.426,1.3916,620.65,train,0.6,740
2.5,6.0,446,0.424,1.3938,621.64,train,0.6,740
2.5,7.0,446,0.424,1.3956,622.43,train,0.6,740
3.0,1.0,446,0.437,1.5433,688.31,train,0.6,740
3.0,2.0,446,0.415,1.5536,692.88,train,0.6,740
3.0,3.0,446,0.404,1.5573,694.56,train,0.6,740
3.0,4.0,446,0.401,1.5605,696.0,train,0.6,740
3.0,5.0,446,0.399,1.5632,697.17,train,0.6,740
3.0,6.0,446,0.397,1.5653,698.11,train,0.6,740
3.0,7.0,446,0.397,1.567,698.89,train,0.6,740
3.5,1.0,446,0.426,1.6059,716.25,train,0.6,740
3.5,2.0,446,0.397,1.5875,708.02,train,0.6,740
3.5,3.0,446,0.386,1.5768,703.27,train,0.6,740
3.5,4.0,446,0.383,1.5734,701.75,train,0.6,740
3.5,5.0,446,0.381,1.5722,701.21,train,0.6,740
3.5,6.0,446,0.377,1.5719,701.06,train,0.6,740
3.5,7.0,446,0.377,1.572,701.09,train,0.6,740
4.0,1.0,446,0.41,1.5851,706.94,train,0.6,740
4.0,2.0,446,0.379,1.5774,703.51,train,0.6,740
4.0,3.0,446,0.368,1.5669,698.85,train,0.6,740
4.0,4.0,446,0.365,1.5631,697.14,train,0.6,740
4.0,5.0,446,0.361,1.5616,696.46,train,0.6,740
4.0,6.0,446,0.352,1.561,696.22,train,0.6,740
4.0,7.0,446,0.352,1.561,696.19,train,0.6,740
4.5,1.0,446,0.401,1.5835,706.23,train,0.6,740
4.5,2.0,446,0.363,1.6141,719.88,train,0.6,740
4.5,3.0,446,0.35,1.6288,726.44,train,0.6,740
4.5,4.0,446,0.348,1.6303,727.13,train,0.6,740
4.5,5.0,446,0.341,1.6323,727.99,train,0.6,740
4.5,6.0,446,0.332,1.6345,728.99,train,0.6,740
4.5,7.0,446,0.33,1.6368,730.02,train,0.6,740
5.0,1.0,446,0.39,1.7287,771.01,train,0.6,740
5.0,2.0,446,0.352,1.7689,788.94,train,0.6,740
5.0,3.0,446,0.336,1.7836,795.48,train,0.6,740
5.0,4.0,446,0.334,1.7849,796.06,train,0.6,740
5.0,5.0,446,0.327,1.7869,796.94,train,0.6,740
5.0,6.0,446,0.318,1.7893,798.01,train,0.6,740
5.0,7.0,446,0.316,1.7918,799.14,train,0.6,740
1.5,1.0,442,0.559,1.6585,733.05,train,0.625,740
1.5,2.0,442,0.548,1.6998,751.32,train,0.625,740
1.5,3.0,442,0.545,1.7208,760.57,train,0.625,740
1.5,4.0,442,0.545,1.7337,766.28,train,0.625,740
1.5,5.0,442,0.545,1.7425,770.2,train,0.625,740
1.5,6.0,442,0.545,1.749,773.08,train,0.625,740
1.5,7.0,442,0.545,1.754,775.28,train,0.625,740
2.0,1.0,442,0.507,1.6424,725.92,train,0.625,740
2.0,2.0,442,0.489,1.6586,733.1,train,0.625,740
2.0,3.0,442,0.482,1.6697,738.03,train,0.625,740
2.0,4.0,442,0.482,1.6771,741.26,train,0.625,740
2.0,5.0,442,0.482,1.6822,743.54,train,0.625,740
2.0,6.0,442,0.482,1.686,745.22,train,0.625,740
2.0,7.0,442,0.482,1.6889,746.51,train,0.625,740
2.5,1.0,442,0.464,1.4857,656.67,train,0.625,740
2.5,2.0,442,0.443,1.4855,656.58,train,0.625,740
2.5,3.0,442,0.434,1.4896,658.43,train,0.625,740
2.5,4.0,442,0.434,1.4928,659.84,train,0.625,740
2.5,5.0,442,0.434,1.4952,660.86,train,0.625,740
2.5,6.0,442,0.434,1.4969,661.61,train,0.625,740
2.5,7.0,442,0.434,1.4981,662.17,train,0.625,740
3.0,1.0,442,0.439,1.3124,580.07,train,0.625,740
3.0,2.0,442,0.412,1.2911,570.68,train,0.625,740
3.0,3.0,442,0.4,1.2803,565.91,train,0.625,740
3.0,4.0,442,0.4,1.2745,563.31,train,0.625,740
3.0,5.0,442,0.4,1.2705,561.58,train,0.625,740
3.0,6.0,442,0.398,1.2676,560.29,train,0.625,740
3.0,7.0,442,0.398,1.2653,559.26,train,0.625,740
3.5,1.0,442,0.43,1.5754,696.34,train,0.625,740
3.5,2.0,442,0.398,1.5666,692.45,train,0.625,740
3.5,3.0,442,0.387,1.5584,688.8,train,0.625,740
3.5,4.0,442,0.387,1.5558,687.64,train,0.625,740
3.5,5.0,442,0.387,1.5548,687.24,train,0.625,740
3.5,6.0,442,0.385,1.5546,687.13,train,0.625,740
3.5,7.0,442,0.382,1.5546,687.15,train,0.625,740
4.0,1.0,442,0.414,1.5507,685.39,train,0.625,740
4.0,2.0,442,0.378,1.5281,675.43,train,0.625,740
4.0,3.0,442,0.367,1.5107,667.72,train,0.625,740
4.0,4.0,442,0.367,1.5024,664.07,train,0.625,740
4.0,5.0,442,0.367,1.4976,661.94,train,0.625,740
4.0,6.0,442,0.364,1.4944,660.53,train,0.625,740
4.0,7.0,442,0.362,1.4921,659.51,train,0.625,740
4.5,1.0,442,0.403,1.4385,635.8,train,0.625,740
4.5,2.0,442,0.362,1.4142,625.09,train,0.625,740
4.5,3.0,442,0.348,1.3953,616.73,train,0.625,740
4.5,4.0,442,0.348,1.3795,609.74,train,0.625,740
4.5,5.0,442,0.346,1.3695,605.3,train,0.625,740
4.5,6.0,442,0.342,1.3626,602.28,train,0.625,740
4.5,7.0,442,0.335,1.3577,600.09,train,0.625,740
5.0,1.0,442,0.391,1.483,655.47,train,0.625,740
5.0,2.0,442,0.351,1.4433,637.95,train,0.625,740
5.0,3.0,442,0.335,1.428,631.17,train,0.625,740
5.0,4.0,442,0.335,1.412,624.11,train,0.625,740
5.0,5.0,442,0.333,1.402,619.69,train,0.625,740
5.0,6.0,442,0.328,1.3954,616.75,train,0.625,740
5.0,7.0,442,0.321,1.3907,614.68,train,0.625,740
1.5,1.0,438,0.562,1.6857,738.33,train,0.65,740
1.5,2.0,438,0.557,1.7298,757.65,train,0.65,740
1.5,3.0,438,0.557,1.7516,767.21,train,0.65,740
1.5,4.0,438,0.555,1.7649,773.02,train,0.65,740
1.5,5.0,438,0.555,1.7738,776.95,train,0.65,740
1.5,6.0,438,0.555,1.7803,779.78,train,0.65,740
1.5,7.0,438,0.553,1.7852,781.93,train,0.65,740
2.0,1.0,438,0.514,1.6509,723.11,train,0.65,740
2.0,2.0,438,0.5,1.669,731.02,train,0.65,740
2.0,3.0,438,0.495,1.6808,736.17,train,0.65,740
2.0,4.0,438,0.491,1.6883,739.46,train,0.65,740
2.0,5.0,438,0.491,1.6934,741.71,train,0.65,740
2.0,6.0,438,0.491,1.6971,743.34,train,0.65,740
2.0,7.0,438,0.489,1.6999,744.55,train,0.65,740
2.5,1.0,438,0.477,1.6639,728.81,train,0.65,740
2.5,2.0,438,0.463,1.6825,736.93,train,0.65,740
2.5,3.0,438,0.459,1.6944,742.15,train,0.65,740
2.5,4.0,438,0.454,1.702,745.48,train,0.65,740
2.5,5.0,438,0.454,1.7072,747.76,train,0.65,740
2.5,6.0,438,0.454,1.711,749.41,train,0.65,740
2.5,7.0,438,0.452,1.7138,750.64,train,0.65,740
3.0,1.0,438,0.443,1.3427,588.11,train,0.65,740
3.0,2.0,438,0.422,1.3245,580.11,train,0.65,740
3.0,3.0,438,0.416,1.3204,578.35,train,0.65,740
3.0,4.0,438,0.411,1.3186,577.53,train,0.65,740
3.0,5.0,438,0.411,1.3173,576.96,train,0.65,740
3.0,6.0,438,0.409,1.3162,576.49,train,0.65,740
3.0,7.0,438,0.406,1.3152,576.06,train,0.65,740
3.5,1.0,438,0.434,1.688,739.36,train,0.65,740
3.5,2.0,438,0.409,1.6986,744.0,train,0.65,740
3.5,3.0,438,0.402,1.7031,745.97,train,0.65,740
3.5,4.0,438,0.395,1.7074,747.85,train,0.65,740
3.5,5.0,438,0.395,1.7108,749.34,train,0.65,740
3.5,6.0,438,0.393,1.7135,750.53,train,0.65,740
3.5,7.0,438,0.39,1.7157,751.49,train,0.65,740
4.0,1.0,438,0.42,1.5888,695.9,train,0.65,740
4.0,2.0,438,0.39,1.5523,679.9,train,0.65,740
4.0,3.0,438,0.381,1.5321,671.04,train,0.65,740
4.0,4.0,438,0.374,1.5223,666.76,train,0.65,740
4.0,5.0,438,0.374,1.5163,664.15,train,0.65,740
4.0,6.0,438,0.372,1.5122,662.35,train,0.65,740
4.0,7.0,438,0.368,1.5091,661.0,train,0.65,740
4.5,1.0,438,0.409,1.5796,691.88,train,0.65,740
4.5,2.0,438,0.374,1.536,672.75,train,0.65,740
4.5,3.0,438,0.365,1.5097,661.24,train,0.65,740
4.5,4.0,438,0.358,1.4961,655.29,train,0.65,740
4.5,5.0,438,0.358,1.4877,651.6,train,0.65,740
4.5,6.0,438,0.354,1.4819,649.08,train,0.65,740
4.5,7.0,438,0.345,1.4777,647.23,train,0.65,740
5.0,1.0,438,0.397,1.5996,700.63,train,0.65,740
5.0,2.0,438,0.361,1.6091,704.79,train,0.65,740
5.0,3.0,438,0.347,1.6077,704.15,train,0.65,740
5.0,4.0,438,0.34,1.6026,701.95,train,0.65,740
5.0,5.0,438,0.34,1.6,700.78,train,0.65,740
5.0,6.0,438,0.336,1.5986,700.17,train,0.65,740
5.0,7.0,438,0.326,1.5978,699.86,train,0.65,740
1.5,1.0,436,0.555,1.7033,742.66,train,0.675,740
1.5,2.0,436,0.55,1.7539,764.7,train,0.675,740
1.5,3.0,436,0.55,1.7787,775.51,train,0.675,740
1.5,4.0,436,0.55,1.7938,782.09,train,0.675,740
1.5,5.0,436,0.55,1.8041,786.58,train,0.675,740
1.5,6.0,436,0.55,1.8116,789.85,train,0.675,740
1.5,7.0,436,0.548,1.8173,792.35,train,0.675,740
2.0,1.0,436,0.521,1.7384,757.93,train,0.675,740
2.0,2.0,436,0.507,1.7662,770.07,train,0.675,740
2.0,3.0,436,0.505,1.7824,777.13,train,0.675,740
2.0,4.0,436,0.5,1.7926,781.58,train,0.675,740
2.0,5.0,436,0.5,1.7996,784.64,train,0.675,740
2.0,6.0,436,0.5,1.8047,786.86,train,0.675,740
2.0,7.0,436,0.498,1.8086,788.55,train,0.675,740
2.5,1.0,436,0.479,1.7556,765.43,train,0.675,740
2.5,2.0,436,0.463,1.7779,775.16,train,0.675,740
2.5,3.0,436,0.461,1.7919,781.25,train,0.675,740
2.5,4.0,436,0.456,1.8008,785.17,train,0.675,740
2.5,5.0,436,0.456,1.8071,787.9,train,0.675,740
2.5,6.0,436,0.456,1.8117,789.91,train,0.675,740
2.5,7.0,436,0.454,1.8152,791.45,train,0.675,740
3.0,1.0,436,0.445,1.5518,676.58,train,0.675,740
3.0,2.0,436,0.427,1.5496,675.63,train,0.675,740
3.0,3.0,436,0.422,1.5527,676.97,train,0.675,740
3.0,4.0,436,0.417,1.555,677.99,train,0.675,740
3.0,5.0,436,0.417,1.5566,678.69,train,0.675,740
3.0,6.0,436,0.417,1.5577,679.15,train,0.675,740
3.0,7.0,436,0.413,1.5584,679.45,train,0.675,740
3.5,1.0,436,0.431,1.5095,658.15,train,0.675,740
3.5,2.0,436,0.406,1.4865,648.12,train,0.675,740
3.5,3.0,436,0.397,1.4782,644.47,train,0.675,740
3.5,4.0,436,0.392,1.4743,642.82,train,0.675,740
3.5,5.0,436,0.39,1.472,641.79,train,0.675,740
3.5,6.0,436,0.39,1.4703,641.03,train,0.675,740
3.5,7.0,436,0.385,1.4689,640.43,train,0.675,740
4.0,1.0,436,0.427,1.7264,752.7,train,0.675,740
4.0,2.0,436,0.399,1.7144,747.49,train,0.675,740
4.0,3.0,436,0.388,1.7098,745.47,train,0.675,740
4.0,4.0,436,0.383,1.7096,745.4,train,0.675,740
4.0,5.0,436,0.378,1.7105,745.76,train,0.675,740
4.0,6.0,436,0.378,1.7115,746.23,train,0.675,740
4.0,7.0,436,0.374,1.7126,746.71,train,0.675,740
4.5,1.0,436,0.413,1.7487,762.45,train,0.675,740
4.5,2.0,436,0.385,1.7249,752.07,train,0.675,740
4.5,3.0,436,0.374,1.7115,746.22,train,0.675,740
4.5,4.0,436,0.369,1.706,743.8,train,0.675,740
4.5,5.0,436,0.365,1.7031,742.53,train,0.675,740
4.5,6.0,436,0.362,1.7013,741.76,train,0.675,740
4.5,7.0,436,0.358,1.7001,741.26,train,0.675,740
5.0,1.0,436,0.401,1.6245,708.29,train,0.675,740
5.0,2.0,436,0.372,1.5882,692.47,train,0.675,740
5.0,3.0,436,0.356,1.5654,682.5,train,0.675,740
5.0,4.0,436,0.351,1.554,677.53,train,0.675,740
5.0,5.0,436,0.346,1.5471,674.53,train,0.675,740
5.0,6.0,436,0.344,1.5425,672.51,train,0.675,740
5.0,7.0,436,0.339,1.5391,671.05,train,0.675,740
1.5,1.0,431,0.538,1.4832,639.27,train,0.7,740
1.5,2.0,431,0.534,1.5376,662.72,train,0.7,740
1.5,3.0,431,0.531,1.564,674.08,train,0.7,740
1.5,4.0,431,0.531,1.58,680.98,train,0.7,740
1.5,5.0,431,0.531,1.5909,685.67,train,0.7,740
1.5,6.0,431,0.531,1.5988,689.09,train,0.7,740
1.5,7.0,431,0.531,1.6049,691.7,train,0.7,740
2.0,1.0,431,0.51,1.5607,672.67,train,0.7,740
2.0,2.0,431,0.497,1.591,685.72,train,0.7,740
2.0,3.0,431,0.492,1.6081,693.1,train,0.7,740
2.0,4.0,431,0.49,1.619,697.79,train,0.7,740
2.0,5.0,431,0.49,1.6266,701.06,train,0.7,740
2.0,6.0,431,0.49,1.6322,703.48,train,0.7,740
2.0,7.0,431,0.49,1.6366,705.35,train,0.7,740
2.5,1.0,431,0.473,1.6089,693.43,train,0.7,740
2.5,2.0,431,0.455,1.6304,702.7,train,0.7,740
2.5,3.0,431,0.45,1.6442,708.64,train,0.7,740
2.5,4.0,431,0.448,1.6531,712.51,train,0.7,740
2.5,5.0,431,0.445,1.6594,715.22,train,0.7,740
2.5,6.0,431,0.445,1.6641,717.23,train,0.7,740
2.5,7.0,431,0.445,1.6677,718.79,train,0.7,740
3.0,1.0,431,0.434,1.4272,615.11,train,0.7,740
3.0,2.0,431,0.415,1.4376,619.6,train,0.7,740
3.0,3.0,431,0.411,1.4466,623.5,train,0.7,740
3.0,4.0,431,0.406,1.4528,626.16,train,0.7,740
3.0,5.0,431,0.404,1.4572,628.05,train,0.7,740
3.0,6.0,431,0.404,1.4605,629.46,train,0.7,740
3.0,7.0,431,0.404,1.463,630.55,train,0.7,740
3.5,1.0,431,0.422,1.2958,558.48,train,0.7,740
3.5,2.0,431,0.394,1.2807,551.99,train,0.7,740
3.5,3.0,431,0.385,1.28,551.67,train,0.7,740
3.5,4.0,431,0.381,1.2805,551.9,train,0.7,740
3.5,5.0,431,0.378,1.2811,552.16,train,0.7,740
3.5,6.0,431,0.378,1.2816,552.37,train,0.7,740
3.5,7.0,431,0.374,1.282,552.53,train,0.7,740
4.0,1.0,431,0.42,1.5528,669.25,train,0.7,740
4.0,2.0,431,0.387,1.5532,669.44,train,0.7,740
4.0,3.0,431,0.376,1.5616,673.05,train,0.7,740
4.0,4.0,431,0.371,1.569,676.23,train,0.7,740
4.0,5.0,431,0.369,1.5748,678.75,train,0.7,740
4.0,6.0,431,0.369,1.5795,680.78,train,0.7,740
4.0,7.0,431,0.364,1.5834,682.44,train,0.7,740
4.5,1.0,431,0.406,1.4064,606.18,train,0.7,740
4.5,2.0,431,0.371,1.3575,585.1,train,0.7,740
4.5,3.0,431,0.36,1.3409,577.93,train,0.7,740
4.5,4.0,431,0.355,1.3339,574.92,train,0.7,740
4.5,5.0,431,0.353,1.3302,573.29,train,0.7,740
4.5,6.0,431,0.353,1.3278,572.29,train,0.7,740
4.5,7.0,431,0.348,1.3263,571.62,train,0.7,740
5.0,1.0,431,0.399,1.4753,635.85,train,0.7,740
5.0,2.0,431,0.364,1.4168,610.62,train,0.7,740
5.0,3.0,431,0.353,1.3943,600.93,train,0.7,740
5.0,4.0,431,0.346,1.3842,596.57,train,0.7,740
5.0,5.0,431,0.343,1.3785,594.15,train,0.7,740
5.0,6.0,431,0.341,1.375,592.64,train,0.7,740
5.0,7.0,431,0.336,1.3727,591.63,train,0.7,740
1.5,1.0,236,0.538,1.6715,394.46,validation,0.3,265
1.5,2.0,236,0.534,1.7046,402.3,validation,0.3,265
1.5,3.0,236,0.534,1.7197,405.85,validation,0.3,265
1.5,4.0,236,0.534,1.7286,407.94,validation,0.3,265
1.5,5.0,236,0.534,1.7345,409.34,validation,0.3,265
1.5,6.0,236,0.534,1.7387,410.34,validation,0.3,265
1.5,7.0,236,0.534,1.7419,411.1,validation,0.3,265
2.0,1.0,236,0.479,1.9236,453.97,validation,0.3,265
2.0,2.0,236,0.466,1.8757,442.66,validation,0.3,265
2.0,3.0,236,0.466,1.8635,439.79,validation,0.3,265
2.0,4.0,236,0.466,1.8576,438.4,validation,0.3,265
2.0,5.0,236,0.466,1.8539,437.51,validation,0.3,265
2.0,6.0,236,0.466,1.8511,436.87,validation,0.3,265
2.0,7.0,236,0.466,1.849,436.36,validation,0.3,265
2.5,1.0,236,0.453,2.7966,659.99,validation,0.3,265
2.5,2.0,236,0.436,2.8215,665.87,validation,0.3,265
2.5,3.0,236,0.436,2.8396,670.15,validation,0.3,265
2.5,4.0,236,0.436,2.8513,672.91,validation,0.3,265
2.5,5.0,236,0.428,2.8594,674.81,validation,0.3,265
2.5,6.0,236,0.428,2.8652,676.2,validation,0.3,265
2.5,7.0,236,0.428,2.8697,677.24,validation,0.3,265
3.0,1.0,236,0.428,3.5209,830.94,validation,0.3,265
3.0,2.0,236,0.411,3.5527,838.44,validation,0.3,265
3.0,3.0,236,0.407,3.5786,844.55,validation,0.3,265
3.0,4.0,236,0.407,3.5959,848.64,validation,0.3,265
3.0,5.0,236,0.394,3.6083,851.56,validation,0.3,265
3.0,6.0,236,0.394,3.6176,853.76,validation,0.3,265
3.0,7.0,236,0.394,3.625,855.49,validation,0.3,265
3.5,1.0,236,0.419,3.6207,854.47,validation,0.3,265
3.5,2.0,236,0.39,3.5095,828.24,validation,0.3,265
3.5,3.0,236,0.377,3.5384,835.05,validation,0.3,265
3.5,4.0,236,0.377,3.5632,840.91,validation,0.3,265
3.5,5.0,236,0.364,3.5827,845.52,validation,0.3,265
3.5,6.0,236,0.364,3.5984,849.22,validation,0.3,265
3.5,7.0,236,0.36,3.6113,852.26,validation,0.3,265
4.0,1.0,236,0.403,3.4573,815.93,validation,0.3,265
4.0,2.0,236,0.369,3.3148,782.3,validation,0.3,265
4.0,3.0,236,0.352,3.3797,797.6,validation,0.3,265
4.0,4.0,236,0.347,3.3909,800.25,validation,0.3,265
4.0,5.0,236,0.335,3.3926,800.66,validation,0.3,265
4.0,6.0,236,0.335,3.3941,801.0,validation,0.3,265
4.0,7.0,236,0.331,3.3957,801.38,validation,0.3,265
4.5,1.0,236,0.386,3.2023,755.73,validation,0.3,265
4.5,2.0,236,0.343,3.1028,732.27,validation,0.3,265
4.5,3.0,236,0.326,3.0692,724.32,validation,0.3,265
4.5,4.0,236,0.322,3.0325,715.68,validation,0.3,265
4.5,5.0,236,0.309,3.0122,710.88,validation,0.3,265
4.5,6.0,236,0.309,2.9995,707.89,validation,0.3,265
4.5,7.0,236,0.305,2.9911,705.91,validation,0.3,265
5.0,1.0,236,0.381,3.3056,780.13,validation,0.3,265
5.0,2.0,236,0.335,3.3559,791.99,validation,0.3,265
5.0,3.0,236,0.318,3.3331,786.62,validation,0.3,265
5.0,4.0,236,0.314,3.3302,785.93,validation,0.3,265
5.0,5.0,236,0.301,3.3128,781.82,validation,0.3,265
5.0,6.0,236,0.297,3.298,778.34,validation,0.3,265
5.0,7.0,236,0.292,3.2872,775.78,validation,0.3,265
1.5,1.0,235,0.528,1.4879,349.67,validation,0.325,265
1.5,2.0,235,0.523,1.5138,355.74,validation,0.325,265
1.5,3.0,235,0.523,1.5261,358.63,validation,0.325,265
1.5,4.0,235,0.523,1.5336,360.38,validation,0.325,265
1.5,5.0,235,0.523,1.5387,361.59,validation,0.325,265
1.5,6.0,235,0.523,1.5424,362.47,validation,0.325,265
1.5,7.0,235,0.523,1.5453,363.16,validation,0.325,265
2.0,1.0,235,0.477,1.9507,458.41,validation,0.325,265
2.0,2.0,235,0.46,1.8891,443.93,validation,0.325,265
2.0,3.0,235,0.46,1.8712,439.74,validation,0.325,265
2.0,4.0,235,0.46,1.8619,437.56,validation,0.325,265
2.0,5.0,235,0.46,1.8558,436.12,validation,0.325,265
2.0,6.0,235,0.46,1.8513,435.07,validation,0.325,265
2.0,7.0,235,0.46,1.8478,434.23,validation,0.325,265
2.5,1.0,235,0.455,2.961,695.84,validation,0.325,265
2.5,2.0,235,0.434,2.9873,702.01,validation,0.325,265
2.5,3.0,235,0.434,3.0082,706.92,validation,0.325,265
2.5,4.0,235,0.434,3.0219,710.16,validation,0.325,265
2.5,5.0,235,0.43,3.0316,712.43,validation,0.325,265
2.5,6.0,235,0.426,3.0388,714.11,validation,0.325,265
2.5,7.0,235,0.426,3.0443,715.41,validation,0.325,265
3.0,1.0,235,0.438,3.6964,868.64,validation,0.325,265
3.0,2.0,235,0.417,3.7427,879.53,validation,0.325,265
3.0,3.0,235,0.413,3.7728,886.61,validation,0.325,265
3.0,4.0,235,0.413,3.7919,891.1,validation,0.325,265
3.0,5.0,235,0.409,3.8051,894.21,validation,0.325,265
3.0,6.0,235,0.404,3.8149,896.49,validation,0.325,265
3.0,7.0,235,0.404,3.8223,898.24,validation,0.325,265
3.5,1.0,235,0.421,3.7816,888.68,validation,0.325,265
3.5,2.0,235,0.391,3.6369,854.66,validation,0.325,265
3.5,3.0,235,0.379,3.6503,857.82,validation,0.325,265
3.5,4.0,235,0.374,3.6652,861.31,validation,0.325,265
3.5,5.0,235,0.366,3.6775,864.22,validation,0.325,265
3.5,6.0,235,0.362,3.6877,866.61,validation,0.325,265
3.5,7.0,235,0.362,3.6962,868.6,validation,0.325,265
4.0,1.0,235,0.404,3.5649,837.75,validation,0.325,265
4.0,2.0,235,0.374,3.4569,812.37,validation,0.325,265
4.0,3.0,235,0.357,3.5368,831.16,validation,0.325,265
4.0,4.0,235,0.353,3.5572,835.94,validation,0.325,265
4.0,5.0,235,0.34,3.5649,837.74,validation,0.325,265
4.0,6.0,235,0.336,3.5706,839.08,validation,0.325,265
4.0,7.0,235,0.336,3.5754,840.22,validation,0.325,265
4.5,1.0,235,0.391,3.4598,813.05,validation,0.325,265
4.5,2.0,235,0.357,3.3206,780.33,validation,0.325,265
4.5,3.0,235,0.34,3.2728,769.11,validation,0.325,265
4.5,4.0,235,0.332,3.2271,758.38,validation,0.325,265
4.5,5.0,235,0.319,3.2005,752.12,validation,0.325,265
4.5,6.0,235,0.315,3.1831,748.03,validation,0.325,265
4.5,7.0,235,0.315,3.1709,745.16,validation,0.325,265
5.0,1.0,235,0.379,3.2641,767.07,validation,0.325,265
5.0,2.0,235,0.34,3.2936,773.99,validation,0.325,265
5.0,3.0,235,0.323,3.263,766.82,validation,0.325,265
5.0,4.0,235,0.315,3.223,757.41,validation,0.325,265
5.0,5.0,235,0.302,3.1995,751.89,validation,0.325,265
5.0,6.0,235,0.298,3.1843,748.3,validation,0.325,265
5.0,7.0,235,0.294,3.1737,745.82,validation,0.325,265
1.5,1.0,233,0.536,1.4264,332.36,validation,0.35,265
1.5,2.0,233,0.528,1.4398,335.48,validation,0.35,265
1.5,3.0,233,0.528,1.4479,337.37,validation,0.35,265
1.5,4.0,233,0.528,1.4531,338.58,validation,0.35,265
1.5,5.0,233,0.528,1.4567,339.41,validation,0.35,265
1.5,6.0,233,0.528,1.4594,340.03,validation,0.35,265
1.5,7.0,233,0.528,1.4614,340.5,validation,0.35,265
2.0,1.0,233,0.489,2.1621,503.76,validation,0.35,265
2.0,2.0,233,0.472,2.1596,503.18,validation,0.35,265
2.0,3.0,233,0.472,2.1622,503.8,validation,0.35,265
2.0,4.0,233,0.472,2.1644,504.29,validation,0.35,265
2.0,5.0,233,0.472,2.1659,504.66,validation,0.35,265
2.0,6.0,233,0.472,2.1671,504.94,validation,0.35,265
2.0,7.0,233,0.472,2.168,505.15,validation,0.35,265
2.5,1.0,233,0.468,2.705,630.27,validation,0.35,265
2.5,2.0,233,0.438,2.6798,624.4,validation,0.35,265
2.5,3.0,233,0.438,2.6779,623.95,validation,0.35,265
2.5,4.0,233,0.438,2.6779,623.95,validation,0.35,265
2.5,5.0,233,0.438,2.6781,624.0,validation,0.35,265
2.5,6.0,233,0.438,2.6783,624.04,validation,0.35,265
2.5,7.0,233,0.433,2.6783,624.04,validation,0.35,265
3.0,1.0,233,0.438,3.2726,762.52,validation,0.35,265
3.0,2.0,233,0.408,3.2574,758.98,validation,0.35,265
3.0,3.0,233,0.408,3.2615,759.93,validation,0.35,265
3.0,4.0,233,0.403,3.2652,760.8,validation,0.35,265
3.0,5.0,233,0.399,3.2679,761.43,validation,0.35,265
3.0,6.0,233,0.399,3.2699,761.88,validation,0.35,265
3.0,7.0,233,0.395,3.2713,762.21,validation,0.35,265
3.5,1.0,233,0.421,3.6045,839.84,validation,0.35,265
3.5,2.0,233,0.386,3.5946,837.54,validation,0.35,265
3.5,3.0,233,0.382,3.6175,842.89,validation,0.35,265
3.5,4.0,233,0.373,3.6358,847.15,validation,0.35,265
3.5,5.0,233,0.369,3.6501,850.47,validation,0.35,265
3.5,6.0,233,0.365,3.6615,853.12,validation,0.35,265
3.5,7.0,233,0.361,3.6709,855.32,validation,0.35,265
4.0,1.0,233,0.408,3.5968,838.05,validation,0.35,265
4.0,2.0,233,0.369,3.379,787.3,validation,0.35,265
4.0,3.0,233,0.361,3.3851,788.72,validation,0.35,265
4.0,4.0,233,0.352,3.3985,791.86,validation,0.35,265
4.0,5.0,233,0.348,3.411,794.77,validation,0.35,265
4.0,6.0,233,0.343,3.4218,797.28,validation,0.35,265
4.0,7.0,233,0.339,3.431,799.43,validation,0.35,265
4.5,1.0,233,0.391,3.2608,759.76,validation,0.35,265
4.5,2.0,233,0.348,3.1412,731.9,validation,0.35,265
4.5,3.0,233,0.335,3.0967,721.53,validation,0.35,265
4.5,4.0,233,0.326,3.0513,710.94,validation,0.35,265
4.5,5.0,233,0.318,3.0244,704.69,validation,0.35,265
4.5,6.0,233,0.313,3.0067,700.55,validation,0.35,265
4.5,7.0,233,0.309,2.9941,697.62,validation,0.35,265
5.0,1.0,233,0.378,3.314,772.16,validation,0.35,265
5.0,2.0,233,0.335,3.2852,765.46,validation,0.35,265
5.0,3.0,233,0.322,3.2763,763.37,validation,0.35,265
5.0,4.0,233,0.313,3.2519,757.68,validation,0.35,265
5.0,5.0,233,0.305,3.2395,754.8,validation,0.35,265
5.0,6.0,233,0.3,3.2325,753.17,validation,0.35,265
5.0,7.0,233,0.292,3.2284,752.22,validation,0.35,265
1.5,1.0,231,0.541,1.5048,347.62,validation,0.375,265
1.5,2.0,231,0.532,1.516,350.2,validation,0.375,265
1.5,3.0,231,0.532,1.5223,351.65,validation,0.375,265
1.5,4.0,231,0.532,1.5259,352.48,validation,0.375,265
1.5,5.0,231,0.532,1.5281,352.99,validation,0.375,265
1.5,6.0,231,0.532,1.5294,353.3,validation,0.375,265
1.5,7.0,231,0.532,1.5302,353.49,validation,0.375,265
2.0,1.0,231,0.494,2.1126,488.01,validation,0.375,265
2.0,2.0,231,0.472,2.1281,491.59,validation,0.375,265
2.0,3.0,231,0.472,2.1367,493.58,validation,0.375,265
2.0,4.0,231,0.472,2.1422,494.85,validation,0.375,265
2.0,5.0,231,0.472,2.1461,495.74,validation,0.375,265
2.0,6.0,231,0.472,2.149,496.41,validation,0.375,265
2.0,7.0,231,0.472,2.1512,496.93,validation,0.375,265
2.5,1.0,231,0.468,2.4366,562.85,validation,0.375,265
2.5,2.0,231,0.429,2.3857,551.09,validation,0.375,265
2.5,3.0,231,0.429,2.374,548.39,validation,0.375,265
2.5,4.0,231,0.429,2.3685,547.13,validation,0.375,265
2.5,5.0,231,0.429,2.3651,546.35,validation,0.375,265
2.5,6.0,231,0.429,2.3627,545.78,validation,0.375,265
2.5,7.0,231,0.429,2.3607,545.33,validation,0.375,265
3.0,1.0,231,0.437,3.0891,713.59,validation,0.375,265
3.0,2.0,231,0.398,3.0491,704.34,validation,0.375,265
3.0,3.0,231,0.398,3.0437,703.1,validation,0.375,265
3.0,4.0,231,0.394,3.0418,702.65,validation,0.375,265
3.0,5.0,231,0.394,3.0405,702.36,validation,0.375,265
3.0,6.0,231,0.39,3.0394,702.11,validation,0.375,265
3.0,7.0,231,0.39,3.0384,701.87,validation,0.375,265
3.5,1.0,231,0.42,3.4252,791.22,validation,0.375,265
3.5,2.0,231,0.381,3.3993,785.23,validation,0.375,265
3.5,3.0,231,0.377,3.4153,788.94,validation,0.375,265
3.5,4.0,231,0.368,3.4292,792.14,validation,0.375,265
3.5,5.0,231,0.368,3.44,794.64,validation,0.375,265
3.5,6.0,231,0.359,3.4487,796.65,validation,0.375,265
3.5,7.0,231,0.359,3.4558,798.29,validation,0.375,265
4.0,1.0,231,0.411,3.6002,831.65,validation,0.375,265
4.0,2.0,231,0.368,3.4677,801.03,validation,0.375,265
4.0,3.0,231,0.364,3.4912,806.46,validation,0.375,265
4.0,4.0,231,0.351,3.5129,811.49,validation,0.375,265
4.0,5.0,231,0.351,3.5303,815.5,validation,0.375,265
4.0,6.0,231,0.342,3.5443,818.73,validation,0.375,265
4.0,7.0,231,0.342,3.5558,821.39,validation,0.375,265
4.5,1.0,231,0.394,3.2051,740.37,validation,0.375,265
4.5,2.0,231,0.351,3.0701,709.19,validation,0.375,265
4.5,3.0,231,0.342,3.1375,724.76,validation,0.375,265
4.5,4.0,231,0.325,3.1508,727.83,validation,0.375,265
4.5,5.0,231,0.32,3.153,728.34,validation,0.375,265
4.5,6.0,231,0.312,3.1544,728.66,validation,0.375,265
4.5,7.0,231,0.312,3.1556,728.95,validation,0.375,265
5.0,1.0,231,0.377,3.0875,713.2,validation,0.375,265
5.0,2.0,231,0.333,3.0135,696.11,validation,0.375,265
5.0,3.0,231,0.325,2.9869,689.98,validation,0.375,265
5.0,4.0,231,0.307,2.9514,681.76,validation,0.375,265
5.0,5.0,231,0.303,2.9311,677.09,validation,0.375,265
5.0,6.0,231,0.294,2.9182,674.1,validation,0.375,265
5.0,7.0,231,0.294,2.9092,672.03,validation,0.375,265
1.5,1.0,230,0.552,2.0262,466.02,validation,0.4,265
1.5,2.0,230,0.543,2.0593,473.63,validation,0.4,265
1.5,3.0,230,0.543,2.0745,477.13,validation,0.4,265
1.5,4.0,230,0.543,2.0832,479.13,validation,0.4,265
1.5,5.0,230,0.543,2.0887,480.39,validation,0.4,265
1.5,6.0,230,0.543,2.0924,481.25,validation,0.4,265
1.5,7.0,230,0.543,2.095,481.85,validation,0.4,265
2.0,1.0,230,0.491,2.094,481.61,validation,0.4,265
2.0,2.0,230,0.474,2.1061,484.41,validation,0.4,265
2.0,3.0,230,0.474,2.114,486.22,validation,0.4,265
2.0,4.0,230,0.474,2.1194,487.46,validation,0.4,265
2.0,5.0,230,0.474,2.1233,488.37,validation,0.4,265
2.0,6.0,230,0.474,2.1264,489.08,validation,0.4,265
2.0,7.0,230,0.474,2.1289,489.65,validation,0.4,265
2.5,1.0,230,0.461,2.3807,547.57,validation,0.4,265
2.5,2.0,230,0.426,2.3163,532.75,validation,0.4,265
2.5,3.0,230,0.426,2.2984,528.64,validation,0.4,265
2.5,4.0,230,0.426,2.2893,526.53,validation,0.4,265
2.5,5.0,230,0.426,2.2834,525.18,validation,0.4,265
2.5,6.0,230,0.426,2.2791,524.19,validation,0.4,265
2.5,7.0,230,0.426,2.2757,523.41,validation,0.4,265
3.0,1.0,230,0.435,2.9904,687.78,validation,0.4,265
3.0,2.0,230,0.396,2.9927,688.31,validation,0.4,265
3.0,3.0,230,0.396,3.0036,690.82,validation,0.4,265
3.0,4.0,230,0.396,3.0114,692.61,validation,0.4,265
3.0,5.0,230,0.396,3.017,693.9,validation,0.4,265
3.0,6.0,230,0.391,3.0212,694.87,validation,0.4,265
3.0,7.0,230,0.391,3.0244,695.6,validation,0.4,265
3.5,1.0,230,0.417,3.338,767.74,validation,0.4,265
3.5,2.0,230,0.378,3.3248,764.71,validation,0.4,265
3.5,3.0,230,0.378,3.3347,766.98,validation,0.4,265
3.5,4.0,230,0.37,3.3431,768.92,validation,0.4,265
3.5,5.0,230,0.37,3.3497,770.44,validation,0.4,265
3.5,6.0,230,0.365,3.355,771.65,validation,0.4,265
3.5,7.0,230,0.361,3.3594,772.65,validation,0.4,265
4.0,1.0,230,0.409,3.5164,808.77,validation,0.4,265
4.0,2.0,230,0.365,3.36,772.81,validation,0.4,265
4.0,3.0,230,0.365,3.3671,774.44,validation,0.4,265
4.0,4.0,230,0.348,3.378,776.95,validation,0.4,265
4.0,5.0,230,0.348,3.3876,779.15,validation,0.4,265
4.0,6.0,230,0.343,3.3957,781.01,validation,0.4,265
4.0,7.0,230,0.339,3.4025,782.59,validation,0.4,265
4.5,1.0,230,0.4,3.4577,795.27,validation,0.4,265
4.5,2.0,230,0.352,3.3516,770.88,validation,0.4,265
4.5,3.0,230,0.352,3.4289,788.66,validation,0.4,265
4.5,4.0,230,0.335,3.4486,793.17,validation,0.4,265
4.5,5.0,230,0.33,3.455,794.66,validation,0.4,265
4.5,6.0,230,0.322,3.4596,795.71,validation,0.4,265
4.5,7.0,230,0.317,3.4635,796.6,validation,0.4,265
5.0,1.0,230,0.387,3.3171,762.94,validation,0.4,265
5.0,2.0,230,0.339,3.1928,734.35,validation,0.4,265
5.0,3.0,230,0.335,3.1455,723.47,validation,0.4,265
5.0,4.0,230,0.317,3.0972,712.35,validation,0.4,265
5.0,5.0,230,0.313,3.0682,705.7,validation,0.4,265
5.0,6.0,230,0.304,3.0488,701.22,validation,0.4,265
5.0,7.0,230,0.3,3.0347,697.99,validation,0.4,265
1.5,1.0,229,0.546,1.822,417.23,validation,0.425,265
1.5,2.0,229,0.537,1.8599,425.92,validation,0.425,265
1.5,3.0,229,0.537,1.8768,429.78,validation,0.425,265
1.5,4.0,229,0.537,1.8862,431.93,validation,0.425,265
1.5,5.0,229,0.537,1.892,433.26,validation,0.425,265
1.5,6.0,229,0.537,1.8957,434.12,validation,0.425,265
1.5,7.0,229,0.537,1.8983,434.71,validation,0.425,265
2.0,1.0,229,0.485,1.9565,448.03,validation,0.425,265
2.0,2.0,229,0.476,1.9879,455.24,validation,0.425,265
2.0,3.0,229,0.472,2.003,458.7,validation,0.425,265
2.0,4.0,229,0.472,2.0123,460.82,validation,0.425,265
2.0,5.0,229,0.472,2.0188,462.29,validation,0.425,265
2.0,6.0,229,0.472,2.0235,463.39,validation,0.425,265
2.0,7.0,229,0.472,2.0273,464.24,validation,0.425,265
2.5,1.0,229,0.454,2.1358,489.11,validation,0.425,265
2.5,2.0,229,0.424,2.0494,469.31,validation,0.425,265
2.5,3.0,229,0.419,2.0228,463.22,validation,0.425,265
2.5,4.0,229,0.419,2.0086,459.97,validation,0.425,265
2.5,5.0,229,0.419,1.9992,457.83,validation,0.425,265
2.5,6.0,229,0.419,1.9924,456.26,validation,0.425,265
2.5,7.0,229,0.419,1.987,455.03,validation,0.425,265
3.0,1.0,229,0.432,2.6053,596.6,validation,0.425,265
3.0,2.0,229,0.397,2.5839,591.72,validation,0.425,265
3.0,3.0,229,0.389,2.5856,592.1,validation,0.425,265
3.0,4.0,229,0.389,2.5881,592.68,validation,0.425,265
3.0,5.0,229,0.389,2.5902,593.15,validation,0.425,265
3.0,6.0,229,0.389,2.5918,593.51,validation,0.425,265
3.0,7.0,229,0.384,2.593,593.79,validation,0.425,265
3.5,1.0,229,0.419,3.2881,752.97,validation,0.425,265
3.5,2.0,229,0.38,3.2976,755.14,validation,0.425,265
3.5,3.0,229,0.371,3.3143,758.98,validation,0.425,265
3.5,4.0,229,0.367,3.3261,761.67,validation,0.425,265
3.5,5.0,229,0.367,3.3346,763.63,validation,0.425,265
3.5,6.0,229,0.367,3.3411,765.11,validation,0.425,265
3.5,7.0,229,0.362,3.3462,766.28,validation,0.425,265
4.0,1.0,229,0.41,3.2664,748.02,validation,0.425,265
4.0,2.0,229,0.371,3.2162,736.5,validation,0.425,265
4.0,3.0,229,0.358,3.2157,736.39,validation,0.425,265
4.0,4.0,229,0.345,3.2186,737.05,validation,0.425,265
4.0,5.0,229,0.345,3.2216,737.74,validation,0.425,265
4.0,6.0,229,0.345,3.2242,738.35,validation,0.425,265
4.0,7.0,229,0.336,3.2266,738.89,validation,0.425,265
4.5,1.0,229,0.397,3.0551,699.63,validation,0.425,265
4.5,2.0,229,0.354,2.7917,639.3,validation,0.425,265
4.5,3.0,229,0.341,2.7725,634.91,validation,0.425,265
4.5,4.0,229,0.323,2.7703,634.39,validation,0.425,265
4.5,5.0,229,0.323,2.7717,634.71,validation,0.425,265
4.5,6.0,229,0.323,2.7741,635.27,validation,0.425,265
4.5,7.0,229,0.31,2.7768,635.88,validation,0.425,265
5.0,1.0,229,0.384,2.9697,680.06,validation,0.425,265
5.0,2.0,229,0.341,2.7991,641.0,validation,0.425,265
5.0,3.0,229,0.323,2.7295,625.05,validation,0.425,265
5.0,4.0,229,0.306,2.6662,610.56,validation,0.425,265
5.0,5.0,229,0.306,2.6266,601.49,validation,0.425,265
5.0,6.0,229,0.306,2.599,595.17,validation,0.425,265
5.0,7.0,229,0.288,2.5785,590.47,validation,0.425,265
1.5,1.0,228,0.535,1.458,332.43,validation,0.45,265
1.5,2.0,228,0.531,1.4685,334.83,validation,0.45,265
1.5,3.0,228,0.526,1.4729,335.81,validation,0.45,265
1.5,4.0,228,0.526,1.4747,336.24,validation,0.45,265
1.5,5.0,228,0.526,1.4754,336.4,validation,0.45,265
1.5,6.0,228,0.526,1.4755,336.41,validation,0.45,265
1.5,7.0,228,0.526,1.4752,336.33,validation,0.45,265
2.0,1.0,228,0.482,1.7581,400.85,validation,0.45,265
2.0,2.0,228,0.478,1.7846,406.89,validation,0.45,265
2.0,3.0,228,0.474,1.7974,409.81,validation,0.45,265
2.0,4.0,228,0.474,1.8054,411.64,validation,0.45,265
2.0,5.0,228,0.474,1.8111,412.93,validation,0.45,265
2.0,6.0,228,0.474,1.8154,413.92,validation,0.45,265
2.0,7.0,228,0.474,1.8189,414.7,validation,0.45,265
2.5,1.0,228,0.443,1.8506,421.94,validation,0.45,265
2.5,2.0,228,0.425,1.8154,413.92,validation,0.45,265
2.5,3.0,228,0.417,1.8055,411.66,validation,0.45,265
2.5,4.0,228,0.412,1.8009,410.61,validation,0.45,265
2.5,5.0,228,0.412,1.7983,410.01,validation,0.45,265
2.5,6.0,228,0.412,1.7966,409.63,validation,0.45,265
2.5,7.0,228,0.412,1.7955,409.38,validation,0.45,265
3.0,1.0,228,0.421,2.1755,496.0,validation,0.45,265
3.0,2.0,228,0.395,2.1205,483.47,validation,0.45,265
3.0,3.0,228,0.386,2.1086,480.77,validation,0.45,265
3.0,4.0,228,0.377,2.1036,479.62,validation,0.45,265
3.0,5.0,228,0.377,2.1009,479.01,validation,0.45,265
3.0,6.0,228,0.377,2.0993,478.63,validation,0.45,265
3.0,7.0,228,0.373,2.0982,478.38,validation,0.45,265
3.5,1.0,228,0.412,2.7219,620.59,validation,0.45,265
3.5,2.0,228,0.382,2.6851,612.2,validation,0.45,265
3.5,3.0,228,0.373,2.6828,611.67,validation,0.45,265
3.5,4.0,228,0.364,2.6834,611.81,validation,0.45,265
3.5,5.0,228,0.36,2.6844,612.05,validation,0.45,265
3.5,6.0,228,0.36,2.6855,612.28,validation,0.45,265
3.5,7.0,228,0.355,2.6864,612.5,validation,0.45,265
4.0,1.0,228,0.404,3.0173,687.95,validation,0.45,265
4.0,2.0,228,0.373,2.9533,673.35,validation,0.45,265
4.0,3.0,228,0.364,2.9495,672.48,validation,0.45,265
4.0,4.0,228,0.346,2.9511,672.85,validation,0.45,265
4.0,5.0,228,0.342,2.9537,673.45,validation,0.45,265
4.0,6.0,228,0.342,2.9565,674.07,validation,0.45,265
4.0,7.0,228,0.338,2.9591,674.67,validation,0.45,265
4.5,1.0,228,0.39,3.0209,688.76,validation,0.45,265
4.5,2.0,228,0.36,2.7837,634.68,validation,0.45,265
4.5,3.0,228,0.346,2.775,632.7,validation,0.45,265
4.5,4.0,228,0.325,2.7793,633.68,validation,0.45,265
4.5,5.0,228,0.32,2.7855,635.09,validation,0.45,265
4.5,6.0,228,0.32,2.7916,636.49,validation,0.45,265
4.5,7.0,228,0.316,2.7974,637.8,validation,0.45,265
5.0,1.0,228,0.377,2.5932,591.26,validation,0.45,265
5.0,2.0,228,0.342,2.3817,543.04,validation,0.45,265
5.0,3.0,228,0.325,2.4114,549.81,validation,0.45,265
5.0,4.0,228,0.303,2.4037,548.05,validation,0.45,265
5.0,5.0,228,0.298,2.3913,545.22,validation,0.45,265
5.0,6.0,228,0.298,2.382,543.09,validation,0.45,265
5.0,7.0,228,0.289,2.3751,541.51,validation,0.45,265
1.5,1.0,227,0.546,1.8027,409.21,validation,0.475,265
1.5,2.0,227,0.546,1.8146,411.91,validation,0.475,265
1.5,3.0,227,0.542,1.82,413.13,validation,0.475,265
1.5,4.0,227,0.542,1.8227,413.75,validation,0.475,265
1.5,5.0,227,0.542,1.8241,414.07,validation,0.475,265
1.5,6.0,227,0.542,1.8248,414.22,validation,0.475,265
1.5,7.0,227,0.542,1.825,414.27,validation,0.475,265
2.0,1.0,227,0.489,1.7686,401.47,validation,0.475,265
2.0,2.0,227,0.489,1.7805,404.18,validation,0.475,265
2.0,3.0,227,0.485,1.789,406.1,validation,0.475,265
2.0,4.0,227,0.48,1.7947,407.41,validation,0.475,265
2.0,5.0,227,0.48,1.799,408.36,validation,0.475,265
2.0,6.0,227,0.48,1.8022,409.1,validation,0.475,265
2.0,7.0,227,0.48,1.8048,409.69,validation,0.475,265
2.5,1.0,227,0.458,2.2882,519.41,validation,0.475,265
2.5,2.0,227,0.458,2.303,522.78,validation,0.475,265
2.5,3.0,227,0.441,2.3127,524.99,validation,0.475,265
2.5,4.0,227,0.436,2.3193,526.48,validation,0.475,265
2.5,5.0,227,0.436,2.3242,527.58,validation,0.475,265
2.5,6.0,227,0.432,2.3279,528.44,validation,0.475,265
2.5,7.0,227,0.432,2.331,529.14,validation,0.475,265
3.0,1.0,227,0.436,2.4764,562.15,validation,0.475,265
3.0,2.0,227,0.423,2.4375,553.32,validation,0.475,265
3.0,3.0,227,0.405,2.4325,552.19,validation,0.475,265
3.0,4.0,227,0.401,2.4315,551.95,validation,0.475,265
3.0,5.0,227,0.401,2.4314,551.92,validation,0.475,265
3.0,6.0,227,0.392,2.4316,551.96,validation,0.475,265
3.0,7.0,227,0.392,2.4318,552.02,validation,0.475,265
3.5,1.0,227,0.423,3.012,683.73,validation,0.475,265
3.5,2.0,227,0.405,3.0318,688.23,validation,0.475,265
3.5,3.0,227,0.388,3.0509,692.55,validation,0.475,265
3.5,4.0,227,0.383,3.0638,695.47,validation,0.475,265
3.5,5.0,227,0.383,3.073,697.57,validation,0.475,265
3.5,6.0,227,0.374,3.08,699.16,validation,0.475,265
3.5,7.0,227,0.374,3.0855,700.41,validation,0.475,265
4.0,1.0,227,0.41,3.2573,739.42,validation,0.475,265
4.0,2.0,227,0.392,3.2409,735.69,validation,0.475,265
4.0,3.0,227,0.374,3.2514,738.07,validation,0.475,265
4.0,4.0,227,0.366,3.2608,740.21,validation,0.475,265
4.0,5.0,227,0.361,3.2686,741.96,validation,0.475,265
4.0,6.0,227,0.352,3.275,743.43,validation,0.475,265
4.0,7.0,227,0.352,3.2805,744.67,validation,0.475,265
4.5,1.0,227,0.396,3.2397,735.4,validation,0.475,265
4.5,2.0,227,0.379,3.0466,691.57,validation,0.475,265
4.5,3.0,227,0.357,3.0338,688.68,validation,0.475,265
4.5,4.0,227,0.339,3.0327,688.42,validation,0.475,265
4.5,5.0,227,0.335,3.0341,688.74,validation,0.475,265
4.5,6.0,227,0.326,3.0362,689.22,validation,0.475,265
4.5,7.0,227,0.326,3.0385,689.74,validation,0.475,265
5.0,1.0,227,0.392,3.0686,696.56,validation,0.475,265
5.0,2.0,227,0.37,2.7766,630.3,validation,0.475,265
5.0,3.0,227,0.348,2.7554,625.49,validation,0.475,265
5.0,4.0,227,0.33,2.7522,624.75,validation,0.475,265
5.0,5.0,227,0.326,2.7532,624.98,validation,0.475,265
5.0,6.0,227,0.317,2.7555,625.51,validation,0.475,265
5.0,7.0,227,0.317,2.7583,626.14,validation,0.475,265
1.5,1.0,226,0.566,2.1848,493.77,validation,0.5,265
1.5,2.0,226,0.566,2.2036,498.01,validation,0.5,265
1.5,3.0,226,0.562,2.2117,499.85,validation,0.5,265
1.5,4.0,226,0.562,2.216,500.82,validation,0.5,265
1.5,5.0,226,0.562,2.2184,501.37,validation,0.5,265
1.5,6.0,226,0.562,2.2198,501.68,validation,0.5,265
1.5,7.0,226,0.562,2.2206,501.85,validation,0.5,265
2.0,1.0,226,0.491,1.736,392.34,validation,0.5,265
2.0,2.0,226,0.491,1.7392,393.07,validation,0.5,265
2.0,3.0,226,0.487,1.744,394.14,validation,0.5,265
2.0,4.0,226,0.487,1.7476,394.95,validation,0.5,265
2.0,5.0,226,0.482,1.7503,395.56,validation,0.5,265
2.0,6.0,226,0.482,1.7524,396.05,validation,0.5,265
2.0,7.0,226,0.482,1.7542,396.45,validation,0.5,265
2.5,1.0,226,0.465,2.5861,584.45,validation,0.5,265
2.5,2.0,226,0.465,2.6096,589.77,validation,0.5,265
2.5,3.0,226,0.456,2.6231,592.83,validation,0.5,265
2.5,4.0,226,0.456,2.632,594.84,validation,0.5,265
2.5,5.0,226,0.451,2.6385,596.3,validation,0.5,265
2.5,6.0,226,0.451,2.6435,597.42,validation,0.5,265
2.5,7.0,226,0.451,2.6475,598.34,validation,0.5,265
3.0,1.0,226,0.442,2.749,621.27,validation,0.5,265
3.0,2.0,226,0.438,2.7035,610.99,validation,0.5,265
3.0,3.0,226,0.416,2.6932,608.66,validation,0.5,265
3.0,4.0,226,0.416,2.6883,607.57,validation,0.5,265
3.0,5.0,226,0.412,2.6854,606.89,validation,0.5,265
3.0,6.0,226,0.412,2.6832,606.41,validation,0.5,265
3.0,7.0,226,0.412,2.6815,606.02,validation,0.5,265
3.5,1.0,226,0.425,3.1075,702.3,validation,0.5,265
3.5,2.0,226,0.416,3.118,704.66,validation,0.5,265
3.5,3.0,226,0.394,3.1342,708.34,validation,0.5,265
3.5,4.0,226,0.394,3.146,710.99,validation,0.5,265
3.5,5.0,226,0.389,3.1547,712.96,validation,0.5,265
3.5,6.0,226,0.389,3.1615,714.51,validation,0.5,265
3.5,7.0,226,0.389,3.1671,715.75,validation,0.5,265
4.0,1.0,226,0.407,3.3508,757.29,validation,0.5,265
4.0,2.0,226,0.394,3.3245,751.34,validation,0.5,265
4.0,3.0,226,0.372,3.33,752.57,validation,0.5,265
4.0,4.0,226,0.372,3.3364,754.02,validation,0.5,265
4.0,5.0,226,0.363,3.3421,755.31,validation,0.5,265
4.0,6.0,226,0.358,3.3471,756.44,validation,0.5,265
4.0,7.0,226,0.358,3.3514,757.42,validation,0.5,265
4.5,1.0,226,0.403,3.4634,782.72,validation,0.5,265
4.5,2.0,226,0.389,3.4245,773.93,validation,0.5,265
4.5,3.0,226,0.363,3.4299,775.15,validation,0.5,265
4.5,4.0,226,0.358,3.4367,776.69,validation,0.5,265
4.5,5.0,226,0.35,3.4428,778.07,validation,0.5,265
4.5,6.0,226,0.345,3.448,779.26,validation,0.5,265
4.5,7.0,226,0.345,3.4526,780.29,validation,0.5,265
5.0,1.0,226,0.389,3.2734,739.79,validation,0.5,265
5.0,2.0,226,0.376,3.0092,680.09,validation,0.5,265
5.0,3.0,226,0.35,2.9986,677.68,validation,0.5,265
5.0,4.0,226,0.341,3.0018,678.41,validation,0.5,265
5.0,5.0,226,0.332,3.0075,679.7,validation,0.5,265
5.0,6.0,226,0.327,3.0136,681.06,validation,0.5,265
5.0,7.0,226,0.327,3.0194,682.37,validation,0.5,265
1.5,1.0,224,0.58,2.2103,495.1,validation,0.525,265
1.5,2.0,224,0.58,2.2351,500.66,validation,0.525,265
1.5,3.0,224,0.571,2.246,503.11,validation,0.525,265
1.5,4.0,224,0.571,2.252,504.46,validation,0.525,265
1.5,5.0,224,0.571,2.2557,505.28,validation,0.525,265
1.5,6.0,224,0.571,2.258,505.8,validation,0.525,265
1.5,7.0,224,0.571,2.2596,506.14,validation,0.525,265
2.0,1.0,224,0.513,1.9736,442.09,validation,0.525,265
2.0,2.0,224,0.509,1.9962,447.16,validation,0.525,265
2.0,3.0,224,0.5,2.008,449.79,validation,0.525,265
2.0,4.0,224,0.5,2.0151,451.37,validation,0.525,265
2.0,5.0,224,0.5,2.0197,452.41,validation,0.525,265
2.0,6.0,224,0.5,2.023,453.14,validation,0.525,265
2.0,7.0,224,0.5,2.0253,453.67,validation,0.525,265
2.5,1.0,224,0.487,2.4292,544.15,validation,0.525,265
2.5,2.0,224,0.473,2.4547,549.85,validation,0.525,265
2.5,3.0,224,0.46,2.4688,553.01,validation,0.525,265
2.5,4.0,224,0.46,2.4779,555.05,validation,0.525,265
2.5,5.0,224,0.46,2.4845,556.52,validation,0.525,265
2.5,6.0,224,0.46,2.4895,557.64,validation,0.525,265
2.5,7.0,224,0.46,2.4935,558.55,validation,0.525,265
3.0,1.0,224,0.464,2.8172,631.04,validation,0.525,265
3.0,2.0,224,0.451,2.8302,633.96,validation,0.525,265
3.0,3.0,224,0.429,2.8403,636.23,validation,0.525,265
3.0,4.0,224,0.429,2.8475,637.83,validation,0.525,265
3.0,5.0,224,0.424,2.8528,639.03,validation,0.525,265
3.0,6.0,224,0.424,2.8571,639.99,validation,0.525,265
3.0,7.0,224,0.424,2.8606,640.77,validation,0.525,265
3.5,1.0,224,0.446,3.1026,694.99,validation,0.525,265
3.5,2.0,224,0.433,3.0698,687.63,validation,0.525,265
3.5,3.0,224,0.402,3.0679,687.21,validation,0.525,265
3.5,4.0,224,0.402,3.0689,687.43,validation,0.525,265
3.5,5.0,224,0.397,3.0703,687.75,validation,0.525,265
3.5,6.0,224,0.397,3.0717,688.07,validation,0.525,265
3.5,7.0,224,0.397,3.073,688.35,validation,0.525,265
4.0,1.0,224,0.433,3.5475,794.64,validation,0.525,265
4.0,2.0,224,0.415,3.5612,797.71,validation,0.525,265
4.0,3.0,224,0.384,3.5815,802.25,validation,0.525,265
4.0,4.0,224,0.384,3.5958,805.45,validation,0.525,265
4.0,5.0,224,0.379,3.6063,807.81,validation,0.525,265
4.0,6.0,224,0.375,3.6144,809.63,validation,0.525,265
4.0,7.0,224,0.375,3.621,811.09,validation,0.525,265
4.5,1.0,224,0.429,3.721,833.5,validation,0.525,265
4.5,2.0,224,0.411,3.6809,824.51,validation,0.525,265
4.5,3.0,224,0.379,3.688,826.12,validation,0.525,265
4.5,4.0,224,0.375,3.6963,827.96,validation,0.525,265
4.5,5.0,224,0.371,3.7034,829.56,validation,0.525,265
4.5,6.0,224,0.362,3.7095,830.93,validation,0.525,265
4.5,7.0,224,0.362,3.7147,832.1,validation,0.525,265
5.0,1.0,224,0.415,3.6748,823.15,validation,0.525,265
5.0,2.0,224,0.397,3.4047,762.66,validation,0.525,265
5.0,3.0,224,0.362,3.3857,758.4,validation,0.525,265
5.0,4.0,224,0.357,3.3822,757.62,validation,0.525,265
5.0,5.0,224,0.348,3.3825,757.69,validation,0.525,265
5.0,6.0,224,0.339,3.3841,758.03,validation,0.525,265
5.0,7.0,224,0.339,3.3861,758.48,validation,0.525,265
1.5,1.0,222,0.59,2.2235,493.62,validation,0.55,265
1.5,2.0,222,0.581,2.2535,500.28,validation,0.55,265
1.5,3.0,222,0.581,2.267,503.27,validation,0.55,265
1.5,4.0,222,0.581,2.2747,504.99,validation,0.55,265
1.5,5.0,222,0.581,2.2797,506.1,validation,0.55,265
1.5,6.0,222,0.581,2.2832,506.86,validation,0.55,265
1.5,7.0,222,0.581,2.2856,507.41,validation,0.55,265
2.0,1.0,222,0.541,2.1714,482.06,validation,0.55,265
2.0,2.0,222,0.527,2.1812,484.23,validation,0.55,265
2.0,3.0,222,0.523,2.1857,485.23,validation,0.55,265
2.0,4.0,222,0.523,2.1878,485.69,validation,0.55,265
2.0,5.0,222,0.523,2.1886,485.87,validation,0.55,265
2.0,6.0,222,0.523,2.1887,485.9,validation,0.55,265
2.0,7.0,222,0.523,2.1884,485.83,validation,0.55,265
2.5,1.0,222,0.495,2.5082,556.82,validation,0.55,265
2.5,2.0,222,0.473,2.5336,562.46,validation,0.55,265
2.5,3.0,222,0.468,2.5489,565.86,validation,0.55,265
2.5,4.0,222,0.468,2.5591,568.12,validation,0.55,265
2.5,5.0,222,0.468,2.5665,569.76,validation,0.55,265
2.5,6.0,222,0.468,2.5722,571.03,validation,0.55,265
2.5,7.0,222,0.468,2.5769,572.06,validation,0.55,265
3.0,1.0,222,0.477,2.6873,596.58,validation,0.55,265
3.0,2.0,222,0.45,2.6821,595.42,validation,0.55,265
3.0,3.0,222,0.441,2.6842,595.88,validation,0.55,265
3.0,4.0,222,0.437,2.6865,596.41,validation,0.55,265
3.0,5.0,222,0.437,2.6886,596.88,validation,0.55,265
3.0,6.0,222,0.432,2.6905,597.29,validation,0.55,265
3.0,7.0,222,0.432,2.6921,597.65,validation,0.55,265
3.5,1.0,222,0.455,3.0125,668.78,validation,0.55,265
3.5,2.0,222,0.428,2.9507,655.05,validation,0.55,265
3.5,3.0,222,0.41,2.9357,651.73,validation,0.55,265
3.5,4.0,222,0.405,2.9288,650.2,validation,0.55,265
3.5,5.0,222,0.405,2.9249,649.32,validation,0.55,265
3.5,6.0,222,0.401,2.9223,648.74,validation,0.55,265
3.5,7.0,222,0.401,2.9204,648.33,validation,0.55,265
4.0,1.0,222,0.446,3.5157,780.47,validation,0.55,265
4.0,2.0,222,0.419,3.5145,780.22,validation,0.55,265
4.0,3.0,222,0.396,3.5256,782.69,validation,0.55,265
4.0,4.0,222,0.392,3.534,784.55,validation,0.55,265
4.0,5.0,222,0.392,3.5403,785.94,validation,0.55,265
4.0,6.0,222,0.387,3.5451,787.01,validation,0.55,265
4.0,7.0,222,0.387,3.549,787.87,validation,0.55,265
4.5,1.0,222,0.437,3.8494,854.56,validation,0.55,265
4.5,2.0,222,0.41,3.8152,846.98,validation,0.55,265
4.5,3.0,222,0.387,3.8181,847.62,validation,0.55,265
4.5,4.0,222,0.383,3.8231,848.73,validation,0.55,265
4.5,5.0,222,0.383,3.8278,849.77,validation,0.55,265
4.5,6.0,222,0.378,3.832,850.71,validation,0.55,265
4.5,7.0,222,0.369,3.8358,851.55,validation,0.55,265
5.0,1.0,222,0.423,3.7175,825.28,validation,0.55,265
5.0,2.0,222,0.396,3.5801,794.79,validation,0.55,265
5.0,3.0,222,0.374,3.5727,793.13,validation,0.55,265
5.0,4.0,222,0.365,3.5733,793.28,validation,0.55,265
5.0,5.0,222,0.36,3.5758,793.82,validation,0.55,265
5.0,6.0,222,0.356,3.5786,794.45,validation,0.55,265
5.0,7.0,222,0.347,3.5815,795.1,validation,0.55,265
1.5,1.0,222,0.586,2.2775,505.6,validation,0.575,265
1.5,2.0,222,0.586,2.3158,514.1,validation,0.575,265
1.5,3.0,222,0.586,2.3327,517.86,validation,0.575,265
1.5,4.0,222,0.586,2.3424,520.02,validation,0.575,265
1.5,5.0,222,0.586,2.3487,521.4,validation,0.575,265
1.5,6.0,222,0.581,2.353,522.37,validation,0.575,265
1.5,7.0,222,0.581,2.3561,523.06,validation,0.575,265
2.0,1.0,222,0.541,2.3796,528.28,validation,0.575,265
2.0,2.0,222,0.541,2.3938,531.42,validation,0.575,265
2.0,3.0,222,0.532,2.4009,533.01,validation,0.575,265
2.0,4.0,222,0.532,2.4049,533.89,validation,0.575,265
2.0,5.0,222,0.532,2.4072,534.4,validation,0.575,265
2.0,6.0,222,0.527,2.4086,534.72,validation,0.575,265
2.0,7.0,222,0.527,2.4095,534.9,validation,0.575,265
2.5,1.0,222,0.495,2.4159,536.32,validation,0.575,265
2.5,2.0,222,0.486,2.439,541.45,validation,0.575,265
2.5,3.0,222,0.477,2.4533,544.63,validation,0.575,265
2.5,4.0,222,0.477,2.4629,546.76,validation,0.575,265
2.5,5.0,222,0.477,2.4699,548.31,validation,0.575,265
2.5,6.0,222,0.473,2.4753,549.51,validation,0.575,265
2.5,7.0,222,0.473,2.4797,550.49,validation,0.575,265
3.0,1.0,222,0.477,2.7156,602.87,validation,0.575,265
3.0,2.0,222,0.468,2.7234,604.59,validation,0.575,265
3.0,3.0,222,0.45,2.7309,606.26,validation,0.575,265
3.0,4.0,222,0.446,2.7365,607.49,validation,0.575,265
3.0,5.0,222,0.446,2.7407,608.44,validation,0.575,265
3.0,6.0,222,0.441,2.7441,609.2,validation,0.575,265
3.0,7.0,222,0.441,2.747,609.83,validation,0.575,265
3.5,1.0,222,0.45,2.9891,663.57,validation,0.575,265
3.5,2.0,222,0.441,2.9429,653.32,validation,0.575,265
3.5,3.0,222,0.419,2.9345,651.46,validation,0.575,265
3.5,4.0,222,0.414,2.9317,650.83,validation,0.575,265
3.5,5.0,222,0.414,2.9305,650.58,validation,0.575,265
3.5,6.0,222,0.41,2.9301,650.47,validation,0.575,265
3.5,7.0,222,0.41,2.9299,650.45,validation,0.575,265
4.0,1.0,222,0.446,3.446,765.01,validation,0.575,265
4.0,2.0,222,0.437,3.418,758.81,validation,0.575,265
4.0,3.0,222,0.41,3.4182,758.85,validation,0.575,265
4.0,4.0,222,0.405,3.4206,759.37,validation,0.575,265
4.0,5.0,222,0.405,3.423,759.91,validation,0.575,265
4.0,6.0,222,0.401,3.4252,760.4,validation,0.575,265
4.0,7.0,222,0.401,3.4272,760.84,validation,0.575,265
4.5,1.0,222,0.428,3.5628,790.93,validation,0.575,265
4.5,2.0,222,0.419,3.5506,788.23,validation,0.575,265
4.5,3.0,222,0.387,3.5606,790.44,validation,0.575,265
4.5,4.0,222,0.383,3.5692,792.37,validation,0.575,265
4.5,5.0,222,0.383,3.5762,793.93,validation,0.575,265
4.5,6.0,222,0.378,3.582,795.21,validation,0.575,265
4.5,7.0,222,0.378,3.5869,796.3,validation,0.575,265
5.0,1.0,222,0.419,3.6651,813.64,validation,0.575,265
5.0,2.0,222,0.41,3.6371,807.43,validation,0.575,265
5.0,3.0,222,0.378,3.6468,809.58,validation,0.575,265
5.0,4.0,222,0.374,3.656,811.63,validation,0.575,265
5.0,5.0,222,0.369,3.6636,813.33,validation,0.575,265
5.0,6.0,222,0.365,3.67,814.74,validation,0.575,265
5.0,7.0,222,0.365,3.6754,815.95,validation,0.575,265
1.5,1.0,221,0.575,2.0655,456.47,validation,0.6,265
1.5,2.0,221,0.575,2.0961,463.23,validation,0.6,265
1.5,3.0,221,0.575,2.1095,466.21,validation,0.6,265
1.5,4.0,221,0.575,2.1171,467.87,validation,0.6,265
1.5,5.0,221,0.575,2.1218,468.91,validation,0.6,265
1.5,6.0,221,0.575,2.1249,469.61,validation,0.6,265
1.5,7.0,221,0.575,2.1271,470.09,validation,0.6,265
2.0,1.0,221,0.534,2.2933,506.82,validation,0.6,265
2.0,2.0,221,0.534,2.3065,509.74,validation,0.6,265
2.0,3.0,221,0.529,2.3134,511.27,validation,0.6,265
2.0,4.0,221,0.525,2.3173,512.11,validation,0.6,265
2.0,5.0,221,0.525,2.3195,512.61,validation,0.6,265
2.0,6.0,221,0.525,2.3208,512.9,validation,0.6,265
2.0,7.0,221,0.525,2.3215,513.06,validation,0.6,265
2.5,1.0,221,0.484,2.0681,457.05,validation,0.6,265
2.5,2.0,221,0.484,2.0686,457.17,validation,0.6,265
2.5,3.0,221,0.48,2.0714,457.77,validation,0.6,265
2.5,4.0,221,0.475,2.0734,458.22,validation,0.6,265
2.5,5.0,221,0.475,2.0749,458.54,validation,0.6,265
2.5,6.0,221,0.475,2.0759,458.78,validation,0.6,265
2.5,7.0,221,0.475,2.0768,458.97,validation,0.6,265
3.0,1.0,221,0.462,2.3635,522.34,validation,0.6,265
3.0,2.0,221,0.457,2.35,519.35,validation,0.6,265
3.0,3.0,221,0.448,2.3478,518.87,validation,0.6,265
3.0,4.0,221,0.443,2.3473,518.76,validation,0.6,265
3.0,5.0,221,0.439,2.3473,518.75,validation,0.6,265
3.0,6.0,221,0.439,2.3475,518.79,validation,0.6,265
3.0,7.0,221,0.439,2.3477,518.84,validation,0.6,265
3.5,1.0,221,0.443,2.8911,638.94,validation,0.6,265
3.5,2.0,221,0.439,2.8923,639.2,validation,0.6,265
3.5,3.0,221,0.43,2.8978,640.41,validation,0.6,265
3.5,4.0,221,0.421,2.9021,641.36,validation,0.6,265
3.5,5.0,221,0.416,2.9054,642.09,validation,0.6,265
3.5,6.0,221,0.416,2.908,642.67,validation,0.6,265
3.5,7.0,221,0.416,2.9101,643.14,validation,0.6,265
4.0,1.0,221,0.434,3.091,683.11,validation,0.6,265
4.0,2.0,221,0.425,3.0855,681.9,validation,0.6,265
4.0,3.0,221,0.416,3.0892,682.72,validation,0.6,265
4.0,4.0,221,0.403,3.0929,683.54,validation,0.6,265
4.0,5.0,221,0.398,3.096,684.22,validation,0.6,265
4.0,6.0,221,0.398,3.0987,684.81,validation,0.6,265
4.0,7.0,221,0.398,3.101,685.31,validation,0.6,265
4.5,1.0,221,0.421,3.4364,759.44,validation,0.6,265
4.5,2.0,221,0.412,3.5002,773.55,validation,0.6,265
4.5,3.0,221,0.403,3.5328,780.76,validation,0.6,265
4.5,4.0,221,0.385,3.5534,785.31,validation,0.6,265
4.5,5.0,221,0.38,3.568,788.53,validation,0.6,265
4.5,6.0,221,0.38,3.5791,790.98,validation,0.6,265
4.5,7.0,221,0.38,3.5879,792.94,validation,0.6,265
5.0,1.0,221,0.416,3.7041,818.6,validation,0.6,265
5.0,2.0,221,0.407,3.7736,833.96,validation,0.6,265
5.0,3.0,221,0.398,3.813,842.68,validation,0.6,265
5.0,4.0,221,0.38,3.8387,848.36,validation,0.6,265
5.0,5.0,221,0.376,3.8574,852.48,validation,0.6,265
5.0,6.0,221,0.376,3.8718,855.67,validation,0.6,265
5.0,7.0,221,0.376,3.8835,858.25,validation,0.6,265
1.5,1.0,220,0.595,2.2282,490.21,validation,0.625,265
1.5,2.0,220,0.595,2.2565,496.43,validation,0.625,265
1.5,3.0,220,0.595,2.2683,499.02,validation,0.625,265
1.5,4.0,220,0.595,2.2745,500.38,validation,0.625,265
1.5,5.0,220,0.595,2.2781,501.18,validation,0.625,265
1.5,6.0,220,0.595,2.2802,501.65,validation,0.625,265
1.5,7.0,220,0.595,2.2816,501.94,validation,0.625,265
2.0,1.0,220,0.545,2.2318,490.99,validation,0.625,265
2.0,2.0,220,0.536,2.2367,492.08,validation,0.625,265
2.0,3.0,220,0.532,2.2393,492.65,validation,0.625,265
2.0,4.0,220,0.532,2.2404,492.88,validation,0.625,265
2.0,5.0,220,0.532,2.2406,492.93,validation,0.625,265
2.0,6.0,220,0.532,2.2404,492.89,validation,0.625,265
2.0,7.0,220,0.527,2.2399,492.78,validation,0.625,265
2.5,1.0,220,0.505,2.1748,478.47,validation,0.625,265
2.5,2.0,220,0.495,2.1683,477.03,validation,0.625,265
2.5,3.0,220,0.491,2.1661,476.53,validation,0.625,265
2.5,4.0,220,0.491,2.1641,476.11,validation,0.625,265
2.5,5.0,220,0.491,2.1622,475.69,validation,0.625,265
2.5,6.0,220,0.491,2.1603,475.27,validation,0.625,265
2.5,7.0,220,0.486,2.1584,474.86,validation,0.625,265
3.0,1.0,220,0.473,2.4142,531.11,validation,0.625,265
3.0,2.0,220,0.459,2.405,529.1,validation,0.625,265
3.0,3.0,220,0.455,2.4039,528.86,validation,0.625,265
3.0,4.0,220,0.455,2.4038,528.83,validation,0.625,265
3.0,5.0,220,0.45,2.4038,528.84,validation,0.625,265
3.0,6.0,220,0.45,2.4039,528.85,validation,0.625,265
3.0,7.0,220,0.445,2.4039,528.86,validation,0.625,265
3.5,1.0,220,0.455,2.7099,596.17,validation,0.625,265
3.5,2.0,220,0.441,2.6902,591.84,validation,0.625,265
3.5,3.0,220,0.436,2.6853,590.78,validation,0.625,265
3.5,4.0,220,0.432,2.683,590.27,validation,0.625,265
3.5,5.0,220,0.423,2.6816,589.95,validation,0.625,265
3.5,6.0,220,0.423,2.6805,589.71,validation,0.625,265
3.5,7.0,220,0.418,2.6796,589.52,validation,0.625,265
4.0,1.0,220,0.441,3.0794,677.47,validation,0.625,265
4.0,2.0,220,0.423,3.0734,676.16,validation,0.625,265
4.0,3.0,220,0.418,3.0748,676.45,validation,0.625,265
4.0,4.0,220,0.414,3.0762,676.76,validation,0.625,265
4.0,5.0,220,0.405,3.0772,676.99,validation,0.625,265
4.0,6.0,220,0.405,3.078,677.15,validation,0.625,265
4.0,7.0,220,0.4,3.0785,677.27,validation,0.625,265
4.5,1.0,220,0.436,3.3973,747.41,validation,0.625,265
4.5,2.0,220,0.418,3.4129,750.83,validation,0.625,265
4.5,3.0,220,0.414,3.4243,753.35,validation,0.625,265
4.5,4.0,220,0.405,3.4322,755.08,validation,0.625,265
4.5,5.0,220,0.395,3.438,756.35,validation,0.625,265
4.5,6.0,220,0.395,3.4424,757.33,validation,0.625,265
4.5,7.0,220,0.391,3.446,758.12,validation,0.625,265
5.0,1.0,220,0.423,3.5701,785.42,validation,0.625,265
5.0,2.0,220,0.405,3.5877,789.3,validation,0.625,265
5.0,3.0,220,0.4,3.6011,792.25,validation,0.625,265
5.0,4.0,220,0.391,3.6103,794.26,validation,0.625,265
5.0,5.0,220,0.377,3.617,795.73,validation,0.625,265
5.0,6.0,220,0.377,3.6222,796.89,validation,0.625,265
5.0,7.0,220,0.373,3.6265,797.82,validation,0.625,265
1.5,1.0,220,0.605,2.3034,506.75,validation,0.65,265
1.5,2.0,220,0.605,2.3378,514.33,validation,0.65,265
1.5,3.0,220,0.605,2.3523,517.51,validation,0.65,265
1.5,4.0,220,0.605,2.3601,519.23,validation,0.65,265
1.5,5.0,220,0.605,2.3648,520.26,validation,0.65,265
1.5,6.0,220,0.605,2.3678,520.91,validation,0.65,265
1.5,7.0,220,0.605,2.3697,521.33,validation,0.65,265
2.0,1.0,220,0.545,2.2097,486.13,validation,0.65,265
2.0,2.0,220,0.536,2.2168,487.69,validation,0.65,265
2.0,3.0,220,0.536,2.2194,488.28,validation,0.65,265
2.0,4.0,220,0.532,2.2201,488.42,validation,0.65,265
2.0,5.0,220,0.532,2.2198,488.35,validation,0.65,265
2.0,6.0,220,0.532,2.2189,488.17,validation,0.65,265
2.0,7.0,220,0.532,2.2178,487.91,validation,0.65,265
2.5,1.0,220,0.514,2.5297,556.54,validation,0.65,265
2.5,2.0,220,0.505,2.5317,556.97,validation,0.65,265
2.5,3.0,220,0.505,2.5329,557.24,validation,0.65,265
2.5,4.0,220,0.5,2.533,557.25,validation,0.65,265
2.5,5.0,220,0.5,2.5324,557.12,validation,0.65,265
2.5,6.0,220,0.5,2.5314,556.91,validation,0.65,265
2.5,7.0,220,0.5,2.5303,556.66,validation,0.65,265
3.0,1.0,220,0.477,2.3935,526.58,validation,0.65,265
3.0,2.0,220,0.459,2.3928,526.41,validation,0.65,265
3.0,3.0,220,0.459,2.3949,526.87,validation,0.65,265
3.0,4.0,220,0.455,2.3963,527.19,validation,0.65,265
3.0,5.0,220,0.455,2.3972,527.38,validation,0.65,265
3.0,6.0,220,0.455,2.3977,527.49,validation,0.65,265
3.0,7.0,220,0.455,2.398,527.55,validation,0.65,265
3.5,1.0,220,0.468,2.7703,609.47,validation,0.65,265
3.5,2.0,220,0.445,2.7681,608.98,validation,0.65,265
3.5,3.0,220,0.445,2.7702,609.44,validation,0.65,265
3.5,4.0,220,0.436,2.7718,609.8,validation,0.65,265
3.5,5.0,220,0.436,2.773,610.05,validation,0.65,265
3.5,6.0,220,0.432,2.7738,610.23,validation,0.65,265
3.5,7.0,220,0.432,2.7743,610.35,validation,0.65,265
4.0,1.0,220,0.445,2.9194,642.27,validation,0.65,265
4.0,2.0,220,0.418,2.8958,637.08,validation,0.65,265
4.0,3.0,220,0.418,2.8904,635.89,validation,0.65,265
4.0,4.0,220,0.409,2.888,635.36,validation,0.65,265
4.0,5.0,220,0.409,2.8866,635.05,validation,0.65,265
4.0,6.0,220,0.405,2.8855,634.82,validation,0.65,265
4.0,7.0,220,0.4,2.8847,634.64,validation,0.65,265
4.5,1.0,220,0.436,3.0197,664.33,validation,0.65,265
4.5,2.0,220,0.409,2.9888,657.54,validation,0.65,265
4.5,3.0,220,0.409,2.9797,655.54,validation,0.65,265
4.5,4.0,220,0.4,2.9751,654.52,validation,0.65,265
4.5,5.0,220,0.395,2.972,653.84,validation,0.65,265
4.5,6.0,220,0.391,2.9697,653.34,validation,0.65,265
4.5,7.0,220,0.386,2.9679,652.94,validation,0.65,265
5.0,1.0,220,0.423,3.4247,753.44,validation,0.65,265
5.0,2.0,220,0.395,3.4757,764.66,validation,0.65,265
5.0,3.0,220,0.395,3.5025,770.55,validation,0.65,265
5.0,4.0,220,0.386,3.5193,774.25,validation,0.65,265
5.0,5.0,220,0.382,3.5311,776.84,validation,0.65,265
5.0,6.0,220,0.373,3.5399,778.79,validation,0.65,265
5.0,7.0,220,0.368,3.5469,780.31,validation,0.65,265
1.5,1.0,218,0.601,2.4173,526.97,validation,0.675,265
1.5,2.0,218,0.601,2.4624,536.8,validation,0.675,265
1.5,3.0,218,0.601,2.4817,541.01,validation,0.675,265
1.5,4.0,218,0.601,2.4924,543.35,validation,0.675,265
1.5,5.0,218,0.601,2.4992,544.82,validation,0.675,265
1.5,6.0,218,0.601,2.5037,545.8,validation,0.675,265
1.5,7.0,218,0.601,2.5068,546.48,validation,0.675,265
2.0,1.0,218,0.541,2.2672,494.26,validation,0.675,265
2.0,2.0,218,0.532,2.2763,496.23,validation,0.675,265
2.0,3.0,218,0.532,2.2798,497.0,validation,0.675,265
2.0,4.0,218,0.528,2.2811,497.28,validation,0.675,265
2.0,5.0,218,0.528,2.2813,497.32,validation,0.675,265
2.0,6.0,218,0.528,2.2809,497.23,validation,0.675,265
2.0,7.0,218,0.528,2.2801,497.06,validation,0.675,265
2.5,1.0,218,0.509,2.5797,562.38,validation,0.675,265
2.5,2.0,218,0.5,2.5846,563.45,validation,0.675,265
2.5,3.0,218,0.5,2.5872,564.0,validation,0.675,265
2.5,4.0,218,0.495,2.5879,564.17,validation,0.675,265
2.5,5.0,218,0.495,2.5878,564.14,validation,0.675,265
2.5,6.0,218,0.495,2.5871,563.99,validation,0.675,265
2.5,7.0,218,0.495,2.5862,563.78,validation,0.675,265
3.0,1.0,218,0.468,2.3342,508.86,validation,0.675,265
3.0,2.0,218,0.454,2.3294,507.81,validation,0.675,265
3.0,3.0,218,0.454,2.3297,507.87,validation,0.675,265
3.0,4.0,218,0.45,2.3299,507.92,validation,0.675,265
3.0,5.0,218,0.45,2.33,507.93,validation,0.675,265
3.0,6.0,218,0.45,2.3298,507.9,validation,0.675,265
3.0,7.0,218,0.45,2.3295,507.84,validation,0.675,265
3.5,1.0,218,0.463,2.7186,592.66,validation,0.675,265
3.5,2.0,218,0.445,2.7231,593.64,validation,0.675,265
3.5,3.0,218,0.44,2.7283,594.78,validation,0.675,265
3.5,4.0,218,0.431,2.7319,595.56,validation,0.675,265
3.5,5.0,218,0.431,2.7345,596.11,validation,0.675,265
3.5,6.0,218,0.427,2.7363,596.51,validation,0.675,265
3.5,7.0,218,0.427,2.7377,596.82,validation,0.675,265
4.0,1.0,218,0.445,3.0432,663.42,validation,0.675,265
4.0,2.0,218,0.427,3.0323,661.05,validation,0.675,265
4.0,3.0,218,0.422,3.0315,660.87,validation,0.675,265
4.0,4.0,218,0.413,3.0316,660.89,validation,0.675,265
4.0,5.0,218,0.413,3.0317,660.91,validation,0.675,265
4.0,6.0,218,0.408,3.0317,660.92,validation,0.675,265
4.0,7.0,218,0.408,3.0317,660.91,validation,0.675,265
4.5,1.0,218,0.44,3.3594,732.34,validation,0.675,265
4.5,2.0,218,0.422,3.3674,734.1,validation,0.675,265
4.5,3.0,218,0.413,3.3743,735.59,validation,0.675,265
4.5,4.0,218,0.404,3.3787,736.55,validation,0.675,265
4.5,5.0,218,0.404,3.3816,737.19,validation,0.675,265
4.5,6.0,218,0.399,3.3836,737.63,validation,0.675,265
4.5,7.0,218,0.399,3.385,737.94,validation,0.675,265
5.0,1.0,218,0.431,3.5966,784.05,validation,0.675,265
5.0,2.0,218,0.413,3.6128,787.6,validation,0.675,265
5.0,3.0,218,0.404,3.6233,789.87,validation,0.675,265
5.0,4.0,218,0.394,3.6301,791.37,validation,0.675,265
5.0,5.0,218,0.39,3.635,792.42,validation,0.675,265
5.0,6.0,218,0.385,3.6386,793.22,validation,0.675,265
5.0,7.0,218,0.385,3.6414,793.84,validation,0.675,265
1.5,1.0,217,0.608,2.3794,516.32,validation,0.7,265
1.5,2.0,217,0.599,2.4374,528.91,validation,0.7,265
1.5,3.0,217,0.599,2.4622,534.3,validation,0.7,265
1.5,4.0,217,0.599,2.4762,537.34,validation,0.7,265
1.5,5.0,217,0.599,2.4852,539.29,validation,0.7,265
1.5,6.0,217,0.599,2.4913,540.62,validation,0.7,265
1.5,7.0,217,0.599,2.4957,541.58,validation,0.7,265
2.0,1.0,217,0.576,2.5932,562.72,validation,0.7,265
2.0,2.0,217,0.553,2.6117,566.74,validation,0.7,265
2.0,3.0,217,0.553,2.6199,568.51,validation,0.7,265
2.0,4.0,217,0.548,2.6241,569.43,validation,0.7,265
2.0,5.0,217,0.548,2.6265,569.95,validation,0.7,265
2.0,6.0,217,0.548,2.6278,570.24,validation,0.7,265
2.0,7.0,217,0.548,2.6285,570.39,validation,0.7,265
2.5,1.0,217,0.53,2.6916,584.07,validation,0.7,265
2.5,2.0,217,0.507,2.6953,584.87,validation,0.7,265
2.5,3.0,217,0.507,2.6979,585.43,validation,0.7,265
2.5,4.0,217,0.502,2.6989,585.67,validation,0.7,265
2.5,5.0,217,0.502,2.6991,585.71,validation,0.7,265
2.5,6.0,217,0.502,2.6989,585.66,validation,0.7,265
2.5,7.0,217,0.502,2.6983,585.53,validation,0.7,265
3.0,1.0,217,0.498,2.7284,592.07,validation,0.7,265
3.0,2.0,217,0.475,2.7259,591.53,validation,0.7,265
3.0,3.0,217,0.475,2.7264,591.62,validation,0.7,265
3.0,4.0,217,0.465,2.7263,591.61,validation,0.7,265
3.0,5.0,217,0.465,2.7259,591.52,validation,0.7,265
3.0,6.0,217,0.465,2.7252,591.37,validation,0.7,265
3.0,7.0,217,0.465,2.7244,591.19,validation,0.7,265
3.5,1.0,217,0.479,3.0091,652.97,validation,0.7,265
3.5,2.0,217,0.456,3.0293,657.35,validation,0.7,265
3.5,3.0,217,0.452,3.0409,659.87,validation,0.7,265
3.5,4.0,217,0.442,3.0482,661.46,validation,0.7,265
3.5,5.0,217,0.442,3.0533,662.56,validation,0.7,265
3.5,6.0,217,0.442,3.057,663.36,validation,0.7,265
3.5,7.0,217,0.442,3.0598,663.98,validation,0.7,265
4.0,1.0,217,0.465,3.2978,715.61,validation,0.7,265
4.0,2.0,217,0.438,3.3126,718.83,validation,0.7,265
4.0,3.0,217,0.433,3.3222,720.91,validation,0.7,265
4.0,4.0,217,0.424,3.3283,722.23,validation,0.7,265
4.0,5.0,217,0.419,3.3324,723.13,validation,0.7,265
4.0,6.0,217,0.419,3.3354,723.78,validation,0.7,265
4.0,7.0,217,0.415,3.3376,724.26,validation,0.7,265
4.5,1.0,217,0.461,3.4366,745.74,validation,0.7,265
4.5,2.0,217,0.429,3.4293,744.16,validation,0.7,265
4.5,3.0,217,0.424,3.4314,744.62,validation,0.7,265
4.5,4.0,217,0.415,3.4337,745.1,validation,0.7,265
4.5,5.0,217,0.406,3.4355,745.5,validation,0.7,265
4.5,6.0,217,0.406,3.437,745.82,validation,0.7,265
4.5,7.0,217,0.401,3.4381,746.07,validation,0.7,265
5.0,1.0,217,0.456,3.6268,787.02,validation,0.7,265
5.0,2.0,217,0.424,3.6116,783.71,validation,0.7,265
5.0,3.0,217,0.419,3.6094,783.24,validation,0.7,265
5.0,4.0,217,0.41,3.6089,783.12,validation,0.7,265
5.0,5.0,217,0.401,3.6087,783.09,validation,0.7,265
5.0,6.0,217,0.396,3.6086,783.06,validation,0.7,265
5.0,7.0,217,0.392,3.6085,783.04,validation,0.7,265
1.5,1.0,190,0.484,1.4543,276.33,holdout,0.3,244
1.5,2.0,190,0.479,1.7794,338.08,holdout,0.3,244
1.5,3.0,190,0.479,1.9818,376.55,holdout,0.3,244
1.5,4.0,190,0.479,2.1304,404.78,holdout,0.3,244
1.5,5.0,190,0.479,2.2491,427.33,holdout,0.3,244
1.5,6.0,190,0.479,1.7029,323.55,holdout,0.3,244
1.5,7.0,190,0.479,1.7934,340.75,holdout,0.3,244
2.0,1.0,190,0.447,1.6181,307.43,holdout,0.3,244
2.0,2.0,190,0.442,1.8922,359.52,holdout,0.3,244
2.0,3.0,190,0.442,2.0883,396.78,holdout,0.3,244
2.0,4.0,190,0.437,2.2349,424.63,holdout,0.3,244
2.0,5.0,190,0.437,2.3527,447.0,holdout,0.3,244
2.0,6.0,190,0.437,1.8059,343.13,holdout,0.3,244
2.0,7.0,190,0.437,1.8962,360.27,holdout,0.3,244
2.5,1.0,190,0.405,1.7618,334.75,holdout,0.3,244
2.5,2.0,190,0.395,2.07,393.3,holdout,0.3,244
2.5,3.0,190,0.389,2.274,432.06,holdout,0.3,244
2.5,4.0,190,0.384,2.392,454.47,holdout,0.3,244
2.5,5.0,190,0.384,2.4916,473.41,holdout,0.3,244
2.5,6.0,190,0.384,1.9325,367.18,holdout,0.3,244
2.5,7.0,190,0.384,2.0138,382.63,holdout,0.3,244
3.0,1.0,190,0.374,1.7785,337.91,holdout,0.3,244
3.0,2.0,190,0.358,2.156,409.64,holdout,0.3,244
3.0,3.0,190,0.353,2.429,461.52,holdout,0.3,244
3.0,4.0,190,0.347,2.5839,490.95,holdout,0.3,244
3.0,5.0,190,0.342,2.7058,514.11,holdout,0.3,244
3.0,6.0,190,0.342,2.1633,411.04,holdout,0.3,244
3.0,7.0,190,0.342,2.2579,428.99,holdout,0.3,244
3.5,1.0,190,0.358,1.9444,369.43,holdout,0.3,244
3.5,2.0,190,0.342,2.2159,421.02,holdout,0.3,244
3.5,3.0,190,0.337,2.407,457.33,holdout,0.3,244
3.5,4.0,190,0.332,2.5532,485.1,holdout,0.3,244
3.5,5.0,190,0.326,2.6691,507.13,holdout,0.3,244
3.5,6.0,190,0.326,2.1228,403.34,holdout,0.3,244
3.5,7.0,190,0.326,2.2148,420.81,holdout,0.3,244
4.0,1.0,190,0.358,2.3117,439.23,holdout,0.3,244
4.0,2.0,190,0.337,2.2515,427.78,holdout,0.3,244
4.0,3.0,190,0.332,2.4306,461.82,holdout,0.3,244
4.0,4.0,190,0.321,2.6036,494.69,holdout,0.3,244
4.0,5.0,190,0.316,2.737,520.02,holdout,0.3,244
4.0,6.0,190,0.316,2.2048,418.91,holdout,0.3,244
4.0,7.0,190,0.316,2.3087,438.66,holdout,0.3,244
4.5,1.0,190,0.358,2.6253,498.82,holdout,0.3,244
4.5,2.0,190,0.337,2.4408,463.76,holdout,0.3,244
4.5,3.0,190,0.326,2.5919,492.46,holdout,0.3,244
4.5,4.0,190,0.316,2.7496,522.43,holdout,0.3,244
4.5,5.0,190,0.311,2.8731,545.88,holdout,0.3,244
4.5,6.0,190,0.311,2.3338,443.43,holdout,0.3,244
4.5,7.0,190,0.311,2.4325,462.18,holdout,0.3,244
5.0,1.0,190,0.353,2.7117,515.23,holdout,0.3,244
5.0,2.0,190,0.332,2.528,480.31,holdout,0.3,244
5.0,3.0,190,0.321,2.678,508.82,holdout,0.3,244
5.0,4.0,190,0.311,2.8384,539.3,holdout,0.3,244
5.0,5.0,190,0.305,2.9607,562.53,holdout,0.3,244
5.0,6.0,190,0.305,2.4192,459.65,holdout,0.3,244
5.0,7.0,190,0.305,2.5155,477.94,holdout,0.3,244
1.5,1.0,189,0.466,0.997,188.43,holdout,0.325,244
1.5,2.0,189,0.46,1.3067,246.96,holdout,0.325,244
1.5,3.0,189,0.46,1.5029,284.05,holdout,0.325,244
1.5,4.0,189,0.46,1.6481,311.48,holdout,0.325,244
1.5,5.0,189,0.46,1.7646,333.51,holdout,0.325,244
1.5,6.0,189,0.46,1.2762,241.19,holdout,0.325,244
1.5,7.0,189,0.46,1.3657,258.11,holdout,0.325,244
2.0,1.0,189,0.439,1.2158,229.79,holdout,0.325,244
2.0,2.0,189,0.429,1.4562,275.22,holdout,0.325,244
2.0,3.0,189,0.429,1.6391,309.8,holdout,0.325,244
2.0,4.0,189,0.429,1.7783,336.1,holdout,0.325,244
2.0,5.0,189,0.423,1.8912,357.43,holdout,0.325,244
2.0,6.0,189,0.423,1.4002,264.63,holdout,0.325,244
2.0,7.0,189,0.423,1.4878,281.19,holdout,0.325,244
2.5,1.0,189,0.392,1.156,218.49,holdout,0.325,244
2.5,2.0,189,0.376,1.3459,254.37,holdout,0.325,244
2.5,3.0,189,0.376,1.5096,285.31,holdout,0.325,244
2.5,4.0,189,0.37,1.6384,309.66,holdout,0.325,244
2.5,5.0,189,0.365,1.7449,329.78,holdout,0.325,244
2.5,6.0,189,0.365,1.2496,236.18,holdout,0.325,244
2.5,7.0,189,0.365,1.3342,252.16,holdout,0.325,244
3.0,1.0,189,0.365,1.2909,243.98,holdout,0.325,244
3.0,2.0,189,0.344,1.6409,310.12,holdout,0.325,244
3.0,3.0,189,0.344,1.8962,358.37,holdout,0.325,244
3.0,4.0,189,0.339,2.039,385.38,holdout,0.325,244
3.0,5.0,189,0.333,2.1517,406.68,holdout,0.325,244
3.0,6.0,189,0.333,1.6612,313.97,holdout,0.325,244
3.0,7.0,189,0.333,1.7498,330.71,holdout,0.325,244
3.5,1.0,189,0.36,1.7314,327.24,holdout,0.325,244
3.5,2.0,189,0.339,1.9792,374.07,holdout,0.325,244
3.5,3.0,189,0.339,2.241,423.56,holdout,0.325,244
3.5,4.0,189,0.333,2.4056,454.65,holdout,0.325,244
3.5,5.0,189,0.323,2.5312,478.4,holdout,0.325,244
3.5,6.0,189,0.323,2.0505,387.54,holdout,0.325,244
3.5,7.0,189,0.323,2.147,405.77,holdout,0.325,244
4.0,1.0,189,0.36,2.3188,438.26,holdout,0.325,244
4.0,2.0,189,0.339,2.5512,482.18,holdout,0.325,244
4.0,3.0,189,0.339,2.8537,539.34,holdout,0.325,244
4.0,4.0,189,0.333,3.0733,580.85,holdout,0.325,244
4.0,5.0,189,0.323,3.2351,611.43,holdout,0.325,244
4.0,6.0,189,0.323,2.7822,525.83,holdout,0.325,244
4.0,7.0,189,0.323,2.9014,548.36,holdout,0.325,244
4.5,1.0,189,0.36,2.444,461.92,holdout,0.325,244
4.5,2.0,189,0.333,2.2463,424.54,holdout,0.325,244
4.5,3.0,189,0.328,2.4724,467.29,holdout,0.325,244
4.5,4.0,189,0.317,2.6514,501.12,holdout,0.325,244
4.5,5.0,189,0.307,2.7867,526.69,holdout,0.325,244
4.5,6.0,189,0.307,2.3147,437.47,holdout,0.325,244
4.5,7.0,189,0.307,2.4191,457.22,holdout,0.325,244
5.0,1.0,189,0.36,2.5968,490.8,holdout,0.325,244
5.0,2.0,189,0.333,2.3786,449.55,holdout,0.325,244
5.0,3.0,189,0.328,2.5565,483.18,holdout,0.325,244
5.0,4.0,189,0.317,2.7173,513.58,holdout,0.325,244
5.0,5.0,189,0.307,2.8416,537.07,holdout,0.325,244
5.0,6.0,189,0.307,2.3619,446.4,holdout,0.325,244
5.0,7.0,189,0.307,2.4606,465.05,holdout,0.325,244
1.5,1.0,189,0.481,1.152,217.72,holdout,0.35,244
1.5,2.0,189,0.471,1.477,279.16,holdout,0.35,244
1.5,3.0,189,0.471,1.6802,317.55,holdout,0.35,244
1.5,4.0,189,0.471,1.8296,345.79,holdout,0.35,244
1.5,5.0,189,0.471,1.9491,368.39,holdout,0.35,244
1.5,6.0,189,0.471,1.5257,288.36,holdout,0.35,244
1.5,7.0,189,0.471,1.617,305.62,holdout,0.35,244
2.0,1.0,189,0.439,1.3275,250.9,holdout,0.35,244
2.0,2.0,189,0.429,1.6618,314.08,holdout,0.35,244
2.0,3.0,189,0.429,1.8665,352.77,holdout,0.35,244
2.0,4.0,189,0.429,2.0167,381.15,holdout,0.35,244
2.0,5.0,189,0.429,2.1366,403.82,holdout,0.35,244
2.0,6.0,189,0.429,1.7135,323.84,holdout,0.35,244
2.0,7.0,189,0.429,1.805,341.15,holdout,0.35,244
2.5,1.0,189,0.397,1.2521,236.64,holdout,0.35,244
2.5,2.0,189,0.381,1.4674,277.34,holdout,0.35,244
2.5,3.0,189,0.376,1.6408,310.11,holdout,0.35,244
2.5,4.0,189,0.376,1.7747,335.41,holdout,0.35,244
2.5,5.0,189,0.365,1.8842,356.11,holdout,0.35,244
2.5,6.0,189,0.365,1.4535,274.71,holdout,0.35,244
2.5,7.0,189,0.365,1.5393,290.93,holdout,0.35,244
3.0,1.0,189,0.365,1.3634,257.69,holdout,0.35,244
3.0,2.0,189,0.349,1.7092,323.03,holdout,0.35,244
3.0,3.0,189,0.344,1.953,369.13,holdout,0.35,244
3.0,4.0,189,0.344,2.0902,395.05,holdout,0.35,244
3.0,5.0,189,0.333,2.2011,416.02,holdout,0.35,244
3.0,6.0,189,0.333,1.7722,334.95,holdout,0.35,244
3.0,7.0,189,0.333,1.8599,351.53,holdout,0.35,244
3.5,1.0,189,0.36,1.5387,290.81,holdout,0.35,244
3.5,2.0,189,0.339,1.834,346.62,holdout,0.35,244
3.5,3.0,189,0.333,2.0957,396.1,holdout,0.35,244
3.5,4.0,189,0.333,2.2516,425.55,holdout,0.35,244
3.5,5.0,189,0.323,2.3732,448.53,holdout,0.35,244
3.5,6.0,189,0.317,1.9526,369.04,holdout,0.35,244
3.5,7.0,189,0.317,2.0473,386.93,holdout,0.35,244
4.0,1.0,189,0.36,2.1424,404.91,holdout,0.35,244
4.0,2.0,189,0.339,2.3275,439.9,holdout,0.35,244
4.0,3.0,189,0.333,2.5978,490.98,holdout,0.35,244
4.0,4.0,189,0.333,2.7719,523.89,holdout,0.35,244
4.0,5.0,189,0.323,2.9079,549.59,holdout,0.35,244
4.0,6.0,189,0.317,2.4993,472.36,holdout,0.35,244
4.0,7.0,189,0.317,2.604,492.16,holdout,0.35,244
4.5,1.0,189,0.36,2.472,467.21,holdout,0.35,244
4.5,2.0,189,0.333,2.2786,430.65,holdout,0.35,244
4.5,3.0,189,0.323,2.511,474.57,holdout,0.35,244
4.5,4.0,189,0.323,2.6955,509.46,holdout,0.35,244
4.5,5.0,189,0.307,2.8352,535.85,holdout,0.35,244
4.5,6.0,189,0.302,2.4291,459.11,holdout,0.35,244
4.5,7.0,189,0.302,2.5363,479.37,holdout,0.35,244
5.0,1.0,189,0.36,2.5657,484.92,holdout,0.35,244
5.0,2.0,189,0.333,2.4105,455.58,holdout,0.35,244
5.0,3.0,189,0.323,2.6435,499.62,holdout,0.35,244
5.0,4.0,189,0.323,2.8268,534.27,holdout,0.35,244
5.0,5.0,189,0.307,2.9653,560.44,holdout,0.35,244
5.0,6.0,189,0.302,2.5584,483.53,holdout,0.35,244
5.0,7.0,189,0.302,2.6648,503.66,holdout,0.35,244
1.5,1.0,187,0.503,1.3854,259.07,holdout,0.375,244
1.5,2.0,187,0.492,1.7092,319.62,holdout,0.375,244
1.5,3.0,187,0.492,1.9125,357.63,holdout,0.375,244
1.5,4.0,187,0.487,2.0626,385.7,holdout,0.375,244
1.5,5.0,187,0.487,2.183,408.22,holdout,0.375,244
1.5,6.0,187,0.487,1.8183,340.03,holdout,0.375,244
1.5,7.0,187,0.487,1.9107,357.31,holdout,0.375,244
2.0,1.0,187,0.455,1.6629,310.97,holdout,0.375,244
2.0,2.0,187,0.444,1.9994,373.89,holdout,0.375,244
2.0,3.0,187,0.444,2.2058,412.48,holdout,0.375,244
2.0,4.0,187,0.439,2.3575,440.85,holdout,0.375,244
2.0,5.0,187,0.439,2.479,463.57,holdout,0.375,244
2.0,6.0,187,0.439,2.1149,395.5,holdout,0.375,244
2.0,7.0,187,0.439,2.2078,412.87,holdout,0.375,244
2.5,1.0,187,0.412,1.635,305.74,holdout,0.375,244
2.5,2.0,187,0.396,1.8291,342.04,holdout,0.375,244
2.5,3.0,187,0.396,2.0121,376.26,holdout,0.375,244
2.5,4.0,187,0.38,2.1513,402.3,holdout,0.375,244
2.5,5.0,187,0.38,2.2646,423.48,holdout,0.375,244
2.5,6.0,187,0.38,1.8945,354.28,holdout,0.375,244
2.5,7.0,187,0.374,1.9827,370.77,holdout,0.375,244
3.0,1.0,187,0.38,1.6693,312.16,holdout,0.375,244
3.0,2.0,187,0.364,1.9655,367.55,holdout,0.375,244
3.0,3.0,187,0.364,2.1917,409.86,holdout,0.375,244
3.0,4.0,187,0.348,2.3236,434.52,holdout,0.375,244
3.0,5.0,187,0.348,2.4331,454.99,holdout,0.375,244
3.0,6.0,187,0.348,2.0614,385.49,holdout,0.375,244
3.0,7.0,187,0.342,2.1491,401.89,holdout,0.375,244
3.5,1.0,187,0.369,1.8115,338.75,holdout,0.375,244
3.5,2.0,187,0.353,2.0712,387.31,holdout,0.375,244
3.5,3.0,187,0.348,2.3298,435.68,holdout,0.375,244
3.5,4.0,187,0.332,2.4817,464.08,holdout,0.375,244
3.5,5.0,187,0.332,2.5996,486.13,holdout,0.375,244
3.5,6.0,187,0.326,2.2337,417.69,holdout,0.375,244
3.5,7.0,187,0.321,2.3258,434.92,holdout,0.375,244
4.0,1.0,187,0.369,2.4085,450.38,holdout,0.375,244
4.0,2.0,187,0.353,2.5318,473.46,holdout,0.375,244
4.0,3.0,187,0.348,2.7859,520.96,holdout,0.375,244
4.0,4.0,187,0.332,2.9503,551.7,holdout,0.375,244
4.0,5.0,187,0.332,3.0766,575.32,holdout,0.375,244
4.0,6.0,187,0.326,2.7171,508.1,holdout,0.375,244
4.0,7.0,187,0.321,2.8145,526.32,holdout,0.375,244
4.5,1.0,187,0.369,2.8262,528.5,holdout,0.375,244
4.5,2.0,187,0.348,2.6017,486.51,holdout,0.375,244
4.5,3.0,187,0.337,2.8418,531.42,holdout,0.375,244
4.5,4.0,187,0.321,3.032,566.99,holdout,0.375,244
4.5,5.0,187,0.316,3.1759,593.89,holdout,0.375,244
4.5,6.0,187,0.31,2.831,529.39,holdout,0.375,244
4.5,7.0,187,0.305,2.941,549.97,holdout,0.375,244
5.0,1.0,187,0.369,2.9575,553.05,holdout,0.375,244
5.0,2.0,187,0.348,2.7379,511.98,holdout,0.375,244
5.0,3.0,187,0.337,2.9737,556.07,holdout,0.375,244
5.0,4.0,187,0.321,3.16,590.93,holdout,0.375,244
5.0,5.0,187,0.316,3.3009,617.26,holdout,0.375,244
5.0,6.0,187,0.31,2.9536,552.32,holdout,0.375,244
5.0,7.0,187,0.305,3.0617,572.55,holdout,0.375,244
1.5,1.0,186,0.484,0.777,144.51,holdout,0.4,244
1.5,2.0,186,0.478,1.041,193.62,holdout,0.4,244
1.5,3.0,186,0.473,1.2123,225.48,holdout,0.4,244
1.5,4.0,186,0.473,1.3348,248.28,holdout,0.4,244
1.5,5.0,186,0.473,1.4279,265.58,holdout,0.4,244
1.5,6.0,186,0.473,1.5016,279.3,holdout,0.4,244
1.5,7.0,186,0.473,1.5621,290.55,holdout,0.4,244
2.0,1.0,186,0.441,1.3506,251.22,holdout,0.4,244
2.0,2.0,186,0.435,1.6614,309.02,holdout,0.4,244
2.0,3.0,186,0.43,1.8569,345.38,holdout,0.4,244
2.0,4.0,186,0.43,2.0026,372.48,holdout,0.4,244
2.0,5.0,186,0.43,2.1201,394.35,holdout,0.4,244
2.0,6.0,186,0.43,1.8146,337.52,holdout,0.4,244
2.0,7.0,186,0.43,1.9056,354.45,holdout,0.4,244
2.5,1.0,186,0.403,1.1237,209.0,holdout,0.4,244
2.5,2.0,186,0.392,1.3051,242.76,holdout,0.4,244
2.5,3.0,186,0.387,1.4825,275.74,holdout,0.4,244
2.5,4.0,186,0.382,1.6187,301.09,holdout,0.4,244
2.5,5.0,186,0.382,1.7302,321.81,holdout,0.4,244
2.5,6.0,186,0.382,1.4202,264.15,holdout,0.4,244
2.5,7.0,186,0.382,1.5076,280.42,holdout,0.4,244
3.0,1.0,186,0.376,1.4634,272.19,holdout,0.4,244
3.0,2.0,186,0.366,1.738,323.27,holdout,0.4,244
3.0,3.0,186,0.36,1.9514,362.96,holdout,0.4,244
3.0,4.0,186,0.355,2.0746,385.87,holdout,0.4,244
3.0,5.0,186,0.355,2.1776,405.04,holdout,0.4,244
3.0,6.0,186,0.355,1.8622,346.37,holdout,0.4,244
3.0,7.0,186,0.355,1.9459,361.95,holdout,0.4,244
3.5,1.0,186,0.36,1.4451,268.79,holdout,0.4,244
3.5,2.0,186,0.349,1.7313,322.01,holdout,0.4,244
3.5,3.0,186,0.339,1.9815,368.56,holdout,0.4,244
3.5,4.0,186,0.333,2.1223,394.75,holdout,0.4,244
3.5,5.0,186,0.333,2.233,415.34,holdout,0.4,244
3.5,6.0,186,0.333,1.9226,357.6,holdout,0.4,244
3.5,7.0,186,0.328,2.01,373.86,holdout,0.4,244
4.0,1.0,186,0.36,1.9695,366.33,holdout,0.4,244
4.0,2.0,186,0.349,2.2035,409.85,holdout,0.4,244
4.0,3.0,186,0.339,2.4781,460.92,holdout,0.4,244
4.0,4.0,186,0.333,2.6513,493.14,holdout,0.4,244
4.0,5.0,186,0.333,2.7824,517.52,holdout,0.4,244
4.0,6.0,186,0.333,2.4871,462.61,holdout,0.4,244
4.0,7.0,186,0.328,2.5867,481.13,holdout,0.4,244
4.5,1.0,186,0.36,2.476,460.54,holdout,0.4,244
4.5,2.0,186,0.344,2.5121,467.24,holdout,0.4,244
4.5,3.0,186,0.333,2.7875,518.47,holdout,0.4,244
4.5,4.0,186,0.328,2.9885,555.85,holdout,0.4,244
4.5,5.0,186,0.328,3.1352,583.15,holdout,0.4,244
4.5,6.0,186,0.328,2.8514,530.35,holdout,0.4,244
4.5,7.0,186,0.323,2.9599,550.55,holdout,0.4,244
5.0,1.0,186,0.36,2.6385,490.76,holdout,0.4,244
5.0,2.0,186,0.344,2.4226,450.59,holdout,0.4,244
5.0,3.0,186,0.333,2.6561,494.03,holdout,0.4,244
5.0,4.0,186,0.323,2.8413,528.48,holdout,0.4,244
5.0,5.0,186,0.317,2.981,554.47,holdout,0.4,244
5.0,6.0,186,0.317,2.6939,501.07,holdout,0.4,244
5.0,7.0,186,0.312,2.8012,521.02,holdout,0.4,244
1.5,1.0,186,0.484,1.0801,200.89,holdout,0.425,244
1.5,2.0,186,0.478,1.3378,248.84,holdout,0.425,244
1.5,3.0,186,0.473,1.5075,280.39,holdout,0.425,244
1.5,4.0,186,0.473,1.6299,303.17,holdout,0.425,244
1.5,5.0,186,0.473,1.7234,320.55,holdout,0.425,244
1.5,6.0,186,0.473,1.7977,334.37,holdout,0.425,244
1.5,7.0,186,0.473,1.8588,345.73,holdout,0.425,244
2.0,1.0,186,0.441,1.2903,239.99,holdout,0.425,244
2.0,2.0,186,0.435,1.5956,296.79,holdout,0.425,244
2.0,3.0,186,0.43,1.7912,333.17,holdout,0.425,244
2.0,4.0,186,0.43,1.9371,360.31,holdout,0.425,244
2.0,5.0,186,0.43,2.0549,382.21,holdout,0.425,244
2.0,6.0,186,0.43,1.8132,337.25,holdout,0.425,244
2.0,7.0,186,0.43,1.9043,354.19,holdout,0.425,244
2.5,1.0,186,0.398,1.2638,235.07,holdout,0.425,244
2.5,2.0,186,0.387,1.4563,270.88,holdout,0.425,244
2.5,3.0,186,0.382,1.6379,304.66,holdout,0.425,244
2.5,4.0,186,0.382,1.777,330.51,holdout,0.425,244
2.5,5.0,186,0.376,1.8904,351.61,holdout,0.425,244
2.5,6.0,186,0.376,1.6457,306.09,holdout,0.425,244
2.5,7.0,186,0.376,1.7344,322.6,holdout,0.425,244
3.0,1.0,186,0.376,1.5083,280.55,holdout,0.425,244
3.0,2.0,186,0.366,1.6962,315.5,holdout,0.425,244
3.0,3.0,186,0.36,1.8756,348.87,holdout,0.425,244
3.0,4.0,186,0.36,2.0134,374.5,holdout,0.425,244
3.0,5.0,186,0.355,2.1261,395.46,holdout,0.425,244
3.0,6.0,186,0.355,1.8809,349.85,holdout,0.425,244
3.0,7.0,186,0.355,1.9694,366.31,holdout,0.425,244
3.5,1.0,186,0.36,1.597,297.05,holdout,0.425,244
3.5,2.0,186,0.349,1.9502,362.73,holdout,0.425,244
3.5,3.0,186,0.344,2.2255,413.95,holdout,0.425,244
3.5,4.0,186,0.339,2.3813,442.92,holdout,0.425,244
3.5,5.0,186,0.333,2.5019,465.36,holdout,0.425,244
3.5,6.0,186,0.333,2.2624,420.81,holdout,0.425,244
3.5,7.0,186,0.333,2.3555,438.12,holdout,0.425,244
4.0,1.0,186,0.355,1.8478,343.68,holdout,0.425,244
4.0,2.0,186,0.344,2.0681,384.67,holdout,0.425,244
4.0,3.0,186,0.339,2.3315,433.66,holdout,0.425,244
4.0,4.0,186,0.333,2.4904,463.21,holdout,0.425,244
4.0,5.0,186,0.328,2.6138,486.16,holdout,0.425,244
4.0,6.0,186,0.328,2.3772,442.15,holdout,0.425,244
4.0,7.0,186,0.323,2.4729,459.97,holdout,0.425,244
4.5,1.0,186,0.355,2.2985,427.52,holdout,0.425,244
4.5,2.0,186,0.344,2.6178,486.91,holdout,0.425,244
4.5,3.0,186,0.339,2.9384,546.54,holdout,0.425,244
4.5,4.0,186,0.333,3.14,584.05,holdout,0.425,244
4.5,5.0,186,0.328,3.2935,612.59,holdout,0.425,244
4.5,6.0,186,0.328,3.08,572.87,holdout,0.425,244
4.5,7.0,186,0.323,3.1944,594.15,holdout,0.425,244
5.0,1.0,186,0.355,2.5248,469.61,holdout,0.425,244
5.0,2.0,186,0.339,2.4568,456.97,holdout,0.425,244
5.0,3.0,186,0.333,2.7357,508.83,holdout,0.425,244
5.0,4.0,186,0.323,2.9459,547.94,holdout,0.425,244
5.0,5.0,186,0.317,3.1024,577.05,holdout,0.425,244
5.0,6.0,186,0.312,2.8912,537.76,holdout,0.425,244
5.0,7.0,186,0.306,3.0078,559.46,holdout,0.425,244
1.5,1.0,185,0.486,1.1573,214.1,holdout,0.45,244
1.5,2.0,185,0.481,1.4235,263.35,holdout,0.45,244
1.5,3.0,185,0.476,1.5914,294.41,holdout,0.45,244
1.5,4.0,185,0.47,1.7075,315.89,holdout,0.45,244
1.5,5.0,185,0.47,1.7938,331.86,holdout,0.45,244
1.5,6.0,185,0.47,1.8613,344.35,holdout,0.45,244
1.5,7.0,185,0.47,1.9162,354.5,holdout,0.45,244
2.0,1.0,185,0.449,1.1656,215.64,holdout,0.45,244
2.0,2.0,185,0.443,1.4728,272.47,holdout,0.45,244
2.0,3.0,185,0.438,1.6699,308.92,holdout,0.45,244
2.0,4.0,185,0.432,1.8168,336.11,holdout,0.45,244
2.0,5.0,185,0.432,1.9355,358.06,holdout,0.45,244
2.0,6.0,185,0.432,1.7567,324.99,holdout,0.45,244
2.0,7.0,185,0.432,1.8485,341.97,holdout,0.45,244
2.5,1.0,185,0.411,1.5605,288.69,holdout,0.45,244
2.5,2.0,185,0.4,1.7727,327.95,holdout,0.45,244
2.5,3.0,185,0.395,1.9627,363.1,holdout,0.45,244
2.5,4.0,185,0.389,2.1069,389.79,holdout,0.45,244
2.5,5.0,185,0.384,2.2241,411.46,holdout,0.45,244
2.5,6.0,185,0.384,2.0444,378.22,holdout,0.45,244
2.5,7.0,185,0.384,2.1355,395.07,holdout,0.45,244
3.0,1.0,185,0.389,1.6749,309.85,holdout,0.45,244
3.0,2.0,185,0.378,1.8806,347.92,holdout,0.45,244
3.0,3.0,185,0.373,2.0674,382.48,holdout,0.45,244
3.0,4.0,185,0.368,2.2097,408.8,holdout,0.45,244
3.0,5.0,185,0.362,2.3256,430.23,holdout,0.45,244
3.0,6.0,185,0.362,2.1449,396.8,holdout,0.45,244
3.0,7.0,185,0.362,2.2352,413.5,holdout,0.45,244
3.5,1.0,185,0.362,1.8062,334.14,holdout,0.45,244
3.5,2.0,185,0.351,2.1707,401.58,holdout,0.45,244
3.5,3.0,185,0.346,2.4411,451.6,holdout,0.45,244
3.5,4.0,185,0.341,2.5941,479.91,holdout,0.45,244
3.5,5.0,185,0.335,2.7153,502.32,holdout,0.45,244
3.5,6.0,185,0.335,2.5387,469.67,holdout,0.45,244
3.5,7.0,185,0.335,2.6325,487.02,holdout,0.45,244
4.0,1.0,185,0.357,1.8489,342.05,holdout,0.45,244
4.0,2.0,185,0.346,2.1361,395.17,holdout,0.45,244
4.0,3.0,185,0.341,2.406,445.12,holdout,0.45,244
4.0,4.0,185,0.335,2.5664,474.78,holdout,0.45,244
4.0,5.0,185,0.324,2.6896,497.57,holdout,0.45,244
4.0,6.0,185,0.324,2.5145,465.19,holdout,0.45,244
4.0,7.0,185,0.324,2.6097,482.79,holdout,0.45,244
4.5,1.0,185,0.357,2.3563,435.92,holdout,0.45,244
4.5,2.0,185,0.346,2.6534,490.88,holdout,0.45,244
4.5,3.0,185,0.341,2.9554,546.75,holdout,0.45,244
4.5,4.0,185,0.335,3.1466,582.12,holdout,0.45,244
4.5,5.0,185,0.324,3.29,608.65,holdout,0.45,244
4.5,6.0,185,0.324,3.1299,579.02,holdout,0.45,244
4.5,7.0,185,0.324,3.2367,598.79,holdout,0.45,244
5.0,1.0,185,0.357,2.6768,495.22,holdout,0.45,244
5.0,2.0,185,0.341,2.6106,482.96,holdout,0.45,244
5.0,3.0,185,0.335,2.8908,534.79,holdout,0.45,244
5.0,4.0,185,0.324,3.1031,574.08,holdout,0.45,244
5.0,5.0,185,0.314,3.2614,603.36,holdout,0.45,244
5.0,6.0,185,0.308,3.1139,576.07,holdout,0.45,244
5.0,7.0,185,0.308,3.2319,597.89,holdout,0.45,244
1.5,1.0,184,0.511,1.0156,186.87,holdout,0.475,244
1.5,2.0,184,0.489,1.3124,241.48,holdout,0.475,244
1.5,3.0,184,0.489,1.495,275.09,holdout,0.475,244
1.5,4.0,184,0.484,1.6212,298.3,holdout,0.475,244
1.5,5.0,184,0.484,1.7149,315.54,holdout,0.475,244
1.5,6.0,184,0.484,1.7883,329.05,holdout,0.475,244
1.5,7.0,184,0.484,1.848,340.03,holdout,0.475,244
2.0,1.0,184,0.489,1.457,268.09,holdout,0.475,244
2.0,2.0,184,0.457,1.7738,326.38,holdout,0.475,244
2.0,3.0,184,0.457,1.9761,363.61,holdout,0.475,244
2.0,4.0,184,0.451,2.1267,391.32,holdout,0.475,244
2.0,5.0,184,0.451,2.2481,413.66,holdout,0.475,244
2.0,6.0,184,0.451,2.1345,392.75,holdout,0.475,244
2.0,7.0,184,0.451,2.2282,409.99,holdout,0.475,244
2.5,1.0,184,0.462,2.0841,383.48,holdout,0.475,244
2.5,2.0,184,0.429,2.4376,448.52,holdout,0.475,244
2.5,3.0,184,0.429,2.6534,488.22,holdout,0.475,244
2.5,4.0,184,0.424,2.8119,517.39,holdout,0.475,244
2.5,5.0,184,0.424,2.9387,540.73,holdout,0.475,244
2.5,6.0,184,0.424,2.8292,520.56,holdout,0.475,244
2.5,7.0,184,0.424,2.926,538.38,holdout,0.475,244
3.0,1.0,184,0.424,1.8802,345.95,holdout,0.475,244
3.0,2.0,184,0.391,2.0921,384.94,holdout,0.475,244
3.0,3.0,184,0.386,2.2822,419.93,holdout,0.475,244
3.0,4.0,184,0.38,2.4271,446.59,holdout,0.475,244
3.0,5.0,184,0.375,2.5451,468.29,holdout,0.475,244
3.0,6.0,184,0.375,2.4291,446.95,holdout,0.475,244
3.0,7.0,184,0.375,2.521,463.86,holdout,0.475,244
3.5,1.0,184,0.408,2.2105,406.73,holdout,0.475,244
3.5,2.0,184,0.375,2.5889,476.36,holdout,0.475,244
3.5,3.0,184,0.37,2.8513,524.65,holdout,0.475,244
3.5,4.0,184,0.364,3.0047,552.87,holdout,0.475,244
3.5,5.0,184,0.359,3.1285,575.65,holdout,0.475,244
3.5,6.0,184,0.359,3.0175,555.21,holdout,0.475,244
3.5,7.0,184,0.359,3.1136,572.89,holdout,0.475,244
4.0,1.0,184,0.391,2.0797,382.67,holdout,0.475,244
4.0,2.0,184,0.359,2.3859,439.01,holdout,0.475,244
4.0,3.0,184,0.353,2.6469,487.02,holdout,0.475,244
4.0,4.0,184,0.348,2.7964,514.54,holdout,0.475,244
4.0,5.0,184,0.342,2.9131,536.01,holdout,0.475,244
4.0,6.0,184,0.337,2.7962,514.49,holdout,0.475,244
4.0,7.0,184,0.337,2.8875,531.31,holdout,0.475,244
4.5,1.0,184,0.391,2.4966,459.38,holdout,0.475,244
4.5,2.0,184,0.359,2.764,508.57,holdout,0.475,244
4.5,3.0,184,0.353,3.0531,561.77,holdout,0.475,244
4.5,4.0,184,0.348,3.2376,595.72,holdout,0.475,244
4.5,5.0,184,0.342,3.3765,621.28,holdout,0.475,244
4.5,6.0,184,0.337,3.2761,602.8,holdout,0.475,244
4.5,7.0,184,0.337,3.3806,622.03,holdout,0.475,244
5.0,1.0,184,0.391,2.8786,529.66,holdout,0.475,244
5.0,2.0,184,0.353,3.0201,555.69,holdout,0.475,244
5.0,3.0,184,0.348,3.3222,611.29,holdout,0.475,244
5.0,4.0,184,0.342,3.517,647.12,holdout,0.475,244
5.0,5.0,184,0.337,3.6665,674.64,holdout,0.475,244
5.0,6.0,184,0.332,3.5758,657.94,holdout,0.475,244
5.0,7.0,184,0.332,3.6887,678.73,holdout,0.475,244
1.5,1.0,181,0.525,1.2654,229.03,holdout,0.5,244
1.5,2.0,181,0.525,1.5345,277.75,holdout,0.5,244
1.5,3.0,181,0.519,1.7042,308.45,holdout,0.5,244
1.5,4.0,181,0.514,1.8229,329.94,holdout,0.5,244
1.5,5.0,181,0.508,1.9117,346.02,holdout,0.5,244
1.5,6.0,181,0.508,1.9815,358.65,holdout,0.5,244
1.5,7.0,181,0.508,2.0384,368.95,holdout,0.5,244
2.0,1.0,181,0.497,1.8415,333.31,holdout,0.5,244
2.0,2.0,181,0.486,2.1562,390.28,holdout,0.5,244
2.0,3.0,181,0.481,2.3573,426.68,holdout,0.5,244
2.0,4.0,181,0.475,2.5024,452.93,holdout,0.5,244
2.0,5.0,181,0.47,2.6135,473.05,holdout,0.5,244
2.0,6.0,181,0.47,2.7023,489.11,holdout,0.5,244
2.0,7.0,181,0.47,2.7754,502.35,holdout,0.5,244
2.5,1.0,181,0.464,2.0358,368.49,holdout,0.5,244
2.5,2.0,181,0.448,2.3761,430.07,holdout,0.5,244
2.5,3.0,181,0.442,2.5866,468.18,holdout,0.5,244
2.5,4.0,181,0.436,2.7423,496.36,holdout,0.5,244
2.5,5.0,181,0.431,2.8674,519.0,holdout,0.5,244
2.5,6.0,181,0.431,2.8185,510.16,holdout,0.5,244
2.5,7.0,181,0.431,2.9146,527.55,holdout,0.5,244
3.0,1.0,181,0.431,1.9706,356.67,holdout,0.5,244
3.0,2.0,181,0.414,2.1791,394.42,holdout,0.5,244
3.0,3.0,181,0.403,2.368,428.62,holdout,0.5,244
3.0,4.0,181,0.398,2.5125,454.76,holdout,0.5,244
3.0,5.0,181,0.392,2.6302,476.07,holdout,0.5,244
3.0,6.0,181,0.387,2.576,466.26,holdout,0.5,244
3.0,7.0,181,0.387,2.668,482.9,holdout,0.5,244
3.5,1.0,181,0.409,2.1266,384.92,holdout,0.5,244
3.5,2.0,181,0.392,2.3458,424.6,holdout,0.5,244
3.5,3.0,181,0.381,2.5391,459.58,holdout,0.5,244
3.5,4.0,181,0.376,2.6866,486.27,holdout,0.5,244
3.5,5.0,181,0.37,2.8068,508.02,holdout,0.5,244
3.5,6.0,181,0.365,2.7546,498.59,holdout,0.5,244
3.5,7.0,181,0.365,2.8484,515.57,holdout,0.5,244
4.0,1.0,181,0.392,2.1169,383.15,holdout,0.5,244
4.0,2.0,181,0.376,2.4665,446.44,holdout,0.5,244
4.0,3.0,181,0.365,2.7433,496.53,holdout,0.5,244
4.0,4.0,181,0.359,2.9016,525.18,holdout,0.5,244
4.0,5.0,181,0.354,3.0238,547.3,holdout,0.5,244
4.0,6.0,181,0.348,2.9726,538.04,holdout,0.5,244
4.0,7.0,181,0.348,3.067,555.12,holdout,0.5,244
4.5,1.0,181,0.392,2.517,455.57,holdout,0.5,244
4.5,2.0,181,0.376,2.7491,497.6,holdout,0.5,244
4.5,3.0,181,0.365,3.0119,545.16,holdout,0.5,244
4.5,4.0,181,0.359,3.1707,573.89,holdout,0.5,244
4.5,5.0,181,0.354,3.2933,596.08,holdout,0.5,244
4.5,6.0,181,0.348,3.2429,586.97,holdout,0.5,244
4.5,7.0,181,0.348,3.3384,604.24,holdout,0.5,244
5.0,1.0,181,0.392,2.9169,527.96,holdout,0.5,244
5.0,2.0,181,0.376,3.2454,587.41,holdout,0.5,244
5.0,3.0,181,0.365,3.5603,644.42,holdout,0.5,244
5.0,4.0,181,0.359,3.7607,680.69,holdout,0.5,244
5.0,5.0,181,0.354,3.9105,707.79,holdout,0.5,244
5.0,6.0,181,0.348,3.8799,702.27,holdout,0.5,244
5.0,7.0,181,0.348,3.9908,722.34,holdout,0.5,244
1.5,1.0,180,0.511,1.1144,200.59,holdout,0.525,244
1.5,2.0,180,0.511,1.3858,249.44,holdout,0.525,244
1.5,3.0,180,0.511,1.5583,280.49,holdout,0.525,244
1.5,4.0,180,0.511,1.68,302.4,holdout,0.525,244
1.5,5.0,180,0.511,1.7717,318.9,holdout,0.525,244
1.5,6.0,180,0.511,1.844,331.92,holdout,0.525,244
1.5,7.0,180,0.5,1.9032,342.57,holdout,0.525,244
2.0,1.0,180,0.494,1.5645,281.62,holdout,0.525,244
2.0,2.0,180,0.478,1.8289,329.2,holdout,0.525,244
2.0,3.0,180,0.478,2.0054,360.98,holdout,0.525,244
2.0,4.0,180,0.478,2.136,384.47,holdout,0.525,244
2.0,5.0,180,0.478,2.2375,402.76,holdout,0.525,244
2.0,6.0,180,0.478,2.3196,417.52,holdout,0.525,244
2.0,7.0,180,0.467,2.3877,429.78,holdout,0.525,244
2.5,1.0,180,0.45,1.8089,325.61,holdout,0.525,244
2.5,2.0,180,0.433,2.1196,381.53,holdout,0.525,244
2.5,3.0,180,0.433,2.3208,417.74,holdout,0.525,244
2.5,4.0,180,0.433,2.4717,444.91,holdout,0.525,244
2.5,5.0,180,0.433,2.594,466.91,holdout,0.525,244
2.5,6.0,180,0.433,2.6082,469.48,holdout,0.525,244
2.5,7.0,180,0.422,2.7031,486.56,holdout,0.525,244
3.0,1.0,180,0.422,1.7867,321.61,holdout,0.525,244
3.0,2.0,180,0.406,1.9898,358.16,holdout,0.525,244
3.0,3.0,180,0.4,2.1775,391.94,holdout,0.525,244
3.0,4.0,180,0.4,2.3219,417.95,holdout,0.525,244
3.0,5.0,180,0.4,2.4402,439.23,holdout,0.525,244
3.0,6.0,180,0.394,2.4517,441.3,holdout,0.525,244
3.0,7.0,180,0.383,2.5445,458.0,holdout,0.525,244
3.5,1.0,180,0.406,2.0101,361.82,holdout,0.525,244
3.5,2.0,180,0.389,2.2171,399.08,holdout,0.525,244
3.5,3.0,180,0.383,2.4061,433.1,holdout,0.525,244
3.5,4.0,180,0.383,2.5513,459.23,holdout,0.525,244
3.5,5.0,180,0.383,2.67,480.61,holdout,0.525,244
3.5,6.0,180,0.378,2.6819,482.74,holdout,0.525,244
3.5,7.0,180,0.367,2.775,499.5,holdout,0.525,244
4.0,1.0,180,0.389,2.1665,389.96,holdout,0.525,244
4.0,2.0,180,0.372,2.5292,455.26,holdout,0.525,244
4.0,3.0,180,0.367,2.7869,501.64,holdout,0.525,244
4.0,4.0,180,0.367,2.9375,528.75,holdout,0.525,244
4.0,5.0,180,0.367,3.0596,550.72,holdout,0.525,244
4.0,6.0,180,0.361,3.0742,553.36,holdout,0.525,244
4.0,7.0,180,0.35,3.1698,570.56,holdout,0.525,244
4.5,1.0,180,0.383,2.2123,398.21,holdout,0.525,244
4.5,2.0,180,0.367,2.3877,429.79,holdout,0.525,244
4.5,3.0,180,0.361,2.6178,471.2,holdout,0.525,244
4.5,4.0,180,0.361,2.7525,495.44,holdout,0.525,244
4.5,5.0,180,0.361,2.8598,514.76,holdout,0.525,244
4.5,6.0,180,0.356,2.8633,515.39,holdout,0.525,244
4.5,7.0,180,0.344,2.9502,531.04,holdout,0.525,244
5.0,1.0,180,0.383,2.6542,477.76,holdout,0.525,244
5.0,2.0,180,0.367,2.9367,528.61,holdout,0.525,244
5.0,3.0,180,0.361,3.2333,582.0,holdout,0.525,244
5.0,4.0,180,0.361,3.4239,616.31,holdout,0.525,244
5.0,5.0,180,0.361,3.5673,642.11,holdout,0.525,244
5.0,6.0,180,0.356,3.5972,647.5,holdout,0.525,244
5.0,7.0,180,0.344,3.7048,666.87,holdout,0.525,244
1.5,1.0,178,0.522,1.1742,209.01,holdout,0.55,244
1.5,2.0,178,0.511,1.4594,259.77,holdout,0.55,244
1.5,3.0,178,0.511,1.6352,291.06,holdout,0.55,244
1.5,4.0,178,0.511,1.7564,312.64,holdout,0.55,244
1.5,5.0,178,0.511,1.8465,328.68,holdout,0.55,244
1.5,6.0,178,0.511,1.9171,341.25,holdout,0.55,244
1.5,7.0,178,0.511,1.9747,351.49,holdout,0.55,244
2.0,1.0,178,0.5,1.5733,280.05,holdout,0.55,244
2.0,2.0,178,0.478,1.8374,327.06,holdout,0.55,244
2.0,3.0,178,0.478,2.0124,358.21,holdout,0.55,244
2.0,4.0,178,0.478,2.1381,380.59,holdout,0.55,244
2.0,5.0,178,0.478,2.2338,397.61,holdout,0.55,244
2.0,6.0,178,0.478,2.3098,411.14,holdout,0.55,244
2.0,7.0,178,0.478,2.3722,422.26,holdout,0.55,244
2.5,1.0,178,0.461,1.6947,301.65,holdout,0.55,244
2.5,2.0,178,0.427,1.9942,354.97,holdout,0.55,244
2.5,3.0,178,0.427,2.1927,390.3,holdout,0.55,244
2.5,4.0,178,0.427,2.343,417.06,holdout,0.55,244
2.5,5.0,178,0.427,2.4655,438.86,holdout,0.55,244
2.5,6.0,178,0.427,2.546,453.19,holdout,0.55,244
2.5,7.0,178,0.427,2.6418,470.24,holdout,0.55,244
3.0,1.0,178,0.438,1.9992,355.85,holdout,0.55,244
3.0,2.0,178,0.404,2.3525,418.74,holdout,0.55,244
3.0,3.0,178,0.404,2.5717,457.77,holdout,0.55,244
3.0,4.0,178,0.404,2.7344,486.73,holdout,0.55,244
3.0,5.0,178,0.404,2.8655,510.05,holdout,0.55,244
3.0,6.0,178,0.404,2.9524,525.52,holdout,0.55,244
3.0,7.0,178,0.404,3.0532,543.48,holdout,0.55,244
3.5,1.0,178,0.41,1.9168,341.2,holdout,0.55,244
3.5,2.0,178,0.376,2.1312,379.36,holdout,0.55,244
3.5,3.0,178,0.371,2.3246,413.78,holdout,0.55,244
3.5,4.0,178,0.371,2.4733,440.25,holdout,0.55,244
3.5,5.0,178,0.371,2.595,461.92,holdout,0.55,244
3.5,6.0,178,0.365,2.675,476.15,holdout,0.55,244
3.5,7.0,178,0.365,2.7704,493.14,holdout,0.55,244
4.0,1.0,178,0.404,2.2438,399.39,holdout,0.55,244
4.0,2.0,178,0.371,2.6166,465.75,holdout,0.55,244
4.0,3.0,178,0.365,2.8813,512.87,holdout,0.55,244
4.0,4.0,178,0.365,3.0368,540.55,holdout,0.55,244
4.0,5.0,178,0.365,3.1627,562.96,holdout,0.55,244
4.0,6.0,178,0.36,3.2461,577.8,holdout,0.55,244
4.0,7.0,178,0.36,3.3445,595.31,holdout,0.55,244
4.5,1.0,178,0.393,2.19,389.82,holdout,0.55,244
4.5,2.0,178,0.36,2.5178,448.17,holdout,0.55,244
4.5,3.0,178,0.354,2.7893,496.49,holdout,0.55,244
4.5,4.0,178,0.354,2.9467,524.51,holdout,0.55,244
4.5,5.0,178,0.354,3.0689,546.26,holdout,0.55,244
4.5,6.0,178,0.348,3.1488,560.48,holdout,0.55,244
4.5,7.0,178,0.348,3.2441,577.45,holdout,0.55,244
5.0,1.0,178,0.393,2.4575,437.44,holdout,0.55,244
5.0,2.0,178,0.36,2.6908,478.96,holdout,0.55,244
5.0,3.0,178,0.354,2.9575,526.43,holdout,0.55,244
5.0,4.0,178,0.354,3.1207,555.49,holdout,0.55,244
5.0,5.0,178,0.354,3.2468,577.92,holdout,0.55,244
5.0,6.0,178,0.348,3.33,592.73,holdout,0.55,244
5.0,7.0,178,0.348,3.4283,610.23,holdout,0.55,244
1.5,1.0,178,0.517,1.3263,236.08,holdout,0.575,244
1.5,2.0,178,0.511,1.6236,289.01,holdout,0.575,244
1.5,3.0,178,0.506,1.7903,318.67,holdout,0.575,244
1.5,4.0,178,0.506,1.8997,338.15,holdout,0.575,244
1.5,5.0,178,0.506,1.9792,352.3,holdout,0.575,244
1.5,6.0,178,0.506,2.0407,363.25,holdout,0.575,244
1.5,7.0,178,0.506,2.0905,372.11,holdout,0.575,244
2.0,1.0,178,0.494,1.6859,300.1,holdout,0.575,244
2.0,2.0,178,0.478,1.9733,351.24,holdout,0.575,244
2.0,3.0,178,0.478,2.1588,384.27,holdout,0.575,244
2.0,4.0,178,0.478,2.2914,407.87,holdout,0.575,244
2.0,5.0,178,0.478,2.3921,425.79,holdout,0.575,244
2.0,6.0,178,0.478,2.472,440.01,holdout,0.575,244
2.0,7.0,178,0.478,2.5376,451.69,holdout,0.575,244
2.5,1.0,178,0.461,1.7466,310.9,holdout,0.575,244
2.5,2.0,178,0.433,2.0563,366.03,holdout,0.575,244
2.5,3.0,178,0.433,2.2584,401.99,holdout,0.575,244
2.5,4.0,178,0.433,2.4069,428.43,holdout,0.575,244
2.5,5.0,178,0.433,2.5226,449.02,holdout,0.575,244
2.5,6.0,178,0.433,2.6162,465.68,holdout,0.575,244
2.5,7.0,178,0.433,2.694,479.53,holdout,0.575,244
3.0,1.0,178,0.444,2.1209,377.51,holdout,0.575,244
3.0,2.0,178,0.416,2.48,441.43,holdout,0.575,244
3.0,3.0,178,0.41,2.7013,480.83,holdout,0.575,244
3.0,4.0,178,0.41,2.8649,509.96,holdout,0.575,244
3.0,5.0,178,0.41,2.9964,533.37,holdout,0.575,244
3.0,6.0,178,0.41,3.1074,553.12,holdout,0.575,244
3.0,7.0,178,0.41,3.2042,570.35,holdout,0.575,244
3.5,1.0,178,0.416,1.817,323.43,holdout,0.575,244
3.5,2.0,178,0.382,2.0253,360.51,holdout,0.575,244
3.5,3.0,178,0.371,2.2153,394.33,holdout,0.575,244
3.5,4.0,178,0.371,2.362,420.44,holdout,0.575,244
3.5,5.0,178,0.371,2.4823,441.85,holdout,0.575,244
3.5,6.0,178,0.371,2.5851,460.14,holdout,0.575,244
3.5,7.0,178,0.365,2.6755,476.24,holdout,0.575,244
4.0,1.0,178,0.404,2.1584,384.2,holdout,0.575,244
4.0,2.0,178,0.371,2.4463,435.45,holdout,0.575,244
4.0,3.0,178,0.36,2.6732,475.84,holdout,0.575,244
4.0,4.0,178,0.36,2.8425,505.96,holdout,0.575,244
4.0,5.0,178,0.36,2.9784,530.16,holdout,0.575,244
4.0,6.0,178,0.36,3.093,550.55,holdout,0.575,244
4.0,7.0,178,0.354,3.1927,568.29,holdout,0.575,244
4.5,1.0,178,0.393,2.1707,386.38,holdout,0.575,244
4.5,2.0,178,0.36,2.4999,444.99,holdout,0.575,244
4.5,3.0,178,0.348,2.7626,491.74,holdout,0.575,244
4.5,4.0,178,0.348,2.914,518.69,holdout,0.575,244
4.5,5.0,178,0.348,3.0344,540.13,holdout,0.575,244
4.5,6.0,178,0.348,3.1373,558.44,holdout,0.575,244
4.5,7.0,178,0.343,3.2278,574.55,holdout,0.575,244
5.0,1.0,178,0.393,2.3773,423.16,holdout,0.575,244
5.0,2.0,178,0.36,2.5945,461.83,holdout,0.575,244
5.0,3.0,178,0.348,2.8441,506.25,holdout,0.575,244
5.0,4.0,178,0.348,2.9921,532.59,holdout,0.575,244
5.0,5.0,178,0.348,3.1086,553.33,holdout,0.575,244
5.0,6.0,178,0.348,3.2086,571.13,holdout,0.575,244
5.0,7.0,178,0.343,3.2971,586.89,holdout,0.575,244
1.5,1.0,177,0.52,1.33,235.41,holdout,0.6,244
1.5,2.0,177,0.52,1.6295,288.42,holdout,0.6,244
1.5,3.0,177,0.508,1.7999,318.57,holdout,0.6,244
1.5,4.0,177,0.508,1.9124,338.49,holdout,0.6,244
1.5,5.0,177,0.508,1.9943,352.98,holdout,0.6,244
1.5,6.0,177,0.508,2.0577,364.21,holdout,0.6,244
1.5,7.0,177,0.503,2.109,373.29,holdout,0.6,244
2.0,1.0,177,0.48,1.5192,268.9,holdout,0.6,244
2.0,2.0,177,0.475,1.7783,314.75,holdout,0.6,244
2.0,3.0,177,0.463,1.9498,345.12,holdout,0.6,244
2.0,4.0,177,0.463,2.0744,367.17,holdout,0.6,244
2.0,5.0,177,0.463,2.1699,384.08,holdout,0.6,244
2.0,6.0,177,0.463,2.2463,397.59,holdout,0.6,244
2.0,7.0,177,0.463,2.3092,408.73,holdout,0.6,244
2.5,1.0,177,0.452,1.613,285.51,holdout,0.6,244
2.5,2.0,177,0.446,1.8374,325.22,holdout,0.6,244
2.5,3.0,177,0.435,1.9956,353.22,holdout,0.6,244
2.5,4.0,177,0.435,2.1166,374.63,holdout,0.6,244
2.5,5.0,177,0.435,2.213,391.7,holdout,0.6,244
2.5,6.0,177,0.435,2.2921,405.71,holdout,0.6,244
2.5,7.0,177,0.435,2.3587,417.48,holdout,0.6,244
3.0,1.0,177,0.435,1.8802,332.8,holdout,0.6,244
3.0,2.0,177,0.429,2.1601,382.33,holdout,0.6,244
3.0,3.0,177,0.412,2.3466,415.34,holdout,0.6,244
3.0,4.0,177,0.412,2.4889,440.54,holdout,0.6,244
3.0,5.0,177,0.412,2.6055,461.17,holdout,0.6,244
3.0,6.0,177,0.412,2.7053,478.83,holdout,0.6,244
3.0,7.0,177,0.407,2.7932,494.39,holdout,0.6,244
3.5,1.0,177,0.418,2.0786,367.92,holdout,0.6,244
3.5,2.0,177,0.412,2.2685,401.53,holdout,0.6,244
3.5,3.0,177,0.395,2.4472,433.16,holdout,0.6,244
3.5,4.0,177,0.39,2.5867,457.85,holdout,0.6,244
3.5,5.0,177,0.39,2.702,478.25,holdout,0.6,244
3.5,6.0,177,0.39,2.801,495.78,holdout,0.6,244
3.5,7.0,177,0.384,2.8885,511.27,holdout,0.6,244
4.0,1.0,177,0.401,1.9966,353.39,holdout,0.6,244
4.0,2.0,177,0.39,2.1814,386.1,holdout,0.6,244
4.0,3.0,177,0.373,2.3577,417.31,holdout,0.6,244
4.0,4.0,177,0.367,2.4957,441.74,holdout,0.6,244
4.0,5.0,177,0.367,2.6099,461.95,holdout,0.6,244
4.0,6.0,177,0.367,2.7081,479.34,holdout,0.6,244
4.0,7.0,177,0.362,2.7949,494.7,holdout,0.6,244
4.5,1.0,177,0.395,2.2439,397.17,holdout,0.6,244
4.5,2.0,177,0.384,2.5685,454.62,holdout,0.6,244
4.5,3.0,177,0.367,2.8106,497.47,holdout,0.6,244
4.5,4.0,177,0.362,2.9523,522.56,holdout,0.6,244
4.5,5.0,177,0.362,3.0681,543.06,holdout,0.6,244
4.5,6.0,177,0.362,3.1678,560.71,holdout,0.6,244
4.5,7.0,177,0.356,3.256,576.31,holdout,0.6,244
5.0,1.0,177,0.384,2.2349,395.57,holdout,0.6,244
5.0,2.0,177,0.373,2.4654,436.37,holdout,0.6,244
5.0,3.0,177,0.356,2.7065,479.04,holdout,0.6,244
5.0,4.0,177,0.35,2.8476,504.02,holdout,0.6,244
5.0,5.0,177,0.35,2.9584,523.63,holdout,0.6,244
5.0,6.0,177,0.35,3.0537,540.5,holdout,0.6,244
5.0,7.0,177,0.345,3.1382,555.46,holdout,0.6,244
1.5,1.0,176,0.523,1.3336,234.71,holdout,0.625,244
1.5,2.0,176,0.517,1.6216,285.39,holdout,0.625,244
1.5,3.0,176,0.511,1.7814,313.53,holdout,0.625,244
1.5,4.0,176,0.511,1.8865,332.03,holdout,0.625,244
1.5,5.0,176,0.511,1.9629,345.48,holdout,0.625,244
1.5,6.0,176,0.511,2.0222,355.91,holdout,0.625,244
1.5,7.0,176,0.511,2.0702,364.36,holdout,0.625,244
2.0,1.0,176,0.494,1.6797,295.64,holdout,0.625,244
2.0,2.0,176,0.483,1.9519,343.54,holdout,0.625,244
2.0,3.0,176,0.477,2.1268,374.31,holdout,0.625,244
2.0,4.0,176,0.477,2.2507,396.13,holdout,0.625,244
2.0,5.0,176,0.477,2.3445,412.63,holdout,0.625,244
2.0,6.0,176,0.477,2.4187,425.7,holdout,0.625,244
2.0,7.0,176,0.477,2.4796,436.42,holdout,0.625,244
2.5,1.0,176,0.483,1.8528,326.09,holdout,0.625,244
2.5,2.0,176,0.472,2.1074,370.9,holdout,0.625,244
2.5,3.0,176,0.466,2.2776,400.85,holdout,0.625,244
2.5,4.0,176,0.466,2.4022,422.78,holdout,0.625,244
2.5,5.0,176,0.466,2.4983,439.71,holdout,0.625,244
2.5,6.0,176,0.46,2.5755,453.3,holdout,0.625,244
2.5,7.0,176,0.46,2.6394,464.54,holdout,0.625,244
3.0,1.0,176,0.443,1.8281,321.75,holdout,0.625,244
3.0,2.0,176,0.432,2.1153,372.29,holdout,0.625,244
3.0,3.0,176,0.426,2.3075,406.11,holdout,0.625,244
3.0,4.0,176,0.42,2.4509,431.36,holdout,0.625,244
3.0,5.0,176,0.42,2.564,451.26,holdout,0.625,244
3.0,6.0,176,0.42,2.6563,467.51,holdout,0.625,244
3.0,7.0,176,0.42,2.7336,481.12,holdout,0.625,244
3.5,1.0,176,0.42,2.0423,359.44,holdout,0.625,244
3.5,2.0,176,0.409,2.3541,414.33,holdout,0.625,244
3.5,3.0,176,0.403,2.5587,450.34,holdout,0.625,244
3.5,4.0,176,0.398,2.7132,477.52,holdout,0.625,244
3.5,5.0,176,0.398,2.8388,499.63,holdout,0.625,244
3.5,6.0,176,0.398,2.8258,497.35,holdout,0.625,244
3.5,7.0,176,0.398,3.0398,535.01,holdout,0.625,244
4.0,1.0,176,0.403,1.7749,312.38,holdout,0.625,244
4.0,2.0,176,0.386,1.9462,342.54,holdout,0.625,244
4.0,3.0,176,0.381,2.1219,373.45,holdout,0.625,244
4.0,4.0,176,0.369,2.2605,397.85,holdout,0.625,244
4.0,5.0,176,0.369,2.3755,418.09,holdout,0.625,244
4.0,6.0,176,0.369,2.3546,414.41,holdout,0.625,244
4.0,7.0,176,0.369,2.5623,450.97,holdout,0.625,244
4.5,1.0,176,0.392,2.035,358.16,holdout,0.625,244
4.5,2.0,176,0.375,2.2778,400.9,holdout,0.625,244
4.5,3.0,176,0.369,2.4867,437.66,holdout,0.625,244
4.5,4.0,176,0.358,2.6457,465.64,holdout,0.625,244
4.5,5.0,176,0.358,2.7749,488.38,holdout,0.625,244
4.5,6.0,176,0.358,2.7647,486.58,holdout,0.625,244
4.5,7.0,176,0.358,2.9808,524.62,holdout,0.625,244
5.0,1.0,176,0.381,2.0161,354.83,holdout,0.625,244
5.0,2.0,176,0.364,2.2275,392.04,holdout,0.625,244
5.0,3.0,176,0.358,2.4238,426.58,holdout,0.625,244
5.0,4.0,176,0.347,2.5753,453.25,holdout,0.625,244
5.0,5.0,176,0.347,2.6993,475.09,holdout,0.625,244
5.0,6.0,176,0.347,2.6852,472.6,holdout,0.625,244
5.0,7.0,176,0.347,2.8983,510.11,holdout,0.625,244
1.5,1.0,176,0.528,1.5305,269.37,holdout,0.65,244
1.5,2.0,176,0.528,1.8229,320.82,holdout,0.65,244
1.5,3.0,176,0.528,1.9798,348.45,holdout,0.65,244
1.5,4.0,176,0.528,2.082,366.44,holdout,0.65,244
1.5,5.0,176,0.523,2.1561,379.48,holdout,0.65,244
1.5,6.0,176,0.523,2.2135,389.58,holdout,0.65,244
1.5,7.0,176,0.517,2.2599,397.75,holdout,0.65,244
2.0,1.0,176,0.489,1.634,287.59,holdout,0.65,244
2.0,2.0,176,0.483,1.9237,338.57,holdout,0.65,244
2.0,3.0,176,0.483,2.095,368.73,holdout,0.65,244
2.0,4.0,176,0.483,2.2105,389.05,holdout,0.65,244
2.0,5.0,176,0.477,2.2955,404.01,holdout,0.65,244
2.0,6.0,176,0.477,2.3618,415.67,holdout,0.65,244
2.0,7.0,176,0.472,2.4156,425.15,holdout,0.65,244
2.5,1.0,176,0.477,1.8554,326.54,holdout,0.65,244
2.5,2.0,176,0.466,2.1281,374.55,holdout,0.65,244
2.5,3.0,176,0.466,2.3075,406.13,holdout,0.65,244
2.5,4.0,176,0.466,2.4386,429.19,holdout,0.65,244
2.5,5.0,176,0.46,2.5398,447.0,holdout,0.65,244
2.5,6.0,176,0.46,2.621,461.3,holdout,0.65,244
2.5,7.0,176,0.46,2.6884,473.15,holdout,0.65,244
3.0,1.0,176,0.443,1.8816,331.17,holdout,0.65,244
3.0,2.0,176,0.432,2.134,375.59,holdout,0.65,244
3.0,3.0,176,0.432,2.3062,405.88,holdout,0.65,244
3.0,4.0,176,0.432,2.4369,428.89,holdout,0.65,244
3.0,5.0,176,0.42,2.5411,447.24,holdout,0.65,244
3.0,6.0,176,0.42,2.627,462.35,holdout,0.65,244
3.0,7.0,176,0.42,2.6994,475.1,holdout,0.65,244
3.5,1.0,176,0.426,2.0201,355.53,holdout,0.65,244
3.5,2.0,176,0.415,2.3226,408.77,holdout,0.65,244
3.5,3.0,176,0.415,2.5226,443.98,holdout,0.65,244
3.5,4.0,176,0.415,2.6741,470.65,holdout,0.65,244
3.5,5.0,176,0.403,2.7976,492.39,holdout,0.65,244
3.5,6.0,176,0.403,2.8503,501.65,holdout,0.65,244
3.5,7.0,176,0.403,2.9956,527.22,holdout,0.65,244
4.0,1.0,176,0.415,2.1397,376.58,holdout,0.65,244
4.0,2.0,176,0.398,2.3371,411.33,holdout,0.65,244
4.0,3.0,176,0.398,2.5238,444.19,holdout,0.65,244
4.0,4.0,176,0.392,2.6692,469.79,holdout,0.65,244
4.0,5.0,176,0.381,2.7891,490.89,holdout,0.65,244
4.0,6.0,176,0.381,2.8393,499.71,holdout,0.65,244
4.0,7.0,176,0.381,2.9827,524.96,holdout,0.65,244
4.5,1.0,176,0.403,2.0695,364.23,holdout,0.65,244
4.5,2.0,176,0.381,2.2686,399.27,holdout,0.65,244
4.5,3.0,176,0.381,2.456,432.26,holdout,0.65,244
4.5,4.0,176,0.375,2.6021,457.96,holdout,0.65,244
4.5,5.0,176,0.364,2.7224,479.14,holdout,0.65,244
4.5,6.0,176,0.364,2.7729,488.02,holdout,0.65,244
4.5,7.0,176,0.364,2.9166,513.32,holdout,0.65,244
5.0,1.0,176,0.386,2.1629,380.67,holdout,0.65,244
5.0,2.0,176,0.364,2.3783,418.59,holdout,0.65,244
5.0,3.0,176,0.364,2.5768,453.51,holdout,0.65,244
5.0,4.0,176,0.358,2.73,480.48,holdout,0.65,244
5.0,5.0,176,0.347,2.8555,502.56,holdout,0.65,244
5.0,6.0,176,0.347,2.9098,512.13,holdout,0.65,244
5.0,7.0,176,0.347,3.0566,537.96,holdout,0.65,244
1.5,1.0,175,0.543,1.5617,273.31,holdout,0.675,244
1.5,2.0,175,0.543,1.8515,324.02,holdout,0.675,244
1.5,3.0,175,0.543,2.0097,351.7,holdout,0.675,244
1.5,4.0,175,0.543,2.1132,369.81,holdout,0.675,244
1.5,5.0,175,0.543,2.1883,382.96,holdout,0.675,244
1.5,6.0,175,0.543,2.2465,393.14,holdout,0.675,244
1.5,7.0,175,0.543,2.2936,401.37,holdout,0.675,244
2.0,1.0,175,0.491,1.6005,280.09,holdout,0.675,244
2.0,2.0,175,0.491,1.9,332.5,holdout,0.675,244
2.0,3.0,175,0.491,2.077,363.48,holdout,0.675,244
2.0,4.0,175,0.491,2.1964,384.37,holdout,0.675,244
2.0,5.0,175,0.491,2.2842,399.74,holdout,0.675,244
2.0,6.0,175,0.491,2.3526,411.71,holdout,0.675,244
2.0,7.0,175,0.491,2.4082,421.44,holdout,0.675,244
2.5,1.0,175,0.48,1.8941,331.47,holdout,0.675,244
2.5,2.0,175,0.469,2.1766,380.91,holdout,0.675,244
2.5,3.0,175,0.469,2.358,412.65,holdout,0.675,244
2.5,4.0,175,0.469,2.4875,435.32,holdout,0.675,244
2.5,5.0,175,0.469,2.5859,452.53,holdout,0.675,244
2.5,6.0,175,0.469,2.6641,466.21,holdout,0.675,244
2.5,7.0,175,0.469,2.7282,477.44,holdout,0.675,244
3.0,1.0,175,0.463,1.9309,337.91,holdout,0.675,244
3.0,2.0,175,0.446,2.1985,384.73,holdout,0.675,244
3.0,3.0,175,0.446,2.3752,415.66,holdout,0.675,244
3.0,4.0,175,0.446,2.5049,438.36,holdout,0.675,244
3.0,5.0,175,0.446,2.6054,455.94,holdout,0.675,244
3.0,6.0,175,0.446,2.6862,470.09,holdout,0.675,244
3.0,7.0,175,0.44,2.7533,481.82,holdout,0.675,244
3.5,1.0,175,0.446,2.1462,375.58,holdout,0.675,244
3.5,2.0,175,0.429,2.4524,429.17,holdout,0.675,244
3.5,3.0,175,0.429,2.6541,464.47,holdout,0.675,244
3.5,4.0,175,0.429,2.8043,490.75,holdout,0.675,244
3.5,5.0,175,0.429,2.9228,511.5,holdout,0.675,244
3.5,6.0,175,0.429,3.0198,528.47,holdout,0.675,244
3.5,7.0,175,0.423,3.1013,542.73,holdout,0.675,244
4.0,1.0,175,0.429,2.2051,385.9,holdout,0.675,244
4.0,2.0,175,0.406,2.5273,442.29,holdout,0.675,244
4.0,3.0,175,0.406,2.7376,479.08,holdout,0.675,244
4.0,4.0,175,0.406,2.8958,506.76,holdout,0.675,244
4.0,5.0,175,0.406,3.0242,529.23,holdout,0.675,244
4.0,6.0,175,0.406,3.1333,548.33,holdout,0.675,244
4.0,7.0,175,0.4,3.229,565.08,holdout,0.675,244
4.5,1.0,175,0.411,1.8668,326.69,holdout,0.675,244
4.5,2.0,175,0.383,2.0443,357.75,holdout,0.675,244
4.5,3.0,175,0.383,2.222,388.86,holdout,0.675,244
4.5,4.0,175,0.383,2.3622,413.39,holdout,0.675,244
4.5,5.0,175,0.377,2.4785,433.74,holdout,0.675,244
4.5,6.0,175,0.377,2.5786,451.26,holdout,0.675,244
4.5,7.0,175,0.371,2.6671,466.75,holdout,0.675,244
5.0,1.0,175,0.406,2.1102,369.28,holdout,0.675,244
5.0,2.0,175,0.377,2.3562,412.33,holdout,0.675,244
5.0,3.0,175,0.377,2.567,449.23,holdout,0.675,244
5.0,4.0,175,0.377,2.7277,477.35,holdout,0.675,244
5.0,5.0,175,0.371,2.8583,500.2,holdout,0.675,244
5.0,6.0,175,0.371,2.9692,519.6,holdout,0.675,244
5.0,7.0,175,0.366,3.0662,536.58,holdout,0.675,244
1.5,1.0,175,0.56,2.378,416.15,holdout,0.7,244
1.5,2.0,175,0.56,2.6797,468.95,holdout,0.7,244
1.5,3.0,175,0.56,2.8469,498.21,holdout,0.7,244
1.5,4.0,175,0.56,2.957,517.48,holdout,0.7,244
1.5,5.0,175,0.56,3.0373,531.52,holdout,0.7,244
1.5,6.0,175,0.56,3.0995,542.42,holdout,0.7,244
1.5,7.0,175,0.56,3.15,551.25,holdout,0.7,244
2.0,1.0,175,0.503,1.9075,333.81,holdout,0.7,244
2.0,2.0,175,0.503,2.2221,388.87,holdout,0.7,244
2.0,3.0,175,0.503,2.4023,420.4,holdout,0.7,244
2.0,4.0,175,0.503,2.5224,441.42,holdout,0.7,244
2.0,5.0,175,0.503,2.6103,456.8,holdout,0.7,244
2.0,6.0,175,0.503,2.6786,468.76,holdout,0.7,244
2.0,7.0,175,0.503,2.734,478.45,holdout,0.7,244
2.5,1.0,175,0.48,2.0278,354.86,holdout,0.7,244
2.5,2.0,175,0.469,2.3185,405.74,holdout,0.7,244
2.5,3.0,175,0.469,2.4946,436.56,holdout,0.7,244
2.5,4.0,175,0.469,2.6151,457.63,holdout,0.7,244
2.5,5.0,175,0.469,2.7042,473.24,holdout,0.7,244
2.5,6.0,175,0.469,2.7741,485.46,holdout,0.7,244
2.5,7.0,175,0.469,2.8309,495.4,holdout,0.7,244
3.0,1.0,175,0.474,2.2203,388.55,holdout,0.7,244
3.0,2.0,175,0.457,2.5009,437.67,holdout,0.7,244
3.0,3.0,175,0.457,2.6847,469.82,holdout,0.7,244
3.0,4.0,175,0.457,2.8198,493.47,holdout,0.7,244
3.0,5.0,175,0.457,2.925,511.87,holdout,0.7,244
3.0,6.0,175,0.457,3.01,526.75,holdout,0.7,244
3.0,7.0,175,0.457,3.0807,539.12,holdout,0.7,244
3.5,1.0,175,0.451,2.3944,419.02,holdout,0.7,244
3.5,2.0,175,0.434,2.6948,471.59,holdout,0.7,244
3.5,3.0,175,0.434,2.8875,505.32,holdout,0.7,244
3.5,4.0,175,0.434,3.0281,529.91,holdout,0.7,244
3.5,5.0,175,0.434,3.1369,548.96,holdout,0.7,244
3.5,6.0,175,0.434,3.2246,564.3,holdout,0.7,244
3.5,7.0,175,0.434,3.2973,577.03,holdout,0.7,244
4.0,1.0,175,0.429,2.3525,411.69,holdout,0.7,244
4.0,2.0,175,0.411,2.6957,471.75,holdout,0.7,244
4.0,3.0,175,0.411,2.9149,510.11,holdout,0.7,244
4.0,4.0,175,0.411,3.0763,538.35,holdout,0.7,244
4.0,5.0,175,0.411,3.2032,560.56,holdout,0.7,244
4.0,6.0,175,0.411,3.307,578.72,holdout,0.7,244
4.0,7.0,175,0.411,3.3941,593.97,holdout,0.7,244
4.5,1.0,175,0.423,2.5248,441.84,holdout,0.7,244
4.5,2.0,175,0.4,2.7849,487.35,holdout,0.7,244
4.5,3.0,175,0.4,2.9976,524.57,holdout,0.7,244
4.5,4.0,175,0.4,3.1587,552.77,holdout,0.7,244
4.5,5.0,175,0.4,3.2894,575.64,holdout,0.7,244
4.5,6.0,175,0.4,3.4002,595.04,holdout,0.7,244
4.5,7.0,175,0.4,3.4972,612.02,holdout,0.7,244
5.0,1.0,175,0.411,2.3238,406.67,holdout,0.7,244
5.0,2.0,175,0.383,2.5682,449.43,holdout,0.7,244
5.0,3.0,175,0.383,2.7742,485.49,holdout,0.7,244
5.0,4.0,175,0.383,2.9315,513.0,holdout,0.7,244
5.0,5.0,175,0.383,3.0595,535.41,holdout,0.7,244
5.0,6.0,175,0.383,3.1684,554.47,holdout,0.7,244
5.0,7.0,175,0.383,3.2638,571.17,holdout,0.7,244
