r_target,expiry_days,n,win_rate,avg_pnl,total_pnl,kind,tf,split,depth_frac,n_zones
2.0,0.083,402,0.706,2.23,896.48,BB,15m,train,0.3,767
2.0,0.125,402,0.639,2.2466,903.14,BB,15m,train,0.3,767
2.0,0.167,402,0.602,1.8603,747.84,BB,15m,train,0.3,767
2.0,0.25,402,0.562,1.3557,544.99,BB,15m,train,0.3,767
2.0,0.5,402,0.51,0.2267,91.14,BB,15m,train,0.3,767
2.0,1.0,402,0.463,-1.4837,-596.44,BB,15m,train,0.3,767
2.0,2.0,402,0.405,-3.6972,-1486.29,BB,15m,train,0.3,767
2.0,5.0,402,0.249,-8.1114,-3260.8,BB,15m,train,0.3,767
3.0,0.083,402,0.679,2.0955,842.4,BB,15m,train,0.3,767
3.0,0.125,402,0.607,2.2731,913.78,BB,15m,train,0.3,767
3.0,0.167,402,0.562,1.9654,790.1,BB,15m,train,0.3,767
3.0,0.25,402,0.512,1.4651,588.97,BB,15m,train,0.3,767
3.0,0.5,402,0.433,-0.0624,-25.1,BB,15m,train,0.3,767
3.0,1.0,402,0.378,-1.6978,-682.51,BB,15m,train,0.3,767
3.0,2.0,402,0.361,-3.8471,-1546.52,BB,15m,train,0.3,767
3.0,5.0,402,0.291,-8.3484,-3356.05,BB,15m,train,0.3,767
4.0,0.083,402,0.672,2.0555,826.33,BB,15m,train,0.3,767
4.0,0.125,402,0.595,2.3354,938.85,BB,15m,train,0.3,767
4.0,0.167,402,0.545,1.9351,777.91,BB,15m,train,0.3,767
4.0,0.25,402,0.49,1.5592,626.79,BB,15m,train,0.3,767
4.0,0.5,402,0.4,0.2072,83.31,BB,15m,train,0.3,767
4.0,1.0,402,0.338,-1.4153,-568.97,BB,15m,train,0.3,767
4.0,2.0,402,0.328,-3.5665,-1433.74,BB,15m,train,0.3,767
4.0,5.0,402,0.286,-8.1089,-3259.78,BB,15m,train,0.3,767
5.0,0.083,402,0.667,2.0431,821.35,BB,15m,train,0.3,767
5.0,0.125,402,0.59,2.3262,935.13,BB,15m,train,0.3,767
5.0,0.167,402,0.54,1.9726,793.0,BB,15m,train,0.3,767
5.0,0.25,402,0.485,1.727,694.24,BB,15m,train,0.3,767
5.0,0.5,402,0.391,0.5457,219.39,BB,15m,train,0.3,767
5.0,1.0,402,0.318,-0.9015,-362.42,BB,15m,train,0.3,767
5.0,2.0,402,0.301,-3.0366,-1220.69,BB,15m,train,0.3,767
5.0,5.0,402,0.259,-7.7051,-3097.43,BB,15m,train,0.3,767
7.0,0.083,402,0.664,1.9899,799.95,BB,15m,train,0.3,767
7.0,0.125,402,0.585,2.2305,896.67,BB,15m,train,0.3,767
7.0,0.167,402,0.535,1.8912,760.26,BB,15m,train,0.3,767
7.0,0.25,402,0.48,1.6924,680.36,BB,15m,train,0.3,767
7.0,0.5,402,0.381,0.5526,222.16,BB,15m,train,0.3,767
7.0,1.0,402,0.301,-0.6118,-245.94,BB,15m,train,0.3,767
7.0,2.0,402,0.276,-2.3417,-941.34,BB,15m,train,0.3,767
7.0,5.0,402,0.229,-6.7868,-2728.29,BB,15m,train,0.3,767
10.0,0.083,402,0.664,1.9848,797.89,BB,15m,train,0.3,767
10.0,0.125,402,0.585,2.2291,896.1,BB,15m,train,0.3,767
10.0,0.167,402,0.535,1.9019,764.56,BB,15m,train,0.3,767
10.0,0.25,402,0.48,1.7102,687.49,BB,15m,train,0.3,767
10.0,0.5,402,0.371,0.3691,148.39,BB,15m,train,0.3,767
10.0,1.0,402,0.289,-0.6917,-278.08,BB,15m,train,0.3,767
10.0,2.0,402,0.251,-2.4693,-992.66,BB,15m,train,0.3,767
10.0,5.0,402,0.184,-6.7323,-2706.37,BB,15m,train,0.3,767
2.0,0.083,403,0.695,2.2003,886.72,BB,15m,train,0.325,767
2.0,0.125,403,0.643,2.3099,930.9,BB,15m,train,0.325,767
2.0,0.167,403,0.598,1.76,709.26,BB,15m,train,0.325,767
2.0,0.25,403,0.556,1.3162,530.42,BB,15m,train,0.325,767
2.0,0.5,403,0.511,0.1723,69.42,BB,15m,train,0.325,767
2.0,1.0,403,0.464,-1.4885,-599.88,BB,15m,train,0.325,767
2.0,2.0,403,0.397,-3.6721,-1479.86,BB,15m,train,0.325,767
2.0,5.0,403,0.236,-8.0722,-3253.12,BB,15m,train,0.325,767
3.0,0.083,403,0.677,2.2093,890.33,BB,15m,train,0.325,767
3.0,0.125,403,0.615,2.4452,985.43,BB,15m,train,0.325,767
3.0,0.167,403,0.566,1.9599,789.84,BB,15m,train,0.325,767
3.0,0.25,403,0.511,1.4948,602.39,BB,15m,train,0.325,767
3.0,0.5,403,0.442,0.1847,74.45,BB,15m,train,0.325,767
3.0,1.0,403,0.39,-1.4599,-588.34,BB,15m,train,0.325,767
3.0,2.0,403,0.37,-3.6302,-1462.99,BB,15m,train,0.325,767
3.0,5.0,403,0.295,-8.1276,-3275.41,BB,15m,train,0.325,767
4.0,0.083,403,0.665,2.1392,862.1,BB,15m,train,0.325,767
4.0,0.125,403,0.598,2.463,992.58,BB,15m,train,0.325,767
4.0,0.167,403,0.543,1.88,757.63,BB,15m,train,0.325,767
4.0,0.25,403,0.484,1.5302,616.67,BB,15m,train,0.325,767
4.0,0.5,403,0.402,0.289,116.47,BB,15m,train,0.325,767
4.0,1.0,403,0.34,-1.3185,-531.34,BB,15m,train,0.325,767
4.0,2.0,403,0.33,-3.4566,-1393.03,BB,15m,train,0.325,767
4.0,5.0,403,0.293,-7.9004,-3183.87,BB,15m,train,0.325,767
5.0,0.083,403,0.66,2.1197,854.24,BB,15m,train,0.325,767
5.0,0.125,403,0.593,2.4468,986.07,BB,15m,train,0.325,767
5.0,0.167,403,0.538,1.9193,773.48,BB,15m,train,0.325,767
5.0,0.25,403,0.479,1.7139,690.7,BB,15m,train,0.325,767
5.0,0.5,403,0.395,0.6921,278.93,BB,15m,train,0.325,767
5.0,1.0,403,0.323,-0.8168,-329.15,BB,15m,train,0.325,767
5.0,2.0,403,0.3,-2.9848,-1202.89,BB,15m,train,0.325,767
5.0,5.0,403,0.256,-7.6891,-3098.7,BB,15m,train,0.325,767
7.0,0.083,403,0.658,2.0774,837.21,BB,15m,train,0.325,767
7.0,0.125,403,0.588,2.3725,956.13,BB,15m,train,0.325,767
7.0,0.167,403,0.533,1.8681,752.85,BB,15m,train,0.325,767
7.0,0.25,403,0.474,1.7247,695.04,BB,15m,train,0.325,767
7.0,0.5,403,0.385,0.735,296.19,BB,15m,train,0.325,767
7.0,1.0,403,0.305,-0.4904,-197.65,BB,15m,train,0.325,767
7.0,2.0,403,0.273,-2.2712,-915.28,BB,15m,train,0.325,767
7.0,5.0,403,0.226,-6.7629,-2725.46,BB,15m,train,0.325,767
10.0,0.083,403,0.658,2.0723,835.14,BB,15m,train,0.325,767
10.0,0.125,403,0.588,2.3705,955.31,BB,15m,train,0.325,767
10.0,0.167,403,0.533,1.8772,756.49,BB,15m,train,0.325,767
10.0,0.25,403,0.474,1.7403,701.33,BB,15m,train,0.325,767
10.0,0.5,403,0.375,0.5563,224.19,BB,15m,train,0.325,767
10.0,1.0,403,0.293,-0.4548,-183.3,BB,15m,train,0.325,767
10.0,2.0,403,0.251,-2.1922,-883.46,BB,15m,train,0.325,767
10.0,5.0,403,0.186,-6.3831,-2572.38,BB,15m,train,0.325,767
2.0,0.083,403,0.687,2.1051,848.34,BB,15m,train,0.35,767
2.0,0.125,403,0.618,2.015,812.05,BB,15m,train,0.35,767
2.0,0.167,403,0.581,1.5297,616.45,BB,15m,train,0.35,767
2.0,0.25,403,0.543,1.0705,431.43,BB,15m,train,0.35,767
2.0,0.5,403,0.501,-0.1822,-73.44,BB,15m,train,0.35,767
2.0,1.0,403,0.452,-1.842,-742.32,BB,15m,train,0.35,767
2.0,2.0,403,0.385,-4.043,-1629.33,BB,15m,train,0.35,767
2.0,5.0,403,0.218,-8.4298,-3397.22,BB,15m,train,0.35,767
3.0,0.083,403,0.672,2.0876,841.3,BB,15m,train,0.35,767
3.0,0.125,403,0.591,2.1897,882.47,BB,15m,train,0.35,767
3.0,0.167,403,0.548,1.7796,717.2,BB,15m,train,0.35,767
3.0,0.25,403,0.501,1.3127,529.02,BB,15m,train,0.35,767
3.0,0.5,403,0.429,-0.0124,-5.0,BB,15m,train,0.35,767
3.0,1.0,403,0.377,-1.6663,-671.51,BB,15m,train,0.35,767
3.0,2.0,403,0.355,-3.8482,-1550.83,BB,15m,train,0.35,767
3.0,5.0,403,0.288,-8.3419,-3361.77,BB,15m,train,0.35,767
4.0,0.083,403,0.663,1.9711,794.35,BB,15m,train,0.35,767
4.0,0.125,403,0.571,2.133,859.62,BB,15m,train,0.35,767
4.0,0.167,403,0.521,1.6045,646.63,BB,15m,train,0.35,767
4.0,0.25,403,0.471,1.26,507.8,BB,15m,train,0.35,767
4.0,0.5,403,0.39,0.0959,38.64,BB,15m,train,0.35,767
4.0,1.0,403,0.328,-1.5944,-642.56,BB,15m,train,0.35,767
4.0,2.0,403,0.318,-3.8745,-1561.44,BB,15m,train,0.35,767
4.0,5.0,403,0.28,-8.394,-3382.78,BB,15m,train,0.35,767
5.0,0.083,403,0.663,1.9986,805.43,BB,15m,train,0.35,767
5.0,0.125,403,0.571,2.2006,886.85,BB,15m,train,0.35,767
5.0,0.167,403,0.521,1.7253,695.3,BB,15m,train,0.35,767
5.0,0.25,403,0.471,1.5267,615.25,BB,15m,train,0.35,767
5.0,0.5,403,0.387,0.459,184.97,BB,15m,train,0.35,767
5.0,1.0,403,0.313,-1.0889,-438.83,BB,15m,train,0.35,767
5.0,2.0,403,0.29,-3.3305,-1342.2,BB,15m,train,0.35,767
5.0,5.0,403,0.243,-8.0812,-3256.71,BB,15m,train,0.35,767
7.0,0.083,403,0.655,1.9141,771.37,BB,15m,train,0.35,767
7.0,0.125,403,0.561,2.0468,824.88,BB,15m,train,0.35,767
7.0,0.167,403,0.511,1.5857,639.05,BB,15m,train,0.35,767
7.0,0.25,403,0.462,1.4339,577.85,BB,15m,train,0.35,767
7.0,0.5,403,0.372,0.4905,197.69,BB,15m,train,0.35,767
7.0,1.0,403,0.293,-0.8903,-358.79,BB,15m,train,0.35,767
7.0,2.0,403,0.261,-2.834,-1142.1,BB,15m,train,0.35,767
7.0,5.0,403,0.213,-7.4089,-2985.78,BB,15m,train,0.35,767
10.0,0.083,403,0.655,1.909,769.32,BB,15m,train,0.35,767
10.0,0.125,403,0.561,2.0449,824.08,BB,15m,train,0.35,767
10.0,0.167,403,0.511,1.5956,643.02,BB,15m,train,0.35,767
10.0,0.25,403,0.462,1.4494,584.12,BB,15m,train,0.35,767
10.0,0.5,403,0.36,0.1813,73.05,BB,15m,train,0.35,767
10.0,1.0,403,0.278,-0.9497,-382.74,BB,15m,train,0.35,767
10.0,2.0,403,0.236,-2.8994,-1168.46,BB,15m,train,0.35,767
10.0,5.0,403,0.171,-7.2789,-2933.38,BB,15m,train,0.35,767
2.0,0.083,401,0.701,2.1296,853.99,BB,15m,train,0.375,767
2.0,0.125,401,0.631,2.0583,825.39,BB,15m,train,0.375,767
2.0,0.167,401,0.586,1.5938,639.12,BB,15m,train,0.375,767
2.0,0.25,401,0.551,1.1574,464.12,BB,15m,train,0.375,767
2.0,0.5,401,0.506,-0.0969,-38.88,BB,15m,train,0.375,767
2.0,1.0,401,0.464,-1.6807,-673.97,BB,15m,train,0.375,767
2.0,2.0,401,0.392,-3.871,-1552.27,BB,15m,train,0.375,767
2.0,5.0,401,0.214,-8.2447,-3306.14,BB,15m,train,0.375,767
3.0,0.083,401,0.688,2.2176,889.27,BB,15m,train,0.375,767
3.0,0.125,401,0.608,2.3646,948.19,BB,15m,train,0.375,767
3.0,0.167,401,0.556,1.9748,791.9,BB,15m,train,0.375,767
3.0,0.25,401,0.511,1.5835,634.97,BB,15m,train,0.375,767
3.0,0.5,401,0.444,0.1909,76.56,BB,15m,train,0.375,767
3.0,1.0,401,0.397,-1.4905,-597.69,BB,15m,train,0.375,767
3.0,2.0,401,0.367,-3.6495,-1463.46,BB,15m,train,0.375,767
3.0,5.0,401,0.292,-8.1201,-3256.18,BB,15m,train,0.375,767
4.0,0.083,401,0.676,2.0706,830.32,BB,15m,train,0.375,767
4.0,0.125,401,0.586,2.2737,911.75,BB,15m,train,0.375,767
4.0,0.167,401,0.526,1.7624,706.72,BB,15m,train,0.375,767
4.0,0.25,401,0.471,1.3976,560.44,BB,15m,train,0.375,767
4.0,0.5,401,0.394,0.1789,71.72,BB,15m,train,0.375,767
4.0,1.0,401,0.339,-1.3912,-557.87,BB,15m,train,0.375,767
4.0,2.0,401,0.319,-3.6372,-1458.51,BB,15m,train,0.375,767
4.0,5.0,401,0.279,-8.1257,-3258.41,BB,15m,train,0.375,767
5.0,0.083,401,0.676,2.1016,842.73,BB,15m,train,0.375,767
5.0,0.125,401,0.586,2.3555,944.54,BB,15m,train,0.375,767
5.0,0.167,401,0.526,1.9004,762.08,BB,15m,train,0.375,767
5.0,0.25,401,0.474,1.677,672.47,BB,15m,train,0.375,767
5.0,0.5,401,0.392,0.5335,213.94,BB,15m,train,0.375,767
5.0,1.0,401,0.322,-1.0574,-424.01,BB,15m,train,0.375,767
5.0,2.0,401,0.292,-3.2329,-1296.39,BB,15m,train,0.375,767
5.0,5.0,401,0.242,-7.8355,-3142.03,BB,15m,train,0.375,767
7.0,0.083,401,0.668,2.0232,811.31,BB,15m,train,0.375,767
7.0,0.125,401,0.576,2.211,886.62,BB,15m,train,0.375,767
7.0,0.167,401,0.516,1.7706,710.01,BB,15m,train,0.375,767
7.0,0.25,401,0.464,1.6053,643.71,BB,15m,train,0.375,767
7.0,0.5,401,0.377,0.6043,242.31,BB,15m,train,0.375,767
7.0,1.0,401,0.302,-0.7857,-315.07,BB,15m,train,0.375,767
7.0,2.0,401,0.259,-2.7959,-1121.16,BB,15m,train,0.375,767
7.0,5.0,401,0.217,-7.4906,-3003.73,BB,15m,train,0.375,767
10.0,0.083,401,0.668,2.0183,809.33,BB,15m,train,0.375,767
10.0,0.125,401,0.576,2.2092,885.91,BB,15m,train,0.375,767
10.0,0.167,401,0.516,1.7818,714.51,BB,15m,train,0.375,767
10.0,0.25,401,0.464,1.6256,651.86,BB,15m,train,0.375,767
10.0,0.5,401,0.364,0.3148,126.23,BB,15m,train,0.375,767
10.0,1.0,401,0.287,-0.809,-324.4,BB,15m,train,0.375,767
10.0,2.0,401,0.237,-2.632,-1055.44,BB,15m,train,0.375,767
10.0,5.0,401,0.175,-7.048,-2826.25,BB,15m,train,0.375,767
2.0,0.083,402,0.689,2.0856,838.4,BB,15m,train,0.4,767
2.0,0.125,402,0.624,2.1027,845.28,BB,15m,train,0.4,767
2.0,0.167,402,0.587,1.6544,665.08,BB,15m,train,0.4,767
2.0,0.25,402,0.557,1.1795,474.16,BB,15m,train,0.4,767
2.0,0.5,402,0.51,0.0291,11.68,BB,15m,train,0.4,767
2.0,1.0,402,0.47,-1.526,-613.45,BB,15m,train,0.4,767
2.0,2.0,402,0.403,-3.701,-1487.82,BB,15m,train,0.4,767
2.0,5.0,402,0.224,-8.0631,-3241.37,BB,15m,train,0.4,767
3.0,0.083,402,0.682,2.2941,922.22,BB,15m,train,0.4,767
3.0,0.125,402,0.607,2.3596,948.57,BB,15m,train,0.4,767
3.0,0.167,402,0.555,1.9383,779.19,BB,15m,train,0.4,767
3.0,0.25,402,0.515,1.5896,639.0,BB,15m,train,0.4,767
3.0,0.5,402,0.445,0.246,98.91,BB,15m,train,0.4,767
3.0,1.0,402,0.405,-1.4349,-576.83,BB,15m,train,0.4,767
3.0,2.0,402,0.378,-3.6266,-1457.89,BB,15m,train,0.4,767
3.0,5.0,402,0.289,-8.1105,-3260.42,BB,15m,train,0.4,767
4.0,0.083,402,0.667,2.1272,855.14,BB,15m,train,0.4,767
4.0,0.125,402,0.582,2.2595,908.33,BB,15m,train,0.4,767
4.0,0.167,402,0.525,1.8323,736.6,BB,15m,train,0.4,767
4.0,0.25,402,0.473,1.4893,598.7,BB,15m,train,0.4,767
4.0,0.5,402,0.391,0.2589,104.1,BB,15m,train,0.4,767
4.0,1.0,402,0.338,-1.3422,-539.55,BB,15m,train,0.4,767
4.0,2.0,402,0.326,-3.5322,-1419.93,BB,15m,train,0.4,767
4.0,5.0,402,0.284,-8.0239,-3225.59,BB,15m,train,0.4,767
5.0,0.083,402,0.667,2.1604,868.49,BB,15m,train,0.4,767
5.0,0.125,402,0.582,2.351,945.09,BB,15m,train,0.4,767
5.0,0.167,402,0.522,1.8365,738.27,BB,15m,train,0.4,767
5.0,0.25,402,0.473,1.6566,665.95,BB,15m,train,0.4,767
5.0,0.5,402,0.386,0.5415,217.69,BB,15m,train,0.4,767
5.0,1.0,402,0.318,-1.067,-428.92,BB,15m,train,0.4,767
5.0,2.0,402,0.299,-3.2985,-1326.01,BB,15m,train,0.4,767
5.0,5.0,402,0.249,-7.7954,-3133.76,BB,15m,train,0.4,767
7.0,0.083,402,0.659,2.0825,837.16,BB,15m,train,0.4,767
7.0,0.125,402,0.572,2.2078,887.54,BB,15m,train,0.4,767
7.0,0.167,402,0.512,1.7099,687.38,BB,15m,train,0.4,767
7.0,0.25,402,0.463,1.5978,642.3,BB,15m,train,0.4,767
7.0,0.5,402,0.371,0.5968,239.93,BB,15m,train,0.4,767
7.0,1.0,402,0.296,-0.8072,-324.51,BB,15m,train,0.4,767
7.0,2.0,402,0.261,-2.8999,-1165.77,BB,15m,train,0.4,767
7.0,5.0,402,0.214,-7.7077,-3098.48,BB,15m,train,0.4,767
10.0,0.083,402,0.659,2.0778,835.26,BB,15m,train,0.4,767
10.0,0.125,402,0.572,2.2065,887.01,BB,15m,train,0.4,767
10.0,0.167,402,0.512,1.7218,692.16,BB,15m,train,0.4,767
10.0,0.25,402,0.463,1.6192,650.91,BB,15m,train,0.4,767
10.0,0.5,402,0.361,0.4432,178.18,BB,15m,train,0.4,767
10.0,1.0,402,0.284,-0.6408,-257.59,BB,15m,train,0.4,767
10.0,2.0,402,0.241,-2.4642,-990.59,BB,15m,train,0.4,767
10.0,5.0,402,0.174,-6.988,-2809.19,BB,15m,train,0.4,767
2.0,0.083,400,0.688,2.0238,809.52,BB,15m,train,0.425,767
2.0,0.125,400,0.63,2.0477,819.08,BB,15m,train,0.425,767
2.0,0.167,400,0.592,1.6817,672.68,BB,15m,train,0.425,767
2.0,0.25,400,0.558,1.2032,481.27,BB,15m,train,0.425,767
2.0,0.5,400,0.512,0.0185,7.39,BB,15m,train,0.425,767
2.0,1.0,400,0.472,-1.5699,-627.95,BB,15m,train,0.425,767
2.0,2.0,400,0.395,-3.7581,-1503.23,BB,15m,train,0.425,767
2.0,5.0,400,0.222,-8.1299,-3251.98,BB,15m,train,0.425,767
3.0,0.083,400,0.675,2.2048,881.93,BB,15m,train,0.425,767
3.0,0.125,400,0.61,2.3207,928.29,BB,15m,train,0.425,767
3.0,0.167,400,0.562,1.9991,799.64,BB,15m,train,0.425,767
3.0,0.25,400,0.518,1.6707,668.3,BB,15m,train,0.425,767
3.0,0.5,400,0.45,0.4644,185.77,BB,15m,train,0.425,767
3.0,1.0,400,0.408,-1.3078,-523.12,BB,15m,train,0.425,767
3.0,2.0,400,0.375,-3.491,-1396.4,BB,15m,train,0.425,767
3.0,5.0,400,0.282,-7.9686,-3187.46,BB,15m,train,0.425,767
4.0,0.083,400,0.662,2.0634,825.35,BB,15m,train,0.425,767
4.0,0.125,400,0.585,2.2111,884.46,BB,15m,train,0.425,767
4.0,0.167,400,0.532,1.9066,762.66,BB,15m,train,0.425,767
4.0,0.25,400,0.478,1.6015,640.59,BB,15m,train,0.425,767
4.0,0.5,400,0.4,0.3829,153.17,BB,15m,train,0.425,767
4.0,1.0,400,0.342,-1.3413,-536.5,BB,15m,train,0.425,767
4.0,2.0,400,0.325,-3.5191,-1407.62,BB,15m,train,0.425,767
4.0,5.0,400,0.28,-8.0061,-3202.42,BB,15m,train,0.425,767
5.0,0.083,400,0.662,2.1061,842.46,BB,15m,train,0.425,767
5.0,0.125,400,0.585,2.327,930.8,BB,15m,train,0.425,767
5.0,0.167,400,0.53,1.9025,761.01,BB,15m,train,0.425,767
5.0,0.25,400,0.475,1.7069,682.76,BB,15m,train,0.425,767
5.0,0.5,400,0.39,0.5555,222.19,BB,15m,train,0.425,767
5.0,1.0,400,0.322,-1.1069,-442.77,BB,15m,train,0.425,767
5.0,2.0,400,0.3,-3.2883,-1315.31,BB,15m,train,0.425,767
5.0,5.0,400,0.25,-7.7595,-3103.82,BB,15m,train,0.425,767
7.0,0.083,400,0.658,2.0306,812.25,BB,15m,train,0.425,767
7.0,0.125,400,0.578,2.2494,899.74,BB,15m,train,0.425,767
7.0,0.167,400,0.522,1.8496,739.83,BB,15m,train,0.425,767
7.0,0.25,400,0.468,1.7529,701.15,BB,15m,train,0.425,767
7.0,0.5,400,0.38,0.8242,329.69,BB,15m,train,0.425,767
7.0,1.0,400,0.302,-0.7353,-294.14,BB,15m,train,0.425,767
7.0,2.0,400,0.262,-2.8164,-1126.55,BB,15m,train,0.425,767
7.0,5.0,400,0.215,-7.4701,-2988.02,BB,15m,train,0.425,767
10.0,0.083,400,0.658,2.0259,810.38,BB,15m,train,0.425,767
10.0,0.125,400,0.575,2.1918,876.72,BB,15m,train,0.425,767
10.0,0.167,400,0.52,1.8102,724.07,BB,15m,train,0.425,767
10.0,0.25,400,0.465,1.7265,690.6,BB,15m,train,0.425,767
10.0,0.5,400,0.368,0.5752,230.1,BB,15m,train,0.425,767
10.0,1.0,400,0.285,-0.6723,-268.92,BB,15m,train,0.425,767
10.0,2.0,400,0.24,-2.3819,-952.76,BB,15m,train,0.425,767
10.0,5.0,400,0.178,-6.8198,-2727.94,BB,15m,train,0.425,767
2.0,0.083,394,0.688,1.9682,775.46,BB,15m,train,0.45,767
2.0,0.125,394,0.642,2.0702,815.67,BB,15m,train,0.45,767
2.0,0.167,394,0.602,1.7627,694.49,BB,15m,train,0.45,767
2.0,0.25,394,0.558,1.2353,486.72,BB,15m,train,0.45,767
2.0,0.5,394,0.513,0.0478,18.82,BB,15m,train,0.45,767
2.0,1.0,394,0.467,-1.5563,-613.19,BB,15m,train,0.45,767
2.0,2.0,394,0.388,-3.7554,-1479.62,BB,15m,train,0.45,767
2.0,5.0,394,0.208,-8.1362,-3205.64,BB,15m,train,0.45,767
3.0,0.083,394,0.67,2.169,854.6,BB,15m,train,0.45,767
3.0,0.125,394,0.609,2.2435,883.92,BB,15m,train,0.45,767
3.0,0.167,394,0.558,1.9366,763.02,BB,15m,train,0.45,767
3.0,0.25,394,0.515,1.523,600.07,BB,15m,train,0.45,767
3.0,0.5,394,0.442,0.3389,133.51,BB,15m,train,0.45,767
3.0,1.0,394,0.401,-1.4172,-558.38,BB,15m,train,0.45,767
3.0,2.0,394,0.368,-3.5942,-1416.11,BB,15m,train,0.45,767
3.0,5.0,394,0.272,-8.0715,-3180.19,BB,15m,train,0.45,767
4.0,0.083,394,0.66,2.1316,839.85,BB,15m,train,0.45,767
4.0,0.125,394,0.589,2.2783,897.65,BB,15m,train,0.45,767
4.0,0.167,394,0.533,2.0165,794.52,BB,15m,train,0.45,767
4.0,0.25,394,0.485,1.7024,670.74,BB,15m,train,0.45,767
4.0,0.5,394,0.398,0.4212,165.95,BB,15m,train,0.45,767
4.0,1.0,394,0.34,-1.3385,-527.36,BB,15m,train,0.45,767
4.0,2.0,394,0.32,-3.5187,-1386.36,BB,15m,train,0.45,767
4.0,5.0,394,0.272,-8.0333,-3165.13,BB,15m,train,0.45,767
5.0,0.083,394,0.657,2.092,824.24,BB,15m,train,0.45,767
5.0,0.125,394,0.586,2.2935,903.64,BB,15m,train,0.45,767
5.0,0.167,394,0.525,1.9011,749.03,BB,15m,train,0.45,767
5.0,0.25,394,0.472,1.6569,652.83,BB,15m,train,0.45,767
5.0,0.5,394,0.381,0.4105,161.73,BB,15m,train,0.45,767
5.0,1.0,394,0.315,-1.3437,-529.42,BB,15m,train,0.45,767
5.0,2.0,394,0.292,-3.5595,-1402.42,BB,15m,train,0.45,767
5.0,5.0,394,0.244,-8.0573,-3174.6,BB,15m,train,0.45,767
7.0,0.083,394,0.65,1.9895,783.88,BB,15m,train,0.45,767
7.0,0.125,394,0.576,2.1857,861.17,BB,15m,train,0.45,767
7.0,0.167,394,0.515,1.8176,716.12,BB,15m,train,0.45,767
7.0,0.25,394,0.462,1.6717,658.66,BB,15m,train,0.45,767
7.0,0.5,394,0.368,0.6307,248.48,BB,15m,train,0.45,767
7.0,1.0,394,0.292,-1.002,-394.8,BB,15m,train,0.45,767
7.0,2.0,394,0.259,-3.0008,-1182.32,BB,15m,train,0.45,767
7.0,5.0,394,0.211,-7.5778,-2985.65,BB,15m,train,0.45,767
10.0,0.083,394,0.65,1.99,784.07,BB,15m,train,0.45,767
10.0,0.125,394,0.574,2.1351,841.24,BB,15m,train,0.45,767
10.0,0.167,394,0.513,1.7869,704.06,BB,15m,train,0.45,767
10.0,0.25,394,0.459,1.661,654.42,BB,15m,train,0.45,767
10.0,0.5,394,0.355,0.4224,166.42,BB,15m,train,0.45,767
10.0,1.0,394,0.274,-0.9133,-359.83,BB,15m,train,0.45,767
10.0,2.0,394,0.234,-2.6546,-1045.9,BB,15m,train,0.45,767
10.0,5.0,394,0.178,-7.2054,-2838.92,BB,15m,train,0.45,767
2.0,0.083,395,0.681,2.0376,804.84,BB,15m,train,0.475,767
2.0,0.125,395,0.638,2.1488,848.77,BB,15m,train,0.475,767
2.0,0.167,395,0.59,1.7344,685.09,BB,15m,train,0.475,767
2.0,0.25,395,0.549,1.2011,474.44,BB,15m,train,0.475,767
2.0,0.5,395,0.504,-0.0271,-10.72,BB,15m,train,0.475,767
2.0,1.0,395,0.446,-1.6614,-656.24,BB,15m,train,0.475,767
2.0,2.0,395,0.385,-3.877,-1531.41,BB,15m,train,0.475,767
2.0,5.0,395,0.197,-8.2682,-3265.94,BB,15m,train,0.475,767
3.0,0.083,395,0.658,2.1119,834.2,BB,15m,train,0.475,767
3.0,0.125,395,0.6,2.1975,868.03,BB,15m,train,0.475,767
3.0,0.167,395,0.549,1.8279,722.02,BB,15m,train,0.475,767
3.0,0.25,395,0.516,1.4131,558.19,BB,15m,train,0.475,767
3.0,0.5,395,0.438,0.2018,79.7,BB,15m,train,0.475,767
3.0,1.0,395,0.403,-1.486,-586.97,BB,15m,train,0.475,767
3.0,2.0,395,0.365,-3.7004,-1461.65,BB,15m,train,0.475,767
3.0,5.0,395,0.256,-8.1089,-3203.03,BB,15m,train,0.475,767
4.0,0.083,395,0.643,2.0399,805.77,BB,15m,train,0.475,767
4.0,0.125,395,0.577,2.1979,868.17,BB,15m,train,0.475,767
4.0,0.167,395,0.522,1.8515,731.35,BB,15m,train,0.475,767
4.0,0.25,395,0.486,1.5029,593.66,BB,15m,train,0.475,767
4.0,0.5,395,0.39,0.1672,66.05,BB,15m,train,0.475,767
4.0,1.0,395,0.337,-1.5116,-597.08,BB,15m,train,0.475,767
4.0,2.0,395,0.316,-3.6903,-1457.68,BB,15m,train,0.475,767
4.0,5.0,395,0.263,-8.1843,-3232.79,BB,15m,train,0.475,767
5.0,0.083,395,0.641,2.0042,791.65,BB,15m,train,0.475,767
5.0,0.125,395,0.572,2.222,877.69,BB,15m,train,0.475,767
5.0,0.167,395,0.514,1.7583,694.51,BB,15m,train,0.475,767
5.0,0.25,395,0.473,1.484,586.18,BB,15m,train,0.475,767
5.0,0.5,395,0.37,0.1844,72.84,BB,15m,train,0.475,767
5.0,1.0,395,0.311,-1.5346,-606.19,BB,15m,train,0.475,767
5.0,2.0,395,0.294,-3.7998,-1500.91,BB,15m,train,0.475,767
5.0,5.0,395,0.248,-8.3261,-3288.8,BB,15m,train,0.475,767
7.0,0.083,395,0.638,1.9729,779.31,BB,15m,train,0.475,767
7.0,0.125,395,0.565,2.2019,869.74,BB,15m,train,0.475,767
7.0,0.167,395,0.506,1.7933,708.36,BB,15m,train,0.475,767
7.0,0.25,395,0.466,1.6684,659.03,BB,15m,train,0.475,767
7.0,0.5,395,0.359,0.6483,256.09,BB,15m,train,0.475,767
7.0,1.0,395,0.289,-0.9568,-377.93,BB,15m,train,0.475,767
7.0,2.0,395,0.263,-2.9964,-1183.59,BB,15m,train,0.475,767
7.0,5.0,395,0.215,-7.6278,-3012.99,BB,15m,train,0.475,767
10.0,0.083,395,0.635,1.9087,753.95,BB,15m,train,0.475,767
10.0,0.125,395,0.559,2.0773,820.53,BB,15m,train,0.475,767
10.0,0.167,395,0.501,1.6719,660.4,BB,15m,train,0.475,767
10.0,0.25,395,0.461,1.5505,612.43,BB,15m,train,0.475,767
10.0,0.5,395,0.344,0.3386,133.77,BB,15m,train,0.475,767
10.0,1.0,395,0.268,-0.9956,-393.28,BB,15m,train,0.475,767
10.0,2.0,395,0.228,-2.7564,-1088.78,BB,15m,train,0.475,767
10.0,5.0,395,0.175,-7.2771,-2874.45,BB,15m,train,0.475,767
2.0,0.083,397,0.675,1.9557,776.41,BB,15m,train,0.5,767
2.0,0.125,397,0.632,2.0273,804.83,BB,15m,train,0.5,767
2.0,0.167,397,0.592,1.5065,598.1,BB,15m,train,0.5,767
2.0,0.25,397,0.552,0.9491,376.78,BB,15m,train,0.5,767
2.0,0.5,397,0.509,-0.1339,-53.18,BB,15m,train,0.5,767
2.0,1.0,397,0.458,-1.7705,-702.88,BB,15m,train,0.5,767
2.0,2.0,397,0.385,-3.9847,-1581.94,BB,15m,train,0.5,767
2.0,5.0,397,0.184,-8.358,-3318.12,BB,15m,train,0.5,767
3.0,0.083,397,0.65,2.0322,806.79,BB,15m,train,0.5,767
3.0,0.125,397,0.594,2.0781,825.02,BB,15m,train,0.5,767
3.0,0.167,397,0.549,1.563,620.53,BB,15m,train,0.5,767
3.0,0.25,397,0.506,1.0941,434.34,BB,15m,train,0.5,767
3.0,0.5,397,0.438,0.0242,9.6,BB,15m,train,0.5,767
3.0,1.0,397,0.411,-1.6056,-637.44,BB,15m,train,0.5,767
3.0,2.0,397,0.365,-3.8543,-1530.15,BB,15m,train,0.5,767
3.0,5.0,397,0.257,-8.2584,-3278.57,BB,15m,train,0.5,767
4.0,0.083,397,0.637,2.0097,797.85,BB,15m,train,0.5,767
4.0,0.125,397,0.574,2.1436,851.02,BB,15m,train,0.5,767
4.0,0.167,397,0.526,1.7151,680.89,BB,15m,train,0.5,767
4.0,0.25,397,0.484,1.3316,528.66,BB,15m,train,0.5,767
4.0,0.5,397,0.393,0.135,53.58,BB,15m,train,0.5,767
4.0,1.0,397,0.348,-1.4605,-579.81,BB,15m,train,0.5,767
4.0,2.0,397,0.322,-3.6602,-1453.11,BB,15m,train,0.5,767
4.0,5.0,397,0.264,-8.1301,-3227.63,BB,15m,train,0.5,767
5.0,0.083,397,0.635,1.9799,786.01,BB,15m,train,0.5,767
5.0,0.125,397,0.569,2.1788,864.97,BB,15m,train,0.5,767
5.0,0.167,397,0.516,1.6149,641.11,BB,15m,train,0.5,767
5.0,0.25,397,0.469,1.2768,506.91,BB,15m,train,0.5,767
5.0,0.5,397,0.375,0.2162,85.82,BB,15m,train,0.5,767
5.0,1.0,397,0.32,-1.2723,-505.09,BB,15m,train,0.5,767
5.0,2.0,397,0.297,-3.4853,-1383.65,BB,15m,train,0.5,767
5.0,5.0,397,0.257,-7.9919,-3172.78,BB,15m,train,0.5,767
7.0,0.083,397,0.632,1.9534,775.5,BB,15m,train,0.5,767
7.0,0.125,397,0.562,2.1751,863.51,BB,15m,train,0.5,767
7.0,0.167,397,0.509,1.68,666.94,BB,15m,train,0.5,767
7.0,0.25,397,0.461,1.5105,599.66,BB,15m,train,0.5,767
7.0,0.5,397,0.365,0.6089,241.74,BB,15m,train,0.5,767
7.0,1.0,397,0.292,-0.9597,-380.98,BB,15m,train,0.5,767
7.0,2.0,397,0.262,-2.9748,-1181.01,BB,15m,train,0.5,767
7.0,5.0,397,0.217,-7.6698,-3044.92,BB,15m,train,0.5,767
10.0,0.083,397,0.632,1.9484,773.53,BB,15m,train,0.5,767
10.0,0.125,397,0.559,2.1182,840.93,BB,15m,train,0.5,767
10.0,0.167,397,0.506,1.6337,648.58,BB,15m,train,0.5,767
10.0,0.25,397,0.458,1.4852,589.61,BB,15m,train,0.5,767
10.0,0.5,397,0.355,0.5779,229.44,BB,15m,train,0.5,767
10.0,1.0,397,0.275,-0.7749,-307.63,BB,15m,train,0.5,767
10.0,2.0,397,0.229,-2.5506,-1012.59,BB,15m,train,0.5,767
10.0,5.0,397,0.179,-7.1629,-2843.67,BB,15m,train,0.5,767
2.0,0.083,392,0.668,2.0297,795.64,BB,15m,train,0.525,767
2.0,0.125,392,0.63,2.043,800.87,BB,15m,train,0.525,767
2.0,0.167,392,0.587,1.4987,587.48,BB,15m,train,0.525,767
2.0,0.25,392,0.538,0.8762,343.47,BB,15m,train,0.525,767
2.0,0.5,392,0.495,-0.2423,-94.98,BB,15m,train,0.525,767
2.0,1.0,392,0.444,-1.8953,-742.95,BB,15m,train,0.525,767
2.0,2.0,392,0.37,-4.1186,-1614.49,BB,15m,train,0.525,767
2.0,5.0,392,0.171,-8.4954,-3330.18,BB,15m,train,0.525,767
3.0,0.083,392,0.645,2.0889,818.84,BB,15m,train,0.525,767
3.0,0.125,392,0.605,2.1529,843.95,BB,15m,train,0.525,767
3.0,0.167,392,0.546,1.6336,640.37,BB,15m,train,0.525,767
3.0,0.25,392,0.497,1.11,435.12,BB,15m,train,0.525,767
3.0,0.5,392,0.431,0.0687,26.93,BB,15m,train,0.525,767
3.0,1.0,392,0.406,-1.4609,-572.66,BB,15m,train,0.525,767
3.0,2.0,392,0.367,-3.6731,-1439.86,BB,15m,train,0.525,767
3.0,5.0,392,0.245,-8.0634,-3160.84,BB,15m,train,0.525,767
4.0,0.083,392,0.63,2.0745,813.19,BB,15m,train,0.525,767
4.0,0.125,392,0.582,2.208,865.55,BB,15m,train,0.525,767
4.0,0.167,392,0.526,1.7887,701.16,BB,15m,train,0.525,767
4.0,0.25,392,0.474,1.3591,532.77,BB,15m,train,0.525,767
4.0,0.5,392,0.393,0.1558,61.07,BB,15m,train,0.525,767
4.0,1.0,392,0.352,-1.4722,-577.09,BB,15m,train,0.525,767
4.0,2.0,392,0.321,-3.6154,-1417.24,BB,15m,train,0.525,767
4.0,5.0,392,0.265,-8.0593,-3159.24,BB,15m,train,0.525,767
5.0,0.083,392,0.625,2.0103,788.05,BB,15m,train,0.525,767
5.0,0.125,392,0.571,2.2181,869.5,BB,15m,train,0.525,767
5.0,0.167,392,0.508,1.6245,636.8,BB,15m,train,0.525,767
5.0,0.25,392,0.452,1.2472,488.91,BB,15m,train,0.525,767
5.0,0.5,392,0.367,0.2506,98.24,BB,15m,train,0.525,767
5.0,1.0,392,0.319,-1.2724,-498.79,BB,15m,train,0.525,767
5.0,2.0,392,0.296,-3.378,-1324.17,BB,15m,train,0.525,767
5.0,5.0,392,0.26,-7.8236,-3066.84,BB,15m,train,0.525,767
7.0,0.083,392,0.625,1.9656,770.52,BB,15m,train,0.525,767
7.0,0.125,392,0.564,2.1755,852.78,BB,15m,train,0.525,767
7.0,0.167,392,0.5,1.6397,642.76,BB,15m,train,0.525,767
7.0,0.25,392,0.444,1.4294,560.32,BB,15m,train,0.525,767
7.0,0.5,392,0.357,0.5965,233.82,BB,15m,train,0.525,767
7.0,1.0,392,0.293,-0.9489,-371.96,BB,15m,train,0.525,767
7.0,2.0,392,0.26,-3.0055,-1178.15,BB,15m,train,0.525,767
7.0,5.0,392,0.209,-7.738,-3033.3,BB,15m,train,0.525,767
10.0,0.083,392,0.625,1.981,776.54,BB,15m,train,0.525,767
10.0,0.125,392,0.561,2.1561,845.19,BB,15m,train,0.525,767
10.0,0.167,392,0.497,1.6433,644.18,BB,15m,train,0.525,767
10.0,0.25,392,0.441,1.4641,573.92,BB,15m,train,0.525,767
10.0,0.5,392,0.349,0.6628,259.81,BB,15m,train,0.525,767
10.0,1.0,392,0.276,-0.5958,-233.54,BB,15m,train,0.525,767
10.0,2.0,392,0.23,-2.2563,-884.48,BB,15m,train,0.525,767
10.0,5.0,392,0.181,-6.9121,-2709.56,BB,15m,train,0.525,767
2.0,0.083,395,0.661,1.928,761.56,BB,15m,train,0.55,767
2.0,0.125,395,0.633,2.0922,826.4,BB,15m,train,0.55,767
2.0,0.167,395,0.595,1.4936,589.95,BB,15m,train,0.55,767
2.0,0.25,395,0.547,0.9171,362.25,BB,15m,train,0.55,767
2.0,0.5,395,0.504,-0.1656,-65.41,BB,15m,train,0.55,767
2.0,1.0,395,0.441,-1.801,-711.39,BB,15m,train,0.55,767
2.0,2.0,395,0.357,-4.0139,-1585.49,BB,15m,train,0.55,767
2.0,5.0,395,0.154,-8.379,-3309.69,BB,15m,train,0.55,767
3.0,0.083,395,0.635,2.0406,806.05,BB,15m,train,0.55,767
3.0,0.125,395,0.597,2.0739,819.19,BB,15m,train,0.55,767
3.0,0.167,395,0.552,1.5889,627.63,BB,15m,train,0.55,767
3.0,0.25,395,0.499,1.0292,406.54,BB,15m,train,0.55,767
3.0,0.5,395,0.435,-0.0172,-6.78,BB,15m,train,0.55,767
3.0,1.0,395,0.403,-1.569,-619.74,BB,15m,train,0.55,767
3.0,2.0,395,0.375,-3.7635,-1486.6,BB,15m,train,0.55,767
3.0,5.0,395,0.241,-8.1309,-3211.7,BB,15m,train,0.55,767
4.0,0.083,395,0.618,1.9814,782.64,BB,15m,train,0.55,767
4.0,0.125,395,0.577,2.1212,837.87,BB,15m,train,0.55,767
4.0,0.167,395,0.532,1.7544,692.99,BB,15m,train,0.55,767
4.0,0.25,395,0.473,1.3361,527.74,BB,15m,train,0.55,767
4.0,0.5,395,0.395,0.2942,116.2,BB,15m,train,0.55,767
4.0,1.0,395,0.352,-1.3684,-540.53,BB,15m,train,0.55,767
4.0,2.0,395,0.319,-3.5651,-1408.2,BB,15m,train,0.55,767
4.0,5.0,395,0.263,-8.0146,-3165.76,BB,15m,train,0.55,767
5.0,0.083,395,0.61,1.8954,748.67,BB,15m,train,0.55,767
5.0,0.125,395,0.567,2.0937,827.02,BB,15m,train,0.55,767
5.0,0.167,395,0.514,1.7462,689.75,BB,15m,train,0.55,767
5.0,0.25,395,0.456,1.3585,536.63,BB,15m,train,0.55,767
5.0,0.5,395,0.37,0.398,157.23,BB,15m,train,0.55,767
5.0,1.0,395,0.319,-1.2057,-476.24,BB,15m,train,0.55,767
5.0,2.0,395,0.294,-3.3286,-1314.79,BB,15m,train,0.55,767
5.0,5.0,395,0.256,-7.8109,-3085.32,BB,15m,train,0.55,767
7.0,0.083,395,0.61,1.8741,740.25,BB,15m,train,0.55,767
7.0,0.125,395,0.559,2.0989,829.08,BB,15m,train,0.55,767
7.0,0.167,395,0.504,1.6278,642.98,BB,15m,train,0.55,767
7.0,0.25,395,0.443,1.3877,548.12,BB,15m,train,0.55,767
7.0,0.5,395,0.354,0.5774,228.07,BB,15m,train,0.55,767
7.0,1.0,395,0.289,-0.9782,-386.38,BB,15m,train,0.55,767
7.0,2.0,395,0.256,-3.0881,-1219.8,BB,15m,train,0.55,767
7.0,5.0,395,0.208,-7.847,-3099.57,BB,15m,train,0.55,767
10.0,0.083,395,0.61,1.8949,748.49,BB,15m,train,0.55,767
10.0,0.125,395,0.557,2.0869,824.33,BB,15m,train,0.55,767
10.0,0.167,395,0.501,1.6386,647.23,BB,15m,train,0.55,767
10.0,0.25,395,0.441,1.4367,567.51,BB,15m,train,0.55,767
10.0,0.5,395,0.349,0.6692,264.33,BB,15m,train,0.55,767
10.0,1.0,395,0.276,-0.6498,-256.67,BB,15m,train,0.55,767
10.0,2.0,395,0.228,-2.4473,-966.7,BB,15m,train,0.55,767
10.0,5.0,395,0.177,-7.1748,-2834.06,BB,15m,train,0.55,767
2.0,0.083,397,0.67,1.891,750.71,BB,15m,train,0.575,767
2.0,0.125,397,0.632,2.0479,813.02,BB,15m,train,0.575,767
2.0,0.167,397,0.602,1.5548,617.24,BB,15m,train,0.575,767
2.0,0.25,397,0.552,0.9554,379.28,BB,15m,train,0.575,767
2.0,0.5,397,0.506,-0.0804,-31.92,BB,15m,train,0.575,767
2.0,1.0,397,0.446,-1.6615,-659.61,BB,15m,train,0.575,767
2.0,2.0,397,0.365,-3.8507,-1528.72,BB,15m,train,0.575,767
2.0,5.0,397,0.156,-8.1895,-3251.23,BB,15m,train,0.575,767
3.0,0.083,397,0.645,2.0684,821.14,BB,15m,train,0.575,767
3.0,0.125,397,0.592,2.1046,835.52,BB,15m,train,0.575,767
3.0,0.167,397,0.557,1.6161,641.6,BB,15m,train,0.575,767
3.0,0.25,397,0.501,1.0683,424.11,BB,15m,train,0.575,767
3.0,0.5,397,0.446,0.0916,36.38,BB,15m,train,0.575,767
3.0,1.0,397,0.411,-1.4419,-572.44,BB,15m,train,0.575,767
3.0,2.0,397,0.375,-3.5906,-1425.47,BB,15m,train,0.575,767
3.0,5.0,397,0.239,-7.9068,-3139.0,BB,15m,train,0.575,767
4.0,0.083,397,0.627,2.0559,816.18,BB,15m,train,0.575,767
4.0,0.125,397,0.572,2.1861,867.9,BB,15m,train,0.575,767
4.0,0.167,397,0.534,1.801,714.98,BB,15m,train,0.575,767
4.0,0.25,397,0.471,1.367,542.71,BB,15m,train,0.575,767
4.0,0.5,397,0.406,0.4109,163.14,BB,15m,train,0.575,767
4.0,1.0,397,0.37,-1.2143,-482.07,BB,15m,train,0.575,767
4.0,2.0,397,0.332,-3.4011,-1350.25,BB,15m,train,0.575,767
4.0,5.0,397,0.264,-7.8538,-3117.94,BB,15m,train,0.575,767
5.0,0.083,397,0.62,2.0169,800.69,BB,15m,train,0.575,767
5.0,0.125,397,0.562,2.2094,877.12,BB,15m,train,0.575,767
5.0,0.167,397,0.516,1.8419,731.22,BB,15m,train,0.575,767
5.0,0.25,397,0.451,1.4177,562.81,BB,15m,train,0.575,767
5.0,0.5,397,0.37,0.4582,181.9,BB,15m,train,0.575,767
5.0,1.0,397,0.325,-1.1516,-457.18,BB,15m,train,0.575,767
5.0,2.0,397,0.292,-3.2829,-1303.31,BB,15m,train,0.575,767
5.0,5.0,397,0.252,-7.7835,-3090.06,BB,15m,train,0.575,767
7.0,0.083,397,0.617,1.9562,776.62,BB,15m,train,0.575,767
7.0,0.125,397,0.557,2.2206,881.58,BB,15m,train,0.575,767
7.0,0.167,397,0.509,1.7434,692.15,BB,15m,train,0.575,767
7.0,0.25,397,0.441,1.4731,584.83,BB,15m,train,0.575,767
7.0,0.5,397,0.358,0.6708,266.31,BB,15m,train,0.575,767
7.0,1.0,397,0.3,-0.9313,-369.74,BB,15m,train,0.575,767
7.0,2.0,397,0.262,-3.0223,-1199.87,BB,15m,train,0.575,767
7.0,5.0,397,0.214,-7.5793,-3008.96,BB,15m,train,0.575,767
10.0,0.083,397,0.617,1.9481,773.4,BB,15m,train,0.575,767
10.0,0.125,397,0.549,2.1487,853.04,BB,15m,train,0.575,767
10.0,0.167,397,0.501,1.6922,671.81,BB,15m,train,0.575,767
10.0,0.25,397,0.433,1.462,580.42,BB,15m,train,0.575,767
10.0,0.5,397,0.345,0.6641,263.63,BB,15m,train,0.575,767
10.0,1.0,397,0.28,-0.6578,-261.15,BB,15m,train,0.575,767
10.0,2.0,397,0.229,-2.4302,-964.8,BB,15m,train,0.575,767
10.0,5.0,397,0.181,-7.1277,-2829.7,BB,15m,train,0.575,767
2.0,0.083,392,0.679,1.835,719.33,BB,15m,train,0.6,767
2.0,0.125,392,0.63,2.0039,785.53,BB,15m,train,0.6,767
2.0,0.167,392,0.599,1.4981,587.27,BB,15m,train,0.6,767
2.0,0.25,392,0.551,0.9124,357.67,BB,15m,train,0.6,767
2.0,0.5,392,0.51,-0.1099,-43.06,BB,15m,train,0.6,767
2.0,1.0,392,0.449,-1.6508,-647.13,BB,15m,train,0.6,767
2.0,2.0,392,0.352,-3.8099,-1493.49,BB,15m,train,0.6,767
2.0,5.0,392,0.161,-8.116,-3181.46,BB,15m,train,0.6,767
3.0,0.083,392,0.651,1.9079,747.9,BB,15m,train,0.6,767
3.0,0.125,392,0.599,2.1611,847.14,BB,15m,train,0.6,767
3.0,0.167,392,0.561,1.614,632.68,BB,15m,train,0.6,767
3.0,0.25,392,0.508,1.013,397.08,BB,15m,train,0.6,767
3.0,0.5,392,0.449,-0.099,-38.81,BB,15m,train,0.6,767
3.0,1.0,392,0.418,-1.6864,-661.08,BB,15m,train,0.6,767
3.0,2.0,392,0.375,-3.8672,-1515.92,BB,15m,train,0.6,767
3.0,5.0,392,0.227,-8.206,-3216.75,BB,15m,train,0.6,767
4.0,0.083,392,0.635,1.935,758.51,BB,15m,train,0.6,767
4.0,0.125,392,0.577,2.1446,840.69,BB,15m,train,0.6,767
4.0,0.167,392,0.538,1.6986,665.84,BB,15m,train,0.6,767
4.0,0.25,392,0.472,1.2313,482.66,BB,15m,train,0.6,767
4.0,0.5,392,0.408,0.2388,93.62,BB,15m,train,0.6,767
4.0,1.0,392,0.375,-1.3423,-526.19,BB,15m,train,0.6,767
4.0,2.0,392,0.342,-3.5323,-1384.65,BB,15m,train,0.6,767
4.0,5.0,392,0.258,-7.8922,-3093.74,BB,15m,train,0.6,767
5.0,0.083,392,0.625,1.8695,732.84,BB,15m,train,0.6,767
5.0,0.125,392,0.566,2.1608,847.03,BB,15m,train,0.6,767
5.0,0.167,392,0.518,1.7357,680.38,BB,15m,train,0.6,767
5.0,0.25,392,0.452,1.304,511.18,BB,15m,train,0.6,767
5.0,0.5,392,0.37,0.2838,111.26,BB,15m,train,0.6,767
5.0,1.0,392,0.327,-1.2631,-495.14,BB,15m,train,0.6,767
5.0,2.0,392,0.296,-3.3633,-1318.41,BB,15m,train,0.6,767
5.0,5.0,392,0.255,-7.7639,-3043.47,BB,15m,train,0.6,767
7.0,0.083,392,0.622,1.8365,719.89,BB,15m,train,0.6,767
7.0,0.125,392,0.564,2.2071,865.18,BB,15m,train,0.6,767
7.0,0.167,392,0.513,1.6756,656.84,BB,15m,train,0.6,767
7.0,0.25,392,0.444,1.3819,541.72,BB,15m,train,0.6,767
7.0,0.5,392,0.36,0.635,248.93,BB,15m,train,0.6,767
7.0,1.0,392,0.301,-0.9446,-370.28,BB,15m,train,0.6,767
7.0,2.0,392,0.265,-3.0104,-1180.08,BB,15m,train,0.6,767
7.0,5.0,392,0.217,-7.5328,-2952.84,BB,15m,train,0.6,767
10.0,0.083,392,0.622,1.8057,707.84,BB,15m,train,0.6,767
10.0,0.125,392,0.554,2.1023,824.11,BB,15m,train,0.6,767
10.0,0.167,392,0.503,1.5826,620.39,BB,15m,train,0.6,767
10.0,0.25,392,0.434,1.3159,515.82,BB,15m,train,0.6,767
10.0,0.5,392,0.347,0.6909,270.84,BB,15m,train,0.6,767
10.0,1.0,392,0.281,-0.6291,-246.62,BB,15m,train,0.6,767
10.0,2.0,392,0.23,-2.508,-983.13,BB,15m,train,0.6,767
10.0,5.0,392,0.184,-7.2973,-2860.53,BB,15m,train,0.6,767
2.0,0.083,388,0.691,2.0229,784.9,BB,15m,train,0.625,767
2.0,0.125,388,0.642,2.0469,794.2,BB,15m,train,0.625,767
2.0,0.167,388,0.608,1.6126,625.68,BB,15m,train,0.625,767
2.0,0.25,388,0.562,0.9735,377.73,BB,15m,train,0.625,767
2.0,0.5,388,0.518,-0.0298,-11.56,BB,15m,train,0.625,767
2.0,1.0,388,0.438,-1.5804,-613.18,BB,15m,train,0.625,767
2.0,2.0,388,0.348,-3.747,-1453.85,BB,15m,train,0.625,767
2.0,5.0,388,0.165,-8.0596,-3127.14,BB,15m,train,0.625,767
3.0,0.083,388,0.655,2.0046,777.77,BB,15m,train,0.625,767
3.0,0.125,388,0.601,2.1061,817.17,BB,15m,train,0.625,767
3.0,0.167,388,0.557,1.5413,598.02,BB,15m,train,0.625,767
3.0,0.25,388,0.505,0.8479,329.0,BB,15m,train,0.625,767
3.0,0.5,388,0.446,-0.2851,-110.63,BB,15m,train,0.625,767
3.0,1.0,388,0.415,-1.912,-741.86,BB,15m,train,0.625,767
3.0,2.0,388,0.371,-4.1215,-1599.13,BB,15m,train,0.625,767
3.0,5.0,388,0.216,-8.4859,-3292.52,BB,15m,train,0.625,767
4.0,0.083,388,0.639,2.0848,808.89,BB,15m,train,0.625,767
4.0,0.125,388,0.577,2.1772,844.75,BB,15m,train,0.625,767
4.0,0.167,388,0.536,1.7167,666.06,BB,15m,train,0.625,767
4.0,0.25,388,0.477,1.1614,450.63,BB,15m,train,0.625,767
4.0,0.5,388,0.412,0.1152,44.68,BB,15m,train,0.625,767
4.0,1.0,388,0.387,-1.401,-543.58,BB,15m,train,0.625,767
4.0,2.0,388,0.353,-3.6064,-1399.28,BB,15m,train,0.625,767
4.0,5.0,388,0.25,-7.98,-3096.26,BB,15m,train,0.625,767
5.0,0.083,388,0.629,2.005,777.94,BB,15m,train,0.625,767
5.0,0.125,388,0.564,2.1927,850.76,BB,15m,train,0.625,767
5.0,0.167,388,0.515,1.7452,677.14,BB,15m,train,0.625,767
5.0,0.25,388,0.454,1.2679,491.93,BB,15m,train,0.625,767
5.0,0.5,388,0.374,0.096,37.26,BB,15m,train,0.625,767
5.0,1.0,388,0.332,-1.5802,-613.14,BB,15m,train,0.625,767
5.0,2.0,388,0.299,-3.793,-1471.68,BB,15m,train,0.625,767
5.0,5.0,388,0.25,-8.2689,-3208.32,BB,15m,train,0.625,767
7.0,0.083,388,0.626,1.9695,764.18,BB,15m,train,0.625,767
7.0,0.125,388,0.562,2.2239,862.88,BB,15m,train,0.625,767
7.0,0.167,388,0.508,1.6935,657.08,BB,15m,train,0.625,767
7.0,0.25,388,0.443,1.2865,499.15,BB,15m,train,0.625,767
7.0,0.5,388,0.358,0.3315,128.63,BB,15m,train,0.625,767
7.0,1.0,388,0.299,-1.2686,-492.2,BB,15m,train,0.625,767
7.0,2.0,388,0.263,-3.4496,-1338.44,BB,15m,train,0.625,767
7.0,5.0,388,0.214,-7.9228,-3074.06,BB,15m,train,0.625,767
10.0,0.083,388,0.626,1.9526,757.62,BB,15m,train,0.625,767
10.0,0.125,388,0.554,2.1288,825.99,BB,15m,train,0.625,767
10.0,0.167,388,0.497,1.621,628.95,BB,15m,train,0.625,767
10.0,0.25,388,0.433,1.3002,504.46,BB,15m,train,0.625,767
10.0,0.5,388,0.345,0.5747,222.98,BB,15m,train,0.625,767
10.0,1.0,388,0.278,-0.8889,-344.91,BB,15m,train,0.625,767
10.0,2.0,388,0.224,-2.9371,-1139.58,BB,15m,train,0.625,767
10.0,5.0,388,0.178,-7.7982,-3025.7,BB,15m,train,0.625,767
2.0,0.083,383,0.689,1.9418,743.72,BB,15m,train,0.65,767
2.0,0.125,383,0.637,1.8504,708.69,BB,15m,train,0.65,767
2.0,0.167,383,0.614,1.5908,609.27,BB,15m,train,0.65,767
2.0,0.25,383,0.567,0.997,381.84,BB,15m,train,0.65,767
2.0,0.5,383,0.509,-0.0135,-5.19,BB,15m,train,0.65,767
2.0,1.0,383,0.433,-1.5624,-598.4,BB,15m,train,0.65,767
2.0,2.0,383,0.342,-3.7322,-1429.45,BB,15m,train,0.65,767
2.0,5.0,383,0.151,-8.0552,-3085.13,BB,15m,train,0.65,767
3.0,0.083,383,0.663,2.1402,819.71,BB,15m,train,0.65,767
3.0,0.125,383,0.606,2.1446,821.37,BB,15m,train,0.65,767
3.0,0.167,383,0.567,1.6587,635.27,BB,15m,train,0.65,767
3.0,0.25,383,0.514,0.9693,371.25,BB,15m,train,0.65,767
3.0,0.5,383,0.454,-0.1637,-62.71,BB,15m,train,0.65,767
3.0,1.0,383,0.415,-1.7864,-684.18,BB,15m,train,0.65,767
3.0,2.0,383,0.373,-4.0007,-1532.26,BB,15m,train,0.65,767
3.0,5.0,383,0.209,-8.3649,-3203.74,BB,15m,train,0.65,767
4.0,0.083,383,0.648,2.1679,830.31,BB,15m,train,0.65,767
4.0,0.125,383,0.58,2.1407,819.9,BB,15m,train,0.65,767
4.0,0.167,383,0.54,1.7651,676.05,BB,15m,train,0.65,767
4.0,0.25,383,0.483,1.2237,468.67,BB,15m,train,0.65,767
4.0,0.5,383,0.418,0.1716,65.73,BB,15m,train,0.65,767
4.0,1.0,383,0.389,-1.4289,-547.26,BB,15m,train,0.65,767
4.0,2.0,383,0.363,-3.6707,-1405.87,BB,15m,train,0.65,767
4.0,5.0,383,0.248,-8.0696,-3090.64,BB,15m,train,0.65,767
5.0,0.083,383,0.64,2.0744,794.51,BB,15m,train,0.65,767
5.0,0.125,383,0.567,2.1351,817.73,BB,15m,train,0.65,767
5.0,0.167,383,0.52,1.7622,674.92,BB,15m,train,0.65,767
5.0,0.25,383,0.46,1.298,497.12,BB,15m,train,0.65,767
5.0,0.5,383,0.376,0.2583,98.92,BB,15m,train,0.65,767
5.0,1.0,383,0.337,-1.3387,-512.71,BB,15m,train,0.65,767
5.0,2.0,383,0.308,-3.4847,-1334.66,BB,15m,train,0.65,767
5.0,5.0,383,0.245,-7.9229,-3034.49,BB,15m,train,0.65,767
7.0,0.083,383,0.632,2.0089,769.39,BB,15m,train,0.65,767
7.0,0.125,383,0.559,2.1531,824.64,BB,15m,train,0.65,767
7.0,0.167,383,0.507,1.7187,658.25,BB,15m,train,0.65,767
7.0,0.25,383,0.444,1.351,517.42,BB,15m,train,0.65,767
7.0,0.5,383,0.355,0.3972,152.13,BB,15m,train,0.65,767
7.0,1.0,383,0.298,-1.1089,-424.73,BB,15m,train,0.65,767
7.0,2.0,383,0.266,-3.2741,-1253.96,BB,15m,train,0.65,767
7.0,5.0,383,0.222,-7.7505,-2968.45,BB,15m,train,0.65,767
10.0,0.083,383,0.632,1.9895,761.99,BB,15m,train,0.65,767
10.0,0.125,383,0.551,2.0542,786.75,BB,15m,train,0.65,767
10.0,0.167,383,0.496,1.6448,629.95,BB,15m,train,0.65,767
10.0,0.25,383,0.433,1.3725,525.65,BB,15m,train,0.65,767
10.0,0.5,383,0.342,0.6774,259.46,BB,15m,train,0.65,767
10.0,1.0,383,0.279,-0.7603,-291.18,BB,15m,train,0.65,767
10.0,2.0,383,0.225,-2.7798,-1064.66,BB,15m,train,0.65,767
10.0,5.0,383,0.183,-7.4514,-2853.9,BB,15m,train,0.65,767
2.0,0.083,379,0.694,2.0981,795.17,BB,15m,train,0.675,767
2.0,0.125,379,0.649,1.9854,752.48,BB,15m,train,0.675,767
2.0,0.167,379,0.623,1.7292,655.38,BB,15m,train,0.675,767
2.0,0.25,379,0.58,1.1354,430.3,BB,15m,train,0.675,767
2.0,0.5,379,0.517,0.0709,26.87,BB,15m,train,0.675,767
2.0,1.0,379,0.43,-1.458,-552.59,BB,15m,train,0.675,767
2.0,2.0,379,0.33,-3.6105,-1368.37,BB,15m,train,0.675,767
2.0,5.0,379,0.153,-7.9127,-2998.91,BB,15m,train,0.675,767
3.0,0.083,379,0.662,2.3866,904.53,BB,15m,train,0.675,767
3.0,0.125,379,0.607,2.2682,859.65,BB,15m,train,0.675,767
3.0,0.167,379,0.57,1.8994,719.88,BB,15m,train,0.675,767
3.0,0.25,379,0.525,1.3137,497.88,BB,15m,train,0.675,767
3.0,0.5,379,0.464,0.1526,57.82,BB,15m,train,0.675,767
3.0,1.0,379,0.43,-1.4555,-551.63,BB,15m,train,0.675,767
3.0,2.0,379,0.388,-3.6495,-1383.15,BB,15m,train,0.675,767
3.0,5.0,379,0.216,-7.9888,-3027.77,BB,15m,train,0.675,767
4.0,0.083,379,0.646,2.2789,863.69,BB,15m,train,0.675,767
4.0,0.125,379,0.583,2.1355,809.34,BB,15m,train,0.675,767
4.0,0.167,379,0.546,1.8476,700.22,BB,15m,train,0.675,767
4.0,0.25,379,0.499,1.3875,525.85,BB,15m,train,0.675,767
4.0,0.5,379,0.43,0.3408,129.16,BB,15m,train,0.675,767
4.0,1.0,379,0.398,-1.1885,-450.42,BB,15m,train,0.675,767
4.0,2.0,379,0.369,-3.3817,-1281.67,BB,15m,train,0.675,767
4.0,5.0,379,0.256,-7.7245,-2927.6,BB,15m,train,0.675,767
5.0,0.083,379,0.639,2.2497,852.63,BB,15m,train,0.675,767
5.0,0.125,379,0.567,2.1877,829.14,BB,15m,train,0.675,767
5.0,0.167,379,0.528,1.9365,733.94,BB,15m,train,0.675,767
5.0,0.25,379,0.478,1.5312,580.33,BB,15m,train,0.675,767
5.0,0.5,379,0.391,0.4398,166.67,BB,15m,train,0.675,767
5.0,1.0,379,0.348,-1.1521,-436.65,BB,15m,train,0.675,767
5.0,2.0,379,0.319,-3.3517,-1270.29,BB,15m,train,0.675,767
5.0,5.0,379,0.264,-7.7269,-2928.51,BB,15m,train,0.675,767
7.0,0.083,379,0.631,2.1815,826.79,BB,15m,train,0.675,767
7.0,0.125,379,0.559,2.211,837.98,BB,15m,train,0.675,767
7.0,0.167,379,0.509,1.8559,703.39,BB,15m,train,0.675,767
7.0,0.25,379,0.456,1.5257,578.25,BB,15m,train,0.675,767
7.0,0.5,379,0.364,0.5206,197.32,BB,15m,train,0.675,767
7.0,1.0,379,0.306,-1.0104,-382.93,BB,15m,train,0.675,767
7.0,2.0,379,0.274,-3.1855,-1207.3,BB,15m,train,0.675,767
7.0,5.0,379,0.235,-7.6672,-2905.87,BB,15m,train,0.675,767
10.0,0.083,379,0.631,2.1703,822.54,BB,15m,train,0.675,767
10.0,0.125,379,0.551,2.1307,807.53,BB,15m,train,0.675,767
10.0,0.167,379,0.499,1.8135,687.33,BB,15m,train,0.675,767
10.0,0.25,379,0.446,1.6103,610.29,BB,15m,train,0.675,767
10.0,0.5,379,0.351,0.8161,309.31,BB,15m,train,0.675,767
10.0,1.0,379,0.285,-0.5803,-219.94,BB,15m,train,0.675,767
10.0,2.0,379,0.23,-2.6114,-989.72,BB,15m,train,0.675,767
10.0,5.0,379,0.193,-7.1507,-2710.12,BB,15m,train,0.675,767
2.0,0.083,374,0.684,1.8746,701.08,BB,15m,train,0.7,767
2.0,0.125,374,0.644,1.7608,658.55,BB,15m,train,0.7,767
2.0,0.167,374,0.61,1.4465,540.99,BB,15m,train,0.7,767
2.0,0.25,374,0.567,0.8588,321.18,BB,15m,train,0.7,767
2.0,0.5,374,0.508,-0.2452,-91.69,BB,15m,train,0.7,767
2.0,1.0,374,0.417,-1.7675,-661.04,BB,15m,train,0.7,767
2.0,2.0,374,0.302,-3.9196,-1465.93,BB,15m,train,0.7,767
2.0,5.0,374,0.131,-8.2182,-3073.62,BB,15m,train,0.7,767
3.0,0.083,374,0.655,2.1629,808.93,BB,15m,train,0.7,767
3.0,0.125,374,0.604,1.9999,747.97,BB,15m,train,0.7,767
3.0,0.167,374,0.559,1.5418,576.63,BB,15m,train,0.7,767
3.0,0.25,374,0.513,0.9704,362.92,BB,15m,train,0.7,767
3.0,0.5,374,0.46,-0.2125,-79.49,BB,15m,train,0.7,767
3.0,1.0,374,0.412,-1.7956,-671.54,BB,15m,train,0.7,767
3.0,2.0,374,0.358,-3.9778,-1487.7,BB,15m,train,0.7,767
3.0,5.0,374,0.193,-8.3013,-3104.68,BB,15m,train,0.7,767
4.0,0.083,374,0.642,2.1728,812.63,BB,15m,train,0.7,767
4.0,0.125,374,0.586,2.1121,789.93,BB,15m,train,0.7,767
4.0,0.167,374,0.537,1.7187,642.81,BB,15m,train,0.7,767
4.0,0.25,374,0.495,1.2085,451.99,BB,15m,train,0.7,767
4.0,0.5,374,0.422,0.0152,5.68,BB,15m,train,0.7,767
4.0,1.0,374,0.382,-1.5564,-582.09,BB,15m,train,0.7,767
4.0,2.0,374,0.356,-3.7408,-1399.06,BB,15m,train,0.7,767
4.0,5.0,374,0.241,-8.0559,-3012.92,BB,15m,train,0.7,767
5.0,0.083,374,0.634,2.2205,830.48,BB,15m,train,0.7,767
5.0,0.125,374,0.572,2.1458,802.52,BB,15m,train,0.7,767
5.0,0.167,374,0.521,1.8334,685.69,BB,15m,train,0.7,767
5.0,0.25,374,0.473,1.4017,524.25,BB,15m,train,0.7,767
5.0,0.5,374,0.388,0.2122,79.36,BB,15m,train,0.7,767
5.0,1.0,374,0.337,-1.4146,-529.04,BB,15m,train,0.7,767
5.0,2.0,374,0.313,-3.6463,-1363.72,BB,15m,train,0.7,767
5.0,5.0,374,0.246,-8.0224,-3000.38,BB,15m,train,0.7,767
7.0,0.083,374,0.623,2.0863,780.27,BB,15m,train,0.7,767
7.0,0.125,374,0.559,2.0941,783.2,BB,15m,train,0.7,767
7.0,0.167,374,0.495,1.6606,621.07,BB,15m,train,0.7,767
7.0,0.25,374,0.447,1.3367,499.93,BB,15m,train,0.7,767
7.0,0.5,374,0.356,0.2667,99.76,BB,15m,train,0.7,767
7.0,1.0,374,0.291,-1.2837,-480.09,BB,15m,train,0.7,767
7.0,2.0,374,0.265,-3.4223,-1279.96,BB,15m,train,0.7,767
7.0,5.0,374,0.227,-7.8121,-2921.73,BB,15m,train,0.7,767
10.0,0.083,374,0.623,2.0777,777.06,BB,15m,train,0.7,767
10.0,0.125,374,0.553,2.0709,774.51,BB,15m,train,0.7,767
10.0,0.167,374,0.489,1.6688,624.14,BB,15m,train,0.7,767
10.0,0.25,374,0.439,1.4548,544.08,BB,15m,train,0.7,767
10.0,0.5,374,0.345,0.6031,225.57,BB,15m,train,0.7,767
10.0,1.0,374,0.273,-0.8416,-314.75,BB,15m,train,0.7,767
10.0,2.0,374,0.227,-2.9493,-1103.04,BB,15m,train,0.7,767
10.0,5.0,374,0.184,-7.4523,-2787.15,BB,15m,train,0.7,767
2.0,0.083,199,0.729,2.716,540.49,BB,15m,validation,0.3,271
2.0,0.125,199,0.668,2.9866,594.33,BB,15m,validation,0.3,271
2.0,0.167,199,0.643,2.6617,529.68,BB,15m,validation,0.3,271
2.0,0.25,199,0.613,2.0564,409.22,BB,15m,validation,0.3,271
2.0,0.5,199,0.543,0.236,46.96,BB,15m,validation,0.3,271
2.0,1.0,199,0.513,-1.8226,-362.71,BB,15m,validation,0.3,271
2.0,2.0,199,0.422,-4.6675,-928.83,BB,15m,validation,0.3,271
2.0,5.0,199,0.296,-10.2065,-2031.1,BB,15m,validation,0.3,271
3.0,0.083,199,0.714,2.9795,592.92,BB,15m,validation,0.3,271
3.0,0.125,199,0.623,3.4662,689.77,BB,15m,validation,0.3,271
3.0,0.167,199,0.593,3.3857,673.76,BB,15m,validation,0.3,271
3.0,0.25,199,0.568,3.1287,622.61,BB,15m,validation,0.3,271
3.0,0.5,199,0.482,1.7506,348.38,BB,15m,validation,0.3,271
3.0,1.0,199,0.472,-0.279,-55.53,BB,15m,validation,0.3,271
3.0,2.0,199,0.447,-3.0608,-609.1,BB,15m,validation,0.3,271
3.0,5.0,199,0.392,-8.5364,-1698.73,BB,15m,validation,0.3,271
4.0,0.083,199,0.709,2.9341,583.89,BB,15m,validation,0.3,271
4.0,0.125,199,0.618,3.5416,704.78,BB,15m,validation,0.3,271
4.0,0.167,199,0.588,3.6019,716.77,BB,15m,validation,0.3,271
4.0,0.25,199,0.553,3.3056,657.81,BB,15m,validation,0.3,271
4.0,0.5,199,0.447,1.8976,377.63,BB,15m,validation,0.3,271
4.0,1.0,199,0.422,-0.287,-57.12,BB,15m,validation,0.3,271
4.0,2.0,199,0.372,-3.3973,-676.07,BB,15m,validation,0.3,271
4.0,5.0,199,0.347,-8.9507,-1781.18,BB,15m,validation,0.3,271
5.0,0.083,199,0.704,2.9151,580.11,BB,15m,validation,0.3,271
5.0,0.125,199,0.613,3.578,712.03,BB,15m,validation,0.3,271
5.0,0.167,199,0.583,3.6938,735.07,BB,15m,validation,0.3,271
5.0,0.25,199,0.533,3.0676,610.45,BB,15m,validation,0.3,271
5.0,0.5,199,0.427,1.9545,388.95,BB,15m,validation,0.3,271
5.0,1.0,199,0.382,-0.3346,-66.59,BB,15m,validation,0.3,271
5.0,2.0,199,0.327,-3.2662,-649.97,BB,15m,validation,0.3,271
5.0,5.0,199,0.312,-8.9882,-1788.66,BB,15m,validation,0.3,271
7.0,0.083,199,0.704,2.9297,583.01,BB,15m,validation,0.3,271
7.0,0.125,199,0.613,3.6304,722.46,BB,15m,validation,0.3,271
7.0,0.167,199,0.583,3.7024,736.77,BB,15m,validation,0.3,271
7.0,0.25,199,0.528,3.0119,599.38,BB,15m,validation,0.3,271
7.0,0.5,199,0.412,2.2604,449.81,BB,15m,validation,0.3,271
7.0,1.0,199,0.357,0.3842,76.46,BB,15m,validation,0.3,271
7.0,2.0,199,0.281,-2.9536,-587.77,BB,15m,validation,0.3,271
7.0,5.0,199,0.236,-9.2116,-1833.12,BB,15m,validation,0.3,271
10.0,0.083,199,0.704,2.9297,583.01,BB,15m,validation,0.3,271
10.0,0.125,199,0.613,3.6304,722.46,BB,15m,validation,0.3,271
10.0,0.167,199,0.583,3.7032,736.94,BB,15m,validation,0.3,271
10.0,0.25,199,0.528,3.0328,603.54,BB,15m,validation,0.3,271
10.0,0.5,199,0.412,2.3271,463.1,BB,15m,validation,0.3,271
10.0,1.0,199,0.357,0.9046,180.03,BB,15m,validation,0.3,271
10.0,2.0,199,0.271,-1.9207,-382.23,BB,15m,validation,0.3,271
10.0,5.0,199,0.211,-7.6402,-1520.4,BB,15m,validation,0.3,271
2.0,0.083,197,0.726,2.7043,532.74,BB,15m,validation,0.325,271
2.0,0.125,197,0.67,2.9856,588.15,BB,15m,validation,0.325,271
2.0,0.167,197,0.65,2.8545,562.34,BB,15m,validation,0.325,271
2.0,0.25,197,0.614,2.2005,433.51,BB,15m,validation,0.325,271
2.0,0.5,197,0.553,0.343,67.56,BB,15m,validation,0.325,271
2.0,1.0,197,0.513,-1.7393,-342.63,BB,15m,validation,0.325,271
2.0,2.0,197,0.431,-4.6057,-907.33,BB,15m,validation,0.325,271
2.0,5.0,197,0.294,-10.1762,-2004.7,BB,15m,validation,0.325,271
3.0,0.083,197,0.711,3.0987,610.45,BB,15m,validation,0.325,271
3.0,0.125,197,0.635,3.6689,722.77,BB,15m,validation,0.325,271
3.0,0.167,197,0.604,3.6537,719.79,BB,15m,validation,0.325,271
3.0,0.25,197,0.574,3.3143,652.91,BB,15m,validation,0.325,271
3.0,0.5,197,0.492,1.8123,357.02,BB,15m,validation,0.325,271
3.0,1.0,197,0.477,-0.0943,-18.58,BB,15m,validation,0.325,271
3.0,2.0,197,0.452,-2.8674,-564.88,BB,15m,validation,0.325,271
3.0,5.0,197,0.391,-8.3569,-1646.31,BB,15m,validation,0.325,271
4.0,0.083,197,0.706,2.9666,584.42,BB,15m,validation,0.325,271
4.0,0.125,197,0.619,3.5937,707.95,BB,15m,validation,0.325,271
4.0,0.167,197,0.589,3.7149,731.84,BB,15m,validation,0.325,271
4.0,0.25,197,0.548,3.3376,657.51,BB,15m,validation,0.325,271
4.0,0.5,197,0.452,1.9507,384.29,BB,15m,validation,0.325,271
4.0,1.0,197,0.421,-0.2238,-44.09,BB,15m,validation,0.325,271
4.0,2.0,197,0.376,-3.3127,-652.6,BB,15m,validation,0.325,271
4.0,5.0,197,0.355,-8.861,-1745.62,BB,15m,validation,0.325,271
5.0,0.083,197,0.701,2.9506,581.27,BB,15m,validation,0.325,271
5.0,0.125,197,0.614,3.6403,717.14,BB,15m,validation,0.325,271
5.0,0.167,197,0.584,3.8218,752.89,BB,15m,validation,0.325,271
5.0,0.25,197,0.528,3.1007,610.84,BB,15m,validation,0.325,271
5.0,0.5,197,0.426,1.9061,375.5,BB,15m,validation,0.325,271
5.0,1.0,197,0.381,-0.4562,-89.87,BB,15m,validation,0.325,271
5.0,2.0,197,0.325,-3.4221,-674.15,BB,15m,validation,0.325,271
5.0,5.0,197,0.31,-9.1861,-1809.66,BB,15m,validation,0.325,271
7.0,0.083,197,0.701,2.9674,584.59,BB,15m,validation,0.325,271
7.0,0.125,197,0.614,3.7012,729.13,BB,15m,validation,0.325,271
7.0,0.167,197,0.584,3.8478,758.02,BB,15m,validation,0.325,271
7.0,0.25,197,0.523,3.0474,600.35,BB,15m,validation,0.325,271
7.0,0.5,197,0.411,2.1716,427.81,BB,15m,validation,0.325,271
7.0,1.0,197,0.35,0.3697,72.82,BB,15m,validation,0.325,271
7.0,2.0,197,0.279,-2.8989,-571.08,BB,15m,validation,0.325,271
7.0,5.0,197,0.239,-9.144,-1801.37,BB,15m,validation,0.325,271
10.0,0.083,197,0.701,2.9674,584.59,BB,15m,validation,0.325,271
10.0,0.125,197,0.614,3.7012,729.13,BB,15m,validation,0.325,271
10.0,0.167,197,0.584,3.8489,758.24,BB,15m,validation,0.325,271
10.0,0.25,197,0.523,3.0692,604.62,BB,15m,validation,0.325,271
10.0,0.5,197,0.411,2.2384,440.97,BB,15m,validation,0.325,271
10.0,1.0,197,0.35,0.6722,132.41,BB,15m,validation,0.325,271
10.0,2.0,197,0.264,-2.2756,-448.28,BB,15m,validation,0.325,271
10.0,5.0,197,0.203,-8.1292,-1601.46,BB,15m,validation,0.325,271
2.0,0.083,195,0.718,2.7351,533.35,BB,15m,validation,0.35,271
2.0,0.125,195,0.667,2.8834,562.26,BB,15m,validation,0.35,271
2.0,0.167,195,0.651,2.7434,534.97,BB,15m,validation,0.35,271
2.0,0.25,195,0.61,1.9782,385.74,BB,15m,validation,0.35,271
2.0,0.5,195,0.554,0.1912,37.29,BB,15m,validation,0.35,271
2.0,1.0,195,0.508,-1.8806,-366.72,BB,15m,validation,0.35,271
2.0,2.0,195,0.431,-4.7484,-925.94,BB,15m,validation,0.35,271
2.0,5.0,195,0.287,-10.3269,-2013.75,BB,15m,validation,0.35,271
3.0,0.083,195,0.697,3.1223,608.85,BB,15m,validation,0.35,271
3.0,0.125,195,0.636,3.5484,691.94,BB,15m,validation,0.35,271
3.0,0.167,195,0.61,3.526,687.58,BB,15m,validation,0.35,271
3.0,0.25,195,0.564,3.0514,595.02,BB,15m,validation,0.35,271
3.0,0.5,195,0.477,1.304,254.28,BB,15m,validation,0.35,271
3.0,1.0,195,0.462,-0.7005,-136.6,BB,15m,validation,0.35,271
3.0,2.0,195,0.441,-3.549,-692.05,BB,15m,validation,0.35,271
3.0,5.0,195,0.374,-9.1052,-1775.52,BB,15m,validation,0.35,271
4.0,0.083,195,0.692,3.0259,590.05,BB,15m,validation,0.35,271
4.0,0.125,195,0.615,3.5423,690.75,BB,15m,validation,0.35,271
4.0,0.167,195,0.59,3.6942,720.37,BB,15m,validation,0.35,271
4.0,0.25,195,0.544,3.3588,654.96,BB,15m,validation,0.35,271
4.0,0.5,195,0.446,1.8706,364.77,BB,15m,validation,0.35,271
4.0,1.0,195,0.415,-0.3603,-70.25,BB,15m,validation,0.35,271
4.0,2.0,195,0.374,-3.4963,-681.78,BB,15m,validation,0.35,271
4.0,5.0,195,0.354,-9.0818,-1770.95,BB,15m,validation,0.35,271
5.0,0.083,195,0.687,2.9948,583.98,BB,15m,validation,0.35,271
5.0,0.125,195,0.61,3.5386,690.02,BB,15m,validation,0.35,271
5.0,0.167,195,0.585,3.7426,729.82,BB,15m,validation,0.35,271
5.0,0.25,195,0.518,2.9334,572.01,BB,15m,validation,0.35,271
5.0,0.5,195,0.41,1.5517,302.58,BB,15m,validation,0.35,271
5.0,1.0,195,0.369,-0.6092,-118.79,BB,15m,validation,0.35,271
5.0,2.0,195,0.318,-3.5776,-697.62,BB,15m,validation,0.35,271
5.0,5.0,195,0.303,-9.3233,-1818.04,BB,15m,validation,0.35,271
7.0,0.083,195,0.687,3.0114,587.22,BB,15m,validation,0.35,271
7.0,0.125,195,0.61,3.5977,701.54,BB,15m,validation,0.35,271
7.0,0.167,195,0.585,3.7615,733.49,BB,15m,validation,0.35,271
7.0,0.25,195,0.513,2.8511,555.96,BB,15m,validation,0.35,271
7.0,0.5,195,0.395,1.6883,329.22,BB,15m,validation,0.35,271
7.0,1.0,195,0.333,-0.2204,-42.98,BB,15m,validation,0.35,271
7.0,2.0,195,0.267,-3.527,-687.77,BB,15m,validation,0.35,271
7.0,5.0,195,0.226,-9.8319,-1917.21,BB,15m,validation,0.35,271
10.0,0.083,195,0.687,3.0114,587.22,BB,15m,validation,0.35,271
10.0,0.125,195,0.61,3.5982,701.66,BB,15m,validation,0.35,271
10.0,0.167,195,0.585,3.765,734.18,BB,15m,validation,0.35,271
10.0,0.25,195,0.513,2.8823,562.05,BB,15m,validation,0.35,271
10.0,0.5,195,0.395,1.8015,351.29,BB,15m,validation,0.35,271
10.0,1.0,195,0.333,0.2147,41.87,BB,15m,validation,0.35,271
10.0,2.0,195,0.251,-2.5327,-493.88,BB,15m,validation,0.35,271
10.0,5.0,195,0.2,-8.3069,-1619.85,BB,15m,validation,0.35,271
2.0,0.083,194,0.732,2.9654,575.29,BB,15m,validation,0.375,271
2.0,0.125,194,0.66,2.7702,537.42,BB,15m,validation,0.375,271
2.0,0.167,194,0.639,2.568,498.19,BB,15m,validation,0.375,271
2.0,0.25,194,0.603,1.8385,356.67,BB,15m,validation,0.375,271
2.0,0.5,194,0.546,-0.033,-6.4,BB,15m,validation,0.375,271
2.0,1.0,194,0.5,-2.1365,-414.48,BB,15m,validation,0.375,271
2.0,2.0,194,0.418,-4.9883,-967.72,BB,15m,validation,0.375,271
2.0,5.0,194,0.263,-10.5569,-2048.03,BB,15m,validation,0.375,271
3.0,0.083,194,0.706,3.2764,635.62,BB,15m,validation,0.375,271
3.0,0.125,194,0.624,3.4332,666.05,BB,15m,validation,0.375,271
3.0,0.167,194,0.598,3.3831,656.32,BB,15m,validation,0.375,271
3.0,0.25,194,0.546,2.8464,552.2,BB,15m,validation,0.375,271
3.0,0.5,194,0.459,1.0175,197.39,BB,15m,validation,0.375,271
3.0,1.0,194,0.443,-1.041,-201.96,BB,15m,validation,0.375,271
3.0,2.0,194,0.423,-3.913,-759.12,BB,15m,validation,0.375,271
3.0,5.0,194,0.366,-9.487,-1840.48,BB,15m,validation,0.375,271
4.0,0.083,194,0.706,3.1882,618.51,BB,15m,validation,0.375,271
4.0,0.125,194,0.603,3.4242,664.29,BB,15m,validation,0.375,271
4.0,0.167,194,0.577,3.5527,689.23,BB,15m,validation,0.375,271
4.0,0.25,194,0.526,3.1373,608.63,BB,15m,validation,0.375,271
4.0,0.5,194,0.428,1.4396,279.28,BB,15m,validation,0.375,271
4.0,1.0,194,0.407,-0.6011,-116.61,BB,15m,validation,0.375,271
4.0,2.0,194,0.366,-3.6609,-710.22,BB,15m,validation,0.375,271
4.0,5.0,194,0.356,-9.2352,-1791.62,BB,15m,validation,0.375,271
5.0,0.083,194,0.701,3.1568,612.41,BB,15m,validation,0.375,271
5.0,0.125,194,0.598,3.4118,661.89,BB,15m,validation,0.375,271
5.0,0.167,194,0.572,3.5715,692.87,BB,15m,validation,0.375,271
5.0,0.25,194,0.505,2.6535,514.78,BB,15m,validation,0.375,271
5.0,0.5,194,0.392,1.0163,197.16,BB,15m,validation,0.375,271
5.0,1.0,194,0.356,-1.0815,-209.82,BB,15m,validation,0.375,271
5.0,2.0,194,0.309,-4.1101,-797.36,BB,15m,validation,0.375,271
5.0,5.0,194,0.294,-9.9076,-1922.07,BB,15m,validation,0.375,271
7.0,0.083,194,0.701,3.1742,615.79,BB,15m,validation,0.375,271
7.0,0.125,194,0.598,3.4773,674.6,BB,15m,validation,0.375,271
7.0,0.167,194,0.572,3.6053,699.42,BB,15m,validation,0.375,271
7.0,0.25,194,0.5,2.6255,509.34,BB,15m,validation,0.375,271
7.0,0.5,194,0.376,1.3017,252.54,BB,15m,validation,0.375,271
7.0,1.0,194,0.325,-0.3641,-70.63,BB,15m,validation,0.375,271
7.0,2.0,194,0.263,-3.7082,-719.38,BB,15m,validation,0.375,271
7.0,5.0,194,0.222,-10.0876,-1957.0,BB,15m,validation,0.375,271
10.0,0.083,194,0.701,3.1742,615.8,BB,15m,validation,0.375,271
10.0,0.125,194,0.598,3.478,674.72,BB,15m,validation,0.375,271
10.0,0.167,194,0.572,3.613,700.93,BB,15m,validation,0.375,271
10.0,0.25,194,0.5,2.6426,512.66,BB,15m,validation,0.375,271
10.0,0.5,194,0.376,1.3908,269.82,BB,15m,validation,0.375,271
10.0,1.0,194,0.32,0.0612,11.87,BB,15m,validation,0.375,271
10.0,2.0,194,0.247,-2.6963,-523.09,BB,15m,validation,0.375,271
10.0,5.0,194,0.196,-8.5028,-1649.54,BB,15m,validation,0.375,271
2.0,0.083,191,0.738,3.0077,574.48,BB,15m,validation,0.4,271
2.0,0.125,191,0.654,2.8807,550.21,BB,15m,validation,0.4,271
2.0,0.167,191,0.644,2.8341,541.31,BB,15m,validation,0.4,271
2.0,0.25,191,0.613,2.0796,397.2,BB,15m,validation,0.4,271
2.0,0.5,191,0.55,0.1322,25.25,BB,15m,validation,0.4,271
2.0,1.0,191,0.508,-2.0079,-383.51,BB,15m,validation,0.4,271
2.0,2.0,191,0.403,-4.8845,-932.93,BB,15m,validation,0.4,271
2.0,5.0,191,0.267,-10.4787,-2001.44,BB,15m,validation,0.4,271
3.0,0.083,191,0.707,3.185,608.34,BB,15m,validation,0.4,271
3.0,0.125,191,0.618,3.5618,680.3,BB,15m,validation,0.4,271
3.0,0.167,191,0.602,3.6469,696.56,BB,15m,validation,0.4,271
3.0,0.25,191,0.55,2.9326,560.13,BB,15m,validation,0.4,271
3.0,0.5,191,0.466,1.1006,210.22,BB,15m,validation,0.4,271
3.0,1.0,191,0.44,-0.8798,-168.05,BB,15m,validation,0.4,271
3.0,2.0,191,0.424,-3.7047,-707.6,BB,15m,validation,0.4,271
3.0,5.0,191,0.366,-9.2506,-1766.86,BB,15m,validation,0.4,271
4.0,0.083,191,0.707,3.2346,617.81,BB,15m,validation,0.4,271
4.0,0.125,191,0.602,3.71,708.6,BB,15m,validation,0.4,271
4.0,0.167,191,0.586,3.9033,745.52,BB,15m,validation,0.4,271
4.0,0.25,191,0.534,3.3795,645.49,BB,15m,validation,0.4,271
4.0,0.5,191,0.435,1.6841,321.66,BB,15m,validation,0.4,271
4.0,1.0,191,0.403,-0.381,-72.77,BB,15m,validation,0.4,271
4.0,2.0,191,0.366,-3.4706,-662.88,BB,15m,validation,0.4,271
4.0,5.0,191,0.351,-9.0948,-1737.11,BB,15m,validation,0.4,271
5.0,0.083,191,0.696,3.1114,594.28,BB,15m,validation,0.4,271
5.0,0.125,191,0.592,3.6045,688.46,BB,15m,validation,0.4,271
5.0,0.167,191,0.576,3.8492,735.2,BB,15m,validation,0.4,271
5.0,0.25,191,0.518,3.2927,628.91,BB,15m,validation,0.4,271
5.0,0.5,191,0.408,1.6736,319.67,BB,15m,validation,0.4,271
5.0,1.0,191,0.361,-0.4598,-87.82,BB,15m,validation,0.4,271
5.0,2.0,191,0.319,-3.5419,-676.5,BB,15m,validation,0.4,271
5.0,5.0,191,0.304,-9.396,-1794.63,BB,15m,validation,0.4,271
7.0,0.083,191,0.696,3.1318,598.16,BB,15m,validation,0.4,271
7.0,0.125,191,0.592,3.6785,702.59,BB,15m,validation,0.4,271
7.0,0.167,191,0.576,3.8842,741.89,BB,15m,validation,0.4,271
7.0,0.25,191,0.508,2.9691,567.1,BB,15m,validation,0.4,271
7.0,0.5,191,0.382,1.6315,311.61,BB,15m,validation,0.4,271
7.0,1.0,191,0.314,-0.1835,-35.05,BB,15m,validation,0.4,271
7.0,2.0,191,0.262,-3.1734,-606.12,BB,15m,validation,0.4,271
7.0,5.0,191,0.23,-9.3581,-1787.39,BB,15m,validation,0.4,271
10.0,0.083,191,0.696,3.1318,598.16,BB,15m,validation,0.4,271
10.0,0.125,191,0.592,3.6787,702.63,BB,15m,validation,0.4,271
10.0,0.167,191,0.576,3.8889,742.78,BB,15m,validation,0.4,271
10.0,0.25,191,0.508,3.0203,576.87,BB,15m,validation,0.4,271
10.0,0.5,191,0.382,1.7373,331.83,BB,15m,validation,0.4,271
10.0,1.0,191,0.309,0.3821,72.98,BB,15m,validation,0.4,271
10.0,2.0,191,0.246,-2.5474,-486.54,BB,15m,validation,0.4,271
10.0,5.0,191,0.194,-8.5942,-1641.49,BB,15m,validation,0.4,271
2.0,0.083,191,0.738,2.8663,547.45,BB,15m,validation,0.425,271
2.0,0.125,191,0.66,2.8595,546.16,BB,15m,validation,0.425,271
2.0,0.167,191,0.634,2.5515,487.33,BB,15m,validation,0.425,271
2.0,0.25,191,0.607,1.794,342.64,BB,15m,validation,0.425,271
2.0,0.5,191,0.545,-0.0356,-6.79,BB,15m,validation,0.425,271
2.0,1.0,191,0.508,-2.1178,-404.5,BB,15m,validation,0.425,271
2.0,2.0,191,0.398,-4.9592,-947.21,BB,15m,validation,0.425,271
2.0,5.0,191,0.246,-10.5175,-2008.84,BB,15m,validation,0.425,271
3.0,0.083,191,0.702,3.0473,582.04,BB,15m,validation,0.425,271
3.0,0.125,191,0.623,3.4884,666.29,BB,15m,validation,0.425,271
3.0,0.167,191,0.586,3.2947,629.29,BB,15m,validation,0.425,271
3.0,0.25,191,0.539,2.6202,500.45,BB,15m,validation,0.425,271
3.0,0.5,191,0.466,0.7033,134.34,BB,15m,validation,0.425,271
3.0,1.0,191,0.429,-1.3259,-253.25,BB,15m,validation,0.425,271
3.0,2.0,191,0.419,-4.1696,-796.4,BB,15m,validation,0.425,271
3.0,5.0,191,0.34,-9.7199,-1856.5,BB,15m,validation,0.425,271
4.0,0.083,191,0.702,3.0953,591.19,BB,15m,validation,0.425,271
4.0,0.125,191,0.613,3.7364,713.65,BB,15m,validation,0.425,271
4.0,0.167,191,0.571,3.7135,709.27,BB,15m,validation,0.425,271
4.0,0.25,191,0.529,3.3926,647.99,BB,15m,validation,0.425,271
4.0,0.5,191,0.435,1.6825,321.36,BB,15m,validation,0.425,271
4.0,1.0,191,0.398,-0.4777,-91.23,BB,15m,validation,0.425,271
4.0,2.0,191,0.372,-3.3747,-644.56,BB,15m,validation,0.425,271
4.0,5.0,191,0.356,-8.9416,-1707.84,BB,15m,validation,0.425,271
5.0,0.083,191,0.691,2.9658,566.47,BB,15m,validation,0.425,271
5.0,0.125,191,0.602,3.6048,688.51,BB,15m,validation,0.425,271
5.0,0.167,191,0.56,3.6169,690.83,BB,15m,validation,0.425,271
5.0,0.25,191,0.508,3.1313,598.07,BB,15m,validation,0.425,271
5.0,0.5,191,0.403,1.4999,286.47,BB,15m,validation,0.425,271
5.0,1.0,191,0.351,-0.6468,-123.55,BB,15m,validation,0.425,271
5.0,2.0,191,0.309,-3.7167,-709.88,BB,15m,validation,0.425,271
5.0,5.0,191,0.293,-9.5362,-1821.41,BB,15m,validation,0.425,271
7.0,0.083,191,0.691,2.9861,570.34,BB,15m,validation,0.425,271
7.0,0.125,191,0.602,3.6814,703.14,BB,15m,validation,0.425,271
7.0,0.167,191,0.56,3.712,708.98,BB,15m,validation,0.425,271
7.0,0.25,191,0.497,2.9005,554.0,BB,15m,validation,0.425,271
7.0,0.5,191,0.382,1.5156,289.47,BB,15m,validation,0.425,271
7.0,1.0,191,0.309,-0.3836,-73.27,BB,15m,validation,0.425,271
7.0,2.0,191,0.257,-3.4541,-659.74,BB,15m,validation,0.425,271
7.0,5.0,191,0.225,-9.7165,-1855.85,BB,15m,validation,0.425,271
10.0,0.083,191,0.691,2.9861,570.34,BB,15m,validation,0.425,271
10.0,0.125,191,0.602,3.6816,703.18,BB,15m,validation,0.425,271
10.0,0.167,191,0.56,3.7158,709.73,BB,15m,validation,0.425,271
10.0,0.25,191,0.497,2.9461,562.7,BB,15m,validation,0.425,271
10.0,0.5,191,0.382,1.6417,313.56,BB,15m,validation,0.425,271
10.0,1.0,191,0.304,0.2761,52.74,BB,15m,validation,0.425,271
10.0,2.0,191,0.241,-2.7082,-517.27,BB,15m,validation,0.425,271
10.0,5.0,191,0.188,-8.6803,-1657.94,BB,15m,validation,0.425,271
2.0,0.083,190,0.732,2.5519,484.87,BB,15m,validation,0.45,271
2.0,0.125,190,0.663,2.6767,508.58,BB,15m,validation,0.45,271
2.0,0.167,190,0.637,2.3338,443.42,BB,15m,validation,0.45,271
2.0,0.25,190,0.605,1.5984,303.69,BB,15m,validation,0.45,271
2.0,0.5,190,0.553,-0.2296,-43.63,BB,15m,validation,0.45,271
2.0,1.0,190,0.505,-2.2795,-433.1,BB,15m,validation,0.45,271
2.0,2.0,190,0.395,-5.085,-966.14,BB,15m,validation,0.45,271
2.0,5.0,190,0.237,-10.5844,-2011.03,BB,15m,validation,0.45,271
3.0,0.083,190,0.695,2.6355,500.75,BB,15m,validation,0.45,271
3.0,0.125,190,0.616,3.1407,596.73,BB,15m,validation,0.45,271
3.0,0.167,190,0.584,3.074,584.05,BB,15m,validation,0.45,271
3.0,0.25,190,0.537,2.454,466.25,BB,15m,validation,0.45,271
3.0,0.5,190,0.463,0.4627,87.91,BB,15m,validation,0.45,271
3.0,1.0,190,0.432,-1.5903,-302.16,BB,15m,validation,0.45,271
3.0,2.0,190,0.421,-4.4218,-840.14,BB,15m,validation,0.45,271
3.0,5.0,190,0.321,-9.9309,-1886.88,BB,15m,validation,0.45,271
4.0,0.083,190,0.7,2.7494,522.38,BB,15m,validation,0.45,271
4.0,0.125,190,0.605,3.468,658.93,BB,15m,validation,0.45,271
4.0,0.167,190,0.568,3.58,680.2,BB,15m,validation,0.45,271
4.0,0.25,190,0.526,3.3117,629.22,BB,15m,validation,0.45,271
4.0,0.5,190,0.432,1.6004,304.09,BB,15m,validation,0.45,271
4.0,1.0,190,0.4,-0.5571,-105.85,BB,15m,validation,0.45,271
4.0,2.0,190,0.374,-3.421,-649.98,BB,15m,validation,0.45,271
4.0,5.0,190,0.358,-8.9224,-1695.25,BB,15m,validation,0.45,271
5.0,0.083,190,0.684,2.5699,488.29,BB,15m,validation,0.45,271
5.0,0.125,190,0.589,3.2705,621.39,BB,15m,validation,0.45,271
5.0,0.167,190,0.553,3.4058,647.11,BB,15m,validation,0.45,271
5.0,0.25,190,0.5,2.9465,559.83,BB,15m,validation,0.45,271
5.0,0.5,190,0.4,1.1964,227.32,BB,15m,validation,0.45,271
5.0,1.0,190,0.347,-0.8302,-157.74,BB,15m,validation,0.45,271
5.0,2.0,190,0.305,-3.9039,-741.74,BB,15m,validation,0.45,271
5.0,5.0,190,0.289,-9.4127,-1788.4,BB,15m,validation,0.45,271
7.0,0.083,190,0.684,2.5899,492.08,BB,15m,validation,0.45,271
7.0,0.125,190,0.589,3.3448,635.52,BB,15m,validation,0.45,271
7.0,0.167,190,0.553,3.4981,664.63,BB,15m,validation,0.45,271
7.0,0.25,190,0.489,2.7305,518.8,BB,15m,validation,0.45,271
7.0,0.5,190,0.379,1.2572,238.87,BB,15m,validation,0.45,271
7.0,1.0,190,0.305,-0.8383,-159.28,BB,15m,validation,0.45,271
7.0,2.0,190,0.253,-3.8212,-726.03,BB,15m,validation,0.45,271
7.0,5.0,190,0.232,-9.5013,-1805.25,BB,15m,validation,0.45,271
10.0,0.083,190,0.684,2.5899,492.08,BB,15m,validation,0.45,271
10.0,0.125,190,0.589,3.345,635.56,BB,15m,validation,0.45,271
10.0,0.167,190,0.553,3.5021,665.39,BB,15m,validation,0.45,271
10.0,0.25,190,0.489,2.775,527.25,BB,15m,validation,0.45,271
10.0,0.5,190,0.379,1.4122,268.31,BB,15m,validation,0.45,271
10.0,1.0,190,0.3,-0.0523,-9.95,BB,15m,validation,0.45,271
10.0,2.0,190,0.237,-3.2893,-624.97,BB,15m,validation,0.45,271
10.0,5.0,190,0.179,-9.2744,-1762.14,BB,15m,validation,0.45,271
2.0,0.083,189,0.73,2.5458,481.16,BB,15m,validation,0.475,271
2.0,0.125,189,0.677,2.6681,504.28,BB,15m,validation,0.475,271
2.0,0.167,189,0.64,2.2598,427.11,BB,15m,validation,0.475,271
2.0,0.25,189,0.603,1.4258,269.48,BB,15m,validation,0.475,271
2.0,0.5,189,0.566,-0.2653,-50.14,BB,15m,validation,0.475,271
2.0,1.0,189,0.508,-2.3212,-438.71,BB,15m,validation,0.475,271
2.0,2.0,189,0.386,-5.13,-969.57,BB,15m,validation,0.475,271
2.0,5.0,189,0.222,-10.6377,-2010.53,BB,15m,validation,0.475,271
3.0,0.083,189,0.698,2.7899,527.29,BB,15m,validation,0.475,271
3.0,0.125,189,0.64,3.3488,632.93,BB,15m,validation,0.475,271
3.0,0.167,189,0.598,3.2501,614.26,BB,15m,validation,0.475,271
3.0,0.25,189,0.55,2.5827,488.13,BB,15m,validation,0.475,271
3.0,0.5,189,0.487,0.7565,142.98,BB,15m,validation,0.475,271
3.0,1.0,189,0.455,-1.3068,-246.98,BB,15m,validation,0.475,271
3.0,2.0,189,0.439,-4.1076,-776.34,BB,15m,validation,0.475,271
3.0,5.0,189,0.344,-9.5981,-1814.03,BB,15m,validation,0.475,271
4.0,0.083,189,0.693,2.8368,536.15,BB,15m,validation,0.475,271
4.0,0.125,189,0.619,3.5984,680.1,BB,15m,validation,0.475,271
4.0,0.167,189,0.571,3.6687,693.39,BB,15m,validation,0.475,271
4.0,0.25,189,0.529,3.3003,623.75,BB,15m,validation,0.475,271
4.0,0.5,189,0.439,1.692,319.79,BB,15m,validation,0.475,271
4.0,1.0,189,0.407,-0.3834,-72.46,BB,15m,validation,0.475,271
4.0,2.0,189,0.386,-3.1834,-601.67,BB,15m,validation,0.475,271
4.0,5.0,189,0.365,-8.6546,-1635.72,BB,15m,validation,0.475,271
5.0,0.083,189,0.683,2.7073,511.69,BB,15m,validation,0.475,271
5.0,0.125,189,0.608,3.48,657.72,BB,15m,validation,0.475,271
5.0,0.167,189,0.561,3.5933,679.14,BB,15m,validation,0.475,271
5.0,0.25,189,0.508,3.0511,576.66,BB,15m,validation,0.475,271
5.0,0.5,189,0.413,1.6056,303.46,BB,15m,validation,0.475,271
5.0,1.0,189,0.365,-0.4428,-83.69,BB,15m,validation,0.475,271
5.0,2.0,189,0.323,-3.5459,-670.18,BB,15m,validation,0.475,271
5.0,5.0,189,0.302,-9.0509,-1710.62,BB,15m,validation,0.475,271
7.0,0.083,189,0.677,2.6883,508.09,BB,15m,validation,0.475,271
7.0,0.125,189,0.603,3.5177,664.84,BB,15m,validation,0.475,271
7.0,0.167,189,0.556,3.6561,691.0,BB,15m,validation,0.475,271
7.0,0.25,189,0.492,2.7976,528.75,BB,15m,validation,0.475,271
7.0,0.5,189,0.386,1.4583,275.61,BB,15m,validation,0.475,271
7.0,1.0,189,0.307,-0.6805,-128.62,BB,15m,validation,0.475,271
7.0,2.0,189,0.254,-3.7256,-704.13,BB,15m,validation,0.475,271
7.0,5.0,189,0.233,-9.4357,-1783.35,BB,15m,validation,0.475,271
10.0,0.083,189,0.677,2.6883,508.09,BB,15m,validation,0.475,271
10.0,0.125,189,0.603,3.518,664.91,BB,15m,validation,0.475,271
10.0,0.167,189,0.556,3.6619,692.09,BB,15m,validation,0.475,271
10.0,0.25,189,0.492,2.8519,539.02,BB,15m,validation,0.475,271
10.0,0.5,189,0.386,1.6615,314.02,BB,15m,validation,0.475,271
10.0,1.0,189,0.302,0.1576,29.78,BB,15m,validation,0.475,271
10.0,2.0,189,0.238,-2.9028,-548.63,BB,15m,validation,0.475,271
10.0,5.0,189,0.19,-8.8153,-1666.1,BB,15m,validation,0.475,271
2.0,0.083,190,0.721,2.5154,477.93,BB,15m,validation,0.5,271
2.0,0.125,190,0.679,2.6271,499.15,BB,15m,validation,0.5,271
2.0,0.167,190,0.642,2.1273,404.18,BB,15m,validation,0.5,271
2.0,0.25,190,0.6,1.2408,235.74,BB,15m,validation,0.5,271
2.0,0.5,190,0.563,-0.5144,-97.75,BB,15m,validation,0.5,271
2.0,1.0,190,0.5,-2.6004,-494.08,BB,15m,validation,0.5,271
2.0,2.0,190,0.353,-5.4359,-1032.82,BB,15m,validation,0.5,271
2.0,5.0,190,0.195,-10.9818,-2086.55,BB,15m,validation,0.5,271
3.0,0.083,190,0.689,2.7838,528.92,BB,15m,validation,0.5,271
3.0,0.125,190,0.637,3.2845,624.05,BB,15m,validation,0.5,271
3.0,0.167,190,0.595,3.0939,587.84,BB,15m,validation,0.5,271
3.0,0.25,190,0.547,2.5342,481.51,BB,15m,validation,0.5,271
3.0,0.5,190,0.5,0.7134,135.55,BB,15m,validation,0.5,271
3.0,1.0,190,0.447,-1.3654,-259.43,BB,15m,validation,0.5,271
3.0,2.0,190,0.432,-4.1979,-797.6,BB,15m,validation,0.5,271
3.0,5.0,190,0.337,-9.7352,-1849.69,BB,15m,validation,0.5,271
4.0,0.083,190,0.689,2.8438,540.32,BB,15m,validation,0.5,271
4.0,0.125,190,0.611,3.5508,674.65,BB,15m,validation,0.5,271
4.0,0.167,190,0.563,3.5211,669.01,BB,15m,validation,0.5,271
4.0,0.25,190,0.516,3.1023,589.43,BB,15m,validation,0.5,271
4.0,0.5,190,0.442,1.4138,268.62,BB,15m,validation,0.5,271
4.0,1.0,190,0.395,-0.7246,-137.67,BB,15m,validation,0.5,271
4.0,2.0,190,0.374,-3.5649,-677.33,BB,15m,validation,0.5,271
4.0,5.0,190,0.353,-9.0862,-1726.37,BB,15m,validation,0.5,271
5.0,0.083,190,0.679,2.705,513.96,BB,15m,validation,0.5,271
5.0,0.125,190,0.6,3.4246,650.68,BB,15m,validation,0.5,271
5.0,0.167,190,0.553,3.4285,651.41,BB,15m,validation,0.5,271
5.0,0.25,190,0.495,2.8631,543.98,BB,15m,validation,0.5,271
5.0,0.5,190,0.416,1.3002,247.03,BB,15m,validation,0.5,271
5.0,1.0,190,0.363,-0.6591,-125.23,BB,15m,validation,0.5,271
5.0,2.0,190,0.326,-3.7641,-715.18,BB,15m,validation,0.5,271
5.0,5.0,190,0.305,-9.2883,-1764.78,BB,15m,validation,0.5,271
7.0,0.083,190,0.674,2.6978,512.59,BB,15m,validation,0.5,271
7.0,0.125,190,0.595,3.4779,660.79,BB,15m,validation,0.5,271
7.0,0.167,190,0.547,3.5141,667.69,BB,15m,validation,0.5,271
7.0,0.25,190,0.479,2.7384,520.3,BB,15m,validation,0.5,271
7.0,0.5,190,0.395,1.3886,263.83,BB,15m,validation,0.5,271
7.0,1.0,190,0.305,-0.7338,-139.43,BB,15m,validation,0.5,271
7.0,2.0,190,0.258,-3.7101,-704.91,BB,15m,validation,0.5,271
7.0,5.0,190,0.242,-9.4077,-1787.47,BB,15m,validation,0.5,271
10.0,0.083,190,0.674,2.6979,512.61,BB,15m,validation,0.5,271
10.0,0.125,190,0.595,3.4812,661.42,BB,15m,validation,0.5,271
10.0,0.167,190,0.547,3.5312,670.93,BB,15m,validation,0.5,271
10.0,0.25,190,0.479,2.6686,507.03,BB,15m,validation,0.5,271
10.0,0.5,190,0.389,1.3317,253.02,BB,15m,validation,0.5,271
10.0,1.0,190,0.284,-0.1729,-32.85,BB,15m,validation,0.5,271
10.0,2.0,190,0.232,-3.2688,-621.07,BB,15m,validation,0.5,271
10.0,5.0,190,0.189,-9.2618,-1759.75,BB,15m,validation,0.5,271
2.0,0.083,189,0.714,2.4747,467.73,BB,15m,validation,0.525,271
2.0,0.125,189,0.693,2.7504,519.83,BB,15m,validation,0.525,271
2.0,0.167,189,0.646,2.344,443.01,BB,15m,validation,0.525,271
2.0,0.25,189,0.614,1.4596,275.87,BB,15m,validation,0.525,271
2.0,0.5,189,0.571,-0.1801,-34.05,BB,15m,validation,0.525,271
2.0,1.0,189,0.508,-2.2069,-417.09,BB,15m,validation,0.525,271
2.0,2.0,189,0.381,-5.0,-944.99,BB,15m,validation,0.525,271
2.0,5.0,189,0.201,-10.4982,-1984.16,BB,15m,validation,0.525,271
3.0,0.083,189,0.693,2.848,538.28,BB,15m,validation,0.525,271
3.0,0.125,189,0.656,3.3063,624.88,BB,15m,validation,0.525,271
3.0,0.167,189,0.603,3.213,607.26,BB,15m,validation,0.525,271
3.0,0.25,189,0.556,2.6277,496.64,BB,15m,validation,0.525,271
3.0,0.5,189,0.508,0.775,146.47,BB,15m,validation,0.525,271
3.0,1.0,189,0.45,-1.3173,-248.98,BB,15m,validation,0.525,271
3.0,2.0,189,0.434,-4.1446,-783.33,BB,15m,validation,0.525,271
3.0,5.0,189,0.339,-9.6583,-1825.41,BB,15m,validation,0.525,271
4.0,0.083,189,0.688,2.9845,564.07,BB,15m,validation,0.525,271
4.0,0.125,189,0.635,3.6419,688.32,BB,15m,validation,0.525,271
4.0,0.167,189,0.577,3.6772,694.99,BB,15m,validation,0.525,271
4.0,0.25,189,0.529,3.2012,605.03,BB,15m,validation,0.525,271
4.0,0.5,189,0.466,1.6322,308.48,BB,15m,validation,0.525,271
4.0,1.0,189,0.413,-0.2682,-50.69,BB,15m,validation,0.525,271
4.0,2.0,189,0.402,-3.011,-569.07,BB,15m,validation,0.525,271
4.0,5.0,189,0.365,-8.4408,-1595.32,BB,15m,validation,0.525,271
5.0,0.083,189,0.683,2.9205,551.98,BB,15m,validation,0.525,271
5.0,0.125,189,0.624,3.6645,692.6,BB,15m,validation,0.525,271
5.0,0.167,189,0.566,3.8173,721.48,BB,15m,validation,0.525,271
5.0,0.25,189,0.513,3.4151,645.46,BB,15m,validation,0.525,271
5.0,0.5,189,0.439,1.9053,360.1,BB,15m,validation,0.525,271
5.0,1.0,189,0.381,-0.0058,-1.1,BB,15m,validation,0.525,271
5.0,2.0,189,0.344,-3.0921,-584.4,BB,15m,validation,0.525,271
5.0,5.0,189,0.323,-8.6054,-1626.41,BB,15m,validation,0.525,271
7.0,0.083,189,0.677,2.8978,547.69,BB,15m,validation,0.525,271
7.0,0.125,189,0.619,3.6869,696.83,BB,15m,validation,0.525,271
7.0,0.167,189,0.561,3.8721,731.83,BB,15m,validation,0.525,271
7.0,0.25,189,0.497,3.1494,595.25,BB,15m,validation,0.525,271
7.0,0.5,189,0.407,1.8444,348.58,BB,15m,validation,0.525,271
7.0,1.0,189,0.317,-0.2892,-54.66,BB,15m,validation,0.525,271
7.0,2.0,189,0.265,-3.1136,-588.47,BB,15m,validation,0.525,271
7.0,5.0,189,0.254,-8.6788,-1640.29,BB,15m,validation,0.525,271
10.0,0.083,189,0.677,2.8979,547.71,BB,15m,validation,0.525,271
10.0,0.125,189,0.619,3.6902,697.44,BB,15m,validation,0.525,271
10.0,0.167,189,0.561,3.889,735.02,BB,15m,validation,0.525,271
10.0,0.25,189,0.497,3.0846,582.99,BB,15m,validation,0.525,271
10.0,0.5,189,0.402,1.8076,341.63,BB,15m,validation,0.525,271
10.0,1.0,189,0.302,0.3651,69.01,BB,15m,validation,0.525,271
10.0,2.0,189,0.238,-2.6791,-506.35,BB,15m,validation,0.525,271
10.0,5.0,189,0.196,-8.5952,-1624.5,BB,15m,validation,0.525,271
2.0,0.083,191,0.702,2.1415,409.03,BB,15m,validation,0.55,271
2.0,0.125,191,0.681,2.2839,436.23,BB,15m,validation,0.55,271
2.0,0.167,191,0.644,1.9136,365.49,BB,15m,validation,0.55,271
2.0,0.25,191,0.607,1.0601,202.48,BB,15m,validation,0.55,271
2.0,0.5,191,0.571,-0.4298,-82.09,BB,15m,validation,0.55,271
2.0,1.0,191,0.503,-2.452,-468.33,BB,15m,validation,0.55,271
2.0,2.0,191,0.366,-5.2513,-1002.99,BB,15m,validation,0.55,271
2.0,5.0,191,0.173,-10.7681,-2056.71,BB,15m,validation,0.55,271
3.0,0.083,191,0.686,2.6216,500.73,BB,15m,validation,0.55,271
3.0,0.125,191,0.644,3.0041,573.78,BB,15m,validation,0.55,271
3.0,0.167,191,0.597,2.8493,544.21,BB,15m,validation,0.55,271
3.0,0.25,191,0.534,2.0734,396.02,BB,15m,validation,0.55,271
3.0,0.5,191,0.492,0.2087,39.87,BB,15m,validation,0.55,271
3.0,1.0,191,0.435,-1.9118,-365.15,BB,15m,validation,0.55,271
3.0,2.0,191,0.414,-4.7616,-909.46,BB,15m,validation,0.55,271
3.0,5.0,191,0.309,-10.3044,-1968.15,BB,15m,validation,0.55,271
4.0,0.083,191,0.675,2.7701,529.09,BB,15m,validation,0.55,271
4.0,0.125,191,0.623,3.3581,641.4,BB,15m,validation,0.55,271
4.0,0.167,191,0.571,3.314,632.97,BB,15m,validation,0.55,271
4.0,0.25,191,0.508,2.6262,501.61,BB,15m,validation,0.55,271
4.0,0.5,191,0.45,1.036,197.88,BB,15m,validation,0.55,271
4.0,1.0,191,0.398,-0.9177,-175.28,BB,15m,validation,0.55,271
4.0,2.0,191,0.393,-3.6675,-700.48,BB,15m,validation,0.55,271
4.0,5.0,191,0.34,-9.1213,-1742.16,BB,15m,validation,0.55,271
5.0,0.083,191,0.665,2.7006,515.82,BB,15m,validation,0.55,271
5.0,0.125,191,0.607,3.3832,646.18,BB,15m,validation,0.55,271
5.0,0.167,191,0.555,3.4814,664.95,BB,15m,validation,0.55,271
5.0,0.25,191,0.487,2.8852,551.08,BB,15m,validation,0.55,271
5.0,0.5,191,0.419,1.3785,263.29,BB,15m,validation,0.55,271
5.0,1.0,191,0.361,-0.6983,-133.38,BB,15m,validation,0.55,271
5.0,2.0,191,0.335,-3.6388,-695.02,BB,15m,validation,0.55,271
5.0,5.0,191,0.314,-9.153,-1748.22,BB,15m,validation,0.55,271
7.0,0.083,191,0.66,2.6748,510.89,BB,15m,validation,0.55,271
7.0,0.125,191,0.602,3.3964,648.71,BB,15m,validation,0.55,271
7.0,0.167,191,0.55,3.5242,673.12,BB,15m,validation,0.55,271
7.0,0.25,191,0.471,2.6003,496.66,BB,15m,validation,0.55,271
7.0,0.5,191,0.387,1.2415,237.12,BB,15m,validation,0.55,271
7.0,1.0,191,0.298,-1.026,-195.97,BB,15m,validation,0.55,271
7.0,2.0,191,0.246,-3.9865,-761.43,BB,15m,validation,0.55,271
7.0,5.0,191,0.236,-9.6406,-1841.35,BB,15m,validation,0.55,271
10.0,0.083,191,0.66,2.6796,511.81,BB,15m,validation,0.55,271
10.0,0.125,191,0.602,3.4114,651.58,BB,15m,validation,0.55,271
10.0,0.167,191,0.55,3.5603,680.01,BB,15m,validation,0.55,271
10.0,0.25,191,0.471,2.5807,492.91,BB,15m,validation,0.55,271
10.0,0.5,191,0.382,1.3125,250.69,BB,15m,validation,0.55,271
10.0,1.0,191,0.283,-0.3499,-66.82,BB,15m,validation,0.55,271
10.0,2.0,191,0.225,-3.4616,-661.16,BB,15m,validation,0.55,271
10.0,5.0,191,0.194,-9.4899,-1812.57,BB,15m,validation,0.55,271
2.0,0.083,191,0.723,2.6324,502.8,BB,15m,validation,0.575,271
2.0,0.125,191,0.696,2.6807,512.02,BB,15m,validation,0.575,271
2.0,0.167,191,0.649,2.221,424.22,BB,15m,validation,0.575,271
2.0,0.25,191,0.618,1.4181,270.85,BB,15m,validation,0.575,271
2.0,0.5,191,0.586,-0.1376,-26.29,BB,15m,validation,0.575,271
2.0,1.0,191,0.513,-2.1736,-415.16,BB,15m,validation,0.575,271
2.0,2.0,191,0.366,-4.9711,-949.48,BB,15m,validation,0.575,271
2.0,5.0,191,0.173,-10.4819,-2002.04,BB,15m,validation,0.575,271
3.0,0.083,191,0.691,2.6522,506.57,BB,15m,validation,0.575,271
3.0,0.125,191,0.644,2.8703,548.23,BB,15m,validation,0.575,271
3.0,0.167,191,0.586,2.6591,507.89,BB,15m,validation,0.575,271
3.0,0.25,191,0.545,1.978,377.81,BB,15m,validation,0.575,271
3.0,0.5,191,0.503,0.1771,33.83,BB,15m,validation,0.575,271
3.0,1.0,191,0.44,-1.9225,-367.2,BB,15m,validation,0.575,271
3.0,2.0,191,0.414,-4.7563,-908.45,BB,15m,validation,0.575,271
3.0,5.0,191,0.304,-10.2836,-1964.16,BB,15m,validation,0.575,271
4.0,0.083,191,0.681,2.7965,534.14,BB,15m,validation,0.575,271
4.0,0.125,191,0.618,3.2378,618.42,BB,15m,validation,0.575,271
4.0,0.167,191,0.565,3.2074,612.61,BB,15m,validation,0.575,271
4.0,0.25,191,0.508,2.5131,480.01,BB,15m,validation,0.575,271
4.0,0.5,191,0.455,0.9005,171.99,BB,15m,validation,0.575,271
4.0,1.0,191,0.403,-1.1224,-214.37,BB,15m,validation,0.575,271
4.0,2.0,191,0.398,-3.9107,-746.95,BB,15m,validation,0.575,271
4.0,5.0,191,0.346,-9.3925,-1793.97,BB,15m,validation,0.575,271
5.0,0.083,191,0.67,2.7496,525.17,BB,15m,validation,0.575,271
5.0,0.125,191,0.602,3.2541,621.53,BB,15m,validation,0.575,271
5.0,0.167,191,0.545,3.298,629.92,BB,15m,validation,0.575,271
5.0,0.25,191,0.487,2.8055,535.85,BB,15m,validation,0.575,271
5.0,0.5,191,0.419,1.1415,218.02,BB,15m,validation,0.575,271
5.0,1.0,191,0.361,-0.8612,-164.48,BB,15m,validation,0.575,271
5.0,2.0,191,0.34,-3.6773,-702.36,BB,15m,validation,0.575,271
5.0,5.0,191,0.319,-9.1544,-1748.5,BB,15m,validation,0.575,271
7.0,0.083,191,0.66,2.6403,504.3,BB,15m,validation,0.575,271
7.0,0.125,191,0.592,3.1775,606.9,BB,15m,validation,0.575,271
7.0,0.167,191,0.534,3.2788,626.25,BB,15m,validation,0.575,271
7.0,0.25,191,0.466,2.3464,448.17,BB,15m,validation,0.575,271
7.0,0.5,191,0.382,0.7556,144.32,BB,15m,validation,0.575,271
7.0,1.0,191,0.288,-1.2139,-231.86,BB,15m,validation,0.575,271
7.0,2.0,191,0.246,-4.1347,-789.72,BB,15m,validation,0.575,271
7.0,5.0,191,0.236,-9.7685,-1865.78,BB,15m,validation,0.575,271
10.0,0.083,191,0.66,2.648,505.76,BB,15m,validation,0.575,271
10.0,0.125,191,0.592,3.2017,611.52,BB,15m,validation,0.575,271
10.0,0.167,191,0.534,3.2957,629.48,BB,15m,validation,0.575,271
10.0,0.25,191,0.461,2.3017,439.62,BB,15m,validation,0.575,271
10.0,0.5,191,0.372,0.8162,155.89,BB,15m,validation,0.575,271
10.0,1.0,191,0.262,-0.7655,-146.2,BB,15m,validation,0.575,271
10.0,2.0,191,0.215,-3.8753,-740.18,BB,15m,validation,0.575,271
10.0,5.0,191,0.183,-9.9434,-1899.2,BB,15m,validation,0.575,271
2.0,0.083,191,0.723,2.8664,547.49,BB,15m,validation,0.6,271
2.0,0.125,191,0.691,2.7163,518.82,BB,15m,validation,0.6,271
2.0,0.167,191,0.665,2.2922,437.8,BB,15m,validation,0.6,271
2.0,0.25,191,0.618,1.4926,285.08,BB,15m,validation,0.6,271
2.0,0.5,191,0.581,-0.065,-12.41,BB,15m,validation,0.6,271
2.0,1.0,191,0.524,-2.0959,-400.32,BB,15m,validation,0.6,271
2.0,2.0,191,0.34,-4.889,-933.79,BB,15m,validation,0.6,271
2.0,5.0,191,0.162,-10.3961,-1985.65,BB,15m,validation,0.6,271
3.0,0.083,191,0.686,2.8535,545.01,BB,15m,validation,0.6,271
3.0,0.125,191,0.639,2.7522,525.67,BB,15m,validation,0.6,271
3.0,0.167,191,0.592,2.4912,475.81,BB,15m,validation,0.6,271
3.0,0.25,191,0.534,1.7598,336.12,BB,15m,validation,0.6,271
3.0,0.5,191,0.492,0.085,16.24,BB,15m,validation,0.6,271
3.0,1.0,191,0.445,-1.9816,-378.48,BB,15m,validation,0.6,271
3.0,2.0,191,0.424,-4.8029,-917.35,BB,15m,validation,0.6,271
3.0,5.0,191,0.298,-10.324,-1971.89,BB,15m,validation,0.6,271
4.0,0.083,191,0.681,3.0412,580.87,BB,15m,validation,0.6,271
4.0,0.125,191,0.607,3.0221,577.21,BB,15m,validation,0.6,271
4.0,0.167,191,0.565,2.9381,561.17,BB,15m,validation,0.6,271
4.0,0.25,191,0.492,2.1713,414.72,BB,15m,validation,0.6,271
4.0,0.5,191,0.44,0.5123,97.84,BB,15m,validation,0.6,271
4.0,1.0,191,0.393,-1.5523,-296.49,BB,15m,validation,0.6,271
4.0,2.0,191,0.387,-4.3714,-834.94,BB,15m,validation,0.6,271
4.0,5.0,191,0.335,-9.8834,-1887.73,BB,15m,validation,0.6,271
5.0,0.083,191,0.681,3.0963,591.4,BB,15m,validation,0.6,271
5.0,0.125,191,0.602,3.181,607.57,BB,15m,validation,0.6,271
5.0,0.167,191,0.555,3.1987,610.96,BB,15m,validation,0.6,271
5.0,0.25,191,0.482,2.6774,511.38,BB,15m,validation,0.6,271
5.0,0.5,191,0.419,1.0249,195.75,BB,15m,validation,0.6,271
5.0,1.0,191,0.361,-0.878,-167.7,BB,15m,validation,0.6,271
5.0,2.0,191,0.346,-3.6419,-695.6,BB,15m,validation,0.6,271
5.0,5.0,191,0.325,-9.0939,-1736.94,BB,15m,validation,0.6,271
7.0,0.083,191,0.66,2.8862,551.26,BB,15m,validation,0.6,271
7.0,0.125,191,0.581,2.9899,571.07,BB,15m,validation,0.6,271
7.0,0.167,191,0.534,3.0548,583.47,BB,15m,validation,0.6,271
7.0,0.25,191,0.45,2.0581,393.1,BB,15m,validation,0.6,271
7.0,0.5,191,0.372,0.4539,86.7,BB,15m,validation,0.6,271
7.0,1.0,191,0.277,-1.5413,-294.38,BB,15m,validation,0.6,271
7.0,2.0,191,0.251,-4.5321,-865.63,BB,15m,validation,0.6,271
7.0,5.0,191,0.236,-10.2399,-1955.82,BB,15m,validation,0.6,271
10.0,0.083,191,0.66,2.8944,552.82,BB,15m,validation,0.6,271
10.0,0.125,191,0.581,3.0203,576.87,BB,15m,validation,0.6,271
10.0,0.167,191,0.534,3.0894,590.07,BB,15m,validation,0.6,271
10.0,0.25,191,0.445,2.0628,394.0,BB,15m,validation,0.6,271
10.0,0.5,191,0.361,0.6193,118.28,BB,15m,validation,0.6,271
10.0,1.0,191,0.251,-1.039,-198.45,BB,15m,validation,0.6,271
10.0,2.0,191,0.215,-4.1943,-801.12,BB,15m,validation,0.6,271
10.0,5.0,191,0.178,-10.3599,-1978.75,BB,15m,validation,0.6,271
2.0,0.083,189,0.735,2.9714,561.59,BB,15m,validation,0.625,271
2.0,0.125,189,0.693,2.7575,521.17,BB,15m,validation,0.625,271
2.0,0.167,189,0.656,2.3209,438.66,BB,15m,validation,0.625,271
2.0,0.25,189,0.619,1.4092,266.34,BB,15m,validation,0.625,271
2.0,0.5,189,0.561,-0.2379,-44.96,BB,15m,validation,0.625,271
2.0,1.0,189,0.524,-2.2502,-425.28,BB,15m,validation,0.625,271
2.0,2.0,189,0.328,-5.0408,-952.71,BB,15m,validation,0.625,271
2.0,5.0,189,0.148,-10.5414,-1992.33,BB,15m,validation,0.625,271
3.0,0.083,189,0.688,2.7818,525.76,BB,15m,validation,0.625,271
3.0,0.125,189,0.635,2.5826,488.11,BB,15m,validation,0.625,271
3.0,0.167,189,0.582,2.3121,436.99,BB,15m,validation,0.625,271
3.0,0.25,189,0.534,1.4811,279.93,BB,15m,validation,0.625,271
3.0,0.5,189,0.481,-0.0976,-18.45,BB,15m,validation,0.625,271
3.0,1.0,189,0.455,-2.1494,-406.25,BB,15m,validation,0.625,271
3.0,2.0,189,0.423,-4.9641,-938.22,BB,15m,validation,0.625,271
3.0,5.0,189,0.27,-10.4767,-1980.1,BB,15m,validation,0.625,271
4.0,0.083,189,0.683,3.0113,569.13,BB,15m,validation,0.625,271
4.0,0.125,189,0.608,3.0649,579.27,BB,15m,validation,0.625,271
4.0,0.167,189,0.561,2.9888,564.88,BB,15m,validation,0.625,271
4.0,0.25,189,0.497,2.1861,413.18,BB,15m,validation,0.625,271
4.0,0.5,189,0.429,0.5332,100.77,BB,15m,validation,0.625,271
4.0,1.0,189,0.392,-1.5233,-287.91,BB,15m,validation,0.625,271
4.0,2.0,189,0.386,-4.3335,-819.04,BB,15m,validation,0.625,271
4.0,5.0,189,0.339,-9.8388,-1859.54,BB,15m,validation,0.625,271
5.0,0.083,189,0.683,3.0701,580.24,BB,15m,validation,0.625,271
5.0,0.125,189,0.603,3.2282,610.13,BB,15m,validation,0.625,271
5.0,0.167,189,0.55,3.246,613.5,BB,15m,validation,0.625,271
5.0,0.25,189,0.487,2.6602,502.79,BB,15m,validation,0.625,271
5.0,0.5,189,0.407,0.9431,178.25,BB,15m,validation,0.625,271
5.0,1.0,189,0.354,-0.9946,-187.97,BB,15m,validation,0.625,271
5.0,2.0,189,0.339,-3.7898,-716.27,BB,15m,validation,0.625,271
5.0,5.0,189,0.317,-9.2711,-1752.24,BB,15m,validation,0.625,271
7.0,0.083,189,0.661,2.8543,539.46,BB,15m,validation,0.625,271
7.0,0.125,189,0.582,3.0154,569.91,BB,15m,validation,0.625,271
7.0,0.167,189,0.529,3.0837,582.82,BB,15m,validation,0.625,271
7.0,0.25,189,0.46,2.3455,443.3,BB,15m,validation,0.625,271
7.0,0.5,189,0.37,0.7595,143.54,BB,15m,validation,0.625,271
7.0,1.0,189,0.296,-1.0689,-202.01,BB,15m,validation,0.625,271
7.0,2.0,189,0.27,-4.1059,-776.02,BB,15m,validation,0.625,271
7.0,5.0,189,0.249,-9.6347,-1820.96,BB,15m,validation,0.625,271
10.0,0.083,189,0.661,2.8707,542.56,BB,15m,validation,0.625,271
10.0,0.125,189,0.582,3.076,581.37,BB,15m,validation,0.625,271
10.0,0.167,189,0.529,3.1557,596.42,BB,15m,validation,0.625,271
10.0,0.25,189,0.45,2.0834,393.77,BB,15m,validation,0.625,271
10.0,0.5,189,0.349,0.6016,113.7,BB,15m,validation,0.625,271
10.0,1.0,189,0.249,-1.1585,-218.95,BB,15m,validation,0.625,271
10.0,2.0,189,0.212,-3.9423,-745.1,BB,15m,validation,0.625,271
10.0,5.0,189,0.185,-9.9129,-1873.54,BB,15m,validation,0.625,271
2.0,0.083,190,0.737,3.0387,577.35,BB,15m,validation,0.65,271
2.0,0.125,190,0.689,2.7439,521.35,BB,15m,validation,0.65,271
2.0,0.167,190,0.663,2.2735,431.96,BB,15m,validation,0.65,271
2.0,0.25,190,0.642,1.4638,278.12,BB,15m,validation,0.65,271
2.0,0.5,190,0.574,-0.2794,-53.08,BB,15m,validation,0.65,271
2.0,1.0,190,0.516,-2.3305,-442.79,BB,15m,validation,0.65,271
2.0,2.0,190,0.326,-5.1488,-978.27,BB,15m,validation,0.65,271
2.0,5.0,190,0.142,-10.6841,-2029.99,BB,15m,validation,0.65,271
3.0,0.083,190,0.695,2.9547,561.39,BB,15m,validation,0.65,271
3.0,0.125,190,0.621,2.6752,508.28,BB,15m,validation,0.65,271
3.0,0.167,190,0.589,2.3651,449.36,BB,15m,validation,0.65,271
3.0,0.25,190,0.542,1.5247,289.7,BB,15m,validation,0.65,271
3.0,0.5,190,0.495,-0.1246,-23.68,BB,15m,validation,0.65,271
3.0,1.0,190,0.458,-2.1993,-417.87,BB,15m,validation,0.65,271
3.0,2.0,190,0.416,-5.0293,-955.58,BB,15m,validation,0.65,271
3.0,5.0,190,0.242,-10.5648,-2007.31,BB,15m,validation,0.65,271
4.0,0.083,190,0.695,3.2623,619.83,BB,15m,validation,0.65,271
4.0,0.125,190,0.6,3.1891,605.92,BB,15m,validation,0.65,271
4.0,0.167,190,0.568,3.0946,587.98,BB,15m,validation,0.65,271
4.0,0.25,190,0.505,2.3034,437.64,BB,15m,validation,0.65,271
4.0,0.5,190,0.442,0.4671,88.76,BB,15m,validation,0.65,271
4.0,1.0,190,0.384,-1.6713,-317.54,BB,15m,validation,0.65,271
4.0,2.0,190,0.379,-4.5284,-860.39,BB,15m,validation,0.65,271
4.0,5.0,190,0.332,-10.0801,-1915.22,BB,15m,validation,0.65,271
5.0,0.083,190,0.695,3.2904,625.17,BB,15m,validation,0.65,271
5.0,0.125,190,0.589,3.3061,628.15,BB,15m,validation,0.65,271
5.0,0.167,190,0.553,3.2948,626.01,BB,15m,validation,0.65,271
5.0,0.25,190,0.489,2.7599,524.38,BB,15m,validation,0.65,271
5.0,0.5,190,0.416,0.8705,165.39,BB,15m,validation,0.65,271
5.0,1.0,190,0.353,-1.1507,-218.63,BB,15m,validation,0.65,271
5.0,2.0,190,0.342,-3.944,-749.35,BB,15m,validation,0.65,271
5.0,5.0,190,0.316,-9.4354,-1792.72,BB,15m,validation,0.65,271
7.0,0.083,190,0.674,3.0853,586.21,BB,15m,validation,0.65,271
7.0,0.125,190,0.568,3.1461,597.76,BB,15m,validation,0.65,271
7.0,0.167,190,0.532,3.2196,611.73,BB,15m,validation,0.65,271
7.0,0.25,190,0.463,2.5369,482.0,BB,15m,validation,0.65,271
7.0,0.5,190,0.379,0.9618,182.74,BB,15m,validation,0.65,271
7.0,1.0,190,0.3,-0.9961,-189.26,BB,15m,validation,0.65,271
7.0,2.0,190,0.274,-4.103,-779.57,BB,15m,validation,0.65,271
7.0,5.0,190,0.253,-9.6745,-1838.16,BB,15m,validation,0.65,271
10.0,0.083,190,0.674,3.1012,589.23,BB,15m,validation,0.65,271
10.0,0.125,190,0.568,3.2042,608.79,BB,15m,validation,0.65,271
10.0,0.167,190,0.532,3.287,624.52,BB,15m,validation,0.65,271
10.0,0.25,190,0.453,2.2723,431.74,BB,15m,validation,0.65,271
10.0,0.5,190,0.358,0.6997,132.95,BB,15m,validation,0.65,271
10.0,1.0,190,0.247,-1.1737,-223.0,BB,15m,validation,0.65,271
10.0,2.0,190,0.211,-4.0518,-769.85,BB,15m,validation,0.65,271
10.0,5.0,190,0.189,-9.7437,-1851.31,BB,15m,validation,0.65,271
2.0,0.083,191,0.728,3.0613,584.71,BB,15m,validation,0.675,271
2.0,0.125,191,0.681,2.7747,529.96,BB,15m,validation,0.675,271
2.0,0.167,191,0.665,2.2517,430.07,BB,15m,validation,0.675,271
2.0,0.25,191,0.634,1.4279,272.73,BB,15m,validation,0.675,271
2.0,0.5,191,0.565,-0.219,-41.83,BB,15m,validation,0.675,271
2.0,1.0,191,0.508,-2.2508,-429.9,BB,15m,validation,0.675,271
2.0,2.0,191,0.33,-5.063,-967.04,BB,15m,validation,0.675,271
2.0,5.0,191,0.147,-10.5977,-2024.15,BB,15m,validation,0.675,271
3.0,0.083,191,0.686,2.9452,562.53,BB,15m,validation,0.675,271
3.0,0.125,191,0.613,2.7172,518.98,BB,15m,validation,0.675,271
3.0,0.167,191,0.586,2.352,449.23,BB,15m,validation,0.675,271
3.0,0.25,191,0.539,1.4786,282.41,BB,15m,validation,0.675,271
3.0,0.5,191,0.497,-0.2436,-46.54,BB,15m,validation,0.675,271
3.0,1.0,191,0.455,-2.3652,-451.75,BB,15m,validation,0.675,271
3.0,2.0,191,0.414,-5.2185,-996.74,BB,15m,validation,0.675,271
3.0,5.0,191,0.209,-10.7778,-2058.56,BB,15m,validation,0.675,271
4.0,0.083,191,0.686,3.3521,640.24,BB,15m,validation,0.675,271
4.0,0.125,191,0.602,3.3692,643.52,BB,15m,validation,0.675,271
4.0,0.167,191,0.571,3.2528,621.28,BB,15m,validation,0.675,271
4.0,0.25,191,0.518,2.4673,471.26,BB,15m,validation,0.675,271
4.0,0.5,191,0.461,0.4534,86.59,BB,15m,validation,0.675,271
4.0,1.0,191,0.398,-1.7073,-326.09,BB,15m,validation,0.675,271
4.0,2.0,191,0.387,-4.584,-875.54,BB,15m,validation,0.675,271
4.0,5.0,191,0.319,-10.1562,-1939.83,BB,15m,validation,0.675,271
5.0,0.083,191,0.686,3.3175,633.64,BB,15m,validation,0.675,271
5.0,0.125,191,0.586,3.3895,647.39,BB,15m,validation,0.675,271
5.0,0.167,191,0.55,3.3796,645.51,BB,15m,validation,0.675,271
5.0,0.25,191,0.492,2.6621,508.46,BB,15m,validation,0.675,271
5.0,0.5,191,0.435,0.9411,179.74,BB,15m,validation,0.675,271
5.0,1.0,191,0.356,-1.1392,-217.59,BB,15m,validation,0.675,271
5.0,2.0,191,0.356,-3.9788,-759.96,BB,15m,validation,0.675,271
5.0,5.0,191,0.325,-9.5184,-1818.02,BB,15m,validation,0.675,271
7.0,0.083,191,0.675,3.1709,605.64,BB,15m,validation,0.675,271
7.0,0.125,191,0.571,3.3254,635.16,BB,15m,validation,0.675,271
7.0,0.167,191,0.534,3.3873,646.98,BB,15m,validation,0.675,271
7.0,0.25,191,0.471,2.6059,497.73,BB,15m,validation,0.675,271
7.0,0.5,191,0.393,0.9109,173.98,BB,15m,validation,0.675,271
7.0,1.0,191,0.298,-0.9233,-176.36,BB,15m,validation,0.675,271
7.0,2.0,191,0.293,-3.9807,-760.31,BB,15m,validation,0.675,271
7.0,5.0,191,0.262,-9.5052,-1815.49,BB,15m,validation,0.675,271
10.0,0.083,191,0.675,3.1864,608.6,BB,15m,validation,0.675,271
10.0,0.125,191,0.571,3.3825,646.05,BB,15m,validation,0.675,271
10.0,0.167,191,0.534,3.4561,660.12,BB,15m,validation,0.675,271
10.0,0.25,191,0.461,2.3632,451.37,BB,15m,validation,0.675,271
10.0,0.5,191,0.372,0.7644,146.01,BB,15m,validation,0.675,271
10.0,1.0,191,0.241,-1.1555,-220.7,BB,15m,validation,0.675,271
10.0,2.0,191,0.22,-4.1744,-797.3,BB,15m,validation,0.675,271
10.0,5.0,191,0.188,-9.9763,-1905.47,BB,15m,validation,0.675,271
2.0,0.083,191,0.743,3.2208,615.17,BB,15m,validation,0.7,271
2.0,0.125,191,0.707,2.9371,560.98,BB,15m,validation,0.7,271
2.0,0.167,191,0.681,2.4762,472.95,BB,15m,validation,0.7,271
2.0,0.25,191,0.654,1.7006,324.82,BB,15m,validation,0.7,271
2.0,0.5,191,0.581,0.0895,17.1,BB,15m,validation,0.7,271
2.0,1.0,191,0.508,-1.9155,-365.87,BB,15m,validation,0.7,271
2.0,2.0,191,0.346,-4.705,-898.65,BB,15m,validation,0.7,271
2.0,5.0,191,0.136,-10.2093,-1949.97,BB,15m,validation,0.7,271
3.0,0.083,191,0.691,3.0632,585.08,BB,15m,validation,0.7,271
3.0,0.125,191,0.639,3.1048,593.01,BB,15m,validation,0.7,271
3.0,0.167,191,0.602,2.7357,522.53,BB,15m,validation,0.7,271
3.0,0.25,191,0.56,1.8682,356.82,BB,15m,validation,0.7,271
3.0,0.5,191,0.518,0.1598,30.52,BB,15m,validation,0.7,271
3.0,1.0,191,0.471,-1.9438,-371.27,BB,15m,validation,0.7,271
3.0,2.0,191,0.414,-4.7843,-913.81,BB,15m,validation,0.7,271
3.0,5.0,191,0.22,-10.326,-1972.26,BB,15m,validation,0.7,271
4.0,0.083,191,0.686,3.2395,618.75,BB,15m,validation,0.7,271
4.0,0.125,191,0.623,3.4404,657.12,BB,15m,validation,0.7,271
4.0,0.167,191,0.581,3.311,632.39,BB,15m,validation,0.7,271
4.0,0.25,191,0.524,2.5359,484.36,BB,15m,validation,0.7,271
4.0,0.5,191,0.466,0.7436,142.03,BB,15m,validation,0.7,271
4.0,1.0,191,0.419,-1.3492,-257.7,BB,15m,validation,0.7,271
4.0,2.0,191,0.403,-4.1852,-799.38,BB,15m,validation,0.7,271
4.0,5.0,191,0.325,-9.7158,-1855.73,BB,15m,validation,0.7,271
5.0,0.083,191,0.686,3.3249,635.06,BB,15m,validation,0.7,271
5.0,0.125,191,0.607,3.6053,688.62,BB,15m,validation,0.7,271
5.0,0.167,191,0.56,3.5674,681.37,BB,15m,validation,0.7,271
5.0,0.25,191,0.503,2.8092,536.56,BB,15m,validation,0.7,271
5.0,0.5,191,0.45,0.9775,186.71,BB,15m,validation,0.7,271
5.0,1.0,191,0.366,-1.1761,-224.64,BB,15m,validation,0.7,271
5.0,2.0,191,0.361,-4.0466,-772.91,BB,15m,validation,0.7,271
5.0,5.0,191,0.325,-9.6011,-1833.8,BB,15m,validation,0.7,271
7.0,0.083,191,0.675,3.1728,606.01,BB,15m,validation,0.7,271
7.0,0.125,191,0.586,3.5604,680.03,BB,15m,validation,0.7,271
7.0,0.167,191,0.539,3.6447,696.13,BB,15m,validation,0.7,271
7.0,0.25,191,0.476,2.9094,555.7,BB,15m,validation,0.7,271
7.0,0.5,191,0.403,1.2076,230.66,BB,15m,validation,0.7,271
7.0,1.0,191,0.304,-0.6775,-129.39,BB,15m,validation,0.7,271
7.0,2.0,191,0.298,-3.5577,-679.53,BB,15m,validation,0.7,271
7.0,5.0,191,0.272,-9.0353,-1725.74,BB,15m,validation,0.7,271
10.0,0.083,191,0.675,3.1885,609.0,BB,15m,validation,0.7,271
10.0,0.125,191,0.586,3.6201,691.44,BB,15m,validation,0.7,271
10.0,0.167,191,0.539,3.72,710.52,BB,15m,validation,0.7,271
10.0,0.25,191,0.466,2.7108,517.76,BB,15m,validation,0.7,271
10.0,0.5,191,0.382,1.1619,221.92,BB,15m,validation,0.7,271
10.0,1.0,191,0.257,-0.7669,-146.48,BB,15m,validation,0.7,271
10.0,2.0,191,0.23,-3.7834,-722.62,BB,15m,validation,0.7,271
10.0,5.0,191,0.199,-9.5779,-1829.38,BB,15m,validation,0.7,271
2.0,0.083,134,0.679,2.3693,317.48,BB,15m,holdout,0.3,244
2.0,0.125,134,0.649,2.624,351.61,BB,15m,holdout,0.3,244
2.0,0.167,134,0.627,2.6202,351.11,BB,15m,holdout,0.3,244
2.0,0.25,134,0.604,2.3412,313.73,BB,15m,holdout,0.3,244
2.0,0.5,134,0.575,1.8274,244.87,BB,15m,holdout,0.3,244
2.0,1.0,134,0.537,0.0302,4.05,BB,15m,holdout,0.3,244
2.0,2.0,134,0.493,-1.8803,-251.96,BB,15m,holdout,0.3,244
2.0,5.0,134,0.358,-6.397,-857.2,BB,15m,holdout,0.3,244
3.0,0.083,134,0.657,2.4915,333.86,BB,15m,holdout,0.3,244
3.0,0.125,134,0.612,2.733,366.22,BB,15m,holdout,0.3,244
3.0,0.167,134,0.582,2.8984,388.38,BB,15m,holdout,0.3,244
3.0,0.25,134,0.515,2.3358,313.0,BB,15m,holdout,0.3,244
3.0,0.5,134,0.478,2.1684,290.57,BB,15m,holdout,0.3,244
3.0,1.0,134,0.448,0.0194,2.6,BB,15m,holdout,0.3,244
3.0,2.0,134,0.425,-1.7762,-238.01,BB,15m,holdout,0.3,244
3.0,5.0,134,0.381,-6.1944,-830.05,BB,15m,holdout,0.3,244
4.0,0.083,134,0.649,2.4193,324.19,BB,15m,holdout,0.3,244
4.0,0.125,134,0.604,2.7746,371.8,BB,15m,holdout,0.3,244
4.0,0.167,134,0.567,2.8061,376.02,BB,15m,holdout,0.3,244
4.0,0.25,134,0.5,2.3845,319.52,BB,15m,holdout,0.3,244
4.0,0.5,134,0.455,2.6045,349.0,BB,15m,holdout,0.3,244
4.0,1.0,134,0.418,0.8208,109.98,BB,15m,holdout,0.3,244
4.0,2.0,134,0.381,-1.7394,-233.08,BB,15m,holdout,0.3,244
4.0,5.0,134,0.328,-6.2648,-839.48,BB,15m,holdout,0.3,244
5.0,0.083,134,0.642,2.2138,296.65,BB,15m,holdout,0.3,244
5.0,0.125,134,0.597,2.597,348.0,BB,15m,holdout,0.3,244
5.0,0.167,134,0.56,2.6609,356.56,BB,15m,holdout,0.3,244
5.0,0.25,134,0.493,2.3148,310.18,BB,15m,holdout,0.3,244
5.0,0.5,134,0.448,2.8965,388.14,BB,15m,holdout,0.3,244
5.0,1.0,134,0.41,1.3925,186.59,BB,15m,holdout,0.3,244
5.0,2.0,134,0.373,-1.2822,-171.81,BB,15m,holdout,0.3,244
5.0,5.0,134,0.306,-5.8459,-783.35,BB,15m,holdout,0.3,244
7.0,0.083,134,0.642,2.217,297.08,BB,15m,holdout,0.3,244
7.0,0.125,134,0.597,2.6172,350.7,BB,15m,holdout,0.3,244
7.0,0.167,134,0.56,2.7167,364.04,BB,15m,holdout,0.3,244
7.0,0.25,134,0.493,2.3758,318.36,BB,15m,holdout,0.3,244
7.0,0.5,134,0.44,3.1648,424.08,BB,15m,holdout,0.3,244
7.0,1.0,134,0.403,2.0761,278.2,BB,15m,holdout,0.3,244
7.0,2.0,134,0.358,-0.2931,-39.28,BB,15m,holdout,0.3,244
7.0,5.0,134,0.269,-4.4599,-597.62,BB,15m,holdout,0.3,244
10.0,0.083,134,0.642,2.2188,297.32,BB,15m,holdout,0.3,244
10.0,0.125,134,0.597,2.6291,352.3,BB,15m,holdout,0.3,244
10.0,0.167,134,0.56,2.749,368.36,BB,15m,holdout,0.3,244
10.0,0.25,134,0.493,2.4729,331.36,BB,15m,holdout,0.3,244
10.0,0.5,134,0.44,3.4189,458.13,BB,15m,holdout,0.3,244
10.0,1.0,134,0.396,2.5826,346.07,BB,15m,holdout,0.3,244
10.0,2.0,134,0.336,-0.2272,-30.44,BB,15m,holdout,0.3,244
10.0,5.0,134,0.194,-5.1386,-688.58,BB,15m,holdout,0.3,244
2.0,0.083,132,0.667,1.2781,168.71,BB,15m,holdout,0.325,244
2.0,0.125,132,0.621,1.4522,191.69,BB,15m,holdout,0.325,244
2.0,0.167,132,0.606,1.5783,208.34,BB,15m,holdout,0.325,244
2.0,0.25,132,0.576,1.3625,179.85,BB,15m,holdout,0.325,244
2.0,0.5,132,0.545,0.7133,94.16,BB,15m,holdout,0.325,244
2.0,1.0,132,0.5,-1.128,-148.89,BB,15m,holdout,0.325,244
2.0,2.0,132,0.447,-3.0584,-403.71,BB,15m,holdout,0.325,244
2.0,5.0,132,0.326,-7.4594,-984.64,BB,15m,holdout,0.325,244
3.0,0.083,132,0.652,1.3654,180.24,BB,15m,holdout,0.325,244
3.0,0.125,132,0.591,1.4907,196.77,BB,15m,holdout,0.325,244
3.0,0.167,132,0.561,1.609,212.39,BB,15m,holdout,0.325,244
3.0,0.25,132,0.485,1.2142,160.27,BB,15m,holdout,0.325,244
3.0,0.5,132,0.462,0.8312,109.72,BB,15m,holdout,0.325,244
3.0,1.0,132,0.417,-1.2868,-169.85,BB,15m,holdout,0.325,244
3.0,2.0,132,0.402,-3.0996,-409.15,BB,15m,holdout,0.325,244
3.0,5.0,132,0.364,-7.4235,-979.91,BB,15m,holdout,0.325,244
4.0,0.083,132,0.652,1.515,199.99,BB,15m,holdout,0.325,244
4.0,0.125,132,0.591,1.7825,235.29,BB,15m,holdout,0.325,244
4.0,0.167,132,0.561,2.0393,269.19,BB,15m,holdout,0.325,244
4.0,0.25,132,0.485,1.8942,250.04,BB,15m,holdout,0.325,244
4.0,0.5,132,0.455,2.0473,270.24,BB,15m,holdout,0.325,244
4.0,1.0,132,0.409,0.2503,33.05,BB,15m,holdout,0.325,244
4.0,2.0,132,0.394,-1.6568,-218.7,BB,15m,holdout,0.325,244
4.0,5.0,132,0.364,-5.6734,-748.89,BB,15m,holdout,0.325,244
5.0,0.083,132,0.652,1.4191,187.31,BB,15m,holdout,0.325,244
5.0,0.125,132,0.591,1.7187,226.87,BB,15m,holdout,0.325,244
5.0,0.167,132,0.561,2.0111,265.47,BB,15m,holdout,0.325,244
5.0,0.25,132,0.485,1.8468,243.78,BB,15m,holdout,0.325,244
5.0,0.5,132,0.455,2.2423,295.98,BB,15m,holdout,0.325,244
5.0,1.0,132,0.402,0.7102,93.74,BB,15m,holdout,0.325,244
5.0,2.0,132,0.364,-1.9898,-262.65,BB,15m,holdout,0.325,244
5.0,5.0,132,0.311,-6.3561,-839.01,BB,15m,holdout,0.325,244
7.0,0.083,132,0.644,1.2921,170.56,BB,15m,holdout,0.325,244
7.0,0.125,132,0.583,1.6006,211.28,BB,15m,holdout,0.325,244
7.0,0.167,132,0.553,1.9249,254.09,BB,15m,holdout,0.325,244
7.0,0.25,132,0.477,1.7654,233.03,BB,15m,holdout,0.325,244
7.0,0.5,132,0.439,2.4099,318.11,BB,15m,holdout,0.325,244
7.0,1.0,132,0.386,1.2491,164.89,BB,15m,holdout,0.325,244
7.0,2.0,132,0.341,-1.1693,-154.35,BB,15m,holdout,0.325,244
7.0,5.0,132,0.258,-5.088,-671.62,BB,15m,holdout,0.325,244
10.0,0.083,132,0.644,1.2926,170.63,BB,15m,holdout,0.325,244
10.0,0.125,132,0.583,1.6082,212.29,BB,15m,holdout,0.325,244
10.0,0.167,132,0.553,1.9491,257.28,BB,15m,holdout,0.325,244
10.0,0.25,132,0.477,1.8472,243.83,BB,15m,holdout,0.325,244
10.0,0.5,132,0.439,2.6353,347.86,BB,15m,holdout,0.325,244
10.0,1.0,132,0.379,1.6824,222.08,BB,15m,holdout,0.325,244
10.0,2.0,132,0.318,-1.1687,-154.27,BB,15m,holdout,0.325,244
10.0,5.0,132,0.189,-5.8243,-768.8,BB,15m,holdout,0.325,244
2.0,0.083,134,0.664,0.9395,125.9,BB,15m,holdout,0.35,244
2.0,0.125,134,0.59,1.1174,149.73,BB,15m,holdout,0.35,244
2.0,0.167,134,0.582,1.251,167.63,BB,15m,holdout,0.35,244
2.0,0.25,134,0.545,0.8776,117.6,BB,15m,holdout,0.35,244
2.0,0.5,134,0.53,0.6682,89.54,BB,15m,holdout,0.35,244
2.0,1.0,134,0.493,-1.126,-150.89,BB,15m,holdout,0.35,244
2.0,2.0,134,0.455,-2.9376,-393.64,BB,15m,holdout,0.35,244
2.0,5.0,134,0.343,-6.9062,-925.42,BB,15m,holdout,0.35,244
3.0,0.083,134,0.642,0.9937,133.16,BB,15m,holdout,0.35,244
3.0,0.125,134,0.56,1.1639,155.96,BB,15m,holdout,0.35,244
3.0,0.167,134,0.537,1.2094,162.06,BB,15m,holdout,0.35,244
3.0,0.25,134,0.455,0.6303,84.46,BB,15m,holdout,0.35,244
3.0,0.5,134,0.448,0.8451,113.25,BB,15m,holdout,0.35,244
3.0,1.0,134,0.418,-1.1842,-158.68,BB,15m,holdout,0.35,244
3.0,2.0,134,0.41,-2.9761,-398.79,BB,15m,holdout,0.35,244
3.0,5.0,134,0.366,-6.9162,-926.77,BB,15m,holdout,0.35,244
4.0,0.083,134,0.642,1.1336,151.9,BB,15m,holdout,0.35,244
4.0,0.125,134,0.56,1.3853,185.63,BB,15m,holdout,0.35,244
4.0,0.167,134,0.537,1.5957,213.82,BB,15m,holdout,0.35,244
4.0,0.25,134,0.455,1.2478,167.2,BB,15m,holdout,0.35,244
4.0,0.5,134,0.44,1.6625,222.77,BB,15m,holdout,0.35,244
4.0,1.0,134,0.396,-0.2163,-28.99,BB,15m,holdout,0.35,244
4.0,2.0,134,0.388,-2.2118,-296.38,BB,15m,holdout,0.35,244
4.0,5.0,134,0.343,-6.0101,-805.36,BB,15m,holdout,0.35,244
5.0,0.083,134,0.642,1.0391,139.24,BB,15m,holdout,0.35,244
5.0,0.125,134,0.56,1.3262,177.71,BB,15m,holdout,0.35,244
5.0,0.167,134,0.537,1.5784,211.5,BB,15m,holdout,0.35,244
5.0,0.25,134,0.455,1.3153,176.25,BB,15m,holdout,0.35,244
5.0,0.5,134,0.44,2.0272,271.65,BB,15m,holdout,0.35,244
5.0,1.0,134,0.396,0.4407,59.05,BB,15m,holdout,0.35,244
5.0,2.0,134,0.366,-2.1689,-290.63,BB,15m,holdout,0.35,244
5.0,5.0,134,0.313,-6.0293,-807.93,BB,15m,holdout,0.35,244
7.0,0.083,134,0.634,0.9199,123.26,BB,15m,holdout,0.35,244
7.0,0.125,134,0.552,1.2237,163.98,BB,15m,holdout,0.35,244
7.0,0.167,134,0.53,1.5144,202.93,BB,15m,holdout,0.35,244
7.0,0.25,134,0.448,1.2701,170.19,BB,15m,holdout,0.35,244
7.0,0.5,134,0.425,2.3068,309.12,BB,15m,holdout,0.35,244
7.0,1.0,134,0.381,1.113,149.14,BB,15m,holdout,0.35,244
7.0,2.0,134,0.343,-1.2218,-163.72,BB,15m,holdout,0.35,244
7.0,5.0,134,0.261,-4.6093,-617.64,BB,15m,holdout,0.35,244
10.0,0.083,134,0.634,0.9203,123.33,BB,15m,holdout,0.35,244
10.0,0.125,134,0.552,1.2311,164.97,BB,15m,holdout,0.35,244
10.0,0.167,134,0.53,1.5379,206.08,BB,15m,holdout,0.35,244
10.0,0.25,134,0.448,1.3498,180.87,BB,15m,holdout,0.35,244
10.0,0.5,134,0.425,2.5227,338.04,BB,15m,holdout,0.35,244
10.0,1.0,134,0.373,1.57,210.38,BB,15m,holdout,0.35,244
10.0,2.0,134,0.321,-1.2751,-170.86,BB,15m,holdout,0.35,244
10.0,5.0,134,0.187,-5.597,-750.0,BB,15m,holdout,0.35,244
2.0,0.083,130,0.692,1.4185,184.4,BB,15m,holdout,0.375,244
2.0,0.125,130,0.638,1.9946,259.3,BB,15m,holdout,0.375,244
2.0,0.167,130,0.608,1.965,255.45,BB,15m,holdout,0.375,244
2.0,0.25,130,0.585,1.7989,233.85,BB,15m,holdout,0.375,244
2.0,0.5,130,0.546,1.4226,184.94,BB,15m,holdout,0.375,244
2.0,1.0,130,0.492,-0.4173,-54.25,BB,15m,holdout,0.375,244
2.0,2.0,130,0.462,-2.2257,-289.34,BB,15m,holdout,0.375,244
2.0,5.0,130,0.354,-6.1944,-805.28,BB,15m,holdout,0.375,244
3.0,0.083,130,0.677,1.5129,196.68,BB,15m,holdout,0.375,244
3.0,0.125,130,0.608,2.1636,281.26,BB,15m,holdout,0.375,244
3.0,0.167,130,0.562,2.151,279.63,BB,15m,holdout,0.375,244
3.0,0.25,130,0.492,1.5272,198.54,BB,15m,holdout,0.375,244
3.0,0.5,130,0.469,1.589,206.57,BB,15m,holdout,0.375,244
3.0,1.0,130,0.438,-0.448,-58.24,BB,15m,holdout,0.375,244
3.0,2.0,130,0.423,-2.2964,-298.54,BB,15m,holdout,0.375,244
3.0,5.0,130,0.369,-6.2656,-814.53,BB,15m,holdout,0.375,244
4.0,0.083,130,0.677,1.6787,218.24,BB,15m,holdout,0.375,244
4.0,0.125,130,0.608,2.3871,310.33,BB,15m,holdout,0.375,244
4.0,0.167,130,0.554,2.4544,319.08,BB,15m,holdout,0.375,244
4.0,0.25,130,0.477,2.0471,266.12,BB,15m,holdout,0.375,244
4.0,0.5,130,0.446,2.2941,298.23,BB,15m,holdout,0.375,244
4.0,1.0,130,0.408,0.4006,52.08,BB,15m,holdout,0.375,244
4.0,2.0,130,0.392,-1.6882,-219.46,BB,15m,holdout,0.375,244
4.0,5.0,130,0.354,-5.5413,-720.37,BB,15m,holdout,0.375,244
5.0,0.083,130,0.677,1.6939,220.21,BB,15m,holdout,0.375,244
5.0,0.125,130,0.608,2.4436,317.67,BB,15m,holdout,0.375,244
5.0,0.167,130,0.554,2.5628,333.16,BB,15m,holdout,0.375,244
5.0,0.25,130,0.477,2.2672,294.74,BB,15m,holdout,0.375,244
5.0,0.5,130,0.446,2.86,371.8,BB,15m,holdout,0.375,244
5.0,1.0,130,0.408,1.2583,163.58,BB,15m,holdout,0.375,244
5.0,2.0,130,0.369,-1.456,-189.27,BB,15m,holdout,0.375,244
5.0,5.0,130,0.323,-5.3085,-690.11,BB,15m,holdout,0.375,244
7.0,0.083,130,0.669,1.4688,190.94,BB,15m,holdout,0.375,244
7.0,0.125,130,0.6,2.2402,291.22,BB,15m,holdout,0.375,244
7.0,0.167,130,0.546,2.4006,312.08,BB,15m,holdout,0.375,244
7.0,0.25,130,0.469,2.1254,276.3,BB,15m,holdout,0.375,244
7.0,0.5,130,0.431,3.0277,393.59,BB,15m,holdout,0.375,244
7.0,1.0,130,0.392,1.8587,241.63,BB,15m,holdout,0.375,244
7.0,2.0,130,0.346,-0.5428,-70.56,BB,15m,holdout,0.375,244
7.0,5.0,130,0.269,-3.9606,-514.88,BB,15m,holdout,0.375,244
10.0,0.083,130,0.669,1.4693,191.0,BB,15m,holdout,0.375,244
10.0,0.125,130,0.6,2.2476,292.19,BB,15m,holdout,0.375,244
10.0,0.167,130,0.546,2.4252,315.27,BB,15m,holdout,0.375,244
10.0,0.25,130,0.469,2.2123,287.59,BB,15m,holdout,0.375,244
10.0,0.5,130,0.431,3.2593,423.71,BB,15m,holdout,0.375,244
10.0,1.0,130,0.385,2.2617,294.03,BB,15m,holdout,0.375,244
10.0,2.0,130,0.323,-0.5916,-76.91,BB,15m,holdout,0.375,244
10.0,5.0,130,0.2,-4.573,-594.49,BB,15m,holdout,0.375,244
2.0,0.083,133,0.677,0.6473,86.09,BB,15m,holdout,0.4,244
2.0,0.125,133,0.624,1.2378,164.62,BB,15m,holdout,0.4,244
2.0,0.167,133,0.594,1.3001,172.91,BB,15m,holdout,0.4,244
2.0,0.25,133,0.549,0.7744,102.99,BB,15m,holdout,0.4,244
2.0,0.5,133,0.519,0.4457,59.28,BB,15m,holdout,0.4,244
2.0,1.0,133,0.474,-1.4553,-193.55,BB,15m,holdout,0.4,244
2.0,2.0,133,0.444,-3.3077,-439.92,BB,15m,holdout,0.4,244
2.0,5.0,133,0.293,-7.3158,-973.0,BB,15m,holdout,0.4,244
3.0,0.083,133,0.654,0.7834,104.19,BB,15m,holdout,0.4,244
3.0,0.125,133,0.586,1.274,169.44,BB,15m,holdout,0.4,244
3.0,0.167,133,0.541,1.383,183.93,BB,15m,holdout,0.4,244
3.0,0.25,133,0.459,0.5361,71.31,BB,15m,holdout,0.4,244
3.0,0.5,133,0.444,0.5663,75.32,BB,15m,holdout,0.4,244
3.0,1.0,133,0.421,-1.2413,-165.1,BB,15m,holdout,0.4,244
3.0,2.0,133,0.414,-3.1448,-418.26,BB,15m,holdout,0.4,244
3.0,5.0,133,0.353,-7.1559,-951.74,BB,15m,holdout,0.4,244
4.0,0.083,133,0.654,0.9016,119.92,BB,15m,holdout,0.4,244
4.0,0.125,133,0.586,1.4388,191.37,BB,15m,holdout,0.4,244
4.0,0.167,133,0.534,1.5827,210.49,BB,15m,holdout,0.4,244
4.0,0.25,133,0.444,0.8154,108.45,BB,15m,holdout,0.4,244
4.0,0.5,133,0.414,1.0036,133.47,BB,15m,holdout,0.4,244
4.0,1.0,133,0.383,-0.7907,-105.17,BB,15m,holdout,0.4,244
4.0,2.0,133,0.368,-2.7442,-364.98,BB,15m,holdout,0.4,244
4.0,5.0,133,0.338,-6.5553,-871.85,BB,15m,holdout,0.4,244
5.0,0.083,133,0.654,0.9267,123.25,BB,15m,holdout,0.4,244
5.0,0.125,133,0.586,1.5145,201.43,BB,15m,holdout,0.4,244
5.0,0.167,133,0.534,1.7165,228.29,BB,15m,holdout,0.4,244
5.0,0.25,133,0.444,1.0649,141.64,BB,15m,holdout,0.4,244
5.0,0.5,133,0.414,1.6179,215.19,BB,15m,holdout,0.4,244
5.0,1.0,133,0.383,0.246,32.72,BB,15m,holdout,0.4,244
5.0,2.0,133,0.346,-2.4639,-327.69,BB,15m,holdout,0.4,244
5.0,5.0,133,0.301,-6.3313,-842.06,BB,15m,holdout,0.4,244
7.0,0.083,133,0.647,0.7089,94.29,BB,15m,holdout,0.4,244
7.0,0.125,133,0.579,1.3176,175.24,BB,15m,holdout,0.4,244
7.0,0.167,133,0.526,1.5592,207.37,BB,15m,holdout,0.4,244
7.0,0.25,133,0.436,0.9251,123.04,BB,15m,holdout,0.4,244
7.0,0.5,133,0.398,1.8252,242.75,BB,15m,holdout,0.4,244
7.0,1.0,133,0.368,0.8168,108.64,BB,15m,holdout,0.4,244
7.0,2.0,133,0.331,-1.7509,-232.87,BB,15m,holdout,0.4,244
7.0,5.0,133,0.256,-5.3906,-716.95,BB,15m,holdout,0.4,244
10.0,0.083,133,0.647,0.7094,94.35,BB,15m,holdout,0.4,244
10.0,0.125,133,0.579,1.3247,176.19,BB,15m,holdout,0.4,244
10.0,0.167,133,0.526,1.5825,210.47,BB,15m,holdout,0.4,244
10.0,0.25,133,0.436,1.0051,133.68,BB,15m,holdout,0.4,244
10.0,0.5,133,0.398,1.9554,260.07,BB,15m,holdout,0.4,244
10.0,1.0,133,0.361,1.4014,186.39,BB,15m,holdout,0.4,244
10.0,2.0,133,0.308,-1.29,-171.57,BB,15m,holdout,0.4,244
10.0,5.0,133,0.203,-5.0311,-669.14,BB,15m,holdout,0.4,244
2.0,0.083,135,0.667,0.5174,69.85,BB,15m,holdout,0.425,244
2.0,0.125,135,0.607,0.9419,127.16,BB,15m,holdout,0.425,244
2.0,0.167,135,0.578,0.9668,130.51,BB,15m,holdout,0.425,244
2.0,0.25,135,0.548,0.5022,67.79,BB,15m,holdout,0.425,244
2.0,0.5,135,0.496,0.0228,3.08,BB,15m,holdout,0.425,244
2.0,1.0,135,0.452,-1.8756,-253.2,BB,15m,holdout,0.425,244
2.0,2.0,135,0.43,-3.75,-506.25,BB,15m,holdout,0.425,244
2.0,5.0,135,0.274,-7.7872,-1051.27,BB,15m,holdout,0.425,244
3.0,0.083,135,0.637,0.7113,96.03,BB,15m,holdout,0.425,244
3.0,0.125,135,0.57,1.0928,147.53,BB,15m,holdout,0.425,244
3.0,0.167,135,0.526,1.1812,159.47,BB,15m,holdout,0.425,244
3.0,0.25,135,0.474,0.5708,77.06,BB,15m,holdout,0.425,244
3.0,0.5,135,0.437,0.3115,42.06,BB,15m,holdout,0.425,244
3.0,1.0,135,0.415,-1.5231,-205.62,BB,15m,holdout,0.425,244
3.0,2.0,135,0.407,-3.5587,-480.42,BB,15m,holdout,0.425,244
3.0,5.0,135,0.341,-7.6119,-1027.61,BB,15m,holdout,0.425,244
4.0,0.083,135,0.637,0.8112,109.51,BB,15m,holdout,0.425,244
4.0,0.125,135,0.57,1.2347,166.68,BB,15m,holdout,0.425,244
4.0,0.167,135,0.519,1.3481,182.0,BB,15m,holdout,0.425,244
4.0,0.25,135,0.452,0.6122,82.64,BB,15m,holdout,0.425,244
4.0,0.5,135,0.4,0.5353,72.26,BB,15m,holdout,0.425,244
4.0,1.0,135,0.37,-1.3205,-178.27,BB,15m,holdout,0.425,244
4.0,2.0,135,0.356,-3.2945,-444.76,BB,15m,holdout,0.425,244
4.0,5.0,135,0.326,-7.1816,-969.51,BB,15m,holdout,0.425,244
5.0,0.083,135,0.637,0.8586,115.91,BB,15m,holdout,0.425,244
5.0,0.125,135,0.57,1.3534,182.71,BB,15m,holdout,0.425,244
5.0,0.167,135,0.519,1.5405,207.97,BB,15m,holdout,0.425,244
5.0,0.25,135,0.452,0.9337,126.06,BB,15m,holdout,0.425,244
5.0,0.5,135,0.4,1.2233,165.15,BB,15m,holdout,0.425,244
5.0,1.0,135,0.37,-0.2887,-38.97,BB,15m,holdout,0.425,244
5.0,2.0,135,0.333,-2.7824,-375.63,BB,15m,holdout,0.425,244
5.0,5.0,135,0.296,-6.5605,-885.67,BB,15m,holdout,0.425,244
7.0,0.083,135,0.63,0.6464,87.26,BB,15m,holdout,0.425,244
7.0,0.125,135,0.563,1.1628,156.98,BB,15m,holdout,0.425,244
7.0,0.167,135,0.511,1.3902,187.68,BB,15m,holdout,0.425,244
7.0,0.25,135,0.444,0.8084,109.13,BB,15m,holdout,0.425,244
7.0,0.5,135,0.385,1.4471,195.36,BB,15m,holdout,0.425,244
7.0,1.0,135,0.356,0.3514,47.43,BB,15m,holdout,0.425,244
7.0,2.0,135,0.319,-2.0425,-275.74,BB,15m,holdout,0.425,244
7.0,5.0,135,0.259,-5.6754,-766.17,BB,15m,holdout,0.425,244
10.0,0.083,135,0.63,0.6469,87.34,BB,15m,holdout,0.425,244
10.0,0.125,135,0.563,1.1709,158.07,BB,15m,holdout,0.425,244
10.0,0.167,135,0.511,1.4163,191.2,BB,15m,holdout,0.425,244
10.0,0.25,135,0.444,0.8959,120.94,BB,15m,holdout,0.425,244
10.0,0.5,135,0.385,1.6074,216.99,BB,15m,holdout,0.425,244
10.0,1.0,135,0.348,0.8979,121.22,BB,15m,holdout,0.425,244
10.0,2.0,135,0.296,-1.6149,-218.01,BB,15m,holdout,0.425,244
10.0,5.0,135,0.2,-5.3735,-725.42,BB,15m,holdout,0.425,244
2.0,0.083,137,0.664,0.569,77.96,BB,15m,holdout,0.45,244
2.0,0.125,137,0.62,1.0076,138.05,BB,15m,holdout,0.45,244
2.0,0.167,137,0.584,0.996,136.46,BB,15m,holdout,0.45,244
2.0,0.25,137,0.555,0.5435,74.46,BB,15m,holdout,0.45,244
2.0,0.5,137,0.511,-0.099,-13.56,BB,15m,holdout,0.45,244
2.0,1.0,137,0.438,-1.9821,-271.55,BB,15m,holdout,0.45,244
2.0,2.0,137,0.409,-3.9268,-537.98,BB,15m,holdout,0.45,244
2.0,5.0,137,0.285,-7.9888,-1094.46,BB,15m,holdout,0.45,244
3.0,0.083,137,0.628,0.6185,84.73,BB,15m,holdout,0.45,244
3.0,0.125,137,0.562,1.1688,160.12,BB,15m,holdout,0.45,244
3.0,0.167,137,0.518,1.2218,167.38,BB,15m,holdout,0.45,244
3.0,0.25,137,0.474,0.728,99.73,BB,15m,holdout,0.45,244
3.0,0.5,137,0.453,0.2309,31.64,BB,15m,holdout,0.45,244
3.0,1.0,137,0.423,-1.602,-219.47,BB,15m,holdout,0.45,244
3.0,2.0,137,0.409,-3.6339,-497.85,BB,15m,holdout,0.45,244
3.0,5.0,137,0.336,-7.6948,-1054.19,BB,15m,holdout,0.45,244
4.0,0.083,137,0.628,0.6995,95.83,BB,15m,holdout,0.45,244
4.0,0.125,137,0.562,1.2516,171.47,BB,15m,holdout,0.45,244
4.0,0.167,137,0.518,1.3269,181.79,BB,15m,holdout,0.45,244
4.0,0.25,137,0.438,0.6305,86.38,BB,15m,holdout,0.45,244
4.0,0.5,137,0.401,0.2733,37.45,BB,15m,holdout,0.45,244
4.0,1.0,137,0.365,-1.6146,-221.2,BB,15m,holdout,0.45,244
4.0,2.0,137,0.35,-3.5554,-487.09,BB,15m,holdout,0.45,244
4.0,5.0,137,0.314,-7.4862,-1025.62,BB,15m,holdout,0.45,244
5.0,0.083,137,0.628,0.7785,106.65,BB,15m,holdout,0.45,244
5.0,0.125,137,0.562,1.42,194.54,BB,15m,holdout,0.45,244
5.0,0.167,137,0.518,1.5812,216.62,BB,15m,holdout,0.45,244
5.0,0.25,137,0.438,1.0395,142.42,BB,15m,holdout,0.45,244
5.0,0.5,137,0.401,1.1395,156.11,BB,15m,holdout,0.45,244
5.0,1.0,137,0.365,-0.3979,-54.51,BB,15m,holdout,0.45,244
5.0,2.0,137,0.328,-2.9105,-398.74,BB,15m,holdout,0.45,244
5.0,5.0,137,0.292,-6.7182,-920.39,BB,15m,holdout,0.45,244
7.0,0.083,137,0.62,0.5698,78.06,BB,15m,holdout,0.45,244
7.0,0.125,137,0.555,1.2245,167.76,BB,15m,holdout,0.45,244
7.0,0.167,137,0.511,1.4123,193.49,BB,15m,holdout,0.45,244
7.0,0.25,137,0.431,0.8668,118.75,BB,15m,holdout,0.45,244
7.0,0.5,137,0.387,1.2511,171.41,BB,15m,holdout,0.45,244
7.0,1.0,137,0.35,0.0609,8.35,BB,15m,holdout,0.45,244
7.0,2.0,137,0.314,-2.4737,-338.89,BB,15m,holdout,0.45,244
7.0,5.0,137,0.255,-6.2434,-855.34,BB,15m,holdout,0.45,244
10.0,0.083,137,0.62,0.5715,78.3,BB,15m,holdout,0.45,244
10.0,0.125,137,0.555,1.2407,169.98,BB,15m,holdout,0.45,244
10.0,0.167,137,0.511,1.4582,199.77,BB,15m,holdout,0.45,244
10.0,0.25,137,0.431,1.001,137.14,BB,15m,holdout,0.45,244
10.0,0.5,137,0.387,1.5303,209.65,BB,15m,holdout,0.45,244
10.0,1.0,137,0.343,0.7839,107.4,BB,15m,holdout,0.45,244
10.0,2.0,137,0.299,-1.3301,-182.22,BB,15m,holdout,0.45,244
10.0,5.0,137,0.212,-4.7155,-646.02,BB,15m,holdout,0.45,244
2.0,0.083,136,0.669,0.8177,111.2,BB,15m,holdout,0.475,244
2.0,0.125,136,0.625,1.2999,176.79,BB,15m,holdout,0.475,244
2.0,0.167,136,0.588,1.3602,184.98,BB,15m,holdout,0.475,244
2.0,0.25,136,0.559,0.8798,119.65,BB,15m,holdout,0.475,244
2.0,0.5,136,0.515,0.2511,34.15,BB,15m,holdout,0.475,244
2.0,1.0,136,0.441,-1.5953,-216.96,BB,15m,holdout,0.475,244
2.0,2.0,136,0.419,-3.5148,-478.01,BB,15m,holdout,0.475,244
2.0,5.0,136,0.301,-7.5421,-1025.73,BB,15m,holdout,0.475,244
3.0,0.083,136,0.632,0.9051,123.09,BB,15m,holdout,0.475,244
3.0,0.125,136,0.574,1.3274,180.52,BB,15m,holdout,0.475,244
3.0,0.167,136,0.522,1.5289,207.93,BB,15m,holdout,0.475,244
3.0,0.25,136,0.478,1.0177,138.4,BB,15m,holdout,0.475,244
3.0,0.5,136,0.456,0.5336,72.58,BB,15m,holdout,0.475,244
3.0,1.0,136,0.426,-1.2779,-173.79,BB,15m,holdout,0.475,244
3.0,2.0,136,0.412,-3.2702,-444.75,BB,15m,holdout,0.475,244
3.0,5.0,136,0.353,-7.2992,-992.69,BB,15m,holdout,0.475,244
4.0,0.083,136,0.632,0.983,133.69,BB,15m,holdout,0.475,244
4.0,0.125,136,0.574,1.4097,191.71,BB,15m,holdout,0.475,244
4.0,0.167,136,0.522,1.6275,221.34,BB,15m,holdout,0.475,244
4.0,0.25,136,0.449,0.912,124.03,BB,15m,holdout,0.475,244
4.0,0.5,136,0.404,0.552,75.07,BB,15m,holdout,0.475,244
4.0,1.0,136,0.368,-1.3522,-183.9,BB,15m,holdout,0.475,244
4.0,2.0,136,0.353,-3.2418,-440.89,BB,15m,holdout,0.475,244
4.0,5.0,136,0.324,-7.1911,-977.99,BB,15m,holdout,0.475,244
5.0,0.083,136,0.632,1.0638,144.68,BB,15m,holdout,0.475,244
5.0,0.125,136,0.574,1.5809,215.01,BB,15m,holdout,0.475,244
5.0,0.167,136,0.522,1.8867,256.58,BB,15m,holdout,0.475,244
5.0,0.25,136,0.449,1.3331,181.3,BB,15m,holdout,0.475,244
5.0,0.5,136,0.404,1.3828,188.06,BB,15m,holdout,0.475,244
5.0,1.0,136,0.368,-0.1737,-23.63,BB,15m,holdout,0.475,244
5.0,2.0,136,0.346,-2.1906,-297.92,BB,15m,holdout,0.475,244
5.0,5.0,136,0.324,-5.9143,-804.35,BB,15m,holdout,0.475,244
7.0,0.083,136,0.625,0.8545,116.21,BB,15m,holdout,0.475,244
7.0,0.125,136,0.566,1.3797,187.63,BB,15m,holdout,0.475,244
7.0,0.167,136,0.515,1.7036,231.7,BB,15m,holdout,0.475,244
7.0,0.25,136,0.441,1.1243,152.91,BB,15m,holdout,0.475,244
7.0,0.5,136,0.39,1.4694,199.83,BB,15m,holdout,0.475,244
7.0,1.0,136,0.353,0.2149,29.22,BB,15m,holdout,0.475,244
7.0,2.0,136,0.316,-2.4301,-330.49,BB,15m,holdout,0.475,244
7.0,5.0,136,0.257,-6.2688,-852.56,BB,15m,holdout,0.475,244
10.0,0.083,136,0.625,0.857,116.55,BB,15m,holdout,0.475,244
10.0,0.125,136,0.566,1.4009,190.52,BB,15m,holdout,0.475,244
10.0,0.167,136,0.515,1.7615,239.56,BB,15m,holdout,0.475,244
10.0,0.25,136,0.441,1.2875,175.09,BB,15m,holdout,0.475,244
10.0,0.5,136,0.39,1.8068,245.72,BB,15m,holdout,0.475,244
10.0,1.0,136,0.346,1.0542,143.37,BB,15m,holdout,0.475,244
10.0,2.0,136,0.301,-1.0972,-149.22,BB,15m,holdout,0.475,244
10.0,5.0,136,0.213,-4.4729,-608.31,BB,15m,holdout,0.475,244
2.0,0.083,134,0.687,1.3134,175.99,BB,15m,holdout,0.5,244
2.0,0.125,134,0.642,1.6137,216.23,BB,15m,holdout,0.5,244
2.0,0.167,134,0.619,1.7108,229.25,BB,15m,holdout,0.5,244
2.0,0.25,134,0.59,1.2719,170.43,BB,15m,holdout,0.5,244
2.0,0.5,134,0.53,0.6471,86.71,BB,15m,holdout,0.5,244
2.0,1.0,134,0.463,-0.5083,-68.11,BB,15m,holdout,0.5,244
2.0,2.0,134,0.44,-2.4606,-329.73,BB,15m,holdout,0.5,244
2.0,5.0,134,0.299,-6.49,-869.66,BB,15m,holdout,0.5,244
3.0,0.083,134,0.634,1.1775,157.78,BB,15m,holdout,0.5,244
3.0,0.125,134,0.567,1.4003,187.64,BB,15m,holdout,0.5,244
3.0,0.167,134,0.545,1.6068,215.31,BB,15m,holdout,0.5,244
3.0,0.25,134,0.485,1.1076,148.42,BB,15m,holdout,0.5,244
3.0,0.5,134,0.455,0.5506,73.78,BB,15m,holdout,0.5,244
3.0,1.0,134,0.425,-1.247,-167.1,BB,15m,holdout,0.5,244
3.0,2.0,134,0.418,-3.2048,-429.44,BB,15m,holdout,0.5,244
3.0,5.0,134,0.336,-7.1656,-960.19,BB,15m,holdout,0.5,244
4.0,0.083,134,0.634,1.2734,170.63,BB,15m,holdout,0.5,244
4.0,0.125,134,0.567,1.4357,192.38,BB,15m,holdout,0.5,244
4.0,0.167,134,0.53,1.6148,216.38,BB,15m,holdout,0.5,244
4.0,0.25,134,0.448,0.8455,113.3,BB,15m,holdout,0.5,244
4.0,0.5,134,0.403,0.4941,66.21,BB,15m,holdout,0.5,244
4.0,1.0,134,0.373,-1.1563,-154.94,BB,15m,holdout,0.5,244
4.0,2.0,134,0.373,-2.9102,-389.97,BB,15m,holdout,0.5,244
4.0,5.0,134,0.336,-6.7166,-900.02,BB,15m,holdout,0.5,244
5.0,0.083,134,0.634,1.354,181.43,BB,15m,holdout,0.5,244
5.0,0.125,134,0.567,1.61,215.74,BB,15m,holdout,0.5,244
5.0,0.167,134,0.53,1.8967,254.15,BB,15m,holdout,0.5,244
5.0,0.25,134,0.448,1.3366,179.1,BB,15m,holdout,0.5,244
5.0,0.5,134,0.403,1.3512,181.06,BB,15m,holdout,0.5,244
5.0,1.0,134,0.358,-0.2681,-35.92,BB,15m,holdout,0.5,244
5.0,2.0,134,0.351,-2.0663,-276.89,BB,15m,holdout,0.5,244
5.0,5.0,134,0.328,-5.7378,-768.86,BB,15m,holdout,0.5,244
7.0,0.083,134,0.627,1.1438,153.26,BB,15m,holdout,0.5,244
7.0,0.125,134,0.56,1.418,190.01,BB,15m,holdout,0.5,244
7.0,0.167,134,0.522,1.7347,232.45,BB,15m,holdout,0.5,244
7.0,0.25,134,0.44,1.1536,154.58,BB,15m,holdout,0.5,244
7.0,0.5,134,0.388,1.4163,189.78,BB,15m,holdout,0.5,244
7.0,1.0,134,0.343,0.069,9.25,BB,15m,holdout,0.5,244
7.0,2.0,134,0.313,-2.4029,-321.99,BB,15m,holdout,0.5,244
7.0,5.0,134,0.261,-6.1115,-818.94,BB,15m,holdout,0.5,244
10.0,0.083,134,0.627,1.1456,153.51,BB,15m,holdout,0.5,244
10.0,0.125,134,0.56,1.4342,192.18,BB,15m,holdout,0.5,244
10.0,0.167,134,0.522,1.7804,238.57,BB,15m,holdout,0.5,244
10.0,0.25,134,0.44,1.2895,172.8,BB,15m,holdout,0.5,244
10.0,0.5,134,0.388,1.8302,245.25,BB,15m,holdout,0.5,244
10.0,1.0,134,0.343,1.018,136.41,BB,15m,holdout,0.5,244
10.0,2.0,134,0.306,-1.3488,-180.74,BB,15m,holdout,0.5,244
10.0,5.0,134,0.216,-4.929,-660.49,BB,15m,holdout,0.5,244
2.0,0.083,134,0.664,1.1309,151.54,BB,15m,holdout,0.525,244
2.0,0.125,134,0.627,1.2997,174.16,BB,15m,holdout,0.525,244
2.0,0.167,134,0.597,1.3832,185.35,BB,15m,holdout,0.525,244
2.0,0.25,134,0.567,0.851,114.04,BB,15m,holdout,0.525,244
2.0,0.5,134,0.507,0.0851,11.41,BB,15m,holdout,0.525,244
2.0,1.0,134,0.455,-1.1528,-154.47,BB,15m,holdout,0.525,244
2.0,2.0,134,0.396,-3.1652,-424.14,BB,15m,holdout,0.525,244
2.0,5.0,134,0.276,-7.2717,-974.4,BB,15m,holdout,0.525,244
3.0,0.083,134,0.604,0.9844,131.91,BB,15m,holdout,0.525,244
3.0,0.125,134,0.545,1.0289,137.87,BB,15m,holdout,0.525,244
3.0,0.167,134,0.522,1.2133,162.58,BB,15m,holdout,0.525,244
3.0,0.25,134,0.478,0.7538,101.0,BB,15m,holdout,0.525,244
3.0,0.5,134,0.44,0.1285,17.22,BB,15m,holdout,0.525,244
3.0,1.0,134,0.41,-1.6863,-225.97,BB,15m,holdout,0.525,244
3.0,2.0,134,0.403,-3.6652,-491.14,BB,15m,holdout,0.525,244
3.0,5.0,134,0.306,-7.6539,-1025.62,BB,15m,holdout,0.525,244
4.0,0.083,134,0.604,1.1331,151.83,BB,15m,holdout,0.525,244
4.0,0.125,134,0.545,1.1609,155.56,BB,15m,holdout,0.525,244
4.0,0.167,134,0.522,1.3433,180.0,BB,15m,holdout,0.525,244
4.0,0.25,134,0.433,0.6408,85.87,BB,15m,holdout,0.525,244
4.0,0.5,134,0.388,0.3485,46.7,BB,15m,holdout,0.525,244
4.0,1.0,134,0.366,-1.3033,-174.64,BB,15m,holdout,0.525,244
4.0,2.0,134,0.366,-3.0777,-412.42,BB,15m,holdout,0.525,244
4.0,5.0,134,0.328,-6.9654,-933.36,BB,15m,holdout,0.525,244
5.0,0.083,134,0.604,1.2034,161.25,BB,15m,holdout,0.525,244
5.0,0.125,134,0.545,1.3087,175.37,BB,15m,holdout,0.525,244
5.0,0.167,134,0.522,1.5705,210.45,BB,15m,holdout,0.525,244
5.0,0.25,134,0.433,1.0285,137.81,BB,15m,holdout,0.525,244
5.0,0.5,134,0.388,0.8961,120.08,BB,15m,holdout,0.525,244
5.0,1.0,134,0.343,-0.8301,-111.24,BB,15m,holdout,0.525,244
5.0,2.0,134,0.336,-2.707,-362.74,BB,15m,holdout,0.525,244
5.0,5.0,134,0.306,-6.455,-864.98,BB,15m,holdout,0.525,244
7.0,0.083,134,0.604,1.1129,149.13,BB,15m,holdout,0.525,244
7.0,0.125,134,0.545,1.265,169.51,BB,15m,holdout,0.525,244
7.0,0.167,134,0.522,1.5829,212.1,BB,15m,holdout,0.525,244
7.0,0.25,134,0.433,1.155,154.78,BB,15m,holdout,0.525,244
7.0,0.5,134,0.388,1.4077,188.64,BB,15m,holdout,0.525,244
7.0,1.0,134,0.343,-0.0442,-5.92,BB,15m,holdout,0.525,244
7.0,2.0,134,0.313,-2.6956,-361.21,BB,15m,holdout,0.525,244
7.0,5.0,134,0.261,-6.6147,-886.38,BB,15m,holdout,0.525,244
10.0,0.083,134,0.604,1.1153,149.45,BB,15m,holdout,0.525,244
10.0,0.125,134,0.545,1.2843,172.1,BB,15m,holdout,0.525,244
10.0,0.167,134,0.522,1.6363,219.26,BB,15m,holdout,0.525,244
10.0,0.25,134,0.433,1.2242,164.04,BB,15m,holdout,0.525,244
10.0,0.5,134,0.381,1.7322,232.12,BB,15m,holdout,0.525,244
10.0,1.0,134,0.336,0.8354,111.94,BB,15m,holdout,0.525,244
10.0,2.0,134,0.299,-1.6027,-214.77,BB,15m,holdout,0.525,244
10.0,5.0,134,0.209,-5.3135,-712.01,BB,15m,holdout,0.525,244
2.0,0.083,132,0.644,0.5888,77.72,BB,15m,holdout,0.55,244
2.0,0.125,132,0.598,0.4693,61.94,BB,15m,holdout,0.55,244
2.0,0.167,132,0.576,0.578,76.29,BB,15m,holdout,0.55,244
2.0,0.25,132,0.561,0.7162,94.53,BB,15m,holdout,0.55,244
2.0,0.5,132,0.508,-0.065,-8.58,BB,15m,holdout,0.55,244
2.0,1.0,132,0.455,-1.325,-174.91,BB,15m,holdout,0.55,244
2.0,2.0,132,0.379,-3.3536,-442.67,BB,15m,holdout,0.55,244
2.0,5.0,132,0.265,-7.5007,-990.09,BB,15m,holdout,0.55,244
3.0,0.083,132,0.598,0.5443,71.85,BB,15m,holdout,0.55,244
3.0,0.125,132,0.53,0.2798,36.93,BB,15m,holdout,0.55,244
3.0,0.167,132,0.508,0.484,63.88,BB,15m,holdout,0.55,244
3.0,0.25,132,0.47,0.5944,78.46,BB,15m,holdout,0.55,244
3.0,0.5,132,0.439,0.0224,2.96,BB,15m,holdout,0.55,244
3.0,1.0,132,0.409,-1.7833,-235.4,BB,15m,holdout,0.55,244
3.0,2.0,132,0.402,-3.5847,-473.18,BB,15m,holdout,0.55,244
3.0,5.0,132,0.326,-7.5312,-994.12,BB,15m,holdout,0.55,244
4.0,0.083,132,0.591,0.604,79.73,BB,15m,holdout,0.55,244
4.0,0.125,132,0.523,0.3782,49.93,BB,15m,holdout,0.55,244
4.0,0.167,132,0.492,0.5941,78.43,BB,15m,holdout,0.55,244
4.0,0.25,132,0.424,0.4355,57.49,BB,15m,holdout,0.55,244
4.0,0.5,132,0.379,0.1024,13.51,BB,15m,holdout,0.55,244
4.0,1.0,132,0.356,-1.5795,-208.5,BB,15m,holdout,0.55,244
4.0,2.0,132,0.356,-3.3683,-444.61,BB,15m,holdout,0.55,244
4.0,5.0,132,0.333,-7.2761,-960.44,BB,15m,holdout,0.55,244
5.0,0.083,132,0.591,0.6409,84.6,BB,15m,holdout,0.55,244
5.0,0.125,132,0.523,0.3887,51.31,BB,15m,holdout,0.55,244
5.0,0.167,132,0.492,0.6384,84.27,BB,15m,holdout,0.55,244
5.0,0.25,132,0.417,0.5734,75.69,BB,15m,holdout,0.55,244
5.0,0.5,132,0.371,0.4328,57.13,BB,15m,holdout,0.55,244
5.0,1.0,132,0.333,-1.2947,-170.9,BB,15m,holdout,0.55,244
5.0,2.0,132,0.326,-3.2351,-427.04,BB,15m,holdout,0.55,244
5.0,5.0,132,0.295,-7.1,-937.2,BB,15m,holdout,0.55,244
7.0,0.083,132,0.591,0.5683,75.01,BB,15m,holdout,0.55,244
7.0,0.125,132,0.523,0.3832,50.58,BB,15m,holdout,0.55,244
7.0,0.167,132,0.492,0.7025,92.73,BB,15m,holdout,0.55,244
7.0,0.25,132,0.417,0.7632,100.75,BB,15m,holdout,0.55,244
7.0,0.5,132,0.371,1.0085,133.12,BB,15m,holdout,0.55,244
7.0,1.0,132,0.333,-0.3293,-43.47,BB,15m,holdout,0.55,244
7.0,2.0,132,0.303,-2.8689,-378.7,BB,15m,holdout,0.55,244
7.0,5.0,132,0.258,-6.7203,-887.08,BB,15m,holdout,0.55,244
10.0,0.083,132,0.591,0.5709,75.36,BB,15m,holdout,0.55,244
10.0,0.125,132,0.523,0.4025,53.13,BB,15m,holdout,0.55,244
10.0,0.167,132,0.492,0.7545,99.59,BB,15m,holdout,0.55,244
10.0,0.25,132,0.417,0.8238,108.74,BB,15m,holdout,0.55,244
10.0,0.5,132,0.364,1.2566,165.88,BB,15m,holdout,0.55,244
10.0,1.0,132,0.326,0.1677,22.14,BB,15m,holdout,0.55,244
10.0,2.0,132,0.288,-2.1344,-281.74,BB,15m,holdout,0.55,244
10.0,5.0,132,0.212,-5.4643,-721.29,BB,15m,holdout,0.55,244
2.0,0.083,132,0.644,0.752,99.27,BB,15m,holdout,0.575,244
2.0,0.125,132,0.621,0.9543,125.97,BB,15m,holdout,0.575,244
2.0,0.167,132,0.598,0.8308,109.66,BB,15m,holdout,0.575,244
2.0,0.25,132,0.568,0.8452,111.57,BB,15m,holdout,0.575,244
2.0,0.5,132,0.515,-0.0153,-2.02,BB,15m,holdout,0.575,244
2.0,1.0,132,0.47,-1.3105,-172.99,BB,15m,holdout,0.575,244
2.0,2.0,132,0.386,-3.3161,-437.73,BB,15m,holdout,0.575,244
2.0,5.0,132,0.258,-7.442,-982.34,BB,15m,holdout,0.575,244
3.0,0.083,132,0.606,0.7436,98.15,BB,15m,holdout,0.575,244
3.0,0.125,132,0.553,0.6903,91.11,BB,15m,holdout,0.575,244
3.0,0.167,132,0.523,0.6762,89.26,BB,15m,holdout,0.575,244
3.0,0.25,132,0.477,0.6831,90.17,BB,15m,holdout,0.575,244
3.0,0.5,132,0.447,0.0955,12.6,BB,15m,holdout,0.575,244
3.0,1.0,132,0.417,-1.6857,-222.51,BB,15m,holdout,0.575,244
3.0,2.0,132,0.402,-3.4867,-460.25,BB,15m,holdout,0.575,244
3.0,5.0,132,0.318,-7.4358,-981.53,BB,15m,holdout,0.575,244
4.0,0.083,132,0.598,0.807,106.52,BB,15m,holdout,0.575,244
4.0,0.125,132,0.538,0.7186,94.85,BB,15m,holdout,0.575,244
4.0,0.167,132,0.5,0.7254,95.75,BB,15m,holdout,0.575,244
4.0,0.25,132,0.424,0.4515,59.59,BB,15m,holdout,0.575,244
4.0,0.5,132,0.379,0.0254,3.36,BB,15m,holdout,0.575,244
4.0,1.0,132,0.356,-1.6672,-220.06,BB,15m,holdout,0.575,244
4.0,2.0,132,0.356,-3.5557,-469.36,BB,15m,holdout,0.575,244
4.0,5.0,132,0.341,-7.4724,-986.36,BB,15m,holdout,0.575,244
5.0,0.083,132,0.598,0.7957,105.03,BB,15m,holdout,0.575,244
5.0,0.125,132,0.538,0.7203,95.08,BB,15m,holdout,0.575,244
5.0,0.167,132,0.492,0.7708,101.74,BB,15m,holdout,0.575,244
5.0,0.25,132,0.417,0.5977,78.89,BB,15m,holdout,0.575,244
5.0,0.5,132,0.371,0.3894,51.4,BB,15m,holdout,0.575,244
5.0,1.0,132,0.333,-1.347,-177.81,BB,15m,holdout,0.575,244
5.0,2.0,132,0.326,-3.2921,-434.56,BB,15m,holdout,0.575,244
5.0,5.0,132,0.295,-7.2005,-950.47,BB,15m,holdout,0.575,244
7.0,0.083,132,0.598,0.7224,95.36,BB,15m,holdout,0.575,244
7.0,0.125,132,0.538,0.7133,94.15,BB,15m,holdout,0.575,244
7.0,0.167,132,0.492,0.834,110.08,BB,15m,holdout,0.575,244
7.0,0.25,132,0.417,0.798,105.33,BB,15m,holdout,0.575,244
7.0,0.5,132,0.371,0.8992,118.69,BB,15m,holdout,0.575,244
7.0,1.0,132,0.333,-0.5074,-66.98,BB,15m,holdout,0.575,244
7.0,2.0,132,0.311,-2.7199,-359.03,BB,15m,holdout,0.575,244
7.0,5.0,132,0.273,-6.419,-847.31,BB,15m,holdout,0.575,244
10.0,0.083,132,0.598,0.7254,95.76,BB,15m,holdout,0.575,244
10.0,0.125,132,0.538,0.7337,96.85,BB,15m,holdout,0.575,244
10.0,0.167,132,0.492,0.8891,117.36,BB,15m,holdout,0.575,244
10.0,0.25,132,0.417,0.8691,114.72,BB,15m,holdout,0.575,244
10.0,0.5,132,0.364,1.2055,159.13,BB,15m,holdout,0.575,244
10.0,1.0,132,0.326,0.0965,12.74,BB,15m,holdout,0.575,244
10.0,2.0,132,0.295,-1.8934,-249.93,BB,15m,holdout,0.575,244
10.0,5.0,132,0.227,-5.324,-702.77,BB,15m,holdout,0.575,244
2.0,0.083,131,0.618,0.5304,69.49,BB,15m,holdout,0.6,244
2.0,0.125,131,0.58,0.5587,73.18,BB,15m,holdout,0.6,244
2.0,0.167,131,0.557,0.3038,39.8,BB,15m,holdout,0.6,244
2.0,0.25,131,0.527,0.3039,39.81,BB,15m,holdout,0.6,244
2.0,0.5,131,0.489,-0.5683,-74.45,BB,15m,holdout,0.6,244
2.0,1.0,131,0.435,-1.9043,-249.46,BB,15m,holdout,0.6,244
2.0,2.0,131,0.351,-3.9502,-517.48,BB,15m,holdout,0.6,244
2.0,5.0,131,0.237,-8.1117,-1062.64,BB,15m,holdout,0.6,244
3.0,0.083,131,0.595,0.6151,80.58,BB,15m,holdout,0.6,244
3.0,0.125,131,0.527,0.4711,61.72,BB,15m,holdout,0.6,244
3.0,0.167,131,0.496,0.3191,41.8,BB,15m,holdout,0.6,244
3.0,0.25,131,0.466,0.243,31.83,BB,15m,holdout,0.6,244
3.0,0.5,131,0.427,-0.4845,-63.47,BB,15m,holdout,0.6,244
3.0,1.0,131,0.405,-2.417,-316.63,BB,15m,holdout,0.6,244
3.0,2.0,131,0.382,-4.3336,-567.7,BB,15m,holdout,0.6,244
3.0,5.0,131,0.282,-8.3823,-1098.08,BB,15m,holdout,0.6,244
4.0,0.083,131,0.588,0.7129,93.39,BB,15m,holdout,0.6,244
4.0,0.125,131,0.511,0.5077,66.51,BB,15m,holdout,0.6,244
4.0,0.167,131,0.473,0.4303,56.37,BB,15m,holdout,0.6,244
4.0,0.25,131,0.42,0.291,38.12,BB,15m,holdout,0.6,244
4.0,0.5,131,0.374,-0.3343,-43.8,BB,15m,holdout,0.6,244
4.0,1.0,131,0.351,-2.2013,-288.37,BB,15m,holdout,0.6,244
4.0,2.0,131,0.351,-4.2337,-554.62,BB,15m,holdout,0.6,244
4.0,5.0,131,0.328,-8.2926,-1086.33,BB,15m,holdout,0.6,244
5.0,0.083,131,0.588,0.699,91.57,BB,15m,holdout,0.6,244
5.0,0.125,131,0.511,0.5154,67.51,BB,15m,holdout,0.6,244
5.0,0.167,131,0.466,0.4933,64.62,BB,15m,holdout,0.6,244
5.0,0.25,131,0.405,0.2897,37.96,BB,15m,holdout,0.6,244
5.0,0.5,131,0.359,-0.0788,-10.33,BB,15m,holdout,0.6,244
5.0,1.0,131,0.321,-1.8533,-242.78,BB,15m,holdout,0.6,244
5.0,2.0,131,0.321,-3.7855,-495.9,BB,15m,holdout,0.6,244
5.0,5.0,131,0.29,-7.7247,-1011.93,BB,15m,holdout,0.6,244
7.0,0.083,131,0.588,0.64,83.84,BB,15m,holdout,0.6,244
7.0,0.125,131,0.511,0.5364,70.26,BB,15m,holdout,0.6,244
7.0,0.167,131,0.466,0.5993,78.5,BB,15m,holdout,0.6,244
7.0,0.25,131,0.405,0.5589,73.22,BB,15m,holdout,0.6,244
7.0,0.5,131,0.359,0.585,76.64,BB,15m,holdout,0.6,244
7.0,1.0,131,0.321,-0.9549,-125.09,BB,15m,holdout,0.6,244
7.0,2.0,131,0.298,-3.2675,-428.05,BB,15m,holdout,0.6,244
7.0,5.0,131,0.26,-7.1122,-931.7,BB,15m,holdout,0.6,244
10.0,0.083,131,0.588,0.6437,84.33,BB,15m,holdout,0.6,244
10.0,0.125,131,0.511,0.5616,73.57,BB,15m,holdout,0.6,244
10.0,0.167,131,0.466,0.6644,87.03,BB,15m,holdout,0.6,244
10.0,0.25,131,0.405,0.6471,84.78,BB,15m,holdout,0.6,244
10.0,0.5,131,0.351,0.9127,119.57,BB,15m,holdout,0.6,244
10.0,1.0,131,0.313,-0.3362,-44.04,BB,15m,holdout,0.6,244
10.0,2.0,131,0.282,-2.5316,-331.64,BB,15m,holdout,0.6,244
10.0,5.0,131,0.214,-6.2985,-825.11,BB,15m,holdout,0.6,244
2.0,0.083,132,0.606,0.7922,104.58,BB,15m,holdout,0.625,244
2.0,0.125,132,0.568,0.7182,94.81,BB,15m,holdout,0.625,244
2.0,0.167,132,0.553,0.4833,63.79,BB,15m,holdout,0.625,244
2.0,0.25,132,0.538,0.1731,22.85,BB,15m,holdout,0.625,244
2.0,0.5,132,0.492,-0.6992,-92.3,BB,15m,holdout,0.625,244
2.0,1.0,132,0.447,-2.0649,-272.57,BB,15m,holdout,0.625,244
2.0,2.0,132,0.333,-4.0675,-536.92,BB,15m,holdout,0.625,244
2.0,5.0,132,0.205,-8.1899,-1081.07,BB,15m,holdout,0.625,244
3.0,0.083,132,0.576,0.7857,103.71,BB,15m,holdout,0.625,244
3.0,0.125,132,0.53,0.7128,94.08,BB,15m,holdout,0.625,244
3.0,0.167,132,0.5,0.5631,74.33,BB,15m,holdout,0.625,244
3.0,0.25,132,0.47,0.094,12.41,BB,15m,holdout,0.625,244
3.0,0.5,132,0.424,-0.6717,-88.67,BB,15m,holdout,0.625,244
3.0,1.0,132,0.402,-2.6396,-348.42,BB,15m,holdout,0.625,244
3.0,2.0,132,0.371,-4.6043,-607.77,BB,15m,holdout,0.625,244
3.0,5.0,132,0.258,-8.6713,-1144.61,BB,15m,holdout,0.625,244
4.0,0.083,132,0.561,0.8589,113.37,BB,15m,holdout,0.625,244
4.0,0.125,132,0.5,0.618,81.58,BB,15m,holdout,0.625,244
4.0,0.167,132,0.462,0.5141,67.86,BB,15m,holdout,0.625,244
4.0,0.25,132,0.409,-0.0752,-9.92,BB,15m,holdout,0.625,244
4.0,0.5,132,0.356,-0.8641,-114.06,BB,15m,holdout,0.625,244
4.0,1.0,132,0.333,-2.8417,-375.11,BB,15m,holdout,0.625,244
4.0,2.0,132,0.333,-4.9058,-647.57,BB,15m,holdout,0.625,244
4.0,5.0,132,0.318,-8.9702,-1184.07,BB,15m,holdout,0.625,244
5.0,0.083,132,0.561,0.8021,105.88,BB,15m,holdout,0.625,244
5.0,0.125,132,0.492,0.5672,74.87,BB,15m,holdout,0.625,244
5.0,0.167,132,0.447,0.519,68.51,BB,15m,holdout,0.625,244
5.0,0.25,132,0.379,-0.2164,-28.56,BB,15m,holdout,0.625,244
5.0,0.5,132,0.326,-0.6297,-83.12,BB,15m,holdout,0.625,244
5.0,1.0,132,0.303,-2.5097,-331.28,BB,15m,holdout,0.625,244
5.0,2.0,132,0.303,-4.4825,-591.69,BB,15m,holdout,0.625,244
5.0,5.0,132,0.288,-8.4583,-1116.5,BB,15m,holdout,0.625,244
7.0,0.083,132,0.561,0.7459,98.46,BB,15m,holdout,0.625,244
7.0,0.125,132,0.492,0.5924,78.2,BB,15m,holdout,0.625,244
7.0,0.167,132,0.447,0.6295,83.1,BB,15m,holdout,0.625,244
7.0,0.25,132,0.379,0.0639,8.43,BB,15m,holdout,0.625,244
7.0,0.5,132,0.326,0.03,3.95,BB,15m,holdout,0.625,244
7.0,1.0,132,0.303,-1.5979,-210.93,BB,15m,holdout,0.625,244
7.0,2.0,132,0.273,-3.8287,-505.39,BB,15m,holdout,0.625,244
7.0,5.0,132,0.242,-7.7578,-1024.03,BB,15m,holdout,0.625,244
10.0,0.083,132,0.561,0.7493,98.9,BB,15m,holdout,0.625,244
10.0,0.125,132,0.492,0.6128,80.9,BB,15m,holdout,0.625,244
10.0,0.167,132,0.447,0.6835,90.22,BB,15m,holdout,0.625,244
10.0,0.25,132,0.379,0.1312,17.31,BB,15m,holdout,0.625,244
10.0,0.5,132,0.318,0.3701,48.86,BB,15m,holdout,0.625,244
10.0,1.0,132,0.295,-0.8825,-116.49,BB,15m,holdout,0.625,244
10.0,2.0,132,0.265,-3.2191,-424.93,BB,15m,holdout,0.625,244
10.0,5.0,132,0.205,-7.0776,-934.24,BB,15m,holdout,0.625,244
2.0,0.083,132,0.621,0.9182,121.2,BB,15m,holdout,0.65,244
2.0,0.125,132,0.561,0.5991,79.09,BB,15m,holdout,0.65,244
2.0,0.167,132,0.553,0.5046,66.61,BB,15m,holdout,0.65,244
2.0,0.25,132,0.545,0.1827,24.11,BB,15m,holdout,0.65,244
2.0,0.5,132,0.485,-0.6661,-87.92,BB,15m,holdout,0.65,244
2.0,1.0,132,0.432,-1.9994,-263.92,BB,15m,holdout,0.65,244
2.0,2.0,132,0.326,-3.9841,-525.9,BB,15m,holdout,0.65,244
2.0,5.0,132,0.189,-8.1342,-1073.72,BB,15m,holdout,0.65,244
3.0,0.083,132,0.591,0.925,122.1,BB,15m,holdout,0.65,244
3.0,0.125,132,0.523,0.75,99.0,BB,15m,holdout,0.65,244
3.0,0.167,132,0.508,0.7557,99.76,BB,15m,holdout,0.65,244
3.0,0.25,132,0.477,0.2423,31.98,BB,15m,holdout,0.65,244
3.0,0.5,132,0.417,-0.56,-73.91,BB,15m,holdout,0.65,244
3.0,1.0,132,0.402,-1.891,-249.61,BB,15m,holdout,0.65,244
3.0,2.0,132,0.371,-3.9631,-523.13,BB,15m,holdout,0.65,244
3.0,5.0,132,0.28,-8.1193,-1071.74,BB,15m,holdout,0.65,244
4.0,0.083,132,0.583,1.0687,141.07,BB,15m,holdout,0.65,244
4.0,0.125,132,0.5,0.7743,102.21,BB,15m,holdout,0.65,244
4.0,0.167,132,0.477,0.8231,108.65,BB,15m,holdout,0.65,244
4.0,0.25,132,0.424,0.3166,41.79,BB,15m,holdout,0.65,244
4.0,0.5,132,0.371,-0.4099,-54.1,BB,15m,holdout,0.65,244
4.0,1.0,132,0.356,-2.3373,-308.52,BB,15m,holdout,0.65,244
4.0,2.0,132,0.348,-4.367,-576.44,BB,15m,holdout,0.65,244
4.0,5.0,132,0.326,-8.4075,-1109.8,BB,15m,holdout,0.65,244
5.0,0.083,132,0.583,1.0104,133.37,BB,15m,holdout,0.65,244
5.0,0.125,132,0.492,0.6758,89.2,BB,15m,holdout,0.65,244
5.0,0.167,132,0.462,0.789,104.15,BB,15m,holdout,0.65,244
5.0,0.25,132,0.386,0.0557,7.35,BB,15m,holdout,0.65,244
5.0,0.5,132,0.326,-0.4113,-54.3,BB,15m,holdout,0.65,244
5.0,1.0,132,0.311,-2.2962,-303.1,BB,15m,holdout,0.65,244
5.0,2.0,132,0.303,-4.264,-562.85,BB,15m,holdout,0.65,244
5.0,5.0,132,0.288,-8.2391,-1087.56,BB,15m,holdout,0.65,244
7.0,0.083,132,0.583,0.9548,126.03,BB,15m,holdout,0.65,244
7.0,0.125,132,0.492,0.6979,92.12,BB,15m,holdout,0.65,244
7.0,0.167,132,0.462,0.8937,117.97,BB,15m,holdout,0.65,244
7.0,0.25,132,0.386,0.3427,45.23,BB,15m,holdout,0.65,244
7.0,0.5,132,0.326,0.1811,23.9,BB,15m,holdout,0.65,244
7.0,1.0,132,0.303,-1.4636,-193.19,BB,15m,holdout,0.65,244
7.0,2.0,132,0.273,-3.7103,-489.76,BB,15m,holdout,0.65,244
7.0,5.0,132,0.242,-7.6702,-1012.46,BB,15m,holdout,0.65,244
10.0,0.083,132,0.583,0.9602,126.75,BB,15m,holdout,0.65,244
10.0,0.125,132,0.492,0.7237,95.53,BB,15m,holdout,0.65,244
10.0,0.167,132,0.462,0.9537,125.89,BB,15m,holdout,0.65,244
10.0,0.25,132,0.386,0.4157,54.88,BB,15m,holdout,0.65,244
10.0,0.5,132,0.318,0.5238,69.14,BB,15m,holdout,0.65,244
10.0,1.0,132,0.295,-0.7306,-96.44,BB,15m,holdout,0.65,244
10.0,2.0,132,0.265,-3.0962,-408.69,BB,15m,holdout,0.65,244
10.0,5.0,132,0.205,-7.0145,-925.91,BB,15m,holdout,0.65,244
2.0,0.083,128,0.625,1.1317,144.86,BB,15m,holdout,0.675,244
2.0,0.125,128,0.578,0.7102,90.91,BB,15m,holdout,0.675,244
2.0,0.167,128,0.57,0.5811,74.38,BB,15m,holdout,0.675,244
2.0,0.25,128,0.562,0.3211,41.1,BB,15m,holdout,0.675,244
2.0,0.5,128,0.508,-0.4876,-62.41,BB,15m,holdout,0.675,244
2.0,1.0,128,0.43,-1.783,-228.22,BB,15m,holdout,0.675,244
2.0,2.0,128,0.336,-3.7325,-477.75,BB,15m,holdout,0.675,244
2.0,5.0,128,0.188,-7.8316,-1002.44,BB,15m,holdout,0.675,244
3.0,0.083,128,0.617,1.3621,174.35,BB,15m,holdout,0.675,244
3.0,0.125,128,0.562,1.1479,146.93,BB,15m,holdout,0.675,244
3.0,0.167,128,0.547,1.1504,147.25,BB,15m,holdout,0.675,244
3.0,0.25,128,0.523,0.571,73.09,BB,15m,holdout,0.675,244
3.0,0.5,128,0.453,-0.2828,-36.2,BB,15m,holdout,0.675,244
3.0,1.0,128,0.43,-1.5863,-203.05,BB,15m,holdout,0.675,244
3.0,2.0,128,0.375,-3.6004,-460.86,BB,15m,holdout,0.675,244
3.0,5.0,128,0.273,-7.7097,-986.85,BB,15m,holdout,0.675,244
4.0,0.083,128,0.602,1.4748,188.77,BB,15m,holdout,0.675,244
4.0,0.125,128,0.523,1.1327,144.98,BB,15m,holdout,0.675,244
4.0,0.167,128,0.492,1.1656,149.2,BB,15m,holdout,0.675,244
4.0,0.25,128,0.453,0.6826,87.37,BB,15m,holdout,0.675,244
4.0,0.5,128,0.391,-0.0194,-2.49,BB,15m,holdout,0.675,244
4.0,1.0,128,0.375,-1.9063,-244.01,BB,15m,holdout,0.675,244
4.0,2.0,128,0.375,-3.7303,-477.48,BB,15m,holdout,0.675,244
4.0,5.0,128,0.359,-7.6604,-980.53,BB,15m,holdout,0.675,244
5.0,0.083,128,0.602,1.4469,185.21,BB,15m,holdout,0.675,244
5.0,0.125,128,0.516,1.0894,139.45,BB,15m,holdout,0.675,244
5.0,0.167,128,0.484,1.1911,152.46,BB,15m,holdout,0.675,244
5.0,0.25,128,0.422,0.4546,58.18,BB,15m,holdout,0.675,244
5.0,0.5,128,0.352,-0.2167,-27.73,BB,15m,holdout,0.675,244
5.0,1.0,128,0.336,-2.0504,-262.46,BB,15m,holdout,0.675,244
5.0,2.0,128,0.328,-3.9787,-509.27,BB,15m,holdout,0.675,244
5.0,5.0,128,0.32,-7.9001,-1011.21,BB,15m,holdout,0.675,244
7.0,0.083,128,0.602,1.3543,173.35,BB,15m,holdout,0.675,244
7.0,0.125,128,0.516,1.0624,135.99,BB,15m,holdout,0.675,244
7.0,0.167,128,0.484,1.2709,162.67,BB,15m,holdout,0.675,244
7.0,0.25,128,0.406,0.6691,85.65,BB,15m,holdout,0.675,244
7.0,0.5,128,0.336,0.5207,66.65,BB,15m,holdout,0.675,244
7.0,1.0,128,0.32,-1.2677,-162.27,BB,15m,holdout,0.675,244
7.0,2.0,128,0.289,-3.342,-427.77,BB,15m,holdout,0.675,244
7.0,5.0,128,0.266,-7.2688,-930.41,BB,15m,holdout,0.675,244
10.0,0.083,128,0.602,1.3608,174.18,BB,15m,holdout,0.675,244
10.0,0.125,128,0.516,1.0928,139.88,BB,15m,holdout,0.675,244
10.0,0.167,128,0.484,1.3421,171.79,BB,15m,holdout,0.675,244
10.0,0.25,128,0.406,0.7674,98.22,BB,15m,holdout,0.675,244
10.0,0.5,128,0.32,0.6055,77.5,BB,15m,holdout,0.675,244
10.0,1.0,128,0.297,-0.9013,-115.37,BB,15m,holdout,0.675,244
10.0,2.0,128,0.266,-3.2745,-419.13,BB,15m,holdout,0.675,244
10.0,5.0,128,0.211,-7.2577,-928.99,BB,15m,holdout,0.675,244
2.0,0.083,129,0.628,1.0809,139.44,BB,15m,holdout,0.7,244
2.0,0.125,129,0.589,0.7194,92.8,BB,15m,holdout,0.7,244
2.0,0.167,129,0.581,0.6312,81.42,BB,15m,holdout,0.7,244
2.0,0.25,129,0.574,0.3751,48.38,BB,15m,holdout,0.7,244
2.0,0.5,129,0.512,-0.4047,-52.2,BB,15m,holdout,0.7,244
2.0,1.0,129,0.434,-1.6786,-216.53,BB,15m,holdout,0.7,244
2.0,2.0,129,0.333,-3.618,-466.73,BB,15m,holdout,0.7,244
2.0,5.0,129,0.194,-7.7253,-996.57,BB,15m,holdout,0.7,244
3.0,0.083,129,0.628,1.3829,178.39,BB,15m,holdout,0.7,244
3.0,0.125,129,0.566,1.1697,150.89,BB,15m,holdout,0.7,244
3.0,0.167,129,0.55,1.2062,155.6,BB,15m,holdout,0.7,244
3.0,0.25,129,0.535,0.8078,104.21,BB,15m,holdout,0.7,244
3.0,0.5,129,0.465,-0.0113,-1.46,BB,15m,holdout,0.7,244
3.0,1.0,129,0.442,-1.284,-165.64,BB,15m,holdout,0.7,244
3.0,2.0,129,0.395,-3.2734,-422.27,BB,15m,holdout,0.7,244
3.0,5.0,129,0.271,-7.359,-949.31,BB,15m,holdout,0.7,244
4.0,0.083,129,0.605,1.3726,177.07,BB,15m,holdout,0.7,244
4.0,0.125,129,0.527,1.0553,136.14,BB,15m,holdout,0.7,244
4.0,0.167,129,0.488,1.1153,143.87,BB,15m,holdout,0.7,244
4.0,0.25,129,0.465,0.5915,76.3,BB,15m,holdout,0.7,244
4.0,0.5,129,0.395,-0.1065,-13.74,BB,15m,holdout,0.7,244
4.0,1.0,129,0.38,-1.9476,-251.24,BB,15m,holdout,0.7,244
4.0,2.0,129,0.372,-3.7502,-483.78,BB,15m,holdout,0.7,244
4.0,5.0,129,0.341,-7.6779,-990.45,BB,15m,holdout,0.7,244
5.0,0.083,129,0.605,1.354,174.66,BB,15m,holdout,0.7,244
5.0,0.125,129,0.519,0.9721,125.41,BB,15m,holdout,0.7,244
5.0,0.167,129,0.481,1.0895,140.55,BB,15m,holdout,0.7,244
5.0,0.25,129,0.434,0.4807,62.02,BB,15m,holdout,0.7,244
5.0,0.5,129,0.357,-0.2143,-27.65,BB,15m,holdout,0.7,244
5.0,1.0,129,0.341,-2.0,-257.99,BB,15m,holdout,0.7,244
5.0,2.0,129,0.341,-3.9372,-507.9,BB,15m,holdout,0.7,244
5.0,5.0,129,0.333,-7.8856,-1017.25,BB,15m,holdout,0.7,244
7.0,0.083,129,0.605,1.2746,164.42,BB,15m,holdout,0.7,244
7.0,0.125,129,0.519,0.9818,126.66,BB,15m,holdout,0.7,244
7.0,0.167,129,0.481,1.2378,159.67,BB,15m,holdout,0.7,244
7.0,0.25,129,0.411,0.6488,83.7,BB,15m,holdout,0.7,244
7.0,0.5,129,0.333,0.4983,64.28,BB,15m,holdout,0.7,244
7.0,1.0,129,0.318,-1.2335,-159.12,BB,15m,holdout,0.7,244
7.0,2.0,129,0.302,-3.1164,-402.02,BB,15m,holdout,0.7,244
7.0,5.0,129,0.279,-6.9373,-894.91,BB,15m,holdout,0.7,244
10.0,0.083,129,0.605,1.2806,165.2,BB,15m,holdout,0.7,244
10.0,0.125,129,0.519,1.0089,130.15,BB,15m,holdout,0.7,244
10.0,0.167,129,0.481,1.2991,167.58,BB,15m,holdout,0.7,244
10.0,0.25,129,0.411,0.7323,94.46,BB,15m,holdout,0.7,244
10.0,0.5,129,0.318,0.5891,75.99,BB,15m,holdout,0.7,244
10.0,1.0,129,0.295,-0.8242,-106.32,BB,15m,holdout,0.7,244
10.0,2.0,129,0.279,-3.1963,-412.33,BB,15m,holdout,0.7,244
10.0,5.0,129,0.217,-7.2454,-934.66,BB,15m,holdout,0.7,244
2.0,0.083,1280,0.748,2.5319,3240.85,MB,15m,train,0.3,1929
2.0,0.125,1280,0.69,2.8935,3703.67,MB,15m,train,0.3,1929
2.0,0.167,1280,0.655,2.6741,3422.87,MB,15m,train,0.3,1929
2.0,0.25,1280,0.599,2.1903,2803.59,MB,15m,train,0.3,1929
2.0,0.5,1280,0.525,0.8865,1134.76,MB,15m,train,0.3,1929
2.0,1.0,1280,0.477,-0.7274,-931.11,MB,15m,train,0.3,1929
2.0,2.0,1280,0.425,-3.2801,-4198.53,MB,15m,train,0.3,1929
2.0,5.0,1280,0.291,-7.7831,-9962.4,MB,15m,train,0.3,1929
3.0,0.083,1280,0.741,2.5832,3306.55,MB,15m,train,0.3,1929
3.0,0.125,1280,0.672,3.0746,3935.53,MB,15m,train,0.3,1929
3.0,0.167,1280,0.626,2.8754,3680.55,MB,15m,train,0.3,1929
3.0,0.25,1280,0.565,2.58,3302.46,MB,15m,train,0.3,1929
3.0,0.5,1280,0.47,1.3377,1712.21,MB,15m,train,0.3,1929
3.0,1.0,1280,0.405,-0.4407,-564.13,MB,15m,train,0.3,1929
3.0,2.0,1280,0.37,-3.1592,-4043.75,MB,15m,train,0.3,1929
3.0,5.0,1280,0.316,-7.7855,-9965.44,MB,15m,train,0.3,1929
4.0,0.083,1280,0.739,2.6042,3333.4,MB,15m,train,0.3,1929
4.0,0.125,1280,0.669,3.1628,4048.41,MB,15m,train,0.3,1929
4.0,0.167,1280,0.623,3.034,3883.55,MB,15m,train,0.3,1929
4.0,0.25,1280,0.557,2.8056,3591.18,MB,15m,train,0.3,1929
4.0,0.5,1280,0.455,1.6663,2132.82,MB,15m,train,0.3,1929
4.0,1.0,1280,0.37,-0.1313,-168.09,MB,15m,train,0.3,1929
4.0,2.0,1280,0.322,-3.0102,-3853.01,MB,15m,train,0.3,1929
4.0,5.0,1280,0.286,-7.7089,-9867.35,MB,15m,train,0.3,1929
5.0,0.083,1280,0.738,2.6016,3330.11,MB,15m,train,0.3,1929
5.0,0.125,1280,0.667,3.1437,4023.88,MB,15m,train,0.3,1929
5.0,0.167,1280,0.621,3.0397,3890.78,MB,15m,train,0.3,1929
5.0,0.25,1280,0.552,2.8458,3642.58,MB,15m,train,0.3,1929
5.0,0.5,1280,0.444,1.8593,2379.92,MB,15m,train,0.3,1929
5.0,1.0,1280,0.352,0.0684,87.54,MB,15m,train,0.3,1929
5.0,2.0,1280,0.288,-2.8125,-3600.06,MB,15m,train,0.3,1929
5.0,5.0,1280,0.247,-7.6819,-9832.89,MB,15m,train,0.3,1929
7.0,0.083,1280,0.738,2.5892,3314.22,MB,15m,train,0.3,1929
7.0,0.125,1280,0.666,3.1389,4017.75,MB,15m,train,0.3,1929
7.0,0.167,1280,0.62,3.0332,3882.45,MB,15m,train,0.3,1929
7.0,0.25,1280,0.549,2.8161,3604.66,MB,15m,train,0.3,1929
7.0,0.5,1280,0.436,1.8506,2368.73,MB,15m,train,0.3,1929
7.0,1.0,1280,0.338,0.2148,275.0,MB,15m,train,0.3,1929
7.0,2.0,1280,0.263,-2.5864,-3310.64,MB,15m,train,0.3,1929
7.0,5.0,1280,0.212,-7.3196,-9369.15,MB,15m,train,0.3,1929
10.0,0.083,1280,0.738,2.5899,3315.02,MB,15m,train,0.3,1929
10.0,0.125,1280,0.666,3.1419,4021.57,MB,15m,train,0.3,1929
10.0,0.167,1280,0.619,3.0232,3869.66,MB,15m,train,0.3,1929
10.0,0.25,1280,0.548,2.803,3587.83,MB,15m,train,0.3,1929
10.0,0.5,1280,0.43,1.7932,2295.36,MB,15m,train,0.3,1929
10.0,1.0,1280,0.333,0.3063,392.04,MB,15m,train,0.3,1929
10.0,2.0,1280,0.253,-2.5276,-3235.31,MB,15m,train,0.3,1929
10.0,5.0,1280,0.182,-7.2569,-9288.89,MB,15m,train,0.3,1929
2.0,0.083,1289,0.742,2.3742,3060.38,MB,15m,train,0.325,1929
2.0,0.125,1289,0.68,2.6538,3420.75,MB,15m,train,0.325,1929
2.0,0.167,1289,0.646,2.4701,3183.96,MB,15m,train,0.325,1929
2.0,0.25,1289,0.592,1.9855,2559.32,MB,15m,train,0.325,1929
2.0,0.5,1289,0.516,0.6185,797.25,MB,15m,train,0.325,1929
2.0,1.0,1289,0.469,-0.977,-1259.38,MB,15m,train,0.325,1929
2.0,2.0,1289,0.415,-3.5016,-4513.56,MB,15m,train,0.325,1929
2.0,5.0,1289,0.284,-7.9742,-10278.72,MB,15m,train,0.325,1929
3.0,0.083,1289,0.737,2.4606,3171.66,MB,15m,train,0.325,1929
3.0,0.125,1289,0.667,2.909,3749.66,MB,15m,train,0.325,1929
3.0,0.167,1289,0.621,2.7889,3594.87,MB,15m,train,0.325,1929
3.0,0.25,1289,0.562,2.4967,3218.26,MB,15m,train,0.325,1929
3.0,0.5,1289,0.467,1.2113,1561.36,MB,15m,train,0.325,1929
3.0,1.0,1289,0.406,-0.566,-729.59,MB,15m,train,0.325,1929
3.0,2.0,1289,0.369,-3.3093,-4265.67,MB,15m,train,0.325,1929
3.0,5.0,1289,0.316,-7.9508,-10248.54,MB,15m,train,0.325,1929
4.0,0.083,1289,0.734,2.4659,3178.54,MB,15m,train,0.325,1929
4.0,0.125,1289,0.662,2.9668,3824.18,MB,15m,train,0.325,1929
4.0,0.167,1289,0.616,2.9236,3768.47,MB,15m,train,0.325,1929
4.0,0.25,1289,0.552,2.688,3464.86,MB,15m,train,0.325,1929
4.0,0.5,1289,0.449,1.5188,1957.72,MB,15m,train,0.325,1929
4.0,1.0,1289,0.367,-0.3186,-410.68,MB,15m,train,0.325,1929
4.0,2.0,1289,0.318,-3.2222,-4153.43,MB,15m,train,0.325,1929
4.0,5.0,1289,0.282,-7.9428,-10238.29,MB,15m,train,0.325,1929
5.0,0.083,1289,0.733,2.4652,3177.58,MB,15m,train,0.325,1929
5.0,0.125,1289,0.66,2.9502,3802.78,MB,15m,train,0.325,1929
5.0,0.167,1289,0.614,2.931,3778.12,MB,15m,train,0.325,1929
5.0,0.25,1289,0.547,2.7249,3512.41,MB,15m,train,0.325,1929
5.0,0.5,1289,0.439,1.6434,2118.32,MB,15m,train,0.325,1929
5.0,1.0,1289,0.347,-0.1306,-168.4,MB,15m,train,0.325,1929
5.0,2.0,1289,0.285,-3.0208,-3893.75,MB,15m,train,0.325,1929
5.0,5.0,1289,0.247,-7.8599,-10131.44,MB,15m,train,0.325,1929
7.0,0.083,1289,0.732,2.4544,3163.73,MB,15m,train,0.325,1929
7.0,0.125,1289,0.659,2.9494,3801.76,MB,15m,train,0.325,1929
7.0,0.167,1289,0.613,2.9312,3778.36,MB,15m,train,0.325,1929
7.0,0.25,1289,0.545,2.7096,3492.7,MB,15m,train,0.325,1929
7.0,0.5,1289,0.432,1.702,2193.92,MB,15m,train,0.325,1929
7.0,1.0,1289,0.334,0.0801,103.3,MB,15m,train,0.325,1929
7.0,2.0,1289,0.258,-2.6525,-3419.07,MB,15m,train,0.325,1929
7.0,5.0,1289,0.211,-7.4161,-9559.4,MB,15m,train,0.325,1929
10.0,0.083,1289,0.732,2.4552,3164.74,MB,15m,train,0.325,1929
10.0,0.125,1289,0.659,2.9533,3806.75,MB,15m,train,0.325,1929
10.0,0.167,1289,0.612,2.9229,3767.68,MB,15m,train,0.325,1929
10.0,0.25,1289,0.543,2.6974,3477.0,MB,15m,train,0.325,1929
10.0,0.5,1289,0.428,1.7155,2211.32,MB,15m,train,0.325,1929
10.0,1.0,1289,0.33,0.2708,349.04,MB,15m,train,0.325,1929
10.0,2.0,1289,0.249,-2.4779,-3193.97,MB,15m,train,0.325,1929
10.0,5.0,1289,0.182,-7.2201,-9306.71,MB,15m,train,0.325,1929
2.0,0.083,1286,0.747,2.467,3172.6,MB,15m,train,0.35,1929
2.0,0.125,1286,0.678,2.7009,3473.3,MB,15m,train,0.35,1929
2.0,0.167,1286,0.65,2.5401,3266.57,MB,15m,train,0.35,1929
2.0,0.25,1286,0.592,2.0306,2611.39,MB,15m,train,0.35,1929
2.0,0.5,1286,0.519,0.6954,894.29,MB,15m,train,0.35,1929
2.0,1.0,1286,0.472,-0.8985,-1155.5,MB,15m,train,0.35,1929
2.0,2.0,1286,0.413,-3.4069,-4381.27,MB,15m,train,0.35,1929
2.0,5.0,1286,0.287,-7.8288,-10067.83,MB,15m,train,0.35,1929
3.0,0.083,1286,0.741,2.5722,3307.85,MB,15m,train,0.35,1929
3.0,0.125,1286,0.666,2.9851,3838.84,MB,15m,train,0.35,1929
3.0,0.167,1286,0.626,2.8492,3664.03,MB,15m,train,0.35,1929
3.0,0.25,1286,0.562,2.5339,3258.61,MB,15m,train,0.35,1929
3.0,0.5,1286,0.472,1.2345,1587.56,MB,15m,train,0.35,1929
3.0,1.0,1286,0.41,-0.5435,-699.0,MB,15m,train,0.35,1929
3.0,2.0,1286,0.368,-3.3175,-4266.29,MB,15m,train,0.35,1929
3.0,5.0,1286,0.312,-7.9576,-10233.5,MB,15m,train,0.35,1929
4.0,0.083,1286,0.738,2.587,3326.89,MB,15m,train,0.35,1929
4.0,0.125,1286,0.66,3.0553,3929.16,MB,15m,train,0.35,1929
4.0,0.167,1286,0.619,2.9898,3844.87,MB,15m,train,0.35,1929
4.0,0.25,1286,0.551,2.7664,3557.55,MB,15m,train,0.35,1929
4.0,0.5,1286,0.453,1.6224,2086.41,MB,15m,train,0.35,1929
4.0,1.0,1286,0.372,-0.1555,-199.99,MB,15m,train,0.35,1929
4.0,2.0,1286,0.323,-2.977,-3828.46,MB,15m,train,0.35,1929
4.0,5.0,1286,0.289,-7.6844,-9882.11,MB,15m,train,0.35,1929
5.0,0.083,1286,0.737,2.5893,3329.88,MB,15m,train,0.35,1929
5.0,0.125,1286,0.659,3.047,3918.5,MB,15m,train,0.35,1929
5.0,0.167,1286,0.617,3.024,3888.84,MB,15m,train,0.35,1929
5.0,0.25,1286,0.547,2.8339,3644.37,MB,15m,train,0.35,1929
5.0,0.5,1286,0.444,1.7536,2255.13,MB,15m,train,0.35,1929
5.0,1.0,1286,0.351,-0.0169,-21.78,MB,15m,train,0.35,1929
5.0,2.0,1286,0.286,-2.9401,-3780.91,MB,15m,train,0.35,1929
5.0,5.0,1286,0.252,-7.7198,-9927.62,MB,15m,train,0.35,1929
7.0,0.083,1286,0.736,2.5792,3316.83,MB,15m,train,0.35,1929
7.0,0.125,1286,0.657,3.0437,3914.21,MB,15m,train,0.35,1929
7.0,0.167,1286,0.616,3.0106,3871.6,MB,15m,train,0.35,1929
7.0,0.25,1286,0.544,2.8284,3637.35,MB,15m,train,0.35,1929
7.0,0.5,1286,0.435,1.8082,2325.35,MB,15m,train,0.35,1929
7.0,1.0,1286,0.336,0.2014,258.97,MB,15m,train,0.35,1929
7.0,2.0,1286,0.259,-2.561,-3293.48,MB,15m,train,0.35,1929
7.0,5.0,1286,0.213,-7.3675,-9474.6,MB,15m,train,0.35,1929
10.0,0.083,1286,0.736,2.58,3317.85,MB,15m,train,0.35,1929
10.0,0.125,1286,0.657,3.0479,3919.66,MB,15m,train,0.35,1929
10.0,0.167,1286,0.615,3.0036,3862.67,MB,15m,train,0.35,1929
10.0,0.25,1286,0.542,2.7935,3592.46,MB,15m,train,0.35,1929
10.0,0.5,1286,0.431,1.8077,2324.76,MB,15m,train,0.35,1929
10.0,1.0,1286,0.331,0.3898,501.22,MB,15m,train,0.35,1929
10.0,2.0,1286,0.248,-2.3508,-3023.18,MB,15m,train,0.35,1929
10.0,5.0,1286,0.182,-7.0818,-9107.25,MB,15m,train,0.35,1929
2.0,0.083,1289,0.741,2.4268,3128.1,MB,15m,train,0.375,1929
2.0,0.125,1289,0.67,2.6424,3406.04,MB,15m,train,0.375,1929
2.0,0.167,1289,0.64,2.423,3123.25,MB,15m,train,0.375,1929
2.0,0.25,1289,0.59,1.9387,2498.98,MB,15m,train,0.375,1929
2.0,0.5,1289,0.516,0.5753,741.5,MB,15m,train,0.375,1929
2.0,1.0,1289,0.465,-1.0222,-1317.56,MB,15m,train,0.375,1929
2.0,2.0,1289,0.405,-3.5296,-4549.64,MB,15m,train,0.375,1929
2.0,5.0,1289,0.279,-7.9554,-10254.5,MB,15m,train,0.375,1929
3.0,0.083,1289,0.735,2.5288,3259.56,MB,15m,train,0.375,1929
3.0,0.125,1289,0.652,2.9002,3738.39,MB,15m,train,0.375,1929
3.0,0.167,1289,0.614,2.7284,3516.86,MB,15m,train,0.375,1929
3.0,0.25,1289,0.558,2.4062,3101.55,MB,15m,train,0.375,1929
3.0,0.5,1289,0.466,1.1222,1446.51,MB,15m,train,0.375,1929
3.0,1.0,1289,0.406,-0.6621,-853.51,MB,15m,train,0.375,1929
3.0,2.0,1289,0.369,-3.3137,-4271.34,MB,15m,train,0.375,1929
3.0,5.0,1289,0.309,-7.9478,-10244.78,MB,15m,train,0.375,1929
4.0,0.083,1289,0.732,2.559,3298.56,MB,15m,train,0.375,1929
4.0,0.125,1289,0.648,2.9932,3858.3,MB,15m,train,0.375,1929
4.0,0.167,1289,0.607,2.882,3714.86,MB,15m,train,0.375,1929
4.0,0.25,1289,0.546,2.6852,3461.24,MB,15m,train,0.375,1929
4.0,0.5,1289,0.446,1.5662,2018.79,MB,15m,train,0.375,1929
4.0,1.0,1289,0.369,-0.2281,-293.98,MB,15m,train,0.375,1929
4.0,2.0,1289,0.32,-3.0403,-3918.94,MB,15m,train,0.375,1929
4.0,5.0,1289,0.285,-7.7745,-10021.27,MB,15m,train,0.375,1929
5.0,0.083,1289,0.732,2.562,3302.36,MB,15m,train,0.375,1929
5.0,0.125,1289,0.646,2.9915,3856.07,MB,15m,train,0.375,1929
5.0,0.167,1289,0.605,2.9302,3777.02,MB,15m,train,0.375,1929
5.0,0.25,1289,0.542,2.7562,3552.77,MB,15m,train,0.375,1929
5.0,0.5,1289,0.438,1.6573,2136.28,MB,15m,train,0.375,1929
5.0,1.0,1289,0.345,-0.0913,-117.64,MB,15m,train,0.375,1929
5.0,2.0,1289,0.288,-2.9614,-3817.23,MB,15m,train,0.375,1929
5.0,5.0,1289,0.252,-7.7206,-9951.84,MB,15m,train,0.375,1929
7.0,0.083,1289,0.731,2.5582,3297.57,MB,15m,train,0.375,1929
7.0,0.125,1289,0.645,2.9937,3858.9,MB,15m,train,0.375,1929
7.0,0.167,1289,0.604,2.9256,3771.05,MB,15m,train,0.375,1929
7.0,0.25,1289,0.539,2.7583,3555.51,MB,15m,train,0.375,1929
7.0,0.5,1289,0.429,1.7458,2250.31,MB,15m,train,0.375,1929
7.0,1.0,1289,0.33,0.085,109.56,MB,15m,train,0.375,1929
7.0,2.0,1289,0.258,-2.703,-3484.13,MB,15m,train,0.375,1929
7.0,5.0,1289,0.209,-7.5283,-9704.03,MB,15m,train,0.375,1929
10.0,0.083,1289,0.731,2.559,3298.6,MB,15m,train,0.375,1929
10.0,0.125,1289,0.645,2.9985,3865.05,MB,15m,train,0.375,1929
10.0,0.167,1289,0.604,2.9203,3764.23,MB,15m,train,0.375,1929
10.0,0.25,1289,0.538,2.7346,3524.93,MB,15m,train,0.375,1929
10.0,0.5,1289,0.425,1.7641,2273.99,MB,15m,train,0.375,1929
10.0,1.0,1289,0.326,0.2965,382.22,MB,15m,train,0.375,1929
10.0,2.0,1289,0.248,-2.4502,-3158.28,MB,15m,train,0.375,1929
10.0,5.0,1289,0.179,-7.2193,-9305.72,MB,15m,train,0.375,1929
2.0,0.083,1270,0.744,2.5231,3204.33,MB,15m,train,0.4,1929
2.0,0.125,1270,0.677,2.6983,3426.89,MB,15m,train,0.4,1929
2.0,0.167,1270,0.637,2.503,3178.79,MB,15m,train,0.4,1929
2.0,0.25,1270,0.592,2.0777,2638.65,MB,15m,train,0.4,1929
2.0,0.5,1270,0.514,0.6383,810.61,MB,15m,train,0.4,1929
2.0,1.0,1270,0.464,-1.0115,-1284.59,MB,15m,train,0.4,1929
2.0,2.0,1270,0.406,-3.515,-4464.08,MB,15m,train,0.4,1929
2.0,5.0,1270,0.271,-7.988,-10144.82,MB,15m,train,0.4,1929
3.0,0.083,1270,0.739,2.6484,3363.42,MB,15m,train,0.4,1929
3.0,0.125,1270,0.662,2.9491,3745.34,MB,15m,train,0.4,1929
3.0,0.167,1270,0.615,2.8292,3593.13,MB,15m,train,0.4,1929
3.0,0.25,1270,0.561,2.5478,3235.71,MB,15m,train,0.4,1929
3.0,0.5,1270,0.465,1.1962,1519.22,MB,15m,train,0.4,1929
3.0,1.0,1270,0.406,-0.5827,-740.07,MB,15m,train,0.4,1929
3.0,2.0,1270,0.369,-3.3016,-4193.0,MB,15m,train,0.4,1929
3.0,5.0,1270,0.306,-7.9679,-10119.29,MB,15m,train,0.4,1929
4.0,0.083,1270,0.737,2.6812,3405.17,MB,15m,train,0.4,1929
4.0,0.125,1270,0.658,3.0454,3867.69,MB,15m,train,0.4,1929
4.0,0.167,1270,0.607,2.9855,3791.56,MB,15m,train,0.4,1929
4.0,0.25,1270,0.548,2.7909,3544.44,MB,15m,train,0.4,1929
4.0,0.5,1270,0.442,1.6029,2035.74,MB,15m,train,0.4,1929
4.0,1.0,1270,0.365,-0.2039,-258.93,MB,15m,train,0.4,1929
4.0,2.0,1270,0.321,-3.0008,-3811.05,MB,15m,train,0.4,1929
4.0,5.0,1270,0.288,-7.8134,-9923.07,MB,15m,train,0.4,1929
5.0,0.083,1270,0.736,2.6834,3407.93,MB,15m,train,0.4,1929
5.0,0.125,1270,0.656,3.0329,3851.79,MB,15m,train,0.4,1929
5.0,0.167,1270,0.605,3.0222,3838.23,MB,15m,train,0.4,1929
5.0,0.25,1270,0.543,2.8418,3609.04,MB,15m,train,0.4,1929
5.0,0.5,1270,0.432,1.6481,2093.03,MB,15m,train,0.4,1929
5.0,1.0,1270,0.342,-0.1764,-223.97,MB,15m,train,0.4,1929
5.0,2.0,1270,0.283,-3.0336,-3852.71,MB,15m,train,0.4,1929
5.0,5.0,1270,0.252,-7.8001,-9906.1,MB,15m,train,0.4,1929
7.0,0.083,1270,0.735,2.6829,3407.26,MB,15m,train,0.4,1929
7.0,0.125,1270,0.655,3.0438,3865.6,MB,15m,train,0.4,1929
7.0,0.167,1270,0.604,3.032,3850.61,MB,15m,train,0.4,1929
7.0,0.25,1270,0.541,2.8841,3662.83,MB,15m,train,0.4,1929
7.0,0.5,1270,0.425,1.8638,2367.05,MB,15m,train,0.4,1929
7.0,1.0,1270,0.327,0.1483,188.38,MB,15m,train,0.4,1929
7.0,2.0,1270,0.253,-2.65,-3365.55,MB,15m,train,0.4,1929
7.0,5.0,1270,0.207,-7.5601,-9601.31,MB,15m,train,0.4,1929
10.0,0.083,1270,0.735,2.6837,3408.27,MB,15m,train,0.4,1929
10.0,0.125,1270,0.655,3.0488,3872.02,MB,15m,train,0.4,1929
10.0,0.167,1270,0.603,3.0276,3845.08,MB,15m,train,0.4,1929
10.0,0.25,1270,0.539,2.8647,3638.16,MB,15m,train,0.4,1929
10.0,0.5,1270,0.421,1.875,2381.19,MB,15m,train,0.4,1929
10.0,1.0,1270,0.322,0.3453,438.53,MB,15m,train,0.4,1929
10.0,2.0,1270,0.241,-2.4179,-3070.71,MB,15m,train,0.4,1929
10.0,5.0,1270,0.177,-7.226,-9177.07,MB,15m,train,0.4,1929
2.0,0.083,1274,0.74,2.5593,3260.5,MB,15m,train,0.425,1929
2.0,0.125,1274,0.68,2.8327,3608.83,MB,15m,train,0.425,1929
2.0,0.167,1274,0.639,2.521,3211.79,MB,15m,train,0.425,1929
2.0,0.25,1274,0.59,2.0984,2673.3,MB,15m,train,0.425,1929
2.0,0.5,1274,0.519,0.7402,942.97,MB,15m,train,0.425,1929
2.0,1.0,1274,0.469,-0.8823,-1123.99,MB,15m,train,0.425,1929
2.0,2.0,1274,0.407,-3.3879,-4316.19,MB,15m,train,0.425,1929
2.0,5.0,1274,0.265,-7.8206,-9963.44,MB,15m,train,0.425,1929
3.0,0.083,1274,0.735,2.7397,3490.4,MB,15m,train,0.425,1929
3.0,0.125,1274,0.666,3.1444,4005.98,MB,15m,train,0.425,1929
3.0,0.167,1274,0.616,2.8964,3689.98,MB,15m,train,0.425,1929
3.0,0.25,1274,0.558,2.5617,3263.66,MB,15m,train,0.425,1929
3.0,0.5,1274,0.468,1.2829,1634.48,MB,15m,train,0.425,1929
3.0,1.0,1274,0.408,-0.5313,-676.91,MB,15m,train,0.425,1929
3.0,2.0,1274,0.371,-3.2278,-4112.19,MB,15m,train,0.425,1929
3.0,5.0,1274,0.303,-7.7994,-9936.48,MB,15m,train,0.425,1929
4.0,0.083,1274,0.732,2.7223,3468.19,MB,15m,train,0.425,1929
4.0,0.125,1274,0.659,3.1768,4047.19,MB,15m,train,0.425,1929
4.0,0.167,1274,0.605,2.9973,3818.54,MB,15m,train,0.425,1929
4.0,0.25,1274,0.542,2.7628,3519.79,MB,15m,train,0.425,1929
4.0,0.5,1274,0.442,1.646,2097.0,MB,15m,train,0.425,1929
4.0,1.0,1274,0.364,-0.1733,-220.76,MB,15m,train,0.425,1929
4.0,2.0,1274,0.318,-2.9781,-3794.06,MB,15m,train,0.425,1929
4.0,5.0,1274,0.29,-7.7195,-9834.7,MB,15m,train,0.425,1929
5.0,0.083,1274,0.732,2.7368,3486.67,MB,15m,train,0.425,1929
5.0,0.125,1274,0.658,3.1832,4055.36,MB,15m,train,0.425,1929
5.0,0.167,1274,0.604,3.047,3881.91,MB,15m,train,0.425,1929
5.0,0.25,1274,0.537,2.7942,3559.85,MB,15m,train,0.425,1929
5.0,0.5,1274,0.431,1.6736,2132.2,MB,15m,train,0.425,1929
5.0,1.0,1274,0.34,-0.1439,-183.29,MB,15m,train,0.425,1929
5.0,2.0,1274,0.28,-3.0323,-3863.14,MB,15m,train,0.425,1929
5.0,5.0,1274,0.254,-7.7428,-9864.35,MB,15m,train,0.425,1929
7.0,0.083,1274,0.731,2.7239,3470.23,MB,15m,train,0.425,1929
7.0,0.125,1274,0.656,3.1847,4057.32,MB,15m,train,0.425,1929
7.0,0.167,1274,0.602,3.0436,3877.54,MB,15m,train,0.425,1929
7.0,0.25,1274,0.535,2.8302,3605.63,MB,15m,train,0.425,1929
7.0,0.5,1274,0.424,1.8616,2371.62,MB,15m,train,0.425,1929
7.0,1.0,1274,0.323,0.1477,188.14,MB,15m,train,0.425,1929
7.0,2.0,1274,0.25,-2.6114,-3326.93,MB,15m,train,0.425,1929
7.0,5.0,1274,0.21,-7.4516,-9493.28,MB,15m,train,0.425,1929
10.0,0.083,1274,0.731,2.7244,3470.94,MB,15m,train,0.425,1929
10.0,0.125,1274,0.656,3.183,4055.08,MB,15m,train,0.425,1929
10.0,0.167,1274,0.601,3.0298,3859.99,MB,15m,train,0.425,1929
10.0,0.25,1274,0.532,2.7917,3556.58,MB,15m,train,0.425,1929
10.0,0.5,1274,0.418,1.8355,2338.45,MB,15m,train,0.425,1929
10.0,1.0,1274,0.316,0.275,350.34,MB,15m,train,0.425,1929
10.0,2.0,1274,0.233,-2.4471,-3117.59,MB,15m,train,0.425,1929
10.0,5.0,1274,0.177,-7.1653,-9128.57,MB,15m,train,0.425,1929
2.0,0.083,1273,0.738,2.5534,3250.46,MB,15m,train,0.45,1929
2.0,0.125,1273,0.674,2.6852,3418.28,MB,15m,train,0.45,1929
2.0,0.167,1273,0.632,2.4125,3071.1,MB,15m,train,0.45,1929
2.0,0.25,1273,0.584,1.954,2487.48,MB,15m,train,0.45,1929
2.0,0.5,1273,0.518,0.6271,798.26,MB,15m,train,0.45,1929
2.0,1.0,1273,0.461,-0.9468,-1205.21,MB,15m,train,0.45,1929
2.0,2.0,1273,0.4,-3.4324,-4369.49,MB,15m,train,0.45,1929
2.0,5.0,1273,0.247,-7.8525,-9996.19,MB,15m,train,0.45,1929
3.0,0.083,1273,0.734,2.7163,3457.88,MB,15m,train,0.45,1929
3.0,0.125,1273,0.66,3.007,3827.96,MB,15m,train,0.45,1929
3.0,0.167,1273,0.611,2.7305,3475.96,MB,15m,train,0.45,1929
3.0,0.25,1273,0.55,2.3503,2991.91,MB,15m,train,0.45,1929
3.0,0.5,1273,0.465,1.0359,1318.68,MB,15m,train,0.45,1929
3.0,1.0,1273,0.407,-0.7128,-907.39,MB,15m,train,0.45,1929
3.0,2.0,1273,0.368,-3.3736,-4294.53,MB,15m,train,0.45,1929
3.0,5.0,1273,0.288,-7.9022,-10059.55,MB,15m,train,0.45,1929
4.0,0.083,1273,0.73,2.6888,3422.82,MB,15m,train,0.45,1929
4.0,0.125,1273,0.651,3.0399,3869.74,MB,15m,train,0.45,1929
4.0,0.167,1273,0.598,2.8429,3619.01,MB,15m,train,0.45,1929
4.0,0.25,1273,0.533,2.5375,3230.23,MB,15m,train,0.45,1929
4.0,0.5,1273,0.434,1.3924,1772.57,MB,15m,train,0.45,1929
4.0,1.0,1273,0.358,-0.361,-459.52,MB,15m,train,0.45,1929
4.0,2.0,1273,0.313,-3.1649,-4028.93,MB,15m,train,0.45,1929
4.0,5.0,1273,0.288,-7.8304,-9968.06,MB,15m,train,0.45,1929
5.0,0.083,1273,0.729,2.7034,3441.42,MB,15m,train,0.45,1929
5.0,0.125,1273,0.65,3.085,3927.26,MB,15m,train,0.45,1929
5.0,0.167,1273,0.596,2.9309,3731.09,MB,15m,train,0.45,1929
5.0,0.25,1273,0.528,2.6093,3321.59,MB,15m,train,0.45,1929
5.0,0.5,1273,0.424,1.484,1889.1,MB,15m,train,0.45,1929
5.0,1.0,1273,0.333,-0.3253,-414.15,MB,15m,train,0.45,1929
5.0,2.0,1273,0.278,-3.1042,-3951.65,MB,15m,train,0.45,1929
5.0,5.0,1273,0.253,-7.7608,-9879.52,MB,15m,train,0.45,1929
7.0,0.083,1273,0.727,2.6922,3427.14,MB,15m,train,0.45,1929
7.0,0.125,1273,0.647,3.0501,3882.82,MB,15m,train,0.45,1929
7.0,0.167,1273,0.594,2.8926,3682.3,MB,15m,train,0.45,1929
7.0,0.25,1273,0.525,2.6042,3315.18,MB,15m,train,0.45,1929
7.0,0.5,1273,0.416,1.656,2108.04,MB,15m,train,0.45,1929
7.0,1.0,1273,0.317,-0.0707,-90.01,MB,15m,train,0.45,1929
7.0,2.0,1273,0.248,-2.7191,-3461.39,MB,15m,train,0.45,1929
7.0,5.0,1273,0.208,-7.5047,-9553.5,MB,15m,train,0.45,1929
10.0,0.083,1273,0.727,2.693,3428.13,MB,15m,train,0.45,1929
10.0,0.125,1273,0.647,3.0497,3882.25,MB,15m,train,0.45,1929
10.0,0.167,1273,0.593,2.8821,3668.88,MB,15m,train,0.45,1929
10.0,0.25,1273,0.522,2.5732,3275.68,MB,15m,train,0.45,1929
10.0,0.5,1273,0.409,1.6516,2102.52,MB,15m,train,0.45,1929
10.0,1.0,1273,0.309,0.0882,112.27,MB,15m,train,0.45,1929
10.0,2.0,1273,0.231,-2.5867,-3292.84,MB,15m,train,0.45,1929
10.0,5.0,1273,0.174,-7.2532,-9233.38,MB,15m,train,0.45,1929
2.0,0.083,1275,0.726,2.418,3082.99,MB,15m,train,0.475,1929
2.0,0.125,1275,0.663,2.4312,3099.76,MB,15m,train,0.475,1929
2.0,0.167,1275,0.624,2.2079,2815.03,MB,15m,train,0.475,1929
2.0,0.25,1275,0.575,1.736,2213.45,MB,15m,train,0.475,1929
2.0,0.5,1275,0.515,0.4511,575.09,MB,15m,train,0.475,1929
2.0,1.0,1275,0.456,-1.1469,-1462.31,MB,15m,train,0.475,1929
2.0,2.0,1275,0.395,-3.6353,-4635.06,MB,15m,train,0.475,1929
2.0,5.0,1275,0.229,-8.034,-10243.29,MB,15m,train,0.475,1929
3.0,0.083,1275,0.721,2.5837,3294.27,MB,15m,train,0.475,1929
3.0,0.125,1275,0.648,2.7057,3449.8,MB,15m,train,0.475,1929
3.0,0.167,1275,0.604,2.5387,3236.79,MB,15m,train,0.475,1929
3.0,0.25,1275,0.541,2.1411,2729.9,MB,15m,train,0.475,1929
3.0,0.5,1275,0.461,0.8514,1085.57,MB,15m,train,0.475,1929
3.0,1.0,1275,0.405,-0.8781,-1119.57,MB,15m,train,0.475,1929
3.0,2.0,1275,0.364,-3.4778,-4434.22,MB,15m,train,0.475,1929
3.0,5.0,1275,0.28,-7.97,-10161.73,MB,15m,train,0.475,1929
4.0,0.083,1275,0.719,2.6376,3362.92,MB,15m,train,0.475,1929
4.0,0.125,1275,0.639,2.7593,3518.17,MB,15m,train,0.475,1929
4.0,0.167,1275,0.591,2.6471,3375.04,MB,15m,train,0.475,1929
4.0,0.25,1275,0.522,2.314,2950.35,MB,15m,train,0.475,1929
4.0,0.5,1275,0.427,1.1785,1502.64,MB,15m,train,0.475,1929
4.0,1.0,1275,0.355,-0.5336,-680.37,MB,15m,train,0.475,1929
4.0,2.0,1275,0.311,-3.2828,-4185.63,MB,15m,train,0.475,1929
4.0,5.0,1275,0.283,-7.9034,-10076.85,MB,15m,train,0.475,1929
5.0,0.083,1275,0.717,2.6385,3364.03,MB,15m,train,0.475,1929
5.0,0.125,1275,0.637,2.7965,3565.48,MB,15m,train,0.475,1929
5.0,0.167,1275,0.588,2.7318,3483.01,MB,15m,train,0.475,1929
5.0,0.25,1275,0.515,2.3822,3037.29,MB,15m,train,0.475,1929
5.0,0.5,1275,0.416,1.3631,1738.01,MB,15m,train,0.475,1929
5.0,1.0,1275,0.332,-0.3414,-435.25,MB,15m,train,0.475,1929
5.0,2.0,1275,0.278,-3.1223,-3980.92,MB,15m,train,0.475,1929
5.0,5.0,1275,0.255,-7.8136,-9962.32,MB,15m,train,0.475,1929
7.0,0.083,1275,0.715,2.6281,3350.86,MB,15m,train,0.475,1929
7.0,0.125,1275,0.634,2.7563,3514.29,MB,15m,train,0.475,1929
7.0,0.167,1275,0.585,2.6867,3425.53,MB,15m,train,0.475,1929
7.0,0.25,1275,0.511,2.3613,3010.71,MB,15m,train,0.475,1929
7.0,0.5,1275,0.405,1.4648,1867.57,MB,15m,train,0.475,1929
7.0,1.0,1275,0.311,-0.2485,-316.81,MB,15m,train,0.475,1929
7.0,2.0,1275,0.242,-2.9591,-3772.83,MB,15m,train,0.475,1929
7.0,5.0,1275,0.205,-7.7515,-9883.16,MB,15m,train,0.475,1929
10.0,0.083,1275,0.715,2.6289,3351.84,MB,15m,train,0.475,1929
10.0,0.125,1275,0.634,2.7559,3513.73,MB,15m,train,0.475,1929
10.0,0.167,1275,0.584,2.6761,3412.02,MB,15m,train,0.475,1929
10.0,0.25,1275,0.509,2.3435,2988.02,MB,15m,train,0.475,1929
10.0,0.5,1275,0.399,1.4913,1901.39,MB,15m,train,0.475,1929
10.0,1.0,1275,0.304,-0.0717,-91.43,MB,15m,train,0.475,1929
10.0,2.0,1275,0.224,-2.7787,-3542.79,MB,15m,train,0.475,1929
10.0,5.0,1275,0.169,-7.4328,-9476.86,MB,15m,train,0.475,1929
2.0,0.083,1276,0.718,2.4117,3077.27,MB,15m,train,0.5,1929
2.0,0.125,1276,0.654,2.4179,3085.3,MB,15m,train,0.5,1929
2.0,0.167,1276,0.621,2.2249,2838.97,MB,15m,train,0.5,1929
2.0,0.25,1276,0.576,1.6906,2157.21,MB,15m,train,0.5,1929
2.0,0.5,1276,0.512,0.4051,516.85,MB,15m,train,0.5,1929
2.0,1.0,1276,0.457,-1.2325,-1572.7,MB,15m,train,0.5,1929
2.0,2.0,1276,0.383,-3.6796,-4695.22,MB,15m,train,0.5,1929
2.0,5.0,1276,0.228,-8.0765,-10305.59,MB,15m,train,0.5,1929
3.0,0.083,1276,0.711,2.5661,3274.28,MB,15m,train,0.5,1929
3.0,0.125,1276,0.637,2.7196,3470.23,MB,15m,train,0.5,1929
3.0,0.167,1276,0.596,2.6054,3324.43,MB,15m,train,0.5,1929
3.0,0.25,1276,0.548,2.1793,2780.76,MB,15m,train,0.5,1929
3.0,0.5,1276,0.46,0.8947,1141.59,MB,15m,train,0.5,1929
3.0,1.0,1276,0.408,-0.8376,-1068.78,MB,15m,train,0.5,1929
3.0,2.0,1276,0.362,-3.4192,-4362.85,MB,15m,train,0.5,1929
3.0,5.0,1276,0.277,-7.9395,-10130.82,MB,15m,train,0.5,1929
4.0,0.083,1276,0.709,2.6438,3373.52,MB,15m,train,0.5,1929
4.0,0.125,1276,0.629,2.7728,3538.06,MB,15m,train,0.5,1929
4.0,0.167,1276,0.585,2.7355,3490.46,MB,15m,train,0.5,1929
4.0,0.25,1276,0.529,2.3568,3007.31,MB,15m,train,0.5,1929
4.0,0.5,1276,0.424,1.1613,1481.77,MB,15m,train,0.5,1929
4.0,1.0,1276,0.355,-0.6241,-796.32,MB,15m,train,0.5,1929
4.0,2.0,1276,0.313,-3.3672,-4296.58,MB,15m,train,0.5,1929
4.0,5.0,1276,0.281,-8.0337,-10250.94,MB,15m,train,0.5,1929
5.0,0.083,1276,0.707,2.6357,3363.21,MB,15m,train,0.5,1929
5.0,0.125,1276,0.625,2.8012,3574.32,MB,15m,train,0.5,1929
5.0,0.167,1276,0.581,2.8043,3578.31,MB,15m,train,0.5,1929
5.0,0.25,1276,0.521,2.432,3103.17,MB,15m,train,0.5,1929
5.0,0.5,1276,0.414,1.3925,1776.84,MB,15m,train,0.5,1929
5.0,1.0,1276,0.333,-0.3447,-439.77,MB,15m,train,0.5,1929
5.0,2.0,1276,0.28,-3.0468,-3887.71,MB,15m,train,0.5,1929
5.0,5.0,1276,0.255,-7.7826,-9930.59,MB,15m,train,0.5,1929
7.0,0.083,1276,0.705,2.6013,3319.21,MB,15m,train,0.5,1929
7.0,0.125,1276,0.621,2.7387,3494.64,MB,15m,train,0.5,1929
7.0,0.167,1276,0.577,2.7396,3495.73,MB,15m,train,0.5,1929
7.0,0.25,1276,0.515,2.3666,3019.77,MB,15m,train,0.5,1929
7.0,0.5,1276,0.401,1.4734,1880.1,MB,15m,train,0.5,1929
7.0,1.0,1276,0.31,-0.2219,-283.16,MB,15m,train,0.5,1929
7.0,2.0,1276,0.24,-2.9144,-3718.77,MB,15m,train,0.5,1929
7.0,5.0,1276,0.204,-7.6364,-9744.02,MB,15m,train,0.5,1929
10.0,0.083,1276,0.705,2.6026,3320.86,MB,15m,train,0.5,1929
10.0,0.125,1276,0.621,2.7398,3496.04,MB,15m,train,0.5,1929
10.0,0.167,1276,0.576,2.7309,3484.6,MB,15m,train,0.5,1929
10.0,0.25,1276,0.513,2.3457,2993.07,MB,15m,train,0.5,1929
10.0,0.5,1276,0.396,1.5082,1924.51,MB,15m,train,0.5,1929
10.0,1.0,1276,0.301,-0.109,-139.08,MB,15m,train,0.5,1929
10.0,2.0,1276,0.221,-2.7018,-3447.47,MB,15m,train,0.5,1929
10.0,5.0,1276,0.169,-7.3516,-9380.58,MB,15m,train,0.5,1929
2.0,0.083,1271,0.713,2.3667,3008.1,MB,15m,train,0.525,1929
2.0,0.125,1271,0.651,2.4357,3095.74,MB,15m,train,0.525,1929
2.0,0.167,1271,0.615,2.1533,2736.9,MB,15m,train,0.525,1929
2.0,0.25,1271,0.574,1.6051,2040.11,MB,15m,train,0.525,1929
2.0,0.5,1271,0.51,0.3533,449.11,MB,15m,train,0.525,1929
2.0,1.0,1271,0.457,-1.3095,-1664.43,MB,15m,train,0.525,1929
2.0,2.0,1271,0.377,-3.6316,-4615.83,MB,15m,train,0.525,1929
2.0,5.0,1271,0.219,-7.9971,-10164.26,MB,15m,train,0.525,1929
3.0,0.083,1271,0.703,2.5082,3187.88,MB,15m,train,0.525,1929
3.0,0.125,1271,0.629,2.6867,3414.86,MB,15m,train,0.525,1929
3.0,0.167,1271,0.587,2.478,3149.52,MB,15m,train,0.525,1929
3.0,0.25,1271,0.539,2.0171,2563.67,MB,15m,train,0.525,1929
3.0,0.5,1271,0.456,0.765,972.25,MB,15m,train,0.525,1929
3.0,1.0,1271,0.4,-0.9867,-1254.12,MB,15m,train,0.525,1929
3.0,2.0,1271,0.355,-3.5849,-4556.46,MB,15m,train,0.525,1929
3.0,5.0,1271,0.269,-8.1246,-10326.31,MB,15m,train,0.525,1929
4.0,0.083,1271,0.702,2.5943,3297.33,MB,15m,train,0.525,1929
4.0,0.125,1271,0.622,2.7483,3493.14,MB,15m,train,0.525,1929
4.0,0.167,1271,0.577,2.6122,3320.11,MB,15m,train,0.525,1929
4.0,0.25,1271,0.521,2.2105,2809.49,MB,15m,train,0.525,1929
4.0,0.5,1271,0.423,1.0783,1370.49,MB,15m,train,0.525,1929
4.0,1.0,1271,0.352,-0.7631,-969.86,MB,15m,train,0.525,1929
4.0,2.0,1271,0.31,-3.4544,-4390.57,MB,15m,train,0.525,1929
4.0,5.0,1271,0.274,-8.107,-10303.96,MB,15m,train,0.525,1929
5.0,0.083,1271,0.699,2.588,3289.31,MB,15m,train,0.525,1929
5.0,0.125,1271,0.617,2.7657,3515.25,MB,15m,train,0.525,1929
5.0,0.167,1271,0.57,2.6582,3378.63,MB,15m,train,0.525,1929
5.0,0.25,1271,0.511,2.2941,2915.84,MB,15m,train,0.525,1929
5.0,0.5,1271,0.409,1.2905,1640.2,MB,15m,train,0.525,1929
5.0,1.0,1271,0.327,-0.5007,-636.45,MB,15m,train,0.525,1929
5.0,2.0,1271,0.275,-3.1855,-4048.78,MB,15m,train,0.525,1929
5.0,5.0,1271,0.249,-7.9725,-10133.03,MB,15m,train,0.525,1929
7.0,0.083,1271,0.698,2.5656,3260.82,MB,15m,train,0.525,1929
7.0,0.125,1271,0.614,2.7229,3460.75,MB,15m,train,0.525,1929
7.0,0.167,1271,0.567,2.6333,3346.92,MB,15m,train,0.525,1929
7.0,0.25,1271,0.504,2.2778,2895.14,MB,15m,train,0.525,1929
7.0,0.5,1271,0.397,1.4328,1821.14,MB,15m,train,0.525,1929
7.0,1.0,1271,0.304,-0.3047,-387.27,MB,15m,train,0.525,1929
7.0,2.0,1271,0.236,-2.994,-3805.36,MB,15m,train,0.525,1929
7.0,5.0,1271,0.201,-7.7595,-9862.3,MB,15m,train,0.525,1929
10.0,0.083,1271,0.698,2.5666,3262.16,MB,15m,train,0.525,1929
10.0,0.125,1271,0.614,2.724,3462.19,MB,15m,train,0.525,1929
10.0,0.167,1271,0.566,2.6144,3322.87,MB,15m,train,0.525,1929
10.0,0.25,1271,0.503,2.2373,2843.64,MB,15m,train,0.525,1929
10.0,0.5,1271,0.393,1.4393,1829.32,MB,15m,train,0.525,1929
10.0,1.0,1271,0.293,-0.2185,-277.76,MB,15m,train,0.525,1929
10.0,2.0,1271,0.214,-2.892,-3675.75,MB,15m,train,0.525,1929
10.0,5.0,1271,0.164,-7.6337,-9702.43,MB,15m,train,0.525,1929
2.0,0.083,1260,0.711,2.3406,2949.17,MB,15m,train,0.55,1929
2.0,0.125,1260,0.651,2.4346,3067.57,MB,15m,train,0.55,1929
2.0,0.167,1260,0.617,2.1482,2706.68,MB,15m,train,0.55,1929
2.0,0.25,1260,0.571,1.5788,1989.26,MB,15m,train,0.55,1929
2.0,0.5,1260,0.51,0.2698,339.95,MB,15m,train,0.55,1929
2.0,1.0,1260,0.456,-1.3802,-1739.1,MB,15m,train,0.55,1929
2.0,2.0,1260,0.371,-3.7045,-4667.63,MB,15m,train,0.55,1929
2.0,5.0,1260,0.208,-8.0767,-10176.64,MB,15m,train,0.55,1929
3.0,0.083,1260,0.697,2.403,3027.77,MB,15m,train,0.55,1929
3.0,0.125,1260,0.625,2.6153,3295.3,MB,15m,train,0.55,1929
3.0,0.167,1260,0.583,2.4207,3050.13,MB,15m,train,0.55,1929
3.0,0.25,1260,0.529,1.8973,2390.61,MB,15m,train,0.55,1929
3.0,0.5,1260,0.448,0.5801,730.98,MB,15m,train,0.55,1929
3.0,1.0,1260,0.39,-1.2111,-1525.98,MB,15m,train,0.55,1929
3.0,2.0,1260,0.346,-3.8162,-4808.35,MB,15m,train,0.55,1929
3.0,5.0,1260,0.263,-8.3384,-10506.34,MB,15m,train,0.55,1929
4.0,0.083,1260,0.696,2.4868,3133.35,MB,15m,train,0.55,1929
4.0,0.125,1260,0.617,2.6741,3369.43,MB,15m,train,0.55,1929
4.0,0.167,1260,0.574,2.5419,3202.81,MB,15m,train,0.55,1929
4.0,0.25,1260,0.512,2.092,2635.95,MB,15m,train,0.55,1929
4.0,0.5,1260,0.418,0.8739,1101.15,MB,15m,train,0.55,1929
4.0,1.0,1260,0.348,-0.9437,-1189.07,MB,15m,train,0.55,1929
4.0,2.0,1260,0.31,-3.6747,-4630.11,MB,15m,train,0.55,1929
4.0,5.0,1260,0.273,-8.2282,-10367.58,MB,15m,train,0.55,1929
5.0,0.083,1260,0.694,2.4915,3139.34,MB,15m,train,0.55,1929
5.0,0.125,1260,0.611,2.6865,3384.94,MB,15m,train,0.55,1929
5.0,0.167,1260,0.567,2.5833,3254.94,MB,15m,train,0.55,1929
5.0,0.25,1260,0.502,2.1754,2740.94,MB,15m,train,0.55,1929
5.0,0.5,1260,0.401,1.0686,1346.38,MB,15m,train,0.55,1929
5.0,1.0,1260,0.321,-0.7758,-977.48,MB,15m,train,0.55,1929
5.0,2.0,1260,0.27,-3.5644,-4491.14,MB,15m,train,0.55,1929
5.0,5.0,1260,0.244,-8.2774,-10429.52,MB,15m,train,0.55,1929
7.0,0.083,1260,0.693,2.4694,3111.39,MB,15m,train,0.55,1929
7.0,0.125,1260,0.608,2.6498,3338.78,MB,15m,train,0.55,1929
7.0,0.167,1260,0.563,2.5765,3246.41,MB,15m,train,0.55,1929
7.0,0.25,1260,0.495,2.188,2756.82,MB,15m,train,0.55,1929
7.0,0.5,1260,0.389,1.2566,1583.28,MB,15m,train,0.55,1929
7.0,1.0,1260,0.296,-0.5001,-630.09,MB,15m,train,0.55,1929
7.0,2.0,1260,0.23,-3.271,-4121.47,MB,15m,train,0.55,1929
7.0,5.0,1260,0.196,-8.0958,-10200.72,MB,15m,train,0.55,1929
10.0,0.083,1260,0.693,2.4705,3112.86,MB,15m,train,0.55,1929
10.0,0.125,1260,0.608,2.6526,3342.33,MB,15m,train,0.55,1929
10.0,0.167,1260,0.563,2.5579,3222.9,MB,15m,train,0.55,1929
10.0,0.25,1260,0.494,2.1472,2705.5,MB,15m,train,0.55,1929
10.0,0.5,1260,0.384,1.2704,1600.66,MB,15m,train,0.55,1929
10.0,1.0,1260,0.285,-0.4091,-515.47,MB,15m,train,0.55,1929
10.0,2.0,1260,0.207,-3.1694,-3993.46,MB,15m,train,0.55,1929
10.0,5.0,1260,0.16,-7.9395,-10003.76,MB,15m,train,0.55,1929
2.0,0.083,1248,0.715,2.3541,2937.89,MB,15m,train,0.575,1929
2.0,0.125,1248,0.655,2.4709,3083.64,MB,15m,train,0.575,1929
2.0,0.167,1248,0.617,2.1696,2707.69,MB,15m,train,0.575,1929
2.0,0.25,1248,0.575,1.6353,2040.85,MB,15m,train,0.575,1929
2.0,0.5,1248,0.513,0.3105,387.54,MB,15m,train,0.575,1929
2.0,1.0,1248,0.458,-1.4272,-1781.17,MB,15m,train,0.575,1929
2.0,2.0,1248,0.363,-3.7488,-4678.47,MB,15m,train,0.575,1929
2.0,5.0,1248,0.202,-8.1217,-10135.87,MB,15m,train,0.575,1929
3.0,0.083,1248,0.697,2.4109,3008.76,MB,15m,train,0.575,1929
3.0,0.125,1248,0.626,2.6539,3312.05,MB,15m,train,0.575,1929
3.0,0.167,1248,0.579,2.4182,3017.85,MB,15m,train,0.575,1929
3.0,0.25,1248,0.527,1.8762,2341.48,MB,15m,train,0.575,1929
3.0,0.5,1248,0.447,0.5438,678.69,MB,15m,train,0.575,1929
3.0,1.0,1248,0.385,-1.3725,-1712.86,MB,15m,train,0.575,1929
3.0,2.0,1248,0.344,-3.7977,-4739.47,MB,15m,train,0.575,1929
3.0,5.0,1248,0.258,-8.293,-10349.72,MB,15m,train,0.575,1929
4.0,0.083,1248,0.695,2.5065,3128.1,MB,15m,train,0.575,1929
4.0,0.125,1248,0.617,2.8113,3508.51,MB,15m,train,0.575,1929
4.0,0.167,1248,0.569,2.6516,3309.21,MB,15m,train,0.575,1929
4.0,0.25,1248,0.513,2.2041,2750.7,MB,15m,train,0.575,1929
4.0,0.5,1248,0.421,0.9916,1237.51,MB,15m,train,0.575,1929
4.0,1.0,1248,0.349,-0.9599,-1197.92,MB,15m,train,0.575,1929
4.0,2.0,1248,0.315,-3.4839,-4347.87,MB,15m,train,0.575,1929
4.0,5.0,1248,0.271,-7.9907,-9972.41,MB,15m,train,0.575,1929
5.0,0.083,1248,0.693,2.5235,3149.28,MB,15m,train,0.575,1929
5.0,0.125,1248,0.612,2.808,3504.36,MB,15m,train,0.575,1929
5.0,0.167,1248,0.562,2.6942,3362.37,MB,15m,train,0.575,1929
5.0,0.25,1248,0.503,2.3235,2899.74,MB,15m,train,0.575,1929
5.0,0.5,1248,0.404,1.216,1517.63,MB,15m,train,0.575,1929
5.0,1.0,1248,0.321,-0.7211,-899.91,MB,15m,train,0.575,1929
5.0,2.0,1248,0.276,-3.3436,-4172.76,MB,15m,train,0.575,1929
5.0,5.0,1248,0.252,-8.0011,-9985.34,MB,15m,train,0.575,1929
7.0,0.083,1248,0.692,2.5008,3121.01,MB,15m,train,0.575,1929
7.0,0.125,1248,0.609,2.7671,3453.31,MB,15m,train,0.575,1929
7.0,0.167,1248,0.558,2.6788,3343.17,MB,15m,train,0.575,1929
7.0,0.25,1248,0.497,2.309,2881.66,MB,15m,train,0.575,1929
7.0,0.5,1248,0.392,1.3539,1689.68,MB,15m,train,0.575,1929
7.0,1.0,1248,0.296,-0.4989,-622.57,MB,15m,train,0.575,1929
7.0,2.0,1248,0.236,-3.1052,-3875.25,MB,15m,train,0.575,1929
7.0,5.0,1248,0.204,-7.7923,-9724.85,MB,15m,train,0.575,1929
10.0,0.083,1248,0.692,2.5024,3123.05,MB,15m,train,0.575,1929
10.0,0.125,1248,0.609,2.7725,3460.05,MB,15m,train,0.575,1929
10.0,0.167,1248,0.558,2.6608,3320.64,MB,15m,train,0.575,1929
10.0,0.25,1248,0.495,2.2766,2841.25,MB,15m,train,0.575,1929
10.0,0.5,1248,0.386,1.4155,1766.58,MB,15m,train,0.575,1929
10.0,1.0,1248,0.283,-0.3825,-477.39,MB,15m,train,0.575,1929
10.0,2.0,1248,0.212,-2.9847,-3724.9,MB,15m,train,0.575,1929
10.0,5.0,1248,0.163,-7.7363,-9654.85,MB,15m,train,0.575,1929
2.0,0.083,1239,0.705,2.1801,2701.19,MB,15m,train,0.6,1929
2.0,0.125,1239,0.649,2.3412,2900.71,MB,15m,train,0.6,1929
2.0,0.167,1239,0.618,2.036,2522.63,MB,15m,train,0.6,1929
2.0,0.25,1239,0.572,1.4978,1855.77,MB,15m,train,0.6,1929
2.0,0.5,1239,0.513,0.1585,196.4,MB,15m,train,0.6,1929
2.0,1.0,1239,0.451,-1.5671,-1941.69,MB,15m,train,0.6,1929
2.0,2.0,1239,0.347,-3.8484,-4768.21,MB,15m,train,0.6,1929
2.0,5.0,1239,0.189,-8.1995,-10159.13,MB,15m,train,0.6,1929
3.0,0.083,1239,0.684,2.2383,2773.25,MB,15m,train,0.6,1929
3.0,0.125,1239,0.617,2.5307,3135.54,MB,15m,train,0.6,1929
3.0,0.167,1239,0.572,2.2776,2821.98,MB,15m,train,0.6,1929
3.0,0.25,1239,0.521,1.7518,2170.48,MB,15m,train,0.6,1929
3.0,0.5,1239,0.44,0.3577,443.19,MB,15m,train,0.6,1929
3.0,1.0,1239,0.388,-1.4189,-1758.04,MB,15m,train,0.6,1929
3.0,2.0,1239,0.341,-3.7809,-4684.53,MB,15m,train,0.6,1929
3.0,5.0,1239,0.244,-8.246,-10216.83,MB,15m,train,0.6,1929
4.0,0.083,1239,0.68,2.341,2900.49,MB,15m,train,0.6,1929
4.0,0.125,1239,0.611,2.7064,3353.26,MB,15m,train,0.6,1929
4.0,0.167,1239,0.563,2.5055,3104.31,MB,15m,train,0.6,1929
4.0,0.25,1239,0.505,2.0728,2568.23,MB,15m,train,0.6,1929
4.0,0.5,1239,0.416,0.8164,1011.54,MB,15m,train,0.6,1929
4.0,1.0,1239,0.355,-1.0426,-1291.84,MB,15m,train,0.6,1929
4.0,2.0,1239,0.32,-3.4612,-4288.41,MB,15m,train,0.6,1929
4.0,5.0,1239,0.27,-7.9361,-9832.81,MB,15m,train,0.6,1929
5.0,0.083,1239,0.68,2.3704,2936.97,MB,15m,train,0.6,1929
5.0,0.125,1239,0.605,2.7131,3361.5,MB,15m,train,0.6,1929
5.0,0.167,1239,0.556,2.5786,3194.85,MB,15m,train,0.6,1929
5.0,0.25,1239,0.495,2.225,2756.76,MB,15m,train,0.6,1929
5.0,0.5,1239,0.396,1.0761,1333.27,MB,15m,train,0.6,1929
5.0,1.0,1239,0.322,-0.7904,-979.34,MB,15m,train,0.6,1929
5.0,2.0,1239,0.277,-3.3514,-4152.44,MB,15m,train,0.6,1929
5.0,5.0,1239,0.253,-7.9974,-9908.76,MB,15m,train,0.6,1929
7.0,0.083,1239,0.677,2.3419,2901.67,MB,15m,train,0.6,1929
7.0,0.125,1239,0.6,2.6649,3301.84,MB,15m,train,0.6,1929
7.0,0.167,1239,0.55,2.549,3158.22,MB,15m,train,0.6,1929
7.0,0.25,1239,0.486,2.1968,2721.89,MB,15m,train,0.6,1929
7.0,0.5,1239,0.381,1.228,1521.48,MB,15m,train,0.6,1929
7.0,1.0,1239,0.294,-0.587,-727.29,MB,15m,train,0.6,1929
7.0,2.0,1239,0.236,-3.1109,-3854.39,MB,15m,train,0.6,1929
7.0,5.0,1239,0.207,-7.8369,-9709.98,MB,15m,train,0.6,1929
10.0,0.083,1239,0.677,2.3398,2899.04,MB,15m,train,0.6,1929
10.0,0.125,1239,0.6,2.6705,3308.75,MB,15m,train,0.6,1929
10.0,0.167,1239,0.549,2.5334,3138.94,MB,15m,train,0.6,1929
10.0,0.25,1239,0.485,2.1856,2707.98,MB,15m,train,0.6,1929
10.0,0.5,1239,0.377,1.3015,1612.53,MB,15m,train,0.6,1929
10.0,1.0,1239,0.28,-0.4838,-599.47,MB,15m,train,0.6,1929
10.0,2.0,1239,0.207,-3.0356,-3761.08,MB,15m,train,0.6,1929
10.0,5.0,1239,0.163,-7.8133,-9680.65,MB,15m,train,0.6,1929
2.0,0.083,1227,0.696,2.0216,2480.5,MB,15m,train,0.625,1929
2.0,0.125,1227,0.641,2.1401,2625.93,MB,15m,train,0.625,1929
2.0,0.167,1227,0.611,1.8163,2228.56,MB,15m,train,0.625,1929
2.0,0.25,1227,0.563,1.2295,1508.61,MB,15m,train,0.625,1929
2.0,0.5,1227,0.507,-0.1478,-181.29,MB,15m,train,0.625,1929
2.0,1.0,1227,0.444,-1.7816,-2185.99,MB,15m,train,0.625,1929
2.0,2.0,1227,0.331,-4.0877,-5015.59,MB,15m,train,0.625,1929
2.0,5.0,1227,0.164,-8.4503,-10368.55,MB,15m,train,0.625,1929
3.0,0.083,1227,0.673,2.1552,2644.43,MB,15m,train,0.625,1929
3.0,0.125,1227,0.603,2.3747,2913.77,MB,15m,train,0.625,1929
3.0,0.167,1227,0.565,2.0945,2569.91,MB,15m,train,0.625,1929
3.0,0.25,1227,0.507,1.5092,1851.76,MB,15m,train,0.625,1929
3.0,0.5,1227,0.435,0.0919,112.8,MB,15m,train,0.625,1929
3.0,1.0,1227,0.385,-1.5713,-1928.02,MB,15m,train,0.625,1929
3.0,2.0,1227,0.336,-3.944,-4839.23,MB,15m,train,0.625,1929
3.0,5.0,1227,0.236,-8.3991,-10305.65,MB,15m,train,0.625,1929
4.0,0.083,1227,0.667,2.2246,2729.53,MB,15m,train,0.625,1929
4.0,0.125,1227,0.593,2.5244,3097.42,MB,15m,train,0.625,1929
4.0,0.167,1227,0.55,2.2779,2794.98,MB,15m,train,0.625,1929
4.0,0.25,1227,0.486,1.7371,2131.45,MB,15m,train,0.625,1929
4.0,0.5,1227,0.404,0.4437,544.42,MB,15m,train,0.625,1929
4.0,1.0,1227,0.344,-1.3143,-1612.59,MB,15m,train,0.625,1929
4.0,2.0,1227,0.311,-3.7562,-4608.87,MB,15m,train,0.625,1929
4.0,5.0,1227,0.257,-8.2616,-10136.97,MB,15m,train,0.625,1929
5.0,0.083,1227,0.667,2.2652,2779.34,MB,15m,train,0.625,1929
5.0,0.125,1227,0.588,2.5563,3136.53,MB,15m,train,0.625,1929
5.0,0.167,1227,0.544,2.3665,2903.67,MB,15m,train,0.625,1929
5.0,0.25,1227,0.476,1.8977,2328.47,MB,15m,train,0.625,1929
5.0,0.5,1227,0.385,0.694,851.56,MB,15m,train,0.625,1929
5.0,1.0,1227,0.313,-1.0367,-1272.06,MB,15m,train,0.625,1929
5.0,2.0,1227,0.275,-3.5161,-4314.28,MB,15m,train,0.625,1929
5.0,5.0,1227,0.252,-8.0857,-9921.13,MB,15m,train,0.625,1929
7.0,0.083,1227,0.663,2.2327,2739.48,MB,15m,train,0.625,1929
7.0,0.125,1227,0.583,2.5052,3073.9,MB,15m,train,0.625,1929
7.0,0.167,1227,0.537,2.339,2869.93,MB,15m,train,0.625,1929
7.0,0.25,1227,0.467,1.9,2331.32,MB,15m,train,0.625,1929
7.0,0.5,1227,0.368,0.8661,1062.66,MB,15m,train,0.625,1929
7.0,1.0,1227,0.284,-0.8066,-989.74,MB,15m,train,0.625,1929
7.0,2.0,1227,0.231,-3.2611,-4001.41,MB,15m,train,0.625,1929
7.0,5.0,1227,0.205,-7.9407,-9743.19,MB,15m,train,0.625,1929
10.0,0.083,1227,0.663,2.2131,2715.49,MB,15m,train,0.625,1929
10.0,0.125,1227,0.582,2.4928,3058.68,MB,15m,train,0.625,1929
10.0,0.167,1227,0.536,2.3229,2850.24,MB,15m,train,0.625,1929
10.0,0.25,1227,0.465,1.8808,2307.7,MB,15m,train,0.625,1929
10.0,0.5,1227,0.363,0.9136,1120.94,MB,15m,train,0.625,1929
10.0,1.0,1227,0.27,-0.7662,-940.15,MB,15m,train,0.625,1929
10.0,2.0,1227,0.204,-3.2079,-3936.11,MB,15m,train,0.625,1929
10.0,5.0,1227,0.16,-7.9813,-9793.11,MB,15m,train,0.625,1929
2.0,0.083,1219,0.684,1.8813,2293.32,MB,15m,train,0.65,1929
2.0,0.125,1219,0.629,1.888,2301.45,MB,15m,train,0.65,1929
2.0,0.167,1219,0.601,1.5799,1925.96,MB,15m,train,0.65,1929
2.0,0.25,1219,0.558,0.8666,1056.37,MB,15m,train,0.65,1929
2.0,0.5,1219,0.5,-0.4123,-502.65,MB,15m,train,0.65,1929
2.0,1.0,1219,0.432,-2.1085,-2570.28,MB,15m,train,0.65,1929
2.0,2.0,1219,0.313,-4.3768,-5335.37,MB,15m,train,0.65,1929
2.0,5.0,1219,0.158,-8.6703,-10569.15,MB,15m,train,0.65,1929
3.0,0.083,1219,0.66,2.0507,2499.78,MB,15m,train,0.65,1929
3.0,0.125,1219,0.592,2.1964,2677.44,MB,15m,train,0.65,1929
3.0,0.167,1219,0.554,1.9687,2399.88,MB,15m,train,0.65,1929
3.0,0.25,1219,0.504,1.3094,1596.13,MB,15m,train,0.65,1929
3.0,0.5,1219,0.433,-0.0558,-67.98,MB,15m,train,0.65,1929
3.0,1.0,1219,0.383,-1.7839,-2174.58,MB,15m,train,0.65,1929
3.0,2.0,1219,0.33,-4.1339,-5039.18,MB,15m,train,0.65,1929
3.0,5.0,1219,0.226,-8.5795,-10458.4,MB,15m,train,0.65,1929
4.0,0.083,1219,0.655,2.1116,2574.1,MB,15m,train,0.65,1929
4.0,0.125,1219,0.586,2.3365,2848.22,MB,15m,train,0.65,1929
4.0,0.167,1219,0.541,2.1222,2587.0,MB,15m,train,0.65,1929
4.0,0.25,1219,0.485,1.5047,1834.23,MB,15m,train,0.65,1929
4.0,0.5,1219,0.404,0.2596,316.43,MB,15m,train,0.65,1929
4.0,1.0,1219,0.346,-1.5287,-1863.48,MB,15m,train,0.65,1929
4.0,2.0,1219,0.31,-3.9268,-4786.78,MB,15m,train,0.65,1929
4.0,5.0,1219,0.251,-8.4265,-10271.91,MB,15m,train,0.65,1929
5.0,0.083,1219,0.654,2.1613,2634.63,MB,15m,train,0.65,1929
5.0,0.125,1219,0.579,2.4329,2965.75,MB,15m,train,0.65,1929
5.0,0.167,1219,0.532,2.2597,2754.62,MB,15m,train,0.65,1929
5.0,0.25,1219,0.472,1.6801,2048.02,MB,15m,train,0.65,1929
5.0,0.5,1219,0.381,0.4569,556.93,MB,15m,train,0.65,1929
5.0,1.0,1219,0.308,-1.3498,-1645.4,MB,15m,train,0.65,1929
5.0,2.0,1219,0.272,-3.82,-4656.58,MB,15m,train,0.65,1929
5.0,5.0,1219,0.248,-8.3234,-10146.26,MB,15m,train,0.65,1929
7.0,0.083,1219,0.651,2.136,2603.73,MB,15m,train,0.65,1929
7.0,0.125,1219,0.574,2.3396,2851.93,MB,15m,train,0.65,1929
7.0,0.167,1219,0.526,2.1943,2674.85,MB,15m,train,0.65,1929
7.0,0.25,1219,0.463,1.6655,2030.23,MB,15m,train,0.65,1929
7.0,0.5,1219,0.363,0.6461,787.63,MB,15m,train,0.65,1929
7.0,1.0,1219,0.279,-1.0298,-1255.32,MB,15m,train,0.65,1929
7.0,2.0,1219,0.23,-3.4656,-4224.53,MB,15m,train,0.65,1929
7.0,5.0,1219,0.206,-8.1806,-9972.2,MB,15m,train,0.65,1929
10.0,0.083,1219,0.651,2.1147,2577.82,MB,15m,train,0.65,1929
10.0,0.125,1219,0.573,2.3262,2835.59,MB,15m,train,0.65,1929
10.0,0.167,1219,0.524,2.1806,2658.09,MB,15m,train,0.65,1929
10.0,0.25,1219,0.46,1.6647,2029.25,MB,15m,train,0.65,1929
10.0,0.5,1219,0.358,0.7635,930.75,MB,15m,train,0.65,1929
10.0,1.0,1219,0.267,-0.927,-1129.98,MB,15m,train,0.65,1929
10.0,2.0,1219,0.203,-3.2869,-4006.73,MB,15m,train,0.65,1929
10.0,5.0,1219,0.163,-8.0643,-9830.43,MB,15m,train,0.65,1929
2.0,0.083,1217,0.675,1.8857,2294.95,MB,15m,train,0.675,1929
2.0,0.125,1217,0.627,1.9012,2313.76,MB,15m,train,0.675,1929
2.0,0.167,1217,0.6,1.5139,1842.44,MB,15m,train,0.675,1929
2.0,0.25,1217,0.561,0.8413,1023.87,MB,15m,train,0.675,1929
2.0,0.5,1217,0.51,-0.4131,-502.75,MB,15m,train,0.675,1929
2.0,1.0,1217,0.443,-2.0631,-2510.85,MB,15m,train,0.675,1929
2.0,2.0,1217,0.313,-4.3,-5233.11,MB,15m,train,0.675,1929
2.0,5.0,1217,0.146,-8.5601,-10417.7,MB,15m,train,0.675,1929
3.0,0.083,1217,0.649,2.0668,2515.33,MB,15m,train,0.675,1929
3.0,0.125,1217,0.586,2.2284,2711.99,MB,15m,train,0.675,1929
3.0,0.167,1217,0.552,1.9411,2362.35,MB,15m,train,0.675,1929
3.0,0.25,1217,0.504,1.2565,1529.1,MB,15m,train,0.675,1929
3.0,0.5,1217,0.439,-0.0678,-82.48,MB,15m,train,0.675,1929
3.0,1.0,1217,0.392,-1.7907,-2179.28,MB,15m,train,0.675,1929
3.0,2.0,1217,0.334,-4.1627,-5066.0,MB,15m,train,0.675,1929
3.0,5.0,1217,0.215,-8.4976,-10341.58,MB,15m,train,0.675,1929
4.0,0.083,1217,0.642,2.1092,2566.96,MB,15m,train,0.675,1929
4.0,0.125,1217,0.577,2.3863,2904.16,MB,15m,train,0.675,1929
4.0,0.167,1217,0.536,2.1105,2568.48,MB,15m,train,0.675,1929
4.0,0.25,1217,0.481,1.4742,1794.11,MB,15m,train,0.675,1929
4.0,0.5,1217,0.402,0.1936,235.57,MB,15m,train,0.675,1929
4.0,1.0,1217,0.343,-1.5878,-1932.35,MB,15m,train,0.675,1929
4.0,2.0,1217,0.309,-3.9849,-4849.67,MB,15m,train,0.675,1929
4.0,5.0,1217,0.251,-8.4148,-10240.85,MB,15m,train,0.675,1929
5.0,0.083,1217,0.641,2.1787,2651.49,MB,15m,train,0.675,1929
5.0,0.125,1217,0.573,2.4893,3029.53,MB,15m,train,0.675,1929
5.0,0.167,1217,0.529,2.245,2732.12,MB,15m,train,0.675,1929
5.0,0.25,1217,0.47,1.6598,2019.99,MB,15m,train,0.675,1929
5.0,0.5,1217,0.383,0.4394,534.79,MB,15m,train,0.675,1929
5.0,1.0,1217,0.314,-1.3689,-1665.99,MB,15m,train,0.675,1929
5.0,2.0,1217,0.277,-3.7928,-4615.87,MB,15m,train,0.675,1929
5.0,5.0,1217,0.251,-8.209,-9990.41,MB,15m,train,0.675,1929
7.0,0.083,1217,0.64,2.1685,2639.05,MB,15m,train,0.675,1929
7.0,0.125,1217,0.569,2.4624,2996.76,MB,15m,train,0.675,1929
7.0,0.167,1217,0.523,2.2414,2727.81,MB,15m,train,0.675,1929
7.0,0.25,1217,0.461,1.7145,2086.54,MB,15m,train,0.675,1929
7.0,0.5,1217,0.365,0.6957,846.68,MB,15m,train,0.675,1929
7.0,1.0,1217,0.282,-0.9898,-1204.59,MB,15m,train,0.675,1929
7.0,2.0,1217,0.235,-3.3779,-4110.92,MB,15m,train,0.675,1929
7.0,5.0,1217,0.214,-8.047,-9793.2,MB,15m,train,0.675,1929
10.0,0.083,1217,0.638,2.1404,2604.89,MB,15m,train,0.675,1929
10.0,0.125,1217,0.566,2.4039,2925.49,MB,15m,train,0.675,1929
10.0,0.167,1217,0.52,2.1888,2663.79,MB,15m,train,0.675,1929
10.0,0.25,1217,0.457,1.675,2038.45,MB,15m,train,0.675,1929
10.0,0.5,1217,0.357,0.7816,951.18,MB,15m,train,0.675,1929
10.0,1.0,1217,0.265,-0.9279,-1129.31,MB,15m,train,0.675,1929
10.0,2.0,1217,0.205,-3.323,-4044.1,MB,15m,train,0.675,1929
10.0,5.0,1217,0.166,-8.0624,-9811.98,MB,15m,train,0.675,1929
2.0,0.083,1193,0.683,2.1029,2508.81,MB,15m,train,0.7,1929
2.0,0.125,1193,0.63,1.9756,2356.84,MB,15m,train,0.7,1929
2.0,0.167,1193,0.598,1.5795,1884.35,MB,15m,train,0.7,1929
2.0,0.25,1193,0.562,0.8991,1072.58,MB,15m,train,0.7,1929
2.0,0.5,1193,0.505,-0.318,-379.4,MB,15m,train,0.7,1929
2.0,1.0,1193,0.443,-1.9519,-2328.65,MB,15m,train,0.7,1929
2.0,2.0,1193,0.315,-4.1733,-4978.8,MB,15m,train,0.7,1929
2.0,5.0,1193,0.141,-8.4373,-10065.65,MB,15m,train,0.7,1929
3.0,0.083,1193,0.658,2.3463,2799.18,MB,15m,train,0.7,1929
3.0,0.125,1193,0.592,2.3576,2812.64,MB,15m,train,0.7,1929
3.0,0.167,1193,0.552,2.0059,2393.0,MB,15m,train,0.7,1929
3.0,0.25,1193,0.509,1.3593,1621.69,MB,15m,train,0.7,1929
3.0,0.5,1193,0.447,0.0262,31.28,MB,15m,train,0.7,1929
3.0,1.0,1193,0.402,-1.6757,-1999.11,MB,15m,train,0.7,1929
3.0,2.0,1193,0.349,-4.0355,-4814.38,MB,15m,train,0.7,1929
3.0,5.0,1193,0.21,-8.3791,-9996.28,MB,15m,train,0.7,1929
4.0,0.083,1193,0.646,2.3229,2771.18,MB,15m,train,0.7,1929
4.0,0.125,1193,0.578,2.4658,2941.75,MB,15m,train,0.7,1929
4.0,0.167,1193,0.531,2.1199,2529.02,MB,15m,train,0.7,1929
4.0,0.25,1193,0.479,1.4665,1749.57,MB,15m,train,0.7,1929
4.0,0.5,1193,0.402,0.1702,203.01,MB,15m,train,0.7,1929
4.0,1.0,1193,0.348,-1.5394,-1836.52,MB,15m,train,0.7,1929
4.0,2.0,1193,0.313,-3.9271,-4685.07,MB,15m,train,0.7,1929
4.0,5.0,1193,0.249,-8.3364,-9945.3,MB,15m,train,0.7,1929
5.0,0.083,1193,0.645,2.3987,2861.6,MB,15m,train,0.7,1929
5.0,0.125,1193,0.573,2.5548,3047.89,MB,15m,train,0.7,1929
5.0,0.167,1193,0.523,2.2412,2673.79,MB,15m,train,0.7,1929
5.0,0.25,1193,0.465,1.6211,1933.94,MB,15m,train,0.7,1929
5.0,0.5,1193,0.382,0.424,505.79,MB,15m,train,0.7,1929
5.0,1.0,1193,0.319,-1.353,-1614.14,MB,15m,train,0.7,1929
5.0,2.0,1193,0.286,-3.775,-4503.6,MB,15m,train,0.7,1929
5.0,5.0,1193,0.254,-8.2191,-9805.42,MB,15m,train,0.7,1929
7.0,0.083,1193,0.645,2.3856,2846.03,MB,15m,train,0.7,1929
7.0,0.125,1193,0.568,2.5418,3032.4,MB,15m,train,0.7,1929
7.0,0.167,1193,0.516,2.2613,2697.73,MB,15m,train,0.7,1929
7.0,0.25,1193,0.457,1.7635,2103.85,MB,15m,train,0.7,1929
7.0,0.5,1193,0.365,0.7212,860.38,MB,15m,train,0.7,1929
7.0,1.0,1193,0.285,-0.8982,-1071.57,MB,15m,train,0.7,1929
7.0,2.0,1193,0.241,-3.2771,-3909.53,MB,15m,train,0.7,1929
7.0,5.0,1193,0.224,-7.793,-9297.07,MB,15m,train,0.7,1929
10.0,0.083,1193,0.643,2.3591,2814.41,MB,15m,train,0.7,1929
10.0,0.125,1193,0.565,2.4782,2956.53,MB,15m,train,0.7,1929
10.0,0.167,1193,0.512,2.1829,2604.19,MB,15m,train,0.7,1929
10.0,0.25,1193,0.451,1.6705,1992.88,MB,15m,train,0.7,1929
10.0,0.5,1193,0.354,0.7292,869.89,MB,15m,train,0.7,1929
10.0,1.0,1193,0.263,-0.9495,-1132.79,MB,15m,train,0.7,1929
10.0,2.0,1193,0.207,-3.312,-3951.27,MB,15m,train,0.7,1929
10.0,5.0,1193,0.167,-8.0648,-9621.34,MB,15m,train,0.7,1929
2.0,0.083,609,0.704,2.4013,1462.4,MB,15m,validation,0.3,717
2.0,0.125,609,0.639,2.2061,1343.51,MB,15m,validation,0.3,717
2.0,0.167,609,0.594,1.6019,975.53,MB,15m,validation,0.3,717
2.0,0.25,609,0.558,1.2222,744.35,MB,15m,validation,0.3,717
2.0,0.5,609,0.494,-0.2875,-175.11,MB,15m,validation,0.3,717
2.0,1.0,609,0.463,-2.2804,-1388.74,MB,15m,validation,0.3,717
2.0,2.0,609,0.422,-4.7994,-2922.84,MB,15m,validation,0.3,717
2.0,5.0,609,0.304,-10.4184,-6344.81,MB,15m,validation,0.3,717
3.0,0.083,609,0.7,2.5454,1550.12,MB,15m,validation,0.3,717
3.0,0.125,609,0.624,2.4275,1478.35,MB,15m,validation,0.3,717
3.0,0.167,609,0.567,1.8361,1118.2,MB,15m,validation,0.3,717
3.0,0.25,609,0.519,1.5107,919.99,MB,15m,validation,0.3,717
3.0,0.5,609,0.432,0.2349,143.03,MB,15m,validation,0.3,717
3.0,1.0,609,0.383,-1.8322,-1115.78,MB,15m,validation,0.3,717
3.0,2.0,609,0.361,-4.348,-2647.91,MB,15m,validation,0.3,717
3.0,5.0,609,0.31,-10.1024,-6152.35,MB,15m,validation,0.3,717
4.0,0.083,609,0.696,2.5434,1548.94,MB,15m,validation,0.3,717
4.0,0.125,609,0.614,2.4239,1476.18,MB,15m,validation,0.3,717
4.0,0.167,609,0.555,1.8241,1110.86,MB,15m,validation,0.3,717
4.0,0.25,609,0.504,1.5937,970.55,MB,15m,validation,0.3,717
4.0,0.5,609,0.409,0.5137,312.85,MB,15m,validation,0.3,717
4.0,1.0,609,0.342,-1.5904,-968.54,MB,15m,validation,0.3,717
4.0,2.0,609,0.307,-4.0792,-2484.21,MB,15m,validation,0.3,717
4.0,5.0,609,0.278,-9.7219,-5920.66,MB,15m,validation,0.3,717
5.0,0.083,609,0.696,2.5452,1550.05,MB,15m,validation,0.3,717
5.0,0.125,609,0.614,2.4293,1479.46,MB,15m,validation,0.3,717
5.0,0.167,609,0.553,1.8273,1112.81,MB,15m,validation,0.3,717
5.0,0.25,609,0.496,1.4893,906.97,MB,15m,validation,0.3,717
5.0,0.5,609,0.397,0.498,303.27,MB,15m,validation,0.3,717
5.0,1.0,609,0.317,-1.6314,-993.51,MB,15m,validation,0.3,717
5.0,2.0,609,0.266,-4.1038,-2499.23,MB,15m,validation,0.3,717
5.0,5.0,609,0.24,-9.651,-5877.45,MB,15m,validation,0.3,717
7.0,0.083,609,0.696,2.5403,1547.06,MB,15m,validation,0.3,717
7.0,0.125,609,0.612,2.3749,1446.31,MB,15m,validation,0.3,717
7.0,0.167,609,0.547,1.5962,972.07,MB,15m,validation,0.3,717
7.0,0.25,609,0.489,1.3017,792.74,MB,15m,validation,0.3,717
7.0,0.5,609,0.389,0.4404,268.23,MB,15m,validation,0.3,717
7.0,1.0,609,0.3,-1.5799,-962.16,MB,15m,validation,0.3,717
7.0,2.0,609,0.241,-4.0164,-2445.98,MB,15m,validation,0.3,717
7.0,5.0,609,0.19,-9.7001,-5907.35,MB,15m,validation,0.3,717
10.0,0.083,609,0.696,2.5403,1547.06,MB,15m,validation,0.3,717
10.0,0.125,609,0.612,2.3749,1446.33,MB,15m,validation,0.3,717
10.0,0.167,609,0.547,1.597,972.55,MB,15m,validation,0.3,717
10.0,0.25,609,0.489,1.2951,788.73,MB,15m,validation,0.3,717
10.0,0.5,609,0.388,0.4581,279.0,MB,15m,validation,0.3,717
10.0,1.0,609,0.296,-1.7134,-1043.43,MB,15m,validation,0.3,717
10.0,2.0,609,0.23,-3.9472,-2403.87,MB,15m,validation,0.3,717
10.0,5.0,609,0.169,-9.5464,-5813.76,MB,15m,validation,0.3,717
2.0,0.083,606,0.685,2.13,1290.77,MB,15m,validation,0.325,717
2.0,0.125,606,0.624,1.8644,1129.84,MB,15m,validation,0.325,717
2.0,0.167,606,0.586,1.2867,779.75,MB,15m,validation,0.325,717
2.0,0.25,606,0.55,0.9513,576.49,MB,15m,validation,0.325,717
2.0,0.5,606,0.49,-0.4665,-282.71,MB,15m,validation,0.325,717
2.0,1.0,606,0.465,-2.3943,-1450.94,MB,15m,validation,0.325,717
2.0,2.0,606,0.419,-4.9284,-2986.62,MB,15m,validation,0.325,717
2.0,5.0,606,0.302,-10.5594,-6398.99,MB,15m,validation,0.325,717
3.0,0.083,606,0.68,2.3162,1403.63,MB,15m,validation,0.325,717
3.0,0.125,606,0.609,2.1594,1308.58,MB,15m,validation,0.325,717
3.0,0.167,606,0.558,1.5294,926.83,MB,15m,validation,0.325,717
3.0,0.25,606,0.512,1.2204,739.54,MB,15m,validation,0.325,717
3.0,0.5,606,0.431,0.0894,54.16,MB,15m,validation,0.325,717
3.0,1.0,606,0.384,-1.8531,-1123.0,MB,15m,validation,0.325,717
3.0,2.0,606,0.368,-4.3207,-2618.32,MB,15m,validation,0.325,717
3.0,5.0,606,0.314,-10.0668,-6100.46,MB,15m,validation,0.325,717
4.0,0.083,606,0.677,2.3172,1404.22,MB,15m,validation,0.325,717
4.0,0.125,606,0.601,2.1942,1329.67,MB,15m,validation,0.325,717
4.0,0.167,606,0.548,1.6082,974.54,MB,15m,validation,0.325,717
4.0,0.25,606,0.493,1.3443,814.66,MB,15m,validation,0.325,717
4.0,0.5,606,0.408,0.4981,301.87,MB,15m,validation,0.325,717
4.0,1.0,606,0.343,-1.5419,-934.39,MB,15m,validation,0.325,717
4.0,2.0,606,0.314,-3.9217,-2376.53,MB,15m,validation,0.325,717
4.0,5.0,606,0.287,-9.5497,-5787.11,MB,15m,validation,0.325,717
5.0,0.083,606,0.677,2.3251,1409.03,MB,15m,validation,0.325,717
5.0,0.125,606,0.599,2.1663,1312.8,MB,15m,validation,0.325,717
5.0,0.167,606,0.545,1.5788,956.74,MB,15m,validation,0.325,717
5.0,0.25,606,0.483,1.204,729.65,MB,15m,validation,0.325,717
5.0,0.5,606,0.394,0.41,248.45,MB,15m,validation,0.325,717
5.0,1.0,606,0.317,-1.6744,-1014.66,MB,15m,validation,0.325,717
5.0,2.0,606,0.271,-4.1683,-2525.98,MB,15m,validation,0.325,717
5.0,5.0,606,0.248,-9.814,-5947.28,MB,15m,validation,0.325,717
7.0,0.083,606,0.677,2.3207,1406.37,MB,15m,validation,0.325,717
7.0,0.125,606,0.597,2.1148,1281.55,MB,15m,validation,0.325,717
7.0,0.167,606,0.538,1.3527,819.72,MB,15m,validation,0.325,717
7.0,0.25,606,0.477,1.0296,623.95,MB,15m,validation,0.325,717
7.0,0.5,606,0.386,0.3814,231.11,MB,15m,validation,0.325,717
7.0,1.0,606,0.297,-1.6821,-1019.34,MB,15m,validation,0.325,717
7.0,2.0,606,0.239,-4.0713,-2467.21,MB,15m,validation,0.325,717
7.0,5.0,606,0.195,-9.8551,-5972.18,MB,15m,validation,0.325,717
10.0,0.083,606,0.677,2.3207,1406.37,MB,15m,validation,0.325,717
10.0,0.125,606,0.597,2.1148,1281.57,MB,15m,validation,0.325,717
10.0,0.167,606,0.538,1.3535,820.25,MB,15m,validation,0.325,717
10.0,0.25,606,0.477,1.0259,621.69,MB,15m,validation,0.325,717
10.0,0.5,606,0.384,0.4067,246.47,MB,15m,validation,0.325,717
10.0,1.0,606,0.292,-1.7887,-1083.94,MB,15m,validation,0.325,717
10.0,2.0,606,0.226,-4.0456,-2451.65,MB,15m,validation,0.325,717
10.0,5.0,606,0.173,-9.6112,-5824.38,MB,15m,validation,0.325,717
2.0,0.083,613,0.675,1.9956,1223.29,MB,15m,validation,0.35,717
2.0,0.125,613,0.613,1.7205,1054.68,MB,15m,validation,0.35,717
2.0,0.167,613,0.568,1.1439,701.23,MB,15m,validation,0.35,717
2.0,0.25,613,0.533,0.6923,424.35,MB,15m,validation,0.35,717
2.0,0.5,613,0.478,-0.7667,-469.99,MB,15m,validation,0.35,717
2.0,1.0,613,0.452,-2.7592,-1691.41,MB,15m,validation,0.35,717
2.0,2.0,613,0.409,-5.4103,-3316.49,MB,15m,validation,0.35,717
2.0,5.0,613,0.29,-10.9692,-6724.1,MB,15m,validation,0.35,717
3.0,0.083,613,0.672,2.2298,1366.84,MB,15m,validation,0.35,717
3.0,0.125,613,0.6,2.0651,1265.94,MB,15m,validation,0.35,717
3.0,0.167,613,0.543,1.4667,899.11,MB,15m,validation,0.35,717
3.0,0.25,613,0.502,1.0907,668.6,MB,15m,validation,0.35,717
3.0,0.5,613,0.424,-0.0621,-38.05,MB,15m,validation,0.35,717
3.0,1.0,613,0.383,-2.0047,-1228.86,MB,15m,validation,0.35,717
3.0,2.0,613,0.37,-4.5297,-2776.71,MB,15m,validation,0.35,717
3.0,5.0,613,0.315,-10.2939,-6310.18,MB,15m,validation,0.35,717
4.0,0.083,613,0.667,2.2203,1361.02,MB,15m,validation,0.35,717
4.0,0.125,613,0.591,2.103,1289.16,MB,15m,validation,0.35,717
4.0,0.167,613,0.53,1.5267,935.88,MB,15m,validation,0.35,717
4.0,0.25,613,0.48,1.1322,694.06,MB,15m,validation,0.35,717
4.0,0.5,613,0.395,0.2748,168.46,MB,15m,validation,0.35,717
4.0,1.0,613,0.334,-1.8006,-1103.78,MB,15m,validation,0.35,717
4.0,2.0,613,0.31,-4.2299,-2592.95,MB,15m,validation,0.35,717
4.0,5.0,613,0.284,-9.997,-6128.17,MB,15m,validation,0.35,717
5.0,0.083,613,0.667,2.229,1366.38,MB,15m,validation,0.35,717
5.0,0.125,613,0.589,2.0784,1274.04,MB,15m,validation,0.35,717
5.0,0.167,613,0.527,1.503,921.32,MB,15m,validation,0.35,717
5.0,0.25,613,0.473,1.0847,664.95,MB,15m,validation,0.35,717
5.0,0.5,613,0.387,0.3161,193.76,MB,15m,validation,0.35,717
5.0,1.0,613,0.315,-1.76,-1078.87,MB,15m,validation,0.35,717
5.0,2.0,613,0.272,-4.2028,-2576.3,MB,15m,validation,0.35,717
5.0,5.0,613,0.246,-9.8805,-6056.72,MB,15m,validation,0.35,717
7.0,0.083,613,0.667,2.2249,1363.88,MB,15m,validation,0.35,717
7.0,0.125,613,0.587,2.0291,1243.83,MB,15m,validation,0.35,717
7.0,0.167,613,0.52,1.2829,786.41,MB,15m,validation,0.35,717
7.0,0.25,613,0.463,0.8262,506.49,MB,15m,validation,0.35,717
7.0,0.5,613,0.375,0.2084,127.78,MB,15m,validation,0.35,717
7.0,1.0,613,0.295,-1.7464,-1070.57,MB,15m,validation,0.35,717
7.0,2.0,613,0.237,-4.113,-2521.27,MB,15m,validation,0.35,717
7.0,5.0,613,0.194,-9.9943,-6126.48,MB,15m,validation,0.35,717
10.0,0.083,613,0.667,2.2249,1363.88,MB,15m,validation,0.35,717
10.0,0.125,613,0.587,2.0291,1243.84,MB,15m,validation,0.35,717
10.0,0.167,613,0.52,1.2837,786.94,MB,15m,validation,0.35,717
10.0,0.25,613,0.463,0.8252,505.82,MB,15m,validation,0.35,717
10.0,0.5,613,0.374,0.2399,147.03,MB,15m,validation,0.35,717
10.0,1.0,613,0.289,-1.8756,-1149.72,MB,15m,validation,0.35,717
10.0,2.0,613,0.222,-4.2047,-2577.48,MB,15m,validation,0.35,717
10.0,5.0,613,0.17,-9.8862,-6060.23,MB,15m,validation,0.35,717
2.0,0.083,609,0.677,2.0305,1236.57,MB,15m,validation,0.375,717
2.0,0.125,609,0.604,1.6147,983.33,MB,15m,validation,0.375,717
2.0,0.167,609,0.563,1.1132,677.97,MB,15m,validation,0.375,717
2.0,0.25,609,0.529,0.5977,363.97,MB,15m,validation,0.375,717
2.0,0.5,609,0.475,-0.8241,-501.87,MB,15m,validation,0.375,717
2.0,1.0,609,0.445,-2.7814,-1693.84,MB,15m,validation,0.375,717
2.0,2.0,609,0.394,-5.4554,-3322.36,MB,15m,validation,0.375,717
2.0,5.0,609,0.279,-11.0205,-6711.48,MB,15m,validation,0.375,717
3.0,0.083,609,0.673,2.3317,1419.98,MB,15m,validation,0.375,717
3.0,0.125,609,0.594,2.1303,1297.37,MB,15m,validation,0.375,717
3.0,0.167,609,0.545,1.6305,992.98,MB,15m,validation,0.375,717
3.0,0.25,609,0.502,1.195,727.75,MB,15m,validation,0.375,717
3.0,0.5,609,0.425,0.085,51.79,MB,15m,validation,0.375,717
3.0,1.0,609,0.384,-1.8634,-1134.81,MB,15m,validation,0.375,717
3.0,2.0,609,0.376,-4.3905,-2673.83,MB,15m,validation,0.375,717
3.0,5.0,609,0.315,-10.1309,-6169.72,MB,15m,validation,0.375,717
4.0,0.083,609,0.67,2.3625,1438.77,MB,15m,validation,0.375,717
4.0,0.125,609,0.583,2.1273,1295.52,MB,15m,validation,0.375,717
4.0,0.167,609,0.527,1.5972,972.68,MB,15m,validation,0.375,717
4.0,0.25,609,0.476,1.1204,682.33,MB,15m,validation,0.375,717
4.0,0.5,609,0.392,0.1796,109.38,MB,15m,validation,0.375,717
4.0,1.0,609,0.328,-1.8892,-1150.53,MB,15m,validation,0.375,717
4.0,2.0,609,0.307,-4.3148,-2627.73,MB,15m,validation,0.375,717
4.0,5.0,609,0.281,-10.083,-6140.52,MB,15m,validation,0.375,717
5.0,0.083,609,0.67,2.3712,1444.05,MB,15m,validation,0.375,717
5.0,0.125,609,0.581,2.1071,1283.23,MB,15m,validation,0.375,717
5.0,0.167,609,0.524,1.586,965.87,MB,15m,validation,0.375,717
5.0,0.25,609,0.471,1.16,706.45,MB,15m,validation,0.375,717
5.0,0.5,609,0.388,0.4385,267.07,MB,15m,validation,0.375,717
5.0,1.0,609,0.315,-1.6727,-1018.67,MB,15m,validation,0.375,717
5.0,2.0,609,0.274,-4.1712,-2540.29,MB,15m,validation,0.375,717
5.0,5.0,609,0.246,-9.8997,-6028.9,MB,15m,validation,0.375,717
7.0,0.083,609,0.67,2.3674,1441.74,MB,15m,validation,0.375,717
7.0,0.125,609,0.58,2.0599,1254.46,MB,15m,validation,0.375,717
7.0,0.167,609,0.516,1.3311,810.62,MB,15m,validation,0.375,717
7.0,0.25,609,0.461,0.8827,537.59,MB,15m,validation,0.375,717
7.0,0.5,609,0.374,0.2783,169.5,MB,15m,validation,0.375,717
7.0,1.0,609,0.291,-1.6553,-1008.06,MB,15m,validation,0.375,717
7.0,2.0,609,0.238,-4.0999,-2496.82,MB,15m,validation,0.375,717
7.0,5.0,609,0.199,-9.816,-5977.92,MB,15m,validation,0.375,717
10.0,0.083,609,0.67,2.3674,1441.74,MB,15m,validation,0.375,717
10.0,0.125,609,0.58,2.0599,1254.47,MB,15m,validation,0.375,717
10.0,0.167,609,0.516,1.3316,810.96,MB,15m,validation,0.375,717
10.0,0.25,609,0.461,0.883,537.76,MB,15m,validation,0.375,717
10.0,0.5,609,0.373,0.3211,195.54,MB,15m,validation,0.375,717
10.0,1.0,609,0.284,-1.7804,-1084.24,MB,15m,validation,0.375,717
10.0,2.0,609,0.222,-4.1979,-2556.5,MB,15m,validation,0.375,717
10.0,5.0,609,0.167,-9.8637,-6007.01,MB,15m,validation,0.375,717
2.0,0.083,606,0.678,1.9796,1199.62,MB,15m,validation,0.4,717
2.0,0.125,606,0.614,1.5855,960.84,MB,15m,validation,0.4,717
2.0,0.167,606,0.559,0.9838,596.2,MB,15m,validation,0.4,717
2.0,0.25,606,0.531,0.5777,350.06,MB,15m,validation,0.4,717
2.0,0.5,606,0.482,-0.8657,-524.61,MB,15m,validation,0.4,717
2.0,1.0,606,0.45,-2.7998,-1696.7,MB,15m,validation,0.4,717
2.0,2.0,606,0.394,-5.4807,-3321.31,MB,15m,validation,0.4,717
2.0,5.0,606,0.267,-11.0274,-6682.59,MB,15m,validation,0.4,717
3.0,0.083,606,0.673,2.251,1364.13,MB,15m,validation,0.4,717
3.0,0.125,606,0.602,2.1595,1308.65,MB,15m,validation,0.4,717
3.0,0.167,606,0.541,1.5832,959.44,MB,15m,validation,0.4,717
3.0,0.25,606,0.502,1.2983,786.79,MB,15m,validation,0.4,717
3.0,0.5,606,0.424,0.0268,16.23,MB,15m,validation,0.4,717
3.0,1.0,606,0.384,-1.9628,-1189.44,MB,15m,validation,0.4,717
3.0,2.0,606,0.378,-4.4858,-2718.39,MB,15m,validation,0.4,717
3.0,5.0,606,0.315,-10.2709,-6224.18,MB,15m,validation,0.4,717
4.0,0.083,606,0.672,2.2845,1384.41,MB,15m,validation,0.4,717
4.0,0.125,606,0.592,2.1518,1303.98,MB,15m,validation,0.4,717
4.0,0.167,606,0.523,1.5457,936.69,MB,15m,validation,0.4,717
4.0,0.25,606,0.477,1.2082,732.19,MB,15m,validation,0.4,717
4.0,0.5,606,0.391,0.1204,72.97,MB,15m,validation,0.4,717
4.0,1.0,606,0.328,-1.9859,-1203.48,MB,15m,validation,0.4,717
4.0,2.0,606,0.31,-4.5289,-2744.53,MB,15m,validation,0.4,717
4.0,5.0,606,0.279,-10.3212,-6254.63,MB,15m,validation,0.4,717
5.0,0.083,606,0.67,2.2794,1381.31,MB,15m,validation,0.4,717
5.0,0.125,606,0.589,2.1177,1283.35,MB,15m,validation,0.4,717
5.0,0.167,606,0.518,1.5252,924.25,MB,15m,validation,0.4,717
5.0,0.25,606,0.47,1.2236,741.5,MB,15m,validation,0.4,717
5.0,0.5,606,0.381,0.2838,172.01,MB,15m,validation,0.4,717
5.0,1.0,606,0.307,-1.8881,-1144.21,MB,15m,validation,0.4,717
5.0,2.0,606,0.274,-4.3738,-2650.52,MB,15m,validation,0.4,717
5.0,5.0,606,0.244,-10.0797,-6108.31,MB,15m,validation,0.4,717
7.0,0.083,606,0.67,2.2793,1381.25,MB,15m,validation,0.4,717
7.0,0.125,606,0.587,2.08,1260.46,MB,15m,validation,0.4,717
7.0,0.167,606,0.51,1.2823,777.08,MB,15m,validation,0.4,717
7.0,0.25,606,0.46,0.958,580.58,MB,15m,validation,0.4,717
7.0,0.5,606,0.37,0.1862,112.84,MB,15m,validation,0.4,717
7.0,1.0,606,0.287,-1.734,-1050.83,MB,15m,validation,0.4,717
7.0,2.0,606,0.241,-4.133,-2504.62,MB,15m,validation,0.4,717
7.0,5.0,606,0.2,-9.7957,-5936.2,MB,15m,validation,0.4,717
10.0,0.083,606,0.67,2.2793,1381.25,MB,15m,validation,0.4,717
10.0,0.125,606,0.587,2.0806,1260.83,MB,15m,validation,0.4,717
10.0,0.167,606,0.51,1.2867,779.77,MB,15m,validation,0.4,717
10.0,0.25,606,0.46,0.9807,594.33,MB,15m,validation,0.4,717
10.0,0.5,606,0.368,0.2632,159.52,MB,15m,validation,0.4,717
10.0,1.0,606,0.281,-1.7652,-1069.72,MB,15m,validation,0.4,717
10.0,2.0,606,0.226,-3.9955,-2421.28,MB,15m,validation,0.4,717
10.0,5.0,606,0.17,-9.6226,-5831.27,MB,15m,validation,0.4,717
2.0,0.083,607,0.682,1.8917,1148.25,MB,15m,validation,0.425,717
2.0,0.125,607,0.616,1.6121,978.52,MB,15m,validation,0.425,717
2.0,0.167,607,0.563,1.0556,640.76,MB,15m,validation,0.425,717
2.0,0.25,607,0.532,0.5099,309.5,MB,15m,validation,0.425,717
2.0,0.5,607,0.481,-0.951,-577.27,MB,15m,validation,0.425,717
2.0,1.0,607,0.446,-2.9912,-1815.68,MB,15m,validation,0.425,717
2.0,2.0,607,0.387,-5.6819,-3448.89,MB,15m,validation,0.425,717
2.0,5.0,607,0.26,-11.2268,-6814.66,MB,15m,validation,0.425,717
3.0,0.083,607,0.675,2.1195,1286.55,MB,15m,validation,0.425,717
3.0,0.125,607,0.601,2.1214,1287.68,MB,15m,validation,0.425,717
3.0,0.167,607,0.539,1.526,926.29,MB,15m,validation,0.425,717
3.0,0.25,607,0.496,1.1091,673.2,MB,15m,validation,0.425,717
3.0,0.5,607,0.417,-0.2163,-131.31,MB,15m,validation,0.425,717
3.0,1.0,607,0.377,-2.2865,-1387.93,MB,15m,validation,0.425,717
3.0,2.0,607,0.371,-4.9051,-2977.4,MB,15m,validation,0.425,717
3.0,5.0,607,0.3,-10.7329,-6514.85,MB,15m,validation,0.425,717
4.0,0.083,607,0.671,2.1483,1304.02,MB,15m,validation,0.425,717
4.0,0.125,607,0.588,2.1288,1292.19,MB,15m,validation,0.425,717
4.0,0.167,607,0.521,1.5236,924.85,MB,15m,validation,0.425,717
4.0,0.25,607,0.47,1.0897,661.44,MB,15m,validation,0.425,717
4.0,0.5,607,0.384,-0.073,-44.33,MB,15m,validation,0.425,717
4.0,1.0,607,0.32,-2.2534,-1367.81,MB,15m,validation,0.425,717
4.0,2.0,607,0.303,-4.8674,-2954.54,MB,15m,validation,0.425,717
4.0,5.0,607,0.272,-10.7128,-6502.67,MB,15m,validation,0.425,717
5.0,0.083,607,0.669,2.1488,1304.33,MB,15m,validation,0.425,717
5.0,0.125,607,0.585,2.1027,1276.33,MB,15m,validation,0.425,717
5.0,0.167,607,0.516,1.5161,920.29,MB,15m,validation,0.425,717
5.0,0.25,607,0.465,1.121,680.43,MB,15m,validation,0.425,717
5.0,0.5,607,0.372,0.0731,44.37,MB,15m,validation,0.425,717
5.0,1.0,607,0.301,-2.0808,-1263.05,MB,15m,validation,0.425,717
5.0,2.0,607,0.277,-4.5928,-2787.82,MB,15m,validation,0.425,717
5.0,5.0,607,0.244,-10.3753,-6297.79,MB,15m,validation,0.425,717
7.0,0.083,607,0.669,2.1486,1304.22,MB,15m,validation,0.425,717
7.0,0.125,607,0.583,2.0692,1255.99,MB,15m,validation,0.425,717
7.0,0.167,607,0.509,1.2795,776.67,MB,15m,validation,0.425,717
7.0,0.25,607,0.453,0.8253,500.97,MB,15m,validation,0.425,717
7.0,0.5,607,0.359,-0.0295,-17.92,MB,15m,validation,0.425,717
7.0,1.0,607,0.28,-1.9804,-1202.08,MB,15m,validation,0.425,717
7.0,2.0,607,0.237,-4.4168,-2680.99,MB,15m,validation,0.425,717
7.0,5.0,607,0.199,-9.9777,-6056.46,MB,15m,validation,0.425,717
10.0,0.083,607,0.669,2.1486,1304.22,MB,15m,validation,0.425,717
10.0,0.125,607,0.583,2.0698,1256.36,MB,15m,validation,0.425,717
10.0,0.167,607,0.509,1.2841,779.44,MB,15m,validation,0.425,717
10.0,0.25,607,0.453,0.8516,516.95,MB,15m,validation,0.425,717
10.0,0.5,607,0.357,0.0866,52.58,MB,15m,validation,0.425,717
10.0,1.0,607,0.272,-1.95,-1183.63,MB,15m,validation,0.425,717
10.0,2.0,607,0.222,-4.1473,-2517.4,MB,15m,validation,0.425,717
10.0,5.0,607,0.168,-9.7908,-5943.01,MB,15m,validation,0.425,717
2.0,0.083,596,0.698,2.2083,1316.16,MB,15m,validation,0.45,717
2.0,0.125,596,0.628,1.917,1142.5,MB,15m,validation,0.45,717
2.0,0.167,596,0.579,1.346,802.24,MB,15m,validation,0.45,717
2.0,0.25,596,0.542,0.7887,470.05,MB,15m,validation,0.45,717
2.0,0.5,596,0.488,-0.8337,-496.88,MB,15m,validation,0.45,717
2.0,1.0,596,0.45,-2.8642,-1707.07,MB,15m,validation,0.45,717
2.0,2.0,596,0.389,-5.5918,-3332.74,MB,15m,validation,0.45,717
2.0,5.0,596,0.247,-11.1793,-6662.87,MB,15m,validation,0.45,717
3.0,0.083,596,0.685,2.3445,1397.3,MB,15m,validation,0.45,717
3.0,0.125,596,0.604,2.381,1419.08,MB,15m,validation,0.45,717
3.0,0.167,596,0.542,1.7367,1035.06,MB,15m,validation,0.45,717
3.0,0.25,596,0.495,1.3162,784.44,MB,15m,validation,0.45,717
3.0,0.5,596,0.416,-0.29,-172.85,MB,15m,validation,0.45,717
3.0,1.0,596,0.374,-2.3332,-1390.6,MB,15m,validation,0.45,717
3.0,2.0,596,0.369,-4.9175,-2930.85,MB,15m,validation,0.45,717
3.0,5.0,596,0.292,-10.7853,-6428.01,MB,15m,validation,0.45,717
4.0,0.083,596,0.68,2.3626,1408.1,MB,15m,validation,0.45,717
4.0,0.125,596,0.592,2.3843,1421.03,MB,15m,validation,0.45,717
4.0,0.167,596,0.529,1.8034,1074.81,MB,15m,validation,0.45,717
4.0,0.25,596,0.473,1.3934,830.5,MB,15m,validation,0.45,717
4.0,0.5,596,0.391,0.0408,24.32,MB,15m,validation,0.45,717
4.0,1.0,596,0.322,-2.0834,-1241.7,MB,15m,validation,0.45,717
4.0,2.0,596,0.31,-4.6528,-2773.09,MB,15m,validation,0.45,717
4.0,5.0,596,0.279,-10.5174,-6268.34,MB,15m,validation,0.45,717
5.0,0.083,596,0.678,2.374,1414.91,MB,15m,validation,0.45,717
5.0,0.125,596,0.587,2.3808,1418.96,MB,15m,validation,0.45,717
5.0,0.167,596,0.523,1.8517,1103.59,MB,15m,validation,0.45,717
5.0,0.25,596,0.468,1.4552,867.3,MB,15m,validation,0.45,717
5.0,0.5,596,0.376,0.2263,134.88,MB,15m,validation,0.45,717
5.0,1.0,596,0.3,-1.8792,-1120.01,MB,15m,validation,0.45,717
5.0,2.0,596,0.279,-4.4023,-2623.77,MB,15m,validation,0.45,717
5.0,5.0,596,0.25,-10.0996,-6019.35,MB,15m,validation,0.45,717
7.0,0.083,596,0.678,2.3737,1414.74,MB,15m,validation,0.45,717
7.0,0.125,596,0.586,2.3336,1390.81,MB,15m,validation,0.45,717
7.0,0.167,596,0.515,1.5804,941.93,MB,15m,validation,0.45,717
7.0,0.25,596,0.455,1.1266,671.46,MB,15m,validation,0.45,717
7.0,0.5,596,0.361,0.0793,47.24,MB,15m,validation,0.45,717
7.0,1.0,596,0.277,-1.8685,-1113.61,MB,15m,validation,0.45,717
7.0,2.0,596,0.235,-4.3199,-2574.66,MB,15m,validation,0.45,717
7.0,5.0,596,0.201,-9.792,-5836.05,MB,15m,validation,0.45,717
10.0,0.083,596,0.678,2.3737,1414.74,MB,15m,validation,0.45,717
10.0,0.125,596,0.586,2.3341,1391.15,MB,15m,validation,0.45,717
10.0,0.167,596,0.515,1.5842,944.2,MB,15m,validation,0.45,717
10.0,0.25,596,0.455,1.1528,687.04,MB,15m,validation,0.45,717
10.0,0.5,596,0.359,0.2254,134.31,MB,15m,validation,0.45,717
10.0,1.0,596,0.268,-1.8479,-1101.35,MB,15m,validation,0.45,717
10.0,2.0,596,0.218,-4.1645,-2482.06,MB,15m,validation,0.45,717
10.0,5.0,596,0.163,-9.8839,-5890.83,MB,15m,validation,0.45,717
2.0,0.083,592,0.686,2.0555,1216.86,MB,15m,validation,0.475,717
2.0,0.125,592,0.622,1.7041,1008.83,MB,15m,validation,0.475,717
2.0,0.167,592,0.573,1.1696,692.39,MB,15m,validation,0.475,717
2.0,0.25,592,0.542,0.6024,356.62,MB,15m,validation,0.475,717
2.0,0.5,592,0.485,-1.1584,-685.77,MB,15m,validation,0.475,717
2.0,1.0,592,0.449,-3.2192,-1905.78,MB,15m,validation,0.475,717
2.0,2.0,592,0.377,-5.9823,-3541.54,MB,15m,validation,0.475,717
2.0,5.0,592,0.236,-11.4969,-6806.16,MB,15m,validation,0.475,717
3.0,0.083,592,0.671,2.1605,1278.99,MB,15m,validation,0.475,717
3.0,0.125,592,0.595,2.1389,1266.2,MB,15m,validation,0.475,717
3.0,0.167,592,0.529,1.5218,900.93,MB,15m,validation,0.475,717
3.0,0.25,592,0.49,1.0851,642.36,MB,15m,validation,0.475,717
3.0,0.5,592,0.409,-0.6274,-371.45,MB,15m,validation,0.475,717
3.0,1.0,592,0.37,-2.6403,-1563.04,MB,15m,validation,0.475,717
3.0,2.0,592,0.361,-5.2776,-3124.31,MB,15m,validation,0.475,717
3.0,5.0,592,0.287,-11.0548,-6544.46,MB,15m,validation,0.475,717
4.0,0.083,592,0.667,2.2107,1308.71,MB,15m,validation,0.475,717
4.0,0.125,592,0.586,2.1885,1295.57,MB,15m,validation,0.475,717
4.0,0.167,592,0.517,1.6635,984.8,MB,15m,validation,0.475,717
4.0,0.25,592,0.47,1.2521,741.27,MB,15m,validation,0.475,717
4.0,0.5,592,0.382,-0.2595,-153.61,MB,15m,validation,0.475,717
4.0,1.0,592,0.321,-2.3052,-1364.68,MB,15m,validation,0.475,717
4.0,2.0,592,0.307,-4.9463,-2928.21,MB,15m,validation,0.475,717
4.0,5.0,592,0.28,-10.6388,-6298.14,MB,15m,validation,0.475,717
5.0,0.083,592,0.664,2.2189,1313.58,MB,15m,validation,0.475,717
5.0,0.125,592,0.581,2.2226,1315.8,MB,15m,validation,0.475,717
5.0,0.167,592,0.512,1.7584,1041.0,MB,15m,validation,0.475,717
5.0,0.25,592,0.465,1.3819,818.11,MB,15m,validation,0.475,717
5.0,0.5,592,0.37,0.0664,39.33,MB,15m,validation,0.475,717
5.0,1.0,592,0.296,-2.0144,-1192.52,MB,15m,validation,0.475,717
5.0,2.0,592,0.275,-4.5747,-2708.22,MB,15m,validation,0.475,717
5.0,5.0,592,0.252,-10.2055,-6041.66,MB,15m,validation,0.475,717
7.0,0.083,592,0.664,2.2167,1312.32,MB,15m,validation,0.475,717
7.0,0.125,592,0.578,2.1336,1263.12,MB,15m,validation,0.475,717
7.0,0.167,592,0.503,1.5694,929.08,MB,15m,validation,0.475,717
7.0,0.25,592,0.453,1.1644,689.31,MB,15m,validation,0.475,717
7.0,0.5,592,0.356,0.0178,10.52,MB,15m,validation,0.475,717
7.0,1.0,592,0.274,-1.8735,-1109.13,MB,15m,validation,0.475,717
7.0,2.0,592,0.231,-4.3589,-2580.49,MB,15m,validation,0.475,717
7.0,5.0,592,0.203,-9.7578,-5776.62,MB,15m,validation,0.475,717
10.0,0.083,592,0.664,2.2167,1312.32,MB,15m,validation,0.475,717
10.0,0.125,592,0.578,2.1342,1263.46,MB,15m,validation,0.475,717
10.0,0.167,592,0.503,1.5732,931.34,MB,15m,validation,0.475,717
10.0,0.25,592,0.453,1.1914,705.31,MB,15m,validation,0.475,717
10.0,0.5,592,0.355,0.1417,83.91,MB,15m,validation,0.475,717
10.0,1.0,592,0.265,-1.7538,-1038.26,MB,15m,validation,0.475,717
10.0,2.0,592,0.22,-4.1704,-2468.87,MB,15m,validation,0.475,717
10.0,5.0,592,0.164,-9.8646,-5839.87,MB,15m,validation,0.475,717
2.0,0.083,586,0.688,2.1006,1230.96,MB,15m,validation,0.5,717
2.0,0.125,586,0.619,1.6749,981.46,MB,15m,validation,0.5,717
2.0,0.167,586,0.57,1.1454,671.18,MB,15m,validation,0.5,717
2.0,0.25,586,0.541,0.5259,308.19,MB,15m,validation,0.5,717
2.0,0.5,586,0.491,-1.205,-706.13,MB,15m,validation,0.5,717
2.0,1.0,586,0.454,-3.312,-1940.86,MB,15m,validation,0.5,717
2.0,2.0,586,0.369,-6.0881,-3567.65,MB,15m,validation,0.5,717
2.0,5.0,586,0.227,-11.611,-6804.02,MB,15m,validation,0.5,717
3.0,0.083,586,0.666,2.102,1231.78,MB,15m,validation,0.5,717
3.0,0.125,586,0.587,2.0075,1176.41,MB,15m,validation,0.5,717
3.0,0.167,586,0.526,1.4687,860.65,MB,15m,validation,0.5,717
3.0,0.25,586,0.485,0.982,575.43,MB,15m,validation,0.5,717
3.0,0.5,586,0.415,-0.6833,-400.42,MB,15m,validation,0.5,717
3.0,1.0,586,0.381,-2.7073,-1586.51,MB,15m,validation,0.5,717
3.0,2.0,586,0.362,-5.3526,-3136.65,MB,15m,validation,0.5,717
3.0,5.0,586,0.287,-10.938,-6409.66,MB,15m,validation,0.5,717
4.0,0.083,586,0.664,2.1699,1271.57,MB,15m,validation,0.5,717
4.0,0.125,586,0.58,2.0841,1221.28,MB,15m,validation,0.5,717
4.0,0.167,586,0.514,1.6319,956.27,MB,15m,validation,0.5,717
4.0,0.25,586,0.466,1.152,675.06,MB,15m,validation,0.5,717
4.0,0.5,586,0.381,-0.2684,-157.3,MB,15m,validation,0.5,717
4.0,1.0,586,0.326,-2.3273,-1363.82,MB,15m,validation,0.5,717
4.0,2.0,586,0.311,-4.9187,-2882.37,MB,15m,validation,0.5,717
4.0,5.0,586,0.282,-10.6414,-6235.85,MB,15m,validation,0.5,717
5.0,0.083,586,0.66,2.1722,1272.91,MB,15m,validation,0.5,717
5.0,0.125,586,0.577,2.1106,1236.81,MB,15m,validation,0.5,717
5.0,0.167,586,0.507,1.7128,1003.69,MB,15m,validation,0.5,717
5.0,0.25,586,0.459,1.252,733.67,MB,15m,validation,0.5,717
5.0,0.5,586,0.363,-0.0046,-2.72,MB,15m,validation,0.5,717
5.0,1.0,586,0.297,-2.0866,-1222.74,MB,15m,validation,0.5,717
5.0,2.0,586,0.276,-4.5684,-2677.11,MB,15m,validation,0.5,717
5.0,5.0,586,0.249,-10.2382,-5999.57,MB,15m,validation,0.5,717
7.0,0.083,586,0.66,2.1785,1276.59,MB,15m,validation,0.5,717
7.0,0.125,586,0.575,2.0654,1210.33,MB,15m,validation,0.5,717
7.0,0.167,586,0.502,1.6257,952.69,MB,15m,validation,0.5,717
7.0,0.25,586,0.451,1.1659,683.2,MB,15m,validation,0.5,717
7.0,0.5,586,0.353,0.0692,40.53,MB,15m,validation,0.5,717
7.0,1.0,586,0.273,-1.9223,-1126.49,MB,15m,validation,0.5,717
7.0,2.0,586,0.232,-4.4132,-2586.11,MB,15m,validation,0.5,717
7.0,5.0,586,0.201,-9.9314,-5819.78,MB,15m,validation,0.5,717
10.0,0.083,586,0.66,2.1785,1276.59,MB,15m,validation,0.5,717
10.0,0.125,586,0.575,2.066,1210.69,MB,15m,validation,0.5,717
10.0,0.167,586,0.5,1.5842,928.35,MB,15m,validation,0.5,717
10.0,0.25,586,0.449,1.1472,672.28,MB,15m,validation,0.5,717
10.0,0.5,586,0.35,0.1466,85.94,MB,15m,validation,0.5,717
10.0,1.0,586,0.266,-1.7246,-1010.61,MB,15m,validation,0.5,717
10.0,2.0,586,0.22,-4.0848,-2393.72,MB,15m,validation,0.5,717
10.0,5.0,586,0.167,-9.6484,-5653.93,MB,15m,validation,0.5,717
2.0,0.083,588,0.68,1.962,1153.64,MB,15m,validation,0.525,717
2.0,0.125,588,0.616,1.6048,943.62,MB,15m,validation,0.525,717
2.0,0.167,588,0.571,1.2318,724.33,MB,15m,validation,0.525,717
2.0,0.25,588,0.541,0.4713,277.13,MB,15m,validation,0.525,717
2.0,0.5,588,0.493,-1.2271,-721.53,MB,15m,validation,0.525,717
2.0,1.0,588,0.442,-3.3399,-1963.85,MB,15m,validation,0.525,717
2.0,2.0,588,0.354,-6.1116,-3593.59,MB,15m,validation,0.525,717
2.0,5.0,588,0.207,-11.6164,-6830.44,MB,15m,validation,0.525,717
3.0,0.083,588,0.662,2.0432,1201.42,MB,15m,validation,0.525,717
3.0,0.125,588,0.58,1.8926,1112.85,MB,15m,validation,0.525,717
3.0,0.167,588,0.526,1.5312,900.34,MB,15m,validation,0.525,717
3.0,0.25,588,0.483,0.922,542.16,MB,15m,validation,0.525,717
3.0,0.5,588,0.415,-0.8315,-488.94,MB,15m,validation,0.525,717
3.0,1.0,588,0.383,-2.806,-1649.94,MB,15m,validation,0.525,717
3.0,2.0,588,0.359,-5.5114,-3240.72,MB,15m,validation,0.525,717
3.0,5.0,588,0.286,-10.956,-6442.12,MB,15m,validation,0.525,717
4.0,0.083,588,0.66,2.1122,1241.96,MB,15m,validation,0.525,717
4.0,0.125,588,0.571,1.9133,1125.05,MB,15m,validation,0.525,717
4.0,0.167,588,0.51,1.6297,958.26,MB,15m,validation,0.525,717
4.0,0.25,588,0.463,1.0587,622.49,MB,15m,validation,0.525,717
4.0,0.5,588,0.378,-0.4902,-288.24,MB,15m,validation,0.525,717
4.0,1.0,588,0.325,-2.4764,-1456.1,MB,15m,validation,0.525,717
4.0,2.0,588,0.311,-5.0671,-2979.45,MB,15m,validation,0.525,717
4.0,5.0,588,0.27,-10.7734,-6334.79,MB,15m,validation,0.525,717
5.0,0.083,588,0.656,2.1313,1253.18,MB,15m,validation,0.525,717
5.0,0.125,588,0.568,1.9602,1152.6,MB,15m,validation,0.525,717
5.0,0.167,588,0.505,1.7191,1010.85,MB,15m,validation,0.525,717
5.0,0.25,588,0.452,1.0925,642.36,MB,15m,validation,0.525,717
5.0,0.5,588,0.361,-0.3359,-197.5,MB,15m,validation,0.525,717
5.0,1.0,588,0.296,-2.3774,-1397.92,MB,15m,validation,0.525,717
5.0,2.0,588,0.272,-4.8898,-2875.19,MB,15m,validation,0.525,717
5.0,5.0,588,0.245,-10.5943,-6229.44,MB,15m,validation,0.525,717
7.0,0.083,588,0.656,2.1382,1257.26,MB,15m,validation,0.525,717
7.0,0.125,588,0.566,1.9195,1128.65,MB,15m,validation,0.525,717
7.0,0.167,588,0.5,1.6417,965.34,MB,15m,validation,0.525,717
7.0,0.25,588,0.444,1.0328,607.3,MB,15m,validation,0.525,717
7.0,0.5,588,0.35,-0.1236,-72.68,MB,15m,validation,0.525,717
7.0,1.0,588,0.272,-2.1202,-1246.7,MB,15m,validation,0.525,717
7.0,2.0,588,0.226,-4.6997,-2763.41,MB,15m,validation,0.525,717
7.0,5.0,588,0.197,-10.2287,-6014.48,MB,15m,validation,0.525,717
10.0,0.083,588,0.656,2.1382,1257.27,MB,15m,validation,0.525,717
10.0,0.125,588,0.566,1.9209,1129.5,MB,15m,validation,0.525,717
10.0,0.167,588,0.498,1.6033,942.72,MB,15m,validation,0.525,717
10.0,0.25,588,0.442,1.0194,599.39,MB,15m,validation,0.525,717
10.0,0.5,588,0.347,-0.0345,-20.31,MB,15m,validation,0.525,717
10.0,1.0,588,0.265,-1.8269,-1074.21,MB,15m,validation,0.525,717
10.0,2.0,588,0.216,-4.2319,-2488.37,MB,15m,validation,0.525,717
10.0,5.0,588,0.165,-9.8269,-5778.2,MB,15m,validation,0.525,717
2.0,0.083,581,0.664,1.8802,1092.39,MB,15m,validation,0.55,717
2.0,0.125,581,0.609,1.7055,990.87,MB,15m,validation,0.55,717
2.0,0.167,581,0.568,1.1491,667.6,MB,15m,validation,0.55,717
2.0,0.25,581,0.534,0.3227,187.47,MB,15m,validation,0.55,717
2.0,0.5,581,0.492,-1.3747,-798.72,MB,15m,validation,0.55,717
2.0,1.0,581,0.439,-3.5987,-2090.85,MB,15m,validation,0.55,717
2.0,2.0,581,0.339,-6.4314,-3736.64,MB,15m,validation,0.55,717
2.0,5.0,581,0.186,-11.9886,-6965.39,MB,15m,validation,0.55,717
3.0,0.083,581,0.649,2.0293,1179.04,MB,15m,validation,0.55,717
3.0,0.125,581,0.571,1.9469,1131.16,MB,15m,validation,0.55,717
3.0,0.167,581,0.523,1.5004,871.74,MB,15m,validation,0.55,717
3.0,0.25,581,0.475,0.8225,477.85,MB,15m,validation,0.55,717
3.0,0.5,581,0.41,-0.987,-573.42,MB,15m,validation,0.55,717
3.0,1.0,581,0.377,-3.1554,-1833.27,MB,15m,validation,0.55,717
3.0,2.0,581,0.346,-5.9777,-3473.02,MB,15m,validation,0.55,717
3.0,5.0,581,0.269,-11.5094,-6686.95,MB,15m,validation,0.55,717
4.0,0.083,581,0.645,2.0963,1217.93,MB,15m,validation,0.55,717
4.0,0.125,581,0.561,2.0424,1186.65,MB,15m,validation,0.55,717
4.0,0.167,581,0.511,1.5801,918.05,MB,15m,validation,0.55,717
4.0,0.25,581,0.458,1.0283,597.44,MB,15m,validation,0.55,717
4.0,0.5,581,0.373,-0.6134,-356.41,MB,15m,validation,0.55,717
4.0,1.0,581,0.327,-2.7343,-1588.63,MB,15m,validation,0.55,717
4.0,2.0,581,0.31,-5.4336,-3156.95,MB,15m,validation,0.55,717
4.0,5.0,581,0.263,-11.1715,-6490.65,MB,15m,validation,0.55,717
5.0,0.083,581,0.644,2.0903,1214.46,MB,15m,validation,0.55,717
5.0,0.125,581,0.558,2.0483,1190.07,MB,15m,validation,0.55,717
5.0,0.167,581,0.501,1.634,949.36,MB,15m,validation,0.55,717
5.0,0.25,581,0.442,1.0264,596.35,MB,15m,validation,0.55,717
5.0,0.5,581,0.349,-0.6079,-353.22,MB,15m,validation,0.55,717
5.0,1.0,581,0.284,-2.9122,-1691.98,MB,15m,validation,0.55,717
5.0,2.0,581,0.258,-5.6386,-3276.01,MB,15m,validation,0.55,717
5.0,5.0,581,0.229,-11.5367,-6702.85,MB,15m,validation,0.55,717
7.0,0.083,581,0.644,2.1021,1221.3,MB,15m,validation,0.55,717
7.0,0.125,581,0.556,2.0162,1171.4,MB,15m,validation,0.55,717
7.0,0.167,581,0.496,1.5651,909.35,MB,15m,validation,0.55,717
7.0,0.25,581,0.434,0.9509,552.48,MB,15m,validation,0.55,717
7.0,0.5,581,0.337,-0.3793,-220.39,MB,15m,validation,0.55,717
7.0,1.0,581,0.262,-2.6073,-1514.84,MB,15m,validation,0.55,717
7.0,2.0,581,0.217,-5.3244,-3093.46,MB,15m,validation,0.55,717
7.0,5.0,581,0.186,-11.1119,-6456.0,MB,15m,validation,0.55,717
10.0,0.083,581,0.644,2.1021,1221.3,MB,15m,validation,0.55,717
10.0,0.125,581,0.556,2.0168,1171.76,MB,15m,validation,0.55,717
10.0,0.167,581,0.494,1.5245,885.73,MB,15m,validation,0.55,717
10.0,0.25,581,0.432,0.9369,544.32,MB,15m,validation,0.55,717
10.0,0.5,581,0.336,-0.2802,-162.78,MB,15m,validation,0.55,717
10.0,1.0,581,0.255,-2.2159,-1287.44,MB,15m,validation,0.55,717
10.0,2.0,581,0.205,-4.9668,-2885.74,MB,15m,validation,0.55,717
10.0,5.0,581,0.15,-10.9065,-6336.65,MB,15m,validation,0.55,717
2.0,0.083,574,0.664,1.827,1048.71,MB,15m,validation,0.575,717
2.0,0.125,574,0.606,1.5944,915.17,MB,15m,validation,0.575,717
2.0,0.167,574,0.571,1.0515,603.56,MB,15m,validation,0.575,717
2.0,0.25,574,0.538,0.2449,140.56,MB,15m,validation,0.575,717
2.0,0.5,574,0.498,-1.3222,-758.93,MB,15m,validation,0.575,717
2.0,1.0,574,0.444,-3.5536,-2039.74,MB,15m,validation,0.575,717
2.0,2.0,574,0.354,-6.4666,-3711.83,MB,15m,validation,0.575,717
2.0,5.0,574,0.169,-12.0707,-6928.6,MB,15m,validation,0.575,717
3.0,0.083,574,0.641,1.8691,1072.83,MB,15m,validation,0.575,717
3.0,0.125,574,0.559,1.6876,968.68,MB,15m,validation,0.575,717
3.0,0.167,574,0.514,1.2155,697.7,MB,15m,validation,0.575,717
3.0,0.25,574,0.467,0.4693,269.37,MB,15m,validation,0.575,717
3.0,0.5,574,0.404,-1.1496,-659.87,MB,15m,validation,0.575,717
3.0,1.0,574,0.371,-3.3355,-1914.57,MB,15m,validation,0.575,717
3.0,2.0,574,0.333,-6.2643,-3595.68,MB,15m,validation,0.575,717
3.0,5.0,574,0.253,-11.8535,-6803.92,MB,15m,validation,0.575,717
4.0,0.083,574,0.638,1.9602,1125.18,MB,15m,validation,0.575,717
4.0,0.125,574,0.551,1.8557,1065.18,MB,15m,validation,0.575,717
4.0,0.167,574,0.503,1.364,782.91,MB,15m,validation,0.575,717
4.0,0.25,574,0.451,0.748,429.37,MB,15m,validation,0.575,717
4.0,0.5,574,0.371,-0.763,-437.94,MB,15m,validation,0.575,717
4.0,1.0,574,0.324,-3.0298,-1739.09,MB,15m,validation,0.575,717
4.0,2.0,574,0.305,-5.8582,-3362.63,MB,15m,validation,0.575,717
4.0,5.0,574,0.256,-11.6935,-6712.09,MB,15m,validation,0.575,717
5.0,0.083,574,0.636,1.9637,1127.19,MB,15m,validation,0.575,717
5.0,0.125,574,0.544,1.8292,1049.95,MB,15m,validation,0.575,717
5.0,0.167,574,0.493,1.4067,807.47,MB,15m,validation,0.575,717
5.0,0.25,574,0.434,0.764,438.51,MB,15m,validation,0.575,717
5.0,0.5,574,0.345,-0.7701,-442.01,MB,15m,validation,0.575,717
5.0,1.0,574,0.279,-3.1671,-1817.89,MB,15m,validation,0.575,717
5.0,2.0,574,0.251,-6.0356,-3464.41,MB,15m,validation,0.575,717
5.0,5.0,574,0.221,-12.0488,-6915.99,MB,15m,validation,0.575,717
7.0,0.083,574,0.636,1.9819,1137.6,MB,15m,validation,0.575,717
7.0,0.125,574,0.544,1.8498,1061.77,MB,15m,validation,0.575,717
7.0,0.167,574,0.49,1.3977,802.27,MB,15m,validation,0.575,717
7.0,0.25,574,0.427,0.7794,447.36,MB,15m,validation,0.575,717
7.0,0.5,574,0.333,-0.4654,-267.13,MB,15m,validation,0.575,717
7.0,1.0,574,0.256,-2.8301,-1624.49,MB,15m,validation,0.575,717
7.0,2.0,574,0.213,-5.7463,-3298.35,MB,15m,validation,0.575,717
7.0,5.0,574,0.179,-11.6147,-6666.83,MB,15m,validation,0.575,717
10.0,0.083,574,0.636,1.9821,1137.73,MB,15m,validation,0.575,717
10.0,0.125,574,0.544,1.8532,1063.72,MB,15m,validation,0.575,717
10.0,0.167,574,0.488,1.3648,783.39,MB,15m,validation,0.575,717
10.0,0.25,574,0.423,0.7278,417.76,MB,15m,validation,0.575,717
10.0,0.5,574,0.329,-0.3999,-229.54,MB,15m,validation,0.575,717
10.0,1.0,574,0.246,-2.5221,-1447.68,MB,15m,validation,0.575,717
10.0,2.0,574,0.193,-5.5737,-3199.3,MB,15m,validation,0.575,717
10.0,5.0,574,0.141,-11.4957,-6598.51,MB,15m,validation,0.575,717
2.0,0.083,556,0.665,1.9775,1099.49,MB,15m,validation,0.6,717
2.0,0.125,556,0.61,1.6885,938.83,MB,15m,validation,0.6,717
2.0,0.167,556,0.574,1.1035,613.56,MB,15m,validation,0.6,717
2.0,0.25,556,0.536,0.3563,198.1,MB,15m,validation,0.6,717
2.0,0.5,556,0.504,-1.1797,-655.89,MB,15m,validation,0.6,717
2.0,1.0,556,0.455,-3.3156,-1843.46,MB,15m,validation,0.6,717
2.0,2.0,556,0.365,-6.2404,-3469.68,MB,15m,validation,0.6,717
2.0,5.0,556,0.155,-11.8031,-6562.53,MB,15m,validation,0.6,717
3.0,0.083,556,0.64,2.073,1152.58,MB,15m,validation,0.6,717
3.0,0.125,556,0.561,1.8542,1030.91,MB,15m,validation,0.6,717
3.0,0.167,556,0.518,1.2864,715.24,MB,15m,validation,0.6,717
3.0,0.25,556,0.462,0.4852,269.79,MB,15m,validation,0.6,717
3.0,0.5,556,0.412,-1.0229,-568.75,MB,15m,validation,0.6,717
3.0,1.0,556,0.381,-3.2784,-1822.81,MB,15m,validation,0.6,717
3.0,2.0,556,0.342,-6.2602,-3480.65,MB,15m,validation,0.6,717
3.0,5.0,556,0.237,-11.8619,-6595.24,MB,15m,validation,0.6,717
4.0,0.083,556,0.638,2.2017,1224.14,MB,15m,validation,0.6,717
4.0,0.125,556,0.554,2.1003,1167.78,MB,15m,validation,0.6,717
4.0,0.167,556,0.509,1.51,839.57,MB,15m,validation,0.6,717
4.0,0.25,556,0.446,0.8203,456.11,MB,15m,validation,0.6,717
4.0,0.5,556,0.372,-0.7407,-411.83,MB,15m,validation,0.6,717
4.0,1.0,556,0.326,-3.0482,-1694.8,MB,15m,validation,0.6,717
4.0,2.0,556,0.3,-5.9426,-3304.1,MB,15m,validation,0.6,717
4.0,5.0,556,0.252,-11.6663,-6486.45,MB,15m,validation,0.6,717
5.0,0.083,556,0.635,2.2004,1223.42,MB,15m,validation,0.6,717
5.0,0.125,556,0.545,2.0705,1151.22,MB,15m,validation,0.6,717
5.0,0.167,556,0.498,1.5525,863.17,MB,15m,validation,0.6,717
5.0,0.25,556,0.426,0.8411,467.66,MB,15m,validation,0.6,717
5.0,0.5,556,0.347,-0.5995,-333.33,MB,15m,validation,0.6,717
5.0,1.0,556,0.284,-2.9577,-1644.46,MB,15m,validation,0.6,717
5.0,2.0,556,0.254,-5.9192,-3291.09,MB,15m,validation,0.6,717
5.0,5.0,556,0.225,-11.893,-6612.49,MB,15m,validation,0.6,717
7.0,0.083,556,0.635,2.2236,1236.34,MB,15m,validation,0.6,717
7.0,0.125,556,0.545,2.1038,1169.74,MB,15m,validation,0.6,717
7.0,0.167,556,0.495,1.5642,869.71,MB,15m,validation,0.6,717
7.0,0.25,556,0.421,0.924,513.73,MB,15m,validation,0.6,717
7.0,0.5,556,0.333,-0.3608,-200.59,MB,15m,validation,0.6,717
7.0,1.0,556,0.255,-2.8768,-1599.53,MB,15m,validation,0.6,717
7.0,2.0,556,0.21,-5.8442,-3249.37,MB,15m,validation,0.6,717
7.0,5.0,556,0.18,-11.8256,-6575.02,MB,15m,validation,0.6,717
10.0,0.083,556,0.635,2.2239,1236.47,MB,15m,validation,0.6,717
10.0,0.125,556,0.545,2.1074,1171.7,MB,15m,validation,0.6,717
10.0,0.167,556,0.493,1.5316,851.59,MB,15m,validation,0.6,717
10.0,0.25,556,0.415,0.8232,457.71,MB,15m,validation,0.6,717
10.0,0.5,556,0.326,-0.3468,-192.8,MB,15m,validation,0.6,717
10.0,1.0,556,0.241,-2.6111,-1451.79,MB,15m,validation,0.6,717
10.0,2.0,556,0.185,-5.8752,-3266.6,MB,15m,validation,0.6,717
10.0,5.0,556,0.133,-11.9122,-6623.21,MB,15m,validation,0.6,717
2.0,0.083,548,0.661,1.9425,1064.49,MB,15m,validation,0.625,717
2.0,0.125,548,0.608,1.6547,906.78,MB,15m,validation,0.625,717
2.0,0.167,548,0.575,1.2728,697.48,MB,15m,validation,0.625,717
2.0,0.25,548,0.533,0.3926,215.17,MB,15m,validation,0.625,717
2.0,0.5,548,0.493,-1.2234,-670.4,MB,15m,validation,0.625,717
2.0,1.0,548,0.442,-3.2859,-1800.68,MB,15m,validation,0.625,717
2.0,2.0,548,0.352,-6.1156,-3351.32,MB,15m,validation,0.625,717
2.0,5.0,548,0.141,-11.6311,-6373.82,MB,15m,validation,0.625,717
3.0,0.083,548,0.637,2.0709,1134.83,MB,15m,validation,0.625,717
3.0,0.125,548,0.568,1.8791,1029.76,MB,15m,validation,0.625,717
3.0,0.167,548,0.522,1.3828,757.79,MB,15m,validation,0.625,717
3.0,0.25,548,0.467,0.5326,291.87,MB,15m,validation,0.625,717
3.0,0.5,548,0.411,-1.1613,-636.41,MB,15m,validation,0.625,717
3.0,1.0,548,0.378,-3.3813,-1852.96,MB,15m,validation,0.625,717
3.0,2.0,548,0.339,-6.3436,-3476.27,MB,15m,validation,0.625,717
3.0,5.0,548,0.219,-11.9452,-6545.97,MB,15m,validation,0.625,717
4.0,0.083,548,0.633,2.1575,1182.33,MB,15m,validation,0.625,717
4.0,0.125,548,0.557,2.1363,1170.72,MB,15m,validation,0.625,717
4.0,0.167,548,0.509,1.5585,854.05,MB,15m,validation,0.625,717
4.0,0.25,548,0.442,0.7736,423.95,MB,15m,validation,0.625,717
4.0,0.5,548,0.363,-0.9855,-540.05,MB,15m,validation,0.625,717
4.0,1.0,548,0.318,-3.1783,-1741.7,MB,15m,validation,0.625,717
4.0,2.0,548,0.297,-6.0944,-3339.75,MB,15m,validation,0.625,717
4.0,5.0,548,0.248,-11.673,-6396.81,MB,15m,validation,0.625,717
5.0,0.083,548,0.631,2.1876,1198.81,MB,15m,validation,0.625,717
5.0,0.125,548,0.549,2.1372,1171.2,MB,15m,validation,0.625,717
5.0,0.167,548,0.5,1.6332,895.0,MB,15m,validation,0.625,717
5.0,0.25,548,0.425,0.8851,485.02,MB,15m,validation,0.625,717
5.0,0.5,548,0.343,-0.725,-397.29,MB,15m,validation,0.625,717
5.0,1.0,548,0.279,-3.0544,-1673.81,MB,15m,validation,0.625,717
5.0,2.0,548,0.25,-6.0349,-3307.15,MB,15m,validation,0.625,717
5.0,5.0,548,0.228,-11.9655,-6557.11,MB,15m,validation,0.625,717
7.0,0.083,548,0.631,2.209,1210.51,MB,15m,validation,0.625,717
7.0,0.125,548,0.549,2.169,1188.59,MB,15m,validation,0.625,717
7.0,0.167,548,0.496,1.6536,906.2,MB,15m,validation,0.625,717
7.0,0.25,548,0.418,0.9255,507.16,MB,15m,validation,0.625,717
7.0,0.5,548,0.325,-0.4621,-253.22,MB,15m,validation,0.625,717
7.0,1.0,548,0.25,-2.8665,-1570.82,MB,15m,validation,0.625,717
7.0,2.0,548,0.206,-5.7833,-3169.25,MB,15m,validation,0.625,717
7.0,5.0,548,0.179,-11.8278,-6481.65,MB,15m,validation,0.625,717
10.0,0.083,548,0.631,2.2091,1210.57,MB,15m,validation,0.625,717
10.0,0.125,548,0.549,2.1718,1190.15,MB,15m,validation,0.625,717
10.0,0.167,548,0.495,1.6206,888.11,MB,15m,validation,0.625,717
10.0,0.25,548,0.412,0.8456,463.4,MB,15m,validation,0.625,717
10.0,0.5,548,0.318,-0.432,-236.76,MB,15m,validation,0.625,717
10.0,1.0,548,0.237,-2.6095,-1430.0,MB,15m,validation,0.625,717
10.0,2.0,548,0.179,-5.8299,-3194.8,MB,15m,validation,0.625,717
10.0,5.0,548,0.135,-11.9939,-6572.64,MB,15m,validation,0.625,717
2.0,0.083,543,0.654,1.9001,1031.75,MB,15m,validation,0.65,717
2.0,0.125,543,0.602,1.5724,853.83,MB,15m,validation,0.65,717
2.0,0.167,543,0.569,1.2276,666.59,MB,15m,validation,0.65,717
2.0,0.25,543,0.527,0.356,193.29,MB,15m,validation,0.65,717
2.0,0.5,543,0.486,-1.2882,-699.5,MB,15m,validation,0.65,717
2.0,1.0,543,0.436,-3.3112,-1797.99,MB,15m,validation,0.65,717
2.0,2.0,543,0.328,-6.1115,-3318.52,MB,15m,validation,0.65,717
2.0,5.0,543,0.134,-11.5998,-6298.69,MB,15m,validation,0.65,717
3.0,0.083,543,0.632,2.0636,1120.55,MB,15m,validation,0.65,717
3.0,0.125,543,0.565,1.9395,1053.15,MB,15m,validation,0.65,717
3.0,0.167,543,0.519,1.469,797.64,MB,15m,validation,0.65,717
3.0,0.25,543,0.468,0.598,324.74,MB,15m,validation,0.65,717
3.0,0.5,543,0.414,-1.1937,-648.18,MB,15m,validation,0.65,717
3.0,1.0,543,0.378,-3.4134,-1853.46,MB,15m,validation,0.65,717
3.0,2.0,543,0.335,-6.3533,-3449.85,MB,15m,validation,0.65,717
3.0,5.0,543,0.206,-11.9273,-6476.51,MB,15m,validation,0.65,717
4.0,0.083,543,0.628,2.1638,1174.93,MB,15m,validation,0.65,717
4.0,0.125,543,0.556,2.1414,1162.79,MB,15m,validation,0.65,717
4.0,0.167,543,0.508,1.7149,931.21,MB,15m,validation,0.65,717
4.0,0.25,543,0.444,0.921,500.09,MB,15m,validation,0.65,717
4.0,0.5,543,0.366,-1.0598,-575.47,MB,15m,validation,0.65,717
4.0,1.0,543,0.324,-3.2965,-1790.02,MB,15m,validation,0.65,717
4.0,2.0,543,0.298,-6.2469,-3392.07,MB,15m,validation,0.65,717
4.0,5.0,543,0.241,-11.8371,-6427.53,MB,15m,validation,0.65,717
5.0,0.083,543,0.626,2.2029,1196.17,MB,15m,validation,0.65,717
5.0,0.125,543,0.545,2.1091,1145.25,MB,15m,validation,0.65,717
5.0,0.167,543,0.495,1.7854,969.46,MB,15m,validation,0.65,717
5.0,0.25,543,0.425,1.0749,583.66,MB,15m,validation,0.65,717
5.0,0.5,543,0.344,-0.7585,-411.87,MB,15m,validation,0.65,717
5.0,1.0,543,0.284,-3.0644,-1663.96,MB,15m,validation,0.65,717
5.0,2.0,543,0.258,-6.0261,-3272.15,MB,15m,validation,0.65,717
5.0,5.0,543,0.234,-11.9445,-6485.87,MB,15m,validation,0.65,717
7.0,0.083,543,0.626,2.2303,1211.05,MB,15m,validation,0.65,717
7.0,0.125,543,0.545,2.1549,1170.12,MB,15m,validation,0.65,717
7.0,0.167,543,0.492,1.8143,985.17,MB,15m,validation,0.65,717
7.0,0.25,543,0.418,1.1173,606.69,MB,15m,validation,0.65,717
7.0,0.5,543,0.324,-0.4562,-247.73,MB,15m,validation,0.65,717
7.0,1.0,543,0.25,-2.9406,-1596.76,MB,15m,validation,0.65,717
7.0,2.0,543,0.204,-5.9354,-3222.93,MB,15m,validation,0.65,717
7.0,5.0,543,0.179,-11.997,-6514.35,MB,15m,validation,0.65,717
10.0,0.083,543,0.626,2.2305,1211.16,MB,15m,validation,0.65,717
10.0,0.125,543,0.545,2.1592,1172.47,MB,15m,validation,0.65,717
10.0,0.167,543,0.49,1.7853,969.44,MB,15m,validation,0.65,717
10.0,0.25,543,0.413,1.0531,571.84,MB,15m,validation,0.65,717
10.0,0.5,543,0.317,-0.4168,-226.31,MB,15m,validation,0.65,717
10.0,1.0,543,0.238,-2.6378,-1432.31,MB,15m,validation,0.65,717
10.0,2.0,543,0.179,-5.8088,-3154.2,MB,15m,validation,0.65,717
10.0,5.0,543,0.138,-11.9416,-6484.29,MB,15m,validation,0.65,717
2.0,0.083,535,0.656,1.9201,1027.25,MB,15m,validation,0.675,717
2.0,0.125,535,0.594,1.5398,823.78,MB,15m,validation,0.675,717
2.0,0.167,535,0.57,1.1892,636.2,MB,15m,validation,0.675,717
2.0,0.25,535,0.538,0.352,188.34,MB,15m,validation,0.675,717
2.0,0.5,535,0.488,-1.3324,-712.83,MB,15m,validation,0.675,717
2.0,1.0,535,0.426,-3.3657,-1800.67,MB,15m,validation,0.675,717
2.0,2.0,535,0.312,-6.1705,-3301.22,MB,15m,validation,0.675,717
2.0,5.0,535,0.125,-11.6588,-6237.47,MB,15m,validation,0.675,717
3.0,0.083,535,0.637,2.3346,1249.01,MB,15m,validation,0.675,717
3.0,0.125,535,0.564,2.1925,1172.98,MB,15m,validation,0.675,717
3.0,0.167,535,0.529,1.7178,919.03,MB,15m,validation,0.675,717
3.0,0.25,535,0.482,0.7967,426.26,MB,15m,validation,0.675,717
3.0,0.5,535,0.421,-1.1626,-621.99,MB,15m,validation,0.675,717
3.0,1.0,535,0.376,-3.4476,-1844.48,MB,15m,validation,0.675,717
3.0,2.0,535,0.331,-6.4231,-3436.35,MB,15m,validation,0.675,717
3.0,5.0,535,0.189,-12.0368,-6439.66,MB,15m,validation,0.675,717
4.0,0.083,535,0.626,2.3289,1245.96,MB,15m,validation,0.675,717
4.0,0.125,535,0.548,2.2846,1222.25,MB,15m,validation,0.675,717
4.0,0.167,535,0.507,1.8188,973.07,MB,15m,validation,0.675,717
4.0,0.25,535,0.45,0.9969,533.34,MB,15m,validation,0.675,717
4.0,0.5,535,0.372,-0.9469,-506.58,MB,15m,validation,0.675,717
4.0,1.0,535,0.327,-3.1913,-1707.33,MB,15m,validation,0.675,717
4.0,2.0,535,0.303,-6.1764,-3304.39,MB,15m,validation,0.675,717
4.0,5.0,535,0.237,-11.7732,-6298.68,MB,15m,validation,0.675,717
5.0,0.083,535,0.626,2.4138,1291.38,MB,15m,validation,0.675,717
5.0,0.125,535,0.54,2.3294,1246.21,MB,15m,validation,0.675,717
5.0,0.167,535,0.499,1.9771,1057.76,MB,15m,validation,0.675,717
5.0,0.25,535,0.437,1.3597,727.45,MB,15m,validation,0.675,717
5.0,0.5,535,0.351,-0.574,-307.11,MB,15m,validation,0.675,717
5.0,1.0,535,0.29,-2.9164,-1560.25,MB,15m,validation,0.675,717
5.0,2.0,535,0.265,-5.8489,-3129.17,MB,15m,validation,0.675,717
5.0,5.0,535,0.243,-11.5906,-6200.98,MB,15m,validation,0.675,717
7.0,0.083,535,0.624,2.3984,1283.15,MB,15m,validation,0.675,717
7.0,0.125,535,0.536,2.3072,1234.36,MB,15m,validation,0.675,717
7.0,0.167,535,0.495,1.9747,1056.47,MB,15m,validation,0.675,717
7.0,0.25,535,0.424,1.3107,701.22,MB,15m,validation,0.675,717
7.0,0.5,535,0.325,-0.3528,-188.77,MB,15m,validation,0.675,717
7.0,1.0,535,0.249,-2.8218,-1509.67,MB,15m,validation,0.675,717
7.0,2.0,535,0.206,-5.8929,-3152.72,MB,15m,validation,0.675,717
7.0,5.0,535,0.178,-11.9538,-6395.29,MB,15m,validation,0.675,717
10.0,0.083,535,0.624,2.3986,1283.25,MB,15m,validation,0.675,717
10.0,0.125,535,0.536,2.3005,1230.77,MB,15m,validation,0.675,717
10.0,0.167,535,0.49,1.8697,1000.29,MB,15m,validation,0.675,717
10.0,0.25,535,0.417,1.1938,638.68,MB,15m,validation,0.675,717
10.0,0.5,535,0.318,-0.3518,-188.21,MB,15m,validation,0.675,717
10.0,1.0,535,0.236,-2.6064,-1394.41,MB,15m,validation,0.675,717
10.0,2.0,535,0.178,-5.7496,-3076.04,MB,15m,validation,0.675,717
10.0,5.0,535,0.138,-11.8178,-6322.54,MB,15m,validation,0.675,717
2.0,0.083,527,0.649,1.7129,902.68,MB,15m,validation,0.7,717
2.0,0.125,527,0.592,1.317,694.05,MB,15m,validation,0.7,717
2.0,0.167,527,0.571,0.952,501.7,MB,15m,validation,0.7,717
2.0,0.25,527,0.531,0.1946,102.56,MB,15m,validation,0.7,717
2.0,0.5,527,0.486,-1.5134,-797.56,MB,15m,validation,0.7,717
2.0,1.0,527,0.421,-3.5759,-1884.51,MB,15m,validation,0.7,717
2.0,2.0,527,0.285,-6.379,-3361.75,MB,15m,validation,0.7,717
2.0,5.0,527,0.104,-11.8631,-6251.84,MB,15m,validation,0.7,717
3.0,0.083,527,0.622,2.1415,1128.55,MB,15m,validation,0.7,717
3.0,0.125,527,0.554,1.9976,1052.72,MB,15m,validation,0.7,717
3.0,0.167,527,0.522,1.6582,873.88,MB,15m,validation,0.7,717
3.0,0.25,527,0.476,0.7187,378.77,MB,15m,validation,0.7,717
3.0,0.5,527,0.423,-1.2693,-668.92,MB,15m,validation,0.7,717
3.0,1.0,527,0.378,-3.5809,-1887.11,MB,15m,validation,0.7,717
3.0,2.0,527,0.324,-6.5942,-3475.16,MB,15m,validation,0.7,717
3.0,5.0,527,0.184,-12.1976,-6428.12,MB,15m,validation,0.7,717
4.0,0.083,527,0.613,2.1643,1140.6,MB,15m,validation,0.7,717
4.0,0.125,527,0.543,2.3002,1212.18,MB,15m,validation,0.7,717
4.0,0.167,527,0.505,1.9346,1019.53,MB,15m,validation,0.7,717
4.0,0.25,527,0.45,1.1074,583.62,MB,15m,validation,0.7,717
4.0,0.5,527,0.376,-0.9272,-488.61,MB,15m,validation,0.7,717
4.0,1.0,527,0.328,-3.2849,-1731.13,MB,15m,validation,0.7,717
4.0,2.0,527,0.306,-6.3524,-3347.72,MB,15m,validation,0.7,717
4.0,5.0,527,0.231,-11.9966,-6322.23,MB,15m,validation,0.7,717
5.0,0.083,527,0.611,2.2067,1162.92,MB,15m,validation,0.7,717
5.0,0.125,527,0.537,2.3955,1262.44,MB,15m,validation,0.7,717
5.0,0.167,527,0.499,2.1456,1130.76,MB,15m,validation,0.7,717
5.0,0.25,527,0.44,1.4731,776.34,MB,15m,validation,0.7,717
5.0,0.5,527,0.357,-0.5699,-300.32,MB,15m,validation,0.7,717
5.0,1.0,527,0.296,-2.8672,-1511.0,MB,15m,validation,0.7,717
5.0,2.0,527,0.271,-5.8942,-3106.25,MB,15m,validation,0.7,717
5.0,5.0,527,0.239,-11.5412,-6082.21,MB,15m,validation,0.7,717
7.0,0.083,527,0.609,2.2042,1161.6,MB,15m,validation,0.7,717
7.0,0.125,527,0.531,2.3459,1236.31,MB,15m,validation,0.7,717
7.0,0.167,527,0.493,2.1485,1132.29,MB,15m,validation,0.7,717
7.0,0.25,527,0.427,1.5611,822.71,MB,15m,validation,0.7,717
7.0,0.5,527,0.332,-0.2277,-120.01,MB,15m,validation,0.7,717
7.0,1.0,527,0.25,-2.6519,-1397.54,MB,15m,validation,0.7,717
7.0,2.0,527,0.213,-5.7217,-3015.33,MB,15m,validation,0.7,717
7.0,5.0,527,0.188,-11.624,-6125.87,MB,15m,validation,0.7,717
10.0,0.083,527,0.609,2.2045,1161.76,MB,15m,validation,0.7,717
10.0,0.125,527,0.531,2.3411,1233.77,MB,15m,validation,0.7,717
10.0,0.167,527,0.488,2.046,1078.24,MB,15m,validation,0.7,717
10.0,0.25,527,0.419,1.4298,753.5,MB,15m,validation,0.7,717
10.0,0.5,527,0.323,-0.1742,-91.83,MB,15m,validation,0.7,717
10.0,1.0,527,0.233,-2.4828,-1308.44,MB,15m,validation,0.7,717
10.0,2.0,527,0.175,-5.748,-3029.2,MB,15m,validation,0.7,717
10.0,5.0,527,0.14,-11.6991,-6165.42,MB,15m,validation,0.7,717
2.0,0.083,486,0.704,1.9663,955.64,MB,15m,holdout,0.3,601
2.0,0.125,486,0.648,2.1578,1048.67,MB,15m,holdout,0.3,601
2.0,0.167,486,0.613,1.909,927.79,MB,15m,holdout,0.3,601
2.0,0.25,486,0.576,1.5455,751.09,MB,15m,holdout,0.3,601
2.0,0.5,486,0.521,0.4983,242.15,MB,15m,holdout,0.3,601
2.0,1.0,486,0.471,-1.0686,-519.34,MB,15m,holdout,0.3,601
2.0,2.0,486,0.426,-3.2657,-1587.11,MB,15m,holdout,0.3,601
2.0,5.0,486,0.296,-7.5872,-3687.37,MB,15m,holdout,0.3,601
3.0,0.083,486,0.695,1.9717,958.24,MB,15m,holdout,0.3,601
3.0,0.125,486,0.621,2.1925,1065.53,MB,15m,holdout,0.3,601
3.0,0.167,486,0.576,1.9386,942.15,MB,15m,holdout,0.3,601
3.0,0.25,486,0.531,1.5446,750.69,MB,15m,holdout,0.3,601
3.0,0.5,486,0.451,0.576,279.93,MB,15m,holdout,0.3,601
3.0,1.0,486,0.389,-1.1434,-555.69,MB,15m,holdout,0.3,601
3.0,2.0,486,0.358,-3.4908,-1696.54,MB,15m,holdout,0.3,601
3.0,5.0,486,0.309,-7.9304,-3854.18,MB,15m,holdout,0.3,601
4.0,0.083,486,0.691,1.9568,951.0,MB,15m,holdout,0.3,601
4.0,0.125,486,0.615,2.1656,1052.48,MB,15m,holdout,0.3,601
4.0,0.167,486,0.566,1.9234,934.78,MB,15m,holdout,0.3,601
4.0,0.25,486,0.519,1.5855,770.54,MB,15m,holdout,0.3,601
4.0,0.5,486,0.426,0.6218,302.2,MB,15m,holdout,0.3,601
4.0,1.0,486,0.352,-0.9382,-455.95,MB,15m,holdout,0.3,601
4.0,2.0,486,0.313,-3.2875,-1597.73,MB,15m,holdout,0.3,601
4.0,5.0,486,0.278,-7.7221,-3752.93,MB,15m,holdout,0.3,601
5.0,0.083,486,0.691,1.9683,956.58,MB,15m,holdout,0.3,601
5.0,0.125,486,0.615,2.1682,1053.77,MB,15m,holdout,0.3,601
5.0,0.167,486,0.564,1.9424,944.02,MB,15m,holdout,0.3,601
5.0,0.25,486,0.516,1.6293,791.83,MB,15m,holdout,0.3,601
5.0,0.5,486,0.42,0.7515,365.23,MB,15m,holdout,0.3,601
5.0,1.0,486,0.333,-0.7783,-378.27,MB,15m,holdout,0.3,601
5.0,2.0,486,0.286,-3.1892,-1549.93,MB,15m,holdout,0.3,601
5.0,5.0,486,0.251,-7.6557,-3720.66,MB,15m,holdout,0.3,601
7.0,0.083,486,0.691,1.9734,959.08,MB,15m,holdout,0.3,601
7.0,0.125,486,0.613,2.161,1050.23,MB,15m,holdout,0.3,601
7.0,0.167,486,0.562,1.9204,933.31,MB,15m,holdout,0.3,601
7.0,0.25,486,0.512,1.6333,793.8,MB,15m,holdout,0.3,601
7.0,0.5,486,0.414,0.6777,329.35,MB,15m,holdout,0.3,601
7.0,1.0,486,0.315,-0.9744,-473.54,MB,15m,holdout,0.3,601
7.0,2.0,486,0.257,-3.5968,-1748.03,MB,15m,holdout,0.3,601
7.0,5.0,486,0.189,-8.5363,-4148.62,MB,15m,holdout,0.3,601
10.0,0.083,486,0.691,1.9734,959.08,MB,15m,holdout,0.3,601
10.0,0.125,486,0.613,2.1613,1050.37,MB,15m,holdout,0.3,601
10.0,0.167,486,0.56,1.817,883.08,MB,15m,holdout,0.3,601
10.0,0.25,486,0.508,1.4826,720.53,MB,15m,holdout,0.3,601
10.0,0.5,486,0.407,0.4066,197.6,MB,15m,holdout,0.3,601
10.0,1.0,486,0.307,-1.1291,-548.74,MB,15m,holdout,0.3,601
10.0,2.0,486,0.249,-3.6129,-1755.85,MB,15m,holdout,0.3,601
10.0,5.0,486,0.169,-8.3401,-4053.31,MB,15m,holdout,0.3,601
2.0,0.083,485,0.705,1.9087,925.72,MB,15m,holdout,0.325,601
2.0,0.125,485,0.641,1.9717,956.28,MB,15m,holdout,0.325,601
2.0,0.167,485,0.602,1.7668,856.91,MB,15m,holdout,0.325,601
2.0,0.25,485,0.565,1.3911,674.66,MB,15m,holdout,0.325,601
2.0,0.5,485,0.518,0.4796,232.59,MB,15m,holdout,0.325,601
2.0,1.0,485,0.476,-1.0219,-495.63,MB,15m,holdout,0.325,601
2.0,2.0,485,0.431,-3.2221,-1562.71,MB,15m,holdout,0.325,601
2.0,5.0,485,0.299,-7.538,-3655.93,MB,15m,holdout,0.325,601
3.0,0.083,485,0.697,1.9577,949.5,MB,15m,holdout,0.325,601
3.0,0.125,485,0.621,2.1181,1027.29,MB,15m,holdout,0.325,601
3.0,0.167,485,0.569,1.8819,912.74,MB,15m,holdout,0.325,601
3.0,0.25,485,0.522,1.4196,688.52,MB,15m,holdout,0.325,601
3.0,0.5,485,0.449,0.5541,268.75,MB,15m,holdout,0.325,601
3.0,1.0,485,0.39,-1.1841,-574.27,MB,15m,holdout,0.325,601
3.0,2.0,485,0.357,-3.5424,-1718.04,MB,15m,holdout,0.325,601
3.0,5.0,485,0.309,-8.039,-3898.9,MB,15m,holdout,0.325,601
4.0,0.083,485,0.693,1.9451,943.36,MB,15m,holdout,0.325,601
4.0,0.125,485,0.614,2.129,1032.54,MB,15m,holdout,0.325,601
4.0,0.167,485,0.561,1.9324,937.23,MB,15m,holdout,0.325,601
4.0,0.25,485,0.513,1.5657,759.36,MB,15m,holdout,0.325,601
4.0,0.5,485,0.425,0.7031,340.99,MB,15m,holdout,0.325,601
4.0,1.0,485,0.353,-0.9873,-478.84,MB,15m,holdout,0.325,601
4.0,2.0,485,0.313,-3.4647,-1680.4,MB,15m,holdout,0.325,601
4.0,5.0,485,0.28,-7.9419,-3851.84,MB,15m,holdout,0.325,601
5.0,0.083,485,0.693,1.9629,952.0,MB,15m,holdout,0.325,601
5.0,0.125,485,0.614,2.1442,1039.92,MB,15m,holdout,0.325,601
5.0,0.167,485,0.559,1.9687,954.82,MB,15m,holdout,0.325,601
5.0,0.25,485,0.509,1.6077,779.74,MB,15m,holdout,0.325,601
5.0,0.5,485,0.416,0.795,385.59,MB,15m,holdout,0.325,601
5.0,1.0,485,0.328,-0.7934,-384.82,MB,15m,holdout,0.325,601
5.0,2.0,485,0.282,-3.2527,-1577.54,MB,15m,holdout,0.325,601
5.0,5.0,485,0.249,-7.7061,-3737.47,MB,15m,holdout,0.325,601
7.0,0.083,485,0.693,1.9678,954.41,MB,15m,holdout,0.325,601
7.0,0.125,485,0.612,2.1102,1023.47,MB,15m,holdout,0.325,601
7.0,0.167,485,0.555,1.9096,926.14,MB,15m,holdout,0.325,601
7.0,0.25,485,0.503,1.5641,758.57,MB,15m,holdout,0.325,601
7.0,0.5,485,0.408,0.6838,331.63,MB,15m,holdout,0.325,601
7.0,1.0,485,0.309,-0.985,-477.72,MB,15m,holdout,0.325,601
7.0,2.0,485,0.254,-3.6047,-1748.27,MB,15m,holdout,0.325,601
7.0,5.0,485,0.19,-8.6263,-4183.77,MB,15m,holdout,0.325,601
10.0,0.083,485,0.693,1.9678,954.41,MB,15m,holdout,0.325,601
10.0,0.125,485,0.612,2.1104,1023.52,MB,15m,holdout,0.325,601
10.0,0.167,485,0.553,1.8065,876.13,MB,15m,holdout,0.325,601
10.0,0.25,485,0.499,1.4128,685.22,MB,15m,holdout,0.325,601
10.0,0.5,485,0.402,0.4114,199.51,MB,15m,holdout,0.325,601
10.0,1.0,485,0.301,-1.1435,-554.61,MB,15m,holdout,0.325,601
10.0,2.0,485,0.245,-3.6683,-1779.1,MB,15m,holdout,0.325,601
10.0,5.0,485,0.169,-8.4222,-4084.77,MB,15m,holdout,0.325,601
2.0,0.083,484,0.692,1.8383,889.76,MB,15m,holdout,0.35,601
2.0,0.125,484,0.63,1.9152,926.94,MB,15m,holdout,0.35,601
2.0,0.167,484,0.603,1.7745,858.85,MB,15m,holdout,0.35,601
2.0,0.25,484,0.562,1.4125,683.65,MB,15m,holdout,0.35,601
2.0,0.5,484,0.519,0.5256,254.41,MB,15m,holdout,0.35,601
2.0,1.0,484,0.477,-1.0399,-503.31,MB,15m,holdout,0.35,601
2.0,2.0,484,0.434,-3.2651,-1580.33,MB,15m,holdout,0.35,601
2.0,5.0,484,0.302,-7.8703,-3809.21,MB,15m,holdout,0.35,601
3.0,0.083,484,0.688,1.9175,928.06,MB,15m,holdout,0.35,601
3.0,0.125,484,0.612,2.0412,987.93,MB,15m,holdout,0.35,601
3.0,0.167,484,0.576,1.8995,919.34,MB,15m,holdout,0.35,601
3.0,0.25,484,0.521,1.4652,709.15,MB,15m,holdout,0.35,601
3.0,0.5,484,0.448,0.6021,291.41,MB,15m,holdout,0.35,601
3.0,1.0,484,0.39,-1.0967,-530.78,MB,15m,holdout,0.35,601
3.0,2.0,484,0.36,-3.4301,-1660.17,MB,15m,holdout,0.35,601
3.0,5.0,484,0.304,-7.9819,-3863.25,MB,15m,holdout,0.35,601
4.0,0.083,484,0.68,1.8773,908.6,MB,15m,holdout,0.35,601
4.0,0.125,484,0.601,2.0318,983.39,MB,15m,holdout,0.35,601
4.0,0.167,484,0.566,1.93,934.13,MB,15m,holdout,0.35,601
4.0,0.25,484,0.508,1.6013,775.02,MB,15m,holdout,0.35,601
4.0,0.5,484,0.428,0.8923,431.89,MB,15m,holdout,0.35,601
4.0,1.0,484,0.36,-0.7503,-363.16,MB,15m,holdout,0.35,601
4.0,2.0,484,0.318,-3.2691,-1582.24,MB,15m,holdout,0.35,601
4.0,5.0,484,0.289,-7.8627,-3805.54,MB,15m,holdout,0.35,601
5.0,0.083,484,0.68,1.8929,916.16,MB,15m,holdout,0.35,601
5.0,0.125,484,0.601,2.0454,989.98,MB,15m,holdout,0.35,601
5.0,0.167,484,0.564,1.9668,951.92,MB,15m,holdout,0.35,601
5.0,0.25,484,0.504,1.6504,798.8,MB,15m,holdout,0.35,601
5.0,0.5,484,0.417,0.9679,468.46,MB,15m,holdout,0.35,601
5.0,1.0,484,0.331,-0.6076,-294.07,MB,15m,holdout,0.35,601
5.0,2.0,484,0.283,-3.0823,-1491.82,MB,15m,holdout,0.35,601
5.0,5.0,484,0.252,-7.5718,-3664.74,MB,15m,holdout,0.35,601
7.0,0.083,484,0.68,1.8964,917.87,MB,15m,holdout,0.35,601
7.0,0.125,484,0.599,2.0103,973.0,MB,15m,holdout,0.35,601
7.0,0.167,484,0.562,1.9062,922.61,MB,15m,holdout,0.35,601
7.0,0.25,484,0.498,1.6044,776.53,MB,15m,holdout,0.35,601
7.0,0.5,484,0.407,0.8498,411.29,MB,15m,holdout,0.35,601
7.0,1.0,484,0.312,-0.7686,-372.02,MB,15m,holdout,0.35,601
7.0,2.0,484,0.254,-3.4714,-1680.13,MB,15m,holdout,0.35,601
7.0,5.0,484,0.192,-8.6554,-4189.2,MB,15m,holdout,0.35,601
10.0,0.083,484,0.68,1.8964,917.87,MB,15m,holdout,0.35,601
10.0,0.125,484,0.599,2.0104,973.05,MB,15m,holdout,0.35,601
10.0,0.167,484,0.56,1.8041,873.17,MB,15m,holdout,0.35,601
10.0,0.25,484,0.494,1.4545,703.97,MB,15m,holdout,0.35,601
10.0,0.5,484,0.401,0.5789,280.21,MB,15m,holdout,0.35,601
10.0,1.0,484,0.304,-0.9169,-443.8,MB,15m,holdout,0.35,601
10.0,2.0,484,0.246,-3.4805,-1684.54,MB,15m,holdout,0.35,601
10.0,5.0,484,0.169,-8.392,-4061.75,MB,15m,holdout,0.35,601
2.0,0.083,485,0.695,1.9327,937.37,MB,15m,holdout,0.375,601
2.0,0.125,485,0.627,1.9874,963.9,MB,15m,holdout,0.375,601
2.0,0.167,485,0.596,1.6511,800.77,MB,15m,holdout,0.375,601
2.0,0.25,485,0.557,1.2443,603.51,MB,15m,holdout,0.375,601
2.0,0.5,485,0.513,0.3568,173.04,MB,15m,holdout,0.375,601
2.0,1.0,485,0.476,-1.1941,-579.13,MB,15m,holdout,0.375,601
2.0,2.0,485,0.427,-3.3823,-1640.39,MB,15m,holdout,0.375,601
2.0,5.0,485,0.297,-7.7181,-3743.26,MB,15m,holdout,0.375,601
3.0,0.083,485,0.685,1.9733,957.04,MB,15m,holdout,0.375,601
3.0,0.125,485,0.604,2.0757,1006.7,MB,15m,holdout,0.375,601
3.0,0.167,485,0.567,1.8236,884.44,MB,15m,holdout,0.375,601
3.0,0.25,485,0.515,1.4852,720.3,MB,15m,holdout,0.375,601
3.0,0.5,485,0.443,0.5939,288.07,MB,15m,holdout,0.375,601
3.0,1.0,485,0.39,-1.108,-537.36,MB,15m,holdout,0.375,601
3.0,2.0,485,0.359,-3.4544,-1675.36,MB,15m,holdout,0.375,601
3.0,5.0,485,0.309,-8.0203,-3889.82,MB,15m,holdout,0.375,601
4.0,0.083,485,0.68,1.9541,947.73,MB,15m,holdout,0.375,601
4.0,0.125,485,0.596,2.0564,997.37,MB,15m,holdout,0.375,601
4.0,0.167,485,0.557,1.8404,892.58,MB,15m,holdout,0.375,601
4.0,0.25,485,0.501,1.544,748.86,MB,15m,holdout,0.375,601
4.0,0.5,485,0.423,0.7632,370.16,MB,15m,holdout,0.375,601
4.0,1.0,485,0.355,-0.8772,-425.44,MB,15m,holdout,0.375,601
4.0,2.0,485,0.315,-3.3052,-1603.0,MB,15m,holdout,0.375,601
4.0,5.0,485,0.293,-7.7581,-3762.67,MB,15m,holdout,0.375,601
5.0,0.083,485,0.678,1.9504,945.95,MB,15m,holdout,0.375,601
5.0,0.125,485,0.594,2.045,991.85,MB,15m,holdout,0.375,601
5.0,0.167,485,0.553,1.8386,891.7,MB,15m,holdout,0.375,601
5.0,0.25,485,0.495,1.5376,745.73,MB,15m,holdout,0.375,601
5.0,0.5,485,0.408,0.7791,377.86,MB,15m,holdout,0.375,601
5.0,1.0,485,0.324,-0.7968,-386.43,MB,15m,holdout,0.375,601
5.0,2.0,485,0.28,-3.1188,-1512.63,MB,15m,holdout,0.375,601
5.0,5.0,485,0.252,-7.5876,-3679.98,MB,15m,holdout,0.375,601
7.0,0.083,485,0.678,1.9541,947.72,MB,15m,holdout,0.375,601
7.0,0.125,485,0.594,2.035,986.96,MB,15m,holdout,0.375,601
7.0,0.167,485,0.553,1.8066,876.2,MB,15m,holdout,0.375,601
7.0,0.25,485,0.491,1.5359,744.9,MB,15m,holdout,0.375,601
7.0,0.5,485,0.402,0.8414,408.08,MB,15m,holdout,0.375,601
7.0,1.0,485,0.309,-0.8077,-391.74,MB,15m,holdout,0.375,601
7.0,2.0,485,0.254,-3.3732,-1636.01,MB,15m,holdout,0.375,601
7.0,5.0,485,0.196,-8.4906,-4117.94,MB,15m,holdout,0.375,601
10.0,0.083,485,0.678,1.9541,947.72,MB,15m,holdout,0.375,601
10.0,0.125,485,0.592,2.0128,976.23,MB,15m,holdout,0.375,601
10.0,0.167,485,0.548,1.6822,815.87,MB,15m,holdout,0.375,601
10.0,0.25,485,0.485,1.3787,668.65,MB,15m,holdout,0.375,601
10.0,0.5,485,0.392,0.4481,217.34,MB,15m,holdout,0.375,601
10.0,1.0,485,0.297,-1.1424,-554.08,MB,15m,holdout,0.375,601
10.0,2.0,485,0.239,-3.552,-1722.74,MB,15m,holdout,0.375,601
10.0,5.0,485,0.169,-8.4971,-4121.11,MB,15m,holdout,0.375,601
2.0,0.083,484,0.698,2.01,972.86,MB,15m,holdout,0.4,601
2.0,0.125,484,0.63,1.9924,964.33,MB,15m,holdout,0.4,601
2.0,0.167,484,0.593,1.7475,845.8,MB,15m,holdout,0.4,601
2.0,0.25,484,0.562,1.3203,639.04,MB,15m,holdout,0.4,601
2.0,0.5,484,0.519,0.3789,183.38,MB,15m,holdout,0.4,601
2.0,1.0,484,0.479,-1.2255,-593.15,MB,15m,holdout,0.4,601
2.0,2.0,484,0.428,-3.4521,-1670.83,MB,15m,holdout,0.4,601
2.0,5.0,484,0.293,-7.7621,-3756.85,MB,15m,holdout,0.4,601
3.0,0.083,484,0.688,2.0757,1004.64,MB,15m,holdout,0.4,601
3.0,0.125,484,0.61,2.1373,1034.46,MB,15m,holdout,0.4,601
3.0,0.167,484,0.566,1.9249,931.64,MB,15m,holdout,0.4,601
3.0,0.25,484,0.523,1.6393,793.4,MB,15m,holdout,0.4,601
3.0,0.5,484,0.455,0.7343,355.41,MB,15m,holdout,0.4,601
3.0,1.0,484,0.401,-1.0706,-518.15,MB,15m,holdout,0.4,601
3.0,2.0,484,0.372,-3.4531,-1671.31,MB,15m,holdout,0.4,601
3.0,5.0,484,0.306,-8.1232,-3931.62,MB,15m,holdout,0.4,601
4.0,0.083,484,0.682,2.0483,991.39,MB,15m,holdout,0.4,601
4.0,0.125,484,0.597,2.1013,1017.03,MB,15m,holdout,0.4,601
4.0,0.167,484,0.552,1.9216,930.04,MB,15m,holdout,0.4,601
4.0,0.25,484,0.5,1.6048,776.7,MB,15m,holdout,0.4,601
4.0,0.5,484,0.421,0.8727,422.4,MB,15m,holdout,0.4,601
4.0,1.0,484,0.349,-0.8412,-407.14,MB,15m,holdout,0.4,601
4.0,2.0,484,0.312,-3.3151,-1604.51,MB,15m,holdout,0.4,601
4.0,5.0,484,0.289,-7.8462,-3797.57,MB,15m,holdout,0.4,601
5.0,0.083,484,0.68,2.0417,988.2,MB,15m,holdout,0.4,601
5.0,0.125,484,0.595,2.0809,1007.13,MB,15m,holdout,0.4,601
5.0,0.167,484,0.55,1.903,921.07,MB,15m,holdout,0.4,601
5.0,0.25,484,0.494,1.5966,772.73,MB,15m,holdout,0.4,601
5.0,0.5,484,0.407,0.906,438.51,MB,15m,holdout,0.4,601
5.0,1.0,484,0.324,-0.7415,-358.87,MB,15m,holdout,0.4,601
5.0,2.0,484,0.281,-3.1477,-1523.48,MB,15m,holdout,0.4,601
5.0,5.0,484,0.25,-7.7349,-3743.69,MB,15m,holdout,0.4,601
7.0,0.083,484,0.68,2.0488,991.63,MB,15m,holdout,0.4,601
7.0,0.125,484,0.595,2.0832,1008.25,MB,15m,holdout,0.4,601
7.0,0.167,484,0.55,1.8935,916.44,MB,15m,holdout,0.4,601
7.0,0.25,484,0.49,1.6188,783.49,MB,15m,holdout,0.4,601
7.0,0.5,484,0.401,0.9715,470.22,MB,15m,holdout,0.4,601
7.0,1.0,484,0.304,-0.7965,-385.53,MB,15m,holdout,0.4,601
7.0,2.0,484,0.248,-3.4128,-1651.79,MB,15m,holdout,0.4,601
7.0,5.0,484,0.19,-8.6902,-4206.07,MB,15m,holdout,0.4,601
10.0,0.083,484,0.68,2.0488,991.63,MB,15m,holdout,0.4,601
10.0,0.125,484,0.593,2.0615,997.77,MB,15m,holdout,0.4,601
10.0,0.167,484,0.545,1.7711,857.23,MB,15m,holdout,0.4,601
10.0,0.25,484,0.483,1.4671,710.09,MB,15m,holdout,0.4,601
10.0,0.5,484,0.39,0.5981,289.47,MB,15m,holdout,0.4,601
10.0,1.0,484,0.291,-1.0957,-530.33,MB,15m,holdout,0.4,601
10.0,2.0,484,0.233,-3.5466,-1716.56,MB,15m,holdout,0.4,601
10.0,5.0,484,0.163,-8.6138,-4169.08,MB,15m,holdout,0.4,601
2.0,0.083,487,0.7,1.9764,962.53,MB,15m,holdout,0.425,601
2.0,0.125,487,0.622,1.8006,876.87,MB,15m,holdout,0.425,601
2.0,0.167,487,0.585,1.4925,726.82,MB,15m,holdout,0.425,601
2.0,0.25,487,0.554,1.2311,599.56,MB,15m,holdout,0.425,601
2.0,0.5,487,0.517,0.3732,181.77,MB,15m,holdout,0.425,601
2.0,1.0,487,0.476,-1.2192,-593.75,MB,15m,holdout,0.425,601
2.0,2.0,487,0.427,-3.4693,-1689.57,MB,15m,holdout,0.425,601
2.0,5.0,487,0.294,-7.834,-3815.16,MB,15m,holdout,0.425,601
3.0,0.083,487,0.684,1.8902,920.52,MB,15m,holdout,0.425,601
3.0,0.125,487,0.593,1.8152,884.02,MB,15m,holdout,0.425,601
3.0,0.167,487,0.548,1.5479,753.84,MB,15m,holdout,0.425,601
3.0,0.25,487,0.509,1.4098,686.56,MB,15m,holdout,0.425,601
3.0,0.5,487,0.45,0.5253,255.82,MB,15m,holdout,0.425,601
3.0,1.0,487,0.394,-1.2184,-593.35,MB,15m,holdout,0.425,601
3.0,2.0,487,0.37,-3.6792,-1791.76,MB,15m,holdout,0.425,601
3.0,5.0,487,0.302,-8.4531,-4116.66,MB,15m,holdout,0.425,601
4.0,0.083,487,0.678,1.8632,907.38,MB,15m,holdout,0.425,601
4.0,0.125,487,0.583,1.8067,879.85,MB,15m,holdout,0.425,601
4.0,0.167,487,0.536,1.5743,766.68,MB,15m,holdout,0.425,601
4.0,0.25,487,0.487,1.412,687.67,MB,15m,holdout,0.425,601
4.0,0.5,487,0.421,0.7234,352.29,MB,15m,holdout,0.425,601
4.0,1.0,487,0.349,-1.1195,-545.18,MB,15m,holdout,0.425,601
4.0,2.0,487,0.314,-3.7409,-1821.83,MB,15m,holdout,0.425,601
4.0,5.0,487,0.287,-8.457,-4118.55,MB,15m,holdout,0.425,601
5.0,0.083,487,0.678,1.8768,914.02,MB,15m,holdout,0.425,601
5.0,0.125,487,0.579,1.762,858.1,MB,15m,holdout,0.425,601
5.0,0.167,487,0.532,1.5284,744.33,MB,15m,holdout,0.425,601
5.0,0.25,487,0.478,1.371,667.69,MB,15m,holdout,0.425,601
5.0,0.5,487,0.402,0.6944,338.18,MB,15m,holdout,0.425,601
5.0,1.0,487,0.318,-1.0277,-500.49,MB,15m,holdout,0.425,601
5.0,2.0,487,0.277,-3.5201,-1714.29,MB,15m,holdout,0.425,601
5.0,5.0,487,0.238,-8.353,-4067.93,MB,15m,holdout,0.425,601
7.0,0.083,487,0.678,1.8873,919.14,MB,15m,holdout,0.425,601
7.0,0.125,487,0.579,1.7727,863.3,MB,15m,holdout,0.425,601
7.0,0.167,487,0.532,1.5315,745.84,MB,15m,holdout,0.425,601
7.0,0.25,487,0.474,1.4111,687.22,MB,15m,holdout,0.425,601
7.0,0.5,487,0.396,0.8007,389.93,MB,15m,holdout,0.425,601
7.0,1.0,487,0.298,-0.9687,-471.78,MB,15m,holdout,0.425,601
7.0,2.0,487,0.248,-3.4292,-1670.01,MB,15m,holdout,0.425,601
7.0,5.0,487,0.189,-8.7495,-4261.0,MB,15m,holdout,0.425,601
10.0,0.083,487,0.678,1.8865,918.72,MB,15m,holdout,0.425,601
10.0,0.125,487,0.577,1.7508,852.66,MB,15m,holdout,0.425,601
10.0,0.167,487,0.528,1.4108,687.04,MB,15m,holdout,0.425,601
10.0,0.25,487,0.47,1.2621,614.64,MB,15m,holdout,0.425,601
10.0,0.5,487,0.386,0.4201,204.61,MB,15m,holdout,0.425,601
10.0,1.0,487,0.285,-1.2926,-629.51,MB,15m,holdout,0.425,601
10.0,2.0,487,0.232,-3.6454,-1775.29,MB,15m,holdout,0.425,601
10.0,5.0,487,0.158,-8.8472,-4308.58,MB,15m,holdout,0.425,601
2.0,0.083,484,0.702,1.9853,960.89,MB,15m,holdout,0.45,601
2.0,0.125,484,0.624,1.7788,860.94,MB,15m,holdout,0.45,601
2.0,0.167,484,0.587,1.4782,715.43,MB,15m,holdout,0.45,601
2.0,0.25,484,0.554,1.059,512.56,MB,15m,holdout,0.45,601
2.0,0.5,484,0.519,0.2648,128.18,MB,15m,holdout,0.45,601
2.0,1.0,484,0.481,-1.3168,-637.35,MB,15m,holdout,0.45,601
2.0,2.0,484,0.426,-3.6264,-1755.17,MB,15m,holdout,0.45,601
2.0,5.0,484,0.289,-8.0204,-3881.85,MB,15m,holdout,0.45,601
3.0,0.083,484,0.682,1.8658,903.06,MB,15m,holdout,0.45,601
3.0,0.125,484,0.589,1.7641,853.81,MB,15m,holdout,0.45,601
3.0,0.167,484,0.543,1.4378,695.88,MB,15m,holdout,0.45,601
3.0,0.25,484,0.502,1.16,561.46,MB,15m,holdout,0.45,601
3.0,0.5,484,0.446,0.3124,151.22,MB,15m,holdout,0.45,601
3.0,1.0,484,0.393,-1.2699,-614.61,MB,15m,holdout,0.45,601
3.0,2.0,484,0.372,-3.7685,-1823.96,MB,15m,holdout,0.45,601
3.0,5.0,484,0.302,-8.525,-4126.09,MB,15m,holdout,0.45,601
4.0,0.083,484,0.682,1.8906,915.04,MB,15m,holdout,0.45,601
4.0,0.125,484,0.585,1.8532,896.95,MB,15m,holdout,0.45,601
4.0,0.167,484,0.533,1.5404,745.56,MB,15m,holdout,0.45,601
4.0,0.25,484,0.481,1.2564,608.11,MB,15m,holdout,0.45,601
4.0,0.5,484,0.421,0.6346,307.16,MB,15m,holdout,0.45,601
4.0,1.0,484,0.351,-1.2098,-585.54,MB,15m,holdout,0.45,601
4.0,2.0,484,0.318,-3.7567,-1818.25,MB,15m,holdout,0.45,601
4.0,5.0,484,0.291,-8.4707,-4099.83,MB,15m,holdout,0.45,601
5.0,0.083,484,0.682,1.9003,919.75,MB,15m,holdout,0.45,601
5.0,0.125,484,0.579,1.7761,859.63,MB,15m,holdout,0.45,601
5.0,0.167,484,0.527,1.4666,709.85,MB,15m,holdout,0.45,601
5.0,0.25,484,0.471,1.186,574.02,MB,15m,holdout,0.45,601
5.0,0.5,484,0.403,0.5706,276.17,MB,15m,holdout,0.45,601
5.0,1.0,484,0.324,-1.2057,-583.57,MB,15m,holdout,0.45,601
5.0,2.0,484,0.279,-3.8652,-1870.73,MB,15m,holdout,0.45,601
5.0,5.0,484,0.244,-8.5048,-4116.31,MB,15m,holdout,0.45,601
7.0,0.083,484,0.682,1.911,924.91,MB,15m,holdout,0.45,601
7.0,0.125,484,0.579,1.7898,866.27,MB,15m,holdout,0.45,601
7.0,0.167,484,0.527,1.4762,714.48,MB,15m,holdout,0.45,601
7.0,0.25,484,0.469,1.2448,602.48,MB,15m,holdout,0.45,601
7.0,0.5,484,0.397,0.6951,336.44,MB,15m,holdout,0.45,601
7.0,1.0,484,0.304,-1.0774,-521.48,MB,15m,holdout,0.45,601
7.0,2.0,484,0.248,-3.7226,-1801.76,MB,15m,holdout,0.45,601
7.0,5.0,484,0.194,-8.6821,-4202.12,MB,15m,holdout,0.45,601
10.0,0.083,484,0.682,1.9104,924.65,MB,15m,holdout,0.45,601
10.0,0.125,484,0.576,1.7694,856.39,MB,15m,holdout,0.45,601
10.0,0.167,484,0.523,1.3581,657.31,MB,15m,holdout,0.45,601
10.0,0.25,484,0.465,1.0999,532.33,MB,15m,holdout,0.45,601
10.0,0.5,484,0.386,0.3489,168.88,MB,15m,holdout,0.45,601
10.0,1.0,484,0.289,-1.4081,-681.52,MB,15m,holdout,0.45,601
10.0,2.0,484,0.229,-3.9204,-1897.47,MB,15m,holdout,0.45,601
10.0,5.0,484,0.155,-8.9655,-4339.28,MB,15m,holdout,0.45,601
2.0,0.083,483,0.685,1.7529,846.65,MB,15m,holdout,0.475,601
2.0,0.125,483,0.6,1.5064,727.59,MB,15m,holdout,0.475,601
2.0,0.167,483,0.578,1.2591,608.16,MB,15m,holdout,0.475,601
2.0,0.25,483,0.542,0.7712,372.51,MB,15m,holdout,0.475,601
2.0,0.5,483,0.501,-0.1238,-59.82,MB,15m,holdout,0.475,601
2.0,1.0,483,0.466,-1.6781,-810.52,MB,15m,holdout,0.475,601
2.0,2.0,483,0.408,-4.0151,-1939.28,MB,15m,holdout,0.475,601
2.0,5.0,483,0.271,-8.4638,-4088.0,MB,15m,holdout,0.475,601
3.0,0.083,483,0.671,1.7998,869.29,MB,15m,holdout,0.475,601
3.0,0.125,483,0.573,1.6881,815.38,MB,15m,holdout,0.475,601
3.0,0.167,483,0.547,1.4903,719.84,MB,15m,holdout,0.475,601
3.0,0.25,483,0.505,1.1792,569.54,MB,15m,holdout,0.475,601
3.0,0.5,483,0.443,0.2497,120.59,MB,15m,holdout,0.475,601
3.0,1.0,483,0.395,-1.3018,-628.75,MB,15m,holdout,0.475,601
3.0,2.0,483,0.373,-3.8048,-1837.7,MB,15m,holdout,0.475,601
3.0,5.0,483,0.3,-8.5471,-4128.27,MB,15m,holdout,0.475,601
4.0,0.083,483,0.671,1.8204,879.27,MB,15m,holdout,0.475,601
4.0,0.125,483,0.567,1.7586,849.4,MB,15m,holdout,0.475,601
4.0,0.167,483,0.534,1.5718,759.17,MB,15m,holdout,0.475,601
4.0,0.25,483,0.48,1.2184,588.47,MB,15m,holdout,0.475,601
4.0,0.5,483,0.414,0.5564,268.75,MB,15m,holdout,0.475,601
4.0,1.0,483,0.352,-1.213,-585.87,MB,15m,holdout,0.475,601
4.0,2.0,483,0.319,-3.7229,-1798.14,MB,15m,holdout,0.475,601
4.0,5.0,483,0.286,-8.4497,-4081.23,MB,15m,holdout,0.475,601
5.0,0.083,483,0.671,1.8426,890.0,MB,15m,holdout,0.475,601
5.0,0.125,483,0.561,1.7084,825.17,MB,15m,holdout,0.475,601
5.0,0.167,483,0.528,1.5407,744.18,MB,15m,holdout,0.475,601
5.0,0.25,483,0.47,1.212,585.42,MB,15m,holdout,0.475,601
5.0,0.5,483,0.398,0.5106,246.6,MB,15m,holdout,0.475,601
5.0,1.0,483,0.323,-1.2512,-604.35,MB,15m,holdout,0.475,601
5.0,2.0,483,0.275,-4.0045,-1934.19,MB,15m,holdout,0.475,601
5.0,5.0,483,0.24,-8.6671,-4186.19,MB,15m,holdout,0.475,601
7.0,0.083,483,0.669,1.8316,884.66,MB,15m,holdout,0.475,601
7.0,0.125,483,0.559,1.6998,821.02,MB,15m,holdout,0.475,601
7.0,0.167,483,0.526,1.5427,745.15,MB,15m,holdout,0.475,601
7.0,0.25,483,0.468,1.2678,612.34,MB,15m,holdout,0.475,601
7.0,0.5,483,0.389,0.6165,297.76,MB,15m,holdout,0.475,601
7.0,1.0,483,0.3,-1.0154,-490.41,MB,15m,holdout,0.475,601
7.0,2.0,483,0.242,-3.5959,-1736.8,MB,15m,holdout,0.475,601
7.0,5.0,483,0.199,-8.6238,-4165.27,MB,15m,holdout,0.475,601
10.0,0.083,483,0.669,1.8311,884.43,MB,15m,holdout,0.475,601
10.0,0.125,483,0.557,1.6801,811.51,MB,15m,holdout,0.475,601
10.0,0.167,483,0.522,1.4028,677.57,MB,15m,holdout,0.475,601
10.0,0.25,483,0.462,1.124,542.88,MB,15m,holdout,0.475,601
10.0,0.5,483,0.379,0.2622,126.63,MB,15m,holdout,0.475,601
10.0,1.0,483,0.286,-1.4337,-692.47,MB,15m,holdout,0.475,601
10.0,2.0,483,0.217,-3.9341,-1900.17,MB,15m,holdout,0.475,601
10.0,5.0,483,0.157,-8.9566,-4326.04,MB,15m,holdout,0.475,601
2.0,0.083,471,0.688,1.9273,907.74,MB,15m,holdout,0.5,601
2.0,0.125,471,0.611,1.7314,815.48,MB,15m,holdout,0.5,601
2.0,0.167,471,0.584,1.5277,719.55,MB,15m,holdout,0.5,601
2.0,0.25,471,0.554,1.0204,480.59,MB,15m,holdout,0.5,601
2.0,0.5,471,0.503,0.0585,27.53,MB,15m,holdout,0.5,601
2.0,1.0,471,0.467,-1.5346,-722.81,MB,15m,holdout,0.5,601
2.0,2.0,471,0.403,-3.9162,-1844.53,MB,15m,holdout,0.5,601
2.0,5.0,471,0.263,-8.3659,-3940.35,MB,15m,holdout,0.5,601
3.0,0.083,471,0.679,2.0472,964.23,MB,15m,holdout,0.5,601
3.0,0.125,471,0.588,1.9435,915.4,MB,15m,holdout,0.5,601
3.0,0.167,471,0.558,1.8068,851.02,MB,15m,holdout,0.5,601
3.0,0.25,471,0.514,1.4132,665.61,MB,15m,holdout,0.5,601
3.0,0.5,471,0.446,0.4437,208.99,MB,15m,holdout,0.5,601
3.0,1.0,471,0.401,-0.9763,-459.84,MB,15m,holdout,0.5,601
3.0,2.0,471,0.384,-3.2396,-1525.83,MB,15m,holdout,0.5,601
3.0,5.0,471,0.314,-7.8573,-3700.81,MB,15m,holdout,0.5,601
4.0,0.083,471,0.669,2.0133,948.25,MB,15m,holdout,0.5,601
4.0,0.125,471,0.573,1.8919,891.08,MB,15m,holdout,0.5,601
4.0,0.167,471,0.537,1.7494,823.96,MB,15m,holdout,0.5,601
4.0,0.25,471,0.482,1.2968,610.8,MB,15m,holdout,0.5,601
4.0,0.5,471,0.41,0.5573,262.5,MB,15m,holdout,0.5,601
4.0,1.0,471,0.352,-1.2895,-607.37,MB,15m,holdout,0.5,601
4.0,2.0,471,0.323,-3.8108,-1794.89,MB,15m,holdout,0.5,601
4.0,5.0,471,0.282,-8.5725,-4037.62,MB,15m,holdout,0.5,601
5.0,0.083,471,0.669,2.0128,948.05,MB,15m,holdout,0.5,601
5.0,0.125,471,0.565,1.8398,866.56,MB,15m,holdout,0.5,601
5.0,0.167,471,0.529,1.7236,811.81,MB,15m,holdout,0.5,601
5.0,0.25,471,0.471,1.3084,616.25,MB,15m,holdout,0.5,601
5.0,0.5,471,0.397,0.5731,269.93,MB,15m,holdout,0.5,601
5.0,1.0,471,0.327,-1.2883,-606.78,MB,15m,holdout,0.5,601
5.0,2.0,471,0.282,-3.9785,-1873.9,MB,15m,holdout,0.5,601
5.0,5.0,471,0.248,-8.6429,-4070.81,MB,15m,holdout,0.5,601
7.0,0.083,471,0.667,2.0069,945.23,MB,15m,holdout,0.5,601
7.0,0.125,471,0.563,1.8152,854.94,MB,15m,holdout,0.5,601
7.0,0.167,471,0.527,1.7048,802.98,MB,15m,holdout,0.5,601
7.0,0.25,471,0.465,1.2957,610.29,MB,15m,holdout,0.5,601
7.0,0.5,471,0.38,0.5739,270.33,MB,15m,holdout,0.5,601
7.0,1.0,471,0.295,-1.2185,-573.92,MB,15m,holdout,0.5,601
7.0,2.0,471,0.242,-3.8009,-1790.21,MB,15m,holdout,0.5,601
7.0,5.0,471,0.2,-8.4671,-3988.02,MB,15m,holdout,0.5,601
10.0,0.083,471,0.667,2.0065,945.07,MB,15m,holdout,0.5,601
10.0,0.125,471,0.561,1.7966,846.2,MB,15m,holdout,0.5,601
10.0,0.167,471,0.524,1.6651,784.27,MB,15m,holdout,0.5,601
10.0,0.25,471,0.463,1.2619,594.34,MB,15m,holdout,0.5,601
10.0,0.5,471,0.374,0.4907,231.1,MB,15m,holdout,0.5,601
10.0,1.0,471,0.285,-1.3499,-635.78,MB,15m,holdout,0.5,601
10.0,2.0,471,0.217,-3.8949,-1834.49,MB,15m,holdout,0.5,601
10.0,5.0,471,0.159,-8.7875,-4138.92,MB,15m,holdout,0.5,601
2.0,0.083,471,0.675,1.7767,836.81,MB,15m,holdout,0.525,601
2.0,0.125,471,0.611,1.6199,762.96,MB,15m,holdout,0.525,601
2.0,0.167,471,0.582,1.3448,633.4,MB,15m,holdout,0.525,601
2.0,0.25,471,0.546,0.7813,368.0,MB,15m,holdout,0.525,601
2.0,0.5,471,0.49,-0.3323,-156.49,MB,15m,holdout,0.525,601
2.0,1.0,471,0.446,-1.9554,-921.01,MB,15m,holdout,0.525,601
2.0,2.0,471,0.374,-4.3642,-2055.56,MB,15m,holdout,0.525,601
2.0,5.0,471,0.242,-8.8467,-4166.79,MB,15m,holdout,0.525,601
3.0,0.083,471,0.667,1.9525,919.6,MB,15m,holdout,0.525,601
3.0,0.125,471,0.592,1.8661,878.94,MB,15m,holdout,0.525,601
3.0,0.167,471,0.554,1.6893,795.67,MB,15m,holdout,0.525,601
3.0,0.25,471,0.51,1.2342,581.29,MB,15m,holdout,0.525,601
3.0,0.5,471,0.439,0.1324,62.36,MB,15m,holdout,0.525,601
3.0,1.0,471,0.393,-1.3632,-642.05,MB,15m,holdout,0.525,601
3.0,2.0,471,0.372,-3.6786,-1732.62,MB,15m,holdout,0.525,601
3.0,5.0,471,0.295,-8.3341,-3925.38,MB,15m,holdout,0.525,601
4.0,0.083,471,0.656,1.9279,908.04,MB,15m,holdout,0.525,601
4.0,0.125,471,0.575,1.8415,867.36,MB,15m,holdout,0.525,601
4.0,0.167,471,0.531,1.6515,777.87,MB,15m,holdout,0.525,601
4.0,0.25,471,0.482,1.3053,614.79,MB,15m,holdout,0.525,601
4.0,0.5,471,0.406,0.4082,192.28,MB,15m,holdout,0.525,601
4.0,1.0,471,0.348,-1.3692,-644.87,MB,15m,holdout,0.525,601
4.0,2.0,471,0.318,-3.9048,-1839.14,MB,15m,holdout,0.525,601
4.0,5.0,471,0.282,-8.724,-4109.0,MB,15m,holdout,0.525,601
5.0,0.083,471,0.656,1.9312,909.58,MB,15m,holdout,0.525,601
5.0,0.125,471,0.571,1.829,861.46,MB,15m,holdout,0.525,601
5.0,0.167,471,0.524,1.6543,779.19,MB,15m,holdout,0.525,601
5.0,0.25,471,0.467,1.2135,571.55,MB,15m,holdout,0.525,601
5.0,0.5,471,0.389,0.3474,163.65,MB,15m,holdout,0.525,601
5.0,1.0,471,0.318,-1.5141,-713.12,MB,15m,holdout,0.525,601
5.0,2.0,471,0.276,-4.1419,-1950.85,MB,15m,holdout,0.525,601
5.0,5.0,471,0.248,-8.8446,-4165.81,MB,15m,holdout,0.525,601
7.0,0.083,471,0.654,1.9232,905.82,MB,15m,holdout,0.525,601
7.0,0.125,471,0.567,1.7983,846.99,MB,15m,holdout,0.525,601
7.0,0.167,471,0.52,1.6413,773.07,MB,15m,holdout,0.525,601
7.0,0.25,471,0.459,1.2213,575.22,MB,15m,holdout,0.525,601
7.0,0.5,471,0.374,0.4011,188.94,MB,15m,holdout,0.525,601
7.0,1.0,471,0.287,-1.4576,-686.54,MB,15m,holdout,0.525,601
7.0,2.0,471,0.234,-3.9282,-1850.19,MB,15m,holdout,0.525,601
7.0,5.0,471,0.2,-8.5844,-4043.23,MB,15m,holdout,0.525,601
10.0,0.083,471,0.654,1.9229,905.67,MB,15m,holdout,0.525,601
10.0,0.125,471,0.565,1.7644,831.03,MB,15m,holdout,0.525,601
10.0,0.167,471,0.518,1.5748,741.75,MB,15m,holdout,0.525,601
10.0,0.25,471,0.456,1.1467,540.11,MB,15m,holdout,0.525,601
10.0,0.5,471,0.365,0.2681,126.26,MB,15m,holdout,0.525,601
10.0,1.0,471,0.274,-1.6274,-766.49,MB,15m,holdout,0.525,601
10.0,2.0,471,0.208,-4.1693,-1963.76,MB,15m,holdout,0.525,601
10.0,5.0,471,0.157,-9.198,-4332.24,MB,15m,holdout,0.525,601
2.0,0.083,466,0.667,1.7244,803.57,MB,15m,holdout,0.55,601
2.0,0.125,466,0.612,1.6855,785.45,MB,15m,holdout,0.55,601
2.0,0.167,466,0.588,1.4159,659.79,MB,15m,holdout,0.55,601
2.0,0.25,466,0.552,0.8601,400.79,MB,15m,holdout,0.55,601
2.0,0.5,466,0.504,-0.3018,-140.62,MB,15m,holdout,0.55,601
2.0,1.0,466,0.451,-1.8398,-857.35,MB,15m,holdout,0.55,601
2.0,2.0,466,0.384,-4.2541,-1982.39,MB,15m,holdout,0.55,601
2.0,5.0,466,0.232,-8.7176,-4062.41,MB,15m,holdout,0.55,601
3.0,0.083,466,0.655,1.8828,877.36,MB,15m,holdout,0.55,601
3.0,0.125,466,0.584,1.8392,857.09,MB,15m,holdout,0.55,601
3.0,0.167,466,0.552,1.6594,773.29,MB,15m,holdout,0.55,601
3.0,0.25,466,0.504,1.1777,548.82,MB,15m,holdout,0.55,601
3.0,0.5,466,0.446,-0.0333,-15.51,MB,15m,holdout,0.55,601
3.0,1.0,466,0.393,-1.5656,-729.59,MB,15m,holdout,0.55,601
3.0,2.0,466,0.369,-3.8866,-1811.16,MB,15m,holdout,0.55,601
3.0,5.0,466,0.283,-8.3184,-3876.36,MB,15m,holdout,0.55,601
4.0,0.083,466,0.646,1.9023,886.48,MB,15m,holdout,0.55,601
4.0,0.125,466,0.569,1.8783,875.28,MB,15m,holdout,0.55,601
4.0,0.167,466,0.53,1.6928,788.85,MB,15m,holdout,0.55,601
4.0,0.25,466,0.479,1.3245,617.22,MB,15m,holdout,0.55,601
4.0,0.5,466,0.406,0.2966,138.2,MB,15m,holdout,0.55,601
4.0,1.0,466,0.35,-1.2992,-605.45,MB,15m,holdout,0.55,601
4.0,2.0,466,0.32,-3.7698,-1756.71,MB,15m,holdout,0.55,601
4.0,5.0,466,0.288,-8.5425,-3980.81,MB,15m,holdout,0.55,601
5.0,0.083,466,0.644,1.8662,869.64,MB,15m,holdout,0.55,601
5.0,0.125,466,0.564,1.8509,862.5,MB,15m,holdout,0.55,601
5.0,0.167,466,0.524,1.6881,786.67,MB,15m,holdout,0.55,601
5.0,0.25,466,0.464,1.2325,574.34,MB,15m,holdout,0.55,601
5.0,0.5,466,0.388,0.2567,119.64,MB,15m,holdout,0.55,601
5.0,1.0,466,0.315,-1.5198,-708.23,MB,15m,holdout,0.55,601
5.0,2.0,466,0.277,-4.1198,-1919.84,MB,15m,holdout,0.55,601
5.0,5.0,466,0.253,-8.8669,-4132.0,MB,15m,holdout,0.55,601
7.0,0.083,466,0.642,1.8588,866.19,MB,15m,holdout,0.55,601
7.0,0.125,466,0.558,1.7968,837.31,MB,15m,holdout,0.55,601
7.0,0.167,466,0.517,1.6472,767.59,MB,15m,holdout,0.55,601
7.0,0.25,466,0.453,1.2058,561.88,MB,15m,holdout,0.55,601
7.0,0.5,466,0.371,0.2403,111.98,MB,15m,holdout,0.55,601
7.0,1.0,466,0.281,-1.5976,-744.46,MB,15m,holdout,0.55,601
7.0,2.0,466,0.227,-4.0723,-1897.7,MB,15m,holdout,0.55,601
7.0,5.0,466,0.193,-8.7677,-4085.75,MB,15m,holdout,0.55,601
10.0,0.083,466,0.642,1.859,866.31,MB,15m,holdout,0.55,601
10.0,0.125,466,0.556,1.781,829.94,MB,15m,holdout,0.55,601
10.0,0.167,466,0.515,1.6137,751.99,MB,15m,holdout,0.55,601
10.0,0.25,466,0.451,1.1845,551.96,MB,15m,holdout,0.55,601
10.0,0.5,466,0.367,0.2789,129.98,MB,15m,holdout,0.55,601
10.0,1.0,466,0.273,-1.5621,-727.94,MB,15m,holdout,0.55,601
10.0,2.0,466,0.208,-4.0645,-1894.04,MB,15m,holdout,0.55,601
10.0,5.0,466,0.157,-9.1,-4240.62,MB,15m,holdout,0.55,601
2.0,0.083,464,0.655,1.4927,692.6,MB,15m,holdout,0.575,601
2.0,0.125,464,0.606,1.495,693.68,MB,15m,holdout,0.575,601
2.0,0.167,464,0.584,1.2747,591.45,MB,15m,holdout,0.575,601
2.0,0.25,464,0.543,0.655,303.93,MB,15m,holdout,0.575,601
2.0,0.5,464,0.498,-0.5205,-241.51,MB,15m,holdout,0.575,601
2.0,1.0,464,0.438,-2.1173,-982.44,MB,15m,holdout,0.575,601
2.0,2.0,464,0.371,-4.5496,-2111.02,MB,15m,holdout,0.575,601
2.0,5.0,464,0.216,-9.0253,-4187.73,MB,15m,holdout,0.575,601
3.0,0.083,464,0.642,1.6194,751.41,MB,15m,holdout,0.575,601
3.0,0.125,464,0.569,1.5192,704.89,MB,15m,holdout,0.575,601
3.0,0.167,464,0.541,1.3606,631.3,MB,15m,holdout,0.575,601
3.0,0.25,464,0.485,0.7111,329.94,MB,15m,holdout,0.575,601
3.0,0.5,464,0.429,-0.4753,-220.54,MB,15m,holdout,0.575,601
3.0,1.0,464,0.381,-2.0816,-965.87,MB,15m,holdout,0.575,601
3.0,2.0,464,0.36,-4.3824,-2033.43,MB,15m,holdout,0.575,601
3.0,5.0,464,0.269,-8.7721,-4070.24,MB,15m,holdout,0.575,601
4.0,0.083,464,0.638,1.6866,782.57,MB,15m,holdout,0.575,601
4.0,0.125,464,0.558,1.5921,738.73,MB,15m,holdout,0.575,601
4.0,0.167,464,0.522,1.4358,666.22,MB,15m,holdout,0.575,601
4.0,0.25,464,0.463,0.9203,427.02,MB,15m,holdout,0.575,601
4.0,0.5,464,0.394,-0.1138,-52.79,MB,15m,holdout,0.575,601
4.0,1.0,464,0.343,-1.6709,-775.3,MB,15m,holdout,0.575,601
4.0,2.0,464,0.317,-4.0478,-1878.19,MB,15m,holdout,0.575,601
4.0,5.0,464,0.282,-8.8089,-4087.33,MB,15m,holdout,0.575,601
5.0,0.083,464,0.631,1.6257,754.3,MB,15m,holdout,0.575,601
5.0,0.125,464,0.55,1.5589,723.33,MB,15m,holdout,0.575,601
5.0,0.167,464,0.511,1.4273,662.27,MB,15m,holdout,0.575,601
5.0,0.25,464,0.442,0.8363,388.04,MB,15m,holdout,0.575,601
5.0,0.5,464,0.369,-0.1386,-64.32,MB,15m,holdout,0.575,601
5.0,1.0,464,0.302,-2.0122,-933.66,MB,15m,holdout,0.575,601
5.0,2.0,464,0.267,-4.4496,-2064.62,MB,15m,holdout,0.575,601
5.0,5.0,464,0.241,-9.2646,-4298.77,MB,15m,holdout,0.575,601
7.0,0.083,464,0.631,1.6396,760.8,MB,15m,holdout,0.575,601
7.0,0.125,464,0.547,1.5558,721.9,MB,15m,holdout,0.575,601
7.0,0.167,464,0.509,1.443,669.56,MB,15m,holdout,0.575,601
7.0,0.25,464,0.435,0.8587,398.45,MB,15m,holdout,0.575,601
7.0,0.5,464,0.356,-0.158,-73.29,MB,15m,holdout,0.575,601
7.0,1.0,464,0.272,-2.136,-991.1,MB,15m,holdout,0.575,601
7.0,2.0,464,0.218,-4.6487,-2156.99,MB,15m,holdout,0.575,601
7.0,5.0,464,0.183,-9.4682,-4393.22,MB,15m,holdout,0.575,601
10.0,0.083,464,0.631,1.6367,759.44,MB,15m,holdout,0.575,601
10.0,0.125,464,0.545,1.5396,714.39,MB,15m,holdout,0.575,601
10.0,0.167,464,0.506,1.4101,654.29,MB,15m,holdout,0.575,601
10.0,0.25,464,0.433,0.8356,387.71,MB,15m,holdout,0.575,601
10.0,0.5,464,0.351,-0.1216,-56.44,MB,15m,holdout,0.575,601
10.0,1.0,464,0.265,-1.9464,-903.15,MB,15m,holdout,0.575,601
10.0,2.0,464,0.2,-4.2751,-1983.67,MB,15m,holdout,0.575,601
10.0,5.0,464,0.155,-9.3635,-4344.66,MB,15m,holdout,0.575,601
2.0,0.083,455,0.657,1.3665,621.77,MB,15m,holdout,0.6,601
2.0,0.125,455,0.613,1.4777,672.35,MB,15m,holdout,0.6,601
2.0,0.167,455,0.591,1.2044,548.01,MB,15m,holdout,0.6,601
2.0,0.25,455,0.547,0.5547,252.4,MB,15m,holdout,0.6,601
2.0,0.5,455,0.495,-0.7277,-331.08,MB,15m,holdout,0.6,601
2.0,1.0,455,0.426,-2.4102,-1096.63,MB,15m,holdout,0.6,601
2.0,2.0,455,0.349,-4.8646,-2213.38,MB,15m,holdout,0.6,601
2.0,5.0,455,0.196,-9.3598,-4258.72,MB,15m,holdout,0.6,601
3.0,0.083,455,0.635,1.4882,677.15,MB,15m,holdout,0.6,601
3.0,0.125,455,0.565,1.4409,655.63,MB,15m,holdout,0.6,601
3.0,0.167,455,0.534,1.2234,556.66,MB,15m,holdout,0.6,601
3.0,0.25,455,0.479,0.5288,240.59,MB,15m,holdout,0.6,601
3.0,0.5,455,0.418,-0.6497,-295.62,MB,15m,holdout,0.6,601
3.0,1.0,455,0.371,-2.2998,-1046.41,MB,15m,holdout,0.6,601
3.0,2.0,455,0.345,-4.6535,-2117.34,MB,15m,holdout,0.6,601
3.0,5.0,455,0.248,-9.1059,-4143.18,MB,15m,holdout,0.6,601
4.0,0.083,455,0.631,1.5155,689.55,MB,15m,holdout,0.6,601
4.0,0.125,455,0.549,1.4743,670.81,MB,15m,holdout,0.6,601
4.0,0.167,455,0.51,1.3066,594.51,MB,15m,holdout,0.6,601
4.0,0.25,455,0.455,0.7569,344.38,MB,15m,holdout,0.6,601
4.0,0.5,455,0.385,-0.3822,-173.88,MB,15m,holdout,0.6,601
4.0,1.0,455,0.332,-2.0407,-928.54,MB,15m,holdout,0.6,601
4.0,2.0,455,0.301,-4.3857,-1995.48,MB,15m,holdout,0.6,601
4.0,5.0,455,0.262,-9.064,-4124.1,MB,15m,holdout,0.6,601
5.0,0.083,455,0.629,1.4922,678.94,MB,15m,holdout,0.6,601
5.0,0.125,455,0.543,1.478,672.5,MB,15m,holdout,0.6,601
5.0,0.167,455,0.503,1.2874,585.79,MB,15m,holdout,0.6,601
5.0,0.25,455,0.435,0.7112,323.58,MB,15m,holdout,0.6,601
5.0,0.5,455,0.36,-0.3012,-137.06,MB,15m,holdout,0.6,601
5.0,1.0,455,0.301,-2.1147,-962.2,MB,15m,holdout,0.6,601
5.0,2.0,455,0.262,-4.5787,-2083.31,MB,15m,holdout,0.6,601
5.0,5.0,455,0.237,-9.4239,-4287.9,MB,15m,holdout,0.6,601
7.0,0.083,455,0.629,1.5087,686.47,MB,15m,holdout,0.6,601
7.0,0.125,455,0.541,1.4836,675.06,MB,15m,holdout,0.6,601
7.0,0.167,455,0.499,1.2934,588.49,MB,15m,holdout,0.6,601
7.0,0.25,455,0.424,0.6693,304.51,MB,15m,holdout,0.6,601
7.0,0.5,455,0.343,-0.4388,-199.65,MB,15m,holdout,0.6,601
7.0,1.0,455,0.262,-2.4305,-1105.88,MB,15m,holdout,0.6,601
7.0,2.0,455,0.202,-5.0339,-2290.41,MB,15m,holdout,0.6,601
7.0,5.0,455,0.169,-9.969,-4535.91,MB,15m,holdout,0.6,601
10.0,0.083,455,0.629,1.506,685.22,MB,15m,holdout,0.6,601
10.0,0.125,455,0.538,1.4672,667.59,MB,15m,holdout,0.6,601
10.0,0.167,455,0.497,1.2606,573.59,MB,15m,holdout,0.6,601
10.0,0.25,455,0.422,0.6456,293.74,MB,15m,holdout,0.6,601
10.0,0.5,455,0.336,-0.4946,-225.03,MB,15m,holdout,0.6,601
10.0,1.0,455,0.253,-2.3436,-1066.36,MB,15m,holdout,0.6,601
10.0,2.0,455,0.18,-4.8081,-2187.67,MB,15m,holdout,0.6,601
10.0,5.0,455,0.138,-9.9156,-4511.59,MB,15m,holdout,0.6,601
2.0,0.083,453,0.66,1.4782,669.6,MB,15m,holdout,0.625,601
2.0,0.125,453,0.62,1.619,733.39,MB,15m,holdout,0.625,601
2.0,0.167,453,0.603,1.3243,599.89,MB,15m,holdout,0.625,601
2.0,0.25,453,0.565,0.8616,390.33,MB,15m,holdout,0.625,601
2.0,0.5,453,0.506,-0.5277,-239.06,MB,15m,holdout,0.625,601
2.0,1.0,453,0.439,-2.225,-1007.92,MB,15m,holdout,0.625,601
2.0,2.0,453,0.347,-4.6035,-2085.39,MB,15m,holdout,0.625,601
2.0,5.0,453,0.199,-9.049,-4099.2,MB,15m,holdout,0.625,601
3.0,0.083,453,0.636,1.5206,688.82,MB,15m,holdout,0.625,601
3.0,0.125,453,0.563,1.5134,685.59,MB,15m,holdout,0.625,601
3.0,0.167,453,0.536,1.2933,585.88,MB,15m,holdout,0.625,601
3.0,0.25,453,0.483,0.7382,334.39,MB,15m,holdout,0.625,601
3.0,0.5,453,0.424,-0.4337,-196.48,MB,15m,holdout,0.625,601
3.0,1.0,453,0.377,-2.0641,-935.02,MB,15m,holdout,0.625,601
3.0,2.0,453,0.355,-4.4166,-2000.73,MB,15m,holdout,0.625,601
3.0,5.0,453,0.254,-8.8525,-4010.16,MB,15m,holdout,0.625,601
4.0,0.083,453,0.629,1.5375,696.49,MB,15m,holdout,0.625,601
4.0,0.125,453,0.55,1.5588,706.12,MB,15m,holdout,0.625,601
4.0,0.167,453,0.514,1.3281,601.61,MB,15m,holdout,0.625,601
4.0,0.25,453,0.457,0.8969,406.28,MB,15m,holdout,0.625,601
4.0,0.5,453,0.382,-0.3364,-152.37,MB,15m,holdout,0.625,601
4.0,1.0,453,0.325,-1.8583,-841.83,MB,15m,holdout,0.625,601
4.0,2.0,453,0.305,-4.1314,-1871.51,MB,15m,holdout,0.625,601
4.0,5.0,453,0.265,-8.7626,-3969.44,MB,15m,holdout,0.625,601
5.0,0.083,453,0.627,1.5099,683.99,MB,15m,holdout,0.625,601
5.0,0.125,453,0.541,1.5323,694.13,MB,15m,holdout,0.625,601
5.0,0.167,453,0.503,1.2807,580.15,MB,15m,holdout,0.625,601
5.0,0.25,453,0.439,0.9125,413.36,MB,15m,holdout,0.625,601
5.0,0.5,453,0.355,-0.1657,-75.06,MB,15m,holdout,0.625,601
5.0,1.0,453,0.294,-1.9051,-862.99,MB,15m,holdout,0.625,601
5.0,2.0,453,0.263,-4.3048,-1950.09,MB,15m,holdout,0.625,601
5.0,5.0,453,0.245,-9.1175,-4130.24,MB,15m,holdout,0.625,601
7.0,0.083,453,0.627,1.5261,691.34,MB,15m,holdout,0.625,601
7.0,0.125,453,0.539,1.5403,697.74,MB,15m,holdout,0.625,601
7.0,0.167,453,0.499,1.2983,588.14,MB,15m,holdout,0.625,601
7.0,0.25,453,0.424,0.8003,362.52,MB,15m,holdout,0.625,601
7.0,0.5,453,0.333,-0.4385,-198.63,MB,15m,holdout,0.625,601
7.0,1.0,453,0.252,-2.4122,-1092.74,MB,15m,holdout,0.625,601
7.0,2.0,453,0.199,-5.0497,-2287.51,MB,15m,holdout,0.625,601
7.0,5.0,453,0.17,-9.8904,-4480.36,MB,15m,holdout,0.625,601
10.0,0.083,453,0.627,1.5288,692.55,MB,15m,holdout,0.625,601
10.0,0.125,453,0.539,1.5498,702.04,MB,15m,holdout,0.625,601
10.0,0.167,453,0.499,1.2977,587.88,MB,15m,holdout,0.625,601
10.0,0.25,453,0.424,0.8193,371.16,MB,15m,holdout,0.625,601
10.0,0.5,453,0.329,-0.3956,-179.2,MB,15m,holdout,0.625,601
10.0,1.0,453,0.243,-2.2477,-1018.22,MB,15m,holdout,0.625,601
10.0,2.0,453,0.181,-4.669,-2115.04,MB,15m,holdout,0.625,601
10.0,5.0,453,0.141,-9.6588,-4375.41,MB,15m,holdout,0.625,601
2.0,0.083,443,0.646,1.2531,555.1,MB,15m,holdout,0.65,601
2.0,0.125,443,0.596,1.2928,572.7,MB,15m,holdout,0.65,601
2.0,0.167,443,0.585,1.033,457.64,MB,15m,holdout,0.65,601
2.0,0.25,443,0.553,0.5726,253.67,MB,15m,holdout,0.65,601
2.0,0.5,443,0.485,-0.8356,-370.16,MB,15m,holdout,0.65,601
2.0,1.0,443,0.431,-2.5745,-1140.5,MB,15m,holdout,0.65,601
2.0,2.0,443,0.341,-4.9969,-2213.63,MB,15m,holdout,0.65,601
2.0,5.0,443,0.185,-9.4971,-4207.23,MB,15m,holdout,0.65,601
3.0,0.083,443,0.625,1.3358,591.74,MB,15m,holdout,0.65,601
3.0,0.125,443,0.558,1.41,624.63,MB,15m,holdout,0.65,601
3.0,0.167,443,0.533,1.1815,523.41,MB,15m,holdout,0.65,601
3.0,0.25,443,0.488,0.7007,310.39,MB,15m,holdout,0.65,601
3.0,0.5,443,0.418,-0.6279,-278.18,MB,15m,holdout,0.65,601
3.0,1.0,443,0.375,-2.2909,-1014.89,MB,15m,holdout,0.65,601
3.0,2.0,443,0.343,-4.6929,-2078.98,MB,15m,holdout,0.65,601
3.0,5.0,443,0.237,-9.1612,-4058.41,MB,15m,holdout,0.65,601
4.0,0.083,443,0.621,1.373,608.26,MB,15m,holdout,0.65,601
4.0,0.125,443,0.544,1.5018,665.28,MB,15m,holdout,0.65,601
4.0,0.167,443,0.512,1.3033,577.37,MB,15m,holdout,0.65,601
4.0,0.25,443,0.46,0.8892,393.9,MB,15m,holdout,0.65,601
4.0,0.5,443,0.379,-0.4415,-195.59,MB,15m,holdout,0.65,601
4.0,1.0,443,0.323,-2.0471,-906.88,MB,15m,holdout,0.65,601
4.0,2.0,443,0.298,-4.3959,-1947.38,MB,15m,holdout,0.65,601
4.0,5.0,443,0.251,-8.858,-3924.1,MB,15m,holdout,0.65,601
5.0,0.083,443,0.619,1.3942,617.61,MB,15m,holdout,0.65,601
5.0,0.125,443,0.535,1.4864,658.47,MB,15m,holdout,0.65,601
5.0,0.167,443,0.499,1.2418,550.14,MB,15m,holdout,0.65,601
5.0,0.25,443,0.442,0.9075,402.04,MB,15m,holdout,0.65,601
5.0,0.5,443,0.35,-0.3066,-135.84,MB,15m,holdout,0.65,601
5.0,1.0,443,0.287,-2.0674,-915.87,MB,15m,holdout,0.65,601
5.0,2.0,443,0.255,-4.5531,-2017.01,MB,15m,holdout,0.65,601
5.0,5.0,443,0.237,-9.3695,-4150.7,MB,15m,holdout,0.65,601
7.0,0.083,443,0.616,1.3524,599.12,MB,15m,holdout,0.65,601
7.0,0.125,443,0.533,1.4345,635.49,MB,15m,holdout,0.65,601
7.0,0.167,443,0.494,1.2096,535.86,MB,15m,holdout,0.65,601
7.0,0.25,443,0.427,0.7516,332.96,MB,15m,holdout,0.65,601
7.0,0.5,443,0.327,-0.5808,-257.29,MB,15m,holdout,0.65,601
7.0,1.0,443,0.246,-2.6157,-1158.76,MB,15m,holdout,0.65,601
7.0,2.0,443,0.194,-5.3425,-2366.74,MB,15m,holdout,0.65,601
7.0,5.0,443,0.165,-10.2953,-4560.84,MB,15m,holdout,0.65,601
10.0,0.083,443,0.616,1.3553,600.4,MB,15m,holdout,0.65,601
10.0,0.125,443,0.533,1.4461,640.63,MB,15m,holdout,0.65,601
10.0,0.167,443,0.494,1.2375,548.23,MB,15m,holdout,0.65,601
10.0,0.25,443,0.427,0.818,362.39,MB,15m,holdout,0.65,601
10.0,0.5,443,0.325,-0.498,-220.61,MB,15m,holdout,0.65,601
10.0,1.0,443,0.233,-2.4048,-1065.32,MB,15m,holdout,0.65,601
10.0,2.0,443,0.174,-4.918,-2178.69,MB,15m,holdout,0.65,601
10.0,5.0,443,0.14,-10.0067,-4432.96,MB,15m,holdout,0.65,601
2.0,0.083,436,0.651,1.2398,540.56,MB,15m,holdout,0.675,601
2.0,0.125,436,0.599,1.2875,561.33,MB,15m,holdout,0.675,601
2.0,0.167,436,0.587,0.9443,411.7,MB,15m,holdout,0.675,601
2.0,0.25,436,0.546,0.5094,222.11,MB,15m,holdout,0.675,601
2.0,0.5,436,0.489,-0.8572,-373.72,MB,15m,holdout,0.675,601
2.0,1.0,436,0.433,-2.5487,-1111.24,MB,15m,holdout,0.675,601
2.0,2.0,436,0.333,-4.9321,-2150.38,MB,15m,holdout,0.675,601
2.0,5.0,436,0.158,-9.4116,-4103.48,MB,15m,holdout,0.675,601
3.0,0.083,436,0.626,1.2967,565.35,MB,15m,holdout,0.675,601
3.0,0.125,436,0.55,1.3186,574.89,MB,15m,holdout,0.675,601
3.0,0.167,436,0.528,1.0863,473.64,MB,15m,holdout,0.675,601
3.0,0.25,436,0.475,0.504,219.73,MB,15m,holdout,0.675,601
3.0,0.5,436,0.415,-0.8891,-387.65,MB,15m,holdout,0.675,601
3.0,1.0,436,0.372,-2.5531,-1113.15,MB,15m,holdout,0.675,601
3.0,2.0,436,0.335,-4.9831,-2172.64,MB,15m,holdout,0.675,601
3.0,5.0,436,0.222,-9.4834,-4134.76,MB,15m,holdout,0.675,601
4.0,0.083,436,0.624,1.3472,587.37,MB,15m,holdout,0.675,601
4.0,0.125,436,0.539,1.4631,637.91,MB,15m,holdout,0.675,601
4.0,0.167,436,0.511,1.2479,544.1,MB,15m,holdout,0.675,601
4.0,0.25,436,0.45,0.7179,313.02,MB,15m,holdout,0.675,601
4.0,0.5,436,0.376,-0.6831,-297.84,MB,15m,holdout,0.675,601
4.0,1.0,436,0.321,-2.3309,-1016.26,MB,15m,holdout,0.675,601
4.0,2.0,436,0.291,-4.7106,-2053.83,MB,15m,holdout,0.675,601
4.0,5.0,436,0.241,-9.1506,-3989.68,MB,15m,holdout,0.675,601
5.0,0.083,436,0.622,1.3737,598.94,MB,15m,holdout,0.675,601
5.0,0.125,436,0.53,1.4301,623.5,MB,15m,holdout,0.675,601
5.0,0.167,436,0.498,1.1563,504.14,MB,15m,holdout,0.675,601
5.0,0.25,436,0.429,0.6665,290.58,MB,15m,holdout,0.675,601
5.0,0.5,436,0.346,-0.6794,-296.24,MB,15m,holdout,0.675,601
5.0,1.0,436,0.282,-2.3971,-1045.13,MB,15m,holdout,0.675,601
5.0,2.0,436,0.248,-4.8146,-2099.15,MB,15m,holdout,0.675,601
5.0,5.0,436,0.227,-9.5423,-4160.46,MB,15m,holdout,0.675,601
7.0,0.083,436,0.619,1.3459,586.8,MB,15m,holdout,0.675,601
7.0,0.125,436,0.528,1.4093,614.46,MB,15m,holdout,0.675,601
7.0,0.167,436,0.493,1.1651,508.0,MB,15m,holdout,0.675,601
7.0,0.25,436,0.413,0.5584,243.46,MB,15m,holdout,0.675,601
7.0,0.5,436,0.323,-0.7865,-342.92,MB,15m,holdout,0.675,601
7.0,1.0,436,0.243,-2.8138,-1226.82,MB,15m,holdout,0.675,601
7.0,2.0,436,0.19,-5.5277,-2410.08,MB,15m,holdout,0.675,601
7.0,5.0,436,0.167,-10.4223,-4544.12,MB,15m,holdout,0.675,601
10.0,0.083,436,0.619,1.3488,588.06,MB,15m,holdout,0.675,601
10.0,0.125,436,0.528,1.4215,619.76,MB,15m,holdout,0.675,601
10.0,0.167,436,0.493,1.1973,522.03,MB,15m,holdout,0.675,601
10.0,0.25,436,0.413,0.6485,282.76,MB,15m,holdout,0.675,601
10.0,0.5,436,0.321,-0.7216,-314.6,MB,15m,holdout,0.675,601
10.0,1.0,436,0.227,-2.6525,-1156.47,MB,15m,holdout,0.675,601
10.0,2.0,436,0.165,-5.2064,-2269.98,MB,15m,holdout,0.675,601
10.0,5.0,436,0.135,-10.24,-4464.65,MB,15m,holdout,0.675,601
2.0,0.083,433,0.665,1.4885,644.5,MB,15m,holdout,0.7,601
2.0,0.125,433,0.621,1.4555,630.21,MB,15m,holdout,0.7,601
2.0,0.167,433,0.603,1.1057,478.75,MB,15m,holdout,0.7,601
2.0,0.25,433,0.573,0.5915,256.11,MB,15m,holdout,0.7,601
2.0,0.5,433,0.503,-0.6638,-287.41,MB,15m,holdout,0.7,601
2.0,1.0,433,0.432,-2.315,-1002.41,MB,15m,holdout,0.7,601
2.0,2.0,433,0.314,-4.7518,-2057.54,MB,15m,holdout,0.7,601
2.0,5.0,433,0.134,-9.2332,-3997.99,MB,15m,holdout,0.7,601
3.0,0.083,433,0.624,1.4864,643.6,MB,15m,holdout,0.7,601
3.0,0.125,433,0.557,1.4503,627.97,MB,15m,holdout,0.7,601
3.0,0.167,433,0.529,1.1758,509.14,MB,15m,holdout,0.7,601
3.0,0.25,433,0.485,0.6274,271.66,MB,15m,holdout,0.7,601
3.0,0.5,433,0.42,-0.7092,-307.1,MB,15m,holdout,0.7,601
3.0,1.0,433,0.379,-2.3212,-1005.07,MB,15m,holdout,0.7,601
3.0,2.0,433,0.346,-4.7652,-2063.35,MB,15m,holdout,0.7,601
3.0,5.0,433,0.217,-9.2472,-4004.05,MB,15m,holdout,0.7,601
4.0,0.083,433,0.617,1.4153,612.83,MB,15m,holdout,0.7,601
4.0,0.125,433,0.54,1.5116,654.52,MB,15m,holdout,0.7,601
4.0,0.167,433,0.51,1.2885,557.91,MB,15m,holdout,0.7,601
4.0,0.25,433,0.457,0.705,305.25,MB,15m,holdout,0.7,601
4.0,0.5,433,0.376,-0.6345,-274.74,MB,15m,holdout,0.7,601
4.0,1.0,433,0.323,-2.3295,-1008.66,MB,15m,holdout,0.7,601
4.0,2.0,433,0.296,-4.7165,-2042.26,MB,15m,holdout,0.7,601
4.0,5.0,433,0.233,-9.1733,-3972.02,MB,15m,holdout,0.7,601
5.0,0.083,433,0.614,1.4295,618.96,MB,15m,holdout,0.7,601
5.0,0.125,433,0.533,1.4621,633.09,MB,15m,holdout,0.7,601
5.0,0.167,433,0.497,1.2137,525.52,MB,15m,holdout,0.7,601
5.0,0.25,433,0.441,0.6793,294.13,MB,15m,holdout,0.7,601
5.0,0.5,433,0.353,-0.5983,-259.06,MB,15m,holdout,0.7,601
5.0,1.0,433,0.291,-2.3141,-1002.01,MB,15m,holdout,0.7,601
5.0,2.0,433,0.256,-4.7471,-2055.51,MB,15m,holdout,0.7,601
5.0,5.0,433,0.231,-9.2569,-4008.24,MB,15m,holdout,0.7,601
7.0,0.083,433,0.612,1.3929,603.13,MB,15m,holdout,0.7,601
7.0,0.125,433,0.529,1.4429,624.79,MB,15m,holdout,0.7,601
7.0,0.167,433,0.487,1.1889,514.81,MB,15m,holdout,0.7,601
7.0,0.25,433,0.423,0.5534,239.62,MB,15m,holdout,0.7,601
7.0,0.5,433,0.323,-0.7354,-318.44,MB,15m,holdout,0.7,601
7.0,1.0,433,0.245,-2.7731,-1200.75,MB,15m,holdout,0.7,601
7.0,2.0,433,0.203,-5.3759,-2327.78,MB,15m,holdout,0.7,601
7.0,5.0,433,0.178,-10.2485,-4437.61,MB,15m,holdout,0.7,601
10.0,0.083,433,0.612,1.4006,606.46,MB,15m,holdout,0.7,601
10.0,0.125,433,0.529,1.441,623.94,MB,15m,holdout,0.7,601
10.0,0.167,433,0.487,1.1945,517.23,MB,15m,holdout,0.7,601
10.0,0.25,433,0.42,0.5538,239.79,MB,15m,holdout,0.7,601
10.0,0.5,433,0.319,-0.7505,-324.97,MB,15m,holdout,0.7,601
10.0,1.0,433,0.229,-2.8077,-1215.75,MB,15m,holdout,0.7,601
10.0,2.0,433,0.166,-5.367,-2323.89,MB,15m,holdout,0.7,601
10.0,5.0,433,0.132,-10.4711,-4533.97,MB,15m,holdout,0.7,601
2.0,0.083,665,0.786,2.8272,1880.09,MB,30m,train,0.3,967
2.0,0.125,665,0.755,3.8067,2531.45,MB,30m,train,0.3,967
2.0,0.167,665,0.716,3.9411,2620.86,MB,30m,train,0.3,967
2.0,0.25,665,0.66,3.436,2284.94,MB,30m,train,0.3,967
2.0,0.5,665,0.588,2.9768,1979.55,MB,30m,train,0.3,967
2.0,1.0,665,0.51,0.4101,272.68,MB,30m,train,0.3,967
2.0,2.0,665,0.459,-2.3808,-1583.23,MB,30m,train,0.3,967
2.0,5.0,665,0.38,-7.0809,-4708.79,MB,30m,train,0.3,967
3.0,0.083,665,0.786,2.8519,1896.49,MB,30m,train,0.3,967
3.0,0.125,665,0.747,3.8541,2562.98,MB,30m,train,0.3,967
3.0,0.167,665,0.705,4.0556,2696.95,MB,30m,train,0.3,967
3.0,0.25,665,0.639,3.6045,2396.98,MB,30m,train,0.3,967
3.0,0.5,665,0.54,3.3962,2258.46,MB,30m,train,0.3,967
3.0,1.0,665,0.435,0.5147,342.27,MB,30m,train,0.3,967
3.0,2.0,665,0.364,-2.4716,-1643.62,MB,30m,train,0.3,967
3.0,5.0,665,0.316,-7.601,-5054.68,MB,30m,train,0.3,967
4.0,0.083,665,0.786,2.842,1889.91,MB,30m,train,0.3,967
4.0,0.125,665,0.744,3.8213,2541.17,MB,30m,train,0.3,967
4.0,0.167,665,0.699,4.0015,2660.99,MB,30m,train,0.3,967
4.0,0.25,665,0.624,3.5458,2357.93,MB,30m,train,0.3,967
4.0,0.5,665,0.516,3.2396,2154.32,MB,30m,train,0.3,967
4.0,1.0,665,0.394,0.2777,184.67,MB,30m,train,0.3,967
4.0,2.0,665,0.313,-2.703,-1797.49,MB,30m,train,0.3,967
4.0,5.0,665,0.268,-7.8801,-5240.28,MB,30m,train,0.3,967
5.0,0.083,665,0.786,2.842,1889.91,MB,30m,train,0.3,967
5.0,0.125,665,0.744,3.8268,2544.84,MB,30m,train,0.3,967
5.0,0.167,665,0.699,4.0117,2667.78,MB,30m,train,0.3,967
5.0,0.25,665,0.626,3.5691,2373.46,MB,30m,train,0.3,967
5.0,0.5,665,0.517,3.347,2225.76,MB,30m,train,0.3,967
5.0,1.0,665,0.395,0.5955,395.98,MB,30m,train,0.3,967
5.0,2.0,665,0.31,-2.2213,-1477.16,MB,30m,train,0.3,967
5.0,5.0,665,0.254,-7.0424,-4683.2,MB,30m,train,0.3,967
7.0,0.083,665,0.786,2.8417,1889.75,MB,30m,train,0.3,967
7.0,0.125,665,0.743,3.8158,2537.51,MB,30m,train,0.3,967
7.0,0.167,665,0.698,4.0047,2663.13,MB,30m,train,0.3,967
7.0,0.25,665,0.624,3.571,2374.75,MB,30m,train,0.3,967
7.0,0.5,665,0.514,3.3895,2254.04,MB,30m,train,0.3,967
7.0,1.0,665,0.385,0.6038,401.52,MB,30m,train,0.3,967
7.0,2.0,665,0.29,-2.2734,-1511.82,MB,30m,train,0.3,967
7.0,5.0,665,0.221,-6.7755,-4505.68,MB,30m,train,0.3,967
10.0,0.083,665,0.786,2.8417,1889.75,MB,30m,train,0.3,967
10.0,0.125,665,0.743,3.816,2537.61,MB,30m,train,0.3,967
10.0,0.167,665,0.698,4.006,2663.98,MB,30m,train,0.3,967
10.0,0.25,665,0.623,3.5339,2350.03,MB,30m,train,0.3,967
10.0,0.5,665,0.511,3.2645,2170.92,MB,30m,train,0.3,967
10.0,1.0,665,0.382,0.5571,370.49,MB,30m,train,0.3,967
10.0,2.0,665,0.281,-2.5099,-1669.1,MB,30m,train,0.3,967
10.0,5.0,665,0.205,-6.6971,-4453.59,MB,30m,train,0.3,967
2.0,0.083,669,0.782,3.027,2025.07,MB,30m,train,0.325,967
2.0,0.125,669,0.752,3.7923,2537.06,MB,30m,train,0.325,967
2.0,0.167,669,0.706,3.8896,2602.15,MB,30m,train,0.325,967
2.0,0.25,669,0.656,3.3766,2258.95,MB,30m,train,0.325,967
2.0,0.5,669,0.578,2.827,1891.27,MB,30m,train,0.325,967
2.0,1.0,669,0.507,0.3708,248.04,MB,30m,train,0.325,967
2.0,2.0,669,0.46,-2.2404,-1498.84,MB,30m,train,0.325,967
2.0,5.0,669,0.371,-7.3357,-4907.55,MB,30m,train,0.325,967
3.0,0.083,669,0.782,3.0707,2054.3,MB,30m,train,0.325,967
3.0,0.125,669,0.743,3.8271,2560.31,MB,30m,train,0.325,967
3.0,0.167,669,0.694,4.0125,2684.33,MB,30m,train,0.325,967
3.0,0.25,669,0.634,3.5364,2365.86,MB,30m,train,0.325,967
3.0,0.5,669,0.535,3.3616,2248.94,MB,30m,train,0.325,967
3.0,1.0,669,0.436,0.6297,421.28,MB,30m,train,0.325,967
3.0,2.0,669,0.366,-2.2447,-1501.67,MB,30m,train,0.325,967
3.0,5.0,669,0.32,-7.476,-5001.44,MB,30m,train,0.325,967
4.0,0.083,669,0.782,3.0621,2048.52,MB,30m,train,0.325,967
4.0,0.125,669,0.74,3.7995,2541.87,MB,30m,train,0.325,967
4.0,0.167,669,0.688,3.9683,2654.79,MB,30m,train,0.325,967
4.0,0.25,669,0.623,3.5275,2359.9,MB,30m,train,0.325,967
4.0,0.5,669,0.516,3.2801,2194.38,MB,30m,train,0.325,967
4.0,1.0,669,0.405,0.6301,421.54,MB,30m,train,0.325,967
4.0,2.0,669,0.32,-2.3208,-1552.63,MB,30m,train,0.325,967
4.0,5.0,669,0.274,-7.6426,-5112.9,MB,30m,train,0.325,967
5.0,0.083,669,0.782,3.0627,2048.93,MB,30m,train,0.325,967
5.0,0.125,669,0.74,3.8082,2547.71,MB,30m,train,0.325,967
5.0,0.167,669,0.688,3.986,2666.61,MB,30m,train,0.325,967
5.0,0.25,669,0.62,3.5376,2366.63,MB,30m,train,0.325,967
5.0,0.5,669,0.513,3.3314,2228.69,MB,30m,train,0.325,967
5.0,1.0,669,0.395,0.7234,483.98,MB,30m,train,0.325,967
5.0,2.0,669,0.306,-1.9873,-1329.51,MB,30m,train,0.325,967
5.0,5.0,669,0.251,-6.9612,-4657.04,MB,30m,train,0.325,967
7.0,0.083,669,0.782,3.0625,2048.8,MB,30m,train,0.325,967
7.0,0.125,669,0.738,3.7976,2540.62,MB,30m,train,0.325,967
7.0,0.167,669,0.686,3.9793,2662.13,MB,30m,train,0.325,967
7.0,0.25,669,0.619,3.5406,2368.68,MB,30m,train,0.325,967
7.0,0.5,669,0.51,3.3762,2258.65,MB,30m,train,0.325,967
7.0,1.0,669,0.386,0.7797,521.6,MB,30m,train,0.325,967
7.0,2.0,669,0.287,-2.1127,-1413.41,MB,30m,train,0.325,967
7.0,5.0,669,0.217,-6.8348,-4572.5,MB,30m,train,0.325,967
10.0,0.083,669,0.782,3.0625,2048.8,MB,30m,train,0.325,967
10.0,0.125,669,0.738,3.7977,2540.64,MB,30m,train,0.325,967
10.0,0.167,669,0.686,3.9802,2662.77,MB,30m,train,0.325,967
10.0,0.25,669,0.617,3.5034,2343.75,MB,30m,train,0.325,967
10.0,0.5,669,0.507,3.2519,2175.52,MB,30m,train,0.325,967
10.0,1.0,669,0.383,0.7416,496.15,MB,30m,train,0.325,967
10.0,2.0,669,0.278,-2.3536,-1574.56,MB,30m,train,0.325,967
10.0,5.0,669,0.199,-6.7613,-4523.28,MB,30m,train,0.325,967
2.0,0.083,661,0.794,3.1793,2101.52,MB,30m,train,0.35,967
2.0,0.125,661,0.749,3.7965,2509.47,MB,30m,train,0.35,967
2.0,0.167,661,0.713,4.0402,2670.56,MB,30m,train,0.35,967
2.0,0.25,661,0.66,3.5193,2326.23,MB,30m,train,0.35,967
2.0,0.5,661,0.59,3.0237,1998.68,MB,30m,train,0.35,967
2.0,1.0,661,0.52,0.5965,394.3,MB,30m,train,0.35,967
2.0,2.0,661,0.47,-1.9095,-1262.18,MB,30m,train,0.35,967
2.0,5.0,661,0.372,-6.9223,-4575.64,MB,30m,train,0.35,967
3.0,0.083,661,0.793,3.1844,2104.87,MB,30m,train,0.35,967
3.0,0.125,661,0.738,3.7444,2475.07,MB,30m,train,0.35,967
3.0,0.167,661,0.694,4.0147,2653.72,MB,30m,train,0.35,967
3.0,0.25,661,0.629,3.4612,2287.87,MB,30m,train,0.35,967
3.0,0.5,661,0.531,3.1837,2104.42,MB,30m,train,0.35,967
3.0,1.0,661,0.433,0.3921,259.17,MB,30m,train,0.35,967
3.0,2.0,661,0.362,-2.4047,-1589.49,MB,30m,train,0.35,967
3.0,5.0,661,0.312,-7.6602,-5063.4,MB,30m,train,0.35,967
4.0,0.083,661,0.793,3.1839,2104.56,MB,30m,train,0.35,967
4.0,0.125,661,0.738,3.7605,2485.68,MB,30m,train,0.35,967
4.0,0.167,661,0.691,4.0571,2681.77,MB,30m,train,0.35,967
4.0,0.25,661,0.62,3.5042,2316.31,MB,30m,train,0.35,967
4.0,0.5,661,0.513,3.1963,2112.76,MB,30m,train,0.35,967
4.0,1.0,661,0.402,0.5275,348.68,MB,30m,train,0.35,967
4.0,2.0,661,0.322,-2.5074,-1657.38,MB,30m,train,0.35,967
4.0,5.0,661,0.271,-7.8456,-5185.91,MB,30m,train,0.35,967
5.0,0.083,661,0.793,3.1845,2104.97,MB,30m,train,0.35,967
5.0,0.125,661,0.738,3.77,2491.95,MB,30m,train,0.35,967
5.0,0.167,661,0.691,4.0767,2694.69,MB,30m,train,0.35,967
5.0,0.25,661,0.617,3.5164,2324.34,MB,30m,train,0.35,967
5.0,0.5,661,0.508,3.2097,2121.64,MB,30m,train,0.35,967
5.0,1.0,661,0.39,0.5794,382.97,MB,30m,train,0.35,967
5.0,2.0,661,0.306,-2.2254,-1470.97,MB,30m,train,0.35,967
5.0,5.0,661,0.245,-7.342,-4853.08,MB,30m,train,0.35,967
7.0,0.083,661,0.793,3.1843,2104.8,MB,30m,train,0.35,967
7.0,0.125,661,0.737,3.7587,2484.53,MB,30m,train,0.35,967
7.0,0.167,661,0.69,4.0687,2689.4,MB,30m,train,0.35,967
7.0,0.25,661,0.616,3.5176,2325.11,MB,30m,train,0.35,967
7.0,0.5,661,0.505,3.2538,2150.76,MB,30m,train,0.35,967
7.0,1.0,661,0.383,0.6628,438.13,MB,30m,train,0.35,967
7.0,2.0,661,0.287,-2.3083,-1525.77,MB,30m,train,0.35,967
7.0,5.0,661,0.213,-7.0215,-4641.22,MB,30m,train,0.35,967
10.0,0.083,661,0.793,3.1844,2104.87,MB,30m,train,0.35,967
10.0,0.125,661,0.737,3.7597,2485.14,MB,30m,train,0.35,967
10.0,0.167,661,0.69,4.0714,2691.18,MB,30m,train,0.35,967
10.0,0.25,661,0.614,3.4836,2302.67,MB,30m,train,0.35,967
10.0,0.5,661,0.502,3.1378,2074.11,MB,30m,train,0.35,967
10.0,1.0,661,0.378,0.5501,363.63,MB,30m,train,0.35,967
10.0,2.0,661,0.28,-2.5278,-1670.85,MB,30m,train,0.35,967
10.0,5.0,661,0.197,-7.0097,-4633.41,MB,30m,train,0.35,967
2.0,0.083,658,0.789,2.995,1970.69,MB,30m,train,0.375,967
2.0,0.125,658,0.752,3.7292,2453.83,MB,30m,train,0.375,967
2.0,0.167,658,0.717,3.9153,2576.25,MB,30m,train,0.375,967
2.0,0.25,658,0.658,3.4273,2255.18,MB,30m,train,0.375,967
2.0,0.5,658,0.591,2.9042,1910.94,MB,30m,train,0.375,967
2.0,1.0,658,0.518,0.31,203.97,MB,30m,train,0.375,967
2.0,2.0,658,0.474,-2.1539,-1417.29,MB,30m,train,0.375,967
2.0,5.0,658,0.366,-6.8304,-4494.38,MB,30m,train,0.375,967
3.0,0.083,658,0.789,3.0111,1981.32,MB,30m,train,0.375,967
3.0,0.125,658,0.745,3.788,2492.52,MB,30m,train,0.375,967
3.0,0.167,658,0.704,3.9689,2611.52,MB,30m,train,0.375,967
3.0,0.25,658,0.629,3.4068,2241.65,MB,30m,train,0.375,967
3.0,0.5,658,0.53,3.1304,2059.8,MB,30m,train,0.375,967
3.0,1.0,658,0.429,0.2247,147.88,MB,30m,train,0.375,967
3.0,2.0,658,0.371,-2.4599,-1618.61,MB,30m,train,0.375,967
3.0,5.0,658,0.321,-7.5542,-4970.65,MB,30m,train,0.375,967
4.0,0.083,658,0.789,3.0139,1983.15,MB,30m,train,0.375,967
4.0,0.125,658,0.745,3.8327,2521.95,MB,30m,train,0.375,967
4.0,0.167,658,0.699,4.0424,2659.93,MB,30m,train,0.375,967
4.0,0.25,658,0.62,3.4414,2264.45,MB,30m,train,0.375,967
4.0,0.5,658,0.511,3.2939,2167.37,MB,30m,train,0.375,967
4.0,1.0,658,0.395,0.4056,266.86,MB,30m,train,0.375,967
4.0,2.0,658,0.325,-2.5864,-1701.83,MB,30m,train,0.375,967
4.0,5.0,658,0.274,-7.749,-5098.86,MB,30m,train,0.375,967
5.0,0.083,658,0.789,3.0153,1984.09,MB,30m,train,0.375,967
5.0,0.125,658,0.745,3.8396,2526.43,MB,30m,train,0.375,967
5.0,0.167,658,0.699,4.0581,2670.26,MB,30m,train,0.375,967
5.0,0.25,658,0.616,3.4215,2251.34,MB,30m,train,0.375,967
5.0,0.5,658,0.502,3.137,2064.18,MB,30m,train,0.375,967
5.0,1.0,658,0.378,0.3242,213.31,MB,30m,train,0.375,967
5.0,2.0,658,0.304,-2.4533,-1614.27,MB,30m,train,0.375,967
5.0,5.0,658,0.242,-7.5869,-4992.18,MB,30m,train,0.375,967
7.0,0.083,658,0.789,3.0151,1983.95,MB,30m,train,0.375,967
7.0,0.125,658,0.743,3.8335,2522.42,MB,30m,train,0.375,967
7.0,0.167,658,0.698,4.0577,2669.99,MB,30m,train,0.375,967
7.0,0.25,658,0.614,3.434,2259.57,MB,30m,train,0.375,967
7.0,0.5,658,0.5,3.2001,2105.69,MB,30m,train,0.375,967
7.0,1.0,658,0.372,0.4273,281.19,MB,30m,train,0.375,967
7.0,2.0,658,0.286,-2.5255,-1661.78,MB,30m,train,0.375,967
7.0,5.0,658,0.211,-7.3224,-4818.14,MB,30m,train,0.375,967
10.0,0.083,658,0.789,3.0152,1984.01,MB,30m,train,0.375,967
10.0,0.125,658,0.743,3.8344,2523.03,MB,30m,train,0.375,967
10.0,0.167,658,0.698,4.0598,2671.38,MB,30m,train,0.375,967
10.0,0.25,658,0.612,3.394,2233.26,MB,30m,train,0.375,967
10.0,0.5,658,0.498,3.1785,2091.47,MB,30m,train,0.375,967
10.0,1.0,658,0.369,0.4172,274.54,MB,30m,train,0.375,967
10.0,2.0,658,0.28,-2.5751,-1694.43,MB,30m,train,0.375,967
10.0,5.0,658,0.198,-7.0354,-4629.31,MB,30m,train,0.375,967
2.0,0.083,657,0.795,3.159,2075.47,MB,30m,train,0.4,967
2.0,0.125,657,0.755,3.7885,2489.03,MB,30m,train,0.4,967
2.0,0.167,657,0.725,4.1325,2715.08,MB,30m,train,0.4,967
2.0,0.25,657,0.664,3.6941,2427.04,MB,30m,train,0.4,967
2.0,0.5,657,0.604,3.1053,2040.2,MB,30m,train,0.4,967
2.0,1.0,657,0.531,0.6211,408.07,MB,30m,train,0.4,967
2.0,2.0,657,0.493,-1.7062,-1120.98,MB,30m,train,0.4,967
2.0,5.0,657,0.374,-6.4945,-4266.88,MB,30m,train,0.4,967
3.0,0.083,657,0.791,3.1422,2064.44,MB,30m,train,0.4,967
3.0,0.125,657,0.743,3.8126,2504.85,MB,30m,train,0.4,967
3.0,0.167,657,0.706,4.1154,2703.79,MB,30m,train,0.4,967
3.0,0.25,657,0.632,3.5912,2359.45,MB,30m,train,0.4,967
3.0,0.5,657,0.537,3.179,2088.6,MB,30m,train,0.4,967
3.0,1.0,657,0.434,0.3436,225.78,MB,30m,train,0.4,967
3.0,2.0,657,0.379,-2.211,-1452.63,MB,30m,train,0.4,967
3.0,5.0,657,0.324,-7.4232,-4877.02,MB,30m,train,0.4,967
4.0,0.083,657,0.791,3.149,2068.9,MB,30m,train,0.4,967
4.0,0.125,657,0.743,3.8625,2537.66,MB,30m,train,0.4,967
4.0,0.167,657,0.703,4.1971,2757.51,MB,30m,train,0.4,967
4.0,0.25,657,0.623,3.6491,2397.44,MB,30m,train,0.4,967
4.0,0.5,657,0.516,3.3775,2219.01,MB,30m,train,0.4,967
4.0,1.0,657,0.394,0.4471,293.74,MB,30m,train,0.4,967
4.0,2.0,657,0.326,-2.4917,-1637.04,MB,30m,train,0.4,967
4.0,5.0,657,0.268,-7.8667,-5168.39,MB,30m,train,0.4,967
5.0,0.083,657,0.791,3.1503,2069.74,MB,30m,train,0.4,967
5.0,0.125,657,0.743,3.8684,2541.55,MB,30m,train,0.4,967
5.0,0.167,657,0.703,4.217,2770.54,MB,30m,train,0.4,967
5.0,0.25,657,0.618,3.6386,2390.53,MB,30m,train,0.4,967
5.0,0.5,657,0.507,3.2814,2155.85,MB,30m,train,0.4,967
5.0,1.0,657,0.379,0.4322,283.98,MB,30m,train,0.4,967
5.0,2.0,657,0.309,-2.3105,-1518.01,MB,30m,train,0.4,967
5.0,5.0,657,0.245,-7.5822,-4981.53,MB,30m,train,0.4,967
7.0,0.083,657,0.791,3.1501,2069.63,MB,30m,train,0.4,967
7.0,0.125,657,0.741,3.8625,2537.67,MB,30m,train,0.4,967
7.0,0.167,657,0.702,4.2159,2769.84,MB,30m,train,0.4,967
7.0,0.25,657,0.616,3.6491,2397.43,MB,30m,train,0.4,967
7.0,0.5,657,0.507,3.3835,2222.94,MB,30m,train,0.4,967
7.0,1.0,657,0.374,0.5934,389.86,MB,30m,train,0.4,967
7.0,2.0,657,0.292,-2.0522,-1348.33,MB,30m,train,0.4,967
7.0,5.0,657,0.215,-6.8879,-4525.33,MB,30m,train,0.4,967
10.0,0.083,657,0.791,3.1502,2069.69,MB,30m,train,0.4,967
10.0,0.125,657,0.741,3.8635,2538.29,MB,30m,train,0.4,967
10.0,0.167,657,0.702,4.2182,2771.34,MB,30m,train,0.4,967
10.0,0.25,657,0.615,3.6102,2371.9,MB,30m,train,0.4,967
10.0,0.5,657,0.504,3.3359,2191.66,MB,30m,train,0.4,967
10.0,1.0,657,0.37,0.5797,380.9,MB,30m,train,0.4,967
10.0,2.0,657,0.283,-2.3117,-1518.77,MB,30m,train,0.4,967
10.0,5.0,657,0.196,-6.9516,-4567.19,MB,30m,train,0.4,967
2.0,0.083,652,0.791,2.9294,1909.94,MB,30m,train,0.425,967
2.0,0.125,652,0.742,3.34,2177.65,MB,30m,train,0.425,967
2.0,0.167,652,0.716,3.5889,2339.96,MB,30m,train,0.425,967
2.0,0.25,652,0.653,3.1976,2084.86,MB,30m,train,0.425,967
2.0,0.5,652,0.59,2.4975,1628.35,MB,30m,train,0.425,967
2.0,1.0,652,0.514,0.0763,49.76,MB,30m,train,0.425,967
2.0,2.0,652,0.48,-2.2476,-1465.41,MB,30m,train,0.425,967
2.0,5.0,652,0.362,-7.071,-4610.26,MB,30m,train,0.425,967
3.0,0.083,652,0.788,2.9134,1899.51,MB,30m,train,0.425,967
3.0,0.125,652,0.732,3.4078,2221.89,MB,30m,train,0.425,967
3.0,0.167,652,0.698,3.6331,2368.79,MB,30m,train,0.425,967
3.0,0.25,652,0.624,3.3058,2155.4,MB,30m,train,0.425,967
3.0,0.5,652,0.525,2.7408,1786.99,MB,30m,train,0.425,967
3.0,1.0,652,0.419,-0.0145,-9.47,MB,30m,train,0.425,967
3.0,2.0,652,0.374,-2.6207,-1708.68,MB,30m,train,0.425,967
3.0,5.0,652,0.319,-7.6987,-5019.56,MB,30m,train,0.425,967
4.0,0.083,652,0.788,2.9281,1909.1,MB,30m,train,0.425,967
4.0,0.125,652,0.73,3.4501,2249.49,MB,30m,train,0.425,967
4.0,0.167,652,0.693,3.7291,2431.4,MB,30m,train,0.425,967
4.0,0.25,652,0.615,3.3148,2161.28,MB,30m,train,0.425,967
4.0,0.5,652,0.509,2.9851,1946.28,MB,30m,train,0.425,967
4.0,1.0,652,0.385,0.1195,77.91,MB,30m,train,0.425,967
4.0,2.0,652,0.327,-2.6897,-1753.71,MB,30m,train,0.425,967
4.0,5.0,652,0.27,-7.9313,-5171.22,MB,30m,train,0.425,967
5.0,0.083,652,0.788,2.9225,1905.5,MB,30m,train,0.425,967
5.0,0.125,652,0.73,3.4563,2253.52,MB,30m,train,0.425,967
5.0,0.167,652,0.693,3.7415,2439.47,MB,30m,train,0.425,967
5.0,0.25,652,0.607,3.2667,2129.92,MB,30m,train,0.425,967
5.0,0.5,652,0.497,2.9561,1927.36,MB,30m,train,0.425,967
5.0,1.0,652,0.365,0.0703,45.85,MB,30m,train,0.425,967
5.0,2.0,652,0.299,-2.6092,-1701.17,MB,30m,train,0.425,967
5.0,5.0,652,0.242,-7.857,-5122.79,MB,30m,train,0.425,967
7.0,0.083,652,0.788,2.9236,1906.19,MB,30m,train,0.425,967
7.0,0.125,652,0.73,3.4486,2248.49,MB,30m,train,0.425,967
7.0,0.167,652,0.692,3.7367,2436.33,MB,30m,train,0.425,967
7.0,0.25,652,0.606,3.2767,2136.39,MB,30m,train,0.425,967
7.0,0.5,652,0.497,3.0779,2006.78,MB,30m,train,0.425,967
7.0,1.0,652,0.36,0.2729,177.91,MB,30m,train,0.425,967
7.0,2.0,652,0.284,-2.3192,-1512.11,MB,30m,train,0.425,967
7.0,5.0,652,0.209,-7.039,-4589.4,MB,30m,train,0.425,967
10.0,0.083,652,0.788,2.9237,1906.25,MB,30m,train,0.425,967
10.0,0.125,652,0.73,3.4495,2249.1,MB,30m,train,0.425,967
10.0,0.167,652,0.692,3.739,2437.81,MB,30m,train,0.425,967
10.0,0.25,652,0.604,3.2378,2111.07,MB,30m,train,0.425,967
10.0,0.5,652,0.494,3.0289,1974.85,MB,30m,train,0.425,967
10.0,1.0,652,0.356,0.2642,172.28,MB,30m,train,0.425,967
10.0,2.0,652,0.276,-2.547,-1660.63,MB,30m,train,0.425,967
10.0,5.0,652,0.19,-7.0911,-4623.37,MB,30m,train,0.425,967
2.0,0.083,654,0.797,3.0292,1981.09,MB,30m,train,0.45,967
2.0,0.125,654,0.737,3.3574,2195.77,MB,30m,train,0.45,967
2.0,0.167,654,0.713,3.5263,2306.2,MB,30m,train,0.45,967
2.0,0.25,654,0.656,3.1759,2077.07,MB,30m,train,0.45,967
2.0,0.5,654,0.584,2.5769,1685.29,MB,30m,train,0.45,967
2.0,1.0,654,0.524,0.401,262.26,MB,30m,train,0.45,967
2.0,2.0,654,0.479,-1.9089,-1248.39,MB,30m,train,0.45,967
2.0,5.0,654,0.37,-6.6184,-4328.42,MB,30m,train,0.45,967
3.0,0.083,654,0.794,3.0385,1987.15,MB,30m,train,0.45,967
3.0,0.125,654,0.729,3.5683,2333.67,MB,30m,train,0.45,967
3.0,0.167,654,0.699,3.7055,2423.37,MB,30m,train,0.45,967
3.0,0.25,654,0.63,3.4555,2259.87,MB,30m,train,0.45,967
3.0,0.5,654,0.528,3.0693,2007.3,MB,30m,train,0.45,967
3.0,1.0,654,0.434,0.2984,195.16,MB,30m,train,0.45,967
3.0,2.0,654,0.382,-2.2689,-1483.83,MB,30m,train,0.45,967
3.0,5.0,654,0.329,-7.2657,-4751.76,MB,30m,train,0.45,967
4.0,0.083,654,0.794,3.052,1996.02,MB,30m,train,0.45,967
4.0,0.125,654,0.723,3.5136,2297.89,MB,30m,train,0.45,967
4.0,0.167,654,0.691,3.7124,2427.88,MB,30m,train,0.45,967
4.0,0.25,654,0.616,3.37,2203.96,MB,30m,train,0.45,967
4.0,0.5,654,0.502,3.1457,2057.27,MB,30m,train,0.45,967
4.0,1.0,654,0.39,0.3842,251.26,MB,30m,train,0.45,967
4.0,2.0,654,0.326,-2.3761,-1553.98,MB,30m,train,0.45,967
4.0,5.0,654,0.28,-7.5258,-4921.84,MB,30m,train,0.45,967
5.0,0.083,654,0.794,3.0472,1992.88,MB,30m,train,0.45,967
5.0,0.125,654,0.723,3.521,2302.73,MB,30m,train,0.45,967
5.0,0.167,654,0.691,3.7282,2438.23,MB,30m,train,0.45,967
5.0,0.25,654,0.609,3.332,2179.11,MB,30m,train,0.45,967
5.0,0.5,654,0.489,3.1013,2028.26,MB,30m,train,0.45,967
5.0,1.0,654,0.367,0.1992,130.25,MB,30m,train,0.45,967
5.0,2.0,654,0.295,-2.5661,-1678.21,MB,30m,train,0.45,967
5.0,5.0,654,0.237,-7.7594,-5074.64,MB,30m,train,0.45,967
7.0,0.083,654,0.794,3.0485,1993.72,MB,30m,train,0.45,967
7.0,0.125,654,0.723,3.5147,2298.63,MB,30m,train,0.45,967
7.0,0.167,654,0.69,3.7254,2436.4,MB,30m,train,0.45,967
7.0,0.25,654,0.607,3.3459,2188.21,MB,30m,train,0.45,967
7.0,0.5,654,0.489,3.2407,2119.39,MB,30m,train,0.45,967
7.0,1.0,654,0.362,0.3871,253.14,MB,30m,train,0.45,967
7.0,2.0,654,0.278,-2.3361,-1527.81,MB,30m,train,0.45,967
7.0,5.0,654,0.2,-7.106,-4647.35,MB,30m,train,0.45,967
10.0,0.083,654,0.794,3.0486,1993.79,MB,30m,train,0.45,967
10.0,0.125,654,0.723,3.5156,2299.23,MB,30m,train,0.45,967
10.0,0.167,654,0.69,3.7276,2437.86,MB,30m,train,0.45,967
10.0,0.25,654,0.606,3.3072,2162.9,MB,30m,train,0.45,967
10.0,0.5,654,0.486,3.19,2086.25,MB,30m,train,0.45,967
10.0,1.0,654,0.358,0.3864,252.72,MB,30m,train,0.45,967
10.0,2.0,654,0.271,-2.523,-1650.02,MB,30m,train,0.45,967
10.0,5.0,654,0.182,-6.9963,-4575.58,MB,30m,train,0.45,967
2.0,0.083,653,0.795,2.8824,1882.22,MB,30m,train,0.475,967
2.0,0.125,653,0.734,3.289,2147.73,MB,30m,train,0.475,967
2.0,0.167,653,0.717,3.5791,2337.15,MB,30m,train,0.475,967
2.0,0.25,653,0.654,2.9721,1940.76,MB,30m,train,0.475,967
2.0,0.5,653,0.571,2.2488,1468.49,MB,30m,train,0.475,967
2.0,1.0,653,0.521,0.2205,143.99,MB,30m,train,0.475,967
2.0,2.0,653,0.47,-2.056,-1342.56,MB,30m,train,0.475,967
2.0,5.0,653,0.361,-6.7114,-4382.54,MB,30m,train,0.475,967
3.0,0.083,653,0.79,2.876,1878.02,MB,30m,train,0.475,967
3.0,0.125,653,0.724,3.4089,2225.99,MB,30m,train,0.475,967
3.0,0.167,653,0.698,3.6201,2363.93,MB,30m,train,0.475,967
3.0,0.25,653,0.623,3.1189,2036.65,MB,30m,train,0.475,967
3.0,0.5,653,0.516,2.6587,1736.11,MB,30m,train,0.475,967
3.0,1.0,653,0.436,0.0239,15.61,MB,30m,train,0.475,967
3.0,2.0,653,0.386,-2.5719,-1679.45,MB,30m,train,0.475,967
3.0,5.0,653,0.328,-7.5313,-4917.91,MB,30m,train,0.475,967
4.0,0.083,653,0.79,2.897,1891.77,MB,30m,train,0.475,967
4.0,0.125,653,0.72,3.3657,2197.82,MB,30m,train,0.475,967
4.0,0.167,653,0.691,3.6421,2378.3,MB,30m,train,0.475,967
4.0,0.25,653,0.611,3.146,2054.33,MB,30m,train,0.475,967
4.0,0.5,653,0.49,2.8183,1840.37,MB,30m,train,0.475,967
4.0,1.0,653,0.389,0.1977,129.08,MB,30m,train,0.475,967
4.0,2.0,653,0.326,-2.4383,-1592.24,MB,30m,train,0.475,967
4.0,5.0,653,0.282,-7.5382,-4922.44,MB,30m,train,0.475,967
5.0,0.083,653,0.79,2.8897,1886.99,MB,30m,train,0.475,967
5.0,0.125,653,0.718,3.3663,2198.2,MB,30m,train,0.475,967
5.0,0.167,653,0.689,3.6244,2366.71,MB,30m,train,0.475,967
5.0,0.25,653,0.605,3.1467,2054.76,MB,30m,train,0.475,967
5.0,0.5,653,0.479,2.8597,1867.36,MB,30m,train,0.475,967
5.0,1.0,653,0.371,0.2297,150.01,MB,30m,train,0.475,967
5.0,2.0,653,0.3,-2.5397,-1658.43,MB,30m,train,0.475,967
5.0,5.0,653,0.245,-7.6361,-4986.4,MB,30m,train,0.475,967
7.0,0.083,653,0.79,2.8905,1887.5,MB,30m,train,0.475,967
7.0,0.125,653,0.718,3.3592,2193.53,MB,30m,train,0.475,967
7.0,0.167,653,0.688,3.6196,2363.63,MB,30m,train,0.475,967
7.0,0.25,653,0.602,3.1117,2031.94,MB,30m,train,0.475,967
7.0,0.5,653,0.476,2.8985,1892.75,MB,30m,train,0.475,967
7.0,1.0,653,0.358,0.197,128.63,MB,30m,train,0.475,967
7.0,2.0,653,0.279,-2.49,-1625.99,MB,30m,train,0.475,967
7.0,5.0,653,0.205,-7.3408,-4793.56,MB,30m,train,0.475,967
10.0,0.083,653,0.79,2.8906,1887.57,MB,30m,train,0.475,967
10.0,0.125,653,0.718,3.3614,2195.02,MB,30m,train,0.475,967
10.0,0.167,653,0.688,3.6258,2367.62,MB,30m,train,0.475,967
10.0,0.25,653,0.602,3.1285,2042.9,MB,30m,train,0.475,967
10.0,0.5,653,0.475,2.9447,1922.89,MB,30m,train,0.475,967
10.0,1.0,653,0.357,0.3847,251.18,MB,30m,train,0.475,967
10.0,2.0,653,0.271,-2.4664,-1610.58,MB,30m,train,0.475,967
10.0,5.0,653,0.184,-7.0462,-4601.2,MB,30m,train,0.475,967
2.0,0.083,652,0.798,3.0476,1987.03,MB,30m,train,0.5,967
2.0,0.125,652,0.741,3.5203,2295.21,MB,30m,train,0.5,967
2.0,0.167,652,0.71,3.3738,2199.69,MB,30m,train,0.5,967
2.0,0.25,652,0.647,2.8653,1868.18,MB,30m,train,0.5,967
2.0,0.5,652,0.575,2.0208,1317.54,MB,30m,train,0.5,967
2.0,1.0,652,0.531,0.2426,158.16,MB,30m,train,0.5,967
2.0,2.0,652,0.471,-2.1109,-1376.34,MB,30m,train,0.5,967
2.0,5.0,652,0.353,-6.7453,-4397.95,MB,30m,train,0.5,967
3.0,0.083,652,0.794,3.0526,1990.29,MB,30m,train,0.5,967
3.0,0.125,652,0.729,3.6376,2371.7,MB,30m,train,0.5,967
3.0,0.167,652,0.69,3.4239,2232.36,MB,30m,train,0.5,967
3.0,0.25,652,0.615,3.0443,1984.91,MB,30m,train,0.5,967
3.0,0.5,652,0.517,2.3925,1559.92,MB,30m,train,0.5,967
3.0,1.0,652,0.44,0.0546,35.6,MB,30m,train,0.5,967
3.0,2.0,652,0.39,-2.7337,-1782.4,MB,30m,train,0.5,967
3.0,5.0,652,0.328,-7.6421,-4982.65,MB,30m,train,0.5,967
4.0,0.083,652,0.794,3.0751,2004.96,MB,30m,train,0.5,967
4.0,0.125,652,0.724,3.6044,2350.09,MB,30m,train,0.5,967
4.0,0.167,652,0.683,3.4677,2260.97,MB,30m,train,0.5,967
4.0,0.25,652,0.601,3.0966,2019.0,MB,30m,train,0.5,967
4.0,0.5,652,0.491,2.5195,1642.72,MB,30m,train,0.5,967
4.0,1.0,652,0.388,0.076,49.58,MB,30m,train,0.5,967
4.0,2.0,652,0.325,-2.5836,-1684.49,MB,30m,train,0.5,967
4.0,5.0,652,0.281,-7.655,-4991.04,MB,30m,train,0.5,967
5.0,0.083,652,0.794,3.0705,2001.98,MB,30m,train,0.5,967
5.0,0.125,652,0.724,3.6113,2354.55,MB,30m,train,0.5,967
5.0,0.167,652,0.683,3.4824,2270.53,MB,30m,train,0.5,967
5.0,0.25,652,0.595,3.0983,2020.09,MB,30m,train,0.5,967
5.0,0.5,652,0.482,2.5763,1679.72,MB,30m,train,0.5,967
5.0,1.0,652,0.371,0.2012,131.21,MB,30m,train,0.5,967
5.0,2.0,652,0.299,-2.5894,-1688.31,MB,30m,train,0.5,967
5.0,5.0,652,0.244,-7.6332,-4976.87,MB,30m,train,0.5,967
7.0,0.083,652,0.794,3.0718,2002.79,MB,30m,train,0.5,967
7.0,0.125,652,0.724,3.6063,2351.28,MB,30m,train,0.5,967
7.0,0.167,652,0.681,3.4867,2273.35,MB,30m,train,0.5,967
7.0,0.25,652,0.592,3.1064,2025.39,MB,30m,train,0.5,967
7.0,0.5,652,0.479,2.6706,1741.24,MB,30m,train,0.5,967
7.0,1.0,652,0.36,0.3771,245.86,MB,30m,train,0.5,967
7.0,2.0,652,0.284,-2.2698,-1479.92,MB,30m,train,0.5,967
7.0,5.0,652,0.213,-7.1174,-4640.56,MB,30m,train,0.5,967
10.0,0.083,652,0.794,3.0719,2002.87,MB,30m,train,0.5,967
10.0,0.125,652,0.724,3.6078,2352.3,MB,30m,train,0.5,967
10.0,0.167,652,0.681,3.4916,2276.5,MB,30m,train,0.5,967
10.0,0.25,652,0.592,3.1218,2035.42,MB,30m,train,0.5,967
10.0,0.5,652,0.477,2.7248,1776.57,MB,30m,train,0.5,967
10.0,1.0,652,0.357,0.4556,297.04,MB,30m,train,0.5,967
10.0,2.0,652,0.273,-2.4268,-1582.29,MB,30m,train,0.5,967
10.0,5.0,652,0.183,-7.0889,-4621.97,MB,30m,train,0.5,967
2.0,0.083,645,0.792,3.0177,1946.4,MB,30m,train,0.525,967
2.0,0.125,645,0.752,4.004,2582.61,MB,30m,train,0.525,967
2.0,0.167,645,0.71,3.5298,2276.7,MB,30m,train,0.525,967
2.0,0.25,645,0.651,3.0725,1981.77,MB,30m,train,0.525,967
2.0,0.5,645,0.581,1.9448,1254.38,MB,30m,train,0.525,967
2.0,1.0,645,0.524,0.1408,90.8,MB,30m,train,0.525,967
2.0,2.0,645,0.462,-2.2608,-1458.23,MB,30m,train,0.525,967
2.0,5.0,645,0.333,-6.9207,-4463.83,MB,30m,train,0.525,967
3.0,0.083,645,0.791,3.0454,1964.26,MB,30m,train,0.525,967
3.0,0.125,645,0.738,4.1636,2685.5,MB,30m,train,0.525,967
3.0,0.167,645,0.688,3.6395,2347.46,MB,30m,train,0.525,967
3.0,0.25,645,0.617,3.2572,2100.88,MB,30m,train,0.525,967
3.0,0.5,645,0.521,2.2417,1445.89,MB,30m,train,0.525,967
3.0,1.0,645,0.437,-0.0385,-24.82,MB,30m,train,0.525,967
3.0,2.0,645,0.391,-2.6925,-1736.69,MB,30m,train,0.525,967
3.0,5.0,645,0.322,-7.5854,-4892.57,MB,30m,train,0.525,967
4.0,0.083,645,0.789,3.0459,1964.63,MB,30m,train,0.525,967
4.0,0.125,645,0.732,4.1108,2651.5,MB,30m,train,0.525,967
4.0,0.167,645,0.679,3.6669,2365.18,MB,30m,train,0.525,967
4.0,0.25,645,0.603,3.3369,2152.28,MB,30m,train,0.525,967
4.0,0.5,645,0.491,2.3782,1533.94,MB,30m,train,0.525,967
4.0,1.0,645,0.386,-0.0169,-10.87,MB,30m,train,0.525,967
4.0,2.0,645,0.321,-2.737,-1765.34,MB,30m,train,0.525,967
4.0,5.0,645,0.281,-7.7856,-5021.71,MB,30m,train,0.525,967
5.0,0.083,645,0.789,3.0418,1961.93,MB,30m,train,0.525,967
5.0,0.125,645,0.732,4.1302,2664.01,MB,30m,train,0.525,967
5.0,0.167,645,0.679,3.707,2391.05,MB,30m,train,0.525,967
5.0,0.25,645,0.597,3.3952,2189.93,MB,30m,train,0.525,967
5.0,0.5,645,0.482,2.5436,1640.64,MB,30m,train,0.525,967
5.0,1.0,645,0.367,0.2526,162.92,MB,30m,train,0.525,967
5.0,2.0,645,0.293,-2.6578,-1714.27,MB,30m,train,0.525,967
5.0,5.0,645,0.239,-7.8271,-5048.49,MB,30m,train,0.525,967
7.0,0.083,645,0.789,3.0429,1962.69,MB,30m,train,0.525,967
7.0,0.125,645,0.732,4.1403,2670.51,MB,30m,train,0.525,967
7.0,0.167,645,0.679,3.7309,2406.41,MB,30m,train,0.525,967
7.0,0.25,645,0.594,3.3952,2189.88,MB,30m,train,0.525,967
7.0,0.5,645,0.479,2.6289,1695.64,MB,30m,train,0.525,967
7.0,1.0,645,0.358,0.4764,307.25,MB,30m,train,0.525,967
7.0,2.0,645,0.284,-2.0619,-1329.91,MB,30m,train,0.525,967
7.0,5.0,645,0.217,-6.8841,-4440.26,MB,30m,train,0.525,967
10.0,0.083,645,0.789,3.0431,1962.79,MB,30m,train,0.525,967
10.0,0.125,645,0.732,4.1275,2662.25,MB,30m,train,0.525,967
10.0,0.167,645,0.678,3.7179,2398.06,MB,30m,train,0.525,967
10.0,0.25,645,0.592,3.3921,2187.89,MB,30m,train,0.525,967
10.0,0.5,645,0.476,2.655,1712.46,MB,30m,train,0.525,967
10.0,1.0,645,0.352,0.533,343.81,MB,30m,train,0.525,967
10.0,2.0,645,0.268,-2.3838,-1537.55,MB,30m,train,0.525,967
10.0,5.0,645,0.178,-7.1726,-4626.34,MB,30m,train,0.525,967
2.0,0.083,642,0.776,2.8029,1799.45,MB,30m,train,0.55,967
2.0,0.125,642,0.737,3.5814,2299.29,MB,30m,train,0.55,967
2.0,0.167,642,0.696,3.3414,2145.2,MB,30m,train,0.55,967
2.0,0.25,642,0.639,2.8937,1857.73,MB,30m,train,0.55,967
2.0,0.5,642,0.573,1.6229,1041.87,MB,30m,train,0.55,967
2.0,1.0,642,0.512,-0.1323,-84.96,MB,30m,train,0.55,967
2.0,2.0,642,0.453,-2.4524,-1574.43,MB,30m,train,0.55,967
2.0,5.0,642,0.321,-7.1055,-4561.72,MB,30m,train,0.55,967
3.0,0.083,642,0.773,2.7677,1776.84,MB,30m,train,0.55,967
3.0,0.125,642,0.723,3.6835,2364.84,MB,30m,train,0.55,967
3.0,0.167,642,0.676,3.5139,2255.95,MB,30m,train,0.55,967
3.0,0.25,642,0.606,3.1456,2019.48,MB,30m,train,0.55,967
3.0,0.5,642,0.522,2.1962,1409.94,MB,30m,train,0.55,967
3.0,1.0,642,0.445,-0.1296,-83.23,MB,30m,train,0.55,967
3.0,2.0,642,0.396,-2.725,-1749.43,MB,30m,train,0.55,967
3.0,5.0,642,0.321,-7.5888,-4871.99,MB,30m,train,0.55,967
4.0,0.083,642,0.769,2.7305,1753.01,MB,30m,train,0.55,967
4.0,0.125,642,0.715,3.6102,2317.72,MB,30m,train,0.55,967
4.0,0.167,642,0.664,3.4479,2213.53,MB,30m,train,0.55,967
4.0,0.25,642,0.584,3.0417,1952.78,MB,30m,train,0.55,967
4.0,0.5,642,0.481,2.0901,1341.82,MB,30m,train,0.55,967
4.0,1.0,642,0.385,-0.1779,-114.21,MB,30m,train,0.55,967
4.0,2.0,642,0.324,-2.8674,-1840.88,MB,30m,train,0.55,967
4.0,5.0,642,0.287,-7.7885,-5000.22,MB,30m,train,0.55,967
5.0,0.083,642,0.769,2.7234,1748.45,MB,30m,train,0.55,967
5.0,0.125,642,0.715,3.6246,2327.02,MB,30m,train,0.55,967
5.0,0.167,642,0.662,3.4803,2234.37,MB,30m,train,0.55,967
5.0,0.25,642,0.581,3.1229,2004.88,MB,30m,train,0.55,967
5.0,0.5,642,0.47,2.2536,1446.78,MB,30m,train,0.55,967
5.0,1.0,642,0.363,0.0969,62.18,MB,30m,train,0.55,967
5.0,2.0,642,0.296,-2.6853,-1723.94,MB,30m,train,0.55,967
5.0,5.0,642,0.246,-7.7113,-4950.68,MB,30m,train,0.55,967
7.0,0.083,642,0.769,2.7251,1749.5,MB,30m,train,0.55,967
7.0,0.125,642,0.715,3.6363,2334.49,MB,30m,train,0.55,967
7.0,0.167,642,0.662,3.5077,2251.94,MB,30m,train,0.55,967
7.0,0.25,642,0.576,3.111,1997.26,MB,30m,train,0.55,967
7.0,0.5,642,0.466,2.2934,1472.37,MB,30m,train,0.55,967
7.0,1.0,642,0.35,0.1424,91.42,MB,30m,train,0.55,967
7.0,2.0,642,0.276,-2.4143,-1549.98,MB,30m,train,0.55,967
7.0,5.0,642,0.215,-7.2483,-4653.39,MB,30m,train,0.55,967
10.0,0.083,642,0.769,2.7252,1749.6,MB,30m,train,0.55,967
10.0,0.125,642,0.715,3.624,2326.62,MB,30m,train,0.55,967
10.0,0.167,642,0.66,3.4951,2243.86,MB,30m,train,0.55,967
10.0,0.25,642,0.575,3.1068,1994.59,MB,30m,train,0.55,967
10.0,0.5,642,0.463,2.3283,1494.8,MB,30m,train,0.55,967
10.0,1.0,642,0.344,0.2501,160.55,MB,30m,train,0.55,967
10.0,2.0,642,0.262,-2.5529,-1638.98,MB,30m,train,0.55,967
10.0,5.0,642,0.184,-7.2453,-4651.49,MB,30m,train,0.55,967
2.0,0.083,633,0.758,2.5112,1589.59,MB,30m,train,0.575,967
2.0,0.125,633,0.717,3.1785,2011.96,MB,30m,train,0.575,967
2.0,0.167,633,0.673,2.9349,1857.76,MB,30m,train,0.575,967
2.0,0.25,633,0.622,2.4433,1546.62,MB,30m,train,0.575,967
2.0,0.5,633,0.555,1.1807,747.37,MB,30m,train,0.575,967
2.0,1.0,633,0.494,-0.5636,-356.78,MB,30m,train,0.575,967
2.0,2.0,633,0.449,-2.7285,-1727.13,MB,30m,train,0.575,967
2.0,5.0,633,0.306,-7.3697,-4665.03,MB,30m,train,0.575,967
3.0,0.083,633,0.76,2.5153,1592.2,MB,30m,train,0.575,967
3.0,0.125,633,0.706,3.3131,2097.19,MB,30m,train,0.575,967
3.0,0.167,633,0.654,3.1198,1974.85,MB,30m,train,0.575,967
3.0,0.25,633,0.588,2.6541,1680.05,MB,30m,train,0.575,967
3.0,0.5,633,0.506,1.6458,1041.79,MB,30m,train,0.575,967
3.0,1.0,633,0.436,-0.4154,-262.93,MB,30m,train,0.575,967
3.0,2.0,633,0.393,-2.8985,-1834.78,MB,30m,train,0.575,967
3.0,5.0,633,0.319,-7.7436,-4901.7,MB,30m,train,0.575,967
4.0,0.083,633,0.755,2.4442,1547.19,MB,30m,train,0.575,967
4.0,0.125,633,0.698,3.2994,2088.52,MB,30m,train,0.575,967
4.0,0.167,633,0.641,3.1002,1962.45,MB,30m,train,0.575,967
4.0,0.25,633,0.569,2.6473,1675.75,MB,30m,train,0.575,967
4.0,0.5,633,0.469,1.6772,1061.64,MB,30m,train,0.575,967
4.0,1.0,633,0.378,-0.4159,-263.29,MB,30m,train,0.575,967
4.0,2.0,633,0.324,-3.0488,-1929.9,MB,30m,train,0.575,967
4.0,5.0,633,0.276,-7.9797,-5051.13,MB,30m,train,0.575,967
5.0,0.083,633,0.755,2.4482,1549.69,MB,30m,train,0.575,967
5.0,0.125,633,0.697,3.2148,2034.96,MB,30m,train,0.575,967
5.0,0.167,633,0.638,3.0287,1917.16,MB,30m,train,0.575,967
5.0,0.25,633,0.561,2.6019,1647.0,MB,30m,train,0.575,967
5.0,0.5,633,0.452,1.6423,1039.6,MB,30m,train,0.575,967
5.0,1.0,633,0.346,-0.3242,-205.21,MB,30m,train,0.575,967
5.0,2.0,633,0.283,-2.9716,-1881.04,MB,30m,train,0.575,967
5.0,5.0,633,0.237,-8.003,-5065.88,MB,30m,train,0.575,967
7.0,0.083,633,0.755,2.4472,1549.05,MB,30m,train,0.575,967
7.0,0.125,633,0.697,3.2348,2047.6,MB,30m,train,0.575,967
7.0,0.167,633,0.637,3.0417,1925.38,MB,30m,train,0.575,967
7.0,0.25,633,0.556,2.6021,1647.13,MB,30m,train,0.575,967
7.0,0.5,633,0.445,1.6289,1031.1,MB,30m,train,0.575,967
7.0,1.0,633,0.33,-0.3829,-242.37,MB,30m,train,0.575,967
7.0,2.0,633,0.259,-2.9102,-1842.15,MB,30m,train,0.575,967
7.0,5.0,633,0.202,-7.8133,-4945.81,MB,30m,train,0.575,967
10.0,0.083,633,0.755,2.4336,1540.46,MB,30m,train,0.575,967
10.0,0.125,633,0.695,3.2187,2037.45,MB,30m,train,0.575,967
10.0,0.167,633,0.635,3.0269,1916.05,MB,30m,train,0.575,967
10.0,0.25,633,0.555,2.5949,1642.56,MB,30m,train,0.575,967
10.0,0.5,633,0.444,1.671,1057.76,MB,30m,train,0.575,967
10.0,1.0,633,0.325,-0.2543,-160.97,MB,30m,train,0.575,967
10.0,2.0,633,0.246,-3.0454,-1927.73,MB,30m,train,0.575,967
10.0,5.0,633,0.172,-7.7542,-4908.38,MB,30m,train,0.575,967
2.0,0.083,627,0.77,2.4761,1552.49,MB,30m,train,0.6,967
2.0,0.125,627,0.708,3.0484,1911.32,MB,30m,train,0.6,967
2.0,0.167,627,0.668,2.8777,1804.34,MB,30m,train,0.6,967
2.0,0.25,627,0.616,2.2993,1441.68,MB,30m,train,0.6,967
2.0,0.5,627,0.545,0.9495,595.34,MB,30m,train,0.6,967
2.0,1.0,627,0.49,-0.7102,-445.29,MB,30m,train,0.6,967
2.0,2.0,627,0.447,-2.8922,-1813.42,MB,30m,train,0.6,967
2.0,5.0,627,0.282,-7.3966,-4637.69,MB,30m,train,0.6,967
3.0,0.083,627,0.767,2.4197,1517.14,MB,30m,train,0.6,967
3.0,0.125,627,0.695,3.0932,1939.46,MB,30m,train,0.6,967
3.0,0.167,627,0.648,2.9227,1832.56,MB,30m,train,0.6,967
3.0,0.25,627,0.574,2.3447,1470.14,MB,30m,train,0.6,967
3.0,0.5,627,0.491,1.2705,796.61,MB,30m,train,0.6,967
3.0,1.0,627,0.437,-0.5489,-344.17,MB,30m,train,0.6,967
3.0,2.0,627,0.399,-2.928,-1835.84,MB,30m,train,0.6,967
3.0,5.0,627,0.311,-7.6988,-4827.12,MB,30m,train,0.6,967
4.0,0.083,627,0.761,2.3286,1460.01,MB,30m,train,0.6,967
4.0,0.125,627,0.687,3.0948,1940.42,MB,30m,train,0.6,967
4.0,0.167,627,0.635,2.9467,1847.59,MB,30m,train,0.6,967
4.0,0.25,627,0.553,2.4217,1518.44,MB,30m,train,0.6,967
4.0,0.5,627,0.459,1.3685,858.06,MB,30m,train,0.6,967
4.0,1.0,627,0.373,-0.6676,-418.57,MB,30m,train,0.6,967
4.0,2.0,627,0.321,-3.304,-2071.64,MB,30m,train,0.6,967
4.0,5.0,627,0.273,-8.2012,-5142.13,MB,30m,train,0.6,967
5.0,0.083,627,0.761,2.3388,1466.42,MB,30m,train,0.6,967
5.0,0.125,627,0.683,3.0043,1883.68,MB,30m,train,0.6,967
5.0,0.167,627,0.628,2.8775,1804.2,MB,30m,train,0.6,967
5.0,0.25,627,0.542,2.3428,1468.95,MB,30m,train,0.6,967
5.0,0.5,627,0.439,1.2768,800.53,MB,30m,train,0.6,967
5.0,1.0,627,0.341,-0.6235,-390.9,MB,30m,train,0.6,967
5.0,2.0,627,0.276,-3.2618,-2045.16,MB,30m,train,0.6,967
5.0,5.0,627,0.233,-8.2649,-5182.11,MB,30m,train,0.6,967
7.0,0.083,627,0.761,2.3333,1462.96,MB,30m,train,0.6,967
7.0,0.125,627,0.683,3.012,1888.55,MB,30m,train,0.6,967
7.0,0.167,627,0.627,2.8761,1803.34,MB,30m,train,0.6,967
7.0,0.25,627,0.536,2.3316,1461.9,MB,30m,train,0.6,967
7.0,0.5,627,0.432,1.3003,815.3,MB,30m,train,0.6,967
7.0,1.0,627,0.322,-0.6378,-399.93,MB,30m,train,0.6,967
7.0,2.0,627,0.25,-3.2269,-2023.28,MB,30m,train,0.6,967
7.0,5.0,627,0.193,-8.2429,-5168.3,MB,30m,train,0.6,967
10.0,0.083,627,0.761,2.3337,1463.22,MB,30m,train,0.6,967
10.0,0.125,627,0.683,3.0146,1890.15,MB,30m,train,0.6,967
10.0,0.167,627,0.627,2.8826,1807.37,MB,30m,train,0.6,967
10.0,0.25,627,0.536,2.349,1472.81,MB,30m,train,0.6,967
10.0,0.5,627,0.432,1.3849,868.34,MB,30m,train,0.6,967
10.0,1.0,627,0.321,-0.4735,-296.88,MB,30m,train,0.6,967
10.0,2.0,627,0.241,-3.0512,-1913.12,MB,30m,train,0.6,967
10.0,5.0,627,0.166,-7.796,-4888.08,MB,30m,train,0.6,967
2.0,0.083,612,0.778,2.7534,1685.05,MB,30m,train,0.625,967
2.0,0.125,612,0.709,3.2753,2004.48,MB,30m,train,0.625,967
2.0,0.167,612,0.665,3.0246,1851.05,MB,30m,train,0.625,967
2.0,0.25,612,0.618,2.354,1440.67,MB,30m,train,0.625,967
2.0,0.5,612,0.539,0.9702,593.74,MB,30m,train,0.625,967
2.0,1.0,612,0.49,-0.683,-417.98,MB,30m,train,0.625,967
2.0,2.0,612,0.433,-2.8529,-1746.0,MB,30m,train,0.625,967
2.0,5.0,612,0.275,-7.3917,-4523.73,MB,30m,train,0.625,967
3.0,0.083,612,0.773,2.7078,1657.2,MB,30m,train,0.625,967
3.0,0.125,612,0.696,3.3868,2072.71,MB,30m,train,0.625,967
3.0,0.167,612,0.644,3.133,1917.42,MB,30m,train,0.625,967
3.0,0.25,612,0.57,2.5049,1532.98,MB,30m,train,0.625,967
3.0,0.5,612,0.49,1.3518,827.29,MB,30m,train,0.625,967
3.0,1.0,612,0.44,-0.3918,-239.78,MB,30m,train,0.625,967
3.0,2.0,612,0.4,-2.7281,-1669.61,MB,30m,train,0.625,967
3.0,5.0,612,0.314,-7.4591,-4564.94,MB,30m,train,0.625,967
4.0,0.083,612,0.766,2.6305,1609.86,MB,30m,train,0.625,967
4.0,0.125,612,0.686,3.3373,2042.43,MB,30m,train,0.625,967
4.0,0.167,612,0.631,3.1025,1898.73,MB,30m,train,0.625,967
4.0,0.25,612,0.549,2.5738,1575.15,MB,30m,train,0.625,967
4.0,0.5,612,0.454,1.3288,813.2,MB,30m,train,0.625,967
4.0,1.0,612,0.377,-0.6967,-426.39,MB,30m,train,0.625,967
4.0,2.0,612,0.327,-3.3162,-2029.54,MB,30m,train,0.625,967
4.0,5.0,612,0.268,-8.2957,-5076.95,MB,30m,train,0.625,967
5.0,0.083,612,0.766,2.6504,1622.05,MB,30m,train,0.625,967
5.0,0.125,612,0.681,3.2761,2004.94,MB,30m,train,0.625,967
5.0,0.167,612,0.624,3.0639,1875.08,MB,30m,train,0.625,967
5.0,0.25,612,0.538,2.5075,1534.57,MB,30m,train,0.625,967
5.0,0.5,612,0.431,1.2719,778.42,MB,30m,train,0.625,967
5.0,1.0,612,0.343,-0.7589,-464.43,MB,30m,train,0.625,967
5.0,2.0,612,0.279,-3.3722,-2063.76,MB,30m,train,0.625,967
5.0,5.0,612,0.235,-8.3803,-5128.72,MB,30m,train,0.625,967
7.0,0.083,612,0.766,2.6463,1619.54,MB,30m,train,0.625,967
7.0,0.125,612,0.681,3.2883,2012.42,MB,30m,train,0.625,967
7.0,0.167,612,0.623,3.0755,1882.19,MB,30m,train,0.625,967
7.0,0.25,612,0.531,2.5061,1533.73,MB,30m,train,0.625,967
7.0,0.5,612,0.423,1.3266,811.9,MB,30m,train,0.625,967
7.0,1.0,612,0.324,-0.6068,-371.38,MB,30m,train,0.625,967
7.0,2.0,612,0.25,-3.1351,-1918.68,MB,30m,train,0.625,967
7.0,5.0,612,0.191,-8.1225,-4970.95,MB,30m,train,0.625,967
10.0,0.083,612,0.766,2.6468,1619.82,MB,30m,train,0.625,967
10.0,0.125,612,0.681,3.2913,2014.29,MB,30m,train,0.625,967
10.0,0.167,612,0.623,3.0833,1887.0,MB,30m,train,0.625,967
10.0,0.25,612,0.531,2.5281,1547.21,MB,30m,train,0.625,967
10.0,0.5,612,0.423,1.4557,890.9,MB,30m,train,0.625,967
10.0,1.0,612,0.32,-0.4612,-282.22,MB,30m,train,0.625,967
10.0,2.0,612,0.24,-2.9501,-1805.44,MB,30m,train,0.625,967
10.0,5.0,612,0.163,-7.6351,-4672.66,MB,30m,train,0.625,967
2.0,0.083,611,0.769,2.5322,1547.15,MB,30m,train,0.65,967
2.0,0.125,611,0.692,2.9775,1819.23,MB,30m,train,0.65,967
2.0,0.167,611,0.663,2.7773,1696.91,MB,30m,train,0.65,967
2.0,0.25,611,0.615,2.0693,1264.33,MB,30m,train,0.65,967
2.0,0.5,611,0.54,0.5866,358.44,MB,30m,train,0.65,967
2.0,1.0,611,0.491,-0.9939,-607.3,MB,30m,train,0.65,967
2.0,2.0,611,0.421,-3.1404,-1918.76,MB,30m,train,0.65,967
2.0,5.0,611,0.244,-7.6474,-4672.56,MB,30m,train,0.65,967
3.0,0.083,611,0.766,2.6416,1614.01,MB,30m,train,0.65,967
3.0,0.125,611,0.681,3.3346,2037.45,MB,30m,train,0.65,967
3.0,0.167,611,0.64,3.0848,1884.83,MB,30m,train,0.65,967
3.0,0.25,611,0.573,2.4783,1514.23,MB,30m,train,0.65,967
3.0,0.5,611,0.484,1.1379,695.27,MB,30m,train,0.65,967
3.0,1.0,611,0.444,-0.4722,-288.51,MB,30m,train,0.65,967
3.0,2.0,611,0.394,-2.8394,-1734.88,MB,30m,train,0.65,967
3.0,5.0,611,0.306,-7.5718,-4626.37,MB,30m,train,0.65,967
4.0,0.083,611,0.761,2.6166,1598.75,MB,30m,train,0.65,967
4.0,0.125,611,0.673,3.406,2081.04,MB,30m,train,0.65,967
4.0,0.167,611,0.627,3.1326,1914.01,MB,30m,train,0.65,967
4.0,0.25,611,0.552,2.5926,1584.08,MB,30m,train,0.65,967
4.0,0.5,611,0.447,1.225,748.46,MB,30m,train,0.65,967
4.0,1.0,611,0.383,-0.8224,-502.46,MB,30m,train,0.65,967
4.0,2.0,611,0.324,-3.3639,-2055.34,MB,30m,train,0.65,967
4.0,5.0,611,0.265,-8.2788,-5058.36,MB,30m,train,0.65,967
5.0,0.083,611,0.759,2.6072,1593.02,MB,30m,train,0.65,967
5.0,0.125,611,0.666,3.3204,2028.78,MB,30m,train,0.65,967
5.0,0.167,611,0.62,3.1058,1897.63,MB,30m,train,0.65,967
5.0,0.25,611,0.54,2.5542,1560.64,MB,30m,train,0.65,967
5.0,0.5,611,0.426,1.1597,708.59,MB,30m,train,0.65,967
5.0,1.0,611,0.345,-0.8288,-506.37,MB,30m,train,0.65,967
5.0,2.0,611,0.277,-3.4164,-2087.39,MB,30m,train,0.65,967
5.0,5.0,611,0.239,-8.3824,-5121.65,MB,30m,train,0.65,967
7.0,0.083,611,0.759,2.6052,1591.77,MB,30m,train,0.65,967
7.0,0.125,611,0.666,3.3374,2039.12,MB,30m,train,0.65,967
7.0,0.167,611,0.617,3.0758,1879.31,MB,30m,train,0.65,967
7.0,0.25,611,0.534,2.553,1559.86,MB,30m,train,0.65,967
7.0,0.5,611,0.416,1.2405,757.94,MB,30m,train,0.65,967
7.0,1.0,611,0.324,-0.6449,-394.06,MB,30m,train,0.65,967
7.0,2.0,611,0.244,-3.2711,-1998.66,MB,30m,train,0.65,967
7.0,5.0,611,0.19,-8.2648,-5049.81,MB,30m,train,0.65,967
10.0,0.083,611,0.759,2.6058,1592.14,MB,30m,train,0.65,967
10.0,0.125,611,0.666,3.3415,2041.67,MB,30m,train,0.65,967
10.0,0.167,611,0.617,3.0866,1885.89,MB,30m,train,0.65,967
10.0,0.25,611,0.532,2.5512,1558.81,MB,30m,train,0.65,967
10.0,0.5,611,0.414,1.3443,821.34,MB,30m,train,0.65,967
10.0,1.0,611,0.318,-0.5572,-340.47,MB,30m,train,0.65,967
10.0,2.0,611,0.229,-3.2014,-1956.07,MB,30m,train,0.65,967
10.0,5.0,611,0.157,-7.9061,-4830.62,MB,30m,train,0.65,967
2.0,0.083,606,0.754,2.489,1508.34,MB,30m,train,0.675,967
2.0,0.125,606,0.69,2.7002,1636.3,MB,30m,train,0.675,967
2.0,0.167,606,0.663,2.5744,1560.08,MB,30m,train,0.675,967
2.0,0.25,606,0.616,1.8544,1123.75,MB,30m,train,0.675,967
2.0,0.5,606,0.535,0.4549,275.68,MB,30m,train,0.675,967
2.0,1.0,606,0.477,-1.1543,-699.49,MB,30m,train,0.675,967
2.0,2.0,606,0.411,-3.2403,-1963.65,MB,30m,train,0.675,967
2.0,5.0,606,0.231,-7.6806,-4654.44,MB,30m,train,0.675,967
3.0,0.083,606,0.749,2.6573,1610.31,MB,30m,train,0.675,967
3.0,0.125,606,0.673,3.1893,1932.71,MB,30m,train,0.675,967
3.0,0.167,606,0.639,3.0407,1842.67,MB,30m,train,0.675,967
3.0,0.25,606,0.576,2.3921,1449.6,MB,30m,train,0.675,967
3.0,0.5,606,0.479,0.9738,590.09,MB,30m,train,0.675,967
3.0,1.0,606,0.429,-0.6813,-412.9,MB,30m,train,0.675,967
3.0,2.0,606,0.386,-3.0006,-1818.36,MB,30m,train,0.675,967
3.0,5.0,606,0.287,-7.7063,-4670.01,MB,30m,train,0.675,967
4.0,0.083,606,0.744,2.6431,1601.7,MB,30m,train,0.675,967
4.0,0.125,606,0.665,3.2821,1988.94,MB,30m,train,0.675,967
4.0,0.167,606,0.625,3.1344,1899.47,MB,30m,train,0.675,967
4.0,0.25,606,0.558,2.5933,1571.56,MB,30m,train,0.675,967
4.0,0.5,606,0.444,1.3443,814.63,MB,30m,train,0.675,967
4.0,1.0,606,0.381,-0.6675,-404.52,MB,30m,train,0.675,967
4.0,2.0,606,0.332,-3.2459,-1967.0,MB,30m,train,0.675,967
4.0,5.0,606,0.267,-8.1201,-4920.78,MB,30m,train,0.675,967
5.0,0.083,606,0.743,2.6373,1598.23,MB,30m,train,0.675,967
5.0,0.125,606,0.66,3.309,2005.23,MB,30m,train,0.675,967
5.0,0.167,606,0.62,3.214,1947.67,MB,30m,train,0.675,967
5.0,0.25,606,0.55,2.6602,1612.08,MB,30m,train,0.675,967
5.0,0.5,606,0.427,1.3613,824.96,MB,30m,train,0.675,967
5.0,1.0,606,0.345,-0.6459,-391.43,MB,30m,train,0.675,967
5.0,2.0,606,0.287,-3.2746,-1984.42,MB,30m,train,0.675,967
5.0,5.0,606,0.243,-8.2405,-4993.72,MB,30m,train,0.675,967
7.0,0.083,606,0.743,2.6379,1598.54,MB,30m,train,0.675,967
7.0,0.125,606,0.658,3.2245,1954.05,MB,30m,train,0.675,967
7.0,0.167,606,0.616,3.0925,1874.08,MB,30m,train,0.675,967
7.0,0.25,606,0.541,2.5826,1565.03,MB,30m,train,0.675,967
7.0,0.5,606,0.413,1.2921,783.01,MB,30m,train,0.675,967
7.0,1.0,606,0.318,-0.5868,-355.61,MB,30m,train,0.675,967
7.0,2.0,606,0.246,-3.3454,-2027.28,MB,30m,train,0.675,967
7.0,5.0,606,0.186,-8.4375,-5113.15,MB,30m,train,0.675,967
10.0,0.083,606,0.743,2.6387,1599.05,MB,30m,train,0.675,967
10.0,0.125,606,0.658,3.2281,1956.26,MB,30m,train,0.675,967
10.0,0.167,606,0.616,3.1014,1879.42,MB,30m,train,0.675,967
10.0,0.25,606,0.54,2.5771,1561.72,MB,30m,train,0.675,967
10.0,0.5,606,0.411,1.4029,850.14,MB,30m,train,0.675,967
10.0,1.0,606,0.312,-0.4713,-285.61,MB,30m,train,0.675,967
10.0,2.0,606,0.233,-3.0339,-1838.53,MB,30m,train,0.675,967
10.0,5.0,606,0.163,-7.7766,-4712.62,MB,30m,train,0.675,967
2.0,0.083,597,0.76,2.6752,1597.08,MB,30m,train,0.7,967
2.0,0.125,597,0.692,2.6633,1589.98,MB,30m,train,0.7,967
2.0,0.167,597,0.66,2.4455,1459.96,MB,30m,train,0.7,967
2.0,0.25,597,0.626,1.8887,1127.56,MB,30m,train,0.7,967
2.0,0.5,597,0.538,0.554,330.74,MB,30m,train,0.7,967
2.0,1.0,597,0.476,-1.0958,-654.21,MB,30m,train,0.7,967
2.0,2.0,597,0.399,-3.2283,-1927.29,MB,30m,train,0.7,967
2.0,5.0,597,0.209,-7.7024,-4598.32,MB,30m,train,0.7,967
3.0,0.083,597,0.752,2.8328,1691.16,MB,30m,train,0.7,967
3.0,0.125,597,0.677,3.1713,1893.27,MB,30m,train,0.7,967
3.0,0.167,597,0.633,2.9781,1777.94,MB,30m,train,0.7,967
3.0,0.25,597,0.586,2.5885,1545.34,MB,30m,train,0.7,967
3.0,0.5,597,0.487,1.0769,642.91,MB,30m,train,0.7,967
3.0,1.0,597,0.437,-0.6621,-395.28,MB,30m,train,0.7,967
3.0,2.0,597,0.389,-2.8791,-1718.82,MB,30m,train,0.7,967
3.0,5.0,597,0.283,-7.4344,-4438.34,MB,30m,train,0.7,967
4.0,0.083,597,0.75,2.8924,1726.73,MB,30m,train,0.7,967
4.0,0.125,597,0.67,3.3129,1977.82,MB,30m,train,0.7,967
4.0,0.167,597,0.621,3.1268,1866.68,MB,30m,train,0.7,967
4.0,0.25,597,0.564,2.7664,1651.55,MB,30m,train,0.7,967
4.0,0.5,597,0.451,1.4308,854.16,MB,30m,train,0.7,967
4.0,1.0,597,0.385,-0.5535,-330.42,MB,30m,train,0.7,967
4.0,2.0,597,0.337,-2.9892,-1784.56,MB,30m,train,0.7,967
4.0,5.0,597,0.276,-7.7657,-4636.13,MB,30m,train,0.7,967
5.0,0.083,597,0.747,2.859,1706.84,MB,30m,train,0.7,967
5.0,0.125,597,0.667,3.3321,1989.27,MB,30m,train,0.7,967
5.0,0.167,597,0.616,3.2004,1910.62,MB,30m,train,0.7,967
5.0,0.25,597,0.556,2.9276,1747.77,MB,30m,train,0.7,967
5.0,0.5,597,0.437,1.6311,973.77,MB,30m,train,0.7,967
5.0,1.0,597,0.358,-0.4306,-257.08,MB,30m,train,0.7,967
5.0,2.0,597,0.298,-3.1414,-1875.4,MB,30m,train,0.7,967
5.0,5.0,597,0.251,-8.1331,-4855.46,MB,30m,train,0.7,967
7.0,0.083,597,0.747,2.8608,1707.88,MB,30m,train,0.7,967
7.0,0.125,597,0.662,3.2253,1925.53,MB,30m,train,0.7,967
7.0,0.167,597,0.61,3.1428,1876.23,MB,30m,train,0.7,967
7.0,0.25,597,0.546,2.8692,1712.89,MB,30m,train,0.7,967
7.0,0.5,597,0.424,1.741,1039.4,MB,30m,train,0.7,967
7.0,1.0,597,0.328,-0.1319,-78.74,MB,30m,train,0.7,967
7.0,2.0,597,0.258,-2.8647,-1710.22,MB,30m,train,0.7,967
7.0,5.0,597,0.201,-7.9963,-4773.8,MB,30m,train,0.7,967
10.0,0.083,597,0.747,2.8618,1708.52,MB,30m,train,0.7,967
10.0,0.125,597,0.662,3.2306,1928.67,MB,30m,train,0.7,967
10.0,0.167,597,0.608,3.132,1869.78,MB,30m,train,0.7,967
10.0,0.25,597,0.543,2.8435,1697.6,MB,30m,train,0.7,967
10.0,0.5,597,0.42,1.8222,1087.83,MB,30m,train,0.7,967
10.0,1.0,597,0.318,-0.1423,-84.95,MB,30m,train,0.7,967
10.0,2.0,597,0.238,-2.75,-1641.74,MB,30m,train,0.7,967
10.0,5.0,597,0.169,-7.6666,-4576.99,MB,30m,train,0.7,967
2.0,0.083,290,0.714,1.8059,523.7,MB,30m,validation,0.3,340
2.0,0.125,290,0.679,2.1637,627.46,MB,30m,validation,0.3,340
2.0,0.167,290,0.659,2.2489,652.18,MB,30m,validation,0.3,340
2.0,0.25,290,0.603,1.4587,423.01,MB,30m,validation,0.3,340
2.0,0.5,290,0.51,0.3771,109.37,MB,30m,validation,0.3,340
2.0,1.0,290,0.486,-2.22,-643.81,MB,30m,validation,0.3,340
2.0,2.0,290,0.469,-4.3863,-1272.03,MB,30m,validation,0.3,340
2.0,5.0,290,0.414,-9.7822,-2836.83,MB,30m,validation,0.3,340
3.0,0.083,290,0.707,1.7982,521.49,MB,30m,validation,0.3,340
3.0,0.125,290,0.662,2.0657,599.06,MB,30m,validation,0.3,340
3.0,0.167,290,0.634,2.1985,637.57,MB,30m,validation,0.3,340
3.0,0.25,290,0.576,1.701,493.28,MB,30m,validation,0.3,340
3.0,0.5,290,0.476,0.9582,277.87,MB,30m,validation,0.3,340
3.0,1.0,290,0.434,-1.2459,-361.3,MB,30m,validation,0.3,340
3.0,2.0,290,0.4,-3.5837,-1039.27,MB,30m,validation,0.3,340
3.0,5.0,290,0.369,-8.9643,-2599.66,MB,30m,validation,0.3,340
4.0,0.083,290,0.707,1.7994,521.84,MB,30m,validation,0.3,340
4.0,0.125,290,0.662,2.0909,606.36,MB,30m,validation,0.3,340
4.0,0.167,290,0.631,2.2096,640.79,MB,30m,validation,0.3,340
4.0,0.25,290,0.569,1.6115,467.33,MB,30m,validation,0.3,340
4.0,0.5,290,0.466,1.1304,327.8,MB,30m,validation,0.3,340
4.0,1.0,290,0.407,-0.6303,-182.8,MB,30m,validation,0.3,340
4.0,2.0,290,0.366,-2.8933,-839.05,MB,30m,validation,0.3,340
4.0,5.0,290,0.328,-7.8891,-2287.84,MB,30m,validation,0.3,340
5.0,0.083,290,0.703,1.7199,498.77,MB,30m,validation,0.3,340
5.0,0.125,290,0.659,2.0124,583.59,MB,30m,validation,0.3,340
5.0,0.167,290,0.628,2.1352,619.21,MB,30m,validation,0.3,340
5.0,0.25,290,0.566,1.5882,460.58,MB,30m,validation,0.3,340
5.0,0.5,290,0.455,0.9737,282.36,MB,30m,validation,0.3,340
5.0,1.0,290,0.386,-0.6652,-192.9,MB,30m,validation,0.3,340
5.0,2.0,290,0.331,-2.9125,-844.61,MB,30m,validation,0.3,340
5.0,5.0,290,0.276,-8.2714,-2398.72,MB,30m,validation,0.3,340
7.0,0.083,290,0.703,1.721,499.09,MB,30m,validation,0.3,340
7.0,0.125,290,0.659,2.0165,584.79,MB,30m,validation,0.3,340
7.0,0.167,290,0.628,2.1447,621.95,MB,30m,validation,0.3,340
7.0,0.25,290,0.566,1.6109,467.15,MB,30m,validation,0.3,340
7.0,0.5,290,0.455,1.029,298.4,MB,30m,validation,0.3,340
7.0,1.0,290,0.383,-0.3231,-93.7,MB,30m,validation,0.3,340
7.0,2.0,290,0.321,-2.2047,-639.36,MB,30m,validation,0.3,340
7.0,5.0,290,0.252,-7.3248,-2124.2,MB,30m,validation,0.3,340
10.0,0.083,290,0.703,1.721,499.09,MB,30m,validation,0.3,340
10.0,0.125,290,0.659,2.0168,584.87,MB,30m,validation,0.3,340
10.0,0.167,290,0.628,2.1459,622.32,MB,30m,validation,0.3,340
10.0,0.25,290,0.566,1.6162,468.69,MB,30m,validation,0.3,340
10.0,0.5,290,0.455,1.0595,307.25,MB,30m,validation,0.3,340
10.0,1.0,290,0.383,-0.211,-61.2,MB,30m,validation,0.3,340
10.0,2.0,290,0.321,-1.6179,-469.19,MB,30m,validation,0.3,340
10.0,5.0,290,0.241,-6.521,-1891.1,MB,30m,validation,0.3,340
2.0,0.083,292,0.719,1.9997,583.92,MB,30m,validation,0.325,340
2.0,0.125,292,0.688,2.474,722.41,MB,30m,validation,0.325,340
2.0,0.167,292,0.661,2.3331,681.26,MB,30m,validation,0.325,340
2.0,0.25,292,0.603,1.522,444.42,MB,30m,validation,0.325,340
2.0,0.5,292,0.517,0.6012,175.55,MB,30m,validation,0.325,340
2.0,1.0,292,0.486,-2.0231,-590.73,MB,30m,validation,0.325,340
2.0,2.0,292,0.469,-4.2293,-1234.96,MB,30m,validation,0.325,340
2.0,5.0,292,0.418,-9.7084,-2834.84,MB,30m,validation,0.325,340
3.0,0.083,292,0.712,2.0163,588.77,MB,30m,validation,0.325,340
3.0,0.125,292,0.668,2.4,700.8,MB,30m,validation,0.325,340
3.0,0.167,292,0.634,2.3149,675.95,MB,30m,validation,0.325,340
3.0,0.25,292,0.568,1.7616,514.39,MB,30m,validation,0.325,340
3.0,0.5,292,0.476,1.1483,335.3,MB,30m,validation,0.325,340
3.0,1.0,292,0.428,-1.1033,-322.15,MB,30m,validation,0.325,340
3.0,2.0,292,0.401,-3.2807,-957.95,MB,30m,validation,0.325,340
3.0,5.0,292,0.37,-8.7376,-2551.39,MB,30m,validation,0.325,340
4.0,0.083,292,0.712,2.0212,590.2,MB,30m,validation,0.325,340
4.0,0.125,292,0.668,2.4296,709.44,MB,30m,validation,0.325,340
4.0,0.167,292,0.63,2.3338,681.48,MB,30m,validation,0.325,340
4.0,0.25,292,0.565,1.8389,536.95,MB,30m,validation,0.325,340
4.0,0.5,292,0.469,1.4836,433.2,MB,30m,validation,0.325,340
4.0,1.0,292,0.404,-0.4505,-131.53,MB,30m,validation,0.325,340
4.0,2.0,292,0.363,-2.7261,-796.03,MB,30m,validation,0.325,340
4.0,5.0,292,0.329,-7.8862,-2302.78,MB,30m,validation,0.325,340
5.0,0.083,292,0.709,1.9438,567.59,MB,30m,validation,0.325,340
5.0,0.125,292,0.664,2.3577,688.44,MB,30m,validation,0.325,340
5.0,0.167,292,0.627,2.2752,664.37,MB,30m,validation,0.325,340
5.0,0.25,292,0.558,1.6812,490.91,MB,30m,validation,0.325,340
5.0,0.5,292,0.455,1.2017,350.88,MB,30m,validation,0.325,340
5.0,1.0,292,0.384,-0.4396,-128.37,MB,30m,validation,0.325,340
5.0,2.0,292,0.325,-2.8296,-826.24,MB,30m,validation,0.325,340
5.0,5.0,292,0.277,-8.0161,-2340.7,MB,30m,validation,0.325,340
7.0,0.083,292,0.709,1.9449,567.9,MB,30m,validation,0.325,340
7.0,0.125,292,0.664,2.3617,689.62,MB,30m,validation,0.325,340
7.0,0.167,292,0.627,2.2845,667.07,MB,30m,validation,0.325,340
7.0,0.25,292,0.558,1.704,497.58,MB,30m,validation,0.325,340
7.0,0.5,292,0.455,1.259,367.62,MB,30m,validation,0.325,340
7.0,1.0,292,0.38,-0.1134,-33.1,MB,30m,validation,0.325,340
7.0,2.0,292,0.315,-2.4425,-713.22,MB,30m,validation,0.325,340
7.0,5.0,292,0.247,-7.3361,-2142.15,MB,30m,validation,0.325,340
10.0,0.083,292,0.709,1.9449,567.9,MB,30m,validation,0.325,340
10.0,0.125,292,0.664,2.3617,689.62,MB,30m,validation,0.325,340
10.0,0.167,292,0.627,2.2845,667.07,MB,30m,validation,0.325,340
10.0,0.25,292,0.558,1.704,497.58,MB,30m,validation,0.325,340
10.0,0.5,292,0.455,1.2695,370.7,MB,30m,validation,0.325,340
10.0,1.0,292,0.38,-0.012,-3.51,MB,30m,validation,0.325,340
10.0,2.0,292,0.315,-1.7268,-504.21,MB,30m,validation,0.325,340
10.0,5.0,292,0.24,-6.4228,-1875.45,MB,30m,validation,0.325,340
2.0,0.083,290,0.721,2.2382,649.08,MB,30m,validation,0.35,340
2.0,0.125,290,0.672,2.2605,655.55,MB,30m,validation,0.35,340
2.0,0.167,290,0.638,2.1863,634.03,MB,30m,validation,0.35,340
2.0,0.25,290,0.597,1.7829,517.03,MB,30m,validation,0.35,340
2.0,0.5,290,0.534,1.1027,319.78,MB,30m,validation,0.35,340
2.0,1.0,290,0.497,-1.6767,-486.25,MB,30m,validation,0.35,340
2.0,2.0,290,0.483,-4.0018,-1160.53,MB,30m,validation,0.35,340
2.0,5.0,290,0.424,-9.5925,-2781.81,MB,30m,validation,0.35,340
3.0,0.083,290,0.714,2.2615,655.84,MB,30m,validation,0.35,340
3.0,0.125,290,0.655,2.3417,679.11,MB,30m,validation,0.35,340
3.0,0.167,290,0.61,2.1938,636.19,MB,30m,validation,0.35,340
3.0,0.25,290,0.566,2.0487,594.13,MB,30m,validation,0.35,340
3.0,0.5,290,0.479,1.3968,405.06,MB,30m,validation,0.35,340
3.0,1.0,290,0.428,-0.9231,-267.7,MB,30m,validation,0.35,340
3.0,2.0,290,0.41,-3.2961,-955.88,MB,30m,validation,0.35,340
3.0,5.0,290,0.376,-8.9263,-2588.64,MB,30m,validation,0.35,340
4.0,0.083,290,0.714,2.2667,657.34,MB,30m,validation,0.35,340
4.0,0.125,290,0.655,2.367,686.43,MB,30m,validation,0.35,340
4.0,0.167,290,0.607,2.1981,637.44,MB,30m,validation,0.35,340
4.0,0.25,290,0.562,2.0695,600.17,MB,30m,validation,0.35,340
4.0,0.5,290,0.469,1.6368,474.68,MB,30m,validation,0.35,340
4.0,1.0,290,0.397,-0.6176,-179.09,MB,30m,validation,0.35,340
4.0,2.0,290,0.362,-2.8218,-818.32,MB,30m,validation,0.35,340
4.0,5.0,290,0.328,-8.2532,-2393.42,MB,30m,validation,0.35,340
5.0,0.083,290,0.71,2.1902,635.17,MB,30m,validation,0.35,340
5.0,0.125,290,0.652,2.3014,667.4,MB,30m,validation,0.35,340
5.0,0.167,290,0.603,2.1557,625.16,MB,30m,validation,0.35,340
5.0,0.25,290,0.555,1.9622,569.04,MB,30m,validation,0.35,340
5.0,0.5,290,0.455,1.5461,448.38,MB,30m,validation,0.35,340
5.0,1.0,290,0.379,-0.2769,-80.31,MB,30m,validation,0.35,340
5.0,2.0,290,0.324,-2.826,-819.53,MB,30m,validation,0.35,340
5.0,5.0,290,0.276,-8.0872,-2345.28,MB,30m,validation,0.35,340
7.0,0.083,290,0.71,2.1913,635.47,MB,30m,validation,0.35,340
7.0,0.125,290,0.652,2.3054,668.55,MB,30m,validation,0.35,340
7.0,0.167,290,0.603,2.1649,627.82,MB,30m,validation,0.35,340
7.0,0.25,290,0.555,1.9862,576.0,MB,30m,validation,0.35,340
7.0,0.5,290,0.455,1.624,470.97,MB,30m,validation,0.35,340
7.0,1.0,290,0.376,0.1075,31.17,MB,30m,validation,0.35,340
7.0,2.0,290,0.314,-2.2498,-652.45,MB,30m,validation,0.35,340
7.0,5.0,290,0.248,-7.0867,-2055.15,MB,30m,validation,0.35,340
10.0,0.083,290,0.71,2.1913,635.47,MB,30m,validation,0.35,340
10.0,0.125,290,0.652,2.3054,668.55,MB,30m,validation,0.35,340
10.0,0.167,290,0.603,2.1649,627.82,MB,30m,validation,0.35,340
10.0,0.25,290,0.555,1.9862,576.0,MB,30m,validation,0.35,340
10.0,0.5,290,0.455,1.6349,474.11,MB,30m,validation,0.35,340
10.0,1.0,290,0.376,0.2952,85.62,MB,30m,validation,0.35,340
10.0,2.0,290,0.314,-1.4714,-426.72,MB,30m,validation,0.35,340
10.0,5.0,290,0.241,-6.2947,-1825.46,MB,30m,validation,0.35,340
2.0,0.083,288,0.736,2.3161,667.02,MB,30m,validation,0.375,340
2.0,0.125,288,0.667,2.0568,592.36,MB,30m,validation,0.375,340
2.0,0.167,288,0.635,2.0033,576.96,MB,30m,validation,0.375,340
2.0,0.25,288,0.594,1.7527,504.78,MB,30m,validation,0.375,340
2.0,0.5,288,0.531,0.7012,201.95,MB,30m,validation,0.375,340
2.0,1.0,288,0.493,-2.2135,-637.49,MB,30m,validation,0.375,340
2.0,2.0,288,0.469,-4.7289,-1361.93,MB,30m,validation,0.375,340
2.0,5.0,288,0.403,-10.4401,-3006.74,MB,30m,validation,0.375,340
3.0,0.083,288,0.736,2.4931,718.01,MB,30m,validation,0.375,340
3.0,0.125,288,0.653,2.3453,675.44,MB,30m,validation,0.375,340
3.0,0.167,288,0.618,2.3643,680.93,MB,30m,validation,0.375,340
3.0,0.25,288,0.569,2.2865,658.51,MB,30m,validation,0.375,340
3.0,0.5,288,0.486,1.3727,395.35,MB,30m,validation,0.375,340
3.0,1.0,288,0.434,-1.0169,-292.86,MB,30m,validation,0.375,340
3.0,2.0,288,0.417,-3.5213,-1014.13,MB,30m,validation,0.375,340
3.0,5.0,288,0.375,-9.1973,-2648.82,MB,30m,validation,0.375,340
4.0,0.083,288,0.736,2.5007,720.21,MB,30m,validation,0.375,340
4.0,0.125,288,0.653,2.3424,674.61,MB,30m,validation,0.375,340
4.0,0.167,288,0.608,2.2671,652.93,MB,30m,validation,0.375,340
4.0,0.25,288,0.559,2.284,657.78,MB,30m,validation,0.375,340
4.0,0.5,288,0.465,1.4742,424.58,MB,30m,validation,0.375,340
4.0,1.0,288,0.399,-0.5662,-163.06,MB,30m,validation,0.375,340
4.0,2.0,288,0.365,-2.8412,-818.25,MB,30m,validation,0.375,340
4.0,5.0,288,0.33,-8.291,-2387.8,MB,30m,validation,0.375,340
5.0,0.083,288,0.733,2.4268,698.91,MB,30m,validation,0.375,340
5.0,0.125,288,0.649,2.2745,655.05,MB,30m,validation,0.375,340
5.0,0.167,288,0.604,2.2188,639.02,MB,30m,validation,0.375,340
5.0,0.25,288,0.552,2.1069,606.79,MB,30m,validation,0.375,340
5.0,0.5,288,0.448,1.1767,338.88,MB,30m,validation,0.375,340
5.0,1.0,288,0.372,-0.7769,-223.74,MB,30m,validation,0.375,340
5.0,2.0,288,0.316,-3.5265,-1015.64,MB,30m,validation,0.375,340
5.0,5.0,288,0.267,-9.0541,-2607.57,MB,30m,validation,0.375,340
7.0,0.083,288,0.733,2.4278,699.2,MB,30m,validation,0.375,340
7.0,0.125,288,0.649,2.2787,656.25,MB,30m,validation,0.375,340
7.0,0.167,288,0.604,2.2297,642.15,MB,30m,validation,0.375,340
7.0,0.25,288,0.552,2.1446,617.63,MB,30m,validation,0.375,340
7.0,0.5,288,0.448,1.3636,392.7,MB,30m,validation,0.375,340
7.0,1.0,288,0.368,-0.2019,-58.14,MB,30m,validation,0.375,340
7.0,2.0,288,0.306,-2.8169,-811.26,MB,30m,validation,0.375,340
7.0,5.0,288,0.243,-7.6768,-2210.91,MB,30m,validation,0.375,340
10.0,0.083,288,0.733,2.4278,699.2,MB,30m,validation,0.375,340
10.0,0.125,288,0.649,2.2787,656.25,MB,30m,validation,0.375,340
10.0,0.167,288,0.604,2.2297,642.15,MB,30m,validation,0.375,340
10.0,0.25,288,0.552,2.1446,617.63,MB,30m,validation,0.375,340
10.0,0.5,288,0.448,1.3747,395.93,MB,30m,validation,0.375,340
10.0,1.0,288,0.368,0.0003,0.09,MB,30m,validation,0.375,340
10.0,2.0,288,0.306,-1.9598,-564.41,MB,30m,validation,0.375,340
10.0,5.0,288,0.236,-6.7841,-1953.82,MB,30m,validation,0.375,340
2.0,0.083,282,0.745,2.8976,817.13,MB,30m,validation,0.4,340
2.0,0.125,282,0.677,2.7793,783.77,MB,30m,validation,0.4,340
2.0,0.167,282,0.638,2.7469,774.63,MB,30m,validation,0.4,340
2.0,0.25,282,0.603,2.462,694.28,MB,30m,validation,0.4,340
2.0,0.5,282,0.539,1.3126,370.14,MB,30m,validation,0.4,340
2.0,1.0,282,0.5,-1.5024,-423.67,MB,30m,validation,0.4,340
2.0,2.0,282,0.475,-4.0036,-1129.02,MB,30m,validation,0.4,340
2.0,5.0,282,0.404,-9.6572,-2723.34,MB,30m,validation,0.4,340
3.0,0.083,282,0.741,3.0291,854.21,MB,30m,validation,0.4,340
3.0,0.125,282,0.66,2.9944,844.42,MB,30m,validation,0.4,340
3.0,0.167,282,0.617,3.0201,851.66,MB,30m,validation,0.4,340
3.0,0.25,282,0.574,2.8581,805.97,MB,30m,validation,0.4,340
3.0,0.5,282,0.486,1.9031,536.68,MB,30m,validation,0.4,340
3.0,1.0,282,0.436,-0.5657,-159.52,MB,30m,validation,0.4,340
3.0,2.0,282,0.422,-2.9998,-845.93,MB,30m,validation,0.4,340
3.0,5.0,282,0.369,-8.6248,-2432.19,MB,30m,validation,0.4,340
4.0,0.083,282,0.741,3.0375,856.58,MB,30m,validation,0.4,340
4.0,0.125,282,0.66,2.9954,844.71,MB,30m,validation,0.4,340
4.0,0.167,282,0.61,2.9919,843.72,MB,30m,validation,0.4,340
4.0,0.25,282,0.567,2.9605,834.86,MB,30m,validation,0.4,340
4.0,0.5,282,0.465,2.1839,615.86,MB,30m,validation,0.4,340
4.0,1.0,282,0.401,0.009,2.55,MB,30m,validation,0.4,340
4.0,2.0,282,0.365,-2.3564,-664.5,MB,30m,validation,0.4,340
4.0,5.0,282,0.33,-7.9236,-2234.46,MB,30m,validation,0.4,340
5.0,0.083,282,0.741,3.0376,856.6,MB,30m,validation,0.4,340
5.0,0.125,282,0.66,3.007,847.97,MB,30m,validation,0.4,340
5.0,0.167,282,0.61,3.027,853.61,MB,30m,validation,0.4,340
5.0,0.25,282,0.564,2.8707,809.54,MB,30m,validation,0.4,340
5.0,0.5,282,0.454,2.0871,588.55,MB,30m,validation,0.4,340
5.0,1.0,282,0.379,0.0635,17.9,MB,30m,validation,0.4,340
5.0,2.0,282,0.323,-2.8204,-795.36,MB,30m,validation,0.4,340
5.0,5.0,282,0.27,-8.4849,-2392.74,MB,30m,validation,0.4,340
7.0,0.083,282,0.741,3.0386,856.89,MB,30m,validation,0.4,340
7.0,0.125,282,0.66,3.0109,849.09,MB,30m,validation,0.4,340
7.0,0.167,282,0.61,3.0369,856.4,MB,30m,validation,0.4,340
7.0,0.25,282,0.564,2.9079,820.02,MB,30m,validation,0.4,340
7.0,0.5,282,0.45,2.2408,631.9,MB,30m,validation,0.4,340
7.0,1.0,282,0.376,0.7599,214.29,MB,30m,validation,0.4,340
7.0,2.0,282,0.316,-1.8934,-533.94,MB,30m,validation,0.4,340
7.0,5.0,282,0.248,-6.9221,-1952.03,MB,30m,validation,0.4,340
10.0,0.083,282,0.741,3.0386,856.89,MB,30m,validation,0.4,340
10.0,0.125,282,0.66,3.0109,849.09,MB,30m,validation,0.4,340
10.0,0.167,282,0.61,3.0369,856.4,MB,30m,validation,0.4,340
10.0,0.25,282,0.564,2.9079,820.04,MB,30m,validation,0.4,340
10.0,0.5,282,0.45,2.1895,617.44,MB,30m,validation,0.4,340
10.0,1.0,282,0.372,0.8123,229.06,MB,30m,validation,0.4,340
10.0,2.0,282,0.309,-1.054,-297.22,MB,30m,validation,0.4,340
10.0,5.0,282,0.238,-6.1935,-1746.58,MB,30m,validation,0.4,340
2.0,0.083,279,0.753,2.8568,797.04,MB,30m,validation,0.425,340
2.0,0.125,279,0.688,2.9555,824.58,MB,30m,validation,0.425,340
2.0,0.167,279,0.649,3.1097,867.6,MB,30m,validation,0.425,340
2.0,0.25,279,0.599,2.2651,631.96,MB,30m,validation,0.425,340
2.0,0.5,279,0.541,1.1862,330.95,MB,30m,validation,0.425,340
2.0,1.0,279,0.502,-1.9104,-533.01,MB,30m,validation,0.425,340
2.0,2.0,279,0.459,-4.5278,-1263.26,MB,30m,validation,0.425,340
2.0,5.0,279,0.384,-10.1553,-2833.33,MB,30m,validation,0.425,340
3.0,0.083,279,0.749,3.0215,842.99,MB,30m,validation,0.425,340
3.0,0.125,279,0.667,3.2017,893.27,MB,30m,validation,0.425,340
3.0,0.167,279,0.624,3.3425,932.54,MB,30m,validation,0.425,340
3.0,0.25,279,0.57,2.7023,753.95,MB,30m,validation,0.425,340
3.0,0.5,279,0.477,1.5947,444.92,MB,30m,validation,0.425,340
3.0,1.0,279,0.427,-1.0851,-302.74,MB,30m,validation,0.425,340
3.0,2.0,279,0.412,-3.6838,-1027.77,MB,30m,validation,0.425,340
3.0,5.0,279,0.366,-9.2674,-2585.59,MB,30m,validation,0.425,340
4.0,0.083,279,0.749,3.0248,843.91,MB,30m,validation,0.425,340
4.0,0.125,279,0.667,3.2134,896.55,MB,30m,validation,0.425,340
4.0,0.167,279,0.62,3.4227,954.94,MB,30m,validation,0.425,340
4.0,0.25,279,0.566,2.9508,823.27,MB,30m,validation,0.425,340
4.0,0.5,279,0.462,2.3027,642.45,MB,30m,validation,0.425,340
4.0,1.0,279,0.401,-0.0038,-1.06,MB,30m,validation,0.425,340
4.0,2.0,279,0.366,-2.7044,-754.54,MB,30m,validation,0.425,340
4.0,5.0,279,0.33,-8.2445,-2300.21,MB,30m,validation,0.425,340
5.0,0.083,279,0.749,3.0284,844.92,MB,30m,validation,0.425,340
5.0,0.125,279,0.667,3.2372,903.19,MB,30m,validation,0.425,340
5.0,0.167,279,0.62,3.4847,972.23,MB,30m,validation,0.425,340
5.0,0.25,279,0.563,2.8613,798.29,MB,30m,validation,0.425,340
5.0,0.5,279,0.452,2.3238,648.34,MB,30m,validation,0.425,340
5.0,1.0,279,0.384,0.2665,74.35,MB,30m,validation,0.425,340
5.0,2.0,279,0.337,-2.4694,-688.95,MB,30m,validation,0.425,340
5.0,5.0,279,0.29,-7.5936,-2118.63,MB,30m,validation,0.425,340
7.0,0.083,279,0.749,3.0294,845.2,MB,30m,validation,0.425,340
7.0,0.125,279,0.667,3.2417,904.43,MB,30m,validation,0.425,340
7.0,0.167,279,0.62,3.4963,975.46,MB,30m,validation,0.425,340
7.0,0.25,279,0.563,2.9028,809.87,MB,30m,validation,0.425,340
7.0,0.5,279,0.444,2.4111,672.7,MB,30m,validation,0.425,340
7.0,1.0,279,0.376,0.8135,226.97,MB,30m,validation,0.425,340
7.0,2.0,279,0.312,-2.2779,-635.53,MB,30m,validation,0.425,340
7.0,5.0,279,0.244,-7.1358,-1990.9,MB,30m,validation,0.425,340
10.0,0.083,279,0.749,3.0294,845.2,MB,30m,validation,0.425,340
10.0,0.125,279,0.667,3.2417,904.43,MB,30m,validation,0.425,340
10.0,0.167,279,0.62,3.4963,975.46,MB,30m,validation,0.425,340
10.0,0.25,279,0.563,2.9028,809.89,MB,30m,validation,0.425,340
10.0,0.5,279,0.444,2.3634,659.38,MB,30m,validation,0.425,340
10.0,1.0,279,0.373,0.8993,250.89,MB,30m,validation,0.425,340
10.0,2.0,279,0.305,-1.3486,-376.26,MB,30m,validation,0.425,340
10.0,5.0,279,0.233,-6.2869,-1754.06,MB,30m,validation,0.425,340
2.0,0.083,273,0.762,2.8452,776.74,MB,30m,validation,0.45,340
2.0,0.125,273,0.685,2.9067,793.54,MB,30m,validation,0.45,340
2.0,0.167,273,0.645,2.8271,771.79,MB,30m,validation,0.45,340
2.0,0.25,273,0.59,1.9948,544.57,MB,30m,validation,0.45,340
2.0,0.5,273,0.535,0.6083,166.07,MB,30m,validation,0.45,340
2.0,1.0,273,0.491,-2.2602,-617.03,MB,30m,validation,0.45,340
2.0,2.0,273,0.451,-4.8266,-1317.66,MB,30m,validation,0.45,340
2.0,5.0,273,0.374,-10.4667,-2857.42,MB,30m,validation,0.45,340
3.0,0.083,273,0.758,2.9911,816.57,MB,30m,validation,0.45,340
3.0,0.125,273,0.667,3.118,851.21,MB,30m,validation,0.45,340
3.0,0.167,273,0.615,3.0413,830.29,MB,30m,validation,0.45,340
3.0,0.25,273,0.549,2.2988,627.56,MB,30m,validation,0.45,340
3.0,0.5,273,0.469,1.0973,299.55,MB,30m,validation,0.45,340
3.0,1.0,273,0.421,-1.3909,-379.72,MB,30m,validation,0.45,340
3.0,2.0,273,0.407,-3.9267,-1071.98,MB,30m,validation,0.45,340
3.0,5.0,273,0.363,-9.5715,-2613.03,MB,30m,validation,0.45,340
4.0,0.083,273,0.758,3.0056,820.53,MB,30m,validation,0.45,340
4.0,0.125,273,0.67,3.2259,880.67,MB,30m,validation,0.45,340
4.0,0.167,273,0.615,3.2523,887.87,MB,30m,validation,0.45,340
4.0,0.25,273,0.549,2.7374,747.32,MB,30m,validation,0.45,340
4.0,0.5,273,0.454,1.7858,487.54,MB,30m,validation,0.45,340
4.0,1.0,273,0.396,-0.3686,-100.64,MB,30m,validation,0.45,340
4.0,2.0,273,0.352,-3.0037,-820.0,MB,30m,validation,0.45,340
4.0,5.0,273,0.319,-8.6905,-2372.5,MB,30m,validation,0.45,340
5.0,0.083,273,0.758,3.0092,821.51,MB,30m,validation,0.45,340
5.0,0.125,273,0.67,3.243,885.34,MB,30m,validation,0.45,340
5.0,0.167,273,0.615,3.2967,899.99,MB,30m,validation,0.45,340
5.0,0.25,273,0.546,2.6039,710.87,MB,30m,validation,0.45,340
5.0,0.5,273,0.443,1.7411,475.31,MB,30m,validation,0.45,340
5.0,1.0,273,0.374,-0.1597,-43.59,MB,30m,validation,0.45,340
5.0,2.0,273,0.322,-2.8763,-785.22,MB,30m,validation,0.45,340
5.0,5.0,273,0.278,-8.1269,-2218.63,MB,30m,validation,0.45,340
7.0,0.083,273,0.758,3.0102,821.78,MB,30m,validation,0.45,340
7.0,0.125,273,0.67,3.2489,886.94,MB,30m,validation,0.45,340
7.0,0.167,273,0.615,3.3142,904.78,MB,30m,validation,0.45,340
7.0,0.25,273,0.546,2.669,728.65,MB,30m,validation,0.45,340
7.0,0.5,273,0.436,1.8608,508.01,MB,30m,validation,0.45,340
7.0,1.0,273,0.366,0.3993,109.0,MB,30m,validation,0.45,340
7.0,2.0,273,0.3,-2.427,-662.57,MB,30m,validation,0.45,340
7.0,5.0,273,0.234,-7.5621,-2064.45,MB,30m,validation,0.45,340
10.0,0.083,273,0.758,3.0102,821.78,MB,30m,validation,0.45,340
10.0,0.125,273,0.67,3.2489,886.94,MB,30m,validation,0.45,340
10.0,0.167,273,0.615,3.3142,904.78,MB,30m,validation,0.45,340
10.0,0.25,273,0.546,2.6691,728.67,MB,30m,validation,0.45,340
10.0,0.5,273,0.436,1.8266,498.67,MB,30m,validation,0.45,340
10.0,1.0,273,0.363,0.5401,147.46,MB,30m,validation,0.45,340
10.0,2.0,273,0.289,-1.7306,-472.45,MB,30m,validation,0.45,340
10.0,5.0,273,0.223,-6.7685,-1847.8,MB,30m,validation,0.45,340
2.0,0.083,270,0.763,2.8387,766.45,MB,30m,validation,0.475,340
2.0,0.125,270,0.667,2.4175,652.73,MB,30m,validation,0.475,340
2.0,0.167,270,0.637,2.398,647.45,MB,30m,validation,0.475,340
2.0,0.25,270,0.593,1.9096,515.59,MB,30m,validation,0.475,340
2.0,0.5,270,0.522,0.0389,10.5,MB,30m,validation,0.475,340
2.0,1.0,270,0.489,-2.7592,-744.98,MB,30m,validation,0.475,340
2.0,2.0,270,0.444,-5.4065,-1459.75,MB,30m,validation,0.475,340
2.0,5.0,270,0.348,-10.8598,-2932.16,MB,30m,validation,0.475,340
3.0,0.083,270,0.752,2.7821,751.16,MB,30m,validation,0.475,340
3.0,0.125,270,0.637,2.3987,647.65,MB,30m,validation,0.475,340
3.0,0.167,270,0.607,2.6254,708.86,MB,30m,validation,0.475,340
3.0,0.25,270,0.552,2.281,615.88,MB,30m,validation,0.475,340
3.0,0.5,270,0.463,0.4756,128.41,MB,30m,validation,0.475,340
3.0,1.0,270,0.415,-1.9019,-513.5,MB,30m,validation,0.475,340
3.0,2.0,270,0.4,-4.4056,-1189.51,MB,30m,validation,0.475,340
3.0,5.0,270,0.37,-9.7938,-2644.32,MB,30m,validation,0.475,340
4.0,0.083,270,0.752,2.8083,758.24,MB,30m,validation,0.475,340
4.0,0.125,270,0.641,2.5183,679.94,MB,30m,validation,0.475,340
4.0,0.167,270,0.604,2.795,754.65,MB,30m,validation,0.475,340
4.0,0.25,270,0.548,2.6659,719.79,MB,30m,validation,0.475,340
4.0,0.5,270,0.448,1.232,332.65,MB,30m,validation,0.475,340
4.0,1.0,270,0.385,-0.922,-248.94,MB,30m,validation,0.475,340
4.0,2.0,270,0.352,-3.5725,-964.58,MB,30m,validation,0.475,340
4.0,5.0,270,0.311,-9.1789,-2478.3,MB,30m,validation,0.475,340
5.0,0.083,270,0.752,2.8088,758.39,MB,30m,validation,0.475,340
5.0,0.125,270,0.641,2.5407,685.98,MB,30m,validation,0.475,340
5.0,0.167,270,0.604,2.8433,767.69,MB,30m,validation,0.475,340
5.0,0.25,270,0.548,2.7123,732.32,MB,30m,validation,0.475,340
5.0,0.5,270,0.441,1.3938,376.32,MB,30m,validation,0.475,340
5.0,1.0,270,0.367,-0.5238,-141.43,MB,30m,validation,0.475,340
5.0,2.0,270,0.326,-2.9686,-801.52,MB,30m,validation,0.475,340
5.0,5.0,270,0.289,-8.2112,-2217.03,MB,30m,validation,0.475,340
7.0,0.083,270,0.752,2.8099,758.68,MB,30m,validation,0.475,340
7.0,0.125,270,0.641,2.5481,687.98,MB,30m,validation,0.475,340
7.0,0.167,270,0.604,2.8663,773.89,MB,30m,validation,0.475,340
7.0,0.25,270,0.544,2.5868,698.43,MB,30m,validation,0.475,340
7.0,0.5,270,0.426,1.1768,317.75,MB,30m,validation,0.475,340
7.0,1.0,270,0.352,-0.3614,-97.58,MB,30m,validation,0.475,340
7.0,2.0,270,0.289,-3.3954,-916.77,MB,30m,validation,0.475,340
7.0,5.0,270,0.233,-8.609,-2324.44,MB,30m,validation,0.475,340
10.0,0.083,270,0.752,2.8099,758.68,MB,30m,validation,0.475,340
10.0,0.125,270,0.641,2.5481,687.98,MB,30m,validation,0.475,340
10.0,0.167,270,0.604,2.8663,773.89,MB,30m,validation,0.475,340
10.0,0.25,270,0.544,2.5869,698.45,MB,30m,validation,0.475,340
10.0,0.5,270,0.426,1.16,313.21,MB,30m,validation,0.475,340
10.0,1.0,270,0.348,-0.194,-52.39,MB,30m,validation,0.475,340
10.0,2.0,270,0.285,-2.5541,-689.6,MB,30m,validation,0.475,340
10.0,5.0,270,0.219,-7.2146,-1947.95,MB,30m,validation,0.475,340
2.0,0.083,269,0.777,3.2037,861.79,MB,30m,validation,0.5,340
2.0,0.125,269,0.673,2.5403,683.35,MB,30m,validation,0.5,340
2.0,0.167,269,0.639,2.4772,666.35,MB,30m,validation,0.5,340
2.0,0.25,269,0.587,1.6523,444.46,MB,30m,validation,0.5,340
2.0,0.5,269,0.528,-0.0629,-16.91,MB,30m,validation,0.5,340
2.0,1.0,269,0.487,-2.9844,-802.81,MB,30m,validation,0.5,340
2.0,2.0,269,0.45,-5.7549,-1548.08,MB,30m,validation,0.5,340
2.0,5.0,269,0.335,-11.2963,-3038.71,MB,30m,validation,0.5,340
3.0,0.083,269,0.758,3.0917,831.67,MB,30m,validation,0.5,340
3.0,0.125,269,0.643,2.5315,680.98,MB,30m,validation,0.5,340
3.0,0.167,269,0.61,2.7184,731.26,MB,30m,validation,0.5,340
3.0,0.25,269,0.546,1.9836,533.59,MB,30m,validation,0.5,340
3.0,0.5,269,0.468,0.4188,112.67,MB,30m,validation,0.5,340
3.0,1.0,269,0.416,-2.2144,-595.68,MB,30m,validation,0.5,340
3.0,2.0,269,0.398,-4.6677,-1255.6,MB,30m,validation,0.5,340
3.0,5.0,269,0.372,-10.0816,-2711.94,MB,30m,validation,0.5,340
4.0,0.083,269,0.758,3.1351,843.33,MB,30m,validation,0.5,340
4.0,0.125,269,0.643,2.6249,706.09,MB,30m,validation,0.5,340
4.0,0.167,269,0.602,2.8708,772.24,MB,30m,validation,0.5,340
4.0,0.25,269,0.539,2.3672,636.79,MB,30m,validation,0.5,340
4.0,0.5,269,0.446,1.0576,284.5,MB,30m,validation,0.5,340
4.0,1.0,269,0.379,-1.3216,-355.51,MB,30m,validation,0.5,340
4.0,2.0,269,0.349,-4.0246,-1082.62,MB,30m,validation,0.5,340
4.0,5.0,269,0.32,-9.7998,-2636.14,MB,30m,validation,0.5,340
5.0,0.083,269,0.758,3.1348,843.27,MB,30m,validation,0.5,340
5.0,0.125,269,0.643,2.6394,709.99,MB,30m,validation,0.5,340
5.0,0.167,269,0.602,2.9017,780.57,MB,30m,validation,0.5,340
5.0,0.25,269,0.539,2.4365,655.42,MB,30m,validation,0.5,340
5.0,0.5,269,0.442,1.36,365.83,MB,30m,validation,0.5,340
5.0,1.0,269,0.372,-0.483,-129.91,MB,30m,validation,0.5,340
5.0,2.0,269,0.331,-2.9699,-798.9,MB,30m,validation,0.5,340
5.0,5.0,269,0.294,-8.3665,-2250.59,MB,30m,validation,0.5,340
7.0,0.083,269,0.758,3.1378,844.07,MB,30m,validation,0.5,340
7.0,0.125,269,0.643,2.654,713.93,MB,30m,validation,0.5,340
7.0,0.167,269,0.602,2.9415,791.25,MB,30m,validation,0.5,340
7.0,0.25,269,0.535,2.3034,619.6,MB,30m,validation,0.5,340
7.0,0.5,269,0.424,1.1635,312.99,MB,30m,validation,0.5,340
7.0,1.0,269,0.346,-0.4466,-120.14,MB,30m,validation,0.5,340
7.0,2.0,269,0.286,-3.5272,-948.81,MB,30m,validation,0.5,340
7.0,5.0,269,0.227,-9.158,-2463.51,MB,30m,validation,0.5,340
10.0,0.083,269,0.758,3.1388,844.33,MB,30m,validation,0.5,340
10.0,0.125,269,0.643,2.6572,714.79,MB,30m,validation,0.5,340
10.0,0.167,269,0.602,2.9474,792.84,MB,30m,validation,0.5,340
10.0,0.25,269,0.535,2.3147,622.65,MB,30m,validation,0.5,340
10.0,0.5,269,0.424,1.1724,315.37,MB,30m,validation,0.5,340
10.0,1.0,269,0.342,-0.2476,-66.6,MB,30m,validation,0.5,340
10.0,2.0,269,0.283,-2.6618,-716.03,MB,30m,validation,0.5,340
10.0,5.0,269,0.212,-7.3264,-1970.8,MB,30m,validation,0.5,340
2.0,0.083,262,0.794,3.9704,1040.24,MB,30m,validation,0.525,340
2.0,0.125,262,0.687,3.4747,910.36,MB,30m,validation,0.525,340
2.0,0.167,262,0.645,3.357,879.54,MB,30m,validation,0.525,340
2.0,0.25,262,0.607,2.4643,645.65,MB,30m,validation,0.525,340
2.0,0.5,262,0.557,0.6718,176.02,MB,30m,validation,0.525,340
2.0,1.0,262,0.5,-2.3246,-609.03,MB,30m,validation,0.525,340
2.0,2.0,262,0.466,-5.0958,-1335.11,MB,30m,validation,0.525,340
2.0,5.0,262,0.344,-10.616,-2781.38,MB,30m,validation,0.525,340
3.0,0.083,262,0.775,3.4783,911.31,MB,30m,validation,0.525,340
3.0,0.125,262,0.656,3.0966,811.32,MB,30m,validation,0.525,340
3.0,0.167,262,0.615,3.2318,846.73,MB,30m,validation,0.525,340
3.0,0.25,262,0.569,2.3997,628.73,MB,30m,validation,0.525,340
3.0,0.5,262,0.496,0.8363,219.12,MB,30m,validation,0.525,340
3.0,1.0,262,0.427,-1.898,-497.27,MB,30m,validation,0.525,340
3.0,2.0,262,0.412,-4.5544,-1193.26,MB,30m,validation,0.525,340
3.0,5.0,262,0.382,-10.0847,-2642.19,MB,30m,validation,0.525,340
4.0,0.083,262,0.775,3.5242,923.34,MB,30m,validation,0.525,340
4.0,0.125,262,0.653,3.1615,828.3,MB,30m,validation,0.525,340
4.0,0.167,262,0.603,3.3487,877.35,MB,30m,validation,0.525,340
4.0,0.25,262,0.557,2.7362,716.88,MB,30m,validation,0.525,340
4.0,0.5,262,0.466,1.3397,351.01,MB,30m,validation,0.525,340
4.0,1.0,262,0.389,-1.121,-293.69,MB,30m,validation,0.525,340
4.0,2.0,262,0.363,-3.8022,-996.17,MB,30m,validation,0.525,340
4.0,5.0,262,0.332,-9.349,-2449.44,MB,30m,validation,0.525,340
5.0,0.083,262,0.775,3.5254,923.65,MB,30m,validation,0.525,340
5.0,0.125,262,0.653,3.1896,835.69,MB,30m,validation,0.525,340
5.0,0.167,262,0.603,3.4132,894.27,MB,30m,validation,0.525,340
5.0,0.25,262,0.557,2.8814,754.92,MB,30m,validation,0.525,340
5.0,0.5,262,0.462,1.7145,449.19,MB,30m,validation,0.525,340
5.0,1.0,262,0.374,-0.3252,-85.19,MB,30m,validation,0.525,340
5.0,2.0,262,0.332,-2.9801,-780.78,MB,30m,validation,0.525,340
5.0,5.0,262,0.298,-8.5768,-2247.13,MB,30m,validation,0.525,340
7.0,0.083,262,0.775,3.5285,924.46,MB,30m,validation,0.525,340
7.0,0.125,262,0.653,3.2051,839.72,MB,30m,validation,0.525,340
7.0,0.167,262,0.603,3.4552,905.27,MB,30m,validation,0.525,340
7.0,0.25,262,0.553,2.7542,721.6,MB,30m,validation,0.525,340
7.0,0.5,262,0.443,1.5275,400.2,MB,30m,validation,0.525,340
7.0,1.0,262,0.351,-0.2649,-69.4,MB,30m,validation,0.525,340
7.0,2.0,262,0.29,-3.1802,-833.21,MB,30m,validation,0.525,340
7.0,5.0,262,0.237,-8.664,-2269.96,MB,30m,validation,0.525,340
10.0,0.083,262,0.775,3.5294,924.71,MB,30m,validation,0.525,340
10.0,0.125,262,0.653,3.2083,840.57,MB,30m,validation,0.525,340
10.0,0.167,262,0.603,3.4613,906.86,MB,30m,validation,0.525,340
10.0,0.25,262,0.553,2.7687,725.41,MB,30m,validation,0.525,340
10.0,0.5,262,0.443,1.5541,407.19,MB,30m,validation,0.525,340
10.0,1.0,262,0.347,-0.062,-16.25,MB,30m,validation,0.525,340
10.0,2.0,262,0.286,-2.6506,-694.46,MB,30m,validation,0.525,340
10.0,5.0,262,0.214,-7.4314,-1947.02,MB,30m,validation,0.525,340
2.0,0.083,259,0.772,3.7666,975.55,MB,30m,validation,0.55,340
2.0,0.125,259,0.672,3.287,851.34,MB,30m,validation,0.55,340
2.0,0.167,259,0.645,3.3789,875.15,MB,30m,validation,0.55,340
2.0,0.25,259,0.602,2.3251,602.2,MB,30m,validation,0.55,340
2.0,0.5,259,0.541,0.3313,85.8,MB,30m,validation,0.55,340
2.0,1.0,259,0.475,-2.8074,-727.11,MB,30m,validation,0.55,340
2.0,2.0,259,0.456,-5.6498,-1463.29,MB,30m,validation,0.55,340
2.0,5.0,259,0.317,-11.1971,-2900.05,MB,30m,validation,0.55,340
3.0,0.083,259,0.761,3.2719,847.41,MB,30m,validation,0.55,340
3.0,0.125,259,0.653,3.0411,787.64,MB,30m,validation,0.55,340
3.0,0.167,259,0.625,3.3947,879.22,MB,30m,validation,0.55,340
3.0,0.25,259,0.575,2.4772,641.6,MB,30m,validation,0.55,340
3.0,0.5,259,0.486,0.6689,173.25,MB,30m,validation,0.55,340
3.0,1.0,259,0.409,-2.2156,-573.84,MB,30m,validation,0.55,340
3.0,2.0,259,0.398,-5.0548,-1309.18,MB,30m,validation,0.55,340
3.0,5.0,259,0.355,-10.5776,-2739.61,MB,30m,validation,0.55,340
4.0,0.083,259,0.753,3.2769,848.72,MB,30m,validation,0.55,340
4.0,0.125,259,0.637,3.0046,778.2,MB,30m,validation,0.55,340
4.0,0.167,259,0.606,3.3817,875.85,MB,30m,validation,0.55,340
4.0,0.25,259,0.552,2.5884,670.38,MB,30m,validation,0.55,340
4.0,0.5,259,0.448,0.8538,221.12,MB,30m,validation,0.55,340
4.0,1.0,259,0.375,-1.6133,-417.84,MB,30m,validation,0.55,340
4.0,2.0,259,0.363,-4.3379,-1123.51,MB,30m,validation,0.55,340
4.0,5.0,259,0.317,-9.873,-2557.12,MB,30m,validation,0.55,340
5.0,0.083,259,0.753,3.2806,849.68,MB,30m,validation,0.55,340
5.0,0.125,259,0.637,3.0415,787.74,MB,30m,validation,0.55,340
5.0,0.167,259,0.606,3.4712,899.05,MB,30m,validation,0.55,340
5.0,0.25,259,0.552,2.7874,721.93,MB,30m,validation,0.55,340
5.0,0.5,259,0.44,1.3313,344.79,MB,30m,validation,0.55,340
5.0,1.0,259,0.359,-0.9083,-235.26,MB,30m,validation,0.55,340
5.0,2.0,259,0.32,-3.7207,-963.67,MB,30m,validation,0.55,340
5.0,5.0,259,0.282,-9.4859,-2456.86,MB,30m,validation,0.55,340
7.0,0.083,259,0.753,3.2837,850.47,MB,30m,validation,0.55,340
7.0,0.125,259,0.637,3.0562,791.55,MB,30m,validation,0.55,340
7.0,0.167,259,0.606,3.5099,909.08,MB,30m,validation,0.55,340
7.0,0.25,259,0.548,2.699,699.05,MB,30m,validation,0.55,340
7.0,0.5,259,0.429,1.067,276.34,MB,30m,validation,0.55,340
7.0,1.0,259,0.332,-0.8822,-228.49,MB,30m,validation,0.55,340
7.0,2.0,259,0.27,-4.1097,-1064.41,MB,30m,validation,0.55,340
7.0,5.0,259,0.22,-9.7905,-2535.75,MB,30m,validation,0.55,340
10.0,0.083,259,0.753,3.2846,850.71,MB,30m,validation,0.55,340
10.0,0.125,259,0.637,3.06,792.53,MB,30m,validation,0.55,340
10.0,0.167,259,0.606,3.519,911.42,MB,30m,validation,0.55,340
10.0,0.25,259,0.548,2.7234,705.35,MB,30m,validation,0.55,340
10.0,0.5,259,0.429,1.1403,295.35,MB,30m,validation,0.55,340
10.0,1.0,259,0.328,-0.6254,-161.98,MB,30m,validation,0.55,340
10.0,2.0,259,0.266,-3.5729,-925.38,MB,30m,validation,0.55,340
10.0,5.0,259,0.197,-8.4341,-2184.43,MB,30m,validation,0.55,340
2.0,0.083,255,0.765,3.9924,1018.07,MB,30m,validation,0.575,340
2.0,0.125,255,0.667,3.7032,944.33,MB,30m,validation,0.575,340
2.0,0.167,255,0.651,3.9603,1009.88,MB,30m,validation,0.575,340
2.0,0.25,255,0.604,2.8315,722.04,MB,30m,validation,0.575,340
2.0,0.5,255,0.533,0.6103,155.62,MB,30m,validation,0.575,340
2.0,1.0,255,0.459,-2.3993,-611.81,MB,30m,validation,0.575,340
2.0,2.0,255,0.439,-5.2494,-1338.6,MB,30m,validation,0.575,340
2.0,5.0,255,0.314,-10.8123,-2757.14,MB,30m,validation,0.575,340
3.0,0.083,255,0.753,3.5446,903.88,MB,30m,validation,0.575,340
3.0,0.125,255,0.639,3.488,889.45,MB,30m,validation,0.575,340
3.0,0.167,255,0.624,3.8971,993.76,MB,30m,validation,0.575,340
3.0,0.25,255,0.561,2.8483,726.31,MB,30m,validation,0.575,340
3.0,0.5,255,0.482,0.9308,237.35,MB,30m,validation,0.575,340
3.0,1.0,255,0.416,-1.6681,-425.36,MB,30m,validation,0.575,340
3.0,2.0,255,0.404,-4.5014,-1147.86,MB,30m,validation,0.575,340
3.0,5.0,255,0.361,-10.0204,-2555.19,MB,30m,validation,0.575,340
4.0,0.083,255,0.745,3.5983,917.56,MB,30m,validation,0.575,340
4.0,0.125,255,0.62,3.5367,901.85,MB,30m,validation,0.575,340
4.0,0.167,255,0.6,4.0092,1022.34,MB,30m,validation,0.575,340
4.0,0.25,255,0.537,3.1337,799.09,MB,30m,validation,0.575,340
4.0,0.5,255,0.435,1.1394,290.54,MB,30m,validation,0.575,340
4.0,1.0,255,0.365,-1.3058,-332.99,MB,30m,validation,0.575,340
4.0,2.0,255,0.349,-3.8978,-993.95,MB,30m,validation,0.575,340
4.0,5.0,255,0.318,-9.3223,-2377.19,MB,30m,validation,0.575,340
5.0,0.083,255,0.745,3.6018,918.46,MB,30m,validation,0.575,340
5.0,0.125,255,0.624,3.6223,923.69,MB,30m,validation,0.575,340
5.0,0.167,255,0.604,4.1491,1058.01,MB,30m,validation,0.575,340
5.0,0.25,255,0.541,3.3777,861.32,MB,30m,validation,0.575,340
5.0,0.5,255,0.431,1.589,405.2,MB,30m,validation,0.575,340
5.0,1.0,255,0.353,-0.6187,-157.77,MB,30m,validation,0.575,340
5.0,2.0,255,0.314,-3.5721,-910.88,MB,30m,validation,0.575,340
5.0,5.0,255,0.267,-9.4825,-2418.04,MB,30m,validation,0.575,340
7.0,0.083,255,0.745,3.6048,919.24,MB,30m,validation,0.575,340
7.0,0.125,255,0.624,3.6372,927.48,MB,30m,validation,0.575,340
7.0,0.167,255,0.604,4.1896,1068.35,MB,30m,validation,0.575,340
7.0,0.25,255,0.537,3.3074,843.39,MB,30m,validation,0.575,340
7.0,0.5,255,0.42,1.4075,358.91,MB,30m,validation,0.575,340
7.0,1.0,255,0.325,-0.5014,-127.87,MB,30m,validation,0.575,340
7.0,2.0,255,0.263,-4.0109,-1022.77,MB,30m,validation,0.575,340
7.0,5.0,255,0.204,-9.9022,-2525.06,MB,30m,validation,0.575,340
10.0,0.083,255,0.745,3.6058,919.47,MB,30m,validation,0.575,340
10.0,0.125,255,0.624,3.641,928.45,MB,30m,validation,0.575,340
10.0,0.167,255,0.604,4.1992,1070.79,MB,30m,validation,0.575,340
10.0,0.25,255,0.537,3.3395,851.57,MB,30m,validation,0.575,340
10.0,0.5,255,0.42,1.5829,403.64,MB,30m,validation,0.575,340
10.0,1.0,255,0.325,-0.0335,-8.53,MB,30m,validation,0.575,340
10.0,2.0,255,0.263,-3.1988,-815.68,MB,30m,validation,0.575,340
10.0,5.0,255,0.184,-8.4367,-2151.35,MB,30m,validation,0.575,340
2.0,0.083,250,0.776,4.4259,1106.49,MB,30m,validation,0.6,340
2.0,0.125,250,0.68,3.8757,968.93,MB,30m,validation,0.6,340
2.0,0.167,250,0.66,3.9927,998.18,MB,30m,validation,0.6,340
2.0,0.25,250,0.616,3.3168,829.2,MB,30m,validation,0.6,340
2.0,0.5,250,0.552,0.8346,208.64,MB,30m,validation,0.6,340
2.0,1.0,250,0.476,-2.0585,-514.62,MB,30m,validation,0.6,340
2.0,2.0,250,0.444,-4.9374,-1234.34,MB,30m,validation,0.6,340
2.0,5.0,250,0.308,-10.5425,-2635.62,MB,30m,validation,0.6,340
3.0,0.083,250,0.764,3.9774,994.36,MB,30m,validation,0.6,340
3.0,0.125,250,0.652,3.5997,899.93,MB,30m,validation,0.6,340
3.0,0.167,250,0.628,3.9647,991.19,MB,30m,validation,0.6,340
3.0,0.25,250,0.568,3.233,808.26,MB,30m,validation,0.6,340
3.0,0.5,250,0.492,1.0169,254.22,MB,30m,validation,0.6,340
3.0,1.0,250,0.432,-1.7118,-427.95,MB,30m,validation,0.6,340
3.0,2.0,250,0.416,-4.5686,-1142.14,MB,30m,validation,0.6,340
3.0,5.0,250,0.356,-10.175,-2543.74,MB,30m,validation,0.6,340
4.0,0.083,250,0.76,4.0804,1020.11,MB,30m,validation,0.6,340
4.0,0.125,250,0.636,3.7295,932.37,MB,30m,validation,0.6,340
4.0,0.167,250,0.612,4.1761,1044.02,MB,30m,validation,0.6,340
4.0,0.25,250,0.548,3.6221,905.51,MB,30m,validation,0.6,340
4.0,0.5,250,0.452,1.3606,340.14,MB,30m,validation,0.6,340
4.0,1.0,250,0.368,-1.1752,-293.81,MB,30m,validation,0.6,340
4.0,2.0,250,0.348,-3.9745,-993.62,MB,30m,validation,0.6,340
4.0,5.0,250,0.32,-9.6453,-2411.32,MB,30m,validation,0.6,340
5.0,0.083,250,0.76,4.0867,1021.66,MB,30m,validation,0.6,340
5.0,0.125,250,0.64,3.8246,956.15,MB,30m,validation,0.6,340
5.0,0.167,250,0.616,4.3353,1083.84,MB,30m,validation,0.6,340
5.0,0.25,250,0.552,3.9446,986.16,MB,30m,validation,0.6,340
5.0,0.5,250,0.448,1.9086,477.14,MB,30m,validation,0.6,340
5.0,1.0,250,0.356,-0.3861,-96.54,MB,30m,validation,0.6,340
5.0,2.0,250,0.324,-3.344,-836.01,MB,30m,validation,0.6,340
5.0,5.0,250,0.284,-9.4109,-2352.72,MB,30m,validation,0.6,340
7.0,0.083,250,0.76,4.0896,1022.41,MB,30m,validation,0.6,340
7.0,0.125,250,0.64,3.8396,959.9,MB,30m,validation,0.6,340
7.0,0.167,250,0.616,4.3805,1095.13,MB,30m,validation,0.6,340
7.0,0.25,250,0.548,3.8683,967.07,MB,30m,validation,0.6,340
7.0,0.5,250,0.444,1.8814,470.34,MB,30m,validation,0.6,340
7.0,1.0,250,0.336,-0.0442,-11.06,MB,30m,validation,0.6,340
7.0,2.0,250,0.276,-3.5149,-878.74,MB,30m,validation,0.6,340
7.0,5.0,250,0.216,-9.2832,-2320.8,MB,30m,validation,0.6,340
10.0,0.083,250,0.76,4.0896,1022.41,MB,30m,validation,0.6,340
10.0,0.125,250,0.64,3.8401,960.04,MB,30m,validation,0.6,340
10.0,0.167,250,0.616,4.3837,1095.93,MB,30m,validation,0.6,340
10.0,0.25,250,0.548,3.889,972.24,MB,30m,validation,0.6,340
10.0,0.5,250,0.436,1.8147,453.69,MB,30m,validation,0.6,340
10.0,1.0,250,0.328,0.0845,21.12,MB,30m,validation,0.6,340
10.0,2.0,250,0.264,-3.3475,-836.87,MB,30m,validation,0.6,340
10.0,5.0,250,0.184,-8.9356,-2233.9,MB,30m,validation,0.6,340
2.0,0.083,240,0.771,4.211,1010.64,MB,30m,validation,0.625,340
2.0,0.125,240,0.7,3.7262,894.28,MB,30m,validation,0.625,340
2.0,0.167,240,0.675,3.5248,845.95,MB,30m,validation,0.625,340
2.0,0.25,240,0.625,2.9779,714.69,MB,30m,validation,0.625,340
2.0,0.5,240,0.567,0.6183,148.4,MB,30m,validation,0.625,340
2.0,1.0,240,0.488,-2.1453,-514.88,MB,30m,validation,0.625,340
2.0,2.0,240,0.429,-5.0593,-1214.24,MB,30m,validation,0.625,340
2.0,5.0,240,0.288,-10.7065,-2569.56,MB,30m,validation,0.625,340
3.0,0.083,240,0.754,3.6513,876.32,MB,30m,validation,0.625,340
3.0,0.125,240,0.671,3.3686,808.46,MB,30m,validation,0.625,340
3.0,0.167,240,0.633,3.4216,821.17,MB,30m,validation,0.625,340
3.0,0.25,240,0.562,2.5635,615.24,MB,30m,validation,0.625,340
3.0,0.5,240,0.5,0.3696,88.71,MB,30m,validation,0.625,340
3.0,1.0,240,0.421,-2.3116,-554.79,MB,30m,validation,0.625,340
3.0,2.0,240,0.4,-5.2258,-1254.18,MB,30m,validation,0.625,340
3.0,5.0,240,0.329,-10.8863,-2612.71,MB,30m,validation,0.625,340
4.0,0.083,240,0.75,3.7691,904.57,MB,30m,validation,0.625,340
4.0,0.125,240,0.654,3.5888,861.32,MB,30m,validation,0.625,340
4.0,0.167,240,0.617,3.7205,892.92,MB,30m,validation,0.625,340
4.0,0.25,240,0.533,3.0849,740.39,MB,30m,validation,0.625,340
4.0,0.5,240,0.45,0.6764,162.33,MB,30m,validation,0.625,340
4.0,1.0,240,0.354,-2.0899,-501.57,MB,30m,validation,0.625,340
4.0,2.0,240,0.338,-5.0309,-1207.42,MB,30m,validation,0.625,340
4.0,5.0,240,0.312,-10.8319,-2599.65,MB,30m,validation,0.625,340
5.0,0.083,240,0.75,3.7747,905.92,MB,30m,validation,0.625,340
5.0,0.125,240,0.654,3.6293,871.03,MB,30m,validation,0.625,340
5.0,0.167,240,0.617,3.8082,913.96,MB,30m,validation,0.625,340
5.0,0.25,240,0.533,3.3424,802.17,MB,30m,validation,0.625,340
5.0,0.5,240,0.446,1.2514,300.33,MB,30m,validation,0.625,340
5.0,1.0,240,0.35,-1.0856,-260.54,MB,30m,validation,0.625,340
5.0,2.0,240,0.321,-4.1077,-985.84,MB,30m,validation,0.625,340
5.0,5.0,240,0.288,-10.0587,-2414.08,MB,30m,validation,0.625,340
7.0,0.083,240,0.75,3.7784,906.83,MB,30m,validation,0.625,340
7.0,0.125,240,0.654,3.6481,875.53,MB,30m,validation,0.625,340
7.0,0.167,240,0.617,3.8608,926.6,MB,30m,validation,0.625,340
7.0,0.25,240,0.533,3.4275,822.59,MB,30m,validation,0.625,340
7.0,0.5,240,0.446,1.5228,365.46,MB,30m,validation,0.625,340
7.0,1.0,240,0.329,-0.5306,-127.35,MB,30m,validation,0.625,340
7.0,2.0,240,0.275,-3.9649,-951.56,MB,30m,validation,0.625,340
7.0,5.0,240,0.221,-9.9199,-2380.79,MB,30m,validation,0.625,340
10.0,0.083,240,0.75,3.7784,906.83,MB,30m,validation,0.625,340
10.0,0.125,240,0.654,3.6486,875.66,MB,30m,validation,0.625,340
10.0,0.167,240,0.617,3.8641,927.38,MB,30m,validation,0.625,340
10.0,0.25,240,0.529,3.3051,793.22,MB,30m,validation,0.625,340
10.0,0.5,240,0.433,1.2972,311.33,MB,30m,validation,0.625,340
10.0,1.0,240,0.317,-0.537,-128.88,MB,30m,validation,0.625,340
10.0,2.0,240,0.258,-4.0454,-970.9,MB,30m,validation,0.625,340
10.0,5.0,240,0.175,-9.7677,-2344.24,MB,30m,validation,0.625,340
2.0,0.083,238,0.798,4.4471,1058.41,MB,30m,validation,0.65,340
2.0,0.125,238,0.706,4.3318,1030.97,MB,30m,validation,0.65,340
2.0,0.167,238,0.672,4.2153,1003.23,MB,30m,validation,0.65,340
2.0,0.25,238,0.634,3.3783,804.04,MB,30m,validation,0.65,340
2.0,0.5,238,0.571,1.6504,392.8,MB,30m,validation,0.65,340
2.0,1.0,238,0.521,-1.0484,-249.51,MB,30m,validation,0.65,340
2.0,2.0,238,0.458,-3.9952,-950.85,MB,30m,validation,0.65,340
2.0,5.0,238,0.277,-9.6721,-2301.97,MB,30m,validation,0.65,340
3.0,0.083,238,0.782,4.1044,976.85,MB,30m,validation,0.65,340
3.0,0.125,238,0.664,3.8261,910.6,MB,30m,validation,0.65,340
3.0,0.167,238,0.626,3.8516,916.68,MB,30m,validation,0.65,340
3.0,0.25,238,0.567,2.9093,692.41,MB,30m,validation,0.65,340
3.0,0.5,238,0.496,1.0587,251.96,MB,30m,validation,0.65,340
3.0,1.0,238,0.441,-1.512,-359.85,MB,30m,validation,0.65,340
3.0,2.0,238,0.416,-4.4696,-1063.76,MB,30m,validation,0.65,340
3.0,5.0,238,0.332,-10.1387,-2413.01,MB,30m,validation,0.65,340
4.0,0.083,238,0.773,4.0488,963.61,MB,30m,validation,0.65,340
4.0,0.125,238,0.647,3.8247,910.28,MB,30m,validation,0.65,340
4.0,0.167,238,0.601,3.9775,946.64,MB,30m,validation,0.65,340
4.0,0.25,238,0.534,3.199,761.36,MB,30m,validation,0.65,340
4.0,0.5,238,0.445,1.1842,281.85,MB,30m,validation,0.65,340
4.0,1.0,238,0.366,-1.5183,-361.35,MB,30m,validation,0.65,340
4.0,2.0,238,0.349,-4.6332,-1102.69,MB,30m,validation,0.65,340
4.0,5.0,238,0.319,-10.4729,-2492.56,MB,30m,validation,0.65,340
5.0,0.083,238,0.773,4.0546,964.99,MB,30m,validation,0.65,340
5.0,0.125,238,0.643,3.7121,883.48,MB,30m,validation,0.65,340
5.0,0.167,238,0.597,3.8563,917.79,MB,30m,validation,0.65,340
5.0,0.25,238,0.525,3.2746,779.35,MB,30m,validation,0.65,340
5.0,0.5,238,0.429,1.6138,384.08,MB,30m,validation,0.65,340
5.0,1.0,238,0.345,-0.6548,-155.84,MB,30m,validation,0.65,340
5.0,2.0,238,0.324,-3.5957,-855.79,MB,30m,validation,0.65,340
5.0,5.0,238,0.294,-9.3003,-2213.47,MB,30m,validation,0.65,340
7.0,0.083,238,0.773,4.0611,966.55,MB,30m,validation,0.65,340
7.0,0.125,238,0.643,3.7589,894.61,MB,30m,validation,0.65,340
7.0,0.167,238,0.597,3.9503,940.17,MB,30m,validation,0.65,340
7.0,0.25,238,0.525,3.4206,814.11,MB,30m,validation,0.65,340
7.0,0.5,238,0.429,1.8809,447.66,MB,30m,validation,0.65,340
7.0,1.0,238,0.324,-0.2847,-67.76,MB,30m,validation,0.65,340
7.0,2.0,238,0.277,-3.5761,-851.12,MB,30m,validation,0.65,340
7.0,5.0,238,0.218,-9.6468,-2295.93,MB,30m,validation,0.65,340
10.0,0.083,238,0.773,4.0611,966.55,MB,30m,validation,0.65,340
10.0,0.125,238,0.643,3.7595,894.77,MB,30m,validation,0.65,340
10.0,0.167,238,0.597,3.9544,941.16,MB,30m,validation,0.65,340
10.0,0.25,238,0.521,3.309,787.53,MB,30m,validation,0.65,340
10.0,0.5,238,0.424,1.8353,436.81,MB,30m,validation,0.65,340
10.0,1.0,238,0.315,-0.0483,-11.49,MB,30m,validation,0.65,340
10.0,2.0,238,0.252,-3.7047,-881.73,MB,30m,validation,0.65,340
10.0,5.0,238,0.172,-9.6049,-2285.96,MB,30m,validation,0.65,340
2.0,0.083,233,0.777,4.2113,981.23,MB,30m,validation,0.675,340
2.0,0.125,233,0.695,4.1678,971.1,MB,30m,validation,0.675,340
2.0,0.167,233,0.665,4.201,978.84,MB,30m,validation,0.675,340
2.0,0.25,233,0.622,3.0566,712.2,MB,30m,validation,0.675,340
2.0,0.5,233,0.554,0.9804,228.43,MB,30m,validation,0.675,340
2.0,1.0,233,0.502,-1.4965,-348.67,MB,30m,validation,0.675,340
2.0,2.0,233,0.421,-4.4555,-1038.13,MB,30m,validation,0.675,340
2.0,5.0,233,0.258,-10.1147,-2356.72,MB,30m,validation,0.675,340
3.0,0.083,233,0.755,3.7239,867.66,MB,30m,validation,0.675,340
3.0,0.125,233,0.652,3.5674,831.21,MB,30m,validation,0.675,340
3.0,0.167,233,0.614,3.8451,895.91,MB,30m,validation,0.675,340
3.0,0.25,233,0.558,2.605,606.98,MB,30m,validation,0.675,340
3.0,0.5,233,0.485,0.424,98.78,MB,30m,validation,0.675,340
3.0,1.0,233,0.442,-1.9048,-443.81,MB,30m,validation,0.675,340
3.0,2.0,233,0.408,-4.8316,-1125.75,MB,30m,validation,0.675,340
3.0,5.0,233,0.305,-10.4732,-2440.25,MB,30m,validation,0.675,340
4.0,0.083,233,0.747,3.6509,850.67,MB,30m,validation,0.675,340
4.0,0.125,233,0.635,3.6453,849.34,MB,30m,validation,0.675,340
4.0,0.167,233,0.597,4.0238,937.55,MB,30m,validation,0.675,340
4.0,0.25,233,0.536,3.0612,713.25,MB,30m,validation,0.675,340
4.0,0.5,233,0.442,0.8747,203.8,MB,30m,validation,0.675,340
4.0,1.0,233,0.373,-1.305,-304.06,MB,30m,validation,0.675,340
4.0,2.0,233,0.356,-4.3512,-1013.82,MB,30m,validation,0.675,340
4.0,5.0,233,0.318,-10.0979,-2352.82,MB,30m,validation,0.675,340
5.0,0.083,233,0.747,3.6787,857.14,MB,30m,validation,0.675,340
5.0,0.125,233,0.635,3.6563,851.92,MB,30m,validation,0.675,340
5.0,0.167,233,0.588,4.0206,936.8,MB,30m,validation,0.675,340
5.0,0.25,233,0.519,3.1837,741.79,MB,30m,validation,0.675,340
5.0,0.5,233,0.416,1.2507,291.42,MB,30m,validation,0.675,340
5.0,1.0,233,0.343,-0.5791,-134.94,MB,30m,validation,0.675,340
5.0,2.0,233,0.322,-3.3862,-788.98,MB,30m,validation,0.675,340
5.0,5.0,233,0.3,-9.0396,-2106.23,MB,30m,validation,0.675,340
7.0,0.083,233,0.747,3.6797,857.37,MB,30m,validation,0.675,340
7.0,0.125,233,0.631,3.5386,824.5,MB,30m,validation,0.675,340
7.0,0.167,233,0.584,3.9428,918.66,MB,30m,validation,0.675,340
7.0,0.25,233,0.515,3.173,739.31,MB,30m,validation,0.675,340
7.0,0.5,233,0.412,1.6221,377.96,MB,30m,validation,0.675,340
7.0,1.0,233,0.326,0.2104,49.02,MB,30m,validation,0.675,340
7.0,2.0,233,0.288,-3.0724,-715.86,MB,30m,validation,0.675,340
7.0,5.0,233,0.232,-9.0771,-2114.97,MB,30m,validation,0.675,340
10.0,0.083,233,0.747,3.6828,858.08,MB,30m,validation,0.675,340
10.0,0.125,233,0.631,3.5501,827.17,MB,30m,validation,0.675,340
10.0,0.167,233,0.584,3.9649,923.82,MB,30m,validation,0.675,340
10.0,0.25,233,0.511,3.0883,719.58,MB,30m,validation,0.675,340
10.0,0.5,233,0.408,1.4555,339.13,MB,30m,validation,0.675,340
10.0,1.0,233,0.309,0.1196,27.87,MB,30m,validation,0.675,340
10.0,2.0,233,0.249,-3.5365,-824.0,MB,30m,validation,0.675,340
10.0,5.0,233,0.18,-9.4072,-2191.87,MB,30m,validation,0.675,340
2.0,0.083,229,0.747,3.8249,875.91,MB,30m,validation,0.7,340
2.0,0.125,229,0.681,3.8566,883.17,MB,30m,validation,0.7,340
2.0,0.167,229,0.651,3.6959,846.37,MB,30m,validation,0.7,340
2.0,0.25,229,0.611,2.686,615.09,MB,30m,validation,0.7,340
2.0,0.5,229,0.541,0.49,112.2,MB,30m,validation,0.7,340
2.0,1.0,229,0.498,-1.852,-424.12,MB,30m,validation,0.7,340
2.0,2.0,229,0.41,-4.8003,-1099.27,MB,30m,validation,0.7,340
2.0,5.0,229,0.223,-10.4634,-2396.12,MB,30m,validation,0.7,340
3.0,0.083,229,0.734,3.8683,885.84,MB,30m,validation,0.7,340
3.0,0.125,229,0.642,3.7934,868.68,MB,30m,validation,0.7,340
3.0,0.167,229,0.603,3.8915,891.14,MB,30m,validation,0.7,340
3.0,0.25,229,0.541,2.6774,613.13,MB,30m,validation,0.7,340
3.0,0.5,229,0.472,0.4854,111.16,MB,30m,validation,0.7,340
3.0,1.0,229,0.432,-1.7749,-406.45,MB,30m,validation,0.7,340
3.0,2.0,229,0.406,-4.7337,-1084.02,MB,30m,validation,0.7,340
3.0,5.0,229,0.297,-10.4095,-2383.77,MB,30m,validation,0.7,340
4.0,0.083,229,0.716,3.247,743.56,MB,30m,validation,0.7,340
4.0,0.125,229,0.62,3.368,771.26,MB,30m,validation,0.7,340
4.0,0.167,229,0.581,3.5535,813.76,MB,30m,validation,0.7,340
4.0,0.25,229,0.515,2.6181,599.53,MB,30m,validation,0.7,340
4.0,0.5,229,0.428,0.4265,97.67,MB,30m,validation,0.7,340
4.0,1.0,229,0.371,-1.6726,-383.03,MB,30m,validation,0.7,340
4.0,2.0,229,0.362,-4.6252,-1059.17,MB,30m,validation,0.7,340
4.0,5.0,229,0.323,-10.3054,-2359.93,MB,30m,validation,0.7,340
5.0,0.083,229,0.716,3.2773,750.5,MB,30m,validation,0.7,340
5.0,0.125,229,0.62,3.395,777.45,MB,30m,validation,0.7,340
5.0,0.167,229,0.572,3.5707,817.68,MB,30m,validation,0.7,340
5.0,0.25,229,0.502,2.7856,637.91,MB,30m,validation,0.7,340
5.0,0.5,229,0.397,0.6041,138.35,MB,30m,validation,0.7,340
5.0,1.0,229,0.328,-1.2333,-282.42,MB,30m,validation,0.7,340
5.0,2.0,229,0.319,-4.1188,-943.2,MB,30m,validation,0.7,340
5.0,5.0,229,0.288,-9.9191,-2271.47,MB,30m,validation,0.7,340
7.0,0.083,229,0.716,3.2782,750.72,MB,30m,validation,0.7,340
7.0,0.125,229,0.616,3.2797,751.05,MB,30m,validation,0.7,340
7.0,0.167,229,0.568,3.5027,802.13,MB,30m,validation,0.7,340
7.0,0.25,229,0.498,2.8087,643.19,MB,30m,validation,0.7,340
7.0,0.5,229,0.393,1.0354,237.1,MB,30m,validation,0.7,340
7.0,1.0,229,0.31,-0.4202,-96.21,MB,30m,validation,0.7,340
7.0,2.0,229,0.288,-3.3837,-774.86,MB,30m,validation,0.7,340
7.0,5.0,229,0.236,-9.4119,-2155.32,MB,30m,validation,0.7,340
10.0,0.083,229,0.716,3.2813,751.42,MB,30m,validation,0.7,340
10.0,0.125,229,0.616,3.2913,753.7,MB,30m,validation,0.7,340
10.0,0.167,229,0.568,3.5255,807.33,MB,30m,validation,0.7,340
10.0,0.25,229,0.493,2.7355,626.44,MB,30m,validation,0.7,340
10.0,0.5,229,0.384,0.5953,136.33,MB,30m,validation,0.7,340
10.0,1.0,229,0.288,-0.8521,-195.12,MB,30m,validation,0.7,340
10.0,2.0,229,0.249,-3.7949,-869.02,MB,30m,validation,0.7,340
10.0,5.0,229,0.179,-9.6944,-2220.01,MB,30m,validation,0.7,340
2.0,0.083,249,0.771,3.2515,809.62,MB,30m,holdout,0.3,318
2.0,0.125,249,0.755,4.7648,1186.43,MB,30m,holdout,0.3,318
2.0,0.167,249,0.747,3.6693,913.66,MB,30m,holdout,0.3,318
2.0,0.25,249,0.687,3.5842,892.47,MB,30m,holdout,0.3,318
2.0,0.5,249,0.57,1.8966,472.25,MB,30m,holdout,0.3,318
2.0,1.0,249,0.518,0.1448,36.07,MB,30m,holdout,0.3,318
2.0,2.0,249,0.482,-1.9883,-495.1,MB,30m,holdout,0.3,318
2.0,5.0,249,0.402,-5.913,-1472.34,MB,30m,holdout,0.3,318
3.0,0.083,249,0.763,3.2253,803.1,MB,30m,holdout,0.3,318
3.0,0.125,249,0.739,4.7283,1177.34,MB,30m,holdout,0.3,318
3.0,0.167,249,0.723,3.5478,883.39,MB,30m,holdout,0.3,318
3.0,0.25,249,0.659,3.5913,894.23,MB,30m,holdout,0.3,318
3.0,0.5,249,0.51,1.7845,444.34,MB,30m,holdout,0.3,318
3.0,1.0,249,0.454,-0.2904,-72.3,MB,30m,holdout,0.3,318
3.0,2.0,249,0.402,-2.5848,-643.61,MB,30m,holdout,0.3,318
3.0,5.0,249,0.357,-7.4315,-1850.45,MB,30m,holdout,0.3,318
4.0,0.083,249,0.763,3.2365,805.89,MB,30m,holdout,0.3,318
4.0,0.125,249,0.739,4.7773,1189.55,MB,30m,holdout,0.3,318
4.0,0.167,249,0.723,3.65,908.86,MB,30m,holdout,0.3,318
4.0,0.25,249,0.655,3.7042,922.35,MB,30m,holdout,0.3,318
4.0,0.5,249,0.494,1.9829,493.74,MB,30m,holdout,0.3,318
4.0,1.0,249,0.43,-0.0115,-2.86,MB,30m,holdout,0.3,318
4.0,2.0,249,0.357,-2.3466,-584.3,MB,30m,holdout,0.3,318
4.0,5.0,249,0.297,-7.2645,-1808.85,MB,30m,holdout,0.3,318
5.0,0.083,249,0.763,3.237,806.0,MB,30m,holdout,0.3,318
5.0,0.125,249,0.739,4.7804,1190.32,MB,30m,holdout,0.3,318
5.0,0.167,249,0.723,3.6592,911.13,MB,30m,holdout,0.3,318
5.0,0.25,249,0.655,3.7395,931.15,MB,30m,holdout,0.3,318
5.0,0.5,249,0.49,1.9431,483.84,MB,30m,holdout,0.3,318
5.0,1.0,249,0.414,-0.0361,-9.0,MB,30m,holdout,0.3,318
5.0,2.0,249,0.337,-2.1476,-534.76,MB,30m,holdout,0.3,318
5.0,5.0,249,0.273,-6.8633,-1708.97,MB,30m,holdout,0.3,318
7.0,0.083,249,0.763,3.237,806.0,MB,30m,holdout,0.3,318
7.0,0.125,249,0.739,4.7805,1190.34,MB,30m,holdout,0.3,318
7.0,0.167,249,0.723,3.6597,911.27,MB,30m,holdout,0.3,318
7.0,0.25,249,0.655,3.7482,933.31,MB,30m,holdout,0.3,318
7.0,0.5,249,0.486,1.9158,477.04,MB,30m,holdout,0.3,318
7.0,1.0,249,0.406,-0.0005,-0.12,MB,30m,holdout,0.3,318
7.0,2.0,249,0.329,-2.4368,-606.76,MB,30m,holdout,0.3,318
7.0,5.0,249,0.241,-7.0739,-1761.4,MB,30m,holdout,0.3,318
10.0,0.083,249,0.763,3.237,806.0,MB,30m,holdout,0.3,318
10.0,0.125,249,0.739,4.7805,1190.34,MB,30m,holdout,0.3,318
10.0,0.167,249,0.723,3.6597,911.27,MB,30m,holdout,0.3,318
10.0,0.25,249,0.655,3.7486,933.41,MB,30m,holdout,0.3,318
10.0,0.5,249,0.482,1.6781,417.84,MB,30m,holdout,0.3,318
10.0,1.0,249,0.402,-0.0785,-19.55,MB,30m,holdout,0.3,318
10.0,2.0,249,0.325,-2.3466,-584.31,MB,30m,holdout,0.3,318
10.0,5.0,249,0.225,-7.0598,-1757.89,MB,30m,holdout,0.3,318
2.0,0.083,254,0.78,3.2545,826.64,MB,30m,holdout,0.325,318
2.0,0.125,254,0.744,4.7758,1213.05,MB,30m,holdout,0.325,318
2.0,0.167,254,0.736,3.8852,986.84,MB,30m,holdout,0.325,318
2.0,0.25,254,0.681,3.5133,892.38,MB,30m,holdout,0.325,318
2.0,0.5,254,0.587,2.2554,572.88,MB,30m,holdout,0.325,318
2.0,1.0,254,0.516,0.2823,71.7,MB,30m,holdout,0.325,318
2.0,2.0,254,0.48,-1.9189,-487.41,MB,30m,holdout,0.325,318
2.0,5.0,254,0.398,-6.5861,-1672.87,MB,30m,holdout,0.325,318
3.0,0.083,254,0.772,3.2057,814.24,MB,30m,holdout,0.325,318
3.0,0.125,254,0.728,4.6356,1177.45,MB,30m,holdout,0.325,318
3.0,0.167,254,0.713,3.7232,945.69,MB,30m,holdout,0.325,318
3.0,0.25,254,0.65,3.488,885.94,MB,30m,holdout,0.325,318
3.0,0.5,254,0.524,1.9546,496.46,MB,30m,holdout,0.325,318
3.0,1.0,254,0.445,-0.4721,-119.92,MB,30m,holdout,0.325,318
3.0,2.0,254,0.394,-2.8965,-735.7,MB,30m,holdout,0.325,318
3.0,5.0,254,0.35,-7.8725,-1999.62,MB,30m,holdout,0.325,318
4.0,0.083,254,0.772,3.2167,817.04,MB,30m,holdout,0.325,318
4.0,0.125,254,0.728,4.6888,1190.95,MB,30m,holdout,0.325,318
4.0,0.167,254,0.713,3.8328,973.53,MB,30m,holdout,0.325,318
4.0,0.25,254,0.65,3.7549,953.75,MB,30m,holdout,0.325,318
4.0,0.5,254,0.516,2.4584,624.45,MB,30m,holdout,0.325,318
4.0,1.0,254,0.433,0.4217,107.11,MB,30m,holdout,0.325,318
4.0,2.0,254,0.362,-1.8269,-464.03,MB,30m,holdout,0.325,318
4.0,5.0,254,0.303,-6.9705,-1770.52,MB,30m,holdout,0.325,318
5.0,0.083,254,0.772,3.2168,817.06,MB,30m,holdout,0.325,318
5.0,0.125,254,0.728,4.6907,1191.45,MB,30m,holdout,0.325,318
5.0,0.167,254,0.713,3.8404,975.45,MB,30m,holdout,0.325,318
5.0,0.25,254,0.646,3.6624,930.25,MB,30m,holdout,0.325,318
5.0,0.5,254,0.504,2.1874,555.59,MB,30m,holdout,0.325,318
5.0,1.0,254,0.406,-0.1125,-28.57,MB,30m,holdout,0.325,318
5.0,2.0,254,0.331,-2.318,-588.76,MB,30m,holdout,0.325,318
5.0,5.0,254,0.268,-7.3833,-1875.35,MB,30m,holdout,0.325,318
7.0,0.083,254,0.772,3.2168,817.06,MB,30m,holdout,0.325,318
7.0,0.125,254,0.728,4.691,1191.5,MB,30m,holdout,0.325,318
7.0,0.167,254,0.713,3.8417,975.79,MB,30m,holdout,0.325,318
7.0,0.25,254,0.646,3.6743,933.27,MB,30m,holdout,0.325,318
7.0,0.5,254,0.5,2.1755,552.58,MB,30m,holdout,0.325,318
7.0,1.0,254,0.398,-0.0184,-4.66,MB,30m,holdout,0.325,318
7.0,2.0,254,0.323,-2.2537,-572.43,MB,30m,holdout,0.325,318
7.0,5.0,254,0.24,-7.2356,-1837.83,MB,30m,holdout,0.325,318
10.0,0.083,254,0.772,3.2168,817.06,MB,30m,holdout,0.325,318
10.0,0.125,254,0.728,4.691,1191.5,MB,30m,holdout,0.325,318
10.0,0.167,254,0.713,3.8417,975.79,MB,30m,holdout,0.325,318
10.0,0.25,254,0.646,3.675,933.44,MB,30m,holdout,0.325,318
10.0,0.5,254,0.496,1.9479,494.78,MB,30m,holdout,0.325,318
10.0,1.0,254,0.394,-0.0759,-19.27,MB,30m,holdout,0.325,318
10.0,2.0,254,0.319,-2.383,-605.27,MB,30m,holdout,0.325,318
10.0,5.0,254,0.22,-7.4547,-1893.5,MB,30m,holdout,0.325,318
2.0,0.083,257,0.786,3.1745,815.85,MB,30m,holdout,0.35,318
2.0,0.125,257,0.743,4.5432,1167.61,MB,30m,holdout,0.35,318
2.0,0.167,257,0.732,3.7279,958.08,MB,30m,holdout,0.35,318
2.0,0.25,257,0.673,3.3215,853.63,MB,30m,holdout,0.35,318
2.0,0.5,257,0.584,2.1442,551.06,MB,30m,holdout,0.35,318
2.0,1.0,257,0.514,0.0929,23.89,MB,30m,holdout,0.35,318
2.0,2.0,257,0.479,-2.1561,-554.13,MB,30m,holdout,0.35,318
2.0,5.0,257,0.405,-6.7471,-1734.02,MB,30m,holdout,0.35,318
3.0,0.083,257,0.778,3.1565,811.22,MB,30m,holdout,0.35,318
3.0,0.125,257,0.728,4.4326,1139.19,MB,30m,holdout,0.35,318
3.0,0.167,257,0.712,3.5597,914.84,MB,30m,holdout,0.35,318
3.0,0.25,257,0.646,3.2734,841.26,MB,30m,holdout,0.35,318
3.0,0.5,257,0.525,1.8974,487.64,MB,30m,holdout,0.35,318
3.0,1.0,257,0.444,-0.5717,-146.93,MB,30m,holdout,0.35,318
3.0,2.0,257,0.389,-3.0413,-781.62,MB,30m,holdout,0.35,318
3.0,5.0,257,0.346,-7.6691,-1970.96,MB,30m,holdout,0.35,318
4.0,0.083,257,0.778,3.1669,813.9,MB,30m,holdout,0.35,318
4.0,0.125,257,0.728,4.4896,1153.82,MB,30m,holdout,0.35,318
4.0,0.167,257,0.712,3.6735,944.09,MB,30m,holdout,0.35,318
4.0,0.25,257,0.646,3.5607,915.11,MB,30m,holdout,0.35,318
4.0,0.5,257,0.514,2.3118,594.13,MB,30m,holdout,0.35,318
4.0,1.0,257,0.428,0.1664,42.75,MB,30m,holdout,0.35,318
4.0,2.0,257,0.354,-2.1179,-544.3,MB,30m,holdout,0.35,318
4.0,5.0,257,0.296,-7.3356,-1885.26,MB,30m,holdout,0.35,318
5.0,0.083,257,0.778,3.1672,813.96,MB,30m,holdout,0.35,318
5.0,0.125,257,0.728,4.4923,1154.53,MB,30m,holdout,0.35,318
5.0,0.167,257,0.712,3.686,947.3,MB,30m,holdout,0.35,318
5.0,0.25,257,0.642,3.4925,897.56,MB,30m,holdout,0.35,318
5.0,0.5,257,0.506,2.2386,575.31,MB,30m,holdout,0.35,318
5.0,1.0,257,0.405,-0.1461,-37.55,MB,30m,holdout,0.35,318
5.0,2.0,257,0.327,-2.3607,-606.69,MB,30m,holdout,0.35,318
5.0,5.0,257,0.265,-7.4518,-1915.1,MB,30m,holdout,0.35,318
7.0,0.083,257,0.778,3.1672,813.96,MB,30m,holdout,0.35,318
7.0,0.125,257,0.728,4.4925,1154.57,MB,30m,holdout,0.35,318
7.0,0.167,257,0.712,3.6871,947.58,MB,30m,holdout,0.35,318
7.0,0.25,257,0.642,3.5047,900.71,MB,30m,holdout,0.35,318
7.0,0.5,257,0.498,2.0709,532.23,MB,30m,holdout,0.35,318
7.0,1.0,257,0.393,-0.242,-62.18,MB,30m,holdout,0.35,318
7.0,2.0,257,0.315,-2.5308,-650.43,MB,30m,holdout,0.35,318
7.0,5.0,257,0.233,-7.5183,-1932.2,MB,30m,holdout,0.35,318
10.0,0.083,257,0.778,3.1672,813.96,MB,30m,holdout,0.35,318
10.0,0.125,257,0.728,4.4925,1154.57,MB,30m,holdout,0.35,318
10.0,0.167,257,0.712,3.6871,947.59,MB,30m,holdout,0.35,318
10.0,0.25,257,0.642,3.5054,900.88,MB,30m,holdout,0.35,318
10.0,0.5,257,0.494,1.8494,475.3,MB,30m,holdout,0.35,318
10.0,1.0,257,0.389,-0.2707,-69.57,MB,30m,holdout,0.35,318
10.0,2.0,257,0.311,-2.6423,-679.07,MB,30m,holdout,0.35,318
10.0,5.0,257,0.214,-7.7889,-2001.75,MB,30m,holdout,0.35,318
2.0,0.083,256,0.781,3.1431,804.64,MB,30m,holdout,0.375,318
2.0,0.125,256,0.734,4.3359,1109.99,MB,30m,holdout,0.375,318
2.0,0.167,256,0.711,3.285,840.96,MB,30m,holdout,0.375,318
2.0,0.25,256,0.668,3.2167,823.48,MB,30m,holdout,0.375,318
2.0,0.5,256,0.574,1.8812,481.58,MB,30m,holdout,0.375,318
2.0,1.0,256,0.516,-0.0163,-4.17,MB,30m,holdout,0.375,318
2.0,2.0,256,0.48,-2.1829,-558.83,MB,30m,holdout,0.375,318
2.0,5.0,256,0.398,-6.7407,-1725.61,MB,30m,holdout,0.375,318
3.0,0.083,256,0.77,3.1391,803.62,MB,30m,holdout,0.375,318
3.0,0.125,256,0.719,4.2537,1088.95,MB,30m,holdout,0.375,318
3.0,0.167,256,0.684,2.9461,754.19,MB,30m,holdout,0.375,318
3.0,0.25,256,0.633,2.9485,754.83,MB,30m,holdout,0.375,318
3.0,0.5,256,0.508,1.5043,385.09,MB,30m,holdout,0.375,318
3.0,1.0,256,0.441,-0.7858,-201.17,MB,30m,holdout,0.375,318
3.0,2.0,256,0.387,-3.2854,-841.06,MB,30m,holdout,0.375,318
3.0,5.0,256,0.34,-8.0992,-2073.4,MB,30m,holdout,0.375,318
4.0,0.083,256,0.77,3.1466,805.53,MB,30m,holdout,0.375,318
4.0,0.125,256,0.719,4.2953,1099.6,MB,30m,holdout,0.375,318
4.0,0.167,256,0.684,3.0425,778.87,MB,30m,holdout,0.375,318
4.0,0.25,256,0.633,3.2192,824.12,MB,30m,holdout,0.375,318
4.0,0.5,256,0.496,1.8368,470.22,MB,30m,holdout,0.375,318
4.0,1.0,256,0.422,-0.2651,-67.86,MB,30m,holdout,0.375,318
4.0,2.0,256,0.352,-2.3995,-614.26,MB,30m,holdout,0.375,318
4.0,5.0,256,0.297,-7.4549,-1908.44,MB,30m,holdout,0.375,318
5.0,0.083,256,0.77,3.1497,806.34,MB,30m,holdout,0.375,318
5.0,0.125,256,0.719,4.3144,1104.49,MB,30m,holdout,0.375,318
5.0,0.167,256,0.684,3.081,788.73,MB,30m,holdout,0.375,318
5.0,0.25,256,0.629,3.1968,818.39,MB,30m,holdout,0.375,318
5.0,0.5,256,0.488,1.8434,471.91,MB,30m,holdout,0.375,318
5.0,1.0,256,0.398,-0.4362,-111.67,MB,30m,holdout,0.375,318
5.0,2.0,256,0.324,-2.6452,-677.17,MB,30m,holdout,0.375,318
5.0,5.0,256,0.27,-7.7605,-1986.69,MB,30m,holdout,0.375,318
7.0,0.083,256,0.77,3.1497,806.34,MB,30m,holdout,0.375,318
7.0,0.125,256,0.719,4.3146,1104.53,MB,30m,holdout,0.375,318
7.0,0.167,256,0.684,3.0826,789.14,MB,30m,holdout,0.375,318
7.0,0.25,256,0.629,3.2141,822.81,MB,30m,holdout,0.375,318
7.0,0.5,256,0.48,1.6854,431.47,MB,30m,holdout,0.375,318
7.0,1.0,256,0.387,-0.5011,-128.29,MB,30m,holdout,0.375,318
7.0,2.0,256,0.309,-2.7274,-698.2,MB,30m,holdout,0.375,318
7.0,5.0,256,0.234,-7.8191,-2001.68,MB,30m,holdout,0.375,318
10.0,0.083,256,0.77,3.1497,806.34,MB,30m,holdout,0.375,318
10.0,0.125,256,0.719,4.3146,1104.53,MB,30m,holdout,0.375,318
10.0,0.167,256,0.684,3.0826,789.15,MB,30m,holdout,0.375,318
10.0,0.25,256,0.629,3.2155,823.16,MB,30m,holdout,0.375,318
10.0,0.5,256,0.477,1.4715,376.69,MB,30m,holdout,0.375,318
10.0,1.0,256,0.383,-0.5288,-135.38,MB,30m,holdout,0.375,318
10.0,2.0,256,0.305,-2.8915,-740.21,MB,30m,holdout,0.375,318
10.0,5.0,256,0.215,-7.8454,-2008.43,MB,30m,holdout,0.375,318
2.0,0.083,256,0.785,2.9828,763.6,MB,30m,holdout,0.4,318
2.0,0.125,256,0.742,4.3649,1117.42,MB,30m,holdout,0.4,318
2.0,0.167,256,0.699,3.4331,878.87,MB,30m,holdout,0.4,318
2.0,0.25,256,0.672,3.3798,865.23,MB,30m,holdout,0.4,318
2.0,0.5,256,0.582,2.3672,605.99,MB,30m,holdout,0.4,318
2.0,1.0,256,0.523,0.4418,113.11,MB,30m,holdout,0.4,318
2.0,2.0,256,0.488,-1.8788,-480.98,MB,30m,holdout,0.4,318
2.0,5.0,256,0.395,-5.9811,-1531.16,MB,30m,holdout,0.4,318
3.0,0.083,256,0.773,2.9871,764.7,MB,30m,holdout,0.4,318
3.0,0.125,256,0.723,4.3526,1114.26,MB,30m,holdout,0.4,318
3.0,0.167,256,0.672,3.2618,835.01,MB,30m,holdout,0.4,318
3.0,0.25,256,0.633,3.2304,826.99,MB,30m,holdout,0.4,318
3.0,0.5,256,0.512,2.1675,554.89,MB,30m,holdout,0.4,318
3.0,1.0,256,0.445,-0.0249,-6.38,MB,30m,holdout,0.4,318
3.0,2.0,256,0.395,-2.3007,-588.97,MB,30m,holdout,0.4,318
3.0,5.0,256,0.352,-6.8318,-1748.95,MB,30m,holdout,0.4,318
4.0,0.083,256,0.773,2.9952,766.78,MB,30m,holdout,0.4,318
4.0,0.125,256,0.719,4.301,1101.06,MB,30m,holdout,0.4,318
4.0,0.167,256,0.668,3.2404,829.55,MB,30m,holdout,0.4,318
4.0,0.25,256,0.629,3.3351,853.79,MB,30m,holdout,0.4,318
4.0,0.5,256,0.5,2.3378,598.47,MB,30m,holdout,0.4,318
4.0,1.0,256,0.422,0.2833,72.52,MB,30m,holdout,0.4,318
4.0,2.0,256,0.355,-1.8921,-484.38,MB,30m,holdout,0.4,318
4.0,5.0,256,0.305,-6.9379,-1776.11,MB,30m,holdout,0.4,318
5.0,0.083,256,0.773,2.9989,767.73,MB,30m,holdout,0.4,318
5.0,0.125,256,0.719,4.3254,1107.31,MB,30m,holdout,0.4,318
5.0,0.167,256,0.668,3.2972,844.08,MB,30m,holdout,0.4,318
5.0,0.25,256,0.625,3.3789,864.99,MB,30m,holdout,0.4,318
5.0,0.5,256,0.488,2.3637,605.11,MB,30m,holdout,0.4,318
5.0,1.0,256,0.398,0.1745,44.66,MB,30m,holdout,0.4,318
5.0,2.0,256,0.324,-2.0971,-536.85,MB,30m,holdout,0.4,318
5.0,5.0,256,0.27,-7.1998,-1843.14,MB,30m,holdout,0.4,318
7.0,0.083,256,0.773,2.9989,767.73,MB,30m,holdout,0.4,318
7.0,0.125,256,0.719,4.3256,1107.35,MB,30m,holdout,0.4,318
7.0,0.167,256,0.668,3.2988,844.48,MB,30m,holdout,0.4,318
7.0,0.25,256,0.625,3.3954,869.23,MB,30m,holdout,0.4,318
7.0,0.5,256,0.48,2.2249,569.59,MB,30m,holdout,0.4,318
7.0,1.0,256,0.387,0.1579,40.42,MB,30m,holdout,0.4,318
7.0,2.0,256,0.309,-2.148,-549.88,MB,30m,holdout,0.4,318
7.0,5.0,256,0.238,-7.0064,-1793.65,MB,30m,holdout,0.4,318
10.0,0.083,256,0.773,2.9989,767.73,MB,30m,holdout,0.4,318
10.0,0.125,256,0.719,4.3256,1107.35,MB,30m,holdout,0.4,318
10.0,0.167,256,0.668,3.2988,844.49,MB,30m,holdout,0.4,318
10.0,0.25,256,0.625,3.3985,870.01,MB,30m,holdout,0.4,318
10.0,0.5,256,0.477,2.0121,515.09,MB,30m,holdout,0.4,318
10.0,1.0,256,0.383,0.1199,30.69,MB,30m,holdout,0.4,318
10.0,2.0,256,0.305,-2.2781,-583.2,MB,30m,holdout,0.4,318
10.0,5.0,256,0.215,-7.259,-1858.31,MB,30m,holdout,0.4,318
2.0,0.083,253,0.779,2.8908,731.38,MB,30m,holdout,0.425,318
2.0,0.125,253,0.735,4.0241,1018.1,MB,30m,holdout,0.425,318
2.0,0.167,253,0.688,3.1049,785.53,MB,30m,holdout,0.425,318
2.0,0.25,253,0.652,2.9664,750.49,MB,30m,holdout,0.425,318
2.0,0.5,253,0.561,1.8062,456.96,MB,30m,holdout,0.425,318
2.0,1.0,253,0.502,-0.1176,-29.74,MB,30m,holdout,0.425,318
2.0,2.0,253,0.47,-2.3597,-597.0,MB,30m,holdout,0.425,318
2.0,5.0,253,0.375,-6.4621,-1634.9,MB,30m,holdout,0.425,318
3.0,0.083,253,0.771,2.8767,727.8,MB,30m,holdout,0.425,318
3.0,0.125,253,0.715,4.0898,1034.72,MB,30m,holdout,0.425,318
3.0,0.167,253,0.66,3.0452,770.43,MB,30m,holdout,0.425,318
3.0,0.25,253,0.617,2.9586,748.52,MB,30m,holdout,0.425,318
3.0,0.5,253,0.502,1.9852,502.27,MB,30m,holdout,0.425,318
3.0,1.0,253,0.439,-0.0304,-7.69,MB,30m,holdout,0.425,318
3.0,2.0,253,0.391,-2.2206,-561.8,MB,30m,holdout,0.425,318
3.0,5.0,253,0.356,-6.6557,-1683.89,MB,30m,holdout,0.425,318
4.0,0.083,253,0.771,2.8908,731.36,MB,30m,holdout,0.425,318
4.0,0.125,253,0.711,4.0506,1024.79,MB,30m,holdout,0.425,318
4.0,0.167,253,0.656,3.0334,767.46,MB,30m,holdout,0.425,318
4.0,0.25,253,0.609,3.0622,774.75,MB,30m,holdout,0.425,318
4.0,0.5,253,0.486,2.0148,509.74,MB,30m,holdout,0.425,318
4.0,1.0,253,0.411,0.0096,2.42,MB,30m,holdout,0.425,318
4.0,2.0,253,0.356,-2.0598,-521.12,MB,30m,holdout,0.425,318
4.0,5.0,253,0.312,-6.7661,-1711.82,MB,30m,holdout,0.425,318
5.0,0.083,253,0.771,2.8915,731.54,MB,30m,holdout,0.425,318
5.0,0.125,253,0.711,4.0582,1026.74,MB,30m,holdout,0.425,318
5.0,0.167,253,0.656,3.0602,774.22,MB,30m,holdout,0.425,318
5.0,0.25,253,0.605,3.0826,779.9,MB,30m,holdout,0.425,318
5.0,0.5,253,0.474,2.0859,527.74,MB,30m,holdout,0.425,318
5.0,1.0,253,0.387,-0.0693,-17.53,MB,30m,holdout,0.425,318
5.0,2.0,253,0.316,-2.3455,-593.42,MB,30m,holdout,0.425,318
5.0,5.0,253,0.261,-7.547,-1909.39,MB,30m,holdout,0.425,318
7.0,0.083,253,0.771,2.8915,731.54,MB,30m,holdout,0.425,318
7.0,0.125,253,0.711,4.0584,1026.77,MB,30m,holdout,0.425,318
7.0,0.167,253,0.656,3.0619,774.67,MB,30m,holdout,0.425,318
7.0,0.25,253,0.605,3.1008,784.51,MB,30m,holdout,0.425,318
7.0,0.5,253,0.466,1.9697,498.33,MB,30m,holdout,0.425,318
7.0,1.0,253,0.375,-0.1053,-26.64,MB,30m,holdout,0.425,318
7.0,2.0,253,0.304,-2.4161,-611.28,MB,30m,holdout,0.425,318
7.0,5.0,253,0.229,-7.4694,-1889.75,MB,30m,holdout,0.425,318
10.0,0.083,253,0.771,2.8915,731.54,MB,30m,holdout,0.425,318
10.0,0.125,253,0.711,4.0584,1026.77,MB,30m,holdout,0.425,318
10.0,0.167,253,0.656,3.0619,774.67,MB,30m,holdout,0.425,318
10.0,0.25,253,0.605,3.1011,784.59,MB,30m,holdout,0.425,318
10.0,0.5,253,0.462,1.7337,438.63,MB,30m,holdout,0.425,318
10.0,1.0,253,0.372,-0.147,-37.19,MB,30m,holdout,0.425,318
10.0,2.0,253,0.3,-2.521,-637.81,MB,30m,holdout,0.425,318
10.0,5.0,253,0.206,-7.5303,-1905.16,MB,30m,holdout,0.425,318
2.0,0.083,250,0.764,2.5893,647.31,MB,30m,holdout,0.45,318
2.0,0.125,250,0.72,3.4627,865.67,MB,30m,holdout,0.45,318
2.0,0.167,250,0.676,2.7658,691.46,MB,30m,holdout,0.45,318
2.0,0.25,250,0.624,2.5118,627.95,MB,30m,holdout,0.45,318
2.0,0.5,250,0.54,1.352,338.01,MB,30m,holdout,0.45,318
2.0,1.0,250,0.484,-0.6157,-153.92,MB,30m,holdout,0.45,318
2.0,2.0,250,0.452,-2.8893,-722.33,MB,30m,holdout,0.45,318
2.0,5.0,250,0.356,-7.0164,-1754.1,MB,30m,holdout,0.45,318
3.0,0.083,250,0.756,2.5957,648.92,MB,30m,holdout,0.45,318
3.0,0.125,250,0.7,3.5779,894.47,MB,30m,holdout,0.45,318
3.0,0.167,250,0.648,2.7634,690.85,MB,30m,holdout,0.45,318
3.0,0.25,250,0.6,2.6303,657.58,MB,30m,holdout,0.45,318
3.0,0.5,250,0.492,1.6903,422.59,MB,30m,holdout,0.45,318
3.0,1.0,250,0.428,-0.6325,-158.12,MB,30m,holdout,0.45,318
3.0,2.0,250,0.368,-2.8573,-714.31,MB,30m,holdout,0.45,318
3.0,5.0,250,0.34,-7.2978,-1824.46,MB,30m,holdout,0.45,318
4.0,0.083,250,0.756,2.6127,653.17,MB,30m,holdout,0.45,318
4.0,0.125,250,0.696,3.5453,886.33,MB,30m,holdout,0.45,318
4.0,0.167,250,0.644,2.7473,686.82,MB,30m,holdout,0.45,318
4.0,0.25,250,0.592,2.7074,676.84,MB,30m,holdout,0.45,318
4.0,0.5,250,0.484,1.9471,486.76,MB,30m,holdout,0.45,318
4.0,1.0,250,0.4,-0.8093,-202.32,MB,30m,holdout,0.45,318
4.0,2.0,250,0.34,-2.725,-681.24,MB,30m,holdout,0.45,318
4.0,5.0,250,0.3,-7.596,-1899.0,MB,30m,holdout,0.45,318
5.0,0.083,250,0.756,2.6133,653.32,MB,30m,holdout,0.45,318
5.0,0.125,250,0.696,3.5518,887.95,MB,30m,holdout,0.45,318
5.0,0.167,250,0.644,2.7684,692.09,MB,30m,holdout,0.45,318
5.0,0.25,250,0.592,2.7982,699.54,MB,30m,holdout,0.45,318
5.0,0.5,250,0.48,2.2016,550.4,MB,30m,holdout,0.45,318
5.0,1.0,250,0.388,-0.3097,-77.43,MB,30m,holdout,0.45,318
5.0,2.0,250,0.312,-2.202,-550.49,MB,30m,holdout,0.45,318
5.0,5.0,250,0.264,-7.1498,-1787.45,MB,30m,holdout,0.45,318
7.0,0.083,250,0.756,2.6133,653.33,MB,30m,holdout,0.45,318
7.0,0.125,250,0.696,3.5528,888.21,MB,30m,holdout,0.45,318
7.0,0.167,250,0.644,2.7729,693.22,MB,30m,holdout,0.45,318
7.0,0.25,250,0.588,2.7386,684.64,MB,30m,holdout,0.45,318
7.0,0.5,250,0.468,1.9851,496.26,MB,30m,holdout,0.45,318
7.0,1.0,250,0.372,-0.4113,-102.81,MB,30m,holdout,0.45,318
7.0,2.0,250,0.296,-2.3378,-584.44,MB,30m,holdout,0.45,318
7.0,5.0,250,0.232,-7.2089,-1802.22,MB,30m,holdout,0.45,318
10.0,0.083,250,0.756,2.6133,653.33,MB,30m,holdout,0.45,318
10.0,0.125,250,0.696,3.5528,888.21,MB,30m,holdout,0.45,318
10.0,0.167,250,0.644,2.7729,693.22,MB,30m,holdout,0.45,318
10.0,0.25,250,0.588,2.7401,685.02,MB,30m,holdout,0.45,318
10.0,0.5,250,0.464,1.7724,443.1,MB,30m,holdout,0.45,318
10.0,1.0,250,0.364,-0.6939,-173.48,MB,30m,holdout,0.45,318
10.0,2.0,250,0.288,-2.901,-725.25,MB,30m,holdout,0.45,318
10.0,5.0,250,0.2,-7.7348,-1933.7,MB,30m,holdout,0.45,318
2.0,0.083,248,0.762,2.7608,684.68,MB,30m,holdout,0.475,318
2.0,0.125,248,0.718,3.5215,873.33,MB,30m,holdout,0.475,318
2.0,0.167,248,0.661,2.8784,713.85,MB,30m,holdout,0.475,318
2.0,0.25,248,0.621,2.6655,661.05,MB,30m,holdout,0.475,318
2.0,0.5,248,0.552,1.7258,428.01,MB,30m,holdout,0.475,318
2.0,1.0,248,0.504,-0.2328,-57.73,MB,30m,holdout,0.475,318
2.0,2.0,248,0.464,-2.6408,-654.92,MB,30m,holdout,0.475,318
2.0,5.0,248,0.351,-6.9061,-1712.7,MB,30m,holdout,0.475,318
3.0,0.083,248,0.758,2.8165,698.5,MB,30m,holdout,0.475,318
3.0,0.125,248,0.706,3.6934,915.97,MB,30m,holdout,0.475,318
3.0,0.167,248,0.645,3.0365,753.06,MB,30m,holdout,0.475,318
3.0,0.25,248,0.597,2.8297,701.76,MB,30m,holdout,0.475,318
3.0,0.5,248,0.496,1.8844,467.32,MB,30m,holdout,0.475,318
3.0,1.0,248,0.435,-0.1836,-45.52,MB,30m,holdout,0.475,318
3.0,2.0,248,0.383,-2.6073,-646.61,MB,30m,holdout,0.475,318
3.0,5.0,248,0.339,-7.1902,-1783.17,MB,30m,holdout,0.475,318
4.0,0.083,248,0.758,2.8151,698.14,MB,30m,holdout,0.475,318
4.0,0.125,248,0.698,3.6659,909.15,MB,30m,holdout,0.475,318
4.0,0.167,248,0.637,2.9921,742.04,MB,30m,holdout,0.475,318
4.0,0.25,248,0.585,2.7756,688.35,MB,30m,holdout,0.475,318
4.0,0.5,248,0.472,1.8914,469.07,MB,30m,holdout,0.475,318
4.0,1.0,248,0.391,-0.8262,-204.89,MB,30m,holdout,0.475,318
4.0,2.0,248,0.327,-3.0758,-762.81,MB,30m,holdout,0.475,318
4.0,5.0,248,0.286,-8.2569,-2047.72,MB,30m,holdout,0.475,318
5.0,0.083,248,0.758,2.8107,697.06,MB,30m,holdout,0.475,318
5.0,0.125,248,0.694,3.565,884.12,MB,30m,holdout,0.475,318
5.0,0.167,248,0.633,2.9037,720.13,MB,30m,holdout,0.475,318
5.0,0.25,248,0.581,2.7573,683.8,MB,30m,holdout,0.475,318
5.0,0.5,248,0.464,2.0686,513.02,MB,30m,holdout,0.475,318
5.0,1.0,248,0.375,-0.3435,-85.18,MB,30m,holdout,0.475,318
5.0,2.0,248,0.298,-2.579,-639.59,MB,30m,holdout,0.475,318
5.0,5.0,248,0.25,-7.9029,-1959.92,MB,30m,holdout,0.475,318
7.0,0.083,248,0.758,2.8109,697.1,MB,30m,holdout,0.475,318
7.0,0.125,248,0.694,3.5671,884.63,MB,30m,holdout,0.475,318
7.0,0.167,248,0.633,2.9109,721.9,MB,30m,holdout,0.475,318
7.0,0.25,248,0.577,2.7078,671.54,MB,30m,holdout,0.475,318
7.0,0.5,248,0.452,1.8815,466.61,MB,30m,holdout,0.475,318
7.0,1.0,248,0.359,-0.4442,-110.16,MB,30m,holdout,0.475,318
7.0,2.0,248,0.282,-2.8164,-698.48,MB,30m,holdout,0.475,318
7.0,5.0,248,0.218,-8.1346,-2017.38,MB,30m,holdout,0.475,318
10.0,0.083,248,0.758,2.8109,697.1,MB,30m,holdout,0.475,318
10.0,0.125,248,0.694,3.5671,884.63,MB,30m,holdout,0.475,318
10.0,0.167,248,0.633,2.9109,721.9,MB,30m,holdout,0.475,318
10.0,0.25,248,0.577,2.7092,671.87,MB,30m,holdout,0.475,318
10.0,0.5,248,0.448,1.661,411.93,MB,30m,holdout,0.475,318
10.0,1.0,248,0.351,-0.7539,-186.97,MB,30m,holdout,0.475,318
10.0,2.0,248,0.274,-3.1924,-791.71,MB,30m,holdout,0.475,318
10.0,5.0,248,0.194,-8.1786,-2028.3,MB,30m,holdout,0.475,318
2.0,0.083,245,0.788,2.9366,719.46,MB,30m,holdout,0.5,318
2.0,0.125,245,0.743,3.6142,885.47,MB,30m,holdout,0.5,318
2.0,0.167,245,0.678,2.8845,706.71,MB,30m,holdout,0.5,318
2.0,0.25,245,0.633,2.743,672.04,MB,30m,holdout,0.5,318
2.0,0.5,245,0.58,1.8765,459.74,MB,30m,holdout,0.5,318
2.0,1.0,245,0.527,-0.0666,-16.33,MB,30m,holdout,0.5,318
2.0,2.0,245,0.478,-2.0819,-510.06,MB,30m,holdout,0.5,318
2.0,5.0,245,0.343,-6.3566,-1557.36,MB,30m,holdout,0.5,318
3.0,0.083,245,0.788,3.0168,739.11,MB,30m,holdout,0.5,318
3.0,0.125,245,0.731,3.8451,942.05,MB,30m,holdout,0.5,318
3.0,0.167,245,0.657,3.1788,778.8,MB,30m,holdout,0.5,318
3.0,0.25,245,0.612,3.086,756.07,MB,30m,holdout,0.5,318
3.0,0.5,245,0.514,2.0736,508.03,MB,30m,holdout,0.5,318
3.0,1.0,245,0.437,-0.0237,-5.81,MB,30m,holdout,0.5,318
3.0,2.0,245,0.384,-2.2972,-562.82,MB,30m,holdout,0.5,318
3.0,5.0,245,0.343,-6.9339,-1698.81,MB,30m,holdout,0.5,318
4.0,0.083,245,0.788,3.0205,740.01,MB,30m,holdout,0.5,318
4.0,0.125,245,0.727,3.8345,939.44,MB,30m,holdout,0.5,318
4.0,0.167,245,0.649,3.1918,781.99,MB,30m,holdout,0.5,318
4.0,0.25,245,0.6,3.1356,768.23,MB,30m,holdout,0.5,318
4.0,0.5,245,0.486,2.0964,513.61,MB,30m,holdout,0.5,318
4.0,1.0,245,0.392,-0.2845,-69.7,MB,30m,holdout,0.5,318
4.0,2.0,245,0.335,-2.4781,-607.14,MB,30m,holdout,0.5,318
4.0,5.0,245,0.298,-7.451,-1825.49,MB,30m,holdout,0.5,318
5.0,0.083,245,0.788,3.0164,739.02,MB,30m,holdout,0.5,318
5.0,0.125,245,0.722,3.7353,915.14,MB,30m,holdout,0.5,318
5.0,0.167,245,0.645,3.099,759.25,MB,30m,holdout,0.5,318
5.0,0.25,245,0.592,2.9138,713.87,MB,30m,holdout,0.5,318
5.0,0.5,245,0.473,2.0517,502.67,MB,30m,holdout,0.5,318
5.0,1.0,245,0.376,-0.1486,-36.41,MB,30m,holdout,0.5,318
5.0,2.0,245,0.31,-1.9969,-489.23,MB,30m,holdout,0.5,318
5.0,5.0,245,0.261,-7.185,-1760.32,MB,30m,holdout,0.5,318
7.0,0.083,245,0.788,3.0164,739.03,MB,30m,holdout,0.5,318
7.0,0.125,245,0.722,3.7362,915.36,MB,30m,holdout,0.5,318
7.0,0.167,245,0.645,3.1059,760.95,MB,30m,holdout,0.5,318
7.0,0.25,245,0.588,2.8704,703.24,MB,30m,holdout,0.5,318
7.0,0.5,245,0.461,1.8564,454.82,MB,30m,holdout,0.5,318
7.0,1.0,245,0.355,-0.3401,-83.32,MB,30m,holdout,0.5,318
7.0,2.0,245,0.286,-2.44,-597.79,MB,30m,holdout,0.5,318
7.0,5.0,245,0.224,-7.7197,-1891.33,MB,30m,holdout,0.5,318
10.0,0.083,245,0.788,3.0164,739.03,MB,30m,holdout,0.5,318
10.0,0.125,245,0.722,3.7362,915.36,MB,30m,holdout,0.5,318
10.0,0.167,245,0.645,3.1059,760.95,MB,30m,holdout,0.5,318
10.0,0.25,245,0.588,2.8719,703.63,MB,30m,holdout,0.5,318
10.0,0.5,245,0.461,1.9061,466.99,MB,30m,holdout,0.5,318
10.0,1.0,245,0.351,-0.3109,-76.16,MB,30m,holdout,0.5,318
10.0,2.0,245,0.282,-2.4664,-604.28,MB,30m,holdout,0.5,318
10.0,5.0,245,0.208,-7.4893,-1834.88,MB,30m,holdout,0.5,318
2.0,0.083,241,0.78,2.849,686.6,MB,30m,holdout,0.525,318
2.0,0.125,241,0.739,2.9732,716.55,MB,30m,holdout,0.525,318
2.0,0.167,241,0.668,2.1035,506.95,MB,30m,holdout,0.525,318
2.0,0.25,241,0.627,2.0613,496.78,MB,30m,holdout,0.525,318
2.0,0.5,241,0.568,1.4821,357.17,MB,30m,holdout,0.525,318
2.0,1.0,241,0.531,-0.1523,-36.71,MB,30m,holdout,0.525,318
2.0,2.0,241,0.481,-2.1989,-529.94,MB,30m,holdout,0.525,318
2.0,5.0,241,0.344,-6.4404,-1552.13,MB,30m,holdout,0.525,318
3.0,0.083,241,0.776,2.8972,698.24,MB,30m,holdout,0.525,318
3.0,0.125,241,0.726,3.3347,803.67,MB,30m,holdout,0.525,318
3.0,0.167,241,0.643,2.5592,616.77,MB,30m,holdout,0.525,318
3.0,0.25,241,0.602,2.6988,650.41,MB,30m,holdout,0.525,318
3.0,0.5,241,0.515,1.8252,439.86,MB,30m,holdout,0.525,318
3.0,1.0,241,0.44,-0.3662,-88.25,MB,30m,holdout,0.525,318
3.0,2.0,241,0.39,-2.619,-631.19,MB,30m,holdout,0.525,318
3.0,5.0,241,0.344,-7.2604,-1749.76,MB,30m,holdout,0.525,318
4.0,0.083,241,0.776,2.9023,699.45,MB,30m,holdout,0.525,318
4.0,0.125,241,0.718,3.1757,765.34,MB,30m,holdout,0.525,318
4.0,0.167,241,0.631,2.4242,584.24,MB,30m,holdout,0.525,318
4.0,0.25,241,0.589,2.5642,617.98,MB,30m,holdout,0.525,318
4.0,0.5,241,0.477,1.4659,353.28,MB,30m,holdout,0.525,318
4.0,1.0,241,0.378,-0.8214,-197.96,MB,30m,holdout,0.525,318
4.0,2.0,241,0.324,-2.9467,-710.15,MB,30m,holdout,0.525,318
4.0,5.0,241,0.295,-7.866,-1895.72,MB,30m,holdout,0.525,318
5.0,0.083,241,0.776,2.8989,698.63,MB,30m,holdout,0.525,318
5.0,0.125,241,0.714,3.0833,743.07,MB,30m,holdout,0.525,318
5.0,0.167,241,0.627,2.3464,565.49,MB,30m,holdout,0.525,318
5.0,0.25,241,0.581,2.372,571.64,MB,30m,holdout,0.525,318
5.0,0.5,241,0.465,1.5172,365.65,MB,30m,holdout,0.525,318
5.0,1.0,241,0.357,-0.8679,-209.16,MB,30m,holdout,0.525,318
5.0,2.0,241,0.29,-2.9218,-704.15,MB,30m,holdout,0.525,318
5.0,5.0,241,0.253,-8.068,-1944.39,MB,30m,holdout,0.525,318
7.0,0.083,241,0.776,2.8989,698.64,MB,30m,holdout,0.525,318
7.0,0.125,241,0.714,3.0842,743.3,MB,30m,holdout,0.525,318
7.0,0.167,241,0.627,2.3537,567.24,MB,30m,holdout,0.525,318
7.0,0.25,241,0.577,2.3302,561.57,MB,30m,holdout,0.525,318
7.0,0.5,241,0.456,1.4364,346.16,MB,30m,holdout,0.525,318
7.0,1.0,241,0.34,-0.9828,-236.85,MB,30m,holdout,0.525,318
7.0,2.0,241,0.27,-3.0228,-728.5,MB,30m,holdout,0.525,318
7.0,5.0,241,0.22,-8.3176,-2004.53,MB,30m,holdout,0.525,318
10.0,0.083,241,0.776,2.8989,698.64,MB,30m,holdout,0.525,318
10.0,0.125,241,0.714,3.0842,743.3,MB,30m,holdout,0.525,318
10.0,0.167,241,0.627,2.3538,567.27,MB,30m,holdout,0.525,318
10.0,0.25,241,0.577,2.3324,562.12,MB,30m,holdout,0.525,318
10.0,0.5,241,0.452,1.356,326.8,MB,30m,holdout,0.525,318
10.0,1.0,241,0.336,-0.8604,-207.37,MB,30m,holdout,0.525,318
10.0,2.0,241,0.266,-3.1926,-769.42,MB,30m,holdout,0.525,318
10.0,5.0,241,0.199,-8.6034,-2073.41,MB,30m,holdout,0.525,318
2.0,0.083,244,0.77,2.9666,723.85,MB,30m,holdout,0.55,318
2.0,0.125,244,0.725,3.13,763.71,MB,30m,holdout,0.55,318
2.0,0.167,244,0.668,1.9792,482.92,MB,30m,holdout,0.55,318
2.0,0.25,244,0.623,1.9712,480.97,MB,30m,holdout,0.55,318
2.0,0.5,244,0.561,1.1458,279.57,MB,30m,holdout,0.55,318
2.0,1.0,244,0.52,-0.5214,-127.23,MB,30m,holdout,0.55,318
2.0,2.0,244,0.467,-2.6115,-637.22,MB,30m,holdout,0.55,318
2.0,5.0,244,0.324,-6.8286,-1666.19,MB,30m,holdout,0.55,318
3.0,0.083,244,0.766,2.8602,697.9,MB,30m,holdout,0.55,318
3.0,0.125,244,0.705,3.2799,800.29,MB,30m,holdout,0.55,318
3.0,0.167,244,0.631,2.1435,523.03,MB,30m,holdout,0.55,318
3.0,0.25,244,0.586,2.38,580.72,MB,30m,holdout,0.55,318
3.0,0.5,244,0.5,1.2793,312.15,MB,30m,holdout,0.55,318
3.0,1.0,244,0.414,-0.8693,-212.11,MB,30m,holdout,0.55,318
3.0,2.0,244,0.369,-3.1117,-759.25,MB,30m,holdout,0.55,318
3.0,5.0,244,0.336,-7.2996,-1781.1,MB,30m,holdout,0.55,318
4.0,0.083,244,0.766,2.8677,699.71,MB,30m,holdout,0.55,318
4.0,0.125,244,0.701,3.1964,779.91,MB,30m,holdout,0.55,318
4.0,0.167,244,0.627,2.0907,510.12,MB,30m,holdout,0.55,318
4.0,0.25,244,0.578,2.3267,567.71,MB,30m,holdout,0.55,318
4.0,0.5,244,0.471,1.2565,306.6,MB,30m,holdout,0.55,318
4.0,1.0,244,0.369,-0.9502,-231.84,MB,30m,holdout,0.55,318
4.0,2.0,244,0.316,-3.1277,-763.15,MB,30m,holdout,0.55,318
4.0,5.0,244,0.287,-7.8301,-1910.54,MB,30m,holdout,0.55,318
5.0,0.083,244,0.766,2.8698,700.24,MB,30m,holdout,0.55,318
5.0,0.125,244,0.697,3.1425,766.77,MB,30m,holdout,0.55,318
5.0,0.167,244,0.623,2.0328,495.99,MB,30m,holdout,0.55,318
5.0,0.25,244,0.574,2.3122,564.19,MB,30m,holdout,0.55,318
5.0,0.5,244,0.467,1.4502,353.85,MB,30m,holdout,0.55,318
5.0,1.0,244,0.352,-1.0521,-256.72,MB,30m,holdout,0.55,318
5.0,2.0,244,0.295,-3.1476,-768.02,MB,30m,holdout,0.55,318
5.0,5.0,244,0.258,-8.2459,-2012.01,MB,30m,holdout,0.55,318
7.0,0.083,244,0.766,2.8645,698.94,MB,30m,holdout,0.55,318
7.0,0.125,244,0.693,3.0405,741.89,MB,30m,holdout,0.55,318
7.0,0.167,244,0.619,1.9427,474.02,MB,30m,holdout,0.55,318
7.0,0.25,244,0.561,2.0107,490.61,MB,30m,holdout,0.55,318
7.0,0.5,244,0.447,1.0001,244.03,MB,30m,holdout,0.55,318
7.0,1.0,244,0.324,-1.4703,-358.76,MB,30m,holdout,0.55,318
7.0,2.0,244,0.258,-3.4579,-843.73,MB,30m,holdout,0.55,318
7.0,5.0,244,0.217,-8.4936,-2072.45,MB,30m,holdout,0.55,318
10.0,0.083,244,0.766,2.8645,698.94,MB,30m,holdout,0.55,318
10.0,0.125,244,0.693,3.0405,741.89,MB,30m,holdout,0.55,318
10.0,0.167,244,0.619,1.9428,474.05,MB,30m,holdout,0.55,318
10.0,0.25,244,0.561,2.0132,491.22,MB,30m,holdout,0.55,318
10.0,0.5,244,0.443,0.939,229.12,MB,30m,holdout,0.55,318
10.0,1.0,244,0.32,-1.3504,-329.49,MB,30m,holdout,0.55,318
10.0,2.0,244,0.254,-3.6634,-893.87,MB,30m,holdout,0.55,318
10.0,5.0,244,0.189,-8.9838,-2192.04,MB,30m,holdout,0.55,318
2.0,0.083,243,0.782,3.2267,784.1,MB,30m,holdout,0.575,318
2.0,0.125,243,0.724,3.2921,799.98,MB,30m,holdout,0.575,318
2.0,0.167,243,0.667,2.431,590.72,MB,30m,holdout,0.575,318
2.0,0.25,243,0.63,2.4073,584.98,MB,30m,holdout,0.575,318
2.0,0.5,243,0.556,1.2969,315.16,MB,30m,holdout,0.575,318
2.0,1.0,243,0.527,-0.1407,-34.2,MB,30m,holdout,0.575,318
2.0,2.0,243,0.481,-2.2213,-539.78,MB,30m,holdout,0.575,318
2.0,5.0,243,0.346,-6.4211,-1560.33,MB,30m,holdout,0.575,318
3.0,0.083,243,0.778,3.0987,752.98,MB,30m,holdout,0.575,318
3.0,0.125,243,0.708,3.4289,833.22,MB,30m,holdout,0.575,318
3.0,0.167,243,0.638,2.5907,629.55,MB,30m,holdout,0.575,318
3.0,0.25,243,0.597,2.7581,670.22,MB,30m,holdout,0.575,318
3.0,0.5,243,0.494,1.3215,321.12,MB,30m,holdout,0.575,318
3.0,1.0,243,0.432,-0.2344,-56.97,MB,30m,holdout,0.575,318
3.0,2.0,243,0.395,-2.4142,-586.65,MB,30m,holdout,0.575,318
3.0,5.0,243,0.366,-6.4866,-1576.24,MB,30m,holdout,0.575,318
4.0,0.083,243,0.778,3.1142,756.75,MB,30m,holdout,0.575,318
4.0,0.125,243,0.704,3.336,810.64,MB,30m,holdout,0.575,318
4.0,0.167,243,0.634,2.5307,614.97,MB,30m,holdout,0.575,318
4.0,0.25,243,0.584,2.8134,683.66,MB,30m,holdout,0.575,318
4.0,0.5,243,0.465,1.6658,404.79,MB,30m,holdout,0.575,318
4.0,1.0,243,0.391,-0.0453,-11.0,MB,30m,holdout,0.575,318
4.0,2.0,243,0.333,-2.5517,-620.07,MB,30m,holdout,0.575,318
4.0,5.0,243,0.309,-7.0642,-1716.61,MB,30m,holdout,0.575,318
5.0,0.083,243,0.778,3.1248,759.31,MB,30m,holdout,0.575,318
5.0,0.125,243,0.704,3.3748,820.07,MB,30m,holdout,0.575,318
5.0,0.167,243,0.634,2.5824,627.52,MB,30m,holdout,0.575,318
5.0,0.25,243,0.584,2.9096,707.04,MB,30m,holdout,0.575,318
5.0,0.5,243,0.461,1.8767,456.03,MB,30m,holdout,0.575,318
5.0,1.0,243,0.366,-0.2293,-55.72,MB,30m,holdout,0.575,318
5.0,2.0,243,0.309,-2.6449,-642.71,MB,30m,holdout,0.575,318
5.0,5.0,243,0.267,-7.7903,-1893.03,MB,30m,holdout,0.575,318
7.0,0.083,243,0.778,3.1197,758.09,MB,30m,holdout,0.575,318
7.0,0.125,243,0.7,3.2715,794.98,MB,30m,holdout,0.575,318
7.0,0.167,243,0.63,2.4851,603.87,MB,30m,holdout,0.575,318
7.0,0.25,243,0.572,2.5901,629.39,MB,30m,holdout,0.575,318
7.0,0.5,243,0.444,1.5636,379.95,MB,30m,holdout,0.575,318
7.0,1.0,243,0.342,-0.3307,-80.36,MB,30m,holdout,0.575,318
7.0,2.0,243,0.276,-2.4486,-595.01,MB,30m,holdout,0.575,318
7.0,5.0,243,0.23,-7.6357,-1855.47,MB,30m,holdout,0.575,318
10.0,0.083,243,0.778,3.1197,758.09,MB,30m,holdout,0.575,318
10.0,0.125,243,0.7,3.2715,794.98,MB,30m,holdout,0.575,318
10.0,0.167,243,0.63,2.4852,603.91,MB,30m,holdout,0.575,318
10.0,0.25,243,0.572,2.5939,630.33,MB,30m,holdout,0.575,318
10.0,0.5,243,0.436,1.3595,330.35,MB,30m,holdout,0.575,318
10.0,1.0,243,0.333,-0.3867,-93.97,MB,30m,holdout,0.575,318
10.0,2.0,243,0.267,-2.5487,-619.32,MB,30m,holdout,0.575,318
10.0,5.0,243,0.202,-7.8122,-1898.36,MB,30m,holdout,0.575,318
2.0,0.083,241,0.813,3.5921,865.68,MB,30m,holdout,0.6,318
2.0,0.125,241,0.726,3.4195,824.1,MB,30m,holdout,0.6,318
2.0,0.167,241,0.672,2.5067,604.11,MB,30m,holdout,0.6,318
2.0,0.25,241,0.627,2.3865,575.15,MB,30m,holdout,0.6,318
2.0,0.5,241,0.56,1.2221,294.52,MB,30m,holdout,0.6,318
2.0,1.0,241,0.515,-0.1909,-46.02,MB,30m,holdout,0.6,318
2.0,2.0,241,0.477,-2.2619,-545.11,MB,30m,holdout,0.6,318
2.0,5.0,241,0.328,-6.4732,-1560.05,MB,30m,holdout,0.6,318
3.0,0.083,241,0.805,3.6118,870.44,MB,30m,holdout,0.6,318
3.0,0.125,241,0.71,3.7544,904.82,MB,30m,holdout,0.6,318
3.0,0.167,241,0.647,2.9412,708.82,MB,30m,holdout,0.6,318
3.0,0.25,241,0.602,3.0226,728.44,MB,30m,holdout,0.6,318
3.0,0.5,241,0.515,1.652,398.13,MB,30m,holdout,0.6,318
3.0,1.0,241,0.432,0.1548,37.3,MB,30m,holdout,0.6,318
3.0,2.0,241,0.398,-2.0358,-490.62,MB,30m,holdout,0.6,318
3.0,5.0,241,0.365,-6.109,-1472.27,MB,30m,holdout,0.6,318
4.0,0.083,241,0.801,3.4484,831.06,MB,30m,holdout,0.6,318
4.0,0.125,241,0.693,3.4535,832.3,MB,30m,holdout,0.6,318
4.0,0.167,241,0.627,2.626,632.87,MB,30m,holdout,0.6,318
4.0,0.25,241,0.577,2.8318,682.45,MB,30m,holdout,0.6,318
4.0,0.5,241,0.477,1.7615,424.53,MB,30m,holdout,0.6,318
4.0,1.0,241,0.386,0.2345,56.51,MB,30m,holdout,0.6,318
4.0,2.0,241,0.336,-2.0725,-499.47,MB,30m,holdout,0.6,318
4.0,5.0,241,0.311,-6.4996,-1566.41,MB,30m,holdout,0.6,318
5.0,0.083,241,0.801,3.4238,825.14,MB,30m,holdout,0.6,318
5.0,0.125,241,0.693,3.4455,830.36,MB,30m,holdout,0.6,318
5.0,0.167,241,0.627,2.6193,631.24,MB,30m,holdout,0.6,318
5.0,0.25,241,0.573,2.8487,686.54,MB,30m,holdout,0.6,318
5.0,0.5,241,0.469,1.768,426.08,MB,30m,holdout,0.6,318
5.0,1.0,241,0.353,-0.377,-90.86,MB,30m,holdout,0.6,318
5.0,2.0,241,0.299,-2.8367,-683.65,MB,30m,holdout,0.6,318
5.0,5.0,241,0.266,-7.7537,-1868.65,MB,30m,holdout,0.6,318
7.0,0.083,241,0.801,3.4205,824.34,MB,30m,holdout,0.6,318
7.0,0.125,241,0.689,3.3485,806.98,MB,30m,holdout,0.6,318
7.0,0.167,241,0.622,2.5342,610.75,MB,30m,holdout,0.6,318
7.0,0.25,241,0.564,2.6361,635.3,MB,30m,holdout,0.6,318
7.0,0.5,241,0.456,1.7079,411.61,MB,30m,holdout,0.6,318
7.0,1.0,241,0.332,-0.1124,-27.08,MB,30m,holdout,0.6,318
7.0,2.0,241,0.27,-2.3131,-557.46,MB,30m,holdout,0.6,318
7.0,5.0,241,0.224,-7.4506,-1795.59,MB,30m,holdout,0.6,318
10.0,0.083,241,0.801,3.4205,824.34,MB,30m,holdout,0.6,318
10.0,0.125,241,0.689,3.3485,806.99,MB,30m,holdout,0.6,318
10.0,0.167,241,0.622,2.5344,610.8,MB,30m,holdout,0.6,318
10.0,0.25,241,0.56,2.5758,620.76,MB,30m,holdout,0.6,318
10.0,0.5,241,0.444,1.3975,336.79,MB,30m,holdout,0.6,318
10.0,1.0,241,0.32,-0.3235,-77.97,MB,30m,holdout,0.6,318
10.0,2.0,241,0.257,-2.6051,-627.83,MB,30m,holdout,0.6,318
10.0,5.0,241,0.191,-7.5623,-1822.52,MB,30m,holdout,0.6,318
2.0,0.083,246,0.793,3.2112,789.96,MB,30m,holdout,0.625,318
2.0,0.125,246,0.72,3.2078,789.13,MB,30m,holdout,0.625,318
2.0,0.167,246,0.671,2.3245,571.83,MB,30m,holdout,0.625,318
2.0,0.25,246,0.626,1.9707,484.79,MB,30m,holdout,0.625,318
2.0,0.5,246,0.561,1.2187,299.8,MB,30m,holdout,0.625,318
2.0,1.0,246,0.52,-0.3013,-74.11,MB,30m,holdout,0.625,318
2.0,2.0,246,0.48,-2.3401,-575.67,MB,30m,holdout,0.625,318
2.0,5.0,246,0.313,-6.5349,-1607.58,MB,30m,holdout,0.625,318
3.0,0.083,246,0.785,3.2775,806.25,MB,30m,holdout,0.625,318
3.0,0.125,246,0.691,3.478,855.59,MB,30m,holdout,0.625,318
3.0,0.167,246,0.638,2.6866,660.9,MB,30m,holdout,0.625,318
3.0,0.25,246,0.589,2.5151,618.71,MB,30m,holdout,0.625,318
3.0,0.5,246,0.504,1.4026,345.03,MB,30m,holdout,0.625,318
3.0,1.0,246,0.423,-0.1679,-41.31,MB,30m,holdout,0.625,318
3.0,2.0,246,0.398,-2.3066,-567.41,MB,30m,holdout,0.625,318
3.0,5.0,246,0.354,-6.4409,-1584.45,MB,30m,holdout,0.625,318
4.0,0.083,246,0.78,3.0982,762.17,MB,30m,holdout,0.625,318
4.0,0.125,246,0.675,3.2115,790.02,MB,30m,holdout,0.625,318
4.0,0.167,246,0.618,2.4318,598.21,MB,30m,holdout,0.625,318
4.0,0.25,246,0.565,2.4021,590.91,MB,30m,holdout,0.625,318
4.0,0.5,246,0.467,1.5036,369.89,MB,30m,holdout,0.625,318
4.0,1.0,246,0.378,0.0408,10.03,MB,30m,holdout,0.625,318
4.0,2.0,246,0.346,-2.2135,-544.53,MB,30m,holdout,0.625,318
4.0,5.0,246,0.313,-6.6534,-1636.74,MB,30m,holdout,0.625,318
5.0,0.083,246,0.78,3.0785,757.31,MB,30m,holdout,0.625,318
5.0,0.125,246,0.675,3.2139,790.61,MB,30m,holdout,0.625,318
5.0,0.167,246,0.618,2.4345,598.88,MB,30m,holdout,0.625,318
5.0,0.25,246,0.565,2.4332,598.56,MB,30m,holdout,0.625,318
5.0,0.5,246,0.455,1.4745,362.73,MB,30m,holdout,0.625,318
5.0,1.0,246,0.354,-0.006,-1.48,MB,30m,holdout,0.625,318
5.0,2.0,246,0.313,-2.1766,-535.45,MB,30m,holdout,0.625,318
5.0,5.0,246,0.272,-6.811,-1675.5,MB,30m,holdout,0.625,318
7.0,0.083,246,0.78,3.0754,756.55,MB,30m,holdout,0.625,318
7.0,0.125,246,0.671,3.1206,767.68,MB,30m,holdout,0.625,318
7.0,0.167,246,0.614,2.3579,580.05,MB,30m,holdout,0.625,318
7.0,0.25,246,0.561,2.431,598.04,MB,30m,holdout,0.625,318
7.0,0.5,246,0.443,1.5105,371.57,MB,30m,holdout,0.625,318
7.0,1.0,246,0.329,-0.1759,-43.28,MB,30m,holdout,0.625,318
7.0,2.0,246,0.272,-2.3573,-579.9,MB,30m,holdout,0.625,318
7.0,5.0,246,0.22,-7.4976,-1844.42,MB,30m,holdout,0.625,318
10.0,0.083,246,0.78,3.0754,756.55,MB,30m,holdout,0.625,318
10.0,0.125,246,0.671,3.1212,767.82,MB,30m,holdout,0.625,318
10.0,0.167,246,0.614,2.3602,580.61,MB,30m,holdout,0.625,318
10.0,0.25,246,0.557,2.384,586.47,MB,30m,holdout,0.625,318
10.0,0.5,246,0.431,1.2475,306.89,MB,30m,holdout,0.625,318
10.0,1.0,246,0.317,-0.31,-76.25,MB,30m,holdout,0.625,318
10.0,2.0,246,0.26,-2.5645,-630.87,MB,30m,holdout,0.625,318
10.0,5.0,246,0.187,-7.6203,-1874.59,MB,30m,holdout,0.625,318
2.0,0.083,239,0.791,3.2527,777.4,MB,30m,holdout,0.65,318
2.0,0.125,239,0.728,3.2634,779.96,MB,30m,holdout,0.65,318
2.0,0.167,239,0.674,2.3277,556.31,MB,30m,holdout,0.65,318
2.0,0.25,239,0.632,1.8521,442.64,MB,30m,holdout,0.65,318
2.0,0.5,239,0.577,0.9985,238.65,MB,30m,holdout,0.65,318
2.0,1.0,239,0.527,-0.4806,-114.87,MB,30m,holdout,0.65,318
2.0,2.0,239,0.477,-2.5867,-618.22,MB,30m,holdout,0.65,318
2.0,5.0,239,0.293,-6.8324,-1632.94,MB,30m,holdout,0.65,318
3.0,0.083,239,0.774,3.2447,775.48,MB,30m,holdout,0.65,318
3.0,0.125,239,0.69,3.3734,806.24,MB,30m,holdout,0.65,318
3.0,0.167,239,0.628,2.5158,601.28,MB,30m,holdout,0.65,318
3.0,0.25,239,0.586,2.2152,529.44,MB,30m,holdout,0.65,318
3.0,0.5,239,0.515,1.1608,277.43,MB,30m,holdout,0.65,318
3.0,1.0,239,0.444,-0.2636,-63.0,MB,30m,holdout,0.65,318
3.0,2.0,239,0.418,-2.3085,-551.73,MB,30m,holdout,0.65,318
3.0,5.0,239,0.356,-6.475,-1547.52,MB,30m,holdout,0.65,318
4.0,0.083,239,0.77,3.1152,744.54,MB,30m,holdout,0.65,318
4.0,0.125,239,0.678,3.2475,776.15,MB,30m,holdout,0.65,318
4.0,0.167,239,0.607,2.3562,563.13,MB,30m,holdout,0.65,318
4.0,0.25,239,0.561,2.1669,517.89,MB,30m,holdout,0.65,318
4.0,0.5,239,0.473,1.172,280.11,MB,30m,holdout,0.65,318
4.0,1.0,239,0.385,-0.344,-82.21,MB,30m,holdout,0.65,318
4.0,2.0,239,0.343,-2.778,-663.93,MB,30m,holdout,0.65,318
4.0,5.0,239,0.314,-7.0742,-1690.74,MB,30m,holdout,0.65,318
5.0,0.083,239,0.77,3.1094,743.15,MB,30m,holdout,0.65,318
5.0,0.125,239,0.678,3.2993,788.54,MB,30m,holdout,0.65,318
5.0,0.167,239,0.607,2.4257,579.74,MB,30m,holdout,0.65,318
5.0,0.25,239,0.561,2.3338,557.78,MB,30m,holdout,0.65,318
5.0,0.5,239,0.456,1.1453,273.73,MB,30m,holdout,0.65,318
5.0,1.0,239,0.347,-0.4319,-103.22,MB,30m,holdout,0.65,318
5.0,2.0,239,0.305,-2.7538,-658.17,MB,30m,holdout,0.65,318
5.0,5.0,239,0.247,-7.6072,-1818.11,MB,30m,holdout,0.65,318
7.0,0.083,239,0.77,3.1077,742.75,MB,30m,holdout,0.65,318
7.0,0.125,239,0.674,3.2092,767.0,MB,30m,holdout,0.65,318
7.0,0.167,239,0.603,2.3512,561.94,MB,30m,holdout,0.65,318
7.0,0.25,239,0.556,2.3113,552.41,MB,30m,holdout,0.65,318
7.0,0.5,239,0.444,1.1034,263.71,MB,30m,holdout,0.65,318
7.0,1.0,239,0.322,-0.8378,-200.24,MB,30m,holdout,0.65,318
7.0,2.0,239,0.264,-3.0912,-738.81,MB,30m,holdout,0.65,318
7.0,5.0,239,0.192,-8.5736,-2049.09,MB,30m,holdout,0.65,318
10.0,0.083,239,0.77,3.1079,742.8,MB,30m,holdout,0.65,318
10.0,0.125,239,0.674,3.211,767.43,MB,30m,holdout,0.65,318
10.0,0.167,239,0.603,2.3565,563.21,MB,30m,holdout,0.65,318
10.0,0.25,239,0.556,2.2751,543.76,MB,30m,holdout,0.65,318
10.0,0.5,239,0.431,0.8633,206.32,MB,30m,holdout,0.65,318
10.0,1.0,239,0.31,-0.9371,-223.98,MB,30m,holdout,0.65,318
10.0,2.0,239,0.243,-3.7311,-891.74,MB,30m,holdout,0.65,318
10.0,5.0,239,0.159,-9.1297,-2182.0,MB,30m,holdout,0.65,318
2.0,0.083,237,0.781,2.977,705.56,MB,30m,holdout,0.675,318
2.0,0.125,237,0.717,3.0212,716.02,MB,30m,holdout,0.675,318
2.0,0.167,237,0.658,1.9608,464.71,MB,30m,holdout,0.675,318
2.0,0.25,237,0.633,1.5321,363.11,MB,30m,holdout,0.675,318
2.0,0.5,237,0.561,0.6885,163.16,MB,30m,holdout,0.675,318
2.0,1.0,237,0.494,-1.1883,-281.62,MB,30m,holdout,0.675,318
2.0,2.0,237,0.443,-3.3619,-796.77,MB,30m,holdout,0.675,318
2.0,5.0,237,0.262,-7.6992,-1824.72,MB,30m,holdout,0.675,318
3.0,0.083,237,0.755,2.7989,663.34,MB,30m,holdout,0.675,318
3.0,0.125,237,0.662,2.8357,672.06,MB,30m,holdout,0.675,318
3.0,0.167,237,0.591,1.724,408.59,MB,30m,holdout,0.675,318
3.0,0.25,237,0.57,1.3692,324.5,MB,30m,holdout,0.675,318
3.0,0.5,237,0.489,0.3319,78.67,MB,30m,holdout,0.675,318
3.0,1.0,237,0.426,-1.449,-343.41,MB,30m,holdout,0.675,318
3.0,2.0,237,0.392,-3.6224,-858.51,MB,30m,holdout,0.675,318
3.0,5.0,237,0.304,-7.9358,-1880.79,MB,30m,holdout,0.675,318
4.0,0.083,237,0.755,2.7822,659.37,MB,30m,holdout,0.675,318
4.0,0.125,237,0.646,2.8385,672.72,MB,30m,holdout,0.675,318
4.0,0.167,237,0.57,1.8599,440.8,MB,30m,holdout,0.675,318
4.0,0.25,237,0.549,1.6688,395.5,MB,30m,holdout,0.675,318
4.0,0.5,237,0.447,0.6827,161.8,MB,30m,holdout,0.675,318
4.0,1.0,237,0.367,-1.2597,-298.54,MB,30m,holdout,0.675,318
4.0,2.0,237,0.333,-3.5977,-852.66,MB,30m,holdout,0.675,318
4.0,5.0,237,0.3,-7.9243,-1878.05,MB,30m,holdout,0.675,318
5.0,0.083,237,0.755,2.8016,663.98,MB,30m,holdout,0.675,318
5.0,0.125,237,0.646,2.8962,686.41,MB,30m,holdout,0.675,318
5.0,0.167,237,0.57,1.9651,465.73,MB,30m,holdout,0.675,318
5.0,0.25,237,0.549,1.8407,436.26,MB,30m,holdout,0.675,318
5.0,0.5,237,0.439,0.7441,176.35,MB,30m,holdout,0.675,318
5.0,1.0,237,0.333,-1.3525,-320.54,MB,30m,holdout,0.675,318
5.0,2.0,237,0.291,-3.9545,-937.23,MB,30m,holdout,0.675,318
5.0,5.0,237,0.241,-8.273,-1960.71,MB,30m,holdout,0.675,318
7.0,0.083,237,0.755,2.8085,665.61,MB,30m,holdout,0.675,318
7.0,0.125,237,0.641,2.8318,671.14,MB,30m,holdout,0.675,318
7.0,0.167,237,0.565,1.8903,448.01,MB,30m,holdout,0.675,318
7.0,0.25,237,0.544,1.8379,435.59,MB,30m,holdout,0.675,318
7.0,0.5,237,0.422,0.7967,188.82,MB,30m,holdout,0.675,318
7.0,1.0,237,0.308,-1.4136,-335.03,MB,30m,holdout,0.675,318
7.0,2.0,237,0.253,-3.6901,-874.55,MB,30m,holdout,0.675,318
7.0,5.0,237,0.19,-8.431,-1998.14,MB,30m,holdout,0.675,318
10.0,0.083,237,0.755,2.8087,665.66,MB,30m,holdout,0.675,318
10.0,0.125,237,0.641,2.8336,671.55,MB,30m,holdout,0.675,318
10.0,0.167,237,0.565,1.8956,449.25,MB,30m,holdout,0.675,318
10.0,0.25,237,0.544,1.8053,427.87,MB,30m,holdout,0.675,318
10.0,0.5,237,0.409,0.5653,133.97,MB,30m,holdout,0.675,318
10.0,1.0,237,0.295,-1.5222,-360.77,MB,30m,holdout,0.675,318
10.0,2.0,237,0.232,-4.3504,-1031.04,MB,30m,holdout,0.675,318
10.0,5.0,237,0.152,-9.3394,-2213.43,MB,30m,holdout,0.675,318
2.0,0.083,230,0.8,3.4853,801.61,MB,30m,holdout,0.7,318
2.0,0.125,230,0.735,3.5972,827.35,MB,30m,holdout,0.7,318
2.0,0.167,230,0.674,2.2932,527.45,MB,30m,holdout,0.7,318
2.0,0.25,230,0.643,2.0644,474.81,MB,30m,holdout,0.7,318
2.0,0.5,230,0.583,1.0764,247.57,MB,30m,holdout,0.7,318
2.0,1.0,230,0.517,-0.7945,-182.74,MB,30m,holdout,0.7,318
2.0,2.0,230,0.443,-2.9548,-679.61,MB,30m,holdout,0.7,318
2.0,5.0,230,0.257,-7.2912,-1676.97,MB,30m,holdout,0.7,318
3.0,0.083,230,0.765,3.2638,750.66,MB,30m,holdout,0.7,318
3.0,0.125,230,0.674,3.3986,781.68,MB,30m,holdout,0.7,318
3.0,0.167,230,0.596,2.0261,466.0,MB,30m,holdout,0.7,318
3.0,0.25,230,0.561,1.8066,415.51,MB,30m,holdout,0.7,318
3.0,0.5,230,0.474,0.5916,136.06,MB,30m,holdout,0.7,318
3.0,1.0,230,0.426,-1.1916,-274.06,MB,30m,holdout,0.7,318
3.0,2.0,230,0.4,-3.3847,-778.49,MB,30m,holdout,0.7,318
3.0,5.0,230,0.313,-7.7191,-1775.39,MB,30m,holdout,0.7,318
4.0,0.083,230,0.765,3.2455,746.46,MB,30m,holdout,0.7,318
4.0,0.125,230,0.665,3.6138,831.18,MB,30m,holdout,0.7,318
4.0,0.167,230,0.583,2.4139,555.2,MB,30m,holdout,0.7,318
4.0,0.25,230,0.552,2.3232,534.34,MB,30m,holdout,0.7,318
4.0,0.5,230,0.443,0.966,222.19,MB,30m,holdout,0.7,318
4.0,1.0,230,0.37,-1.0433,-239.96,MB,30m,holdout,0.7,318
4.0,2.0,230,0.343,-3.3633,-773.56,MB,30m,holdout,0.7,318
4.0,5.0,230,0.304,-7.6766,-1765.61,MB,30m,holdout,0.7,318
5.0,0.083,230,0.765,3.2628,750.43,MB,30m,holdout,0.7,318
5.0,0.125,230,0.657,3.4783,800.0,MB,30m,holdout,0.7,318
5.0,0.167,230,0.578,2.2522,518.02,MB,30m,holdout,0.7,318
5.0,0.25,230,0.543,2.1929,504.37,MB,30m,holdout,0.7,318
5.0,0.5,230,0.426,0.9591,220.58,MB,30m,holdout,0.7,318
5.0,1.0,230,0.339,-0.9998,-229.96,MB,30m,holdout,0.7,318
5.0,2.0,230,0.304,-3.7217,-855.99,MB,30m,holdout,0.7,318
5.0,5.0,230,0.252,-8.2062,-1887.42,MB,30m,holdout,0.7,318
7.0,0.083,230,0.765,3.2742,753.06,MB,30m,holdout,0.7,318
7.0,0.125,230,0.652,3.435,790.05,MB,30m,holdout,0.7,318
7.0,0.167,230,0.574,2.2113,508.6,MB,30m,holdout,0.7,318
7.0,0.25,230,0.539,2.2089,508.05,MB,30m,holdout,0.7,318
7.0,0.5,230,0.413,0.9886,227.38,MB,30m,holdout,0.7,318
7.0,1.0,230,0.309,-1.1263,-259.05,MB,30m,holdout,0.7,318
7.0,2.0,230,0.261,-3.5383,-813.81,MB,30m,holdout,0.7,318
7.0,5.0,230,0.191,-8.4675,-1947.51,MB,30m,holdout,0.7,318
10.0,0.083,230,0.765,3.2744,753.1,MB,30m,holdout,0.7,318
10.0,0.125,230,0.652,3.4363,790.35,MB,30m,holdout,0.7,318
10.0,0.167,230,0.574,2.2178,510.09,MB,30m,holdout,0.7,318
10.0,0.25,230,0.539,2.1883,503.32,MB,30m,holdout,0.7,318
10.0,0.5,230,0.4,0.7684,176.73,MB,30m,holdout,0.7,318
10.0,1.0,230,0.296,-1.225,-281.76,MB,30m,holdout,0.7,318
10.0,2.0,230,0.239,-3.7629,-865.48,MB,30m,holdout,0.7,318
10.0,5.0,230,0.161,-8.7538,-2013.37,MB,30m,holdout,0.7,318
2.0,0.083,316,0.829,3.279,1036.17,MB,1h,train,0.3,459
2.0,0.125,316,0.782,4.1186,1301.48,MB,1h,train,0.3,459
2.0,0.167,316,0.766,4.423,1397.68,MB,1h,train,0.3,459
2.0,0.25,316,0.731,4.7612,1504.54,MB,1h,train,0.3,459
2.0,0.5,316,0.661,4.4454,1404.74,MB,1h,train,0.3,459
2.0,1.0,316,0.57,2.6503,837.49,MB,1h,train,0.3,459
2.0,2.0,316,0.519,0.2118,66.93,MB,1h,train,0.3,459
2.0,5.0,316,0.472,-5.0351,-1591.09,MB,1h,train,0.3,459
3.0,0.083,316,0.829,3.279,1036.17,MB,1h,train,0.3,459
3.0,0.125,316,0.782,4.1715,1318.2,MB,1h,train,0.3,459
3.0,0.167,316,0.763,4.5302,1431.54,MB,1h,train,0.3,459
3.0,0.25,316,0.728,4.9023,1549.13,MB,1h,train,0.3,459
3.0,0.5,316,0.636,4.8614,1536.21,MB,1h,train,0.3,459
3.0,1.0,316,0.519,2.9881,944.25,MB,1h,train,0.3,459
3.0,2.0,316,0.459,1.2313,389.08,MB,1h,train,0.3,459
3.0,5.0,316,0.383,-4.6284,-1462.57,MB,1h,train,0.3,459
4.0,0.083,316,0.829,3.279,1036.17,MB,1h,train,0.3,459
4.0,0.125,316,0.785,4.2279,1336.03,MB,1h,train,0.3,459
4.0,0.167,316,0.766,4.6183,1459.38,MB,1h,train,0.3,459
4.0,0.25,316,0.731,5.0798,1605.21,MB,1h,train,0.3,459
4.0,0.5,316,0.636,5.1657,1632.36,MB,1h,train,0.3,459
4.0,1.0,316,0.5,3.3926,1072.06,MB,1h,train,0.3,459
4.0,2.0,316,0.434,1.8707,591.15,MB,1h,train,0.3,459
4.0,5.0,316,0.342,-3.705,-1170.78,MB,1h,train,0.3,459
5.0,0.083,316,0.829,3.279,1036.17,MB,1h,train,0.3,459
5.0,0.125,316,0.785,4.2279,1336.03,MB,1h,train,0.3,459
5.0,0.167,316,0.766,4.6184,1459.43,MB,1h,train,0.3,459
5.0,0.25,316,0.731,5.0831,1606.26,MB,1h,train,0.3,459
5.0,0.5,316,0.633,4.8635,1536.86,MB,1h,train,0.3,459
5.0,1.0,316,0.497,3.177,1003.92,MB,1h,train,0.3,459
5.0,2.0,316,0.418,1.8798,594.02,MB,1h,train,0.3,459
5.0,5.0,316,0.316,-2.9806,-941.88,MB,1h,train,0.3,459
7.0,0.083,316,0.829,3.279,1036.17,MB,1h,train,0.3,459
7.0,0.125,316,0.785,4.2284,1336.17,MB,1h,train,0.3,459
7.0,0.167,316,0.766,4.6201,1459.97,MB,1h,train,0.3,459
7.0,0.25,316,0.731,5.0897,1608.33,MB,1h,train,0.3,459
7.0,0.5,316,0.633,4.911,1551.86,MB,1h,train,0.3,459
7.0,1.0,316,0.494,3.1713,1002.13,MB,1h,train,0.3,459
7.0,2.0,316,0.405,1.0808,341.52,MB,1h,train,0.3,459
7.0,5.0,316,0.297,-3.3692,-1064.67,MB,1h,train,0.3,459
10.0,0.083,316,0.829,3.279,1036.17,MB,1h,train,0.3,459
10.0,0.125,316,0.785,4.2284,1336.17,MB,1h,train,0.3,459
10.0,0.167,316,0.766,4.6202,1459.98,MB,1h,train,0.3,459
10.0,0.25,316,0.731,5.0904,1608.56,MB,1h,train,0.3,459
10.0,0.5,316,0.633,4.9232,1555.74,MB,1h,train,0.3,459
10.0,1.0,316,0.494,3.2607,1030.38,MB,1h,train,0.3,459
10.0,2.0,316,0.402,1.224,386.79,MB,1h,train,0.3,459
10.0,5.0,316,0.291,-3.0776,-972.53,MB,1h,train,0.3,459
2.0,0.083,310,0.829,3.1944,990.28,MB,1h,train,0.325,459
2.0,0.125,310,0.777,4.387,1359.96,MB,1h,train,0.325,459
2.0,0.167,310,0.777,4.6943,1455.22,MB,1h,train,0.325,459
2.0,0.25,310,0.719,4.4493,1379.28,MB,1h,train,0.325,459
2.0,0.5,310,0.645,3.9936,1238.02,MB,1h,train,0.325,459
2.0,1.0,310,0.565,2.2401,694.44,MB,1h,train,0.325,459
2.0,2.0,310,0.51,-0.4252,-131.8,MB,1h,train,0.325,459
2.0,5.0,310,0.461,-5.2587,-1630.19,MB,1h,train,0.325,459
3.0,0.083,310,0.829,3.1944,990.28,MB,1h,train,0.325,459
3.0,0.125,310,0.771,4.1952,1300.51,MB,1h,train,0.325,459
3.0,0.167,310,0.768,4.5948,1424.38,MB,1h,train,0.325,459
3.0,0.25,310,0.71,4.4062,1365.91,MB,1h,train,0.325,459
3.0,0.5,310,0.613,4.2272,1310.42,MB,1h,train,0.325,459
3.0,1.0,310,0.51,2.6322,815.97,MB,1h,train,0.325,459
3.0,2.0,310,0.448,0.4657,144.37,MB,1h,train,0.325,459
3.0,5.0,310,0.384,-4.8143,-1492.45,MB,1h,train,0.325,459
4.0,0.083,310,0.829,3.1944,990.28,MB,1h,train,0.325,459
4.0,0.125,310,0.774,4.2523,1318.22,MB,1h,train,0.325,459
4.0,0.167,310,0.771,4.69,1453.91,MB,1h,train,0.325,459
4.0,0.25,310,0.713,4.6103,1429.18,MB,1h,train,0.325,459
4.0,0.5,310,0.61,4.5169,1400.25,MB,1h,train,0.325,459
4.0,1.0,310,0.484,2.8998,898.93,MB,1h,train,0.325,459
4.0,2.0,310,0.423,1.0268,318.31,MB,1h,train,0.325,459
4.0,5.0,310,0.339,-4.0041,-1241.27,MB,1h,train,0.325,459
5.0,0.083,310,0.829,3.1944,990.28,MB,1h,train,0.325,459
5.0,0.125,310,0.774,4.2523,1318.22,MB,1h,train,0.325,459
5.0,0.167,310,0.771,4.6902,1453.95,MB,1h,train,0.325,459
5.0,0.25,310,0.713,4.6125,1429.88,MB,1h,train,0.325,459
5.0,0.5,310,0.606,4.1976,1301.26,MB,1h,train,0.325,459
5.0,1.0,310,0.481,2.6476,820.76,MB,1h,train,0.325,459
5.0,2.0,310,0.403,0.9529,295.39,MB,1h,train,0.325,459
5.0,5.0,310,0.31,-3.2851,-1018.38,MB,1h,train,0.325,459
7.0,0.083,310,0.829,3.1944,990.28,MB,1h,train,0.325,459
7.0,0.125,310,0.774,4.2528,1318.35,MB,1h,train,0.325,459
7.0,0.167,310,0.771,4.6918,1454.47,MB,1h,train,0.325,459
7.0,0.25,310,0.713,4.6198,1432.13,MB,1h,train,0.325,459
7.0,0.5,310,0.606,4.2548,1318.98,MB,1h,train,0.325,459
7.0,1.0,310,0.477,2.6817,831.31,MB,1h,train,0.325,459
7.0,2.0,310,0.39,0.1491,46.22,MB,1h,train,0.325,459
7.0,5.0,310,0.29,-3.8984,-1208.5,MB,1h,train,0.325,459
10.0,0.083,310,0.829,3.1944,990.28,MB,1h,train,0.325,459
10.0,0.125,310,0.774,4.2528,1318.35,MB,1h,train,0.325,459
10.0,0.167,310,0.771,4.6919,1454.49,MB,1h,train,0.325,459
10.0,0.25,310,0.713,4.6205,1432.34,MB,1h,train,0.325,459
10.0,0.5,310,0.606,4.2648,1322.1,MB,1h,train,0.325,459
10.0,1.0,310,0.477,2.7529,853.39,MB,1h,train,0.325,459
10.0,2.0,310,0.39,0.3752,116.31,MB,1h,train,0.325,459
10.0,5.0,310,0.287,-3.4998,-1084.93,MB,1h,train,0.325,459
2.0,0.083,309,0.845,3.4173,1055.96,MB,1h,train,0.35,459
2.0,0.125,309,0.796,4.7108,1455.64,MB,1h,train,0.35,459
2.0,0.167,309,0.79,4.8909,1511.28,MB,1h,train,0.35,459
2.0,0.25,309,0.722,4.7258,1460.28,MB,1h,train,0.35,459
2.0,0.5,309,0.66,4.6578,1439.25,MB,1h,train,0.35,459
2.0,1.0,309,0.573,2.8253,873.02,MB,1h,train,0.35,459
2.0,2.0,309,0.518,0.0751,23.2,MB,1h,train,0.35,459
2.0,5.0,309,0.46,-4.8151,-1487.88,MB,1h,train,0.35,459
3.0,0.083,309,0.845,3.4173,1055.96,MB,1h,train,0.35,459
3.0,0.125,309,0.79,4.5383,1402.33,MB,1h,train,0.35,459
3.0,0.167,309,0.78,4.7706,1474.11,MB,1h,train,0.35,459
3.0,0.25,309,0.715,4.6699,1443.01,MB,1h,train,0.35,459
3.0,0.5,309,0.631,4.8168,1488.39,MB,1h,train,0.35,459
3.0,1.0,309,0.521,3.1214,964.52,MB,1h,train,0.35,459
3.0,2.0,309,0.456,0.7598,234.79,MB,1h,train,0.35,459
3.0,5.0,309,0.385,-4.8382,-1495.01,MB,1h,train,0.35,459
4.0,0.083,309,0.845,3.4173,1055.96,MB,1h,train,0.35,459
4.0,0.125,309,0.793,4.599,1421.08,MB,1h,train,0.35,459
4.0,0.167,309,0.783,4.8744,1506.19,MB,1h,train,0.35,459
4.0,0.25,309,0.715,4.8475,1497.89,MB,1h,train,0.35,459
4.0,0.5,309,0.621,5.0427,1558.2,MB,1h,train,0.35,459
4.0,1.0,309,0.489,3.23,998.08,MB,1h,train,0.35,459
4.0,2.0,309,0.421,1.1859,366.44,MB,1h,train,0.35,459
4.0,5.0,309,0.333,-4.2753,-1321.06,MB,1h,train,0.35,459
5.0,0.083,309,0.845,3.4173,1055.96,MB,1h,train,0.35,459
5.0,0.125,309,0.793,4.599,1421.08,MB,1h,train,0.35,459
5.0,0.167,309,0.783,4.8746,1506.25,MB,1h,train,0.35,459
5.0,0.25,309,0.715,4.8539,1499.85,MB,1h,train,0.35,459
5.0,0.5,309,0.618,4.7476,1467.01,MB,1h,train,0.35,459
5.0,1.0,309,0.485,3.0909,955.1,MB,1h,train,0.35,459
5.0,2.0,309,0.408,1.2382,382.59,MB,1h,train,0.35,459
5.0,5.0,309,0.307,-3.391,-1047.83,MB,1h,train,0.35,459
7.0,0.083,309,0.845,3.4173,1055.96,MB,1h,train,0.35,459
7.0,0.125,309,0.793,4.5994,1421.21,MB,1h,train,0.35,459
7.0,0.167,309,0.783,4.8765,1506.83,MB,1h,train,0.35,459
7.0,0.25,309,0.715,4.8656,1503.46,MB,1h,train,0.35,459
7.0,0.5,309,0.618,4.8312,1492.83,MB,1h,train,0.35,459
7.0,1.0,309,0.482,3.1037,959.06,MB,1h,train,0.35,459
7.0,2.0,309,0.395,0.4291,132.59,MB,1h,train,0.35,459
7.0,5.0,309,0.285,-4.0533,-1252.48,MB,1h,train,0.35,459
10.0,0.083,309,0.845,3.4173,1055.96,MB,1h,train,0.35,459
10.0,0.125,309,0.793,4.5994,1421.21,MB,1h,train,0.35,459
10.0,0.167,309,0.783,4.8765,1506.84,MB,1h,train,0.35,459
10.0,0.25,309,0.715,4.8663,1503.67,MB,1h,train,0.35,459
10.0,0.5,309,0.618,4.8404,1495.69,MB,1h,train,0.35,459
10.0,1.0,309,0.482,3.1495,973.2,MB,1h,train,0.35,459
10.0,2.0,309,0.395,0.5833,180.23,MB,1h,train,0.35,459
10.0,5.0,309,0.282,-3.7324,-1153.32,MB,1h,train,0.35,459
2.0,0.083,309,0.841,3.8474,1188.85,MB,1h,train,0.375,459
2.0,0.125,309,0.812,5.1431,1589.21,MB,1h,train,0.375,459
2.0,0.167,309,0.79,5.0684,1566.13,MB,1h,train,0.375,459
2.0,0.25,309,0.735,5.1362,1587.08,MB,1h,train,0.375,459
2.0,0.5,309,0.66,4.6472,1435.98,MB,1h,train,0.375,459
2.0,1.0,309,0.573,2.6621,822.59,MB,1h,train,0.375,459
2.0,2.0,309,0.511,0.0853,26.34,MB,1h,train,0.375,459
2.0,5.0,309,0.46,-4.0659,-1256.38,MB,1h,train,0.375,459
3.0,0.083,309,0.841,3.8474,1188.85,MB,1h,train,0.375,459
3.0,0.125,309,0.806,5.0207,1551.4,MB,1h,train,0.375,459
3.0,0.167,309,0.78,5.0235,1552.28,MB,1h,train,0.375,459
3.0,0.25,309,0.725,5.159,1594.12,MB,1h,train,0.375,459
3.0,0.5,309,0.628,5.0269,1553.3,MB,1h,train,0.375,459
3.0,1.0,309,0.521,3.3665,1040.24,MB,1h,train,0.375,459
3.0,2.0,309,0.456,0.9701,299.75,MB,1h,train,0.375,459
3.0,5.0,309,0.392,-4.1206,-1273.25,MB,1h,train,0.375,459
4.0,0.083,309,0.841,3.8474,1188.85,MB,1h,train,0.375,459
4.0,0.125,309,0.809,5.0801,1569.76,MB,1h,train,0.375,459
4.0,0.167,309,0.783,5.1292,1584.91,MB,1h,train,0.375,459
4.0,0.25,309,0.725,5.3501,1653.19,MB,1h,train,0.375,459
4.0,0.5,309,0.618,5.2847,1632.97,MB,1h,train,0.375,459
4.0,1.0,309,0.485,3.3414,1032.48,MB,1h,train,0.375,459
4.0,2.0,309,0.411,1.1846,366.05,MB,1h,train,0.375,459
4.0,5.0,309,0.337,-3.7533,-1159.78,MB,1h,train,0.375,459
5.0,0.083,309,0.841,3.8474,1188.85,MB,1h,train,0.375,459
5.0,0.125,309,0.809,5.0801,1569.76,MB,1h,train,0.375,459
5.0,0.167,309,0.783,5.1293,1584.97,MB,1h,train,0.375,459
5.0,0.25,309,0.725,5.3562,1655.07,MB,1h,train,0.375,459
5.0,0.5,309,0.618,5.346,1651.91,MB,1h,train,0.375,459
5.0,1.0,309,0.485,3.5762,1105.06,MB,1h,train,0.375,459
5.0,2.0,309,0.401,1.6213,500.99,MB,1h,train,0.375,459
5.0,5.0,309,0.311,-2.5881,-799.73,MB,1h,train,0.375,459
7.0,0.083,309,0.841,3.8474,1188.85,MB,1h,train,0.375,459
7.0,0.125,309,0.809,5.0805,1569.88,MB,1h,train,0.375,459
7.0,0.167,309,0.783,5.1311,1585.52,MB,1h,train,0.375,459
7.0,0.25,309,0.725,5.3673,1658.5,MB,1h,train,0.375,459
7.0,0.5,309,0.615,5.0821,1570.36,MB,1h,train,0.375,459
7.0,1.0,309,0.479,3.2698,1010.37,MB,1h,train,0.375,459
7.0,2.0,309,0.385,0.5755,177.82,MB,1h,train,0.375,459
7.0,5.0,309,0.282,-3.5615,-1100.51,MB,1h,train,0.375,459
10.0,0.083,309,0.841,3.8474,1188.85,MB,1h,train,0.375,459
10.0,0.125,309,0.809,5.0805,1569.88,MB,1h,train,0.375,459
10.0,0.167,309,0.783,5.1312,1585.53,MB,1h,train,0.375,459
10.0,0.25,309,0.725,5.3679,1658.69,MB,1h,train,0.375,459
10.0,0.5,309,0.615,5.0911,1573.16,MB,1h,train,0.375,459
10.0,1.0,309,0.479,3.319,1025.57,MB,1h,train,0.375,459
10.0,2.0,309,0.385,0.7488,231.37,MB,1h,train,0.375,459
10.0,5.0,309,0.278,-3.0987,-957.5,MB,1h,train,0.375,459
2.0,0.083,304,0.842,3.8115,1158.7,MB,1h,train,0.4,459
2.0,0.125,304,0.809,5.3977,1640.91,MB,1h,train,0.4,459
2.0,0.167,304,0.78,5.2338,1591.07,MB,1h,train,0.4,459
2.0,0.25,304,0.747,5.651,1717.91,MB,1h,train,0.4,459
2.0,0.5,304,0.668,4.8371,1470.49,MB,1h,train,0.4,459
2.0,1.0,304,0.589,3.2481,987.43,MB,1h,train,0.4,459
2.0,2.0,304,0.526,0.7127,216.67,MB,1h,train,0.4,459
2.0,5.0,304,0.461,-3.8195,-1161.13,MB,1h,train,0.4,459
3.0,0.083,304,0.842,3.8115,1158.7,MB,1h,train,0.4,459
3.0,0.125,304,0.799,5.2228,1587.73,MB,1h,train,0.4,459
3.0,0.167,304,0.77,4.8963,1488.48,MB,1h,train,0.4,459
3.0,0.25,304,0.734,5.4658,1661.61,MB,1h,train,0.4,459
3.0,0.5,304,0.632,5.1503,1565.69,MB,1h,train,0.4,459
3.0,1.0,304,0.53,3.7094,1127.67,MB,1h,train,0.4,459
3.0,2.0,304,0.461,1.4785,449.47,MB,1h,train,0.4,459
3.0,5.0,304,0.398,-3.7478,-1139.33,MB,1h,train,0.4,459
4.0,0.083,304,0.842,3.8115,1158.7,MB,1h,train,0.4,459
4.0,0.125,304,0.803,5.2848,1606.58,MB,1h,train,0.4,459
4.0,0.167,304,0.773,5.0059,1521.79,MB,1h,train,0.4,459
4.0,0.25,304,0.734,5.6233,1709.47,MB,1h,train,0.4,459
4.0,0.5,304,0.625,5.4033,1642.61,MB,1h,train,0.4,459
4.0,1.0,304,0.497,3.7878,1151.48,MB,1h,train,0.4,459
4.0,2.0,304,0.421,1.9948,606.41,MB,1h,train,0.4,459
4.0,5.0,304,0.349,-3.0853,-937.93,MB,1h,train,0.4,459
5.0,0.083,304,0.842,3.8115,1158.7,MB,1h,train,0.4,459
5.0,0.125,304,0.803,5.2851,1606.66,MB,1h,train,0.4,459
5.0,0.167,304,0.773,5.0078,1522.39,MB,1h,train,0.4,459
5.0,0.25,304,0.734,5.655,1719.11,MB,1h,train,0.4,459
5.0,0.5,304,0.622,5.4897,1668.86,MB,1h,train,0.4,459
5.0,1.0,304,0.49,3.9454,1199.39,MB,1h,train,0.4,459
5.0,2.0,304,0.405,2.2023,669.5,MB,1h,train,0.4,459
5.0,5.0,304,0.312,-2.5024,-760.74,MB,1h,train,0.4,459
7.0,0.083,304,0.842,3.8115,1158.7,MB,1h,train,0.4,459
7.0,0.125,304,0.803,5.2854,1606.77,MB,1h,train,0.4,459
7.0,0.167,304,0.773,5.0095,1522.87,MB,1h,train,0.4,459
7.0,0.25,304,0.734,5.6628,1721.49,MB,1h,train,0.4,459
7.0,0.5,304,0.618,5.2088,1583.47,MB,1h,train,0.4,459
7.0,1.0,304,0.484,3.6846,1120.13,MB,1h,train,0.4,459
7.0,2.0,304,0.391,2.0534,624.24,MB,1h,train,0.4,459
7.0,5.0,304,0.293,-2.1058,-640.17,MB,1h,train,0.4,459
10.0,0.083,304,0.842,3.8115,1158.7,MB,1h,train,0.4,459
10.0,0.125,304,0.803,5.2854,1606.77,MB,1h,train,0.4,459
10.0,0.167,304,0.773,5.0095,1522.89,MB,1h,train,0.4,459
10.0,0.25,304,0.734,5.6632,1721.6,MB,1h,train,0.4,459
10.0,0.5,304,0.618,5.2223,1587.59,MB,1h,train,0.4,459
10.0,1.0,304,0.484,3.7319,1134.51,MB,1h,train,0.4,459
10.0,2.0,304,0.388,1.5669,476.34,MB,1h,train,0.4,459
10.0,5.0,304,0.283,-2.5049,-761.49,MB,1h,train,0.4,459
2.0,0.083,308,0.815,3.0775,947.86,MB,1h,train,0.425,459
2.0,0.125,308,0.776,4.1626,1282.08,MB,1h,train,0.425,459
2.0,0.167,308,0.747,3.9209,1207.64,MB,1h,train,0.425,459
2.0,0.25,308,0.718,4.4888,1382.54,MB,1h,train,0.425,459
2.0,0.5,308,0.64,3.6641,1128.55,MB,1h,train,0.425,459
2.0,1.0,308,0.565,2.3368,719.74,MB,1h,train,0.425,459
2.0,2.0,308,0.503,-0.379,-116.73,MB,1h,train,0.425,459
2.0,5.0,308,0.442,-4.7911,-1475.65,MB,1h,train,0.425,459
3.0,0.083,308,0.815,3.0775,947.86,MB,1h,train,0.425,459
3.0,0.125,308,0.766,4.0235,1239.25,MB,1h,train,0.425,459
3.0,0.167,308,0.734,3.5997,1108.71,MB,1h,train,0.425,459
3.0,0.25,308,0.701,4.3557,1341.56,MB,1h,train,0.425,459
3.0,0.5,308,0.607,4.0161,1236.96,MB,1h,train,0.425,459
3.0,1.0,308,0.513,2.8398,874.67,MB,1h,train,0.425,459
3.0,2.0,308,0.448,0.2229,68.65,MB,1h,train,0.425,459
3.0,5.0,308,0.383,-5.0389,-1551.97,MB,1h,train,0.425,459
4.0,0.083,308,0.815,3.0775,947.86,MB,1h,train,0.425,459
4.0,0.125,308,0.766,4.0669,1252.62,MB,1h,train,0.425,459
4.0,0.167,308,0.734,3.6873,1135.69,MB,1h,train,0.425,459
4.0,0.25,308,0.698,4.4903,1383.0,MB,1h,train,0.425,459
4.0,0.5,308,0.597,4.1995,1293.44,MB,1h,train,0.425,459
4.0,1.0,308,0.474,2.7957,861.08,MB,1h,train,0.425,459
4.0,2.0,308,0.403,0.5628,173.35,MB,1h,train,0.425,459
4.0,5.0,308,0.334,-4.5352,-1396.83,MB,1h,train,0.425,459
5.0,0.083,308,0.815,3.0775,947.86,MB,1h,train,0.425,459
5.0,0.125,308,0.769,4.0845,1258.02,MB,1h,train,0.425,459
5.0,0.167,308,0.737,3.7102,1142.76,MB,1h,train,0.425,459
5.0,0.25,308,0.701,4.5502,1401.47,MB,1h,train,0.425,459
5.0,0.5,308,0.597,4.3408,1336.95,MB,1h,train,0.425,459
5.0,1.0,308,0.471,3.0888,951.35,MB,1h,train,0.425,459
5.0,2.0,308,0.393,1.1298,347.97,MB,1h,train,0.425,459
5.0,5.0,308,0.305,-3.59,-1105.73,MB,1h,train,0.425,459
7.0,0.083,308,0.815,3.0775,947.86,MB,1h,train,0.425,459
7.0,0.125,308,0.769,4.0848,1258.13,MB,1h,train,0.425,459
7.0,0.167,308,0.737,3.7119,1143.26,MB,1h,train,0.425,459
7.0,0.25,308,0.701,4.5584,1403.98,MB,1h,train,0.425,459
7.0,0.5,308,0.594,4.0663,1252.41,MB,1h,train,0.425,459
7.0,1.0,308,0.464,2.7937,860.45,MB,1h,train,0.425,459
7.0,2.0,308,0.373,0.8338,256.8,MB,1h,train,0.425,459
7.0,5.0,308,0.279,-3.3969,-1046.25,MB,1h,train,0.425,459
10.0,0.083,308,0.815,3.0775,947.86,MB,1h,train,0.425,459
10.0,0.125,308,0.769,4.0848,1258.13,MB,1h,train,0.425,459
10.0,0.167,308,0.737,3.7119,1143.27,MB,1h,train,0.425,459
10.0,0.25,308,0.701,4.5586,1404.06,MB,1h,train,0.425,459
10.0,0.5,308,0.594,4.0781,1256.06,MB,1h,train,0.425,459
10.0,1.0,308,0.464,2.8324,872.38,MB,1h,train,0.425,459
10.0,2.0,308,0.37,0.3125,96.25,MB,1h,train,0.425,459
10.0,5.0,308,0.273,-3.7493,-1154.79,MB,1h,train,0.425,459
2.0,0.083,310,0.819,3.3051,1024.59,MB,1h,train,0.45,459
2.0,0.125,310,0.761,3.7525,1163.28,MB,1h,train,0.45,459
2.0,0.167,310,0.729,3.7993,1177.79,MB,1h,train,0.45,459
2.0,0.25,310,0.7,3.8656,1198.35,MB,1h,train,0.45,459
2.0,0.5,310,0.619,3.3545,1039.89,MB,1h,train,0.45,459
2.0,1.0,310,0.552,2.2589,700.26,MB,1h,train,0.45,459
2.0,2.0,310,0.494,-0.3024,-93.74,MB,1h,train,0.45,459
2.0,5.0,310,0.429,-4.6632,-1445.6,MB,1h,train,0.45,459
3.0,0.083,310,0.819,3.3051,1024.59,MB,1h,train,0.45,459
3.0,0.125,310,0.752,3.6295,1125.14,MB,1h,train,0.45,459
3.0,0.167,310,0.713,3.3964,1052.9,MB,1h,train,0.45,459
3.0,0.25,310,0.681,3.6138,1120.29,MB,1h,train,0.45,459
3.0,0.5,310,0.581,3.3697,1044.6,MB,1h,train,0.45,459
3.0,1.0,310,0.497,2.5696,796.57,MB,1h,train,0.45,459
3.0,2.0,310,0.439,0.067,20.76,MB,1h,train,0.45,459
3.0,5.0,310,0.377,-5.0961,-1579.8,MB,1h,train,0.45,459
4.0,0.083,310,0.819,3.3051,1024.59,MB,1h,train,0.45,459
4.0,0.125,310,0.752,3.649,1131.2,MB,1h,train,0.45,459
4.0,0.167,310,0.713,3.4498,1069.43,MB,1h,train,0.45,459
4.0,0.25,310,0.677,3.7051,1148.59,MB,1h,train,0.45,459
4.0,0.5,310,0.571,3.5839,1110.99,MB,1h,train,0.45,459
4.0,1.0,310,0.461,2.533,785.23,MB,1h,train,0.45,459
4.0,2.0,310,0.394,0.4626,143.4,MB,1h,train,0.45,459
4.0,5.0,310,0.326,-4.6396,-1438.29,MB,1h,train,0.45,459
5.0,0.083,310,0.819,3.3051,1024.59,MB,1h,train,0.45,459
5.0,0.125,310,0.755,3.6904,1144.02,MB,1h,train,0.45,459
5.0,0.167,310,0.716,3.5078,1087.43,MB,1h,train,0.45,459
5.0,0.25,310,0.681,3.8182,1183.64,MB,1h,train,0.45,459
5.0,0.5,310,0.571,3.7347,1157.76,MB,1h,train,0.45,459
5.0,1.0,310,0.448,2.7478,851.81,MB,1h,train,0.45,459
5.0,2.0,310,0.384,0.978,303.19,MB,1h,train,0.45,459
5.0,5.0,310,0.303,-3.9123,-1212.82,MB,1h,train,0.45,459
7.0,0.083,310,0.819,3.3051,1024.59,MB,1h,train,0.45,459
7.0,0.125,310,0.755,3.6904,1144.04,MB,1h,train,0.45,459
7.0,0.167,310,0.716,3.5083,1087.59,MB,1h,train,0.45,459
7.0,0.25,310,0.681,3.8227,1185.05,MB,1h,train,0.45,459
7.0,0.5,310,0.568,3.4546,1070.91,MB,1h,train,0.45,459
7.0,1.0,310,0.445,2.4873,771.05,MB,1h,train,0.45,459
7.0,2.0,310,0.365,1.0226,317.01,MB,1h,train,0.45,459
7.0,5.0,310,0.277,-2.874,-890.95,MB,1h,train,0.45,459
10.0,0.083,310,0.819,3.3051,1024.59,MB,1h,train,0.45,459
10.0,0.125,310,0.755,3.6904,1144.04,MB,1h,train,0.45,459
10.0,0.167,310,0.716,3.5084,1087.59,MB,1h,train,0.45,459
10.0,0.25,310,0.681,3.823,1185.12,MB,1h,train,0.45,459
10.0,0.5,310,0.568,3.4662,1074.52,MB,1h,train,0.45,459
10.0,1.0,310,0.445,2.5243,782.52,MB,1h,train,0.45,459
10.0,2.0,310,0.361,0.3302,102.36,MB,1h,train,0.45,459
10.0,5.0,310,0.268,-3.6438,-1129.59,MB,1h,train,0.45,459
2.0,0.083,307,0.805,3.072,943.09,MB,1h,train,0.475,459
2.0,0.125,307,0.746,3.8479,1181.29,MB,1h,train,0.475,459
2.0,0.167,307,0.726,3.8689,1187.75,MB,1h,train,0.475,459
2.0,0.25,307,0.691,3.5562,1091.74,MB,1h,train,0.475,459
2.0,0.5,307,0.622,3.1029,952.58,MB,1h,train,0.475,459
2.0,1.0,307,0.547,1.8917,580.74,MB,1h,train,0.475,459
2.0,2.0,307,0.498,-0.7471,-229.37,MB,1h,train,0.475,459
2.0,5.0,307,0.417,-5.2463,-1610.6,MB,1h,train,0.475,459
3.0,0.083,307,0.805,3.072,943.09,MB,1h,train,0.475,459
3.0,0.125,307,0.733,3.7019,1136.49,MB,1h,train,0.475,459
3.0,0.167,307,0.707,3.4423,1056.8,MB,1h,train,0.475,459
3.0,0.25,307,0.668,3.2453,996.3,MB,1h,train,0.475,459
3.0,0.5,307,0.577,2.9665,910.7,MB,1h,train,0.475,459
3.0,1.0,307,0.495,2.1469,659.09,MB,1h,train,0.475,459
3.0,2.0,307,0.446,-0.2349,-72.11,MB,1h,train,0.475,459
3.0,5.0,307,0.384,-5.4532,-1674.14,MB,1h,train,0.475,459
4.0,0.083,307,0.805,3.072,943.09,MB,1h,train,0.475,459
4.0,0.125,307,0.733,3.7179,1141.41,MB,1h,train,0.475,459
4.0,0.167,307,0.707,3.4844,1069.7,MB,1h,train,0.475,459
4.0,0.25,307,0.664,3.3528,1029.3,MB,1h,train,0.475,459
4.0,0.5,307,0.567,3.3011,1013.43,MB,1h,train,0.475,459
4.0,1.0,307,0.463,2.4024,737.55,MB,1h,train,0.475,459
4.0,2.0,307,0.401,0.3949,121.24,MB,1h,train,0.475,459
4.0,5.0,307,0.332,-4.8944,-1502.58,MB,1h,train,0.475,459
5.0,0.083,307,0.805,3.072,943.09,MB,1h,train,0.475,459
5.0,0.125,307,0.736,3.775,1158.93,MB,1h,train,0.475,459
5.0,0.167,307,0.71,3.5685,1095.54,MB,1h,train,0.475,459
5.0,0.25,307,0.668,3.5048,1075.98,MB,1h,train,0.475,459
5.0,0.5,307,0.564,3.439,1055.76,MB,1h,train,0.475,459
5.0,1.0,307,0.443,2.5029,768.38,MB,1h,train,0.475,459
5.0,2.0,307,0.384,0.7927,243.37,MB,1h,train,0.475,459
5.0,5.0,307,0.309,-4.1837,-1284.41,MB,1h,train,0.475,459
7.0,0.083,307,0.805,3.072,943.09,MB,1h,train,0.475,459
7.0,0.125,307,0.736,3.7751,1158.95,MB,1h,train,0.475,459
7.0,0.167,307,0.71,3.5691,1095.7,MB,1h,train,0.475,459
7.0,0.25,307,0.668,3.5114,1077.99,MB,1h,train,0.475,459
7.0,0.5,307,0.56,3.1552,968.65,MB,1h,train,0.475,459
7.0,1.0,307,0.44,2.2316,685.12,MB,1h,train,0.475,459
7.0,2.0,307,0.371,0.8791,269.89,MB,1h,train,0.475,459
7.0,5.0,307,0.283,-3.2458,-996.45,MB,1h,train,0.475,459
10.0,0.083,307,0.805,3.072,943.09,MB,1h,train,0.475,459
10.0,0.125,307,0.736,3.7751,1158.95,MB,1h,train,0.475,459
10.0,0.167,307,0.71,3.5691,1095.71,MB,1h,train,0.475,459
10.0,0.25,307,0.668,3.5117,1078.1,MB,1h,train,0.475,459
10.0,0.5,307,0.56,3.1753,974.82,MB,1h,train,0.475,459
10.0,1.0,307,0.44,2.3102,709.23,MB,1h,train,0.475,459
10.0,2.0,307,0.365,0.2303,70.71,MB,1h,train,0.475,459
10.0,5.0,307,0.27,-3.6862,-1131.68,MB,1h,train,0.475,459
2.0,0.083,302,0.801,2.8602,863.77,MB,1h,train,0.5,459
2.0,0.125,302,0.745,3.8859,1173.55,MB,1h,train,0.5,459
2.0,0.167,302,0.732,4.2713,1289.95,MB,1h,train,0.5,459
2.0,0.25,302,0.679,3.4663,1046.82,MB,1h,train,0.5,459
2.0,0.5,302,0.599,2.7877,841.89,MB,1h,train,0.5,459
2.0,1.0,302,0.526,1.1006,332.37,MB,1h,train,0.5,459
2.0,2.0,302,0.48,-1.2008,-362.63,MB,1h,train,0.5,459
2.0,5.0,302,0.404,-5.8343,-1761.95,MB,1h,train,0.5,459
3.0,0.083,302,0.801,2.8602,863.77,MB,1h,train,0.5,459
3.0,0.125,302,0.738,3.7726,1139.33,MB,1h,train,0.5,459
3.0,0.167,302,0.712,4.0142,1212.3,MB,1h,train,0.5,459
3.0,0.25,302,0.656,3.3473,1010.88,MB,1h,train,0.5,459
3.0,0.5,302,0.56,2.9808,900.19,MB,1h,train,0.5,459
3.0,1.0,302,0.49,1.5213,459.45,MB,1h,train,0.5,459
3.0,2.0,302,0.447,-0.5531,-167.03,MB,1h,train,0.5,459
3.0,5.0,302,0.397,-5.2649,-1590.0,MB,1h,train,0.5,459
4.0,0.083,302,0.801,2.8602,863.77,MB,1h,train,0.5,459
4.0,0.125,302,0.735,3.7817,1142.07,MB,1h,train,0.5,459
4.0,0.167,302,0.709,3.8117,1151.14,MB,1h,train,0.5,459
4.0,0.25,302,0.652,3.2821,991.2,MB,1h,train,0.5,459
4.0,0.5,302,0.55,3.198,965.79,MB,1h,train,0.5,459
4.0,1.0,302,0.454,1.9129,577.7,MB,1h,train,0.5,459
4.0,2.0,302,0.397,0.2721,82.17,MB,1h,train,0.5,459
4.0,5.0,302,0.338,-4.8227,-1456.47,MB,1h,train,0.5,459
5.0,0.083,302,0.801,2.8602,863.77,MB,1h,train,0.5,459
5.0,0.125,302,0.738,3.8388,1159.32,MB,1h,train,0.5,459
5.0,0.167,302,0.712,3.9005,1177.96,MB,1h,train,0.5,459
5.0,0.25,302,0.652,3.4209,1033.11,MB,1h,train,0.5,459
5.0,0.5,302,0.543,3.3776,1020.03,MB,1h,train,0.5,459
5.0,1.0,302,0.427,1.8005,543.74,MB,1h,train,0.5,459
5.0,2.0,302,0.368,0.3636,109.8,MB,1h,train,0.5,459
5.0,5.0,302,0.305,-4.6929,-1417.24,MB,1h,train,0.5,459
7.0,0.083,302,0.801,2.8602,863.77,MB,1h,train,0.5,459
7.0,0.125,302,0.738,3.8388,1159.33,MB,1h,train,0.5,459
7.0,0.167,302,0.712,3.901,1178.11,MB,1h,train,0.5,459
7.0,0.25,302,0.652,3.4302,1035.93,MB,1h,train,0.5,459
7.0,0.5,302,0.543,3.4724,1048.67,MB,1h,train,0.5,459
7.0,1.0,302,0.427,1.9921,601.61,MB,1h,train,0.5,459
7.0,2.0,302,0.361,1.0098,304.97,MB,1h,train,0.5,459
7.0,5.0,302,0.281,-3.1437,-949.38,MB,1h,train,0.5,459
10.0,0.083,302,0.801,2.8602,863.77,MB,1h,train,0.5,459
10.0,0.125,302,0.738,3.8388,1159.33,MB,1h,train,0.5,459
10.0,0.167,302,0.712,3.9011,1178.12,MB,1h,train,0.5,459
10.0,0.25,302,0.652,3.4304,1035.99,MB,1h,train,0.5,459
10.0,0.5,302,0.543,3.4893,1053.76,MB,1h,train,0.5,459
10.0,1.0,302,0.427,2.0607,622.32,MB,1h,train,0.5,459
10.0,2.0,302,0.358,0.2568,77.55,MB,1h,train,0.5,459
10.0,5.0,302,0.265,-3.4898,-1053.92,MB,1h,train,0.5,459
2.0,0.083,292,0.815,3.2901,960.7,MB,1h,train,0.525,459
2.0,0.125,292,0.771,4.4122,1288.38,MB,1h,train,0.525,459
2.0,0.167,292,0.76,4.762,1390.52,MB,1h,train,0.525,459
2.0,0.25,292,0.688,3.9667,1158.29,MB,1h,train,0.525,459
2.0,0.5,292,0.606,3.2441,947.28,MB,1h,train,0.525,459
2.0,1.0,292,0.551,2.2862,667.57,MB,1h,train,0.525,459
2.0,2.0,292,0.5,-0.1382,-40.36,MB,1h,train,0.525,459
2.0,5.0,292,0.411,-4.7946,-1400.04,MB,1h,train,0.525,459
3.0,0.083,292,0.815,3.2901,960.7,MB,1h,train,0.525,459
3.0,0.125,292,0.764,4.3863,1280.81,MB,1h,train,0.525,459
3.0,0.167,292,0.736,4.6322,1352.61,MB,1h,train,0.525,459
3.0,0.25,292,0.661,3.9923,1165.74,MB,1h,train,0.525,459
3.0,0.5,292,0.562,3.5464,1035.54,MB,1h,train,0.525,459
3.0,1.0,292,0.507,2.759,805.64,MB,1h,train,0.525,459
3.0,2.0,292,0.466,0.7414,216.48,MB,1h,train,0.525,459
3.0,5.0,292,0.418,-3.8984,-1138.32,MB,1h,train,0.525,459
4.0,0.083,292,0.815,3.2901,960.7,MB,1h,train,0.525,459
4.0,0.125,292,0.76,4.394,1283.05,MB,1h,train,0.525,459
4.0,0.167,292,0.733,4.4124,1288.41,MB,1h,train,0.525,459
4.0,0.25,292,0.658,3.8969,1137.88,MB,1h,train,0.525,459
4.0,0.5,292,0.551,3.7387,1091.7,MB,1h,train,0.525,459
4.0,1.0,292,0.469,3.1129,908.96,MB,1h,train,0.525,459
4.0,2.0,292,0.418,1.2881,376.12,MB,1h,train,0.525,459
4.0,5.0,292,0.346,-4.0807,-1191.56,MB,1h,train,0.525,459
5.0,0.083,292,0.815,3.2901,960.7,MB,1h,train,0.525,459
5.0,0.125,292,0.764,4.4565,1301.29,MB,1h,train,0.525,459
5.0,0.167,292,0.736,4.5107,1317.13,MB,1h,train,0.525,459
5.0,0.25,292,0.658,4.0519,1183.14,MB,1h,train,0.525,459
5.0,0.5,292,0.548,3.9391,1150.23,MB,1h,train,0.525,459
5.0,1.0,292,0.445,3.0433,888.65,MB,1h,train,0.525,459
5.0,2.0,292,0.387,1.501,438.28,MB,1h,train,0.525,459
5.0,5.0,292,0.318,-3.6297,-1059.86,MB,1h,train,0.525,459
7.0,0.083,292,0.815,3.2901,960.7,MB,1h,train,0.525,459
7.0,0.125,292,0.764,4.4568,1301.39,MB,1h,train,0.525,459
7.0,0.167,292,0.736,4.5136,1317.96,MB,1h,train,0.525,459
7.0,0.25,292,0.658,4.0798,1191.3,MB,1h,train,0.525,459
7.0,0.5,292,0.545,4.0384,1179.2,MB,1h,train,0.525,459
7.0,1.0,292,0.438,3.2542,950.23,MB,1h,train,0.525,459
7.0,2.0,292,0.373,2.1617,631.22,MB,1h,train,0.525,459
7.0,5.0,292,0.288,-2.093,-611.14,MB,1h,train,0.525,459
10.0,0.083,292,0.815,3.2901,960.7,MB,1h,train,0.525,459
10.0,0.125,292,0.764,4.4568,1301.39,MB,1h,train,0.525,459
10.0,0.167,292,0.736,4.5138,1318.04,MB,1h,train,0.525,459
10.0,0.25,292,0.658,4.0826,1192.12,MB,1h,train,0.525,459
10.0,0.5,292,0.545,4.0808,1191.61,MB,1h,train,0.525,459
10.0,1.0,292,0.438,3.2911,960.99,MB,1h,train,0.525,459
10.0,2.0,292,0.366,1.3233,386.41,MB,1h,train,0.525,459
10.0,5.0,292,0.267,-2.595,-757.75,MB,1h,train,0.525,459
2.0,0.083,290,0.814,3.2336,937.74,MB,1h,train,0.55,459
2.0,0.125,290,0.769,4.2914,1244.5,MB,1h,train,0.55,459
2.0,0.167,290,0.741,4.4523,1291.17,MB,1h,train,0.55,459
2.0,0.25,290,0.669,3.3163,961.71,MB,1h,train,0.55,459
2.0,0.5,290,0.61,2.6951,781.58,MB,1h,train,0.55,459
2.0,1.0,290,0.555,1.5442,447.81,MB,1h,train,0.55,459
2.0,2.0,290,0.493,-0.5602,-162.45,MB,1h,train,0.55,459
2.0,5.0,290,0.397,-5.1659,-1498.1,MB,1h,train,0.55,459
3.0,0.083,290,0.814,3.2336,937.74,MB,1h,train,0.55,459
3.0,0.125,290,0.769,4.5182,1310.28,MB,1h,train,0.55,459
3.0,0.167,290,0.728,4.5852,1329.71,MB,1h,train,0.55,459
3.0,0.25,290,0.645,3.5976,1043.32,MB,1h,train,0.55,459
3.0,0.5,290,0.566,3.1693,919.11,MB,1h,train,0.55,459
3.0,1.0,290,0.507,2.1481,622.95,MB,1h,train,0.55,459
3.0,2.0,290,0.455,0.0565,16.38,MB,1h,train,0.55,459
3.0,5.0,290,0.4,-4.5954,-1332.66,MB,1h,train,0.55,459
4.0,0.083,290,0.814,3.2336,937.74,MB,1h,train,0.55,459
4.0,0.125,290,0.762,4.3216,1253.26,MB,1h,train,0.55,459
4.0,0.167,290,0.721,4.1537,1204.57,MB,1h,train,0.55,459
4.0,0.25,290,0.638,3.2976,956.31,MB,1h,train,0.55,459
4.0,0.5,290,0.552,3.2036,929.03,MB,1h,train,0.55,459
4.0,1.0,290,0.472,2.4947,723.47,MB,1h,train,0.55,459
4.0,2.0,290,0.41,0.5313,154.07,MB,1h,train,0.55,459
4.0,5.0,290,0.341,-4.7783,-1385.72,MB,1h,train,0.55,459
5.0,0.083,290,0.814,3.2336,937.74,MB,1h,train,0.55,459
5.0,0.125,290,0.766,4.3863,1272.03,MB,1h,train,0.55,459
5.0,0.167,290,0.724,4.2617,1235.89,MB,1h,train,0.55,459
5.0,0.25,290,0.638,3.46,1003.4,MB,1h,train,0.55,459
5.0,0.5,290,0.548,3.4507,1000.7,MB,1h,train,0.55,459
5.0,1.0,290,0.452,2.6735,775.31,MB,1h,train,0.55,459
5.0,2.0,290,0.383,1.0282,298.17,MB,1h,train,0.55,459
5.0,5.0,290,0.317,-4.3306,-1255.89,MB,1h,train,0.55,459
7.0,0.083,290,0.814,3.2336,937.74,MB,1h,train,0.55,459
7.0,0.125,290,0.766,4.3879,1272.48,MB,1h,train,0.55,459
7.0,0.167,290,0.724,4.2682,1237.76,MB,1h,train,0.55,459
7.0,0.25,290,0.638,3.4943,1013.34,MB,1h,train,0.55,459
7.0,0.5,290,0.545,3.5715,1035.72,MB,1h,train,0.55,459
7.0,1.0,290,0.441,2.9214,847.2,MB,1h,train,0.55,459
7.0,2.0,290,0.366,1.7944,520.37,MB,1h,train,0.55,459
7.0,5.0,290,0.286,-2.5712,-745.65,MB,1h,train,0.55,459
10.0,0.083,290,0.814,3.2336,937.74,MB,1h,train,0.55,459
10.0,0.125,290,0.766,4.3879,1272.49,MB,1h,train,0.55,459
10.0,0.167,290,0.724,4.2685,1237.87,MB,1h,train,0.55,459
10.0,0.25,290,0.638,3.5004,1015.11,MB,1h,train,0.55,459
10.0,0.5,290,0.545,3.6349,1054.12,MB,1h,train,0.55,459
10.0,1.0,290,0.441,2.944,853.76,MB,1h,train,0.55,459
10.0,2.0,290,0.359,1.0545,305.81,MB,1h,train,0.55,459
10.0,5.0,290,0.266,-2.689,-779.81,MB,1h,train,0.55,459
2.0,0.083,289,0.813,3.3522,968.79,MB,1h,train,0.575,459
2.0,0.125,289,0.765,4.3075,1244.88,MB,1h,train,0.575,459
2.0,0.167,289,0.737,4.4973,1299.72,MB,1h,train,0.575,459
2.0,0.25,289,0.668,3.6661,1059.51,MB,1h,train,0.575,459
2.0,0.5,289,0.63,2.9278,846.14,MB,1h,train,0.575,459
2.0,1.0,289,0.554,1.5918,460.04,MB,1h,train,0.575,459
2.0,2.0,289,0.502,-0.5409,-156.32,MB,1h,train,0.575,459
2.0,5.0,289,0.405,-5.2086,-1505.3,MB,1h,train,0.575,459
3.0,0.083,289,0.813,3.3522,968.79,MB,1h,train,0.575,459
3.0,0.125,289,0.761,4.4948,1299.0,MB,1h,train,0.575,459
3.0,0.167,289,0.727,4.6529,1344.68,MB,1h,train,0.575,459
3.0,0.25,289,0.651,3.9665,1146.32,MB,1h,train,0.575,459
3.0,0.5,289,0.581,3.3836,977.87,MB,1h,train,0.575,459
3.0,1.0,289,0.502,2.3149,668.99,MB,1h,train,0.575,459
3.0,2.0,289,0.443,0.0448,12.94,MB,1h,train,0.575,459
3.0,5.0,289,0.398,-4.5688,-1320.37,MB,1h,train,0.575,459
4.0,0.083,289,0.813,3.3522,968.79,MB,1h,train,0.575,459
4.0,0.125,289,0.758,4.3231,1249.38,MB,1h,train,0.575,459
4.0,0.167,289,0.716,4.2098,1216.63,MB,1h,train,0.575,459
4.0,0.25,289,0.64,3.6759,1062.33,MB,1h,train,0.575,459
4.0,0.5,289,0.564,3.5384,1022.61,MB,1h,train,0.575,459
4.0,1.0,289,0.478,3.066,886.07,MB,1h,train,0.575,459
4.0,2.0,289,0.419,1.0862,313.92,MB,1h,train,0.575,459
4.0,5.0,289,0.363,-4.2115,-1217.13,MB,1h,train,0.575,459
5.0,0.083,289,0.813,3.3522,968.79,MB,1h,train,0.575,459
5.0,0.125,289,0.761,4.3535,1258.16,MB,1h,train,0.575,459
5.0,0.167,289,0.72,4.2693,1233.81,MB,1h,train,0.575,459
5.0,0.25,289,0.64,3.7748,1090.92,MB,1h,train,0.575,459
5.0,0.5,289,0.561,3.7955,1096.89,MB,1h,train,0.575,459
5.0,1.0,289,0.46,3.3891,979.45,MB,1h,train,0.575,459
5.0,2.0,289,0.398,1.7477,505.07,MB,1h,train,0.575,459
5.0,5.0,289,0.332,-3.5104,-1014.52,MB,1h,train,0.575,459
7.0,0.083,289,0.813,3.3522,968.79,MB,1h,train,0.575,459
7.0,0.125,289,0.761,4.3902,1268.77,MB,1h,train,0.575,459
7.0,0.167,289,0.72,4.3271,1250.53,MB,1h,train,0.575,459
7.0,0.25,289,0.64,3.8887,1123.84,MB,1h,train,0.575,459
7.0,0.5,289,0.557,3.9798,1150.17,MB,1h,train,0.575,459
7.0,1.0,289,0.443,3.5357,1021.8,MB,1h,train,0.575,459
7.0,2.0,289,0.367,2.1897,632.81,MB,1h,train,0.575,459
7.0,5.0,289,0.287,-2.6015,-751.83,MB,1h,train,0.575,459
10.0,0.083,289,0.813,3.3522,968.79,MB,1h,train,0.575,459
10.0,0.125,289,0.761,4.3902,1268.77,MB,1h,train,0.575,459
10.0,0.167,289,0.72,4.3272,1250.56,MB,1h,train,0.575,459
10.0,0.25,289,0.64,3.8909,1124.46,MB,1h,train,0.575,459
10.0,0.5,289,0.557,4.0276,1163.96,MB,1h,train,0.575,459
10.0,1.0,289,0.443,3.6792,1063.3,MB,1h,train,0.575,459
10.0,2.0,289,0.363,1.7711,511.84,MB,1h,train,0.575,459
10.0,5.0,289,0.266,-2.316,-669.33,MB,1h,train,0.575,459
2.0,0.083,284,0.817,3.4399,976.94,MB,1h,train,0.6,459
2.0,0.125,284,0.775,4.6737,1327.33,MB,1h,train,0.6,459
2.0,0.167,284,0.75,4.9363,1401.9,MB,1h,train,0.6,459
2.0,0.25,284,0.69,4.3535,1236.38,MB,1h,train,0.6,459
2.0,0.5,284,0.627,3.3677,956.43,MB,1h,train,0.6,459
2.0,1.0,284,0.56,1.9433,551.91,MB,1h,train,0.6,459
2.0,2.0,284,0.511,-0.1775,-50.42,MB,1h,train,0.6,459
2.0,5.0,284,0.408,-4.644,-1318.89,MB,1h,train,0.6,459
3.0,0.083,284,0.817,3.4399,976.94,MB,1h,train,0.6,459
3.0,0.125,284,0.771,4.9016,1392.06,MB,1h,train,0.6,459
3.0,0.167,284,0.739,5.1733,1469.2,MB,1h,train,0.6,459
3.0,0.25,284,0.68,4.8083,1365.56,MB,1h,train,0.6,459
3.0,0.5,284,0.585,4.0087,1138.47,MB,1h,train,0.6,459
3.0,1.0,284,0.514,3.0328,861.3,MB,1h,train,0.6,459
3.0,2.0,284,0.461,0.7114,202.05,MB,1h,train,0.6,459
3.0,5.0,284,0.405,-3.8813,-1102.29,MB,1h,train,0.6,459
4.0,0.083,284,0.817,3.4399,976.94,MB,1h,train,0.6,459
4.0,0.125,284,0.768,4.7904,1360.46,MB,1h,train,0.6,459
4.0,0.167,284,0.732,5.0653,1438.53,MB,1h,train,0.6,459
4.0,0.25,284,0.669,4.7754,1356.23,MB,1h,train,0.6,459
4.0,0.5,284,0.574,4.4179,1254.67,MB,1h,train,0.6,459
4.0,1.0,284,0.493,3.8038,1080.27,MB,1h,train,0.6,459
4.0,2.0,284,0.43,1.754,498.15,MB,1h,train,0.6,459
4.0,5.0,284,0.384,-3.2534,-923.95,MB,1h,train,0.6,459
5.0,0.083,284,0.817,3.4399,976.94,MB,1h,train,0.6,459
5.0,0.125,284,0.771,4.7821,1358.11,MB,1h,train,0.6,459
5.0,0.167,284,0.732,4.8009,1363.47,MB,1h,train,0.6,459
5.0,0.25,284,0.665,4.5425,1290.08,MB,1h,train,0.6,459
5.0,0.5,284,0.567,4.3765,1242.92,MB,1h,train,0.6,459
5.0,1.0,284,0.479,4.175,1185.69,MB,1h,train,0.6,459
5.0,2.0,284,0.408,2.2396,636.04,MB,1h,train,0.6,459
5.0,5.0,284,0.342,-3.1722,-900.92,MB,1h,train,0.6,459
7.0,0.083,284,0.817,3.4399,976.94,MB,1h,train,0.6,459
7.0,0.125,284,0.771,4.8134,1367.01,MB,1h,train,0.6,459
7.0,0.167,284,0.732,4.8688,1382.74,MB,1h,train,0.6,459
7.0,0.25,284,0.665,4.7035,1335.8,MB,1h,train,0.6,459
7.0,0.5,284,0.56,4.6417,1318.25,MB,1h,train,0.6,459
7.0,1.0,284,0.454,4.3888,1246.41,MB,1h,train,0.6,459
7.0,2.0,284,0.377,2.9147,827.78,MB,1h,train,0.6,459
7.0,5.0,284,0.296,-2.2133,-628.59,MB,1h,train,0.6,459
10.0,0.083,284,0.817,3.4399,976.94,MB,1h,train,0.6,459
10.0,0.125,284,0.771,4.8134,1367.01,MB,1h,train,0.6,459
10.0,0.167,284,0.732,4.8689,1382.78,MB,1h,train,0.6,459
10.0,0.25,284,0.665,4.7056,1336.4,MB,1h,train,0.6,459
10.0,0.5,284,0.56,4.6889,1331.64,MB,1h,train,0.6,459
10.0,1.0,284,0.454,4.5638,1296.13,MB,1h,train,0.6,459
10.0,2.0,284,0.373,3.1584,897.0,MB,1h,train,0.6,459
10.0,5.0,284,0.271,-1.0833,-307.67,MB,1h,train,0.6,459
2.0,0.083,284,0.813,3.3291,945.46,MB,1h,train,0.625,459
2.0,0.125,284,0.764,4.4009,1249.85,MB,1h,train,0.625,459
2.0,0.167,284,0.746,4.5254,1285.2,MB,1h,train,0.625,459
2.0,0.25,284,0.68,3.9855,1131.88,MB,1h,train,0.625,459
2.0,0.5,284,0.616,2.992,849.73,MB,1h,train,0.625,459
2.0,1.0,284,0.553,1.6017,454.87,MB,1h,train,0.625,459
2.0,2.0,284,0.514,-0.5284,-150.07,MB,1h,train,0.625,459
2.0,5.0,284,0.408,-5.0054,-1421.53,MB,1h,train,0.625,459
3.0,0.083,284,0.813,3.3291,945.46,MB,1h,train,0.625,459
3.0,0.125,284,0.764,4.7424,1346.85,MB,1h,train,0.625,459
3.0,0.167,284,0.743,4.9639,1409.76,MB,1h,train,0.625,459
3.0,0.25,284,0.673,4.7297,1343.25,MB,1h,train,0.625,459
3.0,0.5,284,0.606,4.3154,1225.57,MB,1h,train,0.625,459
3.0,1.0,284,0.528,3.2842,932.71,MB,1h,train,0.625,459
3.0,2.0,284,0.475,0.9118,258.96,MB,1h,train,0.625,459
3.0,5.0,284,0.415,-3.7525,-1065.72,MB,1h,train,0.625,459
4.0,0.083,284,0.813,3.3291,945.46,MB,1h,train,0.625,459
4.0,0.125,284,0.757,4.5883,1303.08,MB,1h,train,0.625,459
4.0,0.167,284,0.732,4.8085,1365.61,MB,1h,train,0.625,459
4.0,0.25,284,0.658,4.6201,1312.1,MB,1h,train,0.625,459
4.0,0.5,284,0.577,4.2729,1213.5,MB,1h,train,0.625,459
4.0,1.0,284,0.5,3.5437,1006.42,MB,1h,train,0.625,459
4.0,2.0,284,0.433,1.2341,350.5,MB,1h,train,0.625,459
4.0,5.0,284,0.387,-3.4413,-977.32,MB,1h,train,0.625,459
5.0,0.083,284,0.813,3.3291,945.46,MB,1h,train,0.625,459
5.0,0.125,284,0.757,4.5692,1297.65,MB,1h,train,0.625,459
5.0,0.167,284,0.729,4.5369,1288.48,MB,1h,train,0.625,459
5.0,0.25,284,0.651,4.4085,1252.0,MB,1h,train,0.625,459
5.0,0.5,284,0.567,4.3056,1222.79,MB,1h,train,0.625,459
5.0,1.0,284,0.475,3.7996,1079.09,MB,1h,train,0.625,459
5.0,2.0,284,0.394,1.5851,450.16,MB,1h,train,0.625,459
5.0,5.0,284,0.327,-3.9603,-1124.73,MB,1h,train,0.625,459
7.0,0.083,284,0.813,3.3291,945.46,MB,1h,train,0.625,459
7.0,0.125,284,0.757,4.4658,1268.28,MB,1h,train,0.625,459
7.0,0.167,284,0.729,4.4793,1272.11,MB,1h,train,0.625,459
7.0,0.25,284,0.651,4.4611,1266.96,MB,1h,train,0.625,459
7.0,0.5,284,0.56,4.5413,1289.73,MB,1h,train,0.625,459
7.0,1.0,284,0.451,4.0314,1144.93,MB,1h,train,0.625,459
7.0,2.0,284,0.366,2.3574,669.49,MB,1h,train,0.625,459
7.0,5.0,284,0.289,-2.4299,-690.09,MB,1h,train,0.625,459
10.0,0.083,284,0.813,3.3291,945.46,MB,1h,train,0.625,459
10.0,0.125,284,0.757,4.4658,1268.28,MB,1h,train,0.625,459
10.0,0.167,284,0.729,4.4794,1272.15,MB,1h,train,0.625,459
10.0,0.25,284,0.651,4.4631,1267.53,MB,1h,train,0.625,459
10.0,0.5,284,0.56,4.5875,1302.84,MB,1h,train,0.625,459
10.0,1.0,284,0.451,4.2524,1207.67,MB,1h,train,0.625,459
10.0,2.0,284,0.359,2.7889,792.04,MB,1h,train,0.625,459
10.0,5.0,284,0.264,-1.1906,-338.12,MB,1h,train,0.625,459
2.0,0.083,287,0.805,3.182,913.24,MB,1h,train,0.65,459
2.0,0.125,287,0.777,4.3117,1237.45,MB,1h,train,0.65,459
2.0,0.167,287,0.742,4.3788,1256.71,MB,1h,train,0.65,459
2.0,0.25,287,0.669,3.4774,998.02,MB,1h,train,0.65,459
2.0,0.5,287,0.592,2.5188,722.9,MB,1h,train,0.65,459
2.0,1.0,287,0.523,0.8814,252.96,MB,1h,train,0.65,459
2.0,2.0,287,0.488,-1.2129,-348.11,MB,1h,train,0.65,459
2.0,5.0,287,0.369,-5.7088,-1638.44,MB,1h,train,0.65,459
3.0,0.083,287,0.805,3.182,913.24,MB,1h,train,0.65,459
3.0,0.125,287,0.774,4.5489,1305.52,MB,1h,train,0.65,459
3.0,0.167,287,0.735,4.6911,1346.35,MB,1h,train,0.65,459
3.0,0.25,287,0.662,3.9817,1142.74,MB,1h,train,0.65,459
3.0,0.5,287,0.578,3.5238,1011.34,MB,1h,train,0.65,459
3.0,1.0,287,0.502,2.148,616.48,MB,1h,train,0.65,459
3.0,2.0,287,0.453,-0.2454,-70.43,MB,1h,train,0.65,459
3.0,5.0,287,0.39,-4.7767,-1370.9,MB,1h,train,0.65,459
4.0,0.083,287,0.805,3.182,913.24,MB,1h,train,0.65,459
4.0,0.125,287,0.767,4.4224,1269.24,MB,1h,train,0.65,459
4.0,0.167,287,0.725,4.6112,1323.43,MB,1h,train,0.65,459
4.0,0.25,287,0.652,4.085,1172.39,MB,1h,train,0.65,459
4.0,0.5,287,0.554,3.6373,1043.92,MB,1h,train,0.65,459
4.0,1.0,287,0.474,2.5503,731.93,MB,1h,train,0.65,459
4.0,2.0,287,0.411,0.1836,52.71,MB,1h,train,0.65,459
4.0,5.0,287,0.366,-4.3756,-1255.79,MB,1h,train,0.65,459
5.0,0.083,287,0.805,3.182,913.24,MB,1h,train,0.65,459
5.0,0.125,287,0.767,4.4086,1265.26,MB,1h,train,0.65,459
5.0,0.167,287,0.721,4.3276,1242.02,MB,1h,train,0.65,459
5.0,0.25,287,0.645,3.8382,1101.55,MB,1h,train,0.65,459
5.0,0.5,287,0.547,3.6026,1033.95,MB,1h,train,0.65,459
5.0,1.0,287,0.449,2.8188,808.99,MB,1h,train,0.65,459
5.0,2.0,287,0.373,0.4937,141.7,MB,1h,train,0.65,459
5.0,5.0,287,0.314,-4.6729,-1341.12,MB,1h,train,0.65,459
7.0,0.083,287,0.805,3.182,913.24,MB,1h,train,0.65,459
7.0,0.125,287,0.767,4.3062,1235.89,MB,1h,train,0.65,459
7.0,0.167,287,0.721,4.2706,1225.66,MB,1h,train,0.65,459
7.0,0.25,287,0.645,3.885,1114.99,MB,1h,train,0.65,459
7.0,0.5,287,0.54,3.695,1060.45,MB,1h,train,0.65,459
7.0,1.0,287,0.429,2.8762,825.48,MB,1h,train,0.65,459
7.0,2.0,287,0.338,0.7698,220.93,MB,1h,train,0.65,459
7.0,5.0,287,0.272,-3.9971,-1147.16,MB,1h,train,0.65,459
10.0,0.083,287,0.805,3.182,913.24,MB,1h,train,0.65,459
10.0,0.125,287,0.767,4.3063,1235.9,MB,1h,train,0.65,459
10.0,0.167,287,0.721,4.2709,1225.76,MB,1h,train,0.65,459
10.0,0.25,287,0.645,3.8909,1116.69,MB,1h,train,0.65,459
10.0,0.5,287,0.54,3.7876,1087.03,MB,1h,train,0.65,459
10.0,1.0,287,0.425,3.1368,900.25,MB,1h,train,0.65,459
10.0,2.0,287,0.328,1.3066,374.99,MB,1h,train,0.65,459
10.0,5.0,287,0.244,-2.5778,-739.83,MB,1h,train,0.65,459
2.0,0.083,286,0.787,2.7638,790.45,MB,1h,train,0.675,459
2.0,0.125,286,0.759,3.7179,1063.33,MB,1h,train,0.675,459
2.0,0.167,286,0.724,3.825,1093.95,MB,1h,train,0.675,459
2.0,0.25,286,0.654,2.9227,835.89,MB,1h,train,0.675,459
2.0,0.5,286,0.584,2.1232,607.24,MB,1h,train,0.675,459
2.0,1.0,286,0.531,0.6629,189.6,MB,1h,train,0.675,459
2.0,2.0,286,0.486,-1.5605,-446.32,MB,1h,train,0.675,459
2.0,5.0,286,0.364,-6.0375,-1726.73,MB,1h,train,0.675,459
3.0,0.083,286,0.787,2.7638,790.45,MB,1h,train,0.675,459
3.0,0.125,286,0.759,4.0644,1162.41,MB,1h,train,0.675,459
3.0,0.167,286,0.724,4.3689,1249.49,MB,1h,train,0.675,459
3.0,0.25,286,0.65,3.7219,1064.46,MB,1h,train,0.675,459
3.0,0.5,286,0.573,3.2599,932.32,MB,1h,train,0.675,459
3.0,1.0,286,0.5,2.0091,574.61,MB,1h,train,0.675,459
3.0,2.0,286,0.458,-0.4143,-118.5,MB,1h,train,0.675,459
3.0,5.0,286,0.381,-4.964,-1419.7,MB,1h,train,0.675,459
4.0,0.083,286,0.787,2.7638,790.45,MB,1h,train,0.675,459
4.0,0.125,286,0.755,4.1287,1180.82,MB,1h,train,0.675,459
4.0,0.167,286,0.717,4.3875,1254.82,MB,1h,train,0.675,459
4.0,0.25,286,0.64,3.8921,1113.14,MB,1h,train,0.675,459
4.0,0.5,286,0.545,3.474,993.57,MB,1h,train,0.675,459
4.0,1.0,286,0.469,2.3313,666.75,MB,1h,train,0.675,459
4.0,2.0,286,0.409,-0.2695,-77.07,MB,1h,train,0.675,459
4.0,5.0,286,0.36,-4.8661,-1391.7,MB,1h,train,0.675,459
5.0,0.083,286,0.787,2.7638,790.45,MB,1h,train,0.675,459
5.0,0.125,286,0.755,4.1196,1178.19,MB,1h,train,0.675,459
5.0,0.167,286,0.71,4.0719,1164.58,MB,1h,train,0.675,459
5.0,0.25,286,0.633,3.6618,1047.28,MB,1h,train,0.675,459
5.0,0.5,286,0.535,3.5306,1009.75,MB,1h,train,0.675,459
5.0,1.0,286,0.451,2.8093,803.47,MB,1h,train,0.675,459
5.0,2.0,286,0.388,0.4658,133.23,MB,1h,train,0.675,459
5.0,5.0,286,0.332,-4.6151,-1319.92,MB,1h,train,0.675,459
7.0,0.083,286,0.787,2.7638,790.45,MB,1h,train,0.675,459
7.0,0.125,286,0.755,4.0038,1145.1,MB,1h,train,0.675,459
7.0,0.167,286,0.71,3.9927,1141.92,MB,1h,train,0.675,459
7.0,0.25,286,0.629,3.6327,1038.96,MB,1h,train,0.675,459
7.0,0.5,286,0.528,3.4782,994.77,MB,1h,train,0.675,459
7.0,1.0,286,0.42,2.7362,782.54,MB,1h,train,0.675,459
7.0,2.0,286,0.339,0.5266,150.62,MB,1h,train,0.675,459
7.0,5.0,286,0.273,-4.3675,-1249.1,MB,1h,train,0.675,459
10.0,0.083,286,0.787,2.7638,790.45,MB,1h,train,0.675,459
10.0,0.125,286,0.755,4.0039,1145.11,MB,1h,train,0.675,459
10.0,0.167,286,0.71,3.9932,1142.06,MB,1h,train,0.675,459
10.0,0.25,286,0.629,3.6393,1040.84,MB,1h,train,0.675,459
10.0,0.5,286,0.524,3.5146,1005.18,MB,1h,train,0.675,459
10.0,1.0,286,0.413,2.9616,847.01,MB,1h,train,0.675,459
10.0,2.0,286,0.325,1.3714,392.21,MB,1h,train,0.675,459
10.0,5.0,286,0.252,-2.5472,-728.49,MB,1h,train,0.675,459
2.0,0.083,279,0.792,2.6803,747.79,MB,1h,train,0.7,459
2.0,0.125,279,0.749,3.6275,1012.07,MB,1h,train,0.7,459
2.0,0.167,279,0.724,3.7123,1035.74,MB,1h,train,0.7,459
2.0,0.25,279,0.674,3.1813,887.59,MB,1h,train,0.7,459
2.0,0.5,279,0.599,1.9021,530.68,MB,1h,train,0.7,459
2.0,1.0,279,0.534,0.45,125.56,MB,1h,train,0.7,459
2.0,2.0,279,0.48,-1.7046,-475.6,MB,1h,train,0.7,459
2.0,5.0,279,0.355,-6.0642,-1691.92,MB,1h,train,0.7,459
3.0,0.083,279,0.792,2.6803,747.79,MB,1h,train,0.7,459
3.0,0.125,279,0.742,3.9151,1092.32,MB,1h,train,0.7,459
3.0,0.167,279,0.72,4.1919,1169.53,MB,1h,train,0.7,459
3.0,0.25,279,0.67,3.9864,1112.2,MB,1h,train,0.7,459
3.0,0.5,279,0.581,2.9843,832.62,MB,1h,train,0.7,459
3.0,1.0,279,0.495,1.6606,463.3,MB,1h,train,0.7,459
3.0,2.0,279,0.452,-0.6712,-187.27,MB,1h,train,0.7,459
3.0,5.0,279,0.38,-5.1619,-1440.16,MB,1h,train,0.7,459
4.0,0.083,279,0.792,2.6803,747.79,MB,1h,train,0.7,459
4.0,0.125,279,0.742,4.069,1135.24,MB,1h,train,0.7,459
4.0,0.167,279,0.72,4.4309,1236.21,MB,1h,train,0.7,459
4.0,0.25,279,0.663,4.3755,1220.77,MB,1h,train,0.7,459
4.0,0.5,279,0.57,3.5601,993.28,MB,1h,train,0.7,459
4.0,1.0,279,0.473,2.4133,673.31,MB,1h,train,0.7,459
4.0,2.0,279,0.405,-0.1217,-33.96,MB,1h,train,0.7,459
4.0,5.0,279,0.355,-4.6037,-1284.45,MB,1h,train,0.7,459
5.0,0.083,279,0.792,2.6803,747.79,MB,1h,train,0.7,459
5.0,0.125,279,0.742,4.1148,1148.04,MB,1h,train,0.7,459
5.0,0.167,279,0.72,4.5039,1256.59,MB,1h,train,0.7,459
5.0,0.25,279,0.663,4.5499,1269.42,MB,1h,train,0.7,459
5.0,0.5,279,0.566,3.9546,1103.33,MB,1h,train,0.7,459
5.0,1.0,279,0.466,3.1279,872.67,MB,1h,train,0.7,459
5.0,2.0,279,0.394,0.5894,164.44,MB,1h,train,0.7,459
5.0,5.0,279,0.348,-3.9737,-1108.66,MB,1h,train,0.7,459
7.0,0.083,279,0.792,2.6803,747.79,MB,1h,train,0.7,459
7.0,0.125,279,0.742,3.9799,1110.39,MB,1h,train,0.7,459
7.0,0.167,279,0.717,4.1283,1151.78,MB,1h,train,0.7,459
7.0,0.25,279,0.656,4.2555,1187.28,MB,1h,train,0.7,459
7.0,0.5,279,0.556,3.7636,1050.04,MB,1h,train,0.7,459
7.0,1.0,279,0.434,3.112,868.24,MB,1h,train,0.7,459
7.0,2.0,279,0.348,0.6931,193.37,MB,1h,train,0.7,459
7.0,5.0,279,0.287,-4.6595,-1300.0,MB,1h,train,0.7,459
10.0,0.083,279,0.792,2.6803,747.79,MB,1h,train,0.7,459
10.0,0.125,279,0.742,3.9803,1110.5,MB,1h,train,0.7,459
10.0,0.167,279,0.717,4.1303,1152.36,MB,1h,train,0.7,459
10.0,0.25,279,0.656,4.2811,1194.43,MB,1h,train,0.7,459
10.0,0.5,279,0.552,3.8708,1079.94,MB,1h,train,0.7,459
10.0,1.0,279,0.423,3.2934,918.87,MB,1h,train,0.7,459
10.0,2.0,279,0.323,1.547,431.6,MB,1h,train,0.7,459
10.0,5.0,279,0.258,-2.6503,-739.44,MB,1h,train,0.7,459
2.0,0.083,163,0.791,3.6518,595.24,MB,1h,validation,0.3,188
2.0,0.125,163,0.773,4.7912,780.97,MB,1h,validation,0.3,188
2.0,0.167,163,0.767,5.9761,974.1,MB,1h,validation,0.3,188
2.0,0.25,163,0.724,6.5918,1074.47,MB,1h,validation,0.3,188
2.0,0.5,163,0.589,3.992,650.7,MB,1h,validation,0.3,188
2.0,1.0,163,0.497,0.2407,39.24,MB,1h,validation,0.3,188
2.0,2.0,163,0.479,-1.4187,-231.25,MB,1h,validation,0.3,188
2.0,5.0,163,0.429,-9.599,-1564.63,MB,1h,validation,0.3,188
3.0,0.083,163,0.791,3.6518,595.24,MB,1h,validation,0.3,188
3.0,0.125,163,0.767,4.8061,783.39,MB,1h,validation,0.3,188
3.0,0.167,163,0.761,6.1257,998.49,MB,1h,validation,0.3,188
3.0,0.25,163,0.712,6.622,1079.39,MB,1h,validation,0.3,188
3.0,0.5,163,0.571,4.4436,724.31,MB,1h,validation,0.3,188
3.0,1.0,163,0.46,1.158,188.75,MB,1h,validation,0.3,188
3.0,2.0,163,0.417,-1.371,-223.47,MB,1h,validation,0.3,188
3.0,5.0,163,0.368,-9.8756,-1609.72,MB,1h,validation,0.3,188
4.0,0.083,163,0.791,3.6518,595.24,MB,1h,validation,0.3,188
4.0,0.125,163,0.767,4.8112,784.22,MB,1h,validation,0.3,188
4.0,0.167,163,0.761,6.1454,1001.71,MB,1h,validation,0.3,188
4.0,0.25,163,0.706,6.5013,1059.72,MB,1h,validation,0.3,188
4.0,0.5,163,0.564,4.6766,762.29,MB,1h,validation,0.3,188
4.0,1.0,163,0.448,1.5737,256.51,MB,1h,validation,0.3,188
4.0,2.0,163,0.38,-1.7935,-292.34,MB,1h,validation,0.3,188
4.0,5.0,163,0.301,-9.9572,-1623.03,MB,1h,validation,0.3,188
5.0,0.083,163,0.791,3.6518,595.24,MB,1h,validation,0.3,188
5.0,0.125,163,0.767,4.8113,784.25,MB,1h,validation,0.3,188
5.0,0.167,163,0.761,6.1469,1001.95,MB,1h,validation,0.3,188
5.0,0.25,163,0.706,6.515,1061.94,MB,1h,validation,0.3,188
5.0,0.5,163,0.564,4.7963,781.8,MB,1h,validation,0.3,188
5.0,1.0,163,0.448,2.046,333.5,MB,1h,validation,0.3,188
5.0,2.0,163,0.374,-1.1402,-185.85,MB,1h,validation,0.3,188
5.0,5.0,163,0.288,-8.1833,-1333.88,MB,1h,validation,0.3,188
7.0,0.083,163,0.791,3.6518,595.24,MB,1h,validation,0.3,188
7.0,0.125,163,0.767,4.8113,784.25,MB,1h,validation,0.3,188
7.0,0.167,163,0.761,6.147,1001.97,MB,1h,validation,0.3,188
7.0,0.25,163,0.706,6.5195,1062.67,MB,1h,validation,0.3,188
7.0,0.5,163,0.564,4.7194,769.26,MB,1h,validation,0.3,188
7.0,1.0,163,0.442,2.0,326.0,MB,1h,validation,0.3,188
7.0,2.0,163,0.368,-0.5294,-86.29,MB,1h,validation,0.3,188
7.0,5.0,163,0.276,-6.1519,-1002.76,MB,1h,validation,0.3,188
10.0,0.083,163,0.791,3.6518,595.24,MB,1h,validation,0.3,188
10.0,0.125,163,0.767,4.8118,784.32,MB,1h,validation,0.3,188
10.0,0.167,163,0.761,6.1492,1002.31,MB,1h,validation,0.3,188
10.0,0.25,163,0.706,6.5284,1064.13,MB,1h,validation,0.3,188
10.0,0.5,163,0.564,4.7616,776.14,MB,1h,validation,0.3,188
10.0,1.0,163,0.442,2.0244,329.98,MB,1h,validation,0.3,188
10.0,2.0,163,0.362,-0.2849,-46.45,MB,1h,validation,0.3,188
10.0,5.0,163,0.264,-5.9522,-970.2,MB,1h,validation,0.3,188
2.0,0.083,161,0.814,4.0936,659.07,MB,1h,validation,0.325,188
2.0,0.125,161,0.789,5.2683,848.19,MB,1h,validation,0.325,188
2.0,0.167,161,0.77,6.6174,1065.4,MB,1h,validation,0.325,188
2.0,0.25,161,0.727,7.2481,1166.94,MB,1h,validation,0.325,188
2.0,0.5,161,0.602,5.0514,813.28,MB,1h,validation,0.325,188
2.0,1.0,161,0.509,1.6154,260.08,MB,1h,validation,0.325,188
2.0,2.0,161,0.491,-0.3694,-59.47,MB,1h,validation,0.325,188
2.0,5.0,161,0.447,-8.7134,-1402.86,MB,1h,validation,0.325,188
3.0,0.083,161,0.814,4.0936,659.07,MB,1h,validation,0.325,188
3.0,0.125,161,0.783,5.25,845.25,MB,1h,validation,0.325,188
3.0,0.167,161,0.764,6.72,1081.91,MB,1h,validation,0.325,188
3.0,0.25,161,0.714,7.24,1165.64,MB,1h,validation,0.325,188
3.0,0.5,161,0.584,5.5215,888.97,MB,1h,validation,0.325,188
3.0,1.0,161,0.466,2.5258,406.66,MB,1h,validation,0.325,188
3.0,2.0,161,0.422,-0.2599,-41.85,MB,1h,validation,0.325,188
3.0,5.0,161,0.379,-8.9221,-1436.46,MB,1h,validation,0.325,188
4.0,0.083,161,0.814,4.0936,659.07,MB,1h,validation,0.325,188
4.0,0.125,161,0.783,5.2551,846.07,MB,1h,validation,0.325,188
4.0,0.167,161,0.764,6.7401,1085.15,MB,1h,validation,0.325,188
4.0,0.25,161,0.708,7.1225,1146.72,MB,1h,validation,0.325,188
4.0,0.5,161,0.578,5.7274,922.12,MB,1h,validation,0.325,188
4.0,1.0,161,0.447,2.6934,433.64,MB,1h,validation,0.325,188
4.0,2.0,161,0.379,-0.915,-147.31,MB,1h,validation,0.325,188
4.0,5.0,161,0.317,-8.9761,-1445.16,MB,1h,validation,0.325,188
5.0,0.083,161,0.814,4.0936,659.07,MB,1h,validation,0.325,188
5.0,0.125,161,0.783,5.2552,846.09,MB,1h,validation,0.325,188
5.0,0.167,161,0.764,6.7411,1085.32,MB,1h,validation,0.325,188
5.0,0.25,161,0.708,7.1319,1148.24,MB,1h,validation,0.325,188
5.0,0.5,161,0.578,5.8083,935.14,MB,1h,validation,0.325,188
5.0,1.0,161,0.447,2.9961,482.37,MB,1h,validation,0.325,188
5.0,2.0,161,0.373,-0.8606,-138.56,MB,1h,validation,0.325,188
5.0,5.0,161,0.292,-8.0921,-1302.82,MB,1h,validation,0.325,188
7.0,0.083,161,0.814,4.0936,659.07,MB,1h,validation,0.325,188
7.0,0.125,161,0.783,5.2553,846.1,MB,1h,validation,0.325,188
7.0,0.167,161,0.764,6.7416,1085.4,MB,1h,validation,0.325,188
7.0,0.25,161,0.708,7.1403,1149.58,MB,1h,validation,0.325,188
7.0,0.5,161,0.578,5.7703,929.02,MB,1h,validation,0.325,188
7.0,1.0,161,0.441,3.093,497.98,MB,1h,validation,0.325,188
7.0,2.0,161,0.366,-0.0505,-8.13,MB,1h,validation,0.325,188
7.0,5.0,161,0.28,-5.9595,-959.48,MB,1h,validation,0.325,188
10.0,0.083,161,0.814,4.0936,659.07,MB,1h,validation,0.325,188
10.0,0.125,161,0.783,5.2556,846.16,MB,1h,validation,0.325,188
10.0,0.167,161,0.764,6.7436,1085.72,MB,1h,validation,0.325,188
10.0,0.25,161,0.708,7.1489,1150.98,MB,1h,validation,0.325,188
10.0,0.5,161,0.578,5.8119,935.72,MB,1h,validation,0.325,188
10.0,1.0,161,0.441,3.12,502.31,MB,1h,validation,0.325,188
10.0,2.0,161,0.36,0.2042,32.88,MB,1h,validation,0.325,188
10.0,5.0,161,0.267,-5.8734,-945.62,MB,1h,validation,0.325,188
2.0,0.083,162,0.809,4.0109,649.76,MB,1h,validation,0.35,188
2.0,0.125,162,0.778,4.8381,783.77,MB,1h,validation,0.35,188
2.0,0.167,162,0.765,6.1184,991.17,MB,1h,validation,0.35,188
2.0,0.25,162,0.722,6.8224,1105.23,MB,1h,validation,0.35,188
2.0,0.5,162,0.623,5.1867,840.25,MB,1h,validation,0.35,188
2.0,1.0,162,0.519,1.9568,317.01,MB,1h,validation,0.35,188
2.0,2.0,162,0.506,-0.1582,-25.63,MB,1h,validation,0.35,188
2.0,5.0,162,0.457,-8.4946,-1376.12,MB,1h,validation,0.35,188
3.0,0.083,162,0.809,4.0109,649.76,MB,1h,validation,0.35,188
3.0,0.125,162,0.772,4.8532,786.21,MB,1h,validation,0.35,188
3.0,0.167,162,0.759,6.2423,1011.25,MB,1h,validation,0.35,188
3.0,0.25,162,0.71,7.1004,1150.26,MB,1h,validation,0.35,188
3.0,0.5,162,0.586,5.5046,891.74,MB,1h,validation,0.35,188
3.0,1.0,162,0.451,2.5878,419.22,MB,1h,validation,0.35,188
3.0,2.0,162,0.414,-0.3267,-52.92,MB,1h,validation,0.35,188
3.0,5.0,162,0.37,-9.0781,-1470.65,MB,1h,validation,0.35,188
4.0,0.083,162,0.809,4.0109,649.76,MB,1h,validation,0.35,188
4.0,0.125,162,0.772,4.8586,787.09,MB,1h,validation,0.35,188
4.0,0.167,162,0.759,6.2599,1014.1,MB,1h,validation,0.35,188
4.0,0.25,162,0.71,7.1777,1162.78,MB,1h,validation,0.35,188
4.0,0.5,162,0.586,5.8731,951.44,MB,1h,validation,0.35,188
4.0,1.0,162,0.438,2.9033,470.34,MB,1h,validation,0.35,188
4.0,2.0,162,0.377,-0.8236,-133.42,MB,1h,validation,0.35,188
4.0,5.0,162,0.327,-8.8991,-1441.65,MB,1h,validation,0.35,188
5.0,0.083,162,0.809,4.0109,649.76,MB,1h,validation,0.35,188
5.0,0.125,162,0.772,4.8588,787.12,MB,1h,validation,0.35,188
5.0,0.167,162,0.759,6.2613,1014.33,MB,1h,validation,0.35,188
5.0,0.25,162,0.71,7.1919,1165.08,MB,1h,validation,0.35,188
5.0,0.5,162,0.586,6.0029,972.47,MB,1h,validation,0.35,188
5.0,1.0,162,0.438,3.2255,522.54,MB,1h,validation,0.35,188
5.0,2.0,162,0.364,-0.7606,-123.22,MB,1h,validation,0.35,188
5.0,5.0,162,0.29,-8.1941,-1327.44,MB,1h,validation,0.35,188
7.0,0.083,162,0.809,4.0109,649.76,MB,1h,validation,0.35,188
7.0,0.125,162,0.772,4.8588,787.12,MB,1h,validation,0.35,188
7.0,0.167,162,0.759,6.2617,1014.4,MB,1h,validation,0.35,188
7.0,0.25,162,0.71,7.1998,1166.37,MB,1h,validation,0.35,188
7.0,0.5,162,0.586,5.9657,966.44,MB,1h,validation,0.35,188
7.0,1.0,162,0.432,3.318,537.51,MB,1h,validation,0.35,188
7.0,2.0,162,0.358,0.1059,17.15,MB,1h,validation,0.35,188
7.0,5.0,162,0.278,-5.8868,-953.66,MB,1h,validation,0.35,188
10.0,0.083,162,0.809,4.0109,649.76,MB,1h,validation,0.35,188
10.0,0.125,162,0.772,4.8591,787.18,MB,1h,validation,0.35,188
10.0,0.167,162,0.759,6.2636,1014.7,MB,1h,validation,0.35,188
10.0,0.25,162,0.71,7.2081,1167.71,MB,1h,validation,0.35,188
10.0,0.5,162,0.586,6.006,972.97,MB,1h,validation,0.35,188
10.0,1.0,162,0.432,3.3677,545.57,MB,1h,validation,0.35,188
10.0,2.0,162,0.352,0.4146,67.16,MB,1h,validation,0.35,188
10.0,5.0,162,0.265,-5.6664,-917.95,MB,1h,validation,0.35,188
2.0,0.083,155,0.8,4.4272,686.22,MB,1h,validation,0.375,188
2.0,0.125,155,0.8,5.9157,916.93,MB,1h,validation,0.375,188
2.0,0.167,155,0.774,7.0844,1098.08,MB,1h,validation,0.375,188
2.0,0.25,155,0.742,7.4315,1151.88,MB,1h,validation,0.375,188
2.0,0.5,155,0.645,6.3983,991.74,MB,1h,validation,0.375,188
2.0,1.0,155,0.542,3.5457,549.59,MB,1h,validation,0.375,188
2.0,2.0,155,0.503,1.1045,171.19,MB,1h,validation,0.375,188
2.0,5.0,155,0.452,-7.6259,-1182.02,MB,1h,validation,0.375,188
3.0,0.083,155,0.8,4.4272,686.22,MB,1h,validation,0.375,188
3.0,0.125,155,0.794,5.9791,926.76,MB,1h,validation,0.375,188
3.0,0.167,155,0.768,7.2861,1129.35,MB,1h,validation,0.375,188
3.0,0.25,155,0.729,7.8333,1214.16,MB,1h,validation,0.375,188
3.0,0.5,155,0.6,6.7863,1051.87,MB,1h,validation,0.375,188
3.0,1.0,155,0.471,4.3187,669.4,MB,1h,validation,0.375,188
3.0,2.0,155,0.406,0.9668,149.86,MB,1h,validation,0.375,188
3.0,5.0,155,0.368,-8.1033,-1256.0,MB,1h,validation,0.375,188
4.0,0.083,155,0.8,4.4272,686.22,MB,1h,validation,0.375,188
4.0,0.125,155,0.794,5.9827,927.31,MB,1h,validation,0.375,188
4.0,0.167,155,0.768,7.2989,1131.34,MB,1h,validation,0.375,188
4.0,0.25,155,0.729,7.8996,1224.44,MB,1h,validation,0.375,188
4.0,0.5,155,0.6,7.1935,1114.99,MB,1h,validation,0.375,188
4.0,1.0,155,0.458,4.896,758.88,MB,1h,validation,0.375,188
4.0,2.0,155,0.394,1.8471,286.3,MB,1h,validation,0.375,188
4.0,5.0,155,0.342,-6.4878,-1005.6,MB,1h,validation,0.375,188
5.0,0.083,155,0.8,4.4272,686.22,MB,1h,validation,0.375,188
5.0,0.125,155,0.794,5.9827,927.31,MB,1h,validation,0.375,188
5.0,0.167,155,0.768,7.3009,1131.64,MB,1h,validation,0.375,188
5.0,0.25,155,0.729,7.9288,1228.97,MB,1h,validation,0.375,188
5.0,0.5,155,0.6,7.3649,1141.56,MB,1h,validation,0.375,188
5.0,1.0,155,0.458,5.0819,787.7,MB,1h,validation,0.375,188
5.0,2.0,155,0.368,0.7103,110.1,MB,1h,validation,0.375,188
5.0,5.0,155,0.29,-6.9518,-1077.52,MB,1h,validation,0.375,188
7.0,0.083,155,0.8,4.4272,686.22,MB,1h,validation,0.375,188
7.0,0.125,155,0.794,5.9828,927.34,MB,1h,validation,0.375,188
7.0,0.167,155,0.768,7.3019,1131.8,MB,1h,validation,0.375,188
7.0,0.25,155,0.729,7.938,1230.38,MB,1h,validation,0.375,188
7.0,0.5,155,0.6,7.3382,1137.42,MB,1h,validation,0.375,188
7.0,1.0,155,0.452,5.2253,809.93,MB,1h,validation,0.375,188
7.0,2.0,155,0.361,1.5769,244.42,MB,1h,validation,0.375,188
7.0,5.0,155,0.271,-4.9299,-764.13,MB,1h,validation,0.375,188
10.0,0.083,155,0.8,4.4272,686.22,MB,1h,validation,0.375,188
10.0,0.125,155,0.794,5.9828,927.34,MB,1h,validation,0.375,188
10.0,0.167,155,0.768,7.3019,1131.8,MB,1h,validation,0.375,188
10.0,0.25,155,0.729,7.938,1230.38,MB,1h,validation,0.375,188
10.0,0.5,155,0.6,7.3387,1137.5,MB,1h,validation,0.375,188
10.0,1.0,155,0.452,5.1797,802.85,MB,1h,validation,0.375,188
10.0,2.0,155,0.355,1.8717,290.12,MB,1h,validation,0.375,188
10.0,5.0,155,0.265,-3.8343,-594.31,MB,1h,validation,0.375,188
2.0,0.083,157,0.79,4.2895,673.45,MB,1h,validation,0.4,188
2.0,0.125,157,0.79,5.6314,884.13,MB,1h,validation,0.4,188
2.0,0.167,157,0.764,6.7797,1064.41,MB,1h,validation,0.4,188
2.0,0.25,157,0.726,6.7615,1061.55,MB,1h,validation,0.4,188
2.0,0.5,157,0.637,5.6883,893.06,MB,1h,validation,0.4,188
2.0,1.0,157,0.541,3.1428,493.42,MB,1h,validation,0.4,188
2.0,2.0,157,0.49,0.6151,96.57,MB,1h,validation,0.4,188
2.0,5.0,157,0.446,-8.0192,-1259.01,MB,1h,validation,0.4,188
3.0,0.083,157,0.79,4.2895,673.45,MB,1h,validation,0.4,188
3.0,0.125,157,0.771,5.2443,823.36,MB,1h,validation,0.4,188
3.0,0.167,157,0.745,6.5551,1029.15,MB,1h,validation,0.4,188
3.0,0.25,157,0.701,6.7332,1057.11,MB,1h,validation,0.4,188
3.0,0.5,157,0.592,5.7668,905.39,MB,1h,validation,0.4,188
3.0,1.0,157,0.478,3.6609,574.77,MB,1h,validation,0.4,188
3.0,2.0,157,0.401,0.374,58.71,MB,1h,validation,0.4,188
3.0,5.0,157,0.363,-8.4568,-1327.71,MB,1h,validation,0.4,188
4.0,0.083,157,0.79,4.2895,673.45,MB,1h,validation,0.4,188
4.0,0.125,157,0.771,5.2485,824.01,MB,1h,validation,0.4,188
4.0,0.167,157,0.745,6.5739,1032.11,MB,1h,validation,0.4,188
4.0,0.25,157,0.701,6.8204,1070.8,MB,1h,validation,0.4,188
4.0,0.5,157,0.586,6.0754,953.84,MB,1h,validation,0.4,188
4.0,1.0,157,0.459,4.0452,635.1,MB,1h,validation,0.4,188
4.0,2.0,157,0.382,0.9992,156.88,MB,1h,validation,0.4,188
4.0,5.0,157,0.338,-7.128,-1119.09,MB,1h,validation,0.4,188
5.0,0.083,157,0.79,4.2895,673.45,MB,1h,validation,0.4,188
5.0,0.125,157,0.771,5.2485,824.01,MB,1h,validation,0.4,188
5.0,0.167,157,0.745,6.5758,1032.4,MB,1h,validation,0.4,188
5.0,0.25,157,0.701,6.8484,1075.2,MB,1h,validation,0.4,188
5.0,0.5,157,0.586,6.2503,981.3,MB,1h,validation,0.4,188
5.0,1.0,157,0.459,4.3127,677.09,MB,1h,validation,0.4,188
5.0,2.0,157,0.363,0.3326,52.21,MB,1h,validation,0.4,188
5.0,5.0,157,0.287,-7.223,-1134.01,MB,1h,validation,0.4,188
7.0,0.083,157,0.79,4.2895,673.45,MB,1h,validation,0.4,188
7.0,0.125,157,0.771,5.2486,824.03,MB,1h,validation,0.4,188
7.0,0.167,157,0.745,6.5767,1032.54,MB,1h,validation,0.4,188
7.0,0.25,157,0.701,6.8571,1076.57,MB,1h,validation,0.4,188
7.0,0.5,157,0.586,6.2191,976.4,MB,1h,validation,0.4,188
7.0,1.0,157,0.452,4.4111,692.54,MB,1h,validation,0.4,188
7.0,2.0,157,0.35,0.8411,132.05,MB,1h,validation,0.4,188
7.0,5.0,157,0.268,-5.5817,-876.33,MB,1h,validation,0.4,188
10.0,0.083,157,0.79,4.2895,673.45,MB,1h,validation,0.4,188
10.0,0.125,157,0.771,5.2486,824.03,MB,1h,validation,0.4,188
10.0,0.167,157,0.745,6.5767,1032.54,MB,1h,validation,0.4,188
10.0,0.25,157,0.701,6.8571,1076.57,MB,1h,validation,0.4,188
10.0,0.5,157,0.586,6.2219,976.83,MB,1h,validation,0.4,188
10.0,1.0,157,0.452,4.4901,704.95,MB,1h,validation,0.4,188
10.0,2.0,157,0.35,1.4038,220.39,MB,1h,validation,0.4,188
10.0,5.0,157,0.268,-3.5768,-561.55,MB,1h,validation,0.4,188
2.0,0.083,158,0.785,4.4128,697.22,MB,1h,validation,0.425,188
2.0,0.125,158,0.797,5.8812,929.23,MB,1h,validation,0.425,188
2.0,0.167,158,0.785,7.0867,1119.71,MB,1h,validation,0.425,188
2.0,0.25,158,0.747,7.1466,1129.17,MB,1h,validation,0.425,188
2.0,0.5,158,0.658,5.1506,813.79,MB,1h,validation,0.425,188
2.0,1.0,158,0.557,2.3174,366.16,MB,1h,validation,0.425,188
2.0,2.0,158,0.494,-1.393,-220.1,MB,1h,validation,0.425,188
2.0,5.0,158,0.443,-8.4108,-1328.9,MB,1h,validation,0.425,188
3.0,0.083,158,0.785,4.4128,697.22,MB,1h,validation,0.425,188
3.0,0.125,158,0.778,5.4827,866.26,MB,1h,validation,0.425,188
3.0,0.167,158,0.766,6.9826,1103.26,MB,1h,validation,0.425,188
3.0,0.25,158,0.722,7.319,1156.41,MB,1h,validation,0.425,188
3.0,0.5,158,0.608,5.5178,871.82,MB,1h,validation,0.425,188
3.0,1.0,158,0.481,2.5129,397.03,MB,1h,validation,0.425,188
3.0,2.0,158,0.399,-1.9106,-301.88,MB,1h,validation,0.425,188
3.0,5.0,158,0.367,-8.9058,-1407.11,MB,1h,validation,0.425,188
4.0,0.083,158,0.785,4.4128,697.22,MB,1h,validation,0.425,188
4.0,0.125,158,0.778,5.4864,866.85,MB,1h,validation,0.425,188
4.0,0.167,158,0.766,7.004,1106.64,MB,1h,validation,0.425,188
4.0,0.25,158,0.722,7.4214,1172.58,MB,1h,validation,0.425,188
4.0,0.5,158,0.601,5.8366,922.18,MB,1h,validation,0.425,188
4.0,1.0,158,0.468,3.1162,492.36,MB,1h,validation,0.425,188
4.0,2.0,158,0.38,-1.0629,-167.94,MB,1h,validation,0.425,188
4.0,5.0,158,0.342,-7.7757,-1228.56,MB,1h,validation,0.425,188
5.0,0.083,158,0.785,4.4128,697.22,MB,1h,validation,0.425,188
5.0,0.125,158,0.778,5.4864,866.85,MB,1h,validation,0.425,188
5.0,0.167,158,0.766,7.0057,1106.9,MB,1h,validation,0.425,188
5.0,0.25,158,0.722,7.4545,1177.81,MB,1h,validation,0.425,188
5.0,0.5,158,0.601,6.0557,956.8,MB,1h,validation,0.425,188
5.0,1.0,158,0.468,3.5226,556.57,MB,1h,validation,0.425,188
5.0,2.0,158,0.361,-1.6903,-267.06,MB,1h,validation,0.425,188
5.0,5.0,158,0.291,-8.0284,-1268.49,MB,1h,validation,0.425,188
7.0,0.083,158,0.785,4.4128,697.22,MB,1h,validation,0.425,188
7.0,0.125,158,0.778,5.4865,866.87,MB,1h,validation,0.425,188
7.0,0.167,158,0.766,7.0067,1107.06,MB,1h,validation,0.425,188
7.0,0.25,158,0.722,7.4682,1179.97,MB,1h,validation,0.425,188
7.0,0.5,158,0.601,6.0692,958.93,MB,1h,validation,0.425,188
7.0,1.0,158,0.462,3.7321,589.68,MB,1h,validation,0.425,188
7.0,2.0,158,0.348,-1.0507,-166.02,MB,1h,validation,0.425,188
7.0,5.0,158,0.272,-6.3026,-995.81,MB,1h,validation,0.425,188
10.0,0.083,158,0.785,4.4128,697.22,MB,1h,validation,0.425,188
10.0,0.125,158,0.778,5.4865,866.87,MB,1h,validation,0.425,188
10.0,0.167,158,0.766,7.0067,1107.06,MB,1h,validation,0.425,188
10.0,0.25,158,0.722,7.4682,1179.97,MB,1h,validation,0.425,188
10.0,0.5,158,0.601,6.072,959.37,MB,1h,validation,0.425,188
10.0,1.0,158,0.462,3.8193,603.44,MB,1h,validation,0.425,188
10.0,2.0,158,0.348,-0.3955,-62.49,MB,1h,validation,0.425,188
10.0,5.0,158,0.272,-3.8665,-610.91,MB,1h,validation,0.425,188
2.0,0.083,156,0.801,4.1702,650.55,MB,1h,validation,0.45,188
2.0,0.125,156,0.795,5.8794,917.18,MB,1h,validation,0.45,188
2.0,0.167,156,0.763,7.149,1115.24,MB,1h,validation,0.45,188
2.0,0.25,156,0.744,6.7877,1058.89,MB,1h,validation,0.45,188
2.0,0.5,156,0.628,4.3254,674.76,MB,1h,validation,0.45,188
2.0,1.0,156,0.538,1.5881,247.74,MB,1h,validation,0.45,188
2.0,2.0,156,0.474,-2.1734,-339.05,MB,1h,validation,0.45,188
2.0,5.0,156,0.423,-9.2509,-1443.14,MB,1h,validation,0.45,188
3.0,0.083,156,0.801,4.1702,650.55,MB,1h,validation,0.45,188
3.0,0.125,156,0.782,5.6137,875.74,MB,1h,validation,0.45,188
3.0,0.167,156,0.75,7.12,1110.71,MB,1h,validation,0.45,188
3.0,0.25,156,0.718,6.7559,1053.92,MB,1h,validation,0.45,188
3.0,0.5,156,0.571,4.21,656.76,MB,1h,validation,0.45,188
3.0,1.0,156,0.462,1.964,306.39,MB,1h,validation,0.45,188
3.0,2.0,156,0.397,-2.2685,-353.89,MB,1h,validation,0.45,188
3.0,5.0,156,0.365,-9.4938,-1481.03,MB,1h,validation,0.45,188
4.0,0.083,156,0.801,4.1702,650.55,MB,1h,validation,0.45,188
4.0,0.125,156,0.776,5.4939,857.05,MB,1h,validation,0.45,188
4.0,0.167,156,0.744,7.0105,1093.64,MB,1h,validation,0.45,188
4.0,0.25,156,0.712,6.7159,1047.68,MB,1h,validation,0.45,188
4.0,0.5,156,0.558,4.3954,685.68,MB,1h,validation,0.45,188
4.0,1.0,156,0.449,2.4611,383.93,MB,1h,validation,0.45,188
4.0,2.0,156,0.359,-1.9351,-301.87,MB,1h,validation,0.45,188
4.0,5.0,156,0.321,-9.0604,-1413.42,MB,1h,validation,0.45,188
5.0,0.083,156,0.801,4.1702,650.55,MB,1h,validation,0.45,188
5.0,0.125,156,0.776,5.494,857.07,MB,1h,validation,0.45,188
5.0,0.167,156,0.744,7.0138,1094.15,MB,1h,validation,0.45,188
5.0,0.25,156,0.712,6.7587,1054.35,MB,1h,validation,0.45,188
5.0,0.5,156,0.551,4.3047,671.53,MB,1h,validation,0.45,188
5.0,1.0,156,0.442,2.7441,428.09,MB,1h,validation,0.45,188
5.0,2.0,156,0.333,-2.6005,-405.68,MB,1h,validation,0.45,188
5.0,5.0,156,0.276,-9.2432,-1441.95,MB,1h,validation,0.45,188
7.0,0.083,156,0.801,4.1702,650.55,MB,1h,validation,0.45,188
7.0,0.125,156,0.776,5.4942,857.09,MB,1h,validation,0.45,188
7.0,0.167,156,0.744,7.0148,1094.3,MB,1h,validation,0.45,188
7.0,0.25,156,0.712,6.7701,1056.14,MB,1h,validation,0.45,188
7.0,0.5,156,0.551,4.438,692.33,MB,1h,validation,0.45,188
7.0,1.0,156,0.442,3.1623,493.32,MB,1h,validation,0.45,188
7.0,2.0,156,0.327,-2.109,-329.0,MB,1h,validation,0.45,188
7.0,5.0,156,0.256,-7.5848,-1183.23,MB,1h,validation,0.45,188
10.0,0.083,156,0.801,4.1702,650.55,MB,1h,validation,0.45,188
10.0,0.125,156,0.776,5.4942,857.09,MB,1h,validation,0.45,188
10.0,0.167,156,0.744,7.0148,1094.3,MB,1h,validation,0.45,188
10.0,0.25,156,0.712,6.772,1056.44,MB,1h,validation,0.45,188
10.0,0.5,156,0.551,4.3346,676.2,MB,1h,validation,0.45,188
10.0,1.0,156,0.442,3.0914,482.26,MB,1h,validation,0.45,188
10.0,2.0,156,0.321,-1.6066,-250.62,MB,1h,validation,0.45,188
10.0,5.0,156,0.25,-5.4402,-848.68,MB,1h,validation,0.45,188
2.0,0.083,152,0.822,4.1735,634.37,MB,1h,validation,0.475,188
2.0,0.125,152,0.809,5.777,878.1,MB,1h,validation,0.475,188
2.0,0.167,152,0.776,6.6216,1006.48,MB,1h,validation,0.475,188
2.0,0.25,152,0.73,5.9135,898.85,MB,1h,validation,0.475,188
2.0,0.5,152,0.625,3.3742,512.88,MB,1h,validation,0.475,188
2.0,1.0,152,0.546,1.0654,161.94,MB,1h,validation,0.475,188
2.0,2.0,152,0.487,-3.2409,-492.62,MB,1h,validation,0.475,188
2.0,5.0,152,0.388,-10.3099,-1567.1,MB,1h,validation,0.475,188
3.0,0.083,152,0.822,4.1735,634.37,MB,1h,validation,0.475,188
3.0,0.125,152,0.796,5.4916,834.73,MB,1h,validation,0.475,188
3.0,0.167,152,0.75,6.5333,993.06,MB,1h,validation,0.475,188
3.0,0.25,152,0.691,5.8013,881.8,MB,1h,validation,0.475,188
3.0,0.5,152,0.559,3.1832,483.84,MB,1h,validation,0.475,188
3.0,1.0,152,0.461,1.1663,177.28,MB,1h,validation,0.475,188
3.0,2.0,152,0.388,-3.7551,-570.78,MB,1h,validation,0.475,188
3.0,5.0,152,0.349,-10.7104,-1627.98,MB,1h,validation,0.475,188
4.0,0.083,152,0.822,4.1735,634.37,MB,1h,validation,0.475,188
4.0,0.125,152,0.796,5.512,837.82,MB,1h,validation,0.475,188
4.0,0.167,152,0.743,6.4321,977.68,MB,1h,validation,0.475,188
4.0,0.25,152,0.684,5.7721,877.36,MB,1h,validation,0.475,188
4.0,0.5,152,0.539,3.3933,515.78,MB,1h,validation,0.475,188
4.0,1.0,152,0.441,1.5841,240.79,MB,1h,validation,0.475,188
4.0,2.0,152,0.349,-3.1954,-485.71,MB,1h,validation,0.475,188
4.0,5.0,152,0.303,-10.4452,-1587.68,MB,1h,validation,0.475,188
5.0,0.083,152,0.822,4.1735,634.37,MB,1h,validation,0.475,188
5.0,0.125,152,0.796,5.5133,838.02,MB,1h,validation,0.475,188
5.0,0.167,152,0.743,6.4392,978.76,MB,1h,validation,0.475,188
5.0,0.25,152,0.684,5.8217,884.89,MB,1h,validation,0.475,188
5.0,0.5,152,0.533,3.2851,499.33,MB,1h,validation,0.475,188
5.0,1.0,152,0.434,2.1174,321.84,MB,1h,validation,0.475,188
5.0,2.0,152,0.329,-3.5304,-536.63,MB,1h,validation,0.475,188
5.0,5.0,152,0.276,-10.3052,-1566.4,MB,1h,validation,0.475,188
7.0,0.083,152,0.822,4.1735,634.37,MB,1h,validation,0.475,188
7.0,0.125,152,0.796,5.5134,838.04,MB,1h,validation,0.475,188
7.0,0.167,152,0.743,6.4404,978.94,MB,1h,validation,0.475,188
7.0,0.25,152,0.684,5.8368,887.2,MB,1h,validation,0.475,188
7.0,0.5,152,0.533,3.4394,522.79,MB,1h,validation,0.475,188
7.0,1.0,152,0.434,2.5688,390.45,MB,1h,validation,0.475,188
7.0,2.0,152,0.322,-3.1659,-481.21,MB,1h,validation,0.475,188
7.0,5.0,152,0.243,-8.949,-1360.24,MB,1h,validation,0.475,188
10.0,0.083,152,0.822,4.1735,634.37,MB,1h,validation,0.475,188
10.0,0.125,152,0.796,5.5134,838.04,MB,1h,validation,0.475,188
10.0,0.167,152,0.743,6.4404,978.94,MB,1h,validation,0.475,188
10.0,0.25,152,0.684,5.8388,887.5,MB,1h,validation,0.475,188
10.0,0.5,152,0.533,3.3405,507.76,MB,1h,validation,0.475,188
10.0,1.0,152,0.434,2.5177,382.7,MB,1h,validation,0.475,188
10.0,2.0,152,0.316,-2.6021,-395.52,MB,1h,validation,0.475,188
10.0,5.0,152,0.237,-6.6771,-1014.91,MB,1h,validation,0.475,188
2.0,0.083,147,0.823,4.8796,717.3,MB,1h,validation,0.5,188
2.0,0.125,147,0.803,6.1715,907.2,MB,1h,validation,0.5,188
2.0,0.167,147,0.782,6.685,982.7,MB,1h,validation,0.5,188
2.0,0.25,147,0.735,6.2416,917.52,MB,1h,validation,0.5,188
2.0,0.5,147,0.633,3.8249,562.26,MB,1h,validation,0.5,188
2.0,1.0,147,0.551,1.6025,235.57,MB,1h,validation,0.5,188
2.0,2.0,147,0.483,-2.8451,-418.23,MB,1h,validation,0.5,188
2.0,5.0,147,0.374,-9.962,-1464.42,MB,1h,validation,0.5,188
3.0,0.083,147,0.823,4.8796,717.3,MB,1h,validation,0.5,188
3.0,0.125,147,0.796,6.1817,908.71,MB,1h,validation,0.5,188
3.0,0.167,147,0.762,6.9101,1015.79,MB,1h,validation,0.5,188
3.0,0.25,147,0.701,6.488,953.74,MB,1h,validation,0.5,188
3.0,0.5,147,0.571,3.9402,579.22,MB,1h,validation,0.5,188
3.0,1.0,147,0.469,2.0691,304.16,MB,1h,validation,0.5,188
3.0,2.0,147,0.408,-1.9807,-291.16,MB,1h,validation,0.5,188
3.0,5.0,147,0.354,-8.721,-1281.98,MB,1h,validation,0.5,188
4.0,0.083,147,0.823,4.8796,717.3,MB,1h,validation,0.5,188
4.0,0.125,147,0.789,5.9791,878.92,MB,1h,validation,0.5,188
4.0,0.167,147,0.748,6.623,973.59,MB,1h,validation,0.5,188
4.0,0.25,147,0.687,6.2974,925.72,MB,1h,validation,0.5,188
4.0,0.5,147,0.544,4.0585,596.59,MB,1h,validation,0.5,188
4.0,1.0,147,0.442,2.4976,367.15,MB,1h,validation,0.5,188
4.0,2.0,147,0.347,-2.3493,-345.34,MB,1h,validation,0.5,188
4.0,5.0,147,0.299,-9.7162,-1428.29,MB,1h,validation,0.5,188
5.0,0.083,147,0.823,4.8796,717.3,MB,1h,validation,0.5,188
5.0,0.125,147,0.789,5.9791,878.93,MB,1h,validation,0.5,188
5.0,0.167,147,0.748,6.6253,973.92,MB,1h,validation,0.5,188
5.0,0.25,147,0.687,6.3279,930.21,MB,1h,validation,0.5,188
5.0,0.5,147,0.537,3.8926,572.21,MB,1h,validation,0.5,188
5.0,1.0,147,0.435,2.8038,412.16,MB,1h,validation,0.5,188
5.0,2.0,147,0.34,-1.8918,-278.1,MB,1h,validation,0.5,188
5.0,5.0,147,0.279,-8.5635,-1258.83,MB,1h,validation,0.5,188
7.0,0.083,147,0.823,4.8796,717.3,MB,1h,validation,0.5,188
7.0,0.125,147,0.789,5.9793,878.95,MB,1h,validation,0.5,188
7.0,0.167,147,0.748,6.6262,974.05,MB,1h,validation,0.5,188
7.0,0.25,147,0.687,6.3391,931.85,MB,1h,validation,0.5,188
7.0,0.5,147,0.537,4.0237,591.48,MB,1h,validation,0.5,188
7.0,1.0,147,0.435,3.3551,493.2,MB,1h,validation,0.5,188
7.0,2.0,147,0.313,-2.5369,-372.92,MB,1h,validation,0.5,188
7.0,5.0,147,0.238,-8.2376,-1210.93,MB,1h,validation,0.5,188
10.0,0.083,147,0.823,4.8796,717.3,MB,1h,validation,0.5,188
10.0,0.125,147,0.789,5.9812,879.23,MB,1h,validation,0.5,188
10.0,0.167,147,0.748,6.6327,975.0,MB,1h,validation,0.5,188
10.0,0.25,147,0.687,6.3442,932.6,MB,1h,validation,0.5,188
10.0,0.5,147,0.537,3.8821,570.66,MB,1h,validation,0.5,188
10.0,1.0,147,0.429,3.2334,475.3,MB,1h,validation,0.5,188
10.0,2.0,147,0.306,-2.2253,-327.12,MB,1h,validation,0.5,188
10.0,5.0,147,0.224,-6.6396,-976.03,MB,1h,validation,0.5,188
2.0,0.083,145,0.841,4.7047,682.18,MB,1h,validation,0.525,188
2.0,0.125,145,0.814,5.9981,869.73,MB,1h,validation,0.525,188
2.0,0.167,145,0.8,5.9018,855.76,MB,1h,validation,0.525,188
2.0,0.25,145,0.724,5.3462,775.2,MB,1h,validation,0.525,188
2.0,0.5,145,0.621,3.3056,479.31,MB,1h,validation,0.525,188
2.0,1.0,145,0.572,1.4667,212.67,MB,1h,validation,0.525,188
2.0,2.0,145,0.503,-2.8967,-420.01,MB,1h,validation,0.525,188
2.0,5.0,145,0.379,-10.0325,-1454.71,MB,1h,validation,0.525,188
3.0,0.083,145,0.841,4.7047,682.18,MB,1h,validation,0.525,188
3.0,0.125,145,0.807,6.1775,895.74,MB,1h,validation,0.525,188
3.0,0.167,145,0.786,6.3976,927.65,MB,1h,validation,0.525,188
3.0,0.25,145,0.69,5.9194,858.31,MB,1h,validation,0.525,188
3.0,0.5,145,0.559,3.6979,536.19,MB,1h,validation,0.525,188
3.0,1.0,145,0.469,1.7152,248.71,MB,1h,validation,0.525,188
3.0,2.0,145,0.421,-2.6148,-379.14,MB,1h,validation,0.525,188
3.0,5.0,145,0.359,-9.6844,-1404.23,MB,1h,validation,0.525,188
4.0,0.083,145,0.841,4.7047,682.18,MB,1h,validation,0.525,188
4.0,0.125,145,0.8,5.9771,866.68,MB,1h,validation,0.525,188
4.0,0.167,145,0.772,6.1237,887.94,MB,1h,validation,0.525,188
4.0,0.25,145,0.676,5.7188,829.22,MB,1h,validation,0.525,188
4.0,0.5,145,0.531,3.8816,562.83,MB,1h,validation,0.525,188
4.0,1.0,145,0.434,2.0954,303.83,MB,1h,validation,0.525,188
4.0,2.0,145,0.352,-2.9812,-432.27,MB,1h,validation,0.525,188
4.0,5.0,145,0.283,-10.5014,-1522.7,MB,1h,validation,0.525,188
5.0,0.083,145,0.841,4.7047,682.18,MB,1h,validation,0.525,188
5.0,0.125,145,0.8,5.9772,866.7,MB,1h,validation,0.525,188
5.0,0.167,145,0.772,6.1258,888.25,MB,1h,validation,0.525,188
5.0,0.25,145,0.676,5.7486,833.54,MB,1h,validation,0.525,188
5.0,0.5,145,0.524,3.7126,538.32,MB,1h,validation,0.525,188
5.0,1.0,145,0.428,2.3242,337.01,MB,1h,validation,0.525,188
5.0,2.0,145,0.345,-2.578,-373.81,MB,1h,validation,0.525,188
5.0,5.0,145,0.269,-9.6438,-1398.35,MB,1h,validation,0.525,188
7.0,0.083,145,0.841,4.7047,682.18,MB,1h,validation,0.525,188
7.0,0.125,145,0.8,5.9772,866.7,MB,1h,validation,0.525,188
7.0,0.167,145,0.772,6.1259,888.26,MB,1h,validation,0.525,188
7.0,0.25,145,0.676,5.7549,834.46,MB,1h,validation,0.525,188
7.0,0.5,145,0.524,3.8133,552.93,MB,1h,validation,0.525,188
7.0,1.0,145,0.428,2.8378,411.47,MB,1h,validation,0.525,188
7.0,2.0,145,0.317,-3.3709,-488.78,MB,1h,validation,0.525,188
7.0,5.0,145,0.221,-9.6451,-1398.54,MB,1h,validation,0.525,188
10.0,0.083,145,0.841,4.7047,682.18,MB,1h,validation,0.525,188
10.0,0.125,145,0.8,5.9791,866.96,MB,1h,validation,0.525,188
10.0,0.167,145,0.772,6.1323,889.18,MB,1h,validation,0.525,188
10.0,0.25,145,0.676,5.764,835.79,MB,1h,validation,0.525,188
10.0,0.5,145,0.524,3.6724,532.5,MB,1h,validation,0.525,188
10.0,1.0,145,0.421,2.7034,391.99,MB,1h,validation,0.525,188
10.0,2.0,145,0.31,-3.2011,-464.16,MB,1h,validation,0.525,188
10.0,5.0,145,0.207,-8.454,-1225.84,MB,1h,validation,0.525,188
2.0,0.083,142,0.81,4.1317,586.7,MB,1h,validation,0.55,188
2.0,0.125,142,0.803,6.7229,954.65,MB,1h,validation,0.55,188
2.0,0.167,142,0.789,6.3032,895.05,MB,1h,validation,0.55,188
2.0,0.25,142,0.704,5.5018,781.26,MB,1h,validation,0.55,188
2.0,0.5,142,0.613,3.2862,466.63,MB,1h,validation,0.55,188
2.0,1.0,142,0.549,1.316,186.87,MB,1h,validation,0.55,188
2.0,2.0,142,0.493,-3.3815,-480.17,MB,1h,validation,0.55,188
2.0,5.0,142,0.387,-10.5672,-1500.54,MB,1h,validation,0.55,188
3.0,0.083,142,0.81,4.1317,586.7,MB,1h,validation,0.55,188
3.0,0.125,142,0.789,6.766,960.77,MB,1h,validation,0.55,188
3.0,0.167,142,0.761,6.5139,924.97,MB,1h,validation,0.55,188
3.0,0.25,142,0.662,5.8822,835.27,MB,1h,validation,0.55,188
3.0,0.5,142,0.549,3.9361,558.93,MB,1h,validation,0.55,188
3.0,1.0,142,0.444,1.4479,205.6,MB,1h,validation,0.55,188
3.0,2.0,142,0.394,-3.0563,-434.0,MB,1h,validation,0.55,188
3.0,5.0,142,0.331,-10.2958,-1462.0,MB,1h,validation,0.55,188
4.0,0.083,142,0.81,4.1317,586.7,MB,1h,validation,0.55,188
4.0,0.125,142,0.782,6.5306,927.34,MB,1h,validation,0.55,188
4.0,0.167,142,0.754,6.2043,881.01,MB,1h,validation,0.55,188
4.0,0.25,142,0.641,5.5714,791.14,MB,1h,validation,0.55,188
4.0,0.5,142,0.521,4.0896,580.73,MB,1h,validation,0.55,188
4.0,1.0,142,0.415,1.6406,232.97,MB,1h,validation,0.55,188
4.0,2.0,142,0.331,-3.723,-528.66,MB,1h,validation,0.55,188
4.0,5.0,142,0.261,-11.5618,-1641.78,MB,1h,validation,0.55,188
5.0,0.083,142,0.81,4.1317,586.7,MB,1h,validation,0.55,188
5.0,0.125,142,0.782,6.5307,927.35,MB,1h,validation,0.55,188
5.0,0.167,142,0.754,6.2059,881.23,MB,1h,validation,0.55,188
5.0,0.25,142,0.641,5.5879,793.49,MB,1h,validation,0.55,188
5.0,0.5,142,0.521,4.2711,606.5,MB,1h,validation,0.55,188
5.0,1.0,142,0.415,2.2184,315.01,MB,1h,validation,0.55,188
5.0,2.0,142,0.331,-3.0097,-427.38,MB,1h,validation,0.55,188
5.0,5.0,142,0.261,-10.4443,-1483.09,MB,1h,validation,0.55,188
7.0,0.083,142,0.81,4.1317,586.7,MB,1h,validation,0.55,188
7.0,0.125,142,0.782,6.5307,927.35,MB,1h,validation,0.55,188
7.0,0.167,142,0.754,6.2064,881.32,MB,1h,validation,0.55,188
7.0,0.25,142,0.641,5.6029,795.61,MB,1h,validation,0.55,188
7.0,0.5,142,0.514,4.0256,571.64,MB,1h,validation,0.55,188
7.0,1.0,142,0.408,2.3874,339.02,MB,1h,validation,0.55,188
7.0,2.0,142,0.296,-4.2294,-600.57,MB,1h,validation,0.55,188
7.0,5.0,142,0.197,-11.1487,-1583.11,MB,1h,validation,0.55,188
10.0,0.083,142,0.81,4.1317,586.7,MB,1h,validation,0.55,188
10.0,0.125,142,0.782,6.5325,927.61,MB,1h,validation,0.55,188
10.0,0.167,142,0.754,6.2128,882.22,MB,1h,validation,0.55,188
10.0,0.25,142,0.641,5.6177,797.72,MB,1h,validation,0.55,188
10.0,0.5,142,0.514,3.9029,554.21,MB,1h,validation,0.55,188
10.0,1.0,142,0.401,2.4086,342.02,MB,1h,validation,0.55,188
10.0,2.0,142,0.289,-3.759,-533.78,MB,1h,validation,0.55,188
10.0,5.0,142,0.19,-9.5113,-1350.61,MB,1h,validation,0.55,188
2.0,0.083,144,0.785,4.1052,591.14,MB,1h,validation,0.575,188
2.0,0.125,144,0.806,6.353,914.84,MB,1h,validation,0.575,188
2.0,0.167,144,0.792,6.3641,916.43,MB,1h,validation,0.575,188
2.0,0.25,144,0.701,5.7464,827.48,MB,1h,validation,0.575,188
2.0,0.5,144,0.639,3.8637,556.37,MB,1h,validation,0.575,188
2.0,1.0,144,0.562,1.7402,250.58,MB,1h,validation,0.575,188
2.0,2.0,144,0.493,-2.695,-388.08,MB,1h,validation,0.575,188
2.0,5.0,144,0.382,-9.8657,-1420.66,MB,1h,validation,0.575,188
3.0,0.083,144,0.785,4.1052,591.14,MB,1h,validation,0.575,188
3.0,0.125,144,0.785,6.2957,906.59,MB,1h,validation,0.575,188
3.0,0.167,144,0.764,6.4341,926.51,MB,1h,validation,0.575,188
3.0,0.25,144,0.653,5.8785,846.5,MB,1h,validation,0.575,188
3.0,0.5,144,0.583,4.2466,611.51,MB,1h,validation,0.575,188
3.0,1.0,144,0.444,1.694,243.94,MB,1h,validation,0.575,188
3.0,2.0,144,0.396,-2.9865,-430.05,MB,1h,validation,0.575,188
3.0,5.0,144,0.326,-10.3073,-1484.25,MB,1h,validation,0.575,188
4.0,0.083,144,0.785,4.1052,591.14,MB,1h,validation,0.575,188
4.0,0.125,144,0.778,6.1198,881.25,MB,1h,validation,0.575,188
4.0,0.167,144,0.757,6.3337,912.05,MB,1h,validation,0.575,188
4.0,0.25,144,0.639,5.886,847.59,MB,1h,validation,0.575,188
4.0,0.5,144,0.556,4.7019,677.07,MB,1h,validation,0.575,188
4.0,1.0,144,0.417,2.1832,314.38,MB,1h,validation,0.575,188
4.0,2.0,144,0.347,-2.9867,-430.09,MB,1h,validation,0.575,188
4.0,5.0,144,0.292,-10.1081,-1455.57,MB,1h,validation,0.575,188
5.0,0.083,144,0.785,4.1052,591.14,MB,1h,validation,0.575,188
5.0,0.125,144,0.778,6.1202,881.3,MB,1h,validation,0.575,188
5.0,0.167,144,0.757,6.2398,898.53,MB,1h,validation,0.575,188
5.0,0.25,144,0.632,5.7805,832.39,MB,1h,validation,0.575,188
5.0,0.5,144,0.549,4.7135,678.74,MB,1h,validation,0.575,188
5.0,1.0,144,0.41,2.518,362.59,MB,1h,validation,0.575,188
5.0,2.0,144,0.326,-2.6078,-375.52,MB,1h,validation,0.575,188
5.0,5.0,144,0.257,-10.177,-1465.49,MB,1h,validation,0.575,188
7.0,0.083,144,0.785,4.1052,591.14,MB,1h,validation,0.575,188
7.0,0.125,144,0.778,6.1202,881.31,MB,1h,validation,0.575,188
7.0,0.167,144,0.757,6.2418,898.81,MB,1h,validation,0.575,188
7.0,0.25,144,0.632,5.8029,835.62,MB,1h,validation,0.575,188
7.0,0.5,144,0.542,4.5605,656.71,MB,1h,validation,0.575,188
7.0,1.0,144,0.403,2.9155,419.83,MB,1h,validation,0.575,188
7.0,2.0,144,0.299,-3.3413,-481.15,MB,1h,validation,0.575,188
7.0,5.0,144,0.201,-10.4055,-1498.39,MB,1h,validation,0.575,188
10.0,0.083,144,0.785,4.1052,591.14,MB,1h,validation,0.575,188
10.0,0.125,144,0.778,6.122,881.56,MB,1h,validation,0.575,188
10.0,0.167,144,0.757,6.2478,899.69,MB,1h,validation,0.575,188
10.0,0.25,144,0.632,5.8216,838.3,MB,1h,validation,0.575,188
10.0,0.5,144,0.542,4.4402,639.39,MB,1h,validation,0.575,188
10.0,1.0,144,0.396,2.9342,422.53,MB,1h,validation,0.575,188
10.0,2.0,144,0.285,-3.2563,-468.9,MB,1h,validation,0.575,188
10.0,5.0,144,0.188,-9.3015,-1339.41,MB,1h,validation,0.575,188
2.0,0.083,143,0.811,3.8222,546.57,MB,1h,validation,0.6,188
2.0,0.125,143,0.797,5.868,839.12,MB,1h,validation,0.6,188
2.0,0.167,143,0.783,6.0728,868.41,MB,1h,validation,0.6,188
2.0,0.25,143,0.72,5.8738,839.96,MB,1h,validation,0.6,188
2.0,0.5,143,0.657,4.2029,601.01,MB,1h,validation,0.6,188
2.0,1.0,143,0.594,2.1725,310.67,MB,1h,validation,0.6,188
2.0,2.0,143,0.524,-0.9174,-131.19,MB,1h,validation,0.6,188
2.0,5.0,143,0.399,-7.664,-1095.96,MB,1h,validation,0.6,188
3.0,0.083,143,0.811,3.8222,546.57,MB,1h,validation,0.6,188
3.0,0.125,143,0.783,6.0396,863.67,MB,1h,validation,0.6,188
3.0,0.167,143,0.762,6.2823,898.37,MB,1h,validation,0.6,188
3.0,0.25,143,0.678,5.9,843.71,MB,1h,validation,0.6,188
3.0,0.5,143,0.573,4.2654,609.95,MB,1h,validation,0.6,188
3.0,1.0,143,0.483,1.6904,241.72,MB,1h,validation,0.6,188
3.0,2.0,143,0.413,-3.0036,-429.52,MB,1h,validation,0.6,188
3.0,5.0,143,0.329,-9.6587,-1381.2,MB,1h,validation,0.6,188
4.0,0.083,143,0.811,3.8222,546.57,MB,1h,validation,0.6,188
4.0,0.125,143,0.776,5.8706,839.49,MB,1h,validation,0.6,188
4.0,0.167,143,0.755,6.2693,896.51,MB,1h,validation,0.6,188
4.0,0.25,143,0.664,6.0981,872.03,MB,1h,validation,0.6,188
4.0,0.5,143,0.552,4.8756,697.21,MB,1h,validation,0.6,188
4.0,1.0,143,0.448,2.7485,393.03,MB,1h,validation,0.6,188
4.0,2.0,143,0.371,-1.8874,-269.9,MB,1h,validation,0.6,188
4.0,5.0,143,0.315,-8.4577,-1209.45,MB,1h,validation,0.6,188
5.0,0.083,143,0.811,3.8222,546.57,MB,1h,validation,0.6,188
5.0,0.125,143,0.769,5.635,805.8,MB,1h,validation,0.6,188
5.0,0.167,143,0.748,5.9423,849.75,MB,1h,validation,0.6,188
5.0,0.25,143,0.65,5.7024,815.44,MB,1h,validation,0.6,188
5.0,0.5,143,0.531,4.542,649.51,MB,1h,validation,0.6,188
5.0,1.0,143,0.427,2.6326,376.46,MB,1h,validation,0.6,188
5.0,2.0,143,0.322,-2.558,-365.8,MB,1h,validation,0.6,188
5.0,5.0,143,0.259,-9.7732,-1397.57,MB,1h,validation,0.6,188
7.0,0.083,143,0.811,3.8222,546.57,MB,1h,validation,0.6,188
7.0,0.125,143,0.769,5.635,805.81,MB,1h,validation,0.6,188
7.0,0.167,143,0.748,5.9442,850.02,MB,1h,validation,0.6,188
7.0,0.25,143,0.65,5.7233,818.43,MB,1h,validation,0.6,188
7.0,0.5,143,0.531,4.7667,681.64,MB,1h,validation,0.6,188
7.0,1.0,143,0.427,3.4645,495.42,MB,1h,validation,0.6,188
7.0,2.0,143,0.308,-2.7781,-397.26,MB,1h,validation,0.6,188
7.0,5.0,143,0.21,-9.4866,-1356.58,MB,1h,validation,0.6,188
10.0,0.083,143,0.811,3.8222,546.57,MB,1h,validation,0.6,188
10.0,0.125,143,0.769,5.6367,806.05,MB,1h,validation,0.6,188
10.0,0.167,143,0.748,5.9501,850.87,MB,1h,validation,0.6,188
10.0,0.25,143,0.65,5.744,821.39,MB,1h,validation,0.6,188
10.0,0.5,143,0.531,4.6457,664.33,MB,1h,validation,0.6,188
10.0,1.0,143,0.42,3.5066,501.45,MB,1h,validation,0.6,188
10.0,2.0,143,0.294,-2.5801,-368.95,MB,1h,validation,0.6,188
10.0,5.0,143,0.196,-8.6783,-1241.0,MB,1h,validation,0.6,188
2.0,0.083,141,0.837,4.4788,631.51,MB,1h,validation,0.625,188
2.0,0.125,141,0.809,6.4727,912.66,MB,1h,validation,0.625,188
2.0,0.167,141,0.794,6.5588,924.78,MB,1h,validation,0.625,188
2.0,0.25,141,0.738,6.341,894.09,MB,1h,validation,0.625,188
2.0,0.5,141,0.667,4.3819,617.85,MB,1h,validation,0.625,188
2.0,1.0,141,0.624,2.6597,375.02,MB,1h,validation,0.625,188
2.0,2.0,141,0.539,-0.4012,-56.57,MB,1h,validation,0.625,188
2.0,5.0,141,0.397,-7.1825,-1012.73,MB,1h,validation,0.625,188
3.0,0.083,141,0.837,4.4788,631.51,MB,1h,validation,0.625,188
3.0,0.125,141,0.794,6.7279,948.63,MB,1h,validation,0.625,188
3.0,0.167,141,0.78,6.9433,979.0,MB,1h,validation,0.625,188
3.0,0.25,141,0.695,6.541,922.28,MB,1h,validation,0.625,188
3.0,0.5,141,0.582,4.6212,651.59,MB,1h,validation,0.625,188
3.0,1.0,141,0.496,2.299,324.16,MB,1h,validation,0.625,188
3.0,2.0,141,0.433,-2.2832,-321.93,MB,1h,validation,0.625,188
3.0,5.0,141,0.355,-8.9959,-1268.43,MB,1h,validation,0.625,188
4.0,0.083,141,0.837,4.4788,631.51,MB,1h,validation,0.625,188
4.0,0.125,141,0.78,6.4519,909.72,MB,1h,validation,0.625,188
4.0,0.167,141,0.766,6.8281,962.77,MB,1h,validation,0.625,188
4.0,0.25,141,0.674,6.6126,932.38,MB,1h,validation,0.625,188
4.0,0.5,141,0.553,4.9032,691.35,MB,1h,validation,0.625,188
4.0,1.0,141,0.454,2.8147,396.87,MB,1h,validation,0.625,188
4.0,2.0,141,0.383,-1.6413,-231.42,MB,1h,validation,0.625,188
4.0,5.0,141,0.333,-8.2585,-1164.45,MB,1h,validation,0.625,188
5.0,0.083,141,0.837,4.4788,631.51,MB,1h,validation,0.625,188
5.0,0.125,141,0.773,6.2262,877.89,MB,1h,validation,0.625,188
5.0,0.167,141,0.759,6.5283,920.49,MB,1h,validation,0.625,188
5.0,0.25,141,0.66,6.2768,885.03,MB,1h,validation,0.625,188
5.0,0.5,141,0.532,4.8473,683.47,MB,1h,validation,0.625,188
5.0,1.0,141,0.433,3.1797,448.34,MB,1h,validation,0.625,188
5.0,2.0,141,0.326,-2.1011,-296.25,MB,1h,validation,0.625,188
5.0,5.0,141,0.262,-9.479,-1336.54,MB,1h,validation,0.625,188
7.0,0.083,141,0.837,4.4788,631.51,MB,1h,validation,0.625,188
7.0,0.125,141,0.773,6.2262,877.9,MB,1h,validation,0.625,188
7.0,0.167,141,0.759,6.53,920.73,MB,1h,validation,0.625,188
7.0,0.25,141,0.66,6.293,887.31,MB,1h,validation,0.625,188
7.0,0.5,141,0.532,5.0308,709.34,MB,1h,validation,0.625,188
7.0,1.0,141,0.433,3.8951,549.2,MB,1h,validation,0.625,188
7.0,2.0,141,0.312,-2.2797,-321.43,MB,1h,validation,0.625,188
7.0,5.0,141,0.234,-9.2106,-1298.69,MB,1h,validation,0.625,188
10.0,0.083,141,0.837,4.4788,631.51,MB,1h,validation,0.625,188
10.0,0.125,141,0.773,6.2279,878.13,MB,1h,validation,0.625,188
10.0,0.167,141,0.759,6.5359,921.57,MB,1h,validation,0.625,188
10.0,0.25,141,0.66,6.3179,890.83,MB,1h,validation,0.625,188
10.0,0.5,141,0.532,4.9548,698.63,MB,1h,validation,0.625,188
10.0,1.0,141,0.426,4.0993,578.01,MB,1h,validation,0.625,188
10.0,2.0,141,0.298,-2.393,-337.41,MB,1h,validation,0.625,188
10.0,5.0,141,0.206,-8.6093,-1213.91,MB,1h,validation,0.625,188
2.0,0.083,137,0.788,3.7953,519.96,MB,1h,validation,0.65,188
2.0,0.125,137,0.788,6.0145,823.99,MB,1h,validation,0.65,188
2.0,0.167,137,0.788,6.2856,861.12,MB,1h,validation,0.65,188
2.0,0.25,137,0.752,6.3789,873.91,MB,1h,validation,0.65,188
2.0,0.5,137,0.664,4.9748,681.55,MB,1h,validation,0.65,188
2.0,1.0,137,0.62,2.784,381.4,MB,1h,validation,0.65,188
2.0,2.0,137,0.547,0.2244,30.74,MB,1h,validation,0.65,188
2.0,5.0,137,0.387,-6.3746,-873.32,MB,1h,validation,0.65,188
3.0,0.083,137,0.788,3.7953,519.96,MB,1h,validation,0.65,188
3.0,0.125,137,0.781,6.5488,897.18,MB,1h,validation,0.65,188
3.0,0.167,137,0.781,7.097,972.29,MB,1h,validation,0.65,188
3.0,0.25,137,0.723,7.1621,981.21,MB,1h,validation,0.65,188
3.0,0.5,137,0.591,5.8732,804.63,MB,1h,validation,0.65,188
3.0,1.0,137,0.511,3.273,448.4,MB,1h,validation,0.65,188
3.0,2.0,137,0.453,-1.623,-222.35,MB,1h,validation,0.65,188
3.0,5.0,137,0.343,-8.6066,-1179.1,MB,1h,validation,0.65,188
4.0,0.083,137,0.788,3.7953,519.96,MB,1h,validation,0.65,188
4.0,0.125,137,0.766,6.2462,855.73,MB,1h,validation,0.65,188
4.0,0.167,137,0.766,6.842,937.35,MB,1h,validation,0.65,188
4.0,0.25,137,0.701,7.0682,968.34,MB,1h,validation,0.65,188
4.0,0.5,137,0.555,5.9144,810.27,MB,1h,validation,0.65,188
4.0,1.0,137,0.46,3.7168,509.21,MB,1h,validation,0.65,188
4.0,2.0,137,0.394,-1.1346,-155.43,MB,1h,validation,0.65,188
4.0,5.0,137,0.314,-8.0637,-1104.72,MB,1h,validation,0.65,188
5.0,0.083,137,0.788,3.7953,519.96,MB,1h,validation,0.65,188
5.0,0.125,137,0.759,6.0217,824.97,MB,1h,validation,0.65,188
5.0,0.167,137,0.759,6.5673,899.72,MB,1h,validation,0.65,188
5.0,0.25,137,0.693,6.7834,929.33,MB,1h,validation,0.65,188
5.0,0.5,137,0.533,5.9718,818.14,MB,1h,validation,0.65,188
5.0,1.0,137,0.431,3.9728,544.27,MB,1h,validation,0.65,188
5.0,2.0,137,0.336,-1.7227,-236.0,MB,1h,validation,0.65,188
5.0,5.0,137,0.263,-8.5296,-1168.56,MB,1h,validation,0.65,188
7.0,0.083,137,0.788,3.7953,519.96,MB,1h,validation,0.65,188
7.0,0.125,137,0.759,6.0217,824.97,MB,1h,validation,0.65,188
7.0,0.167,137,0.759,6.5694,900.01,MB,1h,validation,0.65,188
7.0,0.25,137,0.693,6.8075,932.63,MB,1h,validation,0.65,188
7.0,0.5,137,0.533,6.17,845.29,MB,1h,validation,0.65,188
7.0,1.0,137,0.431,4.6882,642.28,MB,1h,validation,0.65,188
7.0,2.0,137,0.328,-1.0529,-144.25,MB,1h,validation,0.65,188
7.0,5.0,137,0.248,-7.5868,-1039.39,MB,1h,validation,0.65,188
10.0,0.083,137,0.788,3.7953,519.96,MB,1h,validation,0.65,188
10.0,0.125,137,0.759,6.0233,825.19,MB,1h,validation,0.65,188
10.0,0.167,137,0.759,6.5753,900.82,MB,1h,validation,0.65,188
10.0,0.25,137,0.693,6.8343,936.3,MB,1h,validation,0.65,188
10.0,0.5,137,0.526,5.6025,767.54,MB,1h,validation,0.65,188
10.0,1.0,137,0.416,4.3439,595.11,MB,1h,validation,0.65,188
10.0,2.0,137,0.307,-1.9477,-266.84,MB,1h,validation,0.65,188
10.0,5.0,137,0.204,-7.418,-1016.27,MB,1h,validation,0.65,188
2.0,0.083,132,0.788,4.142,546.75,MB,1h,validation,0.675,188
2.0,0.125,132,0.795,5.8964,778.33,MB,1h,validation,0.675,188
2.0,0.167,132,0.78,6.1439,810.99,MB,1h,validation,0.675,188
2.0,0.25,132,0.758,6.0783,802.34,MB,1h,validation,0.675,188
2.0,0.5,132,0.667,4.673,616.84,MB,1h,validation,0.675,188
2.0,1.0,132,0.636,2.8544,376.77,MB,1h,validation,0.675,188
2.0,2.0,132,0.568,0.2408,31.79,MB,1h,validation,0.675,188
2.0,5.0,132,0.417,-5.6747,-749.06,MB,1h,validation,0.675,188
3.0,0.083,132,0.788,4.142,546.75,MB,1h,validation,0.675,188
3.0,0.125,132,0.788,6.5003,858.04,MB,1h,validation,0.675,188
3.0,0.167,132,0.773,7.0595,931.86,MB,1h,validation,0.675,188
3.0,0.25,132,0.727,6.7439,890.19,MB,1h,validation,0.675,188
3.0,0.5,132,0.591,5.154,680.33,MB,1h,validation,0.675,188
3.0,1.0,132,0.53,3.4116,450.33,MB,1h,validation,0.675,188
3.0,2.0,132,0.462,-1.1321,-149.43,MB,1h,validation,0.675,188
3.0,5.0,132,0.402,-7.9417,-1048.31,MB,1h,validation,0.675,188
4.0,0.083,132,0.788,4.142,546.75,MB,1h,validation,0.675,188
4.0,0.125,132,0.773,6.2445,824.28,MB,1h,validation,0.675,188
4.0,0.167,132,0.758,6.9367,915.64,MB,1h,validation,0.675,188
4.0,0.25,132,0.705,6.8657,906.27,MB,1h,validation,0.675,188
4.0,0.5,132,0.561,5.7551,759.67,MB,1h,validation,0.675,188
4.0,1.0,132,0.47,3.7942,500.83,MB,1h,validation,0.675,188
4.0,2.0,132,0.394,-1.2165,-160.58,MB,1h,validation,0.675,188
4.0,5.0,132,0.326,-8.2585,-1090.12,MB,1h,validation,0.675,188
5.0,0.083,132,0.788,4.142,546.75,MB,1h,validation,0.675,188
5.0,0.125,132,0.773,6.2609,826.44,MB,1h,validation,0.675,188
5.0,0.167,132,0.758,6.9842,921.92,MB,1h,validation,0.675,188
5.0,0.25,132,0.705,6.9694,919.96,MB,1h,validation,0.675,188
5.0,0.5,132,0.553,6.197,818.0,MB,1h,validation,0.675,188
5.0,1.0,132,0.447,4.4547,588.02,MB,1h,validation,0.675,188
5.0,2.0,132,0.364,-0.6678,-88.15,MB,1h,validation,0.675,188
5.0,5.0,132,0.303,-7.592,-1002.14,MB,1h,validation,0.675,188
7.0,0.083,132,0.788,4.142,546.75,MB,1h,validation,0.675,188
7.0,0.125,132,0.765,6.0288,795.8,MB,1h,validation,0.675,188
7.0,0.167,132,0.75,6.6895,883.01,MB,1h,validation,0.675,188
7.0,0.25,132,0.697,6.6471,877.41,MB,1h,validation,0.675,188
7.0,0.5,132,0.538,6.0093,793.22,MB,1h,validation,0.675,188
7.0,1.0,132,0.432,4.7597,628.28,MB,1h,validation,0.675,188
7.0,2.0,132,0.333,-0.6856,-90.49,MB,1h,validation,0.675,188
7.0,5.0,132,0.273,-7.5286,-993.77,MB,1h,validation,0.675,188
10.0,0.083,132,0.788,4.142,546.75,MB,1h,validation,0.675,188
10.0,0.125,132,0.765,6.0288,795.8,MB,1h,validation,0.675,188
10.0,0.167,132,0.75,6.6895,883.02,MB,1h,validation,0.675,188
10.0,0.25,132,0.697,6.6538,878.31,MB,1h,validation,0.675,188
10.0,0.5,132,0.53,5.5775,736.23,MB,1h,validation,0.675,188
10.0,1.0,132,0.424,4.6285,610.96,MB,1h,validation,0.675,188
10.0,2.0,132,0.311,-2.0185,-266.44,MB,1h,validation,0.675,188
10.0,5.0,132,0.22,-8.2363,-1087.2,MB,1h,validation,0.675,188
2.0,0.083,130,0.808,4.1891,544.59,MB,1h,validation,0.7,188
2.0,0.125,130,0.808,6.4023,832.3,MB,1h,validation,0.7,188
2.0,0.167,130,0.777,6.3015,819.19,MB,1h,validation,0.7,188
2.0,0.25,130,0.769,6.4756,841.83,MB,1h,validation,0.7,188
2.0,0.5,130,0.677,4.6936,610.16,MB,1h,validation,0.7,188
2.0,1.0,130,0.638,2.6859,349.17,MB,1h,validation,0.7,188
2.0,2.0,130,0.577,-0.0311,-4.04,MB,1h,validation,0.7,188
2.0,5.0,130,0.4,-5.5998,-727.98,MB,1h,validation,0.7,188
3.0,0.083,130,0.808,4.1891,544.59,MB,1h,validation,0.7,188
3.0,0.125,130,0.792,6.852,890.76,MB,1h,validation,0.7,188
3.0,0.167,130,0.762,7.0315,914.09,MB,1h,validation,0.7,188
3.0,0.25,130,0.731,6.9452,902.88,MB,1h,validation,0.7,188
3.0,0.5,130,0.592,4.9051,637.66,MB,1h,validation,0.7,188
3.0,1.0,130,0.531,2.9146,378.9,MB,1h,validation,0.7,188
3.0,2.0,130,0.469,-0.3113,-40.47,MB,1h,validation,0.7,188
3.0,5.0,130,0.4,-6.8337,-888.38,MB,1h,validation,0.7,188
4.0,0.083,130,0.808,4.1891,544.59,MB,1h,validation,0.7,188
4.0,0.125,130,0.785,6.9679,905.82,MB,1h,validation,0.7,188
4.0,0.167,130,0.754,7.3125,950.62,MB,1h,validation,0.7,188
4.0,0.25,130,0.715,7.5209,977.72,MB,1h,validation,0.7,188
4.0,0.5,130,0.577,5.9798,777.37,MB,1h,validation,0.7,188
4.0,1.0,130,0.477,3.4829,452.77,MB,1h,validation,0.7,188
4.0,2.0,130,0.4,-1.6854,-219.1,MB,1h,validation,0.7,188
4.0,5.0,130,0.315,-8.3732,-1088.52,MB,1h,validation,0.7,188
5.0,0.083,130,0.808,4.1891,544.59,MB,1h,validation,0.7,188
5.0,0.125,130,0.777,6.7664,879.63,MB,1h,validation,0.7,188
5.0,0.167,130,0.746,7.1543,930.06,MB,1h,validation,0.7,188
5.0,0.25,130,0.708,7.5015,975.19,MB,1h,validation,0.7,188
5.0,0.5,130,0.554,6.1816,803.61,MB,1h,validation,0.7,188
5.0,1.0,130,0.446,4.0256,523.33,MB,1h,validation,0.7,188
5.0,2.0,130,0.377,-0.7827,-101.75,MB,1h,validation,0.7,188
5.0,5.0,130,0.315,-7.1942,-935.24,MB,1h,validation,0.7,188
7.0,0.083,130,0.808,4.1891,544.59,MB,1h,validation,0.7,188
7.0,0.125,130,0.769,6.5421,850.47,MB,1h,validation,0.7,188
7.0,0.167,130,0.738,6.9445,902.78,MB,1h,validation,0.7,188
7.0,0.25,130,0.7,7.2672,944.74,MB,1h,validation,0.7,188
7.0,0.5,130,0.546,6.0038,780.5,MB,1h,validation,0.7,188
7.0,1.0,130,0.415,3.9917,518.93,MB,1h,validation,0.7,188
7.0,2.0,130,0.323,-1.5471,-201.13,MB,1h,validation,0.7,188
7.0,5.0,130,0.254,-7.8371,-1018.82,MB,1h,validation,0.7,188
10.0,0.083,130,0.808,4.1891,544.59,MB,1h,validation,0.7,188
10.0,0.125,130,0.769,6.5421,850.47,MB,1h,validation,0.7,188
10.0,0.167,130,0.738,6.9449,902.84,MB,1h,validation,0.7,188
10.0,0.25,130,0.7,7.2797,946.36,MB,1h,validation,0.7,188
10.0,0.5,130,0.546,6.1244,796.18,MB,1h,validation,0.7,188
10.0,1.0,130,0.415,4.5217,587.82,MB,1h,validation,0.7,188
10.0,2.0,130,0.308,-2.0452,-265.88,MB,1h,validation,0.7,188
10.0,5.0,130,0.208,-7.6032,-988.42,MB,1h,validation,0.7,188
2.0,0.083,125,0.84,3.7024,462.8,MB,1h,holdout,0.3,158
2.0,0.125,125,0.84,6.1707,771.34,MB,1h,holdout,0.3,158
2.0,0.167,125,0.808,6.7056,838.2,MB,1h,holdout,0.3,158
2.0,0.25,125,0.808,6.2718,783.98,MB,1h,holdout,0.3,158
2.0,0.5,125,0.72,5.8242,728.02,MB,1h,holdout,0.3,158
2.0,1.0,125,0.656,6.1349,766.86,MB,1h,holdout,0.3,158
2.0,2.0,125,0.576,3.8162,477.03,MB,1h,holdout,0.3,158
2.0,5.0,125,0.52,0.214,26.75,MB,1h,holdout,0.3,158
3.0,0.083,125,0.84,3.7024,462.8,MB,1h,holdout,0.3,158
3.0,0.125,125,0.84,6.2074,775.93,MB,1h,holdout,0.3,158
3.0,0.167,125,0.808,6.7402,842.53,MB,1h,holdout,0.3,158
3.0,0.25,125,0.808,6.4763,809.54,MB,1h,holdout,0.3,158
3.0,0.5,125,0.68,5.8539,731.73,MB,1h,holdout,0.3,158
3.0,1.0,125,0.6,5.7087,713.59,MB,1h,holdout,0.3,158
3.0,2.0,125,0.496,3.4699,433.74,MB,1h,holdout,0.3,158
3.0,5.0,125,0.44,0.4061,50.76,MB,1h,holdout,0.3,158
4.0,0.083,125,0.84,3.7024,462.8,MB,1h,holdout,0.3,158
4.0,0.125,125,0.84,6.2453,780.67,MB,1h,holdout,0.3,158
4.0,0.167,125,0.8,6.6022,825.28,MB,1h,holdout,0.3,158
4.0,0.25,125,0.8,6.4009,800.12,MB,1h,holdout,0.3,158
4.0,0.5,125,0.664,5.5423,692.79,MB,1h,holdout,0.3,158
4.0,1.0,125,0.576,5.3378,667.22,MB,1h,holdout,0.3,158
4.0,2.0,125,0.464,3.3407,417.59,MB,1h,holdout,0.3,158
4.0,5.0,125,0.416,0.8496,106.2,MB,1h,holdout,0.3,158
5.0,0.083,125,0.84,3.7024,462.8,MB,1h,holdout,0.3,158
5.0,0.125,125,0.84,6.2504,781.29,MB,1h,holdout,0.3,158
5.0,0.167,125,0.8,6.616,826.99,MB,1h,holdout,0.3,158
5.0,0.25,125,0.8,6.4565,807.06,MB,1h,holdout,0.3,158
5.0,0.5,125,0.664,5.7431,717.88,MB,1h,holdout,0.3,158
5.0,1.0,125,0.576,5.8767,734.59,MB,1h,holdout,0.3,158
5.0,2.0,125,0.464,4.5518,568.98,MB,1h,holdout,0.3,158
5.0,5.0,125,0.408,2.4846,310.58,MB,1h,holdout,0.3,158
7.0,0.083,125,0.84,3.7024,462.8,MB,1h,holdout,0.3,158
7.0,0.125,125,0.84,6.2504,781.29,MB,1h,holdout,0.3,158
7.0,0.167,125,0.8,6.616,827.0,MB,1h,holdout,0.3,158
7.0,0.25,125,0.8,6.4636,807.95,MB,1h,holdout,0.3,158
7.0,0.5,125,0.656,5.4877,685.96,MB,1h,holdout,0.3,158
7.0,1.0,125,0.56,5.7416,717.7,MB,1h,holdout,0.3,158
7.0,2.0,125,0.448,4.7963,599.54,MB,1h,holdout,0.3,158
7.0,5.0,125,0.384,2.9188,364.85,MB,1h,holdout,0.3,158
10.0,0.083,125,0.84,3.7024,462.8,MB,1h,holdout,0.3,158
10.0,0.125,125,0.84,6.2509,781.37,MB,1h,holdout,0.3,158
10.0,0.167,125,0.8,6.6185,827.31,MB,1h,holdout,0.3,158
10.0,0.25,125,0.8,6.4728,809.11,MB,1h,holdout,0.3,158
10.0,0.5,125,0.656,5.5342,691.78,MB,1h,holdout,0.3,158
10.0,1.0,125,0.56,5.9246,740.57,MB,1h,holdout,0.3,158
10.0,2.0,125,0.448,4.9075,613.44,MB,1h,holdout,0.3,158
10.0,5.0,125,0.368,2.0419,255.23,MB,1h,holdout,0.3,158
2.0,0.083,128,0.828,3.6343,465.19,MB,1h,holdout,0.325,158
2.0,0.125,128,0.828,6.656,851.97,MB,1h,holdout,0.325,158
2.0,0.167,128,0.805,6.7193,860.07,MB,1h,holdout,0.325,158
2.0,0.25,128,0.781,6.2435,799.17,MB,1h,holdout,0.325,158
2.0,0.5,128,0.695,5.244,671.24,MB,1h,holdout,0.325,158
2.0,1.0,128,0.656,5.4765,700.99,MB,1h,holdout,0.325,158
2.0,2.0,128,0.57,3.6501,467.21,MB,1h,holdout,0.325,158
2.0,5.0,128,0.523,0.1614,20.66,MB,1h,holdout,0.325,158
3.0,0.083,128,0.828,3.6343,465.19,MB,1h,holdout,0.325,158
3.0,0.125,128,0.828,6.7191,860.05,MB,1h,holdout,0.325,158
3.0,0.167,128,0.805,6.7853,868.52,MB,1h,holdout,0.325,158
3.0,0.25,128,0.781,6.4823,829.73,MB,1h,holdout,0.325,158
3.0,0.5,128,0.656,5.3626,686.41,MB,1h,holdout,0.325,158
3.0,1.0,128,0.586,5.1887,664.15,MB,1h,holdout,0.325,158
3.0,2.0,128,0.477,2.301,294.53,MB,1h,holdout,0.325,158
3.0,5.0,128,0.43,-1.0335,-132.28,MB,1h,holdout,0.325,158
4.0,0.083,128,0.828,3.6343,465.19,MB,1h,holdout,0.325,158
4.0,0.125,128,0.828,6.754,864.51,MB,1h,holdout,0.325,158
4.0,0.167,128,0.797,6.6569,852.08,MB,1h,holdout,0.325,158
4.0,0.25,128,0.773,6.4096,820.43,MB,1h,holdout,0.325,158
4.0,0.5,128,0.641,5.0769,649.85,MB,1h,holdout,0.325,158
4.0,1.0,128,0.562,4.8541,621.33,MB,1h,holdout,0.325,158
4.0,2.0,128,0.445,2.4926,319.06,MB,1h,holdout,0.325,158
4.0,5.0,128,0.406,-0.1899,-24.31,MB,1h,holdout,0.325,158
5.0,0.083,128,0.828,3.6343,465.19,MB,1h,holdout,0.325,158
5.0,0.125,128,0.828,6.7597,865.24,MB,1h,holdout,0.325,158
5.0,0.167,128,0.797,6.6738,854.25,MB,1h,holdout,0.325,158
5.0,0.25,128,0.773,6.4754,828.86,MB,1h,holdout,0.325,158
5.0,0.5,128,0.641,5.2888,676.96,MB,1h,holdout,0.325,158
5.0,1.0,128,0.562,5.3836,689.1,MB,1h,holdout,0.325,158
5.0,2.0,128,0.445,3.5374,452.78,MB,1h,holdout,0.325,158
5.0,5.0,128,0.398,1.1916,152.52,MB,1h,holdout,0.325,158
7.0,0.083,128,0.828,3.6343,465.19,MB,1h,holdout,0.325,158
7.0,0.125,128,0.828,6.7597,865.24,MB,1h,holdout,0.325,158
7.0,0.167,128,0.797,6.6739,854.26,MB,1h,holdout,0.325,158
7.0,0.25,128,0.773,6.4836,829.9,MB,1h,holdout,0.325,158
7.0,0.5,128,0.633,5.0658,648.42,MB,1h,holdout,0.325,158
7.0,1.0,128,0.547,5.3514,684.98,MB,1h,holdout,0.325,158
7.0,2.0,128,0.43,4.0006,512.08,MB,1h,holdout,0.325,158
7.0,5.0,128,0.375,2.0594,263.61,MB,1h,holdout,0.325,158
10.0,0.083,128,0.828,3.6343,465.19,MB,1h,holdout,0.325,158
10.0,0.125,128,0.828,6.7603,865.31,MB,1h,holdout,0.325,158
10.0,0.167,128,0.797,6.6762,854.56,MB,1h,holdout,0.325,158
10.0,0.25,128,0.773,6.4925,831.04,MB,1h,holdout,0.325,158
10.0,0.5,128,0.633,5.1108,654.18,MB,1h,holdout,0.325,158
10.0,1.0,128,0.547,5.5387,708.96,MB,1h,holdout,0.325,158
10.0,2.0,128,0.43,4.1637,532.96,MB,1h,holdout,0.325,158
10.0,5.0,128,0.359,1.1152,142.75,MB,1h,holdout,0.325,158
2.0,0.083,127,0.858,3.7114,471.35,MB,1h,holdout,0.35,158
2.0,0.125,127,0.843,6.9024,876.6,MB,1h,holdout,0.35,158
2.0,0.167,127,0.803,6.9652,884.58,MB,1h,holdout,0.35,158
2.0,0.25,127,0.772,6.5514,832.02,MB,1h,holdout,0.35,158
2.0,0.5,127,0.701,5.0695,643.82,MB,1h,holdout,0.35,158
2.0,1.0,127,0.638,4.8314,613.59,MB,1h,holdout,0.35,158
2.0,2.0,127,0.543,2.6525,336.86,MB,1h,holdout,0.35,158
2.0,5.0,127,0.488,-0.7624,-96.82,MB,1h,holdout,0.35,158
3.0,0.083,127,0.858,3.7114,471.35,MB,1h,holdout,0.35,158
3.0,0.125,127,0.843,6.9652,884.58,MB,1h,holdout,0.35,158
3.0,0.167,127,0.803,7.048,895.09,MB,1h,holdout,0.35,158
3.0,0.25,127,0.772,6.8203,866.18,MB,1h,holdout,0.35,158
3.0,0.5,127,0.661,5.3137,674.84,MB,1h,holdout,0.35,158
3.0,1.0,127,0.575,4.6313,588.17,MB,1h,holdout,0.35,158
3.0,2.0,127,0.472,2.1607,274.41,MB,1h,holdout,0.35,158
3.0,5.0,127,0.425,-1.3197,-167.61,MB,1h,holdout,0.35,158
4.0,0.083,127,0.858,3.7114,471.35,MB,1h,holdout,0.35,158
4.0,0.125,127,0.843,7.0006,889.07,MB,1h,holdout,0.35,158
4.0,0.167,127,0.795,6.9331,880.5,MB,1h,holdout,0.35,158
4.0,0.25,127,0.764,6.7041,851.41,MB,1h,holdout,0.35,158
4.0,0.5,127,0.654,5.3298,676.88,MB,1h,holdout,0.35,158
4.0,1.0,127,0.559,4.5677,580.1,MB,1h,holdout,0.35,158
4.0,2.0,127,0.441,2.2725,288.61,MB,1h,holdout,0.35,158
4.0,5.0,127,0.386,-0.7754,-98.47,MB,1h,holdout,0.35,158
5.0,0.083,127,0.858,3.7114,471.35,MB,1h,holdout,0.35,158
5.0,0.125,127,0.843,7.0061,889.77,MB,1h,holdout,0.35,158
5.0,0.167,127,0.795,6.9496,882.59,MB,1h,holdout,0.35,158
5.0,0.25,127,0.764,6.8238,866.62,MB,1h,holdout,0.35,158
5.0,0.5,127,0.646,5.2233,663.36,MB,1h,holdout,0.35,158
5.0,1.0,127,0.551,4.7865,607.89,MB,1h,holdout,0.35,158
5.0,2.0,127,0.433,2.97,377.19,MB,1h,holdout,0.35,158
5.0,5.0,127,0.386,0.6657,84.55,MB,1h,holdout,0.35,158
7.0,0.083,127,0.858,3.7114,471.35,MB,1h,holdout,0.35,158
7.0,0.125,127,0.843,7.0061,889.77,MB,1h,holdout,0.35,158
7.0,0.167,127,0.795,6.9496,882.6,MB,1h,holdout,0.35,158
7.0,0.25,127,0.764,6.8317,867.62,MB,1h,holdout,0.35,158
7.0,0.5,127,0.638,4.9966,634.56,MB,1h,holdout,0.35,158
7.0,1.0,127,0.535,4.7269,600.32,MB,1h,holdout,0.35,158
7.0,2.0,127,0.417,3.3998,431.78,MB,1h,holdout,0.35,158
7.0,5.0,127,0.362,1.391,176.66,MB,1h,holdout,0.35,158
10.0,0.083,127,0.858,3.7114,471.35,MB,1h,holdout,0.35,158
10.0,0.125,127,0.843,7.0066,889.84,MB,1h,holdout,0.35,158
10.0,0.167,127,0.795,6.9519,882.89,MB,1h,holdout,0.35,158
10.0,0.25,127,0.764,6.8406,868.76,MB,1h,holdout,0.35,158
10.0,0.5,127,0.638,5.0452,640.74,MB,1h,holdout,0.35,158
10.0,1.0,127,0.535,4.9384,627.17,MB,1h,holdout,0.35,158
10.0,2.0,127,0.417,3.9341,499.64,MB,1h,holdout,0.35,158
10.0,5.0,127,0.354,1.2139,154.16,MB,1h,holdout,0.35,158
2.0,0.083,127,0.843,2.9436,373.83,MB,1h,holdout,0.375,158
2.0,0.125,127,0.835,5.6421,716.55,MB,1h,holdout,0.375,158
2.0,0.167,127,0.803,5.6173,713.39,MB,1h,holdout,0.375,158
2.0,0.25,127,0.756,5.6757,720.81,MB,1h,holdout,0.375,158
2.0,0.5,127,0.701,4.5235,574.49,MB,1h,holdout,0.375,158
2.0,1.0,127,0.646,4.2587,540.86,MB,1h,holdout,0.375,158
2.0,2.0,127,0.567,2.082,264.42,MB,1h,holdout,0.375,158
2.0,5.0,127,0.488,-1.4117,-179.29,MB,1h,holdout,0.375,158
3.0,0.083,127,0.843,2.9436,373.83,MB,1h,holdout,0.375,158
3.0,0.125,127,0.835,5.7923,735.62,MB,1h,holdout,0.375,158
3.0,0.167,127,0.803,5.8351,741.05,MB,1h,holdout,0.375,158
3.0,0.25,127,0.756,6.1584,782.12,MB,1h,holdout,0.375,158
3.0,0.5,127,0.669,4.7961,609.1,MB,1h,holdout,0.375,158
3.0,1.0,127,0.575,4.0927,519.77,MB,1h,holdout,0.375,158
3.0,2.0,127,0.48,1.5382,195.35,MB,1h,holdout,0.375,158
3.0,5.0,127,0.425,-2.4302,-308.63,MB,1h,holdout,0.375,158
4.0,0.083,127,0.843,2.9436,373.83,MB,1h,holdout,0.375,158
4.0,0.125,127,0.835,5.8265,739.96,MB,1h,holdout,0.375,158
4.0,0.167,127,0.803,5.9031,749.69,MB,1h,holdout,0.375,158
4.0,0.25,127,0.756,6.242,792.74,MB,1h,holdout,0.375,158
4.0,0.5,127,0.661,4.9737,631.66,MB,1h,holdout,0.375,158
4.0,1.0,127,0.567,4.4437,564.35,MB,1h,holdout,0.375,158
4.0,2.0,127,0.472,2.1896,278.08,MB,1h,holdout,0.375,158
4.0,5.0,127,0.402,-0.5141,-65.29,MB,1h,holdout,0.375,158
5.0,0.083,127,0.843,2.9436,373.83,MB,1h,holdout,0.375,158
5.0,0.125,127,0.835,5.8317,740.63,MB,1h,holdout,0.375,158
5.0,0.167,127,0.795,5.7463,729.78,MB,1h,holdout,0.375,158
5.0,0.25,127,0.748,6.1661,783.1,MB,1h,holdout,0.375,158
5.0,0.5,127,0.646,4.6579,591.56,MB,1h,holdout,0.375,158
5.0,1.0,127,0.543,4.1288,524.36,MB,1h,holdout,0.375,158
5.0,2.0,127,0.449,2.1666,275.16,MB,1h,holdout,0.375,158
5.0,5.0,127,0.386,-0.3874,-49.2,MB,1h,holdout,0.375,158
7.0,0.083,127,0.843,2.9436,373.83,MB,1h,holdout,0.375,158
7.0,0.125,127,0.835,5.8318,740.63,MB,1h,holdout,0.375,158
7.0,0.167,127,0.795,5.7466,729.82,MB,1h,holdout,0.375,158
7.0,0.25,127,0.748,6.1759,784.34,MB,1h,holdout,0.375,158
7.0,0.5,127,0.638,4.4592,566.32,MB,1h,holdout,0.375,158
7.0,1.0,127,0.528,4.1455,526.47,MB,1h,holdout,0.375,158
7.0,2.0,127,0.433,2.6842,340.89,MB,1h,holdout,0.375,158
7.0,5.0,127,0.362,0.3208,40.74,MB,1h,holdout,0.375,158
10.0,0.083,127,0.843,2.9436,373.83,MB,1h,holdout,0.375,158
10.0,0.125,127,0.835,5.8318,740.63,MB,1h,holdout,0.375,158
10.0,0.167,127,0.795,5.7466,729.82,MB,1h,holdout,0.375,158
10.0,0.25,127,0.748,6.1761,784.36,MB,1h,holdout,0.375,158
10.0,0.5,127,0.638,4.48,568.96,MB,1h,holdout,0.375,158
10.0,1.0,127,0.528,4.3214,548.82,MB,1h,holdout,0.375,158
10.0,2.0,127,0.433,3.2847,417.16,MB,1h,holdout,0.375,158
10.0,5.0,127,0.362,1.0382,131.86,MB,1h,holdout,0.375,158
2.0,0.083,126,0.857,2.9572,372.61,MB,1h,holdout,0.4,158
2.0,0.125,126,0.849,5.7303,722.02,MB,1h,holdout,0.4,158
2.0,0.167,126,0.825,6.0389,760.9,MB,1h,holdout,0.4,158
2.0,0.25,126,0.77,6.0313,759.95,MB,1h,holdout,0.4,158
2.0,0.5,126,0.698,4.8256,608.02,MB,1h,holdout,0.4,158
2.0,1.0,126,0.659,4.11,517.86,MB,1h,holdout,0.4,158
2.0,2.0,126,0.587,2.0877,263.05,MB,1h,holdout,0.4,158
2.0,5.0,126,0.492,-1.5979,-201.34,MB,1h,holdout,0.4,158
3.0,0.083,126,0.857,2.9572,372.61,MB,1h,holdout,0.4,158
3.0,0.125,126,0.849,5.8968,743.0,MB,1h,holdout,0.4,158
3.0,0.167,126,0.825,6.2621,789.02,MB,1h,holdout,0.4,158
3.0,0.25,126,0.77,6.5406,824.11,MB,1h,holdout,0.4,158
3.0,0.5,126,0.667,5.3164,669.87,MB,1h,holdout,0.4,158
3.0,1.0,126,0.587,4.7087,593.29,MB,1h,holdout,0.4,158
3.0,2.0,126,0.484,2.2219,279.95,MB,1h,holdout,0.4,158
3.0,5.0,126,0.421,-2.085,-262.71,MB,1h,holdout,0.4,158
4.0,0.083,126,0.857,2.9572,372.61,MB,1h,holdout,0.4,158
4.0,0.125,126,0.849,5.9298,747.15,MB,1h,holdout,0.4,158
4.0,0.167,126,0.825,6.3262,797.1,MB,1h,holdout,0.4,158
4.0,0.25,126,0.77,6.6061,832.37,MB,1h,holdout,0.4,158
4.0,0.5,126,0.667,5.3929,679.51,MB,1h,holdout,0.4,158
4.0,1.0,126,0.571,4.6489,585.77,MB,1h,holdout,0.4,158
4.0,2.0,126,0.468,2.3871,300.77,MB,1h,holdout,0.4,158
4.0,5.0,126,0.389,-0.8621,-108.63,MB,1h,holdout,0.4,158
5.0,0.083,126,0.857,2.9572,372.61,MB,1h,holdout,0.4,158
5.0,0.125,126,0.849,5.9349,747.79,MB,1h,holdout,0.4,158
5.0,0.167,126,0.817,6.1798,778.66,MB,1h,holdout,0.4,158
5.0,0.25,126,0.762,6.5357,823.5,MB,1h,holdout,0.4,158
5.0,0.5,126,0.651,5.1149,644.47,MB,1h,holdout,0.4,158
5.0,1.0,126,0.548,4.4223,557.2,MB,1h,holdout,0.4,158
5.0,2.0,126,0.444,2.4031,302.79,MB,1h,holdout,0.4,158
5.0,5.0,126,0.373,-0.8606,-108.43,MB,1h,holdout,0.4,158
7.0,0.083,126,0.857,2.9572,372.61,MB,1h,holdout,0.4,158
7.0,0.125,126,0.849,5.9349,747.8,MB,1h,holdout,0.4,158
7.0,0.167,126,0.817,6.1803,778.72,MB,1h,holdout,0.4,158
7.0,0.25,126,0.762,6.5518,825.52,MB,1h,holdout,0.4,158
7.0,0.5,126,0.643,4.9337,621.65,MB,1h,holdout,0.4,158
7.0,1.0,126,0.532,4.431,558.31,MB,1h,holdout,0.4,158
7.0,2.0,126,0.429,2.8824,363.19,MB,1h,holdout,0.4,158
7.0,5.0,126,0.349,-0.0172,-2.17,MB,1h,holdout,0.4,158
10.0,0.083,126,0.857,2.9572,372.61,MB,1h,holdout,0.4,158
10.0,0.125,126,0.849,5.9349,747.8,MB,1h,holdout,0.4,158
10.0,0.167,126,0.817,6.1803,778.72,MB,1h,holdout,0.4,158
10.0,0.25,126,0.762,6.5519,825.54,MB,1h,holdout,0.4,158
10.0,0.5,126,0.643,4.9609,625.07,MB,1h,holdout,0.4,158
10.0,1.0,126,0.532,4.6441,585.15,MB,1h,holdout,0.4,158
10.0,2.0,126,0.429,3.556,448.06,MB,1h,holdout,0.4,158
10.0,5.0,126,0.349,0.9002,113.42,MB,1h,holdout,0.4,158
2.0,0.083,122,0.852,3.715,453.23,MB,1h,holdout,0.425,158
2.0,0.125,122,0.861,6.748,823.26,MB,1h,holdout,0.425,158
2.0,0.167,122,0.828,7.2579,885.46,MB,1h,holdout,0.425,158
2.0,0.25,122,0.787,7.2617,885.93,MB,1h,holdout,0.425,158
2.0,0.5,122,0.705,5.811,708.95,MB,1h,holdout,0.425,158
2.0,1.0,122,0.664,4.9157,599.71,MB,1h,holdout,0.425,158
2.0,2.0,122,0.59,2.6233,320.04,MB,1h,holdout,0.425,158
2.0,5.0,122,0.484,-1.3892,-169.49,MB,1h,holdout,0.425,158
3.0,0.083,122,0.852,3.715,453.23,MB,1h,holdout,0.425,158
3.0,0.125,122,0.861,6.9006,841.87,MB,1h,holdout,0.425,158
3.0,0.167,122,0.828,7.5136,916.66,MB,1h,holdout,0.425,158
3.0,0.25,122,0.787,7.8379,956.22,MB,1h,holdout,0.425,158
3.0,0.5,122,0.689,6.4803,790.6,MB,1h,holdout,0.425,158
3.0,1.0,122,0.615,6.1862,754.71,MB,1h,holdout,0.425,158
3.0,2.0,122,0.508,3.712,452.87,MB,1h,holdout,0.425,158
3.0,5.0,122,0.443,-0.6415,-78.26,MB,1h,holdout,0.425,158
4.0,0.083,122,0.852,3.715,453.23,MB,1h,holdout,0.425,158
4.0,0.125,122,0.861,6.9355,846.14,MB,1h,holdout,0.425,158
4.0,0.167,122,0.828,7.5274,918.34,MB,1h,holdout,0.425,158
4.0,0.25,122,0.787,7.8823,961.63,MB,1h,holdout,0.425,158
4.0,0.5,122,0.672,6.4728,789.69,MB,1h,holdout,0.425,158
4.0,1.0,122,0.582,5.681,693.08,MB,1h,holdout,0.425,158
4.0,2.0,122,0.467,3.3028,402.94,MB,1h,holdout,0.425,158
4.0,5.0,122,0.393,-0.0611,-7.46,MB,1h,holdout,0.425,158
5.0,0.083,122,0.852,3.715,453.23,MB,1h,holdout,0.425,158
5.0,0.125,122,0.861,6.9406,846.75,MB,1h,holdout,0.425,158
5.0,0.167,122,0.82,7.3876,901.28,MB,1h,holdout,0.425,158
5.0,0.25,122,0.779,7.7452,944.91,MB,1h,holdout,0.425,158
5.0,0.5,122,0.664,6.5153,794.86,MB,1h,holdout,0.425,158
5.0,1.0,122,0.566,5.5671,679.19,MB,1h,holdout,0.425,158
5.0,2.0,122,0.443,3.1574,385.21,MB,1h,holdout,0.425,158
5.0,5.0,122,0.369,-0.3973,-48.47,MB,1h,holdout,0.425,158
7.0,0.083,122,0.852,3.715,453.23,MB,1h,holdout,0.425,158
7.0,0.125,122,0.861,6.9406,846.76,MB,1h,holdout,0.425,158
7.0,0.167,122,0.82,7.3881,901.34,MB,1h,holdout,0.425,158
7.0,0.25,122,0.779,7.7672,947.59,MB,1h,holdout,0.425,158
7.0,0.5,122,0.656,6.3676,776.85,MB,1h,holdout,0.425,158
7.0,1.0,122,0.557,5.6987,695.24,MB,1h,holdout,0.425,158
7.0,2.0,122,0.426,3.9858,486.26,MB,1h,holdout,0.425,158
7.0,5.0,122,0.344,0.8609,105.03,MB,1h,holdout,0.425,158
10.0,0.083,122,0.852,3.715,453.23,MB,1h,holdout,0.425,158
10.0,0.125,122,0.861,6.9406,846.76,MB,1h,holdout,0.425,158
10.0,0.167,122,0.82,7.3881,901.34,MB,1h,holdout,0.425,158
10.0,0.25,122,0.779,7.7673,947.61,MB,1h,holdout,0.425,158
10.0,0.5,122,0.656,6.3838,778.82,MB,1h,holdout,0.425,158
10.0,1.0,122,0.557,5.8124,709.12,MB,1h,holdout,0.425,158
10.0,2.0,122,0.426,4.6131,562.8,MB,1h,holdout,0.425,158
10.0,5.0,122,0.344,1.7756,216.62,MB,1h,holdout,0.425,158
2.0,0.083,123,0.829,3.4476,424.06,MB,1h,holdout,0.45,158
2.0,0.125,123,0.854,6.344,780.32,MB,1h,holdout,0.45,158
2.0,0.167,123,0.813,6.6586,819.01,MB,1h,holdout,0.45,158
2.0,0.25,123,0.78,5.7072,701.99,MB,1h,holdout,0.45,158
2.0,0.5,123,0.683,5.5893,687.49,MB,1h,holdout,0.45,158
2.0,1.0,123,0.642,4.4962,553.03,MB,1h,holdout,0.45,158
2.0,2.0,123,0.577,2.2723,279.5,MB,1h,holdout,0.45,158
2.0,5.0,123,0.488,-1.7398,-213.99,MB,1h,holdout,0.45,158
3.0,0.083,123,0.829,3.4476,424.06,MB,1h,holdout,0.45,158
3.0,0.125,123,0.846,6.4171,789.3,MB,1h,holdout,0.45,158
3.0,0.167,123,0.813,6.8016,836.6,MB,1h,holdout,0.45,158
3.0,0.25,123,0.78,6.1303,754.03,MB,1h,holdout,0.45,158
3.0,0.5,123,0.675,6.4777,796.76,MB,1h,holdout,0.45,158
3.0,1.0,123,0.602,5.8751,722.64,MB,1h,holdout,0.45,158
3.0,2.0,123,0.504,3.2958,405.39,MB,1h,holdout,0.45,158
3.0,5.0,123,0.439,-1.1773,-144.81,MB,1h,holdout,0.45,158
4.0,0.083,123,0.829,3.4476,424.06,MB,1h,holdout,0.45,158
4.0,0.125,123,0.846,6.4585,794.4,MB,1h,holdout,0.45,158
4.0,0.167,123,0.813,6.8291,839.98,MB,1h,holdout,0.45,158
4.0,0.25,123,0.78,6.2205,765.13,MB,1h,holdout,0.45,158
4.0,0.5,123,0.659,6.6137,813.49,MB,1h,holdout,0.45,158
4.0,1.0,123,0.577,5.7912,712.31,MB,1h,holdout,0.45,158
4.0,2.0,123,0.463,3.3834,416.16,MB,1h,holdout,0.45,158
4.0,5.0,123,0.39,-0.1355,-16.67,MB,1h,holdout,0.45,158
5.0,0.083,123,0.829,3.4476,424.06,MB,1h,holdout,0.45,158
5.0,0.125,123,0.846,6.4594,794.5,MB,1h,holdout,0.45,158
5.0,0.167,123,0.805,6.6934,823.29,MB,1h,holdout,0.45,158
5.0,0.25,123,0.772,6.0695,746.54,MB,1h,holdout,0.45,158
5.0,0.5,123,0.65,6.5808,809.44,MB,1h,holdout,0.45,158
5.0,1.0,123,0.561,5.5356,680.88,MB,1h,holdout,0.45,158
5.0,2.0,123,0.439,3.1953,393.02,MB,1h,holdout,0.45,158
5.0,5.0,123,0.366,-0.2849,-35.05,MB,1h,holdout,0.45,158
7.0,0.083,123,0.829,3.4476,424.06,MB,1h,holdout,0.45,158
7.0,0.125,123,0.846,6.4634,795.0,MB,1h,holdout,0.45,158
7.0,0.167,123,0.805,6.7043,824.63,MB,1h,holdout,0.45,158
7.0,0.25,123,0.772,6.1168,752.37,MB,1h,holdout,0.45,158
7.0,0.5,123,0.642,6.511,800.85,MB,1h,holdout,0.45,158
7.0,1.0,123,0.553,5.8044,713.94,MB,1h,holdout,0.45,158
7.0,2.0,123,0.423,4.0761,501.36,MB,1h,holdout,0.45,158
7.0,5.0,123,0.341,1.5014,184.67,MB,1h,holdout,0.45,158
10.0,0.083,123,0.829,3.4476,424.06,MB,1h,holdout,0.45,158
10.0,0.125,123,0.846,6.4634,795.0,MB,1h,holdout,0.45,158
10.0,0.167,123,0.805,6.7043,824.63,MB,1h,holdout,0.45,158
10.0,0.25,123,0.772,6.1169,752.38,MB,1h,holdout,0.45,158
10.0,0.5,123,0.642,6.5265,802.77,MB,1h,holdout,0.45,158
10.0,1.0,123,0.553,5.9132,727.32,MB,1h,holdout,0.45,158
10.0,2.0,123,0.423,4.7422,583.29,MB,1h,holdout,0.45,158
10.0,5.0,123,0.341,1.9086,234.76,MB,1h,holdout,0.45,158
2.0,0.083,122,0.844,3.7659,459.44,MB,1h,holdout,0.475,158
2.0,0.125,122,0.861,6.3639,776.39,MB,1h,holdout,0.475,158
2.0,0.167,122,0.828,7.1346,870.42,MB,1h,holdout,0.475,158
2.0,0.25,122,0.779,6.133,748.23,MB,1h,holdout,0.475,158
2.0,0.5,122,0.697,6.028,735.41,MB,1h,holdout,0.475,158
2.0,1.0,122,0.656,4.7481,579.26,MB,1h,holdout,0.475,158
2.0,2.0,122,0.59,2.6023,317.48,MB,1h,holdout,0.475,158
2.0,5.0,122,0.525,-1.5408,-187.97,MB,1h,holdout,0.475,158
3.0,0.083,122,0.844,3.7659,459.44,MB,1h,holdout,0.475,158
3.0,0.125,122,0.852,6.4573,787.8,MB,1h,holdout,0.475,158
3.0,0.167,122,0.82,7.3197,893.0,MB,1h,holdout,0.475,158
3.0,0.25,122,0.779,6.6619,812.76,MB,1h,holdout,0.475,158
3.0,0.5,122,0.68,6.9227,844.56,MB,1h,holdout,0.475,158
3.0,1.0,122,0.598,5.9061,720.54,MB,1h,holdout,0.475,158
3.0,2.0,122,0.508,3.4666,422.93,MB,1h,holdout,0.475,158
3.0,5.0,122,0.443,-0.9872,-120.44,MB,1h,holdout,0.475,158
4.0,0.083,122,0.844,3.7659,459.44,MB,1h,holdout,0.475,158
4.0,0.125,122,0.852,6.4994,792.93,MB,1h,holdout,0.475,158
4.0,0.167,122,0.82,7.3449,896.07,MB,1h,holdout,0.475,158
4.0,0.25,122,0.779,6.7481,823.26,MB,1h,holdout,0.475,158
4.0,0.5,122,0.664,7.0686,862.37,MB,1h,holdout,0.475,158
4.0,1.0,122,0.574,5.7746,704.5,MB,1h,holdout,0.475,158
4.0,2.0,122,0.459,3.4749,423.94,MB,1h,holdout,0.475,158
4.0,5.0,122,0.377,-0.5063,-61.76,MB,1h,holdout,0.475,158
5.0,0.083,122,0.844,3.7659,459.44,MB,1h,holdout,0.475,158
5.0,0.125,122,0.852,6.4995,792.94,MB,1h,holdout,0.475,158
5.0,0.167,122,0.811,7.2188,880.7,MB,1h,holdout,0.475,158
5.0,0.25,122,0.77,6.6022,805.47,MB,1h,holdout,0.475,158
5.0,0.5,122,0.656,7.0507,860.19,MB,1h,holdout,0.475,158
5.0,1.0,122,0.557,5.511,672.34,MB,1h,holdout,0.475,158
5.0,2.0,122,0.434,3.3744,411.68,MB,1h,holdout,0.475,158
5.0,5.0,122,0.352,-0.3589,-43.78,MB,1h,holdout,0.475,158
7.0,0.083,122,0.844,3.7659,459.44,MB,1h,holdout,0.475,158
7.0,0.125,122,0.852,6.5042,793.51,MB,1h,holdout,0.475,158
7.0,0.167,122,0.811,7.2327,882.39,MB,1h,holdout,0.475,158
7.0,0.25,122,0.77,6.6609,812.63,MB,1h,holdout,0.475,158
7.0,0.5,122,0.648,7.0084,855.02,MB,1h,holdout,0.475,158
7.0,1.0,122,0.549,5.8541,714.2,MB,1h,holdout,0.475,158
7.0,2.0,122,0.418,4.3986,536.62,MB,1h,holdout,0.475,158
7.0,5.0,122,0.328,1.6052,195.83,MB,1h,holdout,0.475,158
10.0,0.083,122,0.844,3.7659,459.44,MB,1h,holdout,0.475,158
10.0,0.125,122,0.852,6.5042,793.51,MB,1h,holdout,0.475,158
10.0,0.167,122,0.811,7.2327,882.39,MB,1h,holdout,0.475,158
10.0,0.25,122,0.77,6.6617,812.72,MB,1h,holdout,0.475,158
10.0,0.5,122,0.648,7.0315,857.84,MB,1h,holdout,0.475,158
10.0,1.0,122,0.549,5.9928,731.12,MB,1h,holdout,0.475,158
10.0,2.0,122,0.418,5.1058,622.91,MB,1h,holdout,0.475,158
10.0,5.0,122,0.328,1.999,243.88,MB,1h,holdout,0.475,158
2.0,0.083,116,0.879,4.1994,487.14,MB,1h,holdout,0.5,158
2.0,0.125,116,0.871,6.7392,781.75,MB,1h,holdout,0.5,158
2.0,0.167,116,0.819,6.8241,791.6,MB,1h,holdout,0.5,158
2.0,0.25,116,0.767,6.3057,731.46,MB,1h,holdout,0.5,158
2.0,0.5,116,0.707,6.988,810.6,MB,1h,holdout,0.5,158
2.0,1.0,116,0.655,5.0462,585.36,MB,1h,holdout,0.5,158
2.0,2.0,116,0.603,3.4554,400.83,MB,1h,holdout,0.5,158
2.0,5.0,116,0.534,-0.594,-68.91,MB,1h,holdout,0.5,158
3.0,0.083,116,0.879,4.1994,487.14,MB,1h,holdout,0.5,158
3.0,0.125,116,0.862,6.8482,794.39,MB,1h,holdout,0.5,158
3.0,0.167,116,0.81,7.0524,818.08,MB,1h,holdout,0.5,158
3.0,0.25,116,0.767,6.95,806.2,MB,1h,holdout,0.5,158
3.0,0.5,116,0.681,7.6676,889.44,MB,1h,holdout,0.5,158
3.0,1.0,116,0.612,6.877,797.73,MB,1h,holdout,0.5,158
3.0,2.0,116,0.526,5.0525,586.1,MB,1h,holdout,0.5,158
3.0,5.0,116,0.466,1.1677,135.46,MB,1h,holdout,0.5,158
4.0,0.083,116,0.879,4.1994,487.14,MB,1h,holdout,0.5,158
4.0,0.125,116,0.862,6.8853,798.7,MB,1h,holdout,0.5,158
4.0,0.167,116,0.81,7.0459,817.32,MB,1h,holdout,0.5,158
4.0,0.25,116,0.767,6.9743,809.02,MB,1h,holdout,0.5,158
4.0,0.5,116,0.664,7.7921,903.88,MB,1h,holdout,0.5,158
4.0,1.0,116,0.569,6.15,713.41,MB,1h,holdout,0.5,158
4.0,2.0,116,0.457,3.9374,456.74,MB,1h,holdout,0.5,158
4.0,5.0,116,0.388,-0.0412,-4.78,MB,1h,holdout,0.5,158
5.0,0.083,116,0.879,4.1994,487.14,MB,1h,holdout,0.5,158
5.0,0.125,116,0.862,6.8952,799.84,MB,1h,holdout,0.5,158
5.0,0.167,116,0.81,7.0768,820.91,MB,1h,holdout,0.5,158
5.0,0.25,116,0.767,7.0425,816.93,MB,1h,holdout,0.5,158
5.0,0.5,116,0.664,7.9941,927.32,MB,1h,holdout,0.5,158
5.0,1.0,116,0.56,6.2963,730.37,MB,1h,holdout,0.5,158
5.0,2.0,116,0.448,4.3769,507.72,MB,1h,holdout,0.5,158
5.0,5.0,116,0.371,1.1505,133.45,MB,1h,holdout,0.5,158
7.0,0.083,116,0.879,4.1994,487.14,MB,1h,holdout,0.5,158
7.0,0.125,116,0.862,6.8999,800.39,MB,1h,holdout,0.5,158
7.0,0.167,116,0.802,6.9736,808.94,MB,1h,holdout,0.5,158
7.0,0.25,116,0.759,6.964,807.82,MB,1h,holdout,0.5,158
7.0,0.5,116,0.647,7.7793,902.4,MB,1h,holdout,0.5,158
7.0,1.0,116,0.534,6.4658,750.03,MB,1h,holdout,0.5,158
7.0,2.0,116,0.422,5.1901,602.06,MB,1h,holdout,0.5,158
7.0,5.0,116,0.336,2.4654,285.99,MB,1h,holdout,0.5,158
10.0,0.083,116,0.879,4.1994,487.14,MB,1h,holdout,0.5,158
10.0,0.125,116,0.862,6.8999,800.39,MB,1h,holdout,0.5,158
10.0,0.167,116,0.802,6.9739,808.97,MB,1h,holdout,0.5,158
10.0,0.25,116,0.759,6.9662,808.08,MB,1h,holdout,0.5,158
10.0,0.5,116,0.647,7.8089,905.83,MB,1h,holdout,0.5,158
10.0,1.0,116,0.534,6.6232,768.29,MB,1h,holdout,0.5,158
10.0,2.0,116,0.422,5.9109,685.66,MB,1h,holdout,0.5,158
10.0,5.0,116,0.336,2.718,315.29,MB,1h,holdout,0.5,158
2.0,0.083,115,0.87,4.2742,491.54,MB,1h,holdout,0.525,158
2.0,0.125,115,0.843,6.5489,753.13,MB,1h,holdout,0.525,158
2.0,0.167,115,0.791,6.3747,733.09,MB,1h,holdout,0.525,158
2.0,0.25,115,0.748,6.0999,701.48,MB,1h,holdout,0.525,158
2.0,0.5,115,0.722,6.9008,793.59,MB,1h,holdout,0.525,158
2.0,1.0,115,0.643,5.0357,579.11,MB,1h,holdout,0.525,158
2.0,2.0,115,0.617,3.491,401.47,MB,1h,holdout,0.525,158
2.0,5.0,115,0.522,-0.4701,-54.06,MB,1h,holdout,0.525,158
3.0,0.083,115,0.87,4.2742,491.54,MB,1h,holdout,0.525,158
3.0,0.125,115,0.852,6.883,791.54,MB,1h,holdout,0.525,158
3.0,0.167,115,0.783,6.6168,760.94,MB,1h,holdout,0.525,158
3.0,0.25,115,0.73,6.5915,758.02,MB,1h,holdout,0.525,158
3.0,0.5,115,0.687,7.5228,865.13,MB,1h,holdout,0.525,158
3.0,1.0,115,0.583,6.6419,763.82,MB,1h,holdout,0.525,158
3.0,2.0,115,0.513,4.6285,532.27,MB,1h,holdout,0.525,158
3.0,5.0,115,0.443,0.7881,90.63,MB,1h,holdout,0.525,158
4.0,0.083,115,0.87,4.2742,491.54,MB,1h,holdout,0.525,158
4.0,0.125,115,0.852,6.955,799.83,MB,1h,holdout,0.525,158
4.0,0.167,115,0.783,6.6882,769.15,MB,1h,holdout,0.525,158
4.0,0.25,115,0.73,6.7639,777.85,MB,1h,holdout,0.525,158
4.0,0.5,115,0.661,7.7196,887.75,MB,1h,holdout,0.525,158
4.0,1.0,115,0.539,6.0078,690.9,MB,1h,holdout,0.525,158
4.0,2.0,115,0.435,3.6724,422.33,MB,1h,holdout,0.525,158
4.0,5.0,115,0.374,-0.3149,-36.21,MB,1h,holdout,0.525,158
5.0,0.083,115,0.87,4.2742,491.54,MB,1h,holdout,0.525,158
5.0,0.125,115,0.852,6.9551,799.84,MB,1h,holdout,0.525,158
5.0,0.167,115,0.783,6.6904,769.4,MB,1h,holdout,0.525,158
5.0,0.25,115,0.73,6.7755,779.18,MB,1h,holdout,0.525,158
5.0,0.5,115,0.661,7.8317,900.65,MB,1h,holdout,0.525,158
5.0,1.0,115,0.53,6.0188,692.16,MB,1h,holdout,0.525,158
5.0,2.0,115,0.426,3.9516,454.43,MB,1h,holdout,0.525,158
5.0,5.0,115,0.348,0.6204,71.35,MB,1h,holdout,0.525,158
7.0,0.083,115,0.87,4.2742,491.54,MB,1h,holdout,0.525,158
7.0,0.125,115,0.852,6.9596,800.36,MB,1h,holdout,0.525,158
7.0,0.167,115,0.774,6.5993,758.92,MB,1h,holdout,0.525,158
7.0,0.25,115,0.722,6.6987,770.36,MB,1h,holdout,0.525,158
7.0,0.5,115,0.652,7.7735,893.95,MB,1h,holdout,0.525,158
7.0,1.0,115,0.513,5.9873,688.54,MB,1h,holdout,0.525,158
7.0,2.0,115,0.4,4.3978,505.74,MB,1h,holdout,0.525,158
7.0,5.0,115,0.322,1.1839,136.15,MB,1h,holdout,0.525,158
10.0,0.083,115,0.87,4.2742,491.54,MB,1h,holdout,0.525,158
10.0,0.125,115,0.852,6.9597,800.36,MB,1h,holdout,0.525,158
10.0,0.167,115,0.774,6.5996,758.95,MB,1h,holdout,0.525,158
10.0,0.25,115,0.722,6.7015,770.67,MB,1h,holdout,0.525,158
10.0,0.5,115,0.643,7.5443,867.6,MB,1h,holdout,0.525,158
10.0,1.0,115,0.504,5.8899,677.34,MB,1h,holdout,0.525,158
10.0,2.0,115,0.391,4.7594,547.33,MB,1h,holdout,0.525,158
10.0,5.0,115,0.304,1.4481,166.54,MB,1h,holdout,0.525,158
2.0,0.083,112,0.857,4.3882,491.47,MB,1h,holdout,0.55,158
2.0,0.125,112,0.848,6.5214,730.39,MB,1h,holdout,0.55,158
2.0,0.167,112,0.786,6.3511,711.32,MB,1h,holdout,0.55,158
2.0,0.25,112,0.75,5.9958,671.53,MB,1h,holdout,0.55,158
2.0,0.5,112,0.732,6.5222,730.49,MB,1h,holdout,0.55,158
2.0,1.0,112,0.652,5.5258,618.89,MB,1h,holdout,0.55,158
2.0,2.0,112,0.643,3.9018,437.0,MB,1h,holdout,0.55,158
2.0,5.0,112,0.536,-0.0652,-7.31,MB,1h,holdout,0.55,158
3.0,0.083,112,0.857,4.3882,491.47,MB,1h,holdout,0.55,158
3.0,0.125,112,0.848,6.6815,748.32,MB,1h,holdout,0.55,158
3.0,0.167,112,0.768,6.3476,710.93,MB,1h,holdout,0.55,158
3.0,0.25,112,0.714,6.2336,698.17,MB,1h,holdout,0.55,158
3.0,0.5,112,0.688,6.6735,747.44,MB,1h,holdout,0.55,158
3.0,1.0,112,0.58,6.2779,703.12,MB,1h,holdout,0.55,158
3.0,2.0,112,0.527,3.8942,436.15,MB,1h,holdout,0.55,158
3.0,5.0,112,0.455,0.2259,25.3,MB,1h,holdout,0.55,158
4.0,0.083,112,0.857,4.3882,491.47,MB,1h,holdout,0.55,158
4.0,0.125,112,0.848,6.7514,756.16,MB,1h,holdout,0.55,158
4.0,0.167,112,0.768,6.4339,720.6,MB,1h,holdout,0.55,158
4.0,0.25,112,0.714,6.4715,724.81,MB,1h,holdout,0.55,158
4.0,0.5,112,0.679,7.2405,810.93,MB,1h,holdout,0.55,158
4.0,1.0,112,0.554,6.8174,763.55,MB,1h,holdout,0.55,158
4.0,2.0,112,0.464,4.5925,514.36,MB,1h,holdout,0.55,158
4.0,5.0,112,0.402,0.6836,76.57,MB,1h,holdout,0.55,158
5.0,0.083,112,0.857,4.3882,491.47,MB,1h,holdout,0.55,158
5.0,0.125,112,0.848,6.7559,756.66,MB,1h,holdout,0.55,158
5.0,0.167,112,0.768,6.4474,722.11,MB,1h,holdout,0.55,158
5.0,0.25,112,0.714,6.5079,728.88,MB,1h,holdout,0.55,158
5.0,0.5,112,0.67,7.1562,801.5,MB,1h,holdout,0.55,158
5.0,1.0,112,0.536,6.5432,732.84,MB,1h,holdout,0.55,158
5.0,2.0,112,0.446,4.4469,498.05,MB,1h,holdout,0.55,158
5.0,5.0,112,0.375,0.8435,94.47,MB,1h,holdout,0.55,158
7.0,0.083,112,0.857,4.3882,491.47,MB,1h,holdout,0.55,158
7.0,0.125,112,0.848,6.7603,757.16,MB,1h,holdout,0.55,158
7.0,0.167,112,0.768,6.3673,713.13,MB,1h,holdout,0.55,158
7.0,0.25,112,0.705,6.4374,720.99,MB,1h,holdout,0.55,158
7.0,0.5,112,0.661,7.1451,800.25,MB,1h,holdout,0.55,158
7.0,1.0,112,0.509,6.2622,701.36,MB,1h,holdout,0.55,158
7.0,2.0,112,0.411,4.6176,517.17,MB,1h,holdout,0.55,158
7.0,5.0,112,0.339,1.2507,140.08,MB,1h,holdout,0.55,158
10.0,0.083,112,0.857,4.3882,491.47,MB,1h,holdout,0.55,158
10.0,0.125,112,0.848,6.7603,757.16,MB,1h,holdout,0.55,158
10.0,0.167,112,0.768,6.3675,713.16,MB,1h,holdout,0.55,158
10.0,0.25,112,0.705,6.4412,721.41,MB,1h,holdout,0.55,158
10.0,0.5,112,0.652,6.9353,776.75,MB,1h,holdout,0.55,158
10.0,1.0,112,0.5,6.224,697.08,MB,1h,holdout,0.55,158
10.0,2.0,112,0.402,5.0798,568.94,MB,1h,holdout,0.55,158
10.0,5.0,112,0.321,1.7013,190.54,MB,1h,holdout,0.55,158
2.0,0.083,115,0.835,3.972,456.78,MB,1h,holdout,0.575,158
2.0,0.125,115,0.817,5.6314,647.61,MB,1h,holdout,0.575,158
2.0,0.167,115,0.748,5.3181,611.59,MB,1h,holdout,0.575,158
2.0,0.25,115,0.748,5.8356,671.1,MB,1h,holdout,0.575,158
2.0,0.5,115,0.696,5.0375,579.32,MB,1h,holdout,0.575,158
2.0,1.0,115,0.635,4.1954,482.48,MB,1h,holdout,0.575,158
2.0,2.0,115,0.617,2.4749,284.61,MB,1h,holdout,0.575,158
2.0,5.0,115,0.496,-1.5273,-175.64,MB,1h,holdout,0.575,158
3.0,0.083,115,0.835,3.972,456.78,MB,1h,holdout,0.575,158
3.0,0.125,115,0.809,5.6629,651.23,MB,1h,holdout,0.575,158
3.0,0.167,115,0.73,5.4005,621.05,MB,1h,holdout,0.575,158
3.0,0.25,115,0.722,6.1615,708.58,MB,1h,holdout,0.575,158
3.0,0.5,115,0.661,5.1856,596.34,MB,1h,holdout,0.575,158
3.0,1.0,115,0.574,4.9106,564.72,MB,1h,holdout,0.575,158
3.0,2.0,115,0.53,2.9171,335.47,MB,1h,holdout,0.575,158
3.0,5.0,115,0.461,-0.8118,-93.36,MB,1h,holdout,0.575,158
4.0,0.083,115,0.835,3.972,456.78,MB,1h,holdout,0.575,158
4.0,0.125,115,0.809,5.756,661.94,MB,1h,holdout,0.575,158
4.0,0.167,115,0.73,5.53,635.95,MB,1h,holdout,0.575,158
4.0,0.25,115,0.722,6.3947,735.39,MB,1h,holdout,0.575,158
4.0,0.5,115,0.635,5.5627,639.71,MB,1h,holdout,0.575,158
4.0,1.0,115,0.53,5.3167,611.42,MB,1h,holdout,0.575,158
4.0,2.0,115,0.443,3.1768,365.34,MB,1h,holdout,0.575,158
4.0,5.0,115,0.383,-0.9987,-114.86,MB,1h,holdout,0.575,158
5.0,0.083,115,0.835,3.972,456.78,MB,1h,holdout,0.575,158
5.0,0.125,115,0.809,5.76,662.4,MB,1h,holdout,0.575,158
5.0,0.167,115,0.73,5.542,637.33,MB,1h,holdout,0.575,158
5.0,0.25,115,0.722,6.44,740.6,MB,1h,holdout,0.575,158
5.0,0.5,115,0.626,5.6619,651.12,MB,1h,holdout,0.575,158
5.0,1.0,115,0.513,5.1184,588.62,MB,1h,holdout,0.575,158
5.0,2.0,115,0.417,2.8715,330.23,MB,1h,holdout,0.575,158
5.0,5.0,115,0.348,-0.9614,-110.57,MB,1h,holdout,0.575,158
7.0,0.083,115,0.835,3.972,456.78,MB,1h,holdout,0.575,158
7.0,0.125,115,0.809,5.7642,662.88,MB,1h,holdout,0.575,158
7.0,0.167,115,0.73,5.478,629.97,MB,1h,holdout,0.575,158
7.0,0.25,115,0.713,6.3812,733.84,MB,1h,holdout,0.575,158
7.0,0.5,115,0.617,5.6459,649.28,MB,1h,holdout,0.575,158
7.0,1.0,115,0.487,4.7885,550.68,MB,1h,holdout,0.575,158
7.0,2.0,115,0.383,2.9127,334.96,MB,1h,holdout,0.575,158
7.0,5.0,115,0.313,-1.0165,-116.9,MB,1h,holdout,0.575,158
10.0,0.083,115,0.835,3.972,456.78,MB,1h,holdout,0.575,158
10.0,0.125,115,0.809,5.7644,662.91,MB,1h,holdout,0.575,158
10.0,0.167,115,0.73,5.4792,630.1,MB,1h,holdout,0.575,158
10.0,0.25,115,0.713,6.3866,734.46,MB,1h,holdout,0.575,158
10.0,0.5,115,0.609,5.4479,626.5,MB,1h,holdout,0.575,158
10.0,1.0,115,0.478,4.7654,548.02,MB,1h,holdout,0.575,158
10.0,2.0,115,0.374,3.3304,383.0,MB,1h,holdout,0.575,158
10.0,5.0,115,0.296,-0.3776,-43.43,MB,1h,holdout,0.575,158
2.0,0.083,115,0.852,3.9503,454.28,MB,1h,holdout,0.6,158
2.0,0.125,115,0.826,5.5754,641.17,MB,1h,holdout,0.6,158
2.0,0.167,115,0.757,5.075,583.62,MB,1h,holdout,0.6,158
2.0,0.25,115,0.739,5.5792,641.61,MB,1h,holdout,0.6,158
2.0,0.5,115,0.687,4.4722,514.3,MB,1h,holdout,0.6,158
2.0,1.0,115,0.617,3.3685,387.38,MB,1h,holdout,0.6,158
2.0,2.0,115,0.6,1.5806,181.77,MB,1h,holdout,0.6,158
2.0,5.0,115,0.461,-2.4715,-284.23,MB,1h,holdout,0.6,158
3.0,0.083,115,0.852,3.9503,454.28,MB,1h,holdout,0.6,158
3.0,0.125,115,0.826,5.8309,670.56,MB,1h,holdout,0.6,158
3.0,0.167,115,0.748,5.4988,632.36,MB,1h,holdout,0.6,158
3.0,0.25,115,0.722,6.2671,720.71,MB,1h,holdout,0.6,158
3.0,0.5,115,0.661,5.3825,618.99,MB,1h,holdout,0.6,158
3.0,1.0,115,0.583,4.9672,571.23,MB,1h,holdout,0.6,158
3.0,2.0,115,0.539,2.7408,315.2,MB,1h,holdout,0.6,158
3.0,5.0,115,0.452,-1.3728,-157.87,MB,1h,holdout,0.6,158
4.0,0.083,115,0.852,3.9503,454.28,MB,1h,holdout,0.6,158
4.0,0.125,115,0.826,5.9101,679.66,MB,1h,holdout,0.6,158
4.0,0.167,115,0.748,5.665,651.48,MB,1h,holdout,0.6,158
4.0,0.25,115,0.722,6.6377,763.33,MB,1h,holdout,0.6,158
4.0,0.5,115,0.643,5.7959,666.53,MB,1h,holdout,0.6,158
4.0,1.0,115,0.539,5.2757,606.7,MB,1h,holdout,0.6,158
4.0,2.0,115,0.461,2.455,282.32,MB,1h,holdout,0.6,158
4.0,5.0,115,0.391,-1.6426,-188.9,MB,1h,holdout,0.6,158
5.0,0.083,115,0.852,3.9503,454.28,MB,1h,holdout,0.6,158
5.0,0.125,115,0.826,5.9469,683.89,MB,1h,holdout,0.6,158
5.0,0.167,115,0.748,5.6856,653.84,MB,1h,holdout,0.6,158
5.0,0.25,115,0.722,6.7114,771.81,MB,1h,holdout,0.6,158
5.0,0.5,115,0.635,6.0643,697.39,MB,1h,holdout,0.6,158
5.0,1.0,115,0.513,5.3755,618.18,MB,1h,holdout,0.6,158
5.0,2.0,115,0.417,2.7112,311.79,MB,1h,holdout,0.6,158
5.0,5.0,115,0.348,-1.3941,-160.32,MB,1h,holdout,0.6,158
7.0,0.083,115,0.852,3.9503,454.28,MB,1h,holdout,0.6,158
7.0,0.125,115,0.826,5.9472,683.93,MB,1h,holdout,0.6,158
7.0,0.167,115,0.748,5.6217,646.5,MB,1h,holdout,0.6,158
7.0,0.25,115,0.722,6.6146,760.68,MB,1h,holdout,0.6,158
7.0,0.5,115,0.626,6.0693,697.97,MB,1h,holdout,0.6,158
7.0,1.0,115,0.496,5.233,601.8,MB,1h,holdout,0.6,158
7.0,2.0,115,0.391,2.892,332.58,MB,1h,holdout,0.6,158
7.0,5.0,115,0.313,-0.8015,-92.18,MB,1h,holdout,0.6,158
10.0,0.083,115,0.852,3.9503,454.28,MB,1h,holdout,0.6,158
10.0,0.125,115,0.826,5.9473,683.93,MB,1h,holdout,0.6,158
10.0,0.167,115,0.748,5.6264,647.04,MB,1h,holdout,0.6,158
10.0,0.25,115,0.722,6.6467,764.37,MB,1h,holdout,0.6,158
10.0,0.5,115,0.617,5.8403,671.64,MB,1h,holdout,0.6,158
10.0,1.0,115,0.478,5.1277,589.68,MB,1h,holdout,0.6,158
10.0,2.0,115,0.374,3.2499,373.74,MB,1h,holdout,0.6,158
10.0,5.0,115,0.296,-0.7099,-81.64,MB,1h,holdout,0.6,158
2.0,0.083,113,0.867,4.2413,479.27,MB,1h,holdout,0.625,158
2.0,0.125,113,0.823,5.8919,665.79,MB,1h,holdout,0.625,158
2.0,0.167,113,0.77,5.5145,623.14,MB,1h,holdout,0.625,158
2.0,0.25,113,0.708,4.3669,493.46,MB,1h,holdout,0.625,158
2.0,0.5,113,0.673,4.4327,500.9,MB,1h,holdout,0.625,158
2.0,1.0,113,0.611,3.24,366.12,MB,1h,holdout,0.625,158
2.0,2.0,113,0.566,1.4412,162.85,MB,1h,holdout,0.625,158
2.0,5.0,113,0.442,-2.628,-296.96,MB,1h,holdout,0.625,158
3.0,0.083,113,0.867,4.2413,479.27,MB,1h,holdout,0.625,158
3.0,0.125,113,0.823,6.1497,694.92,MB,1h,holdout,0.625,158
3.0,0.167,113,0.77,5.9474,672.06,MB,1h,holdout,0.625,158
3.0,0.25,113,0.69,4.9399,558.21,MB,1h,holdout,0.625,158
3.0,0.5,113,0.655,5.3046,599.41,MB,1h,holdout,0.625,158
3.0,1.0,113,0.575,4.2112,475.87,MB,1h,holdout,0.625,158
3.0,2.0,113,0.522,2.5325,286.17,MB,1h,holdout,0.625,158
3.0,5.0,113,0.451,-1.3301,-150.3,MB,1h,holdout,0.625,158
4.0,0.083,113,0.867,4.2413,479.27,MB,1h,holdout,0.625,158
4.0,0.125,113,0.823,6.227,703.65,MB,1h,holdout,0.625,158
4.0,0.167,113,0.77,6.1122,690.68,MB,1h,holdout,0.625,158
4.0,0.25,113,0.69,5.3114,600.19,MB,1h,holdout,0.625,158
4.0,0.5,113,0.628,5.4721,618.35,MB,1h,holdout,0.625,158
4.0,1.0,113,0.54,4.9618,560.69,MB,1h,holdout,0.625,158
4.0,2.0,113,0.46,2.9257,330.6,MB,1h,holdout,0.625,158
4.0,5.0,113,0.389,-1.0106,-114.2,MB,1h,holdout,0.625,158
5.0,0.083,113,0.867,4.2413,479.27,MB,1h,holdout,0.625,158
5.0,0.125,113,0.823,6.2632,707.74,MB,1h,holdout,0.625,158
5.0,0.167,113,0.77,6.1344,693.19,MB,1h,holdout,0.625,158
5.0,0.25,113,0.69,5.3827,608.25,MB,1h,holdout,0.625,158
5.0,0.5,113,0.611,5.8005,655.45,MB,1h,holdout,0.625,158
5.0,1.0,113,0.504,4.4862,506.94,MB,1h,holdout,0.625,158
5.0,2.0,113,0.389,1.7377,196.36,MB,1h,holdout,0.625,158
5.0,5.0,113,0.319,-2.6142,-295.41,MB,1h,holdout,0.625,158
7.0,0.083,113,0.867,4.2413,479.27,MB,1h,holdout,0.625,158
7.0,0.125,113,0.823,6.2635,707.77,MB,1h,holdout,0.625,158
7.0,0.167,113,0.77,6.139,693.71,MB,1h,holdout,0.625,158
7.0,0.25,113,0.69,5.4078,611.08,MB,1h,holdout,0.625,158
7.0,0.5,113,0.611,6.0086,678.97,MB,1h,holdout,0.625,158
7.0,1.0,113,0.496,4.6485,525.28,MB,1h,holdout,0.625,158
7.0,2.0,113,0.372,2.2804,257.69,MB,1h,holdout,0.625,158
7.0,5.0,113,0.292,-1.8229,-205.98,MB,1h,holdout,0.625,158
10.0,0.083,113,0.867,4.2413,479.27,MB,1h,holdout,0.625,158
10.0,0.125,113,0.823,6.2635,707.78,MB,1h,holdout,0.625,158
10.0,0.167,113,0.77,6.0877,687.91,MB,1h,holdout,0.625,158
10.0,0.25,113,0.69,5.3241,601.62,MB,1h,holdout,0.625,158
10.0,0.5,113,0.593,5.5782,630.34,MB,1h,holdout,0.625,158
10.0,1.0,113,0.469,4.2357,478.63,MB,1h,holdout,0.625,158
10.0,2.0,113,0.345,2.1456,242.46,MB,1h,holdout,0.625,158
10.0,5.0,113,0.265,-2.0844,-235.54,MB,1h,holdout,0.625,158
2.0,0.083,109,0.817,3.701,403.41,MB,1h,holdout,0.65,158
2.0,0.125,109,0.78,5.2603,573.37,MB,1h,holdout,0.65,158
2.0,0.167,109,0.761,5.1441,560.7,MB,1h,holdout,0.65,158
2.0,0.25,109,0.716,5.0028,545.31,MB,1h,holdout,0.65,158
2.0,0.5,109,0.651,3.4749,378.76,MB,1h,holdout,0.65,158
2.0,1.0,109,0.569,2.1138,230.41,MB,1h,holdout,0.65,158
2.0,2.0,109,0.532,-0.0775,-8.45,MB,1h,holdout,0.65,158
2.0,5.0,109,0.404,-4.5646,-497.55,MB,1h,holdout,0.65,158
3.0,0.083,109,0.817,3.701,403.41,MB,1h,holdout,0.65,158
3.0,0.125,109,0.771,5.4734,596.6,MB,1h,holdout,0.65,158
3.0,0.167,109,0.752,5.5211,601.8,MB,1h,holdout,0.65,158
3.0,0.25,109,0.706,5.5359,603.41,MB,1h,holdout,0.65,158
3.0,0.5,109,0.624,4.564,497.48,MB,1h,holdout,0.65,158
3.0,1.0,109,0.541,3.289,358.5,MB,1h,holdout,0.65,158
3.0,2.0,109,0.486,1.4621,159.37,MB,1h,holdout,0.65,158
3.0,5.0,109,0.44,-2.6804,-292.16,MB,1h,holdout,0.65,158
4.0,0.083,109,0.817,3.701,403.41,MB,1h,holdout,0.65,158
4.0,0.125,109,0.771,5.6214,612.73,MB,1h,holdout,0.65,158
4.0,0.167,109,0.752,5.7799,630.01,MB,1h,holdout,0.65,158
4.0,0.25,109,0.697,6.0584,660.36,MB,1h,holdout,0.65,158
4.0,0.5,109,0.615,5.0819,553.93,MB,1h,holdout,0.65,158
4.0,1.0,109,0.532,4.1706,454.6,MB,1h,holdout,0.65,158
4.0,2.0,109,0.44,1.3019,141.91,MB,1h,holdout,0.65,158
4.0,5.0,109,0.376,-3.0232,-329.53,MB,1h,holdout,0.65,158
5.0,0.083,109,0.817,3.701,403.41,MB,1h,holdout,0.65,158
5.0,0.125,109,0.771,5.6844,619.59,MB,1h,holdout,0.65,158
5.0,0.167,109,0.752,5.8386,636.4,MB,1h,holdout,0.65,158
5.0,0.25,109,0.697,6.084,663.15,MB,1h,holdout,0.65,158
5.0,0.5,109,0.596,5.1757,564.16,MB,1h,holdout,0.65,158
5.0,1.0,109,0.495,4.2883,467.42,MB,1h,holdout,0.65,158
5.0,2.0,109,0.385,1.2937,141.02,MB,1h,holdout,0.65,158
5.0,5.0,109,0.321,-3.7862,-412.7,MB,1h,holdout,0.65,158
7.0,0.083,109,0.817,3.701,403.41,MB,1h,holdout,0.65,158
7.0,0.125,109,0.771,5.688,620.0,MB,1h,holdout,0.65,158
7.0,0.167,109,0.752,5.8514,637.8,MB,1h,holdout,0.65,158
7.0,0.25,109,0.697,6.13,668.17,MB,1h,holdout,0.65,158
7.0,0.5,109,0.578,5.2068,567.54,MB,1h,holdout,0.65,158
7.0,1.0,109,0.477,4.122,449.3,MB,1h,holdout,0.65,158
7.0,2.0,109,0.349,1.2998,141.68,MB,1h,holdout,0.65,158
7.0,5.0,109,0.275,-3.6073,-393.2,MB,1h,holdout,0.65,158
10.0,0.083,109,0.817,3.701,403.41,MB,1h,holdout,0.65,158
10.0,0.125,109,0.771,5.6883,620.03,MB,1h,holdout,0.65,158
10.0,0.167,109,0.752,5.816,633.94,MB,1h,holdout,0.65,158
10.0,0.25,109,0.697,6.0669,661.3,MB,1h,holdout,0.65,158
10.0,0.5,109,0.56,4.8375,527.29,MB,1h,holdout,0.65,158
10.0,1.0,109,0.45,3.8371,418.24,MB,1h,holdout,0.65,158
10.0,2.0,109,0.321,1.3351,145.52,MB,1h,holdout,0.65,158
10.0,5.0,109,0.248,-3.6119,-393.69,MB,1h,holdout,0.65,158
2.0,0.083,105,0.829,3.8083,399.87,MB,1h,holdout,0.675,158
2.0,0.125,105,0.81,5.7655,605.37,MB,1h,holdout,0.675,158
2.0,0.167,105,0.8,6.2561,656.89,MB,1h,holdout,0.675,158
2.0,0.25,105,0.743,5.5329,580.96,MB,1h,holdout,0.675,158
2.0,0.5,105,0.638,3.7217,390.77,MB,1h,holdout,0.675,158
2.0,1.0,105,0.581,2.6044,273.46,MB,1h,holdout,0.675,158
2.0,2.0,105,0.533,0.6603,69.33,MB,1h,holdout,0.675,158
2.0,5.0,105,0.39,-3.7162,-390.21,MB,1h,holdout,0.675,158
3.0,0.083,105,0.829,3.8083,399.87,MB,1h,holdout,0.675,158
3.0,0.125,105,0.781,5.764,605.23,MB,1h,holdout,0.675,158
3.0,0.167,105,0.781,6.4113,673.18,MB,1h,holdout,0.675,158
3.0,0.25,105,0.724,5.8318,612.34,MB,1h,holdout,0.675,158
3.0,0.5,105,0.6,4.5814,481.05,MB,1h,holdout,0.675,158
3.0,1.0,105,0.552,3.7737,396.24,MB,1h,holdout,0.675,158
3.0,2.0,105,0.505,2.3579,247.58,MB,1h,holdout,0.675,158
3.0,5.0,105,0.457,-1.6907,-177.52,MB,1h,holdout,0.675,158
4.0,0.083,105,0.829,3.8083,399.87,MB,1h,holdout,0.675,158
4.0,0.125,105,0.781,5.9457,624.3,MB,1h,holdout,0.675,158
4.0,0.167,105,0.781,6.6979,703.28,MB,1h,holdout,0.675,158
4.0,0.25,105,0.714,6.3296,664.61,MB,1h,holdout,0.675,158
4.0,0.5,105,0.59,5.0451,529.73,MB,1h,holdout,0.675,158
4.0,1.0,105,0.543,4.2845,449.87,MB,1h,holdout,0.675,158
4.0,2.0,105,0.438,2.0063,210.67,MB,1h,holdout,0.675,158
4.0,5.0,105,0.39,-2.1919,-230.15,MB,1h,holdout,0.675,158
5.0,0.083,105,0.829,3.8083,399.87,MB,1h,holdout,0.675,158
5.0,0.125,105,0.781,6.0143,631.5,MB,1h,holdout,0.675,158
5.0,0.167,105,0.781,6.7656,710.39,MB,1h,holdout,0.675,158
5.0,0.25,105,0.705,6.2252,653.65,MB,1h,holdout,0.675,158
5.0,0.5,105,0.562,4.78,501.91,MB,1h,holdout,0.675,158
5.0,1.0,105,0.486,3.8663,405.96,MB,1h,holdout,0.675,158
5.0,2.0,105,0.362,1.3532,142.08,MB,1h,holdout,0.675,158
5.0,5.0,105,0.324,-2.9899,-313.94,MB,1h,holdout,0.675,158
7.0,0.083,105,0.829,3.8083,399.87,MB,1h,holdout,0.675,158
7.0,0.125,105,0.781,6.0178,631.87,MB,1h,holdout,0.675,158
7.0,0.167,105,0.781,6.7777,711.66,MB,1h,holdout,0.675,158
7.0,0.25,105,0.705,6.2627,657.58,MB,1h,holdout,0.675,158
7.0,0.5,105,0.552,4.8395,508.15,MB,1h,holdout,0.675,158
7.0,1.0,105,0.467,4.1755,438.42,MB,1h,holdout,0.675,158
7.0,2.0,105,0.343,1.8771,197.09,MB,1h,holdout,0.675,158
7.0,5.0,105,0.286,-2.509,-263.44,MB,1h,holdout,0.675,158
10.0,0.083,105,0.829,3.8083,399.87,MB,1h,holdout,0.675,158
10.0,0.125,105,0.781,6.0181,631.9,MB,1h,holdout,0.675,158
10.0,0.167,105,0.781,6.7555,709.33,MB,1h,holdout,0.675,158
10.0,0.25,105,0.705,6.2057,651.6,MB,1h,holdout,0.675,158
10.0,0.5,105,0.533,4.4971,472.19,MB,1h,holdout,0.675,158
10.0,1.0,105,0.438,3.7871,397.65,MB,1h,holdout,0.675,158
10.0,2.0,105,0.305,1.9034,199.85,MB,1h,holdout,0.675,158
10.0,5.0,105,0.248,-2.4038,-252.4,MB,1h,holdout,0.675,158
2.0,0.083,102,0.833,3.3831,345.08,MB,1h,holdout,0.7,158
2.0,0.125,102,0.824,4.0991,418.11,MB,1h,holdout,0.7,158
2.0,0.167,102,0.804,4.7445,483.94,MB,1h,holdout,0.7,158
2.0,0.25,102,0.775,3.8518,392.88,MB,1h,holdout,0.7,158
2.0,0.5,102,0.667,3.3696,343.69,MB,1h,holdout,0.7,158
2.0,1.0,102,0.578,2.1089,215.11,MB,1h,holdout,0.7,158
2.0,2.0,102,0.52,0.1865,19.02,MB,1h,holdout,0.7,158
2.0,5.0,102,0.392,-4.1474,-423.03,MB,1h,holdout,0.7,158
3.0,0.083,102,0.833,3.3831,345.08,MB,1h,holdout,0.7,158
3.0,0.125,102,0.814,4.2082,429.23,MB,1h,holdout,0.7,158
3.0,0.167,102,0.784,5.0445,514.54,MB,1h,holdout,0.7,158
3.0,0.25,102,0.745,4.4137,450.2,MB,1h,holdout,0.7,158
3.0,0.5,102,0.627,4.3718,445.92,MB,1h,holdout,0.7,158
3.0,1.0,102,0.549,3.3497,341.66,MB,1h,holdout,0.7,158
3.0,2.0,102,0.51,1.7268,176.13,MB,1h,holdout,0.7,158
3.0,5.0,102,0.461,-2.4189,-246.72,MB,1h,holdout,0.7,158
4.0,0.083,102,0.833,3.3831,345.08,MB,1h,holdout,0.7,158
4.0,0.125,102,0.814,4.38,446.76,MB,1h,holdout,0.7,158
4.0,0.167,102,0.784,5.3175,542.38,MB,1h,holdout,0.7,158
4.0,0.25,102,0.735,4.7632,485.85,MB,1h,holdout,0.7,158
4.0,0.5,102,0.598,4.5122,460.24,MB,1h,holdout,0.7,158
4.0,1.0,102,0.529,3.3295,339.61,MB,1h,holdout,0.7,158
4.0,2.0,102,0.461,1.6193,165.17,MB,1h,holdout,0.7,158
4.0,5.0,102,0.412,-2.6133,-266.56,MB,1h,holdout,0.7,158
5.0,0.083,102,0.833,3.3831,345.08,MB,1h,holdout,0.7,158
5.0,0.125,102,0.814,4.4162,450.45,MB,1h,holdout,0.7,158
5.0,0.167,102,0.784,5.3855,549.32,MB,1h,holdout,0.7,158
5.0,0.25,102,0.725,4.6658,475.91,MB,1h,holdout,0.7,158
5.0,0.5,102,0.569,4.3061,439.22,MB,1h,holdout,0.7,158
5.0,1.0,102,0.48,2.842,289.88,MB,1h,holdout,0.7,158
5.0,2.0,102,0.392,1.079,110.05,MB,1h,holdout,0.7,158
5.0,5.0,102,0.333,-3.3536,-342.07,MB,1h,holdout,0.7,158
7.0,0.083,102,0.833,3.3831,345.08,MB,1h,holdout,0.7,158
7.0,0.125,102,0.814,4.4522,454.13,MB,1h,holdout,0.7,158
7.0,0.167,102,0.784,5.4054,551.35,MB,1h,holdout,0.7,158
7.0,0.25,102,0.725,4.719,481.34,MB,1h,holdout,0.7,158
7.0,0.5,102,0.559,4.4566,454.57,MB,1h,holdout,0.7,158
7.0,1.0,102,0.451,3.215,327.93,MB,1h,holdout,0.7,158
7.0,2.0,102,0.343,1.1247,114.72,MB,1h,holdout,0.7,158
7.0,5.0,102,0.284,-3.4534,-352.25,MB,1h,holdout,0.7,158
10.0,0.083,102,0.833,3.3831,345.08,MB,1h,holdout,0.7,158
10.0,0.125,102,0.814,4.4525,454.15,MB,1h,holdout,0.7,158
10.0,0.167,102,0.784,5.3964,550.44,MB,1h,holdout,0.7,158
10.0,0.25,102,0.725,4.6669,476.02,MB,1h,holdout,0.7,158
10.0,0.5,102,0.539,4.0938,417.56,MB,1h,holdout,0.7,158
10.0,1.0,102,0.422,2.8157,287.2,MB,1h,holdout,0.7,158
10.0,2.0,102,0.304,1.0818,110.35,MB,1h,holdout,0.7,158
10.0,5.0,102,0.235,-3.6128,-368.51,MB,1h,holdout,0.7,158
2.0,0.083,187,0.77,3.0662,573.37,MB,2h,train,0.3,267
2.0,0.125,187,0.845,4.7783,893.54,MB,2h,train,0.3,267
2.0,0.167,187,0.856,7.0274,1314.13,MB,2h,train,0.3,267
2.0,0.25,187,0.802,6.136,1147.43,MB,2h,train,0.3,267
2.0,0.5,187,0.738,7.1603,1338.98,MB,2h,train,0.3,267
2.0,1.0,187,0.658,6.569,1228.4,MB,2h,train,0.3,267
2.0,2.0,187,0.599,4.5344,847.94,MB,2h,train,0.3,267
2.0,5.0,187,0.513,-1.2774,-238.88,MB,2h,train,0.3,267
3.0,0.083,187,0.77,3.0662,573.37,MB,2h,train,0.3,267
3.0,0.125,187,0.845,4.7783,893.54,MB,2h,train,0.3,267
3.0,0.167,187,0.856,7.0307,1314.75,MB,2h,train,0.3,267
3.0,0.25,187,0.802,6.2053,1160.39,MB,2h,train,0.3,267
3.0,0.5,187,0.733,7.4338,1390.13,MB,2h,train,0.3,267
3.0,1.0,187,0.636,7.2075,1347.8,MB,2h,train,0.3,267
3.0,2.0,187,0.561,5.5972,1046.67,MB,2h,train,0.3,267
3.0,5.0,187,0.449,-0.3901,-72.96,MB,2h,train,0.3,267
4.0,0.083,187,0.77,3.0662,573.37,MB,2h,train,0.3,267
4.0,0.125,187,0.845,4.7783,893.54,MB,2h,train,0.3,267
4.0,0.167,187,0.856,7.0394,1316.37,MB,2h,train,0.3,267
4.0,0.25,187,0.802,6.2304,1165.09,MB,2h,train,0.3,267
4.0,0.5,187,0.722,7.3013,1365.35,MB,2h,train,0.3,267
4.0,1.0,187,0.62,7.1132,1330.16,MB,2h,train,0.3,267
4.0,2.0,187,0.529,4.7974,897.12,MB,2h,train,0.3,267
4.0,5.0,187,0.396,-1.0163,-190.05,MB,2h,train,0.3,267
5.0,0.083,187,0.77,3.0662,573.37,MB,2h,train,0.3,267
5.0,0.125,187,0.845,4.7783,893.54,MB,2h,train,0.3,267
5.0,0.167,187,0.856,7.0452,1317.46,MB,2h,train,0.3,267
5.0,0.25,187,0.802,6.2499,1168.72,MB,2h,train,0.3,267
5.0,0.5,187,0.722,7.3711,1378.39,MB,2h,train,0.3,267
5.0,1.0,187,0.62,7.1465,1336.39,MB,2h,train,0.3,267
5.0,2.0,187,0.524,5.0697,948.03,MB,2h,train,0.3,267
5.0,5.0,187,0.385,-0.5687,-106.34,MB,2h,train,0.3,267
7.0,0.083,187,0.77,3.0662,573.37,MB,2h,train,0.3,267
7.0,0.125,187,0.845,4.7783,893.54,MB,2h,train,0.3,267
7.0,0.167,187,0.856,7.0452,1317.46,MB,2h,train,0.3,267
7.0,0.25,187,0.802,6.2505,1168.85,MB,2h,train,0.3,267
7.0,0.5,187,0.722,7.3283,1370.39,MB,2h,train,0.3,267
7.0,1.0,187,0.615,7.1419,1335.54,MB,2h,train,0.3,267
7.0,2.0,187,0.508,4.6505,869.64,MB,2h,train,0.3,267
7.0,5.0,187,0.369,0.1891,35.36,MB,2h,train,0.3,267
10.0,0.083,187,0.77,3.0662,573.37,MB,2h,train,0.3,267
10.0,0.125,187,0.845,4.7783,893.54,MB,2h,train,0.3,267
10.0,0.167,187,0.856,7.0452,1317.46,MB,2h,train,0.3,267
10.0,0.25,187,0.802,6.2505,1168.85,MB,2h,train,0.3,267
10.0,0.5,187,0.722,7.3285,1370.42,MB,2h,train,0.3,267
10.0,1.0,187,0.615,7.092,1326.2,MB,2h,train,0.3,267
10.0,2.0,187,0.503,4.5656,853.77,MB,2h,train,0.3,267
10.0,5.0,187,0.353,0.0214,4.01,MB,2h,train,0.3,267
2.0,0.083,188,0.798,3.0989,582.59,MB,2h,train,0.325,267
2.0,0.125,188,0.872,4.4337,833.54,MB,2h,train,0.325,267
2.0,0.167,188,0.867,6.8736,1292.23,MB,2h,train,0.325,267
2.0,0.25,188,0.803,5.9098,1111.04,MB,2h,train,0.325,267
2.0,0.5,188,0.718,6.7871,1275.97,MB,2h,train,0.325,267
2.0,1.0,188,0.649,6.3576,1195.23,MB,2h,train,0.325,267
2.0,2.0,188,0.574,3.6653,689.07,MB,2h,train,0.325,267
2.0,5.0,188,0.505,-1.0356,-194.7,MB,2h,train,0.325,267
3.0,0.083,188,0.798,3.0989,582.59,MB,2h,train,0.325,267
3.0,0.125,188,0.872,4.4337,833.54,MB,2h,train,0.325,267
3.0,0.167,188,0.867,6.8785,1293.16,MB,2h,train,0.325,267
3.0,0.25,188,0.803,5.9841,1125.01,MB,2h,train,0.325,267
3.0,0.5,188,0.713,7.0918,1333.26,MB,2h,train,0.325,267
3.0,1.0,188,0.628,6.9869,1313.54,MB,2h,train,0.325,267
3.0,2.0,188,0.537,4.6325,870.9,MB,2h,train,0.325,267
3.0,5.0,188,0.441,-0.601,-112.98,MB,2h,train,0.325,267
4.0,0.083,188,0.798,3.0989,582.59,MB,2h,train,0.325,267
4.0,0.125,188,0.872,4.4337,833.54,MB,2h,train,0.325,267
4.0,0.167,188,0.867,6.8854,1294.45,MB,2h,train,0.325,267
4.0,0.25,188,0.803,6.0133,1130.5,MB,2h,train,0.325,267
4.0,0.5,188,0.707,7.0798,1331.0,MB,2h,train,0.325,267
4.0,1.0,188,0.612,6.9665,1309.7,MB,2h,train,0.325,267
4.0,2.0,188,0.505,4.0757,766.23,MB,2h,train,0.325,267
4.0,5.0,188,0.399,-0.96,-180.47,MB,2h,train,0.325,267
5.0,0.083,188,0.798,3.0989,582.59,MB,2h,train,0.325,267
5.0,0.125,188,0.872,4.4337,833.54,MB,2h,train,0.325,267
5.0,0.167,188,0.867,6.891,1295.51,MB,2h,train,0.325,267
5.0,0.25,188,0.803,6.0322,1134.05,MB,2h,train,0.325,267
5.0,0.5,188,0.707,7.148,1343.83,MB,2h,train,0.325,267
5.0,1.0,188,0.612,6.9722,1310.77,MB,2h,train,0.325,267
5.0,2.0,188,0.5,4.2246,794.23,MB,2h,train,0.325,267
5.0,5.0,188,0.388,-0.5892,-110.77,MB,2h,train,0.325,267
7.0,0.083,188,0.798,3.0989,582.59,MB,2h,train,0.325,267
7.0,0.125,188,0.872,4.4337,833.54,MB,2h,train,0.325,267
7.0,0.167,188,0.867,6.891,1295.51,MB,2h,train,0.325,267
7.0,0.25,188,0.803,6.0328,1134.17,MB,2h,train,0.325,267
7.0,0.5,188,0.707,7.1693,1347.82,MB,2h,train,0.325,267
7.0,1.0,188,0.612,7.0985,1334.51,MB,2h,train,0.325,267
7.0,2.0,188,0.495,4.5856,862.08,MB,2h,train,0.325,267
7.0,5.0,188,0.383,1.1599,218.06,MB,2h,train,0.325,267
10.0,0.083,188,0.798,3.0989,582.59,MB,2h,train,0.325,267
10.0,0.125,188,0.872,4.4337,833.54,MB,2h,train,0.325,267
10.0,0.167,188,0.867,6.891,1295.51,MB,2h,train,0.325,267
10.0,0.25,188,0.803,6.0328,1134.17,MB,2h,train,0.325,267
10.0,0.5,188,0.707,7.1068,1336.08,MB,2h,train,0.325,267
10.0,1.0,188,0.606,6.9503,1306.65,MB,2h,train,0.325,267
10.0,2.0,188,0.479,3.9009,733.36,MB,2h,train,0.325,267
10.0,5.0,188,0.356,0.2373,44.62,MB,2h,train,0.325,267
2.0,0.083,185,0.811,3.2112,594.08,MB,2h,train,0.35,267
2.0,0.125,185,0.849,4.2409,784.56,MB,2h,train,0.35,267
2.0,0.167,185,0.838,5.9181,1094.85,MB,2h,train,0.35,267
2.0,0.25,185,0.778,5.5949,1035.05,MB,2h,train,0.35,267
2.0,0.5,185,0.719,6.7484,1248.46,MB,2h,train,0.35,267
2.0,1.0,185,0.638,5.6552,1046.21,MB,2h,train,0.35,267
2.0,2.0,185,0.557,3.0349,561.46,MB,2h,train,0.35,267
2.0,5.0,185,0.497,-1.79,-331.14,MB,2h,train,0.35,267
3.0,0.083,185,0.811,3.2112,594.08,MB,2h,train,0.35,267
3.0,0.125,185,0.849,4.2409,784.56,MB,2h,train,0.35,267
3.0,0.167,185,0.838,5.9717,1104.77,MB,2h,train,0.35,267
3.0,0.25,185,0.778,5.7592,1065.46,MB,2h,train,0.35,267
3.0,0.5,185,0.714,7.2542,1342.03,MB,2h,train,0.35,267
3.0,1.0,185,0.622,6.6927,1238.15,MB,2h,train,0.35,267
3.0,2.0,185,0.524,4.4033,814.61,MB,2h,train,0.35,267
3.0,5.0,185,0.438,-0.2321,-42.94,MB,2h,train,0.35,267
4.0,0.083,185,0.811,3.2112,594.08,MB,2h,train,0.35,267
4.0,0.125,185,0.849,4.2409,784.56,MB,2h,train,0.35,267
4.0,0.167,185,0.838,5.9766,1105.67,MB,2h,train,0.35,267
4.0,0.25,185,0.778,5.7794,1069.19,MB,2h,train,0.35,267
4.0,0.5,185,0.714,7.3889,1366.94,MB,2h,train,0.35,267
4.0,1.0,185,0.611,6.8723,1271.38,MB,2h,train,0.35,267
4.0,2.0,185,0.497,4.0946,757.5,MB,2h,train,0.35,267
4.0,5.0,185,0.395,-0.9146,-169.2,MB,2h,train,0.35,267
5.0,0.083,185,0.811,3.2112,594.08,MB,2h,train,0.35,267
5.0,0.125,185,0.849,4.2409,784.56,MB,2h,train,0.35,267
5.0,0.167,185,0.838,5.9838,1107.01,MB,2h,train,0.35,267
5.0,0.25,185,0.778,5.8065,1074.2,MB,2h,train,0.35,267
5.0,0.5,185,0.708,7.3007,1350.63,MB,2h,train,0.35,267
5.0,1.0,185,0.605,6.704,1240.23,MB,2h,train,0.35,267
5.0,2.0,185,0.486,4.1448,766.78,MB,2h,train,0.35,267
5.0,5.0,185,0.378,-0.8028,-148.51,MB,2h,train,0.35,267
7.0,0.083,185,0.811,3.2112,594.08,MB,2h,train,0.35,267
7.0,0.125,185,0.849,4.2409,784.56,MB,2h,train,0.35,267
7.0,0.167,185,0.838,5.9838,1107.01,MB,2h,train,0.35,267
7.0,0.25,185,0.778,5.8071,1074.31,MB,2h,train,0.35,267
7.0,0.5,185,0.708,7.3214,1354.47,MB,2h,train,0.35,267
7.0,1.0,185,0.605,6.8154,1260.84,MB,2h,train,0.35,267
7.0,2.0,185,0.481,4.4456,822.44,MB,2h,train,0.35,267
7.0,5.0,185,0.373,0.8458,156.47,MB,2h,train,0.35,267
10.0,0.083,185,0.811,3.2112,594.08,MB,2h,train,0.35,267
10.0,0.125,185,0.849,4.2409,784.56,MB,2h,train,0.35,267
10.0,0.167,185,0.838,5.9838,1107.01,MB,2h,train,0.35,267
10.0,0.25,185,0.778,5.8071,1074.32,MB,2h,train,0.35,267
10.0,0.5,185,0.708,7.2595,1343.01,MB,2h,train,0.35,267
10.0,1.0,185,0.6,6.668,1233.57,MB,2h,train,0.35,267
10.0,2.0,185,0.465,3.7648,696.5,MB,2h,train,0.35,267
10.0,5.0,185,0.346,-0.0772,-14.29,MB,2h,train,0.35,267
2.0,0.083,182,0.791,3.1981,582.06,MB,2h,train,0.375,267
2.0,0.125,182,0.863,4.4391,807.92,MB,2h,train,0.375,267
2.0,0.167,182,0.852,6.8702,1250.38,MB,2h,train,0.375,267
2.0,0.25,182,0.797,6.3425,1154.34,MB,2h,train,0.375,267
2.0,0.5,182,0.736,7.3037,1329.28,MB,2h,train,0.375,267
2.0,1.0,182,0.659,6.1908,1126.73,MB,2h,train,0.375,267
2.0,2.0,182,0.571,3.814,694.15,MB,2h,train,0.375,267
2.0,5.0,182,0.5,-1.6995,-309.3,MB,2h,train,0.375,267
3.0,0.083,182,0.791,3.1981,582.06,MB,2h,train,0.375,267
3.0,0.125,182,0.863,4.4391,807.92,MB,2h,train,0.375,267
3.0,0.167,182,0.846,6.8131,1239.99,MB,2h,train,0.375,267
3.0,0.25,182,0.791,6.4177,1168.02,MB,2h,train,0.375,267
3.0,0.5,182,0.725,7.6596,1394.04,MB,2h,train,0.375,267
3.0,1.0,182,0.626,7.1053,1293.16,MB,2h,train,0.375,267
3.0,2.0,182,0.522,4.7742,868.91,MB,2h,train,0.375,267
3.0,5.0,182,0.429,-0.9438,-171.77,MB,2h,train,0.375,267
4.0,0.083,182,0.791,3.1981,582.06,MB,2h,train,0.375,267
4.0,0.125,182,0.863,4.4391,807.92,MB,2h,train,0.375,267
4.0,0.167,182,0.846,6.8178,1240.83,MB,2h,train,0.375,267
4.0,0.25,182,0.791,6.4347,1171.11,MB,2h,train,0.375,267
4.0,0.5,182,0.725,7.781,1416.14,MB,2h,train,0.375,267
4.0,1.0,182,0.621,7.3204,1332.32,MB,2h,train,0.375,267
4.0,2.0,182,0.505,4.6535,846.94,MB,2h,train,0.375,267
4.0,5.0,182,0.39,-1.1049,-201.09,MB,2h,train,0.375,267
5.0,0.083,182,0.791,3.1981,582.06,MB,2h,train,0.375,267
5.0,0.125,182,0.863,4.4391,807.92,MB,2h,train,0.375,267
5.0,0.167,182,0.846,6.8249,1242.12,MB,2h,train,0.375,267
5.0,0.25,182,0.791,6.4616,1176.01,MB,2h,train,0.375,267
5.0,0.5,182,0.72,7.695,1400.5,MB,2h,train,0.375,267
5.0,1.0,182,0.615,7.2074,1311.75,MB,2h,train,0.375,267
5.0,2.0,182,0.495,4.9587,902.48,MB,2h,train,0.375,267
5.0,5.0,182,0.368,-0.7813,-142.2,MB,2h,train,0.375,267
7.0,0.083,182,0.791,3.1981,582.06,MB,2h,train,0.375,267
7.0,0.125,182,0.863,4.4391,807.92,MB,2h,train,0.375,267
7.0,0.167,182,0.846,6.8249,1242.12,MB,2h,train,0.375,267
7.0,0.25,182,0.791,6.4622,1176.11,MB,2h,train,0.375,267
7.0,0.5,182,0.72,7.7157,1404.25,MB,2h,train,0.375,267
7.0,1.0,182,0.615,7.3211,1332.45,MB,2h,train,0.375,267
7.0,2.0,182,0.489,5.259,957.13,MB,2h,train,0.375,267
7.0,5.0,182,0.363,0.9474,172.43,MB,2h,train,0.375,267
10.0,0.083,182,0.791,3.1981,582.06,MB,2h,train,0.375,267
10.0,0.125,182,0.863,4.4391,807.92,MB,2h,train,0.375,267
10.0,0.167,182,0.846,6.8249,1242.12,MB,2h,train,0.375,267
10.0,0.25,182,0.791,6.4622,1176.11,MB,2h,train,0.375,267
10.0,0.5,182,0.72,7.6543,1393.08,MB,2h,train,0.375,267
10.0,1.0,182,0.61,7.1744,1305.75,MB,2h,train,0.375,267
10.0,2.0,182,0.473,4.5982,836.87,MB,2h,train,0.375,267
10.0,5.0,182,0.335,-0.0721,-13.13,MB,2h,train,0.375,267
2.0,0.083,178,0.809,3.2342,575.69,MB,2h,train,0.4,267
2.0,0.125,178,0.882,5.1264,912.49,MB,2h,train,0.4,267
2.0,0.167,178,0.848,7.2626,1292.74,MB,2h,train,0.4,267
2.0,0.25,178,0.798,6.8922,1226.81,MB,2h,train,0.4,267
2.0,0.5,178,0.736,7.4859,1332.49,MB,2h,train,0.4,267
2.0,1.0,178,0.652,6.0531,1077.45,MB,2h,train,0.4,267
2.0,2.0,178,0.573,3.7624,669.71,MB,2h,train,0.4,267
2.0,5.0,178,0.489,-2.0198,-359.53,MB,2h,train,0.4,267
3.0,0.083,178,0.809,3.2342,575.69,MB,2h,train,0.4,267
3.0,0.125,178,0.882,5.1264,912.49,MB,2h,train,0.4,267
3.0,0.167,178,0.843,7.2336,1287.58,MB,2h,train,0.4,267
3.0,0.25,178,0.792,7.0464,1254.26,MB,2h,train,0.4,267
3.0,0.5,178,0.725,8.0291,1429.18,MB,2h,train,0.4,267
3.0,1.0,178,0.618,7.0415,1253.38,MB,2h,train,0.4,267
3.0,2.0,178,0.506,4.5936,817.66,MB,2h,train,0.4,267
3.0,5.0,178,0.421,-1.2192,-217.02,MB,2h,train,0.4,267
4.0,0.083,178,0.809,3.2342,575.69,MB,2h,train,0.4,267
4.0,0.125,178,0.882,5.1264,912.49,MB,2h,train,0.4,267
4.0,0.167,178,0.843,7.238,1288.37,MB,2h,train,0.4,267
4.0,0.25,178,0.792,7.063,1257.22,MB,2h,train,0.4,267
4.0,0.5,178,0.725,8.1893,1457.69,MB,2h,train,0.4,267
4.0,1.0,178,0.607,7.2075,1282.93,MB,2h,train,0.4,267
4.0,2.0,178,0.489,4.5361,807.42,MB,2h,train,0.4,267
4.0,5.0,178,0.388,-1.4001,-249.22,MB,2h,train,0.4,267
5.0,0.083,178,0.809,3.2342,575.69,MB,2h,train,0.4,267
5.0,0.125,178,0.882,5.1264,912.49,MB,2h,train,0.4,267
5.0,0.167,178,0.843,7.245,1289.61,MB,2h,train,0.4,267
5.0,0.25,178,0.792,7.0899,1262.0,MB,2h,train,0.4,267
5.0,0.5,178,0.719,8.1106,1443.68,MB,2h,train,0.4,267
5.0,1.0,178,0.601,7.1112,1265.8,MB,2h,train,0.4,267
5.0,2.0,178,0.478,4.6033,819.39,MB,2h,train,0.4,267
5.0,5.0,178,0.36,-1.2307,-219.06,MB,2h,train,0.4,267
7.0,0.083,178,0.809,3.2342,575.69,MB,2h,train,0.4,267
7.0,0.125,178,0.882,5.1264,912.49,MB,2h,train,0.4,267
7.0,0.167,178,0.843,7.245,1289.61,MB,2h,train,0.4,267
7.0,0.25,178,0.792,7.0905,1262.1,MB,2h,train,0.4,267
7.0,0.5,178,0.719,8.1328,1447.64,MB,2h,train,0.4,267
7.0,1.0,178,0.601,7.264,1293.0,MB,2h,train,0.4,267
7.0,2.0,178,0.472,5.0084,891.49,MB,2h,train,0.4,267
7.0,5.0,178,0.354,0.2433,43.3,MB,2h,train,0.4,267
10.0,0.083,178,0.809,3.2342,575.69,MB,2h,train,0.4,267
10.0,0.125,178,0.882,5.1264,912.49,MB,2h,train,0.4,267
10.0,0.167,178,0.843,7.245,1289.61,MB,2h,train,0.4,267
10.0,0.25,178,0.792,7.0905,1262.1,MB,2h,train,0.4,267
10.0,0.5,178,0.719,8.0717,1436.76,MB,2h,train,0.4,267
10.0,1.0,178,0.596,7.1196,1267.3,MB,2h,train,0.4,267
10.0,2.0,178,0.455,4.4043,783.96,MB,2h,train,0.4,267
10.0,5.0,178,0.326,-0.5842,-103.98,MB,2h,train,0.4,267
2.0,0.083,174,0.816,3.1198,542.84,MB,2h,train,0.425,267
2.0,0.125,174,0.897,5.6678,986.19,MB,2h,train,0.425,267
2.0,0.167,174,0.856,7.5348,1311.06,MB,2h,train,0.425,267
2.0,0.25,174,0.805,7.4697,1299.73,MB,2h,train,0.425,267
2.0,0.5,174,0.718,7.2273,1257.55,MB,2h,train,0.425,267
2.0,1.0,174,0.632,5.8054,1010.14,MB,2h,train,0.425,267
2.0,2.0,174,0.563,3.4002,591.64,MB,2h,train,0.425,267
2.0,5.0,174,0.506,-1.9249,-334.93,MB,2h,train,0.425,267
3.0,0.083,174,0.816,3.1198,542.84,MB,2h,train,0.425,267
3.0,0.125,174,0.897,5.6678,986.19,MB,2h,train,0.425,267
3.0,0.167,174,0.856,7.5471,1313.19,MB,2h,train,0.425,267
3.0,0.25,174,0.799,7.6129,1324.64,MB,2h,train,0.425,267
3.0,0.5,174,0.701,7.7094,1341.43,MB,2h,train,0.425,267
3.0,1.0,174,0.603,6.704,1166.5,MB,2h,train,0.425,267
3.0,2.0,174,0.5,4.0012,696.21,MB,2h,train,0.425,267
3.0,5.0,174,0.414,-2.0916,-363.93,MB,2h,train,0.425,267
4.0,0.083,174,0.816,3.1198,542.84,MB,2h,train,0.425,267
4.0,0.125,174,0.897,5.6678,986.19,MB,2h,train,0.425,267
4.0,0.167,174,0.856,7.5646,1316.24,MB,2h,train,0.425,267
4.0,0.25,174,0.799,7.6559,1332.13,MB,2h,train,0.425,267
4.0,0.5,174,0.701,7.8186,1360.44,MB,2h,train,0.425,267
4.0,1.0,174,0.592,7.0889,1233.46,MB,2h,train,0.425,267
4.0,2.0,174,0.489,4.5906,798.76,MB,2h,train,0.425,267
4.0,5.0,174,0.397,-0.9543,-166.05,MB,2h,train,0.425,267
5.0,0.083,174,0.816,3.1198,542.84,MB,2h,train,0.425,267
5.0,0.125,174,0.897,5.6678,986.19,MB,2h,train,0.425,267
5.0,0.167,174,0.856,7.5667,1316.61,MB,2h,train,0.425,267
5.0,0.25,174,0.799,7.6675,1334.14,MB,2h,train,0.425,267
5.0,0.5,174,0.701,7.8756,1370.36,MB,2h,train,0.425,267
5.0,1.0,174,0.586,6.9861,1215.58,MB,2h,train,0.425,267
5.0,2.0,174,0.477,4.7669,829.45,MB,2h,train,0.425,267
5.0,5.0,174,0.368,-0.7448,-129.59,MB,2h,train,0.425,267
7.0,0.083,174,0.816,3.1198,542.84,MB,2h,train,0.425,267
7.0,0.125,174,0.897,5.6678,986.19,MB,2h,train,0.425,267
7.0,0.167,174,0.856,7.572,1317.53,MB,2h,train,0.425,267
7.0,0.25,174,0.799,7.6865,1337.45,MB,2h,train,0.425,267
7.0,0.5,174,0.701,7.9611,1385.24,MB,2h,train,0.425,267
7.0,1.0,174,0.586,7.093,1234.17,MB,2h,train,0.425,267
7.0,2.0,174,0.466,4.943,860.09,MB,2h,train,0.425,267
7.0,5.0,174,0.356,0.3212,55.88,MB,2h,train,0.425,267
10.0,0.083,174,0.816,3.1198,542.84,MB,2h,train,0.425,267
10.0,0.125,174,0.897,5.6678,986.19,MB,2h,train,0.425,267
10.0,0.167,174,0.856,7.572,1317.53,MB,2h,train,0.425,267
10.0,0.25,174,0.799,7.6865,1337.45,MB,2h,train,0.425,267
10.0,0.5,174,0.701,7.9011,1374.79,MB,2h,train,0.425,267
10.0,1.0,174,0.58,6.9729,1213.29,MB,2h,train,0.425,267
10.0,2.0,174,0.448,4.4187,768.86,MB,2h,train,0.425,267
10.0,5.0,174,0.328,-0.3632,-63.2,MB,2h,train,0.425,267
2.0,0.083,175,0.846,3.1298,547.71,MB,2h,train,0.45,267
2.0,0.125,175,0.897,5.7824,1011.93,MB,2h,train,0.45,267
2.0,0.167,175,0.851,7.7167,1350.42,MB,2h,train,0.45,267
2.0,0.25,175,0.817,8.1568,1427.44,MB,2h,train,0.45,267
2.0,0.5,175,0.691,6.6127,1157.22,MB,2h,train,0.45,267
2.0,1.0,175,0.611,5.4543,954.51,MB,2h,train,0.45,267
2.0,2.0,175,0.531,2.7579,482.64,MB,2h,train,0.45,267
2.0,5.0,175,0.474,-2.5701,-449.77,MB,2h,train,0.45,267
3.0,0.083,175,0.846,3.1298,547.71,MB,2h,train,0.45,267
3.0,0.125,175,0.897,5.7824,1011.93,MB,2h,train,0.45,267
3.0,0.167,175,0.851,7.7025,1347.94,MB,2h,train,0.45,267
3.0,0.25,175,0.811,8.2154,1437.69,MB,2h,train,0.45,267
3.0,0.5,175,0.68,6.9605,1218.09,MB,2h,train,0.45,267
3.0,1.0,175,0.577,6.2821,1099.37,MB,2h,train,0.45,267
3.0,2.0,175,0.469,3.247,568.22,MB,2h,train,0.45,267
3.0,5.0,175,0.389,-2.825,-494.37,MB,2h,train,0.45,267
4.0,0.083,175,0.846,3.1298,547.71,MB,2h,train,0.45,267
4.0,0.125,175,0.897,5.7824,1011.93,MB,2h,train,0.45,267
4.0,0.167,175,0.851,7.7188,1350.79,MB,2h,train,0.45,267
4.0,0.25,175,0.811,8.2605,1445.59,MB,2h,train,0.45,267
4.0,0.5,175,0.68,7.0792,1238.86,MB,2h,train,0.45,267
4.0,1.0,175,0.566,6.5294,1142.64,MB,2h,train,0.45,267
4.0,2.0,175,0.451,3.5698,624.71,MB,2h,train,0.45,267
4.0,5.0,175,0.366,-2.1211,-371.2,MB,2h,train,0.45,267
5.0,0.083,175,0.846,3.1298,547.71,MB,2h,train,0.45,267
5.0,0.125,175,0.897,5.7824,1011.93,MB,2h,train,0.45,267
5.0,0.167,175,0.851,7.7208,1351.14,MB,2h,train,0.45,267
5.0,0.25,175,0.811,8.2717,1447.54,MB,2h,train,0.45,267
5.0,0.5,175,0.68,7.156,1252.29,MB,2h,train,0.45,267
5.0,1.0,175,0.56,6.639,1161.82,MB,2h,train,0.45,267
5.0,2.0,175,0.44,4.0578,710.11,MB,2h,train,0.45,267
5.0,5.0,175,0.343,-1.5548,-272.09,MB,2h,train,0.45,267
7.0,0.083,175,0.846,3.1298,547.71,MB,2h,train,0.45,267
7.0,0.125,175,0.897,5.7824,1011.93,MB,2h,train,0.45,267
7.0,0.167,175,0.851,7.7259,1352.03,MB,2h,train,0.45,267
7.0,0.25,175,0.811,8.2901,1450.77,MB,2h,train,0.45,267
7.0,0.5,175,0.68,7.2388,1266.8,MB,2h,train,0.45,267
7.0,1.0,175,0.56,6.7314,1178.0,MB,2h,train,0.45,267
7.0,2.0,175,0.434,4.1937,733.9,MB,2h,train,0.45,267
7.0,5.0,175,0.331,-0.8211,-143.69,MB,2h,train,0.45,267
10.0,0.083,175,0.846,3.1298,547.71,MB,2h,train,0.45,267
10.0,0.125,175,0.897,5.7824,1011.93,MB,2h,train,0.45,267
10.0,0.167,175,0.851,7.7259,1352.03,MB,2h,train,0.45,267
10.0,0.25,175,0.811,8.2901,1450.77,MB,2h,train,0.45,267
10.0,0.5,175,0.68,7.1807,1256.62,MB,2h,train,0.45,267
10.0,1.0,175,0.554,6.6157,1157.74,MB,2h,train,0.45,267
10.0,2.0,175,0.423,3.6966,646.91,MB,2h,train,0.45,267
10.0,5.0,175,0.309,-1.161,-203.17,MB,2h,train,0.45,267
2.0,0.083,171,0.854,3.3032,564.85,MB,2h,train,0.475,267
2.0,0.125,171,0.883,5.4318,928.84,MB,2h,train,0.475,267
2.0,0.167,171,0.86,7.7278,1321.45,MB,2h,train,0.475,267
2.0,0.25,171,0.836,8.4083,1437.82,MB,2h,train,0.475,267
2.0,0.5,171,0.719,7.8436,1341.26,MB,2h,train,0.475,267
2.0,1.0,171,0.626,6.0644,1037.01,MB,2h,train,0.475,267
2.0,2.0,171,0.544,2.9649,507.0,MB,2h,train,0.475,267
2.0,5.0,171,0.491,-1.9626,-335.61,MB,2h,train,0.475,267
3.0,0.083,171,0.854,3.3032,564.85,MB,2h,train,0.475,267
3.0,0.125,171,0.883,5.4318,928.84,MB,2h,train,0.475,267
3.0,0.167,171,0.86,7.7986,1333.56,MB,2h,train,0.475,267
3.0,0.25,171,0.819,8.2577,1412.06,MB,2h,train,0.475,267
3.0,0.5,171,0.684,7.1048,1214.92,MB,2h,train,0.475,267
3.0,1.0,171,0.567,5.7201,978.14,MB,2h,train,0.475,267
3.0,2.0,171,0.468,2.3,393.3,MB,2h,train,0.475,267
3.0,5.0,171,0.398,-3.7137,-635.04,MB,2h,train,0.475,267
4.0,0.083,171,0.854,3.3032,564.85,MB,2h,train,0.475,267
4.0,0.125,171,0.883,5.4318,928.84,MB,2h,train,0.475,267
4.0,0.167,171,0.86,7.8155,1336.46,MB,2h,train,0.475,267
4.0,0.25,171,0.819,8.3086,1420.76,MB,2h,train,0.475,267
4.0,0.5,171,0.684,7.1355,1220.17,MB,2h,train,0.475,267
4.0,1.0,171,0.55,5.7621,985.31,MB,2h,train,0.475,267
4.0,2.0,171,0.433,2.3383,399.86,MB,2h,train,0.475,267
4.0,5.0,171,0.363,-3.2094,-548.81,MB,2h,train,0.475,267
5.0,0.083,171,0.854,3.3032,564.85,MB,2h,train,0.475,267
5.0,0.125,171,0.883,5.4318,928.84,MB,2h,train,0.475,267
5.0,0.167,171,0.86,7.8188,1337.01,MB,2h,train,0.475,267
5.0,0.25,171,0.819,8.3219,1423.05,MB,2h,train,0.475,267
5.0,0.5,171,0.684,7.1302,1219.26,MB,2h,train,0.475,267
5.0,1.0,171,0.538,5.7492,983.11,MB,2h,train,0.475,267
5.0,2.0,171,0.415,2.6086,446.06,MB,2h,train,0.475,267
5.0,5.0,171,0.339,-2.4263,-414.89,MB,2h,train,0.475,267
7.0,0.083,171,0.854,3.3032,564.85,MB,2h,train,0.475,267
7.0,0.125,171,0.883,5.4318,928.84,MB,2h,train,0.475,267
7.0,0.167,171,0.86,7.8207,1337.33,MB,2h,train,0.475,267
7.0,0.25,171,0.819,8.3335,1425.03,MB,2h,train,0.475,267
7.0,0.5,171,0.684,7.1716,1226.35,MB,2h,train,0.475,267
7.0,1.0,171,0.538,5.7351,980.7,MB,2h,train,0.475,267
7.0,2.0,171,0.415,2.8816,492.75,MB,2h,train,0.475,267
7.0,5.0,171,0.327,-2.219,-379.45,MB,2h,train,0.475,267
10.0,0.083,171,0.854,3.3032,564.85,MB,2h,train,0.475,267
10.0,0.125,171,0.883,5.4318,928.84,MB,2h,train,0.475,267
10.0,0.167,171,0.86,7.8207,1337.33,MB,2h,train,0.475,267
10.0,0.25,171,0.819,8.3351,1425.3,MB,2h,train,0.475,267
10.0,0.5,171,0.684,7.1525,1223.08,MB,2h,train,0.475,267
10.0,1.0,171,0.532,5.7241,978.82,MB,2h,train,0.475,267
10.0,2.0,171,0.398,2.2964,392.68,MB,2h,train,0.475,267
10.0,5.0,171,0.298,-2.2646,-387.25,MB,2h,train,0.475,267
2.0,0.083,168,0.863,3.451,579.77,MB,2h,train,0.5,267
2.0,0.125,168,0.893,5.742,964.66,MB,2h,train,0.5,267
2.0,0.167,168,0.875,8.3492,1402.67,MB,2h,train,0.5,267
2.0,0.25,168,0.851,8.9577,1504.89,MB,2h,train,0.5,267
2.0,0.5,168,0.738,8.1972,1377.13,MB,2h,train,0.5,267
2.0,1.0,168,0.655,7.2128,1211.75,MB,2h,train,0.5,267
2.0,2.0,168,0.554,3.3498,562.77,MB,2h,train,0.5,267
2.0,5.0,168,0.488,-1.7562,-295.03,MB,2h,train,0.5,267
3.0,0.083,168,0.863,3.451,579.77,MB,2h,train,0.5,267
3.0,0.125,168,0.893,5.742,964.66,MB,2h,train,0.5,267
3.0,0.167,168,0.875,8.5643,1438.81,MB,2h,train,0.5,267
3.0,0.25,168,0.839,9.1599,1538.87,MB,2h,train,0.5,267
3.0,0.5,168,0.702,8.1398,1367.48,MB,2h,train,0.5,267
3.0,1.0,168,0.607,7.5345,1265.8,MB,2h,train,0.5,267
3.0,2.0,168,0.5,3.5189,591.17,MB,2h,train,0.5,267
3.0,5.0,168,0.435,-2.8709,-482.32,MB,2h,train,0.5,267
4.0,0.083,168,0.863,3.451,579.77,MB,2h,train,0.5,267
4.0,0.125,168,0.893,5.742,964.66,MB,2h,train,0.5,267
4.0,0.167,168,0.875,8.4936,1426.93,MB,2h,train,0.5,267
4.0,0.25,168,0.833,9.0691,1523.61,MB,2h,train,0.5,267
4.0,0.5,168,0.696,7.9043,1327.92,MB,2h,train,0.5,267
4.0,1.0,168,0.571,7.4316,1248.51,MB,2h,train,0.5,267
4.0,2.0,168,0.452,3.5188,591.16,MB,2h,train,0.5,267
4.0,5.0,168,0.375,-2.3246,-390.53,MB,2h,train,0.5,267
5.0,0.083,168,0.863,3.451,579.77,MB,2h,train,0.5,267
5.0,0.125,168,0.893,5.742,964.66,MB,2h,train,0.5,267
5.0,0.167,168,0.875,8.4968,1427.46,MB,2h,train,0.5,267
5.0,0.25,168,0.833,9.0824,1525.84,MB,2h,train,0.5,267
5.0,0.5,168,0.696,7.892,1325.85,MB,2h,train,0.5,267
5.0,1.0,168,0.56,7.3153,1228.98,MB,2h,train,0.5,267
5.0,2.0,168,0.435,3.711,623.45,MB,2h,train,0.5,267
5.0,5.0,168,0.351,-2.9717,-499.24,MB,2h,train,0.5,267
7.0,0.083,168,0.863,3.451,579.77,MB,2h,train,0.5,267
7.0,0.125,168,0.893,5.742,964.66,MB,2h,train,0.5,267
7.0,0.167,168,0.875,8.4986,1427.77,MB,2h,train,0.5,267
7.0,0.25,168,0.833,9.0938,1527.76,MB,2h,train,0.5,267
7.0,0.5,168,0.696,7.9335,1332.83,MB,2h,train,0.5,267
7.0,1.0,168,0.56,7.3556,1235.74,MB,2h,train,0.5,267
7.0,2.0,168,0.435,4.0187,675.14,MB,2h,train,0.5,267
7.0,5.0,168,0.333,-2.3619,-396.8,MB,2h,train,0.5,267
10.0,0.083,168,0.863,3.451,579.77,MB,2h,train,0.5,267
10.0,0.125,168,0.893,5.742,964.66,MB,2h,train,0.5,267
10.0,0.167,168,0.875,8.4986,1427.77,MB,2h,train,0.5,267
10.0,0.25,168,0.833,9.0954,1528.02,MB,2h,train,0.5,267
10.0,0.5,168,0.696,7.9151,1329.73,MB,2h,train,0.5,267
10.0,1.0,168,0.554,7.3474,1234.36,MB,2h,train,0.5,267
10.0,2.0,168,0.417,3.4245,575.32,MB,2h,train,0.5,267
10.0,5.0,168,0.304,-2.7119,-455.6,MB,2h,train,0.5,267
2.0,0.083,166,0.849,3.4268,568.85,MB,2h,train,0.525,267
2.0,0.125,166,0.88,6.2475,1037.09,MB,2h,train,0.525,267
2.0,0.167,166,0.855,8.0692,1339.48,MB,2h,train,0.525,267
2.0,0.25,166,0.825,8.4161,1397.08,MB,2h,train,0.525,267
2.0,0.5,166,0.735,8.081,1341.44,MB,2h,train,0.525,267
2.0,1.0,166,0.675,7.0608,1172.09,MB,2h,train,0.525,267
2.0,2.0,166,0.554,3.3723,559.8,MB,2h,train,0.525,267
2.0,5.0,166,0.494,-1.7629,-292.64,MB,2h,train,0.525,267
3.0,0.083,166,0.849,3.4268,568.85,MB,2h,train,0.525,267
3.0,0.125,166,0.88,6.2475,1037.09,MB,2h,train,0.525,267
3.0,0.167,166,0.855,8.3067,1378.91,MB,2h,train,0.525,267
3.0,0.25,166,0.819,8.8092,1462.32,MB,2h,train,0.525,267
3.0,0.5,166,0.705,8.0164,1330.72,MB,2h,train,0.525,267
3.0,1.0,166,0.62,7.1276,1183.18,MB,2h,train,0.525,267
3.0,2.0,166,0.488,3.3867,562.19,MB,2h,train,0.525,267
3.0,5.0,166,0.428,-2.874,-477.08,MB,2h,train,0.525,267
4.0,0.083,166,0.849,3.4268,568.85,MB,2h,train,0.525,267
4.0,0.125,166,0.88,6.2475,1037.09,MB,2h,train,0.525,267
4.0,0.167,166,0.855,8.2489,1369.32,MB,2h,train,0.525,267
4.0,0.25,166,0.819,8.7377,1450.46,MB,2h,train,0.525,267
4.0,0.5,166,0.699,7.8833,1308.62,MB,2h,train,0.525,267
4.0,1.0,166,0.584,7.2309,1200.32,MB,2h,train,0.525,267
4.0,2.0,166,0.434,3.1023,514.98,MB,2h,train,0.525,267
4.0,5.0,166,0.367,-3.0614,-508.19,MB,2h,train,0.525,267
5.0,0.083,166,0.849,3.4268,568.85,MB,2h,train,0.525,267
5.0,0.125,166,0.88,6.2475,1037.09,MB,2h,train,0.525,267
5.0,0.167,166,0.855,8.2489,1369.32,MB,2h,train,0.525,267
5.0,0.25,166,0.819,8.7405,1450.93,MB,2h,train,0.525,267
5.0,0.5,166,0.699,7.8719,1306.74,MB,2h,train,0.525,267
5.0,1.0,166,0.578,7.3892,1226.61,MB,2h,train,0.525,267
5.0,2.0,166,0.428,3.7761,626.84,MB,2h,train,0.525,267
5.0,5.0,166,0.355,-2.4614,-408.59,MB,2h,train,0.525,267
7.0,0.083,166,0.849,3.4268,568.85,MB,2h,train,0.525,267
7.0,0.125,166,0.88,6.2475,1037.09,MB,2h,train,0.525,267
7.0,0.167,166,0.855,8.2504,1369.56,MB,2h,train,0.525,267
7.0,0.25,166,0.819,8.7487,1452.29,MB,2h,train,0.525,267
7.0,0.5,166,0.699,7.9035,1311.99,MB,2h,train,0.525,267
7.0,1.0,166,0.572,7.0471,1169.82,MB,2h,train,0.525,267
7.0,2.0,166,0.41,3.7033,614.75,MB,2h,train,0.525,267
7.0,5.0,166,0.319,-2.8574,-474.32,MB,2h,train,0.525,267
10.0,0.083,166,0.849,3.4268,568.85,MB,2h,train,0.525,267
10.0,0.125,166,0.88,6.2475,1037.09,MB,2h,train,0.525,267
10.0,0.167,166,0.855,8.2504,1369.56,MB,2h,train,0.525,267
10.0,0.25,166,0.819,8.7492,1452.37,MB,2h,train,0.525,267
10.0,0.5,166,0.699,7.923,1315.22,MB,2h,train,0.525,267
10.0,1.0,166,0.572,7.1258,1182.89,MB,2h,train,0.525,267
10.0,2.0,166,0.404,3.8322,636.15,MB,2h,train,0.525,267
10.0,5.0,166,0.313,-2.144,-355.9,MB,2h,train,0.525,267
2.0,0.083,169,0.822,3.3486,565.92,MB,2h,train,0.55,267
2.0,0.125,169,0.858,5.6191,949.62,MB,2h,train,0.55,267
2.0,0.167,169,0.846,7.2131,1219.02,MB,2h,train,0.55,267
2.0,0.25,169,0.793,7.6222,1288.16,MB,2h,train,0.55,267
2.0,0.5,169,0.734,7.7194,1304.58,MB,2h,train,0.55,267
2.0,1.0,169,0.639,5.7516,972.01,MB,2h,train,0.55,267
2.0,2.0,169,0.533,2.684,453.6,MB,2h,train,0.55,267
2.0,5.0,169,0.479,-2.472,-417.76,MB,2h,train,0.55,267
3.0,0.083,169,0.822,3.3486,565.92,MB,2h,train,0.55,267
3.0,0.125,169,0.858,5.6191,949.62,MB,2h,train,0.55,267
3.0,0.167,169,0.84,7.2757,1229.59,MB,2h,train,0.55,267
3.0,0.25,169,0.781,7.8159,1320.89,MB,2h,train,0.55,267
3.0,0.5,169,0.692,7.2602,1226.98,MB,2h,train,0.55,267
3.0,1.0,169,0.574,5.405,913.45,MB,2h,train,0.55,267
3.0,2.0,169,0.456,2.2158,374.46,MB,2h,train,0.55,267
3.0,5.0,169,0.402,-3.9001,-659.11,MB,2h,train,0.55,267
4.0,0.083,169,0.822,3.3486,565.92,MB,2h,train,0.55,267
4.0,0.125,169,0.858,5.6191,949.62,MB,2h,train,0.55,267
4.0,0.167,169,0.84,7.2552,1226.13,MB,2h,train,0.55,267
4.0,0.25,169,0.781,7.79,1316.5,MB,2h,train,0.55,267
4.0,0.5,169,0.686,7.2453,1224.46,MB,2h,train,0.55,267
4.0,1.0,169,0.538,5.5647,940.43,MB,2h,train,0.55,267
4.0,2.0,169,0.426,2.6278,444.1,MB,2h,train,0.55,267
4.0,5.0,169,0.355,-3.4128,-576.76,MB,2h,train,0.55,267
5.0,0.083,169,0.822,3.3486,565.92,MB,2h,train,0.55,267
5.0,0.125,169,0.858,5.6191,949.62,MB,2h,train,0.55,267
5.0,0.167,169,0.84,7.2552,1226.14,MB,2h,train,0.55,267
5.0,0.25,169,0.781,7.7906,1316.61,MB,2h,train,0.55,267
5.0,0.5,169,0.686,7.2662,1227.98,MB,2h,train,0.55,267
5.0,1.0,169,0.538,5.7757,976.1,MB,2h,train,0.55,267
5.0,2.0,169,0.42,2.7675,467.71,MB,2h,train,0.55,267
5.0,5.0,169,0.349,-3.3985,-574.35,MB,2h,train,0.55,267
7.0,0.083,169,0.822,3.3486,565.92,MB,2h,train,0.55,267
7.0,0.125,169,0.858,5.6191,949.62,MB,2h,train,0.55,267
7.0,0.167,169,0.84,7.2566,1226.36,MB,2h,train,0.55,267
7.0,0.25,169,0.781,7.8004,1318.26,MB,2h,train,0.55,267
7.0,0.5,169,0.686,7.2687,1228.41,MB,2h,train,0.55,267
7.0,1.0,169,0.527,5.426,917.0,MB,2h,train,0.55,267
7.0,2.0,169,0.402,2.6734,451.8,MB,2h,train,0.55,267
7.0,5.0,169,0.308,-3.9926,-674.75,MB,2h,train,0.55,267
10.0,0.083,169,0.822,3.3486,565.92,MB,2h,train,0.55,267
10.0,0.125,169,0.858,5.6191,949.62,MB,2h,train,0.55,267
10.0,0.167,169,0.84,7.2566,1226.37,MB,2h,train,0.55,267
10.0,0.25,169,0.781,7.8019,1318.52,MB,2h,train,0.55,267
10.0,0.5,169,0.686,7.3,1233.7,MB,2h,train,0.55,267
10.0,1.0,169,0.527,5.5383,935.97,MB,2h,train,0.55,267
10.0,2.0,169,0.396,2.8772,486.25,MB,2h,train,0.55,267
10.0,5.0,169,0.302,-3.4262,-579.03,MB,2h,train,0.55,267
2.0,0.083,169,0.828,3.2962,557.06,MB,2h,train,0.575,267
2.0,0.125,169,0.834,5.3176,898.67,MB,2h,train,0.575,267
2.0,0.167,169,0.828,6.8712,1161.24,MB,2h,train,0.575,267
2.0,0.25,169,0.769,6.905,1166.94,MB,2h,train,0.575,267
2.0,0.5,169,0.704,7.3374,1240.02,MB,2h,train,0.575,267
2.0,1.0,169,0.609,5.2034,879.37,MB,2h,train,0.575,267
2.0,2.0,169,0.515,2.0153,340.59,MB,2h,train,0.575,267
2.0,5.0,169,0.456,-2.8652,-484.23,MB,2h,train,0.575,267
3.0,0.083,169,0.828,3.2962,557.06,MB,2h,train,0.575,267
3.0,0.125,169,0.834,5.3176,898.67,MB,2h,train,0.575,267
3.0,0.167,169,0.822,6.9685,1177.68,MB,2h,train,0.575,267
3.0,0.25,169,0.751,7.0406,1189.87,MB,2h,train,0.575,267
3.0,0.5,169,0.663,7.0368,1189.21,MB,2h,train,0.575,267
3.0,1.0,169,0.55,4.9101,829.8,MB,2h,train,0.575,267
3.0,2.0,169,0.45,1.4911,252.0,MB,2h,train,0.575,267
3.0,5.0,169,0.396,-3.9327,-664.62,MB,2h,train,0.575,267
4.0,0.083,169,0.828,3.2962,557.06,MB,2h,train,0.575,267
4.0,0.125,169,0.834,5.3176,898.67,MB,2h,train,0.575,267
4.0,0.167,169,0.822,6.9669,1177.41,MB,2h,train,0.575,267
4.0,0.25,169,0.751,7.0442,1190.47,MB,2h,train,0.575,267
4.0,0.5,169,0.657,7.0254,1187.29,MB,2h,train,0.575,267
4.0,1.0,169,0.515,4.9892,843.18,MB,2h,train,0.575,267
4.0,2.0,169,0.42,1.9242,325.19,MB,2h,train,0.575,267
4.0,5.0,169,0.355,-3.9746,-671.7,MB,2h,train,0.575,267
5.0,0.083,169,0.828,3.2962,557.06,MB,2h,train,0.575,267
5.0,0.125,169,0.834,5.3176,898.67,MB,2h,train,0.575,267
5.0,0.167,169,0.822,6.9686,1177.7,MB,2h,train,0.575,267
5.0,0.25,169,0.751,7.055,1192.3,MB,2h,train,0.575,267
5.0,0.5,169,0.657,7.142,1207.0,MB,2h,train,0.575,267
5.0,1.0,169,0.509,5.1098,863.56,MB,2h,train,0.575,267
5.0,2.0,169,0.408,1.8884,319.15,MB,2h,train,0.575,267
5.0,5.0,169,0.343,-4.152,-701.7,MB,2h,train,0.575,267
7.0,0.083,169,0.828,3.2962,557.06,MB,2h,train,0.575,267
7.0,0.125,169,0.834,5.3176,898.67,MB,2h,train,0.575,267
7.0,0.167,169,0.822,6.9699,1177.91,MB,2h,train,0.575,267
7.0,0.25,169,0.751,7.065,1193.98,MB,2h,train,0.575,267
7.0,0.5,169,0.657,7.1615,1210.29,MB,2h,train,0.575,267
7.0,1.0,169,0.497,4.9206,831.58,MB,2h,train,0.575,267
7.0,2.0,169,0.391,2.0976,354.5,MB,2h,train,0.575,267
7.0,5.0,169,0.308,-4.4034,-744.17,MB,2h,train,0.575,267
10.0,0.083,169,0.828,3.2962,557.06,MB,2h,train,0.575,267
10.0,0.125,169,0.834,5.3176,898.67,MB,2h,train,0.575,267
10.0,0.167,169,0.822,6.97,1177.92,MB,2h,train,0.575,267
10.0,0.25,169,0.751,7.0664,1194.22,MB,2h,train,0.575,267
10.0,0.5,169,0.657,7.184,1214.1,MB,2h,train,0.575,267
10.0,1.0,169,0.497,5.0112,846.89,MB,2h,train,0.575,267
10.0,2.0,169,0.385,2.2696,383.56,MB,2h,train,0.575,267
10.0,5.0,169,0.302,-3.9404,-665.93,MB,2h,train,0.575,267
2.0,0.083,168,0.869,3.5531,596.92,MB,2h,train,0.6,267
2.0,0.125,168,0.833,5.5004,924.07,MB,2h,train,0.6,267
2.0,0.167,168,0.839,7.2352,1215.51,MB,2h,train,0.6,267
2.0,0.25,168,0.78,7.1294,1197.74,MB,2h,train,0.6,267
2.0,0.5,168,0.72,7.3579,1236.13,MB,2h,train,0.6,267
2.0,1.0,168,0.625,5.0147,842.48,MB,2h,train,0.6,267
2.0,2.0,168,0.524,1.9676,330.56,MB,2h,train,0.6,267
2.0,5.0,168,0.446,-2.9372,-493.46,MB,2h,train,0.6,267
3.0,0.083,168,0.869,3.5531,596.92,MB,2h,train,0.6,267
3.0,0.125,168,0.833,5.5004,924.07,MB,2h,train,0.6,267
3.0,0.167,168,0.833,7.3967,1242.64,MB,2h,train,0.6,267
3.0,0.25,168,0.762,7.4148,1245.68,MB,2h,train,0.6,267
3.0,0.5,168,0.685,7.4808,1256.77,MB,2h,train,0.6,267
3.0,1.0,168,0.571,5.226,877.97,MB,2h,train,0.6,267
3.0,2.0,168,0.464,1.9851,333.5,MB,2h,train,0.6,267
3.0,5.0,168,0.411,-3.2958,-553.69,MB,2h,train,0.6,267
4.0,0.083,168,0.869,3.5531,596.92,MB,2h,train,0.6,267
4.0,0.125,168,0.833,5.5004,924.07,MB,2h,train,0.6,267
4.0,0.167,168,0.833,7.4162,1245.92,MB,2h,train,0.6,267
4.0,0.25,168,0.762,7.4689,1254.77,MB,2h,train,0.6,267
4.0,0.5,168,0.673,7.5117,1261.96,MB,2h,train,0.6,267
4.0,1.0,168,0.536,5.5637,934.7,MB,2h,train,0.6,267
4.0,2.0,168,0.435,2.687,451.42,MB,2h,train,0.6,267
4.0,5.0,168,0.363,-3.5216,-591.63,MB,2h,train,0.6,267
5.0,0.083,168,0.869,3.5531,596.92,MB,2h,train,0.6,267
5.0,0.125,168,0.833,5.5004,924.07,MB,2h,train,0.6,267
5.0,0.167,168,0.833,7.4189,1246.37,MB,2h,train,0.6,267
5.0,0.25,168,0.762,7.4871,1257.84,MB,2h,train,0.6,267
5.0,0.5,168,0.673,7.5215,1263.6,MB,2h,train,0.6,267
5.0,1.0,168,0.53,5.563,934.58,MB,2h,train,0.6,267
5.0,2.0,168,0.417,2.5023,420.38,MB,2h,train,0.6,267
5.0,5.0,168,0.339,-3.612,-606.81,MB,2h,train,0.6,267
7.0,0.083,168,0.869,3.5531,596.92,MB,2h,train,0.6,267
7.0,0.125,168,0.833,5.5004,924.07,MB,2h,train,0.6,267
7.0,0.167,168,0.833,7.4201,1246.58,MB,2h,train,0.6,267
7.0,0.25,168,0.762,7.4954,1259.24,MB,2h,train,0.6,267
7.0,0.5,168,0.673,7.5361,1266.06,MB,2h,train,0.6,267
7.0,1.0,168,0.524,5.4579,916.94,MB,2h,train,0.6,267
7.0,2.0,168,0.399,2.913,489.39,MB,2h,train,0.6,267
7.0,5.0,168,0.31,-3.7232,-625.5,MB,2h,train,0.6,267
10.0,0.083,168,0.869,3.5531,596.92,MB,2h,train,0.6,267
10.0,0.125,168,0.833,5.5004,924.07,MB,2h,train,0.6,267
10.0,0.167,168,0.833,7.4202,1246.59,MB,2h,train,0.6,267
10.0,0.25,168,0.762,7.4968,1259.47,MB,2h,train,0.6,267
10.0,0.5,168,0.673,7.5584,1269.82,MB,2h,train,0.6,267
10.0,1.0,168,0.524,5.5041,924.68,MB,2h,train,0.6,267
10.0,2.0,168,0.393,2.9904,502.39,MB,2h,train,0.6,267
10.0,5.0,168,0.298,-3.084,-518.12,MB,2h,train,0.6,267
2.0,0.083,166,0.861,3.7482,622.21,MB,2h,train,0.625,267
2.0,0.125,166,0.831,5.3255,884.03,MB,2h,train,0.625,267
2.0,0.167,166,0.843,7.4613,1238.58,MB,2h,train,0.625,267
2.0,0.25,166,0.777,7.0648,1172.76,MB,2h,train,0.625,267
2.0,0.5,166,0.711,7.2116,1197.13,MB,2h,train,0.625,267
2.0,1.0,166,0.596,4.6658,774.52,MB,2h,train,0.625,267
2.0,2.0,166,0.536,2.2974,381.36,MB,2h,train,0.625,267
2.0,5.0,166,0.464,-2.5325,-420.39,MB,2h,train,0.625,267
3.0,0.083,166,0.861,3.7482,622.21,MB,2h,train,0.625,267
3.0,0.125,166,0.831,5.3255,884.03,MB,2h,train,0.625,267
3.0,0.167,166,0.837,7.6119,1263.58,MB,2h,train,0.625,267
3.0,0.25,166,0.765,7.4469,1236.18,MB,2h,train,0.625,267
3.0,0.5,166,0.699,7.9185,1314.48,MB,2h,train,0.625,267
3.0,1.0,166,0.554,5.4758,908.99,MB,2h,train,0.625,267
3.0,2.0,166,0.482,2.7017,448.47,MB,2h,train,0.625,267
3.0,5.0,166,0.422,-2.9241,-485.4,MB,2h,train,0.625,267
4.0,0.083,166,0.861,3.7482,622.21,MB,2h,train,0.625,267
4.0,0.125,166,0.831,5.3255,884.03,MB,2h,train,0.625,267
4.0,0.167,166,0.837,7.7243,1282.24,MB,2h,train,0.625,267
4.0,0.25,166,0.759,7.6021,1261.95,MB,2h,train,0.625,267
4.0,0.5,166,0.687,7.8059,1295.77,MB,2h,train,0.625,267
4.0,1.0,166,0.524,5.6607,939.68,MB,2h,train,0.625,267
4.0,2.0,166,0.452,3.001,498.17,MB,2h,train,0.625,267
4.0,5.0,166,0.373,-3.4645,-575.11,MB,2h,train,0.625,267
5.0,0.083,166,0.861,3.7482,622.21,MB,2h,train,0.625,267
5.0,0.125,166,0.831,5.3255,884.03,MB,2h,train,0.625,267
5.0,0.167,166,0.837,7.7329,1283.66,MB,2h,train,0.625,267
5.0,0.25,166,0.759,7.6416,1268.5,MB,2h,train,0.625,267
5.0,0.5,166,0.687,7.8658,1305.73,MB,2h,train,0.625,267
5.0,1.0,166,0.512,5.8329,968.27,MB,2h,train,0.625,267
5.0,2.0,166,0.434,3.6109,599.41,MB,2h,train,0.625,267
5.0,5.0,166,0.349,-2.7818,-461.77,MB,2h,train,0.625,267
7.0,0.083,166,0.861,3.7482,622.21,MB,2h,train,0.625,267
7.0,0.125,166,0.831,5.3255,884.03,MB,2h,train,0.625,267
7.0,0.167,166,0.837,7.7342,1283.88,MB,2h,train,0.625,267
7.0,0.25,166,0.759,7.6517,1270.19,MB,2h,train,0.625,267
7.0,0.5,166,0.687,7.9076,1312.66,MB,2h,train,0.625,267
7.0,1.0,166,0.506,5.8683,974.14,MB,2h,train,0.625,267
7.0,2.0,166,0.41,3.4285,569.14,MB,2h,train,0.625,267
7.0,5.0,166,0.301,-3.6489,-605.73,MB,2h,train,0.625,267
10.0,0.083,166,0.861,3.7482,622.21,MB,2h,train,0.625,267
10.0,0.125,166,0.831,5.3255,884.03,MB,2h,train,0.625,267
10.0,0.167,166,0.837,7.7342,1283.88,MB,2h,train,0.625,267
10.0,0.25,166,0.759,7.6533,1270.45,MB,2h,train,0.625,267
10.0,0.5,166,0.687,7.9357,1317.33,MB,2h,train,0.625,267
10.0,1.0,166,0.506,5.9058,980.37,MB,2h,train,0.625,267
10.0,2.0,166,0.404,3.5734,593.18,MB,2h,train,0.625,267
10.0,5.0,166,0.289,-3.0455,-505.55,MB,2h,train,0.625,267
2.0,0.083,164,0.86,3.8474,630.97,MB,2h,train,0.65,267
2.0,0.125,164,0.835,5.3211,872.66,MB,2h,train,0.65,267
2.0,0.167,164,0.848,7.3999,1213.59,MB,2h,train,0.65,267
2.0,0.25,164,0.787,6.6804,1095.58,MB,2h,train,0.65,267
2.0,0.5,164,0.707,6.3975,1049.19,MB,2h,train,0.65,267
2.0,1.0,164,0.616,3.8186,626.25,MB,2h,train,0.65,267
2.0,2.0,164,0.524,1.3367,219.21,MB,2h,train,0.65,267
2.0,5.0,164,0.421,-3.4737,-569.69,MB,2h,train,0.65,267
3.0,0.083,164,0.86,3.8474,630.97,MB,2h,train,0.65,267
3.0,0.125,164,0.835,5.3211,872.66,MB,2h,train,0.65,267
3.0,0.167,164,0.841,7.6445,1253.69,MB,2h,train,0.65,267
3.0,0.25,164,0.787,7.4704,1225.14,MB,2h,train,0.65,267
3.0,0.5,164,0.713,7.631,1251.49,MB,2h,train,0.65,267
3.0,1.0,164,0.585,5.4146,887.99,MB,2h,train,0.65,267
3.0,2.0,164,0.494,2.6318,431.62,MB,2h,train,0.65,267
3.0,5.0,164,0.421,-2.697,-442.31,MB,2h,train,0.65,267
4.0,0.083,164,0.86,3.8474,630.97,MB,2h,train,0.65,267
4.0,0.125,164,0.835,5.3211,872.66,MB,2h,train,0.65,267
4.0,0.167,164,0.841,7.7636,1273.23,MB,2h,train,0.65,267
4.0,0.25,164,0.78,7.646,1253.95,MB,2h,train,0.65,267
4.0,0.5,164,0.701,7.7155,1265.34,MB,2h,train,0.65,267
4.0,1.0,164,0.537,5.2439,860.0,MB,2h,train,0.65,267
4.0,2.0,164,0.445,2.3969,393.09,MB,2h,train,0.65,267
4.0,5.0,164,0.36,-4.0244,-660.01,MB,2h,train,0.65,267
5.0,0.083,164,0.86,3.8474,630.97,MB,2h,train,0.65,267
5.0,0.125,164,0.835,5.3211,872.66,MB,2h,train,0.65,267
5.0,0.167,164,0.841,7.7717,1274.56,MB,2h,train,0.65,267
5.0,0.25,164,0.78,7.6939,1261.8,MB,2h,train,0.65,267
5.0,0.5,164,0.701,7.8819,1292.63,MB,2h,train,0.65,267
5.0,1.0,164,0.524,5.5762,914.5,MB,2h,train,0.65,267
5.0,2.0,164,0.421,3.1455,515.87,MB,2h,train,0.65,267
5.0,5.0,164,0.335,-3.2414,-531.6,MB,2h,train,0.65,267
7.0,0.083,164,0.86,3.8474,630.97,MB,2h,train,0.65,267
7.0,0.125,164,0.835,5.3211,872.66,MB,2h,train,0.65,267
7.0,0.167,164,0.841,7.7719,1274.59,MB,2h,train,0.65,267
7.0,0.25,164,0.78,7.6968,1262.27,MB,2h,train,0.65,267
7.0,0.5,164,0.701,7.8788,1292.13,MB,2h,train,0.65,267
7.0,1.0,164,0.518,5.575,914.3,MB,2h,train,0.65,267
7.0,2.0,164,0.396,2.9856,489.63,MB,2h,train,0.65,267
7.0,5.0,164,0.287,-4.243,-695.85,MB,2h,train,0.65,267
10.0,0.083,164,0.86,3.8474,630.97,MB,2h,train,0.65,267
10.0,0.125,164,0.835,5.3211,872.66,MB,2h,train,0.65,267
10.0,0.167,164,0.841,7.7731,1274.78,MB,2h,train,0.65,267
10.0,0.25,164,0.78,7.7054,1263.68,MB,2h,train,0.65,267
10.0,0.5,164,0.701,7.925,1299.7,MB,2h,train,0.65,267
10.0,1.0,164,0.518,5.6172,921.21,MB,2h,train,0.65,267
10.0,2.0,164,0.39,3.0959,507.72,MB,2h,train,0.65,267
10.0,5.0,164,0.268,-3.8307,-628.23,MB,2h,train,0.65,267
2.0,0.083,164,0.835,3.8216,626.74,MB,2h,train,0.675,267
2.0,0.125,164,0.841,5.3635,879.61,MB,2h,train,0.675,267
2.0,0.167,164,0.841,7.2451,1188.2,MB,2h,train,0.675,267
2.0,0.25,164,0.793,6.6959,1098.12,MB,2h,train,0.675,267
2.0,0.5,164,0.72,6.376,1045.67,MB,2h,train,0.675,267
2.0,1.0,164,0.628,3.6762,602.9,MB,2h,train,0.675,267
2.0,2.0,164,0.53,0.9938,162.98,MB,2h,train,0.675,267
2.0,5.0,164,0.421,-3.653,-599.09,MB,2h,train,0.675,267
3.0,0.083,164,0.835,3.8216,626.74,MB,2h,train,0.675,267
3.0,0.125,164,0.841,5.3635,879.61,MB,2h,train,0.675,267
3.0,0.167,164,0.835,7.4716,1225.34,MB,2h,train,0.675,267
3.0,0.25,164,0.787,7.5456,1237.47,MB,2h,train,0.675,267
3.0,0.5,164,0.72,7.8691,1290.54,MB,2h,train,0.675,267
3.0,1.0,164,0.616,5.607,919.54,MB,2h,train,0.675,267
3.0,2.0,164,0.518,3.16,518.24,MB,2h,train,0.675,267
3.0,5.0,164,0.445,-2.0972,-343.94,MB,2h,train,0.675,267
4.0,0.083,164,0.835,3.8216,626.74,MB,2h,train,0.675,267
4.0,0.125,164,0.841,5.3635,879.61,MB,2h,train,0.675,267
4.0,0.167,164,0.835,7.5685,1241.23,MB,2h,train,0.675,267
4.0,0.25,164,0.78,7.6797,1259.48,MB,2h,train,0.675,267
4.0,0.5,164,0.707,7.8216,1282.75,MB,2h,train,0.675,267
4.0,1.0,164,0.573,5.2292,857.58,MB,2h,train,0.675,267
4.0,2.0,164,0.457,2.4733,405.62,MB,2h,train,0.675,267
4.0,5.0,164,0.36,-3.1695,-519.8,MB,2h,train,0.675,267
5.0,0.083,164,0.835,3.8216,626.74,MB,2h,train,0.675,267
5.0,0.125,164,0.841,5.3635,879.61,MB,2h,train,0.675,267
5.0,0.167,164,0.835,7.6108,1248.17,MB,2h,train,0.675,267
5.0,0.25,164,0.78,7.7932,1278.09,MB,2h,train,0.675,267
5.0,0.5,164,0.707,8.0694,1323.38,MB,2h,train,0.675,267
5.0,1.0,164,0.555,5.6269,922.81,MB,2h,train,0.675,267
5.0,2.0,164,0.427,3.1965,524.23,MB,2h,train,0.675,267
5.0,5.0,164,0.329,-3.1749,-520.69,MB,2h,train,0.675,267
7.0,0.083,164,0.835,3.8216,626.74,MB,2h,train,0.675,267
7.0,0.125,164,0.841,5.3635,879.61,MB,2h,train,0.675,267
7.0,0.167,164,0.835,7.612,1248.37,MB,2h,train,0.675,267
7.0,0.25,164,0.78,7.8047,1279.98,MB,2h,train,0.675,267
7.0,0.5,164,0.707,8.1824,1341.91,MB,2h,train,0.675,267
7.0,1.0,164,0.549,5.9282,972.23,MB,2h,train,0.675,267
7.0,2.0,164,0.415,3.3713,552.9,MB,2h,train,0.675,267
7.0,5.0,164,0.305,-2.8177,-462.1,MB,2h,train,0.675,267
10.0,0.083,164,0.835,3.8216,626.74,MB,2h,train,0.675,267
10.0,0.125,164,0.841,5.3635,879.61,MB,2h,train,0.675,267
10.0,0.167,164,0.835,7.6131,1248.55,MB,2h,train,0.675,267
10.0,0.25,164,0.78,7.8118,1281.14,MB,2h,train,0.675,267
10.0,0.5,164,0.707,8.1831,1342.04,MB,2h,train,0.675,267
10.0,1.0,164,0.549,5.6602,928.27,MB,2h,train,0.675,267
10.0,2.0,164,0.396,3.376,553.67,MB,2h,train,0.675,267
10.0,5.0,164,0.274,-2.721,-446.25,MB,2h,train,0.675,267
2.0,0.083,159,0.874,3.8074,605.37,MB,2h,train,0.7,267
2.0,0.125,159,0.868,5.9556,946.95,MB,2h,train,0.7,267
2.0,0.167,159,0.849,7.6252,1212.41,MB,2h,train,0.7,267
2.0,0.25,159,0.836,7.8608,1249.87,MB,2h,train,0.7,267
2.0,0.5,159,0.748,6.9839,1110.44,MB,2h,train,0.7,267
2.0,1.0,159,0.654,4.2844,681.21,MB,2h,train,0.7,267
2.0,2.0,159,0.572,1.8929,300.98,MB,2h,train,0.7,267
2.0,5.0,159,0.434,-2.6859,-427.05,MB,2h,train,0.7,267
3.0,0.083,159,0.874,3.8074,605.37,MB,2h,train,0.7,267
3.0,0.125,159,0.868,5.9556,946.95,MB,2h,train,0.7,267
3.0,0.167,159,0.843,7.9882,1270.12,MB,2h,train,0.7,267
3.0,0.25,159,0.824,8.7011,1383.47,MB,2h,train,0.7,267
3.0,0.5,159,0.73,8.3712,1331.02,MB,2h,train,0.7,267
3.0,1.0,159,0.616,5.2218,830.26,MB,2h,train,0.7,267
3.0,2.0,159,0.522,2.9342,466.53,MB,2h,train,0.7,267
3.0,5.0,159,0.447,-1.977,-314.34,MB,2h,train,0.7,267
4.0,0.083,159,0.874,3.8074,605.37,MB,2h,train,0.7,267
4.0,0.125,159,0.868,5.9556,946.95,MB,2h,train,0.7,267
4.0,0.167,159,0.843,8.0858,1285.64,MB,2h,train,0.7,267
4.0,0.25,159,0.818,8.8195,1402.31,MB,2h,train,0.7,267
4.0,0.5,159,0.723,8.8486,1406.93,MB,2h,train,0.7,267
4.0,1.0,159,0.572,5.0365,800.8,MB,2h,train,0.7,267
4.0,2.0,159,0.459,2.3349,371.24,MB,2h,train,0.7,267
4.0,5.0,159,0.371,-2.914,-463.32,MB,2h,train,0.7,267
5.0,0.083,159,0.874,3.8074,605.37,MB,2h,train,0.7,267
5.0,0.125,159,0.868,5.9556,946.95,MB,2h,train,0.7,267
5.0,0.167,159,0.843,8.1343,1293.36,MB,2h,train,0.7,267
5.0,0.25,159,0.818,8.9622,1424.99,MB,2h,train,0.7,267
5.0,0.5,159,0.717,8.661,1377.1,MB,2h,train,0.7,267
5.0,1.0,159,0.553,5.0167,797.66,MB,2h,train,0.7,267
5.0,2.0,159,0.428,2.3075,366.9,MB,2h,train,0.7,267
5.0,5.0,159,0.327,-3.6278,-576.83,MB,2h,train,0.7,267
7.0,0.083,159,0.874,3.8074,605.37,MB,2h,train,0.7,267
7.0,0.125,159,0.868,5.9556,946.95,MB,2h,train,0.7,267
7.0,0.167,159,0.843,8.1364,1293.68,MB,2h,train,0.7,267
7.0,0.25,159,0.818,8.9844,1428.52,MB,2h,train,0.7,267
7.0,0.5,159,0.717,8.7752,1395.25,MB,2h,train,0.7,267
7.0,1.0,159,0.547,5.515,876.88,MB,2h,train,0.7,267
7.0,2.0,159,0.409,2.556,406.41,MB,2h,train,0.7,267
7.0,5.0,159,0.296,-3.2512,-516.94,MB,2h,train,0.7,267
10.0,0.083,159,0.874,3.8074,605.37,MB,2h,train,0.7,267
10.0,0.125,159,0.868,5.9556,946.95,MB,2h,train,0.7,267
10.0,0.167,159,0.843,8.1374,1293.85,MB,2h,train,0.7,267
10.0,0.25,159,0.818,8.9918,1429.69,MB,2h,train,0.7,267
10.0,0.5,159,0.717,8.79,1397.61,MB,2h,train,0.7,267
10.0,1.0,159,0.547,5.3561,851.61,MB,2h,train,0.7,267
10.0,2.0,159,0.39,2.8135,447.34,MB,2h,train,0.7,267
10.0,5.0,159,0.264,-2.8797,-457.88,MB,2h,train,0.7,267
2.0,0.083,70,0.857,5.3229,372.6,MB,2h,validation,0.3,87
2.0,0.125,70,0.9,7.2271,505.9,MB,2h,validation,0.3,87
2.0,0.167,70,0.914,9.6062,672.44,MB,2h,validation,0.3,87
2.0,0.25,70,0.886,11.8118,826.82,MB,2h,validation,0.3,87
2.0,0.5,70,0.7,7.9807,558.65,MB,2h,validation,0.3,87
2.0,1.0,70,0.614,3.1044,217.31,MB,2h,validation,0.3,87
2.0,2.0,70,0.529,1.0261,71.83,MB,2h,validation,0.3,87
2.0,5.0,70,0.457,-3.1935,-223.54,MB,2h,validation,0.3,87
3.0,0.083,70,0.857,5.3229,372.6,MB,2h,validation,0.3,87
3.0,0.125,70,0.9,7.2271,505.9,MB,2h,validation,0.3,87
3.0,0.167,70,0.914,9.6075,672.53,MB,2h,validation,0.3,87
3.0,0.25,70,0.886,11.8295,828.07,MB,2h,validation,0.3,87
3.0,0.5,70,0.7,8.5307,597.15,MB,2h,validation,0.3,87
3.0,1.0,70,0.586,3.1096,217.67,MB,2h,validation,0.3,87
3.0,2.0,70,0.5,2.8471,199.3,MB,2h,validation,0.3,87
3.0,5.0,70,0.386,-4.2636,-298.45,MB,2h,validation,0.3,87
4.0,0.083,70,0.857,5.3229,372.6,MB,2h,validation,0.3,87
4.0,0.125,70,0.9,7.2271,505.9,MB,2h,validation,0.3,87
4.0,0.167,70,0.914,9.6154,673.08,MB,2h,validation,0.3,87
4.0,0.25,70,0.886,11.9141,833.99,MB,2h,validation,0.3,87
4.0,0.5,70,0.7,9.0228,631.59,MB,2h,validation,0.3,87
4.0,1.0,70,0.571,4.0822,285.75,MB,2h,validation,0.3,87
4.0,2.0,70,0.486,4.4821,313.75,MB,2h,validation,0.3,87
4.0,5.0,70,0.357,-1.1895,-83.26,MB,2h,validation,0.3,87
5.0,0.083,70,0.857,5.3229,372.6,MB,2h,validation,0.3,87
5.0,0.125,70,0.9,7.2271,505.9,MB,2h,validation,0.3,87
5.0,0.167,70,0.914,9.6154,673.08,MB,2h,validation,0.3,87
5.0,0.25,70,0.886,11.9143,834.0,MB,2h,validation,0.3,87
5.0,0.5,70,0.7,9.0729,635.11,MB,2h,validation,0.3,87
5.0,1.0,70,0.571,4.3735,306.14,MB,2h,validation,0.3,87
5.0,2.0,70,0.486,5.2095,364.67,MB,2h,validation,0.3,87
5.0,5.0,70,0.357,0.754,52.78,MB,2h,validation,0.3,87
7.0,0.083,70,0.857,5.3229,372.6,MB,2h,validation,0.3,87
7.0,0.125,70,0.9,7.2271,505.9,MB,2h,validation,0.3,87
7.0,0.167,70,0.914,9.6154,673.08,MB,2h,validation,0.3,87
7.0,0.25,70,0.886,11.9143,834.0,MB,2h,validation,0.3,87
7.0,0.5,70,0.7,9.0805,635.64,MB,2h,validation,0.3,87
7.0,1.0,70,0.557,3.8387,268.71,MB,2h,validation,0.3,87
7.0,2.0,70,0.471,5.1462,360.24,MB,2h,validation,0.3,87
7.0,5.0,70,0.329,-0.2424,-16.97,MB,2h,validation,0.3,87
10.0,0.083,70,0.857,5.3229,372.6,MB,2h,validation,0.3,87
10.0,0.125,70,0.9,7.2271,505.9,MB,2h,validation,0.3,87
10.0,0.167,70,0.914,9.6154,673.08,MB,2h,validation,0.3,87
10.0,0.25,70,0.886,11.9143,834.0,MB,2h,validation,0.3,87
10.0,0.5,70,0.7,9.0805,635.64,MB,2h,validation,0.3,87
10.0,1.0,70,0.557,3.9187,274.31,MB,2h,validation,0.3,87
10.0,2.0,70,0.471,5.665,396.55,MB,2h,validation,0.3,87
10.0,5.0,70,0.329,-1.6358,-114.51,MB,2h,validation,0.3,87
2.0,0.083,71,0.887,5.2018,369.33,MB,2h,validation,0.325,87
2.0,0.125,71,0.873,6.5243,463.22,MB,2h,validation,0.325,87
2.0,0.167,71,0.887,8.1602,579.38,MB,2h,validation,0.325,87
2.0,0.25,71,0.859,10.6045,752.92,MB,2h,validation,0.325,87
2.0,0.5,71,0.718,7.6435,542.69,MB,2h,validation,0.325,87
2.0,1.0,71,0.592,1.5838,112.45,MB,2h,validation,0.325,87
2.0,2.0,71,0.535,0.7297,51.81,MB,2h,validation,0.325,87
2.0,5.0,71,0.451,-3.5628,-252.96,MB,2h,validation,0.325,87
3.0,0.083,71,0.887,5.2018,369.33,MB,2h,validation,0.325,87
3.0,0.125,71,0.873,6.5243,463.22,MB,2h,validation,0.325,87
3.0,0.167,71,0.887,8.2383,584.92,MB,2h,validation,0.325,87
3.0,0.25,71,0.859,10.7198,761.1,MB,2h,validation,0.325,87
3.0,0.5,71,0.718,8.0676,572.8,MB,2h,validation,0.325,87
3.0,1.0,71,0.577,1.8391,130.58,MB,2h,validation,0.325,87
3.0,2.0,71,0.507,1.4294,101.48,MB,2h,validation,0.325,87
3.0,5.0,71,0.394,-4.8529,-344.56,MB,2h,validation,0.325,87
4.0,0.083,71,0.887,5.2018,369.33,MB,2h,validation,0.325,87
4.0,0.125,71,0.873,6.5243,463.22,MB,2h,validation,0.325,87
4.0,0.167,71,0.887,8.2455,585.43,MB,2h,validation,0.325,87
4.0,0.25,71,0.859,10.8146,767.83,MB,2h,validation,0.325,87
4.0,0.5,71,0.718,8.6485,614.04,MB,2h,validation,0.325,87
4.0,1.0,71,0.549,2.4234,172.06,MB,2h,validation,0.325,87
4.0,2.0,71,0.479,3.1144,221.12,MB,2h,validation,0.325,87
4.0,5.0,71,0.366,-1.1802,-83.8,MB,2h,validation,0.325,87
5.0,0.083,71,0.887,5.2018,369.33,MB,2h,validation,0.325,87
5.0,0.125,71,0.873,6.5243,463.22,MB,2h,validation,0.325,87
5.0,0.167,71,0.887,8.2455,585.43,MB,2h,validation,0.325,87
5.0,0.25,71,0.859,10.8146,767.84,MB,2h,validation,0.325,87
5.0,0.5,71,0.718,8.6698,615.55,MB,2h,validation,0.325,87
5.0,1.0,71,0.549,2.5994,184.55,MB,2h,validation,0.325,87
5.0,2.0,71,0.479,3.2414,230.14,MB,2h,validation,0.325,87
5.0,5.0,71,0.352,-0.2378,-16.88,MB,2h,validation,0.325,87
7.0,0.083,71,0.887,5.2018,369.33,MB,2h,validation,0.325,87
7.0,0.125,71,0.873,6.5243,463.22,MB,2h,validation,0.325,87
7.0,0.167,71,0.887,8.2455,585.43,MB,2h,validation,0.325,87
7.0,0.25,71,0.859,10.8148,767.85,MB,2h,validation,0.325,87
7.0,0.5,71,0.718,8.7076,618.24,MB,2h,validation,0.325,87
7.0,1.0,71,0.549,2.8302,200.94,MB,2h,validation,0.325,87
7.0,2.0,71,0.479,4.1917,297.61,MB,2h,validation,0.325,87
7.0,5.0,71,0.338,-0.1512,-10.73,MB,2h,validation,0.325,87
10.0,0.083,71,0.887,5.2018,369.33,MB,2h,validation,0.325,87
10.0,0.125,71,0.873,6.5243,463.22,MB,2h,validation,0.325,87
10.0,0.167,71,0.887,8.2455,585.43,MB,2h,validation,0.325,87
10.0,0.25,71,0.859,10.8148,767.85,MB,2h,validation,0.325,87
10.0,0.5,71,0.718,8.7089,618.33,MB,2h,validation,0.325,87
10.0,1.0,71,0.535,2.3059,163.72,MB,2h,validation,0.325,87
10.0,2.0,71,0.465,3.9143,277.92,MB,2h,validation,0.325,87
10.0,5.0,71,0.324,-2.1598,-153.34,MB,2h,validation,0.325,87
2.0,0.083,72,0.917,5.3405,384.51,MB,2h,validation,0.35,87
2.0,0.125,72,0.875,7.0914,510.58,MB,2h,validation,0.35,87
2.0,0.167,72,0.875,7.8549,565.55,MB,2h,validation,0.35,87
2.0,0.25,72,0.833,8.983,646.78,MB,2h,validation,0.35,87
2.0,0.5,72,0.708,8.1939,589.96,MB,2h,validation,0.35,87
2.0,1.0,72,0.569,1.9204,138.27,MB,2h,validation,0.35,87
2.0,2.0,72,0.542,1.0936,78.74,MB,2h,validation,0.35,87
2.0,5.0,72,0.444,-3.1853,-229.34,MB,2h,validation,0.35,87
3.0,0.083,72,0.917,5.3405,384.51,MB,2h,validation,0.35,87
3.0,0.125,72,0.875,7.0914,510.58,MB,2h,validation,0.35,87
3.0,0.167,72,0.875,7.9586,573.02,MB,2h,validation,0.35,87
3.0,0.25,72,0.833,9.1657,659.93,MB,2h,validation,0.35,87
3.0,0.5,72,0.708,8.8021,633.75,MB,2h,validation,0.35,87
3.0,1.0,72,0.556,2.5535,183.85,MB,2h,validation,0.35,87
3.0,2.0,72,0.5,2.2264,160.3,MB,2h,validation,0.35,87
3.0,5.0,72,0.389,-3.8253,-275.42,MB,2h,validation,0.35,87
4.0,0.083,72,0.917,5.3405,384.51,MB,2h,validation,0.35,87
4.0,0.125,72,0.875,7.0914,510.58,MB,2h,validation,0.35,87
4.0,0.167,72,0.875,7.9653,573.5,MB,2h,validation,0.35,87
4.0,0.25,72,0.833,9.2431,665.5,MB,2h,validation,0.35,87
4.0,0.5,72,0.708,9.2604,666.75,MB,2h,validation,0.35,87
4.0,1.0,72,0.528,2.8627,206.12,MB,2h,validation,0.35,87
4.0,2.0,72,0.472,3.3471,240.99,MB,2h,validation,0.35,87
4.0,5.0,72,0.361,-1.3079,-94.17,MB,2h,validation,0.35,87
5.0,0.083,72,0.917,5.3405,384.51,MB,2h,validation,0.35,87
5.0,0.125,72,0.875,7.0914,510.58,MB,2h,validation,0.35,87
5.0,0.167,72,0.875,7.9653,573.5,MB,2h,validation,0.35,87
5.0,0.25,72,0.833,9.2441,665.58,MB,2h,validation,0.35,87
5.0,0.5,72,0.708,9.2891,668.81,MB,2h,validation,0.35,87
5.0,1.0,72,0.528,3.0307,218.21,MB,2h,validation,0.35,87
5.0,2.0,72,0.472,3.5367,254.64,MB,2h,validation,0.35,87
5.0,5.0,72,0.347,0.0684,4.93,MB,2h,validation,0.35,87
7.0,0.083,72,0.917,5.3405,384.51,MB,2h,validation,0.35,87
7.0,0.125,72,0.875,7.0914,510.58,MB,2h,validation,0.35,87
7.0,0.167,72,0.875,7.9653,573.5,MB,2h,validation,0.35,87
7.0,0.25,72,0.833,9.2443,665.59,MB,2h,validation,0.35,87
7.0,0.5,72,0.708,9.3405,672.51,MB,2h,validation,0.35,87
7.0,1.0,72,0.528,3.376,243.07,MB,2h,validation,0.35,87
7.0,2.0,72,0.472,4.6045,331.53,MB,2h,validation,0.35,87
7.0,5.0,72,0.333,-0.0863,-6.21,MB,2h,validation,0.35,87
10.0,0.083,72,0.917,5.3405,384.51,MB,2h,validation,0.35,87
10.0,0.125,72,0.875,7.0914,510.58,MB,2h,validation,0.35,87
10.0,0.167,72,0.875,7.9653,573.5,MB,2h,validation,0.35,87
10.0,0.25,72,0.833,9.2443,665.59,MB,2h,validation,0.35,87
10.0,0.5,72,0.708,9.3416,672.59,MB,2h,validation,0.35,87
10.0,1.0,72,0.514,2.8747,206.98,MB,2h,validation,0.35,87
10.0,2.0,72,0.458,4.4168,318.01,MB,2h,validation,0.35,87
10.0,5.0,72,0.319,-1.6175,-116.46,MB,2h,validation,0.35,87
2.0,0.083,73,0.89,5.4407,397.17,MB,2h,validation,0.375,87
2.0,0.125,73,0.849,6.8509,500.12,MB,2h,validation,0.375,87
2.0,0.167,73,0.863,8.326,607.8,MB,2h,validation,0.375,87
2.0,0.25,73,0.836,8.6016,627.91,MB,2h,validation,0.375,87
2.0,0.5,73,0.726,8.0591,588.32,MB,2h,validation,0.375,87
2.0,1.0,73,0.575,1.859,135.71,MB,2h,validation,0.375,87
2.0,2.0,73,0.548,1.038,75.77,MB,2h,validation,0.375,87
2.0,5.0,73,0.452,-3.081,-224.91,MB,2h,validation,0.375,87
3.0,0.083,73,0.89,5.4407,397.17,MB,2h,validation,0.375,87
3.0,0.125,73,0.849,6.8509,500.12,MB,2h,validation,0.375,87
3.0,0.167,73,0.863,8.3216,607.48,MB,2h,validation,0.375,87
3.0,0.25,73,0.836,8.5649,625.24,MB,2h,validation,0.375,87
3.0,0.5,73,0.712,8.3581,610.14,MB,2h,validation,0.375,87
3.0,1.0,73,0.562,3.1061,226.75,MB,2h,validation,0.375,87
3.0,2.0,73,0.493,1.7636,128.74,MB,2h,validation,0.375,87
3.0,5.0,73,0.397,-3.2779,-239.29,MB,2h,validation,0.375,87
4.0,0.083,73,0.89,5.4407,397.17,MB,2h,validation,0.375,87
4.0,0.125,73,0.849,6.8509,500.12,MB,2h,validation,0.375,87
4.0,0.167,73,0.863,8.3262,607.82,MB,2h,validation,0.375,87
4.0,0.25,73,0.836,8.624,629.55,MB,2h,validation,0.375,87
4.0,0.5,73,0.712,8.7246,636.9,MB,2h,validation,0.375,87
4.0,1.0,73,0.534,3.2705,238.75,MB,2h,validation,0.375,87
4.0,2.0,73,0.466,2.6555,193.85,MB,2h,validation,0.375,87
4.0,5.0,73,0.356,-1.629,-118.92,MB,2h,validation,0.375,87
5.0,0.083,73,0.89,5.4407,397.17,MB,2h,validation,0.375,87
5.0,0.125,73,0.849,6.8509,500.12,MB,2h,validation,0.375,87
5.0,0.167,73,0.863,8.3278,607.93,MB,2h,validation,0.375,87
5.0,0.25,73,0.836,8.6389,630.64,MB,2h,validation,0.375,87
5.0,0.5,73,0.712,8.8227,644.06,MB,2h,validation,0.375,87
5.0,1.0,73,0.534,3.5652,260.26,MB,2h,validation,0.375,87
5.0,2.0,73,0.466,3.0615,223.49,MB,2h,validation,0.375,87
5.0,5.0,73,0.342,-0.7097,-51.81,MB,2h,validation,0.375,87
7.0,0.083,73,0.89,5.4407,397.17,MB,2h,validation,0.375,87
7.0,0.125,73,0.849,6.8509,500.12,MB,2h,validation,0.375,87
7.0,0.167,73,0.863,8.3278,607.93,MB,2h,validation,0.375,87
7.0,0.25,73,0.836,8.6391,630.65,MB,2h,validation,0.375,87
7.0,0.5,73,0.712,8.8719,647.65,MB,2h,validation,0.375,87
7.0,1.0,73,0.534,3.9006,284.75,MB,2h,validation,0.375,87
7.0,2.0,73,0.466,4.1176,300.59,MB,2h,validation,0.375,87
7.0,5.0,73,0.329,-0.5557,-40.57,MB,2h,validation,0.375,87
10.0,0.083,73,0.89,5.4407,397.17,MB,2h,validation,0.375,87
10.0,0.125,73,0.849,6.8509,500.12,MB,2h,validation,0.375,87
10.0,0.167,73,0.863,8.3278,607.93,MB,2h,validation,0.375,87
10.0,0.25,73,0.836,8.6391,630.65,MB,2h,validation,0.375,87
10.0,0.5,73,0.712,8.8729,647.72,MB,2h,validation,0.375,87
10.0,1.0,73,0.521,3.4096,248.9,MB,2h,validation,0.375,87
10.0,2.0,73,0.452,3.7834,276.19,MB,2h,validation,0.375,87
10.0,5.0,73,0.315,-1.2903,-94.2,MB,2h,validation,0.375,87
2.0,0.083,71,0.873,5.1557,366.06,MB,2h,validation,0.4,87
2.0,0.125,71,0.845,7.1916,510.6,MB,2h,validation,0.4,87
2.0,0.167,71,0.859,8.1864,581.24,MB,2h,validation,0.4,87
2.0,0.25,71,0.831,8.3795,594.94,MB,2h,validation,0.4,87
2.0,0.5,71,0.732,8.9564,635.9,MB,2h,validation,0.4,87
2.0,1.0,71,0.606,3.3296,236.4,MB,2h,validation,0.4,87
2.0,2.0,71,0.563,2.9015,206.01,MB,2h,validation,0.4,87
2.0,5.0,71,0.479,-1.1416,-81.05,MB,2h,validation,0.4,87
3.0,0.083,71,0.873,5.1557,366.06,MB,2h,validation,0.4,87
3.0,0.125,71,0.845,7.1916,510.6,MB,2h,validation,0.4,87
3.0,0.167,71,0.859,8.1951,581.85,MB,2h,validation,0.4,87
3.0,0.25,71,0.831,8.3458,592.55,MB,2h,validation,0.4,87
3.0,0.5,71,0.718,9.2514,656.85,MB,2h,validation,0.4,87
3.0,1.0,71,0.592,4.7366,336.3,MB,2h,validation,0.4,87
3.0,2.0,71,0.521,4.1983,298.08,MB,2h,validation,0.4,87
3.0,5.0,71,0.423,-0.0978,-6.95,MB,2h,validation,0.4,87
4.0,0.083,71,0.873,5.1557,366.06,MB,2h,validation,0.4,87
4.0,0.125,71,0.845,7.1916,510.6,MB,2h,validation,0.4,87
4.0,0.167,71,0.859,8.1994,582.16,MB,2h,validation,0.4,87
4.0,0.25,71,0.831,8.4025,596.58,MB,2h,validation,0.4,87
4.0,0.5,71,0.718,9.5955,681.28,MB,2h,validation,0.4,87
4.0,1.0,71,0.577,5.1352,364.6,MB,2h,validation,0.4,87
4.0,2.0,71,0.493,4.1395,293.91,MB,2h,validation,0.4,87
4.0,5.0,71,0.366,-2.6416,-187.55,MB,2h,validation,0.4,87
5.0,0.083,71,0.873,5.1557,366.06,MB,2h,validation,0.4,87
5.0,0.125,71,0.845,7.1916,510.6,MB,2h,validation,0.4,87
5.0,0.167,71,0.859,8.2009,582.27,MB,2h,validation,0.4,87
5.0,0.25,71,0.831,8.4187,597.73,MB,2h,validation,0.4,87
5.0,0.5,71,0.718,9.7188,690.04,MB,2h,validation,0.4,87
5.0,1.0,71,0.563,5.2383,371.92,MB,2h,validation,0.4,87
5.0,2.0,71,0.479,4.6706,331.61,MB,2h,validation,0.4,87
5.0,5.0,71,0.352,-1.0094,-71.66,MB,2h,validation,0.4,87
7.0,0.083,71,0.873,5.1557,366.06,MB,2h,validation,0.4,87
7.0,0.125,71,0.845,7.1916,510.6,MB,2h,validation,0.4,87
7.0,0.167,71,0.859,8.2009,582.27,MB,2h,validation,0.4,87
7.0,0.25,71,0.831,8.4189,597.74,MB,2h,validation,0.4,87
7.0,0.5,71,0.718,9.7679,693.52,MB,2h,validation,0.4,87
7.0,1.0,71,0.563,5.5613,394.85,MB,2h,validation,0.4,87
7.0,2.0,71,0.479,5.7186,406.02,MB,2h,validation,0.4,87
7.0,5.0,71,0.338,-0.8636,-61.31,MB,2h,validation,0.4,87
10.0,0.083,71,0.873,5.1557,366.06,MB,2h,validation,0.4,87
10.0,0.125,71,0.845,7.1916,510.6,MB,2h,validation,0.4,87
10.0,0.167,71,0.859,8.2009,582.27,MB,2h,validation,0.4,87
10.0,0.25,71,0.831,8.4189,597.74,MB,2h,validation,0.4,87
10.0,0.5,71,0.718,9.7688,693.59,MB,2h,validation,0.4,87
10.0,1.0,71,0.549,5.09,361.39,MB,2h,validation,0.4,87
10.0,2.0,71,0.465,5.4165,384.57,MB,2h,validation,0.4,87
10.0,5.0,71,0.324,-0.9349,-66.38,MB,2h,validation,0.4,87
2.0,0.083,68,0.897,5.4546,370.91,MB,2h,validation,0.425,87
2.0,0.125,68,0.882,8.6096,585.45,MB,2h,validation,0.425,87
2.0,0.167,68,0.926,11.8578,806.33,MB,2h,validation,0.425,87
2.0,0.25,68,0.853,12.3319,838.57,MB,2h,validation,0.425,87
2.0,0.5,68,0.765,11.445,778.26,MB,2h,validation,0.425,87
2.0,1.0,68,0.647,6.0345,410.34,MB,2h,validation,0.425,87
2.0,2.0,68,0.603,5.4529,370.8,MB,2h,validation,0.425,87
2.0,5.0,68,0.485,1.4112,95.96,MB,2h,validation,0.425,87
3.0,0.083,68,0.897,5.4546,370.91,MB,2h,validation,0.425,87
3.0,0.125,68,0.882,8.6096,585.45,MB,2h,validation,0.425,87
3.0,0.167,68,0.926,11.9179,810.42,MB,2h,validation,0.425,87
3.0,0.25,68,0.853,12.2939,835.99,MB,2h,validation,0.425,87
3.0,0.5,68,0.75,11.734,797.91,MB,2h,validation,0.425,87
3.0,1.0,68,0.603,6.9053,469.56,MB,2h,validation,0.425,87
3.0,2.0,68,0.529,5.851,397.87,MB,2h,validation,0.425,87
3.0,5.0,68,0.426,1.1307,76.89,MB,2h,validation,0.425,87
4.0,0.083,68,0.897,5.4546,370.91,MB,2h,validation,0.425,87
4.0,0.125,68,0.882,8.6096,585.45,MB,2h,validation,0.425,87
4.0,0.167,68,0.926,11.918,810.42,MB,2h,validation,0.425,87
4.0,0.25,68,0.853,12.3171,837.56,MB,2h,validation,0.425,87
4.0,0.5,68,0.75,11.9176,810.4,MB,2h,validation,0.425,87
4.0,1.0,68,0.588,7.1451,485.87,MB,2h,validation,0.425,87
4.0,2.0,68,0.5,5.7227,389.14,MB,2h,validation,0.425,87
4.0,5.0,68,0.368,-1.554,-105.67,MB,2h,validation,0.425,87
5.0,0.083,68,0.897,5.4546,370.91,MB,2h,validation,0.425,87
5.0,0.125,68,0.882,8.6096,585.45,MB,2h,validation,0.425,87
5.0,0.167,68,0.926,11.9236,810.81,MB,2h,validation,0.425,87
5.0,0.25,68,0.853,12.367,840.95,MB,2h,validation,0.425,87
5.0,0.5,68,0.75,12.213,830.48,MB,2h,validation,0.425,87
5.0,1.0,68,0.574,7.6823,522.4,MB,2h,validation,0.425,87
5.0,2.0,68,0.485,6.6143,449.77,MB,2h,validation,0.425,87
5.0,5.0,68,0.353,0.2553,17.36,MB,2h,validation,0.425,87
7.0,0.083,68,0.897,5.4546,370.91,MB,2h,validation,0.425,87
7.0,0.125,68,0.882,8.6096,585.45,MB,2h,validation,0.425,87
7.0,0.167,68,0.926,11.9236,810.81,MB,2h,validation,0.425,87
7.0,0.25,68,0.853,12.3671,840.96,MB,2h,validation,0.425,87
7.0,0.5,68,0.75,12.2628,833.87,MB,2h,validation,0.425,87
7.0,1.0,68,0.574,8.0093,544.63,MB,2h,validation,0.425,87
7.0,2.0,68,0.485,7.5603,514.1,MB,2h,validation,0.425,87
7.0,5.0,68,0.338,-0.4189,-28.49,MB,2h,validation,0.425,87
10.0,0.083,68,0.897,5.4546,370.91,MB,2h,validation,0.425,87
10.0,0.125,68,0.882,8.6096,585.45,MB,2h,validation,0.425,87
10.0,0.167,68,0.926,11.9236,810.81,MB,2h,validation,0.425,87
10.0,0.25,68,0.853,12.3671,840.96,MB,2h,validation,0.425,87
10.0,0.5,68,0.75,12.2638,833.94,MB,2h,validation,0.425,87
10.0,1.0,68,0.559,7.5518,513.53,MB,2h,validation,0.425,87
10.0,2.0,68,0.471,7.5654,514.44,MB,2h,validation,0.425,87
10.0,5.0,68,0.324,1.3452,91.47,MB,2h,validation,0.425,87
2.0,0.083,64,0.859,4.8045,307.49,MB,2h,validation,0.45,87
2.0,0.125,64,0.844,7.626,488.06,MB,2h,validation,0.45,87
2.0,0.167,64,0.922,11.2353,719.06,MB,2h,validation,0.45,87
2.0,0.25,64,0.844,11.3705,727.71,MB,2h,validation,0.45,87
2.0,0.5,64,0.719,9.3528,598.58,MB,2h,validation,0.45,87
2.0,1.0,64,0.594,3.2317,206.83,MB,2h,validation,0.45,87
2.0,2.0,64,0.578,2.2262,142.48,MB,2h,validation,0.45,87
2.0,5.0,64,0.484,-0.5451,-34.88,MB,2h,validation,0.45,87
3.0,0.083,64,0.859,4.8045,307.49,MB,2h,validation,0.45,87
3.0,0.125,64,0.844,7.626,488.06,MB,2h,validation,0.45,87
3.0,0.167,64,0.922,11.3151,724.17,MB,2h,validation,0.45,87
3.0,0.25,64,0.844,11.3091,723.78,MB,2h,validation,0.45,87
3.0,0.5,64,0.703,9.9657,637.8,MB,2h,validation,0.45,87
3.0,1.0,64,0.562,4.8335,309.35,MB,2h,validation,0.45,87
3.0,2.0,64,0.531,3.6364,232.73,MB,2h,validation,0.45,87
3.0,5.0,64,0.438,0.0519,3.32,MB,2h,validation,0.45,87
4.0,0.083,64,0.859,4.8045,307.49,MB,2h,validation,0.45,87
4.0,0.125,64,0.844,7.626,488.06,MB,2h,validation,0.45,87
4.0,0.167,64,0.922,11.3152,724.17,MB,2h,validation,0.45,87
4.0,0.25,64,0.844,11.3112,723.92,MB,2h,validation,0.45,87
4.0,0.5,64,0.703,10.0072,640.46,MB,2h,validation,0.45,87
4.0,1.0,64,0.547,4.0511,259.27,MB,2h,validation,0.45,87
4.0,2.0,64,0.5,3.5274,225.75,MB,2h,validation,0.45,87
4.0,5.0,64,0.359,-3.0344,-194.2,MB,2h,validation,0.45,87
5.0,0.083,64,0.859,4.8045,307.49,MB,2h,validation,0.45,87
5.0,0.125,64,0.844,7.626,488.06,MB,2h,validation,0.45,87
5.0,0.167,64,0.922,11.3193,724.44,MB,2h,validation,0.45,87
5.0,0.25,64,0.844,11.3695,727.65,MB,2h,validation,0.45,87
5.0,0.5,64,0.703,10.3911,665.03,MB,2h,validation,0.45,87
5.0,1.0,64,0.547,4.6959,300.54,MB,2h,validation,0.45,87
5.0,2.0,64,0.484,4.9509,316.86,MB,2h,validation,0.45,87
5.0,5.0,64,0.344,-0.4312,-27.6,MB,2h,validation,0.45,87
7.0,0.083,64,0.859,4.8045,307.49,MB,2h,validation,0.45,87
7.0,0.125,64,0.844,7.626,488.06,MB,2h,validation,0.45,87
7.0,0.167,64,0.922,11.3193,724.44,MB,2h,validation,0.45,87
7.0,0.25,64,0.844,11.3696,727.66,MB,2h,validation,0.45,87
7.0,0.5,64,0.703,10.4316,667.62,MB,2h,validation,0.45,87
7.0,1.0,64,0.547,4.9441,316.42,MB,2h,validation,0.45,87
7.0,2.0,64,0.484,5.4201,346.89,MB,2h,validation,0.45,87
7.0,5.0,64,0.328,-1.7052,-109.13,MB,2h,validation,0.45,87
10.0,0.083,64,0.859,4.8045,307.49,MB,2h,validation,0.45,87
10.0,0.125,64,0.844,7.626,488.06,MB,2h,validation,0.45,87
10.0,0.167,64,0.922,11.3193,724.44,MB,2h,validation,0.45,87
10.0,0.25,64,0.844,11.3696,727.66,MB,2h,validation,0.45,87
10.0,0.5,64,0.703,10.4328,667.7,MB,2h,validation,0.45,87
10.0,1.0,64,0.547,4.4894,287.32,MB,2h,validation,0.45,87
10.0,2.0,64,0.469,5.2379,335.22,MB,2h,validation,0.45,87
10.0,5.0,64,0.312,-0.4808,-30.77,MB,2h,validation,0.45,87
2.0,0.083,63,0.841,4.3665,275.09,MB,2h,validation,0.475,87
2.0,0.125,63,0.81,7.0958,447.04,MB,2h,validation,0.475,87
2.0,0.167,63,0.873,9.3589,589.61,MB,2h,validation,0.475,87
2.0,0.25,63,0.825,9.4978,598.36,MB,2h,validation,0.475,87
2.0,0.5,63,0.683,7.7538,488.49,MB,2h,validation,0.475,87
2.0,1.0,63,0.587,3.1745,199.99,MB,2h,validation,0.475,87
2.0,2.0,63,0.587,3.2089,202.16,MB,2h,validation,0.475,87
2.0,5.0,63,0.492,0.1504,9.47,MB,2h,validation,0.475,87
3.0,0.083,63,0.841,4.3665,275.09,MB,2h,validation,0.475,87
3.0,0.125,63,0.81,7.0958,447.04,MB,2h,validation,0.475,87
3.0,0.167,63,0.873,9.4528,595.52,MB,2h,validation,0.475,87
3.0,0.25,63,0.825,9.4419,594.84,MB,2h,validation,0.475,87
3.0,0.5,63,0.667,8.2233,518.07,MB,2h,validation,0.475,87
3.0,1.0,63,0.54,3.2407,204.16,MB,2h,validation,0.475,87
3.0,2.0,63,0.524,3.0549,192.46,MB,2h,validation,0.475,87
3.0,5.0,63,0.429,-0.9335,-58.81,MB,2h,validation,0.475,87
4.0,0.083,63,0.841,4.3665,275.09,MB,2h,validation,0.475,87
4.0,0.125,63,0.81,7.0958,447.04,MB,2h,validation,0.475,87
4.0,0.167,63,0.873,9.4528,595.53,MB,2h,validation,0.475,87
4.0,0.25,63,0.825,9.4347,594.39,MB,2h,validation,0.475,87
4.0,0.5,63,0.667,8.1609,514.14,MB,2h,validation,0.475,87
4.0,1.0,63,0.524,2.7362,172.38,MB,2h,validation,0.475,87
4.0,2.0,63,0.508,3.3339,210.04,MB,2h,validation,0.475,87
4.0,5.0,63,0.365,-3.4272,-215.91,MB,2h,validation,0.475,87
5.0,0.083,63,0.841,4.3665,275.09,MB,2h,validation,0.475,87
5.0,0.125,63,0.81,7.0958,447.04,MB,2h,validation,0.475,87
5.0,0.167,63,0.873,9.4558,595.71,MB,2h,validation,0.475,87
5.0,0.25,63,0.825,9.4896,597.84,MB,2h,validation,0.475,87
5.0,0.5,63,0.667,8.5992,541.75,MB,2h,validation,0.475,87
5.0,1.0,63,0.524,3.0638,193.02,MB,2h,validation,0.475,87
5.0,2.0,63,0.476,4.3135,271.75,MB,2h,validation,0.475,87
5.0,5.0,63,0.333,-1.4415,-90.82,MB,2h,validation,0.475,87
7.0,0.083,63,0.841,4.3665,275.09,MB,2h,validation,0.475,87
7.0,0.125,63,0.81,7.0958,447.04,MB,2h,validation,0.475,87
7.0,0.167,63,0.873,9.4558,595.71,MB,2h,validation,0.475,87
7.0,0.25,63,0.825,9.4903,597.89,MB,2h,validation,0.475,87
7.0,0.5,63,0.667,8.654,545.2,MB,2h,validation,0.475,87
7.0,1.0,63,0.524,3.3794,212.9,MB,2h,validation,0.475,87
7.0,2.0,63,0.476,4.8352,304.62,MB,2h,validation,0.475,87
7.0,5.0,63,0.333,0.5937,37.4,MB,2h,validation,0.475,87
10.0,0.083,63,0.841,4.3665,275.09,MB,2h,validation,0.475,87
10.0,0.125,63,0.81,7.0958,447.04,MB,2h,validation,0.475,87
10.0,0.167,63,0.873,9.4558,595.71,MB,2h,validation,0.475,87
10.0,0.25,63,0.825,9.4903,597.89,MB,2h,validation,0.475,87
10.0,0.5,63,0.667,8.6606,545.62,MB,2h,validation,0.475,87
10.0,1.0,63,0.524,2.9654,186.82,MB,2h,validation,0.475,87
10.0,2.0,63,0.46,4.6578,293.44,MB,2h,validation,0.475,87
10.0,5.0,63,0.302,-1.4065,-88.61,MB,2h,validation,0.475,87
2.0,0.083,57,0.789,3.953,225.32,MB,2h,validation,0.5,87
2.0,0.125,57,0.877,8.0312,457.78,MB,2h,validation,0.5,87
2.0,0.167,57,0.912,10.412,593.48,MB,2h,validation,0.5,87
2.0,0.25,57,0.86,10.5451,601.07,MB,2h,validation,0.5,87
2.0,0.5,57,0.719,8.9642,510.96,MB,2h,validation,0.5,87
2.0,1.0,57,0.614,3.9816,226.95,MB,2h,validation,0.5,87
2.0,2.0,57,0.579,3.3506,190.99,MB,2h,validation,0.5,87
2.0,5.0,57,0.474,-0.103,-5.87,MB,2h,validation,0.5,87
3.0,0.083,57,0.789,3.953,225.32,MB,2h,validation,0.5,87
3.0,0.125,57,0.877,8.0312,457.78,MB,2h,validation,0.5,87
3.0,0.167,57,0.912,10.536,600.55,MB,2h,validation,0.5,87
3.0,0.25,57,0.86,10.7094,610.44,MB,2h,validation,0.5,87
3.0,0.5,57,0.702,9.9512,567.22,MB,2h,validation,0.5,87
3.0,1.0,57,0.561,4.7133,268.66,MB,2h,validation,0.5,87
3.0,2.0,57,0.544,4.9252,280.74,MB,2h,validation,0.5,87
3.0,5.0,57,0.439,0.0247,1.41,MB,2h,validation,0.5,87
4.0,0.083,57,0.789,3.953,225.32,MB,2h,validation,0.5,87
4.0,0.125,57,0.877,8.0312,457.78,MB,2h,validation,0.5,87
4.0,0.167,57,0.912,10.536,600.55,MB,2h,validation,0.5,87
4.0,0.25,57,0.86,10.7115,610.55,MB,2h,validation,0.5,87
4.0,0.5,57,0.702,9.9845,569.11,MB,2h,validation,0.5,87
4.0,1.0,57,0.544,4.3669,248.92,MB,2h,validation,0.5,87
4.0,2.0,57,0.509,4.55,259.35,MB,2h,validation,0.5,87
4.0,5.0,57,0.351,-3.1942,-182.07,MB,2h,validation,0.5,87
5.0,0.083,57,0.789,3.953,225.32,MB,2h,validation,0.5,87
5.0,0.125,57,0.877,8.0312,457.78,MB,2h,validation,0.5,87
5.0,0.167,57,0.912,10.5391,600.73,MB,2h,validation,0.5,87
5.0,0.25,57,0.86,10.7604,613.34,MB,2h,validation,0.5,87
5.0,0.5,57,0.702,10.3519,590.06,MB,2h,validation,0.5,87
5.0,1.0,57,0.544,4.8161,274.52,MB,2h,validation,0.5,87
5.0,2.0,57,0.491,5.6864,324.12,MB,2h,validation,0.5,87
5.0,5.0,57,0.333,-0.4676,-26.66,MB,2h,validation,0.5,87
7.0,0.083,57,0.789,3.953,225.32,MB,2h,validation,0.5,87
7.0,0.125,57,0.877,8.0312,457.78,MB,2h,validation,0.5,87
7.0,0.167,57,0.912,10.5391,600.73,MB,2h,validation,0.5,87
7.0,0.25,57,0.86,10.762,613.43,MB,2h,validation,0.5,87
7.0,0.5,57,0.702,10.4188,593.87,MB,2h,validation,0.5,87
7.0,1.0,57,0.544,4.861,277.07,MB,2h,validation,0.5,87
7.0,2.0,57,0.474,5.6876,324.19,MB,2h,validation,0.5,87
7.0,5.0,57,0.316,0.4151,23.66,MB,2h,validation,0.5,87
10.0,0.083,57,0.789,3.953,225.32,MB,2h,validation,0.5,87
10.0,0.125,57,0.877,8.0312,457.78,MB,2h,validation,0.5,87
10.0,0.167,57,0.912,10.5391,600.73,MB,2h,validation,0.5,87
10.0,0.25,57,0.86,10.762,613.43,MB,2h,validation,0.5,87
10.0,0.5,57,0.702,10.425,594.22,MB,2h,validation,0.5,87
10.0,1.0,57,0.544,5.0285,286.63,MB,2h,validation,0.5,87
10.0,2.0,57,0.474,6.6706,380.22,MB,2h,validation,0.5,87
10.0,5.0,57,0.298,-0.0681,-3.88,MB,2h,validation,0.5,87
2.0,0.083,58,0.776,3.9751,230.56,MB,2h,validation,0.525,87
2.0,0.125,58,0.914,9.4084,545.69,MB,2h,validation,0.525,87
2.0,0.167,58,0.914,10.8192,627.51,MB,2h,validation,0.525,87
2.0,0.25,58,0.862,11.205,649.89,MB,2h,validation,0.525,87
2.0,0.5,58,0.707,9.282,538.36,MB,2h,validation,0.525,87
2.0,1.0,58,0.603,4.4659,259.02,MB,2h,validation,0.525,87
2.0,2.0,58,0.569,3.6936,214.23,MB,2h,validation,0.525,87
2.0,5.0,58,0.483,-0.0103,-0.6,MB,2h,validation,0.525,87
3.0,0.083,58,0.776,3.9751,230.56,MB,2h,validation,0.525,87
3.0,0.125,58,0.914,9.4084,545.69,MB,2h,validation,0.525,87
3.0,0.167,58,0.914,10.9479,634.98,MB,2h,validation,0.525,87
3.0,0.25,58,0.862,11.3371,657.55,MB,2h,validation,0.525,87
3.0,0.5,58,0.69,9.9947,579.69,MB,2h,validation,0.525,87
3.0,1.0,58,0.552,4.6678,270.73,MB,2h,validation,0.525,87
3.0,2.0,58,0.534,4.57,265.06,MB,2h,validation,0.525,87
3.0,5.0,58,0.431,-0.4582,-26.58,MB,2h,validation,0.525,87
4.0,0.083,58,0.776,3.9751,230.56,MB,2h,validation,0.525,87
4.0,0.125,58,0.914,9.4084,545.69,MB,2h,validation,0.525,87
4.0,0.167,58,0.914,10.9488,635.03,MB,2h,validation,0.525,87
4.0,0.25,58,0.862,11.3467,658.11,MB,2h,validation,0.525,87
4.0,0.5,58,0.69,10.268,595.55,MB,2h,validation,0.525,87
4.0,1.0,58,0.534,4.8635,282.08,MB,2h,validation,0.525,87
4.0,2.0,58,0.5,4.6459,269.46,MB,2h,validation,0.525,87
4.0,5.0,58,0.379,0.4235,24.56,MB,2h,validation,0.525,87
5.0,0.083,58,0.776,3.9751,230.56,MB,2h,validation,0.525,87
5.0,0.125,58,0.914,9.4084,545.69,MB,2h,validation,0.525,87
5.0,0.167,58,0.914,10.9515,635.19,MB,2h,validation,0.525,87
5.0,0.25,58,0.862,11.3929,660.79,MB,2h,validation,0.525,87
5.0,0.5,58,0.69,10.6181,615.85,MB,2h,validation,0.525,87
5.0,1.0,58,0.534,5.2227,302.92,MB,2h,validation,0.525,87
5.0,2.0,58,0.483,5.4785,317.75,MB,2h,validation,0.525,87
5.0,5.0,58,0.345,-1.5785,-91.55,MB,2h,validation,0.525,87
7.0,0.083,58,0.776,3.9751,230.56,MB,2h,validation,0.525,87
7.0,0.125,58,0.914,9.4084,545.69,MB,2h,validation,0.525,87
7.0,0.167,58,0.914,10.9515,635.19,MB,2h,validation,0.525,87
7.0,0.25,58,0.862,11.3929,660.79,MB,2h,validation,0.525,87
7.0,0.5,58,0.69,10.6466,617.5,MB,2h,validation,0.525,87
7.0,1.0,58,0.534,5.534,320.97,MB,2h,validation,0.525,87
7.0,2.0,58,0.466,5.7355,332.66,MB,2h,validation,0.525,87
7.0,5.0,58,0.328,0.2909,16.87,MB,2h,validation,0.525,87
10.0,0.083,58,0.776,3.9751,230.56,MB,2h,validation,0.525,87
10.0,0.125,58,0.914,9.4084,545.69,MB,2h,validation,0.525,87
10.0,0.167,58,0.914,10.9515,635.19,MB,2h,validation,0.525,87
10.0,0.25,58,0.862,11.393,660.79,MB,2h,validation,0.525,87
10.0,0.5,58,0.69,10.6829,619.61,MB,2h,validation,0.525,87
10.0,1.0,58,0.534,5.777,335.06,MB,2h,validation,0.525,87
10.0,2.0,58,0.466,6.5293,378.7,MB,2h,validation,0.525,87
10.0,5.0,58,0.31,-0.7332,-42.53,MB,2h,validation,0.525,87
2.0,0.083,54,0.759,3.4408,185.8,MB,2h,validation,0.55,87
2.0,0.125,54,0.926,9.5513,515.77,MB,2h,validation,0.55,87
2.0,0.167,54,0.907,11.2769,608.95,MB,2h,validation,0.55,87
2.0,0.25,54,0.87,12.0743,652.01,MB,2h,validation,0.55,87
2.0,0.5,54,0.741,11.8553,640.18,MB,2h,validation,0.55,87
2.0,1.0,54,0.667,6.5406,353.19,MB,2h,validation,0.55,87
2.0,2.0,54,0.63,4.5975,248.26,MB,2h,validation,0.55,87
2.0,5.0,54,0.556,0.4107,22.18,MB,2h,validation,0.55,87
3.0,0.083,54,0.759,3.4408,185.8,MB,2h,validation,0.55,87
3.0,0.125,54,0.926,9.5513,515.77,MB,2h,validation,0.55,87
3.0,0.167,54,0.907,11.4053,615.88,MB,2h,validation,0.55,87
3.0,0.25,54,0.87,12.4342,671.45,MB,2h,validation,0.55,87
3.0,0.5,54,0.722,12.3515,666.98,MB,2h,validation,0.55,87
3.0,1.0,54,0.574,6.022,325.19,MB,2h,validation,0.55,87
3.0,2.0,54,0.556,6.0327,325.77,MB,2h,validation,0.55,87
3.0,5.0,54,0.426,1.1068,59.76,MB,2h,validation,0.55,87
4.0,0.083,54,0.759,3.4408,185.8,MB,2h,validation,0.55,87
4.0,0.125,54,0.926,9.5513,515.77,MB,2h,validation,0.55,87
4.0,0.167,54,0.907,11.5079,621.43,MB,2h,validation,0.55,87
4.0,0.25,54,0.87,12.409,670.09,MB,2h,validation,0.55,87
4.0,0.5,54,0.722,12.5327,676.77,MB,2h,validation,0.55,87
4.0,1.0,54,0.556,6.8542,370.13,MB,2h,validation,0.55,87
4.0,2.0,54,0.519,6.6536,359.3,MB,2h,validation,0.55,87
4.0,5.0,54,0.389,1.9884,107.37,MB,2h,validation,0.55,87
5.0,0.083,54,0.759,3.4408,185.8,MB,2h,validation,0.55,87
5.0,0.125,54,0.926,9.5513,515.77,MB,2h,validation,0.55,87
5.0,0.167,54,0.907,11.508,621.43,MB,2h,validation,0.55,87
5.0,0.25,54,0.87,12.4125,670.27,MB,2h,validation,0.55,87
5.0,0.5,54,0.722,12.7219,686.98,MB,2h,validation,0.55,87
5.0,1.0,54,0.556,6.9664,376.18,MB,2h,validation,0.55,87
5.0,2.0,54,0.5,7.377,398.36,MB,2h,validation,0.55,87
5.0,5.0,54,0.352,-0.1559,-8.42,MB,2h,validation,0.55,87
7.0,0.083,54,0.759,3.4408,185.8,MB,2h,validation,0.55,87
7.0,0.125,54,0.926,9.5513,515.77,MB,2h,validation,0.55,87
7.0,0.167,54,0.907,11.508,621.43,MB,2h,validation,0.55,87
7.0,0.25,54,0.87,12.416,670.46,MB,2h,validation,0.55,87
7.0,0.5,54,0.722,12.8877,695.93,MB,2h,validation,0.55,87
7.0,1.0,54,0.556,7.6834,414.9,MB,2h,validation,0.55,87
7.0,2.0,54,0.481,8.1232,438.65,MB,2h,validation,0.55,87
7.0,5.0,54,0.333,2.1664,116.99,MB,2h,validation,0.55,87
10.0,0.083,54,0.759,3.4408,185.8,MB,2h,validation,0.55,87
10.0,0.125,54,0.926,9.5513,515.77,MB,2h,validation,0.55,87
10.0,0.167,54,0.907,11.508,621.43,MB,2h,validation,0.55,87
10.0,0.25,54,0.87,12.416,670.46,MB,2h,validation,0.55,87
10.0,0.5,54,0.722,12.9025,696.73,MB,2h,validation,0.55,87
10.0,1.0,54,0.556,7.9199,427.67,MB,2h,validation,0.55,87
10.0,2.0,54,0.481,9.0023,486.12,MB,2h,validation,0.55,87
10.0,5.0,54,0.315,1.6056,86.7,MB,2h,validation,0.55,87
2.0,0.083,54,0.796,3.4355,185.52,MB,2h,validation,0.575,87
2.0,0.125,54,0.889,8.6487,467.03,MB,2h,validation,0.575,87
2.0,0.167,54,0.87,10.2894,555.63,MB,2h,validation,0.575,87
2.0,0.25,54,0.852,10.9397,590.74,MB,2h,validation,0.575,87
2.0,0.5,54,0.759,11.009,594.48,MB,2h,validation,0.575,87
2.0,1.0,54,0.685,6.3582,343.34,MB,2h,validation,0.575,87
2.0,2.0,54,0.611,5.377,290.36,MB,2h,validation,0.575,87
2.0,5.0,54,0.537,1.4158,76.46,MB,2h,validation,0.575,87
3.0,0.083,54,0.796,3.4355,185.52,MB,2h,validation,0.575,87
3.0,0.125,54,0.889,8.6487,467.03,MB,2h,validation,0.575,87
3.0,0.167,54,0.852,10.1255,546.78,MB,2h,validation,0.575,87
3.0,0.25,54,0.833,11.1947,604.51,MB,2h,validation,0.575,87
3.0,0.5,54,0.704,11.2949,609.93,MB,2h,validation,0.575,87
3.0,1.0,54,0.574,6.1742,333.41,MB,2h,validation,0.575,87
3.0,2.0,54,0.537,5.583,301.48,MB,2h,validation,0.575,87
3.0,5.0,54,0.463,1.5229,82.24,MB,2h,validation,0.575,87
4.0,0.083,54,0.796,3.4355,185.52,MB,2h,validation,0.575,87
4.0,0.125,54,0.889,8.6487,467.03,MB,2h,validation,0.575,87
4.0,0.167,54,0.852,10.2402,552.97,MB,2h,validation,0.575,87
4.0,0.25,54,0.833,11.1843,603.95,MB,2h,validation,0.575,87
4.0,0.5,54,0.704,11.5492,623.66,MB,2h,validation,0.575,87
4.0,1.0,54,0.556,7.1883,388.17,MB,2h,validation,0.575,87
4.0,2.0,54,0.5,6.3122,340.86,MB,2h,validation,0.575,87
4.0,5.0,54,0.426,1.9752,106.66,MB,2h,validation,0.575,87
5.0,0.083,54,0.796,3.4355,185.52,MB,2h,validation,0.575,87
5.0,0.125,54,0.889,8.6487,467.03,MB,2h,validation,0.575,87
5.0,0.167,54,0.852,10.2409,553.01,MB,2h,validation,0.575,87
5.0,0.25,54,0.833,11.188,604.15,MB,2h,validation,0.575,87
5.0,0.5,54,0.704,11.6762,630.52,MB,2h,validation,0.575,87
5.0,1.0,54,0.556,7.7647,419.3,MB,2h,validation,0.575,87
5.0,2.0,54,0.5,7.6549,413.37,MB,2h,validation,0.575,87
5.0,5.0,54,0.389,-0.2227,-12.03,MB,2h,validation,0.575,87
7.0,0.083,54,0.796,3.4355,185.52,MB,2h,validation,0.575,87
7.0,0.125,54,0.889,8.6487,467.03,MB,2h,validation,0.575,87
7.0,0.167,54,0.852,10.2409,553.01,MB,2h,validation,0.575,87
7.0,0.25,54,0.833,11.1981,604.7,MB,2h,validation,0.575,87
7.0,0.5,54,0.704,11.9407,644.8,MB,2h,validation,0.575,87
7.0,1.0,54,0.556,8.2961,447.99,MB,2h,validation,0.575,87
7.0,2.0,54,0.463,8.3055,448.5,MB,2h,validation,0.575,87
7.0,5.0,54,0.352,2.3085,124.66,MB,2h,validation,0.575,87
10.0,0.083,54,0.796,3.4355,185.52,MB,2h,validation,0.575,87
10.0,0.125,54,0.889,8.6487,467.03,MB,2h,validation,0.575,87
10.0,0.167,54,0.852,10.2409,553.01,MB,2h,validation,0.575,87
10.0,0.25,54,0.833,11.1981,604.7,MB,2h,validation,0.575,87
10.0,0.5,54,0.704,11.9549,645.56,MB,2h,validation,0.575,87
10.0,1.0,54,0.556,8.5305,460.64,MB,2h,validation,0.575,87
10.0,2.0,54,0.463,9.1149,492.2,MB,2h,validation,0.575,87
10.0,5.0,54,0.333,1.3318,71.92,MB,2h,validation,0.575,87
2.0,0.083,53,0.83,3.7893,200.84,MB,2h,validation,0.6,87
2.0,0.125,53,0.887,8.2492,437.21,MB,2h,validation,0.6,87
2.0,0.167,53,0.887,10.5529,559.31,MB,2h,validation,0.6,87
2.0,0.25,53,0.811,9.6035,508.99,MB,2h,validation,0.6,87
2.0,0.5,53,0.736,10.3731,549.77,MB,2h,validation,0.6,87
2.0,1.0,53,0.66,5.0133,265.7,MB,2h,validation,0.6,87
2.0,2.0,53,0.585,3.0319,160.69,MB,2h,validation,0.6,87
2.0,5.0,53,0.509,-1.6428,-87.07,MB,2h,validation,0.6,87
3.0,0.083,53,0.83,3.7893,200.84,MB,2h,validation,0.6,87
3.0,0.125,53,0.887,8.2492,437.21,MB,2h,validation,0.6,87
3.0,0.167,53,0.868,10.3365,547.83,MB,2h,validation,0.6,87
3.0,0.25,53,0.792,9.8224,520.59,MB,2h,validation,0.6,87
3.0,0.5,53,0.679,10.6433,564.1,MB,2h,validation,0.6,87
3.0,1.0,53,0.547,4.6676,247.38,MB,2h,validation,0.6,87
3.0,2.0,53,0.509,2.9449,156.08,MB,2h,validation,0.6,87
3.0,5.0,53,0.434,-0.8669,-45.94,MB,2h,validation,0.6,87
4.0,0.083,53,0.83,3.7893,200.84,MB,2h,validation,0.6,87
4.0,0.125,53,0.887,8.2492,437.21,MB,2h,validation,0.6,87
4.0,0.167,53,0.868,10.4696,554.89,MB,2h,validation,0.6,87
4.0,0.25,53,0.792,10.1291,536.84,MB,2h,validation,0.6,87
4.0,0.5,53,0.679,11.5299,611.09,MB,2h,validation,0.6,87
4.0,1.0,53,0.547,6.4296,340.77,MB,2h,validation,0.6,87
4.0,2.0,53,0.491,4.3053,228.18,MB,2h,validation,0.6,87
4.0,5.0,53,0.396,-1.1976,-63.47,MB,2h,validation,0.6,87
5.0,0.083,53,0.83,3.7893,200.84,MB,2h,validation,0.6,87
5.0,0.125,53,0.887,8.2492,437.21,MB,2h,validation,0.6,87
5.0,0.167,53,0.868,10.4703,554.92,MB,2h,validation,0.6,87
5.0,0.25,53,0.792,10.1376,537.29,MB,2h,validation,0.6,87
5.0,0.5,53,0.679,11.5967,614.62,MB,2h,validation,0.6,87
5.0,1.0,53,0.547,7.0706,374.74,MB,2h,validation,0.6,87
5.0,2.0,53,0.491,6.0287,319.52,MB,2h,validation,0.6,87
5.0,5.0,53,0.377,1.4794,78.41,MB,2h,validation,0.6,87
7.0,0.083,53,0.83,3.7893,200.84,MB,2h,validation,0.6,87
7.0,0.125,53,0.887,8.2492,437.21,MB,2h,validation,0.6,87
7.0,0.167,53,0.868,10.4703,554.93,MB,2h,validation,0.6,87
7.0,0.25,53,0.792,10.1421,537.53,MB,2h,validation,0.6,87
7.0,0.5,53,0.679,11.9171,631.61,MB,2h,validation,0.6,87
7.0,1.0,53,0.547,7.7411,410.28,MB,2h,validation,0.6,87
7.0,2.0,53,0.453,6.653,352.61,MB,2h,validation,0.6,87
7.0,5.0,53,0.321,-0.1814,-9.62,MB,2h,validation,0.6,87
10.0,0.083,53,0.83,3.7893,200.84,MB,2h,validation,0.6,87
10.0,0.125,53,0.887,8.2492,437.21,MB,2h,validation,0.6,87
10.0,0.167,53,0.868,10.4703,554.93,MB,2h,validation,0.6,87
10.0,0.25,53,0.792,10.1421,537.53,MB,2h,validation,0.6,87
10.0,0.5,53,0.679,11.9311,632.35,MB,2h,validation,0.6,87
10.0,1.0,53,0.547,7.9784,422.86,MB,2h,validation,0.6,87
10.0,2.0,53,0.453,7.4952,397.24,MB,2h,validation,0.6,87
10.0,5.0,53,0.302,-0.823,-43.62,MB,2h,validation,0.6,87
2.0,0.083,53,0.849,4.181,221.59,MB,2h,validation,0.625,87
2.0,0.125,53,0.868,7.4441,394.54,MB,2h,validation,0.625,87
2.0,0.167,53,0.868,10.2133,541.31,MB,2h,validation,0.625,87
2.0,0.25,53,0.811,9.7385,516.14,MB,2h,validation,0.625,87
2.0,0.5,53,0.717,9.1913,487.14,MB,2h,validation,0.625,87
2.0,1.0,53,0.642,5.0413,267.19,MB,2h,validation,0.625,87
2.0,2.0,53,0.585,3.2106,170.16,MB,2h,validation,0.625,87
2.0,5.0,53,0.509,-1.2943,-68.6,MB,2h,validation,0.625,87
3.0,0.083,53,0.849,4.181,221.59,MB,2h,validation,0.625,87
3.0,0.125,53,0.868,7.4441,394.54,MB,2h,validation,0.625,87
3.0,0.167,53,0.849,9.8501,522.06,MB,2h,validation,0.625,87
3.0,0.25,53,0.792,9.8063,519.73,MB,2h,validation,0.625,87
3.0,0.5,53,0.66,9.723,515.32,MB,2h,validation,0.625,87
3.0,1.0,53,0.585,6.2927,333.51,MB,2h,validation,0.625,87
3.0,2.0,53,0.547,4.6127,244.47,MB,2h,validation,0.625,87
3.0,5.0,53,0.472,1.1568,61.31,MB,2h,validation,0.625,87
4.0,0.083,53,0.849,4.181,221.59,MB,2h,validation,0.625,87
4.0,0.125,53,0.868,7.4441,394.54,MB,2h,validation,0.625,87
4.0,0.167,53,0.849,10.011,530.58,MB,2h,validation,0.625,87
4.0,0.25,53,0.792,10.0564,532.99,MB,2h,validation,0.625,87
4.0,0.5,53,0.66,10.6242,563.08,MB,2h,validation,0.625,87
4.0,1.0,53,0.566,6.6981,355.0,MB,2h,validation,0.625,87
4.0,2.0,53,0.509,5.612,297.43,MB,2h,validation,0.625,87
4.0,5.0,53,0.415,0.4092,21.69,MB,2h,validation,0.625,87
5.0,0.083,53,0.849,4.181,221.59,MB,2h,validation,0.625,87
5.0,0.125,53,0.868,7.4441,394.54,MB,2h,validation,0.625,87
5.0,0.167,53,0.849,10.0115,530.61,MB,2h,validation,0.625,87
5.0,0.25,53,0.792,10.0631,533.34,MB,2h,validation,0.625,87
5.0,0.5,53,0.66,10.6683,565.42,MB,2h,validation,0.625,87
5.0,1.0,53,0.566,7.2717,385.4,MB,2h,validation,0.625,87
5.0,2.0,53,0.491,6.301,333.95,MB,2h,validation,0.625,87
5.0,5.0,53,0.377,1.6336,86.58,MB,2h,validation,0.625,87
7.0,0.083,53,0.849,4.181,221.59,MB,2h,validation,0.625,87
7.0,0.125,53,0.868,7.4441,394.54,MB,2h,validation,0.625,87
7.0,0.167,53,0.849,10.0116,530.61,MB,2h,validation,0.625,87
7.0,0.25,53,0.792,10.0685,533.63,MB,2h,validation,0.625,87
7.0,0.5,53,0.66,10.9893,582.43,MB,2h,validation,0.625,87
7.0,1.0,53,0.566,7.8684,417.02,MB,2h,validation,0.625,87
7.0,2.0,53,0.453,7.2073,381.99,MB,2h,validation,0.625,87
7.0,5.0,53,0.321,0.5162,27.36,MB,2h,validation,0.625,87
10.0,0.083,53,0.849,4.181,221.59,MB,2h,validation,0.625,87
10.0,0.125,53,0.868,7.4441,394.54,MB,2h,validation,0.625,87
10.0,0.167,53,0.849,10.0116,530.61,MB,2h,validation,0.625,87
10.0,0.25,53,0.792,10.0685,533.63,MB,2h,validation,0.625,87
10.0,0.5,53,0.66,11.0114,583.6,MB,2h,validation,0.625,87
10.0,1.0,53,0.566,8.1838,433.74,MB,2h,validation,0.625,87
10.0,2.0,53,0.453,7.6486,405.38,MB,2h,validation,0.625,87
10.0,5.0,53,0.302,-0.9517,-50.44,MB,2h,validation,0.625,87
2.0,0.083,51,0.824,3.8781,197.79,MB,2h,validation,0.65,87
2.0,0.125,51,0.843,5.4371,277.29,MB,2h,validation,0.65,87
2.0,0.167,51,0.804,8.1369,414.98,MB,2h,validation,0.65,87
2.0,0.25,51,0.765,4.8901,249.39,MB,2h,validation,0.65,87
2.0,0.5,51,0.686,4.568,232.97,MB,2h,validation,0.65,87
2.0,1.0,51,0.647,4.063,207.21,MB,2h,validation,0.65,87
2.0,2.0,51,0.569,2.0156,102.8,MB,2h,validation,0.65,87
2.0,5.0,51,0.49,-2.7003,-137.72,MB,2h,validation,0.65,87
3.0,0.083,51,0.824,3.8781,197.79,MB,2h,validation,0.65,87
3.0,0.125,51,0.843,5.4371,277.29,MB,2h,validation,0.65,87
3.0,0.167,51,0.804,8.3306,424.86,MB,2h,validation,0.65,87
3.0,0.25,51,0.765,5.3261,271.63,MB,2h,validation,0.65,87
3.0,0.5,51,0.647,5.0757,258.86,MB,2h,validation,0.65,87
3.0,1.0,51,0.569,5.0123,255.63,MB,2h,validation,0.65,87
3.0,2.0,51,0.51,2.9006,147.93,MB,2h,validation,0.65,87
3.0,5.0,51,0.431,-0.9901,-50.5,MB,2h,validation,0.65,87
4.0,0.083,51,0.824,3.8781,197.79,MB,2h,validation,0.65,87
4.0,0.125,51,0.843,5.4371,277.29,MB,2h,validation,0.65,87
4.0,0.167,51,0.784,7.849,400.3,MB,2h,validation,0.65,87
4.0,0.25,51,0.745,5.0682,258.48,MB,2h,validation,0.65,87
4.0,0.5,51,0.627,5.3767,274.21,MB,2h,validation,0.65,87
4.0,1.0,51,0.529,4.7764,243.6,MB,2h,validation,0.65,87
4.0,2.0,51,0.471,2.2983,117.21,MB,2h,validation,0.65,87
4.0,5.0,51,0.373,-3.3314,-169.9,MB,2h,validation,0.65,87
5.0,0.083,51,0.824,3.8781,197.79,MB,2h,validation,0.65,87
5.0,0.125,51,0.843,5.4371,277.29,MB,2h,validation,0.65,87
5.0,0.167,51,0.784,7.8537,400.54,MB,2h,validation,0.65,87
5.0,0.25,51,0.745,5.1058,260.39,MB,2h,validation,0.65,87
5.0,0.5,51,0.627,5.7039,290.9,MB,2h,validation,0.65,87
5.0,1.0,51,0.529,5.51,281.01,MB,2h,validation,0.65,87
5.0,2.0,51,0.471,3.4959,178.29,MB,2h,validation,0.65,87
5.0,5.0,51,0.373,-1.4428,-73.58,MB,2h,validation,0.65,87
7.0,0.083,51,0.824,3.8781,197.79,MB,2h,validation,0.65,87
7.0,0.125,51,0.843,5.4371,277.29,MB,2h,validation,0.65,87
7.0,0.167,51,0.784,7.8538,400.54,MB,2h,validation,0.65,87
7.0,0.25,51,0.745,5.1109,260.65,MB,2h,validation,0.65,87
7.0,0.5,51,0.627,6.0209,307.07,MB,2h,validation,0.65,87
7.0,1.0,51,0.529,6.2811,320.33,MB,2h,validation,0.65,87
7.0,2.0,51,0.451,5.2748,269.01,MB,2h,validation,0.65,87
7.0,5.0,51,0.314,-0.678,-34.58,MB,2h,validation,0.65,87
10.0,0.083,51,0.824,3.8781,197.79,MB,2h,validation,0.65,87
10.0,0.125,51,0.843,5.4371,277.29,MB,2h,validation,0.65,87
10.0,0.167,51,0.784,7.8538,400.54,MB,2h,validation,0.65,87
10.0,0.25,51,0.745,5.1109,260.66,MB,2h,validation,0.65,87
10.0,0.5,51,0.627,6.0575,308.93,MB,2h,validation,0.65,87
10.0,1.0,51,0.529,6.7012,341.76,MB,2h,validation,0.65,87
10.0,2.0,51,0.431,5.3635,273.54,MB,2h,validation,0.65,87
10.0,5.0,51,0.294,0.4798,24.47,MB,2h,validation,0.65,87
2.0,0.083,49,0.755,3.8734,189.8,MB,2h,validation,0.675,87
2.0,0.125,49,0.816,4.8012,235.26,MB,2h,validation,0.675,87
2.0,0.167,49,0.776,6.6624,326.46,MB,2h,validation,0.675,87
2.0,0.25,49,0.735,6.8247,334.41,MB,2h,validation,0.675,87
2.0,0.5,49,0.653,6.0599,296.94,MB,2h,validation,0.675,87
2.0,1.0,49,0.612,4.7142,231.0,MB,2h,validation,0.675,87
2.0,2.0,49,0.551,1.8875,92.49,MB,2h,validation,0.675,87
2.0,5.0,49,0.449,-3.4289,-168.01,MB,2h,validation,0.675,87
3.0,0.083,49,0.755,3.8734,189.8,MB,2h,validation,0.675,87
3.0,0.125,49,0.816,4.8012,235.26,MB,2h,validation,0.675,87
3.0,0.167,49,0.776,6.8641,336.34,MB,2h,validation,0.675,87
3.0,0.25,49,0.735,7.271,356.28,MB,2h,validation,0.675,87
3.0,0.5,49,0.633,7.1612,350.9,MB,2h,validation,0.675,87
3.0,1.0,49,0.571,6.7341,329.97,MB,2h,validation,0.675,87
3.0,2.0,49,0.51,3.6527,178.98,MB,2h,validation,0.675,87
3.0,5.0,49,0.429,-1.3843,-67.83,MB,2h,validation,0.675,87
4.0,0.083,49,0.755,3.8734,189.8,MB,2h,validation,0.675,87
4.0,0.125,49,0.816,4.8012,235.26,MB,2h,validation,0.675,87
4.0,0.167,49,0.755,6.261,306.79,MB,2h,validation,0.675,87
4.0,0.25,49,0.714,6.7941,332.91,MB,2h,validation,0.675,87
4.0,0.5,49,0.592,6.6766,327.15,MB,2h,validation,0.675,87
4.0,1.0,49,0.49,5.1116,250.47,MB,2h,validation,0.675,87
4.0,2.0,49,0.429,1.806,88.49,MB,2h,validation,0.675,87
4.0,5.0,49,0.327,-3.9518,-193.64,MB,2h,validation,0.675,87
5.0,0.083,49,0.755,3.8734,189.8,MB,2h,validation,0.675,87
5.0,0.125,49,0.816,4.8012,235.26,MB,2h,validation,0.675,87
5.0,0.167,49,0.755,6.3665,311.96,MB,2h,validation,0.675,87
5.0,0.25,49,0.714,7.0379,344.86,MB,2h,validation,0.675,87
5.0,0.5,49,0.592,7.3133,358.35,MB,2h,validation,0.675,87
5.0,1.0,49,0.49,6.251,306.3,MB,2h,validation,0.675,87
5.0,2.0,49,0.429,3.1315,153.44,MB,2h,validation,0.675,87
5.0,5.0,49,0.327,-3.617,-177.24,MB,2h,validation,0.675,87
7.0,0.083,49,0.755,3.8734,189.8,MB,2h,validation,0.675,87
7.0,0.125,49,0.816,4.8012,235.26,MB,2h,validation,0.675,87
7.0,0.167,49,0.755,6.367,311.98,MB,2h,validation,0.675,87
7.0,0.25,49,0.714,7.0489,345.39,MB,2h,validation,0.675,87
7.0,0.5,49,0.592,7.6659,375.63,MB,2h,validation,0.675,87
7.0,1.0,49,0.49,7.0385,344.89,MB,2h,validation,0.675,87
7.0,2.0,49,0.408,4.771,233.78,MB,2h,validation,0.675,87
7.0,5.0,49,0.286,-2.9638,-145.23,MB,2h,validation,0.675,87
10.0,0.083,49,0.755,3.8734,189.8,MB,2h,validation,0.675,87
10.0,0.125,49,0.816,4.8012,235.26,MB,2h,validation,0.675,87
10.0,0.167,49,0.755,6.367,311.98,MB,2h,validation,0.675,87
10.0,0.25,49,0.714,7.0489,345.39,MB,2h,validation,0.675,87
10.0,0.5,49,0.592,7.7021,377.4,MB,2h,validation,0.675,87
10.0,1.0,49,0.49,7.4854,366.78,MB,2h,validation,0.675,87
10.0,2.0,49,0.388,5.0591,247.9,MB,2h,validation,0.675,87
10.0,5.0,49,0.265,-0.4419,-21.65,MB,2h,validation,0.675,87
2.0,0.083,50,0.84,4.1169,205.85,MB,2h,validation,0.7,87
2.0,0.125,50,0.84,5.9347,296.73,MB,2h,validation,0.7,87
2.0,0.167,50,0.78,7.0178,350.89,MB,2h,validation,0.7,87
2.0,0.25,50,0.74,7.6218,381.09,MB,2h,validation,0.7,87
2.0,0.5,50,0.66,6.7138,335.69,MB,2h,validation,0.7,87
2.0,1.0,50,0.6,5.1287,256.43,MB,2h,validation,0.7,87
2.0,2.0,50,0.54,2.4328,121.64,MB,2h,validation,0.7,87
2.0,5.0,50,0.44,-3.0345,-151.72,MB,2h,validation,0.7,87
3.0,0.083,50,0.84,4.1169,205.85,MB,2h,validation,0.7,87
3.0,0.125,50,0.84,5.9347,296.73,MB,2h,validation,0.7,87
3.0,0.167,50,0.78,7.1945,359.73,MB,2h,validation,0.7,87
3.0,0.25,50,0.74,7.9632,398.16,MB,2h,validation,0.7,87
3.0,0.5,50,0.64,7.2519,362.6,MB,2h,validation,0.7,87
3.0,1.0,50,0.56,5.8196,290.98,MB,2h,validation,0.7,87
3.0,2.0,50,0.5,3.7258,186.29,MB,2h,validation,0.7,87
3.0,5.0,50,0.42,-1.121,-56.05,MB,2h,validation,0.7,87
4.0,0.083,50,0.84,4.1169,205.85,MB,2h,validation,0.7,87
4.0,0.125,50,0.84,5.9347,296.73,MB,2h,validation,0.7,87
4.0,0.167,50,0.76,6.5891,329.45,MB,2h,validation,0.7,87
4.0,0.25,50,0.72,7.4659,373.29,MB,2h,validation,0.7,87
4.0,0.5,50,0.58,5.3088,265.44,MB,2h,validation,0.7,87
4.0,1.0,50,0.48,4.5799,228.99,MB,2h,validation,0.7,87
4.0,2.0,50,0.42,1.0943,54.71,MB,2h,validation,0.7,87
4.0,5.0,50,0.36,-3.6511,-182.55,MB,2h,validation,0.7,87
5.0,0.083,50,0.84,4.1169,205.85,MB,2h,validation,0.7,87
5.0,0.125,50,0.84,5.9347,296.73,MB,2h,validation,0.7,87
5.0,0.167,50,0.76,6.7161,335.81,MB,2h,validation,0.7,87
5.0,0.25,50,0.72,7.7866,389.33,MB,2h,validation,0.7,87
5.0,0.5,50,0.58,6.1837,309.19,MB,2h,validation,0.7,87
5.0,1.0,50,0.48,6.2741,313.71,MB,2h,validation,0.7,87
5.0,2.0,50,0.42,3.4357,171.79,MB,2h,validation,0.7,87
5.0,5.0,50,0.36,-3.1876,-159.38,MB,2h,validation,0.7,87
7.0,0.083,50,0.84,4.1169,205.85,MB,2h,validation,0.7,87
7.0,0.125,50,0.84,5.9347,296.73,MB,2h,validation,0.7,87
7.0,0.167,50,0.76,6.7166,335.83,MB,2h,validation,0.7,87
7.0,0.25,50,0.72,7.7906,389.53,MB,2h,validation,0.7,87
7.0,0.5,50,0.58,6.3588,317.94,MB,2h,validation,0.7,87
7.0,1.0,50,0.48,7.0613,353.07,MB,2h,validation,0.7,87
7.0,2.0,50,0.42,5.0814,254.07,MB,2h,validation,0.7,87
7.0,5.0,50,0.34,-2.8177,-140.89,MB,2h,validation,0.7,87
10.0,0.083,50,0.84,4.1169,205.85,MB,2h,validation,0.7,87
10.0,0.125,50,0.84,5.9347,296.73,MB,2h,validation,0.7,87
10.0,0.167,50,0.76,6.7166,335.83,MB,2h,validation,0.7,87
10.0,0.25,50,0.72,7.7965,389.83,MB,2h,validation,0.7,87
10.0,0.5,50,0.58,6.541,327.05,MB,2h,validation,0.7,87
10.0,1.0,50,0.48,7.2528,362.64,MB,2h,validation,0.7,87
10.0,2.0,50,0.38,4.9298,246.49,MB,2h,validation,0.7,87
10.0,5.0,50,0.3,-0.9386,-46.93,MB,2h,validation,0.7,87
2.0,0.083,70,0.857,4.0193,281.35,MB,2h,holdout,0.3,89
2.0,0.125,70,0.843,7.1243,498.7,MB,2h,holdout,0.3,89
2.0,0.167,70,0.871,9.5124,665.87,MB,2h,holdout,0.3,89
2.0,0.25,70,0.829,10.0896,706.27,MB,2h,holdout,0.3,89
2.0,0.5,70,0.771,9.5754,670.28,MB,2h,holdout,0.3,89
2.0,1.0,70,0.714,9.2047,644.33,MB,2h,holdout,0.3,89
2.0,2.0,70,0.6,6.686,468.02,MB,2h,holdout,0.3,89
2.0,5.0,70,0.543,2.0849,145.94,MB,2h,holdout,0.3,89
3.0,0.083,70,0.857,4.0193,281.35,MB,2h,holdout,0.3,89
3.0,0.125,70,0.843,7.1243,498.7,MB,2h,holdout,0.3,89
3.0,0.167,70,0.857,9.4016,658.11,MB,2h,holdout,0.3,89
3.0,0.25,70,0.814,9.8107,686.75,MB,2h,holdout,0.3,89
3.0,0.5,70,0.757,10.0318,702.23,MB,2h,holdout,0.3,89
3.0,1.0,70,0.7,10.6576,746.03,MB,2h,holdout,0.3,89
3.0,2.0,70,0.571,8.1295,569.07,MB,2h,holdout,0.3,89
3.0,5.0,70,0.443,0.1092,7.64,MB,2h,holdout,0.3,89
4.0,0.083,70,0.857,4.0193,281.35,MB,2h,holdout,0.3,89
4.0,0.125,70,0.843,7.1243,498.7,MB,2h,holdout,0.3,89
4.0,0.167,70,0.857,9.4016,658.11,MB,2h,holdout,0.3,89
4.0,0.25,70,0.814,9.8107,686.75,MB,2h,holdout,0.3,89
4.0,0.5,70,0.757,10.0393,702.75,MB,2h,holdout,0.3,89
4.0,1.0,70,0.7,10.5823,740.76,MB,2h,holdout,0.3,89
4.0,2.0,70,0.557,7.9026,553.18,MB,2h,holdout,0.3,89
4.0,5.0,70,0.414,1.1085,77.6,MB,2h,holdout,0.3,89
5.0,0.083,70,0.857,4.0193,281.35,MB,2h,holdout,0.3,89
5.0,0.125,70,0.843,7.1243,498.7,MB,2h,holdout,0.3,89
5.0,0.167,70,0.857,9.4017,658.12,MB,2h,holdout,0.3,89
5.0,0.25,70,0.814,9.8116,686.81,MB,2h,holdout,0.3,89
5.0,0.5,70,0.757,10.0852,705.96,MB,2h,holdout,0.3,89
5.0,1.0,70,0.7,10.9892,769.24,MB,2h,holdout,0.3,89
5.0,2.0,70,0.557,8.6645,606.51,MB,2h,holdout,0.3,89
5.0,5.0,70,0.386,2.5367,177.57,MB,2h,holdout,0.3,89
7.0,0.083,70,0.857,4.0193,281.35,MB,2h,holdout,0.3,89
7.0,0.125,70,0.843,7.1243,498.7,MB,2h,holdout,0.3,89
7.0,0.167,70,0.857,9.4017,658.12,MB,2h,holdout,0.3,89
7.0,0.25,70,0.814,9.8137,686.96,MB,2h,holdout,0.3,89
7.0,0.5,70,0.757,10.1567,710.97,MB,2h,holdout,0.3,89
7.0,1.0,70,0.7,11.258,788.06,MB,2h,holdout,0.3,89
7.0,2.0,70,0.557,9.4795,663.56,MB,2h,holdout,0.3,89
7.0,5.0,70,0.357,1.5762,110.33,MB,2h,holdout,0.3,89
10.0,0.083,70,0.857,4.0193,281.35,MB,2h,holdout,0.3,89
10.0,0.125,70,0.843,7.1243,498.7,MB,2h,holdout,0.3,89
10.0,0.167,70,0.857,9.4017,658.12,MB,2h,holdout,0.3,89
10.0,0.25,70,0.814,9.8137,686.96,MB,2h,holdout,0.3,89
10.0,0.5,70,0.757,10.1567,710.97,MB,2h,holdout,0.3,89
10.0,1.0,70,0.7,11.2929,790.5,MB,2h,holdout,0.3,89
10.0,2.0,70,0.557,9.3131,651.92,MB,2h,holdout,0.3,89
10.0,5.0,70,0.343,0.7681,53.77,MB,2h,holdout,0.3,89
2.0,0.083,70,0.857,4.0627,284.39,MB,2h,holdout,0.325,89
2.0,0.125,70,0.857,6.1776,432.43,MB,2h,holdout,0.325,89
2.0,0.167,70,0.871,8.6982,608.88,MB,2h,holdout,0.325,89
2.0,0.25,70,0.843,9.433,660.31,MB,2h,holdout,0.325,89
2.0,0.5,70,0.771,8.4397,590.78,MB,2h,holdout,0.325,89
2.0,1.0,70,0.714,8.855,619.85,MB,2h,holdout,0.325,89
2.0,2.0,70,0.614,6.6045,462.32,MB,2h,holdout,0.325,89
2.0,5.0,70,0.543,2.4331,170.32,MB,2h,holdout,0.325,89
3.0,0.083,70,0.857,4.0627,284.39,MB,2h,holdout,0.325,89
3.0,0.125,70,0.857,6.1776,432.43,MB,2h,holdout,0.325,89
3.0,0.167,70,0.857,8.594,601.58,MB,2h,holdout,0.325,89
3.0,0.25,70,0.829,9.1675,641.73,MB,2h,holdout,0.325,89
3.0,0.5,70,0.743,8.1974,573.82,MB,2h,holdout,0.325,89
3.0,1.0,70,0.686,9.7062,679.44,MB,2h,holdout,0.325,89
3.0,2.0,70,0.557,6.6036,462.25,MB,2h,holdout,0.325,89
3.0,5.0,70,0.414,-1.182,-82.74,MB,2h,holdout,0.325,89
4.0,0.083,70,0.857,4.0627,284.39,MB,2h,holdout,0.325,89
4.0,0.125,70,0.857,6.1776,432.43,MB,2h,holdout,0.325,89
4.0,0.167,70,0.857,8.594,601.58,MB,2h,holdout,0.325,89
4.0,0.25,70,0.829,9.1678,641.74,MB,2h,holdout,0.325,89
4.0,0.5,70,0.743,8.2139,574.97,MB,2h,holdout,0.325,89
4.0,1.0,70,0.686,9.6675,676.72,MB,2h,holdout,0.325,89
4.0,2.0,70,0.543,6.4919,454.43,MB,2h,holdout,0.325,89
4.0,5.0,70,0.386,-0.1645,-11.51,MB,2h,holdout,0.325,89
5.0,0.083,70,0.857,4.0627,284.39,MB,2h,holdout,0.325,89
5.0,0.125,70,0.857,6.1776,432.43,MB,2h,holdout,0.325,89
5.0,0.167,70,0.857,8.594,601.58,MB,2h,holdout,0.325,89
5.0,0.25,70,0.829,9.1685,641.8,MB,2h,holdout,0.325,89
5.0,0.5,70,0.743,8.2575,578.03,MB,2h,holdout,0.325,89
5.0,1.0,70,0.686,10.047,703.29,MB,2h,holdout,0.325,89
5.0,2.0,70,0.543,7.1772,502.4,MB,2h,holdout,0.325,89
5.0,5.0,70,0.357,1.1811,82.68,MB,2h,holdout,0.325,89
7.0,0.083,70,0.857,4.0627,284.39,MB,2h,holdout,0.325,89
7.0,0.125,70,0.857,6.1776,432.43,MB,2h,holdout,0.325,89
7.0,0.167,70,0.857,8.5941,601.58,MB,2h,holdout,0.325,89
7.0,0.25,70,0.829,9.1705,641.94,MB,2h,holdout,0.325,89
7.0,0.5,70,0.743,8.3274,582.92,MB,2h,holdout,0.325,89
7.0,1.0,70,0.686,10.2978,720.84,MB,2h,holdout,0.325,89
7.0,2.0,70,0.543,7.9366,555.56,MB,2h,holdout,0.325,89
7.0,5.0,70,0.343,0.0262,1.84,MB,2h,holdout,0.325,89
10.0,0.083,70,0.857,4.0627,284.39,MB,2h,holdout,0.325,89
10.0,0.125,70,0.857,6.1776,432.43,MB,2h,holdout,0.325,89
10.0,0.167,70,0.857,8.5941,601.58,MB,2h,holdout,0.325,89
10.0,0.25,70,0.829,9.1705,641.94,MB,2h,holdout,0.325,89
10.0,0.5,70,0.743,8.3274,582.92,MB,2h,holdout,0.325,89
10.0,1.0,70,0.686,10.3437,724.06,MB,2h,holdout,0.325,89
10.0,2.0,70,0.543,7.8102,546.72,MB,2h,holdout,0.325,89
10.0,5.0,70,0.329,-0.7086,-49.6,MB,2h,holdout,0.325,89
2.0,0.083,71,0.831,4.2151,299.27,MB,2h,holdout,0.35,89
2.0,0.125,71,0.873,7.2135,512.16,MB,2h,holdout,0.35,89
2.0,0.167,71,0.901,9.9445,706.06,MB,2h,holdout,0.35,89
2.0,0.25,71,0.859,10.4579,742.51,MB,2h,holdout,0.35,89
2.0,0.5,71,0.775,8.9965,638.75,MB,2h,holdout,0.35,89
2.0,1.0,71,0.704,9.0015,639.11,MB,2h,holdout,0.35,89
2.0,2.0,71,0.606,6.3766,452.74,MB,2h,holdout,0.35,89
2.0,5.0,71,0.535,3.0327,215.32,MB,2h,holdout,0.35,89
3.0,0.083,71,0.831,4.2151,299.27,MB,2h,holdout,0.35,89
3.0,0.125,71,0.873,7.2135,512.16,MB,2h,holdout,0.35,89
3.0,0.167,71,0.887,9.8472,699.15,MB,2h,holdout,0.35,89
3.0,0.25,71,0.845,10.2616,728.57,MB,2h,holdout,0.35,89
3.0,0.5,71,0.746,8.8495,628.32,MB,2h,holdout,0.35,89
3.0,1.0,71,0.676,9.7814,694.48,MB,2h,holdout,0.35,89
3.0,2.0,71,0.549,6.0583,430.14,MB,2h,holdout,0.35,89
3.0,5.0,71,0.394,-2.1159,-150.23,MB,2h,holdout,0.35,89
4.0,0.083,71,0.831,4.2151,299.27,MB,2h,holdout,0.35,89
4.0,0.125,71,0.873,7.2135,512.16,MB,2h,holdout,0.35,89
4.0,0.167,71,0.887,9.8472,699.15,MB,2h,holdout,0.35,89
4.0,0.25,71,0.845,10.2618,728.59,MB,2h,holdout,0.35,89
4.0,0.5,71,0.746,8.87,629.77,MB,2h,holdout,0.35,89
4.0,1.0,71,0.676,9.9253,704.7,MB,2h,holdout,0.35,89
4.0,2.0,71,0.549,6.5702,466.49,MB,2h,holdout,0.35,89
4.0,5.0,71,0.38,-0.7586,-53.86,MB,2h,holdout,0.35,89
5.0,0.083,71,0.831,4.2151,299.27,MB,2h,holdout,0.35,89
5.0,0.125,71,0.873,7.2135,512.16,MB,2h,holdout,0.35,89
5.0,0.167,71,0.887,9.8472,699.15,MB,2h,holdout,0.35,89
5.0,0.25,71,0.845,10.2625,728.64,MB,2h,holdout,0.35,89
5.0,0.5,71,0.746,8.9121,632.76,MB,2h,holdout,0.35,89
5.0,1.0,71,0.676,10.3372,733.94,MB,2h,holdout,0.35,89
5.0,2.0,71,0.535,7.4089,526.03,MB,2h,holdout,0.35,89
5.0,5.0,71,0.366,1.549,109.98,MB,2h,holdout,0.35,89
7.0,0.083,71,0.831,4.2151,299.27,MB,2h,holdout,0.35,89
7.0,0.125,71,0.873,7.2135,512.16,MB,2h,holdout,0.35,89
7.0,0.167,71,0.887,9.8472,699.15,MB,2h,holdout,0.35,89
7.0,0.25,71,0.845,10.2644,728.77,MB,2h,holdout,0.35,89
7.0,0.5,71,0.746,8.9795,637.54,MB,2h,holdout,0.35,89
7.0,1.0,71,0.676,10.5876,751.72,MB,2h,holdout,0.35,89
7.0,2.0,71,0.535,7.7851,552.74,MB,2h,holdout,0.35,89
7.0,5.0,71,0.338,-0.08,-5.68,MB,2h,holdout,0.35,89
10.0,0.083,71,0.831,4.2151,299.27,MB,2h,holdout,0.35,89
10.0,0.125,71,0.873,7.2135,512.16,MB,2h,holdout,0.35,89
10.0,0.167,71,0.887,9.8472,699.15,MB,2h,holdout,0.35,89
10.0,0.25,71,0.845,10.2644,728.77,MB,2h,holdout,0.35,89
10.0,0.5,71,0.746,8.9795,637.54,MB,2h,holdout,0.35,89
10.0,1.0,71,0.676,10.6318,754.86,MB,2h,holdout,0.35,89
10.0,2.0,71,0.535,7.7465,550.0,MB,2h,holdout,0.35,89
10.0,5.0,71,0.324,-0.672,-47.71,MB,2h,holdout,0.35,89
2.0,0.083,68,0.838,4.1064,279.23,MB,2h,holdout,0.375,89
2.0,0.125,68,0.882,7.0342,478.33,MB,2h,holdout,0.375,89
2.0,0.167,68,0.882,9.2085,626.18,MB,2h,holdout,0.375,89
2.0,0.25,68,0.838,9.5539,649.66,MB,2h,holdout,0.375,89
2.0,0.5,68,0.794,10.591,720.19,MB,2h,holdout,0.375,89
2.0,1.0,68,0.721,10.4108,707.94,MB,2h,holdout,0.375,89
2.0,2.0,68,0.618,7.7253,525.32,MB,2h,holdout,0.375,89
2.0,5.0,68,0.544,4.6847,318.56,MB,2h,holdout,0.375,89
3.0,0.083,68,0.838,4.1064,279.23,MB,2h,holdout,0.375,89
3.0,0.125,68,0.882,7.0342,478.33,MB,2h,holdout,0.375,89
3.0,0.167,68,0.868,9.0808,617.49,MB,2h,holdout,0.375,89
3.0,0.25,68,0.824,9.2508,629.05,MB,2h,holdout,0.375,89
3.0,0.5,68,0.765,10.3727,705.34,MB,2h,holdout,0.375,89
3.0,1.0,68,0.691,10.954,744.87,MB,2h,holdout,0.375,89
3.0,2.0,68,0.588,7.643,519.73,MB,2h,holdout,0.375,89
3.0,5.0,68,0.426,-0.4428,-30.11,MB,2h,holdout,0.375,89
4.0,0.083,68,0.838,4.1064,279.23,MB,2h,holdout,0.375,89
4.0,0.125,68,0.882,7.0342,478.33,MB,2h,holdout,0.375,89
4.0,0.167,68,0.868,9.0808,617.49,MB,2h,holdout,0.375,89
4.0,0.25,68,0.824,9.251,629.07,MB,2h,holdout,0.375,89
4.0,0.5,68,0.765,10.3885,706.42,MB,2h,holdout,0.375,89
4.0,1.0,68,0.691,11.1931,761.13,MB,2h,holdout,0.375,89
4.0,2.0,68,0.559,7.8174,531.58,MB,2h,holdout,0.375,89
4.0,5.0,68,0.382,-0.129,-8.77,MB,2h,holdout,0.375,89
5.0,0.083,68,0.838,4.1064,279.23,MB,2h,holdout,0.375,89
5.0,0.125,68,0.882,7.0342,478.33,MB,2h,holdout,0.375,89
5.0,0.167,68,0.868,9.0808,617.49,MB,2h,holdout,0.375,89
5.0,0.25,68,0.824,9.2516,629.11,MB,2h,holdout,0.375,89
5.0,0.5,68,0.765,10.4067,707.66,MB,2h,holdout,0.375,89
5.0,1.0,68,0.691,11.5108,782.73,MB,2h,holdout,0.375,89
5.0,2.0,68,0.544,8.1946,557.23,MB,2h,holdout,0.375,89
5.0,5.0,68,0.368,1.111,75.55,MB,2h,holdout,0.375,89
7.0,0.083,68,0.838,4.1064,279.23,MB,2h,holdout,0.375,89
7.0,0.125,68,0.882,7.0342,478.33,MB,2h,holdout,0.375,89
7.0,0.167,68,0.868,9.0808,617.49,MB,2h,holdout,0.375,89
7.0,0.25,68,0.824,9.2534,629.23,MB,2h,holdout,0.375,89
7.0,0.5,68,0.765,10.4756,712.34,MB,2h,holdout,0.375,89
7.0,1.0,68,0.691,11.808,802.94,MB,2h,holdout,0.375,89
7.0,2.0,68,0.544,8.7991,598.34,MB,2h,holdout,0.375,89
7.0,5.0,68,0.338,-0.1494,-10.16,MB,2h,holdout,0.375,89
10.0,0.083,68,0.838,4.1064,279.23,MB,2h,holdout,0.375,89
10.0,0.125,68,0.882,7.0342,478.33,MB,2h,holdout,0.375,89
10.0,0.167,68,0.868,9.0808,617.49,MB,2h,holdout,0.375,89
10.0,0.25,68,0.824,9.2534,629.23,MB,2h,holdout,0.375,89
10.0,0.5,68,0.765,10.4756,712.34,MB,2h,holdout,0.375,89
10.0,1.0,68,0.691,11.8502,805.81,MB,2h,holdout,0.375,89
10.0,2.0,68,0.544,8.6877,590.76,MB,2h,holdout,0.375,89
10.0,5.0,68,0.324,-0.4376,-29.76,MB,2h,holdout,0.375,89
2.0,0.083,66,0.833,3.9696,261.99,MB,2h,holdout,0.4,89
2.0,0.125,66,0.864,6.4413,425.12,MB,2h,holdout,0.4,89
2.0,0.167,66,0.864,8.6874,573.37,MB,2h,holdout,0.4,89
2.0,0.25,66,0.803,8.1232,536.13,MB,2h,holdout,0.4,89
2.0,0.5,66,0.758,9.3193,615.07,MB,2h,holdout,0.4,89
2.0,1.0,66,0.712,9.7226,641.69,MB,2h,holdout,0.4,89
2.0,2.0,66,0.621,7.7232,509.73,MB,2h,holdout,0.4,89
2.0,5.0,66,0.545,4.6849,309.21,MB,2h,holdout,0.4,89
3.0,0.083,66,0.833,3.9696,261.99,MB,2h,holdout,0.4,89
3.0,0.125,66,0.864,6.4413,425.12,MB,2h,holdout,0.4,89
3.0,0.167,66,0.848,8.6313,569.67,MB,2h,holdout,0.4,89
3.0,0.25,66,0.788,7.9966,527.78,MB,2h,holdout,0.4,89
3.0,0.5,66,0.742,10.1682,671.1,MB,2h,holdout,0.4,89
3.0,1.0,66,0.682,10.535,695.31,MB,2h,holdout,0.4,89
3.0,2.0,66,0.591,8.7239,575.78,MB,2h,holdout,0.4,89
3.0,5.0,66,0.439,0.3058,20.18,MB,2h,holdout,0.4,89
4.0,0.083,66,0.833,3.9696,261.99,MB,2h,holdout,0.4,89
4.0,0.125,66,0.864,6.4413,425.12,MB,2h,holdout,0.4,89
4.0,0.167,66,0.848,8.6313,569.67,MB,2h,holdout,0.4,89
4.0,0.25,66,0.788,7.9968,527.79,MB,2h,holdout,0.4,89
4.0,0.5,66,0.742,10.3001,679.81,MB,2h,holdout,0.4,89
4.0,1.0,66,0.682,11.1115,733.36,MB,2h,holdout,0.4,89
4.0,2.0,66,0.561,9.237,609.64,MB,2h,holdout,0.4,89
4.0,5.0,66,0.394,0.7693,50.77,MB,2h,holdout,0.4,89
5.0,0.083,66,0.833,3.9696,261.99,MB,2h,holdout,0.4,89
5.0,0.125,66,0.864,6.4413,425.12,MB,2h,holdout,0.4,89
5.0,0.167,66,0.848,8.6313,569.67,MB,2h,holdout,0.4,89
5.0,0.25,66,0.788,7.9974,527.83,MB,2h,holdout,0.4,89
5.0,0.5,66,0.742,10.3202,681.13,MB,2h,holdout,0.4,89
5.0,1.0,66,0.682,11.303,746.0,MB,2h,holdout,0.4,89
5.0,2.0,66,0.545,9.3193,615.07,MB,2h,holdout,0.4,89
5.0,5.0,66,0.379,1.685,111.21,MB,2h,holdout,0.4,89
7.0,0.083,66,0.833,3.9696,261.99,MB,2h,holdout,0.4,89
7.0,0.125,66,0.864,6.4413,425.12,MB,2h,holdout,0.4,89
7.0,0.167,66,0.848,8.6313,569.67,MB,2h,holdout,0.4,89
7.0,0.25,66,0.788,7.9992,527.95,MB,2h,holdout,0.4,89
7.0,0.5,66,0.742,10.3893,685.69,MB,2h,holdout,0.4,89
7.0,1.0,66,0.682,11.7479,775.36,MB,2h,holdout,0.4,89
7.0,2.0,66,0.545,10.3039,680.06,MB,2h,holdout,0.4,89
7.0,5.0,66,0.348,1.0113,66.75,MB,2h,holdout,0.4,89
10.0,0.083,66,0.833,3.9696,261.99,MB,2h,holdout,0.4,89
10.0,0.125,66,0.864,6.4413,425.12,MB,2h,holdout,0.4,89
10.0,0.167,66,0.848,8.6313,569.67,MB,2h,holdout,0.4,89
10.0,0.25,66,0.788,7.9992,527.95,MB,2h,holdout,0.4,89
10.0,0.5,66,0.742,10.3896,685.71,MB,2h,holdout,0.4,89
10.0,1.0,66,0.682,11.7953,778.49,MB,2h,holdout,0.4,89
10.0,2.0,66,0.545,10.1529,670.09,MB,2h,holdout,0.4,89
10.0,5.0,66,0.333,1.05,69.3,MB,2h,holdout,0.4,89
2.0,0.083,65,0.785,3.6745,238.84,MB,2h,holdout,0.425,89
2.0,0.125,65,0.846,6.2342,405.22,MB,2h,holdout,0.425,89
2.0,0.167,65,0.877,8.6592,562.85,MB,2h,holdout,0.425,89
2.0,0.25,65,0.8,8.1161,527.54,MB,2h,holdout,0.425,89
2.0,0.5,65,0.769,10.4627,680.07,MB,2h,holdout,0.425,89
2.0,1.0,65,0.738,11.5886,753.26,MB,2h,holdout,0.425,89
2.0,2.0,65,0.631,8.9818,583.82,MB,2h,holdout,0.425,89
2.0,5.0,65,0.554,5.2734,342.77,MB,2h,holdout,0.425,89
3.0,0.083,65,0.785,3.6745,238.84,MB,2h,holdout,0.425,89
3.0,0.125,65,0.846,6.2342,405.22,MB,2h,holdout,0.425,89
3.0,0.167,65,0.862,8.6042,559.27,MB,2h,holdout,0.425,89
3.0,0.25,65,0.785,7.9737,518.29,MB,2h,holdout,0.425,89
3.0,0.5,65,0.754,11.2621,732.04,MB,2h,holdout,0.425,89
3.0,1.0,65,0.708,12.3491,802.69,MB,2h,holdout,0.425,89
3.0,2.0,65,0.6,10.1584,660.3,MB,2h,holdout,0.425,89
3.0,5.0,65,0.462,1.4083,91.54,MB,2h,holdout,0.425,89
4.0,0.083,65,0.785,3.6745,238.84,MB,2h,holdout,0.425,89
4.0,0.125,65,0.846,6.2342,405.22,MB,2h,holdout,0.425,89
4.0,0.167,65,0.862,8.6045,559.29,MB,2h,holdout,0.425,89
4.0,0.25,65,0.785,7.9788,518.62,MB,2h,holdout,0.425,89
4.0,0.5,65,0.754,11.4289,742.88,MB,2h,holdout,0.425,89
4.0,1.0,65,0.708,13.1326,853.62,MB,2h,holdout,0.425,89
4.0,2.0,65,0.585,11.0784,720.09,MB,2h,holdout,0.425,89
4.0,5.0,65,0.431,2.4041,156.27,MB,2h,holdout,0.425,89
5.0,0.083,65,0.785,3.6745,238.84,MB,2h,holdout,0.425,89
5.0,0.125,65,0.846,6.2342,405.22,MB,2h,holdout,0.425,89
5.0,0.167,65,0.862,8.6045,559.29,MB,2h,holdout,0.425,89
5.0,0.25,65,0.785,7.9788,518.62,MB,2h,holdout,0.425,89
5.0,0.5,65,0.754,11.432,743.08,MB,2h,holdout,0.425,89
5.0,1.0,65,0.708,13.0914,850.94,MB,2h,holdout,0.425,89
5.0,2.0,65,0.554,10.6134,689.87,MB,2h,holdout,0.425,89
5.0,5.0,65,0.4,2.404,156.26,MB,2h,holdout,0.425,89
7.0,0.083,65,0.785,3.6745,238.84,MB,2h,holdout,0.425,89
7.0,0.125,65,0.846,6.2342,405.22,MB,2h,holdout,0.425,89
7.0,0.167,65,0.862,8.6045,559.29,MB,2h,holdout,0.425,89
7.0,0.25,65,0.785,7.9803,518.72,MB,2h,holdout,0.425,89
7.0,0.5,65,0.754,11.5041,747.77,MB,2h,holdout,0.425,89
7.0,1.0,65,0.708,13.5761,882.45,MB,2h,holdout,0.425,89
7.0,2.0,65,0.554,11.6909,759.91,MB,2h,holdout,0.425,89
7.0,5.0,65,0.369,1.9294,125.41,MB,2h,holdout,0.425,89
10.0,0.083,65,0.785,3.6745,238.84,MB,2h,holdout,0.425,89
10.0,0.125,65,0.846,6.2342,405.22,MB,2h,holdout,0.425,89
10.0,0.167,65,0.862,8.6045,559.29,MB,2h,holdout,0.425,89
10.0,0.25,65,0.785,7.981,518.77,MB,2h,holdout,0.425,89
10.0,0.5,65,0.754,11.5171,748.61,MB,2h,holdout,0.425,89
10.0,1.0,65,0.708,13.6794,889.16,MB,2h,holdout,0.425,89
10.0,2.0,65,0.554,11.6124,754.81,MB,2h,holdout,0.425,89
10.0,5.0,65,0.354,2.0152,130.99,MB,2h,holdout,0.425,89
2.0,0.083,65,0.877,4.148,269.62,MB,2h,holdout,0.45,89
2.0,0.125,65,0.892,6.4755,420.91,MB,2h,holdout,0.45,89
2.0,0.167,65,0.846,7.8042,507.27,MB,2h,holdout,0.45,89
2.0,0.25,65,0.8,8.1189,527.73,MB,2h,holdout,0.45,89
2.0,0.5,65,0.738,9.6577,627.75,MB,2h,holdout,0.45,89
2.0,1.0,65,0.708,11.4269,742.75,MB,2h,holdout,0.45,89
2.0,2.0,65,0.631,8.184,531.96,MB,2h,holdout,0.45,89
2.0,5.0,65,0.538,4.0875,265.68,MB,2h,holdout,0.45,89
3.0,0.083,65,0.877,4.148,269.62,MB,2h,holdout,0.45,89
3.0,0.125,65,0.892,6.4755,420.91,MB,2h,holdout,0.45,89
3.0,0.167,65,0.831,7.7579,504.26,MB,2h,holdout,0.45,89
3.0,0.25,65,0.785,7.9901,519.36,MB,2h,holdout,0.45,89
3.0,0.5,65,0.723,10.4522,679.39,MB,2h,holdout,0.45,89
3.0,1.0,65,0.677,12.1593,790.36,MB,2h,holdout,0.45,89
3.0,2.0,65,0.585,9.7313,632.53,MB,2h,holdout,0.45,89
3.0,5.0,65,0.446,1.2113,78.74,MB,2h,holdout,0.45,89
4.0,0.083,65,0.877,4.148,269.62,MB,2h,holdout,0.45,89
4.0,0.125,65,0.892,6.4755,420.91,MB,2h,holdout,0.45,89
4.0,0.167,65,0.831,7.7581,504.28,MB,2h,holdout,0.45,89
4.0,0.25,65,0.785,7.9949,519.67,MB,2h,holdout,0.45,89
4.0,0.5,65,0.723,10.6288,690.87,MB,2h,holdout,0.45,89
4.0,1.0,65,0.677,12.9462,841.5,MB,2h,holdout,0.45,89
4.0,2.0,65,0.569,10.6389,691.53,MB,2h,holdout,0.45,89
4.0,5.0,65,0.415,1.6419,106.72,MB,2h,holdout,0.45,89
5.0,0.083,65,0.877,4.148,269.62,MB,2h,holdout,0.45,89
5.0,0.125,65,0.892,6.4755,420.91,MB,2h,holdout,0.45,89
5.0,0.167,65,0.831,7.7581,504.28,MB,2h,holdout,0.45,89
5.0,0.25,65,0.785,7.9949,519.67,MB,2h,holdout,0.45,89
5.0,0.5,65,0.723,10.6316,691.06,MB,2h,holdout,0.45,89
5.0,1.0,65,0.677,13.0793,850.15,MB,2h,holdout,0.45,89
5.0,2.0,65,0.554,10.5788,687.62,MB,2h,holdout,0.45,89
5.0,5.0,65,0.4,2.3876,155.19,MB,2h,holdout,0.45,89
7.0,0.083,65,0.877,4.148,269.62,MB,2h,holdout,0.45,89
7.0,0.125,65,0.892,6.4755,420.91,MB,2h,holdout,0.45,89
7.0,0.167,65,0.831,7.7581,504.28,MB,2h,holdout,0.45,89
7.0,0.25,65,0.785,7.9963,519.76,MB,2h,holdout,0.45,89
7.0,0.5,65,0.723,10.7018,695.61,MB,2h,holdout,0.45,89
7.0,1.0,65,0.677,13.5556,881.11,MB,2h,holdout,0.45,89
7.0,2.0,65,0.554,11.6902,759.86,MB,2h,holdout,0.45,89
7.0,5.0,65,0.369,2.1666,140.83,MB,2h,holdout,0.45,89
10.0,0.083,65,0.877,4.148,269.62,MB,2h,holdout,0.45,89
10.0,0.125,65,0.892,6.4755,420.91,MB,2h,holdout,0.45,89
10.0,0.167,65,0.831,7.7582,504.28,MB,2h,holdout,0.45,89
10.0,0.25,65,0.785,7.997,519.8,MB,2h,holdout,0.45,89
10.0,0.5,65,0.723,10.7144,696.44,MB,2h,holdout,0.45,89
10.0,1.0,65,0.677,13.6498,887.24,MB,2h,holdout,0.45,89
10.0,2.0,65,0.554,12.0416,782.7,MB,2h,holdout,0.45,89
10.0,5.0,65,0.369,2.9179,189.66,MB,2h,holdout,0.45,89
2.0,0.083,63,0.889,4.3038,271.14,MB,2h,holdout,0.475,89
2.0,0.125,63,0.889,5.7422,361.76,MB,2h,holdout,0.475,89
2.0,0.167,63,0.857,6.9424,437.37,MB,2h,holdout,0.475,89
2.0,0.25,63,0.825,8.0986,510.21,MB,2h,holdout,0.475,89
2.0,0.5,63,0.762,9.7529,614.43,MB,2h,holdout,0.475,89
2.0,1.0,63,0.73,11.4256,719.81,MB,2h,holdout,0.475,89
2.0,2.0,63,0.619,4.9614,312.57,MB,2h,holdout,0.475,89
2.0,5.0,63,0.54,2.1896,137.95,MB,2h,holdout,0.475,89
3.0,0.083,63,0.889,4.3038,271.14,MB,2h,holdout,0.475,89
3.0,0.125,63,0.889,5.7422,361.76,MB,2h,holdout,0.475,89
3.0,0.167,63,0.841,6.8819,433.56,MB,2h,holdout,0.475,89
3.0,0.25,63,0.81,8.1968,516.4,MB,2h,holdout,0.475,89
3.0,0.5,63,0.746,10.3782,653.82,MB,2h,holdout,0.475,89
3.0,1.0,63,0.698,11.951,752.91,MB,2h,holdout,0.475,89
3.0,2.0,63,0.571,6.3678,401.17,MB,2h,holdout,0.475,89
3.0,5.0,63,0.476,2.7416,172.72,MB,2h,holdout,0.475,89
4.0,0.083,63,0.889,4.3038,271.14,MB,2h,holdout,0.475,89
4.0,0.125,63,0.889,5.7422,361.76,MB,2h,holdout,0.475,89
4.0,0.167,63,0.825,6.7428,424.79,MB,2h,holdout,0.475,89
4.0,0.25,63,0.794,7.7214,486.45,MB,2h,holdout,0.475,89
4.0,0.5,63,0.73,10.3806,653.98,MB,2h,holdout,0.475,89
4.0,1.0,63,0.683,12.5246,789.05,MB,2h,holdout,0.475,89
4.0,2.0,63,0.524,6.4986,409.41,MB,2h,holdout,0.475,89
4.0,5.0,63,0.397,0.3385,21.33,MB,2h,holdout,0.475,89
5.0,0.083,63,0.889,4.3038,271.14,MB,2h,holdout,0.475,89
5.0,0.125,63,0.889,5.7422,361.76,MB,2h,holdout,0.475,89
5.0,0.167,63,0.825,6.7428,424.79,MB,2h,holdout,0.475,89
5.0,0.25,63,0.794,7.7215,486.46,MB,2h,holdout,0.475,89
5.0,0.5,63,0.73,10.3879,654.44,MB,2h,holdout,0.475,89
5.0,1.0,63,0.683,12.734,802.24,MB,2h,holdout,0.475,89
5.0,2.0,63,0.524,6.8823,433.59,MB,2h,holdout,0.475,89
5.0,5.0,63,0.397,1.3221,83.29,MB,2h,holdout,0.475,89
7.0,0.083,63,0.889,4.3038,271.14,MB,2h,holdout,0.475,89
7.0,0.125,63,0.889,5.7422,361.76,MB,2h,holdout,0.475,89
7.0,0.167,63,0.825,6.7428,424.8,MB,2h,holdout,0.475,89
7.0,0.25,63,0.794,7.7219,486.48,MB,2h,holdout,0.475,89
7.0,0.5,63,0.73,10.4037,655.43,MB,2h,holdout,0.475,89
7.0,1.0,63,0.683,12.8597,810.16,MB,2h,holdout,0.475,89
7.0,2.0,63,0.492,7.1331,449.38,MB,2h,holdout,0.475,89
7.0,5.0,63,0.365,1.6049,101.11,MB,2h,holdout,0.475,89
10.0,0.083,63,0.889,4.3038,271.14,MB,2h,holdout,0.475,89
10.0,0.125,63,0.889,5.7422,361.76,MB,2h,holdout,0.475,89
10.0,0.167,63,0.825,6.7428,424.8,MB,2h,holdout,0.475,89
10.0,0.25,63,0.794,7.7235,486.58,MB,2h,holdout,0.475,89
10.0,0.5,63,0.73,10.4716,659.71,MB,2h,holdout,0.475,89
10.0,1.0,63,0.683,13.1534,828.66,MB,2h,holdout,0.475,89
10.0,2.0,63,0.492,7.9739,502.35,MB,2h,holdout,0.475,89
10.0,5.0,63,0.365,2.4667,155.41,MB,2h,holdout,0.475,89
2.0,0.083,62,0.871,3.947,244.72,MB,2h,holdout,0.5,89
2.0,0.125,62,0.903,6.1436,380.9,MB,2h,holdout,0.5,89
2.0,0.167,62,0.871,8.332,516.58,MB,2h,holdout,0.5,89
2.0,0.25,62,0.855,9.9345,615.94,MB,2h,holdout,0.5,89
2.0,0.5,62,0.79,12.2406,758.92,MB,2h,holdout,0.5,89
2.0,1.0,62,0.774,12.4475,771.75,MB,2h,holdout,0.5,89
2.0,2.0,62,0.645,6.0487,375.02,MB,2h,holdout,0.5,89
2.0,5.0,62,0.548,2.7648,171.42,MB,2h,holdout,0.5,89
3.0,0.083,62,0.871,3.947,244.72,MB,2h,holdout,0.5,89
3.0,0.125,62,0.903,6.1436,380.9,MB,2h,holdout,0.5,89
3.0,0.167,62,0.871,8.2539,511.74,MB,2h,holdout,0.5,89
3.0,0.25,62,0.823,9.6239,596.68,MB,2h,holdout,0.5,89
3.0,0.5,62,0.758,12.4414,771.37,MB,2h,holdout,0.5,89
3.0,1.0,62,0.71,12.3405,765.11,MB,2h,holdout,0.5,89
3.0,2.0,62,0.565,6.6552,412.62,MB,2h,holdout,0.5,89
3.0,5.0,62,0.484,3.1074,192.66,MB,2h,holdout,0.5,89
4.0,0.083,62,0.871,3.947,244.72,MB,2h,holdout,0.5,89
4.0,0.125,62,0.903,6.1436,380.9,MB,2h,holdout,0.5,89
4.0,0.167,62,0.871,8.2633,512.32,MB,2h,holdout,0.5,89
4.0,0.25,62,0.806,8.8725,550.09,MB,2h,holdout,0.5,89
4.0,0.5,62,0.742,12.4951,774.7,MB,2h,holdout,0.5,89
4.0,1.0,62,0.694,13.0334,808.07,MB,2h,holdout,0.5,89
4.0,2.0,62,0.516,6.4426,399.44,MB,2h,holdout,0.5,89
4.0,5.0,62,0.419,0.8057,49.95,MB,2h,holdout,0.5,89
5.0,0.083,62,0.871,3.947,244.72,MB,2h,holdout,0.5,89
5.0,0.125,62,0.903,6.1436,380.9,MB,2h,holdout,0.5,89
5.0,0.167,62,0.871,8.2633,512.32,MB,2h,holdout,0.5,89
5.0,0.25,62,0.806,8.8726,550.1,MB,2h,holdout,0.5,89
5.0,0.5,62,0.742,12.5078,775.48,MB,2h,holdout,0.5,89
5.0,1.0,62,0.694,13.3044,824.87,MB,2h,holdout,0.5,89
5.0,2.0,62,0.516,6.9412,430.35,MB,2h,holdout,0.5,89
5.0,5.0,62,0.419,1.8725,116.1,MB,2h,holdout,0.5,89
7.0,0.083,62,0.871,3.947,244.72,MB,2h,holdout,0.5,89
7.0,0.125,62,0.903,6.1436,380.9,MB,2h,holdout,0.5,89
7.0,0.167,62,0.871,8.2633,512.32,MB,2h,holdout,0.5,89
7.0,0.25,62,0.806,8.873,550.12,MB,2h,holdout,0.5,89
7.0,0.5,62,0.742,12.5229,776.42,MB,2h,holdout,0.5,89
7.0,1.0,62,0.694,13.4293,832.62,MB,2h,holdout,0.5,89
7.0,2.0,62,0.484,7.1137,441.05,MB,2h,holdout,0.5,89
7.0,5.0,62,0.387,3.1275,193.91,MB,2h,holdout,0.5,89
10.0,0.083,62,0.871,3.947,244.72,MB,2h,holdout,0.5,89
10.0,0.125,62,0.903,6.1436,380.9,MB,2h,holdout,0.5,89
10.0,0.167,62,0.871,8.2633,512.32,MB,2h,holdout,0.5,89
10.0,0.25,62,0.806,8.8745,550.22,MB,2h,holdout,0.5,89
10.0,0.5,62,0.742,12.5904,780.61,MB,2h,holdout,0.5,89
10.0,1.0,62,0.694,13.7037,849.63,MB,2h,holdout,0.5,89
10.0,2.0,62,0.484,7.9428,492.45,MB,2h,holdout,0.5,89
10.0,5.0,62,0.387,2.754,170.75,MB,2h,holdout,0.5,89
2.0,0.083,64,0.844,3.8938,249.21,MB,2h,holdout,0.525,89
2.0,0.125,64,0.906,5.9535,381.03,MB,2h,holdout,0.525,89
2.0,0.167,64,0.875,7.6394,488.92,MB,2h,holdout,0.525,89
2.0,0.25,64,0.844,9.5066,608.42,MB,2h,holdout,0.525,89
2.0,0.5,64,0.812,11.4745,734.37,MB,2h,holdout,0.525,89
2.0,1.0,64,0.75,10.549,675.14,MB,2h,holdout,0.525,89
2.0,2.0,64,0.656,5.8331,373.32,MB,2h,holdout,0.525,89
2.0,5.0,64,0.578,2.6911,172.23,MB,2h,holdout,0.525,89
3.0,0.083,64,0.844,3.8938,249.21,MB,2h,holdout,0.525,89
3.0,0.125,64,0.906,5.9535,381.03,MB,2h,holdout,0.525,89
3.0,0.167,64,0.875,7.5815,485.21,MB,2h,holdout,0.525,89
3.0,0.25,64,0.812,9.2386,591.27,MB,2h,holdout,0.525,89
3.0,0.5,64,0.781,11.7319,750.84,MB,2h,holdout,0.525,89
3.0,1.0,64,0.688,10.8418,693.87,MB,2h,holdout,0.525,89
3.0,2.0,64,0.562,5.907,378.05,MB,2h,holdout,0.525,89
3.0,5.0,64,0.469,3.734,238.98,MB,2h,holdout,0.525,89
4.0,0.083,64,0.844,3.8938,249.21,MB,2h,holdout,0.525,89
4.0,0.125,64,0.906,5.9535,381.03,MB,2h,holdout,0.525,89
4.0,0.167,64,0.875,7.5903,485.78,MB,2h,holdout,0.525,89
4.0,0.25,64,0.797,8.5343,546.19,MB,2h,holdout,0.525,89
4.0,0.5,64,0.766,11.881,760.39,MB,2h,holdout,0.525,89
4.0,1.0,64,0.672,11.4882,735.25,MB,2h,holdout,0.525,89
4.0,2.0,64,0.531,6.1541,393.86,MB,2h,holdout,0.525,89
4.0,5.0,64,0.438,1.206,77.18,MB,2h,holdout,0.525,89
5.0,0.083,64,0.844,3.8938,249.21,MB,2h,holdout,0.525,89
5.0,0.125,64,0.906,5.9535,381.03,MB,2h,holdout,0.525,89
5.0,0.167,64,0.875,7.5903,485.78,MB,2h,holdout,0.525,89
5.0,0.25,64,0.797,8.5344,546.2,MB,2h,holdout,0.525,89
5.0,0.5,64,0.766,11.8926,761.13,MB,2h,holdout,0.525,89
5.0,1.0,64,0.672,11.9454,764.51,MB,2h,holdout,0.525,89
5.0,2.0,64,0.516,6.4974,415.83,MB,2h,holdout,0.525,89
5.0,5.0,64,0.422,1.5462,98.96,MB,2h,holdout,0.525,89
7.0,0.083,64,0.844,3.8938,249.21,MB,2h,holdout,0.525,89
7.0,0.125,64,0.906,5.9535,381.03,MB,2h,holdout,0.525,89
7.0,0.167,64,0.875,7.5903,485.78,MB,2h,holdout,0.525,89
7.0,0.25,64,0.797,8.5347,546.22,MB,2h,holdout,0.525,89
7.0,0.5,64,0.766,11.9065,762.01,MB,2h,holdout,0.525,89
7.0,1.0,64,0.672,11.838,757.63,MB,2h,holdout,0.525,89
7.0,2.0,64,0.484,6.6651,426.57,MB,2h,holdout,0.525,89
7.0,5.0,64,0.391,2.7439,175.61,MB,2h,holdout,0.525,89
10.0,0.083,64,0.844,3.8938,249.21,MB,2h,holdout,0.525,89
10.0,0.125,64,0.906,5.9535,381.03,MB,2h,holdout,0.525,89
10.0,0.167,64,0.875,7.5903,485.78,MB,2h,holdout,0.525,89
10.0,0.25,64,0.797,8.536,546.31,MB,2h,holdout,0.525,89
10.0,0.5,64,0.766,11.9704,766.1,MB,2h,holdout,0.525,89
10.0,1.0,64,0.672,12.1004,774.43,MB,2h,holdout,0.525,89
10.0,2.0,64,0.484,7.4571,477.25,MB,2h,holdout,0.525,89
10.0,5.0,64,0.391,2.3569,150.84,MB,2h,holdout,0.525,89
2.0,0.083,64,0.812,3.8927,249.13,MB,2h,holdout,0.55,89
2.0,0.125,64,0.859,5.595,358.08,MB,2h,holdout,0.55,89
2.0,0.167,64,0.844,7.117,455.49,MB,2h,holdout,0.55,89
2.0,0.25,64,0.844,9.8205,628.51,MB,2h,holdout,0.55,89
2.0,0.5,64,0.812,10.626,680.06,MB,2h,holdout,0.55,89
2.0,1.0,64,0.734,10.6742,683.15,MB,2h,holdout,0.55,89
2.0,2.0,64,0.656,5.9891,383.3,MB,2h,holdout,0.55,89
2.0,5.0,64,0.578,3.1119,199.16,MB,2h,holdout,0.55,89
3.0,0.083,64,0.812,3.8927,249.13,MB,2h,holdout,0.55,89
3.0,0.125,64,0.859,5.595,358.08,MB,2h,holdout,0.55,89
3.0,0.167,64,0.844,7.1991,460.74,MB,2h,holdout,0.55,89
3.0,0.25,64,0.797,8.8648,567.35,MB,2h,holdout,0.55,89
3.0,0.5,64,0.766,10.2975,659.04,MB,2h,holdout,0.55,89
3.0,1.0,64,0.641,9.9659,637.82,MB,2h,holdout,0.55,89
3.0,2.0,64,0.547,5.3245,340.77,MB,2h,holdout,0.55,89
3.0,5.0,64,0.453,3.4972,223.82,MB,2h,holdout,0.55,89
4.0,0.083,64,0.812,3.8927,249.13,MB,2h,holdout,0.55,89
4.0,0.125,64,0.859,5.595,358.08,MB,2h,holdout,0.55,89
4.0,0.167,64,0.844,7.207,461.25,MB,2h,holdout,0.55,89
4.0,0.25,64,0.781,8.1738,523.12,MB,2h,holdout,0.55,89
4.0,0.5,64,0.75,10.2781,657.8,MB,2h,holdout,0.55,89
4.0,1.0,64,0.625,10.2953,658.9,MB,2h,holdout,0.55,89
4.0,2.0,64,0.516,4.8984,313.5,MB,2h,holdout,0.55,89
4.0,5.0,64,0.438,-0.0953,-6.1,MB,2h,holdout,0.55,89
5.0,0.083,64,0.812,3.8927,249.13,MB,2h,holdout,0.55,89
5.0,0.125,64,0.859,5.595,358.08,MB,2h,holdout,0.55,89
5.0,0.167,64,0.844,7.207,461.25,MB,2h,holdout,0.55,89
5.0,0.25,64,0.781,8.1739,523.13,MB,2h,holdout,0.55,89
5.0,0.5,64,0.75,10.407,666.05,MB,2h,holdout,0.55,89
5.0,1.0,64,0.625,10.9644,701.72,MB,2h,holdout,0.55,89
5.0,2.0,64,0.5,5.3783,344.21,MB,2h,holdout,0.55,89
5.0,5.0,64,0.422,0.1774,11.36,MB,2h,holdout,0.55,89
7.0,0.083,64,0.812,3.8927,249.13,MB,2h,holdout,0.55,89
7.0,0.125,64,0.859,5.595,358.08,MB,2h,holdout,0.55,89
7.0,0.167,64,0.844,7.207,461.25,MB,2h,holdout,0.55,89
7.0,0.25,64,0.781,8.1741,523.14,MB,2h,holdout,0.55,89
7.0,0.5,64,0.75,10.4201,666.89,MB,2h,holdout,0.55,89
7.0,1.0,64,0.609,10.7443,687.63,MB,2h,holdout,0.55,89
7.0,2.0,64,0.484,5.5592,355.79,MB,2h,holdout,0.55,89
7.0,5.0,64,0.391,1.7249,110.4,MB,2h,holdout,0.55,89
10.0,0.083,64,0.812,3.8927,249.13,MB,2h,holdout,0.55,89
10.0,0.125,64,0.859,5.595,358.08,MB,2h,holdout,0.55,89
10.0,0.167,64,0.844,7.207,461.25,MB,2h,holdout,0.55,89
10.0,0.25,64,0.781,8.1754,523.23,MB,2h,holdout,0.55,89
10.0,0.5,64,0.75,10.4826,670.88,MB,2h,holdout,0.55,89
10.0,1.0,64,0.609,11.0017,704.11,MB,2h,holdout,0.55,89
10.0,2.0,64,0.484,6.3406,405.8,MB,2h,holdout,0.55,89
10.0,5.0,64,0.391,1.2786,81.83,MB,2h,holdout,0.55,89
2.0,0.083,65,0.815,3.81,247.65,MB,2h,holdout,0.575,89
2.0,0.125,65,0.8,4.7044,305.78,MB,2h,holdout,0.575,89
2.0,0.167,65,0.831,7.2581,471.78,MB,2h,holdout,0.575,89
2.0,0.25,65,0.831,9.1894,597.31,MB,2h,holdout,0.575,89
2.0,0.5,65,0.8,10.2288,664.87,MB,2h,holdout,0.575,89
2.0,1.0,65,0.708,8.0898,525.83,MB,2h,holdout,0.575,89
2.0,2.0,65,0.631,4.5345,294.74,MB,2h,holdout,0.575,89
2.0,5.0,65,0.508,1.4053,91.35,MB,2h,holdout,0.575,89
3.0,0.083,65,0.815,3.81,247.65,MB,2h,holdout,0.575,89
3.0,0.125,65,0.8,4.7044,305.78,MB,2h,holdout,0.575,89
3.0,0.167,65,0.815,7.1559,465.13,MB,2h,holdout,0.575,89
3.0,0.25,65,0.769,8.1373,528.92,MB,2h,holdout,0.575,89
3.0,0.5,65,0.738,9.791,636.42,MB,2h,holdout,0.575,89
3.0,1.0,65,0.631,7.9814,518.79,MB,2h,holdout,0.575,89
3.0,2.0,65,0.554,4.3046,279.8,MB,2h,holdout,0.575,89
3.0,5.0,65,0.446,1.9531,126.95,MB,2h,holdout,0.575,89
4.0,0.083,65,0.815,3.81,247.65,MB,2h,holdout,0.575,89
4.0,0.125,65,0.8,4.7044,305.78,MB,2h,holdout,0.575,89
4.0,0.167,65,0.815,7.1736,466.29,MB,2h,holdout,0.575,89
4.0,0.25,65,0.754,7.5159,488.53,MB,2h,holdout,0.575,89
4.0,0.5,65,0.723,9.9201,644.8,MB,2h,holdout,0.575,89
4.0,1.0,65,0.6,7.8633,511.11,MB,2h,holdout,0.575,89
4.0,2.0,65,0.508,4.0403,262.62,MB,2h,holdout,0.575,89
4.0,5.0,65,0.415,-0.3467,-22.53,MB,2h,holdout,0.575,89
5.0,0.083,65,0.815,3.81,247.65,MB,2h,holdout,0.575,89
5.0,0.125,65,0.8,4.7044,305.78,MB,2h,holdout,0.575,89
5.0,0.167,65,0.815,7.1736,466.29,MB,2h,holdout,0.575,89
5.0,0.25,65,0.754,7.5159,488.53,MB,2h,holdout,0.575,89
5.0,0.5,65,0.723,10.0531,653.45,MB,2h,holdout,0.575,89
5.0,1.0,65,0.6,8.4885,551.75,MB,2h,holdout,0.575,89
5.0,2.0,65,0.492,4.4521,289.39,MB,2h,holdout,0.575,89
5.0,5.0,65,0.4,-0.4402,-28.61,MB,2h,holdout,0.575,89
7.0,0.083,65,0.815,3.81,247.65,MB,2h,holdout,0.575,89
7.0,0.125,65,0.8,4.7044,305.78,MB,2h,holdout,0.575,89
7.0,0.167,65,0.815,7.1736,466.29,MB,2h,holdout,0.575,89
7.0,0.25,65,0.754,7.516,488.54,MB,2h,holdout,0.575,89
7.0,0.5,65,0.723,10.0592,653.85,MB,2h,holdout,0.575,89
7.0,1.0,65,0.6,8.2207,534.35,MB,2h,holdout,0.575,89
7.0,2.0,65,0.477,4.4653,290.25,MB,2h,holdout,0.575,89
7.0,5.0,65,0.369,0.7489,48.68,MB,2h,holdout,0.575,89
10.0,0.083,65,0.815,3.81,247.65,MB,2h,holdout,0.575,89
10.0,0.125,65,0.8,4.7044,305.78,MB,2h,holdout,0.575,89
10.0,0.167,65,0.815,7.1736,466.29,MB,2h,holdout,0.575,89
10.0,0.25,65,0.754,7.5169,488.6,MB,2h,holdout,0.575,89
10.0,0.5,65,0.723,10.1165,657.57,MB,2h,holdout,0.575,89
10.0,1.0,65,0.6,8.4563,549.66,MB,2h,holdout,0.575,89
10.0,2.0,65,0.477,5.1783,336.59,MB,2h,holdout,0.575,89
10.0,5.0,65,0.369,0.5851,38.03,MB,2h,holdout,0.575,89
2.0,0.083,63,0.794,3.6513,230.03,MB,2h,holdout,0.6,89
2.0,0.125,63,0.825,4.5124,284.28,MB,2h,holdout,0.6,89
2.0,0.167,63,0.794,7.1085,447.84,MB,2h,holdout,0.6,89
2.0,0.25,63,0.81,8.961,564.54,MB,2h,holdout,0.6,89
2.0,0.5,63,0.794,9.6659,608.95,MB,2h,holdout,0.6,89
2.0,1.0,63,0.698,8.0934,509.88,MB,2h,holdout,0.6,89
2.0,2.0,63,0.619,4.6728,294.38,MB,2h,holdout,0.6,89
2.0,5.0,63,0.492,1.6804,105.87,MB,2h,holdout,0.6,89
3.0,0.083,63,0.794,3.6513,230.03,MB,2h,holdout,0.6,89
3.0,0.125,63,0.825,4.5124,284.28,MB,2h,holdout,0.6,89
3.0,0.167,63,0.778,6.9957,440.73,MB,2h,holdout,0.6,89
3.0,0.25,63,0.762,7.9067,498.12,MB,2h,holdout,0.6,89
3.0,0.5,63,0.73,9.316,586.91,MB,2h,holdout,0.6,89
3.0,1.0,63,0.635,8.261,520.44,MB,2h,holdout,0.6,89
3.0,2.0,63,0.556,4.4835,282.46,MB,2h,holdout,0.6,89
3.0,5.0,63,0.444,1.8656,117.53,MB,2h,holdout,0.6,89
4.0,0.083,63,0.794,3.6513,230.03,MB,2h,holdout,0.6,89
4.0,0.125,63,0.825,4.5124,284.28,MB,2h,holdout,0.6,89
4.0,0.167,63,0.778,7.039,443.46,MB,2h,holdout,0.6,89
4.0,0.25,63,0.762,7.9516,500.95,MB,2h,holdout,0.6,89
4.0,0.5,63,0.73,10.1898,641.96,MB,2h,holdout,0.6,89
4.0,1.0,63,0.619,8.8967,560.49,MB,2h,holdout,0.6,89
4.0,2.0,63,0.54,6.1379,386.69,MB,2h,holdout,0.6,89
4.0,5.0,63,0.476,2.9855,188.09,MB,2h,holdout,0.6,89
5.0,0.083,63,0.794,3.6513,230.03,MB,2h,holdout,0.6,89
5.0,0.125,63,0.825,4.5124,284.28,MB,2h,holdout,0.6,89
5.0,0.167,63,0.778,7.0445,443.8,MB,2h,holdout,0.6,89
5.0,0.25,63,0.746,7.3708,464.36,MB,2h,holdout,0.6,89
5.0,0.5,63,0.714,9.8421,620.06,MB,2h,holdout,0.6,89
5.0,1.0,63,0.603,9.2007,579.64,MB,2h,holdout,0.6,89
5.0,2.0,63,0.492,5.5668,350.71,MB,2h,holdout,0.6,89
5.0,5.0,63,0.413,0.9306,58.62,MB,2h,holdout,0.6,89
7.0,0.083,63,0.794,3.6513,230.03,MB,2h,holdout,0.6,89
7.0,0.125,63,0.825,4.5124,284.28,MB,2h,holdout,0.6,89
7.0,0.167,63,0.778,7.0445,443.8,MB,2h,holdout,0.6,89
7.0,0.25,63,0.746,7.3708,464.36,MB,2h,holdout,0.6,89
7.0,0.5,63,0.714,9.8481,620.43,MB,2h,holdout,0.6,89
7.0,1.0,63,0.603,9.1641,577.34,MB,2h,holdout,0.6,89
7.0,2.0,63,0.476,5.9387,374.14,MB,2h,holdout,0.6,89
7.0,5.0,63,0.397,1.5763,99.31,MB,2h,holdout,0.6,89
10.0,0.083,63,0.794,3.6513,230.03,MB,2h,holdout,0.6,89
10.0,0.125,63,0.825,4.5124,284.28,MB,2h,holdout,0.6,89
10.0,0.167,63,0.778,7.0445,443.8,MB,2h,holdout,0.6,89
10.0,0.25,63,0.746,7.3717,464.42,MB,2h,holdout,0.6,89
10.0,0.5,63,0.714,9.9056,624.05,MB,2h,holdout,0.6,89
10.0,1.0,63,0.603,9.2474,582.59,MB,2h,holdout,0.6,89
10.0,2.0,63,0.476,6.4514,406.44,MB,2h,holdout,0.6,89
10.0,5.0,63,0.381,1.4308,90.14,MB,2h,holdout,0.6,89
2.0,0.083,61,0.869,3.7846,230.86,MB,2h,holdout,0.625,89
2.0,0.125,61,0.803,4.156,253.52,MB,2h,holdout,0.625,89
2.0,0.167,61,0.803,7.3035,445.51,MB,2h,holdout,0.625,89
2.0,0.25,61,0.803,8.4866,517.68,MB,2h,holdout,0.625,89
2.0,0.5,61,0.754,9.1891,560.54,MB,2h,holdout,0.625,89
2.0,1.0,61,0.672,8.305,506.6,MB,2h,holdout,0.625,89
2.0,2.0,61,0.59,4.9847,304.07,MB,2h,holdout,0.625,89
2.0,5.0,61,0.508,1.7581,107.24,MB,2h,holdout,0.625,89
3.0,0.083,61,0.869,3.7846,230.86,MB,2h,holdout,0.625,89
3.0,0.125,61,0.803,4.156,253.52,MB,2h,holdout,0.625,89
3.0,0.167,61,0.787,7.3182,446.41,MB,2h,holdout,0.625,89
3.0,0.25,61,0.77,8.3106,506.95,MB,2h,holdout,0.625,89
3.0,0.5,61,0.721,9.5978,585.46,MB,2h,holdout,0.625,89
3.0,1.0,61,0.623,8.0402,490.45,MB,2h,holdout,0.625,89
3.0,2.0,61,0.574,4.8927,298.45,MB,2h,holdout,0.625,89
3.0,5.0,61,0.475,2.0784,126.78,MB,2h,holdout,0.625,89
4.0,0.083,61,0.869,3.7846,230.86,MB,2h,holdout,0.625,89
4.0,0.125,61,0.803,4.156,253.52,MB,2h,holdout,0.625,89
4.0,0.167,61,0.787,7.2857,444.42,MB,2h,holdout,0.625,89
4.0,0.25,61,0.77,8.327,507.95,MB,2h,holdout,0.625,89
4.0,0.5,61,0.705,10.0694,614.23,MB,2h,holdout,0.625,89
4.0,1.0,61,0.59,8.4294,514.2,MB,2h,holdout,0.625,89
4.0,2.0,61,0.525,6.0782,370.77,MB,2h,holdout,0.625,89
4.0,5.0,61,0.459,4.3583,265.85,MB,2h,holdout,0.625,89
5.0,0.083,61,0.869,3.7846,230.86,MB,2h,holdout,0.625,89
5.0,0.125,61,0.803,4.156,253.52,MB,2h,holdout,0.625,89
5.0,0.167,61,0.787,7.2879,444.56,MB,2h,holdout,0.625,89
5.0,0.25,61,0.77,8.2594,503.83,MB,2h,holdout,0.625,89
5.0,0.5,61,0.705,10.4944,640.16,MB,2h,holdout,0.625,89
5.0,1.0,61,0.574,8.5664,522.55,MB,2h,holdout,0.625,89
5.0,2.0,61,0.492,5.7442,350.4,MB,2h,holdout,0.625,89
5.0,5.0,61,0.443,1.8492,112.8,MB,2h,holdout,0.625,89
7.0,0.083,61,0.869,3.7846,230.86,MB,2h,holdout,0.625,89
7.0,0.125,61,0.803,4.156,253.52,MB,2h,holdout,0.625,89
7.0,0.167,61,0.787,7.2879,444.56,MB,2h,holdout,0.625,89
7.0,0.25,61,0.77,8.2595,503.83,MB,2h,holdout,0.625,89
7.0,0.5,61,0.705,10.6165,647.61,MB,2h,holdout,0.625,89
7.0,1.0,61,0.574,8.7798,535.57,MB,2h,holdout,0.625,89
7.0,2.0,61,0.475,6.322,385.64,MB,2h,holdout,0.625,89
7.0,5.0,61,0.426,2.7743,169.23,MB,2h,holdout,0.625,89
10.0,0.083,61,0.869,3.7846,230.86,MB,2h,holdout,0.625,89
10.0,0.125,61,0.803,4.156,253.52,MB,2h,holdout,0.625,89
10.0,0.167,61,0.787,7.2879,444.56,MB,2h,holdout,0.625,89
10.0,0.25,61,0.77,8.2603,503.88,MB,2h,holdout,0.625,89
10.0,0.5,61,0.705,10.6746,651.15,MB,2h,holdout,0.625,89
10.0,1.0,61,0.574,9.0101,549.62,MB,2h,holdout,0.625,89
10.0,2.0,61,0.475,7.2036,439.42,MB,2h,holdout,0.625,89
10.0,5.0,61,0.41,3.2387,197.56,MB,2h,holdout,0.625,89
2.0,0.083,60,0.867,3.4231,205.38,MB,2h,holdout,0.65,89
2.0,0.125,60,0.8,4.3358,260.15,MB,2h,holdout,0.65,89
2.0,0.167,60,0.783,6.221,373.26,MB,2h,holdout,0.65,89
2.0,0.25,60,0.783,8.0492,482.95,MB,2h,holdout,0.65,89
2.0,0.5,60,0.75,8.358,501.48,MB,2h,holdout,0.65,89
2.0,1.0,60,0.633,5.5292,331.75,MB,2h,holdout,0.65,89
2.0,2.0,60,0.567,3.0004,180.02,MB,2h,holdout,0.65,89
2.0,5.0,60,0.483,-1.0466,-62.8,MB,2h,holdout,0.65,89
3.0,0.083,60,0.867,3.4231,205.38,MB,2h,holdout,0.65,89
3.0,0.125,60,0.8,4.3358,260.15,MB,2h,holdout,0.65,89
3.0,0.167,60,0.767,6.3038,378.23,MB,2h,holdout,0.65,89
3.0,0.25,60,0.767,8.209,492.54,MB,2h,holdout,0.65,89
3.0,0.5,60,0.717,9.1187,547.12,MB,2h,holdout,0.65,89
3.0,1.0,60,0.583,5.1264,307.58,MB,2h,holdout,0.65,89
3.0,2.0,60,0.517,1.277,76.62,MB,2h,holdout,0.65,89
3.0,5.0,60,0.417,-2.436,-146.16,MB,2h,holdout,0.65,89
4.0,0.083,60,0.867,3.4231,205.38,MB,2h,holdout,0.65,89
4.0,0.125,60,0.8,4.3358,260.15,MB,2h,holdout,0.65,89
4.0,0.167,60,0.767,6.3367,380.2,MB,2h,holdout,0.65,89
4.0,0.25,60,0.767,8.3984,503.9,MB,2h,holdout,0.65,89
4.0,0.5,60,0.7,9.8676,592.05,MB,2h,holdout,0.65,89
4.0,1.0,60,0.55,5.8351,350.11,MB,2h,holdout,0.65,89
4.0,2.0,60,0.483,2.1466,128.8,MB,2h,holdout,0.65,89
4.0,5.0,60,0.4,-0.5564,-33.38,MB,2h,holdout,0.65,89
5.0,0.083,60,0.867,3.4231,205.38,MB,2h,holdout,0.65,89
5.0,0.125,60,0.8,4.3358,260.15,MB,2h,holdout,0.65,89
5.0,0.167,60,0.767,6.3378,380.27,MB,2h,holdout,0.65,89
5.0,0.25,60,0.767,8.3283,499.7,MB,2h,holdout,0.65,89
5.0,0.5,60,0.7,10.1834,611.0,MB,2h,holdout,0.65,89
5.0,1.0,60,0.55,6.2435,374.61,MB,2h,holdout,0.65,89
5.0,2.0,60,0.467,2.1564,129.38,MB,2h,holdout,0.65,89
5.0,5.0,60,0.4,-2.078,-124.68,MB,2h,holdout,0.65,89
7.0,0.083,60,0.867,3.4231,205.38,MB,2h,holdout,0.65,89
7.0,0.125,60,0.8,4.3358,260.15,MB,2h,holdout,0.65,89
7.0,0.167,60,0.767,6.3389,380.33,MB,2h,holdout,0.65,89
7.0,0.25,60,0.767,8.3406,500.44,MB,2h,holdout,0.65,89
7.0,0.5,60,0.7,10.3128,618.77,MB,2h,holdout,0.65,89
7.0,1.0,60,0.533,6.2331,373.99,MB,2h,holdout,0.65,89
7.0,2.0,60,0.45,2.4433,146.6,MB,2h,holdout,0.65,89
7.0,5.0,60,0.383,-1.7514,-105.08,MB,2h,holdout,0.65,89
10.0,0.083,60,0.867,3.4231,205.38,MB,2h,holdout,0.65,89
10.0,0.125,60,0.8,4.3358,260.15,MB,2h,holdout,0.65,89
10.0,0.167,60,0.767,6.3389,380.33,MB,2h,holdout,0.65,89
10.0,0.25,60,0.767,8.3414,500.49,MB,2h,holdout,0.65,89
10.0,0.5,60,0.7,10.3705,622.23,MB,2h,holdout,0.65,89
10.0,1.0,60,0.533,6.1613,369.68,MB,2h,holdout,0.65,89
10.0,2.0,60,0.433,2.5721,154.33,MB,2h,holdout,0.65,89
10.0,5.0,60,0.35,-0.8563,-51.38,MB,2h,holdout,0.65,89
2.0,0.083,58,0.914,3.5161,203.93,MB,2h,holdout,0.675,89
2.0,0.125,58,0.828,4.7091,273.13,MB,2h,holdout,0.675,89
2.0,0.167,58,0.81,6.6919,388.13,MB,2h,holdout,0.675,89
2.0,0.25,58,0.793,8.0771,468.47,MB,2h,holdout,0.675,89
2.0,0.5,58,0.707,7.7712,450.73,MB,2h,holdout,0.675,89
2.0,1.0,58,0.621,6.2694,363.63,MB,2h,holdout,0.675,89
2.0,2.0,58,0.586,3.4568,200.49,MB,2h,holdout,0.675,89
2.0,5.0,58,0.466,-0.9733,-56.45,MB,2h,holdout,0.675,89
3.0,0.083,58,0.914,3.5161,203.93,MB,2h,holdout,0.675,89
3.0,0.125,58,0.828,4.7091,273.13,MB,2h,holdout,0.675,89
3.0,0.167,58,0.793,6.9389,402.46,MB,2h,holdout,0.675,89
3.0,0.25,58,0.776,8.4674,491.11,MB,2h,holdout,0.675,89
3.0,0.5,58,0.672,8.7204,505.78,MB,2h,holdout,0.675,89
3.0,1.0,58,0.569,4.7242,274.0,MB,2h,holdout,0.675,89
3.0,2.0,58,0.5,2.5533,148.09,MB,2h,holdout,0.675,89
3.0,5.0,58,0.414,-1.2531,-72.68,MB,2h,holdout,0.675,89
4.0,0.083,58,0.914,3.5161,203.93,MB,2h,holdout,0.675,89
4.0,0.125,58,0.828,4.7091,273.13,MB,2h,holdout,0.675,89
4.0,0.167,58,0.793,6.9693,404.22,MB,2h,holdout,0.675,89
4.0,0.25,58,0.776,8.613,499.56,MB,2h,holdout,0.675,89
4.0,0.5,58,0.655,9.3191,540.51,MB,2h,holdout,0.675,89
4.0,1.0,58,0.552,5.9826,346.99,MB,2h,holdout,0.675,89
4.0,2.0,58,0.5,3.5639,206.71,MB,2h,holdout,0.675,89
4.0,5.0,58,0.414,0.3789,21.97,MB,2h,holdout,0.675,89
5.0,0.083,58,0.914,3.5161,203.93,MB,2h,holdout,0.675,89
5.0,0.125,58,0.828,4.7091,273.13,MB,2h,holdout,0.675,89
5.0,0.167,58,0.793,6.9773,404.68,MB,2h,holdout,0.675,89
5.0,0.25,58,0.776,8.5841,497.88,MB,2h,holdout,0.675,89
5.0,0.5,58,0.655,9.8658,572.22,MB,2h,holdout,0.675,89
5.0,1.0,58,0.534,5.9592,345.63,MB,2h,holdout,0.675,89
5.0,2.0,58,0.483,4.1135,238.58,MB,2h,holdout,0.675,89
5.0,5.0,58,0.414,-0.1649,-9.56,MB,2h,holdout,0.675,89
7.0,0.083,58,0.914,3.5161,203.93,MB,2h,holdout,0.675,89
7.0,0.125,58,0.828,4.7091,273.13,MB,2h,holdout,0.675,89
7.0,0.167,58,0.793,6.979,404.78,MB,2h,holdout,0.675,89
7.0,0.25,58,0.776,8.6048,499.08,MB,2h,holdout,0.675,89
7.0,0.5,58,0.655,10.0144,580.83,MB,2h,holdout,0.675,89
7.0,1.0,58,0.517,5.9394,344.49,MB,2h,holdout,0.675,89
7.0,2.0,58,0.448,3.6982,214.5,MB,2h,holdout,0.675,89
7.0,5.0,58,0.379,-1.0175,-59.01,MB,2h,holdout,0.675,89
10.0,0.083,58,0.914,3.5161,203.93,MB,2h,holdout,0.675,89
10.0,0.125,58,0.828,4.7091,273.13,MB,2h,holdout,0.675,89
10.0,0.167,58,0.793,6.979,404.78,MB,2h,holdout,0.675,89
10.0,0.25,58,0.776,8.605,499.09,MB,2h,holdout,0.675,89
10.0,0.5,58,0.655,10.0273,581.58,MB,2h,holdout,0.675,89
10.0,1.0,58,0.517,5.6782,329.34,MB,2h,holdout,0.675,89
10.0,2.0,58,0.414,3.6921,214.14,MB,2h,holdout,0.675,89
10.0,5.0,58,0.345,0.1246,7.23,MB,2h,holdout,0.675,89
2.0,0.083,56,0.911,4.0225,225.26,MB,2h,holdout,0.7,89
2.0,0.125,56,0.857,5.2904,296.26,MB,2h,holdout,0.7,89
2.0,0.167,56,0.857,7.487,419.27,MB,2h,holdout,0.7,89
2.0,0.25,56,0.821,8.8856,497.59,MB,2h,holdout,0.7,89
2.0,0.5,56,0.732,8.683,486.25,MB,2h,holdout,0.7,89
2.0,1.0,56,0.661,6.7208,376.36,MB,2h,holdout,0.7,89
2.0,2.0,56,0.589,4.192,234.75,MB,2h,holdout,0.7,89
2.0,5.0,56,0.429,-0.1888,-10.57,MB,2h,holdout,0.7,89
3.0,0.083,56,0.911,4.0225,225.26,MB,2h,holdout,0.7,89
3.0,0.125,56,0.857,5.2904,296.26,MB,2h,holdout,0.7,89
3.0,0.167,56,0.839,7.6306,427.31,MB,2h,holdout,0.7,89
3.0,0.25,56,0.786,9.2574,518.42,MB,2h,holdout,0.7,89
3.0,0.5,56,0.696,9.8015,548.88,MB,2h,holdout,0.7,89
3.0,1.0,56,0.589,5.4439,304.86,MB,2h,holdout,0.7,89
3.0,2.0,56,0.518,2.9837,167.09,MB,2h,holdout,0.7,89
3.0,5.0,56,0.429,-0.6319,-35.39,MB,2h,holdout,0.7,89
4.0,0.083,56,0.911,4.0225,225.26,MB,2h,holdout,0.7,89
4.0,0.125,56,0.857,5.2904,296.26,MB,2h,holdout,0.7,89
4.0,0.167,56,0.839,7.7016,431.29,MB,2h,holdout,0.7,89
4.0,0.25,56,0.786,9.4336,528.28,MB,2h,holdout,0.7,89
4.0,0.5,56,0.679,10.3373,578.89,MB,2h,holdout,0.7,89
4.0,1.0,56,0.571,6.4119,359.07,MB,2h,holdout,0.7,89
4.0,2.0,56,0.5,4.0881,228.94,MB,2h,holdout,0.7,89
4.0,5.0,56,0.393,0.6641,37.19,MB,2h,holdout,0.7,89
5.0,0.083,56,0.911,4.0225,225.26,MB,2h,holdout,0.7,89
5.0,0.125,56,0.857,5.2904,296.26,MB,2h,holdout,0.7,89
5.0,0.167,56,0.839,7.7086,431.68,MB,2h,holdout,0.7,89
5.0,0.25,56,0.786,9.4739,530.54,MB,2h,holdout,0.7,89
5.0,0.5,56,0.679,10.7034,599.39,MB,2h,holdout,0.7,89
5.0,1.0,56,0.554,6.274,351.34,MB,2h,holdout,0.7,89
5.0,2.0,56,0.482,4.7272,264.72,MB,2h,holdout,0.7,89
5.0,5.0,56,0.393,2.4298,136.07,MB,2h,holdout,0.7,89
7.0,0.083,56,0.911,4.0225,225.26,MB,2h,holdout,0.7,89
7.0,0.125,56,0.857,5.2904,296.26,MB,2h,holdout,0.7,89
7.0,0.167,56,0.839,7.7104,431.78,MB,2h,holdout,0.7,89
7.0,0.25,56,0.786,9.4317,528.17,MB,2h,holdout,0.7,89
7.0,0.5,56,0.679,11.1298,623.27,MB,2h,holdout,0.7,89
7.0,1.0,56,0.536,6.5229,365.28,MB,2h,holdout,0.7,89
7.0,2.0,56,0.446,4.5338,253.9,MB,2h,holdout,0.7,89
7.0,5.0,56,0.375,0.0726,4.07,MB,2h,holdout,0.7,89
10.0,0.083,56,0.911,4.0225,225.26,MB,2h,holdout,0.7,89
10.0,0.125,56,0.857,5.2904,296.26,MB,2h,holdout,0.7,89
10.0,0.167,56,0.839,7.7104,431.78,MB,2h,holdout,0.7,89
10.0,0.25,56,0.786,9.4319,528.19,MB,2h,holdout,0.7,89
10.0,0.5,56,0.679,11.147,624.23,MB,2h,holdout,0.7,89
10.0,1.0,56,0.536,6.2885,352.15,MB,2h,holdout,0.7,89
10.0,2.0,56,0.411,4.5488,254.73,MB,2h,holdout,0.7,89
10.0,5.0,56,0.339,1.0958,61.37,MB,2h,holdout,0.7,89
