kind,tf,depth_frac,r_target,expiry_days,avg_pnl_holdout,avg_pnl_train,avg_pnl_validation,n_holdout,n_train,n_validation
BB,15m,0.325,4.0,0.125,1.7825,2.463,3.5937,132,403,197
BB,15m,0.325,5.0,0.125,1.7187,2.4468,3.6403,132,403,197
BB,15m,0.325,3.0,0.125,1.4907,2.4452,3.6689,132,403,197
BB,15m,0.675,3.0,0.083,1.3621,2.3866,2.9452,128,379,191
BB,15m,0.325,7.0,0.125,1.6006,2.3725,3.7012,132,403,197
BB,15m,0.325,10.0,0.125,1.6082,2.3705,3.7012,132,403,197
BB,15m,0.375,3.0,0.125,2.1636,2.3646,3.4332,130,401,194
BB,15m,0.4,3.0,0.125,1.274,2.3596,3.5618,133,402,191
BB,15m,0.375,5.0,0.125,2.4436,2.3555,3.4118,130,401,194
BB,15m,0.4,5.0,0.125,1.5145,2.351,3.6045,133,402,191
BB,15m,0.3,4.0,0.125,2.7746,2.3354,3.5416,134,402,199
BB,15m,0.425,5.0,0.125,1.3534,2.327,3.6048,135,400,191
BB,15m,0.3,5.0,0.125,2.597,2.3262,3.578,134,402,199
BB,15m,0.425,3.0,0.125,1.0928,2.3207,3.4884,135,400,191
BB,15m,0.325,2.0,0.125,1.4522,2.3099,2.9856,132,403,197
BB,15m,0.4,3.0,0.083,0.7834,2.2941,3.185,133,402,191
BB,15m,0.45,5.0,0.125,1.42,2.2935,3.2705,137,394,190
BB,15m,0.675,4.0,0.083,1.4748,2.2789,3.3521,128,379,191
BB,15m,0.45,4.0,0.125,1.2516,2.2783,3.468,137,394,190
BB,15m,0.375,4.0,0.125,2.3871,2.2737,3.4242,130,401,194
BB,15m,0.3,3.0,0.125,2.733,2.2731,3.4662,134,402,199
BB,15m,0.675,3.0,0.125,1.1479,2.2682,2.7172,128,379,191
BB,15m,0.4,4.0,0.125,1.4388,2.2595,3.71,133,402,191
BB,15m,0.675,5.0,0.083,1.4469,2.2497,3.3175,128,379,191
BB,15m,0.425,7.0,0.125,1.1628,2.2494,3.6814,135,400,191
BB,15m,0.3,2.0,0.125,2.624,2.2466,2.9866,134,402,199
BB,15m,0.45,3.0,0.125,1.1688,2.2435,3.1407,137,394,190
BB,15m,0.3,7.0,0.125,2.6172,2.2305,3.6304,134,402,199
BB,15m,0.3,2.0,0.083,2.3693,2.23,2.716,134,402,199
BB,15m,0.3,10.0,0.125,2.6291,2.2291,3.6304,134,402,199
BB,15m,0.625,7.0,0.125,0.5924,2.2239,3.0154,132,388,189
BB,15m,0.475,5.0,0.125,1.5809,2.222,3.48,136,395,189
BB,15m,0.575,7.0,0.125,0.7133,2.2206,3.1775,132,397,191
BB,15m,0.7,5.0,0.083,1.354,2.2205,3.3249,129,374,191
BB,15m,0.525,5.0,0.125,1.3087,2.2181,3.6645,134,392,189
BB,15m,0.375,3.0,0.083,1.5129,2.2176,3.2764,130,401,194
BB,15m,0.425,4.0,0.125,1.2347,2.2111,3.7364,135,400,191
BB,15m,0.375,7.0,0.125,2.2402,2.211,3.4773,130,401,194
BB,15m,0.675,7.0,0.125,1.0624,2.211,3.3254,128,379,191
BB,15m,0.575,5.0,0.125,0.7203,2.2094,3.2541,132,397,191
BB,15m,0.325,3.0,0.083,1.3654,2.2093,3.0987,132,403,197
BB,15m,0.375,10.0,0.125,2.2476,2.2092,3.478,130,401,194
BB,15m,0.525,4.0,0.125,1.1609,2.208,3.6419,134,392,189
BB,15m,0.4,7.0,0.125,1.3176,2.2078,3.6785,133,402,191
BB,15m,0.6,7.0,0.125,0.5364,2.2071,2.9899,131,392,191
BB,15m,0.4,10.0,0.125,1.3247,2.2065,3.6787,133,402,191
BB,15m,0.425,3.0,0.083,0.7113,2.2048,3.0473,135,400,191
BB,15m,0.475,7.0,0.125,1.3797,2.2019,3.5177,136,395,189
BB,15m,0.35,5.0,0.125,1.3262,2.2006,3.5386,134,403,195
BB,15m,0.325,2.0,0.083,1.2781,2.2003,2.7043,132,403,197
BB,15m,0.475,4.0,0.125,1.4097,2.1979,3.5984,136,395,189
BB,15m,0.475,3.0,0.125,1.3274,2.1975,3.3488,136,395,189
BB,15m,0.625,5.0,0.125,0.5672,2.1927,3.2282,132,388,189
BB,15m,0.425,10.0,0.125,1.1709,2.1918,3.6816,135,400,191
BB,15m,0.35,3.0,0.125,1.1639,2.1897,3.5484,134,403,195
BB,15m,0.675,5.0,0.125,1.0894,2.1877,3.3895,128,379,191
BB,15m,0.575,4.0,0.125,0.7186,2.1861,3.2378,132,397,191
BB,15m,0.45,7.0,0.125,1.2245,2.1857,3.3448,137,394,190
BB,15m,0.675,7.0,0.083,1.3543,2.1815,3.1709,128,379,191
BB,15m,0.5,5.0,0.125,1.61,2.1788,3.4246,134,397,190
BB,15m,0.625,4.0,0.125,0.618,2.1772,3.0649,132,388,189
BB,15m,0.525,7.0,0.125,1.265,2.1755,3.6869,134,392,189
BB,15m,0.5,7.0,0.125,1.418,2.1751,3.4779,134,397,190
BB,15m,0.7,4.0,0.083,1.3726,2.1728,3.2395,129,374,191
BB,15m,0.675,10.0,0.083,1.3608,2.1703,3.1864,128,379,191
BB,15m,0.45,3.0,0.083,0.6185,2.169,2.6355,137,394,190
BB,15m,0.65,4.0,0.083,1.0687,2.1679,3.2623,132,383,190
BB,15m,0.7,3.0,0.083,1.3829,2.1629,3.0632,129,374,191
BB,15m,0.6,3.0,0.125,0.4711,2.1611,2.7522,131,392,191
BB,15m,0.6,5.0,0.125,0.5154,2.1608,3.181,131,392,191
BB,15m,0.4,5.0,0.083,0.9267,2.1604,3.1114,133,402,191
BB,15m,0.525,10.0,0.125,1.2843,2.1561,3.6902,134,392,189
BB,15m,0.65,7.0,0.125,0.6979,2.1531,3.1461,132,383,190
BB,15m,0.525,3.0,0.125,1.0289,2.1529,3.3063,134,392,189
BB,15m,0.475,2.0,0.125,1.2999,2.1488,2.6681,136,395,189
BB,15m,0.575,10.0,0.125,0.7337,2.1487,3.2017,132,397,191
BB,15m,0.7,5.0,0.125,0.9721,2.1458,3.6053,129,374,191
BB,15m,0.6,4.0,0.125,0.5077,2.1446,3.0221,131,392,191
BB,15m,0.65,3.0,0.125,0.75,2.1446,2.6752,132,383,190
BB,15m,0.5,4.0,0.125,1.4357,2.1436,3.5508,134,397,190
BB,15m,0.65,4.0,0.125,0.7743,2.1407,3.1891,132,383,190
BB,15m,0.65,3.0,0.083,0.925,2.1402,2.9547,132,383,190
BB,15m,0.325,4.0,0.083,1.515,2.1392,2.9666,132,403,197
BB,15m,0.675,4.0,0.125,1.1327,2.1355,3.3692,128,379,191
BB,15m,0.45,10.0,0.125,1.2407,2.1351,3.345,137,394,190
BB,15m,0.65,5.0,0.125,0.6758,2.1351,3.3061,132,383,190
BB,15m,0.35,4.0,0.125,1.3853,2.133,3.5423,134,403,195
BB,15m,0.45,4.0,0.083,0.6995,2.1316,2.7494,137,394,190
BB,15m,0.675,10.0,0.125,1.0928,2.1307,3.3825,128,379,191
BB,15m,0.375,2.0,0.083,1.4185,2.1296,2.9654,130,401,194
BB,15m,0.625,10.0,0.125,0.6128,2.1288,3.076,132,388,189
BB,15m,0.4,4.0,0.083,0.9016,2.1272,3.2346,133,402,191
BB,15m,0.55,4.0,0.125,0.3782,2.1212,3.3581,132,395,191
BB,15m,0.325,5.0,0.083,1.4191,2.1197,2.9506,132,403,197
BB,15m,0.5,10.0,0.125,1.4342,2.1182,3.4812,134,397,190
BB,15m,0.7,4.0,0.125,1.0553,2.1121,3.4404,129,374,191
BB,15m,0.475,3.0,0.083,0.9051,2.1119,2.7899,136,395,189
BB,15m,0.425,5.0,0.083,0.8586,2.1061,2.9658,135,400,191
BB,15m,0.625,3.0,0.125,0.7128,2.1061,2.5826,132,388,189
BB,15m,0.35,2.0,0.083,0.9395,2.1051,2.7351,134,403,195
BB,15m,0.575,3.0,0.125,0.6903,2.1046,2.8703,132,397,191
BB,15m,0.4,2.0,0.125,1.2378,2.1027,2.8807,133,402,191
BB,15m,0.6,10.0,0.125,0.5616,2.1023,3.0203,131,392,191
BB,15m,0.375,5.0,0.083,1.6939,2.1016,3.1568,130,401,194
BB,15m,0.55,7.0,0.125,0.3832,2.0989,3.3964,132,395,191
BB,15m,0.675,2.0,0.083,1.1317,2.0981,3.0613,128,379,191
BB,15m,0.3,3.0,0.083,2.4915,2.0955,2.9795,134,402,199
BB,15m,0.7,7.0,0.125,0.9818,2.0941,3.5604,129,374,191
BB,15m,0.55,5.0,0.125,0.3887,2.0937,3.3832,132,395,191
BB,15m,0.55,2.0,0.125,0.4693,2.0922,2.2839,132,395,191
BB,15m,0.45,5.0,0.083,0.7785,2.092,2.5699,137,394,190
BB,15m,0.525,3.0,0.083,0.9844,2.0889,2.848,134,392,189
BB,15m,0.35,3.0,0.083,0.9937,2.0876,3.1223,134,403,195
BB,15m,0.55,10.0,0.125,0.4025,2.0869,3.4114,132,395,191
BB,15m,0.7,7.0,0.083,1.2746,2.0863,3.1728,129,374,191
BB,15m,0.4,2.0,0.083,0.6473,2.0856,3.0077,133,402,191
BB,15m,0.625,4.0,0.083,0.8589,2.0848,3.0113,132,388,189
BB,15m,0.4,7.0,0.083,0.7089,2.0825,3.1318,133,402,191
BB,15m,0.5,3.0,0.125,1.4003,2.0781,3.2845,134,397,190
BB,15m,0.4,10.0,0.083,0.7094,2.0778,3.1318,133,402,191
BB,15m,0.7,10.0,0.083,1.2806,2.0777,3.1885,129,374,191
BB,15m,0.325,7.0,0.083,1.2921,2.0774,2.9674,132,403,197
BB,15m,0.475,10.0,0.125,1.4009,2.0773,3.518,136,395,189
BB,15m,0.525,4.0,0.083,1.1331,2.0745,2.9845,134,392,189
BB,15m,0.65,5.0,0.083,1.0104,2.0744,3.2904,132,383,190
BB,15m,0.55,3.0,0.125,0.2798,2.0739,3.0041,132,395,191
BB,15m,0.325,10.0,0.083,1.2926,2.0723,2.9674,132,403,197
BB,15m,0.7,10.0,0.125,1.0089,2.0709,3.6201,129,374,191
BB,15m,0.375,4.0,0.083,1.6787,2.0706,3.1882,130,401,194
BB,15m,0.45,2.0,0.125,1.0076,2.0702,2.6767,137,394,190
BB,15m,0.575,3.0,0.083,0.7436,2.0684,2.6522,132,397,191
BB,15m,0.425,4.0,0.083,0.8112,2.0634,3.0953,135,400,191
BB,15m,0.375,2.0,0.125,1.9946,2.0583,2.7702,130,401,194
BB,15m,0.575,4.0,0.083,0.807,2.0559,2.7965,132,397,191
BB,15m,0.3,4.0,0.083,2.4193,2.0555,2.9341,134,402,199
BB,15m,0.65,10.0,0.125,0.7237,2.0542,3.2042,132,383,190
BB,15m,0.575,2.0,0.125,0.9543,2.0479,2.6807,132,397,191
BB,15m,0.425,2.0,0.125,0.9419,2.0477,2.8595,135,400,191
BB,15m,0.625,2.0,0.125,0.7182,2.0469,2.7575,132,388,189
BB,15m,0.35,7.0,0.125,1.2237,2.0468,3.5977,134,403,195
BB,15m,0.35,10.0,0.125,1.2311,2.0449,3.5982,134,403,195
BB,15m,0.3,5.0,0.083,2.2138,2.0431,2.9151,134,402,199
BB,15m,0.525,2.0,0.125,1.2997,2.043,2.7504,134,392,189
BB,15m,0.55,3.0,0.083,0.5443,2.0406,2.6216,132,395,191
BB,15m,0.475,4.0,0.083,0.983,2.0399,2.8368,136,395,189
BB,15m,0.475,2.0,0.083,0.8177,2.0376,2.5458,136,395,189
BB,15m,0.5,3.0,0.083,1.1775,2.0322,2.7838,134,397,190
BB,15m,0.425,7.0,0.083,0.6464,2.0306,2.9861,135,400,191
BB,15m,0.525,2.0,0.083,1.1309,2.0297,2.4747,134,392,189
BB,15m,0.5,2.0,0.125,1.6137,2.0273,2.6271,134,397,190
BB,15m,0.425,10.0,0.083,0.6469,2.0259,2.9861,135,400,191
BB,15m,0.425,2.0,0.083,0.5174,2.0238,2.8663,135,400,191
BB,15m,0.375,7.0,0.083,1.4688,2.0232,3.1742,130,401,194
BB,15m,0.625,2.0,0.083,0.7922,2.0229,2.9714,132,388,189
BB,15m,0.375,10.0,0.083,1.4693,2.0183,3.1742,130,401,194
BB,15m,0.575,5.0,0.083,0.7957,2.0169,2.7496,132,397,191
BB,15m,0.45,4.0,0.167,1.3269,2.0165,3.58,137,394,190
BB,15m,0.35,2.0,0.125,1.1174,2.015,2.8834,134,403,195
BB,15m,0.525,5.0,0.083,1.2034,2.0103,2.9205,134,392,189
BB,15m,0.5,4.0,0.083,1.2734,2.0097,2.8438,134,397,190
BB,15m,0.65,7.0,0.083,0.9548,2.0089,3.0853,132,383,190
BB,15m,0.625,5.0,0.083,0.8021,2.005,3.0701,132,388,189
BB,15m,0.625,3.0,0.083,0.7857,2.0046,2.7818,132,388,189
BB,15m,0.475,5.0,0.083,1.0638,2.0042,2.7073,136,395,189
BB,15m,0.6,2.0,0.125,0.5587,2.0039,2.7163,131,392,191
BB,15m,0.7,3.0,0.125,1.1697,1.9999,3.1048,129,374,191
BB,15m,0.425,3.0,0.167,1.1812,1.9991,3.2947,135,400,191
BB,15m,0.35,5.0,0.083,1.0391,1.9986,2.9948,134,403,195
BB,15m,0.45,10.0,0.083,0.5715,1.99,2.5899,137,394,190
BB,15m,0.3,7.0,0.083,2.217,1.9899,2.9297,134,402,199
BB,15m,0.45,7.0,0.083,0.5698,1.9895,2.5899,137,394,190
BB,15m,0.65,10.0,0.083,0.9602,1.9895,3.1012,132,383,190
BB,15m,0.675,2.0,0.125,0.7102,1.9854,2.7747,128,379,191
BB,15m,0.3,10.0,0.083,2.2188,1.9848,2.9297,134,402,199
BB,15m,0.55,4.0,0.083,0.604,1.9814,2.7701,132,395,191
BB,15m,0.525,10.0,0.083,1.1153,1.981,2.8979,134,392,189
BB,15m,0.5,5.0,0.083,1.354,1.9799,2.705,134,397,190
BB,15m,0.375,3.0,0.167,2.151,1.9748,3.3831,130,401,194
BB,15m,0.475,7.0,0.083,0.8545,1.9729,2.6883,136,395,189
BB,15m,0.3,5.0,0.167,2.6609,1.9726,3.6938,134,402,199
BB,15m,0.35,4.0,0.083,1.1336,1.9711,3.0259,134,403,195
BB,15m,0.625,7.0,0.083,0.7459,1.9695,2.8543,132,388,189
BB,15m,0.45,2.0,0.083,0.569,1.9682,2.5519,137,394,190
BB,15m,0.525,7.0,0.083,1.1129,1.9656,2.8978,134,392,189
BB,15m,0.3,3.0,0.167,2.8984,1.9654,3.3857,134,402,199
BB,15m,0.325,3.0,0.167,1.609,1.9599,3.6537,132,403,197
BB,15m,0.575,7.0,0.083,0.7224,1.9562,2.6403,132,397,191
BB,15m,0.5,2.0,0.083,1.3134,1.9557,2.5154,134,397,190
BB,15m,0.5,7.0,0.083,1.1438,1.9534,2.6978,134,397,190
BB,15m,0.625,10.0,0.083,0.7493,1.9526,2.8707,132,388,189
BB,15m,0.5,10.0,0.083,1.1456,1.9484,2.6979,134,397,190
BB,15m,0.575,10.0,0.083,0.7254,1.9481,2.648,132,397,191
BB,15m,0.65,2.0,0.083,0.9182,1.9418,3.0387,132,383,190
BB,15m,0.4,3.0,0.167,1.383,1.9383,3.6469,133,402,191
BB,15m,0.45,3.0,0.167,1.2218,1.9366,3.074,137,394,190
BB,15m,0.675,5.0,0.167,1.1911,1.9365,3.3796,128,379,191
BB,15m,0.3,4.0,0.167,2.8061,1.9351,3.6019,134,402,199
BB,15m,0.6,4.0,0.083,0.7129,1.935,3.0412,131,392,191
BB,15m,0.55,2.0,0.083,0.5888,1.928,2.1415,132,395,191
BB,15m,0.325,5.0,0.167,2.0111,1.9193,3.8218,132,403,197
BB,15m,0.35,7.0,0.083,0.9199,1.9141,3.0114,134,403,195
BB,15m,0.35,10.0,0.083,0.9203,1.909,3.0114,134,403,195
BB,15m,0.475,10.0,0.083,0.857,1.9087,2.6883,136,395,189
BB,15m,0.6,3.0,0.083,0.6151,1.9079,2.8535,131,392,191
BB,15m,0.425,4.0,0.167,1.3481,1.9066,3.7135,135,400,191
BB,15m,0.425,5.0,0.167,1.5405,1.9025,3.6169,135,400,191
BB,15m,0.3,10.0,0.167,2.749,1.9019,3.7032,134,402,199
BB,15m,0.45,5.0,0.167,1.5812,1.9011,3.4058,137,394,190
BB,15m,0.375,5.0,0.167,2.5628,1.9004,3.5715,130,401,194
BB,15m,0.675,3.0,0.167,1.1504,1.8994,2.352,128,379,191
BB,15m,0.55,5.0,0.083,0.6409,1.8954,2.7006,132,395,191
BB,15m,0.55,10.0,0.083,0.5709,1.8949,2.6796,132,395,191
BB,15m,0.3,7.0,0.167,2.7167,1.8912,3.7024,134,402,199
BB,15m,0.575,2.0,0.083,0.752,1.891,2.6324,132,397,191
BB,15m,0.325,4.0,0.167,2.0393,1.88,3.7149,132,403,197
BB,15m,0.325,10.0,0.167,1.9491,1.8772,3.8489,132,403,197
BB,15m,0.7,2.0,0.083,1.0809,1.8746,3.2208,129,374,191
BB,15m,0.55,7.0,0.083,0.5683,1.8741,2.6748,132,395,191
BB,15m,0.6,5.0,0.083,0.699,1.8695,3.0963,131,392,191
BB,15m,0.325,7.0,0.167,1.9249,1.8681,3.8478,132,403,197
BB,15m,0.3,2.0,0.167,2.6202,1.8603,2.6617,134,402,199
BB,15m,0.675,7.0,0.167,1.2709,1.8559,3.3873,128,379,191
BB,15m,0.475,4.0,0.167,1.6275,1.8515,3.6687,136,395,189
BB,15m,0.65,2.0,0.125,0.5991,1.8504,2.7439,132,383,190
BB,15m,0.425,7.0,0.167,1.3902,1.8496,3.712,135,400,191
BB,15m,0.675,4.0,0.167,1.1656,1.8476,3.2528,128,379,191
BB,15m,0.575,5.0,0.167,0.7708,1.8419,3.298,132,397,191
BB,15m,0.4,5.0,0.167,1.7165,1.8365,3.8492,133,402,191
BB,15m,0.6,7.0,0.083,0.64,1.8365,2.8862,131,392,191
BB,15m,0.6,2.0,0.083,0.5304,1.835,2.8664,131,392,191
BB,15m,0.7,5.0,0.167,1.0895,1.8334,3.5674,129,374,191
BB,15m,0.4,4.0,0.167,1.5827,1.8323,3.9033,133,402,191
BB,15m,0.475,3.0,0.167,1.5289,1.8279,3.2501,136,395,189
BB,15m,0.45,7.0,0.167,1.4123,1.8176,3.4981,137,394,190
BB,15m,0.675,10.0,0.167,1.3421,1.8135,3.4561,128,379,191
BB,15m,0.425,10.0,0.167,1.4163,1.8102,3.7158,135,400,191
BB,15m,0.6,10.0,0.083,0.6437,1.8057,2.8944,131,392,191
BB,15m,0.575,4.0,0.167,0.7254,1.801,3.2074,132,397,191
BB,15m,0.475,7.0,0.167,1.7036,1.7933,3.6561,136,395,189
BB,15m,0.525,4.0,0.167,1.3433,1.7887,3.6772,134,392,189
BB,15m,0.45,10.0,0.167,1.4582,1.7869,3.5021,137,394,190
BB,15m,0.375,10.0,0.167,2.4252,1.7818,3.613,130,401,194
BB,15m,0.35,3.0,0.167,1.2094,1.7796,3.526,134,403,195
BB,15m,0.375,7.0,0.167,2.4006,1.7706,3.6053,130,401,194
BB,15m,0.65,4.0,0.167,0.8231,1.7651,3.0946,132,383,190
BB,15m,0.45,2.0,0.167,0.996,1.7627,2.3338,137,394,190
BB,15m,0.375,4.0,0.167,2.4544,1.7624,3.5527,130,401,194
BB,15m,0.65,5.0,0.167,0.789,1.7622,3.2948,132,383,190
BB,15m,0.7,2.0,0.125,0.7194,1.7608,2.9371,129,374,191
BB,15m,0.325,2.0,0.167,1.5783,1.76,2.8545,132,403,197
BB,15m,0.475,5.0,0.167,1.8867,1.7583,3.5933,136,395,189
BB,15m,0.55,4.0,0.167,0.5941,1.7544,3.314,132,395,191
BB,15m,0.425,7.0,0.25,0.8084,1.7529,2.9005,135,400,191
BB,15m,0.55,5.0,0.167,0.6384,1.7462,3.4814,132,395,191
BB,15m,0.625,5.0,0.167,0.519,1.7452,3.246,132,388,189
BB,15m,0.575,7.0,0.167,0.834,1.7434,3.2788,132,397,191
BB,15m,0.325,10.0,0.25,1.8472,1.7403,3.0692,132,403,197
BB,15m,0.6,5.0,0.167,0.4933,1.7357,3.1987,131,392,191
BB,15m,0.475,2.0,0.167,1.3602,1.7344,2.2598,136,395,189
BB,15m,0.675,2.0,0.167,0.5811,1.7292,2.2517,128,379,191
BB,15m,0.3,5.0,0.25,2.3148,1.727,3.0676,134,402,199
BB,15m,0.425,10.0,0.25,0.8959,1.7265,2.9461,135,400,191
BB,15m,0.35,5.0,0.167,1.5784,1.7253,3.7426,134,403,195
BB,15m,0.325,7.0,0.25,1.7654,1.7247,3.0474,132,403,197
BB,15m,0.4,10.0,0.167,1.5825,1.7218,3.8889,133,402,191
BB,15m,0.65,7.0,0.167,0.8937,1.7187,3.2196,132,383,190
BB,15m,0.7,4.0,0.167,1.1153,1.7187,3.311,129,374,191
BB,15m,0.625,4.0,0.167,0.5141,1.7167,2.9888,132,388,189
BB,15m,0.5,4.0,0.167,1.6148,1.7151,3.5211,134,397,190
BB,15m,0.325,5.0,0.25,1.8468,1.7139,3.1007,132,403,197
BB,15m,0.3,10.0,0.25,2.4729,1.7102,3.0328,134,402,199
BB,15m,0.4,7.0,0.167,1.5592,1.7099,3.8842,133,402,191
BB,15m,0.425,5.0,0.25,0.9337,1.7069,3.1313,135,400,191
BB,15m,0.45,4.0,0.25,0.6305,1.7024,3.3117,137,394,190
BB,15m,0.6,4.0,0.167,0.4303,1.6986,2.9381,131,392,191
BB,15m,0.625,7.0,0.167,0.6295,1.6935,3.0837,132,388,189
BB,15m,0.3,7.0,0.25,2.3758,1.6924,3.0119,134,402,199
BB,15m,0.575,10.0,0.167,0.8891,1.6922,3.2957,132,397,191
BB,15m,0.425,2.0,0.167,0.9668,1.6817,2.5515,135,400,191
BB,15m,0.5,7.0,0.167,1.7347,1.68,3.5141,134,397,190
BB,15m,0.375,5.0,0.25,2.2672,1.677,2.6535,130,401,194
BB,15m,0.6,7.0,0.167,0.5993,1.6756,3.0548,131,392,191
BB,15m,0.475,10.0,0.167,1.7615,1.6719,3.6619,136,395,189
BB,15m,0.45,7.0,0.25,0.8668,1.6717,2.7305,137,394,190
BB,15m,0.425,3.0,0.25,0.5708,1.6707,2.6202,135,400,191
BB,15m,0.7,10.0,0.167,1.2991,1.6688,3.72,129,374,191
BB,15m,0.475,7.0,0.25,1.1243,1.6684,2.7976,136,395,189
BB,15m,0.45,10.0,0.25,1.001,1.661,2.775,137,394,190
BB,15m,0.7,7.0,0.167,1.2378,1.6606,3.6447,129,374,191
BB,15m,0.65,3.0,0.167,0.7557,1.6587,2.3651,132,383,190
BB,15m,0.45,5.0,0.25,1.0395,1.6569,2.9465,137,394,190
BB,15m,0.4,5.0,0.25,1.0649,1.6566,3.2927,133,402,191
BB,15m,0.4,2.0,0.167,1.3001,1.6544,2.8341,133,402,191
BB,15m,0.65,10.0,0.167,0.9537,1.6448,3.287,132,383,190
BB,15m,0.525,10.0,0.167,1.6363,1.6433,3.889,134,392,189
BB,15m,0.525,7.0,0.167,1.5829,1.6397,3.8721,134,392,189
BB,15m,0.55,10.0,0.167,0.7545,1.6386,3.5603,132,395,191
BB,15m,0.5,10.0,0.167,1.7804,1.6337,3.5312,134,397,190
BB,15m,0.525,3.0,0.167,1.2133,1.6336,3.213,134,392,189
BB,15m,0.55,7.0,0.167,0.7025,1.6278,3.5242,132,395,191
BB,15m,0.375,10.0,0.25,2.2123,1.6256,2.6426,130,401,194
BB,15m,0.525,5.0,0.167,1.5705,1.6245,3.8173,134,392,189
BB,15m,0.625,10.0,0.167,0.6835,1.621,3.1557,132,388,189
BB,15m,0.4,10.0,0.25,1.0051,1.6192,3.0203,133,402,191
BB,15m,0.575,3.0,0.167,0.6762,1.6161,2.6591,132,397,191
BB,15m,0.5,5.0,0.167,1.8967,1.6149,3.4285,134,397,190
BB,15m,0.6,3.0,0.167,0.3191,1.614,2.4912,131,392,191
BB,15m,0.625,2.0,0.167,0.4833,1.6126,2.3209,132,388,189
BB,15m,0.675,10.0,0.25,0.7674,1.6103,2.3632,128,379,191
BB,15m,0.375,7.0,0.25,2.1254,1.6053,2.6255,130,401,194
BB,15m,0.35,4.0,0.167,1.5957,1.6045,3.6942,134,403,195
BB,15m,0.425,4.0,0.25,0.6122,1.6015,3.3926,135,400,191
BB,15m,0.4,7.0,0.25,0.9251,1.5978,2.9691,133,402,191
BB,15m,0.35,10.0,0.167,1.5379,1.5956,3.765,134,403,195
BB,15m,0.375,2.0,0.167,1.965,1.5938,2.568,130,401,194
BB,15m,0.65,2.0,0.167,0.5046,1.5908,2.2735,132,383,190
BB,15m,0.4,3.0,0.25,0.5361,1.5896,2.9326,133,402,191
BB,15m,0.55,3.0,0.167,0.484,1.5889,2.8493,132,395,191
BB,15m,0.35,7.0,0.167,1.5144,1.5857,3.7615,134,403,195
BB,15m,0.375,3.0,0.25,1.5272,1.5835,2.8464,130,401,194
BB,15m,0.6,10.0,0.167,0.6644,1.5826,3.0894,131,392,191
BB,15m,0.5,3.0,0.167,1.6068,1.563,3.0939,134,397,190
BB,15m,0.3,4.0,0.25,2.3845,1.5592,3.3056,134,402,199
BB,15m,0.575,2.0,0.167,0.8308,1.5548,2.221,132,397,191
BB,15m,0.475,10.0,0.25,1.2875,1.5505,2.8519,136,395,189
BB,15m,0.7,3.0,0.167,1.2062,1.5418,2.7357,129,374,191
BB,15m,0.625,3.0,0.167,0.5631,1.5413,2.3121,132,388,189
BB,15m,0.675,5.0,0.25,0.4546,1.5312,2.6621,128,379,191
BB,15m,0.325,4.0,0.25,1.8942,1.5302,3.3376,132,403,197
BB,15m,0.35,2.0,0.167,1.251,1.5297,2.7434,134,403,195
BB,15m,0.35,5.0,0.25,1.3153,1.5267,2.9334,134,403,195
BB,15m,0.675,7.0,0.25,0.6691,1.5257,2.6059,128,379,191
BB,15m,0.45,3.0,0.25,0.728,1.523,2.454,137,394,190
BB,15m,0.5,7.0,0.25,1.1536,1.5105,2.7384,134,397,190
BB,15m,0.5,2.0,0.167,1.7108,1.5065,2.1273,134,397,190
BB,15m,0.475,4.0,0.25,0.912,1.5029,3.3003,136,395,189
BB,15m,0.525,2.0,0.167,1.3832,1.4987,2.344,134,392,189
BB,15m,0.6,2.0,0.167,0.3038,1.4981,2.2922,131,392,191
BB,15m,0.325,3.0,0.25,1.2142,1.4948,3.3143,132,403,197
BB,15m,0.55,2.0,0.167,0.578,1.4936,1.9136,132,395,191
BB,15m,0.4,4.0,0.25,0.8154,1.4893,3.3795,133,402,191
BB,15m,0.5,10.0,0.25,1.2895,1.4852,2.6686,134,397,190
BB,15m,0.475,5.0,0.25,1.3331,1.484,3.0511,136,395,189
BB,15m,0.575,7.0,0.25,0.798,1.4731,2.3464,132,397,191
BB,15m,0.3,3.0,0.25,2.3358,1.4651,3.1287,134,402,199
BB,15m,0.525,10.0,0.25,1.2242,1.4641,3.0846,134,392,189
BB,15m,0.575,10.0,0.25,0.8691,1.462,2.3017,132,397,191
BB,15m,0.7,10.0,0.25,0.7323,1.4548,2.7108,129,374,191
BB,15m,0.35,10.0,0.25,1.3498,1.4494,2.8823,134,403,195
BB,15m,0.7,2.0,0.167,0.6312,1.4465,2.4762,129,374,191
BB,15m,0.55,10.0,0.25,0.8238,1.4367,2.5807,132,395,191
BB,15m,0.35,7.0,0.25,1.2701,1.4339,2.8511,134,403,195
BB,15m,0.525,7.0,0.25,1.155,1.4294,3.1494,134,392,189
BB,15m,0.575,5.0,0.25,0.5977,1.4177,2.8055,132,397,191
BB,15m,0.475,3.0,0.25,1.0177,1.4131,2.5827,136,395,189
BB,15m,0.7,5.0,0.25,0.4807,1.4017,2.8092,129,374,191
BB,15m,0.375,4.0,0.25,2.0471,1.3976,3.1373,130,401,194
BB,15m,0.55,7.0,0.25,0.7632,1.3877,2.6003,132,395,191
BB,15m,0.675,4.0,0.25,0.6826,1.3875,2.4673,128,379,191
BB,15m,0.6,7.0,0.25,0.5589,1.3819,2.0581,131,392,191
BB,15m,0.65,10.0,0.25,0.4157,1.3725,2.2723,132,383,190
BB,15m,0.575,4.0,0.25,0.4515,1.367,2.5131,132,397,191
BB,15m,0.525,4.0,0.25,0.6408,1.3591,3.2012,134,392,189
BB,15m,0.55,5.0,0.25,0.5734,1.3585,2.8852,132,395,191
BB,15m,0.3,2.0,0.25,2.3412,1.3557,2.0564,134,402,199
BB,15m,0.65,7.0,0.25,0.3427,1.351,2.5369,132,383,190
BB,15m,0.7,7.0,0.25,0.6488,1.3367,2.9094,129,374,191
BB,15m,0.55,4.0,0.25,0.4355,1.3361,2.6262,132,395,191
BB,15m,0.5,4.0,0.25,0.8455,1.3316,3.1023,134,397,190
BB,15m,0.325,2.0,0.25,1.3625,1.3162,2.2005,132,403,197
BB,15m,0.6,10.0,0.25,0.6471,1.3159,2.0628,131,392,191
BB,15m,0.675,3.0,0.25,0.571,1.3137,1.4786,128,379,191
BB,15m,0.35,3.0,0.25,0.6303,1.3127,3.0514,134,403,195
BB,15m,0.6,5.0,0.25,0.2897,1.304,2.6774,131,392,191
BB,15m,0.625,10.0,0.25,0.1312,1.3002,2.0834,132,388,189
BB,15m,0.65,5.0,0.25,0.0557,1.298,2.7599,132,383,190
BB,15m,0.625,7.0,0.25,0.0639,1.2865,2.3455,132,388,189
BB,15m,0.5,5.0,0.25,1.3366,1.2768,2.8631,134,397,190
BB,15m,0.35,4.0,0.25,1.2478,1.26,3.3588,134,403,195
BB,15m,0.525,5.0,0.25,1.0285,1.2472,3.4151,134,392,189
BB,15m,0.45,2.0,0.25,0.5435,1.2353,1.5984,137,394,190
BB,15m,0.6,4.0,0.25,0.291,1.2313,2.1713,131,392,191
BB,15m,0.65,4.0,0.25,0.3166,1.2237,2.3034,132,383,190
BB,15m,0.7,4.0,0.25,0.5915,1.2085,2.5359,129,374,191
BB,15m,0.425,2.0,0.25,0.5022,1.2032,1.794,135,400,191
BB,15m,0.475,2.0,0.25,0.8798,1.2011,1.4258,136,395,189
BB,15m,0.4,2.0,0.25,0.7744,1.1795,2.0796,133,402,191
BB,15m,0.375,2.0,0.25,1.7989,1.1574,1.8385,130,401,194
BB,15m,0.675,2.0,0.25,0.3211,1.1354,1.4279,128,379,191
BB,15m,0.525,3.0,0.25,0.7538,1.11,2.6277,134,392,189
BB,15m,0.5,3.0,0.25,1.1076,1.0941,2.5342,134,397,190
BB,15m,0.35,2.0,0.25,0.8776,1.0705,1.9782,134,403,195
BB,15m,0.575,3.0,0.25,0.6831,1.0683,1.978,132,397,191
BB,15m,0.55,3.0,0.25,0.5944,1.0292,2.0734,132,395,191
BB,15m,0.6,3.0,0.25,0.243,1.013,1.7598,131,392,191
BB,15m,0.65,2.0,0.25,0.1827,0.997,1.4638,132,383,190
BB,15m,0.625,2.0,0.25,0.1731,0.9735,1.4092,132,388,189
BB,15m,0.7,3.0,0.25,0.8078,0.9704,1.8682,129,374,191
BB,15m,0.65,3.0,0.25,0.2423,0.9693,1.5247,132,383,190
BB,15m,0.575,2.0,0.25,0.8452,0.9554,1.4181,132,397,191
BB,15m,0.5,2.0,0.25,1.2719,0.9491,1.2408,134,397,190
BB,15m,0.55,2.0,0.25,0.7162,0.9171,1.0601,132,395,191
BB,15m,0.6,2.0,0.25,0.3039,0.9124,1.4926,131,392,191
BB,15m,0.525,2.0,0.25,0.851,0.8762,1.4596,134,392,189
BB,15m,0.7,2.0,0.25,0.3751,0.8588,1.7006,129,374,191
BB,15m,0.625,3.0,0.25,0.094,0.8479,1.4811,132,388,189
BB,15m,0.425,7.0,0.5,1.4471,0.8242,1.5156,135,400,191
BB,15m,0.675,10.0,0.5,0.6055,0.8161,0.7644,128,379,191
BB,15m,0.325,7.0,0.5,2.4099,0.735,2.1716,132,403,197
BB,15m,0.325,5.0,0.5,2.2423,0.6921,1.9061,132,403,197
BB,15m,0.6,10.0,0.5,0.9127,0.6909,0.6193,131,392,191
BB,15m,0.65,10.0,0.5,0.5238,0.6774,0.6997,132,383,190
BB,15m,0.575,7.0,0.5,0.8992,0.6708,0.7556,132,397,191
BB,15m,0.55,10.0,0.5,1.2566,0.6692,1.3125,132,395,191
BB,15m,0.575,10.0,0.5,1.2055,0.6641,0.8162,132,397,191
BB,15m,0.525,10.0,0.5,1.7322,0.6628,1.8076,134,392,189
BB,15m,0.475,7.0,0.5,1.4694,0.6483,1.4583,136,395,189
BB,15m,0.6,7.0,0.5,0.585,0.635,0.4539,131,392,191
BB,15m,0.45,7.0,0.5,1.2511,0.6307,1.2572,137,394,190
BB,15m,0.5,7.0,0.5,1.4163,0.6089,1.3886,134,397,190
BB,15m,0.375,7.0,0.5,3.0277,0.6043,1.3017,130,401,194
BB,15m,0.7,10.0,0.5,0.5891,0.6031,1.1619,129,374,191
BB,15m,0.4,7.0,0.5,1.8252,0.5968,1.6315,133,402,191
BB,15m,0.525,7.0,0.5,1.4077,0.5965,1.8444,134,392,189
BB,15m,0.5,10.0,0.5,1.8302,0.5779,1.3317,134,397,190
BB,15m,0.55,7.0,0.5,1.0085,0.5774,1.2415,132,395,191
BB,15m,0.425,10.0,0.5,1.6074,0.5752,1.6417,135,400,191
BB,15m,0.625,10.0,0.5,0.3701,0.5747,0.6016,132,388,189
BB,15m,0.325,10.0,0.5,2.6353,0.5563,2.2384,132,403,197
BB,15m,0.425,5.0,0.5,1.2233,0.5555,1.4999,135,400,191
BB,15m,0.3,7.0,0.5,3.1648,0.5526,2.2604,134,402,199
BB,15m,0.3,5.0,0.5,2.8965,0.5457,1.9545,134,402,199
BB,15m,0.4,5.0,0.5,1.6179,0.5415,1.6736,133,402,191
BB,15m,0.375,5.0,0.5,2.86,0.5335,1.0163,130,401,194
BB,15m,0.675,7.0,0.5,0.5207,0.5206,0.9109,128,379,191
BB,15m,0.35,7.0,0.5,2.3068,0.4905,1.6883,134,403,195
BB,15m,0.425,3.0,0.5,0.3115,0.4644,0.7033,135,400,191
BB,15m,0.35,5.0,0.5,2.0272,0.459,1.5517,134,403,195
BB,15m,0.575,5.0,0.5,0.3894,0.4582,1.1415,132,397,191
BB,15m,0.4,10.0,0.5,1.9554,0.4432,1.7373,133,402,191
BB,15m,0.45,10.0,0.5,1.5303,0.4224,1.4122,137,394,190
BB,15m,0.45,4.0,0.5,0.2733,0.4212,1.6004,137,394,190
BB,15m,0.575,4.0,0.5,0.0254,0.4109,0.9005,132,397,191
BB,15m,0.45,5.0,0.5,1.1395,0.4105,1.1964,137,394,190
BB,15m,0.55,5.0,0.5,0.4328,0.398,1.3785,132,395,191
BB,15m,0.65,7.0,0.5,0.1811,0.3972,0.9618,132,383,190
BB,15m,0.425,4.0,0.5,0.5353,0.3829,1.6825,135,400,191
BB,15m,0.3,10.0,0.5,3.4189,0.3691,2.3271,134,402,199
BB,15m,0.45,3.0,0.5,0.2309,0.3389,0.4627,137,394,190
BB,15m,0.475,10.0,0.5,1.8068,0.3386,1.6615,136,395,189
BB,15m,0.625,7.0,0.5,0.03,0.3315,0.7595,132,388,189
BB,15m,0.375,10.0,0.5,3.2593,0.3148,1.3908,130,401,194
BB,15m,0.55,4.0,0.5,0.1024,0.2942,1.036,132,395,191
BB,15m,0.325,4.0,0.5,2.0473,0.289,1.9507,132,403,197
BB,15m,0.7,7.0,0.5,0.4983,0.2667,1.2076,129,374,191
BB,15m,0.4,4.0,0.5,1.0036,0.2589,1.6841,133,402,191
BB,15m,0.525,5.0,0.5,0.8961,0.2506,1.9053,134,392,189
BB,15m,0.4,3.0,0.5,0.5663,0.246,1.1006,133,402,191
BB,15m,0.3,2.0,0.5,1.8274,0.2267,0.236,134,402,199
BB,15m,0.5,5.0,0.5,1.3512,0.2162,1.3002,134,397,190
BB,15m,0.3,4.0,0.5,2.6045,0.2072,1.8976,134,402,199
BB,15m,0.475,3.0,0.5,0.5336,0.2018,0.7565,136,395,189
BB,15m,0.375,3.0,0.5,1.589,0.1909,1.0175,130,401,194
BB,15m,0.325,3.0,0.5,0.8312,0.1847,1.8123,132,403,197
BB,15m,0.475,5.0,0.5,1.3828,0.1844,1.6056,136,395,189
BB,15m,0.35,10.0,0.5,2.5227,0.1813,1.8015,134,403,195
BB,15m,0.375,4.0,0.5,2.2941,0.1789,1.4396,130,401,194
BB,15m,0.325,2.0,0.5,0.7133,0.1723,0.343,132,403,197
BB,15m,0.475,4.0,0.5,0.552,0.1672,1.692,136,395,189
BB,15m,0.525,4.0,0.5,0.3485,0.1558,1.6322,134,392,189
BB,15m,0.5,4.0,0.5,0.4941,0.135,1.4138,134,397,190
BB,15m,0.35,4.0,0.5,1.6625,0.0959,1.8706,134,403,195
BB,15m,0.575,3.0,0.5,0.0955,0.0916,0.1771,132,397,191
BB,15m,0.525,3.0,0.5,0.1285,0.0687,0.775,134,392,189
BB,15m,0.4,2.0,0.5,0.4457,0.0291,0.1322,133,402,191
BB,15m,0.5,3.0,0.5,0.5506,0.0242,0.7134,134,397,190
MB,15m,0.425,7.0,0.125,1.7727,3.1847,2.0692,487,1274,607
MB,15m,0.425,5.0,0.125,1.762,3.1832,2.1027,487,1274,607
MB,15m,0.425,10.0,0.125,1.7508,3.183,2.0698,487,1274,607
MB,15m,0.425,4.0,0.125,1.8067,3.1768,2.1288,487,1274,607
MB,15m,0.3,4.0,0.125,2.1656,3.1628,2.4239,486,1280,609
MB,15m,0.425,3.0,0.125,1.8152,3.1444,2.1214,487,1274,607
MB,15m,0.3,5.0,0.125,2.1682,3.1437,2.4293,486,1280,609
MB,15m,0.3,10.0,0.125,2.1613,3.1419,2.3749,486,1280,609
MB,15m,0.3,7.0,0.125,2.161,3.1389,2.3749,486,1280,609
MB,15m,0.45,5.0,0.125,1.7761,3.085,2.3808,484,1273,596
MB,15m,0.3,3.0,0.125,2.1925,3.0746,2.4275,486,1280,609
MB,15m,0.35,4.0,0.125,2.0318,3.0553,2.103,484,1286,613
MB,15m,0.45,7.0,0.125,1.7898,3.0501,2.3336,484,1273,596
MB,15m,0.45,10.0,0.125,1.7694,3.0497,2.3341,484,1273,596
MB,15m,0.4,10.0,0.125,2.0615,3.0488,2.0806,484,1270,606
MB,15m,0.35,10.0,0.125,2.0104,3.0479,2.0291,484,1286,613
MB,15m,0.35,5.0,0.125,2.0454,3.047,2.0784,484,1286,613
MB,15m,0.425,5.0,0.167,1.5284,3.047,1.5161,487,1274,607
MB,15m,0.4,4.0,0.125,2.1013,3.0454,2.1518,484,1270,606
MB,15m,0.4,7.0,0.125,2.0832,3.0438,2.08,484,1270,606
MB,15m,0.35,7.0,0.125,2.0103,3.0437,2.0291,484,1286,613
MB,15m,0.425,7.0,0.167,1.5315,3.0436,1.2795,487,1274,607
MB,15m,0.45,4.0,0.125,1.8532,3.0399,2.3843,484,1273,596
MB,15m,0.3,5.0,0.167,1.9424,3.0397,1.8273,486,1280,609
MB,15m,0.3,4.0,0.167,1.9234,3.034,1.8241,486,1280,609
MB,15m,0.3,7.0,0.167,1.9204,3.0332,1.5962,486,1280,609
MB,15m,0.4,5.0,0.125,2.0809,3.0329,2.1177,484,1270,606
MB,15m,0.4,7.0,0.167,1.8935,3.032,1.2823,484,1270,606
MB,15m,0.425,10.0,0.167,1.4108,3.0298,1.2841,487,1274,607
MB,15m,0.4,10.0,0.167,1.7711,3.0276,1.2867,484,1270,606
MB,15m,0.35,5.0,0.167,1.9668,3.024,1.503,484,1286,613
MB,15m,0.3,10.0,0.167,1.817,3.0232,1.597,486,1280,609
MB,15m,0.4,5.0,0.167,1.903,3.0222,1.5252,484,1270,606
MB,15m,0.35,7.0,0.167,1.9062,3.0106,1.2829,484,1286,613
MB,15m,0.45,3.0,0.125,1.7641,3.007,2.381,484,1273,596
MB,15m,0.35,10.0,0.167,1.8041,3.0036,1.2837,484,1286,613
MB,15m,0.375,10.0,0.125,2.0128,2.9985,2.0599,485,1289,609
MB,15m,0.425,4.0,0.167,1.5743,2.9973,1.5236,487,1274,607
MB,15m,0.375,7.0,0.125,2.035,2.9937,2.0599,485,1289,609
MB,15m,0.375,4.0,0.125,2.0564,2.9932,2.1273,485,1289,609
MB,15m,0.375,5.0,0.125,2.045,2.9915,2.1071,485,1289,609
MB,15m,0.35,4.0,0.167,1.93,2.9898,1.5267,484,1286,613
MB,15m,0.4,4.0,0.167,1.9216,2.9855,1.5457,484,1270,606
MB,15m,0.35,3.0,0.125,2.0412,2.9851,2.0651,484,1286,613
MB,15m,0.325,4.0,0.125,2.129,2.9668,2.1942,485,1289,606
MB,15m,0.325,10.0,0.125,2.1104,2.9533,2.1148,485,1289,606
MB,15m,0.325,5.0,0.125,2.1442,2.9502,2.1663,485,1289,606
MB,15m,0.325,7.0,0.125,2.1102,2.9494,2.1148,485,1289,606
MB,15m,0.4,3.0,0.125,2.1373,2.9491,2.1595,484,1270,606
MB,15m,0.325,7.0,0.167,1.9096,2.9312,1.3527,485,1289,606
MB,15m,0.325,5.0,0.167,1.9687,2.931,1.5788,485,1289,606
MB,15m,0.45,5.0,0.167,1.4666,2.9309,1.8517,484,1273,596
MB,15m,0.375,5.0,0.167,1.8386,2.9302,1.586,485,1289,609
MB,15m,0.375,7.0,0.167,1.8066,2.9256,1.3311,485,1289,609
MB,15m,0.325,4.0,0.167,1.9324,2.9236,1.6082,485,1289,606
MB,15m,0.325,10.0,0.167,1.8065,2.9229,1.3535,485,1289,606
MB,15m,0.375,10.0,0.167,1.6822,2.9203,1.3316,485,1289,609
MB,15m,0.325,3.0,0.125,2.1181,2.909,2.1594,485,1289,606
MB,15m,0.375,3.0,0.125,2.0757,2.9002,2.1303,485,1289,609
MB,15m,0.425,3.0,0.167,1.5479,2.8964,1.526,487,1274,607
MB,15m,0.3,2.0,0.125,2.1578,2.8935,2.2061,486,1280,609
MB,15m,0.45,7.0,0.167,1.4762,2.8926,1.5804,484,1273,596
MB,15m,0.4,7.0,0.25,1.6188,2.8841,0.958,484,1270,606
MB,15m,0.45,10.0,0.167,1.3581,2.8821,1.5842,484,1273,596
MB,15m,0.375,4.0,0.167,1.8404,2.882,1.5972,485,1289,609
MB,15m,0.3,3.0,0.167,1.9386,2.8754,1.8361,486,1280,609
MB,15m,0.4,10.0,0.25,1.4671,2.8647,0.9807,484,1270,606
MB,15m,0.35,3.0,0.167,1.8995,2.8492,1.4667,484,1286,613
MB,15m,0.3,5.0,0.25,1.6293,2.8458,1.4893,486,1280,609
MB,15m,0.45,4.0,0.167,1.5404,2.8429,1.8034,484,1273,596
MB,15m,0.4,5.0,0.25,1.5966,2.8418,1.2236,484,1270,606
MB,15m,0.35,5.0,0.25,1.6504,2.8339,1.0847,484,1286,613
MB,15m,0.425,2.0,0.125,1.8006,2.8327,1.6121,487,1274,607
MB,15m,0.425,7.0,0.25,1.4111,2.8302,0.8253,487,1274,607
MB,15m,0.4,3.0,0.167,1.9249,2.8292,1.5832,484,1270,606
MB,15m,0.35,7.0,0.25,1.6044,2.8284,0.8262,484,1286,613
MB,15m,0.3,7.0,0.25,1.6333,2.8161,1.3017,486,1280,609
MB,15m,0.575,4.0,0.125,1.5921,2.8113,1.8557,464,1248,574
MB,15m,0.575,5.0,0.125,1.5589,2.808,1.8292,464,1248,574
MB,15m,0.3,4.0,0.25,1.5855,2.8056,1.5937,486,1280,609
MB,15m,0.5,5.0,0.167,1.7236,2.8043,1.7128,471,1276,586
MB,15m,0.3,10.0,0.25,1.4826,2.803,1.2951,486,1280,609
MB,15m,0.5,5.0,0.125,1.8398,2.8012,2.1106,471,1276,586
MB,15m,0.475,5.0,0.125,1.7084,2.7965,2.2226,483,1275,592
MB,15m,0.425,5.0,0.25,1.371,2.7942,1.121,487,1274,607
MB,15m,0.35,10.0,0.25,1.4545,2.7935,0.8252,484,1286,613
MB,15m,0.425,10.0,0.25,1.2621,2.7917,0.8516,487,1274,607
MB,15m,0.4,4.0,0.25,1.6048,2.7909,1.2082,484,1270,606
MB,15m,0.325,3.0,0.167,1.8819,2.7889,1.5294,485,1289,606
MB,15m,0.5,4.0,0.125,1.8919,2.7728,2.0841,471,1276,586
MB,15m,0.575,10.0,0.125,1.5396,2.7725,1.8532,464,1248,574
MB,15m,0.575,7.0,0.125,1.5558,2.7671,1.8498,464,1248,574
MB,15m,0.35,4.0,0.25,1.6013,2.7664,1.1322,484,1286,613
MB,15m,0.525,5.0,0.125,1.829,2.7657,1.9602,471,1271,588
MB,15m,0.425,4.0,0.25,1.412,2.7628,1.0897,487,1274,607
MB,15m,0.475,4.0,0.125,1.7586,2.7593,2.1885,483,1275,592
MB,15m,0.375,7.0,0.25,1.5359,2.7583,0.8827,485,1289,609
MB,15m,0.475,7.0,0.125,1.6998,2.7563,2.1336,483,1275,592
MB,15m,0.375,5.0,0.25,1.5376,2.7562,1.16,485,1289,609
MB,15m,0.475,10.0,0.125,1.6801,2.7559,2.1342,483,1275,592
MB,15m,0.525,4.0,0.125,1.8415,2.7483,1.9133,471,1271,588
MB,15m,0.5,10.0,0.125,1.7966,2.7398,2.066,471,1276,586
MB,15m,0.425,3.0,0.083,1.8902,2.7397,2.1195,487,1274,607
MB,15m,0.5,7.0,0.167,1.7048,2.7396,1.6257,471,1276,586
MB,15m,0.5,7.0,0.125,1.8152,2.7387,2.0654,471,1276,586
MB,15m,0.425,5.0,0.083,1.8768,2.7368,2.1488,487,1274,607
MB,15m,0.5,4.0,0.167,1.7494,2.7355,1.6319,471,1276,586
MB,15m,0.375,10.0,0.25,1.3787,2.7346,0.883,485,1289,609
MB,15m,0.475,5.0,0.167,1.5407,2.7318,1.7584,483,1275,592
MB,15m,0.5,10.0,0.167,1.6651,2.7309,1.5842,471,1276,586
MB,15m,0.45,3.0,0.167,1.4378,2.7305,1.7367,484,1273,596
MB,15m,0.375,3.0,0.167,1.8236,2.7284,1.6305,485,1289,609
MB,15m,0.325,5.0,0.25,1.6077,2.7249,1.204,485,1289,606
MB,15m,0.425,10.0,0.083,1.8865,2.7244,2.1486,487,1274,607
MB,15m,0.525,10.0,0.125,1.7644,2.724,1.9209,471,1271,588
MB,15m,0.425,7.0,0.083,1.8873,2.7239,2.1486,487,1274,607
MB,15m,0.525,7.0,0.125,1.7983,2.7229,1.9195,471,1271,588
MB,15m,0.425,4.0,0.083,1.8632,2.7223,2.1483,487,1274,607
MB,15m,0.5,3.0,0.125,1.9435,2.7196,2.0075,471,1276,586
MB,15m,0.45,3.0,0.083,1.8658,2.7163,2.3445,484,1273,596
MB,15m,0.6,5.0,0.125,1.478,2.7131,2.0705,455,1239,556
MB,15m,0.325,7.0,0.25,1.5641,2.7096,1.0296,485,1289,606
MB,15m,0.6,4.0,0.125,1.4743,2.7064,2.1003,455,1239,556
MB,15m,0.475,3.0,0.125,1.6881,2.7057,2.1389,483,1275,592
MB,15m,0.45,5.0,0.083,1.9003,2.7034,2.374,484,1273,596
MB,15m,0.35,2.0,0.125,1.9152,2.7009,1.7205,484,1286,613
MB,15m,0.4,2.0,0.125,1.9924,2.6983,1.5855,484,1270,606
MB,15m,0.325,10.0,0.25,1.4128,2.6974,1.0259,485,1289,606
MB,15m,0.575,5.0,0.167,1.4273,2.6942,1.4067,464,1248,574
MB,15m,0.45,10.0,0.083,1.9104,2.693,2.3737,484,1273,596
MB,15m,0.45,7.0,0.083,1.911,2.6922,2.3737,484,1273,596
MB,15m,0.45,4.0,0.083,1.8906,2.6888,2.3626,484,1273,596
MB,15m,0.325,4.0,0.25,1.5657,2.688,1.3443,485,1289,606
MB,15m,0.475,7.0,0.167,1.5427,2.6867,1.5694,483,1275,592
MB,15m,0.525,3.0,0.125,1.8661,2.6867,1.8926,471,1271,588
MB,15m,0.55,5.0,0.125,1.8509,2.6865,2.0483,466,1260,581
MB,15m,0.375,4.0,0.25,1.544,2.6852,1.1204,485,1289,609
MB,15m,0.45,2.0,0.125,1.7788,2.6852,1.917,484,1273,596
MB,15m,0.4,10.0,0.083,2.0488,2.6837,2.2793,484,1270,606
MB,15m,0.4,5.0,0.083,2.0417,2.6834,2.2794,484,1270,606
MB,15m,0.4,7.0,0.083,2.0488,2.6829,2.2793,484,1270,606
MB,15m,0.4,4.0,0.083,2.0483,2.6812,2.2845,484,1270,606
MB,15m,0.575,7.0,0.167,1.443,2.6788,1.3977,464,1248,574
MB,15m,0.475,10.0,0.167,1.4028,2.6761,1.5732,483,1275,592
MB,15m,0.3,2.0,0.167,1.909,2.6741,1.6019,486,1280,609
MB,15m,0.55,4.0,0.125,1.8783,2.6741,2.0424,466,1260,581
MB,15m,0.6,10.0,0.125,1.4672,2.6705,2.1074,455,1239,556
MB,15m,0.6,7.0,0.125,1.4836,2.6649,2.1038,455,1239,556
MB,15m,0.575,10.0,0.167,1.4101,2.6608,1.3648,464,1248,574
MB,15m,0.525,5.0,0.167,1.6543,2.6582,1.7191,471,1271,588
MB,15m,0.575,3.0,0.125,1.5192,2.6539,1.6876,464,1248,574
MB,15m,0.325,2.0,0.125,1.9717,2.6538,1.8644,485,1289,606
MB,15m,0.55,10.0,0.125,1.781,2.6526,2.0168,466,1260,581
MB,15m,0.575,4.0,0.167,1.4358,2.6516,1.364,464,1248,574
MB,15m,0.55,7.0,0.125,1.7968,2.6498,2.0162,466,1260,581
MB,15m,0.4,3.0,0.083,2.0757,2.6484,2.251,484,1270,606
MB,15m,0.475,4.0,0.167,1.5718,2.6471,1.6635,483,1275,592
MB,15m,0.5,4.0,0.083,2.0133,2.6438,2.1699,471,1276,586
MB,15m,0.375,2.0,0.125,1.9874,2.6424,1.6147,485,1289,609
MB,15m,0.475,5.0,0.083,1.8426,2.6385,2.2189,483,1275,592
MB,15m,0.475,4.0,0.083,1.8204,2.6376,2.2107,483,1275,592
MB,15m,0.5,5.0,0.083,2.0128,2.6357,2.1722,471,1276,586
MB,15m,0.525,7.0,0.167,1.6413,2.6333,1.6417,471,1271,588
MB,15m,0.475,10.0,0.083,1.8311,2.6289,2.2167,483,1275,592
MB,15m,0.475,7.0,0.083,1.8316,2.6281,2.2167,483,1275,592
MB,15m,0.55,3.0,0.125,1.8392,2.6153,1.9469,466,1260,581
MB,15m,0.525,10.0,0.167,1.5748,2.6144,1.6033,471,1271,588
MB,15m,0.525,4.0,0.167,1.6515,2.6122,1.6297,471,1271,588
MB,15m,0.45,5.0,0.25,1.186,2.6093,1.4552,484,1273,596
MB,15m,0.5,3.0,0.167,1.8068,2.6054,1.4687,471,1276,586
MB,15m,0.3,4.0,0.083,1.9568,2.6042,2.5434,486,1280,609
MB,15m,0.45,7.0,0.25,1.2448,2.6042,1.1266,484,1273,596
MB,15m,0.5,10.0,0.083,2.0065,2.6026,2.1785,471,1276,586
MB,15m,0.3,5.0,0.083,1.9683,2.6016,2.5452,486,1280,609
MB,15m,0.5,7.0,0.083,2.0069,2.6013,2.1785,471,1276,586
MB,15m,0.525,4.0,0.083,1.9279,2.5943,2.1122,471,1271,588
MB,15m,0.3,10.0,0.083,1.9734,2.5899,2.5403,486,1280,609
MB,15m,0.35,5.0,0.083,1.8929,2.5893,2.229,484,1286,613
MB,15m,0.3,7.0,0.083,1.9734,2.5892,2.5403,486,1280,609
MB,15m,0.525,5.0,0.083,1.9312,2.588,2.1313,471,1271,588
MB,15m,0.35,4.0,0.083,1.8773,2.587,2.2203,484,1286,613
MB,15m,0.475,3.0,0.083,1.7998,2.5837,2.1605,483,1275,592
MB,15m,0.55,5.0,0.167,1.6881,2.5833,1.634,466,1260,581
MB,15m,0.3,3.0,0.083,1.9717,2.5832,2.5454,486,1280,609
MB,15m,0.3,3.0,0.25,1.5446,2.58,1.5107,486,1280,609
MB,15m,0.35,10.0,0.083,1.8964,2.58,2.2249,484,1286,613
MB,15m,0.35,7.0,0.083,1.8964,2.5792,2.2249,484,1286,613
MB,15m,0.6,5.0,0.167,1.2874,2.5786,1.5525,455,1239,556
MB,15m,0.55,7.0,0.167,1.6472,2.5765,1.5651,466,1260,581
MB,15m,0.45,10.0,0.25,1.0999,2.5732,1.1528,484,1273,596
MB,15m,0.35,3.0,0.083,1.9175,2.5722,2.2298,484,1286,613
MB,15m,0.525,10.0,0.083,1.9229,2.5666,2.1382,471,1271,588
MB,15m,0.5,3.0,0.083,2.0472,2.5661,2.102,471,1276,586
MB,15m,0.525,7.0,0.083,1.9232,2.5656,2.1382,471,1271,588
MB,15m,0.375,5.0,0.083,1.9504,2.562,2.3712,485,1289,609
MB,15m,0.425,3.0,0.25,1.4098,2.5617,1.1091,487,1274,607
MB,15m,0.425,2.0,0.083,1.9764,2.5593,1.8917,487,1274,607
MB,15m,0.375,4.0,0.083,1.9541,2.559,2.3625,485,1289,609
MB,15m,0.375,10.0,0.083,1.9541,2.559,2.3674,485,1289,609
MB,15m,0.375,7.0,0.083,1.9541,2.5582,2.3674,485,1289,609
MB,15m,0.55,10.0,0.167,1.6137,2.5579,1.5245,466,1260,581
MB,15m,0.625,5.0,0.125,1.5323,2.5563,2.1372,453,1227,548
MB,15m,0.7,5.0,0.125,1.4621,2.5548,2.3955,433,1193,527
MB,15m,0.45,2.0,0.083,1.9853,2.5534,2.2083,484,1273,596
MB,15m,0.6,7.0,0.167,1.2934,2.549,1.5642,455,1239,556
MB,15m,0.4,3.0,0.25,1.6393,2.5478,1.2983,484,1270,606
MB,15m,0.55,4.0,0.167,1.6928,2.5419,1.5801,466,1260,581
MB,15m,0.7,7.0,0.125,1.4429,2.5418,2.3459,433,1193,527
MB,15m,0.35,2.0,0.167,1.7745,2.5401,1.1439,484,1286,613
MB,15m,0.475,3.0,0.167,1.4903,2.5387,1.5218,483,1275,592
MB,15m,0.45,4.0,0.25,1.2564,2.5375,1.3934,484,1273,596
MB,15m,0.35,3.0,0.25,1.4652,2.5339,1.0907,484,1286,613
MB,15m,0.6,10.0,0.167,1.2606,2.5334,1.5316,455,1239,556
MB,15m,0.3,2.0,0.083,1.9663,2.5319,2.4013,486,1280,609
MB,15m,0.6,3.0,0.125,1.4409,2.5307,1.8542,455,1239,556
MB,15m,0.375,3.0,0.083,1.9733,2.5288,2.3317,485,1289,609
MB,15m,0.625,4.0,0.125,1.5588,2.5244,2.1363,453,1227,548
MB,15m,0.575,5.0,0.083,1.6257,2.5235,1.9637,464,1248,574
MB,15m,0.4,2.0,0.083,2.01,2.5231,1.9796,484,1270,606
MB,15m,0.425,2.0,0.167,1.4925,2.521,1.0556,487,1274,607
MB,15m,0.525,3.0,0.083,1.9525,2.5082,2.0432,471,1271,588
MB,15m,0.575,4.0,0.083,1.6866,2.5065,1.9602,464,1248,574
MB,15m,0.6,4.0,0.167,1.3066,2.5055,1.51,455,1239,556
MB,15m,0.625,7.0,0.125,1.5403,2.5052,2.169,453,1227,548
MB,15m,0.4,2.0,0.167,1.7475,2.503,0.9838,484,1270,606
MB,15m,0.575,10.0,0.083,1.6367,2.5024,1.9821,464,1248,574
MB,15m,0.575,7.0,0.083,1.6396,2.5008,1.9819,464,1248,574
MB,15m,0.325,3.0,0.25,1.4196,2.4967,1.2204,485,1289,606
MB,15m,0.625,10.0,0.125,1.5498,2.4928,2.1718,453,1227,548
MB,15m,0.55,5.0,0.083,1.8662,2.4915,2.0903,466,1260,581
MB,15m,0.675,5.0,0.125,1.4301,2.4893,2.3294,436,1217,535
MB,15m,0.55,4.0,0.083,1.9023,2.4868,2.0963,466,1260,581
MB,15m,0.7,10.0,0.125,1.441,2.4782,2.3411,433,1193,527
MB,15m,0.525,3.0,0.167,1.6893,2.478,1.5312,471,1271,588
MB,15m,0.575,2.0,0.125,1.495,2.4709,1.5944,464,1248,574
MB,15m,0.55,10.0,0.083,1.859,2.4705,2.1021,466,1260,581
MB,15m,0.325,2.0,0.167,1.7668,2.4701,1.2867,485,1289,606
MB,15m,0.55,7.0,0.083,1.8588,2.4694,2.1021,466,1260,581
MB,15m,0.35,2.0,0.083,1.8383,2.467,1.9956,484,1286,613
MB,15m,0.325,4.0,0.083,1.9451,2.4659,2.3172,485,1289,606
MB,15m,0.7,4.0,0.125,1.5116,2.4658,2.3002,433,1193,527
MB,15m,0.325,5.0,0.083,1.9629,2.4652,2.3251,485,1289,606
MB,15m,0.675,7.0,0.125,1.4093,2.4624,2.3072,436,1217,535
MB,15m,0.325,3.0,0.083,1.9577,2.4606,2.3162,485,1289,606
MB,15m,0.325,10.0,0.083,1.9678,2.4552,2.3207,485,1289,606
MB,15m,0.325,7.0,0.083,1.9678,2.4544,2.3207,485,1289,606
MB,15m,0.525,2.0,0.125,1.6199,2.4357,1.6048,471,1271,588
MB,15m,0.55,2.0,0.125,1.6855,2.4346,1.7055,466,1260,581
MB,15m,0.65,5.0,0.125,1.4864,2.4329,2.1091,443,1219,543
MB,15m,0.5,5.0,0.25,1.3084,2.432,1.252,471,1276,586
MB,15m,0.475,2.0,0.125,1.5064,2.4312,1.7041,483,1275,592
MB,15m,0.375,2.0,0.083,1.9327,2.4268,2.0305,485,1289,609
MB,15m,0.375,2.0,0.167,1.6511,2.423,1.1132,485,1289,609
MB,15m,0.55,3.0,0.167,1.6594,2.4207,1.5004,466,1260,581
MB,15m,0.575,3.0,0.167,1.3606,2.4182,1.2155,464,1248,574
MB,15m,0.475,2.0,0.083,1.7529,2.418,2.0555,483,1275,592
MB,15m,0.5,2.0,0.125,1.7314,2.4179,1.6749,471,1276,586
MB,15m,0.45,2.0,0.167,1.4782,2.4125,1.346,484,1273,596
MB,15m,0.5,2.0,0.083,1.9273,2.4117,2.1006,471,1276,586
MB,15m,0.575,3.0,0.083,1.6194,2.4109,1.8691,464,1248,574
MB,15m,0.375,3.0,0.25,1.4852,2.4062,1.195,485,1289,609
MB,15m,0.675,10.0,0.125,1.4215,2.4039,2.3005,436,1217,535
MB,15m,0.55,3.0,0.083,1.8828,2.403,2.0293,466,1260,581
MB,15m,0.7,5.0,0.083,1.4295,2.3987,2.2067,433,1193,527
MB,15m,0.675,4.0,0.125,1.4631,2.3863,2.2846,436,1217,535
MB,15m,0.7,7.0,0.083,1.3929,2.3856,2.2042,433,1193,527
MB,15m,0.475,5.0,0.25,1.212,2.3822,1.3819,483,1275,592
MB,15m,0.625,3.0,0.125,1.5134,2.3747,1.8791,453,1227,548
MB,15m,0.325,2.0,0.083,1.9087,2.3742,2.13,485,1289,606
MB,15m,0.6,5.0,0.083,1.4922,2.3704,2.2004,455,1239,556
MB,15m,0.525,2.0,0.083,1.7767,2.3667,1.962,471,1271,588
MB,15m,0.5,7.0,0.25,1.2957,2.3666,1.1659,471,1276,586
MB,15m,0.625,5.0,0.167,1.2807,2.3665,1.6332,453,1227,548
MB,15m,0.475,7.0,0.25,1.2678,2.3613,1.1644,483,1275,592
MB,15m,0.7,10.0,0.083,1.4006,2.3591,2.2045,433,1193,527
MB,15m,0.7,3.0,0.125,1.4503,2.3576,1.9976,433,1193,527
MB,15m,0.5,4.0,0.25,1.2968,2.3568,1.152,471,1276,586
MB,15m,0.575,2.0,0.083,1.4927,2.3541,1.827,464,1248,574
MB,15m,0.45,3.0,0.25,1.16,2.3503,1.3162,484,1273,596
MB,15m,0.7,3.0,0.083,1.4864,2.3463,2.1415,433,1193,527
MB,15m,0.5,10.0,0.25,1.2619,2.3457,1.1472,471,1276,586
MB,15m,0.475,10.0,0.25,1.124,2.3435,1.1914,483,1275,592
MB,15m,0.6,7.0,0.083,1.5087,2.3419,2.2236,455,1239,556
MB,15m,0.6,2.0,0.125,1.4777,2.3412,1.6885,455,1239,556
MB,15m,0.6,4.0,0.083,1.5155,2.341,2.2017,455,1239,556
MB,15m,0.55,2.0,0.083,1.7244,2.3406,1.8802,466,1260,581
MB,15m,0.6,10.0,0.083,1.506,2.3398,2.2239,455,1239,556
MB,15m,0.65,7.0,0.125,1.4345,2.3396,2.1549,443,1219,543
MB,15m,0.625,7.0,0.167,1.2983,2.339,1.6536,453,1227,548
MB,15m,0.65,4.0,0.125,1.5018,2.3365,2.1414,443,1219,543
MB,15m,0.65,10.0,0.125,1.4461,2.3262,2.1592,443,1219,543
MB,15m,0.575,5.0,0.25,0.8363,2.3235,0.764,464,1248,574
MB,15m,0.625,10.0,0.167,1.2977,2.3229,1.6206,453,1227,548
MB,15m,0.7,4.0,0.083,1.4153,2.3229,2.1643,433,1193,527
MB,15m,0.475,4.0,0.25,1.2184,2.314,1.2521,483,1275,592
MB,15m,0.575,7.0,0.25,0.8587,2.309,0.7794,464,1248,574
MB,15m,0.525,5.0,0.25,1.2135,2.2941,1.0925,471,1271,588
MB,15m,0.625,4.0,0.167,1.3281,2.2779,1.5585,453,1227,548
MB,15m,0.525,7.0,0.25,1.2213,2.2778,1.0328,471,1271,588
MB,15m,0.6,3.0,0.167,1.2234,2.2776,1.2864,455,1239,556
MB,15m,0.575,10.0,0.25,0.8356,2.2766,0.7278,464,1248,574
MB,15m,0.625,5.0,0.083,1.5099,2.2652,2.1876,453,1227,548
MB,15m,0.7,7.0,0.167,1.1889,2.2613,2.1485,433,1193,527
MB,15m,0.65,5.0,0.167,1.2418,2.2597,1.7854,443,1219,543
MB,15m,0.675,5.0,0.167,1.1563,2.245,1.9771,436,1217,535
MB,15m,0.675,7.0,0.167,1.1651,2.2414,1.9747,436,1217,535
MB,15m,0.7,5.0,0.167,1.2137,2.2412,2.1456,433,1193,527
MB,15m,0.6,3.0,0.083,1.4882,2.2383,2.073,455,1239,556
MB,15m,0.525,10.0,0.25,1.1467,2.2373,1.0194,471,1271,588
MB,15m,0.625,7.0,0.083,1.5261,2.2327,2.209,453,1227,548
MB,15m,0.675,3.0,0.125,1.3186,2.2284,2.1925,436,1217,535
MB,15m,0.6,5.0,0.25,0.7112,2.225,0.8411,455,1239,556
MB,15m,0.5,2.0,0.167,1.5277,2.2249,1.1454,471,1276,586
MB,15m,0.625,4.0,0.083,1.5375,2.2246,2.1575,453,1227,548
MB,15m,0.625,10.0,0.083,1.5288,2.2131,2.2091,453,1227,548
MB,15m,0.525,4.0,0.25,1.3053,2.2105,1.0587,471,1271,588
MB,15m,0.475,2.0,0.167,1.2591,2.2079,1.1696,483,1275,592
MB,15m,0.575,4.0,0.25,0.9203,2.2041,0.748,464,1248,574
MB,15m,0.6,7.0,0.25,0.6693,2.1968,0.924,455,1239,556
MB,15m,0.65,3.0,0.125,1.41,2.1964,1.9395,443,1219,543
MB,15m,0.65,7.0,0.167,1.2096,2.1943,1.8143,443,1219,543
MB,15m,0.3,2.0,0.25,1.5455,2.1903,1.2222,486,1280,609
MB,15m,0.675,10.0,0.167,1.1973,2.1888,1.8697,436,1217,535
MB,15m,0.55,7.0,0.25,1.2058,2.188,0.9509,466,1260,581
MB,15m,0.6,10.0,0.25,0.6456,2.1856,0.8232,455,1239,556
MB,15m,0.7,10.0,0.167,1.1945,2.1829,2.046,433,1193,527
MB,15m,0.65,10.0,0.167,1.2375,2.1806,1.7853,443,1219,543
MB,15m,0.6,2.0,0.083,1.3665,2.1801,1.9775,455,1239,556
MB,15m,0.5,3.0,0.25,1.4132,2.1793,0.982,471,1276,586
MB,15m,0.675,5.0,0.083,1.3737,2.1787,2.4138,436,1217,535
MB,15m,0.55,5.0,0.25,1.2325,2.1754,1.0264,466,1260,581
MB,15m,0.575,2.0,0.167,1.2747,2.1696,1.0515,464,1248,574
MB,15m,0.675,7.0,0.083,1.3459,2.1685,2.3984,436,1217,535
MB,15m,0.65,5.0,0.083,1.3942,2.1613,2.2029,443,1219,543
MB,15m,0.625,3.0,0.083,1.5206,2.1552,2.0709,453,1227,548
MB,15m,0.525,2.0,0.167,1.3448,2.1533,1.2318,471,1271,588
MB,15m,0.55,2.0,0.167,1.4159,2.1482,1.1491,466,1260,581
MB,15m,0.55,10.0,0.25,1.1845,2.1472,0.9369,466,1260,581
MB,15m,0.475,3.0,0.25,1.1792,2.1411,1.0851,483,1275,592
MB,15m,0.675,10.0,0.083,1.3488,2.1404,2.3986,436,1217,535
MB,15m,0.625,2.0,0.125,1.619,2.1401,1.6547,453,1227,548
MB,15m,0.65,7.0,0.083,1.3524,2.136,2.2303,443,1219,543
MB,15m,0.65,4.0,0.167,1.3033,2.1222,1.7149,443,1219,543
MB,15m,0.7,4.0,0.167,1.2885,2.1199,1.9346,433,1193,527
MB,15m,0.65,10.0,0.083,1.3553,2.1147,2.2305,443,1219,543
MB,15m,0.65,4.0,0.083,1.373,2.1116,2.1638,443,1219,543
MB,15m,0.675,4.0,0.167,1.2479,2.1105,1.8188,436,1217,535
MB,15m,0.675,4.0,0.083,1.3472,2.1092,2.3289,436,1217,535
MB,15m,0.7,2.0,0.083,1.4885,2.1029,1.7129,433,1193,527
MB,15m,0.425,2.0,0.25,1.2311,2.0984,0.5099,487,1274,607
MB,15m,0.625,3.0,0.167,1.2933,2.0945,1.3828,453,1227,548
MB,15m,0.55,4.0,0.25,1.3245,2.092,1.0283,466,1260,581
MB,15m,0.4,2.0,0.25,1.3203,2.0777,0.5777,484,1270,606
MB,15m,0.6,4.0,0.25,0.7569,2.0728,0.8203,455,1239,556
MB,15m,0.675,3.0,0.083,1.2967,2.0668,2.3346,436,1217,535
MB,15m,0.65,3.0,0.083,1.3358,2.0507,2.0636,443,1219,543
MB,15m,0.6,2.0,0.167,1.2044,2.036,1.1035,455,1239,556
MB,15m,0.35,2.0,0.25,1.4125,2.0306,0.6923,484,1286,613
MB,15m,0.625,2.0,0.083,1.4782,2.0216,1.9425,453,1227,548
MB,15m,0.525,3.0,0.25,1.2342,2.0171,0.922,471,1271,588
MB,15m,0.7,3.0,0.167,1.1758,2.0059,1.6582,433,1193,527
MB,15m,0.325,2.0,0.25,1.3911,1.9855,0.9513,485,1289,606
MB,15m,0.7,2.0,0.125,1.4555,1.9756,1.317,433,1193,527
MB,15m,0.65,3.0,0.167,1.1815,1.9687,1.469,443,1219,543
MB,15m,0.45,2.0,0.25,1.059,1.954,0.7887,484,1273,596
MB,15m,0.675,3.0,0.167,1.0863,1.9411,1.7178,436,1217,535
MB,15m,0.375,2.0,0.25,1.2443,1.9387,0.5977,485,1289,609
MB,15m,0.675,2.0,0.125,1.2875,1.9012,1.5398,436,1217,535
MB,15m,0.625,7.0,0.25,0.8003,1.9,0.9255,453,1227,548
MB,15m,0.625,5.0,0.25,0.9125,1.8977,0.8851,453,1227,548
MB,15m,0.55,3.0,0.25,1.1777,1.8973,0.8225,466,1260,581
MB,15m,0.65,2.0,0.125,1.2928,1.888,1.5724,443,1219,543
MB,15m,0.675,2.0,0.083,1.2398,1.8857,1.9201,436,1217,535
MB,15m,0.65,2.0,0.083,1.2531,1.8813,1.9001,443,1219,543
MB,15m,0.625,10.0,0.25,0.8193,1.8808,0.8456,453,1227,548
MB,15m,0.575,3.0,0.25,0.7111,1.8762,0.4693,464,1248,574
MB,15m,0.4,10.0,0.5,0.5981,1.875,0.2632,484,1270,606
MB,15m,0.4,7.0,0.5,0.9715,1.8638,0.1862,484,1270,606
MB,15m,0.3,5.0,0.5,0.7515,1.8593,0.498,486,1280,609
MB,15m,0.3,7.0,0.5,0.6777,1.8506,0.4404,486,1280,609
MB,15m,0.425,10.0,0.5,0.4201,1.8355,0.0866,487,1274,607
MB,15m,0.625,2.0,0.167,1.3243,1.8163,1.2728,453,1227,548
MB,15m,0.35,7.0,0.5,0.8498,1.8082,0.2084,484,1286,613
MB,15m,0.35,10.0,0.5,0.5789,1.8077,0.2399,484,1286,613
MB,15m,0.3,10.0,0.5,0.4066,1.7932,0.4581,486,1280,609
MB,15m,0.375,10.0,0.5,0.4481,1.7641,0.3211,485,1289,609
MB,15m,0.7,7.0,0.25,0.5534,1.7635,1.5611,433,1193,527
MB,15m,0.35,5.0,0.5,0.9679,1.7536,0.3161,484,1286,613
MB,15m,0.6,3.0,0.25,0.5288,1.7518,0.4852,455,1239,556
MB,15m,0.375,7.0,0.5,0.8414,1.7458,0.2783,485,1289,609
MB,15m,0.625,4.0,0.25,0.8969,1.7371,0.7736,453,1227,548
MB,15m,0.475,2.0,0.25,0.7712,1.736,0.6024,483,1275,592
MB,15m,0.325,10.0,0.5,0.4114,1.7155,0.4067,485,1289,606
MB,15m,0.675,7.0,0.25,0.5584,1.7145,1.3107,436,1217,535
MB,15m,0.325,7.0,0.5,0.6838,1.702,0.3814,485,1289,606
MB,15m,0.5,2.0,0.25,1.0204,1.6906,0.5259,471,1276,586
MB,15m,0.65,5.0,0.25,0.9075,1.6801,1.0749,443,1219,543
MB,15m,0.675,10.0,0.25,0.6485,1.675,1.1938,436,1217,535
MB,15m,0.425,5.0,0.5,0.6944,1.6736,0.0731,487,1274,607
MB,15m,0.7,10.0,0.25,0.5538,1.6705,1.4298,433,1193,527
MB,15m,0.3,4.0,0.5,0.6218,1.6663,0.5137,486,1280,609
MB,15m,0.65,7.0,0.25,0.7516,1.6655,1.1173,443,1219,543
MB,15m,0.65,10.0,0.25,0.818,1.6647,1.0531,443,1219,543
MB,15m,0.675,5.0,0.25,0.6665,1.6598,1.3597,436,1217,535
MB,15m,0.375,5.0,0.5,0.7791,1.6573,0.4385,485,1289,609
MB,15m,0.45,7.0,0.5,0.6951,1.656,0.0793,484,1273,596
MB,15m,0.45,10.0,0.5,0.3489,1.6516,0.2254,484,1273,596
MB,15m,0.4,5.0,0.5,0.906,1.6481,0.2838,484,1270,606
MB,15m,0.325,5.0,0.5,0.795,1.6434,0.41,485,1289,606
MB,15m,0.575,2.0,0.25,0.655,1.6353,0.2449,464,1248,574
MB,15m,0.35,4.0,0.5,0.8923,1.6224,0.2748,484,1286,613
MB,15m,0.7,5.0,0.25,0.6793,1.6211,1.4731,433,1193,527
MB,15m,0.525,2.0,0.25,0.7813,1.6051,0.4713,471,1271,588
MB,15m,0.4,4.0,0.5,0.8727,1.6029,0.1204,484,1270,606
MB,15m,0.65,2.0,0.167,1.033,1.5799,1.2276,443,1219,543
MB,15m,0.7,2.0,0.167,1.1057,1.5795,0.952,433,1193,527
MB,15m,0.55,2.0,0.25,0.8601,1.5788,0.3227,466,1260,581
MB,15m,0.375,4.0,0.5,0.7632,1.5662,0.1796,485,1289,609
MB,15m,0.325,4.0,0.5,0.7031,1.5188,0.4981,485,1289,606
MB,15m,0.675,2.0,0.167,0.9443,1.5139,1.1892,436,1217,535
MB,15m,0.625,3.0,0.25,0.7382,1.5092,0.5326,453,1227,548
MB,15m,0.5,10.0,0.5,0.4907,1.5082,0.1466,471,1276,586
MB,15m,0.65,4.0,0.25,0.8892,1.5047,0.921,443,1219,543
MB,15m,0.6,2.0,0.25,0.5547,1.4978,0.3563,455,1239,556
MB,15m,0.475,10.0,0.5,0.2622,1.4913,0.1417,483,1275,592
MB,15m,0.45,5.0,0.5,0.5706,1.484,0.2263,484,1273,596
MB,15m,0.675,4.0,0.25,0.7179,1.4742,0.9969,436,1217,535
MB,15m,0.5,7.0,0.5,0.5739,1.4734,0.0692,471,1276,586
MB,15m,0.7,4.0,0.25,0.705,1.4665,1.1074,433,1193,527
MB,15m,0.475,7.0,0.5,0.6165,1.4648,0.0178,483,1275,592
MB,15m,0.45,4.0,0.5,0.6346,1.3924,0.0408,484,1273,596
MB,15m,0.475,5.0,0.5,0.5106,1.3631,0.0664,483,1275,592
MB,15m,0.7,3.0,0.25,0.6274,1.3593,0.7187,433,1193,527
MB,15m,0.3,3.0,0.5,0.576,1.3377,0.2349,486,1280,609
MB,15m,0.65,3.0,0.25,0.7007,1.3094,0.598,443,1219,543
MB,15m,0.675,3.0,0.25,0.504,1.2565,0.7967,436,1217,535
MB,15m,0.625,2.0,0.25,0.8616,1.2295,0.3926,453,1227,548
MB,15m,0.325,3.0,0.5,0.5541,1.2113,0.0894,485,1289,606
MB,15m,0.4,3.0,0.5,0.7343,1.1962,0.0268,484,1270,606
MB,15m,0.375,3.0,0.5,0.5939,1.1222,0.085,485,1289,609
MB,15m,0.7,2.0,0.25,0.5915,0.8991,0.1946,433,1193,527
MB,15m,0.65,2.0,0.25,0.5726,0.8666,0.356,443,1219,543
MB,15m,0.675,2.0,0.25,0.5094,0.8413,0.352,436,1217,535
MB,1h,0.4,10.0,0.25,6.5519,5.6632,6.8571,126,304,157
MB,1h,0.4,7.0,0.25,6.5518,5.6628,6.8571,126,304,157
MB,1h,0.4,5.0,0.25,6.5357,5.655,6.8484,126,304,157
MB,1h,0.4,2.0,0.25,6.0313,5.651,6.7615,126,304,157
MB,1h,0.4,4.0,0.25,6.6061,5.6233,6.8204,126,304,157
MB,1h,0.4,5.0,0.5,5.1149,5.4897,6.2503,126,304,157
MB,1h,0.4,3.0,0.25,6.5406,5.4658,6.7332,126,304,157
MB,1h,0.4,4.0,0.5,5.3929,5.4033,6.0754,126,304,157
MB,1h,0.4,2.0,0.125,5.7303,5.3977,5.6314,126,304,157
MB,1h,0.375,10.0,0.25,6.1761,5.3679,7.938,127,309,155
MB,1h,0.375,7.0,0.25,6.1759,5.3673,7.938,127,309,155
MB,1h,0.375,5.0,0.25,6.1661,5.3562,7.9288,127,309,155
MB,1h,0.375,4.0,0.25,6.242,5.3501,7.8996,127,309,155
MB,1h,0.375,5.0,0.5,4.6579,5.346,7.3649,127,309,155
MB,1h,0.4,7.0,0.125,5.9349,5.2854,5.2486,126,304,157
MB,1h,0.4,10.0,0.125,5.9349,5.2854,5.2486,126,304,157
MB,1h,0.4,5.0,0.125,5.9349,5.2851,5.2485,126,304,157
MB,1h,0.4,4.0,0.125,5.9298,5.2848,5.2485,126,304,157
MB,1h,0.375,4.0,0.5,4.9737,5.2847,7.1935,127,309,155
MB,1h,0.4,2.0,0.167,6.0389,5.2338,6.7797,126,304,157
MB,1h,0.4,3.0,0.125,5.8968,5.2228,5.2443,126,304,157
MB,1h,0.4,10.0,0.5,4.9609,5.2223,6.2219,126,304,157
MB,1h,0.4,7.0,0.5,4.9337,5.2088,6.2191,126,304,157
MB,1h,0.6,3.0,0.167,5.4988,5.1733,6.2823,115,284,143
MB,1h,0.3,4.0,0.5,5.5423,5.1657,4.6766,125,316,163
MB,1h,0.375,3.0,0.25,6.1584,5.159,7.8333,127,309,155
MB,1h,0.4,3.0,0.5,5.3164,5.1503,5.7668,126,304,157
MB,1h,0.375,2.0,0.125,5.6421,5.1431,5.9157,127,309,155
MB,1h,0.375,2.0,0.25,5.6757,5.1362,7.4315,127,309,155
MB,1h,0.375,10.0,0.167,5.7466,5.1312,7.3019,127,309,155
MB,1h,0.375,7.0,0.167,5.7466,5.1311,7.3019,127,309,155
MB,1h,0.375,5.0,0.167,5.7463,5.1293,7.3009,127,309,155
MB,1h,0.375,4.0,0.167,5.9031,5.1292,7.2989,127,309,155
MB,1h,0.375,10.0,0.5,4.48,5.0911,7.3387,127,309,155
MB,1h,0.3,10.0,0.25,6.4728,5.0904,6.5284,125,316,163
MB,1h,0.3,7.0,0.25,6.4636,5.0897,6.5195,125,316,163
MB,1h,0.3,5.0,0.25,6.4565,5.0831,6.515,125,316,163
MB,1h,0.375,7.0,0.5,4.4592,5.0821,7.3382,127,309,155
MB,1h,0.375,7.0,0.125,5.8318,5.0805,5.9828,127,309,155
MB,1h,0.375,10.0,0.125,5.8318,5.0805,5.9828,127,309,155
MB,1h,0.375,4.0,0.125,5.8265,5.0801,5.9827,127,309,155
MB,1h,0.375,5.0,0.125,5.8317,5.0801,5.9827,127,309,155
MB,1h,0.3,4.0,0.25,6.4009,5.0798,6.5013,125,316,163
MB,1h,0.375,2.0,0.167,5.6173,5.0684,7.0844,127,309,155
MB,1h,0.6,4.0,0.167,5.665,5.0653,6.2693,115,284,143
MB,1h,0.35,4.0,0.5,5.3298,5.0427,5.8731,127,309,162
MB,1h,0.375,3.0,0.5,4.7961,5.0269,6.7863,127,309,155
MB,1h,0.375,3.0,0.167,5.8351,5.0235,7.2861,127,309,155
MB,1h,0.375,3.0,0.125,5.7923,5.0207,5.9791,127,309,155
MB,1h,0.4,7.0,0.167,6.1803,5.0095,6.5767,126,304,157
MB,1h,0.4,10.0,0.167,6.1803,5.0095,6.5767,126,304,157
MB,1h,0.4,5.0,0.167,6.1798,5.0078,6.5758,126,304,157
MB,1h,0.4,4.0,0.167,6.3262,5.0059,6.5739,126,304,157
MB,1h,0.625,3.0,0.167,5.9474,4.9639,6.9433,113,284,141
MB,1h,0.6,2.0,0.167,5.075,4.9363,6.0728,115,284,143
MB,1h,0.3,10.0,0.5,5.5342,4.9232,4.7616,125,316,163
MB,1h,0.3,7.0,0.5,5.4877,4.911,4.7194,125,316,163
MB,1h,0.3,3.0,0.25,6.4763,4.9023,6.622,125,316,163
MB,1h,0.6,3.0,0.125,5.8309,4.9016,6.0396,115,284,143
MB,1h,0.4,3.0,0.167,6.2621,4.8963,6.5551,126,304,157
MB,1h,0.35,2.0,0.167,6.9652,4.8909,6.1184,127,309,162
MB,1h,0.35,7.0,0.167,6.9496,4.8765,6.2617,127,309,162
MB,1h,0.35,10.0,0.167,6.9519,4.8765,6.2636,127,309,162
MB,1h,0.35,5.0,0.167,6.9496,4.8746,6.2613,127,309,162
MB,1h,0.35,4.0,0.167,6.9331,4.8744,6.2599,127,309,162
MB,1h,0.6,10.0,0.167,5.6264,4.8689,5.9501,115,284,143
MB,1h,0.6,7.0,0.167,5.6217,4.8688,5.9442,115,284,143
MB,1h,0.35,10.0,0.25,6.8406,4.8663,7.2081,127,309,162
MB,1h,0.35,7.0,0.25,6.8317,4.8656,7.1998,127,309,162
MB,1h,0.3,5.0,0.5,5.7431,4.8635,4.7963,125,316,163
MB,1h,0.3,3.0,0.5,5.8539,4.8614,4.4436,125,316,163
MB,1h,0.35,5.0,0.25,6.8238,4.8539,7.1919,127,309,162
MB,1h,0.35,4.0,0.25,6.7041,4.8475,7.1777,127,309,162
MB,1h,0.35,10.0,0.5,5.0452,4.8404,6.006,127,309,162
MB,1h,0.4,2.0,0.5,4.8256,4.8371,5.6883,126,304,157
MB,1h,0.35,7.0,0.5,4.9966,4.8312,5.9657,127,309,162
MB,1h,0.35,3.0,0.5,5.3137,4.8168,5.5046,127,309,162
MB,1h,0.6,7.0,0.125,5.9472,4.8134,5.635,115,284,143
MB,1h,0.6,10.0,0.125,5.9473,4.8134,5.6367,115,284,143
MB,1h,0.625,4.0,0.167,6.1122,4.8085,6.8281,113,284,141
MB,1h,0.6,3.0,0.25,6.2671,4.8083,5.9,115,284,143
MB,1h,0.6,5.0,0.167,5.6856,4.8009,5.9423,115,284,143
MB,1h,0.6,4.0,0.125,5.9101,4.7904,5.8706,115,284,143
MB,1h,0.6,5.0,0.125,5.9469,4.7821,5.635,115,284,143
MB,1h,0.6,4.0,0.25,6.6377,4.7754,6.0981,115,284,143
MB,1h,0.35,3.0,0.167,7.048,4.7706,6.2423,127,309,162
MB,1h,0.525,2.0,0.167,6.3747,4.762,5.9018,115,292,145
MB,1h,0.3,2.0,0.25,6.2718,4.7612,6.5918,125,316,163
MB,1h,0.35,5.0,0.5,5.2233,4.7476,6.0029,127,309,162
MB,1h,0.625,3.0,0.125,6.1497,4.7424,6.7279,113,284,141
MB,1h,0.625,3.0,0.25,4.9399,4.7297,6.541,113,284,141
MB,1h,0.35,2.0,0.25,6.5514,4.7258,6.8224,127,309,162
MB,1h,0.35,2.0,0.125,6.9024,4.7108,4.8381,127,309,162
MB,1h,0.6,10.0,0.25,6.6467,4.7056,5.744,115,284,143
MB,1h,0.6,7.0,0.25,6.6146,4.7035,5.7233,115,284,143
MB,1h,0.325,2.0,0.167,6.7193,4.6943,6.6174,128,310,161
MB,1h,0.325,10.0,0.167,6.6762,4.6919,6.7436,128,310,161
MB,1h,0.325,7.0,0.167,6.6739,4.6918,6.7416,128,310,161
MB,1h,0.65,3.0,0.167,5.5211,4.6911,7.097,109,287,137
MB,1h,0.325,5.0,0.167,6.6738,4.6902,6.7411,128,310,161
MB,1h,0.325,4.0,0.167,6.6569,4.69,6.7401,128,310,161
MB,1h,0.6,10.0,0.5,5.8403,4.6889,4.6457,115,284,143
MB,1h,0.6,2.0,0.125,5.5754,4.6737,5.868,115,284,143
MB,1h,0.35,3.0,0.25,6.8203,4.6699,7.1004,127,309,162
MB,1h,0.35,2.0,0.5,5.0695,4.6578,5.1867,127,309,162
MB,1h,0.575,3.0,0.167,5.4005,4.6529,6.4341,115,289,144
MB,1h,0.375,2.0,0.5,4.5235,4.6472,6.3983,127,309,155
MB,1h,0.6,7.0,0.5,6.0693,4.6417,4.7667,115,284,143
MB,1h,0.525,3.0,0.167,6.6168,4.6322,6.3976,115,292,145
MB,1h,0.325,10.0,0.25,6.4925,4.6205,7.1489,128,310,161
MB,1h,0.3,10.0,0.167,6.6185,4.6202,6.1492,125,316,163
MB,1h,0.3,7.0,0.167,6.616,4.6201,6.147,125,316,163
MB,1h,0.625,4.0,0.25,5.3114,4.6201,6.6126,113,284,141
MB,1h,0.325,7.0,0.25,6.4836,4.6198,7.1403,128,310,161
MB,1h,0.3,5.0,0.167,6.616,4.6184,6.1469,125,316,163
MB,1h,0.3,4.0,0.167,6.6022,4.6183,6.1454,125,316,163
MB,1h,0.325,5.0,0.25,6.4754,4.6125,7.1319,128,310,161
MB,1h,0.65,4.0,0.167,5.7799,4.6112,6.842,109,287,137
MB,1h,0.325,4.0,0.25,6.4096,4.6103,7.1225,128,310,161
MB,1h,0.35,7.0,0.125,7.0061,4.5994,4.8588,127,309,162
MB,1h,0.35,10.0,0.125,7.0066,4.5994,4.8591,127,309,162
MB,1h,0.35,4.0,0.125,7.0006,4.599,4.8586,127,309,162
MB,1h,0.35,5.0,0.125,7.0061,4.599,4.8588,127,309,162
MB,1h,0.325,3.0,0.167,6.7853,4.5948,6.72,128,310,161
MB,1h,0.625,4.0,0.125,6.227,4.5883,6.4519,113,284,141
MB,1h,0.625,10.0,0.5,5.5782,4.5875,4.9548,113,284,141
MB,1h,0.55,3.0,0.167,6.3476,4.5852,6.5139,112,290,142
MB,1h,0.625,5.0,0.125,6.2632,4.5692,6.2262,113,284,141
MB,1h,0.6,10.0,1.0,5.1277,4.5638,3.5066,115,284,143
MB,1h,0.425,10.0,0.25,7.7673,4.5586,7.4682,122,308,158
MB,1h,0.425,7.0,0.25,7.7672,4.5584,7.4682,122,308,158
MB,1h,0.425,5.0,0.25,7.7452,4.5502,7.4545,122,308,158
MB,1h,0.7,5.0,0.25,4.6658,4.5499,7.5015,102,279,130
MB,1h,0.65,3.0,0.125,5.4734,4.5489,6.5488,109,287,137
MB,1h,0.6,5.0,0.25,6.7114,4.5425,5.7024,115,284,143
MB,1h,0.625,7.0,0.5,6.0086,4.5413,5.0308,113,284,141
MB,1h,0.35,3.0,0.125,6.9652,4.5383,4.8532,127,309,162
MB,1h,0.625,5.0,0.167,6.1344,4.5369,6.5283,113,284,141
MB,1h,0.3,3.0,0.167,6.7402,4.5302,6.1257,125,316,163
MB,1h,0.625,2.0,0.167,5.5145,4.5254,6.5588,113,284,141
MB,1h,0.55,3.0,0.125,6.6815,4.5182,6.766,112,290,142
MB,1h,0.325,4.0,0.5,5.0769,4.5169,5.7274,128,310,161
MB,1h,0.525,10.0,0.167,6.5996,4.5138,6.1323,115,292,145
MB,1h,0.525,7.0,0.167,6.5993,4.5136,6.1259,115,292,145
MB,1h,0.525,5.0,0.167,6.6904,4.5107,6.1258,115,292,145
MB,1h,0.7,5.0,0.167,5.3855,4.5039,7.1543,102,279,130
MB,1h,0.575,2.0,0.167,5.3181,4.4973,6.3641,115,289,144
MB,1h,0.575,3.0,0.125,5.6629,4.4948,6.2957,115,289,144
MB,1h,0.425,4.0,0.25,7.8823,4.4903,7.4214,122,308,158
MB,1h,0.425,2.0,0.25,7.2617,4.4888,7.1466,122,308,158
MB,1h,0.625,10.0,0.167,6.0877,4.4794,6.5359,113,284,141
MB,1h,0.625,7.0,0.167,6.139,4.4793,6.53,113,284,141
MB,1h,0.625,7.0,0.125,6.2635,4.4658,6.2262,113,284,141
MB,1h,0.625,10.0,0.125,6.2635,4.4658,6.2279,113,284,141
MB,1h,0.625,10.0,0.25,5.3241,4.4631,6.3179,113,284,141
MB,1h,0.625,7.0,0.25,5.4078,4.4611,6.293,113,284,141
MB,1h,0.525,7.0,0.125,6.9596,4.4568,5.9772,115,292,145
MB,1h,0.525,10.0,0.125,6.9597,4.4568,5.9791,115,292,145
MB,1h,0.525,5.0,0.125,6.9551,4.4565,5.9772,115,292,145
MB,1h,0.55,2.0,0.167,6.3511,4.4523,6.3032,112,290,142
MB,1h,0.325,2.0,0.25,6.2435,4.4493,7.2481,128,310,161
MB,1h,0.3,2.0,0.5,5.8242,4.4454,3.992,125,316,163
MB,1h,0.7,4.0,0.167,5.3175,4.4309,7.3125,102,279,130
MB,1h,0.3,2.0,0.167,6.7056,4.423,5.9761,125,316,163
MB,1h,0.65,4.0,0.125,5.6214,4.4224,6.2462,109,287,137
MB,1h,0.6,4.0,0.5,5.7959,4.4179,4.8756,115,284,143
MB,1h,0.525,4.0,0.167,6.6882,4.4124,6.1237,115,292,145
MB,1h,0.525,2.0,0.125,6.5489,4.4122,5.9981,115,292,145
MB,1h,0.65,5.0,0.125,5.6844,4.4086,6.0217,109,287,137
MB,1h,0.625,5.0,0.25,5.3827,4.4085,6.2768,113,284,141
MB,1h,0.325,3.0,0.25,6.4823,4.4062,7.24,128,310,161
MB,1h,0.625,2.0,0.125,5.8919,4.4009,6.4727,113,284,141
MB,1h,0.525,4.0,0.125,6.955,4.394,5.9771,115,292,145
MB,1h,0.575,7.0,0.125,5.7642,4.3902,6.1202,115,289,144
MB,1h,0.575,10.0,0.125,5.7644,4.3902,6.122,115,289,144
MB,1h,0.6,7.0,1.0,5.233,4.3888,3.4645,115,284,143
MB,1h,0.55,7.0,0.125,6.7603,4.3879,6.5307,112,290,142
MB,1h,0.55,10.0,0.125,6.7603,4.3879,6.5325,112,290,142
MB,1h,0.675,4.0,0.167,6.6979,4.3875,6.9367,105,286,132
MB,1h,0.325,2.0,0.125,6.656,4.387,5.2683,128,310,161
MB,1h,0.525,3.0,0.125,6.883,4.3863,6.1775,115,292,145
MB,1h,0.55,5.0,0.125,6.7559,4.3863,6.5307,112,290,142
MB,1h,0.65,2.0,0.167,5.1441,4.3788,6.2856,109,287,137
MB,1h,0.6,5.0,0.5,6.0643,4.3765,4.542,115,284,143
MB,1h,0.7,4.0,0.25,4.7632,4.3755,7.5209,102,279,130
MB,1h,0.675,3.0,0.167,6.4113,4.3689,7.0595,105,286,132
MB,1h,0.425,3.0,0.25,7.8379,4.3557,7.319,122,308,158
MB,1h,0.575,5.0,0.125,5.76,4.3535,6.1202,115,289,144
MB,1h,0.6,2.0,0.25,5.5792,4.3535,5.8738,115,284,143
MB,1h,0.425,5.0,0.5,6.5153,4.3408,6.0557,122,308,158
MB,1h,0.65,5.0,0.167,5.8386,4.3276,6.5673,109,287,137
MB,1h,0.575,10.0,0.167,5.4792,4.3272,6.2478,115,289,144
MB,1h,0.575,7.0,0.167,5.478,4.3271,6.2418,115,289,144
MB,1h,0.575,4.0,0.125,5.756,4.3231,6.1198,115,289,144
MB,1h,0.55,4.0,0.125,6.7514,4.3216,6.5306,112,290,142
MB,1h,0.625,3.0,0.5,5.3046,4.3154,4.6212,113,284,141
MB,1h,0.65,2.0,0.125,5.2603,4.3117,6.0145,109,287,137
MB,1h,0.575,2.0,0.125,5.6314,4.3075,6.353,115,289,144
MB,1h,0.65,10.0,0.125,5.6883,4.3063,6.0233,109,287,137
MB,1h,0.65,7.0,0.125,5.688,4.3062,6.0217,109,287,137
MB,1h,0.625,5.0,0.5,5.8005,4.3056,4.8473,113,284,141
MB,1h,0.55,2.0,0.125,6.5214,4.2914,6.7229,112,290,142
MB,1h,0.7,10.0,0.25,4.6669,4.2811,7.2797,102,279,130
MB,1h,0.625,4.0,0.5,5.4721,4.2729,4.9032,113,284,141
MB,1h,0.5,2.0,0.167,6.8241,4.2713,6.685,116,302,147
MB,1h,0.65,10.0,0.167,5.816,4.2709,6.5753,109,287,137
MB,1h,0.65,7.0,0.167,5.8514,4.2706,6.5694,109,287,137
MB,1h,0.575,5.0,0.167,5.542,4.2693,6.2398,115,289,144
MB,1h,0.55,10.0,0.167,6.3675,4.2685,6.2128,112,290,142
MB,1h,0.55,7.0,0.167,6.3673,4.2682,6.2064,112,290,142
MB,1h,0.325,10.0,0.5,5.1108,4.2648,5.8119,128,310,161
MB,1h,0.55,5.0,0.167,6.4474,4.2617,6.2059,112,290,142
MB,1h,0.7,7.0,0.25,4.719,4.2555,7.2672,102,279,130
MB,1h,0.325,7.0,0.5,5.0658,4.2548,5.7703,128,310,161
MB,1h,0.325,7.0,0.125,6.7597,4.2528,5.2553,128,310,161
MB,1h,0.325,10.0,0.125,6.7603,4.2528,5.2556,128,310,161
MB,1h,0.625,10.0,1.0,4.2357,4.2524,4.0993,113,284,141
MB,1h,0.325,4.0,0.125,6.754,4.2523,5.2551,128,310,161
MB,1h,0.325,5.0,0.125,6.7597,4.2523,5.2552,128,310,161
MB,1h,0.3,7.0,0.125,6.2504,4.2284,4.8113,125,316,163
MB,1h,0.3,10.0,0.125,6.2509,4.2284,4.8118,125,316,163
MB,1h,0.3,4.0,0.125,6.2453,4.2279,4.8112,125,316,163
MB,1h,0.3,5.0,0.125,6.2504,4.2279,4.8113,125,316,163
MB,1h,0.325,3.0,0.5,5.3626,4.2272,5.5215,128,310,161
MB,1h,0.575,4.0,0.167,5.53,4.2098,6.3337,115,289,144
MB,1h,0.425,4.0,0.5,6.4728,4.1995,5.8366,122,308,158
MB,1h,0.325,5.0,0.5,5.2888,4.1976,5.8083,128,310,161
MB,1h,0.325,3.0,0.125,6.7191,4.1952,5.25,128,310,161
MB,1h,0.7,3.0,0.167,5.0445,4.1919,7.0315,102,279,130
MB,1h,0.6,5.0,1.0,5.3755,4.175,2.6326,115,284,143
MB,1h,0.3,3.0,0.125,6.2074,4.1715,4.8061,125,316,163
MB,1h,0.425,2.0,0.125,6.748,4.1626,5.8812,122,308,158
MB,1h,0.55,4.0,0.167,6.4339,4.1537,6.2043,112,290,142
MB,1h,0.7,10.0,0.167,5.3964,4.1303,6.9449,102,279,130
MB,1h,0.675,4.0,0.125,5.9457,4.1287,6.2445,105,286,132
MB,1h,0.7,7.0,0.167,5.4054,4.1283,6.9445,102,279,130
MB,1h,0.675,5.0,0.125,6.0143,4.1196,6.2609,105,286,132
MB,1h,0.3,2.0,0.125,6.1707,4.1186,4.7912,125,316,163
MB,1h,0.7,5.0,0.125,4.4162,4.1148,6.7664,102,279,130
MB,1h,0.65,4.0,0.25,6.0584,4.085,7.0682,109,287,137
MB,1h,0.425,7.0,0.125,6.9406,4.0848,5.4865,122,308,158
MB,1h,0.425,10.0,0.125,6.9406,4.0848,5.4865,122,308,158
MB,1h,0.425,5.0,0.125,6.9406,4.0845,5.4864,122,308,158
MB,1h,0.525,10.0,0.25,6.7015,4.0826,5.764,115,292,145
MB,1h,0.525,10.0,0.5,7.5443,4.0808,3.6724,115,292,145
MB,1h,0.525,7.0,0.25,6.6987,4.0798,5.7549,115,292,145
MB,1h,0.425,10.0,0.5,6.3838,4.0781,6.072,122,308,158
MB,1h,0.675,5.0,0.167,6.7656,4.0719,6.9842,105,286,132
MB,1h,0.7,4.0,0.125,4.38,4.069,6.9679,102,279,130
MB,1h,0.425,4.0,0.125,6.9355,4.0669,5.4864,122,308,158
MB,1h,0.425,7.0,0.5,6.3676,4.0663,6.0692,122,308,158
MB,1h,0.675,3.0,0.125,5.764,4.0644,6.5003,105,286,132
MB,1h,0.525,5.0,0.25,6.7755,4.0519,5.7486,115,292,145
MB,1h,0.525,7.0,0.5,7.7735,4.0384,3.8133,115,292,145
MB,1h,0.625,7.0,1.0,4.6485,4.0314,3.8951,113,284,141
MB,1h,0.575,10.0,0.5,5.4479,4.0276,4.4402,115,289,144
MB,1h,0.425,3.0,0.125,6.9006,4.0235,5.4827,122,308,158
MB,1h,0.425,3.0,0.5,6.4803,4.0161,5.5178,122,308,158
MB,1h,0.5,3.0,0.167,7.0524,4.0142,6.9101,116,302,147
MB,1h,0.6,3.0,0.5,5.3825,4.0087,4.2654,115,284,143
MB,1h,0.675,10.0,0.125,6.0181,4.0039,6.0288,105,286,132
MB,1h,0.675,7.0,0.125,6.0178,4.0038,6.0288,105,286,132
MB,1h,0.325,2.0,0.5,5.244,3.9936,5.0514,128,310,161
MB,1h,0.675,10.0,0.167,6.7555,3.9932,6.6895,105,286,132
MB,1h,0.675,7.0,0.167,6.7777,3.9927,6.6895,105,286,132
MB,1h,0.525,3.0,0.25,6.5915,3.9923,5.9194,115,292,145
MB,1h,0.7,3.0,0.25,4.4137,3.9864,6.9452,102,279,130
MB,1h,0.625,2.0,0.25,4.3669,3.9855,6.341,113,284,141
MB,1h,0.65,3.0,0.25,5.5359,3.9817,7.1621,109,287,137
MB,1h,0.7,10.0,0.125,4.4525,3.9803,6.5421,102,279,130
MB,1h,0.7,7.0,0.125,4.4522,3.9799,6.5421,102,279,130
MB,1h,0.575,7.0,0.5,5.6459,3.9798,4.5605,115,289,144
MB,1h,0.525,2.0,0.25,6.0999,3.9667,5.3462,115,292,145
MB,1h,0.575,3.0,0.25,6.1615,3.9665,5.8785,115,289,144
MB,1h,0.7,5.0,0.5,4.3061,3.9546,6.1816,102,279,130
MB,1h,0.4,5.0,1.0,4.4223,3.9454,4.3127,126,304,157
MB,1h,0.525,5.0,0.5,7.8317,3.9391,3.7126,115,292,145
MB,1h,0.425,2.0,0.167,7.2579,3.9209,7.0867,122,308,158
MB,1h,0.7,3.0,0.125,4.2082,3.9151,6.852,102,279,130
MB,1h,0.5,10.0,0.167,6.9739,3.9011,6.6327,116,302,147
MB,1h,0.5,7.0,0.167,6.9736,3.901,6.6262,116,302,147
MB,1h,0.5,5.0,0.167,7.0768,3.9005,6.6253,116,302,147
MB,1h,0.525,4.0,0.25,6.7639,3.8969,5.7188,115,292,145
MB,1h,0.675,4.0,0.25,6.3296,3.8921,6.8657,105,286,132
MB,1h,0.575,10.0,0.25,6.3866,3.8909,5.8216,115,289,144
MB,1h,0.65,10.0,0.25,6.0669,3.8909,6.8343,109,287,137
MB,1h,0.575,7.0,0.25,6.3812,3.8887,5.8029,115,289,144
MB,1h,0.5,2.0,0.125,6.7392,3.8859,6.1715,116,302,147
MB,1h,0.65,7.0,0.25,6.13,3.885,6.8075,109,287,137
MB,1h,0.7,10.0,0.5,4.0938,3.8708,6.1244,102,279,130
MB,1h,0.475,2.0,0.167,7.1346,3.8689,6.6216,122,307,152
MB,1h,0.45,2.0,0.25,5.7072,3.8656,6.7877,123,310,156
MB,1h,0.475,2.0,0.125,6.3639,3.8479,5.777,122,307,152
MB,1h,0.375,2.0,0.083,2.9436,3.8474,4.4272,127,309,155
MB,1h,0.375,3.0,0.083,2.9436,3.8474,4.4272,127,309,155
MB,1h,0.375,4.0,0.083,2.9436,3.8474,4.4272,127,309,155
MB,1h,0.375,5.0,0.083,2.9436,3.8474,4.4272,127,309,155
MB,1h,0.375,7.0,0.083,2.9436,3.8474,4.4272,127,309,155
MB,1h,0.375,10.0,0.083,2.9436,3.8474,4.4272,127,309,155
MB,1h,0.5,5.0,0.125,6.8952,3.8388,5.9791,116,302,147
MB,1h,0.5,7.0,0.125,6.8999,3.8388,5.9793,116,302,147
MB,1h,0.5,10.0,0.125,6.8999,3.8388,5.9812,116,302,147
MB,1h,0.65,5.0,0.25,6.084,3.8382,6.7834,109,287,137
MB,1h,0.675,2.0,0.167,6.2561,3.825,6.1439,105,286,132
MB,1h,0.45,10.0,0.25,6.1169,3.823,6.772,123,310,156
MB,1h,0.45,7.0,0.25,6.1168,3.8227,6.7701,123,310,156
MB,1h,0.45,5.0,0.25,6.0695,3.8182,6.7587,123,310,156
MB,1h,0.5,4.0,0.167,7.0459,3.8117,6.623,116,302,147
MB,1h,0.4,2.0,0.083,2.9572,3.8115,4.2895,126,304,157
MB,1h,0.4,3.0,0.083,2.9572,3.8115,4.2895,126,304,157
MB,1h,0.4,4.0,0.083,2.9572,3.8115,4.2895,126,304,157
MB,1h,0.4,5.0,0.083,2.9572,3.8115,4.2895,126,304,157
MB,1h,0.4,7.0,0.083,2.9572,3.8115,4.2895,126,304,157
MB,1h,0.4,10.0,0.083,2.9572,3.8115,4.2895,126,304,157
MB,1h,0.6,4.0,1.0,5.2757,3.8038,2.7485,115,284,143
MB,1h,0.625,5.0,1.0,4.4862,3.7996,3.1797,113,284,141
MB,1h,0.45,2.0,0.167,6.6586,3.7993,7.149,123,310,156
MB,1h,0.575,5.0,0.5,5.6619,3.7955,4.7135,115,289,144
MB,1h,0.4,4.0,1.0,4.6489,3.7878,4.0452,126,304,157
MB,1h,0.65,10.0,0.5,4.8375,3.7876,5.6025,109,287,137
MB,1h,0.5,4.0,0.125,6.8853,3.7817,5.9791,116,302,147
MB,1h,0.475,7.0,0.125,6.5042,3.7751,5.5134,122,307,152
MB,1h,0.475,10.0,0.125,6.5042,3.7751,5.5134,122,307,152
MB,1h,0.475,5.0,0.125,6.4995,3.775,5.5133,122,307,152
MB,1h,0.575,5.0,0.25,6.44,3.7748,5.7805,115,289,144
MB,1h,0.5,3.0,0.125,6.8482,3.7726,6.1817,116,302,147
MB,1h,0.7,7.0,0.5,4.4566,3.7636,6.0038,102,279,130
MB,1h,0.45,2.0,0.125,6.344,3.7525,5.8794,123,310,156
MB,1h,0.525,4.0,0.5,7.7196,3.7387,3.8816,115,292,145
MB,1h,0.45,5.0,0.5,6.5808,3.7347,4.3047,123,310,156
MB,1h,0.4,10.0,1.0,4.6441,3.7319,4.4901,126,304,157
MB,1h,0.675,3.0,0.25,5.8318,3.7219,6.7439,105,286,132
MB,1h,0.475,4.0,0.125,6.4994,3.7179,5.512,122,307,152
MB,1h,0.675,2.0,0.125,5.7655,3.7179,5.8964,105,286,132
MB,1h,0.7,2.0,0.167,4.7445,3.7123,6.3015,102,279,130
MB,1h,0.425,7.0,0.167,7.3881,3.7119,7.0067,122,308,158
MB,1h,0.425,10.0,0.167,7.3881,3.7119,7.0067,122,308,158
MB,1h,0.425,5.0,0.167,7.3876,3.7102,7.0057,122,308,158
MB,1h,0.4,3.0,1.0,4.7087,3.7094,3.6609,126,304,157
MB,1h,0.45,4.0,0.25,6.2205,3.7051,6.7159,123,310,156
MB,1h,0.475,3.0,0.125,6.4573,3.7019,5.4916,122,307,152
MB,1h,0.65,7.0,0.5,5.2068,3.695,6.17,109,287,137
MB,1h,0.45,5.0,0.125,6.4594,3.6904,5.494,123,310,156
MB,1h,0.45,7.0,0.125,6.4634,3.6904,5.4942,123,310,156
MB,1h,0.45,10.0,0.125,6.4634,3.6904,5.4942,123,310,156
MB,1h,0.425,4.0,0.167,7.5274,3.6873,7.004,122,308,158
MB,1h,0.4,7.0,1.0,4.431,3.6846,4.4111,126,304,157
MB,1h,0.575,10.0,1.0,4.7654,3.6792,2.9342,115,289,144
MB,1h,0.575,4.0,0.25,6.3947,3.6759,5.886,115,289,144
MB,1h,0.575,2.0,0.25,5.8356,3.6661,5.7464,115,289,144
MB,1h,0.425,2.0,0.5,5.811,3.6641,5.1506,122,308,158
MB,1h,0.675,5.0,0.25,6.2252,3.6618,6.9694,105,286,132
MB,1h,0.45,4.0,0.125,6.4585,3.649,5.4939,123,310,156
MB,1h,0.675,10.0,0.25,6.2057,3.6393,6.6538,105,286,132
MB,1h,0.65,4.0,0.5,5.0819,3.6373,5.9144,109,287,137
MB,1h,0.55,10.0,0.5,6.9353,3.6349,3.9029,112,290,142
MB,1h,0.675,7.0,0.25,6.2627,3.6327,6.6471,105,286,132
MB,1h,0.45,3.0,0.125,6.4171,3.6295,5.6137,123,310,156
MB,1h,0.7,2.0,0.125,4.0991,3.6275,6.4023,102,279,130
MB,1h,0.45,3.0,0.25,6.1303,3.6138,6.7559,123,310,156
MB,1h,0.65,5.0,0.5,5.1757,3.6026,5.9718,109,287,137
MB,1h,0.425,3.0,0.167,7.5136,3.5997,6.9826,122,308,158
MB,1h,0.55,3.0,0.25,6.2336,3.5976,5.8822,112,290,142
MB,1h,0.45,4.0,0.5,6.6137,3.5839,4.3954,123,310,156
MB,1h,0.375,5.0,1.0,4.1288,3.5762,5.0819,127,309,155
MB,1h,0.55,7.0,0.5,7.1451,3.5715,4.0256,112,290,142
MB,1h,0.475,7.0,0.167,7.2327,3.5691,6.4404,122,307,152
MB,1h,0.475,10.0,0.167,7.2327,3.5691,6.4404,122,307,152
MB,1h,0.475,5.0,0.167,7.2188,3.5685,6.4392,122,307,152
MB,1h,0.7,4.0,0.5,4.5122,3.5601,5.9798,102,279,130
MB,1h,0.475,2.0,0.25,6.133,3.5562,5.9135,122,307,152
MB,1h,0.525,3.0,0.5,7.5228,3.5464,3.6979,115,292,145
MB,1h,0.625,4.0,1.0,4.9618,3.5437,2.8147,113,284,141
MB,1h,0.575,4.0,0.5,5.5627,3.5384,4.7019,115,289,144
MB,1h,0.575,7.0,1.0,4.7885,3.5357,2.9155,115,289,144
MB,1h,0.675,5.0,0.5,4.78,3.5306,6.197,105,286,132
MB,1h,0.65,3.0,0.5,4.564,3.5238,5.8732,109,287,137
MB,1h,0.675,10.0,0.5,4.4971,3.5146,5.5775,105,286,132
MB,1h,0.475,10.0,0.25,6.6617,3.5117,5.8388,122,307,152
MB,1h,0.475,7.0,0.25,6.6609,3.5114,5.8368,122,307,152
MB,1h,0.45,10.0,0.167,6.7043,3.5084,7.0148,123,310,156
MB,1h,0.45,7.0,0.167,6.7043,3.5083,7.0148,123,310,156
MB,1h,0.45,5.0,0.167,6.6934,3.5078,7.0138,123,310,156
MB,1h,0.475,5.0,0.25,6.6022,3.5048,5.8217,122,307,152
MB,1h,0.55,10.0,0.25,6.4412,3.5004,5.6177,112,290,142
MB,1h,0.55,7.0,0.25,6.4374,3.4943,5.6029,112,290,142
MB,1h,0.5,10.0,0.5,7.8089,3.4893,3.8821,116,302,147
MB,1h,0.475,4.0,0.167,7.3449,3.4844,6.4321,122,307,152
MB,1h,0.675,7.0,0.5,4.8395,3.4782,6.0093,105,286,132
MB,1h,0.65,2.0,0.25,5.0028,3.4774,6.3789,109,287,137
MB,1h,0.675,4.0,0.5,5.0451,3.474,5.7551,105,286,132
MB,1h,0.5,7.0,0.5,7.7793,3.4724,4.0237,116,302,147
MB,1h,0.5,2.0,0.25,6.3057,3.4663,6.2416,116,302,147
MB,1h,0.45,10.0,0.5,6.5265,3.4662,4.3346,123,310,156
MB,1h,0.55,5.0,0.25,6.5079,3.46,5.5879,112,290,142
MB,1h,0.45,7.0,0.5,6.511,3.4546,4.438,123,310,156
MB,1h,0.55,5.0,0.5,7.1562,3.4507,4.2711,112,290,142
MB,1h,0.45,4.0,0.167,6.8291,3.4498,7.0105,123,310,156
MB,1h,0.475,3.0,0.167,7.3197,3.4423,6.5333,122,307,152
MB,1h,0.6,2.0,0.083,3.9503,3.4399,3.8222,115,284,143
MB,1h,0.6,3.0,0.083,3.9503,3.4399,3.8222,115,284,143
MB,1h,0.6,4.0,0.083,3.9503,3.4399,3.8222,115,284,143
MB,1h,0.6,5.0,0.083,3.9503,3.4399,3.8222,115,284,143
MB,1h,0.6,7.0,0.083,3.9503,3.4399,3.8222,115,284,143
MB,1h,0.6,10.0,0.083,3.9503,3.4399,3.8222,115,284,143
MB,1h,0.475,5.0,0.5,7.0507,3.439,3.2851,122,307,152
MB,1h,0.5,10.0,0.25,6.9662,3.4304,6.3442,116,302,147
MB,1h,0.5,7.0,0.25,6.964,3.4302,6.3391,116,302,147
MB,1h,0.5,5.0,0.25,7.0425,3.4209,6.3279,116,302,147
MB,1h,0.35,2.0,0.083,3.7114,3.4173,4.0109,127,309,162
MB,1h,0.35,3.0,0.083,3.7114,3.4173,4.0109,127,309,162
MB,1h,0.35,4.0,0.083,3.7114,3.4173,4.0109,127,309,162
MB,1h,0.35,5.0,0.083,3.7114,3.4173,4.0109,127,309,162
MB,1h,0.35,7.0,0.083,3.7114,3.4173,4.0109,127,309,162
MB,1h,0.35,10.0,0.083,3.7114,3.4173,4.0109,127,309,162
MB,1h,0.45,3.0,0.167,6.8016,3.3964,7.12,123,310,156
MB,1h,0.3,4.0,1.0,5.3378,3.3926,1.5737,125,316,163
MB,1h,0.575,5.0,1.0,5.1184,3.3891,2.518,115,289,144
MB,1h,0.575,3.0,0.5,5.1856,3.3836,4.2466,115,289,144
MB,1h,0.5,5.0,0.5,7.9941,3.3776,3.8926,116,302,147
MB,1h,0.45,3.0,0.5,6.4777,3.3697,4.21,123,310,156
MB,1h,0.6,2.0,0.5,4.4722,3.3677,4.2029,115,284,143
MB,1h,0.375,3.0,1.0,4.0927,3.3665,4.3187,127,309,155
MB,1h,0.45,2.0,0.5,5.5893,3.3545,4.3254,123,310,156
MB,1h,0.475,4.0,0.25,6.7481,3.3528,5.7721,122,307,152
MB,1h,0.575,2.0,0.083,3.972,3.3522,4.1052,115,289,144
MB,1h,0.575,3.0,0.083,3.972,3.3522,4.1052,115,289,144
MB,1h,0.575,4.0,0.083,3.972,3.3522,4.1052,115,289,144
MB,1h,0.575,5.0,0.083,3.972,3.3522,4.1052,115,289,144
MB,1h,0.575,7.0,0.083,3.972,3.3522,4.1052,115,289,144
MB,1h,0.575,10.0,0.083,3.972,3.3522,4.1052,115,289,144
MB,1h,0.5,3.0,0.25,6.95,3.3473,6.488,116,302,147
MB,1h,0.375,4.0,1.0,4.4437,3.3414,4.896,127,309,155
MB,1h,0.625,2.0,0.083,4.2413,3.3291,4.4788,113,284,141
MB,1h,0.625,3.0,0.083,4.2413,3.3291,4.4788,113,284,141
MB,1h,0.625,4.0,0.083,4.2413,3.3291,4.4788,113,284,141
MB,1h,0.625,5.0,0.083,4.2413,3.3291,4.4788,113,284,141
MB,1h,0.625,7.0,0.083,4.2413,3.3291,4.4788,113,284,141
MB,1h,0.625,10.0,0.083,4.2413,3.3291,4.4788,113,284,141
MB,1h,0.375,10.0,1.0,4.3214,3.319,5.1797,127,309,155
MB,1h,0.55,2.0,0.25,5.9958,3.3163,5.5018,112,290,142
MB,1h,0.45,2.0,0.083,3.4476,3.3051,4.1702,123,310,156
MB,1h,0.45,3.0,0.083,3.4476,3.3051,4.1702,123,310,156
MB,1h,0.45,4.0,0.083,3.4476,3.3051,4.1702,123,310,156
MB,1h,0.45,5.0,0.083,3.4476,3.3051,4.1702,123,310,156
MB,1h,0.45,7.0,0.083,3.4476,3.3051,4.1702,123,310,156
MB,1h,0.45,10.0,0.083,3.4476,3.3051,4.1702,123,310,156
MB,1h,0.475,4.0,0.5,7.0686,3.3011,3.3933,122,307,152
MB,1h,0.55,4.0,0.25,6.4715,3.2976,5.5714,112,290,142
MB,1h,0.7,10.0,1.0,2.8157,3.2934,4.5217,102,279,130
MB,1h,0.525,10.0,1.0,5.8899,3.2911,2.7034,115,292,145
MB,1h,0.525,2.0,0.083,4.2742,3.2901,4.7047,115,292,145
MB,1h,0.525,3.0,0.083,4.2742,3.2901,4.7047,115,292,145
MB,1h,0.525,4.0,0.083,4.2742,3.2901,4.7047,115,292,145
MB,1h,0.525,5.0,0.083,4.2742,3.2901,4.7047,115,292,145
MB,1h,0.525,7.0,0.083,4.2742,3.2901,4.7047,115,292,145
MB,1h,0.525,10.0,0.083,4.2742,3.2901,4.7047,115,292,145
MB,1h,0.625,3.0,1.0,4.2112,3.2842,2.299,113,284,141
MB,1h,0.5,4.0,0.25,6.9743,3.2821,6.2974,116,302,147
MB,1h,0.3,2.0,0.083,3.7024,3.279,3.6518,125,316,163
MB,1h,0.3,3.0,0.083,3.7024,3.279,3.6518,125,316,163
MB,1h,0.3,4.0,0.083,3.7024,3.279,3.6518,125,316,163
MB,1h,0.3,5.0,0.083,3.7024,3.279,3.6518,125,316,163
MB,1h,0.3,7.0,0.083,3.7024,3.279,3.6518,125,316,163
MB,1h,0.3,10.0,0.083,3.7024,3.279,3.6518,125,316,163
MB,1h,0.375,7.0,1.0,4.1455,3.2698,5.2253,127,309,155
MB,1h,0.3,10.0,1.0,5.9246,3.2607,2.0244,125,316,163
MB,1h,0.675,3.0,0.5,4.5814,3.2599,5.154,105,286,132
MB,1h,0.525,7.0,1.0,5.9873,3.2542,2.8378,115,292,145
MB,1h,0.4,2.0,1.0,4.11,3.2481,3.1428,126,304,157
MB,1h,0.475,3.0,0.25,6.6619,3.2453,5.8013,122,307,152
MB,1h,0.525,2.0,0.5,6.9008,3.2441,3.3056,115,292,145
MB,1h,0.55,2.0,0.083,4.3882,3.2336,4.1317,112,290,142
MB,1h,0.55,3.0,0.083,4.3882,3.2336,4.1317,112,290,142
MB,1h,0.55,4.0,0.083,4.3882,3.2336,4.1317,112,290,142
MB,1h,0.55,5.0,0.083,4.3882,3.2336,4.1317,112,290,142
MB,1h,0.55,7.0,0.083,4.3882,3.2336,4.1317,112,290,142
MB,1h,0.55,10.0,0.083,4.3882,3.2336,4.1317,112,290,142
MB,1h,0.35,4.0,1.0,4.5677,3.23,2.9033,127,309,162
MB,1h,0.55,4.0,0.5,7.2405,3.2036,4.0896,112,290,142
MB,1h,0.5,4.0,0.5,7.7921,3.198,4.0585,116,302,147
MB,1h,0.325,2.0,0.083,3.6343,3.1944,4.0936,128,310,161
MB,1h,0.325,3.0,0.083,3.6343,3.1944,4.0936,128,310,161
MB,1h,0.325,4.0,0.083,3.6343,3.1944,4.0936,128,310,161
MB,1h,0.325,5.0,0.083,3.6343,3.1944,4.0936,128,310,161
MB,1h,0.325,7.0,0.083,3.6343,3.1944,4.0936,128,310,161
MB,1h,0.325,10.0,0.083,3.6343,3.1944,4.0936,128,310,161
MB,1h,0.65,2.0,0.083,3.701,3.182,3.7953,109,287,137
MB,1h,0.65,3.0,0.083,3.701,3.182,3.7953,109,287,137
MB,1h,0.65,4.0,0.083,3.701,3.182,3.7953,109,287,137
MB,1h,0.65,5.0,0.083,3.701,3.182,3.7953,109,287,137
MB,1h,0.65,7.0,0.083,3.701,3.182,3.7953,109,287,137
MB,1h,0.65,10.0,0.083,3.701,3.182,3.7953,109,287,137
MB,1h,0.7,2.0,0.25,3.8518,3.1813,6.4756,102,279,130
MB,1h,0.3,5.0,1.0,5.8767,3.177,2.046,125,316,163
MB,1h,0.475,10.0,0.5,7.0315,3.1753,3.3405,122,307,152
MB,1h,0.3,7.0,1.0,5.7416,3.1713,2.0,125,316,163
MB,1h,0.55,3.0,0.5,6.6735,3.1693,3.9361,112,290,142
MB,1h,0.475,7.0,0.5,7.0084,3.1552,3.4394,122,307,152
MB,1h,0.35,10.0,1.0,4.9384,3.1495,3.3677,127,309,162
MB,1h,0.65,10.0,1.0,3.8371,3.1368,4.3439,109,287,137
MB,1h,0.7,5.0,1.0,2.842,3.1279,4.0256,102,279,130
MB,1h,0.35,3.0,1.0,4.6313,3.1214,2.5878,127,309,162
MB,1h,0.525,4.0,1.0,6.0078,3.1129,2.0954,115,292,145
MB,1h,0.7,7.0,1.0,3.215,3.112,3.9917,102,279,130
MB,1h,0.35,7.0,1.0,4.7269,3.1037,3.318,127,309,162
MB,1h,0.475,2.0,0.5,6.028,3.1029,3.3742,122,307,152
MB,1h,0.35,5.0,1.0,4.7865,3.0909,3.2255,127,309,162
MB,1h,0.425,5.0,1.0,5.5671,3.0888,3.5226,122,308,158
MB,1h,0.425,2.0,0.083,3.715,3.0775,4.4128,122,308,158
MB,1h,0.425,3.0,0.083,3.715,3.0775,4.4128,122,308,158
MB,1h,0.425,4.0,0.083,3.715,3.0775,4.4128,122,308,158
MB,1h,0.425,5.0,0.083,3.715,3.0775,4.4128,122,308,158
MB,1h,0.425,7.0,0.083,3.715,3.0775,4.4128,122,308,158
MB,1h,0.425,10.0,0.083,3.715,3.0775,4.4128,122,308,158
MB,1h,0.475,2.0,0.083,3.7659,3.072,4.1735,122,307,152
MB,1h,0.475,3.0,0.083,3.7659,3.072,4.1735,122,307,152
MB,1h,0.475,4.0,0.083,3.7659,3.072,4.1735,122,307,152
MB,1h,0.475,5.0,0.083,3.7659,3.072,4.1735,122,307,152
MB,1h,0.475,7.0,0.083,3.7659,3.072,4.1735,122,307,152
MB,1h,0.475,10.0,0.083,3.7659,3.072,4.1735,122,307,152
MB,1h,0.575,4.0,1.0,5.3167,3.066,2.1832,115,289,144
MB,1h,0.525,5.0,1.0,6.0188,3.0433,2.3242,115,292,145
MB,1h,0.6,3.0,1.0,4.9672,3.0328,1.6904,115,284,143
MB,1h,0.625,2.0,0.5,4.4327,2.992,4.3819,113,284,141
MB,1h,0.3,3.0,1.0,5.7087,2.9881,1.158,125,316,163
MB,1h,0.7,3.0,0.5,4.3718,2.9843,4.9051,102,279,130
MB,1h,0.5,3.0,0.5,7.6676,2.9808,3.9402,116,302,147
MB,1h,0.475,3.0,0.5,6.9227,2.9665,3.1832,122,307,152
MB,1h,0.675,10.0,1.0,3.7871,2.9616,4.6285,105,286,132
MB,1h,0.55,10.0,1.0,6.224,2.944,2.4086,112,290,142
MB,1h,0.575,2.0,0.5,5.0375,2.9278,3.8637,115,289,144
MB,1h,0.675,2.0,0.25,5.5329,2.9227,6.0783,105,286,132
MB,1h,0.55,7.0,1.0,6.2622,2.9214,2.3874,112,290,142
MB,1h,0.325,4.0,1.0,4.8541,2.8998,2.6934,128,310,161
MB,1h,0.65,7.0,1.0,4.122,2.8762,4.6882,109,287,137
MB,1h,0.5,2.0,0.083,4.1994,2.8602,4.8796,116,302,147
MB,1h,0.5,3.0,0.083,4.1994,2.8602,4.8796,116,302,147
MB,1h,0.5,4.0,0.083,4.1994,2.8602,4.8796,116,302,147
MB,1h,0.5,5.0,0.083,4.1994,2.8602,4.8796,116,302,147
MB,1h,0.5,7.0,0.083,4.1994,2.8602,4.8796,116,302,147
MB,1h,0.5,10.0,0.083,4.1994,2.8602,4.8796,116,302,147
MB,1h,0.425,3.0,1.0,6.1862,2.8398,2.5129,122,308,158
MB,1h,0.425,10.0,1.0,5.8124,2.8324,3.8193,122,308,158
MB,1h,0.35,2.0,1.0,4.8314,2.8253,1.9568,127,309,162
MB,1h,0.65,5.0,1.0,4.2883,2.8188,3.9728,109,287,137
MB,1h,0.675,5.0,1.0,3.8663,2.8093,4.4547,105,286,132
MB,1h,0.425,4.0,1.0,5.681,2.7957,3.1162,122,308,158
MB,1h,0.425,7.0,1.0,5.6987,2.7937,3.7321,122,308,158
MB,1h,0.5,2.0,0.5,6.988,2.7877,3.8249,116,302,147
MB,1h,0.675,2.0,0.083,3.8083,2.7638,4.142,105,286,132
MB,1h,0.675,3.0,0.083,3.8083,2.7638,4.142,105,286,132
MB,1h,0.675,4.0,0.083,3.8083,2.7638,4.142,105,286,132
MB,1h,0.675,5.0,0.083,3.8083,2.7638,4.142,105,286,132
MB,1h,0.675,7.0,0.083,3.8083,2.7638,4.142,105,286,132
MB,1h,0.675,10.0,0.083,3.8083,2.7638,4.142,105,286,132
MB,1h,0.525,3.0,1.0,6.6419,2.759,1.7152,115,292,145
MB,1h,0.325,10.0,1.0,5.5387,2.7529,3.12,128,310,161
MB,1h,0.45,5.0,1.0,5.5356,2.7478,2.7441,123,310,156
MB,1h,0.675,7.0,1.0,4.1755,2.7362,4.7597,105,286,132
MB,1h,0.55,2.0,0.5,6.5222,2.6951,3.2862,112,290,142
MB,1h,0.325,7.0,1.0,5.3514,2.6817,3.093,128,310,161
MB,1h,0.7,2.0,0.083,3.3831,2.6803,4.1891,102,279,130
MB,1h,0.7,3.0,0.083,3.3831,2.6803,4.1891,102,279,130
MB,1h,0.7,4.0,0.083,3.3831,2.6803,4.1891,102,279,130
MB,1h,0.7,5.0,0.083,3.3831,2.6803,4.1891,102,279,130
MB,1h,0.7,7.0,0.083,3.3831,2.6803,4.1891,102,279,130
MB,1h,0.7,10.0,0.083,3.3831,2.6803,4.1891,102,279,130
MB,1h,0.55,5.0,1.0,6.5432,2.6735,2.2184,112,290,142
MB,1h,0.375,2.0,1.0,4.2587,2.6621,3.5457,127,309,155
MB,1h,0.3,2.0,1.0,6.1349,2.6503,0.2407,125,316,163
MB,1h,0.325,5.0,1.0,5.3836,2.6476,2.9961,128,310,161
MB,1h,0.325,3.0,1.0,5.1887,2.6322,2.5258,128,310,161
MB,1h,0.45,3.0,1.0,5.8751,2.5696,1.964,123,310,156
MB,1h,0.65,4.0,1.0,4.1706,2.5503,3.7168,109,287,137
MB,1h,0.45,4.0,1.0,5.7912,2.533,2.4611,123,310,156
MB,1h,0.45,10.0,1.0,5.9132,2.5243,3.0914,123,310,156
MB,1h,0.65,2.0,0.5,3.4749,2.5188,4.9748,109,287,137
MB,1h,0.475,5.0,1.0,5.511,2.5029,2.1174,122,307,152
MB,1h,0.55,4.0,1.0,6.8174,2.4947,1.6406,112,290,142
MB,1h,0.45,7.0,1.0,5.8044,2.4873,3.1623,123,310,156
MB,1h,0.7,4.0,1.0,3.3295,2.4133,3.4829,102,279,130
MB,1h,0.475,4.0,1.0,5.7746,2.4024,1.5841,122,307,152
MB,1h,0.425,2.0,1.0,4.9157,2.3368,2.3174,122,308,158
MB,1h,0.675,4.0,1.0,4.2845,2.3313,3.7942,105,286,132
MB,1h,0.575,3.0,1.0,4.9106,2.3149,1.694,115,289,144
MB,1h,0.475,10.0,1.0,5.9928,2.3102,2.5177,122,307,152
MB,1h,0.525,2.0,1.0,5.0357,2.2862,1.4667,115,292,145
MB,1h,0.45,2.0,1.0,4.4962,2.2589,1.5881,123,310,156
MB,1h,0.325,2.0,1.0,5.4765,2.2401,1.6154,128,310,161
MB,1h,0.475,7.0,1.0,5.8541,2.2316,2.5688,122,307,152
MB,1h,0.4,5.0,2.0,2.4031,2.2023,0.3326,126,304,157
MB,1h,0.55,3.0,1.0,6.2779,2.1481,1.4479,112,290,142
MB,1h,0.65,3.0,1.0,3.289,2.148,3.273,109,287,137
MB,1h,0.475,3.0,1.0,5.9061,2.1469,1.1663,122,307,152
MB,1h,0.675,2.0,0.5,3.7217,2.1232,4.673,105,286,132
MB,1h,0.5,10.0,1.0,6.6232,2.0607,3.2334,116,302,147
MB,1h,0.4,7.0,2.0,2.8824,2.0534,0.8411,126,304,157
MB,1h,0.675,3.0,1.0,3.7737,2.0091,3.4116,105,286,132
MB,1h,0.4,4.0,2.0,2.3871,1.9948,0.9992,126,304,157
MB,1h,0.5,7.0,1.0,6.4658,1.9921,3.3551,116,302,147
MB,1h,0.6,2.0,1.0,3.3685,1.9433,2.1725,115,284,143
MB,1h,0.5,4.0,1.0,6.15,1.9129,2.4976,116,302,147
MB,1h,0.7,2.0,0.5,3.3696,1.9021,4.6936,102,279,130
MB,1h,0.475,2.0,1.0,4.7481,1.8917,1.0654,122,307,152
MB,1h,0.5,5.0,1.0,6.2963,1.8005,2.8038,116,302,147
MB,1h,0.7,3.0,1.0,3.3497,1.6606,2.9146,102,279,130
MB,1h,0.375,5.0,2.0,2.1666,1.6213,0.7103,127,309,155
MB,1h,0.625,2.0,1.0,3.24,1.6017,2.6597,113,284,141
MB,1h,0.575,2.0,1.0,4.1954,1.5918,1.7402,115,289,144
MB,1h,0.4,10.0,2.0,3.556,1.5669,1.4038,126,304,157
MB,1h,0.55,2.0,1.0,5.5258,1.5442,1.316,112,290,142
MB,1h,0.5,3.0,1.0,6.877,1.5213,2.0691,116,302,147
MB,1h,0.4,3.0,2.0,2.2219,1.4785,0.374,126,304,157
MB,1h,0.375,4.0,2.0,2.1896,1.1846,1.8471,127,309,155
MB,1h,0.5,2.0,1.0,5.0462,1.1006,1.6025,116,302,147
MB,1h,0.375,3.0,2.0,1.5382,0.9701,0.9668,127,309,155
MB,1h,0.65,2.0,1.0,2.1138,0.8814,2.784,109,287,137
MB,1h,0.375,10.0,2.0,3.2847,0.7488,1.8717,127,309,155
MB,1h,0.4,2.0,2.0,2.0877,0.7127,0.6151,126,304,157
MB,1h,0.675,2.0,1.0,2.6044,0.6629,2.8544,105,286,132
MB,1h,0.35,10.0,2.0,3.9341,0.5833,0.4146,127,309,162
MB,1h,0.375,7.0,2.0,2.6842,0.5755,1.5769,127,309,155
MB,1h,0.7,2.0,1.0,2.1089,0.45,2.6859,102,279,130
MB,1h,0.35,7.0,2.0,3.3998,0.4291,0.1059,127,309,162
MB,1h,0.325,10.0,2.0,4.1637,0.3752,0.2042,128,310,161
MB,1h,0.375,2.0,2.0,2.082,0.0853,1.1045,127,309,155
MB,2h,0.5,3.0,0.25,9.6239,9.1599,10.7094,62,168,57
MB,2h,0.5,10.0,0.25,8.8745,9.0954,10.762,62,168,57
MB,2h,0.5,7.0,0.25,8.873,9.0938,10.762,62,168,57
MB,2h,0.5,5.0,0.25,8.8726,9.0824,10.7604,62,168,57
MB,2h,0.5,4.0,0.25,8.8725,9.0691,10.7115,62,168,57
MB,2h,0.7,10.0,0.25,9.4319,8.9918,7.7965,56,159,50
MB,2h,0.7,7.0,0.25,9.4317,8.9844,7.7906,56,159,50
MB,2h,0.7,5.0,0.25,9.4739,8.9622,7.7866,56,159,50
MB,2h,0.5,2.0,0.25,9.9345,8.9577,10.5451,62,168,57
MB,2h,0.7,4.0,0.5,10.3373,8.8486,5.3088,56,159,50
MB,2h,0.7,4.0,0.25,9.4336,8.8195,7.4659,56,159,50
MB,2h,0.525,3.0,0.25,9.2386,8.8092,11.3371,64,166,58
MB,2h,0.7,10.0,0.5,11.147,8.79,6.541,56,159,50
MB,2h,0.7,7.0,0.5,11.1298,8.7752,6.3588,56,159,50
MB,2h,0.525,10.0,0.25,8.536,8.7492,11.393,64,166,58
MB,2h,0.525,7.0,0.25,8.5347,8.7487,11.3929,64,166,58
MB,2h,0.525,5.0,0.25,8.5344,8.7405,11.3929,64,166,58
MB,2h,0.525,4.0,0.25,8.5343,8.7377,11.3467,64,166,58
MB,2h,0.7,3.0,0.25,9.2574,8.7011,7.9632,56,159,50
MB,2h,0.7,5.0,0.5,10.7034,8.661,6.1837,56,159,50
MB,2h,0.5,3.0,0.167,8.2539,8.5643,10.536,62,168,57
MB,2h,0.5,7.0,0.167,8.2633,8.4986,10.5391,62,168,57
MB,2h,0.5,10.0,0.167,8.2633,8.4986,10.5391,62,168,57
MB,2h,0.5,5.0,0.167,8.2633,8.4968,10.5391,62,168,57
MB,2h,0.5,4.0,0.167,8.2633,8.4936,10.536,62,168,57
MB,2h,0.525,2.0,0.25,9.5066,8.4161,11.205,64,166,58
MB,2h,0.475,2.0,0.25,8.0986,8.4083,9.4978,63,171,63
MB,2h,0.7,3.0,0.5,9.8015,8.3712,7.2519,56,159,50
MB,2h,0.5,2.0,0.167,8.332,8.3492,10.412,62,168,57
MB,2h,0.475,10.0,0.25,7.7235,8.3351,9.4903,63,171,63
MB,2h,0.475,7.0,0.25,7.7219,8.3335,9.4903,63,171,63
MB,2h,0.475,5.0,0.25,7.7215,8.3219,9.4896,63,171,63
MB,2h,0.475,4.0,0.25,7.7214,8.3086,9.4347,63,171,63
MB,2h,0.525,3.0,0.167,7.5815,8.3067,10.9479,64,166,58
MB,2h,0.45,7.0,0.25,7.9963,8.2901,11.3696,65,175,64
MB,2h,0.45,10.0,0.25,7.997,8.2901,11.3696,65,175,64
MB,2h,0.45,5.0,0.25,7.9949,8.2717,11.3695,65,175,64
MB,2h,0.45,4.0,0.25,7.9949,8.2605,11.3112,65,175,64
MB,2h,0.475,3.0,0.25,8.1968,8.2577,9.4419,63,171,63
MB,2h,0.525,7.0,0.167,7.5903,8.2504,10.9515,64,166,58
MB,2h,0.525,10.0,0.167,7.5903,8.2504,10.9515,64,166,58
MB,2h,0.525,4.0,0.167,7.5903,8.2489,10.9488,64,166,58
MB,2h,0.525,5.0,0.167,7.5903,8.2489,10.9515,64,166,58
MB,2h,0.45,3.0,0.25,7.9901,8.2154,11.3091,65,175,64
MB,2h,0.5,2.0,0.5,12.2406,8.1972,8.9642,62,168,57
MB,2h,0.4,4.0,0.5,10.3001,8.1893,9.5955,66,178,71
MB,2h,0.675,10.0,0.5,10.0273,8.1831,7.7021,58,164,49
MB,2h,0.675,7.0,0.5,10.0144,8.1824,7.6659,58,164,49
MB,2h,0.45,2.0,0.25,8.1189,8.1568,11.3705,65,175,64
MB,2h,0.5,3.0,0.5,12.4414,8.1398,9.9512,62,168,57
MB,2h,0.7,10.0,0.167,7.7104,8.1374,6.7166,56,159,50
MB,2h,0.7,7.0,0.167,7.7104,8.1364,6.7166,56,159,50
MB,2h,0.7,5.0,0.167,7.7086,8.1343,6.7161,56,159,50
MB,2h,0.4,7.0,0.5,10.3893,8.1328,9.7679,66,178,71
MB,2h,0.4,5.0,0.5,10.3202,8.1106,9.7188,66,178,71
MB,2h,0.7,4.0,0.167,7.7016,8.0858,6.5891,56,159,50
MB,2h,0.525,2.0,0.5,11.4745,8.081,9.282,64,166,58
MB,2h,0.4,10.0,0.5,10.3896,8.0717,9.7688,66,178,71
MB,2h,0.675,5.0,0.5,9.8658,8.0694,7.3133,58,164,49
MB,2h,0.525,2.0,0.167,7.6394,8.0692,10.8192,64,166,58
MB,2h,0.4,3.0,0.5,10.1682,8.0291,9.2514,66,178,71
MB,2h,0.525,3.0,0.5,11.7319,8.0164,9.9947,64,166,58
MB,2h,0.7,3.0,0.167,7.6306,7.9882,7.1945,56,159,50
MB,2h,0.425,7.0,0.5,11.5041,7.9611,12.2628,65,174,68
MB,2h,0.625,10.0,0.5,10.6746,7.9357,11.0114,61,166,53
MB,2h,0.5,7.0,0.5,12.5229,7.9335,10.4188,62,168,57
MB,2h,0.65,10.0,0.5,10.3705,7.925,6.0575,60,164,51
MB,2h,0.525,10.0,0.5,11.9704,7.923,10.6829,64,166,58
MB,2h,0.625,3.0,0.5,9.5978,7.9185,9.723,61,166,53
MB,2h,0.5,10.0,0.5,12.5904,7.9151,10.425,62,168,57
MB,2h,0.625,7.0,0.5,10.6165,7.9076,10.9893,61,166,53
MB,2h,0.5,4.0,0.5,12.4951,7.9043,9.9845,62,168,57
MB,2h,0.525,7.0,0.5,11.9065,7.9035,10.6466,64,166,58
MB,2h,0.425,10.0,0.5,11.5171,7.9011,12.2638,65,174,68
MB,2h,0.5,5.0,0.5,12.5078,7.892,10.3519,62,168,57
MB,2h,0.525,4.0,0.5,11.881,7.8833,10.268,64,166,58
MB,2h,0.65,5.0,0.5,10.1834,7.8819,5.7039,60,164,51
MB,2h,0.65,7.0,0.5,10.3128,7.8788,6.0209,60,164,51
MB,2h,0.425,5.0,0.5,11.432,7.8756,12.213,65,174,68
MB,2h,0.525,5.0,0.5,11.8926,7.8719,10.6181,64,166,58
MB,2h,0.675,3.0,0.5,8.7204,7.8691,7.1612,58,164,49
MB,2h,0.625,5.0,0.5,10.4944,7.8658,10.6683,61,166,53
MB,2h,0.7,2.0,0.25,8.8856,7.8608,7.6218,56,159,50
MB,2h,0.475,2.0,0.5,9.7529,7.8436,7.7538,63,171,63
MB,2h,0.675,4.0,0.5,9.3191,7.8216,6.6766,58,164,49
MB,2h,0.475,7.0,0.167,6.7428,7.8207,9.4558,63,171,63
MB,2h,0.475,10.0,0.167,6.7428,7.8207,9.4558,63,171,63
MB,2h,0.475,5.0,0.167,6.7428,7.8188,9.4558,63,171,63
MB,2h,0.425,4.0,0.5,11.4289,7.8186,11.9176,65,174,68
MB,2h,0.55,3.0,0.25,8.8648,7.8159,12.4342,64,169,54
MB,2h,0.475,4.0,0.167,6.7428,7.8155,9.4528,63,171,63
MB,2h,0.675,10.0,0.25,8.605,7.8118,7.0489,58,164,49
MB,2h,0.625,4.0,0.5,10.0694,7.8059,10.6242,61,166,53
MB,2h,0.675,7.0,0.25,8.6048,7.8047,7.0489,58,164,49
MB,2h,0.55,10.0,0.25,8.1754,7.8019,12.416,64,169,54
MB,2h,0.55,7.0,0.25,8.1741,7.8004,12.416,64,169,54
MB,2h,0.475,3.0,0.167,6.8819,7.7986,9.4528,63,171,63
MB,2h,0.675,5.0,0.25,8.5841,7.7932,7.0379,58,164,49
MB,2h,0.55,5.0,0.25,8.1739,7.7906,12.4125,64,169,54
MB,2h,0.55,4.0,0.25,8.1738,7.79,12.409,64,169,54
MB,2h,0.375,4.0,0.5,10.3885,7.781,8.7246,68,182,73
MB,2h,0.65,10.0,0.167,6.3389,7.7731,7.8538,60,164,51
MB,2h,0.65,7.0,0.167,6.3389,7.7719,7.8538,60,164,51
MB,2h,0.65,5.0,0.167,6.3378,7.7717,7.8537,60,164,51
MB,2h,0.65,4.0,0.167,6.3367,7.7636,7.849,60,164,51
MB,2h,0.625,7.0,0.167,7.2879,7.7342,10.0116,61,166,53
MB,2h,0.625,10.0,0.167,7.2879,7.7342,10.0116,61,166,53
MB,2h,0.625,5.0,0.167,7.2879,7.7329,10.0115,61,166,53
MB,2h,0.475,2.0,0.167,6.9424,7.7278,9.3589,63,171,63
MB,2h,0.45,7.0,0.167,7.7581,7.7259,11.3193,65,175,64
MB,2h,0.45,10.0,0.167,7.7582,7.7259,11.3193,65,175,64
MB,2h,0.625,4.0,0.167,7.2857,7.7243,10.011,61,166,53
MB,2h,0.45,5.0,0.167,7.7581,7.7208,11.3193,65,175,64
MB,2h,0.55,2.0,0.5,10.626,7.7194,11.8553,64,169,54
MB,2h,0.45,4.0,0.167,7.7581,7.7188,11.3152,65,175,64
MB,2h,0.45,2.0,0.167,7.8042,7.7167,11.2353,65,175,64
MB,2h,0.375,7.0,0.5,10.4756,7.7157,8.8719,68,182,73
MB,2h,0.65,4.0,0.5,9.8676,7.7155,5.3767,60,164,51
MB,2h,0.425,3.0,0.5,11.2621,7.7094,11.734,65,174,68
MB,2h,0.65,10.0,0.25,8.3414,7.7054,5.1109,60,164,51
MB,2h,0.45,3.0,0.167,7.7579,7.7025,11.3151,65,175,64
MB,2h,0.65,7.0,0.25,8.3406,7.6968,5.1109,60,164,51
MB,2h,0.375,5.0,0.5,10.4067,7.695,8.8227,68,182,73
MB,2h,0.65,5.0,0.25,8.3283,7.6939,5.1058,60,164,51
MB,2h,0.425,7.0,0.25,7.9803,7.6865,12.3671,65,174,68
MB,2h,0.425,10.0,0.25,7.981,7.6865,12.3671,65,174,68
MB,2h,0.675,4.0,0.25,8.613,7.6797,6.7941,58,164,49
MB,2h,0.425,5.0,0.25,7.9788,7.6675,12.367,65,174,68
MB,2h,0.375,3.0,0.5,10.3727,7.6596,8.3581,68,182,73
MB,2h,0.425,4.0,0.25,7.9788,7.6559,12.3171,65,174,68
MB,2h,0.375,10.0,0.5,10.4756,7.6543,8.8729,68,182,73
MB,2h,0.625,10.0,0.25,8.2603,7.6533,10.0685,61,166,53
MB,2h,0.625,7.0,0.25,8.2595,7.6517,10.0685,61,166,53
MB,2h,0.65,4.0,0.25,8.3984,7.646,5.0682,60,164,51
MB,2h,0.65,3.0,0.167,6.3038,7.6445,8.3306,60,164,51
MB,2h,0.625,5.0,0.25,8.2594,7.6416,10.0631,61,166,53
MB,2h,0.65,3.0,0.5,9.1187,7.631,5.0757,60,164,51
MB,2h,0.7,2.0,0.167,7.487,7.6252,7.0178,56,159,50
MB,2h,0.55,2.0,0.25,9.8205,7.6222,12.0743,64,169,54
MB,2h,0.675,10.0,0.167,6.979,7.6131,6.367,58,164,49
MB,2h,0.425,3.0,0.25,7.9737,7.6129,12.2939,65,174,68
MB,2h,0.675,7.0,0.167,6.979,7.612,6.367,58,164,49
MB,2h,0.625,3.0,0.167,7.3182,7.6119,9.8501,61,166,53
MB,2h,0.675,5.0,0.167,6.9773,7.6108,6.3665,58,164,49
MB,2h,0.625,4.0,0.25,8.327,7.6021,10.0564,61,166,53
MB,2h,0.425,7.0,0.167,8.6045,7.572,11.9236,65,174,68
MB,2h,0.425,10.0,0.167,8.6045,7.572,11.9236,65,174,68
MB,2h,0.675,4.0,0.167,6.9693,7.5685,6.261,58,164,49
MB,2h,0.425,5.0,0.167,8.6045,7.5667,11.9236,65,174,68
MB,2h,0.425,4.0,0.167,8.6045,7.5646,11.918,65,174,68
MB,2h,0.6,10.0,0.5,9.9056,7.5584,11.9311,63,168,53
MB,2h,0.425,3.0,0.167,8.6042,7.5471,11.9179,65,174,68
MB,2h,0.675,3.0,0.25,8.4674,7.5456,7.271,58,164,49
MB,2h,0.6,7.0,0.5,9.8481,7.5361,11.9171,63,168,53
MB,2h,0.425,2.0,0.167,8.6592,7.5348,11.8578,65,174,68
MB,2h,0.5,3.0,1.0,12.3405,7.5345,4.7133,62,168,57
MB,2h,0.6,5.0,0.5,9.8421,7.5215,11.5967,63,168,53
MB,2h,0.6,4.0,0.5,10.1898,7.5117,11.5299,63,168,53
MB,2h,0.6,10.0,0.25,7.3717,7.4968,10.1421,63,168,53
MB,2h,0.6,7.0,0.25,7.3708,7.4954,10.1421,63,168,53
MB,2h,0.6,5.0,0.25,7.3708,7.4871,10.1376,63,168,53
MB,2h,0.4,2.0,0.5,9.3193,7.4859,8.9564,66,178,71
MB,2h,0.6,3.0,0.5,9.316,7.4808,10.6433,63,168,53
MB,2h,0.675,3.0,0.167,6.9389,7.4716,6.8641,58,164,49
MB,2h,0.65,3.0,0.25,8.209,7.4704,5.3261,60,164,51
MB,2h,0.425,2.0,0.25,8.1161,7.4697,12.3319,65,174,68
MB,2h,0.6,4.0,0.25,7.9516,7.4689,10.1291,63,168,53
MB,2h,0.625,2.0,0.167,7.3035,7.4613,10.2133,61,166,53
MB,2h,0.625,3.0,0.25,8.3106,7.4469,9.8063,61,166,53
MB,2h,0.3,3.0,0.5,10.0318,7.4338,8.5307,70,187,70
MB,2h,0.5,4.0,1.0,13.0334,7.4316,4.3669,62,168,57
MB,2h,0.6,10.0,0.167,7.0445,7.4202,10.4703,63,168,53
MB,2h,0.6,7.0,0.167,7.0445,7.4201,10.4703,63,168,53
MB,2h,0.6,5.0,0.167,7.0445,7.4189,10.4703,63,168,53
MB,2h,0.6,4.0,0.167,7.039,7.4162,10.4696,63,168,53
MB,2h,0.6,3.0,0.25,7.9067,7.4148,9.8224,63,168,53
MB,2h,0.65,2.0,0.167,6.221,7.3999,8.1369,60,164,51
MB,2h,0.6,3.0,0.167,6.9957,7.3967,10.3365,63,168,53
MB,2h,0.525,5.0,1.0,11.9454,7.3892,5.2227,64,166,58
MB,2h,0.35,4.0,0.5,8.87,7.3889,9.2604,71,185,72
MB,2h,0.3,5.0,0.5,10.0852,7.3711,9.0729,70,187,70
MB,2h,0.6,2.0,0.5,9.6659,7.3579,10.3731,63,168,53
MB,2h,0.5,7.0,1.0,13.4293,7.3556,4.861,62,168,57
MB,2h,0.5,10.0,1.0,13.7037,7.3474,5.0285,62,168,57
MB,2h,0.575,2.0,0.5,10.2288,7.3374,11.009,65,169,54
MB,2h,0.3,10.0,0.5,10.1567,7.3285,9.0805,70,187,70
MB,2h,0.3,7.0,0.5,10.1567,7.3283,9.0805,70,187,70
MB,2h,0.35,7.0,0.5,8.9795,7.3214,9.3405,71,185,72
MB,2h,0.375,7.0,1.0,11.808,7.3211,3.9006,68,182,73
MB,2h,0.375,4.0,1.0,11.1931,7.3204,3.2705,68,182,73
MB,2h,0.5,5.0,1.0,13.3044,7.3153,4.8161,62,168,57
MB,2h,0.375,2.0,0.5,10.591,7.3037,8.0591,68,182,73
MB,2h,0.3,4.0,0.5,10.0393,7.3013,9.0228,70,187,70
MB,2h,0.35,5.0,0.5,8.9121,7.3007,9.2891,71,185,72
MB,2h,0.55,10.0,0.5,10.4826,7.3,12.9025,64,169,54
MB,2h,0.55,3.0,0.167,7.1991,7.2757,11.4053,64,169,54
MB,2h,0.55,7.0,0.5,10.4201,7.2687,12.8877,64,169,54
MB,2h,0.55,5.0,0.5,10.407,7.2662,12.7219,64,169,54
MB,2h,0.4,7.0,1.0,11.7479,7.264,5.5613,66,178,71
MB,2h,0.4,2.0,0.167,8.6874,7.2626,8.1864,66,178,71
MB,2h,0.55,3.0,0.5,10.2975,7.2602,12.3515,64,169,54
MB,2h,0.35,10.0,0.5,8.9795,7.2595,9.3416,71,185,72
MB,2h,0.55,7.0,0.167,7.207,7.2566,11.508,64,169,54
MB,2h,0.55,10.0,0.167,7.207,7.2566,11.508,64,169,54
MB,2h,0.55,4.0,0.167,7.207,7.2552,11.5079,64,169,54
MB,2h,0.55,5.0,0.167,7.207,7.2552,11.508,64,169,54
MB,2h,0.35,3.0,0.5,8.8495,7.2542,8.8021,71,185,72
MB,2h,0.55,4.0,0.5,10.2781,7.2453,12.5327,64,169,54
MB,2h,0.675,2.0,0.167,6.6919,7.2451,6.6624,58,164,49
MB,2h,0.4,5.0,0.167,8.6313,7.245,8.2009,66,178,71
MB,2h,0.4,7.0,0.167,8.6313,7.245,8.2009,66,178,71
MB,2h,0.4,10.0,0.167,8.6313,7.245,8.2009,66,178,71
MB,2h,0.45,7.0,0.5,10.7018,7.2388,10.4316,65,175,64
MB,2h,0.4,4.0,0.167,8.6313,7.238,8.1994,66,178,71
MB,2h,0.6,2.0,0.167,7.1085,7.2352,10.5529,63,168,53
MB,2h,0.4,3.0,0.167,8.6313,7.2336,8.1951,66,178,71
MB,2h,0.525,4.0,1.0,11.4882,7.2309,4.8635,64,166,58
MB,2h,0.425,2.0,0.5,10.4627,7.2273,11.445,65,174,68
MB,2h,0.55,2.0,0.167,7.117,7.2131,11.2769,64,169,54
MB,2h,0.5,2.0,1.0,12.4475,7.2128,3.9816,62,168,57
MB,2h,0.625,2.0,0.5,9.1891,7.2116,9.1913,61,166,53
MB,2h,0.3,3.0,1.0,10.6576,7.2075,3.1096,70,187,70
MB,2h,0.4,4.0,1.0,11.1115,7.2075,5.1352,66,178,71
MB,2h,0.375,5.0,1.0,11.5108,7.2074,3.5652,68,182,73
MB,2h,0.575,10.0,0.5,10.1165,7.184,11.9549,65,169,54
MB,2h,0.45,10.0,0.5,10.7144,7.1807,10.4328,65,175,64
MB,2h,0.375,10.0,1.0,11.8502,7.1744,3.4096,68,182,73
MB,2h,0.475,7.0,0.5,10.4037,7.1716,8.654,63,171,63
MB,2h,0.325,7.0,0.5,8.3274,7.1693,8.7076,70,188,71
MB,2h,0.575,7.0,0.5,10.0592,7.1615,11.9407,65,169,54
MB,2h,0.3,2.0,0.5,9.5754,7.1603,7.9807,70,187,70
MB,2h,0.45,5.0,0.5,10.6316,7.156,10.3911,65,175,64
MB,2h,0.475,10.0,0.5,10.4716,7.1525,8.6606,63,171,63
MB,2h,0.325,5.0,0.5,8.2575,7.148,8.6698,70,188,71
MB,2h,0.3,5.0,1.0,10.9892,7.1465,4.3735,70,187,70
MB,2h,0.575,5.0,0.5,10.0531,7.142,11.6762,65,169,54
MB,2h,0.3,7.0,1.0,11.258,7.1419,3.8387,70,187,70
MB,2h,0.475,4.0,0.5,10.3806,7.1355,8.1609,63,171,63
MB,2h,0.475,5.0,0.5,10.3879,7.1302,8.5992,63,171,63
MB,2h,0.6,2.0,0.25,8.961,7.1294,9.6035,63,168,53
MB,2h,0.525,3.0,1.0,10.8418,7.1276,4.6678,64,166,58
MB,2h,0.525,10.0,1.0,12.1004,7.1258,5.777,64,166,58
MB,2h,0.4,10.0,1.0,11.7953,7.1196,5.09,66,178,71
MB,2h,0.3,4.0,1.0,10.5823,7.1132,4.0822,70,187,70
MB,2h,0.4,5.0,1.0,11.303,7.1112,5.2383,66,178,71
MB,2h,0.325,10.0,0.5,8.3274,7.1068,8.7089,70,188,71
MB,2h,0.375,3.0,1.0,10.954,7.1053,3.1061,68,182,73
MB,2h,0.475,3.0,0.5,10.3782,7.1048,8.2233,63,171,63
MB,2h,0.325,7.0,1.0,10.2978,7.0985,2.8302,70,188,71
MB,2h,0.425,7.0,1.0,13.5761,7.093,8.0093,65,174,68
MB,2h,0.3,10.0,1.0,11.2929,7.092,3.9187,70,187,70
MB,2h,0.325,3.0,0.5,8.1974,7.0918,8.0676,70,188,71
MB,2h,0.4,7.0,0.25,7.9992,7.0905,8.4189,66,178,71
MB,2h,0.4,10.0,0.25,7.9992,7.0905,8.4189,66,178,71
MB,2h,0.4,5.0,0.25,7.9974,7.0899,8.4187,66,178,71
MB,2h,0.425,4.0,1.0,13.1326,7.0889,7.1451,65,174,68
MB,2h,0.325,4.0,0.5,8.2139,7.0798,8.6485,70,188,71
MB,2h,0.45,4.0,0.5,10.6288,7.0792,10.0072,65,175,64
MB,2h,0.575,10.0,0.25,7.5169,7.0664,11.1981,65,169,54
MB,2h,0.575,7.0,0.25,7.516,7.065,11.1981,65,169,54
MB,2h,0.625,2.0,0.25,8.4866,7.0648,9.7385,61,166,53
MB,2h,0.4,4.0,0.25,7.9968,7.063,8.4025,66,178,71
MB,2h,0.525,2.0,1.0,10.549,7.0608,4.4659,64,166,58
MB,2h,0.575,5.0,0.25,7.5159,7.055,11.188,65,169,54
MB,2h,0.525,7.0,1.0,11.838,7.0471,5.534,64,166,58
MB,2h,0.4,3.0,0.25,7.9966,7.0464,8.3458,66,178,71
MB,2h,0.3,5.0,0.167,9.4017,7.0452,9.6154,70,187,70
MB,2h,0.3,7.0,0.167,9.4017,7.0452,9.6154,70,187,70
MB,2h,0.3,10.0,0.167,9.4017,7.0452,9.6154,70,187,70
MB,2h,0.575,4.0,0.25,7.5159,7.0442,11.1843,65,169,54
MB,2h,0.4,3.0,1.0,10.535,7.0415,4.7366,66,178,71
MB,2h,0.575,3.0,0.25,8.1373,7.0406,11.1947,65,169,54
MB,2h,0.3,4.0,0.167,9.4016,7.0394,9.6154,70,187,70
MB,2h,0.575,3.0,0.5,9.791,7.0368,11.2949,65,169,54
MB,2h,0.3,3.0,0.167,9.4016,7.0307,9.6075,70,187,70
MB,2h,0.3,2.0,0.167,9.5124,7.0274,9.6062,70,187,70
MB,2h,0.575,4.0,0.5,9.9201,7.0254,11.5492,65,169,54
MB,2h,0.325,3.0,1.0,9.7062,6.9869,1.8391,70,188,71
MB,2h,0.425,5.0,1.0,13.0914,6.9861,7.6823,65,174,68
MB,2h,0.7,2.0,0.5,8.683,6.9839,6.7138,56,159,50
MB,2h,0.425,10.0,1.0,13.6794,6.9729,7.5518,65,174,68
MB,2h,0.325,5.0,1.0,10.047,6.9722,2.5994,70,188,71
MB,2h,0.575,10.0,0.167,7.1736,6.97,10.2409,65,169,54
MB,2h,0.575,7.0,0.167,7.1736,6.9699,10.2409,65,169,54
MB,2h,0.575,5.0,0.167,7.1736,6.9686,10.2409,65,169,54
MB,2h,0.575,3.0,0.167,7.1559,6.9685,10.1255,65,169,54
MB,2h,0.575,4.0,0.167,7.1736,6.9669,10.2402,65,169,54
MB,2h,0.325,4.0,1.0,9.6675,6.9665,2.4234,70,188,71
MB,2h,0.45,3.0,0.5,10.4522,6.9605,9.9657,65,175,64
MB,2h,0.325,10.0,1.0,10.3437,6.9503,2.3059,70,188,71
MB,2h,0.575,2.0,0.25,9.1894,6.905,10.9397,65,169,54
MB,2h,0.4,2.0,0.25,8.1232,6.8922,8.3795,66,178,71
MB,2h,0.325,5.0,0.167,8.594,6.891,8.2455,70,188,71
MB,2h,0.325,7.0,0.167,8.5941,6.891,8.2455,70,188,71
MB,2h,0.325,10.0,0.167,8.5941,6.891,8.2455,70,188,71
MB,2h,0.325,4.0,0.167,8.594,6.8854,8.2455,70,188,71
MB,2h,0.325,3.0,0.167,8.594,6.8785,8.2383,70,188,71
MB,2h,0.325,2.0,0.167,8.6982,6.8736,8.1602,70,188,71
MB,2h,0.35,4.0,1.0,9.9253,6.8723,2.8627,71,185,72
MB,2h,0.575,2.0,0.167,7.2581,6.8712,10.2894,65,169,54
MB,2h,0.375,2.0,0.167,9.2085,6.8702,8.326,68,182,73
MB,2h,0.375,5.0,0.167,9.0808,6.8249,8.3278,68,182,73
MB,2h,0.375,7.0,0.167,9.0808,6.8249,8.3278,68,182,73
MB,2h,0.375,10.0,0.167,9.0808,6.8249,8.3278,68,182,73
MB,2h,0.375,4.0,0.167,9.0808,6.8178,8.3262,68,182,73
MB,2h,0.35,7.0,1.0,10.5876,6.8154,3.376,71,185,72
MB,2h,0.375,3.0,0.167,9.0808,6.8131,8.3216,68,182,73
MB,2h,0.325,2.0,0.5,8.4397,6.7871,7.6435,70,188,71
MB,2h,0.35,2.0,0.5,8.9965,6.7484,8.1939,71,185,72
MB,2h,0.45,7.0,1.0,13.5556,6.7314,4.9441,65,175,64
MB,2h,0.35,5.0,1.0,10.3372,6.704,3.0307,71,185,72
MB,2h,0.425,3.0,1.0,12.3491,6.704,6.9053,65,174,68
MB,2h,0.675,2.0,0.25,8.0771,6.6959,6.8247,58,164,49
MB,2h,0.35,3.0,1.0,9.7814,6.6927,2.5535,71,185,72
MB,2h,0.65,2.0,0.25,8.0492,6.6804,4.8901,60,164,51
MB,2h,0.35,10.0,1.0,10.6318,6.668,2.8747,71,185,72
MB,2h,0.45,5.0,1.0,13.0793,6.639,4.6959,65,175,64
MB,2h,0.45,10.0,1.0,13.6498,6.6157,4.4894,65,175,64
MB,2h,0.45,2.0,0.5,9.6577,6.6127,9.3528,65,175,64
MB,2h,0.3,2.0,1.0,9.2047,6.569,3.1044,70,187,70
MB,2h,0.45,4.0,1.0,12.9462,6.5294,4.0511,65,175,64
MB,2h,0.375,7.0,0.25,9.2534,6.4622,8.6391,68,182,73
MB,2h,0.375,10.0,0.25,9.2534,6.4622,8.6391,68,182,73
MB,2h,0.375,5.0,0.25,9.2516,6.4616,8.6389,68,182,73
MB,2h,0.375,4.0,0.25,9.251,6.4347,8.624,68,182,73
MB,2h,0.375,3.0,0.25,9.2508,6.4177,8.5649,68,182,73
MB,2h,0.65,2.0,0.5,8.358,6.3975,4.568,60,164,51
MB,2h,0.675,2.0,0.5,7.7712,6.376,6.0599,58,164,49
MB,2h,0.325,2.0,1.0,8.855,6.3576,1.5838,70,188,71
MB,2h,0.375,2.0,0.25,9.5539,6.3425,8.6016,68,182,73
MB,2h,0.45,3.0,1.0,12.1593,6.2821,4.8335,65,175,64
MB,2h,0.3,7.0,0.25,9.8137,6.2505,11.9143,70,187,70
MB,2h,0.3,10.0,0.25,9.8137,6.2505,11.9143,70,187,70
MB,2h,0.3,5.0,0.25,9.8116,6.2499,11.9143,70,187,70
MB,2h,0.525,2.0,0.125,5.9535,6.2475,9.4084,64,166,58
MB,2h,0.525,3.0,0.125,5.9535,6.2475,9.4084,64,166,58
MB,2h,0.525,4.0,0.125,5.9535,6.2475,9.4084,64,166,58
MB,2h,0.525,5.0,0.125,5.9535,6.2475,9.4084,64,166,58
MB,2h,0.525,7.0,0.125,5.9535,6.2475,9.4084,64,166,58
MB,2h,0.525,10.0,0.125,5.9535,6.2475,9.4084,64,166,58
MB,2h,0.3,4.0,0.25,9.8107,6.2304,11.9141,70,187,70
MB,2h,0.3,3.0,0.25,9.8107,6.2053,11.8295,70,187,70
MB,2h,0.375,2.0,1.0,10.4108,6.1908,1.859,68,182,73
MB,2h,0.3,2.0,0.25,10.0896,6.136,11.8118,70,187,70
MB,2h,0.475,2.0,1.0,11.4256,6.0644,3.1745,63,171,63
MB,2h,0.4,2.0,1.0,9.7226,6.0531,3.3296,66,178,71
MB,2h,0.325,7.0,0.25,9.1705,6.0328,10.8148,70,188,71
MB,2h,0.325,10.0,0.25,9.1705,6.0328,10.8148,70,188,71
MB,2h,0.325,5.0,0.25,9.1685,6.0322,10.8146,70,188,71
MB,2h,0.325,4.0,0.25,9.1678,6.0133,10.8146,70,188,71
MB,2h,0.325,3.0,0.25,9.1675,5.9841,10.7198,70,188,71
MB,2h,0.35,5.0,0.167,9.8472,5.9838,7.9653,71,185,72
MB,2h,0.35,7.0,0.167,9.8472,5.9838,7.9653,71,185,72
MB,2h,0.35,10.0,0.167,9.8472,5.9838,7.9653,71,185,72
MB,2h,0.35,4.0,0.167,9.8472,5.9766,7.9653,71,185,72
MB,2h,0.35,3.0,0.167,9.8472,5.9717,7.9586,71,185,72
MB,2h,0.7,2.0,0.125,5.2904,5.9556,5.9347,56,159,50
MB,2h,0.7,3.0,0.125,5.2904,5.9556,5.9347,56,159,50
MB,2h,0.7,4.0,0.125,5.2904,5.9556,5.9347,56,159,50
MB,2h,0.7,5.0,0.125,5.2904,5.9556,5.9347,56,159,50
MB,2h,0.7,7.0,0.125,5.2904,5.9556,5.9347,56,159,50
MB,2h,0.7,10.0,0.125,5.2904,5.9556,5.9347,56,159,50
MB,2h,0.675,7.0,1.0,5.9394,5.9282,7.0385,58,164,49
MB,2h,0.35,2.0,0.167,9.9445,5.9181,7.8549,71,185,72
MB,2h,0.325,2.0,0.25,9.433,5.9098,10.6045,70,188,71
MB,2h,0.625,10.0,1.0,9.0101,5.9058,8.1838,61,166,53
MB,2h,0.625,7.0,1.0,8.7798,5.8683,7.8684,61,166,53
MB,2h,0.625,5.0,1.0,8.5664,5.8329,7.2717,61,166,53
MB,2h,0.35,7.0,0.25,10.2644,5.8071,9.2443,71,185,72
MB,2h,0.35,10.0,0.25,10.2644,5.8071,9.2443,71,185,72
MB,2h,0.35,5.0,0.25,10.2625,5.8065,9.2441,71,185,72
MB,2h,0.425,2.0,1.0,11.5886,5.8054,6.0345,65,174,68
MB,2h,0.45,2.0,0.125,6.4755,5.7824,7.626,65,175,64
MB,2h,0.45,3.0,0.125,6.4755,5.7824,7.626,65,175,64
MB,2h,0.45,4.0,0.125,6.4755,5.7824,7.626,65,175,64
MB,2h,0.45,5.0,0.125,6.4755,5.7824,7.626,65,175,64
MB,2h,0.45,7.0,0.125,6.4755,5.7824,7.626,65,175,64
MB,2h,0.45,10.0,0.125,6.4755,5.7824,7.626,65,175,64
MB,2h,0.35,4.0,0.25,10.2618,5.7794,9.2431,71,185,72
MB,2h,0.55,5.0,1.0,10.9644,5.7757,6.9664,64,169,54
MB,2h,0.475,4.0,1.0,12.5246,5.7621,2.7362,63,171,63
MB,2h,0.35,3.0,0.25,10.2616,5.7592,9.1657,71,185,72
MB,2h,0.55,2.0,1.0,10.6742,5.7516,6.5406,64,169,54
MB,2h,0.475,5.0,1.0,12.734,5.7492,3.0638,63,171,63
MB,2h,0.5,2.0,0.125,6.1436,5.742,8.0312,62,168,57
MB,2h,0.5,3.0,0.125,6.1436,5.742,8.0312,62,168,57
MB,2h,0.5,4.0,0.125,6.1436,5.742,8.0312,62,168,57
MB,2h,0.5,5.0,0.125,6.1436,5.742,8.0312,62,168,57
MB,2h,0.5,7.0,0.125,6.1436,5.742,8.0312,62,168,57
MB,2h,0.5,10.0,0.125,6.1436,5.742,8.0312,62,168,57
MB,2h,0.475,7.0,1.0,12.8597,5.7351,3.3794,63,171,63
MB,2h,0.475,10.0,1.0,13.1534,5.7241,2.9654,63,171,63
MB,2h,0.475,3.0,1.0,11.951,5.7201,3.2407,63,171,63
MB,2h,0.425,2.0,0.125,6.2342,5.6678,8.6096,65,174,68
MB,2h,0.425,3.0,0.125,6.2342,5.6678,8.6096,65,174,68
MB,2h,0.425,4.0,0.125,6.2342,5.6678,8.6096,65,174,68
MB,2h,0.425,5.0,0.125,6.2342,5.6678,8.6096,65,174,68
MB,2h,0.425,7.0,0.125,6.2342,5.6678,8.6096,65,174,68
MB,2h,0.425,10.0,0.125,6.2342,5.6678,8.6096,65,174,68
MB,2h,0.625,4.0,1.0,8.4294,5.6607,6.6981,61,166,53
MB,2h,0.675,10.0,1.0,5.6782,5.6602,7.4854,58,164,49
MB,2h,0.35,2.0,1.0,9.0015,5.6552,1.9204,71,185,72
MB,2h,0.675,5.0,1.0,5.9592,5.6269,6.251,58,164,49
MB,2h,0.55,2.0,0.125,5.595,5.6191,9.5513,64,169,54
MB,2h,0.55,3.0,0.125,5.595,5.6191,9.5513,64,169,54
MB,2h,0.55,4.0,0.125,5.595,5.6191,9.5513,64,169,54
MB,2h,0.55,5.0,0.125,5.595,5.6191,9.5513,64,169,54
MB,2h,0.55,7.0,0.125,5.595,5.6191,9.5513,64,169,54
MB,2h,0.55,10.0,0.125,5.595,5.6191,9.5513,64,169,54
MB,2h,0.65,10.0,1.0,6.1613,5.6172,6.7012,60,164,51
MB,2h,0.675,3.0,1.0,4.7242,5.607,6.7341,58,164,49
MB,2h,0.3,3.0,2.0,8.1295,5.5972,2.8471,70,187,70
MB,2h,0.35,2.0,0.25,10.4579,5.5949,8.983,71,185,72
MB,2h,0.65,5.0,1.0,6.2435,5.5762,5.51,60,164,51
MB,2h,0.65,7.0,1.0,6.2331,5.575,6.2811,60,164,51
MB,2h,0.55,4.0,1.0,10.2953,5.5647,6.8542,64,169,54
MB,2h,0.6,4.0,1.0,8.8967,5.5637,6.4296,63,168,53
MB,2h,0.6,5.0,1.0,9.2007,5.563,7.0706,63,168,53
MB,2h,0.55,10.0,1.0,11.0017,5.5383,7.9199,64,169,54
MB,2h,0.7,7.0,1.0,6.5229,5.515,7.0613,56,159,50
MB,2h,0.6,10.0,1.0,9.2474,5.5041,7.9784,63,168,53
MB,2h,0.6,2.0,0.125,4.5124,5.5004,8.2492,63,168,53
MB,2h,0.6,3.0,0.125,4.5124,5.5004,8.2492,63,168,53
MB,2h,0.6,4.0,0.125,4.5124,5.5004,8.2492,63,168,53
MB,2h,0.6,5.0,0.125,4.5124,5.5004,8.2492,63,168,53
MB,2h,0.6,7.0,0.125,4.5124,5.5004,8.2492,63,168,53
MB,2h,0.6,10.0,0.125,4.5124,5.5004,8.2492,63,168,53
MB,2h,0.625,3.0,1.0,8.0402,5.4758,6.2927,61,166,53
MB,2h,0.6,7.0,1.0,9.1641,5.4579,7.7411,63,168,53
MB,2h,0.45,2.0,1.0,11.4269,5.4543,3.2317,65,175,64
MB,2h,0.475,2.0,0.125,5.7422,5.4318,7.0958,63,171,63
MB,2h,0.475,3.0,0.125,5.7422,5.4318,7.0958,63,171,63
MB,2h,0.475,4.0,0.125,5.7422,5.4318,7.0958,63,171,63
MB,2h,0.475,5.0,0.125,5.7422,5.4318,7.0958,63,171,63
MB,2h,0.475,7.0,0.125,5.7422,5.4318,7.0958,63,171,63
MB,2h,0.475,10.0,0.125,5.7422,5.4318,7.0958,63,171,63
MB,2h,0.55,7.0,1.0,10.7443,5.426,7.6834,64,169,54
MB,2h,0.65,3.0,1.0,5.1264,5.4146,5.0123,60,164,51
MB,2h,0.55,3.0,1.0,9.9659,5.405,6.022,64,169,54
MB,2h,0.675,2.0,0.125,4.7091,5.3635,4.8012,58,164,49
MB,2h,0.675,3.0,0.125,4.7091,5.3635,4.8012,58,164,49
MB,2h,0.675,4.0,0.125,4.7091,5.3635,4.8012,58,164,49
MB,2h,0.675,5.0,0.125,4.7091,5.3635,4.8012,58,164,49
MB,2h,0.675,7.0,0.125,4.7091,5.3635,4.8012,58,164,49
MB,2h,0.675,10.0,0.125,4.7091,5.3635,4.8012,58,164,49
MB,2h,0.7,10.0,1.0,6.2885,5.3561,7.2528,56,159,50
MB,2h,0.625,2.0,0.125,4.156,5.3255,7.4441,61,166,53
MB,2h,0.625,3.0,0.125,4.156,5.3255,7.4441,61,166,53
MB,2h,0.625,4.0,0.125,4.156,5.3255,7.4441,61,166,53
MB,2h,0.625,5.0,0.125,4.156,5.3255,7.4441,61,166,53
MB,2h,0.625,7.0,0.125,4.156,5.3255,7.4441,61,166,53
MB,2h,0.625,10.0,0.125,4.156,5.3255,7.4441,61,166,53
MB,2h,0.65,2.0,0.125,4.3358,5.3211,5.4371,60,164,51
MB,2h,0.65,3.0,0.125,4.3358,5.3211,5.4371,60,164,51
MB,2h,0.65,4.0,0.125,4.3358,5.3211,5.4371,60,164,51
MB,2h,0.65,5.0,0.125,4.3358,5.3211,5.4371,60,164,51
MB,2h,0.65,7.0,0.125,4.3358,5.3211,5.4371,60,164,51
MB,2h,0.65,10.0,0.125,4.3358,5.3211,5.4371,60,164,51
MB,2h,0.575,2.0,0.125,4.7044,5.3176,8.6487,65,169,54
MB,2h,0.575,3.0,0.125,4.7044,5.3176,8.6487,65,169,54
MB,2h,0.575,4.0,0.125,4.7044,5.3176,8.6487,65,169,54
MB,2h,0.575,5.0,0.125,4.7044,5.3176,8.6487,65,169,54
MB,2h,0.575,7.0,0.125,4.7044,5.3176,8.6487,65,169,54
MB,2h,0.575,10.0,0.125,4.7044,5.3176,8.6487,65,169,54
MB,2h,0.375,7.0,2.0,8.7991,5.259,4.1176,68,182,73
MB,2h,0.65,4.0,1.0,5.8351,5.2439,4.7764,60,164,51
MB,2h,0.675,4.0,1.0,5.9826,5.2292,5.1116,58,164,49
MB,2h,0.6,3.0,1.0,8.261,5.226,4.6676,63,168,53
MB,2h,0.7,3.0,1.0,5.4439,5.2218,5.8196,56,159,50
MB,2h,0.575,2.0,1.0,8.0898,5.2034,6.3582,65,169,54
MB,2h,0.4,2.0,0.125,6.4413,5.1264,7.1916,66,178,71
MB,2h,0.4,3.0,0.125,6.4413,5.1264,7.1916,66,178,71
MB,2h,0.4,4.0,0.125,6.4413,5.1264,7.1916,66,178,71
MB,2h,0.4,5.0,0.125,6.4413,5.1264,7.1916,66,178,71
MB,2h,0.4,7.0,0.125,6.4413,5.1264,7.1916,66,178,71
MB,2h,0.4,10.0,0.125,6.4413,5.1264,7.1916,66,178,71
MB,2h,0.575,5.0,1.0,8.4885,5.1098,7.7647,65,169,54
MB,2h,0.3,5.0,2.0,8.6645,5.0697,5.2095,70,187,70
MB,2h,0.7,4.0,1.0,6.4119,5.0365,4.5799,56,159,50
MB,2h,0.7,5.0,1.0,6.274,5.0167,6.2741,56,159,50
MB,2h,0.6,2.0,1.0,8.0934,5.0147,5.0133,63,168,53
MB,2h,0.575,10.0,1.0,8.4563,5.0112,8.5305,65,169,54
MB,2h,0.4,7.0,2.0,10.3039,5.0084,5.7186,66,178,71
MB,2h,0.575,4.0,1.0,7.8633,4.9892,7.1883,65,169,54
MB,2h,0.375,5.0,2.0,8.1946,4.9587,3.0615,68,182,73
MB,2h,0.425,7.0,2.0,11.6909,4.943,7.5603,65,174,68
MB,2h,0.575,7.0,1.0,8.2207,4.9206,8.2961,65,169,54
MB,2h,0.575,3.0,1.0,7.9814,4.9101,6.1742,65,169,54
MB,2h,0.3,4.0,2.0,7.9026,4.7974,4.4821,70,187,70
MB,2h,0.3,2.0,0.125,7.1243,4.7783,7.2271,70,187,70
MB,2h,0.3,3.0,0.125,7.1243,4.7783,7.2271,70,187,70
MB,2h,0.3,4.0,0.125,7.1243,4.7783,7.2271,70,187,70
MB,2h,0.3,5.0,0.125,7.1243,4.7783,7.2271,70,187,70
MB,2h,0.3,7.0,0.125,7.1243,4.7783,7.2271,70,187,70
MB,2h,0.3,10.0,0.125,7.1243,4.7783,7.2271,70,187,70
MB,2h,0.375,3.0,2.0,7.643,4.7742,1.7636,68,182,73
MB,2h,0.425,5.0,2.0,10.6134,4.7669,6.6143,65,174,68
MB,2h,0.625,2.0,1.0,8.305,4.6658,5.0413,61,166,53
MB,2h,0.375,4.0,2.0,7.8174,4.6535,2.6555,68,182,73
MB,2h,0.3,7.0,2.0,9.4795,4.6505,5.1462,70,187,70
MB,2h,0.325,3.0,2.0,6.6036,4.6325,1.4294,70,188,71
MB,2h,0.4,5.0,2.0,9.3193,4.6033,4.6706,66,178,71
MB,2h,0.375,10.0,2.0,8.6877,4.5982,3.7834,68,182,73
MB,2h,0.4,3.0,2.0,8.7239,4.5936,4.1983,66,178,71
MB,2h,0.425,4.0,2.0,11.0784,4.5906,5.7227,65,174,68
MB,2h,0.325,7.0,2.0,7.9366,4.5856,4.1917,70,188,71
MB,2h,0.3,10.0,2.0,9.3131,4.5656,5.665,70,187,70
MB,2h,0.4,4.0,2.0,9.237,4.5361,4.1395,66,178,71
MB,2h,0.3,2.0,2.0,6.686,4.5344,1.0261,70,187,70
MB,2h,0.35,7.0,2.0,7.7851,4.4456,4.6045,71,185,72
MB,2h,0.375,2.0,0.125,7.0342,4.4391,6.8509,68,182,73
MB,2h,0.375,3.0,0.125,7.0342,4.4391,6.8509,68,182,73
MB,2h,0.375,4.0,0.125,7.0342,4.4391,6.8509,68,182,73
MB,2h,0.375,5.0,0.125,7.0342,4.4391,6.8509,68,182,73
MB,2h,0.375,7.0,0.125,7.0342,4.4391,6.8509,68,182,73
MB,2h,0.375,10.0,0.125,7.0342,4.4391,6.8509,68,182,73
MB,2h,0.325,2.0,0.125,6.1776,4.4337,6.5243,70,188,71
MB,2h,0.325,3.0,0.125,6.1776,4.4337,6.5243,70,188,71
MB,2h,0.325,4.0,0.125,6.1776,4.4337,6.5243,70,188,71
MB,2h,0.325,5.0,0.125,6.1776,4.4337,6.5243,70,188,71
MB,2h,0.325,7.0,0.125,6.1776,4.4337,6.5243,70,188,71
MB,2h,0.325,10.0,0.125,6.1776,4.4337,6.5243,70,188,71
MB,2h,0.425,10.0,2.0,11.6124,4.4187,7.5654,65,174,68
MB,2h,0.4,10.0,2.0,10.1529,4.4043,5.4165,66,178,71
MB,2h,0.35,3.0,2.0,6.0583,4.4033,2.2264,71,185,72
MB,2h,0.7,2.0,1.0,6.7208,4.2844,5.1287,56,159,50
MB,2h,0.35,2.0,0.125,7.2135,4.2409,7.0914,71,185,72
MB,2h,0.35,3.0,0.125,7.2135,4.2409,7.0914,71,185,72
MB,2h,0.35,4.0,0.125,7.2135,4.2409,7.0914,71,185,72
MB,2h,0.35,5.0,0.125,7.2135,4.2409,7.0914,71,185,72
MB,2h,0.35,7.0,0.125,7.2135,4.2409,7.0914,71,185,72
MB,2h,0.35,10.0,0.125,7.2135,4.2409,7.0914,71,185,72
MB,2h,0.325,5.0,2.0,7.1772,4.2246,3.2414,70,188,71
MB,2h,0.45,7.0,2.0,11.6902,4.1937,5.4201,65,175,64
MB,2h,0.35,5.0,2.0,7.4089,4.1448,3.5367,71,185,72
MB,2h,0.35,4.0,2.0,6.5702,4.0946,3.3471,71,185,72
MB,2h,0.325,4.0,2.0,6.4919,4.0757,3.1144,70,188,71
MB,2h,0.45,5.0,2.0,10.5788,4.0578,4.9509,65,175,64
MB,2h,0.5,7.0,2.0,7.1137,4.0187,5.6876,62,168,57
MB,2h,0.425,3.0,2.0,10.1584,4.0012,5.851,65,174,68
MB,2h,0.325,10.0,2.0,7.8102,3.9009,3.9143,70,188,71
MB,2h,0.65,2.0,0.083,3.4231,3.8474,3.8781,60,164,51
MB,2h,0.65,3.0,0.083,3.4231,3.8474,3.8781,60,164,51
MB,2h,0.65,4.0,0.083,3.4231,3.8474,3.8781,60,164,51
MB,2h,0.65,5.0,0.083,3.4231,3.8474,3.8781,60,164,51
MB,2h,0.65,7.0,0.083,3.4231,3.8474,3.8781,60,164,51
MB,2h,0.65,10.0,0.083,3.4231,3.8474,3.8781,60,164,51
MB,2h,0.525,10.0,2.0,7.4571,3.8322,6.5293,64,166,58
MB,2h,0.675,2.0,0.083,3.5161,3.8216,3.8734,58,164,49
MB,2h,0.675,3.0,0.083,3.5161,3.8216,3.8734,58,164,49
MB,2h,0.675,4.0,0.083,3.5161,3.8216,3.8734,58,164,49
MB,2h,0.675,5.0,0.083,3.5161,3.8216,3.8734,58,164,49
MB,2h,0.675,7.0,0.083,3.5161,3.8216,3.8734,58,164,49
MB,2h,0.675,10.0,0.083,3.5161,3.8216,3.8734,58,164,49
MB,2h,0.65,2.0,1.0,5.5292,3.8186,4.063,60,164,51
MB,2h,0.375,2.0,2.0,7.7253,3.814,1.038,68,182,73
MB,2h,0.7,2.0,0.083,4.0225,3.8074,4.1169,56,159,50
MB,2h,0.7,3.0,0.083,4.0225,3.8074,4.1169,56,159,50
MB,2h,0.7,4.0,0.083,4.0225,3.8074,4.1169,56,159,50
MB,2h,0.7,5.0,0.083,4.0225,3.8074,4.1169,56,159,50
MB,2h,0.7,7.0,0.083,4.0225,3.8074,4.1169,56,159,50
MB,2h,0.7,10.0,0.083,4.0225,3.8074,4.1169,56,159,50
MB,2h,0.525,5.0,2.0,6.4974,3.7761,5.4785,64,166,58
MB,2h,0.35,10.0,2.0,7.7465,3.7648,4.4168,71,185,72
MB,2h,0.4,2.0,2.0,7.7232,3.7624,2.9015,66,178,71
MB,2h,0.625,2.0,0.083,3.7846,3.7482,4.181,61,166,53
MB,2h,0.625,3.0,0.083,3.7846,3.7482,4.181,61,166,53
MB,2h,0.625,4.0,0.083,3.7846,3.7482,4.181,61,166,53
MB,2h,0.625,5.0,0.083,3.7846,3.7482,4.181,61,166,53
MB,2h,0.625,7.0,0.083,3.7846,3.7482,4.181,61,166,53
MB,2h,0.625,10.0,0.083,3.7846,3.7482,4.181,61,166,53
MB,2h,0.5,5.0,2.0,6.9412,3.711,5.6864,62,168,57
MB,2h,0.525,7.0,2.0,6.6651,3.7033,5.7355,64,166,58
MB,2h,0.45,10.0,2.0,12.0416,3.6966,5.2379,65,175,64
MB,2h,0.675,2.0,1.0,6.2694,3.6762,4.7142,58,164,49
MB,2h,0.325,2.0,2.0,6.6045,3.6653,0.7297,70,188,71
MB,2h,0.625,5.0,2.0,5.7442,3.6109,6.301,61,166,53
MB,2h,0.625,10.0,2.0,7.2036,3.5734,7.6486,61,166,53
MB,2h,0.45,4.0,2.0,10.6389,3.5698,3.5274,65,175,64
MB,2h,0.6,2.0,0.083,3.6513,3.5531,3.7893,63,168,53
MB,2h,0.6,3.0,0.083,3.6513,3.5531,3.7893,63,168,53
MB,2h,0.6,4.0,0.083,3.6513,3.5531,3.7893,63,168,53
MB,2h,0.6,5.0,0.083,3.6513,3.5531,3.7893,63,168,53
MB,2h,0.6,7.0,0.083,3.6513,3.5531,3.7893,63,168,53
MB,2h,0.6,10.0,0.083,3.6513,3.5531,3.7893,63,168,53
MB,2h,0.5,3.0,2.0,6.6552,3.5189,4.9252,62,168,57
MB,2h,0.5,4.0,2.0,6.4426,3.5188,4.55,62,168,57
MB,2h,0.5,2.0,0.083,3.947,3.451,3.953,62,168,57
MB,2h,0.5,3.0,0.083,3.947,3.451,3.953,62,168,57
MB,2h,0.5,4.0,0.083,3.947,3.451,3.953,62,168,57
MB,2h,0.5,5.0,0.083,3.947,3.451,3.953,62,168,57
MB,2h,0.5,7.0,0.083,3.947,3.451,3.953,62,168,57
MB,2h,0.5,10.0,0.083,3.947,3.451,3.953,62,168,57
MB,2h,0.625,7.0,2.0,6.322,3.4285,7.2073,61,166,53
MB,2h,0.525,2.0,0.083,3.8938,3.4268,3.9751,64,166,58
MB,2h,0.525,3.0,0.083,3.8938,3.4268,3.9751,64,166,58
MB,2h,0.525,4.0,0.083,3.8938,3.4268,3.9751,64,166,58
MB,2h,0.525,5.0,0.083,3.8938,3.4268,3.9751,64,166,58
MB,2h,0.525,7.0,0.083,3.8938,3.4268,3.9751,64,166,58
MB,2h,0.525,10.0,0.083,3.8938,3.4268,3.9751,64,166,58
MB,2h,0.5,10.0,2.0,7.9428,3.4245,6.6706,62,168,57
MB,2h,0.425,2.0,2.0,8.9818,3.4002,5.4529,65,174,68
MB,2h,0.525,3.0,2.0,5.907,3.3867,4.57,64,166,58
MB,2h,0.675,10.0,2.0,3.6921,3.376,5.0591,58,164,49
MB,2h,0.525,2.0,2.0,5.8331,3.3723,3.6936,64,166,58
MB,2h,0.675,7.0,2.0,3.6982,3.3713,4.771,58,164,49
MB,2h,0.5,2.0,2.0,6.0487,3.3498,3.3506,62,168,57
MB,2h,0.55,2.0,0.083,3.8927,3.3486,3.4408,64,169,54
MB,2h,0.55,3.0,0.083,3.8927,3.3486,3.4408,64,169,54
MB,2h,0.55,4.0,0.083,3.8927,3.3486,3.4408,64,169,54
MB,2h,0.55,5.0,0.083,3.8927,3.3486,3.4408,64,169,54
MB,2h,0.55,7.0,0.083,3.8927,3.3486,3.4408,64,169,54
MB,2h,0.55,10.0,0.083,3.8927,3.3486,3.4408,64,169,54
MB,2h,0.475,2.0,0.083,4.3038,3.3032,4.3665,63,171,63
MB,2h,0.475,3.0,0.083,4.3038,3.3032,4.3665,63,171,63
MB,2h,0.475,4.0,0.083,4.3038,3.3032,4.3665,63,171,63
MB,2h,0.475,5.0,0.083,4.3038,3.3032,4.3665,63,171,63
MB,2h,0.475,7.0,0.083,4.3038,3.3032,4.3665,63,171,63
MB,2h,0.475,10.0,0.083,4.3038,3.3032,4.3665,63,171,63
MB,2h,0.575,2.0,0.083,3.81,3.2962,3.4355,65,169,54
MB,2h,0.575,3.0,0.083,3.81,3.2962,3.4355,65,169,54
MB,2h,0.575,4.0,0.083,3.81,3.2962,3.4355,65,169,54
MB,2h,0.575,5.0,0.083,3.81,3.2962,3.4355,65,169,54
MB,2h,0.575,7.0,0.083,3.81,3.2962,3.4355,65,169,54
MB,2h,0.575,10.0,0.083,3.81,3.2962,3.4355,65,169,54
MB,2h,0.45,3.0,2.0,9.7313,3.247,3.6364,65,175,64
MB,2h,0.4,2.0,0.083,3.9696,3.2342,5.1557,66,178,71
MB,2h,0.4,3.0,0.083,3.9696,3.2342,5.1557,66,178,71
MB,2h,0.4,4.0,0.083,3.9696,3.2342,5.1557,66,178,71
MB,2h,0.4,5.0,0.083,3.9696,3.2342,5.1557,66,178,71
MB,2h,0.4,7.0,0.083,3.9696,3.2342,5.1557,66,178,71
MB,2h,0.4,10.0,0.083,3.9696,3.2342,5.1557,66,178,71
MB,2h,0.35,2.0,0.083,4.2151,3.2112,5.3405,71,185,72
MB,2h,0.35,3.0,0.083,4.2151,3.2112,5.3405,71,185,72
MB,2h,0.35,4.0,0.083,4.2151,3.2112,5.3405,71,185,72
MB,2h,0.35,5.0,0.083,4.2151,3.2112,5.3405,71,185,72
MB,2h,0.35,7.0,0.083,4.2151,3.2112,5.3405,71,185,72
MB,2h,0.35,10.0,0.083,4.2151,3.2112,5.3405,71,185,72
MB,2h,0.375,2.0,0.083,4.1064,3.1981,5.4407,68,182,73
MB,2h,0.375,3.0,0.083,4.1064,3.1981,5.4407,68,182,73
MB,2h,0.375,4.0,0.083,4.1064,3.1981,5.4407,68,182,73
MB,2h,0.375,5.0,0.083,4.1064,3.1981,5.4407,68,182,73
MB,2h,0.375,7.0,0.083,4.1064,3.1981,5.4407,68,182,73
MB,2h,0.375,10.0,0.083,4.1064,3.1981,5.4407,68,182,73
MB,2h,0.675,5.0,2.0,4.1135,3.1965,3.1315,58,164,49
MB,2h,0.675,3.0,2.0,2.5533,3.16,3.6527,58,164,49
MB,2h,0.65,5.0,2.0,2.1564,3.1455,3.4959,60,164,51
MB,2h,0.45,2.0,0.083,4.148,3.1298,4.8045,65,175,64
MB,2h,0.45,3.0,0.083,4.148,3.1298,4.8045,65,175,64
MB,2h,0.45,4.0,0.083,4.148,3.1298,4.8045,65,175,64
MB,2h,0.45,5.0,0.083,4.148,3.1298,4.8045,65,175,64
MB,2h,0.45,7.0,0.083,4.148,3.1298,4.8045,65,175,64
MB,2h,0.45,10.0,0.083,4.148,3.1298,4.8045,65,175,64
MB,2h,0.425,2.0,0.083,3.6745,3.1198,5.4546,65,174,68
MB,2h,0.425,3.0,0.083,3.6745,3.1198,5.4546,65,174,68
MB,2h,0.425,4.0,0.083,3.6745,3.1198,5.4546,65,174,68
MB,2h,0.425,5.0,0.083,3.6745,3.1198,5.4546,65,174,68
MB,2h,0.425,7.0,0.083,3.6745,3.1198,5.4546,65,174,68
MB,2h,0.425,10.0,0.083,3.6745,3.1198,5.4546,65,174,68
MB,2h,0.525,4.0,2.0,6.1541,3.1023,4.6459,64,166,58
MB,2h,0.325,2.0,0.083,4.0627,3.0989,5.2018,70,188,71
MB,2h,0.325,3.0,0.083,4.0627,3.0989,5.2018,70,188,71
MB,2h,0.325,4.0,0.083,4.0627,3.0989,5.2018,70,188,71
MB,2h,0.325,5.0,0.083,4.0627,3.0989,5.2018,70,188,71
MB,2h,0.325,7.0,0.083,4.0627,3.0989,5.2018,70,188,71
MB,2h,0.325,10.0,0.083,4.0627,3.0989,5.2018,70,188,71
MB,2h,0.65,10.0,2.0,2.5721,3.0959,5.3635,60,164,51
MB,2h,0.3,2.0,0.083,4.0193,3.0662,5.3229,70,187,70
MB,2h,0.3,3.0,0.083,4.0193,3.0662,5.3229,70,187,70
MB,2h,0.3,4.0,0.083,4.0193,3.0662,5.3229,70,187,70
MB,2h,0.3,5.0,0.083,4.0193,3.0662,5.3229,70,187,70
MB,2h,0.3,7.0,0.083,4.0193,3.0662,5.3229,70,187,70
MB,2h,0.3,10.0,0.083,4.0193,3.0662,5.3229,70,187,70
MB,2h,0.35,2.0,2.0,6.3766,3.0349,1.0936,71,185,72
MB,2h,0.625,4.0,2.0,6.0782,3.001,5.612,61,166,53
MB,2h,0.6,10.0,2.0,6.4514,2.9904,7.4952,63,168,53
MB,2h,0.65,7.0,2.0,2.4433,2.9856,5.2748,60,164,51
MB,2h,0.475,2.0,2.0,4.9614,2.9649,3.2089,63,171,63
MB,2h,0.7,3.0,2.0,2.9837,2.9342,3.7258,56,159,50
MB,2h,0.6,7.0,2.0,5.9387,2.913,6.653,63,168,53
MB,2h,0.475,7.0,2.0,7.1331,2.8816,4.8352,63,171,63
MB,2h,0.55,10.0,2.0,6.3406,2.8772,9.0023,64,169,54
MB,2h,0.7,10.0,2.0,4.5488,2.8135,4.9298,56,159,50
MB,2h,0.55,5.0,2.0,5.3783,2.7675,7.377,64,169,54
MB,2h,0.45,2.0,2.0,8.184,2.7579,2.2262,65,175,64
MB,2h,0.625,3.0,2.0,4.8927,2.7017,4.6127,61,166,53
MB,2h,0.6,4.0,2.0,6.1379,2.687,4.3053,63,168,53
MB,2h,0.55,2.0,2.0,5.9891,2.684,4.5975,64,169,54
MB,2h,0.55,7.0,2.0,5.5592,2.6734,8.1232,64,169,54
MB,2h,0.65,3.0,2.0,1.277,2.6318,2.9006,60,164,51
MB,2h,0.55,4.0,2.0,4.8984,2.6278,6.6536,64,169,54
MB,2h,0.475,5.0,2.0,6.8823,2.6086,4.3135,63,171,63
MB,2h,0.7,7.0,2.0,4.5338,2.556,5.0814,56,159,50
MB,2h,0.6,5.0,2.0,5.5668,2.5023,6.0287,63,168,53
MB,2h,0.675,4.0,2.0,3.5639,2.4733,1.806,58,164,49
MB,2h,0.65,4.0,2.0,2.1466,2.3969,2.2983,60,164,51
MB,2h,0.475,4.0,2.0,6.4986,2.3383,3.3339,63,171,63
MB,2h,0.7,4.0,2.0,4.0881,2.3349,1.0943,56,159,50
MB,2h,0.7,5.0,2.0,4.7272,2.3075,3.4357,56,159,50
MB,2h,0.475,3.0,2.0,6.3678,2.3,3.0549,63,171,63
MB,2h,0.625,2.0,2.0,4.9847,2.2974,3.2106,61,166,53
MB,2h,0.475,10.0,2.0,7.9739,2.2964,4.6578,63,171,63
MB,2h,0.575,10.0,2.0,5.1783,2.2696,9.1149,65,169,54
MB,2h,0.55,3.0,2.0,5.3245,2.2158,6.0327,64,169,54
MB,2h,0.575,7.0,2.0,4.4653,2.0976,8.3055,65,169,54
MB,2h,0.575,2.0,2.0,4.5345,2.0153,5.377,65,169,54
MB,2h,0.6,3.0,2.0,4.4835,1.9851,2.9449,63,168,53
MB,2h,0.6,2.0,2.0,4.6728,1.9676,3.0319,63,168,53
MB,2h,0.575,4.0,2.0,4.0403,1.9242,6.3122,65,169,54
MB,2h,0.7,2.0,2.0,4.192,1.8929,2.4328,56,159,50
MB,2h,0.575,5.0,2.0,4.4521,1.8884,7.6549,65,169,54
MB,2h,0.575,3.0,2.0,4.3046,1.4911,5.583,65,169,54
MB,2h,0.65,2.0,2.0,3.0004,1.3367,2.0156,60,164,51
MB,2h,0.675,2.0,2.0,3.4568,0.9938,1.8875,58,164,49
MB,30m,0.4,10.0,0.167,3.2988,4.2182,3.0369,256,657,282
MB,30m,0.4,5.0,0.167,3.2972,4.217,3.027,256,657,282
MB,30m,0.4,7.0,0.167,3.2988,4.2159,3.0369,256,657,282
MB,30m,0.4,4.0,0.167,3.2404,4.1971,2.9919,256,657,282
MB,30m,0.525,3.0,0.125,3.3347,4.1636,3.0966,241,645,262
MB,30m,0.525,7.0,0.125,3.0842,4.1403,3.2051,241,645,262
MB,30m,0.4,2.0,0.167,3.4331,4.1325,2.7469,256,657,282
MB,30m,0.525,5.0,0.125,3.0833,4.1302,3.1896,241,645,262
MB,30m,0.525,10.0,0.125,3.0842,4.1275,3.2083,241,645,262
MB,30m,0.4,3.0,0.167,3.2618,4.1154,3.0201,256,657,282
MB,30m,0.525,4.0,0.125,3.1757,4.1108,3.1615,241,645,262
MB,30m,0.35,5.0,0.167,3.686,4.0767,2.1557,257,661,290
MB,30m,0.35,10.0,0.167,3.6871,4.0714,2.1649,257,661,290
MB,30m,0.35,7.0,0.167,3.6871,4.0687,2.1649,257,661,290
MB,30m,0.375,10.0,0.167,3.0826,4.0598,2.2297,256,658,288
MB,30m,0.375,5.0,0.167,3.081,4.0581,2.2188,256,658,288
MB,30m,0.375,7.0,0.167,3.0826,4.0577,2.2297,256,658,288
MB,30m,0.35,4.0,0.167,3.6735,4.0571,2.1981,257,661,290
MB,30m,0.3,3.0,0.167,3.5478,4.0556,2.1985,249,665,290
MB,30m,0.375,4.0,0.167,3.0425,4.0424,2.2671,256,658,288
MB,30m,0.35,2.0,0.167,3.7279,4.0402,2.1863,257,661,290
MB,30m,0.35,3.0,0.167,3.5597,4.0147,2.1938,257,661,290
MB,30m,0.325,3.0,0.167,3.7232,4.0125,2.3149,254,669,292
MB,30m,0.3,5.0,0.167,3.6592,4.0117,2.1352,249,665,290
MB,30m,0.3,10.0,0.167,3.6597,4.006,2.1459,249,665,290
MB,30m,0.3,7.0,0.167,3.6597,4.0047,2.1447,249,665,290
MB,30m,0.525,2.0,0.125,2.9732,4.004,3.4747,241,645,262
MB,30m,0.3,4.0,0.167,3.65,4.0015,2.2096,249,665,290
MB,30m,0.325,5.0,0.167,3.8404,3.986,2.2752,254,669,292
MB,30m,0.325,10.0,0.167,3.8417,3.9802,2.2845,254,669,292
MB,30m,0.325,7.0,0.167,3.8417,3.9793,2.2845,254,669,292
MB,30m,0.375,3.0,0.167,2.9461,3.9689,2.3643,256,658,288
MB,30m,0.325,4.0,0.167,3.8328,3.9683,2.3338,254,669,292
MB,30m,0.3,2.0,0.167,3.6693,3.9411,2.2489,249,665,290
MB,30m,0.375,2.0,0.167,3.285,3.9153,2.0033,256,658,288
MB,30m,0.325,2.0,0.167,3.8852,3.8896,2.3331,254,669,292
MB,30m,0.4,5.0,0.125,4.3254,3.8684,3.007,256,657,282
MB,30m,0.4,10.0,0.125,4.3256,3.8635,3.0109,256,657,282
MB,30m,0.4,4.0,0.125,4.301,3.8625,2.9954,256,657,282
MB,30m,0.4,7.0,0.125,4.3256,3.8625,3.0109,256,657,282
MB,30m,0.3,3.0,0.125,4.7283,3.8541,2.0657,249,665,290
MB,30m,0.375,5.0,0.125,4.3144,3.8396,2.2745,256,658,288
MB,30m,0.375,10.0,0.125,4.3146,3.8344,2.2787,256,658,288
MB,30m,0.375,7.0,0.125,4.3146,3.8335,2.2787,256,658,288
MB,30m,0.375,4.0,0.125,4.2953,3.8327,2.3424,256,658,288
MB,30m,0.325,3.0,0.125,4.6356,3.8271,2.4,254,669,292
MB,30m,0.3,5.0,0.125,4.7804,3.8268,2.0124,249,665,290
MB,30m,0.3,4.0,0.125,4.7773,3.8213,2.0909,249,665,290
MB,30m,0.3,10.0,0.125,4.7805,3.816,2.0168,249,665,290
MB,30m,0.3,7.0,0.125,4.7805,3.8158,2.0165,249,665,290
MB,30m,0.4,3.0,0.125,4.3526,3.8126,2.9944,256,657,282
MB,30m,0.325,5.0,0.125,4.6907,3.8082,2.3577,254,669,292
MB,30m,0.3,2.0,0.125,4.7648,3.8067,2.1637,249,665,290
MB,30m,0.325,4.0,0.125,4.6888,3.7995,2.4296,254,669,292
MB,30m,0.325,10.0,0.125,4.691,3.7977,2.3617,254,669,292
MB,30m,0.325,7.0,0.125,4.691,3.7976,2.3617,254,669,292
MB,30m,0.35,2.0,0.125,4.5432,3.7965,2.2605,257,661,290
MB,30m,0.325,2.0,0.125,4.7758,3.7923,2.474,254,669,292
MB,30m,0.4,2.0,0.125,4.3649,3.7885,2.7793,256,657,282
MB,30m,0.375,3.0,0.125,4.2537,3.788,2.3453,256,658,288
MB,30m,0.35,5.0,0.125,4.4923,3.77,2.3014,257,661,290
MB,30m,0.35,4.0,0.125,4.4896,3.7605,2.367,257,661,290
MB,30m,0.35,10.0,0.125,4.4925,3.7597,2.3054,257,661,290
MB,30m,0.35,7.0,0.125,4.4925,3.7587,2.3054,257,661,290
MB,30m,0.35,3.0,0.125,4.4326,3.7444,2.3417,257,661,290
MB,30m,0.425,5.0,0.167,3.0602,3.7415,3.4847,253,652,279
MB,30m,0.425,10.0,0.167,3.0619,3.739,3.4963,253,652,279
MB,30m,0.425,7.0,0.167,3.0619,3.7367,3.4963,253,652,279
MB,30m,0.525,7.0,0.167,2.3537,3.7309,3.4552,241,645,262
MB,30m,0.375,2.0,0.125,4.3359,3.7292,2.0568,256,658,288
MB,30m,0.425,4.0,0.167,3.0334,3.7291,3.4227,253,652,279
MB,30m,0.45,5.0,0.167,2.7684,3.7282,3.2967,250,654,273
MB,30m,0.45,10.0,0.167,2.7729,3.7276,3.3142,250,654,273
MB,30m,0.45,7.0,0.167,2.7729,3.7254,3.3142,250,654,273
MB,30m,0.525,10.0,0.167,2.3538,3.7179,3.4613,241,645,262
MB,30m,0.45,4.0,0.167,2.7473,3.7124,3.2523,250,654,273
MB,30m,0.525,5.0,0.167,2.3464,3.707,3.4132,241,645,262
MB,30m,0.45,3.0,0.167,2.7634,3.7055,3.0413,250,654,273
MB,30m,0.4,2.0,0.25,3.3798,3.6941,2.462,256,657,282
MB,30m,0.55,3.0,0.125,3.2799,3.6835,3.0411,244,642,259
MB,30m,0.525,4.0,0.167,2.4242,3.6669,3.3487,241,645,262
MB,30m,0.4,4.0,0.25,3.3351,3.6491,2.9605,256,657,282
MB,30m,0.4,7.0,0.25,3.3954,3.6491,2.9079,256,657,282
MB,30m,0.475,4.0,0.167,2.9921,3.6421,2.795,248,653,270
MB,30m,0.525,3.0,0.167,2.5592,3.6395,3.2318,241,645,262
MB,30m,0.4,5.0,0.25,3.3789,3.6386,2.8707,256,657,282
MB,30m,0.5,3.0,0.125,3.8451,3.6376,2.5315,245,652,269
MB,30m,0.55,7.0,0.125,3.0405,3.6363,3.0562,244,642,259
MB,30m,0.425,3.0,0.167,3.0452,3.6331,3.3425,253,652,279
MB,30m,0.475,10.0,0.167,2.9109,3.6258,2.8663,248,653,270
MB,30m,0.55,5.0,0.125,3.1425,3.6246,3.0415,244,642,259
MB,30m,0.475,5.0,0.167,2.9037,3.6244,2.8433,248,653,270
MB,30m,0.55,10.0,0.125,3.0405,3.624,3.06,244,642,259
MB,30m,0.475,3.0,0.167,3.0365,3.6201,2.6254,248,653,270
MB,30m,0.475,7.0,0.167,2.9109,3.6196,2.8663,248,653,270
MB,30m,0.5,5.0,0.125,3.7353,3.6113,2.6394,245,652,269
MB,30m,0.4,10.0,0.25,3.3985,3.6102,2.9079,256,657,282
MB,30m,0.55,4.0,0.125,3.1964,3.6102,3.0046,244,642,259
MB,30m,0.5,10.0,0.125,3.7362,3.6078,2.6572,245,652,269
MB,30m,0.5,7.0,0.125,3.7362,3.6063,2.654,245,652,269
MB,30m,0.3,3.0,0.25,3.5913,3.6045,1.701,249,665,290
MB,30m,0.5,4.0,0.125,3.8345,3.6044,2.6249,245,652,269
MB,30m,0.4,3.0,0.25,3.2304,3.5912,2.8581,256,657,282
MB,30m,0.425,2.0,0.167,3.1049,3.5889,3.1097,253,652,279
MB,30m,0.55,2.0,0.125,3.13,3.5814,3.287,244,642,259
MB,30m,0.475,2.0,0.167,2.8784,3.5791,2.398,248,653,270
MB,30m,0.3,7.0,0.25,3.7482,3.571,1.6109,249,665,290
MB,30m,0.3,5.0,0.25,3.7395,3.5691,1.5882,249,665,290
MB,30m,0.45,3.0,0.125,3.5779,3.5683,3.118,250,654,273
MB,30m,0.3,4.0,0.25,3.7042,3.5458,1.6115,249,665,290
MB,30m,0.325,7.0,0.25,3.6743,3.5406,1.704,254,669,292
MB,30m,0.325,5.0,0.25,3.6624,3.5376,1.6812,254,669,292
MB,30m,0.325,3.0,0.25,3.488,3.5364,1.7616,254,669,292
MB,30m,0.3,10.0,0.25,3.7486,3.5339,1.6162,249,665,290
MB,30m,0.525,2.0,0.167,2.1035,3.5298,3.357,241,645,262
MB,30m,0.325,4.0,0.25,3.7549,3.5275,1.8389,254,669,292
MB,30m,0.45,2.0,0.167,2.7658,3.5263,2.8271,250,654,273
MB,30m,0.45,5.0,0.125,3.5518,3.521,3.243,250,654,273
MB,30m,0.5,2.0,0.125,3.6142,3.5203,2.5403,245,652,269
MB,30m,0.35,2.0,0.25,3.3215,3.5193,1.7829,257,661,290
MB,30m,0.35,7.0,0.25,3.5047,3.5176,1.9862,257,661,290
MB,30m,0.35,5.0,0.25,3.4925,3.5164,1.9622,257,661,290
MB,30m,0.45,10.0,0.125,3.5528,3.5156,3.2489,250,654,273
MB,30m,0.45,7.0,0.125,3.5528,3.5147,3.2489,250,654,273
MB,30m,0.55,3.0,0.167,2.1435,3.5139,3.3947,244,642,259
MB,30m,0.45,4.0,0.125,3.5453,3.5136,3.2259,250,654,273
MB,30m,0.55,7.0,0.167,1.9427,3.5077,3.5099,244,642,259
MB,30m,0.35,4.0,0.25,3.5607,3.5042,2.0695,257,661,290
MB,30m,0.325,10.0,0.25,3.675,3.5034,1.704,254,669,292
MB,30m,0.55,10.0,0.167,1.9428,3.4951,3.519,244,642,259
MB,30m,0.5,10.0,0.167,3.1059,3.4916,2.9474,245,652,269
MB,30m,0.5,7.0,0.167,3.1059,3.4867,2.9415,245,652,269
MB,30m,0.35,10.0,0.25,3.5054,3.4836,1.9862,257,661,290
MB,30m,0.5,5.0,0.167,3.099,3.4824,2.9017,245,652,269
MB,30m,0.55,5.0,0.167,2.0328,3.4803,3.4712,244,642,259
MB,30m,0.5,4.0,0.167,3.1918,3.4677,2.8708,245,652,269
MB,30m,0.35,3.0,0.25,3.2734,3.4612,2.0487,257,661,290
MB,30m,0.425,5.0,0.125,4.0582,3.4563,3.2372,253,652,279
MB,30m,0.45,3.0,0.25,2.6303,3.4555,2.2988,250,654,273
MB,30m,0.425,4.0,0.125,4.0506,3.4501,3.2134,253,652,279
MB,30m,0.425,10.0,0.125,4.0584,3.4495,3.2417,253,652,279
MB,30m,0.425,7.0,0.125,4.0584,3.4486,3.2417,253,652,279
MB,30m,0.55,4.0,0.167,2.0907,3.4479,3.3817,244,642,259
MB,30m,0.375,4.0,0.25,3.2192,3.4414,2.284,256,658,288
MB,30m,0.3,2.0,0.25,3.5842,3.436,1.4587,249,665,290
MB,30m,0.375,7.0,0.25,3.2141,3.434,2.1446,256,658,288
MB,30m,0.375,2.0,0.25,3.2167,3.4273,1.7527,256,658,288
MB,30m,0.5,3.0,0.167,3.1788,3.4239,2.7184,245,652,269
MB,30m,0.375,5.0,0.25,3.1968,3.4215,2.1069,256,658,288
MB,30m,0.475,3.0,0.125,3.6934,3.4089,2.3987,248,653,270
MB,30m,0.425,3.0,0.125,4.0898,3.4078,3.2017,253,652,279
MB,30m,0.375,3.0,0.25,2.9485,3.4068,2.2865,256,658,288
MB,30m,0.65,4.0,0.125,3.2475,3.406,3.8247,239,611,238
MB,30m,0.3,3.0,0.5,1.7845,3.3962,0.9582,249,665,290
MB,30m,0.525,5.0,0.25,2.372,3.3952,2.8814,241,645,262
MB,30m,0.525,7.0,0.25,2.3302,3.3952,2.7542,241,645,262
MB,30m,0.375,10.0,0.25,3.2155,3.394,2.1446,256,658,288
MB,30m,0.525,10.0,0.25,2.3324,3.3921,2.7687,241,645,262
MB,30m,0.3,7.0,0.5,1.9158,3.3895,1.029,249,665,290
MB,30m,0.625,3.0,0.125,3.478,3.3868,3.3686,246,612,240
MB,30m,0.4,7.0,0.5,2.2249,3.3835,2.2408,256,657,282
MB,30m,0.4,4.0,0.5,2.3378,3.3775,2.1839,256,657,282
MB,30m,0.325,2.0,0.25,3.5133,3.3766,1.522,254,669,292
MB,30m,0.325,7.0,0.5,2.1755,3.3762,1.259,254,669,292
MB,30m,0.5,2.0,0.167,2.8845,3.3738,2.4772,245,652,269
MB,30m,0.45,4.0,0.25,2.7074,3.37,2.7374,250,654,273
MB,30m,0.475,5.0,0.125,3.565,3.3663,2.5407,248,653,270
MB,30m,0.475,4.0,0.125,3.6659,3.3657,2.5183,248,653,270
MB,30m,0.325,3.0,0.5,1.9546,3.3616,1.1483,254,669,292
MB,30m,0.475,10.0,0.125,3.5671,3.3614,2.5481,248,653,270
MB,30m,0.475,7.0,0.125,3.5671,3.3592,2.5481,248,653,270
MB,30m,0.45,2.0,0.125,3.4627,3.3574,2.9067,250,654,273
MB,30m,0.3,5.0,0.5,1.9431,3.347,0.9737,249,665,290
MB,30m,0.45,7.0,0.25,2.7386,3.3459,2.669,250,654,273
MB,30m,0.65,10.0,0.125,3.211,3.3415,3.7595,239,611,238
MB,30m,0.55,2.0,0.167,1.9792,3.3414,3.3789,244,642,259
MB,30m,0.425,2.0,0.125,4.0241,3.34,2.9555,253,652,279
MB,30m,0.65,7.0,0.125,3.2092,3.3374,3.7589,239,611,238
MB,30m,0.625,4.0,0.125,3.2115,3.3373,3.5888,246,612,240
MB,30m,0.525,4.0,0.25,2.5642,3.3369,2.7362,241,645,262
MB,30m,0.4,10.0,0.5,2.0121,3.3359,2.1895,256,657,282
MB,30m,0.65,3.0,0.125,3.3734,3.3346,3.8261,239,611,238
MB,30m,0.7,5.0,0.125,3.4783,3.3321,3.395,230,597,229
MB,30m,0.45,5.0,0.25,2.7982,3.332,2.6039,250,654,273
MB,30m,0.325,5.0,0.5,2.1874,3.3314,1.2017,254,669,292
MB,30m,0.65,5.0,0.125,3.2993,3.3204,3.7121,239,611,238
MB,30m,0.425,4.0,0.25,3.0622,3.3148,2.9508,253,652,279
MB,30m,0.575,3.0,0.125,3.4289,3.3131,3.488,243,633,255
MB,30m,0.7,4.0,0.125,3.6138,3.3129,3.368,230,597,229
MB,30m,0.675,5.0,0.125,2.8962,3.309,3.6563,237,606,233
MB,30m,0.45,10.0,0.25,2.7401,3.3072,2.6691,250,654,273
MB,30m,0.425,3.0,0.25,2.9586,3.3058,2.7023,253,652,279
MB,30m,0.575,4.0,0.125,3.336,3.2994,3.5367,243,633,255
MB,30m,0.375,4.0,0.5,1.8368,3.2939,1.4742,256,658,288
MB,30m,0.625,10.0,0.125,3.1212,3.2913,3.6486,246,612,240
MB,30m,0.475,2.0,0.125,3.5215,3.289,2.4175,248,653,270
MB,30m,0.625,7.0,0.125,3.1206,3.2883,3.6481,246,612,240
MB,30m,0.675,4.0,0.125,2.8385,3.2821,3.6453,237,606,233
MB,30m,0.4,5.0,0.5,2.3637,3.2814,2.0871,256,657,282
MB,30m,0.325,4.0,0.5,2.4584,3.2801,1.4836,254,669,292
MB,30m,0.425,7.0,0.25,3.1008,3.2767,2.9028,253,652,279
MB,30m,0.625,5.0,0.125,3.2139,3.2761,3.6293,246,612,240
MB,30m,0.625,2.0,0.125,3.2078,3.2753,3.7262,246,612,240
MB,30m,0.425,5.0,0.25,3.0826,3.2667,2.8613,253,652,279
MB,30m,0.3,10.0,0.5,1.6781,3.2645,1.0595,249,665,290
MB,30m,0.525,3.0,0.25,2.6988,3.2572,2.3997,241,645,262
MB,30m,0.35,7.0,0.5,2.0709,3.2538,1.624,257,661,290
MB,30m,0.325,10.0,0.5,1.9479,3.2519,1.2695,254,669,292
MB,30m,0.45,7.0,0.5,1.9851,3.2407,1.8608,250,654,273
MB,30m,0.3,4.0,0.5,1.9829,3.2396,1.1304,249,665,290
MB,30m,0.425,10.0,0.25,3.1011,3.2378,2.9028,253,652,279
MB,30m,0.575,7.0,0.125,3.2715,3.2348,3.6372,243,633,255
MB,30m,0.7,10.0,0.125,3.4363,3.2306,3.2913,230,597,229
MB,30m,0.675,10.0,0.125,2.8336,3.2281,3.5501,237,606,233
MB,30m,0.7,7.0,0.125,3.435,3.2253,3.2797,230,597,229
MB,30m,0.675,7.0,0.125,2.8318,3.2245,3.5386,237,606,233
MB,30m,0.575,10.0,0.125,3.2715,3.2187,3.641,243,633,255
MB,30m,0.575,5.0,0.125,3.3748,3.2148,3.6223,243,633,255
MB,30m,0.675,5.0,0.167,1.9651,3.214,4.0206,237,606,233
MB,30m,0.35,5.0,0.5,2.2386,3.2097,1.5461,257,661,290
MB,30m,0.7,5.0,0.167,2.2522,3.2004,3.5707,230,597,229
MB,30m,0.375,7.0,0.5,1.6854,3.2001,1.3636,256,658,288
MB,30m,0.425,2.0,0.25,2.9664,3.1976,2.2651,253,652,279
MB,30m,0.35,4.0,0.5,2.3118,3.1963,1.6368,257,661,290
MB,30m,0.45,10.0,0.5,1.7724,3.19,1.8266,250,654,273
MB,30m,0.675,3.0,0.125,2.8357,3.1893,3.5674,237,606,233
MB,30m,0.35,5.0,0.083,3.1672,3.1845,2.1902,257,661,290
MB,30m,0.35,3.0,0.083,3.1565,3.1844,2.2615,257,661,290
MB,30m,0.35,10.0,0.083,3.1672,3.1844,2.1913,257,661,290
MB,30m,0.35,7.0,0.083,3.1672,3.1843,2.1913,257,661,290
MB,30m,0.35,4.0,0.083,3.1669,3.1839,2.2667,257,661,290
MB,30m,0.35,3.0,0.5,1.8974,3.1837,1.3968,257,661,290
MB,30m,0.35,2.0,0.083,3.1745,3.1793,2.2382,257,661,290
MB,30m,0.4,3.0,0.5,2.1675,3.179,1.9031,256,657,282
MB,30m,0.375,10.0,0.5,1.4715,3.1785,1.3747,256,658,288
MB,30m,0.575,2.0,0.125,3.2921,3.1785,3.7032,243,633,255
MB,30m,0.45,2.0,0.25,2.5118,3.1759,1.9948,250,654,273
MB,30m,0.7,3.0,0.125,3.3986,3.1713,3.7934,230,597,229
MB,30m,0.4,2.0,0.083,2.9828,3.159,2.8976,256,657,282
MB,30m,0.4,5.0,0.083,2.9989,3.1503,3.0376,256,657,282
MB,30m,0.4,10.0,0.083,2.9989,3.1502,3.0386,256,657,282
MB,30m,0.4,7.0,0.083,2.9989,3.1501,3.0386,256,657,282
MB,30m,0.4,4.0,0.083,2.9952,3.149,3.0375,256,657,282
MB,30m,0.475,5.0,0.25,2.7573,3.1467,2.7123,248,653,270
MB,30m,0.475,4.0,0.25,2.7756,3.146,2.6659,248,653,270
MB,30m,0.45,4.0,0.5,1.9471,3.1457,1.7858,250,654,273
MB,30m,0.55,3.0,0.25,2.38,3.1456,2.4772,244,642,259
MB,30m,0.7,7.0,0.167,2.2113,3.1428,3.5027,230,597,229
MB,30m,0.4,3.0,0.083,2.9871,3.1422,3.0291,256,657,282
MB,30m,0.35,10.0,0.5,1.8494,3.1378,1.6349,257,661,290
MB,30m,0.375,5.0,0.5,1.8434,3.137,1.1767,256,658,288
MB,30m,0.675,4.0,0.167,1.8599,3.1344,4.0238,237,606,233
MB,30m,0.625,3.0,0.167,2.6866,3.133,3.4216,246,612,240
MB,30m,0.65,4.0,0.167,2.3562,3.1326,3.9775,239,611,238
MB,30m,0.7,10.0,0.167,2.2178,3.132,3.5255,230,597,229
MB,30m,0.375,3.0,0.5,1.5043,3.1304,1.3727,256,658,288
MB,30m,0.475,10.0,0.25,2.7092,3.1285,2.5869,248,653,270
MB,30m,0.7,4.0,0.167,2.4139,3.1268,3.5535,230,597,229
MB,30m,0.55,5.0,0.25,2.3122,3.1229,2.7874,244,642,259
MB,30m,0.5,10.0,0.25,2.8719,3.1218,2.3147,245,652,269
MB,30m,0.575,3.0,0.167,2.5907,3.1198,3.8971,243,633,255
MB,30m,0.475,3.0,0.25,2.8297,3.1189,2.281,248,653,270
MB,30m,0.475,7.0,0.25,2.7078,3.1117,2.5868,248,653,270
MB,30m,0.55,7.0,0.25,2.0107,3.111,2.699,244,642,259
MB,30m,0.55,10.0,0.25,2.0132,3.1068,2.7234,244,642,259
MB,30m,0.5,7.0,0.25,2.8704,3.1064,2.3034,245,652,269
MB,30m,0.65,5.0,0.167,2.4257,3.1058,3.8563,239,611,238
MB,30m,0.4,2.0,0.5,2.3672,3.1053,1.3126,256,657,282
MB,30m,0.625,4.0,0.167,2.4318,3.1025,3.7205,246,612,240
MB,30m,0.675,10.0,0.167,1.8956,3.1014,3.9649,237,606,233
MB,30m,0.45,5.0,0.5,2.2016,3.1013,1.7411,250,654,273
MB,30m,0.575,4.0,0.167,2.5307,3.1002,4.0092,243,633,255
MB,30m,0.5,5.0,0.25,2.9138,3.0983,2.4365,245,652,269
MB,30m,0.5,4.0,0.25,3.1356,3.0966,2.3672,245,652,269
MB,30m,0.6,4.0,0.125,3.4535,3.0948,3.7295,241,627,250
MB,30m,0.6,3.0,0.125,3.7544,3.0932,3.5997,241,627,250
MB,30m,0.675,7.0,0.167,1.8903,3.0925,3.9428,237,606,233
MB,30m,0.65,10.0,0.167,2.3565,3.0866,3.9544,239,611,238
MB,30m,0.65,3.0,0.167,2.5158,3.0848,3.8516,239,611,238
MB,30m,0.625,10.0,0.167,2.3602,3.0833,3.8641,246,612,240
MB,30m,0.425,7.0,0.5,1.9697,3.0779,2.4111,253,652,279
MB,30m,0.65,7.0,0.167,2.3512,3.0758,3.9503,239,611,238
MB,30m,0.625,7.0,0.167,2.3579,3.0755,3.8608,246,612,240
MB,30m,0.5,4.0,0.083,3.0205,3.0751,3.1351,245,652,269
MB,30m,0.525,2.0,0.25,2.0613,3.0725,2.4643,241,645,262
MB,30m,0.5,10.0,0.083,3.0164,3.0719,3.1388,245,652,269
MB,30m,0.5,7.0,0.083,3.0164,3.0718,3.1378,245,652,269
MB,30m,0.325,3.0,0.083,3.2057,3.0707,2.0163,254,669,292
MB,30m,0.5,5.0,0.083,3.0164,3.0705,3.1348,245,652,269
MB,30m,0.45,3.0,0.5,1.6903,3.0693,1.0973,250,654,273
MB,30m,0.625,5.0,0.167,2.4345,3.0639,3.8082,246,612,240
MB,30m,0.325,5.0,0.083,3.2168,3.0627,1.9438,254,669,292
MB,30m,0.325,7.0,0.083,3.2168,3.0625,1.9449,254,669,292
MB,30m,0.325,10.0,0.083,3.2168,3.0625,1.9449,254,669,292
MB,30m,0.325,4.0,0.083,3.2167,3.0621,2.0212,254,669,292
MB,30m,0.5,3.0,0.083,3.0168,3.0526,3.0917,245,652,269
MB,30m,0.45,4.0,0.083,2.6127,3.052,3.0056,250,654,273
MB,30m,0.45,10.0,0.083,2.6133,3.0486,3.0102,250,654,273
MB,30m,0.45,7.0,0.083,2.6133,3.0485,3.0102,250,654,273
MB,30m,0.6,2.0,0.125,3.4195,3.0484,3.8757,241,627,250
MB,30m,0.5,2.0,0.083,2.9366,3.0476,3.2037,245,652,269
MB,30m,0.45,5.0,0.083,2.6133,3.0472,3.0092,250,654,273
MB,30m,0.525,4.0,0.083,2.9023,3.0459,3.5242,241,645,262
MB,30m,0.525,3.0,0.083,2.8972,3.0454,3.4783,241,645,262
MB,30m,0.5,3.0,0.25,3.086,3.0443,1.9836,245,652,269
MB,30m,0.525,10.0,0.083,2.8989,3.0431,3.5294,241,645,262
MB,30m,0.525,7.0,0.083,2.8989,3.0429,3.5285,241,645,262
MB,30m,0.525,5.0,0.083,2.8989,3.0418,3.5254,241,645,262
MB,30m,0.55,4.0,0.25,2.3267,3.0417,2.5884,244,642,259
MB,30m,0.575,7.0,0.167,2.4851,3.0417,4.1896,243,633,255
MB,30m,0.675,3.0,0.167,1.724,3.0407,3.8451,237,606,233
MB,30m,0.45,3.0,0.083,2.5957,3.0385,2.9911,250,654,273
MB,30m,0.45,2.0,0.083,2.5893,3.0292,2.8452,250,654,273
MB,30m,0.425,10.0,0.5,1.7337,3.0289,2.3634,253,652,279
MB,30m,0.575,5.0,0.167,2.5824,3.0287,4.1491,243,633,255
MB,30m,0.325,2.0,0.083,3.2545,3.027,1.9997,254,669,292
MB,30m,0.575,10.0,0.167,2.4852,3.0269,4.1992,243,633,255
MB,30m,0.625,2.0,0.167,2.3245,3.0246,3.5248,246,612,240
MB,30m,0.35,2.0,0.5,2.1442,3.0237,1.1027,257,661,290
MB,30m,0.525,2.0,0.083,2.849,3.0177,3.9704,241,645,262
MB,30m,0.375,5.0,0.083,3.1497,3.0153,2.4268,256,658,288
MB,30m,0.375,10.0,0.083,3.1497,3.0152,2.4278,256,658,288
MB,30m,0.375,7.0,0.083,3.1497,3.0151,2.4278,256,658,288
MB,30m,0.6,10.0,0.125,3.3485,3.0146,3.8401,241,627,250
MB,30m,0.375,4.0,0.083,3.1466,3.0139,2.5007,256,658,288
MB,30m,0.6,7.0,0.125,3.3485,3.012,3.8396,241,627,250
MB,30m,0.375,3.0,0.083,3.1391,3.0111,2.4931,256,658,288
MB,30m,0.6,5.0,0.125,3.4455,3.0043,3.8246,241,627,250
MB,30m,0.375,2.0,0.083,3.1431,2.995,2.3161,256,658,288
MB,30m,0.425,4.0,0.5,2.0148,2.9851,2.3027,253,652,279
MB,30m,0.7,3.0,0.167,2.0261,2.9781,3.8915,230,597,229
MB,30m,0.65,2.0,0.125,3.2634,2.9775,4.3318,239,611,238
MB,30m,0.3,2.0,0.5,1.8966,2.9768,0.3771,249,665,290
MB,30m,0.475,2.0,0.25,2.6655,2.9721,1.9096,248,653,270
MB,30m,0.425,5.0,0.5,2.0859,2.9561,2.3238,253,652,279
MB,30m,0.6,4.0,0.167,2.626,2.9467,4.1761,241,627,250
MB,30m,0.475,10.0,0.5,1.661,2.9447,1.16,248,653,270
MB,30m,0.575,2.0,0.167,2.431,2.9349,3.9603,243,633,255
MB,30m,0.425,2.0,0.083,2.8908,2.9294,2.8568,253,652,279
MB,30m,0.425,4.0,0.083,2.8908,2.9281,3.0248,253,652,279
MB,30m,0.7,5.0,0.25,2.1929,2.9276,2.7856,230,597,229
MB,30m,0.425,10.0,0.083,2.8915,2.9237,3.0294,253,652,279
MB,30m,0.425,7.0,0.083,2.8915,2.9236,3.0294,253,652,279
MB,30m,0.6,3.0,0.167,2.9412,2.9227,3.9647,241,627,250
MB,30m,0.425,5.0,0.083,2.8915,2.9225,3.0284,253,652,279
MB,30m,0.425,3.0,0.083,2.8767,2.9134,3.0215,253,652,279
MB,30m,0.375,2.0,0.5,1.8812,2.9042,0.7012,256,658,288
MB,30m,0.475,7.0,0.5,1.8815,2.8985,1.1768,248,653,270
MB,30m,0.475,4.0,0.083,2.8151,2.897,2.8083,248,653,270
MB,30m,0.55,2.0,0.25,1.9712,2.8937,2.3251,244,642,259
MB,30m,0.7,4.0,0.083,3.2455,2.8924,3.247,230,597,229
MB,30m,0.475,10.0,0.083,2.8109,2.8906,2.8099,248,653,270
MB,30m,0.475,7.0,0.083,2.8109,2.8905,2.8099,248,653,270
MB,30m,0.475,5.0,0.083,2.8107,2.8897,2.8088,248,653,270
MB,30m,0.6,10.0,0.167,2.5344,2.8826,4.3837,241,627,250
MB,30m,0.475,2.0,0.083,2.7608,2.8824,2.8387,248,653,270
MB,30m,0.6,2.0,0.167,2.5067,2.8777,3.9927,241,627,250
MB,30m,0.6,5.0,0.167,2.6193,2.8775,4.3353,241,627,250
MB,30m,0.6,7.0,0.167,2.5342,2.8761,4.3805,241,627,250
MB,30m,0.475,3.0,0.083,2.8165,2.876,2.7821,248,653,270
MB,30m,0.7,7.0,0.25,2.2089,2.8692,2.8087,230,597,229
MB,30m,0.5,2.0,0.25,2.743,2.8653,1.6523,245,652,269
MB,30m,0.7,10.0,0.083,3.2744,2.8618,3.2813,230,597,229
MB,30m,0.7,7.0,0.083,3.2742,2.8608,3.2782,230,597,229
MB,30m,0.475,5.0,0.5,2.0686,2.8597,1.3938,248,653,270
MB,30m,0.7,5.0,0.083,3.2628,2.859,3.2773,230,597,229
MB,30m,0.3,3.0,0.083,3.2253,2.8519,1.7982,249,665,290
MB,30m,0.7,10.0,0.25,2.1883,2.8435,2.7355,230,597,229
MB,30m,0.3,4.0,0.083,3.2365,2.842,1.7994,249,665,290
MB,30m,0.3,5.0,0.083,3.237,2.842,1.7199,249,665,290
MB,30m,0.3,7.0,0.083,3.237,2.8417,1.721,249,665,290
MB,30m,0.3,10.0,0.083,3.237,2.8417,1.721,249,665,290
MB,30m,0.7,3.0,0.083,3.2638,2.8328,3.8683,230,597,229
MB,30m,0.3,2.0,0.083,3.2515,2.8272,1.8059,249,665,290
MB,30m,0.325,2.0,0.5,2.2554,2.827,0.6012,254,669,292
MB,30m,0.475,4.0,0.5,1.8914,2.8183,1.232,248,653,270
MB,30m,0.55,2.0,0.083,2.9666,2.8029,3.7666,244,642,259
MB,30m,0.65,2.0,0.167,2.3277,2.7773,4.2153,239,611,238
MB,30m,0.55,3.0,0.083,2.8602,2.7677,3.2719,244,642,259
MB,30m,0.7,4.0,0.25,2.3232,2.7664,2.6181,230,597,229
MB,30m,0.625,2.0,0.083,3.2112,2.7534,4.211,246,612,240
MB,30m,0.425,3.0,0.5,1.9852,2.7408,1.5947,253,652,279
MB,30m,0.55,4.0,0.083,2.8677,2.7305,3.2769,244,642,259
MB,30m,0.55,10.0,0.083,2.8645,2.7252,3.2846,244,642,259
MB,30m,0.55,7.0,0.083,2.8645,2.7251,3.2837,244,642,259
MB,30m,0.5,10.0,0.5,1.9061,2.7248,1.1724,245,652,269
MB,30m,0.55,5.0,0.083,2.8698,2.7234,3.2806,244,642,259
MB,30m,0.625,3.0,0.083,3.2775,2.7078,3.6513,246,612,240
MB,30m,0.675,2.0,0.125,3.0212,2.7002,4.1678,237,606,233
MB,30m,0.7,2.0,0.083,3.4853,2.6752,3.8249,230,597,229
MB,30m,0.5,7.0,0.5,1.8564,2.6706,1.1635,245,652,269
MB,30m,0.7,2.0,0.125,3.5972,2.6633,3.8566,230,597,229
MB,30m,0.675,5.0,0.25,1.8407,2.6602,3.1837,237,606,233
MB,30m,0.475,3.0,0.5,1.8844,2.6587,0.4756,248,653,270
MB,30m,0.675,3.0,0.083,2.7989,2.6573,3.7239,237,606,233
MB,30m,0.525,10.0,0.5,1.356,2.655,1.5541,241,645,262
MB,30m,0.575,3.0,0.25,2.7581,2.6541,2.8483,243,633,255
MB,30m,0.625,5.0,0.083,3.0785,2.6504,3.7747,246,612,240
MB,30m,0.575,4.0,0.25,2.8134,2.6473,3.1337,243,633,255
MB,30m,0.625,10.0,0.083,3.0754,2.6468,3.7784,246,612,240
MB,30m,0.625,7.0,0.083,3.0754,2.6463,3.7784,246,612,240
MB,30m,0.675,4.0,0.083,2.7822,2.6431,3.6509,237,606,233
MB,30m,0.65,3.0,0.083,3.2447,2.6416,4.1044,239,611,238
MB,30m,0.675,10.0,0.083,2.8087,2.6387,3.6828,237,606,233
MB,30m,0.675,7.0,0.083,2.8085,2.6379,3.6797,237,606,233
MB,30m,0.675,5.0,0.083,2.8016,2.6373,3.6787,237,606,233
MB,30m,0.625,4.0,0.083,3.0982,2.6305,3.7691,246,612,240
MB,30m,0.525,7.0,0.5,1.4364,2.6289,1.5275,241,645,262
MB,30m,0.65,4.0,0.083,3.1152,2.6166,4.0488,239,611,238
MB,30m,0.65,5.0,0.083,3.1094,2.6072,4.0546,239,611,238
MB,30m,0.65,10.0,0.083,3.1079,2.6058,4.0611,239,611,238
MB,30m,0.65,7.0,0.083,3.1077,2.6052,4.0611,239,611,238
MB,30m,0.575,7.0,0.25,2.5901,2.6021,3.3074,243,633,255
MB,30m,0.575,5.0,0.25,2.9096,2.6019,3.3777,243,633,255
MB,30m,0.575,10.0,0.25,2.5939,2.5949,3.3395,243,633,255
MB,30m,0.675,4.0,0.25,1.6688,2.5933,3.0612,237,606,233
MB,30m,0.65,4.0,0.25,2.1669,2.5926,3.199,239,611,238
MB,30m,0.7,3.0,0.25,1.8066,2.5885,2.6774,230,597,229
MB,30m,0.675,7.0,0.25,1.8379,2.5826,3.173,237,606,233
MB,30m,0.675,10.0,0.25,1.8053,2.5771,3.0883,237,606,233
MB,30m,0.45,2.0,0.5,1.352,2.5769,0.6083,250,654,273
MB,30m,0.5,5.0,0.5,2.0517,2.5763,1.36,245,652,269
MB,30m,0.675,2.0,0.167,1.9608,2.5744,4.201,237,606,233
MB,30m,0.625,4.0,0.25,2.4021,2.5738,3.0849,246,612,240
MB,30m,0.65,5.0,0.25,2.3338,2.5542,3.2746,239,611,238
MB,30m,0.65,7.0,0.25,2.3113,2.553,3.4206,239,611,238
MB,30m,0.65,10.0,0.25,2.2751,2.5512,3.309,239,611,238
MB,30m,0.525,5.0,0.5,1.5172,2.5436,1.7145,241,645,262
MB,30m,0.65,2.0,0.083,3.2527,2.5322,4.4471,239,611,238
MB,30m,0.625,10.0,0.25,2.384,2.5281,3.3051,246,612,240
MB,30m,0.5,4.0,0.5,2.0964,2.5195,1.0576,245,652,269
MB,30m,0.575,3.0,0.083,3.0987,2.5153,3.5446,243,633,255
MB,30m,0.575,2.0,0.083,3.2267,2.5112,3.9924,243,633,255
MB,30m,0.625,5.0,0.25,2.4332,2.5075,3.3424,246,612,240
MB,30m,0.625,7.0,0.25,2.431,2.5061,3.4275,246,612,240
MB,30m,0.625,3.0,0.25,2.5151,2.5049,2.5635,246,612,240
MB,30m,0.425,2.0,0.5,1.8062,2.4975,1.1862,253,652,279
MB,30m,0.675,2.0,0.083,2.977,2.489,4.2113,237,606,233
MB,30m,0.65,3.0,0.25,2.2152,2.4783,2.9093,239,611,238
MB,30m,0.6,2.0,0.083,3.5921,2.4761,4.4259,241,627,250
MB,30m,0.575,5.0,0.083,3.1248,2.4482,3.6018,243,633,255
MB,30m,0.575,7.0,0.083,3.1197,2.4472,3.6048,243,633,255
MB,30m,0.7,2.0,0.167,2.2932,2.4455,3.6959,230,597,229
MB,30m,0.575,4.0,0.083,3.1142,2.4442,3.5983,243,633,255
MB,30m,0.575,2.0,0.25,2.4073,2.4433,2.8315,243,633,255
MB,30m,0.575,10.0,0.083,3.1197,2.4336,3.6058,243,633,255
MB,30m,0.6,4.0,0.25,2.8318,2.4217,3.6221,241,627,250
MB,30m,0.6,3.0,0.083,3.6118,2.4197,3.9774,241,627,250
MB,30m,0.5,3.0,0.5,2.0736,2.3925,0.4188,245,652,269
MB,30m,0.675,3.0,0.25,1.3692,2.3921,2.605,237,606,233
MB,30m,0.525,4.0,0.5,1.4659,2.3782,1.3397,241,645,262
MB,30m,0.625,2.0,0.25,1.9707,2.354,2.9779,246,612,240
MB,30m,0.6,10.0,0.25,2.5758,2.349,3.889,241,627,250
MB,30m,0.6,3.0,0.25,3.0226,2.3447,3.233,241,627,250
MB,30m,0.6,5.0,0.25,2.8487,2.3428,3.9446,241,627,250
MB,30m,0.6,5.0,0.083,3.4238,2.3388,4.0867,241,627,250
MB,30m,0.6,10.0,0.083,3.4205,2.3337,4.0896,241,627,250
MB,30m,0.6,7.0,0.083,3.4205,2.3333,4.0896,241,627,250
MB,30m,0.6,7.0,0.25,2.6361,2.3316,3.8683,241,627,250
MB,30m,0.6,4.0,0.083,3.4484,2.3286,4.0804,241,627,250
MB,30m,0.55,10.0,0.5,0.939,2.3283,1.1403,244,642,259
MB,30m,0.6,2.0,0.25,2.3865,2.2993,3.3168,241,627,250
MB,30m,0.55,7.0,0.5,1.0001,2.2934,1.067,244,642,259
MB,30m,0.55,5.0,0.5,1.4502,2.2536,1.3313,244,642,259
MB,30m,0.475,2.0,0.5,1.7258,2.2488,0.0389,248,653,270
MB,30m,0.525,3.0,0.5,1.8252,2.2417,0.8363,241,645,262
MB,30m,0.55,3.0,0.5,1.2793,2.1962,0.6689,244,642,259
MB,30m,0.55,4.0,0.5,1.2565,2.0901,0.8538,244,642,259
MB,30m,0.65,2.0,0.25,1.8521,2.0693,3.3783,239,611,238
MB,30m,0.525,2.0,0.5,1.4821,1.9448,0.6718,241,645,262
MB,30m,0.7,2.0,0.25,2.0644,1.8887,2.686,230,597,229
MB,30m,0.675,2.0,0.25,1.5321,1.8544,3.0566,237,606,233
MB,30m,0.7,10.0,0.5,0.7684,1.8222,0.5953,230,597,229
MB,30m,0.7,7.0,0.5,0.9886,1.741,1.0354,230,597,229
MB,30m,0.575,4.0,0.5,1.6658,1.6772,1.1394,243,633,255
MB,30m,0.575,10.0,0.5,1.3595,1.671,1.5829,243,633,255
MB,30m,0.575,3.0,0.5,1.3215,1.6458,0.9308,243,633,255
MB,30m,0.575,5.0,0.5,1.8767,1.6423,1.589,243,633,255
MB,30m,0.7,5.0,0.5,0.9591,1.6311,0.6041,230,597,229
MB,30m,0.575,7.0,0.5,1.5636,1.6289,1.4075,243,633,255
MB,30m,0.55,2.0,0.5,1.1458,1.6229,0.3313,244,642,259
MB,30m,0.625,10.0,0.5,1.2475,1.4557,1.2972,246,612,240
MB,30m,0.7,4.0,0.5,0.966,1.4308,0.4265,230,597,229
MB,30m,0.675,10.0,0.5,0.5653,1.4029,1.4555,237,606,233
MB,30m,0.6,10.0,0.5,1.3975,1.3849,1.8147,241,627,250
MB,30m,0.6,4.0,0.5,1.7615,1.3685,1.3606,241,627,250
MB,30m,0.675,5.0,0.5,0.7441,1.3613,1.2507,237,606,233
MB,30m,0.625,3.0,0.5,1.4026,1.3518,0.3696,246,612,240
MB,30m,0.65,10.0,0.5,0.8633,1.3443,1.8353,239,611,238
MB,30m,0.675,4.0,0.5,0.6827,1.3443,0.8747,237,606,233
MB,30m,0.625,4.0,0.5,1.5036,1.3288,0.6764,246,612,240
MB,30m,0.625,7.0,0.5,1.5105,1.3266,1.5228,246,612,240
MB,30m,0.6,7.0,0.5,1.7079,1.3003,1.8814,241,627,250
MB,30m,0.675,7.0,0.5,0.7967,1.2921,1.6221,237,606,233
MB,30m,0.6,5.0,0.5,1.768,1.2768,1.9086,241,627,250
MB,30m,0.625,5.0,0.5,1.4745,1.2719,1.2514,246,612,240
MB,30m,0.6,3.0,0.5,1.652,1.2705,1.0169,241,627,250
MB,30m,0.65,7.0,0.5,1.1034,1.2405,1.8809,239,611,238
MB,30m,0.65,4.0,0.5,1.172,1.225,1.1842,239,611,238
MB,30m,0.575,2.0,0.5,1.2969,1.1807,0.6103,243,633,255
MB,30m,0.65,5.0,0.5,1.1453,1.1597,1.6138,239,611,238
MB,30m,0.65,3.0,0.5,1.1608,1.1379,1.0587,239,611,238
MB,30m,0.7,3.0,0.5,0.5916,1.0769,0.4854,230,597,229
MB,30m,0.675,3.0,0.5,0.3319,0.9738,0.424,237,606,233
MB,30m,0.625,2.0,0.5,1.2187,0.9702,0.6183,246,612,240
MB,30m,0.6,2.0,0.5,1.2221,0.9495,0.8346,241,627,250
MB,30m,0.4,7.0,1.0,0.1579,0.5934,0.7599,256,657,282
MB,30m,0.65,2.0,0.5,0.9985,0.5866,1.6504,239,611,238
MB,30m,0.4,10.0,1.0,0.1199,0.5797,0.8123,256,657,282
MB,30m,0.7,2.0,0.5,1.0764,0.554,0.49,230,597,229
MB,30m,0.675,2.0,0.5,0.6885,0.4549,0.9804,237,606,233
MB,30m,0.4,4.0,1.0,0.2833,0.4471,0.009,256,657,282
MB,30m,0.4,5.0,1.0,0.1745,0.4322,0.0635,256,657,282
