r_target,expiry_days,n,win_rate,avg_pnl,total_pnl,tf,split,depth_frac,n_zones
1.5,0.25,1577,0.463,-1.353,-2133.63,15m,train,0.3,2354
1.5,0.5,1577,0.372,-2.4867,-3921.55,15m,train,0.3,2354
1.5,0.75,1577,0.292,-3.3192,-5234.36,15m,train,0.3,2354
1.5,1.0,1577,0.226,-4.0196,-6338.84,15m,train,0.3,2354
1.5,1.5,1577,0.142,-5.1653,-8145.65,15m,train,0.3,2354
1.5,2.0,1577,0.101,-6.1239,-9657.31,15m,train,0.3,2354
2.0,0.25,1577,0.443,-1.0669,-1682.56,15m,train,0.3,2354
2.0,0.5,1577,0.377,-2.3036,-3632.83,15m,train,0.3,2354
2.0,0.75,1577,0.33,-3.1542,-4974.24,15m,train,0.3,2354
2.0,1.0,1577,0.276,-3.877,-6114.0,15m,train,0.3,2354
2.0,1.5,1577,0.193,-5.0465,-7958.34,15m,train,0.3,2354
2.0,2.0,1577,0.152,-6.0179,-9490.27,15m,train,0.3,2354
2.5,0.25,1577,0.425,-0.8445,-1331.72,15m,train,0.3,2354
2.5,0.5,1577,0.365,-2.1072,-3323.04,15m,train,0.3,2354
2.5,0.75,1577,0.331,-2.9797,-4699.01,15m,train,0.3,2354
2.5,1.0,1577,0.294,-3.7128,-5855.13,15m,train,0.3,2354
2.5,1.5,1577,0.241,-4.894,-7717.83,15m,train,0.3,2354
2.5,2.0,1577,0.199,-5.8718,-9259.76,15m,train,0.3,2354
3.0,0.25,1577,0.412,-0.5867,-925.2,15m,train,0.3,2354
3.0,0.5,1577,0.351,-1.8675,-2945.09,15m,train,0.3,2354
3.0,0.75,1577,0.322,-2.8158,-4440.57,15m,train,0.3,2354
3.0,1.0,1577,0.294,-3.5633,-5619.39,15m,train,0.3,2354
3.0,1.5,1577,0.256,-4.767,-7517.57,15m,train,0.3,2354
3.0,2.0,1577,0.227,-5.7573,-9079.18,15m,train,0.3,2354
3.5,0.25,1577,0.402,-0.429,-676.49,15m,train,0.3,2354
3.5,0.5,1577,0.335,-1.7175,-2708.43,15m,train,0.3,2354
3.5,0.75,1577,0.301,-2.6693,-4209.54,15m,train,0.3,2354
3.5,1.0,1577,0.285,-3.4234,-5398.75,15m,train,0.3,2354
3.5,1.5,1577,0.259,-4.6389,-7315.49,15m,train,0.3,2354
3.5,2.0,1577,0.238,-5.6398,-8894.02,15m,train,0.3,2354
4.0,0.25,1577,0.391,-0.3566,-562.37,15m,train,0.3,2354
4.0,0.5,1577,0.32,-1.6273,-2566.33,15m,train,0.3,2354
4.0,0.75,1577,0.285,-2.5912,-4086.35,15m,train,0.3,2354
4.0,1.0,1577,0.268,-3.3419,-5270.25,15m,train,0.3,2354
4.0,1.5,1577,0.25,-4.5988,-7252.34,15m,train,0.3,2354
4.0,2.0,1577,0.235,-5.6156,-8855.84,15m,train,0.3,2354
4.5,0.25,1577,0.38,-0.3262,-514.37,15m,train,0.3,2354
4.5,0.5,1577,0.303,-1.6123,-2542.62,15m,train,0.3,2354
4.5,0.75,1577,0.267,-2.5708,-4054.09,15m,train,0.3,2354
4.5,1.0,1577,0.249,-3.3346,-5258.74,15m,train,0.3,2354
4.5,1.5,1577,0.232,-4.5997,-7253.71,15m,train,0.3,2354
4.5,2.0,1577,0.219,-5.6488,-8908.08,15m,train,0.3,2354
5.0,0.25,1577,0.376,-0.24,-378.5,15m,train,0.3,2354
5.0,0.5,1577,0.295,-1.5149,-2389.02,15m,train,0.3,2354
5.0,0.75,1577,0.255,-2.4747,-3902.67,15m,train,0.3,2354
5.0,1.0,1577,0.235,-3.2706,-5157.67,15m,train,0.3,2354
5.0,1.5,1577,0.216,-4.5393,-7158.44,15m,train,0.3,2354
5.0,2.0,1577,0.207,-5.5879,-8812.06,15m,train,0.3,2354
1.5,0.25,1573,0.463,-1.3326,-2096.18,15m,train,0.325,2354
1.5,0.5,1573,0.368,-2.4644,-3876.48,15m,train,0.325,2354
1.5,0.75,1573,0.292,-3.2932,-5180.21,15m,train,0.325,2354
1.5,1.0,1573,0.223,-3.9933,-6281.46,15m,train,0.325,2354
1.5,1.5,1573,0.142,-5.1373,-8080.96,15m,train,0.325,2354
1.5,2.0,1573,0.099,-6.0944,-9586.45,15m,train,0.325,2354
2.0,0.25,1573,0.444,-1.114,-1752.27,15m,train,0.325,2354
2.0,0.5,1573,0.375,-2.3264,-3659.45,15m,train,0.325,2354
2.0,0.75,1573,0.325,-3.1725,-4990.31,15m,train,0.325,2354
2.0,1.0,1573,0.273,-3.8944,-6125.86,15m,train,0.325,2354
2.0,1.5,1573,0.188,-5.0618,-7962.14,15m,train,0.325,2354
2.0,2.0,1573,0.148,-6.0316,-9487.66,15m,train,0.325,2354
2.5,0.25,1573,0.428,-0.8322,-1309.1,15m,train,0.325,2354
2.5,0.5,1573,0.364,-2.0993,-3302.16,15m,train,0.325,2354
2.5,0.75,1573,0.329,-2.961,-4657.61,15m,train,0.325,2354
2.5,1.0,1573,0.294,-3.6914,-5806.61,15m,train,0.325,2354
2.5,1.5,1573,0.24,-4.8693,-7659.39,15m,train,0.325,2354
2.5,2.0,1573,0.2,-5.845,-9194.14,15m,train,0.325,2354
3.0,0.25,1573,0.41,-0.6191,-973.81,15m,train,0.325,2354
3.0,0.5,1573,0.35,-1.9012,-2990.55,15m,train,0.325,2354
3.0,0.75,1573,0.319,-2.8448,-4474.83,15m,train,0.325,2354
3.0,1.0,1573,0.292,-3.5914,-5649.22,15m,train,0.325,2354
3.0,1.5,1573,0.255,-4.7929,-7539.18,15m,train,0.325,2354
3.0,2.0,1573,0.224,-5.7815,-9094.31,15m,train,0.325,2354
3.5,0.25,1573,0.4,-0.4604,-724.15,15m,train,0.325,2354
3.5,0.5,1573,0.336,-1.7373,-2732.79,15m,train,0.325,2354
3.5,0.75,1573,0.301,-2.6907,-4232.45,15m,train,0.325,2354
3.5,1.0,1573,0.286,-3.4463,-5421.02,15m,train,0.325,2354
3.5,1.5,1573,0.26,-4.6558,-7323.53,15m,train,0.325,2354
3.5,2.0,1573,0.236,-5.6536,-8893.12,15m,train,0.325,2354
4.0,0.25,1573,0.39,-0.39,-613.47,15m,train,0.325,2354
4.0,0.5,1573,0.321,-1.6506,-2596.43,15m,train,0.325,2354
4.0,0.75,1573,0.286,-2.6073,-4101.3,15m,train,0.325,2354
4.0,1.0,1573,0.269,-3.3588,-5283.35,15m,train,0.325,2354
4.0,1.5,1573,0.25,-4.614,-7257.83,15m,train,0.325,2354
4.0,2.0,1573,0.234,-5.6289,-8854.31,15m,train,0.325,2354
4.5,0.25,1573,0.379,-0.3491,-549.15,15m,train,0.325,2354
4.5,0.5,1573,0.302,-1.6232,-2553.22,15m,train,0.325,2354
4.5,0.75,1573,0.266,-2.5835,-4063.85,15m,train,0.325,2354
4.5,1.0,1573,0.248,-3.3565,-5279.82,15m,train,0.325,2354
4.5,1.5,1573,0.231,-4.6192,-7265.94,15m,train,0.325,2354
4.5,2.0,1573,0.219,-5.6587,-8901.13,15m,train,0.325,2354
5.0,0.25,1573,0.374,-0.284,-446.75,15m,train,0.325,2354
5.0,0.5,1573,0.296,-1.5133,-2380.39,15m,train,0.325,2354
5.0,0.75,1573,0.255,-2.464,-3875.91,15m,train,0.325,2354
5.0,1.0,1573,0.238,-3.235,-5088.71,15m,train,0.325,2354
5.0,1.5,1573,0.219,-4.4991,-7077.16,15m,train,0.325,2354
5.0,2.0,1573,0.209,-5.5498,-8729.84,15m,train,0.325,2354
1.5,0.25,1571,0.462,-1.3419,-2108.18,15m,train,0.35,2354
1.5,0.5,1571,0.368,-2.4717,-3883.06,15m,train,0.35,2354
1.5,0.75,1571,0.288,-3.2974,-5180.26,15m,train,0.35,2354
1.5,1.0,1571,0.216,-3.9961,-6277.86,15m,train,0.35,2354
1.5,1.5,1571,0.14,-5.1384,-8072.42,15m,train,0.35,2354
1.5,2.0,1571,0.096,-6.0944,-9574.23,15m,train,0.35,2354
2.0,0.25,1571,0.447,-1.1045,-1735.24,15m,train,0.35,2354
2.0,0.5,1571,0.377,-2.3144,-3635.96,15m,train,0.35,2354
2.0,0.75,1571,0.325,-3.1592,-4963.08,15m,train,0.35,2354
2.0,1.0,1571,0.27,-3.8801,-6095.65,15m,train,0.35,2354
2.0,1.5,1571,0.187,-5.0461,-7927.46,15m,train,0.35,2354
2.0,2.0,1571,0.144,-6.0149,-9449.41,15m,train,0.35,2354
2.5,0.25,1571,0.428,-0.841,-1321.29,15m,train,0.35,2354
2.5,0.5,1571,0.363,-2.1107,-3315.94,15m,train,0.35,2354
2.5,0.75,1571,0.328,-2.9706,-4666.79,15m,train,0.35,2354
2.5,1.0,1571,0.293,-3.6998,-5812.35,15m,train,0.35,2354
2.5,1.5,1571,0.239,-4.8761,-7660.28,15m,train,0.35,2354
2.5,2.0,1571,0.199,-5.8506,-9191.33,15m,train,0.35,2354
3.0,0.25,1571,0.41,-0.6211,-975.83,15m,train,0.35,2354
3.0,0.5,1571,0.348,-1.9014,-2987.03,15m,train,0.35,2354
3.0,0.75,1571,0.321,-2.8271,-4441.31,15m,train,0.35,2354
3.0,1.0,1571,0.293,-3.5712,-5610.37,15m,train,0.35,2354
3.0,1.5,1571,0.256,-4.7701,-7493.75,15m,train,0.35,2354
3.0,2.0,1571,0.222,-5.7571,-9044.37,15m,train,0.35,2354
3.5,0.25,1571,0.404,-0.4135,-649.64,15m,train,0.35,2354
3.5,0.5,1571,0.338,-1.6892,-2653.8,15m,train,0.35,2354
3.5,0.75,1571,0.305,-2.6418,-4150.24,15m,train,0.35,2354
3.5,1.0,1571,0.289,-3.3968,-5336.44,15m,train,0.35,2354
3.5,1.5,1571,0.264,-4.6049,-7234.32,15m,train,0.35,2354
3.5,2.0,1571,0.24,-5.6016,-8800.14,15m,train,0.35,2354
4.0,0.25,1571,0.39,-0.3529,-554.38,15m,train,0.35,2354
4.0,0.5,1571,0.323,-1.5922,-2501.33,15m,train,0.35,2354
4.0,0.75,1571,0.288,-2.5438,-3996.27,15m,train,0.35,2354
4.0,1.0,1571,0.272,-3.293,-5173.33,15m,train,0.35,2354
4.0,1.5,1571,0.254,-4.5437,-7138.08,15m,train,0.35,2354
4.0,2.0,1571,0.238,-5.5558,-8728.19,15m,train,0.35,2354
4.5,0.25,1571,0.38,-0.3377,-530.58,15m,train,0.35,2354
4.5,0.5,1571,0.304,-1.5881,-2494.91,15m,train,0.35,2354
4.5,0.75,1571,0.269,-2.5522,-4009.49,15m,train,0.35,2354
4.5,1.0,1571,0.251,-3.3251,-5223.75,15m,train,0.35,2354
4.5,1.5,1571,0.235,-4.5838,-7201.14,15m,train,0.35,2354
4.5,2.0,1571,0.222,-5.6217,-8831.64,15m,train,0.35,2354
5.0,0.25,1571,0.375,-0.2556,-401.56,15m,train,0.35,2354
5.0,0.5,1571,0.296,-1.4873,-2336.56,15m,train,0.35,2354
5.0,0.75,1571,0.258,-2.4377,-3829.6,15m,train,0.35,2354
5.0,1.0,1571,0.24,-3.2136,-5048.5,15m,train,0.35,2354
5.0,1.5,1571,0.221,-4.4687,-7020.29,15m,train,0.35,2354
5.0,2.0,1571,0.212,-5.5155,-8664.79,15m,train,0.35,2354
1.5,0.25,1566,0.461,-1.3629,-2134.37,15m,train,0.375,2354
1.5,0.5,1566,0.37,-2.4832,-3888.65,15m,train,0.375,2354
1.5,0.75,1566,0.283,-3.3056,-5176.54,15m,train,0.375,2354
1.5,1.0,1566,0.211,-4.0026,-6268.12,15m,train,0.375,2354
1.5,1.5,1566,0.133,-5.143,-8053.92,15m,train,0.375,2354
1.5,2.0,1566,0.09,-6.0977,-9548.96,15m,train,0.375,2354
2.0,0.25,1566,0.449,-1.1274,-1765.47,15m,train,0.375,2354
2.0,0.5,1566,0.378,-2.3178,-3629.68,15m,train,0.375,2354
2.0,0.75,1566,0.322,-3.1591,-4947.21,15m,train,0.375,2354
2.0,1.0,1566,0.267,-3.878,-6072.95,15m,train,0.375,2354
2.0,1.5,1566,0.186,-5.0419,-7895.67,15m,train,0.375,2354
2.0,2.0,1566,0.139,-6.0094,-9410.65,15m,train,0.375,2354
2.5,0.25,1566,0.425,-0.8966,-1404.03,15m,train,0.375,2354
2.5,0.5,1566,0.365,-2.1739,-3404.3,15m,train,0.375,2354
2.5,0.75,1566,0.33,-3.0329,-4749.52,15m,train,0.375,2354
2.5,1.0,1566,0.295,-3.7621,-5891.51,15m,train,0.375,2354
2.5,1.5,1566,0.238,-4.9386,-7733.83,15m,train,0.375,2354
2.5,2.0,1566,0.196,-5.9132,-9260.02,15m,train,0.375,2354
3.0,0.25,1566,0.412,-0.6689,-1047.57,15m,train,0.375,2354
3.0,0.5,1566,0.349,-1.9683,-3082.43,15m,train,0.375,2354
3.0,0.75,1566,0.32,-2.896,-4535.2,15m,train,0.375,2354
3.0,1.0,1566,0.292,-3.6415,-5702.62,15m,train,0.375,2354
3.0,1.5,1566,0.25,-4.8417,-7582.17,15m,train,0.375,2354
3.0,2.0,1566,0.218,-5.8294,-9128.85,15m,train,0.375,2354
3.5,0.25,1566,0.405,-0.4412,-690.88,15m,train,0.375,2354
3.5,0.5,1566,0.339,-1.7346,-2716.45,15m,train,0.375,2354
3.5,0.75,1566,0.305,-2.6927,-4216.7,15m,train,0.375,2354
3.5,1.0,1566,0.289,-3.4544,-5409.53,15m,train,0.375,2354
3.5,1.5,1566,0.262,-4.6705,-7314.01,15m,train,0.375,2354
3.5,2.0,1566,0.238,-5.6665,-8873.74,15m,train,0.375,2354
4.0,0.25,1566,0.392,-0.369,-577.84,15m,train,0.375,2354
4.0,0.5,1566,0.324,-1.6256,-2545.65,15m,train,0.375,2354
4.0,0.75,1566,0.289,-2.5678,-4021.15,15m,train,0.375,2354
4.0,1.0,1566,0.273,-3.3137,-5189.3,15m,train,0.375,2354
4.0,1.5,1566,0.254,-4.536,-7103.34,15m,train,0.375,2354
4.0,2.0,1566,0.239,-5.54,-8675.7,15m,train,0.375,2354
4.5,0.25,1566,0.383,-0.3464,-542.39,15m,train,0.375,2354
4.5,0.5,1566,0.305,-1.618,-2533.82,15m,train,0.375,2354
4.5,0.75,1566,0.268,-2.5792,-4039.01,15m,train,0.375,2354
4.5,1.0,1566,0.253,-3.3337,-5220.56,15m,train,0.375,2354
4.5,1.5,1566,0.236,-4.57,-7156.58,15m,train,0.375,2354
4.5,2.0,1566,0.225,-5.5837,-8744.09,15m,train,0.375,2354
5.0,0.25,1566,0.376,-0.3027,-474.03,15m,train,0.375,2354
5.0,0.5,1566,0.296,-1.5796,-2473.68,15m,train,0.375,2354
5.0,0.75,1566,0.256,-2.5354,-3970.47,15m,train,0.375,2354
5.0,1.0,1566,0.239,-3.315,-5191.37,15m,train,0.375,2354
5.0,1.5,1566,0.22,-4.5585,-7138.6,15m,train,0.375,2354
5.0,2.0,1566,0.211,-5.603,-8774.33,15m,train,0.375,2354
1.5,0.25,1563,0.463,-1.3412,-2096.24,15m,train,0.4,2354
1.5,0.5,1563,0.37,-2.4543,-3836.06,15m,train,0.4,2354
1.5,0.75,1563,0.282,-3.2738,-5116.93,15m,train,0.4,2354
1.5,1.0,1563,0.21,-3.9574,-6185.48,15m,train,0.4,2354
1.5,1.5,1563,0.135,-5.094,-7961.92,15m,train,0.4,2354
1.5,2.0,1563,0.091,-6.0466,-9450.88,15m,train,0.4,2354
2.0,0.25,1563,0.448,-1.158,-1809.95,15m,train,0.4,2354
2.0,0.5,1563,0.376,-2.3402,-3657.72,15m,train,0.4,2354
2.0,0.75,1563,0.32,-3.1799,-4970.2,15m,train,0.4,2354
2.0,1.0,1563,0.266,-3.8972,-6091.3,15m,train,0.4,2354
2.0,1.5,1563,0.181,-5.0593,-7907.69,15m,train,0.4,2354
2.0,2.0,1563,0.136,-6.0255,-9417.86,15m,train,0.4,2354
2.5,0.25,1563,0.424,-0.9472,-1480.55,15m,train,0.4,2354
2.5,0.5,1563,0.365,-2.2124,-3458.02,15m,train,0.4,2354
2.5,0.75,1563,0.329,-3.0704,-4798.99,15m,train,0.4,2354
2.5,1.0,1563,0.298,-3.7984,-5936.84,15m,train,0.4,2354
2.5,1.5,1563,0.237,-4.9735,-7773.59,15m,train,0.4,2354
2.5,2.0,1563,0.189,-5.9472,-9295.44,15m,train,0.4,2354
3.0,0.25,1563,0.41,-0.7231,-1130.18,15m,train,0.4,2354
3.0,0.5,1563,0.35,-1.9961,-3119.85,15m,train,0.4,2354
3.0,0.75,1563,0.32,-2.8965,-4527.16,15m,train,0.4,2354
3.0,1.0,1563,0.294,-3.6383,-5686.68,15m,train,0.4,2354
3.0,1.5,1563,0.25,-4.8335,-7554.8,15m,train,0.4,2354
3.0,2.0,1563,0.214,-5.818,-9093.47,15m,train,0.4,2354
3.5,0.25,1563,0.404,-0.4817,-752.91,15m,train,0.4,2354
3.5,0.5,1563,0.34,-1.7559,-2744.54,15m,train,0.4,2354
3.5,0.75,1563,0.305,-2.7146,-4242.89,15m,train,0.4,2354
3.5,1.0,1563,0.29,-3.4715,-5425.98,15m,train,0.4,2354
3.5,1.5,1563,0.264,-4.6825,-7318.69,15m,train,0.4,2354
3.5,2.0,1563,0.236,-5.6755,-8870.76,15m,train,0.4,2354
4.0,0.25,1563,0.392,-0.3728,-582.69,15m,train,0.4,2354
4.0,0.5,1563,0.326,-1.6599,-2594.4,15m,train,0.4,2354
4.0,0.75,1563,0.289,-2.6146,-4086.67,15m,train,0.4,2354
4.0,1.0,1563,0.276,-3.3649,-5259.28,15m,train,0.4,2354
4.0,1.5,1563,0.256,-4.5774,-7154.4,15m,train,0.4,2354
4.0,2.0,1563,0.24,-5.578,-8718.37,15m,train,0.4,2354
4.5,0.25,1563,0.382,-0.3739,-584.35,15m,train,0.4,2354
4.5,0.5,1563,0.306,-1.6593,-2593.48,15m,train,0.4,2354
4.5,0.75,1563,0.266,-2.6164,-4089.5,15m,train,0.4,2354
4.5,1.0,1563,0.254,-3.373,-5271.92,15m,train,0.4,2354
4.5,1.5,1563,0.237,-4.61,-7205.35,15m,train,0.4,2354
4.5,2.0,1563,0.226,-5.6227,-8788.22,15m,train,0.4,2354
5.0,0.25,1563,0.376,-0.3065,-478.99,15m,train,0.4,2354
5.0,0.5,1563,0.298,-1.5912,-2487.09,15m,train,0.4,2354
5.0,0.75,1563,0.255,-2.5423,-3973.64,15m,train,0.4,2354
5.0,1.0,1563,0.241,-3.3226,-5193.27,15m,train,0.4,2354
5.0,1.5,1563,0.221,-4.5709,-7144.39,15m,train,0.4,2354
5.0,2.0,1563,0.212,-5.6118,-8771.17,15m,train,0.4,2354
1.5,0.25,1557,0.457,-1.3394,-2085.39,15m,train,0.425,2354
1.5,0.5,1557,0.368,-2.4468,-3809.74,15m,train,0.425,2354
1.5,0.75,1557,0.283,-3.2644,-5082.73,15m,train,0.425,2354
1.5,1.0,1557,0.21,-3.947,-6145.51,15m,train,0.425,2354
1.5,1.5,1557,0.13,-5.0824,-7913.31,15m,train,0.425,2354
1.5,2.0,1557,0.089,-6.0344,-9395.55,15m,train,0.425,2354
2.0,0.25,1557,0.451,-1.1744,-1828.6,15m,train,0.425,2354
2.0,0.5,1557,0.374,-2.3545,-3665.9,15m,train,0.425,2354
2.0,0.75,1557,0.317,-3.1926,-4970.88,15m,train,0.425,2354
2.0,1.0,1557,0.261,-3.9093,-6086.77,15m,train,0.425,2354
2.0,1.5,1557,0.175,-5.0707,-7895.15,15m,train,0.425,2354
2.0,2.0,1557,0.132,-6.0365,-9398.82,15m,train,0.425,2354
2.5,0.25,1557,0.425,-0.9632,-1499.69,15m,train,0.425,2354
2.5,0.5,1557,0.365,-2.2257,-3465.43,15m,train,0.425,2354
2.5,0.75,1557,0.33,-3.0828,-4799.87,15m,train,0.425,2354
2.5,1.0,1557,0.296,-3.8089,-5930.46,15m,train,0.425,2354
2.5,1.5,1557,0.232,-4.982,-7757.02,15m,train,0.425,2354
2.5,2.0,1557,0.188,-5.9545,-9271.14,15m,train,0.425,2354
3.0,0.25,1557,0.414,-0.7141,-1111.89,15m,train,0.425,2354
3.0,0.5,1557,0.351,-1.987,-3093.78,15m,train,0.425,2354
3.0,0.75,1557,0.322,-2.8648,-4460.49,15m,train,0.425,2354
3.0,1.0,1557,0.297,-3.6013,-5607.23,15m,train,0.425,2354
3.0,1.5,1557,0.249,-4.7904,-7458.72,15m,train,0.425,2354
3.0,2.0,1557,0.218,-5.7715,-8986.17,15m,train,0.425,2354
3.5,0.25,1557,0.404,-0.4884,-760.45,15m,train,0.425,2354
3.5,0.5,1557,0.339,-1.7582,-2737.57,15m,train,0.425,2354
3.5,0.75,1557,0.305,-2.7134,-4224.74,15m,train,0.425,2354
3.5,1.0,1557,0.291,-3.4643,-5393.94,15m,train,0.425,2354
3.5,1.5,1557,0.264,-4.6696,-7270.51,15m,train,0.425,2354
3.5,2.0,1557,0.237,-5.6595,-8811.8,15m,train,0.425,2354
4.0,0.25,1557,0.394,-0.3799,-591.5,15m,train,0.425,2354
4.0,0.5,1557,0.325,-1.6693,-2599.08,15m,train,0.425,2354
4.0,0.75,1557,0.288,-2.619,-4077.84,15m,train,0.425,2354
4.0,1.0,1557,0.275,-3.3851,-5270.56,15m,train,0.425,2354
4.0,1.5,1557,0.257,-4.6021,-7165.48,15m,train,0.425,2354
4.0,2.0,1557,0.241,-5.6024,-8722.99,15m,train,0.425,2354
4.5,0.25,1557,0.384,-0.3631,-565.32,15m,train,0.425,2354
4.5,0.5,1557,0.306,-1.6229,-2526.85,15m,train,0.425,2354
4.5,0.75,1557,0.268,-2.5696,-4000.83,15m,train,0.425,2354
4.5,1.0,1557,0.257,-3.3311,-5186.5,15m,train,0.425,2354
4.5,1.5,1557,0.241,-4.5685,-7113.22,15m,train,0.425,2354
4.5,2.0,1557,0.231,-5.5809,-8689.39,15m,train,0.425,2354
5.0,0.25,1557,0.376,-0.3085,-480.36,15m,train,0.425,2354
5.0,0.5,1557,0.296,-1.5934,-2480.97,15m,train,0.425,2354
5.0,0.75,1557,0.256,-2.5512,-3972.14,15m,train,0.425,2354
5.0,1.0,1557,0.241,-3.3311,-5186.57,15m,train,0.425,2354
5.0,1.5,1557,0.222,-4.5784,-7128.52,15m,train,0.425,2354
5.0,2.0,1557,0.213,-5.6183,-8747.65,15m,train,0.425,2354
1.5,0.25,1550,0.454,-1.3911,-2156.2,15m,train,0.45,2354
1.5,0.5,1550,0.361,-2.5017,-3877.68,15m,train,0.45,2354
1.5,0.75,1550,0.277,-3.3201,-5146.2,15m,train,0.45,2354
1.5,1.0,1550,0.206,-4.0031,-6204.79,15m,train,0.45,2354
1.5,1.5,1550,0.126,-5.1388,-7965.12,15m,train,0.45,2354
1.5,2.0,1550,0.085,-6.0908,-9440.76,15m,train,0.45,2354
2.0,0.25,1550,0.446,-1.2026,-1864.01,15m,train,0.45,2354
2.0,0.5,1550,0.374,-2.3631,-3662.75,15m,train,0.45,2354
2.0,0.75,1550,0.314,-3.2047,-4967.34,15m,train,0.45,2354
2.0,1.0,1550,0.261,-3.9142,-6067.0,15m,train,0.45,2354
2.0,1.5,1550,0.174,-5.0683,-7855.87,15m,train,0.45,2354
2.0,2.0,1550,0.125,-6.0305,-9347.28,15m,train,0.45,2354
2.5,0.25,1550,0.423,-0.9726,-1507.49,15m,train,0.45,2354
2.5,0.5,1550,0.365,-2.2114,-3427.6,15m,train,0.45,2354
2.5,0.75,1550,0.327,-3.067,-4753.88,15m,train,0.45,2354
2.5,1.0,1550,0.295,-3.7936,-5880.06,15m,train,0.45,2354
2.5,1.5,1550,0.226,-4.9658,-7696.97,15m,train,0.45,2354
2.5,2.0,1550,0.183,-5.9375,-9203.1,15m,train,0.45,2354
3.0,0.25,1550,0.409,-0.7781,-1206.09,15m,train,0.45,2354
3.0,0.5,1550,0.348,-2.0584,-3190.51,15m,train,0.45,2354
3.0,0.75,1550,0.319,-2.9349,-4549.16,15m,train,0.45,2354
3.0,1.0,1550,0.296,-3.6721,-5691.73,15m,train,0.45,2354
3.0,1.5,1550,0.245,-4.8557,-7526.37,15m,train,0.45,2354
3.0,2.0,1550,0.214,-5.8336,-9042.01,15m,train,0.45,2354
3.5,0.25,1550,0.399,-0.5582,-865.17,15m,train,0.45,2354
3.5,0.5,1550,0.337,-1.8444,-2858.75,15m,train,0.45,2354
3.5,0.75,1550,0.303,-2.7873,-4320.38,15m,train,0.45,2354
3.5,1.0,1550,0.288,-3.5395,-5486.2,15m,train,0.45,2354
3.5,1.5,1550,0.257,-4.7397,-7346.59,15m,train,0.45,2354
3.5,2.0,1550,0.232,-5.7268,-8876.52,15m,train,0.45,2354
4.0,0.25,1550,0.392,-0.434,-672.71,15m,train,0.45,2354
4.0,0.5,1550,0.326,-1.7093,-2649.37,15m,train,0.45,2354
4.0,0.75,1550,0.29,-2.6636,-4128.52,15m,train,0.45,2354
4.0,1.0,1550,0.277,-3.4225,-5304.84,15m,train,0.45,2354
4.0,1.5,1550,0.257,-4.6332,-7181.4,15m,train,0.45,2354
4.0,2.0,1550,0.24,-5.6291,-8725.12,15m,train,0.45,2354
4.5,0.25,1550,0.381,-0.3891,-603.18,15m,train,0.45,2354
4.5,0.5,1550,0.306,-1.6383,-2539.43,15m,train,0.45,2354
4.5,0.75,1550,0.27,-2.5866,-4009.17,15m,train,0.45,2354
4.5,1.0,1550,0.258,-3.353,-5197.13,15m,train,0.45,2354
4.5,1.5,1550,0.241,-4.5888,-7112.57,15m,train,0.45,2354
4.5,2.0,1550,0.23,-5.5981,-8677.04,15m,train,0.45,2354
5.0,0.25,1550,0.374,-0.3415,-529.33,15m,train,0.45,2354
5.0,0.5,1550,0.296,-1.6237,-2516.72,15m,train,0.45,2354
5.0,0.75,1550,0.256,-2.5941,-4020.81,15m,train,0.45,2354
5.0,1.0,1550,0.244,-3.3669,-5218.63,15m,train,0.45,2354
5.0,1.5,1550,0.224,-4.616,-7154.85,15m,train,0.45,2354
5.0,2.0,1550,0.215,-5.6526,-8761.52,15m,train,0.45,2354
1.5,0.25,1544,0.454,-1.3756,-2123.85,15m,train,0.475,2354
1.5,0.5,1544,0.359,-2.4802,-3829.42,15m,train,0.475,2354
1.5,0.75,1544,0.275,-3.2992,-5093.95,15m,train,0.475,2354
1.5,1.0,1544,0.205,-3.981,-6146.63,15m,train,0.475,2354
1.5,1.5,1544,0.123,-5.1155,-7898.34,15m,train,0.475,2354
1.5,2.0,1544,0.083,-6.0671,-9367.53,15m,train,0.475,2354
2.0,0.25,1544,0.443,-1.1809,-1823.3,15m,train,0.475,2354
2.0,0.5,1544,0.376,-2.3374,-3608.92,15m,train,0.475,2354
2.0,0.75,1544,0.316,-3.1813,-4911.95,15m,train,0.475,2354
2.0,1.0,1544,0.261,-3.8879,-6002.97,15m,train,0.475,2354
2.0,1.5,1544,0.175,-5.0397,-7781.29,15m,train,0.475,2354
2.0,2.0,1544,0.12,-6.0009,-9265.4,15m,train,0.475,2354
2.5,0.25,1544,0.423,-0.9737,-1503.4,15m,train,0.475,2354
2.5,0.5,1544,0.367,-2.2159,-3421.35,15m,train,0.475,2354
2.5,0.75,1544,0.325,-3.0717,-4742.7,15m,train,0.475,2354
2.5,1.0,1544,0.293,-3.791,-5853.26,15m,train,0.475,2354
2.5,1.5,1544,0.222,-4.9572,-7653.91,15m,train,0.475,2354
2.5,2.0,1544,0.177,-5.9261,-9149.84,15m,train,0.475,2354
3.0,0.25,1544,0.407,-0.7997,-1234.68,15m,train,0.475,2354
3.0,0.5,1544,0.351,-2.0872,-3222.7,15m,train,0.475,2354
3.0,0.75,1544,0.32,-2.9671,-4581.18,15m,train,0.475,2354
3.0,1.0,1544,0.295,-3.6984,-5710.4,15m,train,0.475,2354
3.0,1.5,1544,0.244,-4.8779,-7531.47,15m,train,0.475,2354
3.0,2.0,1544,0.212,-5.854,-9038.61,15m,train,0.475,2354
3.5,0.25,1544,0.397,-0.5723,-883.56,15m,train,0.475,2354
3.5,0.5,1544,0.337,-1.8667,-2882.26,15m,train,0.475,2354
3.5,0.75,1544,0.304,-2.8102,-4338.91,15m,train,0.475,2354
3.5,1.0,1544,0.29,-3.5555,-5489.68,15m,train,0.475,2354
3.5,1.5,1544,0.256,-4.75,-7334.03,15m,train,0.475,2354
3.5,2.0,1544,0.229,-5.7344,-8853.85,15m,train,0.475,2354
4.0,0.25,1544,0.391,-0.41,-633.05,15m,train,0.475,2354
4.0,0.5,1544,0.33,-1.6904,-2609.91,15m,train,0.475,2354
4.0,0.75,1544,0.292,-2.6502,-4091.94,15m,train,0.475,2354
4.0,1.0,1544,0.28,-3.4023,-5253.23,15m,train,0.475,2354
4.0,1.5,1544,0.259,-4.6073,-7113.65,15m,train,0.475,2354
4.0,2.0,1544,0.241,-5.6006,-8647.32,15m,train,0.475,2354
4.5,0.25,1544,0.376,-0.3896,-601.49,15m,train,0.475,2354
4.5,0.5,1544,0.309,-1.6449,-2539.79,15m,train,0.475,2354
4.5,0.75,1544,0.272,-2.6016,-4016.81,15m,train,0.475,2354
4.5,1.0,1544,0.262,-3.3642,-5194.28,15m,train,0.475,2354
4.5,1.5,1544,0.242,-4.5904,-7087.51,15m,train,0.475,2354
4.5,2.0,1544,0.232,-5.5949,-8638.53,15m,train,0.475,2354
5.0,0.25,1544,0.371,-0.3287,-507.5,15m,train,0.475,2354
5.0,0.5,1544,0.3,-1.5976,-2466.65,15m,train,0.475,2354
5.0,0.75,1544,0.258,-2.57,-3968.12,15m,train,0.475,2354
5.0,1.0,1544,0.247,-3.3448,-5164.38,15m,train,0.475,2354
5.0,1.5,1544,0.228,-4.591,-7088.47,15m,train,0.475,2354
5.0,2.0,1544,0.218,-5.6064,-8656.22,15m,train,0.475,2354
1.5,0.25,1535,0.453,-1.3804,-2118.94,15m,train,0.5,2354
1.5,0.5,1535,0.356,-2.4804,-3807.47,15m,train,0.5,2354
1.5,0.75,1535,0.27,-3.2982,-5062.74,15m,train,0.5,2354
1.5,1.0,1535,0.199,-3.9793,-6108.24,15m,train,0.5,2354
1.5,1.5,1535,0.119,-5.1133,-7848.94,15m,train,0.5,2354
1.5,2.0,1535,0.082,-6.0648,-9309.44,15m,train,0.5,2354
2.0,0.25,1535,0.442,-1.2266,-1882.89,15m,train,0.5,2354
2.0,0.5,1535,0.371,-2.3926,-3672.66,15m,train,0.5,2354
2.0,0.75,1535,0.313,-3.2359,-4967.09,15m,train,0.5,2354
2.0,1.0,1535,0.255,-3.9417,-6050.47,15m,train,0.5,2354
2.0,1.5,1535,0.171,-5.0928,-7817.47,15m,train,0.5,2354
2.0,2.0,1535,0.115,-6.0539,-9292.75,15m,train,0.5,2354
2.5,0.25,1535,0.423,-1.0363,-1590.77,15m,train,0.5,2354
2.5,0.5,1535,0.365,-2.2627,-3473.18,15m,train,0.5,2354
2.5,0.75,1535,0.322,-3.1183,-4786.54,15m,train,0.5,2354
2.5,1.0,1535,0.291,-3.8381,-5891.52,15m,train,0.5,2354
2.5,1.5,1535,0.209,-5.0052,-7683.05,15m,train,0.5,2354
2.5,2.0,1535,0.165,-5.9749,-9171.49,15m,train,0.5,2354
3.0,0.25,1535,0.405,-0.8733,-1340.52,15m,train,0.5,2354
3.0,0.5,1535,0.349,-2.1474,-3296.31,15m,train,0.5,2354
3.0,0.75,1535,0.317,-3.027,-4646.37,15m,train,0.5,2354
3.0,1.0,1535,0.293,-3.7588,-5769.79,15m,train,0.5,2354
3.0,1.5,1535,0.242,-4.939,-7581.44,15m,train,0.5,2354
3.0,2.0,1535,0.209,-5.9159,-9080.83,15m,train,0.5,2354
3.5,0.25,1535,0.395,-0.6444,-989.22,15m,train,0.5,2354
3.5,0.5,1535,0.334,-1.9354,-2970.91,15m,train,0.5,2354
3.5,0.75,1535,0.302,-2.8453,-4367.49,15m,train,0.5,2354
3.5,1.0,1535,0.287,-3.5906,-5511.53,15m,train,0.5,2354
3.5,1.5,1535,0.253,-4.7849,-7344.82,15m,train,0.5,2354
3.5,2.0,1535,0.23,-5.7694,-8855.96,15m,train,0.5,2354
4.0,0.25,1535,0.39,-0.4498,-690.52,15m,train,0.5,2354
4.0,0.5,1535,0.329,-1.7171,-2635.81,15m,train,0.5,2354
4.0,0.75,1535,0.291,-2.6824,-4117.5,15m,train,0.5,2354
4.0,1.0,1535,0.279,-3.4427,-5284.47,15m,train,0.5,2354
4.0,1.5,1535,0.256,-4.6529,-7142.16,15m,train,0.5,2354
4.0,2.0,1535,0.239,-5.6457,-8666.21,15m,train,0.5,2354
4.5,0.25,1535,0.376,-0.4298,-659.73,15m,train,0.5,2354
4.5,0.5,1535,0.308,-1.6932,-2599.01,15m,train,0.5,2354
4.5,0.75,1535,0.271,-2.6586,-4080.94,15m,train,0.5,2354
4.5,1.0,1535,0.261,-3.4188,-5247.78,15m,train,0.5,2354
4.5,1.5,1535,0.24,-4.6482,-7135.01,15m,train,0.5,2354
4.5,2.0,1535,0.231,-5.6539,-8678.74,15m,train,0.5,2354
5.0,0.25,1535,0.371,-0.3773,-579.1,15m,train,0.5,2354
5.0,0.5,1535,0.299,-1.6448,-2524.73,15m,train,0.5,2354
5.0,0.75,1535,0.258,-2.6148,-4013.75,15m,train,0.5,2354
5.0,1.0,1535,0.247,-3.3897,-5203.25,15m,train,0.5,2354
5.0,1.5,1535,0.227,-4.636,-7116.22,15m,train,0.5,2354
5.0,2.0,1535,0.219,-5.6516,-8675.23,15m,train,0.5,2354
1.5,0.25,1532,0.456,-1.3284,-2035.13,15m,train,0.525,2354
1.5,0.5,1532,0.362,-2.4204,-3708.09,15m,train,0.525,2354
1.5,0.75,1532,0.273,-3.2353,-4956.43,15m,train,0.525,2354
1.5,1.0,1532,0.203,-3.9148,-5997.5,15m,train,0.525,2354
1.5,1.5,1532,0.121,-5.0472,-7732.29,15m,train,0.525,2354
1.5,2.0,1532,0.084,-5.9978,-9188.65,15m,train,0.525,2354
2.0,0.25,1532,0.445,-1.2053,-1846.55,15m,train,0.525,2354
2.0,0.5,1532,0.375,-2.3567,-3610.43,15m,train,0.525,2354
2.0,0.75,1532,0.314,-3.1939,-4893.02,15m,train,0.525,2354
2.0,1.0,1532,0.257,-3.886,-5953.36,15m,train,0.525,2354
2.0,1.5,1532,0.17,-5.0326,-7709.98,15m,train,0.525,2354
2.0,2.0,1532,0.116,-5.9915,-9178.9,15m,train,0.525,2354
2.5,0.25,1532,0.427,-1.0117,-1549.92,15m,train,0.525,2354
2.5,0.5,1532,0.368,-2.2246,-3408.16,15m,train,0.525,2354
2.5,0.75,1532,0.327,-3.0754,-4711.5,15m,train,0.525,2354
2.5,1.0,1532,0.295,-3.793,-5810.88,15m,train,0.525,2354
2.5,1.5,1532,0.21,-4.9576,-7595.09,15m,train,0.525,2354
2.5,2.0,1532,0.164,-5.926,-9078.57,15m,train,0.525,2354
3.0,0.25,1532,0.407,-0.8422,-1290.25,15m,train,0.525,2354
3.0,0.5,1532,0.351,-2.1168,-3242.89,15m,train,0.525,2354
3.0,0.75,1532,0.319,-2.9926,-4584.73,15m,train,0.525,2354
3.0,1.0,1532,0.296,-3.7227,-5703.23,15m,train,0.525,2354
3.0,1.5,1532,0.245,-4.9016,-7509.25,15m,train,0.525,2354
3.0,2.0,1532,0.21,-5.8779,-9004.89,15m,train,0.525,2354
3.5,0.25,1532,0.398,-0.621,-951.32,15m,train,0.525,2354
3.5,0.5,1532,0.338,-1.9056,-2919.41,15m,train,0.525,2354
3.5,0.75,1532,0.307,-2.8039,-4295.63,15m,train,0.525,2354
3.5,1.0,1532,0.291,-3.5461,-5432.57,15m,train,0.525,2354
3.5,1.5,1532,0.257,-4.7371,-7257.25,15m,train,0.525,2354
3.5,2.0,1532,0.232,-5.72,-8763.02,15m,train,0.525,2354
4.0,0.25,1532,0.39,-0.4532,-694.24,15m,train,0.525,2354
4.0,0.5,1532,0.33,-1.7352,-2658.36,15m,train,0.525,2354
4.0,0.75,1532,0.294,-2.692,-4124.22,15m,train,0.525,2354
4.0,1.0,1532,0.281,-3.4507,-5286.49,15m,train,0.525,2354
4.0,1.5,1532,0.257,-4.6589,-7137.48,15m,train,0.525,2354
4.0,2.0,1532,0.238,-5.651,-8657.4,15m,train,0.525,2354
4.5,0.25,1532,0.378,-0.4018,-615.61,15m,train,0.525,2354
4.5,0.5,1532,0.311,-1.6902,-2589.42,15m,train,0.525,2354
4.5,0.75,1532,0.275,-2.6684,-4088.06,15m,train,0.525,2354
4.5,1.0,1532,0.265,-3.4403,-5270.54,15m,train,0.525,2354
4.5,1.5,1532,0.245,-4.6632,-7143.99,15m,train,0.525,2354
4.5,2.0,1532,0.234,-5.6659,-8680.13,15m,train,0.525,2354
5.0,0.25,1532,0.371,-0.3453,-529.07,15m,train,0.525,2354
5.0,0.5,1532,0.302,-1.5939,-2441.9,15m,train,0.525,2354
5.0,0.75,1532,0.261,-2.56,-3921.9,15m,train,0.525,2354
5.0,1.0,1532,0.251,-3.3328,-5105.87,15m,train,0.525,2354
5.0,1.5,1532,0.23,-4.5748,-7008.64,15m,train,0.525,2354
5.0,2.0,1532,0.221,-5.5884,-8561.36,15m,train,0.525,2354
1.5,0.25,1525,0.459,-1.3401,-2043.67,15m,train,0.55,2354
1.5,0.5,1525,0.362,-2.4309,-3707.13,15m,train,0.55,2354
1.5,0.75,1525,0.265,-3.2432,-4945.92,15m,train,0.55,2354
1.5,1.0,1525,0.194,-3.9212,-5979.81,15m,train,0.55,2354
1.5,1.5,1525,0.115,-5.0517,-7703.79,15m,train,0.55,2354
1.5,2.0,1525,0.079,-6.0012,-9151.76,15m,train,0.55,2354
2.0,0.25,1525,0.45,-1.1969,-1825.2,15m,train,0.55,2354
2.0,0.5,1525,0.377,-2.3408,-3569.66,15m,train,0.55,2354
2.0,0.75,1525,0.31,-3.1749,-4841.7,15m,train,0.55,2354
2.0,1.0,1525,0.255,-3.8652,-5894.47,15m,train,0.55,2354
2.0,1.5,1525,0.165,-5.0097,-7639.85,15m,train,0.55,2354
2.0,2.0,1525,0.112,-5.9673,-9100.11,15m,train,0.55,2354
2.5,0.25,1525,0.43,-1.0165,-1550.12,15m,train,0.55,2354
2.5,0.5,1525,0.374,-2.1928,-3343.96,15m,train,0.55,2354
2.5,0.75,1525,0.327,-3.0407,-4637.11,15m,train,0.55,2354
2.5,1.0,1525,0.294,-3.7573,-5729.86,15m,train,0.55,2354
2.5,1.5,1525,0.205,-4.9206,-7503.96,15m,train,0.55,2354
2.5,2.0,1525,0.157,-5.8882,-8979.53,15m,train,0.55,2354
3.0,0.25,1525,0.41,-0.8841,-1348.27,15m,train,0.55,2354
3.0,0.5,1525,0.351,-2.1576,-3290.27,15m,train,0.55,2354
3.0,0.75,1525,0.315,-3.0348,-4628.13,15m,train,0.55,2354
3.0,1.0,1525,0.294,-3.7647,-5741.18,15m,train,0.55,2354
3.0,1.5,1525,0.242,-4.9434,-7538.67,15m,train,0.55,2354
3.0,2.0,1525,0.207,-5.9196,-9027.37,15m,train,0.55,2354
3.5,0.25,1525,0.399,-0.6432,-980.93,15m,train,0.55,2354
3.5,0.5,1525,0.34,-1.9141,-2919.06,15m,train,0.55,2354
3.5,0.75,1525,0.306,-2.8073,-4281.2,15m,train,0.55,2354
3.5,1.0,1525,0.29,-3.5467,-5408.65,15m,train,0.55,2354
3.5,1.5,1525,0.255,-4.7346,-7220.25,15m,train,0.55,2354
3.5,2.0,1525,0.231,-5.7157,-8716.39,15m,train,0.55,2354
4.0,0.25,1525,0.391,-0.4789,-730.32,15m,train,0.55,2354
4.0,0.5,1525,0.329,-1.7586,-2681.89,15m,train,0.55,2354
4.0,0.75,1525,0.292,-2.715,-4140.32,15m,train,0.55,2354
4.0,1.0,1525,0.28,-3.4733,-5296.81,15m,train,0.55,2354
4.0,1.5,1525,0.252,-4.6809,-7138.36,15m,train,0.55,2354
4.0,2.0,1525,0.233,-5.6726,-8650.65,15m,train,0.55,2354
4.5,0.25,1525,0.38,-0.3849,-586.98,15m,train,0.55,2354
4.5,0.5,1525,0.315,-1.6575,-2527.71,15m,train,0.55,2354
4.5,0.75,1525,0.277,-2.6323,-4014.21,15m,train,0.55,2354
4.5,1.0,1525,0.268,-3.3929,-5174.13,15m,train,0.55,2354
4.5,1.5,1525,0.248,-4.6064,-7024.81,15m,train,0.55,2354
4.5,2.0,1525,0.235,-5.6048,-8547.31,15m,train,0.55,2354
5.0,0.25,1525,0.372,-0.3568,-544.08,15m,train,0.55,2354
5.0,0.5,1525,0.303,-1.6213,-2472.5,15m,train,0.55,2354
5.0,0.75,1525,0.262,-2.5897,-3949.37,15m,train,0.55,2354
5.0,1.0,1525,0.252,-3.3597,-5123.48,15m,train,0.55,2354
5.0,1.5,1525,0.231,-4.5978,-7011.59,15m,train,0.55,2354
5.0,2.0,1525,0.225,-5.6092,-8554.09,15m,train,0.55,2354
1.5,0.25,1519,0.46,-1.39,-2111.37,15m,train,0.575,2354
1.5,0.5,1519,0.361,-2.4752,-3759.9,15m,train,0.575,2354
1.5,0.75,1519,0.265,-3.2847,-4989.49,15m,train,0.575,2354
1.5,1.0,1519,0.184,-3.961,-6016.74,15m,train,0.575,2354
1.5,1.5,1519,0.112,-5.0893,-7730.71,15m,train,0.575,2354
1.5,2.0,1519,0.073,-6.0374,-9170.86,15m,train,0.575,2354
2.0,0.25,1519,0.455,-1.1851,-1800.12,15m,train,0.575,2354
2.0,0.5,1519,0.382,-2.3202,-3524.41,15m,train,0.575,2354
2.0,0.75,1519,0.317,-3.1504,-4785.47,15m,train,0.575,2354
2.0,1.0,1519,0.254,-3.8384,-5830.51,15m,train,0.575,2354
2.0,1.5,1519,0.167,-4.98,-7564.63,15m,train,0.575,2354
2.0,2.0,1519,0.109,-5.9357,-9016.39,15m,train,0.575,2354
2.5,0.25,1519,0.43,-1.0503,-1595.45,15m,train,0.575,2354
2.5,0.5,1519,0.373,-2.2211,-3373.84,15m,train,0.575,2354
2.5,0.75,1519,0.326,-3.0632,-4652.98,15m,train,0.575,2354
2.5,1.0,1519,0.289,-3.7767,-5736.87,15m,train,0.575,2354
2.5,1.5,1519,0.203,-4.9363,-7498.28,15m,train,0.575,2354
2.5,2.0,1519,0.154,-5.9015,-8964.42,15m,train,0.575,2354
3.0,0.25,1519,0.413,-0.8812,-1338.56,15m,train,0.575,2354
3.0,0.5,1519,0.353,-2.1268,-3230.56,15m,train,0.575,2354
3.0,0.75,1519,0.317,-2.9924,-4545.39,15m,train,0.575,2354
3.0,1.0,1519,0.293,-3.7187,-5648.67,15m,train,0.575,2354
3.0,1.5,1519,0.239,-4.8935,-7433.18,15m,train,0.575,2354
3.0,2.0,1519,0.205,-5.8673,-8912.41,15m,train,0.575,2354
3.5,0.25,1519,0.398,-0.699,-1061.81,15m,train,0.575,2354
3.5,0.5,1519,0.34,-1.9529,-2966.53,15m,train,0.575,2354
3.5,0.75,1519,0.308,-2.8402,-4314.19,15m,train,0.575,2354
3.5,1.0,1519,0.292,-3.579,-5436.46,15m,train,0.575,2354
3.5,1.5,1519,0.255,-4.7656,-7238.96,15m,train,0.575,2354
3.5,2.0,1519,0.229,-5.7456,-8727.62,15m,train,0.575,2354
4.0,0.25,1519,0.39,-0.5385,-817.92,15m,train,0.575,2354
4.0,0.5,1519,0.329,-1.808,-2746.35,15m,train,0.575,2354
4.0,0.75,1519,0.295,-2.7399,-4161.92,15m,train,0.575,2354
4.0,1.0,1519,0.282,-3.4924,-5304.97,15m,train,0.575,2354
4.0,1.5,1519,0.253,-4.6935,-7129.39,15m,train,0.575,2354
4.0,2.0,1519,0.235,-5.6813,-8629.95,15m,train,0.575,2354
4.5,0.25,1519,0.382,-0.3871,-588.04,15m,train,0.575,2354
4.5,0.5,1519,0.319,-1.6323,-2479.51,15m,train,0.575,2354
4.5,0.75,1519,0.286,-2.5844,-3925.64,15m,train,0.575,2354
4.5,1.0,1519,0.274,-3.3424,-5077.16,15m,train,0.575,2354
4.5,1.5,1519,0.252,-4.553,-6916.04,15m,train,0.575,2354
4.5,2.0,1519,0.238,-5.5496,-8429.78,15m,train,0.575,2354
5.0,0.25,1519,0.371,-0.4134,-627.88,15m,train,0.575,2354
5.0,0.5,1519,0.302,-1.681,-2553.39,15m,train,0.575,2354
5.0,0.75,1519,0.265,-2.6493,-4024.33,15m,train,0.575,2354
5.0,1.0,1519,0.253,-3.422,-5197.98,15m,train,0.575,2354
5.0,1.5,1519,0.232,-4.6629,-7082.88,15m,train,0.575,2354
5.0,2.0,1519,0.223,-5.6744,-8619.46,15m,train,0.575,2354
1.5,0.25,1513,0.459,-1.3749,-2080.18,15m,train,0.6,2354
1.5,0.5,1513,0.357,-2.4566,-3716.79,15m,train,0.6,2354
1.5,0.75,1513,0.268,-3.2647,-4939.49,15m,train,0.6,2354
1.5,1.0,1513,0.186,-3.9402,-5961.59,15m,train,0.6,2354
1.5,1.5,1513,0.111,-5.0678,-7667.63,15m,train,0.6,2354
1.5,2.0,1513,0.073,-6.0155,-9101.51,15m,train,0.6,2354
2.0,0.25,1513,0.457,-1.1723,-1773.67,15m,train,0.6,2354
2.0,0.5,1513,0.385,-2.3026,-3483.81,15m,train,0.6,2354
2.0,0.75,1513,0.32,-3.1305,-4736.44,15m,train,0.6,2354
2.0,1.0,1513,0.25,-3.8172,-5775.49,15m,train,0.6,2354
2.0,1.5,1513,0.16,-4.9576,-7500.8,15m,train,0.6,2354
2.0,2.0,1513,0.106,-5.9127,-8945.84,15m,train,0.6,2354
2.5,0.25,1513,0.432,-1.0537,-1594.23,15m,train,0.6,2354
2.5,0.5,1513,0.374,-2.2082,-3341.03,15m,train,0.6,2354
2.5,0.75,1513,0.328,-3.0463,-4609.05,15m,train,0.6,2354
2.5,1.0,1513,0.289,-3.7582,-5686.17,15m,train,0.6,2354
2.5,1.5,1513,0.198,-4.916,-7437.87,15m,train,0.6,2354
2.5,2.0,1513,0.146,-5.8802,-8896.78,15m,train,0.6,2354
3.0,0.25,1513,0.415,-0.9262,-1401.41,15m,train,0.6,2354
3.0,0.5,1513,0.353,-2.1652,-3275.92,15m,train,0.6,2354
3.0,0.75,1513,0.32,-3.0251,-4576.98,15m,train,0.6,2354
3.0,1.0,1513,0.292,-3.7486,-5671.57,15m,train,0.6,2354
3.0,1.5,1513,0.235,-4.9191,-7442.56,15m,train,0.6,2354
3.0,2.0,1513,0.198,-5.8906,-8912.41,15m,train,0.6,2354
3.5,0.25,1513,0.401,-0.7412,-1121.39,15m,train,0.6,2354
3.5,0.5,1513,0.339,-2.001,-3027.51,15m,train,0.6,2354
3.5,0.75,1513,0.31,-2.8823,-4360.93,15m,train,0.6,2354
3.5,1.0,1513,0.291,-3.6189,-5475.4,15m,train,0.6,2354
3.5,1.5,1513,0.254,-4.8033,-7267.46,15m,train,0.6,2354
3.5,2.0,1513,0.227,-5.7824,-8748.7,15m,train,0.6,2354
4.0,0.25,1513,0.393,-0.5881,-889.85,15m,train,0.6,2354
4.0,0.5,1513,0.331,-1.8466,-2793.97,15m,train,0.6,2354
4.0,0.75,1513,0.299,-2.7522,-4164.12,15m,train,0.6,2354
4.0,1.0,1513,0.285,-3.5013,-5297.43,15m,train,0.6,2354
4.0,1.5,1513,0.257,-4.6991,-7109.75,15m,train,0.6,2354
4.0,2.0,1513,0.236,-5.6854,-8602.01,15m,train,0.6,2354
4.5,0.25,1513,0.385,-0.4093,-619.25,15m,train,0.6,2354
4.5,0.5,1513,0.317,-1.6419,-2484.2,15m,train,0.6,2354
4.5,0.75,1513,0.286,-2.5928,-3922.93,15m,train,0.6,2354
4.5,1.0,1513,0.273,-3.3502,-5068.85,15m,train,0.6,2354
4.5,1.5,1513,0.25,-4.5592,-6898.0,15m,train,0.6,2354
4.5,2.0,1513,0.237,-5.5542,-8403.51,15m,train,0.6,2354
5.0,0.25,1513,0.374,-0.4396,-665.05,15m,train,0.6,2354
5.0,0.5,1513,0.302,-1.7074,-2583.3,15m,train,0.6,2354
5.0,0.75,1513,0.268,-2.679,-4053.29,15m,train,0.6,2354
5.0,1.0,1513,0.254,-3.4489,-5218.14,15m,train,0.6,2354
5.0,1.5,1513,0.233,-4.6833,-7085.78,15m,train,0.6,2354
5.0,2.0,1513,0.223,-5.6893,-8607.94,15m,train,0.6,2354
1.5,0.25,1505,0.462,-1.3697,-2061.35,15m,train,0.625,2354
1.5,0.5,1505,0.355,-2.4418,-3674.95,15m,train,0.625,2354
1.5,0.75,1505,0.262,-3.2469,-4886.56,15m,train,0.625,2354
1.5,1.0,1505,0.181,-3.9204,-5900.21,15m,train,0.625,2354
1.5,1.5,1505,0.103,-5.0454,-7593.27,15m,train,0.625,2354
1.5,2.0,1505,0.07,-5.9913,-9016.92,15m,train,0.625,2354
2.0,0.25,1505,0.457,-1.2095,-1820.26,15m,train,0.625,2354
2.0,0.5,1505,0.383,-2.3291,-3505.32,15m,train,0.625,2354
2.0,0.75,1505,0.312,-3.1531,-4745.48,15m,train,0.625,2354
2.0,1.0,1505,0.241,-3.8375,-5775.41,15m,train,0.625,2354
2.0,1.5,1505,0.152,-4.9748,-7487.08,15m,train,0.625,2354
2.0,2.0,1505,0.103,-5.9279,-8921.55,15m,train,0.625,2354
2.5,0.25,1505,0.432,-1.1197,-1685.09,15m,train,0.625,2354
2.5,0.5,1505,0.374,-2.283,-3435.95,15m,train,0.625,2354
2.5,0.75,1505,0.326,-3.1247,-4702.69,15m,train,0.625,2354
2.5,1.0,1505,0.285,-3.8194,-5748.18,15m,train,0.625,2354
2.5,1.5,1505,0.195,-4.9687,-7477.83,15m,train,0.625,2354
2.5,2.0,1505,0.14,-5.9288,-8922.83,15m,train,0.625,2354
3.0,0.25,1505,0.415,-0.9697,-1459.41,15m,train,0.625,2354
3.0,0.5,1505,0.354,-2.1816,-3283.25,15m,train,0.625,2354
3.0,0.75,1505,0.321,-3.0334,-4565.21,15m,train,0.625,2354
3.0,1.0,1505,0.289,-3.7531,-5648.47,15m,train,0.625,2354
3.0,1.5,1505,0.229,-4.9195,-7403.79,15m,train,0.625,2354
3.0,2.0,1505,0.189,-5.8884,-8862.1,15m,train,0.625,2354
3.5,0.25,1505,0.399,-0.8059,-1212.82,15m,train,0.625,2354
3.5,0.5,1505,0.337,-2.0576,-3096.62,15m,train,0.625,2354
3.5,0.75,1505,0.31,-2.9356,-4418.04,15m,train,0.625,2354
3.5,1.0,1505,0.289,-3.6709,-5524.68,15m,train,0.625,2354
3.5,1.5,1505,0.251,-4.8537,-7304.86,15m,train,0.625,2354
3.5,2.0,1505,0.221,-5.8317,-8776.67,15m,train,0.625,2354
4.0,0.25,1505,0.392,-0.6353,-956.09,15m,train,0.625,2354
4.0,0.5,1505,0.33,-1.895,-2851.91,15m,train,0.625,2354
4.0,0.75,1505,0.298,-2.7996,-4213.4,15m,train,0.625,2354
4.0,1.0,1505,0.283,-3.5467,-5337.86,15m,train,0.625,2354
4.0,1.5,1505,0.255,-4.7416,-7136.18,15m,train,0.625,2354
4.0,2.0,1505,0.233,-5.7262,-8617.87,15m,train,0.625,2354
4.5,0.25,1505,0.385,-0.4643,-698.84,15m,train,0.625,2354
4.5,0.5,1505,0.318,-1.7113,-2575.45,15m,train,0.625,2354
4.5,0.75,1505,0.287,-2.6425,-3977.03,15m,train,0.625,2354
4.5,1.0,1505,0.274,-3.4002,-5117.29,15m,train,0.625,2354
4.5,1.5,1505,0.248,-4.606,-6932.09,15m,train,0.625,2354
4.5,2.0,1505,0.234,-5.5955,-8421.15,15m,train,0.625,2354
5.0,0.25,1505,0.373,-0.484,-728.45,15m,train,0.625,2354
5.0,0.5,1505,0.3,-1.762,-2651.86,15m,train,0.625,2354
5.0,0.75,1505,0.268,-2.723,-4098.13,15m,train,0.625,2354
5.0,1.0,1505,0.254,-3.4939,-5258.35,15m,train,0.625,2354
5.0,1.5,1505,0.233,-4.7128,-7092.77,15m,train,0.625,2354
5.0,2.0,1505,0.223,-5.7128,-8597.8,15m,train,0.625,2354
1.5,0.25,1496,0.459,-1.3655,-2042.76,15m,train,0.65,2354
1.5,0.5,1496,0.351,-2.4342,-3641.54,15m,train,0.65,2354
1.5,0.75,1496,0.257,-3.2371,-4842.77,15m,train,0.65,2354
1.5,1.0,1496,0.18,-3.9092,-5848.17,15m,train,0.65,2354
1.5,1.5,1496,0.102,-5.032,-7527.91,15m,train,0.65,2354
1.5,2.0,1496,0.068,-5.9764,-8940.66,15m,train,0.65,2354
2.0,0.25,1496,0.459,-1.1941,-1786.35,15m,train,0.65,2354
2.0,0.5,1496,0.382,-2.3123,-3459.27,15m,train,0.65,2354
2.0,0.75,1496,0.309,-3.1339,-4688.39,15m,train,0.65,2354
2.0,1.0,1496,0.243,-3.8166,-5709.63,15m,train,0.65,2354
2.0,1.5,1496,0.148,-4.9516,-7407.57,15m,train,0.65,2354
2.0,2.0,1496,0.1,-5.903,-8830.96,15m,train,0.65,2354
2.5,0.25,1496,0.433,-1.1064,-1655.17,15m,train,0.65,2354
2.5,0.5,1496,0.376,-2.2601,-3381.07,15m,train,0.65,2354
2.5,0.75,1496,0.329,-3.0965,-4632.42,15m,train,0.65,2354
2.5,1.0,1496,0.287,-3.7879,-5666.75,15m,train,0.65,2354
2.5,1.5,1496,0.2,-4.933,-7379.74,15m,train,0.65,2354
2.5,2.0,1496,0.139,-5.8903,-8811.88,15m,train,0.65,2354
3.0,0.25,1496,0.42,-0.9402,-1406.48,15m,train,0.65,2354
3.0,0.5,1496,0.362,-2.1425,-3205.21,15m,train,0.65,2354
3.0,0.75,1496,0.327,-2.9878,-4469.74,15m,train,0.65,2354
3.0,1.0,1496,0.295,-3.7042,-5541.45,15m,train,0.65,2354
3.0,1.5,1496,0.231,-4.8661,-7279.73,15m,train,0.65,2354
3.0,2.0,1496,0.182,-5.8323,-8725.08,15m,train,0.65,2354
3.5,0.25,1496,0.403,-0.806,-1205.75,15m,train,0.65,2354
3.5,0.5,1496,0.34,-2.0359,-3045.7,15m,train,0.65,2354
3.5,0.75,1496,0.311,-2.913,-4357.8,15m,train,0.65,2354
3.5,1.0,1496,0.289,-3.6452,-5453.25,15m,train,0.65,2354
3.5,1.5,1496,0.247,-4.8242,-7216.99,15m,train,0.65,2354
3.5,2.0,1496,0.217,-5.7996,-8676.22,15m,train,0.65,2354
4.0,0.25,1496,0.396,-0.6119,-915.45,15m,train,0.65,2354
4.0,0.5,1496,0.332,-1.8518,-2770.27,15m,train,0.65,2354
4.0,0.75,1496,0.301,-2.7484,-4111.66,15m,train,0.65,2354
4.0,1.0,1496,0.286,-3.4911,-5222.71,15m,train,0.65,2354
4.0,1.5,1496,0.259,-4.6808,-7002.47,15m,train,0.65,2354
4.0,2.0,1496,0.234,-5.662,-8470.39,15m,train,0.65,2354
4.5,0.25,1496,0.387,-0.5016,-750.41,15m,train,0.65,2354
4.5,0.5,1496,0.319,-1.7545,-2624.72,15m,train,0.65,2354
4.5,0.75,1496,0.288,-2.6595,-3978.68,15m,train,0.65,2354
4.5,1.0,1496,0.274,-3.4152,-5109.14,15m,train,0.65,2354
4.5,1.5,1496,0.251,-4.6192,-6910.34,15m,train,0.65,2354
4.5,2.0,1496,0.235,-5.6081,-8389.7,15m,train,0.65,2354
5.0,0.25,1496,0.376,-0.4487,-671.24,15m,train,0.65,2354
5.0,0.5,1496,0.304,-1.6935,-2533.53,15m,train,0.65,2354
5.0,0.75,1496,0.273,-2.6458,-3958.13,15m,train,0.65,2354
5.0,1.0,1496,0.261,-3.4119,-5104.24,15m,train,0.65,2354
5.0,1.5,1496,0.239,-4.6249,-6918.84,15m,train,0.65,2354
5.0,2.0,1496,0.225,-5.6212,-8409.38,15m,train,0.65,2354
1.5,0.25,1489,0.459,-1.3661,-2034.13,15m,train,0.675,2354
1.5,0.5,1489,0.35,-2.4321,-3621.47,15m,train,0.675,2354
1.5,0.75,1489,0.251,-3.2324,-4812.98,15m,train,0.675,2354
1.5,1.0,1489,0.181,-3.9029,-5811.36,15m,train,0.675,2354
1.5,1.5,1489,0.101,-5.0239,-7480.53,15m,train,0.675,2354
1.5,2.0,1489,0.066,-5.9671,-8885.03,15m,train,0.675,2354
2.0,0.25,1489,0.463,-1.2103,-1802.15,15m,train,0.675,2354
2.0,0.5,1489,0.383,-2.3226,-3458.33,15m,train,0.675,2354
2.0,0.75,1489,0.309,-3.1417,-4677.95,15m,train,0.675,2354
2.0,1.0,1489,0.239,-3.8228,-5692.2,15m,train,0.675,2354
2.0,1.5,1489,0.138,-4.956,-7379.52,15m,train,0.675,2354
2.0,2.0,1489,0.091,-5.9064,-8794.58,15m,train,0.675,2354
2.5,0.25,1489,0.442,-1.0596,-1577.77,15m,train,0.675,2354
2.5,0.5,1489,0.381,-2.2032,-3280.5,15m,train,0.675,2354
2.5,0.75,1489,0.332,-3.0368,-4521.79,15m,train,0.675,2354
2.5,1.0,1489,0.291,-3.7264,-5548.54,15m,train,0.675,2354
2.5,1.5,1489,0.196,-4.8691,-7250.15,15m,train,0.675,2354
2.5,2.0,1489,0.134,-5.8251,-8673.54,15m,train,0.675,2354
3.0,0.25,1489,0.426,-0.9352,-1392.45,15m,train,0.675,2354
3.0,0.5,1489,0.367,-2.1078,-3138.45,15m,train,0.675,2354
3.0,0.75,1489,0.329,-2.9496,-4391.94,15m,train,0.675,2354
3.0,1.0,1489,0.3,-3.6511,-5436.42,15m,train,0.675,2354
3.0,1.5,1489,0.23,-4.8079,-7158.9,15m,train,0.675,2354
3.0,2.0,1489,0.178,-5.7712,-8593.38,15m,train,0.675,2354
3.5,0.25,1489,0.407,-0.7961,-1185.35,15m,train,0.675,2354
3.5,0.5,1489,0.342,-2.0178,-3004.56,15m,train,0.675,2354
3.5,0.75,1489,0.313,-2.8901,-4303.42,15m,train,0.675,2354
3.5,1.0,1489,0.293,-3.6205,-5390.9,15m,train,0.675,2354
3.5,1.5,1489,0.248,-4.7973,-7143.14,15m,train,0.675,2354
3.5,2.0,1489,0.217,-5.7715,-8593.71,15m,train,0.675,2354
4.0,0.25,1489,0.401,-0.5852,-871.37,15m,train,0.675,2354
4.0,0.5,1489,0.337,-1.8178,-2706.72,15m,train,0.675,2354
4.0,0.75,1489,0.306,-2.7103,-4035.61,15m,train,0.675,2354
4.0,1.0,1489,0.291,-3.4508,-5138.18,15m,train,0.675,2354
4.0,1.5,1489,0.263,-4.6376,-6905.36,15m,train,0.675,2354
4.0,2.0,1489,0.239,-5.6171,-8363.82,15m,train,0.675,2354
4.5,0.25,1489,0.393,-0.4854,-722.75,15m,train,0.675,2354
4.5,0.5,1489,0.326,-1.7261,-2570.11,15m,train,0.675,2354
4.5,0.75,1489,0.295,-2.6301,-3916.19,15m,train,0.675,2354
4.5,1.0,1489,0.281,-3.3831,-5037.43,15m,train,0.675,2354
4.5,1.5,1489,0.255,-4.5832,-6824.4,15m,train,0.675,2354
4.5,2.0,1489,0.24,-5.5699,-8293.6,15m,train,0.675,2354
5.0,0.25,1489,0.381,-0.4008,-596.74,15m,train,0.675,2354
5.0,0.5,1489,0.311,-1.6393,-2440.88,15m,train,0.675,2354
5.0,0.75,1489,0.279,-2.5736,-3832.07,15m,train,0.675,2354
5.0,1.0,1489,0.267,-3.3341,-4964.43,15m,train,0.675,2354
5.0,1.5,1489,0.242,-4.541,-6761.59,15m,train,0.675,2354
5.0,2.0,1489,0.231,-5.5341,-8240.21,15m,train,0.675,2354
1.5,0.25,1485,0.457,-1.3732,-2039.17,15m,train,0.7,2354
1.5,0.5,1485,0.347,-2.4322,-3611.76,15m,train,0.7,2354
1.5,0.75,1485,0.242,-3.2289,-4794.95,15m,train,0.7,2354
1.5,1.0,1485,0.173,-3.8972,-5787.27,15m,train,0.7,2354
1.5,1.5,1485,0.099,-5.0152,-7447.51,15m,train,0.7,2354
1.5,2.0,1485,0.066,-5.9564,-8845.2,15m,train,0.7,2354
2.0,0.25,1485,0.461,-1.2274,-1822.71,15m,train,0.7,2354
2.0,0.5,1485,0.38,-2.3361,-3469.13,15m,train,0.7,2354
2.0,0.75,1485,0.303,-3.1534,-4682.82,15m,train,0.7,2354
2.0,1.0,1485,0.234,-3.8332,-5692.23,15m,train,0.7,2354
2.0,1.5,1485,0.132,-4.9643,-7371.97,15m,train,0.7,2354
2.0,2.0,1485,0.086,-5.9132,-8781.03,15m,train,0.7,2354
2.5,0.25,1485,0.442,-1.0681,-1586.07,15m,train,0.7,2354
2.5,0.5,1485,0.382,-2.205,-3274.47,15m,train,0.7,2354
2.5,0.75,1485,0.33,-3.0362,-4508.79,15m,train,0.7,2354
2.5,1.0,1485,0.286,-3.7239,-5530.05,15m,train,0.7,2354
2.5,1.5,1485,0.193,-4.8642,-7223.39,15m,train,0.7,2354
2.5,2.0,1485,0.13,-5.8185,-8640.41,15m,train,0.7,2354
3.0,0.25,1485,0.426,-0.9747,-1447.43,15m,train,0.7,2354
3.0,0.5,1485,0.364,-2.1397,-3177.45,15m,train,0.7,2354
3.0,0.75,1485,0.325,-2.9785,-4423.13,15m,train,0.7,2354
3.0,1.0,1485,0.292,-3.6781,-5462.0,15m,train,0.7,2354
3.0,1.5,1485,0.222,-4.8325,-7176.29,15m,train,0.7,2354
3.0,2.0,1485,0.17,-5.7943,-8604.55,15m,train,0.7,2354
3.5,0.25,1485,0.409,-0.8138,-1208.45,15m,train,0.7,2354
3.5,0.5,1485,0.343,-2.0248,-3006.84,15m,train,0.7,2354
3.5,0.75,1485,0.314,-2.8902,-4291.93,15m,train,0.7,2354
3.5,1.0,1485,0.291,-3.6154,-5368.82,15m,train,0.7,2354
3.5,1.5,1485,0.246,-4.7862,-7107.53,15m,train,0.7,2354
3.5,2.0,1485,0.213,-5.7568,-8548.86,15m,train,0.7,2354
4.0,0.25,1485,0.402,-0.602,-893.99,15m,train,0.7,2354
4.0,0.5,1485,0.337,-1.8149,-2695.15,15m,train,0.7,2354
4.0,0.75,1485,0.308,-2.6983,-4006.98,15m,train,0.7,2354
4.0,1.0,1485,0.291,-3.4345,-5100.25,15m,train,0.7,2354
4.0,1.5,1485,0.263,-4.6162,-6855.1,15m,train,0.7,2354
4.0,2.0,1485,0.235,-5.5926,-8304.99,15m,train,0.7,2354
4.5,0.25,1485,0.392,-0.5076,-753.75,15m,train,0.7,2354
4.5,0.5,1485,0.325,-1.7222,-2557.41,15m,train,0.7,2354
4.5,0.75,1485,0.296,-2.622,-3893.7,15m,train,0.7,2354
4.5,1.0,1485,0.282,-3.3712,-5006.27,15m,train,0.7,2354
4.5,1.5,1485,0.256,-4.5656,-6779.98,15m,train,0.7,2354
4.5,2.0,1485,0.24,-5.5487,-8239.86,15m,train,0.7,2354
5.0,0.25,1485,0.383,-0.4382,-650.72,15m,train,0.7,2354
5.0,0.5,1485,0.312,-1.6504,-2450.84,15m,train,0.7,2354
5.0,0.75,1485,0.281,-2.5796,-3830.65,15m,train,0.7,2354
5.0,1.0,1485,0.267,-3.3375,-4956.14,15m,train,0.7,2354
5.0,1.5,1485,0.244,-4.5431,-6746.52,15m,train,0.7,2354
5.0,2.0,1485,0.232,-5.5324,-8215.61,15m,train,0.7,2354
1.5,0.25,731,0.415,-2.5062,-1832.02,15m,validation,0.3,867
1.5,0.5,731,0.32,-3.8251,-2796.13,15m,validation,0.3,867
1.5,0.75,731,0.269,-4.8311,-3531.51,15m,validation,0.3,867
1.5,1.0,731,0.22,-5.6793,-4151.6,15m,validation,0.3,867
1.5,1.5,731,0.166,-7.1038,-5192.84,15m,validation,0.3,867
1.5,2.0,731,0.123,-8.3058,-6071.58,15m,validation,0.3,867
2.0,0.25,731,0.398,-2.4401,-1783.69,15m,validation,0.3,867
2.0,0.5,731,0.332,-3.8561,-2818.79,15m,validation,0.3,867
2.0,0.75,731,0.306,-4.8822,-3568.9,15m,validation,0.3,867
2.0,1.0,731,0.268,-5.7423,-4197.64,15m,validation,0.3,867
2.0,1.5,731,0.207,-7.1806,-5249.03,15m,validation,0.3,867
2.0,2.0,731,0.159,-8.391,-6133.8,15m,validation,0.3,867
2.5,0.25,731,0.38,-2.3837,-1742.47,15m,validation,0.3,867
2.5,0.5,731,0.315,-3.9307,-2873.35,15m,validation,0.3,867
2.5,0.75,731,0.295,-4.9781,-3639.01,15m,validation,0.3,867
2.5,1.0,731,0.272,-5.8496,-4276.06,15m,validation,0.3,867
2.5,1.5,731,0.22,-7.3006,-5336.75,15m,validation,0.3,867
2.5,2.0,731,0.178,-8.5183,-6226.88,15m,validation,0.3,867
3.0,0.25,731,0.357,-2.414,-1764.61,15m,validation,0.3,867
3.0,0.5,731,0.29,-4.0053,-2927.89,15m,validation,0.3,867
3.0,0.75,731,0.274,-5.0764,-3710.84,15m,validation,0.3,867
3.0,1.0,731,0.257,-5.9612,-4357.62,15m,validation,0.3,867
3.0,1.5,731,0.233,-7.4267,-5428.89,15m,validation,0.3,867
3.0,2.0,731,0.204,-8.6525,-6324.98,15m,validation,0.3,867
3.5,0.25,731,0.342,-2.369,-1731.75,15m,validation,0.3,867
3.5,0.5,731,0.272,-4.0404,-2953.55,15m,validation,0.3,867
3.5,0.75,731,0.26,-5.1475,-3762.85,15m,validation,0.3,867
3.5,1.0,731,0.241,-6.0549,-4426.17,15m,validation,0.3,867
3.5,1.5,731,0.228,-7.5434,-5514.23,15m,validation,0.3,867
3.5,2.0,731,0.207,-8.7818,-6419.49,15m,validation,0.3,867
4.0,0.25,731,0.327,-2.3881,-1745.73,15m,validation,0.3,867
4.0,0.5,731,0.257,-4.0515,-2961.66,15m,validation,0.3,867
4.0,0.75,731,0.244,-5.1673,-3777.33,15m,validation,0.3,867
4.0,1.0,731,0.227,-6.0777,-4442.83,15m,validation,0.3,867
4.0,1.5,731,0.215,-7.5717,-5534.89,15m,validation,0.3,867
4.0,2.0,731,0.204,-8.8127,-6442.11,15m,validation,0.3,867
4.5,0.25,731,0.316,-2.3802,-1739.91,15m,validation,0.3,867
4.5,0.5,731,0.246,-4.0149,-2934.9,15m,validation,0.3,867
4.5,0.75,731,0.231,-5.134,-3752.93,15m,validation,0.3,867
4.5,1.0,731,0.215,-6.0464,-4419.95,15m,validation,0.3,867
4.5,1.5,731,0.205,-7.5428,-5513.82,15m,validation,0.3,867
4.5,2.0,731,0.196,-8.7854,-6422.09,15m,validation,0.3,867
5.0,0.25,731,0.315,-2.1931,-1603.14,15m,validation,0.3,867
5.0,0.5,731,0.244,-3.7884,-2769.33,15m,validation,0.3,867
5.0,0.75,731,0.227,-4.9527,-3620.4,15m,validation,0.3,867
5.0,1.0,731,0.209,-5.9072,-4318.14,15m,validation,0.3,867
5.0,1.5,731,0.198,-7.4131,-5418.95,15m,validation,0.3,867
5.0,2.0,731,0.185,-8.6593,-6329.96,15m,validation,0.3,867
1.5,0.25,729,0.413,-2.4881,-1813.79,15m,validation,0.325,867
1.5,0.5,729,0.322,-3.8009,-2770.85,15m,validation,0.325,867
1.5,0.75,729,0.269,-4.8058,-3503.45,15m,validation,0.325,867
1.5,1.0,729,0.218,-5.6536,-4121.45,15m,validation,0.325,867
1.5,1.5,729,0.159,-7.0773,-5159.38,15m,validation,0.325,867
1.5,2.0,729,0.121,-8.279,-6035.4,15m,validation,0.325,867
2.0,0.25,729,0.405,-2.3602,-1720.62,15m,validation,0.325,867
2.0,0.5,729,0.336,-3.7717,-2749.53,15m,validation,0.325,867
2.0,0.75,729,0.31,-4.7958,-3496.14,15m,validation,0.325,867
2.0,1.0,729,0.272,-5.6547,-4122.26,15m,validation,0.325,867
2.0,1.5,729,0.204,-7.0914,-5169.65,15m,validation,0.325,867
2.0,2.0,729,0.162,-8.3008,-6051.28,15m,validation,0.325,867
2.5,0.25,729,0.383,-2.2902,-1669.56,15m,validation,0.325,867
2.5,0.5,729,0.318,-3.8503,-2806.84,15m,validation,0.325,867
2.5,0.75,729,0.295,-4.9018,-3573.39,15m,validation,0.325,867
2.5,1.0,729,0.272,-5.7753,-4210.21,15m,validation,0.325,867
2.5,1.5,729,0.225,-7.2285,-5269.6,15m,validation,0.325,867
2.5,2.0,729,0.184,-8.4474,-6158.16,15m,validation,0.325,867
3.0,0.25,729,0.361,-2.3347,-1702.0,15m,validation,0.325,867
3.0,0.5,729,0.292,-3.9492,-2878.96,15m,validation,0.325,867
3.0,0.75,729,0.273,-5.0197,-3659.33,15m,validation,0.325,867
3.0,1.0,729,0.257,-5.9041,-4304.11,15m,validation,0.325,867
3.0,1.5,729,0.232,-7.3691,-5372.1,15m,validation,0.325,867
3.0,2.0,729,0.2,-8.5946,-6265.47,15m,validation,0.325,867
3.5,0.25,729,0.347,-2.2486,-1639.23,15m,validation,0.325,867
3.5,0.5,729,0.277,-3.8633,-2816.33,15m,validation,0.325,867
3.5,0.75,729,0.263,-4.9742,-3626.21,15m,validation,0.325,867
3.5,1.0,729,0.247,-5.8829,-4288.66,15m,validation,0.325,867
3.5,1.5,729,0.233,-7.3722,-5374.35,15m,validation,0.325,867
3.5,2.0,729,0.21,-8.6109,-6277.33,15m,validation,0.325,867
4.0,0.25,729,0.333,-2.2083,-1609.84,15m,validation,0.325,867
4.0,0.5,729,0.262,-3.9047,-2846.51,15m,validation,0.325,867
4.0,0.75,729,0.247,-5.027,-3664.7,15m,validation,0.325,867
4.0,1.0,729,0.23,-5.9436,-4332.87,15m,validation,0.325,867
4.0,1.5,729,0.218,-7.4418,-5425.08,15m,validation,0.325,867
4.0,2.0,729,0.207,-8.6851,-6331.45,15m,validation,0.325,867
4.5,0.25,729,0.321,-2.2962,-1673.95,15m,validation,0.325,867
4.5,0.5,729,0.25,-3.9474,-2877.66,15m,validation,0.325,867
4.5,0.75,729,0.233,-5.0662,-3693.24,15m,validation,0.325,867
4.5,1.0,729,0.218,-5.9789,-4358.65,15m,validation,0.325,867
4.5,1.5,729,0.209,-7.4755,-5449.62,15m,validation,0.325,867
4.5,2.0,729,0.198,-8.718,-6355.4,15m,validation,0.325,867
5.0,0.25,729,0.318,-2.1126,-1540.08,15m,validation,0.325,867
5.0,0.5,729,0.246,-3.72,-2711.91,15m,validation,0.325,867
5.0,0.75,729,0.228,-4.8844,-3560.69,15m,validation,0.325,867
5.0,1.0,729,0.213,-5.7991,-4227.53,15m,validation,0.325,867
5.0,1.5,729,0.2,-7.2971,-5319.62,15m,validation,0.325,867
5.0,2.0,729,0.189,-8.5398,-6225.53,15m,validation,0.325,867
1.5,0.25,728,0.413,-2.6023,-1894.51,15m,validation,0.35,867
1.5,0.5,728,0.319,-3.9019,-2840.55,15m,validation,0.35,867
1.5,0.75,728,0.264,-4.9008,-3567.78,15m,validation,0.35,867
1.5,1.0,728,0.214,-5.7448,-4182.21,15m,validation,0.35,867
1.5,1.5,728,0.151,-7.1638,-5215.26,15m,validation,0.35,867
1.5,2.0,728,0.114,-8.3624,-6087.82,15m,validation,0.35,867
2.0,0.25,728,0.404,-2.4524,-1785.34,15m,validation,0.35,867
2.0,0.5,728,0.331,-3.8528,-2804.84,15m,validation,0.35,867
2.0,0.75,728,0.304,-4.8718,-3546.69,15m,validation,0.35,867
2.0,1.0,728,0.269,-5.7274,-4169.57,15m,validation,0.35,867
2.0,1.5,728,0.196,-7.1599,-5212.44,15m,validation,0.35,867
2.0,2.0,728,0.154,-8.3665,-6090.78,15m,validation,0.35,867
2.5,0.25,728,0.379,-2.4211,-1762.58,15m,validation,0.35,867
2.5,0.5,728,0.313,-3.9768,-2895.13,15m,validation,0.35,867
2.5,0.75,728,0.288,-5.0261,-3659.04,15m,validation,0.35,867
2.5,1.0,728,0.265,-5.8981,-4293.8,15m,validation,0.35,867
2.5,1.5,728,0.214,-7.3489,-5350.02,15m,validation,0.35,867
2.5,2.0,728,0.174,-8.5661,-6236.1,15m,validation,0.35,867
3.0,0.25,728,0.363,-2.4042,-1750.28,15m,validation,0.35,867
3.0,0.5,728,0.291,-4.0044,-2915.2,15m,validation,0.35,867
3.0,0.75,728,0.273,-5.0707,-3691.45,15m,validation,0.35,867
3.0,1.0,728,0.254,-5.9524,-4333.38,15m,validation,0.35,867
3.0,1.5,728,0.227,-7.4139,-5397.35,15m,validation,0.35,867
3.0,2.0,728,0.195,-8.6371,-6287.8,15m,validation,0.35,867
3.5,0.25,728,0.346,-2.3804,-1732.93,15m,validation,0.35,867
3.5,0.5,728,0.275,-4.0078,-2917.69,15m,validation,0.35,867
3.5,0.75,728,0.261,-5.1195,-3726.99,15m,validation,0.35,867
3.5,1.0,728,0.242,-6.0162,-4379.82,15m,validation,0.35,867
3.5,1.5,728,0.229,-7.4926,-5454.63,15m,validation,0.35,867
3.5,2.0,728,0.206,-8.7238,-6350.94,15m,validation,0.35,867
4.0,0.25,728,0.335,-2.3109,-1682.31,15m,validation,0.35,867
4.0,0.5,728,0.265,-3.9274,-2859.12,15m,validation,0.35,867
4.0,0.75,728,0.25,-5.0326,-3663.77,15m,validation,0.35,867
4.0,1.0,728,0.232,-5.9401,-4324.4,15m,validation,0.35,867
4.0,1.5,728,0.22,-7.4276,-5407.33,15m,validation,0.35,867
4.0,2.0,728,0.209,-8.6645,-6307.72,15m,validation,0.35,867
4.5,0.25,728,0.32,-2.4256,-1765.85,15m,validation,0.35,867
4.5,0.5,728,0.249,-4.0157,-2923.44,15m,validation,0.35,867
4.5,0.75,728,0.232,-5.1237,-3730.06,15m,validation,0.35,867
4.5,1.0,728,0.216,-6.0309,-4390.48,15m,validation,0.35,867
4.5,1.5,728,0.206,-7.5207,-5475.07,15m,validation,0.35,867
4.5,2.0,728,0.195,-8.759,-6376.55,15m,validation,0.35,867
5.0,0.25,728,0.316,-2.291,-1667.84,15m,validation,0.35,867
5.0,0.5,728,0.243,-3.8546,-2806.12,15m,validation,0.35,867
5.0,0.75,728,0.225,-5.0132,-3649.58,15m,validation,0.35,867
5.0,1.0,728,0.209,-5.9218,-4311.06,15m,validation,0.35,867
5.0,1.5,728,0.198,-7.4132,-5396.8,15m,validation,0.35,867
5.0,2.0,728,0.187,-8.6519,-6298.61,15m,validation,0.35,867
1.5,0.25,727,0.42,-2.5463,-1851.17,15m,validation,0.375,867
1.5,0.5,727,0.322,-3.8427,-2793.62,15m,validation,0.375,867
1.5,0.75,727,0.264,-4.8414,-3519.72,15m,validation,0.375,867
1.5,1.0,727,0.216,-5.6856,-4133.44,15m,validation,0.375,867
1.5,1.5,727,0.153,-7.1053,-5165.52,15m,validation,0.375,867
1.5,2.0,727,0.117,-8.3044,-6037.33,15m,validation,0.375,867
2.0,0.25,727,0.409,-2.4314,-1767.61,15m,validation,0.375,867
2.0,0.5,727,0.341,-3.8146,-2773.24,15m,validation,0.375,867
2.0,0.75,727,0.304,-4.8336,-3514.01,15m,validation,0.375,867
2.0,1.0,727,0.268,-5.6894,-4136.2,15m,validation,0.375,867
2.0,1.5,727,0.188,-7.1225,-5178.05,15m,validation,0.375,867
2.0,2.0,727,0.147,-8.3296,-6055.59,15m,validation,0.375,867
2.5,0.25,727,0.378,-2.3755,-1727.02,15m,validation,0.375,867
2.5,0.5,727,0.325,-3.8851,-2824.49,15m,validation,0.375,867
2.5,0.75,727,0.296,-4.9288,-3583.22,15m,validation,0.375,867
2.5,1.0,727,0.274,-5.798,-4215.13,15m,validation,0.375,867
2.5,1.5,727,0.217,-7.2461,-5267.89,15m,validation,0.375,867
2.5,2.0,727,0.176,-8.4618,-6151.72,15m,validation,0.375,867
3.0,0.25,727,0.367,-2.3488,-1707.57,15m,validation,0.375,867
3.0,0.5,727,0.3,-3.9406,-2864.78,15m,validation,0.375,867
3.0,0.75,727,0.278,-5.0047,-3638.45,15m,validation,0.375,867
3.0,1.0,727,0.26,-5.8857,-4278.9,15m,validation,0.375,867
3.0,1.5,727,0.231,-7.3466,-5340.97,15m,validation,0.375,867
3.0,2.0,727,0.197,-8.5696,-6230.11,15m,validation,0.375,867
3.5,0.25,727,0.345,-2.3625,-1717.53,15m,validation,0.375,867
3.5,0.5,727,0.275,-4.0154,-2919.21,15m,validation,0.375,867
3.5,0.75,727,0.26,-5.1003,-3707.91,15m,validation,0.375,867
3.5,1.0,727,0.242,-5.9922,-4356.35,15m,validation,0.375,867
3.5,1.5,727,0.23,-7.4653,-5427.26,15m,validation,0.375,867
3.5,2.0,727,0.208,-8.6952,-6321.42,15m,validation,0.375,867
4.0,0.25,727,0.336,-2.2863,-1662.13,15m,validation,0.375,867
4.0,0.5,727,0.264,-3.9405,-2864.73,15m,validation,0.375,867
4.0,0.75,727,0.248,-5.0241,-3652.54,15m,validation,0.375,867
4.0,1.0,727,0.232,-5.9295,-4310.72,15m,validation,0.375,867
4.0,1.5,727,0.221,-7.4166,-5391.84,15m,validation,0.375,867
4.0,2.0,727,0.209,-8.6538,-6291.29,15m,validation,0.375,867
4.5,0.25,727,0.323,-2.3657,-1719.89,15m,validation,0.375,867
4.5,0.5,727,0.25,-3.9964,-2905.36,15m,validation,0.375,867
4.5,0.75,727,0.234,-5.0809,-3693.82,15m,validation,0.375,867
4.5,1.0,727,0.219,-5.9848,-4350.95,15m,validation,0.375,867
4.5,1.5,727,0.209,-7.4728,-5432.73,15m,validation,0.375,867
4.5,2.0,727,0.197,-8.7107,-6332.69,15m,validation,0.375,867
5.0,0.25,727,0.318,-2.2387,-1627.51,15m,validation,0.375,867
5.0,0.5,727,0.243,-3.8792,-2820.17,15m,validation,0.375,867
5.0,0.75,727,0.224,-4.9662,-3610.43,15m,validation,0.375,867
5.0,1.0,727,0.21,-5.8716,-4268.66,15m,validation,0.375,867
5.0,1.5,727,0.202,-7.3615,-5351.78,15m,validation,0.375,867
5.0,2.0,727,0.193,-8.6005,-6252.57,15m,validation,0.375,867
1.5,0.25,726,0.427,-2.4956,-1811.82,15m,validation,0.4,867
1.5,0.5,726,0.32,-3.7885,-2750.44,15m,validation,0.4,867
1.5,0.75,726,0.26,-4.7858,-3474.51,15m,validation,0.4,867
1.5,1.0,726,0.209,-5.6291,-4086.75,15m,validation,0.4,867
1.5,1.5,726,0.15,-7.0476,-5116.56,15m,validation,0.4,867
1.5,2.0,726,0.116,-8.246,-5986.59,15m,validation,0.4,867
2.0,0.25,726,0.412,-2.3937,-1737.8,15m,validation,0.4,867
2.0,0.5,726,0.337,-3.7691,-2736.36,15m,validation,0.4,867
2.0,0.75,726,0.304,-4.7854,-3474.2,15m,validation,0.4,867
2.0,1.0,726,0.267,-5.6397,-4094.42,15m,validation,0.4,867
2.0,1.5,726,0.186,-7.0709,-5133.47,15m,validation,0.4,867
2.0,2.0,726,0.149,-8.2767,-6008.91,15m,validation,0.4,867
2.5,0.25,726,0.384,-2.2913,-1663.49,15m,validation,0.4,867
2.5,0.5,726,0.333,-3.7346,-2711.33,15m,validation,0.4,867
2.5,0.75,726,0.304,-4.7679,-3461.53,15m,validation,0.4,867
2.5,1.0,726,0.281,-5.6317,-4088.62,15m,validation,0.4,867
2.5,1.5,726,0.226,-7.0737,-5135.5,15m,validation,0.4,867
2.5,2.0,726,0.182,-8.2858,-6015.49,15m,validation,0.4,867
3.0,0.25,726,0.372,-2.2375,-1624.41,15m,validation,0.4,867
3.0,0.5,726,0.303,-3.8431,-2790.06,15m,validation,0.4,867
3.0,0.75,726,0.284,-4.9113,-3565.63,15m,validation,0.4,867
3.0,1.0,726,0.264,-5.7943,-4206.69,15m,validation,0.4,867
3.0,1.5,726,0.229,-7.2572,-5268.75,15m,validation,0.4,867
3.0,2.0,726,0.189,-8.4812,-6157.36,15m,validation,0.4,867
3.5,0.25,726,0.351,-2.2584,-1639.59,15m,validation,0.4,867
3.5,0.5,726,0.28,-3.9288,-2852.33,15m,validation,0.4,867
3.5,0.75,726,0.263,-5.0163,-3641.85,15m,validation,0.4,867
3.5,1.0,726,0.245,-5.9094,-4290.2,15m,validation,0.4,867
3.5,1.5,726,0.231,-7.3833,-5360.29,15m,validation,0.4,867
3.5,2.0,726,0.208,-8.6135,-6253.41,15m,validation,0.4,867
4.0,0.25,726,0.34,-2.1566,-1565.69,15m,validation,0.4,867
4.0,0.5,726,0.267,-3.7914,-2752.58,15m,validation,0.4,867
4.0,0.75,726,0.252,-4.8728,-3537.68,15m,validation,0.4,867
4.0,1.0,726,0.237,-5.7764,-4193.68,15m,validation,0.4,867
4.0,1.5,726,0.225,-7.258,-5269.34,15m,validation,0.4,867
4.0,2.0,726,0.211,-8.4921,-6165.24,15m,validation,0.4,867
4.5,0.25,726,0.326,-2.252,-1634.98,15m,validation,0.4,867
4.5,0.5,726,0.253,-3.877,-2814.67,15m,validation,0.4,867
4.5,0.75,726,0.237,-4.9552,-3597.45,15m,validation,0.4,867
4.5,1.0,726,0.222,-5.8558,-4251.31,15m,validation,0.4,867
4.5,1.5,726,0.211,-7.3401,-5328.88,15m,validation,0.4,867
4.5,2.0,726,0.2,-8.5757,-6225.95,15m,validation,0.4,867
5.0,0.25,726,0.32,-2.1982,-1595.86,15m,validation,0.4,867
5.0,0.5,726,0.245,-3.86,-2802.37,15m,validation,0.4,867
5.0,0.75,726,0.226,-4.9486,-3592.7,15m,validation,0.4,867
5.0,1.0,726,0.212,-5.8549,-4250.67,15m,validation,0.4,867
5.0,1.5,726,0.202,-7.3455,-5332.86,15m,validation,0.4,867
5.0,2.0,726,0.193,-8.5848,-6232.58,15m,validation,0.4,867
1.5,0.25,724,0.434,-2.3365,-1691.6,15m,validation,0.425,867
1.5,0.5,724,0.325,-3.6245,-2624.14,15m,validation,0.425,867
1.5,0.75,724,0.267,-4.6199,-3344.78,15m,validation,0.425,867
1.5,1.0,724,0.21,-5.4621,-3954.53,15m,validation,0.425,867
1.5,1.5,724,0.157,-6.8793,-4980.61,15m,validation,0.425,867
1.5,2.0,724,0.116,-8.077,-5847.74,15m,validation,0.425,867
2.0,0.25,724,0.413,-2.2973,-1663.26,15m,validation,0.425,867
2.0,0.5,724,0.341,-3.6341,-2631.05,15m,validation,0.425,867
2.0,0.75,724,0.308,-4.6474,-3364.69,15m,validation,0.425,867
2.0,1.0,724,0.267,-5.4997,-3981.77,15m,validation,0.425,867
2.0,1.5,724,0.191,-6.9285,-5016.23,15m,validation,0.425,867
2.0,2.0,724,0.151,-8.1329,-5888.23,15m,validation,0.425,867
2.5,0.25,724,0.387,-2.1859,-1582.62,15m,validation,0.425,867
2.5,0.5,724,0.336,-3.6234,-2623.37,15m,validation,0.425,867
2.5,0.75,724,0.307,-4.6548,-3370.1,15m,validation,0.425,867
2.5,1.0,724,0.285,-5.5175,-3994.7,15m,validation,0.425,867
2.5,1.5,724,0.229,-6.9583,-5037.82,15m,validation,0.425,867
2.5,2.0,724,0.181,-8.1697,-5914.87,15m,validation,0.425,867
3.0,0.25,724,0.373,-2.1307,-1542.61,15m,validation,0.425,867
3.0,0.5,724,0.309,-3.7067,-2683.63,15m,validation,0.425,867
3.0,0.75,724,0.287,-4.7681,-3452.12,15m,validation,0.425,867
3.0,1.0,724,0.267,-5.6474,-4088.7,15m,validation,0.425,867
3.0,1.5,724,0.229,-7.1061,-5144.78,15m,validation,0.425,867
3.0,2.0,724,0.191,-8.3276,-6029.18,15m,validation,0.425,867
3.5,0.25,724,0.352,-2.2093,-1599.54,15m,validation,0.425,867
3.5,0.5,724,0.285,-3.8613,-2795.55,15m,validation,0.425,867
3.5,0.75,724,0.265,-4.9421,-3578.07,15m,validation,0.425,867
3.5,1.0,724,0.247,-5.8317,-4222.19,15m,validation,0.425,867
3.5,1.5,724,0.232,-7.3022,-5286.77,15m,validation,0.425,867
3.5,2.0,724,0.207,-8.5305,-6176.08,15m,validation,0.425,867
4.0,0.25,724,0.34,-2.1258,-1539.1,15m,validation,0.425,867
4.0,0.5,724,0.271,-3.7534,-2717.5,15m,validation,0.425,867
4.0,0.75,724,0.254,-4.83,-3496.9,15m,validation,0.425,867
4.0,1.0,724,0.239,-5.7298,-4148.34,15m,validation,0.425,867
4.0,1.5,724,0.227,-7.2104,-5220.32,15m,validation,0.425,867
4.0,2.0,724,0.211,-8.4442,-6113.63,15m,validation,0.425,867
4.5,0.25,724,0.327,-2.1829,-1580.4,15m,validation,0.425,867
4.5,0.5,724,0.256,-3.8132,-2760.72,15m,validation,0.425,867
4.5,0.75,724,0.238,-4.8921,-3541.88,15m,validation,0.425,867
4.5,1.0,724,0.222,-5.7932,-4194.27,15m,validation,0.425,867
4.5,1.5,724,0.213,-7.278,-5269.25,15m,validation,0.425,867
4.5,2.0,724,0.2,-8.5139,-6164.07,15m,validation,0.425,867
5.0,0.25,724,0.319,-2.1292,-1541.55,15m,validation,0.425,867
5.0,0.5,724,0.247,-3.7832,-2739.05,15m,validation,0.425,867
5.0,0.75,724,0.228,-4.8681,-3524.53,15m,validation,0.425,867
5.0,1.0,724,0.213,-5.7725,-4179.29,15m,validation,0.425,867
5.0,1.5,724,0.206,-7.261,-5256.97,15m,validation,0.425,867
5.0,2.0,724,0.195,-8.4991,-6153.36,15m,validation,0.425,867
1.5,0.25,723,0.427,-2.419,-1748.96,15m,validation,0.45,867
1.5,0.5,723,0.318,-3.7074,-2680.48,15m,validation,0.45,867
1.5,0.75,723,0.26,-4.7015,-3399.22,15m,validation,0.45,867
1.5,1.0,723,0.203,-5.5429,-4007.51,15m,validation,0.45,867
1.5,1.5,723,0.154,-6.9589,-5031.29,15m,validation,0.45,867
1.5,2.0,723,0.112,-8.1557,-5896.58,15m,validation,0.45,867
2.0,0.25,723,0.412,-2.2245,-1608.28,15m,validation,0.45,867
2.0,0.5,723,0.347,-3.5628,-2575.94,15m,validation,0.45,867
2.0,0.75,723,0.311,-4.5753,-3307.92,15m,validation,0.45,867
2.0,1.0,723,0.267,-5.4268,-3923.55,15m,validation,0.45,867
2.0,1.5,723,0.189,-6.8543,-4955.62,15m,validation,0.45,867
2.0,2.0,723,0.145,-8.0576,-5825.68,15m,validation,0.45,867
2.5,0.25,723,0.385,-2.179,-1575.4,15m,validation,0.45,867
2.5,0.5,723,0.336,-3.5983,-2601.56,15m,validation,0.45,867
2.5,0.75,723,0.308,-4.6254,-3344.18,15m,validation,0.45,867
2.5,1.0,723,0.281,-5.4856,-3966.09,15m,validation,0.45,867
2.5,1.5,723,0.232,-6.9232,-5005.49,15m,validation,0.45,867
2.5,2.0,723,0.184,-8.1326,-5879.87,15m,validation,0.45,867
3.0,0.25,723,0.371,-2.188,-1581.9,15m,validation,0.45,867
3.0,0.5,723,0.31,-3.7627,-2720.41,15m,validation,0.45,867
3.0,0.75,723,0.289,-4.8248,-3488.36,15m,validation,0.45,867
3.0,1.0,723,0.266,-5.703,-4123.23,15m,validation,0.45,867
3.0,1.5,723,0.228,-7.1604,-5176.96,15m,validation,0.45,867
3.0,2.0,723,0.185,-8.3811,-6059.55,15m,validation,0.45,867
3.5,0.25,723,0.351,-2.2206,-1605.51,15m,validation,0.45,867
3.5,0.5,723,0.286,-3.8433,-2778.7,15m,validation,0.45,867
3.5,0.75,723,0.268,-4.915,-3553.57,15m,validation,0.45,867
3.5,1.0,723,0.25,-5.7998,-4193.29,15m,validation,0.45,867
3.5,1.5,723,0.235,-7.2646,-5252.3,15m,validation,0.45,867
3.5,2.0,723,0.206,-8.4894,-6137.83,15m,validation,0.45,867
4.0,0.25,723,0.337,-2.1613,-1562.65,15m,validation,0.45,867
4.0,0.5,723,0.271,-3.7597,-2718.27,15m,validation,0.45,867
4.0,0.75,723,0.256,-4.8277,-3490.46,15m,validation,0.45,867
4.0,1.0,723,0.239,-5.7227,-4137.55,15m,validation,0.45,867
4.0,1.5,723,0.227,-7.1979,-5204.09,15m,validation,0.45,867
4.0,2.0,723,0.209,-8.4284,-6093.76,15m,validation,0.45,867
4.5,0.25,723,0.329,-2.1809,-1576.77,15m,validation,0.45,867
4.5,0.5,723,0.259,-3.7877,-2738.54,15m,validation,0.45,867
4.5,0.75,723,0.242,-4.857,-3511.58,15m,validation,0.45,867
4.5,1.0,723,0.225,-5.755,-4160.87,15m,validation,0.45,867
4.5,1.5,723,0.214,-7.2339,-5230.08,15m,validation,0.45,867
4.5,2.0,723,0.203,-8.466,-6120.94,15m,validation,0.45,867
5.0,0.25,723,0.317,-2.1311,-1540.75,15m,validation,0.45,867
5.0,0.5,723,0.246,-3.7392,-2703.42,15m,validation,0.45,867
5.0,0.75,723,0.228,-4.8102,-3477.76,15m,validation,0.45,867
5.0,1.0,723,0.212,-5.7073,-4126.39,15m,validation,0.45,867
5.0,1.5,723,0.206,-7.1877,-5196.7,15m,validation,0.45,867
5.0,2.0,723,0.196,-8.421,-6088.38,15m,validation,0.45,867
1.5,0.25,719,0.43,-2.3817,-1712.46,15m,validation,0.475,867
1.5,0.5,719,0.313,-3.6673,-2636.81,15m,validation,0.475,867
1.5,0.75,719,0.256,-4.6604,-3350.79,15m,validation,0.475,867
1.5,1.0,719,0.203,-5.5011,-3955.31,15m,validation,0.475,867
1.5,1.5,719,0.152,-6.9166,-4973.01,15m,validation,0.475,867
1.5,2.0,719,0.108,-8.1131,-5833.33,15m,validation,0.475,867
2.0,0.25,719,0.406,-2.2786,-1638.28,15m,validation,0.475,867
2.0,0.5,719,0.337,-3.6037,-2591.03,15m,validation,0.475,867
2.0,0.75,719,0.302,-4.6114,-3315.6,15m,validation,0.475,867
2.0,1.0,719,0.266,-5.4603,-3925.95,15m,validation,0.475,867
2.0,1.5,719,0.188,-6.8848,-4950.21,15m,validation,0.475,867
2.0,2.0,719,0.14,-8.0866,-5814.24,15m,validation,0.475,867
2.5,0.25,719,0.382,-2.2459,-1614.81,15m,validation,0.475,867
2.5,0.5,719,0.33,-3.664,-2634.41,15m,validation,0.475,867
2.5,0.75,719,0.306,-4.6905,-3372.44,15m,validation,0.475,867
2.5,1.0,719,0.28,-5.5502,-3990.6,15m,validation,0.475,867
2.5,1.5,719,0.224,-6.9873,-5023.88,15m,validation,0.475,867
2.5,2.0,719,0.172,-8.1964,-5893.19,15m,validation,0.475,867
3.0,0.25,719,0.374,-2.1922,-1576.22,15m,validation,0.475,867
3.0,0.5,719,0.312,-3.6953,-2656.89,15m,validation,0.475,867
3.0,0.75,719,0.293,-4.7462,-3412.54,15m,validation,0.475,867
3.0,1.0,719,0.273,-5.6186,-4039.74,15m,validation,0.475,867
3.0,1.5,719,0.229,-7.0697,-5083.12,15m,validation,0.475,867
3.0,2.0,719,0.186,-8.287,-5958.32,15m,validation,0.475,867
3.5,0.25,719,0.352,-2.2136,-1591.58,15m,validation,0.475,867
3.5,0.5,719,0.287,-3.7973,-2730.23,15m,validation,0.475,867
3.5,0.75,719,0.268,-4.864,-3497.2,15m,validation,0.475,867
3.5,1.0,719,0.252,-5.7462,-4131.48,15m,validation,0.475,867
3.5,1.5,719,0.235,-7.208,-5182.54,15m,validation,0.475,867
3.5,2.0,719,0.204,-8.4312,-6062.0,15m,validation,0.475,867
4.0,0.25,719,0.341,-2.1211,-1525.04,15m,validation,0.475,867
4.0,0.5,719,0.273,-3.715,-2671.11,15m,validation,0.475,867
4.0,0.75,719,0.256,-4.7904,-3444.27,15m,validation,0.475,867
4.0,1.0,719,0.241,-5.678,-4082.5,15m,validation,0.475,867
4.0,1.5,719,0.228,-7.1464,-5138.25,15m,validation,0.475,867
4.0,2.0,719,0.207,-8.3735,-6020.55,15m,validation,0.475,867
4.5,0.25,719,0.332,-2.0346,-1462.87,15m,validation,0.475,867
4.5,0.5,719,0.261,-3.6016,-2589.59,15m,validation,0.475,867
4.5,0.75,719,0.245,-4.6644,-3353.7,15m,validation,0.475,867
4.5,1.0,719,0.228,-5.5595,-3997.31,15m,validation,0.475,867
4.5,1.5,719,0.217,-7.0356,-5058.58,15m,validation,0.475,867
4.5,2.0,719,0.206,-8.2664,-5943.52,15m,validation,0.475,867
5.0,0.25,719,0.318,-2.0963,-1507.25,15m,validation,0.475,867
5.0,0.5,719,0.248,-3.6732,-2641.0,15m,validation,0.475,867
5.0,0.75,719,0.228,-4.7408,-3408.63,15m,validation,0.475,867
5.0,1.0,719,0.211,-5.6363,-4052.5,15m,validation,0.475,867
5.0,1.5,719,0.206,-7.115,-5115.67,15m,validation,0.475,867
5.0,2.0,719,0.195,-8.3474,-6001.79,15m,validation,0.475,867
1.5,0.25,715,0.429,-2.3296,-1665.69,15m,validation,0.5,867
1.5,0.5,715,0.309,-3.6204,-2588.58,15m,validation,0.5,867
1.5,0.75,715,0.25,-4.6155,-3300.06,15m,validation,0.5,867
1.5,1.0,715,0.197,-5.4574,-3902.05,15m,validation,0.5,867
1.5,1.5,715,0.15,-6.8742,-4915.08,15m,validation,0.5,867
1.5,2.0,715,0.103,-8.0716,-5771.2,15m,validation,0.5,867
2.0,0.25,715,0.404,-2.2284,-1593.29,15m,validation,0.5,867
2.0,0.5,715,0.334,-3.5509,-2538.87,15m,validation,0.5,867
2.0,0.75,715,0.299,-4.5578,-3258.82,15m,validation,0.5,867
2.0,1.0,715,0.259,-5.4062,-3865.45,15m,validation,0.5,867
2.0,1.5,715,0.182,-6.8303,-4883.63,15m,validation,0.5,867
2.0,2.0,715,0.134,-8.0316,-5742.62,15m,validation,0.5,867
2.5,0.25,715,0.387,-2.1382,-1528.8,15m,validation,0.5,867
2.5,0.5,715,0.336,-3.5545,-2541.46,15m,validation,0.5,867
2.5,0.75,715,0.309,-4.5805,-3275.04,15m,validation,0.5,867
2.5,1.0,715,0.28,-5.44,-3889.58,15m,validation,0.5,867
2.5,1.5,715,0.221,-6.8768,-4916.9,15m,validation,0.5,867
2.5,2.0,715,0.172,-8.0857,-5781.24,15m,validation,0.5,867
3.0,0.25,715,0.375,-2.071,-1480.79,15m,validation,0.5,867
3.0,0.5,715,0.316,-3.5621,-2546.9,15m,validation,0.5,867
3.0,0.75,715,0.297,-4.6058,-3293.12,15m,validation,0.5,867
3.0,1.0,715,0.274,-5.4749,-3914.54,15m,validation,0.5,867
3.0,1.5,715,0.234,-6.9226,-4949.68,15m,validation,0.5,867
3.0,2.0,715,0.19,-8.1379,-5818.62,15m,validation,0.5,867
3.5,0.25,715,0.357,-2.0255,-1448.24,15m,validation,0.5,867
3.5,0.5,715,0.297,-3.6121,-2582.66,15m,validation,0.5,867
3.5,0.75,715,0.277,-4.6824,-3347.93,15m,validation,0.5,867
3.5,1.0,715,0.257,-5.5663,-3979.88,15m,validation,0.5,867
3.5,1.5,715,0.236,-7.0298,-5026.3,15m,validation,0.5,867
3.5,2.0,715,0.207,-8.2539,-5901.54,15m,validation,0.5,867
4.0,0.25,715,0.341,-2.0398,-1458.44,15m,validation,0.5,867
4.0,0.5,715,0.277,-3.6488,-2608.92,15m,validation,0.5,867
4.0,0.75,715,0.259,-4.7274,-3380.08,15m,validation,0.5,867
4.0,1.0,715,0.242,-5.6162,-4015.61,15m,validation,0.5,867
4.0,1.5,715,0.229,-7.0858,-5066.33,15m,validation,0.5,867
4.0,2.0,715,0.207,-8.3135,-5944.14,15m,validation,0.5,867
4.5,0.25,715,0.333,-1.9571,-1399.35,15m,validation,0.5,867
4.5,0.5,715,0.266,-3.5343,-2527.04,15m,validation,0.5,867
4.5,0.75,715,0.246,-4.6051,-3292.67,15m,validation,0.5,867
4.5,1.0,715,0.228,-5.5043,-3935.55,15m,validation,0.5,867
4.5,1.5,715,0.217,-6.9845,-4993.89,15m,validation,0.5,867
4.5,2.0,715,0.206,-8.2175,-5875.5,15m,validation,0.5,867
5.0,0.25,715,0.317,-2.0449,-1462.11,15m,validation,0.5,867
5.0,0.5,715,0.25,-3.6343,-2598.52,15m,validation,0.5,867
5.0,0.75,715,0.229,-4.7058,-3364.64,15m,validation,0.5,867
5.0,1.0,715,0.211,-5.6033,-4006.37,15m,validation,0.5,867
5.0,1.5,715,0.206,-7.0842,-5065.2,15m,validation,0.5,867
5.0,2.0,715,0.194,-8.3178,-5947.23,15m,validation,0.5,867
1.5,0.25,710,0.431,-2.2865,-1623.4,15m,validation,0.525,867
1.5,0.5,710,0.311,-3.5808,-2542.34,15m,validation,0.525,867
1.5,0.75,710,0.238,-4.5777,-3250.14,15m,validation,0.525,867
1.5,1.0,710,0.19,-5.4208,-3848.79,15m,validation,0.525,867
1.5,1.5,710,0.141,-6.8393,-4855.93,15m,validation,0.525,867
1.5,2.0,710,0.1,-8.0379,-5706.92,15m,validation,0.525,867
2.0,0.25,710,0.404,-2.2204,-1576.52,15m,validation,0.525,867
2.0,0.5,710,0.331,-3.5379,-2511.9,15m,validation,0.525,867
2.0,0.75,710,0.297,-4.5439,-3226.18,15m,validation,0.525,867
2.0,1.0,710,0.256,-5.3922,-3828.45,15m,validation,0.525,867
2.0,1.5,710,0.182,-6.8165,-4839.7,15m,validation,0.525,867
2.0,2.0,710,0.13,-8.0184,-5693.05,15m,validation,0.525,867
2.5,0.25,710,0.386,-2.2152,-1572.77,15m,validation,0.525,867
2.5,0.5,710,0.335,-3.6323,-2578.94,15m,validation,0.525,867
2.5,0.75,710,0.306,-4.6594,-3308.2,15m,validation,0.525,867
2.5,1.0,710,0.275,-5.5199,-3919.14,15m,validation,0.525,867
2.5,1.5,710,0.21,-6.9583,-4940.4,15m,validation,0.525,867
2.5,2.0,710,0.159,-8.1685,-5799.63,15m,validation,0.525,867
3.0,0.25,710,0.372,-2.0501,-1455.55,15m,validation,0.525,867
3.0,0.5,710,0.318,-3.5219,-2500.54,15m,validation,0.525,867
3.0,0.75,710,0.3,-4.5602,-3237.72,15m,validation,0.525,867
3.0,1.0,710,0.282,-5.4266,-3852.92,15m,validation,0.525,867
3.0,1.5,710,0.241,-6.8718,-4878.96,15m,validation,0.525,867
3.0,2.0,710,0.194,-8.0858,-5740.94,15m,validation,0.525,867
3.5,0.25,710,0.355,-2.0681,-1468.33,15m,validation,0.525,867
3.5,0.5,710,0.297,-3.6382,-2583.11,15m,validation,0.525,867
3.5,0.75,710,0.279,-4.7071,-3342.06,15m,validation,0.525,867
3.5,1.0,710,0.259,-5.5906,-3969.34,15m,validation,0.525,867
3.5,1.5,710,0.235,-7.0542,-5008.51,15m,validation,0.525,867
3.5,2.0,710,0.204,-8.2787,-5877.9,15m,validation,0.525,867
4.0,0.25,710,0.338,-2.0724,-1471.37,15m,validation,0.525,867
4.0,0.5,710,0.277,-3.6751,-2609.34,15m,validation,0.525,867
4.0,0.75,710,0.258,-4.7523,-3374.15,15m,validation,0.525,867
4.0,1.0,710,0.242,-5.6408,-4004.98,15m,validation,0.525,867
4.0,1.5,710,0.23,-7.1104,-5048.41,15m,validation,0.525,867
4.0,2.0,710,0.204,-8.3385,-5920.36,15m,validation,0.525,867
4.5,0.25,710,0.332,-1.9323,-1371.9,15m,validation,0.525,867
4.5,0.5,710,0.27,-3.5035,-2487.51,15m,validation,0.525,867
4.5,0.75,710,0.249,-4.5717,-3245.87,15m,validation,0.525,867
4.5,1.0,710,0.231,-5.4675,-3881.93,15m,validation,0.525,867
4.5,1.5,710,0.217,-6.9442,-4930.4,15m,validation,0.525,867
4.5,2.0,710,0.206,-8.1761,-5805.01,15m,validation,0.525,867
5.0,0.25,710,0.315,-2.055,-1459.02,15m,validation,0.525,867
5.0,0.5,710,0.252,-3.654,-2594.38,15m,validation,0.525,867
5.0,0.75,710,0.23,-4.7293,-3357.82,15m,validation,0.525,867
5.0,1.0,710,0.21,-5.6284,-3996.14,15m,validation,0.525,867
5.0,1.5,710,0.203,-7.111,-5048.79,15m,validation,0.525,867
5.0,2.0,710,0.192,-8.3458,-5925.49,15m,validation,0.525,867
1.5,0.25,706,0.432,-2.3057,-1627.85,15m,validation,0.55,867
1.5,0.5,706,0.313,-3.6085,-2547.57,15m,validation,0.55,867
1.5,0.75,706,0.238,-4.609,-3253.94,15m,validation,0.55,867
1.5,1.0,706,0.187,-5.4543,-3850.75,15m,validation,0.55,867
1.5,1.5,706,0.137,-6.8754,-4854.05,15m,validation,0.55,867
1.5,2.0,706,0.095,-8.0756,-5701.38,15m,validation,0.55,867
2.0,0.25,706,0.411,-2.224,-1570.15,15m,validation,0.55,867
2.0,0.5,706,0.333,-3.5412,-2500.07,15m,validation,0.55,867
2.0,0.75,706,0.293,-4.5466,-3209.9,15m,validation,0.55,867
2.0,1.0,706,0.245,-5.3946,-3808.59,15m,validation,0.55,867
2.0,1.5,706,0.171,-6.8187,-4814.03,15m,validation,0.55,867
2.0,2.0,706,0.122,-8.0207,-5662.61,15m,validation,0.55,867
2.5,0.25,706,0.392,-2.1499,-1517.86,15m,validation,0.55,867
2.5,0.5,706,0.337,-3.563,-2515.46,15m,validation,0.55,867
2.5,0.75,706,0.309,-4.5877,-3238.89,15m,validation,0.55,867
2.5,1.0,706,0.276,-5.4467,-3845.39,15m,validation,0.55,867
2.5,1.5,706,0.211,-6.8836,-4859.85,15m,validation,0.55,867
2.5,2.0,706,0.159,-8.0931,-5713.71,15m,validation,0.55,867
3.0,0.25,706,0.381,-1.9903,-1405.12,15m,validation,0.55,867
3.0,0.5,706,0.324,-3.4535,-2438.17,15m,validation,0.55,867
3.0,0.75,706,0.305,-4.4881,-3168.59,15m,validation,0.55,867
3.0,1.0,706,0.285,-5.3525,-3778.84,15m,validation,0.55,867
3.0,1.5,706,0.239,-6.7953,-4797.49,15m,validation,0.55,867
3.0,2.0,706,0.193,-8.0081,-5653.75,15m,validation,0.55,867
3.5,0.25,706,0.363,-1.9973,-1410.08,15m,validation,0.55,867
3.5,0.5,706,0.305,-3.5246,-2488.37,15m,validation,0.55,867
3.5,0.75,706,0.285,-4.5832,-3235.76,15m,validation,0.55,867
3.5,1.0,706,0.265,-5.46,-3854.75,15m,validation,0.55,867
3.5,1.5,706,0.242,-6.9167,-4883.17,15m,validation,0.55,867
3.5,2.0,706,0.207,-8.1376,-5745.11,15m,validation,0.55,867
4.0,0.25,706,0.343,-2.0064,-1416.54,15m,validation,0.55,867
4.0,0.5,706,0.282,-3.6135,-2551.13,15m,validation,0.55,867
4.0,0.75,706,0.262,-4.6891,-3310.51,15m,validation,0.55,867
4.0,1.0,706,0.245,-5.5751,-3935.99,15m,validation,0.55,867
4.0,1.5,706,0.234,-7.0421,-4971.75,15m,validation,0.55,867
4.0,2.0,706,0.208,-8.269,-5837.92,15m,validation,0.55,867
4.5,0.25,706,0.337,-1.9137,-1351.04,15m,validation,0.55,867
4.5,0.5,706,0.273,-3.495,-2467.49,15m,validation,0.55,867
4.5,0.75,706,0.254,-4.5663,-3223.84,15m,validation,0.55,867
4.5,1.0,706,0.235,-5.4619,-3856.11,15m,validation,0.55,867
4.5,1.5,706,0.221,-6.9387,-4898.73,15m,validation,0.55,867
4.5,2.0,706,0.208,-8.1708,-5768.61,15m,validation,0.55,867
5.0,0.25,706,0.324,-1.9404,-1369.92,15m,validation,0.55,867
5.0,0.5,706,0.259,-3.4999,-2470.9,15m,validation,0.55,867
5.0,0.75,706,0.238,-4.5595,-3219.03,15m,validation,0.55,867
5.0,1.0,706,0.22,-5.4486,-3846.7,15m,validation,0.55,867
5.0,1.5,706,0.211,-6.9216,-4886.67,15m,validation,0.55,867
5.0,2.0,706,0.201,-8.1514,-5754.9,15m,validation,0.55,867
1.5,0.25,704,0.429,-2.2829,-1607.13,15m,validation,0.575,867
1.5,0.5,704,0.304,-3.5891,-2526.7,15m,validation,0.575,867
1.5,0.75,704,0.236,-4.5915,-3232.44,15m,validation,0.575,867
1.5,1.0,704,0.18,-5.4381,-3828.41,15m,validation,0.575,867
1.5,1.5,704,0.136,-6.8607,-4829.9,15m,validation,0.575,867
1.5,2.0,704,0.095,-8.0617,-5675.42,15m,validation,0.575,867
2.0,0.25,704,0.413,-2.1352,-1503.19,15m,validation,0.575,867
2.0,0.5,704,0.334,-3.4458,-2425.81,15m,validation,0.575,867
2.0,0.75,704,0.294,-4.4487,-3131.89,15m,validation,0.575,867
2.0,1.0,704,0.246,-5.2954,-3727.97,15m,validation,0.575,867
2.0,1.5,704,0.175,-6.7181,-4729.55,15m,validation,0.575,867
2.0,2.0,704,0.125,-7.9192,-5575.15,15m,validation,0.575,867
2.5,0.25,704,0.396,-2.0767,-1462.03,15m,validation,0.575,867
2.5,0.5,704,0.338,-3.4487,-2427.91,15m,validation,0.575,867
2.5,0.75,704,0.312,-4.4698,-3146.73,15m,validation,0.575,867
2.5,1.0,704,0.28,-5.3267,-3749.98,15m,validation,0.575,867
2.5,1.5,704,0.21,-6.7611,-4759.82,15m,validation,0.575,867
2.5,2.0,704,0.156,-7.9691,-5610.25,15m,validation,0.575,867
3.0,0.25,704,0.384,-1.9346,-1361.99,15m,validation,0.575,867
3.0,0.5,704,0.328,-3.3752,-2376.17,15m,validation,0.575,867
3.0,0.75,704,0.304,-4.4075,-3102.91,15m,validation,0.575,867
3.0,1.0,704,0.281,-5.2709,-3710.69,15m,validation,0.575,867
3.0,1.5,704,0.234,-6.7126,-4725.67,15m,validation,0.575,867
3.0,2.0,704,0.193,-7.9248,-5579.07,15m,validation,0.575,867
3.5,0.25,704,0.362,-1.9656,-1383.81,15m,validation,0.575,867
3.5,0.5,704,0.305,-3.4868,-2454.73,15m,validation,0.575,867
3.5,0.75,704,0.283,-4.5437,-3198.75,15m,validation,0.575,867
3.5,1.0,704,0.263,-5.4195,-3815.3,15m,validation,0.575,867
3.5,1.5,704,0.237,-6.875,-4840.02,15m,validation,0.575,867
3.5,2.0,704,0.202,-8.0952,-5699.05,15m,validation,0.575,867
4.0,0.25,704,0.342,-1.9875,-1399.18,15m,validation,0.575,867
4.0,0.5,704,0.28,-3.5993,-2533.92,15m,validation,0.575,867
4.0,0.75,704,0.259,-4.6801,-3294.78,15m,validation,0.575,867
4.0,1.0,704,0.243,-5.5687,-3920.37,15m,validation,0.575,867
4.0,1.5,704,0.232,-7.0386,-4955.19,15m,validation,0.575,867
4.0,2.0,704,0.206,-8.267,-5819.99,15m,validation,0.575,867
4.5,0.25,704,0.337,-1.9262,-1356.06,15m,validation,0.575,867
4.5,0.5,704,0.271,-3.5286,-2484.11,15m,validation,0.575,867
4.5,0.75,704,0.251,-4.6072,-3243.5,15m,validation,0.575,867
4.5,1.0,704,0.234,-5.4954,-3868.73,15m,validation,0.575,867
4.5,1.5,704,0.22,-6.9653,-4903.55,15m,validation,0.575,867
4.5,2.0,704,0.209,-8.194,-5768.55,15m,validation,0.575,867
5.0,0.25,704,0.327,-1.9129,-1346.71,15m,validation,0.575,867
5.0,0.5,704,0.257,-3.4779,-2448.42,15m,validation,0.575,867
5.0,0.75,704,0.236,-4.5445,-3199.36,15m,validation,0.575,867
5.0,1.0,704,0.219,-5.4371,-3827.75,15m,validation,0.575,867
5.0,1.5,704,0.209,-6.9141,-4867.55,15m,validation,0.575,867
5.0,2.0,704,0.199,-8.1462,-5734.91,15m,validation,0.575,867
1.5,0.25,703,0.434,-2.2218,-1561.96,15m,validation,0.6,867
1.5,0.5,703,0.303,-3.5227,-2476.48,15m,validation,0.6,867
1.5,0.75,703,0.235,-4.523,-3179.68,15m,validation,0.6,867
1.5,1.0,703,0.175,-5.3682,-3773.87,15m,validation,0.6,867
1.5,1.5,703,0.134,-6.7892,-4772.79,15m,validation,0.6,867
1.5,2.0,703,0.098,-7.9891,-5616.37,15m,validation,0.6,867
2.0,0.25,703,0.424,-2.0534,-1443.54,15m,validation,0.6,867
2.0,0.5,703,0.34,-3.3589,-2361.29,15m,validation,0.6,867
2.0,0.75,703,0.299,-4.3604,-3065.38,15m,validation,0.6,867
2.0,1.0,703,0.24,-5.2064,-3660.07,15m,validation,0.6,867
2.0,1.5,703,0.171,-6.6282,-4659.61,15m,validation,0.6,867
2.0,2.0,703,0.122,-7.8288,-5503.61,15m,validation,0.6,867
2.5,0.25,703,0.405,-2.0212,-1420.88,15m,validation,0.6,867
2.5,0.5,703,0.344,-3.3636,-2364.59,15m,validation,0.6,867
2.5,0.75,703,0.314,-4.3792,-3078.58,15m,validation,0.6,867
2.5,1.0,703,0.277,-5.2331,-3678.87,15m,validation,0.6,867
2.5,1.5,703,0.208,-6.6641,-4684.83,15m,validation,0.6,867
2.5,2.0,703,0.155,-7.87,-5532.58,15m,validation,0.6,867
3.0,0.25,703,0.39,-1.8735,-1317.09,15m,validation,0.6,867
3.0,0.5,703,0.331,-3.301,-2320.58,15m,validation,0.6,867
3.0,0.75,703,0.304,-4.3319,-3045.31,15m,validation,0.6,867
3.0,1.0,703,0.283,-5.1945,-3651.74,15m,validation,0.6,867
3.0,1.5,703,0.236,-6.6354,-4664.72,15m,validation,0.6,867
3.0,2.0,703,0.191,-7.8471,-5516.53,15m,validation,0.6,867
3.5,0.25,703,0.367,-1.8339,-1289.2,15m,validation,0.6,867
3.5,0.5,703,0.313,-3.3459,-2352.16,15m,validation,0.6,867
3.5,0.75,703,0.289,-4.401,-3093.9,15m,validation,0.6,867
3.5,1.0,703,0.27,-5.276,-3709.04,15m,validation,0.6,867
3.5,1.5,703,0.24,-6.7308,-4731.77,15m,validation,0.6,867
3.5,2.0,703,0.203,-7.9506,-5589.27,15m,validation,0.6,867
4.0,0.25,703,0.347,-1.8734,-1317.03,15m,validation,0.6,867
4.0,0.5,703,0.289,-3.4642,-2435.31,15m,validation,0.6,867
4.0,0.75,703,0.263,-4.5395,-3191.26,15m,validation,0.6,867
4.0,1.0,703,0.249,-5.4251,-3813.88,15m,validation,0.6,867
4.0,1.5,703,0.236,-6.8917,-4844.88,15m,validation,0.6,867
4.0,2.0,703,0.209,-8.1182,-5707.1,15m,validation,0.6,867
4.5,0.25,703,0.34,-1.8405,-1293.85,15m,validation,0.6,867
4.5,0.5,703,0.279,-3.4358,-2415.37,15m,validation,0.6,867
4.5,0.75,703,0.255,-4.5108,-3171.08,15m,validation,0.6,867
4.5,1.0,703,0.239,-5.3965,-3793.71,15m,validation,0.6,867
4.5,1.5,703,0.226,-6.8632,-4824.86,15m,validation,0.6,867
4.5,2.0,703,0.215,-8.0899,-5687.2,15m,validation,0.6,867
5.0,0.25,703,0.33,-1.8632,-1309.81,15m,validation,0.6,867
5.0,0.5,703,0.263,-3.4331,-2413.46,15m,validation,0.6,867
5.0,0.75,703,0.236,-4.5055,-3167.34,15m,validation,0.6,867
5.0,1.0,703,0.219,-5.4009,-3796.81,15m,validation,0.6,867
5.0,1.5,703,0.209,-6.8771,-4834.6,15m,validation,0.6,867
5.0,2.0,703,0.201,-8.1087,-5700.43,15m,validation,0.6,867
1.5,0.25,701,0.435,-2.1695,-1520.85,15m,validation,0.625,867
1.5,0.5,701,0.298,-3.468,-2431.08,15m,validation,0.625,867
1.5,0.75,701,0.233,-4.4672,-3131.51,15m,validation,0.625,867
1.5,1.0,701,0.17,-5.3118,-3723.55,15m,validation,0.625,867
1.5,1.5,701,0.131,-6.7319,-4719.06,15m,validation,0.625,867
1.5,2.0,701,0.097,-7.9313,-5559.87,15m,validation,0.625,867
2.0,0.25,701,0.425,-2.0425,-1431.81,15m,validation,0.625,867
2.0,0.5,701,0.34,-3.3513,-2349.25,15m,validation,0.625,867
2.0,0.75,701,0.291,-4.3542,-3052.27,15m,validation,0.625,867
2.0,1.0,701,0.234,-5.2009,-3645.8,15m,validation,0.625,867
2.0,1.5,701,0.167,-6.6236,-4643.13,15m,validation,0.625,867
2.0,2.0,701,0.118,-7.8247,-5485.14,15m,validation,0.625,867
2.5,0.25,701,0.414,-1.9105,-1339.28,15m,validation,0.625,867
2.5,0.5,701,0.348,-3.2488,-2277.44,15m,validation,0.625,867
2.5,0.75,701,0.314,-4.2628,-2988.2,15m,validation,0.625,867
2.5,1.0,701,0.275,-5.1156,-3586.06,15m,validation,0.625,867
2.5,1.5,701,0.204,-6.5453,-4588.28,15m,validation,0.625,867
2.5,2.0,701,0.15,-7.7505,-5433.07,15m,validation,0.625,867
3.0,0.25,701,0.392,-1.8526,-1298.64,15m,validation,0.625,867
3.0,0.5,701,0.332,-3.2835,-2301.72,15m,validation,0.625,867
3.0,0.75,701,0.307,-4.3151,-3024.88,15m,validation,0.625,867
3.0,1.0,701,0.282,-5.178,-3629.8,15m,validation,0.625,867
3.0,1.5,701,0.231,-6.6192,-4640.07,15m,validation,0.625,867
3.0,2.0,701,0.183,-7.831,-5489.52,15m,validation,0.625,867
3.5,0.25,701,0.368,-1.7839,-1250.52,15m,validation,0.625,867
3.5,0.5,701,0.312,-3.2858,-2303.33,15m,validation,0.625,867
3.5,0.75,701,0.292,-4.3336,-3037.86,15m,validation,0.625,867
3.5,1.0,701,0.275,-5.2051,-3648.79,15m,validation,0.625,867
3.5,1.5,701,0.245,-6.656,-4665.88,15m,validation,0.625,867
3.5,2.0,701,0.208,-7.8735,-5519.36,15m,validation,0.625,867
4.0,0.25,701,0.354,-1.8061,-1266.09,15m,validation,0.625,867
4.0,0.5,701,0.294,-3.3583,-2354.19,15m,validation,0.625,867
4.0,0.75,701,0.271,-4.4235,-3100.86,15m,validation,0.625,867
4.0,1.0,701,0.252,-5.3046,-3718.51,15m,validation,0.625,867
4.0,1.5,701,0.238,-6.7664,-4743.27,15m,validation,0.625,867
4.0,2.0,701,0.21,-7.9903,-5601.23,15m,validation,0.625,867
4.5,0.25,701,0.341,-1.7999,-1261.75,15m,validation,0.625,867
4.5,0.5,701,0.28,-3.4004,-2383.71,15m,validation,0.625,867
4.5,0.75,701,0.255,-4.4769,-3138.34,15m,validation,0.625,867
4.5,1.0,701,0.238,-5.3639,-3760.09,15m,validation,0.625,867
4.5,1.5,701,0.227,-6.8321,-4789.31,15m,validation,0.625,867
4.5,2.0,701,0.213,-8.0596,-5649.78,15m,validation,0.625,867
5.0,0.25,701,0.337,-1.707,-1196.61,15m,validation,0.625,867
5.0,0.5,701,0.27,-3.2859,-2303.43,15m,validation,0.625,867
5.0,0.75,701,0.244,-4.3584,-3055.27,15m,validation,0.625,867
5.0,1.0,701,0.225,-5.2548,-3683.6,15m,validation,0.625,867
5.0,1.5,701,0.214,-6.7324,-4719.44,15m,validation,0.625,867
5.0,2.0,701,0.204,-7.965,-5583.45,15m,validation,0.625,867
1.5,0.25,695,0.44,-2.134,-1483.16,15m,validation,0.65,867
1.5,0.5,695,0.298,-3.4297,-2383.64,15m,validation,0.65,867
1.5,0.75,695,0.224,-4.4283,-3077.66,15m,validation,0.65,867
1.5,1.0,695,0.17,-5.2728,-3664.63,15m,validation,0.65,867
1.5,1.5,695,0.129,-6.6935,-4651.99,15m,validation,0.65,867
1.5,2.0,695,0.094,-7.8938,-5486.16,15m,validation,0.65,867
2.0,0.25,695,0.43,-1.9786,-1375.1,15m,validation,0.65,867
2.0,0.5,695,0.342,-3.2818,-2280.87,15m,validation,0.65,867
2.0,0.75,695,0.286,-4.2831,-2976.78,15m,validation,0.65,867
2.0,1.0,695,0.227,-5.1292,-3564.81,15m,validation,0.65,867
2.0,1.5,695,0.165,-6.5517,-4553.44,15m,validation,0.65,867
2.0,2.0,695,0.117,-7.7531,-5388.4,15m,validation,0.65,867
2.5,0.25,695,0.414,-1.9206,-1334.81,15m,validation,0.65,867
2.5,0.5,695,0.347,-3.2552,-2262.35,15m,validation,0.65,867
2.5,0.75,695,0.311,-4.269,-2966.96,15m,validation,0.65,867
2.5,1.0,695,0.272,-5.1222,-3559.96,15m,validation,0.65,867
2.5,1.5,695,0.204,-6.553,-4554.32,15m,validation,0.65,867
2.5,2.0,695,0.141,-7.7592,-5392.64,15m,validation,0.65,867
3.0,0.25,695,0.391,-1.8897,-1313.36,15m,validation,0.65,867
3.0,0.5,695,0.329,-3.3164,-2304.92,15m,validation,0.65,867
3.0,0.75,695,0.302,-4.3475,-3021.54,15m,validation,0.65,867
3.0,1.0,695,0.278,-5.2106,-3621.34,15m,validation,0.65,867
3.0,1.5,695,0.23,-6.6525,-4623.46,15m,validation,0.65,867
3.0,2.0,695,0.176,-7.8651,-5466.26,15m,validation,0.65,867
3.5,0.25,695,0.373,-1.7683,-1228.98,15m,validation,0.65,867
3.5,0.5,695,0.315,-3.2464,-2256.23,15m,validation,0.65,867
3.5,0.75,695,0.295,-4.2873,-2979.68,15m,validation,0.65,867
3.5,1.0,695,0.278,-5.1557,-3583.19,15m,validation,0.65,867
3.5,1.5,695,0.25,-6.6036,-4589.52,15m,validation,0.65,867
3.5,2.0,695,0.209,-7.8199,-5434.81,15m,validation,0.65,867
4.0,0.25,695,0.354,-1.8475,-1284.0,15m,validation,0.65,867
4.0,0.5,695,0.294,-3.3956,-2359.95,15m,validation,0.65,867
4.0,0.75,695,0.271,-4.4609,-3100.31,15m,validation,0.65,867
4.0,1.0,695,0.252,-5.3426,-3713.1,15m,validation,0.65,867
4.0,1.5,695,0.239,-6.8058,-4730.02,15m,validation,0.65,867
4.0,2.0,695,0.209,-8.031,-5581.52,15m,validation,0.65,867
4.5,0.25,695,0.342,-1.801,-1251.66,15m,validation,0.65,867
4.5,0.5,695,0.281,-3.3974,-2361.19,15m,validation,0.65,867
4.5,0.75,695,0.256,-4.474,-3109.4,15m,validation,0.65,867
4.5,1.0,695,0.239,-5.3614,-3726.18,15m,validation,0.65,867
4.5,1.5,695,0.226,-6.8309,-4747.44,15m,validation,0.65,867
4.5,2.0,695,0.213,-8.0595,-5601.38,15m,validation,0.65,867
5.0,0.25,695,0.334,-1.7735,-1232.58,15m,validation,0.65,867
5.0,0.5,695,0.266,-3.3713,-2343.05,15m,validation,0.65,867
5.0,0.75,695,0.239,-4.4548,-3096.07,15m,validation,0.65,867
5.0,1.0,695,0.224,-5.3461,-3715.57,15m,validation,0.65,867
5.0,1.5,695,0.212,-6.8202,-4740.01,15m,validation,0.65,867
5.0,2.0,695,0.203,-8.0516,-5595.83,15m,validation,0.65,867
1.5,0.25,692,0.441,-2.1202,-1467.17,15m,validation,0.675,867
1.5,0.5,692,0.305,-3.414,-2362.52,15m,validation,0.675,867
1.5,0.75,692,0.227,-4.4121,-3053.16,15m,validation,0.675,867
1.5,1.0,692,0.169,-5.2565,-3637.47,15m,validation,0.675,867
1.5,1.5,692,0.127,-6.6771,-4620.58,15m,validation,0.675,867
1.5,2.0,692,0.091,-7.8776,-5451.31,15m,validation,0.675,867
2.0,0.25,692,0.436,-1.9124,-1323.35,15m,validation,0.675,867
2.0,0.5,692,0.34,-3.2115,-2222.32,15m,validation,0.675,867
2.0,0.75,692,0.285,-4.2112,-2914.15,15m,validation,0.675,867
2.0,1.0,692,0.227,-5.0565,-3499.09,15m,validation,0.675,867
2.0,1.5,692,0.162,-6.4782,-4482.95,15m,validation,0.675,867
2.0,2.0,692,0.116,-7.6794,-5314.12,15m,validation,0.675,867
2.5,0.25,692,0.421,-1.8304,-1266.67,15m,validation,0.675,867
2.5,0.5,692,0.348,-3.1531,-2181.93,15m,validation,0.675,867
2.5,0.75,692,0.314,-4.1616,-2879.79,15m,validation,0.675,867
2.5,1.0,692,0.277,-5.0118,-3468.15,15m,validation,0.675,867
2.5,1.5,692,0.201,-6.4392,-4455.92,15m,validation,0.675,867
2.5,2.0,692,0.14,-7.6436,-5289.35,15m,validation,0.675,867
3.0,0.25,692,0.397,-1.8046,-1248.75,15m,validation,0.675,867
3.0,0.5,692,0.341,-3.1961,-2211.73,15m,validation,0.675,867
3.0,0.75,692,0.314,-4.2223,-2921.81,15m,validation,0.675,867
3.0,1.0,692,0.286,-5.0822,-3516.91,15m,validation,0.675,867
3.0,1.5,692,0.23,-6.5207,-4512.32,15m,validation,0.675,867
3.0,2.0,692,0.171,-7.7315,-5350.19,15m,validation,0.675,867
3.5,0.25,692,0.376,-1.7465,-1208.61,15m,validation,0.675,867
3.5,0.5,692,0.318,-3.193,-2209.56,15m,validation,0.675,867
3.5,0.75,692,0.298,-4.2312,-2927.98,15m,validation,0.675,867
3.5,1.0,692,0.28,-5.0978,-3527.69,15m,validation,0.675,867
3.5,1.5,692,0.249,-6.5439,-4528.38,15m,validation,0.675,867
3.5,2.0,692,0.214,-7.7592,-5369.36,15m,validation,0.675,867
4.0,0.25,692,0.36,-1.7574,-1216.13,15m,validation,0.675,867
4.0,0.5,692,0.301,-3.2837,-2272.3,15m,validation,0.675,867
4.0,0.75,692,0.276,-4.348,-3008.85,15m,validation,0.675,867
4.0,1.0,692,0.26,-5.2289,-3618.38,15m,validation,0.675,867
4.0,1.5,692,0.24,-6.691,-4630.18,15m,validation,0.675,867
4.0,2.0,692,0.211,-7.9156,-5477.6,15m,validation,0.675,867
4.5,0.25,692,0.345,-1.7466,-1208.66,15m,validation,0.675,867
4.5,0.5,692,0.285,-3.2963,-2281.05,15m,validation,0.675,867
4.5,0.75,692,0.26,-4.3661,-3021.34,15m,validation,0.675,867
4.5,1.0,692,0.243,-5.2498,-3632.87,15m,validation,0.675,867
4.5,1.5,692,0.231,-6.7152,-4646.94,15m,validation,0.675,867
4.5,2.0,692,0.217,-7.9418,-5495.72,15m,validation,0.675,867
5.0,0.25,692,0.335,-1.7548,-1214.29,15m,validation,0.675,867
5.0,0.5,692,0.269,-3.341,-2311.95,15m,validation,0.675,867
5.0,0.75,692,0.238,-4.4243,-3061.6,15m,validation,0.675,867
5.0,1.0,692,0.224,-5.3152,-3678.13,15m,validation,0.675,867
5.0,1.5,692,0.212,-6.7886,-4697.74,15m,validation,0.675,867
5.0,2.0,692,0.204,-8.0197,-5549.63,15m,validation,0.675,867
1.5,0.25,687,0.437,-2.1523,-1478.61,15m,validation,0.7,867
1.5,0.5,687,0.303,-3.4418,-2364.52,15m,validation,0.7,867
1.5,0.75,687,0.213,-4.4381,-3048.97,15m,validation,0.7,867
1.5,1.0,687,0.163,-5.2815,-3628.37,15m,validation,0.7,867
1.5,1.5,687,0.121,-6.7011,-4603.63,15m,validation,0.7,867
1.5,2.0,687,0.087,-7.9009,-5427.94,15m,validation,0.7,867
2.0,0.25,687,0.443,-1.9784,-1359.19,15m,validation,0.7,867
2.0,0.5,687,0.338,-3.2888,-2259.41,15m,validation,0.7,867
2.0,0.75,687,0.278,-4.2937,-2949.77,15m,validation,0.7,867
2.0,1.0,687,0.221,-5.1421,-3532.6,15m,validation,0.7,867
2.0,1.5,687,0.154,-6.5674,-4511.81,15m,validation,0.7,867
2.0,2.0,687,0.105,-7.7706,-5338.43,15m,validation,0.7,867
2.5,0.25,687,0.421,-1.8074,-1241.67,15m,validation,0.7,867
2.5,0.5,687,0.348,-3.1339,-2153.0,15m,validation,0.7,867
2.5,0.75,687,0.316,-4.1441,-2847.0,15m,validation,0.7,867
2.5,1.0,687,0.281,-4.9954,-3431.85,15m,validation,0.7,867
2.5,1.5,687,0.197,-6.4242,-4413.41,15m,validation,0.7,867
2.5,2.0,687,0.135,-7.6295,-5241.46,15m,validation,0.7,867
3.0,0.25,687,0.396,-1.8371,-1262.11,15m,validation,0.7,867
3.0,0.5,687,0.339,-3.2073,-2203.44,15m,validation,0.7,867
3.0,0.75,687,0.313,-4.229,-2905.33,15m,validation,0.7,867
3.0,1.0,687,0.285,-5.0867,-3494.58,15m,validation,0.7,867
3.0,1.5,687,0.224,-6.5228,-4481.14,15m,validation,0.7,867
3.0,2.0,687,0.164,-7.7323,-5312.07,15m,validation,0.7,867
3.5,0.25,687,0.374,-1.7582,-1207.91,15m,validation,0.7,867
3.5,0.5,687,0.319,-3.176,-2181.88,15m,validation,0.7,867
3.5,0.75,687,0.298,-4.2121,-2893.7,15m,validation,0.7,867
3.5,1.0,687,0.282,-5.0778,-3488.44,15m,validation,0.7,867
3.5,1.5,687,0.249,-6.523,-4481.3,15m,validation,0.7,867
3.5,2.0,687,0.214,-7.7379,-5315.92,15m,validation,0.7,867
4.0,0.25,687,0.361,-1.6519,-1134.88,15m,validation,0.7,867
4.0,0.5,687,0.301,-3.1426,-2158.93,15m,validation,0.7,867
4.0,0.75,687,0.281,-4.1965,-2882.98,15m,validation,0.7,867
4.0,1.0,687,0.269,-5.0714,-3484.05,15m,validation,0.7,867
4.0,1.5,687,0.247,-6.5268,-4483.89,15m,validation,0.7,867
4.0,2.0,687,0.217,-7.7475,-5322.51,15m,validation,0.7,867
4.5,0.25,687,0.345,-1.6864,-1158.53,15m,validation,0.7,867
4.5,0.5,687,0.282,-3.2177,-2210.58,15m,validation,0.7,867
4.5,0.75,687,0.261,-4.2835,-2942.73,15m,validation,0.7,867
4.5,1.0,687,0.247,-5.1649,-3548.29,15m,validation,0.7,867
4.5,1.5,687,0.233,-6.6278,-4553.31,15m,validation,0.7,867
4.5,2.0,687,0.22,-7.853,-5395.0,15m,validation,0.7,867
5.0,0.25,687,0.339,-1.6513,-1134.46,15m,validation,0.7,867
5.0,0.5,687,0.272,-3.1716,-2178.89,15m,validation,0.7,867
5.0,0.75,687,0.249,-4.2391,-2912.23,15m,validation,0.7,867
5.0,1.0,687,0.236,-5.1213,-3518.35,15m,validation,0.7,867
5.0,1.5,687,0.224,-6.585,-4523.91,15m,validation,0.7,867
5.0,2.0,687,0.215,-7.8106,-5365.87,15m,validation,0.7,867
1.5,0.25,645,0.485,-1.605,-1035.2,15m,holdout,0.3,776
1.5,0.5,645,0.412,-2.8873,-1862.3,15m,holdout,0.3,776
1.5,0.75,645,0.347,-3.9133,-2524.06,15m,holdout,0.3,776
1.5,1.0,645,0.295,-4.7091,-3037.39,15m,holdout,0.3,776
1.5,1.5,645,0.212,-6.0395,-3895.49,15m,holdout,0.3,776
1.5,2.0,645,0.14,-7.1568,-4616.12,15m,holdout,0.3,776
2.0,0.25,645,0.454,-1.4784,-953.59,15m,holdout,0.3,776
2.0,0.5,645,0.411,-2.8214,-1819.78,15m,holdout,0.3,776
2.0,0.75,645,0.369,-3.8708,-2496.68,15m,holdout,0.3,776
2.0,1.0,645,0.332,-4.6732,-3014.2,15m,holdout,0.3,776
2.0,1.5,645,0.267,-6.0092,-3875.96,15m,holdout,0.3,776
2.0,2.0,645,0.197,-7.1363,-4602.88,15m,holdout,0.3,776
2.5,0.25,645,0.437,-1.192,-768.86,15m,holdout,0.3,776
2.5,0.5,645,0.4,-2.6153,-1686.84,15m,holdout,0.3,776
2.5,0.75,645,0.367,-3.6843,-2376.4,15m,holdout,0.3,776
2.5,1.0,645,0.341,-4.4976,-2900.94,15m,holdout,0.3,776
2.5,1.5,645,0.299,-5.8429,-3768.7,15m,holdout,0.3,776
2.5,2.0,645,0.242,-6.9724,-4497.23,15m,holdout,0.3,776
3.0,0.25,645,0.423,-0.9019,-581.74,15m,holdout,0.3,776
3.0,0.5,645,0.381,-2.3046,-1486.47,15m,holdout,0.3,776
3.0,0.75,645,0.358,-3.3971,-2191.11,15m,holdout,0.3,776
3.0,1.0,645,0.338,-4.228,-2727.03,15m,holdout,0.3,776
3.0,1.5,645,0.307,-5.5996,-3611.73,15m,holdout,0.3,776
3.0,2.0,645,0.271,-6.7442,-4350.01,15m,holdout,0.3,776
3.5,0.25,645,0.405,-0.8114,-523.37,15m,holdout,0.3,776
3.5,0.5,645,0.355,-2.146,-1384.18,15m,holdout,0.3,776
3.5,0.75,645,0.332,-3.1817,-2052.22,15m,holdout,0.3,776
3.5,1.0,645,0.321,-4.0636,-2621.05,15m,holdout,0.3,776
3.5,1.5,645,0.299,-5.4774,-3532.92,15m,holdout,0.3,776
3.5,2.0,645,0.273,-6.614,-4266.05,15m,holdout,0.3,776
4.0,0.25,645,0.4,-0.593,-382.47,15m,holdout,0.3,776
4.0,0.5,645,0.347,-1.8246,-1176.88,15m,holdout,0.3,776
4.0,0.75,645,0.321,-2.8555,-1841.8,15m,holdout,0.3,776
4.0,1.0,645,0.312,-3.7469,-2416.74,15m,holdout,0.3,776
4.0,1.5,645,0.29,-5.1692,-3334.14,15m,holdout,0.3,776
4.0,2.0,645,0.27,-6.3136,-4072.28,15m,holdout,0.3,776
4.5,0.25,645,0.392,-0.4381,-282.58,15m,holdout,0.3,776
4.5,0.5,645,0.34,-1.7383,-1121.2,15m,holdout,0.3,776
4.5,0.75,645,0.313,-2.7935,-1801.79,15m,holdout,0.3,776
4.5,1.0,645,0.305,-3.6942,-2382.79,15m,holdout,0.3,776
4.5,1.5,645,0.278,-5.1214,-3303.29,15m,holdout,0.3,776
4.5,2.0,645,0.264,-6.2707,-4044.61,15m,holdout,0.3,776
5.0,0.25,645,0.389,-0.3553,-229.18,15m,holdout,0.3,776
5.0,0.5,645,0.335,-1.5631,-1008.22,15m,holdout,0.3,776
5.0,0.75,645,0.305,-2.595,-1673.8,15m,holdout,0.3,776
5.0,1.0,645,0.296,-3.5008,-2258.02,15m,holdout,0.3,776
5.0,1.5,645,0.273,-4.929,-3179.19,15m,holdout,0.3,776
5.0,2.0,645,0.264,-6.0782,-3920.44,15m,holdout,0.3,776
1.5,0.25,643,0.487,-1.5926,-1024.02,15m,holdout,0.325,776
1.5,0.5,643,0.411,-2.8681,-1844.21,15m,holdout,0.325,776
1.5,0.75,643,0.339,-3.8909,-2501.86,15m,holdout,0.325,776
1.5,1.0,643,0.292,-4.6863,-3013.27,15m,holdout,0.325,776
1.5,1.5,643,0.204,-6.0159,-3868.25,15m,holdout,0.325,776
1.5,2.0,643,0.134,-7.1327,-4586.35,15m,holdout,0.325,776
2.0,0.25,643,0.453,-1.4579,-937.43,15m,holdout,0.325,776
2.0,0.5,643,0.411,-2.7967,-1798.27,15m,holdout,0.325,776
2.0,0.75,643,0.369,-3.842,-2470.39,15m,holdout,0.325,776
2.0,1.0,643,0.337,-4.6587,-2995.55,15m,holdout,0.325,776
2.0,1.5,643,0.267,-6.0034,-3860.19,15m,holdout,0.325,776
2.0,2.0,643,0.194,-7.1249,-4581.33,15m,holdout,0.325,776
2.5,0.25,643,0.437,-1.2165,-782.24,15m,holdout,0.325,776
2.5,0.5,643,0.401,-2.6106,-1678.63,15m,holdout,0.325,776
2.5,0.75,643,0.369,-3.6866,-2370.51,15m,holdout,0.325,776
2.5,1.0,643,0.345,-4.5037,-2895.85,15m,holdout,0.325,776
2.5,1.5,643,0.295,-5.8559,-3765.33,15m,holdout,0.325,776
2.5,2.0,643,0.235,-6.9921,-4495.89,15m,holdout,0.325,776
3.0,0.25,643,0.423,-0.9011,-579.39,15m,holdout,0.325,776
3.0,0.5,643,0.383,-2.296,-1476.32,15m,holdout,0.325,776
3.0,0.75,643,0.362,-3.3833,-2175.45,15m,holdout,0.325,776
3.0,1.0,643,0.342,-4.2117,-2708.1,15m,holdout,0.325,776
3.0,1.5,643,0.309,-5.5803,-3588.14,15m,holdout,0.325,776
3.0,2.0,643,0.267,-6.7232,-4323.02,15m,holdout,0.325,776
3.5,0.25,643,0.407,-0.7861,-505.46,15m,holdout,0.325,776
3.5,0.5,643,0.358,-2.1145,-1359.6,15m,holdout,0.325,776
3.5,0.75,643,0.336,-3.155,-2028.68,15m,holdout,0.325,776
3.5,1.0,643,0.325,-4.0395,-2597.4,15m,holdout,0.325,776
3.5,1.5,643,0.299,-5.4614,-3511.67,15m,holdout,0.325,776
3.5,2.0,643,0.267,-6.6187,-4255.85,15m,holdout,0.325,776
4.0,0.25,643,0.4,-0.6226,-400.35,15m,holdout,0.325,776
4.0,0.5,643,0.345,-1.864,-1198.58,15m,holdout,0.325,776
4.0,0.75,643,0.32,-2.8958,-1861.97,15m,holdout,0.325,776
4.0,1.0,643,0.309,-3.7884,-2435.93,15m,holdout,0.325,776
4.0,1.5,643,0.291,-5.212,-3351.29,15m,holdout,0.325,776
4.0,2.0,643,0.269,-6.3573,-4087.76,15m,holdout,0.325,776
4.5,0.25,643,0.392,-0.4699,-302.15,15m,holdout,0.325,776
4.5,0.5,643,0.337,-1.7885,-1150.03,15m,holdout,0.325,776
4.5,0.75,643,0.313,-2.8422,-1827.54,15m,holdout,0.325,776
4.5,1.0,643,0.303,-3.7436,-2407.11,15m,holdout,0.325,776
4.5,1.5,643,0.275,-5.1694,-3323.94,15m,holdout,0.325,776
4.5,2.0,643,0.26,-6.3181,-4062.55,15m,holdout,0.325,776
5.0,0.25,643,0.389,-0.3376,-217.06,15m,holdout,0.325,776
5.0,0.5,643,0.333,-1.5528,-998.43,15m,holdout,0.325,776
5.0,0.75,643,0.305,-2.566,-1649.94,15m,holdout,0.325,776
5.0,1.0,643,0.292,-3.4612,-2225.55,15m,holdout,0.325,776
5.0,1.5,643,0.269,-4.8903,-3144.44,15m,holdout,0.325,776
5.0,2.0,643,0.261,-6.0381,-3882.52,15m,holdout,0.325,776
1.5,0.25,643,0.474,-1.7076,-1098.0,15m,holdout,0.35,776
1.5,0.5,643,0.4,-2.9902,-1922.73,15m,holdout,0.35,776
1.5,0.75,643,0.328,-4.0159,-2582.24,15m,holdout,0.35,776
1.5,1.0,643,0.272,-4.8138,-3095.29,15m,holdout,0.35,776
1.5,1.5,643,0.193,-6.1461,-3951.94,15m,holdout,0.35,776
1.5,2.0,643,0.124,-7.2641,-4670.82,15m,holdout,0.35,776
2.0,0.25,643,0.457,-1.4219,-914.29,15m,holdout,0.35,776
2.0,0.5,643,0.407,-2.7711,-1781.84,15m,holdout,0.35,776
2.0,0.75,643,0.369,-3.82,-2456.24,15m,holdout,0.35,776
2.0,1.0,643,0.334,-4.6388,-2982.78,15m,holdout,0.35,776
2.0,1.5,643,0.263,-5.9856,-3848.73,15m,holdout,0.35,776
2.0,2.0,643,0.191,-7.1078,-4570.32,15m,holdout,0.35,776
2.5,0.25,643,0.437,-1.2531,-805.76,15m,holdout,0.35,776
2.5,0.5,643,0.398,-2.6544,-1706.75,15m,holdout,0.35,776
2.5,0.75,643,0.367,-3.73,-2398.41,15m,holdout,0.35,776
2.5,1.0,643,0.344,-4.5476,-2924.1,15m,holdout,0.35,776
2.5,1.5,643,0.294,-5.9,-3793.68,15m,holdout,0.35,776
2.5,2.0,643,0.23,-7.0359,-4524.07,15m,holdout,0.35,776
3.0,0.25,643,0.423,-0.9386,-603.52,15m,holdout,0.35,776
3.0,0.5,643,0.376,-2.3468,-1508.98,15m,holdout,0.35,776
3.0,0.75,643,0.359,-3.4485,-2217.36,15m,holdout,0.35,776
3.0,1.0,643,0.337,-4.2867,-2756.37,15m,holdout,0.35,776
3.0,1.5,643,0.306,-5.6548,-3636.01,15m,holdout,0.35,776
3.0,2.0,643,0.258,-6.7953,-4369.4,15m,holdout,0.35,776
3.5,0.25,643,0.404,-0.8249,-530.41,15m,holdout,0.35,776
3.5,0.5,643,0.355,-2.1762,-1399.3,15m,holdout,0.35,776
3.5,0.75,643,0.336,-3.2546,-2092.68,15m,holdout,0.35,776
3.5,1.0,643,0.322,-4.0964,-2633.97,15m,holdout,0.35,776
3.5,1.5,643,0.3,-5.5084,-3541.91,15m,holdout,0.35,776
3.5,2.0,643,0.266,-6.6629,-4284.27,15m,holdout,0.35,776
4.0,0.25,643,0.397,-0.649,-417.32,15m,holdout,0.35,776
4.0,0.5,643,0.344,-1.9103,-1228.35,15m,holdout,0.35,776
4.0,0.75,643,0.323,-2.9587,-1902.43,15m,holdout,0.35,776
4.0,1.0,643,0.309,-3.851,-2476.22,15m,holdout,0.35,776
4.0,1.5,643,0.291,-5.2731,-3390.57,15m,holdout,0.35,776
4.0,2.0,643,0.266,-6.4174,-4126.37,15m,holdout,0.35,776
4.5,0.25,643,0.389,-0.5138,-330.36,15m,holdout,0.35,776
4.5,0.5,643,0.334,-1.8346,-1179.63,15m,holdout,0.35,776
4.5,0.75,643,0.311,-2.8567,-1836.83,15m,holdout,0.35,776
4.5,1.0,643,0.3,-3.7492,-2410.72,15m,holdout,0.35,776
4.5,1.5,643,0.278,-5.1623,-3319.39,15m,holdout,0.35,776
4.5,2.0,643,0.261,-6.3042,-4053.59,15m,holdout,0.35,776
5.0,0.25,643,0.384,-0.4077,-262.13,15m,holdout,0.35,776
5.0,0.5,643,0.328,-1.6438,-1056.98,15m,holdout,0.35,776
5.0,0.75,643,0.302,-2.6558,-1707.65,15m,holdout,0.35,776
5.0,1.0,643,0.289,-3.5377,-2274.73,15m,holdout,0.35,776
5.0,1.5,643,0.271,-4.9631,-3191.3,15m,holdout,0.35,776
5.0,2.0,643,0.26,-6.11,-3928.72,15m,holdout,0.35,776
1.5,0.25,640,0.473,-1.7459,-1117.37,15m,holdout,0.375,776
1.5,0.5,640,0.394,-3.0068,-1924.36,15m,holdout,0.375,776
1.5,0.75,640,0.32,-4.0307,-2579.64,15m,holdout,0.375,776
1.5,1.0,640,0.264,-4.8284,-3090.2,15m,holdout,0.375,776
1.5,1.5,640,0.192,-6.1605,-3942.69,15m,holdout,0.375,776
1.5,2.0,640,0.13,-7.2783,-4658.1,15m,holdout,0.375,776
2.0,0.25,640,0.464,-1.3396,-857.35,15m,holdout,0.375,776
2.0,0.5,640,0.416,-2.7009,-1728.56,15m,holdout,0.375,776
2.0,0.75,640,0.372,-3.7591,-2405.84,15m,holdout,0.375,776
2.0,1.0,640,0.336,-4.5733,-2926.93,15m,holdout,0.375,776
2.0,1.5,640,0.264,-5.9242,-3791.5,15m,holdout,0.375,776
2.0,2.0,640,0.191,-7.0533,-4514.09,15m,holdout,0.375,776
2.5,0.25,640,0.441,-1.1911,-762.34,15m,holdout,0.375,776
2.5,0.5,640,0.403,-2.5679,-1643.49,15m,holdout,0.375,776
2.5,0.75,640,0.372,-3.6335,-2325.46,15m,holdout,0.375,776
2.5,1.0,640,0.347,-4.4466,-2845.81,15m,holdout,0.375,776
2.5,1.5,640,0.305,-5.7939,-3708.1,15m,holdout,0.375,776
2.5,2.0,640,0.236,-6.927,-4433.26,15m,holdout,0.375,776
3.0,0.25,640,0.425,-0.9401,-601.65,15m,holdout,0.375,776
3.0,0.5,640,0.381,-2.358,-1509.1,15m,holdout,0.375,776
3.0,0.75,640,0.361,-3.453,-2209.91,15m,holdout,0.375,776
3.0,1.0,640,0.339,-4.28,-2739.17,15m,holdout,0.375,776
3.0,1.5,640,0.309,-5.6369,-3607.62,15m,holdout,0.375,776
3.0,2.0,640,0.264,-6.7717,-4333.86,15m,holdout,0.375,776
3.5,0.25,640,0.409,-0.7617,-487.47,15m,holdout,0.375,776
3.5,0.5,640,0.364,-2.1117,-1351.47,15m,holdout,0.375,776
3.5,0.75,640,0.342,-3.1916,-2042.65,15m,holdout,0.375,776
3.5,1.0,640,0.33,-4.0325,-2580.77,15m,holdout,0.375,776
3.5,1.5,640,0.306,-5.4437,-3483.94,15m,holdout,0.375,776
3.5,2.0,640,0.275,-6.5989,-4223.26,15m,holdout,0.375,776
4.0,0.25,640,0.4,-0.6169,-394.84,15m,holdout,0.375,776
4.0,0.5,640,0.348,-1.8834,-1205.39,15m,holdout,0.375,776
4.0,0.75,640,0.325,-2.9338,-1877.62,15m,holdout,0.375,776
4.0,1.0,640,0.312,-3.8262,-2448.76,15m,holdout,0.375,776
4.0,1.5,640,0.294,-5.248,-3358.75,15m,holdout,0.375,776
4.0,2.0,640,0.273,-6.3924,-4091.11,15m,holdout,0.375,776
4.5,0.25,640,0.394,-0.4204,-269.08,15m,holdout,0.375,776
4.5,0.5,640,0.339,-1.7283,-1106.13,15m,holdout,0.375,776
4.5,0.75,640,0.314,-2.7449,-1756.71,15m,holdout,0.375,776
4.5,1.0,640,0.305,-3.6378,-2328.21,15m,holdout,0.375,776
4.5,1.5,640,0.283,-5.0514,-3232.89,15m,holdout,0.375,776
4.5,2.0,640,0.269,-6.1929,-3963.44,15m,holdout,0.375,776
5.0,0.25,640,0.389,-0.3086,-197.53,15m,holdout,0.375,776
5.0,0.5,640,0.334,-1.5063,-964.0,15m,holdout,0.375,776
5.0,0.75,640,0.306,-2.5078,-1604.99,15m,holdout,0.375,776
5.0,1.0,640,0.297,-3.385,-2166.37,15m,holdout,0.375,776
5.0,1.5,640,0.278,-4.8056,-3075.56,15m,holdout,0.375,776
5.0,2.0,640,0.27,-5.9498,-3807.88,15m,holdout,0.375,776
1.5,0.25,640,0.478,-1.7447,-1116.59,15m,holdout,0.4,776
1.5,0.5,640,0.395,-3.0189,-1932.13,15m,holdout,0.4,776
1.5,0.75,640,0.322,-3.9782,-2546.07,15m,holdout,0.4,776
1.5,1.0,640,0.267,-4.7746,-3055.73,15m,holdout,0.4,776
1.5,1.5,640,0.188,-6.1021,-3905.34,15m,holdout,0.4,776
1.5,2.0,640,0.128,-7.2172,-4619.0,15m,holdout,0.4,776
2.0,0.25,640,0.464,-1.3409,-858.2,15m,holdout,0.4,776
2.0,0.5,640,0.422,-2.6748,-1711.86,15m,holdout,0.4,776
2.0,0.75,640,0.38,-3.7231,-2382.79,15m,holdout,0.4,776
2.0,1.0,640,0.345,-4.5327,-2900.96,15m,holdout,0.4,776
2.0,1.5,640,0.262,-5.8784,-3762.16,15m,holdout,0.4,776
2.0,2.0,640,0.186,-7.0044,-4482.79,15m,holdout,0.4,776
2.5,0.25,640,0.439,-1.2295,-786.87,15m,holdout,0.4,776
2.5,0.5,640,0.406,-2.5814,-1652.08,15m,holdout,0.4,776
2.5,0.75,640,0.373,-3.6323,-2324.69,15m,holdout,0.4,776
2.5,1.0,640,0.347,-4.4374,-2839.91,15m,holdout,0.4,776
2.5,1.5,640,0.3,-5.7946,-3708.56,15m,holdout,0.4,776
2.5,2.0,640,0.225,-6.9318,-4436.37,15m,holdout,0.4,776
3.0,0.25,640,0.422,-0.9863,-631.24,15m,holdout,0.4,776
3.0,0.5,640,0.38,-2.3671,-1514.95,15m,holdout,0.4,776
3.0,0.75,640,0.359,-3.4387,-2200.77,15m,holdout,0.4,776
3.0,1.0,640,0.336,-4.2549,-2723.16,15m,holdout,0.4,776
3.0,1.5,640,0.305,-5.6027,-3585.71,15m,holdout,0.4,776
3.0,2.0,640,0.259,-6.7399,-4313.51,15m,holdout,0.4,776
3.5,0.25,640,0.408,-0.7634,-488.6,15m,holdout,0.4,776
3.5,0.5,640,0.366,-2.0799,-1331.11,15m,holdout,0.4,776
3.5,0.75,640,0.344,-3.1555,-2019.52,15m,holdout,0.4,776
3.5,1.0,640,0.331,-3.9962,-2557.6,15m,holdout,0.4,776
3.5,1.5,640,0.306,-5.3931,-3451.57,15m,holdout,0.4,776
3.5,2.0,640,0.277,-6.5487,-4191.17,15m,holdout,0.4,776
4.0,0.25,640,0.398,-0.5922,-379.02,15m,holdout,0.4,776
4.0,0.5,640,0.352,-1.8055,-1155.54,15m,holdout,0.4,776
4.0,0.75,640,0.328,-2.8356,-1814.81,15m,holdout,0.4,776
4.0,1.0,640,0.316,-3.7259,-2384.6,15m,holdout,0.4,776
4.0,1.5,640,0.297,-5.1346,-3286.17,15m,holdout,0.4,776
4.0,2.0,640,0.277,-6.2761,-4016.7,15m,holdout,0.4,776
4.5,0.25,640,0.389,-0.4471,-286.15,15m,holdout,0.4,776
4.5,0.5,640,0.338,-1.7494,-1119.61,15m,holdout,0.4,776
4.5,0.75,640,0.311,-2.7629,-1768.26,15m,holdout,0.4,776
4.5,1.0,640,0.302,-3.662,-2343.68,15m,holdout,0.4,776
4.5,1.5,640,0.281,-5.0814,-3252.09,15m,holdout,0.4,776
4.5,2.0,640,0.267,-6.2282,-3986.06,15m,holdout,0.4,776
5.0,0.25,640,0.384,-0.3667,-234.67,15m,holdout,0.4,776
5.0,0.5,640,0.333,-1.5695,-1004.47,15m,holdout,0.4,776
5.0,0.75,640,0.303,-2.5641,-1641.03,15m,holdout,0.4,776
5.0,1.0,640,0.294,-3.4436,-2203.9,15m,holdout,0.4,776
5.0,1.5,640,0.272,-4.866,-3114.24,15m,holdout,0.4,776
5.0,2.0,640,0.264,-6.0128,-3848.21,15m,holdout,0.4,776
1.5,0.25,640,0.473,-1.7788,-1138.43,15m,holdout,0.425,776
1.5,0.5,640,0.388,-3.0451,-1948.88,15m,holdout,0.425,776
1.5,0.75,640,0.312,-4.0011,-2560.73,15m,holdout,0.425,776
1.5,1.0,640,0.259,-4.7956,-3069.17,15m,holdout,0.425,776
1.5,1.5,640,0.183,-6.1209,-3917.39,15m,holdout,0.425,776
1.5,2.0,640,0.128,-7.2348,-4630.29,15m,holdout,0.425,776
2.0,0.25,640,0.464,-1.3696,-876.56,15m,holdout,0.425,776
2.0,0.5,640,0.422,-2.7018,-1729.14,15m,holdout,0.425,776
2.0,0.75,640,0.378,-3.7431,-2395.6,15m,holdout,0.425,776
2.0,1.0,640,0.344,-4.5501,-2912.04,15m,holdout,0.425,776
2.0,1.5,640,0.256,-5.8917,-3770.66,15m,holdout,0.425,776
2.0,2.0,640,0.184,-7.0149,-4489.52,15m,holdout,0.425,776
2.5,0.25,640,0.438,-1.2922,-827.01,15m,holdout,0.425,776
2.5,0.5,640,0.405,-2.6405,-1689.95,15m,holdout,0.425,776
2.5,0.75,640,0.37,-3.6876,-2360.05,15m,holdout,0.425,776
2.5,1.0,640,0.342,-4.4911,-2874.31,15m,holdout,0.425,776
2.5,1.5,640,0.294,-5.8463,-3741.62,15m,holdout,0.425,776
2.5,2.0,640,0.219,-6.9822,-4468.62,15m,holdout,0.425,776
3.0,0.25,640,0.423,-0.999,-639.33,15m,holdout,0.425,776
3.0,0.5,640,0.383,-2.3517,-1505.08,15m,holdout,0.425,776
3.0,0.75,640,0.361,-3.4233,-2190.94,15m,holdout,0.425,776
3.0,1.0,640,0.338,-4.2402,-2713.73,15m,holdout,0.425,776
3.0,1.5,640,0.305,-5.5875,-3576.02,15m,holdout,0.425,776
3.0,2.0,640,0.261,-6.7245,-4303.67,15m,holdout,0.425,776
3.5,0.25,640,0.406,-0.8113,-519.23,15m,holdout,0.425,776
3.5,0.5,640,0.367,-2.1393,-1369.14,15m,holdout,0.425,776
3.5,0.75,640,0.345,-3.2163,-2058.43,15m,holdout,0.425,776
3.5,1.0,640,0.331,-4.0607,-2598.85,15m,holdout,0.425,776
3.5,1.5,640,0.302,-5.4322,-3476.6,15m,holdout,0.425,776
3.5,2.0,640,0.273,-6.5811,-4211.88,15m,holdout,0.425,776
4.0,0.25,640,0.398,-0.6459,-413.38,15m,holdout,0.425,776
4.0,0.5,640,0.353,-1.8876,-1208.09,15m,holdout,0.425,776
4.0,0.75,640,0.33,-2.9175,-1867.19,15m,holdout,0.425,776
4.0,1.0,640,0.316,-3.7995,-2431.67,15m,holdout,0.425,776
4.0,1.5,640,0.294,-5.2054,-3331.45,15m,holdout,0.425,776
4.0,2.0,640,0.273,-6.3629,-4072.24,15m,holdout,0.425,776
4.5,0.25,640,0.386,-0.5022,-321.38,15m,holdout,0.425,776
4.5,0.5,640,0.336,-1.8267,-1169.1,15m,holdout,0.425,776
4.5,0.75,640,0.311,-2.8292,-1810.69,15m,holdout,0.425,776
4.5,1.0,640,0.3,-3.7127,-2376.15,15m,holdout,0.425,776
4.5,1.5,640,0.28,-5.1211,-3277.48,15m,holdout,0.425,776
4.5,2.0,640,0.266,-6.2629,-4008.29,15m,holdout,0.425,776
5.0,0.25,640,0.383,-0.402,-257.29,15m,holdout,0.425,776
5.0,0.5,640,0.333,-1.6518,-1057.12,15m,holdout,0.425,776
5.0,0.75,640,0.303,-2.6574,-1700.7,15m,holdout,0.425,776
5.0,1.0,640,0.292,-3.5454,-2269.06,15m,holdout,0.425,776
5.0,1.5,640,0.27,-4.9732,-3182.83,15m,holdout,0.425,776
5.0,2.0,640,0.262,-6.1223,-3918.3,15m,holdout,0.425,776
1.5,0.25,638,0.475,-1.6666,-1063.32,15m,holdout,0.45,776
1.5,0.5,638,0.4,-2.9311,-1870.02,15m,holdout,0.45,776
1.5,0.75,638,0.312,-3.8874,-2480.15,15m,holdout,0.45,776
1.5,1.0,638,0.259,-4.6823,-2987.28,15m,holdout,0.45,776
1.5,1.5,638,0.188,-6.0085,-3833.41,15m,holdout,0.45,776
1.5,2.0,638,0.133,-7.1232,-4544.59,15m,holdout,0.45,776
2.0,0.25,638,0.472,-1.3179,-840.85,15m,holdout,0.45,776
2.0,0.5,638,0.422,-2.6279,-1676.58,15m,holdout,0.45,776
2.0,0.75,638,0.375,-3.6641,-2337.73,15m,holdout,0.45,776
2.0,1.0,638,0.34,-4.4691,-2851.26,15m,holdout,0.45,776
2.0,1.5,638,0.254,-5.8083,-3705.72,15m,holdout,0.45,776
2.0,2.0,638,0.185,-6.9303,-4421.53,15m,holdout,0.45,776
2.5,0.25,638,0.437,-1.2904,-823.26,15m,holdout,0.45,776
2.5,0.5,638,0.403,-2.6351,-1681.17,15m,holdout,0.45,776
2.5,0.75,638,0.371,-3.6767,-2345.74,15m,holdout,0.45,776
2.5,1.0,638,0.343,-4.4772,-2856.45,15m,holdout,0.45,776
2.5,1.5,638,0.288,-5.8315,-3720.52,15m,holdout,0.45,776
2.5,2.0,638,0.221,-6.9653,-4443.86,15m,holdout,0.45,776
3.0,0.25,638,0.425,-0.9904,-631.85,15m,holdout,0.45,776
3.0,0.5,638,0.382,-2.335,-1489.72,15m,holdout,0.45,776
3.0,0.75,638,0.359,-3.4017,-2170.26,15m,holdout,0.45,776
3.0,1.0,638,0.34,-4.2175,-2690.78,15m,holdout,0.45,776
3.0,1.5,638,0.303,-5.5722,-3555.04,15m,holdout,0.45,776
3.0,2.0,638,0.263,-6.7149,-4284.11,15m,holdout,0.45,776
3.5,0.25,638,0.406,-0.841,-536.58,15m,holdout,0.45,776
3.5,0.5,638,0.364,-2.1619,-1379.29,15m,holdout,0.45,776
3.5,0.75,638,0.342,-3.2519,-2074.72,15m,holdout,0.45,776
3.5,1.0,638,0.329,-4.0863,-2607.04,15m,holdout,0.45,776
3.5,1.5,638,0.299,-5.4539,-3479.6,15m,holdout,0.45,776
3.5,2.0,638,0.271,-6.5996,-4210.53,15m,holdout,0.45,776
4.0,0.25,638,0.4,-0.674,-430.0,15m,holdout,0.45,776
4.0,0.5,638,0.354,-1.924,-1227.51,15m,holdout,0.45,776
4.0,0.75,638,0.328,-2.95,-1882.13,15m,holdout,0.45,776
4.0,1.0,638,0.315,-3.8312,-2444.31,15m,holdout,0.45,776
4.0,1.5,638,0.293,-5.2395,-3342.82,15m,holdout,0.45,776
4.0,2.0,638,0.274,-6.3969,-4081.21,15m,holdout,0.45,776
4.5,0.25,638,0.386,-0.5765,-367.79,15m,holdout,0.45,776
4.5,0.5,638,0.337,-1.7737,-1131.6,15m,holdout,0.45,776
4.5,0.75,638,0.307,-2.7865,-1777.78,15m,holdout,0.45,776
4.5,1.0,638,0.298,-3.6752,-2344.8,15m,holdout,0.45,776
4.5,1.5,638,0.277,-5.0865,-3245.21,15m,holdout,0.45,776
4.5,2.0,638,0.262,-6.2299,-3974.7,15m,holdout,0.45,776
5.0,0.25,638,0.382,-0.447,-285.18,15m,holdout,0.45,776
5.0,0.5,638,0.331,-1.7186,-1096.46,15m,holdout,0.45,776
5.0,0.75,638,0.298,-2.7097,-1728.82,15m,holdout,0.45,776
5.0,1.0,638,0.288,-3.5917,-2291.52,15m,holdout,0.45,776
5.0,1.5,638,0.268,-5.0006,-3190.36,15m,holdout,0.45,776
5.0,2.0,638,0.26,-6.1418,-3918.45,15m,holdout,0.45,776
1.5,0.25,636,0.473,-1.6407,-1043.5,15m,holdout,0.475,776
1.5,0.5,636,0.392,-2.8977,-1842.94,15m,holdout,0.475,776
1.5,0.75,636,0.31,-3.8372,-2440.49,15m,holdout,0.475,776
1.5,1.0,636,0.253,-4.6253,-2941.68,15m,holdout,0.475,776
1.5,1.5,636,0.189,-5.9441,-3780.42,15m,holdout,0.475,776
1.5,2.0,636,0.138,-7.0544,-4486.6,15m,holdout,0.475,776
2.0,0.25,636,0.475,-1.3306,-846.23,15m,holdout,0.475,776
2.0,0.5,636,0.421,-2.6305,-1673.0,15m,holdout,0.475,776
2.0,0.75,636,0.376,-3.6594,-2327.37,15m,holdout,0.475,776
2.0,1.0,636,0.338,-4.4614,-2837.48,15m,holdout,0.475,776
2.0,1.5,636,0.256,-5.7974,-3687.12,15m,holdout,0.475,776
2.0,2.0,636,0.179,-6.9172,-4399.35,15m,holdout,0.475,776
2.5,0.25,636,0.439,-1.2975,-825.21,15m,holdout,0.475,776
2.5,0.5,636,0.401,-2.6328,-1674.45,15m,holdout,0.475,776
2.5,0.75,636,0.369,-3.6801,-2340.56,15m,holdout,0.475,776
2.5,1.0,636,0.343,-4.5006,-2862.4,15m,holdout,0.475,776
2.5,1.5,636,0.289,-5.8557,-3724.21,15m,holdout,0.475,776
2.5,2.0,636,0.217,-6.9864,-4443.37,15m,holdout,0.475,776
3.0,0.25,636,0.428,-1.0302,-655.2,15m,holdout,0.475,776
3.0,0.5,636,0.382,-2.3698,-1507.2,15m,holdout,0.475,776
3.0,0.75,636,0.362,-3.4281,-2180.28,15m,holdout,0.475,776
3.0,1.0,636,0.343,-4.2378,-2695.22,15m,holdout,0.475,776
3.0,1.5,636,0.302,-5.5845,-3551.74,15m,holdout,0.475,776
3.0,2.0,636,0.256,-6.7225,-4275.49,15m,holdout,0.475,776
3.5,0.25,636,0.409,-0.8627,-548.67,15m,holdout,0.475,776
3.5,0.5,636,0.365,-2.1765,-1384.28,15m,holdout,0.475,776
3.5,0.75,636,0.343,-3.2583,-2072.27,15m,holdout,0.475,776
3.5,1.0,636,0.332,-4.0886,-2600.32,15m,holdout,0.475,776
3.5,1.5,636,0.3,-5.4511,-3466.88,15m,holdout,0.475,776
3.5,2.0,636,0.264,-6.5936,-4193.54,15m,holdout,0.475,776
4.0,0.25,636,0.399,-0.7292,-463.76,15m,holdout,0.475,776
4.0,0.5,636,0.352,-1.9896,-1265.41,15m,holdout,0.475,776
4.0,0.75,636,0.327,-3.049,-1939.14,15m,holdout,0.475,776
4.0,1.0,636,0.316,-3.8861,-2471.54,15m,holdout,0.475,776
4.0,1.5,636,0.296,-5.2808,-3358.62,15m,holdout,0.475,776
4.0,2.0,636,0.272,-6.4332,-4091.55,15m,holdout,0.475,776
4.5,0.25,636,0.39,-0.572,-363.77,15m,holdout,0.475,776
4.5,0.5,636,0.34,-1.7642,-1122.04,15m,holdout,0.475,776
4.5,0.75,636,0.311,-2.7755,-1765.19,15m,holdout,0.475,776
4.5,1.0,636,0.303,-3.6632,-2329.81,15m,holdout,0.475,776
4.5,1.5,636,0.281,-5.0711,-3225.22,15m,holdout,0.475,776
4.5,2.0,636,0.263,-6.2118,-3950.68,15m,holdout,0.475,776
5.0,0.25,636,0.382,-0.4813,-306.08,15m,holdout,0.475,776
5.0,0.5,636,0.329,-1.7679,-1124.36,15m,holdout,0.475,776
5.0,0.75,636,0.299,-2.7562,-1752.92,15m,holdout,0.475,776
5.0,1.0,636,0.289,-3.6372,-2313.28,15m,holdout,0.475,776
5.0,1.5,636,0.269,-5.0431,-3207.43,15m,holdout,0.475,776
5.0,2.0,636,0.258,-6.1821,-3931.82,15m,holdout,0.475,776
1.5,0.25,631,0.482,-1.5369,-969.76,15m,holdout,0.5,776
1.5,0.5,631,0.398,-2.7819,-1755.35,15m,holdout,0.5,776
1.5,0.75,631,0.319,-3.7176,-2345.83,15m,holdout,0.5,776
1.5,1.0,631,0.258,-4.5032,-2841.52,15m,holdout,0.5,776
1.5,1.5,631,0.19,-5.8183,-3671.32,15m,holdout,0.5,776
1.5,2.0,631,0.139,-6.9257,-4370.09,15m,holdout,0.5,776
2.0,0.25,631,0.48,-1.2959,-817.69,15m,holdout,0.5,776
2.0,0.5,631,0.423,-2.5871,-1632.45,15m,holdout,0.5,776
2.0,0.75,631,0.379,-3.6125,-2279.46,15m,holdout,0.5,776
2.0,1.0,631,0.336,-4.4127,-2784.38,15m,holdout,0.5,776
2.0,1.5,631,0.25,-5.7455,-3625.4,15m,holdout,0.5,776
2.0,2.0,631,0.174,-6.8628,-4330.41,15m,holdout,0.5,776
2.5,0.25,631,0.447,-1.1093,-699.99,15m,holdout,0.5,776
2.5,0.5,631,0.41,-2.4445,-1542.49,15m,holdout,0.5,776
2.5,0.75,631,0.379,-3.4907,-2202.65,15m,holdout,0.5,776
2.5,1.0,631,0.353,-4.3104,-2719.89,15m,holdout,0.5,776
2.5,1.5,631,0.295,-5.6635,-3573.68,15m,holdout,0.5,776
2.5,2.0,631,0.227,-6.7924,-4285.98,15m,holdout,0.5,776
3.0,0.25,631,0.433,-0.9469,-597.48,15m,holdout,0.5,776
3.0,0.5,631,0.387,-2.2826,-1440.31,15m,holdout,0.5,776
3.0,0.75,631,0.368,-3.3378,-2106.13,15m,holdout,0.5,776
3.0,1.0,631,0.347,-4.1454,-2615.77,15m,holdout,0.5,776
3.0,1.5,631,0.307,-5.4886,-3463.33,15m,holdout,0.5,776
3.0,2.0,631,0.258,-6.6238,-4179.61,15m,holdout,0.5,776
3.5,0.25,631,0.414,-0.7688,-485.12,15m,holdout,0.5,776
3.5,0.5,631,0.371,-2.0568,-1297.84,15m,holdout,0.5,776
3.5,0.75,631,0.352,-3.1207,-1969.19,15m,holdout,0.5,776
3.5,1.0,631,0.339,-3.9417,-2487.19,15m,holdout,0.5,776
3.5,1.5,631,0.309,-5.2928,-3339.76,15m,holdout,0.5,776
3.5,2.0,631,0.276,-6.4282,-4056.19,15m,holdout,0.5,776
4.0,0.25,631,0.404,-0.6703,-422.97,15m,holdout,0.5,776
4.0,0.5,631,0.357,-1.9432,-1226.16,15m,holdout,0.5,776
4.0,0.75,631,0.334,-3.0076,-1897.81,15m,holdout,0.5,776
4.0,1.0,631,0.322,-3.8448,-2426.07,15m,holdout,0.5,776
4.0,1.5,631,0.301,-5.2384,-3305.45,15m,holdout,0.5,776
4.0,2.0,631,0.277,-6.3893,-4031.64,15m,holdout,0.5,776
4.5,0.25,631,0.395,-0.5351,-337.67,15m,holdout,0.5,776
4.5,0.5,631,0.345,-1.7142,-1081.67,15m,holdout,0.5,776
4.5,0.75,631,0.32,-2.7369,-1726.97,15m,holdout,0.5,776
4.5,1.0,631,0.311,-3.6229,-2286.07,15m,holdout,0.5,776
4.5,1.5,631,0.287,-5.0337,-3176.26,15m,holdout,0.5,776
4.5,2.0,631,0.268,-6.1905,-3906.2,15m,holdout,0.5,776
5.0,0.25,631,0.387,-0.3946,-248.97,15m,holdout,0.5,776
5.0,0.5,631,0.333,-1.7049,-1075.8,15m,holdout,0.5,776
5.0,0.75,631,0.301,-2.7034,-1705.87,15m,holdout,0.5,776
5.0,1.0,631,0.29,-3.5959,-2269.02,15m,holdout,0.5,776
5.0,1.5,631,0.269,-5.008,-3160.06,15m,holdout,0.5,776
5.0,2.0,631,0.257,-6.1498,-3880.53,15m,holdout,0.5,776
1.5,0.25,628,0.482,-1.4512,-911.35,15m,holdout,0.525,776
1.5,0.5,628,0.4,-2.6945,-1692.12,15m,holdout,0.525,776
1.5,0.75,628,0.322,-3.6291,-2279.06,15m,holdout,0.525,776
1.5,1.0,628,0.264,-4.4138,-2771.88,15m,holdout,0.525,776
1.5,1.5,628,0.196,-5.7281,-3597.24,15m,holdout,0.525,776
1.5,2.0,628,0.15,-6.8353,-4292.59,15m,holdout,0.525,776
2.0,0.25,628,0.479,-1.3164,-826.71,15m,holdout,0.525,776
2.0,0.5,628,0.42,-2.6001,-1632.86,15m,holdout,0.525,776
2.0,0.75,628,0.373,-3.622,-2274.63,15m,holdout,0.525,776
2.0,1.0,628,0.33,-4.421,-2776.4,15m,holdout,0.525,776
2.0,1.5,628,0.245,-5.7528,-3612.75,15m,holdout,0.525,776
2.0,2.0,628,0.175,-6.8698,-4314.25,15m,holdout,0.525,776
2.5,0.25,628,0.451,-1.1193,-702.92,15m,holdout,0.525,776
2.5,0.5,628,0.409,-2.4664,-1548.92,15m,holdout,0.525,776
2.5,0.75,628,0.379,-3.519,-2209.96,15m,holdout,0.525,776
2.5,1.0,628,0.357,-4.3334,-2721.4,15m,holdout,0.525,776
2.5,1.5,628,0.296,-5.6819,-3568.26,15m,holdout,0.525,776
2.5,2.0,628,0.231,-6.8085,-4275.72,15m,holdout,0.525,776
3.0,0.25,628,0.43,-0.9805,-615.73,15m,holdout,0.525,776
3.0,0.5,628,0.385,-2.3142,-1453.34,15m,holdout,0.525,776
3.0,0.75,628,0.365,-3.366,-2113.83,15m,holdout,0.525,776
3.0,1.0,628,0.347,-4.1724,-2620.27,15m,holdout,0.525,776
3.0,1.5,628,0.304,-5.5144,-3463.02,15m,holdout,0.525,776
3.0,2.0,628,0.255,-6.6492,-4175.67,15m,holdout,0.525,776
3.5,0.25,628,0.416,-0.7735,-485.78,15m,holdout,0.525,776
3.5,0.5,628,0.371,-2.0849,-1309.31,15m,holdout,0.525,776
3.5,0.75,628,0.35,-3.159,-1983.88,15m,holdout,0.525,776
3.5,1.0,628,0.338,-3.9799,-2499.39,15m,holdout,0.525,776
3.5,1.5,628,0.307,-5.3347,-3350.17,15m,holdout,0.525,776
3.5,2.0,628,0.279,-6.4758,-4066.83,15m,holdout,0.525,776
4.0,0.25,628,0.403,-0.7029,-441.41,15m,holdout,0.525,776
4.0,0.5,628,0.357,-1.9721,-1238.48,15m,holdout,0.525,776
4.0,0.75,628,0.334,-3.0332,-1904.83,15m,holdout,0.525,776
4.0,1.0,628,0.322,-3.8691,-2429.79,15m,holdout,0.525,776
4.0,1.5,628,0.299,-5.2671,-3307.75,15m,holdout,0.525,776
4.0,2.0,628,0.277,-6.4181,-4030.57,15m,holdout,0.525,776
4.5,0.25,628,0.393,-0.5986,-375.92,15m,holdout,0.525,776
4.5,0.5,628,0.346,-1.8021,-1131.75,15m,holdout,0.525,776
4.5,0.75,628,0.32,-2.8191,-1770.37,15m,holdout,0.525,776
4.5,1.0,628,0.311,-3.7045,-2326.41,15m,holdout,0.525,776
4.5,1.5,628,0.288,-5.1159,-3212.81,15m,holdout,0.525,776
4.5,2.0,628,0.269,-6.2738,-3939.93,15m,holdout,0.525,776
5.0,0.25,628,0.387,-0.4281,-268.82,15m,holdout,0.525,776
5.0,0.5,628,0.333,-1.7404,-1092.97,15m,holdout,0.525,776
5.0,0.75,628,0.303,-2.7472,-1725.27,15m,holdout,0.525,776
5.0,1.0,628,0.291,-3.6435,-2288.11,15m,holdout,0.525,776
5.0,1.5,628,0.269,-5.058,-3176.44,15m,holdout,0.525,776
5.0,2.0,628,0.256,-6.2018,-3894.74,15m,holdout,0.525,776
1.5,0.25,627,0.483,-1.565,-981.27,15m,holdout,0.55,776
1.5,0.5,627,0.394,-2.7922,-1750.71,15m,holdout,0.55,776
1.5,0.75,627,0.316,-3.7194,-2332.05,15m,holdout,0.55,776
1.5,1.0,627,0.258,-4.4995,-2821.21,15m,holdout,0.55,776
1.5,1.5,627,0.183,-5.8082,-3641.73,15m,holdout,0.55,776
1.5,2.0,627,0.139,-6.9119,-4333.78,15m,holdout,0.55,776
2.0,0.25,627,0.477,-1.4497,-908.99,15m,holdout,0.55,776
2.0,0.5,627,0.418,-2.7333,-1713.8,15m,holdout,0.55,776
2.0,0.75,627,0.37,-3.6904,-2313.88,15m,holdout,0.55,776
2.0,1.0,627,0.327,-4.4839,-2811.4,15m,holdout,0.55,776
2.0,1.5,627,0.246,-5.8069,-3640.9,15m,holdout,0.55,776
2.0,2.0,627,0.18,-6.9186,-4337.97,15m,holdout,0.55,776
2.5,0.25,627,0.45,-1.2429,-779.28,15m,holdout,0.55,776
2.5,0.5,627,0.408,-2.5553,-1602.16,15m,holdout,0.55,776
2.5,0.75,627,0.381,-3.5917,-2251.98,15m,holdout,0.55,776
2.5,1.0,627,0.36,-4.3977,-2757.34,15m,holdout,0.55,776
2.5,1.5,627,0.298,-5.7363,-3596.68,15m,holdout,0.55,776
2.5,2.0,627,0.23,-6.8569,-4299.3,15m,holdout,0.55,776
3.0,0.25,627,0.429,-1.1162,-699.88,15m,holdout,0.55,776
3.0,0.5,627,0.384,-2.4364,-1527.64,15m,holdout,0.55,776
3.0,0.75,627,0.365,-3.478,-2180.7,15m,holdout,0.55,776
3.0,1.0,627,0.349,-4.2805,-2683.89,15m,holdout,0.55,776
3.0,1.5,627,0.305,-5.6398,-3536.17,15m,holdout,0.55,776
3.0,2.0,627,0.252,-6.7792,-4250.55,15m,holdout,0.55,776
3.5,0.25,627,0.413,-0.9401,-589.42,15m,holdout,0.55,776
3.5,0.5,627,0.367,-2.2511,-1411.41,15m,holdout,0.55,776
3.5,0.75,627,0.348,-3.3222,-2083.03,15m,holdout,0.55,776
3.5,1.0,627,0.335,-4.1413,-2596.62,15m,holdout,0.55,776
3.5,1.5,627,0.301,-5.4937,-3444.53,15m,holdout,0.55,776
3.5,2.0,627,0.271,-6.6334,-4159.12,15m,holdout,0.55,776
4.0,0.25,627,0.402,-0.8457,-530.28,15m,holdout,0.55,776
4.0,0.5,627,0.356,-2.1457,-1345.37,15m,holdout,0.55,776
4.0,0.75,627,0.335,-3.2097,-2012.51,15m,holdout,0.55,776
4.0,1.0,627,0.322,-4.049,-2538.72,15m,holdout,0.55,776
4.0,1.5,627,0.297,-5.4206,-3398.71,15m,holdout,0.55,776
4.0,2.0,627,0.276,-6.564,-4115.61,15m,holdout,0.55,776
4.5,0.25,627,0.394,-0.7385,-463.06,15m,holdout,0.55,776
4.5,0.5,627,0.344,-1.9642,-1231.56,15m,holdout,0.55,776
4.5,0.75,627,0.321,-2.9848,-1871.48,15m,holdout,0.55,776
4.5,1.0,627,0.309,-3.8696,-2426.23,15m,holdout,0.55,776
4.5,1.5,627,0.285,-5.2803,-3310.72,15m,holdout,0.55,776
4.5,2.0,627,0.263,-6.4375,-4036.31,15m,holdout,0.55,776
5.0,0.25,627,0.386,-0.542,-339.8,15m,holdout,0.55,776
5.0,0.5,627,0.33,-1.8731,-1174.42,15m,holdout,0.55,776
5.0,0.75,627,0.301,-2.883,-1807.65,15m,holdout,0.55,776
5.0,1.0,627,0.29,-3.7777,-2368.59,15m,holdout,0.55,776
5.0,1.5,627,0.266,-5.1903,-3254.33,15m,holdout,0.55,776
5.0,2.0,627,0.254,-6.3329,-3970.71,15m,holdout,0.55,776
1.5,0.25,624,0.489,-1.5287,-953.9,15m,holdout,0.575,776
1.5,0.5,624,0.396,-2.7493,-1715.58,15m,holdout,0.575,776
1.5,0.75,624,0.319,-3.6739,-2292.5,15m,holdout,0.575,776
1.5,1.0,624,0.256,-4.4526,-2778.4,15m,holdout,0.575,776
1.5,1.5,624,0.179,-5.7595,-3593.95,15m,holdout,0.575,776
1.5,2.0,624,0.139,-6.8624,-4282.11,15m,holdout,0.575,776
2.0,0.25,624,0.484,-1.3935,-869.56,15m,holdout,0.575,776
2.0,0.5,624,0.417,-2.6748,-1669.1,15m,holdout,0.575,776
2.0,0.75,624,0.367,-3.6309,-2265.68,15m,holdout,0.575,776
2.0,1.0,624,0.324,-4.4237,-2760.39,15m,holdout,0.575,776
2.0,1.5,624,0.24,-5.7459,-3585.44,15m,holdout,0.575,776
2.0,2.0,624,0.176,-6.8572,-4278.9,15m,holdout,0.575,776
2.5,0.25,624,0.457,-1.1792,-735.81,15m,holdout,0.575,776
2.5,0.5,624,0.417,-2.4857,-1551.06,15m,holdout,0.575,776
2.5,0.75,624,0.388,-3.5189,-2195.79,15m,holdout,0.575,776
2.5,1.0,624,0.365,-4.3244,-2698.45,15m,holdout,0.575,776
2.5,1.5,624,0.3,-5.6627,-3533.51,15m,holdout,0.575,776
2.5,2.0,624,0.228,-6.7831,-4232.64,15m,holdout,0.575,776
3.0,0.25,624,0.434,-1.0994,-686.05,15m,holdout,0.575,776
3.0,0.5,624,0.386,-2.4169,-1508.12,15m,holdout,0.575,776
3.0,0.75,624,0.367,-3.4592,-2158.57,15m,holdout,0.575,776
3.0,1.0,624,0.351,-4.2759,-2668.18,15m,holdout,0.575,776
3.0,1.5,624,0.306,-5.6426,-3521.0,15m,holdout,0.575,776
3.0,2.0,624,0.245,-6.7773,-4229.06,15m,holdout,0.575,776
3.5,0.25,624,0.418,-0.9268,-578.3,15m,holdout,0.575,776
3.5,0.5,624,0.369,-2.2545,-1406.83,15m,holdout,0.575,776
3.5,0.75,624,0.349,-3.3244,-2074.4,15m,holdout,0.575,776
3.5,1.0,624,0.335,-4.1434,-2585.51,15m,holdout,0.575,776
3.5,1.5,624,0.301,-5.4958,-3429.36,15m,holdout,0.575,776
3.5,2.0,624,0.266,-6.6356,-4140.62,15m,holdout,0.575,776
4.0,0.25,624,0.407,-0.7326,-457.16,15m,holdout,0.575,776
4.0,0.5,624,0.361,-1.9742,-1231.88,15m,holdout,0.575,776
4.0,0.75,624,0.341,-3.0238,-1886.84,15m,holdout,0.575,776
4.0,1.0,624,0.327,-3.8562,-2406.28,15m,holdout,0.575,776
4.0,1.5,624,0.304,-5.2203,-3257.49,15m,holdout,0.575,776
4.0,2.0,624,0.284,-6.3596,-3968.37,15m,holdout,0.575,776
4.5,0.25,624,0.397,-0.6956,-434.05,15m,holdout,0.575,776
4.5,0.5,624,0.346,-1.975,-1232.43,15m,holdout,0.575,776
4.5,0.75,624,0.324,-3.0291,-1890.16,15m,holdout,0.575,776
4.5,1.0,624,0.312,-3.8724,-2416.37,15m,holdout,0.575,776
4.5,1.5,624,0.29,-5.2718,-3289.62,15m,holdout,0.575,776
4.5,2.0,624,0.268,-6.4258,-4009.68,15m,holdout,0.575,776
5.0,0.25,624,0.389,-0.5139,-320.7,15m,holdout,0.575,776
5.0,0.5,624,0.333,-1.6913,-1055.34,15m,holdout,0.575,776
5.0,0.75,624,0.306,-2.6971,-1683.01,15m,holdout,0.575,776
5.0,1.0,624,0.296,-3.582,-2235.15,15m,holdout,0.575,776
5.0,1.5,624,0.274,-4.9946,-3116.62,15m,holdout,0.575,776
5.0,2.0,624,0.261,-6.1527,-3839.28,15m,holdout,0.575,776
1.5,0.25,618,0.487,-1.61,-994.97,15m,holdout,0.6,776
1.5,0.5,618,0.385,-2.8345,-1751.74,15m,holdout,0.6,776
1.5,0.75,618,0.307,-3.7605,-2323.99,15m,holdout,0.6,776
1.5,1.0,618,0.244,-4.5397,-2805.54,15m,holdout,0.6,776
1.5,1.5,618,0.176,-5.8467,-3613.24,15m,holdout,0.6,776
1.5,2.0,618,0.134,-6.9489,-4294.44,15m,holdout,0.6,776
2.0,0.25,618,0.482,-1.3927,-860.68,15m,holdout,0.6,776
2.0,0.5,618,0.416,-2.6867,-1660.36,15m,holdout,0.6,776
2.0,0.75,618,0.362,-3.65,-2255.7,15m,holdout,0.6,776
2.0,1.0,618,0.317,-4.4467,-2748.05,15m,holdout,0.6,776
2.0,1.5,618,0.235,-5.7727,-3567.5,15m,holdout,0.6,776
2.0,2.0,618,0.176,-6.8856,-4255.29,15m,holdout,0.6,776
2.5,0.25,618,0.45,-1.2757,-788.39,15m,holdout,0.6,776
2.5,0.5,618,0.416,-2.5793,-1594.04,15m,holdout,0.6,776
2.5,0.75,618,0.382,-3.6169,-2235.23,15m,holdout,0.6,776
2.5,1.0,618,0.361,-4.4259,-2735.2,15m,holdout,0.6,776
2.5,1.5,618,0.294,-5.7674,-3564.22,15m,holdout,0.6,776
2.5,2.0,618,0.218,-6.8891,-4257.48,15m,holdout,0.6,776
3.0,0.25,618,0.434,-1.1714,-723.91,15m,holdout,0.6,776
3.0,0.5,618,0.387,-2.514,-1553.66,15m,holdout,0.6,776
3.0,0.75,618,0.366,-3.5784,-2211.48,15m,holdout,0.6,776
3.0,1.0,618,0.351,-4.4127,-2727.05,15m,holdout,0.6,776
3.0,1.5,618,0.303,-5.7805,-3572.33,15m,holdout,0.6,776
3.0,2.0,618,0.241,-6.9168,-4274.58,15m,holdout,0.6,776
3.5,0.25,618,0.416,-1.0381,-641.53,15m,holdout,0.6,776
3.5,0.5,618,0.366,-2.3837,-1473.14,15m,holdout,0.6,776
3.5,0.75,618,0.345,-3.4557,-2135.59,15m,holdout,0.6,776
3.5,1.0,618,0.332,-4.2773,-2643.38,15m,holdout,0.6,776
3.5,1.5,618,0.298,-5.6341,-3481.89,15m,holdout,0.6,776
3.5,2.0,618,0.259,-6.7771,-4188.27,15m,holdout,0.6,776
4.0,0.25,618,0.405,-0.8502,-525.43,15m,holdout,0.6,776
4.0,0.5,618,0.356,-2.1197,-1309.99,15m,holdout,0.6,776
4.0,0.75,618,0.335,-3.1984,-1976.6,15m,holdout,0.6,776
4.0,1.0,618,0.32,-4.0331,-2492.46,15m,holdout,0.6,776
4.0,1.5,618,0.296,-5.402,-3338.43,15m,holdout,0.6,776
4.0,2.0,618,0.273,-6.551,-4048.5,15m,holdout,0.6,776
4.5,0.25,618,0.392,-0.8152,-503.81,15m,holdout,0.6,776
4.5,0.5,618,0.34,-2.1146,-1306.81,15m,holdout,0.6,776
4.5,0.75,618,0.316,-3.185,-1968.32,15m,holdout,0.6,776
4.5,1.0,618,0.304,-4.0393,-2496.27,15m,holdout,0.6,776
4.5,1.5,618,0.283,-5.4618,-3375.4,15m,holdout,0.6,776
4.5,2.0,618,0.262,-6.6299,-4097.27,15m,holdout,0.6,776
5.0,0.25,618,0.383,-0.7353,-454.42,15m,holdout,0.6,776
5.0,0.5,618,0.33,-1.9361,-1196.49,15m,holdout,0.6,776
5.0,0.75,618,0.301,-2.9442,-1819.51,15m,holdout,0.6,776
5.0,1.0,618,0.291,-3.8412,-2373.86,15m,holdout,0.6,776
5.0,1.5,618,0.272,-5.2738,-3259.2,15m,holdout,0.6,776
5.0,2.0,618,0.257,-6.4469,-3984.17,15m,holdout,0.6,776
1.5,0.25,617,0.485,-1.5693,-968.23,15m,holdout,0.625,776
1.5,0.5,617,0.384,-2.7886,-1720.59,15m,holdout,0.625,776
1.5,0.75,617,0.301,-3.7117,-2290.12,15m,holdout,0.625,776
1.5,1.0,617,0.246,-4.489,-2769.71,15m,holdout,0.625,776
1.5,1.5,617,0.18,-5.7936,-3574.66,15m,holdout,0.625,776
1.5,2.0,617,0.141,-6.8944,-4253.87,15m,holdout,0.625,776
2.0,0.25,617,0.476,-1.3685,-844.34,15m,holdout,0.625,776
2.0,0.5,617,0.412,-2.6536,-1637.28,15m,holdout,0.625,776
2.0,0.75,617,0.361,-3.6125,-2228.91,15m,holdout,0.625,776
2.0,1.0,617,0.308,-4.4064,-2718.78,15m,holdout,0.625,776
2.0,1.5,617,0.233,-5.7292,-3534.91,15m,holdout,0.625,776
2.0,2.0,617,0.175,-6.8403,-4220.44,15m,holdout,0.625,776
2.5,0.25,617,0.457,-1.2378,-763.74,15m,holdout,0.625,776
2.5,0.5,617,0.417,-2.5463,-1571.05,15m,holdout,0.625,776
2.5,0.75,617,0.389,-3.5238,-2174.2,15m,holdout,0.625,776
2.5,1.0,617,0.366,-4.328,-2670.4,15m,holdout,0.625,776
2.5,1.5,617,0.295,-5.6624,-3493.69,15m,holdout,0.625,776
2.5,2.0,617,0.216,-6.7801,-4183.34,15m,holdout,0.625,776
3.0,0.25,617,0.436,-1.1143,-687.51,15m,holdout,0.625,776
3.0,0.5,617,0.389,-2.4757,-1527.53,15m,holdout,0.625,776
3.0,0.75,617,0.371,-3.5387,-2183.38,15m,holdout,0.625,776
3.0,1.0,617,0.355,-4.361,-2690.72,15m,holdout,0.625,776
3.0,1.5,617,0.305,-5.7168,-3527.25,15m,holdout,0.625,776
3.0,2.0,617,0.245,-6.8467,-4224.44,15m,holdout,0.625,776
3.5,0.25,617,0.415,-1.0386,-640.83,15m,holdout,0.625,776
3.5,0.5,617,0.363,-2.3875,-1473.07,15m,holdout,0.625,776
3.5,0.75,617,0.344,-3.461,-2135.44,15m,holdout,0.625,776
3.5,1.0,617,0.332,-4.2826,-2642.35,15m,holdout,0.625,776
3.5,1.5,617,0.3,-5.6448,-3482.87,15m,holdout,0.625,776
3.5,2.0,617,0.259,-6.7944,-4192.13,15m,holdout,0.625,776
4.0,0.25,617,0.402,-0.8875,-547.56,15m,holdout,0.625,776
4.0,0.5,617,0.352,-2.1933,-1353.24,15m,holdout,0.625,776
4.0,0.75,617,0.335,-3.2696,-2017.32,15m,holdout,0.625,776
4.0,1.0,617,0.321,-4.0905,-2523.87,15m,holdout,0.625,776
4.0,1.5,617,0.298,-5.4471,-3360.86,15m,holdout,0.625,776
4.0,2.0,617,0.276,-6.5898,-4065.89,15m,holdout,0.625,776
4.5,0.25,617,0.394,-0.8208,-506.42,15m,holdout,0.625,776
4.5,0.5,617,0.339,-2.0966,-1293.6,15m,holdout,0.625,776
4.5,0.75,617,0.319,-3.1561,-1947.29,15m,holdout,0.625,776
4.5,1.0,617,0.308,-4.0007,-2468.45,15m,holdout,0.625,776
4.5,1.5,617,0.288,-5.4143,-3340.63,15m,holdout,0.625,776
4.5,2.0,617,0.266,-6.5777,-4058.44,15m,holdout,0.625,776
5.0,0.25,617,0.387,-0.7031,-433.78,15m,holdout,0.625,776
5.0,0.5,617,0.331,-1.9278,-1189.44,15m,holdout,0.625,776
5.0,0.75,617,0.306,-2.946,-1817.7,15m,holdout,0.625,776
5.0,1.0,617,0.295,-3.8363,-2366.98,15m,holdout,0.625,776
5.0,1.5,617,0.277,-5.2622,-3246.76,15m,holdout,0.625,776
5.0,2.0,617,0.261,-6.432,-3968.53,15m,holdout,0.625,776
1.5,0.25,613,0.48,-1.6747,-1026.61,15m,holdout,0.65,776
1.5,0.5,613,0.377,-2.8905,-1771.89,15m,holdout,0.65,776
1.5,0.75,613,0.29,-3.8123,-2336.95,15m,holdout,0.65,776
1.5,1.0,613,0.232,-4.5891,-2813.12,15m,holdout,0.65,776
1.5,1.5,613,0.173,-5.8936,-3612.76,15m,holdout,0.65,776
1.5,2.0,613,0.132,-6.9947,-4287.78,15m,holdout,0.65,776
2.0,0.25,613,0.473,-1.4491,-888.32,15m,holdout,0.65,776
2.0,0.5,613,0.4,-2.7227,-1669.02,15m,holdout,0.65,776
2.0,0.75,613,0.346,-3.6772,-2254.1,15m,holdout,0.65,776
2.0,1.0,613,0.292,-4.4687,-2739.34,15m,holdout,0.65,776
2.0,1.5,613,0.225,-5.7892,-3548.8,15m,holdout,0.65,776
2.0,2.0,613,0.168,-6.8994,-4229.35,15m,holdout,0.65,776
2.5,0.25,613,0.452,-1.3998,-858.1,15m,holdout,0.65,776
2.5,0.5,613,0.408,-2.7087,-1660.41,15m,holdout,0.65,776
2.5,0.75,613,0.378,-3.6792,-2255.35,15m,holdout,0.65,776
2.5,1.0,613,0.354,-4.4799,-2746.2,15m,holdout,0.65,776
2.5,1.5,613,0.274,-5.8109,-3562.07,15m,holdout,0.65,776
2.5,2.0,613,0.196,-6.9271,-4246.34,15m,holdout,0.65,776
3.0,0.25,613,0.429,-1.1786,-722.48,15m,holdout,0.65,776
3.0,0.5,613,0.388,-2.5175,-1543.22,15m,holdout,0.65,776
3.0,0.75,613,0.369,-3.5721,-2189.69,15m,holdout,0.65,776
3.0,1.0,613,0.352,-4.3905,-2691.36,15m,holdout,0.65,776
3.0,1.5,613,0.305,-5.7422,-3519.98,15m,holdout,0.65,776
3.0,2.0,613,0.241,-6.8702,-4211.42,15m,holdout,0.65,776
3.5,0.25,613,0.416,-1.0399,-637.45,15m,holdout,0.65,776
3.5,0.5,613,0.369,-2.3947,-1467.95,15m,holdout,0.65,776
3.5,0.75,613,0.347,-3.4651,-2124.08,15m,holdout,0.65,776
3.5,1.0,613,0.336,-4.2987,-2635.13,15m,holdout,0.65,776
3.5,1.5,613,0.303,-5.6845,-3484.62,15m,holdout,0.65,776
3.5,2.0,613,0.256,-6.8303,-4186.95,15m,holdout,0.65,776
4.0,0.25,613,0.401,-0.9285,-569.2,15m,holdout,0.65,776
4.0,0.5,613,0.352,-2.2513,-1380.03,15m,holdout,0.65,776
4.0,0.75,613,0.333,-3.3259,-2038.78,15m,holdout,0.65,776
4.0,1.0,613,0.318,-4.1468,-2542.01,15m,holdout,0.65,776
4.0,1.5,613,0.295,-5.5037,-3373.75,15m,holdout,0.65,776
4.0,2.0,613,0.269,-6.6471,-4074.66,15m,holdout,0.65,776
4.5,0.25,613,0.393,-0.8338,-511.15,15m,holdout,0.65,776
4.5,0.5,613,0.339,-2.0934,-1283.28,15m,holdout,0.65,776
4.5,0.75,613,0.318,-3.1445,-1927.6,15m,holdout,0.65,776
4.5,1.0,613,0.307,-3.9851,-2442.89,15m,holdout,0.65,776
4.5,1.5,613,0.289,-5.3944,-3306.79,15m,holdout,0.65,776
4.5,2.0,613,0.268,-6.5558,-4018.69,15m,holdout,0.65,776
5.0,0.25,613,0.383,-0.7697,-471.83,15m,holdout,0.65,776
5.0,0.5,613,0.326,-2.0141,-1234.65,15m,holdout,0.65,776
5.0,0.75,613,0.303,-3.0453,-1866.78,15m,holdout,0.65,776
5.0,1.0,613,0.292,-3.9383,-2414.15,15m,holdout,0.65,776
5.0,1.5,613,0.274,-5.367,-3289.98,15m,holdout,0.65,776
5.0,2.0,613,0.258,-6.5387,-4008.21,15m,holdout,0.65,776
1.5,0.25,611,0.478,-1.6053,-980.85,15m,holdout,0.675,776
1.5,0.5,611,0.37,-2.8192,-1722.51,15m,holdout,0.675,776
1.5,0.75,611,0.29,-3.74,-2285.15,15m,holdout,0.675,776
1.5,1.0,611,0.224,-4.5161,-2759.35,15m,holdout,0.675,776
1.5,1.5,611,0.172,-5.8196,-3555.78,15m,holdout,0.675,776
1.5,2.0,611,0.131,-6.92,-4228.12,15m,holdout,0.675,776
2.0,0.25,611,0.476,-1.4064,-859.34,15m,holdout,0.675,776
2.0,0.5,611,0.398,-2.6848,-1640.41,15m,holdout,0.675,776
2.0,0.75,611,0.344,-3.6267,-2215.94,15m,holdout,0.675,776
2.0,1.0,611,0.285,-4.4144,-2697.19,15m,holdout,0.675,776
2.0,1.5,611,0.223,-5.7309,-3501.6,15m,holdout,0.675,776
2.0,2.0,611,0.162,-6.8389,-4178.57,15m,holdout,0.675,776
2.5,0.25,611,0.457,-1.338,-817.53,15m,holdout,0.675,776
2.5,0.5,611,0.408,-2.6416,-1614.0,15m,holdout,0.675,776
2.5,0.75,611,0.373,-3.6099,-2205.66,15m,holdout,0.675,776
2.5,1.0,611,0.344,-4.4092,-2694.02,15m,holdout,0.675,776
2.5,1.5,611,0.272,-5.7382,-3506.07,15m,holdout,0.675,776
2.5,2.0,611,0.193,-6.8532,-4187.3,15m,holdout,0.675,776
3.0,0.25,611,0.432,-1.1386,-695.65,15m,holdout,0.675,776
3.0,0.5,611,0.386,-2.4646,-1505.85,15m,holdout,0.675,776
3.0,0.75,611,0.367,-3.5135,-2146.75,15m,holdout,0.675,776
3.0,1.0,611,0.35,-4.3292,-2645.15,15m,holdout,0.675,776
3.0,1.5,611,0.301,-5.6775,-3468.96,15m,holdout,0.675,776
3.0,2.0,611,0.239,-6.8032,-4156.78,15m,holdout,0.675,776
3.5,0.25,611,0.416,-1.0293,-628.89,15m,holdout,0.675,776
3.5,0.5,611,0.368,-2.3694,-1447.69,15m,holdout,0.675,776
3.5,0.75,611,0.347,-3.4333,-2097.73,15m,holdout,0.675,776
3.5,1.0,611,0.336,-4.2639,-2605.22,15m,holdout,0.675,776
3.5,1.5,611,0.296,-5.6459,-3449.65,15m,holdout,0.675,776
3.5,2.0,611,0.25,-6.7893,-4148.26,15m,holdout,0.675,776
4.0,0.25,611,0.408,-0.8207,-501.43,15m,holdout,0.675,776
4.0,0.5,611,0.355,-2.1316,-1302.43,15m,holdout,0.675,776
4.0,0.75,611,0.334,-3.2096,-1961.09,15m,holdout,0.675,776
4.0,1.0,611,0.322,-4.0356,-2465.75,15m,holdout,0.675,776
4.0,1.5,611,0.3,-5.4015,-3300.33,15m,holdout,0.675,776
4.0,2.0,611,0.273,-6.5532,-4003.98,15m,holdout,0.675,776
4.5,0.25,611,0.396,-0.7314,-446.9,15m,holdout,0.675,776
4.5,0.5,611,0.34,-1.9857,-1213.26,15m,holdout,0.675,776
4.5,0.75,611,0.319,-3.0422,-1858.75,15m,holdout,0.675,776
4.5,1.0,611,0.308,-3.8888,-2376.06,15m,holdout,0.675,776
4.5,1.5,611,0.288,-5.2733,-3221.96,15m,holdout,0.675,776
4.5,2.0,611,0.27,-6.4278,-3927.39,15m,holdout,0.675,776
5.0,0.25,611,0.386,-0.7012,-428.46,15m,holdout,0.675,776
5.0,0.5,611,0.326,-1.9351,-1182.35,15m,holdout,0.675,776
5.0,0.75,611,0.304,-2.9903,-1827.07,15m,holdout,0.675,776
5.0,1.0,611,0.293,-3.8346,-2342.93,15m,holdout,0.675,776
5.0,1.5,611,0.277,-5.2482,-3206.63,15m,holdout,0.675,776
5.0,2.0,611,0.262,-6.412,-3917.73,15m,holdout,0.675,776
1.5,0.25,611,0.48,-1.6549,-1011.13,15m,holdout,0.7,776
1.5,0.5,611,0.357,-2.8593,-1747.01,15m,holdout,0.7,776
1.5,0.75,611,0.286,-3.7767,-2307.59,15m,holdout,0.7,776
1.5,1.0,611,0.214,-4.5509,-2780.63,15m,holdout,0.7,776
1.5,1.5,611,0.162,-5.8522,-3575.7,15m,holdout,0.7,776
1.5,2.0,611,0.126,-6.9513,-4247.25,15m,holdout,0.7,776
2.0,0.25,611,0.476,-1.4465,-883.81,15m,holdout,0.7,776
2.0,0.5,611,0.393,-2.7174,-1660.35,15m,holdout,0.7,776
2.0,0.75,611,0.34,-3.6568,-2234.31,15m,holdout,0.7,776
2.0,1.0,611,0.28,-4.443,-2714.67,15m,holdout,0.7,776
2.0,1.5,611,0.211,-5.7578,-3518.04,15m,holdout,0.7,776
2.0,2.0,611,0.155,-6.8648,-4194.41,15m,holdout,0.7,776
2.5,0.25,611,0.458,-1.3556,-828.24,15m,holdout,0.7,776
2.5,0.5,611,0.409,-2.6515,-1620.06,15m,holdout,0.7,776
2.5,0.75,611,0.373,-3.6171,-2210.03,15m,holdout,0.7,776
2.5,1.0,611,0.339,-4.4147,-2697.4,15m,holdout,0.7,776
2.5,1.5,611,0.265,-5.7419,-3508.28,15m,holdout,0.7,776
2.5,2.0,611,0.19,-6.8556,-4188.79,15m,holdout,0.7,776
3.0,0.25,611,0.432,-1.1803,-721.16,15m,holdout,0.7,776
3.0,0.5,611,0.388,-2.5134,-1535.7,15m,holdout,0.7,776
3.0,0.75,611,0.372,-3.5054,-2141.78,15m,holdout,0.7,776
3.0,1.0,611,0.355,-4.3163,-2637.24,15m,holdout,0.7,776
3.0,1.5,611,0.304,-5.6578,-3456.95,15m,holdout,0.7,776
3.0,2.0,611,0.237,-6.7798,-4142.47,15m,holdout,0.7,776
3.5,0.25,611,0.414,-1.1634,-710.85,15m,holdout,0.7,776
3.5,0.5,611,0.367,-2.5262,-1543.54,15m,holdout,0.7,776
3.5,0.75,611,0.35,-3.5409,-2163.5,15m,holdout,0.7,776
3.5,1.0,611,0.337,-4.3609,-2664.54,15m,holdout,0.7,776
3.5,1.5,611,0.293,-5.7311,-3501.72,15m,holdout,0.7,776
3.5,2.0,611,0.241,-6.8683,-4196.52,15m,holdout,0.7,776
4.0,0.25,611,0.409,-0.8258,-504.55,15m,holdout,0.7,776
4.0,0.5,611,0.357,-2.1653,-1323.0,15m,holdout,0.7,776
4.0,0.75,611,0.34,-3.1859,-1946.61,15m,holdout,0.7,776
4.0,1.0,611,0.326,-4.0062,-2447.78,15m,holdout,0.7,776
4.0,1.5,611,0.301,-5.3643,-3277.6,15m,holdout,0.7,776
4.0,2.0,611,0.27,-6.5117,-3978.62,15m,holdout,0.7,776
4.5,0.25,611,0.396,-0.7813,-477.38,15m,holdout,0.7,776
4.5,0.5,611,0.34,-2.104,-1285.52,15m,holdout,0.7,776
4.5,0.75,611,0.324,-3.1206,-1906.69,15m,holdout,0.7,776
4.5,1.0,611,0.311,-3.9652,-2422.75,15m,holdout,0.7,776
4.5,1.5,611,0.29,-5.3513,-3269.66,15m,holdout,0.7,776
4.5,2.0,611,0.27,-6.5105,-3977.92,15m,holdout,0.7,776
5.0,0.25,611,0.385,-0.7508,-458.73,15m,holdout,0.7,776
5.0,0.5,611,0.322,-2.0195,-1233.92,15m,holdout,0.7,776
5.0,0.75,611,0.306,-3.0286,-1850.46,15m,holdout,0.7,776
5.0,1.0,611,0.293,-3.8762,-2368.33,15m,holdout,0.7,776
5.0,1.5,611,0.275,-5.2957,-3235.66,15m,holdout,0.7,776
5.0,2.0,611,0.26,-6.4661,-3950.77,15m,holdout,0.7,776
1.5,0.25,704,0.52,-1.0474,-737.37,30m,train,0.3,1116
1.5,0.5,704,0.432,-2.2486,-1583.04,30m,train,0.3,1116
1.5,0.75,704,0.371,-3.0729,-2163.33,30m,train,0.3,1116
1.5,1.0,704,0.314,-3.7718,-2655.34,30m,train,0.3,1116
1.5,1.5,704,0.237,-4.9306,-3471.16,30m,train,0.3,1116
1.5,2.0,704,0.18,-5.8982,-4152.31,30m,train,0.3,1116
2.0,0.25,704,0.497,-1.0491,-738.55,30m,train,0.3,1116
2.0,0.5,704,0.408,-2.3108,-1626.82,30m,train,0.3,1116
2.0,0.75,704,0.357,-3.1321,-2204.98,30m,train,0.3,1116
2.0,1.0,704,0.314,-3.8251,-2692.85,30m,train,0.3,1116
2.0,1.5,704,0.253,-4.9696,-3498.6,30m,train,0.3,1116
2.0,2.0,704,0.21,-5.9433,-4184.1,30m,train,0.3,1116
2.5,0.25,704,0.491,-0.67,-471.69,30m,train,0.3,1116
2.5,0.5,704,0.405,-2.1548,-1516.99,30m,train,0.3,1116
2.5,0.75,704,0.368,-2.9878,-2103.41,30m,train,0.3,1116
2.5,1.0,704,0.339,-3.6928,-2599.7,30m,train,0.3,1116
2.5,1.5,704,0.287,-4.851,-3415.07,30m,train,0.3,1116
2.5,2.0,704,0.251,-5.812,-4091.65,30m,train,0.3,1116
3.0,0.25,704,0.473,-0.8296,-584.02,30m,train,0.3,1116
3.0,0.5,704,0.381,-2.3426,-1649.17,30m,train,0.3,1116
3.0,0.75,704,0.341,-3.2021,-2254.29,30m,train,0.3,1116
3.0,1.0,704,0.315,-3.9248,-2763.04,30m,train,0.3,1116
3.0,1.5,704,0.274,-5.0957,-3587.39,30m,train,0.3,1116
3.0,2.0,704,0.244,-6.0707,-4273.76,30m,train,0.3,1116
3.5,0.25,704,0.463,-0.6817,-479.94,30m,train,0.3,1116
3.5,0.5,704,0.369,-2.1458,-1510.65,30m,train,0.3,1116
3.5,0.75,704,0.331,-3.0461,-2144.49,30m,train,0.3,1116
3.5,1.0,704,0.312,-3.7712,-2654.94,30m,train,0.3,1116
3.5,1.5,704,0.286,-4.923,-3465.78,30m,train,0.3,1116
3.5,2.0,704,0.259,-5.9327,-4176.6,30m,train,0.3,1116
4.0,0.25,704,0.457,-0.586,-412.57,30m,train,0.3,1116
4.0,0.5,704,0.358,-2.0565,-1447.75,30m,train,0.3,1116
4.0,0.75,704,0.321,-3.0223,-2127.73,30m,train,0.3,1116
4.0,1.0,704,0.298,-3.7627,-2648.95,30m,train,0.3,1116
4.0,1.5,704,0.277,-4.9144,-3459.73,30m,train,0.3,1116
4.0,2.0,704,0.249,-5.9296,-4174.42,30m,train,0.3,1116
4.5,0.25,704,0.455,-0.4253,-299.44,30m,train,0.3,1116
4.5,0.5,704,0.354,-1.855,-1305.95,30m,train,0.3,1116
4.5,0.75,704,0.315,-2.7958,-1968.23,30m,train,0.3,1116
4.5,1.0,704,0.291,-3.5205,-2478.42,30m,train,0.3,1116
4.5,1.5,704,0.267,-4.6805,-3295.08,30m,train,0.3,1116
4.5,2.0,704,0.246,-5.698,-4011.38,30m,train,0.3,1116
5.0,0.25,704,0.449,-0.3587,-252.49,30m,train,0.3,1116
5.0,0.5,704,0.347,-1.7518,-1233.29,30m,train,0.3,1116
5.0,0.75,704,0.305,-2.6626,-1874.47,30m,train,0.3,1116
5.0,1.0,704,0.286,-3.4092,-2400.1,30m,train,0.3,1116
5.0,1.5,704,0.261,-4.59,-3231.38,30m,train,0.3,1116
5.0,2.0,704,0.243,-5.6313,-3964.44,30m,train,0.3,1116
1.5,0.25,701,0.521,-1.0219,-716.38,30m,train,0.325,1116
1.5,0.5,701,0.435,-2.217,-1554.1,30m,train,0.325,1116
1.5,0.75,701,0.374,-3.0377,-2129.41,30m,train,0.325,1116
1.5,1.0,701,0.312,-3.7346,-2617.93,30m,train,0.325,1116
1.5,1.5,701,0.231,-4.8911,-3428.69,30m,train,0.325,1116
1.5,2.0,701,0.174,-5.8572,-4105.9,30m,train,0.325,1116
2.0,0.25,701,0.501,-0.9798,-686.83,30m,train,0.325,1116
2.0,0.5,701,0.417,-2.2599,-1584.22,30m,train,0.325,1116
2.0,0.75,701,0.362,-3.0953,-2169.81,30m,train,0.325,1116
2.0,1.0,701,0.317,-3.8,-2663.8,30m,train,0.325,1116
2.0,1.5,701,0.255,-4.9641,-3479.82,30m,train,0.325,1116
2.0,2.0,701,0.21,-5.9337,-4159.52,30m,train,0.325,1116
2.5,0.25,701,0.491,-0.6636,-465.21,30m,train,0.325,1116
2.5,0.5,701,0.408,-2.0857,-1462.1,30m,train,0.325,1116
2.5,0.75,701,0.369,-2.9136,-2042.42,30m,train,0.325,1116
2.5,1.0,701,0.337,-3.6153,-2534.31,30m,train,0.325,1116
2.5,1.5,701,0.285,-4.7696,-3343.5,30m,train,0.325,1116
2.5,2.0,701,0.248,-5.7484,-4029.65,30m,train,0.325,1116
3.0,0.25,701,0.476,-0.7547,-529.02,30m,train,0.325,1116
3.0,0.5,701,0.387,-2.2677,-1589.68,30m,train,0.325,1116
3.0,0.75,701,0.345,-3.1313,-2195.07,30m,train,0.325,1116
3.0,1.0,701,0.317,-3.8334,-2687.19,30m,train,0.325,1116
3.0,1.5,701,0.28,-5.0002,-3505.12,30m,train,0.325,1116
3.0,2.0,701,0.248,-5.9733,-4187.25,30m,train,0.325,1116
3.5,0.25,701,0.466,-0.6509,-456.27,30m,train,0.325,1116
3.5,0.5,701,0.375,-2.0944,-1468.19,30m,train,0.325,1116
3.5,0.75,701,0.334,-2.9939,-2098.71,30m,train,0.325,1116
3.5,1.0,701,0.314,-3.7181,-2606.37,30m,train,0.325,1116
3.5,1.5,701,0.282,-4.8877,-3426.28,30m,train,0.325,1116
3.5,2.0,701,0.254,-5.8665,-4112.44,30m,train,0.325,1116
4.0,0.25,701,0.459,-0.5187,-363.61,30m,train,0.325,1116
4.0,0.5,701,0.362,-2.0038,-1404.64,30m,train,0.325,1116
4.0,0.75,701,0.322,-2.9142,-2042.85,30m,train,0.325,1116
4.0,1.0,701,0.301,-3.6379,-2550.2,30m,train,0.325,1116
4.0,1.5,701,0.281,-4.7772,-3348.85,30m,train,0.325,1116
4.0,2.0,701,0.252,-5.787,-4056.71,30m,train,0.325,1116
4.5,0.25,701,0.456,-0.3653,-256.08,30m,train,0.325,1116
4.5,0.5,701,0.359,-1.777,-1245.69,30m,train,0.325,1116
4.5,0.75,701,0.32,-2.7126,-1901.55,30m,train,0.325,1116
4.5,1.0,701,0.297,-3.4348,-2407.81,30m,train,0.325,1116
4.5,1.5,701,0.272,-4.5916,-3218.74,30m,train,0.325,1116
4.5,2.0,701,0.25,-5.6067,-3930.31,30m,train,0.325,1116
5.0,0.25,701,0.454,-0.2538,-177.93,30m,train,0.325,1116
5.0,0.5,701,0.352,-1.6879,-1183.24,30m,train,0.325,1116
5.0,0.75,701,0.31,-2.5973,-1820.71,30m,train,0.325,1116
5.0,1.0,701,0.291,-3.3491,-2347.74,30m,train,0.325,1116
5.0,1.5,701,0.265,-4.5364,-3180.0,30m,train,0.325,1116
5.0,2.0,701,0.247,-5.5745,-3907.69,30m,train,0.325,1116
1.5,0.25,698,0.526,-1.0549,-736.33,30m,train,0.35,1116
1.5,0.5,698,0.436,-2.2247,-1552.81,30m,train,0.35,1116
1.5,0.75,698,0.372,-3.0504,-2129.19,30m,train,0.35,1116
1.5,1.0,698,0.315,-3.7494,-2617.06,30m,train,0.35,1116
1.5,1.5,698,0.228,-4.9076,-3425.5,30m,train,0.35,1116
1.5,2.0,698,0.166,-5.8743,-4100.28,30m,train,0.35,1116
2.0,0.25,698,0.509,-0.9305,-649.51,30m,train,0.35,1116
2.0,0.5,698,0.42,-2.1729,-1516.69,30m,train,0.35,1116
2.0,0.75,698,0.367,-2.9969,-2091.83,30m,train,0.35,1116
2.0,1.0,698,0.327,-3.6952,-2579.26,30m,train,0.35,1116
2.0,1.5,698,0.259,-4.8523,-3386.9,30m,train,0.35,1116
2.0,2.0,698,0.211,-5.818,-4060.94,30m,train,0.35,1116
2.5,0.25,698,0.494,-0.6743,-470.67,30m,train,0.35,1116
2.5,0.5,698,0.41,-2.0807,-1452.31,30m,train,0.35,1116
2.5,0.75,698,0.371,-2.9049,-2027.63,30m,train,0.35,1116
2.5,1.0,698,0.342,-3.6007,-2513.25,30m,train,0.35,1116
2.5,1.5,698,0.287,-4.7481,-3314.18,30m,train,0.35,1116
2.5,2.0,698,0.245,-5.7227,-3994.46,30m,train,0.35,1116
3.0,0.25,698,0.484,-0.67,-467.63,30m,train,0.35,1116
3.0,0.5,698,0.394,-2.1681,-1513.37,30m,train,0.35,1116
3.0,0.75,698,0.351,-3.0128,-2102.95,30m,train,0.35,1116
3.0,1.0,698,0.324,-3.7073,-2587.71,30m,train,0.35,1116
3.0,1.5,698,0.284,-4.8659,-3396.42,30m,train,0.35,1116
3.0,2.0,698,0.251,-5.8344,-4072.4,30m,train,0.35,1116
3.5,0.25,698,0.476,-0.5885,-410.8,30m,train,0.35,1116
3.5,0.5,698,0.381,-2.0673,-1442.96,30m,train,0.35,1116
3.5,0.75,698,0.338,-2.9723,-2074.64,30m,train,0.35,1116
3.5,1.0,698,0.318,-3.7031,-2584.75,30m,train,0.35,1116
3.5,1.5,698,0.287,-4.8822,-3407.75,30m,train,0.35,1116
3.5,2.0,698,0.258,-5.8609,-4090.88,30m,train,0.35,1116
4.0,0.25,698,0.466,-0.4793,-334.55,30m,train,0.35,1116
4.0,0.5,698,0.368,-1.9628,-1370.06,30m,train,0.35,1116
4.0,0.75,698,0.325,-2.8649,-1999.72,30m,train,0.35,1116
4.0,1.0,698,0.305,-3.586,-2503.05,30m,train,0.35,1116
4.0,1.5,698,0.284,-4.7224,-3296.27,30m,train,0.35,1116
4.0,2.0,698,0.258,-5.7303,-3999.73,30m,train,0.35,1116
4.5,0.25,698,0.463,-0.3215,-224.39,30m,train,0.35,1116
4.5,0.5,698,0.364,-1.7345,-1210.71,30m,train,0.35,1116
4.5,0.75,698,0.322,-2.6634,-1859.08,30m,train,0.35,1116
4.5,1.0,698,0.302,-3.3848,-2362.62,30m,train,0.35,1116
4.5,1.5,698,0.277,-4.5418,-3170.21,30m,train,0.35,1116
4.5,2.0,698,0.254,-5.5564,-3878.37,30m,train,0.35,1116
5.0,0.25,698,0.458,-0.2223,-155.19,30m,train,0.35,1116
5.0,0.5,698,0.355,-1.6649,-1162.07,30m,train,0.35,1116
5.0,0.75,698,0.311,-2.5825,-1802.62,30m,train,0.35,1116
5.0,1.0,698,0.294,-3.3031,-2305.57,30m,train,0.35,1116
5.0,1.5,698,0.271,-4.4894,-3133.62,30m,train,0.35,1116
5.0,2.0,698,0.252,-5.5108,-3846.54,30m,train,0.35,1116
1.5,0.25,691,0.521,-1.0586,-731.52,30m,train,0.375,1116
1.5,0.5,691,0.438,-2.2145,-1530.24,30m,train,0.375,1116
1.5,0.75,691,0.369,-3.0342,-2096.64,30m,train,0.375,1116
1.5,1.0,691,0.315,-3.7291,-2576.81,30m,train,0.375,1116
1.5,1.5,691,0.224,-4.8817,-3373.23,30m,train,0.375,1116
1.5,2.0,691,0.168,-5.8441,-4038.3,30m,train,0.375,1116
2.0,0.25,691,0.505,-0.9518,-657.68,30m,train,0.375,1116
2.0,0.5,691,0.427,-2.1473,-1483.79,30m,train,0.375,1116
2.0,0.75,691,0.37,-2.9673,-2050.37,30m,train,0.375,1116
2.0,1.0,691,0.334,-3.6615,-2530.1,30m,train,0.375,1116
2.0,1.5,691,0.26,-4.8127,-3325.58,30m,train,0.375,1116
2.0,2.0,691,0.207,-5.7739,-3989.79,30m,train,0.375,1116
2.5,0.25,691,0.491,-0.7418,-512.57,30m,train,0.375,1116
2.5,0.5,691,0.412,-2.0746,-1433.58,30m,train,0.375,1116
2.5,0.75,691,0.368,-2.8901,-1997.03,30m,train,0.375,1116
2.5,1.0,691,0.339,-3.5799,-2473.74,30m,train,0.375,1116
2.5,1.5,691,0.285,-4.7195,-3261.19,30m,train,0.375,1116
2.5,2.0,691,0.245,-5.6884,-3930.67,30m,train,0.375,1116
3.0,0.25,691,0.479,-0.7068,-488.4,30m,train,0.375,1116
3.0,0.5,691,0.395,-2.1849,-1509.74,30m,train,0.375,1116
3.0,0.75,691,0.349,-3.0165,-2084.43,30m,train,0.375,1116
3.0,1.0,691,0.323,-3.7027,-2558.53,30m,train,0.375,1116
3.0,1.5,691,0.282,-4.8503,-3351.57,30m,train,0.375,1116
3.0,2.0,691,0.246,-5.8114,-4015.69,30m,train,0.375,1116
3.5,0.25,691,0.47,-0.6211,-429.19,30m,train,0.375,1116
3.5,0.5,691,0.381,-2.0842,-1440.2,30m,train,0.375,1116
3.5,0.75,691,0.337,-2.9452,-2035.12,30m,train,0.375,1116
3.5,1.0,691,0.32,-3.6697,-2535.75,30m,train,0.375,1116
3.5,1.5,691,0.287,-4.8387,-3343.55,30m,train,0.375,1116
3.5,2.0,691,0.256,-5.8106,-4015.13,30m,train,0.375,1116
4.0,0.25,691,0.46,-0.5274,-364.44,30m,train,0.375,1116
4.0,0.5,691,0.369,-1.9714,-1362.27,30m,train,0.375,1116
4.0,0.75,691,0.324,-2.8503,-1969.59,30m,train,0.375,1116
4.0,1.0,691,0.308,-3.57,-2466.85,30m,train,0.375,1116
4.0,1.5,691,0.287,-4.7082,-3253.34,30m,train,0.375,1116
4.0,2.0,691,0.26,-5.7133,-3947.87,30m,train,0.375,1116
4.5,0.25,691,0.457,-0.4053,-280.08,30m,train,0.375,1116
4.5,0.5,691,0.363,-1.8577,-1283.64,30m,train,0.375,1116
4.5,0.75,691,0.32,-2.8136,-1944.2,30m,train,0.375,1116
4.5,1.0,691,0.301,-3.5528,-2454.96,30m,train,0.375,1116
4.5,1.5,691,0.275,-4.7014,-3248.67,30m,train,0.375,1116
4.5,2.0,691,0.252,-5.7111,-3946.4,30m,train,0.375,1116
5.0,0.25,691,0.456,-0.2591,-179.03,30m,train,0.375,1116
5.0,0.5,691,0.359,-1.7029,-1176.7,30m,train,0.375,1116
5.0,0.75,691,0.311,-2.6354,-1821.06,30m,train,0.375,1116
5.0,1.0,691,0.295,-3.3634,-2324.1,30m,train,0.375,1116
5.0,1.5,691,0.271,-4.523,-3125.4,30m,train,0.375,1116
5.0,2.0,691,0.252,-5.534,-3824.02,30m,train,0.375,1116
1.5,0.25,689,0.515,-1.0846,-747.29,30m,train,0.4,1116
1.5,0.5,689,0.438,-2.1973,-1513.91,30m,train,0.4,1116
1.5,0.75,689,0.369,-3.0196,-2080.51,30m,train,0.4,1116
1.5,1.0,689,0.311,-3.716,-2560.32,30m,train,0.4,1116
1.5,1.5,689,0.222,-4.8702,-3355.56,30m,train,0.4,1116
1.5,2.0,689,0.168,-5.8334,-4019.19,30m,train,0.4,1116
2.0,0.25,689,0.502,-0.9582,-660.17,30m,train,0.4,1116
2.0,0.5,689,0.431,-2.0965,-1444.48,30m,train,0.4,1116
2.0,0.75,689,0.372,-2.914,-2007.76,30m,train,0.4,1116
2.0,1.0,689,0.331,-3.6069,-2485.19,30m,train,0.4,1116
2.0,1.5,689,0.257,-4.7566,-3277.3,30m,train,0.4,1116
2.0,2.0,689,0.205,-5.7167,-3938.84,30m,train,0.4,1116
2.5,0.25,689,0.488,-0.8362,-576.15,30m,train,0.4,1116
2.5,0.5,689,0.412,-2.1016,-1448.01,30m,train,0.4,1116
2.5,0.75,689,0.369,-2.9114,-2005.92,30m,train,0.4,1116
2.5,1.0,689,0.335,-3.5979,-2478.98,30m,train,0.4,1116
2.5,1.5,689,0.28,-4.7337,-3261.49,30m,train,0.4,1116
2.5,2.0,689,0.244,-5.6998,-3927.13,30m,train,0.4,1116
3.0,0.25,689,0.473,-0.8057,-555.11,30m,train,0.4,1116
3.0,0.5,689,0.395,-2.1947,-1512.12,30m,train,0.4,1116
3.0,0.75,689,0.348,-3.0294,-2087.24,30m,train,0.4,1116
3.0,1.0,689,0.322,-3.7163,-2560.53,30m,train,0.4,1116
3.0,1.5,689,0.282,-4.8643,-3351.5,30m,train,0.4,1116
3.0,2.0,689,0.247,-5.8253,-4013.66,30m,train,0.4,1116
3.5,0.25,689,0.464,-0.7361,-507.18,30m,train,0.4,1116
3.5,0.5,689,0.382,-2.095,-1443.47,30m,train,0.4,1116
3.5,0.75,689,0.335,-2.9565,-2037.0,30m,train,0.4,1116
3.5,1.0,689,0.318,-3.6587,-2520.87,30m,train,0.4,1116
3.5,1.5,689,0.286,-4.8207,-3321.49,30m,train,0.4,1116
3.5,2.0,689,0.255,-5.7892,-3988.79,30m,train,0.4,1116
4.0,0.25,689,0.457,-0.6235,-429.62,30m,train,0.4,1116
4.0,0.5,689,0.372,-1.9614,-1351.38,30m,train,0.4,1116
4.0,0.75,689,0.328,-2.8446,-1959.92,30m,train,0.4,1116
4.0,1.0,689,0.309,-3.5614,-2453.81,30m,train,0.4,1116
4.0,1.5,689,0.286,-4.7038,-3240.92,30m,train,0.4,1116
4.0,2.0,689,0.26,-5.7067,-3931.89,30m,train,0.4,1116
4.5,0.25,689,0.453,-0.4986,-343.53,30m,train,0.4,1116
4.5,0.5,689,0.364,-1.8682,-1287.19,30m,train,0.4,1116
4.5,0.75,689,0.322,-2.7794,-1915.04,30m,train,0.4,1116
4.5,1.0,689,0.3,-3.5043,-2414.48,30m,train,0.4,1116
4.5,1.5,689,0.276,-4.6431,-3199.08,30m,train,0.4,1116
4.5,2.0,689,0.254,-5.6505,-3893.2,30m,train,0.4,1116
5.0,0.25,689,0.451,-0.3385,-233.24,30m,train,0.4,1116
5.0,0.5,689,0.361,-1.6769,-1155.38,30m,train,0.4,1116
5.0,0.75,689,0.316,-2.6153,-1801.95,30m,train,0.4,1116
5.0,1.0,689,0.296,-3.3467,-2305.9,30m,train,0.4,1116
5.0,1.5,689,0.27,-4.506,-3104.62,30m,train,0.4,1116
5.0,2.0,689,0.251,-5.5161,-3800.6,30m,train,0.4,1116
1.5,0.25,686,0.519,-1.0418,-714.64,30m,train,0.425,1116
1.5,0.5,686,0.439,-2.1802,-1495.59,30m,train,0.425,1116
1.5,0.75,686,0.37,-3.0128,-2066.77,30m,train,0.425,1116
1.5,1.0,686,0.312,-3.7015,-2539.21,30m,train,0.425,1116
1.5,1.5,686,0.22,-4.8448,-3323.55,30m,train,0.425,1116
1.5,2.0,686,0.168,-5.8028,-3980.7,30m,train,0.425,1116
2.0,0.25,686,0.504,-0.9615,-659.61,30m,train,0.425,1116
2.0,0.5,686,0.431,-2.0863,-1431.2,30m,train,0.425,1116
2.0,0.75,686,0.373,-2.9065,-1993.85,30m,train,0.425,1116
2.0,1.0,686,0.331,-3.602,-2470.99,30m,train,0.425,1116
2.0,1.5,686,0.254,-4.756,-3262.6,30m,train,0.425,1116
2.0,2.0,686,0.2,-5.7192,-3923.37,30m,train,0.425,1116
2.5,0.25,686,0.488,-0.8324,-571.06,30m,train,0.425,1116
2.5,0.5,686,0.415,-2.0975,-1438.89,30m,train,0.425,1116
2.5,0.75,686,0.37,-2.9082,-1995.01,30m,train,0.425,1116
2.5,1.0,686,0.335,-3.5953,-2466.36,30m,train,0.425,1116
2.5,1.5,686,0.277,-4.7328,-3246.68,30m,train,0.425,1116
2.5,2.0,686,0.238,-5.7053,-3913.81,30m,train,0.425,1116
3.0,0.25,686,0.474,-0.8162,-559.94,30m,train,0.425,1116
3.0,0.5,686,0.395,-2.1908,-1502.92,30m,train,0.425,1116
3.0,0.75,686,0.353,-3.0189,-2070.99,30m,train,0.425,1116
3.0,1.0,686,0.325,-3.7193,-2551.41,30m,train,0.425,1116
3.0,1.5,686,0.283,-4.8718,-3342.08,30m,train,0.425,1116
3.0,2.0,686,0.245,-5.853,-4015.14,30m,train,0.425,1116
3.5,0.25,686,0.466,-0.7249,-497.27,30m,train,0.425,1116
3.5,0.5,686,0.382,-2.1085,-1446.45,30m,train,0.425,1116
3.5,0.75,686,0.338,-2.9814,-2045.27,30m,train,0.425,1116
3.5,1.0,686,0.318,-3.6856,-2528.34,30m,train,0.425,1116
3.5,1.5,686,0.286,-4.8486,-3326.14,30m,train,0.425,1116
3.5,2.0,686,0.255,-5.8734,-4029.13,30m,train,0.425,1116
4.0,0.25,686,0.461,-0.5979,-410.17,30m,train,0.425,1116
4.0,0.5,686,0.373,-1.9532,-1339.9,30m,train,0.425,1116
4.0,0.75,686,0.331,-2.8463,-1952.56,30m,train,0.425,1116
4.0,1.0,686,0.309,-3.5703,-2449.24,30m,train,0.425,1116
4.0,1.5,686,0.286,-4.7222,-3239.46,30m,train,0.425,1116
4.0,2.0,686,0.258,-5.7803,-3965.31,30m,train,0.425,1116
4.5,0.25,686,0.452,-0.5281,-362.24,30m,train,0.425,1116
4.5,0.5,686,0.364,-1.8663,-1280.26,30m,train,0.425,1116
4.5,0.75,686,0.325,-2.7623,-1894.94,30m,train,0.425,1116
4.5,1.0,686,0.3,-3.48,-2387.27,30m,train,0.425,1116
4.5,1.5,686,0.277,-4.6115,-3163.51,30m,train,0.425,1116
4.5,2.0,686,0.255,-5.6699,-3889.58,30m,train,0.425,1116
5.0,0.25,686,0.453,-0.3546,-243.24,30m,train,0.425,1116
5.0,0.5,686,0.364,-1.665,-1142.17,30m,train,0.425,1116
5.0,0.75,686,0.322,-2.5946,-1779.89,30m,train,0.425,1116
5.0,1.0,686,0.297,-3.3213,-2278.39,30m,train,0.425,1116
5.0,1.5,686,0.271,-4.4756,-3070.26,30m,train,0.425,1116
5.0,2.0,686,0.252,-5.5379,-3799.0,30m,train,0.425,1116
1.5,0.25,685,0.524,-1.0128,-693.77,30m,train,0.45,1116
1.5,0.5,685,0.441,-2.1614,-1480.56,30m,train,0.45,1116
1.5,0.75,685,0.372,-2.9924,-2049.78,30m,train,0.45,1116
1.5,1.0,685,0.311,-3.6802,-2520.95,30m,train,0.45,1116
1.5,1.5,685,0.225,-4.8227,-3303.52,30m,train,0.45,1116
1.5,2.0,685,0.166,-5.7801,-3959.39,30m,train,0.45,1116
2.0,0.25,685,0.508,-0.9227,-632.04,30m,train,0.45,1116
2.0,0.5,685,0.432,-2.0396,-1397.1,30m,train,0.45,1116
2.0,0.75,685,0.375,-2.8562,-1956.48,30m,train,0.45,1116
2.0,1.0,685,0.328,-3.5496,-2431.45,30m,train,0.45,1116
2.0,1.5,685,0.253,-4.7011,-3220.27,30m,train,0.45,1116
2.0,2.0,685,0.2,-5.663,-3879.13,30m,train,0.45,1116
2.5,0.25,685,0.491,-0.87,-595.94,30m,train,0.45,1116
2.5,0.5,685,0.415,-2.0619,-1412.43,30m,train,0.45,1116
2.5,0.75,685,0.366,-2.8714,-1966.89,30m,train,0.45,1116
2.5,1.0,685,0.331,-3.5563,-2436.03,30m,train,0.45,1116
2.5,1.5,685,0.276,-4.7063,-3223.84,30m,train,0.45,1116
2.5,2.0,685,0.232,-5.6795,-3890.48,30m,train,0.45,1116
3.0,0.25,685,0.483,-0.6976,-477.88,30m,train,0.45,1116
3.0,0.5,685,0.404,-2.0523,-1405.8,30m,train,0.45,1116
3.0,0.75,685,0.362,-2.8738,-1968.52,30m,train,0.45,1116
3.0,1.0,685,0.331,-3.5665,-2443.02,30m,train,0.45,1116
3.0,1.5,685,0.288,-4.7101,-3226.44,30m,train,0.45,1116
3.0,2.0,685,0.251,-5.6859,-3894.81,30m,train,0.45,1116
3.5,0.25,685,0.467,-0.7317,-501.2,30m,train,0.45,1116
3.5,0.5,685,0.381,-2.1214,-1453.16,30m,train,0.45,1116
3.5,0.75,685,0.339,-2.9905,-2048.47,30m,train,0.45,1116
3.5,1.0,685,0.317,-3.6937,-2530.17,30m,train,0.45,1116
3.5,1.5,685,0.285,-4.8557,-3326.14,30m,train,0.45,1116
3.5,2.0,685,0.254,-5.8787,-4026.91,30m,train,0.45,1116
4.0,0.25,685,0.463,-0.5994,-410.58,30m,train,0.45,1116
4.0,0.5,685,0.375,-1.9632,-1344.79,30m,train,0.45,1116
4.0,0.75,685,0.334,-2.821,-1932.38,30m,train,0.45,1116
4.0,1.0,685,0.311,-3.5426,-2426.65,30m,train,0.45,1116
4.0,1.5,685,0.288,-4.7092,-3225.81,30m,train,0.45,1116
4.0,2.0,685,0.258,-5.7339,-3927.72,30m,train,0.45,1116
4.5,0.25,685,0.454,-0.51,-349.32,30m,train,0.45,1116
4.5,0.5,685,0.365,-1.8941,-1297.43,30m,train,0.45,1116
4.5,0.75,685,0.327,-2.7799,-1904.26,30m,train,0.45,1116
4.5,1.0,685,0.302,-3.4989,-2396.76,30m,train,0.45,1116
4.5,1.5,685,0.283,-4.6355,-3175.29,30m,train,0.45,1116
4.5,2.0,685,0.257,-5.6922,-3899.13,30m,train,0.45,1116
5.0,0.25,685,0.454,-0.3531,-241.85,30m,train,0.45,1116
5.0,0.5,685,0.364,-1.6749,-1147.33,30m,train,0.45,1116
5.0,0.75,685,0.324,-2.5769,-1765.16,30m,train,0.45,1116
5.0,1.0,685,0.299,-3.297,-2258.42,30m,train,0.45,1116
5.0,1.5,685,0.274,-4.4518,-3049.51,30m,train,0.45,1116
5.0,2.0,685,0.254,-5.5154,-3778.04,30m,train,0.45,1116
1.5,0.25,683,0.523,-1.0402,-710.45,30m,train,0.475,1116
1.5,0.5,683,0.439,-2.1558,-1472.39,30m,train,0.475,1116
1.5,0.75,683,0.373,-2.9811,-2036.11,30m,train,0.475,1116
1.5,1.0,683,0.313,-3.6662,-2503.98,30m,train,0.475,1116
1.5,1.5,683,0.218,-4.8055,-3282.17,30m,train,0.475,1116
1.5,2.0,683,0.158,-5.7613,-3934.94,30m,train,0.475,1116
2.0,0.25,683,0.507,-0.9398,-641.92,30m,train,0.475,1116
2.0,0.5,683,0.429,-2.0684,-1412.71,30m,train,0.475,1116
2.0,0.75,683,0.373,-2.8997,-1980.52,30m,train,0.475,1116
2.0,1.0,683,0.324,-3.6009,-2459.41,30m,train,0.475,1116
2.0,1.5,683,0.247,-4.7606,-3251.48,30m,train,0.475,1116
2.0,2.0,683,0.193,-5.7268,-3911.37,30m,train,0.475,1116
2.5,0.25,683,0.49,-0.9143,-624.48,30m,train,0.475,1116
2.5,0.5,683,0.41,-2.0962,-1431.74,30m,train,0.475,1116
2.5,0.75,683,0.365,-2.9052,-1984.26,30m,train,0.475,1116
2.5,1.0,683,0.325,-3.5898,-2451.81,30m,train,0.475,1116
2.5,1.5,683,0.266,-4.7393,-3236.93,30m,train,0.475,1116
2.5,2.0,683,0.221,-5.7122,-3901.43,30m,train,0.475,1116
3.0,0.25,683,0.485,-0.7151,-488.45,30m,train,0.475,1116
3.0,0.5,683,0.406,-2.0161,-1376.98,30m,train,0.475,1116
3.0,0.75,683,0.363,-2.8359,-1936.92,30m,train,0.475,1116
3.0,1.0,683,0.331,-3.5271,-2409.03,30m,train,0.475,1116
3.0,1.5,683,0.283,-4.6687,-3188.75,30m,train,0.475,1116
3.0,2.0,683,0.246,-5.6428,-3854.02,30m,train,0.475,1116
3.5,0.25,683,0.469,-0.7224,-493.43,30m,train,0.475,1116
3.5,0.5,683,0.385,-2.0848,-1423.92,30m,train,0.475,1116
3.5,0.75,683,0.344,-2.9462,-2012.23,30m,train,0.475,1116
3.5,1.0,683,0.319,-3.6448,-2489.4,30m,train,0.475,1116
3.5,1.5,683,0.283,-4.8012,-3279.21,30m,train,0.475,1116
3.5,2.0,683,0.252,-5.8197,-3974.83,30m,train,0.475,1116
4.0,0.25,683,0.461,-0.6528,-445.84,30m,train,0.475,1116
4.0,0.5,683,0.372,-2.0394,-1392.89,30m,train,0.475,1116
4.0,0.75,683,0.331,-2.905,-1984.13,30m,train,0.475,1116
4.0,1.0,683,0.307,-3.6086,-2464.7,30m,train,0.475,1116
4.0,1.5,683,0.284,-4.7714,-3258.86,30m,train,0.475,1116
4.0,2.0,683,0.255,-5.7935,-3956.96,30m,train,0.475,1116
4.5,0.25,683,0.454,-0.5585,-381.46,30m,train,0.475,1116
4.5,0.5,683,0.363,-1.8948,-1294.15,30m,train,0.475,1116
4.5,0.75,683,0.325,-2.7789,-1897.96,30m,train,0.475,1116
4.5,1.0,683,0.3,-3.4957,-2387.57,30m,train,0.475,1116
4.5,1.5,683,0.278,-4.6391,-3168.47,30m,train,0.475,1116
4.5,2.0,683,0.252,-5.6945,-3889.36,30m,train,0.475,1116
5.0,0.25,683,0.452,-0.4064,-277.6,30m,train,0.475,1116
5.0,0.5,683,0.362,-1.7579,-1200.64,30m,train,0.475,1116
5.0,0.75,683,0.322,-2.6323,-1797.84,30m,train,0.475,1116
5.0,1.0,683,0.297,-3.3459,-2285.28,30m,train,0.475,1116
5.0,1.5,683,0.274,-4.4938,-3069.29,30m,train,0.475,1116
5.0,2.0,683,0.25,-5.5535,-3793.04,30m,train,0.475,1116
1.5,0.25,679,0.524,-1.0258,-696.49,30m,train,0.5,1116
1.5,0.5,679,0.439,-2.1299,-1446.21,30m,train,0.5,1116
1.5,0.75,679,0.368,-2.9509,-2003.67,30m,train,0.5,1116
1.5,1.0,679,0.303,-3.6336,-2467.19,30m,train,0.5,1116
1.5,1.5,679,0.218,-4.7703,-3239.06,30m,train,0.5,1116
1.5,2.0,679,0.165,-5.7247,-3887.04,30m,train,0.5,1116
2.0,0.25,679,0.51,-0.9563,-649.36,30m,train,0.5,1116
2.0,0.5,679,0.434,-2.0815,-1413.34,30m,train,0.5,1116
2.0,0.75,679,0.371,-2.9068,-1973.74,30m,train,0.5,1116
2.0,1.0,679,0.323,-3.6046,-2447.54,30m,train,0.5,1116
2.0,1.5,679,0.246,-4.761,-3232.69,30m,train,0.5,1116
2.0,2.0,679,0.194,-5.7254,-3887.56,30m,train,0.5,1116
2.5,0.25,679,0.496,-0.8212,-557.61,30m,train,0.5,1116
2.5,0.5,679,0.418,-2.0197,-1371.38,30m,train,0.5,1116
2.5,0.75,679,0.368,-2.8428,-1930.27,30m,train,0.5,1116
2.5,1.0,679,0.327,-3.5385,-2402.65,30m,train,0.5,1116
2.5,1.5,679,0.268,-4.6916,-3185.6,30m,train,0.5,1116
2.5,2.0,679,0.228,-5.6536,-3838.77,30m,train,0.5,1116
3.0,0.25,679,0.487,-0.7076,-480.43,30m,train,0.5,1116
3.0,0.5,679,0.411,-2.0016,-1359.06,30m,train,0.5,1116
3.0,0.75,679,0.365,-2.8186,-1913.84,30m,train,0.5,1116
3.0,1.0,679,0.334,-3.5052,-2380.05,30m,train,0.5,1116
3.0,1.5,679,0.284,-4.6414,-3151.49,30m,train,0.5,1116
3.0,2.0,679,0.246,-5.6121,-3810.64,30m,train,0.5,1116
3.5,0.25,679,0.473,-0.7106,-482.49,30m,train,0.5,1116
3.5,0.5,679,0.393,-2.0874,-1417.32,30m,train,0.5,1116
3.5,0.75,679,0.345,-2.9585,-2008.79,30m,train,0.5,1116
3.5,1.0,679,0.32,-3.6541,-2481.1,30m,train,0.5,1116
3.5,1.5,679,0.28,-4.8093,-3265.5,30m,train,0.5,1116
3.5,2.0,679,0.252,-5.8264,-3956.1,30m,train,0.5,1116
4.0,0.25,679,0.467,-0.6094,-413.75,30m,train,0.5,1116
4.0,0.5,679,0.38,-1.9901,-1351.28,30m,train,0.5,1116
4.0,0.75,679,0.334,-2.8576,-1940.33,30m,train,0.5,1116
4.0,1.0,679,0.311,-3.5587,-2416.35,30m,train,0.5,1116
4.0,1.5,679,0.287,-4.7176,-3203.23,30m,train,0.5,1116
4.0,2.0,679,0.261,-5.7364,-3895.01,30m,train,0.5,1116
4.5,0.25,679,0.459,-0.5417,-367.83,30m,train,0.5,1116
4.5,0.5,679,0.37,-1.8824,-1278.14,30m,train,0.5,1116
4.5,0.75,679,0.327,-2.776,-1884.92,30m,train,0.5,1116
4.5,1.0,679,0.303,-3.4977,-2374.92,30m,train,0.5,1116
4.5,1.5,679,0.28,-4.6459,-3154.58,30m,train,0.5,1116
4.5,2.0,679,0.255,-5.6977,-3868.74,30m,train,0.5,1116
5.0,0.25,679,0.455,-0.4424,-300.38,30m,train,0.5,1116
5.0,0.5,679,0.367,-1.7969,-1220.08,30m,train,0.5,1116
5.0,0.75,679,0.323,-2.6878,-1824.99,30m,train,0.5,1116
5.0,1.0,679,0.299,-3.417,-2320.17,30m,train,0.5,1116
5.0,1.5,679,0.278,-4.5692,-3102.52,30m,train,0.5,1116
5.0,2.0,679,0.259,-5.6279,-3821.35,30m,train,0.5,1116
1.5,0.25,676,0.527,-1.0564,-714.1,30m,train,0.525,1116
1.5,0.5,676,0.438,-2.1658,-1464.08,30m,train,0.525,1116
1.5,0.75,676,0.358,-2.9847,-2017.65,30m,train,0.525,1116
1.5,1.0,676,0.291,-3.6666,-2478.6,30m,train,0.525,1116
1.5,1.5,676,0.206,-4.8029,-3246.73,30m,train,0.525,1116
1.5,2.0,676,0.157,-5.7571,-3891.8,30m,train,0.525,1116
2.0,0.25,676,0.519,-0.8974,-606.64,30m,train,0.525,1116
2.0,0.5,676,0.442,-2.0375,-1377.35,30m,train,0.525,1116
2.0,0.75,676,0.376,-2.8644,-1936.35,30m,train,0.525,1116
2.0,1.0,676,0.322,-3.5634,-2408.89,30m,train,0.525,1116
2.0,1.5,676,0.24,-4.7217,-3191.86,30m,train,0.525,1116
2.0,2.0,676,0.192,-5.6875,-3844.74,30m,train,0.525,1116
2.5,0.25,676,0.507,-0.771,-521.2,30m,train,0.525,1116
2.5,0.5,676,0.422,-1.9188,-1297.08,30m,train,0.525,1116
2.5,0.75,676,0.371,-2.7409,-1852.87,30m,train,0.525,1116
2.5,1.0,676,0.328,-3.437,-2323.38,30m,train,0.525,1116
2.5,1.5,676,0.265,-4.5919,-3104.11,30m,train,0.525,1116
2.5,2.0,676,0.225,-5.5558,-3755.71,30m,train,0.525,1116
3.0,0.25,676,0.493,-0.6697,-452.74,30m,train,0.525,1116
3.0,0.5,676,0.41,-1.8794,-1270.46,30m,train,0.525,1116
3.0,0.75,676,0.368,-2.7046,-1828.33,30m,train,0.525,1116
3.0,1.0,676,0.337,-3.3923,-2293.23,30m,train,0.525,1116
3.0,1.5,676,0.287,-4.5438,-3071.64,30m,train,0.525,1116
3.0,2.0,676,0.25,-5.5178,-3730.05,30m,train,0.525,1116
3.5,0.25,676,0.479,-0.6619,-447.43,30m,train,0.525,1116
3.5,0.5,676,0.395,-1.9833,-1340.73,30m,train,0.525,1116
3.5,0.75,676,0.348,-2.8645,-1936.41,30m,train,0.525,1116
3.5,1.0,676,0.322,-3.5588,-2405.73,30m,train,0.525,1116
3.5,1.5,676,0.281,-4.7127,-3185.81,30m,train,0.525,1116
3.5,2.0,676,0.254,-5.7011,-3853.93,30m,train,0.525,1116
4.0,0.25,676,0.472,-0.6091,-411.78,30m,train,0.525,1116
4.0,0.5,676,0.382,-1.9208,-1298.48,30m,train,0.525,1116
4.0,0.75,676,0.337,-2.8018,-1893.99,30m,train,0.525,1116
4.0,1.0,676,0.314,-3.5045,-2369.03,30m,train,0.525,1116
4.0,1.5,676,0.286,-4.6647,-3153.37,30m,train,0.525,1116
4.0,2.0,676,0.263,-5.6832,-3841.87,30m,train,0.525,1116
4.5,0.25,676,0.467,-0.4978,-336.54,30m,train,0.525,1116
4.5,0.5,676,0.371,-1.7555,-1186.75,30m,train,0.525,1116
4.5,0.75,676,0.331,-2.6531,-1793.49,30m,train,0.525,1116
4.5,1.0,676,0.308,-3.3547,-2267.78,30m,train,0.525,1116
4.5,1.5,676,0.281,-4.4946,-3038.34,30m,train,0.525,1116
4.5,2.0,676,0.257,-5.5413,-3745.93,30m,train,0.525,1116
5.0,0.25,676,0.46,-0.4066,-274.84,30m,train,0.525,1116
5.0,0.5,676,0.368,-1.7147,-1159.16,30m,train,0.525,1116
5.0,0.75,676,0.322,-2.6557,-1795.23,30m,train,0.525,1116
5.0,1.0,676,0.299,-3.37,-2278.11,30m,train,0.525,1116
5.0,1.5,676,0.275,-4.5191,-3054.92,30m,train,0.525,1116
5.0,2.0,676,0.259,-5.5759,-3769.32,30m,train,0.525,1116
1.5,0.25,673,0.525,-1.0577,-711.82,30m,train,0.55,1116
1.5,0.5,673,0.434,-2.1591,-1453.05,30m,train,0.55,1116
1.5,0.75,673,0.364,-2.9732,-2000.97,30m,train,0.55,1116
1.5,1.0,673,0.288,-3.6526,-2458.22,30m,train,0.55,1116
1.5,1.5,673,0.198,-4.7862,-3221.13,30m,train,0.55,1116
1.5,2.0,673,0.149,-5.739,-3862.33,30m,train,0.55,1116
2.0,0.25,673,0.523,-0.8353,-562.13,30m,train,0.55,1116
2.0,0.5,673,0.443,-1.9523,-1313.88,30m,train,0.55,1116
2.0,0.75,673,0.383,-2.769,-1863.52,30m,train,0.55,1116
2.0,1.0,673,0.325,-3.462,-2329.92,30m,train,0.55,1116
2.0,1.5,673,0.238,-4.6133,-3104.72,30m,train,0.55,1116
2.0,2.0,673,0.186,-5.5749,-3751.88,30m,train,0.55,1116
2.5,0.25,673,0.508,-0.8409,-565.93,30m,train,0.55,1116
2.5,0.5,673,0.423,-1.9761,-1329.93,30m,train,0.55,1116
2.5,0.75,673,0.376,-2.7935,-1879.99,30m,train,0.55,1116
2.5,1.0,673,0.325,-3.487,-2346.73,30m,train,0.55,1116
2.5,1.5,673,0.26,-4.6394,-3122.31,30m,train,0.55,1116
2.5,2.0,673,0.217,-5.6019,-3770.1,30m,train,0.55,1116
3.0,0.25,673,0.489,-0.7948,-534.9,30m,train,0.55,1116
3.0,0.5,673,0.407,-1.9849,-1335.86,30m,train,0.55,1116
3.0,0.75,673,0.368,-2.8055,-1888.09,30m,train,0.55,1116
3.0,1.0,673,0.331,-3.4905,-2349.11,30m,train,0.55,1116
3.0,1.5,673,0.284,-4.6388,-3121.89,30m,train,0.55,1116
3.0,2.0,673,0.242,-5.6109,-3776.17,30m,train,0.55,1116
3.5,0.25,673,0.481,-0.6829,-459.58,30m,train,0.55,1116
3.5,0.5,673,0.395,-1.9224,-1293.75,30m,train,0.55,1116
3.5,0.75,673,0.355,-2.7847,-1874.11,30m,train,0.55,1116
3.5,1.0,673,0.325,-3.4853,-2345.61,30m,train,0.55,1116
3.5,1.5,673,0.288,-4.6357,-3119.79,30m,train,0.55,1116
3.5,2.0,673,0.259,-5.6139,-3778.15,30m,train,0.55,1116
4.0,0.25,673,0.473,-0.6424,-432.33,30m,train,0.55,1116
4.0,0.5,673,0.383,-1.9594,-1318.66,30m,train,0.55,1116
4.0,0.75,673,0.34,-2.8417,-1912.46,30m,train,0.55,1116
4.0,1.0,673,0.312,-3.5411,-2383.14,30m,train,0.55,1116
4.0,1.5,673,0.282,-4.6966,-3160.79,30m,train,0.55,1116
4.0,2.0,673,0.259,-5.7112,-3843.65,30m,train,0.55,1116
4.5,0.25,673,0.467,-0.5593,-376.39,30m,train,0.55,1116
4.5,0.5,673,0.37,-1.8685,-1257.49,30m,train,0.55,1116
4.5,0.75,673,0.333,-2.7495,-1850.42,30m,train,0.55,1116
4.5,1.0,673,0.308,-3.4505,-2322.17,30m,train,0.55,1116
4.5,1.5,673,0.281,-4.608,-3101.18,30m,train,0.55,1116
4.5,2.0,673,0.254,-5.6237,-3784.73,30m,train,0.55,1116
5.0,0.25,673,0.459,-0.4657,-313.44,30m,train,0.55,1116
5.0,0.5,673,0.367,-1.743,-1173.02,30m,train,0.55,1116
5.0,0.75,673,0.324,-2.657,-1788.16,30m,train,0.55,1116
5.0,1.0,673,0.299,-3.3594,-2260.9,30m,train,0.55,1116
5.0,1.5,673,0.275,-4.4993,-3028.04,30m,train,0.55,1116
5.0,2.0,673,0.257,-5.5502,-3735.27,30m,train,0.55,1116
1.5,0.25,672,0.525,-1.0382,-697.65,30m,train,0.575,1116
1.5,0.5,672,0.436,-2.1457,-1441.93,30m,train,0.575,1116
1.5,0.75,672,0.366,-2.9621,-1990.53,30m,train,0.575,1116
1.5,1.0,672,0.287,-3.6428,-2447.99,30m,train,0.575,1116
1.5,1.5,672,0.196,-4.778,-3210.85,30m,train,0.575,1116
1.5,2.0,672,0.144,-5.7318,-3851.76,30m,train,0.575,1116
2.0,0.25,672,0.522,-0.8092,-543.77,30m,train,0.575,1116
2.0,0.5,672,0.442,-1.9498,-1310.3,30m,train,0.575,1116
2.0,0.75,672,0.382,-2.7684,-1860.36,30m,train,0.575,1116
2.0,1.0,672,0.324,-3.4618,-2326.31,30m,train,0.575,1116
2.0,1.5,672,0.235,-4.6133,-3100.11,30m,train,0.575,1116
2.0,2.0,672,0.185,-5.5749,-3746.31,30m,train,0.575,1116
2.5,0.25,672,0.51,-0.7868,-528.74,30m,train,0.575,1116
2.5,0.5,672,0.43,-1.9526,-1312.16,30m,train,0.575,1116
2.5,0.75,672,0.384,-2.7746,-1864.51,30m,train,0.575,1116
2.5,1.0,672,0.333,-3.4698,-2331.74,30m,train,0.575,1116
2.5,1.5,672,0.263,-4.624,-3107.32,30m,train,0.575,1116
2.5,2.0,672,0.217,-5.5874,-3754.72,30m,train,0.575,1116
3.0,0.25,672,0.494,-0.7284,-489.46,30m,train,0.575,1116
3.0,0.5,672,0.411,-1.9446,-1306.77,30m,train,0.575,1116
3.0,0.75,672,0.371,-2.7722,-1862.9,30m,train,0.575,1116
3.0,1.0,672,0.332,-3.4617,-2326.28,30m,train,0.575,1116
3.0,1.5,672,0.283,-4.6163,-3102.13,30m,train,0.575,1116
3.0,2.0,672,0.241,-5.593,-3758.5,30m,train,0.575,1116
3.5,0.25,672,0.488,-0.5432,-365.0,30m,train,0.575,1116
3.5,0.5,672,0.4,-1.7851,-1199.57,30m,train,0.575,1116
3.5,0.75,672,0.362,-2.6443,-1776.96,30m,train,0.575,1116
3.5,1.0,672,0.332,-3.3423,-2246.06,30m,train,0.575,1116
3.5,1.5,672,0.296,-4.4894,-3016.85,30m,train,0.575,1116
3.5,2.0,672,0.262,-5.4652,-3672.6,30m,train,0.575,1116
4.0,0.25,672,0.478,-0.5719,-384.3,30m,train,0.575,1116
4.0,0.5,672,0.39,-1.9079,-1282.11,30m,train,0.575,1116
4.0,0.75,672,0.345,-2.7956,-1878.62,30m,train,0.575,1116
4.0,1.0,672,0.318,-3.4971,-2350.05,30m,train,0.575,1116
4.0,1.5,672,0.289,-4.6552,-3128.31,30m,train,0.575,1116
4.0,2.0,672,0.26,-5.645,-3793.46,30m,train,0.575,1116
4.5,0.25,672,0.47,-0.5176,-347.85,30m,train,0.575,1116
4.5,0.5,672,0.371,-1.8657,-1253.75,30m,train,0.575,1116
4.5,0.75,672,0.333,-2.749,-1847.32,30m,train,0.575,1116
4.5,1.0,672,0.308,-3.4513,-2319.29,30m,train,0.575,1116
4.5,1.5,672,0.283,-4.6098,-3097.77,30m,train,0.575,1116
4.5,2.0,672,0.259,-5.6245,-3779.68,30m,train,0.575,1116
5.0,0.25,672,0.464,-0.4065,-273.19,30m,train,0.575,1116
5.0,0.5,672,0.369,-1.715,-1152.45,30m,train,0.575,1116
5.0,0.75,672,0.327,-2.607,-1751.89,30m,train,0.575,1116
5.0,1.0,672,0.302,-3.3139,-2226.95,30m,train,0.575,1116
5.0,1.5,672,0.278,-4.4592,-2996.57,30m,train,0.575,1116
5.0,2.0,672,0.259,-5.5063,-3700.2,30m,train,0.575,1116
1.5,0.25,670,0.53,-0.9259,-620.38,30m,train,0.6,1116
1.5,0.5,670,0.446,-2.0104,-1346.96,30m,train,0.6,1116
1.5,0.75,670,0.369,-2.8181,-1888.14,30m,train,0.6,1116
1.5,1.0,670,0.29,-3.4942,-2341.12,30m,train,0.6,1116
1.5,1.5,670,0.191,-4.6243,-3098.28,30m,train,0.6,1116
1.5,2.0,670,0.145,-5.5752,-3735.37,30m,train,0.6,1116
2.0,0.25,670,0.524,-0.8191,-548.8,30m,train,0.6,1116
2.0,0.5,670,0.446,-1.9414,-1300.76,30m,train,0.6,1116
2.0,0.75,670,0.385,-2.7621,-1850.64,30m,train,0.6,1116
2.0,1.0,670,0.33,-3.4447,-2307.96,30m,train,0.6,1116
2.0,1.5,670,0.23,-4.5815,-3069.57,30m,train,0.6,1116
2.0,2.0,670,0.184,-5.5358,-3708.98,30m,train,0.6,1116
2.5,0.25,670,0.512,-0.7571,-507.25,30m,train,0.6,1116
2.5,0.5,670,0.436,-1.9111,-1280.41,30m,train,0.6,1116
2.5,0.75,670,0.388,-2.7408,-1836.36,30m,train,0.6,1116
2.5,1.0,670,0.336,-3.4404,-2305.05,30m,train,0.6,1116
2.5,1.5,670,0.261,-4.599,-3081.32,30m,train,0.6,1116
2.5,2.0,670,0.216,-5.5648,-3728.4,30m,train,0.6,1116
3.0,0.25,670,0.499,-0.5776,-386.99,30m,train,0.6,1116
3.0,0.5,670,0.421,-1.7892,-1198.76,30m,train,0.6,1116
3.0,0.75,670,0.381,-2.626,-1759.4,30m,train,0.6,1116
3.0,1.0,670,0.339,-3.3248,-2227.62,30m,train,0.6,1116
3.0,1.5,670,0.281,-4.4817,-3002.73,30m,train,0.6,1116
3.0,2.0,670,0.239,-5.4462,-3648.94,30m,train,0.6,1116
3.5,0.25,670,0.488,-0.5117,-342.83,30m,train,0.6,1116
3.5,0.5,670,0.401,-1.7613,-1180.06,30m,train,0.6,1116
3.5,0.75,670,0.364,-2.593,-1737.28,30m,train,0.6,1116
3.5,1.0,670,0.331,-3.2829,-2199.55,30m,train,0.6,1116
3.5,1.5,670,0.297,-4.4357,-2971.91,30m,train,0.6,1116
3.5,2.0,670,0.266,-5.4104,-3624.94,30m,train,0.6,1116
4.0,0.25,670,0.479,-0.4857,-325.41,30m,train,0.6,1116
4.0,0.5,670,0.396,-1.7686,-1184.99,30m,train,0.6,1116
4.0,0.75,670,0.351,-2.6517,-1776.66,30m,train,0.6,1116
4.0,1.0,670,0.321,-3.3504,-2244.76,30m,train,0.6,1116
4.0,1.5,670,0.29,-4.5048,-3018.19,30m,train,0.6,1116
4.0,2.0,670,0.263,-5.4921,-3679.68,30m,train,0.6,1116
4.5,0.25,670,0.472,-0.4629,-310.13,30m,train,0.6,1116
4.5,0.5,670,0.376,-1.8058,-1209.88,30m,train,0.6,1116
4.5,0.75,670,0.34,-2.6864,-1799.86,30m,train,0.6,1116
4.5,1.0,670,0.31,-3.3869,-2269.24,30m,train,0.6,1116
4.5,1.5,670,0.285,-4.5431,-3043.89,30m,train,0.6,1116
4.5,2.0,670,0.26,-5.5554,-3722.11,30m,train,0.6,1116
5.0,0.25,670,0.466,-0.3556,-238.28,30m,train,0.6,1116
5.0,0.5,670,0.372,-1.6808,-1126.13,30m,train,0.6,1116
5.0,0.75,670,0.331,-2.5723,-1723.44,30m,train,0.6,1116
5.0,1.0,670,0.304,-3.2788,-2196.8,30m,train,0.6,1116
5.0,1.5,670,0.281,-4.4234,-2963.67,30m,train,0.6,1116
5.0,2.0,670,0.261,-5.4687,-3664.05,30m,train,0.6,1116
1.5,0.25,664,0.532,-0.8283,-550.0,30m,train,0.625,1116
1.5,0.5,664,0.452,-1.9074,-1266.53,30m,train,0.625,1116
1.5,0.75,664,0.366,-2.7128,-1801.3,30m,train,0.625,1116
1.5,1.0,664,0.288,-3.3872,-2249.07,30m,train,0.625,1116
1.5,1.5,664,0.185,-4.5144,-2997.58,30m,train,0.625,1116
1.5,2.0,664,0.13,-5.4629,-3627.39,30m,train,0.625,1116
2.0,0.25,664,0.526,-0.7216,-479.16,30m,train,0.625,1116
2.0,0.5,664,0.453,-1.8278,-1213.64,30m,train,0.625,1116
2.0,0.75,664,0.386,-2.647,-1757.59,30m,train,0.625,1116
2.0,1.0,664,0.331,-3.3282,-2209.9,30m,train,0.625,1116
2.0,1.5,664,0.226,-4.4623,-2962.99,30m,train,0.625,1116
2.0,2.0,664,0.178,-5.4144,-3595.14,30m,train,0.625,1116
2.5,0.25,664,0.509,-0.6801,-451.58,30m,train,0.625,1116
2.5,0.5,664,0.441,-1.8053,-1198.73,30m,train,0.625,1116
2.5,0.75,664,0.386,-2.6297,-1746.09,30m,train,0.625,1116
2.5,1.0,664,0.339,-3.3257,-2208.28,30m,train,0.625,1116
2.5,1.5,664,0.256,-4.4797,-2974.5,30m,train,0.625,1116
2.5,2.0,664,0.206,-5.442,-3613.48,30m,train,0.625,1116
3.0,0.25,664,0.5,-0.5076,-337.02,30m,train,0.625,1116
3.0,0.5,664,0.428,-1.6449,-1092.23,30m,train,0.625,1116
3.0,0.75,664,0.384,-2.4762,-1644.21,30m,train,0.625,1116
3.0,1.0,664,0.346,-3.1725,-2106.51,30m,train,0.625,1116
3.0,1.5,664,0.282,-4.3261,-2872.53,30m,train,0.625,1116
3.0,2.0,664,0.235,-5.2881,-3511.3,30m,train,0.625,1116
3.5,0.25,664,0.486,-0.4288,-284.71,30m,train,0.625,1116
3.5,0.5,664,0.41,-1.6219,-1076.92,30m,train,0.625,1116
3.5,0.75,664,0.369,-2.4458,-1623.98,30m,train,0.625,1116
3.5,1.0,664,0.34,-3.132,-2079.65,30m,train,0.625,1116
3.5,1.5,664,0.294,-4.281,-2842.58,30m,train,0.625,1116
3.5,2.0,664,0.259,-5.2537,-3488.44,30m,train,0.625,1116
4.0,0.25,664,0.48,-0.3549,-235.63,30m,train,0.625,1116
4.0,0.5,664,0.404,-1.6159,-1072.95,30m,train,0.625,1116
4.0,0.75,664,0.355,-2.4952,-1656.82,30m,train,0.625,1116
4.0,1.0,664,0.328,-3.19,-2118.16,30m,train,0.625,1116
4.0,1.5,664,0.291,-4.3384,-2880.69,30m,train,0.625,1116
4.0,2.0,664,0.262,-5.3211,-3533.24,30m,train,0.625,1116
4.5,0.25,664,0.473,-0.3697,-245.45,30m,train,0.625,1116
4.5,0.5,664,0.383,-1.7114,-1136.36,30m,train,0.625,1116
4.5,0.75,664,0.342,-2.5942,-1722.52,30m,train,0.625,1116
4.5,1.0,664,0.316,-3.2942,-2187.36,30m,train,0.625,1116
4.5,1.5,664,0.285,-4.4491,-2954.22,30m,train,0.625,1116
4.5,2.0,664,0.256,-5.4357,-3609.28,30m,train,0.625,1116
5.0,0.25,664,0.467,-0.3036,-201.6,30m,train,0.625,1116
5.0,0.5,664,0.377,-1.6747,-1112.02,30m,train,0.625,1116
5.0,0.75,664,0.333,-2.5771,-1711.17,30m,train,0.625,1116
5.0,1.0,664,0.309,-3.2871,-2182.61,30m,train,0.625,1116
5.0,1.5,664,0.279,-4.4521,-2956.19,30m,train,0.625,1116
5.0,2.0,664,0.258,-5.4674,-3630.36,30m,train,0.625,1116
1.5,0.25,657,0.534,-0.8055,-529.24,30m,train,0.65,1116
1.5,0.5,657,0.449,-1.8864,-1239.33,30m,train,0.65,1116
1.5,0.75,657,0.361,-2.6926,-1769.05,30m,train,0.65,1116
1.5,1.0,657,0.282,-3.3675,-2212.44,30m,train,0.65,1116
1.5,1.5,657,0.181,-4.4953,-2953.44,30m,train,0.65,1116
1.5,2.0,657,0.126,-5.4441,-3576.8,30m,train,0.65,1116
2.0,0.25,657,0.524,-0.7376,-484.57,30m,train,0.65,1116
2.0,0.5,657,0.454,-1.8649,-1225.27,30m,train,0.65,1116
2.0,0.75,657,0.385,-2.6875,-1765.66,30m,train,0.65,1116
2.0,1.0,657,0.321,-3.3711,-2214.83,30m,train,0.65,1116
2.0,1.5,657,0.224,-4.5087,-2962.23,30m,train,0.65,1116
2.0,2.0,657,0.17,-5.463,-3589.18,30m,train,0.65,1116
2.5,0.25,657,0.507,-0.6312,-414.7,30m,train,0.65,1116
2.5,0.5,657,0.437,-1.7471,-1147.82,30m,train,0.65,1116
2.5,0.75,657,0.384,-2.5678,-1687.02,30m,train,0.65,1116
2.5,1.0,657,0.335,-3.2618,-2142.99,30m,train,0.65,1116
2.5,1.5,657,0.26,-4.4134,-2899.61,30m,train,0.65,1116
2.5,2.0,657,0.205,-5.3742,-3530.86,30m,train,0.65,1116
3.0,0.25,657,0.495,-0.5536,-363.7,30m,train,0.65,1116
3.0,0.5,657,0.428,-1.7064,-1121.1,30m,train,0.65,1116
3.0,0.75,657,0.384,-2.5319,-1663.48,30m,train,0.65,1116
3.0,1.0,657,0.342,-3.2286,-2121.22,30m,train,0.65,1116
3.0,1.5,657,0.277,-4.3837,-2880.1,30m,train,0.65,1116
3.0,2.0,657,0.233,-5.3467,-3512.8,30m,train,0.65,1116
3.5,0.25,657,0.484,-0.4326,-284.23,30m,train,0.65,1116
3.5,0.5,657,0.409,-1.6089,-1057.07,30m,train,0.65,1116
3.5,0.75,657,0.37,-2.4438,-1605.6,30m,train,0.65,1116
3.5,1.0,657,0.338,-3.1408,-2063.53,30m,train,0.65,1116
3.5,1.5,657,0.294,-4.2944,-2821.41,30m,train,0.65,1116
3.5,2.0,657,0.256,-5.2557,-3453.02,30m,train,0.65,1116
4.0,0.25,657,0.479,-0.2611,-171.56,30m,train,0.65,1116
4.0,0.5,657,0.403,-1.4897,-978.71,30m,train,0.65,1116
4.0,0.75,657,0.364,-2.354,-1546.61,30m,train,0.65,1116
4.0,1.0,657,0.33,-3.0576,-2008.82,30m,train,0.65,1116
4.0,1.5,657,0.298,-4.2191,-2771.97,30m,train,0.65,1116
4.0,2.0,657,0.269,-5.1972,-3414.55,30m,train,0.65,1116
4.5,0.25,657,0.473,-0.2843,-186.81,30m,train,0.65,1116
4.5,0.5,657,0.39,-1.5664,-1029.13,30m,train,0.65,1116
4.5,0.75,657,0.352,-2.4439,-1605.63,30m,train,0.65,1116
4.5,1.0,657,0.321,-3.1374,-2061.28,30m,train,0.65,1116
4.5,1.5,657,0.294,-4.284,-2814.56,30m,train,0.65,1116
4.5,2.0,657,0.266,-5.2655,-3459.42,30m,train,0.65,1116
5.0,0.25,657,0.466,-0.2076,-136.41,30m,train,0.65,1116
5.0,0.5,657,0.381,-1.5453,-1015.26,30m,train,0.65,1116
5.0,0.75,657,0.339,-2.4252,-1593.36,30m,train,0.65,1116
5.0,1.0,657,0.312,-3.1233,-2051.98,30m,train,0.65,1116
5.0,1.5,657,0.286,-4.2798,-2811.84,30m,train,0.65,1116
5.0,2.0,657,0.265,-5.2896,-3475.25,30m,train,0.65,1116
1.5,0.25,652,0.535,-0.8296,-540.88,30m,train,0.675,1116
1.5,0.5,652,0.446,-1.9033,-1240.96,30m,train,0.675,1116
1.5,0.75,652,0.362,-2.7067,-1764.78,30m,train,0.675,1116
1.5,1.0,652,0.278,-3.38,-2203.76,30m,train,0.675,1116
1.5,1.5,652,0.178,-4.5061,-2938.0,30m,train,0.675,1116
1.5,2.0,652,0.132,-5.454,-3556.02,30m,train,0.675,1116
2.0,0.25,652,0.534,-0.6774,-441.67,30m,train,0.675,1116
2.0,0.5,652,0.459,-1.793,-1169.07,30m,train,0.675,1116
2.0,0.75,652,0.388,-2.6116,-1702.76,30m,train,0.675,1116
2.0,1.0,652,0.314,-3.2931,-2147.12,30m,train,0.675,1116
2.0,1.5,652,0.222,-4.4284,-2887.34,30m,train,0.675,1116
2.0,2.0,652,0.172,-5.3815,-3508.76,30m,train,0.675,1116
2.5,0.25,652,0.515,-0.6219,-405.49,30m,train,0.675,1116
2.5,0.5,652,0.442,-1.737,-1132.5,30m,train,0.675,1116
2.5,0.75,652,0.387,-2.5527,-1664.38,30m,train,0.675,1116
2.5,1.0,652,0.337,-3.244,-2115.06,30m,train,0.675,1116
2.5,1.5,652,0.262,-4.3926,-2863.96,30m,train,0.675,1116
2.5,2.0,652,0.201,-5.3517,-3489.32,30m,train,0.675,1116
3.0,0.25,652,0.506,-0.488,-318.17,30m,train,0.675,1116
3.0,0.5,652,0.44,-1.6558,-1079.6,30m,train,0.675,1116
3.0,0.75,652,0.39,-2.4919,-1624.71,30m,train,0.675,1116
3.0,1.0,652,0.347,-3.1943,-2082.65,30m,train,0.675,1116
3.0,1.5,652,0.285,-4.3555,-2839.76,30m,train,0.675,1116
3.0,2.0,652,0.239,-5.3219,-3469.86,30m,train,0.675,1116
3.5,0.25,652,0.495,-0.3063,-199.7,30m,train,0.675,1116
3.5,0.5,652,0.416,-1.4822,-966.38,30m,train,0.675,1116
3.5,0.75,652,0.374,-2.3137,-1508.51,30m,train,0.675,1116
3.5,1.0,652,0.342,-3.0085,-1961.52,30m,train,0.675,1116
3.5,1.5,652,0.298,-4.1595,-2712.03,30m,train,0.675,1116
3.5,2.0,652,0.256,-5.1195,-3337.9,30m,train,0.675,1116
4.0,0.25,652,0.489,-0.1696,-110.59,30m,train,0.675,1116
4.0,0.5,652,0.411,-1.3596,-886.49,30m,train,0.675,1116
4.0,0.75,652,0.363,-2.2149,-1444.12,30m,train,0.675,1116
4.0,1.0,652,0.334,-2.9155,-1900.94,30m,train,0.675,1116
4.0,1.5,652,0.302,-4.0756,-2657.27,30m,train,0.675,1116
4.0,2.0,652,0.275,-5.0539,-3295.14,30m,train,0.675,1116
4.5,0.25,652,0.486,-0.1414,-92.17,30m,train,0.675,1116
4.5,0.5,652,0.403,-1.3772,-897.91,30m,train,0.675,1116
4.5,0.75,652,0.357,-2.247,-1465.07,30m,train,0.675,1116
4.5,1.0,652,0.325,-2.936,-1914.28,30m,train,0.675,1116
4.5,1.5,652,0.296,-4.077,-2658.22,30m,train,0.675,1116
4.5,2.0,652,0.268,-5.0552,-3295.97,30m,train,0.675,1116
5.0,0.25,652,0.475,-0.137,-89.33,30m,train,0.675,1116
5.0,0.5,652,0.388,-1.4671,-956.53,30m,train,0.675,1116
5.0,0.75,652,0.342,-2.3471,-1530.33,30m,train,0.675,1116
5.0,1.0,652,0.314,-3.0448,-1985.21,30m,train,0.675,1116
5.0,1.5,652,0.287,-4.2013,-2739.27,30m,train,0.675,1116
5.0,2.0,652,0.265,-5.1887,-3383.03,30m,train,0.675,1116
1.5,0.25,648,0.54,-0.8359,-541.66,30m,train,0.7,1116
1.5,0.5,648,0.441,-1.8946,-1227.71,30m,train,0.7,1116
1.5,0.75,648,0.36,-2.692,-1744.44,30m,train,0.7,1116
1.5,1.0,648,0.27,-3.3617,-2178.41,30m,train,0.7,1116
1.5,1.5,648,0.174,-4.4835,-2905.28,30m,train,0.7,1116
1.5,2.0,648,0.13,-5.4286,-3517.7,30m,train,0.7,1116
2.0,0.25,648,0.54,-0.6405,-415.05,30m,train,0.7,1116
2.0,0.5,648,0.461,-1.7404,-1127.81,30m,train,0.7,1116
2.0,0.75,648,0.389,-2.5524,-1653.93,30m,train,0.7,1116
2.0,1.0,648,0.312,-3.2301,-2093.08,30m,train,0.7,1116
2.0,1.5,648,0.219,-4.3608,-2825.77,30m,train,0.7,1116
2.0,2.0,648,0.168,-5.311,-3441.5,30m,train,0.7,1116
2.5,0.25,648,0.519,-0.606,-392.7,30m,train,0.7,1116
2.5,0.5,648,0.443,-1.7209,-1115.16,30m,train,0.7,1116
2.5,0.75,648,0.386,-2.5364,-1643.6,30m,train,0.7,1116
2.5,1.0,648,0.332,-3.2274,-2091.39,30m,train,0.7,1116
2.5,1.5,648,0.256,-4.3758,-2835.55,30m,train,0.7,1116
2.5,2.0,648,0.202,-5.3347,-3456.91,30m,train,0.7,1116
3.0,0.25,648,0.511,-0.437,-283.2,30m,train,0.7,1116
3.0,0.5,648,0.444,-1.5687,-1016.5,30m,train,0.7,1116
3.0,0.75,648,0.397,-2.3955,-1552.27,30m,train,0.7,1116
3.0,1.0,648,0.346,-3.0927,-2004.04,30m,train,0.7,1116
3.0,1.5,648,0.287,-4.2479,-2752.63,30m,train,0.7,1116
3.0,2.0,648,0.239,-5.2106,-3376.48,30m,train,0.7,1116
3.5,0.25,648,0.497,-0.3453,-223.73,30m,train,0.7,1116
3.5,0.5,648,0.418,-1.4871,-963.64,30m,train,0.7,1116
3.5,0.75,648,0.38,-2.3212,-1504.16,30m,train,0.7,1116
3.5,1.0,648,0.34,-3.0178,-1955.51,30m,train,0.7,1116
3.5,1.5,648,0.293,-4.1711,-2702.89,30m,train,0.7,1116
3.5,2.0,648,0.253,-5.1324,-3325.79,30m,train,0.7,1116
4.0,0.25,648,0.489,-0.1105,-71.61,30m,train,0.7,1116
4.0,0.5,648,0.414,-1.292,-837.2,30m,train,0.7,1116
4.0,0.75,648,0.369,-2.1565,-1397.42,30m,train,0.7,1116
4.0,1.0,648,0.336,-2.8674,-1858.09,30m,train,0.7,1116
4.0,1.5,648,0.304,-4.0323,-2612.92,30m,train,0.7,1116
4.0,2.0,648,0.278,-4.9994,-3239.59,30m,train,0.7,1116
4.5,0.25,648,0.486,-0.1149,-74.46,30m,train,0.7,1116
4.5,0.5,648,0.409,-1.3514,-875.71,30m,train,0.7,1116
4.5,0.75,648,0.366,-2.223,-1440.54,30m,train,0.7,1116
4.5,1.0,648,0.327,-2.9139,-1888.2,30m,train,0.7,1116
4.5,1.5,648,0.298,-4.0714,-2638.24,30m,train,0.7,1116
4.5,2.0,648,0.27,-5.0562,-3276.44,30m,train,0.7,1116
5.0,0.25,648,0.477,-0.148,-95.89,30m,train,0.7,1116
5.0,0.5,648,0.39,-1.4338,-929.08,30m,train,0.7,1116
5.0,0.75,648,0.349,-2.3177,-1501.88,30m,train,0.7,1116
5.0,1.0,648,0.316,-3.0167,-1954.84,30m,train,0.7,1116
5.0,1.5,648,0.287,-4.169,-2701.51,30m,train,0.7,1116
5.0,2.0,648,0.261,-5.1532,-3339.29,30m,train,0.7,1116
1.5,0.25,366,0.536,-0.7605,-278.36,30m,validation,0.3,452
1.5,0.5,366,0.448,-2.127,-778.47,30m,validation,0.3,452
1.5,0.75,366,0.393,-3.1212,-1142.38,30m,validation,0.3,452
1.5,1.0,366,0.366,-3.9593,-1449.1,30m,validation,0.3,452
1.5,1.5,366,0.273,-5.3675,-1964.51,30m,validation,0.3,452
1.5,2.0,366,0.216,-6.5571,-2399.88,30m,validation,0.3,452
2.0,0.25,366,0.511,-0.7554,-276.49,30m,validation,0.3,452
2.0,0.5,366,0.443,-2.1038,-769.98,30m,validation,0.3,452
2.0,0.75,366,0.393,-3.1001,-1134.65,30m,validation,0.3,452
2.0,1.0,366,0.369,-3.9413,-1442.53,30m,validation,0.3,452
2.0,1.5,366,0.295,-5.3532,-1959.26,30m,validation,0.3,452
2.0,2.0,366,0.251,-6.5447,-2395.36,30m,validation,0.3,452
2.5,0.25,366,0.497,-0.6288,-230.13,30m,validation,0.3,452
2.5,0.5,366,0.432,-2.1552,-788.8,30m,validation,0.3,452
2.5,0.75,366,0.391,-3.1369,-1148.1,30m,validation,0.3,452
2.5,1.0,366,0.363,-4.1146,-1505.94,30m,validation,0.3,452
2.5,1.5,366,0.295,-5.5419,-2028.35,30m,validation,0.3,452
2.5,2.0,366,0.262,-6.7413,-2467.3,30m,validation,0.3,452
3.0,0.25,366,0.473,-0.7304,-267.32,30m,validation,0.3,452
3.0,0.5,366,0.404,-2.2055,-807.2,30m,validation,0.3,452
3.0,0.75,366,0.372,-3.2022,-1172.0,30m,validation,0.3,452
3.0,1.0,366,0.35,-4.1952,-1535.43,30m,validation,0.3,452
3.0,1.5,366,0.301,-5.6384,-2063.67,30m,validation,0.3,452
3.0,2.0,366,0.276,-6.8462,-2505.71,30m,validation,0.3,452
3.5,0.25,366,0.464,-0.4398,-160.96,30m,validation,0.3,452
3.5,0.5,366,0.393,-1.9243,-704.28,30m,validation,0.3,452
3.5,0.75,366,0.363,-2.9009,-1061.74,30m,validation,0.3,452
3.5,1.0,366,0.339,-3.8713,-1416.88,30m,validation,0.3,452
3.5,1.5,366,0.301,-5.3123,-1944.32,30m,validation,0.3,452
3.5,2.0,366,0.284,-6.5245,-2387.97,30m,validation,0.3,452
4.0,0.25,366,0.451,-0.3707,-135.67,30m,validation,0.3,452
4.0,0.5,366,0.374,-1.9096,-698.91,30m,validation,0.3,452
4.0,0.75,366,0.342,-2.9347,-1074.09,30m,validation,0.3,452
4.0,1.0,366,0.317,-3.9081,-1430.37,30m,validation,0.3,452
4.0,1.5,366,0.284,-5.3688,-1964.99,30m,validation,0.3,452
4.0,2.0,366,0.276,-6.6115,-2419.82,30m,validation,0.3,452
4.5,0.25,366,0.443,-0.3109,-113.77,30m,validation,0.3,452
4.5,0.5,366,0.363,-1.7577,-643.31,30m,validation,0.3,452
4.5,0.75,366,0.328,-2.7091,-991.54,30m,validation,0.3,452
4.5,1.0,366,0.306,-3.6407,-1332.5,30m,validation,0.3,452
4.5,1.5,366,0.279,-5.0681,-1854.92,30m,validation,0.3,452
4.5,2.0,366,0.27,-6.2983,-2305.18,30m,validation,0.3,452
5.0,0.25,366,0.437,-0.3415,-124.99,30m,validation,0.3,452
5.0,0.5,366,0.35,-1.8026,-659.75,30m,validation,0.3,452
5.0,0.75,366,0.309,-2.741,-1003.2,30m,validation,0.3,452
5.0,1.0,366,0.29,-3.6716,-1343.79,30m,validation,0.3,452
5.0,1.5,366,0.262,-5.0963,-1865.24,30m,validation,0.3,452
5.0,2.0,366,0.254,-6.3369,-2319.29,30m,validation,0.3,452
1.5,0.25,364,0.53,-0.8126,-295.8,30m,validation,0.325,452
1.5,0.5,364,0.445,-2.1268,-774.16,30m,validation,0.325,452
1.5,0.75,364,0.398,-3.1138,-1133.41,30m,validation,0.325,452
1.5,1.0,364,0.36,-3.9478,-1437.01,30m,validation,0.325,452
1.5,1.5,364,0.277,-5.3515,-1947.96,30m,validation,0.325,452
1.5,2.0,364,0.209,-6.5384,-2379.99,30m,validation,0.325,452
2.0,0.25,364,0.514,-0.7619,-277.35,30m,validation,0.325,452
2.0,0.5,364,0.445,-2.1211,-772.09,30m,validation,0.325,452
2.0,0.75,364,0.396,-3.1294,-1139.11,30m,validation,0.325,452
2.0,1.0,364,0.365,-3.972,-1445.82,30m,validation,0.325,452
2.0,1.5,364,0.294,-5.3838,-1959.69,30m,validation,0.325,452
2.0,2.0,364,0.247,-6.5747,-2393.18,30m,validation,0.325,452
2.5,0.25,364,0.497,-0.6215,-226.24,30m,validation,0.325,452
2.5,0.5,364,0.431,-2.1935,-798.43,30m,validation,0.325,452
2.5,0.75,364,0.393,-3.2043,-1166.36,30m,validation,0.325,452
2.5,1.0,364,0.363,-4.1958,-1527.28,30m,validation,0.325,452
2.5,1.5,364,0.294,-5.638,-2052.22,30m,validation,0.325,452
2.5,2.0,364,0.258,-6.8452,-2491.65,30m,validation,0.325,452
3.0,0.25,364,0.481,-0.7045,-256.46,30m,validation,0.325,452
3.0,0.5,364,0.409,-2.219,-807.72,30m,validation,0.325,452
3.0,0.75,364,0.379,-3.2392,-1179.06,30m,validation,0.325,452
3.0,1.0,364,0.352,-4.2435,-1544.65,30m,validation,0.325,452
3.0,1.5,364,0.302,-5.6995,-2074.61,30m,validation,0.325,452
3.0,2.0,364,0.277,-6.9143,-2516.79,30m,validation,0.325,452
3.5,0.25,364,0.473,-0.4116,-149.82,30m,validation,0.325,452
3.5,0.5,364,0.398,-2.0004,-728.13,30m,validation,0.325,452
3.5,0.75,364,0.365,-3.0367,-1105.35,30m,validation,0.325,452
3.5,1.0,364,0.335,-4.0422,-1471.35,30m,validation,0.325,452
3.5,1.5,364,0.302,-5.5102,-2005.72,30m,validation,0.325,452
3.5,2.0,364,0.28,-6.733,-2450.82,30m,validation,0.325,452
4.0,0.25,364,0.456,-0.3814,-138.82,30m,validation,0.325,452
4.0,0.5,364,0.376,-2.0031,-729.14,30m,validation,0.325,452
4.0,0.75,364,0.346,-3.0168,-1098.12,30m,validation,0.325,452
4.0,1.0,364,0.316,-4.0001,-1456.03,30m,validation,0.325,452
4.0,1.5,364,0.286,-5.4691,-1990.76,30m,validation,0.325,452
4.0,2.0,364,0.269,-6.7161,-2444.65,30m,validation,0.325,452
4.5,0.25,364,0.448,-0.2922,-106.34,30m,validation,0.325,452
4.5,0.5,364,0.365,-1.8616,-677.64,30m,validation,0.325,452
4.5,0.75,364,0.33,-2.8561,-1039.63,30m,validation,0.325,452
4.5,1.0,364,0.302,-3.8081,-1386.15,30m,validation,0.325,452
4.5,1.5,364,0.277,-5.2729,-1919.33,30m,validation,0.325,452
4.5,2.0,364,0.264,-6.5188,-2372.84,30m,validation,0.325,452
5.0,0.25,364,0.44,-0.3486,-126.87,30m,validation,0.325,452
5.0,0.5,364,0.352,-1.862,-677.79,30m,validation,0.325,452
5.0,0.75,364,0.316,-2.8417,-1034.37,30m,validation,0.325,452
5.0,1.0,364,0.288,-3.7936,-1380.87,30m,validation,0.325,452
5.0,1.5,364,0.264,-5.2364,-1906.03,30m,validation,0.325,452
5.0,2.0,364,0.253,-6.4856,-2360.75,30m,validation,0.325,452
1.5,0.25,363,0.532,-0.7044,-255.7,30m,validation,0.35,452
1.5,0.5,363,0.446,-2.0104,-729.79,30m,validation,0.35,452
1.5,0.75,363,0.399,-2.9942,-1086.91,30m,validation,0.35,452
1.5,1.0,363,0.364,-3.8267,-1389.09,30m,validation,0.35,452
1.5,1.5,363,0.281,-5.2289,-1898.1,30m,validation,0.35,452
1.5,2.0,363,0.212,-6.4152,-2328.73,30m,validation,0.35,452
2.0,0.25,363,0.512,-0.7634,-277.11,30m,validation,0.35,452
2.0,0.5,363,0.444,-2.1075,-765.02,30m,validation,0.35,452
2.0,0.75,363,0.397,-3.0983,-1124.67,30m,validation,0.35,452
2.0,1.0,363,0.366,-3.934,-1428.03,30m,validation,0.35,452
2.0,1.5,363,0.298,-5.3392,-1938.15,30m,validation,0.35,452
2.0,2.0,363,0.245,-6.527,-2369.31,30m,validation,0.35,452
2.5,0.25,363,0.504,-0.3899,-141.53,30m,validation,0.35,452
2.5,0.5,363,0.441,-1.9119,-694.03,30m,validation,0.35,452
2.5,0.75,363,0.405,-2.9387,-1066.75,30m,validation,0.35,452
2.5,1.0,363,0.377,-3.7929,-1376.82,30m,validation,0.35,452
2.5,1.5,363,0.303,-5.2176,-1893.97,30m,validation,0.35,452
2.5,2.0,363,0.27,-6.4161,-2329.04,30m,validation,0.35,452
3.0,0.25,363,0.482,-0.6097,-221.33,30m,validation,0.35,452
3.0,0.5,363,0.41,-2.1126,-766.87,30m,validation,0.35,452
3.0,0.75,363,0.386,-3.1277,-1135.35,30m,validation,0.35,452
3.0,1.0,363,0.355,-4.1271,-1498.15,30m,validation,0.35,452
3.0,1.5,363,0.309,-5.5801,-2025.58,30m,validation,0.35,452
3.0,2.0,363,0.278,-6.7933,-2465.97,30m,validation,0.35,452
3.5,0.25,363,0.471,-0.4129,-149.88,30m,validation,0.35,452
3.5,0.5,363,0.397,-1.9649,-713.27,30m,validation,0.35,452
3.5,0.75,363,0.369,-2.9868,-1084.2,30m,validation,0.35,452
3.5,1.0,363,0.339,-3.9937,-1449.72,30m,validation,0.35,452
3.5,1.5,363,0.306,-5.4557,-1980.41,30m,validation,0.35,452
3.5,2.0,363,0.281,-6.6738,-2422.58,30m,validation,0.35,452
4.0,0.25,363,0.455,-0.313,-113.62,30m,validation,0.35,452
4.0,0.5,363,0.377,-1.8475,-670.65,30m,validation,0.35,452
4.0,0.75,363,0.355,-2.8394,-1030.7,30m,validation,0.35,452
4.0,1.0,363,0.322,-3.8205,-1386.84,30m,validation,0.35,452
4.0,1.5,363,0.295,-5.2839,-1918.04,30m,validation,0.35,452
4.0,2.0,363,0.275,-6.5253,-2368.68,30m,validation,0.35,452
4.5,0.25,363,0.449,-0.2336,-84.79,30m,validation,0.35,452
4.5,0.5,363,0.366,-1.8421,-668.69,30m,validation,0.35,452
4.5,0.75,363,0.336,-2.8714,-1042.32,30m,validation,0.35,452
4.5,1.0,363,0.306,-3.8378,-1393.13,30m,validation,0.35,452
4.5,1.5,363,0.281,-5.3039,-1925.32,30m,validation,0.35,452
4.5,2.0,363,0.264,-6.5484,-2377.07,30m,validation,0.35,452
5.0,0.25,363,0.438,-0.2953,-107.18,30m,validation,0.35,452
5.0,0.5,363,0.353,-1.7744,-644.12,30m,validation,0.35,452
5.0,0.75,363,0.322,-2.777,-1008.04,30m,validation,0.35,452
5.0,1.0,363,0.292,-3.748,-1360.52,30m,validation,0.35,452
5.0,1.5,363,0.27,-5.2162,-1893.47,30m,validation,0.35,452
5.0,2.0,363,0.256,-6.4687,-2348.13,30m,validation,0.35,452
1.5,0.25,363,0.54,-0.6187,-224.58,30m,validation,0.375,452
1.5,0.5,363,0.444,-1.9002,-689.79,30m,validation,0.375,452
1.5,0.75,363,0.397,-2.8845,-1047.06,30m,validation,0.375,452
1.5,1.0,363,0.369,-3.7173,-1349.4,30m,validation,0.375,452
1.5,1.5,363,0.287,-5.12,-1858.58,30m,validation,0.375,452
1.5,2.0,363,0.22,-6.3066,-2289.28,30m,validation,0.375,452
2.0,0.25,363,0.521,-0.7557,-274.31,30m,validation,0.375,452
2.0,0.5,363,0.444,-2.0899,-758.63,30m,validation,0.375,452
2.0,0.75,363,0.402,-3.0817,-1118.67,30m,validation,0.375,452
2.0,1.0,363,0.366,-3.9177,-1422.13,30m,validation,0.375,452
2.0,1.5,363,0.295,-5.3231,-1932.28,30m,validation,0.375,452
2.0,2.0,363,0.242,-6.5108,-2363.41,30m,validation,0.375,452
2.5,0.25,363,0.51,-0.4114,-149.32,30m,validation,0.375,452
2.5,0.5,363,0.444,-1.7276,-627.13,30m,validation,0.375,452
2.5,0.75,363,0.413,-2.7472,-997.25,30m,validation,0.375,452
2.5,1.0,363,0.377,-3.5968,-1305.63,30m,validation,0.375,452
2.5,1.5,363,0.309,-5.0158,-1820.72,30m,validation,0.375,452
2.5,2.0,363,0.273,-6.2108,-2254.53,30m,validation,0.375,452
3.0,0.25,363,0.485,-0.624,-226.51,30m,validation,0.375,452
3.0,0.5,363,0.408,-2.1539,-781.85,30m,validation,0.375,452
3.0,0.75,363,0.386,-3.1707,-1150.97,30m,validation,0.375,452
3.0,1.0,363,0.353,-4.1614,-1510.58,30m,validation,0.375,452
3.0,1.5,363,0.309,-5.6078,-2035.63,30m,validation,0.375,452
3.0,2.0,363,0.275,-6.8175,-2474.77,30m,validation,0.375,452
3.5,0.25,363,0.474,-0.5223,-189.6,30m,validation,0.375,452
3.5,0.5,363,0.397,-2.0017,-726.62,30m,validation,0.375,452
3.5,0.75,363,0.372,-3.0361,-1102.11,30m,validation,0.375,452
3.5,1.0,363,0.339,-4.0377,-1465.69,30m,validation,0.375,452
3.5,1.5,363,0.309,-5.4941,-1994.35,30m,validation,0.375,452
3.5,2.0,363,0.281,-6.7086,-2435.22,30m,validation,0.375,452
4.0,0.25,363,0.463,-0.3413,-123.88,30m,validation,0.375,452
4.0,0.5,363,0.38,-1.8412,-668.34,30m,validation,0.375,452
4.0,0.75,363,0.361,-2.8398,-1030.85,30m,validation,0.375,452
4.0,1.0,363,0.325,-3.8242,-1388.17,30m,validation,0.375,452
4.0,1.5,363,0.298,-5.2849,-1918.42,30m,validation,0.375,452
4.0,2.0,363,0.278,-6.508,-2362.41,30m,validation,0.375,452
4.5,0.25,363,0.457,-0.1399,-50.79,30m,validation,0.375,452
4.5,0.5,363,0.369,-1.7212,-624.81,30m,validation,0.375,452
4.5,0.75,363,0.342,-2.7562,-1000.49,30m,validation,0.375,452
4.5,1.0,363,0.309,-3.7274,-1353.05,30m,validation,0.375,452
4.5,1.5,363,0.284,-5.2008,-1887.89,30m,validation,0.375,452
4.5,2.0,363,0.267,-6.4508,-2341.65,30m,validation,0.375,452
5.0,0.25,363,0.444,-0.1937,-70.32,30m,validation,0.375,452
5.0,0.5,363,0.355,-1.6271,-590.63,30m,validation,0.375,452
5.0,0.75,363,0.328,-2.6176,-950.21,30m,validation,0.375,452
5.0,1.0,363,0.295,-3.5807,-1299.81,30m,validation,0.375,452
5.0,1.5,363,0.273,-5.0412,-1829.96,30m,validation,0.375,452
5.0,2.0,363,0.259,-6.2891,-2282.93,30m,validation,0.375,452
1.5,0.25,362,0.536,-0.7417,-268.48,30m,validation,0.4,452
1.5,0.5,362,0.434,-2.0255,-733.24,30m,validation,0.4,452
1.5,0.75,362,0.387,-3.01,-1089.61,30m,validation,0.4,452
1.5,1.0,362,0.359,-3.8429,-1391.13,30m,validation,0.4,452
1.5,1.5,362,0.279,-5.2457,-1898.96,30m,validation,0.4,452
1.5,2.0,362,0.218,-6.4324,-2328.54,30m,validation,0.4,452
2.0,0.25,362,0.517,-0.8197,-296.73,30m,validation,0.4,452
2.0,0.5,362,0.436,-2.163,-783.01,30m,validation,0.4,452
2.0,0.75,362,0.395,-3.1592,-1143.62,30m,validation,0.4,452
2.0,1.0,362,0.365,-3.9977,-1447.16,30m,validation,0.4,452
2.0,1.5,362,0.29,-5.4061,-1957.0,30m,validation,0.4,452
2.0,2.0,362,0.238,-6.5956,-2387.62,30m,validation,0.4,452
2.5,0.25,362,0.506,-0.3101,-112.25,30m,validation,0.4,452
2.5,0.5,362,0.445,-1.6509,-597.64,30m,validation,0.4,452
2.5,0.75,362,0.414,-2.6716,-967.12,30m,validation,0.4,452
2.5,1.0,362,0.384,-3.5232,-1275.41,30m,validation,0.4,452
2.5,1.5,362,0.318,-4.9461,-1790.48,30m,validation,0.4,452
2.5,2.0,362,0.279,-6.1439,-2224.08,30m,validation,0.4,452
3.0,0.25,362,0.483,-0.6042,-218.71,30m,validation,0.4,452
3.0,0.5,362,0.409,-2.1287,-770.59,30m,validation,0.4,452
3.0,0.75,362,0.387,-3.1452,-1138.57,30m,validation,0.4,452
3.0,1.0,362,0.356,-4.1335,-1496.34,30m,validation,0.4,452
3.0,1.5,362,0.315,-5.5795,-2019.78,30m,validation,0.4,452
3.0,2.0,362,0.273,-6.7888,-2457.54,30m,validation,0.4,452
3.5,0.25,362,0.467,-0.5801,-209.99,30m,validation,0.4,452
3.5,0.5,362,0.392,-2.0842,-754.49,30m,validation,0.4,452
3.5,0.75,362,0.37,-3.1129,-1126.86,30m,validation,0.4,452
3.5,1.0,362,0.34,-4.1159,-1489.95,30m,validation,0.4,452
3.5,1.5,362,0.309,-5.5781,-2019.28,30m,validation,0.4,452
3.5,2.0,362,0.282,-6.7966,-2460.38,30m,validation,0.4,452
4.0,0.25,362,0.459,-0.3942,-142.7,30m,validation,0.4,452
4.0,0.5,362,0.378,-1.9151,-693.26,30m,validation,0.4,452
4.0,0.75,362,0.362,-2.9493,-1067.64,30m,validation,0.4,452
4.0,1.0,362,0.329,-3.951,-1430.27,30m,validation,0.4,452
4.0,1.5,362,0.298,-5.4228,-1963.06,30m,validation,0.4,452
4.0,2.0,362,0.282,-6.648,-2406.58,30m,validation,0.4,452
4.5,0.25,362,0.45,-0.1886,-68.27,30m,validation,0.4,452
4.5,0.5,362,0.367,-1.7935,-649.25,30m,validation,0.4,452
4.5,0.75,362,0.343,-2.8616,-1035.89,30m,validation,0.4,452
4.5,1.0,362,0.312,-3.8468,-1392.53,30m,validation,0.4,452
4.5,1.5,362,0.285,-5.3221,-1926.61,30m,validation,0.4,452
4.5,2.0,362,0.271,-6.573,-2379.43,30m,validation,0.4,452
5.0,0.25,362,0.442,-0.1365,-49.41,30m,validation,0.4,452
5.0,0.5,362,0.356,-1.5646,-566.38,30m,validation,0.4,452
5.0,0.75,362,0.331,-2.5508,-923.4,30m,validation,0.4,452
5.0,1.0,362,0.304,-3.5095,-1270.45,30m,validation,0.4,452
5.0,1.5,362,0.279,-4.9846,-1804.43,30m,validation,0.4,452
5.0,2.0,362,0.268,-6.2364,-2257.56,30m,validation,0.4,452
1.5,0.25,361,0.54,-0.7245,-261.53,30m,validation,0.425,452
1.5,0.5,361,0.449,-1.9844,-716.38,30m,validation,0.425,452
1.5,0.75,361,0.393,-2.9565,-1067.29,30m,validation,0.425,452
1.5,1.0,361,0.368,-3.7814,-1365.1,30m,validation,0.425,452
1.5,1.5,361,0.28,-5.174,-1867.8,30m,validation,0.425,452
1.5,2.0,361,0.224,-6.3539,-2293.76,30m,validation,0.425,452
2.0,0.25,361,0.532,-0.4932,-178.04,30m,validation,0.425,452
2.0,0.5,361,0.454,-1.8212,-657.46,30m,validation,0.425,452
2.0,0.75,361,0.404,-2.8099,-1014.39,30m,validation,0.425,452
2.0,1.0,361,0.38,-3.6438,-1315.41,30m,validation,0.425,452
2.0,1.5,361,0.302,-5.0462,-1821.68,30m,validation,0.425,452
2.0,2.0,361,0.258,-6.2317,-2249.65,30m,validation,0.425,452
2.5,0.25,361,0.512,-0.3563,-128.63,30m,validation,0.425,452
2.5,0.5,361,0.443,-1.6922,-610.88,30m,validation,0.425,452
2.5,0.75,361,0.413,-2.704,-976.16,30m,validation,0.425,452
2.5,1.0,361,0.388,-3.5496,-1281.4,30m,validation,0.425,452
2.5,1.5,361,0.319,-4.9644,-1792.14,30m,validation,0.425,452
2.5,2.0,361,0.274,-6.1568,-2222.59,30m,validation,0.425,452
3.0,0.25,361,0.49,-0.5511,-198.95,30m,validation,0.425,452
3.0,0.5,361,0.41,-2.0596,-743.53,30m,validation,0.425,452
3.0,0.75,361,0.385,-3.0674,-1107.32,30m,validation,0.425,452
3.0,1.0,361,0.357,-4.048,-1461.31,30m,validation,0.425,452
3.0,1.5,361,0.316,-5.4865,-1980.61,30m,validation,0.425,452
3.0,2.0,361,0.277,-6.6907,-2415.34,30m,validation,0.425,452
3.5,0.25,361,0.471,-0.5965,-215.33,30m,validation,0.425,452
3.5,0.5,361,0.391,-2.0459,-738.58,30m,validation,0.425,452
3.5,0.75,361,0.371,-3.0613,-1105.14,30m,validation,0.425,452
3.5,1.0,361,0.343,-4.0541,-1463.54,30m,validation,0.425,452
3.5,1.5,361,0.313,-5.506,-1987.67,30m,validation,0.425,452
3.5,2.0,361,0.285,-6.7177,-2425.1,30m,validation,0.425,452
4.0,0.25,361,0.463,-0.3867,-139.6,30m,validation,0.425,452
4.0,0.5,361,0.38,-1.8767,-677.5,30m,validation,0.425,452
4.0,0.75,361,0.366,-2.9029,-1047.93,30m,validation,0.425,452
4.0,1.0,361,0.335,-3.894,-1405.73,30m,validation,0.425,452
4.0,1.5,361,0.302,-5.355,-1933.15,30m,validation,0.425,452
4.0,2.0,361,0.283,-6.5732,-2372.93,30m,validation,0.425,452
4.5,0.25,361,0.454,-0.2326,-83.98,30m,validation,0.425,452
4.5,0.5,361,0.366,-1.8339,-662.04,30m,validation,0.425,452
4.5,0.75,361,0.346,-2.8532,-1030.01,30m,validation,0.425,452
4.5,1.0,361,0.316,-3.8275,-1381.71,30m,validation,0.425,452
4.5,1.5,361,0.285,-5.2913,-1910.16,30m,validation,0.425,452
4.5,2.0,361,0.269,-6.5345,-2358.97,30m,validation,0.425,452
5.0,0.25,361,0.446,-0.1973,-71.24,30m,validation,0.425,452
5.0,0.5,361,0.355,-1.6544,-597.26,30m,validation,0.425,452
5.0,0.75,361,0.332,-2.6514,-957.17,30m,validation,0.425,452
5.0,1.0,361,0.307,-3.5954,-1297.95,30m,validation,0.425,452
5.0,1.5,361,0.283,-5.0555,-1825.02,30m,validation,0.425,452
5.0,2.0,361,0.266,-6.298,-2273.58,30m,validation,0.425,452
1.5,0.25,358,0.536,-0.639,-228.76,30m,validation,0.45,452
1.5,0.5,358,0.447,-1.8986,-679.7,30m,validation,0.45,452
1.5,0.75,358,0.394,-2.8721,-1028.22,30m,validation,0.45,452
1.5,1.0,358,0.36,-3.6984,-1324.03,30m,validation,0.45,452
1.5,1.5,358,0.285,-5.0929,-1823.26,30m,validation,0.45,452
1.5,2.0,358,0.237,-6.2741,-2246.13,30m,validation,0.45,452
2.0,0.25,358,0.531,-0.4713,-168.73,30m,validation,0.45,452
2.0,0.5,358,0.461,-1.8061,-646.58,30m,validation,0.45,452
2.0,0.75,358,0.411,-2.7988,-1001.96,30m,validation,0.45,452
2.0,1.0,358,0.38,-3.6355,-1301.5,30m,validation,0.45,452
2.0,1.5,358,0.299,-5.0416,-1804.9,30m,validation,0.45,452
2.0,2.0,358,0.26,-6.2295,-2230.17,30m,validation,0.45,452
2.5,0.25,358,0.514,-0.3251,-116.39,30m,validation,0.45,452
2.5,0.5,358,0.45,-1.6481,-590.02,30m,validation,0.45,452
2.5,0.75,358,0.411,-2.657,-951.2,30m,validation,0.45,452
2.5,1.0,358,0.385,-3.4986,-1252.48,30m,validation,0.45,452
2.5,1.5,358,0.318,-4.9086,-1757.27,30m,validation,0.45,452
2.5,2.0,358,0.277,-6.0981,-2183.11,30m,validation,0.45,452
3.0,0.25,358,0.5,-0.1372,-49.12,30m,validation,0.45,452
3.0,0.5,358,0.427,-1.6616,-594.86,30m,validation,0.45,452
3.0,0.75,358,0.397,-2.7053,-968.48,30m,validation,0.45,452
3.0,1.0,358,0.369,-3.5682,-1277.41,30m,validation,0.45,452
3.0,1.5,358,0.33,-5.0022,-1790.78,30m,validation,0.45,452
3.0,2.0,358,0.291,-6.2055,-2221.58,30m,validation,0.45,452
3.5,0.25,358,0.475,-0.3247,-116.26,30m,validation,0.45,452
3.5,0.5,358,0.399,-1.7834,-638.46,30m,validation,0.45,452
3.5,0.75,358,0.377,-2.802,-1003.11,30m,validation,0.45,452
3.5,1.0,358,0.349,-3.7959,-1358.94,30m,validation,0.45,452
3.5,1.5,358,0.321,-5.2513,-1879.98,30m,validation,0.45,452
3.5,2.0,358,0.293,-6.4652,-2314.55,30m,validation,0.45,452
4.0,0.25,358,0.464,-0.2159,-77.31,30m,validation,0.45,452
4.0,0.5,358,0.385,-1.7258,-617.83,30m,validation,0.45,452
4.0,0.75,358,0.369,-2.7684,-991.08,30m,validation,0.45,452
4.0,1.0,358,0.341,-3.7726,-1350.59,30m,validation,0.45,452
4.0,1.5,358,0.31,-5.2383,-1875.33,30m,validation,0.45,452
4.0,2.0,358,0.288,-6.4579,-2311.93,30m,validation,0.45,452
4.5,0.25,358,0.455,-0.0628,-22.5,30m,validation,0.45,452
4.5,0.5,358,0.372,-1.6291,-583.21,30m,validation,0.45,452
4.5,0.75,358,0.352,-2.6586,-951.79,30m,validation,0.45,452
4.5,1.0,358,0.321,-3.6471,-1305.68,30m,validation,0.45,452
4.5,1.5,358,0.293,-5.115,-1831.18,30m,validation,0.45,452
4.5,2.0,358,0.277,-6.3412,-2270.16,30m,validation,0.45,452
5.0,0.25,358,0.45,0.0221,7.9,30m,validation,0.45,452
5.0,0.5,358,0.36,-1.5175,-543.26,30m,validation,0.45,452
5.0,0.75,358,0.335,-2.5792,-923.35,30m,validation,0.45,452
5.0,1.0,358,0.31,-3.5628,-1275.47,30m,validation,0.45,452
5.0,1.5,358,0.285,-5.0462,-1806.53,30m,validation,0.45,452
5.0,2.0,358,0.271,-6.2986,-2254.9,30m,validation,0.45,452
1.5,0.25,358,0.536,-0.5493,-196.66,30m,validation,0.475,452
1.5,0.5,358,0.441,-1.8176,-650.7,30m,validation,0.475,452
1.5,0.75,358,0.394,-2.7933,-999.99,30m,validation,0.475,452
1.5,1.0,358,0.355,-3.6205,-1296.13,30m,validation,0.475,452
1.5,1.5,358,0.282,-5.0157,-1795.63,30m,validation,0.475,452
1.5,2.0,358,0.235,-6.1972,-2218.59,30m,validation,0.475,452
2.0,0.25,358,0.531,-0.4934,-176.65,30m,validation,0.475,452
2.0,0.5,358,0.458,-1.7689,-633.27,30m,validation,0.475,452
2.0,0.75,358,0.408,-2.7472,-983.5,30m,validation,0.475,452
2.0,1.0,358,0.38,-3.576,-1280.21,30m,validation,0.475,452
2.0,1.5,358,0.302,-4.9732,-1780.4,30m,validation,0.475,452
2.0,2.0,358,0.26,-6.1559,-2203.81,30m,validation,0.475,452
2.5,0.25,358,0.517,-0.3855,-137.99,30m,validation,0.475,452
2.5,0.5,358,0.45,-1.7133,-613.35,30m,validation,0.475,452
2.5,0.75,358,0.413,-2.7033,-967.77,30m,validation,0.475,452
2.5,1.0,358,0.394,-3.5375,-1266.43,30m,validation,0.475,452
2.5,1.5,358,0.321,-4.9401,-1768.55,30m,validation,0.475,452
2.5,2.0,358,0.285,-6.1255,-2192.93,30m,validation,0.475,452
3.0,0.25,358,0.508,-0.0893,-31.96,30m,validation,0.475,452
3.0,0.5,358,0.436,-1.4448,-517.24,30m,validation,0.475,452
3.0,0.75,358,0.399,-2.4765,-886.58,30m,validation,0.475,452
3.0,1.0,358,0.383,-3.3322,-1192.94,30m,validation,0.475,452
3.0,1.5,358,0.332,-4.7578,-1703.3,30m,validation,0.475,452
3.0,2.0,358,0.296,-5.9563,-2132.35,30m,validation,0.475,452
3.5,0.25,358,0.48,-0.351,-125.66,30m,validation,0.475,452
3.5,0.5,358,0.399,-1.85,-662.31,30m,validation,0.475,452
3.5,0.75,358,0.374,-2.8617,-1024.5,30m,validation,0.475,452
3.5,1.0,358,0.355,-3.849,-1377.95,30m,validation,0.475,452
3.5,1.5,358,0.321,-5.3,-1897.4,30m,validation,0.475,452
3.5,2.0,358,0.293,-6.5114,-2331.09,30m,validation,0.475,452
4.0,0.25,358,0.472,-0.2606,-93.28,30m,validation,0.475,452
4.0,0.5,358,0.391,-1.7526,-627.42,30m,validation,0.475,452
4.0,0.75,358,0.372,-2.7986,-1001.88,30m,validation,0.475,452
4.0,1.0,358,0.352,-3.7992,-1360.13,30m,validation,0.475,452
4.0,1.5,358,0.316,-5.2635,-1884.32,30m,validation,0.475,452
4.0,2.0,358,0.293,-6.482,-2320.54,30m,validation,0.475,452
4.5,0.25,358,0.464,-0.0527,-18.86,30m,validation,0.475,452
4.5,0.5,358,0.374,-1.629,-583.18,30m,validation,0.475,452
4.5,0.75,358,0.352,-2.6884,-962.46,30m,validation,0.475,452
4.5,1.0,358,0.33,-3.6897,-1320.91,30m,validation,0.475,452
4.5,1.5,358,0.296,-5.165,-1849.09,30m,validation,0.475,452
4.5,2.0,358,0.279,-6.3918,-2288.27,30m,validation,0.475,452
5.0,0.25,358,0.461,0.0897,32.12,30m,validation,0.475,452
5.0,0.5,358,0.366,-1.4438,-516.87,30m,validation,0.475,452
5.0,0.75,358,0.338,-2.5206,-902.36,30m,validation,0.475,452
5.0,1.0,358,0.321,-3.5131,-1257.69,30m,validation,0.475,452
5.0,1.5,358,0.291,-4.9946,-1788.05,30m,validation,0.475,452
5.0,2.0,358,0.274,-6.2456,-2235.91,30m,validation,0.475,452
1.5,0.25,358,0.536,-0.5341,-191.2,30m,validation,0.5,452
1.5,0.5,358,0.444,-1.7955,-642.77,30m,validation,0.5,452
1.5,0.75,358,0.391,-2.7683,-991.06,30m,validation,0.5,452
1.5,1.0,358,0.349,-3.594,-1286.64,30m,validation,0.5,452
1.5,1.5,358,0.277,-4.9873,-1785.46,30m,validation,0.5,452
1.5,2.0,358,0.226,-6.1676,-2208.02,30m,validation,0.5,452
2.0,0.25,358,0.525,-0.5075,-181.68,30m,validation,0.5,452
2.0,0.5,358,0.455,-1.7837,-638.58,30m,validation,0.5,452
2.0,0.75,358,0.408,-2.7635,-989.32,30m,validation,0.5,452
2.0,1.0,358,0.383,-3.5933,-1286.4,30m,validation,0.5,452
2.0,1.5,358,0.304,-4.9918,-1787.07,30m,validation,0.5,452
2.0,2.0,358,0.257,-6.1754,-2210.78,30m,validation,0.5,452
2.5,0.25,358,0.517,-0.4689,-167.86,30m,validation,0.5,452
2.5,0.5,358,0.45,-1.7823,-638.07,30m,validation,0.5,452
2.5,0.75,358,0.411,-2.7674,-990.73,30m,validation,0.5,452
2.5,1.0,358,0.388,-3.5989,-1288.42,30m,validation,0.5,452
2.5,1.5,358,0.316,-4.9984,-1789.42,30m,validation,0.5,452
2.5,2.0,358,0.274,-6.182,-2213.15,30m,validation,0.5,452
3.0,0.25,358,0.511,-0.0375,-13.42,30m,validation,0.5,452
3.0,0.5,358,0.441,-1.3635,-488.14,30m,validation,0.5,452
3.0,0.75,358,0.408,-2.3752,-850.33,30m,validation,0.5,452
3.0,1.0,358,0.388,-3.2201,-1152.8,30m,validation,0.5,452
3.0,1.5,358,0.338,-4.6343,-1659.07,30m,validation,0.5,452
3.0,2.0,358,0.296,-5.8263,-2085.83,30m,validation,0.5,452
3.5,0.25,358,0.486,-0.2256,-80.76,30m,validation,0.5,452
3.5,0.5,358,0.408,-1.6968,-607.44,30m,validation,0.5,452
3.5,0.75,358,0.385,-2.705,-968.4,30m,validation,0.5,452
3.5,1.0,358,0.366,-3.6805,-1317.63,30m,validation,0.5,452
3.5,1.5,358,0.332,-5.1206,-1833.18,30m,validation,0.5,452
3.5,2.0,358,0.302,-6.3258,-2264.65,30m,validation,0.5,452
4.0,0.25,358,0.475,-0.2525,-90.39,30m,validation,0.5,452
4.0,0.5,358,0.391,-1.7725,-634.54,30m,validation,0.5,452
4.0,0.75,358,0.374,-2.8133,-1007.15,30m,validation,0.5,452
4.0,1.0,358,0.352,-3.8085,-1363.44,30m,validation,0.5,452
4.0,1.5,358,0.316,-5.2692,-1886.37,30m,validation,0.5,452
4.0,2.0,358,0.293,-6.4856,-2321.84,30m,validation,0.5,452
4.5,0.25,358,0.469,-0.0406,-14.54,30m,validation,0.5,452
4.5,0.5,358,0.377,-1.6849,-603.2,30m,validation,0.5,452
4.5,0.75,358,0.355,-2.7443,-982.46,30m,validation,0.5,452
4.5,1.0,358,0.332,-3.7421,-1339.66,30m,validation,0.5,452
4.5,1.5,358,0.299,-5.2161,-1867.35,30m,validation,0.5,452
4.5,2.0,358,0.282,-6.442,-2306.24,30m,validation,0.5,452
5.0,0.25,358,0.464,0.1353,48.44,30m,validation,0.5,452
5.0,0.5,358,0.366,-1.5138,-541.95,30m,validation,0.5,452
5.0,0.75,358,0.341,-2.5546,-914.55,30m,validation,0.5,452
5.0,1.0,358,0.324,-3.5317,-1264.34,30m,validation,0.5,452
5.0,1.5,358,0.293,-4.9975,-1789.1,30m,validation,0.5,452
5.0,2.0,358,0.277,-6.2399,-2233.88,30m,validation,0.5,452
1.5,0.25,356,0.534,-0.5345,-190.28,30m,validation,0.525,452
1.5,0.5,356,0.438,-1.7881,-636.56,30m,validation,0.525,452
1.5,0.75,356,0.39,-2.7582,-981.92,30m,validation,0.525,452
1.5,1.0,356,0.354,-3.582,-1275.18,30m,validation,0.525,452
1.5,1.5,356,0.278,-4.9727,-1770.27,30m,validation,0.525,452
1.5,2.0,356,0.219,-6.151,-2189.76,30m,validation,0.525,452
2.0,0.25,356,0.522,-0.5056,-180.0,30m,validation,0.525,452
2.0,0.5,356,0.449,-1.7879,-636.5,30m,validation,0.525,452
2.0,0.75,356,0.407,-2.7703,-986.22,30m,validation,0.525,452
2.0,1.0,356,0.385,-3.6013,-1282.05,30m,validation,0.525,452
2.0,1.5,356,0.312,-5.0004,-1780.15,30m,validation,0.525,452
2.0,2.0,356,0.253,-6.1838,-2201.44,30m,validation,0.525,452
2.5,0.25,356,0.52,-0.4959,-176.53,30m,validation,0.525,452
2.5,0.5,356,0.449,-1.8214,-648.42,30m,validation,0.525,452
2.5,0.75,356,0.413,-2.8108,-1000.63,30m,validation,0.525,452
2.5,1.0,356,0.388,-3.6445,-1297.44,30m,validation,0.525,452
2.5,1.5,356,0.312,-5.046,-1796.36,30m,validation,0.525,452
2.5,2.0,356,0.261,-6.2303,-2217.97,30m,validation,0.525,452
3.0,0.25,356,0.503,-0.193,-68.7,30m,validation,0.525,452
3.0,0.5,356,0.43,-1.5642,-556.85,30m,validation,0.525,452
3.0,0.75,356,0.399,-2.5918,-922.68,30m,validation,0.525,452
3.0,1.0,356,0.379,-3.4422,-1225.43,30m,validation,0.525,452
3.0,1.5,356,0.329,-4.8615,-1730.69,30m,validation,0.525,452
3.0,2.0,356,0.281,-6.0559,-2155.91,30m,validation,0.525,452
3.5,0.25,356,0.489,-0.1324,-47.13,30m,validation,0.525,452
3.5,0.5,356,0.407,-1.648,-586.7,30m,validation,0.525,452
3.5,0.75,356,0.385,-2.6933,-958.82,30m,validation,0.525,452
3.5,1.0,356,0.368,-3.5566,-1266.17,30m,validation,0.525,452
3.5,1.5,356,0.337,-4.9907,-1776.69,30m,validation,0.525,452
3.5,2.0,356,0.298,-6.1938,-2204.99,30m,validation,0.525,452
4.0,0.25,356,0.469,-0.3193,-113.66,30m,validation,0.525,452
4.0,0.5,356,0.388,-1.8001,-640.83,30m,validation,0.525,452
4.0,0.75,356,0.371,-2.8415,-1011.56,30m,validation,0.525,452
4.0,1.0,356,0.348,-3.8347,-1365.15,30m,validation,0.525,452
4.0,1.5,356,0.317,-5.2941,-1884.71,30m,validation,0.525,452
4.0,2.0,356,0.289,-6.509,-2317.22,30m,validation,0.525,452
4.5,0.25,356,0.463,-0.1534,-54.6,30m,validation,0.525,452
4.5,0.5,356,0.374,-1.6494,-587.18,30m,validation,0.525,452
4.5,0.75,356,0.357,-2.6859,-956.17,30m,validation,0.525,452
4.5,1.0,356,0.334,-3.6806,-1310.29,30m,validation,0.525,452
4.5,1.5,356,0.306,-5.1425,-1830.75,30m,validation,0.525,452
4.5,2.0,356,0.284,-6.3592,-2263.87,30m,validation,0.525,452
5.0,0.25,356,0.455,-0.0048,-1.7,30m,validation,0.525,452
5.0,0.5,356,0.362,-1.6079,-572.4,30m,validation,0.525,452
5.0,0.75,356,0.337,-2.6709,-950.85,30m,validation,0.525,452
5.0,1.0,356,0.32,-3.6695,-1306.34,30m,validation,0.525,452
5.0,1.5,356,0.295,-5.1453,-1831.74,30m,validation,0.525,452
5.0,2.0,356,0.272,-6.3716,-2268.29,30m,validation,0.525,452
1.5,0.25,354,0.528,-0.8598,-304.37,30m,validation,0.55,452
1.5,0.5,354,0.438,-2.0968,-742.28,30m,validation,0.55,452
1.5,0.75,354,0.387,-3.0602,-1083.3,30m,validation,0.55,452
1.5,1.0,354,0.333,-3.8801,-1373.56,30m,validation,0.55,452
1.5,1.5,354,0.26,-5.2665,-1864.35,30m,validation,0.55,452
1.5,2.0,354,0.201,-6.4426,-2280.66,30m,validation,0.55,452
2.0,0.25,354,0.531,-0.6064,-214.68,30m,validation,0.55,452
2.0,0.5,354,0.455,-1.8813,-665.97,30m,validation,0.55,452
2.0,0.75,354,0.41,-2.8587,-1011.96,30m,validation,0.55,452
2.0,1.0,354,0.381,-3.6865,-1305.04,30m,validation,0.55,452
2.0,1.5,354,0.299,-5.0821,-1799.08,30m,validation,0.55,452
2.0,2.0,354,0.24,-6.2635,-2217.27,30m,validation,0.55,452
2.5,0.25,354,0.525,-0.4562,-161.48,30m,validation,0.55,452
2.5,0.5,354,0.449,-1.7874,-632.73,30m,validation,0.55,452
2.5,0.75,354,0.41,-2.7795,-983.94,30m,validation,0.55,452
2.5,1.0,354,0.381,-3.6152,-1279.77,30m,validation,0.55,452
2.5,1.5,354,0.305,-5.0194,-1776.85,30m,validation,0.55,452
2.5,2.0,354,0.254,-6.2056,-2196.77,30m,validation,0.55,452
3.0,0.25,354,0.506,-0.3195,-113.1,30m,validation,0.55,452
3.0,0.5,354,0.432,-1.653,-585.18,30m,validation,0.55,452
3.0,0.75,354,0.401,-2.6649,-943.36,30m,validation,0.55,452
3.0,1.0,354,0.376,-3.5061,-1241.16,30m,validation,0.55,452
3.0,1.5,354,0.325,-4.9148,-1739.85,30m,validation,0.55,452
3.0,2.0,354,0.28,-6.1032,-2160.55,30m,validation,0.55,452
3.5,0.25,354,0.492,-0.2091,-74.04,30m,validation,0.55,452
3.5,0.5,354,0.41,-1.5915,-563.39,30m,validation,0.55,452
3.5,0.75,354,0.387,-2.6398,-934.5,30m,validation,0.55,452
3.5,1.0,354,0.367,-3.5043,-1240.51,30m,validation,0.55,452
3.5,1.5,354,0.333,-4.9393,-1748.52,30m,validation,0.55,452
3.5,2.0,354,0.294,-6.1429,-2174.59,30m,validation,0.55,452
4.0,0.25,354,0.472,-0.3657,-129.46,30m,validation,0.55,452
4.0,0.5,354,0.387,-1.8325,-648.7,30m,validation,0.55,452
4.0,0.75,354,0.37,-2.8515,-1009.42,30m,validation,0.55,452
4.0,1.0,354,0.345,-3.8373,-1358.4,30m,validation,0.55,452
4.0,1.5,354,0.316,-5.2922,-1873.44,30m,validation,0.55,452
4.0,2.0,354,0.288,-6.5052,-2302.84,30m,validation,0.55,452
4.5,0.25,354,0.463,-0.345,-122.11,30m,validation,0.55,452
4.5,0.5,354,0.37,-1.8841,-666.99,30m,validation,0.55,452
4.5,0.75,354,0.353,-2.9359,-1039.31,30m,validation,0.55,452
4.5,1.0,354,0.328,-3.9337,-1392.53,30m,validation,0.55,452
4.5,1.5,354,0.299,-5.4007,-1911.86,30m,validation,0.55,452
4.5,2.0,354,0.277,-6.6203,-2343.6,30m,validation,0.55,452
5.0,0.25,354,0.458,-0.0953,-33.72,30m,validation,0.55,452
5.0,0.5,354,0.364,-1.668,-590.47,30m,validation,0.55,452
5.0,0.75,354,0.339,-2.7216,-963.44,30m,validation,0.55,452
5.0,1.0,354,0.319,-3.715,-1315.12,30m,validation,0.55,452
5.0,1.5,354,0.294,-5.1879,-1836.51,30m,validation,0.55,452
5.0,2.0,354,0.271,-6.4128,-2270.13,30m,validation,0.55,452
1.5,0.25,352,0.531,-0.7806,-274.77,30m,validation,0.575,452
1.5,0.5,352,0.44,-2.0037,-705.29,30m,validation,0.575,452
1.5,0.75,352,0.384,-2.9612,-1042.34,30m,validation,0.575,452
1.5,1.0,352,0.33,-3.7777,-1329.73,30m,validation,0.575,452
1.5,1.5,352,0.253,-5.1599,-1816.28,30m,validation,0.575,452
1.5,2.0,352,0.202,-6.3334,-2229.34,30m,validation,0.575,452
2.0,0.25,352,0.526,-0.5575,-196.24,30m,validation,0.575,452
2.0,0.5,352,0.457,-1.8251,-642.42,30m,validation,0.575,452
2.0,0.75,352,0.409,-2.7983,-985.0,30m,validation,0.575,452
2.0,1.0,352,0.381,-3.6236,-1275.49,30m,validation,0.575,452
2.0,1.5,352,0.295,-5.0159,-1765.58,30m,validation,0.575,452
2.0,2.0,352,0.239,-6.1951,-2180.68,30m,validation,0.575,452
2.5,0.25,352,0.523,-0.3775,-132.88,30m,validation,0.575,452
2.5,0.5,352,0.457,-1.6742,-589.32,30m,validation,0.575,452
2.5,0.75,352,0.42,-2.6571,-935.31,30m,validation,0.575,452
2.5,1.0,352,0.389,-3.4877,-1227.68,30m,validation,0.575,452
2.5,1.5,352,0.31,-4.8861,-1719.9,30m,validation,0.575,452
2.5,2.0,352,0.259,-6.0688,-2136.23,30m,validation,0.575,452
3.0,0.25,352,0.511,-0.3177,-111.81,30m,validation,0.575,452
3.0,0.5,352,0.435,-1.6632,-585.45,30m,validation,0.575,452
3.0,0.75,352,0.406,-2.6562,-934.99,30m,validation,0.575,452
3.0,1.0,352,0.386,-3.4914,-1228.97,30m,validation,0.575,452
3.0,1.5,352,0.324,-4.8942,-1722.77,30m,validation,0.575,452
3.0,2.0,352,0.273,-6.0793,-2139.93,30m,validation,0.575,452
3.5,0.25,352,0.491,-0.1448,-50.96,30m,validation,0.575,452
3.5,0.5,352,0.409,-1.565,-550.89,30m,validation,0.575,452
3.5,0.75,352,0.386,-2.6053,-917.06,30m,validation,0.575,452
3.5,1.0,352,0.369,-3.4616,-1218.49,30m,validation,0.575,452
3.5,1.5,352,0.33,-4.8873,-1720.34,30m,validation,0.575,452
3.5,2.0,352,0.284,-6.0855,-2142.1,30m,validation,0.575,452
4.0,0.25,352,0.472,-0.3958,-139.32,30m,validation,0.575,452
4.0,0.5,352,0.389,-1.7891,-629.76,30m,validation,0.575,452
4.0,0.75,352,0.372,-2.8363,-998.39,30m,validation,0.575,452
4.0,1.0,352,0.352,-3.6966,-1301.21,30m,validation,0.575,452
4.0,1.5,352,0.321,-5.1269,-1804.67,30m,validation,0.575,452
4.0,2.0,352,0.293,-6.3278,-2227.38,30m,validation,0.575,452
4.5,0.25,352,0.463,-0.4845,-170.54,30m,validation,0.575,452
4.5,0.5,352,0.372,-1.9142,-673.8,30m,validation,0.575,452
4.5,0.75,352,0.355,-2.9912,-1052.89,30m,validation,0.575,452
4.5,1.0,352,0.335,-3.8697,-1362.13,30m,validation,0.575,452
4.5,1.5,352,0.304,-5.319,-1872.29,30m,validation,0.575,452
4.5,2.0,352,0.278,-6.5301,-2298.6,30m,validation,0.575,452
5.0,0.25,352,0.455,-0.1809,-63.67,30m,validation,0.575,452
5.0,0.5,352,0.364,-1.6463,-579.5,30m,validation,0.575,452
5.0,0.75,352,0.341,-2.7271,-959.93,30m,validation,0.575,452
5.0,1.0,352,0.327,-3.6004,-1267.34,30m,validation,0.575,452
5.0,1.5,352,0.298,-5.0544,-1779.13,30m,validation,0.575,452
5.0,2.0,352,0.276,-6.2701,-2207.09,30m,validation,0.575,452
1.5,0.25,352,0.528,-0.778,-273.86,30m,validation,0.6,452
1.5,0.5,352,0.435,-1.9969,-702.9,30m,validation,0.6,452
1.5,0.75,352,0.372,-2.9526,-1039.3,30m,validation,0.6,452
1.5,1.0,352,0.324,-3.7679,-1326.3,30m,validation,0.6,452
1.5,1.5,352,0.247,-5.1488,-1812.37,30m,validation,0.6,452
1.5,2.0,352,0.196,-6.3214,-2225.12,30m,validation,0.6,452
2.0,0.25,352,0.523,-0.5485,-193.09,30m,validation,0.6,452
2.0,0.5,352,0.455,-1.82,-640.63,30m,validation,0.6,452
2.0,0.75,352,0.401,-2.7948,-983.78,30m,validation,0.6,452
2.0,1.0,352,0.369,-3.6211,-1274.62,30m,validation,0.6,452
2.0,1.5,352,0.284,-5.0146,-1765.15,30m,validation,0.6,452
2.0,2.0,352,0.227,-6.1947,-2180.54,30m,validation,0.6,452
2.5,0.25,352,0.517,-0.4677,-164.64,30m,validation,0.6,452
2.5,0.5,352,0.455,-1.7744,-624.57,30m,validation,0.6,452
2.5,0.75,352,0.415,-2.762,-972.22,30m,validation,0.6,452
2.5,1.0,352,0.384,-3.5955,-1265.6,30m,validation,0.6,452
2.5,1.5,352,0.298,-4.9973,-1759.04,30m,validation,0.6,452
2.5,2.0,352,0.247,-6.1821,-2176.09,30m,validation,0.6,452
3.0,0.25,352,0.511,-0.3849,-135.48,30m,validation,0.6,452
3.0,0.5,352,0.44,-1.7325,-609.84,30m,validation,0.6,452
3.0,0.75,352,0.406,-2.7261,-959.58,30m,validation,0.6,452
3.0,1.0,352,0.384,-3.5614,-1253.63,30m,validation,0.6,452
3.0,1.5,352,0.312,-4.9644,-1747.46,30m,validation,0.6,452
3.0,2.0,352,0.264,-6.1494,-2164.58,30m,validation,0.6,452
3.5,0.25,352,0.494,-0.0253,-8.92,30m,validation,0.6,452
3.5,0.5,352,0.423,-1.3889,-488.9,30m,validation,0.6,452
3.5,0.75,352,0.403,-2.408,-847.62,30m,validation,0.6,452
3.5,1.0,352,0.384,-3.252,-1144.71,30m,validation,0.6,452
3.5,1.5,352,0.338,-4.6634,-1641.51,30m,validation,0.6,452
3.5,2.0,352,0.295,-5.853,-2060.27,30m,validation,0.6,452
4.0,0.25,352,0.477,-0.1648,-58.02,30m,validation,0.6,452
4.0,0.5,352,0.398,-1.5449,-543.81,30m,validation,0.6,452
4.0,0.75,352,0.384,-2.5858,-910.2,30m,validation,0.6,452
4.0,1.0,352,0.361,-3.4422,-1211.65,30m,validation,0.6,452
4.0,1.5,352,0.327,-4.8681,-1713.56,30m,validation,0.6,452
4.0,2.0,352,0.295,-6.0665,-2135.39,30m,validation,0.6,452
4.5,0.25,352,0.466,-0.3714,-130.72,30m,validation,0.6,452
4.5,0.5,352,0.381,-1.778,-625.84,30m,validation,0.6,452
4.5,0.75,352,0.366,-2.8462,-1001.85,30m,validation,0.6,452
4.5,1.0,352,0.344,-3.7179,-1308.7,30m,validation,0.6,452
4.5,1.5,352,0.307,-5.1591,-1816.01,30m,validation,0.6,452
4.5,2.0,352,0.278,-6.3654,-2240.61,30m,validation,0.6,452
5.0,0.25,352,0.46,-0.1767,-62.2,30m,validation,0.6,452
5.0,0.5,352,0.372,-1.6306,-573.97,30m,validation,0.6,452
5.0,0.75,352,0.355,-2.7146,-955.56,30m,validation,0.6,452
5.0,1.0,352,0.335,-3.599,-1266.84,30m,validation,0.6,452
5.0,1.5,352,0.301,-5.0555,-1779.55,30m,validation,0.6,452
5.0,2.0,352,0.278,-6.2711,-2207.42,30m,validation,0.6,452
1.5,0.25,352,0.531,-0.7724,-271.87,30m,validation,0.625,452
1.5,0.5,352,0.435,-1.9896,-700.35,30m,validation,0.625,452
1.5,0.75,352,0.375,-2.9445,-1036.47,30m,validation,0.625,452
1.5,1.0,352,0.332,-3.7593,-1323.29,30m,validation,0.625,452
1.5,1.5,352,0.244,-5.1396,-1809.15,30m,validation,0.625,452
1.5,2.0,352,0.193,-6.3119,-2221.78,30m,validation,0.625,452
2.0,0.25,352,0.52,-0.5804,-204.29,30m,validation,0.625,452
2.0,0.5,352,0.455,-1.8352,-646.0,30m,validation,0.625,452
2.0,0.75,352,0.401,-2.8052,-987.42,30m,validation,0.625,452
2.0,1.0,352,0.372,-3.6288,-1277.33,30m,validation,0.625,452
2.0,1.5,352,0.278,-5.0194,-1766.82,30m,validation,0.625,452
2.0,2.0,352,0.227,-6.1978,-2181.61,30m,validation,0.625,452
2.5,0.25,352,0.514,-0.456,-160.52,30m,validation,0.625,452
2.5,0.5,352,0.457,-1.7651,-621.32,30m,validation,0.625,452
2.5,0.75,352,0.423,-2.7532,-969.14,30m,validation,0.625,452
2.5,1.0,352,0.389,-3.5869,-1262.6,30m,validation,0.625,452
2.5,1.5,352,0.301,-4.989,-1756.12,30m,validation,0.625,452
2.5,2.0,352,0.253,-6.174,-2173.24,30m,validation,0.625,452
3.0,0.25,352,0.511,-0.4326,-152.28,30m,validation,0.625,452
3.0,0.5,352,0.446,-1.7503,-616.11,30m,validation,0.625,452
3.0,0.75,352,0.418,-2.7386,-964.0,30m,validation,0.625,452
3.0,1.0,352,0.395,-3.5718,-1257.27,30m,validation,0.625,452
3.0,1.5,352,0.315,-4.9727,-1750.38,30m,validation,0.625,452
3.0,2.0,352,0.27,-6.1567,-2167.17,30m,validation,0.625,452
3.5,0.25,352,0.5,0.0508,17.89,30m,validation,0.625,452
3.5,0.5,352,0.435,-1.2873,-453.12,30m,validation,0.625,452
3.5,0.75,352,0.415,-2.2983,-809.01,30m,validation,0.625,452
3.5,1.0,352,0.392,-3.1374,-1104.38,30m,validation,0.625,452
3.5,1.5,352,0.341,-4.5432,-1599.19,30m,validation,0.625,452
3.5,2.0,352,0.301,-5.7295,-2016.78,30m,validation,0.625,452
4.0,0.25,352,0.486,0.0824,29.0,30m,validation,0.625,452
4.0,0.5,352,0.412,-1.3239,-466.0,30m,validation,0.625,452
4.0,0.75,352,0.395,-2.3665,-833.01,30m,validation,0.625,452
4.0,1.0,352,0.378,-3.2233,-1134.61,30m,validation,0.625,452
4.0,1.5,352,0.341,-4.6493,-1636.56,30m,validation,0.625,452
4.0,2.0,352,0.31,-5.8475,-2058.33,30m,validation,0.625,452
4.5,0.25,352,0.469,-0.2814,-99.05,30m,validation,0.625,452
4.5,0.5,352,0.392,-1.6191,-569.92,30m,validation,0.625,452
4.5,0.75,352,0.375,-2.6874,-945.97,30m,validation,0.625,452
4.5,1.0,352,0.355,-3.5599,-1253.1,30m,validation,0.625,452
4.5,1.5,352,0.315,-5.0022,-1760.78,30m,validation,0.625,452
4.5,2.0,352,0.29,-6.2092,-2185.63,30m,validation,0.625,452
5.0,0.25,352,0.46,-0.1516,-53.37,30m,validation,0.625,452
5.0,0.5,352,0.378,-1.5717,-553.26,30m,validation,0.625,452
5.0,0.75,352,0.358,-2.6545,-934.38,30m,validation,0.625,452
5.0,1.0,352,0.341,-3.5382,-1245.46,30m,validation,0.625,452
5.0,1.5,352,0.304,-4.9942,-1757.97,30m,validation,0.625,452
5.0,2.0,352,0.284,-6.2095,-2185.73,30m,validation,0.625,452
1.5,0.25,351,0.533,-0.7666,-269.06,30m,validation,0.65,452
1.5,0.5,351,0.442,-1.9816,-695.53,30m,validation,0.65,452
1.5,0.75,351,0.376,-2.9345,-1030.01,30m,validation,0.65,452
1.5,1.0,351,0.328,-3.7477,-1315.45,30m,validation,0.65,452
1.5,1.5,351,0.239,-5.1254,-1799.02,30m,validation,0.65,452
1.5,2.0,351,0.179,-6.2956,-2209.75,30m,validation,0.65,452
2.0,0.25,351,0.516,-0.6077,-213.29,30m,validation,0.65,452
2.0,0.5,351,0.45,-1.8512,-649.78,30m,validation,0.65,452
2.0,0.75,351,0.399,-2.8161,-988.43,30m,validation,0.65,452
2.0,1.0,351,0.365,-3.6363,-1276.33,30m,validation,0.65,452
2.0,1.5,351,0.279,-5.0222,-1762.8,30m,validation,0.65,452
2.0,2.0,351,0.219,-6.1974,-2175.27,30m,validation,0.65,452
2.5,0.25,351,0.51,-0.5819,-204.26,30m,validation,0.65,452
2.5,0.5,351,0.453,-1.8817,-660.48,30m,validation,0.65,452
2.5,0.75,351,0.41,-2.8653,-1005.72,30m,validation,0.65,452
2.5,1.0,351,0.37,-3.6959,-1297.25,30m,validation,0.65,452
2.5,1.5,351,0.288,-5.0935,-1787.83,30m,validation,0.65,452
2.5,2.0,351,0.231,-6.2754,-2202.66,30m,validation,0.65,452
3.0,0.25,351,0.507,-0.3729,-130.89,30m,validation,0.65,452
3.0,0.5,351,0.447,-1.7083,-599.6,30m,validation,0.65,452
3.0,0.75,351,0.413,-2.7044,-949.26,30m,validation,0.65,452
3.0,1.0,351,0.39,-3.5419,-1243.22,30m,validation,0.65,452
3.0,1.5,351,0.311,-4.9474,-1736.55,30m,validation,0.65,452
3.0,2.0,351,0.256,-6.1338,-2152.96,30m,validation,0.65,452
3.5,0.25,351,0.493,-0.119,-41.77,30m,validation,0.65,452
3.5,0.5,351,0.433,-1.4384,-504.86,30m,validation,0.65,452
3.5,0.75,351,0.413,-2.4246,-851.03,30m,validation,0.65,452
3.5,1.0,351,0.393,-3.2559,-1142.81,30m,validation,0.65,452
3.5,1.5,351,0.342,-4.6538,-1633.5,30m,validation,0.65,452
3.5,2.0,351,0.293,-5.8358,-2048.36,30m,validation,0.65,452
4.0,0.25,351,0.481,0.0362,12.69,30m,validation,0.65,452
4.0,0.5,351,0.413,-1.337,-469.3,30m,validation,0.65,452
4.0,0.75,351,0.396,-2.3709,-832.18,30m,validation,0.65,452
4.0,1.0,351,0.382,-3.2226,-1131.12,30m,validation,0.65,452
4.0,1.5,351,0.342,-4.6424,-1629.47,30m,validation,0.65,452
4.0,2.0,351,0.305,-5.8366,-2048.66,30m,validation,0.65,452
4.5,0.25,351,0.464,-0.2758,-96.79,30m,validation,0.65,452
4.5,0.5,351,0.393,-1.5994,-561.4,30m,validation,0.65,452
4.5,0.75,351,0.376,-2.6331,-924.23,30m,validation,0.65,452
4.5,1.0,351,0.359,-3.486,-1223.6,30m,validation,0.65,452
4.5,1.5,351,0.322,-4.9076,-1722.58,30m,validation,0.65,452
4.5,2.0,351,0.296,-6.1031,-2142.19,30m,validation,0.65,452
5.0,0.25,351,0.453,-0.2296,-80.58,30m,validation,0.65,452
5.0,0.5,351,0.376,-1.6833,-590.85,30m,validation,0.65,452
5.0,0.75,351,0.356,-2.7759,-974.36,30m,validation,0.65,452
5.0,1.0,351,0.342,-3.6614,-1285.14,30m,validation,0.65,452
5.0,1.5,351,0.305,-5.1179,-1796.37,30m,validation,0.65,452
5.0,2.0,351,0.282,-6.3327,-2222.79,30m,validation,0.65,452
1.5,0.25,348,0.532,-0.7962,-277.06,30m,validation,0.675,452
1.5,0.5,348,0.443,-2.0131,-700.57,30m,validation,0.675,452
1.5,0.75,348,0.368,-2.9681,-1032.89,30m,validation,0.675,452
1.5,1.0,348,0.325,-3.783,-1316.48,30m,validation,0.675,452
1.5,1.5,348,0.241,-5.1634,-1796.88,30m,validation,0.675,452
1.5,2.0,348,0.181,-6.3359,-2204.89,30m,validation,0.675,452
2.0,0.25,348,0.517,-0.6115,-212.81,30m,validation,0.675,452
2.0,0.5,348,0.457,-1.8572,-646.3,30m,validation,0.675,452
2.0,0.75,348,0.397,-2.8239,-982.73,30m,validation,0.675,452
2.0,1.0,348,0.359,-3.6458,-1268.72,30m,validation,0.675,452
2.0,1.5,348,0.276,-5.0344,-1751.97,30m,validation,0.675,452
2.0,2.0,348,0.207,-6.2118,-2161.7,30m,validation,0.675,452
2.5,0.25,348,0.511,-0.5383,-187.33,30m,validation,0.675,452
2.5,0.5,348,0.463,-1.8167,-632.22,30m,validation,0.675,452
2.5,0.75,348,0.417,-2.7947,-972.55,30m,validation,0.675,452
2.5,1.0,348,0.382,-3.6228,-1260.73,30m,validation,0.675,452
2.5,1.5,348,0.305,-5.0185,-1746.45,30m,validation,0.675,452
2.5,2.0,348,0.233,-6.2,-2157.6,30m,validation,0.675,452
3.0,0.25,348,0.509,-0.3722,-129.54,30m,validation,0.675,452
3.0,0.5,348,0.454,-1.7065,-593.85,30m,validation,0.675,452
3.0,0.75,348,0.417,-2.7052,-941.43,30m,validation,0.675,452
3.0,1.0,348,0.391,-3.5451,-1233.7,30m,validation,0.675,452
3.0,1.5,348,0.319,-4.9544,-1724.14,30m,validation,0.675,452
3.0,2.0,348,0.256,-6.1438,-2138.03,30m,validation,0.675,452
3.5,0.25,348,0.497,-0.1604,-55.83,30m,validation,0.675,452
3.5,0.5,348,0.44,-1.4846,-516.66,30m,validation,0.675,452
3.5,0.75,348,0.414,-2.4733,-860.72,30m,validation,0.675,452
3.5,1.0,348,0.394,-3.3064,-1150.64,30m,validation,0.675,452
3.5,1.5,348,0.348,-4.7072,-1638.09,30m,validation,0.675,452
3.5,2.0,348,0.29,-5.8913,-2050.16,30m,validation,0.675,452
4.0,0.25,348,0.483,0.1066,37.1,30m,validation,0.675,452
4.0,0.5,348,0.425,-1.2245,-426.11,30m,validation,0.675,452
4.0,0.75,348,0.405,-2.2411,-779.9,30m,validation,0.675,452
4.0,1.0,348,0.391,-3.0837,-1073.11,30m,validation,0.675,452
4.0,1.5,348,0.351,-4.4939,-1563.89,30m,validation,0.675,452
4.0,2.0,348,0.307,-5.6833,-1977.79,30m,validation,0.675,452
4.5,0.25,348,0.471,-0.0602,-20.95,30m,validation,0.675,452
4.5,0.5,348,0.405,-1.4212,-494.56,30m,validation,0.675,452
4.5,0.75,348,0.382,-2.46,-856.08,30m,validation,0.675,452
4.5,1.0,348,0.365,-3.3147,-1153.53,30m,validation,0.675,452
4.5,1.5,348,0.325,-4.7388,-1649.1,30m,validation,0.675,452
4.5,2.0,348,0.302,-5.9362,-2065.79,30m,validation,0.675,452
5.0,0.25,348,0.463,-0.1234,-42.94,30m,validation,0.675,452
5.0,0.5,348,0.388,-1.5663,-545.08,30m,validation,0.675,452
5.0,0.75,348,0.362,-2.6576,-924.83,30m,validation,0.675,452
5.0,1.0,348,0.348,-3.5423,-1232.72,30m,validation,0.675,452
5.0,1.5,348,0.31,-4.9987,-1739.54,30m,validation,0.675,452
5.0,2.0,348,0.29,-6.2141,-2162.49,30m,validation,0.675,452
1.5,0.25,346,0.538,-0.6887,-238.29,30m,validation,0.7,452
1.5,0.5,346,0.445,-1.903,-658.42,30m,validation,0.7,452
1.5,0.75,346,0.376,-2.8569,-988.49,30m,validation,0.7,452
1.5,1.0,346,0.324,-3.6714,-1270.3,30m,validation,0.7,452
1.5,1.5,346,0.246,-5.0517,-1747.88,30m,validation,0.7,452
1.5,2.0,346,0.185,-6.2243,-2153.62,30m,validation,0.7,452
2.0,0.25,346,0.538,-0.4668,-161.51,30m,validation,0.7,452
2.0,0.5,346,0.471,-1.7022,-588.95,30m,validation,0.7,452
2.0,0.75,346,0.416,-2.6646,-921.96,30m,validation,0.7,452
2.0,1.0,346,0.367,-3.484,-1205.48,30m,validation,0.7,452
2.0,1.5,346,0.269,-4.8701,-1685.05,30m,validation,0.7,452
2.0,2.0,346,0.202,-6.0461,-2091.95,30m,validation,0.7,452
2.5,0.25,346,0.529,-0.3646,-126.15,30m,validation,0.7,452
2.5,0.5,346,0.471,-1.6337,-565.25,30m,validation,0.7,452
2.5,0.75,346,0.428,-2.608,-902.36,30m,validation,0.7,452
2.5,1.0,346,0.384,-3.4341,-1188.21,30m,validation,0.7,452
2.5,1.5,346,0.306,-4.8279,-1670.47,30m,validation,0.7,452
2.5,2.0,346,0.234,-6.0086,-2078.96,30m,validation,0.7,452
3.0,0.25,346,0.526,-0.204,-70.59,30m,validation,0.7,452
3.0,0.5,346,0.465,-1.5179,-525.21,30m,validation,0.7,452
3.0,0.75,346,0.431,-2.5087,-868.01,30m,validation,0.7,452
3.0,1.0,346,0.396,-3.3441,-1157.07,30m,validation,0.7,452
3.0,1.5,346,0.318,-4.7485,-1642.98,30m,validation,0.7,452
3.0,2.0,346,0.263,-5.9352,-2053.58,30m,validation,0.7,452
3.5,0.25,346,0.512,-0.1459,-50.48,30m,validation,0.7,452
3.5,0.5,346,0.445,-1.4928,-516.5,30m,validation,0.7,452
3.5,0.75,346,0.419,-2.4917,-862.13,30m,validation,0.7,452
3.5,1.0,346,0.39,-3.3311,-1152.56,30m,validation,0.7,452
3.5,1.5,346,0.347,-4.7395,-1639.88,30m,validation,0.7,452
3.5,2.0,346,0.292,-5.9284,-2051.24,30m,validation,0.7,452
4.0,0.25,346,0.497,0.1263,43.71,30m,validation,0.7,452
4.0,0.5,346,0.431,-1.2063,-417.37,30m,validation,0.7,452
4.0,0.75,346,0.413,-2.2009,-761.53,30m,validation,0.7,452
4.0,1.0,346,0.393,-3.0378,-1051.1,30m,validation,0.7,452
4.0,1.5,346,0.358,-4.4436,-1537.47,30m,validation,0.7,452
4.0,2.0,346,0.309,-5.631,-1948.34,30m,validation,0.7,452
4.5,0.25,346,0.486,0.0639,22.11,30m,validation,0.7,452
4.5,0.5,346,0.413,-1.2883,-445.77,30m,validation,0.7,452
4.5,0.75,346,0.393,-2.3275,-805.32,30m,validation,0.7,452
4.5,1.0,346,0.37,-3.1823,-1101.06,30m,validation,0.7,452
4.5,1.5,346,0.332,-4.6065,-1593.84,30m,validation,0.7,452
4.5,2.0,346,0.306,-5.8041,-2008.21,30m,validation,0.7,452
5.0,0.25,346,0.48,0.0079,2.73,30m,validation,0.7,452
5.0,0.5,346,0.399,-1.3499,-467.05,30m,validation,0.7,452
5.0,0.75,346,0.376,-2.4244,-838.85,30m,validation,0.7,452
5.0,1.0,346,0.355,-3.3002,-1141.88,30m,validation,0.7,452
5.0,1.5,346,0.321,-4.7471,-1642.51,30m,validation,0.7,452
5.0,2.0,346,0.298,-5.9575,-2061.28,30m,validation,0.7,452
1.5,0.25,288,0.59,-0.5546,-159.73,30m,holdout,0.3,368
1.5,0.5,288,0.483,-2.0361,-586.38,30m,holdout,0.3,368
1.5,0.75,288,0.413,-3.0005,-864.13,30m,holdout,0.3,368
1.5,1.0,288,0.323,-3.9359,-1133.55,30m,holdout,0.3,368
1.5,1.5,288,0.247,-5.1218,-1475.07,30m,holdout,0.3,368
1.5,2.0,288,0.215,-6.2263,-1793.18,30m,holdout,0.3,368
2.0,0.25,288,0.583,0.0777,22.37,30m,holdout,0.3,368
2.0,0.5,288,0.51,-1.4563,-419.42,30m,holdout,0.3,368
2.0,0.75,288,0.441,-2.4817,-714.74,30m,holdout,0.3,368
2.0,1.0,288,0.372,-3.4468,-992.68,30m,holdout,0.3,368
2.0,1.5,288,0.299,-4.6635,-1343.09,30m,holdout,0.3,368
2.0,2.0,288,0.257,-5.785,-1666.09,30m,holdout,0.3,368
2.5,0.25,288,0.562,0.4013,115.57,30m,holdout,0.3,368
2.5,0.5,288,0.486,-1.2501,-360.02,30m,holdout,0.3,368
2.5,0.75,288,0.434,-2.341,-674.2,30m,holdout,0.3,368
2.5,1.0,288,0.378,-3.3628,-968.47,30m,holdout,0.3,368
2.5,1.5,288,0.309,-4.626,-1332.28,30m,holdout,0.3,368
2.5,2.0,288,0.271,-5.7672,-1660.95,30m,holdout,0.3,368
3.0,0.25,288,0.542,0.6052,174.29,30m,holdout,0.3,368
3.0,0.5,288,0.469,-1.0872,-313.12,30m,holdout,0.3,368
3.0,0.75,288,0.399,-2.2283,-641.75,30m,holdout,0.3,368
3.0,1.0,288,0.365,-3.258,-938.29,30m,holdout,0.3,368
3.0,1.5,288,0.326,-4.5308,-1304.88,30m,holdout,0.3,368
3.0,2.0,288,0.306,-5.6764,-1634.81,30m,holdout,0.3,368
3.5,0.25,288,0.542,0.8999,259.18,30m,holdout,0.3,368
3.5,0.5,288,0.462,-0.7257,-208.99,30m,holdout,0.3,368
3.5,0.75,288,0.389,-1.8569,-534.78,30m,holdout,0.3,368
3.5,1.0,288,0.365,-2.8835,-830.43,30m,holdout,0.3,368
3.5,1.5,288,0.333,-4.1504,-1195.32,30m,holdout,0.3,368
3.5,2.0,288,0.309,-5.2923,-1524.17,30m,holdout,0.3,368
4.0,0.25,288,0.535,1.2187,350.99,30m,holdout,0.3,368
4.0,0.5,288,0.451,-0.3587,-103.31,30m,holdout,0.3,368
4.0,0.75,288,0.385,-1.4758,-425.03,30m,holdout,0.3,368
4.0,1.0,288,0.361,-2.4993,-719.79,30m,holdout,0.3,368
4.0,1.5,288,0.33,-3.7582,-1082.36,30m,holdout,0.3,368
4.0,2.0,288,0.312,-4.8875,-1407.61,30m,holdout,0.3,368
4.5,0.25,288,0.528,1.3237,381.23,30m,holdout,0.3,368
4.5,0.5,288,0.448,-0.3152,-90.78,30m,holdout,0.3,368
4.5,0.75,288,0.375,-1.4253,-410.48,30m,holdout,0.3,368
4.5,1.0,288,0.347,-2.5323,-729.3,30m,holdout,0.3,368
4.5,1.5,288,0.309,-3.8236,-1101.2,30m,holdout,0.3,368
4.5,2.0,288,0.295,-5.0062,-1441.8,30m,holdout,0.3,368
5.0,0.25,288,0.531,1.5483,445.91,30m,holdout,0.3,368
5.0,0.5,288,0.448,0.1233,35.52,30m,holdout,0.3,368
5.0,0.75,288,0.378,-1.0162,-292.66,30m,holdout,0.3,368
5.0,1.0,288,0.354,-2.1697,-624.88,30m,holdout,0.3,368
5.0,1.5,288,0.299,-3.5013,-1008.37,30m,holdout,0.3,368
5.0,2.0,288,0.281,-4.7042,-1354.8,30m,holdout,0.3,368
1.5,0.25,288,0.587,-0.648,-186.61,30m,holdout,0.325,368
1.5,0.5,288,0.476,-2.091,-602.19,30m,holdout,0.325,368
1.5,0.75,288,0.406,-3.0676,-883.46,30m,holdout,0.325,368
1.5,1.0,288,0.316,-4.0279,-1160.03,30m,holdout,0.325,368
1.5,1.5,288,0.247,-5.1645,-1487.38,30m,holdout,0.325,368
1.5,2.0,288,0.215,-6.2668,-1804.83,30m,holdout,0.325,368
2.0,0.25,288,0.583,-0.0513,-14.78,30m,holdout,0.325,368
2.0,0.5,288,0.507,-1.558,-448.71,30m,holdout,0.325,368
2.0,0.75,288,0.438,-2.5511,-734.71,30m,holdout,0.325,368
2.0,1.0,288,0.365,-3.5298,-1016.59,30m,holdout,0.325,368
2.0,1.5,288,0.288,-4.6886,-1350.31,30m,holdout,0.325,368
2.0,2.0,288,0.247,-5.8037,-1671.47,30m,holdout,0.325,368
2.5,0.25,288,0.562,0.1788,51.49,30m,holdout,0.325,368
2.5,0.5,288,0.483,-1.4383,-414.24,30m,holdout,0.325,368
2.5,0.75,288,0.434,-2.5146,-724.2,30m,holdout,0.325,368
2.5,1.0,288,0.372,-3.5554,-1023.94,30m,holdout,0.325,368
2.5,1.5,288,0.309,-4.7645,-1372.18,30m,holdout,0.325,368
2.5,2.0,288,0.267,-5.9009,-1699.47,30m,holdout,0.325,368
3.0,0.25,288,0.542,0.438,126.15,30m,holdout,0.325,368
3.0,0.5,288,0.465,-1.2485,-359.58,30m,holdout,0.325,368
3.0,0.75,288,0.399,-2.3469,-675.92,30m,holdout,0.325,368
3.0,1.0,288,0.354,-3.4,-979.2,30m,holdout,0.325,368
3.0,1.5,288,0.323,-4.6278,-1332.82,30m,holdout,0.325,368
3.0,2.0,288,0.299,-5.7753,-1663.3,30m,holdout,0.325,368
3.5,0.25,288,0.542,0.779,224.35,30m,holdout,0.325,368
3.5,0.5,288,0.458,-0.8626,-248.43,30m,holdout,0.325,368
3.5,0.75,288,0.385,-2.0209,-582.02,30m,holdout,0.325,368
3.5,1.0,288,0.354,-3.0871,-889.08,30m,holdout,0.325,368
3.5,1.5,288,0.33,-4.3213,-1244.53,30m,holdout,0.325,368
3.5,2.0,288,0.306,-5.4699,-1575.32,30m,holdout,0.325,368
4.0,0.25,288,0.535,1.1195,322.41,30m,holdout,0.325,368
4.0,0.5,288,0.451,-0.427,-122.98,30m,holdout,0.325,368
4.0,0.75,288,0.385,-1.5796,-454.92,30m,holdout,0.325,368
4.0,1.0,288,0.358,-2.6435,-761.33,30m,holdout,0.325,368
4.0,1.5,288,0.33,-3.8744,-1115.83,30m,holdout,0.325,368
4.0,2.0,288,0.312,-5.0211,-1446.08,30m,holdout,0.325,368
4.5,0.25,288,0.528,1.2367,356.17,30m,holdout,0.325,368
4.5,0.5,288,0.448,-0.3552,-102.29,30m,holdout,0.325,368
4.5,0.75,288,0.375,-1.4194,-408.79,30m,holdout,0.325,368
4.5,1.0,288,0.344,-2.532,-729.22,30m,holdout,0.325,368
4.5,1.5,288,0.312,-3.7613,-1083.25,30m,holdout,0.325,368
4.5,2.0,288,0.299,-4.9312,-1420.17,30m,holdout,0.325,368
5.0,0.25,288,0.531,1.4738,424.46,30m,holdout,0.325,368
5.0,0.5,288,0.448,0.1243,35.79,30m,holdout,0.325,368
5.0,0.75,288,0.378,-1.0238,-294.87,30m,holdout,0.325,368
5.0,1.0,288,0.351,-2.2019,-634.15,30m,holdout,0.325,368
5.0,1.5,288,0.302,-3.487,-1004.26,30m,holdout,0.325,368
5.0,2.0,288,0.281,-4.6836,-1348.89,30m,holdout,0.325,368
1.5,0.25,288,0.58,-0.8544,-246.07,30m,holdout,0.35,368
1.5,0.5,288,0.476,-2.112,-608.25,30m,holdout,0.35,368
1.5,0.75,288,0.403,-3.0668,-883.24,30m,holdout,0.35,368
1.5,1.0,288,0.323,-4.0122,-1155.52,30m,holdout,0.35,368
1.5,1.5,288,0.24,-5.1648,-1487.46,30m,holdout,0.35,368
1.5,2.0,288,0.208,-6.2615,-1803.3,30m,holdout,0.35,368
2.0,0.25,288,0.58,-0.2901,-83.55,30m,holdout,0.35,368
2.0,0.5,288,0.507,-1.5789,-454.72,30m,holdout,0.35,368
2.0,0.75,288,0.444,-2.5445,-732.82,30m,holdout,0.35,368
2.0,1.0,288,0.375,-3.5002,-1008.06,30m,holdout,0.35,368
2.0,1.5,288,0.288,-4.665,-1343.53,30m,holdout,0.35,368
2.0,2.0,288,0.24,-5.7688,-1661.42,30m,holdout,0.35,368
2.5,0.25,288,0.559,-0.0478,-13.77,30m,holdout,0.35,368
2.5,0.5,288,0.486,-1.3322,-383.67,30m,holdout,0.35,368
2.5,0.75,288,0.438,-2.3766,-684.46,30m,holdout,0.35,368
2.5,1.0,288,0.378,-3.3994,-979.02,30m,holdout,0.35,368
2.5,1.5,288,0.309,-4.621,-1330.84,30m,holdout,0.35,368
2.5,2.0,288,0.264,-5.7498,-1655.94,30m,holdout,0.35,368
3.0,0.25,288,0.545,0.3404,98.02,30m,holdout,0.35,368
3.0,0.5,288,0.476,-1.1485,-330.76,30m,holdout,0.35,368
3.0,0.75,288,0.406,-2.2165,-638.35,30m,holdout,0.35,368
3.0,1.0,288,0.361,-3.2513,-936.38,30m,holdout,0.35,368
3.0,1.5,288,0.326,-4.4908,-1293.35,30m,holdout,0.35,368
3.0,2.0,288,0.299,-5.6301,-1621.47,30m,holdout,0.35,368
3.5,0.25,288,0.538,0.5544,159.66,30m,holdout,0.35,368
3.5,0.5,288,0.462,-0.8943,-257.55,30m,holdout,0.35,368
3.5,0.75,288,0.385,-2.0166,-580.78,30m,holdout,0.35,368
3.5,1.0,288,0.354,-3.0624,-881.98,30m,holdout,0.35,368
3.5,1.5,288,0.323,-4.306,-1240.13,30m,holdout,0.35,368
3.5,2.0,288,0.299,-5.4451,-1568.18,30m,holdout,0.35,368
4.0,0.25,288,0.531,0.9438,271.82,30m,holdout,0.35,368
4.0,0.5,288,0.455,-0.4097,-117.98,30m,holdout,0.35,368
4.0,0.75,288,0.385,-1.5308,-440.87,30m,holdout,0.35,368
4.0,1.0,288,0.365,-2.5767,-742.1,30m,holdout,0.35,368
4.0,1.5,288,0.33,-3.8196,-1100.04,30m,holdout,0.35,368
4.0,2.0,288,0.312,-4.9581,-1427.93,30m,holdout,0.35,368
4.5,0.25,288,0.524,1.063,306.15,30m,holdout,0.35,368
4.5,0.5,288,0.451,-0.3047,-87.75,30m,holdout,0.35,368
4.5,0.75,288,0.375,-1.3353,-384.57,30m,holdout,0.35,368
4.5,1.0,288,0.351,-2.4279,-699.24,30m,holdout,0.35,368
4.5,1.5,288,0.316,-3.6708,-1057.2,30m,holdout,0.35,368
4.5,2.0,288,0.302,-4.8287,-1390.68,30m,holdout,0.35,368
5.0,0.25,288,0.528,1.2797,368.54,30m,holdout,0.35,368
5.0,0.5,288,0.451,0.1489,42.87,30m,holdout,0.35,368
5.0,0.75,288,0.378,-1.0033,-288.96,30m,holdout,0.35,368
5.0,1.0,288,0.358,-2.1373,-615.53,30m,holdout,0.35,368
5.0,1.5,288,0.306,-3.4303,-987.91,30m,holdout,0.35,368
5.0,2.0,288,0.288,-4.614,-1328.82,30m,holdout,0.35,368
1.5,0.25,287,0.578,-0.8936,-256.45,30m,holdout,0.375,368
1.5,0.5,287,0.47,-2.1624,-620.62,30m,holdout,0.375,368
1.5,0.75,287,0.397,-3.1091,-892.33,30m,holdout,0.375,368
1.5,1.0,287,0.328,-4.0246,-1155.06,30m,holdout,0.375,368
1.5,1.5,287,0.237,-5.1951,-1490.99,30m,holdout,0.375,368
1.5,2.0,287,0.199,-6.2872,-1804.43,30m,holdout,0.375,368
2.0,0.25,287,0.578,-0.2872,-82.44,30m,holdout,0.375,368
2.0,0.5,287,0.505,-1.5642,-448.93,30m,holdout,0.375,368
2.0,0.75,287,0.446,-2.5206,-723.42,30m,holdout,0.375,368
2.0,1.0,287,0.376,-3.4463,-989.08,30m,holdout,0.375,368
2.0,1.5,287,0.279,-4.6292,-1328.57,30m,holdout,0.375,368
2.0,2.0,287,0.237,-5.7287,-1644.14,30m,holdout,0.375,368
2.5,0.25,287,0.557,-0.1006,-28.88,30m,holdout,0.375,368
2.5,0.5,287,0.491,-1.3824,-396.74,30m,holdout,0.375,368
2.5,0.75,287,0.443,-2.4228,-695.34,30m,holdout,0.375,368
2.5,1.0,287,0.383,-3.4204,-981.64,30m,holdout,0.375,368
2.5,1.5,287,0.307,-4.6647,-1338.78,30m,holdout,0.375,368
2.5,2.0,287,0.265,-5.7915,-1662.17,30m,holdout,0.375,368
3.0,0.25,287,0.547,0.3159,90.67,30m,holdout,0.375,368
3.0,0.5,287,0.477,-1.1902,-341.59,30m,holdout,0.375,368
3.0,0.75,287,0.408,-2.2716,-651.95,30m,holdout,0.375,368
3.0,1.0,287,0.362,-3.2889,-943.91,30m,holdout,0.375,368
3.0,1.5,287,0.324,-4.5531,-1306.74,30m,holdout,0.375,368
3.0,2.0,287,0.286,-5.6906,-1633.21,30m,holdout,0.375,368
3.5,0.25,287,0.54,0.5994,172.03,30m,holdout,0.375,368
3.5,0.5,287,0.46,-0.8633,-247.78,30m,holdout,0.375,368
3.5,0.75,287,0.383,-1.9947,-572.47,30m,holdout,0.375,368
3.5,1.0,287,0.352,-3.0138,-864.97,30m,holdout,0.375,368
3.5,1.5,287,0.317,-4.2799,-1228.34,30m,holdout,0.375,368
3.5,2.0,287,0.296,-5.4172,-1554.75,30m,holdout,0.375,368
4.0,0.25,287,0.53,0.9495,272.52,30m,holdout,0.375,368
4.0,0.5,287,0.453,-0.4185,-120.11,30m,holdout,0.375,368
4.0,0.75,287,0.383,-1.5243,-437.47,30m,holdout,0.375,368
4.0,1.0,287,0.362,-2.5435,-729.99,30m,holdout,0.375,368
4.0,1.5,287,0.331,-3.8091,-1093.22,30m,holdout,0.375,368
4.0,2.0,287,0.314,-4.9463,-1419.58,30m,holdout,0.375,368
4.5,0.25,287,0.523,1.1239,322.57,30m,holdout,0.375,368
4.5,0.5,287,0.449,-0.2579,-74.01,30m,holdout,0.375,368
4.5,0.75,287,0.373,-1.3155,-377.54,30m,holdout,0.375,368
4.5,1.0,287,0.352,-2.3229,-666.68,30m,holdout,0.375,368
4.5,1.5,287,0.317,-3.5707,-1024.78,30m,holdout,0.375,368
4.5,2.0,287,0.307,-4.6894,-1345.87,30m,holdout,0.375,368
5.0,0.25,287,0.526,1.3147,377.32,30m,holdout,0.375,368
5.0,0.5,287,0.449,0.0841,24.13,30m,holdout,0.375,368
5.0,0.75,287,0.376,-1.087,-311.96,30m,holdout,0.375,368
5.0,1.0,287,0.355,-2.1988,-631.06,30m,holdout,0.375,368
5.0,1.5,287,0.307,-3.5017,-1004.99,30m,holdout,0.375,368
5.0,2.0,287,0.289,-4.6698,-1340.22,30m,holdout,0.375,368
1.5,0.25,287,0.578,-0.8609,-247.09,30m,holdout,0.4,368
1.5,0.5,287,0.47,-2.1193,-608.23,30m,holdout,0.4,368
1.5,0.75,287,0.404,-3.0619,-878.76,30m,holdout,0.4,368
1.5,1.0,287,0.338,-3.9572,-1135.71,30m,holdout,0.4,368
1.5,1.5,287,0.233,-5.1427,-1475.96,30m,holdout,0.4,368
1.5,2.0,287,0.202,-6.2341,-1789.19,30m,holdout,0.4,368
2.0,0.25,287,0.578,-0.3081,-88.41,30m,holdout,0.4,368
2.0,0.5,287,0.502,-1.5588,-447.37,30m,holdout,0.4,368
2.0,0.75,287,0.449,-2.5125,-721.09,30m,holdout,0.4,368
2.0,1.0,287,0.38,-3.4193,-981.35,30m,holdout,0.4,368
2.0,1.5,287,0.275,-4.6194,-1325.77,30m,holdout,0.4,368
2.0,2.0,287,0.237,-5.7187,-1641.27,30m,holdout,0.4,368
2.5,0.25,287,0.554,-0.0458,-13.14,30m,holdout,0.4,368
2.5,0.5,287,0.488,-1.298,-372.51,30m,holdout,0.4,368
2.5,0.75,287,0.446,-2.3071,-662.12,30m,holdout,0.4,368
2.5,1.0,287,0.387,-3.2363,-928.81,30m,holdout,0.4,368
2.5,1.5,287,0.307,-4.458,-1279.46,30m,holdout,0.4,368
2.5,2.0,287,0.275,-5.5689,-1598.29,30m,holdout,0.4,368
3.0,0.25,287,0.544,0.1954,56.08,30m,holdout,0.4,368
3.0,0.5,287,0.47,-1.2399,-355.84,30m,holdout,0.4,368
3.0,0.75,287,0.415,-2.3056,-661.71,30m,holdout,0.4,368
3.0,1.0,287,0.366,-3.2998,-947.04,30m,holdout,0.4,368
3.0,1.5,287,0.324,-4.576,-1313.3,30m,holdout,0.4,368
3.0,2.0,287,0.289,-5.7102,-1638.82,30m,holdout,0.4,368
3.5,0.25,287,0.537,0.5829,167.3,30m,holdout,0.4,368
3.5,0.5,287,0.456,-0.8568,-245.91,30m,holdout,0.4,368
3.5,0.75,287,0.39,-1.9776,-567.57,30m,holdout,0.4,368
3.5,1.0,287,0.352,-2.9753,-853.92,30m,holdout,0.4,368
3.5,1.5,287,0.321,-4.2544,-1221.02,30m,holdout,0.4,368
3.5,2.0,287,0.3,-5.3886,-1546.54,30m,holdout,0.4,368
4.0,0.25,287,0.53,0.8159,234.17,30m,holdout,0.4,368
4.0,0.5,287,0.449,-0.53,-152.11,30m,holdout,0.4,368
4.0,0.75,287,0.383,-1.6267,-466.86,30m,holdout,0.4,368
4.0,1.0,287,0.355,-2.6248,-753.32,30m,holdout,0.4,368
4.0,1.5,287,0.324,-3.9032,-1120.21,30m,holdout,0.4,368
4.0,2.0,287,0.307,-5.0368,-1445.57,30m,holdout,0.4,368
4.5,0.25,287,0.519,1.0715,307.52,30m,holdout,0.4,368
4.5,0.5,287,0.446,-0.2768,-79.45,30m,holdout,0.4,368
4.5,0.75,287,0.373,-1.359,-390.03,30m,holdout,0.4,368
4.5,1.0,287,0.352,-2.3485,-674.01,30m,holdout,0.4,368
4.5,1.5,287,0.321,-3.6045,-1034.49,30m,holdout,0.4,368
4.5,2.0,287,0.31,-4.7159,-1353.47,30m,holdout,0.4,368
5.0,0.25,287,0.523,1.3007,373.3,30m,holdout,0.4,368
5.0,0.5,287,0.446,0.0361,10.35,30m,holdout,0.4,368
5.0,0.75,287,0.376,-1.0135,-290.88,30m,holdout,0.4,368
5.0,1.0,287,0.355,-2.0673,-593.32,30m,holdout,0.4,368
5.0,1.5,287,0.317,-3.3575,-963.59,30m,holdout,0.4,368
5.0,2.0,287,0.3,-4.5061,-1293.25,30m,holdout,0.4,368
1.5,0.25,287,0.575,-0.8666,-248.71,30m,holdout,0.425,368
1.5,0.5,287,0.47,-2.1206,-608.61,30m,holdout,0.425,368
1.5,0.75,287,0.394,-3.0609,-878.47,30m,holdout,0.425,368
1.5,1.0,287,0.338,-3.9295,-1127.77,30m,holdout,0.425,368
1.5,1.5,287,0.233,-5.1385,-1474.75,30m,holdout,0.425,368
1.5,2.0,287,0.195,-6.2286,-1787.6,30m,holdout,0.425,368
2.0,0.25,287,0.578,-0.3671,-105.35,30m,holdout,0.425,368
2.0,0.5,287,0.505,-1.6763,-481.11,30m,holdout,0.425,368
2.0,0.75,287,0.453,-2.649,-760.26,30m,holdout,0.425,368
2.0,1.0,287,0.39,-3.5362,-1014.89,30m,holdout,0.425,368
2.0,1.5,287,0.279,-4.7667,-1368.05,30m,holdout,0.425,368
2.0,2.0,287,0.233,-5.8688,-1684.35,30m,holdout,0.425,368
2.5,0.25,287,0.557,-0.0321,-9.2,30m,holdout,0.425,368
2.5,0.5,287,0.491,-1.3052,-374.6,30m,holdout,0.425,368
2.5,0.75,287,0.446,-2.3159,-664.67,30m,holdout,0.425,368
2.5,1.0,287,0.387,-3.222,-924.71,30m,holdout,0.425,368
2.5,1.5,287,0.3,-4.4719,-1283.45,30m,holdout,0.425,368
2.5,2.0,287,0.265,-5.5848,-1602.83,30m,holdout,0.425,368
3.0,0.25,287,0.547,0.2597,74.53,30m,holdout,0.425,368
3.0,0.5,287,0.474,-1.2129,-348.1,30m,holdout,0.425,368
3.0,0.75,287,0.422,-2.2875,-656.52,30m,holdout,0.425,368
3.0,1.0,287,0.373,-3.2577,-934.97,30m,holdout,0.425,368
3.0,1.5,287,0.324,-4.5593,-1308.52,30m,holdout,0.425,368
3.0,2.0,287,0.286,-5.6932,-1633.95,30m,holdout,0.425,368
3.5,0.25,287,0.537,0.5637,161.77,30m,holdout,0.425,368
3.5,0.5,287,0.456,-0.8367,-240.14,30m,holdout,0.425,368
3.5,0.75,287,0.394,-1.8705,-536.83,30m,holdout,0.425,368
3.5,1.0,287,0.355,-2.822,-809.91,30m,holdout,0.425,368
3.5,1.5,287,0.324,-4.1069,-1178.67,30m,holdout,0.425,368
3.5,2.0,287,0.307,-5.2309,-1501.26,30m,holdout,0.425,368
4.0,0.25,287,0.53,0.8657,248.44,30m,holdout,0.425,368
4.0,0.5,287,0.449,-0.533,-152.96,30m,holdout,0.425,368
4.0,0.75,287,0.383,-1.6256,-466.55,30m,holdout,0.425,368
4.0,1.0,287,0.355,-2.5953,-744.86,30m,holdout,0.425,368
4.0,1.5,287,0.324,-3.8952,-1117.92,30m,holdout,0.425,368
4.0,2.0,287,0.307,-5.0267,-1442.65,30m,holdout,0.425,368
4.5,0.25,287,0.519,1.0756,308.69,30m,holdout,0.425,368
4.5,0.5,287,0.446,-0.2645,-75.92,30m,holdout,0.425,368
4.5,0.75,287,0.376,-1.3726,-393.95,30m,holdout,0.425,368
4.5,1.0,287,0.359,-2.3518,-674.95,30m,holdout,0.425,368
4.5,1.5,287,0.324,-3.6611,-1050.75,30m,holdout,0.425,368
4.5,2.0,287,0.314,-4.7978,-1376.98,30m,holdout,0.425,368
5.0,0.25,287,0.523,1.3116,376.42,30m,holdout,0.425,368
5.0,0.5,287,0.446,-0.0157,-4.5,30m,holdout,0.425,368
5.0,0.75,287,0.376,-1.077,-309.11,30m,holdout,0.425,368
5.0,1.0,287,0.359,-2.1114,-605.97,30m,holdout,0.425,368
5.0,1.5,287,0.317,-3.435,-985.83,30m,holdout,0.425,368
5.0,2.0,287,0.3,-4.5829,-1315.29,30m,holdout,0.425,368
1.5,0.25,286,0.577,-0.963,-275.43,30m,holdout,0.45,368
1.5,0.5,286,0.465,-2.2013,-629.57,30m,holdout,0.45,368
1.5,0.75,286,0.388,-3.1309,-895.45,30m,holdout,0.45,368
1.5,1.0,286,0.343,-3.9704,-1135.54,30m,holdout,0.45,368
1.5,1.5,286,0.231,-5.2007,-1487.41,30m,holdout,0.45,368
1.5,2.0,286,0.192,-6.289,-1798.67,30m,holdout,0.45,368
2.0,0.25,286,0.584,-0.3011,-86.11,30m,holdout,0.45,368
2.0,0.5,286,0.507,-1.5905,-454.89,30m,holdout,0.45,368
2.0,0.75,286,0.451,-2.5592,-731.92,30m,holdout,0.45,368
2.0,1.0,286,0.395,-3.4193,-977.92,30m,holdout,0.45,368
2.0,1.5,286,0.276,-4.6728,-1336.42,30m,holdout,0.45,368
2.0,2.0,286,0.234,-5.7739,-1651.32,30m,holdout,0.45,368
2.5,0.25,286,0.566,0.0146,4.18,30m,holdout,0.45,368
2.5,0.5,286,0.497,-1.2395,-354.5,30m,holdout,0.45,368
2.5,0.75,286,0.441,-2.2437,-641.69,30m,holdout,0.45,368
2.5,1.0,286,0.388,-3.121,-892.62,30m,holdout,0.45,368
2.5,1.5,286,0.304,-4.3916,-1255.99,30m,holdout,0.45,368
2.5,2.0,286,0.266,-5.5019,-1573.55,30m,holdout,0.45,368
3.0,0.25,286,0.552,0.3124,89.33,30m,holdout,0.45,368
3.0,0.5,286,0.476,-1.1559,-330.57,30m,holdout,0.45,368
3.0,0.75,286,0.423,-2.233,-638.64,30m,holdout,0.45,368
3.0,1.0,286,0.378,-3.1827,-910.25,30m,holdout,0.45,368
3.0,1.5,286,0.318,-4.5143,-1291.1,30m,holdout,0.45,368
3.0,2.0,286,0.28,-5.6513,-1616.26,30m,holdout,0.45,368
3.5,0.25,286,0.545,0.584,167.03,30m,holdout,0.45,368
3.5,0.5,286,0.462,-0.8099,-231.63,30m,holdout,0.45,368
3.5,0.75,286,0.399,-1.8474,-528.34,30m,holdout,0.45,368
3.5,1.0,286,0.364,-2.7823,-795.75,30m,holdout,0.45,368
3.5,1.5,286,0.325,-4.0951,-1171.2,30m,holdout,0.45,368
3.5,2.0,286,0.304,-5.2197,-1492.83,30m,holdout,0.45,368
4.0,0.25,286,0.535,0.8636,246.99,30m,holdout,0.45,368
4.0,0.5,286,0.451,-0.5539,-158.42,30m,holdout,0.45,368
4.0,0.75,286,0.385,-1.6584,-474.29,30m,holdout,0.45,368
4.0,1.0,286,0.357,-2.6124,-747.14,30m,holdout,0.45,368
4.0,1.5,286,0.325,-3.9472,-1128.9,30m,holdout,0.45,368
4.0,2.0,286,0.311,-5.0843,-1454.1,30m,holdout,0.45,368
4.5,0.25,286,0.528,1.1529,329.73,30m,holdout,0.45,368
4.5,0.5,286,0.448,-0.1366,-39.07,30m,holdout,0.45,368
4.5,0.75,286,0.381,-1.2327,-352.54,30m,holdout,0.45,368
4.5,1.0,286,0.364,-2.1832,-624.4,30m,holdout,0.45,368
4.5,1.5,286,0.329,-3.5132,-1004.78,30m,holdout,0.45,368
4.5,2.0,286,0.322,-4.6474,-1329.16,30m,holdout,0.45,368
5.0,0.25,286,0.531,1.3947,398.89,30m,holdout,0.45,368
5.0,0.5,286,0.448,0.0418,11.96,30m,holdout,0.45,368
5.0,0.75,286,0.378,-1.0626,-303.91,30m,holdout,0.45,368
5.0,1.0,286,0.36,-2.026,-579.45,30m,holdout,0.45,368
5.0,1.5,286,0.318,-3.3611,-961.28,30m,holdout,0.45,368
5.0,2.0,286,0.308,-4.4888,-1283.78,30m,holdout,0.45,368
1.5,0.25,285,0.575,-0.9623,-274.25,30m,holdout,0.475,368
1.5,0.5,285,0.467,-2.2024,-627.68,30m,holdout,0.475,368
1.5,0.75,285,0.396,-3.1309,-892.31,30m,holdout,0.475,368
1.5,1.0,285,0.347,-3.9455,-1124.46,30m,holdout,0.475,368
1.5,1.5,285,0.232,-5.2023,-1482.65,30m,holdout,0.475,368
1.5,2.0,285,0.186,-6.2918,-1793.15,30m,holdout,0.475,368
2.0,0.25,285,0.582,-0.3261,-92.93,30m,holdout,0.475,368
2.0,0.5,285,0.498,-1.6461,-469.15,30m,holdout,0.475,368
2.0,0.75,285,0.446,-2.6127,-744.63,30m,holdout,0.475,368
2.0,1.0,285,0.393,-3.4463,-982.2,30m,holdout,0.475,368
2.0,1.5,285,0.267,-4.7237,-1346.25,30m,holdout,0.475,368
2.0,2.0,285,0.218,-5.8243,-1659.93,30m,holdout,0.475,368
2.5,0.25,285,0.561,-0.1005,-28.63,30m,holdout,0.475,368
2.5,0.5,285,0.488,-1.3584,-387.14,30m,holdout,0.475,368
2.5,0.75,285,0.435,-2.3617,-673.09,30m,holdout,0.475,368
2.5,1.0,285,0.382,-3.2086,-914.46,30m,holdout,0.475,368
2.5,1.5,285,0.295,-4.4982,-1281.98,30m,holdout,0.475,368
2.5,2.0,285,0.26,-5.6053,-1597.51,30m,holdout,0.475,368
3.0,0.25,285,0.547,0.2653,75.6,30m,holdout,0.475,368
3.0,0.5,285,0.47,-1.2117,-345.35,30m,holdout,0.475,368
3.0,0.75,285,0.421,-2.2905,-652.81,30m,holdout,0.475,368
3.0,1.0,285,0.375,-3.2149,-916.23,30m,holdout,0.475,368
3.0,1.5,285,0.305,-4.5718,-1302.95,30m,holdout,0.475,368
3.0,2.0,285,0.277,-5.7089,-1627.03,30m,holdout,0.475,368
3.5,0.25,285,0.54,0.4037,115.06,30m,holdout,0.475,368
3.5,0.5,285,0.456,-1.0742,-306.16,30m,holdout,0.475,368
3.5,0.75,285,0.396,-2.1514,-613.14,30m,holdout,0.475,368
3.5,1.0,285,0.358,-3.0784,-877.35,30m,holdout,0.475,368
3.5,1.5,285,0.316,-4.438,-1264.84,30m,holdout,0.475,368
3.5,2.0,285,0.295,-5.5765,-1589.3,30m,holdout,0.475,368
4.0,0.25,285,0.533,0.8373,238.63,30m,holdout,0.475,368
4.0,0.5,285,0.449,-0.6218,-177.21,30m,holdout,0.475,368
4.0,0.75,285,0.386,-1.6916,-482.11,30m,holdout,0.475,368
4.0,1.0,285,0.358,-2.6052,-742.48,30m,holdout,0.475,368
4.0,1.5,285,0.323,-3.9523,-1126.4,30m,holdout,0.475,368
4.0,2.0,285,0.312,-5.083,-1448.64,30m,holdout,0.475,368
4.5,0.25,285,0.523,1.0975,312.78,30m,holdout,0.475,368
4.5,0.5,285,0.446,-0.2211,-63.0,30m,holdout,0.475,368
4.5,0.75,285,0.379,-1.2785,-364.39,30m,holdout,0.475,368
4.5,1.0,285,0.361,-2.1916,-624.61,30m,holdout,0.475,368
4.5,1.5,285,0.326,-3.5387,-1008.52,30m,holdout,0.475,368
4.5,2.0,285,0.319,-4.6696,-1330.83,30m,holdout,0.475,368
5.0,0.25,285,0.526,1.3949,397.55,30m,holdout,0.475,368
5.0,0.5,285,0.446,-0.0127,-3.62,30m,holdout,0.475,368
5.0,0.75,285,0.379,-1.1284,-321.6,30m,holdout,0.475,368
5.0,1.0,285,0.361,-2.077,-591.95,30m,holdout,0.475,368
5.0,1.5,285,0.316,-3.4572,-985.3,30m,holdout,0.475,368
5.0,2.0,285,0.309,-4.605,-1312.43,30m,holdout,0.475,368
1.5,0.25,283,0.576,-0.931,-263.48,30m,holdout,0.5,368
1.5,0.5,283,0.477,-2.1668,-613.2,30m,holdout,0.5,368
1.5,0.75,283,0.403,-3.0937,-875.51,30m,holdout,0.5,368
1.5,1.0,283,0.357,-3.8684,-1094.76,30m,holdout,0.5,368
1.5,1.5,283,0.237,-5.1652,-1461.74,30m,holdout,0.5,368
1.5,2.0,283,0.191,-6.2633,-1772.51,30m,holdout,0.5,368
2.0,0.25,283,0.583,-0.3818,-108.06,30m,holdout,0.5,368
2.0,0.5,283,0.502,-1.7307,-489.79,30m,holdout,0.5,368
2.0,0.75,283,0.442,-2.6972,-763.3,30m,holdout,0.5,368
2.0,1.0,283,0.392,-3.4917,-988.15,30m,holdout,0.5,368
2.0,1.5,283,0.265,-4.81,-1361.23,30m,holdout,0.5,368
2.0,2.0,283,0.208,-5.9203,-1675.45,30m,holdout,0.5,368
2.5,0.25,283,0.558,-0.1466,-41.48,30m,holdout,0.5,368
2.5,0.5,283,0.495,-1.4727,-416.79,30m,holdout,0.5,368
2.5,0.75,283,0.438,-2.456,-695.05,30m,holdout,0.5,368
2.5,1.0,283,0.389,-3.2638,-923.65,30m,holdout,0.5,368
2.5,1.5,283,0.293,-4.5949,-1300.37,30m,holdout,0.5,368
2.5,2.0,283,0.258,-5.7064,-1614.91,30m,holdout,0.5,368
3.0,0.25,283,0.541,0.1023,28.96,30m,holdout,0.5,368
3.0,0.5,283,0.481,-1.2605,-356.72,30m,holdout,0.5,368
3.0,0.75,283,0.428,-2.307,-652.87,30m,holdout,0.5,368
3.0,1.0,283,0.389,-3.142,-889.18,30m,holdout,0.5,368
3.0,1.5,283,0.311,-4.4971,-1272.67,30m,holdout,0.5,368
3.0,2.0,283,0.279,-5.6198,-1590.41,30m,holdout,0.5,368
3.5,0.25,283,0.537,0.3581,101.34,30m,holdout,0.5,368
3.5,0.5,283,0.466,-1.1221,-317.54,30m,holdout,0.5,368
3.5,0.75,283,0.41,-2.2049,-623.99,30m,holdout,0.5,368
3.5,1.0,283,0.364,-3.0902,-874.51,30m,holdout,0.5,368
3.5,1.5,283,0.318,-4.4879,-1270.09,30m,holdout,0.5,368
3.5,2.0,283,0.297,-5.6258,-1592.09,30m,holdout,0.5,368
4.0,0.25,283,0.527,0.7146,202.23,30m,holdout,0.5,368
4.0,0.5,283,0.452,-0.7679,-217.31,30m,holdout,0.5,368
4.0,0.75,283,0.385,-1.8362,-519.66,30m,holdout,0.5,368
4.0,1.0,283,0.353,-2.7085,-766.5,30m,holdout,0.5,368
4.0,1.5,283,0.314,-4.0943,-1158.68,30m,holdout,0.5,368
4.0,2.0,283,0.304,-5.2245,-1478.54,30m,holdout,0.5,368
4.5,0.25,283,0.516,0.9863,279.14,30m,holdout,0.5,368
4.5,0.5,283,0.449,-0.4017,-113.67,30m,holdout,0.5,368
4.5,0.75,283,0.378,-1.4723,-416.67,30m,holdout,0.5,368
4.5,1.0,283,0.357,-2.3514,-665.45,30m,holdout,0.5,368
4.5,1.5,283,0.322,-3.7451,-1059.86,30m,holdout,0.5,368
4.5,2.0,283,0.314,-4.88,-1381.03,30m,holdout,0.5,368
5.0,0.25,283,0.519,1.2767,361.29,30m,holdout,0.5,368
5.0,0.5,283,0.449,-0.1778,-50.31,30m,holdout,0.5,368
5.0,0.75,283,0.378,-1.2779,-361.64,30m,holdout,0.5,368
5.0,1.0,283,0.353,-2.1817,-617.41,30m,holdout,0.5,368
5.0,1.5,283,0.314,-3.5982,-1018.29,30m,holdout,0.5,368
5.0,2.0,283,0.311,-4.7448,-1342.78,30m,holdout,0.5,368
1.5,0.25,282,0.578,-1.0809,-304.82,30m,holdout,0.525,368
1.5,0.5,282,0.479,-2.3122,-652.04,30m,holdout,0.525,368
1.5,0.75,282,0.397,-3.2314,-911.25,30m,holdout,0.525,368
1.5,1.0,282,0.355,-4.0009,-1128.27,30m,holdout,0.525,368
1.5,1.5,282,0.22,-5.2902,-1491.85,30m,holdout,0.525,368
1.5,2.0,282,0.184,-6.3826,-1799.9,30m,holdout,0.525,368
2.0,0.25,282,0.578,-0.6234,-175.79,30m,holdout,0.525,368
2.0,0.5,282,0.5,-1.9254,-542.96,30m,holdout,0.525,368
2.0,0.75,282,0.436,-2.8751,-810.78,30m,holdout,0.525,368
2.0,1.0,282,0.39,-3.6599,-1032.09,30m,holdout,0.525,368
2.0,1.5,282,0.262,-4.9659,-1400.38,30m,holdout,0.525,368
2.0,2.0,282,0.202,-6.0678,-1711.11,30m,holdout,0.525,368
2.5,0.25,282,0.553,-0.304,-85.73,30m,holdout,0.525,368
2.5,0.5,282,0.496,-1.6814,-474.15,30m,holdout,0.525,368
2.5,0.75,282,0.436,-2.678,-755.19,30m,holdout,0.525,368
2.5,1.0,282,0.387,-3.4872,-983.4,30m,holdout,0.525,368
2.5,1.5,282,0.28,-4.8178,-1358.61,30m,holdout,0.525,368
2.5,2.0,282,0.252,-5.9285,-1671.83,30m,holdout,0.525,368
3.0,0.25,282,0.535,-0.147,-41.45,30m,holdout,0.525,368
3.0,0.5,282,0.482,-1.4506,-409.07,30m,holdout,0.525,368
3.0,0.75,282,0.422,-2.4715,-696.97,30m,holdout,0.525,368
3.0,1.0,282,0.383,-3.2934,-928.73,30m,holdout,0.525,368
3.0,1.5,282,0.305,-4.6334,-1306.62,30m,holdout,0.525,368
3.0,2.0,282,0.273,-5.7469,-1620.63,30m,holdout,0.525,368
3.5,0.25,282,0.535,0.2089,58.91,30m,holdout,0.525,368
3.5,0.5,282,0.468,-1.3168,-371.34,30m,holdout,0.525,368
3.5,0.75,282,0.411,-2.3934,-674.94,30m,holdout,0.525,368
3.5,1.0,282,0.362,-3.2748,-923.49,30m,holdout,0.525,368
3.5,1.5,282,0.312,-4.6703,-1317.02,30m,holdout,0.525,368
3.5,2.0,282,0.294,-5.806,-1637.3,30m,holdout,0.525,368
4.0,0.25,282,0.525,0.481,135.64,30m,holdout,0.525,368
4.0,0.5,282,0.454,-0.9897,-279.08,30m,holdout,0.525,368
4.0,0.75,282,0.383,-2.0274,-571.71,30m,holdout,0.525,368
4.0,1.0,282,0.348,-2.8829,-812.99,30m,holdout,0.525,368
4.0,1.5,282,0.312,-4.2521,-1199.1,30m,holdout,0.525,368
4.0,2.0,282,0.301,-5.3721,-1514.93,30m,holdout,0.525,368
4.5,0.25,282,0.511,0.7404,208.8,30m,holdout,0.525,368
4.5,0.5,282,0.447,-0.6849,-193.13,30m,holdout,0.525,368
4.5,0.75,282,0.376,-1.7504,-493.61,30m,holdout,0.525,368
4.5,1.0,282,0.351,-2.621,-739.13,30m,holdout,0.525,368
4.5,1.5,282,0.316,-4.007,-1129.97,30m,holdout,0.525,368
4.5,2.0,282,0.309,-5.1366,-1448.52,30m,holdout,0.525,368
5.0,0.25,282,0.511,1.0346,291.75,30m,holdout,0.525,368
5.0,0.5,282,0.447,-0.3143,-88.64,30m,holdout,0.525,368
5.0,0.75,282,0.372,-1.3707,-386.53,30m,holdout,0.525,368
5.0,1.0,282,0.348,-2.2557,-636.11,30m,holdout,0.525,368
5.0,1.5,282,0.316,-3.6552,-1030.77,30m,holdout,0.525,368
5.0,2.0,282,0.312,-4.7919,-1351.32,30m,holdout,0.525,368
1.5,0.25,278,0.568,-1.1316,-314.58,30m,holdout,0.55,368
1.5,0.5,278,0.475,-2.3443,-651.71,30m,holdout,0.55,368
1.5,0.75,278,0.385,-3.2582,-905.79,30m,holdout,0.55,368
1.5,1.0,278,0.342,-4.0262,-1119.3,30m,holdout,0.55,368
1.5,1.5,278,0.209,-5.3153,-1477.65,30m,holdout,0.55,368
1.5,2.0,278,0.176,-6.4084,-1781.55,30m,holdout,0.55,368
2.0,0.25,278,0.576,-0.75,-208.5,30m,holdout,0.55,368
2.0,0.5,278,0.496,-2.0437,-568.16,30m,holdout,0.55,368
2.0,0.75,278,0.432,-2.9911,-831.52,30m,holdout,0.55,368
2.0,1.0,278,0.374,-3.7753,-1049.52,30m,holdout,0.55,368
2.0,1.5,278,0.237,-5.0814,-1412.63,30m,holdout,0.55,368
2.0,2.0,278,0.187,-6.184,-1719.14,30m,holdout,0.55,368
2.5,0.25,278,0.55,-0.3915,-108.84,30m,holdout,0.55,368
2.5,0.5,278,0.493,-1.7504,-486.6,30m,holdout,0.55,368
2.5,0.75,278,0.439,-2.7407,-761.93,30m,holdout,0.55,368
2.5,1.0,278,0.381,-3.5474,-986.17,30m,holdout,0.55,368
2.5,1.5,278,0.273,-4.8764,-1355.65,30m,holdout,0.55,368
2.5,2.0,278,0.237,-5.9873,-1664.48,30m,holdout,0.55,368
3.0,0.25,278,0.536,-0.1539,-42.78,30m,holdout,0.55,368
3.0,0.5,278,0.482,-1.4868,-413.33,30m,holdout,0.55,368
3.0,0.75,278,0.417,-2.5182,-700.06,30m,holdout,0.55,368
3.0,1.0,278,0.374,-3.3467,-930.38,30m,holdout,0.55,368
3.0,1.5,278,0.299,-4.6955,-1305.35,30m,holdout,0.55,368
3.0,2.0,278,0.259,-5.8152,-1616.62,30m,holdout,0.55,368
3.5,0.25,278,0.532,0.22,61.16,30m,holdout,0.55,368
3.5,0.5,278,0.468,-1.3063,-363.16,30m,holdout,0.55,368
3.5,0.75,278,0.406,-2.3848,-662.97,30m,holdout,0.55,368
3.5,1.0,278,0.353,-3.2665,-908.1,30m,holdout,0.55,368
3.5,1.5,278,0.306,-4.6661,-1297.17,30m,holdout,0.55,368
3.5,2.0,278,0.284,-5.8055,-1613.94,30m,holdout,0.55,368
4.0,0.25,278,0.525,0.407,113.15,30m,holdout,0.55,368
4.0,0.5,278,0.457,-1.0457,-290.69,30m,holdout,0.55,368
4.0,0.75,278,0.385,-2.09,-581.01,30m,holdout,0.55,368
4.0,1.0,278,0.349,-2.9536,-821.11,30m,holdout,0.55,368
4.0,1.5,278,0.309,-4.3295,-1203.59,30m,holdout,0.55,368
4.0,2.0,278,0.299,-5.4534,-1516.04,30m,holdout,0.55,368
4.5,0.25,278,0.507,0.7246,201.43,30m,holdout,0.55,368
4.5,0.5,278,0.45,-0.7535,-209.48,30m,holdout,0.55,368
4.5,0.75,278,0.374,-1.8271,-507.95,30m,holdout,0.55,368
4.5,1.0,278,0.345,-2.7006,-750.77,30m,holdout,0.55,368
4.5,1.5,278,0.309,-4.0934,-1137.97,30m,holdout,0.55,368
4.5,2.0,278,0.302,-5.2281,-1453.41,30m,holdout,0.55,368
5.0,0.25,278,0.507,1.0384,288.67,30m,holdout,0.55,368
5.0,0.5,278,0.446,-0.3433,-95.45,30m,holdout,0.55,368
5.0,0.75,278,0.367,-1.4061,-390.91,30m,holdout,0.55,368
5.0,1.0,278,0.342,-2.2939,-637.69,30m,holdout,0.55,368
5.0,1.5,278,0.309,-3.7,-1028.59,30m,holdout,0.55,368
5.0,2.0,278,0.306,-4.8416,-1345.96,30m,holdout,0.55,368
1.5,0.25,277,0.567,-1.0953,-303.39,30m,holdout,0.575,368
1.5,0.5,277,0.48,-2.3129,-640.66,30m,holdout,0.575,368
1.5,0.75,277,0.394,-3.2301,-894.75,30m,holdout,0.575,368
1.5,1.0,277,0.339,-4.0006,-1108.16,30m,holdout,0.575,368
1.5,1.5,277,0.217,-5.2931,-1466.18,30m,holdout,0.575,368
1.5,2.0,277,0.177,-6.3884,-1769.57,30m,holdout,0.575,368
2.0,0.25,277,0.574,-0.7666,-212.34,30m,holdout,0.575,368
2.0,0.5,277,0.502,-2.0724,-574.06,30m,holdout,0.575,368
2.0,0.75,277,0.43,-3.0266,-838.36,30m,holdout,0.575,368
2.0,1.0,277,0.368,-3.8154,-1056.87,30m,holdout,0.575,368
2.0,1.5,277,0.238,-5.1277,-1420.38,30m,holdout,0.575,368
2.0,2.0,277,0.188,-6.2341,-1726.86,30m,holdout,0.575,368
2.5,0.25,277,0.552,-0.4124,-114.23,30m,holdout,0.575,368
2.5,0.5,277,0.498,-1.7462,-483.7,30m,holdout,0.575,368
2.5,0.75,277,0.437,-2.7316,-756.64,30m,holdout,0.575,368
2.5,1.0,277,0.379,-3.5362,-979.53,30m,holdout,0.575,368
2.5,1.5,277,0.274,-4.8658,-1347.84,30m,holdout,0.575,368
2.5,2.0,277,0.238,-5.9821,-1657.05,30m,holdout,0.575,368
3.0,0.25,277,0.542,-0.1716,-47.53,30m,holdout,0.575,368
3.0,0.5,277,0.487,-1.5269,-422.96,30m,holdout,0.575,368
3.0,0.75,277,0.419,-2.5699,-711.86,30m,holdout,0.575,368
3.0,1.0,277,0.372,-3.4011,-942.09,30m,holdout,0.575,368
3.0,1.5,277,0.303,-4.7529,-1316.56,30m,holdout,0.575,368
3.0,2.0,277,0.26,-5.8756,-1627.53,30m,holdout,0.575,368
3.5,0.25,277,0.531,0.1985,54.97,30m,holdout,0.575,368
3.5,0.5,277,0.469,-1.2964,-359.1,30m,holdout,0.575,368
3.5,0.75,277,0.408,-2.3852,-660.71,30m,holdout,0.575,368
3.5,1.0,277,0.35,-3.2371,-896.66,30m,holdout,0.575,368
3.5,1.5,277,0.307,-4.6108,-1277.2,30m,holdout,0.575,368
3.5,2.0,277,0.282,-5.7449,-1591.33,30m,holdout,0.575,368
4.0,0.25,277,0.523,0.3314,91.8,30m,holdout,0.575,368
4.0,0.5,277,0.455,-1.1922,-330.24,30m,holdout,0.575,368
4.0,0.75,277,0.386,-2.2551,-624.67,30m,holdout,0.575,368
4.0,1.0,277,0.347,-3.1248,-865.58,30m,holdout,0.575,368
4.0,1.5,277,0.314,-4.5113,-1249.62,30m,holdout,0.575,368
4.0,2.0,277,0.296,-5.6421,-1562.86,30m,holdout,0.575,368
4.5,0.25,277,0.505,0.7139,197.74,30m,holdout,0.575,368
4.5,0.5,277,0.448,-0.8127,-225.13,30m,holdout,0.575,368
4.5,0.75,277,0.372,-1.8794,-520.6,30m,holdout,0.575,368
4.5,1.0,277,0.339,-2.7487,-761.39,30m,holdout,0.575,368
4.5,1.5,277,0.307,-4.1402,-1146.85,30m,holdout,0.575,368
4.5,2.0,277,0.3,-5.2748,-1461.12,30m,holdout,0.575,368
5.0,0.25,277,0.505,1.003,277.84,30m,holdout,0.575,368
5.0,0.5,277,0.444,-0.4565,-126.46,30m,holdout,0.575,368
5.0,0.75,277,0.365,-1.5258,-422.63,30m,holdout,0.575,368
5.0,1.0,277,0.336,-2.4138,-668.64,30m,holdout,0.575,368
5.0,1.5,277,0.307,-3.8228,-1058.93,30m,holdout,0.575,368
5.0,2.0,277,0.303,-4.9665,-1375.73,30m,holdout,0.575,368
1.5,0.25,274,0.562,-1.0773,-295.18,30m,holdout,0.6,368
1.5,0.5,274,0.467,-2.3168,-634.81,30m,holdout,0.6,368
1.5,0.75,274,0.391,-3.24,-887.76,30m,holdout,0.6,368
1.5,1.0,274,0.328,-4.0139,-1099.81,30m,holdout,0.6,368
1.5,1.5,274,0.212,-5.3105,-1455.09,30m,holdout,0.6,368
1.5,2.0,274,0.168,-6.4082,-1755.84,30m,holdout,0.6,368
2.0,0.25,274,0.569,-0.788,-215.91,30m,holdout,0.6,368
2.0,0.5,274,0.485,-2.1217,-581.35,30m,holdout,0.6,368
2.0,0.75,274,0.434,-3.0866,-845.74,30m,holdout,0.6,368
2.0,1.0,274,0.361,-3.8823,-1063.74,30m,holdout,0.6,368
2.0,1.5,274,0.237,-5.203,-1425.61,30m,holdout,0.6,368
2.0,2.0,274,0.182,-6.3144,-1730.14,30m,holdout,0.6,368
2.5,0.25,274,0.547,-0.4862,-133.22,30m,holdout,0.6,368
2.5,0.5,274,0.485,-1.8862,-516.81,30m,holdout,0.6,368
2.5,0.75,274,0.438,-2.8852,-790.53,30m,holdout,0.6,368
2.5,1.0,274,0.376,-3.6976,-1013.15,30m,holdout,0.6,368
2.5,1.5,274,0.263,-5.0367,-1380.04,30m,holdout,0.6,368
2.5,2.0,274,0.223,-6.1585,-1687.42,30m,holdout,0.6,368
3.0,0.25,274,0.54,-0.2084,-57.1,30m,holdout,0.6,368
3.0,0.5,274,0.482,-1.6305,-446.77,30m,holdout,0.6,368
3.0,0.75,274,0.427,-2.6611,-729.14,30m,holdout,0.6,368
3.0,1.0,274,0.376,-3.4919,-956.77,30m,holdout,0.6,368
3.0,1.5,274,0.299,-4.8451,-1327.54,30m,holdout,0.6,368
3.0,2.0,274,0.248,-5.9699,-1635.74,30m,holdout,0.6,368
3.5,0.25,274,0.529,0.1191,32.63,30m,holdout,0.6,368
3.5,0.5,274,0.467,-1.2945,-354.68,30m,holdout,0.6,368
3.5,0.75,274,0.416,-2.3994,-657.43,30m,holdout,0.6,368
3.5,1.0,274,0.354,-3.2555,-892.02,30m,holdout,0.6,368
3.5,1.5,274,0.303,-4.6332,-1269.5,30m,holdout,0.6,368
3.5,2.0,274,0.274,-5.7695,-1580.84,30m,holdout,0.6,368
4.0,0.25,274,0.526,0.327,89.6,30m,holdout,0.6,368
4.0,0.5,274,0.456,-1.2859,-352.33,30m,holdout,0.6,368
4.0,0.75,274,0.398,-2.3992,-657.38,30m,holdout,0.6,368
4.0,1.0,274,0.347,-3.2594,-893.07,30m,holdout,0.6,368
4.0,1.5,274,0.307,-4.6408,-1271.59,30m,holdout,0.6,368
4.0,2.0,274,0.288,-5.7784,-1583.27,30m,holdout,0.6,368
4.5,0.25,274,0.504,0.5673,155.44,30m,holdout,0.6,368
4.5,0.5,274,0.442,-1.0475,-287.0,30m,holdout,0.6,368
4.5,0.75,274,0.376,-2.1402,-586.42,30m,holdout,0.6,368
4.5,1.0,274,0.332,-2.9905,-819.41,30m,holdout,0.6,368
4.5,1.5,274,0.303,-4.3582,-1194.14,30m,holdout,0.6,368
4.5,2.0,274,0.292,-5.4861,-1503.2,30m,holdout,0.6,368
5.0,0.25,274,0.504,0.9034,247.52,30m,holdout,0.6,368
5.0,0.5,274,0.438,-0.6542,-179.25,30m,holdout,0.6,368
5.0,0.75,274,0.369,-1.7815,-488.13,30m,holdout,0.6,368
5.0,1.0,274,0.328,-2.6462,-725.06,30m,holdout,0.6,368
5.0,1.5,274,0.296,-4.0323,-1104.85,30m,holdout,0.6,368
5.0,2.0,274,0.292,-5.1711,-1416.89,30m,holdout,0.6,368
1.5,0.25,272,0.574,-0.9674,-263.13,30m,holdout,0.625,368
1.5,0.5,272,0.478,-2.1813,-593.32,30m,holdout,0.625,368
1.5,0.75,272,0.408,-3.0984,-842.76,30m,holdout,0.625,368
1.5,1.0,272,0.335,-3.8787,-1055.01,30m,holdout,0.625,368
1.5,1.5,272,0.217,-5.2002,-1414.44,30m,holdout,0.625,368
1.5,2.0,272,0.169,-6.3192,-1718.82,30m,holdout,0.625,368
2.0,0.25,272,0.577,-0.7883,-214.42,30m,holdout,0.625,368
2.0,0.5,272,0.493,-2.0582,-559.83,30m,holdout,0.625,368
2.0,0.75,272,0.441,-2.997,-815.2,30m,holdout,0.625,368
2.0,1.0,272,0.371,-3.7794,-1027.99,30m,holdout,0.625,368
2.0,1.5,272,0.254,-5.0847,-1383.05,30m,holdout,0.625,368
2.0,2.0,272,0.199,-6.1864,-1682.71,30m,holdout,0.625,368
2.5,0.25,272,0.559,-0.4913,-133.63,30m,holdout,0.625,368
2.5,0.5,272,0.485,-1.8598,-505.86,30m,holdout,0.625,368
2.5,0.75,272,0.438,-2.8474,-774.49,30m,holdout,0.625,368
2.5,1.0,272,0.382,-3.6533,-993.71,30m,holdout,0.625,368
2.5,1.5,272,0.268,-4.9841,-1355.67,30m,holdout,0.625,368
2.5,2.0,272,0.228,-6.1001,-1659.24,30m,holdout,0.625,368
3.0,0.25,272,0.548,-0.2666,-72.51,30m,holdout,0.625,368
3.0,0.5,272,0.485,-1.7046,-463.64,30m,holdout,0.625,368
3.0,0.75,272,0.43,-2.7383,-744.82,30m,holdout,0.625,368
3.0,1.0,272,0.379,-3.5704,-971.16,30m,holdout,0.625,368
3.0,1.5,272,0.301,-4.926,-1339.86,30m,holdout,0.625,368
3.0,2.0,272,0.257,-6.0555,-1647.09,30m,holdout,0.625,368
3.5,0.25,272,0.537,0.1514,41.18,30m,holdout,0.625,368
3.5,0.5,272,0.471,-1.2491,-339.74,30m,holdout,0.625,368
3.5,0.75,272,0.419,-2.3484,-638.77,30m,holdout,0.625,368
3.5,1.0,272,0.364,-3.2006,-870.58,30m,holdout,0.625,368
3.5,1.5,272,0.309,-4.5732,-1243.9,30m,holdout,0.625,368
3.5,2.0,272,0.279,-5.7065,-1552.18,30m,holdout,0.625,368
4.0,0.25,272,0.533,0.3609,98.17,30m,holdout,0.625,368
4.0,0.5,272,0.467,-1.1388,-309.75,30m,holdout,0.625,368
4.0,0.75,272,0.408,-2.2467,-611.1,30m,holdout,0.625,368
4.0,1.0,272,0.357,-3.1025,-843.88,30m,holdout,0.625,368
4.0,1.5,272,0.309,-4.4781,-1218.05,30m,holdout,0.625,368
4.0,2.0,272,0.294,-5.6123,-1526.56,30m,holdout,0.625,368
4.5,0.25,272,0.511,0.5634,153.24,30m,holdout,0.625,368
4.5,0.5,272,0.445,-1.0226,-278.14,30m,holdout,0.625,368
4.5,0.75,272,0.382,-2.1191,-576.39,30m,holdout,0.625,368
4.5,1.0,272,0.338,-2.9658,-806.7,30m,holdout,0.625,368
4.5,1.5,272,0.309,-4.3284,-1177.31,30m,holdout,0.625,368
4.5,2.0,272,0.298,-5.4529,-1483.2,30m,holdout,0.625,368
5.0,0.25,272,0.507,0.8401,228.5,30m,holdout,0.625,368
5.0,0.5,272,0.441,-0.6738,-183.28,30m,holdout,0.625,368
5.0,0.75,272,0.375,-1.7824,-484.8,30m,holdout,0.625,368
5.0,1.0,272,0.338,-2.6365,-717.12,30m,holdout,0.625,368
5.0,1.5,272,0.301,-4.0102,-1090.76,30m,holdout,0.625,368
5.0,2.0,272,0.298,-5.1414,-1398.45,30m,holdout,0.625,368
1.5,0.25,271,0.568,-0.9945,-269.5,30m,holdout,0.65,368
1.5,0.5,271,0.48,-2.1783,-590.33,30m,holdout,0.65,368
1.5,0.75,271,0.399,-3.0844,-835.88,30m,holdout,0.65,368
1.5,1.0,271,0.332,-3.8563,-1045.07,30m,holdout,0.65,368
1.5,1.5,271,0.207,-5.1628,-1399.11,30m,holdout,0.65,368
1.5,2.0,271,0.173,-6.2709,-1699.43,30m,holdout,0.65,368
2.0,0.25,271,0.576,-0.79,-214.08,30m,holdout,0.65,368
2.0,0.5,271,0.498,-2.0248,-548.71,30m,holdout,0.65,368
2.0,0.75,271,0.439,-2.9438,-797.78,30m,holdout,0.65,368
2.0,1.0,271,0.376,-3.7143,-1006.57,30m,holdout,0.65,368
2.0,1.5,271,0.255,-5.0048,-1356.29,30m,holdout,0.65,368
2.0,2.0,271,0.207,-6.0965,-1652.16,30m,holdout,0.65,368
2.5,0.25,271,0.561,-0.6507,-176.33,30m,holdout,0.65,368
2.5,0.5,271,0.491,-1.9934,-540.2,30m,holdout,0.65,368
2.5,0.75,271,0.432,-2.9625,-802.85,30m,holdout,0.65,368
2.5,1.0,271,0.376,-3.7573,-1018.23,30m,holdout,0.65,368
2.5,1.5,271,0.262,-5.074,-1375.06,30m,holdout,0.65,368
2.5,2.0,271,0.221,-6.1806,-1674.93,30m,holdout,0.65,368
3.0,0.25,271,0.542,-0.3314,-89.8,30m,holdout,0.65,368
3.0,0.5,271,0.487,-1.7478,-473.65,30m,holdout,0.65,368
3.0,0.75,271,0.428,-2.7673,-749.93,30m,holdout,0.65,368
3.0,1.0,271,0.376,-3.5907,-973.08,30m,holdout,0.65,368
3.0,1.5,271,0.303,-4.9351,-1337.4,30m,holdout,0.65,368
3.0,2.0,271,0.262,-6.0568,-1641.4,30m,holdout,0.65,368
3.5,0.25,271,0.528,-0.2641,-71.58,30m,holdout,0.65,368
3.5,0.5,271,0.469,-1.6536,-448.13,30m,holdout,0.65,368
3.5,0.75,271,0.41,-2.711,-734.67,30m,holdout,0.65,368
3.5,1.0,271,0.362,-3.544,-960.42,30m,holdout,0.65,368
3.5,1.5,271,0.303,-4.8955,-1326.67,30m,holdout,0.65,368
3.5,2.0,271,0.262,-6.0169,-1630.58,30m,holdout,0.65,368
4.0,0.25,271,0.524,0.1651,44.74,30m,holdout,0.65,368
4.0,0.5,271,0.465,-1.3178,-357.12,30m,holdout,0.65,368
4.0,0.75,271,0.406,-2.4218,-656.32,30m,holdout,0.65,368
4.0,1.0,271,0.358,-3.2703,-886.24,30m,holdout,0.65,368
4.0,1.5,271,0.306,-4.6358,-1256.29,30m,holdout,0.65,368
4.0,2.0,271,0.292,-5.7637,-1561.97,30m,holdout,0.65,368
4.5,0.25,271,0.502,0.1762,47.76,30m,holdout,0.65,368
4.5,0.5,271,0.443,-1.3775,-373.31,30m,holdout,0.65,368
4.5,0.75,271,0.38,-2.4651,-668.03,30m,holdout,0.65,368
4.5,1.0,271,0.336,-3.3019,-894.8,30m,holdout,0.65,368
4.5,1.5,271,0.303,-4.6512,-1260.48,30m,holdout,0.65,368
4.5,2.0,271,0.292,-5.7678,-1563.08,30m,holdout,0.65,368
5.0,0.25,271,0.498,0.5394,146.19,30m,holdout,0.65,368
5.0,0.5,271,0.439,-0.9807,-265.78,30m,holdout,0.65,368
5.0,0.75,271,0.369,-2.076,-562.59,30m,holdout,0.65,368
5.0,1.0,271,0.332,-2.9244,-792.52,30m,holdout,0.65,368
5.0,1.5,271,0.299,-4.2839,-1160.94,30m,holdout,0.65,368
5.0,2.0,271,0.288,-5.405,-1464.75,30m,holdout,0.65,368
1.5,0.25,271,0.568,-0.8857,-240.03,30m,holdout,0.675,368
1.5,0.5,271,0.483,-2.0687,-560.61,30m,holdout,0.675,368
1.5,0.75,271,0.41,-2.9786,-807.19,30m,holdout,0.675,368
1.5,1.0,271,0.332,-3.7529,-1017.02,30m,holdout,0.675,368
1.5,1.5,271,0.203,-5.0614,-1371.65,30m,holdout,0.675,368
1.5,2.0,271,0.162,-6.1705,-1672.21,30m,holdout,0.675,368
2.0,0.25,271,0.576,-0.7777,-210.76,30m,holdout,0.675,368
2.0,0.5,271,0.502,-2.0096,-544.61,30m,holdout,0.675,368
2.0,0.75,271,0.443,-2.9273,-793.3,30m,holdout,0.675,368
2.0,1.0,271,0.376,-3.6969,-1001.87,30m,holdout,0.675,368
2.0,1.5,271,0.251,-4.9862,-1351.25,30m,holdout,0.675,368
2.0,2.0,271,0.199,-6.0767,-1646.79,30m,holdout,0.675,368
2.5,0.25,271,0.568,-0.4883,-132.32,30m,holdout,0.675,368
2.5,0.5,271,0.498,-1.8089,-490.22,30m,holdout,0.675,368
2.5,0.75,271,0.45,-2.771,-750.93,30m,holdout,0.675,368
2.5,1.0,271,0.395,-3.5618,-965.24,30m,holdout,0.675,368
2.5,1.5,271,0.277,-4.8738,-1320.79,30m,holdout,0.675,368
2.5,2.0,271,0.225,-5.9771,-1619.79,30m,holdout,0.675,368
3.0,0.25,271,0.546,-0.1368,-37.07,30m,holdout,0.675,368
3.0,0.5,271,0.498,-1.5459,-418.93,30m,holdout,0.675,368
3.0,0.75,271,0.45,-2.5585,-693.35,30m,holdout,0.675,368
3.0,1.0,271,0.399,-3.3779,-915.4,30m,holdout,0.675,368
3.0,1.5,271,0.314,-4.7172,-1278.35,30m,holdout,0.675,368
3.0,2.0,271,0.262,-5.8354,-1581.38,30m,holdout,0.675,368
3.5,0.25,271,0.535,-0.1361,-36.88,30m,holdout,0.675,368
3.5,0.5,271,0.48,-1.5169,-411.08,30m,holdout,0.675,368
3.5,0.75,271,0.421,-2.5704,-696.57,30m,holdout,0.675,368
3.5,1.0,271,0.38,-3.401,-921.67,30m,holdout,0.675,368
3.5,1.5,271,0.317,-4.7506,-1287.4,30m,holdout,0.675,368
3.5,2.0,271,0.269,-5.8741,-1591.87,30m,holdout,0.675,368
4.0,0.25,271,0.528,0.1748,47.36,30m,holdout,0.675,368
4.0,0.5,271,0.472,-1.1728,-317.82,30m,holdout,0.675,368
4.0,0.75,271,0.417,-2.2689,-614.87,30m,holdout,0.675,368
4.0,1.0,271,0.369,-3.1129,-843.6,30m,holdout,0.675,368
4.0,1.5,271,0.31,-4.4736,-1212.35,30m,holdout,0.675,368
4.0,2.0,271,0.292,-5.5993,-1517.42,30m,holdout,0.675,368
4.5,0.25,271,0.506,0.2872,77.83,30m,holdout,0.675,368
4.5,0.5,271,0.446,-1.2638,-342.49,30m,holdout,0.675,368
4.5,0.75,271,0.387,-2.3515,-637.27,30m,holdout,0.675,368
4.5,1.0,271,0.343,-3.1881,-863.98,30m,holdout,0.675,368
4.5,1.5,271,0.299,-4.5371,-1229.55,30m,holdout,0.675,368
4.5,2.0,271,0.288,-5.6533,-1532.05,30m,holdout,0.675,368
5.0,0.25,271,0.502,0.5595,151.64,30m,holdout,0.675,368
5.0,0.5,271,0.443,-0.9696,-262.76,30m,holdout,0.675,368
5.0,0.75,271,0.38,-2.0827,-564.4,30m,holdout,0.675,368
5.0,1.0,271,0.343,-2.936,-795.65,30m,holdout,0.675,368
5.0,1.5,271,0.303,-4.3009,-1165.54,30m,holdout,0.675,368
5.0,2.0,271,0.292,-5.4257,-1470.37,30m,holdout,0.675,368
1.5,0.25,271,0.568,-0.8756,-237.28,30m,holdout,0.7,368
1.5,0.5,271,0.48,-2.058,-557.72,30m,holdout,0.7,368
1.5,0.75,271,0.402,-2.9733,-805.78,30m,holdout,0.7,368
1.5,1.0,271,0.351,-3.7517,-1016.7,30m,holdout,0.7,368
1.5,1.5,271,0.199,-5.0652,-1372.68,30m,holdout,0.7,368
1.5,2.0,271,0.162,-6.1773,-1674.05,30m,holdout,0.7,368
2.0,0.25,271,0.576,-0.7683,-208.21,30m,holdout,0.7,368
2.0,0.5,271,0.494,-1.9715,-534.29,30m,holdout,0.7,368
2.0,0.75,271,0.443,-2.8818,-780.97,30m,holdout,0.7,368
2.0,1.0,271,0.384,-3.6537,-990.16,30m,holdout,0.7,368
2.0,1.5,271,0.24,-4.9626,-1344.86,30m,holdout,0.7,368
2.0,2.0,271,0.196,-6.0734,-1645.9,30m,holdout,0.7,368
2.5,0.25,271,0.572,-0.4609,-124.91,30m,holdout,0.7,368
2.5,0.5,271,0.498,-1.761,-477.23,30m,holdout,0.7,368
2.5,0.75,271,0.458,-2.716,-736.04,30m,holdout,0.7,368
2.5,1.0,271,0.41,-3.503,-949.33,30m,holdout,0.7,368
2.5,1.5,271,0.28,-4.8106,-1303.67,30m,holdout,0.7,368
2.5,2.0,271,0.232,-5.9109,-1601.86,30m,holdout,0.7,368
3.0,0.25,271,0.542,-0.1859,-50.37,30m,holdout,0.7,368
3.0,0.5,271,0.483,-1.5723,-426.1,30m,holdout,0.7,368
3.0,0.75,271,0.443,-2.5752,-697.87,30m,holdout,0.7,368
3.0,1.0,271,0.406,-3.3893,-918.49,30m,holdout,0.7,368
3.0,1.5,271,0.31,-4.7225,-1279.79,30m,holdout,0.7,368
3.0,2.0,271,0.262,-5.8367,-1581.76,30m,holdout,0.7,368
3.5,0.25,271,0.539,-0.1253,-33.96,30m,holdout,0.7,368
3.5,0.5,271,0.469,-1.5299,-414.62,30m,holdout,0.7,368
3.5,0.75,271,0.417,-2.5521,-691.63,30m,holdout,0.7,368
3.5,1.0,271,0.38,-3.3771,-915.2,30m,holdout,0.7,368
3.5,1.5,271,0.314,-4.7227,-1279.86,30m,holdout,0.7,368
3.5,2.0,271,0.273,-5.8442,-1583.78,30m,holdout,0.7,368
4.0,0.25,271,0.528,0.1744,47.27,30m,holdout,0.7,368
4.0,0.5,271,0.465,-1.1914,-322.86,30m,holdout,0.7,368
4.0,0.75,271,0.413,-2.2959,-622.18,30m,holdout,0.7,368
4.0,1.0,271,0.376,-3.1449,-852.26,30m,holdout,0.7,368
4.0,1.5,271,0.31,-4.5115,-1222.61,30m,holdout,0.7,368
4.0,2.0,271,0.292,-5.6405,-1528.59,30m,holdout,0.7,368
4.5,0.25,271,0.509,0.3091,83.77,30m,holdout,0.7,368
4.5,0.5,271,0.45,-1.1662,-316.04,30m,holdout,0.7,368
4.5,0.75,271,0.395,-2.2691,-614.93,30m,holdout,0.7,368
4.5,1.0,271,0.358,-3.1164,-844.54,30m,holdout,0.7,368
4.5,1.5,271,0.299,-4.4803,-1214.17,30m,holdout,0.7,368
4.5,2.0,271,0.288,-5.607,-1519.51,30m,holdout,0.7,368
5.0,0.25,271,0.502,0.575,155.82,30m,holdout,0.7,368
5.0,0.5,271,0.439,-1.0097,-273.63,30m,holdout,0.7,368
5.0,0.75,271,0.38,-2.1156,-573.32,30m,holdout,0.7,368
5.0,1.0,271,0.351,-2.9621,-802.73,30m,holdout,0.7,368
5.0,1.5,271,0.303,-4.3221,-1171.28,30m,holdout,0.7,368
5.0,2.0,271,0.292,-5.4445,-1475.46,30m,holdout,0.7,368
1.5,0.25,324,0.611,0.355,115.01,1h,train,0.3,542
1.5,0.5,324,0.512,-0.5864,-190.01,1h,train,0.3,542
1.5,0.75,324,0.475,-1.4065,-455.71,1h,train,0.3,542
1.5,1.0,324,0.429,-2.1361,-692.09,1h,train,0.3,542
1.5,1.5,324,0.361,-3.2308,-1046.78,1h,train,0.3,542
1.5,2.0,324,0.306,-4.2599,-1380.2,1h,train,0.3,542
2.0,0.25,324,0.596,0.4852,157.21,1h,train,0.3,542
2.0,0.5,324,0.509,-0.4649,-150.63,1h,train,0.3,542
2.0,0.75,324,0.488,-1.2778,-414.01,1h,train,0.3,542
2.0,1.0,324,0.438,-2.0113,-651.67,1h,train,0.3,542
2.0,1.5,324,0.383,-3.1532,-1021.65,1h,train,0.3,542
2.0,2.0,324,0.33,-4.2035,-1361.93,1h,train,0.3,542
2.5,0.25,324,0.59,0.6971,225.85,1h,train,0.3,542
2.5,0.5,324,0.491,-0.152,-49.23,1h,train,0.3,542
2.5,0.75,324,0.469,-0.9342,-302.69,1h,train,0.3,542
2.5,1.0,324,0.423,-1.645,-532.97,1h,train,0.3,542
2.5,1.5,324,0.37,-2.826,-915.64,1h,train,0.3,542
2.5,2.0,324,0.321,-3.9136,-1268.02,1h,train,0.3,542
3.0,0.25,324,0.574,0.681,220.63,1h,train,0.3,542
3.0,0.5,324,0.488,-0.0847,-27.46,1h,train,0.3,542
3.0,0.75,324,0.454,-0.8777,-284.37,1h,train,0.3,542
3.0,1.0,324,0.417,-1.5309,-496.0,1h,train,0.3,542
3.0,1.5,324,0.367,-2.7528,-891.92,1h,train,0.3,542
3.0,2.0,324,0.312,-3.8767,-1256.06,1h,train,0.3,542
3.5,0.25,324,0.562,0.7373,238.9,1h,train,0.3,542
3.5,0.5,324,0.475,-0.0329,-10.66,1h,train,0.3,542
3.5,0.75,324,0.444,-0.8147,-263.97,1h,train,0.3,542
3.5,1.0,324,0.407,-1.483,-480.48,1h,train,0.3,542
3.5,1.5,324,0.364,-2.7312,-884.92,1h,train,0.3,542
3.5,2.0,324,0.315,-3.8433,-1245.24,1h,train,0.3,542
4.0,0.25,324,0.562,0.9593,310.81,1h,train,0.3,542
4.0,0.5,324,0.469,0.1655,53.61,1h,train,0.3,542
4.0,0.75,324,0.432,-0.5878,-190.44,1h,train,0.3,542
4.0,1.0,324,0.392,-1.22,-395.26,1h,train,0.3,542
4.0,1.5,324,0.343,-2.4267,-786.27,1h,train,0.3,542
4.0,2.0,324,0.299,-3.5714,-1157.13,1h,train,0.3,542
4.5,0.25,324,0.559,1.1416,369.89,1h,train,0.3,542
4.5,0.5,324,0.469,0.3619,117.24,1h,train,0.3,542
4.5,0.75,324,0.426,-0.3135,-101.58,1h,train,0.3,542
4.5,1.0,324,0.389,-0.8847,-286.65,1h,train,0.3,542
4.5,1.5,324,0.343,-2.0041,-649.31,1h,train,0.3,542
4.5,2.0,324,0.302,-3.12,-1010.86,1h,train,0.3,542
5.0,0.25,324,0.559,1.2853,416.44,1h,train,0.3,542
5.0,0.5,324,0.466,0.5299,171.67,1h,train,0.3,542
5.0,0.75,324,0.423,-0.1048,-33.95,1h,train,0.3,542
5.0,1.0,324,0.386,-0.66,-213.84,1h,train,0.3,542
5.0,1.5,324,0.346,-1.828,-592.27,1h,train,0.3,542
5.0,2.0,324,0.299,-2.9055,-941.37,1h,train,0.3,542
1.5,0.25,324,0.611,0.3293,106.68,1h,train,0.325,542
1.5,0.5,324,0.512,-0.6377,-206.61,1h,train,0.325,542
1.5,0.75,324,0.472,-1.4994,-485.8,1h,train,0.325,542
1.5,1.0,324,0.42,-2.2374,-724.92,1h,train,0.325,542
1.5,1.5,324,0.355,-3.328,-1078.29,1h,train,0.325,542
1.5,2.0,324,0.299,-4.3461,-1408.15,1h,train,0.325,542
2.0,0.25,324,0.602,0.5123,165.97,1h,train,0.325,542
2.0,0.5,324,0.515,-0.4546,-147.31,1h,train,0.325,542
2.0,0.75,324,0.488,-1.2772,-413.81,1h,train,0.325,542
2.0,1.0,324,0.438,-1.9518,-632.38,1h,train,0.325,542
2.0,1.5,324,0.38,-3.1184,-1010.35,1h,train,0.325,542
2.0,2.0,324,0.327,-4.1925,-1358.39,1h,train,0.325,542
2.5,0.25,324,0.586,0.6014,194.86,1h,train,0.325,542
2.5,0.5,324,0.491,-0.2879,-93.27,1h,train,0.325,542
2.5,0.75,324,0.463,-1.0992,-356.13,1h,train,0.325,542
2.5,1.0,324,0.42,-1.7755,-575.26,1h,train,0.325,542
2.5,1.5,324,0.364,-2.9989,-971.63,1h,train,0.325,542
2.5,2.0,324,0.318,-4.1117,-1332.19,1h,train,0.325,542
3.0,0.25,324,0.574,0.7014,227.24,1h,train,0.325,542
3.0,0.5,324,0.491,-0.0876,-28.37,1h,train,0.325,542
3.0,0.75,324,0.454,-0.9138,-296.07,1h,train,0.325,542
3.0,1.0,324,0.414,-1.5339,-497.0,1h,train,0.325,542
3.0,1.5,324,0.361,-2.71,-878.03,1h,train,0.325,542
3.0,2.0,324,0.312,-3.8605,-1250.79,1h,train,0.325,542
3.5,0.25,324,0.559,0.6642,215.21,1h,train,0.325,542
3.5,0.5,324,0.478,-0.0667,-21.61,1h,train,0.325,542
3.5,0.75,324,0.441,-0.8544,-276.82,1h,train,0.325,542
3.5,1.0,324,0.404,-1.4737,-477.49,1h,train,0.325,542
3.5,1.5,324,0.361,-2.7189,-880.93,1h,train,0.325,542
3.5,2.0,324,0.312,-3.8457,-1246.02,1h,train,0.325,542
4.0,0.25,324,0.559,0.9144,296.28,1h,train,0.325,542
4.0,0.5,324,0.472,0.0829,26.84,1h,train,0.325,542
4.0,0.75,324,0.435,-0.6884,-223.03,1h,train,0.325,542
4.0,1.0,324,0.389,-1.283,-415.7,1h,train,0.325,542
4.0,1.5,324,0.34,-2.518,-815.83,1h,train,0.325,542
4.0,2.0,324,0.299,-3.6315,-1176.61,1h,train,0.325,542
4.5,0.25,324,0.556,1.1154,361.38,1h,train,0.325,542
4.5,0.5,324,0.469,0.3403,110.25,1h,train,0.325,542
4.5,0.75,324,0.429,-0.3539,-114.66,1h,train,0.325,542
4.5,1.0,324,0.383,-0.8918,-288.94,1h,train,0.325,542
4.5,1.5,324,0.34,-2.0206,-654.69,1h,train,0.325,542
4.5,2.0,324,0.302,-3.1475,-1019.79,1h,train,0.325,542
5.0,0.25,324,0.556,1.2708,411.75,1h,train,0.325,542
5.0,0.5,324,0.469,0.5576,180.67,1h,train,0.325,542
5.0,0.75,324,0.429,-0.1055,-34.18,1h,train,0.325,542
5.0,1.0,324,0.386,-0.607,-196.67,1h,train,0.325,542
5.0,1.5,324,0.346,-1.7948,-581.52,1h,train,0.325,542
5.0,2.0,324,0.302,-2.911,-943.17,1h,train,0.325,542
1.5,0.25,322,0.609,0.3237,104.24,1h,train,0.35,542
1.5,0.5,322,0.512,-0.6912,-222.58,1h,train,0.35,542
1.5,0.75,322,0.466,-1.4975,-482.2,1h,train,0.35,542
1.5,1.0,322,0.419,-2.1662,-697.5,1h,train,0.35,542
1.5,1.5,322,0.351,-3.3146,-1067.31,1h,train,0.35,542
1.5,2.0,322,0.295,-4.295,-1382.99,1h,train,0.35,542
2.0,0.25,322,0.596,0.5021,161.68,1h,train,0.35,542
2.0,0.5,322,0.512,-0.5373,-173.01,1h,train,0.35,542
2.0,0.75,322,0.478,-1.327,-427.31,1h,train,0.35,542
2.0,1.0,322,0.435,-1.9454,-626.42,1h,train,0.35,542
2.0,1.5,322,0.37,-3.1398,-1011.02,1h,train,0.35,542
2.0,2.0,322,0.329,-4.1355,-1331.64,1h,train,0.35,542
2.5,0.25,322,0.584,0.5919,190.58,1h,train,0.35,542
2.5,0.5,322,0.491,-0.29,-93.39,1h,train,0.35,542
2.5,0.75,322,0.457,-1.0532,-339.14,1h,train,0.35,542
2.5,1.0,322,0.419,-1.6512,-531.7,1h,train,0.35,542
2.5,1.5,322,0.363,-2.8061,-903.56,1h,train,0.35,542
2.5,2.0,322,0.326,-3.8636,-1244.06,1h,train,0.35,542
3.0,0.25,322,0.571,0.7152,230.29,1h,train,0.35,542
3.0,0.5,322,0.491,-0.0617,-19.88,1h,train,0.35,542
3.0,0.75,322,0.447,-0.8123,-261.57,1h,train,0.35,542
3.0,1.0,322,0.416,-1.3985,-450.32,1h,train,0.35,542
3.0,1.5,322,0.357,-2.5648,-825.88,1h,train,0.35,542
3.0,2.0,322,0.32,-3.6377,-1171.34,1h,train,0.35,542
3.5,0.25,322,0.556,0.6574,211.69,1h,train,0.35,542
3.5,0.5,322,0.478,-0.0582,-18.75,1h,train,0.35,542
3.5,0.75,322,0.441,-0.7701,-247.97,1h,train,0.35,542
3.5,1.0,322,0.41,-1.343,-432.45,1h,train,0.35,542
3.5,1.5,322,0.36,-2.5514,-821.54,1h,train,0.35,542
3.5,2.0,322,0.317,-3.6411,-1172.42,1h,train,0.35,542
4.0,0.25,322,0.556,0.8939,287.84,1h,train,0.35,542
4.0,0.5,322,0.472,0.0797,25.66,1h,train,0.35,542
4.0,0.75,322,0.432,-0.6065,-195.29,1h,train,0.35,542
4.0,1.0,322,0.394,-1.1559,-372.21,1h,train,0.35,542
4.0,1.5,322,0.339,-2.3562,-758.7,1h,train,0.35,542
4.0,2.0,322,0.307,-3.4174,-1100.41,1h,train,0.35,542
4.5,0.25,322,0.553,1.0666,343.46,1h,train,0.35,542
4.5,0.5,322,0.469,0.26,83.73,1h,train,0.35,542
4.5,0.75,322,0.425,-0.3709,-119.43,1h,train,0.35,542
4.5,1.0,322,0.385,-0.8897,-286.49,1h,train,0.35,542
4.5,1.5,322,0.335,-2.0199,-650.4,1h,train,0.35,542
4.5,2.0,322,0.304,-3.1023,-998.94,1h,train,0.35,542
5.0,0.25,322,0.553,1.2422,399.98,1h,train,0.35,542
5.0,0.5,322,0.469,0.5021,161.67,1h,train,0.35,542
5.0,0.75,322,0.425,-0.114,-36.7,1h,train,0.35,542
5.0,1.0,322,0.385,-0.6099,-196.38,1h,train,0.35,542
5.0,1.5,322,0.342,-1.7386,-559.83,1h,train,0.35,542
5.0,2.0,322,0.307,-2.8031,-902.61,1h,train,0.35,542
1.5,0.25,322,0.615,0.3797,122.25,1h,train,0.375,542
1.5,0.5,322,0.516,-0.6481,-208.69,1h,train,0.375,542
1.5,0.75,322,0.466,-1.4576,-469.34,1h,train,0.375,542
1.5,1.0,322,0.422,-2.1259,-684.54,1h,train,0.375,542
1.5,1.5,322,0.351,-3.273,-1053.91,1h,train,0.375,542
1.5,2.0,322,0.289,-4.2474,-1367.65,1h,train,0.375,542
2.0,0.25,322,0.599,0.4834,155.64,1h,train,0.375,542
2.0,0.5,322,0.512,-0.5914,-190.44,1h,train,0.375,542
2.0,0.75,322,0.475,-1.3895,-447.42,1h,train,0.375,542
2.0,1.0,322,0.429,-2.0523,-660.85,1h,train,0.375,542
2.0,1.5,322,0.366,-3.1837,-1025.16,1h,train,0.375,542
2.0,2.0,322,0.317,-4.1668,-1341.72,1h,train,0.375,542
2.5,0.25,322,0.59,0.6951,223.83,1h,train,0.375,542
2.5,0.5,322,0.494,-0.2237,-72.02,1h,train,0.375,542
2.5,0.75,322,0.46,-0.9974,-321.18,1h,train,0.375,542
2.5,1.0,322,0.425,-1.6087,-517.99,1h,train,0.375,542
2.5,1.5,322,0.37,-2.7924,-899.14,1h,train,0.375,542
2.5,2.0,322,0.326,-3.8637,-1244.1,1h,train,0.375,542
3.0,0.25,322,0.575,0.7544,242.92,1h,train,0.375,542
3.0,0.5,322,0.491,-0.0711,-22.88,1h,train,0.375,542
3.0,0.75,322,0.453,-0.7786,-250.71,1h,train,0.375,542
3.0,1.0,322,0.422,-1.344,-432.78,1h,train,0.375,542
3.0,1.5,322,0.366,-2.5195,-811.28,1h,train,0.375,542
3.0,2.0,322,0.326,-3.5791,-1152.47,1h,train,0.375,542
3.5,0.25,322,0.562,0.8181,263.43,1h,train,0.375,542
3.5,0.5,322,0.481,0.0548,17.65,1h,train,0.375,542
3.5,0.75,322,0.447,-0.676,-217.66,1h,train,0.375,542
3.5,1.0,322,0.416,-1.2569,-404.72,1h,train,0.375,542
3.5,1.5,322,0.363,-2.4682,-794.77,1h,train,0.375,542
3.5,2.0,322,0.32,-3.5542,-1144.46,1h,train,0.375,542
4.0,0.25,322,0.559,0.9703,312.44,1h,train,0.375,542
4.0,0.5,322,0.472,0.1106,35.6,1h,train,0.375,542
4.0,0.75,322,0.435,-0.5901,-190.01,1h,train,0.375,542
4.0,1.0,322,0.398,-1.1543,-371.69,1h,train,0.375,542
4.0,1.5,322,0.339,-2.352,-757.33,1h,train,0.375,542
4.0,2.0,322,0.311,-3.4045,-1096.25,1h,train,0.375,542
4.5,0.25,322,0.556,1.0868,349.96,1h,train,0.375,542
4.5,0.5,322,0.469,0.3452,111.16,1h,train,0.375,542
4.5,0.75,322,0.429,-0.293,-94.34,1h,train,0.375,542
4.5,1.0,322,0.391,-0.8241,-265.36,1h,train,0.375,542
4.5,1.5,322,0.335,-1.9614,-631.56,1h,train,0.375,542
4.5,2.0,322,0.304,-3.0436,-980.03,1h,train,0.375,542
5.0,0.25,322,0.556,1.2702,409.01,1h,train,0.375,542
5.0,0.5,322,0.469,0.5274,169.83,1h,train,0.375,542
5.0,0.75,322,0.429,-0.0751,-24.2,1h,train,0.375,542
5.0,1.0,322,0.388,-0.5757,-185.36,1h,train,0.375,542
5.0,1.5,322,0.342,-1.7062,-549.38,1h,train,0.375,542
5.0,2.0,322,0.311,-2.8056,-903.4,1h,train,0.375,542
1.5,0.25,322,0.621,0.4777,153.82,1h,train,0.4,542
1.5,0.5,322,0.512,-0.5147,-165.73,1h,train,0.4,542
1.5,0.75,322,0.463,-1.3187,-424.63,1h,train,0.4,542
1.5,1.0,322,0.422,-2.0031,-645.0,1h,train,0.4,542
1.5,1.5,322,0.357,-3.1544,-1015.7,1h,train,0.4,542
1.5,2.0,322,0.295,-4.1232,-1327.68,1h,train,0.4,542
2.0,0.25,322,0.599,0.4805,154.73,1h,train,0.4,542
2.0,0.5,322,0.506,-0.6069,-195.41,1h,train,0.4,542
2.0,0.75,322,0.469,-1.4095,-453.87,1h,train,0.4,542
2.0,1.0,322,0.429,-2.0646,-664.79,1h,train,0.4,542
2.0,1.5,322,0.373,-3.2068,-1032.58,1h,train,0.4,542
2.0,2.0,322,0.314,-4.1763,-1344.77,1h,train,0.4,542
2.5,0.25,322,0.596,0.7262,233.84,1h,train,0.4,542
2.5,0.5,322,0.497,-0.2358,-75.93,1h,train,0.4,542
2.5,0.75,322,0.463,-1.0031,-322.99,1h,train,0.4,542
2.5,1.0,322,0.432,-1.6106,-518.62,1h,train,0.4,542
2.5,1.5,322,0.382,-2.8355,-913.04,1h,train,0.4,542
2.5,2.0,322,0.332,-3.8402,-1236.55,1h,train,0.4,542
3.0,0.25,322,0.581,0.7635,245.86,1h,train,0.4,542
3.0,0.5,322,0.481,-0.018,-5.78,1h,train,0.4,542
3.0,0.75,322,0.447,-0.7238,-233.06,1h,train,0.4,542
3.0,1.0,322,0.425,-1.2777,-411.43,1h,train,0.4,542
3.0,1.5,322,0.37,-2.4728,-796.24,1h,train,0.4,542
3.0,2.0,322,0.326,-3.5082,-1129.63,1h,train,0.4,542
3.5,0.25,322,0.568,0.8437,271.67,1h,train,0.4,542
3.5,0.5,322,0.481,0.0945,30.44,1h,train,0.4,542
3.5,0.75,322,0.441,-0.6337,-204.06,1h,train,0.4,542
3.5,1.0,322,0.416,-1.2061,-388.35,1h,train,0.4,542
3.5,1.5,322,0.36,-2.4504,-789.02,1h,train,0.4,542
3.5,2.0,322,0.317,-3.5204,-1133.56,1h,train,0.4,542
4.0,0.25,322,0.562,0.9477,305.16,1h,train,0.4,542
4.0,0.5,322,0.472,0.1052,33.87,1h,train,0.4,542
4.0,0.75,322,0.435,-0.6282,-202.28,1h,train,0.4,542
4.0,1.0,322,0.401,-1.2074,-388.77,1h,train,0.4,542
4.0,1.5,322,0.342,-2.4537,-790.1,1h,train,0.4,542
4.0,2.0,322,0.307,-3.4972,-1126.09,1h,train,0.4,542
4.5,0.25,322,0.559,1.0769,346.75,1h,train,0.4,542
4.5,0.5,322,0.466,0.283,91.11,1h,train,0.4,542
4.5,0.75,322,0.425,-0.3912,-125.98,1h,train,0.4,542
4.5,1.0,322,0.391,-0.9229,-297.17,1h,train,0.4,542
4.5,1.5,322,0.335,-2.1263,-684.66,1h,train,0.4,542
4.5,2.0,322,0.301,-3.1364,-1009.91,1h,train,0.4,542
5.0,0.25,322,0.559,1.2384,398.78,1h,train,0.4,542
5.0,0.5,322,0.466,0.4671,150.42,1h,train,0.4,542
5.0,0.75,322,0.425,-0.1291,-41.57,1h,train,0.4,542
5.0,1.0,322,0.388,-0.6008,-193.46,1h,train,0.4,542
5.0,1.5,322,0.342,-1.734,-558.36,1h,train,0.4,542
5.0,2.0,322,0.307,-2.7996,-901.46,1h,train,0.4,542
1.5,0.25,321,0.626,0.6219,199.63,1h,train,0.425,542
1.5,0.5,321,0.526,-0.3642,-116.91,1h,train,0.425,542
1.5,0.75,321,0.474,-1.1604,-372.5,1h,train,0.425,542
1.5,1.0,321,0.433,-1.8341,-588.74,1h,train,0.425,542
1.5,1.5,321,0.361,-2.9752,-955.05,1h,train,0.425,542
1.5,2.0,321,0.299,-3.9267,-1260.49,1h,train,0.425,542
2.0,0.25,321,0.604,0.6371,204.51,1h,train,0.425,542
2.0,0.5,321,0.511,-0.4673,-150.01,1h,train,0.425,542
2.0,0.75,321,0.474,-1.27,-407.67,1h,train,0.425,542
2.0,1.0,321,0.436,-1.9245,-617.78,1h,train,0.425,542
2.0,1.5,321,0.374,-3.0657,-984.09,1h,train,0.425,542
2.0,2.0,321,0.315,-4.0223,-1291.16,1h,train,0.425,542
2.5,0.25,321,0.601,0.8611,276.41,1h,train,0.425,542
2.5,0.5,321,0.502,-0.1354,-43.47,1h,train,0.425,542
2.5,0.75,321,0.467,-0.8868,-284.66,1h,train,0.425,542
2.5,1.0,321,0.433,-1.5008,-481.77,1h,train,0.425,542
2.5,1.5,321,0.386,-2.7215,-873.59,1h,train,0.425,542
2.5,2.0,321,0.333,-3.7108,-1191.16,1h,train,0.425,542
3.0,0.25,321,0.592,1.0133,325.28,1h,train,0.425,542
3.0,0.5,321,0.486,0.1374,44.11,1h,train,0.425,542
3.0,0.75,321,0.452,-0.5865,-188.26,1h,train,0.425,542
3.0,1.0,321,0.427,-1.1811,-379.15,1h,train,0.425,542
3.0,1.5,321,0.374,-2.4166,-775.73,1h,train,0.425,542
3.0,2.0,321,0.324,-3.4286,-1100.57,1h,train,0.425,542
3.5,0.25,321,0.576,1.003,321.95,1h,train,0.425,542
3.5,0.5,321,0.486,0.2401,77.08,1h,train,0.425,542
3.5,0.75,321,0.445,-0.4685,-150.4,1h,train,0.425,542
3.5,1.0,321,0.417,-1.0536,-338.2,1h,train,0.425,542
3.5,1.5,321,0.364,-2.2271,-714.89,1h,train,0.425,542
3.5,2.0,321,0.321,-3.2783,-1052.33,1h,train,0.425,542
4.0,0.25,321,0.57,1.1002,353.18,1h,train,0.425,542
4.0,0.5,321,0.48,0.3072,98.62,1h,train,0.425,542
4.0,0.75,321,0.442,-0.3968,-127.38,1h,train,0.425,542
4.0,1.0,321,0.408,-0.9738,-312.6,1h,train,0.425,542
4.0,1.5,321,0.349,-2.2078,-708.71,1h,train,0.425,542
4.0,2.0,321,0.312,-3.2582,-1045.88,1h,train,0.425,542
4.5,0.25,321,0.567,1.223,392.58,1h,train,0.425,542
4.5,0.5,321,0.47,0.4024,129.15,1h,train,0.425,542
4.5,0.75,321,0.43,-0.2661,-85.42,1h,train,0.425,542
4.5,1.0,321,0.396,-0.8042,-258.15,1h,train,0.425,542
4.5,1.5,321,0.34,-1.9954,-640.52,1h,train,0.425,542
4.5,2.0,321,0.305,-3.0066,-965.13,1h,train,0.425,542
5.0,0.25,321,0.567,1.3943,447.56,1h,train,0.425,542
5.0,0.5,321,0.47,0.596,191.32,1h,train,0.425,542
5.0,0.75,321,0.43,0.0023,0.74,1h,train,0.425,542
5.0,1.0,321,0.393,-0.4739,-152.13,1h,train,0.425,542
5.0,1.5,321,0.343,-1.5777,-506.45,1h,train,0.425,542
5.0,2.0,321,0.308,-2.6095,-837.63,1h,train,0.425,542
1.5,0.25,321,0.623,0.5491,176.28,1h,train,0.45,542
1.5,0.5,321,0.533,-0.3945,-126.64,1h,train,0.45,542
1.5,0.75,321,0.483,-1.1753,-377.29,1h,train,0.45,542
1.5,1.0,321,0.442,-1.8396,-590.5,1h,train,0.45,542
1.5,1.5,321,0.364,-2.9684,-952.84,1h,train,0.45,542
1.5,2.0,321,0.299,-3.9128,-1256.0,1h,train,0.45,542
2.0,0.25,321,0.607,0.6498,208.59,1h,train,0.45,542
2.0,0.5,321,0.514,-0.3811,-122.33,1h,train,0.45,542
2.0,0.75,321,0.48,-1.1766,-377.69,1h,train,0.45,542
2.0,1.0,321,0.442,-1.8281,-586.83,1h,train,0.45,542
2.0,1.5,321,0.377,-2.9658,-952.02,1h,train,0.45,542
2.0,2.0,321,0.315,-3.9198,-1258.26,1h,train,0.45,542
2.5,0.25,321,0.604,0.8802,282.54,1h,train,0.45,542
2.5,0.5,321,0.502,-0.1328,-42.63,1h,train,0.45,542
2.5,0.75,321,0.47,-0.8875,-284.88,1h,train,0.45,542
2.5,1.0,321,0.433,-1.4873,-477.42,1h,train,0.45,542
2.5,1.5,321,0.386,-2.7022,-867.4,1h,train,0.45,542
2.5,2.0,321,0.333,-3.6875,-1183.7,1h,train,0.45,542
3.0,0.25,321,0.598,1.0293,330.42,1h,train,0.45,542
3.0,0.5,321,0.486,0.1767,56.73,1h,train,0.45,542
3.0,0.75,321,0.455,-0.5419,-173.94,1h,train,0.45,542
3.0,1.0,321,0.427,-1.1338,-363.94,1h,train,0.45,542
3.0,1.5,321,0.377,-2.3128,-742.41,1h,train,0.45,542
3.0,2.0,321,0.33,-3.3266,-1067.85,1h,train,0.45,542
3.5,0.25,321,0.583,1.0716,343.98,1h,train,0.45,542
3.5,0.5,321,0.486,0.2774,89.06,1h,train,0.45,542
3.5,0.75,321,0.449,-0.4444,-142.65,1h,train,0.45,542
3.5,1.0,321,0.421,-1.0481,-336.43,1h,train,0.45,542
3.5,1.5,321,0.368,-2.2566,-724.36,1h,train,0.45,542
3.5,2.0,321,0.327,-3.2852,-1054.55,1h,train,0.45,542
4.0,0.25,321,0.573,1.1114,356.77,1h,train,0.45,542
4.0,0.5,321,0.477,0.3154,101.23,1h,train,0.45,542
4.0,0.75,321,0.442,-0.3871,-124.25,1h,train,0.45,542
4.0,1.0,321,0.405,-0.9712,-311.77,1h,train,0.45,542
4.0,1.5,321,0.346,-2.2062,-708.18,1h,train,0.45,542
4.0,2.0,321,0.315,-3.2583,-1045.92,1h,train,0.45,542
4.5,0.25,321,0.57,1.2268,393.82,1h,train,0.45,542
4.5,0.5,321,0.467,0.3875,124.4,1h,train,0.45,542
4.5,0.75,321,0.43,-0.3082,-98.92,1h,train,0.45,542
4.5,1.0,321,0.393,-0.8819,-283.11,1h,train,0.45,542
4.5,1.5,321,0.336,-2.1195,-680.36,1h,train,0.45,542
4.5,2.0,321,0.305,-3.1489,-1010.81,1h,train,0.45,542
5.0,0.25,321,0.57,1.3952,447.86,1h,train,0.45,542
5.0,0.5,321,0.467,0.6163,197.82,1h,train,0.45,542
5.0,0.75,321,0.43,-0.0062,-1.99,1h,train,0.45,542
5.0,1.0,321,0.393,-0.5097,-163.62,1h,train,0.45,542
5.0,1.5,321,0.343,-1.6359,-525.13,1h,train,0.45,542
5.0,2.0,321,0.312,-2.622,-841.65,1h,train,0.45,542
1.5,0.25,321,0.62,0.2606,83.65,1h,train,0.475,542
1.5,0.5,321,0.536,-0.6753,-216.77,1h,train,0.475,542
1.5,0.75,321,0.483,-1.4441,-463.56,1h,train,0.475,542
1.5,1.0,321,0.439,-2.0998,-674.05,1h,train,0.475,542
1.5,1.5,321,0.361,-3.1971,-1026.26,1h,train,0.475,542
1.5,2.0,321,0.305,-4.1208,-1322.78,1h,train,0.475,542
2.0,0.25,321,0.607,0.4992,160.23,1h,train,0.475,542
2.0,0.5,321,0.52,-0.4795,-153.91,1h,train,0.475,542
2.0,0.75,321,0.483,-1.2632,-405.5,1h,train,0.475,542
2.0,1.0,321,0.442,-1.9144,-614.52,1h,train,0.475,542
2.0,1.5,321,0.38,-3.0347,-974.14,1h,train,0.475,542
2.0,2.0,321,0.321,-3.9742,-1275.72,1h,train,0.475,542
2.5,0.25,321,0.604,0.7125,228.72,1h,train,0.475,542
2.5,0.5,321,0.511,-0.2839,-91.12,1h,train,0.475,542
2.5,0.75,321,0.48,-1.0408,-334.11,1h,train,0.475,542
2.5,1.0,321,0.436,-1.6658,-534.73,1h,train,0.475,542
2.5,1.5,321,0.393,-2.7832,-893.39,1h,train,0.475,542
2.5,2.0,321,0.343,-3.7352,-1198.99,1h,train,0.475,542
3.0,0.25,321,0.601,0.7807,250.61,1h,train,0.475,542
3.0,0.5,321,0.498,-0.0576,-18.49,1h,train,0.475,542
3.0,0.75,321,0.464,-0.7614,-244.39,1h,train,0.475,542
3.0,1.0,321,0.427,-1.35,-433.35,1h,train,0.475,542
3.0,1.5,321,0.38,-2.5203,-809.01,1h,train,0.475,542
3.0,2.0,321,0.333,-3.53,-1133.14,1h,train,0.475,542
3.5,0.25,321,0.586,0.853,273.82,1h,train,0.475,542
3.5,0.5,321,0.495,0.0903,28.99,1h,train,0.475,542
3.5,0.75,321,0.461,-0.5557,-178.39,1h,train,0.475,542
3.5,1.0,321,0.424,-1.1022,-353.82,1h,train,0.475,542
3.5,1.5,321,0.374,-2.2552,-723.92,1h,train,0.475,542
3.5,2.0,321,0.336,-3.2542,-1044.59,1h,train,0.475,542
4.0,0.25,321,0.576,0.9532,305.99,1h,train,0.475,542
4.0,0.5,321,0.486,0.206,66.13,1h,train,0.475,542
4.0,0.75,321,0.452,-0.4579,-146.99,1h,train,0.475,542
4.0,1.0,321,0.414,-1.0275,-329.83,1h,train,0.475,542
4.0,1.5,321,0.358,-2.261,-725.79,1h,train,0.475,542
4.0,2.0,321,0.321,-3.3153,-1064.21,1h,train,0.475,542
4.5,0.25,321,0.57,0.9668,310.34,1h,train,0.475,542
4.5,0.5,321,0.477,0.1803,57.88,1h,train,0.475,542
4.5,0.75,321,0.436,-0.5005,-160.65,1h,train,0.475,542
4.5,1.0,321,0.399,-1.0629,-341.18,1h,train,0.475,542
4.5,1.5,321,0.346,-2.2732,-729.7,1h,train,0.475,542
4.5,2.0,321,0.315,-3.2912,-1056.48,1h,train,0.475,542
5.0,0.25,321,0.57,1.1699,375.55,1h,train,0.475,542
5.0,0.5,321,0.474,0.4148,133.16,1h,train,0.475,542
5.0,0.75,321,0.433,-0.1964,-63.03,1h,train,0.475,542
5.0,1.0,321,0.393,-0.6976,-223.94,1h,train,0.475,542
5.0,1.5,321,0.346,-1.8441,-591.96,1h,train,0.475,542
5.0,2.0,321,0.315,-2.8384,-911.11,1h,train,0.475,542
1.5,0.25,320,0.619,0.1523,48.74,1h,train,0.5,542
1.5,0.5,320,0.528,-0.7707,-246.63,1h,train,0.5,542
1.5,0.75,320,0.478,-1.5698,-502.33,1h,train,0.5,542
1.5,1.0,320,0.434,-2.2343,-714.99,1h,train,0.5,542
1.5,1.5,320,0.356,-3.3422,-1069.51,1h,train,0.5,542
1.5,2.0,320,0.303,-4.2946,-1374.26,1h,train,0.5,542
2.0,0.25,320,0.609,0.3216,102.92,1h,train,0.5,542
2.0,0.5,320,0.512,-0.6369,-203.81,1h,train,0.5,542
2.0,0.75,320,0.475,-1.4201,-454.43,1h,train,0.5,542
2.0,1.0,320,0.431,-2.0849,-667.16,1h,train,0.5,542
2.0,1.5,320,0.362,-3.2109,-1027.5,1h,train,0.5,542
2.0,2.0,320,0.312,-4.15,-1328.01,1h,train,0.5,542
2.5,0.25,320,0.603,0.5894,188.61,1h,train,0.5,542
2.5,0.5,320,0.512,-0.3928,-125.69,1h,train,0.5,542
2.5,0.75,320,0.475,-1.1716,-374.93,1h,train,0.5,542
2.5,1.0,320,0.434,-1.8084,-578.69,1h,train,0.5,542
2.5,1.5,320,0.378,-2.9024,-928.75,1h,train,0.5,542
2.5,2.0,320,0.331,-3.8436,-1229.95,1h,train,0.5,542
3.0,0.25,320,0.6,0.6763,216.41,1h,train,0.5,542
3.0,0.5,320,0.5,-0.2172,-69.51,1h,train,0.5,542
3.0,0.75,320,0.462,-0.9226,-295.23,1h,train,0.5,542
3.0,1.0,320,0.425,-1.5198,-486.33,1h,train,0.5,542
3.0,1.5,320,0.375,-2.7008,-864.26,1h,train,0.5,542
3.0,2.0,320,0.331,-3.67,-1174.4,1h,train,0.5,542
3.5,0.25,320,0.584,0.7006,224.18,1h,train,0.5,542
3.5,0.5,320,0.494,-0.1314,-42.06,1h,train,0.5,542
3.5,0.75,320,0.456,-0.812,-259.84,1h,train,0.5,542
3.5,1.0,320,0.419,-1.385,-443.2,1h,train,0.5,542
3.5,1.5,320,0.362,-2.5676,-821.63,1h,train,0.5,542
3.5,2.0,320,0.328,-3.5534,-1137.07,1h,train,0.5,542
4.0,0.25,320,0.575,0.8288,265.22,1h,train,0.5,542
4.0,0.5,320,0.484,0.0454,14.53,1h,train,0.5,542
4.0,0.75,320,0.447,-0.6423,-205.53,1h,train,0.5,542
4.0,1.0,320,0.409,-1.2247,-391.89,1h,train,0.5,542
4.0,1.5,320,0.35,-2.387,-763.82,1h,train,0.5,542
4.0,2.0,320,0.319,-3.4289,-1097.26,1h,train,0.5,542
4.5,0.25,320,0.569,0.8267,264.55,1h,train,0.5,542
4.5,0.5,320,0.478,0.0725,23.21,1h,train,0.5,542
4.5,0.75,320,0.434,-0.6079,-194.53,1h,train,0.5,542
4.5,1.0,320,0.397,-1.1783,-377.07,1h,train,0.5,542
4.5,1.5,320,0.344,-2.4,-767.99,1h,train,0.5,542
4.5,2.0,320,0.312,-3.4431,-1101.8,1h,train,0.5,542
5.0,0.25,320,0.569,1.0572,338.29,1h,train,0.5,542
5.0,0.5,320,0.472,0.2761,88.36,1h,train,0.5,542
5.0,0.75,320,0.428,-0.3434,-109.9,1h,train,0.5,542
5.0,1.0,320,0.388,-0.8584,-274.69,1h,train,0.5,542
5.0,1.5,320,0.341,-2.0199,-646.38,1h,train,0.5,542
5.0,2.0,320,0.312,-3.0316,-970.12,1h,train,0.5,542
1.5,0.25,317,0.612,0.1839,58.31,1h,train,0.525,542
1.5,0.5,317,0.521,-0.7552,-239.4,1h,train,0.525,542
1.5,0.75,317,0.473,-1.5327,-485.87,1h,train,0.525,542
1.5,1.0,317,0.432,-2.185,-692.65,1h,train,0.525,542
1.5,1.5,317,0.353,-3.3036,-1047.24,1h,train,0.525,542
1.5,2.0,317,0.3,-4.2536,-1348.38,1h,train,0.525,542
2.0,0.25,317,0.609,0.3015,95.56,1h,train,0.525,542
2.0,0.5,317,0.508,-0.6933,-219.79,1h,train,0.525,542
2.0,0.75,317,0.467,-1.4682,-465.43,1h,train,0.525,542
2.0,1.0,317,0.429,-2.126,-673.95,1h,train,0.525,542
2.0,1.5,317,0.36,-3.2441,-1028.37,1h,train,0.525,542
2.0,2.0,317,0.312,-4.1786,-1324.6,1h,train,0.525,542
2.5,0.25,317,0.603,0.5649,179.06,1h,train,0.525,542
2.5,0.5,317,0.508,-0.3568,-113.1,1h,train,0.525,542
2.5,0.75,317,0.473,-1.1274,-357.38,1h,train,0.525,542
2.5,1.0,317,0.435,-1.7712,-561.47,1h,train,0.525,542
2.5,1.5,317,0.379,-2.877,-912.0,1h,train,0.525,542
2.5,2.0,317,0.328,-3.8081,-1207.17,1h,train,0.525,542
3.0,0.25,317,0.599,0.6568,208.2,1h,train,0.525,542
3.0,0.5,317,0.498,-0.1891,-59.95,1h,train,0.525,542
3.0,0.75,317,0.464,-0.8886,-281.69,1h,train,0.525,542
3.0,1.0,317,0.429,-1.4916,-472.82,1h,train,0.525,542
3.0,1.5,317,0.379,-2.6671,-845.47,1h,train,0.525,542
3.0,2.0,317,0.331,-3.6311,-1151.06,1h,train,0.525,542
3.5,0.25,317,0.59,0.6795,215.4,1h,train,0.525,542
3.5,0.5,317,0.492,-0.0731,-23.16,1h,train,0.525,542
3.5,0.75,317,0.461,-0.7421,-235.25,1h,train,0.525,542
3.5,1.0,317,0.426,-1.3193,-418.2,1h,train,0.525,542
3.5,1.5,317,0.372,-2.4229,-768.06,1h,train,0.525,542
3.5,2.0,317,0.331,-3.4007,-1078.02,1h,train,0.525,542
4.0,0.25,317,0.584,0.8423,267.0,1h,train,0.525,542
4.0,0.5,317,0.489,0.1048,33.22,1h,train,0.525,542
4.0,0.75,317,0.454,-0.5966,-189.13,1h,train,0.525,542
4.0,1.0,317,0.413,-1.148,-363.91,1h,train,0.525,542
4.0,1.5,317,0.353,-2.3179,-734.78,1h,train,0.525,542
4.0,2.0,317,0.322,-3.317,-1051.48,1h,train,0.525,542
4.5,0.25,317,0.574,0.8202,259.99,1h,train,0.525,542
4.5,0.5,317,0.479,0.11,34.88,1h,train,0.525,542
4.5,0.75,317,0.438,-0.5478,-173.64,1h,train,0.525,542
4.5,1.0,317,0.397,-1.11,-351.87,1h,train,0.525,542
4.5,1.5,317,0.347,-2.3519,-745.55,1h,train,0.525,542
4.5,2.0,317,0.315,-3.402,-1078.43,1h,train,0.525,542
5.0,0.25,317,0.574,1.0392,329.41,1h,train,0.525,542
5.0,0.5,317,0.476,0.349,110.63,1h,train,0.525,542
5.0,0.75,317,0.435,-0.2724,-86.36,1h,train,0.525,542
5.0,1.0,317,0.391,-0.8055,-255.33,1h,train,0.525,542
5.0,1.5,317,0.347,-2.012,-637.81,1h,train,0.525,542
5.0,2.0,317,0.315,-3.0248,-958.88,1h,train,0.525,542
1.5,0.25,315,0.613,0.2678,84.34,1h,train,0.55,542
1.5,0.5,315,0.524,-0.6646,-209.34,1h,train,0.55,542
1.5,0.75,315,0.476,-1.4284,-449.96,1h,train,0.55,542
1.5,1.0,315,0.435,-2.0754,-653.76,1h,train,0.55,542
1.5,1.5,315,0.359,-3.1881,-1004.26,1h,train,0.55,542
1.5,2.0,315,0.298,-4.1362,-1302.89,1h,train,0.55,542
2.0,0.25,315,0.616,0.4675,147.28,1h,train,0.55,542
2.0,0.5,315,0.517,-0.5462,-172.04,1h,train,0.55,542
2.0,0.75,315,0.47,-1.3126,-413.46,1h,train,0.55,542
2.0,1.0,315,0.432,-1.9607,-617.63,1h,train,0.55,542
2.0,1.5,315,0.365,-3.0692,-966.8,1h,train,0.55,542
2.0,2.0,315,0.308,-3.9995,-1259.86,1h,train,0.55,542
2.5,0.25,315,0.606,0.6086,191.72,1h,train,0.55,542
2.5,0.5,315,0.514,-0.3869,-121.86,1h,train,0.55,542
2.5,0.75,315,0.476,-1.1515,-362.72,1h,train,0.55,542
2.5,1.0,315,0.441,-1.7983,-566.45,1h,train,0.55,542
2.5,1.5,315,0.371,-2.9178,-919.1,1h,train,0.55,542
2.5,2.0,315,0.321,-3.8568,-1214.9,1h,train,0.55,542
3.0,0.25,315,0.603,0.7727,243.39,1h,train,0.55,542
3.0,0.5,315,0.508,-0.1216,-38.31,1h,train,0.55,542
3.0,0.75,315,0.47,-0.8454,-266.3,1h,train,0.55,542
3.0,1.0,315,0.438,-1.4568,-458.89,1h,train,0.55,542
3.0,1.5,315,0.387,-2.5679,-808.87,1h,train,0.55,542
3.0,2.0,315,0.337,-3.5205,-1108.97,1h,train,0.55,542
3.5,0.25,315,0.597,0.9059,285.35,1h,train,0.55,542
3.5,0.5,315,0.498,0.1095,34.5,1h,train,0.55,542
3.5,0.75,315,0.463,-0.5792,-182.44,1h,train,0.55,542
3.5,1.0,315,0.432,-1.173,-369.5,1h,train,0.55,542
3.5,1.5,315,0.378,-2.3322,-734.64,1h,train,0.55,542
3.5,2.0,315,0.333,-3.3375,-1051.3,1h,train,0.55,542
4.0,0.25,315,0.587,1.0255,323.02,1h,train,0.55,542
4.0,0.5,315,0.495,0.2611,82.24,1h,train,0.55,542
4.0,0.75,315,0.463,-0.3709,-116.83,1h,train,0.55,542
4.0,1.0,315,0.429,-0.9148,-288.15,1h,train,0.55,542
4.0,1.5,315,0.371,-2.0754,-653.74,1h,train,0.55,542
4.0,2.0,315,0.337,-3.0715,-967.52,1h,train,0.55,542
4.5,0.25,315,0.578,1.0833,341.24,1h,train,0.55,542
4.5,0.5,315,0.486,0.323,101.75,1h,train,0.55,542
4.5,0.75,315,0.444,-0.3407,-107.31,1h,train,0.55,542
4.5,1.0,315,0.41,-0.9096,-286.52,1h,train,0.55,542
4.5,1.5,315,0.356,-2.1469,-676.28,1h,train,0.55,542
4.5,2.0,315,0.317,-3.1949,-1006.39,1h,train,0.55,542
5.0,0.25,315,0.575,1.1581,364.8,1h,train,0.55,542
5.0,0.5,315,0.479,0.3863,121.68,1h,train,0.55,542
5.0,0.75,315,0.438,-0.2668,-84.05,1h,train,0.55,542
5.0,1.0,315,0.403,-0.8206,-258.48,1h,train,0.55,542
5.0,1.5,315,0.352,-2.0352,-641.09,1h,train,0.55,542
5.0,2.0,315,0.317,-3.0641,-965.2,1h,train,0.55,542
1.5,0.25,313,0.61,0.2085,65.25,1h,train,0.575,542
1.5,0.5,313,0.521,-0.779,-243.82,1h,train,0.575,542
1.5,0.75,313,0.479,-1.5774,-493.74,1h,train,0.575,542
1.5,1.0,313,0.428,-2.2468,-703.23,1h,train,0.575,542
1.5,1.5,313,0.351,-3.3662,-1053.61,1h,train,0.575,542
1.5,2.0,313,0.288,-4.31,-1349.04,1h,train,0.575,542
2.0,0.25,313,0.61,0.2738,85.71,1h,train,0.575,542
2.0,0.5,313,0.511,-0.7366,-230.57,1h,train,0.575,542
2.0,0.75,313,0.47,-1.5062,-471.45,1h,train,0.575,542
2.0,1.0,313,0.422,-2.1569,-675.11,1h,train,0.575,542
2.0,1.5,313,0.355,-3.2729,-1024.43,1h,train,0.575,542
2.0,2.0,313,0.3,-4.231,-1324.32,1h,train,0.575,542
2.5,0.25,313,0.597,0.4035,126.28,1h,train,0.575,542
2.5,0.5,313,0.505,-0.5917,-185.2,1h,train,0.575,542
2.5,0.75,313,0.466,-1.3709,-429.11,1h,train,0.575,542
2.5,1.0,313,0.435,-2.0209,-632.55,1h,train,0.575,542
2.5,1.5,313,0.364,-3.14,-982.83,1h,train,0.575,542
2.5,2.0,313,0.313,-4.0791,-1276.75,1h,train,0.575,542
3.0,0.25,313,0.594,0.5692,178.17,1h,train,0.575,542
3.0,0.5,313,0.498,-0.3323,-104.0,1h,train,0.575,542
3.0,0.75,313,0.46,-1.0856,-339.8,1h,train,0.575,542
3.0,1.0,313,0.431,-1.7215,-538.84,1h,train,0.575,542
3.0,1.5,313,0.377,-2.8335,-886.88,1h,train,0.575,542
3.0,2.0,313,0.329,-3.7836,-1184.28,1h,train,0.575,542
3.5,0.25,313,0.588,0.6712,210.07,1h,train,0.575,542
3.5,0.5,313,0.489,-0.1554,-48.64,1h,train,0.575,542
3.5,0.75,313,0.45,-0.8533,-267.08,1h,train,0.575,542
3.5,1.0,313,0.428,-1.4627,-457.83,1h,train,0.575,542
3.5,1.5,313,0.371,-2.6443,-827.65,1h,train,0.575,542
3.5,2.0,313,0.326,-3.6152,-1131.55,1h,train,0.575,542
4.0,0.25,313,0.578,0.7175,224.57,1h,train,0.575,542
4.0,0.5,313,0.486,-0.0772,-24.17,1h,train,0.575,542
4.0,0.75,313,0.447,-0.756,-236.64,1h,train,0.575,542
4.0,1.0,313,0.422,-1.338,-418.81,1h,train,0.575,542
4.0,1.5,313,0.361,-2.5527,-799.01,1h,train,0.575,542
4.0,2.0,313,0.326,-3.5497,-1111.07,1h,train,0.575,542
4.5,0.25,313,0.569,0.8294,259.62,1h,train,0.575,542
4.5,0.5,313,0.476,0.0582,18.21,1h,train,0.575,542
4.5,0.75,313,0.438,-0.6894,-215.77,1h,train,0.575,542
4.5,1.0,313,0.403,-1.2607,-394.61,1h,train,0.575,542
4.5,1.5,313,0.345,-2.4367,-762.69,1h,train,0.575,542
4.5,2.0,313,0.316,-3.4796,-1089.11,1h,train,0.575,542
5.0,0.25,313,0.565,0.9026,282.5,1h,train,0.575,542
5.0,0.5,313,0.47,0.1137,35.59,1h,train,0.575,542
5.0,0.75,313,0.428,-0.6254,-195.75,1h,train,0.575,542
5.0,1.0,313,0.393,-1.1795,-369.18,1h,train,0.575,542
5.0,1.5,313,0.342,-2.4169,-756.5,1h,train,0.575,542
5.0,2.0,313,0.313,-3.4696,-1085.99,1h,train,0.575,542
1.5,0.25,312,0.615,0.2672,83.37,1h,train,0.6,542
1.5,0.5,312,0.519,-0.7212,-225.0,1h,train,0.6,542
1.5,0.75,312,0.474,-1.5137,-472.28,1h,train,0.6,542
1.5,1.0,312,0.42,-2.1802,-680.23,1h,train,0.6,542
1.5,1.5,312,0.343,-3.2968,-1028.59,1h,train,0.6,542
1.5,2.0,312,0.292,-4.2392,-1322.62,1h,train,0.6,542
2.0,0.25,312,0.609,0.248,77.39,1h,train,0.6,542
2.0,0.5,312,0.513,-0.7033,-219.42,1h,train,0.6,542
2.0,0.75,312,0.474,-1.4974,-467.2,1h,train,0.6,542
2.0,1.0,312,0.429,-2.1614,-674.34,1h,train,0.6,542
2.0,1.5,312,0.359,-3.2724,-1020.99,1h,train,0.6,542
2.0,2.0,312,0.304,-4.2264,-1318.64,1h,train,0.6,542
2.5,0.25,312,0.599,0.3673,114.59,1h,train,0.6,542
2.5,0.5,312,0.497,-0.5948,-185.58,1h,train,0.6,542
2.5,0.75,312,0.462,-1.3672,-426.57,1h,train,0.6,542
2.5,1.0,312,0.429,-2.0244,-631.63,1h,train,0.6,542
2.5,1.5,312,0.356,-3.1441,-980.97,1h,train,0.6,542
2.5,2.0,312,0.317,-4.0818,-1273.52,1h,train,0.6,542
3.0,0.25,312,0.596,0.5763,179.82,1h,train,0.6,542
3.0,0.5,312,0.497,-0.3493,-108.99,1h,train,0.6,542
3.0,0.75,312,0.462,-1.1061,-345.11,1h,train,0.6,542
3.0,1.0,312,0.436,-1.7461,-544.78,1h,train,0.6,542
3.0,1.5,312,0.375,-2.8286,-882.52,1h,train,0.6,542
3.0,2.0,312,0.327,-3.7629,-1174.02,1h,train,0.6,542
3.5,0.25,312,0.59,0.6499,202.78,1h,train,0.6,542
3.5,0.5,312,0.487,-0.2173,-67.8,1h,train,0.6,542
3.5,0.75,312,0.452,-0.928,-289.55,1h,train,0.6,542
3.5,1.0,312,0.433,-1.5474,-482.79,1h,train,0.6,542
3.5,1.5,312,0.372,-2.702,-843.03,1h,train,0.6,542
3.5,2.0,312,0.327,-3.6594,-1141.73,1h,train,0.6,542
4.0,0.25,312,0.577,0.5884,183.58,1h,train,0.6,542
4.0,0.5,312,0.471,-0.2117,-66.05,1h,train,0.6,542
4.0,0.75,312,0.442,-0.9176,-286.28,1h,train,0.6,542
4.0,1.0,312,0.42,-1.5314,-477.79,1h,train,0.6,542
4.0,1.5,312,0.359,-2.6739,-834.27,1h,train,0.6,542
4.0,2.0,312,0.327,-3.6721,-1145.69,1h,train,0.6,542
4.5,0.25,312,0.567,0.7348,229.24,1h,train,0.6,542
4.5,0.5,312,0.465,-0.0738,-23.03,1h,train,0.6,542
4.5,0.75,312,0.433,-0.7908,-246.72,1h,train,0.6,542
4.5,1.0,312,0.404,-1.3588,-423.95,1h,train,0.6,542
4.5,1.5,312,0.343,-2.5396,-792.35,1h,train,0.6,542
4.5,2.0,312,0.314,-3.5425,-1105.26,1h,train,0.6,542
5.0,0.25,312,0.564,0.8202,255.89,1h,train,0.6,542
5.0,0.5,312,0.462,0.0844,26.35,1h,train,0.6,542
5.0,0.75,312,0.426,-0.6095,-190.17,1h,train,0.6,542
5.0,1.0,312,0.397,-1.2032,-375.4,1h,train,0.6,542
5.0,1.5,312,0.346,-2.3981,-748.2,1h,train,0.6,542
5.0,2.0,312,0.317,-3.4401,-1073.31,1h,train,0.6,542
1.5,0.25,309,0.625,0.359,110.93,1h,train,0.625,542
1.5,0.5,309,0.531,-0.6773,-209.29,1h,train,0.625,542
1.5,0.75,309,0.476,-1.4628,-452.0,1h,train,0.625,542
1.5,1.0,309,0.427,-2.1217,-655.6,1h,train,0.625,542
1.5,1.5,309,0.343,-3.2287,-997.66,1h,train,0.625,542
1.5,2.0,309,0.294,-4.165,-1286.99,1h,train,0.625,542
2.0,0.25,309,0.618,0.4506,139.24,1h,train,0.625,542
2.0,0.5,309,0.524,-0.5003,-154.59,1h,train,0.625,542
2.0,0.75,309,0.482,-1.2869,-397.65,1h,train,0.625,542
2.0,1.0,309,0.447,-1.9456,-601.19,1h,train,0.625,542
2.0,1.5,309,0.369,-3.0712,-949.01,1h,train,0.625,542
2.0,2.0,309,0.314,-4.0259,-1244.02,1h,train,0.625,542
2.5,0.25,309,0.608,0.4849,149.85,1h,train,0.625,542
2.5,0.5,309,0.502,-0.5854,-180.87,1h,train,0.625,542
2.5,0.75,309,0.456,-1.3603,-420.33,1h,train,0.625,542
2.5,1.0,309,0.427,-2.0131,-622.03,1h,train,0.625,542
2.5,1.5,309,0.356,-3.1266,-966.12,1h,train,0.625,542
2.5,2.0,309,0.317,-4.0605,-1254.69,1h,train,0.625,542
3.0,0.25,309,0.602,0.6772,209.25,1h,train,0.625,542
3.0,0.5,309,0.505,-0.3767,-116.4,1h,train,0.625,542
3.0,0.75,309,0.453,-1.1428,-353.12,1h,train,0.625,542
3.0,1.0,309,0.427,-1.7926,-553.91,1h,train,0.625,542
3.0,1.5,309,0.369,-2.9141,-900.46,1h,train,0.625,542
3.0,2.0,309,0.327,-3.8548,-1191.14,1h,train,0.625,542
3.5,0.25,309,0.595,0.6629,204.82,1h,train,0.625,542
3.5,0.5,309,0.495,-0.358,-110.63,1h,train,0.625,542
3.5,0.75,309,0.447,-1.1224,-346.83,1h,train,0.625,542
3.5,1.0,309,0.427,-1.7638,-545.02,1h,train,0.625,542
3.5,1.5,309,0.369,-2.8695,-886.67,1h,train,0.625,542
3.5,2.0,309,0.33,-3.8199,-1180.34,1h,train,0.625,542
4.0,0.25,309,0.583,0.6572,203.07,1h,train,0.625,542
4.0,0.5,309,0.476,-0.2918,-90.18,1h,train,0.625,542
4.0,0.75,309,0.437,-0.9943,-307.24,1h,train,0.625,542
4.0,1.0,309,0.414,-1.6154,-499.17,1h,train,0.625,542
4.0,1.5,309,0.359,-2.7613,-853.24,1h,train,0.625,542
4.0,2.0,309,0.33,-3.7612,-1162.2,1h,train,0.625,542
4.5,0.25,309,0.576,0.805,248.75,1h,train,0.625,542
4.5,0.5,309,0.472,-0.1803,-55.71,1h,train,0.625,542
4.5,0.75,309,0.434,-0.8795,-271.76,1h,train,0.625,542
4.5,1.0,309,0.405,-1.4704,-454.35,1h,train,0.625,542
4.5,1.5,309,0.346,-2.6909,-831.47,1h,train,0.625,542
4.5,2.0,309,0.314,-3.7061,-1145.17,1h,train,0.625,542
5.0,0.25,309,0.573,0.9952,307.52,1h,train,0.625,542
5.0,0.5,309,0.469,0.0742,22.94,1h,train,0.625,542
5.0,0.75,309,0.424,-0.6526,-201.65,1h,train,0.625,542
5.0,1.0,309,0.395,-1.236,-381.93,1h,train,0.625,542
5.0,1.5,309,0.346,-2.4187,-747.39,1h,train,0.625,542
5.0,2.0,309,0.317,-3.46,-1069.14,1h,train,0.625,542
1.5,0.25,307,0.632,0.2924,89.75,1h,train,0.65,542
1.5,0.5,307,0.524,-0.7485,-229.78,1h,train,0.65,542
1.5,0.75,307,0.469,-1.5297,-469.62,1h,train,0.65,542
1.5,1.0,307,0.42,-2.1873,-671.49,1h,train,0.65,542
1.5,1.5,307,0.339,-3.2935,-1011.11,1h,train,0.65,542
1.5,2.0,307,0.29,-4.2298,-1298.55,1h,train,0.65,542
2.0,0.25,307,0.622,0.3862,118.57,1h,train,0.65,542
2.0,0.5,307,0.521,-0.5886,-180.72,1h,train,0.65,542
2.0,0.75,307,0.479,-1.3747,-422.04,1h,train,0.65,542
2.0,1.0,307,0.44,-2.033,-624.15,1h,train,0.65,542
2.0,1.5,307,0.362,-3.1585,-969.66,1h,train,0.65,542
2.0,2.0,307,0.306,-4.1141,-1263.02,1h,train,0.65,542
2.5,0.25,307,0.616,0.4445,136.45,1h,train,0.65,542
2.5,0.5,307,0.505,-0.6572,-201.75,1h,train,0.65,542
2.5,0.75,307,0.459,-1.439,-441.78,1h,train,0.65,542
2.5,1.0,307,0.423,-2.095,-643.16,1h,train,0.65,542
2.5,1.5,307,0.349,-3.2175,-987.76,1h,train,0.65,542
2.5,2.0,307,0.309,-4.1776,-1282.53,1h,train,0.65,542
3.0,0.25,307,0.612,0.6815,209.22,1h,train,0.65,542
3.0,0.5,307,0.505,-0.3906,-119.92,1h,train,0.65,542
3.0,0.75,307,0.453,-1.1786,-361.82,1h,train,0.65,542
3.0,1.0,307,0.423,-1.8448,-566.36,1h,train,0.65,542
3.0,1.5,307,0.365,-2.9754,-913.44,1h,train,0.65,542
3.0,2.0,307,0.322,-3.9193,-1203.24,1h,train,0.65,542
3.5,0.25,307,0.609,0.7102,218.04,1h,train,0.65,542
3.5,0.5,307,0.498,-0.3082,-94.61,1h,train,0.65,542
3.5,0.75,307,0.446,-1.0814,-331.98,1h,train,0.65,542
3.5,1.0,307,0.423,-1.7315,-531.57,1h,train,0.65,542
3.5,1.5,307,0.365,-2.8239,-866.95,1h,train,0.65,542
3.5,2.0,307,0.326,-3.7633,-1155.34,1h,train,0.65,542
4.0,0.25,307,0.599,0.7472,229.4,1h,train,0.65,542
4.0,0.5,307,0.482,-0.2232,-68.52,1h,train,0.65,542
4.0,0.75,307,0.433,-0.9547,-293.09,1h,train,0.65,542
4.0,1.0,307,0.42,-1.5954,-489.79,1h,train,0.65,542
4.0,1.5,307,0.358,-2.7681,-849.79,1h,train,0.65,542
4.0,2.0,307,0.322,-3.7375,-1147.42,1h,train,0.65,542
4.5,0.25,307,0.59,0.786,241.31,1h,train,0.65,542
4.5,0.5,307,0.476,-0.2409,-73.96,1h,train,0.65,542
4.5,0.75,307,0.436,-0.9883,-303.42,1h,train,0.65,542
4.5,1.0,307,0.414,-1.6254,-499.01,1h,train,0.65,542
4.5,1.5,307,0.352,-2.7884,-856.05,1h,train,0.65,542
4.5,2.0,307,0.319,-3.7995,-1166.45,1h,train,0.65,542
5.0,0.25,307,0.583,0.9257,284.18,1h,train,0.65,542
5.0,0.5,307,0.469,-0.0223,-6.86,1h,train,0.65,542
5.0,0.75,307,0.427,-0.7575,-232.56,1h,train,0.65,542
5.0,1.0,307,0.401,-1.3472,-413.6,1h,train,0.65,542
5.0,1.5,307,0.345,-2.5494,-782.66,1h,train,0.65,542
5.0,2.0,307,0.313,-3.5641,-1094.18,1h,train,0.65,542
1.5,0.25,304,0.645,0.3306,100.49,1h,train,0.675,542
1.5,0.5,304,0.52,-0.7232,-219.84,1h,train,0.675,542
1.5,0.75,304,0.457,-1.5103,-459.12,1h,train,0.675,542
1.5,1.0,304,0.411,-2.1712,-660.04,1h,train,0.675,542
1.5,1.5,304,0.336,-3.2811,-997.45,1h,train,0.675,542
1.5,2.0,304,0.286,-4.2192,-1282.65,1h,train,0.675,542
2.0,0.25,304,0.625,0.362,110.06,1h,train,0.675,542
2.0,0.5,304,0.516,-0.6289,-191.19,1h,train,0.675,542
2.0,0.75,304,0.467,-1.4743,-448.2,1h,train,0.675,542
2.0,1.0,304,0.428,-2.1673,-658.84,1h,train,0.675,542
2.0,1.5,304,0.349,-3.3064,-1005.15,1h,train,0.675,542
2.0,2.0,304,0.296,-4.2602,-1295.1,1h,train,0.675,542
2.5,0.25,304,0.618,0.4647,141.25,1h,train,0.675,542
2.5,0.5,304,0.507,-0.5361,-162.98,1h,train,0.675,542
2.5,0.75,304,0.454,-1.3982,-425.07,1h,train,0.675,542
2.5,1.0,304,0.421,-2.0976,-637.67,1h,train,0.675,542
2.5,1.5,304,0.355,-3.261,-991.34,1h,train,0.675,542
2.5,2.0,304,0.309,-4.2281,-1285.35,1h,train,0.675,542
3.0,0.25,304,0.612,0.5659,172.04,1h,train,0.675,542
3.0,0.5,304,0.493,-0.5527,-168.02,1h,train,0.675,542
3.0,0.75,304,0.444,-1.407,-427.71,1h,train,0.675,542
3.0,1.0,304,0.414,-2.1047,-639.83,1h,train,0.675,542
3.0,1.5,304,0.349,-3.2705,-994.24,1h,train,0.675,542
3.0,2.0,304,0.306,-4.2402,-1289.02,1h,train,0.675,542
3.5,0.25,304,0.612,0.6953,211.37,1h,train,0.675,542
3.5,0.5,304,0.497,-0.3702,-112.55,1h,train,0.675,542
3.5,0.75,304,0.441,-1.2169,-369.94,1h,train,0.675,542
3.5,1.0,304,0.418,-1.9055,-579.27,1h,train,0.675,542
3.5,1.5,304,0.352,-3.0461,-926.01,1h,train,0.675,542
3.5,2.0,304,0.316,-4.0177,-1221.38,1h,train,0.675,542
4.0,0.25,304,0.605,0.7831,238.07,1h,train,0.675,542
4.0,0.5,304,0.477,-0.2688,-81.71,1h,train,0.675,542
4.0,0.75,304,0.428,-1.1095,-337.29,1h,train,0.675,542
4.0,1.0,304,0.414,-1.7955,-545.83,1h,train,0.675,542
4.0,1.5,304,0.345,-2.9453,-895.36,1h,train,0.675,542
4.0,2.0,304,0.316,-3.9261,-1193.55,1h,train,0.675,542
4.5,0.25,304,0.592,0.7507,228.22,1h,train,0.675,542
4.5,0.5,304,0.464,-0.3507,-106.6,1h,train,0.675,542
4.5,0.75,304,0.424,-1.1528,-350.45,1h,train,0.675,542
4.5,1.0,304,0.408,-1.8238,-554.42,1h,train,0.675,542
4.5,1.5,304,0.342,-3.015,-916.55,1h,train,0.675,542
4.5,2.0,304,0.309,-4.0468,-1230.23,1h,train,0.675,542
5.0,0.25,304,0.586,0.9023,274.3,1h,train,0.675,542
5.0,0.5,304,0.461,-0.1791,-54.44,1h,train,0.675,542
5.0,0.75,304,0.421,-0.9895,-300.82,1h,train,0.675,542
5.0,1.0,304,0.398,-1.652,-502.22,1h,train,0.675,542
5.0,1.5,304,0.339,-2.8304,-860.43,1h,train,0.675,542
5.0,2.0,304,0.309,-3.8528,-1171.25,1h,train,0.675,542
1.5,0.25,303,0.647,0.3235,98.01,1h,train,0.7,542
1.5,0.5,303,0.525,-0.723,-219.07,1h,train,0.7,542
1.5,0.75,303,0.465,-1.504,-455.71,1h,train,0.7,542
1.5,1.0,303,0.403,-2.1613,-654.88,1h,train,0.7,542
1.5,1.5,303,0.33,-3.267,-989.9,1h,train,0.7,542
1.5,2.0,303,0.281,-4.2026,-1273.4,1h,train,0.7,542
2.0,0.25,303,0.634,0.3693,111.88,1h,train,0.7,542
2.0,0.5,303,0.521,-0.6602,-200.05,1h,train,0.7,542
2.0,0.75,303,0.469,-1.5017,-455.01,1h,train,0.7,542
2.0,1.0,303,0.419,-2.1919,-664.14,1h,train,0.7,542
2.0,1.5,303,0.343,-3.3264,-1007.91,1h,train,0.7,542
2.0,2.0,303,0.29,-4.2773,-1296.01,1h,train,0.7,542
2.5,0.25,303,0.62,0.5013,151.88,1h,train,0.7,542
2.5,0.5,303,0.512,-0.4998,-151.44,1h,train,0.7,542
2.5,0.75,303,0.462,-1.3642,-413.36,1h,train,0.7,542
2.5,1.0,303,0.419,-2.0708,-627.44,1h,train,0.7,542
2.5,1.5,303,0.356,-3.2231,-976.59,1h,train,0.7,542
2.5,2.0,303,0.31,-4.1839,-1267.72,1h,train,0.7,542
3.0,0.25,303,0.614,0.4859,147.22,1h,train,0.7,542
3.0,0.5,303,0.495,-0.6376,-193.18,1h,train,0.7,542
3.0,0.75,303,0.446,-1.4888,-451.09,1h,train,0.7,542
3.0,1.0,303,0.409,-2.1869,-662.62,1h,train,0.7,542
3.0,1.5,303,0.343,-3.3518,-1015.6,1h,train,0.7,542
3.0,2.0,303,0.3,-4.321,-1309.25,1h,train,0.7,542
3.5,0.25,303,0.611,0.6676,202.28,1h,train,0.7,542
3.5,0.5,303,0.502,-0.4075,-123.46,1h,train,0.7,542
3.5,0.75,303,0.446,-1.2563,-380.64,1h,train,0.7,542
3.5,1.0,303,0.409,-1.965,-595.41,1h,train,0.7,542
3.5,1.5,303,0.343,-3.143,-952.34,1h,train,0.7,542
3.5,2.0,303,0.31,-4.1196,-1248.23,1h,train,0.7,542
4.0,0.25,303,0.604,0.6839,207.22,1h,train,0.7,542
4.0,0.5,303,0.482,-0.3948,-119.63,1h,train,0.7,542
4.0,0.75,303,0.429,-1.24,-375.72,1h,train,0.7,542
4.0,1.0,303,0.403,-1.9401,-587.85,1h,train,0.7,542
4.0,1.5,303,0.333,-3.093,-937.19,1h,train,0.7,542
4.0,2.0,303,0.307,-4.0718,-1233.75,1h,train,0.7,542
4.5,0.25,303,0.591,0.7337,222.31,1h,train,0.7,542
4.5,0.5,303,0.469,-0.3969,-120.25,1h,train,0.7,542
4.5,0.75,303,0.429,-1.2396,-375.61,1h,train,0.7,542
4.5,1.0,303,0.403,-1.93,-584.78,1h,train,0.7,542
4.5,1.5,303,0.34,-3.085,-934.77,1h,train,0.7,542
4.5,2.0,303,0.314,-4.0697,-1233.12,1h,train,0.7,542
5.0,0.25,303,0.587,0.8681,263.04,1h,train,0.7,542
5.0,0.5,303,0.469,-0.3045,-92.28,1h,train,0.7,542
5.0,0.75,303,0.429,-1.1338,-343.54,1h,train,0.7,542
5.0,1.0,303,0.399,-1.8073,-547.6,1h,train,0.7,542
5.0,1.5,303,0.34,-3.0063,-910.92,1h,train,0.7,542
5.0,2.0,303,0.314,-4.041,-1224.41,1h,train,0.7,542
1.5,0.25,132,0.561,-3.5868,-473.45,1h,validation,0.3,185
1.5,0.5,132,0.477,-4.8337,-638.05,1h,validation,0.3,185
1.5,0.75,132,0.462,-5.7205,-755.1,1h,validation,0.3,185
1.5,1.0,132,0.432,-6.465,-853.38,1h,validation,0.3,185
1.5,1.5,132,0.409,-7.7385,-1021.48,1h,validation,0.3,185
1.5,2.0,132,0.394,-8.8367,-1166.44,1h,validation,0.3,185
2.0,0.25,132,0.553,-3.0868,-407.46,1h,validation,0.3,185
2.0,0.5,132,0.47,-4.3095,-568.86,1h,validation,0.3,185
2.0,0.75,132,0.447,-5.2995,-699.53,1h,validation,0.3,185
2.0,1.0,132,0.424,-6.103,-805.6,1h,validation,0.3,185
2.0,1.5,132,0.409,-7.4353,-981.46,1h,validation,0.3,185
2.0,2.0,132,0.402,-8.5654,-1130.63,1h,validation,0.3,185
2.5,0.25,132,0.538,-3.1162,-411.34,1h,validation,0.3,185
2.5,0.5,132,0.439,-4.5208,-596.74,1h,validation,0.3,185
2.5,0.75,132,0.424,-5.5842,-737.11,1h,validation,0.3,185
2.5,1.0,132,0.394,-6.3855,-842.88,1h,validation,0.3,185
2.5,1.5,132,0.394,-7.7304,-1020.41,1h,validation,0.3,185
2.5,2.0,132,0.386,-8.8705,-1170.9,1h,validation,0.3,185
3.0,0.25,132,0.5,-3.6388,-480.32,1h,validation,0.3,185
3.0,0.5,132,0.402,-5.1052,-673.89,1h,validation,0.3,185
3.0,0.75,132,0.386,-6.2136,-820.2,1h,validation,0.3,185
3.0,1.0,132,0.364,-6.9969,-923.59,1h,validation,0.3,185
3.0,1.5,132,0.364,-8.328,-1099.3,1h,validation,0.3,185
3.0,2.0,132,0.356,-9.5012,-1254.15,1h,validation,0.3,185
3.5,0.25,132,0.5,-3.3635,-443.98,1h,validation,0.3,185
3.5,0.5,132,0.402,-4.7477,-626.7,1h,validation,0.3,185
3.5,0.75,132,0.379,-5.7611,-760.47,1h,validation,0.3,185
3.5,1.0,132,0.356,-6.5433,-863.72,1h,validation,0.3,185
3.5,1.5,132,0.356,-7.8841,-1040.7,1h,validation,0.3,185
3.5,2.0,132,0.348,-9.0647,-1196.55,1h,validation,0.3,185
4.0,0.25,132,0.5,-3.2109,-423.83,1h,validation,0.3,185
4.0,0.5,132,0.402,-4.3892,-579.38,1h,validation,0.3,185
4.0,0.75,132,0.379,-5.3329,-703.94,1h,validation,0.3,185
4.0,1.0,132,0.356,-6.0683,-801.01,1h,validation,0.3,185
4.0,1.5,132,0.356,-7.3588,-971.36,1h,validation,0.3,185
4.0,2.0,132,0.348,-8.5131,-1123.73,1h,validation,0.3,185
4.5,0.25,132,0.485,-3.4624,-457.03,1h,validation,0.3,185
4.5,0.5,132,0.379,-4.8545,-640.79,1h,validation,0.3,185
4.5,0.75,132,0.356,-5.7588,-760.16,1h,validation,0.3,185
4.5,1.0,132,0.333,-6.4522,-851.69,1h,validation,0.3,185
4.5,1.5,132,0.333,-7.725,-1019.7,1h,validation,0.3,185
4.5,2.0,132,0.326,-8.8736,-1171.31,1h,validation,0.3,185
5.0,0.25,132,0.485,-3.3604,-443.57,1h,validation,0.3,185
5.0,0.5,132,0.371,-4.7117,-621.95,1h,validation,0.3,185
5.0,0.75,132,0.348,-5.5359,-730.74,1h,validation,0.3,185
5.0,1.0,132,0.326,-6.1427,-810.84,1h,validation,0.3,185
5.0,1.5,132,0.326,-7.4443,-982.64,1h,validation,0.3,185
5.0,2.0,132,0.318,-8.5358,-1126.72,1h,validation,0.3,185
1.5,0.25,131,0.565,-3.44,-450.64,1h,validation,0.325,185
1.5,0.5,131,0.481,-4.7546,-622.85,1h,validation,0.325,185
1.5,0.75,131,0.45,-5.669,-742.64,1h,validation,0.325,185
1.5,1.0,131,0.42,-6.4294,-842.26,1h,validation,0.325,185
1.5,1.5,131,0.397,-7.7213,-1011.49,1h,validation,0.325,185
1.5,2.0,131,0.382,-8.8303,-1156.77,1h,validation,0.325,185
2.0,0.25,131,0.55,-2.9304,-383.88,1h,validation,0.325,185
2.0,0.5,131,0.473,-4.1681,-546.02,1h,validation,0.325,185
2.0,0.75,131,0.443,-5.1397,-673.3,1h,validation,0.325,185
2.0,1.0,131,0.42,-5.9467,-779.01,1h,validation,0.325,185
2.0,1.5,131,0.397,-7.2847,-954.29,1h,validation,0.325,185
2.0,2.0,131,0.389,-8.4183,-1102.8,1h,validation,0.325,185
2.5,0.25,131,0.542,-2.684,-351.6,1h,validation,0.325,185
2.5,0.5,131,0.458,-4.0438,-529.74,1h,validation,0.325,185
2.5,0.75,131,0.435,-5.0952,-667.48,1h,validation,0.325,185
2.5,1.0,131,0.405,-5.9067,-773.78,1h,validation,0.325,185
2.5,1.5,131,0.405,-7.2661,-951.86,1h,validation,0.325,185
2.5,2.0,131,0.397,-8.4149,-1102.35,1h,validation,0.325,185
3.0,0.25,131,0.511,-3.0845,-404.07,1h,validation,0.325,185
3.0,0.5,131,0.42,-4.4856,-587.62,1h,validation,0.325,185
3.0,0.75,131,0.405,-5.4208,-710.12,1h,validation,0.325,185
3.0,1.0,131,0.389,-6.1766,-809.14,1h,validation,0.325,185
3.0,1.5,131,0.389,-7.5381,-987.49,1h,validation,0.325,185
3.0,2.0,131,0.382,-8.7058,-1140.46,1h,validation,0.325,185
3.5,0.25,131,0.504,-3.0452,-398.93,1h,validation,0.325,185
3.5,0.5,131,0.405,-4.4407,-581.73,1h,validation,0.325,185
3.5,0.75,131,0.382,-5.4208,-710.12,1h,validation,0.325,185
3.5,1.0,131,0.366,-6.1681,-808.02,1h,validation,0.325,185
3.5,1.5,131,0.359,-7.5031,-982.91,1h,validation,0.325,185
3.5,2.0,131,0.351,-8.7036,-1140.18,1h,validation,0.325,185
4.0,0.25,131,0.504,-2.9235,-382.98,1h,validation,0.325,185
4.0,0.5,131,0.405,-4.1366,-541.9,1h,validation,0.325,185
4.0,0.75,131,0.382,-5.0648,-663.49,1h,validation,0.325,185
4.0,1.0,131,0.366,-5.7742,-756.42,1h,validation,0.325,185
4.0,1.5,131,0.359,-6.9963,-916.52,1h,validation,0.325,185
4.0,2.0,131,0.351,-8.1317,-1065.26,1h,validation,0.325,185
4.5,0.25,131,0.489,-3.1142,-407.96,1h,validation,0.325,185
4.5,0.5,131,0.389,-4.2878,-561.7,1h,validation,0.325,185
4.5,0.75,131,0.366,-5.1484,-674.44,1h,validation,0.325,185
4.5,1.0,131,0.351,-5.8007,-759.89,1h,validation,0.325,185
4.5,1.5,131,0.344,-6.9886,-915.51,1h,validation,0.325,185
4.5,2.0,131,0.336,-8.1094,-1062.33,1h,validation,0.325,185
5.0,0.25,131,0.489,-3.0279,-396.66,1h,validation,0.325,185
5.0,0.5,131,0.374,-4.3701,-572.48,1h,validation,0.325,185
5.0,0.75,131,0.351,-5.1892,-679.79,1h,validation,0.325,185
5.0,1.0,131,0.336,-5.7868,-758.07,1h,validation,0.325,185
5.0,1.5,131,0.328,-6.9056,-904.63,1h,validation,0.325,185
5.0,2.0,131,0.321,-7.9638,-1043.26,1h,validation,0.325,185
1.5,0.25,130,0.554,-3.7192,-483.5,1h,validation,0.35,185
1.5,0.5,130,0.477,-4.9897,-648.67,1h,validation,0.35,185
1.5,0.75,130,0.438,-5.8914,-765.89,1h,validation,0.35,185
1.5,1.0,130,0.415,-6.6512,-864.65,1h,validation,0.35,185
1.5,1.5,130,0.392,-7.9426,-1032.54,1h,validation,0.35,185
1.5,2.0,130,0.377,-9.0507,-1176.59,1h,validation,0.35,185
2.0,0.25,130,0.531,-3.3995,-441.94,1h,validation,0.35,185
2.0,0.5,130,0.462,-4.5347,-589.51,1h,validation,0.35,185
2.0,0.75,130,0.446,-5.4638,-710.3,1h,validation,0.35,185
2.0,1.0,130,0.415,-6.249,-812.37,1h,validation,0.35,185
2.0,1.5,130,0.392,-7.5619,-983.05,1h,validation,0.35,185
2.0,2.0,130,0.385,-8.6801,-1128.41,1h,validation,0.35,185
2.5,0.25,130,0.538,-3.0393,-395.1,1h,validation,0.35,185
2.5,0.5,130,0.454,-4.3052,-559.67,1h,validation,0.35,185
2.5,0.75,130,0.431,-5.3243,-692.15,1h,validation,0.35,185
2.5,1.0,130,0.4,-6.1199,-795.59,1h,validation,0.35,185
2.5,1.5,130,0.4,-7.4611,-969.95,1h,validation,0.35,185
2.5,2.0,130,0.392,-8.5986,-1117.82,1h,validation,0.35,185
3.0,0.25,130,0.508,-3.2299,-419.88,1h,validation,0.35,185
3.0,0.5,130,0.423,-4.5705,-594.17,1h,validation,0.35,185
3.0,0.75,130,0.408,-5.5112,-716.46,1h,validation,0.35,185
3.0,1.0,130,0.392,-6.2684,-814.89,1h,validation,0.35,185
3.0,1.5,130,0.392,-7.6294,-991.82,1h,validation,0.35,185
3.0,2.0,130,0.385,-8.7954,-1143.41,1h,validation,0.35,185
3.5,0.25,130,0.492,-3.4949,-454.34,1h,validation,0.35,185
3.5,0.5,130,0.4,-4.8365,-628.75,1h,validation,0.35,185
3.5,0.75,130,0.377,-5.8417,-759.42,1h,validation,0.35,185
3.5,1.0,130,0.362,-6.6018,-858.24,1h,validation,0.35,185
3.5,1.5,130,0.354,-7.9058,-1027.75,1h,validation,0.35,185
3.5,2.0,130,0.346,-9.0827,-1180.75,1h,validation,0.35,185
4.0,0.25,130,0.492,-3.4135,-443.76,1h,validation,0.35,185
4.0,0.5,130,0.4,-4.6409,-603.31,1h,validation,0.35,185
4.0,0.75,130,0.377,-5.5921,-726.97,1h,validation,0.35,185
4.0,1.0,130,0.362,-6.3051,-819.66,1h,validation,0.35,185
4.0,1.5,130,0.354,-7.5239,-978.11,1h,validation,0.35,185
4.0,2.0,130,0.346,-8.6541,-1125.03,1h,validation,0.35,185
4.5,0.25,130,0.477,-3.5677,-463.8,1h,validation,0.35,185
4.5,0.5,130,0.385,-4.636,-602.68,1h,validation,0.35,185
4.5,0.75,130,0.362,-5.5344,-719.47,1h,validation,0.35,185
4.5,1.0,130,0.346,-6.2088,-807.14,1h,validation,0.35,185
4.5,1.5,130,0.338,-7.3846,-960.0,1h,validation,0.35,185
4.5,2.0,130,0.331,-8.4919,-1103.95,1h,validation,0.35,185
5.0,0.25,130,0.477,-3.6286,-471.71,1h,validation,0.35,185
5.0,0.5,130,0.369,-4.9215,-639.8,1h,validation,0.35,185
5.0,0.75,130,0.346,-5.7398,-746.17,1h,validation,0.35,185
5.0,1.0,130,0.331,-6.3578,-826.51,1h,validation,0.35,185
5.0,1.5,130,0.323,-7.4794,-972.32,1h,validation,0.35,185
5.0,2.0,130,0.315,-8.5294,-1108.82,1h,validation,0.35,185
1.5,0.25,129,0.558,-3.6147,-466.3,1h,validation,0.375,185
1.5,0.5,129,0.481,-4.8171,-621.4,1h,validation,0.375,185
1.5,0.75,129,0.434,-5.6921,-734.28,1h,validation,0.375,185
1.5,1.0,129,0.411,-6.4373,-830.41,1h,validation,0.375,185
1.5,1.5,129,0.38,-7.7128,-994.95,1h,validation,0.375,185
1.5,2.0,129,0.372,-8.8122,-1136.78,1h,validation,0.375,185
2.0,0.25,129,0.543,-3.1196,-402.43,1h,validation,0.375,185
2.0,0.5,129,0.473,-4.1696,-537.87,1h,validation,0.375,185
2.0,0.75,129,0.457,-5.0714,-654.21,1h,validation,0.375,185
2.0,1.0,129,0.426,-5.8422,-753.65,1h,validation,0.375,185
2.0,1.5,129,0.395,-7.1396,-921.01,1h,validation,0.375,185
2.0,2.0,129,0.395,-8.2494,-1064.17,1h,validation,0.375,185
2.5,0.25,129,0.543,-3.0089,-388.15,1h,validation,0.375,185
2.5,0.5,129,0.457,-4.3419,-560.1,1h,validation,0.375,185
2.5,0.75,129,0.434,-5.3634,-691.88,1h,validation,0.375,185
2.5,1.0,129,0.403,-6.1633,-795.07,1h,validation,0.375,185
2.5,1.5,129,0.395,-7.4965,-967.05,1h,validation,0.375,185
2.5,2.0,129,0.388,-8.6285,-1113.07,1h,validation,0.375,185
3.0,0.25,129,0.512,-3.115,-401.83,1h,validation,0.375,185
3.0,0.5,129,0.426,-4.3439,-560.36,1h,validation,0.375,185
3.0,0.75,129,0.411,-5.2525,-677.57,1h,validation,0.375,185
3.0,1.0,129,0.395,-6.019,-776.45,1h,validation,0.375,185
3.0,1.5,129,0.395,-7.4042,-955.14,1h,validation,0.375,185
3.0,2.0,129,0.388,-8.5694,-1105.46,1h,validation,0.375,185
3.5,0.25,129,0.496,-3.3715,-434.93,1h,validation,0.375,185
3.5,0.5,129,0.403,-4.6624,-601.45,1h,validation,0.375,185
3.5,0.75,129,0.38,-5.6239,-725.49,1h,validation,0.375,185
3.5,1.0,129,0.364,-6.3719,-821.97,1h,validation,0.375,185
3.5,1.5,129,0.357,-7.664,-988.66,1h,validation,0.375,185
3.5,2.0,129,0.349,-8.837,-1139.97,1h,validation,0.375,185
4.0,0.25,129,0.496,-3.2605,-420.61,1h,validation,0.375,185
4.0,0.5,129,0.403,-4.4218,-570.41,1h,validation,0.375,185
4.0,0.75,129,0.38,-5.3189,-686.14,1h,validation,0.375,185
4.0,1.0,129,0.364,-5.9933,-773.13,1h,validation,0.375,185
4.0,1.5,129,0.357,-7.1888,-927.35,1h,validation,0.375,185
4.0,2.0,129,0.349,-8.2983,-1070.48,1h,validation,0.375,185
4.5,0.25,129,0.488,-3.2509,-419.37,1h,validation,0.375,185
4.5,0.5,129,0.395,-4.3109,-556.1,1h,validation,0.375,185
4.5,0.75,129,0.372,-5.1711,-667.08,1h,validation,0.375,185
4.5,1.0,129,0.357,-5.8128,-749.85,1h,validation,0.375,185
4.5,1.5,129,0.349,-6.9224,-893.0,1h,validation,0.375,185
4.5,2.0,129,0.341,-7.9869,-1030.31,1h,validation,0.375,185
5.0,0.25,129,0.481,-3.3824,-436.33,1h,validation,0.375,185
5.0,0.5,129,0.38,-4.6099,-594.68,1h,validation,0.375,185
5.0,0.75,129,0.357,-5.4036,-697.07,1h,validation,0.375,185
5.0,1.0,129,0.341,-6.0045,-774.57,1h,validation,0.375,185
5.0,1.5,129,0.333,-7.0813,-913.48,1h,validation,0.375,185
5.0,2.0,129,0.326,-8.1312,-1048.92,1h,validation,0.375,185
1.5,0.25,129,0.566,-3.6122,-465.98,1h,validation,0.4,185
1.5,0.5,129,0.481,-4.7877,-617.61,1h,validation,0.4,185
1.5,0.75,129,0.442,-5.6515,-729.04,1h,validation,0.4,185
1.5,1.0,129,0.411,-6.3905,-824.37,1h,validation,0.4,185
1.5,1.5,129,0.372,-7.659,-988.01,1h,validation,0.4,185
1.5,2.0,129,0.364,-8.7544,-1129.32,1h,validation,0.4,185
2.0,0.25,129,0.55,-3.1664,-408.47,1h,validation,0.4,185
2.0,0.5,129,0.473,-4.2499,-548.24,1h,validation,0.4,185
2.0,0.75,129,0.45,-5.1534,-664.78,1h,validation,0.4,185
2.0,1.0,129,0.434,-5.9241,-764.21,1h,validation,0.4,185
2.0,1.5,129,0.395,-7.2205,-931.45,1h,validation,0.4,185
2.0,2.0,129,0.395,-8.3292,-1074.47,1h,validation,0.4,185
2.5,0.25,129,0.55,-2.6865,-346.56,1h,validation,0.4,185
2.5,0.5,129,0.473,-3.8734,-499.67,1h,validation,0.4,185
2.5,0.75,129,0.45,-4.9216,-634.89,1h,validation,0.4,185
2.5,1.0,129,0.419,-5.7268,-738.76,1h,validation,0.4,185
2.5,1.5,129,0.403,-7.0596,-910.68,1h,validation,0.4,185
2.5,2.0,129,0.403,-8.1896,-1056.46,1h,validation,0.4,185
3.0,0.25,129,0.527,-2.9113,-375.56,1h,validation,0.4,185
3.0,0.5,129,0.442,-4.0971,-528.52,1h,validation,0.4,185
3.0,0.75,129,0.426,-5.0828,-655.68,1h,validation,0.4,185
3.0,1.0,129,0.403,-5.8696,-757.18,1h,validation,0.4,185
3.0,1.5,129,0.403,-7.2063,-929.62,1h,validation,0.4,185
3.0,2.0,129,0.403,-8.3437,-1076.34,1h,validation,0.4,185
3.5,0.25,129,0.496,-3.343,-431.25,1h,validation,0.4,185
3.5,0.5,129,0.411,-4.5921,-592.38,1h,validation,0.4,185
3.5,0.75,129,0.388,-5.4472,-702.69,1h,validation,0.4,185
3.5,1.0,129,0.372,-6.1308,-790.88,1h,validation,0.4,185
3.5,1.5,129,0.372,-7.3536,-948.62,1h,validation,0.4,185
3.5,2.0,129,0.372,-8.4874,-1094.88,1h,validation,0.4,185
4.0,0.25,129,0.496,-3.1274,-403.44,1h,validation,0.4,185
4.0,0.5,129,0.403,-4.2974,-554.36,1h,validation,0.4,185
4.0,0.75,129,0.38,-5.2025,-671.12,1h,validation,0.4,185
4.0,1.0,129,0.364,-5.89,-759.81,1h,validation,0.4,185
4.0,1.5,129,0.357,-7.1447,-921.66,1h,validation,0.4,185
4.0,2.0,129,0.357,-8.3161,-1072.78,1h,validation,0.4,185
4.5,0.25,129,0.488,-3.1116,-401.4,1h,validation,0.4,185
4.5,0.5,129,0.395,-4.1754,-538.63,1h,validation,0.4,185
4.5,0.75,129,0.372,-5.05,-651.45,1h,validation,0.4,185
4.5,1.0,129,0.357,-5.7106,-736.67,1h,validation,0.4,185
4.5,1.5,129,0.349,-6.8341,-881.59,1h,validation,0.4,185
4.5,2.0,129,0.349,-7.9029,-1019.48,1h,validation,0.4,185
5.0,0.25,129,0.481,-3.2609,-420.66,1h,validation,0.4,185
5.0,0.5,129,0.38,-4.4978,-580.21,1h,validation,0.4,185
5.0,0.75,129,0.357,-5.3593,-691.35,1h,validation,0.4,185
5.0,1.0,129,0.341,-6.0041,-774.52,1h,validation,0.4,185
5.0,1.5,129,0.333,-7.1138,-917.68,1h,validation,0.4,185
5.0,2.0,129,0.333,-8.1775,-1054.9,1h,validation,0.4,185
1.5,0.25,129,0.574,-3.542,-456.91,1h,validation,0.425,185
1.5,0.5,129,0.496,-4.7209,-609.0,1h,validation,0.425,185
1.5,0.75,129,0.45,-5.5862,-720.61,1h,validation,0.425,185
1.5,1.0,129,0.426,-6.3265,-816.11,1h,validation,0.425,185
1.5,1.5,129,0.364,-7.5968,-979.99,1h,validation,0.425,185
1.5,2.0,129,0.349,-8.6936,-1121.48,1h,validation,0.425,185
2.0,0.25,129,0.566,-3.0198,-389.55,1h,validation,0.425,185
2.0,0.5,129,0.488,-4.1227,-531.83,1h,validation,0.425,185
2.0,0.75,129,0.457,-5.034,-649.39,1h,validation,0.425,185
2.0,1.0,129,0.442,-5.8102,-749.52,1h,validation,0.425,185
2.0,1.5,129,0.395,-7.1139,-917.69,1h,validation,0.425,185
2.0,2.0,129,0.395,-8.2273,-1061.32,1h,validation,0.425,185
2.5,0.25,129,0.55,-2.5708,-331.63,1h,validation,0.425,185
2.5,0.5,129,0.481,-3.5743,-461.09,1h,validation,0.425,185
2.5,0.75,129,0.457,-4.5138,-582.28,1h,validation,0.425,185
2.5,1.0,129,0.442,-5.3071,-684.62,1h,validation,0.425,185
2.5,1.5,129,0.411,-6.6307,-855.36,1h,validation,0.425,185
2.5,2.0,129,0.411,-7.756,-1000.52,1h,validation,0.425,185
3.0,0.25,129,0.535,-2.6676,-344.12,1h,validation,0.425,185
3.0,0.5,129,0.45,-3.8724,-499.54,1h,validation,0.425,185
3.0,0.75,129,0.426,-4.8546,-626.24,1h,validation,0.425,185
3.0,1.0,129,0.411,-5.6372,-727.2,1h,validation,0.425,185
3.0,1.5,129,0.403,-6.9679,-898.86,1h,validation,0.425,185
3.0,2.0,129,0.403,-8.1014,-1045.08,1h,validation,0.425,185
3.5,0.25,129,0.496,-3.176,-409.71,1h,validation,0.425,185
3.5,0.5,129,0.411,-4.3612,-562.6,1h,validation,0.425,185
3.5,0.75,129,0.395,-5.2126,-672.43,1h,validation,0.425,185
3.5,1.0,129,0.388,-5.9239,-764.18,1h,validation,0.425,185
3.5,1.5,129,0.38,-7.2399,-933.94,1h,validation,0.425,185
3.5,2.0,129,0.38,-8.3838,-1081.5,1h,validation,0.425,185
4.0,0.25,129,0.496,-3.0209,-389.7,1h,validation,0.425,185
4.0,0.5,129,0.403,-4.2066,-542.65,1h,validation,0.425,185
4.0,0.75,129,0.38,-5.1366,-662.62,1h,validation,0.425,185
4.0,1.0,129,0.372,-5.8761,-758.01,1h,validation,0.425,185
4.0,1.5,129,0.357,-7.1598,-923.62,1h,validation,0.425,185
4.0,2.0,129,0.357,-8.3297,-1074.54,1h,validation,0.425,185
4.5,0.25,129,0.488,-3.0432,-392.57,1h,validation,0.425,185
4.5,0.5,129,0.395,-4.1272,-532.41,1h,validation,0.425,185
4.5,0.75,129,0.372,-5.0119,-646.53,1h,validation,0.425,185
4.5,1.0,129,0.364,-5.6888,-733.85,1h,validation,0.425,185
4.5,1.5,129,0.349,-6.8278,-880.79,1h,validation,0.425,185
4.5,2.0,129,0.349,-7.9048,-1019.72,1h,validation,0.425,185
5.0,0.25,129,0.481,-3.1461,-405.84,1h,validation,0.425,185
5.0,0.5,129,0.388,-4.147,-534.96,1h,validation,0.425,185
5.0,0.75,129,0.364,-4.9927,-644.06,1h,validation,0.425,185
5.0,1.0,129,0.357,-5.6391,-727.44,1h,validation,0.425,185
5.0,1.5,129,0.341,-6.7438,-869.95,1h,validation,0.425,185
5.0,2.0,129,0.341,-7.8023,-1006.49,1h,validation,0.425,185
1.5,0.25,129,0.581,-3.5,-451.5,1h,validation,0.45,185
1.5,0.5,129,0.496,-4.686,-604.49,1h,validation,0.45,185
1.5,0.75,129,0.465,-5.5458,-715.41,1h,validation,0.45,185
1.5,1.0,129,0.426,-6.2827,-810.46,1h,validation,0.45,185
1.5,1.5,129,0.364,-7.5489,-973.81,1h,validation,0.45,185
1.5,2.0,129,0.349,-8.6432,-1114.97,1h,validation,0.45,185
2.0,0.25,129,0.581,-2.7726,-357.66,1h,validation,0.45,185
2.0,0.5,129,0.496,-4.0005,-516.06,1h,validation,0.45,185
2.0,0.75,129,0.473,-4.8818,-629.75,1h,validation,0.45,185
2.0,1.0,129,0.442,-5.6337,-726.75,1h,validation,0.45,185
2.0,1.5,129,0.403,-6.9158,-892.14,1h,validation,0.45,185
2.0,2.0,129,0.403,-8.0184,-1034.38,1h,validation,0.45,185
2.5,0.25,129,0.558,-2.4923,-321.51,1h,validation,0.45,185
2.5,0.5,129,0.481,-3.514,-453.31,1h,validation,0.45,185
2.5,0.75,129,0.465,-4.4489,-573.9,1h,validation,0.45,185
2.5,1.0,129,0.434,-5.2391,-675.84,1h,validation,0.45,185
2.5,1.5,129,0.403,-6.5589,-846.09,1h,validation,0.45,185
2.5,2.0,129,0.403,-7.6819,-990.96,1h,validation,0.45,185
3.0,0.25,129,0.543,-2.4988,-322.34,1h,validation,0.45,185
3.0,0.5,129,0.457,-3.685,-475.37,1h,validation,0.45,185
3.0,0.75,129,0.442,-4.6643,-601.7,1h,validation,0.45,185
3.0,1.0,129,0.411,-5.4463,-702.57,1h,validation,0.45,185
3.0,1.5,129,0.403,-6.7763,-874.14,1h,validation,0.45,185
3.0,2.0,129,0.403,-7.9097,-1020.35,1h,validation,0.45,185
3.5,0.25,129,0.512,-2.907,-375.01,1h,validation,0.45,185
3.5,0.5,129,0.419,-4.0465,-522.0,1h,validation,0.45,185
3.5,0.75,129,0.411,-4.8814,-629.71,1h,validation,0.45,185
3.5,1.0,129,0.388,-5.5824,-720.12,1h,validation,0.45,185
3.5,1.5,129,0.38,-6.8855,-888.22,1h,validation,0.45,185
3.5,2.0,129,0.38,-8.0215,-1034.78,1h,validation,0.45,185
4.0,0.25,129,0.504,-2.9149,-376.03,1h,validation,0.45,185
4.0,0.5,129,0.403,-4.2083,-542.88,1h,validation,0.45,185
4.0,0.75,129,0.388,-5.1713,-667.1,1h,validation,0.45,185
4.0,1.0,129,0.364,-5.9352,-765.64,1h,validation,0.45,185
4.0,1.5,129,0.349,-7.2275,-932.34,1h,validation,0.45,185
4.0,2.0,129,0.349,-8.3976,-1083.29,1h,validation,0.45,185
4.5,0.25,129,0.496,-2.9325,-378.29,1h,validation,0.45,185
4.5,0.5,129,0.395,-4.032,-520.12,1h,validation,0.45,185
4.5,0.75,129,0.38,-4.9086,-633.21,1h,validation,0.45,185
4.5,1.0,129,0.357,-5.589,-720.99,1h,validation,0.45,185
4.5,1.5,129,0.341,-6.7736,-873.79,1h,validation,0.45,185
4.5,2.0,129,0.341,-7.8738,-1015.71,1h,validation,0.45,185
5.0,0.25,129,0.488,-3.0157,-389.03,1h,validation,0.45,185
5.0,0.5,129,0.388,-4.0952,-528.28,1h,validation,0.45,185
5.0,0.75,129,0.372,-4.9565,-639.38,1h,validation,0.45,185
5.0,1.0,129,0.349,-5.6151,-724.35,1h,validation,0.45,185
5.0,1.5,129,0.333,-6.7273,-867.82,1h,validation,0.45,185
5.0,2.0,129,0.333,-7.7881,-1004.67,1h,validation,0.45,185
1.5,0.25,128,0.555,-4.0913,-523.69,1h,validation,0.475,185
1.5,0.5,128,0.477,-5.3448,-684.13,1h,validation,0.475,185
1.5,0.75,128,0.445,-6.2276,-797.13,1h,validation,0.475,185
1.5,1.0,128,0.398,-6.977,-893.06,1h,validation,0.475,185
1.5,1.5,128,0.344,-8.2565,-1056.84,1h,validation,0.475,185
1.5,2.0,128,0.32,-9.3577,-1197.78,1h,validation,0.475,185
2.0,0.25,128,0.555,-3.3821,-432.9,1h,validation,0.475,185
2.0,0.5,128,0.477,-4.7165,-603.71,1h,validation,0.475,185
2.0,0.75,128,0.453,-5.6397,-721.88,1h,validation,0.475,185
2.0,1.0,128,0.406,-6.4032,-819.61,1h,validation,0.475,185
2.0,1.5,128,0.367,-7.6965,-985.16,1h,validation,0.475,185
2.0,2.0,128,0.367,-8.8049,-1127.02,1h,validation,0.475,185
2.5,0.25,128,0.531,-3.239,-414.59,1h,validation,0.475,185
2.5,0.5,128,0.453,-4.4279,-566.77,1h,validation,0.475,185
2.5,0.75,128,0.43,-5.3637,-686.56,1h,validation,0.475,185
2.5,1.0,128,0.398,-6.1539,-787.7,1h,validation,0.475,185
2.5,1.5,128,0.367,-7.4727,-956.51,1h,validation,0.475,185
2.5,2.0,128,0.367,-8.5942,-1100.06,1h,validation,0.475,185
3.0,0.25,128,0.516,-3.1397,-401.89,1h,validation,0.475,185
3.0,0.5,128,0.438,-4.3827,-560.98,1h,validation,0.475,185
3.0,0.75,128,0.414,-5.3803,-688.68,1h,validation,0.475,185
3.0,1.0,128,0.391,-6.1723,-790.05,1h,validation,0.475,185
3.0,1.5,128,0.367,-7.5126,-961.61,1h,validation,0.475,185
3.0,2.0,128,0.367,-8.6508,-1107.31,1h,validation,0.475,185
3.5,0.25,128,0.484,-3.5565,-455.23,1h,validation,0.475,185
3.5,0.5,128,0.414,-4.7855,-612.55,1h,validation,0.475,185
3.5,0.75,128,0.391,-5.7053,-730.28,1h,validation,0.475,185
3.5,1.0,128,0.375,-6.4694,-828.08,1h,validation,0.475,185
3.5,1.5,128,0.359,-7.8497,-1004.76,1h,validation,0.475,185
3.5,2.0,128,0.359,-9.0118,-1153.51,1h,validation,0.475,185
4.0,0.25,128,0.477,-3.4871,-446.35,1h,validation,0.475,185
4.0,0.5,128,0.398,-4.7711,-610.7,1h,validation,0.475,185
4.0,0.75,128,0.383,-5.6597,-724.45,1h,validation,0.475,185
4.0,1.0,128,0.359,-6.3516,-813.0,1h,validation,0.475,185
4.0,1.5,128,0.344,-7.5774,-969.91,1h,validation,0.475,185
4.0,2.0,128,0.344,-8.7106,-1114.96,1h,validation,0.475,185
4.5,0.25,128,0.477,-3.4459,-441.07,1h,validation,0.475,185
4.5,0.5,128,0.398,-4.5606,-583.76,1h,validation,0.475,185
4.5,0.75,128,0.383,-5.4678,-699.88,1h,validation,0.475,185
4.5,1.0,128,0.359,-6.1924,-792.62,1h,validation,0.475,185
4.5,1.5,128,0.336,-7.4477,-953.31,1h,validation,0.475,185
4.5,2.0,128,0.336,-8.6,-1100.8,1h,validation,0.475,185
5.0,0.25,128,0.461,-3.5986,-460.62,1h,validation,0.475,185
5.0,0.5,128,0.383,-4.6149,-590.71,1h,validation,0.475,185
5.0,0.75,128,0.367,-5.4895,-702.65,1h,validation,0.475,185
5.0,1.0,128,0.344,-6.1866,-791.89,1h,validation,0.475,185
5.0,1.5,128,0.32,-7.3595,-942.02,1h,validation,0.475,185
5.0,2.0,128,0.32,-8.4335,-1079.49,1h,validation,0.475,185
1.5,0.25,127,0.543,-3.9995,-507.94,1h,validation,0.5,185
1.5,0.5,127,0.472,-5.2653,-668.7,1h,validation,0.5,185
1.5,0.75,127,0.441,-6.14,-779.78,1h,validation,0.5,185
1.5,1.0,127,0.417,-6.8855,-874.46,1h,validation,0.5,185
1.5,1.5,127,0.346,-8.1613,-1036.48,1h,validation,0.5,185
1.5,2.0,127,0.323,-9.2608,-1176.12,1h,validation,0.5,185
2.0,0.25,127,0.543,-3.2907,-417.91,1h,validation,0.5,185
2.0,0.5,127,0.472,-4.5704,-580.44,1h,validation,0.5,185
2.0,0.75,127,0.449,-5.4636,-693.88,1h,validation,0.5,185
2.0,1.0,127,0.425,-6.219,-789.81,1h,validation,0.5,185
2.0,1.5,127,0.378,-7.5053,-953.18,1h,validation,0.5,185
2.0,2.0,127,0.378,-8.6105,-1093.53,1h,validation,0.5,185
2.5,0.25,127,0.52,-3.3406,-424.25,1h,validation,0.5,185
2.5,0.5,127,0.449,-4.5203,-574.07,1h,validation,0.5,185
2.5,0.75,127,0.425,-5.4496,-692.1,1h,validation,0.5,185
2.5,1.0,127,0.402,-6.2362,-791.99,1h,validation,0.5,185
2.5,1.5,127,0.362,-7.5512,-959.0,1h,validation,0.5,185
2.5,2.0,127,0.362,-8.6708,-1101.19,1h,validation,0.5,185
3.0,0.25,127,0.504,-3.1316,-397.71,1h,validation,0.5,185
3.0,0.5,127,0.441,-4.2403,-538.52,1h,validation,0.5,185
3.0,0.75,127,0.417,-5.3225,-675.96,1h,validation,0.5,185
3.0,1.0,127,0.402,-6.1513,-781.22,1h,validation,0.5,185
3.0,1.5,127,0.37,-7.5094,-953.69,1h,validation,0.5,185
3.0,2.0,127,0.37,-8.6534,-1098.98,1h,validation,0.5,185
3.5,0.25,127,0.48,-3.312,-420.62,1h,validation,0.5,185
3.5,0.5,127,0.417,-4.6077,-585.18,1h,validation,0.5,185
3.5,0.75,127,0.394,-5.6205,-713.8,1h,validation,0.5,185
3.5,1.0,127,0.386,-6.4213,-815.5,1h,validation,0.5,185
3.5,1.5,127,0.362,-7.7721,-987.06,1h,validation,0.5,185
3.5,2.0,127,0.362,-8.9172,-1132.48,1h,validation,0.5,185
4.0,0.25,127,0.465,-3.6321,-461.27,1h,validation,0.5,185
4.0,0.5,127,0.402,-4.8349,-614.04,1h,validation,0.5,185
4.0,0.75,127,0.386,-5.7092,-725.06,1h,validation,0.5,185
4.0,1.0,127,0.37,-6.4206,-815.41,1h,validation,0.5,185
4.0,1.5,127,0.346,-7.7349,-982.34,1h,validation,0.5,185
4.0,2.0,127,0.346,-8.8777,-1127.46,1h,validation,0.5,185
4.5,0.25,127,0.465,-3.4493,-438.06,1h,validation,0.5,185
4.5,0.5,127,0.394,-4.6213,-586.91,1h,validation,0.5,185
4.5,0.75,127,0.378,-5.5452,-704.24,1h,validation,0.5,185
4.5,1.0,127,0.362,-6.2878,-798.55,1h,validation,0.5,185
4.5,1.5,127,0.331,-7.5588,-959.97,1h,validation,0.5,185
4.5,2.0,127,0.331,-8.7206,-1107.52,1h,validation,0.5,185
5.0,0.25,127,0.449,-3.6421,-462.55,1h,validation,0.5,185
5.0,0.5,127,0.378,-4.73,-600.71,1h,validation,0.5,185
5.0,0.75,127,0.362,-5.6334,-715.44,1h,validation,0.5,185
5.0,1.0,127,0.346,-6.3588,-807.57,1h,validation,0.5,185
5.0,1.5,127,0.315,-7.5612,-960.28,1h,validation,0.5,185
5.0,2.0,127,0.315,-8.6531,-1098.94,1h,validation,0.5,185
1.5,0.25,126,0.54,-4.0607,-511.65,1h,validation,0.525,185
1.5,0.5,126,0.46,-5.3686,-676.45,1h,validation,0.525,185
1.5,0.75,126,0.421,-6.2634,-789.19,1h,validation,0.525,185
1.5,1.0,126,0.413,-7.0221,-884.78,1h,validation,0.525,185
1.5,1.5,126,0.341,-8.3145,-1047.63,1h,validation,0.525,185
1.5,2.0,126,0.317,-9.4246,-1187.5,1h,validation,0.525,185
2.0,0.25,126,0.54,-3.343,-421.22,1h,validation,0.525,185
2.0,0.5,126,0.46,-4.6553,-586.57,1h,validation,0.525,185
2.0,0.75,126,0.437,-5.5655,-701.26,1h,validation,0.525,185
2.0,1.0,126,0.429,-6.3326,-797.9,1h,validation,0.525,185
2.0,1.5,126,0.373,-7.634,-961.88,1h,validation,0.525,185
2.0,2.0,126,0.365,-8.7488,-1102.35,1h,validation,0.525,185
2.5,0.25,126,0.524,-3.2388,-408.09,1h,validation,0.525,185
2.5,0.5,126,0.444,-4.4512,-560.85,1h,validation,0.525,185
2.5,0.75,126,0.421,-5.3977,-680.11,1h,validation,0.525,185
2.5,1.0,126,0.413,-6.1961,-780.7,1h,validation,0.525,185
2.5,1.5,126,0.357,-7.526,-948.27,1h,validation,0.525,185
2.5,2.0,126,0.357,-8.6548,-1090.51,1h,validation,0.525,185
3.0,0.25,126,0.516,-3.0991,-390.48,1h,validation,0.525,185
3.0,0.5,126,0.444,-4.237,-533.86,1h,validation,0.525,185
3.0,0.75,126,0.421,-5.2185,-657.53,1h,validation,0.525,185
3.0,1.0,126,0.413,-6.0382,-760.81,1h,validation,0.525,185
3.0,1.5,126,0.357,-7.3931,-931.53,1h,validation,0.525,185
3.0,2.0,126,0.357,-8.5369,-1075.65,1h,validation,0.525,185
3.5,0.25,126,0.476,-3.4511,-434.83,1h,validation,0.525,185
3.5,0.5,126,0.413,-4.7976,-604.5,1h,validation,0.525,185
3.5,0.75,126,0.381,-5.834,-735.09,1h,validation,0.525,185
3.5,1.0,126,0.381,-6.65,-837.9,1h,validation,0.525,185
3.5,1.5,126,0.349,-8.0196,-1010.47,1h,validation,0.525,185
3.5,2.0,126,0.349,-9.1763,-1156.22,1h,validation,0.525,185
4.0,0.25,126,0.46,-3.7697,-474.98,1h,validation,0.525,185
4.0,0.5,126,0.397,-4.9662,-625.74,1h,validation,0.525,185
4.0,0.75,126,0.365,-5.8673,-739.29,1h,validation,0.525,185
4.0,1.0,126,0.365,-6.62,-834.12,1h,validation,0.525,185
4.0,1.5,126,0.333,-7.9935,-1007.19,1h,validation,0.525,185
4.0,2.0,126,0.333,-9.1551,-1153.55,1h,validation,0.525,185
4.5,0.25,126,0.46,-3.5888,-452.19,1h,validation,0.525,185
4.5,0.5,126,0.397,-4.647,-585.53,1h,validation,0.525,185
4.5,0.75,126,0.373,-5.499,-692.87,1h,validation,0.525,185
4.5,1.0,126,0.365,-6.1825,-778.99,1h,validation,0.525,185
4.5,1.5,126,0.333,-7.4031,-932.79,1h,validation,0.525,185
4.5,2.0,126,0.333,-8.5361,-1075.55,1h,validation,0.525,185
5.0,0.25,126,0.452,-3.6116,-455.06,1h,validation,0.525,185
5.0,0.5,126,0.389,-4.5834,-577.51,1h,validation,0.525,185
5.0,0.75,126,0.365,-5.4051,-681.04,1h,validation,0.525,185
5.0,1.0,126,0.357,-6.0636,-764.01,1h,validation,0.525,185
5.0,1.5,126,0.325,-7.2704,-916.07,1h,validation,0.525,185
5.0,2.0,126,0.325,-8.4007,-1058.49,1h,validation,0.525,185
1.5,0.25,124,0.524,-4.2691,-529.37,1h,validation,0.55,185
1.5,0.5,124,0.46,-5.3456,-662.86,1h,validation,0.55,185
1.5,0.75,124,0.427,-6.2391,-773.65,1h,validation,0.55,185
1.5,1.0,124,0.411,-6.9971,-867.63,1h,validation,0.55,185
1.5,1.5,124,0.339,-8.2894,-1027.88,1h,validation,0.55,185
1.5,2.0,124,0.323,-9.4002,-1165.62,1h,validation,0.55,185
2.0,0.25,124,0.524,-3.6456,-452.06,1h,validation,0.55,185
2.0,0.5,124,0.46,-4.747,-588.63,1h,validation,0.55,185
2.0,0.75,124,0.444,-5.6645,-702.4,1h,validation,0.55,185
2.0,1.0,124,0.427,-6.436,-798.07,1h,validation,0.55,185
2.0,1.5,124,0.371,-7.7436,-960.2,1h,validation,0.55,185
2.0,2.0,124,0.363,-8.8629,-1099.0,1h,validation,0.55,185
2.5,0.25,124,0.524,-3.4079,-422.58,1h,validation,0.55,185
2.5,0.5,124,0.46,-4.3874,-544.04,1h,validation,0.55,185
2.5,0.75,124,0.444,-5.3371,-661.79,1h,validation,0.55,185
2.5,1.0,124,0.427,-6.1385,-761.17,1h,validation,0.55,185
2.5,1.5,124,0.363,-7.4735,-926.71,1h,validation,0.55,185
2.5,2.0,124,0.363,-8.6065,-1067.2,1h,validation,0.55,185
3.0,0.25,124,0.5,-3.4187,-423.92,1h,validation,0.55,185
3.0,0.5,124,0.444,-4.3675,-541.57,1h,validation,0.55,185
3.0,0.75,124,0.427,-5.331,-661.04,1h,validation,0.55,185
3.0,1.0,124,0.411,-6.1409,-761.47,1h,validation,0.55,185
3.0,1.5,124,0.355,-7.4857,-928.22,1h,validation,0.55,185
3.0,2.0,124,0.355,-8.6245,-1069.44,1h,validation,0.55,185
3.5,0.25,124,0.468,-3.5344,-438.26,1h,validation,0.55,185
3.5,0.5,124,0.411,-4.6512,-576.75,1h,validation,0.55,185
3.5,0.75,124,0.395,-5.7217,-709.49,1h,validation,0.55,185
3.5,1.0,124,0.387,-6.555,-812.82,1h,validation,0.55,185
3.5,1.5,124,0.355,-7.9273,-982.98,1h,validation,0.55,185
3.5,2.0,124,0.355,-9.0831,-1126.3,1h,validation,0.55,185
4.0,0.25,124,0.46,-3.7723,-467.76,1h,validation,0.55,185
4.0,0.5,124,0.403,-4.7888,-593.82,1h,validation,0.55,185
4.0,0.75,124,0.379,-5.7423,-712.04,1h,validation,0.55,185
4.0,1.0,124,0.371,-6.5257,-809.18,1h,validation,0.55,185
4.0,1.5,124,0.339,-7.9156,-981.53,1h,validation,0.55,185
4.0,2.0,124,0.339,-9.083,-1126.29,1h,validation,0.55,185
4.5,0.25,124,0.452,-3.7067,-459.63,1h,validation,0.55,185
4.5,0.5,124,0.395,-4.665,-578.45,1h,validation,0.55,185
4.5,0.75,124,0.379,-5.6013,-694.56,1h,validation,0.55,185
4.5,1.0,124,0.363,-6.3205,-783.74,1h,validation,0.55,185
4.5,1.5,124,0.331,-7.559,-937.32,1h,validation,0.55,185
4.5,2.0,124,0.331,-8.6988,-1078.65,1h,validation,0.55,185
5.0,0.25,124,0.444,-3.7551,-465.64,1h,validation,0.55,185
5.0,0.5,124,0.387,-4.5349,-562.32,1h,validation,0.55,185
5.0,0.75,124,0.371,-5.3917,-668.57,1h,validation,0.55,185
5.0,1.0,124,0.355,-6.0666,-752.25,1h,validation,0.55,185
5.0,1.5,124,0.323,-7.2729,-901.84,1h,validation,0.55,185
5.0,2.0,124,0.323,-8.4006,-1041.68,1h,validation,0.55,185
1.5,0.25,124,0.524,-4.2367,-525.35,1h,validation,0.575,185
1.5,0.5,124,0.46,-5.2996,-657.15,1h,validation,0.575,185
1.5,0.75,124,0.435,-6.1884,-767.37,1h,validation,0.575,185
1.5,1.0,124,0.403,-6.9439,-861.04,1h,validation,0.575,185
1.5,1.5,124,0.339,-8.2332,-1020.92,1h,validation,0.575,185
1.5,2.0,124,0.323,-9.3422,-1158.44,1h,validation,0.575,185
2.0,0.25,124,0.532,-3.5518,-440.42,1h,validation,0.575,185
2.0,0.5,124,0.46,-4.6686,-578.9,1h,validation,0.575,185
2.0,0.75,124,0.444,-5.5862,-692.69,1h,validation,0.575,185
2.0,1.0,124,0.427,-6.3576,-788.35,1h,validation,0.575,185
2.0,1.5,124,0.371,-7.6649,-950.45,1h,validation,0.575,185
2.0,2.0,124,0.371,-8.784,-1089.22,1h,validation,0.575,185
2.5,0.25,124,0.532,-3.3069,-410.05,1h,validation,0.575,185
2.5,0.5,124,0.46,-4.456,-552.54,1h,validation,0.575,185
2.5,0.75,124,0.444,-5.4006,-669.68,1h,validation,0.575,185
2.5,1.0,124,0.427,-6.1773,-765.99,1h,validation,0.575,185
2.5,1.5,124,0.371,-7.4883,-928.55,1h,validation,0.575,185
2.5,2.0,124,0.363,-8.6089,-1067.51,1h,validation,0.575,185
3.0,0.25,124,0.508,-3.3,-409.2,1h,validation,0.575,185
3.0,0.5,124,0.444,-4.3437,-538.62,1h,validation,0.575,185
3.0,0.75,124,0.427,-5.3066,-658.02,1h,validation,0.575,185
3.0,1.0,124,0.411,-6.1145,-758.19,1h,validation,0.575,185
3.0,1.5,124,0.363,-7.4561,-924.55,1h,validation,0.575,185
3.0,2.0,124,0.355,-8.5927,-1065.49,1h,validation,0.575,185
3.5,0.25,124,0.484,-3.363,-417.02,1h,validation,0.575,185
3.5,0.5,124,0.419,-4.3316,-537.12,1h,validation,0.575,185
3.5,0.75,124,0.403,-5.4237,-672.53,1h,validation,0.575,185
3.5,1.0,124,0.395,-6.2635,-776.67,1h,validation,0.575,185
3.5,1.5,124,0.363,-7.6366,-946.93,1h,validation,0.575,185
3.5,2.0,124,0.363,-8.7911,-1090.09,1h,validation,0.575,185
4.0,0.25,124,0.468,-3.6069,-447.25,1h,validation,0.575,185
4.0,0.5,124,0.403,-4.7792,-592.62,1h,validation,0.575,185
4.0,0.75,124,0.379,-5.8608,-726.73,1h,validation,0.575,185
4.0,1.0,124,0.371,-6.7006,-830.87,1h,validation,0.575,185
4.0,1.5,124,0.339,-8.0801,-1001.94,1h,validation,0.575,185
4.0,2.0,124,0.339,-9.2402,-1145.78,1h,validation,0.575,185
4.5,0.25,124,0.46,-3.6392,-451.26,1h,validation,0.575,185
4.5,0.5,124,0.395,-4.6535,-577.04,1h,validation,0.575,185
4.5,0.75,124,0.379,-5.5789,-691.78,1h,validation,0.575,185
4.5,1.0,124,0.363,-6.3172,-783.33,1h,validation,0.575,185
4.5,1.5,124,0.331,-7.6457,-948.07,1h,validation,0.575,185
4.5,2.0,124,0.331,-8.7947,-1090.55,1h,validation,0.575,185
5.0,0.25,124,0.452,-3.5907,-445.24,1h,validation,0.575,185
5.0,0.5,124,0.387,-4.4711,-554.41,1h,validation,0.575,185
5.0,0.75,124,0.371,-5.3639,-665.13,1h,validation,0.575,185
5.0,1.0,124,0.355,-6.068,-752.43,1h,validation,0.575,185
5.0,1.5,124,0.323,-7.2921,-904.22,1h,validation,0.575,185
5.0,2.0,124,0.323,-8.4243,-1044.61,1h,validation,0.575,185
1.5,0.25,122,0.525,-4.4206,-539.32,1h,validation,0.6,185
1.5,0.5,122,0.451,-5.5039,-671.47,1h,validation,0.6,185
1.5,0.75,122,0.41,-6.3595,-775.86,1h,validation,0.6,185
1.5,1.0,122,0.385,-7.0974,-865.89,1h,validation,0.6,185
1.5,1.5,122,0.344,-8.3673,-1020.81,1h,validation,0.6,185
1.5,2.0,122,0.311,-9.4649,-1154.72,1h,validation,0.6,185
2.0,0.25,122,0.533,-3.7416,-456.47,1h,validation,0.6,185
2.0,0.5,122,0.459,-4.8264,-588.82,1h,validation,0.6,185
2.0,0.75,122,0.434,-5.7279,-698.8,1h,validation,0.6,185
2.0,1.0,122,0.426,-6.4896,-791.73,1h,validation,0.6,185
2.0,1.5,122,0.377,-7.785,-949.77,1h,validation,0.6,185
2.0,2.0,122,0.352,-8.8969,-1085.42,1h,validation,0.6,185
2.5,0.25,122,0.533,-3.2839,-400.63,1h,validation,0.6,185
2.5,0.5,122,0.459,-4.3985,-536.62,1h,validation,0.6,185
2.5,0.75,122,0.443,-5.3127,-648.15,1h,validation,0.6,185
2.5,1.0,122,0.434,-6.0813,-741.91,1h,validation,0.6,185
2.5,1.5,122,0.385,-7.3842,-900.87,1h,validation,0.6,185
2.5,2.0,122,0.369,-8.5002,-1037.02,1h,validation,0.6,185
3.0,0.25,122,0.508,-3.4563,-421.67,1h,validation,0.6,185
3.0,0.5,122,0.434,-4.446,-542.42,1h,validation,0.6,185
3.0,0.75,122,0.418,-5.3884,-657.39,1h,validation,0.6,185
3.0,1.0,122,0.41,-6.1849,-754.56,1h,validation,0.6,185
3.0,1.5,122,0.369,-7.513,-916.59,1h,validation,0.6,185
3.0,2.0,122,0.352,-8.6413,-1054.24,1h,validation,0.6,185
3.5,0.25,122,0.5,-3.0578,-373.05,1h,validation,0.6,185
3.5,0.5,122,0.434,-3.8777,-473.08,1h,validation,0.6,185
3.5,0.75,122,0.418,-5.0024,-610.29,1h,validation,0.6,185
3.5,1.0,122,0.418,-5.842,-712.72,1h,validation,0.6,185
3.5,1.5,122,0.377,-7.211,-879.74,1h,validation,0.6,185
3.5,2.0,122,0.361,-8.3617,-1020.13,1h,validation,0.6,185
4.0,0.25,122,0.467,-3.6665,-447.31,1h,validation,0.6,185
4.0,0.5,122,0.402,-4.7001,-573.41,1h,validation,0.6,185
4.0,0.75,122,0.377,-5.7756,-704.62,1h,validation,0.6,185
4.0,1.0,122,0.377,-6.6127,-806.75,1h,validation,0.6,185
4.0,1.5,122,0.344,-7.9887,-974.63,1h,validation,0.6,185
4.0,2.0,122,0.336,-9.1465,-1115.87,1h,validation,0.6,185
4.5,0.25,122,0.459,-3.7058,-452.11,1h,validation,0.6,185
4.5,0.5,122,0.393,-4.5961,-560.73,1h,validation,0.6,185
4.5,0.75,122,0.377,-5.5487,-676.94,1h,validation,0.6,185
4.5,1.0,122,0.369,-6.3323,-772.55,1h,validation,0.6,185
4.5,1.5,122,0.336,-7.7237,-942.29,1h,validation,0.6,185
4.5,2.0,122,0.328,-8.8925,-1084.88,1h,validation,0.6,185
5.0,0.25,122,0.451,-3.7865,-461.95,1h,validation,0.6,185
5.0,0.5,122,0.385,-4.6504,-567.35,1h,validation,0.6,185
5.0,0.75,122,0.369,-5.562,-678.57,1h,validation,0.6,185
5.0,1.0,122,0.361,-6.2688,-764.79,1h,validation,0.6,185
5.0,1.5,122,0.328,-7.4894,-913.71,1h,validation,0.6,185
5.0,2.0,122,0.32,-8.6179,-1051.38,1h,validation,0.6,185
1.5,0.25,122,0.533,-4.293,-523.75,1h,validation,0.625,185
1.5,0.5,122,0.443,-5.375,-655.75,1h,validation,0.625,185
1.5,0.75,122,0.41,-6.2271,-759.71,1h,validation,0.625,185
1.5,1.0,122,0.393,-6.9627,-849.45,1h,validation,0.625,185
1.5,1.5,122,0.344,-8.2298,-1004.03,1h,validation,0.625,185
1.5,2.0,122,0.311,-9.3258,-1137.74,1h,validation,0.625,185
2.0,0.25,122,0.541,-3.6273,-442.53,1h,validation,0.625,185
2.0,0.5,122,0.459,-4.7345,-577.61,1h,validation,0.625,185
2.0,0.75,122,0.434,-5.6292,-686.76,1h,validation,0.625,185
2.0,1.0,122,0.426,-6.3869,-779.2,1h,validation,0.625,185
2.0,1.5,122,0.385,-7.6777,-936.68,1h,validation,0.625,185
2.0,2.0,122,0.352,-8.7869,-1072.0,1h,validation,0.625,185
2.5,0.25,122,0.541,-3.3088,-403.67,1h,validation,0.625,185
2.5,0.5,122,0.459,-4.4345,-541.0,1h,validation,0.625,185
2.5,0.75,122,0.443,-5.3498,-652.67,1h,validation,0.625,185
2.5,1.0,122,0.434,-6.1193,-746.56,1h,validation,0.625,185
2.5,1.5,122,0.393,-7.4237,-905.7,1h,validation,0.625,185
2.5,2.0,122,0.369,-8.5408,-1041.98,1h,validation,0.625,185
3.0,0.25,122,0.541,-3.1953,-389.83,1h,validation,0.625,185
3.0,0.5,122,0.451,-4.2146,-514.18,1h,validation,0.625,185
3.0,0.75,122,0.434,-5.1658,-630.23,1h,validation,0.625,185
3.0,1.0,122,0.426,-5.9681,-728.11,1h,validation,0.625,185
3.0,1.5,122,0.385,-7.3035,-891.03,1h,validation,0.625,185
3.0,2.0,122,0.352,-8.4365,-1029.25,1h,validation,0.625,185
3.5,0.25,122,0.525,-3.033,-370.02,1h,validation,0.625,185
3.5,0.5,122,0.443,-4.0089,-489.09,1h,validation,0.625,185
3.5,0.75,122,0.426,-4.9725,-606.65,1h,validation,0.625,185
3.5,1.0,122,0.418,-5.7826,-705.48,1h,validation,0.625,185
3.5,1.5,122,0.385,-7.1272,-869.51,1h,validation,0.625,185
3.5,2.0,122,0.361,-8.2654,-1008.38,1h,validation,0.625,185
4.0,0.25,122,0.5,-3.1518,-384.52,1h,validation,0.625,185
4.0,0.5,122,0.418,-4.1879,-510.92,1h,validation,0.625,185
4.0,0.75,122,0.393,-5.2853,-644.8,1h,validation,0.625,185
4.0,1.0,122,0.393,-6.1281,-747.63,1h,validation,0.625,185
4.0,1.5,122,0.369,-7.5027,-915.33,1h,validation,0.625,185
4.0,2.0,122,0.352,-8.6572,-1056.18,1h,validation,0.625,185
4.5,0.25,122,0.484,-3.4966,-426.58,1h,validation,0.625,185
4.5,0.5,122,0.402,-4.4412,-541.83,1h,validation,0.625,185
4.5,0.75,122,0.377,-5.4744,-667.88,1h,validation,0.625,185
4.5,1.0,122,0.377,-6.293,-767.75,1h,validation,0.625,185
4.5,1.5,122,0.352,-7.6502,-933.33,1h,validation,0.625,185
4.5,2.0,122,0.336,-8.7977,-1073.32,1h,validation,0.625,185
5.0,0.25,122,0.467,-3.6411,-444.21,1h,validation,0.625,185
5.0,0.5,122,0.385,-4.5018,-549.22,1h,validation,0.625,185
5.0,0.75,122,0.369,-5.4406,-663.75,1h,validation,0.625,185
5.0,1.0,122,0.361,-6.2107,-757.7,1h,validation,0.625,185
5.0,1.5,122,0.336,-7.5874,-925.66,1h,validation,0.625,185
5.0,2.0,122,0.32,-8.7487,-1067.34,1h,validation,0.625,185
1.5,0.25,122,0.557,-4.116,-502.16,1h,validation,0.65,185
1.5,0.5,122,0.467,-5.1589,-629.38,1h,validation,0.65,185
1.5,0.75,122,0.41,-5.9962,-731.53,1h,validation,0.65,185
1.5,1.0,122,0.377,-6.7233,-820.25,1h,validation,0.65,185
1.5,1.5,122,0.352,-7.9805,-973.62,1h,validation,0.65,185
1.5,2.0,122,0.303,-9.0706,-1106.62,1h,validation,0.65,185
2.0,0.25,122,0.541,-3.6192,-441.54,1h,validation,0.65,185
2.0,0.5,122,0.467,-4.7057,-574.09,1h,validation,0.65,185
2.0,0.75,122,0.451,-5.5891,-681.87,1h,validation,0.65,185
2.0,1.0,122,0.434,-6.3403,-773.51,1h,validation,0.65,185
2.0,1.5,122,0.402,-7.6236,-930.08,1h,validation,0.65,185
2.0,2.0,122,0.344,-8.7283,-1064.85,1h,validation,0.65,185
2.5,0.25,122,0.549,-2.9358,-358.16,1h,validation,0.65,185
2.5,0.5,122,0.475,-4.0449,-493.48,1h,validation,0.65,185
2.5,0.75,122,0.467,-4.9501,-603.91,1h,validation,0.65,185
2.5,1.0,122,0.451,-5.7138,-697.08,1h,validation,0.65,185
2.5,1.5,122,0.426,-7.0111,-855.35,1h,validation,0.65,185
2.5,2.0,122,0.385,-8.1238,-991.1,1h,validation,0.65,185
3.0,0.25,122,0.549,-2.7118,-330.84,1h,validation,0.65,185
3.0,0.5,122,0.475,-3.7412,-456.43,1h,validation,0.65,185
3.0,0.75,122,0.467,-4.6974,-573.08,1h,validation,0.65,185
3.0,1.0,122,0.451,-5.4906,-669.85,1h,validation,0.65,185
3.0,1.5,122,0.426,-6.813,-831.18,1h,validation,0.65,185
3.0,2.0,122,0.377,-7.9376,-968.39,1h,validation,0.65,185
3.5,0.25,122,0.533,-2.7128,-330.97,1h,validation,0.65,185
3.5,0.5,122,0.459,-3.7499,-457.49,1h,validation,0.65,185
3.5,0.75,122,0.451,-4.7005,-573.46,1h,validation,0.65,185
3.5,1.0,122,0.434,-5.501,-671.13,1h,validation,0.65,185
3.5,1.5,122,0.418,-6.8333,-833.66,1h,validation,0.65,185
3.5,2.0,122,0.377,-7.9638,-971.58,1h,validation,0.65,185
4.0,0.25,122,0.516,-2.5773,-314.43,1h,validation,0.65,185
4.0,0.5,122,0.451,-3.375,-411.75,1h,validation,0.65,185
4.0,0.75,122,0.443,-4.4798,-546.53,1h,validation,0.65,185
4.0,1.0,122,0.434,-5.311,-647.94,1h,validation,0.65,185
4.0,1.5,122,0.41,-6.6699,-813.73,1h,validation,0.65,185
4.0,2.0,122,0.377,-7.8145,-953.37,1h,validation,0.65,185
4.5,0.25,122,0.5,-3.1123,-379.7,1h,validation,0.65,185
4.5,0.5,122,0.418,-4.0933,-499.39,1h,validation,0.65,185
4.5,0.75,122,0.402,-5.1394,-627.01,1h,validation,0.65,185
4.5,1.0,122,0.385,-5.9619,-727.35,1h,validation,0.65,185
4.5,1.5,122,0.369,-7.3217,-893.25,1h,validation,0.65,185
4.5,2.0,122,0.344,-8.4701,-1033.35,1h,validation,0.65,185
5.0,0.25,122,0.484,-3.2345,-394.61,1h,validation,0.65,185
5.0,0.5,122,0.402,-4.1157,-502.11,1h,validation,0.65,185
5.0,0.75,122,0.393,-5.0629,-617.67,1h,validation,0.65,185
5.0,1.0,122,0.369,-5.837,-712.12,1h,validation,0.65,185
5.0,1.5,122,0.352,-7.2143,-880.14,1h,validation,0.65,185
5.0,2.0,122,0.328,-8.3743,-1021.66,1h,validation,0.65,185
1.5,0.25,122,0.557,-4.0168,-490.05,1h,validation,0.675,185
1.5,0.5,122,0.475,-5.0422,-615.15,1h,validation,0.675,185
1.5,0.75,122,0.418,-5.8729,-716.49,1h,validation,0.675,185
1.5,1.0,122,0.377,-6.5962,-804.74,1h,validation,0.675,185
1.5,1.5,122,0.352,-7.849,-957.58,1h,validation,0.675,185
1.5,2.0,122,0.295,-8.9366,-1090.27,1h,validation,0.675,185
2.0,0.25,122,0.541,-3.5303,-430.7,1h,validation,0.675,185
2.0,0.5,122,0.467,-4.6539,-567.78,1h,validation,0.675,185
2.0,0.75,122,0.451,-5.5257,-674.14,1h,validation,0.675,185
2.0,1.0,122,0.426,-6.2713,-765.09,1h,validation,0.675,185
2.0,1.5,122,0.402,-7.5487,-920.94,1h,validation,0.675,185
2.0,2.0,122,0.336,-8.6502,-1055.32,1h,validation,0.675,185
2.5,0.25,122,0.549,-2.8673,-349.81,1h,validation,0.675,185
2.5,0.5,122,0.475,-4.0205,-490.5,1h,validation,0.675,185
2.5,0.75,122,0.467,-4.912,-599.27,1h,validation,0.675,185
2.5,1.0,122,0.451,-5.6685,-691.55,1h,validation,0.675,185
2.5,1.5,122,0.434,-6.9579,-848.87,1h,validation,0.675,185
2.5,2.0,122,0.385,-8.0661,-984.07,1h,validation,0.675,185
3.0,0.25,122,0.549,-2.6321,-321.11,1h,validation,0.675,185
3.0,0.5,122,0.475,-3.7657,-459.41,1h,validation,0.675,185
3.0,0.75,122,0.467,-4.6523,-567.59,1h,validation,0.675,185
3.0,1.0,122,0.451,-5.4059,-659.52,1h,validation,0.675,185
3.0,1.5,122,0.434,-6.692,-816.42,1h,validation,0.675,185
3.0,2.0,122,0.385,-7.798,-951.36,1h,validation,0.675,185
3.5,0.25,122,0.533,-2.722,-332.08,1h,validation,0.675,185
3.5,0.5,122,0.451,-3.7521,-457.75,1h,validation,0.675,185
3.5,0.75,122,0.443,-4.6681,-569.51,1h,validation,0.675,185
3.5,1.0,122,0.426,-5.4444,-664.21,1h,validation,0.675,185
3.5,1.5,122,0.402,-6.7529,-823.85,1h,validation,0.675,185
3.5,2.0,122,0.369,-7.8705,-960.2,1h,validation,0.675,185
4.0,0.25,122,0.516,-2.4265,-296.03,1h,validation,0.675,185
4.0,0.5,122,0.451,-3.2886,-401.21,1h,validation,0.675,185
4.0,0.75,122,0.443,-4.2432,-517.67,1h,validation,0.675,185
4.0,1.0,122,0.434,-5.0431,-615.26,1h,validation,0.675,185
4.0,1.5,122,0.41,-6.379,-778.24,1h,validation,0.675,185
4.0,2.0,122,0.385,-7.5126,-916.53,1h,validation,0.675,185
4.5,0.25,122,0.5,-2.83,-345.26,1h,validation,0.675,185
4.5,0.5,122,0.426,-3.9166,-477.82,1h,validation,0.675,185
4.5,0.75,122,0.41,-5.038,-614.64,1h,validation,0.675,185
4.5,1.0,122,0.393,-5.8666,-715.73,1h,validation,0.675,185
4.5,1.5,122,0.377,-7.2288,-881.91,1h,validation,0.675,185
4.5,2.0,122,0.352,-8.3767,-1021.96,1h,validation,0.675,185
5.0,0.25,122,0.484,-3.1039,-378.68,1h,validation,0.675,185
5.0,0.5,122,0.402,-4.1054,-500.86,1h,validation,0.675,185
5.0,0.75,122,0.393,-5.1686,-630.56,1h,validation,0.675,185
5.0,1.0,122,0.369,-5.9752,-728.98,1h,validation,0.675,185
5.0,1.5,122,0.352,-7.3224,-893.34,1h,validation,0.675,185
5.0,2.0,122,0.328,-8.4646,-1032.68,1h,validation,0.675,185
1.5,0.25,121,0.562,-3.8801,-469.5,1h,validation,0.7,185
1.5,0.5,121,0.488,-4.9021,-593.15,1h,validation,0.7,185
1.5,0.75,121,0.446,-5.7261,-692.85,1h,validation,0.7,185
1.5,1.0,121,0.388,-6.4449,-779.84,1h,validation,0.7,185
1.5,1.5,121,0.364,-7.6922,-930.75,1h,validation,0.7,185
1.5,2.0,121,0.306,-8.7764,-1061.95,1h,validation,0.7,185
2.0,0.25,121,0.529,-3.8321,-463.68,1h,validation,0.7,185
2.0,0.5,121,0.471,-4.9207,-595.41,1h,validation,0.7,185
2.0,0.75,121,0.455,-5.7821,-699.63,1h,validation,0.7,185
2.0,1.0,121,0.413,-6.5219,-789.15,1h,validation,0.7,185
2.0,1.5,121,0.397,-7.793,-942.95,1h,validation,0.7,185
2.0,2.0,121,0.339,-8.8912,-1075.83,1h,validation,0.7,185
2.5,0.25,121,0.537,-3.2671,-395.32,1h,validation,0.7,185
2.5,0.5,121,0.479,-4.392,-531.43,1h,validation,0.7,185
2.5,0.75,121,0.463,-5.2651,-637.08,1h,validation,0.7,185
2.5,1.0,121,0.446,-6.0113,-727.37,1h,validation,0.7,185
2.5,1.5,121,0.438,-7.2894,-882.02,1h,validation,0.7,185
2.5,2.0,121,0.388,-8.3915,-1015.37,1h,validation,0.7,185
3.0,0.25,121,0.537,-2.9709,-359.48,1h,validation,0.7,185
3.0,0.5,121,0.479,-4.0801,-493.7,1h,validation,0.7,185
3.0,0.75,121,0.463,-4.9596,-600.11,1h,validation,0.7,185
3.0,1.0,121,0.446,-5.7095,-690.85,1h,validation,0.7,185
3.0,1.5,121,0.438,-6.9918,-846.01,1h,validation,0.7,185
3.0,2.0,121,0.397,-8.0962,-979.64,1h,validation,0.7,185
3.5,0.25,121,0.537,-2.8768,-348.09,1h,validation,0.7,185
3.5,0.5,121,0.471,-3.942,-476.99,1h,validation,0.7,185
3.5,0.75,121,0.455,-4.8776,-590.19,1h,validation,0.7,185
3.5,1.0,121,0.438,-5.654,-684.14,1h,validation,0.7,185
3.5,1.5,121,0.421,-6.961,-842.28,1h,validation,0.7,185
3.5,2.0,121,0.38,-8.0779,-977.42,1h,validation,0.7,185
4.0,0.25,121,0.512,-2.6954,-326.14,1h,validation,0.7,185
4.0,0.5,121,0.455,-3.6021,-435.85,1h,validation,0.7,185
4.0,0.75,121,0.438,-4.5428,-549.68,1h,validation,0.7,185
4.0,1.0,121,0.43,-5.333,-645.29,1h,validation,0.7,185
4.0,1.5,121,0.413,-6.6569,-805.48,1h,validation,0.7,185
4.0,2.0,121,0.397,-7.7833,-941.78,1h,validation,0.7,185
4.5,0.25,121,0.496,-2.8967,-350.5,1h,validation,0.7,185
4.5,0.5,121,0.446,-3.7602,-454.99,1h,validation,0.7,185
4.5,0.75,121,0.43,-4.8578,-587.8,1h,validation,0.7,185
4.5,1.0,121,0.421,-5.6737,-686.51,1h,validation,0.7,185
4.5,1.5,121,0.397,-7.0208,-849.52,1h,validation,0.7,185
4.5,2.0,121,0.38,-8.1599,-987.34,1h,validation,0.7,185
5.0,0.25,121,0.479,-3.2559,-393.96,1h,validation,0.7,185
5.0,0.5,121,0.413,-4.3051,-520.91,1h,validation,0.7,185
5.0,0.75,121,0.388,-5.4154,-655.27,1h,validation,0.7,185
5.0,1.0,121,0.372,-6.2422,-755.31,1h,validation,0.7,185
5.0,1.5,121,0.364,-7.6039,-920.08,1h,validation,0.7,185
5.0,2.0,121,0.347,-8.7523,-1059.03,1h,validation,0.7,185
1.5,0.25,136,0.544,-1.0591,-144.04,1h,holdout,0.3,183
1.5,0.5,136,0.478,-2.2431,-305.06,1h,holdout,0.3,183
1.5,0.75,136,0.441,-3.1424,-427.37,1h,holdout,0.3,183
1.5,1.0,136,0.426,-3.9076,-531.43,1h,holdout,0.3,183
1.5,1.5,136,0.353,-5.2059,-708.0,1h,holdout,0.3,183
1.5,2.0,136,0.279,-6.304,-857.34,1h,holdout,0.3,183
2.0,0.25,136,0.544,-0.5849,-79.55,1h,holdout,0.3,183
2.0,0.5,136,0.463,-2.7246,-370.54,1h,holdout,0.3,183
2.0,0.75,136,0.434,-3.6099,-490.94,1h,holdout,0.3,183
2.0,1.0,136,0.419,-4.3613,-593.14,1h,holdout,0.3,183
2.0,1.5,136,0.36,-5.6387,-766.87,1h,holdout,0.3,183
2.0,2.0,136,0.301,-6.7285,-915.08,1h,holdout,0.3,183
2.5,0.25,136,0.515,-1.3305,-180.95,1h,holdout,0.3,183
2.5,0.5,136,0.434,-3.6307,-493.78,1h,holdout,0.3,183
2.5,0.75,136,0.39,-4.5033,-612.46,1h,holdout,0.3,183
2.5,1.0,136,0.382,-5.2452,-713.35,1h,holdout,0.3,183
2.5,1.5,136,0.324,-6.5197,-886.68,1h,holdout,0.3,183
2.5,2.0,136,0.287,-7.6052,-1034.31,1h,holdout,0.3,183
3.0,0.25,136,0.507,-1.0316,-140.29,1h,holdout,0.3,183
3.0,0.5,136,0.426,-3.5026,-476.35,1h,holdout,0.3,183
3.0,0.75,136,0.375,-4.374,-594.86,1h,holdout,0.3,183
3.0,1.0,136,0.353,-6.5382,-889.2,1h,holdout,0.3,183
3.0,1.5,136,0.301,-7.7089,-1048.41,1h,holdout,0.3,183
3.0,2.0,136,0.265,-8.7247,-1186.56,1h,holdout,0.3,183
3.5,0.25,136,0.507,-0.6455,-87.79,1h,holdout,0.3,183
3.5,0.5,136,0.426,-3.0655,-416.91,1h,holdout,0.3,183
3.5,0.75,136,0.368,-3.9609,-538.68,1h,holdout,0.3,183
3.5,1.0,136,0.346,-6.1232,-832.75,1h,holdout,0.3,183
3.5,1.5,136,0.309,-7.2783,-989.85,1h,holdout,0.3,183
3.5,2.0,136,0.279,-8.2762,-1125.57,1h,holdout,0.3,183
4.0,0.25,136,0.5,-0.5933,-80.69,1h,holdout,0.3,183
4.0,0.5,136,0.419,-3.0946,-420.87,1h,holdout,0.3,183
4.0,0.75,136,0.36,-4.1729,-567.51,1h,holdout,0.3,183
4.0,1.0,136,0.331,-6.39,-869.04,1h,holdout,0.3,183
4.0,1.5,136,0.294,-7.5928,-1032.63,1h,holdout,0.3,183
4.0,2.0,136,0.265,-8.6144,-1171.56,1h,holdout,0.3,183
4.5,0.25,136,0.485,-1.1063,-150.46,1h,holdout,0.3,183
4.5,0.5,136,0.404,-3.4882,-474.39,1h,holdout,0.3,183
4.5,0.75,136,0.338,-4.5734,-621.98,1h,holdout,0.3,183
4.5,1.0,136,0.309,-6.7271,-914.88,1h,holdout,0.3,183
4.5,1.5,136,0.265,-7.8565,-1068.49,1h,holdout,0.3,183
4.5,2.0,136,0.243,-8.8725,-1206.66,1h,holdout,0.3,183
5.0,0.25,136,0.485,-1.0782,-146.64,1h,holdout,0.3,183
5.0,0.5,136,0.404,-3.3104,-450.21,1h,holdout,0.3,183
5.0,0.75,136,0.338,-4.4138,-600.27,1h,holdout,0.3,183
5.0,1.0,136,0.309,-6.588,-895.97,1h,holdout,0.3,183
5.0,1.5,136,0.265,-7.9061,-1075.23,1h,holdout,0.3,183
5.0,2.0,136,0.243,-8.9865,-1222.17,1h,holdout,0.3,183
1.5,0.25,135,0.526,-1.4022,-189.3,1h,holdout,0.325,183
1.5,0.5,135,0.459,-2.5876,-349.32,1h,holdout,0.325,183
1.5,0.75,135,0.422,-3.4881,-470.89,1h,holdout,0.325,183
1.5,1.0,135,0.407,-4.2602,-575.13,1h,holdout,0.325,183
1.5,1.5,135,0.348,-5.5623,-750.91,1h,holdout,0.325,183
1.5,2.0,135,0.267,-6.662,-899.36,1h,holdout,0.325,183
2.0,0.25,135,0.526,-1.0883,-146.92,1h,holdout,0.325,183
2.0,0.5,135,0.444,-3.2411,-437.54,1h,holdout,0.325,183
2.0,0.75,135,0.415,-4.0984,-553.28,1h,holdout,0.325,183
2.0,1.0,135,0.4,-4.8413,-653.58,1h,holdout,0.325,183
2.0,1.5,135,0.348,-6.1106,-824.93,1h,holdout,0.325,183
2.0,2.0,135,0.289,-7.1966,-971.54,1h,holdout,0.325,183
2.5,0.25,135,0.504,-1.5611,-210.75,1h,holdout,0.325,183
2.5,0.5,135,0.422,-3.895,-525.82,1h,holdout,0.325,183
2.5,0.75,135,0.378,-4.7727,-644.31,1h,holdout,0.325,183
2.5,1.0,135,0.37,-5.5162,-744.69,1h,holdout,0.325,183
2.5,1.5,135,0.304,-6.7926,-917.01,1h,holdout,0.325,183
2.5,2.0,135,0.267,-7.8794,-1063.72,1h,holdout,0.325,183
3.0,0.25,135,0.496,-1.1704,-158.01,1h,holdout,0.325,183
3.0,0.5,135,0.415,-3.6186,-488.52,1h,holdout,0.325,183
3.0,0.75,135,0.37,-4.4462,-600.24,1h,holdout,0.325,183
3.0,1.0,135,0.356,-6.6285,-894.84,1h,holdout,0.325,183
3.0,1.5,135,0.304,-7.8451,-1059.09,1h,holdout,0.325,183
3.0,2.0,135,0.267,-8.9,-1201.5,1h,holdout,0.325,183
3.5,0.25,135,0.496,-0.8531,-115.16,1h,holdout,0.325,183
3.5,0.5,135,0.415,-3.4361,-463.87,1h,holdout,0.325,183
3.5,0.75,135,0.356,-4.4076,-595.03,1h,holdout,0.325,183
3.5,1.0,135,0.341,-6.6174,-893.35,1h,holdout,0.325,183
3.5,1.5,135,0.296,-7.8308,-1057.16,1h,holdout,0.325,183
3.5,2.0,135,0.267,-8.8633,-1196.54,1h,holdout,0.325,183
4.0,0.25,135,0.489,-0.7616,-102.82,1h,holdout,0.325,183
4.0,0.5,135,0.407,-3.3249,-448.86,1h,holdout,0.325,183
4.0,0.75,135,0.348,-4.4395,-599.33,1h,holdout,0.325,183
4.0,1.0,135,0.326,-6.6832,-902.24,1h,holdout,0.325,183
4.0,1.5,135,0.281,-7.9134,-1068.31,1h,holdout,0.325,183
4.0,2.0,135,0.252,-8.9521,-1208.53,1h,holdout,0.325,183
4.5,0.25,135,0.481,-0.9598,-129.58,1h,holdout,0.325,183
4.5,0.5,135,0.4,-3.4034,-459.46,1h,holdout,0.325,183
4.5,0.75,135,0.333,-4.524,-610.74,1h,holdout,0.325,183
4.5,1.0,135,0.311,-6.7113,-906.02,1h,holdout,0.325,183
4.5,1.5,135,0.259,-7.8788,-1063.63,1h,holdout,0.325,183
4.5,2.0,135,0.237,-8.9192,-1204.09,1h,holdout,0.325,183
5.0,0.25,135,0.474,-1.2293,-165.95,1h,holdout,0.325,183
5.0,0.5,135,0.393,-3.4958,-471.93,1h,holdout,0.325,183
5.0,0.75,135,0.326,-4.6246,-624.32,1h,holdout,0.325,183
5.0,1.0,135,0.304,-6.8103,-919.39,1h,holdout,0.325,183
5.0,1.5,135,0.252,-8.1553,-1100.97,1h,holdout,0.325,183
5.0,2.0,135,0.23,-9.25,-1248.75,1h,holdout,0.325,183
1.5,0.25,135,0.541,-1.2733,-171.89,1h,holdout,0.35,183
1.5,0.5,135,0.467,-2.4261,-327.53,1h,holdout,0.35,183
1.5,0.75,135,0.43,-3.3148,-447.5,1h,holdout,0.35,183
1.5,1.0,135,0.393,-4.0798,-550.78,1h,holdout,0.35,183
1.5,1.5,135,0.341,-5.374,-725.5,1h,holdout,0.35,183
1.5,2.0,135,0.274,-6.4693,-873.35,1h,holdout,0.35,183
2.0,0.25,135,0.533,-0.9596,-129.55,1h,holdout,0.35,183
2.0,0.5,135,0.444,-3.1091,-419.73,1h,holdout,0.35,183
2.0,0.75,135,0.422,-3.9743,-536.53,1h,holdout,0.35,183
2.0,1.0,135,0.4,-4.7161,-636.67,1h,holdout,0.35,183
2.0,1.5,135,0.356,-5.9872,-808.27,1h,holdout,0.35,183
2.0,2.0,135,0.296,-7.073,-954.85,1h,holdout,0.35,183
2.5,0.25,135,0.519,-1.1953,-161.37,1h,holdout,0.35,183
2.5,0.5,135,0.437,-3.5082,-473.61,1h,holdout,0.35,183
2.5,0.75,135,0.4,-4.4061,-594.82,1h,holdout,0.35,183
2.5,1.0,135,0.385,-5.1591,-696.48,1h,holdout,0.35,183
2.5,1.5,135,0.319,-6.4443,-869.98,1h,holdout,0.35,183
2.5,2.0,135,0.281,-7.5384,-1017.68,1h,holdout,0.35,183
3.0,0.25,135,0.504,-1.0394,-140.31,1h,holdout,0.35,183
3.0,0.5,135,0.415,-3.5826,-483.65,1h,holdout,0.35,183
3.0,0.75,135,0.378,-4.5028,-607.88,1h,holdout,0.35,183
3.0,1.0,135,0.363,-5.2705,-711.52,1h,holdout,0.35,183
3.0,1.5,135,0.319,-6.572,-887.22,1h,holdout,0.35,183
3.0,2.0,135,0.281,-7.6722,-1035.74,1h,holdout,0.35,183
3.5,0.25,135,0.504,-0.7559,-102.05,1h,holdout,0.35,183
3.5,0.5,135,0.415,-3.3108,-446.96,1h,holdout,0.35,183
3.5,0.75,135,0.363,-4.2898,-579.13,1h,holdout,0.35,183
3.5,1.0,135,0.341,-6.4967,-877.06,1h,holdout,0.35,183
3.5,1.5,135,0.296,-7.7115,-1041.05,1h,holdout,0.35,183
3.5,2.0,135,0.267,-8.7416,-1180.11,1h,holdout,0.35,183
4.0,0.25,135,0.496,-0.6397,-86.36,1h,holdout,0.35,183
4.0,0.5,135,0.407,-3.1797,-429.26,1h,holdout,0.35,183
4.0,0.75,135,0.356,-4.3176,-582.88,1h,holdout,0.35,183
4.0,1.0,135,0.326,-6.5633,-886.04,1h,holdout,0.35,183
4.0,1.5,135,0.281,-7.7994,-1052.92,1h,holdout,0.35,183
4.0,2.0,135,0.252,-8.8405,-1193.47,1h,holdout,0.35,183
4.5,0.25,135,0.489,-0.8445,-114.01,1h,holdout,0.35,183
4.5,0.5,135,0.4,-3.3144,-447.44,1h,holdout,0.35,183
4.5,0.75,135,0.341,-4.4904,-606.2,1h,holdout,0.35,183
4.5,1.0,135,0.311,-6.7122,-906.15,1h,holdout,0.35,183
4.5,1.5,135,0.259,-7.9087,-1067.67,1h,holdout,0.35,183
4.5,2.0,135,0.237,-8.9215,-1204.41,1h,holdout,0.35,183
5.0,0.25,135,0.481,-1.111,-149.99,1h,holdout,0.35,183
5.0,0.5,135,0.393,-3.4054,-459.73,1h,holdout,0.35,183
5.0,0.75,135,0.333,-4.5914,-619.84,1h,holdout,0.35,183
5.0,1.0,135,0.304,-6.8142,-919.91,1h,holdout,0.35,183
5.0,1.5,135,0.252,-8.0057,-1080.77,1h,holdout,0.35,183
5.0,2.0,135,0.23,-9.014,-1216.89,1h,holdout,0.35,183
1.5,0.25,135,0.526,-2.9323,-395.85,1h,holdout,0.375,183
1.5,0.5,135,0.452,-4.0907,-552.24,1h,holdout,0.375,183
1.5,0.75,135,0.407,-4.9496,-668.2,1h,holdout,0.375,183
1.5,1.0,135,0.378,-5.6818,-767.04,1h,holdout,0.375,183
1.5,1.5,135,0.326,-6.9293,-935.46,1h,holdout,0.375,183
1.5,2.0,135,0.252,-7.9931,-1079.07,1h,holdout,0.375,183
2.0,0.25,135,0.526,-2.5504,-344.3,1h,holdout,0.375,183
2.0,0.5,135,0.43,-4.6292,-624.95,1h,holdout,0.375,183
2.0,0.75,135,0.407,-5.4439,-734.92,1h,holdout,0.375,183
2.0,1.0,135,0.385,-6.1477,-829.95,1h,holdout,0.375,183
2.0,1.5,135,0.341,-7.3656,-994.35,1h,holdout,0.375,183
2.0,2.0,135,0.281,-8.4154,-1136.07,1h,holdout,0.375,183
2.5,0.25,135,0.519,-2.1551,-290.94,1h,holdout,0.375,183
2.5,0.5,135,0.43,-4.4639,-602.62,1h,holdout,0.375,183
2.5,0.75,135,0.4,-5.3398,-720.88,1h,holdout,0.375,183
2.5,1.0,135,0.378,-6.0721,-819.73,1h,holdout,0.375,183
2.5,1.5,135,0.311,-7.3249,-988.86,1h,holdout,0.375,183
2.5,2.0,135,0.274,-8.3959,-1133.45,1h,holdout,0.375,183
3.0,0.25,135,0.496,-2.635,-355.73,1h,holdout,0.375,183
3.0,0.5,135,0.4,-5.1227,-691.56,1h,holdout,0.375,183
3.0,0.75,135,0.37,-5.9778,-807.0,1h,holdout,0.375,183
3.0,1.0,135,0.348,-6.6973,-904.14,1h,holdout,0.375,183
3.0,1.5,135,0.304,-7.9338,-1071.06,1h,holdout,0.375,183
3.0,2.0,135,0.267,-8.991,-1213.78,1h,holdout,0.375,183
3.5,0.25,135,0.496,-2.4694,-333.36,1h,holdout,0.375,183
3.5,0.5,135,0.4,-4.9579,-669.31,1h,holdout,0.375,183
3.5,0.75,135,0.356,-5.9261,-800.03,1h,holdout,0.375,183
3.5,1.0,135,0.333,-6.6678,-900.15,1h,holdout,0.375,183
3.5,1.5,135,0.289,-7.8999,-1066.49,1h,holdout,0.375,183
3.5,2.0,135,0.252,-8.9431,-1207.32,1h,holdout,0.375,183
4.0,0.25,135,0.489,-2.3026,-310.85,1h,holdout,0.375,183
4.0,0.5,135,0.393,-4.8275,-651.71,1h,holdout,0.375,183
4.0,0.75,135,0.348,-5.959,-804.47,1h,holdout,0.375,183
4.0,1.0,135,0.319,-6.7437,-910.4,1h,holdout,0.375,183
4.0,1.5,135,0.281,-7.9991,-1079.88,1h,holdout,0.375,183
4.0,2.0,135,0.252,-9.044,-1220.95,1h,holdout,0.375,183
4.5,0.25,135,0.489,-2.1836,-294.78,1h,holdout,0.375,183
4.5,0.5,135,0.393,-4.6741,-631.0,1h,holdout,0.375,183
4.5,0.75,135,0.341,-5.8758,-793.24,1h,holdout,0.375,183
4.5,1.0,135,0.311,-6.6615,-899.3,1h,holdout,0.375,183
4.5,1.5,135,0.259,-7.9134,-1068.31,1h,holdout,0.375,183
4.5,2.0,135,0.237,-8.9553,-1208.97,1h,holdout,0.375,183
5.0,0.25,135,0.474,-2.7239,-367.73,1h,holdout,0.375,183
5.0,0.5,135,0.378,-5.0286,-678.85,1h,holdout,0.375,183
5.0,0.75,135,0.326,-6.2275,-840.71,1h,holdout,0.375,183
5.0,1.0,135,0.296,-6.9986,-944.81,1h,holdout,0.375,183
5.0,1.5,135,0.244,-8.2188,-1109.53,1h,holdout,0.375,183
5.0,2.0,135,0.222,-9.2358,-1246.83,1h,holdout,0.375,183
1.5,0.25,133,0.541,-2.9828,-396.72,1h,holdout,0.4,183
1.5,0.5,133,0.451,-4.1727,-554.97,1h,holdout,0.4,183
1.5,0.75,133,0.398,-5.0311,-669.14,1h,holdout,0.4,183
1.5,1.0,133,0.368,-5.7636,-766.55,1h,holdout,0.4,183
1.5,1.5,133,0.316,-7.0116,-932.54,1h,holdout,0.4,183
1.5,2.0,133,0.248,-8.0752,-1074.0,1h,holdout,0.4,183
2.0,0.25,133,0.534,-2.5453,-338.52,1h,holdout,0.4,183
2.0,0.5,133,0.421,-4.664,-620.31,1h,holdout,0.4,183
2.0,0.75,133,0.398,-5.4908,-730.28,1h,holdout,0.4,183
2.0,1.0,133,0.376,-6.2011,-824.74,1h,holdout,0.4,183
2.0,1.5,133,0.331,-7.4248,-987.49,1h,holdout,0.4,183
2.0,2.0,133,0.278,-8.4772,-1127.47,1h,holdout,0.4,183
2.5,0.25,133,0.526,-2.1832,-290.36,1h,holdout,0.4,183
2.5,0.5,133,0.421,-4.5362,-603.32,1h,holdout,0.4,183
2.5,0.75,133,0.391,-5.4498,-724.83,1h,holdout,0.4,183
2.5,1.0,133,0.368,-6.203,-825.0,1h,holdout,0.4,183
2.5,1.5,133,0.301,-7.4672,-993.13,1h,holdout,0.4,183
2.5,2.0,133,0.271,-8.5427,-1136.18,1h,holdout,0.4,183
3.0,0.25,133,0.511,-2.6058,-346.57,1h,holdout,0.4,183
3.0,0.5,133,0.398,-5.0834,-676.1,1h,holdout,0.4,183
3.0,0.75,133,0.368,-5.9197,-787.32,1h,holdout,0.4,183
3.0,1.0,133,0.346,-6.6317,-882.01,1h,holdout,0.4,183
3.0,1.5,133,0.308,-7.8602,-1045.4,1h,holdout,0.4,183
3.0,2.0,133,0.278,-8.9122,-1185.32,1h,holdout,0.4,183
3.5,0.25,133,0.504,-2.5196,-335.11,1h,holdout,0.4,183
3.5,0.5,133,0.398,-5.0361,-669.8,1h,holdout,0.4,183
3.5,0.75,133,0.353,-5.9762,-794.83,1h,holdout,0.4,183
3.5,1.0,133,0.331,-6.728,-894.82,1h,holdout,0.4,183
3.5,1.5,133,0.286,-7.9974,-1063.65,1h,holdout,0.4,183
3.5,2.0,133,0.256,-9.0717,-1206.54,1h,holdout,0.4,183
4.0,0.25,133,0.496,-2.2859,-304.03,1h,holdout,0.4,183
4.0,0.5,133,0.398,-4.6932,-624.2,1h,holdout,0.4,183
4.0,0.75,133,0.353,-5.6535,-751.92,1h,holdout,0.4,183
4.0,1.0,133,0.323,-6.3846,-849.15,1h,holdout,0.4,183
4.0,1.5,133,0.293,-7.5931,-1009.88,1h,holdout,0.4,183
4.0,2.0,133,0.263,-8.614,-1145.66,1h,holdout,0.4,183
4.5,0.25,133,0.496,-2.2391,-297.79,1h,holdout,0.4,183
4.5,0.5,133,0.391,-4.7364,-629.95,1h,holdout,0.4,183
4.5,0.75,133,0.346,-5.9857,-796.09,1h,holdout,0.4,183
4.5,1.0,133,0.316,-6.7949,-903.72,1h,holdout,0.4,183
4.5,1.5,133,0.263,-8.0702,-1073.33,1h,holdout,0.4,183
4.5,2.0,133,0.233,-9.1238,-1213.47,1h,holdout,0.4,183
5.0,0.25,133,0.489,-2.4114,-320.72,1h,holdout,0.4,183
5.0,0.5,133,0.383,-4.7312,-629.25,1h,holdout,0.4,183
5.0,0.75,133,0.331,-5.9445,-790.62,1h,holdout,0.4,183
5.0,1.0,133,0.301,-6.7292,-894.98,1h,holdout,0.4,183
5.0,1.5,133,0.248,-7.9653,-1059.38,1h,holdout,0.4,183
5.0,2.0,133,0.226,-8.9908,-1195.77,1h,holdout,0.4,183
1.5,0.25,131,0.534,-3.5847,-469.6,1h,holdout,0.425,183
1.5,0.5,131,0.435,-4.7926,-627.83,1h,holdout,0.425,183
1.5,0.75,131,0.397,-5.6541,-740.69,1h,holdout,0.425,183
1.5,1.0,131,0.344,-6.3863,-836.61,1h,holdout,0.425,183
1.5,1.5,131,0.29,-7.6319,-999.78,1h,holdout,0.425,183
1.5,2.0,131,0.221,-8.6924,-1138.7,1h,holdout,0.425,183
2.0,0.25,131,0.527,-3.0979,-405.82,1h,holdout,0.425,183
2.0,0.5,131,0.42,-4.4321,-580.61,1h,holdout,0.425,183
2.0,0.75,131,0.397,-5.3046,-694.9,1h,holdout,0.425,183
2.0,1.0,131,0.366,-6.0419,-791.49,1h,holdout,0.425,183
2.0,1.5,131,0.321,-7.2958,-955.75,1h,holdout,0.425,183
2.0,2.0,131,0.26,-8.3616,-1095.37,1h,holdout,0.425,183
2.5,0.25,131,0.527,-2.631,-344.66,1h,holdout,0.425,183
2.5,0.5,131,0.42,-4.1331,-541.43,1h,holdout,0.425,183
2.5,0.75,131,0.389,-5.0542,-662.1,1h,holdout,0.425,183
2.5,1.0,131,0.359,-5.8121,-761.38,1h,holdout,0.425,183
2.5,1.5,131,0.29,-7.0818,-927.72,1h,holdout,0.425,183
2.5,2.0,131,0.26,-8.159,-1068.84,1h,holdout,0.425,183
3.0,0.25,131,0.511,-2.551,-334.18,1h,holdout,0.425,183
3.0,0.5,131,0.405,-4.0374,-528.89,1h,holdout,0.425,183
3.0,0.75,131,0.382,-4.9377,-646.84,1h,holdout,0.425,183
3.0,1.0,131,0.351,-5.6831,-744.48,1h,holdout,0.425,183
3.0,1.5,131,0.313,-6.9504,-910.51,1h,holdout,0.425,183
3.0,2.0,131,0.275,-8.0276,-1051.61,1h,holdout,0.425,183
3.5,0.25,131,0.504,-2.3315,-305.42,1h,holdout,0.425,183
3.5,0.5,131,0.397,-4.0791,-534.36,1h,holdout,0.425,183
3.5,0.75,131,0.359,-5.0063,-655.82,1h,holdout,0.425,183
3.5,1.0,131,0.328,-5.7757,-756.62,1h,holdout,0.425,183
3.5,1.5,131,0.29,-7.0614,-925.05,1h,holdout,0.425,183
3.5,2.0,131,0.26,-8.1432,-1066.76,1h,holdout,0.425,183
4.0,0.25,131,0.496,-2.0716,-271.38,1h,holdout,0.425,183
4.0,0.5,131,0.397,-3.8157,-499.85,1h,holdout,0.425,183
4.0,0.75,131,0.359,-4.8837,-639.77,1h,holdout,0.425,183
4.0,1.0,131,0.321,-5.6817,-744.31,1h,holdout,0.425,183
4.0,1.5,131,0.29,-6.9643,-912.32,1h,holdout,0.425,183
4.0,2.0,131,0.26,-8.0212,-1050.78,1h,holdout,0.425,183
4.5,0.25,131,0.496,-2.0288,-265.78,1h,holdout,0.425,183
4.5,0.5,131,0.389,-3.8174,-500.08,1h,holdout,0.425,183
4.5,0.75,131,0.351,-5.0388,-660.08,1h,holdout,0.425,183
4.5,1.0,131,0.313,-5.8702,-768.99,1h,holdout,0.425,183
4.5,1.5,131,0.267,-7.1751,-939.93,1h,holdout,0.425,183
4.5,2.0,131,0.237,-8.2413,-1079.61,1h,holdout,0.425,183
5.0,0.25,131,0.489,-2.2039,-288.7,1h,holdout,0.425,183
5.0,0.5,131,0.382,-3.7614,-492.75,1h,holdout,0.425,183
5.0,0.75,131,0.336,-5.0499,-661.54,1h,holdout,0.425,183
5.0,1.0,131,0.298,-5.8839,-770.79,1h,holdout,0.425,183
5.0,1.5,131,0.244,-7.1839,-941.09,1h,holdout,0.425,183
5.0,2.0,131,0.229,-8.2452,-1080.12,1h,holdout,0.425,183
1.5,0.25,130,0.538,-3.3643,-437.36,1h,holdout,0.45,183
1.5,0.5,130,0.438,-4.5746,-594.7,1h,holdout,0.45,183
1.5,0.75,130,0.4,-5.4345,-706.49,1h,holdout,0.45,183
1.5,1.0,130,0.354,-6.1639,-801.3,1h,holdout,0.45,183
1.5,1.5,130,0.285,-7.4043,-962.56,1h,holdout,0.45,183
1.5,2.0,130,0.223,-8.4603,-1099.84,1h,holdout,0.45,183
2.0,0.25,130,0.531,-2.9397,-382.16,1h,holdout,0.45,183
2.0,0.5,130,0.438,-4.0941,-532.23,1h,holdout,0.45,183
2.0,0.75,130,0.415,-4.9598,-644.78,1h,holdout,0.45,183
2.0,1.0,130,0.385,-5.6977,-740.7,1h,holdout,0.45,183
2.0,1.5,130,0.331,-6.9474,-903.17,1h,holdout,0.45,183
2.0,2.0,130,0.269,-8.0083,-1041.08,1h,holdout,0.45,183
2.5,0.25,130,0.531,-2.6098,-339.28,1h,holdout,0.45,183
2.5,0.5,130,0.423,-4.0365,-524.74,1h,holdout,0.45,183
2.5,0.75,130,0.392,-4.9149,-638.94,1h,holdout,0.45,183
2.5,1.0,130,0.369,-5.6611,-735.95,1h,holdout,0.45,183
2.5,1.5,130,0.323,-6.9182,-899.37,1h,holdout,0.45,183
2.5,2.0,130,0.285,-7.9855,-1038.11,1h,holdout,0.45,183
3.0,0.25,130,0.515,-2.5404,-330.25,1h,holdout,0.45,183
3.0,0.5,130,0.408,-3.9279,-510.63,1h,holdout,0.45,183
3.0,0.75,130,0.385,-4.8112,-625.45,1h,holdout,0.45,183
3.0,1.0,130,0.362,-5.5455,-720.91,1h,holdout,0.45,183
3.0,1.5,130,0.308,-6.7983,-883.78,1h,holdout,0.45,183
3.0,2.0,130,0.277,-7.8656,-1022.52,1h,holdout,0.45,183
3.5,0.25,130,0.508,-2.2395,-291.14,1h,holdout,0.45,183
3.5,0.5,130,0.4,-3.878,-504.14,1h,holdout,0.45,183
3.5,0.75,130,0.377,-4.7932,-623.11,1h,holdout,0.45,183
3.5,1.0,130,0.354,-5.548,-721.23,1h,holdout,0.45,183
3.5,1.5,130,0.308,-6.8132,-885.71,1h,holdout,0.45,183
3.5,2.0,130,0.285,-7.8808,-1024.5,1h,holdout,0.45,183
4.0,0.25,130,0.508,-1.9486,-253.32,1h,holdout,0.45,183
4.0,0.5,130,0.4,-3.6305,-471.97,1h,holdout,0.45,183
4.0,0.75,130,0.362,-4.6839,-608.9,1h,holdout,0.45,183
4.0,1.0,130,0.331,-5.4706,-711.18,1h,holdout,0.45,183
4.0,1.5,130,0.292,-6.7405,-876.27,1h,holdout,0.45,183
4.0,2.0,130,0.262,-7.7985,-1013.8,1h,holdout,0.45,183
4.5,0.25,130,0.5,-1.899,-246.87,1h,holdout,0.45,183
4.5,0.5,130,0.4,-3.5665,-463.64,1h,holdout,0.45,183
4.5,0.75,130,0.354,-4.7701,-620.12,1h,holdout,0.45,183
4.5,1.0,130,0.323,-5.5907,-726.8,1h,holdout,0.45,183
4.5,1.5,130,0.269,-6.881,-894.53,1h,holdout,0.45,183
4.5,2.0,130,0.238,-7.937,-1031.82,1h,holdout,0.45,183
5.0,0.25,130,0.492,-2.0857,-271.14,1h,holdout,0.45,183
5.0,0.5,130,0.392,-3.5525,-461.82,1h,holdout,0.45,183
5.0,0.75,130,0.338,-4.8287,-627.73,1h,holdout,0.45,183
5.0,1.0,130,0.308,-5.6543,-735.06,1h,holdout,0.45,183
5.0,1.5,130,0.246,-6.9419,-902.45,1h,holdout,0.45,183
5.0,2.0,130,0.231,-7.9942,-1039.25,1h,holdout,0.45,183
1.5,0.25,130,0.546,-3.22,-418.59,1h,holdout,0.475,183
1.5,0.5,130,0.438,-4.4332,-576.32,1h,holdout,0.475,183
1.5,0.75,130,0.4,-5.2926,-688.04,1h,holdout,0.475,183
1.5,1.0,130,0.354,-6.0211,-782.75,1h,holdout,0.475,183
1.5,1.5,130,0.292,-7.2605,-943.87,1h,holdout,0.475,183
1.5,2.0,130,0.231,-8.316,-1081.08,1h,holdout,0.475,183
2.0,0.25,130,0.538,-2.8818,-374.63,1h,holdout,0.475,183
2.0,0.5,130,0.446,-4.0143,-521.86,1h,holdout,0.475,183
2.0,0.75,130,0.415,-4.8717,-633.32,1h,holdout,0.475,183
2.0,1.0,130,0.377,-5.6043,-728.56,1h,holdout,0.475,183
2.0,1.5,130,0.331,-6.8481,-890.25,1h,holdout,0.475,183
2.0,2.0,130,0.269,-7.9056,-1027.73,1h,holdout,0.475,183
2.5,0.25,130,0.531,-2.6071,-338.93,1h,holdout,0.475,183
2.5,0.5,130,0.423,-4.082,-530.66,1h,holdout,0.475,183
2.5,0.75,130,0.392,-4.9753,-646.79,1h,holdout,0.475,183
2.5,1.0,130,0.369,-5.7166,-743.16,1h,holdout,0.475,183
2.5,1.5,130,0.331,-6.9672,-905.74,1h,holdout,0.475,183
2.5,2.0,130,0.285,-8.0307,-1043.99,1h,holdout,0.475,183
3.0,0.25,130,0.515,-2.623,-340.99,1h,holdout,0.475,183
3.0,0.5,130,0.408,-4.0,-520.0,1h,holdout,0.475,183
3.0,0.75,130,0.385,-4.8791,-634.28,1h,holdout,0.475,183
3.0,1.0,130,0.362,-5.6102,-729.33,1h,holdout,0.475,183
3.0,1.5,130,0.3,-6.8591,-891.68,1h,holdout,0.475,183
3.0,2.0,130,0.269,-7.9239,-1030.11,1h,holdout,0.475,183
3.5,0.25,130,0.508,-2.2458,-291.96,1h,holdout,0.475,183
3.5,0.5,130,0.4,-3.8666,-502.66,1h,holdout,0.475,183
3.5,0.75,130,0.377,-4.7688,-619.94,1h,holdout,0.475,183
3.5,1.0,130,0.354,-5.5154,-717.0,1h,holdout,0.475,183
3.5,1.5,130,0.3,-6.7713,-880.26,1h,holdout,0.475,183
3.5,2.0,130,0.277,-7.8333,-1018.33,1h,holdout,0.475,183
4.0,0.25,130,0.508,-1.9491,-253.38,1h,holdout,0.475,183
4.0,0.5,130,0.4,-3.6116,-469.51,1h,holdout,0.475,183
4.0,0.75,130,0.362,-4.6142,-599.85,1h,holdout,0.475,183
4.0,1.0,130,0.331,-5.3814,-699.58,1h,holdout,0.475,183
4.0,1.5,130,0.292,-6.6312,-862.05,1h,holdout,0.475,183
4.0,2.0,130,0.269,-7.6762,-997.9,1h,holdout,0.475,183
4.5,0.25,130,0.5,-1.8744,-243.67,1h,holdout,0.475,183
4.5,0.5,130,0.4,-3.5628,-463.16,1h,holdout,0.475,183
4.5,0.75,130,0.354,-4.6196,-600.55,1h,holdout,0.475,183
4.5,1.0,130,0.323,-5.399,-701.87,1h,holdout,0.475,183
4.5,1.5,130,0.277,-6.6554,-865.2,1h,holdout,0.475,183
4.5,2.0,130,0.246,-7.6952,-1000.38,1h,holdout,0.475,183
5.0,0.25,130,0.492,-2.072,-269.36,1h,holdout,0.475,183
5.0,0.5,130,0.392,-3.526,-458.39,1h,holdout,0.475,183
5.0,0.75,130,0.338,-4.7974,-623.67,1h,holdout,0.475,183
5.0,1.0,130,0.308,-5.6217,-730.82,1h,holdout,0.475,183
5.0,1.5,130,0.246,-6.9077,-898.0,1h,holdout,0.475,183
5.0,2.0,130,0.231,-7.959,-1034.66,1h,holdout,0.475,183
1.5,0.25,129,0.55,-3.2084,-413.88,1h,holdout,0.5,183
1.5,0.5,129,0.434,-4.4821,-578.19,1h,holdout,0.5,183
1.5,0.75,129,0.403,-5.38,-694.02,1h,holdout,0.5,183
1.5,1.0,129,0.349,-6.1339,-791.28,1h,holdout,0.5,183
1.5,1.5,129,0.279,-7.4063,-955.41,1h,holdout,0.5,183
1.5,2.0,129,0.225,-8.483,-1094.31,1h,holdout,0.5,183
2.0,0.25,129,0.535,-2.7923,-360.21,1h,holdout,0.5,183
2.0,0.5,129,0.45,-3.926,-506.45,1h,holdout,0.5,183
2.0,0.75,129,0.426,-4.7789,-616.48,1h,holdout,0.5,183
2.0,1.0,129,0.38,-5.5089,-710.65,1h,holdout,0.5,183
2.0,1.5,129,0.326,-6.7503,-870.79,1h,holdout,0.5,183
2.0,2.0,129,0.256,-7.807,-1007.1,1h,holdout,0.5,183
2.5,0.25,129,0.535,-2.4759,-319.39,1h,holdout,0.5,183
2.5,0.5,129,0.426,-3.9571,-510.46,1h,holdout,0.5,183
2.5,0.75,129,0.403,-4.8537,-626.13,1h,holdout,0.5,183
2.5,1.0,129,0.372,-5.6011,-722.54,1h,holdout,0.5,183
2.5,1.5,129,0.333,-6.8633,-885.36,1h,holdout,0.5,183
2.5,2.0,129,0.279,-7.9326,-1023.31,1h,holdout,0.5,183
3.0,0.25,129,0.527,-2.3256,-300.0,1h,holdout,0.5,183
3.0,0.5,129,0.419,-3.7445,-483.03,1h,holdout,0.5,183
3.0,0.75,129,0.403,-4.6575,-600.81,1h,holdout,0.5,183
3.0,1.0,129,0.372,-5.4098,-697.86,1h,holdout,0.5,183
3.0,1.5,129,0.31,-6.6708,-860.53,1h,holdout,0.5,183
3.0,2.0,129,0.264,-7.7416,-998.67,1h,holdout,0.5,183
3.5,0.25,129,0.512,-2.0857,-269.06,1h,holdout,0.5,183
3.5,0.5,129,0.403,-3.7076,-478.28,1h,holdout,0.5,183
3.5,0.75,129,0.388,-4.6126,-595.03,1h,holdout,0.5,183
3.5,1.0,129,0.357,-5.3603,-691.48,1h,holdout,0.5,183
3.5,1.5,129,0.302,-6.6276,-854.96,1h,holdout,0.5,183
3.5,2.0,129,0.271,-7.7031,-993.7,1h,holdout,0.5,183
4.0,0.25,129,0.512,-1.8561,-239.44,1h,holdout,0.5,183
4.0,0.5,129,0.403,-3.4488,-444.89,1h,holdout,0.5,183
4.0,0.75,129,0.372,-4.3516,-561.36,1h,holdout,0.5,183
4.0,1.0,129,0.333,-5.1039,-658.41,1h,holdout,0.5,183
4.0,1.5,129,0.302,-6.3682,-821.5,1h,holdout,0.5,183
4.0,2.0,129,0.279,-7.4357,-959.21,1h,holdout,0.5,183
4.5,0.25,129,0.504,-1.7352,-223.84,1h,holdout,0.5,183
4.5,0.5,129,0.403,-3.4058,-439.35,1h,holdout,0.5,183
4.5,0.75,129,0.364,-4.4895,-579.15,1h,holdout,0.5,183
4.5,1.0,129,0.326,-5.2938,-682.91,1h,holdout,0.5,183
4.5,1.5,129,0.287,-6.5811,-848.96,1h,holdout,0.5,183
4.5,2.0,129,0.256,-7.648,-986.59,1h,holdout,0.5,183
5.0,0.25,129,0.496,-1.9118,-246.62,1h,holdout,0.5,183
5.0,0.5,129,0.395,-3.4097,-439.85,1h,holdout,0.5,183
5.0,0.75,129,0.349,-4.7458,-612.21,1h,holdout,0.5,183
5.0,1.0,129,0.302,-5.6056,-723.13,1h,holdout,0.5,183
5.0,1.5,129,0.248,-6.9281,-893.72,1h,holdout,0.5,183
5.0,2.0,129,0.233,-7.9994,-1031.93,1h,holdout,0.5,183
1.5,0.25,129,0.535,-3.4321,-442.74,1h,holdout,0.525,183
1.5,0.5,129,0.419,-4.6784,-603.51,1h,holdout,0.525,183
1.5,0.75,129,0.38,-5.5817,-720.04,1h,holdout,0.525,183
1.5,1.0,129,0.341,-6.3366,-817.42,1h,holdout,0.525,183
1.5,1.5,129,0.256,-7.6033,-980.82,1h,holdout,0.525,183
1.5,2.0,129,0.202,-8.6748,-1119.05,1h,holdout,0.525,183
2.0,0.25,129,0.543,-2.8123,-362.79,1h,holdout,0.525,183
2.0,0.5,129,0.45,-4.029,-519.74,1h,holdout,0.525,183
2.0,0.75,129,0.419,-4.9133,-633.81,1h,holdout,0.525,183
2.0,1.0,129,0.38,-5.6534,-729.29,1h,holdout,0.525,183
2.0,1.5,129,0.31,-6.9058,-890.84,1h,holdout,0.525,183
2.0,2.0,129,0.24,-7.9691,-1028.01,1h,holdout,0.525,183
2.5,0.25,129,0.535,-2.3902,-308.34,1h,holdout,0.525,183
2.5,0.5,129,0.434,-3.8533,-497.07,1h,holdout,0.525,183
2.5,0.75,129,0.403,-4.7465,-612.29,1h,holdout,0.525,183
2.5,1.0,129,0.38,-5.4971,-709.13,1h,holdout,0.525,183
2.5,1.5,129,0.333,-6.7612,-872.19,1h,holdout,0.525,183
2.5,2.0,129,0.271,-7.8306,-1010.15,1h,holdout,0.525,183
3.0,0.25,129,0.527,-2.2476,-289.94,1h,holdout,0.525,183
3.0,0.5,129,0.426,-3.6151,-466.35,1h,holdout,0.525,183
3.0,0.75,129,0.403,-4.5278,-584.09,1h,holdout,0.525,183
3.0,1.0,129,0.38,-5.2877,-682.11,1h,holdout,0.525,183
3.0,1.5,129,0.31,-6.5588,-846.09,1h,holdout,0.525,183
3.0,2.0,129,0.271,-7.6347,-984.87,1h,holdout,0.525,183
3.5,0.25,129,0.512,-2.0557,-265.19,1h,holdout,0.525,183
3.5,0.5,129,0.419,-3.4645,-446.92,1h,holdout,0.525,183
3.5,0.75,129,0.395,-4.3815,-565.21,1h,holdout,0.525,183
3.5,1.0,129,0.372,-5.1284,-661.56,1h,holdout,0.525,183
3.5,1.5,129,0.31,-6.3931,-824.71,1h,holdout,0.525,183
3.5,2.0,129,0.279,-7.4669,-963.23,1h,holdout,0.525,183
4.0,0.25,129,0.512,-1.7992,-232.09,1h,holdout,0.525,183
4.0,0.5,129,0.411,-3.4192,-441.08,1h,holdout,0.525,183
4.0,0.75,129,0.372,-4.3324,-558.88,1h,holdout,0.525,183
4.0,1.0,129,0.341,-5.0914,-656.79,1h,holdout,0.525,183
4.0,1.5,129,0.302,-6.3644,-821.01,1h,holdout,0.525,183
4.0,2.0,129,0.287,-7.4372,-959.4,1h,holdout,0.525,183
4.5,0.25,129,0.504,-1.7285,-222.97,1h,holdout,0.525,183
4.5,0.5,129,0.411,-3.3422,-431.15,1h,holdout,0.525,183
4.5,0.75,129,0.372,-4.3973,-567.25,1h,holdout,0.525,183
4.5,1.0,129,0.341,-5.1819,-668.46,1h,holdout,0.525,183
4.5,1.5,129,0.295,-6.449,-831.92,1h,holdout,0.525,183
4.5,2.0,129,0.279,-7.5031,-967.91,1h,holdout,0.525,183
5.0,0.25,129,0.496,-1.9157,-247.13,1h,holdout,0.525,183
5.0,0.5,129,0.403,-3.5298,-455.34,1h,holdout,0.525,183
5.0,0.75,129,0.357,-4.5801,-590.83,1h,holdout,0.525,183
5.0,1.0,129,0.326,-5.3533,-690.58,1h,holdout,0.525,183
5.0,1.5,129,0.279,-6.6024,-851.7,1h,holdout,0.525,183
5.0,2.0,129,0.264,-7.638,-985.31,1h,holdout,0.525,183
1.5,0.25,129,0.543,-3.2182,-415.15,1h,holdout,0.55,183
1.5,0.5,129,0.434,-4.4483,-573.83,1h,holdout,0.55,183
1.5,0.75,129,0.403,-5.3445,-689.45,1h,holdout,0.55,183
1.5,1.0,129,0.349,-6.0953,-786.3,1h,holdout,0.55,183
1.5,1.5,129,0.264,-7.3572,-949.08,1h,holdout,0.55,183
1.5,2.0,129,0.209,-8.4259,-1086.94,1h,holdout,0.55,183
2.0,0.25,129,0.543,-2.6654,-343.84,1h,holdout,0.55,183
2.0,0.5,129,0.465,-3.8152,-492.16,1h,holdout,0.55,183
2.0,0.75,129,0.426,-4.6472,-599.49,1h,holdout,0.55,183
2.0,1.0,129,0.395,-5.3578,-691.16,1h,holdout,0.55,183
2.0,1.5,129,0.318,-6.5759,-848.29,1h,holdout,0.55,183
2.0,2.0,129,0.248,-7.6189,-982.84,1h,holdout,0.55,183
2.5,0.25,129,0.535,-2.2901,-295.43,1h,holdout,0.55,183
2.5,0.5,129,0.442,-3.7668,-485.92,1h,holdout,0.55,183
2.5,0.75,129,0.403,-4.6684,-602.22,1h,holdout,0.55,183
2.5,1.0,129,0.388,-5.4163,-698.7,1h,holdout,0.55,183
2.5,1.5,129,0.333,-6.6757,-861.16,1h,holdout,0.55,183
2.5,2.0,129,0.271,-7.7421,-998.73,1h,holdout,0.55,183
3.0,0.25,129,0.535,-2.1909,-282.63,1h,holdout,0.55,183
3.0,0.5,129,0.442,-3.6559,-471.61,1h,holdout,0.55,183
3.0,0.75,129,0.403,-4.5619,-588.49,1h,holdout,0.55,183
3.0,1.0,129,0.388,-5.3046,-684.29,1h,holdout,0.55,183
3.0,1.5,129,0.318,-6.5544,-845.52,1h,holdout,0.55,183
3.0,2.0,129,0.271,-7.6176,-982.66,1h,holdout,0.55,183
3.5,0.25,129,0.512,-1.9814,-255.6,1h,holdout,0.55,183
3.5,0.5,129,0.426,-3.3788,-435.86,1h,holdout,0.55,183
3.5,0.75,129,0.395,-4.2787,-551.95,1h,holdout,0.55,183
3.5,1.0,129,0.38,-5.0219,-647.83,1h,holdout,0.55,183
3.5,1.5,129,0.318,-6.2748,-809.45,1h,holdout,0.55,183
3.5,2.0,129,0.287,-7.341,-946.99,1h,holdout,0.55,183
4.0,0.25,129,0.512,-1.7282,-222.93,1h,holdout,0.55,183
4.0,0.5,129,0.419,-3.3765,-435.57,1h,holdout,0.55,183
4.0,0.75,129,0.38,-4.3003,-554.74,1h,holdout,0.55,183
4.0,1.0,129,0.357,-5.0593,-652.65,1h,holdout,0.55,183
4.0,1.5,129,0.31,-6.321,-815.41,1h,holdout,0.55,183
4.0,2.0,129,0.295,-7.3853,-952.71,1h,holdout,0.55,183
4.5,0.25,129,0.504,-1.6447,-212.17,1h,holdout,0.55,183
4.5,0.5,129,0.419,-3.2651,-421.2,1h,holdout,0.55,183
4.5,0.75,129,0.38,-4.28,-552.12,1h,holdout,0.55,183
4.5,1.0,129,0.349,-5.0683,-653.81,1h,holdout,0.55,183
4.5,1.5,129,0.295,-6.3591,-820.32,1h,holdout,0.55,183
4.5,2.0,129,0.279,-7.4389,-959.62,1h,holdout,0.55,183
5.0,0.25,129,0.496,-1.8112,-233.65,1h,holdout,0.55,183
5.0,0.5,129,0.411,-3.4823,-449.22,1h,holdout,0.55,183
5.0,0.75,129,0.364,-4.5857,-591.55,1h,holdout,0.55,183
5.0,1.0,129,0.333,-5.3943,-695.87,1h,holdout,0.55,183
5.0,1.5,129,0.279,-6.6837,-862.2,1h,holdout,0.55,183
5.0,2.0,129,0.264,-7.7501,-999.76,1h,holdout,0.55,183
1.5,0.25,127,0.559,-2.2999,-292.08,1h,holdout,0.575,183
1.5,0.5,127,0.457,-3.5482,-450.62,1h,holdout,0.575,183
1.5,0.75,127,0.417,-4.4608,-566.52,1h,holdout,0.575,183
1.5,1.0,127,0.354,-5.2231,-663.33,1h,holdout,0.575,183
1.5,1.5,127,0.268,-6.4996,-825.44,1h,holdout,0.575,183
1.5,2.0,127,0.213,-7.5771,-962.29,1h,holdout,0.575,183
2.0,0.25,127,0.551,-1.8081,-229.63,1h,holdout,0.575,183
2.0,0.5,127,0.48,-2.9964,-380.54,1h,holdout,0.575,183
2.0,0.75,127,0.433,-3.8511,-489.09,1h,holdout,0.575,183
2.0,1.0,127,0.386,-4.5761,-581.16,1h,holdout,0.575,183
2.0,1.5,127,0.315,-5.8121,-738.14,1h,holdout,0.575,183
2.0,2.0,127,0.252,-6.8661,-871.99,1h,holdout,0.575,183
2.5,0.25,127,0.535,-1.5675,-199.07,1h,holdout,0.575,183
2.5,0.5,127,0.465,-2.9228,-371.2,1h,holdout,0.575,183
2.5,0.75,127,0.425,-3.8367,-487.26,1h,holdout,0.575,183
2.5,1.0,127,0.402,-4.594,-583.43,1h,holdout,0.575,183
2.5,1.5,127,0.339,-5.8661,-744.99,1h,holdout,0.575,183
2.5,2.0,127,0.283,-6.9407,-881.47,1h,holdout,0.575,183
3.0,0.25,127,0.535,-1.4132,-179.48,1h,holdout,0.575,183
3.0,0.5,127,0.449,-2.9728,-377.54,1h,holdout,0.575,183
3.0,0.75,127,0.409,-3.9056,-496.01,1h,holdout,0.575,183
3.0,1.0,127,0.386,-4.6685,-592.9,1h,holdout,0.575,183
3.0,1.5,127,0.315,-5.9479,-755.39,1h,holdout,0.575,183
3.0,2.0,127,0.276,-7.0277,-892.51,1h,holdout,0.575,183
3.5,0.25,127,0.52,-1.2834,-163.0,1h,holdout,0.575,183
3.5,0.5,127,0.433,-2.7782,-352.83,1h,holdout,0.575,183
3.5,0.75,127,0.394,-3.7189,-472.31,1h,holdout,0.575,183
3.5,1.0,127,0.378,-4.4838,-569.44,1h,holdout,0.575,183
3.5,1.5,127,0.315,-5.7645,-732.09,1h,holdout,0.575,183
3.5,2.0,127,0.283,-6.8471,-869.58,1h,holdout,0.575,183
4.0,0.25,127,0.512,-0.9288,-117.96,1h,holdout,0.575,183
4.0,0.5,127,0.425,-2.651,-336.68,1h,holdout,0.575,183
4.0,0.75,127,0.378,-3.59,-455.94,1h,holdout,0.575,183
4.0,1.0,127,0.354,-4.3641,-554.24,1h,holdout,0.575,183
4.0,1.5,127,0.307,-5.6539,-718.04,1h,holdout,0.575,183
4.0,2.0,127,0.299,-6.742,-856.23,1h,holdout,0.575,183
4.5,0.25,127,0.504,-0.8853,-112.43,1h,holdout,0.575,183
4.5,0.5,127,0.425,-2.5628,-325.47,1h,holdout,0.575,183
4.5,0.75,127,0.378,-3.4952,-443.89,1h,holdout,0.575,183
4.5,1.0,127,0.346,-4.2713,-542.46,1h,holdout,0.575,183
4.5,1.5,127,0.299,-5.5562,-705.64,1h,holdout,0.575,183
4.5,2.0,127,0.291,-6.6347,-842.6,1h,holdout,0.575,183
5.0,0.25,127,0.496,-1.0473,-133.01,1h,holdout,0.575,183
5.0,0.5,127,0.417,-2.7403,-348.01,1h,holdout,0.575,183
5.0,0.75,127,0.362,-3.84,-487.68,1h,holdout,0.575,183
5.0,1.0,127,0.331,-4.6542,-591.08,1h,holdout,0.575,183
5.0,1.5,127,0.276,-5.9528,-756.01,1h,holdout,0.575,183
5.0,2.0,127,0.276,-7.0237,-892.01,1h,holdout,0.575,183
1.5,0.25,127,0.559,-2.211,-280.8,1h,holdout,0.6,183
1.5,0.5,127,0.457,-3.4264,-435.16,1h,holdout,0.6,183
1.5,0.75,127,0.417,-4.3256,-549.35,1h,holdout,0.6,183
1.5,1.0,127,0.346,-5.0801,-645.17,1h,holdout,0.6,183
1.5,1.5,127,0.276,-6.3474,-806.12,1h,holdout,0.6,183
1.5,2.0,127,0.228,-7.4196,-942.28,1h,holdout,0.6,183
2.0,0.25,127,0.551,-1.8097,-229.83,1h,holdout,0.6,183
2.0,0.5,127,0.472,-3.0369,-385.69,1h,holdout,0.6,183
2.0,0.75,127,0.433,-3.9208,-497.94,1h,holdout,0.6,183
2.0,1.0,127,0.378,-4.6657,-592.55,1h,holdout,0.6,183
2.0,1.5,127,0.315,-5.9281,-752.87,1h,holdout,0.6,183
2.0,2.0,127,0.26,-6.9991,-888.89,1h,holdout,0.6,183
2.5,0.25,127,0.535,-1.5528,-197.21,1h,holdout,0.6,183
2.5,0.5,127,0.465,-2.7291,-346.6,1h,holdout,0.6,183
2.5,0.75,127,0.433,-3.6009,-457.31,1h,holdout,0.6,183
2.5,1.0,127,0.402,-4.3357,-550.64,1h,holdout,0.6,183
2.5,1.5,127,0.346,-5.5828,-709.02,1h,holdout,0.6,183
2.5,2.0,127,0.291,-6.6431,-843.68,1h,holdout,0.6,183
3.0,0.25,127,0.535,-1.3656,-173.43,1h,holdout,0.6,183
3.0,0.5,127,0.449,-2.8728,-364.85,1h,holdout,0.6,183
3.0,0.75,127,0.409,-3.7817,-480.28,1h,holdout,0.6,183
3.0,1.0,127,0.386,-4.5357,-576.04,1h,holdout,0.6,183
3.0,1.5,127,0.323,-5.8036,-737.06,1h,holdout,0.6,183
3.0,2.0,127,0.283,-6.8756,-873.21,1h,holdout,0.6,183
3.5,0.25,127,0.52,-1.3471,-171.09,1h,holdout,0.6,183
3.5,0.5,127,0.433,-2.853,-362.33,1h,holdout,0.6,183
3.5,0.75,127,0.394,-3.7981,-482.35,1h,holdout,0.6,183
3.5,1.0,127,0.378,-4.5617,-579.33,1h,holdout,0.6,183
3.5,1.5,127,0.315,-5.8347,-741.01,1h,holdout,0.6,183
3.5,2.0,127,0.283,-6.9111,-877.71,1h,holdout,0.6,183
4.0,0.25,127,0.512,-1.1064,-140.51,1h,holdout,0.6,183
4.0,0.5,127,0.433,-2.6383,-335.06,1h,holdout,0.6,183
4.0,0.75,127,0.386,-3.5855,-455.35,1h,holdout,0.6,183
4.0,1.0,127,0.362,-4.3531,-552.84,1h,holdout,0.6,183
4.0,1.5,127,0.315,-5.6282,-714.78,1h,holdout,0.6,183
4.0,2.0,127,0.299,-6.7055,-851.6,1h,holdout,0.6,183
4.5,0.25,127,0.504,-0.9331,-118.5,1h,holdout,0.6,183
4.5,0.5,127,0.425,-2.5993,-330.11,1h,holdout,0.6,183
4.5,0.75,127,0.378,-3.5088,-445.61,1h,holdout,0.6,183
4.5,1.0,127,0.346,-4.2665,-541.84,1h,holdout,0.6,183
4.5,1.5,127,0.299,-5.5326,-702.65,1h,holdout,0.6,183
4.5,2.0,127,0.291,-6.6053,-838.87,1h,holdout,0.6,183
5.0,0.25,127,0.488,-1.3962,-177.32,1h,holdout,0.6,183
5.0,0.5,127,0.409,-3.0414,-386.26,1h,holdout,0.6,183
5.0,0.75,127,0.362,-4.0649,-516.24,1h,holdout,0.6,183
5.0,1.0,127,0.331,-4.8582,-616.99,1h,holdout,0.6,183
5.0,1.5,127,0.276,-6.1513,-781.22,1h,holdout,0.6,183
5.0,2.0,127,0.276,-7.2309,-918.33,1h,holdout,0.6,183
1.5,0.25,127,0.567,-2.2338,-283.69,1h,holdout,0.625,183
1.5,0.5,127,0.457,-3.4307,-435.69,1h,holdout,0.625,183
1.5,0.75,127,0.402,-4.3227,-548.99,1h,holdout,0.625,183
1.5,1.0,127,0.346,-5.0733,-644.31,1h,holdout,0.625,183
1.5,1.5,127,0.276,-6.3364,-804.73,1h,holdout,0.625,183
1.5,2.0,127,0.22,-7.4063,-940.6,1h,holdout,0.625,183
2.0,0.25,127,0.551,-1.9183,-243.62,1h,holdout,0.625,183
2.0,0.5,127,0.465,-3.1327,-397.85,1h,holdout,0.625,183
2.0,0.75,127,0.433,-4.064,-516.12,1h,holdout,0.625,183
2.0,1.0,127,0.386,-4.8718,-618.71,1h,holdout,0.625,183
2.0,1.5,127,0.307,-6.1834,-785.29,1h,holdout,0.625,183
2.0,2.0,127,0.252,-7.2785,-924.37,1h,holdout,0.625,183
2.5,0.25,127,0.535,-1.4658,-186.15,1h,holdout,0.625,183
2.5,0.5,127,0.465,-2.6003,-330.24,1h,holdout,0.625,183
2.5,0.75,127,0.433,-3.4781,-441.71,1h,holdout,0.625,183
2.5,1.0,127,0.394,-4.2487,-539.58,1h,holdout,0.625,183
2.5,1.5,127,0.339,-5.5185,-700.84,1h,holdout,0.625,183
2.5,2.0,127,0.283,-6.5886,-836.75,1h,holdout,0.625,183
3.0,0.25,127,0.535,-1.236,-156.97,1h,holdout,0.625,183
3.0,0.5,127,0.449,-2.6811,-340.5,1h,holdout,0.625,183
3.0,0.75,127,0.409,-3.6005,-457.27,1h,holdout,0.625,183
3.0,1.0,127,0.386,-4.3949,-558.16,1h,holdout,0.625,183
3.0,1.5,127,0.323,-5.6917,-722.85,1h,holdout,0.625,183
3.0,2.0,127,0.283,-6.7774,-860.73,1h,holdout,0.625,183
3.5,0.25,127,0.535,-1.0281,-130.57,1h,holdout,0.625,183
3.5,0.5,127,0.449,-2.4687,-313.53,1h,holdout,0.625,183
3.5,0.75,127,0.409,-3.3919,-430.77,1h,holdout,0.625,183
3.5,1.0,127,0.386,-4.1842,-531.39,1h,holdout,0.625,183
3.5,1.5,127,0.331,-5.4789,-695.82,1h,holdout,0.625,183
3.5,2.0,127,0.291,-6.5642,-833.66,1h,holdout,0.625,183
4.0,0.25,127,0.512,-0.9786,-124.29,1h,holdout,0.625,183
4.0,0.5,127,0.433,-2.4474,-310.82,1h,holdout,0.625,183
4.0,0.75,127,0.386,-3.4052,-432.46,1h,holdout,0.625,183
4.0,1.0,127,0.362,-4.2139,-535.17,1h,holdout,0.625,183
4.0,1.5,127,0.315,-5.5235,-701.48,1h,holdout,0.625,183
4.0,2.0,127,0.299,-6.6183,-840.53,1h,holdout,0.625,183
4.5,0.25,127,0.512,-0.8347,-106.0,1h,holdout,0.625,183
4.5,0.5,127,0.425,-2.5459,-323.33,1h,holdout,0.625,183
4.5,0.75,127,0.378,-3.4973,-444.15,1h,holdout,0.625,183
4.5,1.0,127,0.346,-4.3073,-547.03,1h,holdout,0.625,183
4.5,1.5,127,0.299,-5.6139,-712.96,1h,holdout,0.625,183
4.5,2.0,127,0.291,-6.7061,-851.68,1h,holdout,0.625,183
5.0,0.25,127,0.496,-0.9842,-125.0,1h,holdout,0.625,183
5.0,0.5,127,0.417,-2.6267,-333.59,1h,holdout,0.625,183
5.0,0.75,127,0.37,-3.5706,-453.46,1h,holdout,0.625,183
5.0,1.0,127,0.339,-4.3835,-556.71,1h,holdout,0.625,183
5.0,1.5,127,0.291,-5.6879,-722.37,1h,holdout,0.625,183
5.0,2.0,127,0.283,-6.7727,-860.13,1h,holdout,0.625,183
1.5,0.25,125,0.576,-2.0814,-260.17,1h,holdout,0.65,183
1.5,0.5,125,0.448,-3.274,-409.25,1h,holdout,0.65,183
1.5,0.75,125,0.392,-4.1652,-520.66,1h,holdout,0.65,183
1.5,1.0,125,0.36,-4.9159,-614.49,1h,holdout,0.65,183
1.5,1.5,125,0.288,-6.18,-772.51,1h,holdout,0.65,183
1.5,2.0,125,0.224,-7.2513,-906.41,1h,holdout,0.65,183
2.0,0.25,125,0.568,-1.8708,-233.85,1h,holdout,0.65,183
2.0,0.5,125,0.464,-3.1178,-389.73,1h,holdout,0.65,183
2.0,0.75,125,0.432,-4.03,-503.75,1h,holdout,0.65,183
2.0,1.0,125,0.4,-4.7927,-599.09,1h,holdout,0.65,183
2.0,1.5,125,0.32,-6.071,-758.87,1h,holdout,0.65,183
2.0,2.0,125,0.248,-7.1508,-893.85,1h,holdout,0.65,183
2.5,0.25,125,0.544,-1.5709,-196.37,1h,holdout,0.65,183
2.5,0.5,125,0.456,-2.685,-335.63,1h,holdout,0.65,183
2.5,0.75,125,0.432,-3.5419,-442.73,1h,holdout,0.65,183
2.5,1.0,125,0.408,-4.3023,-537.79,1h,holdout,0.65,183
2.5,1.5,125,0.344,-5.5613,-695.16,1h,holdout,0.65,183
2.5,2.0,125,0.28,-6.626,-828.25,1h,holdout,0.65,183
3.0,0.25,125,0.544,-1.1113,-138.91,1h,holdout,0.65,183
3.0,0.5,125,0.448,-2.5508,-318.85,1h,holdout,0.65,183
3.0,0.75,125,0.408,-3.4685,-433.56,1h,holdout,0.65,183
3.0,1.0,125,0.392,-4.2628,-532.85,1h,holdout,0.65,183
3.0,1.5,125,0.336,-5.56,-695.01,1h,holdout,0.65,183
3.0,2.0,125,0.296,-6.6467,-830.84,1h,holdout,0.65,183
3.5,0.25,125,0.544,-0.8855,-110.69,1h,holdout,0.65,183
3.5,0.5,125,0.448,-2.339,-292.38,1h,holdout,0.65,183
3.5,0.75,125,0.408,-3.2603,-407.53,1h,holdout,0.65,183
3.5,1.0,125,0.392,-4.0564,-507.05,1h,holdout,0.65,183
3.5,1.5,125,0.344,-5.3554,-669.42,1h,holdout,0.65,183
3.5,2.0,125,0.312,-6.4429,-805.37,1h,holdout,0.65,183
4.0,0.25,125,0.528,-0.86,-107.5,1h,holdout,0.65,183
4.0,0.5,125,0.44,-2.2859,-285.74,1h,holdout,0.65,183
4.0,0.75,125,0.4,-3.235,-404.38,1h,holdout,0.65,183
4.0,1.0,125,0.376,-4.037,-504.62,1h,holdout,0.65,183
4.0,1.5,125,0.344,-5.336,-667.0,1h,holdout,0.65,183
4.0,2.0,125,0.32,-6.4248,-803.1,1h,holdout,0.65,183
4.5,0.25,125,0.528,-0.6343,-79.28,1h,holdout,0.65,183
4.5,0.5,125,0.432,-2.3039,-287.99,1h,holdout,0.65,183
4.5,0.75,125,0.384,-3.2535,-406.69,1h,holdout,0.65,183
4.5,1.0,125,0.36,-4.0641,-508.01,1h,holdout,0.65,183
4.5,1.5,125,0.328,-5.3716,-671.45,1h,holdout,0.65,183
4.5,2.0,125,0.304,-6.4651,-808.13,1h,holdout,0.65,183
5.0,0.25,125,0.512,-0.7726,-96.58,1h,holdout,0.65,183
5.0,0.5,125,0.424,-2.3863,-298.29,1h,holdout,0.65,183
5.0,0.75,125,0.376,-3.3138,-414.22,1h,holdout,0.65,183
5.0,1.0,125,0.344,-4.1183,-514.79,1h,holdout,0.65,183
5.0,1.5,125,0.312,-5.421,-677.62,1h,holdout,0.65,183
5.0,2.0,125,0.288,-6.5122,-814.02,1h,holdout,0.65,183
1.5,0.25,124,0.548,-2.2432,-278.15,1h,holdout,0.675,183
1.5,0.5,124,0.435,-3.4265,-424.88,1h,holdout,0.675,183
1.5,0.75,124,0.379,-4.3157,-535.15,1h,holdout,0.675,183
1.5,1.0,124,0.355,-5.0662,-628.2,1h,holdout,0.675,183
1.5,1.5,124,0.282,-6.3314,-785.1,1h,holdout,0.675,183
1.5,2.0,124,0.226,-7.4045,-918.16,1h,holdout,0.675,183
2.0,0.25,124,0.548,-2.1229,-263.24,1h,holdout,0.675,183
2.0,0.5,124,0.444,-3.3542,-415.93,1h,holdout,0.675,183
2.0,0.75,124,0.419,-4.2618,-528.46,1h,holdout,0.675,183
2.0,1.0,124,0.395,-5.0226,-622.8,1h,holdout,0.675,183
2.0,1.5,124,0.298,-6.2998,-781.18,1h,holdout,0.675,183
2.0,2.0,124,0.226,-7.3798,-915.1,1h,holdout,0.675,183
2.5,0.25,124,0.54,-1.613,-200.01,1h,holdout,0.675,183
2.5,0.5,124,0.452,-2.7856,-345.41,1h,holdout,0.675,183
2.5,0.75,124,0.435,-3.6964,-458.35,1h,holdout,0.675,183
2.5,1.0,124,0.403,-4.4943,-557.29,1h,holdout,0.675,183
2.5,1.5,124,0.339,-5.7954,-718.62,1h,holdout,0.675,183
2.5,2.0,124,0.282,-6.8855,-853.8,1h,holdout,0.675,183
3.0,0.25,124,0.532,-1.1785,-146.14,1h,holdout,0.675,183
3.0,0.5,124,0.444,-2.4592,-304.94,1h,holdout,0.675,183
3.0,0.75,124,0.411,-3.3619,-416.88,1h,holdout,0.675,183
3.0,1.0,124,0.395,-4.1468,-514.2,1h,holdout,0.675,183
3.0,1.5,124,0.339,-5.4334,-673.74,1h,holdout,0.675,183
3.0,2.0,124,0.306,-6.5148,-807.83,1h,holdout,0.675,183
3.5,0.25,124,0.532,-0.9606,-119.12,1h,holdout,0.675,183
3.5,0.5,124,0.435,-2.401,-297.73,1h,holdout,0.675,183
3.5,0.75,124,0.403,-3.318,-411.43,1h,holdout,0.675,183
3.5,1.0,124,0.387,-4.1125,-509.95,1h,holdout,0.675,183
3.5,1.5,124,0.339,-5.4105,-670.91,1h,holdout,0.675,183
3.5,2.0,124,0.306,-6.4985,-805.81,1h,holdout,0.675,183
4.0,0.25,124,0.516,-0.9767,-121.11,1h,holdout,0.675,183
4.0,0.5,124,0.427,-2.403,-297.97,1h,holdout,0.675,183
4.0,0.75,124,0.395,-3.3538,-415.87,1h,holdout,0.675,183
4.0,1.0,124,0.371,-4.1604,-515.89,1h,holdout,0.675,183
4.0,1.5,124,0.339,-5.4712,-678.43,1h,holdout,0.675,183
4.0,2.0,124,0.315,-6.5671,-814.33,1h,holdout,0.675,183
4.5,0.25,124,0.516,-0.7756,-96.18,1h,holdout,0.675,183
4.5,0.5,124,0.427,-2.2157,-274.75,1h,holdout,0.675,183
4.5,0.75,124,0.387,-3.1666,-392.65,1h,holdout,0.675,183
4.5,1.0,124,0.363,-3.9732,-492.68,1h,holdout,0.675,183
4.5,1.5,124,0.331,-5.2811,-654.86,1h,holdout,0.675,183
4.5,2.0,124,0.306,-6.3765,-790.69,1h,holdout,0.675,183
5.0,0.25,124,0.5,-0.9033,-112.01,1h,holdout,0.675,183
5.0,0.5,124,0.411,-2.5689,-318.55,1h,holdout,0.675,183
5.0,0.75,124,0.371,-3.5112,-435.39,1h,holdout,0.675,183
5.0,1.0,124,0.339,-4.3166,-535.26,1h,holdout,0.675,183
5.0,1.5,124,0.306,-5.6176,-696.58,1h,holdout,0.675,183
5.0,2.0,124,0.282,-6.7075,-831.74,1h,holdout,0.675,183
1.5,0.25,122,0.525,-3.0434,-371.3,1h,holdout,0.7,183
1.5,0.5,122,0.418,-4.2037,-512.85,1h,holdout,0.7,183
1.5,0.75,122,0.361,-5.0857,-620.46,1h,holdout,0.7,183
1.5,1.0,122,0.336,-5.8333,-711.66,1h,holdout,0.7,183
1.5,1.5,122,0.262,-7.0976,-865.91,1h,holdout,0.7,183
1.5,2.0,122,0.205,-8.1721,-997.0,1h,holdout,0.7,183
2.0,0.25,122,0.525,-2.9444,-359.22,1h,holdout,0.7,183
2.0,0.5,122,0.426,-4.1627,-507.85,1h,holdout,0.7,183
2.0,0.75,122,0.393,-5.0664,-618.1,1h,holdout,0.7,183
2.0,1.0,122,0.377,-5.8262,-710.8,1h,holdout,0.7,183
2.0,1.5,122,0.27,-7.1045,-866.75,1h,holdout,0.7,183
2.0,2.0,122,0.205,-8.1872,-998.83,1h,holdout,0.7,183
2.5,0.25,122,0.525,-2.5234,-307.86,1h,holdout,0.7,183
2.5,0.5,122,0.426,-3.7098,-452.59,1h,holdout,0.7,183
2.5,0.75,122,0.402,-4.6331,-565.24,1h,holdout,0.7,183
2.5,1.0,122,0.385,-5.4419,-663.92,1h,holdout,0.7,183
2.5,1.5,122,0.303,-6.7589,-824.58,1h,holdout,0.7,183
2.5,2.0,122,0.262,-7.8608,-959.01,1h,holdout,0.7,183
3.0,0.25,122,0.508,-1.9901,-242.8,1h,holdout,0.7,183
3.0,0.5,122,0.426,-3.2699,-398.93,1h,holdout,0.7,183
3.0,0.75,122,0.393,-4.1859,-510.68,1h,holdout,0.7,183
3.0,1.0,122,0.385,-4.9808,-607.66,1h,holdout,0.7,183
3.0,1.5,122,0.32,-6.274,-765.42,1h,holdout,0.7,183
3.0,2.0,122,0.287,-7.3583,-897.71,1h,holdout,0.7,183
3.5,0.25,122,0.508,-1.9112,-233.17,1h,holdout,0.7,183
3.5,0.5,122,0.426,-3.1479,-384.05,1h,holdout,0.7,183
3.5,0.75,122,0.393,-4.0594,-495.25,1h,holdout,0.7,183
3.5,1.0,122,0.385,-4.8543,-592.23,1h,holdout,0.7,183
3.5,1.5,122,0.32,-6.1485,-750.12,1h,holdout,0.7,183
3.5,2.0,122,0.287,-7.2338,-882.52,1h,holdout,0.7,183
4.0,0.25,122,0.492,-1.8611,-227.06,1h,holdout,0.7,183
4.0,0.5,122,0.418,-3.1418,-383.3,1h,holdout,0.7,183
4.0,0.75,122,0.385,-4.0679,-496.29,1h,holdout,0.7,183
4.0,1.0,122,0.369,-4.8708,-594.23,1h,holdout,0.7,183
4.0,1.5,122,0.336,-6.1736,-753.18,1h,holdout,0.7,183
4.0,2.0,122,0.311,-7.2636,-886.16,1h,holdout,0.7,183
4.5,0.25,122,0.492,-1.6247,-198.21,1h,holdout,0.7,183
4.5,0.5,122,0.418,-2.8834,-351.78,1h,holdout,0.7,183
4.5,0.75,122,0.377,-3.8595,-470.86,1h,holdout,0.7,183
4.5,1.0,122,0.361,-4.6829,-571.32,1h,holdout,0.7,183
4.5,1.5,122,0.32,-6.0067,-732.82,1h,holdout,0.7,183
4.5,2.0,122,0.287,-7.1082,-867.2,1h,holdout,0.7,183
5.0,0.25,122,0.484,-1.5167,-185.04,1h,holdout,0.7,183
5.0,0.5,122,0.41,-3.0448,-371.46,1h,holdout,0.7,183
5.0,0.75,122,0.369,-3.9998,-487.97,1h,holdout,0.7,183
5.0,1.0,122,0.344,-4.8231,-588.41,1h,holdout,0.7,183
5.0,1.5,122,0.303,-6.1515,-750.48,1h,holdout,0.7,183
5.0,2.0,122,0.279,-7.2564,-885.28,1h,holdout,0.7,183
1.5,0.25,141,0.645,-1.0728,-151.27,2h,train,0.3,237
1.5,0.5,141,0.532,-2.1815,-307.59,2h,train,0.3,237
1.5,0.75,141,0.475,-3.102,-437.38,2h,train,0.3,237
1.5,1.0,141,0.411,-3.8771,-546.68,2h,train,0.3,237
1.5,1.5,141,0.362,-5.0174,-707.45,2h,train,0.3,237
1.5,2.0,141,0.312,-5.9726,-842.13,2h,train,0.3,237
2.0,0.25,141,0.638,-1.0255,-144.6,2h,train,0.3,237
2.0,0.5,141,0.504,-2.36,-332.76,2h,train,0.3,237
2.0,0.75,141,0.44,-3.2636,-460.17,2h,train,0.3,237
2.0,1.0,141,0.383,-4.0235,-567.31,2h,train,0.3,237
2.0,1.5,141,0.348,-5.2717,-743.3,2h,train,0.3,237
2.0,2.0,141,0.312,-6.2634,-883.15,2h,train,0.3,237
2.5,0.25,141,0.624,-0.915,-129.01,2h,train,0.3,237
2.5,0.5,141,0.496,-2.0106,-283.49,2h,train,0.3,237
2.5,0.75,141,0.447,-2.9789,-420.02,2h,train,0.3,237
2.5,1.0,141,0.39,-3.7028,-522.1,2h,train,0.3,237
2.5,1.5,141,0.348,-5.1099,-720.5,2h,train,0.3,237
2.5,2.0,141,0.312,-6.1509,-867.28,2h,train,0.3,237
3.0,0.25,141,0.617,-0.8145,-114.84,2h,train,0.3,237
3.0,0.5,141,0.489,-2.1619,-304.83,2h,train,0.3,237
3.0,0.75,141,0.433,-3.4396,-484.98,2h,train,0.3,237
3.0,1.0,141,0.383,-4.1283,-582.09,2h,train,0.3,237
3.0,1.5,141,0.34,-5.5008,-775.62,2h,train,0.3,237
3.0,2.0,141,0.319,-6.5601,-924.97,2h,train,0.3,237
3.5,0.25,141,0.617,-0.6516,-91.88,2h,train,0.3,237
3.5,0.5,141,0.489,-1.9489,-274.79,2h,train,0.3,237
3.5,0.75,141,0.433,-3.1581,-445.29,2h,train,0.3,237
3.5,1.0,141,0.383,-3.8006,-535.89,2h,train,0.3,237
3.5,1.5,141,0.34,-5.1141,-721.08,2h,train,0.3,237
3.5,2.0,141,0.319,-6.147,-866.72,2h,train,0.3,237
4.0,0.25,141,0.617,-0.3963,-55.88,2h,train,0.3,237
4.0,0.5,141,0.489,-1.6911,-238.45,2h,train,0.3,237
4.0,0.75,141,0.433,-2.8813,-406.27,2h,train,0.3,237
4.0,1.0,141,0.39,-3.4892,-491.98,2h,train,0.3,237
4.0,1.5,141,0.348,-4.7785,-673.77,2h,train,0.3,237
4.0,2.0,141,0.326,-5.7644,-812.77,2h,train,0.3,237
4.5,0.25,141,0.617,-0.2557,-36.05,2h,train,0.3,237
4.5,0.5,141,0.496,-1.2786,-180.28,2h,train,0.3,237
4.5,0.75,141,0.433,-2.3172,-326.72,2h,train,0.3,237
4.5,1.0,141,0.39,-2.8337,-399.55,2h,train,0.3,237
4.5,1.5,141,0.348,-3.997,-563.57,2h,train,0.3,237
4.5,2.0,141,0.333,-4.9454,-697.3,2h,train,0.3,237
5.0,0.25,141,0.617,-0.1744,-24.59,2h,train,0.3,237
5.0,0.5,141,0.496,-1.1586,-163.37,2h,train,0.3,237
5.0,0.75,141,0.433,-2.327,-328.1,2h,train,0.3,237
5.0,1.0,141,0.39,-2.8679,-404.37,2h,train,0.3,237
5.0,1.5,141,0.326,-4.2257,-595.82,2h,train,0.3,237
5.0,2.0,141,0.312,-5.1722,-729.28,2h,train,0.3,237
1.5,0.25,141,0.645,-0.9029,-127.31,2h,train,0.325,237
1.5,0.5,141,0.532,-1.9922,-280.9,2h,train,0.325,237
1.5,0.75,141,0.482,-2.9086,-410.11,2h,train,0.325,237
1.5,1.0,141,0.411,-3.6824,-519.22,2h,train,0.325,237
1.5,1.5,141,0.362,-4.8209,-679.75,2h,train,0.325,237
1.5,2.0,141,0.326,-5.7749,-814.26,2h,train,0.325,237
2.0,0.25,141,0.638,-0.918,-129.44,2h,train,0.325,237
2.0,0.5,141,0.504,-2.3146,-326.36,2h,train,0.325,237
2.0,0.75,141,0.44,-3.2494,-458.17,2h,train,0.325,237
2.0,1.0,141,0.376,-4.0271,-567.82,2h,train,0.325,237
2.0,1.5,141,0.34,-5.2908,-746.0,2h,train,0.325,237
2.0,2.0,141,0.319,-6.2944,-887.51,2h,train,0.325,237
2.5,0.25,141,0.631,-0.7214,-101.72,2h,train,0.325,237
2.5,0.5,141,0.496,-1.8341,-258.61,2h,train,0.325,237
2.5,0.75,141,0.44,-2.8157,-397.01,2h,train,0.325,237
2.5,1.0,141,0.383,-3.5394,-499.05,2h,train,0.325,237
2.5,1.5,141,0.34,-4.9358,-695.95,2h,train,0.325,237
2.5,2.0,141,0.319,-5.9773,-842.8,2h,train,0.325,237
3.0,0.25,141,0.624,-0.5131,-72.34,2h,train,0.325,237
3.0,0.5,141,0.496,-1.5735,-221.86,2h,train,0.325,237
3.0,0.75,141,0.44,-2.8515,-402.07,2h,train,0.325,237
3.0,1.0,141,0.39,-3.5498,-500.53,2h,train,0.325,237
3.0,1.5,141,0.348,-4.9141,-692.88,2h,train,0.325,237
3.0,2.0,141,0.333,-5.973,-842.2,2h,train,0.325,237
3.5,0.25,141,0.617,-0.5585,-78.75,2h,train,0.325,237
3.5,0.5,141,0.489,-1.9091,-269.19,2h,train,0.325,237
3.5,0.75,141,0.433,-3.143,-443.17,2h,train,0.325,237
3.5,1.0,141,0.383,-3.7979,-535.5,2h,train,0.325,237
3.5,1.5,141,0.34,-5.1038,-719.64,2h,train,0.325,237
3.5,2.0,141,0.326,-6.1364,-865.23,2h,train,0.325,237
4.0,0.25,141,0.617,-0.236,-33.28,2h,train,0.325,237
4.0,0.5,141,0.489,-1.5176,-213.98,2h,train,0.325,237
4.0,0.75,141,0.433,-2.7021,-380.99,2h,train,0.325,237
4.0,1.0,141,0.39,-3.3179,-467.82,2h,train,0.325,237
4.0,1.5,141,0.348,-4.602,-648.88,2h,train,0.325,237
4.0,2.0,141,0.333,-5.5896,-788.14,2h,train,0.325,237
4.5,0.25,141,0.617,-0.1081,-15.24,2h,train,0.325,237
4.5,0.5,141,0.496,-1.1744,-165.59,2h,train,0.325,237
4.5,0.75,141,0.433,-2.2752,-320.81,2h,train,0.325,237
4.5,1.0,141,0.39,-2.859,-403.12,2h,train,0.325,237
4.5,1.5,141,0.348,-4.1168,-580.47,2h,train,0.325,237
4.5,2.0,141,0.333,-5.1447,-725.4,2h,train,0.325,237
5.0,0.25,141,0.617,-0.0439,-6.19,2h,train,0.325,237
5.0,0.5,141,0.496,-0.9255,-130.5,2h,train,0.325,237
5.0,0.75,141,0.433,-2.0733,-292.33,2h,train,0.325,237
5.0,1.0,141,0.39,-2.6157,-368.82,2h,train,0.325,237
5.0,1.5,141,0.333,-3.9722,-560.08,2h,train,0.325,237
5.0,2.0,141,0.319,-4.9471,-697.54,2h,train,0.325,237
1.5,0.25,141,0.66,-0.1066,-15.03,2h,train,0.35,237
1.5,0.5,141,0.553,-1.2104,-170.67,2h,train,0.35,237
1.5,0.75,141,0.504,-2.2282,-314.17,2h,train,0.35,237
1.5,1.0,141,0.418,-3.0394,-428.56,2h,train,0.35,237
1.5,1.5,141,0.369,-4.2165,-594.53,2h,train,0.35,237
1.5,2.0,141,0.34,-5.1921,-732.09,2h,train,0.35,237
2.0,0.25,141,0.645,-0.7518,-106.01,2h,train,0.35,237
2.0,0.5,141,0.518,-2.1607,-304.65,2h,train,0.35,237
2.0,0.75,141,0.454,-3.2154,-453.37,2h,train,0.35,237
2.0,1.0,141,0.369,-4.0485,-570.84,2h,train,0.35,237
2.0,1.5,141,0.333,-5.248,-739.97,2h,train,0.35,237
2.0,2.0,141,0.312,-6.2359,-879.25,2h,train,0.35,237
2.5,0.25,141,0.638,-0.6002,-84.62,2h,train,0.35,237
2.5,0.5,141,0.511,-1.8222,-256.93,2h,train,0.35,237
2.5,0.75,141,0.454,-2.8334,-399.51,2h,train,0.35,237
2.5,1.0,141,0.383,-3.616,-509.85,2h,train,0.35,237
2.5,1.5,141,0.34,-4.874,-687.23,2h,train,0.35,237
2.5,2.0,141,0.319,-5.8762,-828.55,2h,train,0.35,237
3.0,0.25,141,0.631,-0.4019,-56.66,2h,train,0.35,237
3.0,0.5,141,0.511,-1.5003,-211.54,2h,train,0.35,237
3.0,0.75,141,0.44,-2.9033,-409.36,2h,train,0.35,237
3.0,1.0,141,0.383,-3.6623,-516.38,2h,train,0.35,237
3.0,1.5,141,0.34,-4.8954,-690.25,2h,train,0.35,237
3.0,2.0,141,0.326,-5.9214,-834.91,2h,train,0.35,237
3.5,0.25,141,0.624,-0.407,-57.39,2h,train,0.35,237
3.5,0.5,141,0.496,-1.8478,-260.54,2h,train,0.35,237
3.5,0.75,141,0.433,-3.2051,-451.92,2h,train,0.35,237
3.5,1.0,141,0.376,-3.9284,-553.9,2h,train,0.35,237
3.5,1.5,141,0.333,-5.1312,-723.49,2h,train,0.35,237
3.5,2.0,141,0.319,-6.1412,-865.91,2h,train,0.35,237
4.0,0.25,141,0.624,-0.0873,-12.32,2h,train,0.35,237
4.0,0.5,141,0.496,-1.4081,-198.55,2h,train,0.35,237
4.0,0.75,141,0.433,-2.7235,-384.02,2h,train,0.35,237
4.0,1.0,141,0.383,-3.408,-480.52,2h,train,0.35,237
4.0,1.5,141,0.34,-4.6085,-649.8,2h,train,0.35,237
4.0,2.0,141,0.326,-5.6087,-790.82,2h,train,0.35,237
4.5,0.25,141,0.624,-0.0159,-2.24,2h,train,0.35,237
4.5,0.5,141,0.504,-1.1958,-168.61,2h,train,0.35,237
4.5,0.75,141,0.433,-2.493,-351.52,2h,train,0.35,237
4.5,1.0,141,0.383,-3.1962,-450.67,2h,train,0.35,237
4.5,1.5,141,0.34,-4.3769,-617.15,2h,train,0.35,237
4.5,2.0,141,0.326,-5.3566,-755.28,2h,train,0.35,237
5.0,0.25,141,0.624,0.0396,5.59,2h,train,0.35,237
5.0,0.5,141,0.504,-0.9096,-128.25,2h,train,0.35,237
5.0,0.75,141,0.433,-2.2084,-311.39,2h,train,0.35,237
5.0,1.0,141,0.383,-2.8334,-399.51,2h,train,0.35,237
5.0,1.5,141,0.333,-3.8942,-549.09,2h,train,0.35,237
5.0,2.0,141,0.319,-4.827,-680.6,2h,train,0.35,237
1.5,0.25,139,0.655,-0.0203,-2.83,2h,train,0.375,237
1.5,0.5,139,0.561,-1.1798,-163.99,2h,train,0.375,237
1.5,0.75,139,0.504,-2.1066,-292.82,2h,train,0.375,237
1.5,1.0,139,0.424,-2.909,-404.36,2h,train,0.375,237
1.5,1.5,139,0.374,-4.0795,-567.05,2h,train,0.375,237
1.5,2.0,139,0.345,-5.0528,-702.34,2h,train,0.375,237
2.0,0.25,139,0.64,-0.6955,-96.68,2h,train,0.375,237
2.0,0.5,139,0.525,-2.1082,-293.04,2h,train,0.375,237
2.0,0.75,139,0.453,-3.1565,-438.75,2h,train,0.375,237
2.0,1.0,139,0.367,-3.9886,-554.41,2h,train,0.375,237
2.0,1.5,139,0.331,-5.1859,-720.84,2h,train,0.375,237
2.0,2.0,139,0.309,-6.1727,-858.01,2h,train,0.375,237
2.5,0.25,139,0.633,-0.5735,-79.71,2h,train,0.375,237
2.5,0.5,139,0.511,-1.8169,-252.55,2h,train,0.375,237
2.5,0.75,139,0.453,-2.7916,-388.03,2h,train,0.375,237
2.5,1.0,139,0.381,-3.5699,-496.21,2h,train,0.375,237
2.5,1.5,139,0.345,-4.8221,-670.27,2h,train,0.375,237
2.5,2.0,139,0.324,-5.8249,-809.67,2h,train,0.375,237
3.0,0.25,139,0.626,-0.3461,-48.1,2h,train,0.375,237
3.0,0.5,139,0.511,-1.4733,-204.78,2h,train,0.375,237
3.0,0.75,139,0.446,-2.93,-407.26,2h,train,0.375,237
3.0,1.0,139,0.381,-3.7438,-520.39,2h,train,0.375,237
3.0,1.5,139,0.338,-5.0307,-699.27,2h,train,0.375,237
3.0,2.0,139,0.324,-6.0529,-841.35,2h,train,0.375,237
3.5,0.25,139,0.619,-0.3321,-46.16,2h,train,0.375,237
3.5,0.5,139,0.496,-1.7802,-247.45,2h,train,0.375,237
3.5,0.75,139,0.439,-3.2128,-446.58,2h,train,0.375,237
3.5,1.0,139,0.374,-3.9901,-554.62,2h,train,0.375,237
3.5,1.5,139,0.331,-5.2252,-726.3,2h,train,0.375,237
3.5,2.0,139,0.317,-6.249,-868.61,2h,train,0.375,237
4.0,0.25,139,0.619,-0.1299,-18.06,2h,train,0.375,237
4.0,0.5,139,0.496,-1.445,-200.85,2h,train,0.375,237
4.0,0.75,139,0.439,-2.7907,-387.91,2h,train,0.375,237
4.0,1.0,139,0.381,-3.5155,-488.65,2h,train,0.375,237
4.0,1.5,139,0.338,-4.7855,-665.18,2h,train,0.375,237
4.0,2.0,139,0.324,-5.817,-808.57,2h,train,0.375,237
4.5,0.25,139,0.619,0.061,8.47,2h,train,0.375,237
4.5,0.5,139,0.504,-1.1161,-155.13,2h,train,0.375,237
4.5,0.75,139,0.439,-2.4357,-338.56,2h,train,0.375,237
4.5,1.0,139,0.381,-3.1584,-439.01,2h,train,0.375,237
4.5,1.5,139,0.338,-4.371,-607.57,2h,train,0.375,237
4.5,2.0,139,0.324,-5.3831,-748.26,2h,train,0.375,237
5.0,0.25,139,0.619,0.1172,16.29,2h,train,0.375,237
5.0,0.5,139,0.504,-0.9276,-128.93,2h,train,0.375,237
5.0,0.75,139,0.439,-2.1281,-295.81,2h,train,0.375,237
5.0,1.0,139,0.381,-2.7442,-381.44,2h,train,0.375,237
5.0,1.5,139,0.338,-3.8148,-530.26,2h,train,0.375,237
5.0,2.0,139,0.324,-4.7698,-663.0,2h,train,0.375,237
1.5,0.25,138,0.667,0.7222,99.66,2h,train,0.4,237
1.5,0.5,138,0.565,-0.5039,-69.53,2h,train,0.4,237
1.5,0.75,138,0.507,-1.4445,-199.34,2h,train,0.4,237
1.5,1.0,138,0.442,-2.2561,-311.34,2h,train,0.4,237
1.5,1.5,138,0.37,-3.4358,-474.14,2h,train,0.4,237
1.5,2.0,138,0.341,-4.414,-609.13,2h,train,0.4,237
2.0,0.25,138,0.659,0.0381,5.26,2h,train,0.4,237
2.0,0.5,138,0.551,-1.0815,-149.24,2h,train,0.4,237
2.0,0.75,138,0.486,-2.1239,-293.1,2h,train,0.4,237
2.0,1.0,138,0.406,-2.9478,-406.79,2h,train,0.4,237
2.0,1.5,138,0.348,-4.1353,-570.68,2h,train,0.4,237
2.0,2.0,138,0.326,-5.1164,-706.07,2h,train,0.4,237
2.5,0.25,138,0.645,0.0839,11.58,2h,train,0.4,237
2.5,0.5,138,0.522,-1.1886,-164.03,2h,train,0.4,237
2.5,0.75,138,0.464,-2.1978,-303.29,2h,train,0.4,237
2.5,1.0,138,0.399,-2.995,-413.31,2h,train,0.4,237
2.5,1.5,138,0.348,-4.2744,-589.86,2h,train,0.4,237
2.5,2.0,138,0.326,-5.2874,-729.66,2h,train,0.4,237
3.0,0.25,138,0.638,0.2731,37.68,2h,train,0.4,237
3.0,0.5,138,0.514,-0.8491,-117.17,2h,train,0.4,237
3.0,0.75,138,0.457,-2.2913,-316.2,2h,train,0.4,237
3.0,1.0,138,0.391,-3.0999,-427.78,2h,train,0.4,237
3.0,1.5,138,0.333,-4.3876,-605.5,2h,train,0.4,237
3.0,2.0,138,0.319,-5.4052,-745.92,2h,train,0.4,237
3.5,0.25,138,0.63,0.2759,38.07,2h,train,0.4,237
3.5,0.5,138,0.507,-1.1059,-152.62,2h,train,0.4,237
3.5,0.75,138,0.449,-2.5228,-348.15,2h,train,0.4,237
3.5,1.0,138,0.391,-3.3008,-455.51,2h,train,0.4,237
3.5,1.5,138,0.333,-4.5519,-628.17,2h,train,0.4,237
3.5,2.0,138,0.319,-5.5841,-770.61,2h,train,0.4,237
4.0,0.25,138,0.63,0.4762,65.72,2h,train,0.4,237
4.0,0.5,138,0.5,-0.8392,-115.81,2h,train,0.4,237
4.0,0.75,138,0.449,-2.161,-298.22,2h,train,0.4,237
4.0,1.0,138,0.391,-2.8805,-397.51,2h,train,0.4,237
4.0,1.5,138,0.333,-4.1523,-573.02,2h,train,0.4,237
4.0,2.0,138,0.319,-5.1798,-714.81,2h,train,0.4,237
4.5,0.25,138,0.63,0.7133,98.44,2h,train,0.4,237
4.5,0.5,138,0.5,-0.4583,-63.24,2h,train,0.4,237
4.5,0.75,138,0.449,-1.7519,-241.76,2h,train,0.4,237
4.5,1.0,138,0.399,-2.4515,-338.31,2h,train,0.4,237
4.5,1.5,138,0.341,-3.6766,-507.38,2h,train,0.4,237
4.5,2.0,138,0.326,-4.6946,-647.85,2h,train,0.4,237
5.0,0.25,138,0.63,0.7983,110.16,2h,train,0.4,237
5.0,0.5,138,0.507,-0.3451,-47.62,2h,train,0.4,237
5.0,0.75,138,0.449,-1.6528,-228.09,2h,train,0.4,237
5.0,1.0,138,0.399,-2.357,-325.27,2h,train,0.4,237
5.0,1.5,138,0.341,-3.5356,-487.91,2h,train,0.4,237
5.0,2.0,138,0.326,-4.5422,-626.82,2h,train,0.4,237
1.5,0.25,137,0.664,0.6304,86.37,2h,train,0.425,237
1.5,0.5,137,0.562,-0.6707,-91.88,2h,train,0.425,237
1.5,0.75,137,0.504,-1.6607,-227.52,2h,train,0.425,237
1.5,1.0,137,0.445,-2.5113,-344.04,2h,train,0.425,237
1.5,1.5,137,0.365,-3.7442,-512.96,2h,train,0.425,237
1.5,2.0,137,0.328,-4.7575,-651.78,2h,train,0.425,237
2.0,0.25,137,0.657,0.0283,3.87,2h,train,0.425,237
2.0,0.5,137,0.547,-1.1567,-158.47,2h,train,0.425,237
2.0,0.75,137,0.489,-2.2489,-308.11,2h,train,0.425,237
2.0,1.0,137,0.416,-3.1125,-426.41,2h,train,0.425,237
2.0,1.5,137,0.358,-4.3541,-596.51,2h,train,0.425,237
2.0,2.0,137,0.328,-5.3708,-735.8,2h,train,0.425,237
2.5,0.25,137,0.642,-0.0341,-4.67,2h,train,0.425,237
2.5,0.5,137,0.518,-1.3946,-191.06,2h,train,0.425,237
2.5,0.75,137,0.46,-2.459,-336.88,2h,train,0.425,237
2.5,1.0,137,0.394,-3.2986,-451.91,2h,train,0.425,237
2.5,1.5,137,0.343,-4.6324,-634.63,2h,train,0.425,237
2.5,2.0,137,0.314,-5.6836,-778.65,2h,train,0.425,237
3.0,0.25,137,0.635,0.2252,30.86,2h,train,0.425,237
3.0,0.5,137,0.511,-0.9964,-136.51,2h,train,0.425,237
3.0,0.75,137,0.46,-2.2001,-301.41,2h,train,0.425,237
3.0,1.0,137,0.401,-3.0656,-419.98,2h,train,0.425,237
3.0,1.5,137,0.343,-4.4209,-605.67,2h,train,0.425,237
3.0,2.0,137,0.321,-5.4829,-751.16,2h,train,0.425,237
3.5,0.25,137,0.628,0.2378,32.58,2h,train,0.425,237
3.5,0.5,137,0.511,-0.8998,-123.27,2h,train,0.425,237
3.5,0.75,137,0.453,-2.3736,-325.18,2h,train,0.425,237
3.5,1.0,137,0.401,-3.1925,-437.37,2h,train,0.425,237
3.5,1.5,137,0.343,-4.501,-616.63,2h,train,0.425,237
3.5,2.0,137,0.321,-5.5721,-763.38,2h,train,0.425,237
4.0,0.25,137,0.628,0.3481,47.7,2h,train,0.425,237
4.0,0.5,137,0.496,-1.1023,-151.01,2h,train,0.425,237
4.0,0.75,137,0.445,-2.5218,-345.49,2h,train,0.425,237
4.0,1.0,137,0.394,-3.2979,-451.81,2h,train,0.425,237
4.0,1.5,137,0.336,-4.635,-634.99,2h,train,0.425,237
4.0,2.0,137,0.314,-5.7017,-781.14,2h,train,0.425,237
4.5,0.25,137,0.628,0.6686,91.6,2h,train,0.425,237
4.5,0.5,137,0.496,-0.719,-98.51,2h,train,0.425,237
4.5,0.75,137,0.445,-2.0922,-286.64,2h,train,0.425,237
4.5,1.0,137,0.401,-2.8216,-386.56,2h,train,0.425,237
4.5,1.5,137,0.343,-4.1312,-565.98,2h,train,0.425,237
4.5,2.0,137,0.321,-5.1944,-711.64,2h,train,0.425,237
5.0,0.25,137,0.628,0.7741,106.05,2h,train,0.425,237
5.0,0.5,137,0.504,-0.4484,-61.43,2h,train,0.425,237
5.0,0.75,137,0.445,-1.8093,-247.87,2h,train,0.425,237
5.0,1.0,137,0.401,-2.5546,-349.98,2h,train,0.425,237
5.0,1.5,137,0.343,-3.7859,-518.67,2h,train,0.425,237
5.0,2.0,137,0.321,-4.8372,-662.69,2h,train,0.425,237
1.5,0.25,137,0.664,1.2762,174.85,2h,train,0.45,237
1.5,0.5,137,0.569,-0.0392,-5.37,2h,train,0.45,237
1.5,0.75,137,0.511,-1.0445,-143.1,2h,train,0.45,237
1.5,1.0,137,0.46,-1.9053,-261.03,2h,train,0.45,237
1.5,1.5,137,0.372,-3.1509,-431.67,2h,train,0.45,237
1.5,2.0,137,0.343,-4.1722,-571.59,2h,train,0.45,237
2.0,0.25,137,0.65,0.0693,9.5,2h,train,0.45,237
2.0,0.5,137,0.555,-1.0812,-148.12,2h,train,0.45,237
2.0,0.75,137,0.496,-2.163,-296.33,2h,train,0.45,237
2.0,1.0,137,0.438,-3.0229,-414.13,2h,train,0.45,237
2.0,1.5,137,0.365,-4.26,-583.61,2h,train,0.45,237
2.0,2.0,137,0.336,-5.2742,-722.56,2h,train,0.45,237
2.5,0.25,137,0.635,-0.0285,-3.9,2h,train,0.45,237
2.5,0.5,137,0.518,-1.3791,-188.93,2h,train,0.45,237
2.5,0.75,137,0.46,-2.4435,-334.76,2h,train,0.45,237
2.5,1.0,137,0.409,-3.2851,-450.07,2h,train,0.45,237
2.5,1.5,137,0.343,-4.6176,-632.62,2h,train,0.45,237
2.5,2.0,137,0.314,-5.6708,-776.9,2h,train,0.45,237
3.0,0.25,137,0.635,0.2994,41.01,2h,train,0.45,237
3.0,0.5,137,0.511,-0.9624,-131.85,2h,train,0.45,237
3.0,0.75,137,0.46,-2.0547,-281.5,2h,train,0.45,237
3.0,1.0,137,0.423,-2.9035,-397.77,2h,train,0.45,237
3.0,1.5,137,0.35,-4.2398,-580.85,2h,train,0.45,237
3.0,2.0,137,0.328,-5.2941,-725.29,2h,train,0.45,237
3.5,0.25,137,0.62,0.2426,33.23,2h,train,0.45,237
3.5,0.5,137,0.511,-0.9081,-124.41,2h,train,0.45,237
3.5,0.75,137,0.453,-2.3908,-327.54,2h,train,0.45,237
3.5,1.0,137,0.416,-3.2156,-440.54,2h,train,0.45,237
3.5,1.5,137,0.343,-4.5249,-619.9,2h,train,0.45,237
3.5,2.0,137,0.321,-5.5982,-766.95,2h,train,0.45,237
4.0,0.25,137,0.62,0.3647,49.97,2h,train,0.45,237
4.0,0.5,137,0.496,-1.1089,-151.92,2h,train,0.45,237
4.0,0.75,137,0.445,-2.5846,-354.09,2h,train,0.45,237
4.0,1.0,137,0.409,-3.4032,-466.24,2h,train,0.45,237
4.0,1.5,137,0.336,-4.6993,-643.8,2h,train,0.45,237
4.0,2.0,137,0.314,-5.7612,-789.28,2h,train,0.45,237
4.5,0.25,137,0.62,0.6824,93.48,2h,train,0.45,237
4.5,0.5,137,0.496,-0.7051,-96.61,2h,train,0.45,237
4.5,0.75,137,0.445,-2.0814,-285.15,2h,train,0.45,237
4.5,1.0,137,0.416,-2.8446,-389.71,2h,train,0.45,237
4.5,1.5,137,0.343,-4.177,-572.25,2h,train,0.45,237
4.5,2.0,137,0.321,-5.2481,-718.98,2h,train,0.45,237
5.0,0.25,137,0.62,0.7827,107.23,2h,train,0.45,237
5.0,0.5,137,0.504,-0.4642,-63.59,2h,train,0.45,237
5.0,0.75,137,0.445,-1.8124,-248.3,2h,train,0.45,237
5.0,1.0,137,0.416,-2.5505,-349.42,2h,train,0.45,237
5.0,1.5,137,0.343,-3.7685,-516.28,2h,train,0.45,237
5.0,2.0,137,0.321,-4.7757,-654.28,2h,train,0.45,237
1.5,0.25,137,0.664,1.3249,181.51,2h,train,0.475,237
1.5,0.5,137,0.577,0.0278,3.81,2h,train,0.475,237
1.5,0.75,137,0.511,-0.9744,-133.49,2h,train,0.475,237
1.5,1.0,137,0.46,-1.8336,-251.2,2h,train,0.475,237
1.5,1.5,137,0.372,-3.0767,-421.51,2h,train,0.475,237
1.5,2.0,137,0.343,-4.0964,-561.21,2h,train,0.475,237
2.0,0.25,137,0.65,0.0784,10.74,2h,train,0.475,237
2.0,0.5,137,0.562,-1.0553,-144.57,2h,train,0.475,237
2.0,0.75,137,0.496,-2.1152,-289.78,2h,train,0.475,237
2.0,1.0,137,0.438,-2.9671,-406.49,2h,train,0.475,237
2.0,1.5,137,0.372,-4.1951,-574.72,2h,train,0.475,237
2.0,2.0,137,0.343,-5.2039,-712.94,2h,train,0.475,237
2.5,0.25,137,0.65,0.2017,27.63,2h,train,0.475,237
2.5,0.5,137,0.54,-1.1459,-156.99,2h,train,0.475,237
2.5,0.75,137,0.467,-2.2398,-306.85,2h,train,0.475,237
2.5,1.0,137,0.409,-3.1081,-425.81,2h,train,0.475,237
2.5,1.5,137,0.343,-4.3542,-596.52,2h,train,0.475,237
2.5,2.0,137,0.314,-5.3736,-736.19,2h,train,0.475,237
3.0,0.25,137,0.642,0.3046,41.73,2h,train,0.475,237
3.0,0.5,137,0.526,-0.9691,-132.77,2h,train,0.475,237
3.0,0.75,137,0.467,-2.0635,-282.7,2h,train,0.475,237
3.0,1.0,137,0.416,-2.907,-398.26,2h,train,0.475,237
3.0,1.5,137,0.343,-4.2354,-580.25,2h,train,0.475,237
3.0,2.0,137,0.321,-5.2879,-724.44,2h,train,0.475,237
3.5,0.25,137,0.635,0.3471,47.55,2h,train,0.475,237
3.5,0.5,137,0.526,-0.7955,-108.98,2h,train,0.475,237
3.5,0.75,137,0.46,-2.2715,-311.2,2h,train,0.475,237
3.5,1.0,137,0.416,-3.0966,-424.23,2h,train,0.475,237
3.5,1.5,137,0.343,-4.4015,-603.0,2h,train,0.475,237
3.5,2.0,137,0.321,-5.4746,-750.01,2h,train,0.475,237
4.0,0.25,137,0.635,0.4922,67.43,2h,train,0.475,237
4.0,0.5,137,0.511,-1.0228,-140.12,2h,train,0.475,237
4.0,0.75,137,0.453,-2.5082,-343.62,2h,train,0.475,237
4.0,1.0,137,0.409,-3.3395,-457.52,2h,train,0.475,237
4.0,1.5,137,0.336,-4.6525,-637.39,2h,train,0.475,237
4.0,2.0,137,0.314,-5.7301,-785.03,2h,train,0.475,237
4.5,0.25,137,0.635,0.6235,85.42,2h,train,0.475,237
4.5,0.5,137,0.511,-0.7986,-109.41,2h,train,0.475,237
4.5,0.75,137,0.453,-2.1775,-298.32,2h,train,0.475,237
4.5,1.0,137,0.409,-2.9443,-403.37,2h,train,0.475,237
4.5,1.5,137,0.336,-4.2727,-585.36,2h,train,0.475,237
4.5,2.0,137,0.314,-5.3428,-731.97,2h,train,0.475,237
5.0,0.25,137,0.635,0.8802,120.59,2h,train,0.475,237
5.0,0.5,137,0.518,-0.3587,-49.15,2h,train,0.475,237
5.0,0.75,137,0.453,-1.7021,-233.19,2h,train,0.475,237
5.0,1.0,137,0.416,-2.4511,-335.8,2h,train,0.475,237
5.0,1.5,137,0.343,-3.7643,-515.71,2h,train,0.475,237
5.0,2.0,137,0.321,-4.8519,-664.72,2h,train,0.475,237
1.5,0.25,135,0.659,1.2923,174.47,2h,train,0.5,237
1.5,0.5,135,0.57,-0.0218,-2.95,2h,train,0.5,237
1.5,0.75,135,0.526,-1.0279,-138.77,2h,train,0.5,237
1.5,1.0,135,0.459,-1.891,-255.29,2h,train,0.5,237
1.5,1.5,135,0.378,-3.137,-423.49,2h,train,0.5,237
1.5,2.0,135,0.341,-4.1584,-561.38,2h,train,0.5,237
2.0,0.25,135,0.652,0.7314,98.73,2h,train,0.5,237
2.0,0.5,135,0.563,-0.5202,-70.22,2h,train,0.5,237
2.0,0.75,135,0.519,-1.5139,-204.38,2h,train,0.5,237
2.0,1.0,135,0.452,-2.3695,-319.89,2h,train,0.5,237
2.0,1.5,135,0.393,-3.6065,-486.88,2h,train,0.5,237
2.0,2.0,135,0.356,-4.6227,-624.07,2h,train,0.5,237
2.5,0.25,135,0.652,0.721,97.33,2h,train,0.5,237
2.5,0.5,135,0.548,-0.4747,-64.08,2h,train,0.5,237
2.5,0.75,135,0.496,-1.5793,-213.2,2h,train,0.5,237
2.5,1.0,135,0.43,-2.4571,-331.71,2h,train,0.5,237
2.5,1.5,135,0.356,-3.7134,-501.31,2h,train,0.5,237
2.5,2.0,135,0.326,-4.7394,-639.82,2h,train,0.5,237
3.0,0.25,135,0.644,0.8921,120.43,2h,train,0.5,237
3.0,0.5,135,0.526,-0.4962,-66.99,2h,train,0.5,237
3.0,0.75,135,0.481,-1.6551,-223.44,2h,train,0.5,237
3.0,1.0,135,0.43,-2.5361,-342.38,2h,train,0.5,237
3.0,1.5,135,0.348,-3.9033,-526.95,2h,train,0.5,237
3.0,2.0,135,0.326,-4.9807,-672.4,2h,train,0.5,237
3.5,0.25,135,0.644,1.0533,142.19,2h,train,0.5,237
3.5,0.5,135,0.526,-0.1499,-20.24,2h,train,0.5,237
3.5,0.75,135,0.474,-1.6824,-227.13,2h,train,0.5,237
3.5,1.0,135,0.43,-2.5543,-344.83,2h,train,0.5,237
3.5,1.5,135,0.348,-3.911,-527.98,2h,train,0.5,237
3.5,2.0,135,0.326,-4.9833,-672.74,2h,train,0.5,237
4.0,0.25,135,0.637,0.9775,131.97,2h,train,0.5,237
4.0,0.5,135,0.526,-0.1785,-24.09,2h,train,0.5,237
4.0,0.75,135,0.474,-1.6729,-225.84,2h,train,0.5,237
4.0,1.0,135,0.43,-2.5131,-339.27,2h,train,0.5,237
4.0,1.5,135,0.348,-3.8345,-517.66,2h,train,0.5,237
4.0,2.0,135,0.326,-4.9211,-664.34,2h,train,0.5,237
4.5,0.25,135,0.637,1.1382,153.65,2h,train,0.5,237
4.5,0.5,135,0.511,-0.3489,-47.11,2h,train,0.5,237
4.5,0.75,135,0.467,-1.8164,-245.21,2h,train,0.5,237
4.5,1.0,135,0.422,-2.6378,-356.11,2h,train,0.5,237
4.5,1.5,135,0.341,-4.0091,-541.22,2h,train,0.5,237
4.5,2.0,135,0.319,-5.1001,-688.51,2h,train,0.5,237
5.0,0.25,135,0.637,1.4879,200.87,2h,train,0.5,237
5.0,0.5,135,0.519,0.1978,26.71,2h,train,0.5,237
5.0,0.75,135,0.467,-1.1918,-160.9,2h,train,0.5,237
5.0,1.0,135,0.422,-1.9981,-269.74,2h,train,0.5,237
5.0,1.5,135,0.348,-3.3689,-454.8,2h,train,0.5,237
5.0,2.0,135,0.326,-4.4661,-602.92,2h,train,0.5,237
1.5,0.25,133,0.684,1.6439,218.64,2h,train,0.525,237
1.5,0.5,133,0.571,0.2936,39.05,2h,train,0.525,237
1.5,0.75,133,0.541,-0.7165,-95.29,2h,train,0.525,237
1.5,1.0,133,0.474,-1.4695,-195.44,2h,train,0.525,237
1.5,1.5,133,0.398,-2.6825,-356.77,2h,train,0.525,237
1.5,2.0,133,0.353,-3.6852,-490.14,2h,train,0.525,237
2.0,0.25,133,0.684,1.8069,240.32,2h,train,0.525,237
2.0,0.5,133,0.571,0.4902,65.2,2h,train,0.525,237
2.0,0.75,133,0.541,-0.5121,-68.11,2h,train,0.525,237
2.0,1.0,133,0.466,-1.3735,-182.68,2h,train,0.525,237
2.0,1.5,133,0.398,-2.6142,-347.69,2h,train,0.525,237
2.0,2.0,133,0.361,-3.6304,-482.84,2h,train,0.525,237
2.5,0.25,133,0.677,1.2315,163.79,2h,train,0.525,237
2.5,0.5,133,0.556,0.0652,8.67,2h,train,0.525,237
2.5,0.75,133,0.519,-1.0138,-134.84,2h,train,0.525,237
2.5,1.0,133,0.444,-1.8789,-249.89,2h,train,0.525,237
2.5,1.5,133,0.376,-3.1171,-414.57,2h,train,0.525,237
2.5,2.0,133,0.346,-4.1304,-549.34,2h,train,0.525,237
3.0,0.25,133,0.669,1.261,167.71,2h,train,0.525,237
3.0,0.5,133,0.526,-0.1312,-17.45,2h,train,0.525,237
3.0,0.75,133,0.496,-1.2101,-160.95,2h,train,0.525,237
3.0,1.0,133,0.436,-2.0661,-274.79,2h,train,0.525,237
3.0,1.5,133,0.368,-3.4031,-452.61,2h,train,0.525,237
3.0,2.0,133,0.338,-4.4643,-593.75,2h,train,0.525,237
3.5,0.25,133,0.669,1.4613,194.35,2h,train,0.525,237
3.5,0.5,133,0.526,0.1686,22.42,2h,train,0.525,237
3.5,0.75,133,0.496,-0.9388,-124.86,2h,train,0.525,237
3.5,1.0,133,0.451,-1.8012,-239.56,2h,train,0.525,237
3.5,1.5,133,0.376,-3.1414,-417.81,2h,train,0.525,237
3.5,2.0,133,0.353,-4.2035,-559.06,2h,train,0.525,237
4.0,0.25,133,0.662,1.4177,188.55,2h,train,0.525,237
4.0,0.5,133,0.526,0.2397,31.88,2h,train,0.525,237
4.0,0.75,133,0.489,-1.2558,-167.02,2h,train,0.525,237
4.0,1.0,133,0.436,-2.0947,-278.6,2h,train,0.525,237
4.0,1.5,133,0.361,-3.4074,-453.19,2h,train,0.525,237
4.0,2.0,133,0.338,-4.489,-597.04,2h,train,0.525,237
4.5,0.25,133,0.662,1.5788,209.98,2h,train,0.525,237
4.5,0.5,133,0.519,0.0954,12.69,2h,train,0.525,237
4.5,0.75,133,0.481,-1.3672,-181.84,2h,train,0.525,237
4.5,1.0,133,0.429,-2.1809,-290.06,2h,train,0.525,237
4.5,1.5,133,0.353,-3.5358,-470.26,2h,train,0.525,237
4.5,2.0,133,0.331,-4.6168,-614.03,2h,train,0.525,237
5.0,0.25,133,0.662,1.7895,238.01,2h,train,0.525,237
5.0,0.5,133,0.519,0.328,43.62,2h,train,0.525,237
5.0,0.75,133,0.481,-1.0757,-143.06,2h,train,0.525,237
5.0,1.0,133,0.429,-1.8571,-246.99,2h,train,0.525,237
5.0,1.5,133,0.361,-3.1952,-424.96,2h,train,0.525,237
5.0,2.0,133,0.338,-4.2743,-568.49,2h,train,0.525,237
1.5,0.25,133,0.669,1.6582,220.55,2h,train,0.55,237
1.5,0.5,133,0.556,0.3274,43.54,2h,train,0.55,237
1.5,0.75,133,0.526,-0.711,-94.57,2h,train,0.55,237
1.5,1.0,133,0.459,-1.4792,-196.73,2h,train,0.55,237
1.5,1.5,133,0.383,-2.7085,-360.24,2h,train,0.55,237
1.5,2.0,133,0.346,-3.7201,-494.78,2h,train,0.55,237
2.0,0.25,133,0.669,1.6204,215.51,2h,train,0.55,237
2.0,0.5,133,0.549,0.3291,43.77,2h,train,0.55,237
2.0,0.75,133,0.519,-0.697,-92.7,2h,train,0.55,237
2.0,1.0,133,0.459,-1.5699,-208.8,2h,train,0.55,237
2.0,1.5,133,0.376,-2.8246,-375.67,2h,train,0.55,237
2.0,2.0,133,0.346,-3.8483,-511.83,2h,train,0.55,237
2.5,0.25,133,0.669,1.2523,166.55,2h,train,0.55,237
2.5,0.5,133,0.541,0.1391,18.5,2h,train,0.55,237
2.5,0.75,133,0.511,-0.9368,-124.6,2h,train,0.55,237
2.5,1.0,133,0.451,-1.8098,-240.7,2h,train,0.55,237
2.5,1.5,133,0.368,-3.059,-406.85,2h,train,0.55,237
2.5,2.0,133,0.338,-4.0785,-542.44,2h,train,0.55,237
3.0,0.25,133,0.662,1.0956,145.71,2h,train,0.55,237
3.0,0.5,133,0.511,-0.2786,-37.05,2h,train,0.55,237
3.0,0.75,133,0.481,-1.3588,-180.72,2h,train,0.55,237
3.0,1.0,133,0.429,-2.2358,-297.37,2h,train,0.55,237
3.0,1.5,133,0.346,-3.4968,-465.07,2h,train,0.55,237
3.0,2.0,133,0.323,-4.525,-601.83,2h,train,0.55,237
3.5,0.25,133,0.662,1.4028,186.57,2h,train,0.55,237
3.5,0.5,133,0.511,0.1097,14.59,2h,train,0.55,237
3.5,0.75,133,0.481,-0.9106,-121.11,2h,train,0.55,237
3.5,1.0,133,0.451,-1.754,-233.29,2h,train,0.55,237
3.5,1.5,133,0.368,-3.0819,-409.89,2h,train,0.55,237
3.5,2.0,133,0.353,-4.1419,-550.88,2h,train,0.55,237
4.0,0.25,133,0.654,1.3322,177.18,2h,train,0.55,237
4.0,0.5,133,0.511,0.1258,16.74,2h,train,0.55,237
4.0,0.75,133,0.474,-1.2834,-170.69,2h,train,0.55,237
4.0,1.0,133,0.444,-2.1025,-279.63,2h,train,0.55,237
4.0,1.5,133,0.353,-3.4076,-453.21,2h,train,0.55,237
4.0,2.0,133,0.338,-4.4902,-597.19,2h,train,0.55,237
4.5,0.25,133,0.654,1.5039,200.02,2h,train,0.55,237
4.5,0.5,133,0.511,0.3303,43.92,2h,train,0.55,237
4.5,0.75,133,0.474,-1.0534,-140.1,2h,train,0.55,237
4.5,1.0,133,0.444,-1.8331,-243.8,2h,train,0.55,237
4.5,1.5,133,0.353,-3.1476,-418.63,2h,train,0.55,237
4.5,2.0,133,0.338,-4.2132,-560.36,2h,train,0.55,237
5.0,0.25,133,0.654,1.5647,208.11,2h,train,0.55,237
5.0,0.5,133,0.504,0.0104,1.39,2h,train,0.55,237
5.0,0.75,133,0.466,-1.3531,-179.96,2h,train,0.55,237
5.0,1.0,133,0.436,-2.1096,-280.58,2h,train,0.55,237
5.0,1.5,133,0.346,-3.3998,-452.17,2h,train,0.55,237
5.0,2.0,133,0.331,-4.4507,-591.94,2h,train,0.55,237
1.5,0.25,133,0.669,1.1427,151.97,2h,train,0.575,237
1.5,0.5,133,0.571,-0.0936,-12.45,2h,train,0.575,237
1.5,0.75,133,0.534,-1.0956,-145.71,2h,train,0.575,237
1.5,1.0,133,0.466,-1.8436,-245.2,2h,train,0.575,237
1.5,1.5,133,0.383,-3.0493,-405.55,2h,train,0.575,237
1.5,2.0,133,0.346,-4.0469,-538.24,2h,train,0.575,237
2.0,0.25,133,0.669,1.1272,149.92,2h,train,0.575,237
2.0,0.5,133,0.556,-0.0954,-12.69,2h,train,0.575,237
2.0,0.75,133,0.519,-1.0921,-145.25,2h,train,0.575,237
2.0,1.0,133,0.466,-1.9473,-259.0,2h,train,0.575,237
2.0,1.5,133,0.376,-3.1827,-423.29,2h,train,0.575,237
2.0,2.0,133,0.353,-4.1949,-557.92,2h,train,0.575,237
2.5,0.25,133,0.669,1.267,168.5,2h,train,0.575,237
2.5,0.5,133,0.556,0.0168,2.23,2h,train,0.575,237
2.5,0.75,133,0.519,-0.9914,-131.86,2h,train,0.575,237
2.5,1.0,133,0.474,-1.853,-246.45,2h,train,0.575,237
2.5,1.5,133,0.391,-3.0955,-411.69,2h,train,0.575,237
2.5,2.0,133,0.368,-4.1118,-546.87,2h,train,0.575,237
3.0,0.25,133,0.662,1.1825,157.27,2h,train,0.575,237
3.0,0.5,133,0.534,-0.1778,-23.65,2h,train,0.575,237
3.0,0.75,133,0.489,-1.2548,-166.89,2h,train,0.575,237
3.0,1.0,133,0.436,-2.1286,-283.1,2h,train,0.575,237
3.0,1.5,133,0.346,-3.3863,-450.38,2h,train,0.575,237
3.0,2.0,133,0.331,-4.4122,-586.82,2h,train,0.575,237
3.5,0.25,133,0.662,1.5032,199.93,2h,train,0.575,237
3.5,0.5,133,0.526,0.1407,18.71,2h,train,0.575,237
3.5,0.75,133,0.481,-0.9115,-121.24,2h,train,0.575,237
3.5,1.0,133,0.451,-1.7636,-234.55,2h,train,0.575,237
3.5,1.5,133,0.368,-3.0998,-412.27,2h,train,0.575,237
3.5,2.0,133,0.361,-4.1669,-554.2,2h,train,0.575,237
4.0,0.25,133,0.654,1.4337,190.69,2h,train,0.575,237
4.0,0.5,133,0.526,0.1924,25.59,2h,train,0.575,237
4.0,0.75,133,0.474,-1.1187,-148.79,2h,train,0.575,237
4.0,1.0,133,0.444,-1.9212,-255.52,2h,train,0.575,237
4.0,1.5,133,0.361,-3.2034,-426.05,2h,train,0.575,237
4.0,2.0,133,0.353,-4.2749,-568.56,2h,train,0.575,237
4.5,0.25,133,0.654,1.5551,206.83,2h,train,0.575,237
4.5,0.5,133,0.526,0.277,36.84,2h,train,0.575,237
4.5,0.75,133,0.474,-1.1288,-150.13,2h,train,0.575,237
4.5,1.0,133,0.444,-1.9201,-255.38,2h,train,0.575,237
4.5,1.5,133,0.346,-3.242,-431.19,2h,train,0.575,237
4.5,2.0,133,0.338,-4.3129,-573.61,2h,train,0.575,237
5.0,0.25,133,0.654,1.6412,218.28,2h,train,0.575,237
5.0,0.5,133,0.519,0.0843,11.22,2h,train,0.575,237
5.0,0.75,133,0.466,-1.3042,-173.46,2h,train,0.575,237
5.0,1.0,133,0.436,-2.0859,-277.43,2h,train,0.575,237
5.0,1.5,133,0.346,-3.3917,-451.1,2h,train,0.575,237
5.0,2.0,133,0.338,-4.4496,-591.8,2h,train,0.575,237
1.5,0.25,133,0.669,1.2896,171.52,2h,train,0.6,237
1.5,0.5,133,0.579,-0.0024,-0.32,2h,train,0.6,237
1.5,0.75,133,0.541,-0.885,-117.71,2h,train,0.6,237
1.5,1.0,133,0.466,-1.5982,-212.56,2h,train,0.6,237
1.5,1.5,133,0.391,-2.7712,-368.58,2h,train,0.6,237
1.5,2.0,133,0.353,-3.7516,-498.96,2h,train,0.6,237
2.0,0.25,133,0.662,1.2764,169.76,2h,train,0.6,237
2.0,0.5,133,0.564,0.0919,12.22,2h,train,0.6,237
2.0,0.75,133,0.519,-0.8735,-116.18,2h,train,0.6,237
2.0,1.0,133,0.466,-1.7115,-227.62,2h,train,0.6,237
2.0,1.5,133,0.383,-2.9283,-389.46,2h,train,0.6,237
2.0,2.0,133,0.361,-3.9296,-522.63,2h,train,0.6,237
2.5,0.25,133,0.669,1.4624,194.5,2h,train,0.6,237
2.5,0.5,133,0.564,0.2516,33.47,2h,train,0.6,237
2.5,0.75,133,0.519,-0.7334,-97.54,2h,train,0.6,237
2.5,1.0,133,0.474,-1.5823,-210.45,2h,train,0.6,237
2.5,1.5,133,0.398,-2.8113,-373.91,2h,train,0.6,237
2.5,2.0,133,0.376,-3.8196,-508.01,2h,train,0.6,237
3.0,0.25,133,0.662,1.2955,172.3,2h,train,0.6,237
3.0,0.5,133,0.549,0.2041,27.15,2h,train,0.6,237
3.0,0.75,133,0.496,-0.8243,-109.63,2h,train,0.6,237
3.0,1.0,133,0.444,-1.6731,-222.53,2h,train,0.6,237
3.0,1.5,133,0.361,-2.9039,-386.23,2h,train,0.6,237
3.0,2.0,133,0.346,-3.9141,-520.57,2h,train,0.6,237
3.5,0.25,133,0.662,1.6684,221.89,2h,train,0.6,237
3.5,0.5,133,0.534,0.3424,45.54,2h,train,0.6,237
3.5,0.75,133,0.481,-0.685,-91.11,2h,train,0.6,237
3.5,1.0,133,0.444,-1.5235,-202.63,2h,train,0.6,237
3.5,1.5,133,0.368,-2.8416,-377.93,2h,train,0.6,237
3.5,2.0,133,0.368,-3.9001,-518.71,2h,train,0.6,237
4.0,0.25,133,0.654,1.6692,222.0,2h,train,0.6,237
4.0,0.5,133,0.534,0.4439,59.03,2h,train,0.6,237
4.0,0.75,133,0.481,-0.5622,-74.77,2h,train,0.6,237
4.0,1.0,133,0.451,-1.398,-185.94,2h,train,0.6,237
4.0,1.5,133,0.376,-2.7122,-360.73,2h,train,0.6,237
4.0,2.0,133,0.376,-3.7686,-501.22,2h,train,0.6,237
4.5,0.25,133,0.654,1.7051,226.78,2h,train,0.6,237
4.5,0.5,133,0.534,0.6034,80.26,2h,train,0.6,237
4.5,0.75,133,0.474,-0.7507,-99.84,2h,train,0.6,237
4.5,1.0,133,0.444,-1.5408,-204.93,2h,train,0.6,237
4.5,1.5,133,0.361,-2.8838,-383.55,2h,train,0.6,237
4.5,2.0,133,0.361,-3.9716,-528.23,2h,train,0.6,237
5.0,0.25,133,0.654,1.873,249.11,2h,train,0.6,237
5.0,0.5,133,0.534,0.7796,103.68,2h,train,0.6,237
5.0,0.75,133,0.474,-0.5759,-76.59,2h,train,0.6,237
5.0,1.0,133,0.444,-1.3477,-179.24,2h,train,0.6,237
5.0,1.5,133,0.361,-2.6467,-352.01,2h,train,0.6,237
5.0,2.0,133,0.361,-3.7071,-493.04,2h,train,0.6,237
1.5,0.25,131,0.672,1.5608,204.46,2h,train,0.625,237
1.5,0.5,131,0.58,0.1706,22.35,2h,train,0.625,237
1.5,0.75,131,0.55,-0.7187,-94.15,2h,train,0.625,237
1.5,1.0,131,0.489,-1.432,-187.59,2h,train,0.625,237
1.5,1.5,131,0.405,-2.6012,-340.76,2h,train,0.625,237
1.5,2.0,131,0.359,-3.5763,-468.49,2h,train,0.625,237
2.0,0.25,131,0.664,1.5757,206.42,2h,train,0.625,237
2.0,0.5,131,0.565,0.3607,47.25,2h,train,0.625,237
2.0,0.75,131,0.534,-0.6114,-80.1,2h,train,0.625,237
2.0,1.0,131,0.489,-1.4534,-190.39,2h,train,0.625,237
2.0,1.5,131,0.397,-2.6712,-349.93,2h,train,0.625,237
2.0,2.0,131,0.366,-3.6699,-480.76,2h,train,0.625,237
2.5,0.25,131,0.672,1.7463,228.76,2h,train,0.625,237
2.5,0.5,131,0.565,0.4894,64.11,2h,train,0.625,237
2.5,0.75,131,0.527,-0.5061,-66.29,2h,train,0.625,237
2.5,1.0,131,0.496,-1.3607,-178.26,2h,train,0.625,237
2.5,1.5,131,0.405,-2.5926,-339.63,2h,train,0.625,237
2.5,2.0,131,0.382,-3.5993,-471.51,2h,train,0.625,237
3.0,0.25,131,0.664,1.6661,218.26,2h,train,0.625,237
3.0,0.5,131,0.557,0.537,70.35,2h,train,0.625,237
3.0,0.75,131,0.511,-0.5395,-70.68,2h,train,0.625,237
3.0,1.0,131,0.473,-1.4067,-184.28,2h,train,0.625,237
3.0,1.5,131,0.374,-2.6464,-346.68,2h,train,0.625,237
3.0,2.0,131,0.359,-3.6564,-478.98,2h,train,0.625,237
3.5,0.25,131,0.664,1.9559,256.22,2h,train,0.625,237
3.5,0.5,131,0.534,0.5693,74.58,2h,train,0.625,237
3.5,0.75,131,0.489,-0.5037,-65.98,2h,train,0.625,237
3.5,1.0,131,0.466,-1.3783,-180.56,2h,train,0.625,237
3.5,1.5,131,0.374,-2.6345,-345.12,2h,train,0.625,237
3.5,2.0,131,0.366,-3.656,-478.94,2h,train,0.625,237
4.0,0.25,131,0.656,1.9051,249.56,2h,train,0.625,237
4.0,0.5,131,0.534,0.5856,76.71,2h,train,0.625,237
4.0,0.75,131,0.489,-0.4516,-59.16,2h,train,0.625,237
4.0,1.0,131,0.466,-1.3049,-170.95,2h,train,0.625,237
4.0,1.5,131,0.382,-2.6331,-344.93,2h,train,0.625,237
4.0,2.0,131,0.374,-3.6965,-484.24,2h,train,0.625,237
4.5,0.25,131,0.656,2.01,263.32,2h,train,0.625,237
4.5,0.5,131,0.534,0.8282,108.49,2h,train,0.625,237
4.5,0.75,131,0.481,-0.4774,-62.54,2h,train,0.625,237
4.5,1.0,131,0.458,-1.2764,-167.2,2h,train,0.625,237
4.5,1.5,131,0.374,-2.5465,-333.59,2h,train,0.625,237
4.5,2.0,131,0.366,-3.6126,-473.25,2h,train,0.625,237
5.0,0.25,131,0.656,2.1582,282.73,2h,train,0.625,237
5.0,0.5,131,0.534,0.9985,130.8,2h,train,0.625,237
5.0,0.75,131,0.473,-0.3848,-50.4,2h,train,0.625,237
5.0,1.0,131,0.458,-1.1875,-155.56,2h,train,0.625,237
5.0,1.5,131,0.366,-2.5389,-332.6,2h,train,0.625,237
5.0,2.0,131,0.359,-3.6305,-475.59,2h,train,0.625,237
1.5,0.25,130,0.677,1.589,206.58,2h,train,0.65,237
1.5,0.5,130,0.577,0.2035,26.45,2h,train,0.65,237
1.5,0.75,130,0.562,-0.6739,-87.61,2h,train,0.65,237
1.5,1.0,130,0.492,-1.382,-179.67,2h,train,0.65,237
1.5,1.5,130,0.4,-2.5467,-331.07,2h,train,0.65,237
1.5,2.0,130,0.354,-3.5198,-457.57,2h,train,0.65,237
2.0,0.25,130,0.669,1.7332,225.32,2h,train,0.65,237
2.0,0.5,130,0.562,0.4653,60.49,2h,train,0.65,237
2.0,0.75,130,0.546,-0.5225,-67.93,2h,train,0.65,237
2.0,1.0,130,0.485,-1.2674,-164.76,2h,train,0.65,237
2.0,1.5,130,0.408,-2.4656,-320.53,2h,train,0.65,237
2.0,2.0,130,0.377,-3.4563,-449.32,2h,train,0.65,237
2.5,0.25,130,0.669,1.7118,222.53,2h,train,0.65,237
2.5,0.5,130,0.562,0.476,61.88,2h,train,0.65,237
2.5,0.75,130,0.538,-0.4994,-64.92,2h,train,0.65,237
2.5,1.0,130,0.485,-1.3464,-175.04,2h,train,0.65,237
2.5,1.5,130,0.4,-2.5719,-334.35,2h,train,0.65,237
2.5,2.0,130,0.377,-3.5756,-464.83,2h,train,0.65,237
3.0,0.25,130,0.662,1.6263,211.41,2h,train,0.65,237
3.0,0.5,130,0.554,0.4578,59.52,2h,train,0.65,237
3.0,0.75,130,0.531,-0.4886,-63.52,2h,train,0.65,237
3.0,1.0,130,0.477,-1.3199,-171.59,2h,train,0.65,237
3.0,1.5,130,0.392,-2.5282,-328.67,2h,train,0.65,237
3.0,2.0,130,0.369,-3.5224,-457.91,2h,train,0.65,237
3.5,0.25,130,0.662,1.8136,235.77,2h,train,0.65,237
3.5,0.5,130,0.531,0.4314,56.09,2h,train,0.65,237
3.5,0.75,130,0.5,-0.6248,-81.23,2h,train,0.65,237
3.5,1.0,130,0.462,-1.4924,-194.01,2h,train,0.65,237
3.5,1.5,130,0.369,-2.7423,-356.5,2h,train,0.65,237
3.5,2.0,130,0.354,-3.7609,-488.92,2h,train,0.65,237
4.0,0.25,130,0.662,2.0135,261.76,2h,train,0.65,237
4.0,0.5,130,0.531,0.656,85.28,2h,train,0.65,237
4.0,0.75,130,0.5,-0.3746,-48.7,2h,train,0.65,237
4.0,1.0,130,0.462,-1.2188,-158.45,2h,train,0.65,237
4.0,1.5,130,0.385,-2.5376,-329.89,2h,train,0.65,237
4.0,2.0,130,0.369,-3.599,-467.87,2h,train,0.65,237
4.5,0.25,130,0.654,1.9431,252.61,2h,train,0.65,237
4.5,0.5,130,0.531,0.6958,90.46,2h,train,0.65,237
4.5,0.75,130,0.492,-0.604,-78.52,2h,train,0.65,237
4.5,1.0,130,0.454,-1.4019,-182.25,2h,train,0.65,237
4.5,1.5,130,0.377,-2.6701,-347.12,2h,train,0.65,237
4.5,2.0,130,0.362,-3.7385,-486.0,2h,train,0.65,237
5.0,0.25,130,0.654,2.0174,262.27,2h,train,0.65,237
5.0,0.5,130,0.531,0.8792,114.3,2h,train,0.65,237
5.0,0.75,130,0.492,-0.3888,-50.55,2h,train,0.65,237
5.0,1.0,130,0.454,-1.162,-151.06,2h,train,0.65,237
5.0,1.5,130,0.377,-2.4871,-323.32,2h,train,0.65,237
5.0,2.0,130,0.362,-3.5684,-463.89,2h,train,0.65,237
1.5,0.25,129,0.674,1.5747,203.13,2h,train,0.675,237
1.5,0.5,129,0.574,0.1473,19.0,2h,train,0.675,237
1.5,0.75,129,0.566,-0.7412,-95.62,2h,train,0.675,237
1.5,1.0,129,0.512,-1.4545,-187.64,2h,train,0.675,237
1.5,1.5,129,0.395,-2.6237,-338.45,2h,train,0.675,237
1.5,2.0,129,0.357,-3.5983,-464.18,2h,train,0.675,237
2.0,0.25,129,0.667,1.7023,219.59,2h,train,0.675,237
2.0,0.5,129,0.566,0.4404,56.81,2h,train,0.675,237
2.0,0.75,129,0.558,-0.5432,-70.08,2h,train,0.675,237
2.0,1.0,129,0.504,-1.2877,-166.12,2h,train,0.675,237
2.0,1.5,129,0.411,-2.4845,-320.5,2h,train,0.675,237
2.0,2.0,129,0.372,-3.4734,-448.07,2h,train,0.675,237
2.5,0.25,129,0.667,1.6472,212.49,2h,train,0.675,237
2.5,0.5,129,0.558,0.3838,49.51,2h,train,0.675,237
2.5,0.75,129,0.543,-0.5875,-75.78,2h,train,0.675,237
2.5,1.0,129,0.488,-1.4333,-184.9,2h,train,0.675,237
2.5,1.5,129,0.403,-2.6572,-342.78,2h,train,0.675,237
2.5,2.0,129,0.364,-3.659,-472.01,2h,train,0.675,237
3.0,0.25,129,0.667,1.823,235.16,2h,train,0.675,237
3.0,0.5,129,0.558,0.6168,79.57,2h,train,0.675,237
3.0,0.75,129,0.543,-0.3381,-43.62,2h,train,0.675,237
3.0,1.0,129,0.488,-1.1753,-151.61,2h,train,0.675,237
3.0,1.5,129,0.403,-2.3898,-308.28,2h,train,0.675,237
3.0,2.0,129,0.372,-3.3863,-436.83,2h,train,0.675,237
3.5,0.25,129,0.659,1.6949,218.64,2h,train,0.675,237
3.5,0.5,129,0.55,0.5819,75.06,2h,train,0.675,237
3.5,0.75,129,0.527,-0.496,-63.99,2h,train,0.675,237
3.5,1.0,129,0.473,-1.3696,-176.68,2h,train,0.675,237
3.5,1.5,129,0.38,-2.6174,-337.65,2h,train,0.675,237
3.5,2.0,129,0.357,-3.6312,-468.43,2h,train,0.675,237
4.0,0.25,129,0.659,1.9664,253.66,2h,train,0.675,237
4.0,0.5,129,0.527,0.5683,73.31,2h,train,0.675,237
4.0,0.75,129,0.504,-0.4982,-64.27,2h,train,0.675,237
4.0,1.0,129,0.465,-1.3746,-177.33,2h,train,0.675,237
4.0,1.5,129,0.38,-2.6343,-339.83,2h,train,0.675,237
4.0,2.0,129,0.357,-3.6574,-471.8,2h,train,0.675,237
4.5,0.25,129,0.651,1.9382,250.03,2h,train,0.675,237
4.5,0.5,129,0.527,0.6009,77.51,2h,train,0.675,237
4.5,0.75,129,0.504,-0.434,-55.99,2h,train,0.675,237
4.5,1.0,129,0.465,-1.2912,-166.57,2h,train,0.675,237
4.5,1.5,129,0.388,-2.6202,-338.0,2h,train,0.675,237
4.5,2.0,129,0.364,-3.6883,-475.79,2h,train,0.675,237
5.0,0.25,129,0.651,2.0193,260.49,2h,train,0.675,237
5.0,0.5,129,0.527,0.8146,105.09,2h,train,0.675,237
5.0,0.75,129,0.496,-0.4607,-59.43,2h,train,0.675,237
5.0,1.0,129,0.457,-1.2427,-160.3,2h,train,0.675,237
5.0,1.5,129,0.38,-2.5688,-331.38,2h,train,0.675,237
5.0,2.0,129,0.357,-3.6512,-471.01,2h,train,0.675,237
1.5,0.25,128,0.68,1.6553,211.88,2h,train,0.7,237
1.5,0.5,128,0.57,0.3091,39.56,2h,train,0.7,237
1.5,0.75,128,0.562,-0.5682,-72.73,2h,train,0.7,237
1.5,1.0,128,0.523,-1.2768,-163.43,2h,train,0.7,237
1.5,1.5,128,0.406,-2.4418,-312.55,2h,train,0.7,237
1.5,2.0,128,0.359,-3.4148,-437.09,2h,train,0.7,237
2.0,0.25,128,0.672,1.719,220.03,2h,train,0.7,237
2.0,0.5,128,0.562,0.367,46.98,2h,train,0.7,237
2.0,0.75,128,0.555,-0.5186,-66.38,2h,train,0.7,237
2.0,1.0,128,0.516,-1.2318,-157.67,2h,train,0.7,237
2.0,1.5,128,0.406,-2.402,-307.46,2h,train,0.7,237
2.0,2.0,128,0.367,-3.378,-432.38,2h,train,0.7,237
2.5,0.25,128,0.672,1.7586,225.1,2h,train,0.7,237
2.5,0.5,128,0.555,0.561,71.81,2h,train,0.7,237
2.5,0.75,128,0.539,-0.399,-51.07,2h,train,0.7,237
2.5,1.0,128,0.5,-1.2416,-158.92,2h,train,0.7,237
2.5,1.5,128,0.406,-2.4638,-315.37,2h,train,0.7,237
2.5,2.0,128,0.367,-3.4652,-443.54,2h,train,0.7,237
3.0,0.25,128,0.672,1.9165,245.31,2h,train,0.7,237
3.0,0.5,128,0.555,0.7825,100.16,2h,train,0.7,237
3.0,0.75,128,0.539,-0.1578,-20.2,2h,train,0.7,237
3.0,1.0,128,0.5,-0.9897,-126.68,2h,train,0.7,237
3.0,1.5,128,0.414,-2.2002,-281.62,2h,train,0.7,237
3.0,2.0,128,0.383,-3.195,-408.96,2h,train,0.7,237
3.5,0.25,128,0.664,1.749,223.87,2h,train,0.7,237
3.5,0.5,128,0.547,0.589,75.39,2h,train,0.7,237
3.5,0.75,128,0.523,-0.3607,-46.17,2h,train,0.7,237
3.5,1.0,128,0.477,-1.198,-153.34,2h,train,0.7,237
3.5,1.5,128,0.391,-2.4148,-309.09,2h,train,0.7,237
3.5,2.0,128,0.375,-3.4134,-436.92,2h,train,0.7,237
4.0,0.25,128,0.664,2.0766,265.8,2h,train,0.7,237
4.0,0.5,128,0.531,0.7176,91.85,2h,train,0.7,237
4.0,0.75,128,0.5,-0.3387,-43.35,2h,train,0.7,237
4.0,1.0,128,0.469,-1.2114,-155.06,2h,train,0.7,237
4.0,1.5,128,0.383,-2.4686,-315.98,2h,train,0.7,237
4.0,2.0,128,0.359,-3.4907,-446.81,2h,train,0.7,237
4.5,0.25,128,0.656,2.02,258.56,2h,train,0.7,237
4.5,0.5,128,0.531,0.7333,93.86,2h,train,0.7,237
4.5,0.75,128,0.5,-0.2882,-36.89,2h,train,0.7,237
4.5,1.0,128,0.469,-1.1413,-146.08,2h,train,0.7,237
4.5,1.5,128,0.391,-2.465,-315.52,2h,train,0.7,237
4.5,2.0,128,0.367,-3.5332,-452.25,2h,train,0.7,237
5.0,0.25,128,0.656,2.0919,267.76,2h,train,0.7,237
5.0,0.5,128,0.531,0.8593,109.99,2h,train,0.7,237
5.0,0.75,128,0.492,-0.4358,-55.79,2h,train,0.7,237
5.0,1.0,128,0.461,-1.2303,-157.48,2h,train,0.7,237
5.0,1.5,128,0.383,-2.5698,-328.94,2h,train,0.7,237
5.0,2.0,128,0.359,-3.6628,-468.84,2h,train,0.7,237
1.5,0.25,66,0.697,1.6195,106.89,2h,validation,0.3,101
1.5,0.5,66,0.667,1.2978,85.65,2h,validation,0.3,101
1.5,0.75,66,0.636,0.4777,31.53,2h,validation,0.3,101
1.5,1.0,66,0.591,-0.2073,-13.68,2h,validation,0.3,101
1.5,1.5,66,0.545,-1.358,-89.63,2h,validation,0.3,101
1.5,2.0,66,0.515,-2.3799,-157.07,2h,validation,0.3,101
2.0,0.25,66,0.697,2.1149,139.59,2h,validation,0.3,101
2.0,0.5,66,0.682,2.2579,149.02,2h,validation,0.3,101
2.0,0.75,66,0.667,1.5765,104.05,2h,validation,0.3,101
2.0,1.0,66,0.606,0.9849,65.0,2h,validation,0.3,101
2.0,1.5,66,0.545,-0.1429,-9.43,2h,validation,0.3,101
2.0,2.0,66,0.515,-1.1796,-77.85,2h,validation,0.3,101
2.5,0.25,66,0.682,2.3776,156.92,2h,validation,0.3,101
2.5,0.5,66,0.652,1.7077,112.71,2h,validation,0.3,101
2.5,0.75,66,0.636,1.1072,73.07,2h,validation,0.3,101
2.5,1.0,66,0.591,0.6163,40.68,2h,validation,0.3,101
2.5,1.5,66,0.545,-0.3074,-20.29,2h,validation,0.3,101
2.5,2.0,66,0.515,-1.0824,-71.44,2h,validation,0.3,101
3.0,0.25,66,0.667,1.9518,128.82,2h,validation,0.3,101
3.0,0.5,66,0.636,1.5812,104.36,2h,validation,0.3,101
3.0,0.75,66,0.621,1.0823,71.43,2h,validation,0.3,101
3.0,1.0,66,0.576,0.639,42.17,2h,validation,0.3,101
3.0,1.5,66,0.53,-0.2365,-15.61,2h,validation,0.3,101
3.0,2.0,66,0.5,-0.9855,-65.04,2h,validation,0.3,101
3.5,0.25,66,0.667,2.0397,134.62,2h,validation,0.3,101
3.5,0.5,66,0.636,1.7392,114.79,2h,validation,0.3,101
3.5,0.75,66,0.621,1.2774,84.31,2h,validation,0.3,101
3.5,1.0,66,0.576,0.9406,62.08,2h,validation,0.3,101
3.5,1.5,66,0.53,-0.1969,-13.0,2h,validation,0.3,101
3.5,2.0,66,0.5,-1.0417,-68.75,2h,validation,0.3,101
4.0,0.25,66,0.667,2.3554,155.46,2h,validation,0.3,101
4.0,0.5,66,0.636,2.1321,140.72,2h,validation,0.3,101
4.0,0.75,66,0.606,1.6474,108.73,2h,validation,0.3,101
4.0,1.0,66,0.561,1.3126,86.63,2h,validation,0.3,101
4.0,1.5,66,0.53,0.1942,12.82,2h,validation,0.3,101
4.0,2.0,66,0.485,-0.6779,-44.74,2h,validation,0.3,101
4.5,0.25,66,0.652,2.1264,140.34,2h,validation,0.3,101
4.5,0.5,66,0.621,2.0152,133.01,2h,validation,0.3,101
4.5,0.75,66,0.591,1.5804,104.31,2h,validation,0.3,101
4.5,1.0,66,0.545,1.3248,87.43,2h,validation,0.3,101
4.5,1.5,66,0.515,0.4456,29.41,2h,validation,0.3,101
4.5,2.0,66,0.47,-0.3116,-20.57,2h,validation,0.3,101
5.0,0.25,66,0.652,2.5974,171.43,2h,validation,0.3,101
5.0,0.5,66,0.606,2.7996,184.78,2h,validation,0.3,101
5.0,0.75,66,0.591,2.3897,157.72,2h,validation,0.3,101
5.0,1.0,66,0.545,2.1687,143.14,2h,validation,0.3,101
5.0,1.5,66,0.515,1.3391,88.38,2h,validation,0.3,101
5.0,2.0,66,0.455,0.6134,40.48,2h,validation,0.3,101
1.5,0.25,65,0.708,1.3797,89.68,2h,validation,0.325,101
1.5,0.5,65,0.662,0.9537,61.99,2h,validation,0.325,101
1.5,0.75,65,0.631,0.025,1.63,2h,validation,0.325,101
1.5,1.0,65,0.585,-0.7552,-49.09,2h,validation,0.325,101
1.5,1.5,65,0.538,-2.0469,-133.05,2h,validation,0.325,101
1.5,2.0,65,0.508,-3.1469,-204.55,2h,validation,0.325,101
2.0,0.25,65,0.708,1.8862,122.6,2h,validation,0.325,101
2.0,0.5,65,0.677,1.722,111.93,2h,validation,0.325,101
2.0,0.75,65,0.662,0.9079,59.01,2h,validation,0.325,101
2.0,1.0,65,0.6,0.1893,12.31,2h,validation,0.325,101
2.0,1.5,65,0.538,-1.1221,-72.94,2h,validation,0.325,101
2.0,2.0,65,0.508,-2.2638,-147.15,2h,validation,0.325,101
2.5,0.25,65,0.692,2.0316,132.06,2h,validation,0.325,101
2.5,0.5,65,0.646,1.0798,70.19,2h,validation,0.325,101
2.5,0.75,65,0.631,0.3418,22.22,2h,validation,0.325,101
2.5,1.0,65,0.569,-0.2613,-16.98,2h,validation,0.325,101
2.5,1.5,65,0.523,-1.3595,-88.36,2h,validation,0.325,101
2.5,2.0,65,0.492,-2.2774,-148.03,2h,validation,0.325,101
3.0,0.25,65,0.677,1.7799,115.69,2h,validation,0.325,101
3.0,0.5,65,0.631,1.1988,77.92,2h,validation,0.325,101
3.0,0.75,65,0.615,0.6202,40.32,2h,validation,0.325,101
3.0,1.0,65,0.569,0.0885,5.75,2h,validation,0.325,101
3.0,1.5,65,0.523,-0.9452,-61.44,2h,validation,0.325,101
3.0,2.0,65,0.492,-1.8316,-119.06,2h,validation,0.325,101
3.5,0.25,65,0.677,1.8266,118.73,2h,validation,0.325,101
3.5,0.5,65,0.631,1.3086,85.06,2h,validation,0.325,101
3.5,0.75,65,0.615,0.7701,50.06,2h,validation,0.325,101
3.5,1.0,65,0.569,0.3282,21.33,2h,validation,0.325,101
3.5,1.5,65,0.523,-0.9766,-63.48,2h,validation,0.325,101
3.5,2.0,65,0.492,-1.961,-127.47,2h,validation,0.325,101
4.0,0.25,65,0.677,2.1837,141.94,2h,validation,0.325,101
4.0,0.5,65,0.631,1.7533,113.96,2h,validation,0.325,101
4.0,0.75,65,0.6,1.1885,77.25,2h,validation,0.325,101
4.0,1.0,65,0.554,0.763,49.6,2h,validation,0.325,101
4.0,1.5,65,0.523,-0.5328,-34.63,2h,validation,0.325,101
4.0,2.0,65,0.477,-1.5234,-99.02,2h,validation,0.325,101
4.5,0.25,65,0.662,1.9535,126.98,2h,validation,0.325,101
4.5,0.5,65,0.615,1.4285,92.85,2h,validation,0.325,101
4.5,0.75,65,0.585,0.8248,53.61,2h,validation,0.325,101
4.5,1.0,65,0.538,0.431,28.02,2h,validation,0.325,101
4.5,1.5,65,0.508,-0.6576,-42.74,2h,validation,0.325,101
4.5,2.0,65,0.462,-1.5883,-103.24,2h,validation,0.325,101
5.0,0.25,65,0.662,2.4289,157.88,2h,validation,0.325,101
5.0,0.5,65,0.6,2.4264,157.72,2h,validation,0.325,101
5.0,0.75,65,0.585,1.9383,125.99,2h,validation,0.325,101
5.0,1.0,65,0.538,1.6294,105.91,2h,validation,0.325,101
5.0,1.5,65,0.508,0.6512,42.33,2h,validation,0.325,101
5.0,2.0,65,0.446,-0.2112,-13.73,2h,validation,0.325,101
1.5,0.25,65,0.692,1.2984,84.39,2h,validation,0.35,101
1.5,0.5,65,0.646,0.7945,51.64,2h,validation,0.35,101
1.5,0.75,65,0.631,-0.086,-5.59,2h,validation,0.35,101
1.5,1.0,65,0.585,-0.8279,-53.81,2h,validation,0.35,101
1.5,1.5,65,0.538,-2.0786,-135.11,2h,validation,0.35,101
1.5,2.0,65,0.508,-3.156,-205.14,2h,validation,0.35,101
2.0,0.25,65,0.692,1.7399,113.09,2h,validation,0.35,101
2.0,0.5,65,0.662,1.4444,93.89,2h,validation,0.35,101
2.0,0.75,65,0.646,0.7409,48.16,2h,validation,0.35,101
2.0,1.0,65,0.6,0.0919,5.98,2h,validation,0.35,101
2.0,1.5,65,0.554,-1.1242,-73.07,2h,validation,0.35,101
2.0,2.0,65,0.523,-2.2146,-143.95,2h,validation,0.35,101
2.5,0.25,65,0.677,1.9978,129.86,2h,validation,0.35,101
2.5,0.5,65,0.631,1.1103,72.17,2h,validation,0.35,101
2.5,0.75,65,0.615,0.4002,26.01,2h,validation,0.35,101
2.5,1.0,65,0.569,-0.2077,-13.5,2h,validation,0.35,101
2.5,1.5,65,0.523,-1.318,-85.67,2h,validation,0.35,101
2.5,2.0,65,0.492,-2.3448,-152.41,2h,validation,0.35,101
3.0,0.25,65,0.662,1.6868,109.64,2h,validation,0.35,101
3.0,0.5,65,0.615,1.152,74.88,2h,validation,0.35,101
3.0,0.75,65,0.6,0.5982,38.88,2h,validation,0.35,101
3.0,1.0,65,0.569,0.061,3.97,2h,validation,0.35,101
3.0,1.5,65,0.523,-0.9454,-61.45,2h,validation,0.35,101
3.0,2.0,65,0.492,-1.8269,-118.75,2h,validation,0.35,101
3.5,0.25,65,0.662,1.7906,116.39,2h,validation,0.35,101
3.5,0.5,65,0.615,1.3332,86.66,2h,validation,0.35,101
3.5,0.75,65,0.6,0.8271,53.76,2h,validation,0.35,101
3.5,1.0,65,0.569,0.3773,24.52,2h,validation,0.35,101
3.5,1.5,65,0.523,-0.8934,-58.07,2h,validation,0.35,101
3.5,2.0,65,0.492,-1.8615,-121.0,2h,validation,0.35,101
4.0,0.25,65,0.662,1.9933,129.57,2h,validation,0.35,101
4.0,0.5,65,0.615,1.5655,101.75,2h,validation,0.35,101
4.0,0.75,65,0.585,1.1004,71.53,2h,validation,0.35,101
4.0,1.0,65,0.554,0.6951,45.18,2h,validation,0.35,101
4.0,1.5,65,0.523,-0.5373,-34.92,2h,validation,0.35,101
4.0,2.0,65,0.477,-1.4958,-97.23,2h,validation,0.35,101
4.5,0.25,65,0.646,1.8609,120.96,2h,validation,0.35,101
4.5,0.5,65,0.6,1.4241,92.57,2h,validation,0.35,101
4.5,0.75,65,0.569,0.861,55.97,2h,validation,0.35,101
4.5,1.0,65,0.538,0.4887,31.76,2h,validation,0.35,101
4.5,1.5,65,0.508,-0.5694,-37.01,2h,validation,0.35,101
4.5,2.0,65,0.462,-1.4942,-97.12,2h,validation,0.35,101
5.0,0.25,65,0.646,2.4862,161.6,2h,validation,0.35,101
5.0,0.5,65,0.6,2.5775,167.54,2h,validation,0.35,101
5.0,0.75,65,0.585,2.0978,136.36,2h,validation,0.35,101
5.0,1.0,65,0.554,1.7943,116.63,2h,validation,0.35,101
5.0,1.5,65,0.523,0.8316,54.05,2h,validation,0.35,101
5.0,2.0,65,0.462,-0.0323,-2.1,2h,validation,0.35,101
1.5,0.25,65,0.692,1.3619,88.52,2h,validation,0.375,101
1.5,0.5,65,0.662,0.8503,55.27,2h,validation,0.375,101
1.5,0.75,65,0.631,-0.006,-0.39,2h,validation,0.375,101
1.5,1.0,65,0.585,-0.7341,-47.72,2h,validation,0.375,101
1.5,1.5,65,0.538,-1.9691,-127.99,2h,validation,0.375,101
1.5,2.0,65,0.508,-3.0376,-197.44,2h,validation,0.375,101
2.0,0.25,65,0.692,1.6844,109.48,2h,validation,0.375,101
2.0,0.5,65,0.677,1.3338,86.7,2h,validation,0.375,101
2.0,0.75,65,0.646,0.6271,40.76,2h,validation,0.375,101
2.0,1.0,65,0.585,-0.0184,-1.2,2h,validation,0.375,101
2.0,1.5,65,0.538,-1.2262,-79.7,2h,validation,0.375,101
2.0,2.0,65,0.508,-2.3105,-150.18,2h,validation,0.375,101
2.5,0.25,65,0.677,2.0493,133.21,2h,validation,0.375,101
2.5,0.5,65,0.662,2.0244,131.59,2h,validation,0.375,101
2.5,0.75,65,0.631,1.2344,80.24,2h,validation,0.375,101
2.5,1.0,65,0.585,0.5532,35.96,2h,validation,0.375,101
2.5,1.5,65,0.538,-0.6771,-44.01,2h,validation,0.375,101
2.5,2.0,65,0.508,-1.7692,-115.0,2h,validation,0.375,101
3.0,0.25,65,0.662,1.6749,108.87,2h,validation,0.375,101
3.0,0.5,65,0.631,1.1064,71.91,2h,validation,0.375,101
3.0,0.75,65,0.6,0.5318,34.57,2h,validation,0.375,101
3.0,1.0,65,0.569,-0.0105,-0.68,2h,validation,0.375,101
3.0,1.5,65,0.523,-1.0202,-66.31,2h,validation,0.375,101
3.0,2.0,65,0.492,-1.9026,-123.67,2h,validation,0.375,101
3.5,0.25,65,0.662,1.7951,116.68,2h,validation,0.375,101
3.5,0.5,65,0.631,1.31,85.15,2h,validation,0.375,101
3.5,0.75,65,0.6,0.7703,50.07,2h,validation,0.375,101
3.5,1.0,65,0.569,0.3066,19.93,2h,validation,0.375,101
3.5,1.5,65,0.523,-0.9677,-62.9,2h,validation,0.375,101
3.5,2.0,65,0.492,-1.956,-127.14,2h,validation,0.375,101
4.0,0.25,65,0.662,2.0399,132.59,2h,validation,0.375,101
4.0,0.5,65,0.631,1.6466,107.03,2h,validation,0.375,101
4.0,0.75,65,0.585,1.1768,76.49,2h,validation,0.375,101
4.0,1.0,65,0.554,0.7739,50.3,2h,validation,0.375,101
4.0,1.5,65,0.523,-0.4433,-28.81,2h,validation,0.375,101
4.0,2.0,65,0.477,-1.399,-90.93,2h,validation,0.375,101
4.5,0.25,65,0.646,1.9079,124.01,2h,validation,0.375,101
4.5,0.5,65,0.615,1.5069,97.95,2h,validation,0.375,101
4.5,0.75,65,0.569,0.9306,60.49,2h,validation,0.375,101
4.5,1.0,65,0.538,0.48,31.2,2h,validation,0.375,101
4.5,1.5,65,0.508,-0.7636,-49.63,2h,validation,0.375,101
4.5,2.0,65,0.462,-1.7688,-114.97,2h,validation,0.375,101
5.0,0.25,65,0.646,2.2919,148.98,2h,validation,0.375,101
5.0,0.5,65,0.615,2.2087,143.57,2h,validation,0.375,101
5.0,0.75,65,0.585,1.593,103.55,2h,validation,0.375,101
5.0,1.0,65,0.554,1.2032,78.21,2h,validation,0.375,101
5.0,1.5,65,0.523,0.1489,9.68,2h,validation,0.375,101
5.0,2.0,65,0.462,-0.7754,-50.4,2h,validation,0.375,101
1.5,0.25,65,0.708,1.51,98.15,2h,validation,0.4,101
1.5,0.5,65,0.677,1.0151,65.98,2h,validation,0.4,101
1.5,0.75,65,0.631,0.161,10.47,2h,validation,0.4,101
1.5,1.0,65,0.585,-0.5629,-36.59,2h,validation,0.4,101
1.5,1.5,65,0.554,-1.7916,-116.46,2h,validation,0.4,101
1.5,2.0,65,0.508,-2.8564,-185.67,2h,validation,0.4,101
2.0,0.25,65,0.708,1.7372,112.92,2h,validation,0.4,101
2.0,0.5,65,0.692,1.3095,85.12,2h,validation,0.4,101
2.0,0.75,65,0.646,0.5344,34.74,2h,validation,0.4,101
2.0,1.0,65,0.585,-0.1632,-10.61,2h,validation,0.4,101
2.0,1.5,65,0.554,-1.4198,-92.29,2h,validation,0.4,101
2.0,2.0,65,0.508,-2.51,-163.15,2h,validation,0.4,101
2.5,0.25,65,0.708,2.2543,146.53,2h,validation,0.4,101
2.5,0.5,65,0.692,2.2786,148.11,2h,validation,0.4,101
2.5,0.75,65,0.646,1.5031,97.7,2h,validation,0.4,101
2.5,1.0,65,0.6,0.8326,54.12,2h,validation,0.4,101
2.5,1.5,65,0.554,-0.3825,-24.86,2h,validation,0.4,101
2.5,2.0,65,0.508,-1.4648,-95.21,2h,validation,0.4,101
3.0,0.25,65,0.677,1.7466,113.53,2h,validation,0.4,101
3.0,0.5,65,0.646,1.2462,81.0,2h,validation,0.4,101
3.0,0.75,65,0.6,0.6785,44.1,2h,validation,0.4,101
3.0,1.0,65,0.569,0.1459,9.48,2h,validation,0.4,101
3.0,1.5,65,0.523,-0.8514,-55.34,2h,validation,0.4,101
3.0,2.0,65,0.492,-1.726,-112.19,2h,validation,0.4,101
3.5,0.25,65,0.677,1.9303,125.47,2h,validation,0.4,101
3.5,0.5,65,0.646,1.474,95.81,2h,validation,0.4,101
3.5,0.75,65,0.6,0.9138,59.4,2h,validation,0.4,101
3.5,1.0,65,0.569,0.3841,24.97,2h,validation,0.4,101
3.5,1.5,65,0.523,-0.6107,-39.7,2h,validation,0.4,101
3.5,2.0,65,0.492,-1.4845,-96.49,2h,validation,0.4,101
4.0,0.25,65,0.677,2.1411,139.17,2h,validation,0.4,101
4.0,0.5,65,0.646,1.669,108.48,2h,validation,0.4,101
4.0,0.75,65,0.585,1.0955,71.21,2h,validation,0.4,101
4.0,1.0,65,0.554,0.6221,40.43,2h,validation,0.4,101
4.0,1.5,65,0.523,-0.6503,-42.27,2h,validation,0.4,101
4.0,2.0,65,0.477,-1.6308,-106.0,2h,validation,0.4,101
4.5,0.25,65,0.677,2.3168,150.59,2h,validation,0.4,101
4.5,0.5,65,0.646,2.0141,130.92,2h,validation,0.4,101
4.5,0.75,65,0.585,1.4704,95.58,2h,validation,0.4,101
4.5,1.0,65,0.554,1.0408,67.65,2h,validation,0.4,101
4.5,1.5,65,0.523,-0.1908,-12.4,2h,validation,0.4,101
4.5,2.0,65,0.477,-1.1596,-75.38,2h,validation,0.4,101
5.0,0.25,65,0.662,2.413,156.85,2h,validation,0.4,101
5.0,0.5,65,0.631,2.1479,139.61,2h,validation,0.4,101
5.0,0.75,65,0.585,1.6141,104.92,2h,validation,0.4,101
5.0,1.0,65,0.554,1.2656,82.26,2h,validation,0.4,101
5.0,1.5,65,0.523,0.2617,17.01,2h,validation,0.4,101
5.0,2.0,65,0.477,-0.6403,-41.62,2h,validation,0.4,101
1.5,0.25,65,0.723,1.6566,107.68,2h,validation,0.425,101
1.5,0.5,65,0.677,1.1707,76.09,2h,validation,0.425,101
1.5,0.75,65,0.631,0.2765,17.97,2h,validation,0.425,101
1.5,1.0,65,0.585,-0.4713,-30.64,2h,validation,0.425,101
1.5,1.5,65,0.554,-1.7197,-111.78,2h,validation,0.425,101
1.5,2.0,65,0.508,-2.7934,-181.57,2h,validation,0.425,101
2.0,0.25,65,0.723,1.8821,122.34,2h,validation,0.425,101
2.0,0.5,65,0.692,1.4315,93.05,2h,validation,0.425,101
2.0,0.75,65,0.646,0.5139,33.4,2h,validation,0.425,101
2.0,1.0,65,0.585,-0.2373,-15.42,2h,validation,0.425,101
2.0,1.5,65,0.554,-1.4913,-96.94,2h,validation,0.425,101
2.0,2.0,65,0.508,-2.5693,-167.0,2h,validation,0.425,101
2.5,0.25,65,0.723,2.237,145.41,2h,validation,0.425,101
2.5,0.5,65,0.692,2.2679,147.42,2h,validation,0.425,101
2.5,0.75,65,0.646,1.5162,98.55,2h,validation,0.425,101
2.5,1.0,65,0.6,0.8598,55.89,2h,validation,0.425,101
2.5,1.5,65,0.554,-0.3362,-21.86,2h,validation,0.425,101
2.5,2.0,65,0.508,-1.4067,-91.44,2h,validation,0.425,101
3.0,0.25,65,0.708,2.4939,162.11,2h,validation,0.425,101
3.0,0.5,65,0.662,1.7405,113.13,2h,validation,0.425,101
3.0,0.75,65,0.615,1.031,67.02,2h,validation,0.425,101
3.0,1.0,65,0.585,0.4354,28.3,2h,validation,0.425,101
3.0,1.5,65,0.538,-0.6166,-40.08,2h,validation,0.425,101
3.0,2.0,65,0.508,-1.5169,-98.6,2h,validation,0.425,101
3.5,0.25,65,0.692,2.0644,134.19,2h,validation,0.425,101
3.5,0.5,65,0.646,1.6317,106.06,2h,validation,0.425,101
3.5,0.75,65,0.6,1.0707,69.59,2h,validation,0.425,101
3.5,1.0,65,0.569,0.5436,35.34,2h,validation,0.425,101
3.5,1.5,65,0.523,-0.4465,-29.02,2h,validation,0.425,101
3.5,2.0,65,0.492,-1.3171,-85.61,2h,validation,0.425,101
4.0,0.25,65,0.692,2.115,137.48,2h,validation,0.425,101
4.0,0.5,65,0.646,1.7126,111.32,2h,validation,0.425,101
4.0,0.75,65,0.585,1.1843,76.98,2h,validation,0.425,101
4.0,1.0,65,0.554,0.7342,47.72,2h,validation,0.425,101
4.0,1.5,65,0.523,-0.502,-32.63,2h,validation,0.425,101
4.0,2.0,65,0.492,-1.4675,-95.39,2h,validation,0.425,101
4.5,0.25,65,0.692,2.4453,158.94,2h,validation,0.425,101
4.5,0.5,65,0.646,2.167,140.86,2h,validation,0.425,101
4.5,0.75,65,0.585,1.6217,105.41,2h,validation,0.425,101
4.5,1.0,65,0.554,1.1936,77.59,2h,validation,0.425,101
4.5,1.5,65,0.523,-0.0241,-1.57,2h,validation,0.425,101
4.5,2.0,65,0.477,-0.9905,-64.38,2h,validation,0.425,101
5.0,0.25,65,0.677,2.2245,144.59,2h,validation,0.425,101
5.0,0.5,65,0.631,1.8506,120.29,2h,validation,0.425,101
5.0,0.75,65,0.569,1.2563,81.66,2h,validation,0.425,101
5.0,1.0,65,0.538,0.8501,55.26,2h,validation,0.425,101
5.0,1.5,65,0.508,-0.2187,-14.21,2h,validation,0.425,101
5.0,2.0,65,0.462,-1.1641,-75.67,2h,validation,0.425,101
1.5,0.25,65,0.723,1.1519,74.87,2h,validation,0.45,101
1.5,0.5,65,0.662,0.6712,43.63,2h,validation,0.45,101
1.5,0.75,65,0.646,-0.188,-12.22,2h,validation,0.45,101
1.5,1.0,65,0.585,-0.9116,-59.26,2h,validation,0.45,101
1.5,1.5,65,0.554,-2.1251,-138.13,2h,validation,0.45,101
1.5,2.0,65,0.508,-3.176,-206.44,2h,validation,0.45,101
2.0,0.25,65,0.723,1.2304,79.98,2h,validation,0.45,101
2.0,0.5,65,0.662,0.8864,57.62,2h,validation,0.45,101
2.0,0.75,65,0.646,0.0353,2.3,2h,validation,0.45,101
2.0,1.0,65,0.569,-0.6843,-44.48,2h,validation,0.45,101
2.0,1.5,65,0.538,-1.8996,-123.47,2h,validation,0.45,101
2.0,2.0,65,0.492,-2.9539,-192.0,2h,validation,0.45,101
2.5,0.25,65,0.723,1.5776,102.54,2h,validation,0.45,101
2.5,0.5,65,0.677,1.4852,96.54,2h,validation,0.45,101
2.5,0.75,65,0.662,0.7613,49.48,2h,validation,0.45,101
2.5,1.0,65,0.6,0.1221,7.94,2h,validation,0.45,101
2.5,1.5,65,0.554,-1.0575,-68.74,2h,validation,0.45,101
2.5,2.0,65,0.508,-2.1194,-137.76,2h,validation,0.45,101
3.0,0.25,65,0.723,1.8135,117.88,2h,validation,0.45,101
3.0,0.5,65,0.662,1.9102,124.16,2h,validation,0.45,101
3.0,0.75,65,0.646,1.3125,85.32,2h,validation,0.45,101
3.0,1.0,65,0.585,0.7777,50.55,2h,validation,0.45,101
3.0,1.5,65,0.538,-0.2348,-15.26,2h,validation,0.45,101
3.0,2.0,65,0.508,-1.1949,-77.67,2h,validation,0.45,101
3.5,0.25,65,0.708,1.3846,90.0,2h,validation,0.45,101
3.5,0.5,65,0.631,1.0182,66.19,2h,validation,0.45,101
3.5,0.75,65,0.615,0.4988,32.42,2h,validation,0.45,101
3.5,1.0,65,0.554,-0.0071,-0.46,2h,validation,0.45,101
3.5,1.5,65,0.508,-0.9698,-63.04,2h,validation,0.45,101
3.5,2.0,65,0.477,-1.823,-118.5,2h,validation,0.45,101
4.0,0.25,65,0.708,1.4345,93.24,2h,validation,0.45,101
4.0,0.5,65,0.631,1.0981,71.38,2h,validation,0.45,101
4.0,0.75,65,0.6,0.6027,39.17,2h,validation,0.45,101
4.0,1.0,65,0.538,0.1374,8.93,2h,validation,0.45,101
4.0,1.5,65,0.508,-0.8114,-52.74,2h,validation,0.45,101
4.0,2.0,65,0.477,-1.6593,-107.86,2h,validation,0.45,101
4.5,0.25,65,0.708,1.5907,103.4,2h,validation,0.45,101
4.5,0.5,65,0.631,1.2107,78.7,2h,validation,0.45,101
4.5,0.75,65,0.6,0.6769,44.0,2h,validation,0.45,101
4.5,1.0,65,0.538,0.2419,15.72,2h,validation,0.45,101
4.5,1.5,65,0.508,-0.9628,-62.58,2h,validation,0.45,101
4.5,2.0,65,0.462,-1.9228,-124.98,2h,validation,0.45,101
5.0,0.25,65,0.692,1.5185,98.7,2h,validation,0.45,101
5.0,0.5,65,0.615,1.2496,81.22,2h,validation,0.45,101
5.0,0.75,65,0.585,0.801,52.06,2h,validation,0.45,101
5.0,1.0,65,0.523,0.4158,27.03,2h,validation,0.45,101
5.0,1.5,65,0.492,-0.7193,-46.75,2h,validation,0.45,101
5.0,2.0,65,0.446,-1.6788,-109.12,2h,validation,0.45,101
1.5,0.25,64,0.734,0.8465,54.18,2h,validation,0.475,101
1.5,0.5,64,0.656,0.3728,23.86,2h,validation,0.475,101
1.5,0.75,64,0.641,-0.46,-29.44,2h,validation,0.475,101
1.5,1.0,64,0.594,-1.174,-75.13,2h,validation,0.475,101
1.5,1.5,64,0.562,-2.3712,-151.76,2h,validation,0.475,101
1.5,2.0,64,0.484,-3.4099,-218.23,2h,validation,0.475,101
2.0,0.25,64,0.734,0.9304,59.55,2h,validation,0.475,101
2.0,0.5,64,0.656,0.5311,33.99,2h,validation,0.475,101
2.0,0.75,64,0.641,-0.2603,-16.66,2h,validation,0.475,101
2.0,1.0,64,0.578,-0.9558,-61.17,2h,validation,0.475,101
2.0,1.5,64,0.547,-2.141,-137.03,2h,validation,0.475,101
2.0,2.0,64,0.5,-3.1759,-203.26,2h,validation,0.475,101
2.5,0.25,64,0.734,1.3361,85.51,2h,validation,0.475,101
2.5,0.5,64,0.672,1.0835,69.35,2h,validation,0.475,101
2.5,0.75,64,0.656,0.4551,29.13,2h,validation,0.475,101
2.5,1.0,64,0.594,-0.1648,-10.55,2h,validation,0.475,101
2.5,1.5,64,0.562,-1.381,-88.38,2h,validation,0.475,101
2.5,2.0,64,0.516,-2.4485,-156.7,2h,validation,0.475,101
3.0,0.25,64,0.734,1.5706,100.52,2h,validation,0.475,101
3.0,0.5,64,0.656,1.5747,100.78,2h,validation,0.475,101
3.0,0.75,64,0.641,0.8595,55.01,2h,validation,0.475,101
3.0,1.0,64,0.578,0.2177,13.93,2h,validation,0.475,101
3.0,1.5,64,0.531,-0.9498,-60.79,2h,validation,0.475,101
3.0,2.0,64,0.5,-1.998,-127.87,2h,validation,0.475,101
3.5,0.25,64,0.719,1.0212,65.36,2h,validation,0.475,101
3.5,0.5,64,0.641,1.2565,80.42,2h,validation,0.475,101
3.5,0.75,64,0.625,0.7894,50.52,2h,validation,0.475,101
3.5,1.0,64,0.562,0.3166,20.26,2h,validation,0.475,101
3.5,1.5,64,0.516,-0.6019,-38.52,2h,validation,0.475,101
3.5,2.0,64,0.484,-1.4245,-91.17,2h,validation,0.475,101
4.0,0.25,64,0.719,1.1433,73.17,2h,validation,0.475,101
4.0,0.5,64,0.641,1.4326,91.68,2h,validation,0.475,101
4.0,0.75,64,0.609,0.9776,62.57,2h,validation,0.475,101
4.0,1.0,64,0.547,0.5105,32.67,2h,validation,0.475,101
4.0,1.5,64,0.516,-0.4026,-25.76,2h,validation,0.475,101
4.0,2.0,64,0.484,-1.2227,-78.25,2h,validation,0.475,101
4.5,0.25,64,0.719,1.3425,85.92,2h,validation,0.475,101
4.5,0.5,64,0.641,1.6515,105.7,2h,validation,0.475,101
4.5,0.75,64,0.609,1.1915,76.25,2h,validation,0.475,101
4.5,1.0,64,0.547,0.7832,50.13,2h,validation,0.475,101
4.5,1.5,64,0.516,-0.3808,-24.37,2h,validation,0.475,101
4.5,2.0,64,0.469,-1.3096,-83.81,2h,validation,0.475,101
5.0,0.25,64,0.719,1.5521,99.33,2h,validation,0.475,101
5.0,0.5,64,0.641,2.0067,128.43,2h,validation,0.475,101
5.0,0.75,64,0.609,1.6445,105.25,2h,validation,0.475,101
5.0,1.0,64,0.547,1.3086,83.75,2h,validation,0.475,101
5.0,1.5,64,0.516,0.216,13.82,2h,validation,0.475,101
5.0,2.0,64,0.469,-0.6849,-43.83,2h,validation,0.475,101
1.5,0.25,64,0.75,0.8756,56.04,2h,validation,0.5,101
1.5,0.5,64,0.672,0.3692,23.63,2h,validation,0.5,101
1.5,0.75,64,0.641,-0.4424,-28.31,2h,validation,0.5,101
1.5,1.0,64,0.609,-1.1516,-73.7,2h,validation,0.5,101
1.5,1.5,64,0.578,-2.3419,-149.88,2h,validation,0.5,101
1.5,2.0,64,0.484,-3.3761,-216.07,2h,validation,0.5,101
2.0,0.25,64,0.75,1.0737,68.72,2h,validation,0.5,101
2.0,0.5,64,0.672,0.6397,40.94,2h,validation,0.5,101
2.0,0.75,64,0.641,-0.1135,-7.26,2h,validation,0.5,101
2.0,1.0,64,0.594,-0.7961,-50.95,2h,validation,0.5,101
2.0,1.5,64,0.562,-1.9664,-125.85,2h,validation,0.5,101
2.0,2.0,64,0.5,-2.9929,-191.55,2h,validation,0.5,101
2.5,0.25,64,0.75,1.3854,88.66,2h,validation,0.5,101
2.5,0.5,64,0.688,1.1086,70.95,2h,validation,0.5,101
2.5,0.75,64,0.656,0.4987,31.91,2h,validation,0.5,101
2.5,1.0,64,0.594,-0.1155,-7.39,2h,validation,0.5,101
2.5,1.5,64,0.562,-1.322,-84.61,2h,validation,0.5,101
2.5,2.0,64,0.5,-2.3842,-152.59,2h,validation,0.5,101
3.0,0.25,64,0.75,1.7634,112.86,2h,validation,0.5,101
3.0,0.5,64,0.688,1.8037,115.43,2h,validation,0.5,101
3.0,0.75,64,0.656,1.1202,71.69,2h,validation,0.5,101
3.0,1.0,64,0.609,0.4899,31.36,2h,validation,0.5,101
3.0,1.5,64,0.578,-0.6622,-42.38,2h,validation,0.5,101
3.0,2.0,64,0.5,-1.7005,-108.83,2h,validation,0.5,101
3.5,0.25,64,0.734,1.157,74.05,2h,validation,0.5,101
3.5,0.5,64,0.656,1.1993,76.75,2h,validation,0.5,101
3.5,0.75,64,0.625,0.6198,39.67,2h,validation,0.5,101
3.5,1.0,64,0.578,0.0894,5.72,2h,validation,0.5,101
3.5,1.5,64,0.547,-0.88,-56.32,2h,validation,0.5,101
3.5,2.0,64,0.484,-1.7266,-110.5,2h,validation,0.5,101
4.0,0.25,64,0.734,1.2775,81.76,2h,validation,0.5,101
4.0,0.5,64,0.656,1.5598,99.83,2h,validation,0.5,101
4.0,0.75,64,0.609,1.1198,71.66,2h,validation,0.5,101
4.0,1.0,64,0.562,0.6569,42.04,2h,validation,0.5,101
4.0,1.5,64,0.547,-0.2502,-16.01,2h,validation,0.5,101
4.0,2.0,64,0.484,-1.0664,-68.25,2h,validation,0.5,101
4.5,0.25,64,0.734,1.4374,91.99,2h,validation,0.5,101
4.5,0.5,64,0.656,1.7296,110.7,2h,validation,0.5,101
4.5,0.75,64,0.609,1.286,82.31,2h,validation,0.5,101
4.5,1.0,64,0.562,0.8832,56.52,2h,validation,0.5,101
4.5,1.5,64,0.547,-0.2633,-16.85,2h,validation,0.5,101
4.5,2.0,64,0.469,-1.187,-75.97,2h,validation,0.5,101
5.0,0.25,64,0.734,1.6266,104.1,2h,validation,0.5,101
5.0,0.5,64,0.656,2.1009,134.46,2h,validation,0.5,101
5.0,0.75,64,0.609,1.7618,112.76,2h,validation,0.5,101
5.0,1.0,64,0.562,1.4339,91.77,2h,validation,0.5,101
5.0,1.5,64,0.547,0.3618,23.16,2h,validation,0.5,101
5.0,2.0,64,0.469,-0.5326,-34.09,2h,validation,0.5,101
1.5,0.25,64,0.766,1.1525,73.76,2h,validation,0.525,101
1.5,0.5,64,0.688,0.6392,40.91,2h,validation,0.525,101
1.5,0.75,64,0.656,-0.1512,-9.68,2h,validation,0.525,101
1.5,1.0,64,0.641,-0.8547,-54.7,2h,validation,0.525,101
1.5,1.5,64,0.594,-2.0368,-130.36,2h,validation,0.525,101
1.5,2.0,64,0.484,-3.0659,-196.22,2h,validation,0.525,101
2.0,0.25,64,0.766,1.3438,86.0,2h,validation,0.525,101
2.0,0.5,64,0.688,0.9005,57.63,2h,validation,0.525,101
2.0,0.75,64,0.656,0.1291,8.26,2h,validation,0.525,101
2.0,1.0,64,0.641,-0.5752,-36.81,2h,validation,0.525,101
2.0,1.5,64,0.578,-1.7638,-112.88,2h,validation,0.525,101
2.0,2.0,64,0.5,-2.7985,-179.1,2h,validation,0.525,101
2.5,0.25,64,0.766,1.5662,100.24,2h,validation,0.525,101
2.5,0.5,64,0.703,1.1587,74.16,2h,validation,0.525,101
2.5,0.75,64,0.672,0.3574,22.88,2h,validation,0.525,101
2.5,1.0,64,0.641,-0.3498,-22.39,2h,validation,0.525,101
2.5,1.5,64,0.578,-1.5421,-98.69,2h,validation,0.525,101
2.5,2.0,64,0.5,-2.5796,-165.09,2h,validation,0.525,101
3.0,0.25,64,0.766,1.7396,111.34,2h,validation,0.525,101
3.0,0.5,64,0.703,1.5474,99.03,2h,validation,0.525,101
3.0,0.75,64,0.672,0.8579,54.91,2h,validation,0.525,101
3.0,1.0,64,0.641,0.2296,14.7,2h,validation,0.525,101
3.0,1.5,64,0.594,-0.9242,-59.15,2h,validation,0.525,101
3.0,2.0,64,0.5,-1.9651,-125.77,2h,validation,0.525,101
3.5,0.25,64,0.75,1.42,90.88,2h,validation,0.525,101
3.5,0.5,64,0.672,1.454,93.06,2h,validation,0.525,101
3.5,0.75,64,0.641,0.8913,57.05,2h,validation,0.525,101
3.5,1.0,64,0.609,0.3668,23.47,2h,validation,0.525,101
3.5,1.5,64,0.562,-0.6206,-39.72,2h,validation,0.525,101
3.5,2.0,64,0.484,-1.5572,-99.66,2h,validation,0.525,101
4.0,0.25,64,0.75,1.5295,97.89,2h,validation,0.525,101
4.0,0.5,64,0.672,1.8361,117.51,2h,validation,0.525,101
4.0,0.75,64,0.641,1.4367,91.95,2h,validation,0.525,101
4.0,1.0,64,0.609,0.9952,63.69,2h,validation,0.525,101
4.0,1.5,64,0.562,0.1154,7.39,2h,validation,0.525,101
4.0,2.0,64,0.484,-0.684,-43.78,2h,validation,0.525,101
4.5,0.25,64,0.75,1.6618,106.35,2h,validation,0.525,101
4.5,0.5,64,0.672,1.8707,119.73,2h,validation,0.525,101
4.5,0.75,64,0.625,1.4078,90.1,2h,validation,0.525,101
4.5,1.0,64,0.594,0.9618,61.56,2h,validation,0.525,101
4.5,1.5,64,0.562,0.0475,3.04,2h,validation,0.525,101
4.5,2.0,64,0.469,-0.7745,-49.57,2h,validation,0.525,101
5.0,0.25,64,0.75,1.7385,111.26,2h,validation,0.525,101
5.0,0.5,64,0.672,2.0209,129.34,2h,validation,0.525,101
5.0,0.75,64,0.625,1.5932,101.96,2h,validation,0.525,101
5.0,1.0,64,0.594,1.2107,77.48,2h,validation,0.525,101
5.0,1.5,64,0.562,0.0988,6.32,2h,validation,0.525,101
5.0,2.0,64,0.469,-0.8191,-52.42,2h,validation,0.525,101
1.5,0.25,64,0.781,1.3712,87.75,2h,validation,0.55,101
1.5,0.5,64,0.688,0.82,52.48,2h,validation,0.55,101
1.5,0.75,64,0.656,0.1677,10.73,2h,validation,0.55,101
1.5,1.0,64,0.656,-0.447,-28.61,2h,validation,0.55,101
1.5,1.5,64,0.609,-1.5649,-100.16,2h,validation,0.55,101
1.5,2.0,64,0.516,-2.5633,-164.05,2h,validation,0.55,101
2.0,0.25,64,0.766,1.4934,95.58,2h,validation,0.55,101
2.0,0.5,64,0.688,1.0194,65.24,2h,validation,0.55,101
2.0,0.75,64,0.656,0.245,15.68,2h,validation,0.55,101
2.0,1.0,64,0.656,-0.4569,-29.24,2h,validation,0.55,101
2.0,1.5,64,0.609,-1.6367,-104.75,2h,validation,0.55,101
2.0,2.0,64,0.516,-2.6646,-170.53,2h,validation,0.55,101
2.5,0.25,64,0.766,1.7186,109.99,2h,validation,0.55,101
2.5,0.5,64,0.703,1.3526,86.57,2h,validation,0.55,101
2.5,0.75,64,0.672,0.581,37.18,2h,validation,0.55,101
2.5,1.0,64,0.656,-0.1158,-7.41,2h,validation,0.55,101
2.5,1.5,64,0.609,-1.2952,-82.89,2h,validation,0.55,101
2.5,2.0,64,0.516,-2.3252,-148.81,2h,validation,0.55,101
3.0,0.25,64,0.766,1.8494,118.36,2h,validation,0.55,101
3.0,0.5,64,0.703,1.5555,99.56,2h,validation,0.55,101
3.0,0.75,64,0.672,0.9438,60.4,2h,validation,0.55,101
3.0,1.0,64,0.656,0.3284,21.02,2h,validation,0.55,101
3.0,1.5,64,0.594,-0.8703,-55.7,2h,validation,0.55,101
3.0,2.0,64,0.5,-1.9274,-123.35,2h,validation,0.55,101
3.5,0.25,64,0.766,2.0696,132.46,2h,validation,0.55,101
3.5,0.5,64,0.688,1.9599,125.43,2h,validation,0.55,101
3.5,0.75,64,0.656,1.364,87.3,2h,validation,0.55,101
3.5,1.0,64,0.641,0.7581,48.52,2h,validation,0.55,101
3.5,1.5,64,0.578,-0.3695,-23.65,2h,validation,0.55,101
3.5,2.0,64,0.5,-1.393,-89.15,2h,validation,0.55,101
4.0,0.25,64,0.75,1.5828,101.3,2h,validation,0.55,101
4.0,0.5,64,0.672,1.6836,107.75,2h,validation,0.55,101
4.0,0.75,64,0.641,1.2862,82.31,2h,validation,0.55,101
4.0,1.0,64,0.625,0.8285,53.03,2h,validation,0.55,101
4.0,1.5,64,0.562,-0.0677,-4.33,2h,validation,0.55,101
4.0,2.0,64,0.484,-0.874,-55.94,2h,validation,0.55,101
4.5,0.25,64,0.75,1.65,105.6,2h,validation,0.55,101
4.5,0.5,64,0.672,1.8029,115.39,2h,validation,0.55,101
4.5,0.75,64,0.625,1.4579,93.3,2h,validation,0.55,101
4.5,1.0,64,0.609,1.0265,65.7,2h,validation,0.55,101
4.5,1.5,64,0.562,0.1497,9.58,2h,validation,0.55,101
4.5,2.0,64,0.484,-0.6501,-41.61,2h,validation,0.55,101
5.0,0.25,64,0.75,1.8064,115.61,2h,validation,0.55,101
5.0,0.5,64,0.672,1.9707,126.13,2h,validation,0.55,101
5.0,0.75,64,0.625,1.6211,103.75,2h,validation,0.55,101
5.0,1.0,64,0.609,1.2474,79.84,2h,validation,0.55,101
5.0,1.5,64,0.562,0.1466,9.38,2h,validation,0.55,101
5.0,2.0,64,0.469,-0.7626,-48.81,2h,validation,0.55,101
1.5,0.25,63,0.778,1.5386,96.93,2h,validation,0.575,101
1.5,0.5,63,0.698,1.0312,64.97,2h,validation,0.575,101
1.5,0.75,63,0.683,0.3952,24.9,2h,validation,0.575,101
1.5,1.0,63,0.667,-0.2115,-13.32,2h,validation,0.575,101
1.5,1.5,63,0.619,-1.3222,-83.3,2h,validation,0.575,101
1.5,2.0,63,0.54,-2.3183,-146.05,2h,validation,0.575,101
2.0,0.25,63,0.762,1.6584,104.48,2h,validation,0.575,101
2.0,0.5,63,0.698,1.2273,77.32,2h,validation,0.575,101
2.0,0.75,63,0.683,0.4772,30.06,2h,validation,0.575,101
2.0,1.0,63,0.667,-0.2193,-13.82,2h,validation,0.575,101
2.0,1.5,63,0.619,-1.3936,-87.8,2h,validation,0.575,101
2.0,2.0,63,0.54,-2.4199,-152.45,2h,validation,0.575,101
2.5,0.25,63,0.762,1.7299,108.99,2h,validation,0.575,101
2.5,0.5,63,0.698,1.3242,83.42,2h,validation,0.575,101
2.5,0.75,63,0.683,0.5742,36.17,2h,validation,0.575,101
2.5,1.0,63,0.651,-0.1134,-7.14,2h,validation,0.575,101
2.5,1.5,63,0.603,-1.2823,-80.78,2h,validation,0.575,101
2.5,2.0,63,0.524,-2.3078,-145.39,2h,validation,0.575,101
3.0,0.25,63,0.762,1.8146,114.32,2h,validation,0.575,101
3.0,0.5,63,0.698,1.6234,102.28,2h,validation,0.575,101
3.0,0.75,63,0.683,1.09,68.67,2h,validation,0.575,101
3.0,1.0,63,0.651,0.4993,31.45,2h,validation,0.575,101
3.0,1.5,63,0.603,-0.664,-41.83,2h,validation,0.575,101
3.0,2.0,63,0.524,-1.7003,-107.12,2h,validation,0.575,101
3.5,0.25,63,0.762,2.1362,134.58,2h,validation,0.575,101
3.5,0.5,63,0.698,2.124,133.81,2h,validation,0.575,101
3.5,0.75,63,0.683,1.5739,99.15,2h,validation,0.575,101
3.5,1.0,63,0.651,0.9856,62.09,2h,validation,0.575,101
3.5,1.5,63,0.587,-0.1226,-7.73,2h,validation,0.575,101
3.5,2.0,63,0.508,-1.1362,-71.58,2h,validation,0.575,101
4.0,0.25,63,0.746,1.6395,103.29,2h,validation,0.575,101
4.0,0.5,63,0.683,1.6212,102.13,2h,validation,0.575,101
4.0,0.75,63,0.667,1.1755,74.06,2h,validation,0.575,101
4.0,1.0,63,0.635,0.6914,43.56,2h,validation,0.575,101
4.0,1.5,63,0.571,-0.2554,-16.09,2h,validation,0.575,101
4.0,2.0,63,0.492,-1.168,-73.58,2h,validation,0.575,101
4.5,0.25,63,0.746,1.762,111.0,2h,validation,0.575,101
4.5,0.5,63,0.683,1.9678,123.97,2h,validation,0.575,101
4.5,0.75,63,0.651,1.6649,104.89,2h,validation,0.575,101
4.5,1.0,63,0.619,1.2525,78.91,2h,validation,0.575,101
4.5,1.5,63,0.571,0.3967,24.99,2h,validation,0.575,101
4.5,2.0,63,0.492,-0.3915,-24.66,2h,validation,0.575,101
5.0,0.25,63,0.746,1.9191,120.9,2h,validation,0.575,101
5.0,0.5,63,0.683,2.1373,134.65,2h,validation,0.575,101
5.0,0.75,63,0.651,1.8233,114.87,2h,validation,0.575,101
5.0,1.0,63,0.619,1.4374,90.56,2h,validation,0.575,101
5.0,1.5,63,0.571,0.5837,36.77,2h,validation,0.575,101
5.0,2.0,63,0.476,-0.2057,-12.96,2h,validation,0.575,101
1.5,0.25,62,0.774,1.4863,92.15,2h,validation,0.6,101
1.5,0.5,62,0.694,1.0516,65.2,2h,validation,0.6,101
1.5,0.75,62,0.677,0.447,27.71,2h,validation,0.6,101
1.5,1.0,62,0.661,-0.1401,-8.69,2h,validation,0.6,101
1.5,1.5,62,0.629,-1.2257,-75.99,2h,validation,0.6,101
1.5,2.0,62,0.597,-2.2049,-136.7,2h,validation,0.6,101
2.0,0.25,62,0.758,1.6051,99.52,2h,validation,0.6,101
2.0,0.5,62,0.694,1.1859,73.53,2h,validation,0.6,101
2.0,0.75,62,0.677,0.467,28.95,2h,validation,0.6,101
2.0,1.0,62,0.661,-0.2164,-13.42,2h,validation,0.6,101
2.0,1.5,62,0.629,-1.3711,-85.01,2h,validation,0.6,101
2.0,2.0,62,0.597,-2.3833,-147.76,2h,validation,0.6,101
2.5,0.25,62,0.758,1.7975,111.45,2h,validation,0.6,101
2.5,0.5,62,0.694,1.5114,93.71,2h,validation,0.6,101
2.5,0.75,62,0.677,0.7931,49.17,2h,validation,0.6,101
2.5,1.0,62,0.645,0.1041,6.45,2h,validation,0.6,101
2.5,1.5,62,0.613,-1.0618,-65.83,2h,validation,0.6,101
2.5,2.0,62,0.581,-2.0823,-129.1,2h,validation,0.6,101
3.0,0.25,62,0.758,1.7975,111.45,2h,validation,0.6,101
3.0,0.5,62,0.694,1.6642,103.18,2h,validation,0.6,101
3.0,0.75,62,0.677,1.1018,68.31,2h,validation,0.6,101
3.0,1.0,62,0.645,0.4712,29.21,2h,validation,0.6,101
3.0,1.5,62,0.613,-0.6628,-41.09,2h,validation,0.6,101
3.0,2.0,62,0.581,-1.671,-103.6,2h,validation,0.6,101
3.5,0.25,62,0.758,1.9362,120.04,2h,validation,0.6,101
3.5,0.5,62,0.694,1.8436,114.3,2h,validation,0.6,101
3.5,0.75,62,0.677,1.3084,81.12,2h,validation,0.6,101
3.5,1.0,62,0.645,0.7328,45.44,2h,validation,0.6,101
3.5,1.5,62,0.597,-0.3649,-22.62,2h,validation,0.6,101
3.5,2.0,62,0.565,-1.3728,-85.12,2h,validation,0.6,101
4.0,0.25,62,0.742,1.5632,96.92,2h,validation,0.6,101
4.0,0.5,62,0.677,1.7042,105.66,2h,validation,0.6,101
4.0,0.75,62,0.661,1.2811,79.43,2h,validation,0.6,101
4.0,1.0,62,0.629,0.7575,46.96,2h,validation,0.6,101
4.0,1.5,62,0.581,-0.2774,-17.2,2h,validation,0.6,101
4.0,2.0,62,0.548,-1.2476,-77.35,2h,validation,0.6,101
4.5,0.25,62,0.742,1.6275,100.9,2h,validation,0.6,101
4.5,0.5,62,0.677,1.7521,108.63,2h,validation,0.6,101
4.5,0.75,62,0.645,1.4306,88.7,2h,validation,0.6,101
4.5,1.0,62,0.613,1.0115,62.71,2h,validation,0.6,101
4.5,1.5,62,0.581,0.1626,10.08,2h,validation,0.6,101
4.5,2.0,62,0.548,-0.6136,-38.05,2h,validation,0.6,101
5.0,0.25,62,0.742,1.8045,111.88,2h,validation,0.6,101
5.0,0.5,62,0.677,1.9646,121.81,2h,validation,0.6,101
5.0,0.75,62,0.645,1.6603,102.94,2h,validation,0.6,101
5.0,1.0,62,0.613,1.2541,77.75,2h,validation,0.6,101
5.0,1.5,62,0.581,0.4119,25.54,2h,validation,0.6,101
5.0,2.0,62,0.532,-0.3644,-22.59,2h,validation,0.6,101
1.5,0.25,61,0.77,1.0898,66.48,2h,validation,0.625,101
1.5,0.5,61,0.705,0.3617,22.06,2h,validation,0.625,101
1.5,0.75,61,0.672,-0.342,-20.86,2h,validation,0.625,101
1.5,1.0,61,0.656,-0.9913,-60.47,2h,validation,0.625,101
1.5,1.5,61,0.607,-2.1543,-131.41,2h,validation,0.625,101
1.5,2.0,61,0.574,-3.182,-194.1,2h,validation,0.625,101
2.0,0.25,61,0.754,1.476,90.04,2h,validation,0.625,101
2.0,0.5,61,0.705,0.9854,60.11,2h,validation,0.625,101
2.0,0.75,61,0.672,0.2331,14.22,2h,validation,0.625,101
2.0,1.0,61,0.656,-0.4802,-29.29,2h,validation,0.625,101
2.0,1.5,61,0.623,-1.6719,-101.99,2h,validation,0.625,101
2.0,2.0,61,0.607,-2.7075,-165.16,2h,validation,0.625,101
2.5,0.25,61,0.754,1.5684,95.67,2h,validation,0.625,101
2.5,0.5,61,0.705,1.1255,68.65,2h,validation,0.625,101
2.5,0.75,61,0.672,0.3758,22.92,2h,validation,0.625,101
2.5,1.0,61,0.656,-0.3368,-20.54,2h,validation,0.625,101
2.5,1.5,61,0.623,-1.5282,-93.22,2h,validation,0.625,101
2.5,2.0,61,0.607,-2.564,-156.4,2h,validation,0.625,101
3.0,0.25,61,0.754,1.6633,101.46,2h,validation,0.625,101
3.0,0.5,61,0.705,1.4336,87.45,2h,validation,0.625,101
3.0,0.75,61,0.672,0.7064,43.09,2h,validation,0.625,101
3.0,1.0,61,0.639,0.009,0.55,2h,validation,0.625,101
3.0,1.5,61,0.607,-1.172,-71.49,2h,validation,0.625,101
3.0,2.0,61,0.59,-2.2048,-134.49,2h,validation,0.625,101
3.5,0.25,61,0.754,1.8058,110.16,2h,validation,0.625,101
3.5,0.5,61,0.705,1.6408,100.09,2h,validation,0.625,101
3.5,0.75,61,0.672,1.0737,65.49,2h,validation,0.625,101
3.5,1.0,61,0.639,0.4623,28.2,2h,validation,0.625,101
3.5,1.5,61,0.59,-0.7327,-44.7,2h,validation,0.625,101
3.5,2.0,61,0.574,-1.7916,-109.29,2h,validation,0.625,101
4.0,0.25,61,0.754,2.0021,122.13,2h,validation,0.625,101
4.0,0.5,61,0.705,2.0103,122.63,2h,validation,0.625,101
4.0,0.75,61,0.672,1.483,90.46,2h,validation,0.625,101
4.0,1.0,61,0.639,0.89,54.29,2h,validation,0.625,101
4.0,1.5,61,0.59,-0.2235,-13.64,2h,validation,0.625,101
4.0,2.0,61,0.574,-1.239,-75.58,2h,validation,0.625,101
4.5,0.25,61,0.738,1.4893,90.85,2h,validation,0.625,101
4.5,0.5,61,0.689,1.5409,94.0,2h,validation,0.625,101
4.5,0.75,61,0.639,1.1893,72.55,2h,validation,0.625,101
4.5,1.0,61,0.607,0.745,45.44,2h,validation,0.625,101
4.5,1.5,61,0.574,-0.1568,-9.57,2h,validation,0.625,101
4.5,2.0,61,0.557,-1.041,-63.5,2h,validation,0.625,101
5.0,0.25,61,0.738,1.6669,101.68,2h,validation,0.625,101
5.0,0.5,61,0.689,1.7548,107.04,2h,validation,0.625,101
5.0,0.75,61,0.639,1.42,86.62,2h,validation,0.625,101
5.0,1.0,61,0.607,0.9891,60.34,2h,validation,0.625,101
5.0,1.5,61,0.574,0.1163,7.1,2h,validation,0.625,101
5.0,2.0,61,0.541,-0.6786,-41.4,2h,validation,0.625,101
1.5,0.25,61,0.77,1.2523,76.39,2h,validation,0.65,101
1.5,0.5,61,0.721,0.5483,33.45,2h,validation,0.65,101
1.5,0.75,61,0.689,-0.1456,-8.88,2h,validation,0.65,101
1.5,1.0,61,0.672,-0.7893,-48.15,2h,validation,0.65,101
1.5,1.5,61,0.607,-1.9456,-118.68,2h,validation,0.65,101
1.5,2.0,61,0.574,-2.9692,-181.12,2h,validation,0.65,101
2.0,0.25,61,0.77,1.6014,97.69,2h,validation,0.65,101
2.0,0.5,61,0.721,1.1109,67.76,2h,validation,0.65,101
2.0,0.75,61,0.689,0.4719,28.78,2h,validation,0.65,101
2.0,1.0,61,0.672,-0.139,-8.48,2h,validation,0.65,101
2.0,1.5,61,0.623,-1.2554,-76.58,2h,validation,0.65,101
2.0,2.0,61,0.59,-2.2545,-137.52,2h,validation,0.65,101
2.5,0.25,61,0.77,1.756,107.12,2h,validation,0.65,101
2.5,0.5,61,0.721,1.3621,83.09,2h,validation,0.65,101
2.5,0.75,61,0.689,0.6415,39.13,2h,validation,0.65,101
2.5,1.0,61,0.672,-0.0606,-3.7,2h,validation,0.65,101
2.5,1.5,61,0.623,-1.2396,-75.62,2h,validation,0.65,101
2.5,2.0,61,0.607,-2.2678,-138.34,2h,validation,0.65,101
3.0,0.25,61,0.77,1.8479,112.72,2h,validation,0.65,101
3.0,0.5,61,0.721,1.5701,95.78,2h,validation,0.65,101
3.0,0.75,61,0.689,0.8624,52.61,2h,validation,0.65,101
3.0,1.0,61,0.656,0.176,10.74,2h,validation,0.65,101
3.0,1.5,61,0.607,-0.9905,-60.42,2h,validation,0.65,101
3.0,2.0,61,0.59,-2.0143,-122.87,2h,validation,0.65,101
3.5,0.25,61,0.77,1.931,117.79,2h,validation,0.65,101
3.5,0.5,61,0.721,1.8655,113.79,2h,validation,0.65,101
3.5,0.75,61,0.689,1.3716,83.67,2h,validation,0.65,101
3.5,1.0,61,0.656,0.7699,46.96,2h,validation,0.65,101
3.5,1.5,61,0.607,-0.3954,-24.12,2h,validation,0.65,101
3.5,2.0,61,0.59,-1.4288,-87.16,2h,validation,0.65,101
4.0,0.25,61,0.77,2.0571,125.48,2h,validation,0.65,101
4.0,0.5,61,0.721,1.8955,115.63,2h,validation,0.65,101
4.0,0.75,61,0.689,1.3409,81.8,2h,validation,0.65,101
4.0,1.0,61,0.656,0.7333,44.73,2h,validation,0.65,101
4.0,1.5,61,0.59,-0.4547,-27.74,2h,validation,0.65,101
4.0,2.0,61,0.574,-1.5095,-92.08,2h,validation,0.65,101
4.5,0.25,61,0.754,1.6131,98.4,2h,validation,0.65,101
4.5,0.5,61,0.705,1.6875,102.93,2h,validation,0.65,101
4.5,0.75,61,0.656,1.2529,76.43,2h,validation,0.65,101
4.5,1.0,61,0.623,0.7089,43.24,2h,validation,0.65,101
4.5,1.5,61,0.574,-0.3498,-21.34,2h,validation,0.65,101
4.5,2.0,61,0.557,-1.3339,-81.37,2h,validation,0.65,101
5.0,0.25,61,0.754,1.6689,101.8,2h,validation,0.65,101
5.0,0.5,61,0.705,1.7611,107.43,2h,validation,0.65,101
5.0,0.75,61,0.656,1.4344,87.5,2h,validation,0.65,101
5.0,1.0,61,0.623,1.0004,61.03,2h,validation,0.65,101
5.0,1.5,61,0.574,0.1127,6.87,2h,validation,0.65,101
5.0,2.0,61,0.557,-0.7427,-45.3,2h,validation,0.65,101
1.5,0.25,61,0.77,1.4346,87.51,2h,validation,0.675,101
1.5,0.5,61,0.721,0.7604,46.38,2h,validation,0.675,101
1.5,0.75,61,0.689,0.0782,4.77,2h,validation,0.675,101
1.5,1.0,61,0.672,-0.5587,-34.08,2h,validation,0.675,101
1.5,1.5,61,0.639,-1.7071,-104.13,2h,validation,0.675,101
1.5,2.0,61,0.607,-2.7261,-166.29,2h,validation,0.675,101
2.0,0.25,61,0.77,1.8725,114.22,2h,validation,0.675,101
2.0,0.5,61,0.721,1.375,83.88,2h,validation,0.675,101
2.0,0.75,61,0.689,0.7004,42.72,2h,validation,0.675,101
2.0,1.0,61,0.672,0.0643,3.92,2h,validation,0.675,101
2.0,1.5,61,0.639,-1.0842,-66.14,2h,validation,0.675,101
2.0,2.0,61,0.607,-2.1034,-128.31,2h,validation,0.675,101
2.5,0.25,61,0.77,2.0159,122.97,2h,validation,0.675,101
2.5,0.5,61,0.721,1.7015,103.79,2h,validation,0.675,101
2.5,0.75,61,0.689,1.0003,61.02,2h,validation,0.675,101
2.5,1.0,61,0.672,0.2952,18.01,2h,validation,0.675,101
2.5,1.5,61,0.639,-0.8924,-54.44,2h,validation,0.675,101
2.5,2.0,61,0.623,-1.9275,-117.58,2h,validation,0.675,101
3.0,0.25,61,0.77,2.1319,130.04,2h,validation,0.675,101
3.0,0.5,61,0.721,1.8736,114.29,2h,validation,0.675,101
3.0,0.75,61,0.689,1.1455,69.88,2h,validation,0.675,101
3.0,1.0,61,0.656,0.4302,26.24,2h,validation,0.675,101
3.0,1.5,61,0.623,-0.7681,-46.85,2h,validation,0.675,101
3.0,2.0,61,0.607,-1.8092,-110.36,2h,validation,0.675,101
3.5,0.25,61,0.77,2.1338,130.16,2h,validation,0.675,101
3.5,0.5,61,0.721,2.0554,125.38,2h,validation,0.675,101
3.5,0.75,61,0.689,1.3872,84.62,2h,validation,0.675,101
3.5,1.0,61,0.656,0.7041,42.95,2h,validation,0.675,101
3.5,1.5,61,0.623,-0.4651,-28.37,2h,validation,0.675,101
3.5,2.0,61,0.607,-1.4929,-91.07,2h,validation,0.675,101
4.0,0.25,61,0.77,2.2714,138.56,2h,validation,0.675,101
4.0,0.5,61,0.721,2.3278,141.99,2h,validation,0.675,101
4.0,0.75,61,0.689,1.745,106.45,2h,validation,0.675,101
4.0,1.0,61,0.656,1.1793,71.94,2h,validation,0.675,101
4.0,1.5,61,0.607,-0.1194,-7.28,2h,validation,0.675,101
4.0,2.0,61,0.59,-1.2127,-73.97,2h,validation,0.675,101
4.5,0.25,61,0.754,1.8945,115.56,2h,validation,0.675,101
4.5,0.5,61,0.705,2.1174,129.16,2h,validation,0.675,101
4.5,0.75,61,0.656,1.5818,96.49,2h,validation,0.675,101
4.5,1.0,61,0.623,1.0544,64.32,2h,validation,0.675,101
4.5,1.5,61,0.59,-0.1605,-9.79,2h,validation,0.675,101
4.5,2.0,61,0.574,-1.2164,-74.2,2h,validation,0.675,101
5.0,0.25,61,0.754,1.9498,118.94,2h,validation,0.675,101
5.0,0.5,61,0.705,2.2207,135.46,2h,validation,0.675,101
5.0,0.75,61,0.656,1.8797,114.66,2h,validation,0.675,101
5.0,1.0,61,0.623,1.5136,92.33,2h,validation,0.675,101
5.0,1.5,61,0.59,0.5241,31.97,2h,validation,0.675,101
5.0,2.0,61,0.574,-0.3907,-23.84,2h,validation,0.675,101
1.5,0.25,59,0.763,0.8893,52.47,2h,validation,0.7,101
1.5,0.5,59,0.712,0.1164,6.87,2h,validation,0.7,101
1.5,0.75,59,0.695,-0.6051,-35.7,2h,validation,0.7,101
1.5,1.0,59,0.661,-1.2651,-74.64,2h,validation,0.7,101
1.5,1.5,59,0.61,-2.4409,-144.01,2h,validation,0.7,101
1.5,2.0,59,0.576,-3.4765,-205.11,2h,validation,0.7,101
2.0,0.25,59,0.763,1.2539,73.98,2h,validation,0.7,101
2.0,0.5,59,0.712,0.4309,25.43,2h,validation,0.7,101
2.0,0.75,59,0.695,-0.2965,-17.49,2h,validation,0.7,101
2.0,1.0,59,0.661,-0.9589,-56.58,2h,validation,0.7,101
2.0,1.5,59,0.627,-2.137,-126.08,2h,validation,0.7,101
2.0,2.0,59,0.576,-3.1735,-187.24,2h,validation,0.7,101
2.5,0.25,59,0.763,1.5681,92.52,2h,validation,0.7,101
2.5,0.5,59,0.712,0.9924,58.55,2h,validation,0.7,101
2.5,0.75,59,0.695,0.2827,16.68,2h,validation,0.7,101
2.5,1.0,59,0.661,-0.3746,-22.1,2h,validation,0.7,101
2.5,1.5,59,0.627,-1.5486,-91.37,2h,validation,0.7,101
2.5,2.0,59,0.61,-2.5832,-152.41,2h,validation,0.7,101
3.0,0.25,59,0.763,1.7379,102.53,2h,validation,0.7,101
3.0,0.5,59,0.712,1.3278,78.34,2h,validation,0.7,101
3.0,0.75,59,0.695,0.5604,33.07,2h,validation,0.7,101
3.0,1.0,59,0.644,-0.1809,-10.67,2h,validation,0.7,101
3.0,1.5,59,0.61,-1.4065,-82.98,2h,validation,0.7,101
3.0,2.0,59,0.593,-2.4634,-145.34,2h,validation,0.7,101
3.5,0.25,59,0.763,1.7596,103.82,2h,validation,0.7,101
3.5,0.5,59,0.712,1.6276,96.03,2h,validation,0.7,101
3.5,0.75,59,0.695,0.9131,53.87,2h,validation,0.7,101
3.5,1.0,59,0.644,0.1832,10.81,2h,validation,0.7,101
3.5,1.5,59,0.61,-1.0382,-61.25,2h,validation,0.7,101
3.5,2.0,59,0.593,-2.0955,-123.63,2h,validation,0.7,101
4.0,0.25,59,0.763,1.8995,112.07,2h,validation,0.7,101
4.0,0.5,59,0.712,1.905,112.4,2h,validation,0.7,101
4.0,0.75,59,0.695,1.3197,77.86,2h,validation,0.7,101
4.0,1.0,59,0.644,0.7304,43.09,2h,validation,0.7,101
4.0,1.5,59,0.593,-0.5917,-34.91,2h,validation,0.7,101
4.0,2.0,59,0.576,-1.6993,-100.26,2h,validation,0.7,101
4.5,0.25,59,0.763,1.9799,116.81,2h,validation,0.7,101
4.5,0.5,59,0.712,1.9075,112.54,2h,validation,0.7,101
4.5,0.75,59,0.678,1.3014,76.78,2h,validation,0.7,101
4.5,1.0,59,0.627,0.7201,42.48,2h,validation,0.7,101
4.5,1.5,59,0.593,-0.6091,-35.94,2h,validation,0.7,101
4.5,2.0,59,0.576,-1.7305,-102.1,2h,validation,0.7,101
5.0,0.25,59,0.746,1.5645,92.3,2h,validation,0.7,101
5.0,0.5,59,0.695,1.7579,103.72,2h,validation,0.7,101
5.0,0.75,59,0.661,1.2273,72.41,2h,validation,0.7,101
5.0,1.0,59,0.61,0.6787,40.04,2h,validation,0.7,101
5.0,1.5,59,0.576,-0.5554,-32.77,2h,validation,0.7,101
5.0,2.0,59,0.559,-1.6225,-95.73,2h,validation,0.7,101
1.5,0.25,63,0.651,1.0522,66.29,2h,holdout,0.3,97
1.5,0.5,63,0.571,0.2064,13.01,2h,holdout,0.3,97
1.5,0.75,63,0.508,-0.6701,-42.21,2h,holdout,0.3,97
1.5,1.0,63,0.508,-1.311,-82.59,2h,holdout,0.3,97
1.5,1.5,63,0.508,-2.4896,-156.84,2h,holdout,0.3,97
1.5,2.0,63,0.46,-3.4912,-219.95,2h,holdout,0.3,97
2.0,0.25,63,0.635,1.1826,74.51,2h,holdout,0.3,97
2.0,0.5,63,0.556,0.319,20.1,2h,holdout,0.3,97
2.0,0.75,63,0.492,-0.2806,-17.68,2h,holdout,0.3,97
2.0,1.0,63,0.492,-1.0433,-65.73,2h,holdout,0.3,97
2.0,1.5,63,0.492,-2.3531,-148.24,2h,holdout,0.3,97
2.0,2.0,63,0.46,-3.4246,-215.75,2h,holdout,0.3,97
2.5,0.25,63,0.635,1.1895,74.94,2h,holdout,0.3,97
2.5,0.5,63,0.556,0.3294,20.75,2h,holdout,0.3,97
2.5,0.75,63,0.476,-1.2612,-79.46,2h,holdout,0.3,97
2.5,1.0,63,0.476,-1.9252,-121.29,2h,holdout,0.3,97
2.5,1.5,63,0.476,-3.1195,-196.53,2h,holdout,0.3,97
2.5,2.0,63,0.444,-4.1341,-260.45,2h,holdout,0.3,97
3.0,0.25,63,0.635,1.1895,74.94,2h,holdout,0.3,97
3.0,0.5,63,0.556,0.3294,20.75,2h,holdout,0.3,97
3.0,0.75,63,0.476,-1.3321,-83.92,2h,holdout,0.3,97
3.0,1.0,63,0.476,-1.8531,-116.74,2h,holdout,0.3,97
3.0,1.5,63,0.476,-2.8035,-176.62,2h,holdout,0.3,97
3.0,2.0,63,0.429,-3.7677,-237.37,2h,holdout,0.3,97
3.5,0.25,63,0.635,1.3865,87.35,2h,holdout,0.3,97
3.5,0.5,63,0.54,-0.469,-29.55,2h,holdout,0.3,97
3.5,0.75,63,0.46,-2.1771,-137.16,2h,holdout,0.3,97
3.5,1.0,63,0.444,-2.7626,-174.04,2h,holdout,0.3,97
3.5,1.5,63,0.444,-3.7912,-238.84,2h,holdout,0.3,97
3.5,2.0,63,0.413,-4.802,-302.53,2h,holdout,0.3,97
4.0,0.25,63,0.635,1.4501,91.36,2h,holdout,0.3,97
4.0,0.5,63,0.54,-0.4439,-27.96,2h,holdout,0.3,97
4.0,0.75,63,0.46,-2.1371,-134.64,2h,holdout,0.3,97
4.0,1.0,63,0.444,-2.7232,-171.56,2h,holdout,0.3,97
4.0,1.5,63,0.444,-3.7565,-236.66,2h,holdout,0.3,97
4.0,2.0,63,0.413,-4.7711,-300.58,2h,holdout,0.3,97
4.5,0.25,63,0.603,-0.2576,-16.23,2h,holdout,0.3,97
4.5,0.5,63,0.524,-1.96,-123.48,2h,holdout,0.3,97
4.5,0.75,63,0.444,-3.5847,-225.83,2h,holdout,0.3,97
4.5,1.0,63,0.429,-4.1636,-262.31,2h,holdout,0.3,97
4.5,1.5,63,0.429,-5.2358,-329.85,2h,holdout,0.3,97
4.5,2.0,63,0.397,-6.2762,-395.4,2h,holdout,0.3,97
5.0,0.25,63,0.603,-0.2332,-14.69,2h,holdout,0.3,97
5.0,0.5,63,0.524,-1.8603,-117.2,2h,holdout,0.3,97
5.0,0.75,63,0.444,-3.4313,-216.17,2h,holdout,0.3,97
5.0,1.0,63,0.429,-3.9945,-251.65,2h,holdout,0.3,97
5.0,1.5,63,0.429,-5.0488,-318.07,2h,holdout,0.3,97
5.0,2.0,63,0.397,-6.0805,-383.07,2h,holdout,0.3,97
1.5,0.25,63,0.651,0.9097,57.31,2h,holdout,0.325,97
1.5,0.5,63,0.587,0.7572,47.71,2h,holdout,0.325,97
1.5,0.75,63,0.508,0.1855,11.69,2h,holdout,0.325,97
1.5,1.0,63,0.508,-0.2853,-17.98,2h,holdout,0.325,97
1.5,1.5,63,0.492,-2.5559,-161.02,2h,holdout,0.325,97
1.5,2.0,63,0.46,-3.5894,-226.14,2h,holdout,0.325,97
2.0,0.25,63,0.651,1.3117,82.64,2h,holdout,0.325,97
2.0,0.5,63,0.587,1.1262,70.95,2h,holdout,0.325,97
2.0,0.75,63,0.508,0.8315,52.38,2h,holdout,0.325,97
2.0,1.0,63,0.508,0.2468,15.55,2h,holdout,0.325,97
2.0,1.5,63,0.492,-2.1478,-135.31,2h,holdout,0.325,97
2.0,2.0,63,0.46,-3.2472,-204.57,2h,holdout,0.325,97
2.5,0.25,63,0.635,1.2202,76.87,2h,holdout,0.325,97
2.5,0.5,63,0.571,0.9773,61.57,2h,holdout,0.325,97
2.5,0.75,63,0.492,-0.3389,-21.35,2h,holdout,0.325,97
2.5,1.0,63,0.492,-0.8425,-53.08,2h,holdout,0.325,97
2.5,1.5,63,0.476,-3.1391,-197.76,2h,holdout,0.325,97
2.5,2.0,63,0.444,-4.1911,-264.04,2h,holdout,0.325,97
3.0,0.25,63,0.635,1.2202,76.87,2h,holdout,0.325,97
3.0,0.5,63,0.571,0.9773,61.57,2h,holdout,0.325,97
3.0,0.75,63,0.492,-0.4076,-25.68,2h,holdout,0.325,97
3.0,1.0,63,0.492,-0.7705,-48.54,2h,holdout,0.325,97
3.0,1.5,63,0.476,-2.8244,-177.94,2h,holdout,0.325,97
3.0,2.0,63,0.429,-3.8189,-240.59,2h,holdout,0.325,97
3.5,0.25,63,0.635,1.5217,95.87,2h,holdout,0.325,97
3.5,0.5,63,0.556,0.3654,23.02,2h,holdout,0.325,97
3.5,0.75,63,0.492,-1.0481,-66.03,2h,holdout,0.325,97
3.5,1.0,63,0.476,-1.4655,-92.33,2h,holdout,0.325,97
3.5,1.5,63,0.46,-3.5866,-225.95,2h,holdout,0.325,97
3.5,2.0,63,0.429,-4.6215,-291.16,2h,holdout,0.325,97
4.0,0.25,63,0.635,1.481,93.3,2h,holdout,0.325,97
4.0,0.5,63,0.556,0.2185,13.77,2h,holdout,0.325,97
4.0,0.75,63,0.476,-1.2024,-75.75,2h,holdout,0.325,97
4.0,1.0,63,0.46,-1.6322,-102.83,2h,holdout,0.325,97
4.0,1.5,63,0.444,-3.7708,-237.56,2h,holdout,0.325,97
4.0,2.0,63,0.413,-4.8165,-303.44,2h,holdout,0.325,97
4.5,0.25,63,0.619,0.4984,31.4,2h,holdout,0.325,97
4.5,0.5,63,0.54,-0.6766,-42.62,2h,holdout,0.325,97
4.5,0.75,63,0.46,-2.0416,-128.62,2h,holdout,0.325,97
4.5,1.0,63,0.444,-2.4681,-155.49,2h,holdout,0.325,97
4.5,1.5,63,0.429,-4.6483,-292.84,2h,holdout,0.325,97
4.5,2.0,63,0.397,-5.7209,-360.41,2h,holdout,0.325,97
5.0,0.25,63,0.603,-0.2078,-13.09,2h,holdout,0.325,97
5.0,0.5,63,0.524,-1.2009,-75.66,2h,holdout,0.325,97
5.0,0.75,63,0.46,-2.4976,-157.35,2h,holdout,0.325,97
5.0,1.0,63,0.444,-2.9023,-182.84,2h,holdout,0.325,97
5.0,1.5,63,0.429,-5.0684,-319.31,2h,holdout,0.325,97
5.0,2.0,63,0.397,-6.1367,-386.61,2h,holdout,0.325,97
1.5,0.25,62,0.677,1.2604,78.14,2h,holdout,0.35,97
1.5,0.5,62,0.597,0.884,54.81,2h,holdout,0.35,97
1.5,0.75,62,0.516,0.1222,7.58,2h,holdout,0.35,97
1.5,1.0,62,0.516,-0.5118,-31.73,2h,holdout,0.35,97
1.5,1.5,62,0.516,-1.6361,-101.44,2h,holdout,0.35,97
1.5,2.0,62,0.5,-2.6088,-161.74,2h,holdout,0.35,97
2.0,0.25,62,0.677,1.6711,103.61,2h,holdout,0.35,97
2.0,0.5,62,0.597,1.5093,93.58,2h,holdout,0.35,97
2.0,0.75,62,0.516,1.2237,75.87,2h,holdout,0.35,97
2.0,1.0,62,0.516,0.6245,38.72,2h,holdout,0.35,97
2.0,1.5,62,0.5,-1.7645,-109.4,2h,holdout,0.35,97
2.0,2.0,62,0.468,-2.8647,-177.61,2h,holdout,0.35,97
2.5,0.25,62,0.661,1.5977,99.06,2h,holdout,0.35,97
2.5,0.5,62,0.581,1.4348,88.96,2h,holdout,0.35,97
2.5,0.75,62,0.516,0.882,54.68,2h,holdout,0.35,97
2.5,1.0,62,0.516,0.3109,19.27,2h,holdout,0.35,97
2.5,1.5,62,0.484,-2.0098,-124.61,2h,holdout,0.35,97
2.5,2.0,62,0.452,-3.0738,-190.57,2h,holdout,0.35,97
3.0,0.25,62,0.661,1.5801,97.96,2h,holdout,0.35,97
3.0,0.5,62,0.581,1.3691,84.89,2h,holdout,0.35,97
3.0,0.75,62,0.5,-0.0258,-1.6,2h,holdout,0.35,97
3.0,1.0,62,0.5,-0.4058,-25.16,2h,holdout,0.35,97
3.0,1.5,62,0.484,-2.4519,-152.02,2h,holdout,0.35,97
3.0,2.0,62,0.435,-3.4387,-213.2,2h,holdout,0.35,97
3.5,0.25,62,0.661,1.8787,116.48,2h,holdout,0.35,97
3.5,0.5,62,0.581,1.7479,108.37,2h,holdout,0.35,97
3.5,0.75,62,0.516,0.3642,22.58,2h,holdout,0.35,97
3.5,1.0,62,0.5,-0.0366,-2.27,2h,holdout,0.35,97
3.5,1.5,62,0.484,-2.1085,-130.73,2h,holdout,0.35,97
3.5,2.0,62,0.452,-3.1105,-192.85,2h,holdout,0.35,97
4.0,0.25,62,0.661,1.7807,110.4,2h,holdout,0.35,97
4.0,0.5,62,0.565,0.5909,36.63,2h,holdout,0.35,97
4.0,0.75,62,0.484,-0.8293,-51.42,2h,holdout,0.35,97
4.0,1.0,62,0.468,-1.2701,-78.74,2h,holdout,0.35,97
4.0,1.5,62,0.452,-3.3941,-210.43,2h,holdout,0.35,97
4.0,2.0,62,0.419,-4.4283,-274.55,2h,holdout,0.35,97
4.5,0.25,62,0.661,1.8823,116.7,2h,holdout,0.35,97
4.5,0.5,62,0.565,0.6475,40.14,2h,holdout,0.35,97
4.5,0.75,62,0.484,-0.7454,-46.22,2h,holdout,0.35,97
4.5,1.0,62,0.468,-1.1974,-74.24,2h,holdout,0.35,97
4.5,1.5,62,0.452,-3.3804,-209.58,2h,holdout,0.35,97
4.5,2.0,62,0.419,-4.4521,-276.03,2h,holdout,0.35,97
5.0,0.25,62,0.629,0.1457,9.03,2h,holdout,0.35,97
5.0,0.5,62,0.532,-0.8206,-50.88,2h,holdout,0.35,97
5.0,0.75,62,0.468,-2.1333,-132.26,2h,holdout,0.35,97
5.0,1.0,62,0.452,-2.5578,-158.59,2h,holdout,0.35,97
5.0,1.5,62,0.435,-4.7205,-292.67,2h,holdout,0.35,97
5.0,2.0,62,0.403,-5.7839,-358.6,2h,holdout,0.35,97
1.5,0.25,61,0.672,1.3854,84.51,2h,holdout,0.375,97
1.5,0.5,61,0.623,1.3789,84.11,2h,holdout,0.375,97
1.5,0.75,61,0.557,0.6569,40.07,2h,holdout,0.375,97
1.5,1.0,61,0.525,0.0261,1.59,2h,holdout,0.375,97
1.5,1.5,61,0.508,-1.074,-65.51,2h,holdout,0.375,97
1.5,2.0,61,0.492,-2.0336,-124.05,2h,holdout,0.375,97
2.0,0.25,61,0.672,1.7406,106.18,2h,holdout,0.375,97
2.0,0.5,61,0.59,1.5865,96.78,2h,holdout,0.375,97
2.0,0.75,61,0.525,1.3028,79.47,2h,holdout,0.375,97
2.0,1.0,61,0.508,0.6906,42.12,2h,holdout,0.375,97
2.0,1.5,61,0.492,-1.6976,-103.56,2h,holdout,0.375,97
2.0,2.0,61,0.459,-2.8019,-170.91,2h,holdout,0.375,97
2.5,0.25,61,0.656,1.6429,100.21,2h,holdout,0.375,97
2.5,0.5,61,0.574,1.3972,85.23,2h,holdout,0.375,97
2.5,0.75,61,0.525,0.7979,48.67,2h,holdout,0.375,97
2.5,1.0,61,0.508,0.1153,7.03,2h,holdout,0.375,97
2.5,1.5,61,0.492,-2.335,-142.44,2h,holdout,0.375,97
2.5,2.0,61,0.443,-3.4701,-211.68,2h,holdout,0.375,97
3.0,0.25,61,0.656,1.6258,99.18,2h,holdout,0.375,97
3.0,0.5,61,0.574,1.3315,81.22,2h,holdout,0.375,97
3.0,0.75,61,0.508,-0.0381,-2.32,2h,holdout,0.375,97
3.0,1.0,61,0.492,-0.5785,-35.29,2h,holdout,0.375,97
3.0,1.5,61,0.475,-2.8713,-175.15,2h,holdout,0.375,97
3.0,2.0,61,0.443,-3.9277,-239.59,2h,holdout,0.375,97
3.5,0.25,61,0.656,1.9283,117.62,2h,holdout,0.375,97
3.5,0.5,61,0.574,1.7156,104.65,2h,holdout,0.375,97
3.5,0.75,61,0.525,0.2914,17.77,2h,holdout,0.375,97
3.5,1.0,61,0.492,-0.1295,-7.9,2h,holdout,0.375,97
3.5,1.5,61,0.475,-2.2003,-134.22,2h,holdout,0.375,97
3.5,2.0,61,0.443,-3.1979,-195.07,2h,holdout,0.375,97
4.0,0.25,61,0.656,1.83,111.63,2h,holdout,0.375,97
4.0,0.5,61,0.557,0.5522,33.68,2h,holdout,0.375,97
4.0,0.75,61,0.492,-0.9446,-57.62,2h,holdout,0.375,97
4.0,1.0,61,0.459,-1.4165,-86.4,2h,holdout,0.375,97
4.0,1.5,61,0.443,-3.5477,-216.41,2h,holdout,0.375,97
4.0,2.0,61,0.41,-4.5813,-279.46,2h,holdout,0.375,97
4.5,0.25,61,0.656,1.8955,115.62,2h,holdout,0.375,97
4.5,0.5,61,0.557,0.5746,35.05,2h,holdout,0.375,97
4.5,0.75,61,0.492,-0.9383,-57.24,2h,holdout,0.375,97
4.5,1.0,61,0.459,-1.4191,-86.57,2h,holdout,0.375,97
4.5,1.5,61,0.443,-3.5605,-217.19,2h,holdout,0.375,97
4.5,2.0,61,0.41,-4.5999,-280.59,2h,holdout,0.375,97
5.0,0.25,61,0.623,0.1825,11.13,2h,holdout,0.375,97
5.0,0.5,61,0.525,-0.9601,-58.56,2h,holdout,0.375,97
5.0,0.75,61,0.475,-2.4271,-148.06,2h,holdout,0.375,97
5.0,1.0,61,0.443,-2.9083,-177.4,2h,holdout,0.375,97
5.0,1.5,61,0.426,-5.0928,-310.66,2h,holdout,0.375,97
5.0,2.0,61,0.393,-6.16,-375.76,2h,holdout,0.375,97
1.5,0.25,61,0.672,0.8046,49.08,2h,holdout,0.4,97
1.5,0.5,61,0.623,0.8513,51.93,2h,holdout,0.4,97
1.5,0.75,61,0.574,0.1744,10.64,2h,holdout,0.4,97
1.5,1.0,61,0.525,-0.4275,-26.08,2h,holdout,0.4,97
1.5,1.5,61,0.508,-1.4911,-90.96,2h,holdout,0.4,97
1.5,2.0,61,0.492,-2.4277,-148.09,2h,holdout,0.4,97
2.0,0.25,61,0.672,1.1185,68.23,2h,holdout,0.4,97
2.0,0.5,61,0.59,0.9389,57.28,2h,holdout,0.4,97
2.0,0.75,61,0.525,0.4921,30.02,2h,holdout,0.4,97
2.0,1.0,61,0.508,-0.0737,-4.5,2h,holdout,0.4,97
2.0,1.5,61,0.492,-2.3805,-145.21,2h,holdout,0.4,97
2.0,2.0,61,0.459,-3.4498,-210.44,2h,holdout,0.4,97
2.5,0.25,61,0.656,1.0742,65.52,2h,holdout,0.4,97
2.5,0.5,61,0.574,0.9241,56.37,2h,holdout,0.4,97
2.5,0.75,61,0.525,0.6294,38.4,2h,holdout,0.4,97
2.5,1.0,61,0.508,0.0268,1.64,2h,holdout,0.4,97
2.5,1.5,61,0.492,-2.329,-142.07,2h,holdout,0.4,97
2.5,2.0,61,0.459,-3.4258,-208.97,2h,holdout,0.4,97
3.0,0.25,61,0.656,1.058,64.54,2h,holdout,0.4,97
3.0,0.5,61,0.574,0.8201,50.03,2h,holdout,0.4,97
3.0,0.75,61,0.508,-0.521,-31.78,2h,holdout,0.4,97
3.0,1.0,61,0.492,-1.0349,-63.13,2h,holdout,0.4,97
3.0,1.5,61,0.475,-3.2754,-199.8,2h,holdout,0.4,97
3.0,2.0,61,0.443,-4.3124,-263.06,2h,holdout,0.4,97
3.5,0.25,61,0.656,1.2442,75.9,2h,holdout,0.4,97
3.5,0.5,61,0.574,1.1719,71.48,2h,holdout,0.4,97
3.5,0.75,61,0.508,-0.2094,-12.77,2h,holdout,0.4,97
3.5,1.0,61,0.492,-0.5999,-36.6,2h,holdout,0.4,97
3.5,1.5,61,0.475,-2.6131,-159.4,2h,holdout,0.4,97
3.5,2.0,61,0.443,-3.5805,-218.41,2h,holdout,0.4,97
4.0,0.25,61,0.656,1.2624,77.01,2h,holdout,0.4,97
4.0,0.5,61,0.557,0.0559,3.41,2h,holdout,0.4,97
4.0,0.75,61,0.492,-1.4145,-86.28,2h,holdout,0.4,97
4.0,1.0,61,0.459,-1.8639,-113.7,2h,holdout,0.4,97
4.0,1.5,61,0.443,-3.946,-240.71,2h,holdout,0.4,97
4.0,2.0,61,0.41,-4.9539,-302.19,2h,holdout,0.4,97
4.5,0.25,61,0.656,1.3278,81.0,2h,holdout,0.4,97
4.5,0.5,61,0.557,0.0783,4.78,2h,holdout,0.4,97
4.5,0.75,61,0.492,-1.4081,-85.9,2h,holdout,0.4,97
4.5,1.0,61,0.459,-1.8666,-113.86,2h,holdout,0.4,97
4.5,1.5,61,0.443,-3.9588,-241.49,2h,holdout,0.4,97
4.5,2.0,61,0.41,-4.9725,-303.32,2h,holdout,0.4,97
5.0,0.25,61,0.639,0.3439,20.98,2h,holdout,0.4,97
5.0,0.5,61,0.541,-0.8271,-50.45,2h,holdout,0.4,97
5.0,0.75,61,0.475,-2.2775,-138.93,2h,holdout,0.4,97
5.0,1.0,61,0.443,-2.7388,-167.07,2h,holdout,0.4,97
5.0,1.5,61,0.426,-4.8756,-297.41,2h,holdout,0.4,97
5.0,2.0,61,0.393,-5.9172,-360.95,2h,holdout,0.4,97
1.5,0.25,61,0.672,0.8094,49.37,2h,holdout,0.425,97
1.5,0.5,61,0.639,0.7958,48.54,2h,holdout,0.425,97
1.5,0.75,61,0.574,0.1704,10.39,2h,holdout,0.425,97
1.5,1.0,61,0.525,-0.4053,-24.72,2h,holdout,0.425,97
1.5,1.5,61,0.508,-1.4407,-87.88,2h,holdout,0.425,97
1.5,2.0,61,0.492,-2.3616,-144.06,2h,holdout,0.425,97
2.0,0.25,61,0.672,1.2046,73.48,2h,holdout,0.425,97
2.0,0.5,61,0.607,1.2919,78.81,2h,holdout,0.425,97
2.0,0.75,61,0.541,0.9102,55.52,2h,holdout,0.425,97
2.0,1.0,61,0.525,0.3792,23.13,2h,holdout,0.425,97
2.0,1.5,61,0.508,-1.8717,-114.17,2h,holdout,0.425,97
2.0,2.0,61,0.475,-2.9223,-178.26,2h,holdout,0.425,97
2.5,0.25,61,0.656,1.2857,78.43,2h,holdout,0.425,97
2.5,0.5,61,0.59,1.0756,65.61,2h,holdout,0.425,97
2.5,0.75,61,0.525,0.7889,48.13,2h,holdout,0.425,97
2.5,1.0,61,0.508,0.1965,11.99,2h,holdout,0.425,97
2.5,1.5,61,0.492,-2.1329,-130.11,2h,holdout,0.425,97
2.5,2.0,61,0.459,-3.2283,-196.93,2h,holdout,0.425,97
3.0,0.25,61,0.656,1.2703,77.49,2h,holdout,0.425,97
3.0,0.5,61,0.59,1.0193,62.18,2h,holdout,0.425,97
3.0,0.75,61,0.508,-0.3335,-20.34,2h,holdout,0.425,97
3.0,1.0,61,0.492,-0.8474,-51.69,2h,holdout,0.425,97
3.0,1.5,61,0.475,-3.0699,-187.26,2h,holdout,0.425,97
3.0,2.0,61,0.443,-4.1093,-250.67,2h,holdout,0.425,97
3.5,0.25,61,0.656,1.2703,77.49,2h,holdout,0.425,97
3.5,0.5,61,0.59,1.0193,62.18,2h,holdout,0.425,97
3.5,0.75,61,0.508,-0.3956,-24.13,2h,holdout,0.425,97
3.5,1.0,61,0.492,-0.7735,-47.18,2h,holdout,0.425,97
3.5,1.5,61,0.475,-2.7503,-167.77,2h,holdout,0.425,97
3.5,2.0,61,0.426,-3.7009,-225.75,2h,holdout,0.425,97
4.0,0.25,61,0.656,1.5705,95.8,2h,holdout,0.425,97
4.0,0.5,61,0.59,1.4016,85.5,2h,holdout,0.425,97
4.0,0.75,61,0.525,-0.0007,-0.04,2h,holdout,0.425,97
4.0,1.0,61,0.492,-0.3993,-24.36,2h,holdout,0.425,97
4.0,1.5,61,0.475,-2.402,-146.52,2h,holdout,0.425,97
4.0,2.0,61,0.443,-3.3679,-205.44,2h,holdout,0.425,97
4.5,0.25,61,0.656,1.5404,93.96,2h,holdout,0.425,97
4.5,0.5,61,0.574,0.2926,17.85,2h,holdout,0.425,97
4.5,0.75,61,0.508,-1.2075,-73.66,2h,holdout,0.425,97
4.5,1.0,61,0.459,-1.6702,-101.88,2h,holdout,0.425,97
4.5,1.5,61,0.443,-3.7475,-228.6,2h,holdout,0.425,97
4.5,2.0,61,0.41,-4.7573,-290.2,2h,holdout,0.425,97
5.0,0.25,61,0.656,1.5777,96.24,2h,holdout,0.425,97
5.0,0.5,61,0.574,0.3281,20.01,2h,holdout,0.425,97
5.0,0.75,61,0.508,-1.1452,-69.86,2h,holdout,0.425,97
5.0,1.0,61,0.459,-1.6143,-98.47,2h,holdout,0.425,97
5.0,1.5,61,0.443,-3.7406,-228.17,2h,holdout,0.425,97
5.0,2.0,61,0.41,-4.7815,-291.67,2h,holdout,0.425,97
1.5,0.25,59,0.695,2.0996,123.88,2h,holdout,0.45,97
1.5,0.5,59,0.678,1.9316,113.97,2h,holdout,0.45,97
1.5,0.75,59,0.61,1.2609,74.39,2h,holdout,0.45,97
1.5,1.0,59,0.542,0.6623,39.07,2h,holdout,0.45,97
1.5,1.5,59,0.508,-0.394,-23.24,2h,holdout,0.45,97
1.5,2.0,59,0.492,-1.3223,-78.02,2h,holdout,0.45,97
2.0,0.25,59,0.695,3.0238,178.41,2h,holdout,0.45,97
2.0,0.5,59,0.644,3.0442,179.61,2h,holdout,0.45,97
2.0,0.75,59,0.576,2.6569,156.76,2h,holdout,0.45,97
2.0,1.0,59,0.542,2.1244,125.34,2h,holdout,0.45,97
2.0,1.5,59,0.525,-0.1469,-8.67,2h,holdout,0.45,97
2.0,2.0,59,0.492,-1.1982,-70.69,2h,holdout,0.45,97
2.5,0.25,59,0.695,3.1157,183.82,2h,holdout,0.45,97
2.5,0.5,59,0.627,2.8304,166.99,2h,holdout,0.45,97
2.5,0.75,59,0.559,2.5299,149.27,2h,holdout,0.45,97
2.5,1.0,59,0.525,1.9354,114.19,2h,holdout,0.45,97
2.5,1.5,59,0.508,-0.4166,-24.58,2h,holdout,0.45,97
2.5,2.0,59,0.475,-1.514,-89.33,2h,holdout,0.45,97
3.0,0.25,59,0.695,3.1157,183.82,2h,holdout,0.45,97
3.0,0.5,59,0.627,2.8499,168.15,2h,holdout,0.45,97
3.0,0.75,59,0.542,1.4633,86.33,2h,holdout,0.45,97
3.0,1.0,59,0.508,0.9574,56.49,2h,holdout,0.45,97
3.0,1.5,59,0.492,-1.273,-75.11,2h,holdout,0.45,97
3.0,2.0,59,0.475,-2.3056,-136.03,2h,holdout,0.45,97
3.5,0.25,59,0.695,3.1006,182.94,2h,holdout,0.45,97
3.5,0.5,59,0.627,2.7851,164.32,2h,holdout,0.45,97
3.5,0.75,59,0.542,1.316,77.65,2h,holdout,0.45,97
3.5,1.0,59,0.508,0.9369,55.28,2h,holdout,0.45,97
3.5,1.5,59,0.492,-1.0542,-62.2,2h,holdout,0.45,97
3.5,2.0,59,0.458,-1.995,-117.71,2h,holdout,0.45,97
4.0,0.25,59,0.695,3.4098,201.18,2h,holdout,0.45,97
4.0,0.5,59,0.627,3.1793,187.58,2h,holdout,0.45,97
4.0,0.75,59,0.559,1.7238,101.7,2h,holdout,0.45,97
4.0,1.0,59,0.508,1.3233,78.07,2h,holdout,0.45,97
4.0,1.5,59,0.492,-0.6944,-40.97,2h,holdout,0.45,97
4.0,2.0,59,0.475,-1.651,-97.41,2h,holdout,0.45,97
4.5,0.25,59,0.695,3.38,199.42,2h,holdout,0.45,97
4.5,0.5,59,0.61,2.0492,120.91,2h,holdout,0.45,97
4.5,0.75,59,0.542,0.4878,28.78,2h,holdout,0.45,97
4.5,1.0,59,0.475,0.0191,1.13,2h,holdout,0.45,97
4.5,1.5,59,0.458,-2.0779,-122.59,2h,holdout,0.45,97
4.5,2.0,59,0.441,-3.081,-181.78,2h,holdout,0.45,97
5.0,0.25,59,0.695,3.38,199.42,2h,holdout,0.45,97
5.0,0.5,59,0.61,2.0492,120.91,2h,holdout,0.45,97
5.0,0.75,59,0.542,0.4878,28.78,2h,holdout,0.45,97
5.0,1.0,59,0.475,0.0191,1.13,2h,holdout,0.45,97
5.0,1.5,59,0.458,-2.0779,-122.59,2h,holdout,0.45,97
5.0,2.0,59,0.441,-3.081,-181.78,2h,holdout,0.45,97
1.5,0.25,58,0.707,3.369,195.4,2h,holdout,0.475,97
1.5,0.5,58,0.69,3.1211,181.03,2h,holdout,0.475,97
1.5,0.75,58,0.638,2.428,140.83,2h,holdout,0.475,97
1.5,1.0,58,0.569,1.8172,105.4,2h,holdout,0.475,97
1.5,1.5,58,0.517,0.7489,43.44,2h,holdout,0.475,97
1.5,2.0,58,0.5,-0.1845,-10.7,2h,holdout,0.475,97
2.0,0.25,58,0.707,4.1336,239.75,2h,holdout,0.475,97
2.0,0.5,58,0.655,3.7916,219.91,2h,holdout,0.475,97
2.0,0.75,58,0.603,3.0825,178.79,2h,holdout,0.475,97
2.0,1.0,58,0.552,2.454,142.33,2h,holdout,0.475,97
2.0,1.5,58,0.534,1.3649,79.17,2h,holdout,0.475,97
2.0,2.0,58,0.517,0.4195,24.33,2h,holdout,0.475,97
2.5,0.25,58,0.707,4.4047,255.47,2h,holdout,0.475,97
2.5,0.5,58,0.638,4.0347,234.01,2h,holdout,0.475,97
2.5,0.75,58,0.586,3.7063,214.96,2h,holdout,0.475,97
2.5,1.0,58,0.552,3.1019,179.91,2h,holdout,0.475,97
2.5,1.5,58,0.517,0.7349,42.62,2h,holdout,0.475,97
2.5,2.0,58,0.483,-0.3733,-21.65,2h,holdout,0.475,97
3.0,0.25,58,0.707,4.4047,255.47,2h,holdout,0.475,97
3.0,0.5,58,0.638,4.0666,235.86,2h,holdout,0.475,97
3.0,0.75,58,0.586,3.4026,197.35,2h,holdout,0.475,97
3.0,1.0,58,0.552,2.7363,158.71,2h,holdout,0.475,97
3.0,1.5,58,0.517,0.3182,18.46,2h,holdout,0.475,97
3.0,2.0,58,0.483,-0.8142,-47.22,2h,holdout,0.475,97
3.5,0.25,58,0.707,4.3902,254.63,2h,holdout,0.475,97
3.5,0.5,58,0.638,4.0017,232.1,2h,holdout,0.475,97
3.5,0.75,58,0.569,2.5843,149.89,2h,holdout,0.475,97
3.5,1.0,58,0.534,2.0148,116.86,2h,holdout,0.475,97
3.5,1.5,58,0.5,-0.2829,-16.41,2h,holdout,0.475,97
3.5,2.0,58,0.483,-1.3481,-78.19,2h,holdout,0.475,97
4.0,0.25,58,0.707,4.7035,272.8,2h,holdout,0.475,97
4.0,0.5,58,0.638,4.4018,255.3,2h,holdout,0.475,97
4.0,0.75,58,0.586,2.8966,168.0,2h,holdout,0.475,97
4.0,1.0,58,0.534,2.4833,144.03,2h,holdout,0.475,97
4.0,1.5,58,0.5,0.4527,26.26,2h,holdout,0.475,97
4.0,2.0,58,0.483,-0.5051,-29.3,2h,holdout,0.475,97
4.5,0.25,58,0.707,4.6701,270.86,2h,holdout,0.475,97
4.5,0.5,58,0.638,4.2465,246.3,2h,holdout,0.475,97
4.5,0.75,58,0.586,2.699,156.54,2h,holdout,0.475,97
4.5,1.0,58,0.517,2.2625,131.23,2h,holdout,0.475,97
4.5,1.5,58,0.483,0.2062,11.96,2h,holdout,0.475,97
4.5,2.0,58,0.466,-0.7661,-44.43,2h,holdout,0.475,97
5.0,0.25,58,0.707,4.6746,271.13,2h,holdout,0.475,97
5.0,0.5,58,0.621,3.269,189.6,2h,holdout,0.475,97
5.0,0.75,58,0.569,1.6512,95.77,2h,holdout,0.475,97
5.0,1.0,58,0.5,1.1665,67.66,2h,holdout,0.475,97
5.0,1.5,58,0.466,-0.9468,-54.92,2h,holdout,0.475,97
5.0,2.0,58,0.448,-1.9532,-113.28,2h,holdout,0.475,97
1.5,0.25,58,0.69,3.0822,178.77,2h,holdout,0.5,97
1.5,0.5,58,0.69,2.6322,152.67,2h,holdout,0.5,97
1.5,0.75,58,0.621,1.9335,112.14,2h,holdout,0.5,97
1.5,1.0,58,0.552,1.3201,76.56,2h,holdout,0.5,97
1.5,1.5,58,0.483,0.2479,14.38,2h,holdout,0.5,97
1.5,2.0,58,0.466,-0.6882,-39.92,2h,holdout,0.5,97
2.0,0.25,58,0.69,4.0518,235.01,2h,holdout,0.5,97
2.0,0.5,58,0.655,3.476,201.61,2h,holdout,0.5,97
2.0,0.75,58,0.586,2.6986,156.52,2h,holdout,0.5,97
2.0,1.0,58,0.534,2.0444,118.57,2h,holdout,0.5,97
2.0,1.5,58,0.517,0.9295,53.91,2h,holdout,0.5,97
2.0,2.0,58,0.5,-0.0299,-1.73,2h,holdout,0.5,97
2.5,0.25,58,0.69,4.2176,244.62,2h,holdout,0.5,97
2.5,0.5,58,0.638,3.8855,225.36,2h,holdout,0.5,97
2.5,0.75,58,0.569,3.3855,196.36,2h,holdout,0.5,97
2.5,1.0,58,0.552,2.7908,161.87,2h,holdout,0.5,97
2.5,1.5,58,0.517,0.4644,26.94,2h,holdout,0.5,97
2.5,2.0,58,0.5,-0.6342,-36.79,2h,holdout,0.5,97
3.0,0.25,58,0.69,4.2615,247.17,2h,holdout,0.5,97
3.0,0.5,58,0.621,2.7592,160.03,2h,holdout,0.5,97
3.0,0.75,58,0.552,2.4865,144.22,2h,holdout,0.5,97
3.0,1.0,58,0.534,1.9284,111.85,2h,holdout,0.5,97
3.0,1.5,58,0.5,-0.3657,-21.21,2h,holdout,0.5,97
3.0,2.0,58,0.483,-1.444,-83.75,2h,holdout,0.5,97
3.5,0.25,58,0.69,4.2615,247.17,2h,holdout,0.5,97
3.5,0.5,58,0.621,2.7661,160.43,2h,holdout,0.5,97
3.5,0.75,58,0.534,1.3962,80.98,2h,holdout,0.5,97
3.5,1.0,58,0.517,0.9268,53.75,2h,holdout,0.5,97
3.5,1.5,58,0.483,-1.242,-72.04,2h,holdout,0.5,97
3.5,2.0,58,0.466,-2.2523,-130.64,2h,holdout,0.5,97
4.0,0.25,58,0.69,4.6975,272.46,2h,holdout,0.5,97
4.0,0.5,58,0.621,3.1707,183.9,2h,holdout,0.5,97
4.0,0.75,58,0.552,1.6944,98.28,2h,holdout,0.5,97
4.0,1.0,58,0.517,1.3121,76.1,2h,holdout,0.5,97
4.0,1.5,58,0.466,-0.6571,-38.11,2h,holdout,0.5,97
4.0,2.0,58,0.448,-1.5818,-91.74,2h,holdout,0.5,97
4.5,0.25,58,0.69,4.766,276.43,2h,holdout,0.5,97
4.5,0.5,58,0.621,3.1944,185.28,2h,holdout,0.5,97
4.5,0.75,58,0.552,1.7012,98.67,2h,holdout,0.5,97
4.5,1.0,58,0.517,1.3095,75.95,2h,holdout,0.5,97
4.5,1.5,58,0.466,-0.6704,-38.88,2h,holdout,0.5,97
4.5,2.0,58,0.448,-1.6012,-92.87,2h,holdout,0.5,97
5.0,0.25,58,0.69,4.6701,270.87,2h,holdout,0.5,97
5.0,0.5,58,0.603,2.0546,119.17,2h,holdout,0.5,97
5.0,0.75,58,0.534,0.4609,26.73,2h,holdout,0.5,97
5.0,1.0,58,0.483,0.0052,0.3,2h,holdout,0.5,97
5.0,1.5,58,0.431,-2.0488,-118.83,2h,holdout,0.5,97
5.0,2.0,58,0.414,-3.0232,-175.35,2h,holdout,0.5,97
1.5,0.25,58,0.69,3.3251,192.86,2h,holdout,0.525,97
1.5,0.5,58,0.707,2.8867,167.43,2h,holdout,0.525,97
1.5,0.75,58,0.621,2.2083,128.08,2h,holdout,0.525,97
1.5,1.0,58,0.552,1.6066,93.18,2h,holdout,0.525,97
1.5,1.5,58,0.5,0.5477,31.77,2h,holdout,0.525,97
1.5,2.0,58,0.466,-0.3808,-22.09,2h,holdout,0.525,97
2.0,0.25,58,0.69,4.1934,243.22,2h,holdout,0.525,97
2.0,0.5,58,0.69,4.0002,232.01,2h,holdout,0.525,97
2.0,0.75,58,0.603,3.2798,190.23,2h,holdout,0.525,97
2.0,1.0,58,0.552,2.6564,154.07,2h,holdout,0.525,97
2.0,1.5,58,0.534,1.5758,91.4,2h,holdout,0.525,97
2.0,2.0,58,0.5,0.6362,36.9,2h,holdout,0.525,97
2.5,0.25,58,0.69,4.5514,263.98,2h,holdout,0.525,97
2.5,0.5,58,0.672,4.3624,253.02,2h,holdout,0.525,97
2.5,0.75,58,0.586,3.9336,228.15,2h,holdout,0.525,97
2.5,1.0,58,0.552,3.3788,195.97,2h,holdout,0.525,97
2.5,1.5,58,0.517,1.115,64.67,2h,holdout,0.525,97
2.5,2.0,58,0.5,0.0387,2.24,2h,holdout,0.525,97
3.0,0.25,58,0.69,4.4939,260.65,2h,holdout,0.525,97
3.0,0.5,58,0.638,3.0117,174.68,2h,holdout,0.525,97
3.0,0.75,58,0.552,2.7485,159.42,2h,holdout,0.525,97
3.0,1.0,58,0.534,2.2047,127.87,2h,holdout,0.525,97
3.0,1.5,58,0.5,-0.0567,-3.29,2h,holdout,0.525,97
3.0,2.0,58,0.483,-1.1302,-65.55,2h,holdout,0.525,97
3.5,0.25,58,0.69,4.4939,260.65,2h,holdout,0.525,97
3.5,0.5,58,0.638,3.0307,175.78,2h,holdout,0.525,97
3.5,0.75,58,0.534,1.666,96.63,2h,holdout,0.525,97
3.5,1.0,58,0.517,1.2068,70.0,2h,holdout,0.525,97
3.5,1.5,58,0.483,-0.9317,-54.04,2h,holdout,0.525,97
3.5,2.0,58,0.466,-1.9377,-112.39,2h,holdout,0.525,97
4.0,0.25,58,0.69,4.9259,285.7,2h,holdout,0.525,97
4.0,0.5,58,0.638,3.4355,199.26,2h,holdout,0.525,97
4.0,0.75,58,0.552,2.0625,119.62,2h,holdout,0.525,97
4.0,1.0,58,0.517,1.7527,101.65,2h,holdout,0.525,97
4.0,1.5,58,0.483,-0.148,-8.59,2h,holdout,0.525,97
4.0,2.0,58,0.466,-1.0436,-60.53,2h,holdout,0.525,97
4.5,0.25,58,0.69,4.9259,285.7,2h,holdout,0.525,97
4.5,0.5,58,0.638,3.4355,199.26,2h,holdout,0.525,97
4.5,0.75,58,0.552,1.9668,114.07,2h,holdout,0.525,97
4.5,1.0,58,0.517,1.5925,92.36,2h,holdout,0.525,97
4.5,1.5,58,0.483,-0.3478,-20.17,2h,holdout,0.525,97
4.5,2.0,58,0.466,-1.2605,-73.11,2h,holdout,0.525,97
5.0,0.25,58,0.69,4.8999,284.19,2h,holdout,0.525,97
5.0,0.5,58,0.621,2.336,135.49,2h,holdout,0.525,97
5.0,0.75,58,0.534,0.7452,43.22,2h,holdout,0.525,97
5.0,1.0,58,0.483,0.2953,17.13,2h,holdout,0.525,97
5.0,1.5,58,0.448,-1.7318,-100.44,2h,holdout,0.525,97
5.0,2.0,58,0.431,-2.6953,-156.33,2h,holdout,0.525,97
1.5,0.25,58,0.707,3.6393,211.08,2h,holdout,0.55,97
1.5,0.5,58,0.69,2.9751,172.55,2h,holdout,0.55,97
1.5,0.75,58,0.621,2.3279,135.02,2h,holdout,0.55,97
1.5,1.0,58,0.569,1.7398,100.91,2h,holdout,0.55,97
1.5,1.5,58,0.517,0.3161,18.33,2h,holdout,0.55,97
1.5,2.0,58,0.466,-0.8725,-50.6,2h,holdout,0.55,97
2.0,0.25,58,0.707,4.3336,251.35,2h,holdout,0.55,97
2.0,0.5,58,0.69,3.8915,225.71,2h,holdout,0.55,97
2.0,0.75,58,0.621,3.2598,189.07,2h,holdout,0.55,97
2.0,1.0,58,0.569,2.6799,155.44,2h,holdout,0.55,97
2.0,1.5,58,0.534,1.6458,95.45,2h,holdout,0.55,97
2.0,2.0,58,0.5,0.7319,42.45,2h,holdout,0.55,97
2.5,0.25,58,0.707,4.8546,281.57,2h,holdout,0.55,97
2.5,0.5,58,0.655,4.4371,257.35,2h,holdout,0.55,97
2.5,0.75,58,0.586,4.0407,234.36,2h,holdout,0.55,97
2.5,1.0,58,0.552,3.5007,203.04,2h,holdout,0.55,97
2.5,1.5,58,0.517,1.2692,73.62,2h,holdout,0.55,97
2.5,2.0,58,0.5,0.1974,11.45,2h,holdout,0.55,97
3.0,0.25,58,0.707,4.7978,278.27,2h,holdout,0.55,97
3.0,0.5,58,0.638,4.3741,253.7,2h,holdout,0.55,97
3.0,0.75,58,0.569,4.0666,235.86,2h,holdout,0.55,97
3.0,1.0,58,0.552,3.494,202.65,2h,holdout,0.55,97
3.0,1.5,58,0.517,1.2097,70.16,2h,holdout,0.55,97
3.0,2.0,58,0.5,0.1067,6.19,2h,holdout,0.55,97
3.5,0.25,58,0.707,4.7978,278.27,2h,holdout,0.55,97
3.5,0.5,58,0.621,3.1183,180.86,2h,holdout,0.55,97
3.5,0.75,58,0.552,2.5416,147.41,2h,holdout,0.55,97
3.5,1.0,58,0.534,1.9563,113.46,2h,holdout,0.55,97
3.5,1.5,58,0.5,-0.3192,-18.51,2h,holdout,0.55,97
3.5,2.0,58,0.466,-1.4101,-81.78,2h,holdout,0.55,97
4.0,0.25,58,0.707,5.2257,303.09,2h,holdout,0.55,97
4.0,0.5,58,0.621,3.5232,204.34,2h,holdout,0.55,97
4.0,0.75,58,0.552,2.1766,126.25,2h,holdout,0.55,97
4.0,1.0,58,0.517,1.8776,108.9,2h,holdout,0.55,97
4.0,1.5,58,0.483,0.0066,0.38,2h,holdout,0.55,97
4.0,2.0,58,0.466,-0.8772,-50.88,2h,holdout,0.55,97
4.5,0.25,58,0.707,5.2257,303.09,2h,holdout,0.55,97
4.5,0.5,58,0.621,3.5232,204.34,2h,holdout,0.55,97
4.5,0.75,58,0.552,2.084,120.87,2h,holdout,0.55,97
4.5,1.0,58,0.517,1.7196,99.73,2h,holdout,0.55,97
4.5,1.5,58,0.483,-0.1916,-11.11,2h,holdout,0.55,97
4.5,2.0,58,0.466,-1.0928,-63.38,2h,holdout,0.55,97
5.0,0.25,58,0.707,5.2941,307.06,2h,holdout,0.55,97
5.0,0.5,58,0.621,3.5469,205.72,2h,holdout,0.55,97
5.0,0.75,58,0.552,2.0909,121.27,2h,holdout,0.55,97
5.0,1.0,58,0.517,1.717,99.58,2h,holdout,0.55,97
5.0,1.5,58,0.483,-0.2049,-11.88,2h,holdout,0.55,97
5.0,2.0,58,0.466,-1.1122,-64.51,2h,holdout,0.55,97
1.5,0.25,58,0.707,3.8091,220.93,2h,holdout,0.575,97
1.5,0.5,58,0.69,3.1428,182.28,2h,holdout,0.575,97
1.5,0.75,58,0.621,2.5018,145.1,2h,holdout,0.575,97
1.5,1.0,58,0.586,1.9169,111.18,2h,holdout,0.575,97
1.5,1.5,58,0.552,0.5056,29.32,2h,holdout,0.575,97
1.5,2.0,58,0.466,-0.6796,-39.42,2h,holdout,0.575,97
2.0,0.25,58,0.707,4.206,243.95,2h,holdout,0.575,97
2.0,0.5,58,0.69,3.5941,208.46,2h,holdout,0.575,97
2.0,0.75,58,0.621,2.911,168.84,2h,holdout,0.575,97
2.0,1.0,58,0.586,2.3013,133.48,2h,holdout,0.575,97
2.0,1.5,58,0.552,1.2322,71.47,2h,holdout,0.575,97
2.0,2.0,58,0.5,0.2974,17.25,2h,holdout,0.575,97
2.5,0.25,58,0.707,4.9152,285.08,2h,holdout,0.575,97
2.5,0.5,58,0.655,4.4642,258.92,2h,holdout,0.575,97
2.5,0.75,58,0.586,3.927,227.77,2h,holdout,0.575,97
2.5,1.0,58,0.569,3.258,188.96,2h,holdout,0.575,97
2.5,1.5,58,0.552,2.1218,123.06,2h,holdout,0.575,97
2.5,2.0,58,0.517,1.1517,66.8,2h,holdout,0.575,97
3.0,0.25,58,0.707,4.9205,285.39,2h,holdout,0.575,97
3.0,0.5,58,0.638,4.3608,252.93,2h,holdout,0.575,97
3.0,0.75,58,0.569,3.921,227.42,2h,holdout,0.575,97
3.0,1.0,58,0.569,3.3578,194.75,2h,holdout,0.575,97
3.0,1.5,58,0.534,1.1177,64.83,2h,holdout,0.575,97
3.0,2.0,58,0.5,0.0274,1.59,2h,holdout,0.575,97
3.5,0.25,58,0.707,4.9577,287.54,2h,holdout,0.575,97
3.5,0.5,58,0.621,3.2643,189.33,2h,holdout,0.575,97
3.5,0.75,58,0.552,3.0167,174.97,2h,holdout,0.575,97
3.5,1.0,58,0.552,2.4947,144.69,2h,holdout,0.575,97
3.5,1.5,58,0.517,0.2888,16.75,2h,holdout,0.575,97
3.5,2.0,58,0.483,-0.7808,-45.29,2h,holdout,0.575,97
4.0,0.25,58,0.707,5.0763,294.42,2h,holdout,0.575,97
4.0,0.5,58,0.621,3.3167,192.37,2h,holdout,0.575,97
4.0,0.75,58,0.552,1.9706,114.3,2h,holdout,0.575,97
4.0,1.0,58,0.534,1.5189,88.1,2h,holdout,0.575,97
4.0,1.5,58,0.5,-0.5755,-33.38,2h,holdout,0.575,97
4.0,2.0,58,0.466,-1.5828,-91.8,2h,holdout,0.575,97
4.5,0.25,58,0.707,5.3816,312.14,2h,holdout,0.575,97
4.5,0.5,58,0.621,3.6885,213.94,2h,holdout,0.575,97
4.5,0.75,58,0.552,2.2556,130.82,2h,holdout,0.575,97
4.5,1.0,58,0.534,1.8907,109.66,2h,holdout,0.575,97
4.5,1.5,58,0.5,-0.0014,-0.08,2h,holdout,0.575,97
4.5,2.0,58,0.466,-0.8962,-51.98,2h,holdout,0.575,97
5.0,0.25,58,0.707,5.4499,316.09,2h,holdout,0.575,97
5.0,0.5,58,0.621,3.7123,215.31,2h,holdout,0.575,97
5.0,0.75,58,0.552,2.2624,131.22,2h,holdout,0.575,97
5.0,1.0,58,0.534,1.8881,109.51,2h,holdout,0.575,97
5.0,1.5,58,0.5,-0.0147,-0.85,2h,holdout,0.575,97
5.0,2.0,58,0.466,-0.9156,-53.1,2h,holdout,0.575,97
1.5,0.25,58,0.707,3.6687,212.78,2h,holdout,0.6,97
1.5,0.5,58,0.707,2.8479,165.18,2h,holdout,0.6,97
1.5,0.75,58,0.621,2.1547,124.97,2h,holdout,0.6,97
1.5,1.0,58,0.586,1.54,89.32,2h,holdout,0.6,97
1.5,1.5,58,0.534,0.1028,5.96,2h,holdout,0.6,97
1.5,2.0,58,0.448,-1.1017,-63.9,2h,holdout,0.6,97
2.0,0.25,58,0.707,3.9775,230.7,2h,holdout,0.6,97
2.0,0.5,58,0.707,3.309,191.92,2h,holdout,0.6,97
2.0,0.75,58,0.621,2.6744,155.12,2h,holdout,0.6,97
2.0,1.0,58,0.586,2.093,121.39,2h,holdout,0.6,97
2.0,1.5,58,0.552,1.055,61.19,2h,holdout,0.6,97
2.0,2.0,58,0.466,0.1378,7.99,2h,holdout,0.6,97
2.5,0.25,58,0.707,4.9145,285.04,2h,holdout,0.6,97
2.5,0.5,58,0.672,4.1331,239.72,2h,holdout,0.6,97
2.5,0.75,58,0.586,3.4271,198.77,2h,holdout,0.6,97
2.5,1.0,58,0.569,2.8074,162.83,2h,holdout,0.6,97
2.5,1.5,58,0.534,1.7291,100.28,2h,holdout,0.6,97
2.5,2.0,58,0.5,0.7898,45.81,2h,holdout,0.6,97
3.0,0.25,58,0.707,5.0875,295.07,2h,holdout,0.6,97
3.0,0.5,58,0.655,4.5668,264.88,2h,holdout,0.6,97
3.0,0.75,58,0.569,4.1541,240.94,2h,holdout,0.6,97
3.0,1.0,58,0.569,3.6069,209.2,2h,holdout,0.6,97
3.0,1.5,58,0.534,1.4025,81.34,2h,holdout,0.6,97
3.0,2.0,58,0.5,0.3193,18.52,2h,holdout,0.6,97
3.5,0.25,58,0.707,5.1165,296.76,2h,holdout,0.6,97
3.5,0.5,58,0.638,3.4266,198.74,2h,holdout,0.6,97
3.5,0.75,58,0.552,3.1768,184.25,2h,holdout,0.6,97
3.5,1.0,58,0.552,2.6607,154.32,2h,holdout,0.6,97
3.5,1.5,58,0.517,0.4777,27.71,2h,holdout,0.6,97
3.5,2.0,58,0.483,-0.5925,-34.36,2h,holdout,0.6,97
4.0,0.25,58,0.707,5.1165,296.76,2h,holdout,0.6,97
4.0,0.5,58,0.638,3.4452,199.82,2h,holdout,0.6,97
4.0,0.75,58,0.534,2.1111,122.44,2h,holdout,0.6,97
4.0,1.0,58,0.534,1.5877,92.08,2h,holdout,0.6,97
4.0,1.5,58,0.5,-0.6096,-35.36,2h,holdout,0.6,97
4.0,2.0,58,0.466,-1.6871,-97.85,2h,holdout,0.6,97
4.5,0.25,58,0.707,5.5366,321.12,2h,holdout,0.6,97
4.5,0.5,58,0.638,3.8502,223.31,2h,holdout,0.6,97
4.5,0.75,58,0.552,2.5127,145.73,2h,holdout,0.6,97
4.5,1.0,58,0.534,2.2146,128.45,2h,holdout,0.6,97
4.5,1.5,58,0.5,0.3829,22.21,2h,holdout,0.6,97
4.5,2.0,58,0.466,-0.4874,-28.27,2h,holdout,0.6,97
5.0,0.25,58,0.707,5.6048,325.08,2h,holdout,0.6,97
5.0,0.5,58,0.638,3.874,224.69,2h,holdout,0.6,97
5.0,0.75,58,0.552,2.4329,141.11,2h,holdout,0.6,97
5.0,1.0,58,0.534,2.0584,119.39,2h,holdout,0.6,97
5.0,1.5,58,0.5,0.1747,10.13,2h,holdout,0.6,97
5.0,2.0,58,0.466,-0.7197,-41.74,2h,holdout,0.6,97
1.5,0.25,58,0.707,3.8435,222.92,2h,holdout,0.625,97
1.5,0.5,58,0.707,3.0187,175.08,2h,holdout,0.625,97
1.5,0.75,58,0.638,2.3311,135.2,2h,holdout,0.625,97
1.5,1.0,58,0.603,1.7194,99.73,2h,holdout,0.625,97
1.5,1.5,58,0.534,0.2939,17.04,2h,holdout,0.625,97
1.5,2.0,58,0.448,-0.9075,-52.63,2h,holdout,0.625,97
2.0,0.25,58,0.707,4.1447,240.39,2h,holdout,0.625,97
2.0,0.5,58,0.707,3.4737,201.48,2h,holdout,0.625,97
2.0,0.75,58,0.638,2.8458,165.06,2h,holdout,0.625,97
2.0,1.0,58,0.603,2.268,131.54,2h,holdout,0.625,97
2.0,1.5,58,0.552,1.2341,71.58,2h,holdout,0.625,97
2.0,2.0,58,0.466,0.3191,18.51,2h,holdout,0.625,97
2.5,0.25,58,0.707,4.954,287.33,2h,holdout,0.625,97
2.5,0.5,58,0.69,4.5537,264.11,2h,holdout,0.625,97
2.5,0.75,58,0.621,3.8954,225.93,2h,holdout,0.625,97
2.5,1.0,58,0.586,3.3001,191.41,2h,holdout,0.625,97
2.5,1.5,58,0.552,2.2486,130.42,2h,holdout,0.625,97
2.5,2.0,58,0.5,1.3246,76.83,2h,holdout,0.625,97
3.0,0.25,58,0.707,5.2466,304.3,2h,holdout,0.625,97
3.0,0.5,58,0.655,4.7189,273.7,2h,holdout,0.625,97
3.0,0.75,58,0.586,4.3138,250.2,2h,holdout,0.625,97
3.0,1.0,58,0.569,3.7712,218.73,2h,holdout,0.625,97
3.0,1.5,58,0.534,1.5892,92.17,2h,holdout,0.625,97
3.0,2.0,58,0.5,0.5056,29.33,2h,holdout,0.625,97
3.5,0.25,58,0.707,5.2744,305.91,2h,holdout,0.625,97
3.5,0.5,58,0.655,4.845,281.01,2h,holdout,0.625,97
3.5,0.75,58,0.586,4.5388,263.25,2h,holdout,0.625,97
3.5,1.0,58,0.569,3.9848,231.12,2h,holdout,0.625,97
3.5,1.5,58,0.534,1.7703,102.67,2h,holdout,0.625,97
3.5,2.0,58,0.5,0.6664,38.65,2h,holdout,0.625,97
4.0,0.25,58,0.707,5.2744,305.91,2h,holdout,0.625,97
4.0,0.5,58,0.638,3.596,208.57,2h,holdout,0.625,97
4.0,0.75,58,0.569,3.0326,175.89,2h,holdout,0.625,97
4.0,1.0,58,0.552,2.4627,142.84,2h,holdout,0.625,97
4.0,1.5,58,0.517,0.2537,14.71,2h,holdout,0.625,97
4.0,2.0,58,0.483,-0.8397,-48.71,2h,holdout,0.625,97
4.5,0.25,58,0.707,5.6906,330.05,2h,holdout,0.625,97
4.5,0.5,58,0.638,4.0011,232.06,2h,holdout,0.625,97
4.5,0.75,58,0.569,2.6791,155.39,2h,holdout,0.625,97
4.5,1.0,58,0.552,2.3817,138.14,2h,holdout,0.625,97
4.5,1.5,58,0.5,0.5698,33.05,2h,holdout,0.625,97
4.5,2.0,58,0.466,-0.2935,-17.02,2h,holdout,0.625,97
5.0,0.25,58,0.707,5.7587,334.0,2h,holdout,0.625,97
5.0,0.5,58,0.638,4.0249,233.44,2h,holdout,0.625,97
5.0,0.75,58,0.569,2.6023,150.93,2h,holdout,0.625,97
5.0,1.0,58,0.552,2.2277,129.21,2h,holdout,0.625,97
5.0,1.5,58,0.5,0.3631,21.06,2h,holdout,0.625,97
5.0,2.0,58,0.466,-0.5246,-30.42,2h,holdout,0.625,97
1.5,0.25,57,0.719,4.7342,269.85,2h,holdout,0.65,97
1.5,0.5,57,0.719,3.8906,221.77,2h,holdout,0.65,97
1.5,0.75,57,0.649,3.1883,181.73,2h,holdout,0.65,97
1.5,1.0,57,0.614,2.5638,146.14,2h,holdout,0.65,97
1.5,1.5,57,0.544,1.1208,63.88,2h,holdout,0.65,97
1.5,2.0,57,0.491,-0.0986,-5.62,2h,holdout,0.65,97
2.0,0.25,57,0.719,5.1321,292.53,2h,holdout,0.65,97
2.0,0.5,57,0.719,4.3963,250.59,2h,holdout,0.65,97
2.0,0.75,57,0.667,3.7406,213.22,2h,holdout,0.65,97
2.0,1.0,57,0.614,3.1431,179.16,2h,holdout,0.65,97
2.0,1.5,57,0.561,1.7319,98.72,2h,holdout,0.65,97
2.0,2.0,57,0.509,0.5317,30.3,2h,holdout,0.65,97
2.5,0.25,57,0.719,5.7675,328.75,2h,holdout,0.65,97
2.5,0.5,57,0.702,5.2443,298.92,2h,holdout,0.65,97
2.5,0.75,57,0.649,4.6038,262.42,2h,holdout,0.65,97
2.5,1.0,57,0.596,4.0133,228.76,2h,holdout,0.65,97
2.5,1.5,57,0.561,2.9614,168.8,2h,holdout,0.65,97
2.5,2.0,57,0.526,2.0336,115.91,2h,holdout,0.65,97
3.0,0.25,57,0.719,6.2453,355.98,2h,holdout,0.65,97
3.0,0.5,57,0.667,5.5876,318.49,2h,holdout,0.65,97
3.0,0.75,57,0.614,5.0002,285.01,2h,holdout,0.65,97
3.0,1.0,57,0.579,4.2984,245.01,2h,holdout,0.65,97
3.0,1.5,57,0.561,3.1172,177.68,2h,holdout,0.65,97
3.0,2.0,57,0.526,2.1173,120.69,2h,holdout,0.65,97
3.5,0.25,57,0.719,6.2405,355.71,2h,holdout,0.65,97
3.5,0.5,57,0.667,5.6007,319.24,2h,holdout,0.65,97
3.5,0.75,57,0.614,5.152,293.67,2h,holdout,0.65,97
3.5,1.0,57,0.579,4.5795,261.03,2h,holdout,0.65,97
3.5,1.5,57,0.544,2.3548,134.23,2h,holdout,0.65,97
3.5,2.0,57,0.509,1.2385,70.6,2h,holdout,0.65,97
4.0,0.25,57,0.719,6.2724,357.53,2h,holdout,0.65,97
4.0,0.5,57,0.649,4.4895,255.9,2h,holdout,0.65,97
4.0,0.75,57,0.596,4.2266,240.92,2h,holdout,0.65,97
4.0,1.0,57,0.561,3.7005,210.93,2h,holdout,0.65,97
4.0,1.5,57,0.526,1.5127,86.22,2h,holdout,0.65,97
4.0,2.0,57,0.491,0.4178,23.81,2h,holdout,0.65,97
4.5,0.25,57,0.719,6.5829,375.22,2h,holdout,0.65,97
4.5,0.5,57,0.649,4.9073,279.72,2h,holdout,0.65,97
4.5,0.75,57,0.596,3.5772,203.9,2h,holdout,0.65,97
4.5,1.0,57,0.561,3.0184,172.05,2h,holdout,0.65,97
4.5,1.5,57,0.509,0.7859,44.8,2h,holdout,0.65,97
4.5,2.0,57,0.491,-0.334,-19.04,2h,holdout,0.65,97
5.0,0.25,57,0.719,6.7612,385.39,2h,holdout,0.65,97
5.0,0.5,57,0.649,4.9434,281.77,2h,holdout,0.65,97
5.0,0.75,57,0.596,3.5731,203.67,2h,holdout,0.65,97
5.0,1.0,57,0.561,3.2484,185.16,2h,holdout,0.65,97
5.0,1.5,57,0.509,1.4007,79.84,2h,holdout,0.65,97
5.0,2.0,57,0.474,0.5178,29.51,2h,holdout,0.65,97
1.5,0.25,57,0.719,4.3408,247.43,2h,holdout,0.675,97
1.5,0.5,57,0.719,3.4392,196.03,2h,holdout,0.675,97
1.5,0.75,57,0.649,2.5952,147.93,2h,holdout,0.675,97
1.5,1.0,57,0.596,1.845,105.16,2h,holdout,0.675,97
1.5,1.5,57,0.544,0.5365,30.58,2h,holdout,0.675,97
1.5,2.0,57,0.491,-0.6004,-34.22,2h,holdout,0.675,97
2.0,0.25,57,0.719,5.0398,287.27,2h,holdout,0.675,97
2.0,0.5,57,0.719,4.4787,255.29,2h,holdout,0.675,97
2.0,0.75,57,0.667,3.8501,219.45,2h,holdout,0.675,97
2.0,1.0,57,0.614,3.2659,186.16,2h,holdout,0.675,97
2.0,1.5,57,0.561,1.8773,107.01,2h,holdout,0.675,97
2.0,2.0,57,0.526,0.6864,39.12,2h,holdout,0.675,97
2.5,0.25,57,0.719,5.3241,303.47,2h,holdout,0.675,97
2.5,0.5,57,0.702,4.7198,269.03,2h,holdout,0.675,97
2.5,0.75,57,0.649,4.0552,231.15,2h,holdout,0.675,97
2.5,1.0,57,0.596,3.4514,196.73,2h,holdout,0.675,97
2.5,1.5,57,0.561,2.3824,135.8,2h,holdout,0.675,97
2.5,2.0,57,0.544,1.4434,82.27,2h,holdout,0.675,97
3.0,0.25,57,0.719,5.8913,335.81,2h,holdout,0.675,97
3.0,0.5,57,0.667,5.3853,306.96,2h,holdout,0.675,97
3.0,0.75,57,0.614,4.814,274.4,2h,holdout,0.675,97
3.0,1.0,57,0.579,4.1338,235.62,2h,holdout,0.675,97
3.0,1.5,57,0.544,2.979,169.8,2h,holdout,0.675,97
3.0,2.0,57,0.526,1.995,113.71,2h,holdout,0.675,97
3.5,0.25,57,0.719,6.1454,350.29,2h,holdout,0.675,97
3.5,0.5,57,0.667,5.7204,326.06,2h,holdout,0.675,97
3.5,0.75,57,0.614,5.32,303.24,2h,holdout,0.675,97
3.5,1.0,57,0.579,4.7739,272.11,2h,holdout,0.675,97
3.5,1.5,57,0.544,2.5959,147.97,2h,holdout,0.675,97
3.5,2.0,57,0.526,1.4929,85.1,2h,holdout,0.675,97
4.0,0.25,57,0.719,6.1712,351.76,2h,holdout,0.675,97
4.0,0.5,57,0.649,4.559,259.86,2h,holdout,0.675,97
4.0,0.75,57,0.596,4.3235,246.44,2h,holdout,0.675,97
4.0,1.0,57,0.561,3.8133,217.36,2h,holdout,0.675,97
4.0,1.5,57,0.526,1.6587,94.54,2h,holdout,0.675,97
4.0,2.0,57,0.509,0.569,32.43,2h,holdout,0.675,97
4.5,0.25,57,0.719,6.2906,358.56,2h,holdout,0.675,97
4.5,0.5,57,0.649,4.6094,262.74,2h,holdout,0.675,97
4.5,0.75,57,0.614,4.0432,230.46,2h,holdout,0.675,97
4.5,1.0,57,0.579,3.4642,197.46,2h,holdout,0.675,97
4.5,1.5,57,0.526,1.2516,71.34,2h,holdout,0.675,97
4.5,2.0,57,0.509,0.1341,7.64,2h,holdout,0.675,97
5.0,0.25,57,0.719,6.5871,375.46,2h,holdout,0.675,97
5.0,0.5,57,0.649,4.9879,284.31,2h,holdout,0.675,97
5.0,0.75,57,0.596,3.6706,209.22,2h,holdout,0.675,97
5.0,1.0,57,0.561,3.3659,191.86,2h,holdout,0.675,97
5.0,1.5,57,0.509,1.559,88.86,2h,holdout,0.675,97
5.0,2.0,57,0.491,0.6951,39.62,2h,holdout,0.675,97
1.5,0.25,56,0.714,4.1549,232.68,2h,holdout,0.7,97
1.5,0.5,56,0.714,2.9561,165.54,2h,holdout,0.7,97
1.5,0.75,56,0.661,2.0953,117.34,2h,holdout,0.7,97
1.5,1.0,56,0.607,1.3466,75.41,2h,holdout,0.7,97
1.5,1.5,56,0.518,0.0472,2.64,2h,holdout,0.7,97
1.5,2.0,56,0.464,-1.0807,-60.52,2h,holdout,0.7,97
2.0,0.25,56,0.714,4.6509,260.45,2h,holdout,0.7,97
2.0,0.5,56,0.714,4.0129,224.72,2h,holdout,0.7,97
2.0,0.75,56,0.661,3.3614,188.24,2h,holdout,0.7,97
2.0,1.0,56,0.625,2.7672,154.96,2h,holdout,0.7,97
2.0,1.5,56,0.571,1.3735,76.92,2h,holdout,0.7,97
2.0,2.0,56,0.518,0.1785,10.0,2h,holdout,0.7,97
2.5,0.25,56,0.714,4.9398,276.63,2h,holdout,0.7,97
2.5,0.5,56,0.714,4.4655,250.07,2h,holdout,0.7,97
2.5,0.75,56,0.661,3.879,217.22,2h,holdout,0.7,97
2.5,1.0,56,0.625,3.3219,186.03,2h,holdout,0.7,97
2.5,1.5,56,0.571,1.9559,109.53,2h,holdout,0.7,97
2.5,2.0,56,0.536,0.7598,42.55,2h,holdout,0.7,97
3.0,0.25,56,0.714,5.7344,321.12,2h,holdout,0.7,97
3.0,0.5,56,0.696,5.558,311.25,2h,holdout,0.7,97
3.0,0.75,56,0.643,4.9489,277.14,2h,holdout,0.7,97
3.0,1.0,56,0.607,4.3772,245.12,2h,holdout,0.7,97
3.0,1.5,56,0.571,3.351,187.66,2h,holdout,0.7,97
3.0,2.0,56,0.554,2.4419,136.74,2h,holdout,0.7,97
3.5,0.25,56,0.714,6.0576,339.23,2h,holdout,0.7,97
3.5,0.5,56,0.661,5.6578,316.84,2h,holdout,0.7,97
3.5,0.75,56,0.607,5.1474,288.25,2h,holdout,0.7,97
3.5,1.0,56,0.589,4.4885,251.36,2h,holdout,0.7,97
3.5,1.5,56,0.571,3.358,188.05,2h,holdout,0.7,97
3.5,2.0,56,0.554,2.3906,133.87,2h,holdout,0.7,97
4.0,0.25,56,0.714,6.0539,339.02,2h,holdout,0.7,97
4.0,0.5,56,0.661,5.6682,317.42,2h,holdout,0.7,97
4.0,0.75,56,0.607,5.2938,296.45,2h,holdout,0.7,97
4.0,1.0,56,0.589,4.7641,266.79,2h,holdout,0.7,97
4.0,1.5,56,0.554,2.6059,145.93,2h,holdout,0.7,97
4.0,2.0,56,0.536,1.5132,84.74,2h,holdout,0.7,97
4.5,0.25,56,0.714,6.2039,347.42,2h,holdout,0.7,97
4.5,0.5,56,0.643,4.5687,255.85,2h,holdout,0.7,97
4.5,0.75,56,0.607,4.3698,244.71,2h,holdout,0.7,97
4.5,1.0,56,0.589,3.8838,217.49,2h,holdout,0.7,97
4.5,1.5,56,0.536,1.7575,98.42,2h,holdout,0.7,97
4.5,2.0,56,0.518,0.683,38.25,2h,holdout,0.7,97
5.0,0.25,56,0.714,6.3964,358.2,2h,holdout,0.7,97
5.0,0.5,56,0.643,4.9562,277.55,2h,holdout,0.7,97
5.0,0.75,56,0.589,3.7039,207.42,2h,holdout,0.7,97
5.0,1.0,56,0.571,3.1868,178.46,2h,holdout,0.7,97
5.0,1.5,56,0.518,1.0187,57.05,2h,holdout,0.7,97
5.0,2.0,56,0.518,-0.0789,-4.42,2h,holdout,0.7,97
