r_target,expiry_days,n,win_rate,avg_pnl,total_pnl,tf,split,depth_frac,n_zones
5.0,0.25,1577,0.376,-0.24,-378.5,15m,train,0.3,2354
5.0,0.5,1577,0.295,-1.5149,-2389.02,15m,train,0.3,2354
5.0,0.75,1577,0.255,-2.4747,-3902.67,15m,train,0.3,2354
5.0,1.0,1577,0.235,-3.2706,-5157.67,15m,train,0.3,2354
5.0,1.5,1577,0.216,-4.5393,-7158.44,15m,train,0.3,2354
5.0,2.0,1577,0.207,-5.5879,-8812.06,15m,train,0.3,2354
6.0,0.25,1577,0.367,-0.2405,-379.3,15m,train,0.3,2354
6.0,0.5,1577,0.28,-1.5159,-2390.56,15m,train,0.3,2354
6.0,0.75,1577,0.237,-2.566,-4046.6,15m,train,0.3,2354
6.0,1.0,1577,0.214,-3.3854,-5338.83,15m,train,0.3,2354
6.0,1.5,1577,0.192,-4.6573,-7344.51,15m,train,0.3,2354
6.0,2.0,1577,0.183,-5.7051,-8996.96,15m,train,0.3,2354
7.0,0.25,1577,0.365,-0.1588,-250.4,15m,train,0.3,2354
7.0,0.5,1577,0.275,-1.3682,-2157.64,15m,train,0.3,2354
7.0,0.75,1577,0.232,-2.364,-3728.0,15m,train,0.3,2354
7.0,1.0,1577,0.207,-3.175,-5007.03,15m,train,0.3,2354
7.0,1.5,1577,0.186,-4.4528,-7022.07,15m,train,0.3,2354
7.0,2.0,1577,0.176,-5.4944,-8664.64,15m,train,0.3,2354
8.0,0.25,1577,0.364,-0.0988,-155.76,15m,train,0.3,2354
8.0,0.5,1577,0.272,-1.2513,-1973.29,15m,train,0.3,2354
8.0,0.75,1577,0.229,-2.2185,-3498.65,15m,train,0.3,2354
8.0,1.0,1577,0.203,-3.0046,-4738.31,15m,train,0.3,2354
8.0,1.5,1577,0.181,-4.2707,-6734.91,15m,train,0.3,2354
8.0,2.0,1577,0.168,-5.2969,-8353.15,15m,train,0.3,2354
10.0,0.25,1577,0.363,-0.0858,-135.27,15m,train,0.3,2354
10.0,0.5,1577,0.266,-1.2119,-1911.15,15m,train,0.3,2354
10.0,0.75,1577,0.219,-2.1583,-3403.6,15m,train,0.3,2354
10.0,1.0,1577,0.192,-2.9384,-4633.82,15m,train,0.3,2354
10.0,1.5,1577,0.167,-4.2338,-6676.65,15m,train,0.3,2354
10.0,2.0,1577,0.15,-5.267,-8306.04,15m,train,0.3,2354
12.0,0.25,1577,0.361,-0.0589,-92.88,15m,train,0.3,2354
12.0,0.5,1577,0.263,-1.1626,-1833.42,15m,train,0.3,2354
12.0,0.75,1577,0.214,-2.0535,-3238.31,15m,train,0.3,2354
12.0,1.0,1577,0.186,-2.8023,-4419.22,15m,train,0.3,2354
12.0,1.5,1577,0.159,-4.0235,-6345.12,15m,train,0.3,2354
12.0,2.0,1577,0.142,-5.0067,-7895.64,15m,train,0.3,2354
15.0,0.25,1577,0.361,-0.0406,-64.09,15m,train,0.3,2354
15.0,0.5,1577,0.262,-1.1557,-1822.52,15m,train,0.3,2354
15.0,0.75,1577,0.214,-2.0332,-3206.3,15m,train,0.3,2354
15.0,1.0,1577,0.185,-2.7461,-4330.61,15m,train,0.3,2354
15.0,1.5,1577,0.156,-3.9545,-6236.19,15m,train,0.3,2354
15.0,2.0,1577,0.136,-4.9168,-7753.77,15m,train,0.3,2354
20.0,0.25,1577,0.361,-0.0443,-69.86,15m,train,0.3,2354
20.0,0.5,1577,0.261,-1.1599,-1829.17,15m,train,0.3,2354
20.0,0.75,1577,0.211,-2.0228,-3189.91,15m,train,0.3,2354
20.0,1.0,1577,0.181,-2.7199,-4289.22,15m,train,0.3,2354
20.0,1.5,1577,0.15,-3.9112,-6167.99,15m,train,0.3,2354
20.0,2.0,1577,0.13,-4.8319,-7619.92,15m,train,0.3,2354
5.0,0.25,1573,0.374,-0.284,-446.75,15m,train,0.325,2354
5.0,0.5,1573,0.296,-1.5133,-2380.39,15m,train,0.325,2354
5.0,0.75,1573,0.255,-2.464,-3875.91,15m,train,0.325,2354
5.0,1.0,1573,0.238,-3.235,-5088.71,15m,train,0.325,2354
5.0,1.5,1573,0.219,-4.4991,-7077.16,15m,train,0.325,2354
5.0,2.0,1573,0.209,-5.5498,-8729.84,15m,train,0.325,2354
6.0,0.25,1573,0.366,-0.2638,-414.97,15m,train,0.325,2354
6.0,0.5,1573,0.281,-1.5204,-2391.54,15m,train,0.325,2354
6.0,0.75,1573,0.238,-2.5633,-4032.04,15m,train,0.325,2354
6.0,1.0,1573,0.216,-3.385,-5324.62,15m,train,0.325,2354
6.0,1.5,1573,0.194,-4.6536,-7320.07,15m,train,0.325,2354
6.0,2.0,1573,0.184,-5.6981,-8963.19,15m,train,0.325,2354
7.0,0.25,1573,0.363,-0.1833,-288.36,15m,train,0.325,2354
7.0,0.5,1573,0.275,-1.3794,-2169.81,15m,train,0.325,2354
7.0,0.75,1573,0.231,-2.3732,-3733.01,15m,train,0.325,2354
7.0,1.0,1573,0.207,-3.1927,-5022.16,15m,train,0.325,2354
7.0,1.5,1573,0.186,-4.4613,-7017.59,15m,train,0.325,2354
7.0,2.0,1573,0.175,-5.4988,-8649.58,15m,train,0.325,2354
8.0,0.25,1573,0.362,-0.1507,-237.1,15m,train,0.325,2354
8.0,0.5,1573,0.271,-1.286,-2022.83,15m,train,0.325,2354
8.0,0.75,1573,0.228,-2.2525,-3543.14,15m,train,0.325,2354
8.0,1.0,1573,0.204,-3.0421,-4785.25,15m,train,0.325,2354
8.0,1.5,1573,0.181,-4.3056,-6772.7,15m,train,0.325,2354
8.0,2.0,1573,0.168,-5.3341,-8390.56,15m,train,0.325,2354
10.0,0.25,1573,0.361,-0.1204,-189.42,15m,train,0.325,2354
10.0,0.5,1573,0.265,-1.2284,-1932.32,15m,train,0.325,2354
10.0,0.75,1573,0.218,-2.1773,-3424.84,15m,train,0.325,2354
10.0,1.0,1573,0.193,-2.9644,-4662.97,15m,train,0.325,2354
10.0,1.5,1573,0.167,-4.254,-6691.52,15m,train,0.325,2354
10.0,2.0,1573,0.151,-5.2883,-8318.43,15m,train,0.325,2354
12.0,0.25,1573,0.36,-0.101,-158.84,15m,train,0.325,2354
12.0,0.5,1573,0.262,-1.1891,-1870.38,15m,train,0.325,2354
12.0,0.75,1573,0.214,-2.0749,-3263.82,15m,train,0.325,2354
12.0,1.0,1573,0.187,-2.8294,-4450.58,15m,train,0.325,2354
12.0,1.5,1573,0.158,-4.0566,-6381.07,15m,train,0.325,2354
12.0,2.0,1573,0.142,-5.0583,-7956.64,15m,train,0.325,2354
15.0,0.25,1573,0.36,-0.0798,-125.48,15m,train,0.325,2354
15.0,0.5,1573,0.262,-1.1473,-1804.76,15m,train,0.325,2354
15.0,0.75,1573,0.214,-2.0131,-3166.64,15m,train,0.325,2354
15.0,1.0,1573,0.186,-2.725,-4286.47,15m,train,0.325,2354
15.0,1.5,1573,0.156,-3.9229,-6170.72,15m,train,0.325,2354
15.0,2.0,1573,0.136,-4.8962,-7701.67,15m,train,0.325,2354
20.0,0.25,1573,0.359,-0.0797,-125.42,15m,train,0.325,2354
20.0,0.5,1573,0.261,-1.1326,-1781.62,15m,train,0.325,2354
20.0,0.75,1573,0.211,-1.9851,-3122.6,15m,train,0.325,2354
20.0,1.0,1573,0.182,-2.6828,-4220.05,15m,train,0.325,2354
20.0,1.5,1573,0.151,-3.8696,-6086.85,15m,train,0.325,2354
20.0,2.0,1573,0.131,-4.8012,-7552.35,15m,train,0.325,2354
5.0,0.25,1571,0.375,-0.2556,-401.56,15m,train,0.35,2354
5.0,0.5,1571,0.296,-1.4873,-2336.56,15m,train,0.35,2354
5.0,0.75,1571,0.258,-2.4377,-3829.6,15m,train,0.35,2354
5.0,1.0,1571,0.24,-3.2136,-5048.5,15m,train,0.35,2354
5.0,1.5,1571,0.221,-4.4687,-7020.29,15m,train,0.35,2354
5.0,2.0,1571,0.212,-5.5155,-8664.79,15m,train,0.35,2354
6.0,0.25,1571,0.368,-0.2135,-335.45,15m,train,0.35,2354
6.0,0.5,1571,0.281,-1.4747,-2316.72,15m,train,0.35,2354
6.0,0.75,1571,0.239,-2.452,-3852.1,15m,train,0.35,2354
6.0,1.0,1571,0.217,-3.2772,-5148.48,15m,train,0.35,2354
6.0,1.5,1571,0.196,-4.55,-7148.04,15m,train,0.35,2354
6.0,2.0,1571,0.187,-5.5982,-8794.73,15m,train,0.35,2354
7.0,0.25,1571,0.363,-0.1663,-261.32,15m,train,0.35,2354
7.0,0.5,1571,0.274,-1.3763,-2162.24,15m,train,0.35,2354
7.0,0.75,1571,0.231,-2.3772,-3734.5,15m,train,0.35,2354
7.0,1.0,1571,0.207,-3.203,-5031.9,15m,train,0.35,2354
7.0,1.5,1571,0.187,-4.4748,-7029.93,15m,train,0.35,2354
7.0,2.0,1571,0.175,-5.5132,-8661.25,15m,train,0.35,2354
8.0,0.25,1571,0.362,-0.1262,-198.27,15m,train,0.35,2354
8.0,0.5,1571,0.27,-1.2845,-2017.96,15m,train,0.35,2354
8.0,0.75,1571,0.228,-2.2555,-3543.33,15m,train,0.35,2354
8.0,1.0,1571,0.203,-3.0504,-4792.11,15m,train,0.35,2354
8.0,1.5,1571,0.181,-4.3092,-6769.71,15m,train,0.35,2354
8.0,2.0,1571,0.169,-5.34,-8389.17,15m,train,0.35,2354
10.0,0.25,1571,0.362,-0.0855,-134.32,15m,train,0.35,2354
10.0,0.5,1571,0.265,-1.201,-1886.84,15m,train,0.35,2354
10.0,0.75,1571,0.219,-2.1459,-3371.27,15m,train,0.35,2354
10.0,1.0,1571,0.193,-2.9248,-4594.85,15m,train,0.35,2354
10.0,1.5,1571,0.167,-4.2113,-6615.92,15m,train,0.35,2354
10.0,2.0,1571,0.151,-5.2485,-8245.4,15m,train,0.35,2354
12.0,0.25,1571,0.36,-0.0697,-109.48,15m,train,0.35,2354
12.0,0.5,1571,0.262,-1.1622,-1825.84,15m,train,0.35,2354
12.0,0.75,1571,0.215,-2.0522,-3224.02,15m,train,0.35,2354
12.0,1.0,1571,0.187,-2.8138,-4420.44,15m,train,0.35,2354
12.0,1.5,1571,0.158,-4.0567,-6373.09,15m,train,0.35,2354
12.0,2.0,1571,0.142,-5.0555,-7942.26,15m,train,0.35,2354
15.0,0.25,1571,0.36,-0.0508,-79.84,15m,train,0.35,2354
15.0,0.5,1571,0.261,-1.1235,-1765.0,15m,train,0.35,2354
15.0,0.75,1571,0.214,-1.993,-3130.98,15m,train,0.35,2354
15.0,1.0,1571,0.185,-2.7125,-4261.32,15m,train,0.35,2354
15.0,1.5,1571,0.155,-3.9268,-6168.96,15m,train,0.35,2354
15.0,2.0,1571,0.136,-4.905,-7705.71,15m,train,0.35,2354
20.0,0.25,1571,0.36,-0.045,-70.69,15m,train,0.35,2354
20.0,0.5,1571,0.26,-1.0987,-1726.04,15m,train,0.35,2354
20.0,0.75,1571,0.212,-1.9488,-3061.58,15m,train,0.35,2354
20.0,1.0,1571,0.182,-2.6539,-4169.29,15m,train,0.35,2354
20.0,1.5,1571,0.151,-3.853,-6053.04,15m,train,0.35,2354
20.0,2.0,1571,0.131,-4.7943,-7531.81,15m,train,0.35,2354
5.0,0.25,1566,0.376,-0.3027,-474.03,15m,train,0.375,2354
5.0,0.5,1566,0.296,-1.5796,-2473.68,15m,train,0.375,2354
5.0,0.75,1566,0.256,-2.5354,-3970.47,15m,train,0.375,2354
5.0,1.0,1566,0.239,-3.315,-5191.37,15m,train,0.375,2354
5.0,1.5,1566,0.22,-4.5585,-7138.6,15m,train,0.375,2354
5.0,2.0,1566,0.211,-5.603,-8774.33,15m,train,0.375,2354
6.0,0.25,1566,0.369,-0.2455,-384.49,15m,train,0.375,2354
6.0,0.5,1566,0.282,-1.521,-2381.94,15m,train,0.375,2354
6.0,0.75,1566,0.238,-2.4698,-3867.64,15m,train,0.375,2354
6.0,1.0,1566,0.218,-3.2902,-5152.52,15m,train,0.375,2354
6.0,1.5,1566,0.197,-4.5259,-7087.58,15m,train,0.375,2354
6.0,2.0,1566,0.19,-5.5583,-8704.35,15m,train,0.375,2354
7.0,0.25,1566,0.365,-0.1936,-303.15,15m,train,0.375,2354
7.0,0.5,1566,0.275,-1.4255,-2232.31,15m,train,0.375,2354
7.0,0.75,1566,0.23,-2.4301,-3805.55,15m,train,0.375,2354
7.0,1.0,1566,0.207,-3.2433,-5078.94,15m,train,0.375,2354
7.0,1.5,1566,0.185,-4.4844,-7022.63,15m,train,0.375,2354
7.0,2.0,1566,0.175,-5.52,-8644.38,15m,train,0.375,2354
8.0,0.25,1566,0.363,-0.1513,-236.94,15m,train,0.375,2354
8.0,0.5,1566,0.27,-1.3349,-2090.41,15m,train,0.375,2354
8.0,0.75,1566,0.226,-2.3124,-3621.26,15m,train,0.375,2354
8.0,1.0,1566,0.202,-3.1161,-4879.74,15m,train,0.375,2354
8.0,1.5,1566,0.18,-4.3636,-6833.46,15m,train,0.375,2354
8.0,2.0,1566,0.169,-5.3956,-8449.45,15m,train,0.375,2354
10.0,0.25,1566,0.362,-0.1071,-167.67,15m,train,0.375,2354
10.0,0.5,1566,0.265,-1.2455,-1950.44,15m,train,0.375,2354
10.0,0.75,1566,0.217,-2.1977,-3441.53,15m,train,0.375,2354
10.0,1.0,1566,0.192,-2.9859,-4675.88,15m,train,0.375,2354
10.0,1.5,1566,0.167,-4.2452,-6648.04,15m,train,0.375,2354
10.0,2.0,1566,0.153,-5.2758,-8261.88,15m,train,0.375,2354
12.0,0.25,1566,0.361,-0.0904,-141.5,15m,train,0.375,2354
12.0,0.5,1566,0.262,-1.1939,-1869.65,15m,train,0.375,2354
12.0,0.75,1566,0.214,-2.0869,-3268.16,15m,train,0.375,2354
12.0,1.0,1566,0.187,-2.825,-4423.98,15m,train,0.375,2354
12.0,1.5,1566,0.16,-4.049,-6340.71,15m,train,0.375,2354
12.0,2.0,1566,0.144,-5.049,-7906.74,15m,train,0.375,2354
15.0,0.25,1566,0.361,-0.0704,-110.22,15m,train,0.375,2354
15.0,0.5,1566,0.261,-1.1597,-1816.02,15m,train,0.375,2354
15.0,0.75,1566,0.213,-2.0314,-3181.14,15m,train,0.375,2354
15.0,1.0,1566,0.184,-2.756,-4315.96,15m,train,0.375,2354
15.0,1.5,1566,0.155,-3.9387,-6168.06,15m,train,0.375,2354
15.0,2.0,1566,0.136,-4.9076,-7685.35,15m,train,0.375,2354
20.0,0.25,1566,0.36,-0.0646,-101.14,15m,train,0.375,2354
20.0,0.5,1566,0.261,-1.1345,-1776.65,15m,train,0.375,2354
20.0,0.75,1566,0.211,-1.9878,-3112.86,15m,train,0.375,2354
20.0,1.0,1566,0.181,-2.702,-4231.31,15m,train,0.375,2354
20.0,1.5,1566,0.151,-3.8534,-6034.49,15m,train,0.375,2354
20.0,2.0,1566,0.132,-4.7892,-7499.88,15m,train,0.375,2354
5.0,0.25,1563,0.376,-0.3065,-478.99,15m,train,0.4,2354
5.0,0.5,1563,0.298,-1.5912,-2487.09,15m,train,0.4,2354
5.0,0.75,1563,0.255,-2.5423,-3973.64,15m,train,0.4,2354
5.0,1.0,1563,0.241,-3.3226,-5193.27,15m,train,0.4,2354
5.0,1.5,1563,0.221,-4.5709,-7144.39,15m,train,0.4,2354
5.0,2.0,1563,0.212,-5.6118,-8771.17,15m,train,0.4,2354
6.0,0.25,1563,0.369,-0.2553,-398.97,15m,train,0.4,2354
6.0,0.5,1563,0.282,-1.5258,-2384.88,15m,train,0.4,2354
6.0,0.75,1563,0.237,-2.4704,-3861.17,15m,train,0.4,2354
6.0,1.0,1563,0.22,-3.2905,-5143.04,15m,train,0.4,2354
6.0,1.5,1563,0.199,-4.525,-7072.53,15m,train,0.4,2354
6.0,2.0,1563,0.191,-5.5575,-8686.35,15m,train,0.4,2354
7.0,0.25,1563,0.364,-0.2035,-318.09,15m,train,0.4,2354
7.0,0.5,1563,0.275,-1.4398,-2250.42,15m,train,0.4,2354
7.0,0.75,1563,0.228,-2.4401,-3813.87,15m,train,0.4,2354
7.0,1.0,1563,0.208,-3.2552,-5087.8,15m,train,0.4,2354
7.0,1.5,1563,0.186,-4.5008,-7034.71,15m,train,0.4,2354
7.0,2.0,1563,0.176,-5.5383,-8656.43,15m,train,0.4,2354
8.0,0.25,1563,0.362,-0.1679,-262.39,15m,train,0.4,2354
8.0,0.5,1563,0.27,-1.3569,-2120.77,15m,train,0.4,2354
8.0,0.75,1563,0.223,-2.3118,-3613.38,15m,train,0.4,2354
8.0,1.0,1563,0.203,-3.1105,-4861.78,15m,train,0.4,2354
8.0,1.5,1563,0.18,-4.355,-6806.93,15m,train,0.4,2354
8.0,2.0,1563,0.17,-5.384,-8415.26,15m,train,0.4,2354
10.0,0.25,1563,0.361,-0.1165,-182.06,15m,train,0.4,2354
10.0,0.5,1563,0.265,-1.2586,-1967.23,15m,train,0.4,2354
10.0,0.75,1563,0.214,-2.2024,-3442.3,15m,train,0.4,2354
10.0,1.0,1563,0.193,-2.9902,-4673.67,15m,train,0.4,2354
10.0,1.5,1563,0.166,-4.2506,-6643.74,15m,train,0.4,2354
10.0,2.0,1563,0.153,-5.2845,-8259.64,15m,train,0.4,2354
12.0,0.25,1563,0.36,-0.1003,-156.82,15m,train,0.4,2354
12.0,0.5,1563,0.262,-1.2053,-1883.92,15m,train,0.4,2354
12.0,0.75,1563,0.211,-2.0838,-3257.03,15m,train,0.4,2354
12.0,1.0,1563,0.189,-2.8231,-4412.49,15m,train,0.4,2354
12.0,1.5,1563,0.161,-4.0499,-6330.02,15m,train,0.4,2354
12.0,2.0,1563,0.146,-5.0552,-7901.23,15m,train,0.4,2354
15.0,0.25,1563,0.36,-0.0781,-122.02,15m,train,0.4,2354
15.0,0.5,1563,0.26,-1.1795,-1843.56,15m,train,0.4,2354
15.0,0.75,1563,0.209,-2.0315,-3175.17,15m,train,0.4,2354
15.0,1.0,1563,0.184,-2.7523,-4301.82,15m,train,0.4,2354
15.0,1.5,1563,0.154,-3.9403,-6158.67,15m,train,0.4,2354
15.0,2.0,1563,0.136,-4.922,-7693.16,15m,train,0.4,2354
20.0,0.25,1563,0.36,-0.0723,-113.02,15m,train,0.4,2354
20.0,0.5,1563,0.26,-1.1532,-1802.44,15m,train,0.4,2354
20.0,0.75,1563,0.207,-1.9868,-3105.38,15m,train,0.4,2354
20.0,1.0,1563,0.182,-2.6884,-4202.01,15m,train,0.4,2354
20.0,1.5,1563,0.151,-3.8344,-5993.13,15m,train,0.4,2354
20.0,2.0,1563,0.132,-4.7704,-7456.15,15m,train,0.4,2354
5.0,0.25,1557,0.376,-0.3085,-480.36,15m,train,0.425,2354
5.0,0.5,1557,0.296,-1.5934,-2480.97,15m,train,0.425,2354
5.0,0.75,1557,0.256,-2.5512,-3972.14,15m,train,0.425,2354
5.0,1.0,1557,0.241,-3.3311,-5186.57,15m,train,0.425,2354
5.0,1.5,1557,0.222,-4.5784,-7128.52,15m,train,0.425,2354
5.0,2.0,1557,0.213,-5.6183,-8747.65,15m,train,0.425,2354
6.0,0.25,1557,0.369,-0.2499,-389.07,15m,train,0.425,2354
6.0,0.5,1557,0.283,-1.4828,-2308.7,15m,train,0.425,2354
6.0,0.75,1557,0.239,-2.4285,-3781.25,15m,train,0.425,2354
6.0,1.0,1557,0.222,-3.2334,-5034.37,15m,train,0.425,2354
6.0,1.5,1557,0.201,-4.4792,-6974.1,15m,train,0.425,2354
6.0,2.0,1557,0.195,-5.5198,-8594.33,15m,train,0.425,2354
7.0,0.25,1557,0.364,-0.203,-316.03,15m,train,0.425,2354
7.0,0.5,1557,0.274,-1.4342,-2233.1,15m,train,0.425,2354
7.0,0.75,1557,0.228,-2.4352,-3791.58,15m,train,0.425,2354
7.0,1.0,1557,0.209,-3.2603,-5076.36,15m,train,0.425,2354
7.0,1.5,1557,0.186,-4.5138,-7027.98,15m,train,0.425,2354
7.0,2.0,1557,0.177,-5.5555,-8649.88,15m,train,0.425,2354
8.0,0.25,1557,0.362,-0.1791,-278.93,15m,train,0.425,2354
8.0,0.5,1557,0.269,-1.3673,-2128.91,15m,train,0.425,2354
8.0,0.75,1557,0.224,-2.323,-3616.89,15m,train,0.425,2354
8.0,1.0,1557,0.204,-3.131,-4874.94,15m,train,0.425,2354
8.0,1.5,1557,0.18,-4.3806,-6820.59,15m,train,0.425,2354
8.0,2.0,1557,0.171,-5.4117,-8426.04,15m,train,0.425,2354
10.0,0.25,1557,0.361,-0.107,-166.63,15m,train,0.425,2354
10.0,0.5,1557,0.265,-1.2171,-1894.96,15m,train,0.425,2354
10.0,0.75,1557,0.215,-2.1576,-3359.42,15m,train,0.425,2354
10.0,1.0,1557,0.195,-2.9563,-4602.94,15m,train,0.425,2354
10.0,1.5,1557,0.168,-4.2217,-6573.12,15m,train,0.425,2354
10.0,2.0,1557,0.155,-5.2564,-8184.23,15m,train,0.425,2354
12.0,0.25,1557,0.36,-0.0978,-152.25,15m,train,0.425,2354
12.0,0.5,1557,0.261,-1.1729,-1826.21,15m,train,0.425,2354
12.0,0.75,1557,0.212,-2.045,-3184.02,15m,train,0.425,2354
12.0,1.0,1557,0.189,-2.809,-4373.57,15m,train,0.425,2354
12.0,1.5,1557,0.162,-4.0371,-6285.75,15m,train,0.425,2354
12.0,2.0,1557,0.148,-5.0467,-7857.72,15m,train,0.425,2354
15.0,0.25,1557,0.36,-0.0736,-114.62,15m,train,0.425,2354
15.0,0.5,1557,0.26,-1.1465,-1785.16,15m,train,0.425,2354
15.0,0.75,1557,0.21,-1.9971,-3109.41,15m,train,0.425,2354
15.0,1.0,1557,0.185,-2.7436,-4271.76,15m,train,0.425,2354
15.0,1.5,1557,0.155,-3.9248,-6110.95,15m,train,0.425,2354
15.0,2.0,1557,0.138,-4.9055,-7637.87,15m,train,0.425,2354
20.0,0.25,1557,0.359,-0.0652,-101.44,15m,train,0.425,2354
20.0,0.5,1557,0.259,-1.1138,-1734.12,15m,train,0.425,2354
20.0,0.75,1557,0.208,-1.9391,-3019.25,15m,train,0.425,2354
20.0,1.0,1557,0.182,-2.6744,-4164.05,15m,train,0.425,2354
20.0,1.5,1557,0.151,-3.8258,-5956.74,15m,train,0.425,2354
20.0,2.0,1557,0.134,-4.7691,-7425.56,15m,train,0.425,2354
5.0,0.25,1550,0.374,-0.3415,-529.33,15m,train,0.45,2354
5.0,0.5,1550,0.296,-1.6237,-2516.72,15m,train,0.45,2354
5.0,0.75,1550,0.256,-2.5941,-4020.81,15m,train,0.45,2354
5.0,1.0,1550,0.244,-3.3669,-5218.63,15m,train,0.45,2354
5.0,1.5,1550,0.224,-4.616,-7154.85,15m,train,0.45,2354
5.0,2.0,1550,0.215,-5.6526,-8761.52,15m,train,0.45,2354
6.0,0.25,1550,0.366,-0.2801,-434.12,15m,train,0.45,2354
6.0,0.5,1550,0.282,-1.513,-2345.18,15m,train,0.45,2354
6.0,0.75,1550,0.238,-2.4562,-3807.15,15m,train,0.45,2354
6.0,1.0,1550,0.221,-3.2657,-5061.83,15m,train,0.45,2354
6.0,1.5,1550,0.203,-4.5144,-6997.26,15m,train,0.45,2354
6.0,2.0,1550,0.196,-5.5543,-8609.11,15m,train,0.45,2354
7.0,0.25,1550,0.361,-0.2317,-359.11,15m,train,0.45,2354
7.0,0.5,1550,0.272,-1.4642,-2269.45,15m,train,0.45,2354
7.0,0.75,1550,0.227,-2.3974,-3715.94,15m,train,0.45,2354
7.0,1.0,1550,0.209,-3.2253,-4999.22,15m,train,0.45,2354
7.0,1.5,1550,0.187,-4.4841,-6950.31,15m,train,0.45,2354
7.0,2.0,1550,0.177,-5.5253,-8564.18,15m,train,0.45,2354
8.0,0.25,1550,0.359,-0.2111,-327.19,15m,train,0.45,2354
8.0,0.5,1550,0.268,-1.3925,-2158.44,15m,train,0.45,2354
8.0,0.75,1550,0.223,-2.3414,-3629.14,15m,train,0.45,2354
8.0,1.0,1550,0.203,-3.1573,-4893.75,15m,train,0.45,2354
8.0,1.5,1550,0.182,-4.4167,-6845.92,15m,train,0.45,2354
8.0,2.0,1550,0.172,-5.4519,-8450.52,15m,train,0.45,2354
10.0,0.25,1550,0.359,-0.1333,-206.56,15m,train,0.45,2354
10.0,0.5,1550,0.263,-1.2445,-1929.03,15m,train,0.45,2354
10.0,0.75,1550,0.214,-2.1795,-3378.18,15m,train,0.45,2354
10.0,1.0,1550,0.195,-2.9861,-4628.52,15m,train,0.45,2354
10.0,1.5,1550,0.168,-4.2516,-6589.99,15m,train,0.45,2354
10.0,2.0,1550,0.154,-5.2716,-8171.04,15m,train,0.45,2354
12.0,0.25,1550,0.357,-0.1187,-183.97,15m,train,0.45,2354
12.0,0.5,1550,0.259,-1.2014,-1862.21,15m,train,0.45,2354
12.0,0.75,1550,0.21,-2.0684,-3205.99,15m,train,0.45,2354
12.0,1.0,1550,0.189,-2.8394,-4401.01,15m,train,0.45,2354
12.0,1.5,1550,0.161,-4.0885,-6337.15,15m,train,0.45,2354
12.0,2.0,1550,0.147,-5.104,-7911.27,15m,train,0.45,2354
15.0,0.25,1550,0.357,-0.0933,-144.61,15m,train,0.45,2354
15.0,0.5,1550,0.258,-1.175,-1821.18,15m,train,0.45,2354
15.0,0.75,1550,0.208,-2.0185,-3128.7,15m,train,0.45,2354
15.0,1.0,1550,0.185,-2.7778,-4305.59,15m,train,0.45,2354
15.0,1.5,1550,0.154,-3.98,-6168.95,15m,train,0.45,2354
15.0,2.0,1550,0.137,-4.9713,-7705.53,15m,train,0.45,2354
20.0,0.25,1550,0.357,-0.0845,-131.02,15m,train,0.45,2354
20.0,0.5,1550,0.257,-1.1397,-1766.57,15m,train,0.45,2354
20.0,0.75,1550,0.206,-1.9638,-3043.96,15m,train,0.45,2354
20.0,1.0,1550,0.181,-2.7129,-4205.03,15m,train,0.45,2354
20.0,1.5,1550,0.15,-3.8923,-6033.08,15m,train,0.45,2354
20.0,2.0,1550,0.132,-4.8472,-7513.16,15m,train,0.45,2354
5.0,0.25,1544,0.371,-0.3287,-507.5,15m,train,0.475,2354
5.0,0.5,1544,0.3,-1.5976,-2466.65,15m,train,0.475,2354
5.0,0.75,1544,0.258,-2.57,-3968.12,15m,train,0.475,2354
5.0,1.0,1544,0.247,-3.3448,-5164.38,15m,train,0.475,2354
5.0,1.5,1544,0.228,-4.591,-7088.47,15m,train,0.475,2354
5.0,2.0,1544,0.218,-5.6064,-8656.22,15m,train,0.475,2354
6.0,0.25,1544,0.363,-0.2659,-410.54,15m,train,0.475,2354
6.0,0.5,1544,0.286,-1.4707,-2270.75,15m,train,0.475,2354
6.0,0.75,1544,0.242,-2.4107,-3722.2,15m,train,0.475,2354
6.0,1.0,1544,0.227,-3.2146,-4963.41,15m,train,0.475,2354
6.0,1.5,1544,0.207,-4.4693,-6900.62,15m,train,0.475,2354
6.0,2.0,1544,0.201,-5.5127,-8511.64,15m,train,0.475,2354
7.0,0.25,1544,0.358,-0.2079,-320.97,15m,train,0.475,2354
7.0,0.5,1544,0.275,-1.431,-2209.44,15m,train,0.475,2354
7.0,0.75,1544,0.229,-2.3777,-3671.16,15m,train,0.475,2354
7.0,1.0,1544,0.211,-3.2073,-4952.11,15m,train,0.475,2354
7.0,1.5,1544,0.188,-4.4821,-6920.33,15m,train,0.475,2354
7.0,2.0,1544,0.179,-5.5444,-8560.49,15m,train,0.475,2354
8.0,0.25,1544,0.356,-0.2037,-314.51,15m,train,0.475,2354
8.0,0.5,1544,0.271,-1.3806,-2131.65,15m,train,0.475,2354
8.0,0.75,1544,0.225,-2.3492,-3627.09,15m,train,0.475,2354
8.0,1.0,1544,0.205,-3.169,-4892.99,15m,train,0.475,2354
8.0,1.5,1544,0.182,-4.456,-6880.03,15m,train,0.475,2354
8.0,2.0,1544,0.172,-5.5175,-8518.98,15m,train,0.475,2354
10.0,0.25,1544,0.356,-0.1136,-175.36,15m,train,0.475,2354
10.0,0.5,1544,0.266,-1.1927,-1841.49,15m,train,0.475,2354
10.0,0.75,1544,0.217,-2.1329,-3293.16,15m,train,0.475,2354
10.0,1.0,1544,0.197,-2.94,-4539.41,15m,train,0.475,2354
10.0,1.5,1544,0.168,-4.2254,-6523.99,15m,train,0.475,2354
10.0,2.0,1544,0.156,-5.2576,-8117.74,15m,train,0.475,2354
12.0,0.25,1544,0.354,-0.0977,-150.81,15m,train,0.475,2354
12.0,0.5,1544,0.262,-1.1758,-1815.45,15m,train,0.475,2354
12.0,0.75,1544,0.212,-2.0645,-3187.53,15m,train,0.475,2354
12.0,1.0,1544,0.19,-2.8443,-4391.54,15m,train,0.475,2354
12.0,1.5,1544,0.161,-4.1234,-6366.59,15m,train,0.475,2354
12.0,2.0,1544,0.148,-5.1618,-7969.82,15m,train,0.475,2354
15.0,0.25,1544,0.354,-0.0725,-111.95,15m,train,0.475,2354
15.0,0.5,1544,0.261,-1.1324,-1748.41,15m,train,0.475,2354
15.0,0.75,1544,0.21,-1.9869,-3067.76,15m,train,0.475,2354
15.0,1.0,1544,0.185,-2.7508,-4247.19,15m,train,0.475,2354
15.0,1.5,1544,0.154,-3.9814,-6147.33,15m,train,0.475,2354
15.0,2.0,1544,0.139,-4.9908,-7705.8,15m,train,0.475,2354
20.0,0.25,1544,0.354,-0.0635,-98.1,15m,train,0.475,2354
20.0,0.5,1544,0.26,-1.0978,-1694.95,15m,train,0.475,2354
20.0,0.75,1544,0.209,-1.9086,-2946.93,15m,train,0.475,2354
20.0,1.0,1544,0.183,-2.656,-4100.82,15m,train,0.475,2354
20.0,1.5,1544,0.151,-3.8576,-5956.18,15m,train,0.475,2354
20.0,2.0,1544,0.135,-4.8314,-7459.7,15m,train,0.475,2354
5.0,0.25,1535,0.371,-0.3773,-579.1,15m,train,0.5,2354
5.0,0.5,1535,0.299,-1.6448,-2524.73,15m,train,0.5,2354
5.0,0.75,1535,0.258,-2.6148,-4013.75,15m,train,0.5,2354
5.0,1.0,1535,0.247,-3.3897,-5203.25,15m,train,0.5,2354
5.0,1.5,1535,0.227,-4.636,-7116.22,15m,train,0.5,2354
5.0,2.0,1535,0.219,-5.6516,-8675.23,15m,train,0.5,2354
6.0,0.25,1535,0.363,-0.3065,-470.45,15m,train,0.5,2354
6.0,0.5,1535,0.285,-1.4986,-2300.38,15m,train,0.5,2354
6.0,0.75,1535,0.242,-2.4404,-3746.01,15m,train,0.5,2354
6.0,1.0,1535,0.225,-3.249,-4987.19,15m,train,0.5,2354
6.0,1.5,1535,0.205,-4.5119,-6925.75,15m,train,0.5,2354
6.0,2.0,1535,0.199,-5.562,-8537.6,15m,train,0.5,2354
7.0,0.25,1535,0.358,-0.2662,-408.66,15m,train,0.5,2354
7.0,0.5,1535,0.275,-1.4852,-2279.74,15m,train,0.5,2354
7.0,0.75,1535,0.23,-2.4256,-3723.37,15m,train,0.5,2354
7.0,1.0,1535,0.21,-3.2548,-4996.14,15m,train,0.5,2354
7.0,1.5,1535,0.188,-4.5201,-6938.29,15m,train,0.5,2354
7.0,2.0,1535,0.179,-5.5805,-8566.05,15m,train,0.5,2354
8.0,0.25,1535,0.356,-0.2517,-386.38,15m,train,0.5,2354
8.0,0.5,1535,0.27,-1.4364,-2204.88,15m,train,0.5,2354
8.0,0.75,1535,0.223,-2.4174,-3710.74,15m,train,0.5,2354
8.0,1.0,1535,0.202,-3.2399,-4973.27,15m,train,0.5,2354
8.0,1.5,1535,0.179,-4.5408,-6970.11,15m,train,0.5,2354
8.0,2.0,1535,0.17,-5.6126,-8615.28,15m,train,0.5,2354
10.0,0.25,1535,0.355,-0.1629,-250.02,15m,train,0.5,2354
10.0,0.5,1535,0.264,-1.2498,-1918.4,15m,train,0.5,2354
10.0,0.75,1535,0.216,-2.1952,-3369.64,15m,train,0.5,2354
10.0,1.0,1535,0.194,-2.9956,-4598.29,15m,train,0.5,2354
10.0,1.5,1535,0.165,-4.2897,-6584.61,15m,train,0.5,2354
10.0,2.0,1535,0.154,-5.3328,-8185.91,15m,train,0.5,2354
12.0,0.25,1535,0.354,-0.135,-207.23,15m,train,0.5,2354
12.0,0.5,1535,0.261,-1.2135,-1862.7,15m,train,0.5,2354
12.0,0.75,1535,0.211,-2.1172,-3249.88,15m,train,0.5,2354
12.0,1.0,1535,0.188,-2.9037,-4457.2,15m,train,0.5,2354
12.0,1.5,1535,0.158,-4.2043,-6453.64,15m,train,0.5,2354
12.0,2.0,1535,0.147,-5.2544,-8065.49,15m,train,0.5,2354
15.0,0.25,1535,0.354,-0.1184,-181.74,15m,train,0.5,2354
15.0,0.5,1535,0.26,-1.1818,-1814.03,15m,train,0.5,2354
15.0,0.75,1535,0.208,-2.032,-3119.19,15m,train,0.5,2354
15.0,1.0,1535,0.183,-2.7996,-4297.42,15m,train,0.5,2354
15.0,1.5,1535,0.151,-4.0395,-6200.65,15m,train,0.5,2354
15.0,2.0,1535,0.137,-5.0548,-7759.16,15m,train,0.5,2354
20.0,0.25,1535,0.353,-0.1088,-166.95,15m,train,0.5,2354
20.0,0.5,1535,0.259,-1.1425,-1753.71,15m,train,0.5,2354
20.0,0.75,1535,0.207,-1.9583,-3006.04,15m,train,0.5,2354
20.0,1.0,1535,0.18,-2.7087,-4157.86,15m,train,0.5,2354
20.0,1.5,1535,0.147,-3.9281,-6029.71,15m,train,0.5,2354
20.0,2.0,1535,0.132,-4.9186,-7550.09,15m,train,0.5,2354
5.0,0.25,1532,0.371,-0.3453,-529.07,15m,train,0.525,2354
5.0,0.5,1532,0.302,-1.5939,-2441.9,15m,train,0.525,2354
5.0,0.75,1532,0.261,-2.56,-3921.9,15m,train,0.525,2354
5.0,1.0,1532,0.251,-3.3328,-5105.87,15m,train,0.525,2354
5.0,1.5,1532,0.23,-4.5748,-7008.64,15m,train,0.525,2354
5.0,2.0,1532,0.221,-5.5884,-8561.36,15m,train,0.525,2354
6.0,0.25,1532,0.362,-0.2962,-453.83,15m,train,0.525,2354
6.0,0.5,1532,0.285,-1.4902,-2283.05,15m,train,0.525,2354
6.0,0.75,1532,0.244,-2.4411,-3739.74,15m,train,0.525,2354
6.0,1.0,1532,0.228,-3.2467,-4973.9,15m,train,0.525,2354
6.0,1.5,1532,0.207,-4.5214,-6926.81,15m,train,0.525,2354
6.0,2.0,1532,0.202,-5.5753,-8541.44,15m,train,0.525,2354
7.0,0.25,1532,0.357,-0.2627,-402.52,15m,train,0.525,2354
7.0,0.5,1532,0.275,-1.4912,-2284.53,15m,train,0.525,2354
7.0,0.75,1532,0.23,-2.4451,-3745.91,15m,train,0.525,2354
7.0,1.0,1532,0.211,-3.2888,-5038.4,15m,train,0.525,2354
7.0,1.5,1532,0.188,-4.5657,-6994.67,15m,train,0.525,2354
7.0,2.0,1532,0.18,-5.628,-8622.14,15m,train,0.525,2354
8.0,0.25,1532,0.354,-0.2436,-373.27,15m,train,0.525,2354
8.0,0.5,1532,0.27,-1.4437,-2211.71,15m,train,0.525,2354
8.0,0.75,1532,0.225,-2.3844,-3652.85,15m,train,0.525,2354
8.0,1.0,1532,0.204,-3.2064,-4912.19,15m,train,0.525,2354
8.0,1.5,1532,0.179,-4.5037,-6899.64,15m,train,0.525,2354
8.0,2.0,1532,0.17,-5.5756,-8541.86,15m,train,0.525,2354
10.0,0.25,1532,0.354,-0.1586,-243.01,15m,train,0.525,2354
10.0,0.5,1532,0.264,-1.2649,-1937.89,15m,train,0.525,2354
10.0,0.75,1532,0.215,-2.224,-3407.12,15m,train,0.525,2354
10.0,1.0,1532,0.195,-3.0354,-4650.27,15m,train,0.525,2354
10.0,1.5,1532,0.164,-4.343,-6653.45,15m,train,0.525,2354
10.0,2.0,1532,0.153,-5.4015,-8275.08,15m,train,0.525,2354
12.0,0.25,1532,0.354,-0.1153,-176.7,15m,train,0.525,2354
12.0,0.5,1532,0.262,-1.2104,-1854.36,15m,train,0.525,2354
12.0,0.75,1532,0.211,-2.1314,-3265.27,15m,train,0.525,2354
12.0,1.0,1532,0.189,-2.9297,-4488.3,15m,train,0.525,2354
12.0,1.5,1532,0.158,-4.2219,-6467.9,15m,train,0.525,2354
12.0,2.0,1532,0.146,-5.2757,-8082.3,15m,train,0.525,2354
15.0,0.25,1532,0.352,-0.1096,-167.88,15m,train,0.525,2354
15.0,0.5,1532,0.26,-1.1869,-1818.38,15m,train,0.525,2354
15.0,0.75,1532,0.208,-2.0552,-3148.54,15m,train,0.525,2354
15.0,1.0,1532,0.183,-2.8324,-4339.17,15m,train,0.525,2354
15.0,1.5,1532,0.15,-4.0801,-6250.79,15m,train,0.525,2354
15.0,2.0,1532,0.136,-5.1045,-7820.08,15m,train,0.525,2354
20.0,0.25,1532,0.352,-0.0998,-152.92,15m,train,0.525,2354
20.0,0.5,1532,0.259,-1.1267,-1726.13,15m,train,0.525,2354
20.0,0.75,1532,0.208,-1.9505,-2988.1,15m,train,0.525,2354
20.0,1.0,1532,0.181,-2.7034,-4141.66,15m,train,0.525,2354
20.0,1.5,1532,0.148,-3.9028,-5979.05,15m,train,0.525,2354
20.0,2.0,1532,0.133,-4.8795,-7475.47,15m,train,0.525,2354
5.0,0.25,1525,0.372,-0.3568,-544.08,15m,train,0.55,2354
5.0,0.5,1525,0.303,-1.6213,-2472.5,15m,train,0.55,2354
5.0,0.75,1525,0.262,-2.5897,-3949.37,15m,train,0.55,2354
5.0,1.0,1525,0.252,-3.3597,-5123.48,15m,train,0.55,2354
5.0,1.5,1525,0.231,-4.5978,-7011.59,15m,train,0.55,2354
5.0,2.0,1525,0.225,-5.6092,-8554.09,15m,train,0.55,2354
6.0,0.25,1525,0.365,-0.2885,-439.99,15m,train,0.55,2354
6.0,0.5,1525,0.288,-1.5201,-2318.19,15m,train,0.55,2354
6.0,0.75,1525,0.245,-2.4834,-3787.22,15m,train,0.55,2354
6.0,1.0,1525,0.23,-3.3026,-5036.43,15m,train,0.55,2354
6.0,1.5,1525,0.207,-4.5713,-6971.25,15m,train,0.55,2354
6.0,2.0,1525,0.202,-5.616,-8564.48,15m,train,0.55,2354
7.0,0.25,1525,0.357,-0.2673,-407.62,15m,train,0.55,2354
7.0,0.5,1525,0.276,-1.4638,-2232.25,15m,train,0.55,2354
7.0,0.75,1525,0.231,-2.4209,-3691.94,15m,train,0.55,2354
7.0,1.0,1525,0.212,-3.2484,-4953.84,15m,train,0.55,2354
7.0,1.5,1525,0.19,-4.5211,-6894.73,15m,train,0.55,2354
7.0,2.0,1525,0.184,-5.5779,-8506.32,15m,train,0.55,2354
8.0,0.25,1525,0.356,-0.2064,-314.82,15m,train,0.55,2354
8.0,0.5,1525,0.271,-1.4267,-2175.76,15m,train,0.55,2354
8.0,0.75,1525,0.224,-2.372,-3617.3,15m,train,0.55,2354
8.0,1.0,1525,0.204,-3.1872,-4860.47,15m,train,0.55,2354
8.0,1.5,1525,0.178,-4.4837,-6837.7,15m,train,0.55,2354
8.0,2.0,1525,0.17,-5.5599,-8478.86,15m,train,0.55,2354
10.0,0.25,1525,0.354,-0.15,-228.72,15m,train,0.55,2354
10.0,0.5,1525,0.265,-1.2592,-1920.22,15m,train,0.55,2354
10.0,0.75,1525,0.215,-2.2234,-3390.7,15m,train,0.55,2354
10.0,1.0,1525,0.195,-3.0139,-4596.16,15m,train,0.55,2354
10.0,1.5,1525,0.165,-4.3047,-6564.62,15m,train,0.55,2354
10.0,2.0,1525,0.154,-5.3625,-8177.76,15m,train,0.55,2354
12.0,0.25,1525,0.354,-0.1039,-158.42,15m,train,0.55,2354
12.0,0.5,1525,0.262,-1.2057,-1838.68,15m,train,0.55,2354
12.0,0.75,1525,0.211,-2.1383,-3260.96,15m,train,0.55,2354
12.0,1.0,1525,0.19,-2.9218,-4455.7,15m,train,0.55,2354
12.0,1.5,1525,0.157,-4.2077,-6416.73,15m,train,0.55,2354
12.0,2.0,1525,0.146,-5.2472,-8001.96,15m,train,0.55,2354
15.0,0.25,1525,0.353,-0.1002,-152.86,15m,train,0.55,2354
15.0,0.5,1525,0.26,-1.1866,-1809.6,15m,train,0.55,2354
15.0,0.75,1525,0.208,-2.0633,-3146.52,15m,train,0.55,2354
15.0,1.0,1525,0.184,-2.8287,-4313.71,15m,train,0.55,2354
15.0,1.5,1525,0.15,-4.0752,-6214.75,15m,train,0.55,2354
15.0,2.0,1525,0.136,-5.0941,-7768.49,15m,train,0.55,2354
20.0,0.25,1525,0.352,-0.0872,-133.04,15m,train,0.55,2354
20.0,0.5,1525,0.26,-1.1192,-1706.79,15m,train,0.55,2354
20.0,0.75,1525,0.207,-1.9512,-2975.53,15m,train,0.55,2354
20.0,1.0,1525,0.182,-2.6973,-4113.45,15m,train,0.55,2354
20.0,1.5,1525,0.147,-3.8994,-5946.59,15m,train,0.55,2354
20.0,2.0,1525,0.132,-4.8679,-7423.58,15m,train,0.55,2354
5.0,0.25,1519,0.371,-0.4134,-627.88,15m,train,0.575,2354
5.0,0.5,1519,0.302,-1.681,-2553.39,15m,train,0.575,2354
5.0,0.75,1519,0.265,-2.6493,-4024.33,15m,train,0.575,2354
5.0,1.0,1519,0.253,-3.422,-5197.98,15m,train,0.575,2354
5.0,1.5,1519,0.232,-4.6629,-7082.88,15m,train,0.575,2354
5.0,2.0,1519,0.223,-5.6744,-8619.46,15m,train,0.575,2354
6.0,0.25,1519,0.363,-0.346,-525.56,15m,train,0.575,2354
6.0,0.5,1519,0.287,-1.5981,-2427.46,15m,train,0.575,2354
6.0,0.75,1519,0.246,-2.5705,-3904.6,15m,train,0.575,2354
6.0,1.0,1519,0.23,-3.3594,-5102.92,15m,train,0.575,2354
6.0,1.5,1519,0.209,-4.6158,-7011.37,15m,train,0.575,2354
6.0,2.0,1519,0.203,-5.6553,-8590.44,15m,train,0.575,2354
7.0,0.25,1519,0.356,-0.3163,-480.39,15m,train,0.575,2354
7.0,0.5,1519,0.275,-1.5106,-2294.6,15m,train,0.575,2354
7.0,0.75,1519,0.234,-2.4454,-3714.63,15m,train,0.575,2354
7.0,1.0,1519,0.213,-3.2549,-4944.25,15m,train,0.575,2354
7.0,1.5,1519,0.19,-4.524,-6871.9,15m,train,0.575,2354
7.0,2.0,1519,0.184,-5.5808,-8477.25,15m,train,0.575,2354
8.0,0.25,1519,0.355,-0.248,-376.74,15m,train,0.575,2354
8.0,0.5,1519,0.27,-1.4876,-2259.67,15m,train,0.575,2354
8.0,0.75,1519,0.226,-2.4297,-3690.72,15m,train,0.575,2354
8.0,1.0,1519,0.202,-3.247,-4932.15,15m,train,0.575,2354
8.0,1.5,1519,0.178,-4.5253,-6873.89,15m,train,0.575,2354
8.0,2.0,1519,0.169,-5.5882,-8488.41,15m,train,0.575,2354
10.0,0.25,1519,0.352,-0.2009,-305.11,15m,train,0.575,2354
10.0,0.5,1519,0.263,-1.3151,-1997.58,15m,train,0.575,2354
10.0,0.75,1519,0.217,-2.3014,-3495.86,15m,train,0.575,2354
10.0,1.0,1519,0.193,-3.1008,-4710.19,15m,train,0.575,2354
10.0,1.5,1519,0.163,-4.392,-6671.5,15m,train,0.575,2354
10.0,2.0,1519,0.152,-5.4474,-8274.58,15m,train,0.575,2354
12.0,0.25,1519,0.352,-0.1561,-237.06,15m,train,0.575,2354
12.0,0.5,1519,0.261,-1.2517,-1901.26,15m,train,0.575,2354
12.0,0.75,1519,0.213,-2.2042,-3348.24,15m,train,0.575,2354
12.0,1.0,1519,0.188,-3.0,-4556.97,15m,train,0.575,2354
12.0,1.5,1519,0.155,-4.2861,-6510.6,15m,train,0.575,2354
12.0,2.0,1519,0.143,-5.3211,-8082.81,15m,train,0.575,2354
15.0,0.25,1519,0.352,-0.1467,-222.87,15m,train,0.575,2354
15.0,0.5,1519,0.259,-1.2147,-1845.06,15m,train,0.575,2354
15.0,0.75,1519,0.211,-2.1054,-3198.14,15m,train,0.575,2354
15.0,1.0,1519,0.184,-2.8715,-4361.85,15m,train,0.575,2354
15.0,1.5,1519,0.15,-4.1223,-6261.77,15m,train,0.575,2354
15.0,2.0,1519,0.136,-5.1341,-7798.71,15m,train,0.575,2354
20.0,0.25,1519,0.351,-0.1307,-198.61,15m,train,0.575,2354
20.0,0.5,1519,0.259,-1.1602,-1762.36,15m,train,0.575,2354
20.0,0.75,1519,0.209,-2.0162,-3062.64,15m,train,0.575,2354
20.0,1.0,1519,0.18,-2.7727,-4211.66,15m,train,0.575,2354
20.0,1.5,1519,0.145,-3.9659,-6024.13,15m,train,0.575,2354
20.0,2.0,1519,0.13,-4.9294,-7487.77,15m,train,0.575,2354
5.0,0.25,1513,0.374,-0.4396,-665.05,15m,train,0.6,2354
5.0,0.5,1513,0.302,-1.7074,-2583.3,15m,train,0.6,2354
5.0,0.75,1513,0.268,-2.679,-4053.29,15m,train,0.6,2354
5.0,1.0,1513,0.254,-3.4489,-5218.14,15m,train,0.6,2354
5.0,1.5,1513,0.233,-4.6833,-7085.78,15m,train,0.6,2354
5.0,2.0,1513,0.223,-5.6893,-8607.94,15m,train,0.6,2354
6.0,0.25,1513,0.367,-0.3308,-500.57,15m,train,0.6,2354
6.0,0.5,1513,0.289,-1.5772,-2386.31,15m,train,0.6,2354
6.0,0.75,1513,0.249,-2.5468,-3853.3,15m,train,0.6,2354
6.0,1.0,1513,0.233,-3.3352,-5046.1,15m,train,0.6,2354
6.0,1.5,1513,0.211,-4.589,-6943.2,15m,train,0.6,2354
6.0,2.0,1513,0.204,-5.627,-8513.58,15m,train,0.6,2354
7.0,0.25,1513,0.36,-0.2942,-445.12,15m,train,0.6,2354
7.0,0.5,1513,0.276,-1.4682,-2221.33,15m,train,0.6,2354
7.0,0.75,1513,0.235,-2.3997,-3630.7,15m,train,0.6,2354
7.0,1.0,1513,0.217,-3.2066,-4851.57,15m,train,0.6,2354
7.0,1.5,1513,0.193,-4.4712,-6764.85,15m,train,0.6,2354
7.0,2.0,1513,0.186,-5.5248,-8359.06,15m,train,0.6,2354
8.0,0.25,1513,0.357,-0.2616,-395.84,15m,train,0.6,2354
8.0,0.5,1513,0.27,-1.4939,-2260.25,15m,train,0.6,2354
8.0,0.75,1513,0.227,-2.4339,-3682.54,15m,train,0.6,2354
8.0,1.0,1513,0.206,-3.2531,-4921.91,15m,train,0.6,2354
8.0,1.5,1513,0.18,-4.5174,-6834.75,15m,train,0.6,2354
8.0,2.0,1513,0.17,-5.5735,-8432.68,15m,train,0.6,2354
10.0,0.25,1513,0.355,-0.1991,-301.29,15m,train,0.6,2354
10.0,0.5,1513,0.263,-1.3162,-1991.37,15m,train,0.6,2354
10.0,0.75,1513,0.217,-2.3083,-3492.39,15m,train,0.6,2354
10.0,1.0,1513,0.196,-3.1118,-4708.13,15m,train,0.6,2354
10.0,1.5,1513,0.164,-4.3923,-6645.57,15m,train,0.6,2354
10.0,2.0,1513,0.153,-5.4444,-8237.34,15m,train,0.6,2354
12.0,0.25,1513,0.355,-0.1553,-235.02,15m,train,0.6,2354
12.0,0.5,1513,0.261,-1.2442,-1882.47,15m,train,0.6,2354
12.0,0.75,1513,0.213,-2.2008,-3329.87,15m,train,0.6,2354
12.0,1.0,1513,0.19,-3.0017,-4541.54,15m,train,0.6,2354
12.0,1.5,1513,0.155,-4.2831,-6480.26,15m,train,0.6,2354
12.0,2.0,1513,0.142,-5.3202,-8049.46,15m,train,0.6,2354
15.0,0.25,1513,0.355,-0.1412,-213.58,15m,train,0.6,2354
15.0,0.5,1513,0.26,-1.2012,-1817.39,15m,train,0.6,2354
15.0,0.75,1513,0.212,-2.0964,-3171.92,15m,train,0.6,2354
15.0,1.0,1513,0.186,-2.8711,-4343.95,15m,train,0.6,2354
15.0,1.5,1513,0.15,-4.1202,-6233.91,15m,train,0.6,2354
15.0,2.0,1513,0.136,-5.1373,-7772.69,15m,train,0.6,2354
20.0,0.25,1513,0.354,-0.121,-183.02,15m,train,0.6,2354
20.0,0.5,1513,0.259,-1.1392,-1723.54,15m,train,0.6,2354
20.0,0.75,1513,0.21,-1.9971,-3021.6,15m,train,0.6,2354
20.0,1.0,1513,0.183,-2.7571,-4171.5,15m,train,0.6,2354
20.0,1.5,1513,0.145,-3.9617,-5994.07,15m,train,0.6,2354
20.0,2.0,1513,0.13,-4.9419,-7477.12,15m,train,0.6,2354
5.0,0.25,1505,0.373,-0.484,-728.45,15m,train,0.625,2354
5.0,0.5,1505,0.3,-1.762,-2651.86,15m,train,0.625,2354
5.0,0.75,1505,0.268,-2.723,-4098.13,15m,train,0.625,2354
5.0,1.0,1505,0.254,-3.4939,-5258.35,15m,train,0.625,2354
5.0,1.5,1505,0.233,-4.7128,-7092.77,15m,train,0.625,2354
5.0,2.0,1505,0.223,-5.7128,-8597.8,15m,train,0.625,2354
6.0,0.25,1505,0.365,-0.383,-576.42,15m,train,0.625,2354
6.0,0.5,1505,0.288,-1.6364,-2462.76,15m,train,0.625,2354
6.0,0.75,1505,0.25,-2.5743,-3874.3,15m,train,0.625,2354
6.0,1.0,1505,0.233,-3.3594,-5055.97,15m,train,0.625,2354
6.0,1.5,1505,0.211,-4.6092,-6936.85,15m,train,0.625,2354
6.0,2.0,1505,0.204,-5.6444,-8494.89,15m,train,0.625,2354
7.0,0.25,1505,0.357,-0.355,-534.3,15m,train,0.625,2354
7.0,0.5,1505,0.272,-1.5423,-2321.12,15m,train,0.625,2354
7.0,0.75,1505,0.233,-2.4533,-3692.19,15m,train,0.625,2354
7.0,1.0,1505,0.215,-3.2601,-4906.38,15m,train,0.625,2354
7.0,1.5,1505,0.192,-4.5218,-6805.3,15m,train,0.625,2354
7.0,2.0,1505,0.185,-5.5723,-8386.27,15m,train,0.625,2354
8.0,0.25,1505,0.354,-0.3107,-467.65,15m,train,0.625,2354
8.0,0.5,1505,0.268,-1.5458,-2326.41,15m,train,0.625,2354
8.0,0.75,1505,0.227,-2.4626,-3706.22,15m,train,0.625,2354
8.0,1.0,1505,0.205,-3.2842,-4942.7,15m,train,0.625,2354
8.0,1.5,1505,0.18,-4.5512,-6849.58,15m,train,0.625,2354
8.0,2.0,1505,0.17,-5.603,-8432.58,15m,train,0.625,2354
10.0,0.25,1505,0.352,-0.2586,-389.25,15m,train,0.625,2354
10.0,0.5,1505,0.26,-1.3996,-2106.33,15m,train,0.625,2354
10.0,0.75,1505,0.215,-2.3679,-3563.69,15m,train,0.625,2354
10.0,1.0,1505,0.193,-3.1663,-4765.33,15m,train,0.625,2354
10.0,1.5,1505,0.163,-4.4467,-6692.31,15m,train,0.625,2354
10.0,2.0,1505,0.152,-5.5036,-8282.97,15m,train,0.625,2354
12.0,0.25,1505,0.352,-0.2139,-321.91,15m,train,0.625,2354
12.0,0.5,1505,0.258,-1.304,-1962.48,15m,train,0.625,2354
12.0,0.75,1505,0.211,-2.2321,-3359.31,15m,train,0.625,2354
12.0,1.0,1505,0.188,-3.0138,-4535.81,15m,train,0.625,2354
12.0,1.5,1505,0.154,-4.2872,-6452.17,15m,train,0.625,2354
12.0,2.0,1505,0.142,-5.3207,-8007.6,15m,train,0.625,2354
15.0,0.25,1505,0.352,-0.1942,-292.21,15m,train,0.625,2354
15.0,0.5,1505,0.257,-1.243,-1870.67,15m,train,0.625,2354
15.0,0.75,1505,0.21,-2.1111,-3177.18,15m,train,0.625,2354
15.0,1.0,1505,0.185,-2.8821,-4337.5,15m,train,0.625,2354
15.0,1.5,1505,0.149,-4.1539,-6251.65,15m,train,0.625,2354
15.0,2.0,1505,0.135,-5.1807,-7797.02,15m,train,0.625,2354
20.0,0.25,1505,0.351,-0.1746,-262.79,15m,train,0.625,2354
20.0,0.5,1505,0.256,-1.1903,-1791.41,15m,train,0.625,2354
20.0,0.75,1505,0.209,-2.0245,-3046.93,15m,train,0.625,2354
20.0,1.0,1505,0.181,-2.7802,-4184.15,15m,train,0.625,2354
20.0,1.5,1505,0.144,-4.0078,-6031.78,15m,train,0.625,2354
20.0,2.0,1505,0.128,-5.0017,-7527.5,15m,train,0.625,2354
5.0,0.25,1496,0.376,-0.4487,-671.24,15m,train,0.65,2354
5.0,0.5,1496,0.304,-1.6935,-2533.53,15m,train,0.65,2354
5.0,0.75,1496,0.273,-2.6458,-3958.13,15m,train,0.65,2354
5.0,1.0,1496,0.261,-3.4119,-5104.24,15m,train,0.65,2354
5.0,1.5,1496,0.239,-4.6249,-6918.84,15m,train,0.65,2354
5.0,2.0,1496,0.225,-5.6212,-8409.38,15m,train,0.65,2354
6.0,0.25,1496,0.369,-0.3559,-532.45,15m,train,0.65,2354
6.0,0.5,1496,0.29,-1.6115,-2410.77,15m,train,0.65,2354
6.0,0.75,1496,0.253,-2.5462,-3809.19,15m,train,0.65,2354
6.0,1.0,1496,0.237,-3.3288,-4979.95,15m,train,0.65,2354
6.0,1.5,1496,0.215,-4.5817,-6854.22,15m,train,0.65,2354
6.0,2.0,1496,0.207,-5.6009,-8379.02,15m,train,0.65,2354
7.0,0.25,1496,0.36,-0.3452,-516.36,15m,train,0.65,2354
7.0,0.5,1496,0.273,-1.5605,-2334.53,15m,train,0.65,2354
7.0,0.75,1496,0.234,-2.4882,-3722.27,15m,train,0.65,2354
7.0,1.0,1496,0.217,-3.3006,-4937.76,15m,train,0.65,2354
7.0,1.5,1496,0.193,-4.5764,-6846.32,15m,train,0.65,2354
7.0,2.0,1496,0.185,-5.6215,-8409.77,15m,train,0.65,2354
8.0,0.25,1496,0.358,-0.2953,-441.73,15m,train,0.65,2354
8.0,0.5,1496,0.27,-1.4786,-2212.01,15m,train,0.65,2354
8.0,0.75,1496,0.229,-2.3905,-3576.19,15m,train,0.65,2354
8.0,1.0,1496,0.209,-3.2056,-4795.6,15m,train,0.65,2354
8.0,1.5,1496,0.184,-4.4657,-6680.74,15m,train,0.65,2354
8.0,2.0,1496,0.174,-5.5179,-8254.78,15m,train,0.65,2354
10.0,0.25,1496,0.355,-0.2539,-379.82,15m,train,0.65,2354
10.0,0.5,1496,0.262,-1.3936,-2084.83,15m,train,0.65,2354
10.0,0.75,1496,0.217,-2.2913,-3427.8,15m,train,0.65,2354
10.0,1.0,1496,0.196,-3.0942,-4628.98,15m,train,0.65,2354
10.0,1.5,1496,0.168,-4.3812,-6554.32,15m,train,0.65,2354
10.0,2.0,1496,0.156,-5.4394,-8137.4,15m,train,0.65,2354
12.0,0.25,1496,0.355,-0.198,-296.27,15m,train,0.65,2354
12.0,0.5,1496,0.259,-1.2969,-1940.09,15m,train,0.65,2354
12.0,0.75,1496,0.211,-2.2085,-3303.89,15m,train,0.65,2354
12.0,1.0,1496,0.189,-2.9914,-4475.21,15m,train,0.65,2354
12.0,1.5,1496,0.156,-4.2726,-6391.88,15m,train,0.65,2354
12.0,2.0,1496,0.143,-5.3104,-7944.34,15m,train,0.65,2354
15.0,0.25,1496,0.355,-0.1792,-268.13,15m,train,0.65,2354
15.0,0.5,1496,0.258,-1.2423,-1858.52,15m,train,0.65,2354
15.0,0.75,1496,0.21,-2.1154,-3164.58,15m,train,0.65,2354
15.0,1.0,1496,0.185,-2.8991,-4337.12,15m,train,0.65,2354
15.0,1.5,1496,0.15,-4.172,-6241.32,15m,train,0.65,2354
15.0,2.0,1496,0.136,-5.2059,-7787.96,15m,train,0.65,2354
20.0,0.25,1496,0.354,-0.1571,-235.0,15m,train,0.65,2354
20.0,0.5,1496,0.257,-1.1749,-1757.61,15m,train,0.65,2354
20.0,0.75,1496,0.209,-2.001,-2993.44,15m,train,0.65,2354
20.0,1.0,1496,0.182,-2.7608,-4130.23,15m,train,0.65,2354
20.0,1.5,1496,0.146,-3.9872,-5964.83,15m,train,0.65,2354
20.0,2.0,1496,0.129,-4.9742,-7441.47,15m,train,0.65,2354
5.0,0.25,1489,0.381,-0.4008,-596.74,15m,train,0.675,2354
5.0,0.5,1489,0.311,-1.6393,-2440.88,15m,train,0.675,2354
5.0,0.75,1489,0.279,-2.5736,-3832.07,15m,train,0.675,2354
5.0,1.0,1489,0.267,-3.3341,-4964.43,15m,train,0.675,2354
5.0,1.5,1489,0.242,-4.541,-6761.59,15m,train,0.675,2354
5.0,2.0,1489,0.231,-5.5341,-8240.21,15m,train,0.675,2354
6.0,0.25,1489,0.373,-0.3178,-473.26,15m,train,0.675,2354
6.0,0.5,1489,0.296,-1.558,-2319.92,15m,train,0.675,2354
6.0,0.75,1489,0.259,-2.4902,-3707.89,15m,train,0.675,2354
6.0,1.0,1489,0.242,-3.2682,-4866.37,15m,train,0.675,2354
6.0,1.5,1489,0.219,-4.5153,-6723.33,15m,train,0.675,2354
6.0,2.0,1489,0.213,-5.5312,-8236.0,15m,train,0.675,2354
7.0,0.25,1489,0.363,-0.3105,-462.26,15m,train,0.675,2354
7.0,0.5,1489,0.28,-1.5218,-2265.92,15m,train,0.675,2354
7.0,0.75,1489,0.24,-2.4499,-3647.97,15m,train,0.675,2354
7.0,1.0,1489,0.222,-3.2414,-4826.49,15m,train,0.675,2354
7.0,1.5,1489,0.198,-4.513,-6719.82,15m,train,0.675,2354
7.0,2.0,1489,0.192,-5.556,-8272.95,15m,train,0.675,2354
8.0,0.25,1489,0.36,-0.2693,-401.04,15m,train,0.675,2354
8.0,0.5,1489,0.274,-1.4454,-2152.13,15m,train,0.675,2354
8.0,0.75,1489,0.234,-2.3479,-3495.96,15m,train,0.675,2354
8.0,1.0,1489,0.213,-3.1486,-4688.22,15m,train,0.675,2354
8.0,1.5,1489,0.188,-4.4056,-6559.96,15m,train,0.675,2354
8.0,2.0,1489,0.18,-5.4554,-8123.14,15m,train,0.675,2354
10.0,0.25,1489,0.357,-0.2362,-351.66,15m,train,0.675,2354
10.0,0.5,1489,0.267,-1.363,-2029.48,15m,train,0.675,2354
10.0,0.75,1489,0.221,-2.259,-3363.63,15m,train,0.675,2354
10.0,1.0,1489,0.198,-3.0627,-4560.32,15m,train,0.675,2354
10.0,1.5,1489,0.169,-4.3429,-6466.59,15m,train,0.675,2354
10.0,2.0,1489,0.16,-5.3969,-8035.96,15m,train,0.675,2354
12.0,0.25,1489,0.357,-0.1707,-254.2,15m,train,0.675,2354
12.0,0.5,1489,0.264,-1.2288,-1829.62,15m,train,0.675,2354
12.0,0.75,1489,0.216,-2.128,-3168.65,15m,train,0.675,2354
12.0,1.0,1489,0.191,-2.8997,-4317.71,15m,train,0.675,2354
12.0,1.5,1489,0.159,-4.1756,-6217.43,15m,train,0.675,2354
12.0,2.0,1489,0.148,-5.2199,-7772.38,15m,train,0.675,2354
15.0,0.25,1489,0.357,-0.1471,-219.02,15m,train,0.675,2354
15.0,0.5,1489,0.263,-1.179,-1755.53,15m,train,0.675,2354
15.0,0.75,1489,0.214,-2.0499,-3052.31,15m,train,0.675,2354
15.0,1.0,1489,0.188,-2.8347,-4220.87,15m,train,0.675,2354
15.0,1.5,1489,0.153,-4.114,-6125.77,15m,train,0.675,2354
15.0,2.0,1489,0.14,-5.14,-7653.52,15m,train,0.675,2354
20.0,0.25,1489,0.356,-0.1319,-196.38,15m,train,0.675,2354
20.0,0.5,1489,0.261,-1.1428,-1701.7,15m,train,0.675,2354
20.0,0.75,1489,0.211,-1.9595,-2917.63,15m,train,0.675,2354
20.0,1.0,1489,0.183,-2.7189,-4048.42,15m,train,0.675,2354
20.0,1.5,1489,0.146,-3.9453,-5874.53,15m,train,0.675,2354
20.0,2.0,1489,0.132,-4.9272,-7336.64,15m,train,0.675,2354
5.0,0.25,1485,0.383,-0.4382,-650.72,15m,train,0.7,2354
5.0,0.5,1485,0.312,-1.6504,-2450.84,15m,train,0.7,2354
5.0,0.75,1485,0.281,-2.5796,-3830.65,15m,train,0.7,2354
5.0,1.0,1485,0.267,-3.3375,-4956.14,15m,train,0.7,2354
5.0,1.5,1485,0.244,-4.5431,-6746.52,15m,train,0.7,2354
5.0,2.0,1485,0.232,-5.5324,-8215.61,15m,train,0.7,2354
6.0,0.25,1485,0.372,-0.3389,-503.25,15m,train,0.7,2354
6.0,0.5,1485,0.294,-1.5882,-2358.47,15m,train,0.7,2354
6.0,0.75,1485,0.257,-2.5284,-3754.61,15m,train,0.7,2354
6.0,1.0,1485,0.242,-3.3012,-4902.3,15m,train,0.7,2354
6.0,1.5,1485,0.22,-4.5447,-6748.82,15m,train,0.7,2354
6.0,2.0,1485,0.212,-5.5576,-8253.11,15m,train,0.7,2354
7.0,0.25,1485,0.365,-0.3051,-453.14,15m,train,0.7,2354
7.0,0.5,1485,0.281,-1.4903,-2213.12,15m,train,0.7,2354
7.0,0.75,1485,0.243,-2.4222,-3596.99,15m,train,0.7,2354
7.0,1.0,1485,0.225,-3.2214,-4783.74,15m,train,0.7,2354
7.0,1.5,1485,0.203,-4.4849,-6660.03,15m,train,0.7,2354
7.0,2.0,1485,0.195,-5.5245,-8203.93,15m,train,0.7,2354
8.0,0.25,1485,0.361,-0.266,-395.06,15m,train,0.7,2354
8.0,0.5,1485,0.273,-1.401,-2080.49,15m,train,0.7,2354
8.0,0.75,1485,0.235,-2.295,-3408.09,15m,train,0.7,2354
8.0,1.0,1485,0.216,-3.0951,-4596.27,15m,train,0.7,2354
8.0,1.5,1485,0.191,-4.3523,-6463.17,15m,train,0.7,2354
8.0,2.0,1485,0.182,-5.4021,-8022.05,15m,train,0.7,2354
10.0,0.25,1485,0.358,-0.2367,-351.51,15m,train,0.7,2354
10.0,0.5,1485,0.266,-1.3571,-2015.23,15m,train,0.7,2354
10.0,0.75,1485,0.221,-2.2623,-3359.47,15m,train,0.7,2354
10.0,1.0,1485,0.2,-3.0695,-4558.2,15m,train,0.7,2354
10.0,1.5,1485,0.171,-4.3567,-6469.75,15m,train,0.7,2354
10.0,2.0,1485,0.16,-5.4191,-8047.3,15m,train,0.7,2354
12.0,0.25,1485,0.357,-0.1884,-279.82,15m,train,0.7,2354
12.0,0.5,1485,0.263,-1.2461,-1850.39,15m,train,0.7,2354
12.0,0.75,1485,0.215,-2.0871,-3099.41,15m,train,0.7,2354
12.0,1.0,1485,0.194,-2.8658,-4255.78,15m,train,0.7,2354
12.0,1.5,1485,0.162,-4.1504,-6163.41,15m,train,0.7,2354
12.0,2.0,1485,0.149,-5.1975,-7718.35,15m,train,0.7,2354
15.0,0.25,1485,0.357,-0.1614,-239.71,15m,train,0.7,2354
15.0,0.5,1485,0.261,-1.1905,-1767.94,15m,train,0.7,2354
15.0,0.75,1485,0.213,-2.0141,-2990.99,15m,train,0.7,2354
15.0,1.0,1485,0.191,-2.7914,-4145.3,15m,train,0.7,2354
15.0,1.5,1485,0.155,-4.0465,-6009.09,15m,train,0.7,2354
15.0,2.0,1485,0.141,-5.0614,-7516.14,15m,train,0.7,2354
20.0,0.25,1485,0.356,-0.1459,-216.63,15m,train,0.7,2354
20.0,0.5,1485,0.26,-1.1453,-1700.72,15m,train,0.7,2354
20.0,0.75,1485,0.211,-1.9089,-2834.78,15m,train,0.7,2354
20.0,1.0,1485,0.185,-2.6624,-3953.68,15m,train,0.7,2354
20.0,1.5,1485,0.148,-3.8702,-5747.26,15m,train,0.7,2354
20.0,2.0,1485,0.132,-4.8376,-7183.89,15m,train,0.7,2354
5.0,0.25,731,0.315,-2.1931,-1603.14,15m,validation,0.3,867
5.0,0.5,731,0.244,-3.7884,-2769.33,15m,validation,0.3,867
5.0,0.75,731,0.227,-4.9527,-3620.4,15m,validation,0.3,867
5.0,1.0,731,0.209,-5.9072,-4318.14,15m,validation,0.3,867
5.0,1.5,731,0.198,-7.4131,-5418.95,15m,validation,0.3,867
5.0,2.0,731,0.185,-8.6593,-6329.96,15m,validation,0.3,867
6.0,0.25,731,0.309,-2.089,-1527.05,15m,validation,0.3,867
6.0,0.5,731,0.231,-3.6939,-2700.26,15m,validation,0.3,867
6.0,0.75,731,0.211,-4.9107,-3589.72,15m,validation,0.3,867
6.0,1.0,731,0.19,-5.8724,-4292.73,15m,validation,0.3,867
6.0,1.5,731,0.181,-7.4223,-5425.67,15m,validation,0.3,867
6.0,2.0,731,0.171,-8.6883,-6351.14,15m,validation,0.3,867
7.0,0.25,731,0.302,-2.0642,-1508.95,15m,validation,0.3,867
7.0,0.5,731,0.219,-3.6602,-2675.57,15m,validation,0.3,867
7.0,0.75,731,0.196,-4.8477,-3543.64,15m,validation,0.3,867
7.0,1.0,731,0.175,-5.7884,-4231.34,15m,validation,0.3,867
7.0,1.5,731,0.164,-7.3295,-5357.87,15m,validation,0.3,867
7.0,2.0,731,0.157,-8.5964,-6284.0,15m,validation,0.3,867
8.0,0.25,731,0.3,-2.0165,-1474.09,15m,validation,0.3,867
8.0,0.5,731,0.216,-3.4805,-2544.27,15m,validation,0.3,867
8.0,0.75,731,0.189,-4.6639,-3409.28,15m,validation,0.3,867
8.0,1.0,731,0.168,-5.6087,-4099.99,15m,validation,0.3,867
8.0,1.5,731,0.156,-7.2054,-5267.17,15m,validation,0.3,867
8.0,2.0,731,0.146,-8.5298,-6235.28,15m,validation,0.3,867
10.0,0.25,731,0.295,-2.0742,-1516.25,15m,validation,0.3,867
10.0,0.5,731,0.205,-3.4309,-2508.02,15m,validation,0.3,867
10.0,0.75,731,0.176,-4.5464,-3323.42,15m,validation,0.3,867
10.0,1.0,731,0.155,-5.4277,-3967.67,15m,validation,0.3,867
10.0,1.5,731,0.141,-7.0141,-5127.33,15m,validation,0.3,867
10.0,2.0,731,0.131,-8.3477,-6102.15,15m,validation,0.3,867
12.0,0.25,731,0.294,-2.1046,-1538.47,15m,validation,0.3,867
12.0,0.5,731,0.2,-3.522,-2574.59,15m,validation,0.3,867
12.0,0.75,731,0.168,-4.5701,-3340.73,15m,validation,0.3,867
12.0,1.0,731,0.144,-5.4081,-3953.31,15m,validation,0.3,867
12.0,1.5,731,0.129,-7.0125,-5126.12,15m,validation,0.3,867
12.0,2.0,731,0.118,-8.3247,-6085.36,15m,validation,0.3,867
15.0,0.25,731,0.293,-2.1371,-1562.24,15m,validation,0.3,867
15.0,0.5,731,0.198,-3.5165,-2570.55,15m,validation,0.3,867
15.0,0.75,731,0.164,-4.5376,-3316.96,15m,validation,0.3,867
15.0,1.0,731,0.138,-5.3915,-3941.2,15m,validation,0.3,867
15.0,1.5,731,0.122,-7.0415,-5147.31,15m,validation,0.3,867
15.0,2.0,731,0.108,-8.4815,-6199.97,15m,validation,0.3,867
20.0,0.25,731,0.291,-2.1529,-1573.79,15m,validation,0.3,867
20.0,0.5,731,0.197,-3.4937,-2553.92,15m,validation,0.3,867
20.0,0.75,731,0.163,-4.5077,-3295.13,15m,validation,0.3,867
20.0,1.0,731,0.137,-5.3641,-3921.16,15m,validation,0.3,867
20.0,1.5,731,0.12,-7.0838,-5178.29,15m,validation,0.3,867
20.0,2.0,731,0.105,-8.8385,-6460.97,15m,validation,0.3,867
5.0,0.25,729,0.318,-2.1126,-1540.08,15m,validation,0.325,867
5.0,0.5,729,0.246,-3.72,-2711.91,15m,validation,0.325,867
5.0,0.75,729,0.228,-4.8844,-3560.69,15m,validation,0.325,867
5.0,1.0,729,0.213,-5.7991,-4227.53,15m,validation,0.325,867
5.0,1.5,729,0.2,-7.2971,-5319.62,15m,validation,0.325,867
5.0,2.0,729,0.189,-8.5398,-6225.53,15m,validation,0.325,867
6.0,0.25,729,0.314,-1.9446,-1417.58,15m,validation,0.325,867
6.0,0.5,729,0.237,-3.5069,-2556.55,15m,validation,0.325,867
6.0,0.75,729,0.218,-4.7158,-3437.82,15m,validation,0.325,867
6.0,1.0,729,0.199,-5.677,-4138.56,15m,validation,0.325,867
6.0,1.5,729,0.188,-7.214,-5258.99,15m,validation,0.325,867
6.0,2.0,729,0.178,-8.4718,-6175.91,15m,validation,0.325,867
7.0,0.25,729,0.307,-1.9517,-1422.77,15m,validation,0.325,867
7.0,0.5,729,0.224,-3.5619,-2596.61,15m,validation,0.325,867
7.0,0.75,729,0.199,-4.7511,-3463.55,15m,validation,0.325,867
7.0,1.0,729,0.18,-5.6915,-4149.08,15m,validation,0.325,867
7.0,1.5,729,0.167,-7.2312,-5271.57,15m,validation,0.325,867
7.0,2.0,729,0.16,-8.497,-6194.33,15m,validation,0.325,867
8.0,0.25,729,0.303,-1.9262,-1404.21,15m,validation,0.325,867
8.0,0.5,729,0.219,-3.4065,-2483.34,15m,validation,0.325,867
8.0,0.75,729,0.191,-4.5802,-3338.94,15m,validation,0.325,867
8.0,1.0,729,0.171,-5.5227,-4026.07,15m,validation,0.325,867
8.0,1.5,729,0.159,-7.1302,-5197.93,15m,validation,0.325,867
8.0,2.0,729,0.148,-8.4166,-6135.71,15m,validation,0.325,867
10.0,0.25,729,0.299,-1.9751,-1439.83,15m,validation,0.325,867
10.0,0.5,729,0.209,-3.335,-2431.18,15m,validation,0.325,867
10.0,0.75,729,0.178,-4.4578,-3249.76,15m,validation,0.325,867
10.0,1.0,729,0.158,-5.3567,-3905.0,15m,validation,0.325,867
10.0,1.5,729,0.145,-6.9383,-5058.02,15m,validation,0.325,867
10.0,2.0,729,0.134,-8.244,-6009.88,15m,validation,0.325,867
12.0,0.25,729,0.298,-2.0077,-1463.62,15m,validation,0.325,867
12.0,0.5,729,0.203,-3.4287,-2499.53,15m,validation,0.325,867
12.0,0.75,729,0.17,-4.4831,-3268.19,15m,validation,0.325,867
12.0,1.0,729,0.147,-5.3349,-3889.13,15m,validation,0.325,867
12.0,1.5,729,0.132,-6.9168,-5042.34,15m,validation,0.325,867
12.0,2.0,729,0.119,-8.228,-5998.22,15m,validation,0.325,867
15.0,0.25,729,0.296,-2.0379,-1485.64,15m,validation,0.325,867
15.0,0.5,729,0.202,-3.4111,-2486.69,15m,validation,0.325,867
15.0,0.75,729,0.166,-4.4213,-3223.13,15m,validation,0.325,867
15.0,1.0,729,0.141,-5.2708,-3842.45,15m,validation,0.325,867
15.0,1.5,729,0.125,-6.9177,-5043.01,15m,validation,0.325,867
15.0,2.0,729,0.11,-8.3605,-6094.83,15m,validation,0.325,867
20.0,0.25,729,0.295,-2.0537,-1497.16,15m,validation,0.325,867
20.0,0.5,729,0.2,-3.3881,-2469.92,15m,validation,0.325,867
20.0,0.75,729,0.165,-4.3919,-3201.68,15m,validation,0.325,867
20.0,1.0,729,0.14,-5.2481,-3825.88,15m,validation,0.325,867
20.0,1.5,729,0.123,-6.9346,-5055.31,15m,validation,0.325,867
20.0,2.0,729,0.107,-8.6694,-6319.97,15m,validation,0.325,867
5.0,0.25,728,0.316,-2.291,-1667.84,15m,validation,0.35,867
5.0,0.5,728,0.243,-3.8546,-2806.12,15m,validation,0.35,867
5.0,0.75,728,0.225,-5.0132,-3649.58,15m,validation,0.35,867
5.0,1.0,728,0.209,-5.9218,-4311.06,15m,validation,0.35,867
5.0,1.5,728,0.198,-7.4132,-5396.8,15m,validation,0.35,867
5.0,2.0,728,0.187,-8.6519,-6298.61,15m,validation,0.35,867
6.0,0.25,728,0.312,-2.1012,-1529.69,15m,validation,0.35,867
6.0,0.5,728,0.235,-3.6151,-2631.77,15m,validation,0.35,867
6.0,0.75,728,0.216,-4.8135,-3504.23,15m,validation,0.35,867
6.0,1.0,728,0.195,-5.7659,-4197.61,15m,validation,0.35,867
6.0,1.5,728,0.184,-7.2936,-5309.73,15m,validation,0.35,867
6.0,2.0,728,0.176,-8.5459,-6221.43,15m,validation,0.35,867
7.0,0.25,728,0.305,-2.1023,-1530.46,15m,validation,0.35,867
7.0,0.5,728,0.221,-3.6618,-2665.79,15m,validation,0.35,867
7.0,0.75,728,0.198,-4.855,-3534.47,15m,validation,0.35,867
7.0,1.0,728,0.177,-5.8004,-4222.72,15m,validation,0.35,867
7.0,1.5,728,0.165,-7.3352,-5340.02,15m,validation,0.35,867
7.0,2.0,728,0.159,-8.594,-6256.45,15m,validation,0.35,867
8.0,0.25,728,0.301,-2.088,-1520.03,15m,validation,0.35,867
8.0,0.5,728,0.216,-3.5358,-2574.09,15m,validation,0.35,867
8.0,0.75,728,0.19,-4.6757,-3403.89,15m,validation,0.35,867
8.0,1.0,728,0.169,-5.599,-4076.1,15m,validation,0.35,867
8.0,1.5,728,0.157,-7.1693,-5219.28,15m,validation,0.35,867
8.0,2.0,728,0.148,-8.4335,-6139.59,15m,validation,0.35,867
10.0,0.25,728,0.297,-2.1276,-1548.93,15m,validation,0.35,867
10.0,0.5,728,0.205,-3.4411,-2505.12,15m,validation,0.35,867
10.0,0.75,728,0.176,-4.53,-3297.82,15m,validation,0.35,867
10.0,1.0,728,0.155,-5.4228,-3947.8,15m,validation,0.35,867
10.0,1.5,728,0.143,-7.0,-5096.0,15m,validation,0.35,867
10.0,2.0,728,0.133,-8.2949,-6038.67,15m,validation,0.35,867
12.0,0.25,728,0.295,-2.1587,-1571.56,15m,validation,0.35,867
12.0,0.5,728,0.199,-3.5389,-2576.28,15m,validation,0.35,867
12.0,0.75,728,0.168,-4.6142,-3359.11,15m,validation,0.35,867
12.0,1.0,728,0.143,-5.4572,-3972.84,15m,validation,0.35,867
12.0,1.5,728,0.128,-7.0439,-5127.93,15m,validation,0.35,867
12.0,2.0,728,0.118,-8.363,-6088.26,15m,validation,0.35,867
15.0,0.25,728,0.294,-2.1807,-1587.54,15m,validation,0.35,867
15.0,0.5,728,0.198,-3.498,-2546.51,15m,validation,0.35,867
15.0,0.75,728,0.165,-4.5143,-3286.44,15m,validation,0.35,867
15.0,1.0,728,0.139,-5.3765,-3914.07,15m,validation,0.35,867
15.0,1.5,728,0.122,-7.0395,-5124.76,15m,validation,0.35,867
15.0,2.0,728,0.109,-8.4962,-6185.27,15m,validation,0.35,867
20.0,0.25,728,0.293,-2.1964,-1598.95,15m,validation,0.35,867
20.0,0.5,728,0.196,-3.4744,-2529.33,15m,validation,0.35,867
20.0,0.75,728,0.163,-4.4807,-3261.93,15m,validation,0.35,867
20.0,1.0,728,0.137,-5.3453,-3891.38,15m,validation,0.35,867
20.0,1.5,728,0.121,-7.0526,-5134.27,15m,validation,0.35,867
20.0,2.0,728,0.107,-8.5108,-6195.88,15m,validation,0.35,867
5.0,0.25,727,0.318,-2.2387,-1627.51,15m,validation,0.375,867
5.0,0.5,727,0.243,-3.8792,-2820.17,15m,validation,0.375,867
5.0,0.75,727,0.224,-4.9662,-3610.43,15m,validation,0.375,867
5.0,1.0,727,0.21,-5.8716,-4268.66,15m,validation,0.375,867
5.0,1.5,727,0.202,-7.3615,-5351.78,15m,validation,0.375,867
5.0,2.0,727,0.193,-8.6005,-6252.57,15m,validation,0.375,867
6.0,0.25,727,0.312,-2.0487,-1489.4,15m,validation,0.375,867
6.0,0.5,727,0.234,-3.6013,-2618.14,15m,validation,0.375,867
6.0,0.75,727,0.215,-4.7873,-3480.34,15m,validation,0.375,867
6.0,1.0,727,0.194,-5.7386,-4171.97,15m,validation,0.375,867
6.0,1.5,727,0.183,-7.2431,-5265.7,15m,validation,0.375,867
6.0,2.0,727,0.176,-8.4883,-6171.0,15m,validation,0.375,867
7.0,0.25,727,0.307,-2.0554,-1494.31,15m,validation,0.375,867
7.0,0.5,727,0.221,-3.6544,-2656.75,15m,validation,0.375,867
7.0,0.75,727,0.198,-4.8033,-3492.0,15m,validation,0.375,867
7.0,1.0,727,0.177,-5.7338,-4168.48,15m,validation,0.375,867
7.0,1.5,727,0.168,-7.2499,-5270.69,15m,validation,0.375,867
7.0,2.0,727,0.164,-8.4986,-6178.45,15m,validation,0.375,867
8.0,0.25,727,0.303,-2.0157,-1465.43,15m,validation,0.375,867
8.0,0.5,727,0.216,-3.4944,-2540.43,15m,validation,0.375,867
8.0,0.75,727,0.191,-4.5952,-3340.69,15m,validation,0.375,867
8.0,1.0,727,0.171,-5.4943,-3994.32,15m,validation,0.375,867
8.0,1.5,727,0.158,-7.044,-5120.99,15m,validation,0.375,867
8.0,2.0,727,0.153,-8.2977,-6032.45,15m,validation,0.375,867
10.0,0.25,727,0.298,-2.0463,-1487.69,15m,validation,0.375,867
10.0,0.5,727,0.206,-3.3968,-2469.44,15m,validation,0.375,867
10.0,0.75,727,0.177,-4.4616,-3243.56,15m,validation,0.375,867
10.0,1.0,727,0.157,-5.3518,-3890.75,15m,validation,0.375,867
10.0,1.5,727,0.144,-6.9245,-5034.13,15m,validation,0.375,867
10.0,2.0,727,0.135,-8.3008,-6034.71,15m,validation,0.375,867
12.0,0.25,727,0.297,-2.0865,-1516.88,15m,validation,0.375,867
12.0,0.5,727,0.199,-3.4894,-2536.8,15m,validation,0.375,867
12.0,0.75,727,0.168,-4.542,-3302.01,15m,validation,0.375,867
12.0,1.0,727,0.143,-5.3822,-3912.89,15m,validation,0.375,867
12.0,1.5,727,0.128,-6.9217,-5032.11,15m,validation,0.375,867
12.0,2.0,727,0.118,-8.306,-6038.48,15m,validation,0.375,867
15.0,0.25,727,0.296,-2.1084,-1532.77,15m,validation,0.375,867
15.0,0.5,727,0.198,-3.4384,-2499.75,15m,validation,0.375,867
15.0,0.75,727,0.165,-4.3978,-3197.17,15m,validation,0.375,867
15.0,1.0,727,0.139,-5.2518,-3818.04,15m,validation,0.375,867
15.0,1.5,727,0.122,-6.8697,-4994.24,15m,validation,0.375,867
15.0,2.0,727,0.109,-8.3877,-6097.87,15m,validation,0.375,867
20.0,0.25,727,0.294,-2.1241,-1544.19,15m,validation,0.375,867
20.0,0.5,727,0.197,-3.4208,-2486.92,15m,validation,0.375,867
20.0,0.75,727,0.164,-4.3934,-3194.0,15m,validation,0.375,867
20.0,1.0,727,0.138,-5.2624,-3825.73,15m,validation,0.375,867
20.0,1.5,727,0.121,-6.9427,-5047.32,15m,validation,0.375,867
20.0,2.0,727,0.107,-8.4757,-6161.82,15m,validation,0.375,867
5.0,0.25,726,0.32,-2.1982,-1595.86,15m,validation,0.4,867
5.0,0.5,726,0.245,-3.86,-2802.37,15m,validation,0.4,867
5.0,0.75,726,0.226,-4.9486,-3592.7,15m,validation,0.4,867
5.0,1.0,726,0.212,-5.8549,-4250.67,15m,validation,0.4,867
5.0,1.5,726,0.202,-7.3455,-5332.86,15m,validation,0.4,867
5.0,2.0,726,0.193,-8.5848,-6232.58,15m,validation,0.4,867
6.0,0.25,726,0.314,-1.9965,-1449.48,15m,validation,0.4,867
6.0,0.5,726,0.236,-3.5815,-2600.15,15m,validation,0.4,867
6.0,0.75,726,0.216,-4.7234,-3429.19,15m,validation,0.4,867
6.0,1.0,726,0.197,-5.6662,-4113.67,15m,validation,0.4,867
6.0,1.5,726,0.185,-7.1634,-5200.6,15m,validation,0.4,867
6.0,2.0,726,0.178,-8.4049,-6101.98,15m,validation,0.4,867
7.0,0.25,726,0.309,-1.9739,-1433.03,15m,validation,0.4,867
7.0,0.5,726,0.223,-3.5835,-2601.65,15m,validation,0.4,867
7.0,0.75,726,0.2,-4.7352,-3437.79,15m,validation,0.4,867
7.0,1.0,726,0.179,-5.6657,-4113.32,15m,validation,0.4,867
7.0,1.5,726,0.168,-7.1816,-5213.82,15m,validation,0.4,867
7.0,2.0,726,0.164,-8.4298,-6120.04,15m,validation,0.4,867
8.0,0.25,726,0.304,-1.9415,-1409.52,15m,validation,0.4,867
8.0,0.5,726,0.218,-3.4298,-2490.07,15m,validation,0.4,867
8.0,0.75,726,0.193,-4.5428,-3298.09,15m,validation,0.4,867
8.0,1.0,726,0.172,-5.4518,-3958.04,15m,validation,0.4,867
8.0,1.5,726,0.158,-6.9517,-5046.93,15m,validation,0.4,867
8.0,2.0,726,0.154,-8.1979,-5951.69,15m,validation,0.4,867
10.0,0.25,726,0.3,-1.9646,-1426.28,15m,validation,0.4,867
10.0,0.5,726,0.208,-3.3223,-2411.97,15m,validation,0.4,867
10.0,0.75,726,0.179,-4.3849,-3183.42,15m,validation,0.4,867
10.0,1.0,726,0.158,-5.3152,-3858.85,15m,validation,0.4,867
10.0,1.5,726,0.145,-6.8565,-4977.82,15m,validation,0.4,867
10.0,2.0,726,0.135,-8.2322,-5976.6,15m,validation,0.4,867
12.0,0.25,726,0.299,-2.0034,-1454.47,15m,validation,0.4,867
12.0,0.5,726,0.201,-3.4162,-2480.14,15m,validation,0.4,867
12.0,0.75,726,0.169,-4.475,-3248.86,15m,validation,0.4,867
12.0,1.0,726,0.145,-5.3592,-3890.81,15m,validation,0.4,867
12.0,1.5,726,0.128,-6.8727,-4989.61,15m,validation,0.4,867
12.0,2.0,726,0.118,-8.2635,-5999.29,15m,validation,0.4,867
15.0,0.25,726,0.298,-2.0254,-1470.42,15m,validation,0.4,867
15.0,0.5,726,0.2,-3.3396,-2424.53,15m,validation,0.4,867
15.0,0.75,726,0.167,-4.2896,-3114.23,15m,validation,0.4,867
15.0,1.0,726,0.142,-5.1541,-3741.91,15m,validation,0.4,867
15.0,1.5,726,0.124,-6.7197,-4878.53,15m,validation,0.4,867
15.0,2.0,726,0.112,-8.2246,-5971.04,15m,validation,0.4,867
20.0,0.25,726,0.296,-2.0406,-1481.5,15m,validation,0.4,867
20.0,0.5,726,0.198,-3.3384,-2423.65,15m,validation,0.4,867
20.0,0.75,726,0.165,-4.3369,-3148.62,15m,validation,0.4,867
20.0,1.0,726,0.139,-5.2591,-3818.12,15m,validation,0.4,867
20.0,1.5,726,0.121,-6.9232,-5026.22,15m,validation,0.4,867
20.0,2.0,726,0.106,-8.4637,-6144.65,15m,validation,0.4,867
5.0,0.25,724,0.319,-2.1292,-1541.55,15m,validation,0.425,867
5.0,0.5,724,0.247,-3.7832,-2739.05,15m,validation,0.425,867
5.0,0.75,724,0.228,-4.8681,-3524.53,15m,validation,0.425,867
5.0,1.0,724,0.213,-5.7725,-4179.29,15m,validation,0.425,867
5.0,1.5,724,0.206,-7.261,-5256.97,15m,validation,0.425,867
5.0,2.0,724,0.195,-8.4991,-6153.36,15m,validation,0.425,867
6.0,0.25,724,0.314,-1.9287,-1396.37,15m,validation,0.425,867
6.0,0.5,724,0.238,-3.5163,-2545.77,15m,validation,0.425,867
6.0,0.75,724,0.218,-4.6641,-3376.84,15m,validation,0.425,867
6.0,1.0,724,0.198,-5.6108,-4062.23,15m,validation,0.425,867
6.0,1.5,724,0.188,-7.1129,-5149.76,15m,validation,0.425,867
6.0,2.0,724,0.178,-8.3575,-6050.85,15m,validation,0.425,867
7.0,0.25,724,0.308,-1.9105,-1383.19,15m,validation,0.425,867
7.0,0.5,724,0.227,-3.4612,-2505.92,15m,validation,0.425,867
7.0,0.75,724,0.203,-4.6187,-3343.95,15m,validation,0.425,867
7.0,1.0,724,0.181,-5.5544,-4021.4,15m,validation,0.425,867
7.0,1.5,724,0.173,-7.0757,-5122.79,15m,validation,0.425,867
7.0,2.0,724,0.166,-8.326,-6028.01,15m,validation,0.425,867
8.0,0.25,724,0.304,-1.8677,-1352.22,15m,validation,0.425,867
8.0,0.5,724,0.22,-3.3495,-2425.06,15m,validation,0.425,867
8.0,0.75,724,0.196,-4.4666,-3233.85,15m,validation,0.425,867
8.0,1.0,724,0.174,-5.3772,-3893.09,15m,validation,0.425,867
8.0,1.5,724,0.163,-6.8788,-4980.27,15m,validation,0.425,867
8.0,2.0,724,0.156,-8.1259,-5883.17,15m,validation,0.425,867
10.0,0.25,724,0.3,-1.877,-1358.91,15m,validation,0.425,867
10.0,0.5,724,0.21,-3.2304,-2338.83,15m,validation,0.425,867
10.0,0.75,724,0.181,-4.2996,-3112.9,15m,validation,0.425,867
10.0,1.0,724,0.159,-5.2388,-3792.9,15m,validation,0.425,867
10.0,1.5,724,0.148,-6.7983,-4921.95,15m,validation,0.425,867
10.0,2.0,724,0.135,-8.1824,-5924.02,15m,validation,0.425,867
12.0,0.25,724,0.298,-1.9026,-1377.47,15m,validation,0.425,867
12.0,0.5,724,0.204,-3.3054,-2393.09,15m,validation,0.425,867
12.0,0.75,724,0.173,-4.3464,-3146.82,15m,validation,0.425,867
12.0,1.0,724,0.148,-5.2314,-3787.55,15m,validation,0.425,867
12.0,1.5,724,0.135,-6.753,-4889.2,15m,validation,0.425,867
12.0,2.0,724,0.122,-8.1498,-5900.45,15m,validation,0.425,867
15.0,0.25,724,0.297,-1.9372,-1402.51,15m,validation,0.425,867
15.0,0.5,724,0.202,-3.2374,-2343.91,15m,validation,0.425,867
15.0,0.75,724,0.169,-4.1854,-3030.21,15m,validation,0.425,867
15.0,1.0,724,0.142,-5.0491,-3655.54,15m,validation,0.425,867
15.0,1.5,724,0.128,-6.6128,-4787.64,15m,validation,0.425,867
15.0,2.0,724,0.112,-8.1197,-5878.63,15m,validation,0.425,867
20.0,0.25,724,0.296,-1.9524,-1413.56,15m,validation,0.425,867
20.0,0.5,724,0.2,-3.2366,-2343.31,15m,validation,0.425,867
20.0,0.75,724,0.167,-4.2338,-3065.3,15m,validation,0.425,867
20.0,1.0,724,0.14,-5.157,-3733.69,15m,validation,0.425,867
20.0,1.5,724,0.126,-6.8255,-4941.63,15m,validation,0.425,867
20.0,2.0,724,0.106,-8.373,-6062.04,15m,validation,0.425,867
5.0,0.25,723,0.317,-2.1311,-1540.75,15m,validation,0.45,867
5.0,0.5,723,0.246,-3.7392,-2703.42,15m,validation,0.45,867
5.0,0.75,723,0.228,-4.8102,-3477.76,15m,validation,0.45,867
5.0,1.0,723,0.212,-5.7073,-4126.39,15m,validation,0.45,867
5.0,1.5,723,0.206,-7.1877,-5196.7,15m,validation,0.45,867
5.0,2.0,723,0.196,-8.421,-6088.38,15m,validation,0.45,867
6.0,0.25,723,0.311,-1.9628,-1419.07,15m,validation,0.45,867
6.0,0.5,723,0.237,-3.5079,-2536.21,15m,validation,0.45,867
6.0,0.75,723,0.219,-4.6272,-3345.45,15m,validation,0.45,867
6.0,1.0,723,0.201,-5.5649,-4023.44,15m,validation,0.45,867
6.0,1.5,723,0.189,-7.0564,-5101.79,15m,validation,0.45,867
6.0,2.0,723,0.181,-8.2948,-5997.13,15m,validation,0.45,867
7.0,0.25,723,0.307,-1.9115,-1382.05,15m,validation,0.45,867
7.0,0.5,723,0.23,-3.3979,-2456.66,15m,validation,0.45,867
7.0,0.75,723,0.21,-4.5401,-3282.5,15m,validation,0.45,867
7.0,1.0,723,0.188,-5.4662,-3952.03,15m,validation,0.45,867
7.0,1.5,723,0.176,-6.9761,-5043.71,15m,validation,0.45,867
7.0,2.0,723,0.169,-8.2218,-5944.37,15m,validation,0.45,867
8.0,0.25,723,0.3,-1.9086,-1379.92,15m,validation,0.45,867
8.0,0.5,723,0.22,-3.3792,-2443.15,15m,validation,0.45,867
8.0,0.75,723,0.198,-4.4937,-3248.93,15m,validation,0.45,867
8.0,1.0,723,0.176,-5.4028,-3906.26,15m,validation,0.45,867
8.0,1.5,723,0.162,-6.9096,-4995.64,15m,validation,0.45,867
8.0,2.0,723,0.155,-8.1575,-5897.85,15m,validation,0.45,867
10.0,0.25,723,0.297,-1.8753,-1355.84,15m,validation,0.45,867
10.0,0.5,723,0.212,-3.2142,-2323.85,15m,validation,0.45,867
10.0,0.75,723,0.184,-4.2973,-3106.97,15m,validation,0.45,867
10.0,1.0,723,0.162,-5.2374,-3786.61,15m,validation,0.45,867
10.0,1.5,723,0.148,-6.7915,-4910.24,15m,validation,0.45,867
10.0,2.0,723,0.136,-8.1712,-5907.79,15m,validation,0.45,867
12.0,0.25,723,0.295,-1.9218,-1389.44,15m,validation,0.45,867
12.0,0.5,723,0.205,-3.2953,-2382.48,15m,validation,0.45,867
12.0,0.75,723,0.176,-4.3329,-3132.69,15m,validation,0.45,867
12.0,1.0,723,0.151,-5.22,-3774.06,15m,validation,0.45,867
12.0,1.5,723,0.136,-6.7464,-4877.64,15m,validation,0.45,867
12.0,2.0,723,0.122,-8.1327,-5879.96,15m,validation,0.45,867
15.0,0.25,723,0.293,-1.9699,-1424.27,15m,validation,0.45,867
15.0,0.5,723,0.202,-3.2471,-2347.64,15m,validation,0.45,867
15.0,0.75,723,0.17,-4.1966,-3034.14,15m,validation,0.45,867
15.0,1.0,723,0.144,-5.0672,-3663.59,15m,validation,0.45,867
15.0,1.5,723,0.127,-6.6379,-4799.23,15m,validation,0.45,867
15.0,2.0,723,0.111,-8.1468,-5890.17,15m,validation,0.45,867
20.0,0.25,723,0.292,-1.9885,-1437.68,15m,validation,0.45,867
20.0,0.5,723,0.201,-3.2556,-2353.82,15m,validation,0.45,867
20.0,0.75,723,0.169,-4.2549,-3076.3,15m,validation,0.45,867
20.0,1.0,723,0.141,-5.1831,-3747.35,15m,validation,0.45,867
20.0,1.5,723,0.124,-6.8501,-4952.62,15m,validation,0.45,867
20.0,2.0,723,0.105,-8.395,-6069.56,15m,validation,0.45,867
5.0,0.25,719,0.318,-2.0963,-1507.25,15m,validation,0.475,867
5.0,0.5,719,0.248,-3.6732,-2641.0,15m,validation,0.475,867
5.0,0.75,719,0.228,-4.7408,-3408.63,15m,validation,0.475,867
5.0,1.0,719,0.211,-5.6363,-4052.5,15m,validation,0.475,867
5.0,1.5,719,0.206,-7.115,-5115.67,15m,validation,0.475,867
5.0,2.0,719,0.195,-8.3474,-6001.79,15m,validation,0.475,867
6.0,0.25,719,0.312,-1.9231,-1382.73,15m,validation,0.475,867
6.0,0.5,719,0.239,-3.4412,-2474.25,15m,validation,0.475,867
6.0,0.75,719,0.22,-4.554,-3274.31,15m,validation,0.475,867
6.0,1.0,719,0.202,-5.4482,-3917.27,15m,validation,0.475,867
6.0,1.5,719,0.193,-6.9255,-4979.43,15m,validation,0.475,867
6.0,2.0,719,0.184,-8.1566,-5864.62,15m,validation,0.475,867
7.0,0.25,719,0.307,-1.8967,-1363.72,15m,validation,0.475,867
7.0,0.5,719,0.231,-3.3686,-2422.01,15m,validation,0.475,867
7.0,0.75,719,0.211,-4.5209,-3250.55,15m,validation,0.475,867
7.0,1.0,719,0.191,-5.4542,-3921.54,15m,validation,0.475,867
7.0,1.5,719,0.178,-6.9591,-5003.59,15m,validation,0.475,867
7.0,2.0,719,0.17,-8.2008,-5896.37,15m,validation,0.475,867
8.0,0.25,719,0.3,-1.8778,-1350.17,15m,validation,0.475,867
8.0,0.5,719,0.223,-3.2756,-2355.12,15m,validation,0.475,867
8.0,0.75,719,0.199,-4.3946,-3159.7,15m,validation,0.475,867
8.0,1.0,719,0.178,-5.3043,-3813.82,15m,validation,0.475,867
8.0,1.5,719,0.164,-6.8131,-4898.6,15m,validation,0.475,867
8.0,2.0,719,0.156,-8.0611,-5795.95,15m,validation,0.475,867
10.0,0.25,719,0.298,-1.8295,-1315.44,15m,validation,0.475,867
10.0,0.5,719,0.216,-3.073,-2209.48,15m,validation,0.475,867
10.0,0.75,719,0.186,-4.1518,-2985.16,15m,validation,0.475,867
10.0,1.0,719,0.166,-5.0895,-3659.37,15m,validation,0.475,867
10.0,1.5,719,0.152,-6.6123,-4754.26,15m,validation,0.475,867
10.0,2.0,719,0.138,-7.976,-5734.76,15m,validation,0.475,867
12.0,0.25,719,0.295,-1.8817,-1352.97,15m,validation,0.475,867
12.0,0.5,719,0.207,-3.1587,-2271.14,15m,validation,0.475,867
12.0,0.75,719,0.177,-4.1958,-3016.77,15m,validation,0.475,867
12.0,1.0,719,0.153,-5.0841,-3655.44,15m,validation,0.475,867
12.0,1.5,719,0.138,-6.6116,-4753.71,15m,validation,0.475,867
12.0,2.0,719,0.122,-7.9987,-5751.04,15m,validation,0.475,867
15.0,0.25,719,0.293,-1.9297,-1387.42,15m,validation,0.475,867
15.0,0.5,719,0.204,-3.1091,-2235.44,15m,validation,0.475,867
15.0,0.75,719,0.171,-4.0576,-2917.41,15m,validation,0.475,867
15.0,1.0,719,0.146,-4.945,-3555.42,15m,validation,0.475,867
15.0,1.5,719,0.129,-6.5156,-4684.68,15m,validation,0.475,867
15.0,2.0,719,0.111,-7.9501,-5716.15,15m,validation,0.475,867
20.0,0.25,719,0.292,-1.9483,-1400.8,15m,validation,0.475,867
20.0,0.5,719,0.203,-3.115,-2239.69,15m,validation,0.475,867
20.0,0.75,719,0.17,-4.1053,-2951.69,15m,validation,0.475,867
20.0,1.0,719,0.143,-5.0278,-3615.01,15m,validation,0.475,867
20.0,1.5,719,0.127,-6.6982,-4815.99,15m,validation,0.475,867
20.0,2.0,719,0.106,-8.2499,-5931.66,15m,validation,0.475,867
5.0,0.25,715,0.317,-2.0449,-1462.11,15m,validation,0.5,867
5.0,0.5,715,0.25,-3.6343,-2598.52,15m,validation,0.5,867
5.0,0.75,715,0.229,-4.7058,-3364.64,15m,validation,0.5,867
5.0,1.0,715,0.211,-5.6033,-4006.37,15m,validation,0.5,867
5.0,1.5,715,0.206,-7.0842,-5065.2,15m,validation,0.5,867
5.0,2.0,715,0.194,-8.3178,-5947.23,15m,validation,0.5,867
6.0,0.25,715,0.31,-1.8585,-1328.8,15m,validation,0.5,867
6.0,0.5,715,0.242,-3.4142,-2441.12,15m,validation,0.5,867
6.0,0.75,715,0.221,-4.52,-3231.81,15m,validation,0.5,867
6.0,1.0,715,0.201,-5.4167,-3872.95,15m,validation,0.5,867
6.0,1.5,715,0.193,-6.8984,-4932.34,15m,validation,0.5,867
6.0,2.0,715,0.185,-8.1327,-5814.86,15m,validation,0.5,867
7.0,0.25,715,0.308,-1.745,-1247.69,15m,validation,0.5,867
7.0,0.5,715,0.236,-3.2341,-2312.39,15m,validation,0.5,867
7.0,0.75,715,0.215,-4.3838,-3134.4,15m,validation,0.5,867
7.0,1.0,715,0.193,-5.3226,-3805.64,15m,validation,0.5,867
7.0,1.5,715,0.18,-6.815,-4872.73,15m,validation,0.5,867
7.0,2.0,715,0.175,-8.0534,-5758.21,15m,validation,0.5,867
8.0,0.25,715,0.301,-1.7778,-1271.11,15m,validation,0.5,867
8.0,0.5,715,0.227,-3.2284,-2308.3,15m,validation,0.5,867
8.0,0.75,715,0.201,-4.3535,-3112.74,15m,validation,0.5,867
8.0,1.0,715,0.179,-5.2757,-3772.1,15m,validation,0.5,867
8.0,1.5,715,0.165,-6.7874,-4853.02,15m,validation,0.5,867
8.0,2.0,715,0.159,-8.0342,-5744.42,15m,validation,0.5,867
10.0,0.25,715,0.297,-1.7276,-1235.2,15m,validation,0.5,867
10.0,0.5,715,0.22,-2.9865,-2135.36,15m,validation,0.5,867
10.0,0.75,715,0.189,-4.0439,-2891.38,15m,validation,0.5,867
10.0,1.0,715,0.166,-4.9773,-3558.75,15m,validation,0.5,867
10.0,1.5,715,0.152,-6.5096,-4654.33,15m,validation,0.5,867
10.0,2.0,715,0.141,-7.8924,-5643.04,15m,validation,0.5,867
12.0,0.25,715,0.294,-1.7903,-1280.09,15m,validation,0.5,867
12.0,0.5,715,0.21,-3.0777,-2200.55,15m,validation,0.5,867
12.0,0.75,715,0.178,-4.1086,-2937.67,15m,validation,0.5,867
12.0,1.0,715,0.152,-5.0159,-3586.36,15m,validation,0.5,867
12.0,1.5,715,0.137,-6.5384,-4674.96,15m,validation,0.5,867
12.0,2.0,715,0.124,-7.9362,-5674.41,15m,validation,0.5,867
15.0,0.25,715,0.292,-1.8383,-1314.38,15m,validation,0.5,867
15.0,0.5,715,0.207,-3.0193,-2158.82,15m,validation,0.5,867
15.0,0.75,715,0.172,-3.9421,-2818.63,15m,validation,0.5,867
15.0,1.0,715,0.145,-4.8472,-3465.77,15m,validation,0.5,867
15.0,1.5,715,0.129,-6.4159,-4587.37,15m,validation,0.5,867
15.0,2.0,715,0.113,-7.8469,-5610.5,15m,validation,0.5,867
20.0,0.25,715,0.292,-1.8313,-1309.38,15m,validation,0.5,867
20.0,0.5,715,0.207,-2.9961,-2142.19,15m,validation,0.5,867
20.0,0.75,715,0.172,-3.9648,-2834.82,15m,validation,0.5,867
20.0,1.0,715,0.144,-4.9046,-3506.76,15m,validation,0.5,867
20.0,1.5,715,0.127,-6.5692,-4696.99,15m,validation,0.5,867
20.0,2.0,715,0.109,-8.1154,-5802.5,15m,validation,0.5,867
5.0,0.25,710,0.315,-2.055,-1459.02,15m,validation,0.525,867
5.0,0.5,710,0.252,-3.654,-2594.38,15m,validation,0.525,867
5.0,0.75,710,0.23,-4.7293,-3357.82,15m,validation,0.525,867
5.0,1.0,710,0.21,-5.6284,-3996.14,15m,validation,0.525,867
5.0,1.5,710,0.203,-7.111,-5048.79,15m,validation,0.525,867
5.0,2.0,710,0.192,-8.3458,-5925.49,15m,validation,0.525,867
6.0,0.25,710,0.31,-1.8478,-1311.95,15m,validation,0.525,867
6.0,0.5,710,0.245,-3.404,-2416.87,15m,validation,0.525,867
6.0,0.75,710,0.223,-4.5111,-3202.85,15m,validation,0.525,867
6.0,1.0,710,0.203,-5.4086,-3840.14,15m,validation,0.525,867
6.0,1.5,710,0.193,-6.8917,-4893.12,15m,validation,0.525,867
6.0,2.0,710,0.183,-8.1271,-5770.26,15m,validation,0.525,867
7.0,0.25,710,0.304,-1.7665,-1254.2,15m,validation,0.525,867
7.0,0.5,710,0.237,-3.279,-2328.06,15m,validation,0.525,867
7.0,0.75,710,0.214,-4.4,-3123.99,15m,validation,0.525,867
7.0,1.0,710,0.193,-5.2967,-3760.63,15m,validation,0.525,867
7.0,1.5,710,0.18,-6.7785,-4812.7,15m,validation,0.525,867
7.0,2.0,710,0.175,-8.0126,-5688.98,15m,validation,0.525,867
8.0,0.25,710,0.297,-1.7914,-1271.93,15m,validation,0.525,867
8.0,0.5,710,0.228,-3.226,-2290.43,15m,validation,0.525,867
8.0,0.75,710,0.203,-4.3597,-3095.37,15m,validation,0.525,867
8.0,1.0,710,0.18,-5.2443,-3723.47,15m,validation,0.525,867
8.0,1.5,710,0.166,-6.7466,-4790.09,15m,validation,0.525,867
8.0,2.0,710,0.161,-7.9887,-5671.99,15m,validation,0.525,867
10.0,0.25,710,0.293,-1.7435,-1237.86,15m,validation,0.525,867
10.0,0.5,710,0.22,-3.0331,-2153.51,15m,validation,0.525,867
10.0,0.75,710,0.187,-4.1231,-2927.38,15m,validation,0.525,867
10.0,1.0,710,0.165,-5.0311,-3572.09,15m,validation,0.525,867
10.0,1.5,710,0.151,-6.5789,-4671.04,15m,validation,0.525,867
10.0,2.0,710,0.139,-7.9649,-5655.1,15m,validation,0.525,867
12.0,0.25,710,0.292,-1.7688,-1255.83,15m,validation,0.525,867
12.0,0.5,710,0.211,-3.0747,-2183.07,15m,validation,0.525,867
12.0,0.75,710,0.177,-4.0916,-2905.04,15m,validation,0.525,867
12.0,1.0,710,0.154,-4.9772,-3533.82,15m,validation,0.525,867
12.0,1.5,710,0.138,-6.4732,-4595.99,15m,validation,0.525,867
12.0,2.0,710,0.127,-7.8606,-5581.02,15m,validation,0.525,867
15.0,0.25,710,0.289,-1.8469,-1311.28,15m,validation,0.525,867
15.0,0.5,710,0.207,-3.0376,-2156.67,15m,validation,0.525,867
15.0,0.75,710,0.17,-3.9764,-2823.22,15m,validation,0.525,867
15.0,1.0,710,0.144,-4.8015,-3409.04,15m,validation,0.525,867
15.0,1.5,710,0.128,-6.3545,-4511.71,15m,validation,0.525,867
15.0,2.0,710,0.113,-7.7828,-5525.79,15m,validation,0.525,867
20.0,0.25,710,0.289,-1.8398,-1306.28,15m,validation,0.525,867
20.0,0.5,710,0.207,-3.0085,-2136.01,15m,validation,0.525,867
20.0,0.75,710,0.17,-3.9711,-2819.49,15m,validation,0.525,867
20.0,1.0,710,0.142,-4.8586,-3449.61,15m,validation,0.525,867
20.0,1.5,710,0.125,-6.4739,-4596.5,15m,validation,0.525,867
20.0,2.0,710,0.107,-8.0044,-5683.11,15m,validation,0.525,867
5.0,0.25,706,0.324,-1.9404,-1369.92,15m,validation,0.55,867
5.0,0.5,706,0.259,-3.4999,-2470.9,15m,validation,0.55,867
5.0,0.75,706,0.238,-4.5595,-3219.03,15m,validation,0.55,867
5.0,1.0,706,0.22,-5.4486,-3846.7,15m,validation,0.55,867
5.0,1.5,706,0.211,-6.9216,-4886.67,15m,validation,0.55,867
5.0,2.0,706,0.201,-8.1514,-5754.9,15m,validation,0.55,867
6.0,0.25,706,0.314,-1.7715,-1250.69,15m,validation,0.55,867
6.0,0.5,706,0.248,-3.3498,-2364.99,15m,validation,0.55,867
6.0,0.75,706,0.225,-4.4527,-3143.59,15m,validation,0.55,867
6.0,1.0,706,0.204,-5.3467,-3774.78,15m,validation,0.55,867
6.0,1.5,706,0.195,-6.8273,-4820.06,15m,validation,0.55,867
6.0,2.0,706,0.187,-8.0616,-5691.46,15m,validation,0.55,867
7.0,0.25,706,0.307,-1.7399,-1228.36,15m,validation,0.55,867
7.0,0.5,706,0.238,-3.2788,-2314.81,15m,validation,0.55,867
7.0,0.75,706,0.215,-4.3998,-3106.27,15m,validation,0.55,867
7.0,1.0,706,0.194,-5.2929,-3736.79,15m,validation,0.55,867
7.0,1.5,706,0.181,-6.7748,-4783.03,15m,validation,0.55,867
7.0,2.0,706,0.177,-8.0098,-5654.93,15m,validation,0.55,867
8.0,0.25,706,0.303,-1.6941,-1196.0,15m,validation,0.55,867
8.0,0.5,706,0.232,-3.1466,-2221.52,15m,validation,0.55,867
8.0,0.75,706,0.207,-4.2822,-3023.21,15m,validation,0.55,867
8.0,1.0,706,0.183,-5.1639,-3645.74,15m,validation,0.55,867
8.0,1.5,706,0.167,-6.6659,-4706.12,15m,validation,0.55,867
8.0,2.0,706,0.163,-7.9095,-5584.1,15m,validation,0.55,867
10.0,0.25,706,0.297,-1.6621,-1173.46,15m,validation,0.55,867
10.0,0.5,706,0.224,-2.9776,-2102.16,15m,validation,0.55,867
10.0,0.75,706,0.19,-4.0659,-2870.56,15m,validation,0.55,867
10.0,1.0,706,0.166,-4.9658,-3505.84,15m,validation,0.55,867
10.0,1.5,706,0.15,-6.5084,-4594.93,15m,validation,0.55,867
10.0,2.0,706,0.143,-7.8123,-5515.5,15m,validation,0.55,867
12.0,0.25,706,0.296,-1.6877,-1191.5,15m,validation,0.55,867
12.0,0.5,706,0.218,-2.9326,-2070.44,15m,validation,0.55,867
12.0,0.75,706,0.183,-3.9347,-2777.9,15m,validation,0.55,867
12.0,1.0,706,0.157,-4.8057,-3392.8,15m,validation,0.55,867
12.0,1.5,706,0.139,-6.3539,-4485.85,15m,validation,0.55,867
12.0,2.0,706,0.129,-7.7397,-5464.22,15m,validation,0.55,867
15.0,0.25,706,0.293,-1.7638,-1245.22,15m,validation,0.55,867
15.0,0.5,706,0.211,-2.9709,-2097.46,15m,validation,0.55,867
15.0,0.75,706,0.174,-3.8867,-2743.99,15m,validation,0.55,867
15.0,1.0,706,0.146,-4.7079,-3323.77,15m,validation,0.55,867
15.0,1.5,706,0.127,-6.3289,-4468.21,15m,validation,0.55,867
15.0,2.0,706,0.113,-7.7628,-5480.57,15m,validation,0.55,867
20.0,0.25,706,0.293,-1.7567,-1240.23,15m,validation,0.55,867
20.0,0.5,706,0.211,-2.9401,-2075.73,15m,validation,0.55,867
20.0,0.75,706,0.173,-3.9012,-2754.25,15m,validation,0.55,867
20.0,1.0,706,0.143,-4.7861,-3379.0,15m,validation,0.55,867
20.0,1.5,706,0.123,-6.4495,-4553.35,15m,validation,0.55,867
20.0,2.0,706,0.106,-7.9438,-5608.3,15m,validation,0.55,867
5.0,0.25,704,0.327,-1.9129,-1346.71,15m,validation,0.575,867
5.0,0.5,704,0.257,-3.4779,-2448.42,15m,validation,0.575,867
5.0,0.75,704,0.236,-4.5445,-3199.36,15m,validation,0.575,867
5.0,1.0,704,0.219,-5.4371,-3827.75,15m,validation,0.575,867
5.0,1.5,704,0.209,-6.9141,-4867.55,15m,validation,0.575,867
5.0,2.0,704,0.199,-8.1462,-5734.91,15m,validation,0.575,867
6.0,0.25,704,0.315,-1.7609,-1239.69,15m,validation,0.575,867
6.0,0.5,704,0.244,-3.3366,-2348.95,15m,validation,0.575,867
6.0,0.75,704,0.222,-4.4404,-3126.05,15m,validation,0.575,867
6.0,1.0,704,0.202,-5.3351,-3755.88,15m,validation,0.575,867
6.0,1.5,704,0.195,-6.8165,-4798.8,15m,validation,0.575,867
6.0,2.0,704,0.186,-8.0513,-5668.12,15m,validation,0.575,867
7.0,0.25,704,0.308,-1.7369,-1222.76,15m,validation,0.575,867
7.0,0.5,704,0.234,-3.2372,-2278.99,15m,validation,0.575,867
7.0,0.75,704,0.212,-4.3263,-3045.74,15m,validation,0.575,867
7.0,1.0,704,0.192,-5.2066,-3665.45,15m,validation,0.575,867
7.0,1.5,704,0.183,-6.6757,-4699.71,15m,validation,0.575,867
7.0,2.0,704,0.179,-7.9039,-5564.33,15m,validation,0.575,867
8.0,0.25,704,0.304,-1.6861,-1187.02,15m,validation,0.575,867
8.0,0.5,704,0.229,-3.1162,-2193.81,15m,validation,0.575,867
8.0,0.75,704,0.205,-4.2624,-3000.7,15m,validation,0.575,867
8.0,1.0,704,0.183,-5.1508,-3626.16,15m,validation,0.575,867
8.0,1.5,704,0.17,-6.6393,-4674.05,15m,validation,0.575,867
8.0,2.0,704,0.166,-7.8788,-5546.69,15m,validation,0.575,867
10.0,0.25,704,0.298,-1.6437,-1157.15,15m,validation,0.575,867
10.0,0.5,704,0.22,-2.9343,-2065.75,15m,validation,0.575,867
10.0,0.75,704,0.188,-3.9661,-2792.13,15m,validation,0.575,867
10.0,1.0,704,0.166,-4.8549,-3417.84,15m,validation,0.575,867
10.0,1.5,704,0.152,-6.3985,-4504.55,15m,validation,0.575,867
10.0,2.0,704,0.145,-7.6581,-5391.31,15m,validation,0.575,867
12.0,0.25,704,0.297,-1.6671,-1173.62,15m,validation,0.575,867
12.0,0.5,704,0.214,-2.8939,-2037.32,15m,validation,0.575,867
12.0,0.75,704,0.179,-3.9048,-2748.98,15m,validation,0.575,867
12.0,1.0,704,0.156,-4.7975,-3377.47,15m,validation,0.575,867
12.0,1.5,704,0.141,-6.3217,-4450.5,15m,validation,0.575,867
12.0,2.0,704,0.131,-7.6862,-5411.05,15m,validation,0.575,867
15.0,0.25,704,0.294,-1.7395,-1224.64,15m,validation,0.575,867
15.0,0.5,704,0.207,-2.9251,-2059.27,15m,validation,0.575,867
15.0,0.75,704,0.17,-3.8487,-2709.5,15m,validation,0.575,867
15.0,1.0,704,0.145,-4.6829,-3296.77,15m,validation,0.575,867
15.0,1.5,704,0.128,-6.3166,-4446.9,15m,validation,0.575,867
15.0,2.0,704,0.114,-7.7555,-5459.85,15m,validation,0.575,867
20.0,0.25,704,0.294,-1.7324,-1219.59,15m,validation,0.575,867
20.0,0.5,704,0.207,-2.8856,-2031.45,15m,validation,0.575,867
20.0,0.75,704,0.169,-3.8399,-2703.31,15m,validation,0.575,867
20.0,1.0,704,0.142,-4.7073,-3313.95,15m,validation,0.575,867
20.0,1.5,704,0.124,-6.3574,-4475.61,15m,validation,0.575,867
20.0,2.0,704,0.107,-7.8509,-5527.04,15m,validation,0.575,867
5.0,0.25,703,0.33,-1.8632,-1309.81,15m,validation,0.6,867
5.0,0.5,703,0.263,-3.4331,-2413.46,15m,validation,0.6,867
5.0,0.75,703,0.236,-4.5055,-3167.34,15m,validation,0.6,867
5.0,1.0,703,0.219,-5.4009,-3796.81,15m,validation,0.6,867
5.0,1.5,703,0.209,-6.8771,-4834.6,15m,validation,0.6,867
5.0,2.0,703,0.201,-8.1087,-5700.43,15m,validation,0.6,867
6.0,0.25,703,0.317,-1.7237,-1211.74,15m,validation,0.6,867
6.0,0.5,703,0.249,-3.3115,-2328.01,15m,validation,0.6,867
6.0,0.75,703,0.222,-4.4156,-3104.17,15m,validation,0.6,867
6.0,1.0,703,0.202,-5.3103,-3733.17,15m,validation,0.6,867
6.0,1.5,703,0.195,-6.7918,-4774.65,15m,validation,0.6,867
6.0,2.0,703,0.188,-8.0266,-5642.69,15m,validation,0.6,867
7.0,0.25,703,0.31,-1.6686,-1173.03,15m,validation,0.6,867
7.0,0.5,703,0.239,-3.1913,-2243.51,15m,validation,0.6,867
7.0,0.75,703,0.212,-4.2885,-3014.8,15m,validation,0.6,867
7.0,1.0,703,0.192,-5.1769,-3639.36,15m,validation,0.6,867
7.0,1.5,703,0.183,-6.6538,-4677.65,15m,validation,0.6,867
7.0,2.0,703,0.181,-7.8864,-5544.17,15m,validation,0.6,867
8.0,0.25,703,0.306,-1.6224,-1140.57,15m,validation,0.6,867
8.0,0.5,703,0.233,-3.0931,-2174.48,15m,validation,0.6,867
8.0,0.75,703,0.205,-4.2106,-2960.06,15m,validation,0.6,867
8.0,1.0,703,0.185,-5.0978,-3583.73,15m,validation,0.6,867
8.0,1.5,703,0.172,-6.5725,-4620.47,15m,validation,0.6,867
8.0,2.0,703,0.169,-7.8032,-5485.68,15m,validation,0.6,867
10.0,0.25,703,0.302,-1.5468,-1087.39,15m,validation,0.6,867
10.0,0.5,703,0.226,-2.8388,-1995.67,15m,validation,0.6,867
10.0,0.75,703,0.189,-3.8651,-2717.19,15m,validation,0.6,867
10.0,1.0,703,0.168,-4.7501,-3339.3,15m,validation,0.6,867
10.0,1.5,703,0.154,-6.292,-4423.27,15m,validation,0.6,867
10.0,2.0,703,0.148,-7.5498,-5307.54,15m,validation,0.6,867
12.0,0.25,703,0.299,-1.5835,-1113.22,15m,validation,0.6,867
12.0,0.5,703,0.219,-2.7969,-1966.22,15m,validation,0.6,867
12.0,0.75,703,0.179,-3.7982,-2670.13,15m,validation,0.6,867
12.0,1.0,703,0.158,-4.6827,-3291.92,15m,validation,0.6,867
12.0,1.5,703,0.142,-6.2007,-4359.08,15m,validation,0.6,867
12.0,2.0,703,0.134,-7.5617,-5315.89,15m,validation,0.6,867
15.0,0.25,703,0.296,-1.6548,-1163.34,15m,validation,0.6,867
15.0,0.5,703,0.212,-2.8552,-2007.18,15m,validation,0.6,867
15.0,0.75,703,0.171,-3.8069,-2676.23,15m,validation,0.6,867
15.0,1.0,703,0.145,-4.6687,-3282.1,15m,validation,0.6,867
15.0,1.5,703,0.128,-6.3049,-4432.33,15m,validation,0.6,867
15.0,2.0,703,0.115,-7.7217,-5428.35,15m,validation,0.6,867
20.0,0.25,703,0.296,-1.6464,-1157.42,15m,validation,0.6,867
20.0,0.5,703,0.212,-2.8001,-1968.46,15m,validation,0.6,867
20.0,0.75,703,0.169,-3.7531,-2638.46,15m,validation,0.6,867
20.0,1.0,703,0.142,-4.5931,-3228.98,15m,validation,0.6,867
20.0,1.5,703,0.124,-6.185,-4348.04,15m,validation,0.6,867
20.0,2.0,703,0.11,-7.6562,-5382.32,15m,validation,0.6,867
5.0,0.25,701,0.337,-1.707,-1196.61,15m,validation,0.625,867
5.0,0.5,701,0.27,-3.2859,-2303.43,15m,validation,0.625,867
5.0,0.75,701,0.244,-4.3584,-3055.27,15m,validation,0.625,867
5.0,1.0,701,0.225,-5.2548,-3683.6,15m,validation,0.625,867
5.0,1.5,701,0.214,-6.7324,-4719.44,15m,validation,0.625,867
5.0,2.0,701,0.204,-7.965,-5583.45,15m,validation,0.625,867
6.0,0.25,701,0.32,-1.6798,-1177.56,15m,validation,0.625,867
6.0,0.5,701,0.25,-3.2772,-2297.34,15m,validation,0.625,867
6.0,0.75,701,0.223,-4.3814,-3071.35,15m,validation,0.625,867
6.0,1.0,701,0.201,-5.2767,-3698.95,15m,validation,0.625,867
6.0,1.5,701,0.194,-6.759,-4738.06,15m,validation,0.625,867
6.0,2.0,701,0.187,-7.9943,-5604.0,15m,validation,0.625,867
7.0,0.25,701,0.315,-1.5467,-1084.26,15m,validation,0.625,867
7.0,0.5,701,0.243,-3.0834,-2161.44,15m,validation,0.625,867
7.0,0.75,701,0.215,-4.18,-2930.17,15m,validation,0.625,867
7.0,1.0,701,0.194,-5.0683,-3552.88,15m,validation,0.625,867
7.0,1.5,701,0.185,-6.5451,-4588.13,15m,validation,0.625,867
7.0,2.0,701,0.183,-7.7776,-5452.07,15m,validation,0.625,867
8.0,0.25,701,0.31,-1.5324,-1074.21,15m,validation,0.625,867
8.0,0.5,701,0.235,-3.0047,-2106.29,15m,validation,0.625,867
8.0,0.75,701,0.208,-4.1242,-2891.05,15m,validation,0.625,867
8.0,1.0,701,0.187,-5.0132,-3514.28,15m,validation,0.625,867
8.0,1.5,701,0.174,-6.4904,-4549.77,15m,validation,0.625,867
8.0,2.0,701,0.171,-7.7226,-5413.52,15m,validation,0.625,867
10.0,0.25,701,0.304,-1.516,-1062.7,15m,validation,0.625,867
10.0,0.5,701,0.227,-2.837,-1988.77,15m,validation,0.625,867
10.0,0.75,701,0.191,-3.8921,-2728.34,15m,validation,0.625,867
10.0,1.0,701,0.168,-4.7337,-3318.34,15m,validation,0.625,867
10.0,1.5,701,0.154,-6.2253,-4363.91,15m,validation,0.625,867
10.0,2.0,701,0.151,-7.4671,-5234.45,15m,validation,0.625,867
12.0,0.25,701,0.302,-1.5054,-1055.32,15m,validation,0.625,867
12.0,0.5,701,0.221,-2.7409,-1921.36,15m,validation,0.625,867
12.0,0.75,701,0.181,-3.7534,-2631.12,15m,validation,0.625,867
12.0,1.0,701,0.158,-4.6254,-3242.37,15m,validation,0.625,867
12.0,1.5,701,0.143,-6.126,-4294.35,15m,validation,0.625,867
12.0,2.0,701,0.134,-7.4801,-5243.53,15m,validation,0.625,867
15.0,0.25,701,0.298,-1.6035,-1124.07,15m,validation,0.625,867
15.0,0.5,701,0.213,-2.8094,-1969.4,15m,validation,0.625,867
15.0,0.75,701,0.171,-3.7584,-2634.66,15m,validation,0.625,867
15.0,1.0,701,0.144,-4.6094,-3231.2,15m,validation,0.625,867
15.0,1.5,701,0.127,-6.2316,-4368.34,15m,validation,0.625,867
15.0,2.0,701,0.116,-7.6437,-5358.26,15m,validation,0.625,867
20.0,0.25,701,0.298,-1.595,-1118.12,15m,validation,0.625,867
20.0,0.5,701,0.213,-2.754,-1930.52,15m,validation,0.625,867
20.0,0.75,701,0.17,-3.6985,-2592.66,15m,validation,0.625,867
20.0,1.0,701,0.141,-4.5368,-3180.29,15m,validation,0.625,867
20.0,1.5,701,0.123,-6.1283,-4295.95,15m,validation,0.625,867
20.0,2.0,701,0.11,-7.6001,-5327.67,15m,validation,0.625,867
5.0,0.25,695,0.334,-1.7735,-1232.58,15m,validation,0.65,867
5.0,0.5,695,0.266,-3.3713,-2343.05,15m,validation,0.65,867
5.0,0.75,695,0.239,-4.4548,-3096.07,15m,validation,0.65,867
5.0,1.0,695,0.224,-5.3461,-3715.57,15m,validation,0.65,867
5.0,1.5,695,0.212,-6.8202,-4740.01,15m,validation,0.65,867
5.0,2.0,695,0.203,-8.0516,-5595.83,15m,validation,0.65,867
6.0,0.25,695,0.321,-1.6953,-1178.26,15m,validation,0.65,867
6.0,0.5,695,0.25,-3.2798,-2279.48,15m,validation,0.65,867
6.0,0.75,695,0.222,-4.3825,-3045.81,15m,validation,0.65,867
6.0,1.0,695,0.204,-5.2763,-3667.0,15m,validation,0.65,867
6.0,1.5,695,0.196,-6.7572,-4696.25,15m,validation,0.65,867
6.0,2.0,695,0.187,-7.992,-5554.47,15m,validation,0.65,867
7.0,0.25,695,0.314,-1.5996,-1111.72,15m,validation,0.65,867
7.0,0.5,695,0.24,-3.1446,-2185.49,15m,validation,0.65,867
7.0,0.75,695,0.212,-4.2438,-2949.47,15m,validation,0.65,867
7.0,1.0,695,0.191,-5.1337,-3567.95,15m,validation,0.65,867
7.0,1.5,695,0.184,-6.6129,-4595.97,15m,validation,0.65,867
7.0,2.0,695,0.181,-7.8471,-5453.76,15m,validation,0.65,867
8.0,0.25,695,0.309,-1.5732,-1093.38,15m,validation,0.65,867
8.0,0.5,695,0.236,-3.0635,-2129.14,15m,validation,0.65,867
8.0,0.75,695,0.207,-4.1675,-2896.42,15m,validation,0.65,867
8.0,1.0,695,0.187,-5.0534,-3512.1,15m,validation,0.65,867
8.0,1.5,695,0.176,-6.5285,-4537.33,15m,validation,0.65,867
8.0,2.0,695,0.173,-7.7603,-5393.39,15m,validation,0.65,867
10.0,0.25,695,0.302,-1.5698,-1091.04,15m,validation,0.65,867
10.0,0.5,695,0.224,-2.9009,-2016.12,15m,validation,0.65,867
10.0,0.75,695,0.188,-3.9689,-2758.39,15m,validation,0.65,867
10.0,1.0,695,0.167,-4.8193,-3349.42,15m,validation,0.65,867
10.0,1.5,695,0.153,-6.3032,-4380.7,15m,validation,0.65,867
10.0,2.0,695,0.15,-7.5412,-5241.15,15m,validation,0.65,867
12.0,0.25,695,0.301,-1.536,-1067.54,15m,validation,0.65,867
12.0,0.5,695,0.22,-2.7883,-1937.89,15m,validation,0.65,867
12.0,0.75,695,0.18,-3.7651,-2616.73,15m,validation,0.65,867
12.0,1.0,695,0.158,-4.6343,-3220.87,15m,validation,0.65,867
12.0,1.5,695,0.142,-6.1491,-4273.6,15m,validation,0.65,867
12.0,2.0,695,0.134,-7.5252,-5230.02,15m,validation,0.65,867
15.0,0.25,695,0.296,-1.6347,-1136.09,15m,validation,0.65,867
15.0,0.5,695,0.212,-2.8545,-1983.88,15m,validation,0.65,867
15.0,0.75,695,0.17,-3.7665,-2617.7,15m,validation,0.65,867
15.0,1.0,695,0.144,-4.6043,-3200.01,15m,validation,0.65,867
15.0,1.5,695,0.127,-6.2233,-4325.2,15m,validation,0.65,867
15.0,2.0,695,0.115,-7.6355,-5306.67,15m,validation,0.65,867
20.0,0.25,695,0.296,-1.6246,-1129.11,15m,validation,0.65,867
20.0,0.5,695,0.212,-2.7895,-1938.68,15m,validation,0.65,867
20.0,0.75,695,0.168,-3.7001,-2571.55,15m,validation,0.65,867
20.0,1.0,695,0.141,-4.5415,-3156.35,15m,validation,0.65,867
20.0,1.5,695,0.122,-6.1448,-4270.66,15m,validation,0.65,867
20.0,2.0,695,0.109,-7.6271,-5300.86,15m,validation,0.65,867
5.0,0.25,692,0.335,-1.7548,-1214.29,15m,validation,0.675,867
5.0,0.5,692,0.269,-3.341,-2311.95,15m,validation,0.675,867
5.0,0.75,692,0.238,-4.4243,-3061.6,15m,validation,0.675,867
5.0,1.0,692,0.224,-5.3152,-3678.13,15m,validation,0.675,867
5.0,1.5,692,0.212,-6.7886,-4697.74,15m,validation,0.675,867
5.0,2.0,692,0.204,-8.0197,-5549.63,15m,validation,0.675,867
6.0,0.25,692,0.325,-1.5907,-1100.79,15m,validation,0.675,867
6.0,0.5,692,0.256,-3.176,-2197.81,15m,validation,0.675,867
6.0,0.75,692,0.224,-4.2492,-2940.47,15m,validation,0.675,867
6.0,1.0,692,0.207,-5.1416,-3557.99,15m,validation,0.675,867
6.0,1.5,692,0.198,-6.621,-4581.74,15m,validation,0.675,867
6.0,2.0,692,0.191,-7.855,-5435.67,15m,validation,0.675,867
7.0,0.25,692,0.316,-1.5324,-1060.41,15m,validation,0.675,867
7.0,0.5,692,0.244,-3.1034,-2147.55,15m,validation,0.675,867
7.0,0.75,692,0.212,-4.1765,-2890.15,15m,validation,0.675,867
7.0,1.0,692,0.192,-5.071,-3509.15,15m,validation,0.675,867
7.0,1.5,692,0.185,-6.5536,-4535.09,15m,validation,0.675,867
7.0,2.0,692,0.182,-7.7896,-5390.44,15m,validation,0.675,867
8.0,0.25,692,0.314,-1.4928,-1033.03,15m,validation,0.675,867
8.0,0.5,692,0.241,-2.9933,-2071.38,15m,validation,0.675,867
8.0,0.75,692,0.21,-4.056,-2806.75,15m,validation,0.675,867
8.0,1.0,692,0.189,-4.9394,-3418.04,15m,validation,0.675,867
8.0,1.5,692,0.179,-6.4141,-4438.59,15m,validation,0.675,867
8.0,2.0,692,0.176,-7.6467,-5291.48,15m,validation,0.675,867
10.0,0.25,692,0.305,-1.4703,-1017.47,15m,validation,0.675,867
10.0,0.5,692,0.23,-2.8087,-1943.64,15m,validation,0.675,867
10.0,0.75,692,0.191,-3.8434,-2659.65,15m,validation,0.675,867
10.0,1.0,692,0.169,-4.6916,-3246.59,15m,validation,0.675,867
10.0,1.5,692,0.155,-6.1755,-4273.46,15m,validation,0.675,867
10.0,2.0,692,0.152,-7.4154,-5131.45,15m,validation,0.675,867
12.0,0.25,692,0.303,-1.4521,-1004.87,15m,validation,0.675,867
12.0,0.5,692,0.224,-2.7272,-1887.23,15m,validation,0.675,867
12.0,0.75,692,0.181,-3.6741,-2542.49,15m,validation,0.675,867
12.0,1.0,692,0.159,-4.544,-3144.45,15m,validation,0.675,867
12.0,1.5,692,0.143,-6.0678,-4198.89,15m,validation,0.675,867
12.0,2.0,692,0.136,-7.365,-5096.57,15m,validation,0.675,867
15.0,0.25,692,0.299,-1.5453,-1069.37,15m,validation,0.675,867
15.0,0.5,692,0.215,-2.7813,-1924.64,15m,validation,0.675,867
15.0,0.75,692,0.171,-3.6644,-2535.79,15m,validation,0.675,867
15.0,1.0,692,0.146,-4.4837,-3102.75,15m,validation,0.675,867
15.0,1.5,692,0.127,-6.0861,-4211.61,15m,validation,0.675,867
15.0,2.0,692,0.117,-7.4883,-5181.89,15m,validation,0.675,867
20.0,0.25,692,0.299,-1.5317,-1059.96,15m,validation,0.675,867
20.0,0.5,692,0.215,-2.7063,-1872.73,15m,validation,0.675,867
20.0,0.75,692,0.169,-3.553,-2458.67,15m,validation,0.675,867
20.0,1.0,692,0.143,-4.3751,-3027.57,15m,validation,0.675,867
20.0,1.5,692,0.123,-5.9581,-4123.01,15m,validation,0.675,867
20.0,2.0,692,0.111,-7.4277,-5139.98,15m,validation,0.675,867
5.0,0.25,687,0.339,-1.6513,-1134.46,15m,validation,0.7,867
5.0,0.5,687,0.272,-3.1716,-2178.89,15m,validation,0.7,867
5.0,0.75,687,0.249,-4.2391,-2912.23,15m,validation,0.7,867
5.0,1.0,687,0.236,-5.1213,-3518.35,15m,validation,0.7,867
5.0,1.5,687,0.224,-6.585,-4523.91,15m,validation,0.7,867
5.0,2.0,687,0.215,-7.8106,-5365.87,15m,validation,0.7,867
6.0,0.25,687,0.326,-1.5145,-1040.46,15m,validation,0.7,867
6.0,0.5,687,0.256,-3.0673,-2107.23,15m,validation,0.7,867
6.0,0.75,687,0.227,-4.136,-2841.41,15m,validation,0.7,867
6.0,1.0,687,0.214,-5.0331,-3457.72,15m,validation,0.7,867
6.0,1.5,687,0.202,-6.5157,-4476.28,15m,validation,0.7,867
6.0,2.0,687,0.195,-7.7512,-5325.09,15m,validation,0.7,867
7.0,0.25,687,0.316,-1.4522,-997.67,15m,validation,0.7,867
7.0,0.5,687,0.245,-2.9746,-2043.52,15m,validation,0.7,867
7.0,0.75,687,0.215,-4.0365,-2773.08,15m,validation,0.7,867
7.0,1.0,687,0.199,-4.9339,-3389.62,15m,validation,0.7,867
7.0,1.5,687,0.188,-6.4204,-4410.81,15m,validation,0.7,867
7.0,2.0,687,0.185,-7.6587,-5261.51,15m,validation,0.7,867
8.0,0.25,687,0.316,-1.3545,-930.56,15m,validation,0.7,867
8.0,0.5,687,0.243,-2.81,-1930.5,15m,validation,0.7,867
8.0,0.75,687,0.214,-3.8589,-2651.04,15m,validation,0.7,867
8.0,1.0,687,0.198,-4.7538,-3265.85,15m,validation,0.7,867
8.0,1.5,687,0.186,-6.2354,-4283.69,15m,validation,0.7,867
8.0,2.0,687,0.183,-7.4708,-5132.47,15m,validation,0.7,867
10.0,0.25,687,0.304,-1.3909,-955.55,15m,validation,0.7,867
10.0,0.5,687,0.229,-2.7071,-1859.77,15m,validation,0.7,867
10.0,0.75,687,0.194,-3.7125,-2550.5,15m,validation,0.7,867
10.0,1.0,687,0.178,-4.5805,-3146.81,15m,validation,0.7,867
10.0,1.5,687,0.16,-6.07,-4170.1,15m,validation,0.7,867
10.0,2.0,687,0.157,-7.3084,-5020.85,15m,validation,0.7,867
12.0,0.25,687,0.303,-1.3679,-939.77,15m,validation,0.7,867
12.0,0.5,687,0.223,-2.6201,-1799.98,15m,validation,0.7,867
12.0,0.75,687,0.182,-3.5719,-2453.9,15m,validation,0.7,867
12.0,1.0,687,0.164,-4.4212,-3037.35,15m,validation,0.7,867
12.0,1.5,687,0.146,-5.9303,-4074.1,15m,validation,0.7,867
12.0,2.0,687,0.141,-7.2213,-4961.03,15m,validation,0.7,867
15.0,0.25,687,0.298,-1.4571,-1001.04,15m,validation,0.7,867
15.0,0.5,687,0.214,-2.6722,-1835.78,15m,validation,0.7,867
15.0,0.75,687,0.172,-3.5351,-2428.62,15m,validation,0.7,867
15.0,1.0,687,0.151,-4.3347,-2977.96,15m,validation,0.7,867
15.0,1.5,687,0.131,-5.9379,-4079.31,15m,validation,0.7,867
15.0,2.0,687,0.122,-7.3576,-5054.69,15m,validation,0.7,867
20.0,0.25,687,0.298,-1.4434,-991.64,15m,validation,0.7,867
20.0,0.5,687,0.214,-2.5944,-1782.36,15m,validation,0.7,867
20.0,0.75,687,0.17,-3.4532,-2372.35,15m,validation,0.7,867
20.0,1.0,687,0.148,-4.2616,-2927.74,15m,validation,0.7,867
20.0,1.5,687,0.125,-5.8437,-4014.63,15m,validation,0.7,867
20.0,2.0,687,0.115,-7.2913,-5009.15,15m,validation,0.7,867
5.0,0.25,645,0.389,-0.3553,-229.18,15m,holdout,0.3,776
5.0,0.5,645,0.335,-1.5631,-1008.22,15m,holdout,0.3,776
5.0,0.75,645,0.305,-2.595,-1673.8,15m,holdout,0.3,776
5.0,1.0,645,0.296,-3.5008,-2258.02,15m,holdout,0.3,776
5.0,1.5,645,0.273,-4.929,-3179.19,15m,holdout,0.3,776
5.0,2.0,645,0.264,-6.0782,-3920.44,15m,holdout,0.3,776
6.0,0.25,645,0.377,-0.2674,-172.48,15m,holdout,0.3,776
6.0,0.5,645,0.318,-1.5488,-998.96,15m,holdout,0.3,776
6.0,0.75,645,0.288,-2.6106,-1683.86,15m,holdout,0.3,776
6.0,1.0,645,0.278,-3.5107,-2264.43,15m,holdout,0.3,776
6.0,1.5,645,0.25,-4.936,-3183.75,15m,holdout,0.3,776
6.0,2.0,645,0.237,-6.2004,-3999.26,15m,holdout,0.3,776
7.0,0.25,645,0.374,-0.1314,-84.75,15m,holdout,0.3,776
7.0,0.5,645,0.313,-1.3155,-848.53,15m,holdout,0.3,776
7.0,0.75,645,0.278,-2.3355,-1506.37,15m,holdout,0.3,776
7.0,1.0,645,0.267,-3.2591,-2102.11,15m,holdout,0.3,776
7.0,1.5,645,0.234,-4.7085,-3036.97,15m,holdout,0.3,776
7.0,2.0,645,0.222,-5.979,-3856.43,15m,holdout,0.3,776
8.0,0.25,645,0.374,-0.0684,-44.13,15m,holdout,0.3,776
8.0,0.5,645,0.309,-1.1846,-764.07,15m,holdout,0.3,776
8.0,0.75,645,0.273,-2.2276,-1436.79,15m,holdout,0.3,776
8.0,1.0,645,0.26,-3.1298,-2018.75,15m,holdout,0.3,776
8.0,1.5,645,0.22,-4.5361,-2925.78,15m,holdout,0.3,776
8.0,2.0,645,0.206,-5.8096,-3747.17,15m,holdout,0.3,776
10.0,0.25,645,0.372,-0.068,-43.85,15m,holdout,0.3,776
10.0,0.5,645,0.304,-1.1372,-733.47,15m,holdout,0.3,776
10.0,0.75,645,0.268,-2.1444,-1383.12,15m,holdout,0.3,776
10.0,1.0,645,0.25,-3.0599,-1973.62,15m,holdout,0.3,776
10.0,1.5,645,0.206,-4.4657,-2880.4,15m,holdout,0.3,776
10.0,2.0,645,0.191,-5.7381,-3701.09,15m,holdout,0.3,776
12.0,0.25,645,0.366,-0.1284,-82.85,15m,holdout,0.3,776
12.0,0.5,645,0.298,-1.1494,-741.35,15m,holdout,0.3,776
12.0,0.75,645,0.262,-2.1296,-1373.6,15m,holdout,0.3,776
12.0,1.0,645,0.239,-3.1634,-2040.42,15m,holdout,0.3,776
12.0,1.5,645,0.194,-4.5223,-2916.9,15m,holdout,0.3,776
12.0,2.0,645,0.178,-5.7356,-3699.45,15m,holdout,0.3,776
15.0,0.25,645,0.366,-0.1161,-74.87,15m,holdout,0.3,776
15.0,0.5,645,0.298,-1.0974,-707.85,15m,holdout,0.3,776
15.0,0.75,645,0.262,-2.0447,-1318.82,15m,holdout,0.3,776
15.0,1.0,645,0.239,-3.0781,-1985.36,15m,holdout,0.3,776
15.0,1.5,645,0.191,-4.4713,-2884.01,15m,holdout,0.3,776
15.0,2.0,645,0.171,-5.6791,-3663.01,15m,holdout,0.3,776
20.0,0.25,645,0.364,-0.2023,-130.5,15m,holdout,0.3,776
20.0,0.5,645,0.295,-1.1998,-773.88,15m,holdout,0.3,776
20.0,0.75,645,0.259,-2.1774,-1404.44,15m,holdout,0.3,776
20.0,1.0,645,0.236,-3.1911,-2058.25,15m,holdout,0.3,776
20.0,1.5,645,0.186,-4.5314,-2922.77,15m,holdout,0.3,776
20.0,2.0,645,0.163,-5.6663,-3654.76,15m,holdout,0.3,776
5.0,0.25,643,0.389,-0.3376,-217.06,15m,holdout,0.325,776
5.0,0.5,643,0.333,-1.5528,-998.43,15m,holdout,0.325,776
5.0,0.75,643,0.305,-2.566,-1649.94,15m,holdout,0.325,776
5.0,1.0,643,0.292,-3.4612,-2225.55,15m,holdout,0.325,776
5.0,1.5,643,0.269,-4.8903,-3144.44,15m,holdout,0.325,776
5.0,2.0,643,0.261,-6.0381,-3882.52,15m,holdout,0.325,776
6.0,0.25,643,0.379,-0.281,-180.69,15m,holdout,0.325,776
6.0,0.5,643,0.319,-1.5524,-998.2,15m,holdout,0.325,776
6.0,0.75,643,0.291,-2.6036,-1674.13,15m,holdout,0.325,776
6.0,1.0,643,0.277,-3.5033,-2252.63,15m,holdout,0.325,776
6.0,1.5,643,0.249,-4.9243,-3166.32,15m,holdout,0.325,776
6.0,2.0,643,0.236,-6.1854,-3977.19,15m,holdout,0.325,776
7.0,0.25,643,0.373,-0.1591,-102.3,15m,holdout,0.325,776
7.0,0.5,643,0.311,-1.3615,-875.47,15m,holdout,0.325,776
7.0,0.75,643,0.278,-2.3968,-1541.15,15m,holdout,0.325,776
7.0,1.0,643,0.264,-3.3329,-2143.08,15m,holdout,0.325,776
7.0,1.5,643,0.232,-4.787,-3078.03,15m,holdout,0.325,776
7.0,2.0,643,0.219,-6.0599,-3896.49,15m,holdout,0.325,776
8.0,0.25,643,0.373,-0.096,-61.76,15m,holdout,0.325,776
8.0,0.5,643,0.306,-1.2477,-802.26,15m,holdout,0.325,776
8.0,0.75,643,0.272,-2.3165,-1489.54,15m,holdout,0.325,776
8.0,1.0,643,0.257,-3.2409,-2083.88,15m,holdout,0.325,776
8.0,1.5,643,0.216,-4.657,-2994.46,15m,holdout,0.325,776
8.0,2.0,643,0.202,-5.9321,-3814.32,15m,holdout,0.325,776
10.0,0.25,643,0.373,-0.062,-39.89,15m,holdout,0.325,776
10.0,0.5,643,0.305,-1.1383,-731.93,15m,holdout,0.325,776
10.0,0.75,643,0.271,-2.1614,-1389.81,15m,holdout,0.325,776
10.0,1.0,643,0.249,-3.0902,-1986.98,15m,holdout,0.325,776
10.0,1.5,643,0.205,-4.513,-2901.87,15m,holdout,0.325,776
10.0,2.0,643,0.19,-5.7883,-3721.87,15m,holdout,0.325,776
12.0,0.25,643,0.365,-0.1413,-90.85,15m,holdout,0.325,776
12.0,0.5,643,0.297,-1.1697,-752.1,15m,holdout,0.325,776
12.0,0.75,643,0.263,-2.1648,-1391.99,15m,holdout,0.325,776
12.0,1.0,643,0.236,-3.2027,-2059.33,15m,holdout,0.325,776
12.0,1.5,643,0.191,-4.5948,-2954.43,15m,holdout,0.325,776
12.0,2.0,643,0.176,-5.833,-3750.62,15m,holdout,0.325,776
15.0,0.25,643,0.365,-0.1274,-81.94,15m,holdout,0.325,776
15.0,0.5,643,0.297,-1.1103,-713.94,15m,holdout,0.325,776
15.0,0.75,643,0.263,-2.0448,-1314.79,15m,holdout,0.325,776
15.0,1.0,643,0.236,-3.0663,-1971.64,15m,holdout,0.325,776
15.0,1.5,643,0.19,-4.4976,-2891.95,15m,holdout,0.325,776
15.0,2.0,643,0.17,-5.6759,-3649.62,15m,holdout,0.325,776
20.0,0.25,643,0.364,-0.2137,-137.43,15m,holdout,0.325,776
20.0,0.5,643,0.294,-1.2111,-778.75,15m,holdout,0.325,776
20.0,0.75,643,0.26,-2.199,-1413.95,15m,holdout,0.325,776
20.0,1.0,643,0.233,-3.2144,-2066.89,15m,holdout,0.325,776
20.0,1.5,643,0.184,-4.6089,-2963.5,15m,holdout,0.325,776
20.0,2.0,643,0.16,-5.7277,-3682.91,15m,holdout,0.325,776
5.0,0.25,643,0.384,-0.4077,-262.13,15m,holdout,0.35,776
5.0,0.5,643,0.328,-1.6438,-1056.98,15m,holdout,0.35,776
5.0,0.75,643,0.302,-2.6558,-1707.65,15m,holdout,0.35,776
5.0,1.0,643,0.289,-3.5377,-2274.73,15m,holdout,0.35,776
5.0,1.5,643,0.271,-4.9631,-3191.3,15m,holdout,0.35,776
5.0,2.0,643,0.26,-6.11,-3928.72,15m,holdout,0.35,776
6.0,0.25,643,0.375,-0.3302,-212.32,15m,holdout,0.35,776
6.0,0.5,643,0.314,-1.6047,-1031.84,15m,holdout,0.35,776
6.0,0.75,643,0.288,-2.6509,-1704.56,15m,holdout,0.35,776
6.0,1.0,643,0.272,-3.5315,-2270.77,15m,holdout,0.35,776
6.0,1.5,643,0.25,-4.9531,-3184.81,15m,holdout,0.35,776
6.0,2.0,643,0.236,-6.2339,-4008.37,15m,holdout,0.35,776
7.0,0.25,643,0.37,-0.2231,-143.44,15m,holdout,0.35,776
7.0,0.5,643,0.306,-1.402,-901.49,15m,holdout,0.35,776
7.0,0.75,643,0.277,-2.4261,-1559.98,15m,holdout,0.35,776
7.0,1.0,643,0.261,-3.358,-2159.18,15m,holdout,0.35,776
7.0,1.5,643,0.233,-4.8122,-3094.23,15m,holdout,0.35,776
7.0,2.0,643,0.219,-6.0837,-3911.79,15m,holdout,0.35,776
8.0,0.25,643,0.37,-0.1255,-80.67,15m,holdout,0.35,776
8.0,0.5,643,0.303,-1.2719,-817.86,15m,holdout,0.35,776
8.0,0.75,643,0.271,-2.3441,-1507.26,15m,holdout,0.35,776
8.0,1.0,643,0.253,-3.268,-2101.33,15m,holdout,0.35,776
8.0,1.5,643,0.218,-4.6839,-3011.74,15m,holdout,0.35,776
8.0,2.0,643,0.202,-5.9584,-3831.25,15m,holdout,0.35,776
10.0,0.25,643,0.37,-0.1005,-64.59,15m,holdout,0.35,776
10.0,0.5,643,0.3,-1.1693,-751.89,15m,holdout,0.35,776
10.0,0.75,643,0.267,-2.1874,-1406.5,15m,holdout,0.35,776
10.0,1.0,643,0.244,-3.1179,-2004.8,15m,holdout,0.35,776
10.0,1.5,643,0.205,-4.5457,-2922.86,15m,holdout,0.35,776
10.0,2.0,643,0.188,-5.821,-3742.88,15m,holdout,0.35,776
12.0,0.25,643,0.362,-0.1809,-116.3,15m,holdout,0.35,776
12.0,0.5,643,0.292,-1.2013,-772.42,15m,holdout,0.35,776
12.0,0.75,643,0.26,-2.1866,-1406.02,15m,holdout,0.35,776
12.0,1.0,643,0.232,-3.2215,-2071.4,15m,holdout,0.35,776
12.0,1.5,643,0.191,-4.6133,-2966.32,15m,holdout,0.35,776
12.0,2.0,643,0.174,-5.8509,-3762.11,15m,holdout,0.35,776
15.0,0.25,643,0.362,-0.1689,-108.63,15m,holdout,0.35,776
15.0,0.5,643,0.292,-1.1518,-740.63,15m,holdout,0.35,776
15.0,0.75,643,0.26,-2.0873,-1342.12,15m,holdout,0.35,776
15.0,1.0,643,0.232,-3.1148,-2002.8,15m,holdout,0.35,776
15.0,1.5,643,0.19,-4.5643,-2934.83,15m,holdout,0.35,776
15.0,2.0,643,0.168,-5.7582,-3702.52,15m,holdout,0.35,776
20.0,0.25,643,0.361,-0.255,-163.96,15m,holdout,0.35,776
20.0,0.5,643,0.289,-1.2508,-804.28,15m,holdout,0.35,776
20.0,0.75,643,0.257,-2.2352,-1437.24,15m,holdout,0.35,776
20.0,1.0,643,0.229,-3.2544,-2092.61,15m,holdout,0.35,776
20.0,1.5,643,0.184,-4.6686,-3001.88,15m,holdout,0.35,776
20.0,2.0,643,0.159,-5.8055,-3732.93,15m,holdout,0.35,776
5.0,0.25,640,0.389,-0.3086,-197.53,15m,holdout,0.375,776
5.0,0.5,640,0.334,-1.5063,-964.0,15m,holdout,0.375,776
5.0,0.75,640,0.306,-2.5078,-1604.99,15m,holdout,0.375,776
5.0,1.0,640,0.297,-3.385,-2166.37,15m,holdout,0.375,776
5.0,1.5,640,0.278,-4.8056,-3075.56,15m,holdout,0.375,776
5.0,2.0,640,0.27,-5.9498,-3807.88,15m,holdout,0.375,776
6.0,0.25,640,0.378,-0.2317,-148.27,15m,holdout,0.375,776
6.0,0.5,640,0.322,-1.4234,-911.0,15m,holdout,0.375,776
6.0,0.75,640,0.294,-2.4581,-1573.21,15m,holdout,0.375,776
6.0,1.0,640,0.28,-3.336,-2135.02,15m,holdout,0.375,776
6.0,1.5,640,0.258,-4.7593,-3045.95,15m,holdout,0.375,776
6.0,2.0,640,0.247,-6.0384,-3864.6,15m,holdout,0.375,776
7.0,0.25,640,0.373,-0.1305,-83.51,15m,holdout,0.375,776
7.0,0.5,640,0.311,-1.2768,-817.17,15m,holdout,0.375,776
7.0,0.75,640,0.281,-2.2827,-1460.93,15m,holdout,0.375,776
7.0,1.0,640,0.266,-3.2198,-2060.67,15m,holdout,0.375,776
7.0,1.5,640,0.239,-4.6693,-2988.36,15m,holdout,0.375,776
7.0,2.0,640,0.228,-5.9372,-3799.8,15m,holdout,0.375,776
8.0,0.25,640,0.373,-0.0184,-11.75,15m,holdout,0.375,776
8.0,0.5,640,0.308,-1.1442,-732.32,15m,holdout,0.375,776
8.0,0.75,640,0.275,-2.2194,-1420.39,15m,holdout,0.375,776
8.0,1.0,640,0.258,-3.1479,-2014.69,15m,holdout,0.375,776
8.0,1.5,640,0.222,-4.5665,-2922.58,15m,holdout,0.375,776
8.0,2.0,640,0.209,-5.842,-3738.85,15m,holdout,0.375,776
10.0,0.25,640,0.373,0.0156,9.98,15m,holdout,0.375,776
10.0,0.5,640,0.305,-1.0198,-652.68,15m,holdout,0.375,776
10.0,0.75,640,0.27,-2.0896,-1337.37,15m,holdout,0.375,776
10.0,1.0,640,0.248,-2.9457,-1885.27,15m,holdout,0.375,776
10.0,1.5,640,0.208,-4.326,-2768.66,15m,holdout,0.375,776
10.0,2.0,640,0.194,-5.5824,-3572.7,15m,holdout,0.375,776
12.0,0.25,640,0.366,-0.064,-40.96,15m,holdout,0.375,776
12.0,0.5,640,0.297,-1.0368,-663.56,15m,holdout,0.375,776
12.0,0.75,640,0.262,-2.0193,-1292.33,15m,holdout,0.375,776
12.0,1.0,640,0.238,-3.0327,-1940.9,15m,holdout,0.375,776
12.0,1.5,640,0.195,-4.4065,-2820.17,15m,holdout,0.375,776
12.0,2.0,640,0.181,-5.6379,-3608.26,15m,holdout,0.375,776
15.0,0.25,640,0.366,-0.052,-33.29,15m,holdout,0.375,776
15.0,0.5,640,0.297,-0.9941,-636.23,15m,holdout,0.375,776
15.0,0.75,640,0.262,-1.9775,-1265.63,15m,holdout,0.375,776
15.0,1.0,640,0.236,-3.0343,-1941.98,15m,holdout,0.375,776
15.0,1.5,640,0.192,-4.4716,-2861.82,15m,holdout,0.375,776
15.0,2.0,640,0.172,-5.6665,-3626.55,15m,holdout,0.375,776
20.0,0.25,640,0.364,-0.1383,-88.48,15m,holdout,0.375,776
20.0,0.5,640,0.294,-1.0897,-697.39,15m,holdout,0.375,776
20.0,0.75,640,0.259,-2.114,-1352.96,15m,holdout,0.375,776
20.0,1.0,640,0.233,-3.1635,-2024.62,15m,holdout,0.375,776
20.0,1.5,640,0.186,-4.5892,-2937.06,15m,holdout,0.375,776
20.0,2.0,640,0.162,-5.7309,-3667.8,15m,holdout,0.375,776
5.0,0.25,640,0.384,-0.3667,-234.67,15m,holdout,0.4,776
5.0,0.5,640,0.333,-1.5695,-1004.47,15m,holdout,0.4,776
5.0,0.75,640,0.303,-2.5641,-1641.03,15m,holdout,0.4,776
5.0,1.0,640,0.294,-3.4436,-2203.9,15m,holdout,0.4,776
5.0,1.5,640,0.272,-4.866,-3114.24,15m,holdout,0.4,776
5.0,2.0,640,0.264,-6.0128,-3848.21,15m,holdout,0.4,776
6.0,0.25,640,0.375,-0.2374,-151.93,15m,holdout,0.4,776
6.0,0.5,640,0.322,-1.4142,-905.06,15m,holdout,0.4,776
6.0,0.75,640,0.292,-2.4502,-1568.12,15m,holdout,0.4,776
6.0,1.0,640,0.28,-3.3307,-2131.63,15m,holdout,0.4,776
6.0,1.5,640,0.253,-4.7595,-3046.07,15m,holdout,0.4,776
6.0,2.0,640,0.242,-6.0302,-3859.33,15m,holdout,0.4,776
7.0,0.25,640,0.369,-0.1781,-114.01,15m,holdout,0.4,776
7.0,0.5,640,0.311,-1.3164,-842.48,15m,holdout,0.4,776
7.0,0.75,640,0.28,-2.3124,-1479.94,15m,holdout,0.4,776
7.0,1.0,640,0.267,-3.247,-2078.06,15m,holdout,0.4,776
7.0,1.5,640,0.238,-4.7098,-3014.28,15m,holdout,0.4,776
7.0,2.0,640,0.227,-6.0258,-3856.49,15m,holdout,0.4,776
8.0,0.25,640,0.369,-0.0657,-42.04,15m,holdout,0.4,776
8.0,0.5,640,0.306,-1.1846,-758.14,15m,holdout,0.4,776
8.0,0.75,640,0.272,-2.2526,-1441.69,15m,holdout,0.4,776
8.0,1.0,640,0.258,-3.179,-2034.56,15m,holdout,0.4,776
8.0,1.5,640,0.22,-4.6182,-2955.68,15m,holdout,0.4,776
8.0,2.0,640,0.208,-5.9258,-3792.49,15m,holdout,0.4,776
10.0,0.25,640,0.369,-0.0251,-16.07,15m,holdout,0.4,776
10.0,0.5,640,0.303,-1.0718,-685.94,15m,holdout,0.4,776
10.0,0.75,640,0.269,-2.0927,-1339.34,15m,holdout,0.4,776
10.0,1.0,640,0.25,-2.9539,-1890.48,15m,holdout,0.4,776
10.0,1.5,640,0.206,-4.3136,-2760.71,15m,holdout,0.4,776
10.0,2.0,640,0.192,-5.6003,-3584.22,15m,holdout,0.4,776
12.0,0.25,640,0.361,-0.104,-66.53,15m,holdout,0.4,776
12.0,0.5,640,0.295,-1.0874,-695.92,15m,holdout,0.4,776
12.0,0.75,640,0.259,-2.0864,-1335.33,15m,holdout,0.4,776
12.0,1.0,640,0.238,-3.1133,-1992.5,15m,holdout,0.4,776
12.0,1.5,640,0.192,-4.4845,-2870.08,15m,holdout,0.4,776
12.0,2.0,640,0.178,-5.7603,-3686.61,15m,holdout,0.4,776
15.0,0.25,640,0.361,-0.0921,-58.97,15m,holdout,0.4,776
15.0,0.5,640,0.295,-1.0445,-668.46,15m,holdout,0.4,776
15.0,0.75,640,0.259,-2.0281,-1298.01,15m,holdout,0.4,776
15.0,1.0,640,0.236,-3.0934,-1979.81,15m,holdout,0.4,776
15.0,1.5,640,0.191,-4.5211,-2893.47,15m,holdout,0.4,776
15.0,2.0,640,0.17,-5.7617,-3687.49,15m,holdout,0.4,776
20.0,0.25,640,0.359,-0.1774,-113.52,15m,holdout,0.4,776
20.0,0.5,640,0.292,-1.1352,-726.56,15m,holdout,0.4,776
20.0,0.75,640,0.256,-2.1732,-1390.88,15m,holdout,0.4,776
20.0,1.0,640,0.233,-3.2375,-2071.97,15m,holdout,0.4,776
20.0,1.5,640,0.183,-4.6529,-2977.83,15m,holdout,0.4,776
20.0,2.0,640,0.159,-5.834,-3733.76,15m,holdout,0.4,776
5.0,0.25,640,0.383,-0.402,-257.29,15m,holdout,0.425,776
5.0,0.5,640,0.333,-1.6518,-1057.12,15m,holdout,0.425,776
5.0,0.75,640,0.303,-2.6574,-1700.7,15m,holdout,0.425,776
5.0,1.0,640,0.292,-3.5454,-2269.06,15m,holdout,0.425,776
5.0,1.5,640,0.27,-4.9732,-3182.83,15m,holdout,0.425,776
5.0,2.0,640,0.262,-6.1223,-3918.3,15m,holdout,0.425,776
6.0,0.25,640,0.373,-0.2612,-167.18,15m,holdout,0.425,776
6.0,0.5,640,0.322,-1.4458,-925.33,15m,holdout,0.425,776
6.0,0.75,640,0.292,-2.4723,-1582.26,15m,holdout,0.425,776
6.0,1.0,640,0.278,-3.3476,-2142.46,15m,holdout,0.425,776
6.0,1.5,640,0.25,-4.7705,-3053.1,15m,holdout,0.425,776
6.0,2.0,640,0.242,-6.0406,-3865.97,15m,holdout,0.425,776
7.0,0.25,640,0.367,-0.1954,-125.05,15m,holdout,0.425,776
7.0,0.5,640,0.311,-1.3777,-881.74,15m,holdout,0.425,776
7.0,0.75,640,0.28,-2.3918,-1530.75,15m,holdout,0.425,776
7.0,1.0,640,0.266,-3.3245,-2127.7,15m,holdout,0.425,776
7.0,1.5,640,0.234,-4.7809,-3059.77,15m,holdout,0.425,776
7.0,2.0,640,0.227,-6.093,-3899.54,15m,holdout,0.425,776
8.0,0.25,640,0.366,-0.121,-77.43,15m,holdout,0.425,776
8.0,0.5,640,0.305,-1.3159,-842.19,15m,holdout,0.425,776
8.0,0.75,640,0.27,-2.3194,-1484.42,15m,holdout,0.425,776
8.0,1.0,640,0.256,-3.2367,-2071.47,15m,holdout,0.425,776
8.0,1.5,640,0.217,-4.6671,-2986.95,15m,holdout,0.425,776
8.0,2.0,640,0.209,-5.9728,-3822.61,15m,holdout,0.425,776
10.0,0.25,640,0.367,-0.044,-28.16,15m,holdout,0.425,776
10.0,0.5,640,0.302,-1.0944,-700.44,15m,holdout,0.425,776
10.0,0.75,640,0.267,-2.1193,-1356.33,15m,holdout,0.425,776
10.0,1.0,640,0.248,-3.0022,-1921.43,15m,holdout,0.425,776
10.0,1.5,640,0.205,-4.3701,-2796.85,15m,holdout,0.425,776
10.0,2.0,640,0.194,-5.6553,-3619.42,15m,holdout,0.425,776
12.0,0.25,640,0.359,-0.1421,-90.92,15m,holdout,0.425,776
12.0,0.5,640,0.294,-1.1723,-750.28,15m,holdout,0.425,776
12.0,0.75,640,0.258,-2.2052,-1411.33,15m,holdout,0.425,776
12.0,1.0,640,0.234,-3.2153,-2057.8,15m,holdout,0.425,776
12.0,1.5,640,0.188,-4.5914,-2938.53,15m,holdout,0.425,776
12.0,2.0,640,0.177,-5.8671,-3754.92,15m,holdout,0.425,776
15.0,0.25,640,0.359,-0.1288,-82.46,15m,holdout,0.425,776
15.0,0.5,640,0.294,-1.1164,-714.52,15m,holdout,0.425,776
15.0,0.75,640,0.258,-2.1197,-1356.59,15m,holdout,0.425,776
15.0,1.0,640,0.233,-3.1221,-1998.12,15m,holdout,0.425,776
15.0,1.5,640,0.186,-4.4807,-2867.66,15m,holdout,0.425,776
15.0,2.0,640,0.17,-5.6981,-3646.81,15m,holdout,0.425,776
20.0,0.25,640,0.358,-0.2138,-136.86,15m,holdout,0.425,776
20.0,0.5,640,0.292,-1.1847,-758.23,15m,holdout,0.425,776
20.0,0.75,640,0.256,-2.2363,-1431.21,15m,holdout,0.425,776
20.0,1.0,640,0.231,-3.2688,-2092.05,15m,holdout,0.425,776
20.0,1.5,640,0.18,-4.6277,-2961.72,15m,holdout,0.425,776
20.0,2.0,640,0.159,-5.7904,-3705.88,15m,holdout,0.425,776
5.0,0.25,638,0.382,-0.447,-285.18,15m,holdout,0.45,776
5.0,0.5,638,0.331,-1.7186,-1096.46,15m,holdout,0.45,776
5.0,0.75,638,0.298,-2.7097,-1728.82,15m,holdout,0.45,776
5.0,1.0,638,0.288,-3.5917,-2291.52,15m,holdout,0.45,776
5.0,1.5,638,0.268,-5.0006,-3190.36,15m,holdout,0.45,776
5.0,2.0,638,0.26,-6.1418,-3918.45,15m,holdout,0.45,776
6.0,0.25,638,0.375,-0.2857,-182.27,15m,holdout,0.45,776
6.0,0.5,638,0.321,-1.474,-940.43,15m,holdout,0.45,776
6.0,0.75,638,0.288,-2.478,-1580.98,15m,holdout,0.45,776
6.0,1.0,638,0.277,-3.3396,-2130.65,15m,holdout,0.45,776
6.0,1.5,638,0.254,-4.7427,-3025.84,15m,holdout,0.45,776
6.0,2.0,638,0.243,-6.0031,-3829.97,15m,holdout,0.45,776
7.0,0.25,638,0.367,-0.243,-155.05,15m,holdout,0.45,776
7.0,0.5,638,0.31,-1.4717,-938.92,15m,holdout,0.45,776
7.0,0.75,638,0.276,-2.5043,-1597.72,15m,holdout,0.45,776
7.0,1.0,638,0.263,-3.3913,-2163.62,15m,holdout,0.45,776
7.0,1.5,638,0.234,-4.8087,-3067.93,15m,holdout,0.45,776
7.0,2.0,638,0.224,-6.1046,-3894.71,15m,holdout,0.45,776
8.0,0.25,638,0.365,-0.1388,-88.57,15m,holdout,0.45,776
8.0,0.5,638,0.304,-1.3569,-865.72,15m,holdout,0.45,776
8.0,0.75,638,0.266,-2.3601,-1505.73,15m,holdout,0.45,776
8.0,1.0,638,0.254,-3.2525,-2075.09,15m,holdout,0.45,776
8.0,1.5,638,0.216,-4.6682,-2978.33,15m,holdout,0.45,776
8.0,2.0,638,0.207,-5.9691,-3808.28,15m,holdout,0.45,776
10.0,0.25,638,0.367,-0.0292,-18.63,15m,holdout,0.45,776
10.0,0.5,638,0.303,-1.0851,-692.27,15m,holdout,0.45,776
10.0,0.75,638,0.265,-2.1143,-1348.89,15m,holdout,0.45,776
10.0,1.0,638,0.248,-2.9773,-1899.49,15m,holdout,0.45,776
10.0,1.5,638,0.205,-4.3315,-2763.52,15m,holdout,0.45,776
10.0,2.0,638,0.193,-5.6108,-3579.72,15m,holdout,0.45,776
12.0,0.25,638,0.359,-0.1436,-91.64,15m,holdout,0.45,776
12.0,0.5,638,0.293,-1.1696,-746.21,15m,holdout,0.45,776
12.0,0.75,638,0.254,-2.2102,-1410.09,15m,holdout,0.45,776
12.0,1.0,638,0.234,-3.2047,-2044.59,15m,holdout,0.45,776
12.0,1.5,638,0.188,-4.5751,-2918.94,15m,holdout,0.45,776
12.0,2.0,638,0.176,-5.8539,-3734.82,15m,holdout,0.45,776
15.0,0.25,638,0.359,-0.1282,-81.82,15m,holdout,0.45,776
15.0,0.5,638,0.293,-1.1269,-718.96,15m,holdout,0.45,776
15.0,0.75,638,0.254,-2.1491,-1371.09,15m,holdout,0.45,776
15.0,1.0,638,0.23,-3.1554,-2013.14,15m,holdout,0.45,776
15.0,1.5,638,0.185,-4.5241,-2886.36,15m,holdout,0.45,776
15.0,2.0,638,0.168,-5.7462,-3666.09,15m,holdout,0.45,776
20.0,0.25,638,0.357,-0.2123,-135.48,15m,holdout,0.45,776
20.0,0.5,638,0.292,-1.1823,-754.31,15m,holdout,0.45,776
20.0,0.75,638,0.252,-2.2376,-1427.6,15m,holdout,0.45,776
20.0,1.0,638,0.229,-3.2879,-2097.68,15m,holdout,0.45,776
20.0,1.5,638,0.179,-4.6762,-2983.44,15m,holdout,0.45,776
20.0,2.0,638,0.157,-5.8539,-3734.77,15m,holdout,0.45,776
5.0,0.25,636,0.382,-0.4813,-306.08,15m,holdout,0.475,776
5.0,0.5,636,0.329,-1.7679,-1124.36,15m,holdout,0.475,776
5.0,0.75,636,0.299,-2.7562,-1752.92,15m,holdout,0.475,776
5.0,1.0,636,0.289,-3.6372,-2313.28,15m,holdout,0.475,776
5.0,1.5,636,0.269,-5.0431,-3207.43,15m,holdout,0.475,776
5.0,2.0,636,0.258,-6.1821,-3931.82,15m,holdout,0.475,776
6.0,0.25,636,0.376,-0.3382,-215.1,15m,holdout,0.475,776
6.0,0.5,636,0.321,-1.5096,-960.1,15m,holdout,0.475,776
6.0,0.75,636,0.291,-2.4783,-1576.21,15m,holdout,0.475,776
6.0,1.0,636,0.281,-3.3418,-2125.41,15m,holdout,0.475,776
6.0,1.5,636,0.259,-4.7572,-3025.6,15m,holdout,0.475,776
6.0,2.0,636,0.25,-5.8985,-3751.42,15m,holdout,0.475,776
7.0,0.25,636,0.366,-0.3054,-194.22,15m,holdout,0.475,776
7.0,0.5,636,0.308,-1.5498,-985.7,15m,holdout,0.475,776
7.0,0.75,636,0.275,-2.5333,-1611.16,15m,holdout,0.475,776
7.0,1.0,636,0.263,-3.4043,-2165.12,15m,holdout,0.475,776
7.0,1.5,636,0.237,-4.8087,-3058.32,15m,holdout,0.475,776
7.0,2.0,636,0.228,-6.0985,-3878.67,15m,holdout,0.475,776
8.0,0.25,636,0.365,-0.202,-128.48,15m,holdout,0.475,776
8.0,0.5,636,0.303,-1.4913,-948.45,15m,holdout,0.475,776
8.0,0.75,636,0.266,-2.4606,-1564.97,15m,holdout,0.475,776
8.0,1.0,636,0.252,-3.3493,-2130.13,15m,holdout,0.475,776
8.0,1.5,636,0.219,-4.7628,-3029.11,15m,holdout,0.475,776
8.0,2.0,636,0.209,-6.0625,-3855.75,15m,holdout,0.475,776
10.0,0.25,636,0.366,-0.0854,-54.32,15m,holdout,0.475,776
10.0,0.5,636,0.302,-1.2078,-768.19,15m,holdout,0.475,776
10.0,0.75,636,0.264,-2.2212,-1412.7,15m,holdout,0.475,776
10.0,1.0,636,0.245,-3.0879,-1963.89,15m,holdout,0.475,776
10.0,1.5,636,0.206,-4.4516,-2831.21,15m,holdout,0.475,776
10.0,2.0,636,0.193,-5.737,-3648.73,15m,holdout,0.475,776
12.0,0.25,636,0.358,-0.1964,-124.91,15m,holdout,0.475,776
12.0,0.5,636,0.291,-1.3509,-859.18,15m,holdout,0.475,776
12.0,0.75,636,0.252,-2.3891,-1519.5,15m,holdout,0.475,776
12.0,1.0,636,0.23,-3.3594,-2136.58,15m,holdout,0.475,776
12.0,1.5,636,0.187,-4.7195,-3001.61,15m,holdout,0.475,776
12.0,2.0,636,0.175,-5.9967,-3813.88,15m,holdout,0.475,776
15.0,0.25,636,0.358,-0.179,-113.85,15m,holdout,0.475,776
15.0,0.5,636,0.291,-1.3008,-827.32,15m,holdout,0.475,776
15.0,0.75,636,0.252,-2.3213,-1476.36,15m,holdout,0.475,776
15.0,1.0,636,0.228,-3.2876,-2090.89,15m,holdout,0.475,776
15.0,1.5,636,0.184,-4.6499,-2957.36,15m,holdout,0.475,776
15.0,2.0,636,0.167,-5.8771,-3737.86,15m,holdout,0.475,776
20.0,0.25,636,0.357,-0.2629,-167.18,15m,holdout,0.475,776
20.0,0.5,636,0.289,-1.3561,-862.5,15m,holdout,0.475,776
20.0,0.75,636,0.25,-2.4075,-1531.14,15m,holdout,0.475,776
20.0,1.0,636,0.226,-3.4362,-2185.43,15m,holdout,0.475,776
20.0,1.5,636,0.178,-4.8235,-3067.72,15m,holdout,0.475,776
20.0,2.0,636,0.156,-6.0077,-3820.87,15m,holdout,0.475,776
5.0,0.25,631,0.387,-0.3946,-248.97,15m,holdout,0.5,776
5.0,0.5,631,0.333,-1.7049,-1075.8,15m,holdout,0.5,776
5.0,0.75,631,0.301,-2.7034,-1705.87,15m,holdout,0.5,776
5.0,1.0,631,0.29,-3.5959,-2269.02,15m,holdout,0.5,776
5.0,1.5,631,0.269,-5.008,-3160.06,15m,holdout,0.5,776
5.0,2.0,631,0.257,-6.1498,-3880.53,15m,holdout,0.5,776
6.0,0.25,631,0.379,-0.3075,-194.04,15m,holdout,0.5,776
6.0,0.5,631,0.323,-1.5025,-948.1,15m,holdout,0.5,776
6.0,0.75,631,0.293,-2.4767,-1562.79,15m,holdout,0.5,776
6.0,1.0,631,0.282,-3.3434,-2109.67,15m,holdout,0.5,776
6.0,1.5,631,0.26,-4.761,-3004.22,15m,holdout,0.5,776
6.0,2.0,631,0.25,-5.9025,-3724.5,15m,holdout,0.5,776
7.0,0.25,631,0.369,-0.2283,-144.07,15m,holdout,0.5,776
7.0,0.5,631,0.312,-1.4818,-934.99,15m,holdout,0.5,776
7.0,0.75,631,0.281,-2.4646,-1555.19,15m,holdout,0.5,776
7.0,1.0,631,0.266,-3.3175,-2093.37,15m,holdout,0.5,776
7.0,1.5,631,0.242,-4.7148,-2975.06,15m,holdout,0.5,776
7.0,2.0,631,0.233,-6.0007,-3786.44,15m,holdout,0.5,776
8.0,0.25,631,0.368,-0.1166,-73.59,15m,holdout,0.5,776
8.0,0.5,631,0.307,-1.3857,-874.38,15m,holdout,0.5,776
8.0,0.75,631,0.271,-2.3402,-1476.69,15m,holdout,0.5,776
8.0,1.0,631,0.257,-3.2272,-2036.39,15m,holdout,0.5,776
8.0,1.5,631,0.223,-4.6472,-2932.36,15m,holdout,0.5,776
8.0,2.0,631,0.214,-5.9539,-3756.93,15m,holdout,0.5,776
10.0,0.25,631,0.369,-0.0311,-19.6,15m,holdout,0.5,776
10.0,0.5,631,0.304,-1.1909,-751.46,15m,holdout,0.5,776
10.0,0.75,631,0.266,-2.1819,-1376.8,15m,holdout,0.5,776
10.0,1.0,631,0.249,-3.0542,-1927.21,15m,holdout,0.5,776
10.0,1.5,631,0.208,-4.4212,-2789.8,15m,holdout,0.5,776
10.0,2.0,631,0.195,-5.712,-3604.27,15m,holdout,0.5,776
12.0,0.25,631,0.361,-0.1332,-84.03,15m,holdout,0.5,776
12.0,0.5,631,0.293,-1.3012,-821.03,15m,holdout,0.5,776
12.0,0.75,631,0.254,-2.3492,-1482.33,15m,holdout,0.5,776
12.0,1.0,631,0.231,-3.3375,-2105.99,15m,holdout,0.5,776
12.0,1.5,631,0.187,-4.7192,-2977.8,15m,holdout,0.5,776
12.0,2.0,631,0.174,-6.0073,-3790.62,15m,holdout,0.5,776
15.0,0.25,631,0.361,-0.1158,-73.06,15m,holdout,0.5,776
15.0,0.5,631,0.293,-1.252,-790.01,15m,holdout,0.5,776
15.0,0.75,631,0.254,-2.2744,-1435.15,15m,holdout,0.5,776
15.0,1.0,631,0.23,-3.2441,-2047.0,15m,holdout,0.5,776
15.0,1.5,631,0.184,-4.6137,-2911.26,15m,holdout,0.5,776
15.0,2.0,631,0.168,-5.8435,-3687.28,15m,holdout,0.5,776
20.0,0.25,631,0.36,-0.1997,-126.01,15m,holdout,0.5,776
20.0,0.5,631,0.292,-1.3063,-824.27,15m,holdout,0.5,776
20.0,0.75,631,0.252,-2.3689,-1494.77,15m,holdout,0.5,776
20.0,1.0,631,0.228,-3.4136,-2154.01,15m,holdout,0.5,776
20.0,1.5,631,0.177,-4.8178,-3040.03,15m,holdout,0.5,776
20.0,2.0,631,0.155,-6.0129,-3794.16,15m,holdout,0.5,776
5.0,0.25,628,0.387,-0.4281,-268.82,15m,holdout,0.525,776
5.0,0.5,628,0.333,-1.7404,-1092.97,15m,holdout,0.525,776
5.0,0.75,628,0.303,-2.7472,-1725.27,15m,holdout,0.525,776
5.0,1.0,628,0.291,-3.6435,-2288.11,15m,holdout,0.525,776
5.0,1.5,628,0.269,-5.058,-3176.44,15m,holdout,0.525,776
5.0,2.0,628,0.256,-6.2018,-3894.74,15m,holdout,0.525,776
6.0,0.25,628,0.377,-0.3586,-225.18,15m,holdout,0.525,776
6.0,0.5,628,0.322,-1.582,-993.48,15m,holdout,0.525,776
6.0,0.75,628,0.291,-2.5544,-1604.16,15m,holdout,0.525,776
6.0,1.0,628,0.28,-3.4151,-2144.67,15m,holdout,0.525,776
6.0,1.5,628,0.258,-4.836,-3037.0,15m,holdout,0.525,776
6.0,2.0,628,0.25,-5.9811,-3756.12,15m,holdout,0.525,776
7.0,0.25,628,0.366,-0.3156,-198.21,15m,holdout,0.525,776
7.0,0.5,628,0.309,-1.5932,-1000.51,15m,holdout,0.525,776
7.0,0.75,628,0.277,-2.5994,-1632.43,15m,holdout,0.525,776
7.0,1.0,628,0.263,-3.4605,-2173.18,15m,holdout,0.525,776
7.0,1.5,628,0.239,-4.8752,-3061.63,15m,holdout,0.525,776
7.0,2.0,628,0.231,-6.1457,-3859.53,15m,holdout,0.525,776
8.0,0.25,628,0.365,-0.1867,-117.28,15m,holdout,0.525,776
8.0,0.5,628,0.306,-1.4644,-919.61,15m,holdout,0.525,776
8.0,0.75,628,0.271,-2.4286,-1525.19,15m,holdout,0.525,776
8.0,1.0,628,0.256,-3.3219,-2086.14,15m,holdout,0.525,776
8.0,1.5,628,0.223,-4.7553,-2986.3,15m,holdout,0.525,776
8.0,2.0,628,0.215,-6.0699,-3811.87,15m,holdout,0.525,776
10.0,0.25,628,0.366,-0.1012,-63.56,15m,holdout,0.525,776
10.0,0.5,628,0.301,-1.2529,-786.81,15m,holdout,0.525,776
10.0,0.75,628,0.264,-2.2449,-1409.8,15m,holdout,0.525,776
10.0,1.0,628,0.247,-3.1087,-1952.26,15m,holdout,0.525,776
10.0,1.5,628,0.205,-4.4761,-2810.98,15m,holdout,0.525,776
10.0,2.0,628,0.196,-5.7684,-3622.57,15m,holdout,0.525,776
12.0,0.25,628,0.358,-0.2072,-130.11,15m,holdout,0.525,776
12.0,0.5,628,0.29,-1.3876,-871.4,15m,holdout,0.525,776
12.0,0.75,628,0.252,-2.4467,-1536.5,15m,holdout,0.525,776
12.0,1.0,628,0.229,-3.4429,-2162.11,15m,holdout,0.525,776
12.0,1.5,628,0.185,-4.835,-3036.39,15m,holdout,0.525,776
12.0,2.0,628,0.174,-6.1292,-3849.14,15m,holdout,0.525,776
15.0,0.25,628,0.358,-0.1878,-117.96,15m,holdout,0.525,776
15.0,0.5,628,0.29,-1.3315,-836.16,15m,holdout,0.525,776
15.0,0.75,628,0.252,-2.3777,-1493.2,15m,holdout,0.525,776
15.0,1.0,628,0.228,-3.3701,-2116.43,15m,holdout,0.525,776
15.0,1.5,628,0.182,-4.6968,-2949.61,15m,holdout,0.525,776
15.0,2.0,628,0.169,-5.9318,-3725.14,15m,holdout,0.525,776
20.0,0.25,628,0.357,-0.272,-170.8,15m,holdout,0.525,776
20.0,0.5,628,0.288,-1.3866,-870.76,15m,holdout,0.525,776
20.0,0.75,628,0.25,-2.4678,-1549.78,15m,holdout,0.525,776
20.0,1.0,628,0.226,-3.5311,-2217.51,15m,holdout,0.525,776
20.0,1.5,628,0.175,-4.9616,-3115.91,15m,holdout,0.525,776
20.0,2.0,628,0.154,-6.1716,-3875.76,15m,holdout,0.525,776
5.0,0.25,627,0.386,-0.542,-339.8,15m,holdout,0.55,776
5.0,0.5,627,0.33,-1.8731,-1174.42,15m,holdout,0.55,776
5.0,0.75,627,0.301,-2.883,-1807.65,15m,holdout,0.55,776
5.0,1.0,627,0.29,-3.7777,-2368.59,15m,holdout,0.55,776
5.0,1.5,627,0.266,-5.1903,-3254.33,15m,holdout,0.55,776
5.0,2.0,627,0.254,-6.3329,-3970.71,15m,holdout,0.55,776
6.0,0.25,627,0.38,-0.4202,-263.47,15m,holdout,0.55,776
6.0,0.5,627,0.322,-1.638,-1027.05,15m,holdout,0.55,776
6.0,0.75,627,0.293,-2.6023,-1631.65,15m,holdout,0.55,776
6.0,1.0,627,0.282,-3.4564,-2167.15,15m,holdout,0.55,776
6.0,1.5,627,0.26,-4.8697,-3053.28,15m,holdout,0.55,776
6.0,2.0,627,0.252,-6.0105,-3768.61,15m,holdout,0.55,776
7.0,0.25,627,0.365,-0.4266,-267.47,15m,holdout,0.55,776
7.0,0.5,627,0.308,-1.6547,-1037.5,15m,holdout,0.55,776
7.0,0.75,627,0.278,-2.6665,-1671.87,15m,holdout,0.55,776
7.0,1.0,627,0.265,-3.529,-2212.67,15m,holdout,0.55,776
7.0,1.5,627,0.239,-4.9537,-3105.95,15m,holdout,0.55,776
7.0,2.0,627,0.23,-6.2234,-3902.09,15m,holdout,0.55,776
8.0,0.25,627,0.364,-0.2886,-180.94,15m,holdout,0.55,776
8.0,0.5,627,0.303,-1.5855,-994.1,15m,holdout,0.55,776
8.0,0.75,627,0.271,-2.5763,-1615.34,15m,holdout,0.55,776
8.0,1.0,627,0.255,-3.4785,-2180.99,15m,holdout,0.55,776
8.0,1.5,627,0.22,-4.9243,-3087.55,15m,holdout,0.55,776
8.0,2.0,627,0.211,-6.2326,-3907.86,15m,holdout,0.55,776
10.0,0.25,627,0.365,-0.2017,-126.44,15m,holdout,0.55,776
10.0,0.5,627,0.298,-1.3902,-871.64,15m,holdout,0.55,776
10.0,0.75,627,0.265,-2.4208,-1517.85,15m,holdout,0.55,776
10.0,1.0,627,0.246,-3.3025,-2070.68,15m,holdout,0.55,776
10.0,1.5,627,0.203,-4.6995,-2946.61,15m,holdout,0.55,776
10.0,2.0,627,0.191,-5.9728,-3744.95,15m,holdout,0.55,776
12.0,0.25,627,0.357,-0.3045,-190.94,15m,holdout,0.55,776
12.0,0.5,627,0.287,-1.497,-938.6,15m,holdout,0.55,776
12.0,0.75,627,0.252,-2.5747,-1614.31,15m,holdout,0.55,776
12.0,1.0,627,0.228,-3.5758,-2242.04,15m,holdout,0.55,776
12.0,1.5,627,0.182,-4.9841,-3125.02,15m,holdout,0.55,776
12.0,2.0,627,0.169,-6.2871,-3942.03,15m,holdout,0.55,776
15.0,0.25,627,0.357,-0.2876,-180.35,15m,holdout,0.55,776
15.0,0.5,627,0.287,-1.4453,-906.21,15m,holdout,0.55,776
15.0,0.75,627,0.252,-2.5107,-1574.21,15m,holdout,0.55,776
15.0,1.0,627,0.226,-3.5083,-2199.7,15m,holdout,0.55,776
15.0,1.5,627,0.179,-4.851,-3041.56,15m,holdout,0.55,776
15.0,2.0,627,0.164,-6.0728,-3807.62,15m,holdout,0.55,776
20.0,0.25,627,0.357,-0.2756,-172.8,15m,holdout,0.55,776
20.0,0.5,627,0.287,-1.3946,-874.43,15m,holdout,0.55,776
20.0,0.75,627,0.252,-2.4894,-1560.88,15m,holdout,0.55,776
20.0,1.0,627,0.226,-3.5573,-2230.41,15m,holdout,0.55,776
20.0,1.5,627,0.174,-5.0061,-3138.81,15m,holdout,0.55,776
20.0,2.0,627,0.152,-6.2041,-3889.98,15m,holdout,0.55,776
5.0,0.25,624,0.389,-0.5139,-320.7,15m,holdout,0.575,776
5.0,0.5,624,0.333,-1.6913,-1055.34,15m,holdout,0.575,776
5.0,0.75,624,0.306,-2.6971,-1683.01,15m,holdout,0.575,776
5.0,1.0,624,0.296,-3.582,-2235.15,15m,holdout,0.575,776
5.0,1.5,624,0.274,-4.9946,-3116.62,15m,holdout,0.575,776
5.0,2.0,624,0.261,-6.1527,-3839.28,15m,holdout,0.575,776
6.0,0.25,624,0.383,-0.3739,-233.32,15m,holdout,0.575,776
6.0,0.5,624,0.324,-1.6111,-1005.36,15m,holdout,0.575,776
6.0,0.75,624,0.293,-2.5792,-1609.4,15m,holdout,0.575,776
6.0,1.0,624,0.282,-3.4371,-2144.76,15m,holdout,0.575,776
6.0,1.5,624,0.26,-4.8544,-3029.13,15m,holdout,0.575,776
6.0,2.0,624,0.253,-5.9971,-3742.18,15m,holdout,0.575,776
7.0,0.25,624,0.372,-0.2679,-167.16,15m,holdout,0.575,776
7.0,0.5,624,0.314,-1.4755,-920.72,15m,holdout,0.575,776
7.0,0.75,624,0.284,-2.4811,-1548.23,15m,holdout,0.575,776
7.0,1.0,624,0.271,-3.3427,-2085.86,15m,holdout,0.575,776
7.0,1.5,624,0.245,-4.7676,-2975.0,15m,holdout,0.575,776
7.0,2.0,624,0.236,-6.0375,-3767.38,15m,holdout,0.575,776
8.0,0.25,624,0.367,-0.245,-152.86,15m,holdout,0.575,776
8.0,0.5,624,0.306,-1.5184,-947.46,15m,holdout,0.575,776
8.0,0.75,624,0.274,-2.5223,-1573.92,15m,holdout,0.575,776
8.0,1.0,624,0.258,-3.3984,-2120.59,15m,holdout,0.575,776
8.0,1.5,624,0.224,-4.8225,-3009.24,15m,holdout,0.575,776
8.0,2.0,624,0.215,-6.1247,-3821.78,15m,holdout,0.575,776
10.0,0.25,624,0.369,-0.1238,-77.26,15m,holdout,0.575,776
10.0,0.5,624,0.3,-1.3385,-835.23,15m,holdout,0.575,776
10.0,0.75,624,0.266,-2.3879,-1490.03,15m,holdout,0.575,776
10.0,1.0,624,0.247,-3.2813,-2047.54,15m,holdout,0.575,776
10.0,1.5,624,0.204,-4.6892,-2926.05,15m,holdout,0.575,776
10.0,2.0,624,0.192,-5.9756,-3728.76,15m,holdout,0.575,776
12.0,0.25,624,0.361,-0.2216,-138.28,15m,holdout,0.575,776
12.0,0.5,624,0.288,-1.4182,-884.93,15m,holdout,0.575,776
12.0,0.75,624,0.253,-2.5033,-1562.09,15m,holdout,0.575,776
12.0,1.0,624,0.229,-3.5151,-2193.44,15m,holdout,0.575,776
12.0,1.5,624,0.183,-4.9079,-3062.52,15m,holdout,0.575,776
12.0,2.0,624,0.17,-6.2041,-3871.35,15m,holdout,0.575,776
15.0,0.25,624,0.361,-0.2054,-128.14,15m,holdout,0.575,776
15.0,0.5,624,0.288,-1.3636,-850.87,15m,holdout,0.575,776
15.0,0.75,624,0.253,-2.4313,-1517.16,15m,holdout,0.575,776
15.0,1.0,624,0.228,-3.4004,-2121.86,15m,holdout,0.575,776
15.0,1.5,624,0.179,-4.7349,-2954.58,15m,holdout,0.575,776
15.0,2.0,624,0.165,-5.9586,-3718.2,15m,holdout,0.575,776
20.0,0.25,624,0.361,-0.1924,-120.03,15m,holdout,0.575,776
20.0,0.5,624,0.288,-1.31,-817.43,15m,holdout,0.575,776
20.0,0.75,624,0.253,-2.3796,-1484.88,15m,holdout,0.575,776
20.0,1.0,624,0.228,-3.4334,-2142.45,15m,holdout,0.575,776
20.0,1.5,624,0.176,-4.8696,-3038.6,15m,holdout,0.575,776
20.0,2.0,624,0.155,-6.06,-3781.45,15m,holdout,0.575,776
5.0,0.25,618,0.383,-0.7353,-454.42,15m,holdout,0.6,776
5.0,0.5,618,0.33,-1.9361,-1196.49,15m,holdout,0.6,776
5.0,0.75,618,0.301,-2.9442,-1819.51,15m,holdout,0.6,776
5.0,1.0,618,0.291,-3.8412,-2373.86,15m,holdout,0.6,776
5.0,1.5,618,0.272,-5.2738,-3259.2,15m,holdout,0.6,776
5.0,2.0,618,0.257,-6.4469,-3984.17,15m,holdout,0.6,776
6.0,0.25,618,0.377,-0.5342,-330.16,15m,holdout,0.6,776
6.0,0.5,618,0.317,-1.8269,-1129.02,15m,holdout,0.6,776
6.0,0.75,618,0.285,-2.8247,-1745.68,15m,holdout,0.6,776
6.0,1.0,618,0.273,-3.7034,-2288.7,15m,holdout,0.6,776
6.0,1.5,618,0.251,-5.1491,-3182.16,15m,holdout,0.6,776
6.0,2.0,618,0.243,-6.3121,-3900.9,15m,holdout,0.6,776
7.0,0.25,618,0.369,-0.3975,-245.67,15m,holdout,0.6,776
7.0,0.5,618,0.311,-1.6234,-1003.27,15m,holdout,0.6,776
7.0,0.75,618,0.28,-2.6566,-1641.76,15m,holdout,0.6,776
7.0,1.0,618,0.267,-3.5512,-2194.64,15m,holdout,0.6,776
7.0,1.5,618,0.241,-5.023,-3104.2,15m,holdout,0.6,776
7.0,2.0,618,0.233,-6.1986,-3830.71,15m,holdout,0.6,776
8.0,0.25,618,0.362,-0.4058,-250.81,15m,holdout,0.6,776
8.0,0.5,618,0.303,-1.6848,-1041.23,15m,holdout,0.6,776
8.0,0.75,618,0.269,-2.7184,-1679.99,15m,holdout,0.6,776
8.0,1.0,618,0.252,-3.6066,-2228.9,15m,holdout,0.6,776
8.0,1.5,618,0.218,-5.0458,-3118.31,15m,holdout,0.6,776
8.0,2.0,618,0.209,-6.3662,-3934.33,15m,holdout,0.6,776
10.0,0.25,618,0.364,-0.2728,-168.58,15m,holdout,0.6,776
10.0,0.5,618,0.296,-1.5034,-929.1,15m,holdout,0.6,776
10.0,0.75,618,0.261,-2.5476,-1574.44,15m,holdout,0.6,776
10.0,1.0,618,0.243,-3.4285,-2118.8,15m,holdout,0.6,776
10.0,1.5,618,0.199,-4.8379,-2989.81,15m,holdout,0.6,776
10.0,2.0,618,0.188,-6.1377,-3793.08,15m,holdout,0.6,776
12.0,0.25,618,0.356,-0.3668,-226.71,15m,holdout,0.6,776
12.0,0.5,618,0.285,-1.5742,-972.83,15m,holdout,0.6,776
12.0,0.75,618,0.249,-2.6365,-1629.38,15m,holdout,0.6,776
12.0,1.0,618,0.225,-3.6378,-2248.13,15m,holdout,0.6,776
12.0,1.5,618,0.178,-5.0265,-3106.38,15m,holdout,0.6,776
12.0,2.0,618,0.165,-6.3334,-3914.06,15m,holdout,0.6,776
15.0,0.25,618,0.356,-0.3506,-216.68,15m,holdout,0.6,776
15.0,0.5,618,0.285,-1.5288,-944.78,15m,holdout,0.6,776
15.0,0.75,618,0.248,-2.6338,-1627.71,15m,holdout,0.6,776
15.0,1.0,618,0.222,-3.6104,-2231.23,15m,holdout,0.6,776
15.0,1.5,618,0.173,-4.9315,-3047.67,15m,holdout,0.6,776
15.0,2.0,618,0.159,-6.1797,-3819.07,15m,holdout,0.6,776
20.0,0.25,618,0.356,-0.3374,-208.5,15m,holdout,0.6,776
20.0,0.5,618,0.285,-1.4612,-903.03,15m,holdout,0.6,776
20.0,0.75,618,0.248,-2.5793,-1593.99,15m,holdout,0.6,776
20.0,1.0,618,0.222,-3.6423,-2250.91,15m,holdout,0.6,776
20.0,1.5,618,0.17,-5.0984,-3150.79,15m,holdout,0.6,776
20.0,2.0,618,0.149,-6.3207,-3906.19,15m,holdout,0.6,776
5.0,0.25,617,0.387,-0.7031,-433.78,15m,holdout,0.625,776
5.0,0.5,617,0.331,-1.9278,-1189.44,15m,holdout,0.625,776
5.0,0.75,617,0.306,-2.946,-1817.7,15m,holdout,0.625,776
5.0,1.0,617,0.295,-3.8363,-2366.98,15m,holdout,0.625,776
5.0,1.5,617,0.277,-5.2622,-3246.76,15m,holdout,0.625,776
5.0,2.0,617,0.261,-6.432,-3968.53,15m,holdout,0.625,776
6.0,0.25,617,0.378,-0.5473,-337.71,15m,holdout,0.625,776
6.0,0.5,617,0.314,-1.8794,-1159.62,15m,holdout,0.625,776
6.0,0.75,617,0.287,-2.8818,-1778.09,15m,holdout,0.625,776
6.0,1.0,617,0.272,-3.7651,-2323.04,15m,holdout,0.625,776
6.0,1.5,617,0.251,-5.2109,-3215.15,15m,holdout,0.625,776
6.0,2.0,617,0.241,-6.374,-3932.78,15m,holdout,0.625,776
7.0,0.25,617,0.371,-0.3689,-227.62,15m,holdout,0.625,776
7.0,0.5,617,0.308,-1.6009,-987.75,15m,holdout,0.625,776
7.0,0.75,617,0.282,-2.6254,-1619.89,15m,holdout,0.625,776
7.0,1.0,617,0.266,-3.5125,-2167.2,15m,holdout,0.625,776
7.0,1.5,617,0.241,-4.9752,-3069.67,15m,holdout,0.625,776
7.0,2.0,617,0.233,-6.146,-3792.08,15m,holdout,0.625,776
8.0,0.25,617,0.363,-0.3889,-239.93,15m,holdout,0.625,776
8.0,0.5,617,0.3,-1.667,-1028.55,15m,holdout,0.625,776
8.0,0.75,617,0.271,-2.7027,-1667.54,15m,holdout,0.625,776
8.0,1.0,617,0.254,-3.5908,-2215.55,15m,holdout,0.625,776
8.0,1.5,617,0.224,-5.0424,-3111.15,15m,holdout,0.625,776
8.0,2.0,617,0.212,-6.3628,-3925.82,15m,holdout,0.625,776
10.0,0.25,617,0.363,-0.2825,-174.28,15m,holdout,0.625,776
10.0,0.5,617,0.293,-1.5235,-940.0,15m,holdout,0.625,776
10.0,0.75,617,0.263,-2.5645,-1582.32,15m,holdout,0.625,776
10.0,1.0,617,0.243,-3.4409,-2123.05,15m,holdout,0.625,776
10.0,1.5,617,0.201,-4.8457,-2989.8,15m,holdout,0.625,776
10.0,2.0,617,0.188,-6.1428,-3790.13,15m,holdout,0.625,776
12.0,0.25,617,0.357,-0.3572,-220.41,15m,holdout,0.625,776
12.0,0.5,617,0.282,-1.5271,-942.24,15m,holdout,0.625,776
12.0,0.75,617,0.251,-2.5794,-1591.48,15m,holdout,0.625,776
12.0,1.0,617,0.229,-3.4637,-2137.07,15m,holdout,0.625,776
12.0,1.5,617,0.183,-4.8492,-2991.96,15m,holdout,0.625,776
12.0,2.0,617,0.169,-6.1527,-3796.24,15m,holdout,0.625,776
15.0,0.25,617,0.357,-0.3436,-212.02,15m,holdout,0.625,776
15.0,0.5,617,0.282,-1.5093,-931.21,15m,holdout,0.625,776
15.0,0.75,617,0.25,-2.61,-1610.34,15m,holdout,0.625,776
15.0,1.0,617,0.222,-3.584,-2211.32,15m,holdout,0.625,776
15.0,1.5,617,0.175,-4.9056,-3026.74,15m,holdout,0.625,776
15.0,2.0,617,0.159,-6.1544,-3797.24,15m,holdout,0.625,776
20.0,0.25,617,0.355,-0.3616,-223.12,15m,holdout,0.625,776
20.0,0.5,617,0.28,-1.4762,-910.79,15m,holdout,0.625,776
20.0,0.75,617,0.248,-2.5889,-1597.34,15m,holdout,0.625,776
20.0,1.0,617,0.22,-3.6485,-2251.15,15m,holdout,0.625,776
20.0,1.5,617,0.17,-5.1067,-3150.85,15m,holdout,0.625,776
20.0,2.0,617,0.147,-6.3332,-3907.61,15m,holdout,0.625,776
5.0,0.25,613,0.383,-0.7697,-471.83,15m,holdout,0.65,776
5.0,0.5,613,0.326,-2.0141,-1234.65,15m,holdout,0.65,776
5.0,0.75,613,0.303,-3.0453,-1866.78,15m,holdout,0.65,776
5.0,1.0,613,0.292,-3.9383,-2414.15,15m,holdout,0.65,776
5.0,1.5,613,0.274,-5.367,-3289.98,15m,holdout,0.65,776
5.0,2.0,613,0.258,-6.5387,-4008.21,15m,holdout,0.65,776
6.0,0.25,613,0.375,-0.5844,-358.25,15m,holdout,0.65,776
6.0,0.5,613,0.312,-1.9182,-1175.88,15m,holdout,0.65,776
6.0,0.75,613,0.284,-2.9263,-1793.81,15m,holdout,0.65,776
6.0,1.0,613,0.271,-3.8196,-2341.44,15m,holdout,0.65,776
6.0,1.5,613,0.248,-5.2719,-3231.67,15m,holdout,0.65,776
6.0,2.0,613,0.238,-6.4378,-3946.35,15m,holdout,0.65,776
7.0,0.25,613,0.37,-0.386,-236.63,15m,holdout,0.65,776
7.0,0.5,613,0.307,-1.6224,-994.56,15m,holdout,0.65,776
7.0,0.75,613,0.281,-2.6364,-1616.12,15m,holdout,0.65,776
7.0,1.0,613,0.266,-3.5189,-2157.08,15m,holdout,0.65,776
7.0,1.5,613,0.24,-4.9847,-3055.6,15m,holdout,0.65,776
7.0,2.0,613,0.233,-6.1571,-3774.28,15m,holdout,0.65,776
8.0,0.25,613,0.364,-0.3798,-232.84,15m,holdout,0.65,776
8.0,0.5,613,0.3,-1.6273,-997.53,15m,holdout,0.65,776
8.0,0.75,613,0.272,-2.6671,-1634.95,15m,holdout,0.65,776
8.0,1.0,613,0.258,-3.556,-2179.8,15m,holdout,0.65,776
8.0,1.5,613,0.228,-5.0157,-3074.65,15m,holdout,0.65,776
8.0,2.0,613,0.217,-6.3151,-3871.14,15m,holdout,0.65,776
10.0,0.25,613,0.362,-0.314,-192.45,15m,holdout,0.65,776
10.0,0.5,613,0.292,-1.57,-962.38,15m,holdout,0.65,776
10.0,0.75,613,0.261,-2.629,-1611.56,15m,holdout,0.65,776
10.0,1.0,613,0.243,-3.5203,-2157.96,15m,holdout,0.65,776
10.0,1.5,613,0.201,-4.9488,-3033.6,15m,holdout,0.65,776
10.0,2.0,613,0.188,-6.2599,-3837.32,15m,holdout,0.65,776
12.0,0.25,613,0.356,-0.3409,-208.99,15m,holdout,0.65,776
12.0,0.5,613,0.282,-1.5205,-932.07,15m,holdout,0.65,776
12.0,0.75,613,0.251,-2.6044,-1596.51,15m,holdout,0.65,776
12.0,1.0,613,0.23,-3.5128,-2153.34,15m,holdout,0.65,776
12.0,1.5,613,0.186,-4.9248,-3018.92,15m,holdout,0.65,776
12.0,2.0,613,0.171,-6.2186,-3812.03,15m,holdout,0.65,776
15.0,0.25,613,0.356,-0.3438,-210.77,15m,holdout,0.65,776
15.0,0.5,613,0.281,-1.5147,-928.49,15m,holdout,0.65,776
15.0,0.75,613,0.248,-2.615,-1602.99,15m,holdout,0.65,776
15.0,1.0,613,0.222,-3.5924,-2202.13,15m,holdout,0.65,776
15.0,1.5,613,0.178,-4.9302,-3022.2,15m,holdout,0.65,776
15.0,2.0,613,0.162,-6.1665,-3780.07,15m,holdout,0.65,776
20.0,0.25,613,0.354,-0.3579,-219.41,15m,holdout,0.65,776
20.0,0.5,613,0.279,-1.4673,-899.43,15m,holdout,0.65,776
20.0,0.75,613,0.246,-2.5932,-1589.61,15m,holdout,0.65,776
20.0,1.0,613,0.22,-3.6685,-2248.79,15m,holdout,0.65,776
20.0,1.5,613,0.171,-5.1154,-3135.74,15m,holdout,0.65,776
20.0,2.0,613,0.148,-6.32,-3874.18,15m,holdout,0.65,776
5.0,0.25,611,0.386,-0.7012,-428.46,15m,holdout,0.675,776
5.0,0.5,611,0.326,-1.9351,-1182.35,15m,holdout,0.675,776
5.0,0.75,611,0.304,-2.9903,-1827.07,15m,holdout,0.675,776
5.0,1.0,611,0.293,-3.8346,-2342.93,15m,holdout,0.675,776
5.0,1.5,611,0.277,-5.2482,-3206.63,15m,holdout,0.675,776
5.0,2.0,611,0.262,-6.412,-3917.73,15m,holdout,0.675,776
6.0,0.25,611,0.378,-0.4922,-300.72,15m,holdout,0.675,776
6.0,0.5,611,0.311,-1.8142,-1108.5,15m,holdout,0.675,776
6.0,0.75,611,0.283,-2.7954,-1707.98,15m,holdout,0.675,776
6.0,1.0,611,0.27,-3.6816,-2249.45,15m,holdout,0.675,776
6.0,1.5,611,0.25,-5.1312,-3135.14,15m,holdout,0.675,776
6.0,2.0,611,0.244,-6.3102,-3855.56,15m,holdout,0.675,776
7.0,0.25,611,0.372,-0.3256,-198.92,15m,holdout,0.675,776
7.0,0.5,611,0.304,-1.5723,-960.65,15m,holdout,0.675,776
7.0,0.75,611,0.278,-2.5689,-1569.58,15m,holdout,0.675,776
7.0,1.0,611,0.264,-3.4486,-2107.07,15m,holdout,0.675,776
7.0,1.5,611,0.239,-4.913,-3001.82,15m,holdout,0.675,776
7.0,2.0,611,0.234,-6.0848,-3717.83,15m,holdout,0.675,776
8.0,0.25,611,0.365,-0.2864,-175.0,15m,holdout,0.675,776
8.0,0.5,611,0.3,-1.5129,-924.38,15m,holdout,0.675,776
8.0,0.75,611,0.272,-2.565,-1567.21,15m,holdout,0.675,776
8.0,1.0,611,0.255,-3.4472,-2106.22,15m,holdout,0.675,776
8.0,1.5,611,0.229,-4.9003,-2994.07,15m,holdout,0.675,776
8.0,2.0,611,0.219,-6.1948,-3785.05,15m,holdout,0.675,776
10.0,0.25,611,0.363,-0.2242,-137.01,15m,holdout,0.675,776
10.0,0.5,611,0.291,-1.4686,-897.31,15m,holdout,0.675,776
10.0,0.75,611,0.26,-2.5776,-1574.9,15m,holdout,0.675,776
10.0,1.0,611,0.241,-3.484,-2128.74,15m,holdout,0.675,776
10.0,1.5,611,0.201,-4.9254,-3009.42,15m,holdout,0.675,776
10.0,2.0,611,0.19,-6.2426,-3814.25,15m,holdout,0.675,776
12.0,0.25,611,0.357,-0.266,-162.55,15m,holdout,0.675,776
12.0,0.5,611,0.282,-1.3862,-846.98,15m,holdout,0.675,776
12.0,0.75,611,0.25,-2.5182,-1538.63,15m,holdout,0.675,776
12.0,1.0,611,0.227,-3.3998,-2077.25,15m,holdout,0.675,776
12.0,1.5,611,0.185,-4.8074,-2937.32,15m,holdout,0.675,776
12.0,2.0,611,0.172,-6.1013,-3727.89,15m,holdout,0.675,776
15.0,0.25,611,0.357,-0.262,-160.11,15m,holdout,0.675,776
15.0,0.5,611,0.278,-1.4265,-871.56,15m,holdout,0.675,776
15.0,0.75,611,0.245,-2.5669,-1568.38,15m,holdout,0.675,776
15.0,1.0,611,0.218,-3.5602,-2175.27,15m,holdout,0.675,776
15.0,1.5,611,0.175,-4.9279,-3010.93,15m,holdout,0.675,776
15.0,2.0,611,0.16,-6.1832,-3777.93,15m,holdout,0.675,776
20.0,0.25,611,0.355,-0.2755,-168.32,15m,holdout,0.675,776
20.0,0.5,611,0.277,-1.3739,-839.42,15m,holdout,0.675,776
20.0,0.75,611,0.244,-2.5348,-1548.78,15m,holdout,0.675,776
20.0,1.0,611,0.216,-3.5929,-2195.24,15m,holdout,0.675,776
20.0,1.5,611,0.169,-5.0383,-3078.41,15m,holdout,0.675,776
20.0,2.0,611,0.149,-6.252,-3819.97,15m,holdout,0.675,776
5.0,0.25,611,0.385,-0.7508,-458.73,15m,holdout,0.7,776
5.0,0.5,611,0.322,-2.0195,-1233.92,15m,holdout,0.7,776
5.0,0.75,611,0.306,-3.0286,-1850.46,15m,holdout,0.7,776
5.0,1.0,611,0.293,-3.8762,-2368.33,15m,holdout,0.7,776
5.0,1.5,611,0.275,-5.2957,-3235.66,15m,holdout,0.7,776
5.0,2.0,611,0.26,-6.4661,-3950.77,15m,holdout,0.7,776
6.0,0.25,611,0.375,-0.5712,-349.0,15m,holdout,0.7,776
6.0,0.5,611,0.308,-1.899,-1160.32,15m,holdout,0.7,776
6.0,0.75,611,0.286,-2.8296,-1728.87,15m,holdout,0.7,776
6.0,1.0,611,0.272,-3.7204,-2273.15,15m,holdout,0.7,776
6.0,1.5,611,0.25,-5.1725,-3160.4,15m,holdout,0.7,776
6.0,2.0,611,0.244,-6.3565,-3883.81,15m,holdout,0.7,776
7.0,0.25,611,0.368,-0.4603,-281.22,15m,holdout,0.7,776
7.0,0.5,611,0.3,-1.722,-1052.11,15m,holdout,0.7,776
7.0,0.75,611,0.28,-2.6687,-1630.59,15m,holdout,0.7,776
7.0,1.0,611,0.264,-3.5501,-2169.09,15m,holdout,0.7,776
7.0,1.5,611,0.241,-5.0188,-3066.5,15m,holdout,0.7,776
7.0,2.0,611,0.232,-6.1964,-3786.02,15m,holdout,0.7,776
8.0,0.25,611,0.362,-0.3783,-231.16,15m,holdout,0.7,776
8.0,0.5,611,0.295,-1.6095,-983.42,15m,holdout,0.7,776
8.0,0.75,611,0.275,-2.6223,-1602.2,15m,holdout,0.7,776
8.0,1.0,611,0.257,-3.5061,-2142.24,15m,holdout,0.7,776
8.0,1.5,611,0.231,-4.9649,-3033.58,15m,holdout,0.7,776
8.0,2.0,611,0.219,-6.2625,-3826.4,15m,holdout,0.7,776
10.0,0.25,611,0.36,-0.3145,-192.15,15m,holdout,0.7,776
10.0,0.5,611,0.286,-1.56,-953.15,15m,holdout,0.7,776
10.0,0.75,611,0.262,-2.6207,-1601.26,15m,holdout,0.7,776
10.0,1.0,611,0.241,-3.5292,-2156.34,15m,holdout,0.7,776
10.0,1.5,611,0.203,-4.9865,-3046.77,15m,holdout,0.7,776
10.0,2.0,611,0.19,-6.3218,-3862.63,15m,holdout,0.7,776
12.0,0.25,611,0.354,-0.3443,-210.39,15m,holdout,0.7,776
12.0,0.5,611,0.277,-1.4763,-902.04,15m,holdout,0.7,776
12.0,0.75,611,0.252,-2.5669,-1568.35,15m,holdout,0.7,776
12.0,1.0,611,0.227,-3.445,-2104.9,15m,holdout,0.7,776
12.0,1.5,611,0.185,-4.8609,-2970.03,15m,holdout,0.7,776
12.0,2.0,611,0.172,-6.1696,-3769.6,15m,holdout,0.7,776
15.0,0.25,611,0.354,-0.3388,-207.03,15m,holdout,0.7,776
15.0,0.5,611,0.273,-1.5114,-923.49,15m,holdout,0.7,776
15.0,0.75,611,0.247,-2.602,-1589.83,15m,holdout,0.7,776
15.0,1.0,611,0.218,-3.5989,-2198.95,15m,holdout,0.7,776
15.0,1.5,611,0.175,-4.9753,-3039.92,15m,holdout,0.7,776
15.0,2.0,611,0.159,-6.2384,-3811.67,15m,holdout,0.7,776
20.0,0.25,611,0.352,-0.3523,-215.25,15m,holdout,0.7,776
20.0,0.5,611,0.272,-1.4622,-893.42,15m,holdout,0.7,776
20.0,0.75,611,0.245,-2.5531,-1559.96,15m,holdout,0.7,776
20.0,1.0,611,0.216,-3.5849,-2190.35,15m,holdout,0.7,776
20.0,1.5,611,0.17,-4.9924,-3050.37,15m,holdout,0.7,776
20.0,2.0,611,0.149,-6.2022,-3789.55,15m,holdout,0.7,776
5.0,0.25,704,0.449,-0.3587,-252.49,30m,train,0.3,1116
5.0,0.5,704,0.347,-1.7518,-1233.29,30m,train,0.3,1116
5.0,0.75,704,0.305,-2.6626,-1874.47,30m,train,0.3,1116
5.0,1.0,704,0.286,-3.4092,-2400.1,30m,train,0.3,1116
5.0,1.5,704,0.261,-4.59,-3231.38,30m,train,0.3,1116
5.0,2.0,704,0.243,-5.6313,-3964.44,30m,train,0.3,1116
6.0,0.25,704,0.443,-0.3071,-216.18,30m,train,0.3,1116
6.0,0.5,704,0.339,-1.6137,-1136.07,30m,train,0.3,1116
6.0,0.75,704,0.3,-2.4766,-1743.56,30m,train,0.3,1116
6.0,1.0,704,0.281,-3.1998,-2252.65,30m,train,0.3,1116
6.0,1.5,704,0.253,-4.3993,-3097.09,30m,train,0.3,1116
6.0,2.0,704,0.23,-5.4325,-3824.48,30m,train,0.3,1116
7.0,0.25,704,0.439,-0.2451,-172.53,30m,train,0.3,1116
7.0,0.5,704,0.335,-1.4412,-1014.62,30m,train,0.3,1116
7.0,0.75,704,0.293,-2.2928,-1614.16,30m,train,0.3,1116
7.0,1.0,704,0.274,-2.9902,-2105.12,30m,train,0.3,1116
7.0,1.5,704,0.243,-4.1737,-2938.32,30m,train,0.3,1116
7.0,2.0,704,0.226,-5.1683,-3638.5,30m,train,0.3,1116
8.0,0.25,704,0.436,-0.1701,-119.78,30m,train,0.3,1116
8.0,0.5,704,0.332,-1.2259,-863.05,30m,train,0.3,1116
8.0,0.75,704,0.288,-2.1191,-1491.82,30m,train,0.3,1116
8.0,1.0,704,0.27,-2.85,-2006.37,30m,train,0.3,1116
8.0,1.5,704,0.233,-4.1884,-2948.63,30m,train,0.3,1116
8.0,2.0,704,0.209,-5.2403,-3689.16,30m,train,0.3,1116
10.0,0.25,704,0.432,-0.1473,-103.69,30m,train,0.3,1116
10.0,0.5,704,0.327,-1.0369,-730.0,30m,train,0.3,1116
10.0,0.75,704,0.28,-1.8934,-1332.96,30m,train,0.3,1116
10.0,1.0,704,0.259,-2.6309,-1852.19,30m,train,0.3,1116
10.0,1.5,704,0.223,-3.9298,-2766.61,30m,train,0.3,1116
10.0,2.0,704,0.197,-4.9385,-3476.73,30m,train,0.3,1116
12.0,0.25,704,0.43,-0.1356,-95.48,30m,train,0.3,1116
12.0,0.5,704,0.325,-0.9518,-670.08,30m,train,0.3,1116
12.0,0.75,704,0.278,-1.7963,-1264.6,30m,train,0.3,1116
12.0,1.0,704,0.257,-2.4744,-1741.98,30m,train,0.3,1116
12.0,1.5,704,0.217,-3.8467,-2708.07,30m,train,0.3,1116
12.0,2.0,704,0.19,-4.8842,-3438.46,30m,train,0.3,1116
15.0,0.25,704,0.43,-0.1216,-85.62,30m,train,0.3,1116
15.0,0.5,704,0.324,-0.9304,-654.97,30m,train,0.3,1116
15.0,0.75,704,0.276,-1.751,-1232.71,30m,train,0.3,1116
15.0,1.0,704,0.253,-2.4331,-1712.89,30m,train,0.3,1116
15.0,1.5,704,0.21,-3.7705,-2654.44,30m,train,0.3,1116
15.0,2.0,704,0.183,-4.8708,-3429.06,30m,train,0.3,1116
20.0,0.25,704,0.43,-0.1133,-79.77,30m,train,0.3,1116
20.0,0.5,704,0.324,-0.8855,-623.42,30m,train,0.3,1116
20.0,0.75,704,0.274,-1.71,-1203.82,30m,train,0.3,1116
20.0,1.0,704,0.251,-2.3459,-1651.52,30m,train,0.3,1116
20.0,1.5,704,0.209,-3.6329,-2557.54,30m,train,0.3,1116
20.0,2.0,704,0.18,-4.732,-3331.3,30m,train,0.3,1116
5.0,0.25,701,0.454,-0.2538,-177.93,30m,train,0.325,1116
5.0,0.5,701,0.352,-1.6879,-1183.24,30m,train,0.325,1116
5.0,0.75,701,0.31,-2.5973,-1820.71,30m,train,0.325,1116
5.0,1.0,701,0.291,-3.3491,-2347.74,30m,train,0.325,1116
5.0,1.5,701,0.265,-4.5364,-3180.0,30m,train,0.325,1116
5.0,2.0,701,0.247,-5.5745,-3907.69,30m,train,0.325,1116
6.0,0.25,701,0.445,-0.2117,-148.42,30m,train,0.325,1116
6.0,0.5,701,0.342,-1.5194,-1065.08,30m,train,0.325,1116
6.0,0.75,701,0.302,-2.3833,-1670.66,30m,train,0.325,1116
6.0,1.0,701,0.285,-3.113,-2182.21,30m,train,0.325,1116
6.0,1.5,701,0.257,-4.3224,-3030.03,30m,train,0.325,1116
6.0,2.0,701,0.233,-5.3602,-3757.48,30m,train,0.325,1116
7.0,0.25,701,0.441,-0.1625,-113.93,30m,train,0.325,1116
7.0,0.5,701,0.337,-1.373,-962.5,30m,train,0.325,1116
7.0,0.75,701,0.295,-2.2325,-1564.95,30m,train,0.325,1116
7.0,1.0,701,0.277,-2.9365,-2058.47,30m,train,0.325,1116
7.0,1.5,701,0.245,-4.1378,-2900.61,30m,train,0.325,1116
7.0,2.0,701,0.227,-5.145,-3606.65,30m,train,0.325,1116
8.0,0.25,701,0.438,-0.0868,-60.82,30m,train,0.325,1116
8.0,0.5,701,0.334,-1.1383,-797.95,30m,train,0.325,1116
8.0,0.75,701,0.291,-2.0279,-1421.53,30m,train,0.325,1116
8.0,1.0,701,0.272,-2.7576,-1933.07,30m,train,0.325,1116
8.0,1.5,701,0.235,-4.0972,-2872.16,30m,train,0.325,1116
8.0,2.0,701,0.21,-5.1587,-3616.26,30m,train,0.325,1116
10.0,0.25,701,0.434,-0.0571,-40.06,30m,train,0.325,1116
10.0,0.5,701,0.328,-0.9421,-660.39,30m,train,0.325,1116
10.0,0.75,701,0.282,-1.8044,-1264.88,30m,train,0.325,1116
10.0,1.0,701,0.261,-2.5271,-1771.49,30m,train,0.325,1116
10.0,1.5,701,0.225,-3.8018,-2665.04,30m,train,0.325,1116
10.0,2.0,701,0.198,-4.8019,-3366.15,30m,train,0.325,1116
12.0,0.25,701,0.432,-0.0439,-30.75,30m,train,0.325,1116
12.0,0.5,701,0.327,-0.8526,-597.64,30m,train,0.325,1116
12.0,0.75,701,0.281,-1.6923,-1186.31,30m,train,0.325,1116
12.0,1.0,701,0.26,-2.3715,-1662.45,30m,train,0.325,1116
12.0,1.5,701,0.22,-3.7441,-2624.63,30m,train,0.325,1116
12.0,2.0,701,0.191,-4.7803,-3351.01,30m,train,0.325,1116
15.0,0.25,701,0.432,-0.0298,-20.89,30m,train,0.325,1116
15.0,0.5,701,0.325,-0.8337,-584.4,30m,train,0.325,1116
15.0,0.75,701,0.278,-1.651,-1157.37,30m,train,0.325,1116
15.0,1.0,701,0.255,-2.3353,-1637.04,30m,train,0.325,1116
15.0,1.5,701,0.213,-3.6839,-2582.4,30m,train,0.325,1116
15.0,2.0,701,0.184,-4.7774,-3348.96,30m,train,0.325,1116
20.0,0.25,701,0.432,-0.0206,-14.47,30m,train,0.325,1116
20.0,0.5,701,0.325,-0.7843,-549.82,30m,train,0.325,1116
20.0,0.75,701,0.277,-1.6017,-1122.82,30m,train,0.325,1116
20.0,1.0,701,0.254,-2.237,-1568.16,30m,train,0.325,1116
20.0,1.5,701,0.211,-3.5213,-2468.42,30m,train,0.325,1116
20.0,2.0,701,0.181,-4.6189,-3237.88,30m,train,0.325,1116
5.0,0.25,698,0.458,-0.2223,-155.19,30m,train,0.35,1116
5.0,0.5,698,0.355,-1.6649,-1162.07,30m,train,0.35,1116
5.0,0.75,698,0.311,-2.5825,-1802.62,30m,train,0.35,1116
5.0,1.0,698,0.294,-3.3031,-2305.57,30m,train,0.35,1116
5.0,1.5,698,0.271,-4.4894,-3133.62,30m,train,0.35,1116
5.0,2.0,698,0.252,-5.5108,-3846.54,30m,train,0.35,1116
6.0,0.25,698,0.45,-0.1825,-127.41,30m,train,0.35,1116
6.0,0.5,698,0.345,-1.5007,-1047.51,30m,train,0.35,1116
6.0,0.75,698,0.304,-2.3756,-1658.15,30m,train,0.35,1116
6.0,1.0,698,0.288,-3.1161,-2175.03,30m,train,0.35,1116
6.0,1.5,698,0.258,-4.3385,-3028.3,30m,train,0.35,1116
6.0,2.0,698,0.234,-5.3784,-3754.14,30m,train,0.35,1116
7.0,0.25,698,0.446,-0.1192,-83.23,30m,train,0.35,1116
7.0,0.5,698,0.34,-1.3437,-937.9,30m,train,0.35,1116
7.0,0.75,698,0.297,-2.2104,-1542.88,30m,train,0.35,1116
7.0,1.0,698,0.279,-2.9261,-2042.43,30m,train,0.35,1116
7.0,1.5,698,0.248,-4.1449,-2893.14,30m,train,0.35,1116
7.0,2.0,698,0.228,-5.1646,-3604.86,30m,train,0.35,1116
8.0,0.25,698,0.443,-0.043,-29.99,30m,train,0.35,1116
8.0,0.5,698,0.337,-1.1026,-769.59,30m,train,0.35,1116
8.0,0.75,698,0.292,-1.9957,-1392.98,30m,train,0.35,1116
8.0,1.0,698,0.275,-2.7344,-1908.64,30m,train,0.35,1116
8.0,1.5,698,0.239,-4.0348,-2816.29,30m,train,0.35,1116
8.0,2.0,698,0.212,-5.0383,-3516.73,30m,train,0.35,1116
10.0,0.25,698,0.438,-0.0086,-6.03,30m,train,0.35,1116
10.0,0.5,698,0.331,-0.8941,-624.08,30m,train,0.35,1116
10.0,0.75,698,0.285,-1.7061,-1190.87,30m,train,0.35,1116
10.0,1.0,698,0.265,-2.433,-1698.26,30m,train,0.35,1116
10.0,1.5,698,0.229,-3.7193,-2596.06,30m,train,0.35,1116
10.0,2.0,698,0.201,-4.7285,-3300.47,30m,train,0.35,1116
12.0,0.25,698,0.437,0.0055,3.87,30m,train,0.35,1116
12.0,0.5,698,0.33,-0.8036,-560.93,30m,train,0.35,1116
12.0,0.75,698,0.282,-1.6473,-1149.81,30m,train,0.35,1116
12.0,1.0,698,0.262,-2.3366,-1630.94,30m,train,0.35,1116
12.0,1.5,698,0.222,-3.7298,-2603.39,30m,train,0.35,1116
12.0,2.0,698,0.192,-4.7794,-3336.01,30m,train,0.35,1116
15.0,0.25,698,0.437,0.0289,20.16,30m,train,0.35,1116
15.0,0.5,698,0.33,-0.7566,-528.09,30m,train,0.35,1116
15.0,0.75,698,0.281,-1.5665,-1093.41,30m,train,0.35,1116
15.0,1.0,698,0.259,-2.2575,-1575.76,30m,train,0.35,1116
15.0,1.5,698,0.216,-3.6135,-2522.25,30m,train,0.35,1116
15.0,2.0,698,0.186,-4.7122,-3289.11,30m,train,0.35,1116
20.0,0.25,698,0.437,0.029,20.22,30m,train,0.35,1116
20.0,0.5,698,0.328,-0.7336,-512.03,30m,train,0.35,1116
20.0,0.75,698,0.278,-1.5461,-1079.2,30m,train,0.35,1116
20.0,1.0,698,0.256,-2.1849,-1525.08,30m,train,0.35,1116
20.0,1.5,698,0.213,-3.4784,-2427.9,30m,train,0.35,1116
20.0,2.0,698,0.182,-4.5847,-3200.09,30m,train,0.35,1116
5.0,0.25,691,0.456,-0.2591,-179.03,30m,train,0.375,1116
5.0,0.5,691,0.359,-1.7029,-1176.7,30m,train,0.375,1116
5.0,0.75,691,0.311,-2.6354,-1821.06,30m,train,0.375,1116
5.0,1.0,691,0.295,-3.3634,-2324.1,30m,train,0.375,1116
5.0,1.5,691,0.271,-4.523,-3125.4,30m,train,0.375,1116
5.0,2.0,691,0.252,-5.534,-3824.02,30m,train,0.375,1116
6.0,0.25,691,0.447,-0.2126,-146.88,30m,train,0.375,1116
6.0,0.5,691,0.349,-1.5445,-1067.25,30m,train,0.375,1116
6.0,0.75,691,0.304,-2.4197,-1672.0,30m,train,0.375,1116
6.0,1.0,691,0.289,-3.1654,-2187.28,30m,train,0.375,1116
6.0,1.5,691,0.259,-4.406,-3044.54,30m,train,0.375,1116
6.0,2.0,691,0.234,-5.439,-3758.33,30m,train,0.375,1116
7.0,0.25,691,0.441,-0.188,-129.88,30m,train,0.375,1116
7.0,0.5,691,0.342,-1.4565,-1006.42,30m,train,0.375,1116
7.0,0.75,691,0.295,-2.3576,-1629.12,30m,train,0.375,1116
7.0,1.0,691,0.279,-3.0934,-2137.57,30m,train,0.375,1116
7.0,1.5,691,0.246,-4.2985,-2970.25,30m,train,0.375,1116
7.0,2.0,691,0.226,-5.3062,-3666.58,30m,train,0.375,1116
8.0,0.25,691,0.438,-0.0958,-66.18,30m,train,0.375,1116
8.0,0.5,691,0.339,-1.2173,-841.16,30m,train,0.375,1116
8.0,0.75,691,0.291,-2.0824,-1438.93,30m,train,0.375,1116
8.0,1.0,691,0.275,-2.8129,-1943.7,30m,train,0.375,1116
8.0,1.5,691,0.239,-4.1075,-2838.28,30m,train,0.375,1116
8.0,2.0,691,0.214,-5.1072,-3529.04,30m,train,0.375,1116
10.0,0.25,691,0.434,-0.0523,-36.14,30m,train,0.375,1116
10.0,0.5,691,0.333,-0.9775,-675.44,30m,train,0.375,1116
10.0,0.75,691,0.284,-1.8274,-1262.75,30m,train,0.375,1116
10.0,1.0,691,0.265,-2.5897,-1789.47,30m,train,0.375,1116
10.0,1.5,691,0.227,-3.8969,-2692.79,30m,train,0.375,1116
10.0,2.0,691,0.198,-4.8928,-3380.96,30m,train,0.375,1116
12.0,0.25,691,0.434,-0.0185,-12.81,30m,train,0.375,1116
12.0,0.5,691,0.333,-0.8594,-593.84,30m,train,0.375,1116
12.0,0.75,691,0.282,-1.7418,-1203.59,30m,train,0.375,1116
12.0,1.0,691,0.263,-2.4648,-1703.18,30m,train,0.375,1116
12.0,1.5,691,0.221,-3.8378,-2651.92,30m,train,0.375,1116
12.0,2.0,691,0.191,-4.8763,-3369.51,30m,train,0.375,1116
15.0,0.25,691,0.434,0.0047,3.28,30m,train,0.375,1116
15.0,0.5,691,0.333,-0.8,-552.8,30m,train,0.375,1116
15.0,0.75,691,0.281,-1.6361,-1130.57,30m,train,0.375,1116
15.0,1.0,691,0.262,-2.3563,-1628.23,30m,train,0.375,1116
15.0,1.5,691,0.217,-3.7395,-2584.01,30m,train,0.375,1116
15.0,2.0,691,0.187,-4.7828,-3304.93,30m,train,0.375,1116
20.0,0.25,691,0.434,0.0053,3.64,30m,train,0.375,1116
20.0,0.5,691,0.331,-0.784,-541.77,30m,train,0.375,1116
20.0,0.75,691,0.278,-1.6251,-1122.92,30m,train,0.375,1116
20.0,1.0,691,0.258,-2.2895,-1582.07,30m,train,0.375,1116
20.0,1.5,691,0.213,-3.5942,-2483.59,30m,train,0.375,1116
20.0,2.0,691,0.181,-4.7071,-3252.61,30m,train,0.375,1116
5.0,0.25,689,0.451,-0.3385,-233.24,30m,train,0.4,1116
5.0,0.5,689,0.361,-1.6769,-1155.38,30m,train,0.4,1116
5.0,0.75,689,0.316,-2.6153,-1801.95,30m,train,0.4,1116
5.0,1.0,689,0.296,-3.3467,-2305.9,30m,train,0.4,1116
5.0,1.5,689,0.27,-4.506,-3104.62,30m,train,0.4,1116
5.0,2.0,689,0.251,-5.5161,-3800.6,30m,train,0.4,1116
6.0,0.25,689,0.443,-0.3038,-209.33,30m,train,0.4,1116
6.0,0.5,689,0.35,-1.5487,-1067.02,30m,train,0.4,1116
6.0,0.75,689,0.306,-2.4359,-1678.3,30m,train,0.4,1116
6.0,1.0,689,0.289,-3.1875,-2196.17,30m,train,0.4,1116
6.0,1.5,689,0.258,-4.4339,-3054.98,30m,train,0.4,1116
6.0,2.0,689,0.234,-5.4698,-3768.71,30m,train,0.4,1116
7.0,0.25,689,0.437,-0.2556,-176.09,30m,train,0.4,1116
7.0,0.5,689,0.343,-1.4287,-984.35,30m,train,0.4,1116
7.0,0.75,689,0.298,-2.335,-1608.82,30m,train,0.4,1116
7.0,1.0,689,0.279,-3.071,-2115.93,30m,train,0.4,1116
7.0,1.5,689,0.245,-4.29,-2955.81,30m,train,0.4,1116
7.0,2.0,689,0.225,-5.3147,-3661.86,30m,train,0.4,1116
8.0,0.25,689,0.435,-0.1696,-116.88,30m,train,0.4,1116
8.0,0.5,689,0.34,-1.2074,-831.9,30m,train,0.4,1116
8.0,0.75,689,0.295,-2.0897,-1439.78,30m,train,0.4,1116
8.0,1.0,689,0.276,-2.8045,-1932.27,30m,train,0.4,1116
8.0,1.5,689,0.239,-4.0969,-2822.74,30m,train,0.4,1116
8.0,2.0,689,0.216,-5.1014,-3514.85,30m,train,0.4,1116
10.0,0.25,689,0.43,-0.1266,-87.2,30m,train,0.4,1116
10.0,0.5,689,0.334,-0.9701,-668.43,30m,train,0.4,1116
10.0,0.75,689,0.286,-1.8453,-1271.44,30m,train,0.4,1116
10.0,1.0,689,0.264,-2.6003,-1791.58,30m,train,0.4,1116
10.0,1.5,689,0.226,-3.9182,-2699.64,30m,train,0.4,1116
10.0,2.0,689,0.197,-4.9276,-3395.14,30m,train,0.4,1116
12.0,0.25,689,0.43,-0.0886,-61.02,30m,train,0.4,1116
12.0,0.5,689,0.334,-0.833,-573.91,30m,train,0.4,1116
12.0,0.75,689,0.284,-1.723,-1187.13,30m,train,0.4,1116
12.0,1.0,689,0.263,-2.456,-1692.17,30m,train,0.4,1116
12.0,1.5,689,0.221,-3.8488,-2651.83,30m,train,0.4,1116
12.0,2.0,689,0.19,-4.9026,-3377.92,30m,train,0.4,1116
15.0,0.25,689,0.43,-0.0653,-44.97,30m,train,0.4,1116
15.0,0.5,689,0.334,-0.7735,-532.96,30m,train,0.4,1116
15.0,0.75,689,0.283,-1.5853,-1092.25,30m,train,0.4,1116
15.0,1.0,689,0.261,-2.258,-1555.77,30m,train,0.4,1116
15.0,1.5,689,0.219,-3.6211,-2494.93,30m,train,0.4,1116
15.0,2.0,689,0.189,-4.6592,-3210.18,30m,train,0.4,1116
20.0,0.25,689,0.43,-0.0653,-45.0,30m,train,0.4,1116
20.0,0.5,689,0.334,-0.76,-523.64,30m,train,0.4,1116
20.0,0.75,689,0.28,-1.6081,-1107.97,30m,train,0.4,1116
20.0,1.0,689,0.257,-2.2835,-1573.36,30m,train,0.4,1116
20.0,1.5,689,0.212,-3.6102,-2487.46,30m,train,0.4,1116
20.0,2.0,689,0.18,-4.7423,-3267.46,30m,train,0.4,1116
5.0,0.25,686,0.453,-0.3546,-243.24,30m,train,0.425,1116
5.0,0.5,686,0.364,-1.665,-1142.17,30m,train,0.425,1116
5.0,0.75,686,0.322,-2.5946,-1779.89,30m,train,0.425,1116
5.0,1.0,686,0.297,-3.3213,-2278.39,30m,train,0.425,1116
5.0,1.5,686,0.271,-4.4756,-3070.26,30m,train,0.425,1116
5.0,2.0,686,0.252,-5.5379,-3799.0,30m,train,0.425,1116
6.0,0.25,686,0.443,-0.32,-219.52,30m,train,0.425,1116
6.0,0.5,686,0.351,-1.5841,-1086.72,30m,train,0.425,1116
6.0,0.75,686,0.308,-2.4812,-1702.11,30m,train,0.425,1116
6.0,1.0,686,0.287,-3.2381,-2221.36,30m,train,0.425,1116
6.0,1.5,686,0.258,-4.4877,-3078.56,30m,train,0.425,1116
6.0,2.0,686,0.236,-5.5759,-3825.1,30m,train,0.425,1116
7.0,0.25,686,0.437,-0.2453,-168.3,30m,train,0.425,1116
7.0,0.5,686,0.344,-1.4016,-961.52,30m,train,0.425,1116
7.0,0.75,686,0.3,-2.3138,-1587.29,30m,train,0.425,1116
7.0,1.0,686,0.278,-3.0556,-2096.15,30m,train,0.425,1116
7.0,1.5,686,0.246,-4.2873,-2941.11,30m,train,0.425,1116
7.0,2.0,686,0.227,-5.3726,-3685.63,30m,train,0.425,1116
8.0,0.25,686,0.436,-0.18,-123.5,30m,train,0.425,1116
8.0,0.5,686,0.341,-1.2236,-839.39,30m,train,0.425,1116
8.0,0.75,686,0.297,-2.1045,-1443.69,30m,train,0.425,1116
8.0,1.0,686,0.276,-2.8247,-1937.75,30m,train,0.425,1116
8.0,1.5,686,0.243,-4.0354,-2768.27,30m,train,0.425,1116
8.0,2.0,686,0.222,-5.102,-3500.0,30m,train,0.425,1116
10.0,0.25,686,0.43,-0.1298,-89.05,30m,train,0.425,1116
10.0,0.5,686,0.335,-0.9651,-662.03,30m,train,0.425,1116
10.0,0.75,686,0.289,-1.8445,-1265.31,30m,train,0.425,1116
10.0,1.0,686,0.264,-2.5985,-1782.6,30m,train,0.425,1116
10.0,1.5,686,0.227,-3.9219,-2690.46,30m,train,0.425,1116
10.0,2.0,686,0.198,-5.0005,-3430.33,30m,train,0.425,1116
12.0,0.25,686,0.43,-0.0831,-57.01,30m,train,0.425,1116
12.0,0.5,686,0.335,-0.8128,-557.59,30m,train,0.425,1116
12.0,0.75,686,0.287,-1.6821,-1153.89,30m,train,0.425,1116
12.0,1.0,686,0.262,-2.3931,-1641.7,30m,train,0.425,1116
12.0,1.5,686,0.223,-3.7217,-2553.05,30m,train,0.425,1116
12.0,2.0,686,0.195,-4.8138,-3302.24,30m,train,0.425,1116
15.0,0.25,686,0.43,-0.0537,-36.84,30m,train,0.425,1116
15.0,0.5,686,0.335,-0.7433,-509.87,30m,train,0.425,1116
15.0,0.75,686,0.286,-1.5476,-1061.68,30m,train,0.425,1116
15.0,1.0,686,0.261,-2.1928,-1504.24,30m,train,0.425,1116
15.0,1.5,686,0.22,-3.5374,-2426.64,30m,train,0.425,1116
15.0,2.0,686,0.191,-4.6261,-3173.53,30m,train,0.425,1116
20.0,0.25,686,0.43,-0.0532,-36.47,30m,train,0.425,1116
20.0,0.5,686,0.335,-0.7295,-500.46,30m,train,0.425,1116
20.0,0.75,686,0.283,-1.5823,-1085.45,30m,train,0.425,1116
20.0,1.0,686,0.257,-2.2412,-1537.48,30m,train,0.425,1116
20.0,1.5,686,0.213,-3.5614,-2443.13,30m,train,0.425,1116
20.0,2.0,686,0.182,-4.7488,-3257.69,30m,train,0.425,1116
5.0,0.25,685,0.454,-0.3531,-241.85,30m,train,0.45,1116
5.0,0.5,685,0.364,-1.6749,-1147.33,30m,train,0.45,1116
5.0,0.75,685,0.324,-2.5769,-1765.16,30m,train,0.45,1116
5.0,1.0,685,0.299,-3.297,-2258.42,30m,train,0.45,1116
5.0,1.5,685,0.274,-4.4518,-3049.51,30m,train,0.45,1116
5.0,2.0,685,0.254,-5.5154,-3778.04,30m,train,0.45,1116
6.0,0.25,685,0.448,-0.215,-147.24,30m,train,0.45,1116
6.0,0.5,685,0.355,-1.488,-1019.3,30m,train,0.45,1116
6.0,0.75,685,0.312,-2.3874,-1635.35,30m,train,0.45,1116
6.0,1.0,685,0.292,-3.1443,-2153.83,30m,train,0.45,1116
6.0,1.5,685,0.264,-4.3953,-3010.81,30m,train,0.45,1116
6.0,2.0,685,0.239,-5.487,-3758.58,30m,train,0.45,1116
7.0,0.25,685,0.439,-0.2276,-155.89,30m,train,0.45,1116
7.0,0.5,685,0.345,-1.3941,-954.97,30m,train,0.45,1116
7.0,0.75,685,0.302,-2.3221,-1590.64,30m,train,0.45,1116
7.0,1.0,685,0.282,-3.0699,-2102.87,30m,train,0.45,1116
7.0,1.5,685,0.251,-4.3162,-2956.6,30m,train,0.45,1116
7.0,2.0,685,0.229,-5.4045,-3702.09,30m,train,0.45,1116
8.0,0.25,685,0.438,-0.1505,-103.1,30m,train,0.45,1116
8.0,0.5,685,0.342,-1.2183,-834.53,30m,train,0.45,1116
8.0,0.75,685,0.299,-2.0973,-1436.65,30m,train,0.45,1116
8.0,1.0,685,0.277,-2.8123,-1926.46,30m,train,0.45,1116
8.0,1.5,685,0.247,-4.0179,-2752.25,30m,train,0.45,1116
8.0,2.0,685,0.225,-5.0819,-3481.11,30m,train,0.45,1116
10.0,0.25,685,0.432,-0.0891,-61.01,30m,train,0.45,1116
10.0,0.5,685,0.336,-0.9406,-644.33,30m,train,0.45,1116
10.0,0.75,685,0.291,-1.8297,-1253.32,30m,train,0.45,1116
10.0,1.0,685,0.266,-2.5682,-1759.22,30m,train,0.45,1116
10.0,1.5,685,0.229,-3.886,-2661.88,30m,train,0.45,1116
10.0,2.0,685,0.197,-4.962,-3398.99,30m,train,0.45,1116
12.0,0.25,685,0.432,-0.0493,-33.76,30m,train,0.45,1116
12.0,0.5,685,0.336,-0.8097,-554.67,30m,train,0.45,1116
12.0,0.75,685,0.289,-1.7097,-1171.12,30m,train,0.45,1116
12.0,1.0,685,0.264,-2.4244,-1660.72,30m,train,0.45,1116
12.0,1.5,685,0.225,-3.7324,-2556.72,30m,train,0.45,1116
12.0,2.0,685,0.194,-4.7926,-3282.95,30m,train,0.45,1116
15.0,0.25,685,0.432,-0.012,-8.19,30m,train,0.45,1116
15.0,0.5,685,0.336,-0.7167,-490.91,30m,train,0.45,1116
15.0,0.75,685,0.288,-1.5358,-1052.01,30m,train,0.45,1116
15.0,1.0,685,0.263,-2.1574,-1477.85,30m,train,0.45,1116
15.0,1.5,685,0.222,-3.495,-2394.07,30m,train,0.45,1116
15.0,2.0,685,0.19,-4.5881,-3142.84,30m,train,0.45,1116
20.0,0.25,685,0.432,-0.0112,-7.7,30m,train,0.45,1116
20.0,0.5,685,0.336,-0.6994,-479.08,30m,train,0.45,1116
20.0,0.75,685,0.286,-1.5075,-1032.6,30m,train,0.45,1116
20.0,1.0,685,0.26,-2.1387,-1464.98,30m,train,0.45,1116
20.0,1.5,685,0.218,-3.428,-2348.18,30m,train,0.45,1116
20.0,2.0,685,0.182,-4.5886,-3143.21,30m,train,0.45,1116
5.0,0.25,683,0.452,-0.4064,-277.6,30m,train,0.475,1116
5.0,0.5,683,0.362,-1.7579,-1200.64,30m,train,0.475,1116
5.0,0.75,683,0.322,-2.6323,-1797.84,30m,train,0.475,1116
5.0,1.0,683,0.297,-3.3459,-2285.28,30m,train,0.475,1116
5.0,1.5,683,0.274,-4.4938,-3069.29,30m,train,0.475,1116
5.0,2.0,683,0.25,-5.5535,-3793.04,30m,train,0.475,1116
6.0,0.25,683,0.447,-0.274,-187.15,30m,train,0.475,1116
6.0,0.5,683,0.354,-1.5855,-1082.91,30m,train,0.475,1116
6.0,0.75,683,0.31,-2.5017,-1708.64,30m,train,0.475,1116
6.0,1.0,683,0.29,-3.2613,-2227.46,30m,train,0.475,1116
6.0,1.5,683,0.262,-4.506,-3077.63,30m,train,0.475,1116
6.0,2.0,683,0.236,-5.5915,-3819.01,30m,train,0.475,1116
7.0,0.25,683,0.438,-0.2633,-179.86,30m,train,0.475,1116
7.0,0.5,683,0.344,-1.4498,-990.21,30m,train,0.475,1116
7.0,0.75,683,0.302,-2.3254,-1588.24,30m,train,0.475,1116
7.0,1.0,683,0.283,-3.0763,-2101.09,30m,train,0.475,1116
7.0,1.5,683,0.253,-4.3254,-2954.23,30m,train,0.475,1116
7.0,2.0,683,0.231,-5.4149,-3698.35,30m,train,0.475,1116
8.0,0.25,683,0.436,-0.2048,-139.86,30m,train,0.475,1116
8.0,0.5,683,0.341,-1.3119,-896.06,30m,train,0.475,1116
8.0,0.75,683,0.297,-2.1985,-1501.58,30m,train,0.475,1116
8.0,1.0,683,0.275,-2.9259,-1998.39,30m,train,0.475,1116
8.0,1.5,683,0.245,-4.1481,-2833.16,30m,train,0.475,1116
8.0,2.0,683,0.221,-5.22,-3565.28,30m,train,0.475,1116
10.0,0.25,683,0.432,-0.0987,-67.39,30m,train,0.475,1116
10.0,0.5,683,0.337,-0.9822,-670.86,30m,train,0.475,1116
10.0,0.75,683,0.29,-1.8734,-1279.51,30m,train,0.475,1116
10.0,1.0,683,0.265,-2.615,-1786.07,30m,train,0.475,1116
10.0,1.5,683,0.225,-3.977,-2716.28,30m,train,0.475,1116
10.0,2.0,683,0.192,-5.072,-3464.17,30m,train,0.475,1116
12.0,0.25,683,0.43,-0.0774,-52.84,30m,train,0.475,1116
12.0,0.5,683,0.335,-0.8613,-588.25,30m,train,0.475,1116
12.0,0.75,683,0.288,-1.7002,-1161.26,30m,train,0.475,1116
12.0,1.0,683,0.264,-2.4172,-1650.96,30m,train,0.475,1116
12.0,1.5,683,0.223,-3.7638,-2570.69,30m,train,0.475,1116
12.0,2.0,683,0.192,-4.8373,-3303.89,30m,train,0.475,1116
15.0,0.25,683,0.43,-0.0396,-27.07,30m,train,0.475,1116
15.0,0.5,683,0.334,-0.8113,-554.13,30m,train,0.475,1116
15.0,0.75,683,0.286,-1.5883,-1084.8,30m,train,0.475,1116
15.0,1.0,683,0.261,-2.2175,-1514.58,30m,train,0.475,1116
15.0,1.5,683,0.217,-3.6068,-2463.46,30m,train,0.475,1116
15.0,2.0,683,0.184,-4.7216,-3224.88,30m,train,0.475,1116
20.0,0.25,683,0.43,-0.039,-26.64,30m,train,0.475,1116
20.0,0.5,683,0.334,-0.7961,-543.72,30m,train,0.475,1116
20.0,0.75,683,0.284,-1.5629,-1067.45,30m,train,0.475,1116
20.0,1.0,683,0.258,-2.204,-1505.3,30m,train,0.475,1116
20.0,1.5,683,0.212,-3.5503,-2424.84,30m,train,0.475,1116
20.0,2.0,683,0.177,-4.7406,-3237.83,30m,train,0.475,1116
5.0,0.25,679,0.455,-0.4424,-300.38,30m,train,0.5,1116
5.0,0.5,679,0.367,-1.7969,-1220.08,30m,train,0.5,1116
5.0,0.75,679,0.323,-2.6878,-1824.99,30m,train,0.5,1116
5.0,1.0,679,0.299,-3.417,-2320.17,30m,train,0.5,1116
5.0,1.5,679,0.278,-4.5692,-3102.52,30m,train,0.5,1116
5.0,2.0,679,0.259,-5.6279,-3821.35,30m,train,0.5,1116
6.0,0.25,679,0.449,-0.2553,-173.34,30m,train,0.5,1116
6.0,0.5,679,0.361,-1.5468,-1050.27,30m,train,0.5,1116
6.0,0.75,679,0.312,-2.4746,-1680.27,30m,train,0.5,1116
6.0,1.0,679,0.292,-3.2471,-2204.76,30m,train,0.5,1116
6.0,1.5,679,0.264,-4.5082,-3061.09,30m,train,0.5,1116
6.0,2.0,679,0.24,-5.5937,-3798.1,30m,train,0.5,1116
7.0,0.25,679,0.44,-0.2385,-161.95,30m,train,0.5,1116
7.0,0.5,679,0.351,-1.4364,-975.31,30m,train,0.5,1116
7.0,0.75,679,0.302,-2.3315,-1583.06,30m,train,0.5,1116
7.0,1.0,679,0.283,-3.0947,-2101.27,30m,train,0.5,1116
7.0,1.5,679,0.252,-4.3602,-2960.61,30m,train,0.5,1116
7.0,2.0,679,0.233,-5.4598,-3707.23,30m,train,0.5,1116
8.0,0.25,679,0.44,-0.1582,-107.42,30m,train,0.5,1116
8.0,0.5,679,0.349,-1.2859,-873.14,30m,train,0.5,1116
8.0,0.75,679,0.299,-2.199,-1493.11,30m,train,0.5,1116
8.0,1.0,679,0.277,-2.9589,-2009.11,30m,train,0.5,1116
8.0,1.5,679,0.244,-4.2009,-2852.43,30m,train,0.5,1116
8.0,2.0,679,0.224,-5.2912,-3592.71,30m,train,0.5,1116
10.0,0.25,679,0.434,-0.077,-52.3,30m,train,0.5,1116
10.0,0.5,679,0.343,-0.97,-658.61,30m,train,0.5,1116
10.0,0.75,679,0.29,-1.8734,-1272.03,30m,train,0.5,1116
10.0,1.0,679,0.265,-2.6389,-1791.79,30m,train,0.5,1116
10.0,1.5,679,0.224,-4.027,-2734.34,30m,train,0.5,1116
10.0,2.0,679,0.193,-5.099,-3462.23,30m,train,0.5,1116
12.0,0.25,679,0.433,-0.0512,-34.77,30m,train,0.5,1116
12.0,0.5,679,0.342,-0.8288,-562.77,30m,train,0.5,1116
12.0,0.75,679,0.289,-1.6724,-1135.53,30m,train,0.5,1116
12.0,1.0,679,0.264,-2.414,-1639.13,30m,train,0.5,1116
12.0,1.5,679,0.221,-3.787,-2571.38,30m,train,0.5,1116
12.0,2.0,679,0.193,-4.8771,-3311.55,30m,train,0.5,1116
15.0,0.25,679,0.433,-0.013,-8.85,30m,train,0.5,1116
15.0,0.5,679,0.34,-0.781,-530.29,30m,train,0.5,1116
15.0,0.75,679,0.286,-1.5684,-1064.91,30m,train,0.5,1116
15.0,1.0,679,0.261,-2.2224,-1509.0,30m,train,0.5,1116
15.0,1.5,679,0.215,-3.6163,-2455.48,30m,train,0.5,1116
15.0,2.0,679,0.186,-4.7342,-3214.54,30m,train,0.5,1116
20.0,0.25,679,0.433,-0.0126,-8.56,30m,train,0.5,1116
20.0,0.5,679,0.34,-0.7644,-519.03,30m,train,0.5,1116
20.0,0.75,679,0.284,-1.5375,-1043.97,30m,train,0.5,1116
20.0,1.0,679,0.258,-2.2028,-1495.68,30m,train,0.5,1116
20.0,1.5,679,0.211,-3.5657,-2421.11,30m,train,0.5,1116
20.0,2.0,679,0.178,-4.768,-3237.45,30m,train,0.5,1116
5.0,0.25,676,0.46,-0.4066,-274.84,30m,train,0.525,1116
5.0,0.5,676,0.368,-1.7147,-1159.16,30m,train,0.525,1116
5.0,0.75,676,0.322,-2.6557,-1795.23,30m,train,0.525,1116
5.0,1.0,676,0.299,-3.37,-2278.11,30m,train,0.525,1116
5.0,1.5,676,0.275,-4.5191,-3054.92,30m,train,0.525,1116
5.0,2.0,676,0.259,-5.5759,-3769.32,30m,train,0.525,1116
6.0,0.25,676,0.454,-0.2309,-156.1,30m,train,0.525,1116
6.0,0.5,676,0.362,-1.4492,-979.63,30m,train,0.525,1116
6.0,0.75,676,0.312,-2.4299,-1642.58,30m,train,0.525,1116
6.0,1.0,676,0.291,-3.1713,-2143.8,30m,train,0.525,1116
6.0,1.5,676,0.263,-4.3964,-2971.94,30m,train,0.525,1116
6.0,2.0,676,0.244,-5.4725,-3699.4,30m,train,0.525,1116
7.0,0.25,676,0.445,-0.2099,-141.86,30m,train,0.525,1116
7.0,0.5,676,0.352,-1.3418,-907.04,30m,train,0.525,1116
7.0,0.75,676,0.302,-2.2861,-1545.4,30m,train,0.525,1116
7.0,1.0,676,0.283,-3.0458,-2058.96,30m,train,0.525,1116
7.0,1.5,676,0.251,-4.2963,-2904.29,30m,train,0.525,1116
7.0,2.0,676,0.235,-5.3962,-3647.86,30m,train,0.525,1116
8.0,0.25,676,0.445,-0.1213,-82.01,30m,train,0.525,1116
8.0,0.5,676,0.352,-1.1973,-809.36,30m,train,0.525,1116
8.0,0.75,676,0.3,-2.1503,-1453.62,30m,train,0.525,1116
8.0,1.0,676,0.278,-2.8836,-1949.33,30m,train,0.525,1116
8.0,1.5,676,0.244,-4.0998,-2771.46,30m,train,0.525,1116
8.0,2.0,676,0.226,-5.1902,-3508.6,30m,train,0.525,1116
10.0,0.25,676,0.439,-0.0356,-24.09,30m,train,0.525,1116
10.0,0.5,676,0.346,-0.8786,-593.94,30m,train,0.525,1116
10.0,0.75,676,0.291,-1.8385,-1242.83,30m,train,0.525,1116
10.0,1.0,676,0.266,-2.6008,-1758.17,30m,train,0.525,1116
10.0,1.5,676,0.223,-3.9865,-2694.89,30m,train,0.525,1116
10.0,2.0,676,0.198,-5.0691,-3426.7,30m,train,0.525,1116
12.0,0.25,676,0.438,-0.0223,-15.07,30m,train,0.525,1116
12.0,0.5,676,0.343,-0.7438,-502.83,30m,train,0.525,1116
12.0,0.75,676,0.288,-1.6549,-1118.7,30m,train,0.525,1116
12.0,1.0,676,0.263,-2.4044,-1625.35,30m,train,0.525,1116
12.0,1.5,676,0.219,-3.7894,-2561.63,30m,train,0.525,1116
12.0,2.0,676,0.197,-4.8821,-3300.28,30m,train,0.525,1116
15.0,0.25,676,0.438,0.0121,8.15,30m,train,0.525,1116
15.0,0.5,676,0.342,-0.6817,-460.81,30m,train,0.525,1116
15.0,0.75,676,0.287,-1.5167,-1025.32,30m,train,0.525,1116
15.0,1.0,676,0.262,-2.1673,-1465.11,30m,train,0.525,1116
15.0,1.5,676,0.214,-3.5577,-2404.99,30m,train,0.525,1116
15.0,2.0,676,0.191,-4.6801,-3163.74,30m,train,0.525,1116
20.0,0.25,676,0.438,0.0206,13.92,30m,train,0.525,1116
20.0,0.5,676,0.342,-0.6714,-453.9,30m,train,0.525,1116
20.0,0.75,676,0.283,-1.492,-1008.59,30m,train,0.525,1116
20.0,1.0,676,0.257,-2.1501,-1453.5,30m,train,0.525,1116
20.0,1.5,676,0.209,-3.5029,-2367.95,30m,train,0.525,1116
20.0,2.0,676,0.182,-4.7044,-3180.16,30m,train,0.525,1116
5.0,0.25,673,0.459,-0.4657,-313.44,30m,train,0.55,1116
5.0,0.5,673,0.367,-1.743,-1173.02,30m,train,0.55,1116
5.0,0.75,673,0.324,-2.657,-1788.16,30m,train,0.55,1116
5.0,1.0,673,0.299,-3.3594,-2260.9,30m,train,0.55,1116
5.0,1.5,673,0.275,-4.4993,-3028.04,30m,train,0.55,1116
5.0,2.0,673,0.257,-5.5502,-3735.27,30m,train,0.55,1116
6.0,0.25,673,0.455,-0.277,-186.44,30m,train,0.55,1116
6.0,0.5,673,0.361,-1.5263,-1027.18,30m,train,0.55,1116
6.0,0.75,673,0.315,-2.4739,-1664.93,30m,train,0.55,1116
6.0,1.0,673,0.293,-3.2054,-2157.25,30m,train,0.55,1116
6.0,1.5,673,0.264,-4.4249,-2977.99,30m,train,0.55,1116
6.0,2.0,673,0.245,-5.4978,-3700.03,30m,train,0.55,1116
7.0,0.25,673,0.446,-0.2576,-173.33,30m,train,0.55,1116
7.0,0.5,673,0.351,-1.4097,-948.74,30m,train,0.55,1116
7.0,0.75,673,0.305,-2.3353,-1571.63,30m,train,0.55,1116
7.0,1.0,673,0.284,-3.1034,-2088.57,30m,train,0.55,1116
7.0,1.5,673,0.253,-4.3631,-2936.38,30m,train,0.55,1116
7.0,2.0,673,0.235,-5.4611,-3675.33,30m,train,0.55,1116
8.0,0.25,673,0.446,-0.1662,-111.87,30m,train,0.55,1116
8.0,0.5,673,0.351,-1.2511,-841.99,30m,train,0.55,1116
8.0,0.75,673,0.303,-2.1955,-1477.56,30m,train,0.55,1116
8.0,1.0,673,0.279,-2.9399,-1978.57,30m,train,0.55,1116
8.0,1.5,673,0.247,-4.18,-2813.16,30m,train,0.55,1116
8.0,2.0,673,0.226,-5.2774,-3551.71,30m,train,0.55,1116
10.0,0.25,673,0.438,-0.0897,-60.34,30m,train,0.55,1116
10.0,0.5,673,0.343,-0.9499,-639.25,30m,train,0.55,1116
10.0,0.75,673,0.293,-1.879,-1264.6,30m,train,0.55,1116
10.0,1.0,673,0.266,-2.6504,-1783.74,30m,train,0.55,1116
10.0,1.5,673,0.226,-4.0007,-2692.5,30m,train,0.55,1116
10.0,2.0,673,0.199,-5.0862,-3423.01,30m,train,0.55,1116
12.0,0.25,673,0.437,-0.0802,-53.99,30m,train,0.55,1116
12.0,0.5,673,0.34,-0.8158,-549.04,30m,train,0.55,1116
12.0,0.75,673,0.29,-1.723,-1159.61,30m,train,0.55,1116
12.0,1.0,673,0.263,-2.4842,-1671.84,30m,train,0.55,1116
12.0,1.5,673,0.221,-3.8571,-2595.85,30m,train,0.55,1116
12.0,2.0,673,0.195,-4.9481,-3330.05,30m,train,0.55,1116
15.0,0.25,673,0.437,-0.0406,-27.32,30m,train,0.55,1116
15.0,0.5,673,0.339,-0.739,-497.35,30m,train,0.55,1116
15.0,0.75,673,0.288,-1.5683,-1055.49,30m,train,0.55,1116
15.0,1.0,673,0.262,-2.2386,-1506.61,30m,train,0.55,1116
15.0,1.5,673,0.217,-3.6245,-2439.27,30m,train,0.55,1116
15.0,2.0,673,0.189,-4.753,-3198.79,30m,train,0.55,1116
20.0,0.25,673,0.437,-0.0319,-21.47,30m,train,0.55,1116
20.0,0.5,673,0.339,-0.7278,-489.8,30m,train,0.55,1116
20.0,0.75,673,0.284,-1.5352,-1033.19,30m,train,0.55,1116
20.0,1.0,673,0.257,-2.2038,-1483.14,30m,train,0.55,1116
20.0,1.5,673,0.211,-3.5356,-2379.48,30m,train,0.55,1116
20.0,2.0,673,0.18,-4.7361,-3187.43,30m,train,0.55,1116
5.0,0.25,672,0.464,-0.4065,-273.19,30m,train,0.575,1116
5.0,0.5,672,0.369,-1.715,-1152.45,30m,train,0.575,1116
5.0,0.75,672,0.327,-2.607,-1751.89,30m,train,0.575,1116
5.0,1.0,672,0.302,-3.3139,-2226.95,30m,train,0.575,1116
5.0,1.5,672,0.278,-4.4592,-2996.57,30m,train,0.575,1116
5.0,2.0,672,0.259,-5.5063,-3700.2,30m,train,0.575,1116
6.0,0.25,672,0.458,-0.2573,-172.89,30m,train,0.575,1116
6.0,0.5,672,0.362,-1.5566,-1046.05,30m,train,0.575,1116
6.0,0.75,672,0.318,-2.4938,-1675.83,30m,train,0.575,1116
6.0,1.0,672,0.296,-3.226,-2167.89,30m,train,0.575,1116
6.0,1.5,672,0.274,-4.3794,-2942.98,30m,train,0.575,1116
6.0,2.0,672,0.253,-5.4386,-3654.74,30m,train,0.575,1116
7.0,0.25,672,0.449,-0.2072,-139.24,30m,train,0.575,1116
7.0,0.5,672,0.351,-1.4047,-943.97,30m,train,0.575,1116
7.0,0.75,672,0.305,-2.3407,-1572.95,30m,train,0.575,1116
7.0,1.0,672,0.284,-3.1097,-2089.69,30m,train,0.575,1116
7.0,1.5,672,0.256,-4.3712,-2937.45,30m,train,0.575,1116
7.0,2.0,672,0.235,-5.4709,-3676.45,30m,train,0.575,1116
8.0,0.25,672,0.449,-0.0932,-62.6,30m,train,0.575,1116
8.0,0.5,672,0.351,-1.2101,-813.16,30m,train,0.575,1116
8.0,0.75,672,0.304,-2.1798,-1464.83,30m,train,0.575,1116
8.0,1.0,672,0.281,-2.9375,-1973.98,30m,train,0.575,1116
8.0,1.5,672,0.251,-4.1912,-2816.48,30m,train,0.575,1116
8.0,2.0,672,0.228,-5.2931,-3556.96,30m,train,0.575,1116
10.0,0.25,672,0.443,-0.0077,-5.17,30m,train,0.575,1116
10.0,0.5,672,0.345,-0.9124,-613.1,30m,train,0.575,1116
10.0,0.75,672,0.295,-1.8978,-1275.3,30m,train,0.575,1116
10.0,1.0,672,0.268,-2.6658,-1791.43,30m,train,0.575,1116
10.0,1.5,672,0.231,-3.9577,-2659.55,30m,train,0.575,1116
10.0,2.0,672,0.202,-5.0346,-3383.27,30m,train,0.575,1116
12.0,0.25,672,0.44,-0.0188,-12.65,30m,train,0.575,1116
12.0,0.5,672,0.341,-0.7713,-518.32,30m,train,0.575,1116
12.0,0.75,672,0.29,-1.7036,-1144.81,30m,train,0.575,1116
12.0,1.0,672,0.263,-2.4618,-1654.34,30m,train,0.575,1116
12.0,1.5,672,0.225,-3.7601,-2526.81,30m,train,0.575,1116
12.0,2.0,672,0.196,-4.8418,-3253.69,30m,train,0.575,1116
15.0,0.25,672,0.44,0.0242,16.28,30m,train,0.575,1116
15.0,0.5,672,0.339,-0.6895,-463.36,30m,train,0.575,1116
15.0,0.75,672,0.289,-1.5536,-1044.02,30m,train,0.575,1116
15.0,1.0,672,0.262,-2.2336,-1501.0,30m,train,0.575,1116
15.0,1.5,672,0.22,-3.565,-2395.65,30m,train,0.575,1116
15.0,2.0,672,0.19,-4.6854,-3148.56,30m,train,0.575,1116
20.0,0.25,672,0.44,0.0332,22.29,30m,train,0.575,1116
20.0,0.5,672,0.339,-0.6757,-454.08,30m,train,0.575,1116
20.0,0.75,672,0.284,-1.5028,-1009.88,30m,train,0.575,1116
20.0,1.0,672,0.257,-2.1714,-1459.19,30m,train,0.575,1116
20.0,1.5,672,0.214,-3.4453,-2315.25,30m,train,0.575,1116
20.0,2.0,672,0.182,-4.6378,-3116.59,30m,train,0.575,1116
5.0,0.25,670,0.466,-0.3556,-238.28,30m,train,0.6,1116
5.0,0.5,670,0.372,-1.6808,-1126.13,30m,train,0.6,1116
5.0,0.75,670,0.331,-2.5723,-1723.44,30m,train,0.6,1116
5.0,1.0,670,0.304,-3.2788,-2196.8,30m,train,0.6,1116
5.0,1.5,670,0.281,-4.4234,-2963.67,30m,train,0.6,1116
5.0,2.0,670,0.261,-5.4687,-3664.05,30m,train,0.6,1116
6.0,0.25,670,0.46,-0.2214,-148.32,30m,train,0.6,1116
6.0,0.5,670,0.363,-1.5421,-1033.18,30m,train,0.6,1116
6.0,0.75,670,0.321,-2.4858,-1665.46,30m,train,0.6,1116
6.0,1.0,670,0.296,-3.2221,-2158.83,30m,train,0.6,1116
6.0,1.5,670,0.273,-4.3826,-2936.37,30m,train,0.6,1116
6.0,2.0,670,0.254,-5.4411,-3645.54,30m,train,0.6,1116
7.0,0.25,670,0.451,-0.1836,-123.04,30m,train,0.6,1116
7.0,0.5,670,0.352,-1.3711,-918.65,30m,train,0.6,1116
7.0,0.75,670,0.307,-2.3078,-1546.25,30m,train,0.6,1116
7.0,1.0,670,0.284,-3.0705,-2057.23,30m,train,0.6,1116
7.0,1.5,670,0.257,-4.3159,-2891.64,30m,train,0.6,1116
7.0,2.0,670,0.239,-5.4016,-3619.09,30m,train,0.6,1116
8.0,0.25,670,0.451,-0.0581,-38.92,30m,train,0.6,1116
8.0,0.5,670,0.352,-1.1713,-784.75,30m,train,0.6,1116
8.0,0.75,670,0.306,-2.1395,-1433.46,30m,train,0.6,1116
8.0,1.0,670,0.281,-2.9022,-1944.5,30m,train,0.6,1116
8.0,1.5,670,0.252,-4.1549,-2783.77,30m,train,0.6,1116
8.0,2.0,670,0.231,-5.2541,-3520.25,30m,train,0.6,1116
10.0,0.25,670,0.445,0.0155,10.38,30m,train,0.6,1116
10.0,0.5,670,0.346,-0.8934,-598.55,30m,train,0.6,1116
10.0,0.75,670,0.297,-1.8507,-1239.96,30m,train,0.6,1116
10.0,1.0,670,0.267,-2.6124,-1750.32,30m,train,0.6,1116
10.0,1.5,670,0.231,-3.9008,-2613.55,30m,train,0.6,1116
10.0,2.0,670,0.206,-4.9822,-3338.09,30m,train,0.6,1116
12.0,0.25,670,0.442,0.022,14.75,30m,train,0.6,1116
12.0,0.5,670,0.342,-0.7258,-486.31,30m,train,0.6,1116
12.0,0.75,670,0.293,-1.6589,-1111.43,30m,train,0.6,1116
12.0,1.0,670,0.263,-2.4232,-1623.53,30m,train,0.6,1116
12.0,1.5,670,0.224,-3.7293,-2498.65,30m,train,0.6,1116
12.0,2.0,670,0.199,-4.8204,-3229.68,30m,train,0.6,1116
15.0,0.25,670,0.442,0.0666,44.59,30m,train,0.6,1116
15.0,0.5,670,0.34,-0.6346,-425.21,30m,train,0.6,1116
15.0,0.75,670,0.291,-1.4912,-999.09,30m,train,0.6,1116
15.0,1.0,670,0.261,-2.1676,-1452.28,30m,train,0.6,1116
15.0,1.5,670,0.219,-3.4947,-2341.46,30m,train,0.6,1116
15.0,2.0,670,0.193,-4.6196,-3095.14,30m,train,0.6,1116
20.0,0.25,670,0.442,0.076,50.93,30m,train,0.6,1116
20.0,0.5,670,0.34,-0.6204,-415.64,30m,train,0.6,1116
20.0,0.75,670,0.287,-1.4189,-950.66,30m,train,0.6,1116
20.0,1.0,670,0.257,-2.0582,-1378.96,30m,train,0.6,1116
20.0,1.5,670,0.213,-3.3071,-2215.78,30m,train,0.6,1116
20.0,2.0,670,0.185,-4.4857,-3005.45,30m,train,0.6,1116
5.0,0.25,664,0.467,-0.3036,-201.6,30m,train,0.625,1116
5.0,0.5,664,0.377,-1.6747,-1112.02,30m,train,0.625,1116
5.0,0.75,664,0.333,-2.5771,-1711.17,30m,train,0.625,1116
5.0,1.0,664,0.309,-3.2871,-2182.61,30m,train,0.625,1116
5.0,1.5,664,0.279,-4.4521,-2956.19,30m,train,0.625,1116
5.0,2.0,664,0.258,-5.4674,-3630.36,30m,train,0.625,1116
6.0,0.25,664,0.461,-0.0628,-41.7,30m,train,0.625,1116
6.0,0.5,664,0.369,-1.404,-932.23,30m,train,0.625,1116
6.0,0.75,664,0.325,-2.3318,-1548.3,30m,train,0.625,1116
6.0,1.0,664,0.303,-3.0508,-2025.73,30m,train,0.625,1116
6.0,1.5,664,0.276,-4.2022,-2790.24,30m,train,0.625,1116
6.0,2.0,664,0.258,-5.2542,-3488.79,30m,train,0.625,1116
7.0,0.25,664,0.452,-0.0311,-20.63,30m,train,0.625,1116
7.0,0.5,664,0.358,-1.2811,-850.66,30m,train,0.625,1116
7.0,0.75,664,0.309,-2.2213,-1474.95,30m,train,0.625,1116
7.0,1.0,664,0.288,-2.9897,-1985.14,30m,train,0.625,1116
7.0,1.5,664,0.255,-4.222,-2803.38,30m,train,0.625,1116
7.0,2.0,664,0.236,-5.2935,-3514.9,30m,train,0.625,1116
8.0,0.25,664,0.452,0.1125,74.73,30m,train,0.625,1116
8.0,0.5,664,0.358,-1.0432,-692.68,30m,train,0.625,1116
8.0,0.75,664,0.31,-1.9718,-1309.31,30m,train,0.625,1116
8.0,1.0,664,0.289,-2.7451,-1822.77,30m,train,0.625,1116
8.0,1.5,664,0.255,-4.0041,-2658.73,30m,train,0.625,1116
8.0,2.0,664,0.233,-5.1047,-3389.52,30m,train,0.625,1116
10.0,0.25,664,0.446,0.1928,128.04,30m,train,0.625,1116
10.0,0.5,664,0.352,-0.7562,-502.09,30m,train,0.625,1116
10.0,0.75,664,0.3,-1.7194,-1141.66,30m,train,0.625,1116
10.0,1.0,664,0.273,-2.4931,-1655.4,30m,train,0.625,1116
10.0,1.5,664,0.23,-3.7953,-2520.09,30m,train,0.625,1116
10.0,2.0,664,0.206,-4.89,-3246.93,30m,train,0.625,1116
12.0,0.25,664,0.443,0.2033,134.96,30m,train,0.625,1116
12.0,0.5,664,0.346,-0.6294,-417.9,30m,train,0.625,1116
12.0,0.75,664,0.294,-1.5629,-1037.73,30m,train,0.625,1116
12.0,1.0,664,0.267,-2.2829,-1515.84,30m,train,0.625,1116
12.0,1.5,664,0.223,-3.5654,-2367.43,30m,train,0.625,1116
12.0,2.0,664,0.199,-4.6007,-3054.88,30m,train,0.625,1116
15.0,0.25,664,0.443,0.2511,166.7,30m,train,0.625,1116
15.0,0.5,664,0.346,-0.4731,-314.13,30m,train,0.625,1116
15.0,0.75,664,0.294,-1.3117,-870.94,30m,train,0.625,1116
15.0,1.0,664,0.267,-1.9639,-1304.03,30m,train,0.625,1116
15.0,1.5,664,0.22,-3.2719,-2172.56,30m,train,0.625,1116
15.0,2.0,664,0.194,-4.3886,-2914.05,30m,train,0.625,1116
20.0,0.25,664,0.443,0.2603,172.84,30m,train,0.625,1116
20.0,0.5,664,0.345,-0.5029,-333.91,30m,train,0.625,1116
20.0,0.75,664,0.288,-1.2828,-851.75,30m,train,0.625,1116
20.0,1.0,664,0.261,-1.8973,-1259.77,30m,train,0.625,1116
20.0,1.5,664,0.212,-3.1319,-2079.56,30m,train,0.625,1116
20.0,2.0,664,0.185,-4.2619,-2829.88,30m,train,0.625,1116
5.0,0.25,657,0.466,-0.2076,-136.41,30m,train,0.65,1116
5.0,0.5,657,0.381,-1.5453,-1015.26,30m,train,0.65,1116
5.0,0.75,657,0.339,-2.4252,-1593.36,30m,train,0.65,1116
5.0,1.0,657,0.312,-3.1233,-2051.98,30m,train,0.65,1116
5.0,1.5,657,0.286,-4.2798,-2811.84,30m,train,0.65,1116
5.0,2.0,657,0.265,-5.2896,-3475.25,30m,train,0.65,1116
6.0,0.25,657,0.461,-0.0003,-0.18,30m,train,0.65,1116
6.0,0.5,657,0.376,-1.277,-838.96,30m,train,0.65,1116
6.0,0.75,657,0.336,-2.1636,-1421.46,30m,train,0.65,1116
6.0,1.0,657,0.309,-2.8726,-1887.28,30m,train,0.65,1116
6.0,1.5,657,0.288,-4.0175,-2639.5,30m,train,0.65,1116
6.0,2.0,657,0.271,-5.0616,-3325.47,30m,train,0.65,1116
7.0,0.25,657,0.452,0.0172,11.3,30m,train,0.65,1116
7.0,0.5,657,0.362,-1.2119,-796.22,30m,train,0.65,1116
7.0,0.75,657,0.314,-2.1669,-1423.64,30m,train,0.65,1116
7.0,1.0,657,0.288,-2.8977,-1903.76,30m,train,0.65,1116
7.0,1.5,657,0.262,-4.1114,-2701.18,30m,train,0.65,1116
7.0,2.0,657,0.245,-5.1753,-3400.17,30m,train,0.65,1116
8.0,0.25,657,0.451,0.1688,110.9,30m,train,0.65,1116
8.0,0.5,657,0.361,-0.9573,-628.95,30m,train,0.65,1116
8.0,0.75,657,0.314,-1.8733,-1230.76,30m,train,0.65,1116
8.0,1.0,657,0.289,-2.6012,-1708.97,30m,train,0.65,1116
8.0,1.5,657,0.26,-3.8389,-2522.16,30m,train,0.65,1116
8.0,2.0,657,0.245,-4.9242,-3235.17,30m,train,0.65,1116
10.0,0.25,657,0.446,0.2761,181.37,30m,train,0.65,1116
10.0,0.5,657,0.356,-0.6349,-417.16,30m,train,0.65,1116
10.0,0.75,657,0.304,-1.6079,-1056.39,30m,train,0.65,1116
10.0,1.0,657,0.274,-2.341,-1538.04,30m,train,0.65,1116
10.0,1.5,657,0.239,-3.5791,-2351.47,30m,train,0.65,1116
10.0,2.0,657,0.218,-4.6657,-3065.39,30m,train,0.65,1116
12.0,0.25,657,0.441,0.2721,178.77,30m,train,0.65,1116
12.0,0.5,657,0.35,-0.4971,-326.57,30m,train,0.65,1116
12.0,0.75,657,0.298,-1.4317,-940.63,30m,train,0.65,1116
12.0,1.0,657,0.268,-2.1023,-1381.2,30m,train,0.65,1116
12.0,1.5,657,0.23,-3.3629,-2209.45,30m,train,0.65,1116
12.0,2.0,657,0.209,-4.4073,-2895.62,30m,train,0.65,1116
15.0,0.25,657,0.441,0.3195,209.92,30m,train,0.65,1116
15.0,0.5,657,0.35,-0.3293,-216.34,30m,train,0.65,1116
15.0,0.75,657,0.298,-1.1723,-770.21,30m,train,0.65,1116
15.0,1.0,657,0.268,-1.7819,-1170.7,30m,train,0.65,1116
15.0,1.5,657,0.228,-3.0472,-2002.01,30m,train,0.65,1116
15.0,2.0,657,0.205,-4.1364,-2717.6,30m,train,0.65,1116
20.0,0.25,657,0.441,0.333,218.75,30m,train,0.65,1116
20.0,0.5,657,0.349,-0.3631,-238.53,30m,train,0.65,1116
20.0,0.75,657,0.292,-1.1443,-751.79,30m,train,0.65,1116
20.0,1.0,657,0.262,-1.705,-1120.19,30m,train,0.65,1116
20.0,1.5,657,0.219,-2.919,-1917.8,30m,train,0.65,1116
20.0,2.0,657,0.195,-4.025,-2644.42,30m,train,0.65,1116
5.0,0.25,652,0.475,-0.137,-89.33,30m,train,0.675,1116
5.0,0.5,652,0.388,-1.4671,-956.53,30m,train,0.675,1116
5.0,0.75,652,0.342,-2.3471,-1530.33,30m,train,0.675,1116
5.0,1.0,652,0.314,-3.0448,-1985.21,30m,train,0.675,1116
5.0,1.5,652,0.287,-4.2013,-2739.27,30m,train,0.675,1116
5.0,2.0,652,0.265,-5.1887,-3383.03,30m,train,0.675,1116
6.0,0.25,652,0.472,0.0725,47.28,30m,train,0.675,1116
6.0,0.5,652,0.383,-1.2126,-790.6,30m,train,0.675,1116
6.0,0.75,652,0.339,-2.0956,-1366.36,30m,train,0.675,1116
6.0,1.0,652,0.313,-2.7943,-1821.86,30m,train,0.675,1116
6.0,1.5,652,0.288,-3.9315,-2563.34,30m,train,0.675,1116
6.0,2.0,652,0.271,-4.9708,-3240.96,30m,train,0.675,1116
7.0,0.25,652,0.465,0.1156,75.35,30m,train,0.675,1116
7.0,0.5,652,0.37,-1.1376,-741.74,30m,train,0.675,1116
7.0,0.75,652,0.319,-2.0793,-1355.68,30m,train,0.675,1116
7.0,1.0,652,0.294,-2.8126,-1833.84,30m,train,0.675,1116
7.0,1.5,652,0.267,-4.0358,-2631.31,30m,train,0.675,1116
7.0,2.0,652,0.25,-5.1011,-3325.91,30m,train,0.675,1116
8.0,0.25,652,0.462,0.246,160.38,30m,train,0.675,1116
8.0,0.5,652,0.367,-0.8823,-575.24,30m,train,0.675,1116
8.0,0.75,652,0.316,-1.794,-1169.7,30m,train,0.675,1116
8.0,1.0,652,0.293,-2.5061,-1634.0,30m,train,0.675,1116
8.0,1.5,652,0.262,-3.724,-2428.07,30m,train,0.675,1116
8.0,2.0,652,0.247,-4.7935,-3125.35,30m,train,0.675,1116
10.0,0.25,652,0.457,0.368,239.95,30m,train,0.675,1116
10.0,0.5,652,0.362,-0.5509,-359.19,30m,train,0.675,1116
10.0,0.75,652,0.31,-1.4649,-955.14,30m,train,0.675,1116
10.0,1.0,652,0.281,-2.1886,-1426.98,30m,train,0.675,1116
10.0,1.5,652,0.245,-3.4277,-2234.83,30m,train,0.675,1116
10.0,2.0,652,0.224,-4.5075,-2938.91,30m,train,0.675,1116
12.0,0.25,652,0.452,0.3693,240.79,30m,train,0.675,1116
12.0,0.5,652,0.356,-0.408,-266.03,30m,train,0.675,1116
12.0,0.75,652,0.301,-1.3166,-858.42,30m,train,0.675,1116
12.0,1.0,652,0.271,-1.9857,-1294.67,30m,train,0.675,1116
12.0,1.5,652,0.232,-3.1939,-2082.44,30m,train,0.675,1116
12.0,2.0,652,0.213,-4.2316,-2758.98,30m,train,0.675,1116
15.0,0.25,652,0.452,0.4181,272.58,30m,train,0.675,1116
15.0,0.5,652,0.356,-0.2242,-146.2,30m,train,0.675,1116
15.0,0.75,652,0.301,-1.0636,-693.47,30m,train,0.675,1116
15.0,1.0,652,0.271,-1.6688,-1088.09,30m,train,0.675,1116
15.0,1.5,652,0.23,-2.9322,-1911.78,30m,train,0.675,1116
15.0,2.0,652,0.207,-4.0265,-2625.28,30m,train,0.675,1116
20.0,0.25,652,0.452,0.4327,282.11,30m,train,0.675,1116
20.0,0.5,652,0.354,-0.2511,-163.72,30m,train,0.675,1116
20.0,0.75,652,0.294,-1.022,-666.37,30m,train,0.675,1116
20.0,1.0,652,0.265,-1.5772,-1028.35,30m,train,0.675,1116
20.0,1.5,652,0.221,-2.8095,-1831.8,30m,train,0.675,1116
20.0,2.0,652,0.196,-3.9297,-2562.19,30m,train,0.675,1116
5.0,0.25,648,0.477,-0.148,-95.89,30m,train,0.7,1116
5.0,0.5,648,0.39,-1.4338,-929.08,30m,train,0.7,1116
5.0,0.75,648,0.349,-2.3177,-1501.88,30m,train,0.7,1116
5.0,1.0,648,0.316,-3.0167,-1954.84,30m,train,0.7,1116
5.0,1.5,648,0.287,-4.169,-2701.51,30m,train,0.7,1116
5.0,2.0,648,0.261,-5.1532,-3339.29,30m,train,0.7,1116
6.0,0.25,648,0.474,0.0566,36.68,30m,train,0.7,1116
6.0,0.5,648,0.386,-1.2552,-813.36,30m,train,0.7,1116
6.0,0.75,648,0.343,-2.1467,-1391.08,30m,train,0.7,1116
6.0,1.0,648,0.312,-2.8525,-1848.43,30m,train,0.7,1116
6.0,1.5,648,0.287,-3.9989,-2591.28,30m,train,0.7,1116
6.0,2.0,648,0.267,-5.0407,-3266.4,30m,train,0.7,1116
7.0,0.25,648,0.463,0.0547,35.43,30m,train,0.7,1116
7.0,0.5,648,0.367,-1.2094,-783.71,30m,train,0.7,1116
7.0,0.75,648,0.319,-2.1571,-1397.83,30m,train,0.7,1116
7.0,1.0,648,0.29,-2.8974,-1877.51,30m,train,0.7,1116
7.0,1.5,648,0.262,-4.1257,-2673.44,30m,train,0.7,1116
7.0,2.0,648,0.245,-5.1916,-3364.17,30m,train,0.7,1116
8.0,0.25,648,0.46,0.1849,119.82,30m,train,0.7,1116
8.0,0.5,648,0.364,-0.9833,-637.21,30m,train,0.7,1116
8.0,0.75,648,0.315,-1.8907,-1225.21,30m,train,0.7,1116
8.0,1.0,648,0.287,-2.6034,-1686.99,30m,train,0.7,1116
8.0,1.5,648,0.258,-3.8225,-2477.01,30m,train,0.7,1116
8.0,2.0,648,0.242,-4.8919,-3169.96,30m,train,0.7,1116
10.0,0.25,648,0.455,0.3315,214.83,30m,train,0.7,1116
10.0,0.5,648,0.36,-0.6402,-414.86,30m,train,0.7,1116
10.0,0.75,648,0.309,-1.5704,-1017.62,30m,train,0.7,1116
10.0,1.0,648,0.275,-2.2806,-1477.82,30m,train,0.7,1116
10.0,1.5,648,0.239,-3.518,-2279.67,30m,train,0.7,1116
10.0,2.0,648,0.219,-4.6004,-2981.09,30m,train,0.7,1116
12.0,0.25,648,0.451,0.3124,202.47,30m,train,0.7,1116
12.0,0.5,648,0.353,-0.5216,-338.01,30m,train,0.7,1116
12.0,0.75,648,0.299,-1.4439,-935.67,30m,train,0.7,1116
12.0,1.0,648,0.265,-2.1033,-1362.95,30m,train,0.7,1116
12.0,1.5,648,0.225,-3.3186,-2150.42,30m,train,0.7,1116
12.0,2.0,648,0.208,-4.3646,-2828.29,30m,train,0.7,1116
15.0,0.25,648,0.451,0.3706,240.13,30m,train,0.7,1116
15.0,0.5,648,0.353,-0.3335,-216.08,30m,train,0.7,1116
15.0,0.75,648,0.299,-1.2057,-781.27,30m,train,0.7,1116
15.0,1.0,648,0.265,-1.8237,-1181.75,30m,train,0.7,1116
15.0,1.5,648,0.224,-3.0612,-1983.65,30m,train,0.7,1116
15.0,2.0,648,0.202,-4.1394,-2682.31,30m,train,0.7,1116
20.0,0.25,648,0.451,0.3867,250.6,30m,train,0.7,1116
20.0,0.5,648,0.352,-0.3522,-228.24,30m,train,0.7,1116
20.0,0.75,648,0.293,-1.1483,-744.09,30m,train,0.7,1116
20.0,1.0,648,0.259,-1.708,-1106.8,30m,train,0.7,1116
20.0,1.5,648,0.215,-2.9696,-1924.29,30m,train,0.7,1116
20.0,2.0,648,0.191,-4.116,-2667.16,30m,train,0.7,1116
5.0,0.25,366,0.437,-0.3415,-124.99,30m,validation,0.3,452
5.0,0.5,366,0.35,-1.8026,-659.75,30m,validation,0.3,452
5.0,0.75,366,0.309,-2.741,-1003.2,30m,validation,0.3,452
5.0,1.0,366,0.29,-3.6716,-1343.79,30m,validation,0.3,452
5.0,1.5,366,0.262,-5.0963,-1865.24,30m,validation,0.3,452
5.0,2.0,366,0.254,-6.3369,-2319.29,30m,validation,0.3,452
6.0,0.25,366,0.434,-0.1768,-64.71,30m,validation,0.3,452
6.0,0.5,366,0.35,-1.4868,-544.15,30m,validation,0.3,452
6.0,0.75,366,0.309,-2.3373,-855.44,30m,validation,0.3,452
6.0,1.0,366,0.281,-3.2241,-1180.02,30m,validation,0.3,452
6.0,1.5,366,0.257,-4.5719,-1673.31,30m,validation,0.3,452
6.0,2.0,366,0.246,-5.7712,-2112.26,30m,validation,0.3,452
7.0,0.25,366,0.421,-0.3827,-140.07,30m,validation,0.3,452
7.0,0.5,366,0.328,-1.5609,-571.29,30m,validation,0.3,452
7.0,0.75,366,0.29,-2.5719,-941.33,30m,validation,0.3,452
7.0,1.0,366,0.254,-3.519,-1287.96,30m,validation,0.3,452
7.0,1.5,366,0.227,-4.8733,-1783.61,30m,validation,0.3,452
7.0,2.0,366,0.221,-6.0664,-2220.32,30m,validation,0.3,452
8.0,0.25,366,0.421,-0.2658,-97.27,30m,validation,0.3,452
8.0,0.5,366,0.322,-1.441,-527.41,30m,validation,0.3,452
8.0,0.75,366,0.284,-2.4069,-880.92,30m,validation,0.3,452
8.0,1.0,366,0.249,-3.3626,-1230.71,30m,validation,0.3,452
8.0,1.5,366,0.213,-4.7026,-1721.14,30m,validation,0.3,452
8.0,2.0,366,0.208,-5.849,-2140.75,30m,validation,0.3,452
10.0,0.25,366,0.421,-0.2401,-87.87,30m,validation,0.3,452
10.0,0.5,366,0.314,-1.3998,-512.32,30m,validation,0.3,452
10.0,0.75,366,0.273,-2.2684,-830.23,30m,validation,0.3,452
10.0,1.0,366,0.235,-3.1326,-1146.52,30m,validation,0.3,452
10.0,1.5,366,0.199,-4.3705,-1599.61,30m,validation,0.3,452
10.0,2.0,366,0.194,-5.4396,-1990.88,30m,validation,0.3,452
12.0,0.25,366,0.421,-0.2212,-80.97,30m,validation,0.3,452
12.0,0.5,366,0.311,-1.4858,-543.79,30m,validation,0.3,452
12.0,0.75,366,0.27,-2.3362,-855.05,30m,validation,0.3,452
12.0,1.0,366,0.227,-3.2235,-1179.81,30m,validation,0.3,452
12.0,1.5,366,0.186,-4.3624,-1596.65,30m,validation,0.3,452
12.0,2.0,366,0.18,-5.5403,-2027.74,30m,validation,0.3,452
15.0,0.25,366,0.418,-0.3613,-132.24,30m,validation,0.3,452
15.0,0.5,366,0.306,-1.5631,-572.09,30m,validation,0.3,452
15.0,0.75,366,0.265,-2.4046,-880.09,30m,validation,0.3,452
15.0,1.0,366,0.219,-3.2089,-1174.45,30m,validation,0.3,452
15.0,1.5,366,0.178,-4.2811,-1566.87,30m,validation,0.3,452
15.0,2.0,366,0.172,-5.3411,-1954.83,30m,validation,0.3,452
20.0,0.25,366,0.418,-0.7866,-287.89,30m,validation,0.3,452
20.0,0.5,366,0.306,-1.9222,-703.52,30m,validation,0.3,452
20.0,0.75,366,0.265,-2.8215,-1032.68,30m,validation,0.3,452
20.0,1.0,366,0.219,-3.6844,-1348.5,30m,validation,0.3,452
20.0,1.5,366,0.175,-4.775,-1747.66,30m,validation,0.3,452
20.0,2.0,366,0.169,-5.7554,-2106.48,30m,validation,0.3,452
5.0,0.25,364,0.44,-0.3486,-126.87,30m,validation,0.325,452
5.0,0.5,364,0.352,-1.862,-677.79,30m,validation,0.325,452
5.0,0.75,364,0.316,-2.8417,-1034.37,30m,validation,0.325,452
5.0,1.0,364,0.288,-3.7936,-1380.87,30m,validation,0.325,452
5.0,1.5,364,0.264,-5.2364,-1906.03,30m,validation,0.325,452
5.0,2.0,364,0.253,-6.4856,-2360.75,30m,validation,0.325,452
6.0,0.25,364,0.437,-0.163,-59.32,30m,validation,0.325,452
6.0,0.5,364,0.352,-1.5254,-555.25,30m,validation,0.325,452
6.0,0.75,364,0.313,-2.4157,-879.31,30m,validation,0.325,452
6.0,1.0,364,0.28,-3.3232,-1209.63,30m,validation,0.325,452
6.0,1.5,364,0.258,-4.6958,-1709.28,30m,validation,0.325,452
6.0,2.0,364,0.245,-5.9118,-2151.91,30m,validation,0.325,452
7.0,0.25,364,0.429,-0.1768,-64.37,30m,validation,0.325,452
7.0,0.5,364,0.335,-1.5044,-547.6,30m,validation,0.325,452
7.0,0.75,364,0.297,-2.4947,-908.08,30m,validation,0.325,452
7.0,1.0,364,0.255,-3.4128,-1242.25,30m,validation,0.325,452
7.0,1.5,364,0.231,-4.7645,-1734.27,30m,validation,0.325,452
7.0,2.0,364,0.223,-5.9586,-2168.92,30m,validation,0.325,452
8.0,0.25,364,0.423,-0.2661,-96.87,30m,validation,0.325,452
8.0,0.5,364,0.327,-1.4661,-533.65,30m,validation,0.325,452
8.0,0.75,364,0.288,-2.4126,-878.2,30m,validation,0.325,452
8.0,1.0,364,0.25,-3.357,-1221.96,30m,validation,0.325,452
8.0,1.5,364,0.22,-4.7135,-1715.71,30m,validation,0.325,452
8.0,2.0,364,0.209,-5.8863,-2142.6,30m,validation,0.325,452
10.0,0.25,364,0.423,-0.2396,-87.23,30m,validation,0.325,452
10.0,0.5,364,0.316,-1.5024,-546.87,30m,validation,0.325,452
10.0,0.75,364,0.275,-2.3393,-851.52,30m,validation,0.325,452
10.0,1.0,364,0.234,-3.1761,-1156.09,30m,validation,0.325,452
10.0,1.5,364,0.203,-4.427,-1611.43,30m,validation,0.325,452
10.0,2.0,364,0.192,-5.5125,-2006.56,30m,validation,0.325,452
12.0,0.25,364,0.423,-0.2306,-83.92,30m,validation,0.325,452
12.0,0.5,364,0.313,-1.6072,-585.01,30m,validation,0.325,452
12.0,0.75,364,0.272,-2.3992,-873.32,30m,validation,0.325,452
12.0,1.0,364,0.225,-3.2454,-1181.32,30m,validation,0.325,452
12.0,1.5,364,0.19,-4.3716,-1591.27,30m,validation,0.325,452
12.0,2.0,364,0.179,-5.5524,-2021.08,30m,validation,0.325,452
15.0,0.25,364,0.42,-0.3611,-131.44,30m,validation,0.325,452
15.0,0.5,364,0.308,-1.6663,-606.55,30m,validation,0.325,452
15.0,0.75,364,0.266,-2.4827,-903.7,30m,validation,0.325,452
15.0,1.0,364,0.217,-3.2676,-1189.4,30m,validation,0.325,452
15.0,1.5,364,0.181,-4.3517,-1584.01,30m,validation,0.325,452
15.0,2.0,364,0.17,-5.4285,-1975.97,30m,validation,0.325,452
20.0,0.25,364,0.42,-0.7887,-287.08,30m,validation,0.325,452
20.0,0.5,364,0.308,-2.0268,-737.75,30m,validation,0.325,452
20.0,0.75,364,0.266,-2.8878,-1051.17,30m,validation,0.325,452
20.0,1.0,364,0.217,-3.6315,-1321.87,30m,validation,0.325,452
20.0,1.5,364,0.179,-4.6618,-1696.9,30m,validation,0.325,452
20.0,2.0,364,0.168,-5.6241,-2047.19,30m,validation,0.325,452
5.0,0.25,363,0.438,-0.2953,-107.18,30m,validation,0.35,452
5.0,0.5,363,0.353,-1.7744,-644.12,30m,validation,0.35,452
5.0,0.75,363,0.322,-2.777,-1008.04,30m,validation,0.35,452
5.0,1.0,363,0.292,-3.748,-1360.52,30m,validation,0.35,452
5.0,1.5,363,0.27,-5.2162,-1893.47,30m,validation,0.35,452
5.0,2.0,363,0.256,-6.4687,-2348.13,30m,validation,0.35,452
6.0,0.25,363,0.435,-0.1075,-39.02,30m,validation,0.35,452
6.0,0.5,363,0.35,-1.4654,-531.95,30m,validation,0.35,452
6.0,0.75,363,0.317,-2.3634,-857.92,30m,validation,0.35,452
6.0,1.0,363,0.281,-3.2719,-1187.71,30m,validation,0.35,452
6.0,1.5,363,0.262,-4.6466,-1686.73,30m,validation,0.35,452
6.0,2.0,363,0.245,-5.8637,-2128.51,30m,validation,0.35,452
7.0,0.25,363,0.43,-0.0723,-26.23,30m,validation,0.35,452
7.0,0.5,363,0.336,-1.3954,-506.51,30m,validation,0.35,452
7.0,0.75,363,0.303,-2.3152,-840.42,30m,validation,0.35,452
7.0,1.0,363,0.259,-3.2215,-1169.42,30m,validation,0.35,452
7.0,1.5,363,0.24,-4.5733,-1660.11,30m,validation,0.35,452
7.0,2.0,363,0.226,-5.7824,-2099.0,30m,validation,0.35,452
8.0,0.25,363,0.421,-0.2111,-76.62,30m,validation,0.35,452
8.0,0.5,363,0.325,-1.4165,-514.17,30m,validation,0.35,452
8.0,0.75,363,0.292,-2.3847,-865.66,30m,validation,0.35,452
8.0,1.0,363,0.251,-3.2949,-1196.06,30m,validation,0.35,452
8.0,1.5,363,0.226,-4.6361,-1682.9,30m,validation,0.35,452
8.0,2.0,363,0.215,-5.805,-2107.2,30m,validation,0.35,452
10.0,0.25,363,0.421,-0.1737,-63.06,30m,validation,0.35,452
10.0,0.5,363,0.314,-1.4265,-517.82,30m,validation,0.35,452
10.0,0.75,363,0.278,-2.2798,-827.55,30m,validation,0.35,452
10.0,1.0,363,0.234,-3.1255,-1134.56,30m,validation,0.35,452
10.0,1.5,363,0.207,-4.3938,-1594.96,30m,validation,0.35,452
10.0,2.0,363,0.193,-5.4946,-1994.56,30m,validation,0.35,452
12.0,0.25,363,0.421,-0.1549,-56.22,30m,validation,0.35,452
12.0,0.5,363,0.311,-1.5336,-556.68,30m,validation,0.35,452
12.0,0.75,363,0.275,-2.3433,-850.62,30m,validation,0.35,452
12.0,1.0,363,0.226,-3.1945,-1159.59,30m,validation,0.35,452
12.0,1.5,363,0.193,-4.3274,-1570.83,30m,validation,0.35,452
12.0,2.0,363,0.179,-5.513,-2001.21,30m,validation,0.35,452
15.0,0.25,363,0.419,-0.2852,-103.54,30m,validation,0.35,452
15.0,0.5,363,0.306,-1.5734,-571.13,30m,validation,0.35,452
15.0,0.75,363,0.27,-2.3887,-867.08,30m,validation,0.35,452
15.0,1.0,363,0.218,-3.1704,-1150.86,30m,validation,0.35,452
15.0,1.5,363,0.185,-4.2537,-1544.08,30m,validation,0.35,452
15.0,2.0,363,0.171,-5.3299,-1934.74,30m,validation,0.35,452
20.0,0.25,363,0.419,-0.714,-259.17,30m,validation,0.35,452
20.0,0.5,363,0.306,-1.9349,-702.36,30m,validation,0.35,452
20.0,0.75,363,0.27,-2.7946,-1014.42,30m,validation,0.35,452
20.0,1.0,363,0.218,-3.5372,-1284.0,30m,validation,0.35,452
20.0,1.5,363,0.182,-4.5731,-1660.03,30m,validation,0.35,452
20.0,2.0,363,0.168,-5.5475,-2013.76,30m,validation,0.35,452
5.0,0.25,363,0.444,-0.1937,-70.32,30m,validation,0.375,452
5.0,0.5,363,0.355,-1.6271,-590.63,30m,validation,0.375,452
5.0,0.75,363,0.328,-2.6176,-950.21,30m,validation,0.375,452
5.0,1.0,363,0.295,-3.5807,-1299.81,30m,validation,0.375,452
5.0,1.5,363,0.273,-5.0412,-1829.96,30m,validation,0.375,452
5.0,2.0,363,0.259,-6.2891,-2282.93,30m,validation,0.375,452
6.0,0.25,363,0.438,-0.1224,-44.43,30m,validation,0.375,452
6.0,0.5,363,0.35,-1.4823,-538.09,30m,validation,0.375,452
6.0,0.75,363,0.32,-2.3992,-870.92,30m,validation,0.375,452
6.0,1.0,363,0.281,-3.317,-1204.08,30m,validation,0.375,452
6.0,1.5,363,0.262,-4.7035,-1707.37,30m,validation,0.375,452
6.0,2.0,363,0.245,-5.927,-2151.49,30m,validation,0.375,452
7.0,0.25,363,0.433,-0.0507,-18.4,30m,validation,0.375,452
7.0,0.5,363,0.336,-1.3722,-498.12,30m,validation,0.375,452
7.0,0.75,363,0.306,-2.3,-834.88,30m,validation,0.375,452
7.0,1.0,363,0.259,-3.2087,-1164.76,30m,validation,0.375,452
7.0,1.5,363,0.24,-4.5642,-1656.81,30m,validation,0.375,452
7.0,2.0,363,0.226,-5.7794,-2097.92,30m,validation,0.375,452
8.0,0.25,363,0.424,-0.1828,-66.37,30m,validation,0.375,452
8.0,0.5,363,0.325,-1.364,-495.14,30m,validation,0.375,452
8.0,0.75,363,0.295,-2.3403,-849.53,30m,validation,0.375,452
8.0,1.0,363,0.251,-3.2469,-1178.62,30m,validation,0.375,452
8.0,1.5,363,0.226,-4.5864,-1664.86,30m,validation,0.375,452
8.0,2.0,363,0.215,-5.7547,-2088.95,30m,validation,0.375,452
10.0,0.25,363,0.424,-0.139,-50.46,30m,validation,0.375,452
10.0,0.5,363,0.314,-1.3569,-492.55,30m,validation,0.375,452
10.0,0.75,363,0.281,-2.2158,-804.35,30m,validation,0.375,452
10.0,1.0,363,0.234,-3.0651,-1112.63,30m,validation,0.375,452
10.0,1.5,363,0.207,-4.2788,-1553.2,30m,validation,0.375,452
10.0,2.0,363,0.193,-5.3582,-1945.02,30m,validation,0.375,452
12.0,0.25,363,0.424,-0.0857,-31.1,30m,validation,0.375,452
12.0,0.5,363,0.311,-1.3981,-507.51,30m,validation,0.375,452
12.0,0.75,363,0.278,-2.1948,-796.71,30m,validation,0.375,452
12.0,1.0,363,0.226,-3.0369,-1102.38,30m,validation,0.375,452
12.0,1.5,363,0.196,-4.1698,-1513.63,30m,validation,0.375,452
12.0,2.0,363,0.182,-5.3733,-1950.51,30m,validation,0.375,452
15.0,0.25,363,0.421,-0.2498,-90.66,30m,validation,0.375,452
15.0,0.5,363,0.306,-1.4991,-544.17,30m,validation,0.375,452
15.0,0.75,363,0.273,-2.318,-841.44,30m,validation,0.375,452
15.0,1.0,363,0.218,-3.0991,-1124.98,30m,validation,0.375,452
15.0,1.5,363,0.185,-4.1893,-1520.73,30m,validation,0.375,452
15.0,2.0,363,0.171,-5.275,-1914.81,30m,validation,0.375,452
20.0,0.25,363,0.421,-0.6785,-246.3,30m,validation,0.375,452
20.0,0.5,363,0.306,-1.8566,-673.94,30m,validation,0.375,452
20.0,0.75,363,0.273,-2.7138,-985.1,30m,validation,0.375,452
20.0,1.0,363,0.218,-3.4543,-1253.89,30m,validation,0.375,452
20.0,1.5,363,0.182,-4.5027,-1634.47,30m,validation,0.375,452
20.0,2.0,363,0.168,-5.498,-1995.76,30m,validation,0.375,452
5.0,0.25,362,0.442,-0.1365,-49.41,30m,validation,0.4,452
5.0,0.5,362,0.356,-1.5646,-566.38,30m,validation,0.4,452
5.0,0.75,362,0.331,-2.5508,-923.4,30m,validation,0.4,452
5.0,1.0,362,0.304,-3.5095,-1270.45,30m,validation,0.4,452
5.0,1.5,362,0.279,-4.9846,-1804.43,30m,validation,0.4,452
5.0,2.0,362,0.268,-6.2364,-2257.56,30m,validation,0.4,452
6.0,0.25,362,0.431,-0.1634,-59.16,30m,validation,0.4,452
6.0,0.5,362,0.345,-1.546,-559.67,30m,validation,0.4,452
6.0,0.75,362,0.318,-2.471,-894.51,30m,validation,0.4,452
6.0,1.0,362,0.282,-3.391,-1227.55,30m,validation,0.4,452
6.0,1.5,362,0.26,-4.7936,-1735.29,30m,validation,0.4,452
6.0,2.0,362,0.246,-6.0256,-2181.28,30m,validation,0.4,452
7.0,0.25,362,0.428,-0.055,-19.9,30m,validation,0.4,452
7.0,0.5,362,0.337,-1.3431,-486.2,30m,validation,0.4,452
7.0,0.75,362,0.309,-2.2317,-807.89,30m,validation,0.4,452
7.0,1.0,362,0.268,-3.133,-1134.13,30m,validation,0.4,452
7.0,1.5,362,0.246,-4.5029,-1630.07,30m,validation,0.4,452
7.0,2.0,362,0.235,-5.7129,-2068.06,30m,validation,0.4,452
8.0,0.25,362,0.417,-0.2279,-82.5,30m,validation,0.4,452
8.0,0.5,362,0.323,-1.4026,-507.73,30m,validation,0.4,452
8.0,0.75,362,0.296,-2.3878,-864.37,30m,validation,0.4,452
8.0,1.0,362,0.254,-3.3017,-1195.22,30m,validation,0.4,452
8.0,1.5,362,0.227,-4.6506,-1683.52,30m,validation,0.4,452
8.0,2.0,362,0.218,-5.8334,-2111.68,30m,validation,0.4,452
10.0,0.25,362,0.417,-0.1819,-65.84,30m,validation,0.4,452
10.0,0.5,362,0.312,-1.4016,-507.37,30m,validation,0.4,452
10.0,0.75,362,0.282,-2.2757,-823.8,30m,validation,0.4,452
10.0,1.0,362,0.238,-3.1364,-1135.38,30m,validation,0.4,452
10.0,1.5,362,0.207,-4.3722,-1582.72,30m,validation,0.4,452
10.0,2.0,362,0.196,-5.4673,-1979.16,30m,validation,0.4,452
12.0,0.25,362,0.417,-0.1301,-47.1,30m,validation,0.4,452
12.0,0.5,362,0.309,-1.4349,-519.45,30m,validation,0.4,452
12.0,0.75,362,0.279,-2.238,-810.15,30m,validation,0.4,452
12.0,1.0,362,0.229,-3.1054,-1124.15,30m,validation,0.4,452
12.0,1.5,362,0.196,-4.3061,-1558.82,30m,validation,0.4,452
12.0,2.0,362,0.185,-5.3568,-1939.17,30m,validation,0.4,452
15.0,0.25,362,0.417,-0.1694,-61.32,30m,validation,0.4,452
15.0,0.5,362,0.307,-1.3986,-506.3,30m,validation,0.4,452
15.0,0.75,362,0.276,-2.2115,-800.56,30m,validation,0.4,452
15.0,1.0,362,0.224,-2.9848,-1080.49,30m,validation,0.4,452
15.0,1.5,362,0.188,-4.0698,-1473.26,30m,validation,0.4,452
15.0,2.0,362,0.177,-5.1535,-1865.55,30m,validation,0.4,452
20.0,0.25,362,0.417,-0.5993,-216.96,30m,validation,0.4,452
20.0,0.5,362,0.307,-1.7596,-636.98,30m,validation,0.4,452
20.0,0.75,362,0.276,-2.6152,-946.68,30m,validation,0.4,452
20.0,1.0,362,0.224,-3.3535,-1213.97,30m,validation,0.4,452
20.0,1.5,362,0.185,-4.4151,-1598.26,30m,validation,0.4,452
20.0,2.0,362,0.174,-5.4389,-1968.88,30m,validation,0.4,452
5.0,0.25,361,0.446,-0.1973,-71.24,30m,validation,0.425,452
5.0,0.5,361,0.355,-1.6544,-597.26,30m,validation,0.425,452
5.0,0.75,361,0.332,-2.6514,-957.17,30m,validation,0.425,452
5.0,1.0,361,0.307,-3.5954,-1297.95,30m,validation,0.425,452
5.0,1.5,361,0.283,-5.0555,-1825.02,30m,validation,0.425,452
5.0,2.0,361,0.266,-6.298,-2273.58,30m,validation,0.425,452
6.0,0.25,361,0.438,-0.0902,-32.55,30m,validation,0.425,452
6.0,0.5,361,0.346,-1.4604,-527.19,30m,validation,0.425,452
6.0,0.75,361,0.321,-2.3953,-864.72,30m,validation,0.425,452
6.0,1.0,361,0.288,-3.3193,-1198.25,30m,validation,0.425,452
6.0,1.5,361,0.266,-4.73,-1707.53,30m,validation,0.425,452
6.0,2.0,361,0.249,-5.9672,-2154.15,30m,validation,0.425,452
7.0,0.25,361,0.432,-0.0372,-13.44,30m,validation,0.425,452
7.0,0.5,361,0.338,-1.3072,-471.88,30m,validation,0.425,452
7.0,0.75,361,0.313,-2.216,-799.97,30m,validation,0.425,452
7.0,1.0,361,0.274,-3.1245,-1127.94,30m,validation,0.425,452
7.0,1.5,361,0.252,-4.5043,-1626.06,30m,validation,0.425,452
7.0,2.0,361,0.235,-5.7224,-2065.79,30m,validation,0.425,452
8.0,0.25,361,0.424,-0.0911,-32.9,30m,validation,0.425,452
8.0,0.5,361,0.327,-1.2342,-445.56,30m,validation,0.425,452
8.0,0.75,361,0.302,-2.2327,-805.99,30m,validation,0.425,452
8.0,1.0,361,0.26,-3.1334,-1131.16,30m,validation,0.425,452
8.0,1.5,361,0.233,-4.4871,-1619.84,30m,validation,0.425,452
8.0,2.0,361,0.222,-5.6826,-2051.43,30m,validation,0.425,452
10.0,0.25,361,0.421,-0.1635,-59.01,30m,validation,0.425,452
10.0,0.5,361,0.31,-1.3622,-491.75,30m,validation,0.425,452
10.0,0.75,361,0.285,-2.2474,-811.3,30m,validation,0.425,452
10.0,1.0,361,0.241,-3.1151,-1124.54,30m,validation,0.425,452
10.0,1.5,361,0.211,-4.3764,-1579.9,30m,validation,0.425,452
10.0,2.0,361,0.197,-5.4872,-1980.86,30m,validation,0.425,452
12.0,0.25,361,0.421,-0.1061,-38.31,30m,validation,0.425,452
12.0,0.5,361,0.31,-1.1831,-427.08,30m,validation,0.425,452
12.0,0.75,361,0.285,-2.0062,-724.23,30m,validation,0.425,452
12.0,1.0,361,0.235,-2.8865,-1042.04,30m,validation,0.425,452
12.0,1.5,361,0.202,-4.0523,-1462.86,30m,validation,0.425,452
12.0,2.0,361,0.188,-5.0922,-1838.3,30m,validation,0.425,452
15.0,0.25,361,0.421,-0.143,-51.61,30m,validation,0.425,452
15.0,0.5,361,0.305,-1.3511,-487.74,30m,validation,0.425,452
15.0,0.75,361,0.28,-2.1793,-786.74,30m,validation,0.425,452
15.0,1.0,361,0.227,-2.9634,-1069.8,30m,validation,0.425,452
15.0,1.5,361,0.191,-4.0074,-1446.67,30m,validation,0.425,452
15.0,2.0,361,0.177,-5.0772,-1832.87,30m,validation,0.425,452
20.0,0.25,361,0.421,-0.5741,-207.24,30m,validation,0.425,452
20.0,0.5,361,0.305,-1.7109,-617.64,30m,validation,0.425,452
20.0,0.75,361,0.28,-2.5179,-908.95,30m,validation,0.425,452
20.0,1.0,361,0.227,-3.2318,-1166.69,30m,validation,0.425,452
20.0,1.5,361,0.188,-4.2026,-1517.13,30m,validation,0.425,452
20.0,2.0,361,0.175,-5.1788,-1869.54,30m,validation,0.425,452
5.0,0.25,358,0.45,0.0221,7.9,30m,validation,0.45,452
5.0,0.5,358,0.36,-1.5175,-543.26,30m,validation,0.45,452
5.0,0.75,358,0.335,-2.5792,-923.35,30m,validation,0.45,452
5.0,1.0,358,0.31,-3.5628,-1275.47,30m,validation,0.45,452
5.0,1.5,358,0.285,-5.0462,-1806.53,30m,validation,0.45,452
5.0,2.0,358,0.271,-6.2986,-2254.9,30m,validation,0.45,452
6.0,0.25,358,0.436,0.0625,22.38,30m,validation,0.45,452
6.0,0.5,358,0.346,-1.3523,-484.12,30m,validation,0.45,452
6.0,0.75,358,0.318,-2.317,-829.5,30m,validation,0.45,452
6.0,1.0,358,0.291,-3.2729,-1171.68,30m,validation,0.45,452
6.0,1.5,358,0.265,-4.7198,-1689.68,30m,validation,0.45,452
6.0,2.0,358,0.251,-5.9674,-2136.34,30m,validation,0.45,452
7.0,0.25,358,0.43,0.0994,35.57,30m,validation,0.45,452
7.0,0.5,358,0.338,-1.1974,-428.66,30m,validation,0.45,452
7.0,0.75,358,0.31,-2.1234,-760.18,30m,validation,0.45,452
7.0,1.0,358,0.277,-3.0425,-1089.22,30m,validation,0.45,452
7.0,1.5,358,0.251,-4.4402,-1589.58,30m,validation,0.45,452
7.0,2.0,358,0.237,-5.6656,-2028.29,30m,validation,0.45,452
8.0,0.25,358,0.425,0.1633,58.47,30m,validation,0.45,452
8.0,0.5,358,0.33,-1.047,-374.81,30m,validation,0.45,452
8.0,0.75,358,0.302,-2.0989,-751.41,30m,validation,0.45,452
8.0,1.0,358,0.263,-3.0307,-1084.97,30m,validation,0.45,452
8.0,1.5,358,0.232,-4.4018,-1575.83,30m,validation,0.45,452
8.0,2.0,358,0.223,-5.6181,-2011.28,30m,validation,0.45,452
10.0,0.25,358,0.419,-0.0117,-4.2,30m,validation,0.45,452
10.0,0.5,358,0.313,-1.265,-452.89,30m,validation,0.45,452
10.0,0.75,358,0.282,-2.2009,-787.92,30m,validation,0.45,452
10.0,1.0,358,0.237,-3.1189,-1116.56,30m,validation,0.45,452
10.0,1.5,358,0.207,-4.4482,-1592.44,30m,validation,0.45,452
10.0,2.0,358,0.196,-5.6023,-2005.63,30m,validation,0.45,452
12.0,0.25,358,0.419,0.0439,15.7,30m,validation,0.45,452
12.0,0.5,358,0.313,-1.0848,-388.35,30m,validation,0.45,452
12.0,0.75,358,0.282,-1.9496,-697.96,30m,validation,0.45,452
12.0,1.0,358,0.232,-2.8619,-1024.54,30m,validation,0.45,452
12.0,1.5,358,0.198,-4.0837,-1461.98,30m,validation,0.45,452
12.0,2.0,358,0.187,-5.1629,-1848.31,30m,validation,0.45,452
15.0,0.25,358,0.419,0.0069,2.47,30m,validation,0.45,452
15.0,0.5,358,0.307,-1.2525,-448.4,30m,validation,0.45,452
15.0,0.75,358,0.277,-2.1172,-757.96,30m,validation,0.45,452
15.0,1.0,358,0.223,-2.9304,-1049.09,30m,validation,0.45,452
15.0,1.5,358,0.187,-4.0235,-1440.4,30m,validation,0.45,452
15.0,2.0,358,0.176,-5.139,-1839.76,30m,validation,0.45,452
20.0,0.25,358,0.419,-0.4278,-153.16,30m,validation,0.45,452
20.0,0.5,358,0.307,-1.6841,-602.91,30m,validation,0.45,452
20.0,0.75,358,0.274,-2.4954,-893.34,30m,validation,0.45,452
20.0,1.0,358,0.221,-3.2291,-1156.0,30m,validation,0.45,452
20.0,1.5,358,0.184,-4.26,-1525.08,30m,validation,0.45,452
20.0,2.0,358,0.173,-5.3014,-1897.91,30m,validation,0.45,452
5.0,0.25,358,0.461,0.0897,32.12,30m,validation,0.475,452
5.0,0.5,358,0.366,-1.4438,-516.87,30m,validation,0.475,452
5.0,0.75,358,0.338,-2.5206,-902.36,30m,validation,0.475,452
5.0,1.0,358,0.321,-3.5131,-1257.69,30m,validation,0.475,452
5.0,1.5,358,0.291,-4.9946,-1788.05,30m,validation,0.475,452
5.0,2.0,358,0.274,-6.2456,-2235.91,30m,validation,0.475,452
6.0,0.25,358,0.441,0.0353,12.65,30m,validation,0.475,452
6.0,0.5,358,0.346,-1.4167,-507.2,30m,validation,0.475,452
6.0,0.75,358,0.316,-2.423,-867.43,30m,validation,0.475,452
6.0,1.0,358,0.296,-3.4088,-1220.36,30m,validation,0.475,452
6.0,1.5,358,0.265,-4.8848,-1748.78,30m,validation,0.475,452
6.0,2.0,358,0.251,-6.1496,-2201.55,30m,validation,0.475,452
7.0,0.25,358,0.436,0.1216,43.55,30m,validation,0.475,452
7.0,0.5,358,0.338,-1.1832,-423.59,30m,validation,0.475,452
7.0,0.75,358,0.307,-2.1334,-763.77,30m,validation,0.475,452
7.0,1.0,358,0.282,-3.0764,-1101.35,30m,validation,0.475,452
7.0,1.5,358,0.251,-4.4942,-1608.93,30m,validation,0.475,452
7.0,2.0,358,0.237,-5.731,-2051.71,30m,validation,0.475,452
8.0,0.25,358,0.43,0.1895,67.83,30m,validation,0.475,452
8.0,0.5,358,0.33,-1.0088,-361.17,30m,validation,0.475,452
8.0,0.75,358,0.299,-2.0638,-738.83,30m,validation,0.475,452
8.0,1.0,358,0.268,-3.0052,-1075.86,30m,validation,0.475,452
8.0,1.5,358,0.232,-4.4013,-1575.67,30m,validation,0.475,452
8.0,2.0,358,0.223,-5.637,-2018.06,30m,validation,0.475,452
10.0,0.25,358,0.425,0.0168,6.0,30m,validation,0.475,452
10.0,0.5,358,0.313,-1.2251,-438.58,30m,validation,0.475,452
10.0,0.75,358,0.279,-2.1844,-782.0,30m,validation,0.475,452
10.0,1.0,358,0.243,-3.1179,-1116.22,30m,validation,0.475,452
10.0,1.5,358,0.207,-4.4705,-1600.44,30m,validation,0.475,452
10.0,2.0,358,0.196,-5.6372,-2018.12,30m,validation,0.475,452
12.0,0.25,358,0.425,0.0614,22.0,30m,validation,0.475,452
12.0,0.5,358,0.313,-1.0945,-391.82,30m,validation,0.475,452
12.0,0.75,358,0.279,-1.9737,-706.58,30m,validation,0.475,452
12.0,1.0,358,0.24,-2.8823,-1031.85,30m,validation,0.475,452
12.0,1.5,358,0.198,-4.1139,-1472.77,30m,validation,0.475,452
12.0,2.0,358,0.187,-5.2088,-1864.75,30m,validation,0.475,452
15.0,0.25,358,0.425,0.0355,12.71,30m,validation,0.475,452
15.0,0.5,358,0.307,-1.2054,-431.53,30m,validation,0.475,452
15.0,0.75,358,0.274,-2.0681,-740.38,30m,validation,0.475,452
15.0,1.0,358,0.232,-2.8842,-1032.54,30m,validation,0.475,452
15.0,1.5,358,0.187,-3.9944,-1430.0,30m,validation,0.475,452
15.0,2.0,358,0.176,-5.126,-1835.11,30m,validation,0.475,452
20.0,0.25,358,0.425,-0.3992,-142.91,30m,validation,0.475,452
20.0,0.5,358,0.307,-1.6344,-585.12,30m,validation,0.475,452
20.0,0.75,358,0.271,-2.4372,-872.52,30m,validation,0.475,452
20.0,1.0,358,0.229,-3.158,-1130.56,30m,validation,0.475,452
20.0,1.5,358,0.184,-4.1686,-1492.37,30m,validation,0.475,452
20.0,2.0,358,0.173,-5.1904,-1858.18,30m,validation,0.475,452
5.0,0.25,358,0.464,0.1353,48.44,30m,validation,0.5,452
5.0,0.5,358,0.366,-1.5138,-541.95,30m,validation,0.5,452
5.0,0.75,358,0.341,-2.5546,-914.55,30m,validation,0.5,452
5.0,1.0,358,0.324,-3.5317,-1264.34,30m,validation,0.5,452
5.0,1.5,358,0.293,-4.9975,-1789.1,30m,validation,0.5,452
5.0,2.0,358,0.277,-6.2399,-2233.88,30m,validation,0.5,452
6.0,0.25,358,0.444,0.0869,31.09,30m,validation,0.5,452
6.0,0.5,358,0.349,-1.4223,-509.19,30m,validation,0.5,452
6.0,0.75,358,0.321,-2.3944,-857.21,30m,validation,0.5,452
6.0,1.0,358,0.302,-3.3768,-1208.88,30m,validation,0.5,452
6.0,1.5,358,0.274,-4.874,-1744.89,30m,validation,0.5,452
6.0,2.0,358,0.26,-6.1364,-2196.84,30m,validation,0.5,452
7.0,0.25,358,0.441,0.1721,61.6,30m,validation,0.5,452
7.0,0.5,358,0.341,-1.2179,-436.02,30m,validation,0.5,452
7.0,0.75,358,0.313,-2.1266,-761.33,30m,validation,0.5,452
7.0,1.0,358,0.288,-3.0645,-1097.11,30m,validation,0.5,452
7.0,1.5,358,0.257,-4.4807,-1604.11,30m,validation,0.5,452
7.0,2.0,358,0.24,-5.7171,-2046.74,30m,validation,0.5,452
8.0,0.25,358,0.436,0.295,105.63,30m,validation,0.5,452
8.0,0.5,358,0.332,-0.9867,-353.26,30m,validation,0.5,452
8.0,0.75,358,0.304,-1.9677,-704.45,30m,validation,0.5,452
8.0,1.0,358,0.277,-2.9043,-1039.74,30m,validation,0.5,452
8.0,1.5,358,0.243,-4.3088,-1542.54,30m,validation,0.5,452
8.0,2.0,358,0.235,-5.5328,-1980.74,30m,validation,0.5,452
10.0,0.25,358,0.427,0.0852,30.5,30m,validation,0.5,452
10.0,0.5,358,0.313,-1.2202,-436.82,30m,validation,0.5,452
10.0,0.75,358,0.282,-2.1285,-762.02,30m,validation,0.5,452
10.0,1.0,358,0.246,-3.0523,-1092.72,30m,validation,0.5,452
10.0,1.5,358,0.209,-4.405,-1576.97,30m,validation,0.5,452
10.0,2.0,358,0.198,-5.5851,-1999.46,30m,validation,0.5,452
12.0,0.25,358,0.427,0.1328,47.55,30m,validation,0.5,452
12.0,0.5,358,0.313,-1.0695,-382.89,30m,validation,0.5,452
12.0,0.75,358,0.282,-1.8972,-679.2,30m,validation,0.5,452
12.0,1.0,358,0.243,-2.798,-1001.69,30m,validation,0.5,452
12.0,1.5,358,0.201,-4.0263,-1441.43,30m,validation,0.5,452
12.0,2.0,358,0.19,-5.1191,-1832.64,30m,validation,0.5,452
15.0,0.25,358,0.427,0.1047,37.48,30m,validation,0.5,452
15.0,0.5,358,0.307,-1.1951,-427.85,30m,validation,0.5,452
15.0,0.75,358,0.277,-2.0066,-718.36,30m,validation,0.5,452
15.0,1.0,358,0.235,-2.8137,-1007.3,30m,validation,0.5,452
15.0,1.5,358,0.19,-3.9267,-1405.76,30m,validation,0.5,452
15.0,2.0,358,0.179,-5.0606,-1811.68,30m,validation,0.5,452
20.0,0.25,358,0.427,-0.33,-118.13,30m,validation,0.5,452
20.0,0.5,358,0.307,-1.6241,-581.44,30m,validation,0.5,452
20.0,0.75,358,0.274,-2.3814,-852.53,30m,validation,0.5,452
20.0,1.0,358,0.232,-3.1006,-1110.03,30m,validation,0.5,452
20.0,1.5,358,0.187,-4.044,-1447.76,30m,validation,0.5,452
20.0,2.0,358,0.176,-5.0269,-1799.62,30m,validation,0.5,452
5.0,0.25,356,0.455,-0.0048,-1.7,30m,validation,0.525,452
5.0,0.5,356,0.362,-1.6079,-572.4,30m,validation,0.525,452
5.0,0.75,356,0.337,-2.6709,-950.85,30m,validation,0.525,452
5.0,1.0,356,0.32,-3.6695,-1306.34,30m,validation,0.525,452
5.0,1.5,356,0.295,-5.1453,-1831.74,30m,validation,0.525,452
5.0,2.0,356,0.272,-6.3716,-2268.29,30m,validation,0.525,452
6.0,0.25,356,0.441,0.1121,39.9,30m,validation,0.525,452
6.0,0.5,356,0.351,-1.3075,-465.49,30m,validation,0.525,452
6.0,0.75,356,0.32,-2.2548,-802.7,30m,validation,0.525,452
6.0,1.0,356,0.301,-3.2214,-1146.82,30m,validation,0.525,452
6.0,1.5,356,0.281,-4.7019,-1673.88,30m,validation,0.525,452
6.0,2.0,356,0.261,-5.9542,-2119.71,30m,validation,0.525,452
7.0,0.25,356,0.435,0.1082,38.53,30m,validation,0.525,452
7.0,0.5,356,0.343,-1.2305,-438.04,30m,validation,0.525,452
7.0,0.75,356,0.309,-2.2889,-814.86,30m,validation,0.525,452
7.0,1.0,356,0.284,-3.2254,-1148.24,30m,validation,0.525,452
7.0,1.5,356,0.256,-4.6466,-1654.21,30m,validation,0.525,452
7.0,2.0,356,0.233,-5.888,-2096.12,30m,validation,0.525,452
8.0,0.25,356,0.43,0.2019,71.88,30m,validation,0.525,452
8.0,0.5,356,0.331,-1.0397,-370.12,30m,validation,0.525,452
8.0,0.75,356,0.298,-2.1267,-757.1,30m,validation,0.525,452
8.0,1.0,356,0.27,-3.0418,-1082.89,30m,validation,0.525,452
8.0,1.5,356,0.242,-4.4352,-1578.94,30m,validation,0.525,452
8.0,2.0,356,0.228,-5.6581,-2014.28,30m,validation,0.525,452
10.0,0.25,356,0.421,0.01,3.57,30m,validation,0.525,452
10.0,0.5,356,0.315,-1.1801,-420.11,30m,validation,0.525,452
10.0,0.75,356,0.278,-2.2486,-800.5,30m,validation,0.525,452
10.0,1.0,356,0.242,-3.1347,-1115.96,30m,validation,0.525,452
10.0,1.5,356,0.211,-4.4482,-1583.57,30m,validation,0.525,452
10.0,2.0,356,0.197,-5.6111,-1997.57,30m,validation,0.525,452
12.0,0.25,356,0.421,0.0586,20.87,30m,validation,0.525,452
12.0,0.5,356,0.312,-1.1143,-396.68,30m,validation,0.525,452
12.0,0.75,356,0.275,-2.1062,-749.81,30m,validation,0.525,452
12.0,1.0,356,0.239,-2.9419,-1047.33,30m,validation,0.525,452
12.0,1.5,356,0.202,-4.1985,-1494.66,30m,validation,0.525,452
12.0,2.0,356,0.185,-5.3233,-1895.08,30m,validation,0.525,452
15.0,0.25,356,0.421,0.0305,10.87,30m,validation,0.525,452
15.0,0.5,356,0.306,-1.2393,-441.18,30m,validation,0.525,452
15.0,0.75,356,0.27,-2.1274,-757.34,30m,validation,0.525,452
15.0,1.0,356,0.23,-2.92,-1039.51,30m,validation,0.525,452
15.0,1.5,356,0.194,-4.0484,-1441.24,30m,validation,0.525,452
15.0,2.0,356,0.174,-5.2097,-1854.66,30m,validation,0.525,452
20.0,0.25,356,0.421,-0.4065,-144.71,30m,validation,0.525,452
20.0,0.5,356,0.306,-1.6655,-592.94,30m,validation,0.525,452
20.0,0.75,356,0.267,-2.5714,-915.42,30m,validation,0.525,452
20.0,1.0,356,0.225,-3.2709,-1164.43,30m,validation,0.525,452
20.0,1.5,356,0.188,-4.213,-1499.81,30m,validation,0.525,452
20.0,2.0,356,0.169,-5.2064,-1853.47,30m,validation,0.525,452
5.0,0.25,354,0.458,-0.0953,-33.72,30m,validation,0.55,452
5.0,0.5,354,0.364,-1.668,-590.47,30m,validation,0.55,452
5.0,0.75,354,0.339,-2.7216,-963.44,30m,validation,0.55,452
5.0,1.0,354,0.319,-3.715,-1315.12,30m,validation,0.55,452
5.0,1.5,354,0.294,-5.1879,-1836.51,30m,validation,0.55,452
5.0,2.0,354,0.271,-6.4128,-2270.13,30m,validation,0.55,452
6.0,0.25,354,0.444,0.0083,2.94,30m,validation,0.55,452
6.0,0.5,354,0.353,-1.4562,-515.49,30m,validation,0.55,452
6.0,0.75,354,0.319,-2.4247,-858.34,30m,validation,0.55,452
6.0,1.0,354,0.297,-3.3931,-1201.16,30m,validation,0.55,452
6.0,1.5,354,0.274,-4.8763,-1726.23,30m,validation,0.55,452
6.0,2.0,354,0.254,-6.1307,-2170.28,30m,validation,0.55,452
7.0,0.25,354,0.435,0.0034,1.22,30m,validation,0.55,452
7.0,0.5,354,0.342,-1.3622,-482.22,30m,validation,0.55,452
7.0,0.75,354,0.305,-2.4364,-862.47,30m,validation,0.55,452
7.0,1.0,354,0.277,-3.3798,-1196.44,30m,validation,0.55,452
7.0,1.5,354,0.251,-4.8298,-1709.74,30m,validation,0.55,452
7.0,2.0,354,0.229,-6.0821,-2153.06,30m,validation,0.55,452
8.0,0.25,354,0.429,0.0885,31.34,30m,validation,0.55,452
8.0,0.5,354,0.331,-1.1866,-420.07,30m,validation,0.55,452
8.0,0.75,354,0.294,-2.222,-786.6,30m,validation,0.55,452
8.0,1.0,354,0.266,-3.1381,-1110.9,30m,validation,0.55,452
8.0,1.5,354,0.24,-4.5364,-1605.87,30m,validation,0.55,452
8.0,2.0,354,0.226,-5.7628,-2040.02,30m,validation,0.55,452
10.0,0.25,354,0.421,-0.1174,-41.55,30m,validation,0.55,452
10.0,0.5,354,0.314,-1.2811,-453.49,30m,validation,0.55,452
10.0,0.75,354,0.274,-2.368,-838.28,30m,validation,0.55,452
10.0,1.0,354,0.24,-3.2618,-1154.67,30m,validation,0.55,452
10.0,1.5,354,0.212,-4.5804,-1621.45,30m,validation,0.55,452
10.0,2.0,354,0.198,-5.7477,-2034.69,30m,validation,0.55,452
12.0,0.25,354,0.421,-0.0659,-23.34,30m,validation,0.55,452
12.0,0.5,354,0.311,-1.2258,-433.95,30m,validation,0.55,452
12.0,0.75,354,0.271,-2.2308,-789.7,30m,validation,0.55,452
12.0,1.0,354,0.234,-3.0855,-1092.27,30m,validation,0.55,452
12.0,1.5,354,0.201,-4.3568,-1542.32,30m,validation,0.55,452
12.0,2.0,354,0.184,-5.4832,-1941.06,30m,validation,0.55,452
15.0,0.25,354,0.421,-0.0935,-33.11,30m,validation,0.55,452
15.0,0.5,354,0.305,-1.3667,-483.8,30m,validation,0.55,452
15.0,0.75,354,0.263,-2.3482,-831.25,30m,validation,0.55,452
15.0,1.0,354,0.226,-3.1213,-1104.94,30m,validation,0.55,452
15.0,1.5,354,0.189,-4.3103,-1525.84,30m,validation,0.55,452
15.0,2.0,354,0.169,-5.3586,-1896.93,30m,validation,0.55,452
20.0,0.25,354,0.421,-0.5328,-188.62,30m,validation,0.55,452
20.0,0.5,354,0.305,-1.783,-631.2,30m,validation,0.55,452
20.0,0.75,354,0.26,-2.7578,-976.25,30m,validation,0.55,452
20.0,1.0,354,0.22,-3.4186,-1210.19,30m,validation,0.55,452
20.0,1.5,354,0.184,-4.3878,-1553.29,30m,validation,0.55,452
20.0,2.0,354,0.164,-5.2334,-1852.63,30m,validation,0.55,452
5.0,0.25,352,0.455,-0.1809,-63.67,30m,validation,0.575,452
5.0,0.5,352,0.364,-1.6463,-579.5,30m,validation,0.575,452
5.0,0.75,352,0.341,-2.7271,-959.93,30m,validation,0.575,452
5.0,1.0,352,0.327,-3.6004,-1267.34,30m,validation,0.575,452
5.0,1.5,352,0.298,-5.0544,-1779.13,30m,validation,0.575,452
5.0,2.0,352,0.276,-6.2701,-2207.09,30m,validation,0.575,452
6.0,0.25,352,0.446,0.0416,14.66,30m,validation,0.575,452
6.0,0.5,352,0.358,-1.3201,-464.68,30m,validation,0.575,452
6.0,0.75,352,0.324,-2.3348,-821.83,30m,validation,0.575,452
6.0,1.0,352,0.307,-3.1869,-1121.8,30m,validation,0.575,452
6.0,1.5,352,0.281,-4.6366,-1632.09,30m,validation,0.575,452
6.0,2.0,352,0.261,-5.8725,-2067.11,30m,validation,0.575,452
7.0,0.25,352,0.432,-0.0672,-23.64,30m,validation,0.575,452
7.0,0.5,352,0.341,-1.3415,-472.19,30m,validation,0.575,452
7.0,0.75,352,0.304,-2.4561,-864.53,30m,validation,0.575,452
7.0,1.0,352,0.281,-3.3011,-1161.99,30m,validation,0.575,452
7.0,1.5,352,0.253,-4.7427,-1669.44,30m,validation,0.575,452
7.0,2.0,352,0.23,-5.9897,-2108.37,30m,validation,0.575,452
8.0,0.25,352,0.426,0.0209,7.37,30m,validation,0.575,452
8.0,0.5,352,0.33,-1.1525,-405.7,30m,validation,0.575,452
8.0,0.75,352,0.293,-2.2191,-781.11,30m,validation,0.575,452
8.0,1.0,352,0.27,-3.0189,-1062.64,30m,validation,0.575,452
8.0,1.5,352,0.241,-4.4024,-1549.65,30m,validation,0.575,452
8.0,2.0,352,0.227,-5.6224,-1979.08,30m,validation,0.575,452
10.0,0.25,352,0.42,-0.0821,-28.89,30m,validation,0.575,452
10.0,0.5,352,0.315,-1.1182,-393.59,30m,validation,0.575,452
10.0,0.75,352,0.278,-2.2352,-786.8,30m,validation,0.575,452
10.0,1.0,352,0.253,-3.0148,-1061.21,30m,validation,0.575,452
10.0,1.5,352,0.216,-4.3208,-1520.92,30m,validation,0.575,452
10.0,2.0,352,0.202,-5.4918,-1933.12,30m,validation,0.575,452
12.0,0.25,352,0.418,-0.133,-46.8,30m,validation,0.575,452
12.0,0.5,352,0.31,-1.1788,-414.93,30m,validation,0.575,452
12.0,0.75,352,0.27,-2.2124,-778.76,30m,validation,0.575,452
12.0,1.0,352,0.241,-2.9474,-1037.48,30m,validation,0.575,452
12.0,1.5,352,0.202,-4.1983,-1477.8,30m,validation,0.575,452
12.0,2.0,352,0.185,-5.3175,-1871.76,30m,validation,0.575,452
15.0,0.25,352,0.418,-0.1275,-44.88,30m,validation,0.575,452
15.0,0.5,352,0.304,-1.2617,-444.13,30m,validation,0.575,452
15.0,0.75,352,0.261,-2.2571,-794.49,30m,validation,0.575,452
15.0,1.0,352,0.233,-2.9045,-1022.38,30m,validation,0.575,452
15.0,1.5,352,0.19,-4.0728,-1433.64,30m,validation,0.575,452
15.0,2.0,352,0.173,-5.1126,-1799.63,30m,validation,0.575,452
20.0,0.25,352,0.418,-0.6023,-212.02,30m,validation,0.575,452
20.0,0.5,352,0.304,-1.6741,-589.29,30m,validation,0.575,452
20.0,0.75,352,0.261,-2.6534,-933.99,30m,validation,0.575,452
20.0,1.0,352,0.23,-3.1868,-1121.77,30m,validation,0.575,452
20.0,1.5,352,0.188,-4.1319,-1454.42,30m,validation,0.575,452
20.0,2.0,352,0.168,-4.9694,-1749.22,30m,validation,0.575,452
5.0,0.25,352,0.46,-0.1767,-62.2,30m,validation,0.6,452
5.0,0.5,352,0.372,-1.6306,-573.97,30m,validation,0.6,452
5.0,0.75,352,0.355,-2.7146,-955.56,30m,validation,0.6,452
5.0,1.0,352,0.335,-3.599,-1266.84,30m,validation,0.6,452
5.0,1.5,352,0.301,-5.0555,-1779.55,30m,validation,0.6,452
5.0,2.0,352,0.278,-6.2711,-2207.42,30m,validation,0.6,452
6.0,0.25,352,0.446,0.0483,16.99,30m,validation,0.6,452
6.0,0.5,352,0.361,-1.3438,-473.0,30m,validation,0.6,452
6.0,0.75,352,0.332,-2.384,-839.16,30m,validation,0.6,452
6.0,1.0,352,0.31,-3.2584,-1146.95,30m,validation,0.6,452
6.0,1.5,352,0.281,-4.7217,-1662.03,30m,validation,0.6,452
6.0,2.0,352,0.261,-5.9459,-2092.94,30m,validation,0.6,452
7.0,0.25,352,0.432,-0.05,-17.6,30m,validation,0.6,452
7.0,0.5,352,0.344,-1.3557,-477.19,30m,validation,0.6,452
7.0,0.75,352,0.315,-2.3334,-821.35,30m,validation,0.6,452
7.0,1.0,352,0.287,-3.2028,-1127.39,30m,validation,0.6,452
7.0,1.5,352,0.256,-4.6913,-1651.32,30m,validation,0.6,452
7.0,2.0,352,0.233,-5.9496,-2094.28,30m,validation,0.6,452
8.0,0.25,352,0.426,0.0518,18.22,30m,validation,0.6,452
8.0,0.5,352,0.332,-1.1235,-395.48,30m,validation,0.6,452
8.0,0.75,352,0.301,-2.1942,-772.37,30m,validation,0.6,452
8.0,1.0,352,0.273,-3.0012,-1056.43,30m,validation,0.6,452
8.0,1.5,352,0.239,-4.3978,-1548.02,30m,validation,0.6,452
8.0,2.0,352,0.224,-5.628,-1981.04,30m,validation,0.6,452
10.0,0.25,352,0.42,-0.0367,-12.91,30m,validation,0.6,452
10.0,0.5,352,0.318,-1.0777,-379.35,30m,validation,0.6,452
10.0,0.75,352,0.287,-2.1959,-772.96,30m,validation,0.6,452
10.0,1.0,352,0.256,-2.9902,-1052.55,30m,validation,0.6,452
10.0,1.5,352,0.213,-4.3695,-1538.08,30m,validation,0.6,452
10.0,2.0,352,0.199,-5.5882,-1967.04,30m,validation,0.6,452
12.0,0.25,352,0.418,-0.0858,-30.19,30m,validation,0.6,452
12.0,0.5,352,0.312,-1.1369,-400.18,30m,validation,0.6,452
12.0,0.75,352,0.278,-2.1738,-765.18,30m,validation,0.6,452
12.0,1.0,352,0.244,-2.9146,-1025.93,30m,validation,0.6,452
12.0,1.5,352,0.199,-4.1937,-1476.2,30m,validation,0.6,452
12.0,2.0,352,0.182,-5.3383,-1879.07,30m,validation,0.6,452
15.0,0.25,352,0.418,-0.0802,-28.24,30m,validation,0.6,452
15.0,0.5,352,0.307,-1.2076,-425.07,30m,validation,0.6,452
15.0,0.75,352,0.27,-2.2063,-776.63,30m,validation,0.6,452
15.0,1.0,352,0.236,-2.8785,-1013.22,30m,validation,0.6,452
15.0,1.5,352,0.188,-4.1159,-1448.8,30m,validation,0.6,452
15.0,2.0,352,0.17,-5.1846,-1825.0,30m,validation,0.6,452
20.0,0.25,352,0.418,-0.5548,-195.29,30m,validation,0.6,452
20.0,0.5,352,0.307,-1.6176,-569.41,30m,validation,0.6,452
20.0,0.75,352,0.27,-2.5933,-912.85,30m,validation,0.6,452
20.0,1.0,352,0.233,-3.1386,-1104.78,30m,validation,0.6,452
20.0,1.5,352,0.185,-4.1214,-1450.73,30m,validation,0.6,452
20.0,2.0,352,0.165,-4.9977,-1759.21,30m,validation,0.6,452
5.0,0.25,352,0.46,-0.1516,-53.37,30m,validation,0.625,452
5.0,0.5,352,0.378,-1.5717,-553.26,30m,validation,0.625,452
5.0,0.75,352,0.358,-2.6545,-934.38,30m,validation,0.625,452
5.0,1.0,352,0.341,-3.5382,-1245.46,30m,validation,0.625,452
5.0,1.5,352,0.304,-4.9942,-1757.97,30m,validation,0.625,452
5.0,2.0,352,0.284,-6.2095,-2185.73,30m,validation,0.625,452
6.0,0.25,352,0.446,0.1146,40.34,30m,validation,0.625,452
6.0,0.5,352,0.366,-1.2718,-447.69,30m,validation,0.625,452
6.0,0.75,352,0.335,-2.3403,-823.78,30m,validation,0.625,452
6.0,1.0,352,0.315,-3.217,-1132.37,30m,validation,0.625,452
6.0,1.5,352,0.284,-4.6914,-1651.36,30m,validation,0.625,452
6.0,2.0,352,0.267,-5.9208,-2084.13,30m,validation,0.625,452
7.0,0.25,352,0.432,0.0131,4.61,30m,validation,0.625,452
7.0,0.5,352,0.352,-1.2358,-434.99,30m,validation,0.625,452
7.0,0.75,352,0.321,-2.2151,-779.72,30m,validation,0.625,452
7.0,1.0,352,0.295,-3.0733,-1081.79,30m,validation,0.625,452
7.0,1.5,352,0.261,-4.594,-1617.08,30m,validation,0.625,452
7.0,2.0,352,0.241,-5.8578,-2061.95,30m,validation,0.625,452
8.0,0.25,352,0.426,0.0775,27.26,30m,validation,0.625,452
8.0,0.5,352,0.338,-1.0991,-386.87,30m,validation,0.625,452
8.0,0.75,352,0.304,-2.165,-762.07,30m,validation,0.625,452
8.0,1.0,352,0.278,-2.9809,-1049.26,30m,validation,0.625,452
8.0,1.5,352,0.241,-4.4425,-1563.75,30m,validation,0.625,452
8.0,2.0,352,0.23,-5.6856,-2001.35,30m,validation,0.625,452
10.0,0.25,352,0.42,0.0447,15.74,30m,validation,0.625,452
10.0,0.5,352,0.327,-0.9637,-339.21,30m,validation,0.625,452
10.0,0.75,352,0.293,-2.0661,-727.27,30m,validation,0.625,452
10.0,1.0,352,0.264,-2.8591,-1006.4,30m,validation,0.625,452
10.0,1.5,352,0.219,-4.3124,-1517.95,30m,validation,0.625,452
10.0,2.0,352,0.207,-5.5516,-1954.16,30m,validation,0.625,452
12.0,0.25,352,0.418,-0.0136,-4.8,30m,validation,0.625,452
12.0,0.5,352,0.321,-1.037,-365.02,30m,validation,0.625,452
12.0,0.75,352,0.281,-2.0688,-728.2,30m,validation,0.625,452
12.0,1.0,352,0.25,-2.8272,-995.16,30m,validation,0.625,452
12.0,1.5,352,0.202,-4.1991,-1478.07,30m,validation,0.625,452
12.0,2.0,352,0.188,-5.3695,-1890.08,30m,validation,0.625,452
15.0,0.25,352,0.418,-0.0096,-3.37,30m,validation,0.625,452
15.0,0.5,352,0.318,-0.9014,-317.28,30m,validation,0.625,452
15.0,0.75,352,0.276,-1.8823,-662.55,30m,validation,0.625,452
15.0,1.0,352,0.244,-2.5365,-892.87,30m,validation,0.625,452
15.0,1.5,352,0.193,-3.8263,-1346.86,30m,validation,0.625,452
15.0,2.0,352,0.179,-4.9067,-1727.16,30m,validation,0.625,452
20.0,0.25,352,0.418,-0.4825,-169.84,30m,validation,0.625,452
20.0,0.5,352,0.315,-1.5157,-533.54,30m,validation,0.625,452
20.0,0.75,352,0.273,-2.4731,-870.51,30m,validation,0.625,452
20.0,1.0,352,0.239,-3.003,-1057.06,30m,validation,0.625,452
20.0,1.5,352,0.188,-4.0358,-1420.59,30m,validation,0.625,452
20.0,2.0,352,0.17,-4.9343,-1736.89,30m,validation,0.625,452
5.0,0.25,351,0.453,-0.2296,-80.58,30m,validation,0.65,452
5.0,0.5,351,0.376,-1.6833,-590.85,30m,validation,0.65,452
5.0,0.75,351,0.356,-2.7759,-974.36,30m,validation,0.65,452
5.0,1.0,351,0.342,-3.6614,-1285.14,30m,validation,0.65,452
5.0,1.5,351,0.305,-5.1179,-1796.37,30m,validation,0.65,452
5.0,2.0,351,0.282,-6.3327,-2222.79,30m,validation,0.65,452
6.0,0.25,351,0.442,0.1102,38.67,30m,validation,0.65,452
6.0,0.5,351,0.368,-1.2784,-448.72,30m,validation,0.65,452
6.0,0.75,351,0.336,-2.3327,-818.78,30m,validation,0.65,452
6.0,1.0,351,0.322,-3.2018,-1123.84,30m,validation,0.65,452
6.0,1.5,351,0.288,-4.6552,-1633.97,30m,validation,0.65,452
6.0,2.0,351,0.268,-5.8749,-2062.09,30m,validation,0.65,452
7.0,0.25,351,0.427,0.0439,15.4,30m,validation,0.65,452
7.0,0.5,351,0.353,-1.2017,-421.78,30m,validation,0.65,452
7.0,0.75,351,0.322,-2.1956,-770.64,30m,validation,0.65,452
7.0,1.0,351,0.302,-3.0439,-1068.41,30m,validation,0.65,452
7.0,1.5,351,0.265,-4.5353,-1591.9,30m,validation,0.65,452
7.0,2.0,351,0.242,-5.7775,-2027.89,30m,validation,0.65,452
8.0,0.25,351,0.419,0.0603,21.18,30m,validation,0.65,452
8.0,0.5,351,0.336,-1.1175,-392.26,30m,validation,0.65,452
8.0,0.75,351,0.302,-2.2094,-775.51,30m,validation,0.65,452
8.0,1.0,351,0.282,-3.0416,-1067.59,30m,validation,0.65,452
8.0,1.5,351,0.242,-4.5395,-1593.37,30m,validation,0.65,452
8.0,2.0,351,0.225,-5.9565,-2090.72,30m,validation,0.65,452
10.0,0.25,351,0.416,0.089,31.25,30m,validation,0.65,452
10.0,0.5,351,0.328,-0.9135,-320.63,30m,validation,0.65,452
10.0,0.75,351,0.293,-2.0307,-712.79,30m,validation,0.65,452
10.0,1.0,351,0.271,-2.839,-996.48,30m,validation,0.65,452
10.0,1.5,351,0.222,-4.3108,-1513.08,30m,validation,0.65,452
10.0,2.0,351,0.205,-5.7187,-2007.25,30m,validation,0.65,452
12.0,0.25,351,0.41,-0.0247,-8.68,30m,validation,0.65,452
12.0,0.5,351,0.319,-1.0489,-368.16,30m,validation,0.65,452
12.0,0.75,351,0.279,-2.1056,-739.08,30m,validation,0.65,452
12.0,1.0,351,0.254,-2.8362,-995.51,30m,validation,0.65,452
12.0,1.5,351,0.205,-4.1917,-1471.3,30m,validation,0.65,452
12.0,2.0,351,0.185,-5.5429,-1945.55,30m,validation,0.65,452
15.0,0.25,351,0.41,-0.0191,-6.69,30m,validation,0.65,452
15.0,0.5,351,0.316,-0.8873,-311.43,30m,validation,0.65,452
15.0,0.75,351,0.274,-1.8782,-659.26,30m,validation,0.65,452
15.0,1.0,351,0.248,-2.5375,-890.67,30m,validation,0.65,452
15.0,1.5,351,0.197,-3.837,-1346.79,30m,validation,0.65,452
15.0,2.0,351,0.174,-5.0976,-1789.25,30m,validation,0.65,452
20.0,0.25,351,0.41,-0.4931,-173.09,30m,validation,0.65,452
20.0,0.5,351,0.313,-1.5048,-528.19,30m,validation,0.65,452
20.0,0.75,351,0.271,-2.4776,-869.62,30m,validation,0.65,452
20.0,1.0,351,0.242,-3.0154,-1058.41,30m,validation,0.65,452
20.0,1.5,351,0.191,-4.0728,-1429.54,30m,validation,0.65,452
20.0,2.0,351,0.165,-5.1706,-1814.87,30m,validation,0.65,452
5.0,0.25,348,0.463,-0.1234,-42.94,30m,validation,0.675,452
5.0,0.5,348,0.388,-1.5663,-545.08,30m,validation,0.675,452
5.0,0.75,348,0.362,-2.6576,-924.83,30m,validation,0.675,452
5.0,1.0,348,0.348,-3.5423,-1232.72,30m,validation,0.675,452
5.0,1.5,348,0.31,-4.9987,-1739.54,30m,validation,0.675,452
5.0,2.0,348,0.29,-6.2141,-2162.49,30m,validation,0.675,452
6.0,0.25,348,0.445,0.0963,33.51,30m,validation,0.675,452
6.0,0.5,348,0.374,-1.3138,-457.2,30m,validation,0.675,452
6.0,0.75,348,0.339,-2.4125,-839.55,30m,validation,0.675,452
6.0,1.0,348,0.325,-3.316,-1153.97,30m,validation,0.675,452
6.0,1.5,348,0.29,-4.8033,-1671.56,30m,validation,0.675,452
6.0,2.0,348,0.27,-6.0381,-2101.26,30m,validation,0.675,452
7.0,0.25,348,0.437,0.1211,42.15,30m,validation,0.675,452
7.0,0.5,348,0.365,-1.1233,-390.91,30m,validation,0.675,452
7.0,0.75,348,0.33,-2.1285,-740.72,30m,validation,0.675,452
7.0,1.0,348,0.31,-2.9871,-1039.51,30m,validation,0.675,452
7.0,1.5,348,0.27,-4.4843,-1560.53,30m,validation,0.675,452
7.0,2.0,348,0.247,-5.7141,-1988.52,30m,validation,0.675,452
8.0,0.25,348,0.417,-0.1414,-49.22,30m,validation,0.675,452
8.0,0.5,348,0.336,-1.3181,-458.69,30m,validation,0.675,452
8.0,0.75,348,0.299,-2.4238,-843.5,30m,validation,0.675,452
8.0,1.0,348,0.279,-3.2748,-1139.62,30m,validation,0.675,452
8.0,1.5,348,0.241,-4.7822,-1664.19,30m,validation,0.675,452
8.0,2.0,348,0.227,-6.037,-2100.88,30m,validation,0.675,452
10.0,0.25,348,0.417,-0.0305,-10.61,30m,validation,0.675,452
10.0,0.5,348,0.33,-1.04,-361.92,30m,validation,0.675,452
10.0,0.75,348,0.293,-2.1611,-752.05,30m,validation,0.675,452
10.0,1.0,348,0.27,-2.9733,-1034.7,30m,validation,0.675,452
10.0,1.5,348,0.224,-4.4479,-1547.86,30m,validation,0.675,452
10.0,2.0,348,0.204,-5.8581,-2038.63,30m,validation,0.675,452
12.0,0.25,348,0.408,-0.2451,-85.3,30m,validation,0.675,452
12.0,0.5,348,0.319,-1.1414,-397.2,30m,validation,0.675,452
12.0,0.75,348,0.279,-2.2024,-766.42,30m,validation,0.675,452
12.0,1.0,348,0.256,-2.9339,-1020.98,30m,validation,0.675,452
12.0,1.5,348,0.207,-4.2909,-1493.25,30m,validation,0.675,452
12.0,2.0,348,0.187,-5.6445,-1964.27,30m,validation,0.675,452
15.0,0.25,348,0.408,-0.247,-85.96,30m,validation,0.675,452
15.0,0.5,348,0.316,-1.0859,-377.9,30m,validation,0.675,452
15.0,0.75,348,0.27,-2.0998,-730.74,30m,validation,0.675,452
15.0,1.0,348,0.247,-2.7906,-971.14,30m,validation,0.675,452
15.0,1.5,348,0.195,-4.1505,-1444.37,30m,validation,0.675,452
15.0,2.0,348,0.172,-5.4548,-1898.27,30m,validation,0.675,452
20.0,0.25,348,0.408,-0.7263,-252.77,30m,validation,0.675,452
20.0,0.5,348,0.316,-1.5063,-524.18,30m,validation,0.675,452
20.0,0.75,348,0.27,-2.4927,-867.47,30m,validation,0.675,452
20.0,1.0,348,0.244,-3.0403,-1058.04,30m,validation,0.675,452
20.0,1.5,348,0.193,-4.117,-1432.72,30m,validation,0.675,452
20.0,2.0,348,0.167,-5.2333,-1821.2,30m,validation,0.675,452
5.0,0.25,346,0.48,0.0079,2.73,30m,validation,0.7,452
5.0,0.5,346,0.399,-1.3499,-467.05,30m,validation,0.7,452
5.0,0.75,346,0.376,-2.4244,-838.85,30m,validation,0.7,452
5.0,1.0,346,0.355,-3.3002,-1141.88,30m,validation,0.7,452
5.0,1.5,346,0.321,-4.7471,-1642.51,30m,validation,0.7,452
5.0,2.0,346,0.298,-5.9575,-2061.28,30m,validation,0.7,452
6.0,0.25,346,0.462,0.2131,73.73,30m,validation,0.7,452
6.0,0.5,346,0.382,-1.092,-377.82,30m,validation,0.7,452
6.0,0.75,346,0.355,-2.1622,-748.11,30m,validation,0.7,452
6.0,1.0,346,0.338,-3.0507,-1055.54,30m,validation,0.7,452
6.0,1.5,346,0.306,-4.5223,-1564.72,30m,validation,0.7,452
6.0,2.0,346,0.28,-5.7486,-1989.01,30m,validation,0.7,452
7.0,0.25,346,0.454,0.3171,109.72,30m,validation,0.7,452
7.0,0.5,346,0.373,-0.9522,-329.45,30m,validation,0.7,452
7.0,0.75,346,0.341,-1.9753,-683.45,30m,validation,0.7,452
7.0,1.0,346,0.315,-2.8399,-982.62,30m,validation,0.7,452
7.0,1.5,346,0.28,-4.2956,-1486.29,30m,validation,0.7,452
7.0,2.0,346,0.254,-5.5163,-1908.65,30m,validation,0.7,452
8.0,0.25,346,0.431,-0.0479,-16.58,30m,validation,0.7,452
8.0,0.5,346,0.347,-1.2618,-436.58,30m,validation,0.7,452
8.0,0.75,346,0.309,-2.25,-778.51,30m,validation,0.7,452
8.0,1.0,346,0.283,-3.1151,-1077.84,30m,validation,0.7,452
8.0,1.5,346,0.249,-4.6286,-1601.49,30m,validation,0.7,452
8.0,2.0,346,0.231,-5.8854,-2036.35,30m,validation,0.7,452
10.0,0.25,346,0.431,0.1103,38.16,30m,validation,0.7,452
10.0,0.5,346,0.341,-0.9303,-321.9,30m,validation,0.7,452
10.0,0.75,346,0.301,-2.1091,-729.74,30m,validation,0.7,452
10.0,1.0,346,0.272,-2.957,-1023.12,30m,validation,0.7,452
10.0,1.5,346,0.228,-4.4632,-1544.26,30m,validation,0.7,452
10.0,2.0,346,0.205,-5.8914,-2038.41,30m,validation,0.7,452
12.0,0.25,346,0.425,0.0032,1.11,30m,validation,0.7,452
12.0,0.5,346,0.332,-0.8462,-292.8,30m,validation,0.7,452
12.0,0.75,346,0.292,-1.8957,-655.93,30m,validation,0.7,452
12.0,1.0,346,0.263,-2.6281,-909.31,30m,validation,0.7,452
12.0,1.5,346,0.217,-3.9987,-1383.56,30m,validation,0.7,452
12.0,2.0,346,0.194,-5.3649,-1856.26,30m,validation,0.7,452
15.0,0.25,346,0.422,-0.108,-37.37,30m,validation,0.7,452
15.0,0.5,346,0.327,-0.9597,-332.05,30m,validation,0.7,452
15.0,0.75,346,0.277,-1.9909,-688.85,30m,validation,0.7,452
15.0,1.0,346,0.249,-2.6994,-934.0,30m,validation,0.7,452
15.0,1.5,346,0.199,-4.0914,-1415.63,30m,validation,0.7,452
15.0,2.0,346,0.173,-5.4161,-1873.96,30m,validation,0.7,452
20.0,0.25,346,0.422,-0.5934,-205.3,30m,validation,0.7,452
20.0,0.5,346,0.327,-1.3834,-478.64,30m,validation,0.7,452
20.0,0.75,346,0.277,-2.3575,-815.69,30m,validation,0.7,452
20.0,1.0,346,0.246,-2.8976,-1002.59,30m,validation,0.7,452
20.0,1.5,346,0.197,-3.9763,-1375.81,30m,validation,0.7,452
20.0,2.0,346,0.168,-5.1006,-1764.81,30m,validation,0.7,452
5.0,0.25,288,0.531,1.5483,445.91,30m,holdout,0.3,368
5.0,0.5,288,0.448,0.1233,35.52,30m,holdout,0.3,368
5.0,0.75,288,0.378,-1.0162,-292.66,30m,holdout,0.3,368
5.0,1.0,288,0.354,-2.1697,-624.88,30m,holdout,0.3,368
5.0,1.5,288,0.299,-3.5013,-1008.37,30m,holdout,0.3,368
5.0,2.0,288,0.281,-4.7042,-1354.8,30m,holdout,0.3,368
6.0,0.25,288,0.524,1.5873,457.13,30m,holdout,0.3,368
6.0,0.5,288,0.431,0.1871,53.89,30m,holdout,0.3,368
6.0,0.75,288,0.361,-0.8122,-233.9,30m,holdout,0.3,368
6.0,1.0,288,0.333,-1.9559,-563.29,30m,holdout,0.3,368
6.0,1.5,288,0.274,-3.3314,-959.43,30m,holdout,0.3,368
6.0,2.0,288,0.26,-4.5318,-1305.15,30m,holdout,0.3,368
7.0,0.25,288,0.521,1.6634,479.04,30m,holdout,0.3,368
7.0,0.5,288,0.431,0.4195,120.82,30m,holdout,0.3,368
7.0,0.75,288,0.361,-0.5057,-145.65,30m,holdout,0.3,368
7.0,1.0,288,0.326,-1.6969,-488.72,30m,holdout,0.3,368
7.0,1.5,288,0.26,-3.0191,-869.5,30m,holdout,0.3,368
7.0,2.0,288,0.247,-4.1775,-1203.13,30m,holdout,0.3,368
8.0,0.25,288,0.51,1.5294,440.46,30m,holdout,0.3,368
8.0,0.5,288,0.413,0.132,38.02,30m,holdout,0.3,368
8.0,0.75,288,0.344,-0.8933,-257.27,30m,holdout,0.3,368
8.0,1.0,288,0.312,-2.0954,-603.49,30m,holdout,0.3,368
8.0,1.5,288,0.243,-3.4826,-1003.0,30m,holdout,0.3,368
8.0,2.0,288,0.219,-4.6317,-1333.93,30m,holdout,0.3,368
10.0,0.25,288,0.503,1.4168,408.04,30m,holdout,0.3,368
10.0,0.5,288,0.399,0.1216,35.03,30m,holdout,0.3,368
10.0,0.75,288,0.33,-0.7459,-214.81,30m,holdout,0.3,368
10.0,1.0,288,0.295,-2.1414,-616.73,30m,holdout,0.3,368
10.0,1.5,288,0.226,-3.4594,-996.32,30m,holdout,0.3,368
10.0,2.0,288,0.201,-4.5356,-1306.26,30m,holdout,0.3,368
12.0,0.25,288,0.503,1.4312,412.18,30m,holdout,0.3,368
12.0,0.5,288,0.396,0.0661,19.04,30m,holdout,0.3,368
12.0,0.75,288,0.326,-0.8806,-253.61,30m,holdout,0.3,368
12.0,1.0,288,0.292,-2.2962,-661.31,30m,holdout,0.3,368
12.0,1.5,288,0.219,-3.7248,-1072.75,30m,holdout,0.3,368
12.0,2.0,288,0.191,-4.9183,-1416.46,30m,holdout,0.3,368
15.0,0.25,288,0.503,1.3838,398.52,30m,holdout,0.3,368
15.0,0.5,288,0.392,0.0339,9.76,30m,holdout,0.3,368
15.0,0.75,288,0.323,-0.8662,-249.46,30m,holdout,0.3,368
15.0,1.0,288,0.288,-2.2418,-645.64,30m,holdout,0.3,368
15.0,1.5,288,0.215,-3.7295,-1074.08,30m,holdout,0.3,368
15.0,2.0,288,0.188,-4.9791,-1433.99,30m,holdout,0.3,368
20.0,0.25,288,0.503,1.384,398.58,30m,holdout,0.3,368
20.0,0.5,288,0.392,0.0078,2.26,30m,holdout,0.3,368
20.0,0.75,288,0.323,-0.8802,-253.49,30m,holdout,0.3,368
20.0,1.0,288,0.285,-2.257,-650.0,30m,holdout,0.3,368
20.0,1.5,288,0.212,-3.7781,-1088.1,30m,holdout,0.3,368
20.0,2.0,288,0.184,-5.0035,-1441.01,30m,holdout,0.3,368
5.0,0.25,288,0.531,1.4738,424.46,30m,holdout,0.325,368
5.0,0.5,288,0.448,0.1243,35.79,30m,holdout,0.325,368
5.0,0.75,288,0.378,-1.0238,-294.87,30m,holdout,0.325,368
5.0,1.0,288,0.351,-2.2019,-634.15,30m,holdout,0.325,368
5.0,1.5,288,0.302,-3.487,-1004.26,30m,holdout,0.325,368
5.0,2.0,288,0.281,-4.6836,-1348.89,30m,holdout,0.325,368
6.0,0.25,288,0.524,1.5153,436.39,30m,holdout,0.325,368
6.0,0.5,288,0.434,0.2351,67.72,30m,holdout,0.325,368
6.0,0.75,288,0.365,-0.7555,-217.57,30m,holdout,0.325,368
6.0,1.0,288,0.333,-1.9132,-551.0,30m,holdout,0.325,368
6.0,1.5,288,0.281,-3.2312,-930.59,30m,holdout,0.325,368
6.0,2.0,288,0.264,-4.4197,-1272.88,30m,holdout,0.325,368
7.0,0.25,288,0.521,1.6111,464.01,30m,holdout,0.325,368
7.0,0.5,288,0.431,0.4493,129.38,30m,holdout,0.325,368
7.0,0.75,288,0.361,-0.4654,-134.05,30m,holdout,0.325,368
7.0,1.0,288,0.323,-1.6702,-481.03,30m,holdout,0.325,368
7.0,1.5,288,0.264,-2.9414,-847.13,30m,holdout,0.325,368
7.0,2.0,288,0.247,-4.1115,-1184.12,30m,holdout,0.325,368
8.0,0.25,288,0.514,1.5974,460.05,30m,holdout,0.325,368
8.0,0.5,288,0.417,0.264,76.03,30m,holdout,0.325,368
8.0,0.75,288,0.347,-0.7299,-210.21,30m,holdout,0.325,368
8.0,1.0,288,0.309,-1.9348,-557.21,30m,holdout,0.325,368
8.0,1.5,288,0.247,-3.2576,-938.18,30m,holdout,0.325,368
8.0,2.0,288,0.222,-4.3919,-1264.87,30m,holdout,0.325,368
10.0,0.25,288,0.507,1.4473,416.81,30m,holdout,0.325,368
10.0,0.5,288,0.403,0.2374,68.36,30m,holdout,0.325,368
10.0,0.75,288,0.333,-0.6194,-178.39,30m,holdout,0.325,368
10.0,1.0,288,0.295,-2.0419,-588.07,30m,holdout,0.325,368
10.0,1.5,288,0.233,-3.2982,-949.9,30m,holdout,0.325,368
10.0,2.0,288,0.205,-4.3653,-1257.19,30m,holdout,0.325,368
12.0,0.25,288,0.503,1.378,396.86,30m,holdout,0.325,368
12.0,0.5,288,0.396,0.0911,26.23,30m,holdout,0.325,368
12.0,0.75,288,0.326,-0.8487,-244.44,30m,holdout,0.325,368
12.0,1.0,288,0.288,-2.2929,-660.36,30m,holdout,0.325,368
12.0,1.5,288,0.222,-3.6605,-1054.24,30m,holdout,0.325,368
12.0,2.0,288,0.191,-4.8449,-1395.32,30m,holdout,0.325,368
15.0,0.25,288,0.503,1.3307,383.23,30m,holdout,0.325,368
15.0,0.5,288,0.392,0.0589,16.95,30m,holdout,0.325,368
15.0,0.75,288,0.323,-0.8344,-240.32,30m,holdout,0.325,368
15.0,1.0,288,0.285,-2.2386,-644.71,30m,holdout,0.325,368
15.0,1.5,288,0.219,-3.6674,-1056.22,30m,holdout,0.325,368
15.0,2.0,288,0.188,-4.9144,-1415.36,30m,holdout,0.325,368
20.0,0.25,288,0.503,1.3309,383.29,30m,holdout,0.325,368
20.0,0.5,288,0.392,0.0328,9.45,30m,holdout,0.325,368
20.0,0.75,288,0.323,-0.8485,-244.36,30m,holdout,0.325,368
20.0,1.0,288,0.281,-2.2535,-649.02,30m,holdout,0.325,368
20.0,1.5,288,0.215,-3.7136,-1069.53,30m,holdout,0.325,368
20.0,2.0,288,0.184,-4.9304,-1419.96,30m,holdout,0.325,368
5.0,0.25,288,0.528,1.2797,368.54,30m,holdout,0.35,368
5.0,0.5,288,0.451,0.1489,42.87,30m,holdout,0.35,368
5.0,0.75,288,0.378,-1.0033,-288.96,30m,holdout,0.35,368
5.0,1.0,288,0.358,-2.1373,-615.53,30m,holdout,0.35,368
5.0,1.5,288,0.306,-3.4303,-987.91,30m,holdout,0.35,368
5.0,2.0,288,0.288,-4.614,-1328.82,30m,holdout,0.35,368
6.0,0.25,288,0.521,1.3527,389.58,30m,holdout,0.35,368
6.0,0.5,288,0.438,0.3148,90.67,30m,holdout,0.35,368
6.0,0.75,288,0.365,-0.6616,-190.55,30m,holdout,0.35,368
6.0,1.0,288,0.34,-1.8225,-524.89,30m,holdout,0.35,368
6.0,1.5,288,0.285,-3.1245,-899.86,30m,holdout,0.35,368
6.0,2.0,288,0.267,-4.2937,-1236.58,30m,holdout,0.35,368
7.0,0.25,288,0.517,1.4406,414.89,30m,holdout,0.35,368
7.0,0.5,288,0.434,0.5073,146.09,30m,holdout,0.35,368
7.0,0.75,288,0.361,-0.382,-110.01,30m,holdout,0.35,368
7.0,1.0,288,0.33,-1.5902,-457.99,30m,holdout,0.35,368
7.0,1.5,288,0.267,-2.927,-842.97,30m,holdout,0.35,368
7.0,2.0,288,0.25,-4.1234,-1187.55,30m,holdout,0.35,368
8.0,0.25,288,0.51,1.3892,400.09,30m,holdout,0.35,368
8.0,0.5,288,0.417,0.2418,69.65,30m,holdout,0.35,368
8.0,0.75,288,0.344,-0.7224,-208.05,30m,holdout,0.35,368
8.0,1.0,288,0.312,-1.9083,-549.59,30m,holdout,0.35,368
8.0,1.5,288,0.247,-3.2468,-935.07,30m,holdout,0.35,368
8.0,2.0,288,0.222,-4.3708,-1258.79,30m,holdout,0.35,368
10.0,0.25,288,0.503,1.2523,360.67,30m,holdout,0.35,368
10.0,0.5,288,0.403,0.2398,69.07,30m,holdout,0.35,368
10.0,0.75,288,0.33,-0.5838,-168.13,30m,holdout,0.35,368
10.0,1.0,288,0.299,-1.9852,-571.73,30m,holdout,0.35,368
10.0,1.5,288,0.233,-3.259,-938.6,30m,holdout,0.35,368
10.0,2.0,288,0.205,-4.3232,-1245.07,30m,holdout,0.35,368
12.0,0.25,288,0.5,1.1736,338.0,30m,holdout,0.35,368
12.0,0.5,288,0.396,0.0783,22.56,30m,holdout,0.35,368
12.0,0.75,288,0.323,-0.8409,-242.19,30m,holdout,0.35,368
12.0,1.0,288,0.292,-2.2753,-655.28,30m,holdout,0.35,368
12.0,1.5,288,0.222,-3.671,-1057.24,30m,holdout,0.35,368
12.0,2.0,288,0.191,-4.852,-1397.39,30m,holdout,0.35,368
15.0,0.25,288,0.5,1.1264,324.4,30m,holdout,0.35,368
15.0,0.5,288,0.396,0.0461,13.27,30m,holdout,0.35,368
15.0,0.75,288,0.319,-0.8178,-235.54,30m,holdout,0.35,368
15.0,1.0,288,0.288,-2.204,-634.76,30m,holdout,0.35,368
15.0,1.5,288,0.219,-3.654,-1052.34,30m,holdout,0.35,368
15.0,2.0,288,0.188,-4.8954,-1409.87,30m,holdout,0.35,368
20.0,0.25,288,0.5,1.1266,324.46,30m,holdout,0.35,368
20.0,0.5,288,0.396,0.0201,5.8,30m,holdout,0.35,368
20.0,0.75,288,0.319,-0.8314,-239.44,30m,holdout,0.35,368
20.0,1.0,288,0.285,-2.218,-638.79,30m,holdout,0.35,368
20.0,1.5,288,0.215,-3.6969,-1064.7,30m,holdout,0.35,368
20.0,2.0,288,0.184,-4.9056,-1412.81,30m,holdout,0.35,368
5.0,0.25,287,0.526,1.3147,377.32,30m,holdout,0.375,368
5.0,0.5,287,0.449,0.0841,24.13,30m,holdout,0.375,368
5.0,0.75,287,0.376,-1.087,-311.96,30m,holdout,0.375,368
5.0,1.0,287,0.355,-2.1988,-631.06,30m,holdout,0.375,368
5.0,1.5,287,0.307,-3.5017,-1004.99,30m,holdout,0.375,368
5.0,2.0,287,0.289,-4.6698,-1340.22,30m,holdout,0.375,368
6.0,0.25,287,0.519,1.3719,393.74,30m,holdout,0.375,368
6.0,0.5,287,0.436,0.3648,104.68,30m,holdout,0.375,368
6.0,0.75,287,0.362,-0.6409,-183.93,30m,holdout,0.375,368
6.0,1.0,287,0.338,-1.7965,-515.61,30m,holdout,0.375,368
6.0,1.5,287,0.279,-3.1623,-907.58,30m,holdout,0.375,368
6.0,2.0,287,0.261,-4.3404,-1245.69,30m,holdout,0.375,368
7.0,0.25,287,0.516,1.4563,417.96,30m,holdout,0.375,368
7.0,0.5,287,0.432,0.498,142.93,30m,holdout,0.375,368
7.0,0.75,287,0.359,-0.4239,-121.66,30m,holdout,0.375,368
7.0,1.0,287,0.331,-1.4775,-424.05,30m,holdout,0.375,368
7.0,1.5,287,0.265,-2.8104,-806.58,30m,holdout,0.375,368
7.0,2.0,287,0.247,-3.9844,-1143.51,30m,holdout,0.375,368
8.0,0.25,287,0.509,1.3981,401.24,30m,holdout,0.375,368
8.0,0.5,287,0.418,0.3531,101.34,30m,holdout,0.375,368
8.0,0.75,287,0.345,-0.633,-181.66,30m,holdout,0.375,368
8.0,1.0,287,0.314,-1.8033,-517.54,30m,holdout,0.375,368
8.0,1.5,287,0.244,-3.0979,-889.1,30m,holdout,0.375,368
8.0,2.0,287,0.223,-4.2041,-1206.58,30m,holdout,0.375,368
10.0,0.25,287,0.502,1.2659,363.31,30m,holdout,0.375,368
10.0,0.5,287,0.401,0.236,67.73,30m,holdout,0.375,368
10.0,0.75,287,0.328,-0.6417,-184.17,30m,holdout,0.375,368
10.0,1.0,287,0.296,-2.0565,-590.21,30m,holdout,0.375,368
10.0,1.5,287,0.226,-3.228,-926.44,30m,holdout,0.375,368
10.0,2.0,287,0.202,-4.2599,-1222.6,30m,holdout,0.375,368
12.0,0.25,287,0.498,1.1873,340.74,30m,holdout,0.375,368
12.0,0.5,287,0.394,0.082,23.52,30m,holdout,0.375,368
12.0,0.75,287,0.321,-0.8854,-254.1,30m,holdout,0.375,368
12.0,1.0,287,0.289,-2.3096,-662.87,30m,holdout,0.375,368
12.0,1.5,287,0.216,-3.6071,-1035.24,30m,holdout,0.375,368
12.0,2.0,287,0.188,-4.8149,-1381.88,30m,holdout,0.375,368
15.0,0.25,287,0.498,1.14,327.17,30m,holdout,0.375,368
15.0,0.5,287,0.394,0.0481,13.81,30m,holdout,0.375,368
15.0,0.75,287,0.317,-0.8778,-251.92,30m,holdout,0.375,368
15.0,1.0,287,0.286,-2.2613,-649.0,30m,holdout,0.375,368
15.0,1.5,287,0.213,-3.6196,-1038.83,30m,holdout,0.375,368
15.0,2.0,287,0.185,-4.9041,-1407.47,30m,holdout,0.375,368
20.0,0.25,287,0.498,1.1402,327.23,30m,holdout,0.375,368
20.0,0.5,287,0.394,0.0235,6.76,30m,holdout,0.375,368
20.0,0.75,287,0.317,-0.876,-251.41,30m,holdout,0.375,368
20.0,1.0,287,0.282,-2.2517,-646.23,30m,holdout,0.375,368
20.0,1.5,287,0.209,-3.6307,-1042.0,30m,holdout,0.375,368
20.0,2.0,287,0.181,-4.8649,-1396.23,30m,holdout,0.375,368
5.0,0.25,287,0.523,1.3007,373.3,30m,holdout,0.4,368
5.0,0.5,287,0.446,0.0361,10.35,30m,holdout,0.4,368
5.0,0.75,287,0.376,-1.0135,-290.88,30m,holdout,0.4,368
5.0,1.0,287,0.355,-2.0673,-593.32,30m,holdout,0.4,368
5.0,1.5,287,0.317,-3.3575,-963.59,30m,holdout,0.4,368
5.0,2.0,287,0.3,-4.5061,-1293.25,30m,holdout,0.4,368
6.0,0.25,287,0.516,1.3848,397.44,30m,holdout,0.4,368
6.0,0.5,287,0.436,0.3824,109.75,30m,holdout,0.4,368
6.0,0.75,287,0.366,-0.6359,-182.5,30m,holdout,0.4,368
6.0,1.0,287,0.341,-1.7843,-512.1,30m,holdout,0.4,368
6.0,1.5,287,0.286,-3.118,-894.86,30m,holdout,0.4,368
6.0,2.0,287,0.265,-4.2765,-1227.37,30m,holdout,0.4,368
7.0,0.25,287,0.512,1.4666,420.93,30m,holdout,0.4,368
7.0,0.5,287,0.429,0.476,136.61,30m,holdout,0.4,368
7.0,0.75,287,0.359,-0.5113,-146.76,30m,holdout,0.4,368
7.0,1.0,287,0.331,-1.604,-460.34,30m,holdout,0.4,368
7.0,1.5,287,0.268,-3.0222,-867.36,30m,holdout,0.4,368
7.0,2.0,287,0.247,-4.2246,-1212.47,30m,holdout,0.4,368
8.0,0.25,287,0.505,1.4129,405.51,30m,holdout,0.4,368
8.0,0.5,287,0.418,0.5315,152.55,30m,holdout,0.4,368
8.0,0.75,287,0.348,-0.341,-97.87,30m,holdout,0.4,368
8.0,1.0,287,0.317,-1.4501,-416.19,30m,holdout,0.4,368
8.0,1.5,287,0.254,-2.7362,-785.29,30m,holdout,0.4,368
8.0,2.0,287,0.23,-3.8355,-1100.79,30m,holdout,0.4,368
10.0,0.25,287,0.498,1.2852,368.85,30m,holdout,0.4,368
10.0,0.5,287,0.397,0.2911,83.56,30m,holdout,0.4,368
10.0,0.75,287,0.328,-0.5733,-164.54,30m,holdout,0.4,368
10.0,1.0,287,0.296,-1.9613,-562.9,30m,holdout,0.4,368
10.0,1.5,287,0.23,-3.1538,-905.14,30m,holdout,0.4,368
10.0,2.0,287,0.202,-4.1872,-1201.74,30m,holdout,0.4,368
12.0,0.25,287,0.495,1.2069,346.38,30m,holdout,0.4,368
12.0,0.5,287,0.39,0.1376,39.48,30m,holdout,0.4,368
12.0,0.75,287,0.321,-0.8184,-234.89,30m,holdout,0.4,368
12.0,1.0,287,0.289,-2.2183,-636.64,30m,holdout,0.4,368
12.0,1.5,287,0.22,-3.5295,-1012.96,30m,holdout,0.4,368
12.0,2.0,287,0.188,-4.7318,-1358.03,30m,holdout,0.4,368
15.0,0.25,287,0.495,1.1597,332.83,30m,holdout,0.4,368
15.0,0.5,287,0.39,0.1037,29.77,30m,holdout,0.4,368
15.0,0.75,287,0.317,-0.811,-232.75,30m,holdout,0.4,368
15.0,1.0,287,0.286,-2.1707,-622.98,30m,holdout,0.4,368
15.0,1.5,287,0.216,-3.5458,-1017.65,30m,holdout,0.4,368
15.0,2.0,287,0.185,-4.8956,-1405.03,30m,holdout,0.4,368
20.0,0.25,287,0.495,1.1599,332.89,30m,holdout,0.4,368
20.0,0.5,287,0.39,0.0791,22.71,30m,holdout,0.4,368
20.0,0.75,287,0.317,-0.8093,-232.26,30m,holdout,0.4,368
20.0,1.0,287,0.282,-2.1607,-620.12,30m,holdout,0.4,368
20.0,1.5,287,0.213,-3.5544,-1020.12,30m,holdout,0.4,368
20.0,2.0,287,0.181,-4.8531,-1392.84,30m,holdout,0.4,368
5.0,0.25,287,0.523,1.3116,376.42,30m,holdout,0.425,368
5.0,0.5,287,0.446,-0.0157,-4.5,30m,holdout,0.425,368
5.0,0.75,287,0.376,-1.077,-309.11,30m,holdout,0.425,368
5.0,1.0,287,0.359,-2.1114,-605.97,30m,holdout,0.425,368
5.0,1.5,287,0.317,-3.435,-985.83,30m,holdout,0.425,368
5.0,2.0,287,0.3,-4.5829,-1315.29,30m,holdout,0.425,368
6.0,0.25,287,0.519,1.4881,427.08,30m,holdout,0.425,368
6.0,0.5,287,0.439,0.4971,142.68,30m,holdout,0.425,368
6.0,0.75,287,0.369,-0.5302,-152.16,30m,holdout,0.425,368
6.0,1.0,287,0.352,-1.6494,-473.39,30m,holdout,0.425,368
6.0,1.5,287,0.293,-3.0234,-867.72,30m,holdout,0.425,368
6.0,2.0,287,0.272,-4.1918,-1203.05,30m,holdout,0.425,368
7.0,0.25,287,0.512,1.526,437.97,30m,holdout,0.425,368
7.0,0.5,287,0.429,0.5222,149.87,30m,holdout,0.425,368
7.0,0.75,287,0.359,-0.462,-132.6,30m,holdout,0.425,368
7.0,1.0,287,0.334,-1.5344,-440.36,30m,holdout,0.425,368
7.0,1.5,287,0.268,-2.9417,-844.27,30m,holdout,0.425,368
7.0,2.0,287,0.247,-4.107,-1178.72,30m,holdout,0.425,368
8.0,0.25,287,0.505,1.5148,434.74,30m,holdout,0.425,368
8.0,0.5,287,0.422,0.6845,196.46,30m,holdout,0.425,368
8.0,0.75,287,0.352,-0.1806,-51.84,30m,holdout,0.425,368
8.0,1.0,287,0.324,-1.2656,-363.24,30m,holdout,0.425,368
8.0,1.5,287,0.258,-2.5859,-742.15,30m,holdout,0.425,368
8.0,2.0,287,0.233,-3.6857,-1057.79,30m,holdout,0.425,368
10.0,0.25,287,0.498,1.3473,386.68,30m,holdout,0.425,368
10.0,0.5,287,0.397,0.3592,103.1,30m,holdout,0.425,368
10.0,0.75,287,0.328,-0.4977,-142.85,30m,holdout,0.425,368
10.0,1.0,287,0.3,-1.8599,-533.79,30m,holdout,0.425,368
10.0,1.5,287,0.23,-3.1249,-896.85,30m,holdout,0.425,368
10.0,2.0,287,0.202,-4.1959,-1204.21,30m,holdout,0.425,368
12.0,0.25,287,0.495,1.2694,364.32,30m,holdout,0.425,368
12.0,0.5,287,0.39,0.2058,59.05,30m,holdout,0.425,368
12.0,0.75,287,0.321,-0.7472,-214.44,30m,holdout,0.425,368
12.0,1.0,287,0.293,-2.1499,-617.02,30m,holdout,0.425,368
12.0,1.5,287,0.22,-3.4458,-988.95,30m,holdout,0.425,368
12.0,2.0,287,0.188,-4.5957,-1318.97,30m,holdout,0.425,368
15.0,0.25,287,0.495,1.2223,350.79,30m,holdout,0.425,368
15.0,0.5,287,0.39,0.1707,48.99,30m,holdout,0.425,368
15.0,0.75,287,0.317,-0.7441,-213.55,30m,holdout,0.425,368
15.0,1.0,287,0.289,-2.1074,-604.84,30m,holdout,0.425,368
15.0,1.5,287,0.216,-3.4604,-993.15,30m,holdout,0.425,368
15.0,2.0,287,0.185,-4.7957,-1376.37,30m,holdout,0.425,368
20.0,0.25,287,0.495,1.2225,350.85,30m,holdout,0.425,368
20.0,0.5,287,0.39,0.1478,42.41,30m,holdout,0.425,368
20.0,0.75,287,0.317,-0.7322,-210.14,30m,holdout,0.425,368
20.0,1.0,287,0.286,-2.0455,-587.07,30m,holdout,0.425,368
20.0,1.5,287,0.213,-3.3966,-974.82,30m,holdout,0.425,368
20.0,2.0,287,0.181,-4.6654,-1338.98,30m,holdout,0.425,368
5.0,0.25,286,0.531,1.3947,398.89,30m,holdout,0.45,368
5.0,0.5,286,0.448,0.0418,11.96,30m,holdout,0.45,368
5.0,0.75,286,0.378,-1.0626,-303.91,30m,holdout,0.45,368
5.0,1.0,286,0.36,-2.026,-579.45,30m,holdout,0.45,368
5.0,1.5,286,0.318,-3.3611,-961.28,30m,holdout,0.45,368
5.0,2.0,286,0.308,-4.4888,-1283.78,30m,holdout,0.45,368
6.0,0.25,286,0.528,1.5957,456.38,30m,holdout,0.45,368
6.0,0.5,286,0.441,0.6405,183.18,30m,holdout,0.45,368
6.0,0.75,286,0.371,-0.3563,-101.9,30m,holdout,0.45,368
6.0,1.0,286,0.353,-1.4386,-411.44,30m,holdout,0.45,368
6.0,1.5,286,0.301,-2.8228,-807.31,30m,holdout,0.45,368
6.0,2.0,286,0.28,-3.9774,-1137.55,30m,holdout,0.45,368
7.0,0.25,286,0.521,1.6036,458.62,30m,holdout,0.45,368
7.0,0.5,286,0.43,0.625,178.74,30m,holdout,0.45,368
7.0,0.75,286,0.36,-0.349,-99.81,30m,holdout,0.45,368
7.0,1.0,286,0.339,-1.4012,-400.75,30m,holdout,0.45,368
7.0,1.5,286,0.276,-2.8406,-812.42,30m,holdout,0.45,368
7.0,2.0,286,0.255,-4.0037,-1145.06,30m,holdout,0.45,368
8.0,0.25,286,0.514,1.5734,449.99,30m,holdout,0.45,368
8.0,0.5,286,0.423,0.7261,207.67,30m,holdout,0.45,368
8.0,0.75,286,0.353,-0.1646,-47.09,30m,holdout,0.45,368
8.0,1.0,286,0.329,-1.1509,-329.16,30m,holdout,0.45,368
8.0,1.5,286,0.266,-2.5646,-733.47,30m,holdout,0.45,368
8.0,2.0,286,0.241,-3.7299,-1066.76,30m,holdout,0.45,368
10.0,0.25,286,0.507,1.4342,410.19,30m,holdout,0.45,368
10.0,0.5,286,0.402,0.5078,145.23,30m,holdout,0.45,368
10.0,0.75,286,0.332,-0.3342,-95.58,30m,holdout,0.45,368
10.0,1.0,286,0.304,-1.6648,-476.14,30m,holdout,0.45,368
10.0,1.5,286,0.238,-2.9489,-843.39,30m,holdout,0.45,368
10.0,2.0,286,0.213,-4.0109,-1147.12,30m,holdout,0.45,368
12.0,0.25,286,0.503,1.3566,387.98,30m,holdout,0.45,368
12.0,0.5,286,0.392,0.2804,80.19,30m,holdout,0.45,368
12.0,0.75,286,0.322,-0.5733,-163.97,30m,holdout,0.45,368
12.0,1.0,286,0.294,-1.9141,-547.42,30m,holdout,0.45,368
12.0,1.5,286,0.224,-3.2102,-918.1,30m,holdout,0.45,368
12.0,2.0,286,0.199,-4.3459,-1242.94,30m,holdout,0.45,368
15.0,0.25,286,0.503,1.3118,375.17,30m,holdout,0.45,368
15.0,0.5,286,0.392,0.2757,78.84,30m,holdout,0.45,368
15.0,0.75,286,0.318,-0.6319,-180.72,30m,holdout,0.45,368
15.0,1.0,286,0.29,-1.968,-562.84,30m,holdout,0.45,368
15.0,1.5,286,0.22,-3.3471,-957.28,30m,holdout,0.45,368
15.0,2.0,286,0.192,-4.6158,-1320.11,30m,holdout,0.45,368
20.0,0.25,286,0.503,1.312,375.23,30m,holdout,0.45,368
20.0,0.5,286,0.392,0.2526,72.25,30m,holdout,0.45,368
20.0,0.75,286,0.318,-0.6201,-177.34,30m,holdout,0.45,368
20.0,1.0,286,0.287,-1.9061,-545.13,30m,holdout,0.45,368
20.0,1.5,286,0.217,-3.2907,-941.15,30m,holdout,0.45,368
20.0,2.0,286,0.189,-4.5807,-1310.09,30m,holdout,0.45,368
5.0,0.25,285,0.526,1.3949,397.55,30m,holdout,0.475,368
5.0,0.5,285,0.446,-0.0127,-3.62,30m,holdout,0.475,368
5.0,0.75,285,0.379,-1.1284,-321.6,30m,holdout,0.475,368
5.0,1.0,285,0.361,-2.077,-591.95,30m,holdout,0.475,368
5.0,1.5,285,0.316,-3.4572,-985.3,30m,holdout,0.475,368
5.0,2.0,285,0.309,-4.605,-1312.43,30m,holdout,0.475,368
6.0,0.25,285,0.523,1.5393,438.71,30m,holdout,0.475,368
6.0,0.5,285,0.439,0.5329,151.89,30m,holdout,0.475,368
6.0,0.75,285,0.372,-0.459,-130.82,30m,holdout,0.475,368
6.0,1.0,285,0.351,-1.5127,-431.13,30m,holdout,0.475,368
6.0,1.5,285,0.295,-2.9293,-834.85,30m,holdout,0.475,368
6.0,2.0,285,0.281,-4.0832,-1163.7,30m,holdout,0.475,368
7.0,0.25,285,0.519,1.5586,444.19,30m,holdout,0.475,368
7.0,0.5,285,0.428,0.5563,158.54,30m,holdout,0.475,368
7.0,0.75,285,0.361,-0.3803,-108.38,30m,holdout,0.475,368
7.0,1.0,285,0.337,-1.4464,-412.22,30m,holdout,0.475,368
7.0,1.5,285,0.274,-2.903,-827.35,30m,holdout,0.475,368
7.0,2.0,285,0.256,-4.0618,-1157.62,30m,holdout,0.475,368
8.0,0.25,285,0.512,1.5356,437.65,30m,holdout,0.475,368
8.0,0.5,285,0.421,0.6371,181.57,30m,holdout,0.475,368
8.0,0.75,285,0.354,-0.226,-64.41,30m,holdout,0.475,368
8.0,1.0,285,0.326,-1.2246,-349.0,30m,holdout,0.475,368
8.0,1.5,285,0.26,-2.6418,-752.92,30m,holdout,0.475,368
8.0,2.0,285,0.239,-3.8039,-1084.12,30m,holdout,0.475,368
10.0,0.25,285,0.505,1.4046,400.31,30m,holdout,0.475,368
10.0,0.5,285,0.4,0.4327,123.33,30m,holdout,0.475,368
10.0,0.75,285,0.333,-0.3949,-112.54,30m,holdout,0.475,368
10.0,1.0,285,0.302,-1.7465,-497.77,30m,holdout,0.475,368
10.0,1.5,285,0.232,-3.0442,-867.58,30m,holdout,0.475,368
10.0,2.0,285,0.211,-4.108,-1170.79,30m,holdout,0.475,368
12.0,0.25,285,0.502,1.327,378.19,30m,holdout,0.475,368
12.0,0.5,285,0.393,0.2939,83.75,30m,holdout,0.475,368
12.0,0.75,285,0.326,-0.519,-147.92,30m,holdout,0.475,368
12.0,1.0,285,0.295,-1.818,-518.13,30m,holdout,0.475,368
12.0,1.5,285,0.221,-2.9583,-843.12,30m,holdout,0.475,368
12.0,2.0,285,0.2,-4.0121,-1143.45,30m,holdout,0.475,368
15.0,0.25,285,0.502,1.2822,365.42,30m,holdout,0.475,368
15.0,0.5,285,0.389,0.2004,57.13,30m,holdout,0.475,368
15.0,0.75,285,0.319,-0.6834,-194.78,30m,holdout,0.475,368
15.0,1.0,285,0.288,-2.0326,-579.28,30m,holdout,0.475,368
15.0,1.5,285,0.214,-3.4113,-972.21,30m,holdout,0.475,368
15.0,2.0,285,0.189,-4.6759,-1332.62,30m,holdout,0.475,368
20.0,0.25,285,0.502,1.2824,365.48,30m,holdout,0.475,368
20.0,0.5,285,0.389,0.1773,50.53,30m,holdout,0.475,368
20.0,0.75,285,0.319,-0.6719,-191.51,30m,holdout,0.475,368
20.0,1.0,285,0.284,-1.9735,-562.45,30m,holdout,0.475,368
20.0,1.5,285,0.211,-3.3668,-959.54,30m,holdout,0.475,368
20.0,2.0,285,0.186,-4.6617,-1328.57,30m,holdout,0.475,368
5.0,0.25,283,0.519,1.2767,361.29,30m,holdout,0.5,368
5.0,0.5,283,0.449,-0.1778,-50.31,30m,holdout,0.5,368
5.0,0.75,283,0.378,-1.2779,-361.64,30m,holdout,0.5,368
5.0,1.0,283,0.353,-2.1817,-617.41,30m,holdout,0.5,368
5.0,1.5,283,0.314,-3.5982,-1018.29,30m,holdout,0.5,368
5.0,2.0,283,0.311,-4.7448,-1342.78,30m,holdout,0.5,368
6.0,0.25,283,0.516,1.4111,399.33,30m,holdout,0.5,368
6.0,0.5,283,0.442,0.2982,84.39,30m,holdout,0.5,368
6.0,0.75,283,0.371,-0.7875,-222.87,30m,holdout,0.5,368
6.0,1.0,283,0.346,-1.8498,-523.48,30m,holdout,0.5,368
6.0,1.5,283,0.29,-3.3611,-951.18,30m,holdout,0.5,368
6.0,2.0,283,0.276,-4.5405,-1284.97,30m,holdout,0.5,368
7.0,0.25,283,0.512,1.4961,423.41,30m,holdout,0.5,368
7.0,0.5,283,0.435,0.4255,120.41,30m,holdout,0.5,368
7.0,0.75,283,0.364,-0.5579,-157.89,30m,holdout,0.5,368
7.0,1.0,283,0.336,-1.6174,-457.73,30m,holdout,0.5,368
7.0,1.5,283,0.272,-3.1035,-878.28,30m,holdout,0.5,368
7.0,2.0,283,0.254,-4.2619,-1206.13,30m,holdout,0.5,368
8.0,0.25,283,0.505,1.4445,408.8,30m,holdout,0.5,368
8.0,0.5,283,0.424,0.4736,134.04,30m,holdout,0.5,368
8.0,0.75,283,0.353,-0.4359,-123.37,30m,holdout,0.5,368
8.0,1.0,283,0.322,-1.4512,-410.68,30m,holdout,0.5,368
8.0,1.5,283,0.254,-2.9762,-842.28,30m,holdout,0.5,368
8.0,2.0,283,0.233,-4.174,-1181.23,30m,holdout,0.5,368
10.0,0.25,283,0.498,1.3247,374.9,30m,holdout,0.5,368
10.0,0.5,283,0.403,0.257,72.73,30m,holdout,0.5,368
10.0,0.75,283,0.332,-0.6181,-174.93,30m,holdout,0.5,368
10.0,1.0,283,0.293,-1.9657,-556.3,30m,holdout,0.5,368
10.0,1.5,283,0.226,-3.3608,-951.11,30m,holdout,0.5,368
10.0,2.0,283,0.205,-4.4628,-1262.97,30m,holdout,0.5,368
12.0,0.25,283,0.498,1.3317,376.88,30m,holdout,0.5,368
12.0,0.5,283,0.399,0.2367,66.98,30m,holdout,0.5,368
12.0,0.75,283,0.329,-0.6021,-170.4,30m,holdout,0.5,368
12.0,1.0,283,0.29,-1.8844,-533.29,30m,holdout,0.5,368
12.0,1.5,283,0.219,-3.1139,-881.24,30m,holdout,0.5,368
12.0,2.0,283,0.198,-4.2124,-1192.1,30m,holdout,0.5,368
15.0,0.25,283,0.495,1.2042,340.78,30m,holdout,0.5,368
15.0,0.5,283,0.396,0.1319,37.32,30m,holdout,0.5,368
15.0,0.75,283,0.322,-0.7763,-219.7,30m,holdout,0.5,368
15.0,1.0,283,0.283,-2.1117,-597.6,30m,holdout,0.5,368
15.0,1.5,283,0.212,-3.5789,-1012.82,30m,holdout,0.5,368
15.0,2.0,283,0.187,-4.879,-1380.77,30m,holdout,0.5,368
20.0,0.25,283,0.495,1.2044,340.84,30m,holdout,0.5,368
20.0,0.5,283,0.396,0.1132,32.02,30m,holdout,0.5,368
20.0,0.75,283,0.322,-0.7479,-211.67,30m,holdout,0.5,368
20.0,1.0,283,0.279,-2.0255,-573.22,30m,holdout,0.5,368
20.0,1.5,283,0.208,-3.4947,-989.0,30m,holdout,0.5,368
20.0,2.0,283,0.184,-4.8213,-1364.43,30m,holdout,0.5,368
5.0,0.25,282,0.511,1.0346,291.75,30m,holdout,0.525,368
5.0,0.5,282,0.447,-0.3143,-88.64,30m,holdout,0.525,368
5.0,0.75,282,0.372,-1.3707,-386.53,30m,holdout,0.525,368
5.0,1.0,282,0.348,-2.2557,-636.11,30m,holdout,0.525,368
5.0,1.5,282,0.316,-3.6552,-1030.77,30m,holdout,0.525,368
5.0,2.0,282,0.312,-4.7919,-1351.32,30m,holdout,0.525,368
6.0,0.25,282,0.507,1.1405,321.62,30m,holdout,0.525,368
6.0,0.5,282,0.436,0.0056,1.58,30m,holdout,0.525,368
6.0,0.75,282,0.365,-1.1024,-310.86,30m,holdout,0.525,368
6.0,1.0,282,0.337,-2.0857,-588.17,30m,holdout,0.525,368
6.0,1.5,282,0.284,-3.5575,-1003.2,30m,holdout,0.525,368
6.0,2.0,282,0.27,-4.7148,-1329.58,30m,holdout,0.525,368
7.0,0.25,282,0.504,1.2472,351.7,30m,holdout,0.525,368
7.0,0.5,282,0.429,0.1927,54.33,30m,holdout,0.525,368
7.0,0.75,282,0.358,-0.7934,-223.73,30m,holdout,0.525,368
7.0,1.0,282,0.326,-1.8026,-508.35,30m,holdout,0.525,368
7.0,1.5,282,0.266,-3.2816,-925.41,30m,holdout,0.525,368
7.0,2.0,282,0.252,-4.4402,-1252.15,30m,holdout,0.525,368
8.0,0.25,282,0.496,1.1907,335.78,30m,holdout,0.525,368
8.0,0.5,282,0.418,0.2071,58.4,30m,holdout,0.525,368
8.0,0.75,282,0.348,-0.7271,-205.04,30m,holdout,0.525,368
8.0,1.0,282,0.312,-1.6976,-478.73,30m,holdout,0.525,368
8.0,1.5,282,0.248,-3.1981,-901.87,30m,holdout,0.525,368
8.0,2.0,282,0.23,-4.3786,-1234.76,30m,holdout,0.525,368
10.0,0.25,282,0.489,1.0766,303.6,30m,holdout,0.525,368
10.0,0.5,282,0.401,0.0054,1.52,30m,holdout,0.525,368
10.0,0.75,282,0.326,-0.8765,-247.16,30m,holdout,0.525,368
10.0,1.0,282,0.287,-1.8403,-518.95,30m,holdout,0.525,368
10.0,1.5,282,0.223,-3.2147,-906.54,30m,holdout,0.525,368
10.0,2.0,282,0.206,-4.3023,-1213.25,30m,holdout,0.525,368
12.0,0.25,282,0.489,1.0846,305.87,30m,holdout,0.525,368
12.0,0.5,282,0.397,0.0141,3.97,30m,holdout,0.525,368
12.0,0.75,282,0.323,-0.8223,-231.9,30m,holdout,0.525,368
12.0,1.0,282,0.28,-2.0545,-579.37,30m,holdout,0.525,368
12.0,1.5,282,0.213,-3.2775,-924.25,30m,holdout,0.525,368
12.0,2.0,282,0.195,-4.3748,-1233.7,30m,holdout,0.525,368
15.0,0.25,282,0.489,1.0395,293.13,30m,holdout,0.525,368
15.0,0.5,282,0.397,0.0022,0.61,30m,holdout,0.525,368
15.0,0.75,282,0.319,-0.8974,-253.06,30m,holdout,0.525,368
15.0,1.0,282,0.277,-2.1734,-612.9,30m,holdout,0.525,368
15.0,1.5,282,0.209,-3.6048,-1016.57,30m,holdout,0.525,368
15.0,2.0,282,0.188,-4.8851,-1377.6,30m,holdout,0.525,368
20.0,0.25,282,0.489,1.0397,293.19,30m,holdout,0.525,368
20.0,0.5,282,0.397,-0.0181,-5.1,30m,holdout,0.525,368
20.0,0.75,282,0.319,-0.8745,-246.62,30m,holdout,0.525,368
20.0,1.0,282,0.273,-2.0982,-591.7,30m,holdout,0.525,368
20.0,1.5,282,0.206,-3.4832,-982.26,30m,holdout,0.525,368
20.0,2.0,282,0.184,-4.7717,-1345.63,30m,holdout,0.525,368
5.0,0.25,278,0.507,1.0384,288.67,30m,holdout,0.55,368
5.0,0.5,278,0.446,-0.3433,-95.45,30m,holdout,0.55,368
5.0,0.75,278,0.367,-1.4061,-390.91,30m,holdout,0.55,368
5.0,1.0,278,0.342,-2.2939,-637.69,30m,holdout,0.55,368
5.0,1.5,278,0.309,-3.7,-1028.59,30m,holdout,0.55,368
5.0,2.0,278,0.306,-4.8416,-1345.96,30m,holdout,0.55,368
6.0,0.25,278,0.507,1.2081,335.87,30m,holdout,0.55,368
6.0,0.5,278,0.439,-0.0059,-1.64,30m,holdout,0.55,368
6.0,0.75,278,0.363,-1.1237,-312.39,30m,holdout,0.55,368
6.0,1.0,278,0.335,-2.0532,-570.78,30m,holdout,0.55,368
6.0,1.5,278,0.284,-3.4746,-965.95,30m,holdout,0.55,368
6.0,2.0,278,0.281,-4.6104,-1281.69,30m,holdout,0.55,368
7.0,0.25,278,0.504,1.3233,367.87,30m,holdout,0.55,368
7.0,0.5,278,0.432,0.1638,45.55,30m,holdout,0.55,368
7.0,0.75,278,0.356,-0.8568,-238.19,30m,holdout,0.55,368
7.0,1.0,278,0.32,-1.8563,-516.04,30m,holdout,0.55,368
7.0,1.5,278,0.259,-3.3352,-927.17,30m,holdout,0.55,368
7.0,2.0,278,0.248,-4.4897,-1248.14,30m,holdout,0.55,368
8.0,0.25,278,0.496,1.3023,362.05,30m,holdout,0.55,368
8.0,0.5,278,0.424,0.2736,76.05,30m,holdout,0.55,368
8.0,0.75,278,0.349,-0.6909,-192.08,30m,holdout,0.55,368
8.0,1.0,278,0.309,-1.6784,-466.61,30m,holdout,0.55,368
8.0,1.5,278,0.245,-3.1666,-880.31,30m,holdout,0.55,368
8.0,2.0,278,0.23,-4.317,-1200.13,30m,holdout,0.55,368
10.0,0.25,278,0.493,1.3525,375.98,30m,holdout,0.55,368
10.0,0.5,278,0.414,0.2311,64.24,30m,holdout,0.55,368
10.0,0.75,278,0.335,-0.5818,-161.73,30m,holdout,0.55,368
10.0,1.0,278,0.291,-1.507,-418.93,30m,holdout,0.55,368
10.0,1.5,278,0.227,-2.8595,-794.94,30m,holdout,0.55,368
10.0,2.0,278,0.212,-3.9322,-1093.15,30m,holdout,0.55,368
12.0,0.25,278,0.489,1.2018,334.1,30m,holdout,0.55,368
12.0,0.5,278,0.403,0.1088,30.23,30m,holdout,0.55,368
12.0,0.75,278,0.324,-0.7314,-203.33,30m,holdout,0.55,368
12.0,1.0,278,0.277,-1.961,-545.15,30m,holdout,0.55,368
12.0,1.5,278,0.209,-3.1995,-889.46,30m,holdout,0.55,368
12.0,2.0,278,0.194,-4.305,-1196.78,30m,holdout,0.55,368
15.0,0.25,278,0.489,1.2056,335.15,30m,holdout,0.55,368
15.0,0.5,278,0.403,0.1607,44.66,30m,holdout,0.55,368
15.0,0.75,278,0.324,-0.7354,-204.45,30m,holdout,0.55,368
15.0,1.0,278,0.277,-1.9985,-555.58,30m,holdout,0.55,368
15.0,1.5,278,0.209,-3.4501,-959.12,30m,holdout,0.55,368
15.0,2.0,278,0.191,-4.685,-1302.42,30m,holdout,0.55,368
20.0,0.25,278,0.489,1.1562,321.42,30m,holdout,0.55,368
20.0,0.5,278,0.403,0.0728,20.23,30m,holdout,0.55,368
20.0,0.75,278,0.32,-0.7946,-220.91,30m,holdout,0.55,368
20.0,1.0,278,0.27,-2.0222,-562.16,30m,holdout,0.55,368
20.0,1.5,278,0.201,-3.4391,-956.07,30m,holdout,0.55,368
20.0,2.0,278,0.183,-4.7547,-1321.8,30m,holdout,0.55,368
5.0,0.25,277,0.505,1.003,277.84,30m,holdout,0.575,368
5.0,0.5,277,0.444,-0.4565,-126.46,30m,holdout,0.575,368
5.0,0.75,277,0.365,-1.5258,-422.63,30m,holdout,0.575,368
5.0,1.0,277,0.336,-2.4138,-668.64,30m,holdout,0.575,368
5.0,1.5,277,0.307,-3.8228,-1058.93,30m,holdout,0.575,368
5.0,2.0,277,0.303,-4.9665,-1375.73,30m,holdout,0.575,368
6.0,0.25,277,0.505,1.1689,323.79,30m,holdout,0.575,368
6.0,0.5,277,0.437,-0.2013,-55.75,30m,holdout,0.575,368
6.0,0.75,277,0.361,-1.2393,-343.3,30m,holdout,0.575,368
6.0,1.0,277,0.329,-2.1453,-594.24,30m,holdout,0.575,368
6.0,1.5,277,0.289,-3.5548,-984.69,30m,holdout,0.575,368
6.0,2.0,277,0.285,-4.6867,-1298.22,30m,holdout,0.575,368
7.0,0.25,277,0.502,1.2917,357.8,30m,holdout,0.575,368
7.0,0.5,277,0.43,0.0952,26.38,30m,holdout,0.575,368
7.0,0.75,277,0.354,-0.9425,-261.08,30m,holdout,0.575,368
7.0,1.0,277,0.314,-1.96,-542.92,30m,holdout,0.575,368
7.0,1.5,277,0.256,-3.4504,-955.77,30m,holdout,0.575,368
7.0,2.0,277,0.245,-4.6045,-1275.44,30m,holdout,0.575,368
8.0,0.25,277,0.495,1.2891,357.08,30m,holdout,0.575,368
8.0,0.5,277,0.422,0.2023,56.04,30m,holdout,0.575,368
8.0,0.75,277,0.347,-0.7656,-212.06,30m,holdout,0.575,368
8.0,1.0,277,0.307,-1.7602,-487.58,30m,holdout,0.575,368
8.0,1.5,277,0.242,-3.2798,-908.5,30m,holdout,0.575,368
8.0,2.0,277,0.227,-4.4369,-1229.03,30m,holdout,0.575,368
10.0,0.25,277,0.491,1.3355,369.93,30m,holdout,0.575,368
10.0,0.5,277,0.419,0.3809,105.52,30m,holdout,0.575,368
10.0,0.75,277,0.339,-0.4291,-118.85,30m,holdout,0.575,368
10.0,1.0,277,0.3,-1.2526,-346.96,30m,holdout,0.575,368
10.0,1.5,277,0.235,-2.6181,-725.21,30m,holdout,0.575,368
10.0,2.0,277,0.22,-3.6971,-1024.1,30m,holdout,0.575,368
12.0,0.25,277,0.487,1.2015,332.83,30m,holdout,0.575,368
12.0,0.5,277,0.401,0.0453,12.54,30m,holdout,0.575,368
12.0,0.75,277,0.321,-0.7681,-212.76,30m,holdout,0.575,368
12.0,1.0,277,0.274,-1.9795,-548.33,30m,holdout,0.575,368
12.0,1.5,277,0.206,-3.211,-889.43,30m,holdout,0.575,368
12.0,2.0,277,0.191,-4.309,-1193.59,30m,holdout,0.575,368
15.0,0.25,277,0.487,1.2053,333.87,30m,holdout,0.575,368
15.0,0.5,277,0.401,0.0972,26.93,30m,holdout,0.575,368
15.0,0.75,277,0.321,-0.7738,-214.33,30m,holdout,0.575,368
15.0,1.0,277,0.274,-2.0199,-559.5,30m,holdout,0.575,368
15.0,1.5,277,0.206,-3.357,-929.9,30m,holdout,0.575,368
15.0,2.0,277,0.188,-4.4854,-1242.45,30m,holdout,0.575,368
20.0,0.25,277,0.487,1.1559,320.17,30m,holdout,0.575,368
20.0,0.5,277,0.401,0.009,2.5,30m,holdout,0.575,368
20.0,0.75,277,0.318,-0.8329,-230.71,30m,holdout,0.575,368
20.0,1.0,277,0.267,-2.0436,-566.08,30m,holdout,0.575,368
20.0,1.5,277,0.199,-3.4676,-960.53,30m,holdout,0.575,368
20.0,2.0,277,0.181,-4.7875,-1326.14,30m,holdout,0.575,368
5.0,0.25,274,0.504,0.9034,247.52,30m,holdout,0.6,368
5.0,0.5,274,0.438,-0.6542,-179.25,30m,holdout,0.6,368
5.0,0.75,274,0.369,-1.7815,-488.13,30m,holdout,0.6,368
5.0,1.0,274,0.328,-2.6462,-725.06,30m,holdout,0.6,368
5.0,1.5,274,0.296,-4.0323,-1104.85,30m,holdout,0.6,368
5.0,2.0,274,0.292,-5.1711,-1416.89,30m,holdout,0.6,368
6.0,0.25,274,0.504,1.1408,312.57,30m,holdout,0.6,368
6.0,0.5,274,0.434,-0.3404,-93.26,30m,holdout,0.6,368
6.0,0.75,274,0.369,-1.449,-397.02,30m,holdout,0.6,368
6.0,1.0,274,0.325,-2.3538,-644.93,30m,holdout,0.6,368
6.0,1.5,274,0.285,-3.7689,-1032.67,30m,holdout,0.6,368
6.0,2.0,274,0.281,-4.9198,-1348.02,30m,holdout,0.6,368
7.0,0.25,274,0.504,1.3687,375.02,30m,holdout,0.6,368
7.0,0.5,274,0.431,0.1703,46.66,30m,holdout,0.6,368
7.0,0.75,274,0.365,-0.8985,-246.18,30m,holdout,0.6,368
7.0,1.0,274,0.314,-1.8948,-519.19,30m,holdout,0.6,368
7.0,1.5,274,0.259,-3.3676,-922.73,30m,holdout,0.6,368
7.0,2.0,274,0.248,-4.5138,-1236.79,30m,holdout,0.6,368
8.0,0.25,274,0.496,1.3376,366.5,30m,holdout,0.6,368
8.0,0.5,274,0.42,0.1531,41.96,30m,holdout,0.6,368
8.0,0.75,274,0.354,-0.8734,-239.32,30m,holdout,0.6,368
8.0,1.0,274,0.303,-1.8435,-505.11,30m,holdout,0.6,368
8.0,1.5,274,0.241,-3.3437,-916.19,30m,holdout,0.6,368
8.0,2.0,274,0.226,-4.4924,-1230.93,30m,holdout,0.6,368
10.0,0.25,274,0.493,1.3905,381.01,30m,holdout,0.6,368
10.0,0.5,274,0.416,0.4134,113.28,30m,holdout,0.6,368
10.0,0.75,274,0.35,-0.4482,-122.8,30m,holdout,0.6,368
10.0,1.0,274,0.299,-1.2682,-347.49,30m,holdout,0.6,368
10.0,1.5,274,0.237,-2.658,-728.3,30m,holdout,0.6,368
10.0,2.0,274,0.219,-3.7776,-1035.05,30m,holdout,0.6,368
12.0,0.25,274,0.485,1.1695,320.45,30m,holdout,0.6,368
12.0,0.5,274,0.398,0.0862,23.61,30m,holdout,0.6,368
12.0,0.75,274,0.328,-0.7609,-208.48,30m,holdout,0.6,368
12.0,1.0,274,0.274,-1.861,-509.9,30m,holdout,0.6,368
12.0,1.5,274,0.208,-3.0776,-843.26,30m,holdout,0.6,368
12.0,2.0,274,0.19,-4.1704,-1142.69,30m,holdout,0.6,368
15.0,0.25,274,0.485,1.1733,321.49,30m,holdout,0.6,368
15.0,0.5,274,0.398,0.1386,37.97,30m,holdout,0.6,368
15.0,0.75,274,0.328,-0.762,-208.79,30m,holdout,0.6,368
15.0,1.0,274,0.274,-1.8804,-515.24,30m,holdout,0.6,368
15.0,1.5,274,0.208,-3.1998,-876.75,30m,holdout,0.6,368
15.0,2.0,274,0.186,-4.3349,-1187.76,30m,holdout,0.6,368
20.0,0.25,274,0.485,1.1236,307.87,30m,holdout,0.6,368
20.0,0.5,274,0.398,0.0504,13.8,30m,holdout,0.6,368
20.0,0.75,274,0.325,-0.8213,-225.04,30m,holdout,0.6,368
20.0,1.0,274,0.266,-1.9038,-521.63,30m,holdout,0.6,368
20.0,1.5,274,0.201,-3.3,-904.2,30m,holdout,0.6,368
20.0,2.0,274,0.179,-4.614,-1264.24,30m,holdout,0.6,368
5.0,0.25,272,0.507,0.8401,228.5,30m,holdout,0.625,368
5.0,0.5,272,0.441,-0.6738,-183.28,30m,holdout,0.625,368
5.0,0.75,272,0.375,-1.7824,-484.8,30m,holdout,0.625,368
5.0,1.0,272,0.338,-2.6365,-717.12,30m,holdout,0.625,368
5.0,1.5,272,0.301,-4.0102,-1090.76,30m,holdout,0.625,368
5.0,2.0,272,0.298,-5.1414,-1398.45,30m,holdout,0.625,368
6.0,0.25,272,0.507,1.2019,326.91,30m,holdout,0.625,368
6.0,0.5,272,0.438,-0.3303,-89.84,30m,holdout,0.625,368
6.0,0.75,272,0.368,-1.4711,-400.14,30m,holdout,0.625,368
6.0,1.0,272,0.327,-2.3882,-649.59,30m,holdout,0.625,368
6.0,1.5,272,0.287,-3.8149,-1037.66,30m,holdout,0.625,368
6.0,2.0,272,0.283,-4.9715,-1352.25,30m,holdout,0.625,368
7.0,0.25,272,0.507,1.3686,372.26,30m,holdout,0.625,368
7.0,0.5,272,0.434,0.1285,34.96,30m,holdout,0.625,368
7.0,0.75,272,0.364,-0.946,-257.31,30m,holdout,0.625,368
7.0,1.0,272,0.316,-1.8802,-511.41,30m,holdout,0.625,368
7.0,1.5,272,0.268,-3.3042,-898.75,30m,holdout,0.625,368
7.0,2.0,272,0.257,-4.4473,-1209.67,30m,holdout,0.625,368
8.0,0.25,272,0.5,1.3758,374.21,30m,holdout,0.625,368
8.0,0.5,272,0.423,0.1216,33.07,30m,holdout,0.625,368
8.0,0.75,272,0.353,-0.9251,-251.63,30m,holdout,0.625,368
8.0,1.0,272,0.305,-1.9163,-521.24,30m,holdout,0.625,368
8.0,1.5,272,0.25,-3.3982,-924.31,30m,holdout,0.625,368
8.0,2.0,272,0.235,-4.5468,-1236.72,30m,holdout,0.625,368
10.0,0.25,272,0.496,1.4318,389.46,30m,holdout,0.625,368
10.0,0.5,272,0.419,0.3993,108.62,30m,holdout,0.625,368
10.0,0.75,272,0.349,-0.5053,-137.45,30m,holdout,0.625,368
10.0,1.0,272,0.301,-1.3897,-378.0,30m,holdout,0.625,368
10.0,1.5,272,0.243,-2.8352,-771.18,30m,holdout,0.625,368
10.0,2.0,272,0.224,-3.9757,-1081.39,30m,holdout,0.625,368
12.0,0.25,272,0.489,1.209,328.84,30m,holdout,0.625,368
12.0,0.5,272,0.401,0.0567,15.41,30m,holdout,0.625,368
12.0,0.75,272,0.327,-0.8145,-221.53,30m,holdout,0.625,368
12.0,1.0,272,0.276,-1.9476,-529.75,30m,holdout,0.625,368
12.0,1.5,272,0.213,-3.2242,-876.97,30m,holdout,0.625,368
12.0,2.0,272,0.195,-4.251,-1156.27,30m,holdout,0.625,368
15.0,0.25,272,0.489,1.2147,330.4,30m,holdout,0.625,368
15.0,0.5,272,0.401,0.1354,36.84,30m,holdout,0.625,368
15.0,0.75,272,0.327,-0.7629,-207.52,30m,holdout,0.625,368
15.0,1.0,272,0.276,-1.8901,-514.12,30m,holdout,0.625,368
15.0,1.5,272,0.213,-3.2305,-878.69,30m,holdout,0.625,368
15.0,2.0,272,0.191,-4.3859,-1192.97,30m,holdout,0.625,368
20.0,0.25,272,0.489,1.1647,316.8,30m,holdout,0.625,368
20.0,0.5,272,0.401,0.0465,12.65,30m,holdout,0.625,368
20.0,0.75,272,0.324,-0.8244,-224.24,30m,holdout,0.625,368
20.0,1.0,272,0.268,-1.9179,-521.67,30m,holdout,0.625,368
20.0,1.5,272,0.206,-3.3403,-908.57,30m,holdout,0.625,368
20.0,2.0,272,0.184,-4.6747,-1271.51,30m,holdout,0.625,368
5.0,0.25,271,0.498,0.5394,146.19,30m,holdout,0.65,368
5.0,0.5,271,0.439,-0.9807,-265.78,30m,holdout,0.65,368
5.0,0.75,271,0.369,-2.076,-562.59,30m,holdout,0.65,368
5.0,1.0,271,0.332,-2.9244,-792.52,30m,holdout,0.65,368
5.0,1.5,271,0.299,-4.2839,-1160.94,30m,holdout,0.65,368
5.0,2.0,271,0.288,-5.405,-1464.75,30m,holdout,0.65,368
6.0,0.25,271,0.498,0.9765,264.63,30m,holdout,0.65,368
6.0,0.5,271,0.435,-0.5813,-157.53,30m,holdout,0.65,368
6.0,0.75,271,0.362,-1.7378,-470.93,30m,holdout,0.65,368
6.0,1.0,271,0.321,-2.6156,-708.84,30m,holdout,0.65,368
6.0,1.5,271,0.284,-4.01,-1086.71,30m,holdout,0.65,368
6.0,2.0,271,0.28,-5.1507,-1395.84,30m,holdout,0.65,368
7.0,0.25,271,0.498,1.1487,311.29,30m,holdout,0.65,368
7.0,0.5,271,0.432,-0.1233,-33.41,30m,holdout,0.65,368
7.0,0.75,271,0.358,-1.2657,-343.01,30m,holdout,0.65,368
7.0,1.0,271,0.31,-2.1862,-592.47,30m,holdout,0.65,368
7.0,1.5,271,0.262,-3.6018,-976.08,30m,holdout,0.65,368
7.0,2.0,271,0.255,-4.7415,-1284.93,30m,holdout,0.65,368
8.0,0.25,271,0.491,1.1627,315.09,30m,holdout,0.65,368
8.0,0.5,271,0.424,-0.1324,-35.87,30m,holdout,0.65,368
8.0,0.75,271,0.347,-1.1966,-324.27,30m,holdout,0.65,368
8.0,1.0,271,0.299,-2.1434,-580.87,30m,holdout,0.65,368
8.0,1.5,271,0.244,-3.5891,-972.66,30m,holdout,0.65,368
8.0,2.0,271,0.229,-4.719,-1278.84,30m,holdout,0.65,368
10.0,0.25,271,0.487,1.2238,331.65,30m,holdout,0.65,368
10.0,0.5,271,0.421,0.1944,52.67,30m,holdout,0.65,368
10.0,0.75,271,0.343,-0.715,-193.75,30m,holdout,0.65,368
10.0,1.0,271,0.295,-1.5564,-421.77,30m,holdout,0.65,368
10.0,1.5,271,0.236,-2.9719,-805.37,30m,holdout,0.65,368
10.0,2.0,271,0.218,-4.1097,-1113.72,30m,holdout,0.65,368
12.0,0.25,271,0.48,1.0003,271.07,30m,holdout,0.65,368
12.0,0.5,271,0.402,-0.1619,-43.88,30m,holdout,0.65,368
12.0,0.75,271,0.321,-1.0665,-289.02,30m,holdout,0.65,368
12.0,1.0,271,0.269,-2.1795,-590.65,30m,holdout,0.65,368
12.0,1.5,271,0.21,-3.4423,-932.86,30m,holdout,0.65,368
12.0,2.0,271,0.188,-4.463,-1209.48,30m,holdout,0.65,368
15.0,0.25,271,0.48,1.006,272.62,30m,holdout,0.65,368
15.0,0.5,271,0.402,-0.0832,-22.54,30m,holdout,0.65,368
15.0,0.75,271,0.321,-1.0121,-274.27,30m,holdout,0.65,368
15.0,1.0,271,0.269,-2.0685,-560.56,30m,holdout,0.65,368
15.0,1.5,271,0.21,-3.3294,-902.27,30m,holdout,0.65,368
15.0,2.0,271,0.185,-4.4649,-1209.99,30m,holdout,0.65,368
20.0,0.25,271,0.48,0.9559,259.05,30m,holdout,0.65,368
20.0,0.5,271,0.402,-0.1723,-46.7,30m,holdout,0.65,368
20.0,0.75,271,0.317,-1.0619,-287.78,30m,holdout,0.65,368
20.0,1.0,271,0.262,-2.1251,-575.9,30m,holdout,0.65,368
20.0,1.5,271,0.203,-3.5299,-956.61,30m,holdout,0.65,368
20.0,2.0,271,0.177,-4.7954,-1299.55,30m,holdout,0.65,368
5.0,0.25,271,0.502,0.5595,151.64,30m,holdout,0.675,368
5.0,0.5,271,0.443,-0.9696,-262.76,30m,holdout,0.675,368
5.0,0.75,271,0.38,-2.0827,-564.4,30m,holdout,0.675,368
5.0,1.0,271,0.343,-2.936,-795.65,30m,holdout,0.675,368
5.0,1.5,271,0.303,-4.3009,-1165.54,30m,holdout,0.675,368
5.0,2.0,271,0.292,-5.4257,-1470.37,30m,holdout,0.675,368
6.0,0.25,271,0.498,1.0082,273.21,30m,holdout,0.675,368
6.0,0.5,271,0.439,-0.497,-134.69,30m,holdout,0.675,368
6.0,0.75,271,0.369,-1.6547,-448.42,30m,holdout,0.675,368
6.0,1.0,271,0.328,-2.5326,-686.33,30m,holdout,0.675,368
6.0,1.5,271,0.284,-3.9267,-1064.15,30m,holdout,0.675,368
6.0,2.0,271,0.277,-5.0673,-1373.25,30m,holdout,0.675,368
7.0,0.25,271,0.498,1.1264,305.26,30m,holdout,0.675,368
7.0,0.5,271,0.432,-0.2803,-75.96,30m,holdout,0.675,368
7.0,0.75,271,0.362,-1.4616,-396.11,30m,holdout,0.675,368
7.0,1.0,271,0.317,-2.4279,-657.97,30m,holdout,0.675,368
7.0,1.5,271,0.266,-3.8778,-1050.9,30m,holdout,0.675,368
7.0,2.0,271,0.258,-5.0439,-1366.89,30m,holdout,0.675,368
8.0,0.25,271,0.491,1.1819,320.29,30m,holdout,0.675,368
8.0,0.5,271,0.424,-0.137,-37.14,30m,holdout,0.675,368
8.0,0.75,271,0.351,-1.2339,-334.38,30m,holdout,0.675,368
8.0,1.0,271,0.306,-2.2023,-596.81,30m,holdout,0.675,368
8.0,1.5,271,0.244,-3.6837,-998.27,30m,holdout,0.675,368
8.0,2.0,271,0.225,-4.8468,-1313.49,30m,holdout,0.675,368
10.0,0.25,271,0.487,1.2607,341.64,30m,holdout,0.675,368
10.0,0.5,271,0.421,0.1786,48.39,30m,holdout,0.675,368
10.0,0.75,271,0.347,-0.7806,-211.54,30m,holdout,0.675,368
10.0,1.0,271,0.303,-1.6609,-450.1,30m,holdout,0.675,368
10.0,1.5,271,0.236,-3.1227,-846.25,30m,holdout,0.675,368
10.0,2.0,271,0.214,-4.2829,-1160.66,30m,holdout,0.675,368
12.0,0.25,271,0.48,1.0486,284.17,30m,holdout,0.675,368
12.0,0.5,271,0.406,-0.0869,-23.56,30m,holdout,0.675,368
12.0,0.75,271,0.328,-0.9075,-245.94,30m,holdout,0.675,368
12.0,1.0,271,0.28,-1.9882,-538.81,30m,holdout,0.675,368
12.0,1.5,271,0.214,-3.237,-877.22,30m,holdout,0.675,368
12.0,2.0,271,0.192,-4.2563,-1153.47,30m,holdout,0.675,368
15.0,0.25,271,0.48,1.0583,286.81,30m,holdout,0.675,368
15.0,0.5,271,0.402,-0.0337,-9.14,30m,holdout,0.675,368
15.0,0.75,271,0.325,-0.9703,-262.96,30m,holdout,0.675,368
15.0,1.0,271,0.277,-2.0335,-551.09,30m,holdout,0.675,368
15.0,1.5,271,0.21,-3.3021,-894.87,30m,holdout,0.675,368
15.0,2.0,271,0.181,-4.4415,-1203.64,30m,holdout,0.675,368
20.0,0.25,271,0.48,1.0084,273.27,30m,holdout,0.675,368
20.0,0.5,271,0.402,-0.1239,-33.57,30m,holdout,0.675,368
20.0,0.75,271,0.321,-1.0161,-275.36,30m,holdout,0.675,368
20.0,1.0,271,0.269,-2.0926,-567.1,30m,holdout,0.675,368
20.0,1.5,271,0.203,-3.4916,-946.23,30m,holdout,0.675,368
20.0,2.0,271,0.173,-4.7601,-1289.99,30m,holdout,0.675,368
5.0,0.25,271,0.502,0.575,155.82,30m,holdout,0.7,368
5.0,0.5,271,0.439,-1.0097,-273.63,30m,holdout,0.7,368
5.0,0.75,271,0.38,-2.1156,-573.32,30m,holdout,0.7,368
5.0,1.0,271,0.351,-2.9621,-802.73,30m,holdout,0.7,368
5.0,1.5,271,0.303,-4.3221,-1171.28,30m,holdout,0.7,368
5.0,2.0,271,0.292,-5.4445,-1475.46,30m,holdout,0.7,368
6.0,0.25,271,0.502,1.1106,300.96,30m,holdout,0.7,368
6.0,0.5,271,0.435,-0.4091,-110.87,30m,holdout,0.7,368
6.0,0.75,271,0.369,-1.573,-426.28,30m,holdout,0.7,368
6.0,1.0,271,0.343,-2.4527,-664.69,30m,holdout,0.7,368
6.0,1.5,271,0.292,-3.8487,-1043.01,30m,holdout,0.7,368
6.0,2.0,271,0.28,-4.9904,-1352.41,30m,holdout,0.7,368
7.0,0.25,271,0.502,1.2511,339.04,30m,holdout,0.7,368
7.0,0.5,271,0.428,-0.2248,-60.92,30m,holdout,0.7,368
7.0,0.75,271,0.362,-1.361,-368.84,30m,holdout,0.7,368
7.0,1.0,271,0.328,-2.3114,-626.39,30m,holdout,0.7,368
7.0,1.5,271,0.273,-3.7497,-1016.18,30m,holdout,0.7,368
7.0,2.0,271,0.262,-4.9105,-1330.74,30m,holdout,0.7,368
8.0,0.25,271,0.498,1.3782,373.48,30m,holdout,0.7,368
8.0,0.5,271,0.421,0.118,31.99,30m,holdout,0.7,368
8.0,0.75,271,0.351,-0.9735,-263.82,30m,holdout,0.7,368
8.0,1.0,271,0.317,-1.8811,-509.78,30m,holdout,0.7,368
8.0,1.5,271,0.247,-3.4015,-921.81,30m,holdout,0.7,368
8.0,2.0,271,0.229,-4.5662,-1237.44,30m,holdout,0.7,368
10.0,0.25,271,0.494,1.4423,390.87,30m,holdout,0.7,368
10.0,0.5,271,0.417,0.3973,107.67,30m,holdout,0.7,368
10.0,0.75,271,0.347,-0.5445,-147.55,30m,holdout,0.7,368
10.0,1.0,271,0.314,-1.422,-385.35,30m,holdout,0.7,368
10.0,1.5,271,0.24,-3.0175,-817.74,30m,holdout,0.7,368
10.0,2.0,271,0.214,-4.2147,-1142.17,30m,holdout,0.7,368
12.0,0.25,271,0.491,1.3664,370.29,30m,holdout,0.7,368
12.0,0.5,271,0.406,0.2463,66.76,30m,holdout,0.7,368
12.0,0.75,271,0.332,-0.5776,-156.52,30m,holdout,0.7,368
12.0,1.0,271,0.295,-1.676,-454.19,30m,holdout,0.7,368
12.0,1.5,271,0.218,-3.0895,-837.27,30m,holdout,0.7,368
12.0,2.0,271,0.192,-4.1755,-1131.57,30m,holdout,0.7,368
15.0,0.25,271,0.487,1.2393,335.84,30m,holdout,0.7,368
15.0,0.5,271,0.399,0.1706,46.24,30m,holdout,0.7,368
15.0,0.75,271,0.325,-0.7211,-195.42,30m,holdout,0.7,368
15.0,1.0,271,0.288,-1.7722,-480.28,30m,holdout,0.7,368
15.0,1.5,271,0.214,-3.165,-857.72,30m,holdout,0.7,368
15.0,2.0,271,0.181,-4.3427,-1176.86,30m,holdout,0.7,368
20.0,0.25,271,0.487,1.1916,322.92,30m,holdout,0.7,368
20.0,0.5,271,0.399,0.095,25.74,30m,holdout,0.7,368
20.0,0.75,271,0.321,-0.7796,-211.28,30m,holdout,0.7,368
20.0,1.0,271,0.28,-1.8415,-499.04,30m,holdout,0.7,368
20.0,1.5,271,0.207,-3.335,-903.77,30m,holdout,0.7,368
20.0,2.0,271,0.173,-4.6239,-1253.07,30m,holdout,0.7,368
5.0,0.25,324,0.559,1.2853,416.44,1h,train,0.3,542
5.0,0.5,324,0.466,0.5299,171.67,1h,train,0.3,542
5.0,0.75,324,0.423,-0.1048,-33.95,1h,train,0.3,542
5.0,1.0,324,0.386,-0.66,-213.84,1h,train,0.3,542
5.0,1.5,324,0.346,-1.828,-592.27,1h,train,0.3,542
5.0,2.0,324,0.299,-2.9055,-941.37,1h,train,0.3,542
6.0,0.25,324,0.549,1.3104,424.57,1h,train,0.3,542
6.0,0.5,324,0.451,0.5511,178.56,1h,train,0.3,542
6.0,0.75,324,0.398,-0.0749,-24.25,1h,train,0.3,542
6.0,1.0,324,0.355,-0.654,-211.9,1h,train,0.3,542
6.0,1.5,324,0.312,-1.9549,-633.38,1h,train,0.3,542
6.0,2.0,324,0.275,-3.0377,-984.21,1h,train,0.3,542
7.0,0.25,324,0.54,1.3255,429.47,1h,train,0.3,542
7.0,0.5,324,0.438,0.6551,212.26,1h,train,0.3,542
7.0,0.75,324,0.389,0.0955,30.95,1h,train,0.3,542
7.0,1.0,324,0.346,-0.4454,-144.32,1h,train,0.3,542
7.0,1.5,324,0.306,-1.688,-546.91,1h,train,0.3,542
7.0,2.0,324,0.269,-2.7413,-888.17,1h,train,0.3,542
8.0,0.25,324,0.537,1.3451,435.81,1h,train,0.3,542
8.0,0.5,324,0.435,0.7443,241.15,1h,train,0.3,542
8.0,0.75,324,0.386,0.166,53.77,1h,train,0.3,542
8.0,1.0,324,0.34,-0.3563,-115.43,1h,train,0.3,542
8.0,1.5,324,0.293,-1.5403,-499.04,1h,train,0.3,542
8.0,2.0,324,0.256,-2.5516,-826.71,1h,train,0.3,542
10.0,0.25,324,0.537,1.3983,453.06,1h,train,0.3,542
10.0,0.5,324,0.435,0.9268,300.27,1h,train,0.3,542
10.0,0.75,324,0.386,0.4302,139.39,1h,train,0.3,542
10.0,1.0,324,0.34,-0.0125,-4.06,1h,train,0.3,542
10.0,1.5,324,0.29,-1.0851,-351.57,1h,train,0.3,542
10.0,2.0,324,0.256,-1.9999,-647.98,1h,train,0.3,542
12.0,0.25,324,0.537,1.4355,465.12,1h,train,0.3,542
12.0,0.5,324,0.435,1.0479,339.53,1h,train,0.3,542
12.0,0.75,324,0.383,0.6117,198.17,1h,train,0.3,542
12.0,1.0,324,0.34,0.1905,61.71,1h,train,0.3,542
12.0,1.5,324,0.29,-0.8846,-286.62,1h,train,0.3,542
12.0,2.0,324,0.256,-1.7512,-567.4,1h,train,0.3,542
15.0,0.25,324,0.534,1.3104,424.58,1h,train,0.3,542
15.0,0.5,324,0.426,0.8584,278.13,1h,train,0.3,542
15.0,0.75,324,0.373,0.4461,144.55,1h,train,0.3,542
15.0,1.0,324,0.33,0.0118,3.83,1h,train,0.3,542
15.0,1.5,324,0.281,-1.0048,-325.57,1h,train,0.3,542
15.0,2.0,324,0.244,-1.8914,-612.82,1h,train,0.3,542
20.0,0.25,324,0.534,1.3251,429.32,1h,train,0.3,542
20.0,0.5,324,0.426,0.9215,298.57,1h,train,0.3,542
20.0,0.75,324,0.373,0.5821,188.59,1h,train,0.3,542
20.0,1.0,324,0.33,0.1519,49.22,1h,train,0.3,542
20.0,1.5,324,0.281,-0.8014,-259.67,1h,train,0.3,542
20.0,2.0,324,0.244,-1.6381,-530.75,1h,train,0.3,542
5.0,0.25,324,0.556,1.2708,411.75,1h,train,0.325,542
5.0,0.5,324,0.469,0.5576,180.67,1h,train,0.325,542
5.0,0.75,324,0.429,-0.1055,-34.18,1h,train,0.325,542
5.0,1.0,324,0.386,-0.607,-196.67,1h,train,0.325,542
5.0,1.5,324,0.346,-1.7948,-581.52,1h,train,0.325,542
5.0,2.0,324,0.302,-2.911,-943.17,1h,train,0.325,542
6.0,0.25,324,0.546,1.2976,420.43,1h,train,0.325,542
6.0,0.5,324,0.454,0.5498,178.13,1h,train,0.325,542
6.0,0.75,324,0.404,-0.0778,-25.2,1h,train,0.325,542
6.0,1.0,324,0.355,-0.607,-196.68,1h,train,0.325,542
6.0,1.5,324,0.312,-1.9134,-619.94,1h,train,0.325,542
6.0,2.0,324,0.275,-3.0154,-977.0,1h,train,0.325,542
7.0,0.25,324,0.537,1.3188,427.29,1h,train,0.325,542
7.0,0.5,324,0.438,0.659,213.52,1h,train,0.325,542
7.0,0.75,324,0.392,0.0819,26.52,1h,train,0.325,542
7.0,1.0,324,0.343,-0.425,-137.7,1h,train,0.325,542
7.0,1.5,324,0.302,-1.7007,-551.01,1h,train,0.325,542
7.0,2.0,324,0.269,-2.7961,-905.93,1h,train,0.325,542
8.0,0.25,324,0.534,1.3249,429.28,1h,train,0.325,542
8.0,0.5,324,0.435,0.7399,239.72,1h,train,0.325,542
8.0,0.75,324,0.389,0.1485,48.11,1h,train,0.325,542
8.0,1.0,324,0.34,-0.3371,-109.24,1h,train,0.325,542
8.0,1.5,324,0.293,-1.5552,-503.9,1h,train,0.325,542
8.0,2.0,324,0.259,-2.6099,-845.62,1h,train,0.325,542
10.0,0.25,324,0.534,1.3863,449.15,1h,train,0.325,542
10.0,0.5,324,0.435,0.9182,297.5,1h,train,0.325,542
10.0,0.75,324,0.389,0.4081,132.24,1h,train,0.325,542
10.0,1.0,324,0.336,0.002,0.66,1h,train,0.325,542
10.0,1.5,324,0.287,-1.0907,-353.37,1h,train,0.325,542
10.0,2.0,324,0.256,-2.0055,-649.78,1h,train,0.325,542
12.0,0.25,324,0.534,1.4285,462.83,1h,train,0.325,542
12.0,0.5,324,0.435,1.062,344.09,1h,train,0.325,542
12.0,0.75,324,0.386,0.6271,203.19,1h,train,0.325,542
12.0,1.0,324,0.336,0.2559,82.91,1h,train,0.325,542
12.0,1.5,324,0.287,-0.8265,-267.79,1h,train,0.325,542
12.0,2.0,324,0.256,-1.7184,-556.75,1h,train,0.325,542
15.0,0.25,324,0.531,1.3036,422.38,1h,train,0.325,542
15.0,0.5,324,0.426,0.8727,282.75,1h,train,0.325,542
15.0,0.75,324,0.377,0.4596,148.93,1h,train,0.325,542
15.0,1.0,324,0.327,0.0723,23.43,1h,train,0.325,542
15.0,1.5,324,0.278,-0.9525,-308.61,1h,train,0.325,542
15.0,2.0,324,0.244,-1.8611,-603.01,1h,train,0.325,542
20.0,0.25,324,0.531,1.3182,427.11,1h,train,0.325,542
20.0,0.5,324,0.426,0.9357,303.16,1h,train,0.325,542
20.0,0.75,324,0.377,0.5975,193.58,1h,train,0.325,542
20.0,1.0,324,0.327,0.2171,70.35,1h,train,0.325,542
20.0,1.5,324,0.278,-0.7414,-240.22,1h,train,0.325,542
20.0,2.0,324,0.244,-1.5983,-517.85,1h,train,0.325,542
5.0,0.25,322,0.553,1.2422,399.98,1h,train,0.35,542
5.0,0.5,322,0.469,0.5021,161.67,1h,train,0.35,542
5.0,0.75,322,0.425,-0.114,-36.7,1h,train,0.35,542
5.0,1.0,322,0.385,-0.6099,-196.38,1h,train,0.35,542
5.0,1.5,322,0.342,-1.7386,-559.83,1h,train,0.35,542
5.0,2.0,322,0.307,-2.8031,-902.61,1h,train,0.35,542
6.0,0.25,322,0.543,1.2278,395.37,1h,train,0.35,542
6.0,0.5,322,0.457,0.5068,163.18,1h,train,0.35,542
6.0,0.75,322,0.404,-0.0802,-25.83,1h,train,0.35,542
6.0,1.0,322,0.357,-0.5517,-177.65,1h,train,0.35,542
6.0,1.5,322,0.311,-1.8394,-592.28,1h,train,0.35,542
6.0,2.0,322,0.283,-2.8949,-932.15,1h,train,0.35,542
7.0,0.25,322,0.537,1.2975,417.8,1h,train,0.35,542
7.0,0.5,322,0.441,0.6197,199.55,1h,train,0.35,542
7.0,0.75,322,0.391,0.0945,30.42,1h,train,0.35,542
7.0,1.0,322,0.345,-0.4156,-133.84,1h,train,0.35,542
7.0,1.5,322,0.301,-1.7366,-559.18,1h,train,0.35,542
7.0,2.0,322,0.273,-2.784,-896.43,1h,train,0.35,542
8.0,0.25,322,0.531,1.3099,421.79,1h,train,0.35,542
8.0,0.5,322,0.435,0.7117,229.17,1h,train,0.35,542
8.0,0.75,322,0.385,0.1569,50.51,1h,train,0.35,542
8.0,1.0,322,0.339,-0.3051,-98.23,1h,train,0.35,542
8.0,1.5,322,0.289,-1.5339,-493.91,1h,train,0.35,542
8.0,2.0,322,0.261,-2.5626,-825.15,1h,train,0.35,542
10.0,0.25,322,0.531,1.3714,441.59,1h,train,0.35,542
10.0,0.5,322,0.435,0.895,288.18,1h,train,0.35,542
10.0,0.75,322,0.385,0.4111,132.39,1h,train,0.35,542
10.0,1.0,322,0.335,0.011,3.54,1h,train,0.35,542
10.0,1.5,322,0.283,-1.0765,-346.63,1h,train,0.35,542
10.0,2.0,322,0.258,-1.9685,-633.85,1h,train,0.35,542
12.0,0.25,322,0.531,1.3847,445.88,1h,train,0.35,542
12.0,0.5,322,0.435,0.9871,317.85,1h,train,0.35,542
12.0,0.75,322,0.382,0.5836,187.92,1h,train,0.35,542
12.0,1.0,322,0.335,0.2343,75.46,1h,train,0.35,542
12.0,1.5,322,0.283,-0.8508,-273.95,1h,train,0.35,542
12.0,2.0,322,0.258,-1.7259,-555.74,1h,train,0.35,542
15.0,0.25,322,0.528,1.2884,414.87,1h,train,0.35,542
15.0,0.5,322,0.425,0.8492,273.45,1h,train,0.35,542
15.0,0.75,322,0.373,0.478,153.91,1h,train,0.35,542
15.0,1.0,322,0.326,0.1219,39.24,1h,train,0.35,542
15.0,1.5,322,0.273,-0.9027,-290.66,1h,train,0.35,542
15.0,2.0,322,0.245,-1.7297,-556.97,1h,train,0.35,542
20.0,0.25,322,0.528,1.3031,419.59,1h,train,0.35,542
20.0,0.5,322,0.425,0.9125,293.83,1h,train,0.35,542
20.0,0.75,322,0.373,0.6154,198.14,1h,train,0.35,542
20.0,1.0,322,0.326,0.2623,84.45,1h,train,0.35,542
20.0,1.5,322,0.273,-0.6873,-221.31,1h,train,0.35,542
20.0,2.0,322,0.245,-1.5237,-490.62,1h,train,0.35,542
5.0,0.25,322,0.556,1.2702,409.01,1h,train,0.375,542
5.0,0.5,322,0.469,0.5274,169.83,1h,train,0.375,542
5.0,0.75,322,0.429,-0.0751,-24.2,1h,train,0.375,542
5.0,1.0,322,0.388,-0.5757,-185.36,1h,train,0.375,542
5.0,1.5,322,0.342,-1.7062,-549.38,1h,train,0.375,542
5.0,2.0,322,0.311,-2.8056,-903.4,1h,train,0.375,542
6.0,0.25,322,0.547,1.3108,422.08,1h,train,0.375,542
6.0,0.5,322,0.457,0.5886,189.53,1h,train,0.375,542
6.0,0.75,322,0.407,0.003,0.97,1h,train,0.375,542
6.0,1.0,322,0.36,-0.4763,-153.38,1h,train,0.375,542
6.0,1.5,322,0.311,-1.7794,-572.96,1h,train,0.375,542
6.0,2.0,322,0.283,-2.8539,-918.96,1h,train,0.375,542
7.0,0.25,322,0.54,1.3799,444.32,1h,train,0.375,542
7.0,0.5,322,0.441,0.7011,225.76,1h,train,0.375,542
7.0,0.75,322,0.394,0.1788,57.56,1h,train,0.375,542
7.0,1.0,322,0.348,-0.3333,-107.32,1h,train,0.375,542
7.0,1.5,322,0.301,-1.6614,-534.97,1h,train,0.375,542
7.0,2.0,322,0.273,-2.723,-876.79,1h,train,0.375,542
8.0,0.25,322,0.534,1.3922,448.29,1h,train,0.375,542
8.0,0.5,322,0.435,0.7854,252.89,1h,train,0.375,542
8.0,0.75,322,0.388,0.2279,73.4,1h,train,0.375,542
8.0,1.0,322,0.342,-0.2415,-77.75,1h,train,0.375,542
8.0,1.5,322,0.289,-1.4692,-473.08,1h,train,0.375,542
8.0,2.0,322,0.261,-2.4958,-803.66,1h,train,0.375,542
10.0,0.25,322,0.534,1.4513,467.31,1h,train,0.375,542
10.0,0.5,322,0.435,0.9671,311.41,1h,train,0.375,542
10.0,0.75,322,0.388,0.4746,152.82,1h,train,0.375,542
10.0,1.0,322,0.339,0.0588,18.93,1h,train,0.375,542
10.0,1.5,322,0.283,-1.0524,-338.87,1h,train,0.375,542
10.0,2.0,322,0.258,-1.9567,-630.05,1h,train,0.375,542
12.0,0.25,322,0.534,1.4667,472.27,1h,train,0.375,542
12.0,0.5,322,0.435,1.0673,343.68,1h,train,0.375,542
12.0,0.75,322,0.385,0.6666,214.64,1h,train,0.375,542
12.0,1.0,322,0.339,0.3132,100.85,1h,train,0.375,542
12.0,1.5,322,0.283,-0.7756,-249.73,1h,train,0.375,542
12.0,2.0,322,0.258,-1.6548,-532.85,1h,train,0.375,542
15.0,0.25,322,0.531,1.3706,441.32,1h,train,0.375,542
15.0,0.5,322,0.425,0.9295,299.31,1h,train,0.375,542
15.0,0.75,322,0.376,0.5579,179.65,1h,train,0.375,542
15.0,1.0,322,0.329,0.1977,63.66,1h,train,0.375,542
15.0,1.5,322,0.273,-0.8278,-266.55,1h,train,0.375,542
15.0,2.0,322,0.245,-1.6501,-531.34,1h,train,0.375,542
20.0,0.25,322,0.531,1.3852,446.04,1h,train,0.375,542
20.0,0.5,322,0.425,0.9928,319.69,1h,train,0.375,542
20.0,0.75,322,0.376,0.6982,224.83,1h,train,0.375,542
20.0,1.0,322,0.329,0.3435,110.6,1h,train,0.375,542
20.0,1.5,322,0.273,-0.5994,-192.99,1h,train,0.375,542
20.0,2.0,322,0.245,-1.4253,-458.93,1h,train,0.375,542
5.0,0.25,322,0.559,1.2384,398.78,1h,train,0.4,542
5.0,0.5,322,0.466,0.4671,150.42,1h,train,0.4,542
5.0,0.75,322,0.425,-0.1291,-41.57,1h,train,0.4,542
5.0,1.0,322,0.388,-0.6008,-193.46,1h,train,0.4,542
5.0,1.5,322,0.342,-1.734,-558.36,1h,train,0.4,542
5.0,2.0,322,0.307,-2.7996,-901.46,1h,train,0.4,542
6.0,0.25,322,0.55,1.2948,416.94,1h,train,0.4,542
6.0,0.5,322,0.453,0.5646,181.81,1h,train,0.4,542
6.0,0.75,322,0.407,-0.0286,-9.22,1h,train,0.4,542
6.0,1.0,322,0.363,-0.4666,-150.26,1h,train,0.4,542
6.0,1.5,322,0.317,-1.7781,-572.56,1h,train,0.4,542
6.0,2.0,322,0.286,-2.8164,-906.88,1h,train,0.4,542
7.0,0.25,322,0.543,1.3905,447.76,1h,train,0.4,542
7.0,0.5,322,0.438,0.6587,212.09,1h,train,0.4,542
7.0,0.75,322,0.391,0.1288,41.46,1h,train,0.4,542
7.0,1.0,322,0.348,-0.3694,-118.93,1h,train,0.4,542
7.0,1.5,322,0.301,-1.67,-537.73,1h,train,0.4,542
7.0,2.0,322,0.27,-2.6918,-866.75,1h,train,0.4,542
8.0,0.25,322,0.54,1.4711,473.68,1h,train,0.4,542
8.0,0.5,322,0.435,0.8034,258.69,1h,train,0.4,542
8.0,0.75,322,0.388,0.3058,98.47,1h,train,0.4,542
8.0,1.0,322,0.345,-0.1288,-41.48,1h,train,0.4,542
8.0,1.5,322,0.295,-1.3552,-436.37,1h,train,0.4,542
8.0,2.0,322,0.264,-2.3537,-757.88,1h,train,0.4,542
10.0,0.25,322,0.537,1.4613,470.52,1h,train,0.4,542
10.0,0.5,322,0.432,0.9451,304.33,1h,train,0.4,542
10.0,0.75,322,0.385,0.455,146.5,1h,train,0.4,542
10.0,1.0,322,0.339,0.0627,20.2,1h,train,0.4,542
10.0,1.5,322,0.283,-1.0645,-342.76,1h,train,0.4,542
10.0,2.0,322,0.255,-1.9495,-627.74,1h,train,0.4,542
12.0,0.25,322,0.537,1.479,476.25,1h,train,0.4,542
12.0,0.5,322,0.432,1.0628,342.22,1h,train,0.4,542
12.0,0.75,322,0.382,0.6716,216.24,1h,train,0.4,542
12.0,1.0,322,0.339,0.3447,110.99,1h,train,0.4,542
12.0,1.5,322,0.283,-0.7527,-242.36,1h,train,0.4,542
12.0,2.0,322,0.255,-1.6012,-515.58,1h,train,0.4,542
15.0,0.25,322,0.534,1.3831,445.37,1h,train,0.4,542
15.0,0.5,322,0.422,0.9252,297.91,1h,train,0.4,542
15.0,0.75,322,0.373,0.563,181.28,1h,train,0.4,542
15.0,1.0,322,0.329,0.2292,73.79,1h,train,0.4,542
15.0,1.5,322,0.273,-0.807,-259.84,1h,train,0.4,542
15.0,2.0,322,0.242,-1.6103,-518.52,1h,train,0.4,542
20.0,0.25,322,0.534,1.3978,450.09,1h,train,0.4,542
20.0,0.5,322,0.422,0.9884,318.26,1h,train,0.4,542
20.0,0.75,322,0.373,0.7029,226.32,1h,train,0.4,542
20.0,1.0,322,0.329,0.3745,120.6,1h,train,0.4,542
20.0,1.5,322,0.273,-0.5766,-185.68,1h,train,0.4,542
20.0,2.0,322,0.242,-1.3711,-441.5,1h,train,0.4,542
5.0,0.25,321,0.567,1.3943,447.56,1h,train,0.425,542
5.0,0.5,321,0.47,0.596,191.32,1h,train,0.425,542
5.0,0.75,321,0.43,0.0023,0.74,1h,train,0.425,542
5.0,1.0,321,0.393,-0.4739,-152.13,1h,train,0.425,542
5.0,1.5,321,0.343,-1.5777,-506.45,1h,train,0.425,542
5.0,2.0,321,0.308,-2.6095,-837.63,1h,train,0.425,542
6.0,0.25,321,0.558,1.4706,472.08,1h,train,0.425,542
6.0,0.5,321,0.458,0.7112,228.29,1h,train,0.425,542
6.0,0.75,321,0.414,0.1819,58.39,1h,train,0.425,542
6.0,1.0,321,0.371,-0.2504,-80.38,1h,train,0.425,542
6.0,1.5,321,0.324,-1.5209,-488.22,1h,train,0.425,542
6.0,2.0,321,0.293,-2.5229,-809.86,1h,train,0.425,542
7.0,0.25,321,0.551,1.5822,507.9,1h,train,0.425,542
7.0,0.5,321,0.445,0.8501,272.89,1h,train,0.425,542
7.0,0.75,321,0.396,0.3373,108.27,1h,train,0.425,542
7.0,1.0,321,0.352,-0.1487,-47.72,1h,train,0.425,542
7.0,1.5,321,0.305,-1.4189,-455.47,1h,train,0.425,542
7.0,2.0,321,0.274,-2.4122,-774.33,1h,train,0.425,542
8.0,0.25,321,0.548,1.647,528.7,1h,train,0.425,542
8.0,0.5,321,0.442,0.963,309.14,1h,train,0.425,542
8.0,0.75,321,0.393,0.4864,156.12,1h,train,0.425,542
8.0,1.0,321,0.349,0.0298,9.56,1h,train,0.425,542
8.0,1.5,321,0.299,-1.2143,-389.79,1h,train,0.425,542
8.0,2.0,321,0.268,-2.2321,-716.5,1h,train,0.425,542
10.0,0.25,321,0.545,1.6528,530.55,1h,train,0.425,542
10.0,0.5,321,0.439,1.15,369.15,1h,train,0.425,542
10.0,0.75,321,0.389,0.6888,221.1,1h,train,0.425,542
10.0,1.0,321,0.343,0.3016,96.82,1h,train,0.425,542
10.0,1.5,321,0.287,-0.7989,-256.43,1h,train,0.425,542
10.0,2.0,321,0.259,-1.6958,-544.36,1h,train,0.425,542
12.0,0.25,321,0.545,1.6706,536.25,1h,train,0.425,542
12.0,0.5,321,0.439,1.2658,406.33,1h,train,0.425,542
12.0,0.75,321,0.386,0.9311,298.87,1h,train,0.425,542
12.0,1.0,321,0.343,0.6315,202.7,1h,train,0.425,542
12.0,1.5,321,0.287,-0.4466,-143.37,1h,train,0.425,542
12.0,2.0,321,0.259,-1.3144,-421.93,1h,train,0.425,542
15.0,0.25,321,0.542,1.5688,503.58,1h,train,0.425,542
15.0,0.5,321,0.43,1.1013,353.53,1h,train,0.425,542
15.0,0.75,321,0.377,0.7666,246.08,1h,train,0.425,542
15.0,1.0,321,0.333,0.4381,140.62,1h,train,0.425,542
15.0,1.5,321,0.277,-0.5581,-179.14,1h,train,0.425,542
15.0,2.0,321,0.246,-1.321,-424.03,1h,train,0.425,542
20.0,0.25,321,0.542,1.5892,510.15,1h,train,0.425,542
20.0,0.5,321,0.43,1.1931,382.97,1h,train,0.425,542
20.0,0.75,321,0.377,0.9384,301.22,1h,train,0.425,542
20.0,1.0,321,0.333,0.6149,197.38,1h,train,0.425,542
20.0,1.5,321,0.277,-0.314,-100.79,1h,train,0.425,542
20.0,2.0,321,0.246,-1.1091,-356.03,1h,train,0.425,542
5.0,0.25,321,0.57,1.3952,447.86,1h,train,0.45,542
5.0,0.5,321,0.467,0.6163,197.82,1h,train,0.45,542
5.0,0.75,321,0.43,-0.0062,-1.99,1h,train,0.45,542
5.0,1.0,321,0.393,-0.5097,-163.62,1h,train,0.45,542
5.0,1.5,321,0.343,-1.6359,-525.13,1h,train,0.45,542
5.0,2.0,321,0.312,-2.622,-841.65,1h,train,0.45,542
6.0,0.25,321,0.561,1.5076,483.95,1h,train,0.45,542
6.0,0.5,321,0.455,0.7235,232.26,1h,train,0.45,542
6.0,0.75,321,0.414,0.1745,56.02,1h,train,0.45,542
6.0,1.0,321,0.368,-0.2913,-93.52,1h,train,0.45,542
6.0,1.5,321,0.324,-1.3572,-435.65,1h,train,0.45,542
6.0,2.0,321,0.296,-2.3202,-744.77,1h,train,0.45,542
7.0,0.25,321,0.555,1.6066,515.71,1h,train,0.45,542
7.0,0.5,321,0.442,0.8882,285.1,1h,train,0.45,542
7.0,0.75,321,0.399,0.3628,116.45,1h,train,0.45,542
7.0,1.0,321,0.352,-0.1199,-38.5,1h,train,0.45,542
7.0,1.5,321,0.305,-1.3669,-438.77,1h,train,0.45,542
7.0,2.0,321,0.277,-2.3392,-750.87,1h,train,0.45,542
8.0,0.25,321,0.551,1.6587,532.44,1h,train,0.45,542
8.0,0.5,321,0.439,0.951,305.26,1h,train,0.45,542
8.0,0.75,321,0.393,0.4612,148.06,1h,train,0.45,542
8.0,1.0,321,0.346,-0.0134,-4.29,1h,train,0.45,542
8.0,1.5,321,0.296,-1.2695,-407.51,1h,train,0.45,542
8.0,2.0,321,0.268,-2.2413,-719.45,1h,train,0.45,542
10.0,0.25,321,0.548,1.6885,542.02,1h,train,0.45,542
10.0,0.5,321,0.436,1.1799,378.73,1h,train,0.45,542
10.0,0.75,321,0.389,0.7173,230.24,1h,train,0.45,542
10.0,1.0,321,0.34,0.3238,103.93,1h,train,0.45,542
10.0,1.5,321,0.283,-0.7553,-242.45,1h,train,0.45,542
10.0,2.0,321,0.259,-1.6439,-527.71,1h,train,0.45,542
12.0,0.25,321,0.548,1.7055,547.47,1h,train,0.45,542
12.0,0.5,321,0.436,1.2906,414.28,1h,train,0.45,542
12.0,0.75,321,0.386,0.9482,304.39,1h,train,0.45,542
12.0,1.0,321,0.34,0.6312,202.61,1h,train,0.45,542
12.0,1.5,321,0.283,-0.4543,-145.84,1h,train,0.45,542
12.0,2.0,321,0.259,-1.3156,-422.31,1h,train,0.45,542
15.0,0.25,321,0.545,1.6053,515.3,1h,train,0.45,542
15.0,0.5,321,0.427,1.127,361.77,1h,train,0.45,542
15.0,0.75,321,0.377,0.7882,253.03,1h,train,0.45,542
15.0,1.0,321,0.33,0.4497,144.35,1h,train,0.45,542
15.0,1.5,321,0.274,-0.5305,-170.28,1h,train,0.45,542
15.0,2.0,321,0.246,-1.2825,-411.68,1h,train,0.45,542
20.0,0.25,321,0.545,1.6257,521.86,1h,train,0.45,542
20.0,0.5,321,0.427,1.2186,391.18,1h,train,0.45,542
20.0,0.75,321,0.377,0.9598,308.1,1h,train,0.45,542
20.0,1.0,321,0.33,0.6263,201.05,1h,train,0.45,542
20.0,1.5,321,0.274,-0.2808,-90.14,1h,train,0.45,542
20.0,2.0,321,0.246,-1.0541,-338.37,1h,train,0.45,542
5.0,0.25,321,0.57,1.1699,375.55,1h,train,0.475,542
5.0,0.5,321,0.474,0.4148,133.16,1h,train,0.475,542
5.0,0.75,321,0.433,-0.1964,-63.03,1h,train,0.475,542
5.0,1.0,321,0.393,-0.6976,-223.94,1h,train,0.475,542
5.0,1.5,321,0.346,-1.8441,-591.96,1h,train,0.475,542
5.0,2.0,321,0.315,-2.8384,-911.11,1h,train,0.475,542
6.0,0.25,321,0.561,1.2789,410.53,1h,train,0.475,542
6.0,0.5,321,0.461,0.5174,166.08,1h,train,0.475,542
6.0,0.75,321,0.417,-0.028,-9.0,1h,train,0.475,542
6.0,1.0,321,0.368,-0.5025,-161.31,1h,train,0.475,542
6.0,1.5,321,0.327,-1.5936,-511.53,1h,train,0.475,542
6.0,2.0,321,0.299,-2.5932,-832.41,1h,train,0.475,542
7.0,0.25,321,0.555,1.3773,442.13,1h,train,0.475,542
7.0,0.5,321,0.449,0.6678,214.37,1h,train,0.475,542
7.0,0.75,321,0.402,0.1251,40.16,1h,train,0.475,542
7.0,1.0,321,0.352,-0.3151,-101.15,1h,train,0.475,542
7.0,1.5,321,0.308,-1.5356,-492.94,1h,train,0.475,542
7.0,2.0,321,0.28,-2.5083,-805.16,1h,train,0.475,542
8.0,0.25,321,0.551,1.4234,456.93,1h,train,0.475,542
8.0,0.5,321,0.445,0.754,242.05,1h,train,0.475,542
8.0,0.75,321,0.396,0.2729,87.59,1h,train,0.475,542
8.0,1.0,321,0.346,-0.2017,-64.74,1h,train,0.475,542
8.0,1.5,321,0.302,-1.4463,-464.26,1h,train,0.475,542
8.0,2.0,321,0.271,-2.4231,-777.82,1h,train,0.475,542
10.0,0.25,321,0.548,1.4577,467.92,1h,train,0.475,542
10.0,0.5,321,0.442,0.948,304.3,1h,train,0.475,542
10.0,0.75,321,0.393,0.4748,152.42,1h,train,0.475,542
10.0,1.0,321,0.34,0.0644,20.67,1h,train,0.475,542
10.0,1.5,321,0.287,-1.0401,-333.89,1h,train,0.475,542
10.0,2.0,321,0.259,-1.9462,-624.72,1h,train,0.475,542
12.0,0.25,321,0.548,1.4769,474.1,1h,train,0.475,542
12.0,0.5,321,0.442,1.0599,340.23,1h,train,0.475,542
12.0,0.75,321,0.389,0.6925,222.28,1h,train,0.475,542
12.0,1.0,321,0.34,0.3678,118.07,1h,train,0.475,542
12.0,1.5,321,0.287,-0.7288,-233.93,1h,train,0.475,542
12.0,2.0,321,0.259,-1.5936,-511.53,1h,train,0.475,542
15.0,0.25,321,0.545,1.3776,442.21,1h,train,0.475,542
15.0,0.5,321,0.433,0.8763,281.3,1h,train,0.475,542
15.0,0.75,321,0.38,0.513,164.66,1h,train,0.475,542
15.0,1.0,321,0.33,0.1581,50.75,1h,train,0.475,542
15.0,1.5,321,0.277,-0.8465,-271.73,1h,train,0.475,542
15.0,2.0,321,0.246,-1.6143,-518.2,1h,train,0.475,542
20.0,0.25,321,0.545,1.398,448.76,1h,train,0.475,542
20.0,0.5,321,0.433,0.978,313.95,1h,train,0.475,542
20.0,0.75,321,0.38,0.6719,215.67,1h,train,0.475,542
20.0,1.0,321,0.33,0.3041,97.62,1h,train,0.475,542
20.0,1.5,321,0.277,-0.634,-203.5,1h,train,0.475,542
20.0,2.0,321,0.243,-1.4003,-449.51,1h,train,0.475,542
5.0,0.25,320,0.569,1.0572,338.29,1h,train,0.5,542
5.0,0.5,320,0.472,0.2761,88.36,1h,train,0.5,542
5.0,0.75,320,0.428,-0.3434,-109.9,1h,train,0.5,542
5.0,1.0,320,0.388,-0.8584,-274.69,1h,train,0.5,542
5.0,1.5,320,0.341,-2.0199,-646.38,1h,train,0.5,542
5.0,2.0,320,0.312,-3.0316,-970.12,1h,train,0.5,542
6.0,0.25,320,0.562,1.1844,379.0,1h,train,0.5,542
6.0,0.5,320,0.462,0.3978,127.31,1h,train,0.5,542
6.0,0.75,320,0.416,-0.1766,-56.52,1h,train,0.5,542
6.0,1.0,320,0.369,-0.6454,-206.52,1h,train,0.5,542
6.0,1.5,320,0.325,-1.7362,-555.58,1h,train,0.5,542
6.0,2.0,320,0.3,-2.7808,-889.85,1h,train,0.5,542
7.0,0.25,320,0.553,1.2614,403.65,1h,train,0.5,542
7.0,0.5,320,0.447,0.5456,174.6,1h,train,0.5,542
7.0,0.75,320,0.397,-0.0008,-0.25,1h,train,0.5,542
7.0,1.0,320,0.35,-0.4545,-145.43,1h,train,0.5,542
7.0,1.5,320,0.303,-1.6872,-539.9,1h,train,0.5,542
7.0,2.0,320,0.278,-2.6748,-855.93,1h,train,0.5,542
8.0,0.25,320,0.55,1.3199,422.37,1h,train,0.5,542
8.0,0.5,320,0.444,0.6417,205.35,1h,train,0.5,542
8.0,0.75,320,0.391,0.156,49.92,1h,train,0.5,542
8.0,1.0,320,0.344,-0.3238,-103.62,1h,train,0.5,542
8.0,1.5,320,0.297,-1.5735,-503.52,1h,train,0.5,542
8.0,2.0,320,0.269,-2.6204,-838.52,1h,train,0.5,542
10.0,0.25,320,0.547,1.3414,429.25,1h,train,0.5,542
10.0,0.5,320,0.441,0.8396,268.66,1h,train,0.5,542
10.0,0.75,320,0.388,0.3619,115.81,1h,train,0.5,542
10.0,1.0,320,0.338,-0.055,-17.58,1h,train,0.5,542
10.0,1.5,320,0.284,-1.1671,-373.47,1h,train,0.5,542
10.0,2.0,320,0.259,-2.1385,-684.32,1h,train,0.5,542
12.0,0.25,320,0.547,1.3672,437.51,1h,train,0.5,542
12.0,0.5,320,0.441,0.9627,308.08,1h,train,0.5,542
12.0,0.75,320,0.384,0.588,188.17,1h,train,0.5,542
12.0,1.0,320,0.338,0.2478,79.3,1h,train,0.5,542
12.0,1.5,320,0.284,-0.8739,-279.66,1h,train,0.5,542
12.0,2.0,320,0.259,-1.8136,-580.35,1h,train,0.5,542
15.0,0.25,320,0.544,1.296,414.72,1h,train,0.5,542
15.0,0.5,320,0.434,0.8124,259.97,1h,train,0.5,542
15.0,0.75,320,0.378,0.4288,137.21,1h,train,0.5,542
15.0,1.0,320,0.331,0.0483,15.45,1h,train,0.5,542
15.0,1.5,320,0.278,-0.997,-319.04,1h,train,0.5,542
15.0,2.0,320,0.25,-1.8531,-592.98,1h,train,0.5,542
20.0,0.25,320,0.544,1.2887,412.37,1h,train,0.5,542
20.0,0.5,320,0.431,0.8807,281.82,1h,train,0.5,542
20.0,0.75,320,0.375,0.5655,180.96,1h,train,0.5,542
20.0,1.0,320,0.328,0.1842,58.94,1h,train,0.5,542
20.0,1.5,320,0.275,-0.7729,-247.34,1h,train,0.5,542
20.0,2.0,320,0.244,-1.6169,-517.41,1h,train,0.5,542
5.0,0.25,317,0.574,1.0392,329.41,1h,train,0.525,542
5.0,0.5,317,0.476,0.349,110.63,1h,train,0.525,542
5.0,0.75,317,0.435,-0.2724,-86.36,1h,train,0.525,542
5.0,1.0,317,0.391,-0.8055,-255.33,1h,train,0.525,542
5.0,1.5,317,0.347,-2.012,-637.81,1h,train,0.525,542
5.0,2.0,317,0.315,-3.0248,-958.88,1h,train,0.525,542
6.0,0.25,317,0.568,1.1839,375.29,1h,train,0.525,542
6.0,0.5,317,0.464,0.4503,142.75,1h,train,0.525,542
6.0,0.75,317,0.42,-0.1046,-33.17,1h,train,0.525,542
6.0,1.0,317,0.369,-0.565,-179.1,1h,train,0.525,542
6.0,1.5,317,0.328,-1.6615,-526.69,1h,train,0.525,542
6.0,2.0,317,0.303,-2.7069,-858.1,1h,train,0.525,542
7.0,0.25,317,0.558,1.2529,397.18,1h,train,0.525,542
7.0,0.5,317,0.448,0.6,190.2,1h,train,0.525,542
7.0,0.75,317,0.404,0.1318,41.79,1h,train,0.525,542
7.0,1.0,317,0.353,-0.31,-98.27,1h,train,0.525,542
7.0,1.5,317,0.309,-1.4942,-473.68,1h,train,0.525,542
7.0,2.0,317,0.281,-2.4611,-780.17,1h,train,0.525,542
8.0,0.25,317,0.555,1.3294,421.42,1h,train,0.525,542
8.0,0.5,317,0.445,0.6885,218.27,1h,train,0.525,542
8.0,0.75,317,0.394,0.1824,57.83,1h,train,0.525,542
8.0,1.0,317,0.344,-0.3186,-101.01,1h,train,0.525,542
8.0,1.5,317,0.3,-1.5522,-492.06,1h,train,0.525,542
8.0,2.0,317,0.268,-2.5601,-811.55,1h,train,0.525,542
10.0,0.25,317,0.552,1.3582,430.53,1h,train,0.525,542
10.0,0.5,317,0.442,0.9085,288.01,1h,train,0.525,542
10.0,0.75,317,0.391,0.4301,136.33,1h,train,0.525,542
10.0,1.0,317,0.338,0.0088,2.8,1h,train,0.525,542
10.0,1.5,317,0.287,-1.1314,-358.65,1h,train,0.525,542
10.0,2.0,317,0.259,-2.1118,-669.44,1h,train,0.525,542
12.0,0.25,317,0.552,1.3844,438.86,1h,train,0.525,542
12.0,0.5,317,0.442,1.0415,330.16,1h,train,0.525,542
12.0,0.75,317,0.388,0.6596,209.08,1h,train,0.525,542
12.0,1.0,317,0.338,0.3048,96.63,1h,train,0.525,542
12.0,1.5,317,0.287,-0.8502,-269.52,1h,train,0.525,542
12.0,2.0,317,0.259,-1.8035,-571.72,1h,train,0.525,542
15.0,0.25,317,0.549,1.313,416.21,1h,train,0.525,542
15.0,0.5,317,0.435,0.8959,284.01,1h,train,0.525,542
15.0,0.75,317,0.382,0.5207,165.06,1h,train,0.525,542
15.0,1.0,317,0.331,0.1419,44.99,1h,train,0.525,542
15.0,1.5,317,0.281,-0.9219,-292.23,1h,train,0.525,542
15.0,2.0,317,0.249,-1.7789,-563.92,1h,train,0.525,542
20.0,0.25,317,0.549,1.2947,410.42,1h,train,0.525,542
20.0,0.5,317,0.432,0.9306,294.99,1h,train,0.525,542
20.0,0.75,317,0.379,0.6063,192.19,1h,train,0.525,542
20.0,1.0,317,0.328,0.221,70.05,1h,train,0.525,542
20.0,1.5,317,0.278,-0.7582,-240.35,1h,train,0.525,542
20.0,2.0,317,0.243,-1.6041,-508.5,1h,train,0.525,542
5.0,0.25,315,0.575,1.1581,364.8,1h,train,0.55,542
5.0,0.5,315,0.479,0.3863,121.68,1h,train,0.55,542
5.0,0.75,315,0.438,-0.2668,-84.05,1h,train,0.55,542
5.0,1.0,315,0.403,-0.8206,-258.48,1h,train,0.55,542
5.0,1.5,315,0.352,-2.0352,-641.09,1h,train,0.55,542
5.0,2.0,315,0.317,-3.0641,-965.2,1h,train,0.55,542
6.0,0.25,315,0.568,1.3065,411.55,1h,train,0.55,542
6.0,0.5,315,0.47,0.6039,190.22,1h,train,0.55,542
6.0,0.75,315,0.422,0.0496,15.61,1h,train,0.55,542
6.0,1.0,315,0.381,-0.4177,-131.57,1h,train,0.55,542
6.0,1.5,315,0.337,-1.5282,-481.38,1h,train,0.55,542
6.0,2.0,315,0.308,-2.5071,-789.73,1h,train,0.55,542
7.0,0.25,315,0.559,1.4003,441.09,1h,train,0.55,542
7.0,0.5,315,0.454,0.7052,222.14,1h,train,0.55,542
7.0,0.75,315,0.406,0.2314,72.89,1h,train,0.55,542
7.0,1.0,315,0.365,-0.2194,-69.12,1h,train,0.55,542
7.0,1.5,315,0.314,-1.4332,-451.47,1h,train,0.55,542
7.0,2.0,315,0.283,-2.4274,-764.63,1h,train,0.55,542
8.0,0.25,315,0.556,1.4769,465.22,1h,train,0.55,542
8.0,0.5,315,0.451,0.8703,274.13,1h,train,0.55,542
8.0,0.75,315,0.4,0.3773,118.85,1h,train,0.55,542
8.0,1.0,315,0.359,-0.1248,-39.32,1h,train,0.55,542
8.0,1.5,315,0.308,-1.381,-435.01,1h,train,0.55,542
8.0,2.0,315,0.273,-2.4097,-759.04,1h,train,0.55,542
10.0,0.25,315,0.552,1.5074,474.83,1h,train,0.55,542
10.0,0.5,315,0.448,1.0297,324.36,1h,train,0.55,542
10.0,0.75,315,0.394,0.5349,168.5,1h,train,0.55,542
10.0,1.0,315,0.349,0.0924,29.12,1h,train,0.55,542
10.0,1.5,315,0.292,-1.0924,-344.09,1h,train,0.55,542
10.0,2.0,315,0.26,-2.1105,-664.82,1h,train,0.55,542
12.0,0.25,315,0.552,1.5316,482.45,1h,train,0.55,542
12.0,0.5,315,0.448,1.1278,355.24,1h,train,0.55,542
12.0,0.75,315,0.39,0.7065,222.54,1h,train,0.55,542
12.0,1.0,315,0.349,0.3063,96.47,1h,train,0.55,542
12.0,1.5,315,0.292,-0.7882,-248.3,1h,train,0.55,542
12.0,2.0,315,0.26,-1.7036,-536.64,1h,train,0.55,542
15.0,0.25,315,0.549,1.4659,461.76,1h,train,0.55,542
15.0,0.5,315,0.441,1.0433,328.65,1h,train,0.55,542
15.0,0.75,315,0.384,0.7001,220.52,1h,train,0.55,542
15.0,1.0,315,0.343,0.3237,101.97,1h,train,0.55,542
15.0,1.5,315,0.286,-0.7508,-236.5,1h,train,0.55,542
15.0,2.0,315,0.254,-1.6178,-509.6,1h,train,0.55,542
20.0,0.25,315,0.549,1.4483,456.21,1h,train,0.55,542
20.0,0.5,315,0.438,1.0665,335.94,1h,train,0.55,542
20.0,0.75,315,0.381,0.7464,235.1,1h,train,0.55,542
20.0,1.0,315,0.34,0.3616,113.91,1h,train,0.55,542
20.0,1.5,315,0.283,-0.6314,-198.88,1h,train,0.55,542
20.0,2.0,315,0.244,-1.5004,-472.62,1h,train,0.55,542
5.0,0.25,313,0.565,0.9026,282.5,1h,train,0.575,542
5.0,0.5,313,0.47,0.1137,35.59,1h,train,0.575,542
5.0,0.75,313,0.428,-0.6254,-195.75,1h,train,0.575,542
5.0,1.0,313,0.393,-1.1795,-369.18,1h,train,0.575,542
5.0,1.5,313,0.342,-2.4169,-756.5,1h,train,0.575,542
5.0,2.0,313,0.313,-3.4696,-1085.99,1h,train,0.575,542
6.0,0.25,313,0.562,1.1153,349.08,1h,train,0.575,542
6.0,0.5,313,0.466,0.432,135.21,1h,train,0.575,542
6.0,0.75,313,0.419,-0.1925,-60.25,1h,train,0.575,542
6.0,1.0,313,0.377,-0.6632,-207.59,1h,train,0.575,542
6.0,1.5,313,0.329,-1.8025,-564.17,1h,train,0.575,542
6.0,2.0,313,0.307,-2.8118,-880.1,1h,train,0.575,542
7.0,0.25,313,0.55,1.1459,358.66,1h,train,0.575,542
7.0,0.5,313,0.447,0.4883,152.84,1h,train,0.575,542
7.0,0.75,313,0.399,-0.0795,-24.89,1h,train,0.575,542
7.0,1.0,313,0.358,-0.5474,-171.33,1h,train,0.575,542
7.0,1.5,313,0.307,-1.794,-561.54,1h,train,0.575,542
7.0,2.0,313,0.281,-2.8227,-883.5,1h,train,0.575,542
8.0,0.25,313,0.546,1.2202,381.94,1h,train,0.575,542
8.0,0.5,313,0.444,0.6219,194.67,1h,train,0.575,542
8.0,0.75,313,0.39,0.03,9.39,1h,train,0.575,542
8.0,1.0,313,0.348,-0.4371,-136.81,1h,train,0.575,542
8.0,1.5,313,0.297,-1.71,-535.22,1h,train,0.575,542
8.0,2.0,313,0.272,-2.7117,-848.76,1h,train,0.575,542
10.0,0.25,313,0.543,1.2337,386.13,1h,train,0.575,542
10.0,0.5,313,0.441,0.7589,237.55,1h,train,0.575,542
10.0,0.75,313,0.383,0.1815,56.82,1h,train,0.575,542
10.0,1.0,313,0.339,-0.2656,-83.13,1h,train,0.575,542
10.0,1.5,313,0.281,-1.4877,-465.64,1h,train,0.575,542
10.0,2.0,313,0.256,-2.5395,-794.85,1h,train,0.575,542
12.0,0.25,313,0.543,1.2805,400.8,1h,train,0.575,542
12.0,0.5,313,0.441,0.9065,283.73,1h,train,0.575,542
12.0,0.75,313,0.38,0.4198,131.4,1h,train,0.575,542
12.0,1.0,313,0.339,0.0295,9.25,1h,train,0.575,542
12.0,1.5,313,0.281,-1.0865,-340.08,1h,train,0.575,542
12.0,2.0,313,0.256,-2.0534,-642.7,1h,train,0.575,542
15.0,0.25,313,0.54,1.2144,380.12,1h,train,0.575,542
15.0,0.5,313,0.435,0.8281,259.19,1h,train,0.575,542
15.0,0.75,313,0.374,0.4288,134.23,1h,train,0.575,542
15.0,1.0,313,0.332,0.0668,20.9,1h,train,0.575,542
15.0,1.5,313,0.275,-1.0214,-319.69,1h,train,0.575,542
15.0,2.0,313,0.249,-1.9076,-597.09,1h,train,0.575,542
20.0,0.25,313,0.54,1.1907,372.7,1h,train,0.575,542
20.0,0.5,313,0.431,0.8185,256.18,1h,train,0.575,542
20.0,0.75,313,0.371,0.4128,129.21,1h,train,0.575,542
20.0,1.0,313,0.329,0.0865,27.07,1h,train,0.575,542
20.0,1.5,313,0.272,-0.8855,-277.16,1h,train,0.575,542
20.0,2.0,313,0.24,-1.7651,-552.47,1h,train,0.575,542
5.0,0.25,312,0.564,0.8202,255.89,1h,train,0.6,542
5.0,0.5,312,0.462,0.0844,26.35,1h,train,0.6,542
5.0,0.75,312,0.426,-0.6095,-190.17,1h,train,0.6,542
5.0,1.0,312,0.397,-1.2032,-375.4,1h,train,0.6,542
5.0,1.5,312,0.346,-2.3981,-748.2,1h,train,0.6,542
5.0,2.0,312,0.317,-3.4401,-1073.31,1h,train,0.6,542
6.0,0.25,312,0.561,1.0297,321.28,1h,train,0.6,542
6.0,0.5,312,0.455,0.2913,90.89,1h,train,0.6,542
6.0,0.75,312,0.413,-0.3459,-107.93,1h,train,0.6,542
6.0,1.0,312,0.378,-0.9096,-283.79,1h,train,0.6,542
6.0,1.5,312,0.33,-2.0879,-651.41,1h,train,0.6,542
6.0,2.0,312,0.308,-3.106,-969.08,1h,train,0.6,542
7.0,0.25,312,0.548,1.0868,339.09,1h,train,0.6,542
7.0,0.5,312,0.439,0.4243,132.38,1h,train,0.6,542
7.0,0.75,312,0.397,-0.1098,-34.25,1h,train,0.6,542
7.0,1.0,312,0.362,-0.6341,-197.85,1h,train,0.6,542
7.0,1.5,312,0.314,-1.7317,-540.29,1h,train,0.6,542
7.0,2.0,312,0.292,-2.7874,-869.66,1h,train,0.6,542
8.0,0.25,312,0.545,1.1491,358.53,1h,train,0.6,542
8.0,0.5,312,0.433,0.5512,171.99,1h,train,0.6,542
8.0,0.75,312,0.388,0.0736,22.97,1h,train,0.6,542
8.0,1.0,312,0.353,-0.4271,-133.26,1h,train,0.6,542
8.0,1.5,312,0.301,-1.604,-500.44,1h,train,0.6,542
8.0,2.0,312,0.279,-2.585,-806.52,1h,train,0.6,542
10.0,0.25,312,0.545,1.2505,390.15,1h,train,0.6,542
10.0,0.5,312,0.433,0.7636,238.24,1h,train,0.6,542
10.0,0.75,312,0.381,0.2224,69.39,1h,train,0.6,542
10.0,1.0,312,0.346,-0.2884,-89.99,1h,train,0.6,542
10.0,1.5,312,0.288,-1.541,-480.78,1h,train,0.6,542
10.0,2.0,312,0.266,-2.5977,-810.48,1h,train,0.6,542
12.0,0.25,312,0.542,1.2196,380.5,1h,train,0.6,542
12.0,0.5,312,0.429,0.8298,258.9,1h,train,0.6,542
12.0,0.75,312,0.375,0.3809,118.85,1h,train,0.6,542
12.0,1.0,312,0.34,-0.0537,-16.74,1h,train,0.6,542
12.0,1.5,312,0.282,-1.1414,-356.11,1h,train,0.6,542
12.0,2.0,312,0.26,-2.1127,-659.15,1h,train,0.6,542
15.0,0.25,312,0.538,1.1561,360.7,1h,train,0.6,542
15.0,0.5,312,0.423,0.7575,236.34,1h,train,0.6,542
15.0,0.75,312,0.369,0.3981,124.2,1h,train,0.6,542
15.0,1.0,312,0.333,-0.0099,-3.08,1h,train,0.6,542
15.0,1.5,312,0.276,-1.0789,-336.6,1h,train,0.6,542
15.0,2.0,312,0.253,-1.9844,-619.14,1h,train,0.6,542
20.0,0.25,312,0.538,1.1324,353.31,1h,train,0.6,542
20.0,0.5,312,0.42,0.7482,233.43,1h,train,0.6,542
20.0,0.75,312,0.365,0.3762,117.39,1h,train,0.6,542
20.0,1.0,312,0.33,-0.002,-0.64,1h,train,0.6,542
20.0,1.5,312,0.272,-0.9629,-300.42,1h,train,0.6,542
20.0,2.0,312,0.244,-1.787,-557.53,1h,train,0.6,542
5.0,0.25,309,0.573,0.9952,307.52,1h,train,0.625,542
5.0,0.5,309,0.469,0.0742,22.94,1h,train,0.625,542
5.0,0.75,309,0.424,-0.6526,-201.65,1h,train,0.625,542
5.0,1.0,309,0.395,-1.236,-381.93,1h,train,0.625,542
5.0,1.5,309,0.346,-2.4187,-747.39,1h,train,0.625,542
5.0,2.0,309,0.317,-3.46,-1069.14,1h,train,0.625,542
6.0,0.25,309,0.566,1.0658,329.32,1h,train,0.625,542
6.0,0.5,309,0.46,0.2189,67.63,1h,train,0.625,542
6.0,0.75,309,0.411,-0.4373,-135.11,1h,train,0.625,542
6.0,1.0,309,0.379,-1.016,-313.94,1h,train,0.625,542
6.0,1.5,309,0.333,-2.2155,-684.58,1h,train,0.625,542
6.0,2.0,309,0.307,-3.2587,-1006.92,1h,train,0.625,542
7.0,0.25,309,0.553,1.0588,327.18,1h,train,0.625,542
7.0,0.5,309,0.443,0.1931,59.67,1h,train,0.625,542
7.0,0.75,309,0.392,-0.3866,-119.46,1h,train,0.625,542
7.0,1.0,309,0.356,-0.9185,-283.81,1h,train,0.625,542
7.0,1.5,309,0.307,-2.0367,-629.35,1h,train,0.625,542
7.0,2.0,309,0.285,-3.046,-941.2,1h,train,0.625,542
8.0,0.25,309,0.55,1.1878,367.03,1h,train,0.625,542
8.0,0.5,309,0.437,0.4221,130.44,1h,train,0.625,542
8.0,0.75,309,0.382,-0.0845,-26.1,1h,train,0.625,542
8.0,1.0,309,0.346,-0.5988,-185.02,1h,train,0.625,542
8.0,1.5,309,0.294,-1.807,-558.37,1h,train,0.625,542
8.0,2.0,309,0.272,-2.8207,-871.58,1h,train,0.625,542
10.0,0.25,309,0.55,1.2635,390.41,1h,train,0.625,542
10.0,0.5,309,0.437,0.5617,173.58,1h,train,0.625,542
10.0,0.75,309,0.375,-0.0258,-7.98,1h,train,0.625,542
10.0,1.0,309,0.34,-0.5684,-175.63,1h,train,0.625,542
10.0,1.5,309,0.282,-1.8719,-578.42,1h,train,0.625,542
10.0,2.0,309,0.259,-2.9725,-918.49,1h,train,0.625,542
12.0,0.25,309,0.547,1.249,385.94,1h,train,0.625,542
12.0,0.5,309,0.434,0.6632,204.94,1h,train,0.625,542
12.0,0.75,309,0.369,0.1413,43.65,1h,train,0.625,542
12.0,1.0,309,0.333,-0.3366,-104.01,1h,train,0.625,542
12.0,1.5,309,0.275,-1.4922,-461.1,1h,train,0.625,542
12.0,2.0,309,0.252,-2.5156,-777.31,1h,train,0.625,542
15.0,0.25,309,0.547,1.3101,404.84,1h,train,0.625,542
15.0,0.5,309,0.43,0.7531,232.71,1h,train,0.625,542
15.0,0.75,309,0.366,0.333,102.89,1h,train,0.625,542
15.0,1.0,309,0.33,-0.1399,-43.22,1h,train,0.625,542
15.0,1.5,309,0.272,-1.3228,-408.75,1h,train,0.625,542
15.0,2.0,309,0.249,-2.322,-717.49,1h,train,0.625,542
20.0,0.25,309,0.544,1.1649,359.96,1h,train,0.625,542
20.0,0.5,309,0.424,0.5949,183.82,1h,train,0.625,542
20.0,0.75,309,0.359,0.1603,49.54,1h,train,0.625,542
20.0,1.0,309,0.324,-0.2662,-82.25,1h,train,0.625,542
20.0,1.5,309,0.265,-1.3057,-403.46,1h,train,0.625,542
20.0,2.0,309,0.236,-2.2057,-681.57,1h,train,0.625,542
5.0,0.25,307,0.583,0.9257,284.18,1h,train,0.65,542
5.0,0.5,307,0.469,-0.0223,-6.86,1h,train,0.65,542
5.0,0.75,307,0.427,-0.7575,-232.56,1h,train,0.65,542
5.0,1.0,307,0.401,-1.3472,-413.6,1h,train,0.65,542
5.0,1.5,307,0.345,-2.5494,-782.66,1h,train,0.65,542
5.0,2.0,307,0.313,-3.5641,-1094.18,1h,train,0.65,542
6.0,0.25,307,0.58,1.1014,338.14,1h,train,0.65,542
6.0,0.5,307,0.463,0.1914,58.76,1h,train,0.65,542
6.0,0.75,307,0.414,-0.519,-159.35,1h,train,0.65,542
6.0,1.0,307,0.384,-1.1239,-345.05,1h,train,0.65,542
6.0,1.5,307,0.332,-2.3485,-721.0,1h,train,0.65,542
6.0,2.0,307,0.306,-3.4157,-1048.63,1h,train,0.65,542
7.0,0.25,307,0.567,1.0807,331.76,1h,train,0.65,542
7.0,0.5,307,0.446,0.1872,57.47,1h,train,0.65,542
7.0,0.75,307,0.394,-0.4097,-125.77,1h,train,0.65,542
7.0,1.0,307,0.362,-0.9707,-298.01,1h,train,0.65,542
7.0,1.5,307,0.306,-2.1352,-655.51,1h,train,0.65,542
7.0,2.0,307,0.283,-3.1642,-971.39,1h,train,0.65,542
8.0,0.25,307,0.56,1.1387,349.58,1h,train,0.65,542
8.0,0.5,307,0.436,0.3303,101.4,1h,train,0.65,542
8.0,0.75,307,0.381,-0.1915,-58.79,1h,train,0.65,542
8.0,1.0,307,0.349,-0.7192,-220.79,1h,train,0.65,542
8.0,1.5,307,0.29,-1.9318,-593.07,1h,train,0.65,542
8.0,2.0,307,0.267,-2.9579,-908.07,1h,train,0.65,542
10.0,0.25,307,0.56,1.2483,383.23,1h,train,0.65,542
10.0,0.5,307,0.436,0.543,166.71,1h,train,0.65,542
10.0,0.75,307,0.381,0.0842,25.86,1h,train,0.65,542
10.0,1.0,307,0.349,-0.4412,-135.45,1h,train,0.65,542
10.0,1.5,307,0.287,-1.7349,-532.62,1h,train,0.65,542
10.0,2.0,307,0.264,-2.8411,-872.2,1h,train,0.65,542
12.0,0.25,307,0.557,1.2551,385.3,1h,train,0.65,542
12.0,0.5,307,0.43,0.5975,183.42,1h,train,0.65,542
12.0,0.75,307,0.368,0.1042,31.99,1h,train,0.65,542
12.0,1.0,307,0.339,-0.4048,-124.27,1h,train,0.65,542
12.0,1.5,307,0.274,-1.6132,-495.25,1h,train,0.65,542
12.0,2.0,307,0.251,-2.6446,-811.89,1h,train,0.65,542
15.0,0.25,307,0.557,1.3173,404.41,1h,train,0.65,542
15.0,0.5,307,0.427,0.712,218.57,1h,train,0.65,542
15.0,0.75,307,0.365,0.3751,115.16,1h,train,0.65,542
15.0,1.0,307,0.336,-0.0835,-25.65,1h,train,0.65,542
15.0,1.5,307,0.27,-1.2715,-390.35,1h,train,0.65,542
15.0,2.0,307,0.248,-2.2498,-690.68,1h,train,0.65,542
20.0,0.25,307,0.554,1.1728,360.04,1h,train,0.65,542
20.0,0.5,307,0.42,0.5559,170.67,1h,train,0.65,542
20.0,0.75,307,0.358,0.1778,54.59,1h,train,0.65,542
20.0,1.0,307,0.329,-0.2598,-79.77,1h,train,0.65,542
20.0,1.5,307,0.264,-1.3234,-406.29,1h,train,0.65,542
20.0,2.0,307,0.235,-2.2155,-680.15,1h,train,0.65,542
5.0,0.25,304,0.586,0.9023,274.3,1h,train,0.675,542
5.0,0.5,304,0.461,-0.1791,-54.44,1h,train,0.675,542
5.0,0.75,304,0.421,-0.9895,-300.82,1h,train,0.675,542
5.0,1.0,304,0.398,-1.652,-502.22,1h,train,0.675,542
5.0,1.5,304,0.339,-2.8304,-860.43,1h,train,0.675,542
5.0,2.0,304,0.309,-3.8528,-1171.25,1h,train,0.675,542
6.0,0.25,304,0.582,1.1162,339.32,1h,train,0.675,542
6.0,0.5,304,0.454,0.1311,39.85,1h,train,0.675,542
6.0,0.75,304,0.405,-0.6823,-207.42,1h,train,0.675,542
6.0,1.0,304,0.378,-1.3501,-410.44,1h,train,0.675,542
6.0,1.5,304,0.322,-2.5385,-771.71,1h,train,0.675,542
6.0,2.0,304,0.296,-3.5732,-1086.26,1h,train,0.675,542
7.0,0.25,304,0.569,1.0798,328.25,1h,train,0.675,542
7.0,0.5,304,0.438,0.0814,24.74,1h,train,0.675,542
7.0,0.75,304,0.385,-0.6689,-203.34,1h,train,0.675,542
7.0,1.0,304,0.355,-1.3,-395.21,1h,train,0.675,542
7.0,1.5,304,0.299,-2.4711,-751.22,1h,train,0.675,542
7.0,2.0,304,0.276,-3.4752,-1056.45,1h,train,0.675,542
8.0,0.25,304,0.562,1.1529,350.47,1h,train,0.675,542
8.0,0.5,304,0.428,0.2603,79.14,1h,train,0.675,542
8.0,0.75,304,0.372,-0.3914,-118.98,1h,train,0.675,542
8.0,1.0,304,0.342,-1.0126,-307.84,1h,train,0.675,542
8.0,1.5,304,0.28,-2.2462,-682.85,1h,train,0.675,542
8.0,2.0,304,0.26,-3.2648,-992.5,1h,train,0.675,542
10.0,0.25,304,0.562,1.2609,383.3,1h,train,0.675,542
10.0,0.5,304,0.428,0.4804,146.05,1h,train,0.675,542
10.0,0.75,304,0.372,-0.0837,-25.44,1h,train,0.675,542
10.0,1.0,304,0.342,-0.6807,-206.93,1h,train,0.675,542
10.0,1.5,304,0.276,-1.9445,-591.12,1h,train,0.675,542
10.0,2.0,304,0.257,-2.9747,-904.3,1h,train,0.675,542
12.0,0.25,304,0.559,1.2703,386.17,1h,train,0.675,542
12.0,0.5,304,0.421,0.5145,156.41,1h,train,0.675,542
12.0,0.75,304,0.359,-0.0966,-29.37,1h,train,0.675,542
12.0,1.0,304,0.332,-0.6869,-208.8,1h,train,0.675,542
12.0,1.5,304,0.263,-1.8988,-577.23,1h,train,0.675,542
12.0,2.0,304,0.243,-2.9346,-892.1,1h,train,0.675,542
15.0,0.25,304,0.559,1.3244,402.62,1h,train,0.675,542
15.0,0.5,304,0.418,0.6219,189.07,1h,train,0.675,542
15.0,0.75,304,0.355,0.1569,47.69,1h,train,0.675,542
15.0,1.0,304,0.329,-0.3891,-118.3,1h,train,0.675,542
15.0,1.5,304,0.26,-1.6004,-486.52,1h,train,0.675,542
15.0,2.0,304,0.24,-2.5912,-787.71,1h,train,0.675,542
20.0,0.25,304,0.556,1.19,361.75,1h,train,0.675,542
20.0,0.5,304,0.411,0.4872,148.11,1h,train,0.675,542
20.0,0.75,304,0.349,-0.015,-4.57,1h,train,0.675,542
20.0,1.0,304,0.322,-0.5461,-166.0,1h,train,0.675,542
20.0,1.5,304,0.253,-1.6282,-494.97,1h,train,0.675,542
20.0,2.0,304,0.227,-2.4832,-754.9,1h,train,0.675,542
5.0,0.25,303,0.587,0.8681,263.04,1h,train,0.7,542
5.0,0.5,303,0.469,-0.3045,-92.28,1h,train,0.7,542
5.0,0.75,303,0.429,-1.1338,-343.54,1h,train,0.7,542
5.0,1.0,303,0.399,-1.8073,-547.6,1h,train,0.7,542
5.0,1.5,303,0.34,-3.0063,-910.92,1h,train,0.7,542
5.0,2.0,303,0.314,-4.041,-1224.41,1h,train,0.7,542
6.0,0.25,303,0.581,1.0639,322.37,1h,train,0.7,542
6.0,0.5,303,0.459,0.0264,7.99,1h,train,0.7,542
6.0,0.75,303,0.409,-0.8056,-244.11,1h,train,0.7,542
6.0,1.0,303,0.376,-1.4747,-446.82,1h,train,0.7,542
6.0,1.5,303,0.317,-2.6675,-808.25,1h,train,0.7,542
6.0,2.0,303,0.29,-3.7015,-1121.57,1h,train,0.7,542
7.0,0.25,303,0.568,1.027,311.19,1h,train,0.7,542
7.0,0.5,303,0.446,0.0037,1.14,1h,train,0.7,542
7.0,0.75,303,0.396,-0.7719,-233.88,1h,train,0.7,542
7.0,1.0,303,0.36,-1.4086,-426.81,1h,train,0.7,542
7.0,1.5,303,0.3,-2.6167,-792.85,1h,train,0.7,542
7.0,2.0,303,0.277,-3.6613,-1109.38,1h,train,0.7,542
8.0,0.25,303,0.561,1.0944,331.6,1h,train,0.7,542
8.0,0.5,303,0.432,0.1743,52.8,1h,train,0.7,542
8.0,0.75,303,0.38,-0.4843,-146.75,1h,train,0.7,542
8.0,1.0,303,0.343,-1.1174,-338.56,1h,train,0.7,542
8.0,1.5,303,0.281,-2.2429,-679.6,1h,train,0.7,542
8.0,2.0,303,0.261,-3.2353,-980.28,1h,train,0.7,542
10.0,0.25,303,0.561,1.2364,374.63,1h,train,0.7,542
10.0,0.5,303,0.432,0.4071,123.36,1h,train,0.7,542
10.0,0.75,303,0.376,-0.1994,-60.4,1h,train,0.7,542
10.0,1.0,303,0.34,-0.8105,-245.57,1h,train,0.7,542
10.0,1.5,303,0.271,-2.0416,-618.62,1h,train,0.7,542
10.0,2.0,303,0.251,-3.0578,-926.52,1h,train,0.7,542
12.0,0.25,303,0.558,1.2449,377.21,1h,train,0.7,542
12.0,0.5,303,0.426,0.4602,139.44,1h,train,0.7,542
12.0,0.75,303,0.363,-0.1703,-51.6,1h,train,0.7,542
12.0,1.0,303,0.33,-0.7696,-233.19,1h,train,0.7,542
12.0,1.5,303,0.257,-2.0333,-616.09,1h,train,0.7,542
12.0,2.0,303,0.238,-3.0971,-938.43,1h,train,0.7,542
15.0,0.25,303,0.558,1.3038,395.05,1h,train,0.7,542
15.0,0.5,303,0.422,0.5695,172.55,1h,train,0.7,542
15.0,0.75,303,0.36,0.0725,21.97,1h,train,0.7,542
15.0,1.0,303,0.327,-0.4851,-146.99,1h,train,0.7,542
15.0,1.5,303,0.254,-1.7285,-523.73,1h,train,0.7,542
15.0,2.0,303,0.234,-2.7563,-835.15,1h,train,0.7,542
20.0,0.25,303,0.554,1.1692,354.26,1h,train,0.7,542
20.0,0.5,303,0.416,0.4343,131.59,1h,train,0.7,542
20.0,0.75,303,0.353,-0.0978,-29.65,1h,train,0.7,542
20.0,1.0,303,0.32,-0.6397,-193.83,1h,train,0.7,542
20.0,1.5,303,0.248,-1.7633,-534.29,1h,train,0.7,542
20.0,2.0,303,0.224,-2.6508,-803.19,1h,train,0.7,542
5.0,0.25,132,0.485,-3.3604,-443.57,1h,validation,0.3,185
5.0,0.5,132,0.371,-4.7117,-621.95,1h,validation,0.3,185
5.0,0.75,132,0.348,-5.5359,-730.74,1h,validation,0.3,185
5.0,1.0,132,0.326,-6.1427,-810.84,1h,validation,0.3,185
5.0,1.5,132,0.326,-7.4443,-982.64,1h,validation,0.3,185
5.0,2.0,132,0.318,-8.5358,-1126.72,1h,validation,0.3,185
6.0,0.25,132,0.492,-3.0655,-404.64,1h,validation,0.3,185
6.0,0.5,132,0.379,-4.1789,-551.61,1h,validation,0.3,185
6.0,0.75,132,0.356,-4.8026,-633.94,1h,validation,0.3,185
6.0,1.0,132,0.333,-5.2613,-694.5,1h,validation,0.3,185
6.0,1.5,132,0.333,-6.3215,-834.44,1h,validation,0.3,185
6.0,2.0,132,0.326,-7.2842,-961.51,1h,validation,0.3,185
7.0,0.25,132,0.485,-3.3812,-446.32,1h,validation,0.3,185
7.0,0.5,132,0.364,-4.2695,-563.57,1h,validation,0.3,185
7.0,0.75,132,0.326,-5.278,-696.7,1h,validation,0.3,185
7.0,1.0,132,0.303,-5.8735,-775.31,1h,validation,0.3,185
7.0,1.5,132,0.303,-6.9717,-920.26,1h,validation,0.3,185
7.0,2.0,132,0.295,-7.9432,-1048.5,1h,validation,0.3,185
8.0,0.25,132,0.485,-3.4308,-452.87,1h,validation,0.3,185
8.0,0.5,132,0.356,-4.1823,-552.06,1h,validation,0.3,185
8.0,0.75,132,0.318,-4.9802,-657.38,1h,validation,0.3,185
8.0,1.0,132,0.295,-5.3582,-707.29,1h,validation,0.3,185
8.0,1.5,132,0.295,-6.2383,-823.46,1h,validation,0.3,185
8.0,2.0,132,0.288,-7.0034,-924.45,1h,validation,0.3,185
10.0,0.25,132,0.47,-3.5299,-465.94,1h,validation,0.3,185
10.0,0.5,132,0.341,-4.1504,-547.85,1h,validation,0.3,185
10.0,0.75,132,0.311,-4.8655,-642.25,1h,validation,0.3,185
10.0,1.0,132,0.288,-5.1634,-681.57,1h,validation,0.3,185
10.0,1.5,132,0.288,-5.701,-752.53,1h,validation,0.3,185
10.0,2.0,132,0.28,-6.7153,-886.41,1h,validation,0.3,185
12.0,0.25,132,0.47,-3.4879,-460.4,1h,validation,0.3,185
12.0,0.5,132,0.341,-4.184,-552.28,1h,validation,0.3,185
12.0,0.75,132,0.311,-4.918,-649.17,1h,validation,0.3,185
12.0,1.0,132,0.28,-5.1901,-685.09,1h,validation,0.3,185
12.0,1.5,132,0.273,-5.6512,-745.96,1h,validation,0.3,185
12.0,2.0,132,0.265,-6.5521,-864.88,1h,validation,0.3,185
15.0,0.25,132,0.47,-3.4842,-459.91,1h,validation,0.3,185
15.0,0.5,132,0.341,-4.143,-546.88,1h,validation,0.3,185
15.0,0.75,132,0.311,-4.7607,-628.41,1h,validation,0.3,185
15.0,1.0,132,0.28,-4.9271,-650.37,1h,validation,0.3,185
15.0,1.5,132,0.273,-5.2139,-688.24,1h,validation,0.3,185
15.0,2.0,132,0.265,-6.1753,-815.14,1h,validation,0.3,185
20.0,0.25,132,0.47,-3.481,-459.49,1h,validation,0.3,185
20.0,0.5,132,0.333,-4.2927,-566.64,1h,validation,0.3,185
20.0,0.75,132,0.303,-4.9141,-648.66,1h,validation,0.3,185
20.0,1.0,132,0.273,-5.0593,-667.82,1h,validation,0.3,185
20.0,1.5,132,0.265,-5.2565,-693.86,1h,validation,0.3,185
20.0,2.0,132,0.258,-6.1832,-816.18,1h,validation,0.3,185
5.0,0.25,131,0.489,-3.0279,-396.66,1h,validation,0.325,185
5.0,0.5,131,0.374,-4.3701,-572.48,1h,validation,0.325,185
5.0,0.75,131,0.351,-5.1892,-679.79,1h,validation,0.325,185
5.0,1.0,131,0.336,-5.7868,-758.07,1h,validation,0.325,185
5.0,1.5,131,0.328,-6.9056,-904.63,1h,validation,0.325,185
5.0,2.0,131,0.321,-7.9638,-1043.26,1h,validation,0.325,185
6.0,0.25,131,0.489,-2.8513,-373.52,1h,validation,0.325,185
6.0,0.5,131,0.374,-3.9856,-522.11,1h,validation,0.325,185
6.0,0.75,131,0.351,-4.6133,-604.34,1h,validation,0.325,185
6.0,1.0,131,0.336,-5.0635,-663.32,1h,validation,0.325,185
6.0,1.5,131,0.328,-6.1461,-805.14,1h,validation,0.325,185
6.0,2.0,131,0.321,-7.1232,-933.14,1h,validation,0.325,185
7.0,0.25,131,0.489,-3.0464,-399.08,1h,validation,0.325,185
7.0,0.5,131,0.366,-3.99,-522.69,1h,validation,0.325,185
7.0,0.75,131,0.328,-5.0541,-662.09,1h,validation,0.325,185
7.0,1.0,131,0.313,-5.4977,-720.2,1h,validation,0.325,185
7.0,1.5,131,0.305,-6.5523,-858.35,1h,validation,0.325,185
7.0,2.0,131,0.298,-7.5224,-985.43,1h,validation,0.325,185
8.0,0.25,131,0.489,-3.0792,-403.38,1h,validation,0.325,185
8.0,0.5,131,0.359,-3.8315,-501.92,1h,validation,0.325,185
8.0,0.75,131,0.321,-4.6304,-606.58,1h,validation,0.325,185
8.0,1.0,131,0.305,-4.9978,-654.72,1h,validation,0.325,185
8.0,1.5,131,0.298,-5.9068,-773.79,1h,validation,0.325,185
8.0,2.0,131,0.29,-6.6925,-876.72,1h,validation,0.325,185
10.0,0.25,131,0.473,-3.179,-416.45,1h,validation,0.325,185
10.0,0.5,131,0.344,-3.7998,-497.77,1h,validation,0.325,185
10.0,0.75,131,0.313,-4.515,-591.47,1h,validation,0.325,185
10.0,1.0,131,0.298,-4.7999,-628.79,1h,validation,0.325,185
10.0,1.5,131,0.29,-5.3549,-701.49,1h,validation,0.325,185
10.0,2.0,131,0.282,-6.3705,-834.54,1h,validation,0.325,185
12.0,0.25,131,0.473,-3.1365,-410.88,1h,validation,0.325,185
12.0,0.5,131,0.344,-3.8329,-502.12,1h,validation,0.325,185
12.0,0.75,131,0.313,-4.5755,-599.39,1h,validation,0.325,185
12.0,1.0,131,0.29,-4.8451,-634.71,1h,validation,0.325,185
12.0,1.5,131,0.275,-5.345,-700.19,1h,validation,0.325,185
12.0,2.0,131,0.267,-6.2585,-819.87,1h,validation,0.325,185
15.0,0.25,131,0.473,-3.1365,-410.88,1h,validation,0.325,185
15.0,0.5,131,0.344,-3.7905,-496.55,1h,validation,0.325,185
15.0,0.75,131,0.313,-4.3966,-575.95,1h,validation,0.325,185
15.0,1.0,131,0.29,-4.5455,-595.45,1h,validation,0.325,185
15.0,1.5,131,0.275,-4.8514,-635.54,1h,validation,0.325,185
15.0,2.0,131,0.267,-5.8214,-762.6,1h,validation,0.325,185
20.0,0.25,131,0.473,-3.1293,-409.93,1h,validation,0.325,185
20.0,0.5,131,0.336,-3.9423,-516.44,1h,validation,0.325,185
20.0,0.75,131,0.305,-4.5638,-597.86,1h,validation,0.325,185
20.0,1.0,131,0.282,-4.6954,-615.1,1h,validation,0.325,185
20.0,1.5,131,0.267,-4.9083,-642.99,1h,validation,0.325,185
20.0,2.0,131,0.26,-5.8351,-764.4,1h,validation,0.325,185
5.0,0.25,130,0.477,-3.6286,-471.71,1h,validation,0.35,185
5.0,0.5,130,0.369,-4.9215,-639.8,1h,validation,0.35,185
5.0,0.75,130,0.346,-5.7398,-746.17,1h,validation,0.35,185
5.0,1.0,130,0.331,-6.3578,-826.51,1h,validation,0.35,185
5.0,1.5,130,0.323,-7.4794,-972.32,1h,validation,0.35,185
5.0,2.0,130,0.315,-8.5294,-1108.82,1h,validation,0.35,185
6.0,0.25,130,0.477,-3.3968,-441.58,1h,validation,0.35,185
6.0,0.5,130,0.369,-4.5548,-592.12,1h,validation,0.35,185
6.0,0.75,130,0.346,-5.2575,-683.48,1h,validation,0.35,185
6.0,1.0,130,0.331,-5.8044,-754.58,1h,validation,0.35,185
6.0,1.5,130,0.323,-7.0032,-910.41,1h,validation,0.35,185
6.0,2.0,130,0.315,-8.0006,-1040.08,1h,validation,0.35,185
7.0,0.25,130,0.477,-3.5385,-460.01,1h,validation,0.35,185
7.0,0.5,130,0.362,-4.4819,-582.65,1h,validation,0.35,185
7.0,0.75,130,0.323,-5.6306,-731.98,1h,validation,0.35,185
7.0,1.0,130,0.308,-6.1445,-798.78,1h,validation,0.35,185
7.0,1.5,130,0.3,-7.2878,-947.41,1h,validation,0.35,185
7.0,2.0,130,0.292,-8.2705,-1075.16,1h,validation,0.35,185
8.0,0.25,130,0.477,-3.5705,-464.16,1h,validation,0.35,185
8.0,0.5,130,0.354,-4.3392,-564.09,1h,validation,0.35,185
8.0,0.75,130,0.315,-5.2944,-688.27,1h,validation,0.35,185
8.0,1.0,130,0.3,-5.7024,-741.31,1h,validation,0.35,185
8.0,1.5,130,0.292,-6.7142,-872.85,1h,validation,0.35,185
8.0,2.0,130,0.285,-7.5475,-981.18,1h,validation,0.35,185
10.0,0.25,130,0.462,-3.6711,-477.24,1h,validation,0.35,185
10.0,0.5,130,0.338,-4.2957,-558.44,1h,validation,0.35,185
10.0,0.75,130,0.308,-5.1044,-663.57,1h,validation,0.35,185
10.0,1.0,130,0.292,-5.286,-687.18,1h,validation,0.35,185
10.0,1.5,130,0.285,-5.9334,-771.34,1h,validation,0.35,185
10.0,2.0,130,0.277,-6.7957,-883.43,1h,validation,0.35,185
12.0,0.25,130,0.462,-3.6286,-471.72,1h,validation,0.35,185
12.0,0.5,130,0.338,-4.3727,-568.45,1h,validation,0.35,185
12.0,0.75,130,0.308,-5.2223,-678.9,1h,validation,0.35,185
12.0,1.0,130,0.285,-5.3894,-700.62,1h,validation,0.35,185
12.0,1.5,130,0.269,-5.9018,-767.24,1h,validation,0.35,185
12.0,2.0,130,0.262,-6.8717,-893.33,1h,validation,0.35,185
15.0,0.25,130,0.462,-3.6279,-471.63,1h,validation,0.35,185
15.0,0.5,130,0.338,-4.2794,-556.32,1h,validation,0.35,185
15.0,0.75,130,0.308,-4.9774,-647.06,1h,validation,0.35,185
15.0,1.0,130,0.285,-5.0215,-652.8,1h,validation,0.35,185
15.0,1.5,130,0.269,-5.3385,-694.01,1h,validation,0.35,185
15.0,2.0,130,0.262,-6.3558,-826.25,1h,validation,0.35,185
20.0,0.25,130,0.462,-3.6204,-470.65,1h,validation,0.35,185
20.0,0.5,130,0.331,-4.4323,-576.2,1h,validation,0.35,185
20.0,0.75,130,0.3,-5.1444,-668.77,1h,validation,0.35,185
20.0,1.0,130,0.277,-5.1664,-671.63,1h,validation,0.35,185
20.0,1.5,130,0.262,-5.3788,-699.24,1h,validation,0.35,185
20.0,2.0,130,0.254,-6.3459,-824.96,1h,validation,0.35,185
5.0,0.25,129,0.481,-3.3824,-436.33,1h,validation,0.375,185
5.0,0.5,129,0.38,-4.6099,-594.68,1h,validation,0.375,185
5.0,0.75,129,0.357,-5.4036,-697.07,1h,validation,0.375,185
5.0,1.0,129,0.341,-6.0045,-774.57,1h,validation,0.375,185
5.0,1.5,129,0.333,-7.0813,-913.48,1h,validation,0.375,185
5.0,2.0,129,0.326,-8.1312,-1048.92,1h,validation,0.375,185
6.0,0.25,129,0.481,-3.2414,-418.14,1h,validation,0.375,185
6.0,0.5,129,0.38,-4.345,-560.5,1h,validation,0.375,185
6.0,0.75,129,0.349,-5.016,-647.06,1h,validation,0.375,185
6.0,1.0,129,0.333,-5.5483,-715.72,1h,validation,0.375,185
6.0,1.5,129,0.326,-6.9122,-891.68,1h,validation,0.375,185
6.0,2.0,129,0.318,-8.0712,-1041.19,1h,validation,0.375,185
7.0,0.25,129,0.481,-3.3937,-437.78,1h,validation,0.375,185
7.0,0.5,129,0.372,-4.2878,-553.13,1h,validation,0.375,185
7.0,0.75,129,0.326,-5.4094,-697.81,1h,validation,0.375,185
7.0,1.0,129,0.31,-5.9105,-762.46,1h,validation,0.375,185
7.0,1.5,129,0.302,-7.2202,-931.41,1h,validation,0.375,185
7.0,2.0,129,0.295,-8.3441,-1076.39,1h,validation,0.375,185
8.0,0.25,129,0.481,-3.4228,-441.54,1h,validation,0.375,185
8.0,0.5,129,0.364,-4.1821,-539.49,1h,validation,0.375,185
8.0,0.75,129,0.318,-5.146,-663.83,1h,validation,0.375,185
8.0,1.0,129,0.302,-5.5739,-719.03,1h,validation,0.375,185
8.0,1.5,129,0.295,-6.7816,-874.82,1h,validation,0.375,185
8.0,2.0,129,0.287,-7.8164,-1008.31,1h,validation,0.375,185
10.0,0.25,129,0.465,-3.5653,-459.93,1h,validation,0.375,185
10.0,0.5,129,0.349,-4.1297,-532.74,1h,validation,0.375,185
10.0,0.75,129,0.31,-4.9115,-633.58,1h,validation,0.375,185
10.0,1.0,129,0.295,-5.0958,-657.36,1h,validation,0.375,185
10.0,1.5,129,0.287,-6.0062,-774.8,1h,validation,0.375,185
10.0,2.0,129,0.279,-6.8712,-886.39,1h,validation,0.375,185
12.0,0.25,129,0.465,-3.4742,-448.17,1h,validation,0.375,185
12.0,0.5,129,0.349,-4.1622,-536.92,1h,validation,0.375,185
12.0,0.75,129,0.31,-4.9825,-642.74,1h,validation,0.375,185
12.0,1.0,129,0.287,-5.1339,-662.27,1h,validation,0.375,185
12.0,1.5,129,0.271,-5.8052,-748.87,1h,validation,0.375,185
12.0,2.0,129,0.264,-6.911,-891.52,1h,validation,0.375,185
15.0,0.25,129,0.465,-3.4736,-448.09,1h,validation,0.375,185
15.0,0.5,129,0.349,-4.0684,-524.83,1h,validation,0.375,185
15.0,0.75,129,0.31,-4.7427,-611.81,1h,validation,0.375,185
15.0,1.0,129,0.287,-4.7854,-617.31,1h,validation,0.375,185
15.0,1.5,129,0.271,-5.29,-682.42,1h,validation,0.375,185
15.0,2.0,129,0.264,-6.4712,-834.79,1h,validation,0.375,185
20.0,0.25,129,0.465,-3.4657,-447.07,1h,validation,0.375,185
20.0,0.5,129,0.341,-4.2224,-544.68,1h,validation,0.375,185
20.0,0.75,129,0.302,-4.9045,-632.68,1h,validation,0.375,185
20.0,1.0,129,0.279,-4.9106,-633.47,1h,validation,0.375,185
20.0,1.5,129,0.264,-5.2864,-681.94,1h,validation,0.375,185
20.0,2.0,129,0.256,-6.401,-825.73,1h,validation,0.375,185
5.0,0.25,129,0.481,-3.2609,-420.66,1h,validation,0.4,185
5.0,0.5,129,0.38,-4.4978,-580.21,1h,validation,0.4,185
5.0,0.75,129,0.357,-5.3593,-691.35,1h,validation,0.4,185
5.0,1.0,129,0.341,-6.0041,-774.52,1h,validation,0.4,185
5.0,1.5,129,0.333,-7.1138,-917.68,1h,validation,0.4,185
5.0,2.0,129,0.333,-8.1775,-1054.9,1h,validation,0.4,185
6.0,0.25,129,0.481,-3.1018,-400.13,1h,validation,0.4,185
6.0,0.5,129,0.38,-4.1975,-541.48,1h,validation,0.4,185
6.0,0.75,129,0.349,-4.9054,-632.79,1h,validation,0.4,185
6.0,1.0,129,0.333,-5.4578,-704.06,1h,validation,0.4,185
6.0,1.5,129,0.326,-6.6702,-860.46,1h,validation,0.4,185
6.0,2.0,129,0.326,-7.7005,-993.37,1h,validation,0.4,185
7.0,0.25,129,0.481,-3.2075,-413.77,1h,validation,0.4,185
7.0,0.5,129,0.38,-4.094,-528.13,1h,validation,0.4,185
7.0,0.75,129,0.333,-5.2141,-672.62,1h,validation,0.4,185
7.0,1.0,129,0.318,-5.7268,-738.75,1h,validation,0.4,185
7.0,1.5,129,0.31,-7.0307,-906.96,1h,validation,0.4,185
7.0,2.0,129,0.31,-8.152,-1051.61,1h,validation,0.4,185
8.0,0.25,129,0.481,-3.2825,-423.45,1h,validation,0.4,185
8.0,0.5,129,0.364,-4.0473,-522.1,1h,validation,0.4,185
8.0,0.75,129,0.318,-5.0506,-651.52,1h,validation,0.4,185
8.0,1.0,129,0.302,-5.4895,-708.14,1h,validation,0.4,185
8.0,1.5,129,0.295,-6.722,-867.13,1h,validation,0.4,185
8.0,2.0,129,0.295,-7.797,-1005.81,1h,validation,0.4,185
10.0,0.25,129,0.465,-3.4251,-441.84,1h,validation,0.4,185
10.0,0.5,129,0.349,-4.0005,-516.06,1h,validation,0.4,185
10.0,0.75,129,0.31,-4.7914,-618.08,1h,validation,0.4,185
10.0,1.0,129,0.295,-4.9984,-644.79,1h,validation,0.4,185
10.0,1.5,129,0.287,-5.9224,-763.99,1h,validation,0.4,185
10.0,2.0,129,0.287,-6.7989,-877.06,1h,validation,0.4,185
12.0,0.25,129,0.465,-3.3468,-431.74,1h,validation,0.4,185
12.0,0.5,129,0.349,-3.9249,-506.31,1h,validation,0.4,185
12.0,0.75,129,0.31,-4.7223,-609.17,1h,validation,0.4,185
12.0,1.0,129,0.295,-4.8707,-628.32,1h,validation,0.4,185
12.0,1.5,129,0.279,-5.5427,-715.01,1h,validation,0.4,185
12.0,2.0,129,0.279,-6.6843,-862.28,1h,validation,0.4,185
15.0,0.25,129,0.465,-3.3331,-429.97,1h,validation,0.4,185
15.0,0.5,129,0.349,-3.9206,-505.76,1h,validation,0.4,185
15.0,0.75,129,0.31,-4.5895,-592.05,1h,validation,0.4,185
15.0,1.0,129,0.287,-4.6457,-599.3,1h,validation,0.4,185
15.0,1.5,129,0.271,-5.1593,-665.55,1h,validation,0.4,185
15.0,2.0,129,0.271,-6.3487,-818.98,1h,validation,0.4,185
20.0,0.25,129,0.465,-3.325,-428.92,1h,validation,0.4,185
20.0,0.5,129,0.341,-4.0744,-525.59,1h,validation,0.4,185
20.0,0.75,129,0.302,-4.7511,-612.89,1h,validation,0.4,185
20.0,1.0,129,0.279,-4.7658,-614.79,1h,validation,0.4,185
20.0,1.5,129,0.264,-5.1481,-664.11,1h,validation,0.4,185
20.0,2.0,129,0.264,-6.2268,-803.26,1h,validation,0.4,185
5.0,0.25,129,0.481,-3.1461,-405.84,1h,validation,0.425,185
5.0,0.5,129,0.388,-4.147,-534.96,1h,validation,0.425,185
5.0,0.75,129,0.364,-4.9927,-644.06,1h,validation,0.425,185
5.0,1.0,129,0.357,-5.6391,-727.44,1h,validation,0.425,185
5.0,1.5,129,0.341,-6.7438,-869.95,1h,validation,0.425,185
5.0,2.0,129,0.341,-7.8023,-1006.49,1h,validation,0.425,185
6.0,0.25,129,0.481,-2.9889,-385.57,1h,validation,0.425,185
6.0,0.5,129,0.38,-4.0924,-527.92,1h,validation,0.425,185
6.0,0.75,129,0.349,-4.8238,-622.27,1h,validation,0.425,185
6.0,1.0,129,0.341,-5.4024,-696.92,1h,validation,0.425,185
6.0,1.5,129,0.326,-6.4364,-830.3,1h,validation,0.425,185
6.0,2.0,129,0.326,-7.4277,-958.17,1h,validation,0.425,185
7.0,0.25,129,0.481,-3.154,-406.87,1h,validation,0.425,185
7.0,0.5,129,0.38,-4.1358,-533.52,1h,validation,0.425,185
7.0,0.75,129,0.341,-4.7536,-613.21,1h,validation,0.425,185
7.0,1.0,129,0.333,-5.2676,-679.52,1h,validation,0.425,185
7.0,1.5,129,0.318,-6.581,-848.95,1h,validation,0.425,185
7.0,2.0,129,0.318,-7.7052,-993.97,1h,validation,0.425,185
8.0,0.25,129,0.481,-3.1847,-410.82,1h,validation,0.425,185
8.0,0.5,129,0.364,-4.0221,-518.85,1h,validation,0.425,185
8.0,0.75,129,0.318,-5.1041,-658.43,1h,validation,0.425,185
8.0,1.0,129,0.31,-5.612,-723.95,1h,validation,0.425,185
8.0,1.5,129,0.295,-6.9081,-891.15,1h,validation,0.425,185
8.0,2.0,129,0.295,-8.0324,-1036.18,1h,validation,0.425,185
10.0,0.25,129,0.465,-3.3097,-426.96,1h,validation,0.425,185
10.0,0.5,129,0.349,-3.8762,-500.03,1h,validation,0.425,185
10.0,0.75,129,0.31,-4.6467,-599.42,1h,validation,0.425,185
10.0,1.0,129,0.302,-4.8491,-625.54,1h,validation,0.425,185
10.0,1.5,129,0.287,-5.752,-742.01,1h,validation,0.425,185
10.0,2.0,129,0.287,-6.625,-854.63,1h,validation,0.425,185
12.0,0.25,129,0.465,-3.2307,-416.76,1h,validation,0.425,185
12.0,0.5,129,0.349,-3.7939,-489.41,1h,validation,0.425,185
12.0,0.75,129,0.31,-4.5871,-591.73,1h,validation,0.425,185
12.0,1.0,129,0.302,-4.743,-611.84,1h,validation,0.425,185
12.0,1.5,129,0.279,-5.4269,-700.07,1h,validation,0.425,185
12.0,2.0,129,0.279,-6.5956,-850.83,1h,validation,0.425,185
15.0,0.25,129,0.465,-3.2167,-414.95,1h,validation,0.425,185
15.0,0.5,129,0.349,-3.7901,-488.93,1h,validation,0.425,185
15.0,0.75,129,0.31,-4.4688,-576.47,1h,validation,0.425,185
15.0,1.0,129,0.295,-4.5485,-586.76,1h,validation,0.425,185
15.0,1.5,129,0.271,-5.0874,-656.27,1h,validation,0.425,185
15.0,2.0,129,0.271,-6.1225,-789.8,1h,validation,0.425,185
20.0,0.25,129,0.465,-3.2083,-413.87,1h,validation,0.425,185
20.0,0.5,129,0.341,-3.9425,-508.58,1h,validation,0.425,185
20.0,0.75,129,0.302,-4.6116,-594.9,1h,validation,0.425,185
20.0,1.0,129,0.287,-4.6381,-598.32,1h,validation,0.425,185
20.0,1.5,129,0.264,-5.023,-647.96,1h,validation,0.425,185
20.0,2.0,129,0.264,-6.1054,-787.6,1h,validation,0.425,185
5.0,0.25,129,0.488,-3.0157,-389.03,1h,validation,0.45,185
5.0,0.5,129,0.388,-4.0952,-528.28,1h,validation,0.45,185
5.0,0.75,129,0.372,-4.9565,-639.38,1h,validation,0.45,185
5.0,1.0,129,0.349,-5.6151,-724.35,1h,validation,0.45,185
5.0,1.5,129,0.333,-6.7273,-867.82,1h,validation,0.45,185
5.0,2.0,129,0.333,-7.7881,-1004.67,1h,validation,0.45,185
6.0,0.25,129,0.488,-2.8921,-373.07,1h,validation,0.45,185
6.0,0.5,129,0.38,-4.0487,-522.29,1h,validation,0.45,185
6.0,0.75,129,0.357,-4.7939,-618.42,1h,validation,0.45,185
6.0,1.0,129,0.333,-5.3888,-695.15,1h,validation,0.45,185
6.0,1.5,129,0.318,-6.4361,-830.25,1h,validation,0.45,185
6.0,2.0,129,0.318,-7.4339,-958.97,1h,validation,0.45,185
7.0,0.25,129,0.488,-3.1087,-401.03,1h,validation,0.45,185
7.0,0.5,129,0.38,-4.1635,-537.09,1h,validation,0.45,185
7.0,0.75,129,0.349,-4.8226,-622.12,1h,validation,0.45,185
7.0,1.0,129,0.326,-5.3751,-693.38,1h,validation,0.45,185
7.0,1.5,129,0.31,-6.7109,-865.7,1h,validation,0.45,185
7.0,2.0,129,0.31,-7.8516,-1012.86,1h,validation,0.45,185
8.0,0.25,129,0.488,-2.9853,-385.1,1h,validation,0.45,185
8.0,0.5,129,0.372,-3.8326,-494.4,1h,validation,0.45,185
8.0,0.75,129,0.333,-4.9205,-634.75,1h,validation,0.45,185
8.0,1.0,129,0.31,-5.4447,-702.37,1h,validation,0.45,185
8.0,1.5,129,0.295,-6.7398,-869.43,1h,validation,0.45,185
8.0,2.0,129,0.295,-7.8706,-1015.31,1h,validation,0.45,185
10.0,0.25,129,0.473,-3.2113,-414.26,1h,validation,0.45,185
10.0,0.5,129,0.349,-3.837,-494.97,1h,validation,0.45,185
10.0,0.75,129,0.318,-4.6348,-597.89,1h,validation,0.45,185
10.0,1.0,129,0.295,-4.8691,-628.11,1h,validation,0.45,185
10.0,1.5,129,0.279,-5.8205,-750.85,1h,validation,0.45,185
10.0,2.0,129,0.279,-6.7212,-867.03,1h,validation,0.45,185
12.0,0.25,129,0.473,-3.1333,-404.19,1h,validation,0.45,185
12.0,0.5,129,0.349,-3.7788,-487.46,1h,validation,0.45,185
12.0,0.75,129,0.318,-4.6179,-595.72,1h,validation,0.45,185
12.0,1.0,129,0.295,-4.8212,-621.94,1h,validation,0.45,185
12.0,1.5,129,0.271,-5.5466,-715.51,1h,validation,0.45,185
12.0,2.0,129,0.271,-6.7487,-870.58,1h,validation,0.45,185
15.0,0.25,129,0.473,-3.1189,-402.34,1h,validation,0.45,185
15.0,0.5,129,0.349,-3.7874,-488.57,1h,validation,0.45,185
15.0,0.75,129,0.318,-4.5419,-585.9,1h,validation,0.45,185
15.0,1.0,129,0.287,-4.6798,-603.7,1h,validation,0.45,185
15.0,1.5,129,0.264,-5.269,-679.71,1h,validation,0.45,185
15.0,2.0,129,0.264,-6.3335,-817.02,1h,validation,0.45,185
20.0,0.25,129,0.473,-3.1102,-401.22,1h,validation,0.45,185
20.0,0.5,129,0.341,-3.9283,-506.75,1h,validation,0.45,185
20.0,0.75,129,0.31,-4.6478,-599.57,1h,validation,0.45,185
20.0,1.0,129,0.279,-4.7409,-611.57,1h,validation,0.45,185
20.0,1.5,129,0.256,-5.209,-671.96,1h,validation,0.45,185
20.0,2.0,129,0.256,-6.3457,-818.6,1h,validation,0.45,185
5.0,0.25,128,0.461,-3.5986,-460.62,1h,validation,0.475,185
5.0,0.5,128,0.383,-4.6149,-590.71,1h,validation,0.475,185
5.0,0.75,128,0.367,-5.4895,-702.65,1h,validation,0.475,185
5.0,1.0,128,0.344,-6.1866,-791.89,1h,validation,0.475,185
5.0,1.5,128,0.32,-7.3595,-942.02,1h,validation,0.475,185
5.0,2.0,128,0.32,-8.4335,-1079.49,1h,validation,0.475,185
6.0,0.25,128,0.461,-3.4741,-444.68,1h,validation,0.475,185
6.0,0.5,128,0.383,-4.34,-555.52,1h,validation,0.475,185
6.0,0.75,128,0.359,-5.068,-648.7,1h,validation,0.475,185
6.0,1.0,128,0.336,-5.6737,-726.23,1h,validation,0.475,185
6.0,1.5,128,0.312,-6.7514,-864.19,1h,validation,0.475,185
6.0,2.0,128,0.312,-7.7751,-995.21,1h,validation,0.475,185
7.0,0.25,128,0.469,-3.1973,-409.26,1h,validation,0.475,185
7.0,0.5,128,0.391,-3.9649,-507.51,1h,validation,0.475,185
7.0,0.75,128,0.359,-4.6002,-588.82,1h,validation,0.475,185
7.0,1.0,128,0.336,-5.1569,-660.08,1h,validation,0.475,185
7.0,1.5,128,0.312,-6.3519,-813.04,1h,validation,0.475,185
7.0,2.0,128,0.312,-7.377,-944.25,1h,validation,0.475,185
8.0,0.25,128,0.461,-3.5844,-458.81,1h,validation,0.475,185
8.0,0.5,128,0.375,-4.1618,-532.71,1h,validation,0.475,185
8.0,0.75,128,0.336,-5.2366,-670.29,1h,validation,0.475,185
8.0,1.0,128,0.312,-5.7733,-738.98,1h,validation,0.475,185
8.0,1.5,128,0.289,-7.0906,-907.6,1h,validation,0.475,185
8.0,2.0,128,0.289,-8.2486,-1055.82,1h,validation,0.475,185
10.0,0.25,128,0.445,-3.7955,-485.82,1h,validation,0.475,185
10.0,0.5,128,0.352,-4.1289,-528.49,1h,validation,0.475,185
10.0,0.75,128,0.32,-4.9113,-628.65,1h,validation,0.475,185
10.0,1.0,128,0.297,-5.157,-660.1,1h,validation,0.475,185
10.0,1.5,128,0.273,-6.1837,-791.51,1h,validation,0.475,185
10.0,2.0,128,0.273,-7.1786,-918.86,1h,validation,0.475,185
12.0,0.25,128,0.445,-3.717,-475.77,1h,validation,0.475,185
12.0,0.5,128,0.352,-4.0025,-512.32,1h,validation,0.475,185
12.0,0.75,128,0.32,-4.7874,-612.79,1h,validation,0.475,185
12.0,1.0,128,0.297,-5.0027,-640.35,1h,validation,0.475,185
12.0,1.5,128,0.273,-5.767,-738.17,1h,validation,0.475,185
12.0,2.0,128,0.273,-7.0227,-898.9,1h,validation,0.475,185
15.0,0.25,128,0.445,-3.7021,-473.87,1h,validation,0.475,185
15.0,0.5,128,0.352,-4.0809,-522.35,1h,validation,0.475,185
15.0,0.75,128,0.32,-4.8448,-620.13,1h,validation,0.475,185
15.0,1.0,128,0.289,-4.9964,-639.54,1h,validation,0.475,185
15.0,1.5,128,0.258,-5.6069,-717.68,1h,validation,0.475,185
15.0,2.0,128,0.258,-6.7069,-858.48,1h,validation,0.475,185
20.0,0.25,128,0.445,-3.6931,-472.72,1h,validation,0.475,185
20.0,0.5,128,0.344,-4.22,-540.16,1h,validation,0.475,185
20.0,0.75,128,0.312,-4.9241,-630.29,1h,validation,0.475,185
20.0,1.0,128,0.281,-5.0264,-643.38,1h,validation,0.475,185
20.0,1.5,128,0.25,-5.5138,-705.77,1h,validation,0.475,185
20.0,2.0,128,0.25,-6.6858,-855.78,1h,validation,0.475,185
5.0,0.25,127,0.449,-3.6421,-462.55,1h,validation,0.5,185
5.0,0.5,127,0.378,-4.73,-600.71,1h,validation,0.5,185
5.0,0.75,127,0.362,-5.6334,-715.44,1h,validation,0.5,185
5.0,1.0,127,0.346,-6.3588,-807.57,1h,validation,0.5,185
5.0,1.5,127,0.315,-7.5612,-960.28,1h,validation,0.5,185
5.0,2.0,127,0.315,-8.6531,-1098.94,1h,validation,0.5,185
6.0,0.25,127,0.449,-3.4227,-434.68,1h,validation,0.5,185
6.0,0.5,127,0.378,-4.344,-551.69,1h,validation,0.5,185
6.0,0.75,127,0.362,-5.1174,-649.91,1h,validation,0.5,185
6.0,1.0,127,0.346,-5.7628,-731.87,1h,validation,0.5,185
6.0,1.5,127,0.315,-6.8833,-874.17,1h,validation,0.5,185
6.0,2.0,127,0.315,-7.9325,-1007.43,1h,validation,0.5,185
7.0,0.25,127,0.449,-3.3346,-423.5,1h,validation,0.5,185
7.0,0.5,127,0.378,-4.1691,-529.47,1h,validation,0.5,185
7.0,0.75,127,0.346,-4.8261,-612.92,1h,validation,0.5,185
7.0,1.0,127,0.331,-5.4058,-686.54,1h,validation,0.5,185
7.0,1.5,127,0.299,-6.646,-844.04,1h,validation,0.5,185
7.0,2.0,127,0.299,-7.7088,-979.02,1h,validation,0.5,185
8.0,0.25,127,0.449,-3.5905,-455.99,1h,validation,0.5,185
8.0,0.5,127,0.37,-4.212,-534.92,1h,validation,0.5,185
8.0,0.75,127,0.331,-5.3158,-675.1,1h,validation,0.5,185
8.0,1.0,127,0.315,-5.8732,-745.9,1h,validation,0.5,185
8.0,1.5,127,0.283,-7.2014,-914.58,1h,validation,0.5,185
8.0,2.0,127,0.283,-8.3728,-1063.34,1h,validation,0.5,185
10.0,0.25,127,0.433,-3.8097,-483.83,1h,validation,0.5,185
10.0,0.5,127,0.346,-4.2555,-540.45,1h,validation,0.5,185
10.0,0.75,127,0.315,-5.0915,-646.62,1h,validation,0.5,185
10.0,1.0,127,0.299,-5.3799,-683.24,1h,validation,0.5,185
10.0,1.5,127,0.268,-6.4465,-818.71,1h,validation,0.5,185
10.0,2.0,127,0.268,-7.4728,-949.05,1h,validation,0.5,185
12.0,0.25,127,0.433,-3.724,-472.95,1h,validation,0.5,185
12.0,0.5,127,0.346,-4.0575,-515.3,1h,validation,0.5,185
12.0,0.75,127,0.315,-4.8759,-619.23,1h,validation,0.5,185
12.0,1.0,127,0.299,-5.136,-652.27,1h,validation,0.5,185
12.0,1.5,127,0.268,-5.9966,-761.57,1h,validation,0.5,185
12.0,2.0,127,0.268,-7.1128,-903.33,1h,validation,0.5,185
15.0,0.25,127,0.433,-3.7087,-471.01,1h,validation,0.5,185
15.0,0.5,127,0.346,-4.1355,-525.21,1h,validation,0.5,185
15.0,0.75,127,0.315,-4.9332,-626.52,1h,validation,0.5,185
15.0,1.0,127,0.291,-5.1223,-650.53,1h,validation,0.5,185
15.0,1.5,127,0.252,-5.7794,-733.99,1h,validation,0.5,185
15.0,2.0,127,0.252,-6.9237,-879.31,1h,validation,0.5,185
20.0,0.25,127,0.433,-3.6994,-469.82,1h,validation,0.5,185
20.0,0.5,127,0.339,-4.2757,-543.02,1h,validation,0.5,185
20.0,0.75,127,0.307,-5.0136,-636.73,1h,validation,0.5,185
20.0,1.0,127,0.283,-5.1505,-654.12,1h,validation,0.5,185
20.0,1.5,127,0.244,-5.6787,-721.2,1h,validation,0.5,185
20.0,2.0,127,0.244,-6.9197,-878.8,1h,validation,0.5,185
5.0,0.25,126,0.452,-3.6116,-455.06,1h,validation,0.525,185
5.0,0.5,126,0.389,-4.5834,-577.51,1h,validation,0.525,185
5.0,0.75,126,0.365,-5.4051,-681.04,1h,validation,0.525,185
5.0,1.0,126,0.357,-6.0636,-764.01,1h,validation,0.525,185
5.0,1.5,126,0.325,-7.2704,-916.07,1h,validation,0.525,185
5.0,2.0,126,0.325,-8.4007,-1058.49,1h,validation,0.525,185
6.0,0.25,126,0.444,-3.5628,-448.92,1h,validation,0.525,185
6.0,0.5,126,0.381,-4.3794,-551.8,1h,validation,0.525,185
6.0,0.75,126,0.357,-5.1387,-647.48,1h,validation,0.525,185
6.0,1.0,126,0.349,-5.7469,-724.11,1h,validation,0.525,185
6.0,1.5,126,0.317,-6.8463,-862.64,1h,validation,0.525,185
6.0,2.0,126,0.317,-7.8845,-993.45,1h,validation,0.525,185
7.0,0.25,126,0.444,-3.526,-444.27,1h,validation,0.525,185
7.0,0.5,126,0.381,-4.2871,-540.18,1h,validation,0.525,185
7.0,0.75,126,0.349,-4.8926,-616.46,1h,validation,0.525,185
7.0,1.0,126,0.333,-5.4249,-683.53,1h,validation,0.525,185
7.0,1.5,126,0.302,-6.4505,-812.76,1h,validation,0.525,185
7.0,2.0,126,0.302,-7.4503,-938.74,1h,validation,0.525,185
8.0,0.25,126,0.444,-3.7307,-470.07,1h,validation,0.525,185
8.0,0.5,126,0.373,-4.2775,-538.97,1h,validation,0.525,185
8.0,0.75,126,0.333,-5.3208,-670.42,1h,validation,0.525,185
8.0,1.0,126,0.317,-5.8204,-733.38,1h,validation,0.525,185
8.0,1.5,126,0.286,-7.13,-898.38,1h,validation,0.525,185
8.0,2.0,126,0.286,-8.2929,-1044.91,1h,validation,0.525,185
10.0,0.25,126,0.429,-3.9523,-497.99,1h,validation,0.525,185
10.0,0.5,126,0.349,-4.3318,-545.8,1h,validation,0.525,185
10.0,0.75,126,0.317,-5.1791,-652.56,1h,validation,0.525,185
10.0,1.0,126,0.302,-5.4714,-689.4,1h,validation,0.525,185
10.0,1.5,126,0.27,-6.5544,-825.85,1h,validation,0.525,185
10.0,2.0,126,0.27,-7.6321,-961.65,1h,validation,0.525,185
12.0,0.25,126,0.429,-3.8652,-487.02,1h,validation,0.525,185
12.0,0.5,126,0.349,-4.0826,-514.4,1h,validation,0.525,185
12.0,0.75,126,0.317,-4.8228,-607.67,1h,validation,0.525,185
12.0,1.0,126,0.302,-5.0222,-632.8,1h,validation,0.525,185
12.0,1.5,126,0.27,-5.8946,-742.73,1h,validation,0.525,185
12.0,2.0,126,0.27,-6.804,-857.31,1h,validation,0.525,185
15.0,0.25,126,0.429,-3.8495,-485.04,1h,validation,0.525,185
15.0,0.5,126,0.349,-4.1604,-524.21,1h,validation,0.525,185
15.0,0.75,126,0.317,-4.8792,-614.77,1h,validation,0.525,185
15.0,1.0,126,0.294,-4.9918,-628.96,1h,validation,0.525,185
15.0,1.5,126,0.254,-5.6007,-705.69,1h,validation,0.525,185
15.0,2.0,126,0.254,-6.735,-848.62,1h,validation,0.525,185
20.0,0.25,126,0.429,-3.8398,-483.82,1h,validation,0.525,185
20.0,0.5,126,0.341,-4.3016,-542.0,1h,validation,0.525,185
20.0,0.75,126,0.31,-4.9603,-625.0,1h,validation,0.525,185
20.0,1.0,126,0.286,-5.0206,-632.6,1h,validation,0.525,185
20.0,1.5,126,0.246,-5.4825,-690.79,1h,validation,0.525,185
20.0,2.0,126,0.246,-6.6966,-843.77,1h,validation,0.525,185
5.0,0.25,124,0.444,-3.7551,-465.64,1h,validation,0.55,185
5.0,0.5,124,0.387,-4.5349,-562.32,1h,validation,0.55,185
5.0,0.75,124,0.371,-5.3917,-668.57,1h,validation,0.55,185
5.0,1.0,124,0.355,-6.0666,-752.25,1h,validation,0.55,185
5.0,1.5,124,0.323,-7.2729,-901.84,1h,validation,0.55,185
5.0,2.0,124,0.323,-8.4006,-1041.68,1h,validation,0.55,185
6.0,0.25,124,0.435,-3.7008,-458.9,1h,validation,0.55,185
6.0,0.5,124,0.379,-4.3827,-543.45,1h,validation,0.55,185
6.0,0.75,124,0.363,-5.194,-644.06,1h,validation,0.55,185
6.0,1.0,124,0.347,-5.8268,-722.52,1h,validation,0.55,185
6.0,1.5,124,0.315,-6.934,-859.82,1h,validation,0.55,185
6.0,2.0,124,0.315,-7.9735,-988.71,1h,validation,0.55,185
7.0,0.25,124,0.435,-3.636,-450.86,1h,validation,0.55,185
7.0,0.5,124,0.379,-4.2239,-523.77,1h,validation,0.55,185
7.0,0.75,124,0.355,-4.9142,-609.36,1h,validation,0.55,185
7.0,1.0,124,0.331,-5.4766,-679.1,1h,validation,0.55,185
7.0,1.5,124,0.298,-6.5123,-807.52,1h,validation,0.55,185
7.0,2.0,124,0.298,-7.5139,-931.73,1h,validation,0.55,185
8.0,0.25,124,0.435,-3.807,-472.06,1h,validation,0.55,185
8.0,0.5,124,0.379,-4.1744,-517.62,1h,validation,0.55,185
8.0,0.75,124,0.347,-5.2802,-654.75,1h,validation,0.55,185
8.0,1.0,124,0.323,-5.8124,-720.74,1h,validation,0.55,185
8.0,1.5,124,0.29,-6.9845,-866.07,1h,validation,0.55,185
8.0,2.0,124,0.29,-8.0027,-992.33,1h,validation,0.55,185
10.0,0.25,124,0.419,-4.0684,-504.48,1h,validation,0.55,185
10.0,0.5,124,0.355,-4.2626,-528.56,1h,validation,0.55,185
10.0,0.75,124,0.323,-5.1485,-638.41,1h,validation,0.55,185
10.0,1.0,124,0.298,-5.4758,-679.0,1h,validation,0.55,185
10.0,1.5,124,0.266,-6.6397,-823.32,1h,validation,0.55,185
10.0,2.0,124,0.266,-7.7728,-963.83,1h,validation,0.55,185
12.0,0.25,124,0.419,-3.9967,-495.59,1h,validation,0.55,185
12.0,0.5,124,0.355,-4.0903,-507.2,1h,validation,0.55,185
12.0,0.75,124,0.323,-4.8845,-605.68,1h,validation,0.55,185
12.0,1.0,124,0.298,-5.1219,-635.12,1h,validation,0.55,185
12.0,1.5,124,0.266,-6.0784,-753.73,1h,validation,0.55,185
12.0,2.0,124,0.266,-7.0291,-871.61,1h,validation,0.55,185
15.0,0.25,124,0.419,-3.9638,-491.51,1h,validation,0.55,185
15.0,0.5,124,0.355,-4.0871,-506.8,1h,validation,0.55,185
15.0,0.75,124,0.323,-4.8476,-601.1,1h,validation,0.55,185
15.0,1.0,124,0.29,-4.9881,-618.52,1h,validation,0.55,185
15.0,1.5,124,0.25,-5.6386,-699.18,1h,validation,0.55,185
15.0,2.0,124,0.25,-6.823,-846.05,1h,validation,0.55,185
20.0,0.25,124,0.419,-3.9537,-490.26,1h,validation,0.55,185
20.0,0.5,124,0.347,-4.2305,-524.58,1h,validation,0.55,185
20.0,0.75,124,0.315,-4.9318,-611.54,1h,validation,0.55,185
20.0,1.0,124,0.282,-5.03,-623.72,1h,validation,0.55,185
20.0,1.5,124,0.242,-5.557,-689.06,1h,validation,0.55,185
20.0,2.0,124,0.242,-6.839,-848.04,1h,validation,0.55,185
5.0,0.25,124,0.452,-3.5907,-445.24,1h,validation,0.575,185
5.0,0.5,124,0.387,-4.4711,-554.41,1h,validation,0.575,185
5.0,0.75,124,0.371,-5.3639,-665.13,1h,validation,0.575,185
5.0,1.0,124,0.355,-6.068,-752.43,1h,validation,0.575,185
5.0,1.5,124,0.323,-7.2921,-904.22,1h,validation,0.575,185
5.0,2.0,124,0.323,-8.4243,-1044.61,1h,validation,0.575,185
6.0,0.25,124,0.444,-3.5637,-441.9,1h,validation,0.575,185
6.0,0.5,124,0.379,-4.2926,-532.28,1h,validation,0.575,185
6.0,0.75,124,0.363,-5.1219,-635.12,1h,validation,0.575,185
6.0,1.0,124,0.347,-5.7724,-715.78,1h,validation,0.575,185
6.0,1.5,124,0.315,-6.8984,-855.4,1h,validation,0.575,185
6.0,2.0,124,0.315,-7.9463,-985.34,1h,validation,0.575,185
7.0,0.25,124,0.444,-3.3695,-417.81,1h,validation,0.575,185
7.0,0.5,124,0.379,-3.9486,-489.62,1h,validation,0.575,185
7.0,0.75,124,0.363,-4.6357,-574.83,1h,validation,0.575,185
7.0,1.0,124,0.347,-5.197,-644.42,1h,validation,0.575,185
7.0,1.5,124,0.315,-6.23,-772.52,1h,validation,0.575,185
7.0,2.0,124,0.315,-7.2292,-896.42,1h,validation,0.575,185
8.0,0.25,124,0.435,-3.6443,-451.9,1h,validation,0.575,185
8.0,0.5,124,0.379,-4.0342,-500.25,1h,validation,0.575,185
8.0,0.75,124,0.347,-5.1597,-639.8,1h,validation,0.575,185
8.0,1.0,124,0.323,-5.7105,-708.11,1h,validation,0.575,185
8.0,1.5,124,0.29,-6.9059,-856.33,1h,validation,0.575,185
8.0,2.0,124,0.29,-7.9349,-983.93,1h,validation,0.575,185
10.0,0.25,124,0.419,-3.9102,-484.87,1h,validation,0.575,185
10.0,0.5,124,0.355,-4.1029,-508.77,1h,validation,0.575,185
10.0,0.75,124,0.323,-5.0403,-625.0,1h,validation,0.575,185
10.0,1.0,124,0.298,-5.5212,-684.63,1h,validation,0.575,185
10.0,1.5,124,0.266,-6.8082,-844.22,1h,validation,0.575,185
10.0,2.0,124,0.266,-7.9755,-988.96,1h,validation,0.575,185
12.0,0.25,124,0.419,-3.8316,-475.12,1h,validation,0.575,185
12.0,0.5,124,0.355,-3.9353,-487.97,1h,validation,0.575,185
12.0,0.75,124,0.323,-4.7576,-589.95,1h,validation,0.575,185
12.0,1.0,124,0.298,-5.0138,-621.71,1h,validation,0.575,185
12.0,1.5,124,0.266,-6.0127,-745.58,1h,validation,0.575,185
12.0,2.0,124,0.266,-6.9967,-867.59,1h,validation,0.575,185
15.0,0.25,124,0.419,-3.7984,-471.0,1h,validation,0.575,185
15.0,0.5,124,0.355,-3.9306,-487.39,1h,validation,0.575,185
15.0,0.75,124,0.323,-4.701,-582.92,1h,validation,0.575,185
15.0,1.0,124,0.29,-4.852,-601.65,1h,validation,0.575,185
15.0,1.5,124,0.25,-5.5339,-686.2,1h,validation,0.575,185
15.0,2.0,124,0.25,-6.7719,-839.72,1h,validation,0.575,185
20.0,0.25,124,0.419,-3.788,-469.71,1h,validation,0.575,185
20.0,0.5,124,0.347,-4.0738,-505.15,1h,validation,0.575,185
20.0,0.75,124,0.315,-4.7906,-594.03,1h,validation,0.575,185
20.0,1.0,124,0.282,-4.9077,-608.55,1h,validation,0.575,185
20.0,1.5,124,0.242,-5.4542,-676.32,1h,validation,0.575,185
20.0,2.0,124,0.242,-6.7509,-837.12,1h,validation,0.575,185
5.0,0.25,122,0.451,-3.7865,-461.95,1h,validation,0.6,185
5.0,0.5,122,0.385,-4.6504,-567.35,1h,validation,0.6,185
5.0,0.75,122,0.369,-5.562,-678.57,1h,validation,0.6,185
5.0,1.0,122,0.361,-6.2688,-764.79,1h,validation,0.6,185
5.0,1.5,122,0.328,-7.4894,-913.71,1h,validation,0.6,185
5.0,2.0,122,0.32,-8.6179,-1051.38,1h,validation,0.6,185
6.0,0.25,122,0.443,-3.7448,-456.87,1h,validation,0.6,185
6.0,0.5,122,0.377,-4.4562,-543.66,1h,validation,0.6,185
6.0,0.75,122,0.361,-5.3103,-647.86,1h,validation,0.6,185
6.0,1.0,122,0.352,-5.9781,-729.33,1h,validation,0.6,185
6.0,1.5,122,0.32,-7.1634,-873.94,1h,validation,0.6,185
6.0,2.0,122,0.311,-8.2587,-1007.57,1h,validation,0.6,185
7.0,0.25,122,0.443,-3.5031,-427.38,1h,validation,0.6,185
7.0,0.5,122,0.377,-4.0522,-494.37,1h,validation,0.6,185
7.0,0.75,122,0.361,-4.8299,-589.24,1h,validation,0.6,185
7.0,1.0,122,0.352,-5.4366,-663.27,1h,validation,0.6,185
7.0,1.5,122,0.32,-6.509,-794.09,1h,validation,0.6,185
7.0,2.0,122,0.311,-7.5264,-918.22,1h,validation,0.6,185
8.0,0.25,122,0.443,-3.2701,-398.96,1h,validation,0.6,185
8.0,0.5,122,0.385,-3.6108,-440.51,1h,validation,0.6,185
8.0,0.75,122,0.352,-4.7941,-584.88,1h,validation,0.6,185
8.0,1.0,122,0.336,-5.3678,-654.88,1h,validation,0.6,185
8.0,1.5,122,0.303,-6.4101,-782.04,1h,validation,0.6,185
8.0,2.0,122,0.295,-7.4117,-904.22,1h,validation,0.6,185
10.0,0.25,122,0.418,-4.0623,-495.6,1h,validation,0.6,185
10.0,0.5,122,0.352,-4.2352,-516.7,1h,validation,0.6,185
10.0,0.75,122,0.32,-5.2815,-644.34,1h,validation,0.6,185
10.0,1.0,122,0.303,-5.7797,-705.12,1h,validation,0.6,185
10.0,1.5,122,0.27,-7.0624,-861.62,1h,validation,0.6,185
10.0,2.0,122,0.262,-8.2291,-1003.95,1h,validation,0.6,185
12.0,0.25,122,0.418,-3.9837,-486.01,1h,validation,0.6,185
12.0,0.5,122,0.352,-4.0265,-491.24,1h,validation,0.6,185
12.0,0.75,122,0.32,-4.9114,-599.19,1h,validation,0.6,185
12.0,1.0,122,0.303,-5.2049,-635.0,1h,validation,0.6,185
12.0,1.5,122,0.27,-6.2331,-760.44,1h,validation,0.6,185
12.0,2.0,122,0.262,-7.2501,-884.51,1h,validation,0.6,185
15.0,0.25,122,0.418,-3.9346,-480.03,1h,validation,0.6,185
15.0,0.5,122,0.352,-4.0173,-490.11,1h,validation,0.6,185
15.0,0.75,122,0.32,-4.8636,-593.36,1h,validation,0.6,185
15.0,1.0,122,0.295,-5.0837,-620.21,1h,validation,0.6,185
15.0,1.5,122,0.254,-5.8773,-717.03,1h,validation,0.6,185
15.0,2.0,122,0.246,-6.9251,-844.87,1h,validation,0.6,185
20.0,0.25,122,0.418,-3.9238,-478.7,1h,validation,0.6,185
20.0,0.5,122,0.344,-4.1628,-507.86,1h,validation,0.6,185
20.0,0.75,122,0.311,-4.9478,-603.64,1h,validation,0.6,185
20.0,1.0,122,0.287,-5.1196,-624.6,1h,validation,0.6,185
20.0,1.5,122,0.246,-5.7552,-702.13,1h,validation,0.6,185
20.0,2.0,122,0.238,-6.8554,-836.36,1h,validation,0.6,185
5.0,0.25,122,0.467,-3.6411,-444.21,1h,validation,0.625,185
5.0,0.5,122,0.385,-4.5018,-549.22,1h,validation,0.625,185
5.0,0.75,122,0.369,-5.4406,-663.75,1h,validation,0.625,185
5.0,1.0,122,0.361,-6.2107,-757.7,1h,validation,0.625,185
5.0,1.5,122,0.336,-7.5874,-925.66,1h,validation,0.625,185
5.0,2.0,122,0.32,-8.7487,-1067.34,1h,validation,0.625,185
6.0,0.25,122,0.459,-3.6418,-444.3,1h,validation,0.625,185
6.0,0.5,122,0.377,-4.3622,-532.19,1h,validation,0.625,185
6.0,0.75,122,0.361,-5.2134,-636.04,1h,validation,0.625,185
6.0,1.0,122,0.352,-5.8799,-717.35,1h,validation,0.625,185
6.0,1.5,122,0.328,-7.069,-862.42,1h,validation,0.625,185
6.0,2.0,122,0.311,-8.1851,-998.58,1h,validation,0.625,185
7.0,0.25,122,0.459,-3.3567,-409.52,1h,validation,0.625,185
7.0,0.5,122,0.377,-3.9273,-479.14,1h,validation,0.625,185
7.0,0.75,122,0.361,-4.7227,-576.17,1h,validation,0.625,185
7.0,1.0,122,0.352,-5.3398,-651.46,1h,validation,0.625,185
7.0,1.5,122,0.328,-6.4217,-783.44,1h,validation,0.625,185
7.0,2.0,122,0.311,-7.4432,-908.07,1h,validation,0.625,185
8.0,0.25,122,0.459,-3.3196,-404.99,1h,validation,0.625,185
8.0,0.5,122,0.377,-3.7167,-453.43,1h,validation,0.625,185
8.0,0.75,122,0.344,-4.9137,-599.47,1h,validation,0.625,185
8.0,1.0,122,0.328,-5.4963,-670.55,1h,validation,0.625,185
8.0,1.5,122,0.303,-6.5474,-798.78,1h,validation,0.625,185
8.0,2.0,122,0.287,-7.5533,-921.51,1h,validation,0.625,185
10.0,0.25,122,0.434,-3.9141,-477.52,1h,validation,0.625,185
10.0,0.5,122,0.352,-4.1001,-500.21,1h,validation,0.625,185
10.0,0.75,122,0.32,-5.1726,-631.06,1h,validation,0.625,185
10.0,1.0,122,0.303,-5.6902,-694.21,1h,validation,0.625,185
10.0,1.5,122,0.279,-6.9702,-850.36,1h,validation,0.625,185
10.0,2.0,122,0.262,-8.1376,-992.78,1h,validation,0.625,185
12.0,0.25,122,0.434,-3.8381,-468.25,1h,validation,0.625,185
12.0,0.5,122,0.352,-3.9195,-478.18,1h,validation,0.625,185
12.0,0.75,122,0.32,-4.8193,-587.95,1h,validation,0.625,185
12.0,1.0,122,0.303,-5.1224,-624.94,1h,validation,0.625,185
12.0,1.5,122,0.279,-6.1551,-750.92,1h,validation,0.625,185
12.0,2.0,122,0.262,-7.2254,-881.5,1h,validation,0.625,185
15.0,0.25,122,0.434,-3.7864,-461.94,1h,validation,0.625,185
15.0,0.5,122,0.352,-3.8891,-474.47,1h,validation,0.625,185
15.0,0.75,122,0.32,-4.7613,-580.88,1h,validation,0.625,185
15.0,1.0,122,0.295,-5.0025,-610.3,1h,validation,0.625,185
15.0,1.5,122,0.262,-5.8087,-708.66,1h,validation,0.625,185
15.0,2.0,122,0.246,-6.8779,-839.1,1h,validation,0.625,185
20.0,0.25,122,0.434,-3.7752,-460.58,1h,validation,0.625,185
20.0,0.5,122,0.344,-4.0277,-491.38,1h,validation,0.625,185
20.0,0.75,122,0.311,-4.8128,-587.17,1h,validation,0.625,185
20.0,1.0,122,0.287,-4.9901,-608.79,1h,validation,0.625,185
20.0,1.5,122,0.254,-5.6299,-686.85,1h,validation,0.625,185
20.0,2.0,122,0.238,-6.7381,-822.04,1h,validation,0.625,185
5.0,0.25,122,0.484,-3.2345,-394.61,1h,validation,0.65,185
5.0,0.5,122,0.402,-4.1157,-502.11,1h,validation,0.65,185
5.0,0.75,122,0.393,-5.0629,-617.67,1h,validation,0.65,185
5.0,1.0,122,0.369,-5.837,-712.12,1h,validation,0.65,185
5.0,1.5,122,0.352,-7.2143,-880.14,1h,validation,0.65,185
5.0,2.0,122,0.328,-8.3743,-1021.66,1h,validation,0.65,185
6.0,0.25,122,0.475,-3.2316,-394.25,1h,validation,0.65,185
6.0,0.5,122,0.393,-3.9593,-483.04,1h,validation,0.65,185
6.0,0.75,122,0.385,-4.8172,-587.7,1h,validation,0.65,185
6.0,1.0,122,0.361,-5.4946,-670.34,1h,validation,0.65,185
6.0,1.5,122,0.344,-6.6808,-815.06,1h,validation,0.65,185
6.0,2.0,122,0.32,-7.7886,-950.21,1h,validation,0.65,185
7.0,0.25,122,0.475,-2.9881,-364.55,1h,validation,0.65,185
7.0,0.5,122,0.393,-3.608,-440.18,1h,validation,0.65,185
7.0,0.75,122,0.385,-4.4119,-538.25,1h,validation,0.65,185
7.0,1.0,122,0.361,-5.039,-614.76,1h,validation,0.65,185
7.0,1.5,122,0.344,-6.1293,-747.78,1h,validation,0.65,185
7.0,2.0,122,0.32,-7.1524,-872.6,1h,validation,0.65,185
8.0,0.25,122,0.475,-2.9092,-354.92,1h,validation,0.65,185
8.0,0.5,122,0.393,-3.3913,-413.74,1h,validation,0.65,185
8.0,0.75,122,0.377,-4.0837,-498.21,1h,validation,0.65,185
8.0,1.0,122,0.352,-4.641,-566.21,1h,validation,0.65,185
8.0,1.5,122,0.336,-5.6513,-689.46,1h,validation,0.65,185
8.0,2.0,122,0.311,-6.6298,-808.83,1h,validation,0.65,185
10.0,0.25,122,0.459,-3.3832,-412.75,1h,validation,0.65,185
10.0,0.5,122,0.377,-3.6815,-449.14,1h,validation,0.65,185
10.0,0.75,122,0.344,-4.7876,-584.09,1h,validation,0.65,185
10.0,1.0,122,0.32,-5.3086,-647.64,1h,validation,0.65,185
10.0,1.5,122,0.295,-6.4476,-786.6,1h,validation,0.65,185
10.0,2.0,122,0.27,-7.4494,-908.83,1h,validation,0.65,185
12.0,0.25,122,0.451,-3.4263,-418.01,1h,validation,0.65,185
12.0,0.5,122,0.369,-3.513,-428.59,1h,validation,0.65,185
12.0,0.75,122,0.344,-4.4071,-537.67,1h,validation,0.65,185
12.0,1.0,122,0.32,-4.7326,-577.38,1h,validation,0.65,185
12.0,1.5,122,0.295,-5.8438,-712.95,1h,validation,0.65,185
12.0,2.0,122,0.27,-6.9645,-849.66,1h,validation,0.65,185
15.0,0.25,122,0.451,-3.3736,-411.58,1h,validation,0.65,185
15.0,0.5,122,0.369,-3.3853,-413.01,1h,validation,0.65,185
15.0,0.75,122,0.344,-4.1384,-504.88,1h,validation,0.65,185
15.0,1.0,122,0.311,-4.3154,-526.48,1h,validation,0.65,185
15.0,1.5,122,0.287,-5.0663,-618.08,1h,validation,0.65,185
15.0,2.0,122,0.262,-6.1579,-751.26,1h,validation,0.65,185
20.0,0.25,122,0.451,-3.3621,-410.18,1h,validation,0.65,185
20.0,0.5,122,0.361,-3.599,-439.08,1h,validation,0.65,185
20.0,0.75,122,0.336,-4.3533,-531.1,1h,validation,0.65,185
20.0,1.0,122,0.303,-4.4936,-548.22,1h,validation,0.65,185
20.0,1.5,122,0.27,-5.0537,-616.55,1h,validation,0.65,185
20.0,2.0,122,0.246,-6.0979,-743.95,1h,validation,0.65,185
5.0,0.25,122,0.484,-3.1039,-378.68,1h,validation,0.675,185
5.0,0.5,122,0.402,-4.1054,-500.86,1h,validation,0.675,185
5.0,0.75,122,0.393,-5.1686,-630.56,1h,validation,0.675,185
5.0,1.0,122,0.369,-5.9752,-728.98,1h,validation,0.675,185
5.0,1.5,122,0.352,-7.3224,-893.34,1h,validation,0.675,185
5.0,2.0,122,0.328,-8.4646,-1032.68,1h,validation,0.675,185
6.0,0.25,122,0.475,-3.066,-374.06,1h,validation,0.675,185
6.0,0.5,122,0.393,-3.8334,-467.67,1h,validation,0.675,185
6.0,0.75,122,0.385,-4.7165,-575.42,1h,validation,0.675,185
6.0,1.0,122,0.361,-5.383,-656.73,1h,validation,0.675,185
6.0,1.5,122,0.344,-6.5603,-800.36,1h,validation,0.675,185
6.0,2.0,122,0.32,-7.6632,-934.91,1h,validation,0.675,185
7.0,0.25,122,0.475,-2.8254,-344.7,1h,validation,0.675,185
7.0,0.5,122,0.393,-3.5047,-427.57,1h,validation,0.675,185
7.0,0.75,122,0.385,-4.3429,-529.84,1h,validation,0.675,185
7.0,1.0,122,0.361,-4.9717,-606.55,1h,validation,0.675,185
7.0,1.5,122,0.344,-6.1166,-746.22,1h,validation,0.675,185
7.0,2.0,122,0.32,-7.2055,-879.07,1h,validation,0.675,185
8.0,0.25,122,0.475,-2.7845,-339.71,1h,validation,0.675,185
8.0,0.5,122,0.393,-3.3623,-410.19,1h,validation,0.675,185
8.0,0.75,122,0.377,-4.1414,-505.25,1h,validation,0.675,185
8.0,1.0,122,0.352,-4.7204,-575.89,1h,validation,0.675,185
8.0,1.5,122,0.336,-5.7605,-702.78,1h,validation,0.675,185
8.0,2.0,122,0.311,-6.7568,-824.33,1h,validation,0.675,185
10.0,0.25,122,0.459,-3.2334,-394.47,1h,validation,0.675,185
10.0,0.5,122,0.377,-3.6,-439.2,1h,validation,0.675,185
10.0,0.75,122,0.344,-4.7555,-580.17,1h,validation,0.675,185
10.0,1.0,122,0.32,-5.2844,-644.69,1h,validation,0.675,185
10.0,1.5,122,0.295,-6.2417,-761.48,1h,validation,0.675,185
10.0,2.0,122,0.27,-7.1666,-874.32,1h,validation,0.675,185
12.0,0.25,122,0.451,-3.2605,-397.78,1h,validation,0.675,185
12.0,0.5,122,0.369,-3.3907,-413.67,1h,validation,0.675,185
12.0,0.75,122,0.344,-4.3096,-525.77,1h,validation,0.675,185
12.0,1.0,122,0.32,-4.6273,-564.53,1h,validation,0.675,185
12.0,1.5,122,0.295,-5.7294,-698.99,1h,validation,0.675,185
12.0,2.0,122,0.27,-6.8543,-836.22,1h,validation,0.675,185
15.0,0.25,122,0.451,-3.2075,-391.31,1h,validation,0.675,185
15.0,0.5,122,0.369,-3.2631,-398.1,1h,validation,0.675,185
15.0,0.75,122,0.344,-4.0408,-492.98,1h,validation,0.675,185
15.0,1.0,122,0.311,-4.2179,-514.58,1h,validation,0.675,185
15.0,1.5,122,0.287,-5.0052,-610.63,1h,validation,0.675,185
15.0,2.0,122,0.262,-5.8867,-718.18,1h,validation,0.675,185
20.0,0.25,122,0.451,-3.1958,-389.88,1h,validation,0.675,185
20.0,0.5,122,0.361,-3.4757,-424.04,1h,validation,0.675,185
20.0,0.75,122,0.336,-4.2534,-518.92,1h,validation,0.675,185
20.0,1.0,122,0.303,-4.3865,-535.15,1h,validation,0.675,185
20.0,1.5,122,0.27,-4.9425,-602.98,1h,validation,0.675,185
20.0,2.0,122,0.246,-6.0044,-732.54,1h,validation,0.675,185
5.0,0.25,121,0.479,-3.2559,-393.96,1h,validation,0.7,185
5.0,0.5,121,0.413,-4.3051,-520.91,1h,validation,0.7,185
5.0,0.75,121,0.388,-5.4154,-655.27,1h,validation,0.7,185
5.0,1.0,121,0.372,-6.2422,-755.31,1h,validation,0.7,185
5.0,1.5,121,0.364,-7.6039,-920.08,1h,validation,0.7,185
5.0,2.0,121,0.347,-8.7523,-1059.03,1h,validation,0.7,185
6.0,0.25,121,0.463,-3.3114,-400.68,1h,validation,0.7,185
6.0,0.5,121,0.397,-4.1137,-497.75,1h,validation,0.7,185
6.0,0.75,121,0.38,-5.04,-609.84,1h,validation,0.7,185
6.0,1.0,121,0.355,-5.7544,-696.29,1h,validation,0.7,185
6.0,1.5,121,0.347,-6.9956,-846.47,1h,validation,0.7,185
6.0,2.0,121,0.331,-8.1191,-982.41,1h,validation,0.7,185
7.0,0.25,121,0.463,-3.0966,-374.68,1h,validation,0.7,185
7.0,0.5,121,0.397,-3.8384,-464.45,1h,validation,0.7,185
7.0,0.75,121,0.38,-4.735,-572.93,1h,validation,0.7,185
7.0,1.0,121,0.355,-5.4067,-654.2,1h,validation,0.7,185
7.0,1.5,121,0.347,-6.5862,-796.93,1h,validation,0.7,185
7.0,2.0,121,0.331,-7.6893,-930.41,1h,validation,0.7,185
8.0,0.25,121,0.463,-3.0198,-365.39,1h,validation,0.7,185
8.0,0.5,121,0.397,-3.6245,-438.56,1h,validation,0.7,185
8.0,0.75,121,0.372,-4.4559,-539.16,1h,validation,0.7,185
8.0,1.0,121,0.347,-5.0739,-613.94,1h,validation,0.7,185
8.0,1.5,121,0.339,-6.1538,-744.61,1h,validation,0.7,185
8.0,2.0,121,0.322,-7.1694,-867.5,1h,validation,0.7,185
10.0,0.25,121,0.446,-3.3729,-408.12,1h,validation,0.7,185
10.0,0.5,121,0.38,-3.7406,-452.61,1h,validation,0.7,185
10.0,0.75,121,0.347,-4.9451,-598.36,1h,validation,0.7,185
10.0,1.0,121,0.322,-5.5199,-667.91,1h,validation,0.7,185
10.0,1.5,121,0.306,-6.5595,-793.7,1h,validation,0.7,185
10.0,2.0,121,0.289,-7.5531,-913.92,1h,validation,0.7,185
12.0,0.25,121,0.438,-3.4989,-423.36,1h,validation,0.7,185
12.0,0.5,121,0.372,-3.6599,-442.85,1h,validation,0.7,185
12.0,0.75,121,0.339,-4.6368,-561.06,1h,validation,0.7,185
12.0,1.0,121,0.314,-5.0011,-605.13,1h,validation,0.7,185
12.0,1.5,121,0.298,-5.9616,-721.36,1h,validation,0.7,185
12.0,2.0,121,0.281,-7.0408,-851.94,1h,validation,0.7,185
15.0,0.25,121,0.438,-3.4449,-416.84,1h,validation,0.7,185
15.0,0.5,121,0.372,-3.5693,-431.89,1h,validation,0.7,185
15.0,0.75,121,0.339,-4.4311,-536.16,1h,validation,0.7,185
15.0,1.0,121,0.306,-4.6896,-567.44,1h,validation,0.7,185
15.0,1.5,121,0.289,-5.4053,-654.04,1h,validation,0.7,185
15.0,2.0,121,0.273,-6.2754,-759.32,1h,validation,0.7,185
20.0,0.25,121,0.438,-3.4322,-415.3,1h,validation,0.7,185
20.0,0.5,121,0.364,-3.7294,-451.25,1h,validation,0.7,185
20.0,0.75,121,0.331,-4.5515,-550.74,1h,validation,0.7,185
20.0,1.0,121,0.298,-4.7361,-573.07,1h,validation,0.7,185
20.0,1.5,121,0.273,-5.1754,-626.23,1h,validation,0.7,185
20.0,2.0,121,0.256,-6.0233,-728.82,1h,validation,0.7,185
5.0,0.25,136,0.485,-1.0782,-146.64,1h,holdout,0.3,183
5.0,0.5,136,0.404,-3.3104,-450.21,1h,holdout,0.3,183
5.0,0.75,136,0.338,-4.4138,-600.27,1h,holdout,0.3,183
5.0,1.0,136,0.309,-6.588,-895.97,1h,holdout,0.3,183
5.0,1.5,136,0.265,-7.9061,-1075.23,1h,holdout,0.3,183
5.0,2.0,136,0.243,-8.9865,-1222.17,1h,holdout,0.3,183
6.0,0.25,136,0.478,-0.9256,-125.89,1h,holdout,0.3,183
6.0,0.5,136,0.375,-3.4681,-471.67,1h,holdout,0.3,183
6.0,0.75,136,0.301,-4.4689,-607.77,1h,holdout,0.3,183
6.0,1.0,136,0.272,-6.5858,-895.67,1h,holdout,0.3,183
6.0,1.5,136,0.235,-7.8437,-1066.74,1h,holdout,0.3,183
6.0,2.0,136,0.221,-8.8833,-1208.13,1h,holdout,0.3,183
7.0,0.25,136,0.478,-0.8434,-114.71,1h,holdout,0.3,183
7.0,0.5,136,0.375,-3.3244,-452.12,1h,holdout,0.3,183
7.0,0.75,136,0.301,-4.1612,-565.92,1h,holdout,0.3,183
7.0,1.0,136,0.272,-6.1353,-834.41,1h,holdout,0.3,183
7.0,1.5,136,0.235,-7.1572,-973.38,1h,holdout,0.3,183
7.0,2.0,136,0.221,-8.0692,-1097.41,1h,holdout,0.3,183
8.0,0.25,136,0.478,-0.7871,-107.05,1h,holdout,0.3,183
8.0,0.5,136,0.375,-3.131,-425.82,1h,holdout,0.3,183
8.0,0.75,136,0.301,-3.8837,-528.18,1h,holdout,0.3,183
8.0,1.0,136,0.272,-5.8212,-791.69,1h,holdout,0.3,183
8.0,1.5,136,0.235,-6.824,-928.06,1h,holdout,0.3,183
8.0,2.0,136,0.221,-7.7206,-1050.0,1h,holdout,0.3,183
10.0,0.25,136,0.471,-0.9589,-130.41,1h,holdout,0.3,183
10.0,0.5,136,0.36,-3.3297,-452.85,1h,holdout,0.3,183
10.0,0.75,136,0.279,-4.2564,-578.88,1h,holdout,0.3,183
10.0,1.0,136,0.243,-6.2432,-849.07,1h,holdout,0.3,183
10.0,1.5,136,0.206,-7.2526,-986.35,1h,holdout,0.3,183
10.0,2.0,136,0.184,-8.2237,-1118.42,1h,holdout,0.3,183
12.0,0.25,136,0.471,-0.9434,-128.3,1h,holdout,0.3,183
12.0,0.5,136,0.36,-3.3042,-449.37,1h,holdout,0.3,183
12.0,0.75,136,0.279,-4.2078,-572.27,1h,holdout,0.3,183
12.0,1.0,136,0.243,-6.1606,-837.84,1h,holdout,0.3,183
12.0,1.5,136,0.206,-7.0815,-963.08,1h,holdout,0.3,183
12.0,2.0,136,0.176,-8.2641,-1123.92,1h,holdout,0.3,183
15.0,0.25,136,0.471,-0.9531,-129.62,1h,holdout,0.3,183
15.0,0.5,136,0.36,-3.3276,-452.55,1h,holdout,0.3,183
15.0,0.75,136,0.279,-4.2231,-574.34,1h,holdout,0.3,183
15.0,1.0,136,0.243,-6.1539,-836.93,1h,holdout,0.3,183
15.0,1.5,136,0.206,-7.268,-988.44,1h,holdout,0.3,183
15.0,2.0,136,0.176,-8.5111,-1157.51,1h,holdout,0.3,183
20.0,0.25,136,0.471,-0.947,-128.8,1h,holdout,0.3,183
20.0,0.5,136,0.36,-3.2873,-447.07,1h,holdout,0.3,183
20.0,0.75,136,0.279,-4.1282,-561.44,1h,holdout,0.3,183
20.0,1.0,136,0.243,-6.0416,-821.65,1h,holdout,0.3,183
20.0,1.5,136,0.206,-7.0082,-953.11,1h,holdout,0.3,183
20.0,2.0,136,0.176,-8.1859,-1113.28,1h,holdout,0.3,183
5.0,0.25,135,0.474,-1.2293,-165.95,1h,holdout,0.325,183
5.0,0.5,135,0.393,-3.4958,-471.93,1h,holdout,0.325,183
5.0,0.75,135,0.326,-4.6246,-624.32,1h,holdout,0.325,183
5.0,1.0,135,0.304,-6.8103,-919.39,1h,holdout,0.325,183
5.0,1.5,135,0.252,-8.1553,-1100.97,1h,holdout,0.325,183
5.0,2.0,135,0.23,-9.25,-1248.75,1h,holdout,0.325,183
6.0,0.25,135,0.474,-0.9771,-131.91,1h,holdout,0.325,183
6.0,0.5,135,0.37,-3.5382,-477.66,1h,holdout,0.325,183
6.0,0.75,135,0.296,-4.5876,-619.33,1h,holdout,0.325,183
6.0,1.0,135,0.274,-6.7239,-907.73,1h,holdout,0.325,183
6.0,1.5,135,0.23,-8.0122,-1081.65,1h,holdout,0.325,183
6.0,2.0,135,0.215,-9.0738,-1224.96,1h,holdout,0.325,183
7.0,0.25,135,0.474,-0.8874,-119.81,1h,holdout,0.325,183
7.0,0.5,135,0.37,-3.3852,-457.0,1h,holdout,0.325,183
7.0,0.75,135,0.296,-4.2411,-572.54,1h,holdout,0.325,183
7.0,1.0,135,0.274,-6.2225,-840.04,1h,holdout,0.325,183
7.0,1.5,135,0.23,-7.2659,-980.9,1h,holdout,0.325,183
7.0,2.0,135,0.215,-8.189,-1105.52,1h,holdout,0.325,183
8.0,0.25,135,0.474,-0.8414,-113.59,1h,holdout,0.325,183
8.0,0.5,135,0.37,-3.2746,-442.07,1h,holdout,0.325,183
8.0,0.75,135,0.296,-4.0764,-550.32,1h,holdout,0.325,183
8.0,1.0,135,0.274,-6.0057,-810.77,1h,holdout,0.325,183
8.0,1.5,135,0.23,-7.0107,-946.44,1h,holdout,0.325,183
8.0,2.0,135,0.215,-7.9074,-1067.5,1h,holdout,0.325,183
10.0,0.25,135,0.467,-1.0033,-135.44,1h,holdout,0.325,183
10.0,0.5,135,0.356,-3.395,-458.33,1h,holdout,0.325,183
10.0,0.75,135,0.274,-4.3515,-587.45,1h,holdout,0.325,183
10.0,1.0,135,0.244,-6.3556,-858.01,1h,holdout,0.325,183
10.0,1.5,135,0.2,-7.3995,-998.93,1h,holdout,0.325,183
10.0,2.0,135,0.178,-8.411,-1135.49,1h,holdout,0.325,183
12.0,0.25,135,0.467,-0.9877,-133.34,1h,holdout,0.325,183
12.0,0.5,135,0.356,-3.3693,-454.86,1h,holdout,0.325,183
12.0,0.75,135,0.274,-4.3039,-581.02,1h,holdout,0.325,183
12.0,1.0,135,0.244,-6.2791,-847.68,1h,holdout,0.325,183
12.0,1.5,135,0.2,-7.2503,-978.79,1h,holdout,0.325,183
12.0,2.0,135,0.178,-8.1497,-1100.21,1h,holdout,0.325,183
15.0,0.25,135,0.467,-0.9975,-134.66,1h,holdout,0.325,183
15.0,0.5,135,0.356,-3.3929,-458.04,1h,holdout,0.325,183
15.0,0.75,135,0.274,-4.3186,-583.01,1h,holdout,0.325,183
15.0,1.0,135,0.244,-6.2707,-846.54,1h,holdout,0.325,183
15.0,1.5,135,0.2,-7.4336,-1003.53,1h,holdout,0.325,183
15.0,2.0,135,0.178,-8.3933,-1133.09,1h,holdout,0.325,183
20.0,0.25,135,0.467,-0.9914,-133.84,1h,holdout,0.325,183
20.0,0.5,135,0.356,-3.3523,-452.56,1h,holdout,0.325,183
20.0,0.75,135,0.274,-4.2229,-570.09,1h,holdout,0.325,183
20.0,1.0,135,0.244,-6.1573,-831.24,1h,holdout,0.325,183
20.0,1.5,135,0.2,-7.1722,-968.25,1h,holdout,0.325,183
20.0,2.0,135,0.178,-8.0663,-1088.95,1h,holdout,0.325,183
5.0,0.25,135,0.481,-1.111,-149.99,1h,holdout,0.35,183
5.0,0.5,135,0.393,-3.4054,-459.73,1h,holdout,0.35,183
5.0,0.75,135,0.333,-4.5914,-619.84,1h,holdout,0.35,183
5.0,1.0,135,0.304,-6.8142,-919.91,1h,holdout,0.35,183
5.0,1.5,135,0.252,-8.0057,-1080.77,1h,holdout,0.35,183
5.0,2.0,135,0.23,-9.014,-1216.89,1h,holdout,0.35,183
6.0,0.25,135,0.481,-0.8602,-116.13,1h,holdout,0.35,183
6.0,0.5,135,0.37,-3.4469,-465.33,1h,holdout,0.35,183
6.0,0.75,135,0.304,-4.553,-614.66,1h,holdout,0.35,183
6.0,1.0,135,0.274,-6.7222,-907.5,1h,holdout,0.35,183
6.0,1.5,135,0.23,-8.0381,-1085.15,1h,holdout,0.35,183
6.0,2.0,135,0.215,-9.073,-1224.86,1h,holdout,0.35,183
7.0,0.25,135,0.481,-0.8043,-108.58,1h,holdout,0.35,183
7.0,0.5,135,0.37,-3.3544,-452.84,1h,holdout,0.35,183
7.0,0.75,135,0.304,-4.2758,-577.23,1h,holdout,0.35,183
7.0,1.0,135,0.274,-6.2928,-849.53,1h,holdout,0.35,183
7.0,1.5,135,0.23,-7.3961,-998.47,1h,holdout,0.35,183
7.0,2.0,135,0.215,-8.3293,-1124.46,1h,holdout,0.35,183
8.0,0.25,135,0.481,-0.7251,-97.89,1h,holdout,0.35,183
8.0,0.5,135,0.37,-3.1529,-425.64,1h,holdout,0.35,183
8.0,0.75,135,0.304,-3.9945,-539.25,1h,holdout,0.35,183
8.0,1.0,135,0.274,-5.9509,-803.37,1h,holdout,0.35,183
8.0,1.5,135,0.23,-7.0175,-947.36,1h,holdout,0.35,183
8.0,2.0,135,0.215,-7.9253,-1069.91,1h,holdout,0.35,183
10.0,0.25,135,0.474,-0.8864,-119.66,1h,holdout,0.35,183
10.0,0.5,135,0.356,-3.2698,-441.43,1h,holdout,0.35,183
10.0,0.75,135,0.281,-4.2583,-574.87,1h,holdout,0.35,183
10.0,1.0,135,0.244,-6.283,-848.2,1h,holdout,0.35,183
10.0,1.5,135,0.2,-7.3716,-995.17,1h,holdout,0.35,183
10.0,2.0,135,0.178,-8.3889,-1132.5,1h,holdout,0.35,183
12.0,0.25,135,0.474,-0.8708,-117.56,1h,holdout,0.35,183
12.0,0.5,135,0.356,-3.2418,-437.64,1h,holdout,0.35,183
12.0,0.75,135,0.281,-4.1923,-565.96,1h,holdout,0.35,183
12.0,1.0,135,0.244,-6.1736,-833.44,1h,holdout,0.35,183
12.0,1.5,135,0.2,-7.1726,-968.3,1h,holdout,0.35,183
12.0,2.0,135,0.178,-8.0948,-1092.8,1h,holdout,0.35,183
15.0,0.25,135,0.474,-0.8805,-118.87,1h,holdout,0.35,183
15.0,0.5,135,0.356,-3.2654,-440.83,1h,holdout,0.35,183
15.0,0.75,135,0.281,-4.2066,-567.88,1h,holdout,0.35,183
15.0,1.0,135,0.244,-6.165,-832.28,1h,holdout,0.35,183
15.0,1.5,135,0.2,-7.0938,-957.66,1h,holdout,0.35,183
15.0,2.0,135,0.178,-7.9465,-1072.77,1h,holdout,0.35,183
20.0,0.25,135,0.474,-0.8744,-118.05,1h,holdout,0.35,183
20.0,0.5,135,0.356,-3.2248,-435.35,1h,holdout,0.35,183
20.0,0.75,135,0.281,-4.108,-554.58,1h,holdout,0.35,183
20.0,1.0,135,0.244,-6.1588,-831.44,1h,holdout,0.35,183
20.0,1.5,135,0.2,-7.2712,-981.61,1h,holdout,0.35,183
20.0,2.0,135,0.178,-8.119,-1096.07,1h,holdout,0.35,183
5.0,0.25,135,0.474,-2.7239,-367.73,1h,holdout,0.375,183
5.0,0.5,135,0.378,-5.0286,-678.85,1h,holdout,0.375,183
5.0,0.75,135,0.326,-6.2275,-840.71,1h,holdout,0.375,183
5.0,1.0,135,0.296,-6.9986,-944.81,1h,holdout,0.375,183
5.0,1.5,135,0.244,-8.2188,-1109.53,1h,holdout,0.375,183
5.0,2.0,135,0.222,-9.2358,-1246.83,1h,holdout,0.375,183
6.0,0.25,135,0.474,-2.497,-337.09,1h,holdout,0.375,183
6.0,0.5,135,0.356,-5.0378,-680.1,1h,holdout,0.375,183
6.0,0.75,135,0.304,-6.1908,-835.75,1h,holdout,0.375,183
6.0,1.0,135,0.274,-6.9319,-935.81,1h,holdout,0.375,183
6.0,1.5,135,0.23,-8.3007,-1120.6,1h,holdout,0.375,183
6.0,2.0,135,0.215,-9.3614,-1263.78,1h,holdout,0.375,183
7.0,0.25,135,0.474,-2.4448,-330.05,1h,holdout,0.375,183
7.0,0.5,135,0.356,-5.0405,-680.46,1h,holdout,0.375,183
7.0,0.75,135,0.296,-6.0219,-812.95,1h,holdout,0.375,183
7.0,1.0,135,0.267,-6.6337,-895.55,1h,holdout,0.375,183
7.0,1.5,135,0.222,-7.8361,-1057.87,1h,holdout,0.375,183
7.0,2.0,135,0.207,-8.81,-1189.35,1h,holdout,0.375,183
8.0,0.25,135,0.474,-2.3399,-315.89,1h,holdout,0.375,183
8.0,0.5,135,0.356,-4.8112,-649.51,1h,holdout,0.375,183
8.0,0.75,135,0.296,-5.6926,-768.5,1h,holdout,0.375,183
8.0,1.0,135,0.267,-6.2258,-840.48,1h,holdout,0.375,183
8.0,1.5,135,0.222,-7.3431,-991.33,1h,holdout,0.375,183
8.0,2.0,135,0.207,-8.2655,-1115.84,1h,holdout,0.375,183
10.0,0.25,135,0.467,-2.5006,-337.58,1h,holdout,0.375,183
10.0,0.5,135,0.341,-4.9281,-665.3,1h,holdout,0.375,183
10.0,0.75,135,0.274,-5.9558,-804.03,1h,holdout,0.375,183
10.0,1.0,135,0.237,-6.5457,-883.67,1h,holdout,0.375,183
10.0,1.5,135,0.193,-7.7513,-1046.42,1h,holdout,0.375,183
10.0,2.0,135,0.17,-8.8641,-1196.66,1h,holdout,0.375,183
12.0,0.25,135,0.467,-2.485,-335.48,1h,holdout,0.375,183
12.0,0.5,135,0.341,-4.9025,-661.83,1h,holdout,0.375,183
12.0,0.75,135,0.274,-5.9083,-797.62,1h,holdout,0.375,183
12.0,1.0,135,0.237,-6.4662,-872.93,1h,holdout,0.375,183
12.0,1.5,135,0.193,-7.5206,-1015.28,1h,holdout,0.375,183
12.0,2.0,135,0.17,-8.4844,-1145.4,1h,holdout,0.375,183
15.0,0.25,135,0.467,-2.4947,-336.79,1h,holdout,0.375,183
15.0,0.5,135,0.341,-4.9261,-665.02,1h,holdout,0.375,183
15.0,0.75,135,0.274,-5.9232,-799.63,1h,holdout,0.375,183
15.0,1.0,135,0.237,-6.4582,-871.86,1h,holdout,0.375,183
15.0,1.5,135,0.193,-7.4397,-1004.36,1h,holdout,0.375,183
15.0,2.0,135,0.17,-8.3168,-1122.76,1h,holdout,0.375,183
20.0,0.25,135,0.467,-2.4887,-335.97,1h,holdout,0.375,183
20.0,0.5,135,0.341,-4.8856,-659.55,1h,holdout,0.375,183
20.0,0.75,135,0.274,-5.8278,-786.76,1h,holdout,0.375,183
20.0,1.0,135,0.237,-6.3452,-856.61,1h,holdout,0.375,183
20.0,1.5,135,0.193,-7.4438,-1004.92,1h,holdout,0.375,183
20.0,2.0,135,0.17,-8.3011,-1120.65,1h,holdout,0.375,183
5.0,0.25,133,0.489,-2.4114,-320.72,1h,holdout,0.4,183
5.0,0.5,133,0.383,-4.7312,-629.25,1h,holdout,0.4,183
5.0,0.75,133,0.331,-5.9445,-790.62,1h,holdout,0.4,183
5.0,1.0,133,0.301,-6.7292,-894.98,1h,holdout,0.4,183
5.0,1.5,133,0.248,-7.9653,-1059.38,1h,holdout,0.4,183
5.0,2.0,133,0.226,-8.9908,-1195.77,1h,holdout,0.4,183
6.0,0.25,133,0.481,-2.5247,-335.78,1h,holdout,0.4,183
6.0,0.5,133,0.361,-4.7622,-633.37,1h,holdout,0.4,183
6.0,0.75,133,0.308,-5.9324,-789.01,1h,holdout,0.4,183
6.0,1.0,133,0.278,-6.6797,-888.41,1h,holdout,0.4,183
6.0,1.5,133,0.233,-8.0484,-1070.43,1h,holdout,0.4,183
6.0,2.0,133,0.218,-9.1088,-1211.46,1h,holdout,0.4,183
7.0,0.25,133,0.481,-2.4722,-328.8,1h,holdout,0.4,183
7.0,0.5,133,0.361,-4.757,-632.68,1h,holdout,0.4,183
7.0,0.75,133,0.301,-5.7274,-761.74,1h,holdout,0.4,183
7.0,1.0,133,0.271,-6.343,-843.62,1h,holdout,0.4,183
7.0,1.5,133,0.226,-7.5481,-1003.89,1h,holdout,0.4,183
7.0,2.0,133,0.211,-8.5228,-1133.53,1h,holdout,0.4,183
8.0,0.25,133,0.481,-2.3662,-314.71,1h,holdout,0.4,183
8.0,0.5,133,0.361,-4.5238,-601.67,1h,holdout,0.4,183
8.0,0.75,133,0.301,-5.3928,-717.24,1h,holdout,0.4,183
8.0,1.0,133,0.271,-5.9234,-787.82,1h,holdout,0.4,183
8.0,1.5,133,0.226,-7.0314,-935.18,1h,holdout,0.4,183
8.0,2.0,133,0.211,-7.9481,-1057.1,1h,holdout,0.4,183
10.0,0.25,133,0.481,-2.3349,-310.55,1h,holdout,0.4,183
10.0,0.5,133,0.353,-4.42,-587.86,1h,holdout,0.4,183
10.0,0.75,133,0.286,-5.4534,-725.3,1h,holdout,0.4,183
10.0,1.0,133,0.248,-6.0662,-806.81,1h,holdout,0.4,183
10.0,1.5,133,0.203,-7.2731,-967.33,1h,holdout,0.4,183
10.0,2.0,133,0.18,-8.3825,-1114.88,1h,holdout,0.4,183
12.0,0.25,133,0.474,-2.5129,-334.22,1h,holdout,0.4,183
12.0,0.5,133,0.346,-4.6165,-613.99,1h,holdout,0.4,183
12.0,0.75,133,0.278,-5.6051,-745.48,1h,holdout,0.4,183
12.0,1.0,133,0.241,-6.1504,-818.0,1h,holdout,0.4,183
12.0,1.5,133,0.195,-7.1823,-955.24,1h,holdout,0.4,183
12.0,2.0,133,0.173,-8.1382,-1082.38,1h,holdout,0.4,183
15.0,0.25,133,0.474,-2.5227,-335.52,1h,holdout,0.4,183
15.0,0.5,133,0.346,-4.6405,-617.18,1h,holdout,0.4,183
15.0,0.75,133,0.278,-5.6208,-747.56,1h,holdout,0.4,183
15.0,1.0,133,0.241,-6.1478,-817.66,1h,holdout,0.4,183
15.0,1.5,133,0.195,-7.1301,-948.3,1h,holdout,0.4,183
15.0,2.0,133,0.173,-8.0312,-1068.15,1h,holdout,0.4,183
20.0,0.25,133,0.474,-2.5166,-334.71,1h,holdout,0.4,183
20.0,0.5,133,0.346,-4.5994,-611.72,1h,holdout,0.4,183
20.0,0.75,133,0.278,-5.5237,-734.65,1h,holdout,0.4,183
20.0,1.0,133,0.241,-6.0281,-801.74,1h,holdout,0.4,183
20.0,1.5,133,0.195,-7.1047,-944.93,1h,holdout,0.4,183
20.0,2.0,133,0.173,-7.953,-1057.75,1h,holdout,0.4,183
5.0,0.25,131,0.489,-2.2039,-288.7,1h,holdout,0.425,183
5.0,0.5,131,0.382,-3.7614,-492.75,1h,holdout,0.425,183
5.0,0.75,131,0.336,-5.0499,-661.54,1h,holdout,0.425,183
5.0,1.0,131,0.298,-5.8839,-770.79,1h,holdout,0.425,183
5.0,1.5,131,0.244,-7.1839,-941.09,1h,holdout,0.425,183
5.0,2.0,131,0.229,-8.2452,-1080.12,1h,holdout,0.425,183
6.0,0.25,131,0.481,-2.3159,-303.39,1h,holdout,0.425,183
6.0,0.5,131,0.359,-3.7873,-496.14,1h,holdout,0.425,183
6.0,0.75,131,0.313,-5.0199,-657.6,1h,holdout,0.425,183
6.0,1.0,131,0.275,-5.7994,-759.72,1h,holdout,0.425,183
6.0,1.5,131,0.229,-7.2003,-943.24,1h,holdout,0.425,183
6.0,2.0,131,0.221,-8.2809,-1084.8,1h,holdout,0.425,183
7.0,0.25,131,0.481,-2.2861,-299.48,1h,holdout,0.425,183
7.0,0.5,131,0.359,-3.8011,-497.95,1h,holdout,0.425,183
7.0,0.75,131,0.305,-4.8297,-632.69,1h,holdout,0.425,183
7.0,1.0,131,0.267,-5.4743,-717.14,1h,holdout,0.425,183
7.0,1.5,131,0.221,-6.7072,-878.64,1h,holdout,0.425,183
7.0,2.0,131,0.214,-7.7075,-1009.69,1h,holdout,0.425,183
8.0,0.25,131,0.481,-2.2215,-291.02,1h,holdout,0.425,183
8.0,0.5,131,0.359,-3.6476,-477.83,1h,holdout,0.425,183
8.0,0.75,131,0.305,-4.6108,-604.01,1h,holdout,0.425,183
8.0,1.0,131,0.267,-5.1876,-679.58,1h,holdout,0.425,183
8.0,1.5,131,0.221,-6.3087,-826.44,1h,holdout,0.425,183
8.0,2.0,131,0.214,-7.2294,-947.06,1h,holdout,0.425,183
10.0,0.25,131,0.481,-2.084,-273.0,1h,holdout,0.425,183
10.0,0.5,131,0.359,-3.3915,-444.28,1h,holdout,0.425,183
10.0,0.75,131,0.305,-4.2563,-557.57,1h,holdout,0.425,183
10.0,1.0,131,0.26,-4.8571,-636.28,1h,holdout,0.425,183
10.0,1.5,131,0.214,-6.0486,-792.37,1h,holdout,0.425,183
10.0,2.0,131,0.198,-7.1562,-937.46,1h,holdout,0.425,183
12.0,0.25,131,0.481,-2.1578,-282.67,1h,holdout,0.425,183
12.0,0.5,131,0.351,-3.4553,-452.64,1h,holdout,0.425,183
12.0,0.75,131,0.298,-4.4936,-588.67,1h,holdout,0.425,183
12.0,1.0,131,0.244,-5.0658,-663.62,1h,holdout,0.425,183
12.0,1.5,131,0.198,-6.1487,-805.47,1h,holdout,0.425,183
12.0,2.0,131,0.183,-7.1737,-939.75,1h,holdout,0.425,183
15.0,0.25,131,0.481,-2.1677,-283.97,1h,holdout,0.425,183
15.0,0.5,131,0.351,-3.4795,-455.82,1h,holdout,0.425,183
15.0,0.75,131,0.298,-4.5057,-590.25,1h,holdout,0.425,183
15.0,1.0,131,0.244,-5.0541,-662.09,1h,holdout,0.425,183
15.0,1.5,131,0.198,-6.05,-792.55,1h,holdout,0.425,183
15.0,2.0,131,0.183,-6.9623,-912.07,1h,holdout,0.425,183
20.0,0.25,131,0.481,-2.1615,-283.16,1h,holdout,0.425,183
20.0,0.5,131,0.351,-3.4379,-450.36,1h,holdout,0.425,183
20.0,0.75,131,0.298,-4.4073,-577.36,1h,holdout,0.425,183
20.0,1.0,131,0.244,-4.9328,-646.2,1h,holdout,0.425,183
20.0,1.5,131,0.198,-6.0295,-789.87,1h,holdout,0.425,183
20.0,2.0,131,0.183,-6.9148,-905.84,1h,holdout,0.425,183
5.0,0.25,130,0.492,-2.0857,-271.14,1h,holdout,0.45,183
5.0,0.5,130,0.392,-3.5525,-461.82,1h,holdout,0.45,183
5.0,0.75,130,0.338,-4.8287,-627.73,1h,holdout,0.45,183
5.0,1.0,130,0.308,-5.6543,-735.06,1h,holdout,0.45,183
5.0,1.5,130,0.246,-6.9419,-902.45,1h,holdout,0.45,183
5.0,2.0,130,0.231,-7.9942,-1039.25,1h,holdout,0.45,183
6.0,0.25,130,0.485,-2.1385,-278.0,1h,holdout,0.45,183
6.0,0.5,130,0.377,-3.4732,-451.51,1h,holdout,0.45,183
6.0,0.75,130,0.323,-4.6828,-608.77,1h,holdout,0.45,183
6.0,1.0,130,0.292,-5.449,-708.37,1h,holdout,0.45,183
6.0,1.5,130,0.238,-6.8292,-887.8,1h,holdout,0.45,183
6.0,2.0,130,0.231,-7.8985,-1026.8,1h,holdout,0.45,183
7.0,0.25,130,0.485,-2.1558,-280.26,1h,holdout,0.45,183
7.0,0.5,130,0.369,-3.5524,-461.82,1h,holdout,0.45,183
7.0,0.75,130,0.308,-4.5926,-597.04,1h,holdout,0.45,183
7.0,1.0,130,0.277,-5.2384,-681.0,1h,holdout,0.45,183
7.0,1.5,130,0.223,-6.4618,-840.03,1h,holdout,0.45,183
7.0,2.0,130,0.215,-7.4548,-969.13,1h,holdout,0.45,183
8.0,0.25,130,0.485,-2.0911,-271.84,1h,holdout,0.45,183
8.0,0.5,130,0.369,-3.3967,-441.58,1h,holdout,0.45,183
8.0,0.75,130,0.308,-4.3416,-564.41,1h,holdout,0.45,183
8.0,1.0,130,0.277,-4.9068,-637.89,1h,holdout,0.45,183
8.0,1.5,130,0.223,-6.0175,-782.28,1h,holdout,0.45,183
8.0,2.0,130,0.215,-6.9515,-903.7,1h,holdout,0.45,183
10.0,0.25,130,0.485,-1.953,-253.9,1h,holdout,0.45,183
10.0,0.5,130,0.369,-3.1495,-409.44,1h,holdout,0.45,183
10.0,0.75,130,0.308,-4.0141,-521.83,1h,holdout,0.45,183
10.0,1.0,130,0.269,-4.5449,-590.84,1h,holdout,0.45,183
10.0,1.5,130,0.215,-5.6449,-733.83,1h,holdout,0.45,183
10.0,2.0,130,0.2,-6.5682,-853.87,1h,holdout,0.45,183
12.0,0.25,130,0.485,-2.0268,-263.49,1h,holdout,0.45,183
12.0,0.5,130,0.362,-3.2034,-416.45,1h,holdout,0.45,183
12.0,0.75,130,0.3,-4.2235,-549.06,1h,holdout,0.45,183
12.0,1.0,130,0.254,-4.7841,-621.94,1h,holdout,0.45,183
12.0,1.5,130,0.2,-5.8445,-759.79,1h,holdout,0.45,183
12.0,2.0,130,0.185,-6.861,-891.93,1h,holdout,0.45,183
15.0,0.25,130,0.485,-2.0368,-264.78,1h,holdout,0.45,183
15.0,0.5,130,0.362,-3.2279,-419.63,1h,holdout,0.45,183
15.0,0.75,130,0.3,-4.2369,-550.79,1h,holdout,0.45,183
15.0,1.0,130,0.254,-4.7771,-621.02,1h,holdout,0.45,183
15.0,1.5,130,0.2,-5.7569,-748.4,1h,holdout,0.45,183
15.0,2.0,130,0.185,-6.6649,-866.43,1h,holdout,0.45,183
20.0,0.25,130,0.485,-2.0305,-263.97,1h,holdout,0.45,183
20.0,0.5,130,0.362,-3.186,-414.17,1h,holdout,0.45,183
20.0,0.75,130,0.3,-4.1369,-537.8,1h,holdout,0.45,183
20.0,1.0,130,0.254,-4.6525,-604.82,1h,holdout,0.45,183
20.0,1.5,130,0.2,-5.7402,-746.22,1h,holdout,0.45,183
20.0,2.0,130,0.185,-6.6361,-862.69,1h,holdout,0.45,183
5.0,0.25,130,0.492,-2.072,-269.36,1h,holdout,0.475,183
5.0,0.5,130,0.392,-3.526,-458.39,1h,holdout,0.475,183
5.0,0.75,130,0.338,-4.7974,-623.67,1h,holdout,0.475,183
5.0,1.0,130,0.308,-5.6217,-730.82,1h,holdout,0.475,183
5.0,1.5,130,0.246,-6.9077,-898.0,1h,holdout,0.475,183
5.0,2.0,130,0.231,-7.959,-1034.66,1h,holdout,0.475,183
6.0,0.25,130,0.485,-2.1067,-273.87,1h,holdout,0.475,183
6.0,0.5,130,0.377,-3.4296,-445.84,1h,holdout,0.475,183
6.0,0.75,130,0.323,-4.6398,-603.18,1h,holdout,0.475,183
6.0,1.0,130,0.292,-5.4126,-703.63,1h,holdout,0.475,183
6.0,1.5,130,0.238,-6.6258,-861.35,1h,holdout,0.475,183
6.0,2.0,130,0.231,-7.6286,-991.72,1h,holdout,0.475,183
7.0,0.25,130,0.485,-2.1243,-276.16,1h,holdout,0.475,183
7.0,0.5,130,0.369,-3.5102,-456.32,1h,holdout,0.475,183
7.0,0.75,130,0.308,-4.5517,-591.72,1h,holdout,0.475,183
7.0,1.0,130,0.277,-5.198,-675.74,1h,holdout,0.475,183
7.0,1.5,130,0.223,-6.4158,-834.05,1h,holdout,0.475,183
7.0,2.0,130,0.215,-7.4075,-962.98,1h,holdout,0.475,183
8.0,0.25,130,0.485,-2.0931,-272.11,1h,holdout,0.475,183
8.0,0.5,130,0.369,-3.4546,-449.1,1h,holdout,0.475,183
8.0,0.75,130,0.308,-4.4562,-579.3,1h,holdout,0.475,183
8.0,1.0,130,0.277,-5.0724,-659.42,1h,holdout,0.475,183
8.0,1.5,130,0.223,-6.2582,-813.56,1h,holdout,0.475,183
8.0,2.0,130,0.215,-7.2286,-939.72,1h,holdout,0.475,183
10.0,0.25,130,0.485,-1.9221,-249.88,1h,holdout,0.475,183
10.0,0.5,130,0.369,-3.1077,-404.0,1h,holdout,0.475,183
10.0,0.75,130,0.308,-3.991,-518.83,1h,holdout,0.475,183
10.0,1.0,130,0.269,-4.5402,-590.23,1h,holdout,0.475,183
10.0,1.5,130,0.215,-5.6556,-735.23,1h,holdout,0.475,183
10.0,2.0,130,0.2,-6.5896,-856.65,1h,holdout,0.475,183
12.0,0.25,130,0.485,-1.9956,-259.43,1h,holdout,0.475,183
12.0,0.5,130,0.362,-3.161,-410.93,1h,holdout,0.475,183
12.0,0.75,130,0.3,-4.1816,-543.61,1h,holdout,0.475,183
12.0,1.0,130,0.254,-4.7549,-618.14,1h,holdout,0.475,183
12.0,1.5,130,0.2,-5.8376,-758.89,1h,holdout,0.475,183
12.0,2.0,130,0.185,-6.8686,-892.92,1h,holdout,0.475,183
15.0,0.25,130,0.485,-2.0056,-260.72,1h,holdout,0.475,183
15.0,0.5,130,0.362,-3.1858,-414.15,1h,holdout,0.475,183
15.0,0.75,130,0.3,-4.1971,-545.63,1h,holdout,0.475,183
15.0,1.0,130,0.254,-4.7411,-616.34,1h,holdout,0.475,183
15.0,1.5,130,0.2,-5.7276,-744.59,1h,holdout,0.475,183
15.0,2.0,130,0.185,-6.6568,-865.38,1h,holdout,0.475,183
20.0,0.25,130,0.485,-1.9993,-259.91,1h,holdout,0.475,183
20.0,0.5,130,0.362,-3.1436,-408.67,1h,holdout,0.475,183
20.0,0.75,130,0.3,-4.0953,-532.38,1h,holdout,0.475,183
20.0,1.0,130,0.254,-4.6122,-599.59,1h,holdout,0.475,183
20.0,1.5,130,0.2,-5.6925,-740.03,1h,holdout,0.475,183
20.0,2.0,130,0.185,-6.5907,-856.79,1h,holdout,0.475,183
5.0,0.25,129,0.496,-1.9118,-246.62,1h,holdout,0.5,183
5.0,0.5,129,0.395,-3.4097,-439.85,1h,holdout,0.5,183
5.0,0.75,129,0.349,-4.7458,-612.21,1h,holdout,0.5,183
5.0,1.0,129,0.302,-5.6056,-723.13,1h,holdout,0.5,183
5.0,1.5,129,0.248,-6.9281,-893.72,1h,holdout,0.5,183
5.0,2.0,129,0.233,-7.9994,-1031.93,1h,holdout,0.5,183
6.0,0.25,129,0.488,-1.9326,-249.31,1h,holdout,0.5,183
6.0,0.5,129,0.38,-3.169,-408.79,1h,holdout,0.5,183
6.0,0.75,129,0.333,-4.4894,-579.13,1h,holdout,0.5,183
6.0,1.0,129,0.287,-5.2975,-683.38,1h,holdout,0.5,183
6.0,1.5,129,0.233,-6.5475,-844.63,1h,holdout,0.5,183
6.0,2.0,129,0.225,-7.5709,-976.65,1h,holdout,0.5,183
7.0,0.25,129,0.488,-1.9797,-255.38,1h,holdout,0.5,183
7.0,0.5,129,0.372,-3.2125,-414.41,1h,holdout,0.5,183
7.0,0.75,129,0.326,-4.3727,-564.08,1h,holdout,0.5,183
7.0,1.0,129,0.279,-5.0573,-652.39,1h,holdout,0.5,183
7.0,1.5,129,0.225,-6.3114,-814.17,1h,holdout,0.5,183
7.0,2.0,129,0.217,-7.3257,-945.02,1h,holdout,0.5,183
8.0,0.25,129,0.488,-1.9192,-247.58,1h,holdout,0.5,183
8.0,0.5,129,0.372,-3.1935,-411.96,1h,holdout,0.5,183
8.0,0.75,129,0.318,-4.2954,-554.1,1h,holdout,0.5,183
8.0,1.0,129,0.271,-4.9454,-637.95,1h,holdout,0.5,183
8.0,1.5,129,0.217,-6.163,-795.02,1h,holdout,0.5,183
8.0,2.0,129,0.209,-7.1583,-923.43,1h,holdout,0.5,183
10.0,0.25,129,0.488,-1.7475,-225.42,1h,holdout,0.5,183
10.0,0.5,129,0.372,-2.8451,-367.02,1h,holdout,0.5,183
10.0,0.75,129,0.318,-3.8235,-493.23,1h,holdout,0.5,183
10.0,1.0,129,0.264,-4.3926,-566.65,1h,holdout,0.5,183
10.0,1.5,129,0.209,-5.5252,-712.76,1h,holdout,0.5,183
10.0,2.0,129,0.194,-6.4698,-834.6,1h,holdout,0.5,183
12.0,0.25,129,0.488,-1.8212,-234.94,1h,holdout,0.5,183
12.0,0.5,129,0.364,-2.8988,-373.95,1h,holdout,0.5,183
12.0,0.75,129,0.31,-4.0148,-517.91,1h,holdout,0.5,183
12.0,1.0,129,0.248,-4.6054,-594.09,1h,holdout,0.5,183
12.0,1.5,129,0.194,-5.6948,-734.62,1h,holdout,0.5,183
12.0,2.0,129,0.178,-6.7531,-871.15,1h,holdout,0.5,183
15.0,0.25,129,0.488,-1.8313,-236.23,1h,holdout,0.5,183
15.0,0.5,129,0.364,-2.9238,-377.17,1h,holdout,0.5,183
15.0,0.75,129,0.31,-4.0306,-519.94,1h,holdout,0.5,183
15.0,1.0,129,0.248,-4.5918,-592.34,1h,holdout,0.5,183
15.0,1.5,129,0.194,-5.5834,-720.26,1h,holdout,0.5,183
15.0,2.0,129,0.178,-6.5198,-841.06,1h,holdout,0.5,183
20.0,0.25,129,0.488,-1.825,-235.42,1h,holdout,0.5,183
20.0,0.5,129,0.364,-2.8814,-371.7,1h,holdout,0.5,183
20.0,0.75,129,0.31,-3.9281,-506.73,1h,holdout,0.5,183
20.0,1.0,129,0.248,-4.4622,-575.62,1h,holdout,0.5,183
20.0,1.5,129,0.194,-5.5472,-715.59,1h,holdout,0.5,183
20.0,2.0,129,0.178,-6.4529,-832.43,1h,holdout,0.5,183
5.0,0.25,129,0.496,-1.9157,-247.13,1h,holdout,0.525,183
5.0,0.5,129,0.403,-3.5298,-455.34,1h,holdout,0.525,183
5.0,0.75,129,0.357,-4.5801,-590.83,1h,holdout,0.525,183
5.0,1.0,129,0.326,-5.3533,-690.58,1h,holdout,0.525,183
5.0,1.5,129,0.279,-6.6024,-851.7,1h,holdout,0.525,183
5.0,2.0,129,0.264,-7.638,-985.31,1h,holdout,0.525,183
6.0,0.25,129,0.496,-1.5531,-200.35,1h,holdout,0.525,183
6.0,0.5,129,0.395,-2.7829,-359.0,1h,holdout,0.525,183
6.0,0.75,129,0.341,-4.1033,-529.33,1h,holdout,0.525,183
6.0,1.0,129,0.302,-4.9185,-634.48,1h,holdout,0.525,183
6.0,1.5,129,0.256,-6.1846,-797.81,1h,holdout,0.525,183
6.0,2.0,129,0.24,-7.2223,-931.67,1h,holdout,0.525,183
7.0,0.25,129,0.488,-1.8952,-244.48,1h,holdout,0.525,183
7.0,0.5,129,0.38,-3.116,-401.97,1h,holdout,0.525,183
7.0,0.75,129,0.326,-4.3073,-555.64,1h,holdout,0.525,183
7.0,1.0,129,0.287,-5.0085,-646.09,1h,holdout,0.525,183
7.0,1.5,129,0.24,-6.2731,-809.22,1h,holdout,0.525,183
7.0,2.0,129,0.225,-7.2947,-941.01,1h,holdout,0.525,183
8.0,0.25,129,0.488,-1.8351,-236.73,1h,holdout,0.525,183
8.0,0.5,129,0.38,-3.0878,-398.32,1h,holdout,0.525,183
8.0,0.75,129,0.318,-4.1891,-540.39,1h,holdout,0.525,183
8.0,1.0,129,0.279,-4.8384,-624.15,1h,holdout,0.525,183
8.0,1.5,129,0.233,-6.05,-780.45,1h,holdout,0.525,183
8.0,2.0,129,0.217,-7.0442,-908.7,1h,holdout,0.525,183
10.0,0.25,129,0.488,-1.6991,-219.19,1h,holdout,0.525,183
10.0,0.5,129,0.38,-2.782,-358.88,1h,holdout,0.525,183
10.0,0.75,129,0.318,-3.7619,-485.29,1h,holdout,0.525,183
10.0,1.0,129,0.271,-4.3318,-558.81,1h,holdout,0.525,183
10.0,1.5,129,0.225,-5.4619,-704.59,1h,holdout,0.525,183
10.0,2.0,129,0.202,-6.4066,-826.46,1h,holdout,0.525,183
12.0,0.25,129,0.488,-1.7374,-224.13,1h,holdout,0.525,183
12.0,0.5,129,0.372,-2.7928,-360.27,1h,holdout,0.525,183
12.0,0.75,129,0.31,-3.9066,-503.95,1h,holdout,0.525,183
12.0,1.0,129,0.256,-4.4981,-580.26,1h,holdout,0.525,183
12.0,1.5,129,0.209,-5.5802,-719.85,1h,holdout,0.525,183
12.0,2.0,129,0.186,-6.639,-856.44,1h,holdout,0.525,183
15.0,0.25,129,0.488,-1.7474,-225.42,1h,holdout,0.525,183
15.0,0.5,129,0.372,-2.8177,-363.49,1h,holdout,0.525,183
15.0,0.75,129,0.31,-3.923,-506.06,1h,holdout,0.525,183
15.0,1.0,129,0.256,-4.4858,-578.67,1h,holdout,0.525,183
15.0,1.5,129,0.209,-5.4724,-705.94,1h,holdout,0.525,183
15.0,2.0,129,0.186,-6.4111,-827.03,1h,holdout,0.525,183
20.0,0.25,129,0.488,-1.7411,-224.61,1h,holdout,0.525,183
20.0,0.5,129,0.372,-2.7754,-358.02,1h,holdout,0.525,183
20.0,0.75,129,0.31,-3.8205,-492.85,1h,holdout,0.525,183
20.0,1.0,129,0.256,-4.3599,-562.43,1h,holdout,0.525,183
20.0,1.5,129,0.209,-5.4523,-703.34,1h,holdout,0.525,183
20.0,2.0,129,0.186,-6.3754,-822.43,1h,holdout,0.525,183
5.0,0.25,129,0.496,-1.8112,-233.65,1h,holdout,0.55,183
5.0,0.5,129,0.411,-3.4823,-449.22,1h,holdout,0.55,183
5.0,0.75,129,0.364,-4.5857,-591.55,1h,holdout,0.55,183
5.0,1.0,129,0.333,-5.3943,-695.87,1h,holdout,0.55,183
5.0,1.5,129,0.279,-6.6837,-862.2,1h,holdout,0.55,183
5.0,2.0,129,0.264,-7.7501,-999.76,1h,holdout,0.55,183
6.0,0.25,129,0.496,-1.5009,-193.62,1h,holdout,0.55,183
6.0,0.5,129,0.411,-2.7659,-356.81,1h,holdout,0.55,183
6.0,0.75,129,0.357,-4.1123,-530.49,1h,holdout,0.55,183
6.0,1.0,129,0.318,-4.9443,-637.82,1h,holdout,0.55,183
6.0,1.5,129,0.256,-6.2296,-803.62,1h,holdout,0.55,183
6.0,2.0,129,0.233,-7.2782,-938.89,1h,holdout,0.55,183
7.0,0.25,129,0.488,-1.7806,-229.7,1h,holdout,0.55,183
7.0,0.5,129,0.388,-3.01,-388.29,1h,holdout,0.55,183
7.0,0.75,129,0.333,-4.3212,-557.43,1h,holdout,0.55,183
7.0,1.0,129,0.295,-5.1143,-659.75,1h,holdout,0.55,183
7.0,1.5,129,0.24,-6.3364,-817.4,1h,holdout,0.55,183
7.0,2.0,129,0.225,-7.3427,-947.21,1h,holdout,0.55,183
8.0,0.25,129,0.488,-1.721,-222.01,1h,holdout,0.55,183
8.0,0.5,129,0.388,-2.9739,-383.64,1h,holdout,0.55,183
8.0,0.75,129,0.326,-4.1106,-530.27,1h,holdout,0.55,183
8.0,1.0,129,0.287,-4.7748,-615.95,1h,holdout,0.55,183
8.0,1.5,129,0.233,-5.9911,-772.86,1h,holdout,0.55,183
8.0,2.0,129,0.217,-6.9867,-901.28,1h,holdout,0.55,183
10.0,0.25,129,0.488,-1.5854,-204.52,1h,holdout,0.55,183
10.0,0.5,129,0.388,-2.6631,-343.54,1h,holdout,0.55,183
10.0,0.75,129,0.326,-3.6577,-471.84,1h,holdout,0.55,183
10.0,1.0,129,0.279,-4.2433,-547.39,1h,holdout,0.55,183
10.0,1.5,129,0.225,-5.385,-694.66,1h,holdout,0.55,183
10.0,2.0,129,0.202,-6.3397,-817.82,1h,holdout,0.55,183
12.0,0.25,129,0.488,-1.6235,-209.43,1h,holdout,0.55,183
12.0,0.5,129,0.38,-2.6706,-344.51,1h,holdout,0.55,183
12.0,0.75,129,0.318,-3.7855,-488.33,1h,holdout,0.55,183
12.0,1.0,129,0.264,-4.3822,-565.31,1h,holdout,0.55,183
12.0,1.5,129,0.209,-5.4586,-704.16,1h,holdout,0.55,183
12.0,2.0,129,0.186,-6.3855,-823.73,1h,holdout,0.55,183
15.0,0.25,129,0.488,-1.6334,-210.71,1h,holdout,0.55,183
15.0,0.5,129,0.38,-2.6956,-347.73,1h,holdout,0.55,183
15.0,0.75,129,0.318,-3.802,-490.45,1h,holdout,0.55,183
15.0,1.0,129,0.264,-4.3669,-563.33,1h,holdout,0.55,183
15.0,1.5,129,0.209,-5.3483,-689.93,1h,holdout,0.55,183
15.0,2.0,129,0.186,-6.3007,-812.79,1h,holdout,0.55,183
20.0,0.25,129,0.488,-1.6272,-209.91,1h,holdout,0.55,183
20.0,0.5,129,0.38,-2.6534,-342.29,1h,holdout,0.55,183
20.0,0.75,129,0.318,-3.7036,-477.76,1h,holdout,0.55,183
20.0,1.0,129,0.264,-4.2518,-548.48,1h,holdout,0.55,183
20.0,1.5,129,0.209,-5.3481,-689.91,1h,holdout,0.55,183
20.0,2.0,129,0.186,-6.2803,-810.16,1h,holdout,0.55,183
5.0,0.25,127,0.496,-1.0473,-133.01,1h,holdout,0.575,183
5.0,0.5,127,0.417,-2.7403,-348.01,1h,holdout,0.575,183
5.0,0.75,127,0.362,-3.84,-487.68,1h,holdout,0.575,183
5.0,1.0,127,0.331,-4.6542,-591.08,1h,holdout,0.575,183
5.0,1.5,127,0.276,-5.9528,-756.01,1h,holdout,0.575,183
5.0,2.0,127,0.276,-7.0237,-892.01,1h,holdout,0.575,183
6.0,0.25,127,0.496,-0.7154,-90.85,1h,holdout,0.575,183
6.0,0.5,127,0.417,-2.0514,-260.53,1h,holdout,0.575,183
6.0,0.75,127,0.354,-3.4202,-434.36,1h,holdout,0.575,183
6.0,1.0,127,0.315,-4.2701,-542.3,1h,holdout,0.575,183
6.0,1.5,127,0.252,-5.5767,-708.24,1h,holdout,0.575,183
6.0,2.0,127,0.236,-6.6377,-842.98,1h,holdout,0.575,183
7.0,0.25,127,0.488,-1.0535,-133.8,1h,holdout,0.575,183
7.0,0.5,127,0.394,-2.397,-304.42,1h,holdout,0.575,183
7.0,0.75,127,0.331,-3.7552,-476.92,1h,holdout,0.575,183
7.0,1.0,127,0.291,-4.5836,-582.11,1h,holdout,0.575,183
7.0,1.5,127,0.236,-5.8519,-743.19,1h,holdout,0.575,183
7.0,2.0,127,0.22,-6.8843,-874.3,1h,holdout,0.575,183
8.0,0.25,127,0.488,-1.0143,-128.82,1h,holdout,0.575,183
8.0,0.5,127,0.394,-2.3164,-294.19,1h,holdout,0.575,183
8.0,0.75,127,0.331,-3.5214,-447.22,1h,holdout,0.575,183
8.0,1.0,127,0.291,-4.2388,-538.33,1h,holdout,0.575,183
8.0,1.5,127,0.236,-5.5197,-701.01,1h,holdout,0.575,183
8.0,2.0,127,0.22,-6.5565,-832.67,1h,holdout,0.575,183
10.0,0.25,127,0.488,-0.8562,-108.74,1h,holdout,0.575,183
10.0,0.5,127,0.394,-2.046,-259.84,1h,holdout,0.575,183
10.0,0.75,127,0.323,-3.1016,-393.9,1h,holdout,0.575,183
10.0,1.0,127,0.276,-3.7233,-472.85,1h,holdout,0.575,183
10.0,1.5,127,0.22,-4.9137,-624.04,1h,holdout,0.575,183
10.0,2.0,127,0.197,-5.9149,-751.19,1h,holdout,0.575,183
12.0,0.25,127,0.488,-0.8414,-106.86,1h,holdout,0.575,183
12.0,0.5,127,0.386,-2.0032,-254.4,1h,holdout,0.575,183
12.0,0.75,127,0.315,-2.9718,-377.41,1h,holdout,0.575,183
12.0,1.0,127,0.268,-3.6104,-458.52,1h,holdout,0.575,183
12.0,1.5,127,0.213,-4.7213,-599.6,1h,holdout,0.575,183
12.0,2.0,127,0.189,-5.6616,-719.02,1h,holdout,0.575,183
15.0,0.25,127,0.488,-0.9048,-114.92,1h,holdout,0.575,183
15.0,0.5,127,0.386,-2.0865,-264.98,1h,holdout,0.575,183
15.0,0.75,127,0.315,-3.2508,-412.85,1h,holdout,0.575,183
15.0,1.0,127,0.26,-3.8633,-490.64,1h,holdout,0.575,183
15.0,1.5,127,0.205,-4.9101,-623.58,1h,holdout,0.575,183
15.0,2.0,127,0.181,-5.9096,-750.52,1h,holdout,0.575,183
20.0,0.25,127,0.488,-0.8985,-114.11,1h,holdout,0.575,183
20.0,0.5,127,0.386,-2.0437,-259.55,1h,holdout,0.575,183
20.0,0.75,127,0.315,-3.1504,-400.1,1h,holdout,0.575,183
20.0,1.0,127,0.26,-3.7389,-474.84,1h,holdout,0.575,183
20.0,1.5,127,0.205,-4.8791,-619.65,1h,holdout,0.575,183
20.0,2.0,127,0.181,-5.8443,-742.23,1h,holdout,0.575,183
5.0,0.25,127,0.488,-1.3962,-177.32,1h,holdout,0.6,183
5.0,0.5,127,0.409,-3.0414,-386.26,1h,holdout,0.6,183
5.0,0.75,127,0.362,-4.0649,-516.24,1h,holdout,0.6,183
5.0,1.0,127,0.331,-4.8582,-616.99,1h,holdout,0.6,183
5.0,1.5,127,0.276,-6.1513,-781.22,1h,holdout,0.6,183
5.0,2.0,127,0.276,-7.2309,-918.33,1h,holdout,0.6,183
6.0,0.25,127,0.488,-1.033,-131.19,1h,holdout,0.6,183
6.0,0.5,127,0.409,-2.4665,-313.24,1h,holdout,0.6,183
6.0,0.75,127,0.354,-3.7576,-477.21,1h,holdout,0.6,183
6.0,1.0,127,0.307,-4.5951,-583.57,1h,holdout,0.6,183
6.0,1.5,127,0.252,-5.8943,-748.57,1h,holdout,0.6,183
6.0,2.0,127,0.236,-6.951,-882.78,1h,holdout,0.6,183
7.0,0.25,127,0.488,-0.995,-126.37,1h,holdout,0.6,183
7.0,0.5,127,0.394,-2.3372,-296.82,1h,holdout,0.6,183
7.0,0.75,127,0.339,-3.5841,-455.18,1h,holdout,0.6,183
7.0,1.0,127,0.291,-4.3974,-558.47,1h,holdout,0.6,183
7.0,1.5,127,0.244,-5.6696,-720.04,1h,holdout,0.6,183
7.0,2.0,127,0.228,-6.7111,-852.31,1h,holdout,0.6,183
8.0,0.25,127,0.48,-1.245,-158.12,1h,holdout,0.6,183
8.0,0.5,127,0.386,-2.5664,-325.93,1h,holdout,0.6,183
8.0,0.75,127,0.331,-3.6797,-467.32,1h,holdout,0.6,183
8.0,1.0,127,0.283,-4.3756,-555.7,1h,holdout,0.6,183
8.0,1.5,127,0.236,-5.4732,-695.1,1h,holdout,0.6,183
8.0,2.0,127,0.22,-6.4202,-815.37,1h,holdout,0.6,183
10.0,0.25,127,0.48,-1.0786,-136.98,1h,holdout,0.6,183
10.0,0.5,127,0.386,-2.3,-292.11,1h,holdout,0.6,183
10.0,0.75,127,0.323,-3.249,-412.63,1h,holdout,0.6,183
10.0,1.0,127,0.268,-3.8547,-489.55,1h,holdout,0.6,183
10.0,1.5,127,0.22,-5.05,-641.35,1h,holdout,0.6,183
10.0,2.0,127,0.197,-6.0541,-768.88,1h,holdout,0.6,183
12.0,0.25,127,0.48,-1.0638,-135.1,1h,holdout,0.6,183
12.0,0.5,127,0.378,-2.254,-286.26,1h,holdout,0.6,183
12.0,0.75,127,0.315,-3.0988,-393.54,1h,holdout,0.6,183
12.0,1.0,127,0.26,-3.6965,-469.45,1h,holdout,0.6,183
12.0,1.5,127,0.213,-4.8248,-612.75,1h,holdout,0.6,183
12.0,2.0,127,0.189,-5.7834,-734.49,1h,holdout,0.6,183
15.0,0.25,127,0.48,-1.0739,-136.39,1h,holdout,0.6,183
15.0,0.5,127,0.378,-2.2809,-289.68,1h,holdout,0.6,183
15.0,0.75,127,0.315,-3.3204,-421.69,1h,holdout,0.6,183
15.0,1.0,127,0.252,-3.8937,-494.51,1h,holdout,0.6,183
15.0,1.5,127,0.205,-5.0305,-638.88,1h,holdout,0.6,183
15.0,2.0,127,0.181,-5.9863,-760.26,1h,holdout,0.6,183
20.0,0.25,127,0.48,-1.0676,-135.59,1h,holdout,0.6,183
20.0,0.5,127,0.378,-2.2381,-284.23,1h,holdout,0.6,183
20.0,0.75,127,0.315,-3.2164,-408.48,1h,holdout,0.6,183
20.0,1.0,127,0.252,-3.7605,-477.59,1h,holdout,0.6,183
20.0,1.5,127,0.205,-4.9544,-629.21,1h,holdout,0.6,183
20.0,2.0,127,0.181,-5.8375,-741.37,1h,holdout,0.6,183
5.0,0.25,127,0.496,-0.9842,-125.0,1h,holdout,0.625,183
5.0,0.5,127,0.417,-2.6267,-333.59,1h,holdout,0.625,183
5.0,0.75,127,0.37,-3.5706,-453.46,1h,holdout,0.625,183
5.0,1.0,127,0.339,-4.3835,-556.71,1h,holdout,0.625,183
5.0,1.5,127,0.291,-5.6879,-722.37,1h,holdout,0.625,183
5.0,2.0,127,0.283,-6.7727,-860.13,1h,holdout,0.625,183
6.0,0.25,127,0.488,-0.8866,-112.6,1h,holdout,0.625,183
6.0,0.5,127,0.409,-2.1327,-270.86,1h,holdout,0.625,183
6.0,0.75,127,0.362,-3.3364,-423.72,1h,holdout,0.625,183
6.0,1.0,127,0.323,-4.1621,-528.58,1h,holdout,0.625,183
6.0,1.5,127,0.26,-5.5247,-701.64,1h,holdout,0.625,183
6.0,2.0,127,0.244,-6.64,-843.29,1h,holdout,0.625,183
7.0,0.25,127,0.488,-0.8478,-107.67,1h,holdout,0.625,183
7.0,0.5,127,0.394,-2.1058,-267.44,1h,holdout,0.625,183
7.0,0.75,127,0.346,-3.2854,-417.25,1h,holdout,0.625,183
7.0,1.0,127,0.307,-4.094,-519.93,1h,holdout,0.625,183
7.0,1.5,127,0.244,-5.4346,-690.19,1h,holdout,0.625,183
7.0,2.0,127,0.228,-6.5286,-829.13,1h,holdout,0.625,183
8.0,0.25,127,0.48,-1.0944,-138.98,1h,holdout,0.625,183
8.0,0.5,127,0.386,-2.3106,-293.45,1h,holdout,0.625,183
8.0,0.75,127,0.339,-3.3511,-425.59,1h,holdout,0.625,183
8.0,1.0,127,0.299,-4.046,-513.85,1h,holdout,0.625,183
8.0,1.5,127,0.236,-5.2234,-663.38,1h,holdout,0.625,183
8.0,2.0,127,0.22,-6.2306,-791.29,1h,holdout,0.625,183
10.0,0.25,127,0.48,-0.929,-117.99,1h,holdout,0.625,183
10.0,0.5,127,0.386,-2.0597,-261.58,1h,holdout,0.625,183
10.0,0.75,127,0.331,-2.9556,-375.35,1h,holdout,0.625,183
10.0,1.0,127,0.283,-3.5708,-453.49,1h,holdout,0.625,183
10.0,1.5,127,0.22,-4.8572,-616.87,1h,holdout,0.625,183
10.0,2.0,127,0.197,-5.9362,-753.9,1h,holdout,0.625,183
12.0,0.25,127,0.48,-0.9306,-118.19,1h,holdout,0.625,183
12.0,0.5,127,0.378,-2.0365,-258.64,1h,holdout,0.625,183
12.0,0.75,127,0.323,-2.845,-361.31,1h,holdout,0.625,183
12.0,1.0,127,0.276,-3.3871,-430.16,1h,holdout,0.625,183
12.0,1.5,127,0.213,-4.5498,-577.82,1h,holdout,0.625,183
12.0,2.0,127,0.189,-5.5452,-704.24,1h,holdout,0.625,183
15.0,0.25,127,0.48,-0.9242,-117.37,1h,holdout,0.625,183
15.0,0.5,127,0.378,-2.0265,-257.37,1h,holdout,0.625,183
15.0,0.75,127,0.323,-2.9927,-380.08,1h,holdout,0.625,183
15.0,1.0,127,0.268,-3.5704,-453.44,1h,holdout,0.625,183
15.0,1.5,127,0.205,-4.7987,-609.43,1h,holdout,0.625,183
15.0,2.0,127,0.181,-5.8414,-741.86,1h,holdout,0.625,183
20.0,0.25,127,0.48,-0.9179,-116.57,1h,holdout,0.625,183
20.0,0.5,127,0.378,-1.9837,-251.93,1h,holdout,0.625,183
20.0,0.75,127,0.323,-2.8893,-366.94,1h,holdout,0.625,183
20.0,1.0,127,0.268,-3.4315,-435.8,1h,holdout,0.625,183
20.0,1.5,127,0.205,-4.4443,-564.42,1h,holdout,0.625,183
20.0,2.0,127,0.181,-5.2627,-668.36,1h,holdout,0.625,183
5.0,0.25,125,0.512,-0.7726,-96.58,1h,holdout,0.65,183
5.0,0.5,125,0.424,-2.3863,-298.29,1h,holdout,0.65,183
5.0,0.75,125,0.376,-3.3138,-414.22,1h,holdout,0.65,183
5.0,1.0,125,0.344,-4.1183,-514.79,1h,holdout,0.65,183
5.0,1.5,125,0.312,-5.421,-677.62,1h,holdout,0.65,183
5.0,2.0,125,0.288,-6.5122,-814.02,1h,holdout,0.65,183
6.0,0.25,125,0.504,-0.8334,-104.17,1h,holdout,0.65,183
6.0,0.5,125,0.416,-2.2723,-284.03,1h,holdout,0.65,183
6.0,0.75,125,0.368,-3.4649,-433.11,1h,holdout,0.65,183
6.0,1.0,125,0.328,-4.3332,-541.65,1h,holdout,0.65,183
6.0,1.5,125,0.28,-5.6632,-707.9,1h,holdout,0.65,183
6.0,2.0,125,0.256,-6.7451,-843.14,1h,holdout,0.65,183
7.0,0.25,125,0.504,-0.6028,-75.35,1h,holdout,0.65,183
7.0,0.5,125,0.4,-1.8403,-230.04,1h,holdout,0.65,183
7.0,0.75,125,0.352,-3.0219,-377.74,1h,holdout,0.65,183
7.0,1.0,125,0.312,-3.8304,-478.8,1h,holdout,0.65,183
7.0,1.5,125,0.264,-5.1716,-646.45,1h,holdout,0.65,183
7.0,2.0,125,0.232,-6.2665,-783.31,1h,holdout,0.65,183
8.0,0.25,125,0.496,-0.8572,-107.15,1h,holdout,0.65,183
8.0,0.5,125,0.392,-2.0601,-257.52,1h,holdout,0.65,183
8.0,0.75,125,0.344,-3.1303,-391.28,1h,holdout,0.65,183
8.0,1.0,125,0.304,-3.8559,-481.99,1h,holdout,0.65,183
8.0,1.5,125,0.256,-5.0817,-635.21,1h,holdout,0.65,183
8.0,2.0,125,0.224,-6.1238,-765.48,1h,holdout,0.65,183
10.0,0.25,125,0.496,-0.7147,-89.34,1h,holdout,0.65,183
10.0,0.5,125,0.392,-1.8757,-234.47,1h,holdout,0.65,183
10.0,0.75,125,0.336,-2.7948,-349.35,1h,holdout,0.65,183
10.0,1.0,125,0.288,-3.4467,-430.84,1h,holdout,0.65,183
10.0,1.5,125,0.24,-4.7734,-596.67,1h,holdout,0.65,183
10.0,2.0,125,0.2,-5.864,-733.0,1h,holdout,0.65,183
12.0,0.25,125,0.496,-0.6843,-85.54,1h,holdout,0.65,183
12.0,0.5,125,0.384,-1.7696,-221.2,1h,holdout,0.65,183
12.0,0.75,125,0.328,-2.5773,-322.16,1h,holdout,0.65,183
12.0,1.0,125,0.28,-3.1175,-389.68,1h,holdout,0.65,183
12.0,1.5,125,0.232,-4.285,-535.62,1h,holdout,0.65,183
12.0,2.0,125,0.192,-5.2811,-660.13,1h,holdout,0.65,183
15.0,0.25,125,0.496,-0.6778,-84.72,1h,holdout,0.65,183
15.0,0.5,125,0.384,-1.7597,-219.96,1h,holdout,0.65,183
15.0,0.75,125,0.328,-2.7263,-340.78,1h,holdout,0.65,183
15.0,1.0,125,0.272,-3.3015,-412.68,1h,holdout,0.65,183
15.0,1.5,125,0.224,-4.5231,-565.39,1h,holdout,0.65,183
15.0,2.0,125,0.184,-5.567,-695.88,1h,holdout,0.65,183
20.0,0.25,125,0.496,-0.6714,-83.92,1h,holdout,0.65,183
20.0,0.5,125,0.384,-1.7162,-214.53,1h,holdout,0.65,183
20.0,0.75,125,0.328,-2.6224,-327.8,1h,holdout,0.65,183
20.0,1.0,125,0.272,-3.1652,-395.65,1h,holdout,0.65,183
20.0,1.5,125,0.224,-4.177,-522.13,1h,holdout,0.65,183
20.0,2.0,125,0.184,-5.0077,-625.96,1h,holdout,0.65,183
5.0,0.25,124,0.5,-0.9033,-112.01,1h,holdout,0.675,183
5.0,0.5,124,0.411,-2.5689,-318.55,1h,holdout,0.675,183
5.0,0.75,124,0.371,-3.5112,-435.39,1h,holdout,0.675,183
5.0,1.0,124,0.339,-4.3166,-535.26,1h,holdout,0.675,183
5.0,1.5,124,0.306,-5.6176,-696.58,1h,holdout,0.675,183
5.0,2.0,124,0.282,-6.7075,-831.74,1h,holdout,0.675,183
6.0,0.25,124,0.492,-0.9195,-114.02,1h,holdout,0.675,183
6.0,0.5,124,0.403,-2.3377,-289.88,1h,holdout,0.675,183
6.0,0.75,124,0.363,-3.5294,-437.64,1h,holdout,0.675,183
6.0,1.0,124,0.323,-4.3969,-545.21,1h,holdout,0.675,183
6.0,1.5,124,0.274,-5.7265,-710.09,1h,holdout,0.675,183
6.0,2.0,124,0.25,-6.8087,-844.28,1h,holdout,0.675,183
7.0,0.25,124,0.492,-0.7221,-89.55,1h,holdout,0.675,183
7.0,0.5,124,0.387,-1.9915,-246.95,1h,holdout,0.675,183
7.0,0.75,124,0.347,-3.1931,-395.94,1h,holdout,0.675,183
7.0,1.0,124,0.306,-4.0114,-497.42,1h,holdout,0.675,183
7.0,1.5,124,0.258,-5.3651,-665.27,1h,holdout,0.675,183
7.0,2.0,124,0.226,-6.4754,-802.94,1h,holdout,0.675,183
8.0,0.25,124,0.492,-0.7018,-87.03,1h,holdout,0.675,183
8.0,0.5,124,0.387,-1.9039,-236.09,1h,holdout,0.675,183
8.0,0.75,124,0.347,-2.9682,-368.05,1h,holdout,0.675,183
8.0,1.0,124,0.306,-3.6879,-457.3,1h,holdout,0.675,183
8.0,1.5,124,0.258,-4.9066,-608.42,1h,holdout,0.675,183
8.0,2.0,124,0.226,-5.9456,-737.25,1h,holdout,0.675,183
10.0,0.25,124,0.484,-0.8318,-103.14,1h,holdout,0.675,183
10.0,0.5,124,0.379,-2.0585,-255.26,1h,holdout,0.675,183
10.0,0.75,124,0.331,-3.0595,-379.37,1h,holdout,0.675,183
10.0,1.0,124,0.282,-3.7489,-464.86,1h,holdout,0.675,183
10.0,1.5,124,0.234,-5.0732,-629.07,1h,holdout,0.675,183
10.0,2.0,124,0.194,-6.1595,-763.77,1h,holdout,0.675,183
12.0,0.25,124,0.484,-0.7864,-97.51,1h,holdout,0.675,183
12.0,0.5,124,0.371,-1.8927,-234.7,1h,holdout,0.675,183
12.0,0.75,124,0.323,-2.7357,-339.22,1h,holdout,0.675,183
12.0,1.0,124,0.274,-3.3045,-409.76,1h,holdout,0.675,183
12.0,1.5,124,0.226,-4.5102,-559.26,1h,holdout,0.675,183
12.0,2.0,124,0.185,-5.5459,-687.69,1h,holdout,0.675,183
15.0,0.25,124,0.484,-0.7794,-96.64,1h,holdout,0.675,183
15.0,0.5,124,0.371,-1.8819,-233.36,1h,holdout,0.675,183
15.0,0.75,124,0.323,-2.8796,-357.07,1h,holdout,0.675,183
15.0,1.0,124,0.266,-3.4749,-430.89,1h,holdout,0.675,183
15.0,1.5,124,0.218,-4.5822,-568.19,1h,holdout,0.675,183
15.0,2.0,124,0.177,-5.5433,-687.36,1h,holdout,0.675,183
20.0,0.25,124,0.484,-0.7729,-95.84,1h,holdout,0.675,183
20.0,0.5,124,0.371,-1.8385,-227.97,1h,holdout,0.675,183
20.0,0.75,124,0.323,-2.7779,-344.46,1h,holdout,0.675,183
20.0,1.0,124,0.266,-3.3495,-415.34,1h,holdout,0.675,183
20.0,1.5,124,0.218,-4.4018,-545.83,1h,holdout,0.675,183
20.0,2.0,124,0.177,-5.2658,-652.96,1h,holdout,0.675,183
5.0,0.25,122,0.484,-1.5167,-185.04,1h,holdout,0.7,183
5.0,0.5,122,0.41,-3.0448,-371.46,1h,holdout,0.7,183
5.0,0.75,122,0.369,-3.9998,-487.97,1h,holdout,0.7,183
5.0,1.0,122,0.344,-4.8231,-588.41,1h,holdout,0.7,183
5.0,1.5,122,0.303,-6.1515,-750.48,1h,holdout,0.7,183
5.0,2.0,122,0.279,-7.2564,-885.28,1h,holdout,0.7,183
6.0,0.25,122,0.467,-1.7383,-212.07,1h,holdout,0.7,183
6.0,0.5,122,0.393,-3.0594,-373.24,1h,holdout,0.7,183
6.0,0.75,122,0.352,-4.0569,-494.94,1h,holdout,0.7,183
6.0,1.0,122,0.32,-4.9128,-599.37,1h,holdout,0.7,183
6.0,1.5,122,0.279,-6.2761,-765.69,1h,holdout,0.7,183
6.0,2.0,122,0.254,-7.4001,-902.81,1h,holdout,0.7,183
7.0,0.25,122,0.467,-1.5573,-189.99,1h,holdout,0.7,183
7.0,0.5,122,0.377,-2.5852,-315.4,1h,holdout,0.7,183
7.0,0.75,122,0.336,-3.7833,-461.57,1h,holdout,0.7,183
7.0,1.0,122,0.303,-4.6178,-563.37,1h,holdout,0.7,183
7.0,1.5,122,0.254,-6.01,-733.23,1h,holdout,0.7,183
7.0,2.0,122,0.221,-7.1503,-872.33,1h,holdout,0.7,183
8.0,0.25,122,0.467,-1.5201,-185.45,1h,holdout,0.7,183
8.0,0.5,122,0.377,-2.5916,-316.17,1h,holdout,0.7,183
8.0,0.75,122,0.336,-3.688,-449.94,1h,holdout,0.7,183
8.0,1.0,122,0.303,-4.4312,-540.6,1h,holdout,0.7,183
8.0,1.5,122,0.246,-5.6899,-694.17,1h,holdout,0.7,183
8.0,2.0,122,0.213,-6.7641,-825.22,1h,holdout,0.7,183
10.0,0.25,122,0.459,-1.6783,-204.75,1h,holdout,0.7,183
10.0,0.5,122,0.369,-2.6554,-323.95,1h,holdout,0.7,183
10.0,0.75,122,0.328,-3.6789,-448.83,1h,holdout,0.7,183
10.0,1.0,122,0.287,-4.3986,-536.63,1h,holdout,0.7,183
10.0,1.5,122,0.23,-5.6152,-685.06,1h,holdout,0.7,183
10.0,2.0,122,0.189,-6.6579,-812.26,1h,holdout,0.7,183
12.0,0.25,122,0.459,-1.6033,-195.61,1h,holdout,0.7,183
12.0,0.5,122,0.361,-2.5676,-313.24,1h,holdout,0.7,183
12.0,0.75,122,0.311,-3.4758,-424.05,1h,holdout,0.7,183
12.0,1.0,122,0.27,-4.1096,-501.37,1h,holdout,0.7,183
12.0,1.5,122,0.213,-5.4311,-662.6,1h,holdout,0.7,183
12.0,2.0,122,0.172,-6.5359,-797.38,1h,holdout,0.7,183
15.0,0.25,122,0.459,-1.5962,-194.73,1h,holdout,0.7,183
15.0,0.5,122,0.361,-2.5477,-310.82,1h,holdout,0.7,183
15.0,0.75,122,0.311,-3.5858,-437.46,1h,holdout,0.7,183
15.0,1.0,122,0.262,-4.2207,-514.93,1h,holdout,0.7,183
15.0,1.5,122,0.205,-5.4029,-659.15,1h,holdout,0.7,183
15.0,2.0,122,0.164,-6.4135,-782.45,1h,holdout,0.7,183
20.0,0.25,122,0.459,-1.5896,-193.94,1h,holdout,0.7,183
20.0,0.5,122,0.361,-2.5036,-305.43,1h,holdout,0.7,183
20.0,0.75,122,0.311,-3.4835,-424.99,1h,holdout,0.7,183
20.0,1.0,122,0.262,-4.0963,-499.75,1h,holdout,0.7,183
20.0,1.5,122,0.205,-5.0913,-621.14,1h,holdout,0.7,183
20.0,2.0,122,0.164,-5.9057,-720.49,1h,holdout,0.7,183
