r_target,expiry_days,n,win_rate,avg_gross,avg_net,total_net,tf,split,depth_frac,n_zones
1.5,0.25,6013,0.443,0.5458,-0.8129,-4887.78,5m,train,0.3,8347
1.5,0.5,6013,0.433,0.455,-0.9049,-5441.3,5m,train,0.3,8347
1.5,0.75,6013,0.429,0.4204,-0.9396,-5649.56,5m,train,0.3,8347
1.5,1.0,6013,0.428,0.4007,-0.9593,-5768.13,5m,train,0.3,8347
1.5,1.5,6013,0.427,0.3779,-0.9821,-5905.18,5m,train,0.3,8347
1.5,2.0,6013,0.427,0.3645,-0.9954,-5985.54,5m,train,0.3,8347
2.0,0.25,6013,0.396,0.6431,-0.7124,-4283.44,5m,train,0.3,8347
2.0,0.5,6013,0.381,0.4993,-0.8606,-5174.61,5m,train,0.3,8347
2.0,0.75,6013,0.376,0.4457,-0.9142,-5497.29,5m,train,0.3,8347
2.0,1.0,6013,0.375,0.4161,-0.9439,-5675.78,5m,train,0.3,8347
2.0,1.5,6013,0.372,0.3821,-0.9779,-5880.19,5m,train,0.3,8347
2.0,2.0,6013,0.372,0.3622,-0.9977,-5999.39,5m,train,0.3,8347
2.5,0.25,6013,0.363,0.7488,-0.6013,-3615.91,5m,train,0.3,8347
2.5,0.5,6013,0.341,0.5597,-0.7998,-4809.3,5m,train,0.3,8347
2.5,0.75,6013,0.335,0.4891,-0.8708,-5235.96,5m,train,0.3,8347
2.5,1.0,6013,0.332,0.4501,-0.9097,-5470.24,5m,train,0.3,8347
2.5,1.5,6013,0.329,0.4035,-0.9565,-5751.45,5m,train,0.3,8347
2.5,2.0,6013,0.328,0.3768,-0.9831,-5911.66,5m,train,0.3,8347
3.0,0.25,6013,0.338,0.8331,-0.5104,-3069.16,5m,train,0.3,8347
3.0,0.5,6013,0.314,0.6157,-0.7431,-4468.32,5m,train,0.3,8347
3.0,0.75,6013,0.306,0.527,-0.8329,-5007.96,5m,train,0.3,8347
3.0,1.0,6013,0.302,0.4808,-0.8791,-5285.92,5m,train,0.3,8347
3.0,1.5,6013,0.298,0.4262,-0.9338,-5615.06,5m,train,0.3,8347
3.0,2.0,6013,0.296,0.395,-0.965,-5802.45,5m,train,0.3,8347
3.5,0.25,6013,0.323,0.924,-0.4107,-2469.38,5m,train,0.3,8347
3.5,0.5,6013,0.295,0.6867,-0.671,-4034.82,5m,train,0.3,8347
3.5,0.75,6013,0.285,0.5826,-0.7771,-4672.55,5m,train,0.3,8347
3.5,1.0,6013,0.279,0.5278,-0.832,-5002.81,5m,train,0.3,8347
3.5,1.5,6013,0.273,0.4635,-0.8965,-5390.9,5m,train,0.3,8347
3.5,2.0,6013,0.272,0.427,-0.933,-5610.23,5m,train,0.3,8347
4.0,0.25,6013,0.313,1.0135,-0.3105,-1867.29,5m,train,0.3,8347
4.0,0.5,6013,0.283,0.7704,-0.5846,-3515.31,5m,train,0.3,8347
4.0,0.75,6013,0.271,0.6564,-0.7024,-4223.78,5m,train,0.3,8347
4.0,1.0,6013,0.264,0.5947,-0.7648,-4598.66,5m,train,0.3,8347
4.0,1.5,6013,0.256,0.5207,-0.8392,-5046.05,5m,train,0.3,8347
4.0,2.0,6013,0.253,0.4753,-0.8847,-5319.56,5m,train,0.3,8347
4.5,0.25,6013,0.306,1.0812,-0.2333,-1402.94,5m,train,0.3,8347
4.5,0.5,6013,0.273,0.847,-0.505,-3036.77,5m,train,0.3,8347
4.5,0.75,6013,0.26,0.7238,-0.6341,-3812.81,5m,train,0.3,8347
4.5,1.0,6013,0.252,0.6527,-0.7064,-4247.37,5m,train,0.3,8347
4.5,1.5,6013,0.243,0.5684,-0.7912,-4757.78,5m,train,0.3,8347
4.5,2.0,6013,0.24,0.5179,-0.842,-5063.08,5m,train,0.3,8347
5.0,0.25,6013,0.302,1.149,-0.1559,-937.21,5m,train,0.3,8347
5.0,0.5,6013,0.267,0.9231,-0.4255,-2558.78,5m,train,0.3,8347
5.0,0.75,6013,0.252,0.7926,-0.5639,-3390.91,5m,train,0.3,8347
5.0,1.0,6013,0.244,0.7165,-0.6419,-3859.71,5m,train,0.3,8347
5.0,1.5,6013,0.233,0.6229,-0.7367,-4429.89,5m,train,0.3,8347
5.0,2.0,6013,0.229,0.5671,-0.7927,-4766.79,5m,train,0.3,8347
1.5,0.25,6001,0.442,0.5277,-0.8306,-4984.59,5m,train,0.325,8347
1.5,0.5,6001,0.433,0.4412,-0.9183,-5510.75,5m,train,0.325,8347
1.5,0.75,6001,0.429,0.4077,-0.9519,-5712.08,5m,train,0.325,8347
1.5,1.0,6001,0.428,0.3885,-0.971,-5827.02,5m,train,0.325,8347
1.5,1.5,6001,0.427,0.3663,-0.9932,-5960.13,5m,train,0.325,8347
1.5,2.0,6001,0.427,0.3533,-1.0062,-6038.32,5m,train,0.325,8347
2.0,0.25,6001,0.396,0.6251,-0.7302,-4381.88,5m,train,0.325,8347
2.0,0.5,6001,0.382,0.4848,-0.8746,-5248.56,5m,train,0.325,8347
2.0,0.75,6001,0.376,0.4327,-0.9268,-5561.88,5m,train,0.325,8347
2.0,1.0,6001,0.375,0.4038,-0.9558,-5735.46,5m,train,0.325,8347
2.0,1.5,6001,0.372,0.3706,-0.9889,-5934.43,5m,train,0.325,8347
2.0,2.0,6001,0.372,0.3513,-1.0083,-6050.55,5m,train,0.325,8347
2.5,0.25,6001,0.362,0.73,-0.6206,-3724.25,5m,train,0.325,8347
2.5,0.5,6001,0.342,0.5477,-0.8115,-4869.86,5m,train,0.325,8347
2.5,0.75,6001,0.335,0.479,-0.8804,-5283.35,5m,train,0.325,8347
2.5,1.0,6001,0.333,0.4404,-0.9191,-5515.44,5m,train,0.325,8347
2.5,1.5,6001,0.33,0.3947,-0.9649,-5790.07,5m,train,0.325,8347
2.5,2.0,6001,0.329,0.3688,-0.9908,-5945.69,5m,train,0.325,8347
3.0,0.25,6001,0.338,0.8187,-0.525,-3150.6,5m,train,0.325,8347
3.0,0.5,6001,0.315,0.6059,-0.7526,-4516.52,5m,train,0.325,8347
3.0,0.75,6001,0.307,0.5199,-0.8395,-5037.75,5m,train,0.325,8347
3.0,1.0,6001,0.303,0.4749,-0.8845,-5307.9,5m,train,0.325,8347
3.0,1.5,6001,0.299,0.4215,-0.938,-5628.95,5m,train,0.325,8347
3.0,2.0,6001,0.297,0.3911,-0.9685,-5811.94,5m,train,0.325,8347
3.5,0.25,6001,0.322,0.9137,-0.4213,-2528.45,5m,train,0.325,8347
3.5,0.5,6001,0.296,0.6817,-0.6756,-4054.15,5m,train,0.325,8347
3.5,0.75,6001,0.285,0.5788,-0.7805,-4683.67,5m,train,0.325,8347
3.5,1.0,6001,0.28,0.5252,-0.8342,-5006.33,5m,train,0.325,8347
3.5,1.5,6001,0.274,0.4627,-0.8968,-5381.9,5m,train,0.325,8347
3.5,2.0,6001,0.272,0.4272,-0.9324,-5595.05,5m,train,0.325,8347
4.0,0.25,6001,0.313,1.0207,-0.3037,-1822.5,5m,train,0.325,8347
4.0,0.5,6001,0.284,0.7798,-0.5752,-3451.69,5m,train,0.325,8347
4.0,0.75,6001,0.271,0.6663,-0.6923,-4154.25,5m,train,0.325,8347
4.0,1.0,6001,0.265,0.6043,-0.7549,-4530.02,5m,train,0.325,8347
4.0,1.5,6001,0.257,0.5298,-0.8298,-4979.61,5m,train,0.325,8347
4.0,2.0,6001,0.254,0.488,-0.8715,-5230.08,5m,train,0.325,8347
4.5,0.25,6001,0.306,1.0884,-0.2263,-1358.12,5m,train,0.325,8347
4.5,0.5,6001,0.274,0.8591,-0.4928,-2957.49,5m,train,0.325,8347
4.5,0.75,6001,0.26,0.738,-0.6198,-3719.13,5m,train,0.325,8347
4.5,1.0,6001,0.253,0.6688,-0.6899,-4140.05,5m,train,0.325,8347
4.5,1.5,6001,0.244,0.586,-0.7734,-4640.89,5m,train,0.325,8347
4.5,2.0,6001,0.24,0.5359,-0.8237,-4942.78,5m,train,0.325,8347
5.0,0.25,6001,0.301,1.1345,-0.1715,-1029.1,5m,train,0.325,8347
5.0,0.5,6001,0.267,0.9095,-0.4391,-2635.3,5m,train,0.325,8347
5.0,0.75,6001,0.252,0.7794,-0.5769,-3461.69,5m,train,0.325,8347
5.0,1.0,6001,0.244,0.7032,-0.6549,-3929.76,5m,train,0.325,8347
5.0,1.5,6001,0.233,0.6095,-0.7497,-4499.13,5m,train,0.325,8347
5.0,2.0,6001,0.229,0.5539,-0.8055,-4833.84,5m,train,0.325,8347
1.5,0.25,5986,0.442,0.5258,-0.8322,-4981.7,5m,train,0.35,8347
1.5,0.5,5986,0.434,0.4453,-0.9138,-5469.92,5m,train,0.35,8347
1.5,0.75,5986,0.43,0.4129,-0.9462,-5663.85,5m,train,0.35,8347
1.5,1.0,5986,0.429,0.3944,-0.9647,-5774.48,5m,train,0.35,8347
1.5,1.5,5986,0.428,0.373,-0.9861,-5902.51,5m,train,0.35,8347
1.5,2.0,5986,0.427,0.3604,-0.9986,-5977.65,5m,train,0.35,8347
2.0,0.25,5986,0.397,0.6222,-0.7332,-4388.67,5m,train,0.35,8347
2.0,0.5,5986,0.383,0.4915,-0.8674,-5192.45,5m,train,0.35,8347
2.0,0.75,5986,0.378,0.4414,-0.9177,-5493.25,5m,train,0.35,8347
2.0,1.0,5986,0.377,0.4135,-0.9456,-5660.22,5m,train,0.35,8347
2.0,1.5,5986,0.374,0.3815,-0.9776,-5851.81,5m,train,0.35,8347
2.0,2.0,5986,0.374,0.3628,-0.9963,-5963.69,5m,train,0.35,8347
2.5,0.25,5986,0.363,0.7312,-0.6196,-3709.06,5m,train,0.35,8347
2.5,0.5,5986,0.344,0.5567,-0.802,-4800.62,5m,train,0.35,8347
2.5,0.75,5986,0.337,0.4911,-0.8678,-5194.85,5m,train,0.35,8347
2.5,1.0,5986,0.334,0.4541,-0.9049,-5416.74,5m,train,0.35,8347
2.5,1.5,5986,0.331,0.4102,-0.9489,-5680.09,5m,train,0.35,8347
2.5,2.0,5986,0.331,0.3852,-0.9738,-5829.26,5m,train,0.35,8347
3.0,0.25,5986,0.338,0.8126,-0.5313,-3180.39,5m,train,0.35,8347
3.0,0.5,5986,0.316,0.6027,-0.7554,-4521.54,5m,train,0.35,8347
3.0,0.75,5986,0.307,0.5193,-0.8396,-5026.12,5m,train,0.35,8347
3.0,1.0,5986,0.304,0.4748,-0.8841,-5292.21,5m,train,0.35,8347
3.0,1.5,5986,0.299,0.422,-0.937,-5609.13,5m,train,0.35,8347
3.0,2.0,5986,0.298,0.3918,-0.9672,-5789.84,5m,train,0.35,8347
3.5,0.25,5986,0.322,0.9047,-0.4312,-2581.45,5m,train,0.35,8347
3.5,0.5,5986,0.297,0.6741,-0.6829,-4087.57,5m,train,0.35,8347
3.5,0.75,5986,0.285,0.575,-0.7839,-4692.45,5m,train,0.35,8347
3.5,1.0,5986,0.281,0.5225,-0.8365,-5007.14,5m,train,0.35,8347
3.5,1.5,5986,0.274,0.4612,-0.8979,-5374.71,5m,train,0.35,8347
3.5,2.0,5986,0.273,0.4263,-0.9328,-5583.44,5m,train,0.35,8347
4.0,0.25,5986,0.313,1.0167,-0.3089,-1849.0,5m,train,0.35,8347
4.0,0.5,5986,0.284,0.7665,-0.589,-3525.78,5m,train,0.35,8347
4.0,0.75,5986,0.272,0.6555,-0.7029,-4207.27,5m,train,0.35,8347
4.0,1.0,5986,0.265,0.5951,-0.7636,-4571.15,5m,train,0.35,8347
4.0,1.5,5986,0.258,0.5226,-0.8365,-5007.29,5m,train,0.35,8347
4.0,2.0,5986,0.255,0.4818,-0.8773,-5251.73,5m,train,0.35,8347
4.5,0.25,5986,0.306,1.0797,-0.2362,-1413.8,5m,train,0.35,8347
4.5,0.5,5986,0.275,0.848,-0.5041,-3017.54,5m,train,0.35,8347
4.5,0.75,5986,0.261,0.7264,-0.6313,-3778.66,5m,train,0.35,8347
4.5,1.0,5986,0.254,0.6558,-0.7028,-4206.8,5m,train,0.35,8347
4.5,1.5,5986,0.244,0.5759,-0.7831,-4687.44,5m,train,0.35,8347
4.5,2.0,5986,0.241,0.5274,-0.8317,-4978.64,5m,train,0.35,8347
5.0,0.25,5986,0.301,1.1329,-0.1738,-1040.36,5m,train,0.35,8347
5.0,0.5,5986,0.268,0.9051,-0.4438,-2656.74,5m,train,0.35,8347
5.0,0.75,5986,0.253,0.7804,-0.5755,-3445.14,5m,train,0.35,8347
5.0,1.0,5986,0.245,0.7044,-0.6533,-3910.72,5m,train,0.35,8347
5.0,1.5,5986,0.234,0.6116,-0.7472,-4472.56,5m,train,0.35,8347
5.0,2.0,5986,0.23,0.5565,-0.8025,-4803.73,5m,train,0.35,8347
1.5,0.25,5973,0.443,0.5228,-0.8346,-4985.09,5m,train,0.375,8347
1.5,0.5,5973,0.435,0.4438,-0.9145,-5462.21,5m,train,0.375,8347
1.5,0.75,5973,0.431,0.4123,-0.946,-5650.36,5m,train,0.375,8347
1.5,1.0,5973,0.43,0.3945,-0.9638,-5756.73,5m,train,0.375,8347
1.5,1.5,5973,0.429,0.3741,-0.9842,-5878.54,5m,train,0.375,8347
1.5,2.0,5973,0.429,0.3623,-0.996,-5949.23,5m,train,0.375,8347
2.0,0.25,5973,0.398,0.6019,-0.7533,-4499.54,5m,train,0.375,8347
2.0,0.5,5973,0.386,0.4808,-0.8774,-5240.79,5m,train,0.375,8347
2.0,0.75,5973,0.38,0.4332,-0.9251,-5525.72,5m,train,0.375,8347
2.0,1.0,5973,0.378,0.4068,-0.9515,-5683.27,5m,train,0.375,8347
2.0,1.5,5973,0.376,0.3767,-0.9816,-5863.13,5m,train,0.375,8347
2.0,2.0,5973,0.376,0.3592,-0.9991,-5967.54,5m,train,0.375,8347
2.5,0.25,5973,0.363,0.7099,-0.6406,-3826.56,5m,train,0.375,8347
2.5,0.5,5973,0.346,0.5388,-0.8192,-4892.97,5m,train,0.375,8347
2.5,0.75,5973,0.338,0.474,-0.8842,-5281.46,5m,train,0.375,8347
2.5,1.0,5973,0.335,0.4382,-0.9201,-5495.63,5m,train,0.375,8347
2.5,1.5,5973,0.333,0.3957,-0.9626,-5749.52,5m,train,0.375,8347
2.5,2.0,5973,0.332,0.3718,-0.9865,-5892.55,5m,train,0.375,8347
3.0,0.25,5973,0.338,0.7941,-0.5497,-3283.34,5m,train,0.375,8347
3.0,0.5,5973,0.317,0.5836,-0.7739,-4622.55,5m,train,0.375,8347
3.0,0.75,5973,0.308,0.5013,-0.8569,-5118.03,5m,train,0.375,8347
3.0,1.0,5973,0.305,0.4575,-0.9006,-5379.56,5m,train,0.375,8347
3.0,1.5,5973,0.3,0.4057,-0.9526,-5690.16,5m,train,0.375,8347
3.0,2.0,5973,0.299,0.3762,-0.9822,-5866.46,5m,train,0.375,8347
3.5,0.25,5973,0.322,0.885,-0.4509,-2693.26,5m,train,0.375,8347
3.5,0.5,5973,0.298,0.6606,-0.6957,-4155.66,5m,train,0.375,8347
3.5,0.75,5973,0.286,0.5639,-0.7943,-4744.21,5m,train,0.375,8347
3.5,1.0,5973,0.281,0.5127,-0.8455,-5050.13,5m,train,0.375,8347
3.5,1.5,5973,0.275,0.4531,-0.9053,-5407.08,5m,train,0.375,8347
3.5,2.0,5973,0.273,0.4193,-0.9391,-5609.05,5m,train,0.375,8347
4.0,0.25,5973,0.314,0.9967,-0.3297,-1969.35,5m,train,0.375,8347
4.0,0.5,5973,0.286,0.7486,-0.6066,-3623.31,5m,train,0.375,8347
4.0,0.75,5973,0.273,0.6382,-0.7196,-4298.41,5m,train,0.375,8347
4.0,1.0,5973,0.267,0.5798,-0.7782,-4648.22,5m,train,0.375,8347
4.0,1.5,5973,0.26,0.5099,-0.8485,-5067.83,5m,train,0.375,8347
4.0,2.0,5973,0.256,0.4707,-0.8877,-5302.0,5m,train,0.375,8347
4.5,0.25,5973,0.306,1.0629,-0.2535,-1514.05,5m,train,0.375,8347
4.5,0.5,5973,0.276,0.8324,-0.5196,-3103.47,5m,train,0.375,8347
4.5,0.75,5973,0.262,0.715,-0.6421,-3835.13,5m,train,0.375,8347
4.5,1.0,5973,0.255,0.6472,-0.7106,-4244.52,5m,train,0.375,8347
4.5,1.5,5973,0.245,0.5705,-0.7877,-4705.14,5m,train,0.375,8347
4.5,2.0,5973,0.242,0.5238,-0.8345,-4984.74,5m,train,0.375,8347
5.0,0.25,5973,0.302,1.117,-0.1902,-1136.01,5m,train,0.375,8347
5.0,0.5,5973,0.269,0.89,-0.4589,-2741.06,5m,train,0.375,8347
5.0,0.75,5973,0.253,0.7697,-0.5858,-3499.19,5m,train,0.375,8347
5.0,1.0,5973,0.246,0.6963,-0.6608,-3946.87,5m,train,0.375,8347
5.0,1.5,5973,0.235,0.6065,-0.7515,-4488.74,5m,train,0.375,8347
5.0,2.0,5973,0.231,0.5532,-0.805,-4808.44,5m,train,0.375,8347
1.5,0.25,5963,0.443,0.5269,-0.8303,-4951.32,5m,train,0.4,8347
1.5,0.5,5963,0.436,0.4493,-0.9087,-5418.58,5m,train,0.4,8347
1.5,0.75,5963,0.432,0.4187,-0.9393,-5601.32,5m,train,0.4,8347
1.5,1.0,5963,0.431,0.4013,-0.9567,-5704.94,5m,train,0.4,8347
1.5,1.5,5963,0.43,0.3814,-0.9766,-5823.75,5m,train,0.4,8347
1.5,2.0,5963,0.429,0.3698,-0.9882,-5892.74,5m,train,0.4,8347
2.0,0.25,5963,0.4,0.6131,-0.7422,-4425.83,5m,train,0.4,8347
2.0,0.5,5963,0.388,0.4961,-0.8619,-5139.22,5m,train,0.4,8347
2.0,0.75,5963,0.383,0.45,-0.908,-5414.53,5m,train,0.4,8347
2.0,1.0,5963,0.381,0.4245,-0.9336,-5566.86,5m,train,0.4,8347
2.0,1.5,5963,0.379,0.3953,-0.9627,-5740.83,5m,train,0.4,8347
2.0,2.0,5963,0.378,0.3784,-0.9797,-5841.86,5m,train,0.4,8347
2.5,0.25,5963,0.365,0.7171,-0.6335,-3777.38,5m,train,0.4,8347
2.5,0.5,5963,0.348,0.5505,-0.8072,-4813.15,5m,train,0.4,8347
2.5,0.75,5963,0.34,0.4874,-0.8706,-5191.23,5m,train,0.4,8347
2.5,1.0,5963,0.337,0.4524,-0.9056,-5399.89,5m,train,0.4,8347
2.5,1.5,5963,0.335,0.4109,-0.9471,-5647.71,5m,train,0.4,8347
2.5,2.0,5963,0.334,0.3875,-0.9705,-5787.36,5m,train,0.4,8347
3.0,0.25,5963,0.338,0.7827,-0.5619,-3350.39,5m,train,0.4,8347
3.0,0.5,5963,0.317,0.5727,-0.7849,-4680.45,5m,train,0.4,8347
3.0,0.75,5963,0.308,0.4937,-0.8642,-5153.31,5m,train,0.4,8347
3.0,1.0,5963,0.305,0.4504,-0.9075,-5411.58,5m,train,0.4,8347
3.0,1.5,5963,0.301,0.3991,-0.959,-5718.41,5m,train,0.4,8347
3.0,2.0,5963,0.299,0.3699,-0.9882,-5892.67,5m,train,0.4,8347
3.5,0.25,5963,0.321,0.8864,-0.4502,-2684.5,5m,train,0.4,8347
3.5,0.5,5963,0.297,0.6596,-0.6968,-4154.97,5m,train,0.4,8347
3.5,0.75,5963,0.285,0.564,-0.794,-4734.43,5m,train,0.4,8347
3.5,1.0,5963,0.281,0.513,-0.8449,-5038.28,5m,train,0.4,8347
3.5,1.5,5963,0.275,0.4536,-0.9045,-5393.26,5m,train,0.4,8347
3.5,2.0,5963,0.273,0.4199,-0.9382,-5594.23,5m,train,0.4,8347
4.0,0.25,5963,0.314,0.9922,-0.3353,-1999.26,5m,train,0.4,8347
4.0,0.5,5963,0.286,0.7438,-0.6117,-3647.46,5m,train,0.4,8347
4.0,0.75,5963,0.273,0.6344,-0.7234,-4313.54,5m,train,0.4,8347
4.0,1.0,5963,0.267,0.5763,-0.7817,-4661.01,5m,train,0.4,8347
4.0,1.5,5963,0.261,0.5093,-0.8488,-5061.15,5m,train,0.4,8347
4.0,2.0,5963,0.257,0.4715,-0.8866,-5287.05,5m,train,0.4,8347
4.5,0.25,5963,0.307,1.0604,-0.2574,-1534.76,5m,train,0.4,8347
4.5,0.5,5963,0.276,0.8298,-0.5223,-3114.23,5m,train,0.4,8347
4.5,0.75,5963,0.262,0.7132,-0.6437,-3838.52,5m,train,0.4,8347
4.5,1.0,5963,0.255,0.6489,-0.7087,-4225.9,5m,train,0.4,8347
4.5,1.5,5963,0.246,0.5733,-0.7847,-4678.94,5m,train,0.4,8347
4.5,2.0,5963,0.242,0.5273,-0.8308,-4954.32,5m,train,0.4,8347
5.0,0.25,5963,0.302,1.1104,-0.1979,-1180.3,5m,train,0.4,8347
5.0,0.5,5963,0.269,0.882,-0.4674,-2786.82,5m,train,0.4,8347
5.0,0.75,5963,0.254,0.7667,-0.5889,-3511.32,5m,train,0.4,8347
5.0,1.0,5963,0.246,0.696,-0.6609,-3940.85,5m,train,0.4,8347
5.0,1.5,5963,0.236,0.6091,-0.7487,-4464.7,5m,train,0.4,8347
5.0,2.0,5963,0.231,0.5571,-0.801,-4776.07,5m,train,0.4,8347
1.5,0.25,5948,0.444,0.5306,-0.8269,-4918.56,5m,train,0.425,8347
1.5,0.5,5948,0.437,0.4552,-0.9031,-5371.71,5m,train,0.425,8347
1.5,0.75,5948,0.433,0.4254,-0.9329,-5548.78,5m,train,0.425,8347
1.5,1.0,5948,0.432,0.4086,-0.9498,-5649.14,5m,train,0.425,8347
1.5,1.5,5948,0.431,0.3892,-0.9691,-5764.17,5m,train,0.425,8347
1.5,2.0,5948,0.431,0.378,-0.9803,-5830.93,5m,train,0.425,8347
2.0,0.25,5948,0.401,0.6126,-0.7431,-4419.78,5m,train,0.425,8347
2.0,0.5,5948,0.389,0.4972,-0.8611,-5122.11,5m,train,0.425,8347
2.0,0.75,5948,0.384,0.4533,-0.905,-5382.98,5m,train,0.425,8347
2.0,1.0,5948,0.382,0.4286,-0.9297,-5529.76,5m,train,0.425,8347
2.0,1.5,5948,0.38,0.4004,-0.9579,-5697.69,5m,train,0.425,8347
2.0,2.0,5948,0.38,0.384,-0.9743,-5795.21,5m,train,0.425,8347
2.5,0.25,5948,0.366,0.7184,-0.6331,-3765.84,5m,train,0.425,8347
2.5,0.5,5948,0.349,0.5562,-0.8017,-4768.7,5m,train,0.425,8347
2.5,0.75,5948,0.341,0.494,-0.8644,-5141.23,5m,train,0.425,8347
2.5,1.0,5948,0.339,0.4594,-0.899,-5347.12,5m,train,0.425,8347
2.5,1.5,5948,0.336,0.4202,-0.9381,-5579.83,5m,train,0.425,8347
2.5,2.0,5948,0.335,0.3976,-0.9607,-5714.23,5m,train,0.425,8347
3.0,0.25,5948,0.338,0.7781,-0.5674,-3374.64,5m,train,0.425,8347
3.0,0.5,5948,0.318,0.5718,-0.7861,-4675.46,5m,train,0.425,8347
3.0,0.75,5948,0.309,0.4946,-0.8636,-5136.71,5m,train,0.425,8347
3.0,1.0,5948,0.306,0.4522,-0.906,-5388.71,5m,train,0.425,8347
3.0,1.5,5948,0.301,0.402,-0.9564,-5688.42,5m,train,0.425,8347
3.0,2.0,5948,0.299,0.3734,-0.985,-5858.58,5m,train,0.425,8347
3.5,0.25,5948,0.322,0.8789,-0.4584,-2726.84,5m,train,0.425,8347
3.5,0.5,5948,0.298,0.6549,-0.7017,-4173.9,5m,train,0.425,8347
3.5,0.75,5948,0.286,0.5598,-0.7984,-4748.77,5m,train,0.425,8347
3.5,1.0,5948,0.282,0.5092,-0.8489,-5049.53,5m,train,0.425,8347
3.5,1.5,5948,0.276,0.4503,-0.908,-5400.94,5m,train,0.425,8347
3.5,2.0,5948,0.274,0.4169,-0.9415,-5599.8,5m,train,0.425,8347
4.0,0.25,5948,0.314,0.9881,-0.3408,-2027.12,5m,train,0.425,8347
4.0,0.5,5948,0.287,0.7373,-0.6187,-3680.03,5m,train,0.425,8347
4.0,0.75,5948,0.274,0.6299,-0.7282,-4331.43,5m,train,0.425,8347
4.0,1.0,5948,0.268,0.5728,-0.7854,-4671.5,5m,train,0.425,8347
4.0,1.5,5948,0.261,0.507,-0.8514,-5063.92,5m,train,0.425,8347
4.0,2.0,5948,0.258,0.4697,-0.8886,-5285.54,5m,train,0.425,8347
4.5,0.25,5948,0.307,1.0605,-0.259,-1540.59,5m,train,0.425,8347
4.5,0.5,5948,0.277,0.8238,-0.5293,-3148.34,5m,train,0.425,8347
4.5,0.75,5948,0.262,0.7074,-0.6499,-3865.6,5m,train,0.425,8347
4.5,1.0,5948,0.256,0.6434,-0.7146,-4250.22,5m,train,0.425,8347
4.5,1.5,5948,0.247,0.5679,-0.7904,-4701.54,5m,train,0.425,8347
4.5,2.0,5948,0.243,0.5257,-0.8326,-4952.45,5m,train,0.425,8347
5.0,0.25,5948,0.302,1.1072,-0.2031,-1207.84,5m,train,0.425,8347
5.0,0.5,5948,0.269,0.8789,-0.471,-2801.71,5m,train,0.425,8347
5.0,0.75,5948,0.254,0.7658,-0.5902,-3510.22,5m,train,0.425,8347
5.0,1.0,5948,0.247,0.6968,-0.6604,-3927.95,5m,train,0.425,8347
5.0,1.5,5948,0.237,0.6116,-0.7464,-4439.8,5m,train,0.425,8347
5.0,2.0,5948,0.232,0.5607,-0.7976,-4744.41,5m,train,0.425,8347
1.5,0.25,5941,0.444,0.5299,-0.8278,-4917.87,5m,train,0.45,8347
1.5,0.5,5941,0.437,0.4569,-0.9014,-5355.46,5m,train,0.45,8347
1.5,0.75,5941,0.434,0.428,-0.9303,-5526.98,5m,train,0.45,8347
1.5,1.0,5941,0.432,0.4117,-0.9467,-5624.16,5m,train,0.45,8347
1.5,1.5,5941,0.432,0.3929,-0.9654,-5735.5,5m,train,0.45,8347
1.5,2.0,5941,0.431,0.3821,-0.9763,-5800.09,5m,train,0.45,8347
2.0,0.25,5941,0.402,0.6119,-0.744,-4420.03,5m,train,0.45,8347
2.0,0.5,5941,0.39,0.5012,-0.8572,-5092.37,5m,train,0.45,8347
2.0,0.75,5941,0.386,0.4587,-0.8996,-5344.75,5m,train,0.45,8347
2.0,1.0,5941,0.384,0.4348,-0.9236,-5486.84,5m,train,0.45,8347
2.0,1.5,5941,0.382,0.4074,-0.9509,-5649.44,5m,train,0.45,8347
2.0,2.0,5941,0.381,0.3916,-0.9668,-5743.84,5m,train,0.45,8347
2.5,0.25,5941,0.366,0.7066,-0.6454,-3834.36,5m,train,0.45,8347
2.5,0.5,5941,0.35,0.548,-0.8101,-4813.02,5m,train,0.45,8347
2.5,0.75,5941,0.343,0.4869,-0.8715,-5177.32,5m,train,0.45,8347
2.5,1.0,5941,0.34,0.453,-0.9054,-5379.1,5m,train,0.45,8347
2.5,1.5,5941,0.338,0.4145,-0.9438,-5607.32,5m,train,0.45,8347
2.5,2.0,5941,0.337,0.3923,-0.966,-5739.2,5m,train,0.45,8347
3.0,0.25,5941,0.34,0.7871,-0.5593,-3323.09,5m,train,0.45,8347
3.0,0.5,5941,0.32,0.5921,-0.7658,-4549.63,5m,train,0.45,8347
3.0,0.75,5941,0.312,0.5177,-0.8405,-4993.68,5m,train,0.45,8347
3.0,1.0,5941,0.308,0.4761,-0.8822,-5241.01,5m,train,0.45,8347
3.0,1.5,5941,0.304,0.4273,-0.9311,-5531.63,5m,train,0.45,8347
3.0,2.0,5941,0.303,0.3997,-0.9587,-5695.7,5m,train,0.45,8347
3.5,0.25,5941,0.322,0.8669,-0.4718,-2802.71,5m,train,0.45,8347
3.5,0.5,5941,0.298,0.6405,-0.7166,-4257.26,5m,train,0.45,8347
3.5,0.75,5941,0.287,0.5469,-0.8113,-4820.02,5m,train,0.45,8347
3.5,1.0,5941,0.282,0.4971,-0.8611,-5115.83,5m,train,0.45,8347
3.5,1.5,5941,0.277,0.439,-0.9194,-5461.94,5m,train,0.45,8347
3.5,2.0,5941,0.274,0.406,-0.9523,-5657.85,5m,train,0.45,8347
4.0,0.25,5941,0.314,0.9827,-0.347,-2061.26,5m,train,0.45,8347
4.0,0.5,5941,0.287,0.7375,-0.6185,-3674.65,5m,train,0.45,8347
4.0,0.75,5941,0.275,0.6323,-0.7259,-4312.28,5m,train,0.45,8347
4.0,1.0,5941,0.269,0.5764,-0.7818,-4644.9,5m,train,0.45,8347
4.0,1.5,5941,0.262,0.5119,-0.8465,-5029.24,5m,train,0.45,8347
4.0,2.0,5941,0.259,0.4753,-0.8831,-5246.26,5m,train,0.45,8347
4.5,0.25,5941,0.307,1.0516,-0.2694,-1600.26,5m,train,0.45,8347
4.5,0.5,5941,0.277,0.8117,-0.5419,-3219.3,5m,train,0.45,8347
4.5,0.75,5941,0.263,0.6951,-0.6624,-3935.5,5m,train,0.45,8347
4.5,1.0,5941,0.256,0.6316,-0.7264,-4315.59,5m,train,0.45,8347
4.5,1.5,5941,0.248,0.557,-0.8014,-4761.36,5m,train,0.45,8347
4.5,2.0,5941,0.244,0.5152,-0.8432,-5009.54,5m,train,0.45,8347
5.0,0.25,5941,0.301,1.0969,-0.2151,-1278.14,5m,train,0.45,8347
5.0,0.5,5941,0.27,0.879,-0.4714,-2800.88,5m,train,0.45,8347
5.0,0.75,5941,0.255,0.7665,-0.5897,-3503.28,5m,train,0.45,8347
5.0,1.0,5941,0.248,0.6974,-0.6598,-3920.0,5m,train,0.45,8347
5.0,1.5,5941,0.238,0.6132,-0.7449,-4425.53,5m,train,0.45,8347
5.0,2.0,5941,0.233,0.563,-0.7954,-4725.57,5m,train,0.45,8347
1.5,0.25,5927,0.442,0.5004,-0.857,-5079.31,5m,train,0.475,8347
1.5,0.5,5927,0.435,0.4316,-0.9264,-5490.97,5m,train,0.475,8347
1.5,0.75,5927,0.432,0.4048,-0.9533,-5650.05,5m,train,0.475,8347
1.5,1.0,5927,0.43,0.3898,-0.9683,-5739.07,5m,train,0.475,8347
1.5,1.5,5927,0.43,0.3728,-0.9853,-5839.74,5m,train,0.475,8347
1.5,2.0,5927,0.429,0.363,-0.995,-5897.39,5m,train,0.475,8347
2.0,0.25,5927,0.401,0.5931,-0.7627,-4520.81,5m,train,0.475,8347
2.0,0.5,5927,0.39,0.488,-0.8701,-5156.79,5m,train,0.475,8347
2.0,0.75,5927,0.385,0.4472,-0.9109,-5398.85,5m,train,0.475,8347
2.0,1.0,5927,0.384,0.4244,-0.9337,-5534.01,5m,train,0.475,8347
2.0,1.5,5927,0.382,0.3985,-0.9596,-5687.38,5m,train,0.475,8347
2.0,2.0,5927,0.381,0.3836,-0.9745,-5775.68,5m,train,0.475,8347
2.5,0.25,5927,0.366,0.686,-0.6663,-3949.06,5m,train,0.475,8347
2.5,0.5,5927,0.35,0.5354,-0.8225,-4874.75,5m,train,0.475,8347
2.5,0.75,5927,0.343,0.4775,-0.8806,-5219.26,5m,train,0.475,8347
2.5,1.0,5927,0.34,0.4454,-0.9126,-5409.25,5m,train,0.475,8347
2.5,1.5,5927,0.338,0.4094,-0.9487,-5622.69,5m,train,0.475,8347
2.5,2.0,5927,0.337,0.3887,-0.9693,-5745.16,5m,train,0.475,8347
3.0,0.25,5927,0.339,0.7465,-0.6009,-3561.4,5m,train,0.475,8347
3.0,0.5,5927,0.319,0.5581,-0.7995,-4738.84,5m,train,0.475,8347
3.0,0.75,5927,0.311,0.4868,-0.8712,-5163.87,5m,train,0.475,8347
3.0,1.0,5927,0.307,0.4475,-0.9105,-5396.6,5m,train,0.475,8347
3.0,1.5,5927,0.304,0.4014,-0.9566,-5670.05,5m,train,0.475,8347
3.0,2.0,5927,0.302,0.3755,-0.9826,-5823.62,5m,train,0.475,8347
3.5,0.25,5927,0.321,0.8406,-0.4985,-2954.7,5m,train,0.475,8347
3.5,0.5,5927,0.298,0.6179,-0.739,-4380.1,5m,train,0.475,8347
3.5,0.75,5927,0.287,0.5269,-0.831,-4925.54,5m,train,0.475,8347
3.5,1.0,5927,0.281,0.4786,-0.8794,-5211.99,5m,train,0.475,8347
3.5,1.5,5927,0.276,0.4223,-0.9358,-5546.48,5m,train,0.475,8347
3.5,2.0,5927,0.275,0.3905,-0.9676,-5735.03,5m,train,0.475,8347
4.0,0.25,5927,0.314,0.9605,-0.3701,-2193.65,5m,train,0.475,8347
4.0,0.5,5927,0.288,0.7149,-0.6412,-3800.2,5m,train,0.475,8347
4.0,0.75,5927,0.275,0.612,-0.7459,-4421.1,5m,train,0.475,8347
4.0,1.0,5927,0.269,0.5575,-0.8004,-4743.95,5m,train,0.475,8347
4.0,1.5,5927,0.262,0.4948,-0.8633,-5116.79,5m,train,0.475,8347
4.0,2.0,5927,0.259,0.4594,-0.8987,-5326.6,5m,train,0.475,8347
4.5,0.25,5927,0.307,1.0219,-0.3006,-1781.66,5m,train,0.475,8347
4.5,0.5,5927,0.278,0.7826,-0.5714,-3386.51,5m,train,0.475,8347
4.5,0.75,5927,0.263,0.6644,-0.693,-4107.64,5m,train,0.475,8347
4.5,1.0,5927,0.256,0.6011,-0.7567,-4484.85,5m,train,0.475,8347
4.5,1.5,5927,0.248,0.5268,-0.8313,-4927.0,5m,train,0.475,8347
4.5,2.0,5927,0.244,0.4855,-0.8726,-5172.02,5m,train,0.475,8347
5.0,0.25,5927,0.301,1.073,-0.2402,-1423.45,5m,train,0.475,8347
5.0,0.5,5927,0.27,0.8514,-0.4997,-2961.45,5m,train,0.475,8347
5.0,0.75,5927,0.254,0.7356,-0.6208,-3679.47,5m,train,0.475,8347
5.0,1.0,5927,0.247,0.6718,-0.6854,-4062.1,5m,train,0.475,8347
5.0,1.5,5927,0.237,0.5942,-0.7636,-4526.12,5m,train,0.475,8347
5.0,2.0,5927,0.232,0.5471,-0.811,-4806.66,5m,train,0.475,8347
1.5,0.25,5920,0.443,0.4964,-0.8607,-5095.44,5m,train,0.5,8347
1.5,0.5,5920,0.436,0.429,-0.9289,-5498.88,5m,train,0.5,8347
1.5,0.75,5920,0.433,0.4026,-0.9552,-5654.71,5m,train,0.5,8347
1.5,1.0,5920,0.431,0.3879,-0.9699,-5741.87,5m,train,0.5,8347
1.5,1.5,5920,0.431,0.3713,-0.9866,-5840.44,5m,train,0.5,8347
1.5,2.0,5920,0.43,0.3617,-0.9961,-5896.9,5m,train,0.5,8347
2.0,0.25,5920,0.402,0.6,-0.7557,-4473.86,5m,train,0.5,8347
2.0,0.5,5920,0.391,0.497,-0.8609,-5096.32,5m,train,0.5,8347
2.0,0.75,5920,0.387,0.4572,-0.9007,-5331.96,5m,train,0.5,8347
2.0,1.0,5920,0.385,0.4349,-0.9229,-5463.54,5m,train,0.5,8347
2.0,1.5,5920,0.383,0.4097,-0.9481,-5612.82,5m,train,0.5,8347
2.0,2.0,5920,0.383,0.3952,-0.9626,-5698.74,5m,train,0.5,8347
2.5,0.25,5920,0.368,0.685,-0.6676,-3952.21,5m,train,0.5,8347
2.5,0.5,5920,0.352,0.5418,-0.8157,-4829.23,5m,train,0.5,8347
2.5,0.75,5920,0.346,0.4862,-0.8716,-5160.04,5m,train,0.5,8347
2.5,1.0,5920,0.343,0.4554,-0.9025,-5342.66,5m,train,0.5,8347
2.5,1.5,5920,0.341,0.4207,-0.9371,-5547.83,5m,train,0.5,8347
2.5,2.0,5920,0.34,0.4008,-0.957,-5665.56,5m,train,0.5,8347
3.0,0.25,5920,0.339,0.741,-0.6069,-3592.87,5m,train,0.5,8347
3.0,0.5,5920,0.32,0.5604,-0.797,-4718.12,5m,train,0.5,8347
3.0,0.75,5920,0.312,0.4917,-0.866,-5126.93,5m,train,0.5,8347
3.0,1.0,5920,0.308,0.4539,-0.9039,-5350.9,5m,train,0.5,8347
3.0,1.5,5920,0.305,0.4095,-0.9484,-5614.49,5m,train,0.5,8347
3.0,2.0,5920,0.303,0.3845,-0.9734,-5762.43,5m,train,0.5,8347
3.5,0.25,5920,0.321,0.8215,-0.5188,-3071.18,5m,train,0.5,8347
3.5,0.5,5920,0.298,0.601,-0.7559,-4475.04,5m,train,0.5,8347
3.5,0.75,5920,0.288,0.5109,-0.8467,-5012.74,5m,train,0.5,8347
3.5,1.0,5920,0.283,0.4637,-0.894,-5292.29,5m,train,0.5,8347
3.5,1.5,5920,0.278,0.4086,-0.9493,-5619.57,5m,train,0.5,8347
3.5,2.0,5920,0.276,0.3774,-0.9804,-5804.14,5m,train,0.5,8347
4.0,0.25,5920,0.313,0.94,-0.392,-2320.7,5m,train,0.5,8347
4.0,0.5,5920,0.287,0.7038,-0.652,-3859.98,5m,train,0.5,8347
4.0,0.75,5920,0.275,0.6031,-0.7546,-4467.35,5m,train,0.5,8347
4.0,1.0,5920,0.269,0.5498,-0.8079,-4782.67,5m,train,0.5,8347
4.0,1.5,5920,0.263,0.4884,-0.8695,-5147.34,5m,train,0.5,8347
4.0,2.0,5920,0.26,0.4537,-0.9041,-5352.53,5m,train,0.5,8347
4.5,0.25,5920,0.307,1.0138,-0.3094,-1831.45,5m,train,0.5,8347
4.5,0.5,5920,0.278,0.7791,-0.5748,-3403.0,5m,train,0.5,8347
4.5,0.75,5920,0.264,0.6635,-0.6937,-4106.94,5m,train,0.5,8347
4.5,1.0,5920,0.257,0.6031,-0.7544,-4465.9,5m,train,0.5,8347
4.5,1.5,5920,0.249,0.531,-0.8268,-4894.78,5m,train,0.5,8347
4.5,2.0,5920,0.245,0.4908,-0.8671,-5133.11,5m,train,0.5,8347
5.0,0.25,5920,0.301,1.0694,-0.2445,-1447.72,5m,train,0.5,8347
5.0,0.5,5920,0.27,0.8448,-0.5066,-2999.03,5m,train,0.5,8347
5.0,0.75,5920,0.255,0.7269,-0.6295,-3726.73,5m,train,0.5,8347
5.0,1.0,5920,0.247,0.6616,-0.6956,-4117.68,5m,train,0.5,8347
5.0,1.5,5920,0.238,0.5818,-0.776,-4594.09,5m,train,0.5,8347
5.0,2.0,5920,0.233,0.5378,-0.8201,-4854.97,5m,train,0.5,8347
1.5,0.25,5910,0.444,0.5084,-0.8491,-5018.15,5m,train,0.525,8347
1.5,0.5,5910,0.438,0.4429,-0.9153,-5409.18,5m,train,0.525,8347
1.5,0.75,5910,0.435,0.4174,-0.9408,-5559.99,5m,train,0.525,8347
1.5,1.0,5910,0.433,0.4031,-0.955,-5644.22,5m,train,0.525,8347
1.5,1.5,5910,0.432,0.387,-0.9711,-5739.32,5m,train,0.525,8347
1.5,2.0,5910,0.432,0.3778,-0.9803,-5793.71,5m,train,0.525,8347
2.0,0.25,5910,0.401,0.6026,-0.7536,-4453.77,5m,train,0.525,8347
2.0,0.5,5910,0.392,0.5027,-0.8554,-5055.59,5m,train,0.525,8347
2.0,0.75,5910,0.388,0.4641,-0.894,-5283.84,5m,train,0.525,8347
2.0,1.0,5910,0.386,0.4425,-0.9156,-5411.29,5m,train,0.525,8347
2.0,1.5,5910,0.384,0.4181,-0.9401,-5555.84,5m,train,0.525,8347
2.0,2.0,5910,0.384,0.404,-0.9542,-5639.03,5m,train,0.525,8347
2.5,0.25,5910,0.367,0.6894,-0.6636,-3921.8,5m,train,0.525,8347
2.5,0.5,5910,0.353,0.5479,-0.8101,-4787.74,5m,train,0.525,8347
2.5,0.75,5910,0.347,0.493,-0.8651,-5112.92,5m,train,0.525,8347
2.5,1.0,5910,0.344,0.4627,-0.8955,-5292.16,5m,train,0.525,8347
2.5,1.5,5910,0.341,0.4286,-0.9295,-5493.55,5m,train,0.525,8347
2.5,2.0,5910,0.34,0.4091,-0.9491,-5609.05,5m,train,0.525,8347
3.0,0.25,5910,0.338,0.7354,-0.6133,-3624.62,5m,train,0.525,8347
3.0,0.5,5910,0.319,0.557,-0.8007,-4732.42,5m,train,0.525,8347
3.0,0.75,5910,0.312,0.4893,-0.8688,-5134.71,5m,train,0.525,8347
3.0,1.0,5910,0.309,0.4519,-0.9062,-5355.55,5m,train,0.525,8347
3.0,1.5,5910,0.305,0.408,-0.9502,-5615.74,5m,train,0.525,8347
3.0,2.0,5910,0.304,0.3832,-0.9749,-5761.77,5m,train,0.525,8347
3.5,0.25,5910,0.321,0.8227,-0.5186,-3064.64,5m,train,0.525,8347
3.5,0.5,5910,0.298,0.6065,-0.7508,-4437.47,5m,train,0.525,8347
3.5,0.75,5910,0.289,0.518,-0.8401,-4964.76,5m,train,0.525,8347
3.5,1.0,5910,0.284,0.471,-0.8871,-5243.0,5m,train,0.525,8347
3.5,1.5,5910,0.278,0.4165,-0.9416,-5565.14,5m,train,0.525,8347
3.5,2.0,5910,0.277,0.3859,-0.9722,-5745.9,5m,train,0.525,8347
4.0,0.25,5910,0.312,0.9285,-0.4045,-2390.48,5m,train,0.525,8347
4.0,0.5,5910,0.286,0.6963,-0.66,-3900.67,5m,train,0.525,8347
4.0,0.75,5910,0.274,0.5969,-0.7611,-4498.24,5m,train,0.525,8347
4.0,1.0,5910,0.269,0.5444,-0.8137,-4808.69,5m,train,0.525,8347
4.0,1.5,5910,0.262,0.4837,-0.8744,-5167.91,5m,train,0.525,8347
4.0,2.0,5910,0.26,0.4495,-0.9086,-5369.98,5m,train,0.525,8347
4.5,0.25,5910,0.306,1.0108,-0.3138,-1854.58,5m,train,0.525,8347
4.5,0.5,5910,0.278,0.7757,-0.5788,-3420.64,5m,train,0.525,8347
4.5,0.75,5910,0.265,0.6637,-0.6938,-4100.26,5m,train,0.525,8347
4.5,1.0,5910,0.258,0.6038,-0.754,-4456.14,5m,train,0.525,8347
4.5,1.5,5910,0.25,0.5324,-0.8258,-4880.47,5m,train,0.525,8347
4.5,2.0,5910,0.246,0.4925,-0.8656,-5115.92,5m,train,0.525,8347
5.0,0.25,5910,0.3,1.0656,-0.2503,-1479.52,5m,train,0.525,8347
5.0,0.5,5910,0.27,0.8427,-0.5093,-3009.69,5m,train,0.525,8347
5.0,0.75,5910,0.255,0.7255,-0.6313,-3730.92,5m,train,0.525,8347
5.0,1.0,5910,0.248,0.6603,-0.6971,-4120.15,5m,train,0.525,8347
5.0,1.5,5910,0.239,0.5808,-0.7774,-4594.16,5m,train,0.525,8347
5.0,2.0,5910,0.234,0.5369,-0.8213,-4853.62,5m,train,0.525,8347
1.5,0.25,5899,0.444,0.5047,-0.8532,-5033.19,5m,train,0.55,8347
1.5,0.5,5899,0.438,0.4396,-0.9192,-5422.19,5m,train,0.55,8347
1.5,0.75,5899,0.435,0.4143,-0.9444,-5571.12,5m,train,0.55,8347
1.5,1.0,5899,0.433,0.4003,-0.9585,-5654.18,5m,train,0.55,8347
1.5,1.5,5899,0.432,0.3844,-0.9744,-5747.89,5m,train,0.55,8347
1.5,2.0,5899,0.432,0.3753,-0.9835,-5801.47,5m,train,0.55,8347
2.0,0.25,5899,0.403,0.5949,-0.7617,-4493.49,5m,train,0.55,8347
2.0,0.5,5899,0.393,0.4976,-0.8612,-5080.09,5m,train,0.55,8347
2.0,0.75,5899,0.389,0.4598,-0.8989,-5302.67,5m,train,0.55,8347
2.0,1.0,5899,0.388,0.4388,-0.92,-5426.81,5m,train,0.55,8347
2.0,1.5,5899,0.386,0.415,-0.9438,-5567.49,5m,train,0.55,8347
2.0,2.0,5899,0.385,0.4012,-0.9575,-5648.4,5m,train,0.55,8347
2.5,0.25,5899,0.369,0.6868,-0.6671,-3935.22,5m,train,0.55,8347
2.5,0.5,5899,0.354,0.5476,-0.8111,-4784.42,5m,train,0.55,8347
2.5,0.75,5899,0.349,0.4937,-0.8651,-5103.12,5m,train,0.55,8347
2.5,1.0,5899,0.346,0.4643,-0.8945,-5276.63,5m,train,0.55,8347
2.5,1.5,5899,0.344,0.4311,-0.9277,-5472.3,5m,train,0.55,8347
2.5,2.0,5899,0.343,0.412,-0.9467,-5584.62,5m,train,0.55,8347
3.0,0.25,5899,0.34,0.736,-0.6138,-3620.52,5m,train,0.55,8347
3.0,0.5,5899,0.321,0.5639,-0.7945,-4686.7,5m,train,0.55,8347
3.0,0.75,5899,0.314,0.498,-0.8607,-5077.14,5m,train,0.55,8347
3.0,1.0,5899,0.311,0.4617,-0.897,-5291.49,5m,train,0.55,8347
3.0,1.5,5899,0.307,0.4189,-0.9399,-5544.28,5m,train,0.55,8347
3.0,2.0,5899,0.305,0.3949,-0.9639,-5686.02,5m,train,0.55,8347
3.5,0.25,5899,0.323,0.8157,-0.5279,-3114.25,5m,train,0.55,8347
3.5,0.5,5899,0.3,0.6115,-0.7465,-4403.55,5m,train,0.55,8347
3.5,0.75,5899,0.291,0.5274,-0.8312,-4903.52,5m,train,0.55,8347
3.5,1.0,5899,0.286,0.4826,-0.8761,-5168.23,5m,train,0.55,8347
3.5,1.5,5899,0.281,0.4306,-0.9282,-5475.42,5m,train,0.55,8347
3.5,2.0,5899,0.279,0.4014,-0.9574,-5647.68,5m,train,0.55,8347
4.0,0.25,5899,0.313,0.9261,-0.4084,-2409.14,5m,train,0.55,8347
4.0,0.5,5899,0.287,0.7006,-0.6565,-3872.83,5m,train,0.55,8347
4.0,0.75,5899,0.276,0.603,-0.7556,-4457.48,5m,train,0.55,8347
4.0,1.0,5899,0.271,0.5514,-0.8072,-4761.51,5m,train,0.55,8347
4.0,1.5,5899,0.265,0.4919,-0.8668,-5113.48,5m,train,0.55,8347
4.0,2.0,5899,0.262,0.4584,-0.9004,-5311.4,5m,train,0.55,8347
4.5,0.25,5899,0.308,1.023,-0.303,-1787.21,5m,train,0.55,8347
4.5,0.5,5899,0.28,0.7924,-0.5628,-3320.25,5m,train,0.55,8347
4.5,0.75,5899,0.267,0.6806,-0.6777,-3997.79,5m,train,0.55,8347
4.5,1.0,5899,0.26,0.6211,-0.7374,-4350.07,5m,train,0.55,8347
4.5,1.5,5899,0.252,0.5511,-0.8077,-4764.64,5m,train,0.55,8347
4.5,2.0,5899,0.248,0.5122,-0.8465,-4993.72,5m,train,0.55,8347
5.0,0.25,5899,0.302,1.0693,-0.2487,-1467.29,5m,train,0.55,8347
5.0,0.5,5899,0.271,0.8481,-0.5048,-2977.88,5m,train,0.55,8347
5.0,0.75,5899,0.257,0.7323,-0.6252,-3687.89,5m,train,0.55,8347
5.0,1.0,5899,0.25,0.6681,-0.6901,-4070.62,5m,train,0.55,8347
5.0,1.5,5899,0.241,0.5899,-0.7689,-4535.61,5m,train,0.55,8347
5.0,2.0,5899,0.237,0.5468,-0.812,-4789.96,5m,train,0.55,8347
1.5,0.25,5884,0.445,0.507,-0.8511,-5007.76,5m,train,0.575,8347
1.5,0.5,5884,0.439,0.4441,-0.9148,-5382.46,5m,train,0.575,8347
1.5,0.75,5884,0.436,0.4195,-0.9393,-5526.77,5m,train,0.575,8347
1.5,1.0,5884,0.434,0.4059,-0.953,-5607.29,5m,train,0.575,8347
1.5,1.5,5884,0.434,0.3904,-0.9684,-5698.12,5m,train,0.575,8347
1.5,2.0,5884,0.433,0.3816,-0.9772,-5750.04,5m,train,0.575,8347
2.0,0.25,5884,0.404,0.5972,-0.7597,-4470.05,5m,train,0.575,8347
2.0,0.5,5884,0.394,0.5005,-0.8583,-5050.44,5m,train,0.575,8347
2.0,0.75,5884,0.391,0.4631,-0.8958,-5270.64,5m,train,0.575,8347
2.0,1.0,5884,0.389,0.4422,-0.9167,-5393.58,5m,train,0.575,8347
2.0,1.5,5884,0.387,0.4185,-0.9403,-5532.94,5m,train,0.575,8347
2.0,2.0,5884,0.386,0.4049,-0.954,-5613.1,5m,train,0.575,8347
2.5,0.25,5884,0.371,0.6934,-0.661,-3889.36,5m,train,0.575,8347
2.5,0.5,5884,0.356,0.5643,-0.7944,-4674.23,5m,train,0.575,8347
2.5,0.75,5884,0.35,0.5121,-0.8467,-4981.97,5m,train,0.575,8347
2.5,1.0,5884,0.348,0.4836,-0.8752,-5149.69,5m,train,0.575,8347
2.5,1.5,5884,0.345,0.4514,-0.9074,-5338.96,5m,train,0.575,8347
2.5,2.0,5884,0.344,0.433,-0.9258,-5447.66,5m,train,0.575,8347
3.0,0.25,5884,0.343,0.7589,-0.5913,-3479.27,5m,train,0.575,8347
3.0,0.5,5884,0.324,0.5905,-0.768,-4518.78,5m,train,0.575,8347
3.0,0.75,5884,0.316,0.5263,-0.8325,-4898.3,5m,train,0.575,8347
3.0,1.0,5884,0.313,0.4908,-0.8679,-5106.87,5m,train,0.575,8347
3.0,1.5,5884,0.309,0.449,-0.9098,-5353.2,5m,train,0.575,8347
3.0,2.0,5884,0.308,0.4256,-0.9332,-5491.23,5m,train,0.575,8347
3.5,0.25,5884,0.324,0.8168,-0.5278,-3105.53,5m,train,0.575,8347
3.5,0.5,5884,0.302,0.6149,-0.7431,-4372.5,5m,train,0.575,8347
3.5,0.75,5884,0.291,0.5325,-0.8263,-4861.93,5m,train,0.575,8347
3.5,1.0,5884,0.287,0.4889,-0.8699,-5118.52,5m,train,0.575,8347
3.5,1.5,5884,0.282,0.4382,-0.9207,-5417.29,5m,train,0.575,8347
3.5,2.0,5884,0.28,0.4097,-0.9492,-5584.98,5m,train,0.575,8347
4.0,0.25,5884,0.315,0.9424,-0.3934,-2314.5,5m,train,0.575,8347
4.0,0.5,5884,0.289,0.7176,-0.6399,-3765.22,5m,train,0.575,8347
4.0,0.75,5884,0.278,0.6219,-0.7368,-4335.26,5m,train,0.575,8347
4.0,1.0,5884,0.272,0.5713,-0.7874,-4633.15,5m,train,0.575,8347
4.0,1.5,5884,0.266,0.5127,-0.8461,-4978.59,5m,train,0.575,8347
4.0,2.0,5884,0.264,0.4797,-0.8792,-5172.96,5m,train,0.575,8347
4.5,0.25,5884,0.308,1.0346,-0.2924,-1720.25,5m,train,0.575,8347
4.5,0.5,5884,0.281,0.805,-0.5502,-3237.53,5m,train,0.575,8347
4.5,0.75,5884,0.268,0.6933,-0.665,-3913.04,5m,train,0.575,8347
4.5,1.0,5884,0.261,0.6339,-0.7247,-4263.91,5m,train,0.575,8347
4.5,1.5,5884,0.254,0.5639,-0.7949,-4677.31,5m,train,0.575,8347
4.5,2.0,5884,0.25,0.5251,-0.8338,-4905.83,5m,train,0.575,8347
5.0,0.25,5884,0.303,1.0845,-0.2349,-1382.07,5m,train,0.575,8347
5.0,0.5,5884,0.274,0.8613,-0.4919,-2894.2,5m,train,0.575,8347
5.0,0.75,5884,0.259,0.7463,-0.6112,-3596.14,5m,train,0.575,8347
5.0,1.0,5884,0.252,0.6795,-0.6787,-3993.58,5m,train,0.575,8347
5.0,1.5,5884,0.243,0.5987,-0.7601,-4472.64,5m,train,0.575,8347
5.0,2.0,5884,0.238,0.5545,-0.8044,-4732.85,5m,train,0.575,8347
1.5,0.25,5871,0.444,0.4981,-0.8602,-5050.34,5m,train,0.6,8347
1.5,0.5,5871,0.439,0.4377,-0.9212,-5408.61,5m,train,0.6,8347
1.5,0.75,5871,0.436,0.4142,-0.9448,-5547.07,5m,train,0.6,8347
1.5,1.0,5871,0.434,0.401,-0.958,-5624.26,5m,train,0.6,8347
1.5,1.5,5871,0.433,0.3862,-0.9728,-5711.27,5m,train,0.6,8347
1.5,2.0,5871,0.433,0.3777,-0.9813,-5760.95,5m,train,0.6,8347
2.0,0.25,5871,0.405,0.5929,-0.7642,-4486.6,5m,train,0.6,8347
2.0,0.5,5871,0.394,0.4977,-0.8612,-5056.37,5m,train,0.6,8347
2.0,0.75,5871,0.391,0.4612,-0.8978,-5271.1,5m,train,0.6,8347
2.0,1.0,5871,0.389,0.4408,-0.9182,-5390.95,5m,train,0.6,8347
2.0,1.5,5871,0.388,0.4176,-0.9414,-5526.74,5m,train,0.6,8347
2.0,2.0,5871,0.387,0.4043,-0.9547,-5604.78,5m,train,0.6,8347
2.5,0.25,5871,0.371,0.6841,-0.6706,-3937.3,5m,train,0.6,8347
2.5,0.5,5871,0.357,0.5569,-0.802,-4708.28,5m,train,0.6,8347
2.5,0.75,5871,0.351,0.5054,-0.8536,-5011.32,5m,train,0.6,8347
2.5,1.0,5871,0.348,0.4773,-0.8817,-5176.4,5m,train,0.6,8347
2.5,1.5,5871,0.346,0.4456,-0.9134,-5362.65,5m,train,0.6,8347
2.5,2.0,5871,0.345,0.4274,-0.9316,-5469.6,5m,train,0.6,8347
3.0,0.25,5871,0.344,0.7582,-0.5931,-3482.18,5m,train,0.6,8347
3.0,0.5,5871,0.326,0.5952,-0.7635,-4482.33,5m,train,0.6,8347
3.0,0.75,5871,0.318,0.5334,-0.8256,-4846.87,5m,train,0.6,8347
3.0,1.0,5871,0.315,0.4992,-0.8598,-5047.64,5m,train,0.6,8347
3.0,1.5,5871,0.311,0.4588,-0.9002,-5285.23,5m,train,0.6,8347
3.0,2.0,5871,0.31,0.4361,-0.9229,-5418.22,5m,train,0.6,8347
3.5,0.25,5871,0.325,0.8258,-0.5198,-3051.47,5m,train,0.6,8347
3.5,0.5,5871,0.304,0.6279,-0.7303,-4287.45,5m,train,0.6,8347
3.5,0.75,5871,0.293,0.5468,-0.8121,-4767.67,5m,train,0.6,8347
3.5,1.0,5871,0.289,0.504,-0.8549,-5019.04,5m,train,0.6,8347
3.5,1.5,5871,0.284,0.4543,-0.9047,-5311.73,5m,train,0.6,8347
3.5,2.0,5871,0.282,0.4263,-0.9327,-5475.78,5m,train,0.6,8347
4.0,0.25,5871,0.314,0.9275,-0.4093,-2403.05,5m,train,0.6,8347
4.0,0.5,5871,0.29,0.7045,-0.6533,-3835.34,5m,train,0.6,8347
4.0,0.75,5871,0.278,0.6093,-0.7496,-4400.8,5m,train,0.6,8347
4.0,1.0,5871,0.273,0.5583,-0.8007,-4700.75,5m,train,0.6,8347
4.0,1.5,5871,0.267,0.4996,-0.8594,-5045.26,5m,train,0.6,8347
4.0,2.0,5871,0.265,0.4668,-0.8922,-5238.23,5m,train,0.6,8347
4.5,0.25,5871,0.308,1.0241,-0.3045,-1787.74,5m,train,0.6,8347
4.5,0.5,5871,0.282,0.7963,-0.5597,-3285.75,5m,train,0.6,8347
4.5,0.75,5871,0.268,0.6891,-0.6695,-3930.74,5m,train,0.6,8347
4.5,1.0,5871,0.262,0.6319,-0.7268,-4267.06,5m,train,0.6,8347
4.5,1.5,5871,0.254,0.5641,-0.7949,-4667.08,5m,train,0.6,8347
4.5,2.0,5871,0.251,0.5263,-0.8327,-4888.63,5m,train,0.6,8347
5.0,0.25,5871,0.304,1.0875,-0.233,-1367.81,5m,train,0.6,8347
5.0,0.5,5871,0.275,0.8638,-0.4896,-2874.64,5m,train,0.6,8347
5.0,0.75,5871,0.26,0.7481,-0.6096,-3579.13,5m,train,0.6,8347
5.0,1.0,5871,0.252,0.6816,-0.6767,-3973.06,5m,train,0.6,8347
5.0,1.5,5871,0.243,0.6013,-0.7578,-4448.82,5m,train,0.6,8347
5.0,2.0,5871,0.239,0.5573,-0.8018,-4707.14,5m,train,0.6,8347
1.5,0.25,5862,0.445,0.504,-0.8543,-5007.87,5m,train,0.625,8347
1.5,0.5,5862,0.439,0.4455,-0.9135,-5355.03,5m,train,0.625,8347
1.5,0.75,5862,0.437,0.4226,-0.9364,-5489.3,5m,train,0.625,8347
1.5,1.0,5862,0.435,0.4098,-0.9492,-5564.11,5m,train,0.625,8347
1.5,1.5,5862,0.435,0.3954,-0.9636,-5648.36,5m,train,0.625,8347
1.5,2.0,5862,0.434,0.3872,-0.9718,-5696.41,5m,train,0.625,8347
2.0,0.25,5862,0.406,0.5931,-0.7644,-4481.16,5m,train,0.625,8347
2.0,0.5,5862,0.395,0.4999,-0.8591,-5036.09,5m,train,0.625,8347
2.0,0.75,5862,0.392,0.4641,-0.8949,-5245.91,5m,train,0.625,8347
2.0,1.0,5862,0.391,0.4441,-0.9149,-5363.08,5m,train,0.625,8347
2.0,1.5,5862,0.389,0.4214,-0.9375,-5495.84,5m,train,0.625,8347
2.0,2.0,5862,0.388,0.4084,-0.9506,-5572.14,5m,train,0.625,8347
2.5,0.25,5862,0.372,0.6773,-0.6772,-3969.64,5m,train,0.625,8347
2.5,0.5,5862,0.358,0.5524,-0.8064,-4727.4,5m,train,0.625,8347
2.5,0.75,5862,0.352,0.5018,-0.8572,-5024.73,5m,train,0.625,8347
2.5,1.0,5862,0.349,0.4742,-0.8848,-5186.52,5m,train,0.625,8347
2.5,1.5,5862,0.347,0.4431,-0.9159,-5368.96,5m,train,0.625,8347
2.5,2.0,5862,0.346,0.4252,-0.9338,-5473.69,5m,train,0.625,8347
3.0,0.25,5862,0.344,0.7427,-0.609,-3570.24,5m,train,0.625,8347
3.0,0.5,5862,0.326,0.5857,-0.7729,-4531.03,5m,train,0.625,8347
3.0,0.75,5862,0.32,0.5251,-0.8338,-4887.75,5m,train,0.625,8347
3.0,1.0,5862,0.316,0.4916,-0.8673,-5084.3,5m,train,0.625,8347
3.0,1.5,5862,0.313,0.4519,-0.9071,-5317.15,5m,train,0.625,8347
3.0,2.0,5862,0.311,0.4297,-0.9293,-5447.41,5m,train,0.625,8347
3.5,0.25,5862,0.324,0.8059,-0.5402,-3166.46,5m,train,0.625,8347
3.5,0.5,5862,0.303,0.6091,-0.7492,-4391.82,5m,train,0.625,8347
3.5,0.75,5862,0.294,0.5291,-0.8298,-4864.3,5m,train,0.625,8347
3.5,1.0,5862,0.289,0.4869,-0.872,-5111.69,5m,train,0.625,8347
3.5,1.5,5862,0.284,0.4378,-0.9212,-5399.83,5m,train,0.625,8347
3.5,2.0,5862,0.282,0.4103,-0.9487,-5561.22,5m,train,0.625,8347
4.0,0.25,5862,0.313,0.9026,-0.4359,-2555.03,5m,train,0.625,8347
4.0,0.5,5862,0.289,0.6841,-0.6738,-3949.56,5m,train,0.625,8347
4.0,0.75,5862,0.278,0.5916,-0.7673,-4497.81,5m,train,0.625,8347
4.0,1.0,5862,0.272,0.542,-0.8169,-4788.69,5m,train,0.625,8347
4.0,1.5,5862,0.266,0.4851,-0.8739,-5122.96,5m,train,0.625,8347
4.0,2.0,5862,0.264,0.4531,-0.9058,-5310.06,5m,train,0.625,8347
4.5,0.25,5862,0.307,0.9923,-0.3381,-1982.04,5m,train,0.625,8347
4.5,0.5,5862,0.281,0.7712,-0.5849,-3428.62,5m,train,0.625,8347
4.5,0.75,5862,0.269,0.667,-0.6915,-4053.61,5m,train,0.625,8347
4.5,1.0,5862,0.262,0.6115,-0.7472,-4380.29,5m,train,0.625,8347
4.5,1.5,5862,0.254,0.5453,-0.8137,-4769.71,5m,train,0.625,8347
4.5,2.0,5862,0.252,0.5085,-0.8504,-4985.26,5m,train,0.625,8347
5.0,0.25,5862,0.302,1.0566,-0.2661,-1560.14,5m,train,0.625,8347
5.0,0.5,5862,0.274,0.8323,-0.5218,-3059.05,5m,train,0.625,8347
5.0,0.75,5862,0.26,0.7144,-0.6436,-3772.67,5m,train,0.625,8347
5.0,1.0,5862,0.252,0.6522,-0.7062,-4139.55,5m,train,0.625,8347
5.0,1.5,5862,0.243,0.575,-0.784,-4595.94,5m,train,0.625,8347
5.0,2.0,5862,0.24,0.5322,-0.8268,-4846.57,5m,train,0.625,8347
1.5,0.25,5848,0.443,0.4819,-0.8764,-5125.01,5m,train,0.65,8347
1.5,0.5,5848,0.438,0.425,-0.9339,-5461.45,5m,train,0.65,8347
1.5,0.75,5848,0.436,0.4029,-0.9561,-5591.19,5m,train,0.65,8347
1.5,1.0,5848,0.433,0.3905,-0.9684,-5663.31,5m,train,0.65,8347
1.5,1.5,5848,0.432,0.3767,-0.9823,-5744.42,5m,train,0.65,8347
1.5,2.0,5848,0.432,0.3688,-0.9902,-5790.62,5m,train,0.65,8347
2.0,0.25,5848,0.405,0.5696,-0.7879,-4607.5,5m,train,0.65,8347
2.0,0.5,5848,0.394,0.4792,-0.8798,-5144.94,5m,train,0.65,8347
2.0,0.75,5848,0.391,0.4445,-0.9144,-5347.69,5m,train,0.65,8347
2.0,1.0,5848,0.39,0.4252,-0.9338,-5460.75,5m,train,0.65,8347
2.0,1.5,5848,0.388,0.4033,-0.9557,-5588.72,5m,train,0.65,8347
2.0,2.0,5848,0.387,0.3907,-0.9682,-5662.24,5m,train,0.65,8347
2.5,0.25,5848,0.371,0.6569,-0.698,-4081.83,5m,train,0.65,8347
2.5,0.5,5848,0.357,0.5357,-0.8231,-4813.73,5m,train,0.65,8347
2.5,0.75,5848,0.352,0.4871,-0.8719,-5098.78,5m,train,0.65,8347
2.5,1.0,5848,0.348,0.4605,-0.8985,-5254.25,5m,train,0.65,8347
2.5,1.5,5848,0.346,0.4305,-0.9285,-5429.62,5m,train,0.65,8347
2.5,2.0,5848,0.345,0.4133,-0.9457,-5530.31,5m,train,0.65,8347
3.0,0.25,5848,0.345,0.7424,-0.6097,-3565.3,5m,train,0.65,8347
3.0,0.5,5848,0.328,0.592,-0.7667,-4483.51,5m,train,0.65,8347
3.0,0.75,5848,0.321,0.5342,-0.8247,-4822.98,5m,train,0.65,8347
3.0,1.0,5848,0.317,0.5025,-0.8563,-5007.84,5m,train,0.65,8347
3.0,1.5,5848,0.314,0.4649,-0.894,-5228.18,5m,train,0.65,8347
3.0,2.0,5848,0.313,0.4439,-0.9151,-5351.35,5m,train,0.65,8347
3.5,0.25,5848,0.324,0.7834,-0.5633,-3294.16,5m,train,0.65,8347
3.5,0.5,5848,0.303,0.5911,-0.7672,-4486.61,5m,train,0.65,8347
3.5,0.75,5848,0.294,0.5134,-0.8455,-4944.61,5m,train,0.65,8347
3.5,1.0,5848,0.289,0.4728,-0.8861,-5182.01,5m,train,0.65,8347
3.5,1.5,5848,0.284,0.4253,-0.9336,-5459.85,5m,train,0.65,8347
3.5,2.0,5848,0.282,0.3987,-0.9603,-5615.56,5m,train,0.65,8347
4.0,0.25,5848,0.312,0.8767,-0.4632,-2709.02,5m,train,0.65,8347
4.0,0.5,5848,0.289,0.6603,-0.6978,-4080.59,5m,train,0.65,8347
4.0,0.75,5848,0.279,0.5701,-0.7888,-4612.84,5m,train,0.65,8347
4.0,1.0,5848,0.273,0.5231,-0.8358,-4888.04,5m,train,0.65,8347
4.0,1.5,5848,0.267,0.4687,-0.8902,-5206.1,5m,train,0.65,8347
4.0,2.0,5848,0.264,0.4383,-0.9207,-5384.25,5m,train,0.65,8347
4.5,0.25,5848,0.305,0.9623,-0.3688,-2156.87,5m,train,0.65,8347
4.5,0.5,5848,0.279,0.7435,-0.6128,-3583.57,5m,train,0.65,8347
4.5,0.75,5848,0.267,0.6406,-0.718,-4198.65,5m,train,0.65,8347
4.5,1.0,5848,0.26,0.586,-0.7726,-4518.33,5m,train,0.65,8347
4.5,1.5,5848,0.253,0.5209,-0.838,-4900.86,5m,train,0.65,8347
4.5,2.0,5848,0.251,0.4847,-0.8743,-5112.74,5m,train,0.65,8347
5.0,0.25,5848,0.3,1.0217,-0.3026,-1769.76,5m,train,0.65,8347
5.0,0.5,5848,0.273,0.8041,-0.5502,-3217.66,5m,train,0.65,8347
5.0,0.75,5848,0.259,0.6887,-0.6693,-3914.03,5m,train,0.65,8347
5.0,1.0,5848,0.251,0.6266,-0.7318,-4279.78,5m,train,0.65,8347
5.0,1.5,5848,0.242,0.5511,-0.8078,-4724.29,5m,train,0.65,8347
5.0,2.0,5848,0.239,0.5097,-0.8493,-4966.74,5m,train,0.65,8347
1.5,0.25,5835,0.443,0.4884,-0.8698,-5075.02,5m,train,0.675,8347
1.5,0.5,5835,0.438,0.4327,-0.9261,-5403.62,5m,train,0.675,8347
1.5,0.75,5835,0.435,0.411,-0.9478,-5530.31,5m,train,0.675,8347
1.5,1.0,5835,0.433,0.3989,-0.9599,-5600.76,5m,train,0.675,8347
1.5,1.5,5835,0.432,0.3854,-0.9734,-5680.05,5m,train,0.675,8347
1.5,2.0,5835,0.431,0.3776,-0.9812,-5725.3,5m,train,0.675,8347
2.0,0.25,5835,0.406,0.5583,-0.7992,-4663.08,5m,train,0.675,8347
2.0,0.5,5835,0.395,0.4697,-0.8891,-5187.8,5m,train,0.675,8347
2.0,0.75,5835,0.391,0.4357,-0.9231,-5386.53,5m,train,0.675,8347
2.0,1.0,5835,0.39,0.4167,-0.9421,-5497.37,5m,train,0.675,8347
2.0,1.5,5835,0.388,0.3951,-0.9636,-5622.89,5m,train,0.675,8347
2.0,2.0,5835,0.387,0.3828,-0.976,-5695.03,5m,train,0.675,8347
2.5,0.25,5835,0.373,0.6564,-0.6985,-4075.98,5m,train,0.675,8347
2.5,0.5,5835,0.359,0.5386,-0.8201,-4785.33,5m,train,0.675,8347
2.5,0.75,5835,0.353,0.4911,-0.8677,-5063.03,5m,train,0.675,8347
2.5,1.0,5835,0.351,0.4651,-0.8937,-5214.49,5m,train,0.675,8347
2.5,1.5,5835,0.348,0.4359,-0.9229,-5385.37,5m,train,0.675,8347
2.5,2.0,5835,0.347,0.419,-0.9398,-5483.51,5m,train,0.675,8347
3.0,0.25,5835,0.346,0.7372,-0.6152,-3589.8,5m,train,0.675,8347
3.0,0.5,5835,0.33,0.5896,-0.7689,-4486.58,5m,train,0.675,8347
3.0,0.75,5835,0.323,0.5328,-0.826,-4819.5,5m,train,0.675,8347
3.0,1.0,5835,0.319,0.5017,-0.857,-5000.81,5m,train,0.675,8347
3.0,1.5,5835,0.316,0.4647,-0.8941,-5217.23,5m,train,0.675,8347
3.0,2.0,5835,0.315,0.4439,-0.9149,-5338.25,5m,train,0.675,8347
3.5,0.25,5835,0.325,0.7837,-0.5636,-3288.48,5m,train,0.675,8347
3.5,0.5,5835,0.305,0.6024,-0.7558,-4410.15,5m,train,0.675,8347
3.5,0.75,5835,0.296,0.5271,-0.8316,-4852.61,5m,train,0.675,8347
3.5,1.0,5835,0.291,0.4878,-0.8709,-5081.76,5m,train,0.675,8347
3.5,1.5,5835,0.286,0.4418,-0.917,-5350.63,5m,train,0.675,8347
3.5,2.0,5835,0.284,0.416,-0.9428,-5501.39,5m,train,0.675,8347
4.0,0.25,5835,0.313,0.8741,-0.4667,-2723.45,5m,train,0.675,8347
4.0,0.5,5835,0.29,0.6607,-0.6974,-4069.19,5m,train,0.675,8347
4.0,0.75,5835,0.279,0.5724,-0.7863,-4588.04,5m,train,0.675,8347
4.0,1.0,5835,0.274,0.5264,-0.8323,-4856.44,5m,train,0.675,8347
4.0,1.5,5835,0.267,0.4733,-0.8855,-5166.95,5m,train,0.675,8347
4.0,2.0,5835,0.265,0.4435,-0.9153,-5340.8,5m,train,0.675,8347
4.5,0.25,5835,0.305,0.9511,-0.3814,-2225.36,5m,train,0.675,8347
4.5,0.5,5835,0.28,0.7344,-0.622,-3629.18,5m,train,0.675,8347
4.5,0.75,5835,0.267,0.6341,-0.7243,-4226.02,5m,train,0.675,8347
4.5,1.0,5835,0.261,0.5807,-0.7779,-4539.22,5m,train,0.675,8347
4.5,1.5,5835,0.254,0.517,-0.8418,-4911.88,5m,train,0.675,8347
4.5,2.0,5835,0.251,0.4818,-0.877,-5117.45,5m,train,0.675,8347
5.0,0.25,5835,0.3,1.0138,-0.3117,-1818.73,5m,train,0.675,8347
5.0,0.5,5835,0.273,0.8008,-0.5535,-3229.44,5m,train,0.675,8347
5.0,0.75,5835,0.259,0.6878,-0.6701,-3909.96,5m,train,0.675,8347
5.0,1.0,5835,0.252,0.6267,-0.7316,-4268.96,5m,train,0.675,8347
5.0,1.5,5835,0.243,0.5523,-0.8065,-4706.09,5m,train,0.675,8347
5.0,2.0,5835,0.239,0.5114,-0.8474,-4944.49,5m,train,0.675,8347
1.5,0.25,5817,0.444,0.5054,-0.8527,-4960.38,5m,train,0.7,8347
1.5,0.5,5817,0.438,0.4504,-0.9084,-5284.2,5m,train,0.7,8347
1.5,0.75,5817,0.435,0.429,-0.9298,-5408.88,5m,train,0.7,8347
1.5,1.0,5817,0.434,0.4171,-0.9417,-5478.14,5m,train,0.7,8347
1.5,1.5,5817,0.433,0.4037,-0.9551,-5556.02,5m,train,0.7,8347
1.5,2.0,5817,0.431,0.396,-0.9628,-5600.41,5m,train,0.7,8347
2.0,0.25,5817,0.408,0.5706,-0.7869,-4577.56,5m,train,0.7,8347
2.0,0.5,5817,0.397,0.4839,-0.8749,-5089.14,5m,train,0.7,8347
2.0,0.75,5817,0.394,0.4507,-0.9081,-5282.51,5m,train,0.7,8347
2.0,1.0,5817,0.392,0.4322,-0.9266,-5390.26,5m,train,0.7,8347
2.0,1.5,5817,0.39,0.4112,-0.9476,-5512.11,5m,train,0.7,8347
2.0,2.0,5817,0.389,0.3992,-0.9596,-5582.03,5m,train,0.7,8347
2.5,0.25,5817,0.374,0.6593,-0.6958,-4047.54,5m,train,0.7,8347
2.5,0.5,5817,0.36,0.5439,-0.8149,-4740.01,5m,train,0.7,8347
2.5,0.75,5817,0.355,0.4974,-0.8614,-5010.49,5m,train,0.7,8347
2.5,1.0,5817,0.352,0.4721,-0.8867,-5157.97,5m,train,0.7,8347
2.5,1.5,5817,0.35,0.4435,-0.9153,-5324.28,5m,train,0.7,8347
2.5,2.0,5817,0.348,0.4271,-0.9317,-5419.72,5m,train,0.7,8347
3.0,0.25,5817,0.347,0.7414,-0.611,-3554.43,5m,train,0.7,8347
3.0,0.5,5817,0.33,0.595,-0.7636,-4441.75,5m,train,0.7,8347
3.0,0.75,5817,0.324,0.5385,-0.8202,-4771.05,5m,train,0.7,8347
3.0,1.0,5817,0.32,0.5077,-0.851,-4950.35,5m,train,0.7,8347
3.0,1.5,5817,0.317,0.471,-0.8878,-5164.4,5m,train,0.7,8347
3.0,2.0,5817,0.315,0.4504,-0.9084,-5284.01,5m,train,0.7,8347
3.5,0.25,5817,0.327,0.7876,-0.5602,-3258.82,5m,train,0.7,8347
3.5,0.5,5817,0.307,0.6104,-0.7478,-4350.21,5m,train,0.7,8347
3.5,0.75,5817,0.298,0.5361,-0.8226,-4785.12,5m,train,0.7,8347
3.5,1.0,5817,0.294,0.4974,-0.8613,-5010.29,5m,train,0.7,8347
3.5,1.5,5817,0.289,0.452,-0.9068,-5274.67,5m,train,0.7,8347
3.5,2.0,5817,0.286,0.4266,-0.9322,-5422.82,5m,train,0.7,8347
4.0,0.25,5817,0.313,0.8687,-0.4726,-2749.28,5m,train,0.7,8347
4.0,0.5,5817,0.29,0.6542,-0.7039,-4094.59,5m,train,0.7,8347
4.0,0.75,5817,0.28,0.5664,-0.7924,-4609.28,5m,train,0.7,8347
4.0,1.0,5817,0.275,0.5206,-0.8382,-4875.63,5m,train,0.7,8347
4.0,1.5,5817,0.268,0.4677,-0.8912,-5183.83,5m,train,0.7,8347
4.0,2.0,5817,0.265,0.438,-0.9208,-5356.34,5m,train,0.7,8347
4.5,0.25,5817,0.305,0.9494,-0.3842,-2234.86,5m,train,0.7,8347
4.5,0.5,5817,0.28,0.7345,-0.6221,-3618.97,5m,train,0.7,8347
4.5,0.75,5817,0.268,0.6353,-0.7232,-4206.7,5m,train,0.7,8347
4.5,1.0,5817,0.262,0.5827,-0.7759,-4513.55,5m,train,0.7,8347
4.5,1.5,5817,0.255,0.5199,-0.8389,-4879.8,5m,train,0.7,8347
4.5,2.0,5817,0.251,0.4852,-0.8736,-5081.99,5m,train,0.7,8347
5.0,0.25,5817,0.3,1.0127,-0.3135,-1823.44,5m,train,0.7,8347
5.0,0.5,5817,0.273,0.7976,-0.557,-3240.15,5m,train,0.7,8347
5.0,0.75,5817,0.26,0.689,-0.669,-3891.35,5m,train,0.7,8347
5.0,1.0,5817,0.253,0.6299,-0.7284,-4237.02,5m,train,0.7,8347
5.0,1.5,5817,0.244,0.5574,-0.8014,-4661.74,5m,train,0.7,8347
5.0,2.0,5817,0.239,0.5176,-0.8412,-4893.39,5m,train,0.7,8347
1.5,0.25,2622,0.435,0.4975,-1.2808,-3358.32,5m,validation,0.3,2888
1.5,0.5,2622,0.433,0.4746,-1.3045,-3420.28,5m,validation,0.3,2888
1.5,0.75,2622,0.432,0.4671,-1.3122,-3440.49,5m,validation,0.3,2888
1.5,1.0,2622,0.431,0.4618,-1.3177,-3455.06,5m,validation,0.3,2888
1.5,1.5,2622,0.43,0.4552,-1.3245,-3472.76,5m,validation,0.3,2888
1.5,2.0,2622,0.429,0.4514,-1.3282,-3482.66,5m,validation,0.3,2888
2.0,0.25,2622,0.39,0.5604,-1.2159,-3188.09,5m,validation,0.3,2888
2.0,0.5,2622,0.382,0.4747,-1.3044,-3420.04,5m,validation,0.3,2888
2.0,0.75,2622,0.381,0.4531,-1.3262,-3477.41,5m,validation,0.3,2888
2.0,1.0,2622,0.381,0.4414,-1.338,-3508.23,5m,validation,0.3,2888
2.0,1.5,2622,0.379,0.4265,-1.3532,-3548.04,5m,validation,0.3,2888
2.0,2.0,2622,0.379,0.4177,-1.362,-3571.13,5m,validation,0.3,2888
2.5,0.25,2622,0.352,0.6156,-1.1573,-3034.45,5m,validation,0.3,2888
2.5,0.5,2622,0.341,0.499,-1.28,-3356.24,5m,validation,0.3,2888
2.5,0.75,2622,0.339,0.4638,-1.3155,-3449.33,5m,validation,0.3,2888
2.5,1.0,2622,0.338,0.4453,-1.3341,-3497.94,5m,validation,0.3,2888
2.5,1.5,2622,0.336,0.4231,-1.3566,-3556.93,5m,validation,0.3,2888
2.5,2.0,2622,0.336,0.4098,-1.3699,-3591.83,5m,validation,0.3,2888
3.0,0.25,2622,0.325,0.6196,-1.1493,-3013.49,5m,validation,0.3,2888
3.0,0.5,2622,0.311,0.4746,-1.304,-3419.04,5m,validation,0.3,2888
3.0,0.75,2622,0.305,0.4291,-1.3501,-3539.97,5m,validation,0.3,2888
3.0,1.0,2622,0.304,0.405,-1.3743,-3603.52,5m,validation,0.3,2888
3.0,1.5,2622,0.3,0.3778,-1.4016,-3675.11,5m,validation,0.3,2888
3.0,2.0,2622,0.3,0.3618,-1.4179,-3717.81,5m,validation,0.3,2888
3.5,0.25,2622,0.301,0.5986,-1.1634,-3050.42,5m,validation,0.3,2888
3.5,0.5,2622,0.28,0.4142,-1.3638,-3575.83,5m,validation,0.3,2888
3.5,0.75,2622,0.273,0.3529,-1.4264,-3739.95,5m,validation,0.3,2888
3.5,1.0,2622,0.271,0.3221,-1.4572,-3820.85,5m,validation,0.3,2888
3.5,1.5,2622,0.267,0.2881,-1.4913,-3910.25,5m,validation,0.3,2888
3.5,2.0,2622,0.266,0.2683,-1.5114,-3962.89,5m,validation,0.3,2888
4.0,0.25,2622,0.291,0.6966,-1.0569,-2771.32,5m,validation,0.3,2888
4.0,0.5,2622,0.268,0.493,-1.2841,-3366.94,5m,validation,0.3,2888
4.0,0.75,2622,0.26,0.4186,-1.3606,-3567.6,5m,validation,0.3,2888
4.0,1.0,2622,0.257,0.3808,-1.3985,-3666.96,5m,validation,0.3,2888
4.0,1.5,2622,0.251,0.3402,-1.4392,-3773.6,5m,validation,0.3,2888
4.0,2.0,2622,0.25,0.3169,-1.4627,-3835.1,5m,validation,0.3,2888
4.5,0.25,2622,0.281,0.8217,-0.9197,-2411.52,5m,validation,0.3,2888
4.5,0.5,2622,0.253,0.6374,-1.1374,-2982.39,5m,validation,0.3,2888
4.5,0.75,2622,0.244,0.5599,-1.2191,-3196.5,5m,validation,0.3,2888
4.5,1.0,2622,0.24,0.5208,-1.2585,-3299.86,5m,validation,0.3,2888
4.5,1.5,2622,0.235,0.4794,-1.3,-3408.48,5m,validation,0.3,2888
4.5,2.0,2622,0.233,0.4569,-1.3224,-3467.39,5m,validation,0.3,2888
5.0,0.25,2622,0.275,0.8831,-0.847,-2220.74,5m,validation,0.3,2888
5.0,0.5,2622,0.245,0.6977,-1.0742,-2816.65,5m,validation,0.3,2888
5.0,0.75,2622,0.235,0.6118,-1.1666,-3058.88,5m,validation,0.3,2888
5.0,1.0,2622,0.229,0.5697,-1.2096,-3171.62,5m,validation,0.3,2888
5.0,1.5,2622,0.222,0.525,-1.2543,-3288.8,5m,validation,0.3,2888
5.0,2.0,2622,0.221,0.5007,-1.2786,-3352.52,5m,validation,0.3,2888
1.5,0.25,2618,0.439,0.5484,-1.2302,-3220.75,5m,validation,0.325,2888
1.5,0.5,2618,0.436,0.5264,-1.253,-3280.32,5m,validation,0.325,2888
1.5,0.75,2618,0.434,0.5195,-1.2602,-3299.13,5m,validation,0.325,2888
1.5,1.0,2618,0.433,0.5145,-1.2654,-3312.74,5m,validation,0.325,2888
1.5,1.5,2618,0.432,0.5082,-1.2718,-3329.53,5m,validation,0.325,2888
1.5,2.0,2618,0.432,0.5046,-1.2754,-3338.95,5m,validation,0.325,2888
2.0,0.25,2618,0.391,0.5625,-1.2142,-3178.83,5m,validation,0.325,2888
2.0,0.5,2618,0.383,0.4774,-1.302,-3408.68,5m,validation,0.325,2888
2.0,0.75,2618,0.38,0.4559,-1.3237,-3465.53,5m,validation,0.325,2888
2.0,1.0,2618,0.38,0.4443,-1.3354,-3496.0,5m,validation,0.325,2888
2.0,1.5,2618,0.379,0.4296,-1.3504,-3535.37,5m,validation,0.325,2888
2.0,2.0,2618,0.379,0.4208,-1.3591,-3558.24,5m,validation,0.325,2888
2.5,0.25,2618,0.354,0.617,-1.157,-3028.92,5m,validation,0.325,2888
2.5,0.5,2618,0.343,0.5048,-1.2745,-3336.6,5m,validation,0.325,2888
2.5,0.75,2618,0.34,0.4717,-1.3079,-3424.07,5m,validation,0.325,2888
2.5,1.0,2618,0.339,0.4542,-1.3255,-3470.06,5m,validation,0.325,2888
2.5,1.5,2618,0.337,0.4331,-1.3469,-3526.11,5m,validation,0.325,2888
2.5,2.0,2618,0.337,0.4204,-1.3596,-3559.4,5m,validation,0.325,2888
3.0,0.25,2618,0.328,0.631,-1.1386,-2980.94,5m,validation,0.325,2888
3.0,0.5,2618,0.314,0.4876,-1.2914,-3380.79,5m,validation,0.325,2888
3.0,0.75,2618,0.307,0.4431,-1.3365,-3498.85,5m,validation,0.325,2888
3.0,1.0,2618,0.306,0.4195,-1.3601,-3560.82,5m,validation,0.325,2888
3.0,1.5,2618,0.303,0.3925,-1.3874,-3632.12,5m,validation,0.325,2888
3.0,2.0,2618,0.302,0.3765,-1.4035,-3674.44,5m,validation,0.325,2888
3.5,0.25,2618,0.303,0.6006,-1.1624,-3043.27,5m,validation,0.325,2888
3.5,0.5,2618,0.282,0.4145,-1.3641,-3571.31,5m,validation,0.325,2888
3.5,0.75,2618,0.275,0.3585,-1.421,-3720.18,5m,validation,0.325,2888
3.5,1.0,2618,0.272,0.3291,-1.4506,-3797.63,5m,validation,0.325,2888
3.5,1.5,2618,0.269,0.2964,-1.4834,-3883.43,5m,validation,0.325,2888
3.5,2.0,2618,0.268,0.2773,-1.5027,-3934.05,5m,validation,0.325,2888
4.0,0.25,2618,0.293,0.7052,-1.0496,-2747.95,5m,validation,0.325,2888
4.0,0.5,2618,0.269,0.5076,-1.27,-3324.74,5m,validation,0.325,2888
4.0,0.75,2618,0.261,0.4358,-1.3437,-3517.89,5m,validation,0.325,2888
4.0,1.0,2618,0.257,0.3995,-1.3801,-3613.06,5m,validation,0.325,2888
4.0,1.5,2618,0.252,0.3608,-1.4189,-3714.67,5m,validation,0.325,2888
4.0,2.0,2618,0.251,0.3387,-1.4412,-3773.08,5m,validation,0.325,2888
4.5,0.25,2618,0.283,0.8082,-0.9359,-2450.09,5m,validation,0.325,2888
4.5,0.5,2618,0.255,0.6217,-1.1542,-3021.7,5m,validation,0.325,2888
4.5,0.75,2618,0.245,0.546,-1.2333,-3228.68,5m,validation,0.325,2888
4.5,1.0,2618,0.241,0.5082,-1.2714,-3328.62,5m,validation,0.325,2888
4.5,1.5,2618,0.236,0.4679,-1.3118,-3434.3,5m,validation,0.325,2888
4.5,2.0,2618,0.235,0.445,-1.3348,-3494.63,5m,validation,0.325,2888
5.0,0.25,2618,0.275,0.8576,-0.8754,-2291.73,5m,validation,0.325,2888
5.0,0.5,2618,0.245,0.6781,-1.0947,-2865.97,5m,validation,0.325,2888
5.0,0.75,2618,0.234,0.5916,-1.1872,-3108.13,5m,validation,0.325,2888
5.0,1.0,2618,0.228,0.5494,-1.2302,-3220.62,5m,validation,0.325,2888
5.0,1.5,2618,0.222,0.5048,-1.2749,-3337.57,5m,validation,0.325,2888
5.0,2.0,2618,0.22,0.4805,-1.2991,-3401.07,5m,validation,0.325,2888
1.5,0.25,2616,0.439,0.5637,-1.215,-3178.36,5m,validation,0.35,2888
1.5,0.5,2616,0.437,0.5371,-1.2429,-3251.4,5m,validation,0.35,2888
1.5,0.75,2616,0.434,0.5278,-1.2525,-3276.42,5m,validation,0.35,2888
1.5,1.0,2616,0.433,0.5227,-1.2575,-3289.6,5m,validation,0.35,2888
1.5,1.5,2616,0.433,0.5172,-1.263,-3304.08,5m,validation,0.35,2888
1.5,2.0,2616,0.433,0.5141,-1.2661,-3312.17,5m,validation,0.35,2888
2.0,0.25,2616,0.393,0.5829,-1.1943,-3124.35,5m,validation,0.35,2888
2.0,0.5,2616,0.385,0.5005,-1.2791,-3346.17,5m,validation,0.35,2888
2.0,0.75,2616,0.383,0.4791,-1.3008,-3402.87,5m,validation,0.35,2888
2.0,1.0,2616,0.382,0.4672,-1.3127,-3434.12,5m,validation,0.35,2888
2.0,1.5,2616,0.382,0.452,-1.3282,-3474.68,5m,validation,0.35,2888
2.0,2.0,2616,0.381,0.443,-1.3372,-3498.13,5m,validation,0.35,2888
2.5,0.25,2616,0.354,0.6036,-1.1707,-3062.64,5m,validation,0.35,2888
2.5,0.5,2616,0.344,0.4889,-1.2907,-3376.35,5m,validation,0.35,2888
2.5,0.75,2616,0.34,0.4547,-1.3251,-3466.52,5m,validation,0.35,2888
2.5,1.0,2616,0.339,0.4366,-1.3433,-3514.1,5m,validation,0.35,2888
2.5,1.5,2616,0.338,0.4148,-1.3654,-3571.91,5m,validation,0.35,2888
2.5,2.0,2616,0.337,0.4017,-1.3786,-3606.32,5m,validation,0.35,2888
3.0,0.25,2616,0.327,0.6232,-1.1482,-3003.6,5m,validation,0.35,2888
3.0,0.5,2616,0.313,0.4852,-1.294,-3385.06,5m,validation,0.35,2888
3.0,0.75,2616,0.307,0.4407,-1.339,-3502.82,5m,validation,0.35,2888
3.0,1.0,2616,0.305,0.4171,-1.3627,-3564.89,5m,validation,0.35,2888
3.0,1.5,2616,0.304,0.3901,-1.39,-3636.35,5m,validation,0.35,2888
3.0,2.0,2616,0.303,0.3739,-1.4063,-3678.82,5m,validation,0.35,2888
3.5,0.25,2616,0.304,0.5949,-1.1696,-3059.62,5m,validation,0.35,2888
3.5,0.5,2616,0.284,0.4097,-1.3692,-3581.95,5m,validation,0.35,2888
3.5,0.75,2616,0.276,0.3533,-1.4265,-3731.71,5m,validation,0.35,2888
3.5,1.0,2616,0.273,0.3231,-1.4567,-3810.78,5m,validation,0.35,2888
3.5,1.5,2616,0.27,0.2893,-1.4907,-3899.77,5m,validation,0.35,2888
3.5,2.0,2616,0.269,0.2693,-1.5109,-3952.55,5m,validation,0.35,2888
4.0,0.25,2616,0.292,0.6983,-1.0575,-2766.48,5m,validation,0.35,2888
4.0,0.5,2616,0.269,0.4989,-1.2789,-3345.6,5m,validation,0.35,2888
4.0,0.75,2616,0.26,0.4265,-1.3532,-3540.1,5m,validation,0.35,2888
4.0,1.0,2616,0.256,0.3899,-1.39,-3636.2,5m,validation,0.35,2888
4.0,1.5,2616,0.252,0.3505,-1.4295,-3739.51,5m,validation,0.35,2888
4.0,2.0,2616,0.251,0.3278,-1.4524,-3799.38,5m,validation,0.35,2888
4.5,0.25,2616,0.282,0.7888,-0.9573,-2504.18,5m,validation,0.35,2888
4.5,0.5,2616,0.255,0.5937,-1.1829,-3094.51,5m,validation,0.35,2888
4.5,0.75,2616,0.245,0.5149,-1.2648,-3308.77,5m,validation,0.35,2888
4.5,1.0,2616,0.24,0.4754,-1.3045,-3412.48,5m,validation,0.35,2888
4.5,1.5,2616,0.236,0.4332,-1.3467,-3522.95,5m,validation,0.35,2888
4.5,2.0,2616,0.234,0.4093,-1.3708,-3585.98,5m,validation,0.35,2888
5.0,0.25,2616,0.275,0.8443,-0.8916,-2332.42,5m,validation,0.35,2888
5.0,0.5,2616,0.246,0.6524,-1.1217,-2934.27,5m,validation,0.35,2888
5.0,0.75,2616,0.235,0.5652,-1.214,-3175.92,5m,validation,0.35,2888
5.0,1.0,2616,0.228,0.5229,-1.257,-3288.33,5m,validation,0.35,2888
5.0,1.5,2616,0.224,0.4781,-1.3018,-3405.55,5m,validation,0.35,2888
5.0,2.0,2616,0.221,0.4537,-1.3262,-3469.25,5m,validation,0.35,2888
1.5,0.25,2612,0.44,0.5932,-1.1854,-3096.33,5m,validation,0.375,2888
1.5,0.5,2612,0.436,0.571,-1.2088,-3157.31,5m,validation,0.375,2888
1.5,0.75,2612,0.436,0.5625,-1.2177,-3180.69,5m,validation,0.375,2888
1.5,1.0,2612,0.434,0.557,-1.2233,-3195.35,5m,validation,0.375,2888
1.5,1.5,2612,0.433,0.5509,-1.2294,-3211.24,5m,validation,0.375,2888
1.5,2.0,2612,0.433,0.5475,-1.2328,-3220.1,5m,validation,0.375,2888
2.0,0.25,2612,0.394,0.5746,-1.203,-3142.13,5m,validation,0.375,2888
2.0,0.5,2612,0.386,0.5005,-1.2792,-3341.28,5m,validation,0.375,2888
2.0,0.75,2612,0.384,0.4798,-1.3003,-3396.29,5m,validation,0.375,2888
2.0,1.0,2612,0.383,0.4674,-1.313,-3429.47,5m,validation,0.375,2888
2.0,1.5,2612,0.383,0.453,-1.3273,-3466.84,5m,validation,0.375,2888
2.0,2.0,2612,0.383,0.4448,-1.3355,-3488.34,5m,validation,0.375,2888
2.5,0.25,2612,0.356,0.6328,-1.1417,-2982.05,5m,validation,0.375,2888
2.5,0.5,2612,0.345,0.522,-1.2576,-3284.98,5m,validation,0.375,2888
2.5,0.75,2612,0.342,0.4899,-1.2901,-3369.73,5m,validation,0.375,2888
2.5,1.0,2612,0.341,0.4716,-1.3086,-3418.0,5m,validation,0.375,2888
2.5,1.5,2612,0.34,0.4501,-1.3303,-3474.63,5m,validation,0.375,2888
2.5,2.0,2612,0.339,0.4376,-1.3428,-3507.35,5m,validation,0.375,2888
3.0,0.25,2612,0.328,0.6278,-1.1442,-2988.76,5m,validation,0.375,2888
3.0,0.5,2612,0.314,0.4883,-1.2912,-3372.49,5m,validation,0.375,2888
3.0,0.75,2612,0.308,0.4448,-1.3351,-3487.21,5m,validation,0.375,2888
3.0,1.0,2612,0.305,0.4212,-1.3588,-3549.16,5m,validation,0.375,2888
3.0,1.5,2612,0.304,0.3937,-1.3867,-3621.93,5m,validation,0.375,2888
3.0,2.0,2612,0.303,0.3776,-1.4028,-3664.03,5m,validation,0.375,2888
3.5,0.25,2612,0.306,0.6567,-1.1082,-2894.66,5m,validation,0.375,2888
3.5,0.5,2612,0.287,0.4745,-1.3046,-3407.65,5m,validation,0.375,2888
3.5,0.75,2612,0.28,0.4195,-1.3603,-3553.16,5m,validation,0.375,2888
3.5,1.0,2612,0.275,0.3902,-1.3898,-3630.19,5m,validation,0.375,2888
3.5,1.5,2612,0.273,0.3568,-1.4234,-3717.9,5m,validation,0.375,2888
3.5,2.0,2612,0.272,0.3374,-1.443,-3769.01,5m,validation,0.375,2888
4.0,0.25,2612,0.292,0.6999,-1.0572,-2761.37,5m,validation,0.375,2888
4.0,0.5,2612,0.269,0.5044,-1.2735,-3326.42,5m,validation,0.375,2888
4.0,0.75,2612,0.261,0.4338,-1.3461,-3516.04,5m,validation,0.375,2888
4.0,1.0,2612,0.256,0.3981,-1.3819,-3609.58,5m,validation,0.375,2888
4.0,1.5,2612,0.252,0.3593,-1.4209,-3711.38,5m,validation,0.375,2888
4.0,2.0,2612,0.251,0.3371,-1.4433,-3769.83,5m,validation,0.375,2888
4.5,0.25,2612,0.283,0.8002,-0.9477,-2475.49,5m,validation,0.375,2888
4.5,0.5,2612,0.257,0.5993,-1.1781,-3077.13,5m,validation,0.375,2888
4.5,0.75,2612,0.248,0.5228,-1.257,-3283.39,5m,validation,0.375,2888
4.5,1.0,2612,0.242,0.4844,-1.2956,-3384.15,5m,validation,0.375,2888
4.5,1.5,2612,0.237,0.4431,-1.3371,-3492.38,5m,validation,0.375,2888
4.5,2.0,2612,0.236,0.4196,-1.3607,-3554.18,5m,validation,0.375,2888
5.0,0.25,2612,0.275,0.8446,-0.894,-2335.02,5m,validation,0.375,2888
5.0,0.5,2612,0.247,0.6442,-1.1308,-2953.78,5m,validation,0.375,2888
5.0,0.75,2612,0.236,0.5559,-1.2237,-3196.32,5m,validation,0.375,2888
5.0,1.0,2612,0.229,0.5132,-1.2668,-3308.94,5m,validation,0.375,2888
5.0,1.5,2612,0.223,0.468,-1.312,-3427.07,5m,validation,0.375,2888
5.0,2.0,2612,0.221,0.4434,-1.3366,-3491.22,5m,validation,0.375,2888
1.5,0.25,2609,0.44,0.5745,-1.204,-3141.34,5m,validation,0.4,2888
1.5,0.5,2609,0.435,0.5525,-1.2271,-3201.57,5m,validation,0.4,2888
1.5,0.75,2609,0.435,0.5433,-1.2369,-3227.04,5m,validation,0.4,2888
1.5,1.0,2609,0.433,0.5381,-1.2421,-3240.54,5m,validation,0.4,2888
1.5,1.5,2609,0.433,0.5324,-1.2478,-3255.48,5m,validation,0.4,2888
1.5,2.0,2609,0.433,0.5292,-1.251,-3263.87,5m,validation,0.4,2888
2.0,0.25,2609,0.396,0.5586,-1.219,-3180.49,5m,validation,0.4,2888
2.0,0.5,2609,0.386,0.4876,-1.292,-3370.93,5m,validation,0.4,2888
2.0,0.75,2609,0.385,0.4682,-1.3118,-3422.39,5m,validation,0.4,2888
2.0,1.0,2609,0.384,0.4564,-1.3238,-3453.81,5m,validation,0.4,2888
2.0,1.5,2609,0.383,0.4428,-1.3374,-3489.35,5m,validation,0.4,2888
2.0,2.0,2609,0.383,0.4349,-1.3453,-3509.87,5m,validation,0.4,2888
2.5,0.25,2609,0.356,0.604,-1.171,-3055.04,5m,validation,0.4,2888
2.5,0.5,2609,0.345,0.4938,-1.2858,-3354.58,5m,validation,0.4,2888
2.5,0.75,2609,0.342,0.4619,-1.318,-3438.56,5m,validation,0.4,2888
2.5,1.0,2609,0.34,0.4437,-1.3363,-3486.43,5m,validation,0.4,2888
2.5,1.5,2609,0.339,0.4224,-1.3578,-3542.46,5m,validation,0.4,2888
2.5,2.0,2609,0.339,0.41,-1.3702,-3574.83,5m,validation,0.4,2888
3.0,0.25,2609,0.326,0.609,-1.1628,-3033.86,5m,validation,0.4,2888
3.0,0.5,2609,0.312,0.473,-1.3063,-3408.09,5m,validation,0.4,2888
3.0,0.75,2609,0.306,0.4307,-1.349,-3519.59,5m,validation,0.4,2888
3.0,1.0,2609,0.304,0.4078,-1.3721,-3579.87,5m,validation,0.4,2888
3.0,1.5,2609,0.302,0.3809,-1.3993,-3650.69,5m,validation,0.4,2888
3.0,2.0,2609,0.301,0.3653,-1.4149,-3691.6,5m,validation,0.4,2888
3.5,0.25,2609,0.306,0.6312,-1.1352,-2961.69,5m,validation,0.4,2888
3.5,0.5,2609,0.286,0.4464,-1.3327,-3477.08,5m,validation,0.4,2888
3.5,0.75,2609,0.28,0.3906,-1.3891,-3624.24,5m,validation,0.4,2888
3.5,1.0,2609,0.275,0.3607,-1.4191,-3702.37,5m,validation,0.4,2888
3.5,1.5,2609,0.273,0.3269,-1.4531,-3791.25,5m,validation,0.4,2888
3.5,2.0,2609,0.271,0.3072,-1.473,-3842.99,5m,validation,0.4,2888
4.0,0.25,2609,0.292,0.6924,-1.0655,-2779.92,5m,validation,0.4,2888
4.0,0.5,2609,0.269,0.4988,-1.2793,-3337.57,5m,validation,0.4,2888
4.0,0.75,2609,0.262,0.4284,-1.3514,-3525.7,5m,validation,0.4,2888
4.0,1.0,2609,0.256,0.3928,-1.3871,-3618.89,5m,validation,0.4,2888
4.0,1.5,2609,0.252,0.3541,-1.4259,-3720.19,5m,validation,0.4,2888
4.0,2.0,2609,0.251,0.332,-1.4482,-3778.31,5m,validation,0.4,2888
4.5,0.25,2609,0.281,0.7725,-0.9764,-2547.35,5m,validation,0.4,2888
4.5,0.5,2609,0.255,0.5668,-1.2107,-3158.61,5m,validation,0.4,2888
4.5,0.75,2609,0.248,0.4889,-1.2908,-3367.76,5m,validation,0.4,2888
4.5,1.0,2609,0.241,0.4495,-1.3303,-3470.83,5m,validation,0.4,2888
4.5,1.5,2609,0.236,0.4068,-1.3732,-3582.65,5m,validation,0.4,2888
4.5,2.0,2609,0.235,0.3824,-1.3978,-3646.75,5m,validation,0.4,2888
5.0,0.25,2609,0.274,0.8347,-0.9042,-2359.07,5m,validation,0.4,2888
5.0,0.5,2609,0.245,0.6388,-1.1365,-2965.0,5m,validation,0.4,2888
5.0,0.75,2609,0.236,0.5509,-1.2287,-3205.75,5m,validation,0.4,2888
5.0,1.0,2609,0.228,0.5083,-1.2715,-3317.34,5m,validation,0.4,2888
5.0,1.5,2609,0.223,0.4628,-1.3171,-3436.32,5m,validation,0.4,2888
5.0,2.0,2609,0.221,0.4371,-1.343,-3503.86,5m,validation,0.4,2888
1.5,0.25,2601,0.441,0.5908,-1.1877,-3089.15,5m,validation,0.425,2888
1.5,0.5,2601,0.438,0.5703,-1.2094,-3145.52,5m,validation,0.425,2888
1.5,0.75,2601,0.436,0.5615,-1.2187,-3169.8,5m,validation,0.425,2888
1.5,1.0,2601,0.435,0.5566,-1.2236,-3182.52,5m,validation,0.425,2888
1.5,1.5,2601,0.433,0.5513,-1.229,-3196.51,5m,validation,0.425,2888
1.5,2.0,2601,0.433,0.5482,-1.232,-3204.35,5m,validation,0.425,2888
2.0,0.25,2601,0.394,0.5679,-1.21,-3147.24,5m,validation,0.425,2888
2.0,0.5,2601,0.387,0.5167,-1.2629,-3284.83,5m,validation,0.425,2888
2.0,0.75,2601,0.385,0.4979,-1.2821,-3334.78,5m,validation,0.425,2888
2.0,1.0,2601,0.384,0.4864,-1.2938,-3365.25,5m,validation,0.425,2888
2.0,1.5,2601,0.383,0.4731,-1.3071,-3399.77,5m,validation,0.425,2888
2.0,2.0,2601,0.383,0.4654,-1.3148,-3419.79,5m,validation,0.425,2888
2.5,0.25,2601,0.357,0.6285,-1.1462,-2981.36,5m,validation,0.425,2888
2.5,0.5,2601,0.346,0.5218,-1.2578,-3271.56,5m,validation,0.425,2888
2.5,0.75,2601,0.343,0.4911,-1.2888,-3352.11,5m,validation,0.425,2888
2.5,1.0,2601,0.341,0.4736,-1.3064,-3397.94,5m,validation,0.425,2888
2.5,1.5,2601,0.34,0.4531,-1.3271,-3451.72,5m,validation,0.425,2888
2.5,2.0,2601,0.339,0.4412,-1.339,-3482.83,5m,validation,0.425,2888
3.0,0.25,2601,0.326,0.6219,-1.1505,-2992.52,5m,validation,0.425,2888
3.0,0.5,2601,0.313,0.4845,-1.295,-3368.36,5m,validation,0.425,2888
3.0,0.75,2601,0.307,0.4412,-1.3387,-3481.92,5m,validation,0.425,2888
3.0,1.0,2601,0.305,0.4175,-1.3624,-3543.7,5m,validation,0.425,2888
3.0,1.5,2601,0.303,0.3896,-1.3906,-3616.95,5m,validation,0.425,2888
3.0,2.0,2601,0.302,0.3732,-1.407,-3659.59,5m,validation,0.425,2888
3.5,0.25,2601,0.306,0.6662,-1.1013,-2864.5,5m,validation,0.425,2888
3.5,0.5,2601,0.288,0.4901,-1.289,-3352.8,5m,validation,0.425,2888
3.5,0.75,2601,0.281,0.4369,-1.3429,-3492.76,5m,validation,0.425,2888
3.5,1.0,2601,0.278,0.4081,-1.3717,-3567.89,5m,validation,0.425,2888
3.5,1.5,2601,0.274,0.375,-1.4051,-3654.68,5m,validation,0.425,2888
3.5,2.0,2601,0.273,0.3557,-1.4245,-3705.06,5m,validation,0.425,2888
4.0,0.25,2601,0.29,0.6837,-1.0758,-2798.12,5m,validation,0.425,2888
4.0,0.5,2601,0.268,0.4934,-1.2848,-3341.72,5m,validation,0.425,2888
4.0,0.75,2601,0.261,0.4222,-1.3575,-3530.9,5m,validation,0.425,2888
4.0,1.0,2601,0.256,0.386,-1.3938,-3625.39,5m,validation,0.425,2888
4.0,1.5,2601,0.251,0.3463,-1.4338,-3729.29,5m,validation,0.425,2888
4.0,2.0,2601,0.25,0.3235,-1.4568,-3789.02,5m,validation,0.425,2888
4.5,0.25,2601,0.28,0.7705,-0.9797,-2548.29,5m,validation,0.425,2888
4.5,0.5,2601,0.256,0.5678,-1.2097,-3146.5,5m,validation,0.425,2888
4.5,0.75,2601,0.248,0.491,-1.2888,-3352.12,5m,validation,0.425,2888
4.5,1.0,2601,0.243,0.4521,-1.3278,-3453.58,5m,validation,0.425,2888
4.5,1.5,2601,0.237,0.4098,-1.3703,-3564.05,5m,validation,0.425,2888
4.5,2.0,2601,0.235,0.3856,-1.3946,-3627.47,5m,validation,0.425,2888
5.0,0.25,2601,0.273,0.8568,-0.8834,-2297.76,5m,validation,0.425,2888
5.0,0.5,2601,0.246,0.6599,-1.116,-2902.67,5m,validation,0.425,2888
5.0,0.75,2601,0.236,0.5727,-1.207,-3139.29,5m,validation,0.425,2888
5.0,1.0,2601,0.231,0.5307,-1.2491,-3248.92,5m,validation,0.425,2888
5.0,1.5,2601,0.224,0.4861,-1.2939,-3365.38,5m,validation,0.425,2888
5.0,2.0,2601,0.221,0.4609,-1.3192,-3431.37,5m,validation,0.425,2888
1.5,0.25,2595,0.44,0.621,-1.1576,-3003.94,5m,validation,0.45,2888
1.5,0.5,2595,0.438,0.6033,-1.1762,-3052.3,5m,validation,0.45,2888
1.5,0.75,2595,0.437,0.5955,-1.1845,-3073.88,5m,validation,0.45,2888
1.5,1.0,2595,0.436,0.5912,-1.1889,-3085.16,5m,validation,0.45,2888
1.5,1.5,2595,0.434,0.5864,-1.1937,-3097.58,5m,validation,0.45,2888
1.5,2.0,2595,0.432,0.5837,-1.1964,-3104.55,5m,validation,0.45,2888
2.0,0.25,2595,0.397,0.6068,-1.171,-3038.75,5m,validation,0.45,2888
2.0,0.5,2595,0.39,0.5581,-1.2214,-3169.45,5m,validation,0.45,2888
2.0,0.75,2595,0.388,0.5403,-1.2395,-3216.58,5m,validation,0.45,2888
2.0,1.0,2595,0.388,0.5294,-1.2507,-3245.47,5m,validation,0.45,2888
2.0,1.5,2595,0.386,0.5168,-1.2633,-3278.26,5m,validation,0.45,2888
2.0,2.0,2595,0.385,0.5094,-1.2707,-3297.35,5m,validation,0.45,2888
2.5,0.25,2595,0.359,0.6795,-1.0957,-2843.37,5m,validation,0.45,2888
2.5,0.5,2595,0.35,0.5724,-1.2071,-3132.4,5m,validation,0.45,2888
2.5,0.75,2595,0.346,0.5411,-1.2386,-3214.08,5m,validation,0.45,2888
2.5,1.0,2595,0.345,0.523,-1.2569,-3261.59,5m,validation,0.45,2888
2.5,1.5,2595,0.344,0.5018,-1.2783,-3317.1,5m,validation,0.45,2888
2.5,2.0,2595,0.343,0.4894,-1.2907,-3349.3,5m,validation,0.45,2888
3.0,0.25,2595,0.327,0.6592,-1.1129,-2888.03,5m,validation,0.45,2888
3.0,0.5,2595,0.315,0.5241,-1.2553,-3257.54,5m,validation,0.45,2888
3.0,0.75,2595,0.309,0.4816,-1.2981,-3368.52,5m,validation,0.45,2888
3.0,1.0,2595,0.308,0.4585,-1.3213,-3428.73,5m,validation,0.45,2888
3.0,1.5,2595,0.305,0.4313,-1.3488,-3500.13,5m,validation,0.45,2888
3.0,2.0,2595,0.304,0.4152,-1.3648,-3541.74,5m,validation,0.45,2888
3.5,0.25,2595,0.306,0.7006,-1.0672,-2769.39,5m,validation,0.45,2888
3.5,0.5,2595,0.29,0.5287,-1.2502,-3244.37,5m,validation,0.45,2888
3.5,0.75,2595,0.284,0.4766,-1.303,-3381.28,5m,validation,0.45,2888
3.5,1.0,2595,0.281,0.4482,-1.3315,-3455.31,5m,validation,0.45,2888
3.5,1.5,2595,0.277,0.4152,-1.3648,-3541.74,5m,validation,0.45,2888
3.5,2.0,2595,0.274,0.3959,-1.3841,-3591.84,5m,validation,0.45,2888
4.0,0.25,2595,0.291,0.7337,-1.0269,-2664.74,5m,validation,0.45,2888
4.0,0.5,2595,0.271,0.543,-1.2356,-3206.3,5m,validation,0.45,2888
4.0,0.75,2595,0.264,0.4831,-1.2965,-3364.53,5m,validation,0.45,2888
4.0,1.0,2595,0.26,0.4509,-1.3289,-3448.41,5m,validation,0.45,2888
4.0,1.5,2595,0.255,0.4143,-1.3657,-3543.91,5m,validation,0.45,2888
4.0,2.0,2595,0.252,0.3929,-1.3872,-3599.71,5m,validation,0.45,2888
4.5,0.25,2595,0.281,0.8156,-0.9353,-2427.0,5m,validation,0.45,2888
4.5,0.5,2595,0.258,0.614,-1.1633,-3018.68,5m,validation,0.45,2888
4.5,0.75,2595,0.25,0.5374,-1.2422,-3223.38,5m,validation,0.45,2888
4.5,1.0,2595,0.247,0.4986,-1.2811,-3324.37,5m,validation,0.45,2888
4.5,1.5,2595,0.24,0.4565,-1.3234,-3434.15,5m,validation,0.45,2888
4.5,2.0,2595,0.237,0.4324,-1.3477,-3497.19,5m,validation,0.45,2888
5.0,0.25,2595,0.276,0.9136,-0.828,-2148.6,5m,validation,0.45,2888
5.0,0.5,2595,0.249,0.712,-1.0643,-2761.75,5m,validation,0.45,2888
5.0,0.75,2595,0.239,0.6228,-1.1567,-3001.74,5m,validation,0.45,2888
5.0,1.0,2595,0.234,0.5801,-1.1996,-3113.08,5m,validation,0.45,2888
5.0,1.5,2595,0.228,0.5344,-1.2454,-3231.92,5m,validation,0.45,2888
5.0,2.0,2595,0.224,0.5086,-1.2715,-3299.45,5m,validation,0.45,2888
1.5,0.25,2590,0.439,0.584,-1.1942,-3092.98,5m,validation,0.475,2888
1.5,0.5,2590,0.435,0.566,-1.2131,-3141.96,5m,validation,0.475,2888
1.5,0.75,2590,0.435,0.5583,-1.2213,-3163.14,5m,validation,0.475,2888
1.5,1.0,2590,0.434,0.5541,-1.2255,-3174.05,5m,validation,0.475,2888
1.5,1.5,2590,0.433,0.5494,-1.2301,-3186.04,5m,validation,0.475,2888
1.5,2.0,2590,0.431,0.5468,-1.2327,-3192.75,5m,validation,0.475,2888
2.0,0.25,2590,0.396,0.5764,-1.201,-3110.48,5m,validation,0.475,2888
2.0,0.5,2590,0.388,0.5314,-1.2476,-3231.31,5m,validation,0.475,2888
2.0,0.75,2590,0.388,0.5141,-1.2654,-3277.35,5m,validation,0.475,2888
2.0,1.0,2590,0.388,0.5034,-1.2762,-3305.44,5m,validation,0.475,2888
2.0,1.5,2590,0.386,0.4911,-1.2885,-3337.12,5m,validation,0.475,2888
2.0,2.0,2590,0.386,0.484,-1.2955,-3355.44,5m,validation,0.475,2888
2.5,0.25,2590,0.358,0.639,-1.1367,-2944.05,5m,validation,0.475,2888
2.5,0.5,2590,0.347,0.5375,-1.2415,-3215.45,5m,validation,0.475,2888
2.5,0.75,2590,0.344,0.5085,-1.2709,-3291.51,5m,validation,0.475,2888
2.5,1.0,2590,0.344,0.4914,-1.2882,-3336.5,5m,validation,0.475,2888
2.5,1.5,2590,0.342,0.4716,-1.308,-3387.8,5m,validation,0.475,2888
2.5,2.0,2590,0.341,0.46,-1.3196,-3417.69,5m,validation,0.475,2888
3.0,0.25,2590,0.327,0.6375,-1.1343,-2937.94,5m,validation,0.475,2888
3.0,0.5,2590,0.314,0.5029,-1.276,-3304.79,5m,validation,0.475,2888
3.0,0.75,2590,0.308,0.4612,-1.3181,-3413.8,5m,validation,0.475,2888
3.0,1.0,2590,0.307,0.4377,-1.3417,-3475.02,5m,validation,0.475,2888
3.0,1.5,2590,0.305,0.4102,-1.3694,-3546.67,5m,validation,0.475,2888
3.0,2.0,2590,0.304,0.3942,-1.3855,-3588.33,5m,validation,0.475,2888
3.5,0.25,2590,0.307,0.6873,-1.0806,-2798.85,5m,validation,0.475,2888
3.5,0.5,2590,0.289,0.5157,-1.2629,-3270.83,5m,validation,0.475,2888
3.5,0.75,2590,0.283,0.4648,-1.3143,-3404.06,5m,validation,0.475,2888
3.5,1.0,2590,0.28,0.437,-1.3423,-3476.43,5m,validation,0.475,2888
3.5,1.5,2590,0.276,0.4046,-1.375,-3561.31,5m,validation,0.475,2888
3.5,2.0,2590,0.275,0.3855,-1.3941,-3610.65,5m,validation,0.475,2888
4.0,0.25,2590,0.291,0.6964,-1.0658,-2760.41,5m,validation,0.475,2888
4.0,0.5,2590,0.269,0.5002,-1.2784,-3311.06,5m,validation,0.475,2888
4.0,0.75,2590,0.261,0.4406,-1.3385,-3466.73,5m,validation,0.475,2888
4.0,1.0,2590,0.258,0.4085,-1.3708,-3550.27,5m,validation,0.475,2888
4.0,1.5,2590,0.253,0.3717,-1.4079,-3646.41,5m,validation,0.475,2888
4.0,2.0,2590,0.251,0.3501,-1.4295,-3702.3,5m,validation,0.475,2888
4.5,0.25,2590,0.28,0.7674,-0.9855,-2552.38,5m,validation,0.475,2888
4.5,0.5,2590,0.256,0.5631,-1.2141,-3144.49,5m,validation,0.475,2888
4.5,0.75,2590,0.248,0.4889,-1.2902,-3341.73,5m,validation,0.475,2888
4.5,1.0,2590,0.245,0.4508,-1.3284,-3440.5,5m,validation,0.475,2888
4.5,1.5,2590,0.238,0.4094,-1.37,-3548.19,5m,validation,0.475,2888
4.5,2.0,2590,0.236,0.3857,-1.3939,-3610.2,5m,validation,0.475,2888
5.0,0.25,2590,0.274,0.8546,-0.889,-2302.42,5m,validation,0.475,2888
5.0,0.5,2590,0.247,0.6533,-1.1229,-2908.4,5m,validation,0.475,2888
5.0,0.75,2590,0.237,0.5676,-1.2115,-3137.83,5m,validation,0.475,2888
5.0,1.0,2590,0.232,0.5259,-1.2533,-3246.03,5m,validation,0.475,2888
5.0,1.5,2590,0.225,0.4811,-1.2983,-3362.71,5m,validation,0.475,2888
5.0,2.0,2590,0.224,0.4555,-1.3241,-3429.54,5m,validation,0.475,2888
1.5,0.25,2584,0.44,0.5774,-1.2009,-3103.09,5m,validation,0.5,2888
1.5,0.5,2584,0.436,0.5596,-1.2195,-3151.26,5m,validation,0.5,2888
1.5,0.75,2584,0.435,0.552,-1.2276,-3172.12,5m,validation,0.5,2888
1.5,1.0,2584,0.434,0.5479,-1.2318,-3182.86,5m,validation,0.5,2888
1.5,1.5,2584,0.434,0.5433,-1.2363,-3194.66,5m,validation,0.5,2888
1.5,2.0,2584,0.432,0.5408,-1.2389,-3201.27,5m,validation,0.5,2888
2.0,0.25,2584,0.401,0.5836,-1.194,-3085.37,5m,validation,0.5,2888
2.0,0.5,2584,0.394,0.541,-1.2381,-3199.27,5m,validation,0.5,2888
2.0,0.75,2584,0.392,0.5236,-1.256,-3245.6,5m,validation,0.5,2888
2.0,1.0,2584,0.392,0.5137,-1.266,-3271.32,5m,validation,0.5,2888
2.0,1.5,2584,0.391,0.5023,-1.2773,-3300.58,5m,validation,0.5,2888
2.0,2.0,2584,0.39,0.4958,-1.2838,-3317.46,5m,validation,0.5,2888
2.5,0.25,2584,0.361,0.6329,-1.1433,-2954.18,5m,validation,0.5,2888
2.5,0.5,2584,0.351,0.5389,-1.2402,-3204.57,5m,validation,0.5,2888
2.5,0.75,2584,0.347,0.5119,-1.2675,-3275.27,5m,validation,0.5,2888
2.5,1.0,2584,0.346,0.4959,-1.2838,-3317.25,5m,validation,0.5,2888
2.5,1.5,2584,0.345,0.4774,-1.3023,-3365.11,5m,validation,0.5,2888
2.5,2.0,2584,0.344,0.4666,-1.3131,-3393.02,5m,validation,0.5,2888
3.0,0.25,2584,0.329,0.6554,-1.1173,-2887.07,5m,validation,0.5,2888
3.0,0.5,2584,0.316,0.5247,-1.2544,-3241.33,5m,validation,0.5,2888
3.0,0.75,2584,0.31,0.4839,-1.2954,-3347.44,5m,validation,0.5,2888
3.0,1.0,2584,0.309,0.461,-1.3185,-3407.04,5m,validation,0.5,2888
3.0,1.5,2584,0.308,0.4342,-1.3455,-3476.74,5m,validation,0.5,2888
3.0,2.0,2584,0.306,0.4185,-1.3612,-3517.23,5m,validation,0.5,2888
3.5,0.25,2584,0.309,0.6967,-1.0725,-2771.24,5m,validation,0.5,2888
3.5,0.5,2584,0.292,0.5274,-1.2513,-3233.44,5m,validation,0.5,2888
3.5,0.75,2584,0.284,0.4775,-1.3016,-3363.44,5m,validation,0.5,2888
3.5,1.0,2584,0.283,0.4504,-1.3289,-3433.89,5m,validation,0.5,2888
3.5,1.5,2584,0.279,0.4189,-1.3608,-3516.31,5m,validation,0.5,2888
3.5,2.0,2584,0.277,0.4004,-1.3793,-3564.1,5m,validation,0.5,2888
4.0,0.25,2584,0.293,0.7358,-1.0274,-2654.8,5m,validation,0.5,2888
4.0,0.5,2584,0.272,0.5403,-1.2383,-3199.79,5m,validation,0.5,2888
4.0,0.75,2584,0.264,0.4808,-1.2984,-3355.01,5m,validation,0.5,2888
4.0,1.0,2584,0.262,0.4487,-1.3306,-3438.21,5m,validation,0.5,2888
4.0,1.5,2584,0.257,0.412,-1.3676,-3533.79,5m,validation,0.5,2888
4.0,2.0,2584,0.254,0.3906,-1.389,-3589.3,5m,validation,0.5,2888
4.5,0.25,2584,0.281,0.7752,-0.9794,-2530.67,5m,validation,0.5,2888
4.5,0.5,2584,0.259,0.5839,-1.1936,-3084.15,5m,validation,0.5,2888
4.5,0.75,2584,0.25,0.5119,-1.2673,-3274.72,5m,validation,0.5,2888
4.5,1.0,2584,0.247,0.4749,-1.3044,-3370.55,5m,validation,0.5,2888
4.5,1.5,2584,0.241,0.4344,-1.3452,-3475.87,5m,validation,0.5,2888
4.5,2.0,2584,0.238,0.411,-1.3686,-3536.57,5m,validation,0.5,2888
5.0,0.25,2584,0.275,0.8716,-0.873,-2255.88,5m,validation,0.5,2888
5.0,0.5,2584,0.25,0.6694,-1.1069,-2860.19,5m,validation,0.5,2888
5.0,0.75,2584,0.238,0.5844,-1.1948,-3087.38,5m,validation,0.5,2888
5.0,1.0,2584,0.235,0.543,-1.2363,-3194.62,5m,validation,0.5,2888
5.0,1.5,2584,0.229,0.4983,-1.2811,-3310.49,5m,validation,0.5,2888
5.0,2.0,2584,0.226,0.4729,-1.3068,-3376.84,5m,validation,0.5,2888
1.5,0.25,2578,0.443,0.5846,-1.1935,-3076.86,5m,validation,0.525,2888
1.5,0.5,2578,0.44,0.5684,-1.2107,-3121.12,5m,validation,0.525,2888
1.5,0.75,2578,0.439,0.5613,-1.2181,-3140.39,5m,validation,0.525,2888
1.5,1.0,2578,0.438,0.5575,-1.2219,-3150.12,5m,validation,0.525,2888
1.5,1.5,2578,0.437,0.5534,-1.226,-3160.71,5m,validation,0.525,2888
1.5,2.0,2578,0.437,0.5511,-1.2283,-3166.6,5m,validation,0.525,2888
2.0,0.25,2578,0.403,0.6181,-1.1596,-2989.42,5m,validation,0.525,2888
2.0,0.5,2578,0.396,0.5788,-1.2,-3093.72,5m,validation,0.525,2888
2.0,0.75,2578,0.395,0.5627,-1.2167,-3136.73,5m,validation,0.525,2888
2.0,1.0,2578,0.394,0.5534,-1.2261,-3160.76,5m,validation,0.525,2888
2.0,1.5,2578,0.394,0.5427,-1.2367,-3188.2,5m,validation,0.525,2888
2.0,2.0,2578,0.394,0.5366,-1.2429,-3204.09,5m,validation,0.525,2888
2.5,0.25,2578,0.364,0.6492,-1.1275,-2906.78,5m,validation,0.525,2888
2.5,0.5,2578,0.353,0.5831,-1.1958,-3082.65,5m,validation,0.525,2888
2.5,0.75,2578,0.351,0.5577,-1.2215,-3149.1,5m,validation,0.525,2888
2.5,1.0,2578,0.35,0.5425,-1.2369,-3188.77,5m,validation,0.525,2888
2.5,1.5,2578,0.349,0.525,-1.2545,-3234.13,5m,validation,0.525,2888
2.5,2.0,2578,0.348,0.5147,-1.2648,-3260.66,5m,validation,0.525,2888
3.0,0.25,2578,0.332,0.6698,-1.1031,-2843.85,5m,validation,0.525,2888
3.0,0.5,2578,0.319,0.5449,-1.234,-3181.16,5m,validation,0.525,2888
3.0,0.75,2578,0.314,0.5064,-1.2727,-3281.08,5m,validation,0.525,2888
3.0,1.0,2578,0.311,0.4846,-1.2948,-3337.88,5m,validation,0.525,2888
3.0,1.5,2578,0.31,0.4591,-1.3204,-3404.03,5m,validation,0.525,2888
3.0,2.0,2578,0.31,0.4442,-1.3353,-3442.46,5m,validation,0.525,2888
3.5,0.25,2578,0.311,0.7021,-1.0671,-2751.05,5m,validation,0.525,2888
3.5,0.5,2578,0.294,0.5375,-1.2411,-3199.46,5m,validation,0.525,2888
3.5,0.75,2578,0.287,0.4893,-1.2896,-3324.7,5m,validation,0.525,2888
3.5,1.0,2578,0.284,0.4633,-1.3159,-3392.36,5m,validation,0.525,2888
3.5,1.5,2578,0.282,0.4329,-1.3466,-3471.54,5m,validation,0.525,2888
3.5,2.0,2578,0.28,0.4151,-1.3644,-3517.47,5m,validation,0.525,2888
4.0,0.25,2578,0.295,0.7447,-1.0193,-2627.88,5m,validation,0.525,2888
4.0,0.5,2578,0.274,0.551,-1.2275,-3164.48,5m,validation,0.525,2888
4.0,0.75,2578,0.266,0.4919,-1.2871,-3318.03,5m,validation,0.525,2888
4.0,1.0,2578,0.262,0.46,-1.3191,-3400.76,5m,validation,0.525,2888
4.0,1.5,2578,0.258,0.4231,-1.3564,-3496.7,5m,validation,0.525,2888
4.0,2.0,2578,0.256,0.4015,-1.3779,-3552.29,5m,validation,0.525,2888
4.5,0.25,2578,0.285,0.8194,-0.936,-2413.05,5m,validation,0.525,2888
4.5,0.5,2578,0.262,0.631,-1.1463,-2955.11,5m,validation,0.525,2888
4.5,0.75,2578,0.253,0.5603,-1.2187,-3141.89,5m,validation,0.525,2888
4.5,1.0,2578,0.249,0.524,-1.2551,-3235.69,5m,validation,0.525,2888
4.5,1.5,2578,0.244,0.4843,-1.295,-3338.6,5m,validation,0.525,2888
4.5,2.0,2578,0.241,0.4614,-1.318,-3397.91,5m,validation,0.525,2888
5.0,0.25,2578,0.278,0.8957,-0.8497,-2190.46,5m,validation,0.525,2888
5.0,0.5,2578,0.253,0.6966,-1.0796,-2783.23,5m,validation,0.525,2888
5.0,0.75,2578,0.242,0.6129,-1.1661,-3006.28,5m,validation,0.525,2888
5.0,1.0,2578,0.237,0.5721,-1.207,-3111.72,5m,validation,0.525,2888
5.0,1.5,2578,0.231,0.5281,-1.2512,-3225.61,5m,validation,0.525,2888
5.0,2.0,2578,0.228,0.503,-1.2765,-3290.87,5m,validation,0.525,2888
1.5,0.25,2568,0.442,0.5941,-1.1832,-3038.45,5m,validation,0.55,2888
1.5,0.5,2568,0.438,0.5791,-1.1992,-3079.6,5m,validation,0.55,2888
1.5,0.75,2568,0.437,0.5725,-1.2061,-3097.37,5m,validation,0.55,2888
1.5,1.0,2568,0.435,0.5691,-1.2096,-3106.3,5m,validation,0.55,2888
1.5,1.5,2568,0.435,0.5653,-1.2134,-3116.01,5m,validation,0.55,2888
1.5,2.0,2568,0.435,0.5632,-1.2155,-3121.43,5m,validation,0.55,2888
2.0,0.25,2568,0.405,0.6314,-1.1456,-2941.8,5m,validation,0.55,2888
2.0,0.5,2568,0.398,0.595,-1.1831,-3038.27,5m,validation,0.55,2888
2.0,0.75,2568,0.397,0.5799,-1.1988,-3078.53,5m,validation,0.55,2888
2.0,1.0,2568,0.396,0.5712,-1.2075,-3100.8,5m,validation,0.55,2888
2.0,1.5,2568,0.395,0.5613,-1.2173,-3126.09,5m,validation,0.55,2888
2.0,2.0,2568,0.395,0.5557,-1.223,-3140.65,5m,validation,0.55,2888
2.5,0.25,2568,0.364,0.6432,-1.1331,-2909.77,5m,validation,0.55,2888
2.5,0.5,2568,0.353,0.5803,-1.1978,-3076.02,5m,validation,0.55,2888
2.5,0.75,2568,0.351,0.5565,-1.2219,-3137.81,5m,validation,0.55,2888
2.5,1.0,2568,0.349,0.5422,-1.2364,-3175.14,5m,validation,0.55,2888
2.5,1.5,2568,0.348,0.5256,-1.2531,-3217.99,5m,validation,0.55,2888
2.5,2.0,2568,0.348,0.5158,-1.2629,-3243.08,5m,validation,0.55,2888
3.0,0.25,2568,0.332,0.6707,-1.1024,-2830.87,5m,validation,0.55,2888
3.0,0.5,2568,0.319,0.5476,-1.2305,-3159.84,5m,validation,0.55,2888
3.0,0.75,2568,0.315,0.5093,-1.2691,-3259.16,5m,validation,0.55,2888
3.0,1.0,2568,0.313,0.4873,-1.2914,-3316.26,5m,validation,0.55,2888
3.0,1.5,2568,0.311,0.462,-1.3167,-3381.21,5m,validation,0.55,2888
3.0,2.0,2568,0.311,0.4473,-1.3314,-3419.02,5m,validation,0.55,2888
3.5,0.25,2568,0.313,0.6913,-1.0775,-2767.07,5m,validation,0.55,2888
3.5,0.5,2568,0.295,0.5356,-1.2421,-3189.77,5m,validation,0.55,2888
3.5,0.75,2568,0.289,0.4887,-1.2895,-3311.43,5m,validation,0.55,2888
3.5,1.0,2568,0.285,0.4626,-1.3158,-3378.98,5m,validation,0.55,2888
3.5,1.5,2568,0.283,0.4325,-1.3462,-3457.15,5m,validation,0.55,2888
3.5,2.0,2568,0.282,0.4149,-1.3638,-3502.28,5m,validation,0.55,2888
4.0,0.25,2568,0.298,0.7858,-0.9777,-2510.75,5m,validation,0.55,2888
4.0,0.5,2568,0.275,0.5953,-1.1824,-3036.28,5m,validation,0.55,2888
4.0,0.75,2568,0.269,0.5375,-1.2408,-3186.28,5m,validation,0.55,2888
4.0,1.0,2568,0.265,0.5061,-1.2723,-3267.14,5m,validation,0.55,2888
4.0,1.5,2568,0.261,0.4698,-1.3089,-3361.2,5m,validation,0.55,2888
4.0,2.0,2568,0.259,0.4486,-1.3301,-3415.74,5m,validation,0.55,2888
4.5,0.25,2568,0.286,0.8265,-0.93,-2388.16,5m,validation,0.55,2888
4.5,0.5,2568,0.262,0.629,-1.1483,-2948.95,5m,validation,0.55,2888
4.5,0.75,2568,0.254,0.5679,-1.2103,-3108.08,5m,validation,0.55,2888
4.5,1.0,2568,0.25,0.5352,-1.2431,-3192.32,5m,validation,0.55,2888
4.5,1.5,2568,0.244,0.498,-1.2806,-3288.52,5m,validation,0.55,2888
4.5,2.0,2568,0.242,0.4764,-1.3023,-3344.32,5m,validation,0.55,2888
5.0,0.25,2568,0.279,0.8925,-0.8543,-2193.95,5m,validation,0.55,2888
5.0,0.5,2568,0.253,0.6914,-1.0846,-2785.23,5m,validation,0.55,2888
5.0,0.75,2568,0.243,0.6075,-1.1706,-3006.22,5m,validation,0.55,2888
5.0,1.0,2568,0.238,0.5667,-1.2117,-3111.56,5m,validation,0.55,2888
5.0,1.5,2568,0.231,0.5223,-1.2563,-3226.07,5m,validation,0.55,2888
5.0,2.0,2568,0.229,0.4969,-1.2818,-3291.65,5m,validation,0.55,2888
1.5,0.25,2567,0.445,0.6061,-1.1709,-3005.64,5m,validation,0.575,2888
1.5,0.5,2567,0.442,0.5913,-1.1867,-3046.35,5m,validation,0.575,2888
1.5,0.75,2567,0.44,0.5854,-1.193,-3062.42,5m,validation,0.575,2888
1.5,1.0,2567,0.439,0.5822,-1.1961,-3070.44,5m,validation,0.575,2888
1.5,1.5,2567,0.437,0.5789,-1.1995,-3079.07,5m,validation,0.575,2888
1.5,2.0,2567,0.437,0.577,-1.2013,-3083.83,5m,validation,0.575,2888
2.0,0.25,2567,0.405,0.6239,-1.1529,-2959.43,5m,validation,0.575,2888
2.0,0.5,2567,0.399,0.5877,-1.19,-3054.73,5m,validation,0.575,2888
2.0,0.75,2567,0.397,0.5728,-1.2055,-3094.56,5m,validation,0.575,2888
2.0,1.0,2567,0.396,0.5642,-1.2141,-3116.61,5m,validation,0.575,2888
2.0,1.5,2567,0.395,0.5545,-1.2239,-3141.67,5m,validation,0.575,2888
2.0,2.0,2567,0.395,0.5488,-1.2295,-3156.09,5m,validation,0.575,2888
2.5,0.25,2567,0.363,0.6257,-1.1506,-2953.51,5m,validation,0.575,2888
2.5,0.5,2567,0.353,0.5633,-1.2145,-3117.51,5m,validation,0.575,2888
2.5,0.75,2567,0.35,0.5389,-1.2393,-3181.33,5m,validation,0.575,2888
2.5,1.0,2567,0.35,0.524,-1.2543,-3219.87,5m,validation,0.575,2888
2.5,1.5,2567,0.348,0.5069,-1.2714,-3263.78,5m,validation,0.575,2888
2.5,2.0,2567,0.347,0.497,-1.2814,-3289.33,5m,validation,0.575,2888
3.0,0.25,2567,0.336,0.6992,-1.0738,-2756.56,5m,validation,0.575,2888
3.0,0.5,2567,0.324,0.5828,-1.195,-3067.61,5m,validation,0.575,2888
3.0,0.75,2567,0.319,0.5474,-1.2307,-3159.14,5m,validation,0.575,2888
3.0,1.0,2567,0.318,0.527,-1.2514,-3212.26,5m,validation,0.575,2888
3.0,1.5,2567,0.316,0.5034,-1.275,-3272.87,5m,validation,0.575,2888
3.0,2.0,2567,0.314,0.4897,-1.2887,-3308.17,5m,validation,0.575,2888
3.5,0.25,2567,0.313,0.691,-1.0784,-2768.28,5m,validation,0.575,2888
3.5,0.5,2567,0.296,0.5459,-1.2316,-3161.59,5m,validation,0.575,2888
3.5,0.75,2567,0.289,0.5007,-1.2772,-3278.56,5m,validation,0.575,2888
3.5,1.0,2567,0.287,0.4755,-1.3026,-3343.71,5m,validation,0.575,2888
3.5,1.5,2567,0.284,0.4464,-1.332,-3419.21,5m,validation,0.575,2888
3.5,2.0,2567,0.282,0.4294,-1.349,-3462.76,5m,validation,0.575,2888
4.0,0.25,2567,0.298,0.7793,-0.9855,-2529.77,5m,validation,0.575,2888
4.0,0.5,2567,0.278,0.587,-1.1904,-3055.75,5m,validation,0.575,2888
4.0,0.75,2567,0.27,0.5288,-1.2491,-3206.36,5m,validation,0.575,2888
4.0,1.0,2567,0.268,0.4974,-1.2807,-3287.5,5m,validation,0.575,2888
4.0,1.5,2567,0.263,0.461,-1.3174,-3381.64,5m,validation,0.575,2888
4.0,2.0,2567,0.26,0.4398,-1.3386,-3436.14,5m,validation,0.575,2888
4.5,0.25,2567,0.288,0.8393,-0.9184,-2357.5,5m,validation,0.575,2888
4.5,0.5,2567,0.265,0.6449,-1.1323,-2906.55,5m,validation,0.575,2888
4.5,0.75,2567,0.256,0.5858,-1.1921,-3060.07,5m,validation,0.575,2888
4.5,1.0,2567,0.253,0.5541,-1.2239,-3141.75,5m,validation,0.575,2888
4.5,1.5,2567,0.248,0.5178,-1.2606,-3235.88,5m,validation,0.575,2888
4.5,2.0,2567,0.243,0.4966,-1.2818,-3290.3,5m,validation,0.575,2888
5.0,0.25,2567,0.28,0.8999,-0.8485,-2178.18,5m,validation,0.575,2888
5.0,0.5,2567,0.255,0.6952,-1.0809,-2774.69,5m,validation,0.575,2888
5.0,0.75,2567,0.245,0.6173,-1.1606,-2979.14,5m,validation,0.575,2888
5.0,1.0,2567,0.241,0.5773,-1.2007,-3082.08,5m,validation,0.575,2888
5.0,1.5,2567,0.235,0.5337,-1.2445,-3194.73,5m,validation,0.575,2888
5.0,2.0,2567,0.231,0.5086,-1.2698,-3259.45,5m,validation,0.575,2888
1.5,0.25,2563,0.443,0.5955,-1.1814,-3027.81,5m,validation,0.6,2888
1.5,0.5,2563,0.44,0.5833,-1.1946,-3061.72,5m,validation,0.6,2888
1.5,0.75,2563,0.438,0.5784,-1.1998,-3075.09,5m,validation,0.6,2888
1.5,1.0,2563,0.437,0.5759,-1.2023,-3081.5,5m,validation,0.6,2888
1.5,1.5,2563,0.435,0.5733,-1.2049,-3088.21,5m,validation,0.6,2888
1.5,2.0,2563,0.434,0.5719,-1.2063,-3091.8,5m,validation,0.6,2888
2.0,0.25,2563,0.405,0.6072,-1.1695,-2997.5,5m,validation,0.6,2888
2.0,0.5,2563,0.398,0.5731,-1.2046,-3087.48,5m,validation,0.6,2888
2.0,0.75,2563,0.397,0.559,-1.2193,-3124.98,5m,validation,0.6,2888
2.0,1.0,2563,0.395,0.551,-1.2272,-3145.36,5m,validation,0.6,2888
2.0,1.5,2563,0.394,0.542,-1.2362,-3168.37,5m,validation,0.6,2888
2.0,2.0,2563,0.394,0.5369,-1.2413,-3181.54,5m,validation,0.6,2888
2.5,0.25,2563,0.364,0.6089,-1.1672,-2991.55,5m,validation,0.6,2888
2.5,0.5,2563,0.353,0.5492,-1.2284,-3148.5,5m,validation,0.6,2888
2.5,0.75,2563,0.351,0.525,-1.2532,-3212.03,5m,validation,0.6,2888
2.5,1.0,2563,0.35,0.511,-1.2672,-3247.92,5m,validation,0.6,2888
2.5,1.5,2563,0.348,0.495,-1.2832,-3288.94,5m,validation,0.6,2888
2.5,2.0,2563,0.348,0.4857,-1.2925,-3312.72,5m,validation,0.6,2888
3.0,0.25,2563,0.338,0.7052,-1.0681,-2737.67,5m,validation,0.6,2888
3.0,0.5,2563,0.325,0.6105,-1.1672,-2991.52,5m,validation,0.6,2888
3.0,0.75,2563,0.322,0.5762,-1.2018,-3080.28,5m,validation,0.6,2888
3.0,1.0,2563,0.32,0.5564,-1.2219,-3131.77,5m,validation,0.6,2888
3.0,1.5,2563,0.318,0.5334,-1.2449,-3190.64,5m,validation,0.6,2888
3.0,2.0,2563,0.318,0.52,-1.2583,-3224.97,5m,validation,0.6,2888
3.5,0.25,2563,0.315,0.6808,-1.0893,-2791.8,5m,validation,0.6,2888
3.5,0.5,2563,0.298,0.554,-1.2237,-3136.29,5m,validation,0.6,2888
3.5,0.75,2563,0.293,0.5085,-1.2694,-3253.58,5m,validation,0.6,2888
3.5,1.0,2563,0.29,0.4827,-1.2953,-3319.97,5m,validation,0.6,2888
3.5,1.5,2563,0.288,0.4528,-1.3255,-3397.29,5m,validation,0.6,2888
3.5,2.0,2563,0.286,0.4352,-1.343,-3442.17,5m,validation,0.6,2888
4.0,0.25,2563,0.3,0.7499,-1.0159,-2603.76,5m,validation,0.6,2888
4.0,0.5,2563,0.279,0.5819,-1.1954,-3063.8,5m,validation,0.6,2888
4.0,0.75,2563,0.273,0.5252,-1.2526,-3210.34,5m,validation,0.6,2888
4.0,1.0,2563,0.269,0.4938,-1.2842,-3291.36,5m,validation,0.6,2888
4.0,1.5,2563,0.265,0.4576,-1.3207,-3384.86,5m,validation,0.6,2888
4.0,2.0,2563,0.263,0.4366,-1.3417,-3438.85,5m,validation,0.6,2888
4.5,0.25,2563,0.289,0.8216,-0.9376,-2402.98,5m,validation,0.6,2888
4.5,0.5,2563,0.265,0.647,-1.1299,-2895.99,5m,validation,0.6,2888
4.5,0.75,2563,0.258,0.5872,-1.1906,-3051.51,5m,validation,0.6,2888
4.5,1.0,2563,0.254,0.555,-1.2229,-3134.34,5m,validation,0.6,2888
4.5,1.5,2563,0.25,0.518,-1.2603,-3230.06,5m,validation,0.6,2888
4.5,2.0,2563,0.247,0.4965,-1.2818,-3285.33,5m,validation,0.6,2888
5.0,0.25,2563,0.281,0.8779,-0.8714,-2233.52,5m,validation,0.6,2888
5.0,0.5,2563,0.255,0.6974,-1.0786,-2764.37,5m,validation,0.6,2888
5.0,0.75,2563,0.247,0.6204,-1.1574,-2966.3,5m,validation,0.6,2888
5.0,1.0,2563,0.242,0.5807,-1.1972,-3068.4,5m,validation,0.6,2888
5.0,1.5,2563,0.236,0.537,-1.2412,-3181.23,5m,validation,0.6,2888
5.0,2.0,2563,0.233,0.5118,-1.2665,-3245.93,5m,validation,0.6,2888
1.5,0.25,2554,0.439,0.5762,-1.1997,-3064.04,5m,validation,0.625,2888
1.5,0.5,2554,0.436,0.5622,-1.2148,-3102.54,5m,validation,0.625,2888
1.5,0.75,2554,0.435,0.5577,-1.2195,-3114.65,5m,validation,0.625,2888
1.5,1.0,2554,0.433,0.5554,-1.2218,-3120.5,5m,validation,0.625,2888
1.5,1.5,2554,0.431,0.553,-1.2242,-3126.67,5m,validation,0.625,2888
1.5,2.0,2554,0.431,0.5517,-1.2255,-3130.04,5m,validation,0.625,2888
2.0,0.25,2554,0.403,0.6009,-1.1746,-3000.05,5m,validation,0.625,2888
2.0,0.5,2554,0.396,0.5665,-1.2102,-3090.93,5m,validation,0.625,2888
2.0,0.75,2554,0.396,0.5522,-1.2251,-3128.85,5m,validation,0.625,2888
2.0,1.0,2554,0.395,0.5441,-1.2331,-3149.45,5m,validation,0.625,2888
2.0,1.5,2554,0.393,0.535,-1.2423,-3172.77,5m,validation,0.625,2888
2.0,2.0,2554,0.393,0.5297,-1.2475,-3186.19,5m,validation,0.625,2888
2.5,0.25,2554,0.364,0.6086,-1.1664,-2978.87,5m,validation,0.625,2888
2.5,0.5,2554,0.353,0.5497,-1.2269,-3133.62,5m,validation,0.625,2888
2.5,0.75,2554,0.352,0.5256,-1.2517,-3196.8,5m,validation,0.625,2888
2.5,1.0,2554,0.351,0.5117,-1.2656,-3232.31,5m,validation,0.625,2888
2.5,1.5,2554,0.349,0.4957,-1.2815,-3272.98,5m,validation,0.625,2888
2.5,2.0,2554,0.349,0.4865,-1.2908,-3296.59,5m,validation,0.625,2888
3.0,0.25,2554,0.335,0.6699,-1.1033,-2817.82,5m,validation,0.625,2888
3.0,0.5,2554,0.323,0.5794,-1.1973,-3057.88,5m,validation,0.625,2888
3.0,0.75,2554,0.32,0.5446,-1.2324,-3147.6,5m,validation,0.625,2888
3.0,1.0,2554,0.318,0.5244,-1.2529,-3199.81,5m,validation,0.625,2888
3.0,1.5,2554,0.316,0.501,-1.2763,-3259.72,5m,validation,0.625,2888
3.0,2.0,2554,0.316,0.4873,-1.29,-3294.72,5m,validation,0.625,2888
3.5,0.25,2554,0.312,0.6405,-1.1292,-2883.99,5m,validation,0.625,2888
3.5,0.5,2554,0.296,0.5107,-1.266,-3233.35,5m,validation,0.625,2888
3.5,0.75,2554,0.291,0.4634,-1.3136,-3355.02,5m,validation,0.625,2888
3.5,1.0,2554,0.288,0.4363,-1.3409,-3424.72,5m,validation,0.625,2888
3.5,1.5,2554,0.286,0.4052,-1.3721,-3504.41,5m,validation,0.625,2888
3.5,2.0,2554,0.285,0.387,-1.3903,-3550.85,5m,validation,0.625,2888
4.0,0.25,2554,0.297,0.6951,-1.0707,-2734.68,5m,validation,0.625,2888
4.0,0.5,2554,0.276,0.523,-1.2534,-3201.22,5m,validation,0.625,2888
4.0,0.75,2554,0.27,0.4647,-1.3121,-3351.02,5m,validation,0.625,2888
4.0,1.0,2554,0.267,0.4325,-1.3446,-3433.99,5m,validation,0.625,2888
4.0,1.5,2554,0.263,0.3952,-1.382,-3529.75,5m,validation,0.625,2888
4.0,2.0,2554,0.261,0.3736,-1.4037,-3585.08,5m,validation,0.625,2888
4.5,0.25,2554,0.288,0.8021,-0.9572,-2444.8,5m,validation,0.625,2888
4.5,0.5,2554,0.265,0.6284,-1.1475,-2930.68,5m,validation,0.625,2888
4.5,0.75,2554,0.258,0.5686,-1.2081,-3085.58,5m,validation,0.625,2888
4.5,1.0,2554,0.254,0.5364,-1.2405,-3168.19,5m,validation,0.625,2888
4.5,1.5,2554,0.25,0.4994,-1.2779,-3263.76,5m,validation,0.625,2888
4.5,2.0,2554,0.247,0.4777,-1.2996,-3319.06,5m,validation,0.625,2888
5.0,0.25,2554,0.28,0.8783,-0.8715,-2225.84,5m,validation,0.625,2888
5.0,0.5,2554,0.255,0.7004,-1.075,-2745.48,5m,validation,0.625,2888
5.0,0.75,2554,0.247,0.6293,-1.1475,-2930.77,5m,validation,0.625,2888
5.0,1.0,2554,0.242,0.591,-1.1859,-3028.9,5m,validation,0.625,2888
5.0,1.5,2554,0.236,0.5483,-1.2289,-3138.6,5m,validation,0.625,2888
5.0,2.0,2554,0.233,0.5238,-1.2535,-3201.48,5m,validation,0.625,2888
1.5,0.25,2547,0.442,0.5895,-1.187,-3023.26,5m,validation,0.65,2888
1.5,0.5,2547,0.439,0.5746,-1.2027,-3063.29,5m,validation,0.65,2888
1.5,0.75,2547,0.437,0.5695,-1.2081,-3076.9,5m,validation,0.65,2888
1.5,1.0,2547,0.435,0.5668,-1.2108,-3083.84,5m,validation,0.65,2888
1.5,1.5,2547,0.433,0.5638,-1.2138,-3091.48,5m,validation,0.65,2888
1.5,2.0,2547,0.432,0.5621,-1.2155,-3095.84,5m,validation,0.65,2888
2.0,0.25,2547,0.404,0.6214,-1.1546,-2940.64,5m,validation,0.65,2888
2.0,0.5,2547,0.398,0.5869,-1.1903,-3031.57,5m,validation,0.65,2888
2.0,0.75,2547,0.397,0.5727,-1.2048,-3068.69,5m,validation,0.65,2888
2.0,1.0,2547,0.396,0.5647,-1.2128,-3088.98,5m,validation,0.65,2888
2.0,1.5,2547,0.393,0.5557,-1.2219,-3112.07,5m,validation,0.65,2888
2.0,2.0,2547,0.393,0.5504,-1.2271,-3125.44,5m,validation,0.65,2888
2.5,0.25,2547,0.364,0.6195,-1.1558,-2943.87,5m,validation,0.65,2888
2.5,0.5,2547,0.355,0.5592,-1.2178,-3101.61,5m,validation,0.65,2888
2.5,0.75,2547,0.353,0.5347,-1.2428,-3165.45,5m,validation,0.65,2888
2.5,1.0,2547,0.351,0.5207,-1.2568,-3201.15,5m,validation,0.65,2888
2.5,1.5,2547,0.349,0.5046,-1.2729,-3242.13,5m,validation,0.65,2888
2.5,2.0,2547,0.349,0.4952,-1.2823,-3265.99,5m,validation,0.65,2888
3.0,0.25,2547,0.335,0.6592,-1.115,-2839.92,5m,validation,0.65,2888
3.0,0.5,2547,0.325,0.5711,-1.2059,-3071.37,5m,validation,0.65,2888
3.0,0.75,2547,0.322,0.5356,-1.2418,-3162.93,5m,validation,0.65,2888
3.0,1.0,2547,0.321,0.5151,-1.2625,-3215.55,5m,validation,0.65,2888
3.0,1.5,2547,0.318,0.4915,-1.2861,-3275.73,5m,validation,0.65,2888
3.0,2.0,2547,0.318,0.4777,-1.2999,-3310.93,5m,validation,0.65,2888
3.5,0.25,2547,0.312,0.6439,-1.1265,-2869.27,5m,validation,0.65,2888
3.5,0.5,2547,0.298,0.5167,-1.2602,-3209.83,5m,validation,0.65,2888
3.5,0.75,2547,0.293,0.4705,-1.3068,-3328.42,5m,validation,0.65,2888
3.5,1.0,2547,0.29,0.4442,-1.3333,-3396.02,5m,validation,0.65,2888
3.5,1.5,2547,0.287,0.414,-1.3636,-3473.2,5m,validation,0.65,2888
3.5,2.0,2547,0.287,0.3963,-1.3814,-3518.3,5m,validation,0.65,2888
4.0,0.25,2547,0.297,0.6966,-1.0696,-2724.37,5m,validation,0.65,2888
4.0,0.5,2547,0.278,0.5267,-1.25,-3183.72,5m,validation,0.65,2888
4.0,0.75,2547,0.271,0.4691,-1.308,-3331.42,5m,validation,0.65,2888
4.0,1.0,2547,0.267,0.4369,-1.3405,-3414.25,5m,validation,0.65,2888
4.0,1.5,2547,0.263,0.3998,-1.3778,-3509.19,5m,validation,0.65,2888
4.0,2.0,2547,0.262,0.3782,-1.3993,-3564.14,5m,validation,0.65,2888
4.5,0.25,2547,0.288,0.8021,-0.9593,-2443.41,5m,validation,0.65,2888
4.5,0.5,2547,0.266,0.6323,-1.144,-2913.89,5m,validation,0.65,2888
4.5,0.75,2547,0.259,0.5725,-1.2046,-3068.03,5m,validation,0.65,2888
4.5,1.0,2547,0.255,0.5395,-1.2378,-3152.66,5m,validation,0.65,2888
4.5,1.5,2547,0.251,0.5017,-1.2759,-3249.6,5m,validation,0.65,2888
4.5,2.0,2547,0.249,0.4797,-1.2978,-3305.58,5m,validation,0.65,2888
5.0,0.25,2547,0.279,0.8443,-0.9076,-2311.62,5m,validation,0.65,2888
5.0,0.5,2547,0.255,0.6607,-1.1153,-2840.74,5m,validation,0.65,2888
5.0,0.75,2547,0.247,0.5942,-1.1829,-3012.89,5m,validation,0.65,2888
5.0,1.0,2547,0.242,0.5584,-1.2189,-3104.52,5m,validation,0.65,2888
5.0,1.5,2547,0.236,0.5174,-1.2602,-3209.71,5m,validation,0.65,2888
5.0,2.0,2547,0.234,0.4936,-1.284,-3270.44,5m,validation,0.65,2888
1.5,0.25,2542,0.439,0.5879,-1.1889,-3022.28,5m,validation,0.675,2888
1.5,0.5,2542,0.436,0.5734,-1.2041,-3060.9,5m,validation,0.675,2888
1.5,0.75,2542,0.436,0.5684,-1.2093,-3074.17,5m,validation,0.675,2888
1.5,1.0,2542,0.434,0.5657,-1.212,-3080.95,5m,validation,0.675,2888
1.5,1.5,2542,0.432,0.5628,-1.215,-3088.51,5m,validation,0.675,2888
1.5,2.0,2542,0.431,0.5611,-1.2167,-3092.89,5m,validation,0.675,2888
2.0,0.25,2542,0.404,0.6327,-1.1435,-2906.65,5m,validation,0.675,2888
2.0,0.5,2542,0.399,0.5989,-1.1785,-2995.79,5m,validation,0.675,2888
2.0,0.75,2542,0.398,0.5853,-1.1925,-3031.27,5m,validation,0.675,2888
2.0,1.0,2542,0.396,0.5776,-1.2002,-3050.81,5m,validation,0.675,2888
2.0,1.5,2542,0.395,0.5688,-1.209,-3073.2,5m,validation,0.675,2888
2.0,2.0,2542,0.394,0.5636,-1.2141,-3086.29,5m,validation,0.675,2888
2.5,0.25,2542,0.365,0.6253,-1.1503,-2924.1,5m,validation,0.675,2888
2.5,0.5,2542,0.356,0.5658,-1.2115,-3079.57,5m,validation,0.675,2888
2.5,0.75,2542,0.355,0.5417,-1.2361,-3142.1,5m,validation,0.675,2888
2.5,1.0,2542,0.354,0.528,-1.2498,-3176.97,5m,validation,0.675,2888
2.5,1.5,2542,0.352,0.5122,-1.2656,-3217.06,5m,validation,0.675,2888
2.5,2.0,2542,0.352,0.503,-1.2748,-3240.46,5m,validation,0.675,2888
3.0,0.25,2542,0.336,0.6645,-1.1103,-2822.3,5m,validation,0.675,2888
3.0,0.5,2542,0.325,0.5807,-1.1965,-3041.56,5m,validation,0.675,2888
3.0,0.75,2542,0.322,0.5467,-1.2311,-3129.37,5m,validation,0.675,2888
3.0,1.0,2542,0.321,0.5273,-1.2505,-3178.77,5m,validation,0.675,2888
3.0,1.5,2542,0.319,0.5049,-1.2729,-3235.76,5m,validation,0.675,2888
3.0,2.0,2542,0.319,0.4917,-1.2861,-3269.24,5m,validation,0.675,2888
3.5,0.25,2542,0.314,0.7014,-1.0697,-2719.3,5m,validation,0.675,2888
3.5,0.5,2542,0.3,0.581,-1.1962,-3040.73,5m,validation,0.675,2888
3.5,0.75,2542,0.295,0.5373,-1.2403,-3152.77,5m,validation,0.675,2888
3.5,1.0,2542,0.293,0.5124,-1.2655,-3216.79,5m,validation,0.675,2888
3.5,1.5,2542,0.291,0.4835,-1.2943,-3290.11,5m,validation,0.675,2888
3.5,2.0,2542,0.29,0.4666,-1.3112,-3333.13,5m,validation,0.675,2888
4.0,0.25,2542,0.298,0.7202,-1.047,-2661.56,5m,validation,0.675,2888
4.0,0.5,2542,0.279,0.5586,-1.2183,-3097.01,5m,validation,0.675,2888
4.0,0.75,2542,0.273,0.5045,-1.2729,-3235.79,5m,validation,0.675,2888
4.0,1.0,2542,0.269,0.474,-1.3038,-3314.18,5m,validation,0.675,2888
4.0,1.5,2542,0.267,0.4391,-1.3387,-3402.99,5m,validation,0.675,2888
4.0,2.0,2542,0.264,0.4188,-1.359,-3454.57,5m,validation,0.675,2888
4.5,0.25,2542,0.289,0.8228,-0.9403,-2390.26,5m,validation,0.675,2888
4.5,0.5,2542,0.267,0.6534,-1.1234,-2855.58,5m,validation,0.675,2888
4.5,0.75,2542,0.26,0.5943,-1.183,-3007.08,5m,validation,0.675,2888
4.5,1.0,2542,0.256,0.5618,-1.2158,-3090.48,5m,validation,0.675,2888
4.5,1.5,2542,0.253,0.5244,-1.2534,-3186.14,5m,validation,0.675,2888
4.5,2.0,2542,0.251,0.5026,-1.2752,-3241.45,5m,validation,0.675,2888
5.0,0.25,2542,0.28,0.8563,-0.8985,-2284.05,5m,validation,0.675,2888
5.0,0.5,2542,0.255,0.6677,-1.1089,-2818.72,5m,validation,0.675,2888
5.0,0.75,2542,0.247,0.6014,-1.1759,-2989.21,5m,validation,0.675,2888
5.0,1.0,2542,0.243,0.5655,-1.2119,-3080.65,5m,validation,0.675,2888
5.0,1.5,2542,0.238,0.5245,-1.2533,-3185.82,5m,validation,0.675,2888
5.0,2.0,2542,0.235,0.5006,-1.2772,-3246.6,5m,validation,0.675,2888
1.5,0.25,2532,0.438,0.6026,-1.1734,-2971.1,5m,validation,0.7,2888
1.5,0.5,2532,0.434,0.5895,-1.1873,-3006.17,5m,validation,0.7,2888
1.5,0.75,2532,0.434,0.5851,-1.1919,-3017.91,5m,validation,0.7,2888
1.5,1.0,2532,0.432,0.5828,-1.1942,-3023.8,5m,validation,0.7,2888
1.5,1.5,2532,0.431,0.5802,-1.1968,-3030.3,5m,validation,0.7,2888
1.5,2.0,2532,0.429,0.5787,-1.1983,-3034.07,5m,validation,0.7,2888
2.0,0.25,2532,0.408,0.6697,-1.1058,-2799.99,5m,validation,0.7,2888
2.0,0.5,2532,0.402,0.6372,-1.1395,-2885.11,5m,validation,0.7,2888
2.0,0.75,2532,0.401,0.625,-1.152,-2916.83,5m,validation,0.7,2888
2.0,1.0,2532,0.4,0.6182,-1.1588,-2934.14,5m,validation,0.7,2888
2.0,1.5,2532,0.399,0.6104,-1.1666,-2953.83,5m,validation,0.7,2888
2.0,2.0,2532,0.398,0.6059,-1.1711,-2965.28,5m,validation,0.7,2888
2.5,0.25,2532,0.366,0.6282,-1.1468,-2903.68,5m,validation,0.7,2888
2.5,0.5,2532,0.356,0.5735,-1.203,-3046.1,5m,validation,0.7,2888
2.5,0.75,2532,0.355,0.5512,-1.2258,-3103.63,5m,validation,0.7,2888
2.5,1.0,2532,0.353,0.5386,-1.2384,-3135.63,5m,validation,0.7,2888
2.5,1.5,2532,0.352,0.5241,-1.2529,-3172.38,5m,validation,0.7,2888
2.5,2.0,2532,0.352,0.5156,-1.2614,-3193.85,5m,validation,0.7,2888
3.0,0.25,2532,0.337,0.681,-1.0932,-2767.99,5m,validation,0.7,2888
3.0,0.5,2532,0.325,0.6004,-1.176,-2977.72,5m,validation,0.7,2888
3.0,0.75,2532,0.323,0.5676,-1.2094,-3062.32,5m,validation,0.7,2888
3.0,1.0,2532,0.322,0.5489,-1.2282,-3109.7,5m,validation,0.7,2888
3.0,1.5,2532,0.32,0.5273,-1.2497,-3164.33,5m,validation,0.7,2888
3.0,2.0,2532,0.32,0.5146,-1.2624,-3196.39,5m,validation,0.7,2888
3.5,0.25,2532,0.318,0.7229,-1.0489,-2655.79,5m,validation,0.7,2888
3.5,0.5,2532,0.303,0.6095,-1.1669,-2954.71,5m,validation,0.7,2888
3.5,0.75,2532,0.299,0.5661,-1.2108,-3065.76,5m,validation,0.7,2888
3.5,1.0,2532,0.297,0.5413,-1.2358,-3128.99,5m,validation,0.7,2888
3.5,1.5,2532,0.294,0.5128,-1.2643,-3201.28,5m,validation,0.7,2888
3.5,2.0,2532,0.293,0.496,-1.2811,-3243.65,5m,validation,0.7,2888
4.0,0.25,2532,0.301,0.7382,-1.0291,-2605.65,5m,validation,0.7,2888
4.0,0.5,2532,0.281,0.5822,-1.1939,-3023.03,5m,validation,0.7,2888
4.0,0.75,2532,0.275,0.5296,-1.2471,-3157.56,5m,validation,0.7,2888
4.0,1.0,2532,0.272,0.4999,-1.2771,-3233.53,5m,validation,0.7,2888
4.0,1.5,2532,0.268,0.466,-1.3111,-3319.64,5m,validation,0.7,2888
4.0,2.0,2532,0.267,0.4462,-1.3308,-3369.64,5m,validation,0.7,2888
4.5,0.25,2532,0.291,0.8368,-0.9265,-2345.8,5m,validation,0.7,2888
4.5,0.5,2532,0.269,0.6678,-1.1084,-2806.47,5m,validation,0.7,2888
4.5,0.75,2532,0.262,0.6092,-1.1674,-2955.94,5m,validation,0.7,2888
4.5,1.0,2532,0.259,0.5764,-1.2006,-3039.89,5m,validation,0.7,2888
4.5,1.5,2532,0.255,0.5389,-1.2381,-3134.92,5m,validation,0.7,2888
4.5,2.0,2532,0.254,0.5172,-1.2599,-3190.02,5m,validation,0.7,2888
5.0,0.25,2532,0.283,0.8794,-0.8762,-2218.55,5m,validation,0.7,2888
5.0,0.5,2532,0.258,0.6946,-1.0813,-2737.76,5m,validation,0.7,2888
5.0,0.75,2532,0.25,0.6308,-1.1458,-2901.18,5m,validation,0.7,2888
5.0,1.0,2532,0.245,0.5955,-1.1813,-2991.12,5m,validation,0.7,2888
5.0,1.5,2532,0.24,0.555,-1.2221,-3094.34,5m,validation,0.7,2888
5.0,2.0,2532,0.238,0.5314,-1.2457,-3154.11,5m,validation,0.7,2888
1.5,0.25,2265,0.444,0.6626,-1.0498,-2377.69,5m,holdout,0.3,2561
1.5,0.5,2265,0.439,0.5692,-1.1454,-2594.42,5m,holdout,0.3,2561
1.5,0.75,2265,0.436,0.5354,-1.1793,-2671.07,5m,holdout,0.3,2561
1.5,1.0,2265,0.435,0.5164,-1.1983,-2714.17,5m,holdout,0.3,2561
1.5,1.5,2265,0.434,0.4946,-1.2201,-2763.44,5m,holdout,0.3,2561
1.5,2.0,2265,0.434,0.482,-1.2327,-2792.0,5m,holdout,0.3,2561
2.0,0.25,2265,0.39,0.7479,-0.9614,-2177.55,5m,holdout,0.3,2561
2.0,0.5,2265,0.382,0.5816,-1.1331,-2566.47,5m,holdout,0.3,2561
2.0,0.75,2265,0.377,0.5258,-1.189,-2692.99,5m,holdout,0.3,2561
2.0,1.0,2265,0.376,0.4947,-1.2201,-2763.43,5m,holdout,0.3,2561
2.0,1.5,2265,0.374,0.4593,-1.2555,-2843.62,5m,holdout,0.3,2561
2.0,2.0,2265,0.374,0.4387,-1.276,-2890.07,5m,holdout,0.3,2561
2.5,0.25,2265,0.36,0.9221,-0.781,-1768.9,5m,holdout,0.3,2561
2.5,0.5,2265,0.348,0.7008,-1.0136,-2295.76,5m,holdout,0.3,2561
2.5,0.75,2265,0.342,0.6229,-1.0918,-2472.93,5m,holdout,0.3,2561
2.5,1.0,2265,0.34,0.5806,-1.134,-2568.57,5m,holdout,0.3,2561
2.5,1.5,2265,0.336,0.5333,-1.1814,-2675.84,5m,holdout,0.3,2561
2.5,2.0,2265,0.335,0.5061,-1.2085,-2737.35,5m,holdout,0.3,2561
3.0,0.25,2265,0.334,1.0224,-0.6702,-1518.0,5m,holdout,0.3,2561
3.0,0.5,2265,0.32,0.7631,-0.9493,-2150.09,5m,holdout,0.3,2561
3.0,0.75,2265,0.313,0.6441,-1.0705,-2424.7,5m,holdout,0.3,2561
3.0,1.0,2265,0.308,0.5874,-1.1273,-2553.27,5m,holdout,0.3,2561
3.0,1.5,2265,0.303,0.525,-1.1896,-2694.53,5m,holdout,0.3,2561
3.0,2.0,2265,0.301,0.4896,-1.225,-2774.64,5m,holdout,0.3,2561
3.5,0.25,2265,0.321,1.2088,-0.4694,-1063.23,5m,holdout,0.3,2561
3.5,0.5,2265,0.305,0.9314,-0.7774,-1760.9,5m,holdout,0.3,2561
3.5,0.75,2265,0.295,0.773,-0.9415,-2132.61,5m,holdout,0.3,2561
3.5,1.0,2265,0.291,0.7002,-1.0144,-2297.59,5m,holdout,0.3,2561
3.5,1.5,2265,0.283,0.6222,-1.0924,-2474.36,5m,holdout,0.3,2561
3.5,2.0,2265,0.279,0.5784,-1.1362,-2573.53,5m,holdout,0.3,2561
4.0,0.25,2265,0.309,1.2993,-0.3659,-828.75,5m,holdout,0.3,2561
4.0,0.5,2265,0.291,1.0188,-0.687,-1556.09,5m,holdout,0.3,2561
4.0,0.75,2265,0.278,0.8511,-0.8622,-1952.79,5m,holdout,0.3,2561
4.0,1.0,2265,0.272,0.7671,-0.9474,-2145.89,5m,holdout,0.3,2561
4.0,1.5,2265,0.264,0.6745,-1.0401,-2355.82,5m,holdout,0.3,2561
4.0,2.0,2265,0.259,0.6243,-1.0903,-2469.44,5m,holdout,0.3,2561
4.5,0.25,2265,0.298,1.3216,-0.3323,-752.72,5m,holdout,0.3,2561
4.5,0.5,2265,0.277,1.0315,-0.6706,-1518.99,5m,holdout,0.3,2561
4.5,0.75,2265,0.262,0.831,-0.8818,-1997.17,5m,holdout,0.3,2561
4.5,1.0,2265,0.255,0.7349,-0.9796,-2218.83,5m,holdout,0.3,2561
4.5,1.5,2265,0.245,0.6296,-1.085,-2457.49,5m,holdout,0.3,2561
4.5,2.0,2265,0.24,0.5725,-1.1421,-2586.76,5m,holdout,0.3,2561
5.0,0.25,2265,0.291,1.4427,-0.1953,-442.43,5m,holdout,0.3,2561
5.0,0.5,2265,0.268,1.2055,-0.49,-1109.82,5m,holdout,0.3,2561
5.0,0.75,2265,0.253,1.018,-0.6925,-1568.48,5m,holdout,0.3,2561
5.0,1.0,2265,0.245,0.9142,-0.7999,-1811.66,5m,holdout,0.3,2561
5.0,1.5,2265,0.234,0.7833,-0.9312,-2109.21,5m,holdout,0.3,2561
5.0,2.0,2265,0.227,0.7173,-0.9973,-2258.87,5m,holdout,0.3,2561
1.5,0.25,2265,0.445,0.6721,-1.0403,-2356.31,5m,holdout,0.325,2561
1.5,0.5,2265,0.44,0.5795,-1.1351,-2571.06,5m,holdout,0.325,2561
1.5,0.75,2265,0.437,0.5458,-1.1688,-2647.35,5m,holdout,0.325,2561
1.5,1.0,2265,0.436,0.5269,-1.1878,-2690.3,5m,holdout,0.325,2561
1.5,1.5,2265,0.435,0.5052,-1.2095,-2739.42,5m,holdout,0.325,2561
1.5,2.0,2265,0.434,0.4926,-1.222,-2767.92,5m,holdout,0.325,2561
2.0,0.25,2265,0.389,0.7432,-0.9663,-2188.65,5m,holdout,0.325,2561
2.0,0.5,2265,0.381,0.577,-1.1376,-2576.7,5m,holdout,0.325,2561
2.0,0.75,2265,0.377,0.5211,-1.1936,-2703.48,5m,holdout,0.325,2561
2.0,1.0,2265,0.375,0.4899,-1.2248,-2774.12,5m,holdout,0.325,2561
2.0,1.5,2265,0.373,0.4543,-1.2603,-2854.6,5m,holdout,0.325,2561
2.0,2.0,2265,0.373,0.4338,-1.2809,-2901.22,5m,holdout,0.325,2561
2.5,0.25,2265,0.357,0.8954,-0.8078,-1829.74,5m,holdout,0.325,2561
2.5,0.5,2265,0.346,0.6746,-1.0397,-2354.96,5m,holdout,0.325,2561
2.5,0.75,2265,0.339,0.5972,-1.1174,-2530.88,5m,holdout,0.325,2561
2.5,1.0,2265,0.336,0.5552,-1.1594,-2626.0,5m,holdout,0.325,2561
2.5,1.5,2265,0.333,0.5081,-1.2065,-2732.83,5m,holdout,0.325,2561
2.5,2.0,2265,0.333,0.481,-1.2336,-2794.16,5m,holdout,0.325,2561
3.0,0.25,2265,0.334,1.0227,-0.6708,-1519.33,5m,holdout,0.325,2561
3.0,0.5,2265,0.321,0.7606,-0.952,-2156.17,5m,holdout,0.325,2561
3.0,0.75,2265,0.313,0.6449,-1.0697,-2422.84,5m,holdout,0.325,2561
3.0,1.0,2265,0.308,0.5889,-1.1257,-2549.66,5m,holdout,0.325,2561
3.0,1.5,2265,0.304,0.5273,-1.1873,-2689.2,5m,holdout,0.325,2561
3.0,2.0,2265,0.302,0.4923,-1.2222,-2768.34,5m,holdout,0.325,2561
3.5,0.25,2265,0.319,1.199,-0.4802,-1087.73,5m,holdout,0.325,2561
3.5,0.5,2265,0.303,0.9259,-0.7829,-1773.26,5m,holdout,0.325,2561
3.5,0.75,2265,0.294,0.7695,-0.9449,-2140.13,5m,holdout,0.325,2561
3.5,1.0,2265,0.289,0.698,-1.0166,-2302.49,5m,holdout,0.325,2561
3.5,1.5,2265,0.282,0.6213,-1.0932,-2476.18,5m,holdout,0.325,2561
3.5,2.0,2265,0.279,0.5783,-1.1362,-2573.48,5m,holdout,0.325,2561
4.0,0.25,2265,0.307,1.2905,-0.3761,-851.92,5m,holdout,0.325,2561
4.0,0.5,2265,0.289,1.0023,-0.7042,-1594.94,5m,holdout,0.325,2561
4.0,0.75,2265,0.276,0.8354,-0.8782,-1989.14,5m,holdout,0.325,2561
4.0,1.0,2265,0.27,0.7531,-0.9614,-2177.62,5m,holdout,0.325,2561
4.0,1.5,2265,0.263,0.6618,-1.0527,-2384.26,5m,holdout,0.325,2561
4.0,2.0,2265,0.258,0.6124,-1.1021,-2496.36,5m,holdout,0.325,2561
4.5,0.25,2265,0.297,1.3373,-0.3175,-719.2,5m,holdout,0.325,2561
4.5,0.5,2265,0.277,1.0611,-0.6414,-1452.75,5m,holdout,0.325,2561
4.5,0.75,2265,0.262,0.8728,-0.84,-1902.6,5m,holdout,0.325,2561
4.5,1.0,2265,0.255,0.7811,-0.9333,-2113.89,5m,holdout,0.325,2561
4.5,1.5,2265,0.247,0.6805,-1.0339,-2341.85,5m,holdout,0.325,2561
4.5,2.0,2265,0.242,0.6261,-1.0884,-2465.18,5m,holdout,0.325,2561
5.0,0.25,2265,0.29,1.4433,-0.1961,-444.28,5m,holdout,0.325,2561
5.0,0.5,2265,0.268,1.1995,-0.4971,-1126.04,5m,holdout,0.325,2561
5.0,0.75,2265,0.252,1.008,-0.7031,-1592.48,5m,holdout,0.325,2561
5.0,1.0,2265,0.243,0.9046,-0.8095,-1833.51,5m,holdout,0.325,2561
5.0,1.5,2265,0.234,0.7819,-0.9326,-2112.29,5m,holdout,0.325,2561
5.0,2.0,2265,0.228,0.7177,-0.9968,-2257.72,5m,holdout,0.325,2561
1.5,0.25,2261,0.445,0.6829,-1.0296,-2327.94,5m,holdout,0.35,2561
1.5,0.5,2261,0.44,0.5937,-1.1209,-2534.41,5m,holdout,0.35,2561
1.5,0.75,2261,0.437,0.5613,-1.1533,-2607.7,5m,holdout,0.35,2561
1.5,1.0,2261,0.437,0.543,-1.1716,-2648.95,5m,holdout,0.35,2561
1.5,1.5,2261,0.436,0.5221,-1.1925,-2696.15,5m,holdout,0.35,2561
1.5,2.0,2261,0.435,0.51,-1.2046,-2723.55,5m,holdout,0.35,2561
2.0,0.25,2261,0.39,0.7346,-0.9754,-2205.43,5m,holdout,0.35,2561
2.0,0.5,2261,0.382,0.577,-1.1376,-2572.14,5m,holdout,0.35,2561
2.0,0.75,2261,0.376,0.5221,-1.1925,-2696.25,5m,holdout,0.35,2561
2.0,1.0,2261,0.375,0.4914,-1.2232,-2765.62,5m,holdout,0.35,2561
2.0,1.5,2261,0.374,0.4564,-1.2582,-2844.81,5m,holdout,0.35,2561
2.0,2.0,2261,0.373,0.4361,-1.2785,-2890.78,5m,holdout,0.35,2561
2.5,0.25,2261,0.36,0.9052,-0.799,-1806.53,5m,holdout,0.35,2561
2.5,0.5,2261,0.348,0.6951,-1.0192,-2304.35,5m,holdout,0.35,2561
2.5,0.75,2261,0.341,0.6197,-1.0949,-2475.52,5m,holdout,0.35,2561
2.5,1.0,2261,0.339,0.5786,-1.136,-2568.39,5m,holdout,0.35,2561
2.5,1.5,2261,0.337,0.5324,-1.1822,-2672.93,5m,holdout,0.35,2561
2.5,2.0,2261,0.336,0.5058,-1.2088,-2733.1,5m,holdout,0.35,2561
3.0,0.25,2261,0.335,1.027,-0.6674,-1508.94,5m,holdout,0.35,2561
3.0,0.5,2261,0.321,0.7772,-0.9354,-2114.89,5m,holdout,0.35,2561
3.0,0.75,2261,0.313,0.6633,-1.0512,-2376.77,5m,holdout,0.35,2561
3.0,1.0,2261,0.309,0.6082,-1.1063,-2501.34,5m,holdout,0.35,2561
3.0,1.5,2261,0.306,0.5475,-1.167,-2638.58,5m,holdout,0.35,2561
3.0,2.0,2261,0.303,0.5131,-1.2015,-2716.54,5m,holdout,0.35,2561
3.5,0.25,2261,0.319,1.1987,-0.481,-1087.61,5m,holdout,0.35,2561
3.5,0.5,2261,0.303,0.9337,-0.7752,-1752.78,5m,holdout,0.35,2561
3.5,0.75,2261,0.293,0.7791,-0.9353,-2114.61,5m,holdout,0.35,2561
3.5,1.0,2261,0.289,0.7085,-1.006,-2274.67,5m,holdout,0.35,2561
3.5,1.5,2261,0.283,0.6327,-1.0818,-2446.04,5m,holdout,0.35,2561
3.5,2.0,2261,0.279,0.5902,-1.1243,-2542.15,5m,holdout,0.35,2561
4.0,0.25,2261,0.308,1.2977,-0.3704,-837.45,5m,holdout,0.35,2561
4.0,0.5,2261,0.289,1.0325,-0.674,-1523.97,5m,holdout,0.35,2561
4.0,0.75,2261,0.277,0.8727,-0.8409,-1901.34,5m,holdout,0.35,2561
4.0,1.0,2261,0.272,0.7939,-0.9206,-2081.42,5m,holdout,0.35,2561
4.0,1.5,2261,0.266,0.7064,-1.0081,-2279.28,5m,holdout,0.35,2561
4.0,2.0,2261,0.261,0.6589,-1.0556,-2386.62,5m,holdout,0.35,2561
4.5,0.25,2261,0.298,1.3399,-0.3173,-717.46,5m,holdout,0.35,2561
4.5,0.5,2261,0.277,1.063,-0.6404,-1447.91,5m,holdout,0.35,2561
4.5,0.75,2261,0.263,0.8821,-0.8308,-1878.33,5m,holdout,0.35,2561
4.5,1.0,2261,0.257,0.7907,-0.9237,-2088.45,5m,holdout,0.35,2561
4.5,1.5,2261,0.249,0.6899,-1.0246,-2316.54,5m,holdout,0.35,2561
4.5,2.0,2261,0.243,0.6351,-1.0793,-2440.39,5m,holdout,0.35,2561
5.0,0.25,2261,0.29,1.4451,-0.1963,-443.85,5m,holdout,0.35,2561
5.0,0.5,2261,0.268,1.2053,-0.4919,-1112.27,5m,holdout,0.35,2561
5.0,0.75,2261,0.253,1.0142,-0.6968,-1575.42,5m,holdout,0.35,2561
5.0,1.0,2261,0.245,0.9113,-0.8027,-1814.93,5m,holdout,0.35,2561
5.0,1.5,2261,0.236,0.7889,-0.9256,-2092.7,5m,holdout,0.35,2561
5.0,2.0,2261,0.229,0.7247,-0.9897,-2237.82,5m,holdout,0.35,2561
1.5,0.25,2259,0.448,0.6702,-1.0427,-2355.54,5m,holdout,0.375,2561
1.5,0.5,2259,0.443,0.5843,-1.1306,-2554.04,5m,holdout,0.375,2561
1.5,0.75,2259,0.44,0.5534,-1.1615,-2623.9,5m,holdout,0.375,2561
1.5,1.0,2259,0.439,0.536,-1.1789,-2663.16,5m,holdout,0.375,2561
1.5,1.5,2259,0.438,0.5161,-1.1988,-2708.08,5m,holdout,0.375,2561
1.5,2.0,2259,0.437,0.5046,-1.2104,-2734.2,5m,holdout,0.375,2561
2.0,0.25,2259,0.391,0.7231,-0.987,-2229.62,5m,holdout,0.375,2561
2.0,0.5,2259,0.383,0.5698,-1.1451,-2586.89,5m,holdout,0.375,2561
2.0,0.75,2259,0.377,0.5166,-1.1983,-2707.02,5m,holdout,0.375,2561
2.0,1.0,2259,0.375,0.4869,-1.228,-2774.06,5m,holdout,0.375,2561
2.0,1.5,2259,0.374,0.4531,-1.2619,-2850.54,5m,holdout,0.375,2561
2.0,2.0,2259,0.373,0.4334,-1.2815,-2894.92,5m,holdout,0.375,2561
2.5,0.25,2259,0.362,0.9107,-0.7941,-1793.8,5m,holdout,0.375,2561
2.5,0.5,2259,0.351,0.7053,-1.0093,-2279.95,5m,holdout,0.375,2561
2.5,0.75,2259,0.344,0.6321,-1.0828,-2446.16,5m,holdout,0.375,2561
2.5,1.0,2259,0.342,0.5922,-1.1227,-2536.14,5m,holdout,0.375,2561
2.5,1.5,2259,0.339,0.5474,-1.1675,-2637.36,5m,holdout,0.375,2561
2.5,2.0,2259,0.338,0.5216,-1.1933,-2695.62,5m,holdout,0.375,2561
3.0,0.25,2259,0.336,1.0092,-0.6869,-1551.79,5m,holdout,0.375,2561
3.0,0.5,2259,0.321,0.7593,-0.9542,-2155.63,5m,holdout,0.375,2561
3.0,0.75,2259,0.314,0.6553,-1.0595,-2393.45,5m,holdout,0.375,2561
3.0,1.0,2259,0.31,0.6034,-1.1114,-2510.64,5m,holdout,0.375,2561
3.0,1.5,2259,0.305,0.546,-1.1688,-2640.41,5m,holdout,0.375,2561
3.0,2.0,2259,0.303,0.5133,-1.2015,-2714.29,5m,holdout,0.375,2561
3.5,0.25,2259,0.318,1.1624,-0.5194,-1173.35,5m,holdout,0.375,2561
3.5,0.5,2259,0.301,0.8951,-0.8149,-1840.83,5m,holdout,0.375,2561
3.5,0.75,2259,0.293,0.7541,-0.9606,-2169.99,5m,holdout,0.375,2561
3.5,1.0,2259,0.289,0.6863,-1.0285,-2323.44,5m,holdout,0.375,2561
3.5,1.5,2259,0.282,0.6132,-1.1016,-2488.58,5m,holdout,0.375,2561
3.5,2.0,2259,0.278,0.5721,-1.1427,-2581.47,5m,holdout,0.375,2561
4.0,0.25,2259,0.309,1.2742,-0.397,-896.73,5m,holdout,0.375,2561
4.0,0.5,2259,0.29,1.0114,-0.696,-1572.16,5m,holdout,0.375,2561
4.0,0.75,2259,0.279,0.8511,-0.8632,-1949.92,5m,holdout,0.375,2561
4.0,1.0,2259,0.274,0.7728,-0.9421,-2128.1,5m,holdout,0.375,2561
4.0,1.5,2259,0.266,0.6859,-1.0289,-2324.29,5m,holdout,0.375,2561
4.0,2.0,2259,0.262,0.6389,-1.0759,-2430.54,5m,holdout,0.375,2561
4.5,0.25,2259,0.3,1.3394,-0.321,-725.04,5m,holdout,0.375,2561
4.5,0.5,2259,0.279,1.0636,-0.6411,-1448.27,5m,holdout,0.375,2561
4.5,0.75,2259,0.266,0.8933,-0.8199,-1852.09,5m,holdout,0.375,2561
4.5,1.0,2259,0.259,0.8076,-0.9071,-2049.25,5m,holdout,0.375,2561
4.5,1.5,2259,0.251,0.7127,-1.002,-2263.62,5m,holdout,0.375,2561
4.5,2.0,2259,0.245,0.6613,-1.0535,-2379.83,5m,holdout,0.375,2561
5.0,0.25,2259,0.29,1.4152,-0.2298,-519.04,5m,holdout,0.375,2561
5.0,0.5,2259,0.267,1.1616,-0.5375,-1214.19,5m,holdout,0.375,2561
5.0,0.75,2259,0.253,0.9708,-0.741,-1673.88,5m,holdout,0.375,2561
5.0,1.0,2259,0.244,0.873,-0.8414,-1900.63,5m,holdout,0.375,2561
5.0,1.5,2259,0.235,0.7559,-0.9589,-2166.06,5m,holdout,0.375,2561
5.0,2.0,2259,0.228,0.6946,-1.0202,-2304.58,5m,holdout,0.375,2561
1.5,0.25,2256,0.446,0.6479,-1.0646,-2401.73,5m,holdout,0.4,2561
1.5,0.5,2256,0.44,0.5616,-1.153,-2601.07,5m,holdout,0.4,2561
1.5,0.75,2256,0.438,0.5305,-1.184,-2671.11,5m,holdout,0.4,2561
1.5,1.0,2256,0.437,0.5131,-1.2015,-2710.48,5m,holdout,0.4,2561
1.5,1.5,2256,0.436,0.4931,-1.2214,-2755.49,5m,holdout,0.4,2561
1.5,2.0,2256,0.435,0.4816,-1.233,-2781.64,5m,holdout,0.4,2561
2.0,0.25,2256,0.394,0.7267,-0.9831,-2217.98,5m,holdout,0.4,2561
2.0,0.5,2256,0.386,0.579,-1.1355,-2561.68,5m,holdout,0.4,2561
2.0,0.75,2256,0.38,0.5276,-1.1869,-2677.69,5m,holdout,0.4,2561
2.0,1.0,2256,0.379,0.499,-1.2156,-2742.4,5m,holdout,0.4,2561
2.0,1.5,2256,0.377,0.4662,-1.2483,-2816.23,5m,holdout,0.4,2561
2.0,2.0,2256,0.377,0.4472,-1.2673,-2859.08,5m,holdout,0.4,2561
2.5,0.25,2256,0.363,0.9016,-0.803,-1811.64,5m,holdout,0.4,2561
2.5,0.5,2256,0.352,0.6998,-1.0145,-2288.62,5m,holdout,0.4,2561
2.5,0.75,2256,0.345,0.6274,-1.0872,-2452.72,5m,holdout,0.4,2561
2.5,1.0,2256,0.343,0.5881,-1.1265,-2541.35,5m,holdout,0.4,2561
2.5,1.5,2256,0.34,0.5439,-1.1706,-2640.91,5m,holdout,0.4,2561
2.5,2.0,2256,0.339,0.5186,-1.196,-2698.17,5m,holdout,0.4,2561
3.0,0.25,2256,0.336,1.0044,-0.6914,-1559.72,5m,holdout,0.4,2561
3.0,0.5,2256,0.323,0.7603,-0.9529,-2149.74,5m,holdout,0.4,2561
3.0,0.75,2256,0.315,0.6577,-1.0567,-2384.02,5m,holdout,0.4,2561
3.0,1.0,2256,0.311,0.6067,-1.1078,-2499.2,5m,holdout,0.4,2561
3.0,1.5,2256,0.307,0.5502,-1.1643,-2626.69,5m,holdout,0.4,2561
3.0,2.0,2256,0.304,0.518,-1.1965,-2699.27,5m,holdout,0.4,2561
3.5,0.25,2256,0.318,1.1505,-0.5333,-1203.23,5m,holdout,0.4,2561
3.5,0.5,2256,0.302,0.8866,-0.8235,-1857.92,5m,holdout,0.4,2561
3.5,0.75,2256,0.293,0.747,-0.9674,-2182.43,5m,holdout,0.4,2561
3.5,1.0,2256,0.289,0.6811,-1.0334,-2331.25,5m,holdout,0.4,2561
3.5,1.5,2256,0.283,0.6095,-1.1049,-2492.74,5m,holdout,0.4,2561
3.5,2.0,2256,0.279,0.5692,-1.1452,-2583.68,5m,holdout,0.4,2561
4.0,0.25,2256,0.308,1.227,-0.4465,-1007.28,5m,holdout,0.4,2561
4.0,0.5,2256,0.29,0.9635,-0.7439,-1678.31,5m,holdout,0.4,2561
4.0,0.75,2256,0.277,0.8049,-0.909,-2050.75,5m,holdout,0.4,2561
4.0,1.0,2256,0.272,0.7286,-0.9858,-2223.98,5m,holdout,0.4,2561
4.0,1.5,2256,0.265,0.6435,-1.071,-2416.13,5m,holdout,0.4,2561
4.0,2.0,2256,0.261,0.5973,-1.1171,-2520.27,5m,holdout,0.4,2561
4.5,0.25,2256,0.3,1.3259,-0.3355,-756.82,5m,holdout,0.4,2561
4.5,0.5,2256,0.28,1.0477,-0.6576,-1483.48,5m,holdout,0.4,2561
4.5,0.75,2256,0.266,0.8806,-0.8323,-1877.69,5m,holdout,0.4,2561
4.5,1.0,2256,0.259,0.7978,-0.9166,-2067.9,5m,holdout,0.4,2561
4.5,1.5,2256,0.252,0.7053,-1.0091,-2276.48,5m,holdout,0.4,2561
4.5,2.0,2256,0.246,0.6551,-1.0593,-2389.86,5m,holdout,0.4,2561
5.0,0.25,2256,0.29,1.3956,-0.2513,-566.88,5m,holdout,0.4,2561
5.0,0.5,2256,0.268,1.1278,-0.5725,-1291.52,5m,holdout,0.4,2561
5.0,0.75,2256,0.254,0.9349,-0.7771,-1753.03,5m,holdout,0.4,2561
5.0,1.0,2256,0.244,0.8405,-0.8735,-1970.66,5m,holdout,0.4,2561
5.0,1.5,2256,0.235,0.7269,-0.9875,-2227.82,5m,holdout,0.4,2561
5.0,2.0,2256,0.229,0.6673,-1.0471,-2362.35,5m,holdout,0.4,2561
1.5,0.25,2251,0.446,0.6325,-1.0808,-2432.77,5m,holdout,0.425,2561
1.5,0.5,2251,0.441,0.5475,-1.1678,-2628.71,5m,holdout,0.425,2561
1.5,0.75,2251,0.438,0.5169,-1.1984,-2697.62,5m,holdout,0.425,2561
1.5,1.0,2251,0.437,0.4997,-1.2156,-2736.39,5m,holdout,0.425,2561
1.5,1.5,2251,0.436,0.48,-1.2354,-2780.78,5m,holdout,0.425,2561
1.5,2.0,2251,0.436,0.4685,-1.2468,-2806.6,5m,holdout,0.425,2561
2.0,0.25,2251,0.396,0.7137,-0.9975,-2245.28,5m,holdout,0.425,2561
2.0,0.5,2251,0.388,0.5774,-1.1379,-2561.41,5m,holdout,0.425,2561
2.0,0.75,2251,0.382,0.5278,-1.1875,-2673.1,5m,holdout,0.425,2561
2.0,1.0,2251,0.38,0.5001,-1.2153,-2735.53,5m,holdout,0.425,2561
2.0,1.5,2251,0.378,0.4684,-1.2469,-2806.81,5m,holdout,0.425,2561
2.0,2.0,2251,0.378,0.45,-1.2653,-2848.19,5m,holdout,0.425,2561
2.5,0.25,2251,0.363,0.8727,-0.8336,-1876.48,5m,holdout,0.425,2561
2.5,0.5,2251,0.351,0.6761,-1.0388,-2338.45,5m,holdout,0.425,2561
2.5,0.75,2251,0.345,0.6048,-1.1105,-2499.74,5m,holdout,0.425,2561
2.5,1.0,2251,0.342,0.566,-1.1493,-2587.12,5m,holdout,0.425,2561
2.5,1.5,2251,0.339,0.5223,-1.193,-2685.43,5m,holdout,0.425,2561
2.5,2.0,2251,0.339,0.4972,-1.2181,-2742.02,5m,holdout,0.425,2561
3.0,0.25,2251,0.339,1.0058,-0.691,-1555.54,5m,holdout,0.425,2561
3.0,0.5,2251,0.323,0.7648,-0.9491,-2136.51,5m,holdout,0.425,2561
3.0,0.75,2251,0.316,0.6636,-1.0517,-2367.32,5m,holdout,0.425,2561
3.0,1.0,2251,0.311,0.6133,-1.102,-2480.51,5m,holdout,0.425,2561
3.0,1.5,2251,0.307,0.5577,-1.1576,-2605.65,5m,holdout,0.425,2561
3.0,2.0,2251,0.305,0.5261,-1.1892,-2676.84,5m,holdout,0.425,2561
3.5,0.25,2251,0.321,1.1331,-0.5544,-1247.92,5m,holdout,0.425,2561
3.5,0.5,2251,0.304,0.8864,-0.8247,-1856.35,5m,holdout,0.425,2561
3.5,0.75,2251,0.295,0.7521,-0.9631,-2167.87,5m,holdout,0.425,2561
3.5,1.0,2251,0.29,0.6887,-1.0265,-2310.58,5m,holdout,0.425,2561
3.5,1.5,2251,0.285,0.62,-1.0953,-2465.41,5m,holdout,0.425,2561
3.5,2.0,2251,0.282,0.5812,-1.134,-2552.61,5m,holdout,0.425,2561
4.0,0.25,2251,0.309,1.2218,-0.4539,-1021.8,5m,holdout,0.425,2561
4.0,0.5,2251,0.29,0.9573,-0.7512,-1691.04,5m,holdout,0.425,2561
4.0,0.75,2251,0.279,0.798,-0.9171,-2064.32,5m,holdout,0.425,2561
4.0,1.0,2251,0.272,0.724,-0.9912,-2231.27,5m,holdout,0.425,2561
4.0,1.5,2251,0.265,0.6456,-1.0696,-2407.71,5m,holdout,0.425,2561
4.0,2.0,2251,0.262,0.6018,-1.1134,-2506.17,5m,holdout,0.425,2561
4.5,0.25,2251,0.301,1.3284,-0.3356,-755.44,5m,holdout,0.425,2561
4.5,0.5,2251,0.28,1.0504,-0.6562,-1477.03,5m,holdout,0.425,2561
4.5,0.75,2251,0.267,0.8841,-0.8299,-1868.0,5m,holdout,0.425,2561
4.5,1.0,2251,0.26,0.8026,-0.9126,-2054.19,5m,holdout,0.425,2561
4.5,1.5,2251,0.252,0.7119,-1.0033,-2258.43,5m,holdout,0.425,2561
4.5,2.0,2251,0.248,0.6627,-1.0524,-2369.06,5m,holdout,0.425,2561
5.0,0.25,2251,0.292,1.4193,-0.2296,-516.84,5m,holdout,0.425,2561
5.0,0.5,2251,0.269,1.1588,-0.5431,-1222.41,5m,holdout,0.425,2561
5.0,0.75,2251,0.255,0.9684,-0.7445,-1675.83,5m,holdout,0.425,2561
5.0,1.0,2251,0.246,0.8761,-0.8387,-1887.96,5m,holdout,0.425,2561
5.0,1.5,2251,0.237,0.7649,-0.9503,-2139.16,5m,holdout,0.425,2561
5.0,2.0,2251,0.231,0.7066,-1.0085,-2270.21,5m,holdout,0.425,2561
1.5,0.25,2246,0.446,0.6391,-1.0752,-2414.93,5m,holdout,0.45,2561
1.5,0.5,2246,0.44,0.5535,-1.1629,-2611.83,5m,holdout,0.45,2561
1.5,0.75,2246,0.438,0.5227,-1.1937,-2681.15,5m,holdout,0.45,2561
1.5,1.0,2246,0.437,0.5053,-1.2111,-2720.18,5m,holdout,0.45,2561
1.5,1.5,2246,0.436,0.4854,-1.2311,-2764.94,5m,holdout,0.45,2561
1.5,2.0,2246,0.435,0.4737,-1.2427,-2791.03,5m,holdout,0.45,2561
2.0,0.25,2246,0.399,0.723,-0.9893,-2221.93,5m,holdout,0.45,2561
2.0,0.5,2246,0.391,0.5878,-1.1286,-2534.81,5m,holdout,0.45,2561
2.0,0.75,2246,0.387,0.5386,-1.1778,-2645.36,5m,holdout,0.45,2561
2.0,1.0,2246,0.384,0.5111,-1.2053,-2707.17,5m,holdout,0.45,2561
2.0,1.5,2246,0.382,0.4796,-1.2368,-2777.8,5m,holdout,0.45,2561
2.0,2.0,2246,0.382,0.4614,-1.255,-2818.84,5m,holdout,0.45,2561
2.5,0.25,2246,0.366,0.8927,-0.8151,-1830.69,5m,holdout,0.45,2561
2.5,0.5,2246,0.354,0.6982,-1.0178,-2286.06,5m,holdout,0.45,2561
2.5,0.75,2246,0.348,0.6273,-1.0891,-2446.07,5m,holdout,0.45,2561
2.5,1.0,2246,0.345,0.5887,-1.1277,-2532.89,5m,holdout,0.45,2561
2.5,1.5,2246,0.342,0.5451,-1.1713,-2630.74,5m,holdout,0.45,2561
2.5,2.0,2246,0.341,0.52,-1.1964,-2687.16,5m,holdout,0.45,2561
3.0,0.25,2246,0.339,1.0245,-0.6737,-1513.04,5m,holdout,0.45,2561
3.0,0.5,2246,0.324,0.7866,-0.9284,-2085.22,5m,holdout,0.45,2561
3.0,0.75,2246,0.317,0.6863,-1.03,-2313.46,5m,holdout,0.45,2561
3.0,1.0,2246,0.313,0.6365,-1.0798,-2425.26,5m,holdout,0.45,2561
3.0,1.5,2246,0.308,0.5815,-1.1349,-2548.89,5m,holdout,0.45,2561
3.0,2.0,2246,0.305,0.5501,-1.1662,-2619.23,5m,holdout,0.45,2561
3.5,0.25,2246,0.322,1.126,-0.5632,-1265.06,5m,holdout,0.45,2561
3.5,0.5,2246,0.305,0.8771,-0.8357,-1876.99,5m,holdout,0.45,2561
3.5,0.75,2246,0.297,0.7434,-0.9729,-2185.2,5m,holdout,0.45,2561
3.5,1.0,2246,0.292,0.6813,-1.035,-2324.53,5m,holdout,0.45,2561
3.5,1.5,2246,0.286,0.6139,-1.1024,-2475.89,5m,holdout,0.45,2561
3.5,2.0,2246,0.283,0.576,-1.1403,-2561.2,5m,holdout,0.45,2561
4.0,0.25,2246,0.311,1.2468,-0.4308,-967.56,5m,holdout,0.45,2561
4.0,0.5,2246,0.292,0.9844,-0.7255,-1629.41,5m,holdout,0.45,2561
4.0,0.75,2246,0.281,0.8256,-0.8905,-2000.16,5m,holdout,0.45,2561
4.0,1.0,2246,0.275,0.7518,-0.9645,-2166.25,5m,holdout,0.45,2561
4.0,1.5,2246,0.268,0.6736,-1.0427,-2341.86,5m,holdout,0.45,2561
4.0,2.0,2246,0.264,0.63,-1.0863,-2439.92,5m,holdout,0.45,2561
4.5,0.25,2246,0.301,1.3329,-0.3335,-749.11,5m,holdout,0.45,2561
4.5,0.5,2246,0.28,1.0519,-0.6563,-1474.04,5m,holdout,0.45,2561
4.5,0.75,2246,0.268,0.8856,-0.8296,-1863.33,5m,holdout,0.45,2561
4.5,1.0,2246,0.261,0.804,-0.9123,-2048.95,5m,holdout,0.45,2561
4.5,1.5,2246,0.253,0.7132,-1.0031,-2252.9,5m,holdout,0.45,2561
4.5,2.0,2246,0.248,0.664,-1.0522,-2363.35,5m,holdout,0.45,2561
5.0,0.25,2246,0.292,1.4152,-0.2373,-533.09,5m,holdout,0.45,2561
5.0,0.5,2246,0.27,1.1609,-0.5425,-1218.53,5m,holdout,0.45,2561
5.0,0.75,2246,0.257,0.9747,-0.7392,-1660.29,5m,holdout,0.45,2561
5.0,1.0,2246,0.248,0.8844,-0.8314,-1867.42,5m,holdout,0.45,2561
5.0,1.5,2246,0.24,0.7751,-0.9412,-2113.86,5m,holdout,0.45,2561
5.0,2.0,2246,0.233,0.7178,-0.9984,-2242.47,5m,holdout,0.45,2561
1.5,0.25,2242,0.446,0.6398,-1.0747,-2409.48,5m,holdout,0.475,2561
1.5,0.5,2242,0.44,0.5562,-1.1604,-2601.59,5m,holdout,0.475,2561
1.5,0.75,2242,0.438,0.5263,-1.1904,-2668.8,5m,holdout,0.475,2561
1.5,1.0,2242,0.437,0.5095,-1.2072,-2706.52,5m,holdout,0.475,2561
1.5,1.5,2242,0.436,0.4902,-1.2264,-2749.7,5m,holdout,0.475,2561
1.5,2.0,2242,0.436,0.479,-1.2377,-2774.84,5m,holdout,0.475,2561
2.0,0.25,2242,0.398,0.709,-1.0037,-2250.28,5m,holdout,0.475,2561
2.0,0.5,2242,0.392,0.5756,-1.141,-2558.09,5m,holdout,0.475,2561
2.0,0.75,2242,0.387,0.5271,-1.1896,-2667.04,5m,holdout,0.475,2561
2.0,1.0,2242,0.384,0.4999,-1.2168,-2728.0,5m,holdout,0.475,2561
2.0,1.5,2242,0.383,0.4688,-1.2478,-2797.66,5m,holdout,0.475,2561
2.0,2.0,2242,0.382,0.4507,-1.2659,-2838.16,5m,holdout,0.475,2561
2.5,0.25,2242,0.366,0.881,-0.8275,-1855.35,5m,holdout,0.475,2561
2.5,0.5,2242,0.355,0.6926,-1.0237,-2295.07,5m,holdout,0.475,2561
2.5,0.75,2242,0.348,0.6237,-1.0929,-2450.31,5m,holdout,0.475,2561
2.5,1.0,2242,0.345,0.586,-1.1307,-2534.95,5m,holdout,0.475,2561
2.5,1.5,2242,0.343,0.5434,-1.1733,-2630.51,5m,holdout,0.475,2561
2.5,2.0,2242,0.343,0.5188,-1.1979,-2685.64,5m,holdout,0.475,2561
3.0,0.25,2242,0.34,1.036,-0.663,-1486.46,5m,holdout,0.475,2561
3.0,0.5,2242,0.326,0.8024,-0.9131,-2047.1,5m,holdout,0.475,2561
3.0,0.75,2242,0.319,0.7049,-1.0117,-2268.21,5m,holdout,0.475,2561
3.0,1.0,2242,0.314,0.6565,-1.06,-2376.6,5m,holdout,0.475,2561
3.0,1.5,2242,0.31,0.603,-1.1135,-2496.54,5m,holdout,0.475,2561
3.0,2.0,2242,0.308,0.5726,-1.144,-2564.84,5m,holdout,0.475,2561
3.5,0.25,2242,0.323,1.1121,-0.5784,-1296.83,5m,holdout,0.475,2561
3.5,0.5,2242,0.305,0.8609,-0.8529,-1912.12,5m,holdout,0.475,2561
3.5,0.75,2242,0.298,0.7348,-0.9818,-2201.16,5m,holdout,0.475,2561
3.5,1.0,2242,0.292,0.6751,-1.0415,-2335.03,5m,holdout,0.475,2561
3.5,1.5,2242,0.286,0.6098,-1.1067,-2481.29,5m,holdout,0.475,2561
3.5,2.0,2242,0.283,0.5729,-1.1436,-2563.98,5m,holdout,0.475,2561
4.0,0.25,2242,0.311,1.2365,-0.4422,-991.32,5m,holdout,0.475,2561
4.0,0.5,2242,0.291,0.9703,-0.7402,-1659.64,5m,holdout,0.475,2561
4.0,0.75,2242,0.282,0.8128,-0.9036,-2025.83,5m,holdout,0.475,2561
4.0,1.0,2242,0.276,0.7396,-0.9769,-2190.31,5m,holdout,0.475,2561
4.0,1.5,2242,0.269,0.662,-1.0545,-2364.22,5m,holdout,0.475,2561
4.0,2.0,2242,0.264,0.6187,-1.0978,-2461.36,5m,holdout,0.475,2561
4.5,0.25,2242,0.302,1.3287,-0.3389,-759.82,5m,holdout,0.475,2561
4.5,0.5,2242,0.281,1.046,-0.6626,-1485.46,5m,holdout,0.475,2561
4.5,0.75,2242,0.269,0.881,-0.8344,-1870.76,5m,holdout,0.475,2561
4.5,1.0,2242,0.262,0.8001,-0.9163,-2054.45,5m,holdout,0.475,2561
4.5,1.5,2242,0.254,0.7101,-1.0064,-2256.3,5m,holdout,0.475,2561
4.5,2.0,2242,0.249,0.6614,-1.0551,-2365.56,5m,holdout,0.475,2561
5.0,0.25,2242,0.294,1.4274,-0.2266,-508.1,5m,holdout,0.475,2561
5.0,0.5,2242,0.271,1.1761,-0.5276,-1182.92,5m,holdout,0.475,2561
5.0,0.75,2242,0.26,0.9917,-0.7226,-1620.13,5m,holdout,0.475,2561
5.0,1.0,2242,0.251,0.9023,-0.8139,-1824.79,5m,holdout,0.475,2561
5.0,1.5,2242,0.242,0.7939,-0.9226,-2068.43,5m,holdout,0.475,2561
5.0,2.0,2242,0.236,0.7372,-0.9793,-2195.62,5m,holdout,0.475,2561
1.5,0.25,2236,0.445,0.6193,-1.0962,-2451.01,5m,holdout,0.5,2561
1.5,0.5,2236,0.439,0.5394,-1.1779,-2633.73,5m,holdout,0.5,2561
1.5,0.75,2236,0.436,0.5108,-1.2065,-2697.74,5m,holdout,0.5,2561
1.5,1.0,2236,0.435,0.4947,-1.2226,-2733.68,5m,holdout,0.5,2561
1.5,1.5,2236,0.434,0.4763,-1.241,-2774.85,5m,holdout,0.5,2561
1.5,2.0,2236,0.434,0.4656,-1.2517,-2798.83,5m,holdout,0.5,2561
2.0,0.25,2236,0.399,0.7176,-0.9957,-2226.42,5m,holdout,0.5,2561
2.0,0.5,2236,0.392,0.5896,-1.1276,-2521.4,5m,holdout,0.5,2561
2.0,0.75,2236,0.388,0.5433,-1.1739,-2624.95,5m,holdout,0.5,2561
2.0,1.0,2236,0.385,0.5175,-1.1998,-2682.81,5m,holdout,0.5,2561
2.0,1.5,2236,0.383,0.4879,-1.2294,-2748.89,5m,holdout,0.5,2561
2.0,2.0,2236,0.383,0.4707,-1.2466,-2787.29,5m,holdout,0.5,2561
2.5,0.25,2236,0.366,0.8832,-0.8261,-1847.06,5m,holdout,0.5,2561
2.5,0.5,2236,0.355,0.698,-1.019,-2278.38,5m,holdout,0.5,2561
2.5,0.75,2236,0.348,0.6305,-1.0868,-2430.05,5m,holdout,0.5,2561
2.5,1.0,2236,0.345,0.5936,-1.1237,-2512.61,5m,holdout,0.5,2561
2.5,1.5,2236,0.343,0.5519,-1.1654,-2605.74,5m,holdout,0.5,2561
2.5,2.0,2236,0.342,0.5279,-1.1894,-2659.46,5m,holdout,0.5,2561
3.0,0.25,2236,0.343,1.0253,-0.6765,-1512.62,5m,holdout,0.5,2561
3.0,0.5,2236,0.328,0.8061,-0.91,-2034.86,5m,holdout,0.5,2561
3.0,0.75,2236,0.322,0.7125,-1.0048,-2246.73,5m,holdout,0.5,2561
3.0,1.0,2236,0.318,0.6661,-1.0512,-2350.51,5m,holdout,0.5,2561
3.0,1.5,2236,0.314,0.6146,-1.1027,-2465.59,5m,holdout,0.5,2561
3.0,2.0,2236,0.312,0.5852,-1.1321,-2531.28,5m,holdout,0.5,2561
3.5,0.25,2236,0.326,1.1384,-0.5534,-1237.41,5m,holdout,0.5,2561
3.5,0.5,2236,0.308,0.8931,-0.8213,-1836.45,5m,holdout,0.5,2561
3.5,0.75,2236,0.301,0.7691,-0.9481,-2119.95,5m,holdout,0.5,2561
3.5,1.0,2236,0.295,0.7107,-1.0065,-2250.62,5m,holdout,0.5,2561
3.5,1.5,2236,0.29,0.6469,-1.0703,-2393.23,5m,holdout,0.5,2561
3.5,2.0,2236,0.286,0.6109,-1.1063,-2473.79,5m,holdout,0.5,2561
4.0,0.25,2236,0.313,1.2552,-0.4255,-951.35,5m,holdout,0.5,2561
4.0,0.5,2236,0.292,0.9967,-0.7145,-1597.64,5m,holdout,0.5,2561
4.0,0.75,2236,0.283,0.8415,-0.8755,-1957.72,5m,holdout,0.5,2561
4.0,1.0,2236,0.277,0.7695,-0.9476,-2118.94,5m,holdout,0.5,2561
4.0,1.5,2236,0.27,0.6934,-1.0237,-2289.08,5m,holdout,0.5,2561
4.0,2.0,2236,0.266,0.651,-1.0662,-2383.99,5m,holdout,0.5,2561
4.5,0.25,2236,0.304,1.3297,-0.3406,-761.55,5m,holdout,0.5,2561
4.5,0.5,2236,0.282,1.0555,-0.654,-1462.43,5m,holdout,0.5,2561
4.5,0.75,2236,0.272,0.8946,-0.8218,-1837.52,5m,holdout,0.5,2561
4.5,1.0,2236,0.265,0.8151,-0.9021,-2016.99,5m,holdout,0.5,2561
4.5,1.5,2236,0.257,0.7267,-0.9905,-2214.72,5m,holdout,0.5,2561
4.5,2.0,2236,0.252,0.6789,-1.0383,-2321.66,5m,holdout,0.5,2561
5.0,0.25,2236,0.297,1.4523,-0.2035,-455.13,5m,holdout,0.5,2561
5.0,0.5,2236,0.273,1.2044,-0.5004,-1118.92,5m,holdout,0.5,2561
5.0,0.75,2236,0.261,1.0197,-0.6957,-1555.63,5m,holdout,0.5,2561
5.0,1.0,2236,0.253,0.9298,-0.7874,-1760.54,5m,holdout,0.5,2561
5.0,1.5,2236,0.245,0.8294,-0.8877,-1984.95,5m,holdout,0.5,2561
5.0,2.0,2236,0.238,0.7751,-0.9421,-2106.48,5m,holdout,0.5,2561
1.5,0.25,2230,0.443,0.6199,-1.0965,-2445.15,5m,holdout,0.525,2561
1.5,0.5,2230,0.438,0.5408,-1.1773,-2625.38,5m,holdout,0.525,2561
1.5,0.75,2230,0.435,0.5124,-1.2057,-2688.75,5m,holdout,0.525,2561
1.5,1.0,2230,0.434,0.4964,-1.2217,-2724.41,5m,holdout,0.525,2561
1.5,1.5,2230,0.434,0.4781,-1.24,-2765.3,5m,holdout,0.525,2561
1.5,2.0,2230,0.433,0.4674,-1.2507,-2789.13,5m,holdout,0.525,2561
2.0,0.25,2230,0.399,0.7228,-0.9916,-2211.2,5m,holdout,0.525,2561
2.0,0.5,2230,0.392,0.5966,-1.1216,-2501.08,5m,holdout,0.525,2561
2.0,0.75,2230,0.388,0.5508,-1.1673,-2603.1,5m,holdout,0.525,2561
2.0,1.0,2230,0.386,0.5252,-1.1929,-2660.21,5m,holdout,0.525,2561
2.0,1.5,2230,0.384,0.4959,-1.2222,-2725.5,5m,holdout,0.525,2561
2.0,2.0,2230,0.383,0.4789,-1.2392,-2763.47,5m,holdout,0.525,2561
2.5,0.25,2230,0.365,0.8786,-0.8322,-1855.88,5m,holdout,0.525,2561
2.5,0.5,2230,0.353,0.6925,-1.0253,-2286.5,5m,holdout,0.525,2561
2.5,0.75,2230,0.348,0.6248,-1.0934,-2438.23,5m,holdout,0.525,2561
2.5,1.0,2230,0.344,0.5875,-1.1306,-2521.27,5m,holdout,0.525,2561
2.5,1.5,2230,0.343,0.5454,-1.1728,-2615.25,5m,holdout,0.525,2561
2.5,2.0,2230,0.341,0.521,-1.1971,-2669.64,5m,holdout,0.525,2561
3.0,0.25,2230,0.339,0.9915,-0.7118,-1587.3,5m,holdout,0.525,2561
3.0,0.5,2230,0.325,0.7689,-0.9481,-2114.24,5m,holdout,0.525,2561
3.0,0.75,2230,0.319,0.6735,-1.0446,-2329.5,5m,holdout,0.525,2561
3.0,1.0,2230,0.315,0.626,-1.0921,-2435.43,5m,holdout,0.525,2561
3.0,1.5,2230,0.311,0.5732,-1.1449,-2553.19,5m,holdout,0.525,2561
3.0,2.0,2230,0.309,0.543,-1.1751,-2620.55,5m,holdout,0.525,2561
3.5,0.25,2230,0.323,1.1255,-0.5675,-1265.44,5m,holdout,0.525,2561
3.5,0.5,2230,0.305,0.8847,-0.8306,-1852.18,5m,holdout,0.525,2561
3.5,0.75,2230,0.298,0.7615,-0.9566,-2133.2,5m,holdout,0.525,2561
3.5,1.0,2230,0.293,0.7033,-1.0148,-2262.91,5m,holdout,0.525,2561
3.5,1.5,2230,0.288,0.6397,-1.0783,-2404.67,5m,holdout,0.525,2561
3.5,2.0,2230,0.284,0.6038,-1.1143,-2484.88,5m,holdout,0.525,2561
4.0,0.25,2230,0.311,1.2186,-0.4655,-1038.06,5m,holdout,0.525,2561
4.0,0.5,2230,0.291,0.952,-0.7608,-1696.55,5m,holdout,0.525,2561
4.0,0.75,2230,0.281,0.8076,-0.9103,-2030.0,5m,holdout,0.525,2561
4.0,1.0,2230,0.275,0.7367,-0.9813,-2188.32,5m,holdout,0.525,2561
4.0,1.5,2230,0.269,0.6613,-1.0567,-2356.41,5m,holdout,0.525,2561
4.0,2.0,2230,0.264,0.6191,-1.0989,-2450.52,5m,holdout,0.525,2561
4.5,0.25,2230,0.302,1.3146,-0.3583,-799.1,5m,holdout,0.525,2561
4.5,0.5,2230,0.281,1.037,-0.6738,-1502.5,5m,holdout,0.525,2561
4.5,0.75,2230,0.271,0.8746,-0.8426,-1878.93,5m,holdout,0.525,2561
4.5,1.0,2230,0.264,0.7943,-0.9238,-2059.99,5m,holdout,0.525,2561
4.5,1.5,2230,0.257,0.7046,-1.0134,-2259.94,5m,holdout,0.525,2561
4.5,2.0,2230,0.252,0.656,-1.062,-2368.32,5m,holdout,0.525,2561
5.0,0.25,2230,0.295,1.4259,-0.2335,-520.78,5m,holdout,0.525,2561
5.0,0.5,2230,0.271,1.1655,-0.5411,-1206.74,5m,holdout,0.525,2561
5.0,0.75,2230,0.259,0.9784,-0.7378,-1645.4,5m,holdout,0.525,2561
5.0,1.0,2230,0.251,0.888,-0.83,-1850.93,5m,holdout,0.525,2561
5.0,1.5,2230,0.243,0.787,-0.931,-2076.16,5m,holdout,0.525,2561
5.0,2.0,2230,0.236,0.7323,-0.9857,-2198.19,5m,holdout,0.525,2561
1.5,0.25,2229,0.444,0.621,-1.0955,-2441.91,5m,holdout,0.55,2561
1.5,0.5,2229,0.439,0.543,-1.1752,-2619.61,5m,holdout,0.55,2561
1.5,0.75,2229,0.436,0.5151,-1.2032,-2681.85,5m,holdout,0.55,2561
1.5,1.0,2229,0.435,0.4994,-1.2189,-2716.85,5m,holdout,0.55,2561
1.5,1.5,2229,0.434,0.4814,-1.2369,-2756.96,5m,holdout,0.55,2561
1.5,2.0,2229,0.433,0.4709,-1.2473,-2780.32,5m,holdout,0.55,2561
2.0,0.25,2229,0.401,0.7249,-0.9897,-2206.1,5m,holdout,0.55,2561
2.0,0.5,2229,0.395,0.6077,-1.1105,-2475.36,5m,holdout,0.55,2561
2.0,0.75,2229,0.39,0.5645,-1.1538,-2571.83,5m,holdout,0.55,2561
2.0,1.0,2229,0.389,0.5403,-1.178,-2625.77,5m,holdout,0.55,2561
2.0,1.5,2229,0.386,0.5126,-1.2056,-2687.35,5m,holdout,0.55,2561
2.0,2.0,2229,0.386,0.4966,-1.2217,-2723.12,5m,holdout,0.55,2561
2.5,0.25,2229,0.365,0.8649,-0.846,-1885.73,5m,holdout,0.55,2561
2.5,0.5,2229,0.354,0.6838,-1.0342,-2305.14,5m,holdout,0.55,2561
2.5,0.75,2229,0.348,0.618,-1.1002,-2452.45,5m,holdout,0.55,2561
2.5,1.0,2229,0.345,0.5819,-1.1363,-2532.9,5m,holdout,0.55,2561
2.5,1.5,2229,0.343,0.5411,-1.1771,-2623.85,5m,holdout,0.55,2561
2.5,2.0,2229,0.342,0.5176,-1.2007,-2676.41,5m,holdout,0.55,2561
3.0,0.25,2229,0.341,0.9988,-0.7053,-1572.07,5m,holdout,0.55,2561
3.0,0.5,2229,0.327,0.7811,-0.936,-2086.42,5m,holdout,0.55,2561
3.0,0.75,2229,0.32,0.6881,-1.0302,-2296.24,5m,holdout,0.55,2561
3.0,1.0,2229,0.316,0.6419,-1.0764,-2399.22,5m,holdout,0.55,2561
3.0,1.5,2229,0.312,0.5906,-1.1277,-2513.66,5m,holdout,0.55,2561
3.0,2.0,2229,0.31,0.5612,-1.1571,-2579.13,5m,holdout,0.55,2561
3.5,0.25,2229,0.323,1.1138,-0.5799,-1292.51,5m,holdout,0.55,2561
3.5,0.5,2229,0.305,0.8746,-0.8409,-1874.35,5m,holdout,0.55,2561
3.5,0.75,2229,0.298,0.756,-0.9622,-2144.69,5m,holdout,0.55,2561
3.5,1.0,2229,0.294,0.6988,-1.0194,-2272.25,5m,holdout,0.55,2561
3.5,1.5,2229,0.288,0.6361,-1.0821,-2411.98,5m,holdout,0.55,2561
3.5,2.0,2229,0.285,0.6006,-1.1176,-2491.13,5m,holdout,0.55,2561
4.0,0.25,2229,0.31,1.1623,-0.5247,-1169.47,5m,holdout,0.55,2561
4.0,0.5,2229,0.289,0.9048,-0.8089,-1803.04,5m,holdout,0.55,2561
4.0,0.75,2229,0.279,0.7641,-0.954,-2126.55,5m,holdout,0.55,2561
4.0,1.0,2229,0.274,0.696,-1.0222,-2278.49,5m,holdout,0.55,2561
4.0,1.5,2229,0.268,0.6234,-1.0947,-2440.1,5m,holdout,0.55,2561
4.0,2.0,2229,0.265,0.5828,-1.1353,-2530.62,5m,holdout,0.55,2561
4.5,0.25,2229,0.301,1.2715,-0.4034,-899.28,5m,holdout,0.55,2561
4.5,0.5,2229,0.279,0.9959,-0.7155,-1594.89,5m,holdout,0.55,2561
4.5,0.75,2229,0.269,0.8323,-0.8854,-1973.51,5m,holdout,0.55,2561
4.5,1.0,2229,0.263,0.7537,-0.9645,-2149.79,5m,holdout,0.55,2561
4.5,1.5,2229,0.255,0.6704,-1.0478,-2335.49,5m,holdout,0.55,2561
4.5,2.0,2229,0.251,0.6239,-1.0943,-2439.08,5m,holdout,0.55,2561
5.0,0.25,2229,0.293,1.3865,-0.2751,-613.12,5m,holdout,0.55,2561
5.0,0.5,2229,0.27,1.1243,-0.5831,-1299.62,5m,holdout,0.55,2561
5.0,0.75,2229,0.257,0.9345,-0.7822,-1743.5,5m,holdout,0.55,2561
5.0,1.0,2229,0.25,0.8432,-0.8749,-1950.17,5m,holdout,0.55,2561
5.0,1.5,2229,0.241,0.7414,-0.9767,-2177.06,5m,holdout,0.55,2561
5.0,2.0,2229,0.237,0.6863,-1.0318,-2299.89,5m,holdout,0.55,2561
1.5,0.25,2228,0.444,0.6336,-1.0831,-2413.24,5m,holdout,0.575,2561
1.5,0.5,2228,0.44,0.5547,-1.1637,-2592.76,5m,holdout,0.575,2561
1.5,0.75,2228,0.437,0.5263,-1.1922,-2656.11,5m,holdout,0.575,2561
1.5,1.0,2228,0.436,0.5103,-1.2082,-2691.81,5m,holdout,0.575,2561
1.5,1.5,2228,0.434,0.4919,-1.2266,-2732.78,5m,holdout,0.575,2561
1.5,2.0,2228,0.434,0.4811,-1.2373,-2756.69,5m,holdout,0.575,2561
2.0,0.25,2228,0.403,0.752,-0.963,-2145.46,5m,holdout,0.575,2561
2.0,0.5,2228,0.398,0.636,-1.0824,-2411.55,5m,holdout,0.575,2561
2.0,0.75,2228,0.394,0.5931,-1.1253,-2507.18,5m,holdout,0.575,2561
2.0,1.0,2228,0.393,0.5691,-1.1493,-2560.66,5m,holdout,0.575,2561
2.0,1.5,2228,0.39,0.5417,-1.1767,-2621.7,5m,holdout,0.575,2561
2.0,2.0,2228,0.39,0.5258,-1.1926,-2657.12,5m,holdout,0.575,2561
2.5,0.25,2228,0.366,0.8737,-0.8375,-1865.99,5m,holdout,0.575,2561
2.5,0.5,2228,0.356,0.6942,-1.0239,-2281.3,5m,holdout,0.575,2561
2.5,0.75,2228,0.35,0.6288,-1.0896,-2427.62,5m,holdout,0.575,2561
2.5,1.0,2228,0.346,0.5929,-1.1255,-2507.58,5m,holdout,0.575,2561
2.5,1.5,2228,0.344,0.5524,-1.1661,-2597.98,5m,holdout,0.575,2561
2.5,2.0,2228,0.343,0.5289,-1.1895,-2650.24,5m,holdout,0.575,2561
3.0,0.25,2228,0.343,0.9991,-0.7058,-1572.42,5m,holdout,0.575,2561
3.0,0.5,2228,0.329,0.7903,-0.927,-2065.44,5m,holdout,0.575,2561
3.0,0.75,2228,0.322,0.6989,-1.0195,-2271.46,5m,holdout,0.575,2561
3.0,1.0,2228,0.319,0.6535,-1.0649,-2372.56,5m,holdout,0.575,2561
3.0,1.5,2228,0.314,0.6031,-1.1154,-2485.03,5m,holdout,0.575,2561
3.0,2.0,2228,0.313,0.5741,-1.1443,-2549.45,5m,holdout,0.575,2561
3.5,0.25,2228,0.325,1.1333,-0.5615,-1251.03,5m,holdout,0.575,2561
3.5,0.5,2228,0.308,0.8902,-0.8261,-1840.47,5m,holdout,0.575,2561
3.5,0.75,2228,0.301,0.7746,-0.9437,-2102.58,5m,holdout,0.575,2561
3.5,1.0,2228,0.297,0.7194,-0.9989,-2225.64,5m,holdout,0.575,2561
3.5,1.5,2228,0.291,0.6588,-1.0596,-2360.7,5m,holdout,0.575,2561
3.5,2.0,2228,0.289,0.6244,-1.0939,-2437.24,5m,holdout,0.575,2561
4.0,0.25,2228,0.31,1.1767,-0.5107,-1137.75,5m,holdout,0.575,2561
4.0,0.5,2228,0.29,0.9255,-0.7883,-1756.31,5m,holdout,0.575,2561
4.0,0.75,2228,0.281,0.7863,-0.932,-2076.43,5m,holdout,0.575,2561
4.0,1.0,2228,0.276,0.7193,-0.999,-2225.76,5m,holdout,0.575,2561
4.0,1.5,2228,0.269,0.648,-1.0703,-2384.69,5m,holdout,0.575,2561
4.0,2.0,2228,0.267,0.608,-1.1102,-2473.63,5m,holdout,0.575,2561
4.5,0.25,2228,0.3,1.2606,-0.4156,-925.99,5m,holdout,0.575,2561
4.5,0.5,2228,0.28,0.9854,-0.7262,-1617.91,5m,holdout,0.575,2561
4.5,0.75,2228,0.269,0.8217,-0.8962,-1996.7,5m,holdout,0.575,2561
4.5,1.0,2228,0.263,0.7434,-0.9749,-2172.11,5m,holdout,0.575,2561
4.5,1.5,2228,0.255,0.6604,-1.0579,-2357.06,5m,holdout,0.575,2561
4.5,2.0,2228,0.251,0.6141,-1.1042,-2460.21,5m,holdout,0.575,2561
5.0,0.25,2228,0.293,1.3682,-0.2955,-658.45,5m,holdout,0.575,2561
5.0,0.5,2228,0.27,1.0906,-0.6183,-1377.49,5m,holdout,0.575,2561
5.0,0.75,2228,0.257,0.9155,-0.8016,-1786.05,5m,holdout,0.575,2561
5.0,1.0,2228,0.25,0.8272,-0.8911,-1985.36,5m,holdout,0.575,2561
5.0,1.5,2228,0.241,0.7282,-0.99,-2205.73,5m,holdout,0.575,2561
5.0,2.0,2228,0.237,0.6747,-1.0435,-2325.02,5m,holdout,0.575,2561
1.5,0.25,2223,0.443,0.5839,-1.1332,-2519.07,5m,holdout,0.6,2561
1.5,0.5,2223,0.439,0.5106,-1.2081,-2685.53,5m,holdout,0.6,2561
1.5,0.75,2223,0.435,0.484,-1.2347,-2744.77,5m,holdout,0.6,2561
1.5,1.0,2223,0.435,0.469,-1.2497,-2778.15,5m,holdout,0.6,2561
1.5,1.5,2223,0.433,0.4518,-1.267,-2816.43,5m,holdout,0.6,2561
1.5,2.0,2223,0.433,0.4417,-1.277,-2838.74,5m,holdout,0.6,2561
2.0,0.25,2223,0.403,0.7163,-0.9989,-2220.62,5m,holdout,0.6,2561
2.0,0.5,2223,0.398,0.603,-1.1157,-2480.16,5m,holdout,0.6,2561
2.0,0.75,2223,0.394,0.561,-1.1576,-2573.45,5m,holdout,0.6,2561
2.0,1.0,2223,0.393,0.5376,-1.1811,-2625.63,5m,holdout,0.6,2561
2.0,1.5,2223,0.391,0.5108,-1.2079,-2685.2,5m,holdout,0.6,2561
2.0,2.0,2223,0.39,0.4952,-1.2235,-2719.77,5m,holdout,0.6,2561
2.5,0.25,2223,0.366,0.813,-0.8991,-1998.62,5m,holdout,0.6,2561
2.5,0.5,2223,0.356,0.6452,-1.0732,-2385.82,5m,holdout,0.6,2561
2.5,0.75,2223,0.349,0.5815,-1.1372,-2528.02,5m,holdout,0.6,2561
2.5,1.0,2223,0.346,0.5465,-1.1722,-2605.81,5m,holdout,0.6,2561
2.5,1.5,2223,0.344,0.5069,-1.2118,-2693.82,5m,holdout,0.6,2561
2.5,2.0,2223,0.343,0.484,-1.2347,-2744.73,5m,holdout,0.6,2561
3.0,0.25,2223,0.342,0.9486,-0.7568,-1682.27,5m,holdout,0.6,2561
3.0,0.5,2223,0.329,0.7393,-0.9783,-2174.7,5m,holdout,0.6,2561
3.0,0.75,2223,0.321,0.6478,-1.0709,-2380.63,5m,holdout,0.6,2561
3.0,1.0,2223,0.317,0.6024,-1.1163,-2481.64,5m,holdout,0.6,2561
3.0,1.5,2223,0.314,0.5518,-1.1669,-2594.0,5m,holdout,0.6,2561
3.0,2.0,2223,0.312,0.5229,-1.1958,-2658.35,5m,holdout,0.6,2561
3.5,0.25,2223,0.326,1.0928,-0.6043,-1343.38,5m,holdout,0.6,2561
3.5,0.5,2223,0.31,0.844,-0.8733,-1941.44,5m,holdout,0.6,2561
3.5,0.75,2223,0.301,0.7387,-0.9799,-2178.31,5m,holdout,0.6,2561
3.5,1.0,2223,0.297,0.6869,-1.0317,-2293.54,5m,holdout,0.6,2561
3.5,1.5,2223,0.292,0.6297,-1.089,-2420.76,5m,holdout,0.6,2561
3.5,2.0,2223,0.29,0.5971,-1.1215,-2493.11,5m,holdout,0.6,2561
4.0,0.25,2223,0.31,1.1432,-0.5455,-1212.58,5m,holdout,0.6,2561
4.0,0.5,2223,0.292,0.8924,-0.8217,-1826.59,5m,holdout,0.6,2561
4.0,0.75,2223,0.28,0.754,-0.9646,-2144.3,5m,holdout,0.6,2561
4.0,1.0,2223,0.275,0.6874,-1.0312,-2292.36,5m,holdout,0.6,2561
4.0,1.5,2223,0.27,0.6165,-1.1021,-2449.87,5m,holdout,0.6,2561
4.0,2.0,2223,0.268,0.5769,-1.1417,-2538.02,5m,holdout,0.6,2561
4.5,0.25,2223,0.302,1.2509,-0.4273,-949.78,5m,holdout,0.6,2561
4.5,0.5,2223,0.283,0.9794,-0.7326,-1628.47,5m,holdout,0.6,2561
4.5,0.75,2223,0.27,0.8181,-0.9,-2000.8,5m,holdout,0.6,2561
4.5,1.0,2223,0.264,0.741,-0.9776,-2173.19,5m,holdout,0.6,2561
4.5,1.5,2223,0.257,0.6592,-1.0593,-2354.92,5m,holdout,0.6,2561
4.5,2.0,2223,0.254,0.6136,-1.105,-2456.31,5m,holdout,0.6,2561
5.0,0.25,2223,0.292,1.3322,-0.3342,-742.84,5m,holdout,0.6,2561
5.0,0.5,2223,0.271,1.0622,-0.6472,-1438.83,5m,holdout,0.6,2561
5.0,0.75,2223,0.258,0.8906,-0.8268,-1837.93,5m,holdout,0.6,2561
5.0,1.0,2223,0.25,0.8041,-0.9144,-2032.82,5m,holdout,0.6,2561
5.0,1.5,2223,0.242,0.7071,-1.0115,-2248.56,5m,holdout,0.6,2561
5.0,2.0,2223,0.238,0.6545,-1.064,-2365.31,5m,holdout,0.6,2561
1.5,0.25,2219,0.443,0.603,-1.1139,-2471.72,5m,holdout,0.625,2561
1.5,0.5,2219,0.438,0.5317,-1.1869,-2633.67,5m,holdout,0.625,2561
1.5,0.75,2219,0.435,0.5058,-1.2127,-2691.05,5m,holdout,0.625,2561
1.5,1.0,2219,0.434,0.4913,-1.2273,-2723.37,5m,holdout,0.625,2561
1.5,1.5,2219,0.433,0.4746,-1.244,-2760.43,5m,holdout,0.625,2561
1.5,2.0,2219,0.433,0.4648,-1.2537,-2782.04,5m,holdout,0.625,2561
2.0,0.25,2219,0.405,0.7225,-0.9925,-2202.34,5m,holdout,0.625,2561
2.0,0.5,2219,0.399,0.6128,-1.1057,-2453.6,5m,holdout,0.625,2561
2.0,0.75,2219,0.396,0.5722,-1.1463,-2543.67,5m,holdout,0.625,2561
2.0,1.0,2219,0.394,0.5495,-1.169,-2594.03,5m,holdout,0.625,2561
2.0,1.5,2219,0.393,0.5236,-1.1949,-2651.56,5m,holdout,0.625,2561
2.0,2.0,2219,0.392,0.5086,-1.21,-2684.97,5m,holdout,0.625,2561
2.5,0.25,2219,0.366,0.803,-0.909,-2016.97,5m,holdout,0.625,2561
2.5,0.5,2219,0.356,0.6383,-1.0799,-2396.4,5m,holdout,0.625,2561
2.5,0.75,2219,0.349,0.5758,-1.1428,-2535.79,5m,holdout,0.625,2561
2.5,1.0,2219,0.347,0.5415,-1.1771,-2612.04,5m,holdout,0.625,2561
2.5,1.5,2219,0.345,0.5026,-1.216,-2698.38,5m,holdout,0.625,2561
2.5,2.0,2219,0.344,0.48,-1.2386,-2748.38,5m,holdout,0.625,2561
3.0,0.25,2219,0.345,0.9401,-0.7666,-1701.12,5m,holdout,0.625,2561
3.0,0.5,2219,0.331,0.7383,-0.9792,-2172.76,5m,holdout,0.625,2561
3.0,0.75,2219,0.323,0.6499,-1.0687,-2371.47,5m,holdout,0.625,2561
3.0,1.0,2219,0.319,0.6061,-1.1124,-2468.51,5m,holdout,0.625,2561
3.0,1.5,2219,0.316,0.5575,-1.1611,-2576.44,5m,holdout,0.625,2561
3.0,2.0,2219,0.314,0.5296,-1.189,-2638.29,5m,holdout,0.625,2561
3.5,0.25,2219,0.326,1.0566,-0.6411,-1422.66,5m,holdout,0.625,2561
3.5,0.5,2219,0.31,0.8095,-0.9077,-2014.24,5m,holdout,0.625,2561
3.5,0.75,2219,0.301,0.7072,-1.0113,-2244.02,5m,holdout,0.625,2561
3.5,1.0,2219,0.297,0.6565,-1.062,-2356.61,5m,holdout,0.625,2561
3.5,1.5,2219,0.292,0.6003,-1.1182,-2481.21,5m,holdout,0.625,2561
3.5,2.0,2219,0.289,0.5683,-1.1502,-2552.23,5m,holdout,0.625,2561
4.0,0.25,2219,0.311,1.1419,-0.547,-1213.88,5m,holdout,0.625,2561
4.0,0.5,2219,0.292,0.8972,-0.8169,-1812.78,5m,holdout,0.625,2561
4.0,0.75,2219,0.281,0.7602,-0.9582,-2126.31,5m,holdout,0.625,2561
4.0,1.0,2219,0.275,0.6945,-1.024,-2272.19,5m,holdout,0.625,2561
4.0,1.5,2219,0.27,0.6246,-1.0939,-2427.35,5m,holdout,0.625,2561
4.0,2.0,2219,0.268,0.5854,-1.1331,-2514.25,5m,holdout,0.625,2561
4.5,0.25,2219,0.303,1.2606,-0.4176,-926.58,5m,holdout,0.625,2561
4.5,0.5,2219,0.283,0.9912,-0.7207,-1599.31,5m,holdout,0.625,2561
4.5,0.75,2219,0.271,0.8309,-0.8871,-1968.48,5m,holdout,0.625,2561
4.5,1.0,2219,0.264,0.7544,-0.9641,-2139.29,5m,holdout,0.625,2561
4.5,1.5,2219,0.258,0.6733,-1.0452,-2319.19,5m,holdout,0.625,2561
4.5,2.0,2219,0.254,0.6281,-1.0904,-2419.53,5m,holdout,0.625,2561
5.0,0.25,2219,0.294,1.3167,-0.3518,-780.6,5m,holdout,0.625,2561
5.0,0.5,2219,0.272,1.0464,-0.6637,-1472.67,5m,holdout,0.625,2561
5.0,0.75,2219,0.259,0.8805,-0.8367,-1856.72,5m,holdout,0.625,2561
5.0,1.0,2219,0.25,0.7969,-0.9215,-2044.91,5m,holdout,0.625,2561
5.0,1.5,2219,0.242,0.7029,-1.0155,-2253.46,5m,holdout,0.625,2561
5.0,2.0,2219,0.238,0.6521,-1.0663,-2366.16,5m,holdout,0.625,2561
1.5,0.25,2218,0.445,0.6137,-1.1037,-2448.02,5m,holdout,0.65,2561
1.5,0.5,2218,0.44,0.5471,-1.1717,-2598.8,5m,holdout,0.65,2561
1.5,0.75,2218,0.438,0.5231,-1.1957,-2652.02,5m,holdout,0.65,2561
1.5,1.0,2218,0.436,0.5095,-1.2092,-2682.07,5m,holdout,0.65,2561
1.5,1.5,2218,0.434,0.494,-1.2248,-2716.52,5m,holdout,0.65,2561
1.5,2.0,2218,0.434,0.485,-1.2338,-2736.57,5m,holdout,0.65,2561
2.0,0.25,2218,0.407,0.7366,-0.9786,-2170.55,5m,holdout,0.65,2561
2.0,0.5,2218,0.401,0.6282,-1.0906,-2418.93,5m,holdout,0.65,2561
2.0,0.75,2218,0.397,0.5881,-1.1307,-2507.82,5m,holdout,0.65,2561
2.0,1.0,2218,0.396,0.5657,-1.1531,-2557.5,5m,holdout,0.65,2561
2.0,1.5,2218,0.394,0.5401,-1.1786,-2614.23,5m,holdout,0.65,2561
2.0,2.0,2218,0.393,0.5253,-1.1935,-2647.18,5m,holdout,0.65,2561
2.5,0.25,2218,0.368,0.8218,-0.8906,-1975.36,5m,holdout,0.65,2561
2.5,0.5,2218,0.359,0.6644,-1.0541,-2337.91,5m,holdout,0.65,2561
2.5,0.75,2218,0.352,0.6059,-1.1129,-2468.42,5m,holdout,0.65,2561
2.5,1.0,2218,0.35,0.5734,-1.1453,-2540.38,5m,holdout,0.65,2561
2.5,1.5,2218,0.348,0.5366,-1.1822,-2622.05,5m,holdout,0.65,2561
2.5,2.0,2218,0.347,0.5153,-1.2035,-2669.4,5m,holdout,0.65,2561
3.0,0.25,2218,0.349,0.9709,-0.7361,-1632.63,5m,holdout,0.65,2561
3.0,0.5,2218,0.335,0.77,-0.9476,-2101.86,5m,holdout,0.65,2561
3.0,0.75,2218,0.327,0.6818,-1.037,-2299.96,5m,holdout,0.65,2561
3.0,1.0,2218,0.324,0.6382,-1.0806,-2396.69,5m,holdout,0.65,2561
3.0,1.5,2218,0.32,0.5897,-1.1291,-2504.3,5m,holdout,0.65,2561
3.0,2.0,2218,0.318,0.5619,-1.1569,-2565.98,5m,holdout,0.65,2561
3.5,0.25,2218,0.328,1.0596,-0.6398,-1419.1,5m,holdout,0.65,2561
3.5,0.5,2218,0.312,0.8178,-0.8997,-1995.44,5m,holdout,0.65,2561
3.5,0.75,2218,0.303,0.7168,-1.0019,-2222.24,5m,holdout,0.65,2561
3.5,1.0,2218,0.3,0.6667,-1.0521,-2333.46,5m,holdout,0.65,2561
3.5,1.5,2218,0.294,0.6111,-1.1076,-2456.7,5m,holdout,0.65,2561
3.5,2.0,2218,0.291,0.5794,-1.1393,-2527.02,5m,holdout,0.65,2561
4.0,0.25,2218,0.313,1.1588,-0.5318,-1179.52,5m,holdout,0.65,2561
4.0,0.5,2218,0.296,0.9161,-0.7986,-1771.25,5m,holdout,0.65,2561
4.0,0.75,2218,0.284,0.7831,-0.9356,-2075.2,5m,holdout,0.65,2561
4.0,1.0,2218,0.28,0.7203,-0.9984,-2214.38,5m,holdout,0.65,2561
4.0,1.5,2218,0.273,0.6529,-1.0657,-2363.83,5m,holdout,0.65,2561
4.0,2.0,2218,0.271,0.6151,-1.1036,-2447.76,5m,holdout,0.65,2561
4.5,0.25,2218,0.304,1.2682,-0.4118,-913.45,5m,holdout,0.65,2561
4.5,0.5,2218,0.285,0.99,-0.7235,-1604.66,5m,holdout,0.65,2561
4.5,0.75,2218,0.273,0.8416,-0.8768,-1944.73,5m,holdout,0.65,2561
4.5,1.0,2218,0.267,0.7681,-0.9505,-2108.29,5m,holdout,0.65,2561
4.5,1.5,2218,0.26,0.6901,-1.0285,-2281.21,5m,holdout,0.65,2561
4.5,2.0,2218,0.256,0.6466,-1.072,-2377.74,5m,holdout,0.65,2561
5.0,0.25,2218,0.294,1.3108,-0.3588,-795.86,5m,holdout,0.65,2561
5.0,0.5,2218,0.274,1.0375,-0.673,-1492.8,5m,holdout,0.65,2561
5.0,0.75,2218,0.261,0.8741,-0.8433,-1870.46,5m,holdout,0.65,2561
5.0,1.0,2218,0.252,0.7909,-0.9277,-2057.55,5m,holdout,0.65,2561
5.0,1.5,2218,0.243,0.6973,-1.0213,-2265.25,5m,holdout,0.65,2561
5.0,2.0,2218,0.239,0.6467,-1.0719,-2377.54,5m,holdout,0.65,2561
1.5,0.25,2216,0.445,0.625,-1.0925,-2421.09,5m,holdout,0.675,2561
1.5,0.5,2216,0.44,0.559,-1.16,-2570.59,5m,holdout,0.675,2561
1.5,0.75,2216,0.438,0.5351,-1.1838,-2623.39,5m,holdout,0.675,2561
1.5,1.0,2216,0.438,0.5217,-1.1973,-2653.23,5m,holdout,0.675,2561
1.5,1.5,2216,0.436,0.5062,-1.2127,-2687.45,5m,holdout,0.675,2561
1.5,2.0,2216,0.436,0.4972,-1.2217,-2707.39,5m,holdout,0.675,2561
2.0,0.25,2216,0.408,0.7347,-0.9811,-2174.1,5m,holdout,0.675,2561
2.0,0.5,2216,0.403,0.6329,-1.0861,-2406.84,5m,holdout,0.675,2561
2.0,0.75,2216,0.399,0.5943,-1.1247,-2492.31,5m,holdout,0.675,2561
2.0,1.0,2216,0.399,0.5727,-1.1463,-2540.16,5m,holdout,0.675,2561
2.0,1.5,2216,0.397,0.548,-1.171,-2594.88,5m,holdout,0.675,2561
2.0,2.0,2216,0.397,0.5336,-1.1853,-2626.71,5m,holdout,0.675,2561
2.5,0.25,2216,0.371,0.8496,-0.8631,-1912.65,5m,holdout,0.675,2561
2.5,0.5,2216,0.363,0.6933,-1.0254,-2272.19,5m,holdout,0.675,2561
2.5,0.75,2216,0.356,0.6352,-1.0838,-2401.67,5m,holdout,0.675,2561
2.5,1.0,2216,0.356,0.603,-1.116,-2473.02,5m,holdout,0.675,2561
2.5,1.5,2216,0.353,0.5665,-1.1525,-2553.91,5m,holdout,0.675,2561
2.5,2.0,2216,0.352,0.5454,-1.1736,-2600.74,5m,holdout,0.675,2561
3.0,0.25,2216,0.348,0.9837,-0.7234,-1602.99,5m,holdout,0.675,2561
3.0,0.5,2216,0.337,0.785,-0.9329,-2067.32,5m,holdout,0.675,2561
3.0,0.75,2216,0.328,0.6975,-1.0215,-2263.71,5m,holdout,0.675,2561
3.0,1.0,2216,0.326,0.6542,-1.0648,-2359.49,5m,holdout,0.675,2561
3.0,1.5,2216,0.322,0.6062,-1.1128,-2466.04,5m,holdout,0.675,2561
3.0,2.0,2216,0.32,0.5786,-1.1404,-2527.1,5m,holdout,0.675,2561
3.5,0.25,2216,0.328,1.049,-0.6513,-1443.25,5m,holdout,0.675,2561
3.5,0.5,2216,0.312,0.8118,-0.9058,-2007.27,5m,holdout,0.675,2561
3.5,0.75,2216,0.303,0.712,-1.0069,-2231.3,5m,holdout,0.675,2561
3.5,1.0,2216,0.301,0.6625,-1.0565,-2341.1,5m,holdout,0.675,2561
3.5,1.5,2216,0.295,0.6076,-1.1114,-2462.76,5m,holdout,0.675,2561
3.5,2.0,2216,0.292,0.5763,-1.1427,-2532.16,5m,holdout,0.675,2561
4.0,0.25,2216,0.316,1.1659,-0.5255,-1164.47,5m,holdout,0.675,2561
4.0,0.5,2216,0.299,0.9263,-0.7886,-1747.45,5m,holdout,0.675,2561
4.0,0.75,2216,0.287,0.7942,-0.9247,-2049.13,5m,holdout,0.675,2561
4.0,1.0,2216,0.284,0.732,-0.9869,-2186.97,5m,holdout,0.675,2561
4.0,1.5,2216,0.278,0.6652,-1.0537,-2334.94,5m,holdout,0.675,2561
4.0,2.0,2216,0.274,0.6277,-1.0912,-2418.03,5m,holdout,0.675,2561
4.5,0.25,2216,0.304,1.2606,-0.4208,-932.47,5m,holdout,0.675,2561
4.5,0.5,2216,0.286,0.9923,-0.7216,-1599.01,5m,holdout,0.675,2561
4.5,0.75,2216,0.273,0.8495,-0.8691,-1925.85,5m,holdout,0.675,2561
4.5,1.0,2216,0.269,0.7789,-0.9399,-2082.87,5m,holdout,0.675,2561
4.5,1.5,2216,0.262,0.7041,-1.0148,-2248.72,5m,holdout,0.675,2561
4.5,2.0,2216,0.258,0.6623,-1.0565,-2341.27,5m,holdout,0.675,2561
5.0,0.25,2216,0.295,1.3,-0.3714,-823.1,5m,holdout,0.675,2561
5.0,0.5,2216,0.276,1.0363,-0.6749,-1495.55,5m,holdout,0.675,2561
5.0,0.75,2216,0.263,0.8738,-0.8443,-1870.86,5m,holdout,0.675,2561
5.0,1.0,2216,0.256,0.7934,-0.9255,-2050.86,5m,holdout,0.675,2561
5.0,1.5,2216,0.247,0.7074,-1.0115,-2241.43,5m,holdout,0.675,2561
5.0,2.0,2216,0.242,0.6595,-1.0593,-2347.4,5m,holdout,0.675,2561
1.5,0.25,2213,0.45,0.6473,-1.0704,-2368.86,5m,holdout,0.7,2561
1.5,0.5,2213,0.444,0.5812,-1.1379,-2518.16,5m,holdout,0.7,2561
1.5,0.75,2213,0.441,0.5574,-1.1618,-2570.97,5m,holdout,0.7,2561
1.5,1.0,2213,0.441,0.5439,-1.1753,-2600.83,5m,holdout,0.7,2561
1.5,1.5,2213,0.439,0.5284,-1.1907,-2635.11,5m,holdout,0.7,2561
1.5,2.0,2213,0.437,0.5194,-1.1998,-2655.09,5m,holdout,0.7,2561
2.0,0.25,2213,0.409,0.7208,-0.9954,-2202.78,5m,holdout,0.7,2561
2.0,0.5,2213,0.403,0.6185,-1.1006,-2435.74,5m,holdout,0.7,2561
2.0,0.75,2213,0.399,0.5796,-1.1395,-2521.72,5m,holdout,0.7,2561
2.0,1.0,2213,0.399,0.5579,-1.1613,-2569.87,5m,holdout,0.7,2561
2.0,1.5,2213,0.398,0.533,-1.1861,-2624.9,5m,holdout,0.7,2561
2.0,2.0,2213,0.398,0.5185,-1.2006,-2656.88,5m,holdout,0.7,2561
2.5,0.25,2213,0.371,0.8418,-0.8712,-1927.87,5m,holdout,0.7,2561
2.5,0.5,2213,0.363,0.6891,-1.0297,-2278.8,5m,holdout,0.7,2561
2.5,0.75,2213,0.357,0.6323,-1.0869,-2405.22,5m,holdout,0.7,2561
2.5,1.0,2213,0.356,0.6008,-1.1183,-2474.85,5m,holdout,0.7,2561
2.5,1.5,2213,0.353,0.5652,-1.154,-2553.79,5m,holdout,0.7,2561
2.5,2.0,2213,0.352,0.5445,-1.1747,-2599.51,5m,holdout,0.7,2561
3.0,0.25,2213,0.348,0.969,-0.7387,-1634.68,5m,holdout,0.7,2561
3.0,0.5,2213,0.337,0.7719,-0.9461,-2093.78,5m,holdout,0.7,2561
3.0,0.75,2213,0.329,0.685,-1.0341,-2288.53,5m,holdout,0.7,2561
3.0,1.0,2213,0.326,0.6422,-1.077,-2383.36,5m,holdout,0.7,2561
3.0,1.5,2213,0.323,0.5945,-1.1246,-2488.79,5m,holdout,0.7,2561
3.0,2.0,2213,0.321,0.5672,-1.1519,-2549.2,5m,holdout,0.7,2561
3.5,0.25,2213,0.329,1.0633,-0.6382,-1412.31,5m,holdout,0.7,2561
3.5,0.5,2213,0.314,0.8381,-0.8798,-1946.91,5m,holdout,0.7,2561
3.5,0.75,2213,0.306,0.7415,-0.9776,-2163.48,5m,holdout,0.7,2561
3.5,1.0,2213,0.303,0.6937,-1.0254,-2269.25,5m,holdout,0.7,2561
3.5,1.5,2213,0.298,0.6407,-1.0784,-2386.45,5m,holdout,0.7,2561
3.5,2.0,2213,0.295,0.6105,-1.1086,-2453.34,5m,holdout,0.7,2561
4.0,0.25,2213,0.316,1.1626,-0.5302,-1173.43,5m,holdout,0.7,2561
4.0,0.5,2213,0.299,0.9243,-0.7911,-1750.61,5m,holdout,0.7,2561
4.0,0.75,2213,0.289,0.7944,-0.9247,-2046.31,5m,holdout,0.7,2561
4.0,1.0,2213,0.285,0.7332,-0.9859,-2181.74,5m,holdout,0.7,2561
4.0,1.5,2213,0.278,0.6674,-1.0517,-2327.31,5m,holdout,0.7,2561
4.0,2.0,2213,0.276,0.6304,-1.0886,-2409.15,5m,holdout,0.7,2561
4.5,0.25,2213,0.306,1.2799,-0.4025,-890.65,5m,holdout,0.7,2561
4.5,0.5,2213,0.288,1.0116,-0.7025,-1554.67,5m,holdout,0.7,2561
4.5,0.75,2213,0.277,0.8693,-0.8494,-1879.8,5m,holdout,0.7,2561
4.5,1.0,2213,0.272,0.7991,-0.92,-2035.86,5m,holdout,0.7,2561
4.5,1.5,2213,0.264,0.7246,-0.9944,-2200.53,5m,holdout,0.7,2561
4.5,2.0,2213,0.261,0.6831,-1.0359,-2292.39,5m,holdout,0.7,2561
5.0,0.25,2213,0.296,1.2875,-0.3859,-854.08,5m,holdout,0.7,2561
5.0,0.5,2213,0.276,1.0196,-0.6924,-1532.26,5m,holdout,0.7,2561
5.0,0.75,2213,0.264,0.857,-0.8615,-1906.55,5m,holdout,0.7,2561
5.0,1.0,2213,0.257,0.7786,-0.9405,-2081.22,5m,holdout,0.7,2561
5.0,1.5,2213,0.248,0.6954,-1.0236,-2265.31,5m,holdout,0.7,2561
5.0,2.0,2213,0.244,0.649,-1.07,-2367.99,5m,holdout,0.7,2561
