r_target,expiry_days,n,win_rate,avg_pnl,total_pnl,tf,split,depth_frac,n_zones
1.5,0.25,1577,0.601,1.1393,1796.67,15m,train,0.3,2354
1.5,0.5,1577,0.58,1.0378,1636.65,15m,train,0.3,2354
1.5,0.75,1577,0.571,0.9974,1572.91,15m,train,0.3,2354
1.5,1.0,1577,0.568,0.9647,1521.4,15m,train,0.3,2354
1.5,1.5,1577,0.563,0.939,1480.82,15m,train,0.3,2354
1.5,2.0,1577,0.56,0.9246,1458.03,15m,train,0.3,2354
2.0,0.25,1577,0.573,1.4253,2247.75,15m,train,0.3,2354
2.0,0.5,1577,0.543,1.2209,1925.37,15m,train,0.3,2354
2.0,0.75,1577,0.532,1.1624,1833.03,15m,train,0.3,2354
2.0,1.0,1577,0.526,1.1073,1746.23,15m,train,0.3,2354
2.0,1.5,1577,0.519,1.0578,1668.14,15m,train,0.3,2354
2.0,2.0,1577,0.514,1.0305,1625.07,15m,train,0.3,2354
2.5,0.25,1577,0.555,1.6478,2598.58,15m,train,0.3,2354
2.5,0.5,1577,0.522,1.4173,2235.16,15m,train,0.3,2354
2.5,0.75,1577,0.507,1.3369,2108.27,15m,train,0.3,2354
2.5,1.0,1577,0.502,1.2715,2005.11,15m,train,0.3,2354
2.5,1.5,1577,0.491,1.2103,1908.65,15m,train,0.3,2354
2.5,2.0,1577,0.485,1.1767,1855.58,15m,train,0.3,2354
3.0,0.25,1577,0.543,1.9056,3005.11,15m,train,0.3,2354
3.0,0.5,1577,0.506,1.657,2613.11,15m,train,0.3,2354
3.0,0.75,1577,0.488,1.5008,2366.7,15m,train,0.3,2354
3.0,1.0,1577,0.479,1.421,2240.84,15m,train,0.3,2354
3.0,1.5,1577,0.468,1.3373,2108.91,15m,train,0.3,2354
3.0,2.0,1577,0.462,1.2912,2036.16,15m,train,0.3,2354
3.5,0.25,1577,0.535,2.0633,3253.82,15m,train,0.3,2354
3.5,0.5,1577,0.495,1.8071,2849.78,15m,train,0.3,2354
3.5,0.75,1577,0.473,1.6473,2597.73,15m,train,0.3,2354
3.5,1.0,1577,0.464,1.5609,2461.48,15m,train,0.3,2354
3.5,1.5,1577,0.451,1.4654,2310.99,15m,train,0.3,2354
3.5,2.0,1577,0.443,1.4086,2221.32,15m,train,0.3,2354
4.0,0.25,1577,0.525,2.1357,3367.94,15m,train,0.3,2354
4.0,0.5,1577,0.482,1.8972,2991.88,15m,train,0.3,2354
4.0,0.75,1577,0.458,1.7254,2720.92,15m,train,0.3,2354
4.0,1.0,1577,0.448,1.6423,2589.99,15m,train,0.3,2354
4.0,1.5,1577,0.434,1.5055,2374.13,15m,train,0.3,2354
4.0,2.0,1577,0.425,1.4328,2259.5,15m,train,0.3,2354
4.5,0.25,1577,0.519,2.1661,3415.94,15m,train,0.3,2354
4.5,0.5,1577,0.473,1.9122,3015.58,15m,train,0.3,2354
4.5,0.75,1577,0.448,1.7458,2753.18,15m,train,0.3,2354
4.5,1.0,1577,0.436,1.6496,2601.5,15m,train,0.3,2354
4.5,1.5,1577,0.419,1.5046,2372.76,15m,train,0.3,2354
4.5,2.0,1577,0.41,1.3997,2207.26,15m,train,0.3,2354
5.0,0.25,1577,0.517,2.2523,3551.8,15m,train,0.3,2354
5.0,0.5,1577,0.471,2.0096,3169.18,15m,train,0.3,2354
5.0,0.75,1577,0.443,1.8419,2904.6,15m,train,0.3,2354
5.0,1.0,1577,0.431,1.7137,2702.56,15m,train,0.3,2354
5.0,1.5,1577,0.413,1.565,2468.04,15m,train,0.3,2354
5.0,2.0,1577,0.403,1.4605,2303.28,15m,train,0.3,2354
1.5,0.25,1573,0.603,1.1584,1822.17,15m,train,0.325,2354
1.5,0.5,1573,0.584,1.0584,1664.81,15m,train,0.325,2354
1.5,0.75,1573,0.576,1.0212,1606.34,15m,train,0.325,2354
1.5,1.0,1573,0.57,0.9885,1554.85,15m,train,0.325,2354
1.5,1.5,1573,0.565,0.9639,1516.22,15m,train,0.325,2354
1.5,2.0,1573,0.563,0.9505,1495.07,15m,train,0.325,2354
2.0,0.25,1573,0.572,1.377,2166.07,15m,train,0.325,2354
2.0,0.5,1573,0.545,1.1963,1881.84,15m,train,0.325,2354
2.0,0.75,1573,0.533,1.1419,1796.25,15m,train,0.325,2354
2.0,1.0,1573,0.525,1.0874,1710.46,15m,train,0.325,2354
2.0,1.5,1573,0.519,1.0394,1635.04,15m,train,0.325,2354
2.0,2.0,1573,0.516,1.0133,1593.86,15m,train,0.325,2354
2.5,0.25,1573,0.554,1.6588,2609.24,15m,train,0.325,2354
2.5,0.5,1573,0.524,1.4235,2239.13,15m,train,0.325,2354
2.5,0.75,1573,0.51,1.3534,2128.95,15m,train,0.325,2354
2.5,1.0,1573,0.502,1.2903,2029.71,15m,train,0.325,2354
2.5,1.5,1573,0.492,1.2319,1937.79,15m,train,0.325,2354
2.5,2.0,1573,0.488,1.1999,1887.38,15m,train,0.325,2354
3.0,0.25,1573,0.539,1.8719,2944.54,15m,train,0.325,2354
3.0,0.5,1573,0.507,1.6216,2550.74,15m,train,0.325,2354
3.0,0.75,1573,0.488,1.4696,2311.73,15m,train,0.325,2354
3.0,1.0,1573,0.478,1.3904,2187.09,15m,train,0.325,2354
3.0,1.5,1573,0.467,1.3083,2058.01,15m,train,0.325,2354
3.0,2.0,1573,0.462,1.2633,1987.21,15m,train,0.325,2354
3.5,0.25,1573,0.531,2.0306,3194.2,15m,train,0.325,2354
3.5,0.5,1573,0.497,1.7854,2808.5,15m,train,0.325,2354
3.5,0.75,1573,0.474,1.6237,2554.11,15m,train,0.325,2354
3.5,1.0,1573,0.463,1.5355,2415.29,15m,train,0.325,2354
3.5,1.5,1573,0.451,1.4454,2273.66,15m,train,0.325,2354
3.5,2.0,1573,0.446,1.3912,2188.4,15m,train,0.325,2354
4.0,0.25,1573,0.522,2.101,3304.87,15m,train,0.325,2354
4.0,0.5,1573,0.486,1.8721,2944.86,15m,train,0.325,2354
4.0,0.75,1573,0.46,1.7071,2685.25,15m,train,0.325,2354
4.0,1.0,1573,0.448,1.623,2552.97,15m,train,0.325,2354
4.0,1.5,1573,0.434,1.4872,2339.35,15m,train,0.325,2354
4.0,2.0,1573,0.428,1.4159,2227.2,15m,train,0.325,2354
4.5,0.25,1573,0.516,2.1419,3369.2,15m,train,0.325,2354
4.5,0.5,1573,0.476,1.8996,2988.07,15m,train,0.325,2354
4.5,0.75,1573,0.449,1.7309,2722.7,15m,train,0.325,2354
4.5,1.0,1573,0.435,1.6252,2556.49,15m,train,0.325,2354
4.5,1.5,1573,0.418,1.482,2331.25,15m,train,0.325,2354
4.5,2.0,1573,0.411,1.3861,2180.39,15m,train,0.325,2354
5.0,0.25,1573,0.513,2.207,3471.6,15m,train,0.325,2354
5.0,0.5,1573,0.474,2.0095,3160.89,15m,train,0.325,2354
5.0,0.75,1573,0.444,1.8504,2910.65,15m,train,0.325,2354
5.0,1.0,1573,0.43,1.7467,2747.61,15m,train,0.325,2354
5.0,1.5,1573,0.413,1.602,2520.02,15m,train,0.325,2354
5.0,2.0,1573,0.405,1.495,2351.68,15m,train,0.325,2354
1.5,0.25,1571,0.605,1.1477,1802.99,15m,train,0.35,2354
1.5,0.5,1571,0.584,1.0491,1648.09,15m,train,0.35,2354
1.5,0.75,1571,0.576,1.0146,1593.87,15m,train,0.35,2354
1.5,1.0,1571,0.572,0.9829,1544.11,15m,train,0.35,2354
1.5,1.5,1571,0.567,0.9594,1507.19,15m,train,0.35,2354
1.5,2.0,1571,0.562,0.9465,1487.0,15m,train,0.35,2354
2.0,0.25,1571,0.576,1.3851,2175.93,15m,train,0.35,2354
2.0,0.5,1571,0.549,1.2064,1895.19,15m,train,0.35,2354
2.0,0.75,1571,0.537,1.1528,1811.05,15m,train,0.35,2354
2.0,1.0,1571,0.531,1.0989,1726.32,15m,train,0.35,2354
2.0,1.5,1571,0.524,1.0517,1652.15,15m,train,0.35,2354
2.0,2.0,1571,0.518,1.026,1611.82,15m,train,0.35,2354
2.5,0.25,1571,0.554,1.6486,2589.88,15m,train,0.35,2354
2.5,0.5,1571,0.525,1.4101,2215.21,15m,train,0.35,2354
2.5,0.75,1571,0.509,1.3414,2107.34,15m,train,0.35,2354
2.5,1.0,1571,0.504,1.2792,2009.61,15m,train,0.35,2354
2.5,1.5,1571,0.493,1.2217,1919.33,15m,train,0.35,2354
2.5,2.0,1571,0.486,1.1903,1869.9,15m,train,0.35,2354
3.0,0.25,1571,0.54,1.8685,2935.34,15m,train,0.35,2354
3.0,0.5,1571,0.508,1.6194,2544.11,15m,train,0.35,2354
3.0,0.75,1571,0.489,1.4849,2332.82,15m,train,0.35,2354
3.0,1.0,1571,0.481,1.4078,2211.59,15m,train,0.35,2354
3.0,1.5,1571,0.47,1.3277,2085.86,15m,train,0.35,2354
3.0,2.0,1571,0.463,1.2838,2016.86,15m,train,0.35,2354
3.5,0.25,1571,0.535,2.0761,3261.53,15m,train,0.35,2354
3.5,0.5,1571,0.5,1.8315,2877.34,15m,train,0.35,2354
3.5,0.75,1571,0.479,1.6702,2623.89,15m,train,0.35,2354
3.5,1.0,1571,0.469,1.5821,2485.53,15m,train,0.35,2354
3.5,1.5,1571,0.458,1.4929,2345.29,15m,train,0.35,2354
3.5,2.0,1571,0.449,1.4393,2261.09,15m,train,0.35,2354
4.0,0.25,1571,0.525,2.1367,3356.79,15m,train,0.35,2354
4.0,0.5,1571,0.489,1.9286,3029.81,15m,train,0.35,2354
4.0,0.75,1571,0.463,1.7682,2777.86,15m,train,0.35,2354
4.0,1.0,1571,0.453,1.686,2648.64,15m,train,0.35,2354
4.0,1.5,1571,0.44,1.5541,2441.53,15m,train,0.35,2354
4.0,2.0,1571,0.431,1.4851,2333.03,15m,train,0.35,2354
4.5,0.25,1571,0.518,2.1519,3380.59,15m,train,0.35,2354
4.5,0.5,1571,0.479,1.9327,3036.23,15m,train,0.35,2354
4.5,0.75,1571,0.453,1.7598,2764.64,15m,train,0.35,2354
4.5,1.0,1571,0.44,1.6539,2598.21,15m,train,0.35,2354
4.5,1.5,1571,0.425,1.514,2378.47,15m,train,0.35,2354
4.5,2.0,1571,0.414,1.4192,2229.58,15m,train,0.35,2354
5.0,0.25,1571,0.516,2.234,3509.61,15m,train,0.35,2354
5.0,0.5,1571,0.476,2.0335,3194.59,15m,train,0.35,2354
5.0,0.75,1571,0.447,1.8743,2944.53,15m,train,0.35,2354
5.0,1.0,1571,0.434,1.7654,2773.47,15m,train,0.35,2354
5.0,1.5,1571,0.418,1.6291,2559.32,15m,train,0.35,2354
5.0,2.0,1571,0.406,1.5254,2396.44,15m,train,0.35,2354
1.5,0.25,1566,0.609,1.1257,1762.92,15m,train,0.375,2354
1.5,0.5,1566,0.587,1.0363,1622.86,15m,train,0.375,2354
1.5,0.75,1566,0.579,1.0048,1573.55,15m,train,0.375,2354
1.5,1.0,1566,0.575,0.9745,1526.09,15m,train,0.375,2354
1.5,1.5,1566,0.57,0.9525,1491.69,15m,train,0.375,2354
1.5,2.0,1566,0.565,0.9406,1473.02,15m,train,0.375,2354
2.0,0.25,1566,0.58,1.3613,2131.82,15m,train,0.375,2354
2.0,0.5,1566,0.55,1.2017,1881.84,15m,train,0.375,2354
2.0,0.75,1566,0.538,1.1513,1802.88,15m,train,0.375,2354
2.0,1.0,1566,0.533,1.0991,1721.26,15m,train,0.375,2354
2.0,1.5,1566,0.527,1.0536,1649.94,15m,train,0.375,2354
2.0,2.0,1566,0.521,1.0289,1611.33,15m,train,0.375,2354
2.5,0.25,1566,0.555,1.5921,2493.26,15m,train,0.375,2354
2.5,0.5,1566,0.523,1.3456,2107.21,15m,train,0.375,2354
2.5,0.75,1566,0.507,1.2775,2000.57,15m,train,0.375,2354
2.5,1.0,1566,0.502,1.215,1902.7,15m,train,0.375,2354
2.5,1.5,1566,0.493,1.157,1811.79,15m,train,0.375,2354
2.5,2.0,1566,0.486,1.1251,1761.95,15m,train,0.375,2354
3.0,0.25,1566,0.543,1.8197,2849.72,15m,train,0.375,2354
3.0,0.5,1566,0.508,1.5511,2429.09,15m,train,0.375,2354
3.0,0.75,1566,0.489,1.4144,2214.89,15m,train,0.375,2354
3.0,1.0,1566,0.481,1.3356,2091.59,15m,train,0.375,2354
3.0,1.5,1566,0.472,1.2538,1963.44,15m,train,0.375,2354
3.0,2.0,1566,0.465,1.2089,1893.12,15m,train,0.375,2354
3.5,0.25,1566,0.536,2.0475,3206.41,15m,train,0.375,2354
3.5,0.5,1566,0.501,1.7848,2795.07,15m,train,0.375,2354
3.5,0.75,1566,0.478,1.6177,2533.39,15m,train,0.375,2354
3.5,1.0,1566,0.47,1.5228,2384.67,15m,train,0.375,2354
3.5,1.5,1566,0.46,1.425,2231.61,15m,train,0.375,2354
3.5,2.0,1566,0.453,1.3718,2148.24,15m,train,0.375,2354
4.0,0.25,1566,0.526,2.1197,3319.45,15m,train,0.375,2354
4.0,0.5,1566,0.489,1.8939,2965.86,15m,train,0.375,2354
4.0,0.75,1566,0.464,1.7426,2728.95,15m,train,0.375,2354
4.0,1.0,1566,0.454,1.6634,2604.91,15m,train,0.375,2354
4.0,1.5,1566,0.443,1.5596,2442.28,15m,train,0.375,2354
4.0,2.0,1566,0.436,1.4983,2346.27,15m,train,0.375,2354
4.5,0.25,1566,0.52,2.1423,3354.9,15m,train,0.375,2354
4.5,0.5,1566,0.48,1.9015,2977.69,15m,train,0.375,2354
4.5,0.75,1566,0.452,1.7312,2711.08,15m,train,0.375,2354
4.5,1.0,1566,0.441,1.6435,2573.65,15m,train,0.375,2354
4.5,1.5,1566,0.428,1.5256,2389.03,15m,train,0.375,2354
4.5,2.0,1566,0.418,1.4546,2277.89,15m,train,0.375,2354
5.0,0.25,1566,0.517,2.186,3423.26,15m,train,0.375,2354
5.0,0.5,1566,0.476,1.9399,3037.83,15m,train,0.375,2354
5.0,0.75,1566,0.446,1.775,2779.62,15m,train,0.375,2354
5.0,1.0,1566,0.433,1.6621,2602.84,15m,train,0.375,2354
5.0,1.5,1566,0.418,1.537,2407.01,15m,train,0.375,2354
5.0,2.0,1566,0.407,1.4353,2247.65,15m,train,0.375,2354
1.5,0.25,1563,0.61,1.1462,1791.55,15m,train,0.4,2354
1.5,0.5,1563,0.591,1.0634,1662.02,15m,train,0.4,2354
1.5,0.75,1563,0.58,1.0344,1616.71,15m,train,0.4,2354
1.5,1.0,1563,0.578,1.0171,1589.74,15m,train,0.4,2354
1.5,1.5,1563,0.572,0.9984,1560.44,15m,train,0.4,2354
1.5,2.0,1563,0.567,0.988,1544.23,15m,train,0.4,2354
2.0,0.25,1563,0.58,1.3294,2077.84,15m,train,0.4,2354
2.0,0.5,1563,0.552,1.1775,1840.36,15m,train,0.4,2354
2.0,0.75,1563,0.537,1.1282,1763.44,15m,train,0.4,2354
2.0,1.0,1563,0.534,1.0774,1683.91,15m,train,0.4,2354
2.0,1.5,1563,0.527,1.0331,1614.66,15m,train,0.4,2354
2.0,2.0,1563,0.521,1.0091,1577.26,15m,train,0.4,2354
2.5,0.25,1563,0.557,1.5401,2407.24,15m,train,0.4,2354
2.5,0.5,1563,0.525,1.3052,2040.07,15m,train,0.4,2354
2.5,0.75,1563,0.506,1.2378,1934.65,15m,train,0.4,2354
2.5,1.0,1563,0.503,1.1762,1838.37,15m,train,0.4,2354
2.5,1.5,1563,0.494,1.1189,1748.77,15m,train,0.4,2354
2.5,2.0,1563,0.486,1.0874,1699.68,15m,train,0.4,2354
3.0,0.25,1563,0.544,1.7643,2757.62,15m,train,0.4,2354
3.0,0.5,1563,0.51,1.5216,2378.23,15m,train,0.4,2354
3.0,0.75,1563,0.489,1.4117,2206.48,15m,train,0.4,2354
3.0,1.0,1563,0.484,1.3362,2088.54,15m,train,0.4,2354
3.0,1.5,1563,0.473,1.2588,1967.56,15m,train,0.4,2354
3.0,2.0,1563,0.466,1.2167,1901.65,15m,train,0.4,2354
3.5,0.25,1563,0.538,2.0057,3134.88,15m,train,0.4,2354
3.5,0.5,1563,0.502,1.7617,2753.54,15m,train,0.4,2354
3.5,0.75,1563,0.479,1.5936,2490.75,15m,train,0.4,2354
3.5,1.0,1563,0.472,1.503,2349.23,15m,train,0.4,2354
3.5,1.5,1563,0.461,1.4099,2203.66,15m,train,0.4,2354
3.5,2.0,1563,0.454,1.3592,2124.36,15m,train,0.4,2354
4.0,0.25,1563,0.53,2.1146,3305.1,15m,train,0.4,2354
4.0,0.5,1563,0.492,1.8578,2903.68,15m,train,0.4,2354
4.0,0.75,1563,0.465,1.6935,2646.97,15m,train,0.4,2354
4.0,1.0,1563,0.456,1.6097,2515.94,15m,train,0.4,2354
4.0,1.5,1563,0.445,1.515,2367.95,15m,train,0.4,2354
4.0,2.0,1563,0.436,1.4566,2276.74,15m,train,0.4,2354
4.5,0.25,1563,0.521,2.1135,3303.44,15m,train,0.4,2354
4.5,0.5,1563,0.48,1.8583,2904.6,15m,train,0.4,2354
4.5,0.75,1563,0.452,1.6917,2644.15,15m,train,0.4,2354
4.5,1.0,1563,0.441,1.6016,2503.29,15m,train,0.4,2354
4.5,1.5,1563,0.428,1.4824,2317.0,15m,train,0.4,2354
4.5,2.0,1563,0.418,1.412,2206.9,15m,train,0.4,2354
5.0,0.25,1563,0.518,2.1809,3408.81,15m,train,0.4,2354
5.0,0.5,1563,0.477,1.9264,3010.99,15m,train,0.4,2354
5.0,0.75,1563,0.446,1.7658,2760.0,15m,train,0.4,2354
5.0,1.0,1563,0.433,1.6519,2581.94,15m,train,0.4,2354
5.0,1.5,1563,0.418,1.5214,2377.96,15m,train,0.4,2354
5.0,2.0,1563,0.408,1.4229,2223.95,15m,train,0.4,2354
1.5,0.25,1557,0.611,1.1477,1787.0,15m,train,0.425,2354
1.5,0.5,1557,0.592,1.0704,1666.55,15m,train,0.425,2354
1.5,0.75,1557,0.584,1.0432,1624.23,15m,train,0.425,2354
1.5,1.0,1557,0.579,1.0269,1598.89,15m,train,0.425,2354
1.5,1.5,1557,0.575,1.0092,1571.31,15m,train,0.425,2354
1.5,2.0,1557,0.572,0.9994,1556.0,15m,train,0.425,2354
2.0,0.25,1557,0.581,1.3126,2043.79,15m,train,0.425,2354
2.0,0.5,1557,0.554,1.1627,1810.39,15m,train,0.425,2354
2.0,0.75,1557,0.543,1.115,1736.08,15m,train,0.425,2354
2.0,1.0,1557,0.536,1.0646,1657.64,15m,train,0.425,2354
2.0,1.5,1557,0.531,1.0209,1589.47,15m,train,0.425,2354
2.0,2.0,1557,0.527,0.9973,1552.73,15m,train,0.425,2354
2.5,0.25,1557,0.559,1.5239,2372.7,15m,train,0.425,2354
2.5,0.5,1557,0.526,1.2915,2010.87,15m,train,0.425,2354
2.5,0.75,1557,0.511,1.2248,1907.09,15m,train,0.425,2354
2.5,1.0,1557,0.504,1.165,1813.94,15m,train,0.425,2354
2.5,1.5,1557,0.496,1.1096,1727.6,15m,train,0.425,2354
2.5,2.0,1557,0.49,1.0793,1680.4,15m,train,0.425,2354
3.0,0.25,1557,0.548,1.773,2760.49,15m,train,0.425,2354
3.0,0.5,1557,0.514,1.5302,2382.51,15m,train,0.425,2354
3.0,0.75,1557,0.495,1.4428,2246.47,15m,train,0.425,2354
3.0,1.0,1557,0.486,1.3726,2137.17,15m,train,0.425,2354
3.0,1.5,1557,0.477,1.3012,2025.9,15m,train,0.425,2354
3.0,2.0,1557,0.471,1.2623,1965.38,15m,train,0.425,2354
3.5,0.25,1557,0.541,1.9987,3111.93,15m,train,0.425,2354
3.5,0.5,1557,0.504,1.759,2738.72,15m,train,0.425,2354
3.5,0.75,1557,0.483,1.5942,2482.22,15m,train,0.425,2354
3.5,1.0,1557,0.471,1.5096,2350.47,15m,train,0.425,2354
3.5,1.5,1557,0.462,1.422,2214.11,15m,train,0.425,2354
3.5,2.0,1557,0.456,1.3743,2139.74,15m,train,0.425,2354
4.0,0.25,1557,0.532,2.1072,3280.89,15m,train,0.425,2354
4.0,0.5,1557,0.493,1.8479,2877.22,15m,train,0.425,2354
4.0,0.75,1557,0.47,1.6886,2629.12,15m,train,0.425,2354
4.0,1.0,1557,0.456,1.5889,2473.85,15m,train,0.425,2354
4.0,1.5,1557,0.445,1.4895,2319.14,15m,train,0.425,2354
4.0,2.0,1557,0.439,1.4313,2228.56,15m,train,0.425,2354
4.5,0.25,1557,0.523,2.124,3307.07,15m,train,0.425,2354
4.5,0.5,1557,0.484,1.8943,2949.45,15m,train,0.425,2354
4.5,0.75,1557,0.458,1.738,2706.12,15m,train,0.425,2354
4.5,1.0,1557,0.444,1.6428,2557.91,15m,train,0.425,2354
4.5,1.5,1557,0.43,1.5231,2371.4,15m,train,0.425,2354
4.5,2.0,1557,0.421,1.4529,2262.15,15m,train,0.425,2354
5.0,0.25,1557,0.52,2.1786,3392.03,15m,train,0.425,2354
5.0,0.5,1557,0.478,1.9238,2995.32,15m,train,0.425,2354
5.0,0.75,1557,0.45,1.7565,2734.82,15m,train,0.425,2354
5.0,1.0,1557,0.434,1.6428,2557.84,15m,train,0.425,2354
5.0,1.5,1557,0.417,1.5132,2356.1,15m,train,0.425,2354
5.0,2.0,1557,0.408,1.4155,2203.9,15m,train,0.425,2354
1.5,0.25,1550,0.608,1.0945,1696.52,15m,train,0.45,2354
1.5,0.5,1550,0.591,1.0134,1570.79,15m,train,0.45,2354
1.5,0.75,1550,0.585,0.985,1526.68,15m,train,0.45,2354
1.5,1.0,1550,0.58,0.9679,1500.27,15m,train,0.45,2354
1.5,1.5,1550,0.574,0.9492,1471.31,15m,train,0.45,2354
1.5,2.0,1550,0.572,0.9388,1455.14,15m,train,0.45,2354
2.0,0.25,1550,0.578,1.283,1988.7,15m,train,0.45,2354
2.0,0.5,1550,0.554,1.1521,1785.73,15m,train,0.45,2354
2.0,0.75,1550,0.545,1.1003,1705.54,15m,train,0.45,2354
2.0,1.0,1550,0.537,1.0568,1638.06,15m,train,0.45,2354
2.0,1.5,1550,0.53,1.0197,1580.56,15m,train,0.45,2354
2.0,2.0,1550,0.528,0.9991,1548.62,15m,train,0.45,2354
2.5,0.25,1550,0.557,1.513,2345.23,15m,train,0.45,2354
2.5,0.5,1550,0.528,1.3038,2020.88,15m,train,0.45,2354
2.5,0.75,1550,0.515,1.2381,1919.01,15m,train,0.45,2354
2.5,1.0,1550,0.505,1.1774,1825.0,15m,train,0.45,2354
2.5,1.5,1550,0.496,1.1222,1739.46,15m,train,0.45,2354
2.5,2.0,1550,0.493,1.0921,1692.81,15m,train,0.45,2354
3.0,0.25,1550,0.545,1.7075,2646.62,15m,train,0.45,2354
3.0,0.5,1550,0.514,1.4567,2257.96,15m,train,0.45,2354
3.0,0.75,1550,0.498,1.3701,2123.73,15m,train,0.45,2354
3.0,1.0,1550,0.487,1.2989,2013.33,15m,train,0.45,2354
3.0,1.5,1550,0.476,1.2323,1910.06,15m,train,0.45,2354
3.0,2.0,1550,0.472,1.1961,1853.9,15m,train,0.45,2354
3.5,0.25,1550,0.537,1.9274,2987.54,15m,train,0.45,2354
3.5,0.5,1550,0.503,1.6708,2589.72,15m,train,0.45,2354
3.5,0.75,1550,0.485,1.5177,2352.51,15m,train,0.45,2354
3.5,1.0,1550,0.474,1.4315,2218.86,15m,train,0.45,2354
3.5,1.5,1550,0.461,1.3483,2089.85,15m,train,0.45,2354
3.5,2.0,1550,0.457,1.3028,2019.39,15m,train,0.45,2354
4.0,0.25,1550,0.53,2.0516,3180.01,15m,train,0.45,2354
4.0,0.5,1550,0.494,1.8059,2799.1,15m,train,0.45,2354
4.0,0.75,1550,0.475,1.6415,2544.37,15m,train,0.45,2354
4.0,1.0,1550,0.461,1.5485,2400.22,15m,train,0.45,2354
4.0,1.5,1550,0.447,1.4549,2255.03,15m,train,0.45,2354
4.0,2.0,1550,0.443,1.4005,2170.79,15m,train,0.45,2354
4.5,0.25,1550,0.52,2.0965,3249.53,15m,train,0.45,2354
4.5,0.5,1550,0.483,1.8768,2909.04,15m,train,0.45,2354
4.5,0.75,1550,0.461,1.7185,2663.71,15m,train,0.45,2354
4.5,1.0,1550,0.445,1.618,2507.93,15m,train,0.45,2354
4.5,1.5,1550,0.43,1.4993,2323.87,15m,train,0.45,2354
4.5,2.0,1550,0.424,1.4315,2218.87,15m,train,0.45,2354
5.0,0.25,1550,0.515,2.1441,3323.38,15m,train,0.45,2354
5.0,0.5,1550,0.477,1.8915,2931.75,15m,train,0.45,2354
5.0,0.75,1550,0.453,1.711,2652.08,15m,train,0.45,2354
5.0,1.0,1550,0.437,1.6041,2486.43,15m,train,0.45,2354
5.0,1.5,1550,0.419,1.472,2281.59,15m,train,0.45,2354
5.0,2.0,1550,0.412,1.377,2134.39,15m,train,0.45,2354
1.5,0.25,1544,0.609,1.1111,1715.46,15m,train,0.475,2354
1.5,0.5,1544,0.593,1.0363,1600.1,15m,train,0.475,2354
1.5,0.75,1544,0.587,1.0076,1555.72,15m,train,0.475,2354
1.5,1.0,1544,0.58,0.992,1531.63,15m,train,0.475,2354
1.5,1.5,1544,0.575,0.9749,1505.27,15m,train,0.475,2354
1.5,2.0,1544,0.574,0.9653,1490.48,15m,train,0.475,2354
2.0,0.25,1544,0.578,1.3057,2016.01,15m,train,0.475,2354
2.0,0.5,1544,0.557,1.1791,1820.6,15m,train,0.475,2354
2.0,0.75,1544,0.549,1.1255,1737.73,15m,train,0.475,2354
2.0,1.0,1544,0.538,1.085,1675.29,15m,train,0.475,2354
2.0,1.5,1544,0.532,1.0507,1622.31,15m,train,0.475,2354
2.0,2.0,1544,0.53,1.0315,1592.61,15m,train,0.475,2354
2.5,0.25,1544,0.557,1.5129,2335.91,15m,train,0.475,2354
2.5,0.5,1544,0.529,1.3006,2008.17,15m,train,0.475,2354
2.5,0.75,1544,0.52,1.2351,1906.98,15m,train,0.475,2354
2.5,1.0,1544,0.507,1.182,1825.0,15m,train,0.475,2354
2.5,1.5,1544,0.499,1.1332,1749.7,15m,train,0.475,2354
2.5,2.0,1544,0.497,1.1063,1708.16,15m,train,0.475,2354
3.0,0.25,1544,0.543,1.6869,2604.64,15m,train,0.475,2354
3.0,0.5,1544,0.512,1.4293,2206.82,15m,train,0.475,2354
3.0,0.75,1544,0.499,1.3397,2068.5,15m,train,0.475,2354
3.0,1.0,1544,0.486,1.2745,1967.86,15m,train,0.475,2354
3.0,1.5,1544,0.477,1.2125,1872.14,15m,train,0.475,2354
3.0,2.0,1544,0.475,1.1784,1819.4,15m,train,0.475,2354
3.5,0.25,1544,0.534,1.9143,2955.75,15m,train,0.475,2354
3.5,0.5,1544,0.503,1.6498,2547.26,15m,train,0.475,2354
3.5,0.75,1544,0.487,1.4966,2310.76,15m,train,0.475,2354
3.5,1.0,1544,0.473,1.4175,2188.58,15m,train,0.475,2354
3.5,1.5,1544,0.461,1.3404,2069.58,15m,train,0.475,2354
3.5,2.0,1544,0.459,1.298,2004.15,15m,train,0.475,2354
4.0,0.25,1544,0.528,2.0766,3206.26,15m,train,0.475,2354
4.0,0.5,1544,0.495,1.8262,2819.61,15m,train,0.475,2354
4.0,0.75,1544,0.477,1.6566,2557.73,15m,train,0.475,2354
4.0,1.0,1544,0.463,1.5706,2425.03,15m,train,0.475,2354
4.0,1.5,1544,0.449,1.4831,2289.95,15m,train,0.475,2354
4.0,2.0,1544,0.447,1.4318,2210.69,15m,train,0.475,2354
4.5,0.25,1544,0.517,2.097,3237.83,15m,train,0.475,2354
4.5,0.5,1544,0.482,1.8716,2889.73,15m,train,0.475,2354
4.5,0.75,1544,0.461,1.7052,2632.86,15m,train,0.475,2354
4.5,1.0,1544,0.446,1.6088,2483.98,15m,train,0.475,2354
4.5,1.5,1544,0.431,1.5001,2316.1,15m,train,0.475,2354
4.5,2.0,1544,0.427,1.4375,2219.47,15m,train,0.475,2354
5.0,0.25,1544,0.512,2.1579,3331.81,15m,train,0.475,2354
5.0,0.5,1544,0.477,1.919,2962.87,15m,train,0.475,2354
5.0,0.75,1544,0.453,1.7368,2681.55,15m,train,0.475,2354
5.0,1.0,1544,0.438,1.6282,2513.88,15m,train,0.475,2354
5.0,1.5,1544,0.421,1.4994,2315.14,15m,train,0.475,2354
5.0,2.0,1544,0.416,1.426,2201.79,15m,train,0.475,2354
1.5,0.25,1535,0.612,1.1078,1700.52,15m,train,0.5,2354
1.5,0.5,1535,0.595,1.0384,1593.98,15m,train,0.5,2354
1.5,0.75,1535,0.59,1.0114,1552.56,15m,train,0.5,2354
1.5,1.0,1535,0.582,0.997,1530.33,15m,train,0.5,2354
1.5,1.5,1535,0.577,0.9811,1506.06,15m,train,0.5,2354
1.5,2.0,1535,0.575,0.9723,1492.44,15m,train,0.5,2354
2.0,0.25,1535,0.582,1.2616,1936.58,15m,train,0.5,2354
2.0,0.5,1535,0.556,1.1262,1728.79,15m,train,0.5,2354
2.0,0.75,1535,0.549,1.0738,1648.21,15m,train,0.5,2354
2.0,1.0,1535,0.539,1.0346,1588.1,15m,train,0.5,2354
2.0,1.5,1535,0.531,1.0017,1537.53,15m,train,0.5,2354
2.0,2.0,1535,0.53,0.9831,1509.13,15m,train,0.5,2354
2.5,0.25,1535,0.56,1.4519,2228.7,15m,train,0.5,2354
2.5,0.5,1535,0.53,1.2562,1928.27,15m,train,0.5,2354
2.5,0.75,1535,0.52,1.1914,1828.76,15m,train,0.5,2354
2.5,1.0,1535,0.509,1.1381,1747.05,15m,train,0.5,2354
2.5,1.5,1535,0.5,1.0892,1671.95,15m,train,0.5,2354
2.5,2.0,1535,0.498,1.0621,1630.39,15m,train,0.5,2354
3.0,0.25,1535,0.546,1.6149,2478.95,15m,train,0.5,2354
3.0,0.5,1535,0.511,1.3714,2105.15,15m,train,0.5,2354
3.0,0.75,1535,0.499,1.2827,1968.93,15m,train,0.5,2354
3.0,1.0,1535,0.487,1.2174,1868.77,15m,train,0.5,2354
3.0,1.5,1535,0.476,1.1554,1773.56,15m,train,0.5,2354
3.0,2.0,1535,0.474,1.1212,1721.04,15m,train,0.5,2354
3.5,0.25,1535,0.537,1.8438,2830.24,15m,train,0.5,2354
3.5,0.5,1535,0.502,1.5834,2430.55,15m,train,0.5,2354
3.5,0.75,1535,0.488,1.4644,2247.81,15m,train,0.5,2354
3.5,1.0,1535,0.474,1.3857,2127.04,15m,train,0.5,2354
3.5,1.5,1535,0.462,1.3096,2010.18,15m,train,0.5,2354
3.5,2.0,1535,0.459,1.2677,1945.92,15m,train,0.5,2354
4.0,0.25,1535,0.532,2.0384,3128.95,15m,train,0.5,2354
4.0,0.5,1535,0.496,1.8017,2765.64,15m,train,0.5,2354
4.0,0.75,1535,0.479,1.6272,2497.8,15m,train,0.5,2354
4.0,1.0,1535,0.464,1.5336,2354.09,15m,train,0.5,2354
4.0,1.5,1535,0.45,1.4416,2212.84,15m,train,0.5,2354
4.0,2.0,1535,0.447,1.3913,2135.67,15m,train,0.5,2354
4.5,0.25,1535,0.521,2.0585,3159.74,15m,train,0.5,2354
4.5,0.5,1535,0.482,1.8257,2802.44,15m,train,0.5,2354
4.5,0.75,1535,0.463,1.651,2534.36,15m,train,0.5,2354
4.5,1.0,1535,0.447,1.5575,2390.78,15m,train,0.5,2354
4.5,1.5,1535,0.431,1.4462,2219.99,15m,train,0.5,2354
4.5,2.0,1535,0.427,1.3831,2123.13,15m,train,0.5,2354
5.0,0.25,1535,0.516,2.111,3240.36,15m,train,0.5,2354
5.0,0.5,1535,0.477,1.8741,2876.73,15m,train,0.5,2354
5.0,0.75,1535,0.455,1.6948,2601.55,15m,train,0.5,2354
5.0,1.0,1535,0.438,1.5865,2435.32,15m,train,0.5,2354
5.0,1.5,1535,0.421,1.4585,2238.78,15m,train,0.5,2354
5.0,2.0,1535,0.417,1.3854,2126.65,15m,train,0.5,2354
1.5,0.25,1532,0.613,1.1609,1778.47,15m,train,0.525,2354
1.5,0.5,1532,0.598,1.0999,1685.08,15m,train,0.525,2354
1.5,0.75,1532,0.591,1.0762,1648.72,15m,train,0.525,2354
1.5,1.0,1532,0.587,1.0635,1629.35,15m,train,0.525,2354
1.5,1.5,1532,0.582,1.0498,1608.36,15m,train,0.525,2354
1.5,2.0,1532,0.58,1.0422,1596.66,15m,train,0.525,2354
2.0,0.25,1532,0.583,1.284,1967.06,15m,train,0.525,2354
2.0,0.5,1532,0.559,1.1637,1782.74,15m,train,0.525,2354
2.0,0.75,1532,0.552,1.1176,1712.13,15m,train,0.525,2354
2.0,1.0,1532,0.544,1.0924,1673.5,15m,train,0.525,2354
2.0,1.5,1532,0.537,1.0644,1630.67,15m,train,0.525,2354
2.0,2.0,1532,0.535,1.0486,1606.41,15m,train,0.525,2354
2.5,0.25,1532,0.56,1.4776,2263.69,15m,train,0.525,2354
2.5,0.5,1532,0.534,1.2957,1985.01,15m,train,0.525,2354
2.5,0.75,1532,0.523,1.2361,1893.66,15m,train,0.525,2354
2.5,1.0,1532,0.515,1.1854,1815.98,15m,train,0.525,2354
2.5,1.5,1532,0.505,1.1394,1745.56,15m,train,0.525,2354
2.5,2.0,1532,0.502,1.1141,1706.74,15m,train,0.525,2354
3.0,0.25,1532,0.545,1.6471,2523.36,15m,train,0.525,2354
3.0,0.5,1532,0.514,1.4036,2150.28,15m,train,0.525,2354
3.0,0.75,1532,0.501,1.3188,2020.43,15m,train,0.525,2354
3.0,1.0,1532,0.49,1.2556,1923.62,15m,train,0.525,2354
3.0,1.5,1532,0.479,1.1954,1831.41,15m,train,0.525,2354
3.0,2.0,1532,0.477,1.1622,1780.42,15m,train,0.525,2354
3.5,0.25,1532,0.537,1.8683,2862.29,15m,train,0.525,2354
3.5,0.5,1532,0.505,1.6147,2473.76,15m,train,0.525,2354
3.5,0.75,1532,0.491,1.5075,2309.52,15m,train,0.525,2354
3.5,1.0,1532,0.479,1.4323,2194.28,15m,train,0.525,2354
3.5,1.5,1532,0.467,1.3599,2083.4,15m,train,0.525,2354
3.5,2.0,1532,0.463,1.32,2022.3,15m,train,0.525,2354
4.0,0.25,1532,0.531,2.0361,3119.37,15m,train,0.525,2354
4.0,0.5,1532,0.497,1.7851,2734.81,15m,train,0.525,2354
4.0,0.75,1532,0.48,1.6194,2480.94,15m,train,0.525,2354
4.0,1.0,1532,0.467,1.5277,2340.36,15m,train,0.525,2354
4.0,1.5,1532,0.452,1.4381,2203.17,15m,train,0.525,2354
4.0,2.0,1532,0.449,1.389,2127.92,15m,train,0.525,2354
4.5,0.25,1532,0.521,2.0875,3198.0,15m,train,0.525,2354
4.5,0.5,1532,0.485,1.8301,2803.75,15m,train,0.525,2354
4.5,0.75,1532,0.465,1.643,2517.09,15m,train,0.525,2354
4.5,1.0,1532,0.451,1.5381,2356.31,15m,train,0.525,2354
4.5,1.5,1532,0.435,1.4339,2196.66,15m,train,0.525,2354
4.5,2.0,1532,0.43,1.3741,2105.19,15m,train,0.525,2354
5.0,0.25,1532,0.515,2.144,3284.54,15m,train,0.525,2354
5.0,0.5,1532,0.479,1.9264,2951.27,15m,train,0.525,2354
5.0,0.75,1532,0.457,1.7515,2683.26,15m,train,0.525,2354
5.0,1.0,1532,0.442,1.6456,2520.99,15m,train,0.525,2354
5.0,1.5,1532,0.425,1.5222,2332.02,15m,train,0.525,2354
5.0,2.0,1532,0.42,1.4517,2223.96,15m,train,0.525,2354
1.5,0.25,1525,0.616,1.1485,1751.52,15m,train,0.55,2354
1.5,0.5,1525,0.603,1.0885,1660.0,15m,train,0.55,2354
1.5,0.75,1525,0.597,1.0671,1627.34,15m,train,0.55,2354
1.5,1.0,1525,0.591,1.0559,1610.21,15m,train,0.55,2354
1.5,1.5,1525,0.586,1.0438,1591.75,15m,train,0.55,2354
1.5,2.0,1525,0.584,1.037,1581.47,15m,train,0.55,2354
2.0,0.25,1525,0.587,1.2918,1969.99,15m,train,0.55,2354
2.0,0.5,1525,0.567,1.1787,1797.46,15m,train,0.55,2354
2.0,0.75,1525,0.558,1.1354,1731.55,15m,train,0.55,2354
2.0,1.0,1525,0.55,1.1118,1695.55,15m,train,0.55,2354
2.0,1.5,1525,0.542,1.0857,1655.69,15m,train,0.55,2354
2.0,2.0,1525,0.54,1.0709,1633.11,15m,train,0.55,2354
2.5,0.25,1525,0.563,1.4722,2245.07,15m,train,0.55,2354
2.5,0.5,1525,0.54,1.3267,2023.17,15m,train,0.55,2354
2.5,0.75,1525,0.53,1.2696,1936.14,15m,train,0.55,2354
2.5,1.0,1525,0.521,1.2198,1860.16,15m,train,0.55,2354
2.5,1.5,1525,0.511,1.1748,1791.58,15m,train,0.55,2354
2.5,2.0,1525,0.509,1.15,1753.7,15m,train,0.55,2354
3.0,0.25,1525,0.548,1.6045,2446.92,15m,train,0.55,2354
3.0,0.5,1525,0.518,1.3619,2076.86,15m,train,0.55,2354
3.0,0.75,1525,0.505,1.2755,1945.12,15m,train,0.55,2354
3.0,1.0,1525,0.494,1.2124,1848.84,15m,train,0.55,2354
3.0,1.5,1525,0.483,1.152,1756.87,15m,train,0.55,2354
3.0,2.0,1525,0.48,1.1186,1705.86,15m,train,0.55,2354
3.5,0.25,1525,0.538,1.8454,2814.26,15m,train,0.55,2354
3.5,0.5,1525,0.508,1.6053,2448.07,15m,train,0.55,2354
3.5,0.75,1525,0.494,1.503,2292.05,15m,train,0.55,2354
3.5,1.0,1525,0.482,1.4304,2181.37,15m,train,0.55,2354
3.5,1.5,1525,0.468,1.3608,2075.29,15m,train,0.55,2354
3.5,2.0,1525,0.466,1.3225,2016.84,15m,train,0.55,2354
4.0,0.25,1525,0.532,2.0097,3064.87,15m,train,0.55,2354
4.0,0.5,1525,0.5,1.7608,2685.23,15m,train,0.55,2354
4.0,0.75,1525,0.483,1.5954,2432.93,15m,train,0.55,2354
4.0,1.0,1525,0.47,1.5037,2293.21,15m,train,0.55,2354
4.0,1.5,1525,0.454,1.4145,2157.18,15m,train,0.55,2354
4.0,2.0,1525,0.452,1.3656,2082.58,15m,train,0.55,2354
4.5,0.25,1525,0.525,2.1037,3208.21,15m,train,0.55,2354
4.5,0.5,1525,0.49,1.8619,2839.41,15m,train,0.55,2354
4.5,0.75,1525,0.471,1.6781,2559.04,15m,train,0.55,2354
4.5,1.0,1525,0.457,1.5842,2415.89,15m,train,0.55,2354
4.5,1.5,1525,0.439,1.489,2270.73,15m,train,0.55,2354
4.5,2.0,1525,0.437,1.4334,2185.91,15m,train,0.55,2354
5.0,0.25,1525,0.517,2.1319,3251.11,15m,train,0.55,2354
5.0,0.5,1525,0.483,1.8981,2894.63,15m,train,0.55,2354
5.0,0.75,1525,0.462,1.7206,2623.89,15m,train,0.55,2354
5.0,1.0,1525,0.448,1.6174,2466.54,15m,train,0.55,2354
5.0,1.5,1525,0.429,1.4977,2283.95,15m,train,0.55,2354
5.0,2.0,1525,0.425,1.4289,2179.13,15m,train,0.55,2354
1.5,0.25,1519,0.615,1.0969,1666.12,15m,train,0.575,2354
1.5,0.5,1519,0.603,1.0416,1582.2,15m,train,0.575,2354
1.5,0.75,1519,0.597,1.0225,1553.11,15m,train,0.575,2354
1.5,1.0,1519,0.592,1.0124,1537.88,15m,train,0.575,2354
1.5,1.5,1519,0.587,1.0016,1521.48,15m,train,0.575,2354
1.5,2.0,1519,0.587,0.9956,1512.31,15m,train,0.575,2354
2.0,0.25,1519,0.591,1.3018,1977.37,15m,train,0.575,2354
2.0,0.5,1519,0.572,1.1966,1817.68,15m,train,0.575,2354
2.0,0.75,1519,0.564,1.1568,1757.13,15m,train,0.575,2354
2.0,1.0,1519,0.557,1.135,1724.11,15m,train,0.575,2354
2.0,1.5,1519,0.549,1.111,1687.56,15m,train,0.575,2354
2.0,2.0,1519,0.548,1.0973,1666.78,15m,train,0.575,2354
2.5,0.25,1519,0.564,1.4365,2182.04,15m,train,0.575,2354
2.5,0.5,1519,0.542,1.2958,1968.26,15m,train,0.575,2354
2.5,0.75,1519,0.534,1.244,1889.62,15m,train,0.575,2354
2.5,1.0,1519,0.523,1.1967,1817.75,15m,train,0.575,2354
2.5,1.5,1519,0.513,1.1546,1753.91,15m,train,0.575,2354
2.5,2.0,1519,0.512,1.1315,1718.75,15m,train,0.575,2354
3.0,0.25,1519,0.549,1.6056,2438.93,15m,train,0.575,2354
3.0,0.5,1519,0.521,1.3901,2111.53,15m,train,0.575,2354
3.0,0.75,1519,0.511,1.3148,1997.2,15m,train,0.575,2354
3.0,1.0,1519,0.499,1.2547,1905.96,15m,train,0.575,2354
3.0,1.5,1519,0.487,1.1975,1819.01,15m,train,0.575,2354
3.0,2.0,1519,0.485,1.1657,1770.76,15m,train,0.575,2354
3.5,0.25,1519,0.538,1.7878,2715.68,15m,train,0.575,2354
3.5,0.5,1519,0.508,1.5639,2375.57,15m,train,0.575,2354
3.5,0.75,1519,0.496,1.467,2228.41,15m,train,0.575,2354
3.5,1.0,1519,0.483,1.3944,2118.16,15m,train,0.575,2354
3.5,1.5,1519,0.47,1.3254,2013.23,15m,train,0.575,2354
3.5,2.0,1519,0.468,1.2874,1955.55,15m,train,0.575,2354
4.0,0.25,1519,0.532,1.9484,2959.57,15m,train,0.575,2354
4.0,0.5,1519,0.5,1.7089,2595.75,15m,train,0.575,2354
4.0,0.75,1519,0.487,1.5673,2380.68,15m,train,0.575,2354
4.0,1.0,1519,0.471,1.481,2249.66,15m,train,0.575,2354
4.0,1.5,1519,0.456,1.3975,2122.8,15m,train,0.575,2354
4.0,2.0,1519,0.454,1.3517,2053.22,15m,train,0.575,2354
4.5,0.25,1519,0.526,2.0997,3189.45,15m,train,0.575,2354
4.5,0.5,1519,0.494,1.8845,2862.58,15m,train,0.575,2354
4.5,0.75,1519,0.478,1.7228,2616.96,15m,train,0.575,2354
4.5,1.0,1519,0.462,1.631,2477.46,15m,train,0.575,2354
4.5,1.5,1519,0.446,1.538,2336.15,15m,train,0.575,2354
4.5,2.0,1519,0.444,1.4835,2253.39,15m,train,0.575,2354
5.0,0.25,1519,0.516,2.0735,3149.61,15m,train,0.575,2354
5.0,0.5,1519,0.483,1.8359,2788.71,15m,train,0.575,2354
5.0,0.75,1519,0.466,1.6578,2518.26,15m,train,0.575,2354
5.0,1.0,1519,0.448,1.5514,2356.64,15m,train,0.575,2354
5.0,1.5,1519,0.43,1.4281,2169.31,15m,train,0.575,2354
5.0,2.0,1519,0.427,1.3586,2063.71,15m,train,0.575,2354
1.5,0.25,1513,0.617,1.1127,1683.57,15m,train,0.6,2354
1.5,0.5,1513,0.603,1.0614,1605.88,15m,train,0.6,2354
1.5,0.75,1513,0.597,1.0438,1579.32,15m,train,0.6,2354
1.5,1.0,1513,0.593,1.0347,1565.57,15m,train,0.6,2354
1.5,1.5,1513,0.587,1.0251,1550.93,15m,train,0.6,2354
1.5,2.0,1513,0.586,1.0197,1542.82,15m,train,0.6,2354
2.0,0.25,1513,0.595,1.3153,1990.08,15m,train,0.6,2354
2.0,0.5,1513,0.576,1.2154,1838.86,15m,train,0.6,2354
2.0,0.75,1513,0.568,1.178,1782.37,15m,train,0.6,2354
2.0,1.0,1513,0.562,1.1577,1751.66,15m,train,0.6,2354
2.0,1.5,1513,0.553,1.1353,1717.75,15m,train,0.6,2354
2.0,2.0,1513,0.552,1.1226,1698.49,15m,train,0.6,2354
2.5,0.25,1513,0.568,1.4339,2169.53,15m,train,0.6,2354
2.5,0.5,1513,0.543,1.3097,1981.64,15m,train,0.6,2354
2.5,0.75,1513,0.535,1.2622,1909.76,15m,train,0.6,2354
2.5,1.0,1513,0.525,1.2168,1840.98,15m,train,0.6,2354
2.5,1.5,1513,0.516,1.1769,1780.69,15m,train,0.6,2354
2.5,2.0,1513,0.513,1.155,1747.55,15m,train,0.6,2354
3.0,0.25,1513,0.552,1.5614,2362.34,15m,train,0.6,2354
3.0,0.5,1513,0.521,1.3528,2046.75,15m,train,0.6,2354
3.0,0.75,1513,0.511,1.2834,1941.83,15m,train,0.6,2354
3.0,1.0,1513,0.5,1.2264,1855.58,15m,train,0.6,2354
3.0,1.5,1513,0.489,1.1738,1775.99,15m,train,0.6,2354
3.0,2.0,1513,0.485,1.1447,1731.92,15m,train,0.6,2354
3.5,0.25,1513,0.541,1.7464,2642.37,15m,train,0.6,2354
3.5,0.5,1513,0.508,1.517,2295.16,15m,train,0.6,2354
3.5,0.75,1513,0.496,1.4262,2157.88,15m,train,0.6,2354
3.5,1.0,1513,0.485,1.3561,2051.76,15m,train,0.6,2354
3.5,1.5,1513,0.473,1.2896,1951.09,15m,train,0.6,2354
3.5,2.0,1513,0.469,1.2529,1895.63,15m,train,0.6,2354
4.0,0.25,1513,0.533,1.8995,2873.91,15m,train,0.6,2354
4.0,0.5,1513,0.499,1.6713,2528.7,15m,train,0.6,2354
4.0,0.75,1513,0.487,1.5563,2354.69,15m,train,0.6,2354
4.0,1.0,1513,0.474,1.4737,2229.72,15m,train,0.6,2354
4.0,1.5,1513,0.46,1.3938,2108.81,15m,train,0.6,2354
4.0,2.0,1513,0.456,1.3498,2042.32,15m,train,0.6,2354
4.5,0.25,1513,0.529,2.0783,3144.5,15m,train,0.6,2354
4.5,0.5,1513,0.494,1.8761,2838.47,15m,train,0.6,2354
4.5,0.75,1513,0.479,1.7157,2595.88,15m,train,0.6,2354
4.5,1.0,1513,0.464,1.6248,2458.3,15m,train,0.6,2354
4.5,1.5,1513,0.449,1.5337,2320.55,15m,train,0.6,2354
4.5,2.0,1513,0.444,1.481,2240.82,15m,train,0.6,2354
5.0,0.25,1513,0.519,2.0481,3098.7,15m,train,0.6,2354
5.0,0.5,1513,0.483,1.8106,2739.37,15m,train,0.6,2354
5.0,0.75,1513,0.467,1.6296,2465.52,15m,train,0.6,2354
5.0,1.0,1513,0.451,1.5261,2309.02,15m,train,0.6,2354
5.0,1.5,1513,0.434,1.4096,2132.77,15m,train,0.6,2354
5.0,2.0,1513,0.428,1.3459,2036.39,15m,train,0.6,2354
1.5,0.25,1505,0.622,1.1169,1680.99,15m,train,0.625,2354
1.5,0.5,1505,0.609,1.0747,1617.43,15m,train,0.625,2354
1.5,0.75,1505,0.601,1.0599,1595.16,15m,train,0.625,2354
1.5,1.0,1505,0.597,1.0526,1584.11,15m,train,0.625,2354
1.5,1.5,1505,0.593,1.0451,1572.82,15m,train,0.625,2354
1.5,2.0,1505,0.591,1.0411,1566.83,15m,train,0.625,2354
2.0,0.25,1505,0.597,1.2771,1922.08,15m,train,0.625,2354
2.0,0.5,1505,0.581,1.1874,1787.06,15m,train,0.625,2354
2.0,0.75,1505,0.57,1.1536,1736.23,15m,train,0.625,2354
2.0,1.0,1505,0.566,1.1355,1708.9,15m,train,0.625,2354
2.0,1.5,1505,0.559,1.1156,1679.01,15m,train,0.625,2354
2.0,2.0,1505,0.557,1.1045,1662.21,15m,train,0.625,2354
2.5,0.25,1505,0.571,1.3669,2057.25,15m,train,0.625,2354
2.5,0.5,1505,0.548,1.2335,1856.42,15m,train,0.625,2354
2.5,0.75,1505,0.536,1.1821,1779.02,15m,train,0.625,2354
2.5,1.0,1505,0.529,1.1536,1736.14,15m,train,0.625,2354
2.5,1.5,1505,0.519,1.1218,1688.26,15m,train,0.625,2354
2.5,2.0,1505,0.517,1.1036,1660.93,15m,train,0.625,2354
3.0,0.25,1505,0.555,1.5169,2282.93,15m,train,0.625,2354
3.0,0.5,1505,0.526,1.335,2009.13,15m,train,0.625,2354
3.0,0.75,1505,0.513,1.2734,1916.5,15m,train,0.625,2354
3.0,1.0,1505,0.504,1.2198,1835.85,15m,train,0.625,2354
3.0,1.5,1505,0.492,1.171,1762.3,15m,train,0.625,2354
3.0,2.0,1505,0.49,1.144,1721.66,15m,train,0.625,2354
3.5,0.25,1505,0.543,1.6807,2529.51,15m,train,0.625,2354
3.5,0.5,1505,0.511,1.459,2195.76,15m,train,0.625,2354
3.5,0.75,1505,0.497,1.3712,2063.67,15m,train,0.625,2354
3.5,1.0,1505,0.488,1.3021,1959.64,15m,train,0.625,2354
3.5,1.5,1505,0.474,1.2367,1861.23,15m,train,0.625,2354
3.5,2.0,1505,0.471,1.2007,1807.08,15m,train,0.625,2354
4.0,0.25,1505,0.534,1.8513,2786.25,15m,train,0.625,2354
4.0,0.5,1505,0.502,1.6216,2440.47,15m,train,0.625,2354
4.0,0.75,1505,0.488,1.5072,2268.31,15m,train,0.625,2354
4.0,1.0,1505,0.477,1.4262,2146.46,15m,train,0.625,2354
4.0,1.5,1505,0.462,1.3488,2029.91,15m,train,0.625,2354
4.0,2.0,1505,0.458,1.3062,1965.89,15m,train,0.625,2354
4.5,0.25,1505,0.532,2.0223,3043.5,15m,train,0.625,2354
4.5,0.5,1505,0.499,1.8053,2716.93,15m,train,0.625,2354
4.5,0.75,1505,0.48,1.6642,2504.68,15m,train,0.625,2354
4.5,1.0,1505,0.468,1.5728,2367.03,15m,train,0.625,2354
4.5,1.5,1505,0.452,1.4844,2234.0,15m,train,0.625,2354
4.5,2.0,1505,0.448,1.4369,2162.6,15m,train,0.625,2354
5.0,0.25,1505,0.521,2.0026,3013.88,15m,train,0.625,2354
5.0,0.5,1505,0.486,1.7545,2640.52,15m,train,0.625,2354
5.0,0.75,1505,0.467,1.5838,2383.58,15m,train,0.625,2354
5.0,1.0,1505,0.454,1.479,2225.97,15m,train,0.625,2354
5.0,1.5,1505,0.435,1.3776,2073.32,15m,train,0.625,2354
5.0,2.0,1505,0.431,1.3196,1985.95,15m,train,0.625,2354
1.5,0.25,1496,0.623,1.1183,1672.96,15m,train,0.65,2354
1.5,0.5,1496,0.613,1.0784,1613.22,15m,train,0.65,2354
1.5,0.75,1496,0.605,1.0647,1592.86,15m,train,0.65,2354
1.5,1.0,1496,0.6,1.0581,1582.94,15m,train,0.65,2354
1.5,1.5,1496,0.594,1.0515,1573.01,15m,train,0.65,2354
1.5,2.0,1496,0.592,1.048,1567.85,15m,train,0.65,2354
2.0,0.25,1496,0.598,1.2897,1929.38,15m,train,0.65,2354
2.0,0.5,1496,0.586,1.2002,1795.48,15m,train,0.65,2354
2.0,0.75,1496,0.576,1.1679,1747.24,15m,train,0.65,2354
2.0,1.0,1496,0.57,1.1507,1721.48,15m,train,0.65,2354
2.0,1.5,1496,0.561,1.1319,1693.35,15m,train,0.65,2354
2.0,2.0,1496,0.559,1.1214,1677.55,15m,train,0.65,2354
2.5,0.25,1496,0.572,1.3774,2060.56,15m,train,0.65,2354
2.5,0.5,1496,0.553,1.2525,1873.69,15m,train,0.65,2354
2.5,0.75,1496,0.543,1.2054,1803.21,15m,train,0.65,2354
2.5,1.0,1496,0.534,1.1794,1764.36,15m,train,0.65,2354
2.5,1.5,1496,0.522,1.1505,1721.18,15m,train,0.65,2354
2.5,2.0,1496,0.519,1.1341,1696.63,15m,train,0.65,2354
3.0,0.25,1496,0.558,1.5436,2309.25,15m,train,0.65,2354
3.0,0.5,1496,0.535,1.37,2049.55,15m,train,0.65,2354
3.0,0.75,1496,0.523,1.3141,1965.89,15m,train,0.65,2354
3.0,1.0,1496,0.512,1.2631,1889.65,15m,train,0.65,2354
3.0,1.5,1496,0.499,1.2174,1821.19,15m,train,0.65,2354
3.0,2.0,1496,0.495,1.1921,1783.43,15m,train,0.65,2354
3.5,0.25,1496,0.546,1.6778,2509.98,15m,train,0.65,2354
3.5,0.5,1496,0.519,1.4766,2209.05,15m,train,0.65,2354
3.5,0.75,1496,0.505,1.3889,2077.83,15m,train,0.65,2354
3.5,1.0,1496,0.495,1.3221,1977.86,15m,train,0.65,2354
3.5,1.5,1496,0.48,1.2593,1883.93,15m,train,0.65,2354
3.5,2.0,1496,0.475,1.2248,1832.29,15m,train,0.65,2354
4.0,0.25,1496,0.537,1.8718,2800.28,15m,train,0.65,2354
4.0,0.5,1496,0.509,1.6608,2484.48,15m,train,0.65,2354
4.0,0.75,1496,0.495,1.5535,2323.97,15m,train,0.65,2354
4.0,1.0,1496,0.484,1.4762,2208.4,15m,train,0.65,2354
4.0,1.5,1496,0.469,1.4027,2098.46,15m,train,0.65,2354
4.0,2.0,1496,0.463,1.3624,2038.12,15m,train,0.65,2354
4.5,0.25,1496,0.532,1.9822,2965.32,15m,train,0.65,2354
4.5,0.5,1496,0.503,1.758,2630.03,15m,train,0.65,2354
4.5,0.75,1496,0.487,1.6423,2456.94,15m,train,0.65,2354
4.5,1.0,1496,0.475,1.5521,2321.97,15m,train,0.65,2354
4.5,1.5,1496,0.457,1.4643,2190.58,15m,train,0.65,2354
4.5,2.0,1496,0.45,1.4163,2118.81,15m,train,0.65,2354
5.0,0.25,1496,0.523,2.0351,3044.49,15m,train,0.65,2354
5.0,0.5,1496,0.493,1.819,2721.22,15m,train,0.65,2354
5.0,0.75,1496,0.475,1.6561,2477.5,15m,train,0.65,2354
5.0,1.0,1496,0.462,1.5554,2326.87,15m,train,0.65,2354
5.0,1.5,1496,0.443,1.4586,2182.08,15m,train,0.65,2354
5.0,2.0,1496,0.435,1.4032,2099.13,15m,train,0.65,2354
1.5,0.25,1489,0.627,1.1169,1663.04,15m,train,0.675,2354
1.5,0.5,1489,0.615,1.0793,1607.05,15m,train,0.675,2354
1.5,0.75,1489,0.609,1.0682,1590.51,15m,train,0.675,2354
1.5,1.0,1489,0.602,1.0629,1582.65,15m,train,0.675,2354
1.5,1.5,1489,0.598,1.0577,1574.95,15m,train,0.675,2354
1.5,2.0,1489,0.597,1.0551,1571.01,15m,train,0.675,2354
2.0,0.25,1489,0.602,1.2727,1895.02,15m,train,0.675,2354
2.0,0.5,1489,0.588,1.1888,1770.18,15m,train,0.675,2354
2.0,0.75,1489,0.578,1.1589,1725.55,15m,train,0.675,2354
2.0,1.0,1489,0.57,1.1429,1701.81,15m,train,0.675,2354
2.0,1.5,1489,0.565,1.1256,1675.96,15m,train,0.675,2354
2.0,2.0,1489,0.561,1.1158,1661.46,15m,train,0.675,2354
2.5,0.25,1489,0.582,1.4234,2119.41,15m,train,0.675,2354
2.5,0.5,1489,0.562,1.3083,1948.02,15m,train,0.675,2354
2.5,0.75,1489,0.552,1.2637,1881.71,15m,train,0.675,2354
2.5,1.0,1489,0.542,1.2394,1845.46,15m,train,0.675,2354
2.5,1.5,1489,0.533,1.2124,1805.33,15m,train,0.675,2354
2.5,2.0,1489,0.529,1.1971,1782.5,15m,train,0.675,2354
3.0,0.25,1489,0.563,1.5478,2304.73,15m,train,0.675,2354
3.0,0.5,1489,0.541,1.4037,2090.06,15m,train,0.675,2354
3.0,0.75,1489,0.529,1.3509,2011.56,15m,train,0.675,2354
3.0,1.0,1489,0.516,1.3147,1957.59,15m,train,0.675,2354
3.0,1.5,1489,0.506,1.2737,1896.59,15m,train,0.675,2354
3.0,2.0,1489,0.502,1.2509,1862.66,15m,train,0.675,2354
3.5,0.25,1489,0.551,1.6869,2511.83,15m,train,0.675,2354
3.5,0.5,1489,0.523,1.4936,2223.95,15m,train,0.675,2354
3.5,0.75,1489,0.508,1.4104,2100.08,15m,train,0.675,2354
3.5,1.0,1489,0.496,1.3453,2003.11,15m,train,0.675,2354
3.5,1.5,1489,0.485,1.2843,1912.34,15m,train,0.675,2354
3.5,2.0,1489,0.478,1.2507,1862.34,15m,train,0.675,2354
4.0,0.25,1489,0.543,1.8978,2825.81,15m,train,0.675,2354
4.0,0.5,1489,0.515,1.6936,2521.8,15m,train,0.675,2354
4.0,0.75,1489,0.5,1.5903,2367.89,15m,train,0.675,2354
4.0,1.0,1489,0.488,1.515,2255.82,15m,train,0.675,2354
4.0,1.5,1489,0.475,1.444,2150.12,15m,train,0.675,2354
4.0,2.0,1489,0.469,1.4051,2092.22,15m,train,0.675,2354
4.5,0.25,1489,0.537,1.9976,2974.43,15m,train,0.675,2354
4.5,0.5,1489,0.508,1.7854,2658.41,15m,train,0.675,2354
4.5,0.75,1489,0.491,1.6705,2487.3,15m,train,0.675,2354
4.5,1.0,1489,0.478,1.5827,2356.58,15m,train,0.675,2354
4.5,1.5,1489,0.464,1.4984,2231.08,15m,train,0.675,2354
4.5,2.0,1489,0.457,1.4523,2162.44,15m,train,0.675,2354
5.0,0.25,1489,0.529,2.0822,3100.44,15m,train,0.675,2354
5.0,0.5,1489,0.499,1.8722,2787.63,15m,train,0.675,2354
5.0,0.75,1489,0.48,1.7269,2571.42,15m,train,0.675,2354
5.0,1.0,1489,0.466,1.6317,2429.57,15m,train,0.675,2354
5.0,1.5,1489,0.452,1.5406,2293.9,15m,train,0.675,2354
5.0,2.0,1489,0.443,1.4881,2215.84,15m,train,0.675,2354
1.5,0.25,1485,0.631,1.1081,1645.54,15m,train,0.7,2354
1.5,0.5,1485,0.618,1.0769,1599.12,15m,train,0.7,2354
1.5,0.75,1485,0.613,1.0687,1586.96,15m,train,0.7,2354
1.5,1.0,1485,0.608,1.0652,1581.81,15m,train,0.7,2354
1.5,1.5,1485,0.603,1.0623,1577.45,15m,train,0.7,2354
1.5,2.0,1485,0.601,1.061,1575.59,15m,train,0.7,2354
2.0,0.25,1485,0.605,1.2539,1862.01,15m,train,0.7,2354
2.0,0.5,1485,0.587,1.1729,1741.76,15m,train,0.7,2354
2.0,0.75,1485,0.58,1.1442,1699.08,15m,train,0.7,2354
2.0,1.0,1485,0.574,1.1292,1676.85,15m,train,0.7,2354
2.0,1.5,1485,0.566,1.1131,1652.99,15m,train,0.7,2354
2.0,2.0,1485,0.563,1.1042,1639.77,15m,train,0.7,2354
2.5,0.25,1485,0.586,1.4132,2098.64,15m,train,0.7,2354
2.5,0.5,1485,0.563,1.304,1936.42,15m,train,0.7,2354
2.5,0.75,1485,0.554,1.2614,1873.12,15m,train,0.7,2354
2.5,1.0,1485,0.545,1.2384,1839.02,15m,train,0.7,2354
2.5,1.5,1485,0.535,1.2132,1801.57,15m,train,0.7,2354
2.5,2.0,1485,0.531,1.1989,1780.39,15m,train,0.7,2354
3.0,0.25,1485,0.566,1.5066,2237.28,15m,train,0.7,2354
3.0,0.5,1485,0.541,1.3693,2033.44,15m,train,0.7,2354
3.0,0.75,1485,0.53,1.319,1958.78,15m,train,0.7,2354
3.0,1.0,1485,0.52,1.2842,1907.08,15m,train,0.7,2354
3.0,1.5,1485,0.506,1.2449,1848.67,15m,train,0.7,2354
3.0,2.0,1485,0.502,1.2231,1816.24,15m,train,0.7,2354
3.5,0.25,1485,0.555,1.6675,2476.26,15m,train,0.7,2354
3.5,0.5,1485,0.525,1.4842,2204.05,15m,train,0.7,2354
3.5,0.75,1485,0.512,1.4074,2089.98,15m,train,0.7,2354
3.5,1.0,1485,0.502,1.347,2000.26,15m,train,0.7,2354
3.5,1.5,1485,0.489,1.2912,1917.43,15m,train,0.7,2354
3.5,2.0,1485,0.484,1.2606,1871.93,15m,train,0.7,2354
4.0,0.25,1485,0.547,1.8793,2790.72,15m,train,0.7,2354
4.0,0.5,1485,0.517,1.6941,2515.74,15m,train,0.7,2354
4.0,0.75,1485,0.503,1.5993,2374.93,15m,train,0.7,2354
4.0,1.0,1485,0.493,1.5278,2268.83,15m,train,0.7,2354
4.0,1.5,1485,0.477,1.4612,2169.86,15m,train,0.7,2354
4.0,2.0,1485,0.471,1.4248,2115.81,15m,train,0.7,2354
4.5,0.25,1485,0.539,1.9737,2930.96,15m,train,0.7,2354
4.5,0.5,1485,0.508,1.7869,2653.48,15m,train,0.7,2354
4.5,0.75,1485,0.492,1.6756,2488.21,15m,train,0.7,2354
4.5,1.0,1485,0.482,1.5911,2362.81,15m,train,0.7,2354
4.5,1.5,1485,0.466,1.5118,2244.98,15m,train,0.7,2354
4.5,2.0,1485,0.459,1.4686,2180.94,15m,train,0.7,2354
5.0,0.25,1485,0.533,2.0431,3033.99,15m,train,0.7,2354
5.0,0.5,1485,0.501,1.8586,2760.05,15m,train,0.7,2354
5.0,0.75,1485,0.484,1.718,2551.26,15m,train,0.7,2354
5.0,1.0,1485,0.471,1.6249,2412.94,15m,train,0.7,2354
5.0,1.5,1485,0.455,1.5343,2278.44,15m,train,0.7,2354
5.0,2.0,1485,0.446,1.485,2205.18,15m,train,0.7,2354
1.5,0.25,731,0.561,0.679,496.32,15m,validation,0.3,867
1.5,0.5,731,0.543,0.6793,496.58,15m,validation,0.3,867
1.5,0.75,731,0.534,0.6856,501.16,15m,validation,0.3,867
1.5,1.0,731,0.529,0.6907,504.87,15m,validation,0.3,867
1.5,1.5,731,0.527,0.6977,509.98,15m,validation,0.3,867
1.5,2.0,731,0.525,0.7022,513.3,15m,validation,0.3,867
2.0,0.25,731,0.52,0.7451,544.64,15m,validation,0.3,867
2.0,0.5,731,0.495,0.6483,473.93,15m,validation,0.3,867
2.0,0.75,731,0.483,0.6344,463.78,15m,validation,0.3,867
2.0,1.0,731,0.477,0.6277,458.82,15m,validation,0.3,867
2.0,1.5,731,0.475,0.6208,453.79,15m,validation,0.3,867
2.0,2.0,731,0.473,0.6171,451.08,15m,validation,0.3,867
2.5,0.25,731,0.501,0.8014,585.86,15m,validation,0.3,867
2.5,0.5,731,0.469,0.5737,419.36,15m,validation,0.3,867
2.5,0.75,731,0.451,0.5385,393.67,15m,validation,0.3,867
2.5,1.0,731,0.443,0.5204,380.4,15m,validation,0.3,867
2.5,1.5,731,0.439,0.5008,366.07,15m,validation,0.3,867
2.5,2.0,731,0.435,0.4897,357.99,15m,validation,0.3,867
3.0,0.25,731,0.479,0.7712,563.72,15m,validation,0.3,867
3.0,0.5,731,0.445,0.4991,364.82,15m,validation,0.3,867
3.0,0.75,731,0.423,0.4403,321.83,15m,validation,0.3,867
3.0,1.0,731,0.413,0.4088,298.85,15m,validation,0.3,867
3.0,1.5,731,0.409,0.3747,273.93,15m,validation,0.3,867
3.0,2.0,731,0.401,0.3555,259.89,15m,validation,0.3,867
3.5,0.25,731,0.468,0.8161,596.58,15m,validation,0.3,867
3.5,0.5,731,0.428,0.464,339.16,15m,validation,0.3,867
3.5,0.75,731,0.406,0.3691,269.82,15m,validation,0.3,867
3.5,1.0,731,0.397,0.3151,230.3,15m,validation,0.3,867
3.5,1.5,731,0.389,0.258,188.6,15m,validation,0.3,867
3.5,2.0,731,0.379,0.2262,165.38,15m,validation,0.3,867
4.0,0.25,731,0.457,0.797,582.6,15m,validation,0.3,867
4.0,0.5,731,0.415,0.4529,331.06,15m,validation,0.3,867
4.0,0.75,731,0.391,0.3493,255.35,15m,validation,0.3,867
4.0,1.0,731,0.382,0.2923,213.64,15m,validation,0.3,867
4.0,1.5,731,0.372,0.2297,167.94,15m,validation,0.3,867
4.0,2.0,731,0.361,0.1953,142.76,15m,validation,0.3,867
4.5,0.25,731,0.45,0.8049,588.42,15m,validation,0.3,867
4.5,0.5,731,0.405,0.4895,357.81,15m,validation,0.3,867
4.5,0.75,731,0.382,0.3827,279.74,15m,validation,0.3,867
4.5,1.0,731,0.372,0.3235,236.51,15m,validation,0.3,867
4.5,1.5,731,0.363,0.2586,189.01,15m,validation,0.3,867
4.5,2.0,731,0.352,0.2227,162.78,15m,validation,0.3,867
5.0,0.25,731,0.449,0.992,725.19,15m,validation,0.3,867
5.0,0.5,731,0.404,0.716,523.39,15m,validation,0.3,867
5.0,0.75,731,0.38,0.564,412.28,15m,validation,0.3,867
5.0,1.0,731,0.371,0.4628,338.32,15m,validation,0.3,867
5.0,1.5,731,0.36,0.3883,283.88,15m,validation,0.3,867
5.0,2.0,731,0.346,0.3487,254.91,15m,validation,0.3,867
1.5,0.25,729,0.562,0.6963,507.6,15m,validation,0.325,867
1.5,0.5,729,0.545,0.7024,512.05,15m,validation,0.325,867
1.5,0.75,729,0.538,0.7095,517.21,15m,validation,0.325,867
1.5,1.0,729,0.532,0.7149,521.14,15m,validation,0.325,867
1.5,1.5,729,0.531,0.7222,526.45,15m,validation,0.325,867
1.5,2.0,729,0.529,0.7268,529.85,15m,validation,0.325,867
2.0,0.25,729,0.527,0.8241,600.78,15m,validation,0.325,867
2.0,0.5,729,0.502,0.7316,533.37,15m,validation,0.325,867
2.0,0.75,729,0.492,0.7195,524.52,15m,validation,0.325,867
2.0,1.0,729,0.484,0.7138,520.33,15m,validation,0.325,867
2.0,1.5,729,0.481,0.7081,516.18,15m,validation,0.325,867
2.0,2.0,729,0.48,0.705,513.96,15m,validation,0.325,867
2.5,0.25,729,0.505,0.8942,651.84,15m,validation,0.325,867
2.5,0.5,729,0.472,0.653,476.06,15m,validation,0.325,867
2.5,0.75,729,0.457,0.6135,447.27,15m,validation,0.325,867
2.5,1.0,729,0.447,0.5931,432.38,15m,validation,0.325,867
2.5,1.5,729,0.443,0.571,416.23,15m,validation,0.325,867
2.5,2.0,729,0.438,0.5584,407.09,15m,validation,0.325,867
3.0,0.25,729,0.483,0.8496,619.39,15m,validation,0.325,867
3.0,0.5,729,0.449,0.5541,403.94,15m,validation,0.325,867
3.0,0.75,729,0.431,0.4956,361.33,15m,validation,0.325,867
3.0,1.0,729,0.417,0.4643,338.48,15m,validation,0.325,867
3.0,1.5,729,0.413,0.4304,313.73,15m,validation,0.325,867
3.0,2.0,729,0.403,0.4112,299.78,15m,validation,0.325,867
3.5,0.25,729,0.472,0.9357,682.16,15m,validation,0.325,867
3.5,0.5,729,0.433,0.64,466.57,15m,validation,0.325,867
3.5,0.75,729,0.416,0.5411,394.45,15m,validation,0.325,867
3.5,1.0,729,0.402,0.4855,353.93,15m,validation,0.325,867
3.5,1.5,729,0.394,0.4273,311.48,15m,validation,0.325,867
3.5,2.0,729,0.383,0.395,287.92,15m,validation,0.325,867
4.0,0.25,729,0.461,0.9761,711.55,15m,validation,0.325,867
4.0,0.5,729,0.42,0.5986,436.39,15m,validation,0.325,867
4.0,0.75,729,0.401,0.4883,355.95,15m,validation,0.325,867
4.0,1.0,729,0.387,0.4249,309.72,15m,validation,0.325,867
4.0,1.5,729,0.377,0.3577,260.75,15m,validation,0.325,867
4.0,2.0,729,0.365,0.3207,233.8,15m,validation,0.325,867
4.5,0.25,729,0.453,0.8881,647.44,15m,validation,0.325,867
4.5,0.5,729,0.409,0.5559,405.24,15m,validation,0.325,867
4.5,0.75,729,0.39,0.4491,327.42,15m,validation,0.325,867
4.5,1.0,729,0.376,0.3895,283.95,15m,validation,0.325,867
4.5,1.5,729,0.366,0.324,236.21,15m,validation,0.325,867
4.5,2.0,729,0.354,0.2879,209.85,15m,validation,0.325,867
5.0,0.25,729,0.451,1.0718,781.31,15m,validation,0.325,867
5.0,0.5,729,0.406,0.7832,570.99,15m,validation,0.325,867
5.0,0.75,729,0.387,0.631,459.96,15m,validation,0.325,867
5.0,1.0,729,0.373,0.5694,415.06,15m,validation,0.325,867
5.0,1.5,729,0.364,0.5023,366.21,15m,validation,0.325,867
5.0,2.0,729,0.348,0.466,339.72,15m,validation,0.325,867
1.5,0.25,728,0.562,0.5796,421.97,15m,validation,0.35,867
1.5,0.5,728,0.547,0.5981,435.41,15m,validation,0.35,867
1.5,0.75,728,0.541,0.6104,444.38,15m,validation,0.35,867
1.5,1.0,728,0.537,0.6189,450.57,15m,validation,0.35,867
1.5,1.5,728,0.532,0.6299,458.55,15m,validation,0.35,867
1.5,2.0,728,0.53,0.6367,463.55,15m,validation,0.35,867
2.0,0.25,728,0.529,0.7296,531.14,15m,validation,0.35,867
2.0,0.5,728,0.507,0.6471,471.11,15m,validation,0.35,867
2.0,0.75,728,0.497,0.6394,465.46,15m,validation,0.35,867
2.0,1.0,728,0.49,0.6363,463.2,15m,validation,0.35,867
2.0,1.5,728,0.484,0.6338,461.37,15m,validation,0.35,867
2.0,2.0,728,0.482,0.6327,460.58,15m,validation,0.35,867
2.5,0.25,728,0.503,0.7609,553.9,15m,validation,0.35,867
2.5,0.5,728,0.47,0.5231,380.82,15m,validation,0.35,867
2.5,0.75,728,0.455,0.4851,353.12,15m,validation,0.35,867
2.5,1.0,728,0.448,0.4656,338.98,15m,validation,0.35,867
2.5,1.5,728,0.44,0.4448,323.79,15m,validation,0.35,867
2.5,2.0,728,0.434,0.4331,315.27,15m,validation,0.35,867
3.0,0.25,728,0.486,0.7777,566.2,15m,validation,0.35,867
3.0,0.5,728,0.451,0.4956,360.76,15m,validation,0.35,867
3.0,0.75,728,0.433,0.4405,320.71,15m,validation,0.35,867
3.0,1.0,728,0.424,0.4113,299.4,15m,validation,0.35,867
3.0,1.5,728,0.415,0.3798,276.46,15m,validation,0.35,867
3.0,2.0,728,0.405,0.362,263.57,15m,validation,0.35,867
3.5,0.25,728,0.475,0.8016,583.55,15m,validation,0.35,867
3.5,0.5,728,0.435,0.4921,358.27,15m,validation,0.35,867
3.5,0.75,728,0.418,0.3917,285.17,15m,validation,0.35,867
3.5,1.0,728,0.408,0.3475,252.96,15m,validation,0.35,867
3.5,1.5,728,0.394,0.3011,219.18,15m,validation,0.35,867
3.5,2.0,728,0.383,0.2753,200.43,15m,validation,0.35,867
4.0,0.25,728,0.466,0.8711,634.18,15m,validation,0.35,867
4.0,0.5,728,0.424,0.5726,416.84,15m,validation,0.35,867
4.0,0.75,728,0.407,0.4786,348.39,15m,validation,0.35,867
4.0,1.0,728,0.396,0.4236,308.38,15m,validation,0.35,867
4.0,1.5,728,0.38,0.366,266.48,15m,validation,0.35,867
4.0,2.0,728,0.37,0.3347,243.64,15m,validation,0.35,867
4.5,0.25,728,0.455,0.7564,550.63,15m,validation,0.35,867
4.5,0.5,728,0.411,0.4842,352.52,15m,validation,0.35,867
4.5,0.75,728,0.393,0.3875,282.09,15m,validation,0.35,867
4.5,1.0,728,0.382,0.3328,242.29,15m,validation,0.35,867
4.5,1.5,728,0.367,0.273,198.74,15m,validation,0.35,867
4.5,2.0,728,0.354,0.2401,174.81,15m,validation,0.35,867
5.0,0.25,728,0.452,0.891,648.65,15m,validation,0.35,867
5.0,0.5,728,0.407,0.6454,469.84,15m,validation,0.35,867
5.0,0.75,728,0.389,0.498,362.58,15m,validation,0.35,867
5.0,1.0,728,0.378,0.4419,321.72,15m,validation,0.35,867
5.0,1.5,728,0.363,0.3805,277.01,15m,validation,0.35,867
5.0,2.0,728,0.348,0.3472,252.75,15m,validation,0.35,867
1.5,0.25,727,0.567,0.6374,463.42,15m,validation,0.375,867
1.5,0.5,727,0.554,0.6598,479.67,15m,validation,0.375,867
1.5,0.75,727,0.547,0.6729,489.17,15m,validation,0.375,867
1.5,1.0,727,0.545,0.6816,495.56,15m,validation,0.375,867
1.5,1.5,727,0.538,0.6928,503.67,15m,validation,0.375,867
1.5,2.0,727,0.536,0.6997,508.7,15m,validation,0.375,867
2.0,0.25,727,0.538,0.7524,546.99,15m,validation,0.375,867
2.0,0.5,727,0.52,0.6878,500.05,15m,validation,0.375,867
2.0,0.75,727,0.51,0.6807,494.88,15m,validation,0.375,867
2.0,1.0,727,0.503,0.6779,492.8,15m,validation,0.375,867
2.0,1.5,727,0.497,0.6756,491.14,15m,validation,0.375,867
2.0,2.0,727,0.495,0.6746,490.44,15m,validation,0.375,867
2.5,0.25,727,0.505,0.8082,587.58,15m,validation,0.375,867
2.5,0.5,727,0.476,0.6173,448.8,15m,validation,0.375,867
2.5,0.75,727,0.462,0.5855,425.67,15m,validation,0.375,867
2.5,1.0,727,0.455,0.5693,413.87,15m,validation,0.375,867
2.5,1.5,727,0.447,0.552,401.3,15m,validation,0.375,867
2.5,2.0,727,0.443,0.5424,394.31,15m,validation,0.375,867
3.0,0.25,727,0.491,0.835,607.03,15m,validation,0.375,867
3.0,0.5,727,0.459,0.5619,408.51,15m,validation,0.375,867
3.0,0.75,727,0.44,0.5095,370.44,15m,validation,0.375,867
3.0,1.0,727,0.432,0.4816,350.1,15m,validation,0.375,867
3.0,1.5,727,0.421,0.4515,328.22,15m,validation,0.375,867
3.0,2.0,727,0.414,0.4346,315.92,15m,validation,0.375,867
3.5,0.25,727,0.477,0.8213,597.07,15m,validation,0.375,867
3.5,0.5,727,0.44,0.487,354.08,15m,validation,0.375,867
3.5,0.75,727,0.42,0.414,300.97,15m,validation,0.375,867
3.5,1.0,727,0.41,0.375,272.65,15m,validation,0.375,867
3.5,1.5,727,0.396,0.3328,241.93,15m,validation,0.375,867
3.5,2.0,727,0.389,0.309,224.61,15m,validation,0.375,867
4.0,0.25,727,0.468,0.8975,652.47,15m,validation,0.375,867
4.0,0.5,727,0.429,0.562,408.56,15m,validation,0.375,867
4.0,0.75,727,0.409,0.4902,356.35,15m,validation,0.375,867
4.0,1.0,727,0.398,0.4378,318.28,15m,validation,0.375,867
4.0,1.5,727,0.382,0.3815,277.34,15m,validation,0.375,867
4.0,2.0,727,0.374,0.3504,254.74,15m,validation,0.375,867
4.5,0.25,727,0.459,0.818,594.71,15m,validation,0.375,867
4.5,0.5,727,0.418,0.5061,367.93,15m,validation,0.375,867
4.5,0.75,727,0.398,0.4334,315.07,15m,validation,0.375,867
4.5,1.0,727,0.387,0.3825,278.05,15m,validation,0.375,867
4.5,1.5,727,0.371,0.3253,236.46,15m,validation,0.375,867
4.5,2.0,727,0.362,0.2935,213.34,15m,validation,0.375,867
5.0,0.25,727,0.455,0.9451,687.08,15m,validation,0.375,867
5.0,0.5,727,0.413,0.6233,453.12,15m,validation,0.375,867
5.0,0.75,727,0.392,0.5481,398.45,15m,validation,0.375,867
5.0,1.0,727,0.381,0.4957,360.34,15m,validation,0.375,867
5.0,1.5,727,0.366,0.4366,317.41,15m,validation,0.375,867
5.0,2.0,727,0.355,0.4037,293.46,15m,validation,0.375,867
1.5,0.25,726,0.574,0.687,498.77,15m,validation,0.4,867
1.5,0.5,726,0.562,0.7124,517.19,15m,validation,0.4,867
1.5,0.75,726,0.552,0.7265,527.45,15m,validation,0.4,867
1.5,1.0,726,0.552,0.7359,534.25,15m,validation,0.4,867
1.5,1.5,726,0.545,0.7477,542.83,15m,validation,0.4,867
1.5,2.0,726,0.543,0.755,548.13,15m,validation,0.4,867
2.0,0.25,726,0.541,0.789,572.8,15m,validation,0.4,867
2.0,0.5,726,0.523,0.7318,531.27,15m,validation,0.4,867
2.0,0.75,726,0.512,0.7269,527.76,15m,validation,0.4,867
2.0,1.0,726,0.508,0.7253,526.58,15m,validation,0.4,867
2.0,1.5,726,0.5,0.7244,525.92,15m,validation,0.4,867
2.0,2.0,726,0.499,0.7243,525.81,15m,validation,0.4,867
2.5,0.25,726,0.511,0.8913,647.11,15m,validation,0.4,867
2.5,0.5,726,0.485,0.7663,556.3,15m,validation,0.4,867
2.5,0.75,726,0.471,0.7444,540.43,15m,validation,0.4,867
2.5,1.0,726,0.467,0.7333,532.38,15m,validation,0.4,867
2.5,1.5,726,0.457,0.7216,523.89,15m,validation,0.4,867
2.5,2.0,726,0.455,0.7152,519.23,15m,validation,0.4,867
3.0,0.25,726,0.496,0.9452,686.18,15m,validation,0.4,867
3.0,0.5,726,0.468,0.6578,477.58,15m,validation,0.4,867
3.0,0.75,726,0.444,0.601,436.33,15m,validation,0.4,867
3.0,1.0,726,0.437,0.5707,414.31,15m,validation,0.4,867
3.0,1.5,726,0.424,0.5381,390.64,15m,validation,0.4,867
3.0,2.0,726,0.419,0.5198,377.36,15m,validation,0.4,867
3.5,0.25,726,0.481,0.9242,671.0,15m,validation,0.4,867
3.5,0.5,726,0.449,0.572,415.3,15m,validation,0.4,867
3.5,0.75,726,0.423,0.496,360.11,15m,validation,0.4,867
3.5,1.0,726,0.415,0.4557,330.8,15m,validation,0.4,867
3.5,1.5,726,0.399,0.412,299.1,15m,validation,0.4,867
3.5,2.0,726,0.394,0.3875,281.31,15m,validation,0.4,867
4.0,0.25,726,0.472,1.026,744.9,15m,validation,0.4,867
4.0,0.5,726,0.438,0.7094,515.05,15m,validation,0.4,867
4.0,0.75,726,0.412,0.6395,464.28,15m,validation,0.4,867
4.0,1.0,726,0.402,0.5886,427.32,15m,validation,0.4,867
4.0,1.5,726,0.386,0.5373,390.05,15m,validation,0.4,867
4.0,2.0,726,0.38,0.5089,369.48,15m,validation,0.4,867
4.5,0.25,726,0.463,0.9306,675.62,15m,validation,0.4,867
4.5,0.5,726,0.426,0.6239,452.96,15m,validation,0.4,867
4.5,0.75,726,0.399,0.5572,404.51,15m,validation,0.4,867
4.5,1.0,726,0.39,0.5092,369.7,15m,validation,0.4,867
4.5,1.5,726,0.373,0.4553,330.51,15m,validation,0.4,867
4.5,2.0,726,0.366,0.4253,308.76,15m,validation,0.4,867
5.0,0.25,726,0.457,0.9845,714.73,15m,validation,0.4,867
5.0,0.5,726,0.419,0.6409,465.26,15m,validation,0.4,867
5.0,0.75,726,0.393,0.5637,409.26,15m,validation,0.4,867
5.0,1.0,726,0.383,0.5101,370.33,15m,validation,0.4,867
5.0,1.5,726,0.366,0.4498,326.53,15m,validation,0.4,867
5.0,2.0,726,0.358,0.4162,302.14,15m,validation,0.4,867
1.5,0.25,724,0.591,0.8463,612.74,15m,validation,0.425,867
1.5,0.5,724,0.572,0.8766,634.65,15m,validation,0.425,867
1.5,0.75,724,0.569,0.8927,646.34,15m,validation,0.425,867
1.5,1.0,724,0.562,0.9032,653.95,15m,validation,0.425,867
1.5,1.5,724,0.558,0.9164,663.45,15m,validation,0.425,867
1.5,2.0,724,0.554,0.9244,669.27,15m,validation,0.425,867
2.0,0.25,724,0.551,0.8855,641.08,15m,validation,0.425,867
2.0,0.5,724,0.528,0.867,627.73,15m,validation,0.425,867
2.0,0.75,724,0.525,0.8652,626.44,15m,validation,0.425,867
2.0,1.0,724,0.515,0.8656,626.71,15m,validation,0.425,867
2.0,1.5,724,0.507,0.8672,627.83,15m,validation,0.425,867
2.0,2.0,724,0.504,0.8685,628.79,15m,validation,0.425,867
2.5,0.25,724,0.523,0.9968,721.72,15m,validation,0.425,867
2.5,0.5,724,0.49,0.8776,635.41,15m,validation,0.425,867
2.5,0.75,724,0.486,0.8578,621.02,15m,validation,0.425,867
2.5,1.0,724,0.477,0.8478,613.78,15m,validation,0.425,867
2.5,1.5,724,0.467,0.8373,606.24,15m,validation,0.425,867
2.5,2.0,724,0.464,0.8317,602.15,15m,validation,0.425,867
3.0,0.25,724,0.507,1.0521,761.72,15m,validation,0.425,867
3.0,0.5,724,0.471,0.7944,575.15,15m,validation,0.425,867
3.0,0.75,724,0.46,0.7445,539.0,15m,validation,0.425,867
3.0,1.0,724,0.445,0.7179,519.78,15m,validation,0.425,867
3.0,1.5,724,0.434,0.6896,499.28,15m,validation,0.425,867
3.0,2.0,724,0.428,0.6738,487.84,15m,validation,0.425,867
3.5,0.25,724,0.492,0.9735,704.79,15m,validation,0.425,867
3.5,0.5,724,0.452,0.6398,463.23,15m,validation,0.425,867
3.5,0.75,724,0.439,0.5705,413.05,15m,validation,0.425,867
3.5,1.0,724,0.421,0.5336,386.3,15m,validation,0.425,867
3.5,1.5,724,0.407,0.4935,357.29,15m,validation,0.425,867
3.5,2.0,724,0.401,0.4709,340.94,15m,validation,0.425,867
4.0,0.25,724,0.482,1.057,765.24,15m,validation,0.425,867
4.0,0.5,724,0.439,0.7476,541.29,15m,validation,0.425,867
4.0,0.75,724,0.427,0.6826,494.22,15m,validation,0.425,867
4.0,1.0,724,0.409,0.6356,460.14,15m,validation,0.425,867
4.0,1.5,724,0.394,0.5853,423.74,15m,validation,0.425,867
4.0,2.0,724,0.387,0.5572,403.39,15m,validation,0.425,867
4.5,0.25,724,0.472,0.9999,723.94,15m,validation,0.425,867
4.5,0.5,724,0.43,0.6879,498.06,15m,validation,0.425,867
4.5,0.75,724,0.416,0.6205,449.24,15m,validation,0.425,867
4.5,1.0,724,0.396,0.5721,414.22,15m,validation,0.425,867
4.5,1.5,724,0.381,0.5177,374.81,15m,validation,0.425,867
4.5,2.0,724,0.373,0.4875,352.94,15m,validation,0.425,867
5.0,0.25,724,0.467,1.0536,762.79,15m,validation,0.425,867
5.0,0.5,724,0.421,0.7179,519.73,15m,validation,0.425,867
5.0,0.75,724,0.407,0.6445,466.59,15m,validation,0.425,867
5.0,1.0,724,0.388,0.5928,429.2,15m,validation,0.425,867
5.0,1.5,724,0.373,0.5347,387.09,15m,validation,0.425,867
5.0,2.0,724,0.363,0.5023,363.66,15m,validation,0.425,867
1.5,0.25,723,0.588,0.7617,550.69,15m,validation,0.45,867
1.5,0.5,723,0.573,0.7907,571.67,15m,validation,0.45,867
1.5,0.75,723,0.566,0.8074,583.78,15m,validation,0.45,867
1.5,1.0,723,0.564,0.8183,591.6,15m,validation,0.45,867
1.5,1.5,723,0.559,0.8317,601.29,15m,validation,0.45,867
1.5,2.0,723,0.556,0.8398,607.18,15m,validation,0.45,867
2.0,0.25,723,0.556,0.9563,691.37,15m,validation,0.45,867
2.0,0.5,723,0.535,0.9353,676.21,15m,validation,0.45,867
2.0,0.75,723,0.53,0.9337,675.08,15m,validation,0.45,867
2.0,1.0,723,0.524,0.9344,675.56,15m,validation,0.45,867
2.0,1.5,723,0.515,0.9363,676.96,15m,validation,0.45,867
2.0,2.0,723,0.512,0.9379,678.09,15m,validation,0.45,867
2.5,0.25,723,0.521,1.0017,724.25,15m,validation,0.45,867
2.5,0.5,723,0.491,0.8998,650.59,15m,validation,0.45,867
2.5,0.75,723,0.485,0.8836,638.82,15m,validation,0.45,867
2.5,1.0,723,0.479,0.8756,633.03,15m,validation,0.45,867
2.5,1.5,723,0.47,0.8673,627.09,15m,validation,0.45,867
2.5,2.0,723,0.466,0.8629,623.89,15m,validation,0.45,867
3.0,0.25,723,0.505,0.9927,717.75,15m,validation,0.45,867
3.0,0.5,723,0.472,0.7355,531.74,15m,validation,0.45,867
3.0,0.75,723,0.459,0.6841,494.64,15m,validation,0.45,867
3.0,1.0,723,0.448,0.6582,475.88,15m,validation,0.45,867
3.0,1.5,723,0.438,0.6302,455.62,15m,validation,0.45,867
3.0,2.0,723,0.432,0.6144,444.21,15m,validation,0.45,867
3.5,0.25,723,0.49,0.9601,694.14,15m,validation,0.45,867
3.5,0.5,723,0.454,0.6548,473.46,15m,validation,0.45,867
3.5,0.75,723,0.44,0.594,429.44,15m,validation,0.45,867
3.5,1.0,723,0.427,0.5613,405.82,15m,validation,0.45,867
3.5,1.5,723,0.414,0.526,380.28,15m,validation,0.45,867
3.5,2.0,723,0.407,0.5061,365.93,15m,validation,0.45,867
4.0,0.25,723,0.48,1.0194,737.0,15m,validation,0.45,867
4.0,0.5,723,0.441,0.7384,533.89,15m,validation,0.45,867
4.0,0.75,723,0.426,0.6813,492.55,15m,validation,0.45,867
4.0,1.0,723,0.414,0.6384,461.56,15m,validation,0.45,867
4.0,1.5,723,0.4,0.5927,428.49,15m,validation,0.45,867
4.0,2.0,723,0.393,0.5671,410.01,15m,validation,0.45,867
4.5,0.25,723,0.472,0.9998,722.89,15m,validation,0.45,867
4.5,0.5,723,0.433,0.7104,513.62,15m,validation,0.45,867
4.5,0.75,723,0.418,0.652,471.42,15m,validation,0.45,867
4.5,1.0,723,0.404,0.6061,438.24,15m,validation,0.45,867
4.5,1.5,723,0.389,0.5567,402.51,15m,validation,0.45,867
4.5,2.0,723,0.382,0.5295,382.82,15m,validation,0.45,867
5.0,0.25,723,0.465,1.0497,758.9,15m,validation,0.45,867
5.0,0.5,723,0.423,0.759,548.73,15m,validation,0.45,867
5.0,0.75,723,0.407,0.6988,505.25,15m,validation,0.45,867
5.0,1.0,723,0.393,0.6538,472.72,15m,validation,0.45,867
5.0,1.5,723,0.378,0.6029,435.88,15m,validation,0.45,867
5.0,2.0,723,0.369,0.5745,415.39,15m,validation,0.45,867
1.5,0.25,719,0.587,0.7994,574.77,15m,validation,0.475,867
1.5,0.5,719,0.574,0.8314,597.77,15m,validation,0.475,867
1.5,0.75,719,0.569,0.8494,610.69,15m,validation,0.475,867
1.5,1.0,719,0.566,0.8609,618.96,15m,validation,0.475,867
1.5,1.5,719,0.563,0.875,629.14,15m,validation,0.475,867
1.5,2.0,719,0.556,0.8836,635.3,15m,validation,0.475,867
2.0,0.25,719,0.556,0.9026,648.94,15m,validation,0.475,867
2.0,0.5,719,0.537,0.8951,643.55,15m,validation,0.475,867
2.0,0.75,719,0.531,0.8983,645.89,15m,validation,0.475,867
2.0,1.0,719,0.527,0.9017,648.31,15m,validation,0.475,867
2.0,1.5,719,0.517,0.9067,651.94,15m,validation,0.475,867
2.0,2.0,719,0.512,0.9101,654.39,15m,validation,0.475,867
2.5,0.25,719,0.52,0.9352,672.41,15m,validation,0.475,867
2.5,0.5,719,0.49,0.8347,600.17,15m,validation,0.475,867
2.5,0.75,719,0.487,0.8193,589.04,15m,validation,0.475,867
2.5,1.0,719,0.48,0.8118,583.66,15m,validation,0.475,867
2.5,1.5,719,0.471,0.8043,578.27,15m,validation,0.475,867
2.5,2.0,719,0.466,0.8003,575.44,15m,validation,0.475,867
3.0,0.25,719,0.503,0.9889,711.0,15m,validation,0.475,867
3.0,0.5,719,0.471,0.8035,577.69,15m,validation,0.475,867
3.0,0.75,719,0.466,0.7635,548.95,15m,validation,0.475,867
3.0,1.0,719,0.455,0.7434,534.53,15m,validation,0.475,867
3.0,1.5,719,0.445,0.7219,519.03,15m,validation,0.475,867
3.0,2.0,719,0.437,0.7097,510.3,15m,validation,0.475,867
3.5,0.25,719,0.49,0.9675,695.65,15m,validation,0.475,867
3.5,0.5,719,0.455,0.7015,504.36,15m,validation,0.475,867
3.5,0.75,719,0.445,0.6457,464.28,15m,validation,0.475,867
3.5,1.0,719,0.434,0.6158,442.78,15m,validation,0.475,867
3.5,1.5,719,0.419,0.5836,419.61,15m,validation,0.475,867
3.5,2.0,719,0.41,0.5655,406.63,15m,validation,0.475,867
4.0,0.25,719,0.483,1.0601,762.19,15m,validation,0.475,867
4.0,0.5,719,0.445,0.7837,563.47,15m,validation,0.475,867
4.0,0.75,719,0.434,0.7194,517.21,15m,validation,0.475,867
4.0,1.0,719,0.423,0.684,491.76,15m,validation,0.475,867
4.0,1.5,719,0.408,0.6452,463.9,15m,validation,0.475,867
4.0,2.0,719,0.399,0.6232,448.07,15m,validation,0.475,867
4.5,0.25,719,0.474,1.1465,824.35,15m,validation,0.475,867
4.5,0.5,719,0.437,0.8971,645.0,15m,validation,0.475,867
4.5,0.75,719,0.426,0.8453,607.78,15m,validation,0.475,867
4.5,1.0,719,0.414,0.8024,576.95,15m,validation,0.475,867
4.5,1.5,719,0.396,0.756,543.57,15m,validation,0.475,867
4.5,2.0,719,0.388,0.7303,525.1,15m,validation,0.475,867
5.0,0.25,719,0.466,1.0848,779.98,15m,validation,0.475,867
5.0,0.5,719,0.426,0.8256,593.58,15m,validation,0.475,867
5.0,0.75,719,0.413,0.7689,552.85,15m,validation,0.475,867
5.0,1.0,719,0.402,0.7257,521.76,15m,validation,0.475,867
5.0,1.5,719,0.384,0.6766,486.48,15m,validation,0.475,867
5.0,2.0,719,0.374,0.6493,466.84,15m,validation,0.475,867
1.5,0.25,715,0.594,0.8511,608.55,15m,validation,0.5,867
1.5,0.5,715,0.58,0.8778,627.63,15m,validation,0.5,867
1.5,0.75,715,0.573,0.8936,638.93,15m,validation,0.5,867
1.5,1.0,715,0.572,0.9038,646.24,15m,validation,0.5,867
1.5,1.5,715,0.571,0.9164,655.26,15m,validation,0.5,867
1.5,2.0,715,0.568,0.9241,660.7,15m,validation,0.5,867
2.0,0.25,715,0.565,0.9524,680.95,15m,validation,0.5,867
2.0,0.5,715,0.545,0.9473,677.35,15m,validation,0.5,867
2.0,0.75,715,0.537,0.9513,680.17,15m,validation,0.5,867
2.0,1.0,715,0.534,0.955,682.84,15m,validation,0.5,867
2.0,1.5,715,0.526,0.9604,686.71,15m,validation,0.5,867
2.0,2.0,715,0.52,0.964,689.28,15m,validation,0.5,867
2.5,0.25,715,0.53,1.0426,745.44,15m,validation,0.5,867
2.5,0.5,715,0.499,0.9437,674.76,15m,validation,0.5,867
2.5,0.75,715,0.492,0.9286,663.95,15m,validation,0.5,867
2.5,1.0,715,0.49,0.9213,658.71,15m,validation,0.5,867
2.5,1.5,715,0.48,0.9139,653.44,15m,validation,0.5,867
2.5,2.0,715,0.473,0.91,650.65,15m,validation,0.5,867
3.0,0.25,715,0.512,1.1097,793.45,15m,validation,0.5,867
3.0,0.5,715,0.48,0.9361,669.31,15m,validation,0.5,867
3.0,0.75,715,0.471,0.9033,645.87,15m,validation,0.5,867
3.0,1.0,715,0.464,0.8864,633.75,15m,validation,0.5,867
3.0,1.5,715,0.453,0.8681,620.66,15m,validation,0.5,867
3.0,2.0,715,0.443,0.8577,613.28,15m,validation,0.5,867
3.5,0.25,715,0.498,1.1552,826.0,15m,validation,0.5,867
3.5,0.5,715,0.463,0.8861,633.56,15m,validation,0.5,867
3.5,0.75,715,0.45,0.8267,591.06,15m,validation,0.5,867
3.5,1.0,715,0.443,0.795,568.41,15m,validation,0.5,867
3.5,1.5,715,0.427,0.7609,544.04,15m,validation,0.5,867
3.5,2.0,715,0.417,0.7418,530.36,15m,validation,0.5,867
4.0,0.25,715,0.49,1.141,815.8,15m,validation,0.5,867
4.0,0.5,715,0.452,0.8494,607.29,15m,validation,0.5,867
4.0,0.75,715,0.436,0.7817,558.91,15m,validation,0.5,867
4.0,1.0,715,0.429,0.745,532.68,15m,validation,0.5,867
4.0,1.5,715,0.413,0.7049,504.01,15m,validation,0.5,867
4.0,2.0,715,0.403,0.6822,487.76,15m,validation,0.5,867
4.5,0.25,715,0.481,1.2236,874.89,15m,validation,0.5,867
4.5,0.5,715,0.443,0.9639,689.17,15m,validation,0.5,867
4.5,0.75,715,0.428,0.9039,646.32,15m,validation,0.5,867
4.5,1.0,715,0.421,0.857,612.74,15m,validation,0.5,867
4.5,1.5,715,0.401,0.8062,576.45,15m,validation,0.5,867
4.5,2.0,715,0.392,0.7782,556.39,15m,validation,0.5,867
5.0,0.25,715,0.471,1.1359,812.13,15m,validation,0.5,867
5.0,0.5,715,0.431,0.8639,617.69,15m,validation,0.5,867
5.0,0.75,715,0.414,0.8033,574.36,15m,validation,0.5,867
5.0,1.0,715,0.407,0.7579,541.92,15m,validation,0.5,867
5.0,1.5,715,0.387,0.7065,505.15,15m,validation,0.5,867
5.0,2.0,715,0.376,0.6779,484.66,15m,validation,0.5,867
1.5,0.25,710,0.594,0.8968,636.7,15m,validation,0.525,867
1.5,0.5,710,0.586,0.921,653.88,15m,validation,0.525,867
1.5,0.75,710,0.577,0.9357,664.36,15m,validation,0.525,867
1.5,1.0,710,0.576,0.9454,671.22,15m,validation,0.525,867
1.5,1.5,710,0.573,0.9574,679.77,15m,validation,0.525,867
1.5,2.0,710,0.573,0.9648,684.99,15m,validation,0.525,867
2.0,0.25,710,0.562,0.9628,683.58,15m,validation,0.525,867
2.0,0.5,710,0.549,0.9638,684.32,15m,validation,0.525,867
2.0,0.75,710,0.539,0.9695,688.32,15m,validation,0.525,867
2.0,1.0,710,0.537,0.974,691.56,15m,validation,0.525,867
2.0,1.5,710,0.531,0.9803,696.0,15m,validation,0.525,867
2.0,2.0,710,0.527,0.9843,698.85,15m,validation,0.525,867
2.5,0.25,710,0.531,0.9681,687.33,15m,validation,0.525,867
2.5,0.5,710,0.504,0.8694,617.28,15m,validation,0.525,867
2.5,0.75,710,0.496,0.8539,606.3,15m,validation,0.525,867
2.5,1.0,710,0.492,0.8463,600.88,15m,validation,0.525,867
2.5,1.5,710,0.486,0.8385,595.3,15m,validation,0.525,867
2.5,2.0,710,0.48,0.8342,592.28,15m,validation,0.525,867
3.0,0.25,710,0.511,1.1332,804.55,15m,validation,0.525,867
3.0,0.5,710,0.483,0.9798,695.68,15m,validation,0.525,867
3.0,0.75,710,0.473,0.9532,676.78,15m,validation,0.525,867
3.0,1.0,710,0.466,0.9396,667.1,15m,validation,0.525,867
3.0,1.5,710,0.459,0.925,656.74,15m,validation,0.525,867
3.0,2.0,710,0.451,0.9169,650.96,15m,validation,0.525,867
3.5,0.25,710,0.497,1.1152,791.77,15m,validation,0.525,867
3.5,0.5,710,0.468,0.8635,613.11,15m,validation,0.525,867
3.5,0.75,710,0.455,0.8063,572.44,15m,validation,0.525,867
3.5,1.0,710,0.446,0.7756,550.67,15m,validation,0.525,867
3.5,1.5,710,0.435,0.7425,527.2,15m,validation,0.525,867
3.5,2.0,710,0.425,0.7239,514.0,15m,validation,0.525,867
4.0,0.25,710,0.487,1.1109,788.73,15m,validation,0.525,867
4.0,0.5,710,0.454,0.8266,586.88,15m,validation,0.525,867
4.0,0.75,710,0.441,0.7611,540.35,15m,validation,0.525,867
4.0,1.0,710,0.431,0.7254,515.03,15m,validation,0.525,867
4.0,1.5,710,0.42,0.6863,487.3,15m,validation,0.525,867
4.0,2.0,710,0.408,0.6641,471.54,15m,validation,0.525,867
4.5,0.25,710,0.482,1.251,888.2,15m,validation,0.525,867
4.5,0.5,710,0.448,0.9982,708.71,15m,validation,0.525,867
4.5,0.75,710,0.435,0.9417,668.63,15m,validation,0.525,867
4.5,1.0,710,0.425,0.8987,638.08,15m,validation,0.525,867
4.5,1.5,710,0.413,0.8525,605.31,15m,validation,0.525,867
4.5,2.0,710,0.401,0.8266,586.89,15m,validation,0.525,867
5.0,0.25,710,0.469,1.1283,801.08,15m,validation,0.525,867
5.0,0.5,710,0.434,0.8477,601.85,15m,validation,0.525,867
5.0,0.75,710,0.42,0.7841,556.68,15m,validation,0.525,867
5.0,1.0,710,0.41,0.7378,523.87,15m,validation,0.525,867
5.0,1.5,710,0.396,0.6858,486.92,15m,validation,0.525,867
5.0,2.0,710,0.383,0.6569,466.41,15m,validation,0.525,867
1.5,0.25,706,0.601,0.8789,620.54,15m,validation,0.55,867
1.5,0.5,706,0.592,0.8953,632.07,15m,validation,0.55,867
1.5,0.75,706,0.586,0.9069,640.26,15m,validation,0.55,867
1.5,1.0,706,0.581,0.9148,645.83,15m,validation,0.55,867
1.5,1.5,706,0.578,0.9249,652.95,15m,validation,0.55,867
1.5,2.0,706,0.578,0.9311,657.39,15m,validation,0.55,867
2.0,0.25,706,0.571,0.9607,678.23,15m,validation,0.55,867
2.0,0.5,706,0.557,0.9626,679.57,15m,validation,0.55,867
2.0,0.75,706,0.551,0.9693,684.3,15m,validation,0.55,867
2.0,1.0,706,0.544,0.9745,687.98,15m,validation,0.55,867
2.0,1.5,706,0.54,0.9815,692.97,15m,validation,0.55,867
2.0,2.0,706,0.535,0.9861,696.16,15m,validation,0.55,867
2.5,0.25,706,0.537,1.0347,730.53,15m,validation,0.55,867
2.5,0.5,706,0.511,0.9408,664.19,15m,validation,0.55,867
2.5,0.75,706,0.504,0.9282,655.31,15m,validation,0.55,867
2.5,1.0,706,0.497,0.9224,651.18,15m,validation,0.55,867
2.5,1.5,706,0.493,0.9166,647.15,15m,validation,0.55,867
2.5,2.0,706,0.489,0.9137,645.06,15m,validation,0.55,867
3.0,0.25,706,0.518,1.1944,843.26,15m,validation,0.55,867
3.0,0.5,706,0.49,1.0502,741.47,15m,validation,0.55,867
3.0,0.75,706,0.483,1.0278,725.62,15m,validation,0.55,867
3.0,1.0,706,0.475,1.0166,717.74,15m,validation,0.55,867
3.0,1.5,706,0.469,1.005,709.52,15m,validation,0.55,867
3.0,2.0,706,0.462,0.9986,705.02,15m,validation,0.55,867
3.5,0.25,706,0.506,1.1874,838.3,15m,validation,0.55,867
3.5,0.5,706,0.476,0.9792,691.28,15m,validation,0.55,867
3.5,0.75,706,0.466,0.9326,658.44,15m,validation,0.55,867
3.5,1.0,706,0.458,0.9091,641.82,15m,validation,0.55,867
3.5,1.5,706,0.446,0.8836,623.83,15m,validation,0.55,867
3.5,2.0,706,0.438,0.8692,613.65,15m,validation,0.55,867
4.0,0.25,706,0.493,1.1782,831.84,15m,validation,0.55,867
4.0,0.5,706,0.46,0.8903,628.52,15m,validation,0.55,867
4.0,0.75,706,0.449,0.8268,583.7,15m,validation,0.55,867
4.0,1.0,706,0.436,0.794,560.59,15m,validation,0.55,867
4.0,1.5,706,0.425,0.7582,535.26,15m,validation,0.55,867
4.0,2.0,706,0.415,0.7377,520.84,15m,validation,0.55,867
4.5,0.25,706,0.487,1.271,897.34,15m,validation,0.55,867
4.5,0.5,706,0.455,1.0087,712.16,15m,validation,0.55,867
4.5,0.75,706,0.443,0.9495,670.36,15m,validation,0.55,867
4.5,1.0,706,0.431,0.9072,640.47,15m,validation,0.55,867
4.5,1.5,706,0.418,0.8616,608.28,15m,validation,0.55,867
4.5,2.0,706,0.408,0.8359,590.16,15m,validation,0.55,867
5.0,0.25,706,0.477,1.2443,878.46,15m,validation,0.55,867
5.0,0.5,706,0.443,1.0039,708.75,15m,validation,0.55,867
5.0,0.75,706,0.432,0.9563,675.17,15m,validation,0.55,867
5.0,1.0,706,0.418,0.9205,649.87,15m,validation,0.55,867
5.0,1.5,706,0.405,0.8787,620.34,15m,validation,0.55,867
5.0,2.0,706,0.395,0.8553,603.87,15m,validation,0.55,867
1.5,0.25,704,0.595,0.9017,634.81,15m,validation,0.575,867
1.5,0.5,704,0.592,0.9145,643.83,15m,validation,0.575,867
1.5,0.75,704,0.585,0.9241,650.6,15m,validation,0.575,867
1.5,1.0,704,0.582,0.9308,655.27,15m,validation,0.575,867
1.5,1.5,704,0.58,0.9393,661.3,15m,validation,0.575,867
1.5,2.0,704,0.578,0.9447,665.1,15m,validation,0.575,867
2.0,0.25,704,0.568,1.0493,738.74,15m,validation,0.575,867
2.0,0.5,704,0.56,1.0578,744.72,15m,validation,0.575,867
2.0,0.75,704,0.551,1.067,751.14,15m,validation,0.575,867
2.0,1.0,704,0.547,1.0734,755.71,15m,validation,0.575,867
2.0,1.5,704,0.543,1.0819,761.65,15m,validation,0.575,867
2.0,2.0,704,0.538,1.0872,765.37,15m,validation,0.575,867
2.5,0.25,704,0.538,1.1078,779.9,15m,validation,0.575,867
2.5,0.5,704,0.521,1.0549,742.62,15m,validation,0.575,867
2.5,0.75,704,0.513,1.0459,736.3,15m,validation,0.575,867
2.5,1.0,704,0.507,1.0422,733.69,15m,validation,0.575,867
2.5,1.5,704,0.503,1.0389,731.38,15m,validation,0.575,867
2.5,2.0,704,0.499,1.0373,730.28,15m,validation,0.575,867
3.0,0.25,704,0.518,1.2499,879.94,15m,validation,0.575,867
3.0,0.5,704,0.494,1.1284,794.36,15m,validation,0.575,867
3.0,0.75,704,0.486,1.1081,780.12,15m,validation,0.575,867
3.0,1.0,704,0.48,1.098,772.99,15m,validation,0.575,867
3.0,1.5,704,0.474,1.0874,765.53,15m,validation,0.575,867
3.0,2.0,704,0.469,1.0816,761.45,15m,validation,0.575,867
3.5,0.25,704,0.503,1.2189,858.12,15m,validation,0.575,867
3.5,0.5,704,0.477,1.0168,715.8,15m,validation,0.575,867
3.5,0.75,704,0.467,0.972,684.28,15m,validation,0.575,867
3.5,1.0,704,0.46,0.9494,668.37,15m,validation,0.575,867
3.5,1.5,704,0.449,0.925,651.18,15m,validation,0.575,867
3.5,2.0,704,0.442,0.9112,641.47,15m,validation,0.575,867
4.0,0.25,704,0.489,1.1971,842.75,15m,validation,0.575,867
4.0,0.5,704,0.46,0.9043,636.6,15m,validation,0.575,867
4.0,0.75,704,0.449,0.8356,588.25,15m,validation,0.575,867
4.0,1.0,704,0.438,0.8001,563.3,15m,validation,0.575,867
4.0,1.5,704,0.425,0.7614,536.01,15m,validation,0.575,867
4.0,2.0,704,0.416,0.7394,520.53,15m,validation,0.575,867
4.5,0.25,704,0.484,1.2583,885.87,15m,validation,0.575,867
4.5,0.5,704,0.456,0.975,686.42,15m,validation,0.575,867
4.5,0.75,704,0.445,0.9084,639.53,15m,validation,0.575,867
4.5,1.0,704,0.433,0.8735,614.94,15m,validation,0.575,867
4.5,1.5,704,0.419,0.8347,587.66,15m,validation,0.575,867
4.5,2.0,704,0.411,0.8125,571.97,15m,validation,0.575,867
5.0,0.25,704,0.476,1.2716,895.22,15m,validation,0.575,867
5.0,0.5,704,0.446,1.0257,722.11,15m,validation,0.575,867
5.0,0.75,704,0.435,0.9711,683.67,15m,validation,0.575,867
5.0,1.0,704,0.423,0.9317,655.92,15m,validation,0.575,867
5.0,1.5,704,0.408,0.8859,623.66,15m,validation,0.575,867
5.0,2.0,704,0.399,0.8602,605.61,15m,validation,0.575,867
1.5,0.25,703,0.596,0.9619,676.2,15m,validation,0.6,867
1.5,0.5,703,0.592,0.9797,688.71,15m,validation,0.6,867
1.5,0.75,703,0.587,0.9912,696.83,15m,validation,0.6,867
1.5,1.0,703,0.585,0.999,702.27,15m,validation,0.6,867
1.5,1.5,703,0.583,1.0088,709.19,15m,validation,0.6,867
1.5,2.0,703,0.582,1.0149,713.5,15m,validation,0.6,867
2.0,0.25,703,0.573,1.1303,794.63,15m,validation,0.6,867
2.0,0.5,703,0.563,1.1435,803.91,15m,validation,0.6,867
2.0,0.75,703,0.558,1.1538,811.12,15m,validation,0.6,867
2.0,1.0,703,0.553,1.1608,816.07,15m,validation,0.6,867
2.0,1.5,703,0.553,1.1698,822.37,15m,validation,0.6,867
2.0,2.0,703,0.55,1.1753,826.25,15m,validation,0.6,867
2.5,0.25,703,0.543,1.1626,817.29,15m,validation,0.6,867
2.5,0.5,703,0.525,1.1389,800.61,15m,validation,0.6,867
2.5,0.75,703,0.519,1.135,797.93,15m,validation,0.6,867
2.5,1.0,703,0.514,1.1341,797.27,15m,validation,0.6,867
2.5,1.5,703,0.512,1.1339,797.15,15m,validation,0.6,867
2.5,2.0,703,0.509,1.1341,797.29,15m,validation,0.6,867
3.0,0.25,703,0.522,1.3102,921.08,15m,validation,0.6,867
3.0,0.5,703,0.498,1.2014,844.61,15m,validation,0.6,867
3.0,0.75,703,0.492,1.1824,831.2,15m,validation,0.6,867
3.0,1.0,703,0.486,1.1727,824.4,15m,validation,0.6,867
3.0,1.5,703,0.482,1.1625,817.26,15m,validation,0.6,867
3.0,2.0,703,0.478,1.157,813.34,15m,validation,0.6,867
3.5,0.25,703,0.506,1.3499,948.96,15m,validation,0.6,867
3.5,0.5,703,0.481,1.1565,813.04,15m,validation,0.6,867
3.5,0.75,703,0.474,1.1132,782.6,15m,validation,0.6,867
3.5,1.0,703,0.467,1.0912,767.1,15m,validation,0.6,867
3.5,1.5,703,0.458,1.0672,750.21,15m,validation,0.6,867
3.5,2.0,703,0.452,1.0535,740.6,15m,validation,0.6,867
4.0,0.25,703,0.491,1.3103,921.14,15m,validation,0.6,867
4.0,0.5,703,0.462,1.0382,729.89,15m,validation,0.6,867
4.0,0.75,703,0.454,0.9748,685.25,15m,validation,0.6,867
4.0,1.0,703,0.442,0.9421,662.27,15m,validation,0.6,867
4.0,1.5,703,0.432,0.9063,637.1,15m,validation,0.6,867
4.0,2.0,703,0.427,0.8859,622.76,15m,validation,0.6,867
4.5,0.25,703,0.486,1.3433,944.31,15m,validation,0.6,867
4.5,0.5,703,0.458,1.0666,749.83,15m,validation,0.6,867
4.5,0.75,703,0.45,1.0035,705.43,15m,validation,0.6,867
4.5,1.0,703,0.438,0.9707,682.43,15m,validation,0.6,867
4.5,1.5,703,0.428,0.9347,657.12,15m,validation,0.6,867
4.5,2.0,703,0.421,0.9142,642.66,15m,validation,0.6,867
5.0,0.25,703,0.478,1.3206,928.35,15m,validation,0.6,867
5.0,0.5,703,0.448,1.0693,751.74,15m,validation,0.6,867
5.0,0.75,703,0.44,1.0088,709.17,15m,validation,0.6,867
5.0,1.0,703,0.428,0.9663,679.33,15m,validation,0.6,867
5.0,1.5,703,0.415,0.9209,647.38,15m,validation,0.6,867
5.0,2.0,703,0.407,0.8954,629.44,15m,validation,0.6,867
1.5,0.25,701,0.603,1.0141,710.87,15m,validation,0.625,867
1.5,0.5,701,0.592,1.0342,725.01,15m,validation,0.625,867
1.5,0.75,701,0.592,1.0468,733.84,15m,validation,0.625,867
1.5,1.0,701,0.585,1.0552,739.71,15m,validation,0.625,867
1.5,1.5,701,0.585,1.0658,747.15,15m,validation,0.625,867
1.5,2.0,701,0.585,1.0724,751.78,15m,validation,0.625,867
2.0,0.25,701,0.579,1.1411,799.92,15m,validation,0.625,867
2.0,0.5,701,0.563,1.151,806.83,15m,validation,0.625,867
2.0,0.75,701,0.561,1.1599,813.08,15m,validation,0.625,867
2.0,1.0,701,0.553,1.1661,817.46,15m,validation,0.625,867
2.0,1.5,701,0.552,1.1741,823.07,15m,validation,0.625,867
2.0,2.0,701,0.552,1.179,826.51,15m,validation,0.625,867
2.5,0.25,701,0.555,1.2731,892.45,15m,validation,0.625,867
2.5,0.5,701,0.532,1.2534,878.65,15m,validation,0.625,867
2.5,0.75,701,0.529,1.2513,877.15,15m,validation,0.625,867
2.5,1.0,701,0.521,1.2514,877.2,15m,validation,0.625,867
2.5,1.5,701,0.518,1.2524,877.92,15m,validation,0.625,867
2.5,2.0,701,0.518,1.2533,878.58,15m,validation,0.625,867
3.0,0.25,701,0.526,1.3311,933.08,15m,validation,0.625,867
3.0,0.5,701,0.496,1.2188,854.36,15m,validation,0.625,867
3.0,0.75,701,0.494,1.199,840.47,15m,validation,0.625,867
3.0,1.0,701,0.485,1.189,833.46,15m,validation,0.625,867
3.0,1.5,701,0.479,1.1785,826.13,15m,validation,0.625,867
3.0,2.0,701,0.478,1.1728,822.13,15m,validation,0.625,867
3.5,0.25,701,0.511,1.3997,981.2,15m,validation,0.625,867
3.5,0.5,701,0.478,1.2165,852.76,15m,validation,0.625,867
3.5,0.75,701,0.474,1.1804,827.49,15m,validation,0.625,867
3.5,1.0,701,0.464,1.1619,814.47,15m,validation,0.625,867
3.5,1.5,701,0.456,1.1417,800.33,15m,validation,0.625,867
3.5,2.0,701,0.452,1.1302,792.3,15m,validation,0.625,867
4.0,0.25,701,0.499,1.3775,965.64,15m,validation,0.625,867
4.0,0.5,701,0.464,1.1439,801.9,15m,validation,0.625,867
4.0,0.75,701,0.459,1.0906,764.49,15m,validation,0.625,867
4.0,1.0,701,0.448,1.0624,744.75,15m,validation,0.625,867
4.0,1.5,701,0.439,1.0313,722.94,15m,validation,0.625,867
4.0,2.0,701,0.435,1.0134,710.43,15m,validation,0.625,867
4.5,0.25,701,0.491,1.3837,969.97,15m,validation,0.625,867
4.5,0.5,701,0.455,1.1018,772.38,15m,validation,0.625,867
4.5,0.75,701,0.449,1.0371,727.01,15m,validation,0.625,867
4.5,1.0,701,0.437,1.0031,703.17,15m,validation,0.625,867
4.5,1.5,701,0.427,0.9656,676.89,15m,validation,0.625,867
4.5,2.0,701,0.422,0.9442,661.88,15m,validation,0.625,867
5.0,0.25,701,0.488,1.4766,1035.11,15m,validation,0.625,867
5.0,0.5,701,0.451,1.2164,852.66,15m,validation,0.625,867
5.0,0.75,701,0.445,1.1556,810.08,15m,validation,0.625,867
5.0,1.0,701,0.432,1.1122,779.66,15m,validation,0.625,867
5.0,1.5,701,0.422,1.0653,746.76,15m,validation,0.625,867
5.0,2.0,701,0.417,1.0388,728.2,15m,validation,0.625,867
1.5,0.25,695,0.61,1.0534,732.11,15m,validation,0.65,867
1.5,0.5,695,0.597,1.078,749.18,15m,validation,0.65,867
1.5,0.75,695,0.594,1.0924,759.19,15m,validation,0.65,867
1.5,1.0,695,0.59,1.1018,765.72,15m,validation,0.65,867
1.5,1.5,695,0.588,1.1135,773.91,15m,validation,0.65,867
1.5,2.0,695,0.588,1.1208,778.95,15m,validation,0.65,867
2.0,0.25,695,0.583,1.2089,840.17,15m,validation,0.65,867
2.0,0.5,695,0.57,1.2258,851.95,15m,validation,0.65,867
2.0,0.75,695,0.565,1.2375,860.07,15m,validation,0.65,867
2.0,1.0,695,0.561,1.2454,865.54,15m,validation,0.65,867
2.0,1.5,695,0.557,1.2553,872.46,15m,validation,0.65,867
2.0,2.0,695,0.557,1.2615,876.71,15m,validation,0.65,867
2.5,0.25,695,0.557,1.2668,880.46,15m,validation,0.65,867
2.5,0.5,695,0.534,1.2525,870.46,15m,validation,0.65,867
2.5,0.75,695,0.529,1.2516,869.89,15m,validation,0.65,867
2.5,1.0,695,0.524,1.2524,870.39,15m,validation,0.65,867
2.5,1.5,695,0.519,1.2541,871.58,15m,validation,0.65,867
2.5,2.0,695,0.519,1.2554,872.47,15m,validation,0.65,867
3.0,0.25,695,0.528,1.2977,901.91,15m,validation,0.65,867
3.0,0.5,695,0.498,1.1912,827.89,15m,validation,0.65,867
3.0,0.75,695,0.492,1.1731,815.31,15m,validation,0.65,867
3.0,1.0,695,0.486,1.164,809.01,15m,validation,0.65,867
3.0,1.5,695,0.478,1.1546,802.44,15m,validation,0.65,867
3.0,2.0,695,0.476,1.1494,798.85,15m,validation,0.65,867
3.5,0.25,695,0.515,1.4191,986.28,15m,validation,0.65,867
3.5,0.5,695,0.483,1.2613,876.59,15m,validation,0.65,867
3.5,0.75,695,0.476,1.2333,857.17,15m,validation,0.65,867
3.5,1.0,695,0.469,1.2189,847.16,15m,validation,0.65,867
3.5,1.5,695,0.459,1.2034,836.38,15m,validation,0.65,867
3.5,2.0,695,0.455,1.1947,830.3,15m,validation,0.65,867
4.0,0.25,695,0.499,1.34,931.27,15m,validation,0.65,867
4.0,0.5,695,0.465,1.112,772.87,15m,validation,0.65,867
4.0,0.75,695,0.458,1.0598,736.54,15m,validation,0.65,867
4.0,1.0,695,0.447,1.032,717.25,15m,validation,0.65,867
4.0,1.5,695,0.436,1.0013,695.87,15m,validation,0.65,867
4.0,2.0,695,0.432,0.9836,683.59,15m,validation,0.65,867
4.5,0.25,695,0.492,1.3865,963.61,15m,validation,0.65,867
4.5,0.5,695,0.456,1.1103,771.63,15m,validation,0.65,867
4.5,0.75,695,0.447,1.0467,727.45,15m,validation,0.65,867
4.5,1.0,695,0.436,1.0132,704.17,15m,validation,0.65,867
4.5,1.5,695,0.423,0.9762,678.46,15m,validation,0.65,867
4.5,2.0,695,0.419,0.955,663.73,15m,validation,0.65,867
5.0,0.25,695,0.486,1.4139,982.68,15m,validation,0.65,867
5.0,0.5,695,0.449,1.1364,789.77,15m,validation,0.65,867
5.0,0.75,695,0.44,1.0659,740.78,15m,validation,0.65,867
5.0,1.0,695,0.429,1.0285,714.78,15m,validation,0.65,867
5.0,1.5,695,0.416,0.9869,685.89,15m,validation,0.65,867
5.0,2.0,695,0.41,0.963,669.28,15m,validation,0.65,867
1.5,0.25,692,0.611,1.0685,739.43,15m,validation,0.675,867
1.5,0.5,692,0.603,1.0954,758.04,15m,validation,0.675,867
1.5,0.75,692,0.6,1.1108,768.67,15m,validation,0.675,867
1.5,1.0,692,0.594,1.1207,775.54,15m,validation,0.675,867
1.5,1.5,692,0.588,1.1331,784.08,15m,validation,0.675,867
1.5,2.0,692,0.587,1.1406,789.29,15m,validation,0.675,867
2.0,0.25,692,0.587,1.2764,883.25,15m,validation,0.675,867
2.0,0.5,692,0.577,1.298,898.23,15m,validation,0.675,867
2.0,0.75,692,0.574,1.3117,907.68,15m,validation,0.675,867
2.0,1.0,692,0.569,1.3207,913.92,15m,validation,0.675,867
2.0,1.5,692,0.562,1.332,921.72,15m,validation,0.675,867
2.0,2.0,692,0.561,1.3388,926.47,15m,validation,0.675,867
2.5,0.25,692,0.564,1.3583,939.93,15m,validation,0.675,867
2.5,0.5,692,0.546,1.3564,938.62,15m,validation,0.675,867
2.5,0.75,692,0.542,1.3613,942.04,15m,validation,0.675,867
2.5,1.0,692,0.535,1.3654,944.86,15m,validation,0.675,867
2.5,1.5,692,0.529,1.371,948.75,15m,validation,0.675,867
2.5,2.0,692,0.527,1.3746,951.24,15m,validation,0.675,867
3.0,0.25,692,0.533,1.3842,957.84,15m,validation,0.675,867
3.0,0.5,692,0.51,1.3133,908.82,15m,validation,0.675,867
3.0,0.75,692,0.504,1.3006,900.02,15m,validation,0.675,867
3.0,1.0,692,0.497,1.2949,896.1,15m,validation,0.675,867
3.0,1.5,692,0.488,1.2895,892.34,15m,validation,0.675,867
3.0,2.0,692,0.484,1.2867,890.41,15m,validation,0.675,867
3.5,0.25,692,0.517,1.4422,997.99,15m,validation,0.675,867
3.5,0.5,692,0.49,1.3165,911.0,15m,validation,0.675,867
3.5,0.75,692,0.484,1.2917,893.86,15m,validation,0.675,867
3.5,1.0,692,0.474,1.2794,885.32,15m,validation,0.675,867
3.5,1.5,692,0.462,1.2663,876.28,15m,validation,0.675,867
3.5,2.0,692,0.457,1.259,871.24,15m,validation,0.675,867
4.0,0.25,692,0.506,1.4313,990.47,15m,validation,0.675,867
4.0,0.5,692,0.475,1.2258,848.25,15m,validation,0.675,867
4.0,0.75,692,0.47,1.1748,812.99,15m,validation,0.675,867
4.0,1.0,692,0.458,1.1483,794.63,15m,validation,0.675,867
4.0,1.5,692,0.445,1.1192,774.48,15m,validation,0.675,867
4.0,2.0,692,0.439,1.1026,762.99,15m,validation,0.675,867
4.5,0.25,692,0.494,1.4421,997.94,15m,validation,0.675,867
4.5,0.5,692,0.462,1.2132,839.51,15m,validation,0.675,867
4.5,0.75,692,0.455,1.1568,800.49,15m,validation,0.675,867
4.5,1.0,692,0.442,1.1274,780.14,15m,validation,0.675,867
4.5,1.5,692,0.428,1.095,757.72,15m,validation,0.675,867
4.5,2.0,692,0.422,1.0764,744.87,15m,validation,0.675,867
5.0,0.25,692,0.488,1.434,992.31,15m,validation,0.675,867
5.0,0.5,692,0.457,1.1685,808.61,15m,validation,0.675,867
5.0,0.75,692,0.448,1.0986,760.23,15m,validation,0.675,867
5.0,1.0,692,0.435,1.062,734.88,15m,validation,0.675,867
5.0,1.5,692,0.419,1.0216,706.92,15m,validation,0.675,867
5.0,2.0,692,0.412,0.9985,690.96,15m,validation,0.675,867
1.5,0.25,687,0.611,1.0375,712.73,15m,validation,0.7,867
1.5,0.5,687,0.604,1.0691,734.45,15m,validation,0.7,867
1.5,0.75,687,0.6,1.0865,746.43,15m,validation,0.7,867
1.5,1.0,687,0.598,1.0977,754.12,15m,validation,0.7,867
1.5,1.5,687,0.594,1.1116,763.65,15m,validation,0.7,867
1.5,2.0,687,0.594,1.1201,769.49,15m,validation,0.7,867
2.0,0.25,687,0.591,1.2113,832.15,15m,validation,0.7,867
2.0,0.5,687,0.581,1.2221,839.57,15m,validation,0.7,867
2.0,0.75,687,0.575,1.2309,845.63,15m,validation,0.7,867
2.0,1.0,687,0.575,1.2371,849.89,15m,validation,0.7,867
2.0,1.5,687,0.571,1.2452,855.47,15m,validation,0.7,867
2.0,2.0,687,0.571,1.2504,859.01,15m,validation,0.7,867
2.5,0.25,687,0.566,1.3823,949.67,15m,validation,0.7,867
2.5,0.5,687,0.549,1.377,945.97,15m,validation,0.7,867
2.5,0.75,687,0.54,1.3805,948.4,15m,validation,0.7,867
2.5,1.0,687,0.537,1.3838,950.64,15m,validation,0.7,867
2.5,1.5,687,0.534,1.3885,953.87,15m,validation,0.7,867
2.5,2.0,687,0.534,1.3915,955.97,15m,validation,0.7,867
3.0,0.25,687,0.537,1.3526,929.23,15m,validation,0.7,867
3.0,0.5,687,0.514,1.3035,895.53,15m,validation,0.7,867
3.0,0.75,687,0.504,1.2956,890.07,15m,validation,0.7,867
3.0,1.0,687,0.501,1.2925,887.91,15m,validation,0.7,867
3.0,1.5,687,0.496,1.2899,886.14,15m,validation,0.7,867
3.0,2.0,687,0.493,1.2887,885.37,15m,validation,0.7,867
3.5,0.25,687,0.518,1.4315,983.43,15m,validation,0.7,867
3.5,0.5,687,0.491,1.3349,917.09,15m,validation,0.7,867
3.5,0.75,687,0.48,1.3125,901.71,15m,validation,0.7,867
3.5,1.0,687,0.476,1.3014,894.05,15m,validation,0.7,867
3.5,1.5,687,0.47,1.2896,885.99,15m,validation,0.7,867
3.5,2.0,687,0.464,1.2831,881.51,15m,validation,0.7,867
4.0,0.25,687,0.511,1.5378,1056.45,15m,validation,0.7,867
4.0,0.5,687,0.48,1.3683,940.04,15m,validation,0.7,867
4.0,0.75,687,0.47,1.3281,912.43,15m,validation,0.7,867
4.0,1.0,687,0.463,1.3078,898.44,15m,validation,0.7,867
4.0,1.5,687,0.456,1.2859,883.4,15m,validation,0.7,867
4.0,2.0,687,0.45,1.2735,874.92,15m,validation,0.7,867
4.5,0.25,687,0.498,1.5034,1032.81,15m,validation,0.7,867
4.5,0.5,687,0.466,1.2931,888.39,15m,validation,0.7,867
4.5,0.75,687,0.454,1.2411,852.67,15m,validation,0.7,867
4.5,1.0,687,0.445,1.2143,834.2,15m,validation,0.7,867
4.5,1.5,687,0.437,1.1848,813.98,15m,validation,0.7,867
4.5,2.0,687,0.431,1.168,802.44,15m,validation,0.7,867
5.0,0.25,687,0.495,1.5384,1056.88,15m,validation,0.7,867
5.0,0.5,687,0.463,1.3393,920.08,15m,validation,0.7,867
5.0,0.75,687,0.45,1.2855,883.17,15m,validation,0.7,867
5.0,1.0,687,0.441,1.2578,864.14,15m,validation,0.7,867
5.0,1.5,687,0.432,1.2276,843.37,15m,validation,0.7,867
5.0,2.0,687,0.425,1.2104,831.56,15m,validation,0.7,867
1.5,0.25,645,0.594,1.3224,852.93,15m,holdout,0.3,776
1.5,0.5,645,0.581,1.2525,807.88,15m,holdout,0.3,776
1.5,0.75,645,0.569,1.1569,746.18,15m,holdout,0.3,776
1.5,1.0,645,0.566,1.1453,738.72,15m,holdout,0.3,776
1.5,1.5,645,0.563,1.1305,729.16,15m,holdout,0.3,776
1.5,2.0,645,0.561,1.1222,723.82,15m,holdout,0.3,776
2.0,0.25,645,0.552,1.4489,934.54,15m,holdout,0.3,776
2.0,0.5,645,0.532,1.3185,850.4,15m,holdout,0.3,776
2.0,0.75,645,0.515,1.1993,773.57,15m,holdout,0.3,776
2.0,1.0,645,0.509,1.1812,761.91,15m,holdout,0.3,776
2.0,1.5,645,0.504,1.1608,748.69,15m,holdout,0.3,776
2.0,2.0,645,0.502,1.1427,737.06,15m,holdout,0.3,776
2.5,0.25,645,0.532,1.7353,1119.27,15m,holdout,0.3,776
2.5,0.5,645,0.509,1.5246,983.34,15m,holdout,0.3,776
2.5,0.75,645,0.487,1.3858,893.85,15m,holdout,0.3,776
2.5,1.0,645,0.481,1.3568,875.17,15m,holdout,0.3,776
2.5,1.5,645,0.473,1.3271,855.95,15m,holdout,0.3,776
2.5,2.0,645,0.471,1.3065,842.72,15m,holdout,0.3,776
3.0,0.25,645,0.521,2.0254,1306.38,15m,holdout,0.3,776
3.0,0.5,645,0.498,1.8352,1183.71,15m,holdout,0.3,776
3.0,0.75,645,0.471,1.6731,1079.14,15m,holdout,0.3,776
3.0,1.0,645,0.464,1.6265,1049.08,15m,holdout,0.3,776
3.0,1.5,645,0.456,1.5704,1012.92,15m,holdout,0.3,776
3.0,2.0,645,0.453,1.5348,989.94,15m,holdout,0.3,776
3.5,0.25,645,0.507,2.1159,1364.76,15m,holdout,0.3,776
3.5,0.5,645,0.479,1.9938,1286.0,15m,holdout,0.3,776
3.5,0.75,645,0.453,1.8884,1218.02,15m,holdout,0.3,776
3.5,1.0,645,0.439,1.7908,1155.06,15m,holdout,0.3,776
3.5,1.5,645,0.431,1.6926,1091.73,15m,holdout,0.3,776
3.5,2.0,645,0.428,1.665,1073.9,15m,holdout,0.3,776
4.0,0.25,645,0.502,2.3344,1505.66,15m,holdout,0.3,776
4.0,0.5,645,0.473,2.3152,1493.3,15m,holdout,0.3,776
4.0,0.75,645,0.447,2.2146,1428.45,15m,holdout,0.3,776
4.0,1.0,645,0.433,2.1075,1359.37,15m,holdout,0.3,776
4.0,1.5,645,0.425,2.0008,1290.51,15m,holdout,0.3,776
4.0,2.0,645,0.422,1.9654,1267.66,15m,holdout,0.3,776
4.5,0.25,645,0.495,2.4892,1605.54,15m,holdout,0.3,776
4.5,0.5,645,0.464,2.4015,1548.98,15m,holdout,0.3,776
4.5,0.75,645,0.437,2.2767,1468.46,15m,holdout,0.3,776
4.5,1.0,645,0.423,2.1602,1393.32,15m,holdout,0.3,776
4.5,1.5,645,0.416,2.0486,1321.35,15m,holdout,0.3,776
4.5,2.0,645,0.412,2.0083,1295.33,15m,holdout,0.3,776
5.0,0.25,645,0.49,2.572,1658.95,15m,holdout,0.3,776
5.0,0.5,645,0.459,2.5767,1661.96,15m,holdout,0.3,776
5.0,0.75,645,0.433,2.4751,1596.45,15m,holdout,0.3,776
5.0,1.0,645,0.42,2.3536,1518.09,15m,holdout,0.3,776
5.0,1.5,645,0.412,2.241,1445.46,15m,holdout,0.3,776
5.0,2.0,645,0.409,2.2008,1419.51,15m,holdout,0.3,776
1.5,0.25,643,0.599,1.3354,858.67,15m,holdout,0.325,776
1.5,0.5,643,0.586,1.2726,818.28,15m,holdout,0.325,776
1.5,0.75,643,0.575,1.1804,758.97,15m,holdout,0.325,776
1.5,1.0,643,0.571,1.1695,751.96,15m,holdout,0.325,776
1.5,1.5,643,0.566,1.1557,743.09,15m,holdout,0.325,776
1.5,2.0,643,0.565,1.1481,738.22,15m,holdout,0.325,776
2.0,0.25,643,0.549,1.4701,945.27,15m,holdout,0.325,776
2.0,0.5,643,0.53,1.3441,864.23,15m,holdout,0.325,776
2.0,0.75,643,0.516,1.2293,790.44,15m,holdout,0.325,776
2.0,1.0,643,0.509,1.197,769.69,15m,holdout,0.325,776
2.0,1.5,643,0.504,1.1682,751.15,15m,holdout,0.325,776
2.0,2.0,643,0.502,1.1559,743.24,15m,holdout,0.325,776
2.5,0.25,643,0.53,1.7114,1100.45,15m,holdout,0.325,776
2.5,0.5,643,0.509,1.5301,983.86,15m,holdout,0.325,776
2.5,0.75,643,0.491,1.3846,890.32,15m,holdout,0.325,776
2.5,1.0,643,0.482,1.3521,869.39,15m,holdout,0.325,776
2.5,1.5,643,0.474,1.3157,846.01,15m,holdout,0.325,776
2.5,2.0,643,0.473,1.2888,828.68,15m,holdout,0.325,776
3.0,0.25,643,0.519,2.0269,1303.3,15m,holdout,0.325,776
3.0,0.5,643,0.498,1.8448,1186.18,15m,holdout,0.325,776
3.0,0.75,643,0.474,1.688,1085.39,15m,holdout,0.325,776
3.0,1.0,643,0.463,1.6441,1057.14,15m,holdout,0.325,776
3.0,1.5,643,0.456,1.5913,1023.2,15m,holdout,0.325,776
3.0,2.0,643,0.454,1.5576,1001.55,15m,holdout,0.325,776
3.5,0.25,643,0.507,2.1419,1377.23,15m,holdout,0.325,776
3.5,0.5,643,0.482,2.0263,1302.9,15m,holdout,0.325,776
3.5,0.75,643,0.457,1.9163,1232.15,15m,holdout,0.325,776
3.5,1.0,643,0.442,1.8162,1167.83,15m,holdout,0.325,776
3.5,1.5,643,0.434,1.7102,1099.66,15m,holdout,0.325,776
3.5,2.0,643,0.431,1.6621,1068.73,15m,holdout,0.325,776
4.0,0.25,643,0.501,2.3054,1482.34,15m,holdout,0.325,776
4.0,0.5,643,0.473,2.2767,1463.91,15m,holdout,0.325,776
4.0,0.75,643,0.448,2.1755,1398.86,15m,holdout,0.325,776
4.0,1.0,643,0.431,2.0674,1329.31,15m,holdout,0.325,776
4.0,1.5,643,0.423,1.9596,1260.04,15m,holdout,0.325,776
4.0,2.0,643,0.42,1.9235,1236.81,15m,holdout,0.325,776
4.5,0.25,643,0.493,2.4581,1580.54,15m,holdout,0.325,776
4.5,0.5,643,0.463,2.3522,1512.46,15m,holdout,0.325,776
4.5,0.75,643,0.439,2.2291,1433.3,15m,holdout,0.325,776
4.5,1.0,643,0.421,2.1122,1358.13,15m,holdout,0.325,776
4.5,1.5,643,0.414,2.0022,1287.39,15m,holdout,0.325,776
4.5,2.0,643,0.411,1.9627,1262.02,15m,holdout,0.325,776
5.0,0.25,643,0.49,2.5904,1665.63,15m,holdout,0.325,776
5.0,0.5,643,0.46,2.588,1664.07,15m,holdout,0.325,776
5.0,0.75,643,0.435,2.5053,1610.9,15m,holdout,0.325,776
5.0,1.0,643,0.418,2.3945,1539.69,15m,holdout,0.325,776
5.0,1.5,643,0.411,2.2813,1466.9,15m,holdout,0.325,776
5.0,2.0,643,0.407,2.2427,1442.06,15m,holdout,0.325,776
1.5,0.25,643,0.594,1.2175,782.83,15m,holdout,0.35,776
1.5,0.5,643,0.582,1.1464,737.13,15m,holdout,0.35,776
1.5,0.75,643,0.572,1.0503,675.37,15m,holdout,0.35,776
1.5,1.0,643,0.568,1.0361,666.22,15m,holdout,0.35,776
1.5,1.5,643,0.565,1.0184,654.82,15m,holdout,0.35,776
1.5,2.0,643,0.561,1.0085,648.48,15m,holdout,0.35,776
2.0,0.25,643,0.554,1.5032,966.54,15m,holdout,0.35,776
2.0,0.5,643,0.535,1.3655,878.01,15m,holdout,0.35,776
2.0,0.75,643,0.523,1.2463,801.37,15m,holdout,0.35,776
2.0,1.0,643,0.516,1.2111,778.73,15m,holdout,0.35,776
2.0,1.5,643,0.509,1.1789,758.04,15m,holdout,0.35,776
2.0,2.0,643,0.505,1.1648,748.98,15m,holdout,0.35,776
2.5,0.25,643,0.529,1.672,1075.07,15m,holdout,0.35,776
2.5,0.5,643,0.507,1.4823,953.11,15m,holdout,0.35,776
2.5,0.75,643,0.493,1.3362,859.19,15m,holdout,0.35,776
2.5,1.0,643,0.485,1.3023,837.41,15m,holdout,0.35,776
2.5,1.5,643,0.474,1.2645,813.09,15m,holdout,0.35,776
2.5,2.0,643,0.471,1.2367,795.23,15m,holdout,0.35,776
3.0,0.25,643,0.519,1.9865,1277.3,15m,holdout,0.35,776
3.0,0.5,643,0.498,1.7899,1150.87,15m,holdout,0.35,776
3.0,0.75,643,0.477,1.6178,1040.24,15m,holdout,0.35,776
3.0,1.0,643,0.467,1.5632,1005.14,15m,holdout,0.35,776
3.0,1.5,643,0.456,1.5097,970.76,15m,holdout,0.35,776
3.0,2.0,643,0.453,1.4773,949.9,15m,holdout,0.35,776
3.5,0.25,643,0.505,2.1002,1350.42,15m,holdout,0.35,776
3.5,0.5,643,0.479,1.9604,1260.55,15m,holdout,0.35,776
3.5,0.75,643,0.457,1.8117,1164.92,15m,holdout,0.35,776
3.5,1.0,643,0.445,1.7536,1127.54,15m,holdout,0.35,776
3.5,1.5,643,0.432,1.6561,1064.86,15m,holdout,0.35,776
3.5,2.0,643,0.429,1.6097,1035.03,15m,holdout,0.35,776
4.0,0.25,643,0.499,2.2761,1463.5,15m,holdout,0.35,776
4.0,0.5,643,0.47,2.2263,1431.5,15m,holdout,0.35,776
4.0,0.75,643,0.448,2.1076,1355.17,15m,holdout,0.35,776
4.0,1.0,643,0.434,1.9989,1285.29,15m,holdout,0.35,776
4.0,1.5,643,0.421,1.8914,1216.19,15m,holdout,0.35,776
4.0,2.0,643,0.418,1.8553,1192.93,15m,holdout,0.35,776
4.5,0.25,643,0.491,2.4113,1550.47,15m,holdout,0.35,776
4.5,0.5,643,0.46,2.3021,1480.22,15m,holdout,0.35,776
4.5,0.75,643,0.439,2.2096,1420.77,15m,holdout,0.35,776
4.5,1.0,643,0.425,2.1008,1350.79,15m,holdout,0.35,776
4.5,1.5,643,0.412,2.0021,1287.38,15m,holdout,0.35,776
4.5,2.0,643,0.409,1.9684,1265.71,15m,holdout,0.35,776
5.0,0.25,643,0.487,2.5174,1618.7,15m,holdout,0.35,776
5.0,0.5,643,0.456,2.4928,1602.88,15m,holdout,0.35,776
5.0,0.75,643,0.434,2.4105,1549.95,15m,holdout,0.35,776
5.0,1.0,643,0.42,2.3122,1486.78,15m,holdout,0.35,776
5.0,1.5,643,0.407,2.2014,1415.47,15m,holdout,0.35,776
5.0,2.0,643,0.404,2.1626,1390.58,15m,holdout,0.35,776
1.5,0.25,640,0.592,1.1795,754.91,15m,holdout,0.375,776
1.5,0.5,640,0.583,1.1303,723.42,15m,holdout,0.375,776
1.5,0.75,640,0.572,1.0362,663.17,15m,holdout,0.375,776
1.5,1.0,640,0.569,1.0222,654.22,15m,holdout,0.375,776
1.5,1.5,640,0.566,1.0049,643.15,15m,holdout,0.375,776
1.5,2.0,640,0.566,0.9954,637.04,15m,holdout,0.375,776
2.0,0.25,640,0.561,1.5858,1014.94,15m,holdout,0.375,776
2.0,0.5,640,0.545,1.4363,919.22,15m,holdout,0.375,776
2.0,0.75,640,0.531,1.3078,836.96,15m,holdout,0.375,776
2.0,1.0,640,0.525,1.2773,817.49,15m,holdout,0.375,776
2.0,1.5,640,0.517,1.2412,794.34,15m,holdout,0.375,776
2.0,2.0,640,0.516,1.2204,781.04,15m,holdout,0.375,776
2.5,0.25,640,0.533,1.7343,1109.95,15m,holdout,0.375,776
2.5,0.5,640,0.514,1.5692,1004.29,15m,holdout,0.375,776
2.5,0.75,640,0.497,1.4334,917.35,15m,holdout,0.375,776
2.5,1.0,640,0.489,1.4041,898.61,15m,holdout,0.375,776
2.5,1.5,640,0.478,1.3715,877.74,15m,holdout,0.375,776
2.5,2.0,640,0.477,1.3467,861.88,15m,holdout,0.375,776
3.0,0.25,640,0.52,1.9854,1270.63,15m,holdout,0.375,776
3.0,0.5,640,0.502,1.7792,1138.68,15m,holdout,0.375,776
3.0,0.75,640,0.481,1.6139,1032.9,15m,holdout,0.375,776
3.0,1.0,640,0.469,1.5707,1005.25,15m,holdout,0.375,776
3.0,1.5,640,0.458,1.5285,978.23,15m,holdout,0.375,776
3.0,2.0,640,0.456,1.502,961.27,15m,holdout,0.375,776
3.5,0.25,640,0.505,2.1638,1384.82,15m,holdout,0.375,776
3.5,0.5,640,0.484,2.0255,1296.3,15m,holdout,0.375,776
3.5,0.75,640,0.462,1.8752,1200.16,15m,holdout,0.375,776
3.5,1.0,640,0.448,1.8182,1163.65,15m,holdout,0.375,776
3.5,1.5,640,0.438,1.7217,1101.9,15m,holdout,0.375,776
3.5,2.0,640,0.436,1.6748,1071.87,15m,holdout,0.375,776
4.0,0.25,640,0.498,2.3085,1477.44,15m,holdout,0.375,776
4.0,0.5,640,0.473,2.2537,1442.38,15m,holdout,0.375,776
4.0,0.75,640,0.45,2.1331,1365.19,15m,holdout,0.375,776
4.0,1.0,640,0.434,2.0245,1295.66,15m,holdout,0.375,776
4.0,1.5,640,0.423,1.9173,1227.09,15m,holdout,0.375,776
4.0,2.0,640,0.422,1.8813,1204.02,15m,holdout,0.375,776
4.5,0.25,640,0.492,2.505,1603.2,15m,holdout,0.375,776
4.5,0.5,640,0.466,2.4088,1541.65,15m,holdout,0.375,776
4.5,0.75,640,0.442,2.322,1486.09,15m,holdout,0.375,776
4.5,1.0,640,0.427,2.2128,1416.21,15m,holdout,0.375,776
4.5,1.5,640,0.416,2.114,1352.95,15m,holdout,0.375,776
4.5,2.0,640,0.414,2.0808,1331.7,15m,holdout,0.375,776
5.0,0.25,640,0.488,2.6168,1674.75,15m,holdout,0.375,776
5.0,0.5,640,0.461,2.6309,1683.77,15m,holdout,0.375,776
5.0,0.75,640,0.438,2.5591,1637.82,15m,holdout,0.375,776
5.0,1.0,640,0.422,2.4657,1578.05,15m,holdout,0.375,776
5.0,1.5,640,0.411,2.3598,1510.28,15m,holdout,0.375,776
5.0,2.0,640,0.409,2.3238,1487.26,15m,holdout,0.375,776
1.5,0.25,640,0.594,1.1806,755.59,15m,holdout,0.4,776
1.5,0.5,640,0.583,1.118,715.5,15m,holdout,0.4,776
1.5,0.75,640,0.577,1.0884,696.55,15m,holdout,0.4,776
1.5,1.0,640,0.572,1.0757,688.48,15m,holdout,0.4,776
1.5,1.5,640,0.569,1.0629,680.24,15m,holdout,0.4,776
1.5,2.0,640,0.569,1.056,675.84,15m,holdout,0.4,776
2.0,0.25,640,0.564,1.5843,1013.98,15m,holdout,0.4,776
2.0,0.5,640,0.545,1.4621,935.77,15m,holdout,0.4,776
2.0,0.75,640,0.536,1.3435,859.83,15m,holdout,0.4,776
2.0,1.0,640,0.527,1.3176,843.25,15m,holdout,0.4,776
2.0,1.5,640,0.522,1.2866,823.42,15m,holdout,0.4,776
2.0,2.0,640,0.519,1.2688,812.05,15m,holdout,0.4,776
2.5,0.25,640,0.536,1.6958,1085.31,15m,holdout,0.4,776
2.5,0.5,640,0.511,1.5555,995.55,15m,holdout,0.4,776
2.5,0.75,640,0.498,1.4343,917.93,15m,holdout,0.4,776
2.5,1.0,640,0.488,1.413,904.29,15m,holdout,0.4,776
2.5,1.5,640,0.481,1.3703,877.02,15m,holdout,0.4,776
2.5,2.0,640,0.478,1.3413,858.46,15m,holdout,0.4,776
3.0,0.25,640,0.525,1.939,1240.94,15m,holdout,0.4,776
3.0,0.5,640,0.5,1.7698,1132.68,15m,holdout,0.4,776
3.0,0.75,640,0.483,1.6279,1041.85,15m,holdout,0.4,776
3.0,1.0,640,0.467,1.5954,1021.05,15m,holdout,0.4,776
3.0,1.5,640,0.461,1.5623,999.87,15m,holdout,0.4,776
3.0,2.0,640,0.455,1.5333,981.32,15m,holdout,0.4,776
3.5,0.25,640,0.509,2.1618,1383.57,15m,holdout,0.4,776
3.5,0.5,640,0.483,2.057,1316.51,15m,holdout,0.4,776
3.5,0.75,640,0.464,1.9111,1223.1,15m,holdout,0.4,776
3.5,1.0,640,0.448,1.8541,1186.61,15m,holdout,0.4,776
3.5,1.5,640,0.442,1.7719,1134.0,15m,holdout,0.4,776
3.5,2.0,640,0.436,1.7245,1103.67,15m,holdout,0.4,776
4.0,0.25,640,0.505,2.3331,1493.16,15m,holdout,0.4,776
4.0,0.5,640,0.475,2.3314,1492.08,15m,holdout,0.4,776
4.0,0.75,640,0.453,2.231,1427.81,15m,holdout,0.4,776
4.0,1.0,640,0.436,2.1244,1359.61,15m,holdout,0.4,776
4.0,1.5,640,0.43,2.0303,1299.41,15m,holdout,0.4,776
4.0,2.0,640,0.423,1.9971,1278.14,15m,holdout,0.4,776
4.5,0.25,640,0.497,2.4782,1586.02,15m,holdout,0.4,776
4.5,0.5,640,0.462,2.3875,1528.02,15m,holdout,0.4,776
4.5,0.75,640,0.441,2.3037,1474.36,15m,holdout,0.4,776
4.5,1.0,640,0.423,2.1883,1400.53,15m,holdout,0.4,776
4.5,1.5,640,0.417,2.0836,1333.49,15m,holdout,0.4,776
4.5,2.0,640,0.411,2.045,1308.78,15m,holdout,0.4,776
5.0,0.25,640,0.492,2.5586,1637.5,15m,holdout,0.4,776
5.0,0.5,640,0.458,2.5674,1643.15,15m,holdout,0.4,776
5.0,0.75,640,0.436,2.5025,1601.59,15m,holdout,0.4,776
5.0,1.0,640,0.419,2.4067,1540.31,15m,holdout,0.4,776
5.0,1.5,640,0.412,2.299,1471.34,15m,holdout,0.4,776
5.0,2.0,640,0.406,2.2603,1446.62,15m,holdout,0.4,776
1.5,0.25,640,0.591,1.1466,733.83,15m,holdout,0.425,776
1.5,0.5,640,0.583,1.092,698.87,15m,holdout,0.425,776
1.5,0.75,640,0.575,1.0657,682.04,15m,holdout,0.425,776
1.5,1.0,640,0.569,1.055,675.21,15m,holdout,0.425,776
1.5,1.5,640,0.567,1.0444,668.4,15m,holdout,0.425,776
1.5,2.0,640,0.566,1.0387,664.79,15m,holdout,0.425,776
2.0,0.25,640,0.561,1.5558,995.7,15m,holdout,0.425,776
2.0,0.5,640,0.545,1.4353,918.6,15m,holdout,0.425,776
2.0,0.75,640,0.536,1.3237,847.17,15m,holdout,0.425,776
2.0,1.0,640,0.523,1.3005,832.34,15m,holdout,0.425,776
2.0,1.5,640,0.522,1.2736,815.13,15m,holdout,0.425,776
2.0,2.0,640,0.517,1.2587,805.56,15m,holdout,0.425,776
2.5,0.25,640,0.534,1.6332,1045.25,15m,holdout,0.425,776
2.5,0.5,640,0.517,1.4966,957.8,15m,holdout,0.425,776
2.5,0.75,640,0.502,1.3792,882.72,15m,holdout,0.425,776
2.5,1.0,640,0.488,1.3595,870.07,15m,holdout,0.425,776
2.5,1.5,640,0.483,1.319,844.17,15m,holdout,0.425,776
2.5,2.0,640,0.478,1.2913,826.46,15m,holdout,0.425,776
3.0,0.25,640,0.527,1.9265,1232.93,15m,holdout,0.425,776
3.0,0.5,640,0.508,1.7854,1142.67,15m,holdout,0.425,776
3.0,0.75,640,0.488,1.6435,1051.83,15m,holdout,0.425,776
3.0,1.0,640,0.47,1.6104,1030.65,15m,holdout,0.425,776
3.0,1.5,640,0.466,1.5778,1009.77,15m,holdout,0.425,776
3.0,2.0,640,0.458,1.5491,991.41,15m,holdout,0.425,776
3.5,0.25,640,0.509,2.1141,1353.03,15m,holdout,0.425,776
3.5,0.5,640,0.488,1.9978,1278.61,15m,holdout,0.425,776
3.5,0.75,640,0.466,1.8505,1184.34,15m,holdout,0.425,776
3.5,1.0,640,0.447,1.7899,1145.53,15m,holdout,0.425,776
3.5,1.5,640,0.442,1.7331,1109.19,15m,holdout,0.425,776
3.5,2.0,640,0.434,1.6925,1083.19,15m,holdout,0.425,776
4.0,0.25,640,0.506,2.2795,1458.88,15m,holdout,0.425,776
4.0,0.5,640,0.483,2.2495,1439.65,15m,holdout,0.425,776
4.0,0.75,640,0.458,2.1493,1375.58,15m,holdout,0.425,776
4.0,1.0,640,0.438,2.0511,1312.71,15m,holdout,0.425,776
4.0,1.5,640,0.433,1.9599,1254.34,15m,holdout,0.425,776
4.0,2.0,640,0.425,1.9107,1222.84,15m,holdout,0.425,776
4.5,0.25,640,0.497,2.4233,1550.89,15m,holdout,0.425,776
4.5,0.5,640,0.467,2.3104,1478.65,15m,holdout,0.425,776
4.5,0.75,640,0.442,2.2376,1432.08,15m,holdout,0.425,776
4.5,1.0,640,0.422,2.1379,1368.23,15m,holdout,0.425,776
4.5,1.5,640,0.417,2.0442,1308.31,15m,holdout,0.425,776
4.5,2.0,640,0.409,2.0106,1286.79,15m,holdout,0.425,776
5.0,0.25,640,0.494,2.5234,1614.98,15m,holdout,0.425,776
5.0,0.5,640,0.464,2.4853,1590.62,15m,holdout,0.425,776
5.0,0.75,640,0.439,2.4095,1542.07,15m,holdout,0.425,776
5.0,1.0,640,0.419,2.3052,1475.32,15m,holdout,0.425,776
5.0,1.5,640,0.414,2.1921,1402.96,15m,holdout,0.425,776
5.0,2.0,640,0.406,2.1512,1376.78,15m,holdout,0.425,776
1.5,0.25,638,0.596,1.2606,804.27,15m,holdout,0.45,776
1.5,0.5,638,0.588,1.2086,771.11,15m,holdout,0.45,776
1.5,0.75,638,0.578,1.1826,754.52,15m,holdout,0.45,776
1.5,1.0,638,0.574,1.172,747.75,15m,holdout,0.45,776
1.5,1.5,638,0.569,1.1613,740.93,15m,holdout,0.45,776
1.5,2.0,638,0.567,1.1556,737.27,15m,holdout,0.45,776
2.0,0.25,638,0.567,1.6093,1026.74,15m,holdout,0.45,776
2.0,0.5,638,0.553,1.5118,964.56,15m,holdout,0.45,776
2.0,0.75,638,0.542,1.4059,896.95,15m,holdout,0.45,776
2.0,1.0,638,0.533,1.3852,883.77,15m,holdout,0.45,776
2.0,1.5,638,0.527,1.3615,868.62,15m,holdout,0.45,776
2.0,2.0,638,0.525,1.3485,860.33,15m,holdout,0.45,776
2.5,0.25,638,0.536,1.6369,1044.33,15m,holdout,0.45,776
2.5,0.5,638,0.517,1.5046,959.96,15m,holdout,0.45,776
2.5,0.75,638,0.5,1.3933,888.93,15m,holdout,0.45,776
2.5,1.0,638,0.489,1.3771,878.58,15m,holdout,0.45,776
2.5,1.5,638,0.48,1.3383,853.82,15m,holdout,0.45,776
2.5,2.0,638,0.478,1.3135,838.0,15m,holdout,0.45,776
3.0,0.25,638,0.528,1.9369,1235.74,15m,holdout,0.45,776
3.0,0.5,638,0.508,1.8047,1151.41,15m,holdout,0.45,776
3.0,0.75,638,0.487,1.6684,1064.42,15m,holdout,0.45,776
3.0,1.0,638,0.475,1.6368,1044.25,15m,holdout,0.45,776
3.0,1.5,638,0.464,1.5976,1019.3,15m,holdout,0.45,776
3.0,2.0,638,0.461,1.5639,997.74,15m,holdout,0.45,776
3.5,0.25,638,0.513,2.0862,1331.01,15m,holdout,0.45,776
3.5,0.5,638,0.489,1.9778,1261.85,15m,holdout,0.45,776
3.5,0.75,638,0.466,1.8181,1159.96,15m,holdout,0.45,776
3.5,1.0,638,0.451,1.768,1127.99,15m,holdout,0.45,776
3.5,1.5,638,0.44,1.7159,1094.74,15m,holdout,0.45,776
3.5,2.0,638,0.437,1.6792,1071.33,15m,holdout,0.45,776
4.0,0.25,638,0.511,2.2533,1437.59,15m,holdout,0.45,776
4.0,0.5,638,0.486,2.2157,1413.63,15m,holdout,0.45,776
4.0,0.75,638,0.461,2.12,1352.55,15m,holdout,0.45,776
4.0,1.0,638,0.444,2.0231,1290.72,15m,holdout,0.45,776
4.0,1.5,638,0.433,1.9303,1231.53,15m,holdout,0.45,776
4.0,2.0,638,0.429,1.8819,1200.65,15m,holdout,0.45,776
4.5,0.25,638,0.498,2.3508,1499.8,15m,holdout,0.45,776
4.5,0.5,638,0.47,2.366,1509.53,15m,holdout,0.45,776
4.5,0.75,638,0.444,2.2835,1456.9,15m,holdout,0.45,776
4.5,1.0,638,0.426,2.1791,1390.24,15m,holdout,0.45,776
4.5,1.5,638,0.415,2.0833,1329.13,15m,holdout,0.45,776
4.5,2.0,638,0.412,2.0488,1307.16,15m,holdout,0.45,776
5.0,0.25,638,0.495,2.4803,1582.41,15m,holdout,0.45,776
5.0,0.5,638,0.466,2.4211,1544.67,15m,holdout,0.45,776
5.0,0.75,638,0.439,2.3603,1505.86,15m,holdout,0.45,776
5.0,1.0,638,0.422,2.2626,1443.51,15m,holdout,0.45,776
5.0,1.5,638,0.411,2.1692,1383.98,15m,holdout,0.45,776
5.0,2.0,638,0.408,2.137,1363.41,15m,holdout,0.45,776
1.5,0.25,636,0.597,1.2855,817.58,15m,holdout,0.475,776
1.5,0.5,636,0.588,1.2405,788.99,15m,holdout,0.475,776
1.5,0.75,636,0.58,1.231,782.91,15m,holdout,0.475,776
1.5,1.0,636,0.574,1.2269,780.33,15m,holdout,0.475,776
1.5,1.5,636,0.568,1.2232,777.98,15m,holdout,0.475,776
1.5,2.0,636,0.566,1.2215,776.85,15m,holdout,0.475,776
2.0,0.25,636,0.572,1.5957,1014.85,15m,holdout,0.475,776
2.0,0.5,636,0.558,1.5078,958.93,15m,holdout,0.475,776
2.0,0.75,636,0.547,1.4088,896.03,15m,holdout,0.475,776
2.0,1.0,636,0.536,1.3908,884.53,15m,holdout,0.475,776
2.0,1.5,636,0.528,1.3699,871.28,15m,holdout,0.475,776
2.0,2.0,636,0.527,1.3587,864.11,15m,holdout,0.475,776
2.5,0.25,636,0.539,1.6287,1035.87,15m,holdout,0.475,776
2.5,0.5,636,0.52,1.5055,957.48,15m,holdout,0.475,776
2.5,0.75,636,0.505,1.3881,882.85,15m,holdout,0.475,776
2.5,1.0,636,0.492,1.3516,859.62,15m,holdout,0.475,776
2.5,1.5,636,0.484,1.3116,834.19,15m,holdout,0.475,776
2.5,2.0,636,0.48,1.2894,820.08,15m,holdout,0.475,776
3.0,0.25,636,0.531,1.896,1205.88,15m,holdout,0.475,776
3.0,0.5,636,0.511,1.7684,1124.73,15m,holdout,0.475,776
3.0,0.75,636,0.492,1.6401,1043.12,15m,holdout,0.475,776
3.0,1.0,636,0.476,1.6145,1026.79,15m,holdout,0.475,776
3.0,1.5,636,0.467,1.5828,1006.66,15m,holdout,0.475,776
3.0,2.0,636,0.461,1.5534,987.96,15m,holdout,0.475,776
3.5,0.25,636,0.516,2.0635,1312.41,15m,holdout,0.475,776
3.5,0.5,636,0.494,1.9617,1247.65,15m,holdout,0.475,776
3.5,0.75,636,0.472,1.8099,1151.13,15m,holdout,0.475,776
3.5,1.0,636,0.456,1.7637,1121.69,15m,holdout,0.475,776
3.5,1.5,636,0.445,1.7162,1091.52,15m,holdout,0.475,776
3.5,2.0,636,0.439,1.6822,1069.91,15m,holdout,0.475,776
4.0,0.25,636,0.511,2.1971,1397.32,15m,holdout,0.475,776
4.0,0.5,636,0.487,2.1486,1366.52,15m,holdout,0.475,776
4.0,0.75,636,0.465,2.0193,1284.26,15m,holdout,0.475,776
4.0,1.0,636,0.447,1.9662,1250.48,15m,holdout,0.475,776
4.0,1.5,636,0.434,1.8864,1199.78,15m,holdout,0.475,776
4.0,2.0,636,0.428,1.8426,1171.91,15m,holdout,0.475,776
4.5,0.25,636,0.502,2.3543,1497.31,15m,holdout,0.475,776
4.5,0.5,636,0.476,2.374,1509.89,15m,holdout,0.475,776
4.5,0.75,636,0.453,2.2928,1458.21,15m,holdout,0.475,776
4.5,1.0,636,0.434,2.189,1392.2,15m,holdout,0.475,776
4.5,1.5,636,0.421,2.0962,1333.18,15m,holdout,0.475,776
4.5,2.0,636,0.415,2.0641,1312.77,15m,holdout,0.475,776
5.0,0.25,636,0.495,2.445,1555.0,15m,holdout,0.475,776
5.0,0.5,636,0.467,2.3704,1507.57,15m,holdout,0.475,776
5.0,0.75,636,0.443,2.3121,1470.48,15m,holdout,0.475,776
5.0,1.0,636,0.425,2.215,1408.73,15m,holdout,0.475,776
5.0,1.5,636,0.412,2.1242,1350.97,15m,holdout,0.475,776
5.0,2.0,636,0.406,2.0938,1331.63,15m,holdout,0.475,776
1.5,0.25,631,0.61,1.3827,872.5,15m,holdout,0.5,776
1.5,0.5,631,0.601,1.347,849.97,15m,holdout,0.5,776
1.5,0.75,631,0.593,1.3391,844.98,15m,holdout,0.5,776
1.5,1.0,631,0.588,1.3358,842.86,15m,holdout,0.5,776
1.5,1.5,631,0.58,1.3328,840.99,15m,holdout,0.5,776
1.5,2.0,631,0.58,1.3314,840.14,15m,holdout,0.5,776
2.0,0.25,631,0.58,1.6237,1024.57,15m,holdout,0.5,776
2.0,0.5,631,0.566,1.5418,972.86,15m,holdout,0.5,776
2.0,0.75,631,0.553,1.4443,911.35,15m,holdout,0.5,776
2.0,1.0,631,0.545,1.4263,900.0,15m,holdout,0.5,776
2.0,1.5,631,0.537,1.4056,886.9,15m,holdout,0.5,776
2.0,2.0,631,0.536,1.3943,879.82,15m,holdout,0.5,776
2.5,0.25,631,0.55,1.8103,1142.27,15m,holdout,0.5,776
2.5,0.5,631,0.531,1.6844,1062.83,15m,holdout,0.5,776
2.5,0.75,631,0.513,1.566,988.16,15m,holdout,0.5,776
2.5,1.0,631,0.504,1.5285,964.49,15m,holdout,0.5,776
2.5,1.5,631,0.494,1.4875,938.63,15m,holdout,0.5,776
2.5,2.0,631,0.49,1.4647,924.25,15m,holdout,0.5,776
3.0,0.25,631,0.537,1.9727,1244.79,15m,holdout,0.5,776
3.0,0.5,631,0.517,1.8463,1165.01,15m,holdout,0.5,776
3.0,0.75,631,0.496,1.719,1084.68,15m,holdout,0.5,776
3.0,1.0,631,0.485,1.6935,1068.61,15m,holdout,0.5,776
3.0,1.5,631,0.474,1.6624,1048.97,15m,holdout,0.5,776
3.0,2.0,631,0.468,1.6333,1030.62,15m,holdout,0.5,776
3.5,0.25,631,0.52,2.1508,1357.14,15m,holdout,0.5,776
3.5,0.5,631,0.499,2.0721,1307.48,15m,holdout,0.5,776
3.5,0.75,631,0.475,1.936,1221.62,15m,holdout,0.5,776
3.5,1.0,631,0.464,1.8973,1197.19,15m,holdout,0.5,776
3.5,1.5,631,0.453,1.8582,1172.55,15m,holdout,0.5,776
3.5,2.0,631,0.447,1.8289,1154.04,15m,holdout,0.5,776
4.0,0.25,631,0.515,2.2493,1419.29,15m,holdout,0.5,776
4.0,0.5,631,0.491,2.1857,1379.16,15m,holdout,0.5,776
4.0,0.75,631,0.468,2.0491,1293.0,15m,holdout,0.5,776
4.0,1.0,631,0.455,1.9942,1258.31,15m,holdout,0.5,776
4.0,1.5,631,0.441,1.9126,1206.86,15m,holdout,0.5,776
4.0,2.0,631,0.434,1.8678,1178.59,15m,holdout,0.5,776
4.5,0.25,631,0.509,2.3845,1504.6,15m,holdout,0.5,776
4.5,0.5,631,0.483,2.4146,1523.64,15m,holdout,0.5,776
4.5,0.75,631,0.458,2.3199,1463.84,15m,holdout,0.5,776
4.5,1.0,631,0.444,2.216,1398.31,15m,holdout,0.5,776
4.5,1.5,631,0.429,2.1174,1336.05,15m,holdout,0.5,776
4.5,2.0,631,0.423,2.0666,1304.03,15m,holdout,0.5,776
5.0,0.25,631,0.502,2.525,1593.29,15m,holdout,0.5,776
5.0,0.5,631,0.472,2.424,1529.52,15m,holdout,0.5,776
5.0,0.75,631,0.447,2.3533,1484.93,15m,holdout,0.5,776
5.0,1.0,631,0.433,2.243,1415.36,15m,holdout,0.5,776
5.0,1.5,631,0.418,2.143,1352.25,15m,holdout,0.5,776
5.0,2.0,631,0.412,2.1073,1329.7,15m,holdout,0.5,776
1.5,0.25,628,0.608,1.4719,924.35,15m,holdout,0.525,776
1.5,0.5,628,0.599,1.4394,903.93,15m,holdout,0.525,776
1.5,0.75,628,0.596,1.4337,900.39,15m,holdout,0.525,776
1.5,1.0,628,0.588,1.4321,899.39,15m,holdout,0.525,776
1.5,1.5,628,0.58,1.4315,899.0,15m,holdout,0.525,776
1.5,2.0,628,0.58,1.4317,899.09,15m,holdout,0.525,776
2.0,0.25,628,0.578,1.6067,1008.99,15m,holdout,0.525,776
2.0,0.5,628,0.561,1.5337,963.19,15m,holdout,0.525,776
2.0,0.75,628,0.556,1.4408,904.82,15m,holdout,0.525,776
2.0,1.0,628,0.545,1.425,894.87,15m,holdout,0.525,776
2.0,1.5,628,0.537,1.4068,883.5,15m,holdout,0.525,776
2.0,2.0,628,0.537,1.3972,877.43,15m,holdout,0.525,776
2.5,0.25,628,0.548,1.8038,1132.78,15m,holdout,0.525,776
2.5,0.5,628,0.529,1.6674,1047.13,15m,holdout,0.525,776
2.5,0.75,628,0.518,1.5438,969.49,15m,holdout,0.525,776
2.5,1.0,628,0.503,1.5125,949.87,15m,holdout,0.525,776
2.5,1.5,628,0.495,1.4777,927.99,15m,holdout,0.525,776
2.5,2.0,628,0.492,1.4585,915.97,15m,holdout,0.525,776
3.0,0.25,628,0.535,1.9426,1219.97,15m,holdout,0.525,776
3.0,0.5,628,0.514,1.8196,1142.7,15m,holdout,0.525,776
3.0,0.75,628,0.5,1.6969,1065.62,15m,holdout,0.525,776
3.0,1.0,628,0.484,1.6736,1050.99,15m,holdout,0.525,776
3.0,1.5,628,0.473,1.6453,1033.22,15m,holdout,0.525,776
3.0,2.0,628,0.468,1.6179,1016.01,15m,holdout,0.525,776
3.5,0.25,628,0.521,2.1496,1349.92,15m,holdout,0.525,776
3.5,0.5,628,0.5,2.0489,1286.74,15m,holdout,0.525,776
3.5,0.75,628,0.482,1.9038,1195.57,15m,holdout,0.525,776
3.5,1.0,628,0.467,1.866,1171.88,15m,holdout,0.525,776
3.5,1.5,628,0.454,1.825,1146.08,15m,holdout,0.525,776
3.5,2.0,628,0.449,1.7912,1124.85,15m,holdout,0.525,776
4.0,0.25,628,0.511,2.2202,1394.29,15m,holdout,0.525,776
4.0,0.5,628,0.489,2.1617,1357.56,15m,holdout,0.525,776
4.0,0.75,628,0.471,2.0296,1274.62,15m,holdout,0.525,776
4.0,1.0,628,0.454,1.9769,1241.48,15m,holdout,0.525,776
4.0,1.5,628,0.438,1.8925,1188.5,15m,holdout,0.525,776
4.0,2.0,628,0.433,1.8489,1161.11,15m,holdout,0.525,776
4.5,0.25,628,0.506,2.3245,1459.79,15m,holdout,0.525,776
4.5,0.5,628,0.481,2.3317,1464.3,15m,holdout,0.525,776
4.5,0.75,628,0.463,2.2438,1409.08,15m,holdout,0.525,776
4.5,1.0,628,0.444,2.1415,1344.86,15m,holdout,0.525,776
4.5,1.5,628,0.428,2.0437,1283.44,15m,holdout,0.525,776
4.5,2.0,628,0.424,1.9932,1251.75,15m,holdout,0.525,776
5.0,0.25,628,0.5,2.495,1566.88,15m,holdout,0.525,776
5.0,0.5,628,0.471,2.3934,1503.07,15m,holdout,0.525,776
5.0,0.75,628,0.452,2.3156,1454.18,15m,holdout,0.525,776
5.0,1.0,628,0.433,2.2025,1383.16,15m,holdout,0.525,776
5.0,1.5,628,0.417,2.1016,1319.81,15m,holdout,0.525,776
5.0,2.0,628,0.412,2.0652,1296.94,15m,holdout,0.525,776
1.5,0.25,627,0.609,1.3572,850.96,15m,holdout,0.55,776
1.5,0.5,627,0.6,1.3404,840.43,15m,holdout,0.55,776
1.5,0.75,627,0.595,1.3419,841.4,15m,holdout,0.55,776
1.5,1.0,627,0.59,1.3447,843.12,15m,holdout,0.55,776
1.5,1.5,627,0.585,1.3493,846.03,15m,holdout,0.55,776
1.5,2.0,627,0.581,1.3526,848.11,15m,holdout,0.55,776
2.0,0.25,627,0.576,1.4725,923.25,15m,holdout,0.55,776
2.0,0.5,627,0.561,1.3993,877.34,15m,holdout,0.55,776
2.0,0.75,627,0.553,1.3709,859.57,15m,holdout,0.55,776
2.0,1.0,627,0.545,1.3604,852.94,15m,holdout,0.55,776
2.0,1.5,627,0.539,1.3507,846.86,15m,holdout,0.55,776
2.0,2.0,627,0.534,1.346,843.92,15m,holdout,0.55,776
2.5,0.25,627,0.545,1.6794,1052.96,15m,holdout,0.55,776
2.5,0.5,627,0.53,1.5773,988.98,15m,holdout,0.55,776
2.5,0.75,627,0.514,1.4696,921.47,15m,holdout,0.55,776
2.5,1.0,627,0.504,1.4466,907.0,15m,holdout,0.55,776
2.5,1.5,627,0.498,1.4212,891.08,15m,holdout,0.55,776
2.5,2.0,627,0.491,1.4076,882.59,15m,holdout,0.55,776
3.0,0.25,627,0.534,1.806,1132.36,15m,holdout,0.55,776
3.0,0.5,627,0.518,1.6962,1063.5,15m,holdout,0.55,776
3.0,0.75,627,0.498,1.5833,992.75,15m,holdout,0.55,776
3.0,1.0,627,0.485,1.5637,980.44,15m,holdout,0.55,776
3.0,1.5,627,0.477,1.5177,951.59,15m,holdout,0.55,776
3.0,2.0,627,0.467,1.4854,931.33,15m,holdout,0.55,776
3.5,0.25,627,0.518,1.9822,1242.82,15m,holdout,0.55,776
3.5,0.5,627,0.501,1.8816,1179.73,15m,holdout,0.55,776
3.5,0.75,627,0.478,1.7391,1090.42,15m,holdout,0.55,776
3.5,1.0,627,0.466,1.7029,1067.71,15m,holdout,0.55,776
3.5,1.5,627,0.456,1.6638,1043.23,15m,holdout,0.55,776
3.5,2.0,627,0.447,1.6312,1022.77,15m,holdout,0.55,776
4.0,0.25,627,0.509,2.0765,1301.96,15m,holdout,0.55,776
4.0,0.5,627,0.49,1.9869,1245.77,15m,holdout,0.55,776
4.0,0.75,627,0.467,1.8516,1160.94,15m,holdout,0.55,776
4.0,1.0,627,0.455,1.7952,1125.61,15m,holdout,0.55,776
4.0,1.5,627,0.442,1.7369,1089.05,15m,holdout,0.55,776
4.0,2.0,627,0.432,1.7006,1066.27,15m,holdout,0.55,776
4.5,0.25,627,0.506,2.1837,1369.18,15m,holdout,0.55,776
4.5,0.5,627,0.485,2.1684,1359.58,15m,holdout,0.55,776
4.5,0.75,627,0.463,2.0765,1301.97,15m,holdout,0.55,776
4.5,1.0,627,0.447,1.9747,1238.11,15m,holdout,0.55,776
4.5,1.5,627,0.434,1.8773,1177.04,15m,holdout,0.55,776
4.5,2.0,627,0.424,1.8271,1145.57,15m,holdout,0.55,776
5.0,0.25,627,0.499,2.3803,1492.44,15m,holdout,0.55,776
5.0,0.5,627,0.474,2.2595,1416.73,15m,holdout,0.55,776
5.0,0.75,627,0.45,2.1783,1365.8,15m,holdout,0.55,776
5.0,1.0,627,0.434,2.0666,1295.75,15m,holdout,0.55,776
5.0,1.5,627,0.421,1.9672,1233.43,15m,holdout,0.55,776
5.0,2.0,627,0.411,1.9317,1211.17,15m,holdout,0.55,776
1.5,0.25,624,0.615,1.3941,869.9,15m,holdout,0.575,776
1.5,0.5,624,0.607,1.384,863.63,15m,holdout,0.575,776
1.5,0.75,624,0.601,1.3883,866.32,15m,holdout,0.575,776
1.5,1.0,624,0.595,1.3927,869.05,15m,holdout,0.575,776
1.5,1.5,624,0.591,1.3992,873.12,15m,holdout,0.575,776
1.5,2.0,624,0.588,1.4037,875.89,15m,holdout,0.575,776
2.0,0.25,624,0.583,1.5292,954.24,15m,holdout,0.575,776
2.0,0.5,624,0.571,1.4585,910.1,15m,holdout,0.575,776
2.0,0.75,624,0.562,1.4313,893.15,15m,holdout,0.575,776
2.0,1.0,624,0.554,1.4216,887.05,15m,holdout,0.575,776
2.0,1.5,624,0.548,1.4129,881.64,15m,holdout,0.575,776
2.0,2.0,624,0.545,1.4088,879.1,15m,holdout,0.575,776
2.5,0.25,624,0.553,1.7436,1087.98,15m,holdout,0.575,776
2.5,0.5,624,0.54,1.6477,1028.14,15m,holdout,0.575,776
2.5,0.75,624,0.524,1.5433,963.03,15m,holdout,0.575,776
2.5,1.0,624,0.514,1.5208,949.0,15m,holdout,0.575,776
2.5,1.5,624,0.506,1.4961,933.56,15m,holdout,0.575,776
2.5,2.0,624,0.502,1.4829,925.36,15m,holdout,0.575,776
3.0,0.25,624,0.538,1.8233,1137.75,15m,holdout,0.575,776
3.0,0.5,624,0.526,1.7165,1071.08,15m,holdout,0.575,776
3.0,0.75,624,0.505,1.603,1000.26,15m,holdout,0.575,776
3.0,1.0,624,0.494,1.5693,979.27,15m,holdout,0.575,776
3.0,1.5,624,0.482,1.5162,946.08,15m,holdout,0.575,776
3.0,2.0,624,0.478,1.4887,928.95,15m,holdout,0.575,776
3.5,0.25,624,0.526,1.996,1245.49,15m,holdout,0.575,776
3.5,0.5,624,0.511,1.8788,1172.37,15m,holdout,0.575,776
3.5,0.75,624,0.487,1.7379,1084.42,15m,holdout,0.575,776
3.5,1.0,624,0.476,1.7018,1061.94,15m,holdout,0.575,776
3.5,1.5,624,0.463,1.663,1037.72,15m,holdout,0.575,776
3.5,2.0,624,0.458,1.6304,1017.39,15m,holdout,0.575,776
4.0,0.25,624,0.513,2.1901,1366.64,15m,holdout,0.575,776
4.0,0.5,624,0.498,2.1592,1347.32,15m,holdout,0.575,776
4.0,0.75,624,0.474,2.0384,1271.98,15m,holdout,0.575,776
4.0,1.0,624,0.463,1.989,1241.16,15m,holdout,0.575,776
4.0,1.5,624,0.45,1.9384,1209.59,15m,holdout,0.575,776
4.0,2.0,624,0.446,1.9065,1189.63,15m,holdout,0.575,776
4.5,0.25,624,0.51,2.2271,1389.74,15m,holdout,0.575,776
4.5,0.5,624,0.492,2.1583,1346.78,15m,holdout,0.575,776
4.5,0.75,624,0.468,2.0331,1268.67,15m,holdout,0.575,776
4.5,1.0,624,0.455,1.9729,1231.08,15m,holdout,0.575,776
4.5,1.5,624,0.438,1.887,1177.46,15m,holdout,0.575,776
4.5,2.0,624,0.433,1.8403,1148.32,15m,holdout,0.575,776
5.0,0.25,624,0.503,2.4088,1503.09,15m,holdout,0.575,776
5.0,0.5,624,0.482,2.4421,1523.86,15m,holdout,0.575,776
5.0,0.75,624,0.457,2.3651,1475.81,15m,holdout,0.575,776
5.0,1.0,624,0.444,2.2633,1412.3,15m,holdout,0.575,776
5.0,1.5,624,0.426,2.1642,1350.45,15m,holdout,0.575,776
5.0,2.0,624,0.421,2.1133,1318.72,15m,holdout,0.575,776
1.5,0.25,618,0.617,1.3076,808.11,15m,holdout,0.6,776
1.5,0.5,618,0.608,1.2915,798.16,15m,holdout,0.6,776
1.5,0.75,618,0.6,1.2928,798.95,15m,holdout,0.6,776
1.5,1.0,618,0.595,1.2953,800.48,15m,holdout,0.6,776
1.5,1.5,618,0.591,1.2995,803.1,15m,holdout,0.6,776
1.5,2.0,618,0.591,1.3026,804.98,15m,holdout,0.6,776
2.0,0.25,618,0.587,1.5249,942.4,15m,holdout,0.6,776
2.0,0.5,618,0.573,1.4394,889.55,15m,holdout,0.6,776
2.0,0.75,618,0.563,1.4033,867.25,15m,holdout,0.6,776
2.0,1.0,618,0.557,1.3883,857.97,15m,holdout,0.6,776
2.0,1.5,618,0.549,1.3735,848.84,15m,holdout,0.6,776
2.0,2.0,618,0.549,1.3659,844.13,15m,holdout,0.6,776
2.5,0.25,618,0.553,1.6419,1014.69,15m,holdout,0.6,776
2.5,0.5,618,0.539,1.5467,955.87,15m,holdout,0.6,776
2.5,0.75,618,0.521,1.4364,887.71,15m,holdout,0.6,776
2.5,1.0,618,0.513,1.4091,870.82,15m,holdout,0.6,776
2.5,1.5,618,0.505,1.3788,852.11,15m,holdout,0.6,776
2.5,2.0,618,0.505,1.3624,841.94,15m,holdout,0.6,776
3.0,0.25,618,0.539,1.7462,1079.17,15m,holdout,0.6,776
3.0,0.5,618,0.524,1.6121,996.25,15m,holdout,0.6,776
3.0,0.75,618,0.503,1.4749,911.47,15m,holdout,0.6,776
3.0,1.0,618,0.494,1.4223,878.97,15m,holdout,0.6,776
3.0,1.5,618,0.484,1.3657,844.01,15m,holdout,0.6,776
3.0,2.0,618,0.484,1.3347,824.84,15m,holdout,0.6,776
3.5,0.25,618,0.529,1.8795,1161.54,15m,holdout,0.6,776
3.5,0.5,618,0.513,1.7423,1076.76,15m,holdout,0.6,776
3.5,0.75,618,0.492,1.5977,987.35,15m,holdout,0.6,776
3.5,1.0,618,0.476,1.5577,962.64,15m,holdout,0.6,776
3.5,1.5,618,0.466,1.5121,934.45,15m,holdout,0.6,776
3.5,2.0,618,0.464,1.4744,911.15,15m,holdout,0.6,776
4.0,0.25,618,0.515,2.0674,1277.65,15m,holdout,0.6,776
4.0,0.5,618,0.498,2.0063,1239.92,15m,holdout,0.6,776
4.0,0.75,618,0.477,1.8549,1146.34,15m,holdout,0.6,776
4.0,1.0,618,0.461,1.8019,1113.56,15m,holdout,0.6,776
4.0,1.5,618,0.451,1.7442,1077.91,15m,holdout,0.6,776
4.0,2.0,618,0.45,1.7005,1050.92,15m,holdout,0.6,776
4.5,0.25,618,0.508,2.1024,1299.27,15m,holdout,0.6,776
4.5,0.5,618,0.489,2.0115,1243.1,15m,holdout,0.6,776
4.5,0.75,618,0.468,1.8683,1154.62,15m,holdout,0.6,776
4.5,1.0,618,0.451,1.7957,1109.75,15m,holdout,0.6,776
4.5,1.5,618,0.435,1.6844,1040.94,15m,holdout,0.6,776
4.5,2.0,618,0.434,1.6216,1002.15,15m,holdout,0.6,776
5.0,0.25,618,0.503,2.1823,1348.66,15m,holdout,0.6,776
5.0,0.5,618,0.482,2.19,1353.41,15m,holdout,0.6,776
5.0,0.75,618,0.46,2.1091,1303.43,15m,holdout,0.6,776
5.0,1.0,618,0.443,1.9938,1232.16,15m,holdout,0.6,776
5.0,1.5,618,0.427,1.8724,1157.14,15m,holdout,0.6,776
5.0,2.0,618,0.426,1.8046,1115.25,15m,holdout,0.6,776
1.5,0.25,617,0.618,1.3485,832.0,15m,holdout,0.625,776
1.5,0.5,617,0.609,1.3376,825.29,15m,holdout,0.625,776
1.5,0.75,617,0.6,1.3418,827.89,15m,holdout,0.625,776
1.5,1.0,617,0.595,1.3462,830.61,15m,holdout,0.625,776
1.5,1.5,617,0.592,1.3528,834.71,15m,holdout,0.625,776
1.5,2.0,617,0.59,1.3574,837.49,15m,holdout,0.625,776
2.0,0.25,617,0.592,1.5493,955.89,15m,holdout,0.625,776
2.0,0.5,617,0.575,1.4726,908.6,15m,holdout,0.625,776
2.0,0.75,617,0.564,1.441,889.1,15m,holdout,0.625,776
2.0,1.0,617,0.558,1.4288,881.55,15m,holdout,0.625,776
2.0,1.5,617,0.551,1.4173,874.46,15m,holdout,0.625,776
2.0,2.0,617,0.549,1.4115,870.92,15m,holdout,0.625,776
2.5,0.25,617,0.564,1.6799,1036.5,15m,holdout,0.625,776
2.5,0.5,617,0.549,1.5799,974.83,15m,holdout,0.625,776
2.5,0.75,617,0.532,1.5297,943.81,15m,holdout,0.625,776
2.5,1.0,617,0.522,1.5072,929.92,15m,holdout,0.625,776
2.5,1.5,617,0.515,1.4841,915.67,15m,holdout,0.625,776
2.5,2.0,617,0.514,1.4717,908.02,15m,holdout,0.625,776
3.0,0.25,617,0.543,1.8034,1112.72,15m,holdout,0.625,776
3.0,0.5,617,0.528,1.6505,1018.35,15m,holdout,0.625,776
3.0,0.75,617,0.506,1.5148,934.63,15m,holdout,0.625,776
3.0,1.0,617,0.494,1.4742,909.61,15m,holdout,0.625,776
3.0,1.5,617,0.486,1.4297,882.11,15m,holdout,0.625,776
3.0,2.0,617,0.485,1.4051,866.92,15m,holdout,0.625,776
3.5,0.25,617,0.532,1.8791,1159.41,15m,holdout,0.625,776
3.5,0.5,617,0.515,1.7387,1072.81,15m,holdout,0.625,776
3.5,0.75,617,0.493,1.5925,982.58,15m,holdout,0.625,776
3.5,1.0,617,0.475,1.5526,957.97,15m,holdout,0.625,776
3.5,1.5,617,0.465,1.5016,926.49,15m,holdout,0.625,776
3.5,2.0,617,0.462,1.4574,899.23,15m,holdout,0.625,776
4.0,0.25,617,0.517,2.0303,1252.67,15m,holdout,0.625,776
4.0,0.5,617,0.499,1.933,1192.64,15m,holdout,0.625,776
4.0,0.75,617,0.476,1.7839,1100.69,15m,holdout,0.625,776
4.0,1.0,617,0.459,1.7447,1076.46,15m,holdout,0.625,776
4.0,1.5,617,0.449,1.6994,1048.5,15m,holdout,0.625,776
4.0,2.0,617,0.446,1.662,1025.47,15m,holdout,0.625,776
4.5,0.25,617,0.512,2.0969,1293.81,15m,holdout,0.625,776
4.5,0.5,617,0.491,2.0296,1252.27,15m,holdout,0.625,776
4.5,0.75,617,0.468,1.8974,1170.72,15m,holdout,0.625,776
4.5,1.0,617,0.451,1.8345,1131.88,15m,holdout,0.625,776
4.5,1.5,617,0.438,1.7321,1068.73,15m,holdout,0.625,776
4.5,2.0,617,0.434,1.6741,1032.92,15m,holdout,0.625,776
5.0,0.25,617,0.507,2.2147,1366.45,15m,holdout,0.625,776
5.0,0.5,617,0.486,2.1984,1356.44,15m,holdout,0.625,776
5.0,0.75,617,0.464,2.1075,1300.31,15m,holdout,0.625,776
5.0,1.0,617,0.446,1.9989,1233.34,15m,holdout,0.625,776
5.0,1.5,617,0.431,1.8843,1162.61,15m,holdout,0.625,776
5.0,2.0,617,0.426,1.8198,1122.83,15m,holdout,0.625,776
1.5,0.25,613,0.615,1.2472,764.52,15m,holdout,0.65,776
1.5,0.5,613,0.605,1.2416,761.12,15m,holdout,0.65,776
1.5,0.75,613,0.597,1.2485,765.3,15m,holdout,0.65,776
1.5,1.0,613,0.591,1.2545,769.01,15m,holdout,0.65,776
1.5,1.5,613,0.586,1.2632,774.32,15m,holdout,0.65,776
1.5,2.0,613,0.584,1.2689,777.85,15m,holdout,0.65,776
2.0,0.25,613,0.592,1.4728,902.82,15m,holdout,0.65,776
2.0,0.5,613,0.577,1.4094,863.99,15m,holdout,0.65,776
2.0,0.75,613,0.568,1.3836,848.16,15m,holdout,0.65,776
2.0,1.0,613,0.56,1.3749,842.79,15m,holdout,0.65,776
2.0,1.5,613,0.553,1.3675,838.28,15m,holdout,0.65,776
2.0,2.0,613,0.55,1.3642,836.28,15m,holdout,0.65,776
2.5,0.25,613,0.566,1.5221,933.03,15m,holdout,0.65,776
2.5,0.5,613,0.548,1.4235,872.6,15m,holdout,0.65,776
2.5,0.75,613,0.533,1.3816,846.9,15m,holdout,0.65,776
2.5,1.0,613,0.524,1.3637,835.93,15m,holdout,0.65,776
2.5,1.5,613,0.515,1.3459,825.01,15m,holdout,0.65,776
2.5,2.0,613,0.512,1.3365,819.29,15m,holdout,0.65,776
3.0,0.25,613,0.543,1.7433,1068.66,15m,holdout,0.65,776
3.0,0.5,613,0.525,1.6147,989.79,15m,holdout,0.65,776
3.0,0.75,613,0.506,1.4887,912.57,15m,holdout,0.65,776
3.0,1.0,613,0.494,1.4531,890.77,15m,holdout,0.65,776
3.0,1.5,613,0.486,1.4145,867.1,15m,holdout,0.65,776
3.0,2.0,613,0.483,1.3935,854.21,15m,holdout,0.65,776
3.5,0.25,613,0.533,1.882,1153.69,15m,holdout,0.65,776
3.5,0.5,613,0.515,1.7375,1065.07,15m,holdout,0.65,776
3.5,0.75,613,0.496,1.5957,978.17,15m,holdout,0.65,776
3.5,1.0,613,0.481,1.5449,947.0,15m,holdout,0.65,776
3.5,1.5,613,0.473,1.4722,902.46,15m,holdout,0.65,776
3.5,2.0,613,0.467,1.4334,878.68,15m,holdout,0.65,776
4.0,0.25,613,0.522,1.9934,1221.94,15m,holdout,0.65,776
4.0,0.5,613,0.501,1.8809,1152.98,15m,holdout,0.65,776
4.0,0.75,613,0.481,1.7349,1063.48,15m,holdout,0.65,776
4.0,1.0,613,0.465,1.6968,1040.12,15m,holdout,0.65,776
4.0,1.5,613,0.457,1.6531,1013.33,15m,holdout,0.65,776
4.0,2.0,613,0.449,1.6166,990.97,15m,holdout,0.65,776
4.5,0.25,613,0.514,2.0881,1279.99,15m,holdout,0.65,776
4.5,0.5,613,0.493,2.0387,1249.73,15m,holdout,0.65,776
4.5,0.75,613,0.473,1.9162,1174.65,15m,holdout,0.65,776
4.5,1.0,613,0.457,1.8585,1139.24,15m,holdout,0.65,776
4.5,1.5,613,0.445,1.7623,1080.29,15m,holdout,0.65,776
4.5,2.0,613,0.437,1.7079,1046.94,15m,holdout,0.65,776
5.0,0.25,613,0.507,2.1522,1319.3,15m,holdout,0.65,776
5.0,0.5,613,0.483,2.118,1298.36,15m,holdout,0.65,776
5.0,0.75,613,0.463,2.0155,1235.48,15m,holdout,0.65,776
5.0,1.0,613,0.447,1.9053,1167.97,15m,holdout,0.65,776
5.0,1.5,613,0.434,1.7897,1097.09,15m,holdout,0.65,776
5.0,2.0,613,0.424,1.725,1057.42,15m,holdout,0.65,776
1.5,0.25,611,0.619,1.315,803.45,15m,holdout,0.675,776
1.5,0.5,611,0.607,1.3107,800.84,15m,holdout,0.675,776
1.5,0.75,611,0.601,1.3179,805.27,15m,holdout,0.675,776
1.5,1.0,611,0.596,1.3242,809.11,15m,holdout,0.675,776
1.5,1.5,611,0.591,1.3332,814.57,15m,holdout,0.675,776
1.5,2.0,611,0.591,1.3391,818.19,15m,holdout,0.675,776
2.0,0.25,611,0.592,1.5139,924.96,15m,holdout,0.675,776
2.0,0.5,611,0.578,1.4451,882.94,15m,holdout,0.675,776
2.0,0.75,611,0.57,1.4312,874.48,15m,holdout,0.675,776
2.0,1.0,611,0.563,1.426,871.27,15m,holdout,0.675,776
2.0,1.5,611,0.556,1.4218,868.75,15m,holdout,0.675,776
2.0,2.0,611,0.555,1.4202,867.73,15m,holdout,0.675,776
2.5,0.25,611,0.568,1.5823,966.77,15m,holdout,0.675,776
2.5,0.5,611,0.548,1.4883,909.35,15m,holdout,0.675,776
2.5,0.75,611,0.534,1.4481,884.76,15m,holdout,0.675,776
2.5,1.0,611,0.525,1.4312,874.44,15m,holdout,0.675,776
2.5,1.5,611,0.519,1.4145,864.27,15m,holdout,0.675,776
2.5,2.0,611,0.517,1.4059,859.0,15m,holdout,0.675,776
3.0,0.25,611,0.547,1.7817,1088.65,15m,holdout,0.675,776
3.0,0.5,611,0.527,1.6653,1017.5,15m,holdout,0.675,776
3.0,0.75,611,0.509,1.5445,943.67,15m,holdout,0.675,776
3.0,1.0,611,0.499,1.5111,923.31,15m,holdout,0.675,776
3.0,1.5,611,0.493,1.4753,901.38,15m,holdout,0.675,776
3.0,2.0,611,0.489,1.4559,889.53,15m,holdout,0.675,776
3.5,0.25,611,0.535,1.891,1155.42,15m,holdout,0.675,776
3.5,0.5,611,0.516,1.7605,1075.66,15m,holdout,0.675,776
3.5,0.75,611,0.498,1.6247,992.69,15m,holdout,0.675,776
3.5,1.0,611,0.484,1.5765,963.24,15m,holdout,0.675,776
3.5,1.5,611,0.478,1.5069,920.7,15m,holdout,0.675,776
3.5,2.0,611,0.473,1.4698,898.05,15m,holdout,0.675,776
4.0,0.25,611,0.529,2.0996,1282.87,15m,holdout,0.675,776
4.0,0.5,611,0.506,1.9982,1220.92,15m,holdout,0.675,776
4.0,0.75,611,0.488,1.8483,1129.34,15m,holdout,0.675,776
4.0,1.0,611,0.471,1.8048,1102.72,15m,holdout,0.675,776
4.0,1.5,611,0.465,1.7512,1070.01,15m,holdout,0.675,776
4.0,2.0,611,0.457,1.7059,1042.33,15m,holdout,0.675,776
4.5,0.25,611,0.516,2.1889,1337.4,15m,holdout,0.675,776
4.5,0.5,611,0.493,2.1442,1310.09,15m,holdout,0.675,776
4.5,0.75,611,0.475,2.0158,1231.67,15m,holdout,0.675,776
4.5,1.0,611,0.458,1.9516,1192.4,15m,holdout,0.675,776
4.5,1.5,611,0.45,1.8795,1148.38,15m,holdout,0.675,776
4.5,2.0,611,0.442,1.8313,1118.91,15m,holdout,0.675,776
5.0,0.25,611,0.511,2.2191,1355.84,15m,holdout,0.675,776
5.0,0.5,611,0.484,2.1948,1341.0,15m,holdout,0.675,776
5.0,0.75,611,0.466,2.0677,1263.35,15m,holdout,0.675,776
5.0,1.0,611,0.45,2.0058,1225.53,15m,holdout,0.675,776
5.0,1.5,611,0.439,1.9046,1163.71,15m,holdout,0.675,776
5.0,2.0,611,0.43,1.8471,1128.58,15m,holdout,0.675,776
1.5,0.25,611,0.622,1.2651,772.97,15m,holdout,0.7,776
1.5,0.5,611,0.609,1.2701,776.05,15m,holdout,0.7,776
1.5,0.75,611,0.604,1.2807,782.48,15m,holdout,0.7,776
1.5,1.0,611,0.596,1.2888,787.43,15m,holdout,0.7,776
1.5,1.5,611,0.592,1.2997,794.15,15m,holdout,0.7,776
1.5,2.0,611,0.589,1.3068,798.48,15m,holdout,0.7,776
2.0,0.25,611,0.592,1.4735,900.29,15m,holdout,0.7,776
2.0,0.5,611,0.579,1.412,862.72,15m,holdout,0.7,776
2.0,0.75,611,0.574,1.4006,855.76,15m,holdout,0.7,776
2.0,1.0,611,0.565,1.3967,853.39,15m,holdout,0.7,776
2.0,1.5,611,0.56,1.3941,851.81,15m,holdout,0.7,776
2.0,2.0,611,0.556,1.3933,851.33,15m,holdout,0.7,776
2.5,0.25,611,0.57,1.5644,955.86,15m,holdout,0.7,776
2.5,0.5,611,0.55,1.4779,903.0,15m,holdout,0.7,776
2.5,0.75,611,0.538,1.4403,880.04,15m,holdout,0.7,776
2.5,1.0,611,0.527,1.425,870.66,15m,holdout,0.7,776
2.5,1.5,611,0.522,1.4101,861.57,15m,holdout,0.7,776
2.5,2.0,611,0.519,1.4025,856.94,15m,holdout,0.7,776
3.0,0.25,611,0.547,1.7397,1062.94,15m,holdout,0.7,776
3.0,0.5,611,0.527,1.616,987.37,15m,holdout,0.7,776
3.0,0.75,611,0.514,1.552,948.29,15m,holdout,0.7,776
3.0,1.0,611,0.501,1.5234,930.82,15m,holdout,0.7,776
3.0,1.5,611,0.496,1.4941,912.9,15m,holdout,0.7,776
3.0,2.0,611,0.493,1.4783,903.27,15m,holdout,0.7,776
3.5,0.25,611,0.532,1.7565,1073.25,15m,holdout,0.7,776
3.5,0.5,611,0.512,1.6032,979.53,15m,holdout,0.7,776
3.5,0.75,611,0.499,1.5165,926.57,15m,holdout,0.7,776
3.5,1.0,611,0.483,1.4788,903.52,15m,holdout,0.7,776
3.5,1.5,611,0.478,1.4208,868.13,15m,holdout,0.7,776
3.5,2.0,611,0.475,1.3899,849.22,15m,holdout,0.7,776
4.0,0.25,611,0.53,2.0942,1279.55,15m,holdout,0.7,776
4.0,0.5,611,0.507,1.9641,1200.07,15m,holdout,0.7,776
4.0,0.75,611,0.494,1.8715,1143.46,15m,holdout,0.7,776
4.0,1.0,611,0.475,1.8335,1120.28,15m,holdout,0.7,776
4.0,1.5,611,0.47,1.7876,1092.25,15m,holdout,0.7,776
4.0,2.0,611,0.465,1.7465,1067.12,15m,holdout,0.7,776
4.5,0.25,611,0.517,2.1387,1306.72,15m,holdout,0.7,776
4.5,0.5,611,0.493,2.0254,1237.54,15m,holdout,0.7,776
4.5,0.75,611,0.48,1.9368,1183.38,15m,holdout,0.7,776
4.5,1.0,611,0.46,1.8745,1145.31,15m,holdout,0.7,776
4.5,1.5,611,0.453,1.8006,1100.19,15m,holdout,0.7,776
4.5,2.0,611,0.448,1.7477,1067.82,15m,holdout,0.7,776
5.0,0.25,611,0.511,2.1692,1325.36,15m,holdout,0.7,776
5.0,0.5,611,0.483,2.1099,1289.15,15m,holdout,0.7,776
5.0,0.75,611,0.47,2.0288,1239.61,15m,holdout,0.7,776
5.0,1.0,611,0.45,1.9635,1199.73,15m,holdout,0.7,776
5.0,1.5,611,0.442,1.8563,1134.19,15m,holdout,0.7,776
5.0,2.0,611,0.434,1.7921,1094.97,15m,holdout,0.7,776
1.5,0.25,704,0.656,1.467,1032.78,30m,train,0.3,1116
1.5,0.5,704,0.636,1.3072,920.29,30m,train,0.3,1116
1.5,0.75,704,0.628,1.282,902.56,30m,train,0.3,1116
1.5,1.0,704,0.621,1.2568,884.8,30m,train,0.3,1116
1.5,1.5,704,0.615,1.2279,864.47,30m,train,0.3,1116
1.5,2.0,704,0.614,1.2129,853.88,30m,train,0.3,1116
2.0,0.25,704,0.628,1.4653,1031.6,30m,train,0.3,1116
2.0,0.5,704,0.601,1.245,876.51,30m,train,0.3,1116
2.0,0.75,704,0.587,1.2229,860.92,30m,train,0.3,1116
2.0,1.0,704,0.577,1.2035,847.28,30m,train,0.3,1116
2.0,1.5,704,0.57,1.189,837.03,30m,train,0.3,1116
2.0,2.0,704,0.567,1.1677,822.09,30m,train,0.3,1116
2.5,0.25,704,0.612,1.8444,1298.47,30m,train,0.3,1116
2.5,0.5,704,0.581,1.4011,986.34,30m,train,0.3,1116
2.5,0.75,704,0.567,1.3672,962.48,30m,train,0.3,1116
2.5,1.0,704,0.555,1.3358,940.43,30m,train,0.3,1116
2.5,1.5,704,0.547,1.3076,920.56,30m,train,0.3,1116
2.5,2.0,704,0.543,1.2991,914.54,30m,train,0.3,1116
3.0,0.25,704,0.589,1.6848,1186.13,30m,train,0.3,1116
3.0,0.5,704,0.553,1.2133,854.17,30m,train,0.3,1116
3.0,0.75,704,0.534,1.1528,811.6,30m,train,0.3,1116
3.0,1.0,704,0.521,1.1038,777.09,30m,train,0.3,1116
3.0,1.5,704,0.509,1.0628,748.24,30m,train,0.3,1116
3.0,2.0,704,0.501,1.0404,732.43,30m,train,0.3,1116
3.5,0.25,704,0.58,1.8327,1290.21,30m,train,0.3,1116
3.5,0.5,704,0.541,1.4101,992.69,30m,train,0.3,1116
3.5,0.75,704,0.518,1.3088,921.41,30m,train,0.3,1116
3.5,1.0,704,0.506,1.2574,885.19,30m,train,0.3,1116
3.5,1.5,704,0.491,1.2356,869.85,30m,train,0.3,1116
3.5,2.0,704,0.484,1.1784,829.59,30m,train,0.3,1116
4.0,0.25,704,0.574,1.9284,1357.58,30m,train,0.3,1116
4.0,0.5,704,0.531,1.4994,1055.58,30m,train,0.3,1116
4.0,0.75,704,0.509,1.3326,938.16,30m,train,0.3,1116
4.0,1.0,704,0.493,1.2659,891.19,30m,train,0.3,1116
4.0,1.5,704,0.477,1.2442,875.9,30m,train,0.3,1116
4.0,2.0,704,0.47,1.1815,831.77,30m,train,0.3,1116
4.5,0.25,704,0.57,2.0891,1470.72,30m,train,0.3,1116
4.5,0.5,704,0.527,1.7008,1197.38,30m,train,0.3,1116
4.5,0.75,704,0.504,1.5592,1097.66,30m,train,0.3,1116
4.5,1.0,704,0.487,1.5081,1061.72,30m,train,0.3,1116
4.5,1.5,704,0.47,1.478,1040.54,30m,train,0.3,1116
4.5,2.0,704,0.463,1.4131,994.82,30m,train,0.3,1116
5.0,0.25,704,0.565,2.1558,1517.66,30m,train,0.3,1116
5.0,0.5,704,0.523,1.804,1270.04,30m,train,0.3,1116
5.0,0.75,704,0.499,1.6924,1191.42,30m,train,0.3,1116
5.0,1.0,704,0.482,1.6194,1140.04,30m,train,0.3,1116
5.0,1.5,704,0.459,1.5685,1104.24,30m,train,0.3,1116
5.0,2.0,704,0.452,1.4798,1041.75,30m,train,0.3,1116
1.5,0.25,701,0.66,1.4909,1045.13,30m,train,0.325,1116
1.5,0.5,701,0.641,1.3367,937.01,30m,train,0.325,1116
1.5,0.75,701,0.631,1.3146,921.52,30m,train,0.325,1116
1.5,1.0,701,0.626,1.2909,904.93,30m,train,0.325,1116
1.5,1.5,701,0.619,1.2636,885.78,30m,train,0.325,1116
1.5,2.0,701,0.618,1.2495,875.86,30m,train,0.325,1116
2.0,0.25,701,0.635,1.5331,1074.69,30m,train,0.325,1116
2.0,0.5,701,0.606,1.2937,906.89,30m,train,0.325,1116
2.0,0.75,701,0.592,1.2569,881.12,30m,train,0.325,1116
2.0,1.0,701,0.588,1.2255,859.06,30m,train,0.325,1116
2.0,1.5,701,0.575,1.1907,834.65,30m,train,0.325,1116
2.0,2.0,701,0.573,1.173,822.24,30m,train,0.325,1116
2.5,0.25,701,0.618,1.8492,1296.31,30m,train,0.325,1116
2.5,0.5,701,0.585,1.4679,1029.02,30m,train,0.325,1116
2.5,0.75,701,0.569,1.4387,1008.52,30m,train,0.325,1116
2.5,1.0,701,0.563,1.4102,988.55,30m,train,0.325,1116
2.5,1.5,701,0.549,1.3851,970.97,30m,train,0.325,1116
2.5,2.0,701,0.545,1.3582,952.12,30m,train,0.325,1116
3.0,0.25,701,0.595,1.7582,1232.49,30m,train,0.325,1116
3.0,0.5,701,0.556,1.2859,901.43,30m,train,0.325,1116
3.0,0.75,701,0.536,1.2209,855.87,30m,train,0.325,1116
3.0,1.0,701,0.529,1.1921,835.67,30m,train,0.325,1116
3.0,1.5,701,0.512,1.1546,809.35,30m,train,0.325,1116
3.0,2.0,701,0.506,1.1334,794.52,30m,train,0.325,1116
3.5,0.25,701,0.585,1.862,1305.24,30m,train,0.325,1116
3.5,0.5,701,0.545,1.4592,1022.93,30m,train,0.325,1116
3.5,0.75,701,0.522,1.3584,952.22,30m,train,0.325,1116
3.5,1.0,701,0.515,1.3074,916.49,30m,train,0.325,1116
3.5,1.5,701,0.496,1.267,888.19,30m,train,0.325,1116
3.5,2.0,701,0.488,1.2401,869.33,30m,train,0.325,1116
4.0,0.25,701,0.579,1.9942,1397.91,30m,train,0.325,1116
4.0,0.5,701,0.535,1.5499,1086.48,30m,train,0.325,1116
4.0,0.75,701,0.509,1.4381,1008.09,30m,train,0.325,1116
4.0,1.0,701,0.499,1.3875,972.67,30m,train,0.325,1116
4.0,1.5,701,0.479,1.3775,965.62,30m,train,0.325,1116
4.0,2.0,701,0.471,1.3196,925.05,30m,train,0.325,1116
4.5,0.25,701,0.575,2.1475,1505.43,30m,train,0.325,1116
4.5,0.5,701,0.531,1.7766,1245.43,30m,train,0.325,1116
4.5,0.75,701,0.505,1.6396,1149.39,30m,train,0.325,1116
4.5,1.0,701,0.495,1.5907,1115.05,30m,train,0.325,1116
4.5,1.5,701,0.475,1.5631,1095.73,30m,train,0.325,1116
4.5,2.0,701,0.466,1.4999,1051.45,30m,train,0.325,1116
5.0,0.25,701,0.572,2.259,1583.59,30m,train,0.325,1116
5.0,0.5,701,0.528,1.8657,1307.87,30m,train,0.325,1116
5.0,0.75,701,0.501,1.755,1230.22,30m,train,0.325,1116
5.0,1.0,701,0.489,1.6764,1175.12,30m,train,0.325,1116
5.0,1.5,701,0.465,1.6184,1134.47,30m,train,0.325,1116
5.0,2.0,701,0.455,1.5322,1074.07,30m,train,0.325,1116
1.5,0.25,698,0.665,1.4586,1018.13,30m,train,0.35,1116
1.5,0.5,698,0.642,1.33,928.33,30m,train,0.35,1116
1.5,0.75,698,0.632,1.303,909.53,30m,train,0.35,1116
1.5,1.0,698,0.628,1.2775,891.69,30m,train,0.35,1116
1.5,1.5,698,0.622,1.2488,871.68,30m,train,0.35,1116
1.5,2.0,698,0.62,1.2343,861.53,30m,train,0.35,1116
2.0,0.25,698,0.642,1.583,1104.94,30m,train,0.35,1116
2.0,0.5,698,0.613,1.3817,964.45,30m,train,0.35,1116
2.0,0.75,698,0.596,1.3566,946.89,30m,train,0.35,1116
2.0,1.0,698,0.592,1.3316,929.48,30m,train,0.35,1116
2.0,1.5,698,0.582,1.3041,910.28,30m,train,0.35,1116
2.0,2.0,698,0.579,1.2906,900.87,30m,train,0.35,1116
2.5,0.25,698,0.62,1.8392,1283.79,30m,train,0.35,1116
2.5,0.5,698,0.587,1.474,1028.83,30m,train,0.35,1116
2.5,0.75,698,0.569,1.4485,1011.09,30m,train,0.35,1116
2.5,1.0,698,0.563,1.4262,995.49,30m,train,0.35,1116
2.5,1.5,698,0.553,1.4083,983.01,30m,train,0.35,1116
2.5,2.0,698,0.547,1.3859,967.35,30m,train,0.35,1116
3.0,0.25,698,0.602,1.8436,1286.82,30m,train,0.35,1116
3.0,0.5,698,0.564,1.3865,967.77,30m,train,0.35,1116
3.0,0.75,698,0.543,1.3406,935.76,30m,train,0.35,1116
3.0,1.0,698,0.537,1.3195,921.04,30m,train,0.35,1116
3.0,1.5,698,0.524,1.2905,900.77,30m,train,0.35,1116
3.0,2.0,698,0.516,1.2742,889.41,30m,train,0.35,1116
3.5,0.25,698,0.593,1.925,1343.65,30m,train,0.35,1116
3.5,0.5,698,0.554,1.4874,1038.18,30m,train,0.35,1116
3.5,0.75,698,0.527,1.3812,964.07,30m,train,0.35,1116
3.5,1.0,698,0.52,1.3238,924.0,30m,train,0.35,1116
3.5,1.5,698,0.506,1.2743,889.44,30m,train,0.35,1116
3.5,2.0,698,0.494,1.2478,870.93,30m,train,0.35,1116
4.0,0.25,698,0.583,2.0343,1419.91,30m,train,0.35,1116
4.0,0.5,698,0.542,1.5918,1111.08,30m,train,0.35,1116
4.0,0.75,698,0.513,1.4885,1038.99,30m,train,0.35,1116
4.0,1.0,698,0.504,1.4408,1005.7,30m,train,0.35,1116
4.0,1.5,698,0.489,1.434,1000.92,30m,train,0.35,1116
4.0,2.0,698,0.477,1.3783,962.08,30m,train,0.35,1116
4.5,0.25,698,0.58,2.1921,1530.07,30m,train,0.35,1116
4.5,0.5,698,0.537,1.8201,1270.43,30m,train,0.35,1116
4.5,0.75,698,0.509,1.69,1179.63,30m,train,0.35,1116
4.5,1.0,698,0.499,1.642,1146.13,30m,train,0.35,1116
4.5,1.5,698,0.483,1.6146,1126.98,30m,train,0.35,1116
4.5,2.0,698,0.471,1.5522,1083.44,30m,train,0.35,1116
5.0,0.25,698,0.576,2.2912,1599.27,30m,train,0.35,1116
5.0,0.5,698,0.533,1.8898,1319.07,30m,train,0.35,1116
5.0,0.75,698,0.504,1.7709,1236.09,30m,train,0.35,1116
5.0,1.0,698,0.491,1.7238,1203.18,30m,train,0.35,1116
5.0,1.5,698,0.471,1.667,1163.56,30m,train,0.35,1116
5.0,2.0,698,0.46,1.5978,1115.27,30m,train,0.35,1116
1.5,0.25,691,0.663,1.4467,999.69,30m,train,0.375,1116
1.5,0.5,691,0.643,1.3285,918.02,30m,train,0.375,1116
1.5,0.75,691,0.631,1.3051,901.8,30m,train,0.375,1116
1.5,1.0,691,0.625,1.2814,885.44,30m,train,0.375,1116
1.5,1.5,691,0.618,1.2547,867.01,30m,train,0.375,1116
1.5,2.0,691,0.616,1.2413,857.76,30m,train,0.375,1116
2.0,0.25,691,0.641,1.5536,1073.53,30m,train,0.375,1116
2.0,0.5,691,0.615,1.3958,964.47,30m,train,0.375,1116
2.0,0.75,691,0.599,1.372,948.07,30m,train,0.375,1116
2.0,1.0,691,0.593,1.349,932.15,30m,train,0.375,1116
2.0,1.5,691,0.583,1.3237,914.66,30m,train,0.375,1116
2.0,2.0,691,0.58,1.3115,906.26,30m,train,0.375,1116
2.5,0.25,691,0.621,1.7636,1218.64,30m,train,0.375,1116
2.5,0.5,691,0.592,1.4684,1014.68,30m,train,0.375,1116
2.5,0.75,691,0.572,1.4492,1001.42,30m,train,0.375,1116
2.5,1.0,691,0.566,1.4306,988.52,30m,train,0.375,1116
2.5,1.5,691,0.554,1.4169,979.05,30m,train,0.375,1116
2.5,2.0,691,0.551,1.3971,965.38,30m,train,0.375,1116
3.0,0.25,691,0.602,1.7986,1242.8,30m,train,0.375,1116
3.0,0.5,691,0.567,1.3582,938.52,30m,train,0.375,1116
3.0,0.75,691,0.546,1.3227,914.02,30m,train,0.375,1116
3.0,1.0,691,0.54,1.3078,903.72,30m,train,0.375,1116
3.0,1.5,691,0.525,1.2861,888.67,30m,train,0.375,1116
3.0,2.0,691,0.52,1.274,880.36,30m,train,0.375,1116
3.5,0.25,691,0.593,1.8843,1302.02,30m,train,0.375,1116
3.5,0.5,691,0.557,1.4588,1008.06,30m,train,0.375,1116
3.5,0.75,691,0.53,1.3941,963.33,30m,train,0.375,1116
3.5,1.0,691,0.521,1.3408,926.5,30m,train,0.375,1116
3.5,1.5,691,0.505,1.2977,896.69,30m,train,0.375,1116
3.5,2.0,691,0.498,1.2749,880.93,30m,train,0.375,1116
4.0,0.25,691,0.583,1.9779,1366.76,30m,train,0.375,1116
4.0,0.5,691,0.547,1.5716,1085.99,30m,train,0.375,1116
4.0,0.75,691,0.515,1.4889,1028.86,30m,train,0.375,1116
4.0,1.0,691,0.505,1.4405,995.4,30m,train,0.375,1116
4.0,1.5,691,0.489,1.4282,986.9,30m,train,0.375,1116
4.0,2.0,691,0.482,1.3722,948.19,30m,train,0.375,1116
4.5,0.25,691,0.58,2.1,1451.13,30m,train,0.375,1116
4.5,0.5,691,0.541,1.6854,1164.62,30m,train,0.375,1116
4.5,0.75,691,0.509,1.5257,1054.24,30m,train,0.375,1116
4.5,1.0,691,0.498,1.4577,1007.29,30m,train,0.375,1116
4.5,1.5,691,0.48,1.435,991.57,30m,train,0.375,1116
4.5,2.0,691,0.473,1.3743,949.65,30m,train,0.375,1116
5.0,0.25,691,0.577,2.2463,1552.18,30m,train,0.375,1116
5.0,0.5,691,0.538,1.8402,1271.56,30m,train,0.375,1116
5.0,0.75,691,0.507,1.7039,1177.38,30m,train,0.375,1116
5.0,1.0,691,0.493,1.6471,1138.15,30m,train,0.375,1116
5.0,1.5,691,0.473,1.6134,1114.85,30m,train,0.375,1116
5.0,2.0,691,0.466,1.5514,1072.04,30m,train,0.375,1116
1.5,0.25,689,0.666,1.4181,977.1,30m,train,0.4,1116
1.5,0.5,689,0.642,1.3421,924.71,30m,train,0.4,1116
1.5,0.75,689,0.636,1.3152,906.14,30m,train,0.4,1116
1.5,1.0,689,0.628,1.2893,888.31,30m,train,0.4,1116
1.5,1.5,689,0.623,1.2598,868.0,30m,train,0.4,1116
1.5,2.0,689,0.618,1.2447,857.6,30m,train,0.4,1116
2.0,0.25,689,0.649,1.5446,1064.23,30m,train,0.4,1116
2.0,0.5,689,0.62,1.4429,994.14,30m,train,0.4,1116
2.0,0.75,689,0.61,1.4207,978.89,30m,train,0.4,1116
2.0,1.0,689,0.601,1.3983,963.44,30m,train,0.4,1116
2.0,1.5,689,0.592,1.3734,946.25,30m,train,0.4,1116
2.0,2.0,689,0.588,1.3613,937.95,30m,train,0.4,1116
2.5,0.25,689,0.624,1.6665,1148.25,30m,train,0.4,1116
2.5,0.5,689,0.592,1.4378,990.62,30m,train,0.4,1116
2.5,0.75,689,0.578,1.4234,980.72,30m,train,0.4,1116
2.5,1.0,689,0.569,1.4073,969.65,30m,train,0.4,1116
2.5,1.5,689,0.559,1.3963,962.06,30m,train,0.4,1116
2.5,2.0,689,0.553,1.3783,949.66,30m,train,0.4,1116
3.0,0.25,689,0.607,1.6971,1169.29,30m,train,0.4,1116
3.0,0.5,689,0.569,1.3447,926.5,30m,train,0.4,1116
3.0,0.75,689,0.553,1.3054,899.4,30m,train,0.4,1116
3.0,1.0,689,0.544,1.289,888.1,30m,train,0.4,1116
3.0,1.5,689,0.533,1.2657,872.05,30m,train,0.4,1116
3.0,2.0,689,0.525,1.2527,863.13,30m,train,0.4,1116
3.5,0.25,689,0.597,1.7666,1217.21,30m,train,0.4,1116
3.5,0.5,689,0.556,1.4443,995.15,30m,train,0.4,1116
3.5,0.75,689,0.534,1.3783,949.64,30m,train,0.4,1116
3.5,1.0,689,0.522,1.3465,927.76,30m,train,0.4,1116
3.5,1.5,689,0.509,1.3092,902.07,30m,train,0.4,1116
3.5,2.0,689,0.501,1.2888,888.0,30m,train,0.4,1116
4.0,0.25,689,0.589,1.8792,1294.77,30m,train,0.4,1116
4.0,0.5,689,0.549,1.578,1087.25,30m,train,0.4,1116
4.0,0.75,689,0.524,1.4902,1026.73,30m,train,0.4,1116
4.0,1.0,689,0.511,1.4438,994.81,30m,train,0.4,1116
4.0,1.5,689,0.498,1.4262,982.63,30m,train,0.4,1116
4.0,2.0,689,0.489,1.3714,944.9,30m,train,0.4,1116
4.5,0.25,689,0.585,2.0042,1380.86,30m,train,0.4,1116
4.5,0.5,689,0.541,1.6712,1151.43,30m,train,0.4,1116
4.5,0.75,689,0.515,1.5553,1071.61,30m,train,0.4,1116
4.5,1.0,689,0.501,1.5009,1034.15,30m,train,0.4,1116
4.5,1.5,689,0.486,1.4869,1024.48,30m,train,0.4,1116
4.5,2.0,689,0.478,1.4276,983.59,30m,train,0.4,1116
5.0,0.25,689,0.582,2.1642,1491.16,30m,train,0.4,1116
5.0,0.5,689,0.538,1.8625,1283.25,30m,train,0.4,1116
5.0,0.75,689,0.512,1.7194,1184.7,30m,train,0.4,1116
5.0,1.0,689,0.496,1.6585,1142.72,30m,train,0.4,1116
5.0,1.5,689,0.48,1.624,1118.93,30m,train,0.4,1116
5.0,2.0,689,0.472,1.562,1076.19,30m,train,0.4,1116
1.5,0.25,686,0.672,1.4596,1001.32,30m,train,0.425,1116
1.5,0.5,686,0.647,1.3573,931.11,30m,train,0.425,1116
1.5,0.75,686,0.643,1.3196,905.27,30m,train,0.425,1116
1.5,1.0,686,0.637,1.3011,892.55,30m,train,0.425,1116
1.5,1.5,686,0.631,1.2819,879.35,30m,train,0.425,1116
1.5,2.0,686,0.628,1.2715,872.24,30m,train,0.425,1116
2.0,0.25,686,0.652,1.5399,1056.35,30m,train,0.425,1116
2.0,0.5,686,0.622,1.4512,995.49,30m,train,0.425,1116
2.0,0.75,686,0.614,1.4259,978.19,30m,train,0.425,1116
2.0,1.0,686,0.605,1.4005,960.77,30m,train,0.425,1116
2.0,1.5,686,0.599,1.3707,940.3,30m,train,0.425,1116
2.0,2.0,686,0.595,1.3551,929.57,30m,train,0.425,1116
2.5,0.25,686,0.628,1.669,1144.9,30m,train,0.425,1116
2.5,0.5,686,0.596,1.4399,987.8,30m,train,0.425,1116
2.5,0.75,686,0.586,1.4242,977.03,30m,train,0.425,1116
2.5,1.0,686,0.574,1.4073,965.4,30m,train,0.425,1116
2.5,1.5,686,0.567,1.3939,956.22,30m,train,0.425,1116
2.5,2.0,686,0.563,1.369,939.13,30m,train,0.425,1116
3.0,0.25,686,0.609,1.6852,1156.02,30m,train,0.425,1116
3.0,0.5,686,0.57,1.3466,923.77,30m,train,0.425,1116
3.0,0.75,686,0.558,1.3135,901.04,30m,train,0.425,1116
3.0,1.0,686,0.547,1.2833,880.35,30m,train,0.425,1116
3.0,1.5,686,0.539,1.2548,860.82,30m,train,0.425,1116
3.0,2.0,686,0.534,1.2213,837.8,30m,train,0.425,1116
3.5,0.25,686,0.601,1.7765,1218.69,30m,train,0.425,1116
3.5,0.5,686,0.558,1.4289,980.25,30m,train,0.425,1116
3.5,0.75,686,0.541,1.351,926.77,30m,train,0.425,1116
3.5,1.0,686,0.526,1.3169,903.42,30m,train,0.425,1116
3.5,1.5,686,0.516,1.2781,876.76,30m,train,0.425,1116
3.5,2.0,686,0.509,1.2009,823.81,30m,train,0.425,1116
4.0,0.25,686,0.593,1.9035,1305.79,30m,train,0.425,1116
4.0,0.5,686,0.551,1.5843,1086.8,30m,train,0.425,1116
4.0,0.75,686,0.531,1.4861,1019.48,30m,train,0.425,1116
4.0,1.0,686,0.516,1.4322,982.52,30m,train,0.425,1116
4.0,1.5,686,0.506,1.4044,963.44,30m,train,0.425,1116
4.0,2.0,686,0.499,1.2939,887.63,30m,train,0.425,1116
4.5,0.25,686,0.587,1.9733,1353.72,30m,train,0.425,1116
4.5,0.5,686,0.542,1.6712,1146.44,30m,train,0.425,1116
4.5,0.75,686,0.522,1.5701,1077.1,30m,train,0.425,1116
4.5,1.0,686,0.504,1.5226,1044.49,30m,train,0.425,1116
4.5,1.5,686,0.493,1.5151,1039.39,30m,train,0.425,1116
4.5,2.0,686,0.485,1.4043,963.36,30m,train,0.425,1116
5.0,0.25,686,0.586,2.1468,1472.72,30m,train,0.425,1116
5.0,0.5,686,0.541,1.8725,1284.52,30m,train,0.425,1116
5.0,0.75,686,0.52,1.7378,1192.15,30m,train,0.425,1116
5.0,1.0,686,0.503,1.6813,1153.37,30m,train,0.425,1116
5.0,1.5,686,0.49,1.6511,1132.65,30m,train,0.425,1116
5.0,2.0,686,0.483,1.5364,1053.94,30m,train,0.425,1116
1.5,0.25,685,0.67,1.4889,1019.92,30m,train,0.45,1116
1.5,0.5,685,0.648,1.3765,942.93,30m,train,0.45,1116
1.5,0.75,685,0.641,1.3406,918.33,30m,train,0.45,1116
1.5,1.0,685,0.636,1.323,906.27,30m,train,0.45,1116
1.5,1.5,685,0.634,1.3049,893.83,30m,train,0.45,1116
1.5,2.0,685,0.628,1.2951,887.14,30m,train,0.45,1116
2.0,0.25,685,0.65,1.5791,1081.65,30m,train,0.45,1116
2.0,0.5,685,0.622,1.4984,1026.39,30m,train,0.45,1116
2.0,0.75,685,0.612,1.4768,1011.64,30m,train,0.45,1116
2.0,1.0,685,0.606,1.4537,995.78,30m,train,0.45,1116
2.0,1.5,685,0.601,1.4264,977.08,30m,train,0.45,1116
2.0,2.0,685,0.596,1.4123,967.39,30m,train,0.45,1116
2.5,0.25,685,0.625,1.6318,1117.76,30m,train,0.45,1116
2.5,0.5,685,0.597,1.476,1011.06,30m,train,0.45,1116
2.5,0.75,685,0.584,1.4616,1001.22,30m,train,0.45,1116
2.5,1.0,685,0.574,1.447,991.19,30m,train,0.45,1116
2.5,1.5,685,0.569,1.4212,973.51,30m,train,0.45,1116
2.5,2.0,685,0.562,1.3957,956.05,30m,train,0.45,1116
3.0,0.25,685,0.613,1.8041,1235.81,30m,train,0.45,1116
3.0,0.5,685,0.578,1.4857,1017.69,30m,train,0.45,1116
3.0,0.75,685,0.564,1.4593,999.59,30m,train,0.45,1116
3.0,1.0,685,0.553,1.4368,984.2,30m,train,0.45,1116
3.0,1.5,685,0.549,1.4174,970.91,30m,train,0.45,1116
3.0,2.0,685,0.54,1.3894,951.71,30m,train,0.45,1116
3.5,0.25,685,0.6,1.7701,1212.49,30m,train,0.45,1116
3.5,0.5,685,0.559,1.4165,970.33,30m,train,0.45,1116
3.5,0.75,685,0.537,1.3425,919.64,30m,train,0.45,1116
3.5,1.0,685,0.523,1.3096,897.05,30m,train,0.45,1116
3.5,1.5,685,0.515,1.2718,871.2,30m,train,0.45,1116
3.5,2.0,685,0.505,1.1965,819.62,30m,train,0.45,1116
4.0,0.25,685,0.594,1.9024,1303.11,30m,train,0.45,1116
4.0,0.5,685,0.553,1.5747,1078.7,30m,train,0.45,1116
4.0,0.75,685,0.53,1.512,1035.73,30m,train,0.45,1116
4.0,1.0,685,0.515,1.4607,1000.58,30m,train,0.45,1116
4.0,1.5,685,0.508,1.4183,971.54,30m,train,0.45,1116
4.0,2.0,685,0.498,1.3413,918.8,30m,train,0.45,1116
4.5,0.25,685,0.588,1.9918,1364.37,30m,train,0.45,1116
4.5,0.5,685,0.545,1.6439,1126.06,30m,train,0.45,1116
4.5,0.75,685,0.52,1.5531,1063.85,30m,train,0.45,1116
4.5,1.0,685,0.504,1.5043,1030.47,30m,train,0.45,1116
4.5,1.5,685,0.495,1.492,1022.05,30m,train,0.45,1116
4.5,2.0,685,0.485,1.3831,947.4,30m,train,0.45,1116
5.0,0.25,685,0.587,2.1487,1471.84,30m,train,0.45,1116
5.0,0.5,685,0.543,1.863,1276.16,30m,train,0.45,1116
5.0,0.75,685,0.518,1.7561,1202.96,30m,train,0.45,1116
5.0,1.0,685,0.502,1.7063,1168.81,30m,train,0.45,1116
5.0,1.5,685,0.493,1.6757,1147.83,30m,train,0.45,1116
5.0,2.0,685,0.483,1.5598,1068.48,30m,train,0.45,1116
1.5,0.25,683,0.673,1.4619,998.45,30m,train,0.475,1116
1.5,0.5,683,0.657,1.3826,944.33,30m,train,0.475,1116
1.5,0.75,683,0.644,1.3524,923.7,30m,train,0.475,1116
1.5,1.0,683,0.641,1.3377,913.67,30m,train,0.475,1116
1.5,1.5,683,0.637,1.3228,903.44,30m,train,0.475,1116
1.5,2.0,683,0.634,1.3149,898.05,30m,train,0.475,1116
2.0,0.25,683,0.652,1.5622,1066.99,30m,train,0.475,1116
2.0,0.5,683,0.628,1.47,1004.01,30m,train,0.475,1116
2.0,0.75,683,0.609,1.4338,979.3,30m,train,0.475,1116
2.0,1.0,683,0.605,1.403,958.24,30m,train,0.475,1116
2.0,1.5,683,0.599,1.3677,934.14,30m,train,0.475,1116
2.0,2.0,683,0.594,1.3494,921.61,30m,train,0.475,1116
2.5,0.25,683,0.63,1.5877,1084.43,30m,train,0.475,1116
2.5,0.5,683,0.605,1.4421,984.98,30m,train,0.475,1116
2.5,0.75,683,0.584,1.4283,975.56,30m,train,0.475,1116
2.5,1.0,683,0.574,1.4141,965.84,30m,train,0.475,1116
2.5,1.5,683,0.568,1.389,948.69,30m,train,0.475,1116
2.5,2.0,683,0.562,1.3639,931.55,30m,train,0.475,1116
3.0,0.25,683,0.619,1.7869,1220.46,30m,train,0.475,1116
3.0,0.5,683,0.59,1.5223,1039.74,30m,train,0.475,1116
3.0,0.75,683,0.568,1.4976,1022.89,30m,train,0.475,1116
3.0,1.0,683,0.558,1.4767,1008.62,30m,train,0.475,1116
3.0,1.5,683,0.552,1.4595,996.87,30m,train,0.475,1116
3.0,2.0,683,0.546,1.4333,978.97,30m,train,0.475,1116
3.5,0.25,683,0.609,1.7796,1215.47,30m,train,0.475,1116
3.5,0.5,683,0.57,1.4536,992.8,30m,train,0.475,1116
3.5,0.75,683,0.542,1.3874,947.59,30m,train,0.475,1116
3.5,1.0,683,0.53,1.3591,928.25,30m,train,0.475,1116
3.5,1.5,683,0.521,1.3271,906.41,30m,train,0.475,1116
3.5,2.0,683,0.514,1.2564,858.15,30m,train,0.475,1116
4.0,0.25,683,0.602,1.8493,1263.07,30m,train,0.475,1116
4.0,0.5,683,0.561,1.499,1023.83,30m,train,0.475,1116
4.0,0.75,683,0.531,1.4285,975.69,30m,train,0.475,1116
4.0,1.0,683,0.517,1.3952,952.95,30m,train,0.475,1116
4.0,1.5,683,0.507,1.3569,926.76,30m,train,0.475,1116
4.0,2.0,683,0.499,1.2826,876.02,30m,train,0.475,1116
4.5,0.25,683,0.597,1.9436,1327.45,30m,train,0.475,1116
4.5,0.5,683,0.555,1.6436,1122.57,30m,train,0.475,1116
4.5,0.75,683,0.524,1.5547,1061.85,30m,train,0.475,1116
4.5,1.0,683,0.508,1.5082,1030.08,30m,train,0.475,1116
4.5,1.5,683,0.496,1.4892,1017.15,30m,train,0.475,1116
4.5,2.0,683,0.489,1.3816,943.62,30m,train,0.475,1116
5.0,0.25,683,0.594,2.0956,1431.31,30m,train,0.475,1116
5.0,0.5,683,0.551,1.7805,1216.08,30m,train,0.475,1116
5.0,0.75,683,0.52,1.7013,1161.97,30m,train,0.475,1116
5.0,1.0,683,0.504,1.6579,1132.37,30m,train,0.475,1116
5.0,1.5,683,0.492,1.6345,1116.33,30m,train,0.475,1116
5.0,2.0,683,0.485,1.5226,1039.94,30m,train,0.475,1116
1.5,0.25,679,0.677,1.4774,1003.17,30m,train,0.5,1116
1.5,0.5,679,0.66,1.4101,957.43,30m,train,0.5,1116
1.5,0.75,679,0.647,1.3846,940.14,30m,train,0.5,1116
1.5,1.0,679,0.644,1.3726,931.97,30m,train,0.5,1116
1.5,1.5,679,0.642,1.3607,923.91,30m,train,0.5,1116
1.5,2.0,679,0.639,1.3546,919.8,30m,train,0.5,1116
2.0,0.25,679,0.651,1.5468,1050.3,30m,train,0.5,1116
2.0,0.5,679,0.626,1.4585,990.3,30m,train,0.5,1116
2.0,0.75,679,0.61,1.4287,970.06,30m,train,0.5,1116
2.0,1.0,679,0.607,1.4015,951.62,30m,train,0.5,1116
2.0,1.5,679,0.604,1.3701,930.28,30m,train,0.5,1116
2.0,2.0,679,0.599,1.3539,919.28,30m,train,0.5,1116
2.5,0.25,679,0.633,1.682,1142.05,30m,train,0.5,1116
2.5,0.5,679,0.607,1.5203,1032.27,30m,train,0.5,1116
2.5,0.75,679,0.588,1.4927,1013.53,30m,train,0.5,1116
2.5,1.0,679,0.582,1.4676,996.51,30m,train,0.5,1116
2.5,1.5,679,0.577,1.4394,977.37,30m,train,0.5,1116
2.5,2.0,679,0.571,1.4257,968.06,30m,train,0.5,1116
3.0,0.25,679,0.619,1.7956,1219.23,30m,train,0.5,1116
3.0,0.5,679,0.588,1.5384,1044.59,30m,train,0.5,1116
3.0,0.75,679,0.567,1.5169,1029.96,30m,train,0.5,1116
3.0,1.0,679,0.561,1.5009,1019.11,30m,train,0.5,1116
3.0,1.5,679,0.557,1.4897,1011.48,30m,train,0.5,1116
3.0,2.0,679,0.551,1.4672,996.2,30m,train,0.5,1116
3.5,0.25,679,0.607,1.7926,1217.17,30m,train,0.5,1116
3.5,0.5,679,0.568,1.4526,986.32,30m,train,0.5,1116
3.5,0.75,679,0.546,1.377,935.01,30m,train,0.5,1116
3.5,1.0,679,0.539,1.3521,918.06,30m,train,0.5,1116
3.5,1.5,679,0.532,1.3218,897.48,30m,train,0.5,1116
3.5,2.0,679,0.526,1.2529,850.73,30m,train,0.5,1116
4.0,0.25,679,0.602,1.8938,1285.91,30m,train,0.5,1116
4.0,0.5,679,0.561,1.5499,1052.36,30m,train,0.5,1116
4.0,0.75,679,0.533,1.4779,1003.47,30m,train,0.5,1116
4.0,1.0,679,0.523,1.4474,982.81,30m,train,0.5,1116
4.0,1.5,679,0.514,1.4135,959.74,30m,train,0.5,1116
4.0,2.0,679,0.508,1.3429,911.83,30m,train,0.5,1116
4.5,0.25,679,0.596,1.9615,1331.83,30m,train,0.5,1116
4.5,0.5,679,0.555,1.6576,1125.5,30m,train,0.5,1116
4.5,0.75,679,0.526,1.5595,1058.89,30m,train,0.5,1116
4.5,1.0,679,0.514,1.5085,1024.24,30m,train,0.5,1116
4.5,1.5,679,0.504,1.4851,1008.39,30m,train,0.5,1116
4.5,2.0,679,0.498,1.3816,938.1,30m,train,0.5,1116
5.0,0.25,679,0.592,2.0608,1399.28,30m,train,0.5,1116
5.0,0.5,679,0.548,1.7431,1183.57,30m,train,0.5,1116
5.0,0.75,679,0.518,1.6477,1118.82,30m,train,0.5,1116
5.0,1.0,679,0.507,1.5891,1078.99,30m,train,0.5,1116
5.0,1.5,679,0.496,1.5618,1060.45,30m,train,0.5,1116
5.0,2.0,679,0.49,1.4514,985.49,30m,train,0.5,1116
1.5,0.25,676,0.682,1.448,978.82,30m,train,0.525,1116
1.5,0.5,676,0.661,1.3758,930.03,30m,train,0.525,1116
1.5,0.75,676,0.645,1.3528,914.48,30m,train,0.525,1116
1.5,1.0,676,0.641,1.3418,907.08,30m,train,0.525,1116
1.5,1.5,676,0.639,1.331,899.74,30m,train,0.525,1116
1.5,2.0,676,0.639,1.3254,895.98,30m,train,0.525,1116
2.0,0.25,676,0.658,1.6069,1086.28,30m,train,0.525,1116
2.0,0.5,676,0.635,1.5041,1016.76,30m,train,0.525,1116
2.0,0.75,676,0.614,1.473,995.78,30m,train,0.525,1116
2.0,1.0,676,0.609,1.445,976.8,30m,train,0.525,1116
2.0,1.5,676,0.607,1.4121,954.61,30m,train,0.525,1116
2.0,2.0,676,0.607,1.395,943.04,30m,train,0.525,1116
2.5,0.25,676,0.642,1.7333,1171.72,30m,train,0.525,1116
2.5,0.5,676,0.617,1.6228,1097.04,30m,train,0.525,1116
2.5,0.75,676,0.595,1.5965,1079.26,30m,train,0.525,1116
2.5,1.0,676,0.587,1.5715,1062.3,30m,train,0.525,1116
2.5,1.5,676,0.584,1.542,1042.36,30m,train,0.525,1116
2.5,2.0,676,0.584,1.5267,1032.07,30m,train,0.525,1116
3.0,0.25,676,0.623,1.8346,1240.18,30m,train,0.525,1116
3.0,0.5,676,0.595,1.6622,1123.65,30m,train,0.525,1116
3.0,0.75,676,0.571,1.6328,1103.8,30m,train,0.525,1116
3.0,1.0,676,0.562,1.6161,1092.46,30m,train,0.525,1116
3.0,1.5,676,0.558,1.59,1074.83,30m,train,0.525,1116
3.0,2.0,676,0.558,1.5647,1057.73,30m,train,0.525,1116
3.5,0.25,676,0.612,1.8424,1245.49,30m,train,0.525,1116
3.5,0.5,676,0.575,1.5583,1053.39,30m,train,0.525,1116
3.5,0.75,676,0.55,1.473,995.72,30m,train,0.525,1116
3.5,1.0,676,0.54,1.4496,979.96,30m,train,0.525,1116
3.5,1.5,676,0.534,1.4211,960.66,30m,train,0.525,1116
3.5,2.0,676,0.534,1.3814,933.85,30m,train,0.525,1116
4.0,0.25,676,0.607,1.8952,1281.14,30m,train,0.525,1116
4.0,0.5,676,0.567,1.6208,1095.63,30m,train,0.525,1116
4.0,0.75,676,0.537,1.5357,1038.15,30m,train,0.525,1116
4.0,1.0,676,0.525,1.5039,1016.65,30m,train,0.525,1116
4.0,1.5,676,0.515,1.4691,993.1,30m,train,0.525,1116
4.0,2.0,676,0.515,1.3993,945.91,30m,train,0.525,1116
4.5,0.25,676,0.602,2.0065,1356.38,30m,train,0.525,1116
4.5,0.5,676,0.562,1.786,1207.36,30m,train,0.525,1116
4.5,0.75,676,0.531,1.6844,1138.65,30m,train,0.525,1116
4.5,1.0,676,0.516,1.6537,1117.91,30m,train,0.525,1116
4.5,1.5,676,0.506,1.6392,1108.13,30m,train,0.525,1116
4.5,2.0,676,0.506,1.5412,1041.85,30m,train,0.525,1116
5.0,0.25,676,0.596,2.0978,1418.08,30m,train,0.525,1116
5.0,0.5,676,0.553,1.8269,1234.96,30m,train,0.525,1116
5.0,0.75,676,0.521,1.6818,1136.9,30m,train,0.525,1116
5.0,1.0,676,0.506,1.6384,1107.57,30m,train,0.525,1116
5.0,1.5,676,0.494,1.6147,1091.55,30m,train,0.525,1116
5.0,2.0,676,0.494,1.5066,1018.46,30m,train,0.525,1116
1.5,0.25,673,0.682,1.4473,974.06,30m,train,0.55,1116
1.5,0.5,673,0.661,1.3835,931.11,30m,train,0.55,1116
1.5,0.75,673,0.649,1.3655,918.97,30m,train,0.55,1116
1.5,1.0,673,0.642,1.3572,913.39,30m,train,0.55,1116
1.5,1.5,673,0.637,1.3493,908.1,30m,train,0.55,1116
1.5,2.0,673,0.636,1.3455,905.54,30m,train,0.55,1116
2.0,0.25,673,0.661,1.6698,1123.75,30m,train,0.55,1116
2.0,0.5,673,0.637,1.5903,1070.28,30m,train,0.55,1116
2.0,0.75,673,0.623,1.5697,1056.42,30m,train,0.55,1116
2.0,1.0,673,0.615,1.5478,1041.69,30m,train,0.55,1116
2.0,1.5,673,0.609,1.5223,1024.51,30m,train,0.55,1116
2.0,2.0,673,0.608,1.5097,1016.0,30m,train,0.55,1116
2.5,0.25,673,0.642,1.6641,1119.95,30m,train,0.55,1116
2.5,0.5,673,0.617,1.5665,1054.23,30m,train,0.55,1116
2.5,0.75,673,0.599,1.5452,1039.95,30m,train,0.55,1116
2.5,1.0,673,0.588,1.5228,1024.87,30m,train,0.55,1116
2.5,1.5,673,0.581,1.4962,1006.92,30m,train,0.55,1116
2.5,2.0,673,0.579,1.4826,997.77,30m,train,0.55,1116
3.0,0.25,673,0.618,1.7102,1150.99,30m,train,0.55,1116
3.0,0.5,673,0.591,1.5577,1048.3,30m,train,0.55,1116
3.0,0.75,673,0.572,1.5332,1031.85,30m,train,0.55,1116
3.0,1.0,673,0.56,1.5193,1022.5,30m,train,0.55,1116
3.0,1.5,673,0.553,1.4968,1007.34,30m,train,0.55,1116
3.0,2.0,673,0.55,1.4736,991.71,30m,train,0.55,1116
3.5,0.25,673,0.611,1.8221,1226.3,30m,train,0.55,1116
3.5,0.5,673,0.579,1.6202,1090.41,30m,train,0.55,1116
3.5,0.75,673,0.557,1.554,1045.84,30m,train,0.55,1116
3.5,1.0,673,0.544,1.5245,1026.0,30m,train,0.55,1116
3.5,1.5,673,0.536,1.4999,1009.44,30m,train,0.55,1116
3.5,2.0,673,0.533,1.4706,989.72,30m,train,0.55,1116
4.0,0.25,673,0.606,1.8626,1253.56,30m,train,0.55,1116
4.0,0.5,673,0.569,1.5832,1065.5,30m,train,0.55,1116
4.0,0.75,673,0.542,1.497,1007.49,30m,train,0.55,1116
4.0,1.0,673,0.529,1.4687,988.46,30m,train,0.55,1116
4.0,1.5,673,0.516,1.439,968.44,30m,train,0.55,1116
4.0,2.0,673,0.513,1.3733,924.22,30m,train,0.55,1116
4.5,0.25,673,0.6,1.9458,1309.5,30m,train,0.55,1116
4.5,0.5,673,0.563,1.6741,1126.67,30m,train,0.55,1116
4.5,0.75,673,0.535,1.5892,1069.53,30m,train,0.55,1116
4.5,1.0,673,0.52,1.5593,1049.44,30m,train,0.55,1116
4.5,1.5,673,0.505,1.5276,1028.05,30m,train,0.55,1116
4.5,2.0,673,0.502,1.4608,983.14,30m,train,0.55,1116
5.0,0.25,673,0.596,2.0393,1372.45,30m,train,0.55,1116
5.0,0.5,673,0.557,1.7996,1211.14,30m,train,0.55,1116
5.0,0.75,673,0.527,1.6817,1131.79,30m,train,0.55,1116
5.0,1.0,673,0.513,1.6504,1110.71,30m,train,0.55,1116
5.0,1.5,673,0.496,1.6362,1101.19,30m,train,0.55,1116
5.0,2.0,673,0.493,1.5343,1032.6,30m,train,0.55,1116
1.5,0.25,672,0.679,1.4669,985.73,30m,train,0.575,1116
1.5,0.5,672,0.658,1.3969,938.69,30m,train,0.575,1116
1.5,0.75,672,0.65,1.3766,925.08,30m,train,0.575,1116
1.5,1.0,672,0.643,1.367,918.61,30m,train,0.575,1116
1.5,1.5,672,0.637,1.3575,912.25,30m,train,0.575,1116
1.5,2.0,672,0.634,1.3527,909.03,30m,train,0.575,1116
2.0,0.25,672,0.664,1.6959,1139.61,30m,train,0.575,1116
2.0,0.5,672,0.638,1.5927,1070.32,30m,train,0.575,1116
2.0,0.75,672,0.628,1.5703,1055.25,30m,train,0.575,1116
2.0,1.0,672,0.619,1.548,1040.29,30m,train,0.575,1116
2.0,1.5,672,0.612,1.5223,1022.99,30m,train,0.575,1116
2.0,2.0,672,0.609,1.5096,1014.48,30m,train,0.575,1116
2.5,0.25,672,0.643,1.7182,1154.64,30m,train,0.575,1116
2.5,0.5,672,0.616,1.59,1068.45,30m,train,0.575,1116
2.5,0.75,672,0.604,1.5641,1051.1,30m,train,0.575,1116
2.5,1.0,672,0.592,1.54,1034.86,30m,train,0.575,1116
2.5,1.5,672,0.585,1.5116,1015.78,30m,train,0.575,1116
2.5,2.0,672,0.582,1.4971,1006.07,30m,train,0.575,1116
3.0,0.25,672,0.622,1.7767,1193.92,30m,train,0.575,1116
3.0,0.5,672,0.592,1.598,1073.85,30m,train,0.575,1116
3.0,0.75,672,0.58,1.5665,1052.71,30m,train,0.575,1116
3.0,1.0,672,0.565,1.5481,1040.32,30m,train,0.575,1116
3.0,1.5,672,0.557,1.5193,1020.96,30m,train,0.575,1116
3.0,2.0,672,0.552,1.4915,1002.3,30m,train,0.575,1116
3.5,0.25,672,0.615,1.9619,1318.38,30m,train,0.575,1116
3.5,0.5,672,0.582,1.7575,1181.05,30m,train,0.575,1116
3.5,0.75,672,0.57,1.6944,1138.65,30m,train,0.575,1116
3.5,1.0,672,0.554,1.6675,1120.54,30m,train,0.575,1116
3.5,1.5,672,0.545,1.6462,1106.25,30m,train,0.575,1116
3.5,2.0,672,0.54,1.6193,1088.19,30m,train,0.575,1116
4.0,0.25,672,0.609,1.9332,1299.08,30m,train,0.575,1116
4.0,0.5,672,0.57,1.6347,1098.51,30m,train,0.575,1116
4.0,0.75,672,0.551,1.5431,1036.99,30m,train,0.575,1116
4.0,1.0,672,0.534,1.5127,1016.55,30m,train,0.575,1116
4.0,1.5,672,0.522,1.4803,994.78,30m,train,0.575,1116
4.0,2.0,672,0.518,1.4395,967.33,30m,train,0.575,1116
4.5,0.25,672,0.603,1.9874,1335.53,30m,train,0.575,1116
4.5,0.5,672,0.562,1.6769,1126.87,30m,train,0.575,1116
4.5,0.75,672,0.542,1.5897,1068.29,30m,train,0.575,1116
4.5,1.0,672,0.525,1.5585,1047.31,30m,train,0.575,1116
4.5,1.5,672,0.507,1.5258,1025.33,30m,train,0.575,1116
4.5,2.0,672,0.503,1.46,981.11,30m,train,0.575,1116
5.0,0.25,672,0.6,2.0985,1410.19,30m,train,0.575,1116
5.0,0.5,672,0.558,1.8276,1228.17,30m,train,0.575,1116
5.0,0.75,672,0.537,1.7317,1163.71,30m,train,0.575,1116
5.0,1.0,672,0.521,1.6959,1139.64,30m,train,0.575,1116
5.0,1.5,672,0.503,1.6764,1126.53,30m,train,0.575,1116
5.0,2.0,672,0.497,1.5783,1060.59,30m,train,0.575,1116
1.5,0.25,670,0.687,1.5796,1058.3,30m,train,0.6,1116
1.5,0.5,670,0.667,1.5329,1027.01,30m,train,0.6,1116
1.5,0.75,670,0.657,1.5214,1019.33,30m,train,0.6,1116
1.5,1.0,670,0.652,1.5165,1016.08,30m,train,0.6,1116
1.5,1.5,670,0.645,1.5124,1013.3,30m,train,0.6,1116
1.5,2.0,670,0.64,1.5106,1012.13,30m,train,0.6,1116
2.0,0.25,670,0.669,1.6864,1129.87,30m,train,0.6,1116
2.0,0.5,670,0.645,1.6018,1073.21,30m,train,0.6,1116
2.0,0.75,670,0.633,1.5774,1056.83,30m,train,0.6,1116
2.0,1.0,670,0.627,1.566,1049.24,30m,train,0.6,1116
2.0,1.5,670,0.618,1.5552,1042.01,30m,train,0.6,1116
2.0,2.0,670,0.612,1.55,1038.52,30m,train,0.6,1116
2.5,0.25,670,0.648,1.7484,1171.43,30m,train,0.6,1116
2.5,0.5,670,0.622,1.6322,1093.57,30m,train,0.6,1116
2.5,0.75,670,0.609,1.5987,1071.11,30m,train,0.6,1116
2.5,1.0,670,0.601,1.5704,1052.16,30m,train,0.6,1116
2.5,1.5,670,0.591,1.5377,1030.26,30m,train,0.6,1116
2.5,2.0,670,0.585,1.5211,1019.11,30m,train,0.6,1116
3.0,0.25,670,0.631,1.9279,1291.69,30m,train,0.6,1116
3.0,0.5,670,0.601,1.7541,1175.22,30m,train,0.6,1116
3.0,0.75,670,0.588,1.7135,1148.06,30m,train,0.6,1116
3.0,1.0,670,0.578,1.6859,1129.58,30m,train,0.6,1116
3.0,1.5,670,0.566,1.655,1108.86,30m,train,0.6,1116
3.0,2.0,670,0.56,1.6396,1098.56,30m,train,0.6,1116
3.5,0.25,670,0.618,1.9938,1335.85,30m,train,0.6,1116
3.5,0.5,670,0.585,1.782,1193.92,30m,train,0.6,1116
3.5,0.75,670,0.572,1.7465,1170.18,30m,train,0.6,1116
3.5,1.0,670,0.56,1.7278,1157.65,30m,train,0.6,1116
3.5,1.5,670,0.548,1.701,1139.67,30m,train,0.6,1116
3.5,2.0,670,0.542,1.6755,1122.57,30m,train,0.6,1116
4.0,0.25,670,0.613,2.0198,1353.27,30m,train,0.6,1116
4.0,0.5,670,0.578,1.7746,1188.98,30m,train,0.6,1116
4.0,0.75,670,0.558,1.6878,1130.8,30m,train,0.6,1116
4.0,1.0,670,0.545,1.6604,1112.44,30m,train,0.6,1116
4.0,1.5,670,0.531,1.6319,1093.4,30m,train,0.6,1116
4.0,2.0,670,0.524,1.5938,1067.83,30m,train,0.6,1116
4.5,0.25,670,0.607,2.0426,1368.55,30m,train,0.6,1116
4.5,0.5,670,0.569,1.7375,1164.09,30m,train,0.6,1116
4.5,0.75,670,0.545,1.6531,1107.6,30m,train,0.6,1116
4.5,1.0,670,0.531,1.6238,1087.97,30m,train,0.6,1116
4.5,1.5,670,0.515,1.5936,1067.7,30m,train,0.6,1116
4.5,2.0,670,0.507,1.5304,1025.4,30m,train,0.6,1116
5.0,0.25,670,0.603,2.1498,1440.4,30m,train,0.6,1116
5.0,0.5,670,0.563,1.8625,1247.84,30m,train,0.6,1116
5.0,0.75,670,0.539,1.7672,1184.03,30m,train,0.6,1116
5.0,1.0,670,0.525,1.7319,1160.4,30m,train,0.6,1116
5.0,1.5,670,0.506,1.7133,1147.91,30m,train,0.6,1116
5.0,2.0,670,0.499,1.6171,1083.45,30m,train,0.6,1116
1.5,0.25,664,0.691,1.6704,1109.18,30m,train,0.625,1116
1.5,0.5,664,0.675,1.6263,1079.86,30m,train,0.625,1116
1.5,0.75,664,0.664,1.615,1072.39,30m,train,0.625,1116
1.5,1.0,664,0.658,1.6101,1069.13,30m,train,0.625,1116
1.5,1.5,664,0.654,1.6058,1066.24,30m,train,0.625,1116
1.5,2.0,664,0.648,1.6039,1064.96,30m,train,0.625,1116
2.0,0.25,664,0.672,1.7771,1180.01,30m,train,0.625,1116
2.0,0.5,664,0.654,1.706,1132.76,30m,train,0.625,1116
2.0,0.75,664,0.642,1.6809,1116.1,30m,train,0.625,1116
2.0,1.0,664,0.631,1.6691,1108.3,30m,train,0.625,1116
2.0,1.5,664,0.627,1.6579,1100.83,30m,train,0.625,1116
2.0,2.0,664,0.62,1.6524,1097.21,30m,train,0.625,1116
2.5,0.25,664,0.649,1.8187,1207.6,30m,train,0.625,1116
2.5,0.5,664,0.63,1.7284,1147.67,30m,train,0.625,1116
2.5,0.75,664,0.614,1.6982,1127.6,30m,train,0.625,1116
2.5,1.0,664,0.602,1.6716,1109.92,30m,train,0.625,1116
2.5,1.5,664,0.596,1.6405,1089.32,30m,train,0.625,1116
2.5,2.0,664,0.589,1.6248,1078.87,30m,train,0.625,1116
3.0,0.25,664,0.633,1.9912,1322.15,30m,train,0.625,1116
3.0,0.5,664,0.611,1.8888,1254.17,30m,train,0.625,1116
3.0,0.75,664,0.598,1.8516,1229.48,30m,train,0.625,1116
3.0,1.0,664,0.584,1.8248,1211.69,30m,train,0.625,1116
3.0,1.5,664,0.577,1.7941,1191.29,30m,train,0.625,1116
3.0,2.0,664,0.569,1.7787,1181.05,30m,train,0.625,1116
3.5,0.25,664,0.619,2.07,1374.47,30m,train,0.625,1116
3.5,0.5,664,0.593,1.9119,1269.47,30m,train,0.625,1116
3.5,0.75,664,0.58,1.8821,1249.71,30m,train,0.625,1116
3.5,1.0,664,0.563,1.8653,1238.55,30m,train,0.625,1116
3.5,1.5,664,0.556,1.8392,1221.24,30m,train,0.625,1116
3.5,2.0,664,0.548,1.8131,1203.91,30m,train,0.625,1116
4.0,0.25,664,0.614,2.1439,1423.54,30m,train,0.625,1116
4.0,0.5,664,0.586,1.9178,1273.45,30m,train,0.625,1116
4.0,0.75,664,0.568,1.8326,1216.87,30m,train,0.625,1116
4.0,1.0,664,0.551,1.8073,1200.04,30m,train,0.625,1116
4.0,1.5,664,0.542,1.7818,1183.13,30m,train,0.625,1116
4.0,2.0,664,0.533,1.7456,1159.11,30m,train,0.625,1116
4.5,0.25,664,0.608,2.1291,1413.73,30m,train,0.625,1116
4.5,0.5,664,0.577,1.8223,1210.03,30m,train,0.625,1116
4.5,0.75,664,0.553,1.7337,1151.17,30m,train,0.625,1116
4.5,1.0,664,0.535,1.7031,1130.84,30m,train,0.625,1116
4.5,1.5,664,0.523,1.6711,1109.6,30m,train,0.625,1116
4.5,2.0,664,0.514,1.6311,1083.07,30m,train,0.625,1116
5.0,0.25,664,0.604,2.1951,1457.57,30m,train,0.625,1116
5.0,0.5,664,0.572,1.859,1234.38,30m,train,0.625,1116
5.0,0.75,664,0.547,1.7508,1162.52,30m,train,0.625,1116
5.0,1.0,664,0.529,1.7102,1135.59,30m,train,0.625,1116
5.0,1.5,664,0.514,1.6681,1107.63,30m,train,0.625,1116
5.0,2.0,664,0.505,1.5994,1062.0,30m,train,0.625,1116
1.5,0.25,657,0.691,1.6927,1112.11,30m,train,0.65,1116
1.5,0.5,657,0.674,1.6467,1081.85,30m,train,0.65,1116
1.5,0.75,657,0.668,1.6344,1073.77,30m,train,0.65,1116
1.5,1.0,657,0.664,1.6288,1070.11,30m,train,0.65,1116
1.5,1.5,657,0.656,1.6236,1066.73,30m,train,0.65,1116
1.5,2.0,657,0.653,1.6212,1065.14,30m,train,0.65,1116
2.0,0.25,657,0.673,1.7607,1156.78,30m,train,0.65,1116
2.0,0.5,657,0.654,1.6681,1095.92,30m,train,0.65,1116
2.0,0.75,657,0.647,1.6395,1077.16,30m,train,0.65,1116
2.0,1.0,657,0.638,1.6251,1067.72,30m,train,0.65,1116
2.0,1.5,657,0.629,1.6102,1057.93,30m,train,0.65,1116
2.0,2.0,657,0.626,1.6024,1052.76,30m,train,0.65,1116
2.5,0.25,657,0.65,1.867,1226.65,30m,train,0.65,1116
2.5,0.5,657,0.627,1.786,1173.37,30m,train,0.65,1116
2.5,0.75,657,0.616,1.7592,1155.8,30m,train,0.65,1116
2.5,1.0,657,0.607,1.7345,1139.56,30m,train,0.65,1116
2.5,1.5,657,0.597,1.7056,1120.55,30m,train,0.65,1116
2.5,2.0,657,0.592,1.6911,1111.08,30m,train,0.65,1116
3.0,0.25,657,0.632,1.9447,1277.65,30m,train,0.65,1116
3.0,0.5,657,0.607,1.8266,1200.08,30m,train,0.65,1116
3.0,0.75,657,0.598,1.795,1179.34,30m,train,0.65,1116
3.0,1.0,657,0.589,1.7676,1161.33,30m,train,0.65,1116
3.0,1.5,657,0.578,1.7352,1140.06,30m,train,0.65,1116
3.0,2.0,657,0.572,1.7186,1129.14,30m,train,0.65,1116
3.5,0.25,657,0.619,2.0656,1357.12,30m,train,0.65,1116
3.5,0.5,657,0.592,1.9241,1264.11,30m,train,0.65,1116
3.5,0.75,657,0.581,1.8831,1237.22,30m,train,0.65,1116
3.5,1.0,657,0.571,1.8554,1219.02,30m,train,0.65,1116
3.5,1.5,657,0.557,1.8246,1198.75,30m,train,0.65,1116
3.5,2.0,657,0.551,1.8096,1188.92,30m,train,0.65,1116
4.0,0.25,657,0.615,2.2371,1469.79,30m,train,0.65,1116
4.0,0.5,657,0.586,2.0433,1342.48,30m,train,0.65,1116
4.0,0.75,657,0.571,1.9729,1296.21,30m,train,0.65,1116
4.0,1.0,657,0.56,1.9387,1273.73,30m,train,0.65,1116
4.0,1.5,657,0.546,1.8998,1248.19,30m,train,0.65,1116
4.0,2.0,657,0.539,1.8682,1227.39,30m,train,0.65,1116
4.5,0.25,657,0.61,2.2139,1454.55,30m,train,0.65,1116
4.5,0.5,657,0.578,1.9666,1292.06,30m,train,0.65,1116
4.5,0.75,657,0.56,1.8831,1237.19,30m,train,0.65,1116
4.5,1.0,657,0.548,1.8589,1221.28,30m,train,0.65,1116
4.5,1.5,657,0.534,1.835,1205.61,30m,train,0.65,1116
4.5,2.0,657,0.525,1.7999,1182.52,30m,train,0.65,1116
5.0,0.25,657,0.603,2.2906,1504.94,30m,train,0.65,1116
5.0,0.5,657,0.569,1.9877,1305.93,30m,train,0.65,1116
5.0,0.75,657,0.551,1.9018,1249.46,30m,train,0.65,1116
5.0,1.0,657,0.539,1.873,1230.57,30m,train,0.65,1116
5.0,1.5,657,0.522,1.8392,1208.33,30m,train,0.65,1116
5.0,2.0,657,0.513,1.7758,1166.69,30m,train,0.65,1116
1.5,0.25,652,0.689,1.6693,1088.4,30m,train,0.675,1116
1.5,0.5,652,0.672,1.6306,1063.16,30m,train,0.675,1116
1.5,0.75,652,0.664,1.6214,1057.14,30m,train,0.675,1116
1.5,1.0,652,0.658,1.6176,1054.66,30m,train,0.675,1116
1.5,1.5,652,0.655,1.6144,1052.62,30m,train,0.675,1116
1.5,2.0,652,0.652,1.6132,1051.8,30m,train,0.675,1116
2.0,0.25,652,0.679,1.8215,1187.62,30m,train,0.675,1116
2.0,0.5,652,0.66,1.7409,1135.06,30m,train,0.675,1116
2.0,0.75,652,0.653,1.7165,1119.17,30m,train,0.675,1116
2.0,1.0,652,0.646,1.7045,1111.31,30m,train,0.675,1116
2.0,1.5,652,0.637,1.6921,1103.27,30m,train,0.675,1116
2.0,2.0,652,0.635,1.6857,1099.06,30m,train,0.675,1116
2.5,0.25,652,0.656,1.877,1223.8,30m,train,0.675,1116
2.5,0.5,652,0.633,1.797,1171.62,30m,train,0.675,1116
2.5,0.75,652,0.621,1.7754,1157.54,30m,train,0.675,1116
2.5,1.0,652,0.613,1.7536,1143.36,30m,train,0.675,1116
2.5,1.5,652,0.604,1.728,1126.66,30m,train,0.675,1116
2.5,2.0,652,0.603,1.7155,1118.5,30m,train,0.675,1116
3.0,0.25,652,0.643,2.0109,1311.12,30m,train,0.675,1116
3.0,0.5,652,0.617,1.8781,1224.52,30m,train,0.675,1116
3.0,0.75,652,0.606,1.8362,1197.21,30m,train,0.675,1116
3.0,1.0,652,0.598,1.8033,1175.77,30m,train,0.675,1116
3.0,1.5,652,0.587,1.7651,1150.85,30m,train,0.675,1116
3.0,2.0,652,0.586,1.7453,1137.96,30m,train,0.675,1116
3.5,0.25,652,0.633,2.1926,1429.58,30m,train,0.675,1116
3.5,0.5,652,0.603,2.0518,1337.74,30m,train,0.675,1116
3.5,0.75,652,0.59,2.0144,1313.41,30m,train,0.675,1116
3.5,1.0,652,0.583,1.9891,1296.91,30m,train,0.675,1116
3.5,1.5,652,0.569,1.961,1278.59,30m,train,0.675,1116
3.5,2.0,652,0.566,1.9477,1269.92,30m,train,0.675,1116
4.0,0.25,652,0.627,2.3293,1518.7,30m,train,0.675,1116
4.0,0.5,652,0.595,2.1743,1417.64,30m,train,0.675,1116
4.0,0.75,652,0.58,2.1132,1377.8,30m,train,0.675,1116
4.0,1.0,652,0.569,2.082,1357.49,30m,train,0.675,1116
4.0,1.5,652,0.555,2.045,1333.34,30m,train,0.675,1116
4.0,2.0,652,0.551,2.0133,1312.68,30m,train,0.675,1116
4.5,0.25,652,0.624,2.3575,1537.12,30m,train,0.675,1116
4.5,0.5,652,0.592,2.1568,1406.21,30m,train,0.675,1116
4.5,0.75,652,0.575,2.0811,1356.85,30m,train,0.675,1116
4.5,1.0,652,0.563,2.0616,1344.14,30m,train,0.675,1116
4.5,1.5,652,0.549,2.0436,1332.4,30m,train,0.675,1116
4.5,2.0,652,0.543,2.012,1311.85,30m,train,0.675,1116
5.0,0.25,652,0.615,2.3619,1539.96,30m,train,0.675,1116
5.0,0.5,652,0.578,2.0669,1347.6,30m,train,0.675,1116
5.0,0.75,652,0.561,1.981,1291.59,30m,train,0.675,1116
5.0,1.0,652,0.548,1.9528,1273.22,30m,train,0.675,1116
5.0,1.5,652,0.531,1.9192,1251.34,30m,train,0.675,1116
5.0,2.0,652,0.525,1.8785,1224.79,30m,train,0.675,1116
1.5,0.25,648,0.698,1.6605,1076.04,30m,train,0.7,1116
1.5,0.5,648,0.677,1.6358,1060.02,30m,train,0.7,1116
1.5,0.75,648,0.673,1.6318,1057.4,30m,train,0.7,1116
1.5,1.0,648,0.671,1.6309,1056.83,30m,train,0.7,1116
1.5,1.5,648,0.662,1.6311,1056.94,30m,train,0.7,1116
1.5,2.0,648,0.659,1.6317,1057.33,30m,train,0.7,1116
2.0,0.25,648,0.685,1.8559,1202.64,30m,train,0.7,1116
2.0,0.5,648,0.664,1.79,1159.92,30m,train,0.7,1116
2.0,0.75,648,0.657,1.7715,1147.92,30m,train,0.7,1116
2.0,1.0,648,0.654,1.7626,1142.16,30m,train,0.7,1116
2.0,1.5,648,0.644,1.7538,1136.45,30m,train,0.7,1116
2.0,2.0,648,0.64,1.7493,1133.53,30m,train,0.7,1116
2.5,0.25,648,0.664,1.8904,1225.0,30m,train,0.7,1116
2.5,0.5,648,0.636,1.8095,1172.57,30m,train,0.7,1116
2.5,0.75,648,0.625,1.7874,1158.24,30m,train,0.7,1116
2.5,1.0,648,0.622,1.7652,1143.85,30m,train,0.7,1116
2.5,1.5,648,0.611,1.7387,1126.67,30m,train,0.7,1116
2.5,2.0,648,0.606,1.7255,1118.13,30m,train,0.7,1116
3.0,0.25,648,0.651,2.0594,1334.49,30m,train,0.7,1116
3.0,0.5,648,0.622,1.9618,1271.23,30m,train,0.7,1116
3.0,0.75,648,0.613,1.9284,1249.57,30m,train,0.7,1116
3.0,1.0,648,0.608,1.9,1231.19,30m,train,0.7,1116
3.0,1.5,648,0.596,1.8666,1209.58,30m,train,0.7,1116
3.0,2.0,648,0.591,1.8496,1198.55,30m,train,0.7,1116
3.5,0.25,648,0.639,2.1512,1393.96,30m,train,0.7,1116
3.5,0.5,648,0.606,2.0433,1324.09,30m,train,0.7,1116
3.5,0.75,648,0.597,2.0026,1297.69,30m,train,0.7,1116
3.5,1.0,648,0.593,1.9749,1279.73,30m,train,0.7,1116
3.5,1.5,648,0.577,1.9434,1259.33,30m,train,0.7,1116
3.5,2.0,648,0.571,1.9278,1249.24,30m,train,0.7,1116
4.0,0.25,648,0.633,2.3859,1546.08,30m,train,0.7,1116
4.0,0.5,648,0.596,2.2385,1450.53,30m,train,0.7,1116
4.0,0.75,648,0.583,2.1673,1404.42,30m,train,0.7,1116
4.0,1.0,648,0.577,2.1252,1377.15,30m,train,0.7,1116
4.0,1.5,648,0.562,2.0823,1349.3,30m,train,0.7,1116
4.0,2.0,648,0.554,2.0609,1335.45,30m,train,0.7,1116
4.5,0.25,648,0.63,2.3815,1543.24,30m,train,0.7,1116
4.5,0.5,648,0.593,2.179,1412.02,30m,train,0.7,1116
4.5,0.75,648,0.579,2.1008,1361.31,30m,train,0.7,1116
4.5,1.0,648,0.571,2.0788,1347.04,30m,train,0.7,1116
4.5,1.5,648,0.556,2.0432,1323.98,30m,train,0.7,1116
4.5,2.0,648,0.546,2.004,1298.59,30m,train,0.7,1116
5.0,0.25,648,0.622,2.3485,1521.81,30m,train,0.7,1116
5.0,0.5,648,0.583,2.0967,1358.65,30m,train,0.7,1116
5.0,0.75,648,0.568,2.0061,1299.96,30m,train,0.7,1116
5.0,1.0,648,0.557,1.9759,1280.4,30m,train,0.7,1116
5.0,1.5,648,0.539,1.9455,1260.71,30m,train,0.7,1116
5.0,2.0,648,0.528,1.907,1235.74,30m,train,0.7,1116
1.5,0.25,366,0.65,2.3903,874.84,30m,validation,0.3,452
1.5,0.5,366,0.631,2.3289,852.38,30m,validation,0.3,452
1.5,0.75,366,0.626,2.336,854.97,30m,validation,0.3,452
1.5,1.0,366,0.615,2.3421,857.21,30m,validation,0.3,452
1.5,1.5,366,0.607,2.3499,860.05,30m,validation,0.3,452
1.5,2.0,366,0.604,2.3539,861.54,30m,validation,0.3,452
2.0,0.25,366,0.617,2.3954,876.71,30m,validation,0.3,452
2.0,0.5,366,0.598,2.3521,860.87,30m,validation,0.3,452
2.0,0.75,366,0.593,2.3571,862.7,30m,validation,0.3,452
2.0,1.0,366,0.585,2.3601,863.78,30m,validation,0.3,452
2.0,1.5,366,0.577,2.3642,865.29,30m,validation,0.3,452
2.0,2.0,366,0.574,2.3663,866.07,30m,validation,0.3,452
2.5,0.25,366,0.607,2.5221,923.08,30m,validation,0.3,452
2.5,0.5,366,0.579,2.3007,842.05,30m,validation,0.3,452
2.5,0.75,366,0.571,2.3203,849.24,30m,validation,0.3,452
2.5,1.0,366,0.56,2.1868,800.36,30m,validation,0.3,452
2.5,1.5,366,0.552,2.1754,796.21,30m,validation,0.3,452
2.5,2.0,366,0.546,2.1697,794.12,30m,validation,0.3,452
3.0,0.25,366,0.585,2.4205,885.89,30m,validation,0.3,452
3.0,0.5,366,0.555,2.2504,823.65,30m,validation,0.3,452
3.0,0.75,366,0.546,2.255,825.35,30m,validation,0.3,452
3.0,1.0,366,0.536,2.1062,770.87,30m,validation,0.3,452
3.0,1.5,366,0.527,2.0789,760.89,30m,validation,0.3,452
3.0,2.0,366,0.522,2.0648,755.72,30m,validation,0.3,452
3.5,0.25,366,0.582,2.711,992.24,30m,validation,0.3,452
3.5,0.5,366,0.549,2.5316,926.58,30m,validation,0.3,452
3.5,0.75,366,0.541,2.5563,935.61,30m,validation,0.3,452
3.5,1.0,366,0.53,2.4301,889.43,30m,validation,0.3,452
3.5,1.5,366,0.522,2.405,880.24,30m,validation,0.3,452
3.5,2.0,366,0.516,2.3865,873.46,30m,validation,0.3,452
4.0,0.25,366,0.577,2.7801,1017.53,30m,validation,0.3,452
4.0,0.5,366,0.538,2.5463,931.94,30m,validation,0.3,452
4.0,0.75,366,0.527,2.5226,923.26,30m,validation,0.3,452
4.0,1.0,366,0.514,2.3933,875.94,30m,validation,0.3,452
4.0,1.5,366,0.503,2.3486,859.57,30m,validation,0.3,452
4.0,2.0,366,0.497,2.2995,841.61,30m,validation,0.3,452
4.5,0.25,366,0.568,2.84,1039.43,30m,validation,0.3,452
4.5,0.5,366,0.53,2.6982,987.55,30m,validation,0.3,452
4.5,0.75,366,0.519,2.7481,1005.81,30m,validation,0.3,452
4.5,1.0,366,0.505,2.6607,973.8,30m,validation,0.3,452
4.5,1.5,366,0.492,2.6493,969.64,30m,validation,0.3,452
4.5,2.0,366,0.486,2.6127,956.25,30m,validation,0.3,452
5.0,0.25,366,0.566,2.8093,1028.21,30m,validation,0.3,452
5.0,0.5,366,0.527,2.6533,971.1,30m,validation,0.3,452
5.0,0.75,366,0.508,2.7163,994.15,30m,validation,0.3,452
5.0,1.0,366,0.492,2.6298,962.52,30m,validation,0.3,452
5.0,1.5,366,0.478,2.6211,959.32,30m,validation,0.3,452
5.0,2.0,366,0.473,2.5741,942.13,30m,validation,0.3,452
1.5,0.25,364,0.651,2.3383,851.14,30m,validation,0.325,452
1.5,0.5,364,0.637,2.3292,847.83,30m,validation,0.325,452
1.5,0.75,364,0.629,2.3437,853.09,30m,validation,0.325,452
1.5,1.0,364,0.624,2.3538,856.77,30m,validation,0.325,452
1.5,1.5,364,0.613,2.3661,861.25,30m,validation,0.325,452
1.5,2.0,364,0.607,2.3729,863.72,30m,validation,0.325,452
2.0,0.25,364,0.621,2.389,869.59,30m,validation,0.325,452
2.0,0.5,364,0.604,2.3349,849.9,30m,validation,0.325,452
2.0,0.75,364,0.599,2.328,847.39,30m,validation,0.325,452
2.0,1.0,364,0.593,2.3295,847.96,30m,validation,0.325,452
2.0,1.5,364,0.582,2.3339,849.52,30m,validation,0.325,452
2.0,2.0,364,0.571,2.3366,850.53,30m,validation,0.325,452
2.5,0.25,364,0.604,2.5294,920.69,30m,validation,0.325,452
2.5,0.5,364,0.58,2.2625,823.56,30m,validation,0.325,452
2.5,0.75,364,0.571,2.2531,820.14,30m,validation,0.325,452
2.5,1.0,364,0.563,2.1058,766.5,30m,validation,0.325,452
2.5,1.5,364,0.555,2.0797,756.99,30m,validation,0.325,452
2.5,2.0,364,0.541,2.0661,752.06,30m,validation,0.325,452
3.0,0.25,364,0.588,2.4464,890.48,30m,validation,0.325,452
3.0,0.5,364,0.563,2.237,814.28,30m,validation,0.325,452
3.0,0.75,364,0.552,2.2182,807.43,30m,validation,0.325,452
3.0,1.0,364,0.544,2.0581,749.13,30m,validation,0.325,452
3.0,1.5,364,0.536,2.0181,734.61,30m,validation,0.325,452
3.0,2.0,364,0.522,1.997,726.91,30m,validation,0.325,452
3.5,0.25,364,0.582,2.7393,997.12,30m,validation,0.325,452
3.5,0.5,364,0.555,2.4556,893.86,30m,validation,0.325,452
3.5,0.75,364,0.544,2.4207,881.14,30m,validation,0.325,452
3.5,1.0,364,0.536,2.2594,822.43,30m,validation,0.325,452
3.5,1.5,364,0.527,2.2074,803.49,30m,validation,0.325,452
3.5,2.0,364,0.514,2.1783,792.88,30m,validation,0.325,452
4.0,0.25,364,0.577,2.7696,1008.12,30m,validation,0.325,452
4.0,0.5,364,0.547,2.4529,892.85,30m,validation,0.325,452
4.0,0.75,364,0.53,2.4406,888.37,30m,validation,0.325,452
4.0,1.0,364,0.522,2.3015,837.75,30m,validation,0.325,452
4.0,1.5,364,0.511,2.2485,818.45,30m,validation,0.325,452
4.0,2.0,364,0.497,2.1952,799.06,30m,validation,0.325,452
4.5,0.25,364,0.569,2.8588,1040.59,30m,validation,0.325,452
4.5,0.5,364,0.538,2.5944,944.35,30m,validation,0.325,452
4.5,0.75,364,0.522,2.6013,946.87,30m,validation,0.325,452
4.5,1.0,364,0.511,2.4935,907.62,30m,validation,0.325,452
4.5,1.5,364,0.497,2.4447,889.89,30m,validation,0.325,452
4.5,2.0,364,0.484,2.3925,870.87,30m,validation,0.325,452
5.0,0.25,364,0.566,2.8024,1020.06,30m,validation,0.325,452
5.0,0.5,364,0.533,2.594,944.21,30m,validation,0.325,452
5.0,0.75,364,0.511,2.6157,952.13,30m,validation,0.325,452
5.0,1.0,364,0.497,2.508,912.91,30m,validation,0.325,452
5.0,1.5,364,0.484,2.4813,903.18,30m,validation,0.325,452
5.0,2.0,364,0.47,2.4257,882.96,30m,validation,0.325,452
1.5,0.25,363,0.65,2.4492,889.05,30m,validation,0.35,452
1.5,0.5,363,0.639,2.4493,889.1,30m,validation,0.35,452
1.5,0.75,363,0.634,2.4678,895.79,30m,validation,0.35,452
1.5,1.0,363,0.625,2.4802,900.3,30m,validation,0.35,452
1.5,1.5,363,0.623,2.4952,905.75,30m,validation,0.35,452
1.5,2.0,363,0.614,2.5035,908.79,30m,validation,0.35,452
2.0,0.25,363,0.62,2.3902,867.63,30m,validation,0.35,452
2.0,0.5,363,0.603,2.3523,853.88,30m,validation,0.35,452
2.0,0.75,363,0.601,2.3637,858.03,30m,validation,0.35,452
2.0,1.0,363,0.59,2.3729,861.37,30m,validation,0.35,452
2.0,1.5,363,0.59,2.3849,865.71,30m,validation,0.35,452
2.0,2.0,363,0.579,2.3918,868.21,30m,validation,0.35,452
2.5,0.25,363,0.609,2.7637,1003.22,30m,validation,0.35,452
2.5,0.5,363,0.584,2.5478,924.87,30m,validation,0.35,452
2.5,0.75,363,0.581,2.5233,915.96,30m,validation,0.35,452
2.5,1.0,363,0.573,2.514,912.57,30m,validation,0.35,452
2.5,1.5,363,0.573,2.5066,909.88,30m,validation,0.35,452
2.5,2.0,363,0.562,2.5027,908.48,30m,validation,0.35,452
3.0,0.25,363,0.59,2.5439,923.42,30m,validation,0.35,452
3.0,0.5,363,0.565,2.3472,852.02,30m,validation,0.35,452
3.0,0.75,363,0.556,2.3343,847.36,30m,validation,0.35,452
3.0,1.0,363,0.545,2.1798,791.25,30m,validation,0.35,452
3.0,1.5,363,0.545,2.144,778.27,30m,validation,0.35,452
3.0,2.0,363,0.534,2.1255,771.54,30m,validation,0.35,452
3.5,0.25,363,0.581,2.7407,994.87,30m,validation,0.35,452
3.5,0.5,363,0.554,2.4948,905.62,30m,validation,0.35,452
3.5,0.75,363,0.545,2.4752,898.5,30m,validation,0.35,452
3.5,1.0,363,0.534,2.3132,839.68,30m,validation,0.35,452
3.5,1.5,363,0.534,2.2684,823.44,30m,validation,0.35,452
3.5,2.0,363,0.523,2.245,814.94,30m,validation,0.35,452
4.0,0.25,363,0.576,2.8406,1031.13,30m,validation,0.35,452
4.0,0.5,363,0.545,2.6123,948.25,30m,validation,0.35,452
4.0,0.75,363,0.534,2.6226,952.01,30m,validation,0.35,452
4.0,1.0,363,0.523,2.4864,902.56,30m,validation,0.35,452
4.0,1.5,363,0.523,2.4403,885.81,30m,validation,0.35,452
4.0,2.0,363,0.512,2.3935,868.83,30m,validation,0.35,452
4.5,0.25,363,0.57,2.92,1059.96,30m,validation,0.35,452
4.5,0.5,363,0.54,2.6176,950.2,30m,validation,0.35,452
4.5,0.75,363,0.526,2.5906,940.38,30m,validation,0.35,452
4.5,1.0,363,0.512,2.4691,896.27,30m,validation,0.35,452
4.5,1.5,363,0.507,2.4202,878.53,30m,validation,0.35,452
4.5,2.0,363,0.496,2.3704,860.45,30m,validation,0.35,452
5.0,0.25,363,0.565,2.8583,1037.57,30m,validation,0.35,452
5.0,0.5,363,0.532,2.6853,974.77,30m,validation,0.35,452
5.0,0.75,363,0.515,2.685,974.67,30m,validation,0.35,452
5.0,1.0,363,0.499,2.5589,928.88,30m,validation,0.35,452
5.0,1.5,363,0.493,2.5079,910.38,30m,validation,0.35,452
5.0,2.0,363,0.482,2.4501,889.39,30m,validation,0.35,452
1.5,0.25,363,0.658,2.5348,920.15,30m,validation,0.375,452
1.5,0.5,363,0.645,2.5594,929.08,30m,validation,0.375,452
1.5,0.75,363,0.642,2.5774,935.61,30m,validation,0.375,452
1.5,1.0,363,0.634,2.5894,939.96,30m,validation,0.375,452
1.5,1.5,363,0.628,2.6039,945.22,30m,validation,0.375,452
1.5,2.0,363,0.625,2.6121,948.18,30m,validation,0.375,452
2.0,0.25,363,0.625,2.3978,870.42,30m,validation,0.375,452
2.0,0.5,363,0.606,2.3698,860.23,30m,validation,0.375,452
2.0,0.75,363,0.603,2.3802,864.0,30m,validation,0.375,452
2.0,1.0,363,0.595,2.389,867.22,30m,validation,0.375,452
2.0,1.5,363,0.592,2.4009,871.52,30m,validation,0.375,452
2.0,2.0,363,0.59,2.4079,874.05,30m,validation,0.375,452
2.5,0.25,363,0.612,2.7422,995.41,30m,validation,0.375,452
2.5,0.5,363,0.59,2.732,991.73,30m,validation,0.375,452
2.5,0.75,363,0.584,2.7147,985.42,30m,validation,0.375,452
2.5,1.0,363,0.579,2.71,983.73,30m,validation,0.375,452
2.5,1.5,363,0.576,2.7082,983.08,30m,validation,0.375,452
2.5,2.0,363,0.57,2.7078,982.92,30m,validation,0.375,452
3.0,0.25,363,0.592,2.5295,918.21,30m,validation,0.375,452
3.0,0.5,363,0.565,2.3058,837.01,30m,validation,0.375,452
3.0,0.75,363,0.554,2.2912,831.7,30m,validation,0.375,452
3.0,1.0,363,0.545,2.1454,778.78,30m,validation,0.375,452
3.0,1.5,363,0.543,2.1162,768.17,30m,validation,0.375,452
3.0,2.0,363,0.537,2.1011,762.69,30m,validation,0.375,452
3.5,0.25,363,0.584,2.6312,955.13,30m,validation,0.375,452
3.5,0.5,363,0.556,2.458,892.25,30m,validation,0.375,452
3.5,0.75,363,0.545,2.4258,880.56,30m,validation,0.375,452
3.5,1.0,363,0.537,2.2691,823.67,30m,validation,0.375,452
3.5,1.5,363,0.534,2.2299,809.45,30m,validation,0.375,452
3.5,2.0,363,0.529,2.21,802.24,30m,validation,0.375,452
4.0,0.25,363,0.581,2.8123,1020.85,30m,validation,0.375,452
4.0,0.5,363,0.548,2.6185,950.52,30m,validation,0.375,452
4.0,0.75,363,0.537,2.6221,951.82,30m,validation,0.375,452
4.0,1.0,363,0.529,2.4826,901.18,30m,validation,0.375,452
4.0,1.5,363,0.526,2.4391,885.38,30m,validation,0.375,452
4.0,2.0,363,0.521,2.4106,875.04,30m,validation,0.375,452
4.5,0.25,363,0.579,3.0136,1093.94,30m,validation,0.375,452
4.5,0.5,363,0.545,2.7385,994.06,30m,validation,0.375,452
4.5,0.75,363,0.529,2.7057,982.18,30m,validation,0.375,452
4.5,1.0,363,0.518,2.5793,936.3,30m,validation,0.375,452
4.5,1.5,363,0.51,2.5232,915.91,30m,validation,0.375,452
4.5,2.0,363,0.504,2.4678,895.81,30m,validation,0.375,452
5.0,0.25,363,0.567,2.9598,1074.41,30m,validation,0.375,452
5.0,0.5,363,0.532,2.8326,1028.23,30m,validation,0.375,452
5.0,0.75,363,0.515,2.8443,1032.46,30m,validation,0.375,452
5.0,1.0,363,0.504,2.726,989.55,30m,validation,0.375,452
5.0,1.5,363,0.496,2.6828,973.84,30m,validation,0.375,452
5.0,2.0,363,0.49,2.6295,954.52,30m,validation,0.375,452
1.5,0.25,362,0.655,2.4127,873.39,30m,validation,0.4,452
1.5,0.5,362,0.641,2.4353,881.58,30m,validation,0.4,452
1.5,0.75,362,0.641,2.4534,888.11,30m,validation,0.4,452
1.5,1.0,362,0.633,2.4655,892.51,30m,validation,0.4,452
1.5,1.5,362,0.63,2.4802,897.84,30m,validation,0.4,452
1.5,2.0,362,0.624,2.4885,900.84,30m,validation,0.4,452
2.0,0.25,362,0.624,2.3346,845.14,30m,validation,0.4,452
2.0,0.5,362,0.605,2.2978,831.81,30m,validation,0.4,452
2.0,0.75,362,0.605,2.3042,834.1,30m,validation,0.4,452
2.0,1.0,362,0.597,2.3107,836.49,30m,validation,0.4,452
2.0,1.5,362,0.591,2.3199,839.8,30m,validation,0.4,452
2.0,2.0,362,0.588,2.3253,841.76,30m,validation,0.4,452
2.5,0.25,362,0.608,2.8442,1029.62,30m,validation,0.4,452
2.5,0.5,362,0.586,2.8099,1017.19,30m,validation,0.4,452
2.5,0.75,362,0.586,2.7917,1010.6,30m,validation,0.4,452
2.5,1.0,362,0.577,2.7852,1008.23,30m,validation,0.4,452
2.5,1.5,362,0.575,2.7799,1006.32,30m,validation,0.4,452
2.5,2.0,362,0.572,2.7771,1005.29,30m,validation,0.4,452
3.0,0.25,362,0.588,2.5502,923.16,30m,validation,0.4,452
3.0,0.5,362,0.561,2.3321,844.23,30m,validation,0.4,452
3.0,0.75,362,0.558,2.3181,839.15,30m,validation,0.4,452
3.0,1.0,362,0.547,2.1749,787.3,30m,validation,0.4,452
3.0,1.5,362,0.541,2.1465,777.02,30m,validation,0.4,452
3.0,2.0,362,0.539,2.1321,771.83,30m,validation,0.4,452
3.5,0.25,362,0.577,2.5742,931.88,30m,validation,0.4,452
3.5,0.5,362,0.55,2.3766,860.34,30m,validation,0.4,452
3.5,0.75,362,0.547,2.3505,850.86,30m,validation,0.4,452
3.5,1.0,362,0.533,2.1925,793.7,30m,validation,0.4,452
3.5,1.5,362,0.528,2.1478,777.52,30m,validation,0.4,452
3.5,2.0,362,0.525,2.1243,769.0,30m,validation,0.4,452
4.0,0.25,362,0.575,2.7601,999.17,30m,validation,0.4,452
4.0,0.5,362,0.544,2.5458,921.57,30m,validation,0.4,452
4.0,0.75,362,0.541,2.514,910.08,30m,validation,0.4,452
4.0,1.0,362,0.528,2.3574,853.37,30m,validation,0.4,452
4.0,1.5,362,0.522,2.3031,833.74,30m,validation,0.4,452
4.0,2.0,362,0.519,2.2729,822.79,30m,validation,0.4,452
4.5,0.25,362,0.575,2.9657,1073.6,30m,validation,0.4,452
4.5,0.5,362,0.539,2.6673,965.58,30m,validation,0.4,452
4.5,0.75,362,0.53,2.6018,941.84,30m,validation,0.4,452
4.5,1.0,362,0.514,2.4616,891.12,30m,validation,0.4,452
4.5,1.5,362,0.503,2.4038,870.19,30m,validation,0.4,452
4.5,2.0,362,0.5,2.3479,849.94,30m,validation,0.4,452
5.0,0.25,362,0.566,3.0178,1092.46,30m,validation,0.4,452
5.0,0.5,362,0.53,2.8963,1048.44,30m,validation,0.4,452
5.0,0.75,362,0.522,2.9125,1054.32,30m,validation,0.4,452
5.0,1.0,362,0.506,2.7989,1013.19,30m,validation,0.4,452
5.0,1.5,362,0.494,2.7414,992.38,30m,validation,0.4,452
5.0,2.0,362,0.492,2.6846,971.81,30m,validation,0.4,452
1.5,0.25,361,0.651,2.4258,875.72,30m,validation,0.425,452
1.5,0.5,361,0.64,2.4707,891.91,30m,validation,0.425,452
1.5,0.75,361,0.637,2.4998,902.43,30m,validation,0.425,452
1.5,1.0,361,0.626,2.5189,909.31,30m,validation,0.425,452
1.5,1.5,361,0.626,2.5421,917.68,30m,validation,0.425,452
1.5,2.0,361,0.623,2.5556,922.56,30m,validation,0.425,452
2.0,0.25,361,0.637,2.6571,959.21,30m,validation,0.425,452
2.0,0.5,361,0.615,2.6339,950.83,30m,validation,0.425,452
2.0,0.75,361,0.612,2.6463,955.33,30m,validation,0.425,452
2.0,1.0,361,0.604,2.6565,958.99,30m,validation,0.425,452
2.0,1.5,361,0.601,2.6698,963.81,30m,validation,0.425,452
2.0,2.0,361,0.598,2.6777,966.67,30m,validation,0.425,452
2.5,0.25,361,0.615,2.794,1008.62,30m,validation,0.425,452
2.5,0.5,361,0.587,2.7629,997.41,30m,validation,0.425,452
2.5,0.75,361,0.584,2.7523,993.56,30m,validation,0.425,452
2.5,1.0,361,0.576,2.7507,993.01,30m,validation,0.425,452
2.5,1.5,361,0.573,2.7516,993.34,30m,validation,0.425,452
2.5,2.0,361,0.573,2.7527,993.72,30m,validation,0.425,452
3.0,0.25,361,0.601,2.5992,938.3,30m,validation,0.425,452
3.0,0.5,361,0.565,2.3955,864.76,30m,validation,0.425,452
3.0,0.75,361,0.557,2.3889,862.4,30m,validation,0.425,452
3.0,1.0,361,0.548,2.2523,813.09,30m,validation,0.425,452
3.0,1.5,361,0.543,2.2296,804.88,30m,validation,0.425,452
3.0,2.0,361,0.543,2.2188,800.97,30m,validation,0.425,452
3.5,0.25,361,0.584,2.5538,921.92,30m,validation,0.425,452
3.5,0.5,361,0.548,2.4092,869.71,30m,validation,0.425,452
3.5,0.75,361,0.54,2.395,864.58,30m,validation,0.425,452
3.5,1.0,361,0.532,2.2462,810.87,30m,validation,0.425,452
3.5,1.5,361,0.524,2.21,797.82,30m,validation,0.425,452
3.5,2.0,361,0.524,2.1917,791.22,30m,validation,0.425,452
4.0,0.25,361,0.582,2.7636,997.65,30m,validation,0.425,452
4.0,0.5,361,0.543,2.5784,930.79,30m,validation,0.425,452
4.0,0.75,361,0.535,2.5534,921.79,30m,validation,0.425,452
4.0,1.0,361,0.526,2.4063,868.68,30m,validation,0.425,452
4.0,1.5,361,0.518,2.361,852.34,30m,validation,0.425,452
4.0,2.0,361,0.518,2.3363,843.39,30m,validation,0.425,452
4.5,0.25,361,0.582,2.9176,1053.27,30m,validation,0.425,452
4.5,0.5,361,0.537,2.6212,946.26,30m,validation,0.425,452
4.5,0.75,361,0.524,2.6031,939.71,30m,validation,0.425,452
4.5,1.0,361,0.515,2.4728,892.69,30m,validation,0.425,452
4.5,1.5,361,0.504,2.4247,875.33,30m,validation,0.425,452
4.5,2.0,361,0.501,2.3749,857.34,30m,validation,0.425,452
5.0,0.25,361,0.573,2.953,1066.01,30m,validation,0.425,452
5.0,0.5,361,0.529,2.8007,1011.04,30m,validation,0.425,452
5.0,0.75,361,0.515,2.8049,1012.56,30m,validation,0.425,452
5.0,1.0,361,0.504,2.7049,976.46,30m,validation,0.425,452
5.0,1.5,361,0.493,2.6606,960.46,30m,validation,0.425,452
5.0,2.0,361,0.49,2.6114,942.73,30m,validation,0.425,452
1.5,0.25,358,0.659,2.5122,899.37,30m,validation,0.45,452
1.5,0.5,358,0.642,2.5578,915.69,30m,validation,0.45,452
1.5,0.75,358,0.64,2.5857,925.7,30m,validation,0.45,452
1.5,1.0,358,0.634,2.6037,932.13,30m,validation,0.45,452
1.5,1.5,358,0.628,2.6254,939.88,30m,validation,0.45,452
1.5,2.0,358,0.628,2.6379,944.38,30m,validation,0.45,452
2.0,0.25,358,0.642,2.6799,959.4,30m,validation,0.45,452
2.0,0.5,358,0.62,2.6503,948.81,30m,validation,0.45,452
2.0,0.75,358,0.615,2.6591,951.96,30m,validation,0.45,452
2.0,1.0,358,0.609,2.6667,954.66,30m,validation,0.45,452
2.0,1.5,358,0.603,2.6767,958.25,30m,validation,0.45,452
2.0,2.0,358,0.603,2.6825,960.34,30m,validation,0.45,452
2.5,0.25,358,0.623,2.8261,1011.73,30m,validation,0.45,452
2.5,0.5,358,0.598,2.8083,1005.37,30m,validation,0.45,452
2.5,0.75,358,0.589,2.8009,1002.72,30m,validation,0.45,452
2.5,1.0,358,0.584,2.8036,1003.68,30m,validation,0.45,452
2.5,1.5,358,0.578,2.8097,1005.87,30m,validation,0.45,452
2.5,2.0,358,0.578,2.814,1007.4,30m,validation,0.45,452
3.0,0.25,358,0.617,3.014,1079.01,30m,validation,0.45,452
3.0,0.5,358,0.584,2.7948,1000.53,30m,validation,0.45,452
3.0,0.75,358,0.57,2.7526,985.44,30m,validation,0.45,452
3.0,1.0,358,0.564,2.7339,978.75,30m,validation,0.45,452
3.0,1.5,358,0.559,2.7161,972.37,30m,validation,0.45,452
3.0,2.0,358,0.559,2.7065,968.93,30m,validation,0.45,452
3.5,0.25,358,0.598,2.8265,1011.87,30m,validation,0.45,452
3.5,0.5,358,0.561,2.673,956.93,30m,validation,0.45,452
3.5,0.75,358,0.547,2.6559,950.81,30m,validation,0.45,452
3.5,1.0,358,0.542,2.5062,897.22,30m,validation,0.45,452
3.5,1.5,358,0.531,2.4669,883.17,30m,validation,0.45,452
3.5,2.0,358,0.531,2.4468,875.96,30m,validation,0.45,452
4.0,0.25,358,0.589,2.9353,1050.82,30m,validation,0.45,452
4.0,0.5,358,0.55,2.7306,977.56,30m,validation,0.45,452
4.0,0.75,358,0.536,2.6895,962.84,30m,validation,0.45,452
4.0,1.0,358,0.531,2.5295,905.57,30m,validation,0.45,452
4.0,1.5,358,0.52,2.4799,887.81,30m,validation,0.45,452
4.0,2.0,358,0.52,2.4541,878.58,30m,validation,0.45,452
4.5,0.25,358,0.589,3.0884,1105.63,30m,validation,0.45,452
4.5,0.5,358,0.545,2.8273,1012.18,30m,validation,0.45,452
4.5,0.75,358,0.531,2.7992,1002.13,30m,validation,0.45,452
4.5,1.0,358,0.522,2.655,950.48,30m,validation,0.45,452
4.5,1.5,358,0.511,2.6032,931.96,30m,validation,0.45,452
4.5,2.0,358,0.508,2.5708,920.35,30m,validation,0.45,452
5.0,0.25,358,0.584,3.1733,1136.03,30m,validation,0.45,452
5.0,0.5,358,0.539,2.9389,1052.13,30m,validation,0.45,452
5.0,0.75,358,0.522,2.8787,1030.57,30m,validation,0.45,452
5.0,1.0,358,0.511,2.7394,980.69,30m,validation,0.45,452
5.0,1.5,358,0.5,2.6721,956.61,30m,validation,0.45,452
5.0,2.0,358,0.494,2.6134,935.61,30m,validation,0.45,452
1.5,0.25,358,0.662,2.6017,931.42,30m,validation,0.475,452
1.5,0.5,358,0.642,2.6386,944.63,30m,validation,0.475,452
1.5,0.75,358,0.64,2.6644,953.85,30m,validation,0.475,452
1.5,1.0,358,0.634,2.6814,959.93,30m,validation,0.475,452
1.5,1.5,358,0.628,2.7022,967.4,30m,validation,0.475,452
1.5,2.0,358,0.628,2.7145,971.79,30m,validation,0.475,452
2.0,0.25,358,0.642,2.6576,951.43,30m,validation,0.475,452
2.0,0.5,358,0.623,2.6873,962.06,30m,validation,0.475,452
2.0,0.75,358,0.617,2.7104,970.34,30m,validation,0.475,452
2.0,1.0,358,0.612,2.7259,975.86,30m,validation,0.475,452
2.0,1.5,358,0.606,2.7448,982.63,30m,validation,0.475,452
2.0,2.0,358,0.606,2.7558,986.57,30m,validation,0.475,452
2.5,0.25,358,0.617,2.7656,990.09,30m,validation,0.475,452
2.5,0.5,358,0.595,2.7429,981.98,30m,validation,0.475,452
2.5,0.75,358,0.587,2.7544,986.07,30m,validation,0.475,452
2.5,1.0,358,0.581,2.7643,989.63,30m,validation,0.475,452
2.5,1.5,358,0.575,2.7779,994.48,30m,validation,0.475,452
2.5,2.0,358,0.575,2.7862,997.45,30m,validation,0.475,452
3.0,0.25,358,0.615,3.0618,1096.12,30m,validation,0.475,452
3.0,0.5,358,0.587,3.0114,1078.09,30m,validation,0.475,452
3.0,0.75,358,0.575,2.9812,1067.26,30m,validation,0.475,452
3.0,1.0,358,0.57,2.9696,1063.13,30m,validation,0.475,452
3.0,1.5,358,0.564,2.9601,1059.73,30m,validation,0.475,452
3.0,2.0,358,0.564,2.9554,1058.04,30m,validation,0.475,452
3.5,0.25,358,0.592,2.8001,1002.42,30m,validation,0.475,452
3.5,0.5,358,0.559,2.6062,933.02,30m,validation,0.475,452
3.5,0.75,358,0.545,2.5959,929.34,30m,validation,0.475,452
3.5,1.0,358,0.539,2.4529,878.12,30m,validation,0.475,452
3.5,1.5,358,0.531,2.418,865.63,30m,validation,0.475,452
3.5,2.0,358,0.528,2.4002,859.29,30m,validation,0.475,452
4.0,0.25,358,0.587,2.8905,1034.8,30m,validation,0.475,452
4.0,0.5,358,0.553,2.7036,967.91,30m,validation,0.475,452
4.0,0.75,358,0.539,2.6591,951.96,30m,validation,0.475,452
4.0,1.0,358,0.534,2.5026,895.94,30m,validation,0.475,452
4.0,1.5,358,0.525,2.4545,878.71,30m,validation,0.475,452
4.0,2.0,358,0.522,2.4297,869.84,30m,validation,0.475,452
4.5,0.25,358,0.584,3.0984,1109.22,30m,validation,0.475,452
4.5,0.5,358,0.545,2.8272,1012.15,30m,validation,0.475,452
4.5,0.75,358,0.531,2.7692,991.38,30m,validation,0.475,452
4.5,1.0,358,0.522,2.6122,935.16,30m,validation,0.475,452
4.5,1.5,358,0.514,2.5529,913.94,30m,validation,0.475,452
4.5,2.0,358,0.508,2.5199,902.11,30m,validation,0.475,452
5.0,0.25,358,0.584,3.2408,1160.2,30m,validation,0.475,452
5.0,0.5,358,0.542,3.0124,1078.45,30m,validation,0.475,452
5.0,0.75,358,0.525,2.9371,1051.48,30m,validation,0.475,452
5.0,1.0,358,0.514,2.7888,998.38,30m,validation,0.475,452
5.0,1.5,358,0.506,2.7234,974.98,30m,validation,0.475,452
5.0,2.0,358,0.497,2.6661,954.47,30m,validation,0.475,452
1.5,0.25,358,0.662,2.6171,936.92,30m,validation,0.5,452
1.5,0.5,358,0.645,2.6609,952.61,30m,validation,0.5,452
1.5,0.75,358,0.642,2.6895,962.85,30m,validation,0.5,452
1.5,1.0,358,0.642,2.7081,969.51,30m,validation,0.5,452
1.5,1.5,358,0.637,2.7309,977.67,30m,validation,0.5,452
1.5,2.0,358,0.631,2.7444,982.48,30m,validation,0.5,452
2.0,0.25,358,0.642,2.6437,946.44,30m,validation,0.5,452
2.0,0.5,358,0.623,2.6726,956.81,30m,validation,0.5,452
2.0,0.75,358,0.617,2.6944,964.59,30m,validation,0.5,452
2.0,1.0,358,0.617,2.7088,969.75,30m,validation,0.5,452
2.0,1.5,358,0.609,2.7264,976.06,30m,validation,0.5,452
2.0,2.0,358,0.606,2.7366,979.71,30m,validation,0.5,452
2.5,0.25,358,0.617,2.6823,960.26,30m,validation,0.5,452
2.5,0.5,358,0.595,2.6741,957.31,30m,validation,0.5,452
2.5,0.75,358,0.587,2.6904,963.18,30m,validation,0.5,452
2.5,1.0,358,0.587,2.7032,967.73,30m,validation,0.5,452
2.5,1.5,358,0.578,2.7199,973.71,30m,validation,0.5,452
2.5,2.0,358,0.575,2.73,977.35,30m,validation,0.5,452
3.0,0.25,358,0.615,3.1137,1114.7,30m,validation,0.5,452
3.0,0.5,358,0.587,3.0929,1107.24,30m,validation,0.5,452
3.0,0.75,358,0.578,3.0826,1103.58,30m,validation,0.5,452
3.0,1.0,358,0.578,3.082,1103.35,30m,validation,0.5,452
3.0,1.5,358,0.57,3.084,1104.06,30m,validation,0.5,452
3.0,2.0,358,0.567,3.0857,1104.67,30m,validation,0.5,452
3.5,0.25,358,0.595,2.9256,1047.36,30m,validation,0.5,452
3.5,0.5,358,0.561,2.7596,987.95,30m,validation,0.5,452
3.5,0.75,358,0.55,2.7528,985.51,30m,validation,0.5,452
3.5,1.0,358,0.547,2.6216,938.52,30m,validation,0.5,452
3.5,1.5,358,0.536,2.5976,929.94,30m,validation,0.5,452
3.5,2.0,358,0.534,2.5862,925.84,30m,validation,0.5,452
4.0,0.25,358,0.587,2.8987,1037.73,30m,validation,0.5,452
4.0,0.5,358,0.55,2.6839,960.84,30m,validation,0.5,452
4.0,0.75,358,0.539,2.6446,946.76,30m,validation,0.5,452
4.0,1.0,358,0.536,2.4936,892.71,30m,validation,0.5,452
4.0,1.5,358,0.525,2.4491,876.76,30m,validation,0.5,452
4.0,2.0,358,0.522,2.4264,868.66,30m,validation,0.5,452
4.5,0.25,358,0.584,3.1106,1113.58,30m,validation,0.5,452
4.5,0.5,358,0.547,2.7715,992.18,30m,validation,0.5,452
4.5,0.75,358,0.531,2.7136,971.45,30m,validation,0.5,452
4.5,1.0,358,0.528,2.56,916.49,30m,validation,0.5,452
4.5,1.5,358,0.517,2.5022,895.78,30m,validation,0.5,452
4.5,2.0,358,0.511,2.47,884.25,30m,validation,0.5,452
5.0,0.25,358,0.584,3.2865,1176.56,30m,validation,0.5,452
5.0,0.5,358,0.545,2.9426,1053.44,30m,validation,0.5,452
5.0,0.75,358,0.525,2.9032,1039.36,30m,validation,0.5,452
5.0,1.0,358,0.52,2.7704,991.81,30m,validation,0.5,452
5.0,1.5,358,0.508,2.7207,974.03,30m,validation,0.5,452
5.0,2.0,358,0.5,2.6721,956.62,30m,validation,0.5,452
1.5,0.25,356,0.666,2.6111,929.54,30m,validation,0.525,452
1.5,0.5,356,0.654,2.6603,947.07,30m,validation,0.525,452
1.5,0.75,356,0.646,2.6899,957.6,30m,validation,0.525,452
1.5,1.0,356,0.64,2.7088,964.35,30m,validation,0.525,452
1.5,1.5,356,0.635,2.7317,972.5,30m,validation,0.525,452
1.5,2.0,356,0.635,2.745,977.23,30m,validation,0.525,452
2.0,0.25,356,0.646,2.6399,939.81,30m,validation,0.525,452
2.0,0.5,356,0.629,2.6605,947.13,30m,validation,0.525,452
2.0,0.75,356,0.618,2.6778,953.3,30m,validation,0.525,452
2.0,1.0,356,0.615,2.6896,957.48,30m,validation,0.525,452
2.0,1.5,356,0.607,2.704,962.62,30m,validation,0.525,452
2.0,2.0,356,0.607,2.7122,965.56,30m,validation,0.525,452
2.5,0.25,356,0.626,2.6497,943.28,30m,validation,0.525,452
2.5,0.5,356,0.607,2.627,935.21,30m,validation,0.525,452
2.5,0.75,356,0.593,2.6373,938.89,30m,validation,0.525,452
2.5,1.0,356,0.59,2.6463,942.09,30m,validation,0.525,452
2.5,1.5,356,0.579,2.6585,946.41,30m,validation,0.525,452
2.5,2.0,356,0.579,2.6658,949.02,30m,validation,0.525,452
3.0,0.25,356,0.615,2.9526,1051.11,30m,validation,0.525,452
3.0,0.5,356,0.59,2.8842,1026.78,30m,validation,0.525,452
3.0,0.75,356,0.576,2.8563,1016.84,30m,validation,0.525,452
3.0,1.0,356,0.573,2.8486,1014.09,30m,validation,0.525,452
3.0,1.5,356,0.562,2.8429,1012.08,30m,validation,0.525,452
3.0,2.0,356,0.562,2.8401,1011.09,30m,validation,0.525,452
3.5,0.25,356,0.607,3.0131,1072.68,30m,validation,0.525,452
3.5,0.5,356,0.576,2.8004,996.93,30m,validation,0.525,452
3.5,0.75,356,0.559,2.7548,980.7,30m,validation,0.525,452
3.5,1.0,356,0.553,2.7342,973.36,30m,validation,0.525,452
3.5,1.5,356,0.542,2.7137,966.08,30m,validation,0.525,452
3.5,2.0,356,0.542,2.7023,962.01,30m,validation,0.525,452
4.0,0.25,356,0.59,2.8263,1006.15,30m,validation,0.525,452
4.0,0.5,356,0.559,2.6483,942.8,30m,validation,0.525,452
4.0,0.75,356,0.542,2.6066,927.95,30m,validation,0.525,452
4.0,1.0,356,0.537,2.4561,874.38,30m,validation,0.525,452
4.0,1.5,356,0.522,2.4103,858.07,30m,validation,0.525,452
4.0,2.0,356,0.522,2.387,849.77,30m,validation,0.525,452
4.5,0.25,356,0.584,2.9922,1065.21,30m,validation,0.525,452
4.5,0.5,356,0.551,2.799,996.46,30m,validation,0.525,452
4.5,0.75,356,0.534,2.7622,983.35,30m,validation,0.525,452
4.5,1.0,356,0.528,2.6102,929.24,30m,validation,0.525,452
4.5,1.5,356,0.514,2.5619,912.03,30m,validation,0.525,452
4.5,2.0,356,0.514,2.5369,903.13,30m,validation,0.525,452
5.0,0.25,356,0.584,3.1408,1118.11,30m,validation,0.525,452
5.0,0.5,356,0.548,2.8405,1011.23,30m,validation,0.525,452
5.0,0.75,356,0.528,2.7771,988.67,30m,validation,0.525,452
5.0,1.0,356,0.522,2.6213,933.19,30m,validation,0.525,452
5.0,1.5,356,0.506,2.5591,911.03,30m,validation,0.525,452
5.0,2.0,356,0.5,2.5245,898.71,30m,validation,0.525,452
1.5,0.25,354,0.661,2.287,809.6,30m,validation,0.55,452
1.5,0.5,354,0.65,2.3534,833.09,30m,validation,0.55,452
1.5,0.75,354,0.647,2.3901,846.1,30m,validation,0.55,452
1.5,1.0,354,0.641,2.4133,854.29,30m,validation,0.55,452
1.5,1.5,354,0.63,2.441,864.12,30m,validation,0.55,452
1.5,2.0,354,0.63,2.4571,869.81,30m,validation,0.55,452
2.0,0.25,354,0.644,2.5404,899.29,30m,validation,0.55,452
2.0,0.5,354,0.63,2.5689,909.4,30m,validation,0.55,452
2.0,0.75,354,0.624,2.5916,917.44,30m,validation,0.55,452
2.0,1.0,354,0.619,2.6068,922.81,30m,validation,0.55,452
2.0,1.5,354,0.607,2.6254,929.39,30m,validation,0.55,452
2.0,2.0,354,0.607,2.6362,933.2,30m,validation,0.55,452
2.5,0.25,354,0.627,2.6907,952.49,30m,validation,0.55,452
2.5,0.5,354,0.61,2.6628,942.64,30m,validation,0.55,452
2.5,0.75,354,0.602,2.6708,945.46,30m,validation,0.55,452
2.5,1.0,354,0.596,2.6782,948.08,30m,validation,0.55,452
2.5,1.5,354,0.582,2.6882,951.62,30m,validation,0.55,452
2.5,2.0,354,0.582,2.6941,953.7,30m,validation,0.55,452
3.0,0.25,354,0.613,2.8273,1000.87,30m,validation,0.55,452
3.0,0.5,354,0.593,2.7972,990.2,30m,validation,0.55,452
3.0,0.75,354,0.585,2.7854,986.04,30m,validation,0.55,452
3.0,1.0,354,0.579,2.7873,986.69,30m,validation,0.55,452
3.0,1.5,354,0.565,2.7927,988.62,30m,validation,0.55,452
3.0,2.0,354,0.565,2.7964,989.93,30m,validation,0.55,452
3.5,0.25,354,0.605,2.9377,1039.93,30m,validation,0.55,452
3.5,0.5,354,0.579,2.8587,1011.98,30m,validation,0.55,452
3.5,0.75,354,0.571,2.8104,994.9,30m,validation,0.55,452
3.5,1.0,354,0.559,2.7891,987.34,30m,validation,0.55,452
3.5,1.5,354,0.545,2.7682,979.95,30m,validation,0.55,452
3.5,2.0,354,0.545,2.7567,975.89,30m,validation,0.55,452
4.0,0.25,354,0.588,2.7811,984.51,30m,validation,0.55,452
4.0,0.5,354,0.559,2.6177,926.67,30m,validation,0.55,452
4.0,0.75,354,0.551,2.5988,919.98,30m,validation,0.55,452
4.0,1.0,354,0.54,2.4561,869.45,30m,validation,0.55,452
4.0,1.5,354,0.523,2.4153,855.03,30m,validation,0.55,452
4.0,2.0,354,0.523,2.3944,847.63,30m,validation,0.55,452
4.5,0.25,354,0.579,2.8019,991.86,30m,validation,0.55,452
4.5,0.5,354,0.548,2.5661,908.39,30m,validation,0.55,452
4.5,0.75,354,0.54,2.5144,890.09,30m,validation,0.55,452
4.5,1.0,354,0.528,2.3597,835.32,30m,validation,0.55,452
4.5,1.5,354,0.511,2.3068,816.61,30m,validation,0.55,452
4.5,2.0,354,0.511,2.2793,806.88,30m,validation,0.55,452
5.0,0.25,354,0.579,3.0515,1080.25,30m,validation,0.55,452
5.0,0.5,354,0.548,2.7822,984.9,30m,validation,0.55,452
5.0,0.75,354,0.537,2.7287,965.96,30m,validation,0.55,452
5.0,1.0,354,0.525,2.5783,912.73,30m,validation,0.55,452
5.0,1.5,354,0.506,2.5197,891.96,30m,validation,0.55,452
5.0,2.0,354,0.503,2.4869,880.35,30m,validation,0.55,452
1.5,0.25,352,0.668,2.3662,832.91,30m,validation,0.575,452
1.5,0.5,352,0.656,2.4465,861.18,30m,validation,0.575,452
1.5,0.75,352,0.653,2.4891,876.16,30m,validation,0.575,452
1.5,1.0,352,0.653,2.5157,885.53,30m,validation,0.575,452
1.5,1.5,352,0.642,2.5477,896.77,30m,validation,0.575,452
1.5,2.0,352,0.639,2.5663,903.34,30m,validation,0.575,452
2.0,0.25,352,0.645,2.5893,911.44,30m,validation,0.575,452
2.0,0.5,352,0.631,2.6251,924.05,30m,validation,0.575,452
2.0,0.75,352,0.625,2.652,933.5,30m,validation,0.575,452
2.0,1.0,352,0.625,2.6698,939.77,30m,validation,0.575,452
2.0,1.5,352,0.614,2.6917,947.48,30m,validation,0.575,452
2.0,2.0,352,0.611,2.7045,952.0,30m,validation,0.575,452
2.5,0.25,352,0.628,2.7693,974.8,30m,validation,0.575,452
2.5,0.5,352,0.614,2.776,977.16,30m,validation,0.575,452
2.5,0.75,352,0.608,2.7932,983.19,30m,validation,0.575,452
2.5,1.0,352,0.608,2.8056,987.58,30m,validation,0.575,452
2.5,1.5,352,0.594,2.8215,993.16,30m,validation,0.575,452
2.5,2.0,352,0.591,2.8308,996.45,30m,validation,0.575,452
3.0,0.25,352,0.614,2.8292,995.87,30m,validation,0.575,452
3.0,0.5,352,0.597,2.787,981.03,30m,validation,0.575,452
3.0,0.75,352,0.591,2.7941,983.52,30m,validation,0.575,452
3.0,1.0,352,0.588,2.802,986.3,30m,validation,0.575,452
3.0,1.5,352,0.574,2.8133,990.29,30m,validation,0.575,452
3.0,2.0,352,0.571,2.8203,992.76,30m,validation,0.575,452
3.5,0.25,352,0.608,3.0021,1056.72,30m,validation,0.575,452
3.5,0.5,352,0.585,2.8852,1015.59,30m,validation,0.575,452
3.5,0.75,352,0.577,2.845,1001.44,30m,validation,0.575,452
3.5,1.0,352,0.571,2.8318,996.78,30m,validation,0.575,452
3.5,1.5,352,0.554,2.8202,992.72,30m,validation,0.575,452
3.5,2.0,352,0.551,2.8142,990.58,30m,validation,0.575,452
4.0,0.25,352,0.588,2.751,968.36,30m,validation,0.575,452
4.0,0.5,352,0.565,2.6611,936.71,30m,validation,0.575,452
4.0,0.75,352,0.557,2.614,920.11,30m,validation,0.575,452
4.0,1.0,352,0.551,2.5968,914.06,30m,validation,0.575,452
4.0,1.5,352,0.534,2.5807,908.39,30m,validation,0.575,452
4.0,2.0,352,0.531,2.5719,905.3,30m,validation,0.575,452
4.5,0.25,352,0.58,2.6623,937.14,30m,validation,0.575,452
4.5,0.5,352,0.554,2.536,892.68,30m,validation,0.575,452
4.5,0.75,352,0.545,2.4591,865.62,30m,validation,0.575,452
4.5,1.0,352,0.54,2.4237,853.13,30m,validation,0.575,452
4.5,1.5,352,0.523,2.3886,840.77,30m,validation,0.575,452
4.5,2.0,352,0.52,2.3696,834.08,30m,validation,0.575,452
5.0,0.25,352,0.577,2.9659,1044.01,30m,validation,0.575,452
5.0,0.5,352,0.551,2.8039,986.97,30m,validation,0.575,452
5.0,0.75,352,0.54,2.7232,958.58,30m,validation,0.575,452
5.0,1.0,352,0.534,2.693,947.93,30m,validation,0.575,452
5.0,1.5,352,0.514,2.6532,933.92,30m,validation,0.575,452
5.0,2.0,352,0.509,2.6295,925.59,30m,validation,0.575,452
1.5,0.25,352,0.668,2.3688,833.82,30m,validation,0.6,452
1.5,0.5,352,0.662,2.4533,863.57,30m,validation,0.6,452
1.5,0.75,352,0.653,2.4977,879.19,30m,validation,0.6,452
1.5,1.0,352,0.653,2.5254,888.95,30m,validation,0.6,452
1.5,1.5,352,0.645,2.5587,900.68,30m,validation,0.6,452
1.5,2.0,352,0.645,2.5783,907.55,30m,validation,0.6,452
2.0,0.25,352,0.642,2.5983,914.59,30m,validation,0.6,452
2.0,0.5,352,0.634,2.6302,925.84,30m,validation,0.6,452
2.0,0.75,352,0.622,2.6555,934.72,30m,validation,0.6,452
2.0,1.0,352,0.622,2.6723,940.64,30m,validation,0.6,452
2.0,1.5,352,0.614,2.6929,947.9,30m,validation,0.6,452
2.0,2.0,352,0.614,2.7049,952.13,30m,validation,0.6,452
2.5,0.25,352,0.625,2.6791,943.04,30m,validation,0.6,452
2.5,0.5,352,0.616,2.6758,941.89,30m,validation,0.6,452
2.5,0.75,352,0.605,2.6883,946.28,30m,validation,0.6,452
2.5,1.0,352,0.605,2.6979,949.65,30m,validation,0.6,452
2.5,1.5,352,0.597,2.7103,954.01,30m,validation,0.6,452
2.5,2.0,352,0.594,2.7175,956.58,30m,validation,0.6,452
3.0,0.25,352,0.614,2.7619,972.19,30m,validation,0.6,452
3.0,0.5,352,0.602,2.7177,956.62,30m,validation,0.6,452
3.0,0.75,352,0.591,2.7242,958.92,30m,validation,0.6,452
3.0,1.0,352,0.588,2.7319,961.63,30m,validation,0.6,452
3.0,1.5,352,0.58,2.7432,965.59,30m,validation,0.6,452
3.0,2.0,352,0.577,2.7502,968.09,30m,validation,0.6,452
3.5,0.25,352,0.608,3.1215,1098.76,30m,validation,0.6,452
3.5,0.5,352,0.591,3.0613,1077.57,30m,validation,0.6,452
3.5,0.75,352,0.58,3.0422,1070.87,30m,validation,0.6,452
3.5,1.0,352,0.577,3.0413,1070.55,30m,validation,0.6,452
3.5,1.5,352,0.568,3.0441,1071.54,30m,validation,0.6,452
3.5,2.0,352,0.565,3.0466,1072.4,30m,validation,0.6,452
4.0,0.25,352,0.594,2.982,1049.66,30m,validation,0.6,452
4.0,0.5,352,0.577,2.9053,1022.66,30m,validation,0.6,452
4.0,0.75,352,0.562,2.8645,1008.3,30m,validation,0.6,452
4.0,1.0,352,0.557,2.8512,1003.61,30m,validation,0.6,452
4.0,1.5,352,0.545,2.8395,999.49,30m,validation,0.6,452
4.0,2.0,352,0.543,2.8332,997.28,30m,validation,0.6,452
4.5,0.25,352,0.582,2.7754,976.96,30m,validation,0.6,452
4.5,0.5,352,0.562,2.6722,940.63,30m,validation,0.6,452
4.5,0.75,352,0.548,2.6041,916.65,30m,validation,0.6,452
4.5,1.0,352,0.543,2.5754,906.55,30m,validation,0.6,452
4.5,1.5,352,0.531,2.5484,897.04,30m,validation,0.6,452
4.5,2.0,352,0.528,2.5342,892.05,30m,validation,0.6,452
5.0,0.25,352,0.58,2.9701,1045.48,30m,validation,0.6,452
5.0,0.5,352,0.557,2.8196,992.49,30m,validation,0.6,452
5.0,0.75,352,0.543,2.7356,962.94,30m,validation,0.6,452
5.0,1.0,352,0.537,2.6944,948.42,30m,validation,0.6,452
5.0,1.5,352,0.526,2.652,933.5,30m,validation,0.6,452
5.0,2.0,352,0.52,2.6286,925.25,30m,validation,0.6,452
1.5,0.25,352,0.668,2.3744,835.79,30m,validation,0.625,452
1.5,0.5,352,0.659,2.4605,866.11,30m,validation,0.625,452
1.5,0.75,352,0.656,2.5057,882.01,30m,validation,0.625,452
1.5,1.0,352,0.653,2.5339,891.95,30m,validation,0.625,452
1.5,1.5,352,0.642,2.5678,903.88,30m,validation,0.625,452
1.5,2.0,352,0.642,2.5877,910.86,30m,validation,0.625,452
2.0,0.25,352,0.642,2.5664,903.37,30m,validation,0.625,452
2.0,0.5,352,0.628,2.6149,920.45,30m,validation,0.625,452
2.0,0.75,352,0.625,2.645,931.05,30m,validation,0.625,452
2.0,1.0,352,0.622,2.6645,937.9,30m,validation,0.625,452
2.0,1.5,352,0.611,2.6881,946.21,30m,validation,0.625,452
2.0,2.0,352,0.611,2.7018,951.03,30m,validation,0.625,452
2.5,0.25,352,0.628,2.6908,947.15,30m,validation,0.625,452
2.5,0.5,352,0.614,2.685,945.14,30m,validation,0.625,452
2.5,0.75,352,0.608,2.697,949.34,30m,validation,0.625,452
2.5,1.0,352,0.605,2.7064,952.64,30m,validation,0.625,452
2.5,1.5,352,0.594,2.7185,956.9,30m,validation,0.625,452
2.5,2.0,352,0.591,2.7256,959.4,30m,validation,0.625,452
3.0,0.25,352,0.614,2.7142,955.39,30m,validation,0.625,452
3.0,0.5,352,0.597,2.6998,950.34,30m,validation,0.625,452
3.0,0.75,352,0.591,2.7116,954.48,30m,validation,0.625,452
3.0,1.0,352,0.588,2.7215,957.96,30m,validation,0.625,452
3.0,1.5,352,0.577,2.7348,962.64,30m,validation,0.625,452
3.0,2.0,352,0.574,2.7428,965.47,30m,validation,0.625,452
3.5,0.25,352,0.611,3.1976,1125.55,30m,validation,0.625,452
3.5,0.5,352,0.591,3.1629,1113.34,30m,validation,0.625,452
3.5,0.75,352,0.585,3.1519,1109.47,30m,validation,0.625,452
3.5,1.0,352,0.58,3.1558,1110.85,30m,validation,0.625,452
3.5,1.5,352,0.568,3.1643,1113.83,30m,validation,0.625,452
3.5,2.0,352,0.565,3.1701,1115.86,30m,validation,0.625,452
4.0,0.25,352,0.602,3.2292,1136.67,30m,validation,0.625,452
4.0,0.5,352,0.58,3.1263,1100.45,30m,validation,0.625,452
4.0,0.75,352,0.571,3.0837,1085.47,30m,validation,0.625,452
4.0,1.0,352,0.565,3.07,1080.63,30m,validation,0.625,452
4.0,1.5,352,0.548,3.0581,1076.46,30m,validation,0.625,452
4.0,2.0,352,0.545,3.052,1074.31,30m,validation,0.625,452
4.5,0.25,352,0.585,2.8654,1008.62,30m,validation,0.625,452
4.5,0.5,352,0.562,2.8311,996.54,30m,validation,0.625,452
4.5,0.75,352,0.554,2.7628,972.51,30m,validation,0.625,452
4.5,1.0,352,0.548,2.7333,962.14,30m,validation,0.625,452
4.5,1.5,352,0.531,2.7052,952.24,30m,validation,0.625,452
4.5,2.0,352,0.528,2.6904,947.01,30m,validation,0.625,452
5.0,0.25,352,0.58,2.9952,1054.3,30m,validation,0.625,452
5.0,0.5,352,0.551,2.8784,1013.2,30m,validation,0.625,452
5.0,0.75,352,0.543,2.7957,984.1,30m,validation,0.625,452
5.0,1.0,352,0.537,2.7551,969.78,30m,validation,0.625,452
5.0,1.5,352,0.52,2.7132,955.05,30m,validation,0.625,452
5.0,2.0,352,0.514,2.6901,946.91,30m,validation,0.625,452
1.5,0.25,351,0.667,2.376,833.98,30m,validation,0.65,452
1.5,0.5,351,0.664,2.4627,864.39,30m,validation,0.65,452
1.5,0.75,351,0.658,2.5084,880.47,30m,validation,0.65,452
1.5,1.0,351,0.652,2.5372,890.55,30m,validation,0.65,452
1.5,1.5,351,0.647,2.5718,902.69,30m,validation,0.65,452
1.5,2.0,351,0.644,2.5921,909.83,30m,validation,0.65,452
2.0,0.25,351,0.638,2.5349,889.75,30m,validation,0.65,452
2.0,0.5,351,0.63,2.593,910.14,30m,validation,0.65,452
2.0,0.75,351,0.624,2.6269,922.04,30m,validation,0.65,452
2.0,1.0,351,0.618,2.6486,929.67,30m,validation,0.65,452
2.0,1.5,351,0.613,2.675,938.91,30m,validation,0.65,452
2.0,2.0,351,0.61,2.6903,944.3,30m,validation,0.65,452
2.5,0.25,351,0.627,2.5607,898.79,30m,validation,0.65,452
2.5,0.5,351,0.618,2.5625,899.45,30m,validation,0.65,452
2.5,0.75,351,0.613,2.5777,904.76,30m,validation,0.65,452
2.5,1.0,351,0.604,2.589,908.75,30m,validation,0.65,452
2.5,1.5,351,0.595,2.6036,913.88,30m,validation,0.65,452
2.5,2.0,351,0.593,2.6123,916.91,30m,validation,0.65,452
3.0,0.25,351,0.615,2.7697,972.15,30m,validation,0.65,452
3.0,0.5,351,0.601,2.736,960.32,30m,validation,0.65,452
3.0,0.75,351,0.595,2.7385,961.22,30m,validation,0.65,452
3.0,1.0,351,0.587,2.743,962.78,30m,validation,0.65,452
3.0,1.5,351,0.578,2.7498,965.16,30m,validation,0.65,452
3.0,2.0,351,0.575,2.7539,966.62,30m,validation,0.65,452
3.5,0.25,351,0.61,3.0236,1061.28,30m,validation,0.65,452
3.5,0.5,351,0.593,3.0059,1055.06,30m,validation,0.65,452
3.5,0.75,351,0.587,3.0184,1059.45,30m,validation,0.65,452
3.5,1.0,351,0.578,3.029,1063.19,30m,validation,0.65,452
3.5,1.5,351,0.57,3.0433,1068.21,30m,validation,0.65,452
3.5,2.0,351,0.567,3.0519,1071.22,30m,validation,0.65,452
4.0,0.25,351,0.604,3.1787,1115.74,30m,validation,0.65,452
4.0,0.5,351,0.584,3.1072,1090.62,30m,validation,0.65,452
4.0,0.75,351,0.575,3.0721,1078.3,30m,validation,0.65,452
4.0,1.0,351,0.567,3.0623,1074.88,30m,validation,0.65,452
4.0,1.5,351,0.553,3.0548,1072.24,30m,validation,0.65,452
4.0,2.0,351,0.55,3.051,1070.92,30m,validation,0.65,452
4.5,0.25,351,0.587,2.8668,1006.26,30m,validation,0.65,452
4.5,0.5,351,0.567,2.8448,998.52,30m,validation,0.65,452
4.5,0.75,351,0.558,2.8098,986.25,30m,validation,0.65,452
4.5,1.0,351,0.55,2.7989,982.4,30m,validation,0.65,452
4.5,1.5,351,0.536,2.7896,979.13,30m,validation,0.65,452
4.5,2.0,351,0.533,2.7846,977.39,30m,validation,0.65,452
5.0,0.25,351,0.578,2.913,1022.46,30m,validation,0.65,452
5.0,0.5,351,0.553,2.7609,969.07,30m,validation,0.65,452
5.0,0.75,351,0.544,2.667,936.12,30m,validation,0.65,452
5.0,1.0,351,0.536,2.6235,920.86,30m,validation,0.65,452
5.0,1.5,351,0.521,2.5793,905.34,30m,validation,0.65,452
5.0,2.0,351,0.516,2.555,896.79,30m,validation,0.65,452
1.5,0.25,348,0.661,2.3515,818.32,30m,validation,0.675,452
1.5,0.5,348,0.658,2.4382,848.51,30m,validation,0.675,452
1.5,0.75,348,0.655,2.4837,864.31,30m,validation,0.675,452
1.5,1.0,348,0.652,2.512,874.19,30m,validation,0.675,452
1.5,1.5,348,0.647,2.5461,886.06,30m,validation,0.675,452
1.5,2.0,348,0.644,2.5661,893.01,30m,validation,0.675,452
2.0,0.25,348,0.638,2.5361,882.57,30m,validation,0.675,452
2.0,0.5,348,0.629,2.5942,902.78,30m,validation,0.675,452
2.0,0.75,348,0.626,2.6278,914.47,30m,validation,0.675,452
2.0,1.0,348,0.624,2.6493,921.94,30m,validation,0.675,452
2.0,1.5,348,0.615,2.6752,930.96,30m,validation,0.675,452
2.0,2.0,348,0.612,2.6902,936.2,30m,validation,0.675,452
2.5,0.25,348,0.629,2.6093,908.05,30m,validation,0.675,452
2.5,0.5,348,0.621,2.6346,916.86,30m,validation,0.675,452
2.5,0.75,348,0.615,2.657,924.65,30m,validation,0.675,452
2.5,1.0,348,0.609,2.6722,929.94,30m,validation,0.675,452
2.5,1.5,348,0.601,2.691,936.48,30m,validation,0.675,452
2.5,2.0,348,0.598,2.702,940.3,30m,validation,0.675,452
3.0,0.25,348,0.621,2.7754,965.84,30m,validation,0.675,452
3.0,0.5,348,0.606,2.7449,955.23,30m,validation,0.675,452
3.0,0.75,348,0.601,2.7465,955.77,30m,validation,0.675,452
3.0,1.0,348,0.595,2.7499,956.96,30m,validation,0.675,452
3.0,1.5,348,0.586,2.7552,958.79,30m,validation,0.675,452
3.0,2.0,348,0.58,2.7582,959.86,30m,validation,0.675,452
3.5,0.25,348,0.615,2.9872,1039.55,30m,validation,0.675,452
3.5,0.5,348,0.598,2.9667,1032.42,30m,validation,0.675,452
3.5,0.75,348,0.592,2.9784,1036.48,30m,validation,0.675,452
3.5,1.0,348,0.586,2.9886,1040.03,30m,validation,0.675,452
3.5,1.5,348,0.578,3.0024,1044.84,30m,validation,0.675,452
3.5,2.0,348,0.572,3.0107,1047.73,30m,validation,0.675,452
4.0,0.25,348,0.609,3.2542,1132.48,30m,validation,0.675,452
4.0,0.5,348,0.586,3.2269,1122.97,30m,validation,0.675,452
4.0,0.75,348,0.58,3.2106,1117.3,30m,validation,0.675,452
4.0,1.0,348,0.575,3.2114,1117.56,30m,validation,0.675,452
4.0,1.5,348,0.566,3.2157,1119.05,30m,validation,0.675,452
4.0,2.0,348,0.56,3.2187,1120.11,30m,validation,0.675,452
4.5,0.25,348,0.595,3.0874,1074.43,30m,validation,0.675,452
4.5,0.5,348,0.572,3.0302,1054.52,30m,validation,0.675,452
4.5,0.75,348,0.563,2.9917,1041.12,30m,validation,0.675,452
4.5,1.0,348,0.557,2.9803,1037.14,30m,validation,0.675,452
4.5,1.5,348,0.546,2.9708,1033.83,30m,validation,0.675,452
4.5,2.0,348,0.537,2.9658,1032.1,30m,validation,0.675,452
5.0,0.25,348,0.586,3.0243,1052.44,30m,validation,0.675,452
5.0,0.5,348,0.56,2.885,1004.0,30m,validation,0.675,452
5.0,0.75,348,0.552,2.7942,972.36,30m,validation,0.675,452
5.0,1.0,348,0.546,2.7527,957.94,30m,validation,0.675,452
5.0,1.5,348,0.534,2.7109,943.39,30m,validation,0.675,452
5.0,2.0,348,0.523,2.6879,935.4,30m,validation,0.675,452
1.5,0.25,346,0.665,2.4614,851.64,30m,validation,0.7,452
1.5,0.5,346,0.656,2.5519,882.95,30m,validation,0.7,452
1.5,0.75,346,0.656,2.5991,899.28,30m,validation,0.7,452
1.5,1.0,346,0.653,2.6285,909.47,30m,validation,0.7,452
1.5,1.5,346,0.65,2.6639,921.7,30m,validation,0.7,452
1.5,2.0,346,0.642,2.6846,928.87,30m,validation,0.7,452
2.0,0.25,346,0.65,2.6833,928.43,30m,validation,0.7,452
2.0,0.5,346,0.642,2.7527,952.42,30m,validation,0.7,452
2.0,0.75,346,0.642,2.7913,965.8,30m,validation,0.7,452
2.0,1.0,346,0.639,2.8159,974.29,30m,validation,0.7,452
2.0,1.5,346,0.636,2.8455,984.54,30m,validation,0.7,452
2.0,2.0,346,0.624,2.8628,990.54,30m,validation,0.7,452
2.5,0.25,346,0.636,2.7855,963.78,30m,validation,0.7,452
2.5,0.5,346,0.627,2.8212,976.12,30m,validation,0.7,452
2.5,0.75,346,0.627,2.848,985.4,30m,validation,0.7,452
2.5,1.0,346,0.621,2.8658,991.56,30m,validation,0.7,452
2.5,1.5,346,0.616,2.8876,999.12,30m,validation,0.7,452
2.5,2.0,346,0.604,2.9003,1003.52,30m,validation,0.7,452
3.0,0.25,346,0.627,2.9461,1019.34,30m,validation,0.7,452
3.0,0.5,346,0.613,2.9369,1016.16,30m,validation,0.7,452
3.0,0.75,346,0.613,2.9472,1019.75,30m,validation,0.7,452
3.0,1.0,346,0.607,2.9558,1022.7,30m,validation,0.7,452
3.0,1.5,346,0.601,2.9671,1026.61,30m,validation,0.7,452
3.0,2.0,346,0.587,2.9737,1028.91,30m,validation,0.7,452
3.5,0.25,346,0.618,3.0042,1039.45,30m,validation,0.7,452
3.5,0.5,346,0.601,2.9621,1024.87,30m,validation,0.7,452
3.5,0.75,346,0.601,2.9642,1025.63,30m,validation,0.7,452
3.5,1.0,346,0.595,2.9688,1027.21,30m,validation,0.7,452
3.5,1.5,346,0.59,2.976,1029.7,30m,validation,0.7,452
3.5,2.0,346,0.575,2.9805,1031.24,30m,validation,0.7,452
4.0,0.25,346,0.613,3.2764,1133.64,30m,validation,0.7,452
4.0,0.5,346,0.59,3.2486,1124.0,30m,validation,0.7,452
4.0,0.75,346,0.59,3.255,1126.24,30m,validation,0.7,452
4.0,1.0,346,0.584,3.2621,1128.67,30m,validation,0.7,452
4.0,1.5,346,0.578,3.272,1132.11,30m,validation,0.7,452
4.0,2.0,346,0.564,3.2779,1134.15,30m,validation,0.7,452
4.5,0.25,346,0.598,3.214,1112.04,30m,validation,0.7,452
4.5,0.5,346,0.575,3.1665,1095.61,30m,validation,0.7,452
4.5,0.75,346,0.575,3.1285,1082.44,30m,validation,0.7,452
4.5,1.0,346,0.569,3.1176,1078.71,30m,validation,0.7,452
4.5,1.5,346,0.561,3.1091,1075.74,30m,validation,0.7,452
4.5,2.0,346,0.543,3.1048,1074.28,30m,validation,0.7,452
5.0,0.25,346,0.592,3.158,1092.66,30m,validation,0.7,452
5.0,0.5,346,0.569,3.105,1074.32,30m,validation,0.7,452
5.0,0.75,346,0.569,3.0315,1048.91,30m,validation,0.7,452
5.0,1.0,346,0.561,2.9997,1037.89,30m,validation,0.7,452
5.0,1.5,346,0.552,2.9684,1027.08,30m,validation,0.7,452
5.0,2.0,346,0.532,2.9514,1021.2,30m,validation,0.7,452
1.5,0.25,288,0.667,2.3991,690.94,30m,holdout,0.3,368
1.5,0.5,288,0.646,2.1411,616.63,30m,holdout,0.3,368
1.5,0.75,288,0.642,2.1154,609.24,30m,holdout,0.3,368
1.5,1.0,288,0.642,1.9713,567.73,30m,holdout,0.3,368
1.5,1.5,288,0.635,2.1129,608.5,30m,holdout,0.3,368
1.5,2.0,288,0.632,2.1273,612.67,30m,holdout,0.3,368
2.0,0.25,288,0.653,3.0314,873.04,30m,holdout,0.3,368
2.0,0.5,288,0.625,2.7208,783.59,30m,holdout,0.3,368
2.0,0.75,288,0.622,2.6341,758.63,30m,holdout,0.3,368
2.0,1.0,288,0.622,2.4604,708.6,30m,holdout,0.3,368
2.0,1.5,288,0.611,2.5712,740.49,30m,holdout,0.3,368
2.0,2.0,288,0.608,2.5686,739.76,30m,holdout,0.3,368
2.5,0.25,288,0.635,3.355,966.24,30m,holdout,0.3,368
2.5,0.5,288,0.604,2.9271,842.99,30m,holdout,0.3,368
2.5,0.75,288,0.597,2.7749,799.17,30m,holdout,0.3,368
2.5,1.0,288,0.597,2.5445,732.81,30m,holdout,0.3,368
2.5,1.5,288,0.587,2.6087,751.3,30m,holdout,0.3,368
2.5,2.0,288,0.58,2.5864,744.9,30m,holdout,0.3,368
3.0,0.25,288,0.615,3.5589,1024.96,30m,holdout,0.3,368
3.0,0.5,288,0.583,3.0899,889.9,30m,holdout,0.3,368
3.0,0.75,288,0.576,2.8876,831.62,30m,holdout,0.3,368
3.0,1.0,288,0.576,2.6493,762.99,30m,holdout,0.3,368
3.0,1.5,288,0.559,2.7038,778.7,30m,holdout,0.3,368
3.0,2.0,288,0.552,2.6772,771.03,30m,holdout,0.3,368
3.5,0.25,288,0.615,3.8536,1109.85,30m,holdout,0.3,368
3.5,0.5,288,0.583,3.4515,994.03,30m,holdout,0.3,368
3.5,0.75,288,0.576,3.259,938.59,30m,holdout,0.3,368
3.5,1.0,288,0.576,3.0238,870.84,30m,holdout,0.3,368
3.5,1.5,288,0.556,3.0842,888.25,30m,holdout,0.3,368
3.5,2.0,288,0.545,3.0614,881.68,30m,holdout,0.3,368
4.0,0.25,288,0.615,4.1724,1201.66,30m,holdout,0.3,368
4.0,0.5,288,0.576,3.8184,1099.71,30m,holdout,0.3,368
4.0,0.75,288,0.569,3.6401,1048.34,30m,holdout,0.3,368
4.0,1.0,288,0.569,3.4079,981.48,30m,holdout,0.3,368
4.0,1.5,288,0.545,3.4764,1001.22,30m,holdout,0.3,368
4.0,2.0,288,0.535,3.4661,998.24,30m,holdout,0.3,368
4.5,0.25,288,0.604,4.2774,1231.9,30m,holdout,0.3,368
4.5,0.5,288,0.566,3.8619,1112.24,30m,holdout,0.3,368
4.5,0.75,288,0.559,3.6906,1062.89,30m,holdout,0.3,368
4.5,1.0,288,0.559,3.3749,971.98,30m,holdout,0.3,368
4.5,1.5,288,0.538,3.411,982.38,30m,holdout,0.3,368
4.5,2.0,288,0.524,3.3474,964.05,30m,holdout,0.3,368
5.0,0.25,288,0.604,4.502,1296.58,30m,holdout,0.3,368
5.0,0.5,288,0.566,4.3005,1238.54,30m,holdout,0.3,368
5.0,0.75,288,0.559,4.0997,1180.71,30m,holdout,0.3,368
5.0,1.0,288,0.559,3.7375,1076.4,30m,holdout,0.3,368
5.0,1.5,288,0.538,3.7334,1075.21,30m,holdout,0.3,368
5.0,2.0,288,0.524,3.6495,1051.05,30m,holdout,0.3,368
1.5,0.25,288,0.66,2.3059,664.11,30m,holdout,0.325,368
1.5,0.5,288,0.642,2.0865,600.9,30m,holdout,0.325,368
1.5,0.75,288,0.635,2.0486,590.0,30m,holdout,0.325,368
1.5,1.0,288,0.635,1.8797,541.35,30m,holdout,0.325,368
1.5,1.5,288,0.628,2.0706,596.33,30m,holdout,0.325,368
1.5,2.0,288,0.625,2.0874,601.16,30m,holdout,0.325,368
2.0,0.25,288,0.649,2.9026,835.94,30m,holdout,0.325,368
2.0,0.5,288,0.625,2.6194,754.38,30m,holdout,0.325,368
2.0,0.75,288,0.618,2.5651,738.76,30m,holdout,0.325,368
2.0,1.0,288,0.618,2.3778,684.8,30m,holdout,0.325,368
2.0,1.5,288,0.608,2.5465,733.39,30m,holdout,0.325,368
2.0,2.0,288,0.604,2.5504,734.52,30m,holdout,0.325,368
2.5,0.25,288,0.632,3.1327,902.21,30m,holdout,0.325,368
2.5,0.5,288,0.604,2.7391,788.85,30m,holdout,0.325,368
2.5,0.75,288,0.594,2.6016,749.26,30m,holdout,0.325,368
2.5,1.0,288,0.594,2.3522,677.44,30m,holdout,0.325,368
2.5,1.5,288,0.583,2.4706,711.53,30m,holdout,0.325,368
2.5,2.0,288,0.576,2.4532,706.53,30m,holdout,0.325,368
3.0,0.25,288,0.611,3.3919,976.88,30m,holdout,0.325,368
3.0,0.5,288,0.583,2.9289,843.52,30m,holdout,0.325,368
3.0,0.75,288,0.573,2.7692,797.54,30m,holdout,0.325,368
3.0,1.0,288,0.573,2.5076,722.18,30m,holdout,0.325,368
3.0,1.5,288,0.556,2.6073,750.89,30m,holdout,0.325,368
3.0,2.0,288,0.549,2.5788,742.7,30m,holdout,0.325,368
3.5,0.25,288,0.611,3.7329,1075.08,30m,holdout,0.325,368
3.5,0.5,288,0.583,3.3148,954.66,30m,holdout,0.325,368
3.5,0.75,288,0.573,3.0953,891.45,30m,holdout,0.325,368
3.5,1.0,288,0.573,2.8205,812.31,30m,holdout,0.325,368
3.5,1.5,288,0.552,2.9138,839.18,30m,holdout,0.325,368
3.5,2.0,288,0.542,2.8843,830.68,30m,holdout,0.325,368
4.0,0.25,288,0.611,4.0734,1173.13,30m,holdout,0.325,368
4.0,0.5,288,0.58,3.7504,1080.12,30m,holdout,0.325,368
4.0,0.75,288,0.569,3.5366,1018.54,30m,holdout,0.325,368
4.0,1.0,288,0.569,3.2641,940.06,30m,holdout,0.325,368
4.0,1.5,288,0.545,3.3607,967.87,30m,holdout,0.325,368
4.0,2.0,288,0.535,3.333,959.92,30m,holdout,0.325,368
4.5,0.25,288,0.601,4.1906,1206.89,30m,holdout,0.325,368
4.5,0.5,288,0.569,3.8222,1100.8,30m,holdout,0.325,368
4.5,0.75,288,0.559,3.6968,1064.67,30m,holdout,0.325,368
4.5,1.0,288,0.559,3.3756,972.16,30m,holdout,0.325,368
4.5,1.5,288,0.538,3.4738,1000.45,30m,holdout,0.325,368
4.5,2.0,288,0.524,3.423,985.83,30m,holdout,0.325,368
5.0,0.25,288,0.601,4.4277,1275.19,30m,holdout,0.325,368
5.0,0.5,288,0.569,4.3017,1238.88,30m,holdout,0.325,368
5.0,0.75,288,0.559,4.0923,1178.59,30m,holdout,0.325,368
5.0,1.0,288,0.559,3.7057,1067.24,30m,holdout,0.325,368
5.0,1.5,288,0.538,3.7481,1079.45,30m,holdout,0.325,368
5.0,2.0,288,0.524,3.6705,1057.11,30m,holdout,0.325,368
1.5,0.25,288,0.656,2.0992,604.56,30m,holdout,0.35,368
1.5,0.5,288,0.642,2.065,594.71,30m,holdout,0.35,368
1.5,0.75,288,0.632,2.0488,590.06,30m,holdout,0.35,368
1.5,1.0,288,0.632,1.8947,545.68,30m,holdout,0.35,368
1.5,1.5,288,0.628,2.0695,596.02,30m,holdout,0.35,368
1.5,2.0,288,0.625,2.0918,602.44,30m,holdout,0.35,368
2.0,0.25,288,0.649,2.6635,767.08,30m,holdout,0.35,368
2.0,0.5,288,0.628,2.5981,748.24,30m,holdout,0.35,368
2.0,0.75,288,0.618,2.5711,740.48,30m,holdout,0.35,368
2.0,1.0,288,0.618,2.4067,693.14,30m,holdout,0.35,368
2.0,1.5,288,0.608,2.5693,739.95,30m,holdout,0.35,368
2.0,2.0,288,0.604,2.5844,744.32,30m,holdout,0.35,368
2.5,0.25,288,0.632,2.9058,836.87,30m,holdout,0.35,368
2.5,0.5,288,0.611,2.8448,819.29,30m,holdout,0.35,368
2.5,0.75,288,0.597,2.739,788.84,30m,holdout,0.35,368
2.5,1.0,288,0.597,2.5076,722.18,30m,holdout,0.35,368
2.5,1.5,288,0.587,2.6133,752.64,30m,holdout,0.35,368
2.5,2.0,288,0.58,2.6035,749.8,30m,holdout,0.35,368
3.0,0.25,288,0.618,3.2939,948.66,30m,holdout,0.35,368
3.0,0.5,288,0.594,3.0285,872.2,30m,holdout,0.35,368
3.0,0.75,288,0.58,2.8991,834.95,30m,holdout,0.35,368
3.0,1.0,288,0.58,2.6556,764.82,30m,holdout,0.35,368
3.0,1.5,288,0.562,2.7435,790.13,30m,holdout,0.35,368
3.0,2.0,288,0.556,2.7231,784.27,30m,holdout,0.35,368
3.5,0.25,288,0.611,3.508,1010.29,30m,holdout,0.35,368
3.5,0.5,288,0.587,3.2827,945.41,30m,holdout,0.35,368
3.5,0.75,288,0.573,3.099,892.52,30m,holdout,0.35,368
3.5,1.0,288,0.573,2.8445,819.22,30m,holdout,0.35,368
3.5,1.5,288,0.552,2.9283,843.35,30m,holdout,0.35,368
3.5,2.0,288,0.542,2.9082,837.55,30m,holdout,0.35,368
4.0,0.25,288,0.611,3.8974,1122.45,30m,holdout,0.35,368
4.0,0.5,288,0.583,3.7673,1084.98,30m,holdout,0.35,368
4.0,0.75,288,0.569,3.5848,1032.43,30m,holdout,0.35,368
4.0,1.0,288,0.569,3.3302,959.1,30m,holdout,0.35,368
4.0,1.5,288,0.545,3.4147,983.44,30m,holdout,0.35,368
4.0,2.0,288,0.535,3.3952,977.8,30m,holdout,0.35,368
4.5,0.25,288,0.601,4.0166,1156.79,30m,holdout,0.35,368
4.5,0.5,288,0.573,3.8723,1115.21,30m,holdout,0.35,368
4.5,0.75,288,0.559,3.7803,1088.73,30m,holdout,0.35,368
4.5,1.0,288,0.559,3.479,1001.96,30m,holdout,0.35,368
4.5,1.5,288,0.538,3.5635,1026.28,30m,holdout,0.35,368
4.5,2.0,288,0.524,3.5245,1015.06,30m,holdout,0.35,368
5.0,0.25,288,0.601,4.2332,1219.17,30m,holdout,0.35,368
5.0,0.5,288,0.573,4.3258,1245.83,30m,holdout,0.35,368
5.0,0.75,288,0.559,4.1123,1184.34,30m,holdout,0.35,368
5.0,1.0,288,0.559,3.7697,1085.67,30m,holdout,0.35,368
5.0,1.5,288,0.538,3.8041,1095.57,30m,holdout,0.35,368
5.0,2.0,288,0.524,3.7393,1076.91,30m,holdout,0.35,368
1.5,0.25,287,0.659,2.0556,589.94,30m,holdout,0.375,368
1.5,0.5,287,0.648,2.0082,576.36,30m,holdout,0.375,368
1.5,0.75,287,0.634,1.9988,573.64,30m,holdout,0.375,368
1.5,1.0,287,0.634,1.8734,537.67,30m,holdout,0.375,368
1.5,1.5,287,0.631,2.0283,582.12,30m,holdout,0.375,368
1.5,2.0,287,0.627,2.0534,589.33,30m,holdout,0.375,368
2.0,0.25,287,0.652,2.6619,763.96,30m,holdout,0.375,368
2.0,0.5,287,0.638,2.6064,748.04,30m,holdout,0.375,368
2.0,0.75,287,0.624,2.5873,742.54,30m,holdout,0.375,368
2.0,1.0,287,0.624,2.4518,703.65,30m,holdout,0.375,368
2.0,1.5,287,0.613,2.5942,744.54,30m,holdout,0.375,368
2.0,2.0,287,0.61,2.6119,749.62,30m,holdout,0.375,368
2.5,0.25,287,0.631,2.8485,817.52,30m,holdout,0.375,368
2.5,0.5,287,0.617,2.7883,800.24,30m,holdout,0.375,368
2.5,0.75,287,0.603,2.6851,770.63,30m,holdout,0.375,368
2.5,1.0,287,0.603,2.4777,711.09,30m,holdout,0.375,368
2.5,1.5,287,0.592,2.5587,734.34,30m,holdout,0.375,368
2.5,2.0,287,0.589,2.5491,731.59,30m,holdout,0.375,368
3.0,0.25,287,0.617,3.265,937.07,30m,holdout,0.375,368
3.0,0.5,287,0.599,2.9804,855.39,30m,holdout,0.375,368
3.0,0.75,287,0.582,2.8363,814.02,30m,holdout,0.375,368
3.0,1.0,287,0.582,2.6091,748.82,30m,holdout,0.375,368
3.0,1.5,287,0.564,2.6703,766.37,30m,holdout,0.375,368
3.0,2.0,287,0.561,2.65,760.55,30m,holdout,0.375,368
3.5,0.25,287,0.61,3.5485,1018.43,30m,holdout,0.375,368
3.5,0.5,287,0.592,3.3073,949.19,30m,holdout,0.375,368
3.5,0.75,287,0.575,3.1132,893.5,30m,holdout,0.375,368
3.5,1.0,287,0.575,2.8842,827.76,30m,holdout,0.375,368
3.5,1.5,287,0.554,2.9435,844.77,30m,holdout,0.375,368
3.5,2.0,287,0.547,2.9234,839.01,30m,holdout,0.375,368
4.0,0.25,287,0.61,3.8987,1118.92,30m,holdout,0.375,368
4.0,0.5,287,0.589,3.7521,1076.86,30m,holdout,0.375,368
4.0,0.75,287,0.571,3.5836,1028.5,30m,holdout,0.375,368
4.0,1.0,287,0.571,3.3545,962.74,30m,holdout,0.375,368
4.0,1.5,287,0.547,3.4143,979.89,30m,holdout,0.375,368
4.0,2.0,287,0.54,3.3944,974.18,30m,holdout,0.375,368
4.5,0.25,287,0.599,4.0731,1168.97,30m,holdout,0.375,368
4.5,0.5,287,0.578,3.9128,1122.96,30m,holdout,0.375,368
4.5,0.75,287,0.561,3.7924,1088.43,30m,holdout,0.375,368
4.5,1.0,287,0.561,3.5751,1026.05,30m,holdout,0.375,368
4.5,1.5,287,0.54,3.6527,1048.33,30m,holdout,0.375,368
4.5,2.0,287,0.53,3.6512,1047.89,30m,holdout,0.375,368
5.0,0.25,287,0.599,4.2638,1223.72,30m,holdout,0.375,368
5.0,0.5,287,0.578,4.2547,1221.1,30m,holdout,0.375,368
5.0,0.75,287,0.561,4.0209,1154.01,30m,holdout,0.375,368
5.0,1.0,287,0.561,3.6992,1061.67,30m,holdout,0.375,368
5.0,1.5,287,0.54,3.7217,1068.12,30m,holdout,0.375,368
5.0,2.0,287,0.53,3.6709,1053.54,30m,holdout,0.375,368
1.5,0.25,287,0.662,2.0881,599.29,30m,holdout,0.4,368
1.5,0.5,287,0.648,2.0512,588.7,30m,holdout,0.4,368
1.5,0.75,287,0.638,2.0458,587.16,30m,holdout,0.4,368
1.5,1.0,287,0.634,1.9406,556.96,30m,holdout,0.4,368
1.5,1.5,287,0.634,2.0804,597.08,30m,holdout,0.4,368
1.5,2.0,287,0.631,2.1062,604.49,30m,holdout,0.4,368
2.0,0.25,287,0.659,2.641,757.96,30m,holdout,0.4,368
2.0,0.5,287,0.638,2.6117,749.56,30m,holdout,0.4,368
2.0,0.75,287,0.627,2.5952,744.83,30m,holdout,0.4,368
2.0,1.0,287,0.624,2.4785,711.32,30m,holdout,0.4,368
2.0,1.5,287,0.62,2.6038,747.28,30m,holdout,0.4,368
2.0,2.0,287,0.617,2.6216,752.41,30m,holdout,0.4,368
2.5,0.25,287,0.634,2.9032,833.23,30m,holdout,0.4,368
2.5,0.5,287,0.613,2.8725,824.42,30m,holdout,0.4,368
2.5,0.75,287,0.603,2.8007,803.8,30m,holdout,0.4,368
2.5,1.0,287,0.599,2.6616,763.87,30m,holdout,0.4,368
2.5,1.5,287,0.596,2.7651,793.59,30m,holdout,0.4,368
2.5,2.0,287,0.592,2.7714,795.39,30m,holdout,0.4,368
3.0,0.25,287,0.62,3.1444,902.45,30m,holdout,0.4,368
3.0,0.5,287,0.596,2.9306,841.09,30m,holdout,0.4,368
3.0,0.75,287,0.582,2.8021,804.21,30m,holdout,0.4,368
3.0,1.0,287,0.578,2.598,745.63,30m,holdout,0.4,368
3.0,1.5,287,0.571,2.6472,759.74,30m,holdout,0.4,368
3.0,2.0,287,0.568,2.6302,754.86,30m,holdout,0.4,368
3.5,0.25,287,0.613,3.532,1013.67,30m,holdout,0.4,368
3.5,0.5,287,0.589,3.3137,951.03,30m,holdout,0.4,368
3.5,0.75,287,0.575,3.1301,898.35,30m,holdout,0.4,368
3.5,1.0,287,0.571,2.9225,838.75,30m,holdout,0.4,368
3.5,1.5,287,0.557,2.9687,852.03,30m,holdout,0.4,368
3.5,2.0,287,0.551,2.9517,847.14,30m,holdout,0.4,368
4.0,0.25,287,0.613,3.765,1080.54,30m,holdout,0.4,368
4.0,0.5,287,0.585,3.6405,1044.82,30m,holdout,0.4,368
4.0,0.75,287,0.571,3.481,999.05,30m,holdout,0.4,368
4.0,1.0,287,0.568,3.273,939.36,30m,holdout,0.4,368
4.0,1.5,287,0.551,3.32,952.84,30m,holdout,0.4,368
4.0,2.0,287,0.544,3.3035,948.12,30m,holdout,0.4,368
4.5,0.25,287,0.603,4.0205,1153.89,30m,holdout,0.4,368
4.5,0.5,287,0.575,3.8937,1117.48,30m,holdout,0.4,368
4.5,0.75,287,0.561,3.7487,1075.89,30m,holdout,0.4,368
4.5,1.0,287,0.557,3.5494,1018.67,30m,holdout,0.4,368
4.5,1.5,287,0.544,3.6186,1038.55,30m,holdout,0.4,368
4.5,2.0,287,0.537,3.6244,1040.21,30m,holdout,0.4,368
5.0,0.25,287,0.603,4.2497,1219.67,30m,holdout,0.4,368
5.0,0.5,287,0.575,4.2066,1207.29,30m,holdout,0.4,368
5.0,0.75,287,0.561,4.0942,1175.04,30m,holdout,0.4,368
5.0,1.0,287,0.557,3.8305,1099.35,30m,holdout,0.4,368
5.0,1.5,287,0.544,3.8657,1109.45,30m,holdout,0.4,368
5.0,2.0,287,0.537,3.8343,1100.43,30m,holdout,0.4,368
1.5,0.25,287,0.672,2.0824,597.65,30m,holdout,0.425,368
1.5,0.5,287,0.655,2.0499,588.31,30m,holdout,0.425,368
1.5,0.75,287,0.641,2.0468,587.43,30m,holdout,0.425,368
1.5,1.0,287,0.641,1.9682,564.89,30m,holdout,0.425,368
1.5,1.5,287,0.638,2.0845,598.26,30m,holdout,0.425,368
1.5,2.0,287,0.634,2.1117,606.05,30m,holdout,0.425,368
2.0,0.25,287,0.666,2.5819,741.01,30m,holdout,0.425,368
2.0,0.5,287,0.641,2.4941,715.81,30m,holdout,0.425,368
2.0,0.75,287,0.627,2.4587,705.64,30m,holdout,0.425,368
2.0,1.0,287,0.627,2.3616,677.77,30m,holdout,0.425,368
2.0,1.5,287,0.624,2.4563,704.96,30m,holdout,0.425,368
2.0,2.0,287,0.617,2.4714,709.3,30m,holdout,0.425,368
2.5,0.25,287,0.645,2.9169,837.16,30m,holdout,0.425,368
2.5,0.5,287,0.62,2.8652,822.31,30m,holdout,0.425,368
2.5,0.75,287,0.606,2.7918,801.23,30m,holdout,0.425,368
2.5,1.0,287,0.606,2.6757,767.94,30m,holdout,0.425,368
2.5,1.5,287,0.603,2.7511,789.57,30m,holdout,0.425,368
2.5,2.0,287,0.596,2.7555,790.82,30m,holdout,0.425,368
3.0,0.25,287,0.634,3.2087,920.89,30m,holdout,0.425,368
3.0,0.5,287,0.606,2.9575,848.81,30m,holdout,0.425,368
3.0,0.75,287,0.589,2.8201,809.38,30m,holdout,0.425,368
3.0,1.0,287,0.589,2.64,757.68,30m,holdout,0.425,368
3.0,1.5,287,0.582,2.6637,764.5,30m,holdout,0.425,368
3.0,2.0,287,0.575,2.647,759.7,30m,holdout,0.425,368
3.5,0.25,287,0.62,3.5127,1008.13,30m,holdout,0.425,368
3.5,0.5,287,0.592,3.3337,956.78,30m,holdout,0.425,368
3.5,0.75,287,0.575,3.2372,929.06,30m,holdout,0.425,368
3.5,1.0,287,0.575,3.0758,882.75,30m,holdout,0.425,368
3.5,1.5,287,0.564,3.1162,894.35,30m,holdout,0.425,368
3.5,2.0,287,0.554,3.1094,892.38,30m,holdout,0.425,368
4.0,0.25,287,0.62,3.8146,1094.8,30m,holdout,0.425,368
4.0,0.5,287,0.589,3.6375,1043.95,30m,holdout,0.425,368
4.0,0.75,287,0.571,3.482,999.35,30m,holdout,0.425,368
4.0,1.0,287,0.571,3.3024,947.8,30m,holdout,0.425,368
4.0,1.5,287,0.557,3.3279,955.09,30m,holdout,0.425,368
4.0,2.0,287,0.544,3.3136,951.0,30m,holdout,0.425,368
4.5,0.25,287,0.61,4.0246,1155.05,30m,holdout,0.425,368
4.5,0.5,287,0.578,3.9059,1121.0,30m,holdout,0.425,368
4.5,0.75,287,0.561,3.735,1071.95,30m,holdout,0.425,368
4.5,1.0,287,0.561,3.546,1017.7,30m,holdout,0.425,368
4.5,1.5,287,0.547,3.5619,1022.27,30m,holdout,0.425,368
4.5,2.0,287,0.537,3.5424,1016.67,30m,holdout,0.425,368
5.0,0.25,287,0.61,4.2606,1222.78,30m,holdout,0.425,368
5.0,0.5,287,0.578,4.1548,1192.42,30m,holdout,0.425,368
5.0,0.75,287,0.561,4.0306,1156.79,30m,holdout,0.425,368
5.0,1.0,287,0.561,3.7863,1086.68,30m,holdout,0.425,368
5.0,1.5,287,0.547,3.7881,1087.18,30m,holdout,0.425,368
5.0,2.0,287,0.537,3.7574,1078.36,30m,holdout,0.425,368
1.5,0.25,286,0.675,1.9877,568.48,30m,holdout,0.45,368
1.5,0.5,286,0.661,1.9716,563.88,30m,holdout,0.45,368
1.5,0.75,286,0.647,1.9798,566.21,30m,holdout,0.45,368
1.5,1.0,286,0.64,1.9308,552.22,30m,holdout,0.45,368
1.5,1.5,286,0.636,2.0266,579.6,30m,holdout,0.45,368
1.5,2.0,286,0.636,2.0561,588.06,30m,holdout,0.45,368
2.0,0.25,286,0.671,2.6496,757.8,30m,holdout,0.45,368
2.0,0.5,286,0.654,2.5824,738.57,30m,holdout,0.45,368
2.0,0.75,286,0.633,2.5515,729.74,30m,holdout,0.45,368
2.0,1.0,286,0.629,2.482,709.84,30m,holdout,0.45,368
2.0,1.5,286,0.626,2.5546,730.6,30m,holdout,0.45,368
2.0,2.0,286,0.619,2.5713,735.4,30m,holdout,0.45,368
2.5,0.25,286,0.654,2.9653,848.09,30m,holdout,0.45,368
2.5,0.5,286,0.636,2.9334,838.95,30m,holdout,0.45,368
2.5,0.75,286,0.615,2.867,819.97,30m,holdout,0.45,368
2.5,1.0,286,0.612,2.7802,795.14,30m,holdout,0.45,368
2.5,1.5,286,0.608,2.8358,811.03,30m,holdout,0.45,368
2.5,2.0,286,0.601,2.8433,813.17,30m,holdout,0.45,368
3.0,0.25,286,0.64,3.2631,933.24,30m,holdout,0.45,368
3.0,0.5,286,0.619,3.0171,862.88,30m,holdout,0.45,368
3.0,0.75,286,0.594,2.8777,823.01,30m,holdout,0.45,368
3.0,1.0,286,0.591,2.7186,777.51,30m,holdout,0.45,368
3.0,1.5,286,0.584,2.713,775.92,30m,holdout,0.45,368
3.0,2.0,286,0.577,2.6939,770.46,30m,holdout,0.45,368
3.5,0.25,286,0.629,3.5348,1010.94,30m,holdout,0.45,368
3.5,0.5,286,0.608,3.363,961.83,30m,holdout,0.45,368
3.5,0.75,286,0.584,3.2633,933.31,30m,holdout,0.45,368
3.5,1.0,286,0.58,3.1189,892.0,30m,holdout,0.45,368
3.5,1.5,286,0.57,3.1322,895.81,30m,holdout,0.45,368
3.5,2.0,286,0.559,3.1255,893.89,30m,holdout,0.45,368
4.0,0.25,286,0.626,3.8143,1090.9,30m,holdout,0.45,368
4.0,0.5,286,0.601,3.619,1035.03,30m,holdout,0.45,368
4.0,0.75,286,0.577,3.4523,987.37,30m,holdout,0.45,368
4.0,1.0,286,0.573,3.2889,940.62,30m,holdout,0.45,368
4.0,1.5,286,0.559,3.2801,938.12,30m,holdout,0.45,368
4.0,2.0,286,0.545,3.2609,932.62,30m,holdout,0.45,368
4.5,0.25,286,0.615,4.1036,1173.64,30m,holdout,0.45,368
4.5,0.5,286,0.591,4.0363,1154.39,30m,holdout,0.45,368
4.5,0.75,286,0.566,3.878,1109.11,30m,holdout,0.45,368
4.5,1.0,286,0.563,3.718,1063.36,30m,holdout,0.45,368
4.5,1.5,286,0.549,3.7141,1062.23,30m,holdout,0.45,368
4.5,2.0,286,0.538,3.6978,1057.57,30m,holdout,0.45,368
5.0,0.25,286,0.615,4.3455,1242.8,30m,holdout,0.45,368
5.0,0.5,286,0.591,4.2147,1205.41,30m,holdout,0.45,368
5.0,0.75,286,0.566,4.0481,1157.75,30m,holdout,0.45,368
5.0,1.0,286,0.563,3.8752,1108.31,30m,holdout,0.45,368
5.0,1.5,286,0.549,3.8662,1105.74,30m,holdout,0.45,368
5.0,2.0,286,0.538,3.8564,1102.94,30m,holdout,0.45,368
1.5,0.25,285,0.684,1.9918,567.67,30m,holdout,0.475,368
1.5,0.5,285,0.667,1.9753,562.95,30m,holdout,0.475,368
1.5,0.75,285,0.653,1.9856,565.89,30m,holdout,0.475,368
1.5,1.0,285,0.649,1.9625,559.3,30m,holdout,0.475,368
1.5,1.5,285,0.649,2.0332,579.48,30m,holdout,0.475,368
1.5,2.0,285,0.639,2.0629,587.92,30m,holdout,0.475,368
2.0,0.25,285,0.677,2.628,748.98,30m,holdout,0.475,368
2.0,0.5,285,0.656,2.5315,721.48,30m,holdout,0.475,368
2.0,0.75,285,0.639,2.5037,713.57,30m,holdout,0.475,368
2.0,1.0,285,0.639,2.4616,701.56,30m,holdout,0.475,368
2.0,1.5,285,0.639,2.5119,715.88,30m,holdout,0.475,368
2.0,2.0,285,0.621,2.5303,721.15,30m,holdout,0.475,368
2.5,0.25,285,0.66,2.8536,813.28,30m,holdout,0.475,368
2.5,0.5,285,0.639,2.8192,803.48,30m,holdout,0.475,368
2.5,0.75,285,0.618,2.7548,785.11,30m,holdout,0.475,368
2.5,1.0,285,0.618,2.6993,769.3,30m,holdout,0.475,368
2.5,1.5,285,0.618,2.7374,780.15,30m,holdout,0.475,368
2.5,2.0,285,0.6,2.7494,783.57,30m,holdout,0.475,368
3.0,0.25,285,0.646,3.2193,917.51,30m,holdout,0.475,368
3.0,0.5,285,0.621,2.9659,845.28,30m,holdout,0.475,368
3.0,0.75,285,0.596,2.8259,805.39,30m,holdout,0.475,368
3.0,1.0,285,0.596,2.6931,767.53,30m,holdout,0.475,368
3.0,1.5,285,0.593,2.6638,759.17,30m,holdout,0.475,368
3.0,2.0,285,0.575,2.6458,754.04,30m,holdout,0.475,368
3.5,0.25,285,0.635,3.3578,956.97,30m,holdout,0.475,368
3.5,0.5,285,0.611,3.1034,884.47,30m,holdout,0.475,368
3.5,0.75,285,0.586,2.9651,845.06,30m,holdout,0.475,368
3.5,1.0,285,0.586,2.8295,806.41,30m,holdout,0.475,368
3.5,1.5,285,0.582,2.7975,797.28,30m,holdout,0.475,368
3.5,2.0,285,0.558,2.7782,791.78,30m,holdout,0.475,368
4.0,0.25,285,0.632,3.7914,1080.54,30m,holdout,0.475,368
4.0,0.5,285,0.607,3.5558,1013.42,30m,holdout,0.475,368
4.0,0.75,285,0.582,3.4249,976.09,30m,holdout,0.475,368
4.0,1.0,285,0.582,3.3028,941.28,30m,holdout,0.475,368
4.0,1.5,285,0.575,3.2833,935.73,30m,holdout,0.475,368
4.0,2.0,285,0.547,3.2717,932.43,30m,holdout,0.475,368
4.5,0.25,285,0.621,4.0515,1154.69,30m,holdout,0.475,368
4.5,0.5,285,0.593,3.9566,1127.63,30m,holdout,0.475,368
4.5,0.75,285,0.568,3.8379,1093.81,30m,holdout,0.475,368
4.5,1.0,285,0.568,3.7163,1059.15,30m,holdout,0.475,368
4.5,1.5,285,0.561,3.6969,1053.61,30m,holdout,0.475,368
4.5,2.0,285,0.537,3.6851,1050.24,30m,holdout,0.475,368
5.0,0.25,285,0.621,4.349,1239.47,30m,holdout,0.475,368
5.0,0.5,285,0.593,4.1649,1187.01,30m,holdout,0.475,368
5.0,0.75,285,0.568,3.9881,1136.6,30m,holdout,0.475,368
5.0,1.0,285,0.568,3.8309,1091.81,30m,holdout,0.475,368
5.0,1.5,285,0.561,3.7783,1076.83,30m,holdout,0.475,368
5.0,2.0,285,0.537,3.7496,1068.65,30m,holdout,0.475,368
1.5,0.25,283,0.689,2.0231,572.55,30m,holdout,0.5,368
1.5,0.5,283,0.668,2.011,569.1,30m,holdout,0.5,368
1.5,0.75,283,0.657,2.0229,572.48,30m,holdout,0.5,368
1.5,1.0,283,0.654,2.0397,577.22,30m,holdout,0.5,368
1.5,1.5,283,0.654,2.0705,585.96,30m,holdout,0.5,368
1.5,2.0,283,0.654,2.0915,591.91,30m,holdout,0.5,368
2.0,0.25,283,0.682,2.5723,727.97,30m,holdout,0.5,368
2.0,0.5,283,0.654,2.447,692.51,30m,holdout,0.5,368
2.0,0.75,283,0.64,2.4194,684.69,30m,holdout,0.5,368
2.0,1.0,283,0.633,2.4164,683.83,30m,holdout,0.5,368
2.0,1.5,283,0.633,2.4257,686.47,30m,holdout,0.5,368
2.0,2.0,283,0.625,2.4345,688.96,30m,holdout,0.5,368
2.5,0.25,283,0.668,2.8076,794.55,30m,holdout,0.5,368
2.5,0.5,283,0.64,2.705,765.51,30m,holdout,0.5,368
2.5,0.75,283,0.622,2.6606,752.94,30m,holdout,0.5,368
2.5,1.0,283,0.618,2.6443,748.33,30m,holdout,0.5,368
2.5,1.5,283,0.615,2.6407,747.33,30m,holdout,0.5,368
2.5,2.0,283,0.608,2.6484,749.51,30m,holdout,0.5,368
3.0,0.25,283,0.65,3.0565,864.98,30m,holdout,0.5,368
3.0,0.5,283,0.622,2.9172,825.58,30m,holdout,0.5,368
3.0,0.75,283,0.604,2.8096,795.13,30m,holdout,0.5,368
3.0,1.0,283,0.597,2.7661,782.81,30m,holdout,0.5,368
3.0,1.5,283,0.59,2.7386,775.03,30m,holdout,0.5,368
3.0,2.0,283,0.583,2.735,774.01,30m,holdout,0.5,368
3.5,0.25,283,0.643,3.3122,937.37,30m,holdout,0.5,368
3.5,0.5,283,0.611,3.0557,864.76,30m,holdout,0.5,368
3.5,0.75,283,0.594,2.9117,824.01,30m,holdout,0.5,368
3.5,1.0,283,0.587,2.8179,797.47,30m,holdout,0.5,368
3.5,1.5,283,0.58,2.7477,777.61,30m,holdout,0.5,368
3.5,2.0,283,0.572,2.7291,772.32,30m,holdout,0.5,368
4.0,0.25,283,0.636,3.6687,1038.25,30m,holdout,0.5,368
4.0,0.5,283,0.604,3.4098,964.99,30m,holdout,0.5,368
4.0,0.75,283,0.587,3.2804,928.34,30m,holdout,0.5,368
4.0,1.0,283,0.58,3.1996,905.48,30m,holdout,0.5,368
4.0,1.5,283,0.569,3.1414,889.02,30m,holdout,0.5,368
4.0,2.0,283,0.555,3.1303,885.88,30m,holdout,0.5,368
4.5,0.25,283,0.625,3.9405,1115.16,30m,holdout,0.5,368
4.5,0.5,283,0.59,3.7761,1068.63,30m,holdout,0.5,368
4.5,0.75,283,0.572,3.6443,1031.33,30m,holdout,0.5,368
4.5,1.0,283,0.565,3.5567,1006.54,30m,holdout,0.5,368
4.5,1.5,283,0.555,3.4906,987.84,30m,holdout,0.5,368
4.5,2.0,283,0.544,3.4749,983.38,30m,holdout,0.5,368
5.0,0.25,283,0.625,4.2308,1197.32,30m,holdout,0.5,368
5.0,0.5,283,0.59,4.0,1132.0,30m,holdout,0.5,368
5.0,0.75,283,0.572,3.8387,1086.36,30m,holdout,0.5,368
5.0,1.0,283,0.565,3.7264,1054.57,30m,holdout,0.5,368
5.0,1.5,283,0.555,3.6375,1029.41,30m,holdout,0.5,368
5.0,2.0,283,0.544,3.61,1021.64,30m,holdout,0.5,368
1.5,0.25,282,0.695,1.8679,526.74,30m,holdout,0.525,368
1.5,0.5,282,0.67,1.858,523.94,30m,holdout,0.525,368
1.5,0.75,282,0.66,1.8759,529.01,30m,holdout,0.525,368
1.5,1.0,282,0.652,1.8964,534.79,30m,holdout,0.525,368
1.5,1.5,282,0.652,1.9323,544.91,30m,holdout,0.525,368
1.5,2.0,282,0.652,1.9571,551.89,30m,holdout,0.525,368
2.0,0.25,282,0.681,2.3254,655.77,30m,holdout,0.525,368
2.0,0.5,282,0.649,2.2448,633.03,30m,holdout,0.525,368
2.0,0.75,282,0.638,2.2322,629.49,30m,holdout,0.525,368
2.0,1.0,282,0.631,2.2374,630.96,30m,holdout,0.525,368
2.0,1.5,282,0.628,2.2567,636.38,30m,holdout,0.525,368
2.0,2.0,282,0.621,2.2719,640.68,30m,holdout,0.525,368
2.5,0.25,282,0.667,2.6448,745.83,30m,holdout,0.525,368
2.5,0.5,282,0.635,2.4888,701.83,30m,holdout,0.525,368
2.5,0.75,282,0.624,2.4293,685.07,30m,holdout,0.525,368
2.5,1.0,282,0.61,2.4101,679.65,30m,holdout,0.525,368
2.5,1.5,282,0.61,2.4048,678.15,30m,holdout,0.525,368
2.5,2.0,282,0.599,2.4112,679.96,30m,holdout,0.525,368
3.0,0.25,282,0.649,2.8018,790.11,30m,holdout,0.525,368
3.0,0.5,282,0.617,2.7196,766.92,30m,holdout,0.525,368
3.0,0.75,282,0.606,2.6358,743.29,30m,holdout,0.525,368
3.0,1.0,282,0.592,2.604,734.32,30m,holdout,0.525,368
3.0,1.5,282,0.589,2.5891,730.14,30m,holdout,0.525,368
3.0,2.0,282,0.578,2.5928,731.16,30m,holdout,0.525,368
3.5,0.25,282,0.645,3.1577,890.46,30m,holdout,0.525,368
3.5,0.5,282,0.61,2.8533,804.64,30m,holdout,0.525,368
3.5,0.75,282,0.599,2.7139,765.32,30m,holdout,0.525,368
3.5,1.0,282,0.582,2.6226,739.56,30m,holdout,0.525,368
3.5,1.5,282,0.578,2.5523,719.74,30m,holdout,0.525,368
3.5,2.0,282,0.567,2.5337,714.49,30m,holdout,0.525,368
4.0,0.25,282,0.635,3.4298,967.2,30m,holdout,0.525,368
4.0,0.5,282,0.599,3.1805,896.9,30m,holdout,0.525,368
4.0,0.75,282,0.589,3.08,868.55,30m,holdout,0.525,368
4.0,1.0,282,0.571,3.0144,850.06,30m,holdout,0.525,368
4.0,1.5,282,0.564,2.9704,837.66,30m,holdout,0.525,368
4.0,2.0,282,0.55,2.9676,836.86,30m,holdout,0.525,368
4.5,0.25,282,0.624,3.6892,1040.36,30m,holdout,0.525,368
4.5,0.5,282,0.585,3.4853,982.85,30m,holdout,0.525,368
4.5,0.75,282,0.574,3.3569,946.66,30m,holdout,0.525,368
4.5,1.0,282,0.557,3.2763,923.92,30m,holdout,0.525,368
4.5,1.5,282,0.55,3.2156,906.79,30m,holdout,0.525,368
4.5,2.0,282,0.535,3.2031,903.27,30m,holdout,0.525,368
5.0,0.25,282,0.624,3.9834,1123.31,30m,holdout,0.525,368
5.0,0.5,282,0.585,3.8558,1087.35,30m,holdout,0.525,368
5.0,0.75,282,0.574,3.7366,1053.73,30m,holdout,0.525,368
5.0,1.0,282,0.557,3.6416,1026.94,30m,holdout,0.525,368
5.0,1.5,282,0.55,3.5673,1005.99,30m,holdout,0.525,368
5.0,2.0,282,0.535,3.5477,1000.46,30m,holdout,0.525,368
1.5,0.25,278,0.691,1.8301,508.78,30m,holdout,0.55,368
1.5,0.5,278,0.669,1.8442,512.69,30m,holdout,0.55,368
1.5,0.75,278,0.662,1.8715,520.28,30m,holdout,0.55,368
1.5,1.0,278,0.647,1.897,527.37,30m,holdout,0.55,368
1.5,1.5,278,0.647,1.939,539.05,30m,holdout,0.55,368
1.5,2.0,278,0.647,1.9679,547.07,30m,holdout,0.55,368
2.0,0.25,278,0.68,2.2117,614.86,30m,holdout,0.55,368
2.0,0.5,278,0.655,2.1447,596.24,30m,holdout,0.55,368
2.0,0.75,278,0.647,2.1387,594.56,30m,holdout,0.55,368
2.0,1.0,278,0.633,2.148,597.15,30m,holdout,0.55,368
2.0,1.5,278,0.629,2.1729,604.07,30m,holdout,0.55,368
2.0,2.0,278,0.626,2.1924,609.48,30m,holdout,0.55,368
2.5,0.25,278,0.665,2.5702,714.53,30m,holdout,0.55,368
2.5,0.5,278,0.633,2.4381,677.79,30m,holdout,0.55,368
2.5,0.75,278,0.626,2.389,664.15,30m,holdout,0.55,368
2.5,1.0,278,0.604,2.3759,660.49,30m,holdout,0.55,368
2.5,1.5,278,0.604,2.3779,661.04,30m,holdout,0.55,368
2.5,2.0,278,0.597,2.389,664.13,30m,holdout,0.55,368
3.0,0.25,278,0.655,2.8079,780.58,30m,holdout,0.55,368
3.0,0.5,278,0.622,2.7017,751.06,30m,holdout,0.55,368
3.0,0.75,278,0.615,2.6116,726.02,30m,holdout,0.55,368
3.0,1.0,278,0.594,2.5766,716.29,30m,holdout,0.55,368
3.0,1.5,278,0.594,2.5588,711.35,30m,holdout,0.55,368
3.0,2.0,278,0.583,2.5611,711.99,30m,holdout,0.55,368
3.5,0.25,278,0.647,3.1818,884.53,30m,holdout,0.55,368
3.5,0.5,278,0.612,2.8821,801.24,30m,holdout,0.55,368
3.5,0.75,278,0.601,2.745,763.1,30m,holdout,0.55,368
3.5,1.0,278,0.579,2.6567,738.57,30m,holdout,0.55,368
3.5,1.5,278,0.579,2.5882,719.52,30m,holdout,0.55,368
3.5,2.0,278,0.568,2.5708,714.68,30m,holdout,0.55,368
4.0,0.25,278,0.64,3.3687,936.51,30m,holdout,0.55,368
4.0,0.5,278,0.604,3.1428,873.71,30m,holdout,0.55,368
4.0,0.75,278,0.594,3.0398,845.06,30m,holdout,0.55,368
4.0,1.0,278,0.572,2.9696,825.56,30m,holdout,0.55,368
4.0,1.5,278,0.572,2.9248,813.1,30m,holdout,0.55,368
4.0,2.0,278,0.558,2.9229,812.58,30m,holdout,0.55,368
4.5,0.25,278,0.629,3.6863,1024.8,30m,holdout,0.55,368
4.5,0.5,278,0.59,3.4349,954.92,30m,holdout,0.55,368
4.5,0.75,278,0.579,3.3026,918.13,30m,holdout,0.55,368
4.5,1.0,278,0.558,3.2227,895.9,30m,holdout,0.55,368
4.5,1.5,278,0.554,3.1609,878.72,30m,holdout,0.55,368
4.5,2.0,278,0.54,3.1482,875.21,30m,holdout,0.55,368
5.0,0.25,278,0.626,4.0001,1112.04,30m,holdout,0.55,368
5.0,0.5,278,0.586,3.8451,1068.95,30m,holdout,0.55,368
5.0,0.75,278,0.576,3.7236,1035.17,30m,holdout,0.55,368
5.0,1.0,278,0.554,3.6294,1008.97,30m,holdout,0.55,368
5.0,1.5,278,0.55,3.5543,988.1,30m,holdout,0.55,368
5.0,2.0,278,0.536,3.5347,982.65,30m,holdout,0.55,368
1.5,0.25,277,0.69,1.8717,518.46,30m,holdout,0.575,368
1.5,0.5,277,0.668,1.883,521.59,30m,holdout,0.575,368
1.5,0.75,277,0.664,1.9087,528.7,30m,holdout,0.575,368
1.5,1.0,277,0.65,1.9331,535.47,30m,holdout,0.575,368
1.5,1.5,277,0.643,1.974,546.8,30m,holdout,0.575,368
1.5,2.0,277,0.643,2.0027,554.75,30m,holdout,0.575,368
2.0,0.25,277,0.679,2.2004,609.51,30m,holdout,0.575,368
2.0,0.5,277,0.653,2.1235,588.2,30m,holdout,0.575,368
2.0,0.75,277,0.65,2.1122,585.08,30m,holdout,0.575,368
2.0,1.0,277,0.635,2.1183,586.76,30m,holdout,0.575,368
2.0,1.5,277,0.628,2.1393,592.6,30m,holdout,0.575,368
2.0,2.0,277,0.625,2.1569,597.47,30m,holdout,0.575,368
2.5,0.25,277,0.664,2.5546,707.62,30m,holdout,0.575,368
2.5,0.5,277,0.635,2.4497,678.56,30m,holdout,0.575,368
2.5,0.75,277,0.632,2.4072,666.8,30m,holdout,0.575,368
2.5,1.0,277,0.614,2.3975,664.1,30m,holdout,0.575,368
2.5,1.5,277,0.606,2.4012,665.14,30m,holdout,0.575,368
2.5,2.0,277,0.603,2.4089,667.28,30m,holdout,0.575,368
3.0,0.25,277,0.657,2.7954,774.32,30m,holdout,0.575,368
3.0,0.5,277,0.625,2.6689,739.29,30m,holdout,0.575,368
3.0,0.75,277,0.621,2.5689,711.59,30m,holdout,0.575,368
3.0,1.0,277,0.603,2.5326,701.54,30m,holdout,0.575,368
3.0,1.5,277,0.596,2.5141,696.41,30m,holdout,0.575,368
3.0,2.0,277,0.588,2.5155,696.8,30m,holdout,0.575,368
3.5,0.25,277,0.646,3.1654,876.82,30m,holdout,0.575,368
3.5,0.5,277,0.61,2.8995,803.16,30m,holdout,0.575,368
3.5,0.75,277,0.606,2.7536,762.74,30m,holdout,0.575,368
3.5,1.0,277,0.588,2.6966,746.97,30m,holdout,0.575,368
3.5,1.5,277,0.581,2.6562,735.77,30m,holdout,0.575,368
3.5,2.0,277,0.574,2.6462,733.0,30m,holdout,0.575,368
4.0,0.25,277,0.635,3.2984,913.65,30m,holdout,0.575,368
4.0,0.5,277,0.596,3.0037,832.02,30m,holdout,0.575,368
4.0,0.75,277,0.592,2.8837,798.78,30m,holdout,0.575,368
4.0,1.0,277,0.574,2.8088,778.05,30m,holdout,0.575,368
4.0,1.5,277,0.567,2.7558,763.36,30m,holdout,0.575,368
4.0,2.0,277,0.56,2.749,761.46,30m,holdout,0.575,368
4.5,0.25,277,0.628,3.6808,1019.58,30m,holdout,0.575,368
4.5,0.5,277,0.581,3.3831,937.13,30m,holdout,0.575,368
4.5,0.75,277,0.578,3.2594,902.85,30m,holdout,0.575,368
4.5,1.0,277,0.56,3.185,882.24,30m,holdout,0.575,368
4.5,1.5,277,0.549,3.1268,866.13,30m,holdout,0.575,368
4.5,2.0,277,0.542,3.1163,863.21,30m,holdout,0.575,368
5.0,0.25,277,0.625,3.97,1099.69,30m,holdout,0.575,368
5.0,0.5,277,0.578,3.7393,1035.79,30m,holdout,0.575,368
5.0,0.75,277,0.574,3.613,1000.81,30m,holdout,0.575,368
5.0,1.0,277,0.556,3.5198,975.0,30m,holdout,0.575,368
5.0,1.5,277,0.545,3.4442,954.05,30m,holdout,0.575,368
5.0,2.0,277,0.538,3.4246,948.6,30m,holdout,0.575,368
1.5,0.25,274,0.697,1.8961,519.54,30m,holdout,0.6,368
1.5,0.5,274,0.682,1.8882,517.36,30m,holdout,0.6,368
1.5,0.75,274,0.664,1.91,523.33,30m,holdout,0.6,368
1.5,1.0,274,0.664,1.9327,529.55,30m,holdout,0.6,368
1.5,1.5,274,0.646,1.9723,540.42,30m,holdout,0.6,368
1.5,2.0,274,0.639,2.0011,548.31,30m,holdout,0.6,368
2.0,0.25,274,0.682,2.1854,598.8,30m,holdout,0.6,368
2.0,0.5,274,0.664,2.0833,570.81,30m,holdout,0.6,368
2.0,0.75,274,0.646,2.0633,565.35,30m,holdout,0.6,368
2.0,1.0,274,0.646,2.0643,565.63,30m,holdout,0.6,368
2.0,1.5,274,0.631,2.0799,569.89,30m,holdout,0.6,368
2.0,2.0,274,0.617,2.0949,574.01,30m,holdout,0.6,368
2.5,0.25,274,0.668,2.4872,681.49,30m,holdout,0.6,368
2.5,0.5,274,0.646,2.3188,635.35,30m,holdout,0.6,368
2.5,0.75,274,0.628,2.2648,620.56,30m,holdout,0.6,368
2.5,1.0,274,0.624,2.249,616.21,30m,holdout,0.6,368
2.5,1.5,274,0.606,2.2462,615.46,30m,holdout,0.6,368
2.5,2.0,274,0.591,2.2508,616.73,30m,holdout,0.6,368
3.0,0.25,274,0.664,2.765,757.62,30m,holdout,0.6,368
3.0,0.5,274,0.639,2.5744,705.4,30m,holdout,0.6,368
3.0,0.75,274,0.62,2.4889,681.95,30m,holdout,0.6,368
3.0,1.0,274,0.617,2.4547,672.6,30m,holdout,0.6,368
3.0,1.5,274,0.599,2.4378,667.96,30m,holdout,0.6,368
3.0,2.0,274,0.584,2.4395,668.41,30m,holdout,0.6,368
3.5,0.25,274,0.653,3.0925,847.34,30m,holdout,0.6,368
3.5,0.5,274,0.628,2.9105,797.48,30m,holdout,0.6,368
3.5,0.75,274,0.609,2.7506,753.66,30m,holdout,0.6,368
3.5,1.0,274,0.606,2.6911,737.35,30m,holdout,0.6,368
3.5,1.5,274,0.588,2.6497,726.01,30m,holdout,0.6,368
3.5,2.0,274,0.573,2.6398,723.32,30m,holdout,0.6,368
4.0,0.25,274,0.646,3.3004,904.32,30m,holdout,0.6,368
4.0,0.5,274,0.613,2.9191,799.84,30m,holdout,0.6,368
4.0,0.75,274,0.595,2.7508,753.71,30m,holdout,0.6,368
4.0,1.0,274,0.591,2.6872,736.29,30m,holdout,0.6,368
4.0,1.5,274,0.573,2.6421,723.92,30m,holdout,0.6,368
4.0,2.0,274,0.558,2.631,720.88,30m,holdout,0.6,368
4.5,0.25,274,0.635,3.5407,970.16,30m,holdout,0.6,368
4.5,0.5,274,0.595,3.1575,865.16,30m,holdout,0.6,368
4.5,0.75,274,0.577,3.0098,824.67,30m,holdout,0.6,368
4.5,1.0,274,0.573,2.956,809.96,30m,holdout,0.6,368
4.5,1.5,274,0.551,2.9247,801.36,30m,holdout,0.6,368
4.5,2.0,274,0.536,2.9232,800.96,30m,holdout,0.6,368
5.0,0.25,274,0.631,3.8768,1062.24,30m,holdout,0.6,368
5.0,0.5,274,0.591,3.5508,972.92,30m,holdout,0.6,368
5.0,0.75,274,0.573,3.3685,922.96,30m,holdout,0.6,368
5.0,1.0,274,0.569,3.3004,904.31,30m,holdout,0.6,368
5.0,1.5,274,0.547,3.2506,890.66,30m,holdout,0.6,368
5.0,2.0,274,0.533,3.2382,887.27,30m,holdout,0.6,368
1.5,0.25,272,0.706,2.0026,544.7,30m,holdout,0.625,368
1.5,0.5,272,0.688,2.0188,549.11,30m,holdout,0.625,368
1.5,0.75,272,0.673,2.0456,556.41,30m,holdout,0.625,368
1.5,1.0,272,0.669,2.061,560.59,30m,holdout,0.625,368
1.5,1.5,272,0.662,2.0743,564.2,30m,holdout,0.625,368
1.5,2.0,272,0.654,2.0804,565.87,30m,holdout,0.625,368
2.0,0.25,272,0.688,2.1817,593.41,30m,holdout,0.625,368
2.0,0.5,272,0.665,2.1419,582.6,30m,holdout,0.625,368
2.0,0.75,272,0.651,2.1469,583.97,30m,holdout,0.625,368
2.0,1.0,272,0.647,2.1603,587.6,30m,holdout,0.625,368
2.0,1.5,272,0.64,2.1897,595.59,30m,holdout,0.625,368
2.0,2.0,272,0.629,2.2131,601.97,30m,holdout,0.625,368
2.5,0.25,272,0.673,2.4787,674.2,30m,holdout,0.625,368
2.5,0.5,272,0.647,2.3403,636.57,30m,holdout,0.625,368
2.5,0.75,272,0.632,2.2966,624.68,30m,holdout,0.625,368
2.5,1.0,272,0.629,2.2864,621.89,30m,holdout,0.625,368
2.5,1.5,272,0.621,2.2903,622.97,30m,holdout,0.625,368
2.5,2.0,272,0.607,2.2994,625.44,30m,holdout,0.625,368
3.0,0.25,272,0.669,2.7034,735.32,30m,holdout,0.625,368
3.0,0.5,272,0.64,2.4955,678.79,30m,holdout,0.625,368
3.0,0.75,272,0.625,2.4057,654.35,30m,holdout,0.625,368
3.0,1.0,272,0.621,2.3692,644.44,30m,holdout,0.625,368
3.0,1.5,272,0.614,2.3485,638.78,30m,holdout,0.625,368
3.0,2.0,272,0.596,2.3441,637.6,30m,holdout,0.625,368
3.5,0.25,272,0.658,3.1214,849.01,30m,holdout,0.625,368
3.5,0.5,272,0.629,2.9511,802.69,30m,holdout,0.625,368
3.5,0.75,272,0.614,2.7956,760.4,30m,holdout,0.625,368
3.5,1.0,272,0.61,2.739,745.02,30m,holdout,0.625,368
3.5,1.5,272,0.603,2.7013,734.74,30m,holdout,0.625,368
3.5,2.0,272,0.585,2.693,732.5,30m,holdout,0.625,368
4.0,0.25,272,0.654,3.3309,906.0,30m,holdout,0.625,368
4.0,0.5,272,0.621,3.0613,832.68,30m,holdout,0.625,368
4.0,0.75,272,0.607,2.8973,788.06,30m,holdout,0.625,368
4.0,1.0,272,0.603,2.8372,771.72,30m,holdout,0.625,368
4.0,1.5,272,0.596,2.7963,760.59,30m,holdout,0.625,368
4.0,2.0,272,0.577,2.7872,758.13,30m,holdout,0.625,368
4.5,0.25,272,0.64,3.5334,961.07,30m,holdout,0.625,368
4.5,0.5,272,0.599,3.1775,864.29,30m,holdout,0.625,368
4.5,0.75,272,0.585,3.0249,822.78,30m,holdout,0.625,368
4.5,1.0,272,0.581,2.9739,808.9,30m,holdout,0.625,368
4.5,1.5,272,0.57,2.9461,801.33,30m,holdout,0.625,368
4.5,2.0,272,0.551,2.9466,801.48,30m,holdout,0.625,368
5.0,0.25,272,0.636,3.81,1036.33,30m,holdout,0.625,368
5.0,0.5,272,0.592,3.5263,959.15,30m,holdout,0.625,368
5.0,0.75,272,0.577,3.3616,914.36,30m,holdout,0.625,368
5.0,1.0,272,0.574,3.3032,898.47,30m,holdout,0.625,368
5.0,1.5,272,0.562,3.2643,887.88,30m,holdout,0.625,368
5.0,2.0,272,0.544,3.2582,886.23,30m,holdout,0.625,368
1.5,0.25,271,0.705,1.9697,533.8,30m,holdout,0.65,368
1.5,0.5,271,0.69,2.0136,545.7,30m,holdout,0.65,368
1.5,0.75,271,0.683,2.0496,555.45,30m,holdout,0.65,368
1.5,1.0,271,0.672,2.0719,561.48,30m,holdout,0.65,368
1.5,1.5,271,0.661,2.0976,568.44,30m,holdout,0.65,368
1.5,2.0,271,0.661,2.1124,572.45,30m,holdout,0.65,368
2.0,0.25,271,0.69,2.1742,589.22,30m,holdout,0.65,368
2.0,0.5,271,0.675,2.1672,587.32,30m,holdout,0.65,368
2.0,0.75,271,0.664,2.1902,593.55,30m,holdout,0.65,368
2.0,1.0,271,0.653,2.2139,599.97,30m,holdout,0.65,368
2.0,1.5,271,0.642,2.2556,611.27,30m,holdout,0.65,368
2.0,2.0,271,0.635,2.2868,619.72,30m,holdout,0.65,368
2.5,0.25,271,0.675,2.3135,626.97,30m,holdout,0.65,368
2.5,0.5,271,0.657,2.1986,595.83,30m,holdout,0.65,368
2.5,0.75,271,0.646,2.1715,588.48,30m,holdout,0.65,368
2.5,1.0,271,0.635,2.1709,588.31,30m,holdout,0.65,368
2.5,1.5,271,0.624,2.1863,592.5,30m,holdout,0.65,368
2.5,2.0,271,0.616,2.2028,596.95,30m,holdout,0.65,368
3.0,0.25,271,0.668,2.6329,713.5,30m,holdout,0.65,368
3.0,0.5,271,0.646,2.4442,662.37,30m,holdout,0.65,368
3.0,0.75,271,0.635,2.3668,641.39,30m,holdout,0.65,368
3.0,1.0,271,0.624,2.3375,633.46,30m,holdout,0.65,368
3.0,1.5,271,0.613,2.3253,630.16,30m,holdout,0.65,368
3.0,2.0,271,0.598,2.3265,630.48,30m,holdout,0.65,368
3.5,0.25,271,0.653,2.7001,731.72,30m,holdout,0.65,368
3.5,0.5,271,0.631,2.5384,687.9,30m,holdout,0.65,368
3.5,0.75,271,0.62,2.4231,656.65,30m,holdout,0.65,368
3.5,1.0,271,0.609,2.3842,646.13,30m,holdout,0.65,368
3.5,1.5,271,0.598,2.3649,640.89,30m,holdout,0.65,368
3.5,2.0,271,0.583,2.3664,641.3,30m,holdout,0.65,368
4.0,0.25,271,0.649,3.1293,848.04,30m,holdout,0.65,368
4.0,0.5,271,0.624,2.8742,778.9,30m,holdout,0.65,368
4.0,0.75,271,0.613,2.7122,735.01,30m,holdout,0.65,368
4.0,1.0,271,0.601,2.6579,720.3,30m,holdout,0.65,368
4.0,1.5,271,0.59,2.6246,711.26,30m,holdout,0.65,368
4.0,2.0,271,0.576,2.6196,709.91,30m,holdout,0.65,368
4.5,0.25,271,0.635,3.1404,851.06,30m,holdout,0.65,368
4.5,0.5,271,0.601,2.8144,762.71,30m,holdout,0.65,368
4.5,0.75,271,0.59,2.669,723.29,30m,holdout,0.65,368
4.5,1.0,271,0.579,2.6264,711.74,30m,holdout,0.65,368
4.5,1.5,271,0.568,2.6091,707.07,30m,holdout,0.65,368
4.5,2.0,271,0.554,2.6155,708.8,30m,holdout,0.65,368
5.0,0.25,271,0.631,3.5037,949.49,30m,holdout,0.65,368
5.0,0.5,271,0.598,3.2113,870.25,30m,holdout,0.65,368
5.0,0.75,271,0.583,3.0581,828.73,30m,holdout,0.65,368
5.0,1.0,271,0.572,3.0038,814.03,30m,holdout,0.65,368
5.0,1.5,271,0.561,2.9764,806.61,30m,holdout,0.65,368
5.0,2.0,271,0.542,2.9784,807.13,30m,holdout,0.65,368
1.5,0.25,271,0.708,2.0784,563.26,30m,holdout,0.675,368
1.5,0.5,271,0.694,2.1232,575.39,30m,holdout,0.675,368
1.5,0.75,271,0.686,2.1554,584.11,30m,holdout,0.675,368
1.5,1.0,271,0.686,2.1752,589.48,30m,holdout,0.675,368
1.5,1.5,271,0.668,2.1987,595.86,30m,holdout,0.675,368
1.5,2.0,271,0.668,2.2126,599.62,30m,holdout,0.675,368
2.0,0.25,271,0.69,2.1864,592.52,30m,holdout,0.675,368
2.0,0.5,271,0.675,2.1823,591.39,30m,holdout,0.675,368
2.0,0.75,271,0.664,2.2066,597.99,30m,holdout,0.675,368
2.0,1.0,271,0.664,2.2311,604.64,30m,holdout,0.675,368
2.0,1.5,271,0.646,2.274,616.26,30m,holdout,0.675,368
2.0,2.0,271,0.642,2.3064,625.04,30m,holdout,0.675,368
2.5,0.25,271,0.679,2.4759,670.96,30m,holdout,0.675,368
2.5,0.5,271,0.664,2.383,645.78,30m,holdout,0.675,368
2.5,0.75,271,0.653,2.363,640.36,30m,holdout,0.675,368
2.5,1.0,271,0.653,2.3663,641.27,30m,holdout,0.675,368
2.5,1.5,271,0.635,2.3864,646.72,30m,holdout,0.675,368
2.5,2.0,271,0.631,2.406,652.03,30m,holdout,0.675,368
3.0,0.25,271,0.672,2.8274,766.22,30m,holdout,0.675,368
3.0,0.5,271,0.653,2.646,717.07,30m,holdout,0.675,368
3.0,0.75,271,0.638,2.5754,697.95,30m,holdout,0.675,368
3.0,1.0,271,0.638,2.5502,691.11,30m,holdout,0.675,368
3.0,1.5,271,0.62,2.543,689.16,30m,holdout,0.675,368
3.0,2.0,271,0.613,2.5478,690.44,30m,holdout,0.675,368
3.5,0.25,271,0.661,2.828,766.4,30m,holdout,0.675,368
3.5,0.5,271,0.642,2.675,724.92,30m,holdout,0.675,368
3.5,0.75,271,0.627,2.5636,694.72,30m,holdout,0.675,368
3.5,1.0,271,0.627,2.5271,684.84,30m,holdout,0.675,368
3.5,1.5,271,0.609,2.5096,680.11,30m,holdout,0.675,368
3.5,2.0,271,0.601,2.5091,679.96,30m,holdout,0.675,368
4.0,0.25,271,0.653,3.1389,850.64,30m,holdout,0.675,368
4.0,0.5,271,0.635,3.0191,818.18,30m,holdout,0.675,368
4.0,0.75,271,0.62,2.865,776.43,30m,holdout,0.675,368
4.0,1.0,271,0.62,2.8152,762.91,30m,holdout,0.675,368
4.0,1.5,271,0.601,2.7866,755.16,30m,holdout,0.675,368
4.0,2.0,271,0.594,2.7838,754.41,30m,holdout,0.675,368
4.5,0.25,271,0.638,3.2513,881.11,30m,holdout,0.675,368
4.5,0.5,271,0.609,2.9281,793.51,30m,holdout,0.675,368
4.5,0.75,271,0.59,2.7824,754.03,30m,holdout,0.675,368
4.5,1.0,271,0.59,2.74,742.53,30m,holdout,0.675,368
4.5,1.5,271,0.572,2.7231,737.96,30m,holdout,0.675,368
4.5,2.0,271,0.565,2.7298,739.78,30m,holdout,0.675,368
5.0,0.25,271,0.631,3.5237,954.92,30m,holdout,0.675,368
5.0,0.5,271,0.601,3.2223,873.24,30m,holdout,0.675,368
5.0,0.75,271,0.583,3.0513,826.89,30m,holdout,0.675,368
5.0,1.0,271,0.583,2.9921,810.86,30m,holdout,0.675,368
5.0,1.5,271,0.565,2.9593,801.97,30m,holdout,0.675,368
5.0,2.0,271,0.554,2.9574,801.46,30m,holdout,0.675,368
1.5,0.25,271,0.712,2.0886,566.01,30m,holdout,0.7,368
1.5,0.5,271,0.694,2.1339,578.28,30m,holdout,0.7,368
1.5,0.75,271,0.686,2.1606,585.52,30m,holdout,0.7,368
1.5,1.0,271,0.686,2.1764,589.81,30m,holdout,0.7,368
1.5,1.5,271,0.686,2.195,594.84,30m,holdout,0.7,368
1.5,2.0,271,0.668,2.2059,597.79,30m,holdout,0.7,368
2.0,0.25,271,0.697,2.1958,595.07,30m,holdout,0.7,368
2.0,0.5,271,0.679,2.2204,601.72,30m,holdout,0.7,368
2.0,0.75,271,0.672,2.2521,610.33,30m,holdout,0.7,368
2.0,1.0,271,0.672,2.2744,616.35,30m,holdout,0.7,368
2.0,1.5,271,0.672,2.2976,622.66,30m,holdout,0.7,368
2.0,2.0,271,0.649,2.3097,625.94,30m,holdout,0.7,368
2.5,0.25,271,0.686,2.5032,678.38,30m,holdout,0.7,368
2.5,0.5,271,0.668,2.4309,658.78,30m,holdout,0.7,368
2.5,0.75,271,0.657,2.4179,655.26,30m,holdout,0.7,368
2.5,1.0,271,0.657,2.425,657.19,30m,holdout,0.7,368
2.5,1.5,271,0.657,2.4496,663.84,30m,holdout,0.7,368
2.5,2.0,271,0.635,2.4722,669.98,30m,holdout,0.7,368
3.0,0.25,271,0.675,2.7783,752.92,30m,holdout,0.7,368
3.0,0.5,271,0.653,2.6196,709.9,30m,holdout,0.7,368
3.0,0.75,271,0.638,2.5588,693.43,30m,holdout,0.7,368
3.0,1.0,271,0.638,2.5388,688.03,30m,holdout,0.7,368
3.0,1.5,271,0.638,2.5377,687.73,30m,holdout,0.7,368
3.0,2.0,271,0.613,2.5464,690.08,30m,holdout,0.7,368
3.5,0.25,271,0.668,2.8388,769.33,30m,holdout,0.7,368
3.5,0.5,271,0.646,2.662,721.39,30m,holdout,0.7,368
3.5,0.75,271,0.631,2.5818,699.67,30m,holdout,0.7,368
3.5,1.0,271,0.631,2.551,691.32,30m,holdout,0.7,368
3.5,1.5,271,0.631,2.5375,687.66,30m,holdout,0.7,368
3.5,2.0,271,0.605,2.539,688.06,30m,holdout,0.7,368
4.0,0.25,271,0.657,3.1386,850.56,30m,holdout,0.7,368
4.0,0.5,271,0.635,3.0005,813.15,30m,holdout,0.7,368
4.0,0.75,271,0.62,2.8381,769.12,30m,holdout,0.7,368
4.0,1.0,271,0.62,2.7832,754.26,30m,holdout,0.7,368
4.0,1.5,271,0.62,2.7487,744.91,30m,holdout,0.7,368
4.0,2.0,271,0.594,2.7426,743.25,30m,holdout,0.7,368
4.5,0.25,271,0.646,3.2733,887.06,30m,holdout,0.7,368
4.5,0.5,271,0.616,3.0257,819.97,30m,holdout,0.7,368
4.5,0.75,271,0.598,2.8648,776.37,30m,holdout,0.7,368
4.5,1.0,271,0.598,2.8117,761.98,30m,holdout,0.7,368
4.5,1.5,271,0.598,2.7799,753.35,30m,holdout,0.7,368
4.5,2.0,271,0.572,2.7761,752.33,30m,holdout,0.7,368
5.0,0.25,271,0.635,3.5391,959.11,30m,holdout,0.7,368
5.0,0.5,271,0.601,3.1822,862.37,30m,holdout,0.7,368
5.0,0.75,271,0.583,3.0184,817.98,30m,holdout,0.7,368
5.0,1.0,271,0.583,2.966,803.79,30m,holdout,0.7,368
5.0,1.5,271,0.583,2.9382,796.24,30m,holdout,0.7,368
5.0,2.0,271,0.554,2.9387,796.38,30m,holdout,0.7,368
1.5,0.25,324,0.688,2.8601,926.67,1h,train,0.3,542
1.5,0.5,324,0.67,2.9563,957.84,1h,train,0.3,542
1.5,0.75,324,0.66,2.9323,950.08,1h,train,0.3,542
1.5,1.0,324,0.651,2.8739,931.15,1h,train,0.3,542
1.5,1.5,324,0.639,2.905,941.21,1h,train,0.3,542
1.5,2.0,324,0.636,2.8248,915.25,1h,train,0.3,542
2.0,0.25,324,0.676,2.9903,968.87,1h,train,0.3,542
2.0,0.5,324,0.645,3.0778,997.22,1h,train,0.3,542
2.0,0.75,324,0.636,3.061,991.78,1h,train,0.3,542
2.0,1.0,324,0.623,2.9987,971.57,1h,train,0.3,542
2.0,1.5,324,0.614,2.9825,966.34,1h,train,0.3,542
2.0,2.0,324,0.611,2.8812,933.52,1h,train,0.3,542
2.5,0.25,324,0.676,3.2022,1037.51,1h,train,0.3,542
2.5,0.5,324,0.639,3.3908,1098.61,1h,train,0.3,542
2.5,0.75,324,0.63,3.4046,1103.1,1h,train,0.3,542
2.5,1.0,324,0.617,3.365,1090.27,1h,train,0.3,542
2.5,1.5,324,0.605,3.3097,1072.35,1h,train,0.3,542
2.5,2.0,324,0.599,3.1711,1027.43,1h,train,0.3,542
3.0,0.25,324,0.667,3.1861,1032.29,1h,train,0.3,542
3.0,0.5,324,0.627,3.458,1120.39,1h,train,0.3,542
3.0,0.75,324,0.608,3.4612,1121.42,1h,train,0.3,542
3.0,1.0,324,0.596,3.4791,1127.24,1h,train,0.3,542
3.0,1.5,324,0.583,3.3829,1096.07,1h,train,0.3,542
3.0,2.0,324,0.577,3.208,1039.39,1h,train,0.3,542
3.5,0.25,324,0.657,3.2425,1050.56,1h,train,0.3,542
3.5,0.5,324,0.611,3.5098,1137.18,1h,train,0.3,542
3.5,0.75,324,0.593,3.5241,1141.82,1h,train,0.3,542
3.5,1.0,324,0.58,3.527,1142.76,1h,train,0.3,542
3.5,1.5,324,0.565,3.4045,1103.06,1h,train,0.3,542
3.5,2.0,324,0.559,3.2414,1050.21,1h,train,0.3,542
4.0,0.25,324,0.657,3.4644,1122.47,1h,train,0.3,542
4.0,0.5,324,0.608,3.7082,1201.45,1h,train,0.3,542
4.0,0.75,324,0.586,3.7511,1215.35,1h,train,0.3,542
4.0,1.0,324,0.574,3.79,1227.97,1h,train,0.3,542
4.0,1.5,324,0.559,3.709,1201.72,1h,train,0.3,542
4.0,2.0,324,0.552,3.5133,1138.32,1h,train,0.3,542
4.5,0.25,324,0.654,3.6468,1181.56,1h,train,0.3,542
4.5,0.5,324,0.605,3.9046,1265.09,1h,train,0.3,542
4.5,0.75,324,0.583,4.0254,1304.21,1h,train,0.3,542
4.5,1.0,324,0.571,4.1253,1336.59,1h,train,0.3,542
4.5,1.5,324,0.556,4.1317,1338.67,1h,train,0.3,542
4.5,2.0,324,0.549,3.9648,1284.58,1h,train,0.3,542
5.0,0.25,324,0.654,3.7904,1228.1,1h,train,0.3,542
5.0,0.5,324,0.605,4.0726,1319.52,1h,train,0.3,542
5.0,0.75,324,0.583,4.2341,1371.84,1h,train,0.3,542
5.0,1.0,324,0.568,4.35,1409.4,1h,train,0.3,542
5.0,1.5,324,0.552,4.3078,1395.71,1h,train,0.3,542
5.0,2.0,324,0.546,4.1793,1354.08,1h,train,0.3,542
1.5,0.25,324,0.685,2.8341,918.24,1h,train,0.325,542
1.5,0.5,324,0.667,2.9046,941.09,1h,train,0.325,542
1.5,0.75,324,0.657,2.839,919.83,1h,train,0.325,542
1.5,1.0,324,0.654,2.772,898.12,1h,train,0.325,542
1.5,1.5,324,0.642,2.807,909.46,1h,train,0.325,542
1.5,2.0,324,0.639,2.7377,887.02,1h,train,0.325,542
2.0,0.25,324,0.676,3.0171,977.54,1h,train,0.325,542
2.0,0.5,324,0.651,3.0877,1000.4,1h,train,0.325,542
2.0,0.75,324,0.642,3.0612,991.81,1h,train,0.325,542
2.0,1.0,324,0.636,3.0576,990.66,1h,train,0.325,542
2.0,1.5,324,0.623,3.0167,977.4,1h,train,0.325,542
2.0,2.0,324,0.617,2.8913,936.79,1h,train,0.325,542
2.5,0.25,324,0.673,3.1063,1006.43,1h,train,0.325,542
2.5,0.5,324,0.636,3.2544,1054.43,1h,train,0.325,542
2.5,0.75,324,0.627,3.2392,1049.49,1h,train,0.325,542
2.5,1.0,324,0.62,3.2339,1047.78,1h,train,0.325,542
2.5,1.5,324,0.608,3.1362,1016.12,1h,train,0.325,542
2.5,2.0,324,0.596,2.9722,962.98,1h,train,0.325,542
3.0,0.25,324,0.667,3.2062,1038.8,1h,train,0.325,542
3.0,0.5,324,0.627,3.4547,1119.34,1h,train,0.325,542
3.0,0.75,324,0.608,3.4246,1109.56,1h,train,0.325,542
3.0,1.0,324,0.602,3.4755,1126.05,1h,train,0.325,542
3.0,1.5,324,0.59,3.4251,1109.72,1h,train,0.325,542
3.0,2.0,324,0.577,3.2234,1044.38,1h,train,0.325,542
3.5,0.25,324,0.654,3.1691,1026.77,1h,train,0.325,542
3.5,0.5,324,0.611,3.4756,1126.1,1h,train,0.325,542
3.5,0.75,324,0.593,3.484,1128.81,1h,train,0.325,542
3.5,1.0,324,0.586,3.5357,1145.56,1h,train,0.325,542
3.5,1.5,324,0.571,3.4161,1106.81,1h,train,0.325,542
3.5,2.0,324,0.559,3.2381,1049.16,1h,train,0.325,542
4.0,0.25,324,0.654,3.4193,1107.84,1h,train,0.325,542
4.0,0.5,324,0.608,3.6252,1174.55,1h,train,0.325,542
4.0,0.75,324,0.586,3.65,1182.59,1h,train,0.325,542
4.0,1.0,324,0.58,3.7264,1207.34,1h,train,0.325,542
4.0,1.5,324,0.565,3.617,1171.92,1h,train,0.325,542
4.0,2.0,324,0.552,3.4524,1118.56,1h,train,0.325,542
4.5,0.25,324,0.651,3.6202,1172.95,1h,train,0.325,542
4.5,0.5,324,0.605,3.8826,1257.96,1h,train,0.325,542
4.5,0.75,324,0.583,3.9845,1290.97,1h,train,0.325,542
4.5,1.0,324,0.577,4.1176,1334.11,1h,train,0.325,542
4.5,1.5,324,0.562,4.1144,1333.06,1h,train,0.325,542
4.5,2.0,324,0.549,3.9364,1275.38,1h,train,0.325,542
5.0,0.25,324,0.651,3.7757,1223.32,1h,train,0.325,542
5.0,0.5,324,0.605,4.0999,1328.37,1h,train,0.325,542
5.0,0.75,324,0.583,4.2329,1371.45,1h,train,0.325,542
5.0,1.0,324,0.577,4.4024,1426.37,1h,train,0.325,542
5.0,1.5,324,0.562,4.3402,1406.22,1h,train,0.325,542
5.0,2.0,324,0.549,4.1729,1352.01,1h,train,0.325,542
1.5,0.25,322,0.693,2.8281,910.66,1h,train,0.35,542
1.5,0.5,322,0.671,2.8505,917.86,1h,train,0.35,542
1.5,0.75,322,0.665,2.8401,914.51,1h,train,0.35,542
1.5,1.0,322,0.658,2.8424,915.26,1h,train,0.35,542
1.5,1.5,322,0.643,2.8194,907.84,1h,train,0.35,542
1.5,2.0,322,0.643,2.7877,897.64,1h,train,0.35,542
2.0,0.25,322,0.68,3.0065,968.1,1h,train,0.35,542
2.0,0.5,322,0.649,3.0044,967.42,1h,train,0.35,542
2.0,0.75,322,0.643,3.0106,969.4,1h,train,0.35,542
2.0,1.0,322,0.634,3.0632,986.34,1h,train,0.35,542
2.0,1.5,322,0.618,2.9942,964.12,1h,train,0.35,542
2.0,2.0,322,0.615,2.9472,948.99,1h,train,0.35,542
2.5,0.25,322,0.677,3.0963,997.0,1h,train,0.35,542
2.5,0.5,322,0.64,3.2517,1047.04,1h,train,0.35,542
2.5,0.75,322,0.63,3.2844,1057.57,1h,train,0.35,542
2.5,1.0,322,0.621,3.3573,1081.06,1h,train,0.35,542
2.5,1.5,322,0.606,3.3279,1071.59,1h,train,0.35,542
2.5,2.0,322,0.602,3.2191,1036.56,1h,train,0.35,542
3.0,0.25,322,0.671,3.2196,1036.72,1h,train,0.35,542
3.0,0.5,322,0.63,3.48,1120.55,1h,train,0.35,542
3.0,0.75,322,0.612,3.5253,1135.14,1h,train,0.35,542
3.0,1.0,322,0.602,3.61,1162.43,1h,train,0.35,542
3.0,1.5,322,0.587,3.5692,1149.27,1h,train,0.35,542
3.0,2.0,322,0.581,3.445,1109.29,1h,train,0.35,542
3.5,0.25,322,0.658,3.1619,1018.12,1h,train,0.35,542
3.5,0.5,322,0.615,3.4835,1121.68,1h,train,0.35,542
3.5,0.75,322,0.596,3.5675,1148.75,1h,train,0.35,542
3.5,1.0,322,0.587,3.6656,1180.31,1h,train,0.35,542
3.5,1.5,322,0.571,3.5826,1153.61,1h,train,0.35,542
3.5,2.0,322,0.565,3.4416,1108.2,1h,train,0.35,542
4.0,0.25,322,0.658,3.3983,1094.26,1h,train,0.35,542
4.0,0.5,322,0.612,3.6214,1166.09,1h,train,0.35,542
4.0,0.75,322,0.59,3.7311,1201.42,1h,train,0.35,542
4.0,1.0,322,0.581,3.8526,1240.55,1h,train,0.35,542
4.0,1.5,322,0.562,3.7778,1216.45,1h,train,0.35,542
4.0,2.0,322,0.556,3.6653,1180.22,1h,train,0.35,542
4.5,0.25,322,0.655,3.5711,1149.88,1h,train,0.35,542
4.5,0.5,322,0.609,3.8017,1224.16,1h,train,0.35,542
4.5,0.75,322,0.587,3.9667,1277.28,1h,train,0.35,542
4.5,1.0,322,0.578,4.1188,1326.26,1h,train,0.35,542
4.5,1.5,322,0.559,4.1141,1324.75,1h,train,0.35,542
4.5,2.0,322,0.553,3.9804,1281.69,1h,train,0.35,542
5.0,0.25,322,0.655,3.7466,1206.41,1h,train,0.35,542
5.0,0.5,322,0.609,4.0438,1302.11,1h,train,0.35,542
5.0,0.75,322,0.587,4.2236,1360.01,1h,train,0.35,542
5.0,1.0,322,0.578,4.3987,1416.38,1h,train,0.35,542
5.0,1.5,322,0.559,4.3954,1415.32,1h,train,0.35,542
5.0,2.0,322,0.553,4.2795,1378.01,1h,train,0.35,542
1.5,0.25,322,0.696,2.884,928.66,1h,train,0.375,542
1.5,0.5,322,0.671,2.8935,931.72,1h,train,0.375,542
1.5,0.75,322,0.661,2.88,927.35,1h,train,0.375,542
1.5,1.0,322,0.658,2.8826,928.19,1h,train,0.375,542
1.5,1.5,322,0.646,2.8609,921.21,1h,train,0.375,542
1.5,2.0,322,0.643,2.8352,912.94,1h,train,0.375,542
2.0,0.25,322,0.686,2.9877,962.05,1h,train,0.375,542
2.0,0.5,322,0.652,2.9502,949.98,1h,train,0.375,542
2.0,0.75,322,0.643,2.948,949.27,1h,train,0.375,542
2.0,1.0,322,0.637,2.9562,951.88,1h,train,0.375,542
2.0,1.5,322,0.621,2.9502,949.96,1h,train,0.375,542
2.0,2.0,322,0.621,2.9158,938.87,1h,train,0.375,542
2.5,0.25,322,0.686,3.1995,1030.24,1h,train,0.375,542
2.5,0.5,322,0.646,3.318,1068.4,1h,train,0.375,542
2.5,0.75,322,0.634,3.3401,1075.52,1h,train,0.375,542
2.5,1.0,322,0.627,3.3998,1094.74,1h,train,0.375,542
2.5,1.5,322,0.612,3.3415,1075.98,1h,train,0.375,542
2.5,2.0,322,0.609,3.2189,1036.49,1h,train,0.375,542
3.0,0.25,322,0.677,3.2588,1049.33,1h,train,0.375,542
3.0,0.5,322,0.634,3.4706,1117.53,1h,train,0.375,542
3.0,0.75,322,0.615,3.5589,1145.98,1h,train,0.375,542
3.0,1.0,322,0.609,3.6645,1179.95,1h,train,0.375,542
3.0,1.5,322,0.593,3.6144,1163.83,1h,train,0.375,542
3.0,2.0,322,0.587,3.5035,1128.12,1h,train,0.375,542
3.5,0.25,322,0.668,3.3225,1069.84,1h,train,0.375,542
3.5,0.5,322,0.621,3.5965,1158.06,1h,train,0.375,542
3.5,0.75,322,0.599,3.6616,1179.04,1h,train,0.375,542
3.5,1.0,322,0.593,3.7516,1208.01,1h,train,0.375,542
3.5,1.5,322,0.578,3.6657,1180.34,1h,train,0.375,542
3.5,2.0,322,0.571,3.5284,1136.13,1h,train,0.375,542
4.0,0.25,322,0.665,3.4747,1118.85,1h,train,0.375,542
4.0,0.5,322,0.615,3.6522,1176.02,1h,train,0.375,542
4.0,0.75,322,0.59,3.7475,1206.69,1h,train,0.375,542
4.0,1.0,322,0.584,3.8542,1241.05,1h,train,0.375,542
4.0,1.5,322,0.565,3.782,1217.79,1h,train,0.375,542
4.0,2.0,322,0.559,3.6781,1184.34,1h,train,0.375,542
4.5,0.25,322,0.661,3.5912,1156.37,1h,train,0.375,542
4.5,0.5,322,0.612,3.8869,1251.57,1h,train,0.375,542
4.5,0.75,322,0.587,4.0446,1302.35,1h,train,0.375,542
4.5,1.0,322,0.581,4.1844,1347.38,1h,train,0.375,542
4.5,1.5,322,0.562,4.1725,1343.56,1h,train,0.375,542
4.5,2.0,322,0.556,4.039,1300.56,1h,train,0.375,542
5.0,0.25,322,0.661,3.7746,1215.42,1h,train,0.375,542
5.0,0.5,322,0.612,4.0691,1310.25,1h,train,0.375,542
5.0,0.75,322,0.587,4.2624,1372.5,1h,train,0.375,542
5.0,1.0,322,0.581,4.4328,1427.37,1h,train,0.375,542
5.0,1.5,322,0.562,4.4278,1425.74,1h,train,0.375,542
5.0,2.0,322,0.556,4.277,1377.19,1h,train,0.375,542
1.5,0.25,322,0.702,2.9819,960.18,1h,train,0.4,542
1.5,0.5,322,0.677,3.0268,974.62,1h,train,0.4,542
1.5,0.75,322,0.668,3.0186,971.99,1h,train,0.4,542
1.5,1.0,322,0.665,3.0051,967.64,1h,train,0.4,542
1.5,1.5,322,0.655,2.9792,959.31,1h,train,0.4,542
1.5,2.0,322,0.652,2.959,952.79,1h,train,0.4,542
2.0,0.25,322,0.689,2.9848,961.09,1h,train,0.4,542
2.0,0.5,322,0.655,2.9346,944.94,1h,train,0.4,542
2.0,0.75,322,0.646,2.9278,942.74,1h,train,0.4,542
2.0,1.0,322,0.637,2.9437,947.86,1h,train,0.4,542
2.0,1.5,322,0.621,2.9268,942.44,1h,train,0.4,542
2.0,2.0,322,0.621,2.9059,935.7,1h,train,0.4,542
2.5,0.25,322,0.686,3.2305,1040.21,1h,train,0.4,542
2.5,0.5,322,0.652,3.3057,1064.42,1h,train,0.4,542
2.5,0.75,322,0.637,3.3343,1073.63,1h,train,0.4,542
2.5,1.0,322,0.627,3.3976,1094.03,1h,train,0.4,542
2.5,1.5,322,0.612,3.298,1061.97,1h,train,0.4,542
2.5,2.0,322,0.609,3.242,1043.92,1h,train,0.4,542
3.0,0.25,322,0.68,3.2678,1052.22,1h,train,0.4,542
3.0,0.5,322,0.643,3.5235,1134.57,1h,train,0.4,542
3.0,0.75,322,0.621,3.6135,1163.56,1h,train,0.4,542
3.0,1.0,322,0.612,3.7305,1201.22,1h,train,0.4,542
3.0,1.5,322,0.596,3.6608,1178.77,1h,train,0.4,542
3.0,2.0,322,0.59,3.574,1150.83,1h,train,0.4,542
3.5,0.25,322,0.674,3.3479,1078.04,1h,train,0.4,542
3.5,0.5,322,0.63,3.636,1170.79,1h,train,0.4,542
3.5,0.75,322,0.606,3.7036,1192.56,1h,train,0.4,542
3.5,1.0,322,0.596,3.8021,1224.29,1h,train,0.4,542
3.5,1.5,322,0.581,3.6832,1185.99,1h,train,0.4,542
3.5,2.0,322,0.575,3.5618,1146.91,1h,train,0.4,542
4.0,0.25,322,0.668,3.4519,1111.53,1h,train,0.4,542
4.0,0.5,322,0.621,3.6467,1174.23,1h,train,0.4,542
4.0,0.75,322,0.596,3.7091,1194.34,1h,train,0.4,542
4.0,1.0,322,0.587,3.8009,1223.88,1h,train,0.4,542
4.0,1.5,322,0.568,3.6799,1184.92,1h,train,0.4,542
4.0,2.0,322,0.562,3.585,1154.38,1h,train,0.4,542
4.5,0.25,322,0.665,3.5811,1153.11,1h,train,0.4,542
4.5,0.5,322,0.618,3.8244,1231.47,1h,train,0.4,542
4.5,0.75,322,0.59,3.9461,1270.64,1h,train,0.4,542
4.5,1.0,322,0.581,4.0853,1315.48,1h,train,0.4,542
4.5,1.5,322,0.562,4.0073,1290.36,1h,train,0.4,542
4.5,2.0,322,0.556,3.9458,1270.56,1h,train,0.4,542
5.0,0.25,322,0.665,3.7427,1205.14,1h,train,0.4,542
5.0,0.5,322,0.618,4.0086,1290.77,1h,train,0.4,542
5.0,0.75,322,0.59,4.2082,1355.05,1h,train,0.4,542
5.0,1.0,322,0.581,4.4074,1419.19,1h,train,0.4,542
5.0,1.5,322,0.562,4.3995,1416.65,1h,train,0.4,542
5.0,2.0,322,0.556,4.2826,1379.01,1h,train,0.4,542
1.5,0.25,321,0.72,3.1285,1004.26,1h,train,0.425,542
1.5,0.5,321,0.679,3.1806,1020.98,1h,train,0.425,542
1.5,0.75,321,0.673,3.181,1021.1,1h,train,0.425,542
1.5,1.0,321,0.667,3.1789,1020.42,1h,train,0.425,542
1.5,1.5,321,0.664,3.1642,1015.7,1h,train,0.425,542
1.5,2.0,321,0.66,3.1622,1015.06,1h,train,0.425,542
2.0,0.25,321,0.707,3.1437,1009.14,1h,train,0.425,542
2.0,0.5,321,0.657,3.0775,987.89,1h,train,0.425,542
2.0,0.75,321,0.651,3.0714,985.94,1h,train,0.425,542
2.0,1.0,321,0.642,3.0884,991.39,1h,train,0.425,542
2.0,1.5,321,0.626,3.0737,986.66,1h,train,0.425,542
2.0,2.0,321,0.623,3.0666,984.38,1h,train,0.425,542
2.5,0.25,321,0.704,3.3677,1081.04,1h,train,0.425,542
2.5,0.5,321,0.654,3.4094,1094.43,1h,train,0.425,542
2.5,0.75,321,0.642,3.4546,1108.94,1h,train,0.425,542
2.5,1.0,321,0.632,3.5121,1127.39,1h,train,0.425,542
2.5,1.5,321,0.617,3.418,1097.16,1h,train,0.425,542
2.5,2.0,321,0.611,3.3782,1084.39,1h,train,0.425,542
3.0,0.25,321,0.698,3.52,1129.91,1h,train,0.425,542
3.0,0.5,321,0.648,3.6822,1182.0,1h,train,0.425,542
3.0,0.75,321,0.632,3.755,1205.35,1h,train,0.425,542
3.0,1.0,321,0.62,3.8318,1230.02,1h,train,0.425,542
3.0,1.5,321,0.604,3.7228,1195.02,1h,train,0.425,542
3.0,2.0,321,0.595,3.6604,1174.98,1h,train,0.425,542
3.5,0.25,321,0.688,3.5096,1126.58,1h,train,0.425,542
3.5,0.5,321,0.632,3.785,1214.97,1h,train,0.425,542
3.5,0.75,321,0.614,3.8729,1243.2,1h,train,0.425,542
3.5,1.0,321,0.601,3.9594,1270.96,1h,train,0.425,542
3.5,1.5,321,0.586,3.9123,1255.86,1h,train,0.425,542
3.5,2.0,321,0.576,3.8106,1223.21,1h,train,0.425,542
4.0,0.25,321,0.682,3.6069,1157.8,1h,train,0.425,542
4.0,0.5,321,0.626,3.8521,1236.51,1h,train,0.425,542
4.0,0.75,321,0.607,3.9446,1266.23,1h,train,0.425,542
4.0,1.0,321,0.595,4.0392,1296.57,1h,train,0.425,542
4.0,1.5,321,0.576,3.9316,1262.04,1h,train,0.425,542
4.0,2.0,321,0.567,3.8307,1229.67,1h,train,0.425,542
4.5,0.25,321,0.679,3.7296,1197.2,1h,train,0.425,542
4.5,0.5,321,0.62,3.9472,1267.05,1h,train,0.425,542
4.5,0.75,321,0.601,4.0753,1308.18,1h,train,0.425,542
4.5,1.0,321,0.586,4.2088,1351.02,1h,train,0.425,542
4.5,1.5,321,0.567,4.144,1330.23,1h,train,0.425,542
4.5,2.0,321,0.558,4.0823,1310.42,1h,train,0.425,542
5.0,0.25,321,0.679,3.9009,1252.18,1h,train,0.425,542
5.0,0.5,321,0.62,4.1409,1329.22,1h,train,0.425,542
5.0,0.75,321,0.601,4.3437,1394.34,1h,train,0.425,542
5.0,1.0,321,0.586,4.539,1457.03,1h,train,0.425,542
5.0,1.5,321,0.567,4.5617,1464.3,1h,train,0.425,542
5.0,2.0,321,0.558,4.4795,1437.91,1h,train,0.425,542
1.5,0.25,321,0.732,3.0558,980.92,1h,train,0.45,542
1.5,0.5,321,0.682,3.1504,1011.28,1h,train,0.45,542
1.5,0.75,321,0.673,3.1662,1016.36,1h,train,0.45,542
1.5,1.0,321,0.67,3.1736,1018.71,1h,train,0.45,542
1.5,1.5,321,0.664,3.1712,1017.96,1h,train,0.45,542
1.5,2.0,321,0.657,3.1764,1019.61,1h,train,0.45,542
2.0,0.25,321,0.72,3.1565,1013.24,1h,train,0.45,542
2.0,0.5,321,0.667,3.1638,1015.59,1h,train,0.45,542
2.0,0.75,321,0.657,3.1649,1015.95,1h,train,0.45,542
2.0,1.0,321,0.651,3.185,1022.38,1h,train,0.45,542
2.0,1.5,321,0.629,3.1738,1018.79,1h,train,0.45,542
2.0,2.0,321,0.626,3.1693,1017.35,1h,train,0.45,542
2.5,0.25,321,0.717,3.3869,1087.19,1h,train,0.45,542
2.5,0.5,321,0.657,3.4121,1095.3,1h,train,0.45,542
2.5,0.75,321,0.645,3.4541,1108.76,1h,train,0.45,542
2.5,1.0,321,0.636,3.5258,1131.79,1h,train,0.45,542
2.5,1.5,321,0.614,3.4374,1103.4,1h,train,0.45,542
2.5,2.0,321,0.607,3.4016,1091.91,1h,train,0.45,542
3.0,0.25,321,0.71,3.536,1135.07,1h,train,0.45,542
3.0,0.5,321,0.654,3.7217,1194.65,1h,train,0.45,542
3.0,0.75,321,0.639,3.7997,1219.7,1h,train,0.45,542
3.0,1.0,321,0.629,3.8793,1245.27,1h,train,0.45,542
3.0,1.5,321,0.607,3.8268,1228.4,1h,train,0.45,542
3.0,2.0,321,0.601,3.7625,1207.76,1h,train,0.45,542
3.5,0.25,321,0.704,3.5783,1148.62,1h,train,0.45,542
3.5,0.5,321,0.642,3.8224,1226.98,1h,train,0.45,542
3.5,0.75,321,0.62,3.8972,1250.99,1h,train,0.45,542
3.5,1.0,321,0.607,3.9651,1272.78,1h,train,0.45,542
3.5,1.5,321,0.586,3.883,1246.44,1h,train,0.45,542
3.5,2.0,321,0.579,3.8039,1221.06,1h,train,0.45,542
4.0,0.25,321,0.695,3.6181,1161.42,1h,train,0.45,542
4.0,0.5,321,0.632,3.8603,1239.15,1h,train,0.45,542
4.0,0.75,321,0.611,3.9545,1269.39,1h,train,0.45,542
4.0,1.0,321,0.598,4.0419,1297.44,1h,train,0.45,542
4.0,1.5,321,0.573,3.9334,1262.62,1h,train,0.45,542
4.0,2.0,321,0.567,3.8308,1229.69,1h,train,0.45,542
4.5,0.25,321,0.692,3.7335,1198.46,1h,train,0.45,542
4.5,0.5,321,0.626,3.9325,1262.32,1h,train,0.45,542
4.5,0.75,321,0.604,4.0334,1294.72,1h,train,0.45,542
4.5,1.0,321,0.589,4.1312,1326.11,1h,train,0.45,542
4.5,1.5,321,0.564,4.0201,1290.44,1h,train,0.45,542
4.5,2.0,321,0.558,3.9402,1264.8,1h,train,0.45,542
5.0,0.25,321,0.692,3.9019,1252.51,1h,train,0.45,542
5.0,0.5,321,0.626,4.1612,1335.75,1h,train,0.45,542
5.0,0.75,321,0.604,4.3354,1391.65,1h,train,0.45,542
5.0,1.0,321,0.589,4.5034,1445.59,1h,train,0.45,542
5.0,1.5,321,0.564,4.5037,1445.67,1h,train,0.45,542
5.0,2.0,321,0.558,4.4672,1433.96,1h,train,0.45,542
1.5,0.25,321,0.732,2.7672,888.26,1h,train,0.475,542
1.5,0.5,321,0.688,2.8695,921.1,1h,train,0.475,542
1.5,0.75,321,0.673,2.8973,930.03,1h,train,0.475,542
1.5,1.0,321,0.667,2.9131,935.1,1h,train,0.475,542
1.5,1.5,321,0.66,2.9423,944.47,1h,train,0.475,542
1.5,2.0,321,0.654,2.968,952.73,1h,train,0.475,542
2.0,0.25,321,0.723,3.0058,964.85,1h,train,0.475,542
2.0,0.5,321,0.676,3.0653,983.97,1h,train,0.475,542
2.0,0.75,321,0.66,3.0781,988.09,1h,train,0.475,542
2.0,1.0,321,0.651,3.0985,994.63,1h,train,0.475,542
2.0,1.5,321,0.632,3.1046,996.59,1h,train,0.475,542
2.0,2.0,321,0.626,3.1146,999.8,1h,train,0.475,542
2.5,0.25,321,0.72,3.2191,1033.34,1h,train,0.475,542
2.5,0.5,321,0.667,3.2609,1046.76,1h,train,0.475,542
2.5,0.75,321,0.651,3.3005,1059.47,1h,train,0.475,542
2.5,1.0,321,0.642,3.3471,1074.41,1h,train,0.475,542
2.5,1.5,321,0.62,3.3562,1077.33,1h,train,0.475,542
2.5,2.0,321,0.614,3.3537,1076.53,1h,train,0.475,542
3.0,0.25,321,0.713,3.2873,1055.23,1h,train,0.475,542
3.0,0.5,321,0.66,3.4872,1119.39,1h,train,0.475,542
3.0,0.75,321,0.642,3.58,1149.19,1h,train,0.475,542
3.0,1.0,321,0.632,3.6629,1175.79,1h,train,0.475,542
3.0,1.5,321,0.611,3.619,1161.71,1h,train,0.475,542
3.0,2.0,321,0.604,3.5588,1142.38,1h,train,0.475,542
3.5,0.25,321,0.704,3.3596,1078.43,1h,train,0.475,542
3.5,0.5,321,0.648,3.6351,1166.87,1h,train,0.475,542
3.5,0.75,321,0.626,3.7857,1215.2,1h,train,0.475,542
3.5,1.0,321,0.614,3.9107,1255.33,1h,train,0.475,542
3.5,1.5,321,0.592,3.8841,1246.81,1h,train,0.475,542
3.5,2.0,321,0.586,3.8347,1230.93,1h,train,0.475,542
4.0,0.25,321,0.698,3.4598,1110.6,1h,train,0.475,542
4.0,0.5,321,0.639,3.7508,1204.01,1h,train,0.475,542
4.0,0.75,321,0.614,3.8835,1246.59,1h,train,0.475,542
4.0,1.0,321,0.601,3.9854,1279.32,1h,train,0.475,542
4.0,1.5,321,0.579,3.8783,1244.94,1h,train,0.475,542
4.0,2.0,321,0.573,3.7736,1211.31,1h,train,0.475,542
4.5,0.25,321,0.692,3.4734,1114.95,1h,train,0.475,542
4.5,0.5,321,0.629,3.7251,1195.76,1h,train,0.475,542
4.5,0.75,321,0.604,3.8409,1232.93,1h,train,0.475,542
4.5,1.0,321,0.592,3.9501,1267.97,1h,train,0.475,542
4.5,1.5,321,0.567,3.8661,1241.02,1h,train,0.475,542
4.5,2.0,321,0.561,3.7976,1219.04,1h,train,0.475,542
5.0,0.25,321,0.692,3.6765,1180.17,1h,train,0.475,542
5.0,0.5,321,0.629,3.9596,1271.04,1h,train,0.475,542
5.0,0.75,321,0.604,4.145,1330.56,1h,train,0.475,542
5.0,1.0,321,0.589,4.3153,1385.21,1h,train,0.475,542
5.0,1.5,321,0.564,4.2952,1378.77,1h,train,0.475,542
5.0,2.0,321,0.558,4.2505,1364.41,1h,train,0.475,542
1.5,0.25,320,0.725,2.6567,850.15,1h,train,0.5,542
1.5,0.5,320,0.691,2.771,886.73,1h,train,0.5,542
1.5,0.75,320,0.675,2.7679,885.71,1h,train,0.5,542
1.5,1.0,320,0.666,2.7743,887.76,1h,train,0.5,542
1.5,1.5,320,0.656,2.7918,893.39,1h,train,0.5,542
1.5,2.0,320,0.653,2.7882,892.22,1h,train,0.5,542
2.0,0.25,320,0.719,2.8261,904.34,1h,train,0.5,542
2.0,0.5,320,0.681,2.9048,929.54,1h,train,0.5,542
2.0,0.75,320,0.666,2.9176,933.62,1h,train,0.5,542
2.0,1.0,320,0.656,2.9237,935.59,1h,train,0.5,542
2.0,1.5,320,0.634,2.9231,935.39,1h,train,0.5,542
2.0,2.0,320,0.631,2.9327,938.47,1h,train,0.5,542
2.5,0.25,320,0.716,3.0938,990.03,1h,train,0.5,542
2.5,0.5,320,0.672,3.149,1007.66,1h,train,0.5,542
2.5,0.75,320,0.653,3.166,1013.12,1h,train,0.5,542
2.5,1.0,320,0.641,3.2002,1024.06,1h,train,0.5,542
2.5,1.5,320,0.619,3.2317,1034.14,1h,train,0.5,542
2.5,2.0,320,0.616,3.2392,1036.53,1h,train,0.5,542
3.0,0.25,320,0.712,3.1807,1017.83,1h,train,0.5,542
3.0,0.5,320,0.669,3.3245,1063.85,1h,train,0.5,542
3.0,0.75,320,0.644,3.4151,1092.82,1h,train,0.5,542
3.0,1.0,320,0.634,3.4888,1116.42,1h,train,0.5,542
3.0,1.5,320,0.609,3.4332,1098.64,1h,train,0.5,542
3.0,2.0,320,0.606,3.4127,1092.08,1h,train,0.5,542
3.5,0.25,320,0.7,3.205,1025.6,1h,train,0.5,542
3.5,0.5,320,0.653,3.4103,1091.3,1h,train,0.5,542
3.5,0.75,320,0.625,3.5256,1128.21,1h,train,0.5,542
3.5,1.0,320,0.612,3.6236,1159.55,1h,train,0.5,542
3.5,1.5,320,0.588,3.5665,1141.27,1h,train,0.5,542
3.5,2.0,320,0.584,3.5294,1129.4,1h,train,0.5,542
4.0,0.25,320,0.694,3.3332,1066.64,1h,train,0.5,542
4.0,0.5,320,0.644,3.5871,1147.89,1h,train,0.5,542
4.0,0.75,320,0.612,3.6954,1182.52,1h,train,0.5,542
4.0,1.0,320,0.6,3.7839,1210.86,1h,train,0.5,542
4.0,1.5,320,0.575,3.7471,1199.07,1h,train,0.5,542
4.0,2.0,320,0.572,3.6538,1169.22,1h,train,0.5,542
4.5,0.25,320,0.688,3.3312,1065.97,1h,train,0.5,542
4.5,0.5,320,0.638,3.6143,1156.56,1h,train,0.5,542
4.5,0.75,320,0.606,3.7297,1193.52,1h,train,0.5,542
4.5,1.0,320,0.594,3.8303,1225.68,1h,train,0.5,542
4.5,1.5,320,0.566,3.7341,1194.9,1h,train,0.5,542
4.5,2.0,320,0.562,3.6396,1164.67,1h,train,0.5,542
5.0,0.25,320,0.688,3.5616,1139.71,1h,train,0.5,542
5.0,0.5,320,0.634,3.8179,1221.72,1h,train,0.5,542
5.0,0.75,320,0.603,3.9942,1278.15,1h,train,0.5,542
5.0,1.0,320,0.588,4.1502,1328.07,1h,train,0.5,542
5.0,1.5,320,0.559,4.1141,1316.51,1h,train,0.5,542
5.0,2.0,320,0.556,4.0511,1296.36,1h,train,0.5,542
1.5,0.25,317,0.726,2.6892,852.47,1h,train,0.525,542
1.5,0.5,317,0.694,2.7877,883.7,1h,train,0.525,542
1.5,0.75,317,0.675,2.8063,889.61,1h,train,0.525,542
1.5,1.0,317,0.672,2.8252,895.59,1h,train,0.525,542
1.5,1.5,317,0.669,2.8324,897.88,1h,train,0.525,542
1.5,2.0,317,0.656,2.8315,897.57,1h,train,0.525,542
2.0,0.25,317,0.716,2.8067,889.73,1h,train,0.525,542
2.0,0.5,317,0.681,2.8496,903.31,1h,train,0.525,542
2.0,0.75,317,0.662,2.8708,910.06,1h,train,0.525,542
2.0,1.0,317,0.659,2.8842,914.29,1h,train,0.525,542
2.0,1.5,317,0.653,2.892,916.75,1h,train,0.525,542
2.0,2.0,317,0.631,2.9065,921.35,1h,train,0.525,542
2.5,0.25,317,0.713,3.0701,973.22,1h,train,0.525,542
2.5,0.5,317,0.675,3.1861,1010.0,1h,train,0.525,542
2.5,0.75,317,0.653,3.2117,1018.11,1h,train,0.525,542
2.5,1.0,317,0.647,3.239,1026.77,1h,train,0.525,542
2.5,1.5,317,0.64,3.2591,1033.12,1h,train,0.525,542
2.5,2.0,317,0.618,3.2769,1038.79,1h,train,0.525,542
3.0,0.25,317,0.71,3.162,1002.36,1h,train,0.525,542
3.0,0.5,317,0.672,3.3538,1063.15,1h,train,0.525,542
3.0,0.75,317,0.644,3.4504,1093.79,1h,train,0.525,542
3.0,1.0,317,0.637,3.5187,1115.42,1h,train,0.525,542
3.0,1.5,317,0.631,3.4689,1099.65,1h,train,0.525,542
3.0,2.0,317,0.609,3.4539,1094.9,1h,train,0.525,542
3.5,0.25,317,0.7,3.1847,1009.56,1h,train,0.525,542
3.5,0.5,317,0.659,3.4698,1099.94,1h,train,0.525,542
3.5,0.75,317,0.628,3.5969,1140.23,1h,train,0.525,542
3.5,1.0,317,0.618,3.691,1170.04,1h,train,0.525,542
3.5,1.5,317,0.615,3.7131,1177.07,1h,train,0.525,542
3.5,2.0,317,0.593,3.6843,1167.93,1h,train,0.525,542
4.0,0.25,317,0.694,3.3475,1061.16,1h,train,0.525,542
4.0,0.5,317,0.653,3.6477,1156.32,1h,train,0.525,542
4.0,0.75,317,0.621,3.7424,1186.36,1h,train,0.525,542
4.0,1.0,317,0.609,3.8623,1224.33,1h,train,0.525,542
4.0,1.5,317,0.606,3.8181,1210.34,1h,train,0.525,542
4.0,2.0,317,0.58,3.7681,1194.48,1h,train,0.525,542
4.5,0.25,317,0.685,3.3254,1054.16,1h,train,0.525,542
4.5,0.5,317,0.644,3.6529,1157.97,1h,train,0.525,542
4.5,0.75,317,0.612,3.7913,1201.84,1h,train,0.525,542
4.5,1.0,317,0.599,3.9002,1236.37,1h,train,0.525,542
4.5,1.5,317,0.593,3.7841,1199.57,1h,train,0.525,542
4.5,2.0,317,0.568,3.6831,1167.53,1h,train,0.525,542
5.0,0.25,317,0.685,3.5444,1123.57,1h,train,0.525,542
5.0,0.5,317,0.64,3.8919,1233.73,1h,train,0.525,542
5.0,0.75,317,0.609,4.0666,1289.12,1h,train,0.525,542
5.0,1.0,317,0.596,4.2048,1332.91,1h,train,0.525,542
5.0,1.5,317,0.59,4.124,1307.31,1h,train,0.525,542
5.0,2.0,317,0.565,4.0602,1287.08,1h,train,0.525,542
1.5,0.25,315,0.727,2.7792,875.46,1h,train,0.55,542
1.5,0.5,315,0.705,2.8872,909.46,1h,train,0.55,542
1.5,0.75,315,0.683,2.9214,920.25,1h,train,0.55,542
1.5,1.0,315,0.683,2.9473,928.4,1h,train,0.55,542
1.5,1.5,315,0.676,2.9632,933.41,1h,train,0.55,542
1.5,2.0,315,0.663,2.9665,934.46,1h,train,0.55,542
2.0,0.25,315,0.721,2.979,938.39,1h,train,0.55,542
2.0,0.5,315,0.698,3.0056,946.75,1h,train,0.55,542
2.0,0.75,315,0.676,3.0373,956.75,1h,train,0.55,542
2.0,1.0,315,0.676,3.062,964.53,1h,train,0.55,542
2.0,1.5,315,0.67,3.0821,970.87,1h,train,0.55,542
2.0,2.0,315,0.644,3.1031,977.49,1h,train,0.55,542
2.5,0.25,315,0.714,3.1201,982.84,1h,train,0.55,542
2.5,0.5,315,0.692,3.1649,996.93,1h,train,0.55,542
2.5,0.75,315,0.663,3.1984,1007.49,1h,train,0.55,542
2.5,1.0,315,0.66,3.2244,1015.7,1h,train,0.55,542
2.5,1.5,315,0.654,3.2335,1018.57,1h,train,0.55,542
2.5,2.0,315,0.629,3.2459,1022.45,1h,train,0.55,542
3.0,0.25,315,0.711,3.2842,1034.51,1h,train,0.55,542
3.0,0.5,315,0.689,3.4301,1080.48,1h,train,0.55,542
3.0,0.75,315,0.657,3.5045,1103.91,1h,train,0.55,542
3.0,1.0,315,0.654,3.5659,1123.26,1h,train,0.55,542
3.0,1.5,315,0.648,3.5835,1128.79,1h,train,0.55,542
3.0,2.0,315,0.622,3.5822,1128.38,1h,train,0.55,542
3.5,0.25,315,0.705,3.4174,1076.47,1h,train,0.55,542
3.5,0.5,315,0.683,3.6612,1153.29,1h,train,0.55,542
3.5,0.75,315,0.648,3.7707,1187.77,1h,train,0.55,542
3.5,1.0,315,0.641,3.8497,1212.65,1h,train,0.55,542
3.5,1.5,315,0.632,3.8191,1203.03,1h,train,0.55,542
3.5,2.0,315,0.606,3.7652,1186.04,1h,train,0.55,542
4.0,0.25,315,0.698,3.5369,1114.14,1h,train,0.55,542
4.0,0.5,315,0.673,3.8128,1201.03,1h,train,0.55,542
4.0,0.75,315,0.638,3.979,1253.38,1h,train,0.55,542
4.0,1.0,315,0.632,4.108,1294.01,1h,train,0.55,542
4.0,1.5,315,0.622,4.076,1283.93,1h,train,0.55,542
4.0,2.0,315,0.594,4.0312,1269.83,1h,train,0.55,542
4.5,0.25,315,0.689,3.5948,1132.36,1h,train,0.55,542
4.5,0.5,315,0.663,3.8747,1220.54,1h,train,0.55,542
4.5,0.75,315,0.629,4.0092,1262.9,1h,train,0.55,542
4.5,1.0,315,0.619,4.1131,1295.64,1h,train,0.55,542
4.5,1.5,315,0.606,4.0044,1261.39,1h,train,0.55,542
4.5,2.0,315,0.578,3.9078,1230.95,1h,train,0.55,542
5.0,0.25,315,0.686,3.6696,1155.92,1h,train,0.55,542
5.0,0.5,315,0.657,3.938,1240.47,1h,train,0.55,542
5.0,0.75,315,0.622,4.0831,1286.16,1h,train,0.55,542
5.0,1.0,315,0.613,4.2022,1323.68,1h,train,0.55,542
5.0,1.5,315,0.6,4.1161,1296.58,1h,train,0.55,542
5.0,2.0,315,0.571,4.0386,1272.15,1h,train,0.55,542
1.5,0.25,313,0.728,2.7197,851.26,1h,train,0.575,542
1.5,0.5,313,0.712,2.7724,867.75,1h,train,0.575,542
1.5,0.75,313,0.687,2.772,867.64,1h,train,0.575,542
1.5,1.0,313,0.684,2.7754,868.71,1h,train,0.575,542
1.5,1.5,313,0.681,2.7845,871.56,1h,train,0.575,542
1.5,2.0,313,0.671,2.7919,873.87,1h,train,0.575,542
2.0,0.25,313,0.719,2.7851,871.73,1h,train,0.575,542
2.0,0.5,313,0.703,2.8147,881.01,1h,train,0.575,542
2.0,0.75,313,0.674,2.8432,889.92,1h,train,0.575,542
2.0,1.0,313,0.671,2.8653,896.84,1h,train,0.575,542
2.0,1.5,313,0.668,2.8777,900.74,1h,train,0.575,542
2.0,2.0,313,0.649,2.8709,898.6,1h,train,0.575,542
2.5,0.25,313,0.709,2.9147,912.3,1h,train,0.575,542
2.5,0.5,313,0.693,2.9597,926.37,1h,train,0.575,542
2.5,0.75,313,0.658,2.9785,932.26,1h,train,0.575,542
2.5,1.0,313,0.652,3.0013,939.4,1h,train,0.575,542
2.5,1.5,313,0.649,3.0106,942.33,1h,train,0.575,542
2.5,2.0,313,0.629,3.0229,946.16,1h,train,0.575,542
3.0,0.25,313,0.706,3.0805,964.18,1h,train,0.575,542
3.0,0.5,313,0.69,3.2191,1007.58,1h,train,0.575,542
3.0,0.75,313,0.655,3.2638,1021.57,1h,train,0.575,542
3.0,1.0,313,0.649,3.3007,1033.11,1h,train,0.575,542
3.0,1.5,313,0.645,3.3172,1038.29,1h,train,0.575,542
3.0,2.0,313,0.626,3.3183,1038.63,1h,train,0.575,542
3.5,0.25,313,0.7,3.1824,996.09,1h,train,0.575,542
3.5,0.5,313,0.684,3.3959,1062.93,1h,train,0.575,542
3.5,0.75,313,0.645,3.4961,1094.29,1h,train,0.575,542
3.5,1.0,313,0.633,3.5595,1114.11,1h,train,0.575,542
3.5,1.5,313,0.629,3.5064,1097.51,1h,train,0.575,542
3.5,2.0,313,0.61,3.4868,1091.36,1h,train,0.575,542
4.0,0.25,313,0.693,3.2287,1010.59,1h,train,0.575,542
4.0,0.5,313,0.674,3.4741,1087.4,1h,train,0.575,542
4.0,0.75,313,0.636,3.5934,1124.73,1h,train,0.575,542
4.0,1.0,313,0.623,3.6842,1153.14,1h,train,0.575,542
4.0,1.5,313,0.617,3.5979,1126.16,1h,train,0.575,542
4.0,2.0,313,0.594,3.5522,1111.84,1h,train,0.575,542
4.5,0.25,313,0.684,3.3407,1045.63,1h,train,0.575,542
4.5,0.5,313,0.665,3.6095,1129.78,1h,train,0.575,542
4.5,0.75,313,0.626,3.6601,1145.6,1h,train,0.575,542
4.5,1.0,313,0.61,3.7615,1177.33,1h,train,0.575,542
4.5,1.5,313,0.604,3.714,1162.48,1h,train,0.575,542
4.5,2.0,313,0.578,3.6224,1133.8,1h,train,0.575,542
5.0,0.25,313,0.681,3.4138,1068.52,1h,train,0.575,542
5.0,0.5,313,0.658,3.6651,1147.16,1h,train,0.575,542
5.0,0.75,313,0.62,3.724,1165.62,1h,train,0.575,542
5.0,1.0,313,0.604,3.8427,1202.77,1h,train,0.575,542
5.0,1.5,313,0.594,3.7338,1168.67,1h,train,0.575,542
5.0,2.0,313,0.569,3.6324,1136.93,1h,train,0.575,542
1.5,0.25,312,0.734,2.7809,867.65,1h,train,0.6,542
1.5,0.5,312,0.721,2.8337,884.12,1h,train,0.6,542
1.5,0.75,312,0.686,2.84,886.09,1h,train,0.6,542
1.5,1.0,312,0.683,2.8469,888.24,1h,train,0.6,542
1.5,1.5,312,0.676,2.86,892.32,1h,train,0.6,542
1.5,2.0,312,0.67,2.8698,895.39,1h,train,0.6,542
2.0,0.25,312,0.721,2.7618,861.67,1h,train,0.6,542
2.0,0.5,312,0.708,2.8516,889.7,1h,train,0.6,542
2.0,0.75,312,0.673,2.8563,891.17,1h,train,0.6,542
2.0,1.0,312,0.67,2.8658,894.13,1h,train,0.6,542
2.0,1.5,312,0.663,2.8844,899.92,1h,train,0.6,542
2.0,2.0,312,0.654,2.8826,899.37,1h,train,0.6,542
2.5,0.25,312,0.715,2.881,898.87,1h,train,0.6,542
2.5,0.5,312,0.702,2.9601,923.54,1h,train,0.6,542
2.5,0.75,312,0.663,2.9865,931.79,1h,train,0.6,542
2.5,1.0,312,0.654,3.0027,936.85,1h,train,0.6,542
2.5,1.5,312,0.647,3.0126,939.94,1h,train,0.6,542
2.5,2.0,312,0.635,3.0272,944.48,1h,train,0.6,542
3.0,0.25,312,0.712,3.09,964.1,1h,train,0.6,542
3.0,0.5,312,0.699,3.2055,1000.13,1h,train,0.6,542
3.0,0.75,312,0.657,3.2476,1013.26,1h,train,0.6,542
3.0,1.0,312,0.647,3.2811,1023.7,1h,train,0.6,542
3.0,1.5,312,0.641,3.3282,1038.39,1h,train,0.6,542
3.0,2.0,312,0.628,3.3461,1043.99,1h,train,0.6,542
3.5,0.25,312,0.705,3.1637,987.06,1h,train,0.6,542
3.5,0.5,312,0.692,3.3376,1041.32,1h,train,0.6,542
3.5,0.75,312,0.647,3.4257,1068.81,1h,train,0.6,542
3.5,1.0,312,0.635,3.4798,1085.69,1h,train,0.6,542
3.5,1.5,312,0.628,3.4547,1077.88,1h,train,0.6,542
3.5,2.0,312,0.615,3.4496,1076.28,1h,train,0.6,542
4.0,0.25,312,0.696,3.1021,967.86,1h,train,0.6,542
4.0,0.5,312,0.679,3.3432,1043.07,1h,train,0.6,542
4.0,0.75,312,0.635,3.4362,1072.08,1h,train,0.6,542
4.0,1.0,312,0.619,3.4958,1090.69,1h,train,0.6,542
4.0,1.5,312,0.609,3.4828,1086.65,1h,train,0.6,542
4.0,2.0,312,0.596,3.4369,1072.32,1h,train,0.6,542
4.5,0.25,312,0.686,3.2485,1013.52,1h,train,0.6,542
4.5,0.5,312,0.67,3.4811,1086.09,1h,train,0.6,542
4.5,0.75,312,0.625,3.563,1111.64,1h,train,0.6,542
4.5,1.0,312,0.606,3.6683,1144.52,1h,train,0.6,542
4.5,1.5,312,0.596,3.6172,1128.57,1h,train,0.6,542
4.5,2.0,312,0.58,3.5665,1112.75,1h,train,0.6,542
5.0,0.25,312,0.683,3.3339,1040.17,1h,train,0.6,542
5.0,0.5,312,0.667,3.6393,1135.47,1h,train,0.6,542
5.0,0.75,312,0.622,3.7442,1168.2,1h,train,0.6,542
5.0,1.0,312,0.603,3.824,1193.07,1h,train,0.6,542
5.0,1.5,312,0.59,3.7587,1172.71,1h,train,0.6,542
5.0,2.0,312,0.574,3.6689,1144.69,1h,train,0.6,542
1.5,0.25,309,0.735,2.8684,886.34,1h,train,0.625,542
1.5,0.5,309,0.728,2.8715,887.28,1h,train,0.625,542
1.5,0.75,309,0.709,2.8835,890.99,1h,train,0.625,542
1.5,1.0,309,0.693,2.8969,895.13,1h,train,0.625,542
1.5,1.5,309,0.686,2.9176,901.52,1h,train,0.625,542
1.5,2.0,309,0.673,2.9318,905.92,1h,train,0.625,542
2.0,0.25,309,0.725,2.96,914.64,1h,train,0.625,542
2.0,0.5,309,0.715,3.0485,941.98,1h,train,0.625,542
2.0,0.75,309,0.696,3.0594,945.34,1h,train,0.625,542
2.0,1.0,309,0.68,3.073,949.55,1h,train,0.625,542
2.0,1.5,309,0.673,3.075,950.17,1h,train,0.625,542
2.0,2.0,309,0.66,3.0709,948.89,1h,train,0.625,542
2.5,0.25,309,0.715,2.9943,925.25,1h,train,0.625,542
2.5,0.5,309,0.702,2.9634,915.7,1h,train,0.625,542
2.5,0.75,309,0.683,2.986,922.66,1h,train,0.625,542
2.5,1.0,309,0.66,3.0055,928.7,1h,train,0.625,542
2.5,1.5,309,0.654,3.0196,933.06,1h,train,0.625,542
2.5,2.0,309,0.638,3.0363,938.22,1h,train,0.625,542
3.0,0.25,309,0.712,3.1866,984.66,1h,train,0.625,542
3.0,0.5,309,0.699,3.1721,980.17,1h,train,0.625,542
3.0,0.75,309,0.676,3.2035,989.88,1h,train,0.625,542
3.0,1.0,309,0.65,3.226,996.82,1h,train,0.625,542
3.0,1.5,309,0.644,3.2321,998.72,1h,train,0.625,542
3.0,2.0,309,0.628,3.242,1001.77,1h,train,0.625,542
3.5,0.25,309,0.706,3.1723,980.23,1h,train,0.625,542
3.5,0.5,309,0.693,3.1907,985.94,1h,train,0.625,542
3.5,0.75,309,0.667,3.2238,996.17,1h,train,0.625,542
3.5,1.0,309,0.638,3.2547,1005.71,1h,train,0.625,542
3.5,1.5,309,0.631,3.2767,1012.52,1h,train,0.625,542
3.5,2.0,309,0.615,3.2769,1012.57,1h,train,0.625,542
4.0,0.25,309,0.696,3.1666,978.48,1h,train,0.625,542
4.0,0.5,309,0.683,3.2569,1006.39,1h,train,0.625,542
4.0,0.75,309,0.654,3.352,1035.76,1h,train,0.625,542
4.0,1.0,309,0.621,3.4031,1051.56,1h,train,0.625,542
4.0,1.5,309,0.612,3.3849,1045.94,1h,train,0.625,542
4.0,2.0,309,0.595,3.3356,1030.71,1h,train,0.625,542
4.5,0.25,309,0.689,3.3144,1024.16,1h,train,0.625,542
4.5,0.5,309,0.676,3.3685,1040.86,1h,train,0.625,542
4.5,0.75,309,0.647,3.4668,1071.23,1h,train,0.625,542
4.5,1.0,309,0.615,3.5482,1096.38,1h,train,0.625,542
4.5,1.5,309,0.605,3.4554,1067.71,1h,train,0.625,542
4.5,2.0,309,0.586,3.3907,1047.74,1h,train,0.625,542
5.0,0.25,309,0.686,3.5046,1082.93,1h,train,0.625,542
5.0,0.5,309,0.673,3.623,1119.51,1h,train,0.625,542
5.0,0.75,309,0.644,3.6937,1141.34,1h,train,0.625,542
5.0,1.0,309,0.608,3.7825,1168.8,1h,train,0.625,542
5.0,1.5,309,0.595,3.7275,1151.79,1h,train,0.625,542
5.0,2.0,309,0.576,3.6368,1123.77,1h,train,0.625,542
1.5,0.25,307,0.739,2.8014,860.04,1h,train,0.65,542
1.5,0.5,307,0.726,2.7998,859.55,1h,train,0.65,542
1.5,0.75,307,0.71,2.816,864.52,1h,train,0.65,542
1.5,1.0,307,0.704,2.8307,869.01,1h,train,0.65,542
1.5,1.5,307,0.691,2.8519,875.55,1h,train,0.65,542
1.5,2.0,307,0.681,2.8661,879.89,1h,train,0.65,542
2.0,0.25,307,0.73,2.8953,888.86,1h,train,0.65,542
2.0,0.5,307,0.713,2.9597,908.62,1h,train,0.65,542
2.0,0.75,307,0.697,2.971,912.09,1h,train,0.65,542
2.0,1.0,307,0.687,2.9849,916.35,1h,train,0.65,542
2.0,1.5,307,0.674,2.9869,916.99,1h,train,0.65,542
2.0,2.0,307,0.664,2.9818,915.42,1h,train,0.65,542
2.5,0.25,307,0.723,2.9536,906.74,1h,train,0.65,542
2.5,0.5,307,0.704,2.8912,887.59,1h,train,0.65,542
2.5,0.75,307,0.687,2.9067,892.36,1h,train,0.65,542
2.5,1.0,307,0.674,2.9229,897.34,1h,train,0.65,542
2.5,1.5,307,0.658,2.928,898.89,1h,train,0.65,542
2.5,2.0,307,0.645,2.9183,895.91,1h,train,0.65,542
3.0,0.25,307,0.72,3.1906,979.51,1h,train,0.65,542
3.0,0.5,307,0.7,3.1577,969.42,1h,train,0.65,542
3.0,0.75,307,0.681,3.1671,972.31,1h,train,0.65,542
3.0,1.0,307,0.664,3.1731,974.13,1h,train,0.65,542
3.0,1.5,307,0.648,3.1701,973.21,1h,train,0.65,542
3.0,2.0,307,0.635,3.1765,975.2,1h,train,0.65,542
3.5,0.25,307,0.717,3.2193,988.33,1h,train,0.65,542
3.5,0.5,307,0.697,3.2402,994.73,1h,train,0.65,542
3.5,0.75,307,0.674,3.2643,1002.16,1h,train,0.65,542
3.5,1.0,307,0.658,3.2864,1008.93,1h,train,0.65,542
3.5,1.5,307,0.642,3.3215,1019.7,1h,train,0.65,542
3.5,2.0,307,0.629,3.3326,1023.1,1h,train,0.65,542
4.0,0.25,307,0.707,3.2563,999.68,1h,train,0.65,542
4.0,0.5,307,0.687,3.3251,1020.81,1h,train,0.65,542
4.0,0.75,307,0.664,3.391,1041.04,1h,train,0.65,542
4.0,1.0,307,0.645,3.4225,1050.71,1h,train,0.65,542
4.0,1.5,307,0.622,3.3774,1036.86,1h,train,0.65,542
4.0,2.0,307,0.609,3.3584,1031.02,1h,train,0.65,542
4.5,0.25,307,0.7,3.2951,1011.6,1h,train,0.65,542
4.5,0.5,307,0.681,3.3074,1015.38,1h,train,0.65,542
4.5,0.75,307,0.655,3.3574,1030.72,1h,train,0.65,542
4.5,1.0,307,0.635,3.3925,1041.49,1h,train,0.65,542
4.5,1.5,307,0.612,3.357,1030.6,1h,train,0.65,542
4.5,2.0,307,0.599,3.2964,1011.99,1h,train,0.65,542
5.0,0.25,307,0.694,3.4348,1054.47,1h,train,0.65,542
5.0,0.5,307,0.674,3.526,1082.48,1h,train,0.65,542
5.0,0.75,307,0.648,3.5882,1101.57,1h,train,0.65,542
5.0,1.0,307,0.625,3.6707,1126.9,1h,train,0.65,542
5.0,1.5,307,0.603,3.596,1103.99,1h,train,0.65,542
5.0,2.0,307,0.586,3.5318,1084.26,1h,train,0.65,542
1.5,0.25,304,0.743,2.835,861.83,1h,train,0.675,542
1.5,0.5,304,0.727,2.8185,856.83,1h,train,0.675,542
1.5,0.75,304,0.714,2.8273,859.5,1h,train,0.675,542
1.5,1.0,304,0.707,2.8373,862.55,1h,train,0.675,542
1.5,1.5,304,0.694,2.8529,867.27,1h,train,0.675,542
1.5,2.0,304,0.688,2.8634,870.47,1h,train,0.675,542
2.0,0.25,304,0.73,2.8664,871.4,1h,train,0.675,542
2.0,0.5,304,0.711,2.9128,885.48,1h,train,0.675,542
2.0,0.75,304,0.701,2.8632,870.43,1h,train,0.675,542
2.0,1.0,304,0.688,2.8413,863.74,1h,train,0.675,542
2.0,1.5,304,0.674,2.8275,859.57,1h,train,0.675,542
2.0,2.0,304,0.668,2.8224,858.02,1h,train,0.675,542
2.5,0.25,304,0.727,2.969,902.59,1h,train,0.675,542
2.5,0.5,304,0.707,3.0056,913.69,1h,train,0.675,542
2.5,0.75,304,0.697,2.9393,893.56,1h,train,0.675,542
2.5,1.0,304,0.681,2.9109,884.92,1h,train,0.675,542
2.5,1.5,304,0.668,2.873,873.38,1h,train,0.675,542
2.5,2.0,304,0.658,2.8545,867.77,1h,train,0.675,542
3.0,0.25,304,0.72,3.0703,933.38,1h,train,0.675,542
3.0,0.5,304,0.697,2.989,908.65,1h,train,0.675,542
3.0,0.75,304,0.688,2.9306,890.91,1h,train,0.675,542
3.0,1.0,304,0.671,2.9038,882.76,1h,train,0.675,542
3.0,1.5,304,0.651,2.8634,870.48,1h,train,0.675,542
3.0,2.0,304,0.641,2.8424,864.09,1h,train,0.675,542
3.5,0.25,304,0.72,3.1997,972.7,1h,train,0.675,542
3.5,0.5,304,0.697,3.1714,964.12,1h,train,0.675,542
3.5,0.75,304,0.684,3.1207,948.69,1h,train,0.675,542
3.5,1.0,304,0.668,3.103,943.32,1h,train,0.675,542
3.5,1.5,304,0.648,3.0879,938.71,1h,train,0.675,542
3.5,2.0,304,0.638,3.0649,931.73,1h,train,0.675,542
4.0,0.25,304,0.714,3.2875,999.4,1h,train,0.675,542
4.0,0.5,304,0.691,3.2729,994.96,1h,train,0.675,542
4.0,0.75,304,0.674,3.2281,981.33,1h,train,0.675,542
4.0,1.0,304,0.655,3.213,976.76,1h,train,0.675,542
4.0,1.5,304,0.632,3.1887,969.36,1h,train,0.675,542
4.0,2.0,304,0.618,3.1565,959.57,1h,train,0.675,542
4.5,0.25,304,0.704,3.2551,989.55,1h,train,0.675,542
4.5,0.5,304,0.681,3.191,970.07,1h,train,0.675,542
4.5,0.75,304,0.661,3.1848,968.17,1h,train,0.675,542
4.5,1.0,304,0.641,3.1848,968.17,1h,train,0.675,542
4.5,1.5,304,0.618,3.119,948.17,1h,train,0.675,542
4.5,2.0,304,0.605,3.0358,922.89,1h,train,0.675,542
5.0,0.25,304,0.697,3.4067,1035.64,1h,train,0.675,542
5.0,0.5,304,0.674,3.3626,1022.23,1h,train,0.675,542
5.0,0.75,304,0.655,3.348,1017.81,1h,train,0.675,542
5.0,1.0,304,0.635,3.3565,1020.37,1h,train,0.675,542
5.0,1.5,304,0.612,3.3036,1004.29,1h,train,0.675,542
5.0,2.0,304,0.599,3.2298,981.87,1h,train,0.675,542
1.5,0.25,303,0.749,2.8276,856.76,1h,train,0.7,542
1.5,0.5,303,0.733,2.8183,853.94,1h,train,0.7,542
1.5,0.75,303,0.713,2.8331,858.42,1h,train,0.7,542
1.5,1.0,303,0.706,2.8466,862.52,1h,train,0.7,542
1.5,1.5,303,0.7,2.8662,868.46,1h,train,0.7,542
1.5,2.0,303,0.693,2.8792,872.38,1h,train,0.7,542
2.0,0.25,303,0.736,2.8734,870.63,1h,train,0.7,542
2.0,0.5,303,0.719,2.881,872.96,1h,train,0.7,542
2.0,0.75,303,0.703,2.8354,859.12,1h,train,0.7,542
2.0,1.0,303,0.693,2.816,853.26,1h,train,0.7,542
2.0,1.5,303,0.686,2.8068,850.46,1h,train,0.7,542
2.0,2.0,303,0.68,2.8045,849.77,1h,train,0.7,542
2.5,0.25,303,0.733,3.0054,910.62,1h,train,0.7,542
2.5,0.5,303,0.713,3.0415,921.56,1h,train,0.7,542
2.5,0.75,303,0.696,2.9729,900.78,1h,train,0.7,542
2.5,1.0,303,0.68,2.9372,889.96,1h,train,0.7,542
2.5,1.5,303,0.673,2.9102,881.78,1h,train,0.7,542
2.5,2.0,303,0.663,2.8979,878.06,1h,train,0.7,542
3.0,0.25,303,0.726,2.99,905.96,1h,train,0.7,542
3.0,0.5,303,0.703,2.9037,879.82,1h,train,0.7,542
3.0,0.75,303,0.686,2.8483,863.04,1h,train,0.7,542
3.0,1.0,303,0.67,2.8211,854.78,1h,train,0.7,542
3.0,1.5,303,0.66,2.7814,842.77,1h,train,0.7,542
3.0,2.0,303,0.647,2.7608,836.53,1h,train,0.7,542
3.5,0.25,303,0.723,3.1717,961.02,1h,train,0.7,542
3.5,0.5,303,0.7,3.1338,949.54,1h,train,0.7,542
3.5,0.75,303,0.68,3.0808,933.49,1h,train,0.7,542
3.5,1.0,303,0.663,3.0429,922.0,1h,train,0.7,542
3.5,1.5,303,0.653,2.9902,906.03,1h,train,0.7,542
3.5,2.0,303,0.64,2.9622,897.55,1h,train,0.7,542
4.0,0.25,303,0.716,3.188,965.97,1h,train,0.7,542
4.0,0.5,303,0.693,3.1464,953.37,1h,train,0.7,542
4.0,0.75,303,0.673,3.0971,938.41,1h,train,0.7,542
4.0,1.0,303,0.65,3.0678,929.55,1h,train,0.7,542
4.0,1.5,303,0.637,3.0402,921.18,1h,train,0.7,542
4.0,2.0,303,0.624,3.01,912.03,1h,train,0.7,542
4.5,0.25,303,0.706,3.2378,981.05,1h,train,0.7,542
4.5,0.5,303,0.683,3.1444,952.75,1h,train,0.7,542
4.5,0.75,303,0.66,3.0974,938.53,1h,train,0.7,542
4.5,1.0,303,0.637,3.078,932.62,1h,train,0.7,542
4.5,1.5,303,0.624,3.0482,923.6,1h,train,0.7,542
4.5,2.0,303,0.607,3.0121,912.66,1h,train,0.7,542
5.0,0.25,303,0.703,3.3722,1021.78,1h,train,0.7,542
5.0,0.5,303,0.68,3.2367,980.73,1h,train,0.7,542
5.0,0.75,303,0.657,3.2033,970.59,1h,train,0.7,542
5.0,1.0,303,0.634,3.2007,969.8,1h,train,0.7,542
5.0,1.5,303,0.62,3.1269,947.45,1h,train,0.7,542
5.0,2.0,303,0.604,3.0408,921.37,1h,train,0.7,542
1.5,0.25,132,0.652,-0.3405,-44.95,1h,validation,0.3,185
1.5,0.5,132,0.621,-0.2429,-32.07,1h,validation,0.3,185
1.5,0.75,132,0.614,-0.098,-12.93,1h,validation,0.3,185
1.5,1.0,132,0.606,0.0272,3.59,1h,validation,0.3,185
1.5,1.5,132,0.598,0.2126,28.06,1h,validation,0.3,185
1.5,2.0,132,0.591,0.3442,45.43,1h,validation,0.3,185
2.0,0.25,132,0.636,0.1594,21.04,1h,validation,0.3,185
2.0,0.5,132,0.606,0.2813,37.13,1h,validation,0.3,185
2.0,0.75,132,0.598,0.323,42.64,1h,validation,0.3,185
2.0,1.0,132,0.583,0.3892,51.37,1h,validation,0.3,185
2.0,1.5,132,0.576,0.5158,68.08,1h,validation,0.3,185
2.0,2.0,132,0.576,0.6154,81.24,1h,validation,0.3,185
2.5,0.25,132,0.621,0.13,17.16,1h,validation,0.3,185
2.5,0.5,132,0.576,0.0701,9.25,1h,validation,0.3,185
2.5,0.75,132,0.568,0.0383,5.05,1h,validation,0.3,185
2.5,1.0,132,0.553,0.1067,14.09,1h,validation,0.3,185
2.5,1.5,132,0.538,0.2207,29.13,1h,validation,0.3,185
2.5,2.0,132,0.53,0.3104,40.97,1h,validation,0.3,185
3.0,0.25,132,0.583,-0.3926,-51.82,1h,validation,0.3,185
3.0,0.5,132,0.53,-0.5144,-67.9,1h,validation,0.3,185
3.0,0.75,132,0.523,-0.5911,-78.03,1h,validation,0.3,185
3.0,1.0,132,0.508,-0.5047,-66.62,1h,validation,0.3,185
3.0,1.5,132,0.492,-0.377,-49.76,1h,validation,0.3,185
3.0,2.0,132,0.477,-0.3203,-42.28,1h,validation,0.3,185
3.5,0.25,132,0.583,-0.1173,-15.48,1h,validation,0.3,185
3.5,0.5,132,0.523,-0.1569,-20.71,1h,validation,0.3,185
3.5,0.75,132,0.515,-0.1387,-18.3,1h,validation,0.3,185
3.5,1.0,132,0.5,-0.0511,-6.75,1h,validation,0.3,185
3.5,1.5,132,0.485,0.067,8.84,1h,validation,0.3,185
3.5,2.0,132,0.47,0.1161,15.32,1h,validation,0.3,185
4.0,0.25,132,0.583,0.0354,4.67,1h,validation,0.3,185
4.0,0.5,132,0.523,0.2016,26.61,1h,validation,0.3,185
4.0,0.75,132,0.515,0.2896,38.22,1h,validation,0.3,185
4.0,1.0,132,0.5,0.4239,55.96,1h,validation,0.3,185
4.0,1.5,132,0.485,0.5923,78.18,1h,validation,0.3,185
4.0,2.0,132,0.47,0.6678,88.14,1h,validation,0.3,185
4.5,0.25,132,0.568,-0.2161,-28.53,1h,validation,0.3,185
4.5,0.5,132,0.5,-0.2637,-34.81,1h,validation,0.3,185
4.5,0.75,132,0.492,-0.1363,-17.99,1h,validation,0.3,185
4.5,1.0,132,0.477,0.04,5.28,1h,validation,0.3,185
4.5,1.5,132,0.462,0.2261,29.84,1h,validation,0.3,185
4.5,2.0,132,0.447,0.3073,40.56,1h,validation,0.3,185
5.0,0.25,132,0.568,-0.1142,-15.07,1h,validation,0.3,185
5.0,0.5,132,0.5,-0.1209,-15.96,1h,validation,0.3,185
5.0,0.75,132,0.492,0.0866,11.43,1h,validation,0.3,185
5.0,1.0,132,0.477,0.3495,46.13,1h,validation,0.3,185
5.0,1.5,132,0.462,0.5068,66.9,1h,validation,0.3,185
5.0,2.0,132,0.447,0.6451,85.15,1h,validation,0.3,185
1.5,0.25,131,0.656,-0.195,-25.55,1h,validation,0.325,185
1.5,0.5,131,0.626,-0.1656,-21.69,1h,validation,0.325,185
1.5,0.75,131,0.626,-0.0488,-6.39,1h,validation,0.325,185
1.5,1.0,131,0.611,0.0602,7.88,1h,validation,0.325,185
1.5,1.5,131,0.603,0.2266,29.69,1h,validation,0.325,185
1.5,2.0,131,0.603,0.3469,45.44,1h,validation,0.325,185
2.0,0.25,131,0.641,0.3145,41.21,1h,validation,0.325,185
2.0,0.5,131,0.611,0.4209,55.14,1h,validation,0.325,185
2.0,0.75,131,0.611,0.4806,62.96,1h,validation,0.325,185
2.0,1.0,131,0.595,0.543,71.13,1h,validation,0.325,185
2.0,1.5,131,0.58,0.6632,86.89,1h,validation,0.325,185
2.0,2.0,131,0.58,0.7589,99.41,1h,validation,0.325,185
2.5,0.25,131,0.626,0.561,73.49,1h,validation,0.325,185
2.5,0.5,131,0.58,0.5452,71.42,1h,validation,0.325,185
2.5,0.75,131,0.58,0.525,68.78,1h,validation,0.325,185
2.5,1.0,131,0.565,0.5829,76.36,1h,validation,0.325,185
2.5,1.5,131,0.55,0.6818,89.32,1h,validation,0.325,185
2.5,2.0,131,0.542,0.7623,99.87,1h,validation,0.325,185
3.0,0.25,131,0.595,0.1604,21.01,1h,validation,0.325,185
3.0,0.5,131,0.55,0.1034,13.54,1h,validation,0.325,185
3.0,0.75,131,0.542,0.1995,26.13,1h,validation,0.325,185
3.0,1.0,131,0.527,0.313,41.0,1h,validation,0.325,185
3.0,1.5,131,0.504,0.4098,53.69,1h,validation,0.325,185
3.0,2.0,131,0.496,0.4714,61.76,1h,validation,0.325,185
3.5,0.25,131,0.588,0.1997,26.16,1h,validation,0.325,185
3.5,0.5,131,0.534,0.1483,19.42,1h,validation,0.325,185
3.5,0.75,131,0.527,0.1995,26.13,1h,validation,0.325,185
3.5,1.0,131,0.511,0.3215,42.12,1h,validation,0.325,185
3.5,1.5,131,0.489,0.4448,58.27,1h,validation,0.325,185
3.5,2.0,131,0.473,0.4736,62.04,1h,validation,0.325,185
4.0,0.25,131,0.588,0.3214,42.11,1h,validation,0.325,185
4.0,0.5,131,0.534,0.4524,59.26,1h,validation,0.325,185
4.0,0.75,131,0.527,0.5555,72.77,1h,validation,0.325,185
4.0,1.0,131,0.511,0.7154,93.72,1h,validation,0.325,185
4.0,1.5,131,0.489,0.9516,124.66,1h,validation,0.325,185
4.0,2.0,131,0.473,1.0455,136.96,1h,validation,0.325,185
4.5,0.25,131,0.573,0.1308,17.13,1h,validation,0.325,185
4.5,0.5,131,0.519,0.3012,39.45,1h,validation,0.325,185
4.5,0.75,131,0.511,0.4718,61.81,1h,validation,0.325,185
4.5,1.0,131,0.496,0.6889,90.25,1h,validation,0.325,185
4.5,1.5,131,0.473,0.9593,125.67,1h,validation,0.325,185
4.5,2.0,131,0.458,1.0678,139.88,1h,validation,0.325,185
5.0,0.25,131,0.573,0.217,28.43,1h,validation,0.325,185
5.0,0.5,131,0.511,0.2189,28.68,1h,validation,0.325,185
5.0,0.75,131,0.504,0.4311,56.47,1h,validation,0.325,185
5.0,1.0,131,0.489,0.7028,92.07,1h,validation,0.325,185
5.0,1.5,131,0.466,1.0423,136.55,1h,validation,0.325,185
5.0,2.0,131,0.45,1.2134,158.95,1h,validation,0.325,185
1.5,0.25,130,0.646,-0.4853,-63.08,1h,validation,0.35,185
1.5,0.5,130,0.615,-0.4163,-54.11,1h,validation,0.35,185
1.5,0.75,130,0.615,-0.2902,-37.72,1h,validation,0.35,185
1.5,1.0,130,0.6,-0.1835,-23.86,1h,validation,0.35,185
1.5,1.5,130,0.592,-0.0216,-2.81,1h,validation,0.35,185
1.5,2.0,130,0.592,0.0955,12.41,1h,validation,0.35,185
2.0,0.25,130,0.623,-0.1655,-21.52,1h,validation,0.35,185
2.0,0.5,130,0.592,0.0388,5.04,1h,validation,0.35,185
2.0,0.75,130,0.592,0.1374,17.86,1h,validation,0.35,185
2.0,1.0,130,0.577,0.2187,28.43,1h,validation,0.35,185
2.0,1.5,130,0.569,0.3592,46.69,1h,validation,0.35,185
2.0,2.0,130,0.569,0.4661,60.59,1h,validation,0.35,185
2.5,0.25,130,0.623,0.1947,25.31,1h,validation,0.35,185
2.5,0.5,130,0.577,0.2683,34.88,1h,validation,0.35,185
2.5,0.75,130,0.577,0.277,36.01,1h,validation,0.35,185
2.5,1.0,130,0.562,0.3478,45.21,1h,validation,0.35,185
2.5,1.5,130,0.554,0.4599,59.79,1h,validation,0.35,185
2.5,2.0,130,0.546,0.5476,71.18,1h,validation,0.35,185
3.0,0.25,130,0.592,0.0041,0.53,1h,validation,0.35,185
3.0,0.5,130,0.546,0.003,0.38,1h,validation,0.35,185
3.0,0.75,130,0.538,0.09,11.7,1h,validation,0.35,185
3.0,1.0,130,0.523,0.1993,25.91,1h,validation,0.35,185
3.0,1.5,130,0.508,0.2917,37.92,1h,validation,0.35,185
3.0,2.0,130,0.5,0.3508,45.6,1h,validation,0.35,185
3.5,0.25,130,0.577,-0.2609,-33.92,1h,validation,0.35,185
3.5,0.5,130,0.523,-0.2631,-34.2,1h,validation,0.35,185
3.5,0.75,130,0.515,-0.2405,-31.26,1h,validation,0.35,185
3.5,1.0,130,0.5,-0.1341,-17.44,1h,validation,0.35,185
3.5,1.5,130,0.485,0.0153,1.99,1h,validation,0.35,185
3.5,2.0,130,0.469,0.0635,8.25,1h,validation,0.35,185
4.0,0.25,130,0.577,-0.1796,-23.34,1h,validation,0.35,185
4.0,0.5,130,0.523,-0.0674,-8.76,1h,validation,0.35,185
4.0,0.75,130,0.515,0.0092,1.19,1h,validation,0.35,185
4.0,1.0,130,0.5,0.1626,21.14,1h,validation,0.35,185
4.0,1.5,130,0.485,0.3971,51.62,1h,validation,0.35,185
4.0,2.0,130,0.469,0.4921,63.97,1h,validation,0.35,185
4.5,0.25,130,0.562,-0.3337,-43.38,1h,validation,0.35,185
4.5,0.5,130,0.508,-0.0625,-8.13,1h,validation,0.35,185
4.5,0.75,130,0.5,0.0669,8.69,1h,validation,0.35,185
4.5,1.0,130,0.485,0.2589,33.66,1h,validation,0.35,185
4.5,1.5,130,0.469,0.5364,69.74,1h,validation,0.35,185
4.5,2.0,130,0.454,0.6543,85.05,1h,validation,0.35,185
5.0,0.25,130,0.562,-0.3946,-51.29,1h,validation,0.35,185
5.0,0.5,130,0.5,-0.348,-45.25,1h,validation,0.35,185
5.0,0.75,130,0.492,-0.1385,-18.01,1h,validation,0.35,185
5.0,1.0,130,0.477,0.1099,14.29,1h,validation,0.35,185
5.0,1.5,130,0.462,0.4416,57.41,1h,validation,0.35,185
5.0,2.0,130,0.446,0.6168,80.18,1h,validation,0.35,185
1.5,0.25,129,0.643,-0.3779,-48.75,1h,validation,0.375,185
1.5,0.5,129,0.62,-0.2396,-30.91,1h,validation,0.375,185
1.5,0.75,129,0.62,-0.086,-11.09,1h,validation,0.375,185
1.5,1.0,129,0.605,0.036,4.64,1h,validation,0.375,185
1.5,1.5,129,0.605,0.2151,27.75,1h,validation,0.375,185
1.5,2.0,129,0.597,0.3419,44.11,1h,validation,0.375,185
2.0,0.25,129,0.636,0.1172,15.12,1h,validation,0.375,185
2.0,0.5,129,0.605,0.4079,52.62,1h,validation,0.375,185
2.0,0.75,129,0.605,0.5347,68.98,1h,validation,0.375,185
2.0,1.0,129,0.589,0.6311,81.41,1h,validation,0.375,185
2.0,1.5,129,0.589,0.7883,101.69,1h,validation,0.375,185
2.0,2.0,129,0.581,0.9047,116.71,1h,validation,0.375,185
2.5,0.25,129,0.628,0.2279,29.39,1h,validation,0.375,185
2.5,0.5,129,0.581,0.2356,30.39,1h,validation,0.375,185
2.5,0.75,129,0.581,0.2427,31.31,1h,validation,0.375,185
2.5,1.0,129,0.566,0.31,39.99,1h,validation,0.375,185
2.5,1.5,129,0.566,0.4314,55.65,1h,validation,0.375,185
2.5,2.0,129,0.55,0.5257,67.81,1h,validation,0.375,185
3.0,0.25,129,0.597,0.1218,15.72,1h,validation,0.375,185
3.0,0.5,129,0.55,0.2336,30.13,1h,validation,0.375,185
3.0,0.75,129,0.543,0.3537,45.62,1h,validation,0.375,185
3.0,1.0,129,0.527,0.4543,58.6,1h,validation,0.375,185
3.0,1.5,129,0.519,0.5237,67.56,1h,validation,0.375,185
3.0,2.0,129,0.504,0.5847,75.42,1h,validation,0.375,185
3.5,0.25,129,0.581,-0.1348,-17.38,1h,validation,0.375,185
3.5,0.5,129,0.527,-0.085,-10.96,1h,validation,0.375,185
3.5,0.75,129,0.519,-0.0178,-2.3,1h,validation,0.375,185
3.5,1.0,129,0.504,0.1014,13.08,1h,validation,0.375,185
3.5,1.5,129,0.496,0.2639,34.04,1h,validation,0.375,185
3.5,2.0,129,0.481,0.3172,40.91,1h,validation,0.375,185
4.0,0.25,129,0.581,-0.0237,-3.06,1h,validation,0.375,185
4.0,0.5,129,0.527,0.1557,20.08,1h,validation,0.375,185
4.0,0.75,129,0.519,0.2872,37.05,1h,validation,0.375,185
4.0,1.0,129,0.504,0.4801,61.93,1h,validation,0.375,185
4.0,1.5,129,0.496,0.7392,95.35,1h,validation,0.375,185
4.0,2.0,129,0.481,0.8558,110.4,1h,validation,0.375,185
4.5,0.25,129,0.574,-0.0142,-1.83,1h,validation,0.375,185
4.5,0.5,129,0.519,0.2666,34.39,1h,validation,0.375,185
4.5,0.75,129,0.512,0.435,56.11,1h,validation,0.375,185
4.5,1.0,129,0.496,0.6606,85.21,1h,validation,0.375,185
4.5,1.5,129,0.488,1.0055,129.71,1h,validation,0.375,185
4.5,2.0,129,0.473,1.1672,150.57,1h,validation,0.375,185
5.0,0.25,129,0.566,-0.1456,-18.78,1h,validation,0.375,185
5.0,0.5,129,0.504,-0.0325,-4.19,1h,validation,0.375,185
5.0,0.75,129,0.496,0.2025,26.12,1h,validation,0.375,185
5.0,1.0,129,0.481,0.4689,60.48,1h,validation,0.375,185
5.0,1.5,129,0.473,0.8467,109.22,1h,validation,0.375,185
5.0,2.0,129,0.457,1.023,131.96,1h,validation,0.375,185
1.5,0.25,129,0.643,-0.3753,-48.42,1h,validation,0.4,185
1.5,0.5,129,0.62,-0.2101,-27.1,1h,validation,0.4,185
1.5,0.75,129,0.62,-0.0452,-5.83,1h,validation,0.4,185
1.5,1.0,129,0.605,0.083,10.71,1h,validation,0.4,185
1.5,1.5,129,0.605,0.2692,34.73,1h,validation,0.4,185
1.5,2.0,129,0.605,0.4,51.6,1h,validation,0.4,185
2.0,0.25,129,0.636,0.0705,9.09,1h,validation,0.4,185
2.0,0.5,129,0.605,0.3277,42.27,1h,validation,0.4,185
2.0,0.75,129,0.605,0.4529,58.43,1h,validation,0.4,185
2.0,1.0,129,0.589,0.5494,70.87,1h,validation,0.4,185
2.0,1.5,129,0.589,0.7076,91.29,1h,validation,0.4,185
2.0,2.0,129,0.589,0.8252,106.45,1h,validation,0.4,185
2.5,0.25,129,0.636,0.5504,71.0,1h,validation,0.4,185
2.5,0.5,129,0.597,0.7042,90.84,1h,validation,0.4,185
2.5,0.75,129,0.597,0.6847,88.32,1h,validation,0.4,185
2.5,1.0,129,0.581,0.7467,96.32,1h,validation,0.4,185
2.5,1.5,129,0.581,0.8686,112.05,1h,validation,0.4,185
2.5,2.0,129,0.581,0.9648,124.46,1h,validation,0.4,185
3.0,0.25,129,0.612,0.3256,42.0,1h,validation,0.4,185
3.0,0.5,129,0.566,0.4805,61.99,1h,validation,0.4,185
3.0,0.75,129,0.566,0.5235,67.53,1h,validation,0.4,185
3.0,1.0,129,0.55,0.6039,77.9,1h,validation,0.4,185
3.0,1.5,129,0.55,0.7219,93.12,1h,validation,0.4,185
3.0,2.0,129,0.543,0.8107,104.58,1h,validation,0.4,185
3.5,0.25,129,0.581,-0.1062,-13.69,1h,validation,0.4,185
3.5,0.5,129,0.535,-0.0145,-1.87,1h,validation,0.4,185
3.5,0.75,129,0.527,0.1591,20.52,1h,validation,0.4,185
3.5,1.0,129,0.512,0.3427,44.2,1h,validation,0.4,185
3.5,1.5,129,0.512,0.5745,74.12,1h,validation,0.4,185
3.5,2.0,129,0.504,0.667,86.04,1h,validation,0.4,185
4.0,0.25,129,0.581,0.1095,14.12,1h,validation,0.4,185
4.0,0.5,129,0.527,0.2802,36.15,1h,validation,0.4,185
4.0,0.75,129,0.519,0.4038,52.09,1h,validation,0.4,185
4.0,1.0,129,0.504,0.5835,75.27,1h,validation,0.4,185
4.0,1.5,129,0.504,0.7835,101.07,1h,validation,0.4,185
4.0,2.0,129,0.496,0.8383,108.14,1h,validation,0.4,185
4.5,0.25,129,0.574,0.1253,16.16,1h,validation,0.4,185
4.5,0.5,129,0.519,0.4022,51.88,1h,validation,0.4,185
4.5,0.75,129,0.512,0.5563,71.76,1h,validation,0.4,185
4.5,1.0,129,0.496,0.7629,98.42,1h,validation,0.4,185
4.5,1.5,129,0.496,1.0941,141.14,1h,validation,0.4,185
4.5,2.0,129,0.488,1.2515,161.44,1h,validation,0.4,185
5.0,0.25,129,0.566,-0.024,-3.1,1h,validation,0.4,185
5.0,0.5,129,0.504,0.0798,10.3,1h,validation,0.4,185
5.0,0.75,129,0.496,0.247,31.87,1h,validation,0.4,185
5.0,1.0,129,0.481,0.4694,60.56,1h,validation,0.4,185
5.0,1.5,129,0.481,0.8144,105.05,1h,validation,0.4,185
5.0,2.0,129,0.473,0.9769,126.02,1h,validation,0.4,185
1.5,0.25,129,0.651,-0.305,-39.34,1h,validation,0.425,185
1.5,0.5,129,0.636,-0.1432,-18.47,1h,validation,0.425,185
1.5,0.75,129,0.628,0.0203,2.62,1h,validation,0.425,185
1.5,1.0,129,0.62,0.1473,19.0,1h,validation,0.425,185
1.5,1.5,129,0.62,0.3316,42.78,1h,validation,0.425,185
1.5,2.0,129,0.62,0.4611,59.48,1h,validation,0.425,185
2.0,0.25,129,0.651,0.2172,28.02,1h,validation,0.425,185
2.0,0.5,129,0.628,0.4551,58.7,1h,validation,0.425,185
2.0,0.75,129,0.62,0.5725,73.85,1h,validation,0.425,185
2.0,1.0,129,0.605,0.6635,85.59,1h,validation,0.425,185
2.0,1.5,129,0.605,0.8146,105.08,1h,validation,0.425,185
2.0,2.0,129,0.605,0.9274,119.64,1h,validation,0.425,185
2.5,0.25,129,0.636,0.6662,85.94,1h,validation,0.425,185
2.5,0.5,129,0.612,1.0034,129.44,1h,validation,0.425,185
2.5,0.75,129,0.605,1.0927,140.95,1h,validation,0.425,185
2.5,1.0,129,0.589,1.1666,150.49,1h,validation,0.425,185
2.5,1.5,129,0.589,1.2977,167.41,1h,validation,0.425,185
2.5,2.0,129,0.589,1.3987,180.44,1h,validation,0.425,185
3.0,0.25,129,0.62,0.5694,73.46,1h,validation,0.425,185
3.0,0.5,129,0.581,0.7053,90.99,1h,validation,0.425,185
3.0,0.75,129,0.574,0.7519,97.0,1h,validation,0.425,185
3.0,1.0,129,0.558,0.8365,107.91,1h,validation,0.425,185
3.0,1.5,129,0.558,0.9606,123.91,1h,validation,0.425,185
3.0,2.0,129,0.55,1.0533,135.88,1h,validation,0.425,185
3.5,0.25,129,0.581,0.061,7.86,1h,validation,0.425,185
3.5,0.5,129,0.543,0.2165,27.93,1h,validation,0.425,185
3.5,0.75,129,0.527,0.3939,50.81,1h,validation,0.425,185
3.5,1.0,129,0.512,0.5499,70.93,1h,validation,0.425,185
3.5,1.5,129,0.512,0.6886,88.83,1h,validation,0.425,185
3.5,2.0,129,0.504,0.771,99.45,1h,validation,0.425,185
4.0,0.25,129,0.581,0.2161,27.87,1h,validation,0.425,185
4.0,0.5,129,0.535,0.3712,47.88,1h,validation,0.425,185
4.0,0.75,129,0.519,0.4699,60.61,1h,validation,0.425,185
4.0,1.0,129,0.504,0.5977,77.1,1h,validation,0.425,185
4.0,1.5,129,0.504,0.7686,99.15,1h,validation,0.425,185
4.0,2.0,129,0.496,0.825,106.42,1h,validation,0.425,185
4.5,0.25,129,0.574,0.1938,25.0,1h,validation,0.425,185
4.5,0.5,129,0.527,0.4505,58.12,1h,validation,0.425,185
4.5,0.75,129,0.512,0.5946,76.71,1h,validation,0.425,185
4.5,1.0,129,0.496,0.785,101.26,1h,validation,0.425,185
4.5,1.5,129,0.496,1.1006,141.98,1h,validation,0.425,185
4.5,2.0,129,0.488,1.2499,161.24,1h,validation,0.425,185
5.0,0.25,129,0.566,0.0909,11.73,1h,validation,0.425,185
5.0,0.5,129,0.519,0.4308,55.57,1h,validation,0.425,185
5.0,0.75,129,0.504,0.6138,79.18,1h,validation,0.425,185
5.0,1.0,129,0.488,0.8346,107.67,1h,validation,0.425,185
5.0,1.5,129,0.488,1.1847,152.82,1h,validation,0.425,185
5.0,2.0,129,0.481,1.3525,174.47,1h,validation,0.425,185
1.5,0.25,129,0.651,-0.261,-33.67,1h,validation,0.45,185
1.5,0.5,129,0.643,-0.1054,-13.59,1h,validation,0.45,185
1.5,0.75,129,0.628,0.0642,8.28,1h,validation,0.45,185
1.5,1.0,129,0.62,0.1951,25.17,1h,validation,0.45,185
1.5,1.5,129,0.612,0.3845,49.6,1h,validation,0.45,185
1.5,2.0,129,0.612,0.5173,66.73,1h,validation,0.45,185
2.0,0.25,129,0.651,0.4665,60.17,1h,validation,0.45,185
2.0,0.5,129,0.643,0.5801,74.84,1h,validation,0.45,185
2.0,0.75,129,0.628,0.7282,93.94,1h,validation,0.45,185
2.0,1.0,129,0.612,0.8441,108.89,1h,validation,0.45,185
2.0,1.5,129,0.605,1.0176,131.27,1h,validation,0.45,185
2.0,2.0,129,0.605,1.142,147.32,1h,validation,0.45,185
2.5,0.25,129,0.636,0.7467,96.32,1h,validation,0.45,185
2.5,0.5,129,0.62,1.0666,137.59,1h,validation,0.45,185
2.5,0.75,129,0.605,1.1611,149.79,1h,validation,0.45,185
2.5,1.0,129,0.589,1.2387,159.79,1h,validation,0.45,185
2.5,1.5,129,0.581,1.3745,177.31,1h,validation,0.45,185
2.5,2.0,129,0.581,1.4786,190.74,1h,validation,0.45,185
3.0,0.25,129,0.62,0.7402,95.49,1h,validation,0.45,185
3.0,0.5,129,0.589,0.8956,115.53,1h,validation,0.45,185
3.0,0.75,129,0.574,0.9457,121.99,1h,validation,0.45,185
3.0,1.0,129,0.558,1.0315,133.07,1h,validation,0.45,185
3.0,1.5,129,0.55,1.1571,149.26,1h,validation,0.45,185
3.0,2.0,129,0.55,1.2507,161.35,1h,validation,0.45,185
3.5,0.25,129,0.589,0.332,42.83,1h,validation,0.45,185
3.5,0.5,129,0.558,0.5341,68.9,1h,validation,0.45,185
3.5,0.75,129,0.535,0.7285,93.98,1h,validation,0.45,185
3.5,1.0,129,0.519,0.8954,115.51,1h,validation,0.45,185
3.5,1.5,129,0.512,1.0479,135.18,1h,validation,0.45,185
3.5,2.0,129,0.504,1.1389,146.92,1h,validation,0.45,185
4.0,0.25,129,0.581,0.3241,41.81,1h,validation,0.45,185
4.0,0.5,129,0.543,0.3723,48.02,1h,validation,0.45,185
4.0,0.75,129,0.519,0.4387,56.59,1h,validation,0.45,185
4.0,1.0,129,0.504,0.5426,69.99,1h,validation,0.45,185
4.0,1.5,129,0.496,0.7059,91.06,1h,validation,0.45,185
4.0,2.0,129,0.488,0.7628,98.4,1h,validation,0.45,185
4.5,0.25,129,0.574,0.3066,39.55,1h,validation,0.45,185
4.5,0.5,129,0.535,0.5486,70.77,1h,validation,0.45,185
4.5,0.75,129,0.512,0.7014,90.47,1h,validation,0.45,185
4.5,1.0,129,0.496,0.8887,114.64,1h,validation,0.45,185
4.5,1.5,129,0.488,1.1598,149.62,1h,validation,0.45,185
4.5,2.0,129,0.481,1.2867,165.98,1h,validation,0.45,185
5.0,0.25,129,0.566,0.2233,28.81,1h,validation,0.45,185
5.0,0.5,129,0.527,0.4854,62.62,1h,validation,0.45,185
5.0,0.75,129,0.504,0.6535,84.3,1h,validation,0.45,185
5.0,1.0,129,0.488,0.8626,111.28,1h,validation,0.45,185
5.0,1.5,129,0.481,1.2061,155.59,1h,validation,0.45,185
5.0,2.0,129,0.473,1.3723,177.02,1h,validation,0.45,185
1.5,0.25,128,0.633,-0.8566,-109.64,1h,validation,0.475,185
1.5,0.5,128,0.625,-0.7702,-98.59,1h,validation,0.475,185
1.5,0.75,128,0.609,-0.625,-80.0,1h,validation,0.475,185
1.5,1.0,128,0.602,-0.5078,-65.0,1h,validation,0.475,185
1.5,1.5,128,0.594,-0.3336,-42.71,1h,validation,0.475,185
1.5,2.0,128,0.594,-0.2094,-26.8,1h,validation,0.475,185
2.0,0.25,128,0.633,-0.1473,-18.86,1h,validation,0.475,185
2.0,0.5,128,0.625,-0.1419,-18.17,1h,validation,0.475,185
2.0,0.75,128,0.609,-0.0371,-4.75,1h,validation,0.475,185
2.0,1.0,128,0.602,0.066,8.45,1h,validation,0.475,185
2.0,1.5,128,0.586,0.2264,28.97,1h,validation,0.475,185
2.0,2.0,128,0.586,0.3434,43.96,1h,validation,0.475,185
2.5,0.25,128,0.617,-0.0042,-0.54,1h,validation,0.475,185
2.5,0.5,128,0.602,0.1467,18.77,1h,validation,0.475,185
2.5,0.75,128,0.586,0.2389,30.57,1h,validation,0.475,185
2.5,1.0,128,0.578,0.3153,40.36,1h,validation,0.475,185
2.5,1.5,128,0.562,0.4502,57.62,1h,validation,0.475,185
2.5,2.0,128,0.562,0.5541,70.93,1h,validation,0.475,185
3.0,0.25,128,0.602,0.095,12.16,1h,validation,0.475,185
3.0,0.5,128,0.57,0.1919,24.56,1h,validation,0.475,185
3.0,0.75,128,0.555,0.2222,28.45,1h,validation,0.475,185
3.0,1.0,128,0.547,0.2969,38.0,1h,validation,0.475,185
3.0,1.5,128,0.531,0.4103,52.52,1h,validation,0.475,185
3.0,2.0,128,0.531,0.4975,63.68,1h,validation,0.475,185
3.5,0.25,128,0.57,-0.3218,-41.18,1h,validation,0.475,185
3.5,0.5,128,0.539,-0.211,-27.0,1h,validation,0.475,185
3.5,0.75,128,0.523,-0.1028,-13.15,1h,validation,0.475,185
3.5,1.0,128,0.516,-0.0002,-0.02,1h,validation,0.475,185
3.5,1.5,128,0.5,0.0732,9.37,1h,validation,0.475,185
3.5,2.0,128,0.492,0.1365,17.47,1h,validation,0.475,185
4.0,0.25,128,0.562,-0.2524,-32.3,1h,validation,0.475,185
4.0,0.5,128,0.523,-0.1966,-25.16,1h,validation,0.475,185
4.0,0.75,128,0.508,-0.0572,-7.32,1h,validation,0.475,185
4.0,1.0,128,0.5,0.1176,15.05,1h,validation,0.475,185
4.0,1.5,128,0.484,0.3455,44.22,1h,validation,0.475,185
4.0,2.0,128,0.477,0.4377,56.03,1h,validation,0.475,185
4.5,0.25,128,0.562,-0.2111,-27.02,1h,validation,0.475,185
4.5,0.5,128,0.523,0.014,1.79,1h,validation,0.475,185
4.5,0.75,128,0.508,0.1347,17.25,1h,validation,0.475,185
4.5,1.0,128,0.5,0.2768,35.44,1h,validation,0.475,185
4.5,1.5,128,0.484,0.4752,60.82,1h,validation,0.475,185
4.5,2.0,128,0.477,0.5483,70.19,1h,validation,0.475,185
5.0,0.25,128,0.547,-0.3638,-46.57,1h,validation,0.475,185
5.0,0.5,128,0.508,-0.0404,-5.17,1h,validation,0.475,185
5.0,0.75,128,0.492,0.1131,14.48,1h,validation,0.475,185
5.0,1.0,128,0.484,0.2826,36.17,1h,validation,0.475,185
5.0,1.5,128,0.469,0.5634,72.11,1h,validation,0.475,185
5.0,2.0,128,0.461,0.7148,91.5,1h,validation,0.475,185
1.5,0.25,127,0.63,-0.7594,-96.44,1h,validation,0.5,185
1.5,0.5,127,0.622,-0.6831,-86.76,1h,validation,0.5,185
1.5,0.75,127,0.606,-0.5281,-67.06,1h,validation,0.5,185
1.5,1.0,127,0.598,-0.4055,-51.49,1h,validation,0.5,185
1.5,1.5,127,0.591,-0.2251,-28.58,1h,validation,0.5,185
1.5,2.0,127,0.591,-0.0971,-12.33,1h,validation,0.5,185
2.0,0.25,127,0.63,-0.0505,-6.41,1h,validation,0.5,185
2.0,0.5,127,0.622,0.0118,1.5,1h,validation,0.5,185
2.0,0.75,127,0.606,0.1484,18.84,1h,validation,0.5,185
2.0,1.0,127,0.598,0.2611,33.16,1h,validation,0.5,185
2.0,1.5,127,0.583,0.4309,54.72,1h,validation,0.5,185
2.0,2.0,127,0.583,0.5532,70.25,1h,validation,0.5,185
2.5,0.25,127,0.614,-0.1004,-12.75,1h,validation,0.5,185
2.5,0.5,127,0.598,0.062,7.87,1h,validation,0.5,185
2.5,0.75,127,0.583,0.1624,20.62,1h,validation,0.5,185
2.5,1.0,127,0.575,0.2439,30.97,1h,validation,0.5,185
2.5,1.5,127,0.559,0.385,48.9,1h,validation,0.5,185
2.5,2.0,127,0.559,0.4929,62.6,1h,validation,0.5,185
3.0,0.25,127,0.598,0.1086,13.79,1h,validation,0.5,185
3.0,0.5,127,0.575,0.3419,43.42,1h,validation,0.5,185
3.0,0.75,127,0.559,0.2895,36.76,1h,validation,0.5,185
3.0,1.0,127,0.551,0.3287,41.75,1h,validation,0.5,185
3.0,1.5,127,0.535,0.4268,54.2,1h,validation,0.5,185
3.0,2.0,127,0.535,0.5103,64.81,1h,validation,0.5,185
3.5,0.25,127,0.575,-0.0718,-9.12,1h,validation,0.5,185
3.5,0.5,127,0.543,-0.0255,-3.24,1h,validation,0.5,185
3.5,0.75,127,0.528,-0.0085,-1.08,1h,validation,0.5,185
3.5,1.0,127,0.52,0.0588,7.46,1h,validation,0.5,185
3.5,1.5,127,0.504,0.1641,20.84,1h,validation,0.5,185
3.5,2.0,127,0.504,0.2465,31.3,1h,validation,0.5,185
4.0,0.25,127,0.559,-0.3919,-49.77,1h,validation,0.5,185
4.0,0.5,127,0.528,-0.2527,-32.09,1h,validation,0.5,185
4.0,0.75,127,0.512,-0.0972,-12.34,1h,validation,0.5,185
4.0,1.0,127,0.504,0.0595,7.56,1h,validation,0.5,185
4.0,1.5,127,0.488,0.2013,25.56,1h,validation,0.5,185
4.0,2.0,127,0.488,0.286,36.32,1h,validation,0.5,185
4.5,0.25,127,0.559,-0.2091,-26.56,1h,validation,0.5,185
4.5,0.5,127,0.52,-0.0391,-4.97,1h,validation,0.5,185
4.5,0.75,127,0.504,0.0668,8.48,1h,validation,0.5,185
4.5,1.0,127,0.496,0.1922,24.42,1h,validation,0.5,185
4.5,1.5,127,0.48,0.3774,47.93,1h,validation,0.5,185
4.5,2.0,127,0.48,0.443,56.27,1h,validation,0.5,185
5.0,0.25,127,0.543,-0.402,-51.05,1h,validation,0.5,185
5.0,0.5,127,0.504,-0.1478,-18.77,1h,validation,0.5,185
5.0,0.75,127,0.488,-0.0214,-2.72,1h,validation,0.5,185
5.0,1.0,127,0.48,0.1213,15.4,1h,validation,0.5,185
5.0,1.5,127,0.465,0.375,47.62,1h,validation,0.5,185
5.0,2.0,127,0.465,0.5106,64.85,1h,validation,0.5,185
1.5,0.25,126,0.627,-0.8197,-103.28,1h,validation,0.525,185
1.5,0.5,126,0.619,-0.7853,-98.94,1h,validation,0.525,185
1.5,0.75,126,0.603,-0.6501,-81.91,1h,validation,0.525,185
1.5,1.0,126,0.603,-0.5404,-68.09,1h,validation,0.525,185
1.5,1.5,126,0.587,-0.3764,-47.42,1h,validation,0.525,185
1.5,2.0,126,0.587,-0.2586,-32.59,1h,validation,0.525,185
2.0,0.25,126,0.627,-0.102,-12.85,1h,validation,0.525,185
2.0,0.5,126,0.619,-0.0719,-9.06,1h,validation,0.525,185
2.0,0.75,126,0.603,0.0478,6.03,1h,validation,0.525,185
2.0,1.0,126,0.603,0.1491,18.79,1h,validation,0.525,185
2.0,1.5,126,0.579,0.3042,38.33,1h,validation,0.525,185
2.0,2.0,126,0.579,0.4171,52.56,1h,validation,0.525,185
2.5,0.25,126,0.619,0.0021,0.27,1h,validation,0.525,185
2.5,0.5,126,0.603,0.1322,16.65,1h,validation,0.525,185
2.5,0.75,126,0.587,0.2157,27.17,1h,validation,0.525,185
2.5,1.0,126,0.587,0.2856,35.99,1h,validation,0.525,185
2.5,1.5,126,0.563,0.4122,51.94,1h,validation,0.525,185
2.5,2.0,126,0.563,0.5111,64.4,1h,validation,0.525,185
3.0,0.25,126,0.611,0.1419,17.88,1h,validation,0.525,185
3.0,0.5,126,0.595,0.3464,43.65,1h,validation,0.525,185
3.0,0.75,126,0.579,0.3949,49.76,1h,validation,0.525,185
3.0,1.0,126,0.579,0.4435,55.88,1h,validation,0.525,185
3.0,1.5,126,0.556,0.5451,68.68,1h,validation,0.525,185
3.0,2.0,126,0.556,0.629,79.26,1h,validation,0.525,185
3.5,0.25,126,0.571,-0.2101,-26.47,1h,validation,0.525,185
3.5,0.5,126,0.54,-0.2142,-26.99,1h,validation,0.525,185
3.5,0.75,126,0.524,-0.2207,-27.8,1h,validation,0.525,185
3.5,1.0,126,0.524,-0.1683,-21.21,1h,validation,0.525,185
3.5,1.5,126,0.5,-0.0814,-10.26,1h,validation,0.525,185
3.5,2.0,126,0.5,-0.0104,-1.31,1h,validation,0.525,185
4.0,0.25,126,0.563,-0.5287,-66.62,1h,validation,0.525,185
4.0,0.5,126,0.524,-0.3828,-48.24,1h,validation,0.525,185
4.0,0.75,126,0.508,-0.254,-32.0,1h,validation,0.525,185
4.0,1.0,126,0.508,-0.1384,-17.43,1h,validation,0.525,185
4.0,1.5,126,0.484,-0.0554,-6.98,1h,validation,0.525,185
4.0,2.0,126,0.484,0.0108,1.36,1h,validation,0.525,185
4.5,0.25,126,0.563,-0.3479,-43.83,1h,validation,0.525,185
4.5,0.5,126,0.524,-0.0637,-8.02,1h,validation,0.525,185
4.5,0.75,126,0.508,0.1144,14.41,1h,validation,0.525,185
4.5,1.0,126,0.508,0.2992,37.7,1h,validation,0.525,185
4.5,1.5,126,0.484,0.5351,67.42,1h,validation,0.525,185
4.5,2.0,126,0.484,0.6299,79.36,1h,validation,0.525,185
5.0,0.25,126,0.556,-0.3706,-46.7,1h,validation,0.525,185
5.0,0.5,126,0.516,-0.0,-0.01,1h,validation,0.525,185
5.0,0.75,126,0.5,0.2083,26.25,1h,validation,0.525,185
5.0,1.0,126,0.5,0.4181,52.68,1h,validation,0.525,185
5.0,1.5,126,0.476,0.6677,84.14,1h,validation,0.525,185
5.0,2.0,126,0.476,0.7652,96.42,1h,validation,0.525,185
1.5,0.25,124,0.613,-1.0173,-126.14,1h,validation,0.55,185
1.5,0.5,124,0.613,-0.747,-92.63,1h,validation,0.55,185
1.5,0.75,124,0.613,-0.607,-75.27,1h,validation,0.55,185
1.5,1.0,124,0.597,-0.4937,-61.22,1h,validation,0.55,185
1.5,1.5,124,0.581,-0.3247,-40.27,1h,validation,0.55,185
1.5,2.0,124,0.581,-0.2036,-25.25,1h,validation,0.55,185
2.0,0.25,124,0.613,-0.3938,-48.83,1h,validation,0.55,185
2.0,0.5,124,0.613,-0.1483,-18.39,1h,validation,0.55,185
2.0,0.75,124,0.613,-0.0324,-4.02,1h,validation,0.55,185
2.0,1.0,124,0.597,0.0673,8.34,1h,validation,0.55,185
2.0,1.5,124,0.573,0.2211,27.42,1h,validation,0.55,185
2.0,2.0,124,0.573,0.3336,41.37,1h,validation,0.55,185
2.5,0.25,124,0.613,-0.1561,-19.35,1h,validation,0.55,185
2.5,0.5,124,0.613,0.2112,26.19,1h,validation,0.55,185
2.5,0.75,124,0.613,0.2951,36.59,1h,validation,0.55,185
2.5,1.0,124,0.597,0.3648,45.24,1h,validation,0.55,185
2.5,1.5,124,0.573,0.4912,60.91,1h,validation,0.55,185
2.5,2.0,124,0.573,0.5901,73.17,1h,validation,0.55,185
3.0,0.25,124,0.605,-0.1669,-20.69,1h,validation,0.55,185
3.0,0.5,124,0.589,0.2312,28.66,1h,validation,0.55,185
3.0,0.75,124,0.589,0.3011,37.34,1h,validation,0.55,185
3.0,1.0,124,0.573,0.3624,44.94,1h,validation,0.55,185
3.0,1.5,124,0.548,0.479,59.39,1h,validation,0.55,185
3.0,2.0,124,0.548,0.572,70.93,1h,validation,0.55,185
3.5,0.25,124,0.573,-0.2826,-35.04,1h,validation,0.55,185
3.5,0.5,124,0.548,-0.0525,-6.52,1h,validation,0.55,185
3.5,0.75,124,0.54,-0.0896,-11.11,1h,validation,0.55,185
3.5,1.0,124,0.524,-0.0517,-6.41,1h,validation,0.55,185
3.5,1.5,124,0.5,0.0374,4.64,1h,validation,0.55,185
3.5,2.0,124,0.5,0.1135,14.07,1h,validation,0.55,185
4.0,0.25,124,0.565,-0.5205,-64.54,1h,validation,0.55,185
4.0,0.5,124,0.54,-0.1902,-23.58,1h,validation,0.55,185
4.0,0.75,124,0.532,-0.1102,-13.66,1h,validation,0.55,185
4.0,1.0,124,0.516,-0.0223,-2.77,1h,validation,0.55,185
4.0,1.5,124,0.492,0.0491,6.09,1h,validation,0.55,185
4.0,2.0,124,0.492,0.1135,14.08,1h,validation,0.55,185
4.5,0.25,124,0.565,-0.4549,-56.41,1h,validation,0.55,185
4.5,0.5,124,0.532,-0.0663,-8.22,1h,validation,0.55,185
4.5,0.75,124,0.524,0.0308,3.82,1h,validation,0.55,185
4.5,1.0,124,0.508,0.1828,22.67,1h,validation,0.55,185
4.5,1.5,124,0.484,0.4057,50.3,1h,validation,0.55,185
4.5,2.0,124,0.484,0.4977,61.72,1h,validation,0.55,185
5.0,0.25,124,0.556,-0.5033,-62.42,1h,validation,0.55,185
5.0,0.5,124,0.524,0.0638,7.91,1h,validation,0.55,185
5.0,0.75,124,0.516,0.2404,29.81,1h,validation,0.55,185
5.0,1.0,124,0.5,0.4368,54.16,1h,validation,0.55,185
5.0,1.5,124,0.476,0.6918,85.78,1h,validation,0.55,185
5.0,2.0,124,0.476,0.7959,98.69,1h,validation,0.55,185
1.5,0.25,124,0.605,-0.9849,-122.13,1h,validation,0.575,185
1.5,0.5,124,0.605,-0.7009,-86.92,1h,validation,0.575,185
1.5,0.75,124,0.605,-0.5563,-68.98,1h,validation,0.575,185
1.5,1.0,124,0.589,-0.4405,-54.62,1h,validation,0.575,185
1.5,1.5,124,0.581,-0.2685,-33.3,1h,validation,0.575,185
1.5,2.0,124,0.581,-0.1456,-18.06,1h,validation,0.575,185
2.0,0.25,124,0.613,-0.3,-37.2,1h,validation,0.575,185
2.0,0.5,124,0.613,-0.0699,-8.67,1h,validation,0.575,185
2.0,0.75,124,0.613,0.0459,5.69,1h,validation,0.575,185
2.0,1.0,124,0.597,0.1457,18.07,1h,validation,0.575,185
2.0,1.5,124,0.573,0.2998,37.18,1h,validation,0.575,185
2.0,2.0,124,0.573,0.4126,51.16,1h,validation,0.575,185
2.5,0.25,124,0.613,-0.0551,-6.83,1h,validation,0.575,185
2.5,0.5,124,0.613,0.1427,17.69,1h,validation,0.575,185
2.5,0.75,124,0.613,0.2315,28.71,1h,validation,0.575,185
2.5,1.0,124,0.597,0.326,40.42,1h,validation,0.575,185
2.5,1.5,124,0.573,0.4764,59.07,1h,validation,0.575,185
2.5,2.0,124,0.573,0.5877,72.87,1h,validation,0.575,185
3.0,0.25,124,0.605,-0.0482,-5.98,1h,validation,0.575,185
3.0,0.5,124,0.589,0.2549,31.61,1h,validation,0.575,185
3.0,0.75,124,0.589,0.3255,40.36,1h,validation,0.575,185
3.0,1.0,124,0.573,0.3889,48.22,1h,validation,0.575,185
3.0,1.5,124,0.548,0.5086,63.07,1h,validation,0.575,185
3.0,2.0,124,0.548,0.6039,74.88,1h,validation,0.575,185
3.5,0.25,124,0.581,-0.1112,-13.79,1h,validation,0.575,185
3.5,0.5,124,0.556,0.2671,33.12,1h,validation,0.575,185
3.5,0.75,124,0.556,0.2085,25.85,1h,validation,0.575,185
3.5,1.0,124,0.54,0.2398,29.74,1h,validation,0.575,185
3.5,1.5,124,0.516,0.3281,40.69,1h,validation,0.575,185
3.5,2.0,124,0.516,0.4055,50.28,1h,validation,0.575,185
4.0,0.25,124,0.565,-0.3551,-44.03,1h,validation,0.575,185
4.0,0.5,124,0.54,-0.1805,-22.38,1h,validation,0.575,185
4.0,0.75,124,0.532,-0.2286,-28.35,1h,validation,0.575,185
4.0,1.0,124,0.516,-0.1972,-24.46,1h,validation,0.575,185
4.0,1.5,124,0.492,-0.1154,-14.31,1h,validation,0.575,185
4.0,2.0,124,0.492,-0.0436,-5.4,1h,validation,0.575,185
4.5,0.25,124,0.565,-0.3874,-48.04,1h,validation,0.575,185
4.5,0.5,124,0.532,-0.0548,-6.8,1h,validation,0.575,185
4.5,0.75,124,0.524,0.0532,6.6,1h,validation,0.575,185
4.5,1.0,124,0.508,0.1861,23.08,1h,validation,0.575,185
4.5,1.5,124,0.484,0.319,39.56,1h,validation,0.575,185
4.5,2.0,124,0.484,0.4019,49.83,1h,validation,0.575,185
5.0,0.25,124,0.556,-0.3389,-42.02,1h,validation,0.575,185
5.0,0.5,124,0.524,0.1276,15.82,1h,validation,0.575,185
5.0,0.75,124,0.516,0.2682,33.26,1h,validation,0.575,185
5.0,1.0,124,0.5,0.4353,53.98,1h,validation,0.575,185
5.0,1.5,124,0.476,0.6726,83.4,1h,validation,0.575,185
5.0,2.0,124,0.476,0.7723,95.77,1h,validation,0.575,185
1.5,0.25,122,0.598,-1.1683,-142.54,1h,validation,0.6,185
1.5,0.5,122,0.598,-0.9045,-110.35,1h,validation,0.6,185
1.5,0.75,122,0.598,-0.7265,-88.64,1h,validation,0.6,185
1.5,1.0,122,0.582,-0.5931,-72.36,1h,validation,0.6,185
1.5,1.5,122,0.574,-0.4014,-48.97,1h,validation,0.6,185
1.5,2.0,122,0.574,-0.267,-32.57,1h,validation,0.6,185
2.0,0.25,122,0.607,-0.4893,-59.69,1h,validation,0.6,185
2.0,0.5,122,0.607,-0.227,-27.7,1h,validation,0.6,185
2.0,0.75,122,0.607,-0.0949,-11.58,1h,validation,0.6,185
2.0,1.0,122,0.59,0.0147,1.8,1h,validation,0.6,185
2.0,1.5,122,0.566,0.1809,22.06,1h,validation,0.6,185
2.0,2.0,122,0.566,0.3011,36.73,1h,validation,0.6,185
2.5,0.25,122,0.607,-0.0316,-3.86,1h,validation,0.6,185
2.5,0.5,122,0.607,0.2009,24.5,1h,validation,0.6,185
2.5,0.75,122,0.607,0.3203,39.08,1h,validation,0.6,185
2.5,1.0,122,0.59,0.4231,51.61,1h,validation,0.6,185
2.5,1.5,122,0.566,0.5817,70.96,1h,validation,0.6,185
2.5,2.0,122,0.566,0.6978,85.13,1h,validation,0.6,185
3.0,0.25,122,0.598,-0.204,-24.89,1h,validation,0.6,185
3.0,0.5,122,0.582,0.1533,18.71,1h,validation,0.6,185
3.0,0.75,122,0.582,0.2445,29.83,1h,validation,0.6,185
3.0,1.0,122,0.566,0.3194,38.96,1h,validation,0.6,185
3.0,1.5,122,0.541,0.4529,55.25,1h,validation,0.6,185
3.0,2.0,122,0.541,0.5567,67.92,1h,validation,0.6,185
3.5,0.25,122,0.59,0.1945,23.73,1h,validation,0.6,185
3.5,0.5,122,0.574,0.7216,88.04,1h,validation,0.6,185
3.5,0.75,122,0.574,0.6306,76.94,1h,validation,0.6,185
3.5,1.0,122,0.557,0.6623,80.8,1h,validation,0.6,185
3.5,1.5,122,0.533,0.7549,92.1,1h,validation,0.6,185
3.5,2.0,122,0.533,0.8362,102.02,1h,validation,0.6,185
4.0,0.25,122,0.566,-0.4142,-50.54,1h,validation,0.6,185
4.0,0.5,122,0.533,-0.1007,-12.29,1h,validation,0.6,185
4.0,0.75,122,0.533,-0.1426,-17.4,1h,validation,0.6,185
4.0,1.0,122,0.516,-0.1084,-13.22,1h,validation,0.6,185
4.0,1.5,122,0.492,-0.0228,-2.79,1h,validation,0.6,185
4.0,2.0,122,0.492,0.0515,6.28,1h,validation,0.6,185
4.5,0.25,122,0.566,-0.4535,-55.33,1h,validation,0.6,185
4.5,0.5,122,0.525,0.0032,0.39,1h,validation,0.6,185
4.5,0.75,122,0.525,0.0843,10.29,1h,validation,0.6,185
4.5,1.0,122,0.508,0.172,20.98,1h,validation,0.6,185
4.5,1.5,122,0.484,0.2422,29.54,1h,validation,0.6,185
4.5,2.0,122,0.484,0.3055,37.27,1h,validation,0.6,185
5.0,0.25,122,0.557,-0.5342,-65.17,1h,validation,0.6,185
5.0,0.5,122,0.516,-0.051,-6.22,1h,validation,0.6,185
5.0,0.75,122,0.516,0.0709,8.65,1h,validation,0.6,185
5.0,1.0,122,0.5,0.2356,28.74,1h,validation,0.6,185
5.0,1.5,122,0.475,0.4765,58.13,1h,validation,0.6,185
5.0,2.0,122,0.475,0.5801,70.77,1h,validation,0.6,185
1.5,0.25,122,0.598,-1.0406,-126.95,1h,validation,0.625,185
1.5,0.5,122,0.598,-0.7754,-94.6,1h,validation,0.625,185
1.5,0.75,122,0.598,-0.5939,-72.45,1h,validation,0.625,185
1.5,1.0,122,0.598,-0.4581,-55.89,1h,validation,0.625,185
1.5,1.5,122,0.574,-0.2635,-32.15,1h,validation,0.625,185
1.5,2.0,122,0.574,-0.1274,-15.54,1h,validation,0.625,185
2.0,0.25,122,0.607,-0.3749,-45.74,1h,validation,0.625,185
2.0,0.5,122,0.607,-0.1349,-16.46,1h,validation,0.625,185
2.0,0.75,122,0.607,0.004,0.49,1h,validation,0.625,185
2.0,1.0,122,0.607,0.1177,14.36,1h,validation,0.625,185
2.0,1.5,122,0.566,0.2885,35.2,1h,validation,0.625,185
2.0,2.0,122,0.566,0.4115,50.2,1h,validation,0.625,185
2.5,0.25,122,0.607,-0.0564,-6.88,1h,validation,0.625,185
2.5,0.5,122,0.607,0.1651,20.14,1h,validation,0.625,185
2.5,0.75,122,0.607,0.2835,34.58,1h,validation,0.625,185
2.5,1.0,122,0.607,0.3853,47.0,1h,validation,0.625,185
2.5,1.5,122,0.566,0.5425,66.19,1h,validation,0.625,185
2.5,2.0,122,0.566,0.6576,80.22,1h,validation,0.625,185
3.0,0.25,122,0.607,0.0571,6.97,1h,validation,0.625,185
3.0,0.5,122,0.607,0.385,46.97,1h,validation,0.625,185
3.0,0.75,122,0.598,0.4674,57.02,1h,validation,0.625,185
3.0,1.0,122,0.598,0.5365,65.45,1h,validation,0.625,185
3.0,1.5,122,0.557,0.6627,80.85,1h,validation,0.625,185
3.0,2.0,122,0.557,0.7619,92.95,1h,validation,0.625,185
3.5,0.25,122,0.598,0.2194,26.77,1h,validation,0.625,185
3.5,0.5,122,0.59,0.5906,72.06,1h,validation,0.625,185
3.5,0.75,122,0.582,0.6607,80.61,1h,validation,0.625,185
3.5,1.0,122,0.582,0.722,88.08,1h,validation,0.625,185
3.5,1.5,122,0.541,0.8391,102.37,1h,validation,0.625,185
3.5,2.0,122,0.541,0.9329,113.82,1h,validation,0.625,185
4.0,0.25,122,0.574,0.1006,12.27,1h,validation,0.625,185
4.0,0.5,122,0.557,0.4117,50.23,1h,validation,0.625,185
4.0,0.75,122,0.549,0.348,42.45,1h,validation,0.625,185
4.0,1.0,122,0.549,0.3764,45.93,1h,validation,0.625,185
4.0,1.5,122,0.508,0.4635,56.55,1h,validation,0.625,185
4.0,2.0,122,0.508,0.5411,66.02,1h,validation,0.625,185
4.5,0.25,122,0.566,-0.2441,-29.78,1h,validation,0.625,185
4.5,0.5,122,0.541,0.1584,19.32,1h,validation,0.625,185
4.5,0.75,122,0.533,0.1588,19.37,1h,validation,0.625,185
4.5,1.0,122,0.533,0.2115,25.81,1h,validation,0.625,185
4.5,1.5,122,0.492,0.316,38.56,1h,validation,0.625,185
4.5,2.0,122,0.492,0.4007,48.88,1h,validation,0.625,185
5.0,0.25,122,0.557,-0.3887,-47.42,1h,validation,0.625,185
5.0,0.5,122,0.525,0.0978,11.93,1h,validation,0.625,185
5.0,0.75,122,0.516,0.1927,23.5,1h,validation,0.625,185
5.0,1.0,122,0.516,0.2939,35.86,1h,validation,0.625,185
5.0,1.5,122,0.475,0.3788,46.22,1h,validation,0.625,185
5.0,2.0,122,0.475,0.4497,54.86,1h,validation,0.625,185
1.5,0.25,122,0.615,-0.8635,-105.34,1h,validation,0.65,185
1.5,0.5,122,0.615,-0.5591,-68.21,1h,validation,0.65,185
1.5,0.75,122,0.615,-0.3627,-44.25,1h,validation,0.65,185
1.5,1.0,122,0.615,-0.2185,-26.65,1h,validation,0.65,185
1.5,1.5,122,0.598,-0.0139,-1.7,1h,validation,0.65,185
1.5,2.0,122,0.598,0.1281,15.63,1h,validation,0.65,185
2.0,0.25,122,0.607,-0.3666,-44.73,1h,validation,0.65,185
2.0,0.5,122,0.607,-0.1059,-12.92,1h,validation,0.65,185
2.0,0.75,122,0.607,0.0444,5.41,1h,validation,0.65,185
2.0,1.0,122,0.607,0.1646,20.08,1h,validation,0.65,185
2.0,1.5,122,0.574,0.343,41.84,1h,validation,0.65,185
2.0,2.0,122,0.574,0.4704,57.39,1h,validation,0.65,185
2.5,0.25,122,0.615,0.3168,38.65,1h,validation,0.65,185
2.5,0.5,122,0.615,0.5548,67.69,1h,validation,0.65,185
2.5,0.75,122,0.615,0.6833,83.37,1h,validation,0.65,185
2.5,1.0,122,0.615,0.7911,96.51,1h,validation,0.65,185
2.5,1.5,122,0.574,0.9555,116.57,1h,validation,0.65,185
2.5,2.0,122,0.574,1.075,131.14,1h,validation,0.65,185
3.0,0.25,122,0.615,0.5407,65.97,1h,validation,0.65,185
3.0,0.5,122,0.615,0.8586,104.74,1h,validation,0.65,185
3.0,0.75,122,0.615,0.936,114.2,1h,validation,0.65,185
3.0,1.0,122,0.615,1.0143,123.74,1h,validation,0.65,185
3.0,1.5,122,0.574,1.1536,140.74,1h,validation,0.65,185
3.0,2.0,122,0.574,1.2611,153.85,1h,validation,0.65,185
3.5,0.25,122,0.607,0.5397,65.85,1h,validation,0.65,185
3.5,0.5,122,0.598,0.8498,103.68,1h,validation,0.65,185
3.5,0.75,122,0.59,0.9329,113.82,1h,validation,0.65,185
3.5,1.0,122,0.59,1.0038,122.46,1h,validation,0.65,185
3.5,1.5,122,0.549,1.1332,138.26,1h,validation,0.65,185
3.5,2.0,122,0.549,1.235,150.67,1h,validation,0.65,185
4.0,0.25,122,0.59,0.6752,82.38,1h,validation,0.65,185
4.0,0.5,122,0.582,1.2247,149.42,1h,validation,0.65,185
4.0,0.75,122,0.574,1.1537,140.75,1h,validation,0.65,185
4.0,1.0,122,0.574,1.1939,145.65,1h,validation,0.65,185
4.0,1.5,122,0.533,1.2966,158.19,1h,validation,0.65,185
4.0,2.0,122,0.533,1.3842,168.87,1h,validation,0.65,185
4.5,0.25,122,0.574,0.1403,17.12,1h,validation,0.65,185
4.5,0.5,122,0.549,0.5064,61.78,1h,validation,0.65,185
4.5,0.75,122,0.541,0.494,60.27,1h,validation,0.65,185
4.5,1.0,122,0.541,0.5429,66.24,1h,validation,0.65,185
4.5,1.5,122,0.5,0.6449,78.67,1h,validation,0.65,185
4.5,2.0,122,0.5,0.7287,88.9,1h,validation,0.65,185
5.0,0.25,122,0.566,0.0181,2.2,1h,validation,0.65,185
5.0,0.5,122,0.533,0.4841,59.06,1h,validation,0.65,185
5.0,0.75,122,0.525,0.5706,69.61,1h,validation,0.65,185
5.0,1.0,122,0.525,0.6678,81.48,1h,validation,0.65,185
5.0,1.5,122,0.484,0.7523,91.77,1h,validation,0.65,185
5.0,2.0,122,0.484,0.8245,100.58,1h,validation,0.65,185
1.5,0.25,122,0.615,-0.7643,-93.24,1h,validation,0.675,185
1.5,0.5,122,0.615,-0.4425,-53.99,1h,validation,0.675,185
1.5,0.75,122,0.615,-0.2395,-29.22,1h,validation,0.675,185
1.5,1.0,122,0.615,-0.0915,-11.16,1h,validation,0.675,185
1.5,1.5,122,0.598,0.1174,14.32,1h,validation,0.675,185
1.5,2.0,122,0.598,0.262,31.96,1h,validation,0.675,185
2.0,0.25,122,0.607,-0.2778,-33.89,1h,validation,0.675,185
2.0,0.5,122,0.607,-0.0542,-6.62,1h,validation,0.675,185
2.0,0.75,122,0.607,0.1076,13.13,1h,validation,0.675,185
2.0,1.0,122,0.607,0.2335,28.49,1h,validation,0.675,185
2.0,1.5,122,0.582,0.4178,50.97,1h,validation,0.675,185
2.0,2.0,122,0.574,0.5484,66.91,1h,validation,0.675,185
2.5,0.25,122,0.615,0.3852,47.0,1h,validation,0.675,185
2.5,0.5,122,0.615,0.5792,70.66,1h,validation,0.675,185
2.5,0.75,122,0.615,0.7213,88.0,1h,validation,0.675,185
2.5,1.0,122,0.615,0.8363,102.03,1h,validation,0.675,185
2.5,1.5,122,0.582,1.0085,123.04,1h,validation,0.675,185
2.5,2.0,122,0.574,1.1325,138.16,1h,validation,0.675,185
3.0,0.25,122,0.615,0.6204,75.69,1h,validation,0.675,185
3.0,0.5,122,0.615,0.834,101.75,1h,validation,0.675,185
3.0,0.75,122,0.615,0.981,119.68,1h,validation,0.675,185
3.0,1.0,122,0.615,1.0988,134.06,1h,validation,0.675,185
3.0,1.5,122,0.582,1.2745,155.49,1h,validation,0.675,185
3.0,2.0,122,0.574,1.4006,170.87,1h,validation,0.675,185
3.5,0.25,122,0.607,0.5306,64.73,1h,validation,0.675,185
3.5,0.5,122,0.598,0.8476,103.41,1h,validation,0.675,185
3.5,0.75,122,0.59,0.9652,117.76,1h,validation,0.675,185
3.5,1.0,122,0.59,1.0604,129.37,1h,validation,0.675,185
3.5,1.5,122,0.557,1.2136,148.06,1h,validation,0.675,185
3.5,2.0,122,0.549,1.3281,162.03,1h,validation,0.675,185
4.0,0.25,122,0.59,0.826,100.77,1h,validation,0.675,185
4.0,0.5,122,0.582,1.3111,159.95,1h,validation,0.675,185
4.0,0.75,122,0.574,1.3902,169.6,1h,validation,0.675,185
4.0,1.0,122,0.574,1.4616,178.32,1h,validation,0.675,185
4.0,1.5,122,0.541,1.5874,193.67,1h,validation,0.675,185
4.0,2.0,122,0.533,1.686,205.7,1h,validation,0.675,185
4.5,0.25,122,0.574,0.4225,51.55,1h,validation,0.675,185
4.5,0.5,122,0.557,0.6831,83.34,1h,validation,0.675,185
4.5,0.75,122,0.549,0.5954,72.63,1h,validation,0.675,185
4.5,1.0,122,0.549,0.6381,77.85,1h,validation,0.675,185
4.5,1.5,122,0.516,0.7376,89.99,1h,validation,0.675,185
4.5,2.0,122,0.508,0.8219,100.27,1h,validation,0.675,185
5.0,0.25,122,0.566,0.1486,18.13,1h,validation,0.675,185
5.0,0.5,122,0.533,0.4943,60.3,1h,validation,0.675,185
5.0,0.75,122,0.525,0.4648,56.71,1h,validation,0.675,185
5.0,1.0,122,0.525,0.5295,64.6,1h,validation,0.675,185
5.0,1.5,122,0.492,0.644,78.57,1h,validation,0.675,185
5.0,2.0,122,0.484,0.734,89.55,1h,validation,0.675,185
1.5,0.25,121,0.628,-0.6214,-75.19,1h,validation,0.7,185
1.5,0.5,121,0.62,-0.2936,-35.52,1h,validation,0.7,185
1.5,0.75,121,0.62,-0.0819,-9.91,1h,validation,0.7,185
1.5,1.0,121,0.62,0.0723,8.75,1h,validation,0.7,185
1.5,1.5,121,0.612,0.2896,35.04,1h,validation,0.7,185
1.5,2.0,121,0.603,0.4398,53.22,1h,validation,0.7,185
2.0,0.25,121,0.612,-0.5733,-69.37,1h,validation,0.7,185
2.0,0.5,121,0.595,-0.3122,-37.78,1h,validation,0.7,185
2.0,0.75,121,0.595,-0.1379,-16.69,1h,validation,0.7,185
2.0,1.0,121,0.595,-0.0046,-0.56,1h,validation,0.7,185
2.0,1.5,121,0.587,0.1887,22.84,1h,validation,0.7,185
2.0,2.0,121,0.57,0.325,39.33,1h,validation,0.7,185
2.5,0.25,121,0.62,-0.0084,-1.01,1h,validation,0.7,185
2.5,0.5,121,0.603,0.2165,26.2,1h,validation,0.7,185
2.5,0.75,121,0.603,0.3791,45.87,1h,validation,0.7,185
2.5,1.0,121,0.603,0.5059,61.22,1h,validation,0.7,185
2.5,1.5,121,0.595,0.6923,83.76,1h,validation,0.7,185
2.5,2.0,121,0.57,0.8247,99.79,1h,validation,0.7,185
3.0,0.25,121,0.62,0.2878,34.83,1h,validation,0.7,185
3.0,0.5,121,0.603,0.5284,63.93,1h,validation,0.7,185
3.0,0.75,121,0.603,0.6845,82.83,1h,validation,0.7,185
3.0,1.0,121,0.603,0.8077,97.73,1h,validation,0.7,185
3.0,1.5,121,0.595,0.9899,119.78,1h,validation,0.7,185
3.0,2.0,121,0.57,1.12,135.52,1h,validation,0.7,185
3.5,0.25,121,0.62,0.382,46.22,1h,validation,0.7,185
3.5,0.5,121,0.603,0.6665,80.64,1h,validation,0.7,185
3.5,0.75,121,0.595,0.7665,92.75,1h,validation,0.7,185
3.5,1.0,121,0.595,0.8632,104.45,1h,validation,0.7,185
3.5,1.5,121,0.587,1.0208,123.51,1h,validation,0.7,185
3.5,2.0,121,0.562,1.1384,137.74,1h,validation,0.7,185
4.0,0.25,121,0.603,0.5634,68.17,1h,validation,0.7,185
4.0,0.5,121,0.579,1.0064,121.78,1h,validation,0.7,185
4.0,0.75,121,0.57,1.1014,133.26,1h,validation,0.7,185
4.0,1.0,121,0.57,1.1843,143.3,1h,validation,0.7,185
4.0,1.5,121,0.562,1.3248,160.31,1h,validation,0.7,185
4.0,2.0,121,0.537,1.4329,173.38,1h,validation,0.7,185
4.5,0.25,121,0.587,0.362,43.81,1h,validation,0.7,185
4.5,0.5,121,0.562,0.8483,102.64,1h,validation,0.7,185
4.5,0.75,121,0.554,0.7863,95.14,1h,validation,0.7,185
4.5,1.0,121,0.554,0.8436,102.07,1h,validation,0.7,185
4.5,1.5,121,0.545,0.9609,116.27,1h,validation,0.7,185
4.5,2.0,121,0.521,1.0564,127.82,1h,validation,0.7,185
5.0,0.25,121,0.57,0.0029,0.35,1h,validation,0.7,185
5.0,0.5,121,0.529,0.3034,36.71,1h,validation,0.7,185
5.0,0.75,121,0.521,0.2287,27.68,1h,validation,0.7,185
5.0,1.0,121,0.521,0.275,33.28,1h,validation,0.7,185
5.0,1.5,121,0.512,0.3778,45.71,1h,validation,0.7,185
5.0,2.0,121,0.488,0.4639,56.14,1h,validation,0.7,185
1.5,0.25,136,0.662,1.8592,252.86,1h,holdout,0.3,183
1.5,0.5,136,0.632,1.884,256.23,1h,holdout,0.3,183
1.5,0.75,136,0.61,1.9121,260.05,1h,holdout,0.3,183
1.5,1.0,136,0.588,1.9289,262.33,1h,holdout,0.3,183
1.5,1.5,136,0.581,1.9421,264.12,1h,holdout,0.3,183
1.5,2.0,136,0.581,1.9496,265.15,1h,holdout,0.3,183
2.0,0.25,136,0.654,2.3334,317.34,1h,holdout,0.3,183
2.0,0.5,136,0.61,1.4025,190.74,1h,holdout,0.3,183
2.0,0.75,136,0.588,1.4447,196.48,1h,holdout,0.3,183
2.0,1.0,136,0.566,1.4752,200.62,1h,holdout,0.3,183
2.0,1.5,136,0.559,1.5092,205.26,1h,holdout,0.3,183
2.0,2.0,136,0.559,1.525,207.4,1h,holdout,0.3,183
2.5,0.25,136,0.625,1.5879,215.95,1h,holdout,0.3,183
2.5,0.5,136,0.581,0.4964,67.51,1h,holdout,0.3,183
2.5,0.75,136,0.551,0.5512,74.97,1h,holdout,0.3,183
2.5,1.0,136,0.529,0.5912,80.4,1h,holdout,0.3,183
2.5,1.5,136,0.522,0.6283,85.44,1h,holdout,0.3,183
2.5,2.0,136,0.522,0.6484,88.18,1h,holdout,0.3,183
3.0,0.25,136,0.625,1.8868,256.6,1h,holdout,0.3,183
3.0,0.5,136,0.574,0.6245,84.93,1h,holdout,0.3,183
3.0,0.75,136,0.544,0.6806,92.56,1h,holdout,0.3,183
3.0,1.0,136,0.507,-0.7018,-95.44,1h,holdout,0.3,183
3.0,1.5,136,0.5,-0.5609,-76.28,1h,holdout,0.3,183
3.0,2.0,136,0.5,-0.4712,-64.08,1h,holdout,0.3,183
3.5,0.25,136,0.625,2.2728,309.11,1h,holdout,0.3,183
3.5,0.5,136,0.574,1.0616,144.37,1h,holdout,0.3,183
3.5,0.75,136,0.544,1.0937,148.74,1h,holdout,0.3,183
3.5,1.0,136,0.507,-0.2867,-38.99,1h,holdout,0.3,183
3.5,1.5,136,0.5,-0.1303,-17.73,1h,holdout,0.3,183
3.5,2.0,136,0.5,-0.0227,-3.08,1h,holdout,0.3,183
4.0,0.25,136,0.618,2.3251,316.21,1h,holdout,0.3,183
4.0,0.5,136,0.566,1.0325,140.42,1h,holdout,0.3,183
4.0,0.75,136,0.529,0.8817,119.91,1h,holdout,0.3,183
4.0,1.0,136,0.493,-0.5536,-75.28,1h,holdout,0.3,183
4.0,1.5,136,0.485,-0.4449,-60.5,1h,holdout,0.3,183
4.0,2.0,136,0.485,-0.3608,-49.07,1h,holdout,0.3,183
4.5,0.25,136,0.603,1.812,246.43,1h,holdout,0.3,183
4.5,0.5,136,0.551,0.6389,86.9,1h,holdout,0.3,183
4.5,0.75,136,0.515,0.4812,65.45,1h,holdout,0.3,183
4.5,1.0,136,0.478,-0.8906,-121.13,1h,holdout,0.3,183
4.5,1.5,136,0.471,-0.7086,-96.36,1h,holdout,0.3,183
4.5,2.0,136,0.471,-0.619,-84.18,1h,holdout,0.3,183
5.0,0.25,136,0.603,1.8401,250.26,1h,holdout,0.3,183
5.0,0.5,136,0.551,0.8167,111.08,1h,holdout,0.3,183
5.0,0.75,136,0.515,0.6408,87.15,1h,holdout,0.3,183
5.0,1.0,136,0.478,-0.7515,-102.21,1h,holdout,0.3,183
5.0,1.5,136,0.471,-0.7581,-103.11,1h,holdout,0.3,183
5.0,2.0,136,0.471,-0.733,-99.68,1h,holdout,0.3,183
1.5,0.25,135,0.659,1.52,205.2,1h,holdout,0.325,183
1.5,0.5,135,0.63,1.5451,208.59,1h,holdout,0.325,183
1.5,0.75,135,0.615,1.5733,212.39,1h,holdout,0.325,183
1.5,1.0,135,0.6,1.5841,213.85,1h,holdout,0.325,183
1.5,1.5,135,0.585,1.5953,215.36,1h,holdout,0.325,183
1.5,2.0,135,0.585,1.6027,216.36,1h,holdout,0.325,183
2.0,0.25,135,0.644,1.834,247.59,1h,holdout,0.325,183
2.0,0.5,135,0.6,0.8916,120.36,1h,holdout,0.325,183
2.0,0.75,135,0.585,0.963,130.0,1h,holdout,0.325,183
2.0,1.0,135,0.57,1.003,135.4,1h,holdout,0.325,183
2.0,1.5,135,0.556,1.0469,141.34,1h,holdout,0.325,183
2.0,2.0,135,0.556,1.068,144.19,1h,holdout,0.325,183
2.5,0.25,135,0.622,1.3611,183.75,1h,holdout,0.325,183
2.5,0.5,135,0.578,0.2376,32.08,1h,holdout,0.325,183
2.5,0.75,135,0.556,0.2887,38.97,1h,holdout,0.325,183
2.5,1.0,135,0.541,0.328,44.28,1h,holdout,0.325,183
2.5,1.5,135,0.526,0.3649,49.26,1h,holdout,0.325,183
2.5,2.0,135,0.526,0.3852,52.0,1h,holdout,0.325,183
3.0,0.25,135,0.622,1.7518,236.49,1h,holdout,0.325,183
3.0,0.5,135,0.57,0.514,69.39,1h,holdout,0.325,183
3.0,0.75,135,0.548,0.6151,83.04,1h,holdout,0.325,183
3.0,1.0,135,0.519,-0.7842,-105.86,1h,holdout,0.325,183
3.0,1.5,135,0.504,-0.6876,-92.82,1h,holdout,0.325,183
3.0,2.0,135,0.504,-0.6354,-85.78,1h,holdout,0.325,183
3.5,0.25,135,0.622,2.0692,279.34,1h,holdout,0.325,183
3.5,0.5,135,0.57,0.6966,94.04,1h,holdout,0.325,183
3.5,0.75,135,0.548,0.6538,88.26,1h,holdout,0.325,183
3.5,1.0,135,0.519,-0.7731,-104.37,1h,holdout,0.325,183
3.5,1.5,135,0.504,-0.6732,-90.89,1h,holdout,0.325,183
3.5,2.0,135,0.504,-0.5986,-80.82,1h,holdout,0.325,183
4.0,0.25,135,0.615,2.1606,291.68,1h,holdout,0.325,183
4.0,0.5,135,0.563,0.8078,109.05,1h,holdout,0.325,183
4.0,0.75,135,0.533,0.6219,83.96,1h,holdout,0.325,183
4.0,1.0,135,0.504,-0.839,-113.26,1h,holdout,0.325,183
4.0,1.5,135,0.489,-0.7558,-102.04,1h,holdout,0.325,183
4.0,2.0,135,0.489,-0.6875,-92.81,1h,holdout,0.325,183
4.5,0.25,135,0.607,1.9624,264.93,1h,holdout,0.325,183
4.5,0.5,135,0.556,0.7292,98.44,1h,holdout,0.325,183
4.5,0.75,135,0.526,0.5374,72.55,1h,holdout,0.325,183
4.5,1.0,135,0.496,-0.867,-117.04,1h,holdout,0.325,183
4.5,1.5,135,0.481,-0.7212,-97.36,1h,holdout,0.325,183
4.5,2.0,135,0.481,-0.6546,-88.37,1h,holdout,0.325,183
5.0,0.25,135,0.6,1.693,228.55,1h,holdout,0.325,183
5.0,0.5,135,0.548,0.6368,85.97,1h,holdout,0.325,183
5.0,0.75,135,0.519,0.4367,58.96,1h,holdout,0.325,183
5.0,1.0,135,0.489,-0.9661,-130.42,1h,holdout,0.325,183
5.0,1.5,135,0.474,-0.9977,-134.7,1h,holdout,0.325,183
5.0,2.0,135,0.474,-0.9854,-133.03,1h,holdout,0.325,183
1.5,0.25,135,0.667,1.6495,222.68,1h,holdout,0.35,183
1.5,0.5,135,0.637,1.7071,230.46,1h,holdout,0.35,183
1.5,0.75,135,0.63,1.7473,235.89,1h,holdout,0.35,183
1.5,1.0,135,0.615,1.7654,238.32,1h,holdout,0.35,183
1.5,1.5,135,0.593,1.7846,240.93,1h,holdout,0.35,183
1.5,2.0,135,0.593,1.7966,242.55,1h,holdout,0.35,183
2.0,0.25,135,0.644,1.9631,265.02,1h,holdout,0.35,183
2.0,0.5,135,0.6,1.0242,138.27,1h,holdout,0.35,183
2.0,0.75,135,0.593,1.0878,146.86,1h,holdout,0.35,183
2.0,1.0,135,0.578,1.1291,152.43,1h,holdout,0.35,183
2.0,1.5,135,0.556,1.1715,158.15,1h,holdout,0.35,183
2.0,2.0,135,0.556,1.193,161.05,1h,holdout,0.35,183
2.5,0.25,135,0.63,1.7274,233.2,1h,holdout,0.35,183
2.5,0.5,135,0.585,0.6251,84.39,1h,holdout,0.35,183
2.5,0.75,135,0.578,0.6561,88.57,1h,holdout,0.35,183
2.5,1.0,135,0.563,0.6861,92.62,1h,holdout,0.35,183
2.5,1.5,135,0.541,0.7144,96.44,1h,holdout,0.35,183
2.5,2.0,135,0.541,0.7276,98.22,1h,holdout,0.35,183
3.0,0.25,135,0.622,1.8834,254.25,1h,holdout,0.35,183
3.0,0.5,135,0.57,0.5507,74.35,1h,holdout,0.35,183
3.0,0.75,135,0.556,0.5593,75.51,1h,holdout,0.35,183
3.0,1.0,135,0.541,0.5747,77.59,1h,holdout,0.35,183
3.0,1.5,135,0.511,0.5867,79.2,1h,holdout,0.35,183
3.0,2.0,135,0.511,0.5938,80.16,1h,holdout,0.35,183
3.5,0.25,135,0.622,2.1668,292.52,1h,holdout,0.35,183
3.5,0.5,135,0.57,0.8225,111.03,1h,holdout,0.35,183
3.5,0.75,135,0.556,0.7723,104.27,1h,holdout,0.35,183
3.5,1.0,135,0.533,-0.6515,-87.96,1h,holdout,0.35,183
3.5,1.5,135,0.504,-0.5528,-74.63,1h,holdout,0.35,183
3.5,2.0,135,0.504,-0.4756,-64.21,1h,holdout,0.35,183
4.0,0.25,135,0.615,2.283,308.2,1h,holdout,0.35,183
4.0,0.5,135,0.563,0.9536,128.73,1h,holdout,0.35,183
4.0,0.75,135,0.541,0.7446,100.52,1h,holdout,0.35,183
4.0,1.0,135,0.519,-0.7181,-96.94,1h,holdout,0.35,183
4.0,1.5,135,0.489,-0.6407,-86.49,1h,holdout,0.35,183
4.0,2.0,135,0.489,-0.5746,-77.57,1h,holdout,0.35,183
4.5,0.25,135,0.607,2.0782,280.55,1h,holdout,0.35,183
4.5,0.5,135,0.556,0.8189,110.55,1h,holdout,0.35,183
4.5,0.75,135,0.533,0.5718,77.19,1h,holdout,0.35,183
4.5,1.0,135,0.511,-0.867,-117.05,1h,holdout,0.35,183
4.5,1.5,135,0.481,-0.75,-101.25,1h,holdout,0.35,183
4.5,2.0,135,0.481,-0.6556,-88.51,1h,holdout,0.35,183
5.0,0.25,135,0.6,1.8117,244.58,1h,holdout,0.35,183
5.0,0.5,135,0.548,0.7279,98.26,1h,holdout,0.35,183
5.0,0.75,135,0.526,0.4708,63.55,1h,holdout,0.35,183
5.0,1.0,135,0.504,-0.969,-130.81,1h,holdout,0.35,183
5.0,1.5,135,0.474,-0.847,-114.35,1h,holdout,0.35,183
5.0,2.0,135,0.474,-0.7481,-100.99,1h,holdout,0.35,183
1.5,0.25,135,0.652,-0.0091,-1.23,1h,holdout,0.375,183
1.5,0.5,135,0.63,0.0432,5.83,1h,holdout,0.375,183
1.5,0.75,135,0.615,0.1133,15.3,1h,holdout,0.375,183
1.5,1.0,135,0.6,0.1643,22.18,1h,holdout,0.375,183
1.5,1.5,135,0.593,0.2305,31.11,1h,holdout,0.375,183
1.5,2.0,135,0.585,0.2741,37.0,1h,holdout,0.375,183
2.0,0.25,135,0.63,0.3728,50.33,1h,holdout,0.375,183
2.0,0.5,135,0.593,-0.4953,-66.87,1h,holdout,0.375,183
2.0,0.75,135,0.578,-0.3809,-51.42,1h,holdout,0.375,183
2.0,1.0,135,0.563,-0.3016,-40.72,1h,holdout,0.375,183
2.0,1.5,135,0.556,-0.2058,-27.78,1h,holdout,0.375,183
2.0,2.0,135,0.548,-0.1482,-20.0,1h,holdout,0.375,183
2.5,0.25,135,0.622,0.768,103.69,1h,holdout,0.375,183
2.5,0.5,135,0.585,-0.3299,-44.54,1h,holdout,0.375,183
2.5,0.75,135,0.57,-0.2769,-37.38,1h,holdout,0.375,183
2.5,1.0,135,0.556,-0.226,-30.51,1h,holdout,0.375,183
2.5,1.5,135,0.548,-0.1651,-22.29,1h,holdout,0.375,183
2.5,2.0,135,0.541,-0.1287,-17.37,1h,holdout,0.375,183
3.0,0.25,135,0.607,0.2881,38.9,1h,holdout,0.375,183
3.0,0.5,135,0.563,-0.9887,-133.48,1h,holdout,0.375,183
3.0,0.75,135,0.541,-0.9148,-123.5,1h,holdout,0.375,183
3.0,1.0,135,0.526,-0.8512,-114.92,1h,holdout,0.375,183
3.0,1.5,135,0.511,-0.774,-104.49,1h,holdout,0.375,183
3.0,2.0,135,0.504,-0.7238,-97.71,1h,holdout,0.375,183
3.5,0.25,135,0.607,0.4538,61.26,1h,holdout,0.375,183
3.5,0.5,135,0.563,-0.8239,-111.23,1h,holdout,0.375,183
3.5,0.75,135,0.541,-0.8632,-116.53,1h,holdout,0.375,183
3.5,1.0,135,0.526,-0.8217,-110.92,1h,holdout,0.375,183
3.5,1.5,135,0.511,-0.7401,-99.91,1h,holdout,0.375,183
3.5,2.0,135,0.504,-0.6759,-91.25,1h,holdout,0.375,183
4.0,0.25,135,0.6,0.6206,83.78,1h,holdout,0.375,183
4.0,0.5,135,0.556,-0.6936,-93.63,1h,holdout,0.375,183
4.0,0.75,135,0.533,-0.8961,-120.97,1h,holdout,0.375,183
4.0,1.0,135,0.511,-0.8976,-121.18,1h,holdout,0.375,183
4.0,1.5,135,0.496,-0.8393,-113.31,1h,holdout,0.375,183
4.0,2.0,135,0.489,-0.7768,-104.87,1h,holdout,0.375,183
4.5,0.25,135,0.6,0.7396,99.84,1h,holdout,0.375,183
4.5,0.5,135,0.556,-0.5401,-72.92,1h,holdout,0.375,183
4.5,0.75,135,0.533,-0.8129,-109.74,1h,holdout,0.375,183
4.5,1.0,135,0.511,-0.8154,-110.08,1h,holdout,0.375,183
4.5,1.5,135,0.496,-0.7536,-101.74,1h,holdout,0.375,183
4.5,2.0,135,0.489,-0.6881,-92.9,1h,holdout,0.375,183
5.0,0.25,135,0.585,0.1992,26.9,1h,holdout,0.375,183
5.0,0.5,135,0.541,-0.8946,-120.78,1h,holdout,0.375,183
5.0,0.75,135,0.519,-1.1646,-157.22,1h,holdout,0.375,183
5.0,1.0,135,0.496,-1.1525,-155.59,1h,holdout,0.375,183
5.0,1.5,135,0.481,-1.059,-142.96,1h,holdout,0.375,183
5.0,2.0,135,0.474,-0.9686,-130.75,1h,holdout,0.375,183
1.5,0.25,133,0.677,-0.0665,-8.84,1h,holdout,0.4,183
1.5,0.5,133,0.639,-0.0484,-6.44,1h,holdout,0.4,183
1.5,0.75,133,0.632,0.0201,2.67,1h,holdout,0.4,183
1.5,1.0,133,0.617,0.0689,9.17,1h,holdout,0.4,183
1.5,1.5,133,0.602,0.1316,17.5,1h,holdout,0.4,183
1.5,2.0,133,0.594,0.1728,22.98,1h,holdout,0.4,183
2.0,0.25,133,0.654,0.3711,49.36,1h,holdout,0.4,183
2.0,0.5,133,0.602,-0.5397,-71.78,1h,holdout,0.4,183
2.0,0.75,133,0.594,-0.4397,-58.47,1h,holdout,0.4,183
2.0,1.0,133,0.579,-0.3686,-49.02,1h,holdout,0.4,183
2.0,1.5,133,0.564,-0.2816,-37.45,1h,holdout,0.4,183
2.0,2.0,133,0.556,-0.2293,-30.49,1h,holdout,0.4,183
2.5,0.25,133,0.647,0.7332,97.52,1h,holdout,0.4,183
2.5,0.5,133,0.594,-0.4119,-54.78,1h,holdout,0.4,183
2.5,0.75,133,0.586,-0.3987,-53.02,1h,holdout,0.4,183
2.5,1.0,133,0.571,-0.3705,-49.28,1h,holdout,0.4,183
2.5,1.5,133,0.556,-0.324,-43.09,1h,holdout,0.4,183
2.5,2.0,133,0.549,-0.2947,-39.2,1h,holdout,0.4,183
3.0,0.25,133,0.632,0.3106,41.3,1h,holdout,0.4,183
3.0,0.5,133,0.571,-0.9591,-127.56,1h,holdout,0.4,183
3.0,0.75,133,0.564,-0.8685,-115.51,1h,holdout,0.4,183
3.0,1.0,133,0.549,-0.7992,-106.29,1h,holdout,0.4,183
3.0,1.5,133,0.534,-0.717,-95.36,1h,holdout,0.4,183
3.0,2.0,133,0.526,-0.6642,-88.34,1h,holdout,0.4,183
3.5,0.25,133,0.632,0.3968,52.77,1h,holdout,0.4,183
3.5,0.5,133,0.571,-0.9118,-121.27,1h,holdout,0.4,183
3.5,0.75,133,0.564,-0.925,-123.03,1h,holdout,0.4,183
3.5,1.0,133,0.549,-0.8955,-119.1,1h,holdout,0.4,183
3.5,1.5,133,0.526,-0.8542,-113.61,1h,holdout,0.4,183
3.5,2.0,133,0.519,-0.8237,-109.55,1h,holdout,0.4,183
4.0,0.25,133,0.624,0.6304,83.85,1h,holdout,0.4,183
4.0,0.5,133,0.564,-0.5689,-75.66,1h,holdout,0.4,183
4.0,0.75,133,0.556,-0.6024,-80.11,1h,holdout,0.4,183
4.0,1.0,133,0.541,-0.5521,-73.42,1h,holdout,0.4,183
4.0,1.5,133,0.519,-0.4499,-59.84,1h,holdout,0.4,183
4.0,2.0,133,0.511,-0.366,-48.67,1h,holdout,0.4,183
4.5,0.25,133,0.624,0.6773,90.08,1h,holdout,0.4,183
4.5,0.5,133,0.564,-0.6121,-81.41,1h,holdout,0.4,183
4.5,0.75,133,0.556,-0.9345,-124.29,1h,holdout,0.4,183
4.5,1.0,133,0.534,-0.9624,-128.0,1h,holdout,0.4,183
4.5,1.5,133,0.511,-0.927,-123.29,1h,holdout,0.4,183
4.5,2.0,133,0.504,-0.8758,-116.49,1h,holdout,0.4,183
5.0,0.25,133,0.617,0.5049,67.16,1h,holdout,0.4,183
5.0,0.5,133,0.556,-0.6069,-80.72,1h,holdout,0.4,183
5.0,0.75,133,0.549,-0.8934,-118.82,1h,holdout,0.4,183
5.0,1.0,133,0.526,-0.8967,-119.26,1h,holdout,0.4,183
5.0,1.5,133,0.504,-0.8221,-109.35,1h,holdout,0.4,183
5.0,2.0,133,0.496,-0.7428,-98.79,1h,holdout,0.4,183
1.5,0.25,131,0.656,-0.6858,-89.84,1h,holdout,0.425,183
1.5,0.5,131,0.634,-0.6929,-90.78,1h,holdout,0.425,183
1.5,0.75,131,0.618,-0.6332,-82.94,1h,holdout,0.425,183
1.5,1.0,131,0.611,-0.5887,-77.12,1h,holdout,0.425,183
1.5,1.5,131,0.588,-0.5315,-69.62,1h,holdout,0.425,183
1.5,2.0,131,0.58,-0.4937,-64.68,1h,holdout,0.425,183
2.0,0.25,131,0.634,-0.1989,-26.06,1h,holdout,0.425,183
2.0,0.5,131,0.603,-0.3325,-43.55,1h,holdout,0.425,183
2.0,0.75,131,0.588,-0.2836,-37.16,1h,holdout,0.425,183
2.0,1.0,131,0.58,-0.2443,-32.0,1h,holdout,0.425,183
2.0,1.5,131,0.557,-0.1954,-25.59,1h,holdout,0.425,183
2.0,2.0,131,0.55,-0.1629,-21.34,1h,holdout,0.425,183
2.5,0.25,131,0.634,0.2679,35.09,1h,holdout,0.425,183
2.5,0.5,131,0.603,-0.0334,-4.38,1h,holdout,0.425,183
2.5,0.75,131,0.588,-0.0333,-4.36,1h,holdout,0.425,183
2.5,1.0,131,0.58,-0.0144,-1.89,1h,holdout,0.425,183
2.5,1.5,131,0.557,0.0186,2.44,1h,holdout,0.425,183
2.5,2.0,131,0.55,0.0396,5.19,1h,holdout,0.425,183
3.0,0.25,131,0.618,0.348,45.58,1h,holdout,0.425,183
3.0,0.5,131,0.588,0.0623,8.16,1h,holdout,0.425,183
3.0,0.75,131,0.573,0.0833,10.91,1h,holdout,0.425,183
3.0,1.0,131,0.565,0.1146,15.01,1h,holdout,0.425,183
3.0,1.5,131,0.542,0.15,19.65,1h,holdout,0.425,183
3.0,2.0,131,0.534,0.1711,22.41,1h,holdout,0.425,183
3.5,0.25,131,0.618,0.5674,74.34,1h,holdout,0.425,183
3.5,0.5,131,0.58,0.0206,2.7,1h,holdout,0.425,183
3.5,0.75,131,0.565,0.0147,1.92,1h,holdout,0.425,183
3.5,1.0,131,0.557,0.0219,2.87,1h,holdout,0.425,183
3.5,1.5,131,0.527,0.039,5.11,1h,holdout,0.425,183
3.5,2.0,131,0.519,0.0554,7.26,1h,holdout,0.425,183
4.0,0.25,131,0.611,0.8273,108.38,1h,holdout,0.425,183
4.0,0.5,131,0.573,0.284,37.2,1h,holdout,0.425,183
4.0,0.75,131,0.557,0.1372,17.98,1h,holdout,0.425,183
4.0,1.0,131,0.55,0.1159,15.18,1h,holdout,0.425,183
4.0,1.5,131,0.519,0.1362,17.84,1h,holdout,0.425,183
4.0,2.0,131,0.511,0.1774,23.24,1h,holdout,0.425,183
4.5,0.25,131,0.611,0.8701,113.98,1h,holdout,0.425,183
4.5,0.5,131,0.573,0.2823,36.98,1h,holdout,0.425,183
4.5,0.75,131,0.557,-0.0178,-2.33,1h,holdout,0.425,183
4.5,1.0,131,0.542,-0.0726,-9.51,1h,holdout,0.425,183
4.5,1.5,131,0.511,-0.0746,-9.78,1h,holdout,0.425,183
4.5,2.0,131,0.504,-0.0426,-5.58,1h,holdout,0.425,183
5.0,0.25,131,0.603,0.6951,91.05,1h,holdout,0.425,183
5.0,0.5,131,0.565,0.3382,44.3,1h,holdout,0.425,183
5.0,0.75,131,0.55,-0.0289,-3.79,1h,holdout,0.425,183
5.0,1.0,131,0.534,-0.0862,-11.3,1h,holdout,0.425,183
5.0,1.5,131,0.504,-0.0835,-10.94,1h,holdout,0.425,183
5.0,2.0,131,0.496,-0.0465,-6.1,1h,holdout,0.425,183
1.5,0.25,130,0.662,-0.4778,-62.11,1h,holdout,0.45,183
1.5,0.5,130,0.646,-0.4925,-64.02,1h,holdout,0.45,183
1.5,0.75,130,0.623,-0.435,-56.54,1h,holdout,0.45,183
1.5,1.0,130,0.623,-0.391,-50.83,1h,holdout,0.45,183
1.5,1.5,130,0.6,-0.3342,-43.44,1h,holdout,0.45,183
1.5,2.0,130,0.592,-0.2966,-38.56,1h,holdout,0.45,183
2.0,0.25,130,0.638,-0.0531,-6.9,1h,holdout,0.45,183
2.0,0.5,130,0.623,-0.0119,-1.55,1h,holdout,0.45,183
2.0,0.75,130,0.6,0.0397,5.16,1h,holdout,0.45,183
2.0,1.0,130,0.6,0.0752,9.77,1h,holdout,0.45,183
2.0,1.5,130,0.577,0.1227,15.95,1h,holdout,0.45,183
2.0,2.0,130,0.569,0.1554,20.2,1h,holdout,0.45,183
2.5,0.25,130,0.638,0.2767,35.98,1h,holdout,0.45,183
2.5,0.5,130,0.615,0.0457,5.94,1h,holdout,0.45,183
2.5,0.75,130,0.592,0.0846,11.0,1h,holdout,0.45,183
2.5,1.0,130,0.592,0.1118,14.53,1h,holdout,0.45,183
2.5,1.5,130,0.569,0.1519,19.75,1h,holdout,0.45,183
2.5,2.0,130,0.562,0.1782,23.17,1h,holdout,0.45,183
3.0,0.25,130,0.623,0.3462,45.01,1h,holdout,0.45,183
3.0,0.5,130,0.6,0.1542,20.05,1h,holdout,0.45,183
3.0,0.75,130,0.577,0.1884,24.49,1h,holdout,0.45,183
3.0,1.0,130,0.577,0.2274,29.56,1h,holdout,0.45,183
3.0,1.5,130,0.554,0.2718,35.34,1h,holdout,0.45,183
3.0,2.0,130,0.546,0.2981,38.76,1h,holdout,0.45,183
3.5,0.25,130,0.623,0.6471,84.12,1h,holdout,0.45,183
3.5,0.5,130,0.592,0.2042,26.54,1h,holdout,0.45,183
3.5,0.75,130,0.569,0.2064,26.83,1h,holdout,0.45,183
3.5,1.0,130,0.569,0.2249,29.24,1h,holdout,0.45,183
3.5,1.5,130,0.538,0.257,33.41,1h,holdout,0.45,183
3.5,2.0,130,0.531,0.2829,36.78,1h,holdout,0.45,183
4.0,0.25,130,0.623,0.9379,121.93,1h,holdout,0.45,183
4.0,0.5,130,0.592,0.4516,58.71,1h,holdout,0.45,183
4.0,0.75,130,0.569,0.3157,41.04,1h,holdout,0.45,183
4.0,1.0,130,0.569,0.3023,39.3,1h,holdout,0.45,183
4.0,1.5,130,0.538,0.3296,42.85,1h,holdout,0.45,183
4.0,2.0,130,0.531,0.3653,47.48,1h,holdout,0.45,183
4.5,0.25,130,0.615,0.9875,128.38,1h,holdout,0.45,183
4.5,0.5,130,0.585,0.5157,67.04,1h,holdout,0.45,183
4.5,0.75,130,0.562,0.2294,29.82,1h,holdout,0.45,183
4.5,1.0,130,0.554,0.1822,23.68,1h,holdout,0.45,183
4.5,1.5,130,0.523,0.1892,24.59,1h,holdout,0.45,183
4.5,2.0,130,0.515,0.2267,29.47,1h,holdout,0.45,183
5.0,0.25,130,0.608,0.8008,104.11,1h,holdout,0.45,183
5.0,0.5,130,0.577,0.5297,68.86,1h,holdout,0.45,183
5.0,0.75,130,0.554,0.1708,22.21,1h,holdout,0.45,183
5.0,1.0,130,0.546,0.1186,15.42,1h,holdout,0.45,183
5.0,1.5,130,0.515,0.1282,16.67,1h,holdout,0.45,183
5.0,2.0,130,0.508,0.1695,22.03,1h,holdout,0.45,183
1.5,0.25,130,0.662,-0.3335,-43.35,1h,holdout,0.475,183
1.5,0.5,130,0.646,-0.3511,-45.65,1h,holdout,0.475,183
1.5,0.75,130,0.631,-0.2932,-38.12,1h,holdout,0.475,183
1.5,1.0,130,0.631,-0.2484,-32.29,1h,holdout,0.475,183
1.5,1.5,130,0.615,-0.1906,-24.78,1h,holdout,0.475,183
1.5,2.0,130,0.592,-0.1526,-19.83,1h,holdout,0.475,183
2.0,0.25,130,0.638,0.0047,0.61,1h,holdout,0.475,183
2.0,0.5,130,0.623,0.0677,8.8,1h,holdout,0.475,183
2.0,0.75,130,0.608,0.1277,16.6,1h,holdout,0.475,183
2.0,1.0,130,0.608,0.1684,21.9,1h,holdout,0.475,183
2.0,1.5,130,0.592,0.2219,28.85,1h,holdout,0.475,183
2.0,2.0,130,0.569,0.2579,33.52,1h,holdout,0.475,183
2.5,0.25,130,0.631,0.2794,36.32,1h,holdout,0.475,183
2.5,0.5,130,0.608,0.0,0.0,1h,holdout,0.475,183
2.5,0.75,130,0.592,0.0241,3.13,1h,holdout,0.475,183
2.5,1.0,130,0.592,0.0561,7.29,1h,holdout,0.475,183
2.5,1.5,130,0.577,0.1027,13.36,1h,holdout,0.475,183
2.5,2.0,130,0.554,0.1328,17.26,1h,holdout,0.475,183
3.0,0.25,130,0.615,0.2635,34.25,1h,holdout,0.475,183
3.0,0.5,130,0.592,0.082,10.66,1h,holdout,0.475,183
3.0,0.75,130,0.577,0.1204,15.65,1h,holdout,0.475,183
3.0,1.0,130,0.577,0.1625,21.12,1h,holdout,0.475,183
3.0,1.5,130,0.562,0.2109,27.42,1h,holdout,0.475,183
3.0,2.0,130,0.538,0.2395,31.14,1h,holdout,0.475,183
3.5,0.25,130,0.615,0.6407,83.29,1h,holdout,0.475,183
3.5,0.5,130,0.585,0.2154,28.01,1h,holdout,0.475,183
3.5,0.75,130,0.569,0.2306,29.98,1h,holdout,0.475,183
3.5,1.0,130,0.569,0.2574,33.46,1h,holdout,0.475,183
3.5,1.5,130,0.546,0.2987,38.83,1h,holdout,0.475,183
3.5,2.0,130,0.523,0.3302,42.92,1h,holdout,0.475,183
4.0,0.25,130,0.615,0.9374,121.87,1h,holdout,0.475,183
4.0,0.5,130,0.585,0.4704,61.16,1h,holdout,0.475,183
4.0,0.75,130,0.569,0.3852,50.07,1h,holdout,0.475,183
4.0,1.0,130,0.569,0.3914,50.88,1h,holdout,0.475,183
4.0,1.5,130,0.546,0.4388,57.04,1h,holdout,0.475,183
4.0,2.0,130,0.523,0.4873,63.35,1h,holdout,0.475,183
4.5,0.25,130,0.608,1.0121,131.57,1h,holdout,0.475,183
4.5,0.5,130,0.577,0.5193,67.51,1h,holdout,0.475,183
4.5,0.75,130,0.562,0.3798,49.38,1h,holdout,0.475,183
4.5,1.0,130,0.554,0.3737,48.59,1h,holdout,0.475,183
4.5,1.5,130,0.531,0.4146,53.9,1h,holdout,0.475,183
4.5,2.0,130,0.508,0.4682,60.87,1h,holdout,0.475,183
5.0,0.25,130,0.6,0.8145,105.88,1h,holdout,0.475,183
5.0,0.5,130,0.569,0.556,72.28,1h,holdout,0.475,183
5.0,0.75,130,0.554,0.202,26.26,1h,holdout,0.475,183
5.0,1.0,130,0.546,0.151,19.63,1h,holdout,0.475,183
5.0,1.5,130,0.523,0.1623,21.09,1h,holdout,0.475,183
5.0,2.0,130,0.5,0.2045,26.59,1h,holdout,0.475,183
1.5,0.25,129,0.674,-0.3179,-41.01,1h,holdout,0.5,183
1.5,0.5,129,0.651,-0.3944,-50.88,1h,holdout,0.5,183
1.5,0.75,129,0.643,-0.3737,-48.21,1h,holdout,0.5,183
1.5,1.0,129,0.636,-0.3532,-45.57,1h,holdout,0.5,183
1.5,1.5,129,0.62,-0.3266,-42.13,1h,holdout,0.5,183
1.5,2.0,129,0.62,-0.3083,-39.77,1h,holdout,0.5,183
2.0,0.25,129,0.651,0.0981,12.66,1h,holdout,0.5,183
2.0,0.5,129,0.628,0.1617,20.86,1h,holdout,0.5,183
2.0,0.75,129,0.62,0.2274,29.33,1h,holdout,0.5,183
2.0,1.0,129,0.612,0.2718,35.06,1h,holdout,0.5,183
2.0,1.5,129,0.597,0.3294,42.49,1h,holdout,0.5,183
2.0,2.0,129,0.597,0.3677,47.44,1h,holdout,0.5,183
2.5,0.25,129,0.636,0.4145,53.48,1h,holdout,0.5,183
2.5,0.5,129,0.612,0.1306,16.85,1h,holdout,0.5,183
2.5,0.75,129,0.605,0.1526,19.68,1h,holdout,0.5,183
2.5,1.0,129,0.597,0.1796,23.17,1h,holdout,0.5,183
2.5,1.5,129,0.581,0.2164,27.92,1h,holdout,0.5,183
2.5,2.0,129,0.581,0.2421,31.23,1h,holdout,0.5,183
3.0,0.25,129,0.628,0.5648,72.86,1h,holdout,0.5,183
3.0,0.5,129,0.605,0.3432,44.28,1h,holdout,0.5,183
3.0,0.75,129,0.597,0.3488,45.0,1h,holdout,0.5,183
3.0,1.0,129,0.589,0.3709,47.85,1h,holdout,0.5,183
3.0,1.5,129,0.574,0.4089,52.75,1h,holdout,0.5,183
3.0,2.0,129,0.574,0.4331,55.87,1h,holdout,0.5,183
3.5,0.25,129,0.62,0.8048,103.81,1h,holdout,0.5,183
3.5,0.5,129,0.589,0.3801,49.03,1h,holdout,0.5,183
3.5,0.75,129,0.581,0.3936,50.78,1h,holdout,0.5,183
3.5,1.0,129,0.574,0.4204,54.23,1h,holdout,0.5,183
3.5,1.5,129,0.558,0.4521,58.32,1h,holdout,0.5,183
3.5,2.0,129,0.55,0.4716,60.84,1h,holdout,0.5,183
4.0,0.25,129,0.62,1.0343,133.43,1h,holdout,0.5,183
4.0,0.5,129,0.589,0.6389,82.42,1h,holdout,0.5,183
4.0,0.75,129,0.581,0.6547,84.45,1h,holdout,0.5,183
4.0,1.0,129,0.574,0.6768,87.3,1h,holdout,0.5,183
4.0,1.5,129,0.558,0.7115,91.78,1h,holdout,0.5,183
4.0,2.0,129,0.55,0.739,95.33,1h,holdout,0.5,183
4.5,0.25,129,0.612,1.1553,149.03,1h,holdout,0.5,183
4.5,0.5,129,0.581,0.6819,87.96,1h,holdout,0.5,183
4.5,0.75,129,0.574,0.5168,66.66,1h,holdout,0.5,183
4.5,1.0,129,0.558,0.4869,62.8,1h,holdout,0.5,183
4.5,1.5,129,0.543,0.4986,64.32,1h,holdout,0.5,183
4.5,2.0,129,0.535,0.5267,67.95,1h,holdout,0.5,183
5.0,0.25,129,0.605,0.9787,126.25,1h,holdout,0.5,183
5.0,0.5,129,0.574,0.678,87.46,1h,holdout,0.5,183
5.0,0.75,129,0.566,0.2604,33.6,1h,holdout,0.5,183
5.0,1.0,129,0.55,0.1751,22.58,1h,holdout,0.5,183
5.0,1.5,129,0.535,0.1516,19.56,1h,holdout,0.5,183
5.0,2.0,129,0.527,0.1753,22.61,1h,holdout,0.5,183
1.5,0.25,129,0.659,-0.5417,-69.88,1h,holdout,0.525,183
1.5,0.5,129,0.643,-0.5909,-76.22,1h,holdout,0.525,183
1.5,0.75,129,0.636,-0.5756,-74.25,1h,holdout,0.525,183
1.5,1.0,129,0.636,-0.5561,-71.74,1h,holdout,0.525,183
1.5,1.5,129,0.628,-0.5238,-67.57,1h,holdout,0.525,183
1.5,2.0,129,0.612,-0.5004,-64.55,1h,holdout,0.525,183
2.0,0.25,129,0.651,0.078,10.07,1h,holdout,0.525,183
2.0,0.5,129,0.636,0.0586,7.56,1h,holdout,0.525,183
2.0,0.75,129,0.628,0.0929,11.98,1h,holdout,0.525,183
2.0,1.0,129,0.628,0.1271,16.4,1h,holdout,0.525,183
2.0,1.5,129,0.62,0.1737,22.41,1h,holdout,0.525,183
2.0,2.0,129,0.605,0.2054,26.5,1h,holdout,0.525,183
2.5,0.25,129,0.628,0.5002,64.52,1h,holdout,0.525,183
2.5,0.5,129,0.612,0.2343,30.22,1h,holdout,0.525,183
2.5,0.75,129,0.605,0.2597,33.5,1h,holdout,0.525,183
2.5,1.0,129,0.605,0.2834,36.56,1h,holdout,0.525,183
2.5,1.5,129,0.597,0.3183,41.06,1h,holdout,0.525,183
2.5,2.0,129,0.581,0.3438,44.35,1h,holdout,0.525,183
3.0,0.25,129,0.62,0.6428,82.92,1h,holdout,0.525,183
3.0,0.5,129,0.605,0.4724,60.94,1h,holdout,0.525,183
3.0,0.75,129,0.597,0.4783,61.7,1h,holdout,0.525,183
3.0,1.0,129,0.597,0.4929,63.58,1h,holdout,0.525,183
3.0,1.5,129,0.589,0.5206,67.16,1h,holdout,0.525,183
3.0,2.0,129,0.574,0.5398,69.63,1h,holdout,0.525,183
3.5,0.25,129,0.612,0.8346,107.67,1h,holdout,0.525,183
3.5,0.5,129,0.597,0.623,80.37,1h,holdout,0.525,183
3.5,0.75,129,0.589,0.6247,80.58,1h,holdout,0.525,183
3.5,1.0,129,0.589,0.6521,84.12,1h,holdout,0.525,183
3.5,1.5,129,0.581,0.6863,88.54,1h,holdout,0.525,183
3.5,2.0,129,0.558,0.7076,91.28,1h,holdout,0.525,183
4.0,0.25,129,0.612,1.0912,140.76,1h,holdout,0.525,183
4.0,0.5,129,0.589,0.6684,86.22,1h,holdout,0.525,183
4.0,0.75,129,0.581,0.6737,86.91,1h,holdout,0.525,183
4.0,1.0,129,0.581,0.6891,88.89,1h,holdout,0.525,183
4.0,1.5,129,0.574,0.715,92.24,1h,holdout,0.525,183
4.0,2.0,129,0.55,0.7372,95.11,1h,holdout,0.525,183
4.5,0.25,129,0.605,1.1619,149.88,1h,holdout,0.525,183
4.5,0.5,129,0.581,0.7453,96.15,1h,holdout,0.525,183
4.5,0.75,129,0.574,0.6089,78.54,1h,holdout,0.525,183
4.5,1.0,129,0.574,0.5986,77.22,1h,holdout,0.525,183
4.5,1.5,129,0.566,0.6305,81.33,1h,holdout,0.525,183
4.5,2.0,129,0.543,0.6713,86.6,1h,holdout,0.525,183
5.0,0.25,129,0.597,0.9746,125.73,1h,holdout,0.525,183
5.0,0.5,129,0.574,0.5578,71.95,1h,holdout,0.525,183
5.0,0.75,129,0.566,0.426,54.96,1h,holdout,0.525,183
5.0,1.0,129,0.558,0.4272,55.1,1h,holdout,0.525,183
5.0,1.5,129,0.55,0.4771,61.55,1h,holdout,0.525,183
5.0,2.0,129,0.527,0.5364,69.2,1h,holdout,0.525,183
1.5,0.25,129,0.682,-0.3279,-42.3,1h,holdout,0.55,183
1.5,0.5,129,0.651,-0.3608,-46.54,1h,holdout,0.55,183
1.5,0.75,129,0.651,-0.3384,-43.66,1h,holdout,0.55,183
1.5,1.0,129,0.643,-0.3149,-40.62,1h,holdout,0.55,183
1.5,1.5,129,0.636,-0.2778,-35.83,1h,holdout,0.55,183
1.5,2.0,129,0.62,-0.2515,-32.45,1h,holdout,0.55,183
2.0,0.25,129,0.659,0.2249,29.01,1h,holdout,0.55,183
2.0,0.5,129,0.636,0.2723,35.13,1h,holdout,0.55,183
2.0,0.75,129,0.636,0.3589,46.29,1h,holdout,0.55,183
2.0,1.0,129,0.628,0.4227,54.52,1h,holdout,0.55,183
2.0,1.5,129,0.62,0.5035,64.96,1h,holdout,0.55,183
2.0,2.0,129,0.605,0.5555,71.66,1h,holdout,0.55,183
2.5,0.25,129,0.643,0.6002,77.43,1h,holdout,0.55,183
2.5,0.5,129,0.612,0.3207,41.37,1h,holdout,0.55,183
2.5,0.75,129,0.612,0.3377,43.57,1h,holdout,0.55,183
2.5,1.0,129,0.605,0.3642,46.98,1h,holdout,0.55,183
2.5,1.5,129,0.597,0.4038,52.09,1h,holdout,0.55,183
2.5,2.0,129,0.581,0.4323,55.76,1h,holdout,0.55,183
3.0,0.25,129,0.636,0.6994,90.23,1h,holdout,0.55,183
3.0,0.5,129,0.612,0.4317,55.68,1h,holdout,0.55,183
3.0,0.75,129,0.612,0.4442,57.3,1h,holdout,0.55,183
3.0,1.0,129,0.605,0.4759,61.39,1h,holdout,0.55,183
3.0,1.5,129,0.597,0.525,67.72,1h,holdout,0.55,183
3.0,2.0,129,0.581,0.5568,71.83,1h,holdout,0.55,183
3.5,0.25,129,0.62,0.9089,117.25,1h,holdout,0.55,183
3.5,0.5,129,0.597,0.7087,91.43,1h,holdout,0.55,183
3.5,0.75,129,0.597,0.7274,93.84,1h,holdout,0.55,183
3.5,1.0,129,0.589,0.7585,97.85,1h,holdout,0.55,183
3.5,1.5,129,0.581,0.8046,103.8,1h,holdout,0.55,183
3.5,2.0,129,0.558,0.8334,107.51,1h,holdout,0.55,183
4.0,0.25,129,0.62,1.1622,149.92,1h,holdout,0.55,183
4.0,0.5,129,0.589,0.711,91.72,1h,holdout,0.55,183
4.0,0.75,129,0.589,0.7058,91.04,1h,holdout,0.55,183
4.0,1.0,129,0.581,0.7211,93.03,1h,holdout,0.55,183
4.0,1.5,129,0.574,0.7584,97.84,1h,holdout,0.55,183
4.0,2.0,129,0.55,0.7891,101.79,1h,holdout,0.55,183
4.5,0.25,129,0.612,1.2456,160.69,1h,holdout,0.55,183
4.5,0.5,129,0.581,0.8224,106.08,1h,holdout,0.55,183
4.5,0.75,129,0.581,0.7261,93.66,1h,holdout,0.55,183
4.5,1.0,129,0.574,0.7122,91.87,1h,holdout,0.55,183
4.5,1.5,129,0.566,0.7203,92.92,1h,holdout,0.55,183
4.5,2.0,129,0.543,0.7355,94.88,1h,holdout,0.55,183
5.0,0.25,129,0.605,1.0791,139.21,1h,holdout,0.55,183
5.0,0.5,129,0.574,0.6052,78.07,1h,holdout,0.55,183
5.0,0.75,129,0.574,0.4204,54.23,1h,holdout,0.55,183
5.0,1.0,129,0.558,0.3861,49.81,1h,holdout,0.55,183
5.0,1.5,129,0.55,0.3957,51.05,1h,holdout,0.55,183
5.0,2.0,129,0.527,0.4243,54.73,1h,holdout,0.55,183
1.5,0.25,127,0.701,0.5887,74.76,1h,holdout,0.575,183
1.5,0.5,127,0.677,0.5367,68.16,1h,holdout,0.575,183
1.5,0.75,127,0.669,0.5421,68.85,1h,holdout,0.575,183
1.5,1.0,127,0.661,0.5537,70.32,1h,holdout,0.575,183
1.5,1.5,127,0.661,0.5754,73.07,1h,holdout,0.575,183
1.5,2.0,127,0.646,0.5921,75.2,1h,holdout,0.575,183
2.0,0.25,127,0.677,1.0804,137.22,1h,holdout,0.575,183
2.0,0.5,127,0.654,1.0885,138.24,1h,holdout,0.575,183
2.0,0.75,127,0.646,1.1518,146.28,1h,holdout,0.575,183
2.0,1.0,127,0.638,1.2007,152.49,1h,holdout,0.575,183
2.0,1.5,127,0.638,1.2628,160.38,1h,holdout,0.575,183
2.0,2.0,127,0.622,1.3031,165.49,1h,holdout,0.575,183
2.5,0.25,127,0.654,1.321,167.77,1h,holdout,0.575,183
2.5,0.5,127,0.63,1.1621,147.59,1h,holdout,0.575,183
2.5,0.75,127,0.622,1.1662,148.11,1h,holdout,0.575,183
2.5,1.0,127,0.614,1.1828,150.22,1h,holdout,0.575,183
2.5,1.5,127,0.614,1.2088,153.52,1h,holdout,0.575,183
2.5,2.0,127,0.598,1.2285,156.02,1h,holdout,0.575,183
3.0,0.25,127,0.646,1.4753,187.36,1h,holdout,0.575,183
3.0,0.5,127,0.614,1.1122,141.24,1h,holdout,0.575,183
3.0,0.75,127,0.614,1.0973,139.36,1h,holdout,0.575,183
3.0,1.0,127,0.606,1.1083,140.76,1h,holdout,0.575,183
3.0,1.5,127,0.606,1.127,143.13,1h,holdout,0.575,183
3.0,2.0,127,0.591,1.1415,144.98,1h,holdout,0.575,183
3.5,0.25,127,0.63,1.6051,203.84,1h,holdout,0.575,183
3.5,0.5,127,0.598,1.3068,165.96,1h,holdout,0.575,183
3.5,0.75,127,0.598,1.284,163.06,1h,holdout,0.575,183
3.5,1.0,127,0.591,1.293,164.21,1h,holdout,0.575,183
3.5,1.5,127,0.591,1.3105,166.43,1h,holdout,0.575,183
3.5,2.0,127,0.575,1.3221,167.91,1h,holdout,0.575,183
4.0,0.25,127,0.63,1.9597,248.88,1h,holdout,0.575,183
4.0,0.5,127,0.591,1.4339,182.1,1h,holdout,0.575,183
4.0,0.75,127,0.591,1.4129,179.44,1h,holdout,0.575,183
4.0,1.0,127,0.583,1.4127,179.42,1h,holdout,0.575,183
4.0,1.5,127,0.583,1.421,180.47,1h,holdout,0.575,183
4.0,2.0,127,0.567,1.4272,181.26,1h,holdout,0.575,183
4.5,0.25,127,0.622,2.0032,254.41,1h,holdout,0.575,183
4.5,0.5,127,0.583,1.5221,193.31,1h,holdout,0.575,183
4.5,0.75,127,0.583,1.5077,191.48,1h,holdout,0.575,183
4.5,1.0,127,0.575,1.5055,191.19,1h,holdout,0.575,183
4.5,1.5,127,0.575,1.5187,192.87,1h,holdout,0.575,183
4.5,2.0,127,0.559,1.5345,194.88,1h,holdout,0.575,183
5.0,0.25,127,0.614,1.8412,233.83,1h,holdout,0.575,183
5.0,0.5,127,0.575,1.3447,170.77,1h,holdout,0.575,183
5.0,0.75,127,0.575,1.1629,147.69,1h,holdout,0.575,183
5.0,1.0,127,0.559,1.1226,142.57,1h,holdout,0.575,183
5.0,1.5,127,0.559,1.1221,142.51,1h,holdout,0.575,183
5.0,2.0,127,0.543,1.1455,145.48,1h,holdout,0.575,183
1.5,0.25,127,0.693,0.6775,86.05,1h,holdout,0.6,183
1.5,0.5,127,0.677,0.6585,83.63,1h,holdout,0.6,183
1.5,0.75,127,0.661,0.6774,86.03,1h,holdout,0.6,183
1.5,1.0,127,0.654,0.6968,88.49,1h,holdout,0.6,183
1.5,1.5,127,0.654,0.7276,92.4,1h,holdout,0.6,183
1.5,2.0,127,0.654,0.7498,95.22,1h,holdout,0.6,183
2.0,0.25,127,0.669,1.0789,137.02,1h,holdout,0.6,183
2.0,0.5,127,0.654,1.048,133.1,1h,holdout,0.6,183
2.0,0.75,127,0.638,1.0822,137.44,1h,holdout,0.6,183
2.0,1.0,127,0.63,1.1111,141.11,1h,holdout,0.6,183
2.0,1.5,127,0.63,1.1469,145.66,1h,holdout,0.6,183
2.0,2.0,127,0.63,1.1702,148.62,1h,holdout,0.6,183
2.5,0.25,127,0.646,1.3357,169.64,1h,holdout,0.6,183
2.5,0.5,127,0.63,1.3559,172.2,1h,holdout,0.6,183
2.5,0.75,127,0.614,1.4021,178.06,1h,holdout,0.6,183
2.5,1.0,127,0.606,1.4411,183.02,1h,holdout,0.6,183
2.5,1.5,127,0.606,1.4922,189.51,1h,holdout,0.6,183
2.5,2.0,127,0.606,1.5262,193.83,1h,holdout,0.6,183
3.0,0.25,127,0.638,1.5229,193.41,1h,holdout,0.6,183
3.0,0.5,127,0.614,1.2122,153.94,1h,holdout,0.6,183
3.0,0.75,127,0.606,1.2212,155.1,1h,holdout,0.6,183
3.0,1.0,127,0.598,1.2411,157.63,1h,holdout,0.6,183
3.0,1.5,127,0.598,1.2714,161.46,1h,holdout,0.6,183
3.0,2.0,127,0.598,1.2937,164.3,1h,holdout,0.6,183
3.5,0.25,127,0.622,1.5414,195.76,1h,holdout,0.6,183
3.5,0.5,127,0.598,1.2319,156.46,1h,holdout,0.6,183
3.5,0.75,127,0.591,1.2049,153.03,1h,holdout,0.6,183
3.5,1.0,127,0.583,1.2152,154.33,1h,holdout,0.6,183
3.5,1.5,127,0.583,1.2403,157.52,1h,holdout,0.6,183
3.5,2.0,127,0.583,1.2582,159.79,1h,holdout,0.6,183
4.0,0.25,127,0.622,1.7821,226.33,1h,holdout,0.6,183
4.0,0.5,127,0.598,1.4467,183.73,1h,holdout,0.6,183
4.0,0.75,127,0.591,1.4175,180.03,1h,holdout,0.6,183
4.0,1.0,127,0.583,1.4238,180.82,1h,holdout,0.6,183
4.0,1.5,127,0.583,1.4468,183.75,1h,holdout,0.6,183
4.0,2.0,127,0.583,1.4638,185.9,1h,holdout,0.6,183
4.5,0.25,127,0.614,1.9555,248.35,1h,holdout,0.6,183
4.5,0.5,127,0.583,1.4857,188.68,1h,holdout,0.6,183
4.5,0.75,127,0.575,1.4942,189.77,1h,holdout,0.6,183
4.5,1.0,127,0.567,1.5104,191.82,1h,holdout,0.6,183
4.5,1.5,127,0.567,1.5424,195.88,1h,holdout,0.6,183
4.5,2.0,127,0.567,1.5641,198.63,1h,holdout,0.6,183
5.0,0.25,127,0.598,1.4923,189.52,1h,holdout,0.6,183
5.0,0.5,127,0.567,1.0436,132.53,1h,holdout,0.6,183
5.0,0.75,127,0.559,0.9381,119.14,1h,holdout,0.6,183
5.0,1.0,127,0.551,0.9187,116.68,1h,holdout,0.6,183
5.0,1.5,127,0.551,0.9237,117.31,1h,holdout,0.6,183
5.0,2.0,127,0.551,0.9384,119.17,1h,holdout,0.6,183
1.5,0.25,127,0.693,0.6552,83.21,1h,holdout,0.625,183
1.5,0.5,127,0.677,0.655,83.18,1h,holdout,0.625,183
1.5,0.75,127,0.677,0.6811,86.49,1h,holdout,0.625,183
1.5,1.0,127,0.661,0.7045,89.47,1h,holdout,0.625,183
1.5,1.5,127,0.654,0.7397,93.94,1h,holdout,0.625,183
1.5,2.0,127,0.654,0.7643,97.07,1h,holdout,0.625,183
2.0,0.25,127,0.661,0.9707,123.29,1h,holdout,0.625,183
2.0,0.5,127,0.646,0.9529,121.02,1h,holdout,0.625,183
2.0,0.75,127,0.646,0.9398,119.36,1h,holdout,0.625,183
2.0,1.0,127,0.63,0.906,115.07,1h,holdout,0.625,183
2.0,1.5,127,0.622,0.8927,113.38,1h,holdout,0.625,183
2.0,2.0,127,0.622,0.8921,113.29,1h,holdout,0.625,183
2.5,0.25,127,0.646,1.4233,180.75,1h,holdout,0.625,183
2.5,0.5,127,0.63,1.4853,188.64,1h,holdout,0.625,183
2.5,0.75,127,0.63,1.5257,193.77,1h,holdout,0.625,183
2.5,1.0,127,0.614,1.5291,194.2,1h,holdout,0.625,183
2.5,1.5,127,0.606,1.5577,197.83,1h,holdout,0.625,183
2.5,2.0,127,0.606,1.5821,200.92,1h,holdout,0.625,183
3.0,0.25,127,0.638,1.6531,209.94,1h,holdout,0.625,183
3.0,0.5,127,0.614,1.4045,178.38,1h,holdout,0.625,183
3.0,0.75,127,0.614,1.4033,178.21,1h,holdout,0.625,183
3.0,1.0,127,0.606,1.3829,175.62,1h,holdout,0.625,183
3.0,1.5,127,0.598,1.3844,175.82,1h,holdout,0.625,183
3.0,2.0,127,0.598,1.3933,176.94,1h,holdout,0.625,183
3.5,0.25,127,0.638,1.8609,236.33,1h,holdout,0.625,183
3.5,0.5,127,0.614,1.6169,205.35,1h,holdout,0.625,183
3.5,0.75,127,0.614,1.6119,204.71,1h,holdout,0.625,183
3.5,1.0,127,0.606,1.5936,202.39,1h,holdout,0.625,183
3.5,1.5,127,0.598,1.5973,202.85,1h,holdout,0.625,183
3.5,2.0,127,0.598,1.6064,204.01,1h,holdout,0.625,183
4.0,0.25,127,0.622,1.9104,242.62,1h,holdout,0.625,183
4.0,0.5,127,0.598,1.6382,208.05,1h,holdout,0.625,183
4.0,0.75,127,0.598,1.5985,203.02,1h,holdout,0.625,183
4.0,1.0,127,0.591,1.5639,198.61,1h,holdout,0.625,183
4.0,1.5,127,0.583,1.5527,197.19,1h,holdout,0.625,183
4.0,2.0,127,0.583,1.5523,197.14,1h,holdout,0.625,183
4.5,0.25,127,0.622,2.0543,260.9,1h,holdout,0.625,183
4.5,0.5,127,0.591,1.5397,195.54,1h,holdout,0.625,183
4.5,0.75,127,0.591,1.5065,191.33,1h,holdout,0.625,183
4.5,1.0,127,0.583,1.4705,186.75,1h,holdout,0.625,183
4.5,1.5,127,0.575,1.4623,185.71,1h,holdout,0.625,183
4.5,2.0,127,0.575,1.4645,185.99,1h,holdout,0.625,183
5.0,0.25,127,0.606,1.9048,241.91,1h,holdout,0.625,183
5.0,0.5,127,0.575,1.4589,185.28,1h,holdout,0.625,183
5.0,0.75,127,0.575,1.4332,182.02,1h,holdout,0.625,183
5.0,1.0,127,0.567,1.3943,177.07,1h,holdout,0.625,183
5.0,1.5,127,0.559,1.3882,176.3,1h,holdout,0.625,183
5.0,2.0,127,0.559,1.3979,177.53,1h,holdout,0.625,183
1.5,0.25,125,0.712,0.8153,101.91,1h,holdout,0.65,183
1.5,0.5,125,0.68,0.8224,102.8,1h,holdout,0.65,183
1.5,0.75,125,0.68,0.8518,106.48,1h,holdout,0.65,183
1.5,1.0,125,0.68,0.8772,109.65,1h,holdout,0.65,183
1.5,1.5,125,0.664,0.9149,114.36,1h,holdout,0.65,183
1.5,2.0,125,0.656,0.941,117.62,1h,holdout,0.65,183
2.0,0.25,125,0.688,1.0258,128.23,1h,holdout,0.65,183
2.0,0.5,125,0.656,0.9786,122.33,1h,holdout,0.65,183
2.0,0.75,125,0.656,0.9871,123.38,1h,holdout,0.65,183
2.0,1.0,125,0.656,1.0004,125.06,1h,holdout,0.65,183
2.0,1.5,125,0.64,1.0239,127.99,1h,holdout,0.65,183
2.0,2.0,125,0.632,1.0415,130.19,1h,holdout,0.65,183
2.5,0.25,125,0.664,1.3257,165.72,1h,holdout,0.65,183
2.5,0.5,125,0.632,1.4114,176.43,1h,holdout,0.65,183
2.5,0.75,125,0.632,1.4752,184.4,1h,holdout,0.65,183
2.5,1.0,125,0.632,1.4908,186.35,1h,holdout,0.65,183
2.5,1.5,125,0.616,1.5336,191.7,1h,holdout,0.65,183
2.5,2.0,125,0.608,1.5663,195.79,1h,holdout,0.65,183
3.0,0.25,125,0.656,1.7854,223.17,1h,holdout,0.65,183
3.0,0.5,125,0.616,1.5457,193.21,1h,holdout,0.65,183
3.0,0.75,125,0.616,1.5486,193.57,1h,holdout,0.65,183
3.0,1.0,125,0.616,1.5303,191.29,1h,holdout,0.65,183
3.0,1.5,125,0.608,1.5349,191.86,1h,holdout,0.65,183
3.0,2.0,125,0.6,1.5456,193.2,1h,holdout,0.65,183
3.5,0.25,125,0.656,2.0112,251.39,1h,holdout,0.65,183
3.5,0.5,125,0.616,1.7575,219.68,1h,holdout,0.65,183
3.5,0.75,125,0.616,1.7568,219.6,1h,holdout,0.65,183
3.5,1.0,125,0.616,1.7367,217.09,1h,holdout,0.65,183
3.5,1.5,125,0.608,1.7395,217.44,1h,holdout,0.65,183
3.5,2.0,125,0.6,1.7493,218.67,1h,holdout,0.65,183
4.0,0.25,125,0.648,2.0367,254.59,1h,holdout,0.65,183
4.0,0.5,125,0.608,1.8106,226.32,1h,holdout,0.65,183
4.0,0.75,125,0.608,1.782,222.75,1h,holdout,0.65,183
4.0,1.0,125,0.608,1.7562,219.52,1h,holdout,0.65,183
4.0,1.5,125,0.6,1.7589,219.86,1h,holdout,0.65,183
4.0,2.0,125,0.592,1.7675,220.94,1h,holdout,0.65,183
4.5,0.25,125,0.648,2.2624,282.8,1h,holdout,0.65,183
4.5,0.5,125,0.6,1.7925,224.07,1h,holdout,0.65,183
4.5,0.75,125,0.6,1.7635,220.44,1h,holdout,0.65,183
4.5,1.0,125,0.6,1.7291,216.13,1h,holdout,0.65,183
4.5,1.5,125,0.592,1.7233,215.42,1h,holdout,0.65,183
4.5,2.0,125,0.584,1.7272,215.9,1h,holdout,0.65,183
5.0,0.25,125,0.632,2.124,265.51,1h,holdout,0.65,183
5.0,0.5,125,0.584,1.7101,213.77,1h,holdout,0.65,183
5.0,0.75,125,0.584,1.7033,212.91,1h,holdout,0.65,183
5.0,1.0,125,0.584,1.6748,209.35,1h,holdout,0.65,183
5.0,1.5,125,0.576,1.6739,209.24,1h,holdout,0.65,183
5.0,2.0,125,0.568,1.6801,210.01,1h,holdout,0.65,183
1.5,0.25,124,0.694,0.6612,81.98,1h,holdout,0.675,183
1.5,0.5,124,0.669,0.6808,84.42,1h,holdout,0.675,183
1.5,0.75,124,0.661,0.7146,88.61,1h,holdout,0.675,183
1.5,1.0,124,0.661,0.7423,92.04,1h,holdout,0.675,183
1.5,1.5,124,0.653,0.7822,97.0,1h,holdout,0.675,183
1.5,2.0,124,0.653,0.8094,100.37,1h,holdout,0.675,183
2.0,0.25,124,0.677,0.7814,96.9,1h,holdout,0.675,183
2.0,0.5,124,0.653,0.753,93.38,1h,holdout,0.675,183
2.0,0.75,124,0.645,0.7685,95.29,1h,holdout,0.675,183
2.0,1.0,124,0.645,0.7858,97.44,1h,holdout,0.675,183
2.0,1.5,124,0.637,0.8138,100.92,1h,holdout,0.675,183
2.0,2.0,124,0.637,0.8341,103.43,1h,holdout,0.675,183
2.5,0.25,124,0.661,1.2913,160.12,1h,holdout,0.675,183
2.5,0.5,124,0.637,1.3217,163.89,1h,holdout,0.675,183
2.5,0.75,124,0.629,1.334,165.41,1h,holdout,0.675,183
2.5,1.0,124,0.629,1.3142,162.96,1h,holdout,0.675,183
2.5,1.5,124,0.621,1.3183,163.47,1h,holdout,0.675,183
2.5,2.0,124,0.621,1.3285,164.73,1h,holdout,0.675,183
3.0,0.25,124,0.653,1.7258,214.0,1h,holdout,0.675,183
3.0,0.5,124,0.629,1.6481,204.36,1h,holdout,0.675,183
3.0,0.75,124,0.621,1.6684,206.88,1h,holdout,0.675,183
3.0,1.0,124,0.621,1.6617,206.05,1h,holdout,0.675,183
3.0,1.5,124,0.613,1.6803,208.36,1h,holdout,0.675,183
3.0,2.0,124,0.613,1.6992,210.7,1h,holdout,0.675,183
3.5,0.25,124,0.645,1.9437,241.02,1h,holdout,0.675,183
3.5,0.5,124,0.613,1.7062,211.57,1h,holdout,0.675,183
3.5,0.75,124,0.605,1.7123,212.33,1h,holdout,0.675,183
3.5,1.0,124,0.605,1.6959,210.29,1h,holdout,0.675,183
3.5,1.5,124,0.597,1.7031,211.19,1h,holdout,0.675,183
3.5,2.0,124,0.597,1.7154,212.71,1h,holdout,0.675,183
4.0,0.25,124,0.637,1.9276,239.03,1h,holdout,0.675,183
4.0,0.5,124,0.605,1.7043,211.33,1h,holdout,0.675,183
4.0,0.75,124,0.597,1.6765,207.89,1h,holdout,0.675,183
4.0,1.0,124,0.597,1.648,204.35,1h,holdout,0.675,183
4.0,1.5,124,0.589,1.6425,203.67,1h,holdout,0.675,183
4.0,2.0,124,0.589,1.6468,204.2,1h,holdout,0.675,183
4.5,0.25,124,0.637,2.1287,263.96,1h,holdout,0.675,183
4.5,0.5,124,0.605,1.8916,234.56,1h,holdout,0.675,183
4.5,0.75,124,0.597,1.8638,231.11,1h,holdout,0.675,183
4.5,1.0,124,0.597,1.8352,227.57,1h,holdout,0.675,183
4.5,1.5,124,0.589,1.8325,227.23,1h,holdout,0.675,183
4.5,2.0,124,0.589,1.8374,227.84,1h,holdout,0.675,183
5.0,0.25,124,0.621,2.001,248.12,1h,holdout,0.675,183
5.0,0.5,124,0.581,1.5384,190.76,1h,holdout,0.675,183
5.0,0.75,124,0.573,1.5191,188.37,1h,holdout,0.675,183
5.0,1.0,124,0.573,1.4918,184.98,1h,holdout,0.675,183
5.0,1.5,124,0.565,1.496,185.51,1h,holdout,0.675,183
5.0,2.0,124,0.565,1.5064,186.79,1h,holdout,0.675,183
1.5,0.25,122,0.664,-0.1252,-15.28,1h,holdout,0.7,183
1.5,0.5,122,0.648,-0.0768,-9.37,1h,holdout,0.7,183
1.5,0.75,122,0.631,-0.0314,-3.83,1h,holdout,0.7,183
1.5,1.0,122,0.631,0.0029,0.35,1h,holdout,0.7,183
1.5,1.5,122,0.623,0.05,6.1,1h,holdout,0.7,183
1.5,2.0,122,0.623,0.0811,9.89,1h,holdout,0.7,183
2.0,0.25,122,0.648,-0.0262,-3.2,1h,holdout,0.7,183
2.0,0.5,122,0.631,-0.0358,-4.37,1h,holdout,0.7,183
2.0,0.75,122,0.615,-0.0121,-1.47,1h,holdout,0.7,183
2.0,1.0,122,0.615,0.01,1.22,1h,holdout,0.7,183
2.0,1.5,122,0.607,0.0431,5.26,1h,holdout,0.7,183
2.0,2.0,122,0.607,0.066,8.06,1h,holdout,0.7,183
2.5,0.25,122,0.648,0.3948,48.17,1h,holdout,0.7,183
2.5,0.5,122,0.623,0.4172,50.89,1h,holdout,0.7,183
2.5,0.75,122,0.607,0.4212,51.39,1h,holdout,0.7,183
2.5,1.0,122,0.607,0.3943,48.1,1h,holdout,0.7,183
2.5,1.5,122,0.598,0.3888,47.44,1h,holdout,0.7,183
2.5,2.0,122,0.598,0.3924,47.88,1h,holdout,0.7,183
3.0,0.25,122,0.631,0.9281,113.23,1h,holdout,0.7,183
3.0,0.5,122,0.607,0.857,104.56,1h,holdout,0.7,183
3.0,0.75,122,0.59,0.8685,105.95,1h,holdout,0.7,183
3.0,1.0,122,0.59,0.8553,104.35,1h,holdout,0.7,183
3.0,1.5,122,0.582,0.8737,106.59,1h,holdout,0.7,183
3.0,2.0,122,0.582,0.8949,109.18,1h,holdout,0.7,183
3.5,0.25,122,0.631,1.007,122.85,1h,holdout,0.7,183
3.5,0.5,122,0.607,0.979,119.44,1h,holdout,0.7,183
3.5,0.75,122,0.59,0.995,121.39,1h,holdout,0.7,183
3.5,1.0,122,0.59,0.9819,119.79,1h,holdout,0.7,183
3.5,1.5,122,0.582,0.9992,121.9,1h,holdout,0.7,183
3.5,2.0,122,0.582,1.0194,124.37,1h,holdout,0.7,183
4.0,0.25,122,0.623,1.0571,128.97,1h,holdout,0.7,183
4.0,0.5,122,0.598,0.9852,120.19,1h,holdout,0.7,183
4.0,0.75,122,0.582,0.9864,120.35,1h,holdout,0.7,183
4.0,1.0,122,0.582,0.9654,117.78,1h,holdout,0.7,183
4.0,1.5,122,0.574,0.9741,118.83,1h,holdout,0.7,183
4.0,2.0,122,0.574,0.9896,120.73,1h,holdout,0.7,183
4.5,0.25,122,0.623,1.2936,157.81,1h,holdout,0.7,183
4.5,0.5,122,0.598,1.2435,151.71,1h,holdout,0.7,183
4.5,0.75,122,0.582,1.1948,145.77,1h,holdout,0.7,183
4.5,1.0,122,0.582,1.1533,140.7,1h,holdout,0.7,183
4.5,1.5,122,0.574,1.141,139.2,1h,holdout,0.7,183
4.5,2.0,122,0.574,1.145,139.69,1h,holdout,0.7,183
5.0,0.25,122,0.615,1.4015,170.99,1h,holdout,0.7,183
5.0,0.5,122,0.582,1.0821,132.02,1h,holdout,0.7,183
5.0,0.75,122,0.566,1.0546,128.66,1h,holdout,0.7,183
5.0,1.0,122,0.566,1.0131,123.6,1h,holdout,0.7,183
5.0,1.5,122,0.557,0.9962,121.53,1h,holdout,0.7,183
5.0,2.0,122,0.557,0.9968,121.61,1h,holdout,0.7,183
1.5,0.25,141,0.716,1.5466,218.08,2h,train,0.3,237
1.5,0.5,141,0.688,1.5229,214.73,2h,train,0.3,237
1.5,0.75,141,0.681,1.4349,202.32,2h,train,0.3,237
1.5,1.0,141,0.66,1.3615,191.97,2h,train,0.3,237
1.5,1.5,141,0.638,1.3984,197.17,2h,train,0.3,237
1.5,2.0,141,0.624,1.4355,202.4,2h,train,0.3,237
2.0,0.25,141,0.709,1.5939,224.75,2h,train,0.3,237
2.0,0.5,141,0.667,1.3444,189.56,2h,train,0.3,237
2.0,0.75,141,0.66,1.2733,179.53,2h,train,0.3,237
2.0,1.0,141,0.645,1.2152,171.34,2h,train,0.3,237
2.0,1.5,141,0.624,1.1441,161.32,2h,train,0.3,237
2.0,2.0,141,0.603,1.1446,161.39,2h,train,0.3,237
2.5,0.25,141,0.695,1.7045,240.33,2h,train,0.3,237
2.5,0.5,141,0.652,1.6938,238.83,2h,train,0.3,237
2.5,0.75,141,0.645,1.558,219.68,2h,train,0.3,237
2.5,1.0,141,0.617,1.5358,216.55,2h,train,0.3,237
2.5,1.5,141,0.596,1.3058,184.12,2h,train,0.3,237
2.5,2.0,141,0.574,1.2571,177.26,2h,train,0.3,237
3.0,0.25,141,0.688,1.805,254.5,2h,train,0.3,237
3.0,0.5,141,0.638,1.5425,217.49,2h,train,0.3,237
3.0,0.75,141,0.624,1.0973,154.72,2h,train,0.3,237
3.0,1.0,141,0.596,1.1103,156.56,2h,train,0.3,237
3.0,1.5,141,0.574,0.9149,129.0,2h,train,0.3,237
3.0,2.0,141,0.553,0.848,119.57,2h,train,0.3,237
3.5,0.25,141,0.688,1.9678,277.47,2h,train,0.3,237
3.5,0.5,141,0.638,1.7555,247.53,2h,train,0.3,237
3.5,0.75,141,0.617,1.3788,194.41,2h,train,0.3,237
3.5,1.0,141,0.589,1.438,202.76,2h,train,0.3,237
3.5,1.5,141,0.567,1.3017,183.54,2h,train,0.3,237
3.5,2.0,141,0.546,1.2611,177.81,2h,train,0.3,237
4.0,0.25,141,0.688,2.2232,313.47,2h,train,0.3,237
4.0,0.5,141,0.638,2.0133,283.88,2h,train,0.3,237
4.0,0.75,141,0.617,1.6555,233.43,2h,train,0.3,237
4.0,1.0,141,0.589,1.7495,246.67,2h,train,0.3,237
4.0,1.5,141,0.567,1.6372,230.85,2h,train,0.3,237
4.0,2.0,141,0.546,1.6437,231.76,2h,train,0.3,237
4.5,0.25,141,0.688,2.3638,333.29,2h,train,0.3,237
4.5,0.5,141,0.638,2.4258,342.04,2h,train,0.3,237
4.5,0.75,141,0.617,2.2197,312.98,2h,train,0.3,237
4.5,1.0,141,0.589,2.4049,339.09,2h,train,0.3,237
4.5,1.5,141,0.567,2.4188,341.05,2h,train,0.3,237
4.5,2.0,141,0.546,2.4627,347.24,2h,train,0.3,237
5.0,0.25,141,0.688,2.445,344.75,2h,train,0.3,237
5.0,0.5,141,0.638,2.5458,358.96,2h,train,0.3,237
5.0,0.75,141,0.617,2.2099,311.6,2h,train,0.3,237
5.0,1.0,141,0.589,2.3707,334.28,2h,train,0.3,237
5.0,1.5,141,0.56,2.1901,308.8,2h,train,0.3,237
5.0,2.0,141,0.539,2.2359,315.26,2h,train,0.3,237
1.5,0.25,141,0.73,1.7166,242.04,2h,train,0.325,237
1.5,0.5,141,0.688,1.7123,241.43,2h,train,0.325,237
1.5,0.75,141,0.681,1.6284,229.61,2h,train,0.325,237
1.5,1.0,141,0.66,1.5564,219.45,2h,train,0.325,237
1.5,1.5,141,0.638,1.5951,224.9,2h,train,0.325,237
1.5,2.0,141,0.631,1.6333,230.3,2h,train,0.325,237
2.0,0.25,141,0.723,1.7015,239.92,2h,train,0.325,237
2.0,0.5,141,0.667,1.3899,195.97,2h,train,0.325,237
2.0,0.75,141,0.66,1.2876,181.55,2h,train,0.325,237
2.0,1.0,141,0.645,1.2117,170.85,2h,train,0.325,237
2.0,1.5,141,0.624,1.1252,158.65,2h,train,0.325,237
2.0,2.0,141,0.61,1.1138,157.05,2h,train,0.325,237
2.5,0.25,141,0.716,1.8981,267.64,2h,train,0.325,237
2.5,0.5,141,0.66,1.8704,263.72,2h,train,0.325,237
2.5,0.75,141,0.652,1.7213,242.7,2h,train,0.325,237
2.5,1.0,141,0.631,1.6994,239.62,2h,train,0.325,237
2.5,1.5,141,0.603,1.4802,208.7,2h,train,0.325,237
2.5,2.0,141,0.589,1.431,201.77,2h,train,0.325,237
3.0,0.25,141,0.709,2.1065,297.01,2h,train,0.325,237
3.0,0.5,141,0.652,2.131,300.47,2h,train,0.325,237
3.0,0.75,141,0.638,1.6855,237.65,2h,train,0.325,237
3.0,1.0,141,0.617,1.689,238.14,2h,train,0.325,237
3.0,1.5,141,0.589,1.5019,211.77,2h,train,0.325,237
3.0,2.0,141,0.574,1.4352,202.36,2h,train,0.325,237
3.5,0.25,141,0.702,2.061,290.61,2h,train,0.325,237
3.5,0.5,141,0.638,1.7954,253.15,2h,train,0.325,237
3.5,0.75,141,0.617,1.394,196.55,2h,train,0.325,237
3.5,1.0,141,0.596,1.4409,203.17,2h,train,0.325,237
3.5,1.5,141,0.567,1.3121,185.01,2h,train,0.325,237
3.5,2.0,141,0.553,1.2719,179.33,2h,train,0.325,237
4.0,0.25,141,0.702,2.3835,336.08,2h,train,0.325,237
4.0,0.5,141,0.638,2.1869,308.35,2h,train,0.325,237
4.0,0.75,141,0.617,1.8349,258.73,2h,train,0.325,237
4.0,1.0,141,0.596,1.9209,270.85,2h,train,0.325,237
4.0,1.5,141,0.567,1.8139,255.76,2h,train,0.325,237
4.0,2.0,141,0.553,1.8186,256.42,2h,train,0.325,237
4.5,0.25,141,0.702,2.5115,354.12,2h,train,0.325,237
4.5,0.5,141,0.638,2.5301,356.74,2h,train,0.325,237
4.5,0.75,141,0.617,2.2618,318.91,2h,train,0.325,237
4.5,1.0,141,0.596,2.3798,335.55,2h,train,0.325,237
4.5,1.5,141,0.567,2.2991,324.18,2h,train,0.325,237
4.5,2.0,141,0.553,2.2636,319.16,2h,train,0.325,237
5.0,0.25,141,0.702,2.5756,363.17,2h,train,0.325,237
5.0,0.5,141,0.638,2.779,391.83,2h,train,0.325,237
5.0,0.75,141,0.617,2.4637,347.39,2h,train,0.325,237
5.0,1.0,141,0.596,2.6231,369.85,2h,train,0.325,237
5.0,1.5,141,0.56,2.4437,344.56,2h,train,0.325,237
5.0,2.0,141,0.546,2.4612,347.02,2h,train,0.325,237
1.5,0.25,141,0.738,2.5128,354.3,2h,train,0.35,237
1.5,0.5,141,0.702,2.4938,351.63,2h,train,0.35,237
1.5,0.75,141,0.688,2.3086,325.51,2h,train,0.35,237
1.5,1.0,141,0.681,2.199,310.06,2h,train,0.35,237
1.5,1.5,141,0.652,2.1991,310.07,2h,train,0.35,237
1.5,2.0,141,0.631,2.2157,312.41,2h,train,0.35,237
2.0,0.25,141,0.723,1.8675,263.32,2h,train,0.35,237
2.0,0.5,141,0.674,1.5436,217.65,2h,train,0.35,237
2.0,0.75,141,0.66,1.3214,186.31,2h,train,0.35,237
2.0,1.0,141,0.652,1.19,167.79,2h,train,0.35,237
2.0,1.5,141,0.631,1.1676,164.63,2h,train,0.35,237
2.0,2.0,141,0.61,1.172,165.25,2h,train,0.35,237
2.5,0.25,141,0.716,2.0192,284.71,2h,train,0.35,237
2.5,0.5,141,0.667,1.8821,265.38,2h,train,0.35,237
2.5,0.75,141,0.652,1.7033,240.17,2h,train,0.35,237
2.5,1.0,141,0.645,1.6225,228.77,2h,train,0.35,237
2.5,1.5,141,0.617,1.5416,217.37,2h,train,0.35,237
2.5,2.0,141,0.596,1.5316,215.96,2h,train,0.35,237
3.0,0.25,141,0.709,2.2175,312.67,2h,train,0.35,237
3.0,0.5,141,0.66,2.204,310.76,2h,train,0.35,237
3.0,0.75,141,0.638,1.6335,230.32,2h,train,0.35,237
3.0,1.0,141,0.631,1.5762,222.25,2h,train,0.35,237
3.0,1.5,141,0.596,1.5202,214.35,2h,train,0.35,237
3.0,2.0,141,0.574,1.4865,209.59,2h,train,0.35,237
3.5,0.25,141,0.702,2.2124,311.94,2h,train,0.35,237
3.5,0.5,141,0.645,1.8565,261.77,2h,train,0.35,237
3.5,0.75,141,0.617,1.3316,187.76,2h,train,0.35,237
3.5,1.0,141,0.61,1.3101,184.72,2h,train,0.35,237
3.5,1.5,141,0.574,1.2844,181.11,2h,train,0.35,237
3.5,2.0,141,0.553,1.2666,178.59,2h,train,0.35,237
4.0,0.25,141,0.702,2.532,357.02,2h,train,0.35,237
4.0,0.5,141,0.645,2.2961,323.76,2h,train,0.35,237
4.0,0.75,141,0.617,1.8132,255.66,2h,train,0.35,237
4.0,1.0,141,0.61,1.8305,258.1,2h,train,0.35,237
4.0,1.5,141,0.574,1.8071,254.8,2h,train,0.35,237
4.0,2.0,141,0.553,1.7991,253.68,2h,train,0.35,237
4.5,0.25,141,0.702,2.6035,367.09,2h,train,0.35,237
4.5,0.5,141,0.645,2.5085,353.69,2h,train,0.35,237
4.5,0.75,141,0.617,2.0437,288.16,2h,train,0.35,237
4.5,1.0,141,0.61,2.0423,287.96,2h,train,0.35,237
4.5,1.5,141,0.574,2.0386,287.45,2h,train,0.35,237
4.5,2.0,141,0.553,2.0512,289.22,2h,train,0.35,237
5.0,0.25,141,0.702,2.659,374.92,2h,train,0.35,237
5.0,0.5,141,0.645,2.7947,394.06,2h,train,0.35,237
5.0,0.75,141,0.617,2.3283,328.29,2h,train,0.35,237
5.0,1.0,141,0.61,2.4051,339.12,2h,train,0.35,237
5.0,1.5,141,0.574,2.5213,355.51,2h,train,0.35,237
5.0,2.0,141,0.553,2.5809,363.9,2h,train,0.35,237
1.5,0.25,139,0.748,2.5999,361.38,2h,train,0.375,237
1.5,0.5,139,0.705,2.5256,351.06,2h,train,0.375,237
1.5,0.75,139,0.698,2.4315,337.98,2h,train,0.375,237
1.5,1.0,139,0.683,2.3311,324.02,2h,train,0.375,237
1.5,1.5,139,0.647,2.3381,324.99,2h,train,0.375,237
1.5,2.0,139,0.633,2.3573,327.67,2h,train,0.375,237
2.0,0.25,139,0.734,1.9247,267.53,2h,train,0.375,237
2.0,0.5,139,0.676,1.5972,222.02,2h,train,0.375,237
2.0,0.75,139,0.669,1.3817,192.05,2h,train,0.375,237
2.0,1.0,139,0.655,1.2515,173.96,2h,train,0.375,237
2.0,1.5,139,0.626,1.2317,171.2,2h,train,0.375,237
2.0,2.0,139,0.604,1.2374,172.0,2h,train,0.375,237
2.5,0.25,139,0.727,2.0467,284.5,2h,train,0.375,237
2.5,0.5,139,0.669,1.8885,262.51,2h,train,0.375,237
2.5,0.75,139,0.662,1.7466,242.77,2h,train,0.375,237
2.5,1.0,139,0.647,1.6702,232.16,2h,train,0.375,237
2.5,1.5,139,0.612,1.5955,221.78,2h,train,0.375,237
2.5,2.0,139,0.59,1.5852,220.34,2h,train,0.375,237
3.0,0.25,139,0.719,2.2741,316.1,2h,train,0.375,237
3.0,0.5,139,0.662,2.2322,310.27,2h,train,0.375,237
3.0,0.75,139,0.647,1.6082,223.54,2h,train,0.375,237
3.0,1.0,139,0.633,1.4963,207.98,2h,train,0.375,237
3.0,1.5,139,0.59,1.3869,192.77,2h,train,0.375,237
3.0,2.0,139,0.568,1.3572,188.66,2h,train,0.375,237
3.5,0.25,139,0.712,2.2881,318.04,2h,train,0.375,237
3.5,0.5,139,0.647,1.9252,267.61,2h,train,0.375,237
3.5,0.75,139,0.626,1.3253,184.22,2h,train,0.375,237
3.5,1.0,139,0.612,1.25,173.75,2h,train,0.375,237
3.5,1.5,139,0.568,1.1924,165.74,2h,train,0.375,237
3.5,2.0,139,0.547,1.1611,161.4,2h,train,0.375,237
4.0,0.25,139,0.712,2.4903,346.15,2h,train,0.375,237
4.0,0.5,139,0.647,2.2605,314.2,2h,train,0.375,237
4.0,0.75,139,0.626,1.7474,242.89,2h,train,0.375,237
4.0,1.0,139,0.612,1.7246,239.73,2h,train,0.375,237
4.0,1.5,139,0.568,1.6321,226.86,2h,train,0.375,237
4.0,2.0,139,0.547,1.5931,221.44,2h,train,0.375,237
4.5,0.25,139,0.712,2.6811,372.68,2h,train,0.375,237
4.5,0.5,139,0.647,2.5894,359.92,2h,train,0.375,237
4.5,0.75,139,0.626,2.1024,292.24,2h,train,0.375,237
4.5,1.0,139,0.612,2.0817,289.36,2h,train,0.375,237
4.5,1.5,139,0.568,2.0466,284.47,2h,train,0.375,237
4.5,2.0,139,0.547,2.027,281.75,2h,train,0.375,237
5.0,0.25,139,0.712,2.7374,380.49,2h,train,0.375,237
5.0,0.5,139,0.647,2.7779,386.12,2h,train,0.375,237
5.0,0.75,139,0.626,2.41,334.99,2h,train,0.375,237
5.0,1.0,139,0.612,2.4959,346.93,2h,train,0.375,237
5.0,1.5,139,0.568,2.6028,361.79,2h,train,0.375,237
5.0,2.0,139,0.547,2.6403,367.0,2h,train,0.375,237
1.5,0.25,138,0.761,3.3407,461.01,2h,train,0.4,237
1.5,0.5,138,0.71,3.1991,441.48,2h,train,0.4,237
1.5,0.75,138,0.703,3.0906,426.51,2h,train,0.4,237
1.5,1.0,138,0.688,2.9806,411.32,2h,train,0.4,237
1.5,1.5,138,0.667,2.9776,410.9,2h,train,0.4,237
1.5,2.0,138,0.652,2.9912,412.79,2h,train,0.4,237
2.0,0.25,138,0.746,2.6566,366.6,2h,train,0.4,237
2.0,0.5,138,0.696,2.6215,361.77,2h,train,0.4,237
2.0,0.75,138,0.688,2.4112,332.75,2h,train,0.4,237
2.0,1.0,138,0.674,2.2889,315.86,2h,train,0.4,237
2.0,1.5,138,0.659,2.278,314.36,2h,train,0.4,237
2.0,2.0,138,0.645,2.2888,315.85,2h,train,0.4,237
2.5,0.25,138,0.739,2.7023,372.92,2h,train,0.4,237
2.5,0.5,138,0.674,2.5144,346.99,2h,train,0.4,237
2.5,0.75,138,0.667,2.3374,322.56,2h,train,0.4,237
2.5,1.0,138,0.652,2.2416,309.35,2h,train,0.4,237
2.5,1.5,138,0.638,2.1389,295.18,2h,train,0.4,237
2.5,2.0,138,0.623,2.1179,292.26,2h,train,0.4,237
3.0,0.25,138,0.732,2.8915,399.03,2h,train,0.4,237
3.0,0.5,138,0.667,2.8539,393.84,2h,train,0.4,237
3.0,0.75,138,0.652,2.2438,309.65,2h,train,0.4,237
3.0,1.0,138,0.638,2.1368,294.88,2h,train,0.4,237
3.0,1.5,138,0.609,2.0257,279.54,2h,train,0.4,237
3.0,2.0,138,0.594,2.0,276.0,2h,train,0.4,237
3.5,0.25,138,0.725,2.8943,399.42,2h,train,0.4,237
3.5,0.5,138,0.652,2.5971,358.4,2h,train,0.4,237
3.5,0.75,138,0.638,2.0123,277.7,2h,train,0.4,237
3.5,1.0,138,0.623,1.9358,267.15,2h,train,0.4,237
3.5,1.5,138,0.594,1.8614,256.87,2h,train,0.4,237
3.5,2.0,138,0.58,1.8211,251.31,2h,train,0.4,237
4.0,0.25,138,0.725,3.0947,427.07,2h,train,0.4,237
4.0,0.5,138,0.652,2.8638,395.2,2h,train,0.4,237
4.0,0.75,138,0.63,2.3741,327.63,2h,train,0.4,237
4.0,1.0,138,0.616,2.3561,325.15,2h,train,0.4,237
4.0,1.5,138,0.587,2.261,312.02,2h,train,0.4,237
4.0,2.0,138,0.572,2.2254,307.11,2h,train,0.4,237
4.5,0.25,138,0.725,3.3318,459.78,2h,train,0.4,237
4.5,0.5,138,0.652,3.2447,447.77,2h,train,0.4,237
4.5,0.75,138,0.63,2.7832,384.09,2h,train,0.4,237
4.5,1.0,138,0.616,2.7851,384.35,2h,train,0.4,237
4.5,1.5,138,0.587,2.7367,377.66,2h,train,0.4,237
4.5,2.0,138,0.572,2.7106,374.07,2h,train,0.4,237
5.0,0.25,138,0.725,3.4167,471.51,2h,train,0.4,237
5.0,0.5,138,0.652,3.3579,463.39,2h,train,0.4,237
5.0,0.75,138,0.63,2.8823,397.76,2h,train,0.4,237
5.0,1.0,138,0.616,2.8796,397.39,2h,train,0.4,237
5.0,1.5,138,0.587,2.8778,397.13,2h,train,0.4,237
5.0,2.0,138,0.572,2.863,395.1,2h,train,0.4,237
1.5,0.25,137,0.766,3.238,443.61,2h,train,0.425,237
1.5,0.5,137,0.723,3.0169,413.32,2h,train,0.425,237
1.5,0.75,137,0.708,2.8556,391.21,2h,train,0.425,237
1.5,1.0,137,0.686,2.7036,370.4,2h,train,0.425,237
1.5,1.5,137,0.679,2.6425,362.02,2h,train,0.425,237
1.5,2.0,137,0.657,2.6169,358.52,2h,train,0.425,237
2.0,0.25,137,0.752,2.6358,361.11,2h,train,0.425,237
2.0,0.5,137,0.708,2.5309,346.73,2h,train,0.425,237
2.0,0.75,137,0.693,2.2673,310.63,2h,train,0.425,237
2.0,1.0,137,0.672,2.1024,288.02,2h,train,0.425,237
2.0,1.5,137,0.664,2.0326,278.47,2h,train,0.425,237
2.0,2.0,137,0.65,2.0036,274.5,2h,train,0.425,237
2.5,0.25,137,0.745,2.5735,352.57,2h,train,0.425,237
2.5,0.5,137,0.686,2.293,314.14,2h,train,0.425,237
2.5,0.75,137,0.672,2.0573,281.85,2h,train,0.425,237
2.5,1.0,137,0.65,1.9163,262.53,2h,train,0.425,237
2.5,1.5,137,0.642,1.7543,240.34,2h,train,0.425,237
2.5,2.0,137,0.628,1.6909,231.65,2h,train,0.425,237
3.0,0.25,137,0.737,2.8328,388.09,2h,train,0.425,237
3.0,0.5,137,0.679,2.6912,368.69,2h,train,0.425,237
3.0,0.75,137,0.664,2.3162,317.32,2h,train,0.425,237
3.0,1.0,137,0.642,2.1493,294.46,2h,train,0.425,237
3.0,1.5,137,0.628,1.9657,269.31,2h,train,0.425,237
3.0,2.0,137,0.606,1.8915,259.14,2h,train,0.425,237
3.5,0.25,137,0.73,2.8454,389.82,2h,train,0.425,237
3.5,0.5,137,0.672,2.7878,381.93,2h,train,0.425,237
3.5,0.75,137,0.65,2.1427,293.55,2h,train,0.425,237
3.5,1.0,137,0.628,2.0224,277.07,2h,train,0.425,237
3.5,1.5,137,0.613,1.8857,258.34,2h,train,0.425,237
3.5,2.0,137,0.591,1.8024,246.92,2h,train,0.425,237
4.0,0.25,137,0.73,2.9557,404.93,2h,train,0.425,237
4.0,0.5,137,0.664,2.5853,354.19,2h,train,0.425,237
4.0,0.75,137,0.635,1.9945,273.24,2h,train,0.425,237
4.0,1.0,137,0.613,1.917,262.62,2h,train,0.425,237
4.0,1.5,137,0.599,1.7517,239.98,2h,train,0.425,237
4.0,2.0,137,0.577,1.6727,229.16,2h,train,0.425,237
4.5,0.25,137,0.73,3.2762,448.83,2h,train,0.425,237
4.5,0.5,137,0.664,2.9686,406.69,2h,train,0.425,237
4.5,0.75,137,0.635,2.424,332.09,2h,train,0.425,237
4.5,1.0,137,0.613,2.3933,327.88,2h,train,0.425,237
4.5,1.5,137,0.599,2.2555,309.0,2h,train,0.425,237
4.5,2.0,137,0.577,2.18,298.66,2h,train,0.425,237
5.0,0.25,137,0.73,3.3816,463.29,2h,train,0.425,237
5.0,0.5,137,0.664,3.2392,443.77,2h,train,0.425,237
5.0,0.75,137,0.635,2.707,370.86,2h,train,0.425,237
5.0,1.0,137,0.613,2.6603,364.46,2h,train,0.425,237
5.0,1.5,137,0.599,2.6008,356.31,2h,train,0.425,237
5.0,2.0,137,0.577,2.5373,347.61,2h,train,0.425,237
1.5,0.25,137,0.781,3.8842,532.14,2h,train,0.45,237
1.5,0.5,137,0.723,3.649,499.91,2h,train,0.45,237
1.5,0.75,137,0.715,3.4725,475.73,2h,train,0.45,237
1.5,1.0,137,0.693,3.3104,453.52,2h,train,0.45,237
1.5,1.5,137,0.686,3.2368,443.44,2h,train,0.45,237
1.5,2.0,137,0.664,3.2034,438.86,2h,train,0.45,237
2.0,0.25,137,0.759,2.6773,366.79,2h,train,0.45,237
2.0,0.5,137,0.701,2.607,357.16,2h,train,0.45,237
2.0,0.75,137,0.693,2.354,322.5,2h,train,0.45,237
2.0,1.0,137,0.672,2.1928,300.42,2h,train,0.45,237
2.0,1.5,137,0.664,2.1277,291.5,2h,train,0.45,237
2.0,2.0,137,0.65,2.1014,287.9,2h,train,0.45,237
2.5,0.25,137,0.752,2.5795,353.39,2h,train,0.45,237
2.5,0.5,137,0.679,2.3091,316.34,2h,train,0.45,237
2.5,0.75,137,0.672,2.0735,284.07,2h,train,0.45,237
2.5,1.0,137,0.65,1.9305,264.48,2h,train,0.45,237
2.5,1.5,137,0.642,1.77,242.49,2h,train,0.45,237
2.5,2.0,137,0.628,1.7048,233.55,2h,train,0.45,237
3.0,0.25,137,0.752,2.9073,398.3,2h,train,0.45,237
3.0,0.5,137,0.679,2.7258,373.43,2h,train,0.45,237
3.0,0.75,137,0.672,2.4623,337.33,2h,train,0.45,237
3.0,1.0,137,0.65,2.3122,316.77,2h,train,0.45,237
3.0,1.5,137,0.635,2.1479,294.26,2h,train,0.45,237
3.0,2.0,137,0.62,2.0815,285.16,2h,train,0.45,237
3.5,0.25,137,0.737,2.8505,390.53,2h,train,0.45,237
3.5,0.5,137,0.664,2.7801,380.87,2h,train,0.45,237
3.5,0.75,137,0.65,2.1262,291.29,2h,train,0.45,237
3.5,1.0,137,0.628,2.0,274.01,2h,train,0.45,237
3.5,1.5,137,0.613,1.8628,255.2,2h,train,0.45,237
3.5,2.0,137,0.591,1.7774,243.5,2h,train,0.45,237
4.0,0.25,137,0.737,2.9727,407.26,2h,train,0.45,237
4.0,0.5,137,0.657,2.5792,353.36,2h,train,0.45,237
4.0,0.75,137,0.635,1.9324,264.74,2h,train,0.45,237
4.0,1.0,137,0.613,1.8125,248.31,2h,train,0.45,237
4.0,1.5,137,0.599,1.6884,231.31,2h,train,0.45,237
4.0,2.0,137,0.577,1.6144,221.18,2h,train,0.45,237
4.5,0.25,137,0.737,3.2903,450.78,2h,train,0.45,237
4.5,0.5,137,0.657,2.983,408.67,2h,train,0.45,237
4.5,0.75,137,0.635,2.4356,333.67,2h,train,0.45,237
4.5,1.0,137,0.613,2.3711,324.84,2h,train,0.45,237
4.5,1.5,137,0.599,2.2106,302.86,2h,train,0.45,237
4.5,2.0,137,0.577,2.1275,291.47,2h,train,0.45,237
5.0,0.25,137,0.737,3.3907,464.53,2h,train,0.45,237
5.0,0.5,137,0.657,3.224,441.69,2h,train,0.45,237
5.0,0.75,137,0.635,2.7046,370.53,2h,train,0.45,237
5.0,1.0,137,0.613,2.6652,365.13,2h,train,0.45,237
5.0,1.5,137,0.599,2.6192,358.83,2h,train,0.45,237
5.0,2.0,137,0.577,2.5998,356.18,2h,train,0.45,237
1.5,0.25,137,0.781,3.9328,538.8,2h,train,0.475,237
1.5,0.5,137,0.723,3.716,509.09,2h,train,0.475,237
1.5,0.75,137,0.708,3.5426,485.34,2h,train,0.475,237
1.5,1.0,137,0.686,3.3821,463.34,2h,train,0.475,237
1.5,1.5,137,0.679,3.3109,453.6,2h,train,0.475,237
1.5,2.0,137,0.679,3.2792,449.25,2h,train,0.475,237
2.0,0.25,137,0.759,2.6864,368.03,2h,train,0.475,237
2.0,0.5,137,0.701,2.6329,360.7,2h,train,0.475,237
2.0,0.75,137,0.686,2.4018,329.04,2h,train,0.475,237
2.0,1.0,137,0.664,2.2486,308.06,2h,train,0.475,237
2.0,1.5,137,0.657,2.1926,300.38,2h,train,0.475,237
2.0,2.0,137,0.657,2.1716,297.51,2h,train,0.475,237
2.5,0.25,137,0.759,2.8096,384.92,2h,train,0.475,237
2.5,0.5,137,0.693,2.5422,348.28,2h,train,0.475,237
2.5,0.75,137,0.672,2.2772,311.98,2h,train,0.475,237
2.5,1.0,137,0.65,2.1075,288.73,2h,train,0.475,237
2.5,1.5,137,0.642,2.0335,278.59,2h,train,0.475,237
2.5,2.0,137,0.642,2.0019,274.27,2h,train,0.475,237
3.0,0.25,137,0.752,2.9125,399.02,2h,train,0.475,237
3.0,0.5,137,0.686,2.719,372.51,2h,train,0.475,237
3.0,0.75,137,0.664,2.4535,336.12,2h,train,0.475,237
3.0,1.0,137,0.642,2.3086,316.28,2h,train,0.475,237
3.0,1.5,137,0.628,2.1522,294.86,2h,train,0.475,237
3.0,2.0,137,0.628,2.0877,286.01,2h,train,0.475,237
3.5,0.25,137,0.745,2.9551,404.84,2h,train,0.475,237
3.5,0.5,137,0.679,2.8927,396.3,2h,train,0.475,237
3.5,0.75,137,0.65,2.2455,307.63,2h,train,0.475,237
3.5,1.0,137,0.628,2.1191,290.32,2h,train,0.475,237
3.5,1.5,137,0.613,1.9862,272.1,2h,train,0.475,237
3.5,2.0,137,0.606,1.901,260.44,2h,train,0.475,237
4.0,0.25,137,0.745,3.1001,424.72,2h,train,0.475,237
4.0,0.5,137,0.672,2.6654,365.16,2h,train,0.475,237
4.0,0.75,137,0.642,2.0088,275.21,2h,train,0.475,237
4.0,1.0,137,0.613,1.8761,257.03,2h,train,0.475,237
4.0,1.5,137,0.599,1.7352,237.72,2h,train,0.475,237
4.0,2.0,137,0.591,1.6454,225.42,2h,train,0.475,237
4.5,0.25,137,0.745,3.2315,442.71,2h,train,0.475,237
4.5,0.5,137,0.672,2.8895,395.87,2h,train,0.475,237
4.5,0.75,137,0.642,2.3395,320.51,2h,train,0.475,237
4.5,1.0,137,0.613,2.2714,311.18,2h,train,0.475,237
4.5,1.5,137,0.599,2.1149,289.75,2h,train,0.475,237
4.5,2.0,137,0.591,2.0328,278.49,2h,train,0.475,237
5.0,0.25,137,0.745,3.4882,477.88,2h,train,0.475,237
5.0,0.5,137,0.672,3.3294,456.13,2h,train,0.475,237
5.0,0.75,137,0.642,2.8149,385.64,2h,train,0.475,237
5.0,1.0,137,0.613,2.7645,378.74,2h,train,0.475,237
5.0,1.5,137,0.599,2.6234,359.4,2h,train,0.475,237
5.0,2.0,137,0.591,2.5236,345.74,2h,train,0.475,237
1.5,0.25,135,0.778,3.903,526.91,2h,train,0.5,237
1.5,0.5,135,0.733,3.6702,495.48,2h,train,0.5,237
1.5,0.75,135,0.704,3.4938,471.66,2h,train,0.5,237
1.5,1.0,135,0.689,3.3301,449.57,2h,train,0.5,237
1.5,1.5,135,0.681,3.2574,439.75,2h,train,0.5,237
1.5,2.0,135,0.674,3.2249,435.37,2h,train,0.5,237
2.0,0.25,135,0.77,3.3421,451.18,2h,train,0.5,237
2.0,0.5,135,0.726,3.1719,428.2,2h,train,0.5,237
2.0,0.75,135,0.696,3.0078,406.05,2h,train,0.5,237
2.0,1.0,135,0.681,2.8516,384.97,2h,train,0.5,237
2.0,1.5,135,0.674,2.7878,376.35,2h,train,0.5,237
2.0,2.0,135,0.667,2.7606,372.68,2h,train,0.5,237
2.5,0.25,135,0.763,3.3317,449.78,2h,train,0.5,237
2.5,0.5,135,0.719,3.2174,434.35,2h,train,0.5,237
2.5,0.75,135,0.681,2.9424,397.23,2h,train,0.5,237
2.5,1.0,135,0.667,2.764,373.14,2h,train,0.5,237
2.5,1.5,135,0.659,2.6809,361.93,2h,train,0.5,237
2.5,2.0,135,0.652,2.6439,356.92,2h,train,0.5,237
3.0,0.25,135,0.756,3.5028,472.88,2h,train,0.5,237
3.0,0.5,135,0.704,3.1958,431.44,2h,train,0.5,237
3.0,0.75,135,0.667,2.8666,386.99,2h,train,0.5,237
3.0,1.0,135,0.652,2.685,362.47,2h,train,0.5,237
3.0,1.5,135,0.637,2.491,336.29,2h,train,0.5,237
3.0,2.0,135,0.63,2.4026,324.35,2h,train,0.5,237
3.5,0.25,135,0.756,3.664,494.63,2h,train,0.5,237
3.5,0.5,135,0.704,3.5421,478.19,2h,train,0.5,237
3.5,0.75,135,0.659,2.8393,383.3,2h,train,0.5,237
3.5,1.0,135,0.644,2.6669,360.03,2h,train,0.5,237
3.5,1.5,135,0.63,2.4834,335.25,2h,train,0.5,237
3.5,2.0,135,0.622,2.4,324.0,2h,train,0.5,237
4.0,0.25,135,0.748,3.5882,484.41,2h,train,0.5,237
4.0,0.5,135,0.696,3.5136,474.33,2h,train,0.5,237
4.0,0.75,135,0.652,2.8489,384.6,2h,train,0.5,237
4.0,1.0,135,0.637,2.708,365.58,2h,train,0.5,237
4.0,1.5,135,0.622,2.5599,345.58,2h,train,0.5,237
4.0,2.0,135,0.615,2.4622,332.4,2h,train,0.5,237
4.5,0.25,135,0.748,3.7489,506.1,2h,train,0.5,237
4.5,0.5,135,0.689,3.3431,451.32,2h,train,0.5,237
4.5,0.75,135,0.644,2.7053,365.22,2h,train,0.5,237
4.5,1.0,135,0.622,2.5833,348.75,2h,train,0.5,237
4.5,1.5,135,0.607,2.3853,322.01,2h,train,0.5,237
4.5,2.0,135,0.6,2.2832,308.23,2h,train,0.5,237
5.0,0.25,135,0.748,4.0986,553.31,2h,train,0.5,237
5.0,0.5,135,0.689,3.8899,525.13,2h,train,0.5,237
5.0,0.75,135,0.644,3.3299,449.54,2h,train,0.5,237
5.0,1.0,135,0.622,3.223,435.11,2h,train,0.5,237
5.0,1.5,135,0.607,3.0254,408.43,2h,train,0.5,237
5.0,2.0,135,0.6,2.9172,393.83,2h,train,0.5,237
1.5,0.25,133,0.782,4.2398,563.89,2h,train,0.525,237
1.5,0.5,133,0.737,3.9647,527.3,2h,train,0.525,237
1.5,0.75,133,0.707,3.7795,502.68,2h,train,0.525,237
1.5,1.0,133,0.692,3.722,495.02,2h,train,0.525,237
1.5,1.5,133,0.684,3.6755,488.84,2h,train,0.525,237
1.5,2.0,133,0.684,3.6561,486.26,2h,train,0.525,237
2.0,0.25,133,0.782,4.4028,585.57,2h,train,0.525,237
2.0,0.5,133,0.737,4.1612,553.45,2h,train,0.525,237
2.0,0.75,133,0.707,3.9839,529.86,2h,train,0.525,237
2.0,1.0,133,0.692,3.818,507.79,2h,train,0.525,237
2.0,1.5,133,0.684,3.7438,497.93,2h,train,0.525,237
2.0,2.0,133,0.677,3.711,493.56,2h,train,0.525,237
2.5,0.25,133,0.774,3.8274,509.04,2h,train,0.525,237
2.5,0.5,133,0.729,3.7362,496.92,2h,train,0.525,237
2.5,0.75,133,0.699,3.4822,463.13,2h,train,0.525,237
2.5,1.0,133,0.684,3.3126,440.58,2h,train,0.525,237
2.5,1.5,133,0.677,3.241,431.05,2h,train,0.525,237
2.5,2.0,133,0.669,3.211,427.06,2h,train,0.525,237
3.0,0.25,133,0.767,3.8568,512.96,2h,train,0.525,237
3.0,0.5,133,0.714,3.5398,470.8,2h,train,0.525,237
3.0,0.75,133,0.677,3.2859,437.03,2h,train,0.525,237
3.0,1.0,133,0.662,3.1254,415.68,2h,train,0.525,237
3.0,1.5,133,0.647,2.9549,393.01,2h,train,0.525,237
3.0,2.0,133,0.639,2.877,382.65,2h,train,0.525,237
3.5,0.25,133,0.767,4.0572,539.6,2h,train,0.525,237
3.5,0.5,133,0.714,3.8396,510.67,2h,train,0.525,237
3.5,0.75,133,0.677,3.5572,473.11,2h,train,0.525,237
3.5,1.0,133,0.662,3.3903,450.9,2h,train,0.525,237
3.5,1.5,133,0.647,3.2166,427.81,2h,train,0.525,237
3.5,2.0,133,0.639,3.1379,417.34,2h,train,0.525,237
4.0,0.25,133,0.759,4.0135,533.8,2h,train,0.525,237
4.0,0.5,133,0.707,3.9108,520.13,2h,train,0.525,237
4.0,0.75,133,0.662,3.2403,430.96,2h,train,0.525,237
4.0,1.0,133,0.647,3.0968,411.87,2h,train,0.525,237
4.0,1.5,133,0.632,2.9506,392.43,2h,train,0.525,237
4.0,2.0,133,0.624,2.8524,379.36,2h,train,0.525,237
4.5,0.25,133,0.759,4.1746,555.23,2h,train,0.525,237
4.5,0.5,133,0.699,3.7665,500.94,2h,train,0.525,237
4.5,0.75,133,0.654,3.1288,416.14,2h,train,0.525,237
4.5,1.0,133,0.632,3.0106,400.41,2h,train,0.525,237
4.5,1.5,133,0.617,2.8223,375.36,2h,train,0.525,237
4.5,2.0,133,0.609,2.7246,362.37,2h,train,0.525,237
5.0,0.25,133,0.759,4.3854,583.26,2h,train,0.525,237
5.0,0.5,133,0.699,3.999,531.87,2h,train,0.525,237
5.0,0.75,133,0.654,3.4204,454.91,2h,train,0.525,237
5.0,1.0,133,0.632,3.3344,443.48,2h,train,0.525,237
5.0,1.5,133,0.617,3.1628,420.66,2h,train,0.525,237
5.0,2.0,133,0.609,3.067,407.91,2h,train,0.525,237
1.5,0.25,133,0.789,4.2536,565.73,2h,train,0.55,237
1.5,0.5,133,0.744,3.9977,531.69,2h,train,0.55,237
1.5,0.75,133,0.707,3.7841,503.29,2h,train,0.55,237
1.5,1.0,133,0.684,3.7113,493.6,2h,train,0.55,237
1.5,1.5,133,0.669,3.6483,485.22,2h,train,0.55,237
1.5,2.0,133,0.669,3.6198,481.44,2h,train,0.55,237
2.0,0.25,133,0.782,4.2158,560.7,2h,train,0.55,237
2.0,0.5,133,0.737,3.9995,531.93,2h,train,0.55,237
2.0,0.75,133,0.699,3.7982,505.16,2h,train,0.55,237
2.0,1.0,133,0.677,3.6206,481.54,2h,train,0.55,237
2.0,1.5,133,0.669,3.5322,469.78,2h,train,0.55,237
2.0,2.0,133,0.662,3.4916,464.39,2h,train,0.55,237
2.5,0.25,133,0.782,3.8476,511.74,2h,train,0.55,237
2.5,0.5,133,0.737,3.8094,506.65,2h,train,0.55,237
2.5,0.75,133,0.699,3.5583,473.26,2h,train,0.55,237
2.5,1.0,133,0.677,3.3807,449.64,2h,train,0.55,237
2.5,1.5,133,0.669,3.2978,438.61,2h,train,0.55,237
2.5,2.0,133,0.662,3.2615,433.77,2h,train,0.55,237
3.0,0.25,133,0.774,3.691,490.9,2h,train,0.55,237
3.0,0.5,133,0.722,3.3918,451.1,2h,train,0.55,237
3.0,0.75,133,0.677,3.1364,417.14,2h,train,0.55,237
3.0,1.0,133,0.654,2.9546,392.97,2h,train,0.55,237
3.0,1.5,133,0.639,2.86,380.38,2h,train,0.55,237
3.0,2.0,133,0.632,2.8149,374.39,2h,train,0.55,237
3.5,0.25,133,0.774,3.9982,531.76,2h,train,0.55,237
3.5,0.5,133,0.722,3.7801,502.75,2h,train,0.55,237
3.5,0.75,133,0.677,3.5845,476.74,2h,train,0.55,237
3.5,1.0,133,0.654,3.4364,457.05,2h,train,0.55,237
3.5,1.5,133,0.639,3.2749,435.56,2h,train,0.55,237
3.5,2.0,133,0.632,3.198,425.34,2h,train,0.55,237
4.0,0.25,133,0.767,3.9276,522.37,2h,train,0.55,237
4.0,0.5,133,0.714,3.7962,504.89,2h,train,0.55,237
4.0,0.75,133,0.662,3.2118,427.17,2h,train,0.55,237
4.0,1.0,133,0.639,3.088,410.7,2h,train,0.55,237
4.0,1.5,133,0.624,2.9492,392.25,2h,train,0.55,237
4.0,2.0,133,0.617,2.8498,379.02,2h,train,0.55,237
4.5,0.25,133,0.767,4.0993,545.21,2h,train,0.55,237
4.5,0.5,133,0.714,4.0006,532.08,2h,train,0.55,237
4.5,0.75,133,0.662,3.4418,457.76,2h,train,0.55,237
4.5,1.0,133,0.632,3.3574,446.53,2h,train,0.55,237
4.5,1.5,133,0.617,3.2092,426.83,2h,train,0.55,237
4.5,2.0,133,0.609,3.1267,415.86,2h,train,0.55,237
5.0,0.25,133,0.767,4.1601,553.3,2h,train,0.55,237
5.0,0.5,133,0.707,3.6808,489.54,2h,train,0.55,237
5.0,0.75,133,0.654,3.1421,417.9,2h,train,0.55,237
5.0,1.0,133,0.624,3.0808,409.75,2h,train,0.55,237
5.0,1.5,133,0.609,2.957,393.28,2h,train,0.55,237
5.0,2.0,133,0.602,2.8893,384.27,2h,train,0.55,237
1.5,0.25,133,0.797,3.7378,497.13,2h,train,0.575,237
1.5,0.5,133,0.744,3.5764,475.66,2h,train,0.575,237
1.5,0.75,133,0.722,3.3992,452.09,2h,train,0.575,237
1.5,1.0,133,0.699,3.3464,445.07,2h,train,0.575,237
1.5,1.5,133,0.684,3.3069,439.82,2h,train,0.575,237
1.5,2.0,133,0.677,3.2923,437.88,2h,train,0.575,237
2.0,0.25,133,0.789,3.7223,495.07,2h,train,0.575,237
2.0,0.5,133,0.737,3.5746,475.42,2h,train,0.575,237
2.0,0.75,133,0.707,3.4026,452.55,2h,train,0.575,237
2.0,1.0,133,0.684,3.2427,431.27,2h,train,0.575,237
2.0,1.5,133,0.677,3.1736,422.08,2h,train,0.575,237
2.0,2.0,133,0.662,3.1444,418.2,2h,train,0.575,237
2.5,0.25,133,0.789,3.8621,513.66,2h,train,0.575,237
2.5,0.5,133,0.737,3.6868,490.34,2h,train,0.575,237
2.5,0.75,133,0.707,3.5033,465.94,2h,train,0.575,237
2.5,1.0,133,0.684,3.337,443.82,2h,train,0.575,237
2.5,1.5,133,0.677,3.2608,433.68,2h,train,0.575,237
2.5,2.0,133,0.662,3.2275,429.25,2h,train,0.575,237
3.0,0.25,133,0.782,3.7776,502.42,2h,train,0.575,237
3.0,0.5,133,0.722,3.4922,464.46,2h,train,0.575,237
3.0,0.75,133,0.692,3.2399,430.91,2h,train,0.575,237
3.0,1.0,133,0.662,3.0614,407.17,2h,train,0.575,237
3.0,1.5,133,0.654,2.9699,394.99,2h,train,0.575,237
3.0,2.0,133,0.639,2.9271,389.3,2h,train,0.575,237
3.5,0.25,133,0.782,4.0984,545.08,2h,train,0.575,237
3.5,0.5,133,0.722,3.8107,506.82,2h,train,0.575,237
3.5,0.75,133,0.692,3.5832,476.57,2h,train,0.575,237
3.5,1.0,133,0.662,3.4264,455.72,2h,train,0.575,237
3.5,1.5,133,0.647,3.2564,433.1,2h,train,0.575,237
3.5,2.0,133,0.632,3.1724,421.92,2h,train,0.575,237
4.0,0.25,133,0.774,4.0289,535.84,2h,train,0.575,237
4.0,0.5,133,0.714,3.8624,513.7,2h,train,0.575,237
4.0,0.75,133,0.677,3.376,449.01,2h,train,0.575,237
4.0,1.0,133,0.647,3.2688,434.75,2h,train,0.575,237
4.0,1.5,133,0.632,3.1528,419.33,2h,train,0.575,237
4.0,2.0,133,0.617,3.0644,407.56,2h,train,0.575,237
4.5,0.25,133,0.774,4.1502,551.98,2h,train,0.575,237
4.5,0.5,133,0.714,3.947,524.95,2h,train,0.575,237
4.5,0.75,133,0.677,3.366,447.68,2h,train,0.575,237
4.5,1.0,133,0.639,3.2699,434.89,2h,train,0.575,237
4.5,1.5,133,0.624,3.1142,414.19,2h,train,0.575,237
4.5,2.0,133,0.609,3.0264,402.51,2h,train,0.575,237
5.0,0.25,133,0.774,4.2363,563.43,2h,train,0.575,237
5.0,0.5,133,0.707,3.7543,499.33,2h,train,0.575,237
5.0,0.75,133,0.669,3.1905,424.34,2h,train,0.575,237
5.0,1.0,133,0.632,3.1041,412.84,2h,train,0.575,237
5.0,1.5,133,0.617,2.9645,394.28,2h,train,0.575,237
5.0,2.0,133,0.602,2.8896,384.32,2h,train,0.575,237
1.5,0.25,133,0.805,3.8848,516.67,2h,train,0.6,237
1.5,0.5,133,0.744,3.6676,487.79,2h,train,0.6,237
1.5,0.75,133,0.729,3.6098,480.1,2h,train,0.6,237
1.5,1.0,133,0.714,3.5918,477.71,2h,train,0.6,237
1.5,1.5,133,0.692,3.585,476.81,2h,train,0.6,237
1.5,2.0,133,0.684,3.5877,477.17,2h,train,0.6,237
2.0,0.25,133,0.797,3.8715,514.92,2h,train,0.6,237
2.0,0.5,133,0.737,3.7619,500.34,2h,train,0.6,237
2.0,0.75,133,0.714,3.6213,481.63,2h,train,0.6,237
2.0,1.0,133,0.699,3.4786,462.65,2h,train,0.6,237
2.0,1.5,133,0.677,3.428,455.93,2h,train,0.6,237
2.0,2.0,133,0.662,3.4098,453.5,2h,train,0.6,237
2.5,0.25,133,0.797,4.0576,539.66,2h,train,0.6,237
2.5,0.5,133,0.737,3.9217,521.58,2h,train,0.6,237
2.5,0.75,133,0.714,3.7614,500.26,2h,train,0.6,237
2.5,1.0,133,0.699,3.6078,479.83,2h,train,0.6,237
2.5,1.5,133,0.684,3.545,471.48,2h,train,0.6,237
2.5,2.0,133,0.669,3.5197,468.12,2h,train,0.6,237
3.0,0.25,133,0.789,3.8907,517.46,2h,train,0.6,237
3.0,0.5,133,0.729,3.8742,515.26,2h,train,0.6,237
3.0,0.75,133,0.707,3.6705,488.18,2h,train,0.6,237
3.0,1.0,133,0.684,3.5169,467.75,2h,train,0.6,237
3.0,1.5,133,0.669,3.4523,459.16,2h,train,0.6,237
3.0,2.0,133,0.654,3.4253,455.56,2h,train,0.6,237
3.5,0.25,133,0.789,4.2635,567.05,2h,train,0.6,237
3.5,0.5,133,0.722,4.0125,533.66,2h,train,0.6,237
3.5,0.75,133,0.699,3.8098,506.7,2h,train,0.6,237
3.5,1.0,133,0.677,3.6665,487.65,2h,train,0.6,237
3.5,1.5,133,0.654,3.5147,467.46,2h,train,0.6,237
3.5,2.0,133,0.639,3.4393,457.42,2h,train,0.6,237
4.0,0.25,133,0.782,4.2643,567.16,2h,train,0.6,237
4.0,0.5,133,0.714,4.1139,547.15,2h,train,0.6,237
4.0,0.75,133,0.692,3.9326,523.03,2h,train,0.6,237
4.0,1.0,133,0.669,3.792,504.34,2h,train,0.6,237
4.0,1.5,133,0.647,3.644,484.66,2h,train,0.6,237
4.0,2.0,133,0.632,3.5708,474.91,2h,train,0.6,237
4.5,0.25,133,0.782,4.3002,571.93,2h,train,0.6,237
4.5,0.5,133,0.714,4.2735,568.37,2h,train,0.6,237
4.5,0.75,133,0.684,3.7441,497.96,2h,train,0.6,237
4.5,1.0,133,0.662,3.6493,485.35,2h,train,0.6,237
4.5,1.5,133,0.639,3.4725,461.84,2h,train,0.6,237
4.5,2.0,133,0.624,3.3677,447.91,2h,train,0.6,237
5.0,0.25,133,0.782,4.4682,594.27,2h,train,0.6,237
5.0,0.5,133,0.714,4.4496,591.8,2h,train,0.6,237
5.0,0.75,133,0.684,3.9189,521.22,2h,train,0.6,237
5.0,1.0,133,0.654,3.8424,511.04,2h,train,0.6,237
5.0,1.5,133,0.632,3.7096,493.37,2h,train,0.6,237
5.0,2.0,133,0.617,3.6323,483.1,2h,train,0.6,237
1.5,0.25,131,0.809,4.1304,541.09,2h,train,0.625,237
1.5,0.5,131,0.748,3.8046,498.41,2h,train,0.625,237
1.5,0.75,131,0.733,3.732,488.89,2h,train,0.625,237
1.5,1.0,131,0.725,3.7071,485.63,2h,train,0.625,237
1.5,1.5,131,0.702,3.6926,483.74,2h,train,0.625,237
1.5,2.0,131,0.695,3.691,483.52,2h,train,0.625,237
2.0,0.25,131,0.802,4.1454,543.05,2h,train,0.625,237
2.0,0.5,131,0.74,3.9947,523.3,2h,train,0.625,237
2.0,0.75,131,0.718,3.8392,502.94,2h,train,0.625,237
2.0,1.0,131,0.71,3.6857,482.83,2h,train,0.625,237
2.0,1.5,131,0.687,3.6227,474.57,2h,train,0.625,237
2.0,2.0,131,0.672,3.5974,471.26,2h,train,0.625,237
2.5,0.25,131,0.802,4.316,565.39,2h,train,0.625,237
2.5,0.5,131,0.74,4.1234,540.17,2h,train,0.625,237
2.5,0.75,131,0.718,3.9446,516.74,2h,train,0.625,237
2.5,1.0,131,0.71,3.7784,494.96,2h,train,0.625,237
2.5,1.5,131,0.695,3.7012,484.86,2h,train,0.625,237
2.5,2.0,131,0.679,3.6679,480.5,2h,train,0.625,237
3.0,0.25,131,0.794,4.2358,554.88,2h,train,0.625,237
3.0,0.5,131,0.733,4.171,546.4,2h,train,0.625,237
3.0,0.75,131,0.71,3.9111,512.36,2h,train,0.625,237
3.0,1.0,131,0.702,3.7324,488.94,2h,train,0.625,237
3.0,1.5,131,0.687,3.6474,477.81,2h,train,0.625,237
3.0,2.0,131,0.672,3.6109,473.03,2h,train,0.625,237
3.5,0.25,131,0.794,4.5255,592.85,2h,train,0.625,237
3.5,0.5,131,0.725,4.2033,550.64,2h,train,0.625,237
3.5,0.75,131,0.702,3.947,517.06,2h,train,0.625,237
3.5,1.0,131,0.695,3.7608,492.66,2h,train,0.625,237
3.5,1.5,131,0.672,3.6593,479.37,2h,train,0.625,237
3.5,2.0,131,0.649,3.6113,473.08,2h,train,0.625,237
4.0,0.25,131,0.786,4.4747,586.19,2h,train,0.625,237
4.0,0.5,131,0.718,4.2196,552.77,2h,train,0.625,237
4.0,0.75,131,0.695,3.999,523.87,2h,train,0.625,237
4.0,1.0,131,0.687,3.8342,502.27,2h,train,0.625,237
4.0,1.5,131,0.664,3.6608,479.57,2h,train,0.625,237
4.0,2.0,131,0.641,3.5708,467.78,2h,train,0.625,237
4.5,0.25,131,0.786,4.5797,599.94,2h,train,0.625,237
4.5,0.5,131,0.718,4.4622,584.55,2h,train,0.625,237
4.5,0.75,131,0.687,3.9733,520.5,2h,train,0.625,237
4.5,1.0,131,0.679,3.8627,506.02,2h,train,0.625,237
4.5,1.5,131,0.656,3.7474,490.91,2h,train,0.625,237
4.5,2.0,131,0.634,3.6547,478.77,2h,train,0.625,237
5.0,0.25,131,0.786,4.7279,619.36,2h,train,0.625,237
5.0,0.5,131,0.718,4.6325,606.86,2h,train,0.625,237
5.0,0.75,131,0.687,4.0659,532.63,2h,train,0.625,237
5.0,1.0,131,0.672,3.9516,517.66,2h,train,0.625,237
5.0,1.5,131,0.649,3.755,491.9,2h,train,0.625,237
5.0,2.0,131,0.626,3.6368,476.42,2h,train,0.625,237
1.5,0.25,130,0.831,4.1631,541.21,2h,train,0.65,237
1.5,0.5,130,0.769,3.8437,499.69,2h,train,0.65,237
1.5,0.75,130,0.738,3.7844,491.97,2h,train,0.65,237
1.5,1.0,130,0.723,3.7658,489.56,2h,train,0.65,237
1.5,1.5,130,0.715,3.758,488.54,2h,train,0.65,237
1.5,2.0,130,0.7,3.7599,488.79,2h,train,0.65,237
2.0,0.25,130,0.823,4.3073,559.95,2h,train,0.65,237
2.0,0.5,130,0.762,4.1056,533.72,2h,train,0.65,237
2.0,0.75,130,0.731,3.9358,511.65,2h,train,0.65,237
2.0,1.0,130,0.708,3.8805,504.47,2h,train,0.65,237
2.0,1.5,130,0.7,3.8391,499.08,2h,train,0.65,237
2.0,2.0,130,0.685,3.8234,497.04,2h,train,0.65,237
2.5,0.25,130,0.815,4.2858,557.16,2h,train,0.65,237
2.5,0.5,130,0.754,4.1163,535.11,2h,train,0.65,237
2.5,0.75,130,0.723,3.9589,514.66,2h,train,0.65,237
2.5,1.0,130,0.7,3.8015,494.19,2h,train,0.65,237
2.5,1.5,130,0.692,3.7327,485.25,2h,train,0.65,237
2.5,2.0,130,0.677,3.7041,481.53,2h,train,0.65,237
3.0,0.25,130,0.808,4.2003,546.04,2h,train,0.65,237
3.0,0.5,130,0.746,4.0981,532.75,2h,train,0.65,237
3.0,0.75,130,0.715,3.9697,516.06,2h,train,0.65,237
3.0,1.0,130,0.692,3.828,497.63,2h,train,0.65,237
3.0,1.5,130,0.685,3.7764,490.94,2h,train,0.65,237
3.0,2.0,130,0.669,3.7573,488.45,2h,train,0.65,237
3.5,0.25,130,0.808,4.3877,570.4,2h,train,0.65,237
3.5,0.5,130,0.738,4.0717,529.32,2h,train,0.65,237
3.5,0.75,130,0.708,3.8334,498.35,2h,train,0.65,237
3.5,1.0,130,0.685,3.6555,475.21,2h,train,0.65,237
3.5,1.5,130,0.669,3.5623,463.1,2h,train,0.65,237
3.5,2.0,130,0.646,3.5188,457.45,2h,train,0.65,237
4.0,0.25,130,0.808,4.5876,596.39,2h,train,0.65,237
4.0,0.5,130,0.738,4.2962,558.51,2h,train,0.65,237
4.0,0.75,130,0.708,4.0837,530.88,2h,train,0.65,237
4.0,1.0,130,0.685,3.9291,510.78,2h,train,0.65,237
4.0,1.5,130,0.669,3.767,489.71,2h,train,0.65,237
4.0,2.0,130,0.646,3.6807,478.49,2h,train,0.65,237
4.5,0.25,130,0.8,4.5172,587.24,2h,train,0.65,237
4.5,0.5,130,0.731,4.3361,563.69,2h,train,0.65,237
4.5,0.75,130,0.692,3.8543,501.05,2h,train,0.65,237
4.5,1.0,130,0.669,3.746,486.98,2h,train,0.65,237
4.5,1.5,130,0.654,3.6345,472.49,2h,train,0.65,237
4.5,2.0,130,0.631,3.5412,460.36,2h,train,0.65,237
5.0,0.25,130,0.8,4.5915,596.9,2h,train,0.65,237
5.0,0.5,130,0.731,4.5194,587.53,2h,train,0.65,237
5.0,0.75,130,0.692,4.0694,529.03,2h,train,0.65,237
5.0,1.0,130,0.669,3.9859,518.16,2h,train,0.65,237
5.0,1.5,130,0.654,3.8176,496.28,2h,train,0.65,237
5.0,2.0,130,0.631,3.7113,482.47,2h,train,0.65,237
1.5,0.25,129,0.829,4.1417,534.28,2h,train,0.675,237
1.5,0.5,129,0.767,3.7775,487.29,2h,train,0.675,237
1.5,0.75,129,0.736,3.7048,477.92,2h,train,0.675,237
1.5,1.0,129,0.736,3.6792,474.61,2h,train,0.675,237
1.5,1.5,129,0.721,3.6636,472.61,2h,train,0.675,237
1.5,2.0,129,0.705,3.6614,472.32,2h,train,0.675,237
2.0,0.25,129,0.822,4.2693,550.73,2h,train,0.675,237
2.0,0.5,129,0.76,4.0706,525.11,2h,train,0.675,237
2.0,0.75,129,0.729,3.9028,503.46,2h,train,0.675,237
2.0,1.0,129,0.729,3.846,496.13,2h,train,0.675,237
2.0,1.5,129,0.713,3.8028,490.56,2h,train,0.675,237
2.0,2.0,129,0.698,3.7863,488.43,2h,train,0.675,237
2.5,0.25,129,0.814,4.2142,543.63,2h,train,0.675,237
2.5,0.5,129,0.752,4.014,517.81,2h,train,0.675,237
2.5,0.75,129,0.721,3.8585,497.75,2h,train,0.675,237
2.5,1.0,129,0.713,3.7004,477.35,2h,train,0.675,237
2.5,1.5,129,0.698,3.63,468.27,2h,train,0.675,237
2.5,2.0,129,0.682,3.6007,464.49,2h,train,0.675,237
3.0,0.25,129,0.814,4.39,566.31,2h,train,0.675,237
3.0,0.5,129,0.752,4.247,547.87,2h,train,0.675,237
3.0,0.75,129,0.721,4.1079,529.92,2h,train,0.675,237
3.0,1.0,129,0.713,3.9584,510.64,2h,train,0.675,237
3.0,1.5,129,0.698,3.8975,502.78,2h,train,0.675,237
3.0,2.0,129,0.682,3.8734,499.67,2h,train,0.675,237
3.5,0.25,129,0.806,4.2619,549.78,2h,train,0.675,237
3.5,0.5,129,0.744,4.2121,543.36,2h,train,0.675,237
3.5,0.75,129,0.713,3.95,509.55,2h,train,0.675,237
3.5,1.0,129,0.705,3.7641,485.57,2h,train,0.675,237
3.5,1.5,129,0.69,3.6699,473.41,2h,train,0.675,237
3.5,2.0,129,0.674,3.6284,468.07,2h,train,0.675,237
4.0,0.25,129,0.806,4.5334,584.8,2h,train,0.675,237
4.0,0.5,129,0.736,4.1985,541.6,2h,train,0.675,237
4.0,0.75,129,0.705,3.9478,509.27,2h,train,0.675,237
4.0,1.0,129,0.698,3.7591,484.92,2h,train,0.675,237
4.0,1.5,129,0.674,3.653,471.23,2h,train,0.675,237
4.0,2.0,129,0.651,3.6023,464.7,2h,train,0.675,237
4.5,0.25,129,0.798,4.5052,581.17,2h,train,0.675,237
4.5,0.5,129,0.729,4.2311,545.81,2h,train,0.675,237
4.5,0.75,129,0.698,4.012,517.55,2h,train,0.675,237
4.5,1.0,129,0.69,3.8425,495.68,2h,train,0.675,237
4.5,1.5,129,0.667,3.6671,473.06,2h,train,0.675,237
4.5,2.0,129,0.643,3.5714,460.71,2h,train,0.675,237
5.0,0.25,129,0.798,4.5863,591.63,2h,train,0.675,237
5.0,0.5,129,0.729,4.4449,573.39,2h,train,0.675,237
5.0,0.75,129,0.69,3.9853,514.11,2h,train,0.675,237
5.0,1.0,129,0.682,3.8911,501.95,2h,train,0.675,237
5.0,1.5,129,0.659,3.7184,479.68,2h,train,0.675,237
5.0,2.0,129,0.636,3.6084,465.49,2h,train,0.675,237
1.5,0.25,128,0.828,4.2287,541.28,2h,train,0.7,237
1.5,0.5,128,0.773,3.9483,505.38,2h,train,0.7,237
1.5,0.75,128,0.734,3.8889,497.78,2h,train,0.7,237
1.5,1.0,128,0.734,3.8697,495.32,2h,train,0.7,237
1.5,1.5,128,0.727,3.8611,494.22,2h,train,0.7,237
1.5,2.0,128,0.719,3.863,494.46,2h,train,0.7,237
2.0,0.25,128,0.82,4.2924,549.42,2h,train,0.7,237
2.0,0.5,128,0.766,4.0063,512.8,2h,train,0.7,237
2.0,0.75,128,0.727,3.9385,504.12,2h,train,0.7,237
2.0,1.0,128,0.727,3.9147,501.08,2h,train,0.7,237
2.0,1.5,128,0.719,3.9009,499.32,2h,train,0.7,237
2.0,2.0,128,0.711,3.8998,499.17,2h,train,0.7,237
2.5,0.25,128,0.812,4.332,554.5,2h,train,0.7,237
2.5,0.5,128,0.758,4.2003,537.64,2h,train,0.7,237
2.5,0.75,128,0.719,4.0581,519.43,2h,train,0.7,237
2.5,1.0,128,0.711,3.9049,499.83,2h,train,0.7,237
2.5,1.5,128,0.703,3.8391,491.41,2h,train,0.7,237
2.5,2.0,128,0.703,3.8126,488.01,2h,train,0.7,237
3.0,0.25,128,0.812,4.4898,574.7,2h,train,0.7,237
3.0,0.5,128,0.758,4.4218,565.99,2h,train,0.7,237
3.0,0.75,128,0.719,4.2992,550.3,2h,train,0.7,237
3.0,1.0,128,0.711,4.1568,532.07,2h,train,0.7,237
3.0,1.5,128,0.703,4.1028,525.15,2h,train,0.7,237
3.0,2.0,128,0.703,4.0828,522.59,2h,train,0.7,237
3.5,0.25,128,0.805,4.3224,553.27,2h,train,0.7,237
3.5,0.5,128,0.75,4.2282,541.21,2h,train,0.7,237
3.5,0.75,128,0.711,4.0964,524.33,2h,train,0.7,237
3.5,1.0,128,0.703,3.9485,505.41,2h,train,0.7,237
3.5,1.5,128,0.695,3.8881,497.68,2h,train,0.7,237
3.5,2.0,128,0.695,3.8643,494.63,2h,train,0.7,237
4.0,0.25,128,0.805,4.65,595.19,2h,train,0.7,237
4.0,0.5,128,0.742,4.3569,557.68,2h,train,0.7,237
4.0,0.75,128,0.703,4.1184,527.16,2h,train,0.7,237
4.0,1.0,128,0.695,3.9351,503.69,2h,train,0.7,237
4.0,1.5,128,0.688,3.8344,490.8,2h,train,0.7,237
4.0,2.0,128,0.672,3.787,484.74,2h,train,0.7,237
4.5,0.25,128,0.797,4.5934,587.95,2h,train,0.7,237
4.5,0.5,128,0.734,4.3725,559.68,2h,train,0.7,237
4.5,0.75,128,0.695,4.1689,533.62,2h,train,0.7,237
4.5,1.0,128,0.688,4.0052,512.67,2h,train,0.7,237
4.5,1.5,128,0.68,3.8379,491.25,2h,train,0.7,237
4.5,2.0,128,0.664,3.7445,479.3,2h,train,0.7,237
5.0,0.25,128,0.797,4.6652,597.15,2h,train,0.7,237
5.0,0.5,128,0.734,4.4985,575.81,2h,train,0.7,237
5.0,0.75,128,0.688,4.0212,514.72,2h,train,0.7,237
5.0,1.0,128,0.68,3.9162,501.27,2h,train,0.7,237
5.0,1.5,128,0.672,3.7331,477.84,2h,train,0.7,237
5.0,2.0,128,0.656,3.615,462.71,2h,train,0.7,237
1.5,0.25,66,0.803,4.7166,311.29,2h,validation,0.3,101
1.5,0.5,66,0.758,5.6776,374.72,2h,validation,0.3,101
1.5,0.75,66,0.742,5.8418,385.56,2h,validation,0.3,101
1.5,1.0,66,0.742,5.9865,395.11,2h,validation,0.3,101
1.5,1.5,66,0.727,6.2276,411.02,2h,validation,0.3,101
1.5,2.0,66,0.727,6.3789,421.01,2h,validation,0.3,101
2.0,0.25,66,0.803,5.212,343.99,2h,validation,0.3,101
2.0,0.5,66,0.758,6.6377,438.09,2h,validation,0.3,101
2.0,0.75,66,0.742,6.9405,458.07,2h,validation,0.3,101
2.0,1.0,66,0.742,7.1787,473.79,2h,validation,0.3,101
2.0,1.5,66,0.727,7.4427,491.22,2h,validation,0.3,101
2.0,2.0,66,0.727,7.5793,500.23,2h,validation,0.3,101
2.5,0.25,66,0.803,5.4746,361.32,2h,validation,0.3,101
2.5,0.5,66,0.727,6.0875,401.78,2h,validation,0.3,101
2.5,0.75,66,0.712,6.4712,427.1,2h,validation,0.3,101
2.5,1.0,66,0.712,6.8101,449.47,2h,validation,0.3,101
2.5,1.5,66,0.697,7.2782,480.36,2h,validation,0.3,101
2.5,2.0,66,0.697,7.6765,506.65,2h,validation,0.3,101
3.0,0.25,66,0.788,5.0488,333.22,2h,validation,0.3,101
3.0,0.5,66,0.712,5.961,393.42,2h,validation,0.3,101
3.0,0.75,66,0.697,6.4463,425.46,2h,validation,0.3,101
3.0,1.0,66,0.697,6.8328,450.97,2h,validation,0.3,101
3.0,1.5,66,0.682,7.3492,485.04,2h,validation,0.3,101
3.0,2.0,66,0.682,7.7733,513.04,2h,validation,0.3,101
3.5,0.25,66,0.788,5.1367,339.02,2h,validation,0.3,101
3.5,0.5,66,0.712,6.119,403.86,2h,validation,0.3,101
3.5,0.75,66,0.697,6.6414,438.34,2h,validation,0.3,101
3.5,1.0,66,0.697,7.1344,470.87,2h,validation,0.3,101
3.5,1.5,66,0.682,7.3887,487.65,2h,validation,0.3,101
3.5,2.0,66,0.682,7.7172,509.33,2h,validation,0.3,101
4.0,0.25,66,0.788,5.4524,359.86,2h,validation,0.3,101
4.0,0.5,66,0.712,6.5119,429.79,2h,validation,0.3,101
4.0,0.75,66,0.697,7.0114,462.75,2h,validation,0.3,101
4.0,1.0,66,0.697,7.5064,495.42,2h,validation,0.3,101
4.0,1.5,66,0.682,7.7798,513.47,2h,validation,0.3,101
4.0,2.0,66,0.682,8.081,533.34,2h,validation,0.3,101
4.5,0.25,66,0.773,5.2234,344.74,2h,validation,0.3,101
4.5,0.5,66,0.697,6.395,422.07,2h,validation,0.3,101
4.5,0.75,66,0.682,6.9445,458.34,2h,validation,0.3,101
4.5,1.0,66,0.682,7.5186,496.23,2h,validation,0.3,101
4.5,1.5,66,0.667,8.0312,530.06,2h,validation,0.3,101
4.5,2.0,66,0.667,8.4472,557.52,2h,validation,0.3,101
5.0,0.25,66,0.773,5.6944,375.83,2h,validation,0.3,101
5.0,0.5,66,0.697,7.1794,473.84,2h,validation,0.3,101
5.0,0.75,66,0.682,7.7538,511.75,2h,validation,0.3,101
5.0,1.0,66,0.682,8.3625,551.93,2h,validation,0.3,101
5.0,1.5,66,0.667,8.9247,589.03,2h,validation,0.3,101
5.0,2.0,66,0.667,9.3722,618.57,2h,validation,0.3,101
1.5,0.25,65,0.8,4.4632,290.11,2h,validation,0.325,101
1.5,0.5,65,0.769,5.3144,345.43,2h,validation,0.325,101
1.5,0.75,65,0.754,5.3657,348.77,2h,validation,0.325,101
1.5,1.0,65,0.738,5.4116,351.75,2h,validation,0.325,101
1.5,1.5,65,0.738,5.5056,357.86,2h,validation,0.325,101
1.5,2.0,65,0.723,5.5738,362.29,2h,validation,0.325,101
2.0,0.25,65,0.8,4.9697,323.03,2h,validation,0.325,101
2.0,0.5,65,0.769,6.0827,395.37,2h,validation,0.325,101
2.0,0.75,65,0.754,6.2486,406.16,2h,validation,0.325,101
2.0,1.0,65,0.738,6.3561,413.15,2h,validation,0.325,101
2.0,1.5,65,0.738,6.4304,417.98,2h,validation,0.325,101
2.0,2.0,65,0.723,6.4568,419.69,2h,validation,0.325,101
2.5,0.25,65,0.8,5.1152,332.49,2h,validation,0.325,101
2.5,0.5,65,0.738,5.4405,353.63,2h,validation,0.325,101
2.5,0.75,65,0.723,5.6825,369.36,2h,validation,0.325,101
2.5,1.0,65,0.708,5.9055,383.86,2h,validation,0.325,101
2.5,1.5,65,0.708,6.1931,402.55,2h,validation,0.325,101
2.5,2.0,65,0.692,6.4433,418.81,2h,validation,0.325,101
3.0,0.25,65,0.785,4.8634,316.12,2h,validation,0.325,101
3.0,0.5,65,0.723,5.5595,361.36,2h,validation,0.325,101
3.0,0.75,65,0.708,5.9609,387.46,2h,validation,0.325,101
3.0,1.0,65,0.692,6.2552,406.59,2h,validation,0.325,101
3.0,1.5,65,0.692,6.6074,429.48,2h,validation,0.325,101
3.0,2.0,65,0.677,6.889,447.79,2h,validation,0.325,101
3.5,0.25,65,0.785,4.9102,319.16,2h,validation,0.325,101
3.5,0.5,65,0.723,5.6693,368.5,2h,validation,0.325,101
3.5,0.75,65,0.708,6.1108,397.2,2h,validation,0.325,101
3.5,1.0,65,0.692,6.495,422.17,2h,validation,0.325,101
3.5,1.5,65,0.692,6.5759,427.43,2h,validation,0.325,101
3.5,2.0,65,0.677,6.7596,439.38,2h,validation,0.325,101
4.0,0.25,65,0.785,5.2672,342.37,2h,validation,0.325,101
4.0,0.5,65,0.723,6.114,397.41,2h,validation,0.325,101
4.0,0.75,65,0.708,6.5291,424.39,2h,validation,0.325,101
4.0,1.0,65,0.692,6.9298,450.44,2h,validation,0.325,101
4.0,1.5,65,0.692,7.0197,456.28,2h,validation,0.325,101
4.0,2.0,65,0.677,7.1973,467.82,2h,validation,0.325,101
4.5,0.25,65,0.769,5.037,327.4,2h,validation,0.325,101
4.5,0.5,65,0.708,5.7892,376.3,2h,validation,0.325,101
4.5,0.75,65,0.692,6.1655,400.76,2h,validation,0.325,101
4.5,1.0,65,0.677,6.5978,428.86,2h,validation,0.325,101
4.5,1.5,65,0.677,6.8949,448.17,2h,validation,0.325,101
4.5,2.0,65,0.662,7.1323,463.6,2h,validation,0.325,101
5.0,0.25,65,0.769,5.5124,358.31,2h,validation,0.325,101
5.0,0.5,65,0.708,6.7871,441.16,2h,validation,0.325,101
5.0,0.75,65,0.692,7.2789,473.13,2h,validation,0.325,101
5.0,1.0,65,0.677,7.7962,506.75,2h,validation,0.325,101
5.0,1.5,65,0.677,8.2037,533.24,2h,validation,0.325,101
5.0,2.0,65,0.662,8.5094,553.11,2h,validation,0.325,101
1.5,0.25,65,0.8,4.3811,284.77,2h,validation,0.35,101
1.5,0.5,65,0.769,5.1541,335.01,2h,validation,0.35,101
1.5,0.75,65,0.769,5.2533,341.47,2h,validation,0.35,101
1.5,1.0,65,0.738,5.3374,346.93,2h,validation,0.35,101
1.5,1.5,65,0.738,5.472,355.68,2h,validation,0.35,101
1.5,2.0,65,0.723,5.5625,361.56,2h,validation,0.35,101
2.0,0.25,65,0.8,4.8226,313.47,2h,validation,0.35,101
2.0,0.5,65,0.769,5.804,377.26,2h,validation,0.35,101
2.0,0.75,65,0.769,6.0802,395.21,2h,validation,0.35,101
2.0,1.0,65,0.738,6.2572,406.72,2h,validation,0.35,101
2.0,1.5,65,0.738,6.4264,417.72,2h,validation,0.35,101
2.0,2.0,65,0.723,6.5039,422.75,2h,validation,0.35,101
2.5,0.25,65,0.8,5.0805,330.23,2h,validation,0.35,101
2.5,0.5,65,0.738,5.4699,355.54,2h,validation,0.35,101
2.5,0.75,65,0.738,5.7395,373.07,2h,validation,0.35,101
2.5,1.0,65,0.708,5.9576,387.24,2h,validation,0.35,101
2.5,1.5,65,0.708,6.2326,405.12,2h,validation,0.35,101
2.5,2.0,65,0.692,6.3737,414.29,2h,validation,0.35,101
3.0,0.25,65,0.785,4.7695,310.02,2h,validation,0.35,101
3.0,0.5,65,0.723,5.5116,358.26,2h,validation,0.35,101
3.0,0.75,65,0.723,5.9375,385.94,2h,validation,0.35,101
3.0,1.0,65,0.692,6.2262,404.71,2h,validation,0.35,101
3.0,1.5,65,0.692,6.6052,429.34,2h,validation,0.35,101
3.0,2.0,65,0.677,6.8916,447.95,2h,validation,0.35,101
3.5,0.25,65,0.785,4.8733,316.77,2h,validation,0.35,101
3.5,0.5,65,0.723,5.6928,370.03,2h,validation,0.35,101
3.5,0.75,65,0.723,6.1665,400.82,2h,validation,0.35,101
3.5,1.0,65,0.692,6.5425,425.26,2h,validation,0.35,101
3.5,1.5,65,0.692,6.6572,432.72,2h,validation,0.35,101
3.5,2.0,65,0.677,6.8569,445.7,2h,validation,0.35,101
4.0,0.25,65,0.785,5.0761,329.95,2h,validation,0.35,101
4.0,0.5,65,0.723,5.9251,385.13,2h,validation,0.35,101
4.0,0.75,65,0.723,6.4397,418.58,2h,validation,0.35,101
4.0,1.0,65,0.692,6.8603,445.92,2h,validation,0.35,101
4.0,1.5,65,0.692,7.0133,455.87,2h,validation,0.35,101
4.0,2.0,65,0.677,7.2227,469.47,2h,validation,0.35,101
4.5,0.25,65,0.769,4.9437,321.34,2h,validation,0.35,101
4.5,0.5,65,0.708,5.7838,375.94,2h,validation,0.35,101
4.5,0.75,65,0.708,6.2003,403.02,2h,validation,0.35,101
4.5,1.0,65,0.677,6.6539,432.5,2h,validation,0.35,101
4.5,1.5,65,0.677,6.9812,453.78,2h,validation,0.35,101
4.5,2.0,65,0.662,7.2243,469.58,2h,validation,0.35,101
5.0,0.25,65,0.769,5.569,361.98,2h,validation,0.35,101
5.0,0.5,65,0.708,6.9372,450.91,2h,validation,0.35,101
5.0,0.75,65,0.708,7.4372,483.42,2h,validation,0.35,101
5.0,1.0,65,0.677,7.9595,517.37,2h,validation,0.35,101
5.0,1.5,65,0.677,8.3822,544.85,2h,validation,0.35,101
5.0,2.0,65,0.662,8.6862,564.6,2h,validation,0.35,101
1.5,0.25,65,0.815,4.4446,288.9,2h,validation,0.375,101
1.5,0.5,65,0.769,5.2098,338.64,2h,validation,0.375,101
1.5,0.75,65,0.769,5.3332,346.66,2h,validation,0.375,101
1.5,1.0,65,0.769,5.4309,353.01,2h,validation,0.375,101
1.5,1.5,65,0.738,5.5814,362.79,2h,validation,0.375,101
1.5,2.0,65,0.738,5.6806,369.24,2h,validation,0.375,101
2.0,0.25,65,0.815,4.767,309.86,2h,validation,0.375,101
2.0,0.5,65,0.769,5.6933,370.06,2h,validation,0.375,101
2.0,0.75,65,0.769,5.9663,387.81,2h,validation,0.375,101
2.0,1.0,65,0.769,6.1466,399.53,2h,validation,0.375,101
2.0,1.5,65,0.738,6.3242,411.08,2h,validation,0.375,101
2.0,2.0,65,0.738,6.4078,416.51,2h,validation,0.375,101
2.5,0.25,65,0.815,5.132,333.58,2h,validation,0.375,101
2.5,0.5,65,0.754,6.3839,414.95,2h,validation,0.375,101
2.5,0.75,65,0.754,6.5736,427.28,2h,validation,0.375,101
2.5,1.0,65,0.754,6.7183,436.69,2h,validation,0.375,101
2.5,1.5,65,0.723,6.8733,446.77,2h,validation,0.375,101
2.5,2.0,65,0.723,6.9491,451.69,2h,validation,0.375,101
3.0,0.25,65,0.8,4.7575,309.24,2h,validation,0.375,101
3.0,0.5,65,0.723,5.4659,355.28,2h,validation,0.375,101
3.0,0.75,65,0.723,5.871,381.61,2h,validation,0.375,101
3.0,1.0,65,0.723,6.1546,400.05,2h,validation,0.375,101
3.0,1.5,65,0.692,6.5302,424.46,2h,validation,0.375,101
3.0,2.0,65,0.692,6.8156,443.02,2h,validation,0.375,101
3.5,0.25,65,0.8,4.8777,317.05,2h,validation,0.375,101
3.5,0.5,65,0.723,5.6694,368.51,2h,validation,0.375,101
3.5,0.75,65,0.723,6.1095,397.12,2h,validation,0.375,101
3.5,1.0,65,0.723,6.4716,420.66,2h,validation,0.375,101
3.5,1.5,65,0.692,6.5828,427.88,2h,validation,0.375,101
3.5,2.0,65,0.692,6.7622,439.55,2h,validation,0.375,101
4.0,0.25,65,0.8,5.1225,332.97,2h,validation,0.375,101
4.0,0.5,65,0.723,6.006,390.39,2h,validation,0.375,101
4.0,0.75,65,0.723,6.516,423.54,2h,validation,0.375,101
4.0,1.0,65,0.723,6.9389,451.03,2h,validation,0.375,101
4.0,1.5,65,0.692,7.1071,461.96,2h,validation,0.375,101
4.0,2.0,65,0.692,7.3193,475.75,2h,validation,0.375,101
4.5,0.25,65,0.785,4.9905,324.38,2h,validation,0.375,101
4.5,0.5,65,0.708,5.8664,381.32,2h,validation,0.375,101
4.5,0.75,65,0.708,6.2698,407.53,2h,validation,0.375,101
4.5,1.0,65,0.708,6.6451,431.93,2h,validation,0.375,101
4.5,1.5,65,0.677,6.7869,441.15,2h,validation,0.375,101
4.5,2.0,65,0.677,6.9494,451.71,2h,validation,0.375,101
5.0,0.25,65,0.785,5.3746,349.35,2h,validation,0.375,101
5.0,0.5,65,0.708,6.5682,426.93,2h,validation,0.375,101
5.0,0.75,65,0.708,6.9322,450.59,2h,validation,0.375,101
5.0,1.0,65,0.708,7.3682,478.93,2h,validation,0.375,101
5.0,1.5,65,0.677,7.6993,500.45,2h,validation,0.375,101
5.0,2.0,65,0.677,7.9428,516.28,2h,validation,0.375,101
1.5,0.25,65,0.815,4.5928,298.53,2h,validation,0.4,101
1.5,0.5,65,0.769,5.3747,349.36,2h,validation,0.4,101
1.5,0.75,65,0.769,5.5004,357.53,2h,validation,0.4,101
1.5,1.0,65,0.769,5.6023,364.15,2h,validation,0.4,101
1.5,1.5,65,0.769,5.759,374.34,2h,validation,0.4,101
1.5,2.0,65,0.738,5.8621,381.04,2h,validation,0.4,101
2.0,0.25,65,0.815,4.82,313.3,2h,validation,0.4,101
2.0,0.5,65,0.769,5.6691,368.49,2h,validation,0.4,101
2.0,0.75,65,0.769,5.8738,381.8,2h,validation,0.4,101
2.0,1.0,65,0.769,6.0021,390.14,2h,validation,0.4,101
2.0,1.5,65,0.769,6.1309,398.51,2h,validation,0.4,101
2.0,2.0,65,0.738,6.2085,403.55,2h,validation,0.4,101
2.5,0.25,65,0.815,5.3371,346.91,2h,validation,0.4,101
2.5,0.5,65,0.769,6.6383,431.49,2h,validation,0.4,101
2.5,0.75,65,0.769,6.8424,444.76,2h,validation,0.4,101
2.5,1.0,65,0.769,6.9979,454.86,2h,validation,0.4,101
2.5,1.5,65,0.769,7.1682,465.93,2h,validation,0.4,101
2.5,2.0,65,0.738,7.2537,471.49,2h,validation,0.4,101
3.0,0.25,65,0.8,4.8293,313.91,2h,validation,0.4,101
3.0,0.5,65,0.723,5.6058,364.38,2h,validation,0.4,101
3.0,0.75,65,0.723,6.0179,391.16,2h,validation,0.4,101
3.0,1.0,65,0.723,6.3111,410.22,2h,validation,0.4,101
3.0,1.5,65,0.723,6.6993,435.46,2h,validation,0.4,101
3.0,2.0,65,0.692,6.9926,454.52,2h,validation,0.4,101
3.5,0.25,65,0.8,5.0131,325.85,2h,validation,0.4,101
3.5,0.5,65,0.723,5.8337,379.19,2h,validation,0.4,101
3.5,0.75,65,0.723,6.2532,406.46,2h,validation,0.4,101
3.5,1.0,65,0.723,6.5494,425.71,2h,validation,0.4,101
3.5,1.5,65,0.723,6.94,451.1,2h,validation,0.4,101
3.5,2.0,65,0.692,7.234,470.21,2h,validation,0.4,101
4.0,0.25,65,0.8,5.2239,339.55,2h,validation,0.4,101
4.0,0.5,65,0.723,6.0286,391.86,2h,validation,0.4,101
4.0,0.75,65,0.723,6.4349,418.27,2h,validation,0.4,101
4.0,1.0,65,0.723,6.7873,441.18,2h,validation,0.4,101
4.0,1.5,65,0.723,6.9003,448.52,2h,validation,0.4,101
4.0,2.0,65,0.692,7.0878,460.7,2h,validation,0.4,101
4.5,0.25,65,0.8,5.3996,350.97,2h,validation,0.4,101
4.5,0.5,65,0.723,6.3737,414.29,2h,validation,0.4,101
4.5,0.75,65,0.723,6.8097,442.63,2h,validation,0.4,101
4.5,1.0,65,0.723,7.2061,468.39,2h,validation,0.4,101
4.5,1.5,65,0.723,7.3598,478.39,2h,validation,0.4,101
4.5,2.0,65,0.692,7.5589,491.33,2h,validation,0.4,101
5.0,0.25,65,0.785,5.4958,357.23,2h,validation,0.4,101
5.0,0.5,65,0.708,6.5075,422.99,2h,validation,0.4,101
5.0,0.75,65,0.708,6.9535,451.98,2h,validation,0.4,101
5.0,1.0,65,0.708,7.4308,483.0,2h,validation,0.4,101
5.0,1.5,65,0.708,7.8123,507.8,2h,validation,0.4,101
5.0,2.0,65,0.677,8.0782,525.08,2h,validation,0.4,101
1.5,0.25,65,0.815,4.7395,308.06,2h,validation,0.425,101
1.5,0.5,65,0.769,5.5304,359.48,2h,validation,0.425,101
1.5,0.75,65,0.769,5.6161,365.04,2h,validation,0.425,101
1.5,1.0,65,0.769,5.6942,370.12,2h,validation,0.425,101
1.5,1.5,65,0.769,5.8312,379.03,2h,validation,0.425,101
1.5,2.0,65,0.769,5.9254,385.15,2h,validation,0.425,101
2.0,0.25,65,0.815,4.965,322.72,2h,validation,0.425,101
2.0,0.5,65,0.769,5.7913,376.43,2h,validation,0.425,101
2.0,0.75,65,0.769,5.8534,380.47,2h,validation,0.425,101
2.0,1.0,65,0.769,5.9282,385.33,2h,validation,0.425,101
2.0,1.5,65,0.769,6.0596,393.87,2h,validation,0.425,101
2.0,2.0,65,0.769,6.1495,399.72,2h,validation,0.425,101
2.5,0.25,65,0.815,5.3199,345.79,2h,validation,0.425,101
2.5,0.5,65,0.769,6.6277,430.8,2h,validation,0.425,101
2.5,0.75,65,0.769,6.8557,445.62,2h,validation,0.425,101
2.5,1.0,65,0.769,7.0253,456.64,2h,validation,0.425,101
2.5,1.5,65,0.769,7.2147,468.95,2h,validation,0.425,101
2.5,2.0,65,0.769,7.3121,475.29,2h,validation,0.425,101
3.0,0.25,65,0.815,5.5768,362.49,2h,validation,0.425,101
3.0,0.5,65,0.738,6.1003,396.52,2h,validation,0.425,101
3.0,0.75,65,0.738,6.3706,414.09,2h,validation,0.425,101
3.0,1.0,65,0.738,6.6009,429.06,2h,validation,0.425,101
3.0,1.5,65,0.738,6.9343,450.73,2h,validation,0.425,101
3.0,2.0,65,0.738,7.2019,468.13,2h,validation,0.425,101
3.5,0.25,65,0.8,5.1473,334.57,2h,validation,0.425,101
3.5,0.5,65,0.723,5.9915,389.44,2h,validation,0.425,101
3.5,0.75,65,0.723,6.4102,416.66,2h,validation,0.425,101
3.5,1.0,65,0.723,6.7091,436.09,2h,validation,0.425,101
3.5,1.5,65,0.723,7.1044,461.79,2h,validation,0.425,101
3.5,2.0,65,0.723,7.4017,481.11,2h,validation,0.425,101
4.0,0.25,65,0.8,5.1979,337.86,2h,validation,0.425,101
4.0,0.5,65,0.723,6.0724,394.7,2h,validation,0.425,101
4.0,0.75,65,0.723,6.5238,424.05,2h,validation,0.425,101
4.0,1.0,65,0.723,6.8996,448.48,2h,validation,0.425,101
4.0,1.5,65,0.723,7.0489,458.18,2h,validation,0.425,101
4.0,2.0,65,0.723,7.2513,471.33,2h,validation,0.425,101
4.5,0.25,65,0.8,5.5282,359.33,2h,validation,0.425,101
4.5,0.5,65,0.723,6.5268,424.24,2h,validation,0.425,101
4.5,0.75,65,0.723,6.9612,452.48,2h,validation,0.425,101
4.5,1.0,65,0.723,7.3591,478.34,2h,validation,0.425,101
4.5,1.5,65,0.723,7.5268,489.24,2h,validation,0.425,101
4.5,2.0,65,0.723,7.7283,502.34,2h,validation,0.425,101
5.0,0.25,65,0.785,5.3074,344.98,2h,validation,0.425,101
5.0,0.5,65,0.708,6.2104,403.68,2h,validation,0.425,101
5.0,0.75,65,0.708,6.5958,428.73,2h,validation,0.425,101
5.0,1.0,65,0.708,7.0156,456.01,2h,validation,0.425,101
5.0,1.5,65,0.708,7.3323,476.6,2h,validation,0.425,101
5.0,2.0,65,0.708,7.5547,491.05,2h,validation,0.425,101
1.5,0.25,65,0.8,4.2347,275.26,2h,validation,0.45,101
1.5,0.5,65,0.769,5.0309,327.01,2h,validation,0.45,101
1.5,0.75,65,0.754,5.1515,334.85,2h,validation,0.45,101
1.5,1.0,65,0.754,5.2538,341.5,2h,validation,0.45,101
1.5,1.5,65,0.754,5.4257,352.67,2h,validation,0.45,101
1.5,2.0,65,0.754,5.5427,360.27,2h,validation,0.45,101
2.0,0.25,65,0.8,4.3133,280.36,2h,validation,0.45,101
2.0,0.5,65,0.769,5.2461,341.0,2h,validation,0.45,101
2.0,0.75,65,0.754,5.3748,349.36,2h,validation,0.45,101
2.0,1.0,65,0.754,5.4811,356.27,2h,validation,0.45,101
2.0,1.5,65,0.754,5.6513,367.33,2h,validation,0.45,101
2.0,2.0,65,0.754,5.7648,374.71,2h,validation,0.45,101
2.5,0.25,65,0.8,4.6604,302.93,2h,validation,0.45,101
2.5,0.5,65,0.769,5.8449,379.92,2h,validation,0.45,101
2.5,0.75,65,0.754,6.1008,396.55,2h,validation,0.45,101
2.5,1.0,65,0.754,6.2875,408.69,2h,validation,0.45,101
2.5,1.5,65,0.754,6.4933,422.07,2h,validation,0.45,101
2.5,2.0,65,0.754,6.5993,428.96,2h,validation,0.45,101
3.0,0.25,65,0.8,4.8964,318.27,2h,validation,0.45,101
3.0,0.5,65,0.754,6.2699,407.55,2h,validation,0.45,101
3.0,0.75,65,0.738,6.652,432.38,2h,validation,0.45,101
3.0,1.0,65,0.738,6.9431,451.3,2h,validation,0.45,101
3.0,1.5,65,0.738,7.3161,475.54,2h,validation,0.45,101
3.0,2.0,65,0.738,7.5238,489.05,2h,validation,0.45,101
3.5,0.25,65,0.785,4.4675,290.39,2h,validation,0.45,101
3.5,0.5,65,0.723,5.378,349.57,2h,validation,0.45,101
3.5,0.75,65,0.708,5.8382,379.49,2h,validation,0.45,101
3.5,1.0,65,0.708,6.1583,400.29,2h,validation,0.45,101
3.5,1.5,65,0.708,6.581,427.77,2h,validation,0.45,101
3.5,2.0,65,0.708,6.8957,448.22,2h,validation,0.45,101
4.0,0.25,65,0.785,4.5173,293.62,2h,validation,0.45,101
4.0,0.5,65,0.723,5.4578,354.76,2h,validation,0.45,101
4.0,0.75,65,0.708,5.9422,386.24,2h,validation,0.45,101
4.0,1.0,65,0.708,6.3028,409.68,2h,validation,0.45,101
4.0,1.5,65,0.708,6.7395,438.07,2h,validation,0.45,101
4.0,2.0,65,0.708,7.0594,458.86,2h,validation,0.45,101
4.5,0.25,65,0.785,4.6736,303.78,2h,validation,0.45,101
4.5,0.5,65,0.723,5.5705,362.08,2h,validation,0.45,101
4.5,0.75,65,0.708,6.0164,391.06,2h,validation,0.45,101
4.5,1.0,65,0.708,6.4073,416.48,2h,validation,0.45,101
4.5,1.5,65,0.708,6.588,428.22,2h,validation,0.45,101
4.5,2.0,65,0.708,6.7959,441.73,2h,validation,0.45,101
5.0,0.25,65,0.769,4.6013,299.08,2h,validation,0.45,101
5.0,0.5,65,0.708,5.6093,364.61,2h,validation,0.45,101
5.0,0.75,65,0.692,6.1405,399.13,2h,validation,0.45,101
5.0,1.0,65,0.692,6.5812,427.78,2h,validation,0.45,101
5.0,1.5,65,0.692,6.8316,444.05,2h,validation,0.45,101
5.0,2.0,65,0.692,7.04,457.6,2h,validation,0.45,101
1.5,0.25,64,0.797,3.9059,249.98,2h,validation,0.475,101
1.5,0.5,64,0.781,4.6995,300.77,2h,validation,0.475,101
1.5,0.75,64,0.75,4.839,309.7,2h,validation,0.475,101
1.5,1.0,64,0.75,4.9447,316.46,2h,validation,0.475,101
1.5,1.5,64,0.75,5.1224,327.83,2h,validation,0.475,101
1.5,2.0,64,0.75,5.2427,335.53,2h,validation,0.475,101
2.0,0.25,64,0.797,3.9899,255.35,2h,validation,0.475,101
2.0,0.5,64,0.781,4.8578,310.9,2h,validation,0.475,101
2.0,0.75,64,0.75,5.0387,322.48,2h,validation,0.475,101
2.0,1.0,64,0.75,5.1628,330.42,2h,validation,0.475,101
2.0,1.5,64,0.75,5.3526,342.56,2h,validation,0.475,101
2.0,2.0,64,0.75,5.4767,350.51,2h,validation,0.475,101
2.5,0.25,64,0.797,4.3955,281.31,2h,validation,0.475,101
2.5,0.5,64,0.781,5.4102,346.25,2h,validation,0.475,101
2.5,0.75,64,0.75,5.7541,368.26,2h,validation,0.475,101
2.5,1.0,64,0.75,5.9538,381.04,2h,validation,0.475,101
2.5,1.5,64,0.75,6.1126,391.21,2h,validation,0.475,101
2.5,2.0,64,0.75,6.2041,397.07,2h,validation,0.475,101
3.0,0.25,64,0.797,4.63,296.32,2h,validation,0.475,101
3.0,0.5,64,0.766,5.9014,377.69,2h,validation,0.475,101
3.0,0.75,64,0.734,6.1584,394.14,2h,validation,0.475,101
3.0,1.0,64,0.734,6.3364,405.53,2h,validation,0.475,101
3.0,1.5,64,0.734,6.5438,418.8,2h,validation,0.475,101
3.0,2.0,64,0.734,6.6547,425.9,2h,validation,0.475,101
3.5,0.25,64,0.781,4.0807,261.16,2h,validation,0.475,101
3.5,0.5,64,0.75,5.5832,357.33,2h,validation,0.475,101
3.5,0.75,64,0.719,6.0884,389.65,2h,validation,0.475,101
3.5,1.0,64,0.719,6.4353,411.86,2h,validation,0.475,101
3.5,1.5,64,0.719,6.8917,441.07,2h,validation,0.475,101
3.5,2.0,64,0.719,7.2281,462.6,2h,validation,0.475,101
4.0,0.25,64,0.781,4.2028,268.98,2h,validation,0.475,101
4.0,0.5,64,0.75,5.7592,368.59,2h,validation,0.475,101
4.0,0.75,64,0.719,6.2766,401.7,2h,validation,0.475,101
4.0,1.0,64,0.719,6.6292,424.27,2h,validation,0.475,101
4.0,1.5,64,0.719,7.091,453.83,2h,validation,0.475,101
4.0,2.0,64,0.719,7.4299,475.51,2h,validation,0.475,101
4.5,0.25,64,0.781,4.402,281.73,2h,validation,0.475,101
4.5,0.5,64,0.75,5.9782,382.61,2h,validation,0.475,101
4.5,0.75,64,0.719,6.4904,415.39,2h,validation,0.475,101
4.5,1.0,64,0.719,6.9019,441.72,2h,validation,0.475,101
4.5,1.5,64,0.719,7.1128,455.22,2h,validation,0.475,101
4.5,2.0,64,0.719,7.343,469.95,2h,validation,0.475,101
5.0,0.25,64,0.781,4.6115,295.14,2h,validation,0.475,101
5.0,0.5,64,0.75,6.3333,405.33,2h,validation,0.475,101
5.0,0.75,64,0.719,6.9435,444.39,2h,validation,0.475,101
5.0,1.0,64,0.719,7.4273,475.35,2h,validation,0.475,101
5.0,1.5,64,0.719,7.7096,493.41,2h,validation,0.475,101
5.0,2.0,64,0.719,7.9677,509.93,2h,validation,0.475,101
1.5,0.25,64,0.797,3.9351,251.85,2h,validation,0.5,101
1.5,0.5,64,0.781,4.696,300.54,2h,validation,0.5,101
1.5,0.75,64,0.75,4.8568,310.83,2h,validation,0.5,101
1.5,1.0,64,0.75,4.9673,317.91,2h,validation,0.5,101
1.5,1.5,64,0.75,5.1519,329.72,2h,validation,0.5,101
1.5,2.0,64,0.75,5.2767,337.71,2h,validation,0.5,101
2.0,0.25,64,0.797,4.1332,264.53,2h,validation,0.5,101
2.0,0.5,64,0.781,4.9665,317.86,2h,validation,0.5,101
2.0,0.75,64,0.75,5.1856,331.88,2h,validation,0.5,101
2.0,1.0,64,0.75,5.3227,340.65,2h,validation,0.5,101
2.0,1.5,64,0.75,5.5274,353.75,2h,validation,0.5,101
2.0,2.0,64,0.75,5.6599,362.24,2h,validation,0.5,101
2.5,0.25,64,0.797,4.4449,284.47,2h,validation,0.5,101
2.5,0.5,64,0.781,5.4354,347.86,2h,validation,0.5,101
2.5,0.75,64,0.75,5.7978,371.06,2h,validation,0.5,101
2.5,1.0,64,0.75,6.0033,384.21,2h,validation,0.5,101
2.5,1.5,64,0.75,6.1718,395.0,2h,validation,0.5,101
2.5,2.0,64,0.75,6.2687,401.2,2h,validation,0.5,101
3.0,0.25,64,0.797,4.823,308.67,2h,validation,0.5,101
3.0,0.5,64,0.781,6.1305,392.35,2h,validation,0.5,101
3.0,0.75,64,0.75,6.4193,410.84,2h,validation,0.5,101
3.0,1.0,64,0.75,6.6088,422.96,2h,validation,0.5,101
3.0,1.5,64,0.75,6.8316,437.22,2h,validation,0.5,101
3.0,2.0,64,0.75,6.9524,444.95,2h,validation,0.5,101
3.5,0.25,64,0.781,4.2165,269.86,2h,validation,0.5,101
3.5,0.5,64,0.75,5.5261,353.67,2h,validation,0.5,101
3.5,0.75,64,0.719,5.9189,378.81,2h,validation,0.5,101
3.5,1.0,64,0.719,6.2082,397.32,2h,validation,0.5,101
3.5,1.5,64,0.719,6.6138,423.29,2h,validation,0.5,101
3.5,2.0,64,0.719,6.9263,443.28,2h,validation,0.5,101
4.0,0.25,64,0.781,4.337,277.57,2h,validation,0.5,101
4.0,0.5,64,0.75,5.8866,376.74,2h,validation,0.5,101
4.0,0.75,64,0.719,6.4189,410.81,2h,validation,0.5,101
4.0,1.0,64,0.719,6.7757,433.64,2h,validation,0.5,101
4.0,1.5,64,0.719,7.2436,463.59,2h,validation,0.5,101
4.0,2.0,64,0.719,7.5864,485.53,2h,validation,0.5,101
4.5,0.25,64,0.781,4.497,287.8,2h,validation,0.5,101
4.5,0.5,64,0.75,6.0564,387.61,2h,validation,0.5,101
4.5,0.75,64,0.719,6.5852,421.45,2h,validation,0.5,101
4.5,1.0,64,0.719,7.002,448.13,2h,validation,0.5,101
4.5,1.5,64,0.719,7.2305,462.75,2h,validation,0.5,101
4.5,2.0,64,0.719,7.4658,477.81,2h,validation,0.5,101
5.0,0.25,64,0.781,4.6861,299.91,2h,validation,0.5,101
5.0,0.5,64,0.75,6.4277,411.37,2h,validation,0.5,101
5.0,0.75,64,0.719,7.061,451.9,2h,validation,0.5,101
5.0,1.0,64,0.719,7.5528,483.38,2h,validation,0.5,101
5.0,1.5,64,0.719,7.8556,502.76,2h,validation,0.5,101
5.0,2.0,64,0.719,8.1202,519.69,2h,validation,0.5,101
1.5,0.25,64,0.812,4.2117,269.55,2h,validation,0.525,101
1.5,0.5,64,0.797,4.9655,317.79,2h,validation,0.525,101
1.5,0.75,64,0.766,5.1474,329.43,2h,validation,0.525,101
1.5,1.0,64,0.766,5.2634,336.86,2h,validation,0.525,101
1.5,1.5,64,0.766,5.4562,349.19,2h,validation,0.525,101
1.5,2.0,64,0.766,5.586,357.5,2h,validation,0.525,101
2.0,0.25,64,0.812,4.403,281.79,2h,validation,0.525,101
2.0,0.5,64,0.797,5.2268,334.52,2h,validation,0.525,101
2.0,0.75,64,0.766,5.4277,347.37,2h,validation,0.525,101
2.0,1.0,64,0.766,5.5429,354.75,2h,validation,0.525,101
2.0,1.5,64,0.766,5.7291,366.67,2h,validation,0.525,101
2.0,2.0,64,0.766,5.8534,374.62,2h,validation,0.525,101
2.5,0.25,64,0.812,4.6254,296.02,2h,validation,0.525,101
2.5,0.5,64,0.797,5.485,351.04,2h,validation,0.525,101
2.5,0.75,64,0.766,5.656,361.98,2h,validation,0.525,101
2.5,1.0,64,0.766,5.7684,369.18,2h,validation,0.525,101
2.5,1.5,64,0.766,5.9509,380.86,2h,validation,0.525,101
2.5,2.0,64,0.766,6.0723,388.63,2h,validation,0.525,101
3.0,0.25,64,0.812,4.7988,307.12,2h,validation,0.525,101
3.0,0.5,64,0.797,5.8737,375.91,2h,validation,0.525,101
3.0,0.75,64,0.766,6.1565,394.02,2h,validation,0.525,101
3.0,1.0,64,0.766,6.3478,406.26,2h,validation,0.525,101
3.0,1.5,64,0.766,6.5687,420.4,2h,validation,0.525,101
3.0,2.0,64,0.766,6.6868,427.95,2h,validation,0.525,101
3.5,0.25,64,0.797,4.4792,286.67,2h,validation,0.525,101
3.5,0.5,64,0.766,5.7803,369.94,2h,validation,0.525,101
3.5,0.75,64,0.734,6.1899,396.15,2h,validation,0.525,101
3.5,1.0,64,0.734,6.4849,415.04,2h,validation,0.525,101
3.5,1.5,64,0.734,6.8724,439.83,2h,validation,0.525,101
3.5,2.0,64,0.734,7.0947,454.06,2h,validation,0.525,101
4.0,0.25,64,0.797,4.5887,293.68,2h,validation,0.525,101
4.0,0.5,64,0.766,6.1624,394.39,2h,validation,0.525,101
4.0,0.75,64,0.734,6.7352,431.05,2h,validation,0.525,101
4.0,1.0,64,0.734,7.1134,455.25,2h,validation,0.525,101
4.0,1.5,64,0.734,7.6083,486.93,2h,validation,0.525,101
4.0,2.0,64,0.734,7.9678,509.94,2h,validation,0.525,101
4.5,0.25,64,0.797,4.721,302.14,2h,validation,0.525,101
4.5,0.5,64,0.766,6.197,396.61,2h,validation,0.525,101
4.5,0.75,64,0.734,6.7064,429.21,2h,validation,0.525,101
4.5,1.0,64,0.734,7.08,453.12,2h,validation,0.525,101
4.5,1.5,64,0.734,7.5404,482.59,2h,validation,0.525,101
4.5,2.0,64,0.734,7.8774,504.15,2h,validation,0.525,101
5.0,0.25,64,0.797,4.7977,307.05,2h,validation,0.525,101
5.0,0.5,64,0.766,6.3472,406.22,2h,validation,0.525,101
5.0,0.75,64,0.734,6.8917,441.07,2h,validation,0.525,101
5.0,1.0,64,0.734,7.3288,469.05,2h,validation,0.525,101
5.0,1.5,64,0.734,7.5918,485.87,2h,validation,0.525,101
5.0,2.0,64,0.734,7.8328,501.3,2h,validation,0.525,101
1.5,0.25,64,0.812,4.4305,283.55,2h,validation,0.55,101
1.5,0.5,64,0.812,5.1464,329.37,2h,validation,0.55,101
1.5,0.75,64,0.781,5.4664,349.85,2h,validation,0.55,101
1.5,1.0,64,0.781,5.6713,362.96,2h,validation,0.55,101
1.5,1.5,64,0.781,5.9282,379.41,2h,validation,0.55,101
1.5,2.0,64,0.781,6.0888,389.68,2h,validation,0.55,101
2.0,0.25,64,0.812,4.5527,291.37,2h,validation,0.55,101
2.0,0.5,64,0.797,5.3458,342.13,2h,validation,0.55,101
2.0,0.75,64,0.766,5.5437,354.8,2h,validation,0.55,101
2.0,1.0,64,0.766,5.6614,362.33,2h,validation,0.55,101
2.0,1.5,64,0.766,5.8564,374.81,2h,validation,0.55,101
2.0,2.0,64,0.766,5.9875,383.2,2h,validation,0.55,101
2.5,0.25,64,0.812,4.7779,305.78,2h,validation,0.55,101
2.5,0.5,64,0.797,5.679,363.46,2h,validation,0.55,101
2.5,0.75,64,0.766,5.8797,376.3,2h,validation,0.55,101
2.5,1.0,64,0.766,6.0025,384.16,2h,validation,0.55,101
2.5,1.5,64,0.766,6.198,396.67,2h,validation,0.55,101
2.5,2.0,64,0.766,6.3269,404.92,2h,validation,0.55,101
3.0,0.25,64,0.812,4.9087,314.16,2h,validation,0.55,101
3.0,0.5,64,0.797,5.882,376.45,2h,validation,0.55,101
3.0,0.75,64,0.766,6.2425,399.52,2h,validation,0.55,101
3.0,1.0,64,0.766,6.4467,412.59,2h,validation,0.55,101
3.0,1.5,64,0.766,6.6229,423.86,2h,validation,0.55,101
3.0,2.0,64,0.766,6.7247,430.38,2h,validation,0.55,101
3.5,0.25,64,0.812,5.1289,328.25,2h,validation,0.55,101
3.5,0.5,64,0.781,6.2863,402.32,2h,validation,0.55,101
3.5,0.75,64,0.75,6.6627,426.41,2h,validation,0.55,101
3.5,1.0,64,0.75,6.8764,440.09,2h,validation,0.55,101
3.5,1.5,64,0.75,7.1237,455.92,2h,validation,0.55,101
3.5,2.0,64,0.75,7.2591,464.58,2h,validation,0.55,101
4.0,0.25,64,0.797,4.6421,297.09,2h,validation,0.55,101
4.0,0.5,64,0.766,6.01,384.64,2h,validation,0.55,101
4.0,0.75,64,0.734,6.5849,421.43,2h,validation,0.55,101
4.0,1.0,64,0.734,6.9468,444.6,2h,validation,0.55,101
4.0,1.5,64,0.734,7.4255,475.23,2h,validation,0.55,101
4.0,2.0,64,0.734,7.7781,497.8,2h,validation,0.55,101
4.5,0.25,64,0.797,4.7093,301.4,2h,validation,0.55,101
4.5,0.5,64,0.766,6.1293,392.28,2h,validation,0.55,101
4.5,0.75,64,0.734,6.7566,432.42,2h,validation,0.55,101
4.5,1.0,64,0.734,7.1448,457.27,2h,validation,0.55,101
4.5,1.5,64,0.734,7.6428,489.14,2h,validation,0.55,101
4.5,2.0,64,0.734,8.002,512.13,2h,validation,0.55,101
5.0,0.25,64,0.797,4.8657,311.41,2h,validation,0.55,101
5.0,0.5,64,0.766,6.2971,403.02,2h,validation,0.55,101
5.0,0.75,64,0.734,6.9198,442.87,2h,validation,0.55,101
5.0,1.0,64,0.734,7.3658,471.41,2h,validation,0.55,101
5.0,1.5,64,0.734,7.6398,488.95,2h,validation,0.55,101
5.0,2.0,64,0.734,7.8895,504.93,2h,validation,0.55,101
1.5,0.25,63,0.81,4.6161,290.82,2h,validation,0.575,101
1.5,0.5,63,0.81,5.3834,339.15,2h,validation,0.575,101
1.5,0.75,63,0.794,5.7254,360.7,2h,validation,0.575,101
1.5,1.0,63,0.778,5.9432,374.42,2h,validation,0.575,101
1.5,1.5,63,0.778,6.2155,391.58,2h,validation,0.575,101
1.5,2.0,63,0.778,6.3852,402.27,2h,validation,0.575,101
2.0,0.25,63,0.81,4.7359,298.36,2h,validation,0.575,101
2.0,0.5,63,0.794,5.5794,351.5,2h,validation,0.575,101
2.0,0.75,63,0.778,5.8074,365.86,2h,validation,0.575,101
2.0,1.0,63,0.762,5.9354,373.93,2h,validation,0.575,101
2.0,1.5,63,0.762,6.1441,387.08,2h,validation,0.575,101
2.0,2.0,63,0.762,6.2837,395.87,2h,validation,0.575,101
2.5,0.25,63,0.81,4.8074,302.87,2h,validation,0.575,101
2.5,0.5,63,0.794,5.6763,357.61,2h,validation,0.575,101
2.5,0.75,63,0.778,5.9044,371.98,2h,validation,0.575,101
2.5,1.0,63,0.762,6.0413,380.6,2h,validation,0.575,101
2.5,1.5,63,0.762,6.2555,394.09,2h,validation,0.575,101
2.5,2.0,63,0.762,6.3958,402.94,2h,validation,0.575,101
3.0,0.25,63,0.81,4.8921,308.2,2h,validation,0.575,101
3.0,0.5,63,0.794,5.9756,376.46,2h,validation,0.575,101
3.0,0.75,63,0.778,6.4202,404.47,2h,validation,0.575,101
3.0,1.0,63,0.762,6.654,419.2,2h,validation,0.575,101
3.0,1.5,63,0.762,6.8737,433.04,2h,validation,0.575,101
3.0,2.0,63,0.762,7.0032,441.2,2h,validation,0.575,101
3.5,0.25,63,0.81,5.2137,328.46,2h,validation,0.575,101
3.5,0.5,63,0.794,6.4762,408.0,2h,validation,0.575,101
3.5,0.75,63,0.778,6.9041,434.96,2h,validation,0.575,101
3.5,1.0,63,0.762,7.1403,449.84,2h,validation,0.575,101
3.5,1.5,63,0.762,7.4151,467.15,2h,validation,0.575,101
3.5,2.0,63,0.762,7.5673,476.74,2h,validation,0.575,101
4.0,0.25,63,0.794,4.717,297.17,2h,validation,0.575,101
4.0,0.5,63,0.778,5.9733,376.32,2h,validation,0.575,101
4.0,0.75,63,0.762,6.5057,409.86,2h,validation,0.575,101
4.0,1.0,63,0.746,6.8461,431.3,2h,validation,0.575,101
4.0,1.5,63,0.746,7.2823,458.78,2h,validation,0.575,101
4.0,2.0,63,0.746,7.5355,474.74,2h,validation,0.575,101
4.5,0.25,63,0.794,4.8394,304.88,2h,validation,0.575,101
4.5,0.5,63,0.778,6.3199,398.16,2h,validation,0.575,101
4.5,0.75,63,0.762,6.9951,440.69,2h,validation,0.575,101
4.5,1.0,63,0.746,7.4072,466.65,2h,validation,0.575,101
4.5,1.5,63,0.746,7.9344,499.87,2h,validation,0.575,101
4.5,2.0,63,0.746,8.3121,523.66,2h,validation,0.575,101
5.0,0.25,63,0.794,4.9966,314.78,2h,validation,0.575,101
5.0,0.5,63,0.778,6.4894,408.83,2h,validation,0.575,101
5.0,0.75,63,0.762,7.1535,450.67,2h,validation,0.575,101
5.0,1.0,63,0.746,7.5921,478.3,2h,validation,0.575,101
5.0,1.5,63,0.746,8.1214,511.65,2h,validation,0.575,101
5.0,2.0,63,0.746,8.4978,535.36,2h,validation,0.575,101
1.5,0.25,62,0.806,4.5458,281.84,2h,validation,0.6,101
1.5,0.5,62,0.806,5.3782,333.45,2h,validation,0.6,101
1.5,0.75,62,0.79,5.746,356.25,2h,validation,0.6,101
1.5,1.0,62,0.774,5.9785,370.67,2h,validation,0.6,101
1.5,1.5,62,0.774,6.2679,388.61,2h,validation,0.6,101
1.5,2.0,62,0.774,6.4478,399.76,2h,validation,0.6,101
2.0,0.25,62,0.806,4.6646,289.2,2h,validation,0.6,101
2.0,0.5,62,0.79,5.5126,341.78,2h,validation,0.6,101
2.0,0.75,62,0.774,5.766,357.49,2h,validation,0.6,101
2.0,1.0,62,0.758,5.9023,365.94,2h,validation,0.6,101
2.0,1.5,62,0.758,6.1225,379.6,2h,validation,0.6,101
2.0,2.0,62,0.758,6.2693,388.7,2h,validation,0.6,101
2.5,0.25,62,0.806,4.857,301.14,2h,validation,0.6,101
2.5,0.5,62,0.79,5.8381,361.96,2h,validation,0.6,101
2.5,0.75,62,0.774,6.0921,377.71,2h,validation,0.6,101
2.5,1.0,62,0.758,6.2228,385.81,2h,validation,0.6,101
2.5,1.5,62,0.758,6.4318,398.77,2h,validation,0.6,101
2.5,2.0,62,0.758,6.5704,407.36,2h,validation,0.6,101
3.0,0.25,62,0.806,4.857,301.14,2h,validation,0.6,101
3.0,0.5,62,0.79,5.9909,371.43,2h,validation,0.6,101
3.0,0.75,62,0.774,6.4008,396.85,2h,validation,0.6,101
3.0,1.0,62,0.758,6.5899,408.57,2h,validation,0.6,101
3.0,1.5,62,0.758,6.8308,423.51,2h,validation,0.6,101
3.0,2.0,62,0.758,6.9816,432.86,2h,validation,0.6,101
3.5,0.25,62,0.806,4.9956,309.73,2h,validation,0.6,101
3.5,0.5,62,0.79,6.1703,382.56,2h,validation,0.6,101
3.5,0.75,62,0.774,6.6074,409.66,2h,validation,0.6,101
3.5,1.0,62,0.758,6.8515,424.79,2h,validation,0.6,101
3.5,1.5,62,0.758,7.1287,441.98,2h,validation,0.6,101
3.5,2.0,62,0.758,7.2798,451.35,2h,validation,0.6,101
4.0,0.25,62,0.79,4.6227,286.61,2h,validation,0.6,101
4.0,0.5,62,0.774,6.0309,373.92,2h,validation,0.6,101
4.0,0.75,62,0.758,6.5802,407.97,2h,validation,0.6,101
4.0,1.0,62,0.742,6.8762,426.32,2h,validation,0.6,101
4.0,1.5,62,0.742,7.2162,447.4,2h,validation,0.6,101
4.0,2.0,62,0.742,7.4051,459.11,2h,validation,0.6,101
4.5,0.25,62,0.79,4.687,290.59,2h,validation,0.6,101
4.5,0.5,62,0.774,6.0787,376.88,2h,validation,0.6,101
4.5,0.75,62,0.758,6.7296,417.24,2h,validation,0.6,101
4.5,1.0,62,0.742,7.1302,442.07,2h,validation,0.6,101
4.5,1.5,62,0.742,7.6562,474.69,2h,validation,0.6,101
4.5,2.0,62,0.742,8.039,498.42,2h,validation,0.6,101
5.0,0.25,62,0.79,4.864,301.57,2h,validation,0.6,101
5.0,0.5,62,0.774,6.2913,390.06,2h,validation,0.6,101
5.0,0.75,62,0.758,6.9593,431.48,2h,validation,0.6,101
5.0,1.0,62,0.742,7.3728,457.11,2h,validation,0.6,101
5.0,1.5,62,0.742,7.9055,490.14,2h,validation,0.6,101
5.0,2.0,62,0.742,8.2882,513.87,2h,validation,0.6,101
1.5,0.25,61,0.803,4.1506,253.19,2h,validation,0.625,101
1.5,0.5,61,0.803,4.6903,286.11,2h,validation,0.625,101
1.5,0.75,61,0.803,4.9594,302.52,2h,validation,0.625,101
1.5,1.0,61,0.787,5.1301,312.94,2h,validation,0.625,101
1.5,1.5,61,0.77,5.3426,325.9,2h,validation,0.625,101
1.5,2.0,61,0.77,5.4745,333.94,2h,validation,0.625,101
2.0,0.25,61,0.803,4.5369,276.75,2h,validation,0.625,101
2.0,0.5,61,0.787,5.3141,324.16,2h,validation,0.625,101
2.0,0.75,61,0.787,5.5345,337.6,2h,validation,0.625,101
2.0,1.0,61,0.77,5.6412,344.12,2h,validation,0.625,101
2.0,1.5,61,0.754,5.8251,355.33,2h,validation,0.625,101
2.0,2.0,61,0.754,5.949,362.89,2h,validation,0.625,101
2.5,0.25,61,0.803,4.6292,282.38,2h,validation,0.625,101
2.5,0.5,61,0.787,5.4541,332.7,2h,validation,0.625,101
2.5,0.75,61,0.787,5.6771,346.31,2h,validation,0.625,101
2.5,1.0,61,0.77,5.7847,352.86,2h,validation,0.625,101
2.5,1.5,61,0.754,5.9687,364.09,2h,validation,0.625,101
2.5,2.0,61,0.754,6.0925,371.65,2h,validation,0.625,101
3.0,0.25,61,0.803,4.7241,288.17,2h,validation,0.625,101
3.0,0.5,61,0.787,5.7622,351.5,2h,validation,0.625,101
3.0,0.75,61,0.787,6.0078,366.48,2h,validation,0.625,101
3.0,1.0,61,0.77,6.1304,373.96,2h,validation,0.625,101
3.0,1.5,61,0.754,6.325,385.82,2h,validation,0.625,101
3.0,2.0,61,0.754,6.4517,393.56,2h,validation,0.625,101
3.5,0.25,61,0.803,4.8667,296.87,2h,validation,0.625,101
3.5,0.5,61,0.787,5.9694,364.14,2h,validation,0.625,101
3.5,0.75,61,0.787,6.375,388.88,2h,validation,0.625,101
3.5,1.0,61,0.77,6.5837,401.61,2h,validation,0.625,101
3.5,1.5,61,0.754,6.7643,412.62,2h,validation,0.625,101
3.5,2.0,61,0.754,6.8649,418.76,2h,validation,0.625,101
4.0,0.25,61,0.803,5.0629,308.84,2h,validation,0.625,101
4.0,0.5,61,0.787,6.3389,386.67,2h,validation,0.625,101
4.0,0.75,61,0.787,6.7844,413.85,2h,validation,0.625,101
4.0,1.0,61,0.77,7.0114,427.69,2h,validation,0.625,101
4.0,1.5,61,0.754,7.2734,443.68,2h,validation,0.625,101
4.0,2.0,61,0.754,7.4175,452.47,2h,validation,0.625,101
4.5,0.25,61,0.787,4.5502,277.56,2h,validation,0.625,101
4.5,0.5,61,0.77,5.8695,358.04,2h,validation,0.625,101
4.5,0.75,61,0.77,6.4907,395.93,2h,validation,0.625,101
4.5,1.0,61,0.754,6.8664,418.85,2h,validation,0.625,101
4.5,1.5,61,0.738,7.3401,447.75,2h,validation,0.625,101
4.5,2.0,61,0.738,7.6156,464.55,2h,validation,0.625,101
5.0,0.25,61,0.787,4.7278,288.39,2h,validation,0.625,101
5.0,0.5,61,0.77,6.0834,371.09,2h,validation,0.625,101
5.0,0.75,61,0.77,6.7214,410.0,2h,validation,0.625,101
5.0,1.0,61,0.754,7.1105,433.74,2h,validation,0.625,101
5.0,1.5,61,0.738,7.6133,464.41,2h,validation,0.625,101
5.0,2.0,61,0.738,7.9779,486.65,2h,validation,0.625,101
1.5,0.25,61,0.803,4.3124,263.05,2h,validation,0.65,101
1.5,0.5,61,0.803,4.8759,297.43,2h,validation,0.65,101
1.5,0.75,61,0.803,5.1545,314.42,2h,validation,0.65,101
1.5,1.0,61,0.787,5.3306,325.17,2h,validation,0.65,101
1.5,1.5,61,0.77,5.5496,338.52,2h,validation,0.65,101
1.5,2.0,61,0.77,5.6852,346.8,2h,validation,0.65,101
2.0,0.25,61,0.803,4.6615,284.35,2h,validation,0.65,101
2.0,0.5,61,0.803,5.4385,331.75,2h,validation,0.65,101
2.0,0.75,61,0.803,5.772,352.09,2h,validation,0.65,101
2.0,1.0,61,0.787,5.9809,364.84,2h,validation,0.65,101
2.0,1.5,61,0.77,6.2398,380.63,2h,validation,0.65,101
2.0,2.0,61,0.77,6.3999,390.4,2h,validation,0.65,101
2.5,0.25,61,0.803,4.8161,293.78,2h,validation,0.65,101
2.5,0.5,61,0.803,5.6897,347.07,2h,validation,0.65,101
2.5,0.75,61,0.803,5.9416,362.44,2h,validation,0.65,101
2.5,1.0,61,0.787,6.0593,369.62,2h,validation,0.65,101
2.5,1.5,61,0.77,6.2556,381.59,2h,validation,0.65,101
2.5,2.0,61,0.77,6.3866,389.58,2h,validation,0.65,101
3.0,0.25,61,0.803,4.908,299.39,2h,validation,0.65,101
3.0,0.5,61,0.803,5.8977,359.76,2h,validation,0.65,101
3.0,0.75,61,0.803,6.1625,375.91,2h,validation,0.65,101
3.0,1.0,61,0.787,6.296,384.05,2h,validation,0.65,101
3.0,1.5,61,0.77,6.5047,396.79,2h,validation,0.65,101
3.0,2.0,61,0.77,6.6401,405.05,2h,validation,0.65,101
3.5,0.25,61,0.803,4.9911,304.46,2h,validation,0.65,101
3.5,0.5,61,0.803,6.1931,377.78,2h,validation,0.65,101
3.5,0.75,61,0.803,6.6717,406.97,2h,validation,0.65,101
3.5,1.0,61,0.787,6.8898,420.28,2h,validation,0.65,101
3.5,1.5,61,0.77,7.0998,433.09,2h,validation,0.65,101
3.5,2.0,61,0.77,7.2257,440.76,2h,validation,0.65,101
4.0,0.25,61,0.803,5.1172,312.15,2h,validation,0.65,101
4.0,0.5,61,0.803,6.2231,379.61,2h,validation,0.65,101
4.0,0.75,61,0.803,6.641,405.1,2h,validation,0.65,101
4.0,1.0,61,0.787,6.8532,418.05,2h,validation,0.65,101
4.0,1.5,61,0.77,7.0405,429.47,2h,validation,0.65,101
4.0,2.0,61,0.77,7.1449,435.84,2h,validation,0.65,101
4.5,0.25,61,0.787,4.6732,285.06,2h,validation,0.65,101
4.5,0.5,61,0.787,6.015,366.92,2h,validation,0.65,101
4.5,0.75,61,0.787,6.553,399.73,2h,validation,0.65,101
4.5,1.0,61,0.77,6.8288,416.56,2h,validation,0.65,101
4.5,1.5,61,0.754,7.1453,435.86,2h,validation,0.65,101
4.5,2.0,61,0.754,7.3206,446.55,2h,validation,0.65,101
5.0,0.25,61,0.787,4.729,288.47,2h,validation,0.65,101
5.0,0.5,61,0.787,6.0887,371.41,2h,validation,0.65,101
5.0,0.75,61,0.787,6.7345,410.81,2h,validation,0.65,101
5.0,1.0,61,0.77,7.1204,434.34,2h,validation,0.65,101
5.0,1.5,61,0.754,7.6078,464.08,2h,validation,0.65,101
5.0,2.0,61,0.754,7.9118,482.62,2h,validation,0.65,101
1.5,0.25,61,0.803,4.495,274.2,2h,validation,0.675,101
1.5,0.5,61,0.803,5.0884,310.39,2h,validation,0.675,101
1.5,0.75,61,0.803,5.3788,328.11,2h,validation,0.675,101
1.5,1.0,61,0.787,5.5619,339.27,2h,validation,0.675,101
1.5,1.5,61,0.77,5.7888,353.12,2h,validation,0.675,101
1.5,2.0,61,0.77,5.9292,361.68,2h,validation,0.675,101
2.0,0.25,61,0.803,4.9329,300.91,2h,validation,0.675,101
2.0,0.5,61,0.803,5.703,347.88,2h,validation,0.675,101
2.0,0.75,61,0.803,6.001,366.06,2h,validation,0.675,101
2.0,1.0,61,0.787,6.1849,377.28,2h,validation,0.675,101
2.0,1.5,61,0.77,6.4117,391.11,2h,validation,0.675,101
2.0,2.0,61,0.77,6.5519,399.66,2h,validation,0.675,101
2.5,0.25,61,0.803,5.0763,309.65,2h,validation,0.675,101
2.5,0.5,61,0.803,6.0295,367.8,2h,validation,0.675,101
2.5,0.75,61,0.803,6.3009,384.36,2h,validation,0.675,101
2.5,1.0,61,0.787,6.4158,391.36,2h,validation,0.675,101
2.5,1.5,61,0.77,6.6035,402.81,2h,validation,0.675,101
2.5,2.0,61,0.77,6.7277,410.39,2h,validation,0.675,101
3.0,0.25,61,0.803,5.1923,316.73,2h,validation,0.675,101
3.0,0.5,61,0.803,6.2016,378.3,2h,validation,0.675,101
3.0,0.75,61,0.803,6.4461,393.21,2h,validation,0.675,101
3.0,1.0,61,0.787,6.5507,399.59,2h,validation,0.675,101
3.0,1.5,61,0.77,6.7278,410.4,2h,validation,0.675,101
3.0,2.0,61,0.77,6.8461,417.61,2h,validation,0.675,101
3.5,0.25,61,0.803,5.1942,316.84,2h,validation,0.675,101
3.5,0.5,61,0.803,6.3834,389.39,2h,validation,0.675,101
3.5,0.75,61,0.803,6.6878,407.96,2h,validation,0.675,101
3.5,1.0,61,0.787,6.8246,416.3,2h,validation,0.675,101
3.5,1.5,61,0.77,7.0308,428.88,2h,validation,0.675,101
3.5,2.0,61,0.77,7.1624,436.9,2h,validation,0.675,101
4.0,0.25,61,0.803,5.3318,325.24,2h,validation,0.675,101
4.0,0.5,61,0.803,6.6558,406.0,2h,validation,0.675,101
4.0,0.75,61,0.803,7.0456,429.78,2h,validation,0.675,101
4.0,1.0,61,0.787,7.2999,445.29,2h,validation,0.675,101
4.0,1.5,61,0.77,7.3765,449.97,2h,validation,0.675,101
4.0,2.0,61,0.77,7.4426,454.0,2h,validation,0.675,101
4.5,0.25,61,0.787,4.9549,302.25,2h,validation,0.675,101
4.5,0.5,61,0.787,6.4454,393.17,2h,validation,0.675,101
4.5,0.75,61,0.787,6.8824,419.83,2h,validation,0.675,101
4.5,1.0,61,0.77,7.175,437.67,2h,validation,0.675,101
4.5,1.5,61,0.754,7.3354,447.46,2h,validation,0.675,101
4.5,2.0,61,0.754,7.4389,453.77,2h,validation,0.675,101
5.0,0.25,61,0.787,5.0102,305.62,2h,validation,0.675,101
5.0,0.5,61,0.787,6.5487,399.47,2h,validation,0.675,101
5.0,0.75,61,0.787,7.1804,438.0,2h,validation,0.675,101
5.0,1.0,61,0.77,7.6342,465.69,2h,validation,0.675,101
5.0,1.5,61,0.754,8.02,489.22,2h,validation,0.675,101
5.0,2.0,61,0.754,8.2645,504.14,2h,validation,0.675,101
1.5,0.25,59,0.797,3.9465,232.85,2h,validation,0.7,101
1.5,0.5,59,0.797,4.44,261.96,2h,validation,0.7,101
1.5,0.75,59,0.797,4.69,276.71,2h,validation,0.7,101
1.5,1.0,59,0.78,4.8491,286.1,2h,validation,0.7,101
1.5,1.5,59,0.78,5.0473,297.79,2h,validation,0.7,101
1.5,2.0,59,0.763,5.1698,305.02,2h,validation,0.7,101
2.0,0.25,59,0.797,4.3111,254.35,2h,validation,0.7,101
2.0,0.5,59,0.797,4.7545,280.51,2h,validation,0.7,101
2.0,0.75,59,0.797,4.9987,294.92,2h,validation,0.7,101
2.0,1.0,59,0.78,5.1553,304.16,2h,validation,0.7,101
2.0,1.5,59,0.78,5.3511,315.72,2h,validation,0.7,101
2.0,2.0,59,0.763,5.4727,322.89,2h,validation,0.7,101
2.5,0.25,59,0.797,4.6253,272.89,2h,validation,0.7,101
2.5,0.5,59,0.797,5.3159,313.64,2h,validation,0.7,101
2.5,0.75,59,0.797,5.5778,329.09,2h,validation,0.7,101
2.5,1.0,59,0.78,5.7396,338.64,2h,validation,0.7,101
2.5,1.5,59,0.78,5.9395,350.43,2h,validation,0.7,101
2.5,2.0,59,0.763,6.0631,357.72,2h,validation,0.7,101
3.0,0.25,59,0.797,4.7951,282.91,2h,validation,0.7,101
3.0,0.5,59,0.797,5.6513,333.43,2h,validation,0.7,101
3.0,0.75,59,0.797,5.8555,345.48,2h,validation,0.7,101
3.0,1.0,59,0.78,5.9333,350.07,2h,validation,0.7,101
3.0,1.5,59,0.78,6.0816,358.82,2h,validation,0.7,101
3.0,2.0,59,0.763,6.1829,364.79,2h,validation,0.7,101
3.5,0.25,59,0.797,4.8168,284.19,2h,validation,0.7,101
3.5,0.5,59,0.797,5.9511,351.11,2h,validation,0.7,101
3.5,0.75,59,0.797,6.2082,366.28,2h,validation,0.7,101
3.5,1.0,59,0.78,6.2974,371.55,2h,validation,0.7,101
3.5,1.5,59,0.78,6.4499,380.55,2h,validation,0.7,101
3.5,2.0,59,0.763,6.5508,386.5,2h,validation,0.7,101
4.0,0.25,59,0.797,4.9567,292.44,2h,validation,0.7,101
4.0,0.5,59,0.797,6.2285,367.48,2h,validation,0.7,101
4.0,0.75,59,0.797,6.6148,390.27,2h,validation,0.7,101
4.0,1.0,59,0.78,6.8446,403.83,2h,validation,0.7,101
4.0,1.5,59,0.78,6.8964,406.89,2h,validation,0.7,101
4.0,2.0,59,0.763,6.947,409.87,2h,validation,0.7,101
4.5,0.25,59,0.797,5.0371,297.19,2h,validation,0.7,101
4.5,0.5,59,0.797,6.2311,367.63,2h,validation,0.7,101
4.5,0.75,59,0.797,6.5965,389.19,2h,validation,0.7,101
4.5,1.0,59,0.78,6.8343,403.22,2h,validation,0.7,101
4.5,1.5,59,0.78,6.879,405.86,2h,validation,0.7,101
4.5,2.0,59,0.763,6.9158,408.03,2h,validation,0.7,101
5.0,0.25,59,0.78,4.6217,272.68,2h,validation,0.7,101
5.0,0.5,59,0.78,6.0814,358.8,2h,validation,0.7,101
5.0,0.75,59,0.78,6.5224,384.82,2h,validation,0.7,101
5.0,1.0,59,0.763,6.7929,400.78,2h,validation,0.7,101
5.0,1.5,59,0.763,6.9327,409.03,2h,validation,0.7,101
5.0,2.0,59,0.746,7.0238,414.41,2h,validation,0.7,101
1.5,0.25,63,0.698,4.2966,270.68,2h,holdout,0.3,97
1.5,0.5,63,0.635,4.7946,302.06,2h,holdout,0.3,97
1.5,0.75,63,0.635,4.9492,311.8,2h,holdout,0.3,97
1.5,1.0,63,0.619,5.1774,326.18,2h,holdout,0.3,97
1.5,1.5,63,0.603,5.4569,343.78,2h,holdout,0.3,97
1.5,2.0,63,0.603,5.6843,358.11,2h,holdout,0.3,97
2.0,0.25,63,0.698,4.427,278.9,2h,holdout,0.3,97
2.0,0.5,63,0.619,4.9071,309.15,2h,holdout,0.3,97
2.0,0.75,63,0.619,5.3386,336.33,2h,holdout,0.3,97
2.0,1.0,63,0.603,5.4451,343.04,2h,holdout,0.3,97
2.0,1.5,63,0.587,5.5934,352.38,2h,holdout,0.3,97
2.0,2.0,63,0.587,5.751,362.31,2h,holdout,0.3,97
2.5,0.25,63,0.698,4.4339,279.33,2h,holdout,0.3,97
2.5,0.5,63,0.619,4.9175,309.8,2h,holdout,0.3,97
2.5,0.75,63,0.603,4.358,274.55,2h,holdout,0.3,97
2.5,1.0,63,0.587,4.5632,287.48,2h,holdout,0.3,97
2.5,1.5,63,0.571,4.827,304.1,2h,holdout,0.3,97
2.5,2.0,63,0.571,5.0414,317.61,2h,holdout,0.3,97
3.0,0.25,63,0.698,4.4339,279.33,2h,holdout,0.3,97
3.0,0.5,63,0.619,4.9175,309.8,2h,holdout,0.3,97
3.0,0.75,63,0.603,4.2871,270.09,2h,holdout,0.3,97
3.0,1.0,63,0.587,4.6354,292.03,2h,holdout,0.3,97
3.0,1.5,63,0.571,5.143,324.01,2h,holdout,0.3,97
3.0,2.0,63,0.571,5.4078,340.69,2h,holdout,0.3,97
3.5,0.25,63,0.698,4.6309,291.74,2h,holdout,0.3,97
3.5,0.5,63,0.603,4.1191,259.51,2h,holdout,0.3,97
3.5,0.75,63,0.587,3.4421,216.85,2h,holdout,0.3,97
3.5,1.0,63,0.571,3.7259,234.73,2h,holdout,0.3,97
3.5,1.5,63,0.556,4.1553,261.78,2h,holdout,0.3,97
3.5,2.0,63,0.556,4.3735,275.53,2h,holdout,0.3,97
4.0,0.25,63,0.698,4.6944,295.75,2h,holdout,0.3,97
4.0,0.5,63,0.603,4.1443,261.09,2h,holdout,0.3,97
4.0,0.75,63,0.587,3.4821,219.37,2h,holdout,0.3,97
4.0,1.0,63,0.571,3.7652,237.21,2h,holdout,0.3,97
4.0,1.5,63,0.556,4.1899,263.97,2h,holdout,0.3,97
4.0,2.0,63,0.556,4.4044,277.48,2h,holdout,0.3,97
4.5,0.25,63,0.667,2.9867,188.16,2h,holdout,0.3,97
4.5,0.5,63,0.571,2.6281,165.57,2h,holdout,0.3,97
4.5,0.75,63,0.556,2.0346,128.18,2h,holdout,0.3,97
4.5,1.0,63,0.54,2.3248,146.46,2h,holdout,0.3,97
4.5,1.5,63,0.524,2.7107,170.77,2h,holdout,0.3,97
4.5,2.0,63,0.524,2.8993,182.66,2h,holdout,0.3,97
5.0,0.25,63,0.667,3.0112,189.7,2h,holdout,0.3,97
5.0,0.5,63,0.571,2.7278,171.85,2h,holdout,0.3,97
5.0,0.75,63,0.556,2.1879,137.84,2h,holdout,0.3,97
5.0,1.0,63,0.54,2.494,157.12,2h,holdout,0.3,97
5.0,1.5,63,0.524,2.8977,182.56,2h,holdout,0.3,97
5.0,2.0,63,0.524,3.095,194.99,2h,holdout,0.3,97
1.5,0.25,63,0.698,4.1536,261.68,2h,holdout,0.325,97
1.5,0.5,63,0.635,5.3447,336.72,2h,holdout,0.325,97
1.5,0.75,63,0.635,5.804,365.65,2h,holdout,0.325,97
1.5,1.0,63,0.619,6.2022,390.74,2h,holdout,0.325,97
1.5,1.5,63,0.603,5.3895,339.54,2h,holdout,0.325,97
1.5,2.0,63,0.603,5.5848,351.84,2h,holdout,0.325,97
2.0,0.25,63,0.698,4.5556,287.0,2h,holdout,0.325,97
2.0,0.5,63,0.635,5.7136,359.96,2h,holdout,0.325,97
2.0,0.75,63,0.635,6.4499,406.34,2h,holdout,0.325,97
2.0,1.0,63,0.619,6.7343,424.26,2h,holdout,0.325,97
2.0,1.5,63,0.603,5.7976,365.25,2h,holdout,0.325,97
2.0,2.0,63,0.603,5.9271,373.41,2h,holdout,0.325,97
2.5,0.25,63,0.698,4.4641,281.24,2h,holdout,0.325,97
2.5,0.5,63,0.619,5.5648,350.58,2h,holdout,0.325,97
2.5,0.75,63,0.603,5.2795,332.61,2h,holdout,0.325,97
2.5,1.0,63,0.587,5.645,355.64,2h,holdout,0.325,97
2.5,1.5,63,0.571,4.8062,302.79,2h,holdout,0.325,97
2.5,2.0,63,0.571,4.9831,313.94,2h,holdout,0.325,97
3.0,0.25,63,0.698,4.4641,281.24,2h,holdout,0.325,97
3.0,0.5,63,0.619,5.5648,350.58,2h,holdout,0.325,97
3.0,0.75,63,0.603,5.2109,328.28,2h,holdout,0.325,97
3.0,1.0,63,0.587,5.717,360.17,2h,holdout,0.325,97
3.0,1.5,63,0.571,5.1209,322.62,2h,holdout,0.325,97
3.0,2.0,63,0.571,5.3553,337.39,2h,holdout,0.325,97
3.5,0.25,63,0.698,4.7656,300.23,2h,holdout,0.325,97
3.5,0.5,63,0.603,4.9529,312.03,2h,holdout,0.325,97
3.5,0.75,63,0.587,4.5703,287.93,2h,holdout,0.325,97
3.5,1.0,63,0.571,5.022,316.39,2h,holdout,0.325,97
3.5,1.5,63,0.556,4.3588,274.6,2h,holdout,0.325,97
3.5,2.0,63,0.556,4.5527,286.82,2h,holdout,0.325,97
4.0,0.25,63,0.698,4.7249,297.67,2h,holdout,0.325,97
4.0,0.5,63,0.603,4.806,302.78,2h,holdout,0.325,97
4.0,0.75,63,0.587,4.416,278.21,2h,holdout,0.325,97
4.0,1.0,63,0.571,4.8554,305.89,2h,holdout,0.325,97
4.0,1.5,63,0.556,4.1746,263.0,2h,holdout,0.325,97
4.0,2.0,63,0.556,4.3577,274.54,2h,holdout,0.325,97
4.5,0.25,63,0.683,3.7423,235.76,2h,holdout,0.325,97
4.5,0.5,63,0.587,3.9109,246.39,2h,holdout,0.325,97
4.5,0.75,63,0.571,3.5768,225.34,2h,holdout,0.325,97
4.5,1.0,63,0.556,4.0195,253.23,2h,holdout,0.325,97
4.5,1.5,63,0.54,3.2971,207.71,2h,holdout,0.325,97
4.5,2.0,63,0.54,3.4534,217.56,2h,holdout,0.325,97
5.0,0.25,63,0.667,3.0361,191.27,2h,holdout,0.325,97
5.0,0.5,63,0.571,3.3866,213.36,2h,holdout,0.325,97
5.0,0.75,63,0.556,3.1208,196.61,2h,holdout,0.325,97
5.0,1.0,63,0.54,3.5853,225.87,2h,holdout,0.325,97
5.0,1.5,63,0.524,2.877,181.25,2h,holdout,0.325,97
5.0,2.0,63,0.524,3.0376,191.37,2h,holdout,0.325,97
1.5,0.25,62,0.71,4.5152,279.94,2h,holdout,0.35,97
1.5,0.5,62,0.661,5.487,340.19,2h,holdout,0.35,97
1.5,0.75,62,0.645,5.7596,357.09,2h,holdout,0.35,97
1.5,1.0,62,0.629,5.9975,371.85,2h,holdout,0.35,97
1.5,1.5,62,0.629,6.336,392.83,2h,holdout,0.35,97
1.5,2.0,62,0.629,6.5964,408.97,2h,holdout,0.35,97
2.0,0.25,62,0.71,4.9259,305.4,2h,holdout,0.35,97
2.0,0.5,62,0.661,6.1122,378.96,2h,holdout,0.35,97
2.0,0.75,62,0.645,6.861,425.38,2h,holdout,0.35,97
2.0,1.0,62,0.629,7.1338,442.3,2h,holdout,0.35,97
2.0,1.5,62,0.613,6.2075,384.87,2h,holdout,0.35,97
2.0,2.0,62,0.613,6.3404,393.11,2h,holdout,0.35,97
2.5,0.25,62,0.71,4.8525,300.86,2h,holdout,0.35,97
2.5,0.5,62,0.645,6.0377,374.34,2h,holdout,0.35,97
2.5,0.75,62,0.629,6.5193,404.2,2h,holdout,0.35,97
2.5,1.0,62,0.613,6.8202,422.85,2h,holdout,0.35,97
2.5,1.5,62,0.597,5.9622,369.66,2h,holdout,0.35,97
2.5,2.0,62,0.597,6.1313,380.14,2h,holdout,0.35,97
3.0,0.25,62,0.71,4.8349,299.76,2h,holdout,0.35,97
3.0,0.5,62,0.645,5.9721,370.27,2h,holdout,0.35,97
3.0,0.75,62,0.613,5.6115,347.91,2h,holdout,0.35,97
3.0,1.0,62,0.597,6.1035,378.42,2h,holdout,0.35,97
3.0,1.5,62,0.581,5.5202,342.25,2h,holdout,0.35,97
3.0,2.0,62,0.581,5.7664,357.51,2h,holdout,0.35,97
3.5,0.25,62,0.71,5.1335,318.28,2h,holdout,0.35,97
3.5,0.5,62,0.645,6.3508,393.75,2h,holdout,0.35,97
3.5,0.75,62,0.613,6.0015,372.1,2h,holdout,0.35,97
3.5,1.0,62,0.597,6.4727,401.31,2h,holdout,0.35,97
3.5,1.5,62,0.581,5.8636,363.54,2h,holdout,0.35,97
3.5,2.0,62,0.581,6.0946,377.87,2h,holdout,0.35,97
4.0,0.25,62,0.71,5.0355,312.2,2h,holdout,0.35,97
4.0,0.5,62,0.629,5.1938,322.01,2h,holdout,0.35,97
4.0,0.75,62,0.597,4.808,298.1,2h,holdout,0.35,97
4.0,1.0,62,0.581,5.2393,324.84,2h,holdout,0.35,97
4.0,1.5,62,0.565,4.578,283.84,2h,holdout,0.35,97
4.0,2.0,62,0.565,4.7768,296.16,2h,holdout,0.35,97
4.5,0.25,62,0.71,5.1371,318.5,2h,holdout,0.35,97
4.5,0.5,62,0.629,5.2504,325.53,2h,holdout,0.35,97
4.5,0.75,62,0.597,4.8919,303.3,2h,holdout,0.35,97
4.5,1.0,62,0.581,5.312,329.34,2h,holdout,0.35,97
4.5,1.5,62,0.565,4.5917,284.69,2h,holdout,0.35,97
4.5,2.0,62,0.565,4.753,294.69,2h,holdout,0.35,97
5.0,0.25,62,0.677,3.4005,210.83,2h,holdout,0.35,97
5.0,0.5,62,0.597,3.7824,234.51,2h,holdout,0.35,97
5.0,0.75,62,0.565,3.5041,217.25,2h,holdout,0.35,97
5.0,1.0,62,0.548,3.9515,244.99,2h,holdout,0.35,97
5.0,1.5,62,0.532,3.2516,201.6,2h,holdout,0.35,97
5.0,2.0,62,0.532,3.4212,212.11,2h,holdout,0.35,97
1.5,0.25,61,0.705,4.6581,284.14,2h,holdout,0.375,97
1.5,0.5,61,0.689,6.007,366.43,2h,holdout,0.375,97
1.5,0.75,61,0.672,6.3252,385.84,2h,holdout,0.375,97
1.5,1.0,61,0.656,6.5712,400.84,2h,holdout,0.375,97
1.5,1.5,61,0.656,6.9418,423.45,2h,holdout,0.375,97
1.5,2.0,61,0.656,7.222,440.54,2h,holdout,0.375,97
2.0,0.25,61,0.705,5.0133,305.81,2h,holdout,0.375,97
2.0,0.5,61,0.672,6.2147,379.1,2h,holdout,0.375,97
2.0,0.75,61,0.656,6.971,425.23,2h,holdout,0.375,97
2.0,1.0,61,0.623,7.2356,441.37,2h,holdout,0.375,97
2.0,1.5,61,0.607,6.3181,385.41,2h,holdout,0.375,97
2.0,2.0,61,0.607,6.4537,393.68,2h,holdout,0.375,97
2.5,0.25,61,0.705,4.9155,299.85,2h,holdout,0.375,97
2.5,0.5,61,0.656,6.0254,367.55,2h,holdout,0.375,97
2.5,0.75,61,0.639,6.4661,394.43,2h,holdout,0.375,97
2.5,1.0,61,0.607,6.6603,406.28,2h,holdout,0.375,97
2.5,1.5,61,0.59,5.6808,346.53,2h,holdout,0.375,97
2.5,2.0,61,0.59,5.7854,352.91,2h,holdout,0.375,97
3.0,0.25,61,0.705,4.8985,298.81,2h,holdout,0.375,97
3.0,0.5,61,0.656,5.9597,363.54,2h,holdout,0.375,97
3.0,0.75,61,0.623,5.6301,343.44,2h,holdout,0.375,97
3.0,1.0,61,0.59,5.9666,363.96,2h,holdout,0.375,97
3.0,1.5,61,0.574,5.1444,313.81,2h,holdout,0.375,97
3.0,2.0,61,0.574,5.3279,325.0,2h,holdout,0.375,97
3.5,0.25,61,0.705,5.2009,317.26,2h,holdout,0.375,97
3.5,0.5,61,0.656,6.3437,386.97,2h,holdout,0.375,97
3.5,0.75,61,0.623,5.9596,363.54,2h,holdout,0.375,97
3.5,1.0,61,0.59,6.4155,391.35,2h,holdout,0.375,97
3.5,1.5,61,0.574,5.8155,354.75,2h,holdout,0.375,97
3.5,2.0,61,0.574,6.0577,369.52,2h,holdout,0.375,97
4.0,0.25,61,0.705,5.1026,311.26,2h,holdout,0.375,97
4.0,0.5,61,0.639,5.1804,316.0,2h,holdout,0.375,97
4.0,0.75,61,0.607,4.7237,288.14,2h,holdout,0.375,97
4.0,1.0,61,0.574,5.1286,312.84,2h,holdout,0.375,97
4.0,1.5,61,0.557,4.4681,272.55,2h,holdout,0.375,97
4.0,2.0,61,0.557,4.6743,285.13,2h,holdout,0.375,97
4.5,0.25,61,0.705,5.1681,315.26,2h,holdout,0.375,97
4.5,0.5,61,0.639,5.2028,317.37,2h,holdout,0.375,97
4.5,0.75,61,0.607,4.7299,288.53,2h,holdout,0.375,97
4.5,1.0,61,0.574,5.1259,312.68,2h,holdout,0.375,97
4.5,1.5,61,0.557,4.4552,271.77,2h,holdout,0.375,97
4.5,2.0,61,0.557,4.6557,283.99,2h,holdout,0.375,97
5.0,0.25,61,0.672,3.4551,210.76,2h,holdout,0.375,97
5.0,0.5,61,0.607,3.6681,223.75,2h,holdout,0.375,97
5.0,0.75,61,0.574,3.2411,197.71,2h,holdout,0.375,97
5.0,1.0,61,0.541,3.6368,221.84,2h,holdout,0.375,97
5.0,1.5,61,0.525,2.923,178.3,2h,holdout,0.375,97
5.0,2.0,61,0.525,3.0955,188.83,2h,holdout,0.375,97
1.5,0.25,61,0.689,4.0771,248.7,2h,holdout,0.4,97
1.5,0.5,61,0.689,5.4793,334.24,2h,holdout,0.4,97
1.5,0.75,61,0.672,5.8425,356.39,2h,holdout,0.4,97
1.5,1.0,61,0.672,6.1173,373.16,2h,holdout,0.4,97
1.5,1.5,61,0.656,6.5245,397.99,2h,holdout,0.4,97
1.5,2.0,61,0.656,6.8276,416.49,2h,holdout,0.4,97
2.0,0.25,61,0.689,4.3911,267.86,2h,holdout,0.4,97
2.0,0.5,61,0.672,5.567,339.59,2h,holdout,0.4,97
2.0,0.75,61,0.656,6.1602,375.77,2h,holdout,0.4,97
2.0,1.0,61,0.656,6.4711,394.74,2h,holdout,0.4,97
2.0,1.5,61,0.607,5.635,343.74,2h,holdout,0.4,97
2.0,2.0,61,0.607,5.8055,354.13,2h,holdout,0.4,97
2.5,0.25,61,0.689,4.3467,265.15,2h,holdout,0.4,97
2.5,0.5,61,0.656,5.5521,338.68,2h,holdout,0.4,97
2.5,0.75,61,0.639,6.2975,384.15,2h,holdout,0.4,97
2.5,1.0,61,0.639,6.5717,400.87,2h,holdout,0.4,97
2.5,1.5,61,0.59,5.6865,346.88,2h,holdout,0.4,97
2.5,2.0,61,0.59,5.8295,355.6,2h,holdout,0.4,97
3.0,0.25,61,0.689,4.3305,264.16,2h,holdout,0.4,97
3.0,0.5,61,0.656,5.4482,332.34,2h,holdout,0.4,97
3.0,0.75,61,0.623,5.147,313.97,2h,holdout,0.4,97
3.0,1.0,61,0.623,5.51,336.11,2h,holdout,0.4,97
3.0,1.5,61,0.574,4.7402,289.15,2h,holdout,0.4,97
3.0,2.0,61,0.574,4.9429,301.51,2h,holdout,0.4,97
3.5,0.25,61,0.689,4.5168,275.52,2h,holdout,0.4,97
3.5,0.5,61,0.656,5.7999,353.79,2h,holdout,0.4,97
3.5,0.75,61,0.623,5.4587,332.98,2h,holdout,0.4,97
3.5,1.0,61,0.623,5.9449,362.64,2h,holdout,0.4,97
3.5,1.5,61,0.574,5.4024,329.55,2h,holdout,0.4,97
3.5,2.0,61,0.574,5.6748,346.16,2h,holdout,0.4,97
4.0,0.25,61,0.689,4.535,276.63,2h,holdout,0.4,97
4.0,0.5,61,0.639,4.6839,285.72,2h,holdout,0.4,97
4.0,0.75,61,0.607,4.2536,259.47,2h,holdout,0.4,97
4.0,1.0,61,0.607,4.6809,285.54,2h,holdout,0.4,97
4.0,1.5,61,0.557,4.0695,248.24,2h,holdout,0.4,97
4.0,2.0,61,0.557,4.3014,262.38,2h,holdout,0.4,97
4.5,0.25,61,0.689,4.6004,280.62,2h,holdout,0.4,97
4.5,0.5,61,0.639,4.7063,287.09,2h,holdout,0.4,97
4.5,0.75,61,0.607,4.2599,259.86,2h,holdout,0.4,97
4.5,1.0,61,0.607,4.6783,285.37,2h,holdout,0.4,97
4.5,1.5,61,0.557,4.0568,247.46,2h,holdout,0.4,97
4.5,2.0,61,0.557,4.2828,261.25,2h,holdout,0.4,97
5.0,0.25,61,0.672,3.6165,220.61,2h,holdout,0.4,97
5.0,0.5,61,0.623,3.801,231.86,2h,holdout,0.4,97
5.0,0.75,61,0.59,3.3905,206.82,2h,holdout,0.4,97
5.0,1.0,61,0.59,3.806,232.17,2h,holdout,0.4,97
5.0,1.5,61,0.541,3.14,191.54,2h,holdout,0.4,97
5.0,2.0,61,0.541,3.3381,203.62,2h,holdout,0.4,97
1.5,0.25,61,0.689,4.0818,248.99,2h,holdout,0.425,97
1.5,0.5,61,0.689,5.4237,330.84,2h,holdout,0.425,97
1.5,0.75,61,0.672,5.8383,356.14,2h,holdout,0.425,97
1.5,1.0,61,0.672,6.1394,374.5,2h,holdout,0.425,97
1.5,1.5,61,0.656,6.5747,401.05,2h,holdout,0.425,97
1.5,2.0,61,0.656,6.8935,420.5,2h,holdout,0.425,97
2.0,0.25,61,0.689,4.4771,273.1,2h,holdout,0.425,97
2.0,0.5,61,0.672,5.9198,361.11,2h,holdout,0.425,97
2.0,0.75,61,0.656,6.5781,401.26,2h,holdout,0.425,97
2.0,1.0,61,0.656,6.9239,422.36,2h,holdout,0.425,97
2.0,1.5,61,0.607,6.1436,374.76,2h,holdout,0.425,97
2.0,2.0,61,0.607,6.3327,386.3,2h,holdout,0.425,97
2.5,0.25,61,0.689,4.5581,278.05,2h,holdout,0.425,97
2.5,0.5,61,0.656,5.7035,347.91,2h,holdout,0.425,97
2.5,0.75,61,0.639,6.4569,393.87,2h,holdout,0.425,97
2.5,1.0,61,0.639,6.7412,411.21,2h,holdout,0.425,97
2.5,1.5,61,0.59,5.8824,358.83,2h,holdout,0.425,97
2.5,2.0,61,0.59,6.0267,367.63,2h,holdout,0.425,97
3.0,0.25,61,0.689,4.5428,277.11,2h,holdout,0.425,97
3.0,0.5,61,0.656,5.6473,344.48,2h,holdout,0.425,97
3.0,0.75,61,0.623,5.3345,325.4,2h,holdout,0.425,97
3.0,1.0,61,0.623,5.6973,347.54,2h,holdout,0.425,97
3.0,1.5,61,0.574,4.9455,301.68,2h,holdout,0.425,97
3.0,2.0,61,0.574,5.1458,313.89,2h,holdout,0.425,97
3.5,0.25,61,0.689,4.5428,277.11,2h,holdout,0.425,97
3.5,0.5,61,0.656,5.6473,344.48,2h,holdout,0.425,97
3.5,0.75,61,0.623,5.2724,321.61,2h,holdout,0.425,97
3.5,1.0,61,0.623,5.7712,352.04,2h,holdout,0.425,97
3.5,1.5,61,0.574,5.2651,321.17,2h,holdout,0.425,97
3.5,2.0,61,0.574,5.5542,338.81,2h,holdout,0.425,97
4.0,0.25,61,0.689,4.8429,295.42,2h,holdout,0.425,97
4.0,0.5,61,0.656,6.0295,367.8,2h,holdout,0.425,97
4.0,0.75,61,0.623,5.6672,345.7,2h,holdout,0.425,97
4.0,1.0,61,0.623,6.1453,374.87,2h,holdout,0.425,97
4.0,1.5,61,0.574,5.6133,342.41,2h,holdout,0.425,97
4.0,2.0,61,0.574,5.8872,359.12,2h,holdout,0.425,97
4.5,0.25,61,0.689,4.8128,293.58,2h,holdout,0.425,97
4.5,0.5,61,0.639,4.9205,300.15,2h,holdout,0.425,97
4.5,0.75,61,0.607,4.4604,272.08,2h,holdout,0.425,97
4.5,1.0,61,0.607,4.8745,297.35,2h,holdout,0.425,97
4.5,1.5,61,0.557,4.2679,260.34,2h,holdout,0.425,97
4.5,2.0,61,0.557,4.4978,274.36,2h,holdout,0.425,97
5.0,0.25,61,0.689,4.8502,295.86,2h,holdout,0.425,97
5.0,0.5,61,0.639,4.956,302.32,2h,holdout,0.425,97
5.0,0.75,61,0.607,4.5227,275.89,2h,holdout,0.425,97
5.0,1.0,61,0.607,4.9304,300.76,2h,holdout,0.425,97
5.0,1.5,61,0.557,4.2748,260.76,2h,holdout,0.425,97
5.0,2.0,61,0.557,4.4735,272.89,2h,holdout,0.425,97
1.5,0.25,59,0.712,5.3449,315.35,2h,holdout,0.45,97
1.5,0.5,59,0.712,6.5211,384.74,2h,holdout,0.45,97
1.5,0.75,59,0.712,6.8817,406.02,2h,holdout,0.45,97
1.5,1.0,59,0.695,7.1525,422.0,2h,holdout,0.45,97
1.5,1.5,59,0.695,7.5547,445.73,2h,holdout,0.45,97
1.5,2.0,59,0.695,7.8558,463.49,2h,holdout,0.45,97
2.0,0.25,59,0.712,6.2691,369.88,2h,holdout,0.45,97
2.0,0.5,59,0.695,7.6336,450.39,2h,holdout,0.45,97
2.0,0.75,59,0.695,8.2777,488.39,2h,holdout,0.45,97
2.0,1.0,59,0.678,8.6147,508.27,2h,holdout,0.45,97
2.0,1.5,59,0.644,7.8018,460.3,2h,holdout,0.45,97
2.0,2.0,59,0.644,7.9799,470.82,2h,holdout,0.45,97
2.5,0.25,59,0.712,6.3609,375.3,2h,holdout,0.45,97
2.5,0.5,59,0.678,7.4198,437.77,2h,holdout,0.45,97
2.5,0.75,59,0.678,8.1508,480.9,2h,holdout,0.45,97
2.5,1.0,59,0.661,8.4256,497.11,2h,holdout,0.45,97
2.5,1.5,59,0.627,7.5321,444.39,2h,holdout,0.45,97
2.5,2.0,59,0.627,7.6641,452.18,2h,holdout,0.45,97
3.0,0.25,59,0.712,6.3609,375.3,2h,holdout,0.45,97
3.0,0.5,59,0.678,7.4394,438.92,2h,holdout,0.45,97
3.0,0.75,59,0.661,7.0841,417.96,2h,holdout,0.45,97
3.0,1.0,59,0.644,7.4477,439.41,2h,holdout,0.45,97
3.0,1.5,59,0.61,6.6757,393.86,2h,holdout,0.45,97
3.0,2.0,59,0.61,6.8725,405.48,2h,holdout,0.45,97
3.5,0.25,59,0.712,6.3459,374.41,2h,holdout,0.45,97
3.5,0.5,59,0.678,7.3745,435.1,2h,holdout,0.45,97
3.5,0.75,59,0.661,6.9368,409.27,2h,holdout,0.45,97
3.5,1.0,59,0.644,7.4271,438.2,2h,holdout,0.45,97
3.5,1.5,59,0.61,6.8945,406.78,2h,holdout,0.45,97
3.5,2.0,59,0.61,7.1831,423.8,2h,holdout,0.45,97
4.0,0.25,59,0.712,6.6551,392.65,2h,holdout,0.45,97
4.0,0.5,59,0.678,7.7688,458.36,2h,holdout,0.45,97
4.0,0.75,59,0.661,7.3446,433.33,2h,holdout,0.45,97
4.0,1.0,59,0.644,7.8135,461.0,2h,holdout,0.45,97
4.0,1.5,59,0.61,7.2543,428.0,2h,holdout,0.45,97
4.0,2.0,59,0.61,7.5272,444.1,2h,holdout,0.45,97
4.5,0.25,59,0.712,6.6253,390.89,2h,holdout,0.45,97
4.5,0.5,59,0.661,6.6387,391.68,2h,holdout,0.45,97
4.5,0.75,59,0.644,6.1086,360.41,2h,holdout,0.45,97
4.5,1.0,59,0.627,6.5094,384.05,2h,holdout,0.45,97
4.5,1.5,59,0.593,5.8709,346.38,2h,holdout,0.45,97
4.5,2.0,59,0.593,6.0972,359.73,2h,holdout,0.45,97
5.0,0.25,59,0.712,6.6253,390.89,2h,holdout,0.45,97
5.0,0.5,59,0.661,6.6387,391.68,2h,holdout,0.45,97
5.0,0.75,59,0.644,6.1086,360.41,2h,holdout,0.45,97
5.0,1.0,59,0.627,6.5094,384.05,2h,holdout,0.45,97
5.0,1.5,59,0.593,5.8709,346.38,2h,holdout,0.45,97
5.0,2.0,59,0.593,6.0972,359.73,2h,holdout,0.45,97
1.5,0.25,58,0.724,6.6093,383.34,2h,holdout,0.475,97
1.5,0.5,58,0.741,7.7036,446.81,2h,holdout,0.475,97
1.5,0.75,58,0.724,8.0403,466.34,2h,holdout,0.475,97
1.5,1.0,58,0.707,8.2977,481.26,2h,holdout,0.475,97
1.5,1.5,58,0.707,8.6856,503.77,2h,holdout,0.475,97
1.5,2.0,58,0.707,8.9797,520.82,2h,holdout,0.475,97
2.0,0.25,58,0.724,7.374,427.69,2h,holdout,0.475,97
2.0,0.5,58,0.724,8.3741,485.7,2h,holdout,0.475,97
2.0,0.75,58,0.707,8.6948,504.3,2h,holdout,0.475,97
2.0,1.0,58,0.69,8.9345,518.2,2h,holdout,0.475,97
2.0,1.5,58,0.672,9.3016,539.49,2h,holdout,0.475,97
2.0,2.0,58,0.672,9.5837,555.86,2h,holdout,0.475,97
2.5,0.25,58,0.724,7.645,443.41,2h,holdout,0.475,97
2.5,0.5,58,0.707,8.6172,499.8,2h,holdout,0.475,97
2.5,0.75,58,0.69,9.3186,540.48,2h,holdout,0.475,97
2.5,1.0,58,0.672,9.5823,555.77,2h,holdout,0.475,97
2.5,1.5,58,0.638,8.6716,502.95,2h,holdout,0.475,97
2.5,2.0,58,0.638,8.7909,509.87,2h,holdout,0.475,97
3.0,0.25,58,0.724,7.645,443.41,2h,holdout,0.475,97
3.0,0.5,58,0.707,8.6491,501.65,2h,holdout,0.475,97
3.0,0.75,58,0.69,9.0149,522.87,2h,holdout,0.475,97
3.0,1.0,58,0.672,9.2168,534.57,2h,holdout,0.475,97
3.0,1.5,58,0.638,8.2549,478.78,2h,holdout,0.475,97
3.0,2.0,58,0.638,8.3501,484.31,2h,holdout,0.475,97
3.5,0.25,58,0.724,7.6305,442.57,2h,holdout,0.475,97
3.5,0.5,58,0.707,8.5842,497.88,2h,holdout,0.475,97
3.5,0.75,58,0.672,8.1967,475.41,2h,holdout,0.475,97
3.5,1.0,58,0.655,8.4953,492.72,2h,holdout,0.475,97
3.5,1.5,58,0.621,7.6538,443.92,2h,holdout,0.475,97
3.5,2.0,58,0.621,7.8162,453.34,2h,holdout,0.475,97
4.0,0.25,58,0.724,7.9438,460.74,2h,holdout,0.475,97
4.0,0.5,58,0.707,8.9843,521.09,2h,holdout,0.475,97
4.0,0.75,58,0.672,8.5089,493.52,2h,holdout,0.475,97
4.0,1.0,58,0.655,8.9637,519.9,2h,holdout,0.475,97
4.0,1.5,58,0.621,8.3894,486.58,2h,holdout,0.475,97
4.0,2.0,58,0.621,8.6591,502.23,2h,holdout,0.475,97
4.5,0.25,58,0.724,7.9104,458.8,2h,holdout,0.475,97
4.5,0.5,58,0.707,8.829,512.08,2h,holdout,0.475,97
4.5,0.75,58,0.672,8.3113,482.06,2h,holdout,0.475,97
4.5,1.0,58,0.655,8.743,507.09,2h,holdout,0.475,97
4.5,1.5,58,0.621,8.1429,472.29,2h,holdout,0.475,97
4.5,2.0,58,0.621,8.3982,487.09,2h,holdout,0.475,97
5.0,0.25,58,0.724,7.915,459.07,2h,holdout,0.475,97
5.0,0.5,58,0.69,7.8515,455.39,2h,holdout,0.475,97
5.0,0.75,58,0.655,7.2635,421.28,2h,holdout,0.475,97
5.0,1.0,58,0.638,7.6469,443.52,2h,holdout,0.475,97
5.0,1.5,58,0.603,6.9899,405.41,2h,holdout,0.475,97
5.0,2.0,58,0.603,7.2111,418.24,2h,holdout,0.475,97
1.5,0.25,58,0.741,6.3241,366.8,2h,holdout,0.5,97
1.5,0.5,58,0.724,7.2169,418.58,2h,holdout,0.5,97
1.5,0.75,58,0.707,7.5486,437.82,2h,holdout,0.5,97
1.5,1.0,58,0.707,7.8037,452.62,2h,holdout,0.5,97
1.5,1.5,58,0.69,8.1885,474.93,2h,holdout,0.5,97
1.5,2.0,58,0.69,8.4805,491.87,2h,holdout,0.5,97
2.0,0.25,58,0.741,7.2938,423.04,2h,holdout,0.5,97
2.0,0.5,58,0.707,8.0607,467.52,2h,holdout,0.5,97
2.0,0.75,58,0.69,8.3137,482.2,2h,holdout,0.5,97
2.0,1.0,58,0.69,8.528,494.63,2h,holdout,0.5,97
2.0,1.5,58,0.655,8.8701,514.46,2h,holdout,0.5,97
2.0,2.0,58,0.655,9.1389,530.06,2h,holdout,0.5,97
2.5,0.25,58,0.741,7.4596,432.66,2h,holdout,0.5,97
2.5,0.5,58,0.69,8.4703,491.28,2h,holdout,0.5,97
2.5,0.75,58,0.672,9.0006,522.03,2h,holdout,0.5,97
2.5,1.0,58,0.672,9.2745,537.92,2h,holdout,0.5,97
2.5,1.5,58,0.621,8.405,487.49,2h,holdout,0.5,97
2.5,2.0,58,0.621,8.5345,495.0,2h,holdout,0.5,97
3.0,0.25,58,0.741,7.5034,435.2,2h,holdout,0.5,97
3.0,0.5,58,0.672,7.344,425.95,2h,holdout,0.5,97
3.0,0.75,58,0.655,8.1016,469.89,2h,holdout,0.5,97
3.0,1.0,58,0.655,8.4121,487.9,2h,holdout,0.5,97
3.0,1.5,58,0.603,7.5749,439.35,2h,holdout,0.5,97
3.0,2.0,58,0.603,7.7248,448.04,2h,holdout,0.5,97
3.5,0.25,58,0.741,7.5034,435.2,2h,holdout,0.5,97
3.5,0.5,58,0.672,7.3509,426.35,2h,holdout,0.5,97
3.5,0.75,58,0.638,7.0112,406.65,2h,holdout,0.5,97
3.5,1.0,58,0.638,7.4104,429.8,2h,holdout,0.5,97
3.5,1.5,58,0.586,6.6986,388.52,2h,holdout,0.5,97
3.5,2.0,58,0.586,6.9164,401.15,2h,holdout,0.5,97
4.0,0.25,58,0.741,7.9395,460.49,2h,holdout,0.5,97
4.0,0.5,58,0.672,7.7555,449.82,2h,holdout,0.5,97
4.0,0.75,58,0.638,7.3095,423.95,2h,holdout,0.5,97
4.0,1.0,58,0.638,7.7958,452.16,2h,holdout,0.5,97
4.0,1.5,58,0.586,7.2835,422.45,2h,holdout,0.5,97
4.0,2.0,58,0.586,7.587,440.05,2h,holdout,0.5,97
4.5,0.25,58,0.741,8.008,464.46,2h,holdout,0.5,97
4.5,0.5,58,0.672,7.7792,451.19,2h,holdout,0.5,97
4.5,0.75,58,0.638,7.3163,424.34,2h,holdout,0.5,97
4.5,1.0,58,0.638,7.7931,452.0,2h,holdout,0.5,97
4.5,1.5,58,0.586,7.2702,421.67,2h,holdout,0.5,97
4.5,2.0,58,0.586,7.5676,438.92,2h,holdout,0.5,97
5.0,0.25,58,0.741,7.9121,458.9,2h,holdout,0.5,97
5.0,0.5,58,0.655,6.6394,385.08,2h,holdout,0.5,97
5.0,0.75,58,0.621,6.076,352.41,2h,holdout,0.5,97
5.0,1.0,58,0.621,6.4889,376.35,2h,holdout,0.5,97
5.0,1.5,58,0.569,5.8918,341.72,2h,holdout,0.5,97
5.0,2.0,58,0.569,6.1456,356.44,2h,holdout,0.5,97
1.5,0.25,58,0.741,6.5677,380.93,2h,holdout,0.525,97
1.5,0.5,58,0.724,7.4723,433.4,2h,holdout,0.525,97
1.5,0.75,58,0.707,7.8244,453.82,2h,holdout,0.525,97
1.5,1.0,58,0.707,8.0914,469.3,2h,holdout,0.525,97
1.5,1.5,58,0.69,8.4898,492.41,2h,holdout,0.525,97
1.5,2.0,58,0.69,8.7897,509.8,2h,holdout,0.525,97
2.0,0.25,58,0.741,7.436,431.29,2h,holdout,0.525,97
2.0,0.5,58,0.724,8.5858,497.98,2h,holdout,0.525,97
2.0,0.75,58,0.707,8.8959,515.96,2h,holdout,0.525,97
2.0,1.0,58,0.707,9.1412,530.19,2h,holdout,0.525,97
2.0,1.5,58,0.672,9.5179,552.04,2h,holdout,0.525,97
2.0,2.0,58,0.672,9.8067,568.79,2h,holdout,0.525,97
2.5,0.25,58,0.741,7.7939,452.05,2h,holdout,0.525,97
2.5,0.5,58,0.707,8.948,518.98,2h,holdout,0.525,97
2.5,0.75,58,0.69,9.5497,553.88,2h,holdout,0.525,97
2.5,1.0,58,0.69,9.8637,572.09,2h,holdout,0.525,97
2.5,1.5,58,0.638,9.0571,525.31,2h,holdout,0.525,97
2.5,2.0,58,0.638,9.2092,534.13,2h,holdout,0.525,97
3.0,0.25,58,0.741,7.7365,448.72,2h,holdout,0.525,97
3.0,0.5,58,0.672,7.5973,440.64,2h,holdout,0.525,97
3.0,0.75,58,0.655,8.3647,485.15,2h,holdout,0.525,97
3.0,1.0,58,0.655,8.6895,503.99,2h,holdout,0.525,97
3.0,1.5,58,0.603,7.8854,457.35,2h,holdout,0.525,97
3.0,2.0,58,0.603,8.0403,466.34,2h,holdout,0.525,97
3.5,0.25,58,0.741,7.7365,448.72,2h,holdout,0.525,97
3.5,0.5,58,0.672,7.6163,441.75,2h,holdout,0.525,97
3.5,0.75,58,0.638,7.2822,422.37,2h,holdout,0.525,97
3.5,1.0,58,0.638,7.6917,446.12,2h,holdout,0.525,97
3.5,1.5,58,0.586,7.0104,406.6,2h,holdout,0.525,97
3.5,2.0,58,0.586,7.2328,419.5,2h,holdout,0.525,97
4.0,0.25,58,0.741,8.1684,473.77,2h,holdout,0.525,97
4.0,0.5,58,0.672,8.0211,465.22,2h,holdout,0.525,97
4.0,0.75,58,0.638,7.6786,445.36,2h,holdout,0.525,97
4.0,1.0,58,0.638,8.2375,477.78,2h,holdout,0.525,97
4.0,1.5,58,0.586,7.794,452.05,2h,holdout,0.525,97
4.0,2.0,58,0.586,8.1269,471.36,2h,holdout,0.525,97
4.5,0.25,58,0.741,8.1684,473.77,2h,holdout,0.525,97
4.5,0.5,58,0.672,8.0211,465.22,2h,holdout,0.525,97
4.5,0.75,58,0.638,7.5829,439.81,2h,holdout,0.525,97
4.5,1.0,58,0.638,8.0773,468.48,2h,holdout,0.525,97
4.5,1.5,58,0.586,7.5943,440.47,2h,holdout,0.525,97
4.5,2.0,58,0.586,7.91,458.78,2h,holdout,0.525,97
5.0,0.25,58,0.741,8.1424,472.26,2h,holdout,0.525,97
5.0,0.5,58,0.655,6.9217,401.46,2h,holdout,0.525,97
5.0,0.75,58,0.621,6.3613,368.95,2h,holdout,0.525,97
5.0,1.0,58,0.621,6.7802,393.25,2h,holdout,0.525,97
5.0,1.5,58,0.569,6.2103,360.2,2h,holdout,0.525,97
5.0,2.0,58,0.569,6.4751,375.56,2h,holdout,0.525,97
1.5,0.25,58,0.741,6.8821,399.16,2h,holdout,0.55,97
1.5,0.5,58,0.724,7.5611,438.54,2h,holdout,0.55,97
1.5,0.75,58,0.707,7.9445,460.78,2h,holdout,0.55,97
1.5,1.0,58,0.707,8.2251,477.06,2h,holdout,0.55,97
1.5,1.5,58,0.69,8.2588,479.01,2h,holdout,0.55,97
1.5,2.0,58,0.69,8.2987,481.33,2h,holdout,0.55,97
2.0,0.25,58,0.741,7.5764,439.43,2h,holdout,0.55,97
2.0,0.5,58,0.724,8.4775,491.69,2h,holdout,0.55,97
2.0,0.75,58,0.707,8.8763,514.83,2h,holdout,0.55,97
2.0,1.0,58,0.707,9.1653,531.59,2h,holdout,0.55,97
2.0,1.5,58,0.69,9.5885,556.13,2h,holdout,0.55,97
2.0,2.0,58,0.69,9.903,574.38,2h,holdout,0.55,97
2.5,0.25,58,0.741,8.0974,469.65,2h,holdout,0.55,97
2.5,0.5,58,0.707,9.0231,523.34,2h,holdout,0.55,97
2.5,0.75,58,0.69,9.6573,560.12,2h,holdout,0.55,97
2.5,1.0,58,0.69,9.986,579.19,2h,holdout,0.55,97
2.5,1.5,58,0.655,9.2119,534.29,2h,holdout,0.55,97
2.5,2.0,58,0.638,9.3686,543.38,2h,holdout,0.55,97
3.0,0.25,58,0.741,8.0406,466.35,2h,holdout,0.55,97
3.0,0.5,58,0.69,8.9601,519.69,2h,holdout,0.55,97
3.0,0.75,58,0.672,9.6831,561.62,2h,holdout,0.55,97
3.0,1.0,58,0.672,9.9793,578.8,2h,holdout,0.55,97
3.0,1.5,58,0.638,9.1524,530.84,2h,holdout,0.55,97
3.0,2.0,58,0.621,9.2779,538.12,2h,holdout,0.55,97
3.5,0.25,58,0.741,8.0406,466.35,2h,holdout,0.55,97
3.5,0.5,58,0.672,7.7043,446.85,2h,holdout,0.55,97
3.5,0.75,58,0.655,8.1582,473.17,2h,holdout,0.55,97
3.5,1.0,58,0.655,8.4416,489.61,2h,holdout,0.55,97
3.5,1.5,58,0.621,7.6235,442.16,2h,holdout,0.55,97
3.5,2.0,58,0.603,7.7611,450.14,2h,holdout,0.55,97
4.0,0.25,58,0.741,8.4686,491.18,2h,holdout,0.55,97
4.0,0.5,58,0.672,8.1091,470.33,2h,holdout,0.55,97
4.0,0.75,58,0.638,7.7932,452.01,2h,holdout,0.55,97
4.0,1.0,58,0.638,8.3629,485.05,2h,holdout,0.55,97
4.0,1.5,58,0.603,7.9493,461.06,2h,holdout,0.55,97
4.0,2.0,58,0.586,8.294,481.05,2h,holdout,0.55,97
4.5,0.25,58,0.741,8.4686,491.18,2h,holdout,0.55,97
4.5,0.5,58,0.672,8.1091,470.33,2h,holdout,0.55,97
4.5,0.75,58,0.638,7.7006,446.63,2h,holdout,0.55,97
4.5,1.0,58,0.638,8.2049,475.88,2h,holdout,0.55,97
4.5,1.5,58,0.603,7.7511,449.56,2h,holdout,0.55,97
4.5,2.0,58,0.586,8.0784,468.55,2h,holdout,0.55,97
5.0,0.25,58,0.741,8.5369,495.14,2h,holdout,0.55,97
5.0,0.5,58,0.672,8.1329,471.71,2h,holdout,0.55,97
5.0,0.75,58,0.638,7.7074,447.03,2h,holdout,0.55,97
5.0,1.0,58,0.638,8.2023,475.73,2h,holdout,0.55,97
5.0,1.5,58,0.603,7.7378,448.8,2h,holdout,0.55,97
5.0,2.0,58,0.586,8.059,467.42,2h,holdout,0.55,97
1.5,0.25,58,0.741,7.0518,409.0,2h,holdout,0.575,97
1.5,0.5,58,0.724,7.7286,448.26,2h,holdout,0.575,97
1.5,0.75,58,0.707,8.1182,470.85,2h,holdout,0.575,97
1.5,1.0,58,0.707,8.402,487.32,2h,holdout,0.575,97
1.5,1.5,58,0.707,8.448,489.99,2h,holdout,0.575,97
1.5,2.0,58,0.69,8.4913,492.49,2h,holdout,0.575,97
2.0,0.25,58,0.741,7.4487,432.02,2h,holdout,0.575,97
2.0,0.5,58,0.724,8.1799,474.43,2h,holdout,0.575,97
2.0,0.75,58,0.707,8.5274,494.59,2h,holdout,0.575,97
2.0,1.0,58,0.707,8.7865,509.62,2h,holdout,0.575,97
2.0,1.5,58,0.707,9.1746,532.13,2h,holdout,0.575,97
2.0,2.0,58,0.69,9.4683,549.16,2h,holdout,0.575,97
2.5,0.25,58,0.741,8.1579,473.16,2h,holdout,0.575,97
2.5,0.5,58,0.707,9.05,524.9,2h,holdout,0.575,97
2.5,0.75,58,0.69,9.5434,553.52,2h,holdout,0.575,97
2.5,1.0,58,0.69,9.7431,565.1,2h,holdout,0.575,97
2.5,1.5,58,0.69,10.0642,583.72,2h,holdout,0.575,97
2.5,2.0,58,0.655,10.3226,598.71,2h,holdout,0.575,97
3.0,0.25,58,0.741,8.1632,473.46,2h,holdout,0.575,97
3.0,0.5,58,0.69,8.9467,518.91,2h,holdout,0.575,97
3.0,0.75,58,0.672,9.5373,553.17,2h,holdout,0.575,97
3.0,1.0,58,0.672,9.8429,570.89,2h,holdout,0.575,97
3.0,1.5,58,0.655,9.0601,525.49,2h,holdout,0.575,97
3.0,2.0,58,0.621,9.1983,533.5,2h,holdout,0.575,97
3.5,0.25,58,0.741,8.2004,475.62,2h,holdout,0.575,97
3.5,0.5,58,0.672,7.8501,455.31,2h,holdout,0.575,97
3.5,0.75,58,0.655,8.6331,500.72,2h,holdout,0.575,97
3.5,1.0,58,0.655,8.9798,520.83,2h,holdout,0.575,97
3.5,1.5,58,0.638,8.2313,477.41,2h,holdout,0.575,97
3.5,2.0,58,0.603,8.3901,486.63,2h,holdout,0.575,97
4.0,0.25,58,0.741,8.319,482.5,2h,holdout,0.575,97
4.0,0.5,58,0.672,7.9026,458.35,2h,holdout,0.575,97
4.0,0.75,58,0.638,7.587,440.05,2h,holdout,0.575,97
4.0,1.0,58,0.638,8.0041,464.24,2h,holdout,0.575,97
4.0,1.5,58,0.621,7.3669,427.28,2h,holdout,0.575,97
4.0,2.0,58,0.586,7.5881,440.11,2h,holdout,0.575,97
4.5,0.25,58,0.741,8.6244,500.21,2h,holdout,0.575,97
4.5,0.5,58,0.672,8.2744,479.91,2h,holdout,0.575,97
4.5,0.75,58,0.638,7.872,456.57,2h,holdout,0.575,97
4.5,1.0,58,0.638,8.3759,485.8,2h,holdout,0.575,97
4.5,1.5,58,0.621,7.941,460.58,2h,holdout,0.575,97
4.5,2.0,58,0.586,8.2747,479.93,2h,holdout,0.575,97
5.0,0.25,58,0.741,8.6926,504.17,2h,holdout,0.575,97
5.0,0.5,58,0.672,8.2981,481.29,2h,holdout,0.575,97
5.0,0.75,58,0.638,7.8788,456.97,2h,holdout,0.575,97
5.0,1.0,58,0.638,8.3733,485.65,2h,holdout,0.575,97
5.0,1.5,58,0.621,7.9278,459.81,2h,holdout,0.575,97
5.0,2.0,58,0.586,8.2553,478.81,2h,holdout,0.575,97
1.5,0.25,58,0.741,6.9113,400.86,2h,holdout,0.6,97
1.5,0.5,58,0.724,7.4336,431.15,2h,holdout,0.6,97
1.5,0.75,58,0.707,7.7709,450.71,2h,holdout,0.6,97
1.5,1.0,58,0.707,8.025,465.45,2h,holdout,0.6,97
1.5,1.5,58,0.707,8.045,466.61,2h,holdout,0.6,97
1.5,2.0,58,0.707,8.0689,468.0,2h,holdout,0.6,97
2.0,0.25,58,0.741,7.2202,418.77,2h,holdout,0.6,97
2.0,0.5,58,0.724,7.8947,457.89,2h,holdout,0.6,97
2.0,0.75,58,0.707,8.2906,480.86,2h,holdout,0.6,97
2.0,1.0,58,0.707,8.5779,497.52,2h,holdout,0.6,97
2.0,1.5,58,0.707,8.9972,521.84,2h,holdout,0.6,97
2.0,2.0,58,0.707,9.3084,539.89,2h,holdout,0.6,97
2.5,0.25,58,0.741,8.1571,473.11,2h,holdout,0.6,97
2.5,0.5,58,0.707,8.7188,505.69,2h,holdout,0.6,97
2.5,0.75,58,0.69,9.0433,524.51,2h,holdout,0.6,97
2.5,1.0,58,0.69,9.2923,538.96,2h,holdout,0.6,97
2.5,1.5,58,0.69,9.6713,560.93,2h,holdout,0.6,97
2.5,2.0,58,0.672,9.9604,577.7,2h,holdout,0.6,97
3.0,0.25,58,0.741,8.3301,483.14,2h,holdout,0.6,97
3.0,0.5,58,0.69,9.1525,530.85,2h,holdout,0.6,97
3.0,0.75,58,0.672,9.7703,566.68,2h,holdout,0.6,97
3.0,1.0,58,0.672,10.0919,585.33,2h,holdout,0.6,97
3.0,1.5,58,0.655,9.3447,541.99,2h,holdout,0.6,97
3.0,2.0,58,0.638,9.4899,550.42,2h,holdout,0.6,97
3.5,0.25,58,0.741,8.3591,484.83,2h,holdout,0.6,97
3.5,0.5,58,0.672,8.0123,464.71,2h,holdout,0.6,97
3.5,0.75,58,0.655,8.793,509.99,2h,holdout,0.6,97
3.5,1.0,58,0.655,9.1456,530.45,2h,holdout,0.6,97
3.5,1.5,58,0.638,8.4199,488.35,2h,holdout,0.6,97
3.5,2.0,58,0.621,8.5781,497.53,2h,holdout,0.6,97
4.0,0.25,58,0.741,8.3591,484.83,2h,holdout,0.6,97
4.0,0.5,58,0.672,8.0308,465.79,2h,holdout,0.6,97
4.0,0.75,58,0.638,7.7273,448.18,2h,holdout,0.6,97
4.0,1.0,58,0.638,8.0726,468.21,2h,holdout,0.6,97
4.0,1.5,58,0.621,7.3326,425.29,2h,holdout,0.6,97
4.0,2.0,58,0.603,7.4835,434.04,2h,holdout,0.6,97
4.5,0.25,58,0.741,8.7792,509.19,2h,holdout,0.6,97
4.5,0.5,58,0.672,8.4359,489.28,2h,holdout,0.6,97
4.5,0.75,58,0.638,8.1289,471.48,2h,holdout,0.6,97
4.5,1.0,58,0.638,8.6995,504.57,2h,holdout,0.6,97
4.5,1.5,58,0.621,8.3251,482.85,2h,holdout,0.6,97
4.5,2.0,58,0.603,8.6833,503.63,2h,holdout,0.6,97
5.0,0.25,58,0.741,8.8474,513.15,2h,holdout,0.6,97
5.0,0.5,58,0.672,8.4597,490.66,2h,holdout,0.6,97
5.0,0.75,58,0.638,8.0491,466.85,2h,holdout,0.6,97
5.0,1.0,58,0.638,8.5433,495.51,2h,holdout,0.6,97
5.0,1.5,58,0.621,8.1169,470.78,2h,holdout,0.6,97
5.0,2.0,58,0.603,8.4509,490.15,2h,holdout,0.6,97
1.5,0.25,58,0.741,7.086,410.99,2h,holdout,0.625,97
1.5,0.5,58,0.724,7.6042,441.05,2h,holdout,0.625,97
1.5,0.75,58,0.724,7.9471,460.93,2h,holdout,0.625,97
1.5,1.0,58,0.707,8.2042,475.84,2h,holdout,0.625,97
1.5,1.5,58,0.707,8.2358,477.68,2h,holdout,0.625,97
1.5,2.0,58,0.707,8.2629,479.25,2h,holdout,0.625,97
2.0,0.25,58,0.741,7.3872,428.46,2h,holdout,0.625,97
2.0,0.5,58,0.724,8.0593,467.44,2h,holdout,0.625,97
2.0,0.75,58,0.724,8.4619,490.79,2h,holdout,0.625,97
2.0,1.0,58,0.707,8.7528,507.66,2h,holdout,0.625,97
2.0,1.5,58,0.707,9.176,532.21,2h,holdout,0.625,97
2.0,2.0,58,0.707,9.4894,550.39,2h,holdout,0.625,97
2.5,0.25,58,0.741,8.1965,475.4,2h,holdout,0.625,97
2.5,0.5,58,0.724,9.1392,530.08,2h,holdout,0.625,97
2.5,0.75,58,0.724,9.5114,551.66,2h,holdout,0.625,97
2.5,1.0,58,0.707,9.7849,567.52,2h,holdout,0.625,97
2.5,1.5,58,0.707,10.1906,591.05,2h,holdout,0.625,97
2.5,2.0,58,0.69,10.495,608.71,2h,holdout,0.625,97
3.0,0.25,58,0.741,8.4891,492.37,2h,holdout,0.625,97
3.0,0.5,58,0.69,9.3045,539.66,2h,holdout,0.625,97
3.0,0.75,58,0.69,9.9298,575.93,2h,holdout,0.625,97
3.0,1.0,58,0.672,10.256,594.85,2h,holdout,0.625,97
3.0,1.5,58,0.655,9.5311,552.81,2h,holdout,0.625,97
3.0,2.0,58,0.638,9.676,561.21,2h,holdout,0.625,97
3.5,0.25,58,0.741,8.5169,493.98,2h,holdout,0.625,97
3.5,0.5,58,0.69,9.4306,546.97,2h,holdout,0.625,97
3.5,0.75,58,0.69,10.1549,588.98,2h,holdout,0.625,97
3.5,1.0,58,0.672,10.4695,607.23,2h,holdout,0.625,97
3.5,1.5,58,0.655,9.7122,563.31,2h,holdout,0.625,97
3.5,2.0,58,0.638,9.8368,570.53,2h,holdout,0.625,97
4.0,0.25,58,0.741,8.5169,493.98,2h,holdout,0.625,97
4.0,0.5,58,0.672,8.1815,474.53,2h,holdout,0.625,97
4.0,0.75,58,0.672,8.6486,501.62,2h,holdout,0.625,97
4.0,1.0,58,0.655,8.9475,518.95,2h,holdout,0.625,97
4.0,1.5,58,0.638,8.1956,475.35,2h,holdout,0.625,97
4.0,2.0,58,0.621,8.3306,483.17,2h,holdout,0.625,97
4.5,0.25,58,0.741,8.9331,518.12,2h,holdout,0.625,97
4.5,0.5,58,0.672,8.5866,498.02,2h,holdout,0.625,97
4.5,0.75,58,0.655,8.2951,481.12,2h,holdout,0.625,97
4.5,1.0,58,0.638,8.8665,514.26,2h,holdout,0.625,97
4.5,1.5,58,0.621,8.5117,493.68,2h,holdout,0.625,97
4.5,2.0,58,0.603,8.8768,514.85,2h,holdout,0.625,97
5.0,0.25,58,0.741,9.0012,522.07,2h,holdout,0.625,97
5.0,0.5,58,0.672,8.6104,499.41,2h,holdout,0.625,97
5.0,0.75,58,0.655,8.2183,476.66,2h,holdout,0.625,97
5.0,1.0,58,0.638,8.7124,505.32,2h,holdout,0.625,97
5.0,1.5,58,0.621,8.3051,481.69,2h,holdout,0.625,97
5.0,2.0,58,0.603,8.6458,501.45,2h,holdout,0.625,97
1.5,0.25,57,0.754,8.0035,456.2,2h,holdout,0.65,97
1.5,0.5,57,0.737,8.514,485.3,2h,holdout,0.65,97
1.5,0.75,57,0.737,8.8507,504.49,2h,holdout,0.65,97
1.5,1.0,57,0.719,9.1021,518.82,2h,holdout,0.65,97
1.5,1.5,57,0.719,9.1283,520.31,2h,holdout,0.65,97
1.5,2.0,57,0.719,9.1475,521.41,2h,holdout,0.65,97
2.0,0.25,57,0.754,8.4014,478.88,2h,holdout,0.65,97
2.0,0.5,57,0.737,9.0197,514.12,2h,holdout,0.65,97
2.0,0.75,57,0.737,9.4031,535.97,2h,holdout,0.65,97
2.0,1.0,57,0.719,9.6815,551.84,2h,holdout,0.65,97
2.0,1.5,57,0.719,9.7394,555.15,2h,holdout,0.65,97
2.0,2.0,57,0.719,9.7777,557.33,2h,holdout,0.65,97
2.5,0.25,57,0.754,9.0368,515.1,2h,holdout,0.65,97
2.5,0.5,57,0.737,9.8677,562.46,2h,holdout,0.65,97
2.5,0.75,57,0.737,10.2662,585.17,2h,holdout,0.65,97
2.5,1.0,57,0.719,10.5516,601.44,2h,holdout,0.65,97
2.5,1.5,57,0.719,10.9689,625.23,2h,holdout,0.65,97
2.5,2.0,57,0.719,11.2796,642.94,2h,holdout,0.65,97
3.0,0.25,57,0.754,9.5146,542.33,2h,holdout,0.65,97
3.0,0.5,57,0.702,10.211,582.02,2h,holdout,0.65,97
3.0,0.75,57,0.702,10.6626,607.77,2h,holdout,0.65,97
3.0,1.0,57,0.684,10.8367,617.69,2h,holdout,0.65,97
3.0,1.5,57,0.684,11.1248,634.11,2h,holdout,0.65,97
3.0,2.0,57,0.684,11.3634,647.71,2h,holdout,0.65,97
3.5,0.25,57,0.754,9.5098,542.06,2h,holdout,0.65,97
3.5,0.5,57,0.702,10.2241,582.78,2h,holdout,0.65,97
3.5,0.75,57,0.702,10.8144,616.42,2h,holdout,0.65,97
3.5,1.0,57,0.684,11.1178,633.72,2h,holdout,0.65,97
3.5,1.5,57,0.667,10.3624,590.66,2h,holdout,0.65,97
3.5,2.0,57,0.667,10.4846,597.62,2h,holdout,0.65,97
4.0,0.25,57,0.754,9.5417,543.87,2h,holdout,0.65,97
4.0,0.5,57,0.684,9.1129,519.44,2h,holdout,0.65,97
4.0,0.75,57,0.684,9.889,563.67,2h,holdout,0.65,97
4.0,1.0,57,0.667,10.2388,583.61,2h,holdout,0.65,97
4.0,1.5,57,0.649,9.5202,542.65,2h,holdout,0.65,97
4.0,2.0,57,0.649,9.6638,550.84,2h,holdout,0.65,97
4.5,0.25,57,0.754,9.8522,561.57,2h,holdout,0.65,97
4.5,0.5,57,0.684,9.5308,543.25,2h,holdout,0.65,97
4.5,0.75,57,0.667,9.2396,526.66,2h,holdout,0.65,97
4.5,1.0,57,0.649,9.5567,544.73,2h,holdout,0.65,97
4.5,1.5,57,0.632,8.7934,501.23,2h,holdout,0.65,97
4.5,2.0,57,0.632,8.912,507.99,2h,holdout,0.65,97
5.0,0.25,57,0.754,10.0305,571.74,2h,holdout,0.65,97
5.0,0.5,57,0.684,9.5668,545.31,2h,holdout,0.65,97
5.0,0.75,57,0.667,9.2355,526.42,2h,holdout,0.65,97
5.0,1.0,57,0.649,9.7867,557.84,2h,holdout,0.65,97
5.0,1.5,57,0.632,9.4082,536.27,2h,holdout,0.65,97
5.0,2.0,57,0.632,9.7639,556.54,2h,holdout,0.65,97
1.5,0.25,57,0.754,7.6105,433.8,2h,holdout,0.675,97
1.5,0.5,57,0.754,8.0631,459.6,2h,holdout,0.675,97
1.5,0.75,57,0.737,8.2583,470.72,2h,holdout,0.675,97
1.5,1.0,57,0.719,8.384,477.89,2h,holdout,0.675,97
1.5,1.5,57,0.719,8.545,487.06,2h,holdout,0.675,97
1.5,2.0,57,0.719,8.6467,492.86,2h,holdout,0.675,97
2.0,0.25,57,0.754,8.3094,473.64,2h,holdout,0.675,97
2.0,0.5,57,0.754,9.1026,518.85,2h,holdout,0.675,97
2.0,0.75,57,0.737,9.5131,542.25,2h,holdout,0.675,97
2.0,1.0,57,0.719,9.805,558.88,2h,holdout,0.675,97
2.0,1.5,57,0.719,9.8857,563.49,2h,holdout,0.675,97
2.0,2.0,57,0.719,9.9334,566.21,2h,holdout,0.675,97
2.5,0.25,57,0.754,8.5938,489.85,2h,holdout,0.675,97
2.5,0.5,57,0.754,9.3438,532.59,2h,holdout,0.675,97
2.5,0.75,57,0.737,9.7182,553.94,2h,holdout,0.675,97
2.5,1.0,57,0.719,9.9905,569.46,2h,holdout,0.675,97
2.5,1.5,57,0.719,10.3908,592.28,2h,holdout,0.675,97
2.5,2.0,57,0.719,10.6905,609.36,2h,holdout,0.675,97
3.0,0.25,57,0.754,9.161,522.18,2h,holdout,0.675,97
3.0,0.5,57,0.719,10.0092,570.53,2h,holdout,0.675,97
3.0,0.75,57,0.702,10.477,597.19,2h,holdout,0.675,97
3.0,1.0,57,0.684,10.6728,608.35,2h,holdout,0.675,97
3.0,1.5,57,0.684,10.9875,626.29,2h,holdout,0.675,97
3.0,2.0,57,0.684,11.2421,640.8,2h,holdout,0.675,97
3.5,0.25,57,0.754,9.415,536.66,2h,holdout,0.675,97
3.5,0.5,57,0.719,10.3443,589.63,2h,holdout,0.675,97
3.5,0.75,57,0.702,10.983,626.03,2h,holdout,0.675,97
3.5,1.0,57,0.684,11.313,644.84,2h,holdout,0.675,97
3.5,1.5,57,0.684,10.6044,604.45,2h,holdout,0.675,97
3.5,2.0,57,0.667,10.74,612.18,2h,holdout,0.675,97
4.0,0.25,57,0.754,9.4409,538.13,2h,holdout,0.675,97
4.0,0.5,57,0.702,9.1829,523.42,2h,holdout,0.675,97
4.0,0.75,57,0.684,9.9866,569.24,2h,holdout,0.675,97
4.0,1.0,57,0.667,10.3523,590.08,2h,holdout,0.675,97
4.0,1.5,57,0.667,9.6671,551.03,2h,holdout,0.675,97
4.0,2.0,57,0.649,9.8161,559.52,2h,holdout,0.675,97
4.5,0.25,57,0.754,9.5602,544.93,2h,holdout,0.675,97
4.5,0.5,57,0.702,9.2333,526.3,2h,holdout,0.675,97
4.5,0.75,57,0.684,9.7062,553.26,2h,holdout,0.675,97
4.5,1.0,57,0.667,10.0033,570.19,2h,holdout,0.675,97
4.5,1.5,57,0.667,9.26,527.82,2h,holdout,0.675,97
4.5,2.0,57,0.649,9.3812,534.73,2h,holdout,0.675,97
5.0,0.25,57,0.754,9.8567,561.83,2h,holdout,0.675,97
5.0,0.5,57,0.702,9.6118,547.87,2h,holdout,0.675,97
5.0,0.75,57,0.667,9.3336,532.02,2h,holdout,0.675,97
5.0,1.0,57,0.649,9.905,564.58,2h,holdout,0.675,97
5.0,1.5,57,0.649,9.5675,545.35,2h,holdout,0.675,97
5.0,2.0,57,0.632,9.9421,566.7,2h,holdout,0.675,97
1.5,0.25,56,0.768,7.4006,414.43,2h,holdout,0.7,97
1.5,0.5,56,0.75,7.546,422.58,2h,holdout,0.7,97
1.5,0.75,56,0.732,7.7167,432.14,2h,holdout,0.7,97
1.5,1.0,56,0.714,7.8376,438.9,2h,holdout,0.7,97
1.5,1.5,56,0.714,7.9968,447.82,2h,holdout,0.7,97
1.5,2.0,56,0.714,8.0984,453.51,2h,holdout,0.7,97
2.0,0.25,56,0.768,7.8965,442.21,2h,holdout,0.7,97
2.0,0.5,56,0.75,8.6028,481.76,2h,holdout,0.7,97
2.0,0.75,56,0.732,8.9828,503.04,2h,holdout,0.7,97
2.0,1.0,56,0.714,9.2582,518.46,2h,holdout,0.7,97
2.0,1.5,56,0.714,9.3232,522.1,2h,holdout,0.7,97
2.0,2.0,56,0.714,9.3577,524.03,2h,holdout,0.7,97
2.5,0.25,56,0.768,8.1854,458.38,2h,holdout,0.7,97
2.5,0.5,56,0.75,9.0554,507.1,2h,holdout,0.7,97
2.5,0.75,56,0.732,9.5005,532.03,2h,holdout,0.7,97
2.5,1.0,56,0.714,9.8129,549.52,2h,holdout,0.7,97
2.5,1.5,56,0.714,9.9055,554.71,2h,holdout,0.7,97
2.5,2.0,56,0.714,9.939,556.58,2h,holdout,0.7,97
3.0,0.25,56,0.768,8.98,502.88,2h,holdout,0.7,97
3.0,0.5,56,0.75,10.1479,568.28,2h,holdout,0.7,97
3.0,0.75,56,0.732,10.5704,591.94,2h,holdout,0.7,97
3.0,1.0,56,0.714,10.8682,608.62,2h,holdout,0.7,97
3.0,1.5,56,0.714,11.3006,632.84,2h,holdout,0.7,97
3.0,2.0,56,0.714,11.621,650.78,2h,holdout,0.7,97
3.5,0.25,56,0.768,9.3032,520.98,2h,holdout,0.7,97
3.5,0.5,56,0.714,10.2478,573.88,2h,holdout,0.7,97
3.5,0.75,56,0.696,10.7689,603.06,2h,holdout,0.7,97
3.5,1.0,56,0.679,10.9795,614.85,2h,holdout,0.7,97
3.5,1.5,56,0.679,11.3076,633.23,2h,holdout,0.7,97
3.5,2.0,56,0.679,11.5698,647.91,2h,holdout,0.7,97
4.0,0.25,56,0.768,9.2995,520.77,2h,holdout,0.7,97
4.0,0.5,56,0.714,10.2582,574.46,2h,holdout,0.7,97
4.0,0.75,56,0.696,10.9152,611.25,2h,holdout,0.7,97
4.0,1.0,56,0.679,11.2551,630.28,2h,holdout,0.7,97
4.0,1.5,56,0.679,10.5555,591.11,2h,holdout,0.7,97
4.0,2.0,56,0.661,10.6924,598.78,2h,holdout,0.7,97
4.5,0.25,56,0.768,9.4495,529.17,2h,holdout,0.7,97
4.5,0.5,56,0.696,9.1586,512.88,2h,holdout,0.7,97
4.5,0.75,56,0.679,9.9913,559.51,2h,holdout,0.7,97
4.5,1.0,56,0.661,10.3748,580.99,2h,holdout,0.7,97
4.5,1.5,56,0.661,9.7071,543.6,2h,holdout,0.7,97
4.5,2.0,56,0.643,9.8621,552.28,2h,holdout,0.7,97
5.0,0.25,56,0.768,9.642,539.95,2h,holdout,0.7,97
5.0,0.5,56,0.696,9.5462,534.59,2h,holdout,0.7,97
5.0,0.75,56,0.661,9.3254,522.22,2h,holdout,0.7,97
5.0,1.0,56,0.643,9.6778,541.96,2h,holdout,0.7,97
5.0,1.5,56,0.643,8.9683,502.23,2h,holdout,0.7,97
5.0,2.0,56,0.625,9.1003,509.61,2h,holdout,0.7,97
