tf,depth_frac,r_target,expiry_days,avg_pnl_holdout,avg_pnl_train,avg_pnl_validation,n_holdout,n_train,n_validation
15m,0.3,5.0,0.25,2.572,2.2523,0.992,645,1577,731
15m,0.35,5.0,0.25,2.5174,2.234,0.891,643,1571,728
15m,0.325,5.0,0.25,2.5904,2.207,1.0718,643,1573,729
15m,0.375,5.0,0.25,2.6168,2.186,0.9451,640,1566,727
15m,0.4,5.0,0.25,2.5586,2.1809,0.9845,640,1563,726
15m,0.425,5.0,0.25,2.5234,2.1786,1.0536,640,1557,724
15m,0.3,4.5,0.25,2.4892,2.1661,0.8049,645,1577,731
15m,0.475,5.0,0.25,2.445,2.1579,1.0848,636,1544,719
15m,0.35,4.5,0.25,2.4113,2.1519,0.7564,643,1571,728
15m,0.45,5.0,0.25,2.4803,2.1441,1.0497,638,1550,723
15m,0.525,5.0,0.25,2.495,2.144,1.1283,628,1532,710
15m,0.375,4.5,0.25,2.505,2.1423,0.818,640,1566,727
15m,0.325,4.5,0.25,2.4581,2.1419,0.8881,643,1573,729
15m,0.35,4.0,0.25,2.2761,2.1367,0.8711,643,1571,728
15m,0.3,4.0,0.25,2.3344,2.1357,0.797,645,1577,731
15m,0.55,5.0,0.25,2.3803,2.1319,1.2443,627,1525,706
15m,0.425,4.5,0.25,2.4233,2.124,0.9999,640,1557,724
15m,0.375,4.0,0.25,2.3085,2.1197,0.8975,640,1566,727
15m,0.4,4.0,0.25,2.3331,2.1146,1.026,640,1563,726
15m,0.4,4.5,0.25,2.4782,2.1135,0.9306,640,1563,726
15m,0.5,5.0,0.25,2.525,2.111,1.1359,631,1535,715
15m,0.425,4.0,0.25,2.2795,2.1072,1.057,640,1557,724
15m,0.55,4.5,0.25,2.1837,2.1037,1.271,627,1525,706
15m,0.325,4.0,0.25,2.3054,2.101,0.9761,643,1573,729
15m,0.575,4.5,0.25,2.2271,2.0997,1.2583,624,1519,704
15m,0.475,4.5,0.25,2.3543,2.097,1.1465,636,1544,719
15m,0.45,4.5,0.25,2.3508,2.0965,0.9998,638,1550,723
15m,0.525,4.5,0.25,2.3245,2.0875,1.251,628,1532,710
15m,0.675,5.0,0.25,2.2191,2.0822,1.434,611,1489,692
15m,0.6,4.5,0.25,2.1024,2.0783,1.3433,618,1513,703
15m,0.475,4.0,0.25,2.1971,2.0766,1.0601,636,1544,719
15m,0.35,3.5,0.25,2.1002,2.0761,0.8016,643,1571,728
15m,0.575,5.0,0.25,2.4088,2.0735,1.2716,624,1519,704
15m,0.3,3.5,0.25,2.1159,2.0633,0.8161,645,1577,731
15m,0.5,4.5,0.25,2.3845,2.0585,1.2236,631,1535,715
15m,0.45,4.0,0.25,2.2533,2.0516,1.0194,638,1550,723
15m,0.6,5.0,0.25,2.1823,2.0481,1.3206,618,1513,703
15m,0.375,3.5,0.25,2.1638,2.0475,0.8213,640,1566,727
15m,0.7,5.0,0.25,2.1692,2.0431,1.5384,611,1485,687
15m,0.5,4.0,0.25,2.2493,2.0384,1.141,631,1535,715
15m,0.525,4.0,0.25,2.2202,2.0361,1.1109,628,1532,710
15m,0.65,5.0,0.25,2.1522,2.0351,1.4139,613,1496,695
15m,0.35,5.0,0.5,2.4928,2.0335,0.6454,643,1571,728
15m,0.325,3.5,0.25,2.1419,2.0306,0.9357,643,1573,729
15m,0.625,4.5,0.25,2.0969,2.0223,1.3837,617,1505,701
15m,0.55,4.0,0.25,2.0765,2.0097,1.1782,627,1525,706
15m,0.3,5.0,0.5,2.5767,2.0096,0.716,645,1577,731
15m,0.325,5.0,0.5,2.588,2.0095,0.7832,643,1573,729
15m,0.4,3.5,0.25,2.1618,2.0057,0.9242,640,1563,726
15m,0.625,5.0,0.25,2.2147,2.0026,1.4766,617,1505,701
15m,0.425,3.5,0.25,2.1141,1.9987,0.9735,640,1557,724
15m,0.675,4.5,0.25,2.1889,1.9976,1.4421,611,1489,692
15m,0.65,4.5,0.25,2.0881,1.9822,1.3865,613,1496,695
15m,0.7,4.5,0.25,2.1387,1.9737,1.5034,611,1485,687
15m,0.575,4.0,0.25,2.1901,1.9484,1.1971,624,1519,704
15m,0.375,5.0,0.5,2.6309,1.9399,0.6233,640,1566,727
15m,0.35,4.5,0.5,2.3021,1.9327,0.4842,643,1571,728
15m,0.35,4.0,0.5,2.2263,1.9286,0.5726,643,1571,728
15m,0.45,3.5,0.25,2.0862,1.9274,0.9601,638,1550,723
15m,0.4,5.0,0.5,2.5674,1.9264,0.6409,640,1563,726
15m,0.525,5.0,0.5,2.3934,1.9264,0.8477,628,1532,710
15m,0.425,5.0,0.5,2.4853,1.9238,0.7179,640,1557,724
15m,0.475,5.0,0.5,2.3704,1.919,0.8256,636,1544,719
15m,0.475,3.5,0.25,2.0635,1.9143,0.9675,636,1544,719
15m,0.3,4.5,0.5,2.4015,1.9122,0.4895,645,1577,731
15m,0.3,3.0,0.25,2.0254,1.9056,0.7712,645,1577,731
15m,0.375,4.5,0.5,2.4088,1.9015,0.5061,640,1566,727
15m,0.325,4.5,0.5,2.3522,1.8996,0.5559,643,1573,729
15m,0.6,4.0,0.25,2.0674,1.8995,1.3103,618,1513,703
15m,0.55,5.0,0.5,2.2595,1.8981,1.0039,627,1525,706
15m,0.675,4.0,0.25,2.0996,1.8978,1.4313,611,1489,692
15m,0.3,4.0,0.5,2.3152,1.8972,0.4529,645,1577,731
15m,0.425,4.5,0.5,2.3104,1.8943,0.6879,640,1557,724
15m,0.375,4.0,0.5,2.2537,1.8939,0.562,640,1566,727
15m,0.45,5.0,0.5,2.4211,1.8915,0.759,638,1550,723
15m,0.575,4.5,0.5,2.1583,1.8845,0.975,624,1519,704
15m,0.7,4.0,0.25,2.0942,1.8793,1.5378,611,1485,687
15m,0.45,4.5,0.5,2.366,1.8768,0.7104,638,1550,723
15m,0.6,4.5,0.5,2.0115,1.8761,1.0666,618,1513,703
15m,0.35,5.0,0.75,2.4105,1.8743,0.498,643,1571,728
15m,0.5,5.0,0.5,2.424,1.8741,0.8639,631,1535,715
15m,0.675,5.0,0.5,2.1948,1.8722,1.1685,611,1489,692
15m,0.325,4.0,0.5,2.2767,1.8721,0.5986,643,1573,729
15m,0.325,3.0,0.25,2.0269,1.8719,0.8496,643,1573,729
15m,0.65,4.0,0.25,1.9934,1.8718,1.34,613,1496,695
15m,0.475,4.5,0.5,2.374,1.8716,0.8971,636,1544,719
15m,0.35,3.0,0.25,1.9865,1.8685,0.7777,643,1571,728
15m,0.525,3.5,0.25,2.1496,1.8683,1.1152,628,1532,710
15m,0.55,4.5,0.5,2.1684,1.8619,1.0087,627,1525,706
15m,0.7,5.0,0.5,2.1099,1.8586,1.3393,611,1485,687
15m,0.4,4.5,0.5,2.3875,1.8583,0.6239,640,1563,726
15m,0.4,4.0,0.5,2.3314,1.8578,0.7094,640,1563,726
15m,0.625,4.0,0.25,2.0303,1.8513,1.3775,617,1505,701
15m,0.325,5.0,0.75,2.5053,1.8504,0.631,643,1573,729
15m,0.425,4.0,0.5,2.2495,1.8479,0.7476,640,1557,724
15m,0.55,3.5,0.25,1.9822,1.8454,1.1874,627,1525,706
15m,0.5,3.5,0.25,2.1508,1.8438,1.1552,631,1535,715
15m,0.3,5.0,0.75,2.4751,1.8419,0.564,645,1577,731
15m,0.575,5.0,0.5,2.4421,1.8359,1.0257,624,1519,704
15m,0.35,3.5,0.5,1.9604,1.8315,0.4921,643,1571,728
15m,0.525,4.5,0.5,2.3317,1.8301,0.9982,628,1532,710
15m,0.475,4.0,0.5,2.1486,1.8262,0.7837,636,1544,719
15m,0.5,4.5,0.5,2.4146,1.8257,0.9639,631,1535,715
15m,0.375,3.0,0.25,1.9854,1.8197,0.835,640,1566,727
15m,0.65,5.0,0.5,2.118,1.819,1.1364,613,1496,695
15m,0.6,5.0,0.5,2.19,1.8106,1.0693,618,1513,703
15m,0.3,3.5,0.5,1.9938,1.8071,0.464,645,1577,731
15m,0.45,4.0,0.5,2.2157,1.8059,0.7384,638,1550,723
15m,0.625,4.5,0.5,2.0296,1.8053,1.1018,617,1505,701
15m,0.5,4.0,0.5,2.1857,1.8017,0.8494,631,1535,715
15m,0.575,3.5,0.25,1.996,1.7878,1.2189,624,1519,704
15m,0.7,4.5,0.5,2.0254,1.7869,1.2931,611,1485,687
15m,0.325,3.5,0.5,2.0263,1.7854,0.64,643,1573,729
15m,0.675,4.5,0.5,2.1442,1.7854,1.2132,611,1489,692
15m,0.525,4.0,0.5,2.1617,1.7851,0.8266,628,1532,710
15m,0.375,3.5,0.5,2.0255,1.7848,0.487,640,1566,727
15m,0.375,5.0,0.75,2.5591,1.775,0.5481,640,1566,727
15m,0.425,3.0,0.25,1.9265,1.773,1.0521,640,1557,724
15m,0.35,4.0,0.75,2.1076,1.7682,0.4786,643,1571,728
15m,0.4,5.0,0.75,2.5025,1.7658,0.5637,640,1563,726
15m,0.35,5.0,1.0,2.3122,1.7654,0.4419,643,1571,728
15m,0.4,3.0,0.25,1.939,1.7643,0.9452,640,1563,726
15m,0.4,3.5,0.5,2.057,1.7617,0.572,640,1563,726
15m,0.55,4.0,0.5,1.9869,1.7608,0.8903,627,1525,706
15m,0.35,4.5,0.75,2.2096,1.7598,0.3875,643,1571,728
15m,0.425,3.5,0.5,1.9978,1.759,0.6398,640,1557,724
15m,0.65,4.5,0.5,2.0387,1.758,1.1103,613,1496,695
15m,0.425,5.0,0.75,2.4095,1.7565,0.6445,640,1557,724
15m,0.625,5.0,0.5,2.1984,1.7545,1.2164,617,1505,701
15m,0.525,5.0,0.75,2.3156,1.7515,0.7841,628,1532,710
15m,0.325,5.0,1.0,2.3945,1.7467,0.5694,643,1573,729
15m,0.6,3.5,0.25,1.8795,1.7464,1.3499,618,1513,703
15m,0.3,4.5,0.75,2.2767,1.7458,0.3827,645,1577,731
15m,0.375,4.0,0.75,2.1331,1.7426,0.4902,640,1566,727
15m,0.425,4.5,0.75,2.2376,1.738,0.6205,640,1557,724
15m,0.475,5.0,0.75,2.3121,1.7368,0.7689,636,1544,719
15m,0.375,4.5,0.75,2.322,1.7312,0.4334,640,1566,727
15m,0.325,4.5,0.75,2.2291,1.7309,0.4491,643,1573,729
15m,0.675,5.0,0.75,2.0677,1.7269,1.0986,611,1489,692
15m,0.3,4.0,0.75,2.2146,1.7254,0.3493,645,1577,731
15m,0.575,4.5,0.75,2.0331,1.7228,0.9084,624,1519,704
15m,0.55,5.0,0.75,2.1783,1.7206,0.9563,627,1525,706
15m,0.45,4.5,0.75,2.2835,1.7185,0.652,638,1550,723
15m,0.7,5.0,0.75,2.0288,1.718,1.2855,611,1485,687
15m,0.6,4.5,0.75,1.8683,1.7157,1.0035,618,1513,703
15m,0.3,5.0,1.0,2.3536,1.7137,0.4628,645,1577,731
15m,0.45,5.0,0.75,2.3603,1.711,0.6988,638,1550,723
15m,0.575,4.0,0.5,2.1592,1.7089,0.9043,624,1519,704
15m,0.45,3.0,0.25,1.9369,1.7075,0.9927,638,1550,723
15m,0.325,4.0,0.75,2.1755,1.7071,0.4883,643,1573,729
15m,0.475,4.5,0.75,2.2928,1.7052,0.8453,636,1544,719
15m,0.5,5.0,0.75,2.3533,1.6948,0.8033,631,1535,715
15m,0.7,4.0,0.5,1.9641,1.6941,1.3683,611,1485,687
15m,0.675,4.0,0.5,1.9982,1.6936,1.2258,611,1489,692
15m,0.4,4.0,0.75,2.231,1.6935,0.6395,640,1563,726
15m,0.4,4.5,0.75,2.3037,1.6917,0.5572,640,1563,726
15m,0.425,4.0,0.75,2.1493,1.6886,0.6826,640,1557,724
15m,0.475,3.0,0.25,1.896,1.6869,0.9889,636,1544,719
15m,0.675,3.5,0.25,1.891,1.6869,1.4422,611,1489,692
15m,0.35,4.0,1.0,1.9989,1.686,0.4236,643,1571,728
15m,0.625,3.5,0.25,1.8791,1.6807,1.3997,617,1505,701
15m,0.55,4.5,0.75,2.0765,1.6781,0.9495,627,1525,706
15m,0.65,3.5,0.25,1.882,1.6778,1.4191,613,1496,695
15m,0.7,4.5,0.75,1.9368,1.6756,1.2411,611,1485,687
15m,0.6,4.0,0.5,2.0063,1.6713,1.0382,618,1513,703
15m,0.45,3.5,0.5,1.9778,1.6708,0.6548,638,1550,723
15m,0.675,4.5,0.75,2.0158,1.6705,1.1568,611,1489,692
15m,0.35,3.5,0.75,1.8117,1.6702,0.3917,643,1571,728
15m,0.7,3.5,0.25,1.7565,1.6675,1.4315,611,1485,687
15m,0.625,4.5,0.75,1.8974,1.6642,1.0371,617,1505,701
15m,0.375,4.0,1.0,2.0245,1.6634,0.4378,640,1566,727
15m,0.375,5.0,1.0,2.4657,1.6621,0.4957,640,1566,727
15m,0.65,4.0,0.5,1.8809,1.6608,1.112,613,1496,695
15m,0.325,2.5,0.25,1.7114,1.6588,0.8942,643,1573,729
15m,0.575,5.0,0.75,2.3651,1.6578,0.9711,624,1519,704
15m,0.3,3.0,0.5,1.8352,1.657,0.4991,645,1577,731
15m,0.475,4.0,0.75,2.0193,1.6566,0.7194,636,1544,719
15m,0.65,5.0,0.75,2.0155,1.6561,1.0659,613,1496,695
15m,0.35,4.5,1.0,2.1008,1.6539,0.3328,643,1571,728
15m,0.4,5.0,1.0,2.4067,1.6519,0.5101,640,1563,726
15m,0.5,4.5,0.75,2.3199,1.651,0.9039,631,1535,715
15m,0.475,3.5,0.5,1.9617,1.6498,0.7015,636,1544,719
15m,0.3,4.5,1.0,2.1602,1.6496,0.3235,645,1577,731
15m,0.35,2.5,0.25,1.672,1.6486,0.7609,643,1571,728
15m,0.3,2.5,0.25,1.7353,1.6478,0.8014,645,1577,731
15m,0.3,3.5,0.75,1.8884,1.6473,0.3691,645,1577,731
15m,0.525,3.0,0.25,1.9426,1.6471,1.1332,628,1532,710
15m,0.525,5.0,1.0,2.2025,1.6456,0.7378,628,1532,710
15m,0.375,4.5,1.0,2.2128,1.6435,0.3825,640,1566,727
15m,0.525,4.5,0.75,2.2438,1.643,0.9417,628,1532,710
15m,0.425,4.5,1.0,2.1379,1.6428,0.5721,640,1557,724
15m,0.425,5.0,1.0,2.3052,1.6428,0.5928,640,1557,724
15m,0.3,4.0,1.0,2.1075,1.6423,0.2923,645,1577,731
15m,0.65,4.5,0.75,1.9162,1.6423,1.0467,613,1496,695
15m,0.45,4.0,0.75,2.12,1.6415,0.6813,638,1550,723
15m,0.675,5.0,1.0,2.0058,1.6317,1.062,611,1489,692
15m,0.575,4.5,1.0,1.9729,1.631,0.8735,624,1519,704
15m,0.6,5.0,0.75,2.1091,1.6296,1.0088,618,1513,703
15m,0.35,5.0,1.5,2.2014,1.6291,0.3805,643,1571,728
15m,0.475,5.0,1.0,2.215,1.6282,0.7257,636,1544,719
15m,0.5,4.0,0.75,2.0491,1.6272,0.7817,631,1535,715
15m,0.325,4.5,1.0,2.1122,1.6252,0.3895,643,1573,729
15m,0.7,5.0,1.0,1.9635,1.6249,1.2578,611,1485,687
15m,0.6,4.5,1.0,1.7957,1.6248,0.9707,618,1513,703
15m,0.325,3.5,0.75,1.9163,1.6237,0.5411,643,1573,729
15m,0.325,4.0,1.0,2.0674,1.623,0.4249,643,1573,729
15m,0.325,3.0,0.5,1.8448,1.6216,0.5541,643,1573,729
15m,0.625,4.0,0.5,1.933,1.6216,1.1439,617,1505,701
15m,0.35,3.0,0.5,1.7899,1.6194,0.4956,643,1571,728
15m,0.525,4.0,0.75,2.0296,1.6194,0.7611,628,1532,710
15m,0.45,4.5,1.0,2.1791,1.618,0.6061,638,1550,723
15m,0.375,3.5,0.75,1.8752,1.6177,0.414,640,1566,727
15m,0.55,5.0,1.0,2.0666,1.6174,0.9205,627,1525,706
15m,0.5,3.0,0.25,1.9727,1.6149,1.1097,631,1535,715
15m,0.525,3.5,0.5,2.0489,1.6147,0.8635,628,1532,710
15m,0.4,4.0,1.0,2.1244,1.6097,0.5886,640,1563,726
15m,0.475,4.5,1.0,2.189,1.6088,0.8024,636,1544,719
15m,0.575,3.0,0.25,1.8233,1.6056,1.2499,624,1519,704
15m,0.55,3.5,0.5,1.8816,1.6053,0.9792,627,1525,706
15m,0.55,3.0,0.25,1.806,1.6045,1.1944,627,1525,706
15m,0.45,5.0,1.0,2.2626,1.6041,0.6538,638,1550,723
15m,0.325,5.0,1.5,2.2813,1.602,0.5023,643,1573,729
15m,0.4,4.5,1.0,2.1883,1.6016,0.5092,640,1563,726
15m,0.7,4.0,0.75,1.8715,1.5993,1.3281,611,1485,687
15m,0.55,4.0,0.75,1.8516,1.5954,0.8268,627,1525,706
15m,0.425,3.5,0.75,1.8505,1.5942,0.5705,640,1557,724
15m,0.4,3.5,0.75,1.9111,1.5936,0.496,640,1563,726
15m,0.375,2.5,0.25,1.7343,1.5921,0.8082,640,1566,727
15m,0.7,4.5,1.0,1.8745,1.5911,1.2143,611,1485,687
15m,0.675,4.0,0.75,1.8483,1.5903,1.1748,611,1489,692
15m,0.425,4.0,1.0,2.0511,1.5889,0.6356,640,1557,724
15m,0.5,5.0,1.0,2.243,1.5865,0.7579,631,1535,715
15m,0.55,4.5,1.0,1.9747,1.5842,0.9072,627,1525,706
15m,0.625,5.0,0.75,2.1075,1.5838,1.1556,617,1505,701
15m,0.5,3.5,0.5,2.0721,1.5834,0.8861,631,1535,715
15m,0.675,4.5,1.0,1.9516,1.5827,1.1274,611,1489,692
15m,0.35,3.5,1.0,1.7536,1.5821,0.3475,643,1571,728
15m,0.625,4.5,1.0,1.8345,1.5728,1.0031,617,1505,701
15m,0.475,4.0,1.0,1.9662,1.5706,0.684,636,1544,719
15m,0.575,4.0,0.75,2.0384,1.5673,0.8356,624,1519,704
15m,0.3,5.0,1.5,2.241,1.565,0.3883,645,1577,731
15m,0.575,3.5,0.5,1.8788,1.5639,1.0168,624,1519,704
15m,0.6,3.0,0.25,1.7462,1.5614,1.3102,618,1513,703
15m,0.3,3.5,1.0,1.7908,1.5609,0.3151,645,1577,731
15m,0.375,4.0,1.5,1.9173,1.5596,0.3815,640,1566,727
15m,0.5,4.5,1.0,2.216,1.5575,0.857,631,1535,715
15m,0.6,4.0,0.75,1.8549,1.5563,0.9748,618,1513,703
15m,0.65,5.0,1.0,1.9053,1.5554,1.0285,613,1496,695
15m,0.35,4.0,1.5,1.8914,1.5541,0.366,643,1571,728
15m,0.65,4.0,0.75,1.7349,1.5535,1.0598,613,1496,695
15m,0.65,4.5,1.0,1.8585,1.5521,1.0132,613,1496,695
15m,0.575,5.0,1.0,2.2633,1.5514,0.9317,624,1519,704
15m,0.375,3.0,0.5,1.7792,1.5511,0.5619,640,1566,727
15m,0.45,4.0,1.0,2.0231,1.5485,0.6384,638,1550,723
15m,0.675,3.0,0.25,1.7817,1.5478,1.3842,611,1489,692
15m,0.65,3.0,0.25,1.7433,1.5436,1.2977,613,1496,695
15m,0.675,5.0,1.5,1.9046,1.5406,1.0216,611,1489,692
15m,0.4,2.5,0.25,1.6958,1.5401,0.8913,640,1563,726
15m,0.525,4.5,1.0,2.1415,1.5381,0.8987,628,1532,710
15m,0.575,4.5,1.5,1.887,1.538,0.8347,624,1519,704
15m,0.375,5.0,1.5,2.3598,1.537,0.4366,640,1566,727
15m,0.325,3.5,1.0,1.8162,1.5355,0.4855,643,1573,729
15m,0.7,5.0,1.5,1.8563,1.5343,1.2276,611,1485,687
15m,0.6,4.5,1.5,1.6844,1.5337,0.9347,618,1513,703
15m,0.5,4.0,1.0,1.9942,1.5336,0.745,631,1535,715
15m,0.425,3.0,0.5,1.7854,1.5302,0.7944,640,1557,724
15m,0.7,4.0,1.0,1.8335,1.5278,1.3078,611,1485,687
15m,0.525,4.0,1.0,1.9769,1.5277,0.7254,628,1532,710
15m,0.6,5.0,1.0,1.9938,1.5261,0.9663,618,1513,703
15m,0.375,4.5,1.5,2.114,1.5256,0.3253,640,1566,727
15m,0.35,5.0,2.0,2.1626,1.5254,0.3472,643,1571,728
15m,0.425,2.5,0.25,1.6332,1.5239,0.9968,640,1557,724
15m,0.425,4.5,1.5,2.0442,1.5231,0.5177,640,1557,724
15m,0.375,3.5,1.0,1.8182,1.5228,0.375,640,1566,727
15m,0.525,5.0,1.5,2.1016,1.5222,0.6858,628,1532,710
15m,0.4,3.0,0.5,1.7698,1.5216,0.6578,640,1563,726
15m,0.4,5.0,1.5,2.299,1.5214,0.4498,640,1563,726
15m,0.45,3.5,0.75,1.8181,1.5177,0.594,638,1550,723
15m,0.6,3.5,0.5,1.7423,1.517,1.1565,618,1513,703
15m,0.625,3.0,0.25,1.8034,1.5169,1.3311,617,1505,701
15m,0.4,4.0,1.5,2.0303,1.515,0.5373,640,1563,726
15m,0.675,4.0,1.0,1.8048,1.515,1.1483,611,1489,692
15m,0.35,4.5,1.5,2.0021,1.514,0.273,643,1571,728
15m,0.425,5.0,1.5,2.1921,1.5132,0.5347,640,1557,724
15m,0.45,2.5,0.25,1.6369,1.513,1.0017,638,1550,723
15m,0.475,2.5,0.25,1.6287,1.5129,0.9352,636,1544,719
15m,0.7,4.5,1.5,1.8006,1.5118,1.1848,611,1485,687
15m,0.425,3.5,1.0,1.7899,1.5096,0.5336,640,1557,724
15m,0.525,3.5,0.75,1.9038,1.5075,0.8063,628,1532,710
15m,0.625,4.0,0.75,1.7839,1.5072,1.0906,617,1505,701
15m,0.7,3.0,0.25,1.7397,1.5066,1.3526,611,1485,687
15m,0.3,4.0,1.5,2.0008,1.5055,0.2297,645,1577,731
15m,0.3,4.5,1.5,2.0486,1.5046,0.2586,645,1577,731
15m,0.55,4.0,1.0,1.7952,1.5037,0.794,627,1525,706
15m,0.4,3.5,1.0,1.8541,1.503,0.4557,640,1563,726
15m,0.55,3.5,0.75,1.7391,1.503,0.9326,627,1525,706
15m,0.3,3.0,0.75,1.6731,1.5008,0.4403,645,1577,731
15m,0.475,4.5,1.5,2.0962,1.5001,0.756,636,1544,719
15m,0.475,5.0,1.5,2.1242,1.4994,0.6766,636,1544,719
15m,0.45,4.5,1.5,2.0833,1.4993,0.5567,638,1550,723
15m,0.675,4.5,1.5,1.8795,1.4984,1.095,611,1489,692
15m,0.375,4.0,2.0,1.8813,1.4983,0.3504,640,1566,727
15m,0.55,5.0,1.5,1.9672,1.4977,0.8787,627,1525,706
15m,0.475,3.5,0.75,1.8099,1.4966,0.6457,636,1544,719
15m,0.325,5.0,2.0,2.2427,1.495,0.466,643,1573,729
15m,0.675,3.5,0.5,1.7605,1.4936,1.3165,611,1489,692
15m,0.35,3.5,1.5,1.6561,1.4929,0.3011,643,1571,728
15m,0.425,4.0,1.5,1.9599,1.4895,0.5853,640,1557,724
15m,0.55,4.5,1.5,1.8773,1.489,0.8616,627,1525,706
15m,0.675,5.0,2.0,1.8471,1.4881,0.9985,611,1489,692
15m,0.325,4.0,1.5,1.9596,1.4872,0.3577,643,1573,729
15m,0.35,4.0,2.0,1.8553,1.4851,0.3347,643,1571,728
15m,0.7,5.0,2.0,1.7921,1.485,1.2104,611,1485,687
15m,0.35,3.0,0.75,1.6178,1.4849,0.4405,643,1571,728
15m,0.625,4.5,1.5,1.7321,1.4844,0.9656,617,1505,701
15m,0.7,3.5,0.5,1.6032,1.4842,1.3349,611,1485,687
15m,0.575,4.5,2.0,1.8403,1.4835,0.8125,624,1519,704
15m,0.475,4.0,1.5,1.8864,1.4831,0.6452,636,1544,719
15m,0.4,4.5,1.5,2.0836,1.4824,0.4553,640,1563,726
15m,0.325,4.5,1.5,2.0022,1.482,0.324,643,1573,729
15m,0.575,4.0,1.0,1.989,1.481,0.8001,624,1519,704
15m,0.6,4.5,2.0,1.6216,1.481,0.9142,618,1513,703
15m,0.625,5.0,1.0,1.9989,1.479,1.1122,617,1505,701
15m,0.525,2.5,0.25,1.8038,1.4776,0.9681,628,1532,710
15m,0.65,3.5,0.5,1.7375,1.4766,1.2613,613,1496,695
15m,0.65,4.0,1.0,1.6968,1.4762,1.032,613,1496,695
15m,0.6,4.0,1.0,1.8019,1.4737,0.9421,618,1513,703
15m,0.55,2.5,0.25,1.6794,1.4722,1.0347,627,1525,706
15m,0.45,5.0,1.5,2.1692,1.472,0.6029,638,1550,723
15m,0.325,3.0,0.75,1.688,1.4696,0.4956,643,1573,729
15m,0.7,4.5,2.0,1.7477,1.4686,1.168,611,1485,687
15m,0.575,3.5,0.75,1.7379,1.467,0.972,624,1519,704
15m,0.3,3.5,1.5,1.6926,1.4654,0.258,645,1577,731
15m,0.5,3.5,0.75,1.936,1.4644,0.8267,631,1535,715
15m,0.65,4.5,1.5,1.7623,1.4643,0.9762,613,1496,695
15m,0.7,4.0,1.5,1.7876,1.4612,1.2859,611,1485,687
15m,0.3,5.0,2.0,2.2008,1.4605,0.3487,645,1577,731
15m,0.625,3.5,0.5,1.7387,1.459,1.2165,617,1505,701
15m,0.65,5.0,1.5,1.7897,1.4586,0.9869,613,1496,695
15m,0.5,5.0,1.5,2.143,1.4585,0.7065,631,1535,715
15m,0.45,3.0,0.5,1.8047,1.4567,0.7355,638,1550,723
15m,0.4,4.0,2.0,1.9971,1.4566,0.5089,640,1563,726
15m,0.45,4.0,1.5,1.9303,1.4549,0.5927,638,1550,723
15m,0.375,4.5,2.0,2.0808,1.4546,0.2935,640,1566,727
15m,0.425,4.5,2.0,2.0106,1.4529,0.4875,640,1557,724
15m,0.675,4.5,2.0,1.8313,1.4523,1.0764,611,1489,692
15m,0.5,2.5,0.25,1.8103,1.4519,1.0426,631,1535,715
15m,0.525,5.0,2.0,2.0652,1.4517,0.6569,628,1532,710
15m,0.5,4.5,1.5,2.1174,1.4462,0.8062,631,1535,715
15m,0.325,3.5,1.5,1.7102,1.4454,0.4273,643,1573,729
15m,0.675,4.0,1.5,1.7512,1.444,1.1192,611,1489,692
15m,0.425,3.0,0.75,1.6435,1.4428,0.7445,640,1557,724
15m,0.5,4.0,1.5,1.9126,1.4416,0.7049,631,1535,715
15m,0.35,3.5,2.0,1.6097,1.4393,0.2753,643,1571,728
15m,0.525,4.0,1.5,1.8925,1.4381,0.6863,628,1532,710
15m,0.475,4.5,2.0,2.0641,1.4375,0.7303,636,1544,719
15m,0.625,4.5,2.0,1.6741,1.4369,0.9442,617,1505,701
15m,0.575,2.5,0.25,1.7436,1.4365,1.1078,624,1519,704
15m,0.375,5.0,2.0,2.3238,1.4353,0.4037,640,1566,727
15m,0.525,4.5,1.5,2.0437,1.4339,0.8525,628,1532,710
15m,0.6,2.5,0.25,1.6419,1.4339,1.1626,618,1513,703
15m,0.55,4.5,2.0,1.8271,1.4334,0.8359,627,1525,706
15m,0.3,4.0,2.0,1.9654,1.4328,0.1953,645,1577,731
15m,0.525,3.5,1.0,1.866,1.4323,0.7756,628,1532,710
15m,0.475,4.0,2.0,1.8426,1.4318,0.6232,636,1544,719
15m,0.45,3.5,1.0,1.768,1.4315,0.5613,638,1550,723
15m,0.45,4.5,2.0,2.0488,1.4315,0.5295,638,1550,723
15m,0.425,4.0,2.0,1.9107,1.4313,0.5572,640,1557,724
15m,0.55,3.5,1.0,1.7029,1.4304,0.9091,627,1525,706
15m,0.475,3.0,0.5,1.7684,1.4293,0.8035,636,1544,719
15m,0.55,5.0,2.0,1.9317,1.4289,0.8553,627,1525,706
15m,0.575,5.0,1.5,2.1642,1.4281,0.8859,624,1519,704
15m,0.6,3.5,0.75,1.5977,1.4262,1.1132,618,1513,703
15m,0.625,4.0,1.0,1.7447,1.4262,1.0624,617,1505,701
15m,0.475,5.0,2.0,2.0938,1.426,0.6493,636,1544,719
15m,0.3,2.0,0.25,1.4489,1.4253,0.7451,645,1577,731
15m,0.375,3.5,1.5,1.7217,1.425,0.3328,640,1566,727
15m,0.7,4.0,2.0,1.7465,1.4248,1.2735,611,1485,687
15m,0.325,2.5,0.5,1.5301,1.4235,0.653,643,1573,729
15m,0.675,2.5,0.25,1.5823,1.4234,1.3583,611,1489,692
15m,0.4,5.0,2.0,2.2603,1.4229,0.4162,640,1563,726
15m,0.425,3.5,1.5,1.7331,1.422,0.4935,640,1557,724
15m,0.3,3.0,1.0,1.6265,1.421,0.4088,645,1577,731
15m,0.35,4.5,2.0,1.9684,1.4192,0.2401,643,1571,728
15m,0.475,3.5,1.0,1.7637,1.4175,0.6158,636,1544,719
15m,0.3,2.5,0.5,1.5246,1.4173,0.5737,645,1577,731
15m,0.65,4.5,2.0,1.7079,1.4163,0.955,613,1496,695
15m,0.325,4.0,2.0,1.9235,1.4159,0.3207,643,1573,729
15m,0.425,5.0,2.0,2.1512,1.4155,0.5023,640,1557,724
15m,0.55,4.0,1.5,1.7369,1.4145,0.7582,627,1525,706
15m,0.375,3.0,0.75,1.6139,1.4144,0.5095,640,1566,727
15m,0.7,2.5,0.25,1.5644,1.4132,1.3823,611,1485,687
15m,0.4,4.5,2.0,2.045,1.412,0.4253,640,1563,726
15m,0.4,3.0,0.75,1.6279,1.4117,0.601,640,1563,726
15m,0.675,3.5,0.75,1.6247,1.4104,1.2917,611,1489,692
15m,0.35,2.5,0.5,1.4823,1.4101,0.5231,643,1571,728
15m,0.4,3.5,1.5,1.7719,1.4099,0.412,640,1563,726
15m,0.6,5.0,1.5,1.8724,1.4096,0.9209,618,1513,703
15m,0.3,3.5,2.0,1.665,1.4086,0.2262,645,1577,731
15m,0.35,3.0,1.0,1.5632,1.4078,0.4113,643,1571,728
15m,0.7,3.5,0.75,1.5165,1.4074,1.3125,611,1485,687
15m,0.675,4.0,2.0,1.7059,1.4051,1.1026,611,1489,692
15m,0.675,3.0,0.5,1.6653,1.4037,1.3133,611,1489,692
15m,0.525,3.0,0.5,1.8196,1.4036,0.9798,628,1532,710
15m,0.65,5.0,2.0,1.725,1.4032,0.963,613,1496,695
15m,0.65,4.0,1.5,1.6531,1.4027,1.0013,613,1496,695
15m,0.45,4.0,2.0,1.8819,1.4005,0.5671,638,1550,723
15m,0.3,4.5,2.0,2.0083,1.3997,0.2227,645,1577,731
15m,0.575,4.0,1.5,1.9384,1.3975,0.7614,624,1519,704
15m,0.575,3.5,1.0,1.7018,1.3944,0.9494,624,1519,704
15m,0.6,4.0,1.5,1.7442,1.3938,0.9063,618,1513,703
15m,0.5,4.0,2.0,1.8678,1.3913,0.6822,631,1535,715
15m,0.325,3.5,2.0,1.6621,1.3912,0.395,643,1573,729
15m,0.325,3.0,1.0,1.6441,1.3904,0.4643,643,1573,729
15m,0.575,3.0,0.5,1.7165,1.3901,1.1284,624,1519,704
15m,0.525,4.0,2.0,1.8489,1.389,0.6641,628,1532,710
15m,0.65,3.5,0.75,1.5957,1.3889,1.2333,613,1496,695
15m,0.325,4.5,2.0,1.9627,1.3861,0.2879,643,1573,729
15m,0.5,3.5,1.0,1.8973,1.3857,0.795,631,1535,715
15m,0.5,5.0,2.0,2.1073,1.3854,0.6779,631,1535,715
15m,0.35,2.0,0.25,1.5032,1.3851,0.7296,643,1571,728
15m,0.5,4.5,2.0,2.0666,1.3831,0.7782,631,1535,715
15m,0.625,5.0,1.5,1.8843,1.3776,1.0653,617,1505,701
15m,0.65,2.5,0.25,1.5221,1.3774,1.2668,613,1496,695
15m,0.325,2.0,0.25,1.4701,1.377,0.8241,643,1573,729
15m,0.45,5.0,2.0,2.137,1.377,0.5745,638,1550,723
15m,0.425,3.5,2.0,1.6925,1.3743,0.4709,640,1557,724
15m,0.525,4.5,2.0,1.9932,1.3741,0.8266,628,1532,710
15m,0.425,3.0,1.0,1.6104,1.3726,0.7179,640,1557,724
15m,0.375,3.5,2.0,1.6748,1.3718,0.309,640,1566,727
15m,0.5,3.0,0.5,1.8463,1.3714,0.9361,631,1535,715
15m,0.625,3.5,0.75,1.5925,1.3712,1.1804,617,1505,701
15m,0.45,3.0,0.75,1.6684,1.3701,0.6841,638,1550,723
15m,0.65,3.0,0.5,1.6147,1.37,1.1912,613,1496,695
15m,0.7,3.0,0.5,1.616,1.3693,1.3035,611,1485,687
15m,0.625,2.5,0.25,1.6799,1.3669,1.2731,617,1505,701
15m,0.55,4.0,2.0,1.7006,1.3656,0.7377,627,1525,706
15m,0.65,4.0,2.0,1.6166,1.3624,0.9836,613,1496,695
15m,0.55,3.0,0.5,1.6962,1.3619,1.0502,627,1525,706
15m,0.375,2.0,0.25,1.5858,1.3613,0.7524,640,1566,727
15m,0.55,3.5,1.5,1.6638,1.3608,0.8836,627,1525,706
15m,0.525,3.5,1.5,1.825,1.3599,0.7425,628,1532,710
15m,0.4,3.5,2.0,1.7245,1.3592,0.3875,640,1563,726
15m,0.575,5.0,2.0,2.1133,1.3586,0.8602,624,1519,704
15m,0.6,3.5,1.0,1.5577,1.3561,1.0912,618,1513,703
15m,0.325,2.5,0.75,1.3846,1.3534,0.6135,643,1573,729
15m,0.6,3.0,0.5,1.6121,1.3528,1.2014,618,1513,703
15m,0.575,4.0,2.0,1.9065,1.3517,0.7394,624,1519,704
15m,0.675,3.0,0.75,1.5445,1.3509,1.3006,611,1489,692
15m,0.6,4.0,2.0,1.7005,1.3498,0.8859,618,1513,703
15m,0.625,4.0,1.5,1.6994,1.3488,1.0313,617,1505,701
15m,0.45,3.5,1.5,1.7159,1.3483,0.526,638,1550,723
15m,0.7,3.5,1.0,1.4788,1.347,1.3014,611,1485,687
15m,0.6,5.0,2.0,1.8046,1.3459,0.8954,618,1513,703
15m,0.375,2.5,0.5,1.5692,1.3456,0.6173,640,1566,727
15m,0.675,3.5,1.0,1.5765,1.3453,1.2794,611,1489,692
15m,0.35,2.5,0.75,1.3362,1.3414,0.4851,643,1571,728
15m,0.475,3.5,1.5,1.7162,1.3404,0.5836,636,1544,719
15m,0.475,3.0,0.75,1.6401,1.3397,0.7635,636,1544,719
15m,0.3,3.0,1.5,1.5704,1.3373,0.3747,645,1577,731
15m,0.3,2.5,0.75,1.3858,1.3369,0.5385,645,1577,731
15m,0.4,3.0,1.0,1.5954,1.3362,0.5707,640,1563,726
15m,0.375,3.0,1.0,1.5707,1.3356,0.4816,640,1566,727
15m,0.625,3.0,0.5,1.6505,1.335,1.2188,617,1505,701
15m,0.4,2.0,0.25,1.5843,1.3294,0.789,640,1563,726
15m,0.35,3.0,1.5,1.5097,1.3277,0.3798,643,1571,728
15m,0.55,2.5,0.5,1.5773,1.3267,0.9408,627,1525,706
15m,0.575,3.5,1.5,1.663,1.3254,0.925,624,1519,704
15m,0.55,3.5,2.0,1.6312,1.3225,0.8692,627,1525,706
15m,0.65,3.5,1.0,1.5449,1.3221,1.2189,613,1496,695
15m,0.525,3.5,2.0,1.7912,1.32,0.7239,628,1532,710
15m,0.625,5.0,2.0,1.8198,1.3196,1.0388,617,1505,701
15m,0.7,3.0,0.75,1.552,1.319,1.2956,611,1485,687
15m,0.525,3.0,0.75,1.6969,1.3188,0.9532,628,1532,710
15m,0.6,2.0,0.25,1.5249,1.3153,1.1303,618,1513,703
15m,0.575,3.0,0.75,1.603,1.3148,1.1081,624,1519,704
15m,0.675,3.0,1.0,1.5111,1.3147,1.2949,611,1489,692
15m,0.65,3.0,0.75,1.4887,1.3141,1.1731,613,1496,695
15m,0.425,2.0,0.25,1.5558,1.3126,0.8855,640,1557,724
15m,0.6,2.5,0.5,1.5467,1.3097,1.1389,618,1513,703
15m,0.5,3.5,1.5,1.8582,1.3096,0.7609,631,1535,715
15m,0.325,3.0,1.5,1.5913,1.3083,0.4304,643,1573,729
15m,0.675,2.5,0.5,1.4883,1.3083,1.3564,611,1489,692
15m,0.625,4.0,2.0,1.662,1.3062,1.0134,617,1505,701
15m,0.475,2.0,0.25,1.5957,1.3057,0.9026,636,1544,719
15m,0.4,2.5,0.5,1.5555,1.3052,0.7663,640,1563,726
15m,0.7,2.5,0.5,1.4779,1.304,1.377,611,1485,687
15m,0.45,2.5,0.5,1.5046,1.3038,0.8998,638,1550,723
15m,0.45,3.5,2.0,1.6792,1.3028,0.5061,638,1550,723
15m,0.625,3.5,1.0,1.5526,1.3021,1.1619,617,1505,701
15m,0.575,2.0,0.25,1.5292,1.3018,1.0493,624,1519,704
15m,0.425,3.0,1.5,1.5778,1.3012,0.6896,640,1557,724
15m,0.475,2.5,0.5,1.5055,1.3006,0.8347,636,1544,719
15m,0.45,3.0,1.0,1.6368,1.2989,0.6582,638,1550,723
15m,0.475,3.5,2.0,1.6822,1.298,0.5655,636,1544,719
15m,0.575,2.5,0.5,1.6477,1.2958,1.0549,624,1519,704
15m,0.525,2.5,0.5,1.6674,1.2957,0.8694,628,1532,710
15m,0.55,2.0,0.25,1.4725,1.2918,0.9607,627,1525,706
15m,0.425,2.5,0.5,1.4966,1.2915,0.8776,640,1557,724
15m,0.3,3.0,2.0,1.5348,1.2912,0.3555,645,1577,731
15m,0.7,3.5,1.5,1.4208,1.2912,1.2896,611,1485,687
15m,0.325,2.5,1.0,1.3521,1.2903,0.5931,643,1573,729
15m,0.65,2.0,0.25,1.4728,1.2897,1.2089,613,1496,695
15m,0.6,3.5,1.5,1.5121,1.2896,1.0672,618,1513,703
15m,0.575,3.5,2.0,1.6304,1.2874,0.9112,624,1519,704
15m,0.675,3.5,1.5,1.5069,1.2843,1.2663,611,1489,692
15m,0.7,3.0,1.0,1.5234,1.2842,1.2925,611,1485,687
15m,0.525,2.0,0.25,1.6067,1.284,0.9628,628,1532,710
15m,0.35,3.0,2.0,1.4773,1.2838,0.362,643,1571,728
15m,0.6,3.0,0.75,1.4749,1.2834,1.1824,618,1513,703
15m,0.45,2.0,0.25,1.6093,1.283,0.9563,638,1550,723
15m,0.5,3.0,0.75,1.719,1.2827,0.9033,631,1535,715
15m,0.35,2.5,1.0,1.3023,1.2792,0.4656,643,1571,728
15m,0.375,2.5,0.75,1.4334,1.2775,0.5855,640,1566,727
15m,0.625,2.0,0.25,1.5493,1.2771,1.1411,617,1505,701
15m,0.55,3.0,0.75,1.5833,1.2755,1.0278,627,1525,706
15m,0.475,3.0,1.0,1.6145,1.2745,0.7434,636,1544,719
15m,0.675,3.0,1.5,1.4753,1.2737,1.2895,611,1489,692
15m,0.625,3.0,0.75,1.5148,1.2734,1.199,617,1505,701
15m,0.675,2.0,0.25,1.5139,1.2727,1.2764,611,1489,692
15m,0.3,2.5,1.0,1.3568,1.2715,0.5204,645,1577,731
15m,0.55,2.5,0.75,1.4696,1.2696,0.9282,627,1525,706
15m,0.5,3.5,2.0,1.8289,1.2677,0.7418,631,1535,715
15m,0.675,2.5,0.75,1.4481,1.2637,1.3613,611,1489,692
15m,0.325,3.0,2.0,1.5576,1.2633,0.4112,643,1573,729
15m,0.65,3.0,1.0,1.4531,1.2631,1.164,613,1496,695
15m,0.425,3.0,2.0,1.5491,1.2623,0.6738,640,1557,724
15m,0.6,2.5,0.75,1.4364,1.2622,1.135,618,1513,703
15m,0.5,2.0,0.25,1.6237,1.2616,0.9524,631,1535,715
15m,0.7,2.5,0.75,1.4403,1.2614,1.3805,611,1485,687
15m,0.7,3.5,2.0,1.3899,1.2606,1.2831,611,1485,687
15m,0.65,3.5,1.5,1.4722,1.2593,1.2034,613,1496,695
15m,0.4,3.0,1.5,1.5623,1.2588,0.5381,640,1563,726
15m,0.5,2.5,0.5,1.6844,1.2562,0.9437,631,1535,715
15m,0.525,3.0,1.0,1.6736,1.2556,0.9396,628,1532,710
15m,0.575,3.0,1.0,1.5693,1.2547,1.098,624,1519,704
15m,0.7,2.0,0.25,1.4735,1.2539,1.2113,611,1485,687
15m,0.375,3.0,1.5,1.5285,1.2538,0.4515,640,1566,727
15m,0.6,3.5,2.0,1.4744,1.2529,1.0535,618,1513,703
15m,0.65,2.5,0.5,1.4235,1.2525,1.2525,613,1496,695
15m,0.675,3.0,2.0,1.4559,1.2509,1.2867,611,1489,692
15m,0.675,3.5,2.0,1.4698,1.2507,1.259,611,1489,692
15m,0.7,3.0,1.5,1.4941,1.2449,1.2899,611,1485,687
15m,0.575,2.5,0.75,1.5433,1.244,1.0459,624,1519,704
15m,0.675,2.5,1.0,1.4312,1.2394,1.3654,611,1489,692
15m,0.7,2.5,1.0,1.425,1.2384,1.3838,611,1485,687
15m,0.45,2.5,0.75,1.3933,1.2381,0.8836,638,1550,723
15m,0.4,2.5,0.75,1.4343,1.2378,0.7444,640,1563,726
15m,0.625,3.5,1.5,1.5016,1.2367,1.1417,617,1505,701
15m,0.525,2.5,0.75,1.5438,1.2361,0.8539,628,1532,710
15m,0.475,2.5,0.75,1.3881,1.2351,0.8193,636,1544,719
15m,0.625,2.5,0.5,1.5799,1.2335,1.2534,617,1505,701
15m,0.45,3.0,1.5,1.5976,1.2323,0.6302,638,1550,723
15m,0.325,2.5,1.5,1.3157,1.2319,0.571,643,1573,729
15m,0.6,3.0,1.0,1.4223,1.2264,1.1727,618,1513,703
15m,0.425,2.5,0.75,1.3792,1.2248,0.8578,640,1557,724
15m,0.65,3.5,2.0,1.4334,1.2248,1.1947,613,1496,695
15m,0.7,3.0,2.0,1.4783,1.2231,1.2887,611,1485,687
15m,0.35,2.5,1.5,1.2645,1.2217,0.4448,643,1571,728
15m,0.3,2.0,0.5,1.3185,1.2209,0.6483,645,1577,731
15m,0.55,2.5,1.0,1.4466,1.2198,0.9224,627,1525,706
15m,0.625,3.0,1.0,1.4742,1.2198,1.189,617,1505,701
15m,0.5,3.0,1.0,1.6935,1.2174,0.8864,631,1535,715
15m,0.65,3.0,1.5,1.4145,1.2174,1.1546,613,1496,695
15m,0.6,2.5,1.0,1.4091,1.2168,1.1341,618,1513,703
15m,0.4,3.0,2.0,1.5333,1.2167,0.5198,640,1563,726
15m,0.6,2.0,0.5,1.4394,1.2154,1.1435,618,1513,703
15m,0.375,2.5,1.0,1.4041,1.215,0.5693,640,1566,727
15m,0.7,2.5,1.5,1.4101,1.2132,1.3885,611,1485,687
15m,0.475,3.0,1.5,1.5828,1.2125,0.7219,636,1544,719
15m,0.55,3.0,1.0,1.5637,1.2124,1.0166,627,1525,706
15m,0.675,2.5,1.5,1.4145,1.2124,1.371,611,1489,692
15m,0.3,2.5,1.5,1.3271,1.2103,0.5008,645,1577,731
15m,0.375,3.0,2.0,1.502,1.2089,0.4346,640,1566,727
15m,0.35,2.0,0.5,1.3655,1.2064,0.6471,643,1571,728
15m,0.65,2.5,0.75,1.3816,1.2054,1.2516,613,1496,695
15m,0.375,2.0,0.5,1.4363,1.2017,0.6878,640,1566,727
15m,0.625,3.5,2.0,1.4574,1.2007,1.1302,617,1505,701
15m,0.65,2.0,0.5,1.4094,1.2002,1.2258,613,1496,695
15m,0.325,2.5,2.0,1.2888,1.1999,0.5584,643,1573,729
15m,0.7,2.5,2.0,1.4025,1.1989,1.3915,611,1485,687
15m,0.575,3.0,1.5,1.5162,1.1975,1.0874,624,1519,704
15m,0.675,2.5,2.0,1.4059,1.1971,1.3746,611,1489,692
15m,0.575,2.5,1.0,1.5208,1.1967,1.0422,624,1519,704
15m,0.575,2.0,0.5,1.4585,1.1966,1.0578,624,1519,704
15m,0.325,2.0,0.5,1.3441,1.1963,0.7316,643,1573,729
15m,0.45,3.0,2.0,1.5639,1.1961,0.6144,638,1550,723
15m,0.525,3.0,1.5,1.6453,1.1954,0.925,628,1532,710
15m,0.65,3.0,2.0,1.3935,1.1921,1.1494,613,1496,695
15m,0.5,2.5,0.75,1.566,1.1914,0.9286,631,1535,715
15m,0.35,2.5,2.0,1.2367,1.1903,0.4331,643,1571,728
15m,0.675,2.0,0.5,1.4451,1.1888,1.298,611,1489,692
15m,0.625,2.0,0.5,1.4726,1.1874,1.151,617,1505,701
15m,0.525,2.5,1.0,1.5125,1.1854,0.8463,628,1532,710
15m,0.625,2.5,0.75,1.5297,1.1821,1.2513,617,1505,701
15m,0.475,2.5,1.0,1.3516,1.182,0.8118,636,1544,719
15m,0.65,2.5,1.0,1.3637,1.1794,1.2524,613,1496,695
15m,0.475,2.0,0.5,1.5078,1.1791,0.8951,636,1544,719
15m,0.55,2.0,0.5,1.3993,1.1787,0.9626,627,1525,706
15m,0.475,3.0,2.0,1.5534,1.1784,0.7097,636,1544,719
15m,0.6,2.0,0.75,1.4033,1.178,1.1538,618,1513,703
15m,0.4,2.0,0.5,1.4621,1.1775,0.7318,640,1563,726
15m,0.45,2.5,1.0,1.3771,1.1774,0.8756,638,1550,723
15m,0.6,2.5,1.5,1.3788,1.1769,1.1339,618,1513,703
15m,0.3,2.5,2.0,1.3065,1.1767,0.4897,645,1577,731
15m,0.4,2.5,1.0,1.413,1.1762,0.7333,640,1563,726
15m,0.55,2.5,1.5,1.4212,1.1748,0.9166,627,1525,706
15m,0.6,3.0,1.5,1.3657,1.1738,1.1625,618,1513,703
15m,0.7,2.0,0.5,1.412,1.1729,1.2221,611,1485,687
15m,0.625,3.0,1.5,1.4297,1.171,1.1785,617,1505,701
15m,0.65,2.0,0.75,1.3836,1.1679,1.2375,613,1496,695
15m,0.575,3.0,2.0,1.4887,1.1657,1.0816,624,1519,704
15m,0.425,2.5,1.0,1.3595,1.165,0.8478,640,1557,724
15m,0.525,2.0,0.5,1.5337,1.1637,0.9638,628,1532,710
15m,0.425,2.0,0.5,1.4353,1.1627,0.867,640,1557,724
15m,0.3,2.0,0.75,1.1993,1.1624,0.6344,645,1577,731
15m,0.525,3.0,2.0,1.6179,1.1622,0.9169,628,1532,710
15m,0.525,1.5,0.25,1.4719,1.1609,0.8968,628,1532,710
15m,0.675,2.0,0.75,1.4312,1.1589,1.3117,611,1489,692
15m,0.325,1.5,0.25,1.3354,1.1584,0.6963,643,1573,729
15m,0.6,2.0,1.0,1.3883,1.1577,1.1608,618,1513,703
15m,0.375,2.5,1.5,1.3715,1.157,0.552,640,1566,727
15m,0.575,2.0,0.75,1.4313,1.1568,1.067,624,1519,704
15m,0.5,3.0,1.5,1.6624,1.1554,0.8681,631,1535,715
15m,0.6,2.5,2.0,1.3624,1.155,1.1341,618,1513,703
15m,0.575,2.5,1.5,1.4961,1.1546,1.0389,624,1519,704
15m,0.625,2.0,0.75,1.441,1.1536,1.1599,617,1505,701
15m,0.625,2.5,1.0,1.5072,1.1536,1.2514,617,1505,701
15m,0.35,2.0,0.75,1.2463,1.1528,0.6394,643,1571,728
15m,0.45,2.0,0.5,1.5118,1.1521,0.9353,638,1550,723
15m,0.55,3.0,1.5,1.5177,1.152,1.005,627,1525,706
15m,0.375,2.0,0.75,1.3078,1.1513,0.6807,640,1566,727
15m,0.65,2.0,1.0,1.3749,1.1507,1.2454,613,1496,695
15m,0.65,2.5,1.5,1.3459,1.1505,1.2541,613,1496,695
15m,0.55,2.5,2.0,1.4076,1.15,0.9137,627,1525,706
15m,0.55,1.5,0.25,1.3572,1.1485,0.8789,627,1525,706
15m,0.35,1.5,0.25,1.2175,1.1477,0.5796,643,1571,728
15m,0.425,1.5,0.25,1.1466,1.1477,0.8463,640,1557,724
15m,0.4,1.5,0.25,1.1806,1.1462,0.687,640,1563,726
15m,0.6,3.0,2.0,1.3347,1.1447,1.157,618,1513,703
15m,0.7,2.0,0.75,1.4006,1.1442,1.2309,611,1485,687
15m,0.625,3.0,2.0,1.4051,1.144,1.1728,617,1505,701
15m,0.675,2.0,1.0,1.426,1.1429,1.3207,611,1489,692
15m,0.325,2.0,0.75,1.2293,1.1419,0.7195,643,1573,729
15m,0.525,2.5,1.5,1.4777,1.1394,0.8385,628,1532,710
15m,0.3,1.5,0.25,1.3224,1.1393,0.679,645,1577,731
15m,0.5,2.5,1.0,1.5285,1.1381,0.9213,631,1535,715
15m,0.625,2.0,1.0,1.4288,1.1355,1.1661,617,1505,701
15m,0.55,2.0,0.75,1.3709,1.1354,0.9693,627,1525,706
15m,0.6,2.0,1.5,1.3735,1.1353,1.1698,618,1513,703
15m,0.575,2.0,1.0,1.4216,1.135,1.0734,624,1519,704
15m,0.65,2.5,2.0,1.3365,1.1341,1.2554,613,1496,695
15m,0.475,2.5,1.5,1.3116,1.1332,0.8043,636,1544,719
15m,0.65,2.0,1.5,1.3675,1.1319,1.2553,613,1496,695
15m,0.575,2.5,2.0,1.4829,1.1315,1.0373,624,1519,704
15m,0.7,2.0,1.0,1.3967,1.1292,1.2371,611,1485,687
15m,0.4,2.0,0.75,1.3435,1.1282,0.7269,640,1563,726
15m,0.5,2.0,0.5,1.5418,1.1262,0.9473,631,1535,715
15m,0.375,1.5,0.25,1.1795,1.1257,0.6374,640,1566,727
15m,0.675,2.0,1.5,1.4218,1.1256,1.332,611,1489,692
15m,0.475,2.0,0.75,1.4088,1.1255,0.8983,636,1544,719
15m,0.375,2.5,2.0,1.3467,1.1251,0.5424,640,1566,727
15m,0.6,2.0,2.0,1.3659,1.1226,1.1753,618,1513,703
15m,0.45,2.5,1.5,1.3383,1.1222,0.8673,638,1550,723
15m,0.625,2.5,1.5,1.4841,1.1218,1.2524,617,1505,701
15m,0.65,2.0,2.0,1.3642,1.1214,1.2615,613,1496,695
15m,0.5,3.0,2.0,1.6333,1.1212,0.8577,631,1535,715
15m,0.4,2.5,1.5,1.3703,1.1189,0.7216,640,1563,726
15m,0.55,3.0,2.0,1.4854,1.1186,0.9986,627,1525,706
15m,0.65,1.5,0.25,1.2472,1.1183,1.0534,613,1496,695
15m,0.525,2.0,0.75,1.4408,1.1176,0.9695,628,1532,710
15m,0.625,1.5,0.25,1.3485,1.1169,1.0141,617,1505,701
15m,0.675,1.5,0.25,1.315,1.1169,1.0685,611,1489,692
15m,0.675,2.0,2.0,1.4202,1.1158,1.3388,611,1489,692
15m,0.625,2.0,1.5,1.4173,1.1156,1.1741,617,1505,701
15m,0.425,2.0,0.75,1.3237,1.115,0.8652,640,1557,724
15m,0.525,2.5,2.0,1.4585,1.1141,0.8342,628,1532,710
15m,0.7,2.0,1.5,1.3941,1.1131,1.2452,611,1485,687
15m,0.6,1.5,0.25,1.3076,1.1127,0.9619,618,1513,703
15m,0.55,2.0,1.0,1.3604,1.1118,0.9745,627,1525,706
15m,0.475,1.5,0.25,1.2855,1.1111,0.7994,636,1544,719
15m,0.575,2.0,1.5,1.4129,1.111,1.0819,624,1519,704
15m,0.425,2.5,1.5,1.319,1.1096,0.8373,640,1557,724
15m,0.7,1.5,0.25,1.2651,1.1081,1.0375,611,1485,687
15m,0.5,1.5,0.25,1.3827,1.1078,0.8511,631,1535,715
15m,0.3,2.0,1.0,1.1812,1.1073,0.6277,645,1577,731
15m,0.475,2.5,2.0,1.2894,1.1063,0.8003,636,1544,719
15m,0.625,2.0,2.0,1.4115,1.1045,1.179,617,1505,701
15m,0.7,2.0,2.0,1.3933,1.1042,1.2504,611,1485,687
15m,0.625,2.5,2.0,1.4717,1.1036,1.2533,617,1505,701
15m,0.45,2.0,0.75,1.4059,1.1003,0.9337,638,1550,723
15m,0.525,1.5,0.5,1.4394,1.0999,0.921,628,1532,710
15m,0.375,2.0,1.0,1.2773,1.0991,0.6779,640,1566,727
15m,0.35,2.0,1.0,1.2111,1.0989,0.6363,643,1571,728
15m,0.575,2.0,2.0,1.4088,1.0973,1.0872,624,1519,704
15m,0.575,1.5,0.25,1.3941,1.0969,0.9017,624,1519,704
15m,0.45,1.5,0.25,1.2606,1.0945,0.7617,638,1550,723
15m,0.525,2.0,1.0,1.425,1.0924,0.974,628,1532,710
15m,0.45,2.5,2.0,1.3135,1.0921,0.8629,638,1550,723
15m,0.5,2.5,1.5,1.4875,1.0892,0.9139,631,1535,715
15m,0.55,1.5,0.5,1.3404,1.0885,0.8953,627,1525,706
15m,0.325,2.0,1.0,1.197,1.0874,0.7138,643,1573,729
15m,0.4,2.5,2.0,1.3413,1.0874,0.7152,640,1563,726
15m,0.55,2.0,1.5,1.3507,1.0857,0.9815,627,1525,706
15m,0.475,2.0,1.0,1.3908,1.085,0.9017,636,1544,719
15m,0.425,2.5,2.0,1.2913,1.0793,0.8317,640,1557,724
15m,0.675,1.5,0.5,1.3107,1.0793,1.0954,611,1489,692
15m,0.65,1.5,0.5,1.2416,1.0784,1.078,613,1496,695
15m,0.4,2.0,1.0,1.3176,1.0774,0.7253,640,1563,726
15m,0.7,1.5,0.5,1.2701,1.0769,1.0691,611,1485,687
15m,0.525,1.5,0.75,1.4337,1.0762,0.9357,628,1532,710
15m,0.625,1.5,0.5,1.3376,1.0747,1.0342,617,1505,701
15m,0.5,2.0,0.75,1.4443,1.0738,0.9513,631,1535,715
15m,0.55,2.0,2.0,1.346,1.0709,0.9861,627,1525,706
15m,0.425,1.5,0.5,1.092,1.0704,0.8766,640,1557,724
15m,0.7,1.5,0.75,1.2807,1.0687,1.0865,611,1485,687
15m,0.675,1.5,0.75,1.3179,1.0682,1.1108,611,1489,692
15m,0.55,1.5,0.75,1.3419,1.0671,0.9069,627,1525,706
15m,0.7,1.5,1.0,1.2888,1.0652,1.0977,611,1485,687
15m,0.65,1.5,0.75,1.2485,1.0647,1.0924,613,1496,695
15m,0.425,2.0,1.0,1.3005,1.0646,0.8656,640,1557,724
15m,0.525,2.0,1.5,1.4068,1.0644,0.9803,628,1532,710
15m,0.525,1.5,1.0,1.4321,1.0635,0.9454,628,1532,710
15m,0.4,1.5,0.5,1.118,1.0634,0.7124,640,1563,726
15m,0.675,1.5,1.0,1.3242,1.0629,1.1207,611,1489,692
15m,0.7,1.5,1.5,1.2997,1.0623,1.1116,611,1485,687
15m,0.5,2.5,2.0,1.4647,1.0621,0.91,631,1535,715
15m,0.6,1.5,0.5,1.2915,1.0614,0.9797,618,1513,703
15m,0.7,1.5,2.0,1.3068,1.061,1.1201,611,1485,687
15m,0.625,1.5,0.75,1.3418,1.0599,1.0468,617,1505,701
15m,0.325,1.5,0.5,1.2726,1.0584,0.7024,643,1573,729
15m,0.65,1.5,1.0,1.2545,1.0581,1.1018,613,1496,695
15m,0.3,2.0,1.5,1.1608,1.0578,0.6208,645,1577,731
15m,0.675,1.5,1.5,1.3332,1.0577,1.1331,611,1489,692
15m,0.45,2.0,1.0,1.3852,1.0568,0.9344,638,1550,723
15m,0.55,1.5,1.0,1.3447,1.0559,0.9148,627,1525,706
15m,0.675,1.5,2.0,1.3391,1.0551,1.1406,611,1489,692
15m,0.375,2.0,1.5,1.2412,1.0536,0.6756,640,1566,727
15m,0.625,1.5,1.0,1.3462,1.0526,1.0552,617,1505,701
15m,0.35,2.0,1.5,1.1789,1.0517,0.6338,643,1571,728
15m,0.65,1.5,1.5,1.2632,1.0515,1.1135,613,1496,695
15m,0.475,2.0,1.5,1.3699,1.0507,0.9067,636,1544,719
15m,0.525,1.5,1.5,1.4315,1.0498,0.9574,628,1532,710
15m,0.35,1.5,0.5,1.1464,1.0491,0.5981,643,1571,728
15m,0.525,2.0,2.0,1.3972,1.0486,0.9843,628,1532,710
15m,0.65,1.5,2.0,1.2689,1.048,1.1208,613,1496,695
15m,0.625,1.5,1.5,1.3528,1.0451,1.0658,617,1505,701
15m,0.55,1.5,1.5,1.3493,1.0438,0.9249,627,1525,706
15m,0.6,1.5,0.75,1.2928,1.0438,0.9912,618,1513,703
15m,0.425,1.5,0.75,1.0657,1.0432,0.8927,640,1557,724
15m,0.525,1.5,2.0,1.4317,1.0422,0.9648,628,1532,710
15m,0.575,1.5,0.5,1.384,1.0416,0.9145,624,1519,704
15m,0.625,1.5,2.0,1.3574,1.0411,1.0724,617,1505,701
15m,0.325,2.0,1.5,1.1682,1.0394,0.7081,643,1573,729
15m,0.5,1.5,0.5,1.347,1.0384,0.8778,631,1535,715
15m,0.3,1.5,0.5,1.2525,1.0378,0.6793,645,1577,731
15m,0.55,1.5,2.0,1.3526,1.037,0.9311,627,1525,706
15m,0.375,1.5,0.5,1.1303,1.0363,0.6598,640,1566,727
15m,0.475,1.5,0.5,1.2405,1.0363,0.8314,636,1544,719
15m,0.6,1.5,1.0,1.2953,1.0347,0.999,618,1513,703
15m,0.5,2.0,1.0,1.4263,1.0346,0.955,631,1535,715
15m,0.4,1.5,0.75,1.0884,1.0344,0.7265,640,1563,726
15m,0.4,2.0,1.5,1.2866,1.0331,0.7244,640,1563,726
15m,0.475,2.0,2.0,1.3587,1.0315,0.9101,636,1544,719
15m,0.3,2.0,2.0,1.1427,1.0305,0.6171,645,1577,731
15m,0.375,2.0,2.0,1.2204,1.0289,0.6746,640,1566,727
15m,0.425,1.5,1.0,1.055,1.0269,0.9032,640,1557,724
15m,0.35,2.0,2.0,1.1648,1.026,0.6327,643,1571,728
15m,0.6,1.5,1.5,1.2995,1.0251,1.0088,618,1513,703
15m,0.575,1.5,0.75,1.3883,1.0225,0.9241,624,1519,704
15m,0.325,1.5,0.75,1.1804,1.0212,0.7095,643,1573,729
15m,0.425,2.0,1.5,1.2736,1.0209,0.8672,640,1557,724
15m,0.45,2.0,1.5,1.3615,1.0197,0.9363,638,1550,723
15m,0.6,1.5,2.0,1.3026,1.0197,1.0149,618,1513,703
15m,0.4,1.5,1.0,1.0757,1.0171,0.7359,640,1563,726
15m,0.35,1.5,0.75,1.0503,1.0146,0.6104,643,1571,728
15m,0.45,1.5,0.5,1.2086,1.0134,0.7907,638,1550,723
15m,0.325,2.0,2.0,1.1559,1.0133,0.705,643,1573,729
15m,0.575,1.5,1.0,1.3927,1.0124,0.9308,624,1519,704
15m,0.5,1.5,0.75,1.3391,1.0114,0.8936,631,1535,715
15m,0.425,1.5,1.5,1.0444,1.0092,0.9164,640,1557,724
15m,0.4,2.0,2.0,1.2688,1.0091,0.7243,640,1563,726
15m,0.475,1.5,0.75,1.231,1.0076,0.8494,636,1544,719
15m,0.375,1.5,0.75,1.0362,1.0048,0.6729,640,1566,727
15m,0.5,2.0,1.5,1.4056,1.0017,0.9604,631,1535,715
15m,0.575,1.5,1.5,1.3992,1.0016,0.9393,624,1519,704
15m,0.425,1.5,2.0,1.0387,0.9994,0.9244,640,1557,724
15m,0.45,2.0,2.0,1.3485,0.9991,0.9379,638,1550,723
15m,0.4,1.5,1.5,1.0629,0.9984,0.7477,640,1563,726
15m,0.3,1.5,0.75,1.1569,0.9974,0.6856,645,1577,731
15m,0.425,2.0,2.0,1.2587,0.9973,0.8685,640,1557,724
15m,0.5,1.5,1.0,1.3358,0.997,0.9038,631,1535,715
15m,0.575,1.5,2.0,1.4037,0.9956,0.9447,624,1519,704
15m,0.475,1.5,1.0,1.2269,0.992,0.8609,636,1544,719
15m,0.325,1.5,1.0,1.1695,0.9885,0.7149,643,1573,729
15m,0.4,1.5,2.0,1.056,0.988,0.755,640,1563,726
15m,0.45,1.5,0.75,1.1826,0.985,0.8074,638,1550,723
15m,0.5,2.0,2.0,1.3943,0.9831,0.964,631,1535,715
15m,0.35,1.5,1.0,1.0361,0.9829,0.6189,643,1571,728
15m,0.5,1.5,1.5,1.3328,0.9811,0.9164,631,1535,715
15m,0.475,1.5,1.5,1.2232,0.9749,0.875,636,1544,719
15m,0.375,1.5,1.0,1.0222,0.9745,0.6816,640,1566,727
15m,0.5,1.5,2.0,1.3314,0.9723,0.9241,631,1535,715
15m,0.45,1.5,1.0,1.172,0.9679,0.8183,638,1550,723
15m,0.475,1.5,2.0,1.2215,0.9653,0.8836,636,1544,719
15m,0.3,1.5,1.0,1.1453,0.9647,0.6907,645,1577,731
15m,0.325,1.5,1.5,1.1557,0.9639,0.7222,643,1573,729
15m,0.35,1.5,1.5,1.0184,0.9594,0.6299,643,1571,728
15m,0.375,1.5,1.5,1.0049,0.9525,0.6928,640,1566,727
15m,0.325,1.5,2.0,1.1481,0.9505,0.7268,643,1573,729
15m,0.45,1.5,1.5,1.1613,0.9492,0.8317,638,1550,723
15m,0.35,1.5,2.0,1.0085,0.9465,0.6367,643,1571,728
15m,0.375,1.5,2.0,0.9954,0.9406,0.6997,640,1566,727
15m,0.3,1.5,1.5,1.1305,0.939,0.6977,645,1577,731
15m,0.45,1.5,2.0,1.1556,0.9388,0.8398,638,1550,723
15m,0.3,1.5,2.0,1.1222,0.9246,0.7022,645,1577,731
1h,0.45,5.0,1.5,0.1282,4.5037,1.2061,130,321,129
1h,0.45,5.0,1.0,0.1186,4.5034,0.8626,130,321,129
1h,0.45,5.0,2.0,0.1695,4.4672,1.3723,130,321,129
1h,0.45,5.0,0.75,0.1708,4.3354,0.6535,130,321,129
1h,0.475,5.0,1.0,0.151,4.3153,0.2826,130,321,128
1h,0.475,5.0,1.5,0.1623,4.2952,0.5634,130,321,128
1h,0.475,5.0,2.0,0.2045,4.2505,0.7148,130,321,128
1h,0.3,5.0,0.75,0.6408,4.2341,0.0866,136,324,132
1h,0.325,5.0,0.75,0.4367,4.2329,0.4311,135,324,131
1h,0.525,5.0,1.0,0.4272,4.2048,0.4181,129,317,126
1h,0.55,5.0,1.0,0.3861,4.2022,0.4368,129,315,124
1h,0.45,5.0,0.5,0.5297,4.1612,0.4854,130,321,129
1h,0.5,5.0,1.0,0.1751,4.1502,0.1213,129,320,127
1h,0.475,5.0,0.75,0.202,4.145,0.1131,130,321,128
1h,0.425,5.0,0.5,0.3382,4.1409,0.4308,131,321,129
1h,0.45,4.5,1.0,0.1822,4.1312,0.8887,130,321,129
1h,0.525,5.0,1.5,0.4771,4.124,0.6677,129,317,126
1h,0.55,5.0,1.5,0.3957,4.1161,0.6918,129,315,124
1h,0.5,5.0,1.5,0.1516,4.1141,0.375,129,320,127
1h,0.55,4.5,1.0,0.7122,4.1131,0.1828,129,315,124
1h,0.325,5.0,0.5,0.6368,4.0999,0.2189,135,324,131
1h,0.55,5.0,0.75,0.4204,4.0831,0.2404,129,315,124
1h,0.55,4.0,1.5,0.7584,4.076,0.0491,129,315,124
1h,0.525,5.0,0.75,0.426,4.0666,0.2083,129,317,126
1h,0.525,5.0,2.0,0.5364,4.0602,0.7652,129,317,126
1h,0.5,5.0,2.0,0.1753,4.0511,0.5106,129,320,127
1h,0.45,4.0,1.0,0.3023,4.0419,0.5426,130,321,129
1h,0.425,4.0,1.0,0.1159,4.0392,0.5977,131,321,129
1h,0.55,5.0,2.0,0.4243,4.0386,0.7959,129,315,124
1h,0.45,4.5,0.75,0.2294,4.0334,0.7014,130,321,129
1h,0.55,4.0,2.0,0.7891,4.0312,0.1135,129,315,124
1h,0.45,4.5,1.5,0.1892,4.0201,1.1598,130,321,129
1h,0.55,4.5,0.75,0.7261,4.0092,0.0308,129,315,124
1h,0.55,4.5,1.5,0.7203,4.0044,0.4057,129,315,124
1h,0.475,4.0,1.0,0.3914,3.9854,0.1176,130,321,128
1h,0.325,4.5,0.75,0.5374,3.9845,0.4718,135,324,131
1h,0.35,4.5,0.75,0.5718,3.9667,0.0669,135,322,130
1h,0.45,3.5,1.0,0.2249,3.9651,0.8954,130,321,129
1h,0.425,3.5,1.0,0.0219,3.9594,0.5499,131,321,129
1h,0.45,4.0,0.75,0.3157,3.9545,0.4387,130,321,129
1h,0.475,4.5,1.0,0.3737,3.9501,0.2768,130,321,128
1h,0.425,4.5,0.5,0.2823,3.9472,0.4505,131,321,129
1h,0.425,4.0,0.75,0.1372,3.9446,0.4699,131,321,129
1h,0.45,4.5,2.0,0.2267,3.9402,1.2867,130,321,129
1h,0.55,5.0,0.5,0.6052,3.938,0.0638,129,315,124
1h,0.45,4.0,1.5,0.3296,3.9334,0.7059,130,321,129
1h,0.45,4.5,0.5,0.5157,3.9325,0.5486,130,321,129
1h,0.425,4.0,1.5,0.1362,3.9316,0.7686,131,321,129
1h,0.425,3.5,1.5,0.039,3.9123,0.6886,131,321,129
1h,0.55,4.5,2.0,0.7355,3.9078,0.4977,129,315,124
1h,0.45,5.0,0.25,0.8008,3.9019,0.2233,130,321,129
1h,0.425,5.0,0.25,0.6951,3.9009,0.0909,131,321,129
1h,0.525,4.5,1.0,0.5986,3.9002,0.2992,129,317,126
1h,0.45,3.5,0.75,0.2064,3.8972,0.7285,130,321,129
1h,0.475,3.5,1.5,0.2987,3.8841,0.0732,130,321,128
1h,0.45,3.5,1.5,0.257,3.883,1.0479,130,321,129
1h,0.325,4.5,0.5,0.7292,3.8826,0.3012,135,324,131
1h,0.45,3.0,1.0,0.2274,3.8793,1.0315,130,321,129
1h,0.475,4.0,1.5,0.4388,3.8783,0.3455,130,321,128
1h,0.425,3.5,0.75,0.0147,3.8729,0.3939,131,321,129
1h,0.475,4.5,1.5,0.4146,3.8661,0.4752,130,321,128
1h,0.45,4.0,0.5,0.4516,3.8603,0.3723,130,321,129
1h,0.425,4.0,0.5,0.284,3.8521,0.3712,131,321,129
1h,0.575,5.0,1.0,1.1226,3.8427,0.4353,127,313,124
1h,0.475,4.5,0.75,0.3798,3.8409,0.1347,130,321,128
1h,0.475,3.5,2.0,0.3302,3.8347,0.1365,130,321,128
1h,0.425,3.0,1.0,0.1146,3.8318,0.8365,131,321,129
1h,0.45,4.0,2.0,0.3653,3.8308,0.7628,130,321,129
1h,0.425,4.0,2.0,0.1774,3.8307,0.825,131,321,129
1h,0.5,4.5,1.0,0.4869,3.8303,0.1922,129,320,127
1h,0.45,3.0,1.5,0.2718,3.8268,1.1571,130,321,129
1h,0.6,5.0,1.0,0.9187,3.824,0.2356,127,312,122
1h,0.45,3.5,0.5,0.2042,3.8224,0.5341,130,321,129
1h,0.55,3.5,1.5,0.8046,3.8191,0.0374,129,315,124
1h,0.425,3.5,2.0,0.0554,3.8106,0.771,131,321,129
1h,0.45,3.5,2.0,0.2829,3.8039,1.1389,130,321,129
1h,0.45,3.0,0.75,0.1884,3.7997,0.9457,130,321,129
1h,0.475,4.5,2.0,0.4682,3.7976,0.5483,130,321,128
1h,0.525,4.5,0.75,0.6089,3.7913,0.1144,129,317,126
1h,0.425,3.5,0.5,0.0206,3.785,0.2165,131,321,129
1h,0.525,4.5,1.5,0.6305,3.7841,0.5351,129,317,126
1h,0.5,4.0,1.0,0.6768,3.7839,0.0595,129,320,127
1h,0.625,5.0,1.0,1.3943,3.7825,0.2939,127,309,122
1h,0.325,5.0,0.25,1.693,3.7757,0.217,135,324,131
1h,0.475,4.0,2.0,0.4873,3.7736,0.4377,130,321,128
1h,0.525,4.0,2.0,0.7372,3.7681,0.0108,129,317,126
1h,0.55,3.5,2.0,0.8334,3.7652,0.1135,129,315,124
1h,0.45,3.0,2.0,0.2981,3.7625,1.2507,130,321,129
1h,0.575,4.5,1.0,1.5055,3.7615,0.1861,127,313,124
1h,0.6,5.0,1.5,0.9237,3.7587,0.4765,127,312,122
1h,0.425,3.0,0.75,0.0833,3.755,0.7519,131,321,129
1h,0.3,4.0,0.75,0.8817,3.7511,0.2896,136,324,132
1h,0.5,4.0,1.5,0.7115,3.7471,0.2013,129,320,127
1h,0.6,5.0,0.75,0.9381,3.7442,0.0709,127,312,122
1h,0.5,4.5,1.5,0.4986,3.7341,0.3774,129,320,127
1h,0.575,5.0,1.5,1.1221,3.7338,0.6726,127,313,124
1h,0.45,4.5,0.25,0.9875,3.7335,0.3066,130,321,129
1h,0.35,4.0,0.75,0.7446,3.7311,0.0092,135,322,130
1h,0.5,4.5,0.75,0.5168,3.7297,0.0668,129,320,127
1h,0.425,4.5,0.25,0.8701,3.7296,0.1938,131,321,129
1h,0.625,5.0,1.5,1.3882,3.7275,0.3788,127,309,122
1h,0.475,4.5,0.5,0.5193,3.7251,0.014,130,321,128
1h,0.575,5.0,0.75,1.1629,3.724,0.2682,127,313,124
1h,0.425,3.0,1.5,0.15,3.7228,0.9606,131,321,129
1h,0.45,3.0,0.5,0.1542,3.7217,0.8956,130,321,129
1h,0.575,4.5,1.5,1.5187,3.714,0.319,127,313,124
1h,0.3,4.0,0.5,1.0325,3.7082,0.2016,136,324,132
1h,0.625,5.0,0.75,1.4332,3.6937,0.1927,127,309,122
1h,0.525,4.5,2.0,0.6713,3.6831,0.6299,129,317,126
1h,0.425,3.0,0.5,0.0623,3.6822,0.7053,131,321,129
1h,0.65,5.0,1.0,1.6748,3.6707,0.6678,125,307,122
1h,0.6,5.0,2.0,0.9384,3.6689,0.5801,127,312,122
1h,0.6,4.5,1.0,1.5104,3.6683,0.172,127,312,122
1h,0.575,5.0,0.5,1.3447,3.6651,0.1276,127,313,124
1h,0.475,3.0,1.0,0.1625,3.6629,0.2969,130,321,128
1h,0.425,3.0,2.0,0.1711,3.6604,1.0533,131,321,129
1h,0.575,4.5,0.75,1.5077,3.6601,0.0532,127,313,124
1h,0.5,4.0,2.0,0.739,3.6538,0.286,129,320,127
1h,0.325,4.0,0.75,0.6219,3.65,0.5555,135,324,131
1h,0.5,4.5,2.0,0.5267,3.6396,0.443,129,320,127
1h,0.625,5.0,2.0,1.3979,3.6368,0.4497,127,309,122
1h,0.575,5.0,2.0,1.1455,3.6324,0.7723,127,313,124
1h,0.325,4.0,0.5,0.8078,3.6252,0.4524,135,324,131
1h,0.5,3.5,1.0,0.4204,3.6236,0.0588,129,320,127
1h,0.625,5.0,0.5,1.4589,3.623,0.0978,127,309,122
1h,0.575,4.5,2.0,1.5345,3.6224,0.4019,127,313,124
1h,0.325,4.5,0.25,1.9624,3.6202,0.1308,135,324,131
1h,0.475,3.0,1.5,0.2109,3.619,0.4103,130,321,128
1h,0.45,4.0,0.25,0.9379,3.6181,0.3241,130,321,129
1h,0.6,4.5,1.5,1.5424,3.6172,0.2422,127,312,122
1h,0.35,3.0,1.0,0.5747,3.61,0.1993,135,322,130
1h,0.425,4.0,0.25,0.8273,3.6069,0.2161,131,321,129
1h,0.65,5.0,1.5,1.6739,3.596,0.7523,125,307,122
1h,0.65,5.0,0.75,1.7033,3.5882,0.5706,125,307,122
1h,0.55,3.0,1.5,0.525,3.5835,0.479,129,315,124
1h,0.55,3.0,2.0,0.5568,3.5822,0.572,129,315,124
1h,0.4,4.5,0.25,0.6773,3.5811,0.1253,133,322,129
1h,0.475,3.0,0.75,0.1204,3.58,0.2222,130,321,128
1h,0.45,3.5,0.25,0.6471,3.5783,0.332,130,321,129
1h,0.35,3.0,1.5,0.5867,3.5692,0.2917,135,322,130
1h,0.5,3.5,1.5,0.4521,3.5665,0.1641,129,320,127
1h,0.6,4.5,2.0,1.5641,3.5665,0.3055,127,312,122
1h,0.55,3.0,1.0,0.4759,3.5659,0.3624,129,315,124
1h,0.6,4.5,0.75,1.4942,3.563,0.0843,127,312,122
1h,0.575,3.5,1.0,1.293,3.5595,0.2398,127,313,124
1h,0.475,3.0,2.0,0.2395,3.5588,0.4975,130,321,128
1h,0.625,4.5,1.0,1.4705,3.5482,0.2115,127,309,122
1h,0.45,3.0,0.25,0.3462,3.536,0.7402,130,321,129
1h,0.65,5.0,2.0,1.6801,3.5318,0.8245,125,307,122
1h,0.5,3.5,2.0,0.4716,3.5294,0.2465,129,320,127
1h,0.65,5.0,0.5,1.7101,3.526,0.4841,125,307,122
1h,0.45,2.5,1.0,0.1118,3.5258,1.2387,130,321,129
1h,0.35,3.0,0.75,0.5593,3.5253,0.09,135,322,130
1h,0.425,3.0,0.25,0.348,3.52,0.5694,131,321,129
1h,0.525,3.0,1.0,0.4929,3.5187,0.4435,129,317,126
1h,0.425,3.5,0.25,0.5674,3.5096,0.061,131,321,129
1h,0.575,3.5,1.5,1.3105,3.5064,0.3281,127,313,124
1h,0.55,3.0,0.75,0.4442,3.5045,0.3011,129,315,124
1h,0.575,3.5,0.75,1.284,3.4961,0.2085,127,313,124
1h,0.5,3.0,1.0,0.3709,3.4888,0.3287,129,320,127
1h,0.475,3.0,0.5,0.082,3.4872,0.1919,130,321,128
1h,0.575,3.5,2.0,1.3221,3.4868,0.4055,127,313,124
1h,0.325,3.5,0.75,0.6538,3.484,0.1995,135,324,131
1h,0.6,4.5,0.5,1.4857,3.4811,0.0032,127,312,122
1h,0.35,3.0,0.5,0.5507,3.48,0.003,135,322,130
1h,0.6,3.5,1.0,1.2152,3.4798,0.6623,127,312,122
1h,0.325,3.5,0.5,0.6966,3.4756,0.1483,135,324,131
1h,0.525,3.0,1.5,0.5206,3.4689,0.5451,129,317,126
1h,0.625,4.5,0.75,1.5065,3.4668,0.1588,127,309,122
1h,0.3,4.0,0.25,2.3251,3.4644,0.0354,136,324,132
1h,0.625,4.5,1.5,1.4623,3.4554,0.316,127,309,122
1h,0.325,3.0,0.5,0.514,3.4547,0.1034,135,324,131
1h,0.6,3.5,1.5,1.2403,3.4547,0.7549,127,312,122
1h,0.45,2.5,0.75,0.0846,3.4541,1.1611,130,321,129
1h,0.525,3.0,2.0,0.5398,3.4539,0.629,129,317,126
1h,0.4,4.0,0.25,0.6304,3.4519,0.1095,133,322,129
1h,0.525,3.0,0.75,0.4783,3.4504,0.3949,129,317,126
1h,0.6,3.5,2.0,1.2582,3.4496,0.8362,127,312,122
1h,0.35,3.0,2.0,0.5938,3.445,0.3508,135,322,130
1h,0.45,2.5,1.5,0.1519,3.4374,1.3745,130,321,129
1h,0.6,4.0,2.0,1.4638,3.4369,0.0515,127,312,122
1h,0.65,5.0,0.25,2.124,3.4348,0.0181,125,307,122
1h,0.5,3.0,1.5,0.4089,3.4332,0.4268,129,320,127
1h,0.55,3.0,0.5,0.4317,3.4301,0.2312,129,315,124
1h,0.6,3.5,0.75,1.2049,3.4257,0.6306,127,312,122
1h,0.325,3.0,0.75,0.6151,3.4246,0.1995,135,324,131
1h,0.65,4.0,1.0,1.7562,3.4225,1.1939,125,307,122
1h,0.325,4.0,0.25,2.1606,3.4193,0.3214,135,324,131
1h,0.425,2.5,1.5,0.0186,3.418,1.2977,131,321,129
1h,0.5,3.0,0.75,0.3488,3.4151,0.2895,129,320,127
1h,0.5,3.0,2.0,0.4331,3.4127,0.5103,129,320,127
1h,0.45,2.5,0.5,0.0457,3.4121,1.0666,130,321,129
1h,0.675,5.0,0.25,2.001,3.4067,0.1486,124,304,122
1h,0.3,2.5,0.75,0.5512,3.4046,0.0383,136,324,132
1h,0.625,4.0,1.0,1.5639,3.4031,0.3764,127,309,122
1h,0.45,2.5,2.0,0.1782,3.4016,1.4786,130,321,129
1h,0.575,3.5,0.5,1.3068,3.3959,0.2671,127,313,124
1h,0.65,4.5,1.0,1.7291,3.3925,0.5429,125,307,122
1h,0.65,4.0,0.75,1.782,3.391,1.1537,125,307,122
1h,0.3,2.5,0.5,0.4964,3.3908,0.0701,136,324,132
1h,0.625,4.5,2.0,1.4645,3.3907,0.4007,127,309,122
1h,0.45,2.5,0.25,0.2767,3.3869,0.7467,130,321,129
1h,0.625,4.0,1.5,1.5527,3.3849,0.4635,127,309,122
1h,0.425,2.5,2.0,0.0396,3.3782,1.3987,131,321,129
1h,0.65,4.0,1.5,1.7589,3.3774,1.2966,125,307,122
1h,0.7,5.0,0.25,1.4015,3.3722,0.0029,122,303,121
1h,0.625,4.5,0.5,1.5397,3.3685,0.1584,127,309,122
1h,0.425,2.5,0.25,0.2679,3.3677,0.6662,131,321,129
1h,0.3,2.5,1.0,0.5912,3.365,0.1067,136,324,132
1h,0.675,5.0,0.5,1.5384,3.3626,0.4943,124,304,122
1h,0.65,4.0,2.0,1.7675,3.3584,1.3842,125,307,122
1h,0.65,4.5,0.75,1.7635,3.3574,0.494,125,307,122
1h,0.35,2.5,1.0,0.6861,3.3573,0.3478,135,322,130
1h,0.65,4.5,1.5,1.7233,3.357,0.6449,125,307,122
1h,0.675,5.0,1.0,1.4918,3.3565,0.5295,124,304,122
1h,0.475,2.5,1.5,0.1027,3.3562,0.4502,130,321,128
1h,0.525,3.0,0.5,0.4724,3.3538,0.3464,129,317,126
1h,0.475,2.5,2.0,0.1328,3.3537,0.5541,130,321,128
1h,0.625,4.0,0.75,1.5985,3.352,0.348,127,309,122
1h,0.675,5.0,0.75,1.5191,3.348,0.4648,124,304,122
1h,0.475,2.5,1.0,0.0561,3.3471,0.3153,130,321,128
1h,0.6,3.0,2.0,1.2937,3.3461,0.5567,127,312,122
1h,0.6,3.5,0.5,1.2319,3.3376,0.7216,127,312,122
1h,0.625,4.0,2.0,1.5523,3.3356,0.5411,127,309,122
1h,0.65,3.5,2.0,1.7493,3.3326,1.235,125,307,122
1h,0.6,3.0,1.5,1.2714,3.3282,0.4529,127,312,122
1h,0.35,2.5,1.5,0.7144,3.3279,0.4599,135,322,130
1h,0.65,4.0,0.5,1.8106,3.3251,1.2247,125,307,122
1h,0.5,3.0,0.5,0.3432,3.3245,0.3419,129,320,127
1h,0.65,3.5,1.5,1.7395,3.3215,1.1332,125,307,122
1h,0.575,3.0,2.0,1.1415,3.3183,0.6039,127,313,124
1h,0.575,3.0,1.5,1.127,3.3172,0.5086,127,313,124
1h,0.3,2.5,1.5,0.6283,3.3097,0.2207,136,324,132
1h,0.65,4.5,0.5,1.7925,3.3074,0.5064,125,307,122
1h,0.675,5.0,1.5,1.496,3.3036,0.644,124,304,122
1h,0.575,3.0,1.0,1.1083,3.3007,0.3889,127,313,124
1h,0.475,2.5,0.75,0.0241,3.3005,0.2389,130,321,128
1h,0.65,4.5,2.0,1.7272,3.2964,0.7287,125,307,122
1h,0.65,4.5,0.25,2.2624,3.2951,0.1403,125,307,122
1h,0.675,4.0,0.25,1.9276,3.2875,0.826,124,304,122
1h,0.475,3.0,0.25,0.2635,3.2873,0.095,130,321,128
1h,0.65,3.5,1.0,1.7367,3.2864,1.0038,125,307,122
1h,0.35,2.5,0.75,0.6561,3.2844,0.277,135,322,130
1h,0.6,3.0,1.0,1.2411,3.2811,0.3194,127,312,122
1h,0.525,2.5,2.0,0.3438,3.2769,0.5111,129,317,126
1h,0.625,3.5,2.0,1.6064,3.2769,0.9329,127,309,122
1h,0.625,3.5,1.5,1.5973,3.2767,0.8391,127,309,122
1h,0.675,4.0,0.5,1.7043,3.2729,1.3111,124,304,122
1h,0.4,3.0,0.25,0.3106,3.2678,0.3256,133,322,129
1h,0.65,3.5,0.75,1.7568,3.2643,0.9329,125,307,122
1h,0.575,3.0,0.75,1.0973,3.2638,0.3255,127,313,124
1h,0.525,2.5,1.5,0.3183,3.2591,0.4122,129,317,126
1h,0.375,3.0,0.25,0.2881,3.2588,0.1218,135,322,129
1h,0.625,4.0,0.5,1.6382,3.2569,0.4117,127,309,122
1h,0.65,4.0,0.25,2.0367,3.2563,0.6752,125,307,122
1h,0.675,4.5,0.25,2.1287,3.2551,0.4225,124,304,122
1h,0.625,3.5,1.0,1.5936,3.2547,0.722,127,309,122
1h,0.325,2.5,0.5,0.2376,3.2544,0.5452,135,324,131
1h,0.35,2.5,0.5,0.6251,3.2517,0.2683,135,322,130
1h,0.6,3.0,0.75,1.2212,3.2476,0.2445,127,312,122
1h,0.55,2.5,2.0,0.4323,3.2459,0.5901,129,315,124
1h,0.625,3.0,2.0,1.3933,3.242,0.7619,127,309,122
1h,0.65,3.5,0.5,1.7575,3.2402,0.8498,125,307,122
1h,0.325,2.5,0.75,0.2887,3.2392,0.525,135,324,131
1h,0.5,2.5,2.0,0.2421,3.2392,0.4929,129,320,127
1h,0.525,2.5,1.0,0.2834,3.239,0.2856,129,317,126
1h,0.7,4.5,0.25,1.2936,3.2378,0.362,122,303,121
1h,0.7,5.0,0.5,1.0821,3.2367,0.3034,122,303,121
1h,0.325,2.5,1.0,0.328,3.2339,0.5829,135,324,131
1h,0.55,2.5,1.5,0.4038,3.2335,0.4912,129,315,124
1h,0.625,3.0,1.5,1.3844,3.2321,0.6627,127,309,122
1h,0.5,2.5,1.5,0.2164,3.2317,0.385,129,320,127
1h,0.4,2.5,0.25,0.7332,3.2305,0.5504,133,322,129
1h,0.675,5.0,2.0,1.5064,3.2298,0.734,124,304,122
1h,0.675,4.0,0.75,1.6765,3.2281,1.3902,124,304,122
1h,0.625,3.0,1.0,1.3829,3.226,0.5365,127,309,122
1h,0.55,2.5,1.0,0.3642,3.2244,0.3648,129,315,124
1h,0.625,3.5,0.75,1.6119,3.2238,0.6607,127,309,122
1h,0.35,3.0,0.25,1.8834,3.2196,0.0041,135,322,130
1h,0.65,3.5,0.25,2.0112,3.2193,0.5397,125,307,122
1h,0.35,2.5,2.0,0.7276,3.2191,0.5476,135,322,130
1h,0.575,3.0,0.5,1.1122,3.2191,0.2549,127,313,124
1h,0.675,4.0,1.0,1.648,3.213,1.4616,124,304,122
1h,0.525,2.5,0.75,0.2597,3.2117,0.2157,129,317,126
1h,0.325,3.0,0.25,1.7518,3.2062,0.1604,135,324,131
1h,0.6,3.0,0.5,1.2122,3.2055,0.1533,127,312,122
1h,0.625,3.0,0.75,1.4033,3.2035,0.4674,127,309,122
1h,0.7,5.0,0.75,1.0546,3.2033,0.2287,122,303,121
1h,0.3,2.5,0.25,1.5879,3.2022,0.13,136,324,132
1h,0.7,5.0,1.0,1.0131,3.2007,0.275,122,303,121
1h,0.5,2.5,1.0,0.1796,3.2002,0.2439,129,320,127
1h,0.675,3.5,0.25,1.9437,3.1997,0.5306,124,304,122
1h,0.375,2.5,0.25,0.768,3.1995,0.2279,135,322,129
1h,0.55,2.5,0.75,0.3377,3.1984,0.2951,129,315,124
1h,0.675,4.5,0.5,1.8916,3.191,0.6831,124,304,122
1h,0.625,3.5,0.5,1.6169,3.1907,0.5906,127,309,122
1h,0.65,3.0,0.25,1.7854,3.1906,0.5407,125,307,122
1h,0.675,4.0,1.5,1.6425,3.1887,1.5874,124,304,122
1h,0.7,4.0,0.25,1.0571,3.188,0.5634,122,303,121
1h,0.625,3.0,0.25,1.6531,3.1866,0.0571,127,309,122
1h,0.525,2.5,0.5,0.2343,3.1861,0.1322,129,317,126
1h,0.45,2.0,1.0,0.0752,3.185,0.8441,130,321,129
1h,0.675,4.5,0.75,1.8638,3.1848,0.5954,124,304,122
1h,0.675,4.5,1.0,1.8352,3.1848,0.6381,124,304,122
1h,0.5,3.0,0.25,0.5648,3.1807,0.1086,129,320,127
1h,0.65,3.0,2.0,1.5456,3.1765,1.2611,125,307,122
1h,0.45,2.0,1.5,0.1227,3.1738,1.0176,130,321,129
1h,0.65,3.0,1.0,1.5303,3.1731,1.0143,125,307,122
1h,0.625,3.5,0.25,1.8609,3.1723,0.2194,127,309,122
1h,0.625,3.0,0.5,1.4045,3.1721,0.385,127,309,122
1h,0.7,3.5,0.25,1.007,3.1717,0.382,122,303,121
1h,0.675,3.5,0.5,1.7062,3.1714,0.8476,124,304,122
1h,0.3,2.5,2.0,0.6484,3.1711,0.3104,136,324,132
1h,0.65,3.0,1.5,1.5349,3.1701,1.1536,125,307,122
1h,0.45,2.0,2.0,0.1554,3.1693,1.142,130,321,129
1h,0.325,3.5,0.25,2.0692,3.1691,0.1997,135,324,131
1h,0.65,3.0,0.75,1.5486,3.1671,0.936,125,307,122
1h,0.625,4.0,0.25,1.9104,3.1666,0.1006,127,309,122
1h,0.5,2.5,0.75,0.1526,3.166,0.1624,129,320,127
1h,0.45,2.0,0.75,0.0397,3.1649,0.7282,130,321,129
1h,0.55,2.5,0.5,0.3207,3.1649,0.2112,129,315,124
1h,0.6,3.5,0.25,1.5414,3.1637,0.1945,127,312,122
1h,0.525,3.0,0.25,0.6428,3.162,0.1419,129,317,126
1h,0.65,3.0,0.5,1.5457,3.1577,0.8586,125,307,122
1h,0.675,4.0,2.0,1.6468,3.1565,1.686,124,304,122
1h,0.5,2.5,0.5,0.1306,3.149,0.062,129,320,127
1h,0.7,4.0,0.5,0.9852,3.1464,1.0064,122,303,121
1h,0.7,4.5,0.5,1.2435,3.1444,0.8483,122,303,121
1h,0.325,2.5,1.5,0.3649,3.1362,0.6818,135,324,131
1h,0.7,3.5,0.5,0.979,3.1338,0.6665,122,303,121
1h,0.7,5.0,1.5,0.9962,3.1269,0.3778,122,303,121
1h,0.675,3.5,0.75,1.7123,3.1207,0.9652,124,304,122
1h,0.675,4.5,1.5,1.8325,3.119,0.7376,124,304,122
1h,0.475,2.0,2.0,0.2579,3.1146,0.3434,130,321,128
1h,0.325,2.5,0.25,1.3611,3.1063,0.561,135,324,131
1h,0.475,2.0,1.5,0.2219,3.1046,0.2264,130,321,128
1h,0.55,2.0,2.0,0.5555,3.1031,0.3336,129,315,124
1h,0.675,3.5,1.0,1.6959,3.103,1.0604,124,304,122
1h,0.475,2.0,1.0,0.1684,3.0985,0.066,130,321,128
1h,0.7,4.5,0.75,1.1948,3.0974,0.7863,122,303,121
1h,0.7,4.0,0.75,0.9864,3.0971,1.1014,122,303,121
1h,0.35,2.5,0.25,1.7274,3.0963,0.1947,135,322,130
1h,0.675,3.5,1.5,1.7031,3.0879,1.2136,124,304,122
1h,0.325,2.0,0.5,0.8916,3.0877,0.4209,135,324,131
1h,0.55,2.0,1.5,0.5035,3.0821,0.2211,129,315,124
1h,0.7,3.5,0.75,0.995,3.0808,0.7665,122,303,121
1h,0.7,4.5,1.0,1.1533,3.078,0.8436,122,303,121
1h,0.3,2.0,0.5,1.4025,3.0778,0.2813,136,324,132
1h,0.625,2.0,1.5,0.8927,3.075,0.2885,127,309,122
1h,0.625,2.0,1.0,0.906,3.073,0.1177,127,309,122
1h,0.625,2.0,2.0,0.8921,3.0709,0.4115,127,309,122
1h,0.675,3.0,0.25,1.7258,3.0703,0.6204,124,304,122
1h,0.525,2.5,0.25,0.5002,3.0701,0.0021,129,317,126
1h,0.7,4.0,1.0,0.9654,3.0678,1.1843,122,303,121
1h,0.675,3.5,2.0,1.7154,3.0649,1.3281,124,304,122
1h,0.35,2.0,1.0,1.1291,3.0632,0.2187,135,322,130
1h,0.55,2.0,1.0,0.4227,3.062,0.0673,129,315,124
1h,0.325,2.0,0.75,0.963,3.0612,0.4806,135,324,131
1h,0.3,2.0,0.75,1.4447,3.061,0.323,136,324,132
1h,0.625,2.0,0.75,0.9398,3.0594,0.004,127,309,122
1h,0.325,2.0,1.0,1.003,3.0576,0.543,135,324,131
1h,0.7,4.5,1.5,1.141,3.0482,0.9609,122,303,121
1h,0.7,3.5,1.0,0.9819,3.0429,0.8632,122,303,121
1h,0.7,2.5,0.5,0.4172,3.0415,0.2165,122,303,121
1h,0.7,5.0,2.0,0.9968,3.0408,0.4639,122,303,121
1h,0.7,4.0,1.5,0.9741,3.0402,1.3248,122,303,121
1h,0.625,2.5,2.0,1.5821,3.0363,0.6576,127,309,122
1h,0.675,4.5,2.0,1.8374,3.0358,0.8219,124,304,122
1h,0.6,2.5,2.0,1.5262,3.0272,0.6978,127,312,122
1h,0.575,2.5,2.0,1.2285,3.0229,0.5877,127,313,124
1h,0.625,2.5,1.5,1.5577,3.0196,0.5425,127,309,122
1h,0.325,2.0,0.25,1.834,3.0171,0.3145,135,324,131
1h,0.325,2.0,1.5,1.0469,3.0167,0.6632,135,324,131
1h,0.6,2.5,1.5,1.4922,3.0126,0.5817,127,312,122
1h,0.7,4.5,2.0,1.145,3.0121,1.0564,122,303,121
1h,0.35,2.0,0.75,1.0878,3.0106,0.1374,135,322,130
1h,0.575,2.5,1.5,1.2088,3.0106,0.4764,127,313,124
1h,0.7,4.0,2.0,0.9896,3.01,1.4329,122,303,121
1h,0.675,2.5,0.5,1.3217,3.0056,0.5792,124,304,122
1h,0.625,2.5,1.0,1.5291,3.0055,0.3853,127,309,122
1h,0.4,1.5,1.0,0.0689,3.0051,0.083,133,322,129
1h,0.35,2.0,0.5,1.0242,3.0044,0.0388,135,322,130
1h,0.6,2.5,1.0,1.4411,3.0027,0.4231,127,312,122
1h,0.575,2.5,1.0,1.1828,3.0013,0.326,127,313,124
1h,0.3,2.0,1.0,1.4752,2.9987,0.3892,136,324,132
1h,0.35,2.0,1.5,1.1715,2.9942,0.3592,135,322,130
1h,0.3,2.0,0.25,2.3334,2.9903,0.1594,136,324,132
1h,0.7,3.5,1.5,0.9992,2.9902,1.0208,122,303,121
1h,0.7,3.0,0.25,0.9281,2.99,0.2878,122,303,121
1h,0.675,3.0,0.5,1.6481,2.989,0.834,124,304,122
1h,0.375,2.0,0.25,0.3728,2.9877,0.1172,135,322,129
1h,0.65,2.0,1.5,1.0239,2.9869,0.343,125,307,122
1h,0.6,2.5,0.75,1.4021,2.9865,0.3203,127,312,122
1h,0.625,2.5,0.75,1.5257,2.986,0.2835,127,309,122
1h,0.65,2.0,1.0,1.0004,2.9849,0.1646,125,307,122
1h,0.4,2.0,0.25,0.3711,2.9848,0.0705,133,322,129
1h,0.3,2.0,1.5,1.5092,2.9825,0.5158,136,324,132
1h,0.65,2.0,2.0,1.0415,2.9818,0.4704,125,307,122
1h,0.4,1.5,1.5,0.1316,2.9792,0.2692,133,322,129
1h,0.575,2.5,0.75,1.1662,2.9785,0.2315,127,313,124
1h,0.7,2.5,0.75,0.4212,2.9729,0.3791,122,303,121
1h,0.325,2.5,2.0,0.3852,2.9722,0.7623,135,324,131
1h,0.65,2.0,0.75,0.9871,2.971,0.0444,125,307,122
1h,0.675,2.5,0.25,1.2913,2.969,0.3852,124,304,122
1h,0.625,2.5,0.5,1.4853,2.9634,0.1651,127,309,122
1h,0.7,3.5,2.0,1.0194,2.9622,1.1384,122,303,121
1h,0.6,2.5,0.5,1.3559,2.9601,0.2009,127,312,122
1h,0.575,2.5,0.5,1.1621,2.9597,0.1427,127,313,124
1h,0.4,1.5,2.0,0.1728,2.959,0.4,133,322,129
1h,0.65,2.5,0.25,1.3257,2.9536,0.3168,125,307,122
1h,0.35,2.0,2.0,1.193,2.9472,0.4661,135,322,130
1h,0.675,2.5,0.75,1.334,2.9393,0.7213,124,304,122
1h,0.7,2.5,1.0,0.3943,2.9372,0.5059,122,303,121
1h,0.5,2.0,2.0,0.3677,2.9327,0.5532,129,320,127
1h,0.675,3.0,0.75,1.6684,2.9306,0.981,124,304,122
1h,0.65,2.5,1.5,1.5336,2.928,0.9555,125,307,122
1h,0.5,2.0,1.0,0.2718,2.9237,0.2611,129,320,127
1h,0.5,2.0,1.5,0.3294,2.9231,0.4309,129,320,127
1h,0.65,2.5,1.0,1.4908,2.9229,0.7911,125,307,122
1h,0.65,2.5,2.0,1.5663,2.9183,1.075,125,307,122
1h,0.5,2.0,0.75,0.2274,2.9176,0.1484,129,320,127
1h,0.675,2.5,1.0,1.3142,2.9109,0.8363,124,304,122
1h,0.7,2.5,1.5,0.3888,2.9102,0.6923,122,303,121
1h,0.65,2.5,0.75,1.4752,2.9067,0.6833,125,307,122
1h,0.525,2.0,2.0,0.2054,2.9065,0.4171,129,317,126
1h,0.3,1.5,1.5,1.9421,2.905,0.2126,136,324,132
1h,0.5,2.0,0.5,0.1617,2.9048,0.0118,129,320,127
1h,0.675,3.0,1.0,1.6617,2.9038,1.0988,124,304,122
1h,0.7,3.0,0.5,0.857,2.9037,0.5284,122,303,121
1h,0.7,2.5,2.0,0.3924,2.8979,0.8247,122,303,121
1h,0.525,2.0,1.5,0.1737,2.892,0.3042,129,317,126
1h,0.325,2.0,2.0,1.068,2.8913,0.7589,135,324,131
1h,0.65,2.5,0.5,1.4114,2.8912,0.5548,125,307,122
1h,0.6,2.0,1.5,1.1469,2.8844,0.1809,127,312,122
1h,0.525,2.0,1.0,0.1271,2.8842,0.1491,129,317,126
1h,0.375,1.5,1.0,0.1643,2.8826,0.036,135,322,129
1h,0.6,2.0,2.0,1.1702,2.8826,0.3011,127,312,122
1h,0.3,2.0,2.0,1.525,2.8812,0.6154,136,324,132
1h,0.7,1.5,2.0,0.0811,2.8792,0.4398,122,303,121
1h,0.575,2.0,1.5,1.2628,2.8777,0.2998,127,313,124
1h,0.3,1.5,1.0,1.9289,2.8739,0.0272,136,324,132
1h,0.675,2.5,1.5,1.3183,2.873,1.0085,124,304,122
1h,0.575,2.0,2.0,1.3031,2.8709,0.4126,127,313,124
1h,0.525,2.0,0.75,0.0929,2.8708,0.0478,129,317,126
1h,0.7,1.5,1.5,0.05,2.8662,0.2896,122,303,121
1h,0.65,1.5,2.0,0.941,2.8661,0.1281,125,307,122
1h,0.6,2.0,1.0,1.1111,2.8658,0.0147,127,312,122
1h,0.575,2.0,1.0,1.2007,2.8653,0.1457,127,313,124
1h,0.675,1.5,2.0,0.8094,2.8634,0.262,124,304,122
1h,0.675,3.0,1.5,1.6803,2.8634,1.2745,124,304,122
1h,0.675,2.0,0.75,0.7685,2.8632,0.1076,124,304,122
1h,0.375,1.5,1.5,0.2305,2.8609,0.2151,135,322,129
1h,0.675,2.5,2.0,1.3285,2.8545,1.1325,124,304,122
1h,0.675,1.5,1.5,0.7822,2.8529,0.1174,124,304,122
1h,0.7,3.0,0.75,0.8685,2.8483,0.6845,122,303,121
1h,0.7,1.5,1.0,0.0029,2.8466,0.0723,122,303,121
1h,0.575,2.0,0.75,1.1518,2.8432,0.0459,127,313,124
1h,0.675,3.0,2.0,1.6992,2.8424,1.4006,124,304,122
1h,0.675,2.0,1.0,0.7858,2.8413,0.2335,124,304,122
1h,0.375,1.5,2.0,0.2741,2.8352,0.3419,135,322,129
1h,0.675,2.0,1.5,0.8138,2.8275,0.4178,124,304,122
1h,0.3,1.5,2.0,1.9496,2.8248,0.3442,136,324,132
1h,0.675,2.0,2.0,0.8341,2.8224,0.5484,124,304,122
1h,0.7,3.0,1.0,0.8553,2.8211,0.8077,122,303,121
1h,0.325,1.5,1.5,1.5953,2.807,0.2266,135,324,131
1h,0.7,2.0,1.5,0.0431,2.8068,0.1887,122,303,121
1h,0.7,2.0,2.0,0.066,2.8045,0.325,122,303,121
1h,0.35,1.5,2.0,1.7966,2.7877,0.0955,135,322,130
1h,0.7,3.0,1.5,0.8737,2.7814,0.9899,122,303,121
1h,0.325,1.5,1.0,1.5841,2.772,0.0602,135,324,131
1h,0.7,3.0,2.0,0.8949,2.7608,1.12,122,303,121
1h,0.325,1.5,2.0,1.6027,2.7377,0.3469,135,324,131
2h,0.625,5.0,0.25,9.0012,4.7279,4.7278,58,131,61
2h,0.7,5.0,0.25,9.642,4.6652,4.6217,56,128,59
2h,0.7,4.0,0.25,9.2995,4.65,4.9567,56,128,59
2h,0.625,5.0,0.5,8.6104,4.6325,6.0834,58,131,61
2h,0.7,4.5,0.25,9.4495,4.5934,5.0371,56,128,59
2h,0.65,5.0,0.25,10.0305,4.5915,4.729,57,130,61
2h,0.65,4.0,0.25,9.5417,4.5876,5.1172,57,130,61
2h,0.675,5.0,0.25,9.8567,4.5863,5.0102,57,129,61
2h,0.625,4.5,0.25,8.9331,4.5797,4.5502,58,131,61
2h,0.675,4.0,0.25,9.4409,4.5334,5.3318,57,129,61
2h,0.625,3.5,0.25,8.5169,4.5255,4.8667,58,131,61
2h,0.65,5.0,0.5,9.5668,4.5194,6.0887,57,130,61
2h,0.65,4.5,0.25,9.8522,4.5172,4.6732,57,130,61
2h,0.675,4.5,0.25,9.5602,4.5052,4.9549,57,129,61
2h,0.7,5.0,0.5,9.5462,4.4985,6.0814,56,128,59
2h,0.7,3.0,0.25,8.98,4.4898,4.7951,56,128,59
2h,0.625,4.0,0.25,8.5169,4.4747,5.0629,58,131,61
2h,0.6,5.0,0.25,8.8474,4.4682,4.864,58,133,62
2h,0.625,4.5,0.5,8.5866,4.4622,5.8695,58,131,61
2h,0.6,5.0,0.5,8.4597,4.4496,6.2913,58,133,62
2h,0.675,5.0,0.5,9.6118,4.4449,6.5487,57,129,61
2h,0.7,3.0,0.5,10.1479,4.4218,5.6513,56,128,59
2h,0.525,2.0,0.25,7.436,4.4028,4.403,58,133,64
2h,0.675,3.0,0.25,9.161,4.39,5.1923,57,129,61
2h,0.65,3.5,0.25,9.5098,4.3877,4.9911,57,130,61
2h,0.525,5.0,0.25,8.1424,4.3854,4.7977,58,133,64
2h,0.7,4.5,0.5,9.1586,4.3725,6.2311,56,128,59
2h,0.7,4.0,0.5,10.2582,4.3569,6.2285,56,128,59
2h,0.65,4.5,0.5,9.5308,4.3361,6.015,57,130,61
2h,0.7,2.5,0.25,8.1854,4.332,4.6253,56,128,59
2h,0.7,3.5,0.25,9.3032,4.3224,4.8168,56,128,59
2h,0.625,2.5,0.25,8.1965,4.316,4.6292,58,131,61
2h,0.65,2.0,0.25,8.4014,4.3073,4.6615,57,130,61
2h,0.6,4.5,0.25,8.7792,4.3002,4.687,58,133,62
2h,0.7,3.0,0.75,10.5704,4.2992,5.8555,56,128,59
2h,0.65,4.0,0.5,9.1129,4.2962,6.2231,57,130,61
2h,0.7,2.0,0.25,7.8965,4.2924,4.3111,56,128,59
2h,0.65,2.5,0.25,9.0368,4.2858,4.8161,57,130,61
2h,0.6,4.5,0.5,8.4359,4.2735,6.0787,58,133,62
2h,0.675,2.0,0.25,8.3094,4.2693,4.9329,57,129,61
2h,0.6,4.0,0.25,8.3591,4.2643,4.6227,58,133,62
2h,0.6,3.5,0.25,8.3591,4.2635,4.9956,58,133,62
2h,0.675,3.5,0.25,9.415,4.2619,5.1942,57,129,61
2h,0.55,1.5,0.25,6.8821,4.2536,4.4305,58,133,64
2h,0.675,3.0,0.5,10.0092,4.247,6.2016,57,129,61
2h,0.525,1.5,0.25,6.5677,4.2398,4.2117,58,133,64
2h,0.575,5.0,0.25,8.6926,4.2363,4.9966,58,133,63
2h,0.625,3.0,0.25,8.4891,4.2358,4.7241,58,131,61
2h,0.675,4.5,0.5,9.2333,4.2311,6.4454,57,129,61
2h,0.7,1.5,0.25,7.4006,4.2287,3.9465,56,128,59
2h,0.7,3.5,0.5,10.2478,4.2282,5.9511,56,128,59
2h,0.625,4.0,0.5,8.1815,4.2196,6.3389,58,131,61
2h,0.55,2.0,0.25,7.5764,4.2158,4.5527,58,133,64
2h,0.675,2.5,0.25,8.5938,4.2142,5.0763,57,129,61
2h,0.675,3.5,0.5,10.3443,4.2121,6.3834,57,129,61
2h,0.625,3.5,0.5,9.4306,4.2033,5.9694,58,131,61
2h,0.65,3.0,0.25,9.5146,4.2003,4.908,57,130,61
2h,0.7,2.5,0.5,9.0554,4.2003,5.3159,56,128,59
2h,0.675,4.0,0.5,9.1829,4.1985,6.6558,57,129,61
2h,0.525,4.5,0.25,8.1684,4.1746,4.721,58,133,64
2h,0.625,3.0,0.5,9.3045,4.171,5.7622,58,131,61
2h,0.7,4.5,0.75,9.9913,4.1689,6.5965,56,128,59
2h,0.65,1.5,0.25,8.0035,4.1631,4.3124,57,130,61
2h,0.525,2.0,0.5,8.5858,4.1612,5.2268,58,133,64
2h,0.55,5.0,0.25,8.5369,4.1601,4.8657,58,133,64
2h,0.7,3.0,1.0,10.8682,4.1568,5.9333,56,128,59
2h,0.575,4.5,0.25,8.6244,4.1502,4.8394,58,133,63
2h,0.625,2.0,0.25,7.3872,4.1454,4.5369,58,131,61
2h,0.675,1.5,0.25,7.6105,4.1417,4.495,57,129,61
2h,0.625,1.5,0.25,7.086,4.1304,4.1506,58,131,61
2h,0.625,2.5,0.5,9.1392,4.1234,5.4541,58,131,61
2h,0.7,4.0,0.75,10.9152,4.1184,6.6148,56,128,59
2h,0.65,2.5,0.5,9.8677,4.1163,5.6897,57,130,61
2h,0.6,4.0,0.5,8.0308,4.1139,6.0309,58,133,62
2h,0.675,3.0,0.75,10.477,4.1079,6.4461,57,129,61
2h,0.65,2.0,0.5,9.0197,4.1056,5.4385,57,130,61
2h,0.7,3.0,1.5,11.3006,4.1028,6.0816,56,128,59
2h,0.55,4.5,0.25,8.4686,4.0993,4.7093,58,133,64
2h,0.5,5.0,0.25,7.9121,4.0986,4.6861,58,135,64
2h,0.575,3.5,0.25,8.2004,4.0984,5.2137,58,133,63
2h,0.65,3.0,0.5,10.211,4.0981,5.8977,57,130,61
2h,0.7,3.5,0.75,10.7689,4.0964,6.2082,56,128,59
2h,0.65,4.0,0.75,9.889,4.0837,6.641,57,130,61
2h,0.7,3.0,2.0,11.621,4.0828,6.1829,56,128,59
2h,0.65,3.5,0.5,10.2241,4.0717,6.1931,57,130,61
2h,0.675,2.0,0.5,9.1026,4.0706,5.703,57,129,61
2h,0.65,5.0,0.75,9.2355,4.0694,6.7345,57,130,61
2h,0.625,5.0,0.75,8.2183,4.0659,6.7214,58,131,61
2h,0.7,2.5,0.75,9.5005,4.0581,5.5778,56,128,59
2h,0.6,2.5,0.25,8.1571,4.0576,4.857,58,133,62
2h,0.525,3.5,0.25,7.7365,4.0572,4.4792,58,133,64
2h,0.575,4.0,0.25,8.319,4.0289,4.717,58,133,63
2h,0.7,5.0,0.75,9.3254,4.0212,6.5224,56,128,59
2h,0.675,2.5,0.5,9.3438,4.014,6.0295,57,129,61
2h,0.525,4.0,0.25,8.1684,4.0135,4.5887,58,133,64
2h,0.6,3.5,0.5,8.0123,4.0125,6.1703,58,133,62
2h,0.675,4.5,0.75,9.7062,4.012,6.8824,57,129,61
2h,0.7,2.0,0.5,8.6028,4.0063,4.7545,56,128,59
2h,0.7,4.5,1.0,10.3748,4.0052,6.8343,56,128,59
2h,0.55,4.5,0.5,8.1091,4.0006,6.1293,58,133,64
2h,0.55,2.0,0.5,8.4775,3.9995,5.3458,58,133,64
2h,0.525,5.0,0.5,6.9217,3.999,6.3472,58,133,64
2h,0.625,4.0,0.75,8.6486,3.999,6.7844,58,131,61
2h,0.55,3.5,0.25,8.0406,3.9982,5.1289,58,133,64
2h,0.55,1.5,0.5,7.5611,3.9977,5.1464,58,133,64
2h,0.625,2.0,0.5,8.0593,3.9947,5.3141,58,131,61
2h,0.65,5.0,1.0,9.7867,3.9859,7.1204,57,130,61
2h,0.675,5.0,0.75,9.3336,3.9853,7.1804,57,129,61
2h,0.525,2.0,0.75,8.8959,3.9839,5.4277,58,133,64
2h,0.625,4.5,0.75,8.2951,3.9733,6.4907,58,131,61
2h,0.65,3.0,0.75,10.6626,3.9697,6.1625,57,130,61
2h,0.525,1.5,0.5,7.4723,3.9647,4.9655,58,133,64
2h,0.65,2.5,0.75,10.2662,3.9589,5.9416,57,130,61
2h,0.675,3.0,1.0,10.6728,3.9584,6.5507,57,129,61
2h,0.625,5.0,1.0,8.7124,3.9516,7.1105,58,131,61
2h,0.675,3.5,0.75,10.983,3.95,6.6878,57,129,61
2h,0.7,3.5,1.0,10.9795,3.9485,6.2974,56,128,59
2h,0.7,1.5,0.5,7.546,3.9483,4.44,56,128,59
2h,0.675,4.0,0.75,9.9866,3.9478,7.0456,57,129,61
2h,0.575,4.5,0.5,8.2744,3.947,6.3199,58,133,63
2h,0.625,3.5,0.75,10.1549,3.947,6.375,58,131,61
2h,0.625,2.5,0.75,9.5114,3.9446,5.6771,58,131,61
2h,0.7,2.0,0.75,8.9828,3.9385,4.9987,56,128,59
2h,0.65,2.0,0.75,9.4031,3.9358,5.772,57,130,61
2h,0.7,4.0,1.0,11.2551,3.9351,6.8446,56,128,59
2h,0.475,1.5,0.25,6.6093,3.9328,3.9059,58,137,64
2h,0.6,4.0,0.75,7.7273,3.9326,6.5802,58,133,62
2h,0.65,4.0,1.0,10.2388,3.9291,6.8532,57,130,61
2h,0.55,4.0,0.25,8.4686,3.9276,4.6421,58,133,64
2h,0.6,2.5,0.5,8.7188,3.9217,5.8381,58,133,62
2h,0.6,5.0,0.75,8.0491,3.9189,6.9593,58,133,62
2h,0.7,5.0,1.0,9.6778,3.9162,6.7929,56,128,59
2h,0.7,2.0,1.0,9.2582,3.9147,5.1553,56,128,59
2h,0.625,3.0,0.75,9.9298,3.9111,6.0078,58,131,61
2h,0.525,4.0,0.5,8.0211,3.9108,6.1624,58,133,64
2h,0.7,2.5,1.0,9.8129,3.9049,5.7396,56,128,59
2h,0.5,1.5,0.25,6.3241,3.903,3.9351,58,135,64
2h,0.675,2.0,0.75,9.5131,3.9028,6.001,57,129,61
2h,0.7,2.0,1.5,9.3232,3.9009,5.3511,56,128,59
2h,0.7,2.0,2.0,9.3577,3.8998,5.4727,56,128,59
2h,0.675,3.0,1.5,10.9875,3.8975,6.7278,57,129,61
2h,0.675,5.0,1.0,9.905,3.8911,7.6342,57,129,61
2h,0.6,3.0,0.25,8.3301,3.8907,4.857,58,133,62
2h,0.5,5.0,0.5,6.6394,3.8899,6.4277,58,135,64
2h,0.7,1.5,0.75,7.7167,3.8889,4.69,56,128,59
2h,0.7,3.5,1.5,11.3076,3.8881,6.4499,56,128,59
2h,0.6,1.5,0.25,6.9113,3.8848,4.5458,58,133,62
2h,0.45,1.5,0.25,5.3449,3.8842,4.2347,59,137,65
2h,0.65,2.0,1.0,9.6815,3.8805,5.9809,57,130,61
2h,0.6,3.0,0.5,9.1525,3.8742,5.9909,58,133,62
2h,0.675,3.0,2.0,11.2421,3.8734,6.8461,57,129,61
2h,0.6,2.0,0.25,7.2202,3.8715,4.6646,58,133,62
2h,0.7,1.5,1.0,7.8376,3.8697,4.8491,56,128,59
2h,0.7,3.5,2.0,11.5698,3.8643,6.5508,56,128,59
2h,0.7,1.5,2.0,8.0984,3.863,5.1698,56,128,59
2h,0.625,4.5,1.0,8.8665,3.8627,6.8664,58,131,61
2h,0.575,4.0,0.5,7.9026,3.8624,5.9733,58,133,63
2h,0.575,2.5,0.25,8.1579,3.8621,4.8074,58,133,63
2h,0.7,1.5,1.5,7.9968,3.8611,5.0473,56,128,59
2h,0.675,2.5,0.75,9.7182,3.8585,6.3009,57,129,61
2h,0.525,3.0,0.25,7.7365,3.8568,4.7988,58,133,64
2h,0.65,4.5,0.75,9.2396,3.8543,6.553,57,130,61
2h,0.55,2.5,0.25,8.0974,3.8476,4.7779,58,133,64
2h,0.675,2.0,1.0,9.805,3.846,6.1849,57,129,61
2h,0.65,1.5,0.5,8.514,3.8437,4.8759,57,130,61
2h,0.675,4.5,1.0,10.0033,3.8425,7.175,57,129,61
2h,0.6,5.0,1.0,8.5433,3.8424,7.3728,58,133,62
2h,0.525,3.5,0.5,7.6163,3.8396,5.7803,58,133,64
2h,0.625,2.0,0.75,8.4619,3.8392,5.5345,58,131,61
2h,0.65,2.0,1.5,9.7394,3.8391,6.2398,57,130,61
2h,0.7,2.5,1.5,9.9055,3.8391,5.9395,56,128,59
2h,0.7,4.5,1.5,9.7071,3.8379,6.879,56,128,59
2h,0.7,4.0,1.5,10.5555,3.8344,6.8964,56,128,59
2h,0.625,4.0,1.0,8.9475,3.8342,7.0114,58,131,61
2h,0.65,3.5,0.75,10.8144,3.8334,6.6717,57,130,61
2h,0.65,3.0,1.0,10.8367,3.828,6.296,57,130,61
2h,0.525,2.5,0.25,7.7939,3.8274,4.6254,58,133,64
2h,0.65,2.0,2.0,9.7777,3.8234,6.3999,57,130,61
2h,0.525,2.0,1.0,9.1412,3.818,5.5429,58,133,64
2h,0.65,5.0,1.5,9.4082,3.8176,7.6078,57,130,61
2h,0.7,2.5,2.0,9.939,3.8126,6.0631,56,128,59
2h,0.575,3.5,0.5,7.8501,3.8107,6.4762,58,133,63
2h,0.6,3.5,0.75,8.793,3.8098,6.6074,58,133,62
2h,0.55,2.5,0.5,9.0231,3.8094,5.679,58,133,64
2h,0.625,1.5,0.5,7.6042,3.8046,4.6903,58,131,61
2h,0.675,2.0,1.5,9.8857,3.8028,6.4117,57,129,61
2h,0.65,2.5,1.0,10.5516,3.8015,6.0593,57,130,61
2h,0.55,2.0,0.75,8.8763,3.7982,5.5437,58,133,64
2h,0.55,4.0,0.5,8.1091,3.7962,6.01,58,133,64
2h,0.6,4.0,1.0,8.0726,3.792,6.8762,58,133,62
2h,0.7,4.0,2.0,10.6924,3.787,6.947,56,128,59
2h,0.675,2.0,2.0,9.9334,3.7863,6.5519,57,129,61
2h,0.65,1.5,0.75,8.8507,3.7844,5.1545,57,130,61
2h,0.55,1.5,0.75,7.9445,3.7841,5.4664,58,133,64
2h,0.55,3.5,0.5,7.7043,3.7801,6.2863,58,133,64
2h,0.525,1.5,0.75,7.8244,3.7795,5.1474,58,133,64
2h,0.625,2.5,1.0,9.7849,3.7784,5.7847,58,131,61
2h,0.575,3.0,0.25,8.1632,3.7776,4.8921,58,133,63
2h,0.675,1.5,0.5,8.0631,3.7775,5.0884,57,129,61
2h,0.65,3.0,1.5,11.1248,3.7764,6.5047,57,130,61
2h,0.65,4.0,1.5,9.5202,3.767,7.0405,57,130,61
2h,0.525,4.5,0.5,8.0211,3.7665,6.197,58,133,64
2h,0.65,1.5,1.0,9.1021,3.7658,5.3306,57,130,61
2h,0.675,3.5,1.0,11.313,3.7641,6.8246,57,129,61
2h,0.6,2.0,0.5,7.8947,3.7619,5.5126,58,133,62
2h,0.6,2.5,0.75,9.0433,3.7614,6.0921,58,133,62
2h,0.625,3.5,1.0,10.4695,3.7608,6.5837,58,131,61
2h,0.65,1.5,2.0,9.1475,3.7599,5.6852,57,130,61
2h,0.675,4.0,1.0,10.3523,3.7591,7.2999,57,129,61
2h,0.65,1.5,1.5,9.1283,3.758,5.5496,57,130,61
2h,0.65,3.0,2.0,11.3634,3.7573,6.6401,57,130,61
2h,0.625,5.0,1.5,8.3051,3.755,7.6133,58,131,61
2h,0.575,5.0,0.5,8.2981,3.7543,6.4894,58,133,63
2h,0.5,4.5,0.25,8.008,3.7489,4.497,58,135,64
2h,0.625,4.5,1.5,8.5117,3.7474,7.3401,58,131,61
2h,0.65,4.5,1.0,9.5567,3.746,6.8288,57,130,61
2h,0.7,4.5,2.0,9.8621,3.7445,6.9158,56,128,59
2h,0.6,4.5,0.75,8.1289,3.7441,6.7296,58,133,62
2h,0.525,2.0,1.5,9.5179,3.7438,5.7291,58,133,64
2h,0.575,1.5,0.25,7.0518,3.7378,4.6161,58,133,63
2h,0.525,2.5,0.5,8.948,3.7362,5.485,58,133,64
2h,0.7,5.0,1.5,8.9683,3.7331,6.9327,56,128,59
2h,0.65,2.5,1.5,10.9689,3.7327,6.2556,57,130,61
2h,0.625,3.0,1.0,10.256,3.7324,6.1304,58,131,61
2h,0.625,1.5,0.75,7.9471,3.732,4.9594,58,131,61
2h,0.575,2.0,0.25,7.4487,3.7223,4.7359,58,133,63
2h,0.525,1.5,1.0,8.0914,3.722,5.2634,58,133,64
2h,0.675,5.0,1.5,9.5675,3.7184,8.02,57,129,61
2h,0.475,1.5,0.5,7.7036,3.716,4.6995,58,137,64
2h,0.55,1.5,1.0,8.2251,3.7113,5.6713,58,133,64
2h,0.65,5.0,2.0,9.7639,3.7113,7.9118,57,130,61
2h,0.525,2.0,2.0,9.8067,3.711,5.8534,58,133,64
2h,0.6,5.0,1.5,8.1169,3.7096,7.9055,58,133,62
2h,0.625,1.5,1.0,8.2042,3.7071,5.1301,58,131,61
2h,0.675,1.5,0.75,8.2583,3.7048,5.3788,57,129,61
2h,0.65,2.5,2.0,11.2796,3.7041,6.3866,57,130,61
2h,0.625,2.5,1.5,10.1906,3.7012,5.9687,58,131,61
2h,0.675,2.5,1.0,9.9905,3.7004,6.4158,57,129,61
2h,0.625,1.5,1.5,8.2358,3.6926,5.3426,58,131,61
2h,0.55,3.0,0.25,8.0406,3.691,4.9087,58,133,64
2h,0.625,1.5,2.0,8.2629,3.691,5.4745,58,131,61
2h,0.575,2.5,0.5,9.05,3.6868,5.6763,58,133,63
2h,0.625,2.0,1.0,8.7528,3.6857,5.6412,58,131,61
2h,0.55,5.0,0.5,8.1329,3.6808,6.2971,58,133,64
2h,0.65,4.0,2.0,9.6638,3.6807,7.1449,57,130,61
2h,0.675,1.5,1.0,8.384,3.6792,5.5619,57,129,61
2h,0.525,1.5,1.5,8.4898,3.6755,5.4562,58,133,64
2h,0.6,3.0,0.75,9.7703,3.6705,6.4008,58,133,62
2h,0.5,1.5,0.5,7.2169,3.6702,4.696,58,135,64
2h,0.675,3.5,1.5,10.6044,3.6699,7.0308,57,129,61
2h,0.625,2.5,2.0,10.495,3.6679,6.0925,58,131,61
2h,0.6,1.5,0.5,7.4336,3.6676,5.3782,58,133,62
2h,0.675,4.5,1.5,9.26,3.6671,7.3354,57,129,61
2h,0.6,3.5,1.0,9.1456,3.6665,6.8515,58,133,62
2h,0.5,3.5,0.25,7.5034,3.664,4.2165,58,135,64
2h,0.675,1.5,1.5,8.545,3.6636,5.7888,57,129,61
2h,0.675,1.5,2.0,8.6467,3.6614,5.9292,57,129,61
2h,0.625,4.0,1.5,8.1956,3.6608,7.2734,58,131,61
2h,0.625,3.5,1.5,9.7122,3.6593,6.7643,58,131,61
2h,0.525,1.5,2.0,8.7897,3.6561,5.586,58,133,64
2h,0.65,3.5,1.0,11.1178,3.6555,6.8898,57,130,61
2h,0.625,4.5,2.0,8.8768,3.6547,7.6156,58,131,61
2h,0.675,4.0,1.5,9.6671,3.653,7.3765,57,129,61
2h,0.6,4.5,1.0,8.6995,3.6493,7.1302,58,133,62
2h,0.45,1.5,0.5,6.5211,3.649,5.0309,59,137,65
2h,0.55,1.5,1.5,8.2588,3.6483,5.9282,58,133,64
2h,0.625,3.0,1.5,9.5311,3.6474,6.325,58,131,61
2h,0.6,4.0,1.5,7.3326,3.644,7.2162,58,133,62
2h,0.625,5.0,2.0,8.6458,3.6368,7.9779,58,131,61
2h,0.65,4.5,1.5,8.7934,3.6345,7.1453,57,130,61
2h,0.6,5.0,2.0,8.4509,3.6323,8.2882,58,133,62
2h,0.675,2.5,1.5,10.3908,3.63,6.6035,57,129,61
2h,0.675,3.5,2.0,10.74,3.6284,7.1624,57,129,61
2h,0.625,2.0,1.5,9.176,3.6227,5.8251,58,131,61
2h,0.6,2.0,0.75,8.2906,3.6213,5.766,58,133,62
2h,0.55,2.0,1.0,9.1653,3.6206,5.6614,58,133,64
2h,0.55,1.5,2.0,8.2987,3.6198,6.0888,58,133,64
2h,0.7,5.0,2.0,9.1003,3.615,7.0238,56,128,59
2h,0.625,3.5,2.0,9.8368,3.6113,6.8649,58,131,61
2h,0.625,3.0,2.0,9.676,3.6109,6.4517,58,131,61
2h,0.6,1.5,0.75,7.7709,3.6098,5.746,58,133,62
2h,0.675,5.0,2.0,9.9421,3.6084,8.2645,57,129,61
2h,0.6,2.5,1.0,9.2923,3.6078,6.2228,58,133,62
2h,0.675,4.0,2.0,9.8161,3.6023,7.4426,57,129,61
2h,0.675,2.5,2.0,10.6905,3.6007,6.7277,57,129,61
2h,0.625,2.0,2.0,9.4894,3.5974,5.949,58,131,61
2h,0.6,1.5,1.0,8.025,3.5918,5.9785,58,133,62
2h,0.5,4.0,0.25,7.9395,3.5882,4.337,58,135,64
2h,0.6,1.5,2.0,8.0689,3.5877,6.4478,58,133,62
2h,0.6,1.5,1.5,8.045,3.585,6.2679,58,133,62
2h,0.55,3.5,0.75,8.1582,3.5845,6.6627,58,133,64
2h,0.575,3.5,0.75,8.6331,3.5832,6.9041,58,133,63
2h,0.575,1.5,0.5,7.7286,3.5764,5.3834,58,133,63
2h,0.575,2.0,0.5,8.1799,3.5746,5.5794,58,133,63
2h,0.675,4.5,2.0,9.3812,3.5714,7.4389,57,129,61
2h,0.6,4.0,2.0,7.4835,3.5708,7.4051,58,133,62
2h,0.625,4.0,2.0,8.3306,3.5708,7.4175,58,131,61
2h,0.65,3.5,1.5,10.3624,3.5623,7.0998,57,130,61
2h,0.55,2.5,0.75,9.6573,3.5583,5.8797,58,133,64
2h,0.525,3.5,0.75,7.2822,3.5572,6.1899,58,133,64
2h,0.6,2.5,1.5,9.6713,3.545,6.4318,58,133,62
2h,0.475,1.5,0.75,8.0403,3.5426,4.839,58,137,64
2h,0.5,3.5,0.5,7.3509,3.5421,5.5261,58,135,64
2h,0.65,4.5,2.0,8.912,3.5412,7.3206,57,130,61
2h,0.525,3.0,0.5,7.5973,3.5398,5.8737,58,133,64
2h,0.55,2.0,1.5,9.5885,3.5322,5.8564,58,133,64
2h,0.6,2.5,2.0,9.9604,3.5197,6.5704,58,133,62
2h,0.65,3.5,2.0,10.4846,3.5188,7.2257,57,130,61
2h,0.6,3.0,1.0,10.0919,3.5169,6.5899,58,133,62
2h,0.6,3.5,1.5,8.4199,3.5147,7.1287,58,133,62
2h,0.5,4.0,0.5,7.7555,3.5136,5.8866,58,135,64
2h,0.575,2.5,0.75,9.5434,3.5033,5.9044,58,133,63
2h,0.5,3.0,0.25,7.5034,3.5028,4.823,58,135,64
2h,0.5,1.5,0.75,7.5486,3.4938,4.8568,58,135,64
2h,0.575,3.0,0.5,8.9467,3.4922,5.9756,58,133,63
2h,0.55,2.0,2.0,9.903,3.4916,5.9875,58,133,64
2h,0.475,5.0,0.25,7.915,3.4882,4.6115,58,137,64
2h,0.525,2.5,0.75,9.5497,3.4822,5.656,58,133,64
2h,0.6,2.0,1.0,8.5779,3.4786,5.9023,58,133,62
2h,0.45,1.5,0.75,6.8817,3.4725,5.1515,59,137,65
2h,0.6,4.5,1.5,8.3251,3.4725,7.6562,58,133,62
2h,0.6,3.0,1.5,9.3447,3.4523,6.8308,58,133,62
2h,0.55,4.5,0.75,7.7006,3.4418,6.7566,58,133,64
2h,0.6,3.5,2.0,8.5781,3.4393,7.2798,58,133,62
2h,0.55,3.5,1.0,8.4416,3.4364,6.8764,58,133,64
2h,0.6,2.0,1.5,8.9972,3.428,6.1225,58,133,62
2h,0.575,3.5,1.0,8.9798,3.4264,7.1403,58,133,63
2h,0.6,3.0,2.0,9.4899,3.4253,6.9816,58,133,62
2h,0.525,5.0,0.75,6.3613,3.4204,6.8917,58,133,64
2h,0.4,5.0,0.25,3.6165,3.4167,5.4958,61,138,65
2h,0.6,2.0,2.0,9.3084,3.4098,6.2693,58,133,62
2h,0.575,2.0,0.75,8.5274,3.4026,5.8074,58,133,63
2h,0.575,1.5,0.75,8.1182,3.3992,5.7254,58,133,63
2h,0.55,3.0,0.5,8.9601,3.3918,5.882,58,133,64
2h,0.45,5.0,0.25,6.6253,3.3907,4.6013,59,137,65
2h,0.525,3.5,1.0,7.6917,3.3903,6.4849,58,133,64
2h,0.475,1.5,1.0,8.2977,3.3821,4.9447,58,137,64
2h,0.425,5.0,0.25,4.8502,3.3816,5.3074,61,137,65
2h,0.55,2.5,1.0,9.986,3.3807,6.0025,58,133,64
2h,0.575,4.0,0.75,7.587,3.376,6.5057,58,133,63
2h,0.6,4.5,2.0,8.6833,3.3677,8.039,58,133,62
2h,0.575,4.5,0.75,7.872,3.366,6.9951,58,133,63
2h,0.4,5.0,0.5,3.801,3.3579,6.5075,61,138,65
2h,0.55,4.5,1.0,8.2049,3.3574,7.1448,58,133,64
2h,0.575,1.5,1.0,8.402,3.3464,5.9432,58,133,63
2h,0.5,4.5,0.5,7.7792,3.3431,6.0564,58,135,64
2h,0.5,2.0,0.25,7.2938,3.3421,4.1332,58,135,64
2h,0.4,1.5,0.25,4.0771,3.3407,4.5928,61,138,65
2h,0.575,2.5,1.0,9.7431,3.337,6.0413,58,133,63
2h,0.525,5.0,1.0,6.7802,3.3344,7.3288,58,133,64
2h,0.4,4.5,0.25,4.6004,3.3318,5.3996,61,138,65
2h,0.5,2.5,0.25,7.4596,3.3317,4.4449,58,135,64
2h,0.5,1.5,1.0,7.8037,3.3301,4.9673,58,135,64
2h,0.5,5.0,0.75,6.076,3.3299,7.061,58,135,64
2h,0.475,5.0,0.5,7.8515,3.3294,6.3333,58,137,64
2h,0.525,2.5,1.0,9.8637,3.3126,5.7684,58,133,64
2h,0.475,1.5,1.5,8.6856,3.3109,5.1224,58,137,64
2h,0.45,1.5,1.0,7.1525,3.3104,5.2538,59,137,65
2h,0.575,1.5,1.5,8.448,3.3069,6.2155,58,133,63
2h,0.55,2.5,1.5,9.2119,3.2978,6.198,58,133,64
2h,0.575,1.5,2.0,8.4913,3.2923,6.3852,58,133,63
2h,0.45,4.5,0.25,6.6253,3.2903,4.6736,59,137,65
2h,0.525,3.0,0.75,8.3647,3.2859,6.1565,58,133,64
2h,0.475,1.5,2.0,8.9797,3.2792,5.2427,58,137,64
2h,0.425,4.5,0.25,4.8128,3.2762,5.5282,61,137,65
2h,0.55,3.5,1.5,7.6235,3.2749,7.1237,58,133,64
2h,0.575,4.5,1.0,8.3759,3.2699,7.4072,58,133,63
2h,0.575,4.0,1.0,8.0041,3.2688,6.8461,58,133,63
2h,0.55,2.5,2.0,9.3686,3.2615,6.3269,58,133,64
2h,0.575,2.5,1.5,10.0642,3.2608,6.2555,58,133,63
2h,0.5,1.5,1.5,8.1885,3.2574,5.1519,58,135,64
2h,0.575,3.5,1.5,8.2313,3.2564,7.4151,58,133,63
2h,0.4,4.5,0.5,4.7063,3.2447,6.3737,61,138,65
2h,0.575,2.0,1.0,8.7865,3.2427,5.9354,58,133,63
2h,0.525,2.5,1.5,9.0571,3.241,5.9509,58,133,64
2h,0.525,4.0,0.75,7.6786,3.2403,6.7352,58,133,64
2h,0.575,3.0,0.75,9.5373,3.2399,6.4202,58,133,63
2h,0.425,5.0,0.5,4.956,3.2392,6.2104,61,137,65
2h,0.425,1.5,0.25,4.0818,3.238,4.7395,61,137,65
2h,0.45,1.5,1.5,7.5547,3.2368,5.4257,59,137,65
2h,0.475,4.5,0.25,7.9104,3.2315,4.402,58,137,64
2h,0.575,2.5,2.0,10.3226,3.2275,6.3958,58,133,63
2h,0.5,1.5,2.0,8.4805,3.2249,5.2767,58,135,64
2h,0.45,5.0,0.5,6.6387,3.224,5.6093,59,137,65
2h,0.5,5.0,1.0,6.4889,3.223,7.5528,58,135,64
2h,0.5,2.5,0.5,8.4703,3.2174,5.4354,58,135,64
2h,0.525,3.5,1.5,7.0104,3.2166,6.8724,58,133,64
2h,0.55,4.0,0.75,7.7932,3.2118,6.5849,58,133,64
2h,0.525,2.5,2.0,9.2092,3.211,6.0723,58,133,64
2h,0.55,4.5,1.5,7.7511,3.2092,7.6428,58,133,64
2h,0.45,1.5,2.0,7.8558,3.2034,5.5427,59,137,65
2h,0.4,1.5,0.5,5.4793,3.1991,5.3747,61,138,65
2h,0.55,3.5,2.0,7.7611,3.198,7.2591,58,133,64
2h,0.5,3.0,0.5,7.344,3.1958,6.1305,58,135,64
2h,0.575,5.0,0.75,7.8788,3.1905,7.1535,58,133,63
2h,0.575,2.0,1.5,9.1746,3.1736,6.1441,58,133,63
2h,0.575,3.5,2.0,8.3901,3.1724,7.5673,58,133,63
2h,0.5,2.0,0.5,8.0607,3.1719,4.9665,58,135,64
2h,0.525,5.0,1.5,6.2103,3.1628,7.5918,58,133,64
2h,0.575,4.0,1.5,7.3669,3.1528,7.2823,58,133,63
2h,0.575,2.0,2.0,9.4683,3.1444,6.2837,58,133,63
2h,0.55,5.0,0.75,7.7074,3.1421,6.9198,58,133,64
2h,0.525,3.5,2.0,7.2328,3.1379,7.0947,58,133,64
2h,0.55,3.0,0.75,9.6831,3.1364,6.2425,58,133,64
2h,0.525,4.5,0.75,7.5829,3.1288,6.7064,58,133,64
2h,0.55,4.5,2.0,8.0784,3.1267,8.002,58,133,64
2h,0.525,3.0,1.0,8.6895,3.1254,6.3478,58,133,64
2h,0.575,4.5,1.5,7.941,3.1142,7.9344,58,133,63
2h,0.575,5.0,1.0,8.3733,3.1041,7.5921,58,133,63
2h,0.475,4.0,0.25,7.9438,3.1001,4.2028,58,137,64
2h,0.525,4.0,1.0,8.2375,3.0968,7.1134,58,133,64
2h,0.4,4.0,0.25,4.535,3.0947,5.2239,61,138,65
2h,0.4,1.5,0.75,5.8425,3.0906,5.5004,61,138,65
2h,0.55,4.0,1.0,8.3629,3.088,6.9468,58,133,64
2h,0.55,5.0,1.0,8.2023,3.0808,7.3658,58,133,64
2h,0.525,5.0,2.0,6.4751,3.067,7.8328,58,133,64
2h,0.575,4.0,2.0,7.5881,3.0644,7.5355,58,133,63
2h,0.575,3.0,1.0,9.8429,3.0614,6.654,58,133,63
2h,0.575,4.5,2.0,8.2747,3.0264,8.3121,58,133,63
2h,0.5,5.0,1.5,5.8918,3.0254,7.8556,58,135,64
2h,0.425,1.5,0.5,5.4237,3.0169,5.5304,61,137,65
2h,0.525,4.5,1.0,8.0773,3.0106,7.08,58,133,64
2h,0.5,2.0,0.75,8.3137,3.0078,5.1856,58,135,64
2h,0.4,1.5,2.0,6.8276,2.9912,5.8621,61,138,65
2h,0.45,4.5,0.5,6.6387,2.983,5.5705,59,137,65
2h,0.4,1.5,1.0,6.1173,2.9806,5.6023,61,138,65
2h,0.4,1.5,1.5,6.5245,2.9776,5.759,61,138,65
2h,0.45,4.0,0.25,6.6551,2.9727,4.5173,59,137,65
2h,0.575,3.0,1.5,9.0601,2.9699,6.8737,58,133,63
2h,0.425,4.5,0.5,4.9205,2.9686,6.5268,61,137,65
2h,0.575,5.0,1.5,7.9278,2.9645,8.1214,58,133,63
2h,0.55,5.0,1.5,7.7378,2.957,7.6398,58,133,64
2h,0.425,4.0,0.25,4.8429,2.9557,5.1979,61,137,65
2h,0.475,3.5,0.25,7.6305,2.9551,4.0807,58,137,64
2h,0.525,3.0,1.5,7.8854,2.9549,6.5687,58,133,64
2h,0.55,3.0,1.0,9.9793,2.9546,6.4467,58,133,64
2h,0.525,4.0,1.5,7.794,2.9506,7.6083,58,133,64
2h,0.55,4.0,1.5,7.9493,2.9492,7.4255,58,133,64
2h,0.5,2.5,0.75,9.0006,2.9424,5.7978,58,135,64
2h,0.575,3.0,2.0,9.1983,2.9271,7.0032,58,133,63
2h,0.5,5.0,2.0,6.1456,2.9172,8.1202,58,135,64
2h,0.475,3.0,0.25,7.645,2.9125,4.63,58,137,64
2h,0.45,3.0,0.25,6.3609,2.9073,4.8964,59,137,65
2h,0.4,3.5,0.25,4.5168,2.8943,5.0131,61,138,65
2h,0.475,3.5,0.5,8.5842,2.8927,5.5832,58,137,64
2h,0.4,3.0,0.25,4.3305,2.8915,4.8293,61,138,65
2h,0.575,5.0,2.0,8.2553,2.8896,8.4978,58,133,63
2h,0.475,4.5,0.5,8.829,2.8895,5.9782,58,137,64
2h,0.55,5.0,2.0,8.059,2.8893,7.8895,58,133,64
2h,0.4,5.0,0.75,3.3905,2.8823,6.9535,61,138,65
2h,0.4,5.0,1.0,3.806,2.8796,7.4308,61,138,65
2h,0.4,5.0,1.5,3.14,2.8778,7.8123,61,138,65
2h,0.525,3.0,2.0,8.0403,2.877,6.6868,58,133,64
2h,0.5,3.0,0.75,8.1016,2.8666,6.4193,58,135,64
2h,0.4,4.0,0.5,4.6839,2.8638,6.0286,61,138,65
2h,0.4,5.0,2.0,3.3381,2.863,8.0782,61,138,65
2h,0.55,3.0,1.5,9.1524,2.86,6.6229,58,133,64
2h,0.425,1.5,0.75,5.8383,2.8556,5.6161,61,137,65
2h,0.4,3.0,0.5,5.4482,2.8539,5.6058,61,138,65
2h,0.525,4.0,2.0,8.1269,2.8524,7.9678,58,133,64
2h,0.5,2.0,1.0,8.528,2.8516,5.3227,58,135,64
2h,0.45,3.5,0.25,6.3459,2.8505,4.4675,59,137,65
2h,0.55,4.0,2.0,8.294,2.8498,7.7781,58,133,64
2h,0.5,4.0,0.75,7.3095,2.8489,6.4189,58,135,64
2h,0.425,3.5,0.25,4.5428,2.8454,5.1473,61,137,65
2h,0.5,3.5,0.75,7.0112,2.8393,5.9189,58,135,64
2h,0.425,3.0,0.25,4.5428,2.8328,5.5768,61,137,65
2h,0.525,4.5,1.5,7.5943,2.8223,7.5404,58,133,64
2h,0.475,5.0,0.75,7.2635,2.8149,6.9435,58,137,64
2h,0.55,3.0,2.0,9.2779,2.8149,6.7247,58,133,64
2h,0.475,2.5,0.25,7.645,2.8096,4.3955,58,137,64
2h,0.35,5.0,0.5,3.7824,2.7947,6.9372,62,141,65
2h,0.425,3.5,0.5,5.6473,2.7878,5.9915,61,137,65
2h,0.5,2.0,1.5,8.8701,2.7878,5.5274,58,135,64
2h,0.4,4.5,1.0,4.6783,2.7851,7.2061,61,138,65
2h,0.4,4.5,0.75,4.2599,2.7832,6.8097,61,138,65
2h,0.45,3.5,0.5,7.3745,2.7801,5.378,59,137,65
2h,0.325,5.0,0.5,3.3866,2.779,6.7871,63,141,65
2h,0.375,5.0,0.5,3.6681,2.7779,6.5682,61,139,65
2h,0.475,5.0,1.0,7.6469,2.7645,7.4273,58,137,64
2h,0.5,2.5,1.0,9.2745,2.764,6.0033,58,135,64
2h,0.5,2.0,2.0,9.1389,2.7606,5.6599,58,135,64
2h,0.375,5.0,0.25,3.4551,2.7374,5.3746,61,139,65
2h,0.4,4.5,1.5,4.0568,2.7367,7.3598,61,138,65
2h,0.45,3.0,0.5,7.4394,2.7258,6.2699,59,137,65
2h,0.525,4.5,2.0,7.91,2.7246,7.8774,58,133,64
2h,0.475,3.0,0.5,8.6491,2.719,5.9014,58,137,64
2h,0.4,4.5,2.0,4.2828,2.7106,7.5589,61,138,65
2h,0.5,4.0,1.0,7.7958,2.708,6.7757,58,135,64
2h,0.425,5.0,0.75,4.5227,2.707,6.5958,61,137,65
2h,0.5,4.5,0.75,7.3163,2.7053,6.5852,58,135,64
2h,0.45,5.0,0.75,6.1086,2.7046,6.1405,59,137,65
2h,0.425,1.5,1.0,6.1394,2.7036,5.6942,61,137,65
2h,0.4,2.5,0.25,4.3467,2.7023,5.3371,61,138,65
2h,0.425,3.0,0.5,5.6473,2.6912,6.1003,61,137,65
2h,0.475,2.0,0.25,7.374,2.6864,3.9899,58,137,64
2h,0.5,3.0,1.0,8.4121,2.685,6.6088,58,135,64
2h,0.375,4.5,0.25,5.1681,2.6811,4.9905,61,139,65
2h,0.5,2.5,1.5,8.405,2.6809,6.1718,58,135,64
2h,0.45,2.0,0.25,6.2691,2.6773,4.3133,59,137,65
2h,0.5,3.5,1.0,7.4104,2.6669,6.2082,58,135,64
2h,0.475,4.0,0.5,8.9843,2.6654,5.7592,58,137,64
2h,0.45,5.0,1.0,6.5094,2.6652,6.5812,59,137,65
2h,0.425,5.0,1.0,4.9304,2.6603,7.0156,61,137,65
2h,0.35,5.0,0.25,3.4005,2.659,5.569,62,141,65
2h,0.4,2.0,0.25,4.3911,2.6566,4.82,61,138,65
2h,0.5,2.5,2.0,8.5345,2.6439,6.2687,58,135,64
2h,0.425,1.5,1.5,6.5747,2.6425,5.8312,61,137,65
2h,0.375,5.0,2.0,3.0955,2.6403,7.9428,61,139,65
2h,0.425,2.0,0.25,4.4771,2.6358,4.965,61,137,65
2h,0.475,2.0,0.5,8.3741,2.6329,4.8578,58,137,64
2h,0.475,5.0,1.5,6.9899,2.6234,7.7096,58,137,64
2h,0.325,5.0,1.0,3.5853,2.6231,7.7962,63,141,65
2h,0.4,2.0,0.5,5.567,2.6215,5.6691,61,138,65
2h,0.45,5.0,1.5,5.8709,2.6192,6.8316,59,137,65
2h,0.425,1.5,2.0,6.8935,2.6169,5.9254,61,137,65
2h,0.45,2.0,0.5,7.6336,2.607,5.2461,59,137,65
2h,0.35,4.5,0.25,5.1371,2.6035,4.9437,62,141,65
2h,0.375,5.0,1.5,2.923,2.6028,7.6993,61,139,65
2h,0.425,5.0,1.5,4.2748,2.6008,7.3323,61,137,65
2h,0.375,1.5,0.25,4.6581,2.5999,4.4446,61,139,65
2h,0.45,5.0,2.0,6.0972,2.5998,7.04,59,137,65
2h,0.4,3.5,0.5,5.7999,2.5971,5.8337,61,138,65
2h,0.375,4.5,0.5,5.2028,2.5894,5.8664,61,139,65
2h,0.425,4.0,0.5,6.0295,2.5853,6.0724,61,137,65
2h,0.5,4.5,1.0,7.7931,2.5833,7.002,58,135,64
2h,0.35,5.0,2.0,3.4212,2.5809,8.6862,62,141,65
2h,0.45,2.5,0.25,6.3609,2.5795,4.6604,59,137,65
2h,0.45,4.0,0.5,7.7688,2.5792,5.4578,59,137,65
2h,0.325,5.0,0.25,3.0361,2.5756,5.5124,63,141,65
2h,0.425,2.5,0.25,4.5581,2.5735,5.3199,61,137,65
2h,0.5,4.0,1.5,7.2835,2.5599,7.2436,58,135,64
2h,0.3,5.0,0.5,2.7278,2.5458,7.1794,63,141,66
2h,0.475,2.5,0.5,8.6172,2.5422,5.4102,58,137,64
2h,0.425,5.0,2.0,4.4735,2.5373,7.5547,61,137,65
2h,0.35,4.0,0.25,5.0355,2.532,5.0761,62,141,65
2h,0.425,2.0,0.5,5.9198,2.5309,5.7913,61,137,65
2h,0.325,4.5,0.5,3.9109,2.5301,5.7892,63,141,65
2h,0.375,1.5,0.5,6.007,2.5256,5.2098,61,139,65
2h,0.475,5.0,2.0,7.2111,2.5236,7.9677,58,137,64
2h,0.35,5.0,1.5,3.2516,2.5213,8.3822,62,141,65
2h,0.4,2.5,0.5,5.5521,2.5144,6.6383,61,138,65
2h,0.35,1.5,0.25,4.5152,2.5128,4.3811,62,141,65
2h,0.325,4.5,0.25,3.7423,2.5115,5.037,63,141,65
2h,0.35,4.5,0.5,5.2504,2.5085,5.7838,62,141,65
2h,0.375,5.0,1.0,3.6368,2.4959,7.3682,61,139,65
2h,0.35,1.5,0.5,5.487,2.4938,5.1541,62,141,65
2h,0.5,3.0,1.5,7.5749,2.491,6.8316,58,135,64
2h,0.375,4.0,0.25,5.1026,2.4903,5.1225,61,139,65
2h,0.5,3.5,1.5,6.6986,2.4834,6.6138,58,135,64
2h,0.325,5.0,0.75,3.1208,2.4637,7.2789,63,141,65
2h,0.3,4.5,2.0,2.8993,2.4627,8.4472,63,141,66
2h,0.45,3.0,0.75,7.0841,2.4623,6.652,59,137,65
2h,0.5,4.0,2.0,7.587,2.4622,7.5864,58,135,64
2h,0.325,5.0,2.0,3.0376,2.4612,8.5094,63,141,65
2h,0.475,3.0,0.75,9.0149,2.4535,6.1584,58,137,64
2h,0.3,5.0,0.25,3.0112,2.445,5.6944,63,141,66
2h,0.325,5.0,1.5,2.877,2.4437,8.2037,63,141,65
2h,0.45,4.5,0.75,6.1086,2.4356,6.0164,59,137,65
2h,0.375,1.5,0.75,6.3252,2.4315,5.3332,61,139,65
2h,0.3,4.5,0.5,2.6281,2.4258,6.395,63,141,66
2h,0.425,4.5,0.75,4.4604,2.424,6.9612,61,137,65
2h,0.3,4.5,1.5,2.7107,2.4188,8.0312,63,141,66
2h,0.4,2.0,0.75,6.1602,2.4112,5.8738,61,138,65
2h,0.375,5.0,0.75,3.2411,2.41,6.9322,61,139,65
2h,0.35,5.0,1.0,3.9515,2.4051,7.9595,62,141,65
2h,0.3,4.5,1.0,2.3248,2.4049,7.5186,63,141,66
2h,0.5,3.0,2.0,7.7248,2.4026,6.9524,58,135,64
2h,0.475,2.0,0.75,8.6948,2.4018,5.0387,58,137,64
2h,0.5,3.5,2.0,6.9164,2.4,6.9263,58,135,64
2h,0.425,4.5,1.0,4.8745,2.3933,7.3591,61,137,65
2h,0.5,4.5,1.5,7.2702,2.3853,7.2305,58,135,64
2h,0.325,4.0,0.25,4.7249,2.3835,5.2672,63,141,65
2h,0.325,4.5,1.0,4.0195,2.3798,6.5978,63,141,65
2h,0.4,4.0,0.75,4.2536,2.3741,6.4349,61,138,65
2h,0.45,4.5,1.0,6.5094,2.3711,6.4073,59,137,65
2h,0.3,5.0,1.0,2.494,2.3707,8.3625,63,141,66
2h,0.3,4.5,0.25,2.9867,2.3638,5.2234,63,141,66
2h,0.375,1.5,2.0,7.222,2.3573,5.6806,61,139,65
2h,0.4,4.0,1.0,4.6809,2.3561,6.7873,61,138,65
2h,0.45,2.0,0.75,8.2777,2.354,5.3748,59,137,65
2h,0.475,4.5,0.75,8.3113,2.3395,6.4904,58,137,64
2h,0.375,1.5,1.5,6.9418,2.3381,5.5814,61,139,65
2h,0.4,2.5,0.75,6.2975,2.3374,6.8424,61,138,65
2h,0.375,1.5,1.0,6.5712,2.3311,5.4309,61,139,65
2h,0.35,5.0,0.75,3.5041,2.3283,7.4372,62,141,65
2h,0.425,3.0,0.75,5.3345,2.3162,6.3706,61,137,65
2h,0.45,3.0,1.0,7.4477,2.3122,6.9431,59,137,65
2h,0.45,2.5,0.5,7.4198,2.3091,5.8449,59,137,65
2h,0.35,1.5,0.75,5.7596,2.3086,5.2533,62,141,65
2h,0.475,3.0,1.0,9.2168,2.3086,6.3364,58,137,64
2h,0.325,4.5,1.5,3.2971,2.2991,6.8949,63,141,65
2h,0.35,4.0,0.5,5.1938,2.2961,5.9251,62,141,65
2h,0.425,2.5,0.5,5.7035,2.293,6.6277,61,137,65
2h,0.4,2.0,1.0,6.4711,2.2889,6.0021,61,138,65
2h,0.4,2.0,2.0,5.8055,2.2888,6.2085,61,138,65
2h,0.375,3.5,0.25,5.2009,2.2881,4.8777,61,139,65
2h,0.5,4.5,2.0,7.5676,2.2832,7.4658,58,135,64
2h,0.4,2.0,1.5,5.635,2.278,6.1309,61,138,65
2h,0.475,2.5,0.75,9.3186,2.2772,5.7541,58,137,64
2h,0.375,3.0,0.25,4.8985,2.2741,4.7575,61,139,65
2h,0.475,4.5,1.0,8.743,2.2714,6.9019,58,137,64
2h,0.425,2.0,0.75,6.5781,2.2673,5.8534,61,137,65
2h,0.325,4.5,2.0,3.4534,2.2636,7.1323,63,141,65
2h,0.325,4.5,0.75,3.5768,2.2618,6.1655,63,141,65
2h,0.4,4.0,1.5,4.0695,2.261,6.9003,61,138,65
2h,0.375,4.0,0.5,5.1804,2.2605,6.006,61,139,65
2h,0.425,4.5,1.5,4.2679,2.2555,7.5268,61,137,65
2h,0.475,2.0,1.0,8.9345,2.2486,5.1628,58,137,64
2h,0.475,3.5,0.75,8.1967,2.2455,6.0884,58,137,64
2h,0.4,3.0,0.75,5.147,2.2438,6.0179,61,138,65
2h,0.4,2.5,1.0,6.5717,2.2416,6.9979,61,138,65
2h,0.3,5.0,2.0,3.095,2.2359,9.3722,63,141,66
2h,0.375,3.0,0.5,5.9597,2.2322,5.4659,61,139,65
2h,0.4,4.0,2.0,4.3014,2.2254,7.0878,61,138,65
2h,0.3,4.0,0.25,4.6944,2.2232,5.4524,63,141,66
2h,0.3,4.5,0.75,2.0346,2.2197,6.9445,63,141,66
2h,0.35,3.0,0.25,4.8349,2.2175,4.7695,62,141,65
2h,0.35,1.5,2.0,6.5964,2.2157,5.5625,62,141,65
2h,0.35,3.5,0.25,5.1335,2.2124,4.8733,62,141,65
2h,0.45,4.5,1.5,5.8709,2.2106,6.588,59,137,65
2h,0.3,5.0,0.75,2.1879,2.2099,7.7538,63,141,66
2h,0.35,3.0,0.5,5.9721,2.204,5.5116,62,141,65
2h,0.35,1.5,1.5,6.336,2.1991,5.472,62,141,65
2h,0.35,1.5,1.0,5.9975,2.199,5.3374,62,141,65
2h,0.45,2.0,1.0,8.6147,2.1928,5.4811,59,137,65
2h,0.475,2.0,1.5,9.3016,2.1926,5.3526,58,137,64
2h,0.3,5.0,1.5,2.8977,2.1901,8.9247,63,141,66
2h,0.325,4.0,0.5,4.806,2.1869,6.114,63,141,65
2h,0.425,4.5,2.0,4.4978,2.18,7.7283,61,137,65
2h,0.475,2.0,2.0,9.5837,2.1716,5.4767,58,137,64
2h,0.475,3.0,1.5,8.2549,2.1522,6.5438,58,137,64
2h,0.425,3.0,1.0,5.6973,2.1493,6.6009,61,137,65
2h,0.45,3.0,1.5,6.6757,2.1479,7.3161,59,137,65
2h,0.425,3.5,0.75,5.2724,2.1427,6.4102,61,137,65
2h,0.4,2.5,1.5,5.6865,2.1389,7.1682,61,138,65
2h,0.4,3.0,1.0,5.51,2.1368,6.3111,61,138,65
2h,0.325,3.0,0.5,5.5648,2.131,5.5595,63,141,65
2h,0.45,2.0,1.5,7.8018,2.1277,5.6513,59,137,65
2h,0.45,4.5,2.0,6.0972,2.1275,6.7959,59,137,65
2h,0.45,3.5,0.75,6.9368,2.1262,5.8382,59,137,65
2h,0.475,3.5,1.0,8.4953,2.1191,6.4353,58,137,64
2h,0.4,2.5,2.0,5.8295,2.1179,7.2537,61,138,65
2h,0.475,4.5,1.5,8.1429,2.1149,7.1128,58,137,64
2h,0.475,2.5,1.0,9.5823,2.1075,5.9538,58,137,64
2h,0.325,3.0,0.25,4.4641,2.1065,4.8634,63,141,65
2h,0.375,4.5,0.75,4.7299,2.1024,6.2698,61,139,65
2h,0.425,2.0,1.0,6.9239,2.1024,5.9282,61,137,65
2h,0.45,2.0,2.0,7.9799,2.1014,5.7648,59,137,65
2h,0.475,3.0,2.0,8.3501,2.0877,6.6547,58,137,64
2h,0.375,4.5,1.0,5.1259,2.0817,6.6451,61,139,65
2h,0.45,3.0,2.0,6.8725,2.0815,7.5238,59,137,65
2h,0.45,2.5,0.75,8.1508,2.0735,6.1008,59,137,65
2h,0.325,3.5,0.25,4.7656,2.061,4.9102,63,141,65
2h,0.425,2.5,0.75,6.4569,2.0573,6.8557,61,137,65
2h,0.35,4.5,2.0,4.753,2.0512,7.2243,62,141,65
2h,0.375,2.5,0.25,4.9155,2.0467,5.132,61,139,65
2h,0.375,4.5,1.5,4.4552,2.0466,6.7869,61,139,65
2h,0.35,4.5,0.75,4.8919,2.0437,6.2003,62,141,65
2h,0.35,4.5,1.0,5.312,2.0423,6.6539,62,141,65
2h,0.35,4.5,1.5,4.5917,2.0386,6.9812,62,141,65
2h,0.475,2.5,1.5,8.6716,2.0335,6.1126,58,137,64
2h,0.475,4.5,2.0,8.3982,2.0328,7.343,58,137,64
2h,0.425,2.0,1.5,6.1436,2.0326,6.0596,61,137,65
2h,0.375,4.5,2.0,4.6557,2.027,6.9494,61,139,65
2h,0.4,3.0,1.5,4.7402,2.0257,6.6993,61,138,65
2h,0.425,3.5,1.0,5.7712,2.0224,6.7091,61,137,65
2h,0.35,2.5,0.25,4.8525,2.0192,5.0805,62,141,65
2h,0.3,4.0,0.5,4.1443,2.0133,6.5119,63,141,66
2h,0.4,3.5,0.75,5.4587,2.0123,6.2532,61,138,65
2h,0.475,4.0,0.75,8.5089,2.0088,6.2766,58,137,64
2h,0.425,2.0,2.0,6.3327,2.0036,6.1495,61,137,65
2h,0.475,2.5,2.0,8.7909,2.0019,6.2041,58,137,64
2h,0.4,3.0,2.0,4.9429,2.0,6.9926,61,138,65
2h,0.45,3.5,1.0,7.4271,2.0,6.1583,59,137,65
2h,0.425,4.0,0.75,5.6672,1.9945,6.5238,61,137,65
2h,0.475,3.5,1.5,7.6538,1.9862,6.8917,58,137,64
2h,0.3,3.5,0.25,4.6309,1.9678,5.1367,63,141,66
2h,0.425,3.0,1.5,4.9455,1.9657,6.9343,61,137,65
2h,0.4,3.5,1.0,5.9449,1.9358,6.5494,61,138,65
2h,0.45,4.0,0.75,7.3446,1.9324,5.9422,59,137,65
2h,0.45,2.5,1.0,8.4256,1.9305,6.2875,59,137,65
2h,0.375,3.5,0.5,6.3437,1.9252,5.6694,61,139,65
2h,0.375,2.0,0.25,5.0133,1.9247,4.767,61,139,65
2h,0.325,4.0,1.0,4.8554,1.9209,6.9298,63,141,65
2h,0.425,4.0,1.0,6.1453,1.917,6.8996,61,137,65
2h,0.425,2.5,1.0,6.7412,1.9163,7.0253,61,137,65
2h,0.475,3.5,2.0,7.8162,1.901,7.2281,58,137,64
2h,0.325,2.5,0.25,4.4641,1.8981,5.1152,63,141,65
2h,0.425,3.0,2.0,5.1458,1.8915,7.2019,61,137,65
2h,0.375,2.5,0.5,6.0254,1.8885,6.3839,61,139,65
2h,0.425,3.5,1.5,5.2651,1.8857,7.1044,61,137,65
2h,0.35,2.5,0.5,6.0377,1.8821,5.4699,62,141,65
2h,0.475,4.0,1.0,8.9637,1.8761,6.6292,58,137,64
2h,0.325,2.5,0.5,5.5648,1.8704,5.4405,63,141,65
2h,0.35,2.0,0.25,4.9259,1.8675,4.8226,62,141,65
2h,0.45,3.5,1.5,6.8945,1.8628,6.581,59,137,65
2h,0.4,3.5,1.5,5.4024,1.8614,6.94,61,138,65
2h,0.35,3.5,0.5,6.3508,1.8565,5.6928,62,141,65
2h,0.325,4.0,0.75,4.416,1.8349,6.5291,63,141,65
2h,0.35,4.0,1.0,5.2393,1.8305,6.8603,62,141,65
2h,0.4,3.5,2.0,5.6748,1.8211,7.234,61,138,65
2h,0.325,4.0,2.0,4.3577,1.8186,7.1973,63,141,65
2h,0.325,4.0,1.5,4.1746,1.8139,7.0197,63,141,65
2h,0.35,4.0,0.75,4.808,1.8132,6.4397,62,141,65
2h,0.45,4.0,1.0,7.8135,1.8125,6.3028,59,137,65
2h,0.35,4.0,1.5,4.578,1.8071,7.0133,62,141,65
2h,0.3,3.0,0.25,4.4339,1.805,5.0488,63,141,66
2h,0.425,3.5,2.0,5.5542,1.8024,7.4017,61,137,65
2h,0.35,4.0,2.0,4.7768,1.7991,7.2227,62,141,65
2h,0.325,3.5,0.5,4.9529,1.7954,5.6693,63,141,65
2h,0.45,3.5,2.0,7.1831,1.7774,6.8957,59,137,65
2h,0.45,2.5,1.5,7.5321,1.77,6.4933,59,137,65
2h,0.3,3.5,0.5,4.1191,1.7555,6.119,63,141,66
2h,0.425,2.5,1.5,5.8824,1.7543,7.2147,61,137,65
2h,0.425,4.0,1.5,5.6133,1.7517,7.0489,61,137,65
2h,0.3,4.0,1.0,3.7652,1.7495,7.5064,63,141,66
2h,0.375,4.0,0.75,4.7237,1.7474,6.516,61,139,65
2h,0.375,2.5,0.75,6.4661,1.7466,6.5736,61,139,65
2h,0.475,4.0,1.5,8.3894,1.7352,7.091,58,137,64
2h,0.375,4.0,1.0,5.1286,1.7246,6.9389,61,139,65
2h,0.325,2.5,0.75,5.2795,1.7213,5.6825,63,141,65
2h,0.325,1.5,0.25,4.1536,1.7166,4.4632,63,141,65
2h,0.325,1.5,0.5,5.3447,1.7123,5.3144,63,141,65
2h,0.45,2.5,2.0,7.6641,1.7048,6.5993,59,137,65
2h,0.3,2.5,0.25,4.4339,1.7045,5.4746,63,141,66
2h,0.35,2.5,0.75,6.5193,1.7033,5.7395,62,141,65
2h,0.325,2.0,0.25,4.5556,1.7015,4.9697,63,141,65
2h,0.325,2.5,1.0,5.645,1.6994,5.9055,63,141,65
2h,0.3,2.5,0.5,4.9175,1.6938,6.0875,63,141,66
2h,0.425,2.5,2.0,6.0267,1.6909,7.3121,61,137,65
2h,0.325,3.0,1.0,5.717,1.689,6.2552,63,141,65
2h,0.45,4.0,1.5,7.2543,1.6884,6.7395,59,137,65
2h,0.325,3.0,0.75,5.2109,1.6855,5.9609,63,141,65
2h,0.425,4.0,2.0,5.8872,1.6727,7.2513,61,137,65
2h,0.375,2.5,1.0,6.6603,1.6702,6.7183,61,139,65
2h,0.3,4.0,0.75,3.4821,1.6555,7.0114,63,141,66
2h,0.475,4.0,2.0,8.6591,1.6454,7.4299,58,137,64
2h,0.3,4.0,2.0,4.4044,1.6437,8.081,63,141,66
2h,0.3,4.0,1.5,4.1899,1.6372,7.7798,63,141,66
2h,0.35,3.0,0.75,5.6115,1.6335,5.9375,62,141,65
2h,0.325,1.5,2.0,5.5848,1.6333,5.5738,63,141,65
2h,0.375,4.0,1.5,4.4681,1.6321,7.1071,61,139,65
2h,0.325,1.5,0.75,5.804,1.6284,5.3657,63,141,65
2h,0.35,2.5,1.0,6.8202,1.6225,5.9576,62,141,65
2h,0.45,4.0,2.0,7.5272,1.6144,7.0594,59,137,65
2h,0.375,3.0,0.75,5.6301,1.6082,5.871,61,139,65
2h,0.375,2.0,0.5,6.2147,1.5972,5.6933,61,139,65
2h,0.375,2.5,1.5,5.6808,1.5955,6.8733,61,139,65
2h,0.325,1.5,1.5,5.3895,1.5951,5.5056,63,141,65
2h,0.3,2.0,0.25,4.427,1.5939,5.212,63,141,66
2h,0.375,4.0,2.0,4.6743,1.5931,7.3193,61,139,65
2h,0.375,2.5,2.0,5.7854,1.5852,6.9491,61,139,65
2h,0.35,3.0,1.0,6.1035,1.5762,6.2262,62,141,65
2h,0.3,2.5,0.75,4.358,1.558,6.4712,63,141,66
2h,0.325,1.5,1.0,6.2022,1.5564,5.4116,63,141,65
2h,0.3,1.5,0.25,4.2966,1.5466,4.7166,63,141,66
2h,0.35,2.0,0.5,6.1122,1.5436,5.804,62,141,65
2h,0.3,3.0,0.5,4.9175,1.5425,5.961,63,141,66
2h,0.35,2.5,1.5,5.9622,1.5416,6.2326,62,141,65
2h,0.3,2.5,1.0,4.5632,1.5358,6.8101,63,141,66
2h,0.35,2.5,2.0,6.1313,1.5316,6.3737,62,141,65
2h,0.3,1.5,0.5,4.7946,1.5229,5.6776,63,141,66
2h,0.35,3.0,1.5,5.5202,1.5202,6.6052,62,141,65
2h,0.325,3.0,1.5,5.1209,1.5019,6.6074,63,141,65
2h,0.375,3.0,1.0,5.9666,1.4963,6.1546,61,139,65
2h,0.35,3.0,2.0,5.7664,1.4865,6.8916,62,141,65
2h,0.325,2.5,1.5,4.8062,1.4802,6.1931,63,141,65
2h,0.325,3.5,1.0,5.022,1.4409,6.495,63,141,65
2h,0.3,3.5,1.0,3.7259,1.438,7.1344,63,141,66
2h,0.3,1.5,2.0,5.6843,1.4355,6.3789,63,141,66
2h,0.325,3.0,2.0,5.3553,1.4352,6.889,63,141,65
2h,0.3,1.5,0.75,4.9492,1.4349,5.8418,63,141,66
2h,0.325,2.5,2.0,4.9831,1.431,6.4433,63,141,65
2h,0.3,1.5,1.5,5.4569,1.3984,6.2276,63,141,66
2h,0.325,3.5,0.75,4.5703,1.394,6.1108,63,141,65
2h,0.325,2.0,0.5,5.7136,1.3899,6.0827,63,141,65
2h,0.375,3.0,1.5,5.1444,1.3869,6.5302,61,139,65
2h,0.375,2.0,0.75,6.971,1.3817,5.9663,61,139,65
2h,0.3,3.5,0.75,3.4421,1.3788,6.6414,63,141,66
2h,0.3,1.5,1.0,5.1774,1.3615,5.9865,63,141,66
2h,0.375,3.0,2.0,5.3279,1.3572,6.8156,61,139,65
2h,0.3,2.0,0.5,4.9071,1.3444,6.6377,63,141,66
2h,0.35,3.5,0.75,6.0015,1.3316,6.1665,62,141,65
2h,0.375,3.5,0.75,5.9596,1.3253,6.1095,61,139,65
2h,0.35,2.0,0.75,6.861,1.3214,6.0802,62,141,65
2h,0.325,3.5,1.5,4.3588,1.3121,6.5759,63,141,65
2h,0.35,3.5,1.0,6.4727,1.3101,6.5425,62,141,65
2h,0.3,2.5,1.5,4.827,1.3058,7.2782,63,141,66
2h,0.3,3.5,1.5,4.1553,1.3017,7.3887,63,141,66
2h,0.325,2.0,0.75,6.4499,1.2876,6.2486,63,141,65
2h,0.35,3.5,1.5,5.8636,1.2844,6.6572,62,141,65
2h,0.3,2.0,0.75,5.3386,1.2733,6.9405,63,141,66
2h,0.325,3.5,2.0,4.5527,1.2719,6.7596,63,141,65
2h,0.35,3.5,2.0,6.0946,1.2666,6.8569,62,141,65
2h,0.3,3.5,2.0,4.3735,1.2611,7.7172,63,141,66
2h,0.3,2.5,2.0,5.0414,1.2571,7.6765,63,141,66
2h,0.375,2.0,1.0,7.2356,1.2515,6.1466,61,139,65
2h,0.375,3.5,1.0,6.4155,1.25,6.4716,61,139,65
2h,0.375,2.0,2.0,6.4537,1.2374,6.4078,61,139,65
2h,0.375,2.0,1.5,6.3181,1.2317,6.3242,61,139,65
2h,0.3,2.0,1.0,5.4451,1.2152,7.1787,63,141,66
2h,0.325,2.0,1.0,6.7343,1.2117,6.3561,63,141,65
2h,0.375,3.5,1.5,5.8155,1.1924,6.5828,61,139,65
2h,0.35,2.0,1.0,7.1338,1.19,6.2572,62,141,65
2h,0.35,2.0,2.0,6.3404,1.172,6.5039,62,141,65
2h,0.35,2.0,1.5,6.2075,1.1676,6.4264,62,141,65
2h,0.375,3.5,2.0,6.0577,1.1611,6.7622,61,139,65
2h,0.3,2.0,2.0,5.751,1.1446,7.5793,63,141,66
2h,0.3,2.0,1.5,5.5934,1.1441,7.4427,63,141,66
2h,0.325,2.0,1.5,5.7976,1.1252,6.4304,63,141,65
2h,0.325,2.0,2.0,5.9271,1.1138,6.4568,63,141,65
2h,0.3,3.0,1.0,4.6354,1.1103,6.8328,63,141,66
2h,0.3,3.0,0.75,4.2871,1.0973,6.4463,63,141,66
2h,0.3,3.0,1.5,5.143,0.9149,7.3492,63,141,66
2h,0.3,3.0,2.0,5.4078,0.848,7.7733,63,141,66
30m,0.7,4.0,0.25,3.1386,2.3859,3.2764,271,648,346
30m,0.7,4.5,0.25,3.2733,2.3815,3.214,271,648,346
30m,0.675,5.0,0.25,3.5237,2.3619,3.0243,271,652,348
30m,0.675,4.5,0.25,3.2513,2.3575,3.0874,271,652,348
30m,0.7,5.0,0.25,3.5391,2.3485,3.158,271,648,346
30m,0.675,4.0,0.25,3.1389,2.3293,3.2542,271,652,348
30m,0.35,5.0,0.25,4.2332,2.2912,2.8583,288,698,363
30m,0.65,5.0,0.25,3.5037,2.2906,2.913,271,657,351
30m,0.325,5.0,0.25,4.4277,2.259,2.8024,288,701,364
30m,0.375,5.0,0.25,4.2638,2.2463,2.9598,287,691,363
30m,0.7,4.0,0.5,3.0005,2.2385,3.2486,271,648,346
30m,0.65,4.0,0.25,3.1293,2.2371,3.1787,271,657,351
30m,0.65,4.5,0.25,3.1404,2.2139,2.8668,271,657,351
30m,0.625,5.0,0.25,3.81,2.1951,2.9952,272,664,352
30m,0.675,3.5,0.25,2.828,2.1926,2.9872,271,652,348
30m,0.35,4.5,0.25,4.0166,2.1921,2.92,288,698,363
30m,0.7,4.5,0.5,3.0257,2.179,3.1665,271,648,346
30m,0.675,4.0,0.5,3.0191,2.1743,3.2269,271,652,348
30m,0.7,4.0,0.75,2.8381,2.1673,3.255,271,648,346
30m,0.4,5.0,0.25,4.2497,2.1642,3.0178,287,689,362
30m,0.675,4.5,0.5,2.9281,2.1568,3.0302,271,652,348
30m,0.3,5.0,0.25,4.502,2.1558,2.8093,288,704,366
30m,0.7,3.5,0.25,2.8388,2.1512,3.0042,271,648,346
30m,0.6,5.0,0.25,3.8768,2.1498,2.9701,274,670,352
30m,0.45,5.0,0.25,4.3455,2.1487,3.1733,286,685,358
30m,0.325,4.5,0.25,4.1906,2.1475,2.8588,288,701,364
30m,0.425,5.0,0.25,4.2606,2.1468,2.953,287,686,361
30m,0.625,4.0,0.25,3.3309,2.1439,3.2292,272,664,352
30m,0.625,4.5,0.25,3.5334,2.1291,2.8654,272,664,352
30m,0.7,4.0,1.0,2.7832,2.1252,3.2621,271,648,346
30m,0.675,4.0,0.75,2.865,2.1132,3.2106,271,652,348
30m,0.7,4.5,0.75,2.8648,2.1008,3.1285,271,648,346
30m,0.375,4.5,0.25,4.0731,2.1,3.0136,287,691,363
30m,0.575,5.0,0.25,3.97,2.0985,2.9659,277,672,352
30m,0.525,5.0,0.25,3.9834,2.0978,3.1408,282,676,356
30m,0.7,5.0,0.5,3.1822,2.0967,3.105,271,648,346
30m,0.475,5.0,0.25,4.349,2.0956,3.2408,285,683,358
30m,0.3,4.5,0.25,4.2774,2.0891,2.84,288,704,366
30m,0.7,4.0,1.5,2.7487,2.0823,3.272,271,648,346
30m,0.675,4.0,1.0,2.8152,2.082,3.2114,271,652,348
30m,0.675,4.5,0.75,2.7824,2.0811,2.9917,271,652,348
30m,0.7,4.5,1.0,2.8117,2.0788,3.1176,271,648,346
30m,0.625,3.5,0.25,3.1214,2.07,3.1976,272,664,352
30m,0.675,5.0,0.5,3.2223,2.0669,2.885,271,652,348
30m,0.65,3.5,0.25,2.7001,2.0656,3.0236,271,657,351
30m,0.675,4.5,1.0,2.74,2.0616,2.9803,271,652,348
30m,0.7,4.0,2.0,2.7426,2.0609,3.2779,271,648,346
30m,0.5,5.0,0.25,4.2308,2.0608,3.2865,283,679,358
30m,0.7,3.0,0.25,2.7783,2.0594,2.9461,271,648,346
30m,0.675,3.5,0.5,2.675,2.0518,2.9667,271,652,348
30m,0.675,4.0,1.5,2.7866,2.045,3.2157,271,652,348
30m,0.675,4.5,1.5,2.7231,2.0436,2.9708,271,652,348
30m,0.65,4.0,0.5,2.8742,2.0433,3.1072,271,657,351
30m,0.7,3.5,0.5,2.662,2.0433,2.9621,271,648,346
30m,0.7,4.5,1.5,2.7799,2.0432,3.1091,271,648,346
30m,0.6,4.5,0.25,3.5407,2.0426,2.7754,274,670,352
30m,0.55,5.0,0.25,4.0001,2.0393,3.0515,278,673,354
30m,0.35,4.0,0.25,3.8974,2.0343,2.8406,288,698,363
30m,0.6,4.0,0.25,3.3004,2.0198,2.982,274,670,352
30m,0.675,3.5,0.75,2.5636,2.0144,2.9784,271,652,348
30m,0.675,4.0,2.0,2.7838,2.0133,3.2187,271,652,348
30m,0.675,4.5,2.0,2.7298,2.012,2.9658,271,652,348
30m,0.675,3.0,0.25,2.8274,2.0109,2.7754,271,652,348
30m,0.525,4.5,0.25,3.6892,2.0065,2.9922,282,676,356
30m,0.7,5.0,0.75,3.0184,2.0061,3.0315,271,648,346
30m,0.4,4.5,0.25,4.0205,2.0042,2.9657,287,689,362
30m,0.7,4.5,2.0,2.7761,2.004,3.1048,271,648,346
30m,0.7,3.5,0.75,2.5818,2.0026,2.9642,271,648,346
30m,0.325,4.0,0.25,4.0734,1.9942,2.7696,288,701,364
30m,0.6,3.5,0.25,3.0925,1.9938,3.1215,274,670,352
30m,0.45,4.5,0.25,4.1036,1.9918,3.0884,286,685,358
30m,0.625,3.0,0.25,2.7034,1.9912,2.7142,272,664,352
30m,0.675,3.5,1.0,2.5271,1.9891,2.9886,271,652,348
30m,0.65,5.0,0.5,3.2113,1.9877,2.7609,271,657,351
30m,0.575,4.5,0.25,3.6808,1.9874,2.6623,277,672,352
30m,0.675,5.0,0.75,3.0513,1.981,2.7942,271,652,348
30m,0.375,4.0,0.25,3.8987,1.9779,2.8123,287,691,363
30m,0.7,5.0,1.0,2.966,1.9759,2.9997,271,648,346
30m,0.7,3.5,1.0,2.551,1.9749,2.9688,271,648,346
30m,0.425,4.5,0.25,4.0246,1.9733,2.9176,287,686,361
30m,0.65,4.0,0.75,2.7122,1.9729,3.0721,271,657,351
30m,0.65,4.5,0.5,2.8144,1.9666,2.8448,271,657,351
30m,0.575,3.5,0.25,3.1654,1.9619,3.0021,277,672,352
30m,0.7,3.0,0.5,2.6196,1.9618,2.9369,271,648,346
30m,0.5,4.5,0.25,3.9405,1.9615,3.1106,283,679,358
30m,0.675,3.5,1.5,2.5096,1.961,3.0024,271,652,348
30m,0.675,5.0,1.0,2.9921,1.9528,2.7527,271,652,348
30m,0.675,3.5,2.0,2.5091,1.9477,3.0107,271,652,348
30m,0.55,4.5,0.25,3.6863,1.9458,2.8019,278,673,354
30m,0.7,5.0,1.5,2.9382,1.9455,2.9684,271,648,346
30m,0.65,3.0,0.25,2.6329,1.9447,2.7697,271,657,351
30m,0.475,4.5,0.25,4.0515,1.9436,3.0984,285,683,358
30m,0.7,3.5,1.5,2.5375,1.9434,2.976,271,648,346
30m,0.65,4.0,1.0,2.6579,1.9387,3.0623,271,657,351
30m,0.575,4.0,0.25,3.2984,1.9332,2.751,277,672,352
30m,0.3,4.0,0.25,4.1724,1.9284,2.7801,288,704,366
30m,0.7,3.0,0.75,2.5588,1.9284,2.9472,271,648,346
30m,0.6,3.0,0.25,2.765,1.9279,2.7619,274,670,352
30m,0.7,3.5,2.0,2.539,1.9278,2.9805,271,648,346
30m,0.35,3.5,0.25,3.508,1.925,2.7407,288,698,363
30m,0.65,3.5,0.5,2.5384,1.9241,3.0059,271,657,351
30m,0.675,5.0,1.5,2.9593,1.9192,2.7109,271,652,348
30m,0.625,4.0,0.5,3.0613,1.9178,3.1263,272,664,352
30m,0.625,3.5,0.5,2.9511,1.9119,3.1629,272,664,352
30m,0.7,5.0,2.0,2.9387,1.907,2.9514,271,648,346
30m,0.425,4.0,0.25,3.8146,1.9035,2.7636,287,686,361
30m,0.45,4.0,0.25,3.8143,1.9024,2.9353,286,685,358
30m,0.65,5.0,0.75,3.0581,1.9018,2.667,271,657,351
30m,0.7,3.0,1.0,2.5388,1.9,2.9558,271,648,346
30m,0.65,4.0,1.5,2.6246,1.8998,3.0548,271,657,351
30m,0.525,4.0,0.25,3.4298,1.8952,2.8263,282,676,356
30m,0.5,4.0,0.25,3.6687,1.8938,2.8987,283,679,358
30m,0.7,2.5,0.25,2.5032,1.8904,2.7855,271,648,346
30m,0.35,5.0,0.5,4.3258,1.8898,2.6853,288,698,363
30m,0.625,3.0,0.5,2.4955,1.8888,2.6998,272,664,352
30m,0.375,3.5,0.25,3.5485,1.8843,2.6312,287,691,363
30m,0.65,3.5,0.75,2.4231,1.8831,3.0184,271,657,351
30m,0.65,4.5,0.75,2.669,1.8831,2.8098,271,657,351
30m,0.625,3.5,0.75,2.7956,1.8821,3.1519,272,664,352
30m,0.4,4.0,0.25,3.765,1.8792,2.7601,287,689,362
30m,0.675,5.0,2.0,2.9574,1.8785,2.6879,271,652,348
30m,0.675,3.0,0.5,2.646,1.8781,2.7449,271,652,348
30m,0.675,2.5,0.25,2.4759,1.877,2.6093,271,652,348
30m,0.65,5.0,1.0,3.0038,1.873,2.6235,271,657,351
30m,0.425,5.0,0.5,4.1548,1.8725,2.8007,287,686,361
30m,0.65,4.0,2.0,2.6196,1.8682,3.051,271,657,351
30m,0.65,2.5,0.25,2.3135,1.867,2.5607,271,657,351
30m,0.7,3.0,1.5,2.5377,1.8666,2.9671,271,648,346
30m,0.325,5.0,0.5,4.3017,1.8657,2.594,288,701,364
30m,0.625,3.5,1.0,2.739,1.8653,3.1558,272,664,352
30m,0.45,5.0,0.5,4.2147,1.863,2.9389,286,685,358
30m,0.55,4.0,0.25,3.3687,1.8626,2.7811,278,673,354
30m,0.4,5.0,0.5,4.2066,1.8625,2.8963,287,689,362
30m,0.6,5.0,0.5,3.5508,1.8625,2.8196,274,670,352
30m,0.325,3.5,0.25,3.7329,1.862,2.7393,288,701,364
30m,0.625,5.0,0.5,3.5263,1.859,2.8784,272,664,352
30m,0.65,4.5,1.0,2.6264,1.8589,2.7989,271,657,351
30m,0.7,2.0,0.25,2.1958,1.8559,2.6833,271,648,346
30m,0.65,3.5,1.0,2.3842,1.8554,3.029,271,657,351
30m,0.625,3.0,0.75,2.4057,1.8516,2.7116,272,664,352
30m,0.7,3.0,2.0,2.5464,1.8496,2.9737,271,648,346
30m,0.475,4.0,0.25,3.7914,1.8493,2.8905,285,683,358
30m,0.325,2.5,0.25,3.1327,1.8492,2.5294,288,701,364
30m,0.3,2.5,0.25,3.355,1.8444,2.5221,288,704,366
30m,0.35,3.0,0.25,3.2939,1.8436,2.5439,288,698,363
30m,0.525,3.5,0.25,3.1577,1.8424,3.0131,282,676,356
30m,0.375,5.0,0.5,4.2547,1.8402,2.8326,287,691,363
30m,0.35,2.5,0.25,2.9058,1.8392,2.7637,288,698,363
30m,0.625,3.5,1.5,2.7013,1.8392,3.1643,272,664,352
30m,0.65,5.0,1.5,2.9764,1.8392,2.5793,271,657,351
30m,0.675,3.0,0.75,2.5754,1.8362,2.7465,271,652,348
30m,0.65,4.5,1.5,2.6091,1.835,2.7896,271,657,351
30m,0.525,3.0,0.25,2.8018,1.8346,2.9526,282,676,356
30m,0.3,3.5,0.25,3.8536,1.8327,2.711,288,704,366
30m,0.625,4.0,0.75,2.8973,1.8326,3.0837,272,664,352
30m,0.575,5.0,0.5,3.7393,1.8276,2.8039,277,672,352
30m,0.525,5.0,0.5,3.8558,1.8269,2.8405,282,676,356
30m,0.65,3.0,0.5,2.4442,1.8266,2.736,271,657,351
30m,0.625,3.0,1.0,2.3692,1.8248,2.7215,272,664,352
30m,0.65,3.5,1.5,2.3649,1.8246,3.0433,271,657,351
30m,0.625,4.5,0.5,3.1775,1.8223,2.8311,272,664,352
30m,0.55,3.5,0.25,3.1818,1.8221,2.9377,278,673,354
30m,0.675,2.0,0.25,2.1864,1.8215,2.5361,271,652,348
30m,0.35,4.5,0.5,3.8723,1.8201,2.6176,288,698,363
30m,0.625,2.5,0.25,2.4787,1.8187,2.6908,272,664,352
30m,0.625,3.5,2.0,2.693,1.8131,3.1701,272,664,352
30m,0.65,3.5,2.0,2.3664,1.8096,3.0519,271,657,351
30m,0.7,2.5,0.5,2.4309,1.8095,2.8212,271,648,346
30m,0.625,4.0,1.0,2.8372,1.8073,3.07,272,664,352
30m,0.45,3.0,0.25,3.2631,1.8041,3.014,286,685,358
30m,0.3,5.0,0.5,4.3005,1.804,2.6533,288,704,366
30m,0.675,3.0,1.0,2.5502,1.8033,2.7499,271,652,348
30m,0.65,4.5,2.0,2.6155,1.7999,2.7846,271,657,351
30m,0.55,5.0,0.5,3.8451,1.7996,2.7822,278,673,354
30m,0.375,3.0,0.25,3.265,1.7986,2.5295,287,691,363
30m,0.675,2.5,0.5,2.383,1.797,2.6346,271,652,348
30m,0.5,3.0,0.25,3.0565,1.7956,3.1137,283,679,358
30m,0.65,3.0,0.75,2.3668,1.795,2.7385,271,657,351
30m,0.625,3.0,1.5,2.3485,1.7941,2.7348,272,664,352
30m,0.5,3.5,0.25,3.3122,1.7926,2.9256,283,679,358
30m,0.7,2.0,0.5,2.2204,1.79,2.7527,271,648,346
30m,0.7,2.5,0.75,2.4179,1.7874,2.848,271,648,346
30m,0.475,3.0,0.25,3.2193,1.7869,3.0618,285,683,358
30m,0.525,4.5,0.5,3.4853,1.786,2.799,282,676,356
30m,0.65,2.5,0.5,2.1986,1.786,2.5625,271,657,351
30m,0.6,3.5,0.5,2.9105,1.782,3.0613,274,670,352
30m,0.625,4.0,1.5,2.7963,1.7818,3.0581,272,664,352
30m,0.475,5.0,0.5,4.1649,1.7805,3.0124,285,683,358
30m,0.475,3.5,0.25,3.3578,1.7796,2.8001,285,683,358
30m,0.625,3.0,2.0,2.3441,1.7787,2.7428,272,664,352
30m,0.625,2.0,0.25,2.1817,1.7771,2.5664,272,664,352
30m,0.575,3.0,0.25,2.7954,1.7767,2.8292,277,672,352
30m,0.325,4.5,0.5,3.8222,1.7766,2.5944,288,701,364
30m,0.425,3.5,0.25,3.5127,1.7765,2.5538,287,686,361
30m,0.65,5.0,2.0,2.9784,1.7758,2.555,271,657,351
30m,0.675,2.5,0.75,2.363,1.7754,2.657,271,652,348
30m,0.6,4.0,0.5,2.9191,1.7746,2.9053,274,670,352
30m,0.7,2.0,0.75,2.2521,1.7715,2.7913,271,648,346
30m,0.35,5.0,0.75,4.1123,1.7709,2.685,288,698,363
30m,0.45,3.5,0.25,3.5348,1.7701,2.8265,286,685,358
30m,0.65,3.0,1.0,2.3375,1.7676,2.743,271,657,351
30m,0.6,5.0,0.75,3.3685,1.7672,2.7356,274,670,352
30m,0.4,3.5,0.25,3.532,1.7666,2.5742,287,689,362
30m,0.7,2.5,1.0,2.425,1.7652,2.8658,271,648,346
30m,0.675,3.0,1.5,2.543,1.7651,2.7552,271,652,348
30m,0.375,2.5,0.25,2.8485,1.7636,2.7422,287,691,363
30m,0.7,2.0,1.0,2.2744,1.7626,2.8159,271,648,346
30m,0.65,2.0,0.25,2.1742,1.7607,2.5349,271,657,351
30m,0.65,2.5,0.75,2.1715,1.7592,2.5777,271,657,351
30m,0.325,3.0,0.25,3.3919,1.7582,2.4464,288,701,364
30m,0.575,3.5,0.5,2.8995,1.7575,2.8852,277,672,352
30m,0.45,5.0,0.75,4.0481,1.7561,2.8787,286,685,358
30m,0.325,5.0,0.75,4.0923,1.755,2.6157,288,701,364
30m,0.6,3.0,0.5,2.5744,1.7541,2.7177,274,670,352
30m,0.7,2.0,1.5,2.2976,1.7538,2.8455,271,648,346
30m,0.675,2.5,1.0,2.3663,1.7536,2.6722,271,652,348
30m,0.625,5.0,0.75,3.3616,1.7508,2.7957,272,664,352
30m,0.7,2.0,2.0,2.3097,1.7493,2.8628,271,648,346
30m,0.6,2.5,0.25,2.4872,1.7484,2.6791,274,670,352
30m,0.6,3.5,0.75,2.7506,1.7465,3.0422,274,670,352
30m,0.625,4.0,2.0,2.7872,1.7456,3.052,272,664,352
30m,0.675,3.0,2.0,2.5478,1.7453,2.7582,271,652,348
30m,0.5,5.0,0.5,4.0,1.7431,2.9426,283,679,358
30m,0.675,2.0,0.5,2.1823,1.7409,2.5942,271,652,348
30m,0.7,2.5,1.5,2.4496,1.7387,2.8876,271,648,346
30m,0.425,5.0,0.75,4.0306,1.7378,2.8049,287,686,361
30m,0.6,4.5,0.5,3.1575,1.7375,2.6722,274,670,352
30m,0.65,3.0,1.5,2.3253,1.7352,2.7498,271,657,351
30m,0.65,2.5,1.0,2.1709,1.7345,2.589,271,657,351
30m,0.625,4.5,0.75,3.0249,1.7337,2.7628,272,664,352
30m,0.525,2.5,0.25,2.6448,1.7333,2.6497,282,676,356
30m,0.6,5.0,1.0,3.3004,1.7319,2.6944,274,670,352
30m,0.575,5.0,0.75,3.613,1.7317,2.7232,277,672,352
30m,0.625,2.5,0.5,2.3403,1.7284,2.685,272,664,352
30m,0.675,2.5,1.5,2.3864,1.728,2.691,271,652,348
30m,0.6,3.5,1.0,2.6911,1.7278,3.0413,274,670,352
30m,0.7,2.5,2.0,2.4722,1.7255,2.9003,271,648,346
30m,0.35,5.0,1.0,3.7697,1.7238,2.5589,288,698,363
30m,0.4,5.0,0.75,4.0942,1.7194,2.9125,287,689,362
30m,0.65,3.0,2.0,2.3265,1.7186,2.7539,271,657,351
30m,0.575,2.5,0.25,2.5546,1.7182,2.7693,277,672,352
30m,0.675,2.0,0.75,2.2066,1.7165,2.6278,271,652,348
30m,0.675,2.5,2.0,2.406,1.7155,2.702,271,652,348
30m,0.6,3.0,0.75,2.4889,1.7135,2.7242,274,670,352
30m,0.6,5.0,1.5,3.2506,1.7133,2.652,274,670,352
30m,0.55,3.0,0.25,2.8079,1.7102,2.8273,278,673,354
30m,0.625,5.0,1.0,3.3032,1.7102,2.7551,272,664,352
30m,0.45,5.0,1.0,3.8752,1.7063,2.7394,286,685,358
30m,0.625,2.0,0.5,2.1419,1.706,2.6149,272,664,352
30m,0.65,2.5,1.5,2.1863,1.7056,2.6036,271,657,351
30m,0.675,2.0,1.0,2.2311,1.7045,2.6493,271,652,348
30m,0.375,5.0,0.75,4.0209,1.7039,2.8443,287,691,363
30m,0.625,4.5,1.0,2.9739,1.7031,2.7333,272,664,352
30m,0.475,5.0,0.75,3.9881,1.7013,2.9371,285,683,358
30m,0.6,3.5,1.5,2.6497,1.701,3.0441,274,670,352
30m,0.3,4.5,0.5,3.8619,1.7008,2.6982,288,704,366
30m,0.625,2.5,0.75,2.2966,1.6982,2.697,272,664,352
30m,0.4,3.0,0.25,3.1444,1.6971,2.5502,287,689,362
30m,0.575,2.0,0.25,2.2004,1.6959,2.5893,277,672,352
30m,0.575,5.0,1.0,3.5198,1.6959,2.693,277,672,352
30m,0.575,3.5,0.75,2.7536,1.6944,2.845,277,672,352
30m,0.65,1.5,0.25,1.9697,1.6927,2.376,271,657,351
30m,0.3,5.0,0.75,4.0997,1.6924,2.7163,288,704,366
30m,0.675,2.0,1.5,2.274,1.6921,2.6752,271,652,348
30m,0.65,2.5,2.0,2.2028,1.6911,2.6123,271,657,351
30m,0.35,4.5,0.75,3.7803,1.69,2.5906,288,698,363
30m,0.6,4.0,0.75,2.7508,1.6878,2.8645,274,670,352
30m,0.6,2.0,0.25,2.1854,1.6864,2.5983,274,670,352
30m,0.6,3.0,1.0,2.4547,1.6859,2.7319,274,670,352
30m,0.675,2.0,2.0,2.3064,1.6857,2.6902,271,652,348
30m,0.375,4.5,0.5,3.9128,1.6854,2.7385,287,691,363
30m,0.425,3.0,0.25,3.2087,1.6852,2.5992,287,686,361
30m,0.3,3.0,0.25,3.5589,1.6848,2.4205,288,704,366
30m,0.525,4.5,0.75,3.3569,1.6844,2.7622,282,676,356
30m,0.5,2.5,0.25,2.8076,1.682,2.6823,283,679,358
30m,0.525,5.0,0.75,3.7366,1.6818,2.7771,282,676,356
30m,0.55,5.0,0.75,3.7236,1.6817,2.7287,278,673,354
30m,0.425,5.0,1.0,3.7863,1.6813,2.7049,287,686,361
30m,0.625,2.0,0.75,2.1469,1.6809,2.645,272,664,352
30m,0.575,4.5,0.5,3.3831,1.6769,2.536,277,672,352
30m,0.325,5.0,1.0,3.7057,1.6764,2.508,288,701,364
30m,0.575,5.0,1.5,3.4442,1.6764,2.6532,277,672,352
30m,0.45,5.0,1.5,3.8662,1.6757,2.6721,286,685,358
30m,0.6,3.5,2.0,2.6398,1.6755,3.0466,274,670,352
30m,0.55,4.5,0.5,3.4349,1.6741,2.5661,278,673,354
30m,0.625,2.5,1.0,2.2864,1.6716,2.7064,272,664,352
30m,0.4,4.5,0.5,3.8937,1.6712,2.6673,287,689,362
30m,0.425,4.5,0.5,3.9059,1.6712,2.6212,287,686,361
30m,0.625,4.5,1.5,2.9461,1.6711,2.7052,272,664,352
30m,0.625,1.5,0.25,2.0026,1.6704,2.3744,272,664,352
30m,0.55,2.0,0.25,2.2117,1.6698,2.5404,278,673,354
30m,0.675,1.5,0.25,2.0784,1.6693,2.3515,271,652,348
30m,0.625,2.0,1.0,2.1603,1.6691,2.6645,272,664,352
30m,0.425,2.5,0.25,2.9169,1.669,2.794,287,686,361
30m,0.625,5.0,1.5,3.2643,1.6681,2.7132,272,664,352
30m,0.65,2.0,0.5,2.1672,1.6681,2.593,271,657,351
30m,0.575,3.5,1.0,2.6966,1.6675,2.8318,277,672,352
30m,0.35,5.0,1.5,3.8041,1.667,2.5079,288,698,363
30m,0.4,2.5,0.25,2.9032,1.6665,2.8442,287,689,362
30m,0.55,2.5,0.25,2.5702,1.6641,2.6907,278,673,354
30m,0.525,3.0,0.5,2.7196,1.6622,2.8842,282,676,356
30m,0.7,1.5,0.25,2.0886,1.6605,2.4614,271,648,346
30m,0.6,4.0,1.0,2.6872,1.6604,2.8512,274,670,352
30m,0.4,5.0,1.0,3.8305,1.6585,2.7989,287,689,362
30m,0.475,5.0,1.0,3.8309,1.6579,2.7888,285,683,358
30m,0.625,2.0,1.5,2.1897,1.6579,2.6881,272,664,352
30m,0.5,4.5,0.5,3.7761,1.6576,2.7715,283,679,358
30m,0.6,3.0,1.5,2.4378,1.655,2.7432,274,670,352
30m,0.525,4.5,1.0,3.2763,1.6537,2.6102,282,676,356
30m,0.6,4.5,0.75,3.0098,1.6531,2.6041,274,670,352
30m,0.625,2.0,2.0,2.2131,1.6524,2.7018,272,664,352
30m,0.425,5.0,1.5,3.7881,1.6511,2.6606,287,686,361
30m,0.55,5.0,1.0,3.6294,1.6504,2.5783,278,673,354
30m,0.5,5.0,0.75,3.8387,1.6477,2.9032,283,679,358
30m,0.375,5.0,1.0,3.6992,1.6471,2.726,287,691,363
30m,0.65,1.5,0.5,2.0136,1.6467,2.4627,271,657,351
30m,0.575,3.5,1.5,2.6562,1.6462,2.8202,277,672,352
30m,0.45,4.5,0.5,4.0363,1.6439,2.8273,286,685,358
30m,0.475,4.5,0.5,3.9566,1.6436,2.8272,285,683,358
30m,0.35,4.5,1.0,3.479,1.642,2.4691,288,698,363
30m,0.625,2.5,1.5,2.2903,1.6405,2.7185,272,664,352
30m,0.325,4.5,0.75,3.6968,1.6396,2.6013,288,701,364
30m,0.6,3.0,2.0,2.4395,1.6396,2.7502,274,670,352
30m,0.65,2.0,0.75,2.1902,1.6395,2.6269,271,657,351
30m,0.525,4.5,1.5,3.2156,1.6392,2.5619,282,676,356
30m,0.525,5.0,1.0,3.6416,1.6384,2.6213,282,676,356
30m,0.55,5.0,1.5,3.5543,1.6362,2.5197,278,673,354
30m,0.7,1.5,0.5,2.1339,1.6358,2.5519,271,648,346
30m,0.575,4.0,0.5,3.0037,1.6347,2.6611,277,672,352
30m,0.475,5.0,1.5,3.7783,1.6345,2.7234,285,683,358
30m,0.65,1.5,0.75,2.0496,1.6344,2.5084,271,657,351
30m,0.525,3.0,0.75,2.6358,1.6328,2.8563,282,676,356
30m,0.6,2.5,0.5,2.3188,1.6322,2.6758,274,670,352
30m,0.6,4.0,1.5,2.6421,1.6319,2.8395,274,670,352
30m,0.45,2.5,0.25,2.9653,1.6318,2.8261,286,685,358
30m,0.7,1.5,0.75,2.1606,1.6318,2.5991,271,648,346
30m,0.7,1.5,2.0,2.2059,1.6317,2.6846,271,648,346
30m,0.625,4.5,2.0,2.9466,1.6311,2.6904,272,664,352
30m,0.7,1.5,1.5,2.195,1.6311,2.6639,271,648,346
30m,0.7,1.5,1.0,2.1764,1.6309,2.6285,271,648,346
30m,0.675,1.5,0.5,2.1232,1.6306,2.4382,271,652,348
30m,0.65,1.5,1.0,2.0719,1.6288,2.5372,271,657,351
30m,0.625,1.5,0.5,2.0188,1.6263,2.4605,272,664,352
30m,0.65,2.0,1.0,2.2139,1.6251,2.6486,271,657,351
30m,0.625,2.5,2.0,2.2994,1.6248,2.7256,272,664,352
30m,0.4,5.0,1.5,3.8657,1.624,2.7414,287,689,362
30m,0.6,4.5,1.0,2.956,1.6238,2.5754,274,670,352
30m,0.65,1.5,1.5,2.0976,1.6236,2.5718,271,657,351
30m,0.525,2.5,0.5,2.4888,1.6228,2.627,282,676,356
30m,0.675,1.5,0.75,2.1554,1.6214,2.4837,271,652,348
30m,0.65,1.5,2.0,2.1124,1.6212,2.5921,271,657,351
30m,0.525,4.0,0.5,3.1805,1.6208,2.6483,282,676,356
30m,0.55,3.5,0.5,2.8821,1.6202,2.8587,278,673,354
30m,0.3,5.0,1.0,3.7375,1.6194,2.6298,288,704,366
30m,0.575,3.5,2.0,2.6462,1.6193,2.8142,277,672,352
30m,0.325,5.0,1.5,3.7481,1.6184,2.4813,288,701,364
30m,0.675,1.5,1.0,2.1752,1.6176,2.512,271,652,348
30m,0.6,5.0,2.0,3.2382,1.6171,2.6286,274,670,352
30m,0.525,3.0,1.0,2.604,1.6161,2.8486,282,676,356
30m,0.625,1.5,0.75,2.0456,1.615,2.5057,272,664,352
30m,0.525,5.0,1.5,3.5673,1.6147,2.5591,282,676,356
30m,0.35,4.5,1.5,3.5635,1.6146,2.4202,288,698,363
30m,0.675,1.5,1.5,2.1987,1.6144,2.5461,271,652,348
30m,0.375,5.0,1.5,3.7217,1.6134,2.6828,287,691,363
30m,0.675,1.5,2.0,2.2126,1.6132,2.5661,271,652,348
30m,0.65,2.0,1.5,2.2556,1.6102,2.675,271,657,351
30m,0.625,1.5,1.0,2.061,1.6101,2.5339,272,664,352
30m,0.525,2.0,0.25,2.3254,1.6069,2.6399,282,676,356
30m,0.625,1.5,1.5,2.0743,1.6058,2.5678,272,664,352
30m,0.625,1.5,2.0,2.0804,1.6039,2.5877,272,664,352
30m,0.65,2.0,2.0,2.2868,1.6024,2.6903,271,657,351
30m,0.6,2.0,0.5,2.0833,1.6018,2.6302,274,670,352
30m,0.625,5.0,2.0,3.2582,1.5994,2.6901,272,664,352
30m,0.6,2.5,0.75,2.2648,1.5987,2.6883,274,670,352
30m,0.575,3.0,0.5,2.6689,1.598,2.787,277,672,352
30m,0.35,5.0,2.0,3.7393,1.5978,2.4501,288,698,363
30m,0.525,2.5,0.75,2.4293,1.5965,2.6373,282,676,356
30m,0.6,4.0,2.0,2.631,1.5938,2.8332,274,670,352
30m,0.6,4.5,1.5,2.9247,1.5936,2.5484,274,670,352
30m,0.575,2.0,0.5,2.1235,1.5927,2.6251,277,672,352
30m,0.35,4.0,0.5,3.7673,1.5918,2.6123,288,698,363
30m,0.325,4.5,1.0,3.3756,1.5907,2.4935,288,701,364
30m,0.55,2.0,0.5,2.1447,1.5903,2.5689,278,673,354
30m,0.525,3.0,1.5,2.5891,1.59,2.8429,282,676,356
30m,0.575,2.5,0.5,2.4497,1.59,2.776,277,672,352
30m,0.575,4.5,0.75,3.2594,1.5897,2.4591,277,672,352
30m,0.55,4.5,0.75,3.3026,1.5892,2.5144,278,673,354
30m,0.5,5.0,1.0,3.7264,1.5891,2.7704,283,679,358
30m,0.475,2.5,0.25,2.8536,1.5877,2.7656,285,683,358
30m,0.425,4.0,0.5,3.6375,1.5843,2.5784,287,686,361
30m,0.55,4.0,0.5,3.1428,1.5832,2.6177,278,673,354
30m,0.35,2.0,0.25,2.6635,1.583,2.3902,288,698,363
30m,0.6,1.5,0.25,1.8961,1.5796,2.3688,274,670,352
30m,0.45,2.0,0.25,2.6496,1.5791,2.6799,286,685,358
30m,0.575,5.0,2.0,3.4246,1.5783,2.6295,277,672,352
30m,0.4,4.0,0.5,3.6405,1.578,2.5458,287,689,362
30m,0.6,2.0,0.75,2.0633,1.5774,2.6555,274,670,352
30m,0.45,4.0,0.5,3.619,1.5747,2.7306,286,685,358
30m,0.375,4.0,0.5,3.7521,1.5716,2.6185,287,691,363
30m,0.525,2.5,1.0,2.4101,1.5715,2.6463,282,676,356
30m,0.6,2.5,1.0,2.249,1.5704,2.6979,274,670,352
30m,0.575,2.0,0.75,2.1122,1.5703,2.652,277,672,352
30m,0.425,4.5,0.75,3.735,1.5701,2.6031,287,686,361
30m,0.55,2.0,0.75,2.1387,1.5697,2.5916,278,673,354
30m,0.3,5.0,1.5,3.7334,1.5685,2.6211,288,704,366
30m,0.55,2.5,0.5,2.4381,1.5665,2.6628,278,673,354
30m,0.575,3.0,0.75,2.5689,1.5665,2.7941,277,672,352
30m,0.6,2.0,1.0,2.0643,1.566,2.6723,274,670,352
30m,0.525,3.0,2.0,2.5928,1.5647,2.8401,282,676,356
30m,0.575,2.5,0.75,2.4072,1.5641,2.7932,277,672,352
30m,0.325,4.5,1.5,3.4738,1.5631,2.4447,288,701,364
30m,0.475,2.0,0.25,2.628,1.5622,2.6576,285,683,358
30m,0.4,5.0,2.0,3.8343,1.562,2.6846,287,689,362
30m,0.5,5.0,1.5,3.6375,1.5618,2.7207,283,679,358
30m,0.45,5.0,2.0,3.8564,1.5598,2.6134,286,685,358
30m,0.5,4.5,0.75,3.6443,1.5595,2.7136,283,679,358
30m,0.55,4.5,1.0,3.2227,1.5593,2.3597,278,673,354
30m,0.3,4.5,0.75,3.6906,1.5592,2.7481,288,704,366
30m,0.575,4.5,1.0,3.185,1.5585,2.4237,277,672,352
30m,0.525,3.5,0.5,2.8533,1.5583,2.8004,282,676,356
30m,0.55,3.0,0.5,2.7017,1.5577,2.7972,278,673,354
30m,0.4,4.5,0.75,3.7487,1.5553,2.6018,287,689,362
30m,0.6,2.0,1.5,2.0799,1.5552,2.6929,274,670,352
30m,0.475,4.5,0.75,3.8379,1.5547,2.7692,285,683,358
30m,0.55,3.5,0.75,2.745,1.554,2.8104,278,673,354
30m,0.375,2.0,0.25,2.6619,1.5536,2.3978,287,691,363
30m,0.45,4.5,0.75,3.878,1.5531,2.7992,286,685,358
30m,0.35,4.5,2.0,3.5245,1.5522,2.3704,288,698,363
30m,0.375,5.0,2.0,3.6709,1.5514,2.6295,287,691,363
30m,0.6,2.0,2.0,2.0949,1.55,2.7049,274,670,352
30m,0.325,4.0,0.5,3.7504,1.5499,2.4529,288,701,364
30m,0.5,4.0,0.5,3.4098,1.5499,2.6839,283,679,358
30m,0.575,3.0,1.0,2.5326,1.5481,2.802,277,672,352
30m,0.575,2.0,1.0,2.1183,1.548,2.6698,277,672,352
30m,0.55,2.0,1.0,2.148,1.5478,2.6068,278,673,354
30m,0.5,2.0,0.25,2.5723,1.5468,2.6437,283,679,358
30m,0.55,2.5,0.75,2.389,1.5452,2.6708,278,673,354
30m,0.4,2.0,0.25,2.641,1.5446,2.3346,287,689,362
30m,0.575,4.0,0.75,2.8837,1.5431,2.614,277,672,352
30m,0.525,2.5,1.5,2.4048,1.542,2.6585,282,676,356
30m,0.525,4.5,2.0,3.2031,1.5412,2.5369,282,676,356
30m,0.575,2.5,1.0,2.3975,1.54,2.8056,277,672,352
30m,0.425,2.0,0.25,2.5819,1.5399,2.6571,287,686,361
30m,0.5,3.0,0.5,2.9172,1.5384,3.0929,283,679,358
30m,0.6,2.5,1.5,2.2462,1.5377,2.7103,274,670,352
30m,0.425,5.0,2.0,3.7574,1.5364,2.6114,287,686,361
30m,0.525,4.0,0.75,3.08,1.5357,2.6066,282,676,356
30m,0.55,5.0,2.0,3.5347,1.5343,2.4869,278,673,354
30m,0.55,3.0,0.75,2.6116,1.5332,2.7854,278,673,354
30m,0.325,2.0,0.25,2.9026,1.5331,2.389,288,701,364
30m,0.6,1.5,0.5,1.8882,1.5329,2.4533,274,670,352
30m,0.325,5.0,2.0,3.6705,1.5322,2.4257,288,701,364
30m,0.6,4.5,2.0,2.9232,1.5304,2.5342,274,670,352
30m,0.55,4.5,1.5,3.1609,1.5276,2.3068,278,673,354
30m,0.525,2.5,2.0,2.4112,1.5267,2.6658,282,676,356
30m,0.575,4.5,1.5,3.1268,1.5258,2.3886,277,672,352
30m,0.375,4.5,0.75,3.7924,1.5257,2.7057,287,691,363
30m,0.55,3.5,1.0,2.6567,1.5245,2.7891,278,673,354
30m,0.55,2.5,1.0,2.3759,1.5228,2.6782,278,673,354
30m,0.425,4.5,1.0,3.546,1.5226,2.4728,287,686,361
30m,0.475,5.0,2.0,3.7496,1.5226,2.6661,285,683,358
30m,0.475,3.0,0.5,2.9659,1.5223,3.0114,285,683,358
30m,0.55,2.0,1.5,2.1729,1.5223,2.6254,278,673,354
30m,0.575,2.0,1.5,2.1393,1.5223,2.6917,277,672,352
30m,0.6,1.5,0.75,1.91,1.5214,2.4977,274,670,352
30m,0.6,2.5,2.0,2.2508,1.5211,2.7175,274,670,352
30m,0.5,2.5,0.5,2.705,1.5203,2.6741,283,679,358
30m,0.55,3.0,1.0,2.5766,1.5193,2.7873,278,673,354
30m,0.575,3.0,1.5,2.5141,1.5193,2.8133,277,672,352
30m,0.5,3.0,0.75,2.8096,1.5169,3.0826,283,679,358
30m,0.6,1.5,1.0,1.9327,1.5165,2.5254,274,670,352
30m,0.425,4.5,1.5,3.5619,1.5151,2.4247,287,686,361
30m,0.575,4.0,1.0,2.8088,1.5127,2.5968,277,672,352
30m,0.6,1.5,1.5,1.9723,1.5124,2.5587,274,670,352
30m,0.45,4.0,0.75,3.4523,1.512,2.6895,286,685,358
30m,0.575,2.5,1.5,2.4012,1.5116,2.8215,277,672,352
30m,0.6,1.5,2.0,2.0011,1.5106,2.5783,274,670,352
30m,0.55,2.0,2.0,2.1924,1.5097,2.6362,278,673,354
30m,0.575,2.0,2.0,2.1569,1.5096,2.7045,277,672,352
30m,0.5,4.5,1.0,3.5567,1.5085,2.56,283,679,358
30m,0.475,4.5,1.0,3.7163,1.5082,2.6122,285,683,358
30m,0.3,4.5,1.0,3.3749,1.5081,2.6607,288,704,366
30m,0.525,5.0,2.0,3.5477,1.5066,2.5245,282,676,356
30m,0.45,4.5,1.0,3.718,1.5043,2.655,286,685,358
30m,0.525,2.0,0.5,2.2448,1.5041,2.6605,282,676,356
30m,0.525,4.0,1.0,3.0144,1.5039,2.4561,282,676,356
30m,0.4,4.5,1.0,3.5494,1.5009,2.4616,287,689,362
30m,0.5,3.0,1.0,2.7661,1.5009,3.082,283,679,358
30m,0.325,4.5,2.0,3.423,1.4999,2.3925,288,701,364
30m,0.55,3.5,1.5,2.5882,1.4999,2.7682,278,673,354
30m,0.3,4.0,0.5,3.8184,1.4994,2.5463,288,704,366
30m,0.475,4.0,0.5,3.5558,1.499,2.7036,285,683,358
30m,0.45,2.0,0.5,2.5824,1.4984,2.6503,286,685,358
30m,0.475,3.0,0.75,2.8259,1.4976,2.9812,285,683,358
30m,0.575,2.5,2.0,2.4089,1.4971,2.8308,277,672,352
30m,0.55,4.0,0.75,3.0398,1.497,2.5988,278,673,354
30m,0.55,3.0,1.5,2.5588,1.4968,2.7927,278,673,354
30m,0.55,2.5,1.5,2.3779,1.4962,2.6882,278,673,354
30m,0.5,2.5,0.75,2.6606,1.4927,2.6904,283,679,358
30m,0.45,4.5,1.5,3.7141,1.492,2.6032,286,685,358
30m,0.575,3.0,2.0,2.5155,1.4915,2.8203,277,672,352
30m,0.325,1.5,0.25,2.3059,1.4909,2.3383,288,701,364
30m,0.4,4.0,0.75,3.481,1.4902,2.514,287,689,362
30m,0.5,3.0,1.5,2.7386,1.4897,3.084,283,679,358
30m,0.475,4.5,1.5,3.6969,1.4892,2.5529,285,683,358
30m,0.375,4.0,0.75,3.5836,1.4889,2.6221,287,691,363
30m,0.45,1.5,0.25,1.9877,1.4889,2.5122,286,685,358
30m,0.35,4.0,0.75,3.5848,1.4885,2.6226,288,698,363
30m,0.35,3.5,0.5,3.2827,1.4874,2.4948,288,698,363
30m,0.4,4.5,1.5,3.6186,1.4869,2.4038,287,689,362
30m,0.425,4.0,0.75,3.482,1.4861,2.5534,287,686,361
30m,0.45,3.0,0.5,3.0171,1.4857,2.7948,286,685,358
30m,0.5,4.5,1.5,3.4906,1.4851,2.5022,283,679,358
30m,0.55,2.5,2.0,2.389,1.4826,2.6941,278,673,354
30m,0.575,4.0,1.5,2.7558,1.4803,2.5807,277,672,352
30m,0.3,5.0,2.0,3.6495,1.4798,2.5741,288,704,366
30m,0.3,4.5,1.5,3.411,1.478,2.6493,288,704,366
30m,0.5,4.0,0.75,3.2804,1.4779,2.6446,283,679,358
30m,0.5,1.5,0.25,2.0231,1.4774,2.6171,283,679,358
30m,0.45,2.0,0.75,2.5515,1.4768,2.6591,286,685,358
30m,0.475,3.0,1.0,2.6931,1.4767,2.9696,285,683,358
30m,0.45,2.5,0.5,2.9334,1.476,2.8083,286,685,358
30m,0.35,2.5,0.5,2.8448,1.474,2.5478,288,698,363
30m,0.55,3.0,2.0,2.5611,1.4736,2.7964,278,673,354
30m,0.525,2.0,0.75,2.2322,1.473,2.6778,282,676,356
30m,0.525,3.5,0.75,2.7139,1.473,2.7548,282,676,356
30m,0.55,3.5,2.0,2.5708,1.4706,2.7567,278,673,354
30m,0.475,2.0,0.5,2.5315,1.47,2.6873,285,683,358
30m,0.525,4.0,1.5,2.9704,1.4691,2.4103,282,676,356
30m,0.55,4.0,1.0,2.9696,1.4687,2.4561,278,673,354
30m,0.375,2.5,0.5,2.7883,1.4684,2.732,287,691,363
30m,0.325,2.5,0.5,2.7391,1.4679,2.2625,288,701,364
30m,0.5,2.5,1.0,2.6443,1.4676,2.7032,283,679,358
30m,0.5,3.0,2.0,2.735,1.4672,3.0857,283,679,358
30m,0.3,1.5,0.25,2.3991,1.467,2.3903,288,704,366
30m,0.575,1.5,0.25,1.8717,1.4669,2.3662,277,672,352
30m,0.3,2.0,0.25,3.0314,1.4653,2.3954,288,704,366
30m,0.475,1.5,0.25,1.9918,1.4619,2.6017,285,683,358
30m,0.45,2.5,0.75,2.867,1.4616,2.8009,286,685,358
30m,0.55,4.5,2.0,3.1482,1.4608,2.2793,278,673,354
30m,0.45,4.0,1.0,3.2889,1.4607,2.5295,286,685,358
30m,0.575,4.5,2.0,3.1163,1.46,2.3696,277,672,352
30m,0.425,1.5,0.25,2.0824,1.4596,2.4258,287,686,361
30m,0.475,3.0,1.5,2.6638,1.4595,2.9601,285,683,358
30m,0.45,3.0,0.75,2.8777,1.4593,2.7526,286,685,358
30m,0.325,3.5,0.5,3.3148,1.4592,2.4556,288,701,364
30m,0.375,3.5,0.5,3.3073,1.4588,2.458,287,691,363
30m,0.35,1.5,0.25,2.0992,1.4586,2.4492,288,698,363
30m,0.5,2.0,0.5,2.447,1.4585,2.6726,283,679,358
30m,0.375,4.5,1.0,3.5751,1.4577,2.5793,287,691,363
30m,0.45,2.0,1.0,2.482,1.4537,2.6667,286,685,358
30m,0.475,3.5,0.5,3.1034,1.4536,2.6062,285,683,358
30m,0.5,3.5,0.5,3.0557,1.4526,2.7596,283,679,358
30m,0.5,5.0,2.0,3.61,1.4514,2.6721,283,679,358
30m,0.425,2.0,0.5,2.4941,1.4512,2.6339,287,686,361
30m,0.525,3.5,1.0,2.6226,1.4496,2.7342,282,676,356
30m,0.375,2.5,0.75,2.6851,1.4492,2.7147,287,691,363
30m,0.35,2.5,0.75,2.739,1.4485,2.5233,288,698,363
30m,0.525,1.5,0.25,1.8679,1.448,2.6111,282,676,356
30m,0.5,4.0,1.0,3.1996,1.4474,2.4936,283,679,358
30m,0.55,1.5,0.25,1.8301,1.4473,2.287,278,673,354
30m,0.45,2.5,1.0,2.7802,1.447,2.8036,286,685,358
30m,0.375,1.5,0.25,2.0556,1.4467,2.5348,287,691,363
30m,0.525,2.0,1.0,2.2374,1.445,2.6896,282,676,356
30m,0.4,3.5,0.5,3.3137,1.4443,2.3766,287,689,362
30m,0.4,4.0,1.0,3.273,1.4438,2.3574,287,689,362
30m,0.4,2.0,0.5,2.6117,1.4429,2.2978,287,689,362
30m,0.475,2.5,0.5,2.8192,1.4421,2.7429,285,683,358
30m,0.35,4.0,1.0,3.3302,1.4408,2.4864,288,698,363
30m,0.375,4.0,1.0,3.3545,1.4405,2.4826,287,691,363
30m,0.425,2.5,0.5,2.8652,1.4399,2.7629,287,686,361
30m,0.575,4.0,2.0,2.749,1.4395,2.5719,277,672,352
30m,0.5,2.5,1.5,2.6407,1.4394,2.7199,283,679,358
30m,0.55,4.0,1.5,2.9248,1.439,2.4153,278,673,354
30m,0.325,2.5,0.75,2.6016,1.4387,2.2531,288,701,364
30m,0.325,4.0,0.75,3.5366,1.4381,2.4406,288,701,364
30m,0.4,2.5,0.5,2.8725,1.4378,2.8099,287,689,362
30m,0.45,3.0,1.0,2.7186,1.4368,2.7339,286,685,358
30m,0.375,4.5,1.5,3.6527,1.435,2.5232,287,691,363
30m,0.35,4.0,1.5,3.4147,1.434,2.4403,288,698,363
30m,0.475,2.0,0.75,2.5037,1.4338,2.7104,285,683,358
30m,0.475,3.0,2.0,2.6458,1.4333,2.9554,285,683,358
30m,0.425,4.0,1.0,3.3024,1.4322,2.4063,287,686,361
30m,0.375,2.5,1.0,2.4777,1.4306,2.71,287,691,363
30m,0.425,3.5,0.5,3.3337,1.4289,2.4092,287,686,361
30m,0.5,2.0,0.75,2.4194,1.4287,2.6944,283,679,358
30m,0.475,4.0,0.75,3.4249,1.4285,2.6591,285,683,358
30m,0.475,2.5,0.75,2.7548,1.4283,2.7544,285,683,358
30m,0.375,4.0,1.5,3.4143,1.4282,2.4391,287,691,363
30m,0.4,4.5,2.0,3.6244,1.4276,2.3479,287,689,362
30m,0.45,2.0,1.5,2.5546,1.4264,2.6767,286,685,358
30m,0.35,2.5,1.0,2.5076,1.4262,2.514,288,698,363
30m,0.4,4.0,1.5,3.32,1.4262,2.3031,287,689,362
30m,0.425,2.0,0.75,2.4587,1.4259,2.6463,287,686,361
30m,0.5,2.5,2.0,2.6484,1.4257,2.73,283,679,358
30m,0.425,2.5,0.75,2.7918,1.4242,2.7523,287,686,361
30m,0.4,2.5,0.75,2.8007,1.4234,2.7917,287,689,362
30m,0.45,2.5,1.5,2.8358,1.4212,2.8097,286,685,358
30m,0.525,3.5,1.5,2.5523,1.4211,2.7137,282,676,356
30m,0.4,2.0,0.75,2.5952,1.4207,2.3042,287,689,362
30m,0.45,4.0,1.5,3.2801,1.4183,2.4799,286,685,358
30m,0.4,1.5,0.25,2.0881,1.4181,2.4127,287,689,362
30m,0.45,3.0,1.5,2.713,1.4174,2.7161,286,685,358
30m,0.375,2.5,1.5,2.5587,1.4169,2.7082,287,691,363
30m,0.45,3.5,0.5,3.363,1.4165,2.673,286,685,358
30m,0.475,2.5,1.0,2.6993,1.4141,2.7643,285,683,358
30m,0.5,4.0,1.5,3.1414,1.4135,2.4491,283,679,358
30m,0.3,4.5,2.0,3.3474,1.4131,2.6127,288,704,366
30m,0.45,2.0,2.0,2.5713,1.4123,2.6825,286,685,358
30m,0.525,2.0,1.5,2.2567,1.4121,2.704,282,676,356
30m,0.325,2.5,1.0,2.3522,1.4102,2.1058,288,701,364
30m,0.3,3.5,0.5,3.4515,1.4101,2.5316,288,704,366
30m,0.5,1.5,0.5,2.011,1.4101,2.6609,283,679,358
30m,0.35,2.5,1.5,2.6133,1.4083,2.5066,288,698,363
30m,0.4,2.5,1.0,2.6616,1.4073,2.7852,287,689,362
30m,0.425,2.5,1.0,2.6757,1.4073,2.7507,287,686,361
30m,0.425,4.0,1.5,3.3279,1.4044,2.361,287,686,361
30m,0.425,4.5,2.0,3.5424,1.4043,2.3749,287,686,361
30m,0.475,2.0,1.0,2.4616,1.403,2.7259,285,683,358
30m,0.5,2.0,1.0,2.4164,1.4015,2.7088,283,679,358
30m,0.3,2.5,0.5,2.9271,1.4011,2.3007,288,704,366
30m,0.425,2.0,1.0,2.3616,1.4005,2.6565,287,686,361
30m,0.525,4.0,2.0,2.9676,1.3993,2.387,282,676,356
30m,0.4,2.0,1.0,2.4785,1.3983,2.3107,287,689,362
30m,0.375,2.5,2.0,2.5491,1.3971,2.7078,287,691,363
30m,0.575,1.5,0.5,1.883,1.3969,2.4465,277,672,352
30m,0.4,2.5,1.5,2.7651,1.3963,2.7799,287,689,362
30m,0.375,2.0,0.5,2.6064,1.3958,2.3698,287,691,363
30m,0.45,2.5,2.0,2.8433,1.3957,2.814,286,685,358
30m,0.475,4.0,1.0,3.3028,1.3952,2.5026,285,683,358
30m,0.525,2.0,2.0,2.2719,1.395,2.7122,282,676,356
30m,0.375,3.5,0.75,3.1132,1.3941,2.4258,287,691,363
30m,0.425,2.5,1.5,2.7511,1.3939,2.7516,287,686,361
30m,0.45,3.0,2.0,2.6939,1.3894,2.7065,286,685,358
30m,0.475,2.5,1.5,2.7374,1.389,2.7779,285,683,358
30m,0.325,4.0,1.0,3.2641,1.3875,2.3015,288,701,364
30m,0.475,3.5,0.75,2.9651,1.3874,2.5959,285,683,358
30m,0.35,3.0,0.5,3.0285,1.3865,2.3472,288,698,363
30m,0.35,2.5,2.0,2.6035,1.3859,2.5027,288,698,363
30m,0.325,2.5,1.5,2.4706,1.3851,2.0797,288,701,364
30m,0.5,1.5,0.75,2.0229,1.3846,2.6895,283,679,358
30m,0.55,1.5,0.5,1.8442,1.3835,2.3534,278,673,354
30m,0.45,4.5,2.0,3.6978,1.3831,2.5708,286,685,358
30m,0.475,1.5,0.5,1.9753,1.3826,2.6386,285,683,358
30m,0.35,2.0,0.5,2.5981,1.3817,2.3523,288,698,363
30m,0.475,4.5,2.0,3.6851,1.3816,2.5199,285,683,358
30m,0.5,4.5,2.0,3.4749,1.3816,2.47,283,679,358
30m,0.525,3.5,2.0,2.5337,1.3814,2.7023,282,676,356
30m,0.35,3.5,0.75,3.099,1.3812,2.4752,288,698,363
30m,0.35,4.0,2.0,3.3952,1.3783,2.3935,288,698,363
30m,0.4,2.5,2.0,2.7714,1.3783,2.7771,287,689,362
30m,0.4,3.5,0.75,3.1301,1.3783,2.3505,287,689,362
30m,0.325,4.0,1.5,3.3607,1.3775,2.2485,288,701,364
30m,0.5,3.5,0.75,2.9117,1.377,2.7528,283,679,358
30m,0.575,1.5,0.75,1.9087,1.3766,2.4891,277,672,352
30m,0.45,1.5,0.5,1.9716,1.3765,2.5578,286,685,358
30m,0.525,1.5,0.5,1.858,1.3758,2.6603,282,676,356
30m,0.375,4.5,2.0,3.6512,1.3743,2.4678,287,691,363
30m,0.4,2.0,1.5,2.6038,1.3734,2.3199,287,689,362
30m,0.55,4.0,2.0,2.9229,1.3733,2.3944,278,673,354
30m,0.5,1.5,1.0,2.0397,1.3726,2.7081,283,679,358
30m,0.375,4.0,2.0,3.3944,1.3722,2.4106,287,691,363
30m,0.375,2.0,0.75,2.5873,1.372,2.3802,287,691,363
30m,0.4,4.0,2.0,3.3035,1.3714,2.2729,287,689,362
30m,0.425,2.0,1.5,2.4563,1.3707,2.6698,287,686,361
30m,0.5,2.0,1.5,2.4257,1.3701,2.7264,283,679,358
30m,0.425,2.5,2.0,2.7555,1.369,2.7527,287,686,361
30m,0.475,2.0,1.5,2.5119,1.3677,2.7448,285,683,358
30m,0.3,2.5,0.75,2.7749,1.3672,2.3203,288,704,366
30m,0.575,1.5,1.0,1.9331,1.367,2.5157,277,672,352
30m,0.55,1.5,0.75,1.8715,1.3655,2.3901,278,673,354
30m,0.475,2.5,2.0,2.7494,1.3639,2.7862,285,683,358
30m,0.4,2.0,2.0,2.6216,1.3613,2.3253,287,689,362
30m,0.5,1.5,1.5,2.0705,1.3607,2.7309,283,679,358
30m,0.475,3.5,1.0,2.8295,1.3591,2.4529,285,683,358
30m,0.325,3.5,0.75,3.0953,1.3584,2.4207,288,701,364
30m,0.325,2.5,2.0,2.4532,1.3582,2.0661,288,701,364
30m,0.375,3.0,0.5,2.9804,1.3582,2.3058,287,691,363
30m,0.575,1.5,1.5,1.974,1.3575,2.5477,277,672,352
30m,0.425,1.5,0.5,2.0499,1.3573,2.4707,287,686,361
30m,0.55,1.5,1.0,1.897,1.3572,2.4133,278,673,354
30m,0.475,4.0,1.5,3.2833,1.3569,2.4545,285,683,358
30m,0.35,2.0,0.75,2.5711,1.3566,2.3637,288,698,363
30m,0.425,2.0,2.0,2.4714,1.3551,2.6777,287,686,361
30m,0.5,1.5,2.0,2.0915,1.3546,2.7444,283,679,358
30m,0.5,2.0,2.0,2.4345,1.3539,2.7366,283,679,358
30m,0.525,1.5,0.75,1.8759,1.3528,2.6899,282,676,356
30m,0.575,1.5,2.0,2.0027,1.3527,2.5663,277,672,352
30m,0.475,1.5,0.75,1.9856,1.3524,2.6644,285,683,358
30m,0.5,3.5,1.0,2.8179,1.3521,2.6216,283,679,358
30m,0.425,3.5,0.75,3.2372,1.351,2.395,287,686,361
30m,0.475,2.0,2.0,2.5303,1.3494,2.7558,285,683,358
30m,0.55,1.5,1.5,1.939,1.3493,2.441,278,673,354
30m,0.375,2.0,1.0,2.4518,1.349,2.389,287,691,363
30m,0.425,3.0,0.5,2.9575,1.3466,2.3955,287,686,361
30m,0.4,3.5,1.0,2.9225,1.3465,2.1925,287,689,362
30m,0.55,1.5,2.0,1.9679,1.3455,2.4571,278,673,354
30m,0.4,3.0,0.5,2.9306,1.3447,2.3321,287,689,362
30m,0.5,4.0,2.0,3.1303,1.3429,2.4264,283,679,358
30m,0.45,3.5,0.75,3.2633,1.3425,2.6559,286,685,358
30m,0.4,1.5,0.5,2.0512,1.3421,2.4353,287,689,362
30m,0.525,1.5,1.0,1.8964,1.3418,2.7088,282,676,356
30m,0.45,4.0,2.0,3.2609,1.3413,2.4541,286,685,358
30m,0.375,3.5,1.0,2.8842,1.3408,2.2691,287,691,363
30m,0.35,3.0,0.75,2.8991,1.3406,2.3343,288,698,363
30m,0.45,1.5,0.75,1.9798,1.3406,2.5857,286,685,358
30m,0.475,1.5,1.0,1.9625,1.3377,2.6814,285,683,358
30m,0.325,1.5,0.5,2.0865,1.3367,2.3292,288,701,364
30m,0.3,2.5,1.0,2.5445,1.3358,2.1868,288,704,366
30m,0.3,4.0,0.75,3.6401,1.3326,2.5226,288,704,366
30m,0.35,2.0,1.0,2.4067,1.3316,2.3729,288,698,363
30m,0.525,1.5,1.5,1.9323,1.331,2.7317,282,676,356
30m,0.35,1.5,0.5,2.065,1.33,2.4493,288,698,363
30m,0.375,1.5,0.5,2.0082,1.3285,2.5594,287,691,363
30m,0.475,3.5,1.5,2.7975,1.3271,2.418,285,683,358
30m,0.525,1.5,2.0,1.9571,1.3254,2.745,282,676,356
30m,0.35,3.5,1.0,2.8445,1.3238,2.3132,288,698,363
30m,0.375,2.0,1.5,2.5942,1.3237,2.4009,287,691,363
30m,0.45,1.5,1.0,1.9308,1.323,2.6037,286,685,358
30m,0.475,1.5,1.5,2.0332,1.3228,2.7022,285,683,358
30m,0.375,3.0,0.75,2.8363,1.3227,2.2912,287,691,363
30m,0.5,3.5,1.5,2.7477,1.3218,2.5976,283,679,358
30m,0.325,4.0,2.0,3.333,1.3196,2.1952,288,701,364
30m,0.425,1.5,0.75,2.0468,1.3196,2.4998,287,686,361
30m,0.35,3.0,1.0,2.6556,1.3195,2.1798,288,698,363
30m,0.425,3.5,1.0,3.0758,1.3169,2.2462,287,686,361
30m,0.4,1.5,0.75,2.0458,1.3152,2.4534,287,689,362
30m,0.475,1.5,2.0,2.0629,1.3149,2.7145,285,683,358
30m,0.325,1.5,0.75,2.0486,1.3146,2.3437,288,701,364
30m,0.425,3.0,0.75,2.8201,1.3135,2.3889,287,686,361
30m,0.375,2.0,2.0,2.6119,1.3115,2.4079,287,691,363
30m,0.45,3.5,1.0,3.1189,1.3096,2.5062,286,685,358
30m,0.4,3.5,1.5,2.9687,1.3092,2.1478,287,689,362
30m,0.3,3.5,0.75,3.259,1.3088,2.5563,288,704,366
30m,0.375,3.0,1.0,2.6091,1.3078,2.1454,287,691,363
30m,0.3,2.5,1.5,2.6087,1.3076,2.1754,288,704,366
30m,0.325,3.5,1.0,2.8205,1.3074,2.2594,288,701,364
30m,0.3,1.5,0.5,2.1411,1.3072,2.3289,288,704,366
30m,0.4,3.0,0.75,2.8021,1.3054,2.3181,287,689,362
30m,0.375,1.5,0.75,1.9988,1.3051,2.5774,287,691,363
30m,0.45,1.5,1.5,2.0266,1.3049,2.6254,286,685,358
30m,0.35,2.0,1.5,2.5693,1.3041,2.3849,288,698,363
30m,0.35,1.5,0.75,2.0488,1.303,2.4678,288,698,363
30m,0.425,1.5,1.0,1.9682,1.3011,2.5189,287,686,361
30m,0.3,2.5,2.0,2.5864,1.2991,2.1697,288,704,366
30m,0.375,3.5,1.5,2.9435,1.2977,2.2299,287,691,363
30m,0.45,1.5,2.0,2.0561,1.2951,2.6379,286,685,358
30m,0.425,4.0,2.0,3.3136,1.2939,2.3363,287,686,361
30m,0.325,2.0,0.5,2.6194,1.2937,2.3349,288,701,364
30m,0.325,1.5,1.0,1.8797,1.2909,2.3538,288,701,364
30m,0.35,2.0,2.0,2.5844,1.2906,2.3918,288,698,363
30m,0.35,3.0,1.5,2.7435,1.2905,2.144,288,698,363
30m,0.4,1.5,1.0,1.9406,1.2893,2.4655,287,689,362
30m,0.4,3.0,1.0,2.598,1.289,2.1749,287,689,362
30m,0.4,3.5,2.0,2.9517,1.2888,2.1243,287,689,362
30m,0.375,3.0,1.5,2.6703,1.2861,2.1162,287,691,363
30m,0.325,3.0,0.5,2.9289,1.2859,2.237,288,701,364
30m,0.425,3.0,1.0,2.64,1.2833,2.2523,287,686,361
30m,0.475,4.0,2.0,3.2717,1.2826,2.4297,285,683,358
30m,0.3,1.5,0.75,2.1154,1.282,2.336,288,704,366
30m,0.425,1.5,1.5,2.0845,1.2819,2.5421,287,686,361
30m,0.375,1.5,1.0,1.8734,1.2814,2.5894,287,691,363
30m,0.425,3.5,1.5,3.1162,1.2781,2.21,287,686,361
30m,0.35,1.5,1.0,1.8947,1.2775,2.4802,288,698,363
30m,0.375,3.5,2.0,2.9234,1.2749,2.21,287,691,363
30m,0.35,3.5,1.5,2.9283,1.2743,2.2684,288,698,363
30m,0.35,3.0,2.0,2.7231,1.2742,2.1255,288,698,363
30m,0.375,3.0,2.0,2.65,1.274,2.1011,287,691,363
30m,0.45,3.5,1.5,3.1322,1.2718,2.4669,286,685,358
30m,0.425,1.5,2.0,2.1117,1.2715,2.5556,287,686,361
30m,0.325,3.5,1.5,2.9138,1.267,2.2074,288,701,364
30m,0.3,4.0,1.0,3.4079,1.2659,2.3933,288,704,366
30m,0.4,3.0,1.5,2.6472,1.2657,2.1465,287,689,362
30m,0.325,1.5,1.5,2.0706,1.2636,2.3661,288,701,364
30m,0.4,1.5,1.5,2.0804,1.2598,2.4802,287,689,362
30m,0.3,3.5,1.0,3.0238,1.2574,2.4301,288,704,366
30m,0.325,2.0,0.75,2.5651,1.2569,2.328,288,701,364
30m,0.3,1.5,1.0,1.9713,1.2568,2.3421,288,704,366
30m,0.475,3.5,2.0,2.7782,1.2564,2.4002,285,683,358
30m,0.425,3.0,1.5,2.6637,1.2548,2.2296,287,686,361
30m,0.375,1.5,1.5,2.0283,1.2547,2.6039,287,691,363
30m,0.5,3.5,2.0,2.7291,1.2529,2.5862,283,679,358
30m,0.4,3.0,2.0,2.6302,1.2527,2.1321,287,689,362
30m,0.325,1.5,2.0,2.0874,1.2495,2.3729,288,701,364
30m,0.35,1.5,1.5,2.0695,1.2488,2.4952,288,698,363
30m,0.35,3.5,2.0,2.9082,1.2478,2.245,288,698,363
30m,0.3,2.0,0.5,2.7208,1.245,2.3521,288,704,366
30m,0.4,1.5,2.0,2.1062,1.2447,2.4885,287,689,362
30m,0.3,4.0,1.5,3.4764,1.2442,2.3486,288,704,366
30m,0.375,1.5,2.0,2.0534,1.2413,2.6121,287,691,363
30m,0.325,3.5,2.0,2.8843,1.2401,2.1783,288,701,364
30m,0.3,3.5,1.5,3.0842,1.2356,2.405,288,704,366
30m,0.35,1.5,2.0,2.0918,1.2343,2.5035,288,698,363
30m,0.3,1.5,1.5,2.1129,1.2279,2.3499,288,704,366
30m,0.325,2.0,1.0,2.3778,1.2255,2.3295,288,701,364
30m,0.3,2.0,0.75,2.6341,1.2229,2.3571,288,704,366
30m,0.425,3.0,2.0,2.647,1.2213,2.2188,287,686,361
30m,0.325,3.0,0.75,2.7692,1.2209,2.2182,288,701,364
30m,0.3,3.0,0.5,3.0899,1.2133,2.2504,288,704,366
30m,0.3,1.5,2.0,2.1273,1.2129,2.3539,288,704,366
30m,0.3,2.0,1.0,2.4604,1.2035,2.3601,288,704,366
30m,0.425,3.5,2.0,3.1094,1.2009,2.1917,287,686,361
30m,0.45,3.5,2.0,3.1255,1.1965,2.4468,286,685,358
30m,0.325,3.0,1.0,2.5076,1.1921,2.0581,288,701,364
30m,0.325,2.0,1.5,2.5465,1.1907,2.3339,288,701,364
30m,0.3,2.0,1.5,2.5712,1.189,2.3642,288,704,366
30m,0.3,4.0,2.0,3.4661,1.1815,2.2995,288,704,366
30m,0.3,3.5,2.0,3.0614,1.1784,2.3865,288,704,366
30m,0.325,2.0,2.0,2.5504,1.173,2.3366,288,701,364
30m,0.3,2.0,2.0,2.5686,1.1677,2.3663,288,704,366
30m,0.325,3.0,1.5,2.6073,1.1546,2.0181,288,701,364
30m,0.3,3.0,0.75,2.8876,1.1528,2.255,288,704,366
30m,0.325,3.0,2.0,2.5788,1.1334,1.997,288,701,364
30m,0.3,3.0,1.0,2.6493,1.1038,2.1062,288,704,366
30m,0.3,3.0,1.5,2.7038,1.0628,2.0789,288,704,366
30m,0.3,3.0,2.0,2.6772,1.0404,2.0648,288,704,366
