r_target,expiry_days,n,win_rate,avg_gross,avg_net,total_net,tf,split,depth_frac,n_zones
1.5,0.25,2620,0.505,0.9456,-0.4237,-1110.12,10m,train,0.3,3806
1.5,0.5,2620,0.49,0.87,-0.5033,-1318.72,10m,train,0.3,3806
1.5,0.75,2620,0.484,0.8389,-0.535,-1401.8,10m,train,0.3,3806
1.5,1.0,2620,0.481,0.8226,-0.5514,-1444.66,10m,train,0.3,3806
1.5,1.5,2620,0.478,0.8044,-0.5697,-1492.53,10m,train,0.3,3806
1.5,2.0,2620,0.477,0.7939,-0.5802,-1520.1,10m,train,0.3,3806
2.0,0.25,2620,0.473,1.1222,-0.2406,-630.28,10m,train,0.3,3806
2.0,0.5,2620,0.45,0.991,-0.3817,-1000.13,10m,train,0.3,3806
2.0,0.75,2620,0.44,0.9303,-0.4437,-1162.52,10m,train,0.3,3806
2.0,1.0,2620,0.435,0.9014,-0.4726,-1238.32,10m,train,0.3,3806
2.0,1.5,2620,0.433,0.8691,-0.505,-1323.02,10m,train,0.3,3806
2.0,2.0,2620,0.431,0.8506,-0.5235,-1371.48,10m,train,0.3,3806
2.5,0.25,2620,0.442,1.2786,-0.0736,-192.92,10m,train,0.3,3806
2.5,0.5,2620,0.412,1.0924,-0.2788,-730.35,10m,train,0.3,3806
2.5,0.75,2620,0.399,1.0104,-0.3629,-950.83,10m,train,0.3,3806
2.5,1.0,2620,0.394,0.9654,-0.4087,-1070.71,10m,train,0.3,3806
2.5,1.5,2620,0.389,0.9151,-0.4589,-1202.44,10m,train,0.3,3806
2.5,2.0,2620,0.386,0.8868,-0.4873,-1276.79,10m,train,0.3,3806
3.0,0.25,2620,0.426,1.4273,0.0872,228.57,10m,train,0.3,3806
3.0,0.5,2620,0.392,1.2023,-0.1671,-437.7,10m,train,0.3,3806
3.0,0.75,2620,0.376,1.0884,-0.2843,-744.78,10m,train,0.3,3806
3.0,1.0,2620,0.369,1.0334,-0.3402,-891.24,10m,train,0.3,3806
3.0,1.5,2620,0.361,0.9633,-0.4108,-1076.3,10m,train,0.3,3806
3.0,2.0,2620,0.357,0.925,-0.4491,-1176.67,10m,train,0.3,3806
3.5,0.25,2620,0.413,1.5638,0.2378,623.09,10m,train,0.3,3806
3.5,0.5,2620,0.374,1.2993,-0.0677,-177.49,10m,train,0.3,3806
3.5,0.75,2620,0.356,1.1573,-0.2149,-562.94,10m,train,0.3,3806
3.5,1.0,2620,0.348,1.0902,-0.2833,-742.26,10m,train,0.3,3806
3.5,1.5,2620,0.34,1.0086,-0.3654,-957.47,10m,train,0.3,3806
3.5,2.0,2620,0.335,0.9644,-0.4097,-1073.48,10m,train,0.3,3806
4.0,0.25,2620,0.4,1.6251,0.3126,818.93,10m,train,0.3,3806
4.0,0.5,2620,0.356,1.3619,-0.0004,-1.15,10m,train,0.3,3806
4.0,0.75,2620,0.337,1.2055,-0.1659,-434.78,10m,train,0.3,3806
4.0,1.0,2620,0.327,1.1235,-0.2498,-654.49,10m,train,0.3,3806
4.0,1.5,2620,0.318,1.0288,-0.3453,-904.77,10m,train,0.3,3806
4.0,2.0,2620,0.312,0.9775,-0.3966,-1039.2,10m,train,0.3,3806
4.5,0.25,2620,0.392,1.6891,0.3864,1012.29,10m,train,0.3,3806
4.5,0.5,2620,0.347,1.4069,0.0476,124.84,10m,train,0.3,3806
4.5,0.75,2620,0.326,1.2311,-0.1394,-365.3,10m,train,0.3,3806
4.5,1.0,2620,0.316,1.1447,-0.228,-597.33,10m,train,0.3,3806
4.5,1.5,2620,0.305,1.0395,-0.3346,-876.69,10m,train,0.3,3806
4.5,2.0,2620,0.296,0.9802,-0.3939,-1031.93,10m,train,0.3,3806
5.0,0.25,2620,0.386,1.7302,0.4375,1146.14,10m,train,0.3,3806
5.0,0.5,2620,0.339,1.4598,0.1059,277.4,10m,train,0.3,3806
5.0,0.75,2620,0.318,1.2696,-0.0989,-259.2,10m,train,0.3,3806
5.0,1.0,2620,0.306,1.1721,-0.1997,-523.14,10m,train,0.3,3806
5.0,1.5,2620,0.292,1.0579,-0.316,-828.01,10m,train,0.3,3806
5.0,2.0,2620,0.283,0.9926,-0.3814,-999.18,10m,train,0.3,3806
1.5,0.25,2615,0.502,0.9198,-0.45,-1176.64,10m,train,0.325,3806
1.5,0.5,2615,0.488,0.8462,-0.5271,-1378.48,10m,train,0.325,3806
1.5,0.75,2615,0.482,0.8159,-0.5581,-1459.45,10m,train,0.325,3806
1.5,1.0,2615,0.478,0.8,-0.5741,-1501.25,10m,train,0.325,3806
1.5,1.5,2615,0.476,0.7821,-0.592,-1547.98,10m,train,0.325,3806
1.5,2.0,2615,0.475,0.7718,-0.6023,-1574.95,10m,train,0.325,3806
2.0,0.25,2615,0.472,1.1074,-0.2568,-671.52,10m,train,0.325,3806
2.0,0.5,2615,0.45,0.9778,-0.3952,-1033.51,10m,train,0.325,3806
2.0,0.75,2615,0.442,0.9207,-0.4533,-1185.44,10m,train,0.325,3806
2.0,1.0,2615,0.435,0.8935,-0.4806,-1256.79,10m,train,0.325,3806
2.0,1.5,2615,0.433,0.863,-0.5111,-1336.54,10m,train,0.325,3806
2.0,2.0,2615,0.432,0.8455,-0.5286,-1382.22,10m,train,0.325,3806
2.5,0.25,2615,0.44,1.2616,-0.0919,-240.29,10m,train,0.325,3806
2.5,0.5,2615,0.411,1.0799,-0.2917,-762.87,10m,train,0.325,3806
2.5,0.75,2615,0.4,0.9999,-0.3736,-976.9,10m,train,0.325,3806
2.5,1.0,2615,0.393,0.957,-0.417,-1090.55,10m,train,0.325,3806
2.5,1.5,2615,0.389,0.9093,-0.4648,-1215.53,10m,train,0.325,3806
2.5,2.0,2615,0.387,0.8823,-0.4918,-1286.0,10m,train,0.325,3806
3.0,0.25,2615,0.423,1.4019,0.0609,159.34,10m,train,0.325,3806
3.0,0.5,2615,0.389,1.1825,-0.1872,-489.64,10m,train,0.325,3806
3.0,0.75,2615,0.376,1.0705,-0.3024,-790.65,10m,train,0.325,3806
3.0,1.0,2615,0.367,1.0161,-0.3575,-934.93,10m,train,0.325,3806
3.0,1.5,2615,0.361,0.9466,-0.4275,-1118.01,10m,train,0.325,3806
3.0,2.0,2615,0.357,0.9085,-0.4656,-1217.52,10m,train,0.325,3806
3.5,0.25,2615,0.412,1.5645,0.2366,618.61,10m,train,0.325,3806
3.5,0.5,2615,0.374,1.3016,-0.0659,-172.37,10m,train,0.325,3806
3.5,0.75,2615,0.358,1.1622,-0.21,-549.22,10m,train,0.325,3806
3.5,1.0,2615,0.348,1.0961,-0.2775,-725.54,10m,train,0.325,3806
3.5,1.5,2615,0.34,1.0156,-0.3585,-937.44,10m,train,0.325,3806
3.5,2.0,2615,0.335,0.9718,-0.4023,-1052.01,10m,train,0.325,3806
4.0,0.25,2615,0.4,1.6327,0.3187,833.43,10m,train,0.325,3806
4.0,0.5,2615,0.357,1.3851,0.0222,58.12,10m,train,0.325,3806
4.0,0.75,2615,0.34,1.2339,-0.1376,-359.92,10m,train,0.325,3806
4.0,1.0,2615,0.329,1.1542,-0.2191,-572.99,10m,train,0.325,3806
4.0,1.5,2615,0.32,1.0623,-0.3118,-815.4,10m,train,0.325,3806
4.0,2.0,2615,0.315,1.0125,-0.3616,-945.6,10m,train,0.325,3806
4.5,0.25,2615,0.391,1.6757,0.3711,970.37,10m,train,0.325,3806
4.5,0.5,2615,0.347,1.428,0.0687,179.62,10m,train,0.325,3806
4.5,0.75,2615,0.328,1.258,-0.1126,-294.33,10m,train,0.325,3806
4.5,1.0,2615,0.316,1.1742,-0.1985,-519.05,10m,train,0.325,3806
4.5,1.5,2615,0.305,1.0721,-0.302,-789.83,10m,train,0.325,3806
4.5,2.0,2615,0.298,1.0148,-0.3594,-939.71,10m,train,0.325,3806
5.0,0.25,2615,0.384,1.7206,0.4267,1115.7,10m,train,0.325,3806
5.0,0.5,2615,0.339,1.4576,0.1027,268.61,10m,train,0.325,3806
5.0,0.75,2615,0.319,1.2685,-0.1006,-263.05,10m,train,0.325,3806
5.0,1.0,2615,0.306,1.1694,-0.203,-530.86,10m,train,0.325,3806
5.0,1.5,2615,0.293,1.0546,-0.3193,-835.04,10m,train,0.325,3806
5.0,2.0,2615,0.285,0.9897,-0.3843,-1004.96,10m,train,0.325,3806
1.5,0.25,2610,0.502,0.9256,-0.4442,-1159.46,10m,train,0.35,3806
1.5,0.5,2610,0.49,0.8554,-0.5178,-1351.57,10m,train,0.35,3806
1.5,0.75,2610,0.484,0.8265,-0.5472,-1428.29,10m,train,0.35,3806
1.5,1.0,2610,0.48,0.8115,-0.5624,-1467.77,10m,train,0.35,3806
1.5,1.5,2610,0.477,0.7946,-0.5792,-1511.81,10m,train,0.35,3806
1.5,2.0,2610,0.477,0.7849,-0.589,-1537.19,10m,train,0.35,3806
2.0,0.25,2610,0.472,1.1108,-0.2539,-662.57,10m,train,0.35,3806
2.0,0.5,2610,0.452,0.9818,-0.3913,-1021.17,10m,train,0.35,3806
2.0,0.75,2610,0.444,0.934,-0.4398,-1147.85,10m,train,0.35,3806
2.0,1.0,2610,0.439,0.9085,-0.4654,-1214.72,10m,train,0.35,3806
2.0,1.5,2610,0.436,0.8797,-0.4942,-1289.88,10m,train,0.35,3806
2.0,2.0,2610,0.434,0.863,-0.5108,-1333.27,10m,train,0.35,3806
2.5,0.25,2610,0.442,1.248,-0.107,-279.36,10m,train,0.35,3806
2.5,0.5,2610,0.413,1.0785,-0.2929,-764.52,10m,train,0.35,3806
2.5,0.75,2610,0.402,1.0026,-0.3707,-967.56,10m,train,0.35,3806
2.5,1.0,2610,0.396,0.9615,-0.4123,-1076.22,10m,train,0.35,3806
2.5,1.5,2610,0.391,0.9158,-0.4581,-1195.73,10m,train,0.35,3806
2.5,2.0,2610,0.389,0.8899,-0.484,-1263.15,10m,train,0.35,3806
3.0,0.25,2610,0.422,1.4034,0.0619,161.5,10m,train,0.35,3806
3.0,0.5,2610,0.389,1.1895,-0.1801,-469.99,10m,train,0.35,3806
3.0,0.75,2610,0.374,1.0821,-0.2905,-758.2,10m,train,0.35,3806
3.0,1.0,2610,0.367,1.0295,-0.3439,-897.61,10m,train,0.35,3806
3.0,1.5,2610,0.361,0.9619,-0.412,-1075.42,10m,train,0.35,3806
3.0,2.0,2610,0.357,0.9248,-0.4491,-1172.13,10m,train,0.35,3806
3.5,0.25,2610,0.411,1.5575,0.2278,594.62,10m,train,0.35,3806
3.5,0.5,2610,0.374,1.299,-0.0686,-179.1,10m,train,0.35,3806
3.5,0.75,2610,0.357,1.1649,-0.2073,-540.98,10m,train,0.35,3806
3.5,1.0,2610,0.349,1.1001,-0.2733,-713.19,10m,train,0.35,3806
3.5,1.5,2610,0.341,1.0209,-0.353,-921.28,10m,train,0.35,3806
3.5,2.0,2610,0.336,0.9777,-0.3962,-1034.19,10m,train,0.35,3806
4.0,0.25,2610,0.4,1.6339,0.3186,831.44,10m,train,0.35,3806
4.0,0.5,2610,0.36,1.3874,0.0243,63.33,10m,train,0.35,3806
4.0,0.75,2610,0.34,1.2387,-0.1327,-346.3,10m,train,0.35,3806
4.0,1.0,2610,0.33,1.1595,-0.2136,-557.61,10m,train,0.35,3806
4.0,1.5,2610,0.322,1.0684,-0.3055,-797.32,10m,train,0.35,3806
4.0,2.0,2610,0.316,1.0191,-0.3547,-925.84,10m,train,0.35,3806
4.5,0.25,2610,0.39,1.6729,0.3669,957.59,10m,train,0.35,3806
4.5,0.5,2610,0.348,1.4218,0.062,161.71,10m,train,0.35,3806
4.5,0.75,2610,0.327,1.2582,-0.1124,-293.36,10m,train,0.35,3806
4.5,1.0,2610,0.316,1.1742,-0.1984,-517.94,10m,train,0.35,3806
4.5,1.5,2610,0.306,1.0759,-0.298,-777.87,10m,train,0.35,3806
4.5,2.0,2610,0.298,1.0206,-0.3533,-922.09,10m,train,0.35,3806
5.0,0.25,2610,0.384,1.7151,0.4199,1096.04,10m,train,0.35,3806
5.0,0.5,2610,0.339,1.4536,0.0976,254.69,10m,train,0.35,3806
5.0,0.75,2610,0.318,1.2721,-0.0972,-253.8,10m,train,0.35,3806
5.0,1.0,2610,0.305,1.1759,-0.1963,-512.41,10m,train,0.35,3806
5.0,1.5,2610,0.293,1.0643,-0.3096,-807.93,10m,train,0.35,3806
5.0,2.0,2610,0.284,1.0009,-0.3729,-973.35,10m,train,0.35,3806
1.5,0.25,2602,0.507,0.9671,-0.4025,-1047.3,10m,train,0.375,3806
1.5,0.5,2602,0.495,0.8988,-0.4744,-1234.26,10m,train,0.375,3806
1.5,0.75,2602,0.49,0.8727,-0.5008,-1303.0,10m,train,0.375,3806
1.5,1.0,2602,0.488,0.8585,-0.5151,-1340.29,10m,train,0.375,3806
1.5,1.5,2602,0.485,0.8424,-0.5312,-1382.08,10m,train,0.375,3806
1.5,2.0,2602,0.483,0.8331,-0.5404,-1406.25,10m,train,0.375,3806
2.0,0.25,2602,0.476,1.1345,-0.2304,-599.39,10m,train,0.375,3806
2.0,0.5,2602,0.457,1.0159,-0.3569,-928.55,10m,train,0.375,3806
2.0,0.75,2602,0.448,0.9686,-0.4049,-1053.45,10m,train,0.375,3806
2.0,1.0,2602,0.444,0.9434,-0.4301,-1119.23,10m,train,0.375,3806
2.0,1.5,2602,0.44,0.915,-0.4585,-1193.13,10m,train,0.375,3806
2.0,2.0,2602,0.439,0.8986,-0.4749,-1235.79,10m,train,0.375,3806
2.5,0.25,2602,0.447,1.2854,-0.0711,-184.99,10m,train,0.375,3806
2.5,0.5,2602,0.419,1.1159,-0.2556,-665.1,10m,train,0.375,3806
2.5,0.75,2602,0.407,1.043,-0.33,-858.75,10m,train,0.375,3806
2.5,1.0,2602,0.401,1.0026,-0.371,-965.38,10m,train,0.375,3806
2.5,1.5,2602,0.395,0.9583,-0.4153,-1080.53,10m,train,0.375,3806
2.5,2.0,2602,0.394,0.9333,-0.4402,-1145.49,10m,train,0.375,3806
3.0,0.25,2602,0.424,1.4213,0.078,203.03,10m,train,0.375,3806
3.0,0.5,2602,0.392,1.2121,-0.1576,-410.11,10m,train,0.375,3806
3.0,0.75,2602,0.376,1.1092,-0.2632,-684.9,10m,train,0.375,3806
3.0,1.0,2602,0.369,1.0574,-0.3158,-821.65,10m,train,0.375,3806
3.0,1.5,2602,0.363,0.991,-0.3826,-995.56,10m,train,0.375,3806
3.0,2.0,2602,0.36,0.9546,-0.419,-1090.2,10m,train,0.375,3806
3.5,0.25,2602,0.413,1.567,0.2361,614.4,10m,train,0.375,3806
3.5,0.5,2602,0.378,1.3102,-0.0577,-150.24,10m,train,0.375,3806
3.5,0.75,2602,0.359,1.1792,-0.1927,-501.37,10m,train,0.375,3806
3.5,1.0,2602,0.35,1.1153,-0.2578,-670.69,10m,train,0.375,3806
3.5,1.5,2602,0.343,1.0371,-0.3364,-875.44,10m,train,0.375,3806
3.5,2.0,2602,0.339,0.9945,-0.3791,-986.49,10m,train,0.375,3806
4.0,0.25,2602,0.402,1.6595,0.3417,889.08,10m,train,0.375,3806
4.0,0.5,2602,0.364,1.4143,0.0505,131.34,10m,train,0.375,3806
4.0,0.75,2602,0.343,1.2708,-0.1004,-261.23,10m,train,0.375,3806
4.0,1.0,2602,0.333,1.197,-0.1759,-457.73,10m,train,0.375,3806
4.0,1.5,2602,0.325,1.109,-0.2646,-688.39,10m,train,0.375,3806
4.0,2.0,2602,0.32,1.0612,-0.3124,-812.83,10m,train,0.375,3806
4.5,0.25,2602,0.392,1.6917,0.3841,999.39,10m,train,0.375,3806
4.5,0.5,2602,0.351,1.4342,0.0732,190.58,10m,train,0.375,3806
4.5,0.75,2602,0.329,1.2715,-0.0989,-257.37,10m,train,0.375,3806
4.5,1.0,2602,0.319,1.1856,-0.187,-486.49,10m,train,0.375,3806
4.5,1.5,2602,0.309,1.087,-0.2866,-745.82,10m,train,0.375,3806
4.5,2.0,2602,0.302,1.0334,-0.3402,-885.24,10m,train,0.375,3806
5.0,0.25,2602,0.385,1.725,0.4282,1114.12,10m,train,0.375,3806
5.0,0.5,2602,0.342,1.4739,0.1174,305.47,10m,train,0.375,3806
5.0,0.75,2602,0.319,1.3007,-0.0683,-177.81,10m,train,0.375,3806
5.0,1.0,2602,0.307,1.2138,-0.1579,-410.78,10m,train,0.375,3806
5.0,1.5,2602,0.296,1.1067,-0.2669,-694.42,10m,train,0.375,3806
5.0,2.0,2602,0.287,1.0455,-0.3281,-853.8,10m,train,0.375,3806
1.5,0.25,2594,0.507,0.9885,-0.3815,-989.63,10m,train,0.4,3806
1.5,0.5,2594,0.497,0.9257,-0.4478,-1161.6,10m,train,0.4,3806
1.5,0.75,2594,0.492,0.902,-0.4719,-1224.0,10m,train,0.4,3806
1.5,1.0,2594,0.49,0.8891,-0.4848,-1257.63,10m,train,0.4,3806
1.5,1.5,2594,0.488,0.8747,-0.4993,-1295.15,10m,train,0.4,3806
1.5,2.0,2594,0.486,0.8663,-0.5076,-1316.8,10m,train,0.4,3806
2.0,0.25,2594,0.476,1.1245,-0.2421,-627.98,10m,train,0.4,3806
2.0,0.5,2594,0.458,1.0079,-0.3654,-947.91,10m,train,0.4,3806
2.0,0.75,2594,0.449,0.9616,-0.4123,-1069.49,10m,train,0.4,3806
2.0,1.0,2594,0.444,0.9369,-0.437,-1133.66,10m,train,0.4,3806
2.0,1.5,2594,0.442,0.9091,-0.4648,-1205.74,10m,train,0.4,3806
2.0,2.0,2594,0.44,0.8931,-0.4809,-1247.37,10m,train,0.4,3806
2.5,0.25,2594,0.449,1.281,-0.078,-202.23,10m,train,0.4,3806
2.5,0.5,2594,0.422,1.1133,-0.259,-671.76,10m,train,0.4,3806
2.5,0.75,2594,0.409,1.0394,-0.3345,-867.64,10m,train,0.4,3806
2.5,1.0,2594,0.403,1.0043,-0.3697,-958.99,10m,train,0.4,3806
2.5,1.5,2594,0.397,0.9651,-0.4089,-1060.63,10m,train,0.4,3806
2.5,2.0,2594,0.396,0.9426,-0.4313,-1118.88,10m,train,0.4,3806
3.0,0.25,2594,0.426,1.4217,0.0765,198.55,10m,train,0.4,3806
3.0,0.5,2594,0.394,1.2178,-0.1524,-395.38,10m,train,0.4,3806
3.0,0.75,2594,0.377,1.111,-0.2622,-680.22,10m,train,0.4,3806
3.0,1.0,2594,0.371,1.0581,-0.3159,-819.55,10m,train,0.4,3806
3.0,1.5,2594,0.364,0.999,-0.3751,-972.89,10m,train,0.4,3806
3.0,2.0,2594,0.362,0.9656,-0.4084,-1059.35,10m,train,0.4,3806
3.5,0.25,2594,0.416,1.574,0.2415,626.49,10m,train,0.4,3806
3.5,0.5,2594,0.381,1.3153,-0.0536,-138.96,10m,train,0.4,3806
3.5,0.75,2594,0.361,1.1898,-0.1827,-473.96,10m,train,0.4,3806
3.5,1.0,2594,0.353,1.1279,-0.2455,-636.95,10m,train,0.4,3806
3.5,1.5,2594,0.345,1.0515,-0.3225,-836.52,10m,train,0.4,3806
3.5,2.0,2594,0.342,1.0096,-0.3644,-945.21,10m,train,0.4,3806
4.0,0.25,2594,0.403,1.644,0.3229,837.55,10m,train,0.4,3806
4.0,0.5,2594,0.365,1.3989,0.0338,87.67,10m,train,0.4,3806
4.0,0.75,2594,0.343,1.2532,-0.1185,-307.46,10m,train,0.4,3806
4.0,1.0,2594,0.334,1.1803,-0.1931,-500.84,10m,train,0.4,3806
4.0,1.5,2594,0.325,1.0932,-0.2808,-728.41,10m,train,0.4,3806
4.0,2.0,2594,0.321,1.0457,-0.3283,-851.64,10m,train,0.4,3806
4.5,0.25,2594,0.394,1.7153,0.406,1053.27,10m,train,0.4,3806
4.5,0.5,2594,0.354,1.4597,0.0975,252.8,10m,train,0.4,3806
4.5,0.75,2594,0.33,1.2977,-0.0736,-190.79,10m,train,0.4,3806
4.5,1.0,2594,0.32,1.2121,-0.1612,-418.04,10m,train,0.4,3806
4.5,1.5,2594,0.31,1.1144,-0.2596,-673.33,10m,train,0.4,3806
4.5,2.0,2594,0.304,1.0615,-0.3125,-810.62,10m,train,0.4,3806
5.0,0.25,2594,0.386,1.7228,0.4232,1097.91,10m,train,0.4,3806
5.0,0.5,2594,0.343,1.4693,0.1113,288.65,10m,train,0.4,3806
5.0,0.75,2594,0.319,1.2967,-0.0729,-189.0,10m,train,0.4,3806
5.0,1.0,2594,0.308,1.2118,-0.1602,-415.62,10m,train,0.4,3806
5.0,1.5,2594,0.296,1.1071,-0.2669,-692.35,10m,train,0.4,3806
5.0,2.0,2594,0.288,1.0471,-0.3269,-848.0,10m,train,0.4,3806
1.5,0.25,2588,0.508,0.9735,-0.396,-1024.74,10m,train,0.425,3806
1.5,0.5,2588,0.497,0.9123,-0.4606,-1192.11,10m,train,0.425,3806
1.5,0.75,2588,0.494,0.8894,-0.4839,-1252.38,10m,train,0.425,3806
1.5,1.0,2588,0.49,0.877,-0.4964,-1284.71,10m,train,0.425,3806
1.5,1.5,2588,0.488,0.8631,-0.5103,-1320.59,10m,train,0.425,3806
1.5,2.0,2588,0.487,0.8552,-0.5182,-1341.17,10m,train,0.425,3806
2.0,0.25,2588,0.478,1.1141,-0.2525,-653.5,10m,train,0.425,3806
2.0,0.5,2588,0.459,0.999,-0.3737,-967.12,10m,train,0.425,3806
2.0,0.75,2588,0.453,0.9533,-0.42,-1086.96,10m,train,0.425,3806
2.0,1.0,2588,0.446,0.929,-0.4444,-1150.12,10m,train,0.425,3806
2.0,1.5,2588,0.442,0.9016,-0.4718,-1220.97,10m,train,0.425,3806
2.0,2.0,2588,0.441,0.8858,-0.4876,-1261.79,10m,train,0.425,3806
2.5,0.25,2588,0.452,1.2735,-0.0856,-221.51,10m,train,0.425,3806
2.5,0.5,2588,0.424,1.1138,-0.2579,-667.44,10m,train,0.425,3806
2.5,0.75,2588,0.413,1.0426,-0.3306,-855.71,10m,train,0.425,3806
2.5,1.0,2588,0.405,1.009,-0.3644,-943.05,10m,train,0.425,3806
2.5,1.5,2588,0.399,0.9716,-0.4018,-1039.84,10m,train,0.425,3806
2.5,2.0,2588,0.398,0.9502,-0.4232,-1095.11,10m,train,0.425,3806
3.0,0.25,2588,0.429,1.4071,0.0603,155.98,10m,train,0.425,3806
3.0,0.5,2588,0.396,1.2105,-0.1602,-414.63,10m,train,0.425,3806
3.0,0.75,2588,0.383,1.1183,-0.2546,-658.85,10m,train,0.425,3806
3.0,1.0,2588,0.374,1.0714,-0.302,-781.56,10m,train,0.425,3806
3.0,1.5,2588,0.366,1.0185,-0.3549,-918.45,10m,train,0.425,3806
3.0,2.0,2588,0.364,0.9886,-0.3848,-995.89,10m,train,0.425,3806
3.5,0.25,2588,0.417,1.5473,0.2138,553.19,10m,train,0.425,3806
3.5,0.5,2588,0.381,1.2985,-0.0701,-181.33,10m,train,0.425,3806
3.5,0.75,2588,0.364,1.1764,-0.1956,-506.22,10m,train,0.425,3806
3.5,1.0,2588,0.354,1.1161,-0.2568,-664.7,10m,train,0.425,3806
3.5,1.5,2588,0.345,1.0414,-0.332,-859.23,10m,train,0.425,3806
3.5,2.0,2588,0.343,1.0005,-0.3729,-965.15,10m,train,0.425,3806
4.0,0.25,2588,0.406,1.6473,0.3252,841.66,10m,train,0.425,3806
4.0,0.5,2588,0.366,1.4027,0.0371,96.09,10m,train,0.425,3806
4.0,0.75,2588,0.348,1.2619,-0.1096,-283.53,10m,train,0.425,3806
4.0,1.0,2588,0.336,1.1926,-0.1803,-466.67,10m,train,0.425,3806
4.0,1.5,2588,0.327,1.1092,-0.2642,-683.84,10m,train,0.425,3806
4.0,2.0,2588,0.324,1.0637,-0.3097,-801.58,10m,train,0.425,3806
4.5,0.25,2588,0.396,1.6984,0.388,1004.03,10m,train,0.425,3806
4.5,0.5,2588,0.354,1.4569,0.0953,246.62,10m,train,0.425,3806
4.5,0.75,2588,0.333,1.3,-0.0705,-182.51,10m,train,0.425,3806
4.5,1.0,2588,0.321,1.217,-0.1557,-402.91,10m,train,0.425,3806
4.5,1.5,2588,0.311,1.1221,-0.2513,-650.36,10m,train,0.425,3806
4.5,2.0,2588,0.306,1.0708,-0.3026,-783.23,10m,train,0.425,3806
5.0,0.25,2588,0.388,1.7075,0.4062,1051.25,10m,train,0.425,3806
5.0,0.5,2588,0.344,1.4677,0.1098,284.19,10m,train,0.425,3806
5.0,0.75,2588,0.322,1.3088,-0.0604,-156.25,10m,train,0.425,3806
5.0,1.0,2588,0.309,1.2285,-0.143,-370.05,10m,train,0.425,3806
5.0,1.5,2588,0.297,1.1283,-0.2451,-634.37,10m,train,0.425,3806
5.0,2.0,2588,0.291,1.0707,-0.3027,-783.32,10m,train,0.425,3806
1.5,0.25,2581,0.507,0.9335,-0.4359,-1125.06,10m,train,0.45,3806
1.5,0.5,2581,0.496,0.8755,-0.4972,-1283.19,10m,train,0.45,3806
1.5,0.75,2581,0.493,0.8537,-0.5193,-1340.27,10m,train,0.45,3806
1.5,1.0,2581,0.49,0.842,-0.5311,-1370.79,10m,train,0.45,3806
1.5,1.5,2581,0.487,0.8289,-0.5442,-1404.58,10m,train,0.45,3806
1.5,2.0,2581,0.487,0.8214,-0.5517,-1423.94,10m,train,0.45,3806
2.0,0.25,2581,0.478,1.0801,-0.2865,-739.5,10m,train,0.45,3806
2.0,0.5,2581,0.46,0.9679,-0.4046,-1044.21,10m,train,0.45,3806
2.0,0.75,2581,0.453,0.9233,-0.4498,-1160.85,10m,train,0.45,3806
2.0,1.0,2581,0.448,0.8996,-0.4735,-1222.18,10m,train,0.45,3806
2.0,1.5,2581,0.444,0.8729,-0.5002,-1290.94,10m,train,0.45,3806
2.0,2.0,2581,0.442,0.8576,-0.5155,-1330.58,10m,train,0.45,3806
2.5,0.25,2581,0.452,1.2318,-0.1288,-332.51,10m,train,0.45,3806
2.5,0.5,2581,0.426,1.0779,-0.2936,-757.73,10m,train,0.45,3806
2.5,0.75,2581,0.416,1.0093,-0.3637,-938.72,10m,train,0.45,3806
2.5,1.0,2581,0.408,0.9768,-0.3963,-1022.86,10m,train,0.45,3806
2.5,1.5,2581,0.402,0.9406,-0.4325,-1116.3,10m,train,0.45,3806
2.5,2.0,2581,0.4,0.9199,-0.4532,-1169.81,10m,train,0.45,3806
3.0,0.25,2581,0.428,1.3893,0.0405,104.56,10m,train,0.45,3806
3.0,0.5,2581,0.398,1.1971,-0.1736,-447.99,10m,train,0.45,3806
3.0,0.75,2581,0.384,1.1103,-0.2622,-676.77,10m,train,0.45,3806
3.0,1.0,2581,0.376,1.0657,-0.3075,-793.59,10m,train,0.45,3806
3.0,1.5,2581,0.368,1.015,-0.3581,-924.31,10m,train,0.45,3806
3.0,2.0,2581,0.365,0.9863,-0.3868,-998.32,10m,train,0.45,3806
3.5,0.25,2581,0.416,1.5109,0.1742,449.69,10m,train,0.45,3806
3.5,0.5,2581,0.382,1.286,-0.0827,-213.38,10m,train,0.45,3806
3.5,0.75,2581,0.365,1.1722,-0.1996,-515.19,10m,train,0.45,3806
3.5,1.0,2581,0.356,1.1173,-0.2554,-659.13,10m,train,0.45,3806
3.5,1.5,2581,0.346,1.0471,-0.326,-841.47,10m,train,0.45,3806
3.5,2.0,2581,0.343,1.0085,-0.3647,-941.21,10m,train,0.45,3806
4.0,0.25,2581,0.404,1.6221,0.2983,769.78,10m,train,0.45,3806
4.0,0.5,2581,0.367,1.3688,0.0028,7.19,10m,train,0.45,3806
4.0,0.75,2581,0.348,1.2276,-0.1437,-370.82,10m,train,0.45,3806
4.0,1.0,2581,0.337,1.1581,-0.2146,-553.8,10m,train,0.45,3806
4.0,1.5,2581,0.327,1.0743,-0.2989,-771.43,10m,train,0.45,3806
4.0,2.0,2581,0.323,1.0285,-0.3447,-889.76,10m,train,0.45,3806
4.5,0.25,2581,0.395,1.679,0.3666,946.2,10m,train,0.45,3806
4.5,0.5,2581,0.355,1.4298,0.0672,173.54,10m,train,0.45,3806
4.5,0.75,2581,0.334,1.2768,-0.094,-242.63,10m,train,0.45,3806
4.5,1.0,2581,0.322,1.1936,-0.1789,-461.65,10m,train,0.45,3806
4.5,1.5,2581,0.311,1.0982,-0.2749,-709.47,10m,train,0.45,3806
4.5,2.0,2581,0.305,1.0464,-0.3267,-843.17,10m,train,0.45,3806
5.0,0.25,2581,0.386,1.6948,0.3911,1009.52,10m,train,0.45,3806
5.0,0.5,2581,0.343,1.4508,0.0919,237.25,10m,train,0.45,3806
5.0,0.75,2581,0.322,1.2879,-0.0815,-210.34,10m,train,0.45,3806
5.0,1.0,2581,0.31,1.2052,-0.1663,-429.2,10m,train,0.45,3806
5.0,1.5,2581,0.298,1.1041,-0.2691,-694.43,10m,train,0.45,3806
5.0,2.0,2581,0.291,1.0469,-0.3263,-842.08,10m,train,0.45,3806
1.5,0.25,2577,0.507,0.9456,-0.4241,-1092.91,10m,train,0.475,3806
1.5,0.5,2577,0.498,0.8902,-0.4826,-1243.68,10m,train,0.475,3806
1.5,0.75,2577,0.494,0.8704,-0.5026,-1295.2,10m,train,0.475,3806
1.5,1.0,2577,0.491,0.8598,-0.5133,-1322.77,10m,train,0.475,3806
1.5,1.5,2577,0.489,0.848,-0.5251,-1353.22,10m,train,0.475,3806
1.5,2.0,2577,0.488,0.8413,-0.5319,-1370.66,10m,train,0.475,3806
2.0,0.25,2577,0.478,1.0941,-0.2731,-703.71,10m,train,0.475,3806
2.0,0.5,2577,0.462,0.9875,-0.385,-992.08,10m,train,0.475,3806
2.0,0.75,2577,0.455,0.9449,-0.4282,-1103.35,10m,train,0.475,3806
2.0,1.0,2577,0.449,0.9224,-0.4508,-1161.65,10m,train,0.475,3806
2.0,1.5,2577,0.446,0.897,-0.4761,-1226.94,10m,train,0.475,3806
2.0,2.0,2577,0.444,0.8824,-0.4907,-1264.54,10m,train,0.475,3806
2.5,0.25,2577,0.452,1.2498,-0.1116,-287.72,10m,train,0.475,3806
2.5,0.5,2577,0.429,1.105,-0.267,-687.99,10m,train,0.475,3806
2.5,0.75,2577,0.419,1.0472,-0.3259,-839.75,10m,train,0.475,3806
2.5,1.0,2577,0.412,1.0164,-0.3568,-919.37,10m,train,0.475,3806
2.5,1.5,2577,0.407,0.982,-0.3912,-1008.01,10m,train,0.475,3806
2.5,2.0,2577,0.404,0.9623,-0.4109,-1058.93,10m,train,0.475,3806
3.0,0.25,2577,0.43,1.3996,0.0498,128.33,10m,train,0.475,3806
3.0,0.5,2577,0.402,1.2089,-0.162,-417.5,10m,train,0.475,3806
3.0,0.75,2577,0.39,1.1226,-0.25,-644.35,10m,train,0.475,3806
3.0,1.0,2577,0.381,1.078,-0.2952,-760.75,10m,train,0.475,3806
3.0,1.5,2577,0.374,1.0273,-0.3459,-891.44,10m,train,0.475,3806
3.0,2.0,2577,0.37,0.9985,-0.3747,-965.6,10m,train,0.475,3806
3.5,0.25,2577,0.414,1.517,0.1799,463.67,10m,train,0.475,3806
3.5,0.5,2577,0.383,1.2906,-0.0784,-202.06,10m,train,0.475,3806
3.5,0.75,2577,0.367,1.1776,-0.1943,-500.82,10m,train,0.475,3806
3.5,1.0,2577,0.359,1.1226,-0.2502,-644.68,10m,train,0.475,3806
3.5,1.5,2577,0.35,1.0528,-0.3204,-825.6,10m,train,0.475,3806
3.5,2.0,2577,0.345,1.0144,-0.3588,-924.61,10m,train,0.475,3806
4.0,0.25,2577,0.402,1.6053,0.2794,720.1,10m,train,0.475,3806
4.0,0.5,2577,0.368,1.3402,-0.0266,-68.52,10m,train,0.475,3806
4.0,0.75,2577,0.349,1.2048,-0.1667,-429.51,10m,train,0.475,3806
4.0,1.0,2577,0.338,1.1355,-0.2372,-611.22,10m,train,0.475,3806
4.0,1.5,2577,0.329,1.0516,-0.3216,-828.81,10m,train,0.475,3806
4.0,2.0,2577,0.324,1.0055,-0.3677,-947.67,10m,train,0.475,3806
4.5,0.25,2577,0.393,1.6896,0.376,969.01,10m,train,0.475,3806
4.5,0.5,2577,0.355,1.4313,0.0681,175.37,10m,train,0.475,3806
4.5,0.75,2577,0.335,1.2788,-0.0921,-237.31,10m,train,0.475,3806
4.5,1.0,2577,0.324,1.201,-0.1716,-442.21,10m,train,0.475,3806
4.5,1.5,2577,0.313,1.108,-0.2652,-683.49,10m,train,0.475,3806
4.5,2.0,2577,0.306,1.0569,-0.3163,-815.04,10m,train,0.475,3806
5.0,0.25,2577,0.384,1.7128,0.409,1053.89,10m,train,0.475,3806
5.0,0.5,2577,0.344,1.4606,0.1007,259.48,10m,train,0.475,3806
5.0,0.75,2577,0.323,1.2972,-0.073,-188.24,10m,train,0.475,3806
5.0,1.0,2577,0.311,1.2148,-0.1568,-404.16,10m,train,0.475,3806
5.0,1.5,2577,0.299,1.1142,-0.259,-667.51,10m,train,0.475,3806
5.0,2.0,2577,0.292,1.0572,-0.316,-814.4,10m,train,0.475,3806
1.5,0.25,2570,0.507,0.9656,-0.4042,-1038.75,10m,train,0.5,3806
1.5,0.5,2570,0.498,0.9116,-0.4612,-1185.28,10m,train,0.5,3806
1.5,0.75,2570,0.494,0.8924,-0.4807,-1235.37,10m,train,0.5,3806
1.5,1.0,2570,0.491,0.8821,-0.4911,-1262.16,10m,train,0.5,3806
1.5,1.5,2570,0.489,0.8706,-0.5026,-1291.73,10m,train,0.5,3806
1.5,2.0,2570,0.488,0.864,-0.5092,-1308.69,10m,train,0.5,3806
2.0,0.25,2570,0.477,1.098,-0.2698,-693.45,10m,train,0.5,3806
2.0,0.5,2570,0.463,0.9969,-0.3756,-965.38,10m,train,0.5,3806
2.0,0.75,2570,0.456,0.9569,-0.4162,-1069.67,10m,train,0.5,3806
2.0,1.0,2570,0.45,0.9356,-0.4375,-1124.49,10m,train,0.5,3806
2.0,1.5,2570,0.447,0.9117,-0.4614,-1185.88,10m,train,0.5,3806
2.0,2.0,2570,0.446,0.898,-0.4752,-1221.26,10m,train,0.5,3806
2.5,0.25,2570,0.451,1.2269,-0.1358,-349.0,10m,train,0.5,3806
2.5,0.5,2570,0.43,1.0868,-0.2855,-733.77,10m,train,0.5,3806
2.5,0.75,2570,0.42,1.0313,-0.3419,-878.56,10m,train,0.5,3806
2.5,1.0,2570,0.412,1.0015,-0.3717,-955.24,10m,train,0.5,3806
2.5,1.5,2570,0.408,0.9682,-0.405,-1040.83,10m,train,0.5,3806
2.5,2.0,2570,0.405,0.949,-0.4241,-1090.06,10m,train,0.5,3806
3.0,0.25,2570,0.43,1.3686,0.0159,40.9,10m,train,0.5,3806
3.0,0.5,2570,0.403,1.1782,-0.1929,-495.67,10m,train,0.5,3806
3.0,0.75,2570,0.389,1.0942,-0.2785,-715.66,10m,train,0.5,3806
3.0,1.0,2570,0.381,1.0498,-0.3234,-831.19,10m,train,0.5,3806
3.0,1.5,2570,0.374,1.0001,-0.3731,-958.86,10m,train,0.5,3806
3.0,2.0,2570,0.371,0.972,-0.4012,-1031.14,10m,train,0.5,3806
3.5,0.25,2570,0.414,1.5098,0.1711,439.7,10m,train,0.5,3806
3.5,0.5,2570,0.384,1.291,-0.0782,-200.88,10m,train,0.5,3806
3.5,0.75,2570,0.369,1.181,-0.191,-490.87,10m,train,0.5,3806
3.5,1.0,2570,0.36,1.1271,-0.2457,-631.51,10m,train,0.5,3806
3.5,1.5,2570,0.351,1.0584,-0.3148,-809.09,10m,train,0.5,3806
3.5,2.0,2570,0.347,1.0205,-0.3527,-906.41,10m,train,0.5,3806
4.0,0.25,2570,0.403,1.6187,0.2914,748.8,10m,train,0.5,3806
4.0,0.5,2570,0.369,1.355,-0.0123,-31.68,10m,train,0.5,3806
4.0,0.75,2570,0.352,1.219,-0.1527,-392.55,10m,train,0.5,3806
4.0,1.0,2570,0.34,1.1507,-0.2221,-570.73,10m,train,0.5,3806
4.0,1.5,2570,0.331,1.0677,-0.3056,-785.37,10m,train,0.5,3806
4.0,2.0,2570,0.326,1.022,-0.3513,-902.76,10m,train,0.5,3806
4.5,0.25,2570,0.394,1.7087,0.3937,1011.77,10m,train,0.5,3806
4.5,0.5,2570,0.358,1.4585,0.0942,242.11,10m,train,0.5,3806
4.5,0.75,2570,0.339,1.3118,-0.0592,-152.26,10m,train,0.5,3806
4.5,1.0,2570,0.326,1.2371,-0.1356,-348.61,10m,train,0.5,3806
4.5,1.5,2570,0.317,1.1472,-0.226,-580.86,10m,train,0.5,3806
4.5,2.0,2570,0.311,1.0979,-0.2753,-707.58,10m,train,0.5,3806
5.0,0.25,2570,0.384,1.7106,0.4043,1039.0,10m,train,0.5,3806
5.0,0.5,2570,0.346,1.4677,0.1067,274.22,10m,train,0.5,3806
5.0,0.75,2570,0.325,1.307,-0.0635,-163.27,10m,train,0.5,3806
5.0,1.0,2570,0.312,1.224,-0.148,-380.41,10m,train,0.5,3806
5.0,1.5,2570,0.302,1.1271,-0.2462,-632.62,10m,train,0.5,3806
5.0,2.0,2570,0.295,1.0723,-0.301,-773.45,10m,train,0.5,3806
1.5,0.25,2564,0.507,0.9699,-0.3997,-1024.83,10m,train,0.525,3806
1.5,0.5,2564,0.497,0.9186,-0.4539,-1163.93,10m,train,0.525,3806
1.5,0.75,2564,0.494,0.9003,-0.4725,-1211.57,10m,train,0.525,3806
1.5,1.0,2564,0.491,0.8904,-0.4825,-1237.01,10m,train,0.525,3806
1.5,1.5,2564,0.489,0.8795,-0.4934,-1265.06,10m,train,0.525,3806
1.5,2.0,2564,0.489,0.8732,-0.4997,-1281.15,10m,train,0.525,3806
2.0,0.25,2564,0.479,1.1187,-0.2487,-637.57,10m,train,0.525,3806
2.0,0.5,2564,0.465,1.0212,-0.3511,-900.16,10m,train,0.525,3806
2.0,0.75,2564,0.459,0.9827,-0.3901,-1000.18,10m,train,0.525,3806
2.0,1.0,2564,0.453,0.9624,-0.4105,-1052.43,10m,train,0.525,3806
2.0,1.5,2564,0.45,0.9397,-0.4333,-1110.87,10m,train,0.525,3806
2.0,2.0,2564,0.449,0.9265,-0.4464,-1144.55,10m,train,0.525,3806
2.5,0.25,2564,0.452,1.2398,-0.1231,-315.62,10m,train,0.525,3806
2.5,0.5,2564,0.432,1.1024,-0.2697,-691.44,10m,train,0.525,3806
2.5,0.75,2564,0.424,1.0488,-0.324,-830.71,10m,train,0.525,3806
2.5,1.0,2564,0.416,1.0201,-0.3528,-904.65,10m,train,0.525,3806
2.5,1.5,2564,0.412,0.9879,-0.3851,-987.27,10m,train,0.525,3806
2.5,2.0,2564,0.409,0.9693,-0.4036,-1034.84,10m,train,0.525,3806
3.0,0.25,2564,0.43,1.3733,0.0201,51.44,10m,train,0.525,3806
3.0,0.5,2564,0.403,1.1893,-0.1815,-465.42,10m,train,0.525,3806
3.0,0.75,2564,0.391,1.1084,-0.264,-676.99,10m,train,0.525,3806
3.0,1.0,2564,0.383,1.0654,-0.3075,-788.43,10m,train,0.525,3806
3.0,1.5,2564,0.376,1.0174,-0.3555,-911.51,10m,train,0.525,3806
3.0,2.0,2564,0.372,0.9903,-0.3827,-981.15,10m,train,0.525,3806
3.5,0.25,2564,0.417,1.5227,0.1825,468.05,10m,train,0.525,3806
3.5,0.5,2564,0.387,1.3069,-0.0624,-159.9,10m,train,0.525,3806
3.5,0.75,2564,0.372,1.1952,-0.1771,-454.06,10m,train,0.525,3806
3.5,1.0,2564,0.363,1.1406,-0.2323,-595.67,10m,train,0.525,3806
3.5,1.5,2564,0.356,1.0799,-0.2931,-751.4,10m,train,0.525,3806
3.5,2.0,2564,0.351,1.0457,-0.3272,-839.07,10m,train,0.525,3806
4.0,0.25,2564,0.404,1.6393,0.3118,799.42,10m,train,0.525,3806
4.0,0.5,2564,0.371,1.382,0.0149,38.29,10m,train,0.525,3806
4.0,0.75,2564,0.354,1.245,-0.1265,-324.36,10m,train,0.525,3806
4.0,1.0,2564,0.343,1.1782,-0.1942,-498.01,10m,train,0.525,3806
4.0,1.5,2564,0.334,1.0971,-0.2758,-707.25,10m,train,0.525,3806
4.0,2.0,2564,0.329,1.0525,-0.3204,-821.56,10m,train,0.525,3806
4.5,0.25,2564,0.395,1.7246,0.4074,1044.46,10m,train,0.525,3806
4.5,0.5,2564,0.36,1.4718,0.107,274.32,10m,train,0.525,3806
4.5,0.75,2564,0.342,1.3252,-0.0459,-117.76,10m,train,0.525,3806
4.5,1.0,2564,0.33,1.2523,-0.1201,-308.04,10m,train,0.525,3806
4.5,1.5,2564,0.321,1.1651,-0.2079,-533.06,10m,train,0.525,3806
4.5,2.0,2564,0.314,1.1172,-0.2557,-655.7,10m,train,0.525,3806
5.0,0.25,2564,0.387,1.7528,0.4461,1143.9,10m,train,0.525,3806
5.0,0.5,2564,0.349,1.5172,0.1566,401.6,10m,train,0.525,3806
5.0,0.75,2564,0.329,1.348,-0.0226,-57.93,10m,train,0.525,3806
5.0,1.0,2564,0.316,1.2596,-0.1128,-289.12,10m,train,0.525,3806
5.0,1.5,2564,0.306,1.1594,-0.2135,-547.46,10m,train,0.525,3806
5.0,2.0,2564,0.298,1.1049,-0.268,-687.14,10m,train,0.525,3806
1.5,0.25,2561,0.509,0.991,-0.3778,-967.58,10m,train,0.55,3806
1.5,0.5,2561,0.499,0.9441,-0.4277,-1095.31,10m,train,0.55,3806
1.5,0.75,2561,0.496,0.9274,-0.4446,-1138.64,10m,train,0.55,3806
1.5,1.0,2561,0.494,0.9185,-0.4536,-1161.66,10m,train,0.55,3806
1.5,1.5,2561,0.491,0.9087,-0.4635,-1186.97,10m,train,0.55,3806
1.5,2.0,2561,0.491,0.903,-0.4692,-1201.51,10m,train,0.55,3806
2.0,0.25,2561,0.48,1.1142,-0.2525,-646.65,10m,train,0.55,3806
2.0,0.5,2561,0.466,1.023,-0.3485,-892.48,10m,train,0.55,3806
2.0,0.75,2561,0.46,0.987,-0.385,-986.1,10m,train,0.55,3806
2.0,1.0,2561,0.455,0.9681,-0.404,-1034.7,10m,train,0.55,3806
2.0,1.5,2561,0.451,0.9469,-0.4252,-1088.93,10m,train,0.55,3806
2.0,2.0,2561,0.449,0.9347,-0.4374,-1120.17,10m,train,0.55,3806
2.5,0.25,2561,0.453,1.2282,-0.1342,-343.73,10m,train,0.55,3806
2.5,0.5,2561,0.432,1.0974,-0.2739,-701.43,10m,train,0.55,3806
2.5,0.75,2561,0.424,1.0462,-0.3259,-834.6,10m,train,0.55,3806
2.5,1.0,2561,0.418,1.0186,-0.3535,-905.38,10m,train,0.55,3806
2.5,1.5,2561,0.413,0.9877,-0.3844,-984.52,10m,train,0.55,3806
2.5,2.0,2561,0.41,0.9699,-0.4022,-1030.15,10m,train,0.55,3806
3.0,0.25,2561,0.43,1.3768,0.0236,60.34,10m,train,0.55,3806
3.0,0.5,2561,0.405,1.2055,-0.1651,-422.7,10m,train,0.55,3806
3.0,0.75,2561,0.392,1.1385,-0.2332,-597.14,10m,train,0.55,3806
3.0,1.0,2561,0.385,1.0992,-0.2729,-698.97,10m,train,0.55,3806
3.0,1.5,2561,0.379,1.0553,-0.3169,-811.59,10m,train,0.55,3806
3.0,2.0,2561,0.375,1.0304,-0.3418,-875.34,10m,train,0.55,3806
3.5,0.25,2561,0.417,1.5332,0.1922,492.23,10m,train,0.55,3806
3.5,0.5,2561,0.387,1.3272,-0.0415,-106.37,10m,train,0.55,3806
3.5,0.75,2561,0.373,1.2217,-0.1499,-383.82,10m,train,0.55,3806
3.5,1.0,2561,0.365,1.17,-0.2022,-517.77,10m,train,0.55,3806
3.5,1.5,2561,0.358,1.1125,-0.2597,-665.09,10m,train,0.55,3806
3.5,2.0,2561,0.354,1.0801,-0.2921,-747.99,10m,train,0.55,3806
4.0,0.25,2561,0.405,1.6593,0.3313,848.4,10m,train,0.55,3806
4.0,0.5,2561,0.372,1.4193,0.053,135.76,10m,train,0.55,3806
4.0,0.75,2561,0.355,1.2905,-0.0803,-205.66,10m,train,0.55,3806
4.0,1.0,2561,0.345,1.2272,-0.1446,-370.43,10m,train,0.55,3806
4.0,1.5,2561,0.337,1.1502,-0.222,-568.64,10m,train,0.55,3806
4.0,2.0,2561,0.332,1.1079,-0.2643,-676.82,10m,train,0.55,3806
4.5,0.25,2561,0.396,1.7304,0.4118,1054.62,10m,train,0.55,3806
4.5,0.5,2561,0.361,1.4877,0.1233,315.81,10m,train,0.55,3806
4.5,0.75,2561,0.343,1.3462,-0.0242,-61.88,10m,train,0.55,3806
4.5,1.0,2561,0.332,1.276,-0.0956,-244.94,10m,train,0.55,3806
4.5,1.5,2561,0.324,1.1918,-0.1804,-462.0,10m,train,0.55,3806
4.5,2.0,2561,0.318,1.1456,-0.2266,-580.26,10m,train,0.55,3806
5.0,0.25,2561,0.388,1.7702,0.4629,1185.49,10m,train,0.55,3806
5.0,0.5,2561,0.35,1.5326,0.1722,441.01,10m,train,0.55,3806
5.0,0.75,2561,0.33,1.3672,-0.0026,-6.54,10m,train,0.55,3806
5.0,1.0,2561,0.317,1.2861,-0.0855,-218.88,10m,train,0.55,3806
5.0,1.5,2561,0.309,1.1905,-0.1816,-465.13,10m,train,0.55,3806
5.0,2.0,2561,0.301,1.1382,-0.234,-599.17,10m,train,0.55,3806
1.5,0.25,2554,0.508,0.9959,-0.3738,-954.7,10m,train,0.575,3806
1.5,0.5,2554,0.498,0.9544,-0.4181,-1067.9,10m,train,0.575,3806
1.5,0.75,2554,0.495,0.9399,-0.4329,-1105.6,10m,train,0.575,3806
1.5,1.0,2554,0.492,0.9323,-0.4406,-1125.33,10m,train,0.575,3806
1.5,1.5,2554,0.49,0.9239,-0.449,-1146.78,10m,train,0.575,3806
1.5,2.0,2554,0.489,0.9191,-0.4538,-1159.02,10m,train,0.575,3806
2.0,0.25,2554,0.481,1.1065,-0.2618,-668.75,10m,train,0.575,3806
2.0,0.5,2554,0.468,1.0219,-0.3503,-894.74,10m,train,0.575,3806
2.0,0.75,2554,0.462,0.9878,-0.385,-983.21,10m,train,0.575,3806
2.0,1.0,2554,0.457,0.97,-0.403,-1029.15,10m,train,0.575,3806
2.0,1.5,2554,0.454,0.9499,-0.423,-1080.4,10m,train,0.575,3806
2.0,2.0,2554,0.453,0.9383,-0.4346,-1109.91,10m,train,0.575,3806
2.5,0.25,2554,0.454,1.2374,-0.1264,-322.82,10m,train,0.575,3806
2.5,0.5,2554,0.434,1.1114,-0.2607,-665.7,10m,train,0.575,3806
2.5,0.75,2554,0.427,1.0616,-0.3113,-795.03,10m,train,0.575,3806
2.5,1.0,2554,0.421,1.0347,-0.3382,-863.77,10m,train,0.575,3806
2.5,1.5,2554,0.415,1.0046,-0.3683,-940.64,10m,train,0.575,3806
2.5,2.0,2554,0.413,0.9873,-0.3857,-984.95,10m,train,0.575,3806
3.0,0.25,2554,0.433,1.3713,0.0152,38.84,10m,train,0.575,3806
3.0,0.5,2554,0.408,1.1969,-0.1744,-445.54,10m,train,0.575,3806
3.0,0.75,2554,0.395,1.1321,-0.2403,-613.8,10m,train,0.575,3806
3.0,1.0,2554,0.388,1.094,-0.2789,-712.39,10m,train,0.575,3806
3.0,1.5,2554,0.381,1.0513,-0.3216,-821.43,10m,train,0.575,3806
3.0,2.0,2554,0.378,1.0272,-0.3458,-883.08,10m,train,0.575,3806
3.5,0.25,2554,0.417,1.5397,0.1964,501.6,10m,train,0.575,3806
3.5,0.5,2554,0.389,1.3198,-0.0505,-129.09,10m,train,0.575,3806
3.5,0.75,2554,0.374,1.2275,-0.1449,-370.13,10m,train,0.575,3806
3.5,1.0,2554,0.367,1.178,-0.1949,-497.8,10m,train,0.575,3806
3.5,1.5,2554,0.359,1.1227,-0.2503,-639.21,10m,train,0.575,3806
3.5,2.0,2554,0.356,1.0915,-0.2815,-718.94,10m,train,0.575,3806
4.0,0.25,2554,0.404,1.6507,0.3198,816.83,10m,train,0.575,3806
4.0,0.5,2554,0.374,1.3896,0.021,53.59,10m,train,0.575,3806
4.0,0.75,2554,0.356,1.2795,-0.0921,-235.12,10m,train,0.575,3806
4.0,1.0,2554,0.347,1.2192,-0.1534,-391.67,10m,train,0.575,3806
4.0,1.5,2554,0.338,1.145,-0.2279,-582.16,10m,train,0.575,3806
4.0,2.0,2554,0.333,1.1042,-0.2688,-686.43,10m,train,0.575,3806
4.5,0.25,2554,0.397,1.7417,0.4206,1074.29,10m,train,0.575,3806
4.5,0.5,2554,0.363,1.4857,0.1196,305.54,10m,train,0.575,3806
4.5,0.75,2554,0.345,1.3539,-0.0173,-44.27,10m,train,0.575,3806
4.5,1.0,2554,0.335,1.2848,-0.0877,-223.91,10m,train,0.575,3806
4.5,1.5,2554,0.327,1.2015,-0.1715,-438.06,10m,train,0.575,3806
4.5,2.0,2554,0.32,1.1557,-0.2173,-554.94,10m,train,0.575,3806
5.0,0.25,2554,0.388,1.7959,0.4857,1240.59,10m,train,0.575,3806
5.0,0.5,2554,0.353,1.5394,0.1766,451.09,10m,train,0.575,3806
5.0,0.75,2554,0.332,1.3858,0.015,38.26,10m,train,0.575,3806
5.0,1.0,2554,0.321,1.307,-0.0654,-167.09,10m,train,0.575,3806
5.0,1.5,2554,0.311,1.2137,-0.1593,-406.78,10m,train,0.575,3806
5.0,2.0,2554,0.303,1.1626,-0.2104,-537.39,10m,train,0.575,3806
1.5,0.25,2549,0.506,0.9577,-0.4129,-1052.39,10m,train,0.6,3806
1.5,0.5,2549,0.496,0.9145,-0.4588,-1169.5,10m,train,0.6,3806
1.5,0.75,2549,0.492,0.8992,-0.4744,-1209.14,10m,train,0.6,3806
1.5,1.0,2549,0.49,0.8911,-0.4826,-1230.05,10m,train,0.6,3806
1.5,1.5,2549,0.489,0.8821,-0.4915,-1252.89,10m,train,0.6,3806
1.5,2.0,2549,0.487,0.877,-0.4966,-1265.94,10m,train,0.6,3806
2.0,0.25,2549,0.483,1.0855,-0.2841,-724.06,10m,train,0.6,3806
2.0,0.5,2549,0.468,1.0027,-0.3703,-943.93,10m,train,0.6,3806
2.0,0.75,2549,0.463,0.969,-0.4045,-1031.15,10m,train,0.6,3806
2.0,1.0,2549,0.458,0.9513,-0.4223,-1076.5,10m,train,0.6,3806
2.0,1.5,2549,0.456,0.9315,-0.4422,-1127.15,10m,train,0.6,3806
2.0,2.0,2549,0.454,0.92,-0.4536,-1156.33,10m,train,0.6,3806
2.5,0.25,2549,0.456,1.2294,-0.136,-346.71,10m,train,0.6,3806
2.5,0.5,2549,0.435,1.1059,-0.2669,-680.27,10m,train,0.6,3806
2.5,0.75,2549,0.429,1.0569,-0.3167,-807.19,10m,train,0.6,3806
2.5,1.0,2549,0.423,1.0306,-0.3431,-874.58,10m,train,0.6,3806
2.5,1.5,2549,0.419,1.001,-0.3726,-949.87,10m,train,0.6,3806
2.5,2.0,2549,0.417,0.984,-0.3897,-993.24,10m,train,0.6,3806
3.0,0.25,2549,0.434,1.3513,-0.0076,-19.39,10m,train,0.6,3806
3.0,0.5,2549,0.409,1.1894,-0.1828,-465.99,10m,train,0.6,3806
3.0,0.75,2549,0.396,1.1288,-0.2444,-622.91,10m,train,0.6,3806
3.0,1.0,2549,0.39,1.092,-0.2817,-718.09,10m,train,0.6,3806
3.0,1.5,2549,0.384,1.0514,-0.3223,-821.53,10m,train,0.6,3806
3.0,2.0,2549,0.381,1.0284,-0.3453,-880.14,10m,train,0.6,3806
3.5,0.25,2549,0.42,1.5196,0.1733,441.7,10m,train,0.6,3806
3.5,0.5,2549,0.391,1.3066,-0.0648,-165.21,10m,train,0.6,3806
3.5,0.75,2549,0.376,1.2172,-0.156,-397.64,10m,train,0.6,3806
3.5,1.0,2549,0.37,1.1689,-0.2048,-522.01,10m,train,0.6,3806
3.5,1.5,2549,0.362,1.1147,-0.259,-660.14,10m,train,0.6,3806
3.5,2.0,2549,0.359,1.0841,-0.2896,-738.13,10m,train,0.6,3806
4.0,0.25,2549,0.406,1.6197,0.2855,727.85,10m,train,0.6,3806
4.0,0.5,2549,0.374,1.3801,0.0099,25.15,10m,train,0.6,3806
4.0,0.75,2549,0.356,1.2719,-0.1007,-256.69,10m,train,0.6,3806
4.0,1.0,2549,0.349,1.2131,-0.1602,-408.33,10m,train,0.6,3806
4.0,1.5,2549,0.341,1.14,-0.2337,-595.72,10m,train,0.6,3806
4.0,2.0,2549,0.335,1.1004,-0.2733,-696.62,10m,train,0.6,3806
4.5,0.25,2549,0.399,1.7212,0.3964,1010.33,10m,train,0.6,3806
4.5,0.5,2549,0.364,1.4755,0.1083,276.08,10m,train,0.6,3806
4.5,0.75,2549,0.345,1.3445,-0.0277,-70.61,10m,train,0.6,3806
4.5,1.0,2549,0.336,1.2766,-0.0967,-246.61,10m,train,0.6,3806
4.5,1.5,2549,0.328,1.194,-0.1797,-458.04,10m,train,0.6,3806
4.5,2.0,2549,0.322,1.1494,-0.2244,-571.88,10m,train,0.6,3806
5.0,0.25,2549,0.39,1.7814,0.4684,1193.83,10m,train,0.6,3806
5.0,0.5,2549,0.354,1.5237,0.159,405.21,10m,train,0.6,3806
5.0,0.75,2549,0.333,1.3845,0.0127,32.47,10m,train,0.6,3806
5.0,1.0,2549,0.322,1.3113,-0.0618,-157.56,10m,train,0.6,3806
5.0,1.5,2549,0.313,1.2227,-0.151,-384.84,10m,train,0.6,3806
5.0,2.0,2549,0.305,1.1747,-0.199,-507.29,10m,train,0.6,3806
1.5,0.25,2541,0.507,0.9541,-0.4167,-1058.77,10m,train,0.625,3806
1.5,0.5,2541,0.495,0.9179,-0.4556,-1157.8,10m,train,0.625,3806
1.5,0.75,2541,0.491,0.9035,-0.4703,-1195.15,10m,train,0.625,3806
1.5,1.0,2541,0.488,0.896,-0.478,-1214.49,10m,train,0.625,3806
1.5,1.5,2541,0.488,0.8877,-0.4862,-1235.38,10m,train,0.625,3806
1.5,2.0,2541,0.486,0.8831,-0.4908,-1247.23,10m,train,0.625,3806
2.0,0.25,2541,0.484,1.0915,-0.2782,-706.9,10m,train,0.625,3806
2.0,0.5,2541,0.469,1.0157,-0.3574,-908.27,10m,train,0.625,3806
2.0,0.75,2541,0.462,0.9832,-0.3907,-992.7,10m,train,0.625,3806
2.0,1.0,2541,0.459,0.9661,-0.4079,-1036.37,10m,train,0.625,3806
2.0,1.5,2541,0.457,0.9469,-0.427,-1085.06,10m,train,0.625,3806
2.0,2.0,2541,0.456,0.9359,-0.438,-1113.08,10m,train,0.625,3806
2.5,0.25,2541,0.456,1.2247,-0.1419,-360.61,10m,train,0.625,3806
2.5,0.5,2541,0.435,1.1097,-0.2633,-668.94,10m,train,0.625,3806
2.5,0.75,2541,0.428,1.0624,-0.3114,-791.31,10m,train,0.625,3806
2.5,1.0,2541,0.423,1.0369,-0.337,-856.4,10m,train,0.625,3806
2.5,1.5,2541,0.419,1.0083,-0.3657,-929.15,10m,train,0.625,3806
2.5,2.0,2541,0.418,0.9918,-0.3822,-971.06,10m,train,0.625,3806
3.0,0.25,2541,0.436,1.3454,-0.0151,-38.3,10m,train,0.625,3806
3.0,0.5,2541,0.41,1.1892,-0.1837,-466.85,10m,train,0.625,3806
3.0,0.75,2541,0.398,1.1302,-0.2436,-618.9,10m,train,0.625,3806
3.0,1.0,2541,0.393,1.0986,-0.2754,-699.67,10m,train,0.625,3806
3.0,1.5,2541,0.386,1.0632,-0.3108,-789.75,10m,train,0.625,3806
3.0,2.0,2541,0.384,1.0428,-0.3312,-841.6,10m,train,0.625,3806
3.5,0.25,2541,0.42,1.4755,0.1259,320.01,10m,train,0.625,3806
3.5,0.5,2541,0.39,1.2847,-0.0869,-220.73,10m,train,0.625,3806
3.5,0.75,2541,0.375,1.1997,-0.1737,-441.38,10m,train,0.625,3806
3.5,1.0,2541,0.369,1.1537,-0.2203,-559.75,10m,train,0.625,3806
3.5,1.5,2541,0.362,1.1019,-0.2721,-691.32,10m,train,0.625,3806
3.5,2.0,2541,0.36,1.0727,-0.3013,-765.66,10m,train,0.625,3806
4.0,0.25,2541,0.408,1.6167,0.2807,713.28,10m,train,0.625,3806
4.0,0.5,2541,0.374,1.3856,0.0149,37.82,10m,train,0.625,3806
4.0,0.75,2541,0.356,1.2779,-0.0953,-242.1,10m,train,0.625,3806
4.0,1.0,2541,0.349,1.2184,-0.1556,-395.3,10m,train,0.625,3806
4.0,1.5,2541,0.34,1.1535,-0.2205,-560.33,10m,train,0.625,3806
4.0,2.0,2541,0.336,1.117,-0.257,-652.94,10m,train,0.625,3806
4.5,0.25,2541,0.4,1.7186,0.3926,997.54,10m,train,0.625,3806
4.5,0.5,2541,0.364,1.4769,0.1091,277.17,10m,train,0.625,3806
4.5,0.75,2541,0.344,1.3483,-0.0241,-61.15,10m,train,0.625,3806
4.5,1.0,2541,0.335,1.2818,-0.0918,-233.2,10m,train,0.625,3806
4.5,1.5,2541,0.327,1.2008,-0.1732,-440.15,10m,train,0.625,3806
4.5,2.0,2541,0.323,1.1569,-0.2171,-551.59,10m,train,0.625,3806
5.0,0.25,2541,0.391,1.7642,0.4486,1139.87,10m,train,0.625,3806
5.0,0.5,2541,0.353,1.5008,0.1349,342.88,10m,train,0.625,3806
5.0,0.75,2541,0.333,1.3598,-0.0122,-30.95,10m,train,0.625,3806
5.0,1.0,2541,0.322,1.2856,-0.0878,-223.17,10m,train,0.625,3806
5.0,1.5,2541,0.312,1.1957,-0.1783,-453.15,10m,train,0.625,3806
5.0,2.0,2541,0.306,1.1468,-0.2272,-577.42,10m,train,0.625,3806
1.5,0.25,2536,0.509,0.9628,-0.4081,-1034.93,10m,train,0.65,3806
1.5,0.5,2536,0.498,0.9305,-0.4433,-1124.26,10m,train,0.65,3806
1.5,0.75,2536,0.494,0.9178,-0.4563,-1157.13,10m,train,0.65,3806
1.5,1.0,2536,0.492,0.9113,-0.4629,-1173.9,10m,train,0.65,3806
1.5,1.5,2536,0.491,0.9042,-0.4699,-1191.77,10m,train,0.65,3806
1.5,2.0,2536,0.489,0.9003,-0.4739,-1201.85,10m,train,0.65,3806
2.0,0.25,2536,0.486,1.0926,-0.2775,-703.81,10m,train,0.65,3806
2.0,0.5,2536,0.472,1.0219,-0.3517,-891.84,10m,train,0.65,3806
2.0,0.75,2536,0.465,0.9924,-0.3817,-967.97,10m,train,0.65,3806
2.0,1.0,2536,0.461,0.9771,-0.3971,-1007.16,10m,train,0.65,3806
2.0,1.5,2536,0.458,0.9599,-0.4143,-1050.74,10m,train,0.65,3806
2.0,2.0,2536,0.457,0.95,-0.4242,-1075.84,10m,train,0.65,3806
2.5,0.25,2536,0.456,1.2119,-0.1551,-393.39,10m,train,0.65,3806
2.5,0.5,2536,0.436,1.1068,-0.2665,-675.86,10m,train,0.65,3806
2.5,0.75,2536,0.429,1.0628,-0.3113,-789.38,10m,train,0.65,3806
2.5,1.0,2536,0.424,1.0392,-0.335,-849.54,10m,train,0.65,3806
2.5,1.5,2536,0.419,1.0127,-0.3615,-916.69,10m,train,0.65,3806
2.5,2.0,2536,0.418,0.9975,-0.3767,-955.37,10m,train,0.65,3806
3.0,0.25,2536,0.439,1.3319,-0.0297,-75.38,10m,train,0.65,3806
3.0,0.5,2536,0.414,1.183,-0.1902,-482.34,10m,train,0.65,3806
3.0,0.75,2536,0.403,1.126,-0.2481,-629.1,10m,train,0.65,3806
3.0,1.0,2536,0.397,1.0954,-0.2788,-707.08,10m,train,0.65,3806
3.0,1.5,2536,0.39,1.0611,-0.3131,-794.01,10m,train,0.65,3806
3.0,2.0,2536,0.387,1.0414,-0.3328,-844.02,10m,train,0.65,3806
3.5,0.25,2536,0.421,1.4583,0.1061,269.16,10m,train,0.65,3806
3.5,0.5,2536,0.393,1.2842,-0.0876,-222.04,10m,train,0.65,3806
3.5,0.75,2536,0.379,1.205,-0.1686,-427.65,10m,train,0.65,3806
3.5,1.0,2536,0.372,1.1621,-0.2121,-537.97,10m,train,0.65,3806
3.5,1.5,2536,0.364,1.1138,-0.2605,-660.52,10m,train,0.65,3806
3.5,2.0,2536,0.362,1.0865,-0.2877,-729.67,10m,train,0.65,3806
4.0,0.25,2536,0.411,1.6254,0.2865,726.54,10m,train,0.65,3806
4.0,0.5,2536,0.379,1.4078,0.0365,92.45,10m,train,0.65,3806
4.0,0.75,2536,0.361,1.3074,-0.0661,-167.53,10m,train,0.65,3806
4.0,1.0,2536,0.353,1.2515,-0.1228,-311.34,10m,train,0.65,3806
4.0,1.5,2536,0.345,1.1904,-0.1839,-466.3,10m,train,0.65,3806
4.0,2.0,2536,0.34,1.1561,-0.2181,-553.16,10m,train,0.65,3806
4.5,0.25,2536,0.401,1.7194,0.3917,993.23,10m,train,0.65,3806
4.5,0.5,2536,0.366,1.4824,0.1136,288.16,10m,train,0.65,3806
4.5,0.75,2536,0.347,1.3574,-0.0155,-39.39,10m,train,0.65,3806
4.5,1.0,2536,0.338,1.2933,-0.0806,-204.3,10m,train,0.65,3806
4.5,1.5,2536,0.33,1.2151,-0.1592,-403.71,10m,train,0.65,3806
4.5,2.0,2536,0.324,1.1727,-0.2015,-511.05,10m,train,0.65,3806
5.0,0.25,2536,0.394,1.7677,0.4494,1139.68,10m,train,0.65,3806
5.0,0.5,2536,0.356,1.5145,0.1477,374.68,10m,train,0.65,3806
5.0,0.75,2536,0.336,1.3798,0.0074,18.66,10m,train,0.65,3806
5.0,1.0,2536,0.325,1.3086,-0.0652,-165.36,10m,train,0.65,3806
5.0,1.5,2536,0.315,1.2224,-0.1518,-384.96,10m,train,0.65,3806
5.0,2.0,2536,0.308,1.1757,-0.1985,-503.38,10m,train,0.65,3806
1.5,0.25,2530,0.51,0.9582,-0.4126,-1043.96,10m,train,0.675,3806
1.5,0.5,2530,0.5,0.9267,-0.447,-1130.85,10m,train,0.675,3806
1.5,0.75,2530,0.496,0.9163,-0.4577,-1158.09,10m,train,0.675,3806
1.5,1.0,2530,0.495,0.911,-0.4631,-1171.72,10m,train,0.675,3806
1.5,1.5,2530,0.493,0.9054,-0.4687,-1185.9,10m,train,0.675,3806
1.5,2.0,2530,0.492,0.9023,-0.4718,-1193.72,10m,train,0.675,3806
2.0,0.25,2530,0.487,1.1175,-0.2528,-639.56,10m,train,0.675,3806
2.0,0.5,2530,0.474,1.0527,-0.3208,-811.6,10m,train,0.675,3806
2.0,0.75,2530,0.469,1.0256,-0.3485,-881.65,10m,train,0.675,3806
2.0,1.0,2530,0.466,1.0116,-0.3626,-917.35,10m,train,0.675,3806
2.0,1.5,2530,0.461,0.996,-0.3782,-956.81,10m,train,0.675,3806
2.0,2.0,2530,0.46,0.987,-0.3871,-979.42,10m,train,0.675,3806
2.5,0.25,2530,0.458,1.2325,-0.1344,-340.12,10m,train,0.675,3806
2.5,0.5,2530,0.439,1.1313,-0.2419,-611.99,10m,train,0.675,3806
2.5,0.75,2530,0.434,1.0891,-0.285,-720.98,10m,train,0.675,3806
2.5,1.0,2530,0.429,1.0665,-0.3076,-778.3,10m,train,0.675,3806
2.5,1.5,2530,0.423,1.0414,-0.3328,-841.91,10m,train,0.675,3806
2.5,2.0,2530,0.421,1.027,-0.3472,-878.37,10m,train,0.675,3806
3.0,0.25,2530,0.438,1.3275,-0.0345,-87.23,10m,train,0.675,3806
3.0,0.5,2530,0.415,1.1897,-0.1834,-463.93,10m,train,0.675,3806
3.0,0.75,2530,0.405,1.1353,-0.2387,-603.82,10m,train,0.675,3806
3.0,1.0,2530,0.4,1.1062,-0.268,-677.98,10m,train,0.675,3806
3.0,1.5,2530,0.392,1.0736,-0.3006,-760.46,10m,train,0.675,3806
3.0,2.0,2530,0.39,1.0549,-0.3193,-807.81,10m,train,0.675,3806
3.5,0.25,2530,0.419,1.4492,0.0958,242.27,10m,train,0.675,3806
3.5,0.5,2530,0.394,1.2757,-0.0962,-243.47,10m,train,0.675,3806
3.5,0.75,2530,0.38,1.2026,-0.171,-432.64,10m,train,0.675,3806
3.5,1.0,2530,0.375,1.1608,-0.2134,-539.81,10m,train,0.675,3806
3.5,1.5,2530,0.366,1.1143,-0.2599,-657.48,10m,train,0.675,3806
3.5,2.0,2530,0.364,1.0881,-0.2861,-723.83,10m,train,0.675,3806
4.0,0.25,2530,0.41,1.6171,0.2769,700.66,10m,train,0.675,3806
4.0,0.5,2530,0.381,1.4054,0.034,86.13,10m,train,0.675,3806
4.0,0.75,2530,0.364,1.3089,-0.0645,-163.23,10m,train,0.675,3806
4.0,1.0,2530,0.357,1.2552,-0.119,-301.09,10m,train,0.675,3806
4.0,1.5,2530,0.347,1.1966,-0.1776,-449.24,10m,train,0.675,3806
4.0,2.0,2530,0.343,1.1639,-0.2103,-532.11,10m,train,0.675,3806
4.5,0.25,2530,0.4,1.7061,0.376,951.34,10m,train,0.675,3806
4.5,0.5,2530,0.369,1.4836,0.1143,289.27,10m,train,0.675,3806
4.5,0.75,2530,0.351,1.3651,-0.0078,-19.68,10m,train,0.675,3806
4.5,1.0,2530,0.342,1.3038,-0.07,-177.1,10m,train,0.675,3806
4.5,1.5,2530,0.333,1.2285,-0.1457,-368.59,10m,train,0.675,3806
4.5,2.0,2530,0.328,1.1878,-0.1864,-471.56,10m,train,0.675,3806
5.0,0.25,2530,0.394,1.7714,0.4501,1138.72,10m,train,0.675,3806
5.0,0.5,2530,0.36,1.524,0.1567,396.35,10m,train,0.675,3806
5.0,0.75,2530,0.341,1.3915,0.019,48.02,10m,train,0.675,3806
5.0,1.0,2530,0.33,1.3232,-0.0506,-128.09,10m,train,0.675,3806
5.0,1.5,2530,0.32,1.2403,-0.1339,-338.77,10m,train,0.675,3806
5.0,2.0,2530,0.313,1.1954,-0.1788,-452.3,10m,train,0.675,3806
1.5,0.25,2521,0.514,0.9896,-0.382,-963.1,10m,train,0.7,3806
1.5,0.5,2521,0.507,0.9614,-0.4131,-1041.47,10m,train,0.7,3806
1.5,0.75,2521,0.502,0.9524,-0.4225,-1065.11,10m,train,0.7,3806
1.5,1.0,2521,0.5,0.9479,-0.4271,-1076.61,10m,train,0.7,3806
1.5,1.5,2521,0.497,0.9433,-0.4317,-1088.27,10m,train,0.7,3806
1.5,2.0,2521,0.497,0.9408,-0.4342,-1094.58,10m,train,0.7,3806
2.0,0.25,2521,0.486,1.1109,-0.2601,-655.79,10m,train,0.7,3806
2.0,0.5,2521,0.475,1.0498,-0.3246,-818.35,10m,train,0.7,3806
2.0,0.75,2521,0.469,1.0239,-0.3509,-884.74,10m,train,0.7,3806
2.0,1.0,2521,0.467,1.0108,-0.3642,-918.15,10m,train,0.7,3806
2.0,1.5,2521,0.463,0.9962,-0.3787,-954.81,10m,train,0.7,3806
2.0,2.0,2521,0.462,0.988,-0.387,-975.69,10m,train,0.7,3806
2.5,0.25,2521,0.459,1.2405,-0.1278,-322.13,10m,train,0.7,3806
2.5,0.5,2521,0.441,1.1428,-0.2312,-582.9,10m,train,0.7,3806
2.5,0.75,2521,0.435,1.102,-0.2729,-687.97,10m,train,0.7,3806
2.5,1.0,2521,0.431,1.0802,-0.2948,-743.25,10m,train,0.7,3806
2.5,1.5,2521,0.426,1.0558,-0.3192,-804.63,10m,train,0.7,3806
2.5,2.0,2521,0.424,1.0419,-0.3331,-839.83,10m,train,0.7,3806
3.0,0.25,2521,0.439,1.319,-0.0444,-111.96,10m,train,0.7,3806
3.0,0.5,2521,0.418,1.1859,-0.1881,-474.08,10m,train,0.7,3806
3.0,0.75,2521,0.407,1.1327,-0.2422,-610.54,10m,train,0.7,3806
3.0,1.0,2521,0.402,1.1042,-0.2708,-682.63,10m,train,0.7,3806
3.0,1.5,2521,0.395,1.0724,-0.3026,-762.85,10m,train,0.7,3806
3.0,2.0,2521,0.393,1.0542,-0.3208,-808.85,10m,train,0.7,3806
3.5,0.25,2521,0.421,1.4759,0.1209,304.91,10m,train,0.7,3806
3.5,0.5,2521,0.397,1.3035,-0.0697,-175.6,10m,train,0.7,3806
3.5,0.75,2521,0.384,1.2373,-0.1371,-345.67,10m,train,0.7,3806
3.5,1.0,2521,0.378,1.1986,-0.1765,-444.85,10m,train,0.7,3806
3.5,1.5,2521,0.37,1.1552,-0.2198,-554.22,10m,train,0.7,3806
3.5,2.0,2521,0.369,1.1307,-0.2443,-615.92,10m,train,0.7,3806
4.0,0.25,2521,0.41,1.6036,0.2595,654.29,10m,train,0.7,3806
4.0,0.5,2521,0.384,1.3958,0.0236,59.54,10m,train,0.7,3806
4.0,0.75,2521,0.368,1.3042,-0.0701,-176.79,10m,train,0.7,3806
4.0,1.0,2521,0.359,1.2527,-0.1224,-308.49,10m,train,0.7,3806
4.0,1.5,2521,0.35,1.1966,-0.1784,-449.84,10m,train,0.7,3806
4.0,2.0,2521,0.347,1.1653,-0.2098,-528.82,10m,train,0.7,3806
4.5,0.25,2521,0.401,1.7221,0.3895,981.98,10m,train,0.7,3806
4.5,0.5,2521,0.371,1.4999,0.1294,326.23,10m,train,0.7,3806
4.5,0.75,2521,0.355,1.3849,0.0108,27.19,10m,train,0.7,3806
4.5,1.0,2521,0.345,1.3241,-0.051,-128.53,10m,train,0.7,3806
4.5,1.5,2521,0.336,1.2581,-0.1169,-294.78,10m,train,0.7,3806
4.5,2.0,2521,0.332,1.2213,-0.1537,-387.58,10m,train,0.7,3806
5.0,0.25,2521,0.395,1.7966,0.4722,1190.31,10m,train,0.7,3806
5.0,0.5,2521,0.363,1.5551,0.1858,468.28,10m,train,0.7,3806
5.0,0.75,2521,0.345,1.4279,0.0542,136.54,10m,train,0.7,3806
5.0,1.0,2521,0.333,1.3627,-0.0119,-29.96,10m,train,0.7,3806
5.0,1.5,2521,0.324,1.2835,-0.0915,-230.75,10m,train,0.7,3806
5.0,2.0,2521,0.318,1.2406,-0.1344,-338.83,10m,train,0.7,3806
1.5,0.25,1191,0.47,0.6261,-1.1389,-1356.42,10m,validation,0.3,1381
1.5,0.5,1191,0.461,0.5786,-1.1911,-1418.65,10m,validation,0.3,1381
1.5,0.75,1191,0.458,0.5704,-1.1994,-1428.51,10m,validation,0.3,1381
1.5,1.0,1191,0.453,0.568,-1.2019,-1431.47,10m,validation,0.3,1381
1.5,1.5,1191,0.453,0.5675,-1.2028,-1432.5,10m,validation,0.3,1381
1.5,2.0,1191,0.453,0.5683,-1.2022,-1431.76,10m,validation,0.3,1381
2.0,0.25,1191,0.44,0.7904,-0.9705,-1155.81,10m,validation,0.3,1381
2.0,0.5,1191,0.429,0.7,-1.069,-1273.13,10m,validation,0.3,1381
2.0,0.75,1191,0.425,0.6679,-1.1019,-1312.36,10m,validation,0.3,1381
2.0,1.0,1191,0.418,0.6568,-1.113,-1325.58,10m,validation,0.3,1381
2.0,1.5,1191,0.417,0.6481,-1.1218,-1336.05,10m,validation,0.3,1381
2.0,2.0,1191,0.416,0.6448,-1.1253,-1340.18,10m,validation,0.3,1381
2.5,0.25,1191,0.407,0.9624,-0.7899,-940.82,10m,validation,0.3,1381
2.5,0.5,1191,0.386,0.8041,-0.9647,-1149.0,10m,validation,0.3,1381
2.5,0.75,1191,0.38,0.7554,-1.0145,-1208.21,10m,validation,0.3,1381
2.5,1.0,1191,0.372,0.7349,-1.0349,-1232.53,10m,validation,0.3,1381
2.5,1.5,1191,0.37,0.7161,-1.0537,-1254.98,10m,validation,0.3,1381
2.5,2.0,1191,0.368,0.7077,-1.0622,-1265.05,10m,validation,0.3,1381
3.0,0.25,1191,0.385,1.1265,-0.6153,-732.88,10m,validation,0.3,1381
3.0,0.5,1191,0.362,0.9014,-0.867,-1032.56,10m,validation,0.3,1381
3.0,0.75,1191,0.353,0.8348,-0.9344,-1112.9,10m,validation,0.3,1381
3.0,1.0,1191,0.343,0.8044,-0.9652,-1149.53,10m,validation,0.3,1381
3.0,1.5,1191,0.34,0.7743,-0.9953,-1185.46,10m,validation,0.3,1381
3.0,2.0,1191,0.338,0.76,-1.0097,-1202.58,10m,validation,0.3,1381
3.5,0.25,1191,0.366,1.1053,-0.627,-746.8,10m,validation,0.3,1381
3.5,0.5,1191,0.339,0.8587,-0.907,-1080.27,10m,validation,0.3,1381
3.5,0.75,1191,0.329,0.7847,-0.9833,-1171.14,10m,validation,0.3,1381
3.5,1.0,1191,0.318,0.7479,-1.0213,-1216.42,10m,validation,0.3,1381
3.5,1.5,1191,0.313,0.7106,-1.059,-1261.27,10m,validation,0.3,1381
3.5,2.0,1191,0.311,0.6923,-1.0773,-1283.07,10m,validation,0.3,1381
4.0,0.25,1191,0.358,1.2733,-0.4396,-523.6,10m,validation,0.3,1381
4.0,0.5,1191,0.327,1.0554,-0.7049,-839.59,10m,validation,0.3,1381
4.0,0.75,1191,0.317,0.9573,-0.81,-964.76,10m,validation,0.3,1381
4.0,1.0,1191,0.305,0.9127,-0.8565,-1020.15,10m,validation,0.3,1381
4.0,1.5,1191,0.298,0.8676,-0.9021,-1074.36,10m,validation,0.3,1381
4.0,2.0,1191,0.296,0.8451,-0.9246,-1101.2,10m,validation,0.3,1381
4.5,0.25,1191,0.348,1.3109,-0.3884,-462.53,10m,validation,0.3,1381
4.5,0.5,1191,0.314,1.0808,-0.6759,-804.99,10m,validation,0.3,1381
4.5,0.75,1191,0.303,0.9678,-0.7979,-950.29,10m,validation,0.3,1381
4.5,1.0,1191,0.289,0.9037,-0.8651,-1030.36,10m,validation,0.3,1381
4.5,1.5,1191,0.282,0.8462,-0.9232,-1099.49,10m,validation,0.3,1381
4.5,2.0,1191,0.279,0.8189,-0.9508,-1132.39,10m,validation,0.3,1381
5.0,0.25,1191,0.341,1.3626,-0.3246,-386.63,10m,validation,0.3,1381
5.0,0.5,1191,0.305,1.1791,-0.5728,-682.25,10m,validation,0.3,1381
5.0,0.75,1191,0.293,1.0387,-0.7255,-864.06,10m,validation,0.3,1381
5.0,1.0,1191,0.279,0.9776,-0.7892,-939.97,10m,validation,0.3,1381
5.0,1.5,1191,0.27,0.9249,-0.844,-1005.2,10m,validation,0.3,1381
5.0,2.0,1191,0.267,0.897,-0.8728,-1039.46,10m,validation,0.3,1381
1.5,0.25,1187,0.477,0.7073,-1.0575,-1255.31,10m,validation,0.325,1381
1.5,0.5,1187,0.465,0.6683,-1.1017,-1307.69,10m,validation,0.325,1381
1.5,0.75,1187,0.463,0.6633,-1.1068,-1313.81,10m,validation,0.325,1381
1.5,1.0,1187,0.461,0.6627,-1.1075,-1314.6,10m,validation,0.325,1381
1.5,1.5,1187,0.459,0.6643,-1.1062,-1313.07,10m,validation,0.325,1381
1.5,2.0,1187,0.458,0.6664,-1.1044,-1310.89,10m,validation,0.325,1381
2.0,0.25,1187,0.445,0.841,-0.9198,-1091.76,10m,validation,0.325,1381
2.0,0.5,1187,0.431,0.7606,-1.0087,-1197.34,10m,validation,0.325,1381
2.0,0.75,1187,0.427,0.7317,-1.0384,-1232.59,10m,validation,0.325,1381
2.0,1.0,1187,0.423,0.7224,-1.0477,-1243.6,10m,validation,0.325,1381
2.0,1.5,1187,0.42,0.7158,-1.0544,-1251.53,10m,validation,0.325,1381
2.0,2.0,1187,0.418,0.7138,-1.0566,-1254.15,10m,validation,0.325,1381
2.5,0.25,1187,0.414,1.0339,-0.7187,-853.11,10m,validation,0.325,1381
2.5,0.5,1187,0.389,0.8836,-0.8856,-1051.18,10m,validation,0.325,1381
2.5,0.75,1187,0.383,0.8363,-0.9338,-1108.46,10m,validation,0.325,1381
2.5,1.0,1187,0.378,0.8167,-0.9535,-1131.75,10m,validation,0.325,1381
2.5,1.5,1187,0.375,0.7985,-0.9716,-1153.33,10m,validation,0.325,1381
2.5,2.0,1187,0.373,0.7902,-0.9801,-1163.34,10m,validation,0.325,1381
3.0,0.25,1187,0.389,1.1202,-0.6236,-740.24,10m,validation,0.325,1381
3.0,0.5,1187,0.362,0.906,-0.8635,-1024.93,10m,validation,0.325,1381
3.0,0.75,1187,0.353,0.8388,-0.9312,-1105.37,10m,validation,0.325,1381
3.0,1.0,1187,0.345,0.8083,-0.9617,-1141.54,10m,validation,0.325,1381
3.0,1.5,1187,0.341,0.7783,-0.9917,-1177.18,10m,validation,0.325,1381
3.0,2.0,1187,0.34,0.764,-1.0061,-1194.21,10m,validation,0.325,1381
3.5,0.25,1187,0.371,1.1531,-0.5797,-688.05,10m,validation,0.325,1381
3.5,0.5,1187,0.34,0.91,-0.8562,-1016.37,10m,validation,0.325,1381
3.5,0.75,1187,0.33,0.8332,-0.9353,-1110.21,10m,validation,0.325,1381
3.5,1.0,1187,0.322,0.7953,-0.9746,-1156.91,10m,validation,0.325,1381
3.5,1.5,1187,0.316,0.7569,-1.013,-1202.46,10m,validation,0.325,1381
3.5,2.0,1187,0.313,0.738,-1.0319,-1224.89,10m,validation,0.325,1381
4.0,0.25,1187,0.363,1.3554,-0.3579,-424.86,10m,validation,0.325,1381
4.0,0.5,1187,0.329,1.1225,-0.6402,-759.87,10m,validation,0.325,1381
4.0,0.75,1187,0.318,1.0353,-0.7327,-869.76,10m,validation,0.325,1381
4.0,1.0,1187,0.309,0.9926,-0.777,-922.28,10m,validation,0.325,1381
4.0,1.5,1187,0.302,0.9492,-0.8207,-974.21,10m,validation,0.325,1381
4.0,2.0,1187,0.299,0.9276,-0.8424,-999.9,10m,validation,0.325,1381
4.5,0.25,1187,0.356,1.4114,-0.2881,-341.93,10m,validation,0.325,1381
4.5,0.5,1187,0.319,1.1887,-0.5702,-676.89,10m,validation,0.325,1381
4.5,0.75,1187,0.308,1.0918,-0.6743,-800.42,10m,validation,0.325,1381
4.5,1.0,1187,0.298,1.0307,-0.7386,-876.77,10m,validation,0.325,1381
4.5,1.5,1187,0.291,0.9753,-0.7947,-943.28,10m,validation,0.325,1381
4.5,2.0,1187,0.287,0.9493,-0.8207,-974.22,10m,validation,0.325,1381
5.0,0.25,1187,0.348,1.4237,-0.2653,-314.93,10m,validation,0.325,1381
5.0,0.5,1187,0.308,1.1958,-0.5602,-664.93,10m,validation,0.325,1381
5.0,0.75,1187,0.297,1.0811,-0.6838,-811.68,10m,validation,0.325,1381
5.0,1.0,1187,0.285,1.0179,-0.7506,-890.92,10m,validation,0.325,1381
5.0,1.5,1187,0.275,0.9606,-0.8091,-960.35,10m,validation,0.325,1381
5.0,2.0,1187,0.271,0.9335,-0.8365,-992.93,10m,validation,0.325,1381
1.5,0.25,1184,0.48,0.7685,-0.9969,-1180.3,10m,validation,0.35,1381
1.5,0.5,1184,0.468,0.7247,-1.046,-1238.49,10m,validation,0.35,1381
1.5,0.75,1184,0.466,0.715,-1.0557,-1249.93,10m,validation,0.35,1381
1.5,1.0,1184,0.465,0.7109,-1.0598,-1254.8,10m,validation,0.35,1381
1.5,1.5,1184,0.461,0.7076,-1.0631,-1258.73,10m,validation,0.35,1381
1.5,2.0,1184,0.46,0.7064,-1.0644,-1260.21,10m,validation,0.35,1381
2.0,0.25,1184,0.447,0.842,-0.9201,-1089.46,10m,validation,0.35,1381
2.0,0.5,1184,0.433,0.752,-1.0183,-1205.72,10m,validation,0.35,1381
2.0,0.75,1184,0.43,0.7165,-1.0542,-1248.21,10m,validation,0.35,1381
2.0,1.0,1184,0.427,0.7021,-1.0687,-1265.29,10m,validation,0.35,1381
2.0,1.5,1184,0.421,0.6877,-1.0831,-1282.36,10m,validation,0.35,1381
2.0,2.0,1184,0.42,0.6802,-1.0906,-1291.24,10m,validation,0.35,1381
2.5,0.25,1184,0.414,0.9813,-0.7732,-915.51,10m,validation,0.35,1381
2.5,0.5,1184,0.392,0.83,-0.94,-1112.97,10m,validation,0.35,1381
2.5,0.75,1184,0.384,0.7794,-0.9914,-1173.81,10m,validation,0.35,1381
2.5,1.0,1184,0.38,0.7564,-1.0143,-1200.97,10m,validation,0.35,1381
2.5,1.5,1184,0.376,0.7322,-1.0386,-1229.67,10m,validation,0.35,1381
2.5,2.0,1184,0.375,0.7189,-1.0518,-1245.34,10m,validation,0.35,1381
3.0,0.25,1184,0.391,1.1499,-0.5956,-705.2,10m,validation,0.35,1381
3.0,0.5,1184,0.367,0.9418,-0.8282,-980.64,10m,validation,0.35,1381
3.0,0.75,1184,0.356,0.8738,-0.8969,-1061.96,10m,validation,0.35,1381
3.0,1.0,1184,0.348,0.8411,-0.9296,-1100.68,10m,validation,0.35,1381
3.0,1.5,1184,0.343,0.8058,-0.9649,-1142.46,10m,validation,0.35,1381
3.0,2.0,1184,0.342,0.7862,-0.9845,-1165.65,10m,validation,0.35,1381
3.5,0.25,1184,0.375,1.2217,-0.512,-606.24,10m,validation,0.35,1381
3.5,0.5,1184,0.345,0.9961,-0.7708,-912.6,10m,validation,0.35,1381
3.5,0.75,1184,0.334,0.9221,-0.8472,-1003.09,10m,validation,0.35,1381
3.5,1.0,1184,0.327,0.8842,-0.8864,-1049.47,10m,validation,0.35,1381
3.5,1.5,1184,0.32,0.8435,-0.9271,-1097.67,10m,validation,0.35,1381
3.5,2.0,1184,0.318,0.8211,-0.9495,-1124.17,10m,validation,0.35,1381
4.0,0.25,1184,0.366,1.3816,-0.3353,-396.96,10m,validation,0.35,1381
4.0,0.5,1184,0.332,1.1624,-0.6013,-711.89,10m,validation,0.35,1381
4.0,0.75,1184,0.321,1.0798,-0.689,-815.78,10m,validation,0.35,1381
4.0,1.0,1184,0.312,1.0377,-0.7326,-867.4,10m,validation,0.35,1381
4.0,1.5,1184,0.303,0.9926,-0.7781,-921.25,10m,validation,0.35,1381
4.0,2.0,1184,0.302,0.9677,-0.8029,-950.66,10m,validation,0.35,1381
4.5,0.25,1184,0.359,1.4593,-0.2431,-287.81,10m,validation,0.35,1381
4.5,0.5,1184,0.323,1.2252,-0.5349,-633.28,10m,validation,0.35,1381
4.5,0.75,1184,0.312,1.121,-0.6459,-764.79,10m,validation,0.35,1381
4.5,1.0,1184,0.302,1.0541,-0.716,-847.77,10m,validation,0.35,1381
4.5,1.5,1184,0.293,0.9895,-0.7812,-924.93,10m,validation,0.35,1381
4.5,2.0,1184,0.291,0.956,-0.8147,-964.63,10m,validation,0.35,1381
5.0,0.25,1184,0.35,1.4369,-0.2541,-300.89,10m,validation,0.35,1381
5.0,0.5,1184,0.312,1.2085,-0.5483,-649.18,10m,validation,0.35,1381
5.0,0.75,1184,0.299,1.0887,-0.6771,-801.65,10m,validation,0.35,1381
5.0,1.0,1184,0.287,1.0217,-0.7476,-885.14,10m,validation,0.35,1381
5.0,1.5,1184,0.276,0.9579,-0.8125,-961.99,10m,validation,0.35,1381
5.0,2.0,1184,0.272,0.9251,-0.8456,-1001.23,10m,validation,0.35,1381
1.5,0.25,1181,0.478,0.7645,-1.0004,-1181.51,10m,validation,0.375,1381
1.5,0.5,1181,0.466,0.7214,-1.0487,-1238.49,10m,validation,0.375,1381
1.5,0.75,1181,0.463,0.7134,-1.0568,-1248.02,10m,validation,0.375,1381
1.5,1.0,1181,0.462,0.7103,-1.0599,-1251.73,10m,validation,0.375,1381
1.5,1.5,1181,0.461,0.7081,-1.062,-1254.23,10m,validation,0.375,1381
1.5,2.0,1181,0.46,0.7077,-1.0625,-1254.8,10m,validation,0.375,1381
2.0,0.25,1181,0.445,0.8144,-0.9477,-1119.25,10m,validation,0.375,1381
2.0,0.5,1181,0.434,0.7306,-1.0391,-1227.15,10m,validation,0.375,1381
2.0,0.75,1181,0.429,0.6974,-1.0727,-1266.9,10m,validation,0.375,1381
2.0,1.0,1181,0.428,0.6844,-1.0858,-1282.29,10m,validation,0.375,1381
2.0,1.5,1181,0.423,0.6717,-1.0985,-1297.31,10m,validation,0.375,1381
2.0,2.0,1181,0.423,0.6652,-1.1049,-1304.9,10m,validation,0.375,1381
2.5,0.25,1181,0.411,0.9285,-0.8259,-975.43,10m,validation,0.375,1381
2.5,0.5,1181,0.391,0.779,-0.9903,-1169.52,10m,validation,0.375,1381
2.5,0.75,1181,0.384,0.7288,-1.0414,-1229.89,10m,validation,0.375,1381
2.5,1.0,1181,0.381,0.706,-1.0641,-1256.72,10m,validation,0.375,1381
2.5,1.5,1181,0.377,0.6822,-1.088,-1284.93,10m,validation,0.375,1381
2.5,2.0,1181,0.377,0.6692,-1.101,-1300.25,10m,validation,0.375,1381
3.0,0.25,1181,0.388,1.1006,-0.6446,-761.22,10m,validation,0.375,1381
3.0,0.5,1181,0.364,0.9028,-0.8664,-1023.26,10m,validation,0.375,1381
3.0,0.75,1181,0.355,0.8387,-0.9314,-1099.96,10m,validation,0.375,1381
3.0,1.0,1181,0.347,0.8085,-0.9616,-1135.67,10m,validation,0.375,1381
3.0,1.5,1181,0.343,0.7762,-0.9939,-1173.83,10m,validation,0.375,1381
3.0,2.0,1181,0.343,0.7584,-1.0117,-1194.8,10m,validation,0.375,1381
3.5,0.25,1181,0.371,1.1708,-0.5638,-665.85,10m,validation,0.375,1381
3.5,0.5,1181,0.343,0.9507,-0.8165,-964.32,10m,validation,0.375,1381
3.5,0.75,1181,0.333,0.8778,-0.8912,-1052.49,10m,validation,0.375,1381
3.5,1.0,1181,0.325,0.8403,-0.9297,-1097.99,10m,validation,0.375,1381
3.5,1.5,1181,0.32,0.7999,-0.9701,-1145.66,10m,validation,0.375,1381
3.5,2.0,1181,0.32,0.7777,-0.9923,-1171.91,10m,validation,0.375,1381
4.0,0.25,1181,0.363,1.3331,-0.3861,-455.98,10m,validation,0.375,1381
4.0,0.5,1181,0.331,1.1115,-0.6525,-770.57,10m,validation,0.375,1381
4.0,0.75,1181,0.321,1.0279,-0.7404,-874.43,10m,validation,0.375,1381
4.0,1.0,1181,0.312,0.9859,-0.7839,-925.73,10m,validation,0.375,1381
4.0,1.5,1181,0.307,0.941,-0.829,-979.08,10m,validation,0.375,1381
4.0,2.0,1181,0.306,0.9165,-0.8536,-1008.08,10m,validation,0.375,1381
4.5,0.25,1181,0.354,1.4324,-0.2707,-319.66,10m,validation,0.375,1381
4.5,0.5,1181,0.32,1.2033,-0.5564,-657.07,10m,validation,0.375,1381
4.5,0.75,1181,0.31,1.097,-0.6706,-791.96,10m,validation,0.375,1381
4.5,1.0,1181,0.3,1.0477,-0.722,-852.73,10m,validation,0.375,1381
4.5,1.5,1181,0.294,0.9951,-0.7751,-915.35,10m,validation,0.375,1381
4.5,2.0,1181,0.292,0.9663,-0.8039,-949.43,10m,validation,0.375,1381
5.0,0.25,1181,0.345,1.4027,-0.2892,-341.59,10m,validation,0.375,1381
5.0,0.5,1181,0.308,1.1814,-0.5755,-679.68,10m,validation,0.375,1381
5.0,0.75,1181,0.296,1.0601,-0.7059,-833.62,10m,validation,0.375,1381
5.0,1.0,1181,0.285,0.9914,-0.778,-918.79,10m,validation,0.375,1381
5.0,1.5,1181,0.277,0.9254,-0.8448,-997.72,10m,validation,0.375,1381
5.0,2.0,1181,0.274,0.8914,-0.8787,-1037.76,10m,validation,0.375,1381
1.5,0.25,1179,0.486,0.8583,-0.908,-1070.52,10m,validation,0.4,1381
1.5,0.5,1179,0.476,0.8235,-0.948,-1117.65,10m,validation,0.4,1381
1.5,0.75,1179,0.472,0.8187,-0.9528,-1123.34,10m,validation,0.4,1381
1.5,1.0,1179,0.471,0.8174,-0.954,-1124.82,10m,validation,0.4,1381
1.5,1.5,1179,0.468,0.8175,-0.954,-1124.74,10m,validation,0.4,1381
1.5,2.0,1179,0.468,0.8183,-0.9532,-1123.78,10m,validation,0.4,1381
2.0,0.25,1179,0.444,0.834,-0.93,-1096.52,10m,validation,0.4,1381
2.0,0.5,1179,0.433,0.755,-1.0162,-1198.09,10m,validation,0.4,1381
2.0,0.75,1179,0.429,0.7325,-1.039,-1224.95,10m,validation,0.4,1381
2.0,1.0,1179,0.428,0.7214,-1.0501,-1238.09,10m,validation,0.4,1381
2.0,1.5,1179,0.423,0.7101,-1.0614,-1251.38,10m,validation,0.4,1381
2.0,2.0,1179,0.422,0.7043,-1.0672,-1258.24,10m,validation,0.4,1381
2.5,0.25,1179,0.414,0.9672,-0.7898,-931.2,10m,validation,0.4,1381
2.5,0.5,1179,0.396,0.8232,-0.9474,-1116.96,10m,validation,0.4,1381
2.5,0.75,1179,0.388,0.775,-0.9964,-1174.79,10m,validation,0.4,1381
2.5,1.0,1179,0.384,0.7536,-1.0179,-1200.05,10m,validation,0.4,1381
2.5,1.5,1179,0.379,0.7313,-1.0402,-1226.38,10m,validation,0.4,1381
2.5,2.0,1179,0.378,0.7193,-1.0522,-1240.56,10m,validation,0.4,1381
3.0,0.25,1179,0.389,1.1245,-0.6222,-733.56,10m,validation,0.4,1381
3.0,0.5,1179,0.367,0.9331,-0.8373,-987.22,10m,validation,0.4,1381
3.0,0.75,1179,0.358,0.8716,-0.8998,-1060.9,10m,validation,0.4,1381
3.0,1.0,1179,0.352,0.8428,-0.9286,-1094.84,10m,validation,0.4,1381
3.0,1.5,1179,0.345,0.8122,-0.9592,-1130.92,10m,validation,0.4,1381
3.0,2.0,1179,0.344,0.7955,-0.976,-1150.66,10m,validation,0.4,1381
3.5,0.25,1179,0.373,1.2285,-0.5093,-600.42,10m,validation,0.4,1381
3.5,0.5,1179,0.348,1.0094,-0.7597,-895.67,10m,validation,0.4,1381
3.5,0.75,1179,0.338,0.9424,-0.8281,-976.36,10m,validation,0.4,1381
3.5,1.0,1179,0.331,0.9078,-0.8636,-1018.15,10m,validation,0.4,1381
3.5,1.5,1179,0.323,0.8705,-0.9009,-1062.14,10m,validation,0.4,1381
3.5,2.0,1179,0.322,0.85,-0.9214,-1086.35,10m,validation,0.4,1381
4.0,0.25,1179,0.362,1.3229,-0.4003,-472.01,10m,validation,0.4,1381
4.0,0.5,1179,0.332,1.095,-0.6707,-790.73,10m,validation,0.4,1381
4.0,0.75,1179,0.322,1.0094,-0.7603,-896.39,10m,validation,0.4,1381
4.0,1.0,1179,0.316,0.9663,-0.8047,-948.8,10m,validation,0.4,1381
4.0,1.5,1179,0.306,0.9202,-0.8512,-1003.54,10m,validation,0.4,1381
4.0,2.0,1179,0.304,0.8949,-0.8764,-1033.32,10m,validation,0.4,1381
4.5,0.25,1179,0.354,1.4302,-0.2764,-325.86,10m,validation,0.4,1381
4.5,0.5,1179,0.321,1.1955,-0.5656,-666.88,10m,validation,0.4,1381
4.5,0.75,1179,0.31,1.085,-0.6841,-806.54,10m,validation,0.4,1381
4.5,1.0,1179,0.303,1.0342,-0.7369,-868.82,10m,validation,0.4,1381
4.5,1.5,1179,0.293,0.9805,-0.791,-932.62,10m,validation,0.4,1381
4.5,2.0,1179,0.29,0.951,-0.8205,-967.36,10m,validation,0.4,1381
5.0,0.25,1179,0.346,1.4047,-0.2921,-344.34,10m,validation,0.4,1381
5.0,0.5,1179,0.31,1.1771,-0.5822,-686.36,10m,validation,0.4,1381
5.0,0.75,1179,0.299,1.0793,-0.6883,-811.47,10m,validation,0.4,1381
5.0,1.0,1179,0.289,1.0158,-0.755,-890.12,10m,validation,0.4,1381
5.0,1.5,1179,0.278,0.9543,-0.8171,-963.38,10m,validation,0.4,1381
5.0,2.0,1179,0.276,0.9227,-0.8487,-1000.67,10m,validation,0.4,1381
1.5,0.25,1178,0.486,0.8522,-0.9143,-1077.07,10m,validation,0.425,1381
1.5,0.5,1178,0.476,0.8195,-0.9521,-1121.61,10m,validation,0.425,1381
1.5,0.75,1178,0.473,0.8153,-0.9563,-1126.52,10m,validation,0.425,1381
1.5,1.0,1178,0.472,0.8144,-0.9572,-1127.6,10m,validation,0.425,1381
1.5,1.5,1178,0.467,0.8149,-0.9568,-1127.11,10m,validation,0.425,1381
1.5,2.0,1178,0.466,0.8158,-0.9558,-1125.95,10m,validation,0.425,1381
2.0,0.25,1178,0.451,0.8544,-0.9097,-1071.67,10m,validation,0.425,1381
2.0,0.5,1178,0.44,0.7891,-0.9823,-1157.09,10m,validation,0.425,1381
2.0,0.75,1178,0.437,0.7705,-1.0011,-1179.34,10m,validation,0.425,1381
2.0,1.0,1178,0.436,0.7615,-1.0101,-1189.95,10m,validation,0.425,1381
2.0,1.5,1178,0.431,0.7527,-1.019,-1200.36,10m,validation,0.425,1381
2.0,2.0,1178,0.43,0.7483,-1.0234,-1205.56,10m,validation,0.425,1381
2.5,0.25,1178,0.415,0.9074,-0.852,-1003.68,10m,validation,0.425,1381
2.5,0.5,1178,0.397,0.766,-1.005,-1183.92,10m,validation,0.425,1381
2.5,0.75,1178,0.39,0.7182,-1.0534,-1240.93,10m,validation,0.425,1381
2.5,1.0,1178,0.388,0.697,-1.0746,-1265.91,10m,validation,0.425,1381
2.5,1.5,1178,0.38,0.6749,-1.0967,-1291.95,10m,validation,0.425,1381
2.5,2.0,1178,0.379,0.663,-1.1087,-1305.99,10m,validation,0.425,1381
3.0,0.25,1178,0.39,1.0753,-0.6731,-792.93,10m,validation,0.425,1381
3.0,0.5,1178,0.367,0.8999,-0.8707,-1025.72,10m,validation,0.425,1381
3.0,0.75,1178,0.357,0.8419,-0.9297,-1095.16,10m,validation,0.425,1381
3.0,1.0,1178,0.353,0.8151,-0.9565,-1126.76,10m,validation,0.425,1381
3.0,1.5,1178,0.344,0.7867,-0.9849,-1160.25,10m,validation,0.425,1381
3.0,2.0,1178,0.343,0.7712,-1.0005,-1178.55,10m,validation,0.425,1381
3.5,0.25,1178,0.374,1.1523,-0.5884,-693.19,10m,validation,0.425,1381
3.5,0.5,1178,0.346,0.9309,-0.8398,-989.34,10m,validation,0.425,1381
3.5,0.75,1178,0.335,0.8597,-0.9119,-1074.17,10m,validation,0.425,1381
3.5,1.0,1178,0.331,0.8257,-0.9458,-1114.21,10m,validation,0.425,1381
3.5,1.5,1178,0.321,0.7893,-0.9823,-1157.15,10m,validation,0.425,1381
3.5,2.0,1178,0.32,0.7692,-1.0024,-1180.84,10m,validation,0.425,1381
4.0,0.25,1178,0.362,1.2431,-0.4838,-569.93,10m,validation,0.425,1381
4.0,0.5,1178,0.33,1.0155,-0.7519,-885.79,10m,validation,0.425,1381
4.0,0.75,1178,0.319,0.936,-0.8342,-982.71,10m,validation,0.425,1381
4.0,1.0,1178,0.315,0.8953,-0.8763,-1032.24,10m,validation,0.425,1381
4.0,1.5,1178,0.304,0.8515,-0.9201,-1083.91,10m,validation,0.425,1381
4.0,2.0,1178,0.302,0.8272,-0.9444,-1112.47,10m,validation,0.425,1381
4.5,0.25,1178,0.354,1.3678,-0.344,-405.21,10m,validation,0.425,1381
4.5,0.5,1178,0.318,1.1153,-0.6485,-763.93,10m,validation,0.425,1381
4.5,0.75,1178,0.307,1.0207,-0.7488,-882.07,10m,validation,0.425,1381
4.5,1.0,1178,0.302,0.9724,-0.7988,-941.01,10m,validation,0.425,1381
4.5,1.5,1178,0.289,0.9204,-0.8512,-1002.7,10m,validation,0.425,1381
4.5,2.0,1178,0.287,0.8916,-0.88,-1036.64,10m,validation,0.425,1381
5.0,0.25,1178,0.349,1.4011,-0.3,-353.34,10m,validation,0.425,1381
5.0,0.5,1178,0.311,1.1707,-0.5905,-695.58,10m,validation,0.425,1381
5.0,0.75,1178,0.299,1.0864,-0.6812,-802.49,10m,validation,0.425,1381
5.0,1.0,1178,0.293,1.0244,-0.7466,-879.45,10m,validation,0.425,1381
5.0,1.5,1178,0.278,0.9631,-0.8085,-952.47,10m,validation,0.425,1381
5.0,2.0,1178,0.276,0.9312,-0.8404,-990.04,10m,validation,0.425,1381
1.5,0.25,1173,0.481,0.7783,-0.9899,-1161.16,10m,validation,0.45,1381
1.5,0.5,1173,0.471,0.7509,-1.0219,-1198.66,10m,validation,0.45,1381
1.5,0.75,1173,0.47,0.7488,-1.024,-1201.17,10m,validation,0.45,1381
1.5,1.0,1173,0.469,0.749,-1.0238,-1200.93,10m,validation,0.45,1381
1.5,1.5,1173,0.466,0.7507,-1.0222,-1199.02,10m,validation,0.45,1381
1.5,2.0,1173,0.465,0.7523,-1.0206,-1197.14,10m,validation,0.45,1381
2.0,0.25,1173,0.446,0.7785,-0.9873,-1158.1,10m,validation,0.45,1381
2.0,0.5,1173,0.436,0.7164,-1.0562,-1238.87,10m,validation,0.45,1381
2.0,0.75,1173,0.434,0.7002,-1.0726,-1258.18,10m,validation,0.45,1381
2.0,1.0,1173,0.433,0.6925,-1.0803,-1267.21,10m,validation,0.45,1381
2.0,1.5,1173,0.429,0.6851,-1.0877,-1275.88,10m,validation,0.45,1381
2.0,2.0,1173,0.428,0.6815,-1.0913,-1280.11,10m,validation,0.45,1381
2.5,0.25,1173,0.413,0.8392,-0.9222,-1081.69,10m,validation,0.45,1381
2.5,0.5,1173,0.398,0.7216,-1.0505,-1232.29,10m,validation,0.45,1381
2.5,0.75,1173,0.393,0.6771,-1.0957,-1285.28,10m,validation,0.45,1381
2.5,1.0,1173,0.391,0.6577,-1.1151,-1308.01,10m,validation,0.45,1381
2.5,1.5,1173,0.383,0.6377,-1.1352,-1331.55,10m,validation,0.45,1381
2.5,2.0,1173,0.382,0.6269,-1.146,-1344.2,10m,validation,0.45,1381
3.0,0.25,1173,0.388,1.0059,-0.7456,-874.57,10m,validation,0.45,1381
3.0,0.5,1173,0.367,0.8455,-0.9264,-1086.61,10m,validation,0.45,1381
3.0,0.75,1173,0.359,0.7902,-0.9827,-1152.65,10m,validation,0.45,1381
3.0,1.0,1173,0.356,0.7648,-1.008,-1182.43,10m,validation,0.45,1381
3.0,1.5,1173,0.346,0.7379,-1.0349,-1213.96,10m,validation,0.45,1381
3.0,2.0,1173,0.345,0.7232,-1.0497,-1231.26,10m,validation,0.45,1381
3.5,0.25,1173,0.373,1.1032,-0.6406,-751.46,10m,validation,0.45,1381
3.5,0.5,1173,0.346,0.8954,-0.8764,-1027.97,10m,validation,0.45,1381
3.5,0.75,1173,0.336,0.8289,-0.9439,-1107.22,10m,validation,0.45,1381
3.5,1.0,1173,0.332,0.7976,-0.9752,-1143.88,10m,validation,0.45,1381
3.5,1.5,1173,0.322,0.7643,-1.0085,-1182.94,10m,validation,0.45,1381
3.5,2.0,1173,0.321,0.746,-1.0268,-1204.43,10m,validation,0.45,1381
4.0,0.25,1173,0.361,1.1717,-0.5616,-658.75,10m,validation,0.45,1381
4.0,0.5,1173,0.332,0.9614,-0.8074,-947.09,10m,validation,0.45,1381
4.0,0.75,1173,0.321,0.8875,-0.8838,-1036.72,10m,validation,0.45,1381
4.0,1.0,1173,0.317,0.85,-0.9227,-1082.34,10m,validation,0.45,1381
4.0,1.5,1173,0.306,0.8098,-0.9629,-1129.53,10m,validation,0.45,1381
4.0,2.0,1173,0.305,0.7877,-0.9851,-1155.5,10m,validation,0.45,1381
4.5,0.25,1173,0.354,1.3319,-0.3845,-450.98,10m,validation,0.45,1381
4.5,0.5,1173,0.321,1.096,-0.6705,-786.55,10m,validation,0.45,1381
4.5,0.75,1173,0.309,1.0129,-0.758,-889.15,10m,validation,0.45,1381
4.5,1.0,1173,0.305,0.9711,-0.8013,-939.96,10m,validation,0.45,1381
4.5,1.5,1173,0.292,0.9263,-0.8464,-992.86,10m,validation,0.45,1381
4.5,2.0,1173,0.292,0.9018,-0.871,-1021.7,10m,validation,0.45,1381
5.0,0.25,1173,0.348,1.3739,-0.3305,-387.73,10m,validation,0.45,1381
5.0,0.5,1173,0.313,1.1587,-0.6043,-708.83,10m,validation,0.45,1381
5.0,0.75,1173,0.302,1.0738,-0.6963,-816.75,10m,validation,0.45,1381
5.0,1.0,1173,0.297,1.0293,-0.743,-871.53,10m,validation,0.45,1381
5.0,1.5,1173,0.282,0.9811,-0.7917,-928.69,10m,validation,0.45,1381
5.0,2.0,1173,0.28,0.9544,-0.8184,-960.0,10m,validation,0.45,1381
1.5,0.25,1166,0.48,0.7449,-1.0245,-1194.57,10m,validation,0.475,1381
1.5,0.5,1166,0.471,0.7169,-1.0572,-1232.64,10m,validation,0.475,1381
1.5,0.75,1166,0.467,0.7145,-1.0596,-1235.55,10m,validation,0.475,1381
1.5,1.0,1166,0.466,0.7145,-1.0596,-1235.52,10m,validation,0.475,1381
1.5,1.5,1166,0.464,0.7159,-1.0582,-1233.82,10m,validation,0.475,1381
1.5,2.0,1166,0.462,0.7175,-1.0566,-1232.02,10m,validation,0.475,1381
2.0,0.25,1166,0.445,0.7145,-1.0531,-1227.91,10m,validation,0.475,1381
2.0,0.5,1166,0.435,0.6565,-1.1176,-1303.07,10m,validation,0.475,1381
2.0,0.75,1166,0.43,0.6408,-1.1333,-1321.48,10m,validation,0.475,1381
2.0,1.0,1166,0.429,0.6331,-1.141,-1330.4,10m,validation,0.475,1381
2.0,1.5,1166,0.427,0.6257,-1.1485,-1339.09,10m,validation,0.475,1381
2.0,2.0,1166,0.425,0.622,-1.1521,-1343.4,10m,validation,0.475,1381
2.5,0.25,1166,0.413,0.8135,-0.9497,-1107.3,10m,validation,0.475,1381
2.5,0.5,1166,0.399,0.7116,-1.0617,-1237.94,10m,validation,0.475,1381
2.5,0.75,1166,0.393,0.6726,-1.1015,-1284.33,10m,validation,0.475,1381
2.5,1.0,1166,0.391,0.6564,-1.1177,-1303.23,10m,validation,0.475,1381
2.5,1.5,1166,0.387,0.64,-1.1341,-1322.32,10m,validation,0.475,1381
2.5,2.0,1166,0.384,0.6314,-1.1427,-1332.34,10m,validation,0.475,1381
3.0,0.25,1166,0.389,0.9472,-0.8076,-941.67,10m,validation,0.475,1381
3.0,0.5,1166,0.369,0.7906,-0.9825,-1145.58,10m,validation,0.475,1381
3.0,0.75,1166,0.358,0.7366,-1.0375,-1209.76,10m,validation,0.475,1381
3.0,1.0,1166,0.355,0.712,-1.0621,-1238.4,10m,validation,0.475,1381
3.0,1.5,1166,0.349,0.6861,-1.088,-1268.62,10m,validation,0.475,1381
3.0,2.0,1166,0.346,0.6719,-1.1022,-1285.13,10m,validation,0.475,1381
3.5,0.25,1166,0.372,1.0765,-0.6705,-781.77,10m,validation,0.475,1381
3.5,0.5,1166,0.348,0.8759,-0.897,-1045.86,10m,validation,0.475,1381
3.5,0.75,1166,0.335,0.8114,-0.9626,-1122.44,10m,validation,0.475,1381
3.5,1.0,1166,0.331,0.7813,-0.9927,-1157.53,10m,validation,0.475,1381
3.5,1.5,1166,0.324,0.7494,-1.0247,-1194.76,10m,validation,0.475,1381
3.5,2.0,1166,0.321,0.7319,-1.0422,-1215.15,10m,validation,0.475,1381
4.0,0.25,1166,0.358,1.1393,-0.5971,-696.2,10m,validation,0.475,1381
4.0,0.5,1166,0.331,0.9214,-0.8496,-990.63,10m,validation,0.475,1381
4.0,0.75,1166,0.318,0.846,-0.9269,-1080.73,10m,validation,0.475,1381
4.0,1.0,1166,0.314,0.8075,-0.9665,-1126.97,10m,validation,0.475,1381
4.0,1.5,1166,0.306,0.7658,-1.0082,-1175.59,10m,validation,0.475,1381
4.0,2.0,1166,0.303,0.7427,-1.0313,-1202.52,10m,validation,0.475,1381
4.5,0.25,1166,0.351,1.257,-0.4652,-542.41,10m,validation,0.475,1381
4.5,0.5,1166,0.321,1.0339,-0.7344,-856.26,10m,validation,0.475,1381
4.5,0.75,1166,0.307,0.9509,-0.8217,-958.06,10m,validation,0.475,1381
4.5,1.0,1166,0.302,0.9085,-0.8655,-1009.19,10m,validation,0.475,1381
4.5,1.5,1166,0.293,0.8629,-0.9111,-1062.39,10m,validation,0.475,1381
4.5,2.0,1166,0.29,0.8377,-0.9364,-1091.8,10m,validation,0.475,1381
5.0,0.25,1166,0.345,1.3408,-0.3667,-427.62,10m,validation,0.475,1381
5.0,0.5,1166,0.313,1.1257,-0.6388,-744.82,10m,validation,0.475,1381
5.0,0.75,1166,0.299,1.0379,-0.7339,-855.78,10m,validation,0.475,1381
5.0,1.0,1166,0.294,0.9938,-0.7799,-909.37,10m,validation,0.475,1381
5.0,1.5,1166,0.284,0.9468,-0.8273,-964.63,10m,validation,0.475,1381
5.0,2.0,1166,0.28,0.921,-0.8531,-994.77,10m,validation,0.475,1381
1.5,0.25,1164,0.482,0.7858,-0.9845,-1145.99,10m,validation,0.5,1381
1.5,0.5,1164,0.474,0.7695,-1.0039,-1168.54,10m,validation,0.5,1381
1.5,0.75,1164,0.472,0.7659,-1.0075,-1172.76,10m,validation,0.5,1381
1.5,1.0,1164,0.47,0.7651,-1.0083,-1173.71,10m,validation,0.5,1381
1.5,1.5,1164,0.469,0.7655,-1.008,-1173.31,10m,validation,0.5,1381
1.5,2.0,1164,0.468,0.7663,-1.0072,-1172.35,10m,validation,0.5,1381
2.0,0.25,1164,0.454,0.8213,-0.9466,-1101.86,10m,validation,0.5,1381
2.0,0.5,1164,0.444,0.7667,-1.0067,-1171.86,10m,validation,0.5,1381
2.0,0.75,1164,0.442,0.7518,-1.0217,-1189.21,10m,validation,0.5,1381
2.0,1.0,1164,0.44,0.7446,-1.0289,-1197.62,10m,validation,0.5,1381
2.0,1.5,1164,0.438,0.7375,-1.0359,-1205.79,10m,validation,0.5,1381
2.0,2.0,1164,0.438,0.7341,-1.0394,-1209.82,10m,validation,0.5,1381
2.5,0.25,1164,0.416,0.8335,-0.9307,-1083.31,10m,validation,0.5,1381
2.5,0.5,1164,0.401,0.7276,-1.0452,-1216.62,10m,validation,0.5,1381
2.5,0.75,1164,0.398,0.6861,-1.0873,-1265.63,10m,validation,0.5,1381
2.5,1.0,1164,0.394,0.6684,-1.105,-1286.22,10m,validation,0.5,1381
2.5,1.5,1164,0.39,0.6503,-1.1231,-1307.29,10m,validation,0.5,1381
2.5,2.0,1164,0.39,0.6407,-1.1327,-1318.48,10m,validation,0.5,1381
3.0,0.25,1164,0.392,0.9759,-0.7807,-908.75,10m,validation,0.5,1381
3.0,0.5,1164,0.373,0.8285,-0.9438,-1098.6,10m,validation,0.5,1381
3.0,0.75,1164,0.367,0.7767,-0.9967,-1160.21,10m,validation,0.5,1381
3.0,1.0,1164,0.361,0.7533,-1.0202,-1187.54,10m,validation,0.5,1381
3.0,1.5,1164,0.357,0.7285,-1.045,-1216.41,10m,validation,0.5,1381
3.0,2.0,1164,0.357,0.7149,-1.0586,-1232.24,10m,validation,0.5,1381
3.5,0.25,1164,0.374,1.1042,-0.643,-748.49,10m,validation,0.5,1381
3.5,0.5,1164,0.351,0.9209,-0.8513,-990.9,10m,validation,0.5,1381
3.5,0.75,1164,0.341,0.8579,-0.9155,-1065.62,10m,validation,0.5,1381
3.5,1.0,1164,0.335,0.8284,-0.945,-1099.99,10m,validation,0.5,1381
3.5,1.5,1164,0.329,0.7969,-0.9765,-1136.68,10m,validation,0.5,1381
3.5,2.0,1164,0.329,0.7795,-0.9939,-1156.88,10m,validation,0.5,1381
4.0,0.25,1164,0.361,1.178,-0.56,-651.84,10m,validation,0.5,1381
4.0,0.5,1164,0.333,0.9462,-0.8253,-960.67,10m,validation,0.5,1381
4.0,0.75,1164,0.324,0.8659,-0.9069,-1055.67,10m,validation,0.5,1381
4.0,1.0,1164,0.316,0.8251,-0.9483,-1103.8,10m,validation,0.5,1381
4.0,1.5,1164,0.31,0.7811,-0.9923,-1155.05,10m,validation,0.5,1381
4.0,2.0,1164,0.309,0.7567,-1.0167,-1183.41,10m,validation,0.5,1381
4.5,0.25,1164,0.353,1.3282,-0.3949,-459.64,10m,validation,0.5,1381
4.5,0.5,1164,0.325,1.1062,-0.6615,-769.96,10m,validation,0.5,1381
4.5,0.75,1164,0.314,1.0246,-0.7472,-869.74,10m,validation,0.5,1381
4.5,1.0,1164,0.306,0.9832,-0.7901,-919.66,10m,validation,0.5,1381
4.5,1.5,1164,0.299,0.9387,-0.8346,-971.52,10m,validation,0.5,1381
4.5,2.0,1164,0.298,0.9142,-0.8592,-1000.11,10m,validation,0.5,1381
5.0,0.25,1164,0.346,1.3767,-0.3322,-386.67,10m,validation,0.5,1381
5.0,0.5,1164,0.314,1.16,-0.6038,-702.78,10m,validation,0.5,1381
5.0,0.75,1164,0.304,1.072,-0.699,-813.67,10m,validation,0.5,1381
5.0,1.0,1164,0.296,1.0281,-0.745,-867.17,10m,validation,0.5,1381
5.0,1.5,1164,0.287,0.9812,-0.7923,-922.18,10m,validation,0.5,1381
5.0,2.0,1164,0.285,0.9554,-0.818,-952.18,10m,validation,0.5,1381
1.5,0.25,1161,0.488,0.8096,-0.9617,-1116.54,10m,validation,0.525,1381
1.5,0.5,1161,0.478,0.7945,-0.979,-1136.59,10m,validation,0.525,1381
1.5,0.75,1161,0.475,0.7915,-0.982,-1140.06,10m,validation,0.525,1381
1.5,1.0,1161,0.474,0.7909,-0.9825,-1140.72,10m,validation,0.525,1381
1.5,1.5,1161,0.472,0.7914,-0.982,-1140.14,10m,validation,0.525,1381
1.5,2.0,1161,0.471,0.7923,-0.9812,-1139.16,10m,validation,0.525,1381
2.0,0.25,1161,0.457,0.824,-0.9447,-1096.82,10m,validation,0.525,1381
2.0,0.5,1161,0.447,0.7683,-1.0051,-1166.9,10m,validation,0.525,1381
2.0,0.75,1161,0.444,0.754,-1.0195,-1183.59,10m,validation,0.525,1381
2.0,1.0,1161,0.444,0.747,-1.0264,-1191.7,10m,validation,0.525,1381
2.0,1.5,1161,0.441,0.7402,-1.0333,-1199.62,10m,validation,0.525,1381
2.0,2.0,1161,0.439,0.7368,-1.0367,-1203.58,10m,validation,0.525,1381
2.5,0.25,1161,0.42,0.8651,-0.8999,-1044.84,10m,validation,0.525,1381
2.5,0.5,1161,0.406,0.7686,-1.0043,-1165.94,10m,validation,0.525,1381
2.5,0.75,1161,0.401,0.738,-1.0355,-1202.21,10m,validation,0.525,1381
2.5,1.0,1161,0.401,0.722,-1.0515,-1220.78,10m,validation,0.525,1381
2.5,1.5,1161,0.396,0.705,-1.0685,-1240.52,10m,validation,0.525,1381
2.5,2.0,1161,0.394,0.6957,-1.0778,-1251.27,10m,validation,0.525,1381
3.0,0.25,1161,0.397,0.958,-0.8007,-929.58,10m,validation,0.525,1381
3.0,0.5,1161,0.377,0.8075,-0.9651,-1120.49,10m,validation,0.525,1381
3.0,0.75,1161,0.37,0.7542,-1.0193,-1183.44,10m,validation,0.525,1381
3.0,1.0,1161,0.368,0.7298,-1.0437,-1211.71,10m,validation,0.525,1381
3.0,1.5,1161,0.361,0.7039,-1.0695,-1241.74,10m,validation,0.525,1381
3.0,2.0,1161,0.359,0.6897,-1.0838,-1258.28,10m,validation,0.525,1381
3.5,0.25,1161,0.376,1.0938,-0.6539,-759.15,10m,validation,0.525,1381
3.5,0.5,1161,0.351,0.9097,-0.8624,-1001.3,10m,validation,0.525,1381
3.5,0.75,1161,0.341,0.8459,-0.9275,-1076.85,10m,validation,0.525,1381
3.5,1.0,1161,0.339,0.8158,-0.9576,-1111.74,10m,validation,0.525,1381
3.5,1.5,1161,0.33,0.7836,-0.9898,-1149.13,10m,validation,0.525,1381
3.5,2.0,1161,0.329,0.7658,-1.0076,-1169.8,10m,validation,0.525,1381
4.0,0.25,1161,0.363,1.1657,-0.5738,-666.22,10m,validation,0.525,1381
4.0,0.5,1161,0.335,0.9311,-0.8409,-976.28,10m,validation,0.525,1381
4.0,0.75,1161,0.325,0.8523,-0.9211,-1069.43,10m,validation,0.525,1381
4.0,1.0,1161,0.32,0.8144,-0.959,-1113.44,10m,validation,0.525,1381
4.0,1.5,1161,0.312,0.7736,-0.9998,-1160.83,10m,validation,0.525,1381
4.0,2.0,1161,0.31,0.7509,-1.0225,-1187.13,10m,validation,0.525,1381
4.5,0.25,1161,0.355,1.3024,-0.4245,-492.8,10m,validation,0.525,1381
4.5,0.5,1161,0.326,1.0641,-0.704,-817.38,10m,validation,0.525,1381
4.5,0.75,1161,0.315,0.9757,-0.7961,-924.28,10m,validation,0.525,1381
4.5,1.0,1161,0.309,0.9308,-0.8425,-978.12,10m,validation,0.525,1381
4.5,1.5,1161,0.3,0.8825,-0.8909,-1034.3,10m,validation,0.525,1381
4.5,2.0,1161,0.298,0.8558,-0.9176,-1065.32,10m,validation,0.525,1381
5.0,0.25,1161,0.347,1.3541,-0.3574,-414.97,10m,validation,0.525,1381
5.0,0.5,1161,0.314,1.1141,-0.6518,-756.79,10m,validation,0.525,1381
5.0,0.75,1161,0.304,1.0186,-0.7532,-874.47,10m,validation,0.525,1381
5.0,1.0,1161,0.298,0.9714,-0.8021,-931.18,10m,validation,0.525,1381
5.0,1.5,1161,0.287,0.9208,-0.8527,-989.94,10m,validation,0.525,1381
5.0,2.0,1161,0.284,0.8928,-0.8806,-1022.43,10m,validation,0.525,1381
1.5,0.25,1157,0.493,0.8435,-0.9293,-1075.16,10m,validation,0.55,1381
1.5,0.5,1157,0.481,0.833,-0.9419,-1089.81,10m,validation,0.55,1381
1.5,0.75,1157,0.479,0.8321,-0.9429,-1090.93,10m,validation,0.55,1381
1.5,1.0,1157,0.477,0.8327,-0.9423,-1090.2,10m,validation,0.55,1381
1.5,1.5,1157,0.477,0.8346,-0.9403,-1087.96,10m,validation,0.55,1381
1.5,2.0,1157,0.476,0.8363,-0.9386,-1085.99,10m,validation,0.55,1381
2.0,0.25,1157,0.462,0.8356,-0.9346,-1081.3,10m,validation,0.55,1381
2.0,0.5,1157,0.45,0.7824,-0.9925,-1148.35,10m,validation,0.55,1381
2.0,0.75,1157,0.446,0.7689,-1.006,-1163.96,10m,validation,0.55,1381
2.0,1.0,1157,0.445,0.7625,-1.0125,-1171.45,10m,validation,0.55,1381
2.0,1.5,1157,0.443,0.7562,-1.0187,-1178.66,10m,validation,0.55,1381
2.0,2.0,1157,0.443,0.7532,-1.0218,-1182.2,10m,validation,0.55,1381
2.5,0.25,1157,0.425,0.8643,-0.9032,-1044.96,10m,validation,0.55,1381
2.5,0.5,1157,0.409,0.7708,-1.0037,-1161.3,10m,validation,0.55,1381
2.5,0.75,1157,0.404,0.7409,-1.034,-1196.37,10m,validation,0.55,1381
2.5,1.0,1157,0.404,0.7253,-1.0496,-1214.44,10m,validation,0.55,1381
2.5,1.5,1157,0.399,0.7087,-1.0663,-1233.69,10m,validation,0.55,1381
2.5,2.0,1157,0.398,0.6996,-1.0754,-1244.21,10m,validation,0.55,1381
3.0,0.25,1157,0.399,0.9433,-0.8186,-947.12,10m,validation,0.55,1381
3.0,0.5,1157,0.378,0.7983,-0.9757,-1128.92,10m,validation,0.55,1381
3.0,0.75,1157,0.371,0.747,-1.028,-1189.43,10m,validation,0.55,1381
3.0,1.0,1157,0.368,0.7238,-1.0512,-1216.23,10m,validation,0.55,1381
3.0,1.5,1157,0.363,0.6993,-1.0757,-1244.55,10m,validation,0.55,1381
3.0,2.0,1157,0.362,0.6859,-1.0891,-1260.09,10m,validation,0.55,1381
3.5,0.25,1157,0.38,1.102,-0.6499,-751.92,10m,validation,0.55,1381
3.5,0.5,1157,0.354,0.9245,-0.8491,-982.4,10m,validation,0.55,1381
3.5,0.75,1157,0.343,0.8636,-0.9113,-1054.43,10m,validation,0.55,1381
3.5,1.0,1157,0.34,0.8352,-0.9398,-1087.33,10m,validation,0.55,1381
3.5,1.5,1157,0.331,0.8048,-0.9702,-1122.48,10m,validation,0.55,1381
3.5,2.0,1157,0.331,0.788,-0.9869,-1141.89,10m,validation,0.55,1381
4.0,0.25,1157,0.37,1.2253,-0.5167,-597.88,10m,validation,0.55,1381
4.0,0.5,1157,0.339,1.0161,-0.7573,-876.16,10m,validation,0.55,1381
4.0,0.75,1157,0.328,0.9438,-0.8311,-961.57,10m,validation,0.55,1381
4.0,1.0,1157,0.323,0.9095,-0.8653,-1001.19,10m,validation,0.55,1381
4.0,1.5,1157,0.315,0.873,-0.9019,-1043.52,10m,validation,0.55,1381
4.0,2.0,1157,0.315,0.8528,-0.9221,-1066.85,10m,validation,0.55,1381
4.5,0.25,1157,0.36,1.3511,-0.3786,-438.08,10m,validation,0.55,1381
4.5,0.5,1157,0.328,1.1008,-0.671,-776.33,10m,validation,0.55,1381
4.5,0.75,1157,0.318,1.0066,-0.7678,-888.3,10m,validation,0.55,1381
4.5,1.0,1157,0.311,0.9587,-0.8161,-944.28,10m,validation,0.55,1381
4.5,1.5,1157,0.302,0.9071,-0.8678,-1003.99,10m,validation,0.55,1381
4.5,2.0,1157,0.301,0.8785,-0.8964,-1037.13,10m,validation,0.55,1381
5.0,0.25,1157,0.353,1.3577,-0.3593,-415.74,10m,validation,0.55,1381
5.0,0.5,1157,0.317,1.1241,-0.6433,-744.3,10m,validation,0.55,1381
5.0,0.75,1157,0.307,1.0343,-0.7389,-854.95,10m,validation,0.55,1381
5.0,1.0,1157,0.3,0.9889,-0.7859,-909.29,10m,validation,0.55,1381
5.0,1.5,1157,0.29,0.9401,-0.8348,-965.89,10m,validation,0.55,1381
5.0,2.0,1157,0.288,0.913,-0.8619,-997.21,10m,validation,0.55,1381
1.5,0.25,1153,0.497,0.833,-0.9386,-1082.2,10m,validation,0.575,1381
1.5,0.5,1153,0.487,0.823,-0.9506,-1096.06,10m,validation,0.575,1381
1.5,0.75,1153,0.484,0.8224,-0.9513,-1096.9,10m,validation,0.575,1381
1.5,1.0,1153,0.482,0.8232,-0.9505,-1095.98,10m,validation,0.575,1381
1.5,1.5,1153,0.48,0.8254,-0.9484,-1093.47,10m,validation,0.575,1381
1.5,2.0,1153,0.48,0.8272,-0.9465,-1091.31,10m,validation,0.575,1381
2.0,0.25,1153,0.461,0.7994,-0.9704,-1118.88,10m,validation,0.575,1381
2.0,0.5,1153,0.448,0.7458,-1.0279,-1185.14,10m,validation,0.575,1381
2.0,0.75,1153,0.446,0.7322,-1.0415,-1200.88,10m,validation,0.575,1381
2.0,1.0,1153,0.444,0.7257,-1.048,-1208.4,10m,validation,0.575,1381
2.0,1.5,1153,0.442,0.7194,-1.0543,-1215.61,10m,validation,0.575,1381
2.0,2.0,1153,0.44,0.7164,-1.0573,-1219.11,10m,validation,0.575,1381
2.5,0.25,1153,0.425,0.797,-0.9706,-1119.1,10m,validation,0.575,1381
2.5,0.5,1153,0.407,0.6989,-1.0747,-1239.17,10m,validation,0.575,1381
2.5,0.75,1153,0.404,0.6679,-1.1058,-1275.0,10m,validation,0.575,1381
2.5,1.0,1153,0.403,0.6515,-1.1222,-1293.95,10m,validation,0.575,1381
2.5,1.5,1153,0.4,0.6338,-1.1399,-1314.33,10m,validation,0.575,1381
2.5,2.0,1153,0.397,0.6241,-1.1496,-1325.52,10m,validation,0.575,1381
3.0,0.25,1153,0.402,0.9,-0.8621,-993.95,10m,validation,0.575,1381
3.0,0.5,1153,0.379,0.7498,-1.023,-1179.47,10m,validation,0.575,1381
3.0,0.75,1153,0.373,0.6958,-1.0779,-1242.87,10m,validation,0.575,1381
3.0,1.0,1153,0.37,0.6712,-1.1026,-1271.3,10m,validation,0.575,1381
3.0,1.5,1153,0.365,0.6449,-1.1288,-1301.51,10m,validation,0.575,1381
3.0,2.0,1153,0.363,0.6305,-1.1432,-1318.17,10m,validation,0.575,1381
3.5,0.25,1153,0.379,0.9812,-0.7714,-889.37,10m,validation,0.575,1381
3.5,0.5,1153,0.35,0.7916,-0.9809,-1130.96,10m,validation,0.575,1381
3.5,0.75,1153,0.341,0.7263,-1.0475,-1207.72,10m,validation,0.575,1381
3.5,1.0,1153,0.337,0.6954,-1.0783,-1243.3,10m,validation,0.575,1381
3.5,1.5,1153,0.33,0.6623,-1.1114,-1281.46,10m,validation,0.575,1381
3.5,2.0,1153,0.328,0.644,-1.1298,-1302.61,10m,validation,0.575,1381
4.0,0.25,1153,0.369,1.1393,-0.6037,-696.05,10m,validation,0.575,1381
4.0,0.5,1153,0.337,0.937,-0.8353,-963.1,10m,validation,0.575,1381
4.0,0.75,1153,0.327,0.8636,-0.9101,-1049.34,10m,validation,0.575,1381
4.0,1.0,1153,0.323,0.8285,-0.9451,-1089.76,10m,validation,0.575,1381
4.0,1.5,1153,0.315,0.7909,-0.9828,-1133.16,10m,validation,0.575,1381
4.0,2.0,1153,0.313,0.77,-1.0036,-1157.2,10m,validation,0.575,1381
4.5,0.25,1153,0.362,1.2982,-0.4328,-499.06,10m,validation,0.575,1381
4.5,0.5,1153,0.328,1.0452,-0.7259,-836.94,10m,validation,0.575,1381
4.5,0.75,1153,0.318,0.9492,-0.8245,-950.64,10m,validation,0.575,1381
4.5,1.0,1153,0.312,0.9035,-0.8702,-1003.36,10m,validation,0.575,1381
4.5,1.5,1153,0.304,0.8547,-0.919,-1059.62,10m,validation,0.575,1381
4.5,2.0,1153,0.301,0.8277,-0.946,-1090.73,10m,validation,0.575,1381
5.0,0.25,1153,0.354,1.2983,-0.4221,-486.64,10m,validation,0.575,1381
5.0,0.5,1153,0.317,1.076,-0.6919,-797.78,10m,validation,0.575,1381
5.0,0.75,1153,0.307,0.986,-0.7868,-907.18,10m,validation,0.575,1381
5.0,1.0,1153,0.3,0.9441,-0.8295,-956.37,10m,validation,0.575,1381
5.0,1.5,1153,0.291,0.8999,-0.8738,-1007.5,10m,validation,0.575,1381
5.0,2.0,1153,0.289,0.8756,-0.8981,-1035.49,10m,validation,0.575,1381
1.5,0.25,1150,0.501,0.8663,-0.9043,-1039.95,10m,validation,0.6,1381
1.5,0.5,1150,0.492,0.8569,-0.9158,-1053.13,10m,validation,0.6,1381
1.5,0.75,1150,0.489,0.8565,-0.9163,-1053.71,10m,validation,0.6,1381
1.5,1.0,1150,0.488,0.8574,-0.9154,-1052.67,10m,validation,0.6,1381
1.5,1.5,1150,0.485,0.8596,-0.9131,-1050.09,10m,validation,0.6,1381
1.5,2.0,1150,0.483,0.8615,-0.9112,-1047.93,10m,validation,0.6,1381
2.0,0.25,1150,0.466,0.866,-0.9029,-1038.31,10m,validation,0.6,1381
2.0,0.5,1150,0.456,0.8183,-0.9543,-1097.47,10m,validation,0.6,1381
2.0,0.75,1150,0.451,0.807,-0.9657,-1110.52,10m,validation,0.6,1381
2.0,1.0,1150,0.451,0.8018,-0.9709,-1116.49,10m,validation,0.6,1381
2.0,1.5,1150,0.449,0.7972,-0.9755,-1121.88,10m,validation,0.6,1381
2.0,2.0,1150,0.447,0.795,-0.9777,-1124.3,10m,validation,0.6,1381
2.5,0.25,1150,0.431,0.8669,-0.8998,-1034.75,10m,validation,0.6,1381
2.5,0.5,1150,0.418,0.7767,-0.9959,-1145.31,10m,validation,0.6,1381
2.5,0.75,1150,0.413,0.7488,-1.0239,-1177.47,10m,validation,0.6,1381
2.5,1.0,1150,0.412,0.7342,-1.0385,-1194.29,10m,validation,0.6,1381
2.5,1.5,1150,0.409,0.7186,-1.054,-1212.16,10m,validation,0.6,1381
2.5,2.0,1150,0.407,0.7102,-1.0625,-1221.84,10m,validation,0.6,1381
3.0,0.25,1150,0.403,0.9148,-0.8465,-973.5,10m,validation,0.6,1381
3.0,0.5,1150,0.386,0.7659,-1.006,-1156.92,10m,validation,0.6,1381
3.0,0.75,1150,0.377,0.7122,-1.0605,-1219.55,10m,validation,0.6,1381
3.0,1.0,1150,0.374,0.6879,-1.0848,-1247.57,10m,validation,0.6,1381
3.0,1.5,1150,0.369,0.6621,-1.1106,-1277.22,10m,validation,0.6,1381
3.0,2.0,1150,0.367,0.6479,-1.1248,-1293.49,10m,validation,0.6,1381
3.5,0.25,1150,0.384,1.0476,-0.7054,-811.15,10m,validation,0.6,1381
3.5,0.5,1150,0.361,0.8627,-0.909,-1045.31,10m,validation,0.6,1381
3.5,0.75,1150,0.348,0.799,-0.9737,-1119.74,10m,validation,0.6,1381
3.5,1.0,1150,0.344,0.7692,-1.0035,-1154.05,10m,validation,0.6,1381
3.5,1.5,1150,0.337,0.7373,-1.0354,-1190.73,10m,validation,0.6,1381
3.5,2.0,1150,0.336,0.7196,-1.0531,-1211.03,10m,validation,0.6,1381
4.0,0.25,1150,0.371,1.1329,-0.6103,-701.88,10m,validation,0.6,1381
4.0,0.5,1150,0.343,0.9366,-0.8348,-960.02,10m,validation,0.6,1381
4.0,0.75,1150,0.329,0.8663,-0.9064,-1042.32,10m,validation,0.6,1381
4.0,1.0,1150,0.325,0.8328,-0.9398,-1080.78,10m,validation,0.6,1381
4.0,1.5,1150,0.317,0.7969,-0.9758,-1122.12,10m,validation,0.6,1381
4.0,2.0,1150,0.317,0.777,-0.9957,-1145.05,10m,validation,0.6,1381
4.5,0.25,1150,0.363,1.2787,-0.4542,-522.35,10m,validation,0.6,1381
4.5,0.5,1150,0.335,1.025,-0.7458,-857.73,10m,validation,0.6,1381
4.5,0.75,1150,0.321,0.9413,-0.8314,-956.11,10m,validation,0.6,1381
4.5,1.0,1150,0.316,0.9013,-0.8714,-1002.07,10m,validation,0.6,1381
4.5,1.5,1150,0.306,0.8585,-0.9142,-1051.28,10m,validation,0.6,1381
4.5,2.0,1150,0.305,0.8348,-0.9378,-1078.5,10m,validation,0.6,1381
5.0,0.25,1150,0.358,1.3634,-0.3585,-412.31,10m,validation,0.6,1381
5.0,0.5,1150,0.327,1.1185,-0.6511,-748.73,10m,validation,0.6,1381
5.0,0.75,1150,0.313,1.0187,-0.754,-867.06,10m,validation,0.6,1381
5.0,1.0,1150,0.307,0.9715,-0.8012,-921.38,10m,validation,0.6,1381
5.0,1.5,1150,0.297,0.9212,-0.8515,-979.17,10m,validation,0.6,1381
5.0,2.0,1150,0.297,0.8935,-0.8792,-1011.07,10m,validation,0.6,1381
1.5,0.25,1148,0.501,0.8789,-0.8911,-1022.95,10m,validation,0.625,1381
1.5,0.5,1148,0.493,0.8704,-0.9017,-1035.15,10m,validation,0.625,1381
1.5,0.75,1148,0.49,0.8703,-0.9019,-1035.4,10m,validation,0.625,1381
1.5,1.0,1148,0.489,0.8713,-0.9009,-1034.21,10m,validation,0.625,1381
1.5,1.5,1148,0.486,0.8737,-0.8985,-1031.53,10m,validation,0.625,1381
1.5,2.0,1148,0.486,0.8755,-0.8967,-1029.37,10m,validation,0.625,1381
2.0,0.25,1148,0.472,0.9329,-0.8362,-959.94,10m,validation,0.625,1381
2.0,0.5,1148,0.463,0.9017,-0.8704,-999.26,10m,validation,0.625,1381
2.0,0.75,1148,0.457,0.8918,-0.8804,-1010.7,10m,validation,0.625,1381
2.0,1.0,1148,0.457,0.8872,-0.8849,-1015.88,10m,validation,0.625,1381
2.0,1.5,1148,0.456,0.8832,-0.8889,-1020.5,10m,validation,0.625,1381
2.0,2.0,1148,0.456,0.8814,-0.8907,-1022.54,10m,validation,0.625,1381
2.5,0.25,1148,0.433,0.9019,-0.8646,-992.51,10m,validation,0.625,1381
2.5,0.5,1148,0.419,0.8231,-0.949,-1089.45,10m,validation,0.625,1381
2.5,0.75,1148,0.415,0.7993,-0.9728,-1116.83,10m,validation,0.625,1381
2.5,1.0,1148,0.415,0.7869,-0.9853,-1131.09,10m,validation,0.625,1381
2.5,1.5,1148,0.414,0.7737,-0.9984,-1146.21,10m,validation,0.625,1381
2.5,2.0,1148,0.414,0.7666,-1.0056,-1154.41,10m,validation,0.625,1381
3.0,0.25,1148,0.402,0.9091,-0.8527,-978.9,10m,validation,0.625,1381
3.0,0.5,1148,0.384,0.7655,-1.0063,-1155.22,10m,validation,0.625,1381
3.0,0.75,1148,0.377,0.725,-1.0472,-1202.16,10m,validation,0.625,1381
3.0,1.0,1148,0.375,0.7033,-1.0688,-1227.02,10m,validation,0.625,1381
3.0,1.5,1148,0.372,0.6797,-1.0924,-1254.1,10m,validation,0.625,1381
3.0,2.0,1148,0.371,0.6666,-1.1056,-1269.2,10m,validation,0.625,1381
3.5,0.25,1148,0.384,1.0669,-0.687,-788.69,10m,validation,0.625,1381
3.5,0.5,1148,0.363,0.9004,-0.8706,-999.45,10m,validation,0.625,1381
3.5,0.75,1148,0.352,0.8408,-0.9314,-1069.22,10m,validation,0.625,1381
3.5,1.0,1148,0.348,0.8132,-0.9589,-1100.86,10m,validation,0.625,1381
3.5,1.5,1148,0.342,0.7839,-0.9883,-1134.54,10m,validation,0.625,1381
3.5,2.0,1148,0.341,0.7677,-1.0045,-1153.11,10m,validation,0.625,1381
4.0,0.25,1148,0.37,1.1575,-0.5873,-674.23,10m,validation,0.625,1381
4.0,0.5,1148,0.344,0.9718,-0.7989,-917.14,10m,validation,0.625,1381
4.0,0.75,1148,0.331,0.9056,-0.8665,-994.79,10m,validation,0.625,1381
4.0,1.0,1148,0.328,0.8745,-0.8976,-1030.5,10m,validation,0.625,1381
4.0,1.5,1148,0.321,0.8412,-0.9309,-1068.67,10m,validation,0.625,1381
4.0,2.0,1148,0.32,0.8228,-0.9493,-1089.78,10m,validation,0.625,1381
4.5,0.25,1148,0.363,1.3134,-0.42,-482.17,10m,validation,0.625,1381
4.5,0.5,1148,0.336,1.0953,-0.6749,-774.81,10m,validation,0.625,1381
4.5,0.75,1148,0.322,1.0186,-0.7535,-865.05,10m,validation,0.625,1381
4.5,1.0,1148,0.318,0.9823,-0.7898,-906.74,10m,validation,0.625,1381
4.5,1.5,1148,0.31,0.9434,-0.8287,-951.35,10m,validation,0.625,1381
4.5,2.0,1148,0.309,0.9219,-0.8502,-976.06,10m,validation,0.625,1381
5.0,0.25,1148,0.357,1.3817,-0.3412,-391.7,10m,validation,0.625,1381
5.0,0.5,1148,0.329,1.1442,-0.6248,-717.29,10m,validation,0.625,1381
5.0,0.75,1148,0.314,1.0488,-0.7233,-830.35,10m,validation,0.625,1381
5.0,1.0,1148,0.309,1.0037,-0.7684,-882.07,10m,validation,0.625,1381
5.0,1.5,1148,0.301,0.9559,-0.8162,-936.95,10m,validation,0.625,1381
5.0,2.0,1148,0.3,0.9296,-0.8425,-967.17,10m,validation,0.625,1381
1.5,0.25,1144,0.507,0.95,-0.8189,-936.81,10m,validation,0.65,1381
1.5,0.5,1144,0.499,0.9439,-0.8273,-946.48,10m,validation,0.65,1381
1.5,0.75,1144,0.496,0.9449,-0.8264,-945.45,10m,validation,0.65,1381
1.5,1.0,1144,0.496,0.9466,-0.8247,-943.45,10m,validation,0.65,1381
1.5,1.5,1144,0.493,0.9498,-0.8215,-939.77,10m,validation,0.65,1381
1.5,2.0,1144,0.493,0.9523,-0.819,-936.98,10m,validation,0.65,1381
2.0,0.25,1144,0.476,0.9785,-0.7902,-904.0,10m,validation,0.65,1381
2.0,0.5,1144,0.466,0.9506,-0.8206,-938.81,10m,validation,0.65,1381
2.0,0.75,1144,0.46,0.9427,-0.8286,-947.92,10m,validation,0.65,1381
2.0,1.0,1144,0.459,0.9393,-0.832,-951.78,10m,validation,0.65,1381
2.0,1.5,1144,0.458,0.9366,-0.8347,-954.88,10m,validation,0.65,1381
2.0,2.0,1144,0.458,0.9356,-0.8357,-956.04,10m,validation,0.65,1381
2.5,0.25,1144,0.436,0.9524,-0.8134,-930.53,10m,validation,0.65,1381
2.5,0.5,1144,0.423,0.8754,-0.8959,-1024.89,10m,validation,0.65,1381
2.5,0.75,1144,0.416,0.8525,-0.9188,-1051.07,10m,validation,0.65,1381
2.5,1.0,1144,0.416,0.8407,-0.9306,-1064.6,10m,validation,0.65,1381
2.5,1.5,1144,0.415,0.8283,-0.943,-1078.83,10m,validation,0.65,1381
2.5,2.0,1144,0.415,0.8216,-0.9497,-1086.51,10m,validation,0.65,1381
3.0,0.25,1144,0.406,0.9297,-0.8331,-953.02,10m,validation,0.65,1381
3.0,0.5,1144,0.389,0.8044,-0.9668,-1106.06,10m,validation,0.65,1381
3.0,0.75,1144,0.38,0.7662,-1.0051,-1149.81,10m,validation,0.65,1381
3.0,1.0,1144,0.379,0.7457,-1.0256,-1173.23,10m,validation,0.65,1381
3.0,1.5,1144,0.376,0.7234,-1.0479,-1198.78,10m,validation,0.65,1381
3.0,2.0,1144,0.375,0.711,-1.0603,-1213.02,10m,validation,0.65,1381
3.5,0.25,1144,0.386,1.1062,-0.6495,-743.07,10m,validation,0.65,1381
3.5,0.5,1144,0.367,0.9576,-0.8122,-929.18,10m,validation,0.65,1381
3.5,0.75,1144,0.358,0.9004,-0.8709,-996.33,10m,validation,0.65,1381
3.5,1.0,1144,0.355,0.876,-0.8953,-1024.18,10m,validation,0.65,1381
3.5,1.5,1144,0.348,0.8504,-0.9209,-1053.52,10m,validation,0.65,1381
3.5,2.0,1144,0.347,0.8363,-0.9349,-1069.56,10m,validation,0.65,1381
4.0,0.25,1144,0.372,1.2356,-0.5094,-582.8,10m,validation,0.65,1381
4.0,0.5,1144,0.348,1.0557,-0.7139,-816.72,10m,validation,0.65,1381
4.0,0.75,1144,0.335,0.9875,-0.7838,-896.61,10m,validation,0.65,1381
4.0,1.0,1144,0.331,0.9572,-0.8141,-931.32,10m,validation,0.65,1381
4.0,1.5,1144,0.324,0.9248,-0.8465,-968.39,10m,validation,0.65,1381
4.0,2.0,1144,0.323,0.9069,-0.8644,-988.87,10m,validation,0.65,1381
4.5,0.25,1144,0.364,1.3586,-0.3752,-429.24,10m,validation,0.65,1381
4.5,0.5,1144,0.337,1.1425,-0.6268,-717.1,10m,validation,0.65,1381
4.5,0.75,1144,0.323,1.0627,-0.7086,-810.64,10m,validation,0.65,1381
4.5,1.0,1144,0.319,1.0267,-0.7446,-851.83,10m,validation,0.65,1381
4.5,1.5,1144,0.312,0.9883,-0.783,-895.75,10m,validation,0.65,1381
4.5,2.0,1144,0.31,0.9671,-0.8042,-920.0,10m,validation,0.65,1381
5.0,0.25,1144,0.358,1.4444,-0.2792,-319.41,10m,validation,0.65,1381
5.0,0.5,1144,0.332,1.2164,-0.5512,-630.61,10m,validation,0.65,1381
5.0,0.75,1144,0.317,1.1201,-0.6511,-744.87,10m,validation,0.65,1381
5.0,1.0,1144,0.313,1.0764,-0.6949,-794.95,10m,validation,0.65,1381
5.0,1.5,1144,0.304,1.0299,-0.7413,-848.04,10m,validation,0.65,1381
5.0,2.0,1144,0.302,1.0044,-0.7668,-877.26,10m,validation,0.65,1381
1.5,0.25,1139,0.505,0.9109,-0.8582,-977.44,10m,validation,0.675,1381
1.5,0.5,1139,0.5,0.9092,-0.8623,-982.16,10m,validation,0.675,1381
1.5,0.75,1139,0.494,0.912,-0.8595,-979.01,10m,validation,0.675,1381
1.5,1.0,1139,0.493,0.9149,-0.8567,-975.79,10m,validation,0.675,1381
1.5,1.5,1139,0.491,0.9193,-0.8522,-970.71,10m,validation,0.675,1381
1.5,2.0,1139,0.491,0.9225,-0.8491,-967.13,10m,validation,0.675,1381
2.0,0.25,1139,0.475,0.9802,-0.7887,-898.36,10m,validation,0.675,1381
2.0,0.5,1139,0.465,0.9556,-0.816,-929.37,10m,validation,0.675,1381
2.0,0.75,1139,0.458,0.9489,-0.8227,-937.01,10m,validation,0.675,1381
2.0,1.0,1139,0.457,0.9462,-0.8254,-940.08,10m,validation,0.675,1381
2.0,1.5,1139,0.456,0.9442,-0.8274,-942.36,10m,validation,0.675,1381
2.0,2.0,1139,0.456,0.9435,-0.828,-943.14,10m,validation,0.675,1381
2.5,0.25,1139,0.445,1.0014,-0.7653,-871.62,10m,validation,0.675,1381
2.5,0.5,1139,0.431,0.9265,-0.845,-962.46,10m,validation,0.675,1381
2.5,0.75,1139,0.423,0.9047,-0.8669,-987.42,10m,validation,0.675,1381
2.5,1.0,1139,0.421,0.8934,-0.8782,-1000.25,10m,validation,0.675,1381
2.5,1.5,1139,0.421,0.8816,-0.89,-1013.69,10m,validation,0.675,1381
2.5,2.0,1139,0.421,0.8752,-0.8963,-1020.94,10m,validation,0.675,1381
3.0,0.25,1139,0.407,0.9306,-0.8332,-949.05,10m,validation,0.675,1381
3.0,0.5,1139,0.391,0.8092,-0.9623,-1096.01,10m,validation,0.675,1381
3.0,0.75,1139,0.382,0.7728,-0.9988,-1137.58,10m,validation,0.675,1381
3.0,1.0,1139,0.379,0.7533,-1.0182,-1159.73,10m,validation,0.675,1381
3.0,1.5,1139,0.377,0.7322,-1.0394,-1183.83,10m,validation,0.675,1381
3.0,2.0,1139,0.377,0.7204,-1.0511,-1197.25,10m,validation,0.675,1381
3.5,0.25,1139,0.39,1.1003,-0.6564,-747.65,10m,validation,0.675,1381
3.5,0.5,1139,0.37,0.9509,-0.8191,-932.9,10m,validation,0.675,1381
3.5,0.75,1139,0.36,0.8937,-0.8778,-999.86,10m,validation,0.675,1381
3.5,1.0,1139,0.356,0.8692,-0.9023,-1027.73,10m,validation,0.675,1381
3.5,1.5,1139,0.349,0.8434,-0.9281,-1057.07,10m,validation,0.675,1381
3.5,2.0,1139,0.349,0.8294,-0.9421,-1073.1,10m,validation,0.675,1381
4.0,0.25,1139,0.379,1.2318,-0.5173,-589.2,10m,validation,0.675,1381
4.0,0.5,1139,0.355,1.0569,-0.7131,-812.26,10m,validation,0.675,1381
4.0,0.75,1139,0.342,0.9914,-0.7801,-888.55,10m,validation,0.675,1381
4.0,1.0,1139,0.337,0.9624,-0.8091,-921.57,10m,validation,0.675,1381
4.0,1.5,1139,0.33,0.9315,-0.84,-956.79,10m,validation,0.675,1381
4.0,2.0,1139,0.329,0.9144,-0.8571,-976.25,10m,validation,0.675,1381
4.5,0.25,1139,0.368,1.4019,-0.3344,-380.87,10m,validation,0.675,1381
4.5,0.5,1139,0.342,1.1853,-0.5843,-665.5,10m,validation,0.675,1381
4.5,0.75,1139,0.328,1.1075,-0.664,-756.32,10m,validation,0.675,1381
4.5,1.0,1139,0.323,1.0723,-0.6992,-796.37,10m,validation,0.675,1381
4.5,1.5,1139,0.316,1.0348,-0.7367,-839.13,10m,validation,0.675,1381
4.5,2.0,1139,0.315,1.014,-0.7575,-862.78,10m,validation,0.675,1381
5.0,0.25,1139,0.362,1.4779,-0.2479,-282.36,10m,validation,0.675,1381
5.0,0.5,1139,0.335,1.2727,-0.4955,-564.42,10m,validation,0.675,1381
5.0,0.75,1139,0.32,1.1849,-0.5866,-668.14,10m,validation,0.675,1381
5.0,1.0,1139,0.315,1.1455,-0.626,-713.07,10m,validation,0.675,1381
5.0,1.5,1139,0.307,1.1037,-0.6678,-760.61,10m,validation,0.675,1381
5.0,2.0,1139,0.306,1.0808,-0.6907,-786.74,10m,validation,0.675,1381
1.5,0.25,1134,0.506,0.9508,-0.8187,-928.38,10m,validation,0.7,1381
1.5,0.5,1134,0.501,0.9533,-0.8191,-928.91,10m,validation,0.7,1381
1.5,0.75,1134,0.496,0.9581,-0.8144,-923.58,10m,validation,0.7,1381
1.5,1.0,1134,0.496,0.9621,-0.8104,-919.02,10m,validation,0.7,1381
1.5,1.5,1134,0.492,0.968,-0.8045,-912.31,10m,validation,0.7,1381
1.5,2.0,1134,0.491,0.972,-0.8005,-907.73,10m,validation,0.7,1381
2.0,0.25,1134,0.477,0.9932,-0.7762,-880.16,10m,validation,0.7,1381
2.0,0.5,1134,0.468,0.9716,-0.8008,-908.11,10m,validation,0.7,1381
2.0,0.75,1134,0.461,0.9664,-0.8061,-914.12,10m,validation,0.7,1381
2.0,1.0,1134,0.46,0.9646,-0.8079,-916.2,10m,validation,0.7,1381
2.0,1.5,1134,0.459,0.9636,-0.8089,-917.31,10m,validation,0.7,1381
2.0,2.0,1134,0.459,0.9635,-0.809,-917.39,10m,validation,0.7,1381
2.5,0.25,1134,0.45,1.0343,-0.7327,-830.89,10m,validation,0.7,1381
2.5,0.5,1134,0.436,0.9681,-0.8043,-912.07,10m,validation,0.7,1381
2.5,0.75,1134,0.429,0.9501,-0.8225,-932.66,10m,validation,0.7,1381
2.5,1.0,1134,0.428,0.941,-0.8315,-942.88,10m,validation,0.7,1381
2.5,1.5,1134,0.425,0.9319,-0.8406,-953.23,10m,validation,0.7,1381
2.5,2.0,1134,0.424,0.9272,-0.8454,-958.63,10m,validation,0.7,1381
3.0,0.25,1134,0.415,1.0245,-0.7398,-838.93,10m,validation,0.7,1381
3.0,0.5,1134,0.399,0.9074,-0.865,-980.93,10m,validation,0.7,1381
3.0,0.75,1134,0.391,0.8741,-0.8985,-1018.87,10m,validation,0.7,1381
3.0,1.0,1134,0.387,0.8564,-0.9161,-1038.87,10m,validation,0.7,1381
3.0,1.5,1134,0.384,0.8374,-0.9352,-1060.48,10m,validation,0.7,1381
3.0,2.0,1134,0.383,0.8268,-0.9457,-1072.47,10m,validation,0.7,1381
3.5,0.25,1134,0.395,1.1121,-0.6461,-732.72,10m,validation,0.7,1381
3.5,0.5,1134,0.373,0.9543,-0.8178,-927.33,10m,validation,0.7,1381
3.5,0.75,1134,0.365,0.91,-0.8624,-977.96,10m,validation,0.7,1381
3.5,1.0,1134,0.36,0.8865,-0.8859,-1004.6,10m,validation,0.7,1381
3.5,1.5,1134,0.354,0.8611,-0.9113,-1033.46,10m,validation,0.7,1381
3.5,2.0,1134,0.351,0.847,-0.9254,-1049.44,10m,validation,0.7,1381
4.0,0.25,1134,0.384,1.2677,-0.4826,-547.21,10m,validation,0.7,1381
4.0,0.5,1134,0.358,1.0955,-0.6754,-765.89,10m,validation,0.7,1381
4.0,0.75,1134,0.347,1.0317,-0.7407,-839.99,10m,validation,0.7,1381
4.0,1.0,1134,0.34,1.0037,-0.7688,-871.81,10m,validation,0.7,1381
4.0,1.5,1134,0.333,0.9739,-0.7985,-905.53,10m,validation,0.7,1381
4.0,2.0,1134,0.33,0.9576,-0.8149,-924.05,10m,validation,0.7,1381
4.5,0.25,1134,0.371,1.4149,-0.3239,-367.25,10m,validation,0.7,1381
4.5,0.5,1134,0.344,1.1953,-0.5753,-652.42,10m,validation,0.7,1381
4.5,0.75,1134,0.332,1.1169,-0.6555,-743.38,10m,validation,0.7,1381
4.5,1.0,1134,0.325,1.0813,-0.6911,-783.69,10m,validation,0.7,1381
4.5,1.5,1134,0.317,1.0435,-0.7289,-826.62,10m,validation,0.7,1381
4.5,2.0,1134,0.314,1.0226,-0.7498,-850.31,10m,validation,0.7,1381
5.0,0.25,1134,0.366,1.5005,-0.2288,-259.4,10m,validation,0.7,1381
5.0,0.5,1134,0.339,1.3093,-0.4599,-521.58,10m,validation,0.7,1381
5.0,0.75,1134,0.326,1.2308,-0.5416,-614.19,10m,validation,0.7,1381
5.0,1.0,1134,0.319,1.1955,-0.5769,-654.22,10m,validation,0.7,1381
5.0,1.5,1134,0.311,1.1582,-0.6143,-696.58,10m,validation,0.7,1381
5.0,2.0,1134,0.308,1.1377,-0.6348,-719.84,10m,validation,0.7,1381
1.5,0.25,1048,0.487,1.0591,-0.6561,-687.55,10m,holdout,0.3,1253
1.5,0.5,1048,0.476,0.9415,-0.7784,-815.74,10m,holdout,0.3,1253
1.5,0.75,1048,0.471,0.9021,-0.8178,-857.01,10m,holdout,0.3,1253
1.5,1.0,1048,0.469,0.8799,-0.84,-880.3,10m,holdout,0.3,1253
1.5,1.5,1048,0.467,0.8542,-0.8656,-907.18,10m,holdout,0.3,1253
1.5,2.0,1048,0.465,0.8391,-0.8808,-923.04,10m,holdout,0.3,1253
2.0,0.25,1048,0.442,1.242,-0.4613,-483.45,10m,holdout,0.3,1253
2.0,0.5,1048,0.428,1.0572,-0.662,-693.79,10m,holdout,0.3,1253
2.0,0.75,1048,0.425,0.9734,-0.7465,-782.29,10m,holdout,0.3,1253
2.0,1.0,1048,0.423,0.932,-0.7878,-825.6,10m,holdout,0.3,1253
2.0,1.5,1048,0.421,0.8857,-0.8341,-874.13,10m,holdout,0.3,1253
2.0,2.0,1048,0.419,0.859,-0.8608,-902.12,10m,holdout,0.3,1253
2.5,0.25,1048,0.417,1.4483,-0.2418,-253.39,10m,holdout,0.3,1253
2.5,0.5,1048,0.402,1.2433,-0.4712,-493.86,10m,holdout,0.3,1253
2.5,0.75,1048,0.396,1.1336,-0.5854,-613.52,10m,holdout,0.3,1253
2.5,1.0,1048,0.394,1.0765,-0.6432,-674.12,10m,holdout,0.3,1253
2.5,1.5,1048,0.388,1.0136,-0.7062,-740.05,10m,holdout,0.3,1253
2.5,2.0,1048,0.385,0.9777,-0.742,-777.64,10m,holdout,0.3,1253
3.0,0.25,1048,0.399,1.6386,-0.0328,-34.32,10m,holdout,0.3,1253
3.0,0.5,1048,0.379,1.4392,-0.2689,-281.76,10m,holdout,0.3,1253
3.0,0.75,1048,0.371,1.2753,-0.4424,-463.64,10m,holdout,0.3,1253
3.0,1.0,1048,0.367,1.1778,-0.5419,-567.95,10m,holdout,0.3,1253
3.0,1.5,1048,0.361,1.086,-0.6337,-664.14,10m,holdout,0.3,1253
3.0,2.0,1048,0.358,1.0349,-0.6848,-717.7,10m,holdout,0.3,1253
3.5,0.25,1048,0.378,1.7096,0.0571,59.84,10m,holdout,0.3,1253
3.5,0.5,1048,0.355,1.4554,-0.2466,-258.38,10m,holdout,0.3,1253
3.5,0.75,1048,0.344,1.2618,-0.454,-475.82,10m,holdout,0.3,1253
3.5,1.0,1048,0.337,1.1144,-0.6053,-634.4,10m,holdout,0.3,1253
3.5,1.5,1048,0.329,0.9856,-0.7342,-769.42,10m,holdout,0.3,1253
3.5,2.0,1048,0.324,0.9164,-0.8033,-841.91,10m,holdout,0.3,1253
4.0,0.25,1048,0.365,1.7032,0.0652,68.37,10m,holdout,0.3,1253
4.0,0.5,1048,0.339,1.4257,-0.272,-285.09,10m,holdout,0.3,1253
4.0,0.75,1048,0.323,1.2079,-0.507,-531.38,10m,holdout,0.3,1253
4.0,1.0,1048,0.316,1.0493,-0.6697,-701.86,10m,holdout,0.3,1253
4.0,1.5,1048,0.307,0.9055,-0.8142,-853.3,10m,holdout,0.3,1253
4.0,2.0,1048,0.301,0.8282,-0.8915,-934.32,10m,holdout,0.3,1253
4.5,0.25,1048,0.36,1.8192,0.1962,205.65,10m,holdout,0.3,1253
4.5,0.5,1048,0.329,1.5546,-0.1355,-142.01,10m,holdout,0.3,1253
4.5,0.75,1048,0.313,1.3327,-0.3797,-397.91,10m,holdout,0.3,1253
4.5,1.0,1048,0.305,1.1828,-0.5341,-559.72,10m,holdout,0.3,1253
4.5,1.5,1048,0.297,1.0388,-0.6806,-713.23,10m,holdout,0.3,1253
4.5,2.0,1048,0.29,0.9584,-0.7614,-797.98,10m,holdout,0.3,1253
5.0,0.25,1048,0.348,1.7921,0.1857,194.57,10m,holdout,0.3,1253
5.0,0.5,1048,0.317,1.6115,-0.0699,-73.25,10m,holdout,0.3,1253
5.0,0.75,1048,0.299,1.4354,-0.2709,-283.9,10m,holdout,0.3,1253
5.0,1.0,1048,0.29,1.2931,-0.4209,-441.14,10m,holdout,0.3,1253
5.0,1.5,1048,0.281,1.1084,-0.6105,-639.77,10m,holdout,0.3,1253
5.0,2.0,1048,0.275,1.0121,-0.7077,-741.72,10m,holdout,0.3,1253
1.5,0.25,1045,0.486,1.0574,-0.6598,-689.49,10m,holdout,0.325,1253
1.5,0.5,1045,0.474,0.9425,-0.7782,-813.17,10m,holdout,0.325,1253
1.5,0.75,1045,0.47,0.9038,-0.8169,-853.69,10m,holdout,0.325,1253
1.5,1.0,1045,0.469,0.8818,-0.8389,-876.66,10m,holdout,0.325,1253
1.5,1.5,1045,0.467,0.8563,-0.8643,-903.23,10m,holdout,0.325,1253
1.5,2.0,1045,0.465,0.8413,-0.8794,-918.93,10m,holdout,0.325,1253
2.0,0.25,1045,0.444,1.2536,-0.452,-472.34,10m,holdout,0.325,1253
2.0,0.5,1045,0.43,1.0727,-0.6473,-676.42,10m,holdout,0.325,1253
2.0,0.75,1045,0.426,0.9901,-0.7305,-763.42,10m,holdout,0.325,1253
2.0,1.0,1045,0.424,0.9494,-0.7712,-805.87,10m,holdout,0.325,1253
2.0,1.5,1045,0.422,0.904,-0.8166,-853.4,10m,holdout,0.325,1253
2.0,2.0,1045,0.42,0.8778,-0.8429,-880.79,10m,holdout,0.325,1253
2.5,0.25,1045,0.417,1.4435,-0.2505,-261.82,10m,holdout,0.325,1253
2.5,0.5,1045,0.4,1.2369,-0.4804,-502.04,10m,holdout,0.325,1253
2.5,0.75,1045,0.395,1.1257,-0.5949,-621.69,10m,holdout,0.325,1253
2.5,1.0,1045,0.393,1.0697,-0.6509,-680.19,10m,holdout,0.325,1253
2.5,1.5,1045,0.39,1.0084,-0.7121,-744.19,10m,holdout,0.325,1253
2.5,2.0,1045,0.387,0.9736,-0.747,-780.61,10m,holdout,0.325,1253
3.0,0.25,1045,0.401,1.7039,0.0294,30.68,10m,holdout,0.325,1253
3.0,0.5,1045,0.379,1.525,-0.1839,-192.16,10m,holdout,0.325,1253
3.0,0.75,1045,0.373,1.37,-0.3486,-364.24,10m,holdout,0.325,1253
3.0,1.0,1045,0.37,1.2772,-0.4433,-463.3,10m,holdout,0.325,1253
3.0,1.5,1045,0.366,1.1908,-0.5298,-553.61,10m,holdout,0.325,1253
3.0,2.0,1045,0.361,1.1428,-0.5778,-603.77,10m,holdout,0.325,1253
3.5,0.25,1045,0.381,1.7418,0.0856,89.46,10m,holdout,0.325,1253
3.5,0.5,1045,0.356,1.4762,-0.2279,-238.1,10m,holdout,0.325,1253
3.5,0.75,1045,0.346,1.2866,-0.4301,-449.45,10m,holdout,0.325,1253
3.5,1.0,1045,0.34,1.1416,-0.579,-605.02,10m,holdout,0.325,1253
3.5,1.5,1045,0.334,1.0153,-0.7053,-737.08,10m,holdout,0.325,1253
3.5,2.0,1045,0.328,0.9475,-0.7731,-807.92,10m,holdout,0.325,1253
4.0,0.25,1045,0.367,1.7077,0.0676,70.67,10m,holdout,0.325,1253
4.0,0.5,1045,0.338,1.4421,-0.2566,-268.1,10m,holdout,0.325,1253
4.0,0.75,1045,0.324,1.2363,-0.4795,-501.04,10m,holdout,0.325,1253
4.0,1.0,1045,0.318,1.0827,-0.6372,-665.85,10m,holdout,0.325,1253
4.0,1.5,1045,0.31,0.9437,-0.7769,-811.86,10m,holdout,0.325,1253
4.0,2.0,1045,0.303,0.869,-0.8517,-889.98,10m,holdout,0.325,1253
4.5,0.25,1045,0.361,1.8252,0.2003,209.36,10m,holdout,0.325,1253
4.5,0.5,1045,0.328,1.5631,-0.1292,-134.97,10m,holdout,0.325,1253
4.5,0.75,1045,0.313,1.3368,-0.3773,-394.3,10m,holdout,0.325,1253
4.5,1.0,1045,0.306,1.1814,-0.5375,-561.68,10m,holdout,0.325,1253
4.5,1.5,1045,0.299,1.0409,-0.6793,-709.87,10m,holdout,0.325,1253
4.5,2.0,1045,0.291,0.963,-0.7577,-791.84,10m,holdout,0.325,1253
5.0,0.25,1045,0.351,1.8103,0.2003,209.36,10m,holdout,0.325,1253
5.0,0.5,1045,0.318,1.6251,-0.0588,-61.44,10m,holdout,0.325,1253
5.0,0.75,1045,0.301,1.4403,-0.269,-281.13,10m,holdout,0.325,1253
5.0,1.0,1045,0.294,1.2859,-0.4312,-450.63,10m,holdout,0.325,1253
5.0,1.5,1045,0.286,1.114,-0.606,-633.29,10m,holdout,0.325,1253
5.0,2.0,1045,0.278,1.0266,-0.694,-725.27,10m,holdout,0.325,1253
1.5,0.25,1044,0.492,1.0556,-0.6624,-691.56,10m,holdout,0.35,1253
1.5,0.5,1044,0.476,0.9463,-0.7751,-809.17,10m,holdout,0.35,1253
1.5,0.75,1044,0.474,0.9099,-0.8115,-847.16,10m,holdout,0.35,1253
1.5,1.0,1044,0.472,0.8893,-0.8321,-868.67,10m,holdout,0.35,1253
1.5,1.5,1044,0.471,0.8655,-0.8559,-893.52,10m,holdout,0.35,1253
1.5,2.0,1044,0.469,0.8515,-0.8699,-908.2,10m,holdout,0.35,1253
2.0,0.25,1044,0.449,1.2358,-0.4714,-492.16,10m,holdout,0.35,1253
2.0,0.5,1044,0.431,1.0627,-0.658,-687.0,10m,holdout,0.35,1253
2.0,0.75,1044,0.427,0.9841,-0.7373,-769.71,10m,holdout,0.35,1253
2.0,1.0,1044,0.426,0.9456,-0.7757,-809.85,10m,holdout,0.35,1253
2.0,1.5,1044,0.425,0.9025,-0.8188,-854.83,10m,holdout,0.35,1253
2.0,2.0,1044,0.422,0.8777,-0.8437,-880.79,10m,holdout,0.35,1253
2.5,0.25,1044,0.42,1.3708,-0.3255,-339.79,10m,holdout,0.35,1253
2.5,0.5,1044,0.399,1.1544,-0.5642,-589.06,10m,holdout,0.35,1253
2.5,0.75,1044,0.394,1.043,-0.6783,-708.09,10m,holdout,0.35,1253
2.5,1.0,1044,0.392,0.9875,-0.7337,-766.0,10m,holdout,0.35,1253
2.5,1.5,1044,0.39,0.9268,-0.7945,-829.43,10m,holdout,0.35,1253
2.5,2.0,1044,0.385,0.8922,-0.829,-865.52,10m,holdout,0.35,1253
3.0,0.25,1044,0.404,1.6489,-0.0279,-29.16,10m,holdout,0.35,1253
3.0,0.5,1044,0.38,1.4591,-0.2518,-262.88,10m,holdout,0.35,1253
3.0,0.75,1044,0.373,1.3113,-0.4085,-426.52,10m,holdout,0.35,1253
3.0,1.0,1044,0.37,1.2383,-0.483,-504.23,10m,holdout,0.35,1253
3.0,1.5,1044,0.367,1.1591,-0.5621,-586.87,10m,holdout,0.35,1253
3.0,2.0,1044,0.36,1.1145,-0.6068,-633.46,10m,holdout,0.35,1253
3.5,0.25,1044,0.383,1.6857,0.0269,28.11,10m,holdout,0.35,1253
3.5,0.5,1044,0.356,1.4167,-0.289,-301.69,10m,holdout,0.35,1253
3.5,0.75,1044,0.346,1.2179,-0.5003,-522.27,10m,holdout,0.35,1253
3.5,1.0,1044,0.339,1.0898,-0.6314,-659.22,10m,holdout,0.35,1253
3.5,1.5,1044,0.335,0.9705,-0.7508,-783.84,10m,holdout,0.35,1253
3.5,2.0,1044,0.329,0.9056,-0.8157,-851.55,10m,holdout,0.35,1253
4.0,0.25,1044,0.371,1.7788,0.1362,142.23,10m,holdout,0.35,1253
4.0,0.5,1044,0.34,1.5136,-0.1861,-194.3,10m,holdout,0.35,1253
4.0,0.75,1044,0.325,1.2995,-0.417,-435.4,10m,holdout,0.35,1253
4.0,1.0,1044,0.318,1.1439,-0.5769,-602.28,10m,holdout,0.35,1253
4.0,1.5,1044,0.313,1.0064,-0.7149,-746.32,10m,holdout,0.35,1253
4.0,2.0,1044,0.305,0.9326,-0.7886,-823.33,10m,holdout,0.35,1253
4.5,0.25,1044,0.366,1.8248,0.1966,205.22,10m,holdout,0.35,1253
4.5,0.5,1044,0.331,1.5502,-0.1444,-150.72,10m,holdout,0.35,1253
4.5,0.75,1044,0.314,1.3166,-0.3986,-416.12,10m,holdout,0.35,1253
4.5,1.0,1044,0.307,1.1602,-0.5596,-584.2,10m,holdout,0.35,1253
4.5,1.5,1044,0.302,1.0187,-0.7023,-733.15,10m,holdout,0.35,1253
4.5,2.0,1044,0.292,0.9401,-0.7813,-815.65,10m,holdout,0.35,1253
5.0,0.25,1044,0.357,1.92,0.3077,321.2,10m,holdout,0.35,1253
5.0,0.5,1044,0.322,1.7374,0.0529,55.23,10m,holdout,0.35,1253
5.0,0.75,1044,0.305,1.5371,-0.1742,-181.89,10m,holdout,0.35,1253
5.0,1.0,1044,0.297,1.3863,-0.3314,-346.0,10m,holdout,0.35,1253
5.0,1.5,1044,0.291,1.2242,-0.4966,-518.45,10m,holdout,0.35,1253
5.0,2.0,1044,0.282,1.1403,-0.5811,-606.67,10m,holdout,0.35,1253
1.5,0.25,1040,0.491,1.0367,-0.6822,-709.51,10m,holdout,0.375,1253
1.5,0.5,1040,0.475,0.929,-0.7929,-824.65,10m,holdout,0.375,1253
1.5,0.75,1040,0.472,0.8941,-0.8278,-860.96,10m,holdout,0.375,1253
1.5,1.0,1040,0.471,0.8744,-0.8476,-881.51,10m,holdout,0.375,1253
1.5,1.5,1040,0.468,0.8515,-0.8705,-905.3,10m,holdout,0.375,1253
1.5,2.0,1040,0.466,0.8379,-0.884,-919.39,10m,holdout,0.375,1253
2.0,0.25,1040,0.449,1.2195,-0.4896,-509.14,10m,holdout,0.375,1253
2.0,0.5,1040,0.432,1.0458,-0.6756,-702.6,10m,holdout,0.375,1253
2.0,0.75,1040,0.428,0.9704,-0.7516,-781.64,10m,holdout,0.375,1253
2.0,1.0,1040,0.426,0.9334,-0.7885,-820.05,10m,holdout,0.375,1253
2.0,1.5,1040,0.424,0.8919,-0.8301,-863.26,10m,holdout,0.375,1253
2.0,2.0,1040,0.421,0.8678,-0.8541,-888.28,10m,holdout,0.375,1253
2.5,0.25,1040,0.42,1.3255,-0.3748,-389.77,10m,holdout,0.375,1253
2.5,0.5,1040,0.401,1.148,-0.5712,-594.08,10m,holdout,0.375,1253
2.5,0.75,1040,0.397,1.0446,-0.6773,-704.35,10m,holdout,0.375,1253
2.5,1.0,1040,0.394,0.9931,-0.7288,-757.93,10m,holdout,0.375,1253
2.5,1.5,1040,0.392,0.9365,-0.7854,-816.81,10m,holdout,0.375,1253
2.5,2.0,1040,0.388,0.9041,-0.8177,-850.44,10m,holdout,0.375,1253
3.0,0.25,1040,0.405,1.6084,-0.0714,-74.27,10m,holdout,0.375,1253
3.0,0.5,1040,0.381,1.4091,-0.3039,-316.09,10m,holdout,0.375,1253
3.0,0.75,1040,0.373,1.2653,-0.4554,-473.62,10m,holdout,0.375,1253
3.0,1.0,1040,0.369,1.1954,-0.5264,-547.46,10m,holdout,0.375,1253
3.0,1.5,1040,0.366,1.1198,-0.602,-626.06,10m,holdout,0.375,1253
3.0,2.0,1040,0.359,1.0773,-0.6446,-670.34,10m,holdout,0.375,1253
3.5,0.25,1040,0.386,1.6977,0.0338,35.12,10m,holdout,0.375,1253
3.5,0.5,1040,0.36,1.4618,-0.245,-254.84,10m,holdout,0.375,1253
3.5,0.75,1040,0.349,1.2673,-0.4524,-470.45,10m,holdout,0.375,1253
3.5,1.0,1040,0.342,1.1528,-0.569,-591.8,10m,holdout,0.375,1253
3.5,1.5,1040,0.339,1.0448,-0.6771,-704.17,10m,holdout,0.375,1253
3.5,2.0,1040,0.333,0.9849,-0.737,-766.46,10m,holdout,0.375,1253
4.0,0.25,1040,0.371,1.7517,0.1063,110.6,10m,holdout,0.375,1253
4.0,0.5,1040,0.341,1.4923,-0.2097,-218.12,10m,holdout,0.375,1253
4.0,0.75,1040,0.326,1.2769,-0.4407,-458.3,10m,holdout,0.375,1253
4.0,1.0,1040,0.318,1.1238,-0.5979,-621.87,10m,holdout,0.375,1253
4.0,1.5,1040,0.314,0.9884,-0.7334,-762.75,10m,holdout,0.375,1253
4.0,2.0,1040,0.305,0.9157,-0.8061,-838.3,10m,holdout,0.375,1253
4.5,0.25,1040,0.365,1.7899,0.1579,164.19,10m,holdout,0.375,1253
4.5,0.5,1040,0.333,1.5193,-0.1773,-184.37,10m,holdout,0.375,1253
4.5,0.75,1040,0.315,1.2834,-0.4332,-450.51,10m,holdout,0.375,1253
4.5,1.0,1040,0.307,1.1239,-0.5973,-621.15,10m,holdout,0.375,1253
4.5,1.5,1040,0.302,0.9787,-0.7432,-772.93,10m,holdout,0.375,1253
4.5,2.0,1040,0.291,0.9007,-0.8213,-854.11,10m,holdout,0.375,1253
5.0,0.25,1040,0.359,1.9256,0.3102,322.6,10m,holdout,0.375,1253
5.0,0.5,1040,0.324,1.7316,0.0436,45.38,10m,holdout,0.375,1253
5.0,0.75,1040,0.307,1.5214,-0.1923,-199.94,10m,holdout,0.375,1253
5.0,1.0,1040,0.297,1.3827,-0.3356,-349.02,10m,holdout,0.375,1253
5.0,1.5,1040,0.292,1.2333,-0.4881,-507.62,10m,holdout,0.375,1253
5.0,2.0,1040,0.282,1.1537,-0.5683,-591.05,10m,holdout,0.375,1253
1.5,0.25,1038,0.491,1.0076,-0.7118,-738.83,10m,holdout,0.4,1253
1.5,0.5,1038,0.475,0.9053,-0.8162,-847.27,10m,holdout,0.4,1253
1.5,0.75,1038,0.473,0.8728,-0.8488,-881.04,10m,holdout,0.4,1253
1.5,1.0,1038,0.472,0.8543,-0.8672,-900.19,10m,holdout,0.4,1253
1.5,1.5,1038,0.468,0.833,-0.8886,-922.35,10m,holdout,0.4,1253
1.5,2.0,1038,0.467,0.8203,-0.9012,-935.47,10m,holdout,0.4,1253
2.0,0.25,1038,0.451,1.2461,-0.4632,-480.85,10m,holdout,0.4,1253
2.0,0.5,1038,0.434,1.0796,-0.6413,-665.69,10m,holdout,0.4,1253
2.0,0.75,1038,0.431,1.007,-0.7146,-741.72,10m,holdout,0.4,1253
2.0,1.0,1038,0.428,0.9717,-0.7499,-778.35,10m,holdout,0.4,1253
2.0,1.5,1038,0.427,0.9321,-0.7894,-819.45,10m,holdout,0.4,1253
2.0,2.0,1038,0.425,0.9092,-0.8123,-843.2,10m,holdout,0.4,1253
2.5,0.25,1038,0.421,1.3252,-0.3752,-389.47,10m,holdout,0.4,1253
2.5,0.5,1038,0.402,1.1524,-0.5669,-588.48,10m,holdout,0.4,1253
2.5,0.75,1038,0.399,1.0527,-0.6688,-694.23,10m,holdout,0.4,1253
2.5,1.0,1038,0.395,1.0032,-0.7183,-745.63,10m,holdout,0.4,1253
2.5,1.5,1038,0.394,0.9488,-0.7727,-802.04,10m,holdout,0.4,1253
2.5,2.0,1038,0.391,0.9178,-0.8037,-834.24,10m,holdout,0.4,1253
3.0,0.25,1038,0.405,1.5549,-0.1282,-133.09,10m,holdout,0.4,1253
3.0,0.5,1038,0.381,1.3511,-0.3625,-376.26,10m,holdout,0.4,1253
3.0,0.75,1038,0.375,1.2079,-0.5128,-532.33,10m,holdout,0.4,1253
3.0,1.0,1038,0.37,1.1389,-0.5825,-604.64,10m,holdout,0.4,1253
3.0,1.5,1038,0.367,1.0648,-0.6566,-681.54,10m,holdout,0.4,1253
3.0,2.0,1038,0.361,1.0232,-0.6982,-724.75,10m,holdout,0.4,1253
3.5,0.25,1038,0.386,1.714,0.0487,50.51,10m,holdout,0.4,1253
3.5,0.5,1038,0.36,1.4759,-0.2311,-239.91,10m,holdout,0.4,1253
3.5,0.75,1038,0.353,1.2851,-0.4342,-450.65,10m,holdout,0.4,1253
3.5,1.0,1038,0.344,1.172,-0.5495,-570.35,10m,holdout,0.4,1253
3.5,1.5,1038,0.341,1.0654,-0.6561,-681.02,10m,holdout,0.4,1253
3.5,2.0,1038,0.335,1.0063,-0.7152,-742.37,10m,holdout,0.4,1253
4.0,0.25,1038,0.371,1.7546,0.1062,110.29,10m,holdout,0.4,1253
4.0,0.5,1038,0.341,1.5137,-0.1879,-195.09,10m,holdout,0.4,1253
4.0,0.75,1038,0.329,1.3032,-0.4139,-429.65,10m,holdout,0.4,1253
4.0,1.0,1038,0.32,1.1533,-0.5681,-589.68,10m,holdout,0.4,1253
4.0,1.5,1038,0.316,1.0204,-0.7011,-727.7,10m,holdout,0.4,1253
4.0,2.0,1038,0.307,0.949,-0.7725,-801.87,10m,holdout,0.4,1253
4.5,0.25,1038,0.364,1.7978,0.1646,170.84,10m,holdout,0.4,1253
4.5,0.5,1038,0.331,1.5548,-0.1411,-146.5,10m,holdout,0.4,1253
4.5,0.75,1038,0.317,1.3358,-0.38,-394.42,10m,holdout,0.4,1253
4.5,1.0,1038,0.307,1.1827,-0.5379,-558.39,10m,holdout,0.4,1253
4.5,1.5,1038,0.303,1.0427,-0.6789,-704.7,10m,holdout,0.4,1253
4.5,2.0,1038,0.294,0.9672,-0.7544,-783.11,10m,holdout,0.4,1253
5.0,0.25,1038,0.359,1.9232,0.3059,317.5,10m,holdout,0.4,1253
5.0,0.5,1038,0.325,1.7309,0.0408,42.38,10m,holdout,0.4,1253
5.0,0.75,1038,0.31,1.5245,-0.1883,-195.46,10m,holdout,0.4,1253
5.0,1.0,1038,0.301,1.3865,-0.3315,-344.06,10m,holdout,0.4,1253
5.0,1.5,1038,0.296,1.2345,-0.4867,-505.19,10m,holdout,0.4,1253
5.0,2.0,1038,0.287,1.1539,-0.5677,-589.3,10m,holdout,0.4,1253
1.5,0.25,1037,0.491,0.9972,-0.7215,-748.19,10m,holdout,0.425,1253
1.5,0.5,1037,0.476,0.8986,-0.8219,-852.29,10m,holdout,0.425,1253
1.5,0.75,1037,0.47,0.8676,-0.8529,-884.48,10m,holdout,0.425,1253
1.5,1.0,1037,0.469,0.85,-0.8705,-902.7,10m,holdout,0.425,1253
1.5,1.5,1037,0.466,0.8297,-0.8908,-923.76,10m,holdout,0.425,1253
1.5,2.0,1037,0.465,0.8177,-0.9028,-936.2,10m,holdout,0.425,1253
2.0,0.25,1037,0.452,1.2106,-0.4992,-517.67,10m,holdout,0.425,1253
2.0,0.5,1037,0.437,1.0473,-0.6725,-697.41,10m,holdout,0.425,1253
2.0,0.75,1037,0.429,0.9757,-0.7448,-772.34,10m,holdout,0.425,1253
2.0,1.0,1037,0.427,0.941,-0.7795,-808.32,10m,holdout,0.425,1253
2.0,1.5,1037,0.425,0.9021,-0.8184,-848.66,10m,holdout,0.425,1253
2.0,2.0,1037,0.423,0.8796,-0.8408,-871.96,10m,holdout,0.425,1253
2.5,0.25,1037,0.42,1.3272,-0.3741,-387.94,10m,holdout,0.425,1253
2.5,0.5,1037,0.402,1.1546,-0.5638,-584.63,10m,holdout,0.425,1253
2.5,0.75,1037,0.396,1.056,-0.6644,-689.0,10m,holdout,0.425,1253
2.5,1.0,1037,0.393,1.0072,-0.7132,-739.61,10m,holdout,0.425,1253
2.5,1.5,1037,0.392,0.9537,-0.7667,-795.11,10m,holdout,0.425,1253
2.5,2.0,1037,0.39,0.9231,-0.7973,-826.79,10m,holdout,0.425,1253
3.0,0.25,1037,0.402,1.4885,-0.198,-205.29,10m,holdout,0.425,1253
3.0,0.5,1037,0.378,1.2859,-0.4272,-443.03,10m,holdout,0.425,1253
3.0,0.75,1037,0.371,1.1521,-0.5675,-588.52,10m,holdout,0.425,1253
3.0,1.0,1037,0.367,1.0868,-0.6336,-657.04,10m,holdout,0.425,1253
3.0,1.5,1037,0.365,1.0162,-0.7042,-730.27,10m,holdout,0.425,1253
3.0,2.0,1037,0.36,0.9763,-0.744,-771.58,10m,holdout,0.425,1253
3.5,0.25,1037,0.387,1.7112,0.0425,44.05,10m,holdout,0.425,1253
3.5,0.5,1037,0.362,1.4977,-0.2089,-216.66,10m,holdout,0.425,1253
3.5,0.75,1037,0.352,1.3179,-0.4004,-415.23,10m,holdout,0.425,1253
3.5,1.0,1037,0.345,1.2115,-0.5089,-527.71,10m,holdout,0.425,1253
3.5,1.5,1037,0.341,1.1123,-0.6081,-630.57,10m,holdout,0.425,1253
3.5,2.0,1037,0.337,1.0576,-0.6628,-687.36,10m,holdout,0.425,1253
4.0,0.25,1037,0.37,1.7308,0.0783,81.15,10m,holdout,0.425,1253
4.0,0.5,1037,0.344,1.5031,-0.1982,-205.48,10m,holdout,0.425,1253
4.0,0.75,1037,0.33,1.2908,-0.4255,-441.24,10m,holdout,0.425,1253
4.0,1.0,1037,0.322,1.1407,-0.5797,-601.2,10m,holdout,0.425,1253
4.0,1.5,1037,0.317,1.0072,-0.7132,-739.58,10m,holdout,0.425,1253
4.0,2.0,1037,0.31,0.9354,-0.785,-814.02,10m,holdout,0.425,1253
4.5,0.25,1037,0.362,1.7224,0.0852,88.32,10m,holdout,0.425,1253
4.5,0.5,1037,0.331,1.4657,-0.2306,-239.12,10m,holdout,0.425,1253
4.5,0.75,1037,0.313,1.2384,-0.4768,-494.42,10m,holdout,0.425,1253
4.5,1.0,1037,0.305,1.0816,-0.638,-661.65,10m,holdout,0.425,1253
4.5,1.5,1037,0.299,0.9377,-0.7828,-811.81,10m,holdout,0.425,1253
4.5,2.0,1037,0.291,0.86,-0.8605,-892.32,10m,holdout,0.425,1253
5.0,0.25,1037,0.356,1.8666,0.2455,254.54,10m,holdout,0.425,1253
5.0,0.5,1037,0.323,1.6537,-0.0368,-38.11,10m,holdout,0.425,1253
5.0,0.75,1037,0.306,1.4436,-0.2687,-278.59,10m,holdout,0.425,1253
5.0,1.0,1037,0.297,1.3041,-0.413,-428.29,10m,holdout,0.425,1253
5.0,1.5,1037,0.291,1.1505,-0.5696,-590.67,10m,holdout,0.425,1253
5.0,2.0,1037,0.284,1.0692,-0.6514,-675.49,10m,holdout,0.425,1253
1.5,0.25,1034,0.488,0.9029,-0.8163,-844.05,10m,holdout,0.45,1253
1.5,0.5,1034,0.479,0.815,-0.9058,-936.59,10m,holdout,0.45,1253
1.5,0.75,1034,0.469,0.7886,-0.9322,-963.9,10m,holdout,0.45,1253
1.5,1.0,1034,0.465,0.7739,-0.947,-979.17,10m,holdout,0.45,1253
1.5,1.5,1034,0.461,0.7569,-0.9639,-996.71,10m,holdout,0.45,1253
1.5,2.0,1034,0.459,0.7469,-0.9739,-1007.05,10m,holdout,0.45,1253
2.0,0.25,1034,0.451,1.114,-0.5983,-618.63,10m,holdout,0.45,1253
2.0,0.5,1034,0.438,0.9679,-0.7523,-777.88,10m,holdout,0.45,1253
2.0,0.75,1034,0.428,0.9025,-0.8183,-846.15,10m,holdout,0.45,1253
2.0,1.0,1034,0.426,0.8714,-0.8494,-878.3,10m,holdout,0.45,1253
2.0,1.5,1034,0.423,0.8367,-0.8842,-914.23,10m,holdout,0.45,1253
2.0,2.0,1034,0.422,0.8166,-0.9042,-934.97,10m,holdout,0.45,1253
2.5,0.25,1034,0.425,1.262,-0.4413,-456.35,10m,holdout,0.45,1253
2.5,0.5,1034,0.409,1.1025,-0.6164,-637.34,10m,holdout,0.45,1253
2.5,0.75,1034,0.4,1.0102,-0.7106,-734.79,10m,holdout,0.45,1253
2.5,1.0,1034,0.397,0.9651,-0.7557,-781.38,10m,holdout,0.45,1253
2.5,1.5,1034,0.395,0.916,-0.8048,-832.18,10m,holdout,0.45,1253
2.5,2.0,1034,0.394,0.888,-0.8328,-861.1,10m,holdout,0.45,1253
3.0,0.25,1034,0.4,1.3972,-0.292,-301.94,10m,holdout,0.45,1253
3.0,0.5,1034,0.379,1.1922,-0.5231,-540.88,10m,holdout,0.45,1253
3.0,0.75,1034,0.369,1.0575,-0.6633,-685.83,10m,holdout,0.45,1253
3.0,1.0,1034,0.366,0.9939,-0.7269,-751.6,10m,holdout,0.45,1253
3.0,1.5,1034,0.362,0.9257,-0.795,-822.08,10m,holdout,0.45,1253
3.0,2.0,1034,0.36,0.8874,-0.8334,-861.7,10m,holdout,0.45,1253
3.5,0.25,1034,0.386,1.6145,-0.0584,-60.34,10m,holdout,0.45,1253
3.5,0.5,1034,0.364,1.4102,-0.2982,-308.31,10m,holdout,0.45,1253
3.5,0.75,1034,0.355,1.2527,-0.466,-481.87,10m,holdout,0.45,1253
3.5,1.0,1034,0.349,1.1578,-0.563,-582.13,10m,holdout,0.45,1253
3.5,1.5,1034,0.344,1.069,-0.6518,-673.95,10m,holdout,0.45,1253
3.5,2.0,1034,0.341,1.0197,-0.7011,-724.91,10m,holdout,0.45,1253
4.0,0.25,1034,0.371,1.6655,0.0084,8.72,10m,holdout,0.45,1253
4.0,0.5,1034,0.347,1.4309,-0.273,-282.24,10m,holdout,0.45,1253
4.0,0.75,1034,0.333,1.2234,-0.4941,-510.93,10m,holdout,0.45,1253
4.0,1.0,1034,0.325,1.095,-0.6258,-647.09,10m,holdout,0.45,1253
4.0,1.5,1034,0.32,0.975,-0.7458,-771.12,10m,holdout,0.45,1253
4.0,2.0,1034,0.314,0.9099,-0.8109,-838.5,10m,holdout,0.45,1253
4.5,0.25,1034,0.363,1.7398,0.0994,102.76,10m,holdout,0.45,1253
4.5,0.5,1034,0.334,1.5493,-0.148,-153.08,10m,holdout,0.45,1253
4.5,0.75,1034,0.316,1.3326,-0.3829,-395.92,10m,holdout,0.45,1253
4.5,1.0,1034,0.309,1.1795,-0.5408,-559.2,10m,holdout,0.45,1253
4.5,1.5,1034,0.303,1.043,-0.6778,-700.86,10m,holdout,0.45,1253
4.5,2.0,1034,0.297,0.9698,-0.751,-776.53,10m,holdout,0.45,1253
5.0,0.25,1034,0.356,1.8497,0.2254,233.05,10m,holdout,0.45,1253
5.0,0.5,1034,0.324,1.6137,-0.0798,-82.48,10m,holdout,0.45,1253
5.0,0.75,1034,0.307,1.3956,-0.3179,-328.67,10m,holdout,0.45,1253
5.0,1.0,1034,0.298,1.2506,-0.4676,-483.51,10m,holdout,0.45,1253
5.0,1.5,1034,0.292,1.0907,-0.6301,-651.56,10m,holdout,0.45,1253
5.0,2.0,1034,0.286,1.0084,-0.7125,-736.68,10m,holdout,0.45,1253
1.5,0.25,1032,0.49,0.9189,-0.8013,-826.97,10m,holdout,0.475,1253
1.5,0.5,1032,0.482,0.8522,-0.8687,-896.55,10m,holdout,0.475,1253
1.5,0.75,1032,0.476,0.828,-0.8929,-921.52,10m,holdout,0.475,1253
1.5,1.0,1032,0.475,0.8144,-0.9066,-935.57,10m,holdout,0.475,1253
1.5,1.5,1032,0.469,0.7986,-0.9223,-951.82,10m,holdout,0.475,1253
1.5,2.0,1032,0.466,0.7893,-0.9316,-961.46,10m,holdout,0.475,1253
2.0,0.25,1032,0.452,1.1298,-0.5838,-602.48,10m,holdout,0.475,1253
2.0,0.5,1032,0.439,0.9871,-0.7332,-756.64,10m,holdout,0.475,1253
2.0,0.75,1032,0.432,0.9239,-0.7971,-822.58,10m,holdout,0.475,1253
2.0,1.0,1032,0.431,0.8937,-0.8272,-853.68,10m,holdout,0.475,1253
2.0,1.5,1032,0.427,0.8599,-0.861,-888.57,10m,holdout,0.475,1253
2.0,2.0,1032,0.424,0.8403,-0.8806,-908.78,10m,holdout,0.475,1253
2.5,0.25,1032,0.425,1.2795,-0.4248,-438.42,10m,holdout,0.475,1253
2.5,0.5,1032,0.411,1.1162,-0.6027,-622.03,10m,holdout,0.475,1253
2.5,0.75,1032,0.405,1.0233,-0.6976,-719.96,10m,holdout,0.475,1253
2.5,1.0,1032,0.403,0.9787,-0.7422,-765.91,10m,holdout,0.475,1253
2.5,1.5,1032,0.4,0.9301,-0.7908,-816.14,10m,holdout,0.475,1253
2.5,2.0,1032,0.397,0.9023,-0.8186,-844.77,10m,holdout,0.475,1253
3.0,0.25,1032,0.399,1.3691,-0.3229,-333.19,10m,holdout,0.475,1253
3.0,0.5,1032,0.382,1.1866,-0.5291,-546.04,10m,holdout,0.475,1253
3.0,0.75,1032,0.375,1.0556,-0.6653,-686.55,10m,holdout,0.475,1253
3.0,1.0,1032,0.372,0.9951,-0.7257,-748.94,10m,holdout,0.475,1253
3.0,1.5,1032,0.368,0.9301,-0.7907,-816.05,10m,holdout,0.475,1253
3.0,2.0,1032,0.364,0.8935,-0.8274,-853.87,10m,holdout,0.475,1253
3.5,0.25,1032,0.386,1.6395,-0.0334,-34.5,10m,holdout,0.475,1253
3.5,0.5,1032,0.365,1.4513,-0.2579,-266.16,10m,holdout,0.475,1253
3.5,0.75,1032,0.358,1.2914,-0.4277,-441.35,10m,holdout,0.475,1253
3.5,1.0,1032,0.354,1.1989,-0.522,-538.68,10m,holdout,0.475,1253
3.5,1.5,1032,0.349,1.1128,-0.608,-627.46,10m,holdout,0.475,1253
3.5,2.0,1032,0.345,1.0652,-0.6556,-676.59,10m,holdout,0.475,1253
4.0,0.25,1032,0.371,1.7252,0.0679,70.08,10m,holdout,0.475,1253
4.0,0.5,1032,0.349,1.488,-0.217,-223.99,10m,holdout,0.475,1253
4.0,0.75,1032,0.337,1.2948,-0.4228,-436.31,10m,holdout,0.475,1253
4.0,1.0,1032,0.331,1.1697,-0.5511,-568.78,10m,holdout,0.475,1253
4.0,1.5,1032,0.326,1.0526,-0.6683,-689.71,10m,holdout,0.475,1253
4.0,2.0,1032,0.319,0.9888,-0.7321,-755.55,10m,holdout,0.475,1253
4.5,0.25,1032,0.36,1.738,0.0948,97.79,10m,holdout,0.475,1253
4.5,0.5,1032,0.333,1.5211,-0.1802,-185.97,10m,holdout,0.475,1253
4.5,0.75,1032,0.319,1.3244,-0.3916,-404.16,10m,holdout,0.475,1253
4.5,1.0,1032,0.313,1.1774,-0.5433,-560.71,10m,holdout,0.475,1253
4.5,1.5,1032,0.306,1.0483,-0.6726,-694.08,10m,holdout,0.475,1253
4.5,2.0,1032,0.299,0.9792,-0.7417,-765.42,10m,holdout,0.475,1253
5.0,0.25,1032,0.354,1.8368,0.2101,216.8,10m,holdout,0.475,1253
5.0,0.5,1032,0.324,1.5958,-0.0988,-102.01,10m,holdout,0.475,1253
5.0,0.75,1032,0.308,1.3786,-0.3359,-346.61,10m,holdout,0.475,1253
5.0,1.0,1032,0.301,1.2313,-0.4877,-503.28,10m,holdout,0.475,1253
5.0,1.5,1032,0.295,1.0901,-0.6309,-651.06,10m,holdout,0.475,1253
5.0,2.0,1032,0.288,1.0124,-0.7085,-731.21,10m,holdout,0.475,1253
1.5,0.25,1030,0.491,0.945,-0.7748,-798.0,10m,holdout,0.5,1253
1.5,0.5,1030,0.484,0.8796,-0.8409,-866.13,10m,holdout,0.5,1253
1.5,0.75,1030,0.478,0.8558,-0.8647,-890.59,10m,holdout,0.5,1253
1.5,1.0,1030,0.476,0.8425,-0.878,-904.38,10m,holdout,0.5,1253
1.5,1.5,1030,0.473,0.827,-0.8935,-920.33,10m,holdout,0.5,1253
1.5,2.0,1030,0.468,0.8178,-0.9027,-929.82,10m,holdout,0.5,1253
2.0,0.25,1030,0.457,1.1947,-0.519,-534.55,10m,holdout,0.5,1253
2.0,0.5,1030,0.448,1.0562,-0.6637,-683.61,10m,holdout,0.5,1253
2.0,0.75,1030,0.438,0.9943,-0.7262,-748.02,10m,holdout,0.5,1253
2.0,1.0,1030,0.437,0.9649,-0.7556,-778.29,10m,holdout,0.5,1253
2.0,1.5,1030,0.436,0.9319,-0.7887,-812.31,10m,holdout,0.5,1253
2.0,2.0,1030,0.432,0.9127,-0.8078,-832.08,10m,holdout,0.5,1253
2.5,0.25,1030,0.428,1.3139,-0.3919,-403.67,10m,holdout,0.5,1253
2.5,0.5,1030,0.417,1.157,-0.5615,-578.4,10m,holdout,0.5,1253
2.5,0.75,1030,0.408,1.0666,-0.6538,-673.45,10m,holdout,0.5,1253
2.5,1.0,1030,0.407,1.0236,-0.6969,-717.78,10m,holdout,0.5,1253
2.5,1.5,1030,0.405,0.9766,-0.7439,-766.22,10m,holdout,0.5,1253
2.5,2.0,1030,0.401,0.9497,-0.7708,-793.88,10m,holdout,0.5,1253
3.0,0.25,1030,0.4,1.3822,-0.3099,-319.23,10m,holdout,0.5,1253
3.0,0.5,1030,0.386,1.212,-0.5033,-518.35,10m,holdout,0.5,1253
3.0,0.75,1030,0.377,1.083,-0.6374,-656.56,10m,holdout,0.5,1253
3.0,1.0,1030,0.376,1.0236,-0.6968,-717.74,10m,holdout,0.5,1253
3.0,1.5,1030,0.372,0.9597,-0.7607,-783.53,10m,holdout,0.5,1253
3.0,2.0,1030,0.366,0.9237,-0.7967,-820.62,10m,holdout,0.5,1253
3.5,0.25,1030,0.386,1.6553,-0.0185,-19.03,10m,holdout,0.5,1253
3.5,0.5,1030,0.369,1.4591,-0.2505,-258.04,10m,holdout,0.5,1253
3.5,0.75,1030,0.358,1.2903,-0.4293,-442.18,10m,holdout,0.5,1253
3.5,1.0,1030,0.356,1.2112,-0.5092,-524.49,10m,holdout,0.5,1253
3.5,1.5,1030,0.351,1.1269,-0.5935,-611.33,10m,holdout,0.5,1253
3.5,2.0,1030,0.346,1.0797,-0.6407,-659.95,10m,holdout,0.5,1253
4.0,0.25,1030,0.373,1.7938,0.136,140.05,10m,holdout,0.5,1253
4.0,0.5,1030,0.353,1.5627,-0.1424,-146.62,10m,holdout,0.5,1253
4.0,0.75,1030,0.34,1.3733,-0.3439,-354.25,10m,holdout,0.5,1253
4.0,1.0,1030,0.337,1.2498,-0.4707,-484.84,10m,holdout,0.5,1253
4.0,1.5,1030,0.331,1.1338,-0.5867,-604.28,10m,holdout,0.5,1253
4.0,2.0,1030,0.323,1.0706,-0.6499,-669.4,10m,holdout,0.5,1253
4.5,0.25,1030,0.361,1.7144,0.065,66.91,10m,holdout,0.5,1253
4.5,0.5,1030,0.338,1.4846,-0.2168,-223.33,10m,holdout,0.5,1253
4.5,0.75,1030,0.321,1.2841,-0.4317,-444.69,10m,holdout,0.5,1253
4.5,1.0,1030,0.317,1.136,-0.5844,-601.94,10m,holdout,0.5,1253
4.5,1.5,1030,0.311,1.0051,-0.7153,-736.77,10m,holdout,0.5,1253
4.5,2.0,1030,0.303,0.9349,-0.7855,-809.08,10m,holdout,0.5,1253
5.0,0.25,1030,0.354,1.842,0.2123,218.7,10m,holdout,0.5,1253
5.0,0.5,1030,0.327,1.5971,-0.098,-100.9,10m,holdout,0.5,1253
5.0,0.75,1030,0.31,1.3798,-0.3344,-344.38,10m,holdout,0.5,1253
5.0,1.0,1030,0.305,1.2325,-0.4862,-500.8,10m,holdout,0.5,1253
5.0,1.5,1030,0.298,1.0912,-0.6294,-648.26,10m,holdout,0.5,1253
5.0,2.0,1030,0.29,1.0134,-0.7071,-728.31,10m,holdout,0.5,1253
1.5,0.25,1027,0.497,0.9389,-0.7808,-801.92,10m,holdout,0.525,1253
1.5,0.5,1027,0.489,0.8784,-0.8421,-864.81,10m,holdout,0.525,1253
1.5,0.75,1027,0.483,0.8563,-0.8642,-887.58,10m,holdout,0.525,1253
1.5,1.0,1027,0.481,0.8437,-0.8768,-900.45,10m,holdout,0.525,1253
1.5,1.5,1027,0.478,0.8292,-0.8913,-915.37,10m,holdout,0.525,1253
1.5,2.0,1027,0.474,0.8205,-0.9,-924.27,10m,holdout,0.525,1253
2.0,0.25,1027,0.461,1.2241,-0.4903,-503.58,10m,holdout,0.525,1253
2.0,0.5,1027,0.451,1.0887,-0.6311,-648.13,10m,holdout,0.525,1253
2.0,0.75,1027,0.441,1.0293,-0.6912,-709.82,10m,holdout,0.525,1253
2.0,1.0,1027,0.438,1.0014,-0.7191,-738.52,10m,holdout,0.525,1253
2.0,1.5,1027,0.437,0.9701,-0.7504,-770.7,10m,holdout,0.525,1253
2.0,2.0,1027,0.435,0.9519,-0.7686,-789.36,10m,holdout,0.525,1253
2.5,0.25,1027,0.432,1.3116,-0.3963,-406.98,10m,holdout,0.525,1253
2.5,0.5,1027,0.421,1.1494,-0.5691,-584.43,10m,holdout,0.525,1253
2.5,0.75,1027,0.412,1.0596,-0.6609,-678.7,10m,holdout,0.525,1253
2.5,1.0,1027,0.409,1.0169,-0.7036,-722.6,10m,holdout,0.525,1253
2.5,1.5,1027,0.407,0.9702,-0.7503,-770.56,10m,holdout,0.525,1253
2.5,2.0,1027,0.405,0.9435,-0.777,-797.94,10m,holdout,0.525,1253
3.0,0.25,1027,0.405,1.4296,-0.2634,-270.53,10m,holdout,0.525,1253
3.0,0.5,1027,0.39,1.2543,-0.4612,-473.65,10m,holdout,0.525,1253
3.0,0.75,1027,0.38,1.1259,-0.5946,-610.64,10m,holdout,0.525,1253
3.0,1.0,1027,0.378,1.0668,-0.6536,-671.26,10m,holdout,0.525,1253
3.0,1.5,1027,0.375,1.0034,-0.7171,-736.45,10m,holdout,0.525,1253
3.0,2.0,1027,0.371,0.9675,-0.7529,-773.23,10m,holdout,0.525,1253
3.5,0.25,1027,0.391,1.6839,0.0089,9.16,10m,holdout,0.525,1253
3.5,0.5,1027,0.373,1.4914,-0.2188,-224.69,10m,holdout,0.525,1253
3.5,0.75,1027,0.362,1.3241,-0.3959,-406.59,10m,holdout,0.525,1253
3.5,1.0,1027,0.358,1.2463,-0.4741,-486.87,10m,holdout,0.525,1253
3.5,1.5,1027,0.354,1.1637,-0.5567,-571.76,10m,holdout,0.525,1253
3.5,2.0,1027,0.351,1.1175,-0.603,-619.24,10m,holdout,0.525,1253
4.0,0.25,1027,0.378,1.8346,0.1742,178.9,10m,holdout,0.525,1253
4.0,0.5,1027,0.357,1.6109,-0.0951,-97.69,10m,holdout,0.525,1253
4.0,0.75,1027,0.345,1.4378,-0.2801,-287.65,10m,holdout,0.525,1253
4.0,1.0,1027,0.34,1.3205,-0.3999,-410.73,10m,holdout,0.525,1253
4.0,1.5,1027,0.334,1.2114,-0.5091,-522.85,10m,holdout,0.525,1253
4.0,2.0,1027,0.329,1.152,-0.5685,-583.85,10m,holdout,0.525,1253
4.5,0.25,1027,0.364,1.7351,0.0842,86.52,10m,holdout,0.525,1253
4.5,0.5,1027,0.34,1.4862,-0.2164,-222.29,10m,holdout,0.525,1253
4.5,0.75,1027,0.324,1.2683,-0.4492,-461.32,10m,holdout,0.525,1253
4.5,1.0,1027,0.317,1.1343,-0.5861,-601.89,10m,holdout,0.525,1253
4.5,1.5,1027,0.311,1.0092,-0.7113,-730.45,10m,holdout,0.525,1253
4.5,2.0,1027,0.305,0.9413,-0.7791,-800.18,10m,holdout,0.525,1253
5.0,0.25,1027,0.356,1.8494,0.2179,223.83,10m,holdout,0.525,1253
5.0,0.5,1027,0.328,1.617,-0.0793,-81.42,10m,holdout,0.525,1253
5.0,0.75,1027,0.313,1.3968,-0.3177,-326.26,10m,holdout,0.525,1253
5.0,1.0,1027,0.305,1.2464,-0.4725,-485.27,10m,holdout,0.525,1253
5.0,1.5,1027,0.298,1.1001,-0.6204,-637.16,10m,holdout,0.525,1253
5.0,2.0,1027,0.292,1.0218,-0.6987,-717.57,10m,holdout,0.525,1253
1.5,0.25,1025,0.491,0.9141,-0.8057,-825.82,10m,holdout,0.55,1253
1.5,0.5,1025,0.484,0.8532,-0.8673,-888.96,10m,holdout,0.55,1253
1.5,0.75,1025,0.478,0.8308,-0.8897,-911.9,10m,holdout,0.55,1253
1.5,1.0,1025,0.476,0.8181,-0.9023,-924.86,10m,holdout,0.55,1253
1.5,1.5,1025,0.474,0.8035,-0.9169,-939.85,10m,holdout,0.55,1253
1.5,2.0,1025,0.471,0.7948,-0.9256,-948.75,10m,holdout,0.55,1253
2.0,0.25,1025,0.459,1.1957,-0.5191,-532.11,10m,holdout,0.55,1253
2.0,0.5,1025,0.45,1.0599,-0.6598,-676.34,10m,holdout,0.55,1253
2.0,0.75,1025,0.441,1.0004,-0.7201,-738.09,10m,holdout,0.55,1253
2.0,1.0,1025,0.438,0.9724,-0.7481,-766.77,10m,holdout,0.55,1253
2.0,1.5,1025,0.436,0.941,-0.7794,-798.89,10m,holdout,0.55,1253
2.0,2.0,1025,0.434,0.9229,-0.7975,-817.49,10m,holdout,0.55,1253
2.5,0.25,1025,0.434,1.3514,-0.3563,-365.24,10m,holdout,0.55,1253
2.5,0.5,1025,0.423,1.1899,-0.5285,-541.75,10m,holdout,0.55,1253
2.5,0.75,1025,0.416,1.1001,-0.6203,-635.83,10m,holdout,0.55,1253
2.5,1.0,1025,0.413,1.0574,-0.663,-679.59,10m,holdout,0.55,1253
2.5,1.5,1025,0.41,1.0108,-0.7097,-727.41,10m,holdout,0.55,1253
2.5,2.0,1025,0.408,0.9842,-0.7363,-754.72,10m,holdout,0.55,1253
3.0,0.25,1025,0.409,1.4822,-0.2132,-218.49,10m,holdout,0.55,1253
3.0,0.5,1025,0.397,1.3209,-0.396,-405.9,10m,holdout,0.55,1253
3.0,0.75,1025,0.387,1.1994,-0.5211,-534.15,10m,holdout,0.55,1253
3.0,1.0,1025,0.385,1.1445,-0.576,-590.42,10m,holdout,0.55,1253
3.0,1.5,1025,0.381,1.085,-0.6354,-651.33,10m,holdout,0.55,1253
3.0,2.0,1025,0.378,1.0513,-0.6692,-685.9,10m,holdout,0.55,1253
3.5,0.25,1025,0.394,1.6989,0.0217,22.24,10m,holdout,0.55,1253
3.5,0.5,1025,0.376,1.5294,-0.1817,-186.25,10m,holdout,0.55,1253
3.5,0.75,1025,0.366,1.3732,-0.3467,-355.37,10m,holdout,0.55,1253
3.5,1.0,1025,0.363,1.3019,-0.4185,-428.95,10m,holdout,0.55,1253
3.5,1.5,1025,0.358,1.226,-0.4944,-506.79,10m,holdout,0.55,1253
3.5,2.0,1025,0.354,1.1834,-0.537,-550.38,10m,holdout,0.55,1253
4.0,0.25,1025,0.379,1.8306,0.1676,171.76,10m,holdout,0.55,1253
4.0,0.5,1025,0.358,1.6105,-0.0956,-97.99,10m,holdout,0.55,1253
4.0,0.75,1025,0.346,1.4433,-0.274,-280.82,10m,holdout,0.55,1253
4.0,1.0,1025,0.341,1.328,-0.3924,-402.24,10m,holdout,0.55,1253
4.0,1.5,1025,0.335,1.2204,-0.5,-512.52,10m,holdout,0.55,1253
4.0,2.0,1025,0.33,1.1618,-0.5586,-572.58,10m,holdout,0.55,1253
4.5,0.25,1025,0.366,1.8446,0.1931,197.89,10m,holdout,0.55,1253
4.5,0.5,1025,0.343,1.6229,-0.0788,-80.74,10m,holdout,0.55,1253
4.5,0.75,1025,0.329,1.4135,-0.3036,-311.2,10m,holdout,0.55,1253
4.5,1.0,1025,0.323,1.2818,-0.4386,-449.6,10m,holdout,0.55,1253
4.5,1.5,1025,0.316,1.1583,-0.5622,-576.22,10m,holdout,0.55,1253
4.5,2.0,1025,0.309,1.0911,-0.6293,-645.07,10m,holdout,0.55,1253
5.0,0.25,1025,0.355,1.8723,0.2393,245.27,10m,holdout,0.55,1253
5.0,0.5,1025,0.329,1.6612,-0.0345,-35.38,10m,holdout,0.55,1253
5.0,0.75,1025,0.314,1.4407,-0.2739,-280.79,10m,holdout,0.55,1253
5.0,1.0,1025,0.307,1.289,-0.4304,-441.16,10m,holdout,0.55,1253
5.0,1.5,1025,0.3,1.142,-0.5785,-592.95,10m,holdout,0.55,1253
5.0,2.0,1025,0.293,1.0634,-0.6571,-673.55,10m,holdout,0.55,1253
1.5,0.25,1022,0.493,0.968,-0.7512,-767.77,10m,holdout,0.575,1253
1.5,0.5,1022,0.486,0.9127,-0.8071,-824.89,10m,holdout,0.575,1253
1.5,0.75,1022,0.481,0.8925,-0.8273,-845.54,10m,holdout,0.575,1253
1.5,1.0,1022,0.477,0.8811,-0.8387,-857.16,10m,holdout,0.575,1253
1.5,1.5,1022,0.476,0.868,-0.8518,-870.58,10m,holdout,0.575,1253
1.5,2.0,1022,0.473,0.8602,-0.8596,-878.54,10m,holdout,0.575,1253
2.0,0.25,1022,0.464,1.2556,-0.4596,-469.7,10m,holdout,0.575,1253
2.0,0.5,1022,0.456,1.1238,-0.5961,-609.21,10m,holdout,0.575,1253
2.0,0.75,1022,0.449,1.0815,-0.6383,-652.38,10m,holdout,0.575,1253
2.0,1.0,1022,0.444,1.0583,-0.6616,-676.14,10m,holdout,0.575,1253
2.0,1.5,1022,0.443,1.0318,-0.688,-703.18,10m,holdout,0.575,1253
2.0,2.0,1022,0.441,1.0163,-0.7035,-719.0,10m,holdout,0.575,1253
2.5,0.25,1022,0.437,1.4002,-0.3078,-314.57,10m,holdout,0.575,1253
2.5,0.5,1022,0.428,1.2455,-0.4724,-482.78,10m,holdout,0.575,1253
2.5,0.75,1022,0.421,1.158,-0.5619,-574.24,10m,holdout,0.575,1253
2.5,1.0,1022,0.416,1.1166,-0.6032,-616.51,10m,holdout,0.575,1253
2.5,1.5,1022,0.414,1.0715,-0.6484,-662.62,10m,holdout,0.575,1253
2.5,2.0,1022,0.412,1.0458,-0.6741,-688.93,10m,holdout,0.575,1253
3.0,0.25,1022,0.413,1.5218,-0.1748,-178.62,10m,holdout,0.575,1253
3.0,0.5,1022,0.402,1.3645,-0.3524,-360.2,10m,holdout,0.575,1253
3.0,0.75,1022,0.394,1.248,-0.472,-482.33,10m,holdout,0.575,1253
3.0,1.0,1022,0.39,1.196,-0.5239,-535.46,10m,holdout,0.575,1253
3.0,1.5,1022,0.387,1.1398,-0.5801,-592.82,10m,holdout,0.575,1253
3.0,2.0,1022,0.385,1.108,-0.6119,-625.36,10m,holdout,0.575,1253
3.5,0.25,1022,0.397,1.7091,0.0293,29.93,10m,holdout,0.575,1253
3.5,0.5,1022,0.379,1.5229,-0.1894,-193.54,10m,holdout,0.575,1253
3.5,0.75,1022,0.371,1.3639,-0.3559,-363.72,10m,holdout,0.575,1253
3.5,1.0,1022,0.366,1.2926,-0.4272,-436.59,10m,holdout,0.575,1253
3.5,1.5,1022,0.361,1.2169,-0.5028,-513.9,10m,holdout,0.575,1253
3.5,2.0,1022,0.358,1.1746,-0.5452,-557.15,10m,holdout,0.575,1253
4.0,0.25,1022,0.383,1.8735,0.2079,212.47,10m,holdout,0.575,1253
4.0,0.5,1022,0.363,1.6684,-0.0378,-38.66,10m,holdout,0.575,1253
4.0,0.75,1022,0.354,1.5081,-0.2092,-213.82,10m,holdout,0.575,1253
4.0,1.0,1022,0.346,1.3974,-0.3224,-329.53,10m,holdout,0.575,1253
4.0,1.5,1022,0.341,1.2952,-0.4246,-433.96,10m,holdout,0.575,1253
4.0,2.0,1022,0.337,1.2398,-0.4801,-490.62,10m,holdout,0.575,1253
4.5,0.25,1022,0.373,1.988,0.3344,341.75,10m,holdout,0.575,1253
4.5,0.5,1022,0.351,1.7816,0.0788,80.52,10m,holdout,0.575,1253
4.5,0.75,1022,0.339,1.5904,-0.1263,-129.12,10m,holdout,0.575,1253
4.5,1.0,1022,0.33,1.4672,-0.2527,-258.26,10m,holdout,0.575,1253
4.5,1.5,1022,0.324,1.3512,-0.3688,-376.87,10m,holdout,0.575,1253
4.5,2.0,1022,0.318,1.2878,-0.4321,-441.63,10m,holdout,0.575,1253
5.0,0.25,1022,0.358,1.8798,0.2419,247.23,10m,holdout,0.575,1253
5.0,0.5,1022,0.333,1.6966,-0.0003,-0.33,10m,holdout,0.575,1253
5.0,0.75,1022,0.32,1.4752,-0.2398,-245.03,10m,holdout,0.575,1253
5.0,1.0,1022,0.31,1.3214,-0.3984,-407.13,10m,holdout,0.575,1253
5.0,1.5,1022,0.303,1.1839,-0.536,-547.8,10m,holdout,0.575,1253
5.0,2.0,1022,0.297,1.11,-0.6099,-623.29,10m,holdout,0.575,1253
1.5,0.25,1019,0.499,1.0114,-0.7085,-722.0,10m,holdout,0.6,1253
1.5,0.5,1019,0.49,0.9601,-0.7607,-775.19,10m,holdout,0.6,1253
1.5,0.75,1019,0.485,0.9415,-0.7793,-794.12,10m,holdout,0.6,1253
1.5,1.0,1019,0.482,0.9311,-0.7897,-804.74,10m,holdout,0.6,1253
1.5,1.5,1019,0.477,0.919,-0.8018,-816.99,10m,holdout,0.6,1253
1.5,2.0,1019,0.476,0.9119,-0.8089,-824.26,10m,holdout,0.6,1253
2.0,0.25,1019,0.47,1.2665,-0.4491,-457.66,10m,holdout,0.6,1253
2.0,0.5,1019,0.46,1.1285,-0.5923,-603.6,10m,holdout,0.6,1253
2.0,0.75,1019,0.452,1.0842,-0.6366,-648.71,10m,holdout,0.6,1253
2.0,1.0,1019,0.451,1.0599,-0.661,-673.52,10m,holdout,0.6,1253
2.0,1.5,1019,0.447,1.0322,-0.6887,-701.75,10m,holdout,0.6,1253
2.0,2.0,1019,0.446,1.016,-0.7048,-718.21,10m,holdout,0.6,1253
2.5,0.25,1019,0.444,1.4339,-0.2747,-279.89,10m,holdout,0.6,1253
2.5,0.5,1019,0.432,1.2865,-0.4323,-440.5,10m,holdout,0.6,1253
2.5,0.75,1019,0.424,1.2009,-0.5199,-529.82,10m,holdout,0.6,1253
2.5,1.0,1019,0.423,1.1613,-0.5596,-570.2,10m,holdout,0.6,1253
2.5,1.5,1019,0.418,1.1182,-0.6026,-614.06,10m,holdout,0.6,1253
2.5,2.0,1019,0.417,1.0937,-0.6271,-639.03,10m,holdout,0.6,1253
3.0,0.25,1019,0.42,1.5595,-0.1394,-142.1,10m,holdout,0.6,1253
3.0,0.5,1019,0.408,1.4043,-0.3137,-319.62,10m,holdout,0.6,1253
3.0,0.75,1019,0.399,1.2899,-0.431,-439.23,10m,holdout,0.6,1253
3.0,1.0,1019,0.398,1.2391,-0.4818,-490.94,10m,holdout,0.6,1253
3.0,1.5,1019,0.394,1.1844,-0.5365,-546.69,10m,holdout,0.6,1253
3.0,2.0,1019,0.392,1.1534,-0.5675,-578.32,10m,holdout,0.6,1253
3.5,0.25,1019,0.401,1.7011,0.0172,17.54,10m,holdout,0.6,1253
3.5,0.5,1019,0.382,1.5066,-0.208,-211.96,10m,holdout,0.6,1253
3.5,0.75,1019,0.372,1.3561,-0.3647,-371.59,10m,holdout,0.6,1253
3.5,1.0,1019,0.37,1.2894,-0.4314,-439.58,10m,holdout,0.6,1253
3.5,1.5,1019,0.365,1.2187,-0.502,-511.56,10m,holdout,0.6,1253
3.5,2.0,1019,0.362,1.1792,-0.5415,-551.81,10m,holdout,0.6,1253
4.0,0.25,1019,0.386,1.9014,0.2338,238.22,10m,holdout,0.6,1253
4.0,0.5,1019,0.365,1.7143,0.0056,5.69,10m,holdout,0.6,1253
4.0,0.75,1019,0.354,1.5451,-0.1749,-178.19,10m,holdout,0.6,1253
4.0,1.0,1019,0.35,1.4604,-0.2604,-265.36,10m,holdout,0.6,1253
4.0,1.5,1019,0.344,1.3715,-0.3493,-355.95,10m,holdout,0.6,1253
4.0,2.0,1019,0.341,1.3218,-0.399,-406.56,10m,holdout,0.6,1253
4.5,0.25,1019,0.376,1.9891,0.3325,338.82,10m,holdout,0.6,1253
4.5,0.5,1019,0.353,1.7848,0.08,81.55,10m,holdout,0.6,1253
4.5,0.75,1019,0.34,1.6003,-0.1174,-119.68,10m,holdout,0.6,1253
4.5,1.0,1019,0.333,1.4814,-0.2394,-243.96,10m,holdout,0.6,1253
4.5,1.5,1019,0.327,1.3702,-0.3507,-357.37,10m,holdout,0.6,1253
4.5,2.0,1019,0.322,1.3096,-0.4113,-419.1,10m,holdout,0.6,1253
5.0,0.25,1019,0.362,1.9002,0.2585,263.43,10m,holdout,0.6,1253
5.0,0.5,1019,0.336,1.7123,0.0124,12.62,10m,holdout,0.6,1253
5.0,0.75,1019,0.322,1.4926,-0.2242,-228.41,10m,holdout,0.6,1253
5.0,1.0,1019,0.314,1.358,-0.3628,-369.67,10m,holdout,0.6,1253
5.0,1.5,1019,0.308,1.2313,-0.4894,-498.74,10m,holdout,0.6,1253
5.0,2.0,1019,0.302,1.1627,-0.5581,-568.71,10m,holdout,0.6,1253
1.5,0.25,1018,0.502,1.0395,-0.6807,-692.94,10m,holdout,0.625,1253
1.5,0.5,1018,0.496,0.9927,-0.7284,-741.49,10m,holdout,0.625,1253
1.5,0.75,1018,0.492,0.9762,-0.7449,-758.3,10m,holdout,0.625,1253
1.5,1.0,1018,0.487,0.9671,-0.7541,-767.64,10m,holdout,0.625,1253
1.5,1.5,1018,0.48,0.9565,-0.7646,-778.34,10m,holdout,0.625,1253
1.5,2.0,1018,0.479,0.9503,-0.7708,-784.66,10m,holdout,0.625,1253
2.0,0.25,1018,0.47,1.2122,-0.5039,-512.98,10m,holdout,0.625,1253
2.0,0.5,1018,0.462,1.0774,-0.6438,-655.39,10m,holdout,0.625,1253
2.0,0.75,1018,0.454,1.0344,-0.6867,-699.06,10m,holdout,0.625,1253
2.0,1.0,1018,0.45,1.0109,-0.7102,-723.02,10m,holdout,0.625,1253
2.0,1.5,1018,0.446,0.9842,-0.7369,-750.21,10m,holdout,0.625,1253
2.0,2.0,1018,0.445,0.9686,-0.7525,-766.05,10m,holdout,0.625,1253
2.5,0.25,1018,0.446,1.4299,-0.279,-284.0,10m,holdout,0.625,1253
2.5,0.5,1018,0.435,1.2822,-0.4369,-444.78,10m,holdout,0.625,1253
2.5,0.75,1018,0.427,1.1973,-0.5239,-533.29,10m,holdout,0.625,1253
2.5,1.0,1018,0.423,1.1582,-0.563,-573.11,10m,holdout,0.625,1253
2.5,1.5,1018,0.419,1.1158,-0.6053,-616.24,10m,holdout,0.625,1253
2.5,2.0,1018,0.418,1.0917,-0.6294,-640.72,10m,holdout,0.625,1253
3.0,0.25,1018,0.422,1.5171,-0.184,-187.32,10m,holdout,0.625,1253
3.0,0.5,1018,0.412,1.3698,-0.3484,-354.7,10m,holdout,0.625,1253
3.0,0.75,1018,0.403,1.2595,-0.4617,-470.02,10m,holdout,0.625,1253
3.0,1.0,1018,0.399,1.2112,-0.51,-519.17,10m,holdout,0.625,1253
3.0,1.5,1018,0.396,1.1595,-0.5617,-571.86,10m,holdout,0.625,1253
3.0,2.0,1018,0.394,1.1302,-0.591,-601.62,10m,holdout,0.625,1253
3.5,0.25,1018,0.404,1.7327,0.0457,46.47,10m,holdout,0.625,1253
3.5,0.5,1018,0.386,1.5568,-0.1579,-160.79,10m,holdout,0.625,1253
3.5,0.75,1018,0.377,1.4111,-0.31,-315.6,10m,holdout,0.625,1253
3.5,1.0,1018,0.372,1.3471,-0.3741,-380.79,10m,holdout,0.625,1253
3.5,1.5,1018,0.368,1.2795,-0.4416,-449.55,10m,holdout,0.625,1253
3.5,2.0,1018,0.366,1.2418,-0.4793,-487.91,10m,holdout,0.625,1253
4.0,0.25,1018,0.389,1.8579,0.1869,190.28,10m,holdout,0.625,1253
4.0,0.5,1018,0.368,1.6759,-0.0343,-34.91,10m,holdout,0.625,1253
4.0,0.75,1018,0.359,1.5083,-0.2123,-216.14,10m,holdout,0.625,1253
4.0,1.0,1018,0.353,1.4261,-0.2951,-300.38,10m,holdout,0.625,1253
4.0,1.5,1018,0.349,1.3402,-0.3809,-387.77,10m,holdout,0.625,1253
4.0,2.0,1018,0.345,1.2924,-0.4287,-436.44,10m,holdout,0.625,1253
4.5,0.25,1018,0.376,1.9483,0.2883,293.53,10m,holdout,0.625,1253
4.5,0.5,1018,0.354,1.7353,0.0297,30.28,10m,holdout,0.625,1253
4.5,0.75,1018,0.341,1.548,-0.1704,-173.5,10m,holdout,0.625,1253
4.5,1.0,1018,0.331,1.4289,-0.2922,-297.5,10m,holdout,0.625,1253
4.5,1.5,1018,0.326,1.3178,-0.4034,-410.66,10m,holdout,0.625,1253
4.5,2.0,1018,0.321,1.2574,-0.4638,-472.1,10m,holdout,0.625,1253
5.0,0.25,1018,0.365,1.9628,0.3165,322.22,10m,holdout,0.625,1253
5.0,0.5,1018,0.339,1.761,0.06,61.12,10m,holdout,0.625,1253
5.0,0.75,1018,0.326,1.5438,-0.1741,-177.22,10m,holdout,0.625,1253
5.0,1.0,1018,0.316,1.4099,-0.3113,-316.9,10m,holdout,0.625,1253
5.0,1.5,1018,0.311,1.2836,-0.4376,-445.53,10m,holdout,0.625,1253
5.0,2.0,1018,0.306,1.2148,-0.5064,-515.5,10m,holdout,0.625,1253
1.5,0.25,1015,0.5,0.9765,-0.7441,-755.27,10m,holdout,0.65,1253
1.5,0.5,1015,0.489,0.9331,-0.7885,-800.31,10m,holdout,0.65,1253
1.5,0.75,1015,0.487,0.918,-0.8035,-815.6,10m,holdout,0.65,1253
1.5,1.0,1015,0.485,0.9097,-0.8119,-824.06,10m,holdout,0.65,1253
1.5,1.5,1015,0.482,0.9001,-0.8214,-833.74,10m,holdout,0.65,1253
1.5,2.0,1015,0.48,0.8945,-0.8271,-839.48,10m,holdout,0.65,1253
2.0,0.25,1015,0.47,1.1647,-0.5517,-560.0,10m,holdout,0.65,1253
2.0,0.5,1015,0.459,1.0335,-0.688,-698.35,10m,holdout,0.65,1253
2.0,0.75,1015,0.452,0.9921,-0.7295,-740.42,10m,holdout,0.65,1253
2.0,1.0,1015,0.451,0.9694,-0.7522,-763.45,10m,holdout,0.65,1253
2.0,1.5,1015,0.449,0.9436,-0.7779,-789.58,10m,holdout,0.65,1253
2.0,2.0,1015,0.447,0.9286,-0.7929,-804.81,10m,holdout,0.65,1253
2.5,0.25,1015,0.448,1.4126,-0.2971,-301.53,10m,holdout,0.65,1253
2.5,0.5,1015,0.436,1.2718,-0.4477,-454.41,10m,holdout,0.65,1253
2.5,0.75,1015,0.431,1.1893,-0.5322,-540.17,10m,holdout,0.65,1253
2.5,1.0,1015,0.429,1.1517,-0.5699,-578.41,10m,holdout,0.65,1253
2.5,1.5,1015,0.427,1.111,-0.6106,-619.71,10m,holdout,0.65,1253
2.5,2.0,1015,0.425,1.0879,-0.6336,-643.14,10m,holdout,0.65,1253
3.0,0.25,1015,0.425,1.4523,-0.2516,-255.4,10m,holdout,0.65,1253
3.0,0.5,1015,0.412,1.3114,-0.4071,-413.25,10m,holdout,0.65,1253
3.0,0.75,1015,0.406,1.2037,-0.5178,-525.61,10m,holdout,0.65,1253
3.0,1.0,1015,0.404,1.1569,-0.5646,-573.09,10m,holdout,0.65,1253
3.0,1.5,1015,0.402,1.1069,-0.6146,-623.86,10m,holdout,0.65,1253
3.0,2.0,1015,0.4,1.0787,-0.6428,-652.48,10m,holdout,0.65,1253
3.5,0.25,1015,0.404,1.6073,-0.0845,-85.73,10m,holdout,0.65,1253
3.5,0.5,1015,0.384,1.4185,-0.298,-302.45,10m,holdout,0.65,1253
3.5,0.75,1015,0.377,1.2829,-0.4386,-445.17,10m,holdout,0.65,1253
3.5,1.0,1015,0.374,1.2216,-0.4999,-507.35,10m,holdout,0.65,1253
3.5,1.5,1015,0.372,1.1563,-0.5652,-573.63,10m,holdout,0.65,1253
3.5,2.0,1015,0.37,1.1197,-0.6018,-610.8,10m,holdout,0.65,1253
4.0,0.25,1015,0.389,1.7871,0.1135,115.22,10m,holdout,0.65,1253
4.0,0.5,1015,0.367,1.6157,-0.0954,-96.86,10m,holdout,0.65,1253
4.0,0.75,1015,0.36,1.4496,-0.2714,-275.49,10m,holdout,0.65,1253
4.0,1.0,1015,0.357,1.3683,-0.3532,-358.54,10m,holdout,0.65,1253
4.0,1.5,1015,0.355,1.2834,-0.4381,-444.67,10m,holdout,0.65,1253
4.0,2.0,1015,0.351,1.2361,-0.4854,-492.65,10m,holdout,0.65,1253
4.5,0.25,1015,0.377,1.8889,0.2251,228.47,10m,holdout,0.65,1253
4.5,0.5,1015,0.353,1.6778,-0.0292,-29.6,10m,holdout,0.65,1253
4.5,0.75,1015,0.342,1.4915,-0.2279,-231.27,10m,holdout,0.65,1253
4.5,1.0,1015,0.336,1.3739,-0.3477,-352.87,10m,holdout,0.65,1253
4.5,1.5,1015,0.332,1.2644,-0.4572,-464.05,10m,holdout,0.65,1253
4.5,2.0,1015,0.327,1.205,-0.5166,-524.33,10m,holdout,0.65,1253
5.0,0.25,1015,0.367,1.906,0.2552,259.02,10m,holdout,0.65,1253
5.0,0.5,1015,0.339,1.6767,-0.0278,-28.21,10m,holdout,0.65,1253
5.0,0.75,1015,0.328,1.4805,-0.2384,-241.94,10m,holdout,0.65,1253
5.0,1.0,1015,0.321,1.3522,-0.3694,-374.9,10m,holdout,0.65,1253
5.0,1.5,1015,0.317,1.2319,-0.4896,-496.98,10m,holdout,0.65,1253
5.0,2.0,1015,0.311,1.1666,-0.5549,-563.24,10m,holdout,0.65,1253
1.5,0.25,1013,0.503,0.9653,-0.7541,-763.93,10m,holdout,0.675,1253
1.5,0.5,1013,0.494,0.9251,-0.7953,-805.62,10m,holdout,0.675,1253
1.5,0.75,1013,0.491,0.9115,-0.8089,-819.44,10m,holdout,0.675,1253
1.5,1.0,1013,0.489,0.904,-0.8164,-827.01,10m,holdout,0.675,1253
1.5,1.5,1013,0.484,0.8955,-0.8249,-835.65,10m,holdout,0.675,1253
1.5,2.0,1013,0.481,0.8904,-0.83,-840.75,10m,holdout,0.675,1253
2.0,0.25,1013,0.474,1.1244,-0.5916,-599.3,10m,holdout,0.675,1253
2.0,0.5,1013,0.465,1.0159,-0.7046,-713.73,10m,holdout,0.675,1253
2.0,0.75,1013,0.458,0.9775,-0.7429,-752.56,10m,holdout,0.675,1253
2.0,1.0,1013,0.457,0.9566,-0.7638,-773.77,10m,holdout,0.675,1253
2.0,1.5,1013,0.453,0.9329,-0.7875,-797.78,10m,holdout,0.675,1253
2.0,2.0,1013,0.451,0.9191,-0.8014,-811.77,10m,holdout,0.675,1253
2.5,0.25,1013,0.449,1.3515,-0.3595,-364.17,10m,holdout,0.675,1253
2.5,0.5,1013,0.438,1.2054,-0.5135,-520.2,10m,holdout,0.675,1253
2.5,0.75,1013,0.432,1.1311,-0.5893,-596.95,10m,holdout,0.675,1253
2.5,1.0,1013,0.43,1.0965,-0.6239,-632.03,10m,holdout,0.675,1253
2.5,1.5,1013,0.427,1.0585,-0.6619,-670.46,10m,holdout,0.675,1253
2.5,2.0,1013,0.425,1.0369,-0.6835,-692.36,10m,holdout,0.675,1253
3.0,0.25,1013,0.432,1.4918,-0.2114,-214.19,10m,holdout,0.675,1253
3.0,0.5,1013,0.42,1.3507,-0.367,-371.79,10m,holdout,0.675,1253
3.0,0.75,1013,0.414,1.2446,-0.4759,-482.06,10m,holdout,0.675,1253
3.0,1.0,1013,0.412,1.1986,-0.5218,-528.57,10m,holdout,0.675,1253
3.0,1.5,1013,0.409,1.1496,-0.5708,-578.23,10m,holdout,0.675,1253
3.0,2.0,1013,0.407,1.122,-0.5984,-606.21,10m,holdout,0.675,1253
3.5,0.25,1013,0.412,1.6392,-0.0508,-51.46,10m,holdout,0.675,1253
3.5,0.5,1013,0.394,1.4543,-0.261,-264.4,10m,holdout,0.675,1253
3.5,0.75,1013,0.387,1.3201,-0.4003,-405.48,10m,holdout,0.675,1253
3.5,1.0,1013,0.384,1.2597,-0.4607,-466.69,10m,holdout,0.675,1253
3.5,1.5,1013,0.381,1.1954,-0.525,-531.85,10m,holdout,0.675,1253
3.5,2.0,1013,0.379,1.1593,-0.5611,-568.36,10m,holdout,0.675,1253
4.0,0.25,1013,0.395,1.7725,0.0978,99.03,10m,holdout,0.675,1253
4.0,0.5,1013,0.372,1.5917,-0.1196,-121.16,10m,holdout,0.675,1253
4.0,0.75,1013,0.364,1.4252,-0.2952,-299.06,10m,holdout,0.675,1253
4.0,1.0,1013,0.361,1.3453,-0.3751,-379.94,10m,holdout,0.675,1253
4.0,1.5,1013,0.358,1.2626,-0.4578,-463.71,10m,holdout,0.675,1253
4.0,2.0,1013,0.356,1.2167,-0.5037,-510.2,10m,holdout,0.675,1253
4.5,0.25,1013,0.384,1.8996,0.2368,239.91,10m,holdout,0.675,1253
4.5,0.5,1013,0.359,1.713,0.0059,5.93,10m,holdout,0.675,1253
4.5,0.75,1013,0.348,1.5297,-0.1892,-191.66,10m,holdout,0.675,1253
4.5,1.0,1013,0.344,1.4313,-0.2892,-292.92,10m,holdout,0.675,1253
4.5,1.5,1013,0.34,1.3302,-0.3902,-395.29,10m,holdout,0.675,1253
4.5,2.0,1013,0.337,1.275,-0.4454,-451.18,10m,holdout,0.675,1253
5.0,0.25,1013,0.373,1.9329,0.2823,285.96,10m,holdout,0.675,1253
5.0,0.5,1013,0.345,1.7106,0.0077,7.76,10m,holdout,0.675,1253
5.0,0.75,1013,0.334,1.5159,-0.2018,-204.42,10m,holdout,0.675,1253
5.0,1.0,1013,0.328,1.3886,-0.3318,-336.12,10m,holdout,0.675,1253
5.0,1.5,1013,0.322,1.2693,-0.4511,-456.97,10m,holdout,0.675,1253
5.0,2.0,1013,0.318,1.2046,-0.5159,-522.56,10m,holdout,0.675,1253
1.5,0.25,1006,0.501,0.9308,-0.7911,-795.85,10m,holdout,0.7,1253
1.5,0.5,1006,0.489,0.8861,-0.8365,-841.52,10m,holdout,0.7,1253
1.5,0.75,1006,0.486,0.8704,-0.8522,-857.31,10m,holdout,0.7,1253
1.5,1.0,1006,0.485,0.8617,-0.8609,-866.07,10m,holdout,0.7,1253
1.5,1.5,1006,0.483,0.8517,-0.8709,-876.1,10m,holdout,0.7,1253
1.5,2.0,1006,0.481,0.8459,-0.8767,-882.01,10m,holdout,0.7,1253
2.0,0.25,1006,0.473,1.0657,-0.6528,-656.7,10m,holdout,0.7,1253
2.0,0.5,1006,0.461,0.9577,-0.7649,-769.52,10m,holdout,0.7,1253
2.0,0.75,1006,0.456,0.9189,-0.8037,-808.53,10m,holdout,0.7,1253
2.0,1.0,1006,0.455,0.8976,-0.825,-829.93,10m,holdout,0.7,1253
2.0,1.5,1006,0.452,0.8735,-0.8491,-854.22,10m,holdout,0.7,1253
2.0,2.0,1006,0.452,0.8594,-0.8632,-868.35,10m,holdout,0.7,1253
2.5,0.25,1006,0.445,1.2598,-0.4548,-457.53,10m,holdout,0.7,1253
2.5,0.5,1006,0.431,1.114,-0.6072,-610.81,10m,holdout,0.7,1253
2.5,0.75,1006,0.426,1.042,-0.6806,-684.68,10m,holdout,0.7,1253
2.5,1.0,1006,0.424,1.0083,-0.7143,-718.57,10m,holdout,0.7,1253
2.5,1.5,1006,0.422,0.9712,-0.7514,-755.87,10m,holdout,0.7,1253
2.5,2.0,1006,0.422,0.95,-0.7726,-777.21,10m,holdout,0.7,1253
3.0,0.25,1006,0.431,1.4515,-0.2534,-254.94,10m,holdout,0.7,1253
3.0,0.5,1006,0.417,1.3057,-0.4142,-416.67,10m,holdout,0.7,1253
3.0,0.75,1006,0.412,1.197,-0.5257,-528.82,10m,holdout,0.7,1253
3.0,1.0,1006,0.409,1.1497,-0.573,-576.4,10m,holdout,0.7,1253
3.0,1.5,1006,0.407,1.0991,-0.6236,-627.3,10m,holdout,0.7,1253
3.0,2.0,1006,0.407,1.0706,-0.6521,-656.0,10m,holdout,0.7,1253
3.5,0.25,1006,0.409,1.5531,-0.1411,-141.95,10m,holdout,0.7,1253
3.5,0.5,1006,0.39,1.3516,-0.3665,-368.68,10m,holdout,0.7,1253
3.5,0.75,1006,0.384,1.2184,-0.5043,-507.29,10m,holdout,0.7,1253
3.5,1.0,1006,0.379,1.1577,-0.5649,-568.27,10m,holdout,0.7,1253
3.5,1.5,1006,0.377,1.0929,-0.6297,-633.51,10m,holdout,0.7,1253
3.5,2.0,1006,0.376,1.0564,-0.6662,-670.18,10m,holdout,0.7,1253
4.0,0.25,1006,0.394,1.7576,0.0792,79.7,10m,holdout,0.7,1253
4.0,0.5,1006,0.372,1.5711,-0.1428,-143.69,10m,holdout,0.7,1253
4.0,0.75,1006,0.365,1.4069,-0.3158,-317.66,10m,holdout,0.7,1253
4.0,1.0,1006,0.36,1.3279,-0.3947,-397.08,10m,holdout,0.7,1253
4.0,1.5,1006,0.358,1.2461,-0.4766,-479.43,10m,holdout,0.7,1253
4.0,2.0,1006,0.357,1.2006,-0.5221,-525.2,10m,holdout,0.7,1253
4.5,0.25,1006,0.382,1.8489,0.1813,182.41,10m,holdout,0.7,1253
4.5,0.5,1006,0.358,1.6519,-0.0582,-58.57,10m,holdout,0.7,1253
4.5,0.75,1006,0.348,1.4655,-0.2557,-257.2,10m,holdout,0.7,1253
4.5,1.0,1006,0.342,1.3659,-0.3567,-358.88,10m,holdout,0.7,1253
4.5,1.5,1006,0.339,1.2638,-0.4589,-461.62,10m,holdout,0.7,1253
4.5,2.0,1006,0.337,1.2081,-0.5146,-517.68,10m,holdout,0.7,1253
5.0,0.25,1006,0.371,1.875,0.2173,218.57,10m,holdout,0.7,1253
5.0,0.5,1006,0.344,1.6938,-0.0122,-12.27,10m,holdout,0.7,1253
5.0,0.75,1006,0.334,1.5014,-0.2191,-220.4,10m,holdout,0.7,1253
5.0,1.0,1006,0.326,1.3771,-0.3456,-347.64,10m,holdout,0.7,1253
5.0,1.5,1006,0.323,1.2613,-0.4614,-464.19,10m,holdout,0.7,1253
5.0,2.0,1006,0.319,1.1985,-0.5242,-527.37,10m,holdout,0.7,1253
