r_target,expiry_days,n,win_rate,avg_pnl,total_pnl,kind,tf,split,depth_frac,n_zones
2.0,0.083,1347,0.668,1.4263,1921.17,OB,15m,train,0.3,2354
2.0,0.125,1347,0.627,1.1349,1528.69,OB,15m,train,0.3,2354
2.0,0.167,1347,0.6,0.7758,1044.94,OB,15m,train,0.3,2354
2.0,0.25,1347,0.565,0.1799,242.27,OB,15m,train,0.3,2354
2.0,0.5,1347,0.484,-1.0772,-1451.05,OB,15m,train,0.3,2354
2.0,1.0,1347,0.353,-2.6705,-3597.2,OB,15m,train,0.3,2354
3.0,0.083,1347,0.644,1.6846,2269.11,OB,15m,train,0.3,2354
3.0,0.125,1347,0.586,1.6274,2192.14,OB,15m,train,0.3,2354
3.0,0.167,1347,0.554,1.3355,1798.94,OB,15m,train,0.3,2354
3.0,0.25,1347,0.521,0.7439,1002.02,OB,15m,train,0.3,2354
3.0,0.5,1347,0.445,-0.5716,-769.91,OB,15m,train,0.3,2354
3.0,1.0,1347,0.378,-2.3308,-3139.57,OB,15m,train,0.3,2354
4.0,0.083,1347,0.636,1.8103,2438.5,OB,15m,train,0.3,2354
4.0,0.125,1347,0.572,1.8647,2511.82,OB,15m,train,0.3,2354
4.0,0.167,1347,0.535,1.5959,2149.63,OB,15m,train,0.3,2354
4.0,0.25,1347,0.492,1.0348,1393.82,OB,15m,train,0.3,2354
4.0,0.5,1347,0.407,-0.2913,-392.35,OB,15m,train,0.3,2354
4.0,1.0,1347,0.344,-2.0848,-2808.26,OB,15m,train,0.3,2354
5.0,0.083,1347,0.627,1.8111,2439.55,OB,15m,train,0.3,2354
5.0,0.125,1347,0.558,1.9232,2590.61,OB,15m,train,0.3,2354
5.0,0.167,1347,0.516,1.6787,2261.27,OB,15m,train,0.3,2354
5.0,0.25,1347,0.47,1.1664,1571.1,OB,15m,train,0.3,2354
5.0,0.5,1347,0.373,-0.151,-203.43,OB,15m,train,0.3,2354
5.0,1.0,1347,0.301,-1.9847,-2673.44,OB,15m,train,0.3,2354
7.0,0.083,1347,0.622,1.7751,2391.03,OB,15m,train,0.3,2354
7.0,0.125,1347,0.549,1.9307,2600.63,OB,15m,train,0.3,2354
7.0,0.167,1347,0.506,1.7111,2304.89,OB,15m,train,0.3,2354
7.0,0.25,1347,0.457,1.2902,1737.86,OB,15m,train,0.3,2354
7.0,0.5,1347,0.348,0.0236,31.8,OB,15m,train,0.3,2354
7.0,1.0,1347,0.265,-1.8682,-2516.45,OB,15m,train,0.3,2354
10.0,0.083,1347,0.621,1.7731,2388.42,OB,15m,train,0.3,2354
10.0,0.125,1347,0.546,1.9363,2608.16,OB,15m,train,0.3,2354
10.0,0.167,1347,0.503,1.7409,2345.04,OB,15m,train,0.3,2354
10.0,0.25,1347,0.454,1.3638,1837.07,OB,15m,train,0.3,2354
10.0,0.5,1347,0.335,0.1912,257.53,OB,15m,train,0.3,2354
10.0,1.0,1347,0.244,-1.618,-2179.47,OB,15m,train,0.3,2354
2.0,0.083,1350,0.666,1.3813,1864.82,OB,15m,train,0.325,2354
2.0,0.125,1350,0.623,1.0896,1470.92,OB,15m,train,0.325,2354
2.0,0.167,1350,0.596,0.6966,940.45,OB,15m,train,0.325,2354
2.0,0.25,1350,0.564,0.0941,127.07,OB,15m,train,0.325,2354
2.0,0.5,1350,0.482,-1.139,-1537.59,OB,15m,train,0.325,2354
2.0,1.0,1350,0.35,-2.7264,-3680.66,OB,15m,train,0.325,2354
3.0,0.083,1350,0.639,1.6326,2204.02,OB,15m,train,0.325,2354
3.0,0.125,1350,0.581,1.5725,2122.89,OB,15m,train,0.325,2354
3.0,0.167,1350,0.549,1.2678,1711.52,OB,15m,train,0.325,2354
3.0,0.25,1350,0.518,0.6786,916.06,OB,15m,train,0.325,2354
3.0,0.5,1350,0.442,-0.6435,-868.74,OB,15m,train,0.325,2354
3.0,1.0,1350,0.375,-2.3967,-3235.58,OB,15m,train,0.325,2354
4.0,0.083,1350,0.63,1.7598,2375.74,OB,15m,train,0.325,2354
4.0,0.125,1350,0.567,1.8257,2464.74,OB,15m,train,0.325,2354
4.0,0.167,1350,0.53,1.5375,2075.6,OB,15m,train,0.325,2354
4.0,0.25,1350,0.49,0.9728,1313.25,OB,15m,train,0.325,2354
4.0,0.5,1350,0.407,-0.3432,-463.29,OB,15m,train,0.325,2354
4.0,1.0,1350,0.345,-2.1291,-2874.26,OB,15m,train,0.325,2354
5.0,0.083,1350,0.621,1.757,2371.91,OB,15m,train,0.325,2354
5.0,0.125,1350,0.553,1.8763,2532.99,OB,15m,train,0.325,2354
5.0,0.167,1350,0.511,1.6044,2165.97,OB,15m,train,0.325,2354
5.0,0.25,1350,0.467,1.0971,1481.13,OB,15m,train,0.325,2354
5.0,0.5,1350,0.373,-0.1688,-227.91,OB,15m,train,0.325,2354
5.0,1.0,1350,0.304,-1.9642,-2651.63,OB,15m,train,0.325,2354
7.0,0.083,1350,0.616,1.73,2335.56,OB,15m,train,0.325,2354
7.0,0.125,1350,0.545,1.9003,2565.36,OB,15m,train,0.325,2354
7.0,0.167,1350,0.501,1.6606,2241.75,OB,15m,train,0.325,2354
7.0,0.25,1350,0.455,1.2493,1686.6,OB,15m,train,0.325,2354
7.0,0.5,1350,0.347,0.0031,4.18,OB,15m,train,0.325,2354
7.0,1.0,1350,0.267,-1.8882,-2549.11,OB,15m,train,0.325,2354
10.0,0.083,1350,0.616,1.7122,2311.51,OB,15m,train,0.325,2354
10.0,0.125,1350,0.542,1.893,2555.51,OB,15m,train,0.325,2354
10.0,0.167,1350,0.499,1.6779,2265.12,OB,15m,train,0.325,2354
10.0,0.25,1350,0.452,1.3105,1769.19,OB,15m,train,0.325,2354
10.0,0.5,1350,0.334,0.1711,230.96,OB,15m,train,0.325,2354
10.0,1.0,1350,0.247,-1.6317,-2202.82,OB,15m,train,0.325,2354
2.0,0.083,1351,0.667,1.3527,1827.5,OB,15m,train,0.35,2354
2.0,0.125,1351,0.625,1.065,1438.76,OB,15m,train,0.35,2354
2.0,0.167,1351,0.598,0.6887,930.39,OB,15m,train,0.35,2354
2.0,0.25,1351,0.564,0.0929,125.49,OB,15m,train,0.35,2354
2.0,0.5,1351,0.486,-1.1419,-1542.69,OB,15m,train,0.35,2354
2.0,1.0,1351,0.346,-2.7271,-3684.29,OB,15m,train,0.35,2354
3.0,0.083,1351,0.64,1.6239,2193.87,OB,15m,train,0.35,2354
3.0,0.125,1351,0.584,1.5639,2112.77,OB,15m,train,0.35,2354
3.0,0.167,1351,0.551,1.2572,1698.49,OB,15m,train,0.35,2354
3.0,0.25,1351,0.517,0.6698,904.91,OB,15m,train,0.35,2354
3.0,0.5,1351,0.444,-0.6585,-889.68,OB,15m,train,0.35,2354
3.0,1.0,1351,0.375,-2.3898,-3228.68,OB,15m,train,0.35,2354
4.0,0.083,1351,0.631,1.769,2389.92,OB,15m,train,0.35,2354
4.0,0.125,1351,0.569,1.8278,2469.31,OB,15m,train,0.35,2354
4.0,0.167,1351,0.531,1.5409,2081.74,OB,15m,train,0.35,2354
4.0,0.25,1351,0.489,1.0,1350.94,OB,15m,train,0.35,2354
4.0,0.5,1351,0.409,-0.301,-406.7,OB,15m,train,0.35,2354
4.0,1.0,1351,0.348,-2.0809,-2811.29,OB,15m,train,0.35,2354
5.0,0.083,1351,0.622,1.7729,2395.17,OB,15m,train,0.35,2354
5.0,0.125,1351,0.555,1.8971,2562.97,OB,15m,train,0.35,2354
5.0,0.167,1351,0.514,1.6378,2212.61,OB,15m,train,0.35,2354
5.0,0.25,1351,0.467,1.1255,1520.6,OB,15m,train,0.35,2354
5.0,0.5,1351,0.375,-0.1527,-206.25,OB,15m,train,0.35,2354
5.0,1.0,1351,0.307,-1.9589,-2646.52,OB,15m,train,0.35,2354
7.0,0.083,1351,0.617,1.7389,2349.21,OB,15m,train,0.35,2354
7.0,0.125,1351,0.546,1.9071,2576.49,OB,15m,train,0.35,2354
7.0,0.167,1351,0.503,1.6774,2266.16,OB,15m,train,0.35,2354
7.0,0.25,1351,0.454,1.2555,1696.21,OB,15m,train,0.35,2354
7.0,0.5,1351,0.346,-0.0153,-20.72,OB,15m,train,0.35,2354
7.0,1.0,1351,0.266,-1.9239,-2599.19,OB,15m,train,0.35,2354
10.0,0.083,1351,0.616,1.7221,2326.52,OB,15m,train,0.35,2354
10.0,0.125,1351,0.543,1.903,2570.98,OB,15m,train,0.35,2354
10.0,0.167,1351,0.5,1.7012,2298.26,OB,15m,train,0.35,2354
10.0,0.25,1351,0.451,1.3363,1805.37,OB,15m,train,0.35,2354
10.0,0.5,1351,0.334,0.1769,238.97,OB,15m,train,0.35,2354
10.0,1.0,1351,0.246,-1.613,-2179.2,OB,15m,train,0.35,2354
2.0,0.083,1347,0.661,1.2997,1750.73,OB,15m,train,0.375,2354
2.0,0.125,1347,0.625,1.028,1384.68,OB,15m,train,0.375,2354
2.0,0.167,1347,0.601,0.6417,864.38,OB,15m,train,0.375,2354
2.0,0.25,1347,0.565,0.0524,70.6,OB,15m,train,0.375,2354
2.0,0.5,1347,0.483,-1.1604,-1563.05,OB,15m,train,0.375,2354
2.0,1.0,1347,0.341,-2.74,-3690.76,OB,15m,train,0.375,2354
3.0,0.083,1347,0.634,1.6026,2158.67,OB,15m,train,0.375,2354
3.0,0.125,1347,0.586,1.5344,2066.81,OB,15m,train,0.375,2354
3.0,0.167,1347,0.553,1.2109,1631.1,OB,15m,train,0.375,2354
3.0,0.25,1347,0.52,0.6169,831.03,OB,15m,train,0.375,2354
3.0,0.5,1347,0.442,-0.7363,-991.81,OB,15m,train,0.375,2354
3.0,1.0,1347,0.372,-2.4726,-3330.59,OB,15m,train,0.375,2354
4.0,0.083,1347,0.625,1.7504,2357.81,OB,15m,train,0.375,2354
4.0,0.125,1347,0.57,1.8101,2438.17,OB,15m,train,0.375,2354
4.0,0.167,1347,0.533,1.5324,2064.17,OB,15m,train,0.375,2354
4.0,0.25,1347,0.492,0.9928,1337.29,OB,15m,train,0.375,2354
4.0,0.5,1347,0.411,-0.3323,-447.6,OB,15m,train,0.375,2354
4.0,1.0,1347,0.349,-2.0996,-2828.11,OB,15m,train,0.375,2354
5.0,0.083,1347,0.615,1.7483,2355.01,OB,15m,train,0.375,2354
5.0,0.125,1347,0.555,1.8641,2510.99,OB,15m,train,0.375,2354
5.0,0.167,1347,0.514,1.5932,2146.09,OB,15m,train,0.375,2354
5.0,0.25,1347,0.469,1.0612,1429.42,OB,15m,train,0.375,2354
5.0,0.5,1347,0.373,-0.2753,-370.77,OB,15m,train,0.375,2354
5.0,1.0,1347,0.304,-2.0956,-2822.71,OB,15m,train,0.375,2354
7.0,0.083,1347,0.611,1.726,2324.86,OB,15m,train,0.375,2354
7.0,0.125,1347,0.547,1.8926,2549.29,OB,15m,train,0.375,2354
7.0,0.167,1347,0.504,1.6578,2233.09,OB,15m,train,0.375,2354
7.0,0.25,1347,0.456,1.2183,1641.1,OB,15m,train,0.375,2354
7.0,0.5,1347,0.347,-0.0516,-69.57,OB,15m,train,0.375,2354
7.0,1.0,1347,0.266,-1.9474,-2623.14,OB,15m,train,0.375,2354
10.0,0.083,1347,0.61,1.7035,2294.59,OB,15m,train,0.375,2354
10.0,0.125,1347,0.544,1.9039,2564.58,OB,15m,train,0.375,2354
10.0,0.167,1347,0.501,1.701,2291.23,OB,15m,train,0.375,2354
10.0,0.25,1347,0.453,1.3263,1786.56,OB,15m,train,0.375,2354
10.0,0.5,1347,0.333,0.133,179.19,OB,15m,train,0.375,2354
10.0,1.0,1347,0.244,-1.6829,-2266.86,OB,15m,train,0.375,2354
2.0,0.083,1348,0.66,1.2516,1687.19,OB,15m,train,0.4,2354
2.0,0.125,1348,0.62,0.9906,1335.31,OB,15m,train,0.4,2354
2.0,0.167,1348,0.599,0.5997,808.41,OB,15m,train,0.4,2354
2.0,0.25,1348,0.562,0.0082,11.04,OB,15m,train,0.4,2354
2.0,0.5,1348,0.481,-1.1976,-1614.37,OB,15m,train,0.4,2354
2.0,1.0,1348,0.341,-2.7749,-3740.57,OB,15m,train,0.4,2354
3.0,0.083,1348,0.632,1.5467,2084.89,OB,15m,train,0.4,2354
3.0,0.125,1348,0.579,1.4583,1965.79,OB,15m,train,0.4,2354
3.0,0.167,1348,0.55,1.1129,1500.19,OB,15m,train,0.4,2354
3.0,0.25,1348,0.515,0.5273,710.78,OB,15m,train,0.4,2354
3.0,0.5,1348,0.443,-0.7952,-1071.93,OB,15m,train,0.4,2354
3.0,1.0,1348,0.372,-2.4961,-3364.79,OB,15m,train,0.4,2354
4.0,0.083,1348,0.623,1.7284,2329.85,OB,15m,train,0.4,2354
4.0,0.125,1348,0.565,1.8103,2440.32,OB,15m,train,0.4,2354
4.0,0.167,1348,0.533,1.5147,2041.82,OB,15m,train,0.4,2354
4.0,0.25,1348,0.491,0.9748,1313.98,OB,15m,train,0.4,2354
4.0,0.5,1348,0.412,-0.3839,-517.44,OB,15m,train,0.4,2354
4.0,1.0,1348,0.349,-2.1693,-2924.25,OB,15m,train,0.4,2354
5.0,0.083,1348,0.614,1.7268,2327.77,OB,15m,train,0.4,2354
5.0,0.125,1348,0.55,1.8365,2475.54,OB,15m,train,0.4,2354
5.0,0.167,1348,0.512,1.5488,2087.78,OB,15m,train,0.4,2354
5.0,0.25,1348,0.466,1.0166,1370.34,OB,15m,train,0.4,2354
5.0,0.5,1348,0.374,-0.3326,-448.35,OB,15m,train,0.4,2354
5.0,1.0,1348,0.304,-2.1439,-2890.04,OB,15m,train,0.4,2354
7.0,0.083,1348,0.609,1.7028,2295.37,OB,15m,train,0.4,2354
7.0,0.125,1348,0.541,1.8654,2514.58,OB,15m,train,0.4,2354
7.0,0.167,1348,0.501,1.6127,2173.97,OB,15m,train,0.4,2354
7.0,0.25,1348,0.452,1.1672,1573.41,OB,15m,train,0.4,2354
7.0,0.5,1348,0.347,-0.1145,-154.4,OB,15m,train,0.4,2354
7.0,1.0,1348,0.266,-2.0053,-2703.17,OB,15m,train,0.4,2354
10.0,0.083,1348,0.608,1.6803,2264.98,OB,15m,train,0.4,2354
10.0,0.125,1348,0.538,1.8795,2533.56,OB,15m,train,0.4,2354
10.0,0.167,1348,0.498,1.6594,2236.87,OB,15m,train,0.4,2354
10.0,0.25,1348,0.449,1.2794,1724.69,OB,15m,train,0.4,2354
10.0,0.5,1348,0.332,0.077,103.84,OB,15m,train,0.4,2354
10.0,1.0,1348,0.245,-1.7295,-2331.36,OB,15m,train,0.4,2354
2.0,0.083,1342,0.662,1.2154,1631.1,OB,15m,train,0.425,2354
2.0,0.125,1342,0.62,0.9402,1261.76,OB,15m,train,0.425,2354
2.0,0.167,1342,0.597,0.5486,736.22,OB,15m,train,0.425,2354
2.0,0.25,1342,0.563,-0.0471,-63.16,OB,15m,train,0.425,2354
2.0,0.5,1342,0.478,-1.2529,-1681.44,OB,15m,train,0.425,2354
2.0,1.0,1342,0.335,-2.8291,-3796.61,OB,15m,train,0.425,2354
3.0,0.083,1342,0.635,1.551,2081.42,OB,15m,train,0.425,2354
3.0,0.125,1342,0.58,1.4396,1931.97,OB,15m,train,0.425,2354
3.0,0.167,1342,0.553,1.0902,1463.02,OB,15m,train,0.425,2354
3.0,0.25,1342,0.519,0.5065,679.77,OB,15m,train,0.425,2354
3.0,0.5,1342,0.444,-0.824,-1105.83,OB,15m,train,0.425,2354
3.0,1.0,1342,0.378,-2.4828,-3331.86,OB,15m,train,0.425,2354
4.0,0.083,1342,0.624,1.7232,2312.55,OB,15m,train,0.425,2354
4.0,0.125,1342,0.564,1.7901,2402.27,OB,15m,train,0.425,2354
4.0,0.167,1342,0.533,1.4862,1994.49,OB,15m,train,0.425,2354
4.0,0.25,1342,0.492,0.9417,1263.83,OB,15m,train,0.425,2354
4.0,0.5,1342,0.411,-0.4191,-562.43,OB,15m,train,0.425,2354
4.0,1.0,1342,0.349,-2.2094,-2964.95,OB,15m,train,0.425,2354
5.0,0.083,1342,0.614,1.7151,2301.6,OB,15m,train,0.425,2354
5.0,0.125,1342,0.548,1.8142,2434.71,OB,15m,train,0.425,2354
5.0,0.167,1342,0.51,1.5249,2046.4,OB,15m,train,0.425,2354
5.0,0.25,1342,0.465,0.9849,1321.79,OB,15m,train,0.425,2354
5.0,0.5,1342,0.372,-0.3751,-503.36,OB,15m,train,0.425,2354
5.0,1.0,1342,0.305,-2.1871,-2935.14,OB,15m,train,0.425,2354
7.0,0.083,1342,0.61,1.6928,2271.72,OB,15m,train,0.425,2354
7.0,0.125,1342,0.539,1.8424,2472.44,OB,15m,train,0.425,2354
7.0,0.167,1342,0.499,1.5878,2130.89,OB,15m,train,0.425,2354
7.0,0.25,1342,0.45,1.1392,1528.76,OB,15m,train,0.425,2354
7.0,0.5,1342,0.346,-0.1459,-195.74,OB,15m,train,0.425,2354
7.0,1.0,1342,0.266,-2.0416,-2739.82,OB,15m,train,0.425,2354
10.0,0.083,1342,0.608,1.6708,2242.22,OB,15m,train,0.425,2354
10.0,0.125,1342,0.536,1.8596,2495.61,OB,15m,train,0.425,2354
10.0,0.167,1342,0.496,1.6407,2201.86,OB,15m,train,0.425,2354
10.0,0.25,1342,0.447,1.2614,1692.81,OB,15m,train,0.425,2354
10.0,0.5,1342,0.332,0.089,119.44,OB,15m,train,0.425,2354
10.0,1.0,1342,0.246,-1.7183,-2305.89,OB,15m,train,0.425,2354
2.0,0.083,1328,0.665,1.2337,1638.31,OB,15m,train,0.45,2354
2.0,0.125,1328,0.625,0.9521,1264.34,OB,15m,train,0.45,2354
2.0,0.167,1328,0.596,0.5596,743.16,OB,15m,train,0.45,2354
2.0,0.25,1328,0.563,-0.0488,-64.77,OB,15m,train,0.45,2354
2.0,0.5,1328,0.48,-1.2318,-1635.76,OB,15m,train,0.45,2354
2.0,1.0,1328,0.334,-2.8022,-3721.27,OB,15m,train,0.45,2354
3.0,0.083,1328,0.637,1.5554,2065.54,OB,15m,train,0.45,2354
3.0,0.125,1328,0.584,1.4173,1882.16,OB,15m,train,0.45,2354
3.0,0.167,1328,0.553,1.0611,1409.17,OB,15m,train,0.45,2354
3.0,0.25,1328,0.517,0.4724,627.34,OB,15m,train,0.45,2354
3.0,0.5,1328,0.444,-0.8692,-1154.28,OB,15m,train,0.45,2354
3.0,1.0,1328,0.38,-2.5261,-3354.61,OB,15m,train,0.45,2354
4.0,0.083,1328,0.629,1.7647,2343.52,OB,15m,train,0.45,2354
4.0,0.125,1328,0.569,1.7983,2388.16,OB,15m,train,0.45,2354
4.0,0.167,1328,0.535,1.4972,1988.22,OB,15m,train,0.45,2354
4.0,0.25,1328,0.494,0.931,1236.38,OB,15m,train,0.45,2354
4.0,0.5,1328,0.415,-0.4157,-552.05,OB,15m,train,0.45,2354
4.0,1.0,1328,0.354,-2.2026,-2925.05,OB,15m,train,0.45,2354
5.0,0.083,1328,0.617,1.7585,2335.3,OB,15m,train,0.45,2354
5.0,0.125,1328,0.553,1.8474,2453.4,OB,15m,train,0.45,2354
5.0,0.167,1328,0.513,1.558,2069.0,OB,15m,train,0.45,2354
5.0,0.25,1328,0.468,1.0287,1366.11,OB,15m,train,0.45,2354
5.0,0.5,1328,0.376,-0.3341,-443.75,OB,15m,train,0.45,2354
5.0,1.0,1328,0.311,-2.1528,-2858.94,OB,15m,train,0.45,2354
7.0,0.083,1328,0.611,1.726,2292.08,OB,15m,train,0.45,2354
7.0,0.125,1328,0.542,1.8684,2481.29,OB,15m,train,0.45,2354
7.0,0.167,1328,0.5,1.6173,2147.8,OB,15m,train,0.45,2354
7.0,0.25,1328,0.45,1.1623,1543.47,OB,15m,train,0.45,2354
7.0,0.5,1328,0.345,-0.1276,-169.41,OB,15m,train,0.45,2354
7.0,1.0,1328,0.268,-1.9546,-2595.71,OB,15m,train,0.45,2354
10.0,0.083,1328,0.61,1.7041,2263.05,OB,15m,train,0.45,2354
10.0,0.125,1328,0.54,1.8904,2510.49,OB,15m,train,0.45,2354
10.0,0.167,1328,0.498,1.6747,2223.99,OB,15m,train,0.45,2354
10.0,0.25,1328,0.448,1.287,1709.13,OB,15m,train,0.45,2354
10.0,0.5,1328,0.331,0.1159,153.86,OB,15m,train,0.45,2354
10.0,1.0,1328,0.248,-1.693,-2248.37,OB,15m,train,0.45,2354
2.0,0.083,1322,0.663,1.2166,1608.33,OB,15m,train,0.475,2354
2.0,0.125,1322,0.626,0.9433,1246.98,OB,15m,train,0.475,2354
2.0,0.167,1322,0.595,0.5665,748.9,OB,15m,train,0.475,2354
2.0,0.25,1322,0.561,-0.0434,-57.43,OB,15m,train,0.475,2354
2.0,0.5,1322,0.482,-1.2271,-1622.22,OB,15m,train,0.475,2354
2.0,1.0,1322,0.332,-2.796,-3696.25,OB,15m,train,0.475,2354
3.0,0.083,1322,0.635,1.5168,2005.26,OB,15m,train,0.475,2354
3.0,0.125,1322,0.582,1.362,1800.57,OB,15m,train,0.475,2354
3.0,0.167,1322,0.549,1.0022,1324.84,OB,15m,train,0.475,2354
3.0,0.25,1322,0.514,0.4126,545.49,OB,15m,train,0.475,2354
3.0,0.5,1322,0.446,-0.9358,-1237.19,OB,15m,train,0.475,2354
3.0,1.0,1322,0.378,-2.5898,-3423.74,OB,15m,train,0.475,2354
4.0,0.083,1322,0.625,1.7365,2295.71,OB,15m,train,0.475,2354
4.0,0.125,1322,0.567,1.7487,2311.81,OB,15m,train,0.475,2354
4.0,0.167,1322,0.533,1.4717,1945.57,OB,15m,train,0.475,2354
4.0,0.25,1322,0.492,0.9153,1209.97,OB,15m,train,0.475,2354
4.0,0.5,1322,0.418,-0.4346,-574.56,OB,15m,train,0.475,2354
4.0,1.0,1322,0.356,-2.2201,-2935.03,OB,15m,train,0.475,2354
5.0,0.083,1322,0.612,1.7217,2276.04,OB,15m,train,0.475,2354
5.0,0.125,1322,0.55,1.7891,2365.19,OB,15m,train,0.475,2354
5.0,0.167,1322,0.509,1.5208,2010.47,OB,15m,train,0.475,2354
5.0,0.25,1322,0.464,1.002,1324.59,OB,15m,train,0.475,2354
5.0,0.5,1322,0.379,-0.3449,-455.9,OB,15m,train,0.475,2354
5.0,1.0,1322,0.315,-2.1696,-2868.27,OB,15m,train,0.475,2354
7.0,0.083,1322,0.607,1.6982,2244.98,OB,15m,train,0.475,2354
7.0,0.125,1322,0.54,1.8222,2409.01,OB,15m,train,0.475,2354
7.0,0.167,1322,0.497,1.598,2112.55,OB,15m,train,0.475,2354
7.0,0.25,1322,0.448,1.1715,1548.75,OB,15m,train,0.475,2354
7.0,0.5,1322,0.349,-0.1037,-137.15,OB,15m,train,0.475,2354
7.0,1.0,1322,0.273,-1.9489,-2576.4,OB,15m,train,0.475,2354
10.0,0.083,1322,0.605,1.6761,2215.84,OB,15m,train,0.475,2354
10.0,0.125,1322,0.538,1.8461,2440.56,OB,15m,train,0.475,2354
10.0,0.167,1322,0.494,1.64,2168.02,OB,15m,train,0.475,2354
10.0,0.25,1322,0.445,1.2919,1707.95,OB,15m,train,0.475,2354
10.0,0.5,1322,0.337,0.1839,243.1,OB,15m,train,0.475,2354
10.0,1.0,1322,0.253,-1.6279,-2152.05,OB,15m,train,0.475,2354
2.0,0.083,1315,0.664,1.1792,1550.59,OB,15m,train,0.5,2354
2.0,0.125,1315,0.623,0.8928,1174.04,OB,15m,train,0.5,2354
2.0,0.167,1315,0.592,0.5132,674.85,OB,15m,train,0.5,2354
2.0,0.25,1315,0.557,-0.1169,-153.73,OB,15m,train,0.5,2354
2.0,0.5,1315,0.475,-1.3128,-1726.37,OB,15m,train,0.5,2354
2.0,1.0,1315,0.322,-2.8802,-3787.4,OB,15m,train,0.5,2354
3.0,0.083,1315,0.633,1.4769,1942.16,OB,15m,train,0.5,2354
3.0,0.125,1315,0.577,1.3176,1732.68,OB,15m,train,0.5,2354
3.0,0.167,1315,0.548,0.9482,1246.87,OB,15m,train,0.5,2354
3.0,0.25,1315,0.51,0.2974,391.07,OB,15m,train,0.5,2354
3.0,0.5,1315,0.443,-1.0388,-1366.02,OB,15m,train,0.5,2354
3.0,1.0,1315,0.373,-2.6931,-3541.41,OB,15m,train,0.5,2354
4.0,0.083,1315,0.623,1.6943,2228.01,OB,15m,train,0.5,2354
4.0,0.125,1315,0.563,1.7054,2242.62,OB,15m,train,0.5,2354
4.0,0.167,1315,0.53,1.4081,1851.6,OB,15m,train,0.5,2354
4.0,0.25,1315,0.489,0.8009,1053.12,OB,15m,train,0.5,2354
4.0,0.5,1315,0.416,-0.5298,-696.73,OB,15m,train,0.5,2354
4.0,1.0,1315,0.351,-2.319,-3049.54,OB,15m,train,0.5,2354
5.0,0.083,1315,0.61,1.6924,2225.53,OB,15m,train,0.5,2354
5.0,0.125,1315,0.546,1.7734,2331.98,OB,15m,train,0.5,2354
5.0,0.167,1315,0.508,1.4901,1959.44,OB,15m,train,0.5,2354
5.0,0.25,1315,0.462,0.9063,1191.83,OB,15m,train,0.5,2354
5.0,0.5,1315,0.377,-0.4374,-575.17,OB,15m,train,0.5,2354
5.0,1.0,1315,0.313,-2.2607,-2972.88,OB,15m,train,0.5,2354
7.0,0.083,1315,0.605,1.6668,2191.86,OB,15m,train,0.5,2354
7.0,0.125,1315,0.535,1.7927,2357.34,OB,15m,train,0.5,2354
7.0,0.167,1315,0.495,1.5546,2044.36,OB,15m,train,0.5,2354
7.0,0.25,1315,0.446,1.0673,1403.45,OB,15m,train,0.5,2354
7.0,0.5,1315,0.348,-0.2005,-263.61,OB,15m,train,0.5,2354
7.0,1.0,1315,0.27,-2.0372,-2678.97,OB,15m,train,0.5,2354
10.0,0.083,1315,0.603,1.651,2171.06,OB,15m,train,0.5,2354
10.0,0.125,1315,0.534,1.8269,2402.39,OB,15m,train,0.5,2354
10.0,0.167,1315,0.492,1.605,2110.61,OB,15m,train,0.5,2354
10.0,0.25,1315,0.443,1.1977,1575.03,OB,15m,train,0.5,2354
10.0,0.5,1315,0.334,0.0826,108.63,OB,15m,train,0.5,2354
10.0,1.0,1315,0.247,-1.7226,-2265.17,OB,15m,train,0.5,2354
2.0,0.083,1321,0.662,1.1582,1529.98,OB,15m,train,0.525,2354
2.0,0.125,1321,0.621,0.8693,1148.4,OB,15m,train,0.525,2354
2.0,0.167,1321,0.593,0.4906,648.08,OB,15m,train,0.525,2354
2.0,0.25,1321,0.559,-0.1351,-178.46,OB,15m,train,0.525,2354
2.0,0.5,1321,0.477,-1.3117,-1732.76,OB,15m,train,0.525,2354
2.0,1.0,1321,0.322,-2.8541,-3770.22,OB,15m,train,0.525,2354
3.0,0.083,1321,0.631,1.4809,1956.27,OB,15m,train,0.525,2354
3.0,0.125,1321,0.575,1.3008,1718.36,OB,15m,train,0.525,2354
3.0,0.167,1321,0.547,0.935,1235.17,OB,15m,train,0.525,2354
3.0,0.25,1321,0.51,0.2821,372.66,OB,15m,train,0.525,2354
3.0,0.5,1321,0.444,-1.0479,-1384.26,OB,15m,train,0.525,2354
3.0,1.0,1321,0.373,-2.6925,-3556.78,OB,15m,train,0.525,2354
4.0,0.083,1321,0.62,1.6593,2191.95,OB,15m,train,0.525,2354
4.0,0.125,1321,0.559,1.6497,2179.21,OB,15m,train,0.525,2354
4.0,0.167,1321,0.528,1.3497,1783.01,OB,15m,train,0.525,2354
4.0,0.25,1321,0.487,0.7439,982.73,OB,15m,train,0.525,2354
4.0,0.5,1321,0.414,-0.6081,-803.24,OB,15m,train,0.525,2354
4.0,1.0,1321,0.351,-2.3839,-3149.1,OB,15m,train,0.525,2354
5.0,0.083,1321,0.607,1.6697,2205.67,OB,15m,train,0.525,2354
5.0,0.125,1321,0.542,1.7372,2294.89,OB,15m,train,0.525,2354
5.0,0.167,1321,0.506,1.4573,1925.13,OB,15m,train,0.525,2354
5.0,0.25,1321,0.461,0.8902,1175.95,OB,15m,train,0.525,2354
5.0,0.5,1321,0.378,-0.428,-565.35,OB,15m,train,0.525,2354
5.0,1.0,1321,0.315,-2.2435,-2963.66,OB,15m,train,0.525,2354
7.0,0.083,1321,0.602,1.6462,2174.67,OB,15m,train,0.525,2354
7.0,0.125,1321,0.531,1.7651,2331.63,OB,15m,train,0.525,2354
7.0,0.167,1321,0.493,1.5334,2025.63,OB,15m,train,0.525,2354
7.0,0.25,1321,0.444,1.0152,1341.13,OB,15m,train,0.525,2354
7.0,0.5,1321,0.346,-0.2633,-347.78,OB,15m,train,0.525,2354
7.0,1.0,1321,0.269,-2.1332,-2817.96,OB,15m,train,0.525,2354
10.0,0.083,1321,0.6,1.6319,2155.7,OB,15m,train,0.525,2354
10.0,0.125,1321,0.53,1.8016,2379.89,OB,15m,train,0.525,2354
10.0,0.167,1321,0.49,1.5833,2091.53,OB,15m,train,0.525,2354
10.0,0.25,1321,0.44,1.1481,1516.58,OB,15m,train,0.525,2354
10.0,0.5,1321,0.332,0.0112,14.8,OB,15m,train,0.525,2354
10.0,1.0,1321,0.245,-1.825,-2410.76,OB,15m,train,0.525,2354
2.0,0.083,1318,0.663,1.1316,1491.5,OB,15m,train,0.55,2354
2.0,0.125,1318,0.623,0.848,1117.72,OB,15m,train,0.55,2354
2.0,0.167,1318,0.595,0.465,612.82,OB,15m,train,0.55,2354
2.0,0.25,1318,0.561,-0.1454,-191.6,OB,15m,train,0.55,2354
2.0,0.5,1318,0.476,-1.3067,-1722.17,OB,15m,train,0.55,2354
2.0,1.0,1318,0.317,-2.8411,-3744.61,OB,15m,train,0.55,2354
3.0,0.083,1318,0.628,1.4365,1893.33,OB,15m,train,0.55,2354
3.0,0.125,1318,0.577,1.2584,1658.55,OB,15m,train,0.55,2354
3.0,0.167,1318,0.546,0.8835,1164.51,OB,15m,train,0.55,2354
3.0,0.25,1318,0.511,0.2246,296.04,OB,15m,train,0.55,2354
3.0,0.5,1318,0.442,-1.1019,-1452.31,OB,15m,train,0.55,2354
3.0,1.0,1318,0.369,-2.7468,-3620.25,OB,15m,train,0.55,2354
4.0,0.083,1318,0.617,1.6261,2143.26,OB,15m,train,0.55,2354
4.0,0.125,1318,0.561,1.6151,2128.77,OB,15m,train,0.55,2354
4.0,0.167,1318,0.527,1.3077,1723.51,OB,15m,train,0.55,2354
4.0,0.25,1318,0.486,0.6902,909.64,OB,15m,train,0.55,2354
4.0,0.5,1318,0.41,-0.6571,-866.08,OB,15m,train,0.55,2354
4.0,1.0,1318,0.347,-2.4292,-3201.73,OB,15m,train,0.55,2354
5.0,0.083,1318,0.605,1.6516,2176.87,OB,15m,train,0.55,2354
5.0,0.125,1318,0.546,1.7078,2250.88,OB,15m,train,0.55,2354
5.0,0.167,1318,0.508,1.4416,1900.02,OB,15m,train,0.55,2354
5.0,0.25,1318,0.462,0.8646,1139.58,OB,15m,train,0.55,2354
5.0,0.5,1318,0.378,-0.4778,-629.71,OB,15m,train,0.55,2354
5.0,1.0,1318,0.316,-2.2934,-3022.64,OB,15m,train,0.55,2354
7.0,0.083,1318,0.599,1.6352,2155.13,OB,15m,train,0.55,2354
7.0,0.125,1318,0.534,1.755,2313.14,OB,15m,train,0.55,2354
7.0,0.167,1318,0.493,1.5167,1999.01,OB,15m,train,0.55,2354
7.0,0.25,1318,0.443,0.9845,1297.54,OB,15m,train,0.55,2354
7.0,0.5,1318,0.344,-0.2598,-342.43,OB,15m,train,0.55,2354
7.0,1.0,1318,0.268,-2.1203,-2794.53,OB,15m,train,0.55,2354
10.0,0.083,1318,0.598,1.6231,2139.22,OB,15m,train,0.55,2354
10.0,0.125,1318,0.533,1.7971,2368.59,OB,15m,train,0.55,2354
10.0,0.167,1318,0.49,1.5767,2078.14,OB,15m,train,0.55,2354
10.0,0.25,1318,0.439,1.1343,1495.06,OB,15m,train,0.55,2354
10.0,0.5,1318,0.329,-0.0075,-9.94,OB,15m,train,0.55,2354
10.0,1.0,1318,0.244,-1.8306,-2412.68,OB,15m,train,0.55,2354
2.0,0.083,1318,0.664,1.0844,1429.19,OB,15m,train,0.575,2354
2.0,0.125,1318,0.627,0.7851,1034.77,OB,15m,train,0.575,2354
2.0,0.167,1318,0.598,0.4293,565.87,OB,15m,train,0.575,2354
2.0,0.25,1318,0.568,-0.1693,-223.1,OB,15m,train,0.575,2354
2.0,0.5,1318,0.481,-1.3151,-1733.24,OB,15m,train,0.575,2354
2.0,1.0,1318,0.317,-2.8375,-3739.83,OB,15m,train,0.575,2354
3.0,0.083,1318,0.624,1.3779,1816.08,OB,15m,train,0.575,2354
3.0,0.125,1318,0.577,1.2035,1586.17,OB,15m,train,0.575,2354
3.0,0.167,1318,0.549,0.8667,1142.36,OB,15m,train,0.575,2354
3.0,0.25,1318,0.514,0.2037,268.48,OB,15m,train,0.575,2354
3.0,0.5,1318,0.443,-1.0868,-1432.39,OB,15m,train,0.575,2354
3.0,1.0,1318,0.369,-2.707,-3567.86,OB,15m,train,0.575,2354
4.0,0.083,1318,0.611,1.5307,2017.52,OB,15m,train,0.575,2354
4.0,0.125,1318,0.557,1.4997,1976.6,OB,15m,train,0.575,2354
4.0,0.167,1318,0.525,1.2213,1609.73,OB,15m,train,0.575,2354
4.0,0.25,1318,0.484,0.591,778.99,OB,15m,train,0.575,2354
4.0,0.5,1318,0.408,-0.7337,-966.96,OB,15m,train,0.575,2354
4.0,1.0,1318,0.347,-2.4794,-3267.79,OB,15m,train,0.575,2354
5.0,0.083,1318,0.601,1.5727,2072.81,OB,15m,train,0.575,2354
5.0,0.125,1318,0.542,1.6157,2129.46,OB,15m,train,0.575,2354
5.0,0.167,1318,0.505,1.3723,1808.7,OB,15m,train,0.575,2354
5.0,0.25,1318,0.46,0.799,1053.06,OB,15m,train,0.575,2354
5.0,0.5,1318,0.377,-0.5364,-707.0,OB,15m,train,0.575,2354
5.0,1.0,1318,0.317,-2.3622,-3113.32,OB,15m,train,0.575,2354
7.0,0.083,1318,0.595,1.5589,2054.61,OB,15m,train,0.575,2354
7.0,0.125,1318,0.531,1.6654,2195.02,OB,15m,train,0.575,2354
7.0,0.167,1318,0.492,1.4599,1924.17,OB,15m,train,0.575,2354
7.0,0.25,1318,0.442,0.9252,1219.36,OB,15m,train,0.575,2354
7.0,0.5,1318,0.343,-0.311,-409.96,OB,15m,train,0.575,2354
7.0,1.0,1318,0.268,-2.1417,-2822.73,OB,15m,train,0.575,2354
10.0,0.083,1318,0.593,1.5479,2040.14,OB,15m,train,0.575,2354
10.0,0.125,1318,0.53,1.7115,2255.81,OB,15m,train,0.575,2354
10.0,0.167,1318,0.488,1.5156,1997.61,OB,15m,train,0.575,2354
10.0,0.25,1318,0.437,1.0727,1413.81,OB,15m,train,0.575,2354
10.0,0.5,1318,0.327,-0.0658,-86.67,OB,15m,train,0.575,2354
10.0,1.0,1318,0.241,-1.9317,-2545.97,OB,15m,train,0.575,2354
2.0,0.083,1309,0.668,1.0844,1419.47,OB,15m,train,0.6,2354
2.0,0.125,1309,0.63,0.7901,1034.26,OB,15m,train,0.6,2354
2.0,0.167,1309,0.604,0.4486,587.2,OB,15m,train,0.6,2354
2.0,0.25,1309,0.572,-0.1529,-200.16,OB,15m,train,0.6,2354
2.0,0.5,1309,0.487,-1.2938,-1693.56,OB,15m,train,0.6,2354
2.0,1.0,1309,0.312,-2.8133,-3682.56,OB,15m,train,0.6,2354
3.0,0.083,1309,0.63,1.3863,1814.68,OB,15m,train,0.6,2354
3.0,0.125,1309,0.58,1.1974,1567.42,OB,15m,train,0.6,2354
3.0,0.167,1309,0.553,0.845,1106.11,OB,15m,train,0.6,2354
3.0,0.25,1309,0.519,0.1724,225.73,OB,15m,train,0.6,2354
3.0,0.5,1309,0.448,-1.1094,-1452.19,OB,15m,train,0.6,2354
3.0,1.0,1309,0.372,-2.7201,-3560.63,OB,15m,train,0.6,2354
4.0,0.083,1309,0.616,1.5322,2005.7,OB,15m,train,0.6,2354
4.0,0.125,1309,0.557,1.4743,1929.83,OB,15m,train,0.6,2354
4.0,0.167,1309,0.527,1.1898,1557.4,OB,15m,train,0.6,2354
4.0,0.25,1309,0.487,0.5475,716.65,OB,15m,train,0.6,2354
4.0,0.5,1309,0.414,-0.764,-1000.1,OB,15m,train,0.6,2354
4.0,1.0,1309,0.353,-2.478,-3243.71,OB,15m,train,0.6,2354
5.0,0.083,1309,0.606,1.5856,2075.57,OB,15m,train,0.6,2354
5.0,0.125,1309,0.543,1.6045,2100.25,OB,15m,train,0.6,2354
5.0,0.167,1309,0.51,1.3632,1784.49,OB,15m,train,0.6,2354
5.0,0.25,1309,0.464,0.7782,1018.72,OB,15m,train,0.6,2354
5.0,0.5,1309,0.38,-0.5512,-721.47,OB,15m,train,0.6,2354
5.0,1.0,1309,0.322,-2.3782,-3113.08,OB,15m,train,0.6,2354
7.0,0.083,1309,0.599,1.5914,2083.16,OB,15m,train,0.6,2354
7.0,0.125,1309,0.531,1.6818,2201.5,OB,15m,train,0.6,2354
7.0,0.167,1309,0.494,1.471,1925.54,OB,15m,train,0.6,2354
7.0,0.25,1309,0.445,0.9554,1250.56,OB,15m,train,0.6,2354
7.0,0.5,1309,0.345,-0.2575,-337.07,OB,15m,train,0.6,2354
7.0,1.0,1309,0.273,-2.0842,-2728.21,OB,15m,train,0.6,2354
10.0,0.083,1309,0.597,1.5606,2042.78,OB,15m,train,0.6,2354
10.0,0.125,1309,0.529,1.7121,2241.1,OB,15m,train,0.6,2354
10.0,0.167,1309,0.49,1.5209,1990.81,OB,15m,train,0.6,2354
10.0,0.25,1309,0.439,1.0816,1415.77,OB,15m,train,0.6,2354
10.0,0.5,1309,0.329,-0.0616,-80.57,OB,15m,train,0.6,2354
10.0,1.0,1309,0.245,-1.944,-2544.73,OB,15m,train,0.6,2354
2.0,0.083,1307,0.664,1.0325,1349.52,OB,15m,train,0.625,2354
2.0,0.125,1307,0.629,0.728,951.43,OB,15m,train,0.625,2354
2.0,0.167,1307,0.604,0.3887,508.08,OB,15m,train,0.625,2354
2.0,0.25,1307,0.57,-0.1974,-257.98,OB,15m,train,0.625,2354
2.0,0.5,1307,0.482,-1.3266,-1733.83,OB,15m,train,0.625,2354
2.0,1.0,1307,0.299,-2.8399,-3711.79,OB,15m,train,0.625,2354
3.0,0.083,1307,0.63,1.3508,1765.5,OB,15m,train,0.625,2354
3.0,0.125,1307,0.579,1.1341,1482.22,OB,15m,train,0.625,2354
3.0,0.167,1307,0.549,0.7797,1019.11,OB,15m,train,0.625,2354
3.0,0.25,1307,0.516,0.1062,138.86,OB,15m,train,0.625,2354
3.0,0.5,1307,0.447,-1.1453,-1496.97,OB,15m,train,0.625,2354
3.0,1.0,1307,0.367,-2.7441,-3586.49,OB,15m,train,0.625,2354
4.0,0.083,1307,0.615,1.4987,1958.76,OB,15m,train,0.625,2354
4.0,0.125,1307,0.557,1.4123,1845.92,OB,15m,train,0.625,2354
4.0,0.167,1307,0.524,1.1265,1472.36,OB,15m,train,0.625,2354
4.0,0.25,1307,0.483,0.4684,612.24,OB,15m,train,0.625,2354
4.0,0.5,1307,0.41,-0.8444,-1103.59,OB,15m,train,0.625,2354
4.0,1.0,1307,0.349,-2.5561,-3340.84,OB,15m,train,0.625,2354
5.0,0.083,1307,0.606,1.5736,2056.64,OB,15m,train,0.625,2354
5.0,0.125,1307,0.543,1.5685,2050.04,OB,15m,train,0.625,2354
5.0,0.167,1307,0.507,1.3189,1723.78,OB,15m,train,0.625,2354
5.0,0.25,1307,0.459,0.7111,929.4,OB,15m,train,0.625,2354
5.0,0.5,1307,0.376,-0.6204,-810.88,OB,15m,train,0.625,2354
5.0,1.0,1307,0.321,-2.4338,-3181.02,OB,15m,train,0.625,2354
7.0,0.083,1307,0.598,1.5731,2056.0,OB,15m,train,0.625,2354
7.0,0.125,1307,0.529,1.6315,2132.4,OB,15m,train,0.625,2354
7.0,0.167,1307,0.49,1.4089,1841.44,OB,15m,train,0.625,2354
7.0,0.25,1307,0.438,0.8655,1131.15,OB,15m,train,0.625,2354
7.0,0.5,1307,0.339,-0.3613,-472.28,OB,15m,train,0.625,2354
7.0,1.0,1307,0.269,-2.1642,-2828.67,OB,15m,train,0.625,2354
10.0,0.083,1307,0.597,1.5426,2016.21,OB,15m,train,0.625,2354
10.0,0.125,1307,0.527,1.6627,2173.15,OB,15m,train,0.625,2354
10.0,0.167,1307,0.486,1.4609,1909.43,OB,15m,train,0.625,2354
10.0,0.25,1307,0.433,0.9918,1296.24,OB,15m,train,0.625,2354
10.0,0.5,1307,0.324,-0.1775,-231.93,OB,15m,train,0.625,2354
10.0,1.0,1307,0.242,-2.0262,-2648.18,OB,15m,train,0.625,2354
2.0,0.083,1296,0.668,1.0673,1383.17,OB,15m,train,0.65,2354
2.0,0.125,1296,0.633,0.7606,985.75,OB,15m,train,0.65,2354
2.0,0.167,1296,0.607,0.4238,549.22,OB,15m,train,0.65,2354
2.0,0.25,1296,0.573,-0.1672,-216.65,OB,15m,train,0.65,2354
2.0,0.5,1296,0.482,-1.2947,-1677.89,OB,15m,train,0.65,2354
2.0,1.0,1296,0.306,-2.8038,-3633.74,OB,15m,train,0.65,2354
3.0,0.083,1296,0.633,1.3438,1741.55,OB,15m,train,0.65,2354
3.0,0.125,1296,0.583,1.1408,1478.5,OB,15m,train,0.65,2354
3.0,0.167,1296,0.554,0.7848,1017.06,OB,15m,train,0.65,2354
3.0,0.25,1296,0.522,0.1304,168.98,OB,15m,train,0.65,2354
3.0,0.5,1296,0.457,-1.1095,-1437.96,OB,15m,train,0.65,2354
3.0,1.0,1296,0.376,-2.6974,-3495.86,OB,15m,train,0.65,2354
4.0,0.083,1296,0.619,1.5354,1989.82,OB,15m,train,0.65,2354
4.0,0.125,1296,0.563,1.4538,1884.16,OB,15m,train,0.65,2354
4.0,0.167,1296,0.53,1.1649,1509.7,OB,15m,train,0.65,2354
4.0,0.25,1296,0.489,0.5149,667.3,OB,15m,train,0.65,2354
4.0,0.5,1296,0.417,-0.7698,-997.7,OB,15m,train,0.65,2354
4.0,1.0,1296,0.358,-2.466,-3195.95,OB,15m,train,0.65,2354
5.0,0.083,1296,0.607,1.5876,2057.59,OB,15m,train,0.65,2354
5.0,0.125,1296,0.547,1.5945,2066.53,OB,15m,train,0.65,2354
5.0,0.167,1296,0.511,1.3376,1733.56,OB,15m,train,0.65,2354
5.0,0.25,1296,0.463,0.7421,961.72,OB,15m,train,0.65,2354
5.0,0.5,1296,0.383,-0.5481,-710.34,OB,15m,train,0.65,2354
5.0,1.0,1296,0.329,-2.3453,-3039.45,OB,15m,train,0.65,2354
7.0,0.083,1296,0.6,1.5839,2052.77,OB,15m,train,0.65,2354
7.0,0.125,1296,0.532,1.6549,2144.76,OB,15m,train,0.65,2354
7.0,0.167,1296,0.492,1.4364,1861.56,OB,15m,train,0.65,2354
7.0,0.25,1296,0.442,0.8704,1128.04,OB,15m,train,0.65,2354
7.0,0.5,1296,0.343,-0.388,-502.91,OB,15m,train,0.65,2354
7.0,1.0,1296,0.272,-2.2167,-2872.83,OB,15m,train,0.65,2354
10.0,0.083,1296,0.598,1.553,2012.68,OB,15m,train,0.65,2354
10.0,0.125,1296,0.529,1.6809,2178.43,OB,15m,train,0.65,2354
10.0,0.167,1296,0.488,1.4785,1916.17,OB,15m,train,0.65,2354
10.0,0.25,1296,0.436,0.9913,1284.77,OB,15m,train,0.65,2354
10.0,0.5,1296,0.328,-0.1749,-226.72,OB,15m,train,0.65,2354
10.0,1.0,1296,0.245,-1.948,-2524.64,OB,15m,train,0.65,2354
2.0,0.083,1292,0.67,1.0568,1365.33,OB,15m,train,0.675,2354
2.0,0.125,1292,0.635,0.7396,955.52,OB,15m,train,0.675,2354
2.0,0.167,1292,0.611,0.4,516.84,OB,15m,train,0.675,2354
2.0,0.25,1292,0.577,-0.1863,-240.64,OB,15m,train,0.675,2354
2.0,0.5,1292,0.482,-1.3064,-1687.93,OB,15m,train,0.675,2354
2.0,1.0,1292,0.3,-2.8103,-3630.91,OB,15m,train,0.675,2354
3.0,0.083,1292,0.635,1.3459,1738.85,OB,15m,train,0.675,2354
3.0,0.125,1292,0.591,1.1386,1471.02,OB,15m,train,0.675,2354
3.0,0.167,1292,0.558,0.7818,1010.03,OB,15m,train,0.675,2354
3.0,0.25,1292,0.529,0.1235,159.52,OB,15m,train,0.675,2354
3.0,0.5,1292,0.462,-1.0805,-1396.05,OB,15m,train,0.675,2354
3.0,1.0,1292,0.379,-2.646,-3418.57,OB,15m,train,0.675,2354
4.0,0.083,1292,0.623,1.5817,2043.55,OB,15m,train,0.675,2354
4.0,0.125,1292,0.57,1.4761,1907.1,OB,15m,train,0.675,2354
4.0,0.167,1292,0.533,1.1704,1512.13,OB,15m,train,0.675,2354
4.0,0.25,1292,0.493,0.5265,680.24,OB,15m,train,0.675,2354
4.0,0.5,1292,0.42,-0.7504,-969.56,OB,15m,train,0.675,2354
4.0,1.0,1292,0.361,-2.4394,-3151.71,OB,15m,train,0.675,2354
5.0,0.083,1292,0.611,1.6313,2107.68,OB,15m,train,0.675,2354
5.0,0.125,1292,0.553,1.6267,2101.64,OB,15m,train,0.675,2354
5.0,0.167,1292,0.514,1.3685,1768.13,OB,15m,train,0.675,2354
5.0,0.25,1292,0.468,0.7909,1021.8,OB,15m,train,0.675,2354
5.0,0.5,1292,0.389,-0.4921,-635.85,OB,15m,train,0.675,2354
5.0,1.0,1292,0.335,-2.2575,-2916.73,OB,15m,train,0.675,2354
7.0,0.083,1292,0.604,1.6308,2106.93,OB,15m,train,0.675,2354
7.0,0.125,1292,0.537,1.6835,2175.03,OB,15m,train,0.675,2354
7.0,0.167,1292,0.496,1.4707,1900.15,OB,15m,train,0.675,2354
7.0,0.25,1292,0.446,0.913,1179.61,OB,15m,train,0.675,2354
7.0,0.5,1292,0.349,-0.3411,-440.73,OB,15m,train,0.675,2354
7.0,1.0,1292,0.278,-2.1455,-2772.01,OB,15m,train,0.675,2354
10.0,0.083,1292,0.601,1.5938,2059.16,OB,15m,train,0.675,2354
10.0,0.125,1292,0.534,1.7155,2216.42,OB,15m,train,0.675,2354
10.0,0.167,1292,0.491,1.5191,1962.63,OB,15m,train,0.675,2354
10.0,0.25,1292,0.439,1.0142,1310.35,OB,15m,train,0.675,2354
10.0,0.5,1292,0.331,-0.1398,-180.58,OB,15m,train,0.675,2354
10.0,1.0,1292,0.248,-1.9128,-2471.27,OB,15m,train,0.675,2354
2.0,0.083,1289,0.67,1.0657,1373.7,OB,15m,train,0.7,2354
2.0,0.125,1289,0.634,0.7394,953.04,OB,15m,train,0.7,2354
2.0,0.167,1289,0.607,0.4021,518.27,OB,15m,train,0.7,2354
2.0,0.25,1289,0.573,-0.1816,-234.12,OB,15m,train,0.7,2354
2.0,0.5,1289,0.476,-1.2994,-1674.99,OB,15m,train,0.7,2354
2.0,1.0,1289,0.292,-2.8005,-3609.9,OB,15m,train,0.7,2354
3.0,0.083,1289,0.632,1.3429,1730.95,OB,15m,train,0.7,2354
3.0,0.125,1289,0.589,1.1285,1454.63,OB,15m,train,0.7,2354
3.0,0.167,1289,0.555,0.7599,979.47,OB,15m,train,0.7,2354
3.0,0.25,1289,0.525,0.115,148.28,OB,15m,train,0.7,2354
3.0,0.5,1289,0.457,-1.087,-1401.19,OB,15m,train,0.7,2354
3.0,1.0,1289,0.37,-2.6466,-3411.46,OB,15m,train,0.7,2354
4.0,0.083,1289,0.62,1.5831,2040.59,OB,15m,train,0.7,2354
4.0,0.125,1289,0.569,1.5073,1942.87,OB,15m,train,0.7,2354
4.0,0.167,1289,0.534,1.1861,1528.88,OB,15m,train,0.7,2354
4.0,0.25,1289,0.493,0.5274,679.87,OB,15m,train,0.7,2354
4.0,0.5,1289,0.419,-0.73,-940.94,OB,15m,train,0.7,2354
4.0,1.0,1289,0.362,-2.4024,-3096.63,OB,15m,train,0.7,2354
5.0,0.083,1289,0.608,1.6236,2092.87,OB,15m,train,0.7,2354
5.0,0.125,1289,0.55,1.6342,2106.52,OB,15m,train,0.7,2354
5.0,0.167,1289,0.513,1.3527,1743.65,OB,15m,train,0.7,2354
5.0,0.25,1289,0.468,0.7525,969.94,OB,15m,train,0.7,2354
5.0,0.5,1289,0.388,-0.5086,-655.62,OB,15m,train,0.7,2354
5.0,1.0,1289,0.335,-2.2649,-2919.47,OB,15m,train,0.7,2354
7.0,0.083,1289,0.602,1.6538,2131.75,OB,15m,train,0.7,2354
7.0,0.125,1289,0.535,1.7195,2216.47,OB,15m,train,0.7,2354
7.0,0.167,1289,0.495,1.4757,1902.11,OB,15m,train,0.7,2354
7.0,0.25,1289,0.445,0.9416,1213.78,OB,15m,train,0.7,2354
7.0,0.5,1289,0.348,-0.2879,-371.16,OB,15m,train,0.7,2354
7.0,1.0,1289,0.282,-2.1002,-2707.13,OB,15m,train,0.7,2354
10.0,0.083,1289,0.599,1.614,2080.42,OB,15m,train,0.7,2354
10.0,0.125,1289,0.531,1.7447,2248.95,OB,15m,train,0.7,2354
10.0,0.167,1289,0.49,1.514,1951.52,OB,15m,train,0.7,2354
10.0,0.25,1289,0.438,1.0344,1333.29,OB,15m,train,0.7,2354
10.0,0.5,1289,0.329,-0.1183,-152.5,OB,15m,train,0.7,2354
10.0,1.0,1289,0.25,-1.901,-2450.41,OB,15m,train,0.7,2354
2.0,0.083,597,0.616,0.837,499.7,OB,15m,validation,0.3,867
2.0,0.125,597,0.571,0.466,278.19,OB,15m,validation,0.3,867
2.0,0.167,597,0.541,0.0158,9.45,OB,15m,validation,0.3,867
2.0,0.25,597,0.501,-0.7053,-421.07,OB,15m,validation,0.3,867
2.0,0.5,597,0.429,-2.1492,-1283.07,OB,15m,validation,0.3,867
2.0,1.0,597,0.343,-4.064,-2426.21,OB,15m,validation,0.3,867
3.0,0.083,597,0.578,0.9635,575.21,OB,15m,validation,0.3,867
3.0,0.125,597,0.524,0.743,443.59,OB,15m,validation,0.3,867
3.0,0.167,597,0.487,0.2525,150.75,OB,15m,validation,0.3,867
3.0,0.25,597,0.452,-0.6237,-372.33,OB,15m,validation,0.3,867
3.0,0.5,597,0.38,-2.2805,-1361.46,OB,15m,validation,0.3,867
3.0,1.0,597,0.34,-4.2783,-2554.14,OB,15m,validation,0.3,867
4.0,0.083,597,0.563,0.9716,580.07,OB,15m,validation,0.3,867
4.0,0.125,597,0.503,0.8486,506.59,OB,15m,validation,0.3,867
4.0,0.167,597,0.462,0.2959,176.68,OB,15m,validation,0.3,867
4.0,0.25,597,0.414,-0.5603,-334.5,OB,15m,validation,0.3,867
4.0,0.5,597,0.337,-2.2987,-1372.33,OB,15m,validation,0.3,867
4.0,1.0,597,0.3,-4.3788,-2614.15,OB,15m,validation,0.3,867
5.0,0.083,597,0.556,1.0369,619.0,OB,15m,validation,0.3,867
5.0,0.125,597,0.491,0.9278,553.92,OB,15m,validation,0.3,867
5.0,0.167,597,0.447,0.4464,266.52,OB,15m,validation,0.3,867
5.0,0.25,597,0.397,-0.275,-164.18,OB,15m,validation,0.3,867
5.0,0.5,597,0.318,-1.9477,-1162.81,OB,15m,validation,0.3,867
5.0,1.0,597,0.276,-4.1558,-2481.02,OB,15m,validation,0.3,867
7.0,0.083,597,0.549,0.9994,596.66,OB,15m,validation,0.3,867
7.0,0.125,597,0.482,0.9718,580.18,OB,15m,validation,0.3,867
7.0,0.167,597,0.436,0.5327,318.0,OB,15m,validation,0.3,867
7.0,0.25,597,0.382,-0.1208,-72.11,OB,15m,validation,0.3,867
7.0,0.5,597,0.285,-1.7669,-1054.83,OB,15m,validation,0.3,867
7.0,1.0,597,0.231,-3.9979,-2386.74,OB,15m,validation,0.3,867
10.0,0.083,597,0.546,0.9635,575.21,OB,15m,validation,0.3,867
10.0,0.125,597,0.474,0.9381,560.02,OB,15m,validation,0.3,867
10.0,0.167,597,0.427,0.5189,309.79,OB,15m,validation,0.3,867
10.0,0.25,597,0.374,-0.125,-74.63,OB,15m,validation,0.3,867
10.0,0.5,597,0.268,-1.4224,-849.18,OB,15m,validation,0.3,867
10.0,1.0,597,0.206,-3.441,-2054.28,OB,15m,validation,0.3,867
2.0,0.083,597,0.618,0.8408,501.95,OB,15m,validation,0.325,867
2.0,0.125,597,0.578,0.4689,279.92,OB,15m,validation,0.325,867
2.0,0.167,597,0.544,0.035,20.87,OB,15m,validation,0.325,867
2.0,0.25,597,0.506,-0.6894,-411.55,OB,15m,validation,0.325,867
2.0,0.5,597,0.43,-2.1302,-1271.7,OB,15m,validation,0.325,867
2.0,1.0,597,0.348,-4.0451,-2414.91,OB,15m,validation,0.325,867
3.0,0.083,597,0.578,0.9765,582.94,OB,15m,validation,0.325,867
3.0,0.125,597,0.529,0.7591,453.16,OB,15m,validation,0.325,867
3.0,0.167,597,0.492,0.2676,159.74,OB,15m,validation,0.325,867
3.0,0.25,597,0.454,-0.6091,-363.64,OB,15m,validation,0.325,867
3.0,0.5,597,0.38,-2.2989,-1372.46,OB,15m,validation,0.325,867
3.0,1.0,597,0.337,-4.2992,-2566.62,OB,15m,validation,0.325,867
4.0,0.083,597,0.561,0.9773,583.42,OB,15m,validation,0.325,867
4.0,0.125,597,0.506,0.8817,526.39,OB,15m,validation,0.325,867
4.0,0.167,597,0.467,0.431,257.3,OB,15m,validation,0.325,867
4.0,0.25,597,0.419,-0.415,-247.76,OB,15m,validation,0.325,867
4.0,0.5,597,0.34,-2.1972,-1311.74,OB,15m,validation,0.325,867
4.0,1.0,597,0.303,-4.2953,-2564.29,OB,15m,validation,0.325,867
5.0,0.083,597,0.554,1.0461,624.51,OB,15m,validation,0.325,867
5.0,0.125,597,0.494,0.9461,564.82,OB,15m,validation,0.325,867
5.0,0.167,597,0.451,0.457,272.85,OB,15m,validation,0.325,867
5.0,0.25,597,0.399,-0.2534,-151.27,OB,15m,validation,0.325,867
5.0,0.5,597,0.318,-1.9481,-1163.02,OB,15m,validation,0.325,867
5.0,1.0,597,0.28,-4.1136,-2455.85,OB,15m,validation,0.325,867
7.0,0.083,597,0.549,1.0282,613.84,OB,15m,validation,0.325,867
7.0,0.125,597,0.487,1.0231,610.82,OB,15m,validation,0.325,867
7.0,0.167,597,0.441,0.5839,348.57,OB,15m,validation,0.325,867
7.0,0.25,597,0.385,-0.0617,-36.82,OB,15m,validation,0.325,867
7.0,0.5,597,0.288,-1.7347,-1035.59,OB,15m,validation,0.325,867
7.0,1.0,597,0.236,-3.9707,-2370.51,OB,15m,validation,0.325,867
10.0,0.083,597,0.544,0.9743,581.66,OB,15m,validation,0.325,867
10.0,0.125,597,0.477,0.9678,577.78,OB,15m,validation,0.325,867
10.0,0.167,597,0.43,0.5479,327.08,OB,15m,validation,0.325,867
10.0,0.25,597,0.375,-0.0794,-47.41,OB,15m,validation,0.325,867
10.0,0.5,597,0.27,-1.3854,-827.08,OB,15m,validation,0.325,867
10.0,1.0,597,0.209,-3.4378,-2052.38,OB,15m,validation,0.325,867
2.0,0.083,591,0.624,0.9091,537.28,OB,15m,validation,0.35,867
2.0,0.125,591,0.582,0.5202,307.45,OB,15m,validation,0.35,867
2.0,0.167,591,0.557,0.1365,80.7,OB,15m,validation,0.35,867
2.0,0.25,591,0.511,-0.5766,-340.74,OB,15m,validation,0.35,867
2.0,0.5,591,0.431,-2.0354,-1202.93,OB,15m,validation,0.35,867
2.0,1.0,591,0.352,-3.948,-2333.29,OB,15m,validation,0.35,867
3.0,0.083,591,0.58,1.0359,612.19,OB,15m,validation,0.35,867
3.0,0.125,591,0.535,0.9022,533.17,OB,15m,validation,0.35,867
3.0,0.167,591,0.504,0.4555,269.2,OB,15m,validation,0.35,867
3.0,0.25,591,0.462,-0.4732,-279.68,OB,15m,validation,0.35,867
3.0,0.5,591,0.384,-2.1892,-1293.83,OB,15m,validation,0.35,867
3.0,1.0,591,0.34,-4.1925,-2477.77,OB,15m,validation,0.35,867
4.0,0.083,591,0.563,1.0373,613.02,OB,15m,validation,0.35,867
4.0,0.125,591,0.511,0.9853,582.3,OB,15m,validation,0.35,867
4.0,0.167,591,0.481,0.5793,342.36,OB,15m,validation,0.35,867
4.0,0.25,591,0.426,-0.3114,-184.05,OB,15m,validation,0.35,867
4.0,0.5,591,0.349,-2.0428,-1207.28,OB,15m,validation,0.35,867
4.0,1.0,591,0.31,-4.1224,-2436.33,OB,15m,validation,0.35,867
5.0,0.083,591,0.557,1.0927,645.81,OB,15m,validation,0.35,867
5.0,0.125,591,0.496,0.9818,580.22,OB,15m,validation,0.35,867
5.0,0.167,591,0.459,0.525,310.26,OB,15m,validation,0.35,867
5.0,0.25,591,0.401,-0.2425,-143.33,OB,15m,validation,0.35,867
5.0,0.5,591,0.32,-1.9244,-1137.35,OB,15m,validation,0.35,867
5.0,1.0,591,0.279,-4.0847,-2414.04,OB,15m,validation,0.35,867
7.0,0.083,591,0.552,1.0754,635.56,OB,15m,validation,0.35,867
7.0,0.125,591,0.489,1.0693,631.94,OB,15m,validation,0.35,867
7.0,0.167,591,0.448,0.6683,394.96,OB,15m,validation,0.35,867
7.0,0.25,591,0.387,-0.0093,-5.5,OB,15m,validation,0.35,867
7.0,0.5,591,0.289,-1.6531,-976.97,OB,15m,validation,0.35,867
7.0,1.0,591,0.237,-3.9091,-2310.26,OB,15m,validation,0.35,867
10.0,0.083,591,0.547,1.0238,605.08,OB,15m,validation,0.35,867
10.0,0.125,591,0.479,1.0216,603.74,OB,15m,validation,0.35,867
10.0,0.167,591,0.438,0.6445,380.89,OB,15m,validation,0.35,867
10.0,0.25,591,0.377,-0.0298,-17.59,OB,15m,validation,0.35,867
10.0,0.5,591,0.269,-1.3086,-773.41,OB,15m,validation,0.35,867
10.0,1.0,591,0.21,-3.3069,-1954.35,OB,15m,validation,0.35,867
2.0,0.083,589,0.628,0.901,530.71,OB,15m,validation,0.375,867
2.0,0.125,589,0.589,0.5078,299.07,OB,15m,validation,0.375,867
2.0,0.167,589,0.56,0.1237,72.89,OB,15m,validation,0.375,867
2.0,0.25,589,0.516,-0.6002,-353.53,OB,15m,validation,0.375,867
2.0,0.5,589,0.441,-2.0415,-1202.43,OB,15m,validation,0.375,867
2.0,1.0,589,0.353,-3.9572,-2330.79,OB,15m,validation,0.375,867
3.0,0.083,589,0.582,1.0571,622.62,OB,15m,validation,0.375,867
3.0,0.125,589,0.538,0.893,525.97,OB,15m,validation,0.375,867
3.0,0.167,589,0.506,0.4521,266.28,OB,15m,validation,0.375,867
3.0,0.25,589,0.465,-0.4678,-275.56,OB,15m,validation,0.375,867
3.0,0.5,589,0.39,-2.1796,-1283.76,OB,15m,validation,0.375,867
3.0,1.0,589,0.345,-4.1842,-2464.47,OB,15m,validation,0.375,867
4.0,0.083,589,0.564,1.056,622.01,OB,15m,validation,0.375,867
4.0,0.125,589,0.511,0.9913,583.88,OB,15m,validation,0.375,867
4.0,0.167,589,0.479,0.577,339.84,OB,15m,validation,0.375,867
4.0,0.25,589,0.426,-0.3269,-192.54,OB,15m,validation,0.375,867
4.0,0.5,589,0.345,-2.1113,-1243.55,OB,15m,validation,0.375,867
4.0,1.0,589,0.309,-4.1668,-2454.26,OB,15m,validation,0.375,867
5.0,0.083,589,0.557,1.1292,665.09,OB,15m,validation,0.375,867
5.0,0.125,589,0.497,1.047,616.66,OB,15m,validation,0.375,867
5.0,0.167,589,0.46,0.5826,343.14,OB,15m,validation,0.375,867
5.0,0.25,589,0.404,-0.2126,-125.21,OB,15m,validation,0.375,867
5.0,0.5,589,0.319,-1.9654,-1157.62,OB,15m,validation,0.375,867
5.0,1.0,589,0.284,-4.0175,-2366.33,OB,15m,validation,0.375,867
7.0,0.083,589,0.553,1.1202,659.82,OB,15m,validation,0.375,867
7.0,0.125,589,0.491,1.0973,646.32,OB,15m,validation,0.375,867
7.0,0.167,589,0.448,0.6851,403.51,OB,15m,validation,0.375,867
7.0,0.25,589,0.389,-0.0058,-3.43,OB,15m,validation,0.375,867
7.0,0.5,589,0.287,-1.6773,-987.95,OB,15m,validation,0.375,867
7.0,1.0,589,0.238,-3.8493,-2267.22,OB,15m,validation,0.375,867
10.0,0.083,589,0.548,1.0712,630.94,OB,15m,validation,0.375,867
10.0,0.125,589,0.48,1.0589,623.72,OB,15m,validation,0.375,867
10.0,0.167,589,0.438,0.6932,408.27,OB,15m,validation,0.375,867
10.0,0.25,589,0.379,0.0218,12.85,OB,15m,validation,0.375,867
10.0,0.5,589,0.268,-1.2813,-754.7,OB,15m,validation,0.375,867
10.0,1.0,589,0.212,-3.2314,-1903.31,OB,15m,validation,0.375,867
2.0,0.083,592,0.628,0.8878,525.59,OB,15m,validation,0.4,867
2.0,0.125,592,0.588,0.4821,285.38,OB,15m,validation,0.4,867
2.0,0.167,592,0.564,0.1045,61.86,OB,15m,validation,0.4,867
2.0,0.25,592,0.515,-0.602,-356.37,OB,15m,validation,0.4,867
2.0,0.5,592,0.439,-2.0347,-1204.52,OB,15m,validation,0.4,867
2.0,1.0,592,0.353,-3.9466,-2336.41,OB,15m,validation,0.4,867
3.0,0.083,592,0.581,1.0576,626.07,OB,15m,validation,0.4,867
3.0,0.125,592,0.539,0.8696,514.82,OB,15m,validation,0.4,867
3.0,0.167,592,0.51,0.4372,258.8,OB,15m,validation,0.4,867
3.0,0.25,592,0.468,-0.3826,-226.49,OB,15m,validation,0.4,867
3.0,0.5,592,0.394,-2.11,-1249.14,OB,15m,validation,0.4,867
3.0,1.0,592,0.351,-4.1239,-2441.35,OB,15m,validation,0.4,867
4.0,0.083,592,0.562,1.092,646.45,OB,15m,validation,0.4,867
4.0,0.125,592,0.514,1.0373,614.08,OB,15m,validation,0.4,867
4.0,0.167,592,0.483,0.6423,380.22,OB,15m,validation,0.4,867
4.0,0.25,592,0.429,-0.1911,-113.13,OB,15m,validation,0.4,867
4.0,0.5,592,0.35,-1.9288,-1141.87,OB,15m,validation,0.4,867
4.0,1.0,592,0.318,-3.9802,-2356.27,OB,15m,validation,0.4,867
5.0,0.083,592,0.556,1.1549,683.69,OB,15m,validation,0.4,867
5.0,0.125,592,0.498,1.0568,625.64,OB,15m,validation,0.4,867
5.0,0.167,592,0.463,0.6098,361.0,OB,15m,validation,0.4,867
5.0,0.25,592,0.404,-0.1834,-108.59,OB,15m,validation,0.4,867
5.0,0.5,592,0.321,-1.9354,-1145.75,OB,15m,validation,0.4,867
5.0,1.0,592,0.287,-4.02,-2379.85,OB,15m,validation,0.4,867
7.0,0.083,592,0.552,1.1576,685.29,OB,15m,validation,0.4,867
7.0,0.125,592,0.492,1.1327,670.58,OB,15m,validation,0.4,867
7.0,0.167,592,0.451,0.7675,454.36,OB,15m,validation,0.4,867
7.0,0.25,592,0.389,0.0826,48.87,OB,15m,validation,0.4,867
7.0,0.5,592,0.289,-1.5771,-933.64,OB,15m,validation,0.4,867
7.0,1.0,592,0.242,-3.7819,-2238.89,OB,15m,validation,0.4,867
10.0,0.083,592,0.547,1.1086,656.32,OB,15m,validation,0.4,867
10.0,0.125,592,0.481,1.0936,647.4,OB,15m,validation,0.4,867
10.0,0.167,592,0.441,0.7731,457.66,OB,15m,validation,0.4,867
10.0,0.25,592,0.378,0.1122,66.41,OB,15m,validation,0.4,867
10.0,0.5,592,0.27,-1.1712,-693.33,OB,15m,validation,0.4,867
10.0,1.0,592,0.216,-3.207,-1898.56,OB,15m,validation,0.4,867
2.0,0.083,593,0.629,0.9895,586.8,OB,15m,validation,0.425,867
2.0,0.125,593,0.59,0.5908,350.37,OB,15m,validation,0.425,867
2.0,0.167,593,0.565,0.2153,127.64,OB,15m,validation,0.425,867
2.0,0.25,593,0.516,-0.4885,-289.66,OB,15m,validation,0.425,867
2.0,0.5,593,0.444,-1.871,-1109.5,OB,15m,validation,0.425,867
2.0,1.0,593,0.351,-3.7728,-2237.29,OB,15m,validation,0.425,867
3.0,0.083,593,0.582,1.1771,698.04,OB,15m,validation,0.425,867
3.0,0.125,593,0.54,0.9776,579.7,OB,15m,validation,0.425,867
3.0,0.167,593,0.511,0.538,319.01,OB,15m,validation,0.425,867
3.0,0.25,593,0.469,-0.2518,-149.29,OB,15m,validation,0.425,867
3.0,0.5,593,0.401,-1.9366,-1148.38,OB,15m,validation,0.425,867
3.0,1.0,593,0.354,-3.9336,-2332.65,OB,15m,validation,0.425,867
4.0,0.083,593,0.56,1.1626,689.41,OB,15m,validation,0.425,867
4.0,0.125,593,0.514,1.1068,656.35,OB,15m,validation,0.425,867
4.0,0.167,593,0.484,0.714,423.38,OB,15m,validation,0.425,867
4.0,0.25,593,0.432,-0.1278,-75.79,OB,15m,validation,0.425,867
4.0,0.5,593,0.358,-1.8614,-1103.82,OB,15m,validation,0.425,867
4.0,1.0,593,0.324,-3.8939,-2309.11,OB,15m,validation,0.425,867
5.0,0.083,593,0.553,1.2326,730.94,OB,15m,validation,0.425,867
5.0,0.125,593,0.501,1.1541,684.41,OB,15m,validation,0.425,867
5.0,0.167,593,0.464,0.7091,420.49,OB,15m,validation,0.425,867
5.0,0.25,593,0.406,-0.0746,-44.25,OB,15m,validation,0.425,867
5.0,0.5,593,0.327,-1.7962,-1065.13,OB,15m,validation,0.425,867
5.0,1.0,593,0.29,-3.858,-2287.81,OB,15m,validation,0.425,867
7.0,0.083,593,0.55,1.2378,734.04,OB,15m,validation,0.425,867
7.0,0.125,593,0.494,1.2302,729.53,OB,15m,validation,0.425,867
7.0,0.167,593,0.452,0.8655,513.23,OB,15m,validation,0.425,867
7.0,0.25,593,0.391,0.2077,123.2,OB,15m,validation,0.425,867
7.0,0.5,593,0.298,-1.3447,-797.44,OB,15m,validation,0.425,867
7.0,1.0,593,0.248,-3.5499,-2105.11,OB,15m,validation,0.425,867
10.0,0.083,593,0.545,1.1884,704.74,OB,15m,validation,0.425,867
10.0,0.125,593,0.484,1.1991,711.07,OB,15m,validation,0.425,867
10.0,0.167,593,0.442,0.8906,528.15,OB,15m,validation,0.425,867
10.0,0.25,593,0.381,0.2448,145.17,OB,15m,validation,0.425,867
10.0,0.5,593,0.277,-1.0015,-593.86,OB,15m,validation,0.425,867
10.0,1.0,593,0.219,-3.0224,-1792.29,OB,15m,validation,0.425,867
2.0,0.083,590,0.634,1.0231,603.6,OB,15m,validation,0.45,867
2.0,0.125,590,0.595,0.6729,396.99,OB,15m,validation,0.45,867
2.0,0.167,590,0.566,0.2962,174.74,OB,15m,validation,0.45,867
2.0,0.25,590,0.517,-0.411,-242.47,OB,15m,validation,0.45,867
2.0,0.5,590,0.449,-1.8016,-1062.96,OB,15m,validation,0.45,867
2.0,1.0,590,0.351,-3.7053,-2186.1,OB,15m,validation,0.45,867
3.0,0.083,590,0.581,1.0972,647.36,OB,15m,validation,0.45,867
3.0,0.125,590,0.541,0.9317,549.72,OB,15m,validation,0.45,867
3.0,0.167,590,0.512,0.4883,288.09,OB,15m,validation,0.45,867
3.0,0.25,590,0.469,-0.3203,-188.97,OB,15m,validation,0.45,867
3.0,0.5,590,0.405,-2.0075,-1184.42,OB,15m,validation,0.45,867
3.0,1.0,590,0.354,-4.0074,-2364.36,OB,15m,validation,0.45,867
4.0,0.083,590,0.559,1.085,640.13,OB,15m,validation,0.45,867
4.0,0.125,590,0.515,1.0651,628.41,OB,15m,validation,0.45,867
4.0,0.167,590,0.486,0.6864,405.0,OB,15m,validation,0.45,867
4.0,0.25,590,0.432,-0.1647,-97.16,OB,15m,validation,0.45,867
4.0,0.5,590,0.361,-1.8705,-1103.58,OB,15m,validation,0.45,867
4.0,1.0,590,0.325,-3.8925,-2296.55,OB,15m,validation,0.45,867
5.0,0.083,590,0.551,1.155,681.46,OB,15m,validation,0.45,867
5.0,0.125,590,0.502,1.1723,691.63,OB,15m,validation,0.45,867
5.0,0.167,590,0.466,0.7225,426.29,OB,15m,validation,0.45,867
5.0,0.25,590,0.407,-0.0751,-44.3,OB,15m,validation,0.45,867
5.0,0.5,590,0.329,-1.7428,-1028.26,OB,15m,validation,0.45,867
5.0,1.0,590,0.29,-3.7509,-2213.05,OB,15m,validation,0.45,867
7.0,0.083,590,0.549,1.1876,700.7,OB,15m,validation,0.45,867
7.0,0.125,590,0.495,1.2216,720.74,OB,15m,validation,0.45,867
7.0,0.167,590,0.454,0.8632,509.29,OB,15m,validation,0.45,867
7.0,0.25,590,0.392,0.1951,115.09,OB,15m,validation,0.45,867
7.0,0.5,590,0.302,-1.2929,-762.79,OB,15m,validation,0.45,867
7.0,1.0,590,0.256,-3.4435,-2031.67,OB,15m,validation,0.45,867
10.0,0.083,590,0.542,1.1052,652.08,OB,15m,validation,0.45,867
10.0,0.125,590,0.485,1.1936,704.22,OB,15m,validation,0.45,867
10.0,0.167,590,0.444,0.8969,529.15,OB,15m,validation,0.45,867
10.0,0.25,590,0.381,0.2548,150.31,OB,15m,validation,0.45,867
10.0,0.5,590,0.28,-0.9716,-573.22,OB,15m,validation,0.45,867
10.0,1.0,590,0.224,-3.0196,-1781.58,OB,15m,validation,0.45,867
2.0,0.083,585,0.634,0.993,580.91,OB,15m,validation,0.475,867
2.0,0.125,585,0.593,0.5999,350.92,OB,15m,validation,0.475,867
2.0,0.167,585,0.561,0.2213,129.45,OB,15m,validation,0.475,867
2.0,0.25,585,0.515,-0.4538,-265.44,OB,15m,validation,0.475,867
2.0,0.5,585,0.441,-1.8169,-1062.88,OB,15m,validation,0.475,867
2.0,1.0,585,0.347,-3.7044,-2167.06,OB,15m,validation,0.475,867
3.0,0.083,585,0.581,1.1424,668.31,OB,15m,validation,0.475,867
3.0,0.125,585,0.542,0.9409,550.42,OB,15m,validation,0.475,867
3.0,0.167,585,0.511,0.5023,293.85,OB,15m,validation,0.475,867
3.0,0.25,585,0.475,-0.2917,-170.62,OB,15m,validation,0.475,867
3.0,0.5,585,0.41,-1.8906,-1105.98,OB,15m,validation,0.475,867
3.0,1.0,585,0.364,-3.8681,-2262.84,OB,15m,validation,0.475,867
4.0,0.083,585,0.562,1.1224,656.63,OB,15m,validation,0.475,867
4.0,0.125,585,0.521,1.1786,689.47,OB,15m,validation,0.475,867
4.0,0.167,585,0.489,0.7803,456.46,OB,15m,validation,0.475,867
4.0,0.25,585,0.438,-0.0917,-53.65,OB,15m,validation,0.475,867
4.0,0.5,585,0.364,-1.7878,-1045.85,OB,15m,validation,0.475,867
4.0,1.0,585,0.328,-3.807,-2227.09,OB,15m,validation,0.475,867
5.0,0.083,585,0.552,1.1917,697.17,OB,15m,validation,0.475,867
5.0,0.125,585,0.506,1.2843,751.33,OB,15m,validation,0.475,867
5.0,0.167,585,0.467,0.8195,479.42,OB,15m,validation,0.475,867
5.0,0.25,585,0.41,-0.0022,-1.26,OB,15m,validation,0.475,867
5.0,0.5,585,0.332,-1.6284,-952.64,OB,15m,validation,0.475,867
5.0,1.0,585,0.291,-3.6285,-2122.66,OB,15m,validation,0.475,867
7.0,0.083,585,0.549,1.1979,700.77,OB,15m,validation,0.475,867
7.0,0.125,585,0.497,1.3038,762.74,OB,15m,validation,0.475,867
7.0,0.167,585,0.453,0.9289,543.41,OB,15m,validation,0.475,867
7.0,0.25,585,0.393,0.2415,141.3,OB,15m,validation,0.475,867
7.0,0.5,585,0.306,-1.226,-717.2,OB,15m,validation,0.475,867
7.0,1.0,585,0.26,-3.3972,-1987.37,OB,15m,validation,0.475,867
10.0,0.083,585,0.542,1.1169,653.41,OB,15m,validation,0.475,867
10.0,0.125,585,0.487,1.2811,749.42,OB,15m,validation,0.475,867
10.0,0.167,585,0.443,0.9739,569.76,OB,15m,validation,0.475,867
10.0,0.25,585,0.383,0.3438,201.15,OB,15m,validation,0.475,867
10.0,0.5,585,0.285,-0.7618,-445.63,OB,15m,validation,0.475,867
10.0,1.0,585,0.229,-2.8037,-1640.17,OB,15m,validation,0.475,867
2.0,0.083,586,0.63,0.9955,583.35,OB,15m,validation,0.5,867
2.0,0.125,586,0.592,0.5718,335.09,OB,15m,validation,0.5,867
2.0,0.167,586,0.558,0.1976,115.8,OB,15m,validation,0.5,867
2.0,0.25,586,0.51,-0.4299,-251.93,OB,15m,validation,0.5,867
2.0,0.5,586,0.435,-1.7893,-1048.54,OB,15m,validation,0.5,867
2.0,1.0,586,0.34,-3.6755,-2153.86,OB,15m,validation,0.5,867
3.0,0.083,586,0.58,1.2337,722.96,OB,15m,validation,0.5,867
3.0,0.125,586,0.543,1.0008,586.5,OB,15m,validation,0.5,867
3.0,0.167,586,0.51,0.5561,325.87,OB,15m,validation,0.5,867
3.0,0.25,586,0.473,-0.2167,-126.97,OB,15m,validation,0.5,867
3.0,0.5,586,0.41,-1.8009,-1055.34,OB,15m,validation,0.5,867
3.0,1.0,586,0.363,-3.7666,-2207.23,OB,15m,validation,0.5,867
4.0,0.083,586,0.56,1.2079,707.84,OB,15m,validation,0.5,867
4.0,0.125,586,0.52,1.2241,717.35,OB,15m,validation,0.5,867
4.0,0.167,586,0.486,0.815,477.6,OB,15m,validation,0.5,867
4.0,0.25,586,0.435,-0.0635,-37.2,OB,15m,validation,0.5,867
4.0,0.5,586,0.363,-1.7771,-1041.38,OB,15m,validation,0.5,867
4.0,1.0,586,0.328,-3.8021,-2228.06,OB,15m,validation,0.5,867
5.0,0.083,586,0.548,1.2481,731.4,OB,15m,validation,0.5,867
5.0,0.125,586,0.503,1.2882,754.87,OB,15m,validation,0.5,867
5.0,0.167,586,0.462,0.806,472.34,OB,15m,validation,0.5,867
5.0,0.25,586,0.406,-0.0291,-17.05,OB,15m,validation,0.5,867
5.0,0.5,586,0.329,-1.6809,-985.02,OB,15m,validation,0.5,867
5.0,1.0,586,0.288,-3.6991,-2167.68,OB,15m,validation,0.5,867
7.0,0.083,586,0.544,1.2693,743.79,OB,15m,validation,0.5,867
7.0,0.125,586,0.495,1.3394,784.9,OB,15m,validation,0.5,867
7.0,0.167,586,0.449,0.9593,562.18,OB,15m,validation,0.5,867
7.0,0.25,586,0.391,0.356,208.64,OB,15m,validation,0.5,867
7.0,0.5,586,0.307,-1.1393,-667.66,OB,15m,validation,0.5,867
7.0,1.0,586,0.261,-3.325,-1948.47,OB,15m,validation,0.5,867
10.0,0.083,586,0.538,1.1924,698.75,OB,15m,validation,0.5,867
10.0,0.125,586,0.485,1.3225,774.99,OB,15m,validation,0.5,867
10.0,0.167,586,0.439,1.0107,592.25,OB,15m,validation,0.5,867
10.0,0.25,586,0.379,0.3956,231.83,OB,15m,validation,0.5,867
10.0,0.5,586,0.285,-0.7502,-439.61,OB,15m,validation,0.5,867
10.0,1.0,586,0.229,-2.7869,-1633.12,OB,15m,validation,0.5,867
2.0,0.083,587,0.627,0.9362,549.54,OB,15m,validation,0.525,867
2.0,0.125,587,0.588,0.5078,298.08,OB,15m,validation,0.525,867
2.0,0.167,587,0.555,0.1457,85.5,OB,15m,validation,0.525,867
2.0,0.25,587,0.508,-0.4636,-272.13,OB,15m,validation,0.525,867
2.0,0.5,587,0.429,-1.832,-1075.4,OB,15m,validation,0.525,867
2.0,1.0,587,0.336,-3.719,-2183.04,OB,15m,validation,0.525,867
3.0,0.083,587,0.572,1.1209,657.94,OB,15m,validation,0.525,867
3.0,0.125,587,0.538,0.895,525.39,OB,15m,validation,0.525,867
3.0,0.167,587,0.509,0.4649,272.92,OB,15m,validation,0.525,867
3.0,0.25,587,0.465,-0.2579,-151.36,OB,15m,validation,0.525,867
3.0,0.5,587,0.411,-1.8358,-1077.64,OB,15m,validation,0.525,867
3.0,1.0,587,0.37,-3.7947,-2227.52,OB,15m,validation,0.525,867
4.0,0.083,587,0.552,1.0962,643.49,OB,15m,validation,0.525,867
4.0,0.125,587,0.516,1.0839,636.27,OB,15m,validation,0.525,867
4.0,0.167,587,0.484,0.6936,407.17,OB,15m,validation,0.525,867
4.0,0.25,587,0.428,-0.1673,-98.22,OB,15m,validation,0.525,867
4.0,0.5,587,0.361,-1.889,-1108.83,OB,15m,validation,0.525,867
4.0,1.0,587,0.325,-3.9146,-2297.86,OB,15m,validation,0.525,867
5.0,0.083,587,0.538,1.1256,660.74,OB,15m,validation,0.525,867
5.0,0.125,587,0.497,1.1611,681.59,OB,15m,validation,0.525,867
5.0,0.167,587,0.46,0.7011,411.56,OB,15m,validation,0.525,867
5.0,0.25,587,0.4,-0.1048,-61.52,OB,15m,validation,0.525,867
5.0,0.5,587,0.329,-1.7957,-1054.07,OB,15m,validation,0.525,867
5.0,1.0,587,0.284,-3.83,-2248.21,OB,15m,validation,0.525,867
7.0,0.083,587,0.535,1.155,678.0,OB,15m,validation,0.525,867
7.0,0.125,587,0.489,1.22,716.15,OB,15m,validation,0.525,867
7.0,0.167,587,0.446,0.8607,505.24,OB,15m,validation,0.525,867
7.0,0.25,587,0.383,0.268,157.3,OB,15m,validation,0.525,867
7.0,0.5,587,0.305,-1.2822,-752.65,OB,15m,validation,0.525,867
7.0,1.0,587,0.259,-3.3785,-1983.17,OB,15m,validation,0.525,867
10.0,0.083,587,0.528,1.0798,633.84,OB,15m,validation,0.525,867
10.0,0.125,587,0.479,1.2064,708.18,OB,15m,validation,0.525,867
10.0,0.167,587,0.436,0.9175,538.55,OB,15m,validation,0.525,867
10.0,0.25,587,0.371,0.3154,185.15,OB,15m,validation,0.525,867
10.0,0.5,587,0.283,-0.8883,-521.41,OB,15m,validation,0.525,867
10.0,1.0,587,0.225,-2.9348,-1722.74,OB,15m,validation,0.525,867
2.0,0.083,587,0.635,0.9279,544.7,OB,15m,validation,0.55,867
2.0,0.125,587,0.593,0.4979,292.28,OB,15m,validation,0.55,867
2.0,0.167,587,0.569,0.1291,75.78,OB,15m,validation,0.55,867
2.0,0.25,587,0.513,-0.4797,-281.61,OB,15m,validation,0.55,867
2.0,0.5,587,0.431,-1.8266,-1072.21,OB,15m,validation,0.55,867
2.0,1.0,587,0.324,-3.7044,-2174.45,OB,15m,validation,0.55,867
3.0,0.083,587,0.578,1.1464,672.95,OB,15m,validation,0.55,867
3.0,0.125,587,0.542,0.944,554.15,OB,15m,validation,0.55,867
3.0,0.167,587,0.518,0.5215,306.13,OB,15m,validation,0.55,867
3.0,0.25,587,0.472,-0.1762,-103.41,OB,15m,validation,0.55,867
3.0,0.5,587,0.419,-1.7116,-1004.74,OB,15m,validation,0.55,867
3.0,1.0,587,0.373,-3.6534,-2144.56,OB,15m,validation,0.55,867
4.0,0.083,587,0.559,1.172,687.96,OB,15m,validation,0.55,867
4.0,0.125,587,0.518,1.145,672.14,OB,15m,validation,0.55,867
4.0,0.167,587,0.491,0.7634,448.09,OB,15m,validation,0.55,867
4.0,0.25,587,0.429,-0.0992,-58.25,OB,15m,validation,0.55,867
4.0,0.5,587,0.368,-1.8081,-1061.34,OB,15m,validation,0.55,867
4.0,1.0,587,0.329,-3.8229,-2244.04,OB,15m,validation,0.55,867
5.0,0.083,587,0.547,1.1783,691.64,OB,15m,validation,0.55,867
5.0,0.125,587,0.499,1.2061,708.0,OB,15m,validation,0.55,867
5.0,0.167,587,0.468,0.7915,464.6,OB,15m,validation,0.55,867
5.0,0.25,587,0.407,0.0321,18.85,OB,15m,validation,0.55,867
5.0,0.5,587,0.337,-1.5905,-933.65,OB,15m,validation,0.55,867
5.0,1.0,587,0.296,-3.5873,-2105.74,OB,15m,validation,0.55,867
7.0,0.083,587,0.542,1.2131,712.09,OB,15m,validation,0.55,867
7.0,0.125,587,0.491,1.278,750.2,OB,15m,validation,0.55,867
7.0,0.167,587,0.453,0.9237,542.23,OB,15m,validation,0.55,867
7.0,0.25,587,0.385,0.3235,189.9,OB,15m,validation,0.55,867
7.0,0.5,587,0.308,-1.2312,-722.73,OB,15m,validation,0.55,867
7.0,1.0,587,0.262,-3.3157,-1946.34,OB,15m,validation,0.55,867
10.0,0.083,587,0.537,1.1596,680.66,OB,15m,validation,0.55,867
10.0,0.125,587,0.48,1.284,753.7,OB,15m,validation,0.55,867
10.0,0.167,587,0.443,1.0067,590.92,OB,15m,validation,0.55,867
10.0,0.25,587,0.373,0.4205,246.83,OB,15m,validation,0.55,867
10.0,0.5,587,0.288,-0.7867,-461.79,OB,15m,validation,0.55,867
10.0,1.0,587,0.227,-2.8112,-1650.2,OB,15m,validation,0.55,867
2.0,0.083,587,0.637,1.0467,614.42,OB,15m,validation,0.575,867
2.0,0.125,587,0.595,0.6005,352.49,OB,15m,validation,0.575,867
2.0,0.167,587,0.572,0.2255,132.37,OB,15m,validation,0.575,867
2.0,0.25,587,0.513,-0.3884,-227.96,OB,15m,validation,0.575,867
2.0,0.5,587,0.436,-1.7257,-1012.98,OB,15m,validation,0.575,867
2.0,1.0,587,0.329,-3.5977,-2111.85,OB,15m,validation,0.575,867
3.0,0.083,587,0.579,1.2106,710.63,OB,15m,validation,0.575,867
3.0,0.125,587,0.54,0.9915,582.0,OB,15m,validation,0.575,867
3.0,0.167,587,0.523,0.577,338.71,OB,15m,validation,0.575,867
3.0,0.25,587,0.474,-0.1253,-73.57,OB,15m,validation,0.575,867
3.0,0.5,587,0.422,-1.633,-958.54,OB,15m,validation,0.575,867
3.0,1.0,587,0.37,-3.5697,-2095.4,OB,15m,validation,0.575,867
4.0,0.083,587,0.554,1.1751,689.78,OB,15m,validation,0.575,867
4.0,0.125,587,0.509,1.1137,653.72,OB,15m,validation,0.575,867
4.0,0.167,587,0.489,0.7249,425.51,OB,15m,validation,0.575,867
4.0,0.25,587,0.426,-0.1451,-85.2,OB,15m,validation,0.575,867
4.0,0.5,587,0.366,-1.8643,-1094.36,OB,15m,validation,0.575,867
4.0,1.0,587,0.324,-3.8902,-2283.56,OB,15m,validation,0.575,867
5.0,0.083,587,0.545,1.2081,709.14,OB,15m,validation,0.575,867
5.0,0.125,587,0.494,1.2024,705.79,OB,15m,validation,0.575,867
5.0,0.167,587,0.47,0.784,460.21,OB,15m,validation,0.575,867
5.0,0.25,587,0.407,0.0212,12.46,OB,15m,validation,0.575,867
5.0,0.5,587,0.336,-1.6083,-944.07,OB,15m,validation,0.575,867
5.0,1.0,587,0.295,-3.6179,-2123.69,OB,15m,validation,0.575,867
7.0,0.083,587,0.538,1.2279,720.8,OB,15m,validation,0.575,867
7.0,0.125,587,0.484,1.2642,742.09,OB,15m,validation,0.575,867
7.0,0.167,587,0.453,0.9061,531.88,OB,15m,validation,0.575,867
7.0,0.25,587,0.383,0.2834,166.36,OB,15m,validation,0.575,867
7.0,0.5,587,0.305,-1.2232,-718.03,OB,15m,validation,0.575,867
7.0,1.0,587,0.259,-3.2485,-1906.89,OB,15m,validation,0.575,867
10.0,0.083,587,0.533,1.1799,692.59,OB,15m,validation,0.575,867
10.0,0.125,587,0.474,1.2804,751.6,OB,15m,validation,0.575,867
10.0,0.167,587,0.443,1.003,588.74,OB,15m,validation,0.575,867
10.0,0.25,587,0.371,0.4053,237.92,OB,15m,validation,0.575,867
10.0,0.5,587,0.284,-0.779,-457.29,OB,15m,validation,0.575,867
10.0,1.0,587,0.227,-2.7274,-1600.98,OB,15m,validation,0.575,867
2.0,0.083,586,0.643,1.1737,687.82,OB,15m,validation,0.6,867
2.0,0.125,586,0.602,0.7298,427.67,OB,15m,validation,0.6,867
2.0,0.167,586,0.578,0.3489,204.47,OB,15m,validation,0.6,867
2.0,0.25,586,0.529,-0.2568,-150.47,OB,15m,validation,0.6,867
2.0,0.5,586,0.445,-1.5888,-931.04,OB,15m,validation,0.6,867
2.0,1.0,586,0.323,-3.4586,-2026.74,OB,15m,validation,0.6,867
3.0,0.083,586,0.587,1.3454,788.4,OB,15m,validation,0.6,867
3.0,0.125,586,0.544,1.0505,615.58,OB,15m,validation,0.6,867
3.0,0.167,586,0.532,0.6501,380.98,OB,15m,validation,0.6,867
3.0,0.25,586,0.483,-0.0675,-39.54,OB,15m,validation,0.6,867
3.0,0.5,586,0.427,-1.5641,-916.58,OB,15m,validation,0.6,867
3.0,1.0,586,0.37,-3.5003,-2051.17,OB,15m,validation,0.6,867
4.0,0.083,586,0.556,1.2782,749.0,OB,15m,validation,0.6,867
4.0,0.125,586,0.509,1.1527,675.51,OB,15m,validation,0.6,867
4.0,0.167,586,0.497,0.7597,445.21,OB,15m,validation,0.6,867
4.0,0.25,586,0.433,-0.0194,-11.36,OB,15m,validation,0.6,867
4.0,0.5,586,0.377,-1.7193,-1007.53,OB,15m,validation,0.6,867
4.0,1.0,586,0.331,-3.738,-2190.5,OB,15m,validation,0.6,867
5.0,0.083,586,0.548,1.3218,774.56,OB,15m,validation,0.6,867
5.0,0.125,586,0.495,1.2583,737.38,OB,15m,validation,0.6,867
5.0,0.167,586,0.478,0.8339,488.69,OB,15m,validation,0.6,867
5.0,0.25,586,0.413,0.0698,40.9,OB,15m,validation,0.6,867
5.0,0.5,586,0.343,-1.5905,-932.02,OB,15m,validation,0.6,867
5.0,1.0,586,0.295,-3.6134,-2117.43,OB,15m,validation,0.6,867
7.0,0.083,586,0.541,1.3505,791.42,OB,15m,validation,0.6,867
7.0,0.125,586,0.483,1.3414,786.05,OB,15m,validation,0.6,867
7.0,0.167,586,0.459,0.9812,574.98,OB,15m,validation,0.6,867
7.0,0.25,586,0.387,0.3557,208.43,OB,15m,validation,0.6,867
7.0,0.5,586,0.312,-1.1961,-700.9,OB,15m,validation,0.6,867
7.0,1.0,586,0.259,-3.2533,-1906.43,OB,15m,validation,0.6,867
10.0,0.083,586,0.538,1.3288,778.68,OB,15m,validation,0.6,867
10.0,0.125,586,0.476,1.3867,812.58,OB,15m,validation,0.6,867
10.0,0.167,586,0.451,1.1103,650.61,OB,15m,validation,0.6,867
10.0,0.25,586,0.377,0.5153,301.99,OB,15m,validation,0.6,867
10.0,0.5,586,0.295,-0.6758,-396.02,OB,15m,validation,0.6,867
10.0,1.0,586,0.229,-2.6176,-1533.91,OB,15m,validation,0.6,867
2.0,0.083,587,0.641,1.152,676.21,OB,15m,validation,0.625,867
2.0,0.125,587,0.6,0.6915,405.89,OB,15m,validation,0.625,867
2.0,0.167,587,0.576,0.3073,180.4,OB,15m,validation,0.625,867
2.0,0.25,587,0.53,-0.3024,-177.48,OB,15m,validation,0.625,867
2.0,0.5,587,0.441,-1.639,-962.1,OB,15m,validation,0.625,867
2.0,1.0,587,0.312,-3.5114,-2061.21,OB,15m,validation,0.625,867
3.0,0.083,587,0.584,1.3622,799.6,OB,15m,validation,0.625,867
3.0,0.125,587,0.543,1.0578,620.91,OB,15m,validation,0.625,867
3.0,0.167,587,0.53,0.6475,380.08,OB,15m,validation,0.625,867
3.0,0.25,587,0.486,-0.0711,-41.76,OB,15m,validation,0.625,867
3.0,0.5,587,0.426,-1.5719,-922.73,OB,15m,validation,0.625,867
3.0,1.0,587,0.368,-3.5094,-2060.0,OB,15m,validation,0.625,867
4.0,0.083,587,0.557,1.3373,785.01,OB,15m,validation,0.625,867
4.0,0.125,587,0.511,1.2021,705.65,OB,15m,validation,0.625,867
4.0,0.167,587,0.497,0.8114,476.32,OB,15m,validation,0.625,867
4.0,0.25,587,0.441,0.0216,12.71,OB,15m,validation,0.625,867
4.0,0.5,587,0.382,-1.6319,-957.9,OB,15m,validation,0.625,867
4.0,1.0,587,0.334,-3.6325,-2132.28,OB,15m,validation,0.625,867
5.0,0.083,587,0.547,1.3575,796.87,OB,15m,validation,0.625,867
5.0,0.125,587,0.497,1.3284,779.76,OB,15m,validation,0.625,867
5.0,0.167,587,0.48,0.9983,585.99,OB,15m,validation,0.625,867
5.0,0.25,587,0.421,0.2137,125.43,OB,15m,validation,0.625,867
5.0,0.5,587,0.349,-1.4579,-855.81,OB,15m,validation,0.625,867
5.0,1.0,587,0.302,-3.4825,-2044.2,OB,15m,validation,0.625,867
7.0,0.083,587,0.538,1.3743,806.72,OB,15m,validation,0.625,867
7.0,0.125,587,0.486,1.4581,855.92,OB,15m,validation,0.625,867
7.0,0.167,587,0.46,1.0955,643.09,OB,15m,validation,0.625,867
7.0,0.25,587,0.394,0.4644,272.58,OB,15m,validation,0.625,867
7.0,0.5,587,0.313,-1.1821,-693.88,OB,15m,validation,0.625,867
7.0,1.0,587,0.259,-3.2135,-1886.35,OB,15m,validation,0.625,867
10.0,0.083,587,0.535,1.3427,788.16,OB,15m,validation,0.625,867
10.0,0.125,587,0.477,1.4021,823.02,OB,15m,validation,0.625,867
10.0,0.167,587,0.448,1.1178,656.13,OB,15m,validation,0.625,867
10.0,0.25,587,0.38,0.5185,304.34,OB,15m,validation,0.625,867
10.0,0.5,587,0.293,-0.7865,-461.65,OB,15m,validation,0.625,867
10.0,1.0,587,0.227,-2.6919,-1580.14,OB,15m,validation,0.625,867
2.0,0.083,578,0.647,1.2422,718.01,OB,15m,validation,0.65,867
2.0,0.125,578,0.609,0.7738,447.23,OB,15m,validation,0.65,867
2.0,0.167,578,0.58,0.4066,235.0,OB,15m,validation,0.65,867
2.0,0.25,578,0.538,-0.1929,-111.51,OB,15m,validation,0.65,867
2.0,0.5,578,0.445,-1.5199,-878.53,OB,15m,validation,0.65,867
2.0,1.0,578,0.303,-3.3871,-1957.72,OB,15m,validation,0.65,867
3.0,0.083,578,0.59,1.4185,819.92,OB,15m,validation,0.65,867
3.0,0.125,578,0.548,1.0912,630.71,OB,15m,validation,0.65,867
3.0,0.167,578,0.529,0.6637,383.62,OB,15m,validation,0.65,867
3.0,0.25,578,0.49,-0.0544,-31.43,OB,15m,validation,0.65,867
3.0,0.5,578,0.427,-1.5487,-895.16,OB,15m,validation,0.65,867
3.0,1.0,578,0.363,-3.484,-2013.73,OB,15m,validation,0.65,867
4.0,0.083,578,0.557,1.358,784.92,OB,15m,validation,0.65,867
4.0,0.125,578,0.512,1.1973,692.06,OB,15m,validation,0.65,867
4.0,0.167,578,0.493,0.8085,467.33,OB,15m,validation,0.65,867
4.0,0.25,578,0.443,0.0225,13.0,OB,15m,validation,0.65,867
4.0,0.5,578,0.382,-1.6277,-940.81,OB,15m,validation,0.65,867
4.0,1.0,578,0.332,-3.629,-2097.56,OB,15m,validation,0.65,867
5.0,0.083,578,0.547,1.381,798.21,OB,15m,validation,0.65,867
5.0,0.125,578,0.497,1.3285,767.9,OB,15m,validation,0.65,867
5.0,0.167,578,0.476,0.9959,575.65,OB,15m,validation,0.65,867
5.0,0.25,578,0.422,0.2145,123.99,OB,15m,validation,0.65,867
5.0,0.5,578,0.349,-1.4879,-860.0,OB,15m,validation,0.65,867
5.0,1.0,578,0.303,-3.5212,-2035.23,OB,15m,validation,0.65,867
7.0,0.083,578,0.538,1.4059,812.61,OB,15m,validation,0.65,867
7.0,0.125,578,0.486,1.4632,845.71,OB,15m,validation,0.65,867
7.0,0.167,578,0.455,1.0889,629.38,OB,15m,validation,0.65,867
7.0,0.25,578,0.394,0.4624,267.27,OB,15m,validation,0.65,867
7.0,0.5,578,0.313,-1.1983,-692.63,OB,15m,validation,0.65,867
7.0,1.0,578,0.256,-3.2351,-1869.9,OB,15m,validation,0.65,867
10.0,0.083,578,0.533,1.3732,793.69,OB,15m,validation,0.65,867
10.0,0.125,578,0.478,1.4133,816.89,OB,15m,validation,0.65,867
10.0,0.167,578,0.443,1.1205,647.67,OB,15m,validation,0.65,867
10.0,0.25,578,0.381,0.5231,302.36,OB,15m,validation,0.65,867
10.0,0.5,578,0.292,-0.7928,-458.27,OB,15m,validation,0.65,867
10.0,1.0,578,0.225,-2.7233,-1574.07,OB,15m,validation,0.65,867
2.0,0.083,578,0.647,1.1943,690.32,OB,15m,validation,0.675,867
2.0,0.125,578,0.607,0.7245,418.77,OB,15m,validation,0.675,867
2.0,0.167,578,0.588,0.3596,207.88,OB,15m,validation,0.675,867
2.0,0.25,578,0.536,-0.2282,-131.9,OB,15m,validation,0.675,867
2.0,0.5,578,0.433,-1.5428,-891.75,OB,15m,validation,0.675,867
2.0,1.0,578,0.296,-3.4031,-1966.97,OB,15m,validation,0.675,867
3.0,0.083,578,0.59,1.3724,793.26,OB,15m,validation,0.675,867
3.0,0.125,578,0.548,0.9993,577.6,OB,15m,validation,0.675,867
3.0,0.167,578,0.531,0.5782,334.19,OB,15m,validation,0.675,867
3.0,0.25,578,0.49,-0.1126,-65.06,OB,15m,validation,0.675,867
3.0,0.5,578,0.434,-1.5601,-901.72,OB,15m,validation,0.675,867
3.0,1.0,578,0.37,-3.4822,-2012.74,OB,15m,validation,0.675,867
4.0,0.083,578,0.557,1.3591,785.57,OB,15m,validation,0.675,867
4.0,0.125,578,0.51,1.1301,653.19,OB,15m,validation,0.675,867
4.0,0.167,578,0.495,0.72,416.18,OB,15m,validation,0.675,867
4.0,0.25,578,0.443,-0.0477,-27.55,OB,15m,validation,0.675,867
4.0,0.5,578,0.384,-1.6638,-961.65,OB,15m,validation,0.675,867
4.0,1.0,578,0.336,-3.658,-2114.31,OB,15m,validation,0.675,867
5.0,0.083,578,0.542,1.3202,763.09,OB,15m,validation,0.675,867
5.0,0.125,578,0.49,1.2123,700.71,OB,15m,validation,0.675,867
5.0,0.167,578,0.472,0.8538,493.52,OB,15m,validation,0.675,867
5.0,0.25,578,0.417,0.0487,28.15,OB,15m,validation,0.675,867
5.0,0.5,578,0.346,-1.6371,-946.22,OB,15m,validation,0.675,867
5.0,1.0,578,0.296,-3.6653,-2118.55,OB,15m,validation,0.675,867
7.0,0.083,578,0.535,1.374,794.18,OB,15m,validation,0.675,867
7.0,0.125,578,0.481,1.3884,802.48,OB,15m,validation,0.675,867
7.0,0.167,578,0.453,0.9951,575.17,OB,15m,validation,0.675,867
7.0,0.25,578,0.391,0.3362,194.31,OB,15m,validation,0.675,867
7.0,0.5,578,0.313,-1.3084,-756.23,OB,15m,validation,0.675,867
7.0,1.0,578,0.253,-3.3134,-1915.14,OB,15m,validation,0.675,867
10.0,0.083,578,0.529,1.3413,775.3,OB,15m,validation,0.675,867
10.0,0.125,578,0.472,1.3417,775.5,OB,15m,validation,0.675,867
10.0,0.167,578,0.441,1.0452,604.1,OB,15m,validation,0.675,867
10.0,0.25,578,0.377,0.4328,250.14,OB,15m,validation,0.675,867
10.0,0.5,578,0.292,-0.8751,-505.83,OB,15m,validation,0.675,867
10.0,1.0,578,0.223,-2.7677,-1599.7,OB,15m,validation,0.675,867
2.0,0.083,572,0.656,1.1831,676.73,OB,15m,validation,0.7,867
2.0,0.125,572,0.61,0.7127,407.67,OB,15m,validation,0.7,867
2.0,0.167,572,0.593,0.3443,196.93,OB,15m,validation,0.7,867
2.0,0.25,572,0.549,-0.2489,-142.36,OB,15m,validation,0.7,867
2.0,0.5,572,0.434,-1.5703,-898.22,OB,15m,validation,0.7,867
2.0,1.0,572,0.287,-3.4335,-1963.94,OB,15m,validation,0.7,867
3.0,0.083,572,0.593,1.3567,776.03,OB,15m,validation,0.7,867
3.0,0.125,572,0.547,0.9827,562.1,OB,15m,validation,0.7,867
3.0,0.167,572,0.53,0.5671,324.38,OB,15m,validation,0.7,867
3.0,0.25,572,0.493,-0.0827,-47.32,OB,15m,validation,0.7,867
3.0,0.5,572,0.435,-1.4952,-855.26,OB,15m,validation,0.7,867
3.0,1.0,572,0.367,-3.402,-1945.96,OB,15m,validation,0.7,867
4.0,0.083,572,0.565,1.5355,878.29,OB,15m,validation,0.7,867
4.0,0.125,572,0.512,1.2837,734.3,OB,15m,validation,0.7,867
4.0,0.167,572,0.497,0.869,497.06,OB,15m,validation,0.7,867
4.0,0.25,572,0.446,0.1235,70.67,OB,15m,validation,0.7,867
4.0,0.5,572,0.388,-1.4497,-829.24,OB,15m,validation,0.7,867
4.0,1.0,572,0.346,-3.4207,-1956.65,OB,15m,validation,0.7,867
5.0,0.083,572,0.549,1.4797,846.39,OB,15m,validation,0.7,867
5.0,0.125,572,0.493,1.376,787.07,OB,15m,validation,0.7,867
5.0,0.167,572,0.476,1.0252,586.4,OB,15m,validation,0.7,867
5.0,0.25,572,0.423,0.218,124.71,OB,15m,validation,0.7,867
5.0,0.5,572,0.353,-1.3892,-794.64,OB,15m,validation,0.7,867
5.0,1.0,572,0.309,-3.3849,-1936.14,OB,15m,validation,0.7,867
7.0,0.083,572,0.54,1.4902,852.41,OB,15m,validation,0.7,867
7.0,0.125,572,0.481,1.4974,856.51,OB,15m,validation,0.7,867
7.0,0.167,572,0.453,1.107,633.19,OB,15m,validation,0.7,867
7.0,0.25,572,0.392,0.4784,273.62,OB,15m,validation,0.7,867
7.0,0.5,572,0.316,-1.1095,-634.63,OB,15m,validation,0.7,867
7.0,1.0,572,0.26,-3.1031,-1774.98,OB,15m,validation,0.7,867
10.0,0.083,572,0.535,1.4663,838.73,OB,15m,validation,0.7,867
10.0,0.125,572,0.472,1.4635,837.14,OB,15m,validation,0.7,867
10.0,0.167,572,0.441,1.1753,672.3,OB,15m,validation,0.7,867
10.0,0.25,572,0.378,0.6052,346.18,OB,15m,validation,0.7,867
10.0,0.5,572,0.297,-0.6616,-378.42,OB,15m,validation,0.7,867
10.0,1.0,572,0.234,-2.5339,-1449.4,OB,15m,validation,0.7,867
2.0,0.083,544,0.669,1.4793,804.76,OB,15m,holdout,0.3,776
2.0,0.125,544,0.623,1.1503,625.76,OB,15m,holdout,0.3,776
2.0,0.167,544,0.594,0.7892,429.33,OB,15m,holdout,0.3,776
2.0,0.25,544,0.559,0.1681,91.43,OB,15m,holdout,0.3,776
2.0,0.5,544,0.506,-1.2351,-671.88,OB,15m,holdout,0.3,776
2.0,1.0,544,0.403,-3.089,-1680.41,OB,15m,holdout,0.3,776
3.0,0.083,544,0.649,1.8619,1012.86,OB,15m,holdout,0.3,776
3.0,0.125,544,0.592,1.7692,962.45,OB,15m,holdout,0.3,776
3.0,0.167,544,0.555,1.4209,772.94,OB,15m,holdout,0.3,776
3.0,0.25,544,0.522,0.8989,489.0,OB,15m,holdout,0.3,776
3.0,0.5,544,0.474,-0.5775,-314.17,OB,15m,holdout,0.3,776
3.0,1.0,544,0.421,-2.5562,-1390.56,OB,15m,holdout,0.3,776
4.0,0.083,544,0.636,1.9463,1058.79,OB,15m,holdout,0.3,776
4.0,0.125,544,0.57,1.844,1003.15,OB,15m,holdout,0.3,776
4.0,0.167,544,0.528,1.5396,837.52,OB,15m,holdout,0.3,776
4.0,0.25,544,0.489,1.0625,578.01,OB,15m,holdout,0.3,776
4.0,0.5,544,0.426,-0.1774,-96.49,OB,15m,holdout,0.3,776
4.0,1.0,544,0.384,-2.1491,-1169.09,OB,15m,holdout,0.3,776
5.0,0.083,544,0.627,1.9213,1045.21,OB,15m,holdout,0.3,776
5.0,0.125,544,0.559,1.8899,1028.12,OB,15m,holdout,0.3,776
5.0,0.167,544,0.515,1.7002,924.93,OB,15m,holdout,0.3,776
5.0,0.25,544,0.472,1.1861,645.23,OB,15m,holdout,0.3,776
5.0,0.5,544,0.412,0.1706,92.8,OB,15m,holdout,0.3,776
5.0,1.0,544,0.366,-1.7892,-973.32,OB,15m,holdout,0.3,776
7.0,0.083,544,0.621,1.9682,1070.73,OB,15m,holdout,0.3,776
7.0,0.125,544,0.548,1.9819,1078.17,OB,15m,holdout,0.3,776
7.0,0.167,544,0.502,1.8635,1013.72,OB,15m,holdout,0.3,776
7.0,0.25,544,0.45,1.4157,770.12,OB,15m,holdout,0.3,776
7.0,0.5,544,0.377,0.4154,226.0,OB,15m,holdout,0.3,776
7.0,1.0,544,0.32,-1.5505,-843.48,OB,15m,holdout,0.3,776
10.0,0.083,544,0.623,1.9893,1082.19,OB,15m,holdout,0.3,776
10.0,0.125,544,0.55,1.9921,1083.7,OB,15m,holdout,0.3,776
10.0,0.167,544,0.502,1.8891,1027.66,OB,15m,holdout,0.3,776
10.0,0.25,544,0.449,1.5385,836.94,OB,15m,holdout,0.3,776
10.0,0.5,544,0.364,0.6159,335.03,OB,15m,holdout,0.3,776
10.0,1.0,544,0.296,-1.3201,-718.11,OB,15m,holdout,0.3,776
2.0,0.083,542,0.666,1.3861,751.25,OB,15m,holdout,0.325,776
2.0,0.125,542,0.622,1.0695,579.68,OB,15m,holdout,0.325,776
2.0,0.167,542,0.59,0.7367,399.29,OB,15m,holdout,0.325,776
2.0,0.25,542,0.559,0.1329,72.05,OB,15m,holdout,0.325,776
2.0,0.5,542,0.507,-1.2579,-681.8,OB,15m,holdout,0.325,776
2.0,1.0,542,0.41,-3.1203,-1691.22,OB,15m,holdout,0.325,776
3.0,0.083,542,0.649,1.7842,967.05,OB,15m,holdout,0.325,776
3.0,0.125,542,0.592,1.6829,912.11,OB,15m,holdout,0.325,776
3.0,0.167,542,0.554,1.3548,734.29,OB,15m,holdout,0.325,776
3.0,0.25,542,0.524,0.8339,451.96,OB,15m,holdout,0.325,776
3.0,0.5,542,0.476,-0.6256,-339.05,OB,15m,holdout,0.325,776
3.0,1.0,542,0.426,-2.5923,-1405.0,OB,15m,holdout,0.325,776
4.0,0.083,542,0.635,1.8608,1008.56,OB,15m,holdout,0.325,776
4.0,0.125,542,0.568,1.7346,940.13,OB,15m,holdout,0.325,776
4.0,0.167,542,0.524,1.4439,782.6,OB,15m,holdout,0.325,776
4.0,0.25,542,0.491,0.9569,518.64,OB,15m,holdout,0.325,776
4.0,0.5,542,0.424,-0.2856,-154.81,OB,15m,holdout,0.325,776
4.0,1.0,542,0.382,-2.257,-1223.31,OB,15m,holdout,0.325,776
5.0,0.083,542,0.627,1.8746,1016.06,OB,15m,holdout,0.325,776
5.0,0.125,542,0.557,1.8249,989.08,OB,15m,holdout,0.325,776
5.0,0.167,542,0.513,1.6513,894.98,OB,15m,holdout,0.325,776
5.0,0.25,542,0.478,1.3385,725.47,OB,15m,holdout,0.325,776
5.0,0.5,542,0.41,0.1309,70.97,OB,15m,holdout,0.325,776
5.0,1.0,542,0.362,-1.7904,-970.37,OB,15m,holdout,0.325,776
7.0,0.083,542,0.62,1.8803,1019.12,OB,15m,holdout,0.325,776
7.0,0.125,542,0.546,1.8719,1014.56,OB,15m,holdout,0.325,776
7.0,0.167,542,0.5,1.7627,955.37,OB,15m,holdout,0.325,776
7.0,0.25,542,0.456,1.5149,821.08,OB,15m,holdout,0.325,776
7.0,0.5,542,0.376,0.3105,168.3,OB,15m,holdout,0.325,776
7.0,1.0,542,0.317,-1.6861,-913.86,OB,15m,holdout,0.325,776
10.0,0.083,542,0.622,1.9008,1030.24,OB,15m,holdout,0.325,776
10.0,0.125,542,0.548,1.9031,1031.49,OB,15m,holdout,0.325,776
10.0,0.167,542,0.502,1.8148,983.61,OB,15m,holdout,0.325,776
10.0,0.25,542,0.456,1.6761,908.43,OB,15m,holdout,0.325,776
10.0,0.5,542,0.367,0.564,305.7,OB,15m,holdout,0.325,776
10.0,1.0,542,0.295,-1.404,-760.94,OB,15m,holdout,0.325,776
2.0,0.083,543,0.665,1.3759,747.09,OB,15m,holdout,0.35,776
2.0,0.125,543,0.622,1.0847,588.97,OB,15m,holdout,0.35,776
2.0,0.167,543,0.597,0.7387,401.14,OB,15m,holdout,0.35,776
2.0,0.25,543,0.56,0.1235,67.04,OB,15m,holdout,0.35,776
2.0,0.5,543,0.503,-1.2576,-682.9,OB,15m,holdout,0.35,776
2.0,1.0,543,0.403,-3.1453,-1707.92,OB,15m,holdout,0.35,776
3.0,0.083,543,0.648,1.7302,939.5,OB,15m,holdout,0.35,776
3.0,0.125,543,0.593,1.6327,886.55,OB,15m,holdout,0.35,776
3.0,0.167,543,0.556,1.2893,700.07,OB,15m,holdout,0.35,776
3.0,0.25,543,0.521,0.762,413.77,OB,15m,holdout,0.35,776
3.0,0.5,543,0.47,-0.6898,-374.55,OB,15m,holdout,0.35,776
3.0,1.0,543,0.422,-2.7032,-1467.85,OB,15m,holdout,0.35,776
4.0,0.083,543,0.63,1.8014,978.16,OB,15m,holdout,0.35,776
4.0,0.125,543,0.565,1.6761,910.13,OB,15m,holdout,0.35,776
4.0,0.167,543,0.525,1.4141,767.84,OB,15m,holdout,0.35,776
4.0,0.25,543,0.486,0.9002,488.79,OB,15m,holdout,0.35,776
4.0,0.5,543,0.424,-0.3428,-186.15,OB,15m,holdout,0.35,776
4.0,1.0,543,0.383,-2.3516,-1276.93,OB,15m,holdout,0.35,776
5.0,0.083,543,0.622,1.7988,976.75,OB,15m,holdout,0.35,776
5.0,0.125,543,0.552,1.7379,943.65,OB,15m,holdout,0.35,776
5.0,0.167,543,0.512,1.5819,858.99,OB,15m,holdout,0.35,776
5.0,0.25,543,0.471,1.2287,667.17,OB,15m,holdout,0.35,776
5.0,0.5,543,0.405,0.0163,8.86,OB,15m,holdout,0.35,776
5.0,1.0,543,0.359,-1.9192,-1042.1,OB,15m,holdout,0.35,776
7.0,0.083,543,0.615,1.806,980.66,OB,15m,holdout,0.35,776
7.0,0.125,543,0.541,1.787,970.37,OB,15m,holdout,0.35,776
7.0,0.167,543,0.499,1.6943,920.02,OB,15m,holdout,0.35,776
7.0,0.25,543,0.451,1.4103,765.8,OB,15m,holdout,0.35,776
7.0,0.5,543,0.372,0.2594,140.86,OB,15m,holdout,0.35,776
7.0,1.0,543,0.317,-1.7374,-943.43,OB,15m,holdout,0.35,776
10.0,0.083,543,0.617,1.8289,993.08,OB,15m,holdout,0.35,776
10.0,0.125,543,0.543,1.8261,991.55,OB,15m,holdout,0.35,776
10.0,0.167,543,0.501,1.7639,957.78,OB,15m,holdout,0.35,776
10.0,0.25,543,0.451,1.6009,869.3,OB,15m,holdout,0.35,776
10.0,0.5,543,0.363,0.5236,284.29,OB,15m,holdout,0.35,776
10.0,1.0,543,0.293,-1.4592,-792.35,OB,15m,holdout,0.35,776
2.0,0.083,542,0.672,1.4909,808.08,OB,15m,holdout,0.375,776
2.0,0.125,542,0.635,1.2022,651.58,OB,15m,holdout,0.375,776
2.0,0.167,542,0.611,0.8413,455.96,OB,15m,holdout,0.375,776
2.0,0.25,542,0.572,0.2115,114.65,OB,15m,holdout,0.375,776
2.0,0.5,542,0.515,-1.1899,-644.95,OB,15m,holdout,0.375,776
2.0,1.0,542,0.402,-3.0871,-1673.22,OB,15m,holdout,0.375,776
3.0,0.083,542,0.649,1.7223,933.47,OB,15m,holdout,0.375,776
3.0,0.125,542,0.59,1.6025,868.56,OB,15m,holdout,0.375,776
3.0,0.167,542,0.559,1.2911,699.78,OB,15m,holdout,0.375,776
3.0,0.25,542,0.526,0.7652,414.76,OB,15m,holdout,0.375,776
3.0,0.5,542,0.476,-0.6957,-377.06,OB,15m,holdout,0.375,776
3.0,1.0,542,0.424,-2.6839,-1454.65,OB,15m,holdout,0.375,776
4.0,0.083,542,0.631,1.8624,1009.4,OB,15m,holdout,0.375,776
4.0,0.125,542,0.566,1.7222,933.42,OB,15m,holdout,0.375,776
4.0,0.167,542,0.53,1.4785,801.33,OB,15m,holdout,0.375,776
4.0,0.25,542,0.494,0.9649,522.96,OB,15m,holdout,0.375,776
4.0,0.5,542,0.432,-0.2735,-148.21,OB,15m,holdout,0.375,776
4.0,1.0,542,0.389,-2.2768,-1234.02,OB,15m,holdout,0.375,776
5.0,0.083,542,0.624,1.8527,1004.14,OB,15m,holdout,0.375,776
5.0,0.125,542,0.554,1.8034,977.43,OB,15m,holdout,0.375,776
5.0,0.167,542,0.517,1.6647,902.29,OB,15m,holdout,0.375,776
5.0,0.25,542,0.48,1.3593,736.73,OB,15m,holdout,0.375,776
5.0,0.5,542,0.413,0.2002,108.5,OB,15m,holdout,0.375,776
5.0,1.0,542,0.369,-1.7132,-928.55,OB,15m,holdout,0.375,776
7.0,0.083,542,0.618,1.9024,1031.09,OB,15m,holdout,0.375,776
7.0,0.125,542,0.542,1.8937,1026.38,OB,15m,holdout,0.375,776
7.0,0.167,542,0.504,1.8111,981.59,OB,15m,holdout,0.375,776
7.0,0.25,542,0.458,1.5324,830.55,OB,15m,holdout,0.375,776
7.0,0.5,542,0.378,0.4279,231.92,OB,15m,holdout,0.375,776
7.0,1.0,542,0.323,-1.5489,-839.49,OB,15m,holdout,0.375,776
10.0,0.083,542,0.62,1.9259,1043.82,OB,15m,holdout,0.375,776
10.0,0.125,542,0.544,1.9372,1049.96,OB,15m,holdout,0.375,776
10.0,0.167,542,0.506,1.8924,1025.65,OB,15m,holdout,0.375,776
10.0,0.25,542,0.458,1.7504,948.72,OB,15m,holdout,0.375,776
10.0,0.5,542,0.371,0.7634,413.74,OB,15m,holdout,0.375,776
10.0,1.0,542,0.301,-1.1682,-633.18,OB,15m,holdout,0.375,776
2.0,0.083,544,0.664,1.3993,761.21,OB,15m,holdout,0.4,776
2.0,0.125,544,0.632,1.1422,621.38,OB,15m,holdout,0.4,776
2.0,0.167,544,0.61,0.795,432.47,OB,15m,holdout,0.4,776
2.0,0.25,544,0.57,0.191,103.88,OB,15m,holdout,0.4,776
2.0,0.5,544,0.52,-1.179,-641.38,OB,15m,holdout,0.4,776
2.0,1.0,544,0.415,-3.0605,-1664.91,OB,15m,holdout,0.4,776
3.0,0.083,544,0.64,1.5893,864.58,OB,15m,holdout,0.4,776
3.0,0.125,544,0.585,1.515,824.15,OB,15m,holdout,0.4,776
3.0,0.167,544,0.553,1.2056,655.86,OB,15m,holdout,0.4,776
3.0,0.25,544,0.518,0.657,357.42,OB,15m,holdout,0.4,776
3.0,0.5,544,0.469,-0.7557,-411.11,OB,15m,holdout,0.4,776
3.0,1.0,544,0.419,-2.7043,-1471.16,OB,15m,holdout,0.4,776
4.0,0.083,544,0.623,1.7519,953.02,OB,15m,holdout,0.4,776
4.0,0.125,544,0.562,1.6514,898.34,OB,15m,holdout,0.4,776
4.0,0.167,544,0.526,1.413,768.65,OB,15m,holdout,0.4,776
4.0,0.25,544,0.489,0.9249,503.17,OB,15m,holdout,0.4,776
4.0,0.5,544,0.43,-0.2529,-137.59,OB,15m,holdout,0.4,776
4.0,1.0,544,0.392,-2.2331,-1214.81,OB,15m,holdout,0.4,776
5.0,0.083,544,0.616,1.7434,948.39,OB,15m,holdout,0.4,776
5.0,0.125,544,0.55,1.7402,946.64,OB,15m,holdout,0.4,776
5.0,0.167,544,0.513,1.6022,871.62,OB,15m,holdout,0.4,776
5.0,0.25,544,0.471,1.2351,671.89,OB,15m,holdout,0.4,776
5.0,0.5,544,0.406,0.0722,39.28,OB,15m,holdout,0.4,776
5.0,1.0,544,0.364,-1.8359,-998.75,OB,15m,holdout,0.4,776
7.0,0.083,544,0.61,1.7994,978.89,OB,15m,holdout,0.4,776
7.0,0.125,544,0.539,1.837,999.33,OB,15m,holdout,0.4,776
7.0,0.167,544,0.5,1.7555,955.01,OB,15m,holdout,0.4,776
7.0,0.25,544,0.449,1.4189,771.87,OB,15m,holdout,0.4,776
7.0,0.5,544,0.373,0.3267,177.72,OB,15m,holdout,0.4,776
7.0,1.0,544,0.324,-1.635,-889.46,OB,15m,holdout,0.4,776
10.0,0.083,544,0.612,1.8235,991.98,OB,15m,holdout,0.4,776
10.0,0.125,544,0.54,1.8835,1024.61,OB,15m,holdout,0.4,776
10.0,0.167,544,0.502,1.8423,1002.23,OB,15m,holdout,0.4,776
10.0,0.25,544,0.449,1.6471,896.0,OB,15m,holdout,0.4,776
10.0,0.5,544,0.364,0.6456,351.22,OB,15m,holdout,0.4,776
10.0,1.0,544,0.301,-1.2334,-670.98,OB,15m,holdout,0.4,776
2.0,0.083,547,0.656,1.2818,701.13,OB,15m,holdout,0.425,776
2.0,0.125,547,0.625,1.0094,552.16,OB,15m,holdout,0.425,776
2.0,0.167,547,0.607,0.6694,366.18,OB,15m,holdout,0.425,776
2.0,0.25,547,0.569,0.076,41.55,OB,15m,holdout,0.425,776
2.0,0.5,547,0.519,-1.2859,-703.39,OB,15m,holdout,0.425,776
2.0,1.0,547,0.413,-3.1514,-1723.81,OB,15m,holdout,0.425,776
3.0,0.083,547,0.633,1.5409,842.87,OB,15m,holdout,0.425,776
3.0,0.125,547,0.58,1.4459,790.91,OB,15m,holdout,0.425,776
3.0,0.167,547,0.556,1.1736,641.95,OB,15m,holdout,0.425,776
3.0,0.25,547,0.519,0.5587,305.58,OB,15m,holdout,0.425,776
3.0,0.5,547,0.472,-0.8087,-442.36,OB,15m,holdout,0.425,776
3.0,1.0,547,0.42,-2.7546,-1506.76,OB,15m,holdout,0.425,776
4.0,0.083,547,0.614,1.6821,920.1,OB,15m,holdout,0.425,776
4.0,0.125,547,0.556,1.5562,851.25,OB,15m,holdout,0.425,776
4.0,0.167,547,0.527,1.3552,741.28,OB,15m,holdout,0.425,776
4.0,0.25,547,0.488,0.7852,429.53,OB,15m,holdout,0.425,776
4.0,0.5,547,0.431,-0.416,-227.53,OB,15m,holdout,0.425,776
4.0,1.0,547,0.391,-2.3809,-1302.34,OB,15m,holdout,0.425,776
5.0,0.083,547,0.605,1.649,902.02,OB,15m,holdout,0.425,776
5.0,0.125,547,0.543,1.6581,907.0,OB,15m,holdout,0.425,776
5.0,0.167,547,0.514,1.5613,854.04,OB,15m,holdout,0.425,776
5.0,0.25,547,0.468,1.1134,609.04,OB,15m,holdout,0.425,776
5.0,0.5,547,0.406,-0.0953,-52.12,OB,15m,holdout,0.425,776
5.0,1.0,547,0.362,-2.0211,-1105.57,OB,15m,holdout,0.425,776
7.0,0.083,547,0.6,1.7049,932.58,OB,15m,holdout,0.425,776
7.0,0.125,547,0.53,1.7549,959.91,OB,15m,holdout,0.425,776
7.0,0.167,547,0.499,1.7052,932.72,OB,15m,holdout,0.425,776
7.0,0.25,547,0.446,1.2835,702.08,OB,15m,holdout,0.425,776
7.0,0.5,547,0.371,0.1346,73.64,OB,15m,holdout,0.425,776
7.0,1.0,547,0.32,-1.8451,-1009.29,OB,15m,holdout,0.425,776
10.0,0.083,547,0.601,1.7319,947.36,OB,15m,holdout,0.425,776
10.0,0.125,547,0.532,1.797,982.94,OB,15m,holdout,0.425,776
10.0,0.167,547,0.501,1.7847,976.24,OB,15m,holdout,0.425,776
10.0,0.25,547,0.446,1.5156,829.05,OB,15m,holdout,0.425,776
10.0,0.5,547,0.36,0.5074,277.53,OB,15m,holdout,0.425,776
10.0,1.0,547,0.298,-1.402,-766.9,OB,15m,holdout,0.425,776
2.0,0.083,545,0.657,1.3095,713.7,OB,15m,holdout,0.45,776
2.0,0.125,545,0.626,1.0246,558.41,OB,15m,holdout,0.45,776
2.0,0.167,545,0.609,0.685,373.34,OB,15m,holdout,0.45,776
2.0,0.25,545,0.574,0.0862,46.99,OB,15m,holdout,0.45,776
2.0,0.5,545,0.517,-1.2474,-679.85,OB,15m,holdout,0.45,776
2.0,1.0,545,0.413,-3.105,-1692.25,OB,15m,holdout,0.45,776
3.0,0.083,545,0.631,1.5758,858.84,OB,15m,holdout,0.45,776
3.0,0.125,545,0.574,1.4254,776.82,OB,15m,holdout,0.45,776
3.0,0.167,545,0.552,1.1153,607.81,OB,15m,holdout,0.45,776
3.0,0.25,545,0.516,0.4768,259.87,OB,15m,holdout,0.45,776
3.0,0.5,545,0.468,-0.8901,-485.13,OB,15m,holdout,0.45,776
3.0,1.0,545,0.422,-2.8389,-1547.18,OB,15m,holdout,0.45,776
4.0,0.083,545,0.613,1.6911,921.64,OB,15m,holdout,0.45,776
4.0,0.125,545,0.55,1.4884,811.19,OB,15m,holdout,0.45,776
4.0,0.167,545,0.523,1.2411,676.38,OB,15m,holdout,0.45,776
4.0,0.25,545,0.483,0.6469,352.54,OB,15m,holdout,0.45,776
4.0,0.5,545,0.428,-0.5741,-312.88,OB,15m,holdout,0.45,776
4.0,1.0,545,0.389,-2.5444,-1386.7,OB,15m,holdout,0.45,776
5.0,0.083,545,0.602,1.665,907.41,OB,15m,holdout,0.45,776
5.0,0.125,545,0.536,1.6048,874.64,OB,15m,holdout,0.45,776
5.0,0.167,545,0.508,1.4616,796.59,OB,15m,holdout,0.45,776
5.0,0.25,545,0.459,0.9524,519.07,OB,15m,holdout,0.45,776
5.0,0.5,545,0.398,-0.2975,-162.16,OB,15m,holdout,0.45,776
5.0,1.0,545,0.356,-2.2155,-1207.46,OB,15m,holdout,0.45,776
7.0,0.083,545,0.596,1.7176,936.07,OB,15m,holdout,0.45,776
7.0,0.125,545,0.523,1.6979,925.33,OB,15m,holdout,0.45,776
7.0,0.167,545,0.494,1.6201,882.94,OB,15m,holdout,0.45,776
7.0,0.25,545,0.437,1.1541,628.97,OB,15m,holdout,0.45,776
7.0,0.5,545,0.367,-0.0612,-33.37,OB,15m,holdout,0.45,776
7.0,1.0,545,0.317,-2.0337,-1108.39,OB,15m,holdout,0.45,776
10.0,0.083,545,0.598,1.7552,956.59,OB,15m,holdout,0.45,776
10.0,0.125,545,0.525,1.7755,967.63,OB,15m,holdout,0.45,776
10.0,0.167,545,0.495,1.7303,943.02,OB,15m,holdout,0.45,776
10.0,0.25,545,0.437,1.4249,776.57,OB,15m,holdout,0.45,776
10.0,0.5,545,0.356,0.3924,213.87,OB,15m,holdout,0.45,776
10.0,1.0,545,0.295,-1.5282,-832.86,OB,15m,holdout,0.45,776
2.0,0.083,544,0.658,1.2756,693.92,OB,15m,holdout,0.475,776
2.0,0.125,544,0.625,1.0124,550.73,OB,15m,holdout,0.475,776
2.0,0.167,544,0.612,0.674,366.65,OB,15m,holdout,0.475,776
2.0,0.25,544,0.577,0.0712,38.74,OB,15m,holdout,0.475,776
2.0,0.5,544,0.518,-1.2425,-675.92,OB,15m,holdout,0.475,776
2.0,1.0,544,0.41,-3.0835,-1677.44,OB,15m,holdout,0.475,776
3.0,0.083,544,0.631,1.4919,811.59,OB,15m,holdout,0.475,776
3.0,0.125,544,0.574,1.3155,715.62,OB,15m,holdout,0.475,776
3.0,0.167,544,0.553,0.9879,537.41,OB,15m,holdout,0.475,776
3.0,0.25,544,0.518,0.3929,213.72,OB,15m,holdout,0.475,776
3.0,0.5,544,0.471,-0.962,-523.35,OB,15m,holdout,0.475,776
3.0,1.0,544,0.425,-2.8918,-1573.12,OB,15m,holdout,0.475,776
4.0,0.083,544,0.614,1.5862,862.87,OB,15m,holdout,0.475,776
4.0,0.125,544,0.548,1.3688,744.64,OB,15m,holdout,0.475,776
4.0,0.167,544,0.524,1.1215,610.11,OB,15m,holdout,0.475,776
4.0,0.25,544,0.482,0.5279,287.18,OB,15m,holdout,0.475,776
4.0,0.5,544,0.428,-0.6996,-380.58,OB,15m,holdout,0.475,776
4.0,1.0,544,0.39,-2.6556,-1444.67,OB,15m,holdout,0.475,776
5.0,0.083,544,0.601,1.5583,847.7,OB,15m,holdout,0.475,776
5.0,0.125,544,0.531,1.4966,814.17,OB,15m,holdout,0.475,776
5.0,0.167,544,0.507,1.3538,736.44,OB,15m,holdout,0.475,776
5.0,0.25,544,0.456,0.8357,454.61,OB,15m,holdout,0.475,776
5.0,0.5,544,0.397,-0.4301,-233.98,OB,15m,holdout,0.475,776
5.0,1.0,544,0.355,-2.3454,-1275.9,OB,15m,holdout,0.475,776
7.0,0.083,544,0.596,1.6123,877.12,OB,15m,holdout,0.475,776
7.0,0.125,544,0.518,1.5854,862.47,OB,15m,holdout,0.475,776
7.0,0.167,544,0.493,1.4927,812.01,OB,15m,holdout,0.475,776
7.0,0.25,544,0.434,1.0061,547.3,OB,15m,holdout,0.475,776
7.0,0.5,544,0.366,-0.2257,-122.78,OB,15m,holdout,0.475,776
7.0,1.0,544,0.314,-2.1235,-1155.18,OB,15m,holdout,0.475,776
10.0,0.083,544,0.597,1.6503,897.75,OB,15m,holdout,0.475,776
10.0,0.125,544,0.52,1.667,906.82,OB,15m,holdout,0.475,776
10.0,0.167,544,0.494,1.6138,877.89,OB,15m,holdout,0.475,776
10.0,0.25,544,0.434,1.2833,698.13,OB,15m,holdout,0.475,776
10.0,0.5,544,0.355,0.1748,95.1,OB,15m,holdout,0.475,776
10.0,1.0,544,0.29,-1.7332,-942.87,OB,15m,holdout,0.475,776
2.0,0.083,544,0.66,1.2627,686.88,OB,15m,holdout,0.5,776
2.0,0.125,544,0.625,0.9766,531.25,OB,15m,holdout,0.5,776
2.0,0.167,544,0.616,0.6295,342.47,OB,15m,holdout,0.5,776
2.0,0.25,544,0.575,0.0298,16.2,OB,15m,holdout,0.5,776
2.0,0.5,544,0.517,-1.278,-695.22,OB,15m,holdout,0.5,776
2.0,1.0,544,0.404,-3.1177,-1696.04,OB,15m,holdout,0.5,776
3.0,0.083,544,0.634,1.5455,840.76,OB,15m,holdout,0.5,776
3.0,0.125,544,0.574,1.3623,741.07,OB,15m,holdout,0.5,776
3.0,0.167,544,0.555,1.0291,559.81,OB,15m,holdout,0.5,776
3.0,0.25,544,0.518,0.4299,233.84,OB,15m,holdout,0.5,776
3.0,0.5,544,0.472,-0.9237,-502.48,OB,15m,holdout,0.5,776
3.0,1.0,544,0.426,-2.852,-1551.48,OB,15m,holdout,0.5,776
4.0,0.083,544,0.616,1.6115,876.66,OB,15m,holdout,0.5,776
4.0,0.125,544,0.546,1.3941,758.42,OB,15m,holdout,0.5,776
4.0,0.167,544,0.524,1.1371,618.58,OB,15m,holdout,0.5,776
4.0,0.25,544,0.482,0.5299,288.25,OB,15m,holdout,0.5,776
4.0,0.5,544,0.428,-0.7237,-393.67,OB,15m,holdout,0.5,776
4.0,1.0,544,0.393,-2.6917,-1464.29,OB,15m,holdout,0.5,776
5.0,0.083,544,0.605,1.6279,885.59,OB,15m,holdout,0.5,776
5.0,0.125,544,0.531,1.5533,845.0,OB,15m,holdout,0.5,776
5.0,0.167,544,0.509,1.4024,762.91,OB,15m,holdout,0.5,776
5.0,0.25,544,0.456,0.8812,479.35,OB,15m,holdout,0.5,776
5.0,0.5,544,0.399,-0.4098,-222.94,OB,15m,holdout,0.5,776
5.0,1.0,544,0.355,-2.3506,-1278.7,OB,15m,holdout,0.5,776
7.0,0.083,544,0.597,1.6419,893.21,OB,15m,holdout,0.5,776
7.0,0.125,544,0.517,1.6068,874.12,OB,15m,holdout,0.5,776
7.0,0.167,544,0.493,1.5082,820.45,OB,15m,holdout,0.5,776
7.0,0.25,544,0.432,1.0373,564.3,OB,15m,holdout,0.5,776
7.0,0.5,544,0.366,-0.2092,-113.79,OB,15m,holdout,0.5,776
7.0,1.0,544,0.316,-2.089,-1136.4,OB,15m,holdout,0.5,776
10.0,0.083,544,0.599,1.6824,915.21,OB,15m,holdout,0.5,776
10.0,0.125,544,0.518,1.6923,920.61,OB,15m,holdout,0.5,776
10.0,0.167,544,0.494,1.6328,888.23,OB,15m,holdout,0.5,776
10.0,0.25,544,0.432,1.2885,700.92,OB,15m,holdout,0.5,776
10.0,0.5,544,0.355,0.133,72.37,OB,15m,holdout,0.5,776
10.0,1.0,544,0.292,-1.7586,-956.69,OB,15m,holdout,0.5,776
2.0,0.083,541,0.658,1.1819,639.43,OB,15m,holdout,0.525,776
2.0,0.125,541,0.619,0.9105,492.56,OB,15m,holdout,0.525,776
2.0,0.167,541,0.61,0.5701,308.41,OB,15m,holdout,0.525,776
2.0,0.25,541,0.573,-0.0238,-12.86,OB,15m,holdout,0.525,776
2.0,0.5,541,0.51,-1.3252,-716.92,OB,15m,holdout,0.525,776
2.0,1.0,541,0.394,-3.1628,-1711.09,OB,15m,holdout,0.525,776
3.0,0.083,541,0.628,1.4682,794.28,OB,15m,holdout,0.525,776
3.0,0.125,541,0.567,1.2634,683.52,OB,15m,holdout,0.525,776
3.0,0.167,541,0.551,0.9373,507.06,OB,15m,holdout,0.525,776
3.0,0.25,541,0.516,0.3356,181.57,OB,15m,holdout,0.525,776
3.0,0.5,541,0.47,-1.019,-551.28,OB,15m,holdout,0.525,776
3.0,1.0,541,0.423,-2.9462,-1593.91,OB,15m,holdout,0.525,776
4.0,0.083,541,0.614,1.6135,872.91,OB,15m,holdout,0.525,776
4.0,0.125,541,0.543,1.3808,747.04,OB,15m,holdout,0.525,776
4.0,0.167,541,0.523,1.117,604.27,OB,15m,holdout,0.525,776
4.0,0.25,541,0.484,0.5184,280.45,OB,15m,holdout,0.525,776
4.0,0.5,541,0.433,-0.7534,-407.59,OB,15m,holdout,0.525,776
4.0,1.0,541,0.396,-2.7146,-1468.59,OB,15m,holdout,0.525,776
5.0,0.083,541,0.604,1.6517,893.58,OB,15m,holdout,0.525,776
5.0,0.125,541,0.53,1.5678,848.21,OB,15m,holdout,0.525,776
5.0,0.167,541,0.51,1.3963,755.38,OB,15m,holdout,0.525,776
5.0,0.25,541,0.46,0.8813,476.77,OB,15m,holdout,0.525,776
5.0,0.5,541,0.403,-0.4156,-224.85,OB,15m,holdout,0.525,776
5.0,1.0,541,0.359,-2.3756,-1285.2,OB,15m,holdout,0.525,776
7.0,0.083,541,0.595,1.6314,882.61,OB,15m,holdout,0.525,776
7.0,0.125,541,0.512,1.5797,854.62,OB,15m,holdout,0.525,776
7.0,0.167,541,0.49,1.4598,789.76,OB,15m,holdout,0.525,776
7.0,0.25,541,0.433,0.9755,527.75,OB,15m,holdout,0.525,776
7.0,0.5,541,0.366,-0.3012,-162.96,OB,15m,holdout,0.525,776
7.0,1.0,541,0.314,-2.2224,-1202.32,OB,15m,holdout,0.525,776
10.0,0.083,541,0.597,1.6725,904.84,OB,15m,holdout,0.525,776
10.0,0.125,541,0.514,1.66,898.04,OB,15m,holdout,0.525,776
10.0,0.167,541,0.492,1.5656,846.99,OB,15m,holdout,0.525,776
10.0,0.25,541,0.433,1.2456,673.87,OB,15m,holdout,0.525,776
10.0,0.5,541,0.355,0.0906,49.03,OB,15m,holdout,0.525,776
10.0,1.0,541,0.292,-1.8111,-979.81,OB,15m,holdout,0.525,776
2.0,0.083,539,0.653,1.1315,609.88,OB,15m,holdout,0.55,776
2.0,0.125,539,0.618,0.8528,459.68,OB,15m,holdout,0.55,776
2.0,0.167,539,0.605,0.5083,273.99,OB,15m,holdout,0.55,776
2.0,0.25,539,0.57,-0.0984,-53.04,OB,15m,holdout,0.55,776
2.0,0.5,539,0.506,-1.4055,-757.56,OB,15m,holdout,0.55,776
2.0,1.0,539,0.391,-3.1676,-1707.36,OB,15m,holdout,0.55,776
3.0,0.083,539,0.625,1.4403,776.34,OB,15m,holdout,0.55,776
3.0,0.125,539,0.571,1.2477,672.51,OB,15m,holdout,0.55,776
3.0,0.167,539,0.551,0.9251,498.63,OB,15m,holdout,0.55,776
3.0,0.25,539,0.518,0.3186,171.74,OB,15m,holdout,0.55,776
3.0,0.5,539,0.471,-1.0251,-552.54,OB,15m,holdout,0.55,776
3.0,1.0,539,0.429,-2.9422,-1585.84,OB,15m,holdout,0.55,776
4.0,0.083,539,0.61,1.6,862.38,OB,15m,holdout,0.55,776
4.0,0.125,539,0.545,1.5966,860.57,OB,15m,holdout,0.55,776
4.0,0.167,539,0.523,1.3163,709.49,OB,15m,holdout,0.55,776
4.0,0.25,539,0.484,0.6908,372.34,OB,15m,holdout,0.55,776
4.0,0.5,539,0.434,-0.6425,-346.31,OB,15m,holdout,0.55,776
4.0,1.0,539,0.399,-2.6334,-1419.38,OB,15m,holdout,0.55,776
5.0,0.083,539,0.601,1.6398,883.85,OB,15m,holdout,0.55,776
5.0,0.125,539,0.531,1.5392,829.62,OB,15m,holdout,0.55,776
5.0,0.167,539,0.508,1.3556,730.69,OB,15m,holdout,0.55,776
5.0,0.25,539,0.46,0.8623,464.78,OB,15m,holdout,0.55,776
5.0,0.5,539,0.401,-0.4629,-249.52,OB,15m,holdout,0.55,776
5.0,1.0,539,0.358,-2.4327,-1311.23,OB,15m,holdout,0.55,776
7.0,0.083,539,0.592,1.6155,870.74,OB,15m,holdout,0.55,776
7.0,0.125,539,0.512,1.5444,832.44,OB,15m,holdout,0.55,776
7.0,0.167,539,0.486,1.3996,754.37,OB,15m,holdout,0.55,776
7.0,0.25,539,0.432,0.968,521.74,OB,15m,holdout,0.55,776
7.0,0.5,539,0.367,-0.2533,-136.55,OB,15m,holdout,0.55,776
7.0,1.0,539,0.319,-2.1889,-1179.83,OB,15m,holdout,0.55,776
10.0,0.083,539,0.594,1.6594,894.4,OB,15m,holdout,0.55,776
10.0,0.125,539,0.514,1.631,879.09,OB,15m,holdout,0.55,776
10.0,0.167,539,0.488,1.5134,815.74,OB,15m,holdout,0.55,776
10.0,0.25,539,0.432,1.2509,674.25,OB,15m,holdout,0.55,776
10.0,0.5,539,0.354,0.0512,27.6,OB,15m,holdout,0.55,776
10.0,1.0,539,0.293,-1.9221,-1036.02,OB,15m,holdout,0.55,776
2.0,0.083,537,0.657,1.1632,624.63,OB,15m,holdout,0.575,776
2.0,0.125,537,0.622,0.892,478.98,OB,15m,holdout,0.575,776
2.0,0.167,537,0.611,0.5524,296.65,OB,15m,holdout,0.575,776
2.0,0.25,537,0.575,-0.0489,-26.27,OB,15m,holdout,0.575,776
2.0,0.5,537,0.507,-1.3483,-724.05,OB,15m,holdout,0.575,776
2.0,1.0,537,0.387,-3.1053,-1667.55,OB,15m,holdout,0.575,776
3.0,0.083,537,0.624,1.4621,785.13,OB,15m,holdout,0.575,776
3.0,0.125,537,0.575,1.2561,674.52,OB,15m,holdout,0.575,776
3.0,0.167,537,0.553,0.9211,494.6,OB,15m,holdout,0.575,776
3.0,0.25,537,0.521,0.3066,164.66,OB,15m,holdout,0.575,776
3.0,0.5,537,0.471,-1.0361,-556.38,OB,15m,holdout,0.575,776
3.0,1.0,537,0.43,-2.9473,-1582.71,OB,15m,holdout,0.575,776
4.0,0.083,537,0.609,1.6393,880.31,OB,15m,holdout,0.575,776
4.0,0.125,537,0.549,1.6342,877.59,OB,15m,holdout,0.575,776
4.0,0.167,537,0.525,1.3773,739.6,OB,15m,holdout,0.575,776
4.0,0.25,537,0.49,0.7915,425.05,OB,15m,holdout,0.575,776
4.0,0.5,537,0.439,-0.4686,-251.62,OB,15m,holdout,0.575,776
4.0,1.0,537,0.404,-2.4315,-1305.74,OB,15m,holdout,0.575,776
5.0,0.083,537,0.6,1.6795,901.87,OB,15m,holdout,0.575,776
5.0,0.125,537,0.536,1.8192,976.89,OB,15m,holdout,0.575,776
5.0,0.167,537,0.512,1.6203,870.12,OB,15m,holdout,0.575,776
5.0,0.25,537,0.466,1.0965,588.83,OB,15m,holdout,0.575,776
5.0,0.5,537,0.406,-0.0615,-33.02,OB,15m,holdout,0.575,776
5.0,1.0,537,0.367,-2.0387,-1094.77,OB,15m,holdout,0.575,776
7.0,0.083,537,0.59,1.6636,893.34,OB,15m,holdout,0.575,776
7.0,0.125,537,0.52,1.8689,1003.62,OB,15m,holdout,0.575,776
7.0,0.167,537,0.493,1.7453,937.23,OB,15m,holdout,0.575,776
7.0,0.25,537,0.441,1.3539,727.03,OB,15m,holdout,0.575,776
7.0,0.5,537,0.376,0.1447,77.69,OB,15m,holdout,0.575,776
7.0,1.0,537,0.328,-1.7944,-963.6,OB,15m,holdout,0.575,776
10.0,0.083,537,0.592,1.7075,916.92,OB,15m,holdout,0.575,776
10.0,0.125,537,0.52,1.9337,1038.42,OB,15m,holdout,0.575,776
10.0,0.167,537,0.492,1.8136,973.9,OB,15m,holdout,0.575,776
10.0,0.25,537,0.438,1.5421,828.11,OB,15m,holdout,0.575,776
10.0,0.5,537,0.358,0.2997,160.94,OB,15m,holdout,0.575,776
10.0,1.0,537,0.296,-1.72,-923.64,OB,15m,holdout,0.575,776
2.0,0.083,531,0.653,1.1185,593.9,OB,15m,holdout,0.6,776
2.0,0.125,531,0.618,0.8244,437.76,OB,15m,holdout,0.6,776
2.0,0.167,531,0.605,0.4817,255.78,OB,15m,holdout,0.6,776
2.0,0.25,531,0.573,-0.1222,-64.88,OB,15m,holdout,0.6,776
2.0,0.5,531,0.503,-1.4187,-753.32,OB,15m,holdout,0.6,776
2.0,1.0,531,0.382,-3.177,-1686.97,OB,15m,holdout,0.6,776
3.0,0.083,531,0.62,1.3791,732.28,OB,15m,holdout,0.6,776
3.0,0.125,531,0.573,1.1404,605.53,OB,15m,holdout,0.6,776
3.0,0.167,531,0.55,0.7911,420.05,OB,15m,holdout,0.6,776
3.0,0.25,531,0.52,0.1723,91.5,OB,15m,holdout,0.6,776
3.0,0.5,531,0.469,-1.2025,-638.54,OB,15m,holdout,0.6,776
3.0,1.0,531,0.431,-3.1602,-1678.08,OB,15m,holdout,0.6,776
4.0,0.083,531,0.606,1.5105,802.1,OB,15m,holdout,0.6,776
4.0,0.125,531,0.55,1.4603,775.42,OB,15m,holdout,0.6,776
4.0,0.167,531,0.524,1.1891,631.44,OB,15m,holdout,0.6,776
4.0,0.25,531,0.486,0.6016,319.43,OB,15m,holdout,0.6,776
4.0,0.5,531,0.431,-0.6931,-368.05,OB,15m,holdout,0.6,776
4.0,1.0,531,0.397,-2.693,-1430.0,OB,15m,holdout,0.6,776
5.0,0.083,531,0.593,1.5025,797.81,OB,15m,holdout,0.6,776
5.0,0.125,531,0.533,1.5653,831.2,OB,15m,holdout,0.6,776
5.0,0.167,531,0.507,1.3279,705.13,OB,15m,holdout,0.6,776
5.0,0.25,531,0.458,0.7532,399.97,OB,15m,holdout,0.6,776
5.0,0.5,531,0.397,-0.4449,-236.24,OB,15m,holdout,0.6,776
5.0,1.0,531,0.36,-2.4455,-1298.58,OB,15m,holdout,0.6,776
7.0,0.083,531,0.584,1.4969,794.88,OB,15m,holdout,0.6,776
7.0,0.125,531,0.518,1.6802,892.19,OB,15m,holdout,0.6,776
7.0,0.167,531,0.492,1.5605,828.62,OB,15m,holdout,0.6,776
7.0,0.25,531,0.437,1.1454,608.22,OB,15m,holdout,0.6,776
7.0,0.5,531,0.369,-0.0941,-49.97,OB,15m,holdout,0.6,776
7.0,1.0,531,0.324,-2.1064,-1118.49,OB,15m,holdout,0.6,776
10.0,0.083,531,0.586,1.5493,822.66,OB,15m,holdout,0.6,776
10.0,0.125,531,0.516,1.7312,919.29,OB,15m,holdout,0.6,776
10.0,0.167,531,0.488,1.6169,858.56,OB,15m,holdout,0.6,776
10.0,0.25,531,0.431,1.3109,696.1,OB,15m,holdout,0.6,776
10.0,0.5,531,0.35,0.033,17.54,OB,15m,holdout,0.6,776
10.0,1.0,531,0.292,-1.9781,-1050.36,OB,15m,holdout,0.6,776
2.0,0.083,530,0.651,1.163,616.4,OB,15m,holdout,0.625,776
2.0,0.125,530,0.617,0.8706,461.41,OB,15m,holdout,0.625,776
2.0,0.167,530,0.602,0.5323,282.13,OB,15m,holdout,0.625,776
2.0,0.25,530,0.57,-0.0548,-29.06,OB,15m,holdout,0.625,776
2.0,0.5,530,0.5,-1.3469,-713.85,OB,15m,holdout,0.625,776
2.0,1.0,530,0.374,-3.103,-1644.57,OB,15m,holdout,0.625,776
3.0,0.083,530,0.623,1.4316,758.75,OB,15m,holdout,0.625,776
3.0,0.125,530,0.575,1.194,632.79,OB,15m,holdout,0.625,776
3.0,0.167,530,0.553,0.8465,448.63,OB,15m,holdout,0.625,776
3.0,0.25,530,0.525,0.2256,119.57,OB,15m,holdout,0.625,776
3.0,0.5,530,0.474,-1.188,-629.65,OB,15m,holdout,0.625,776
3.0,1.0,530,0.438,-3.1196,-1653.37,OB,15m,holdout,0.625,776
4.0,0.083,530,0.608,1.5221,806.71,OB,15m,holdout,0.625,776
4.0,0.125,530,0.549,1.4264,755.97,OB,15m,holdout,0.625,776
4.0,0.167,530,0.521,1.1423,605.43,OB,15m,holdout,0.625,776
4.0,0.25,530,0.485,0.5609,297.3,OB,15m,holdout,0.625,776
4.0,0.5,530,0.428,-0.7781,-412.4,OB,15m,holdout,0.625,776
4.0,1.0,530,0.4,-2.7644,-1465.15,OB,15m,holdout,0.625,776
5.0,0.083,530,0.596,1.5734,833.9,OB,15m,holdout,0.625,776
5.0,0.125,530,0.538,1.6099,853.22,OB,15m,holdout,0.625,776
5.0,0.167,530,0.509,1.3687,725.42,OB,15m,holdout,0.625,776
5.0,0.25,530,0.464,0.7914,419.47,OB,15m,holdout,0.625,776
5.0,0.5,530,0.4,-0.4397,-233.05,OB,15m,holdout,0.625,776
5.0,1.0,530,0.366,-2.45,-1298.49,OB,15m,holdout,0.625,776
7.0,0.083,530,0.587,1.5594,826.48,OB,15m,holdout,0.625,776
7.0,0.125,530,0.521,1.7233,913.35,OB,15m,holdout,0.625,776
7.0,0.167,530,0.492,1.6077,852.07,OB,15m,holdout,0.625,776
7.0,0.25,530,0.442,1.1934,632.51,OB,15m,holdout,0.625,776
7.0,0.5,530,0.368,-0.0553,-29.31,OB,15m,holdout,0.625,776
7.0,1.0,530,0.325,-2.0523,-1087.69,OB,15m,holdout,0.625,776
10.0,0.083,530,0.585,1.5755,835.0,OB,15m,holdout,0.625,776
10.0,0.125,530,0.515,1.7419,923.21,OB,15m,holdout,0.625,776
10.0,0.167,530,0.487,1.6331,865.53,OB,15m,holdout,0.625,776
10.0,0.25,530,0.432,1.3295,704.62,OB,15m,holdout,0.625,776
10.0,0.5,530,0.349,0.0489,25.91,OB,15m,holdout,0.625,776
10.0,1.0,530,0.294,-1.953,-1035.08,OB,15m,holdout,0.625,776
2.0,0.083,528,0.653,1.0499,554.34,OB,15m,holdout,0.65,776
2.0,0.125,528,0.621,0.7689,406.0,OB,15m,holdout,0.65,776
2.0,0.167,528,0.597,0.4351,229.72,OB,15m,holdout,0.65,776
2.0,0.25,528,0.562,-0.1437,-75.87,OB,15m,holdout,0.65,776
2.0,0.5,528,0.483,-1.4247,-752.25,OB,15m,holdout,0.65,776
2.0,1.0,528,0.35,-3.1744,-1676.11,OB,15m,holdout,0.65,776
3.0,0.083,528,0.623,1.3459,710.62,OB,15m,holdout,0.65,776
3.0,0.125,528,0.576,1.1287,595.97,OB,15m,holdout,0.65,776
3.0,0.167,528,0.547,0.7853,414.64,OB,15m,holdout,0.65,776
3.0,0.25,528,0.517,0.1749,92.36,OB,15m,holdout,0.65,776
3.0,0.5,528,0.473,-1.2043,-635.85,OB,15m,holdout,0.65,776
3.0,1.0,528,0.436,-3.1219,-1648.39,OB,15m,holdout,0.65,776
4.0,0.083,528,0.608,1.4445,762.7,OB,15m,holdout,0.65,776
4.0,0.125,528,0.549,1.3306,702.54,OB,15m,holdout,0.65,776
4.0,0.167,528,0.517,1.0355,546.76,OB,15m,holdout,0.65,776
4.0,0.25,528,0.481,0.4848,255.95,OB,15m,holdout,0.65,776
4.0,0.5,528,0.426,-0.8756,-462.3,OB,15m,holdout,0.65,776
4.0,1.0,528,0.394,-2.8642,-1512.32,OB,15m,holdout,0.65,776
5.0,0.083,528,0.597,1.5028,793.48,OB,15m,holdout,0.65,776
5.0,0.125,528,0.538,1.5526,819.75,OB,15m,holdout,0.65,776
5.0,0.167,528,0.506,1.3008,686.8,OB,15m,holdout,0.65,776
5.0,0.25,528,0.458,0.7271,383.93,OB,15m,holdout,0.65,776
5.0,0.5,528,0.394,-0.5263,-277.87,OB,15m,holdout,0.65,776
5.0,1.0,528,0.362,-2.5582,-1350.71,OB,15m,holdout,0.65,776
7.0,0.083,528,0.587,1.5173,801.12,OB,15m,holdout,0.65,776
7.0,0.125,528,0.525,1.7117,903.79,OB,15m,holdout,0.65,776
7.0,0.167,528,0.492,1.6019,845.81,OB,15m,holdout,0.65,776
7.0,0.25,528,0.439,1.1876,627.03,OB,15m,holdout,0.65,776
7.0,0.5,528,0.366,-0.069,-36.43,OB,15m,holdout,0.65,776
7.0,1.0,528,0.324,-2.0516,-1083.23,OB,15m,holdout,0.65,776
10.0,0.083,528,0.585,1.5308,808.26,OB,15m,holdout,0.65,776
10.0,0.125,528,0.521,1.7286,912.72,OB,15m,holdout,0.65,776
10.0,0.167,528,0.487,1.6196,855.15,OB,15m,holdout,0.65,776
10.0,0.25,528,0.43,1.306,689.55,OB,15m,holdout,0.65,776
10.0,0.5,528,0.347,0.0061,3.23,OB,15m,holdout,0.65,776
10.0,1.0,528,0.295,-2.0368,-1075.41,OB,15m,holdout,0.65,776
2.0,0.083,527,0.655,1.0959,577.55,OB,15m,holdout,0.675,776
2.0,0.125,527,0.624,0.8322,438.55,OB,15m,holdout,0.675,776
2.0,0.167,527,0.6,0.5089,268.19,OB,15m,holdout,0.675,776
2.0,0.25,527,0.567,-0.073,-38.45,OB,15m,holdout,0.675,776
2.0,0.5,527,0.486,-1.3582,-715.78,OB,15m,holdout,0.675,776
2.0,1.0,527,0.349,-3.0895,-1628.17,OB,15m,holdout,0.675,776
3.0,0.083,527,0.622,1.3801,727.32,OB,15m,holdout,0.675,776
3.0,0.125,527,0.575,1.1787,621.17,OB,15m,holdout,0.675,776
3.0,0.167,527,0.546,0.8396,442.46,OB,15m,holdout,0.675,776
3.0,0.25,527,0.516,0.2174,114.58,OB,15m,holdout,0.675,776
3.0,0.5,527,0.474,-1.1477,-604.86,OB,15m,holdout,0.675,776
3.0,1.0,527,0.433,-3.056,-1610.51,OB,15m,holdout,0.675,776
4.0,0.083,527,0.613,1.5177,799.81,OB,15m,holdout,0.675,776
4.0,0.125,527,0.552,1.4433,760.6,OB,15m,holdout,0.675,776
4.0,0.167,527,0.52,1.1662,614.57,OB,15m,holdout,0.675,776
4.0,0.25,527,0.486,0.6125,322.77,OB,15m,holdout,0.675,776
4.0,0.5,527,0.433,-0.7292,-384.29,OB,15m,holdout,0.675,776
4.0,1.0,527,0.4,-2.7256,-1436.37,OB,15m,holdout,0.675,776
5.0,0.083,527,0.6,1.5779,831.54,OB,15m,holdout,0.675,776
5.0,0.125,527,0.539,1.649,869.04,OB,15m,holdout,0.675,776
5.0,0.167,527,0.507,1.4063,741.11,OB,15m,holdout,0.675,776
5.0,0.25,527,0.461,0.8191,431.65,OB,15m,holdout,0.675,776
5.0,0.5,527,0.398,-0.4191,-220.89,OB,15m,holdout,0.675,776
5.0,1.0,527,0.366,-2.4199,-1275.28,OB,15m,holdout,0.675,776
7.0,0.083,527,0.586,1.5587,821.46,OB,15m,holdout,0.675,776
7.0,0.125,527,0.522,1.7729,934.32,OB,15m,holdout,0.675,776
7.0,0.167,527,0.49,1.6869,889.01,OB,15m,holdout,0.675,776
7.0,0.25,527,0.438,1.2812,675.17,OB,15m,holdout,0.675,776
7.0,0.5,527,0.368,0.0321,16.92,OB,15m,holdout,0.675,776
7.0,1.0,527,0.324,-1.9123,-1007.79,OB,15m,holdout,0.675,776
10.0,0.083,527,0.584,1.575,830.0,OB,15m,holdout,0.675,776
10.0,0.125,527,0.518,1.7986,947.87,OB,15m,holdout,0.675,776
10.0,0.167,527,0.484,1.7194,906.14,OB,15m,holdout,0.675,776
10.0,0.25,527,0.429,1.4166,746.56,OB,15m,holdout,0.675,776
10.0,0.5,527,0.349,0.1441,75.96,OB,15m,holdout,0.675,776
10.0,1.0,527,0.294,-1.9627,-1034.33,OB,15m,holdout,0.675,776
2.0,0.083,526,0.656,1.0668,561.11,OB,15m,holdout,0.7,776
2.0,0.125,526,0.631,0.8095,425.8,OB,15m,holdout,0.7,776
2.0,0.167,526,0.605,0.4226,222.29,OB,15m,holdout,0.7,776
2.0,0.25,526,0.568,-0.1515,-79.67,OB,15m,holdout,0.7,776
2.0,0.5,526,0.481,-1.4314,-752.91,OB,15m,holdout,0.7,776
2.0,1.0,526,0.338,-3.1615,-1662.94,OB,15m,holdout,0.7,776
3.0,0.083,526,0.62,1.3485,709.3,OB,15m,holdout,0.7,776
3.0,0.125,526,0.578,1.1547,607.36,OB,15m,holdout,0.7,776
3.0,0.167,526,0.548,0.7482,393.55,OB,15m,holdout,0.7,776
3.0,0.25,526,0.515,0.1258,66.17,OB,15m,holdout,0.7,776
3.0,0.5,526,0.475,-1.2501,-657.54,OB,15m,holdout,0.7,776
3.0,1.0,526,0.435,-3.0906,-1625.67,OB,15m,holdout,0.7,776
4.0,0.083,526,0.614,1.598,840.54,OB,15m,holdout,0.7,776
4.0,0.125,526,0.559,1.5209,800.02,OB,15m,holdout,0.7,776
4.0,0.167,526,0.525,1.1621,611.28,OB,15m,holdout,0.7,776
4.0,0.25,526,0.489,0.581,305.63,OB,15m,holdout,0.7,776
4.0,0.5,526,0.435,-0.7964,-418.91,OB,15m,holdout,0.7,776
4.0,1.0,526,0.403,-2.7238,-1432.7,OB,15m,holdout,0.7,776
5.0,0.083,526,0.597,1.5759,828.9,OB,15m,holdout,0.7,776
5.0,0.125,526,0.54,1.6488,867.28,OB,15m,holdout,0.7,776
5.0,0.167,526,0.508,1.359,714.81,OB,15m,holdout,0.7,776
5.0,0.25,526,0.462,0.755,397.12,OB,15m,holdout,0.7,776
5.0,0.5,526,0.397,-0.5196,-273.32,OB,15m,holdout,0.7,776
5.0,1.0,526,0.367,-2.4714,-1299.93,OB,15m,holdout,0.7,776
7.0,0.083,526,0.584,1.5319,805.8,OB,15m,holdout,0.7,776
7.0,0.125,526,0.521,1.739,914.71,OB,15m,holdout,0.7,776
7.0,0.167,526,0.489,1.566,823.69,OB,15m,holdout,0.7,776
7.0,0.25,526,0.435,1.1096,583.65,OB,15m,holdout,0.7,776
7.0,0.5,526,0.363,-0.1584,-83.29,OB,15m,holdout,0.7,776
7.0,1.0,526,0.323,-2.0505,-1078.56,OB,15m,holdout,0.7,776
10.0,0.083,526,0.582,1.5535,817.16,OB,15m,holdout,0.7,776
10.0,0.125,526,0.517,1.7768,934.61,OB,15m,holdout,0.7,776
10.0,0.167,526,0.483,1.6244,854.43,OB,15m,holdout,0.7,776
10.0,0.25,526,0.426,1.2897,678.4,OB,15m,holdout,0.7,776
10.0,0.5,526,0.344,0.0101,5.32,OB,15m,holdout,0.7,776
10.0,1.0,526,0.293,-2.051,-1078.8,OB,15m,holdout,0.7,776
2.0,0.083,609,0.752,1.6286,991.84,OB,30m,train,0.3,1116
2.0,0.125,609,0.691,1.6374,997.18,OB,30m,train,0.3,1116
2.0,0.167,609,0.652,1.224,745.4,OB,30m,train,0.3,1116
2.0,0.25,609,0.594,0.6236,379.79,OB,30m,train,0.3,1116
2.0,0.5,609,0.498,-0.6595,-401.62,OB,30m,train,0.3,1116
2.0,1.0,609,0.384,-2.1932,-1335.63,OB,30m,train,0.3,1116
3.0,0.083,609,0.737,1.9159,1166.79,OB,30m,train,0.3,1116
3.0,0.125,609,0.668,2.229,1357.45,OB,30m,train,0.3,1116
3.0,0.167,609,0.619,1.6692,1016.56,OB,30m,train,0.3,1116
3.0,0.25,609,0.563,0.9305,566.68,OB,30m,train,0.3,1116
3.0,0.5,609,0.473,-0.6188,-376.83,OB,30m,train,0.3,1116
3.0,1.0,609,0.397,-2.2357,-1361.57,OB,30m,train,0.3,1116
4.0,0.083,609,0.736,2.0336,1238.47,OB,30m,train,0.3,1116
4.0,0.125,609,0.655,2.4779,1509.06,OB,30m,train,0.3,1116
4.0,0.167,609,0.606,1.9886,1211.09,OB,30m,train,0.3,1116
4.0,0.25,609,0.544,1.2688,772.67,OB,30m,train,0.3,1116
4.0,0.5,609,0.445,-0.2374,-144.59,OB,30m,train,0.3,1116
4.0,1.0,609,0.376,-1.9942,-1214.44,OB,30m,train,0.3,1116
5.0,0.083,609,0.729,2.0289,1235.62,OB,30m,train,0.3,1116
5.0,0.125,609,0.647,2.5584,1558.04,OB,30m,train,0.3,1116
5.0,0.167,609,0.596,2.1461,1306.95,OB,30m,train,0.3,1116
5.0,0.25,609,0.532,1.5499,943.86,OB,30m,train,0.3,1116
5.0,0.5,609,0.429,0.1131,68.88,OB,30m,train,0.3,1116
5.0,1.0,609,0.358,-1.5939,-970.66,OB,30m,train,0.3,1116
7.0,0.083,609,0.726,2.0713,1261.4,OB,30m,train,0.3,1116
7.0,0.125,609,0.642,2.6524,1615.32,OB,30m,train,0.3,1116
7.0,0.167,609,0.586,2.2263,1355.79,OB,30m,train,0.3,1116
7.0,0.25,609,0.517,1.699,1034.7,OB,30m,train,0.3,1116
7.0,0.5,609,0.412,0.4621,281.39,OB,30m,train,0.3,1116
7.0,1.0,609,0.338,-1.1002,-670.0,OB,30m,train,0.3,1116
10.0,0.083,609,0.726,2.0745,1263.39,OB,30m,train,0.3,1116
10.0,0.125,609,0.639,2.6551,1616.98,OB,30m,train,0.3,1116
10.0,0.167,609,0.578,2.2159,1349.51,OB,30m,train,0.3,1116
10.0,0.25,609,0.507,1.8121,1103.55,OB,30m,train,0.3,1116
10.0,0.5,609,0.399,0.8922,543.33,OB,30m,train,0.3,1116
10.0,1.0,609,0.315,-0.75,-456.78,OB,30m,train,0.3,1116
2.0,0.083,610,0.751,1.6488,1005.78,OB,30m,train,0.325,1116
2.0,0.125,610,0.689,1.5965,973.85,OB,30m,train,0.325,1116
2.0,0.167,610,0.656,1.2004,732.25,OB,30m,train,0.325,1116
2.0,0.25,610,0.595,0.5664,345.48,OB,30m,train,0.325,1116
2.0,0.5,610,0.502,-0.7381,-450.25,OB,30m,train,0.325,1116
2.0,1.0,610,0.384,-2.304,-1405.46,OB,30m,train,0.325,1116
3.0,0.083,610,0.734,1.9135,1167.24,OB,30m,train,0.325,1116
3.0,0.125,610,0.664,2.1407,1305.83,OB,30m,train,0.325,1116
3.0,0.167,610,0.621,1.5958,973.41,OB,30m,train,0.325,1116
3.0,0.25,610,0.564,0.8614,525.43,OB,30m,train,0.325,1116
3.0,0.5,610,0.475,-0.6896,-420.68,OB,30m,train,0.325,1116
3.0,1.0,610,0.395,-2.2913,-1397.71,OB,30m,train,0.325,1116
4.0,0.083,610,0.733,2.038,1243.17,OB,30m,train,0.325,1116
4.0,0.125,610,0.651,2.3746,1448.49,OB,30m,train,0.325,1116
4.0,0.167,610,0.61,1.9275,1175.8,OB,30m,train,0.325,1116
4.0,0.25,610,0.544,1.2242,746.77,OB,30m,train,0.325,1116
4.0,0.5,610,0.448,-0.2902,-177.04,OB,30m,train,0.325,1116
4.0,1.0,610,0.379,-1.9555,-1192.86,OB,30m,train,0.325,1116
5.0,0.083,610,0.726,2.038,1243.18,OB,30m,train,0.325,1116
5.0,0.125,610,0.644,2.5096,1530.88,OB,30m,train,0.325,1116
5.0,0.167,610,0.6,2.1161,1290.83,OB,30m,train,0.325,1116
5.0,0.25,610,0.534,1.5371,937.64,OB,30m,train,0.325,1116
5.0,0.5,610,0.433,0.0713,43.5,OB,30m,train,0.325,1116
5.0,1.0,610,0.362,-1.6407,-1000.8,OB,30m,train,0.325,1116
7.0,0.083,610,0.723,2.0829,1270.55,OB,30m,train,0.325,1116
7.0,0.125,610,0.638,2.5719,1568.86,OB,30m,train,0.325,1116
7.0,0.167,610,0.589,2.1612,1318.36,OB,30m,train,0.325,1116
7.0,0.25,610,0.516,1.6538,1008.81,OB,30m,train,0.325,1116
7.0,0.5,610,0.411,0.4423,269.82,OB,30m,train,0.325,1116
7.0,1.0,610,0.339,-1.1267,-687.31,OB,30m,train,0.325,1116
10.0,0.083,610,0.723,2.0859,1272.39,OB,30m,train,0.325,1116
10.0,0.125,610,0.634,2.5743,1570.35,OB,30m,train,0.325,1116
10.0,0.167,610,0.58,2.153,1313.34,OB,30m,train,0.325,1116
10.0,0.25,610,0.507,1.7751,1082.81,OB,30m,train,0.325,1116
10.0,0.5,610,0.398,0.9047,551.86,OB,30m,train,0.325,1116
10.0,1.0,610,0.318,-0.7221,-440.46,OB,30m,train,0.325,1116
2.0,0.083,613,0.747,1.5425,945.53,OB,30m,train,0.35,1116
2.0,0.125,613,0.69,1.4947,916.25,OB,30m,train,0.35,1116
2.0,0.167,613,0.654,1.0849,665.04,OB,30m,train,0.35,1116
2.0,0.25,613,0.597,0.4907,300.81,OB,30m,train,0.35,1116
2.0,0.5,613,0.499,-0.7685,-471.09,OB,30m,train,0.35,1116
2.0,1.0,613,0.392,-2.3153,-1419.25,OB,30m,train,0.35,1116
3.0,0.083,613,0.731,1.8102,1109.68,OB,30m,train,0.35,1116
3.0,0.125,613,0.662,1.9611,1202.18,OB,30m,train,0.35,1116
3.0,0.167,613,0.618,1.496,917.05,OB,30m,train,0.35,1116
3.0,0.25,613,0.566,0.8174,501.07,OB,30m,train,0.35,1116
3.0,0.5,613,0.476,-0.7009,-429.68,OB,30m,train,0.35,1116
3.0,1.0,613,0.398,-2.2708,-1392.02,OB,30m,train,0.35,1116
4.0,0.083,613,0.728,1.9141,1173.37,OB,30m,train,0.35,1116
4.0,0.125,613,0.648,2.1882,1341.34,OB,30m,train,0.35,1116
4.0,0.167,613,0.604,1.7957,1100.77,OB,30m,train,0.35,1116
4.0,0.25,613,0.545,1.1364,696.63,OB,30m,train,0.35,1116
4.0,0.5,613,0.449,-0.3691,-226.23,OB,30m,train,0.35,1116
4.0,1.0,613,0.38,-2.0223,-1239.67,OB,30m,train,0.35,1116
5.0,0.083,613,0.721,1.9266,1181.01,OB,30m,train,0.35,1116
5.0,0.125,613,0.641,2.3468,1438.6,OB,30m,train,0.35,1116
5.0,0.167,613,0.594,1.9799,1213.65,OB,30m,train,0.35,1116
5.0,0.25,613,0.533,1.4234,872.55,OB,30m,train,0.35,1116
5.0,0.5,613,0.431,-0.0492,-30.15,OB,30m,train,0.35,1116
5.0,1.0,613,0.364,-1.7339,-1062.9,OB,30m,train,0.35,1116
7.0,0.083,613,0.718,1.9716,1208.58,OB,30m,train,0.35,1116
7.0,0.125,613,0.635,2.411,1477.93,OB,30m,train,0.35,1116
7.0,0.167,613,0.582,2.0366,1248.44,OB,30m,train,0.35,1116
7.0,0.25,613,0.515,1.5594,955.91,OB,30m,train,0.35,1116
7.0,0.5,613,0.409,0.3305,202.6,OB,30m,train,0.35,1116
7.0,1.0,613,0.341,-1.2636,-774.56,OB,30m,train,0.35,1116
10.0,0.083,613,0.718,1.9746,1210.42,OB,30m,train,0.35,1116
10.0,0.125,613,0.631,2.4146,1480.15,OB,30m,train,0.35,1116
10.0,0.167,613,0.574,2.0316,1245.37,OB,30m,train,0.35,1116
10.0,0.25,613,0.506,1.6909,1036.54,OB,30m,train,0.35,1116
10.0,0.5,613,0.396,0.8202,502.8,OB,30m,train,0.35,1116
10.0,1.0,613,0.321,-0.7544,-462.47,OB,30m,train,0.35,1116
2.0,0.083,608,0.747,1.5159,921.69,OB,30m,train,0.375,1116
2.0,0.125,608,0.686,1.4259,866.92,OB,30m,train,0.375,1116
2.0,0.167,608,0.651,0.9484,576.63,OB,30m,train,0.375,1116
2.0,0.25,608,0.592,0.3591,218.36,OB,30m,train,0.375,1116
2.0,0.5,608,0.503,-0.8385,-509.8,OB,30m,train,0.375,1116
2.0,1.0,608,0.398,-2.3695,-1440.65,OB,30m,train,0.375,1116
3.0,0.083,608,0.727,1.7131,1041.54,OB,30m,train,0.375,1116
3.0,0.125,608,0.656,1.8286,1111.81,OB,30m,train,0.375,1116
3.0,0.167,608,0.613,1.278,777.03,OB,30m,train,0.375,1116
3.0,0.25,608,0.561,0.6465,393.06,OB,30m,train,0.375,1116
3.0,0.5,608,0.474,-0.8415,-511.64,OB,30m,train,0.375,1116
3.0,1.0,608,0.395,-2.3836,-1449.22,OB,30m,train,0.375,1116
4.0,0.083,608,0.724,1.8158,1103.99,OB,30m,train,0.375,1116
4.0,0.125,608,0.64,2.0245,1230.88,OB,30m,train,0.375,1116
4.0,0.167,608,0.599,1.6055,976.14,OB,30m,train,0.375,1116
4.0,0.25,608,0.539,0.9486,576.76,OB,30m,train,0.375,1116
4.0,0.5,608,0.446,-0.5176,-314.67,OB,30m,train,0.375,1116
4.0,1.0,608,0.38,-2.1549,-1310.2,OB,30m,train,0.375,1116
5.0,0.083,608,0.717,1.8365,1116.57,OB,30m,train,0.375,1116
5.0,0.125,608,0.633,2.1882,1330.4,OB,30m,train,0.375,1116
5.0,0.167,608,0.59,1.8193,1106.11,OB,30m,train,0.375,1116
5.0,0.25,608,0.531,1.2482,758.91,OB,30m,train,0.375,1116
5.0,0.5,608,0.431,-0.2338,-142.17,OB,30m,train,0.375,1116
5.0,1.0,608,0.363,-1.9523,-1187.01,OB,30m,train,0.375,1116
7.0,0.083,608,0.714,1.8731,1138.83,OB,30m,train,0.375,1116
7.0,0.125,608,0.627,2.2395,1361.64,OB,30m,train,0.375,1116
7.0,0.167,608,0.579,1.8579,1129.61,OB,30m,train,0.375,1116
7.0,0.25,608,0.512,1.3538,823.11,OB,30m,train,0.375,1116
7.0,0.5,608,0.408,0.0557,33.89,OB,30m,train,0.375,1116
7.0,1.0,608,0.339,-1.6338,-993.35,OB,30m,train,0.375,1116
10.0,0.083,608,0.714,1.8846,1145.85,OB,30m,train,0.375,1116
10.0,0.125,608,0.623,2.2567,1372.08,OB,30m,train,0.375,1116
10.0,0.167,608,0.571,1.8707,1137.41,OB,30m,train,0.375,1116
10.0,0.25,608,0.502,1.5154,921.39,OB,30m,train,0.375,1116
10.0,0.5,608,0.395,0.5924,360.21,OB,30m,train,0.375,1116
10.0,1.0,608,0.319,-1.0799,-656.56,OB,30m,train,0.375,1116
2.0,0.083,607,0.746,1.4708,892.75,OB,30m,train,0.4,1116
2.0,0.125,607,0.685,1.3036,791.27,OB,30m,train,0.4,1116
2.0,0.167,607,0.654,0.935,567.53,OB,30m,train,0.4,1116
2.0,0.25,607,0.59,0.2501,151.81,OB,30m,train,0.4,1116
2.0,0.5,607,0.509,-0.876,-531.72,OB,30m,train,0.4,1116
2.0,1.0,607,0.394,-2.3967,-1454.78,OB,30m,train,0.4,1116
3.0,0.083,607,0.727,1.6665,1011.55,OB,30m,train,0.4,1116
3.0,0.125,607,0.656,1.7443,1058.78,OB,30m,train,0.4,1116
3.0,0.167,607,0.613,1.24,752.69,OB,30m,train,0.4,1116
3.0,0.25,607,0.557,0.4443,269.68,OB,30m,train,0.4,1116
3.0,0.5,607,0.471,-0.9427,-572.19,OB,30m,train,0.4,1116
3.0,1.0,607,0.392,-2.482,-1506.57,OB,30m,train,0.4,1116
4.0,0.083,607,0.72,1.7216,1045.01,OB,30m,train,0.4,1116
4.0,0.125,607,0.643,1.9574,1188.17,OB,30m,train,0.4,1116
4.0,0.167,607,0.601,1.5808,959.52,OB,30m,train,0.4,1116
4.0,0.25,607,0.539,0.7535,457.4,OB,30m,train,0.4,1116
4.0,0.5,607,0.446,-0.5883,-357.1,OB,30m,train,0.4,1116
4.0,1.0,607,0.381,-2.22,-1347.53,OB,30m,train,0.4,1116
5.0,0.083,607,0.713,1.7527,1063.87,OB,30m,train,0.4,1116
5.0,0.125,607,0.633,2.1346,1295.71,OB,30m,train,0.4,1116
5.0,0.167,607,0.591,1.8068,1096.73,OB,30m,train,0.4,1116
5.0,0.25,607,0.529,1.0675,647.95,OB,30m,train,0.4,1116
5.0,0.5,607,0.432,-0.2938,-178.34,OB,30m,train,0.4,1116
5.0,1.0,607,0.364,-2.0153,-1223.31,OB,30m,train,0.4,1116
7.0,0.083,607,0.71,1.7882,1085.42,OB,30m,train,0.4,1116
7.0,0.125,607,0.626,2.1956,1332.75,OB,30m,train,0.4,1116
7.0,0.167,607,0.58,1.8583,1128.01,OB,30m,train,0.4,1116
7.0,0.25,607,0.509,1.1914,723.2,OB,30m,train,0.4,1116
7.0,0.5,607,0.407,0.0072,4.34,OB,30m,train,0.4,1116
7.0,1.0,607,0.338,-1.674,-1016.12,OB,30m,train,0.4,1116
10.0,0.083,607,0.71,1.7996,1092.37,OB,30m,train,0.4,1116
10.0,0.125,607,0.623,2.2103,1341.66,OB,30m,train,0.4,1116
10.0,0.167,607,0.572,1.8646,1131.8,OB,30m,train,0.4,1116
10.0,0.25,607,0.499,1.3407,813.83,OB,30m,train,0.4,1116
10.0,0.5,607,0.394,0.5103,309.74,OB,30m,train,0.4,1116
10.0,1.0,607,0.318,-1.1722,-711.51,OB,30m,train,0.4,1116
2.0,0.083,602,0.748,1.503,904.8,OB,30m,train,0.425,1116
2.0,0.125,602,0.693,1.3567,816.74,OB,30m,train,0.425,1116
2.0,0.167,602,0.659,0.9798,589.81,OB,30m,train,0.425,1116
2.0,0.25,602,0.595,0.3191,192.12,OB,30m,train,0.425,1116
2.0,0.5,602,0.515,-0.7926,-477.16,OB,30m,train,0.425,1116
2.0,1.0,602,0.397,-2.3172,-1394.98,OB,30m,train,0.425,1116
3.0,0.083,602,0.728,1.7277,1040.05,OB,30m,train,0.425,1116
3.0,0.125,602,0.663,1.811,1090.2,OB,30m,train,0.425,1116
3.0,0.167,602,0.623,1.3132,790.53,OB,30m,train,0.425,1116
3.0,0.25,602,0.56,0.4908,295.45,OB,30m,train,0.425,1116
3.0,0.5,602,0.473,-0.8813,-530.53,OB,30m,train,0.425,1116
3.0,1.0,602,0.395,-2.4259,-1460.4,OB,30m,train,0.425,1116
4.0,0.083,602,0.721,1.7736,1067.71,OB,30m,train,0.425,1116
4.0,0.125,602,0.65,2.0671,1244.37,OB,30m,train,0.425,1116
4.0,0.167,602,0.611,1.6792,1010.88,OB,30m,train,0.425,1116
4.0,0.25,602,0.545,0.8589,517.08,OB,30m,train,0.425,1116
4.0,0.5,602,0.45,-0.505,-304.03,OB,30m,train,0.425,1116
4.0,1.0,602,0.382,-2.1555,-1297.59,OB,30m,train,0.425,1116
5.0,0.083,602,0.716,1.8352,1104.76,OB,30m,train,0.425,1116
5.0,0.125,602,0.643,2.2677,1365.15,OB,30m,train,0.425,1116
5.0,0.167,602,0.603,1.9159,1153.36,OB,30m,train,0.425,1116
5.0,0.25,602,0.533,1.121,674.82,OB,30m,train,0.425,1116
5.0,0.5,602,0.435,-0.2102,-126.53,OB,30m,train,0.425,1116
5.0,1.0,602,0.367,-1.9151,-1152.91,OB,30m,train,0.425,1116
7.0,0.083,602,0.711,1.8398,1107.56,OB,30m,train,0.425,1116
7.0,0.125,602,0.635,2.3258,1400.13,OB,30m,train,0.425,1116
7.0,0.167,602,0.59,1.9809,1192.53,OB,30m,train,0.425,1116
7.0,0.25,602,0.512,1.272,765.75,OB,30m,train,0.425,1116
7.0,0.5,602,0.407,0.0981,59.03,OB,30m,train,0.425,1116
7.0,1.0,602,0.337,-1.6007,-963.61,OB,30m,train,0.425,1116
10.0,0.083,602,0.711,1.8524,1115.12,OB,30m,train,0.425,1116
10.0,0.125,602,0.631,2.3348,1405.57,OB,30m,train,0.425,1116
10.0,0.167,602,0.581,1.9772,1190.3,OB,30m,train,0.425,1116
10.0,0.25,602,0.502,1.4064,846.64,OB,30m,train,0.425,1116
10.0,0.5,602,0.394,0.578,347.98,OB,30m,train,0.425,1116
10.0,1.0,602,0.317,-1.1115,-669.11,OB,30m,train,0.425,1116
2.0,0.083,605,0.742,1.4605,883.58,OB,30m,train,0.45,1116
2.0,0.125,605,0.689,1.3111,793.24,OB,30m,train,0.45,1116
2.0,0.167,605,0.653,1.0033,607.0,OB,30m,train,0.45,1116
2.0,0.25,605,0.597,0.2812,170.13,OB,30m,train,0.45,1116
2.0,0.5,605,0.514,-0.8227,-497.76,OB,30m,train,0.45,1116
2.0,1.0,605,0.393,-2.3431,-1417.56,OB,30m,train,0.45,1116
3.0,0.083,605,0.721,1.6824,1017.86,OB,30m,train,0.45,1116
3.0,0.125,605,0.66,1.745,1055.71,OB,30m,train,0.45,1116
3.0,0.167,605,0.618,1.4001,847.07,OB,30m,train,0.45,1116
3.0,0.25,605,0.564,0.548,331.52,OB,30m,train,0.45,1116
3.0,0.5,605,0.481,-0.8,-484.02,OB,30m,train,0.45,1116
3.0,1.0,605,0.402,-2.3302,-1409.75,OB,30m,train,0.45,1116
4.0,0.083,605,0.712,1.7157,1037.98,OB,30m,train,0.45,1116
4.0,0.125,605,0.641,1.9892,1203.48,OB,30m,train,0.45,1116
4.0,0.167,605,0.6,1.6643,1006.91,OB,30m,train,0.45,1116
4.0,0.25,605,0.54,0.7895,477.67,OB,30m,train,0.45,1116
4.0,0.5,605,0.45,-0.5829,-352.63,OB,30m,train,0.45,1116
4.0,1.0,605,0.383,-2.1908,-1325.41,OB,30m,train,0.45,1116
5.0,0.083,605,0.709,1.7899,1082.91,OB,30m,train,0.45,1116
5.0,0.125,605,0.636,2.1982,1329.89,OB,30m,train,0.45,1116
5.0,0.167,605,0.592,1.9074,1153.98,OB,30m,train,0.45,1116
5.0,0.25,605,0.529,1.062,642.53,OB,30m,train,0.45,1116
5.0,0.5,605,0.435,-0.284,-171.82,OB,30m,train,0.45,1116
5.0,1.0,605,0.369,-1.9505,-1180.07,OB,30m,train,0.45,1116
7.0,0.083,605,0.702,1.7793,1076.5,OB,30m,train,0.45,1116
7.0,0.125,605,0.626,2.2425,1356.72,OB,30m,train,0.45,1116
7.0,0.167,605,0.58,1.9567,1183.78,OB,30m,train,0.45,1116
7.0,0.25,605,0.507,1.1933,721.93,OB,30m,train,0.45,1116
7.0,0.5,605,0.405,0.0004,0.21,OB,30m,train,0.45,1116
7.0,1.0,605,0.337,-1.7247,-1043.43,OB,30m,train,0.45,1116
10.0,0.083,605,0.702,1.7971,1087.23,OB,30m,train,0.45,1116
10.0,0.125,605,0.623,2.2641,1369.77,OB,30m,train,0.45,1116
10.0,0.167,605,0.572,1.9728,1193.52,OB,30m,train,0.45,1116
10.0,0.25,605,0.498,1.3514,817.57,OB,30m,train,0.45,1116
10.0,0.5,605,0.392,0.4963,300.28,OB,30m,train,0.45,1116
10.0,1.0,605,0.316,-1.1876,-718.49,OB,30m,train,0.45,1116
2.0,0.083,604,0.743,1.4683,886.88,OB,30m,train,0.475,1116
2.0,0.125,604,0.687,1.3297,803.16,OB,30m,train,0.475,1116
2.0,0.167,604,0.651,1.0157,613.46,OB,30m,train,0.475,1116
2.0,0.25,604,0.593,0.2587,156.28,OB,30m,train,0.475,1116
2.0,0.5,604,0.508,-0.8798,-531.37,OB,30m,train,0.475,1116
2.0,1.0,604,0.386,-2.4272,-1466.04,OB,30m,train,0.475,1116
3.0,0.083,604,0.722,1.6794,1014.33,OB,30m,train,0.475,1116
3.0,0.125,604,0.661,1.7665,1066.97,OB,30m,train,0.475,1116
3.0,0.167,604,0.623,1.431,864.34,OB,30m,train,0.475,1116
3.0,0.25,604,0.566,0.5659,341.79,OB,30m,train,0.475,1116
3.0,0.5,604,0.482,-0.7666,-463.03,OB,30m,train,0.475,1116
3.0,1.0,604,0.401,-2.2903,-1383.33,OB,30m,train,0.475,1116
4.0,0.083,604,0.712,1.7196,1038.63,OB,30m,train,0.475,1116
4.0,0.125,604,0.641,1.9421,1173.05,OB,30m,train,0.475,1116
4.0,0.167,604,0.599,1.5944,963.02,OB,30m,train,0.475,1116
4.0,0.25,604,0.535,0.6805,411.0,OB,30m,train,0.475,1116
4.0,0.5,604,0.442,-0.7343,-443.51,OB,30m,train,0.475,1116
4.0,1.0,604,0.377,-2.3305,-1407.64,OB,30m,train,0.475,1116
5.0,0.083,604,0.709,1.7701,1069.13,OB,30m,train,0.475,1116
5.0,0.125,604,0.636,2.1526,1300.18,OB,30m,train,0.475,1116
5.0,0.167,604,0.591,1.847,1115.57,OB,30m,train,0.475,1116
5.0,0.25,604,0.523,0.9679,584.6,OB,30m,train,0.475,1116
5.0,0.5,604,0.429,-0.4288,-259.02,OB,30m,train,0.475,1116
5.0,1.0,604,0.364,-2.058,-1243.01,OB,30m,train,0.475,1116
7.0,0.083,604,0.7,1.7449,1053.94,OB,30m,train,0.475,1116
7.0,0.125,604,0.624,2.1699,1310.65,OB,30m,train,0.475,1116
7.0,0.167,604,0.579,1.9103,1153.8,OB,30m,train,0.475,1116
7.0,0.25,604,0.502,1.121,677.07,OB,30m,train,0.475,1116
7.0,0.5,604,0.401,-0.1227,-74.09,OB,30m,train,0.475,1116
7.0,1.0,604,0.338,-1.7973,-1085.54,OB,30m,train,0.475,1116
10.0,0.083,604,0.7,1.7633,1065.01,OB,30m,train,0.475,1116
10.0,0.125,604,0.623,2.2206,1341.27,OB,30m,train,0.475,1116
10.0,0.167,604,0.573,1.9577,1182.42,OB,30m,train,0.475,1116
10.0,0.25,604,0.493,1.3104,791.46,OB,30m,train,0.475,1116
10.0,0.5,604,0.389,0.4033,243.6,OB,30m,train,0.475,1116
10.0,1.0,604,0.315,-1.2946,-781.92,OB,30m,train,0.475,1116
2.0,0.083,599,0.745,1.401,839.17,OB,30m,train,0.5,1116
2.0,0.125,599,0.694,1.2606,755.13,OB,30m,train,0.5,1116
2.0,0.167,599,0.656,0.9416,564.01,OB,30m,train,0.5,1116
2.0,0.25,599,0.596,0.1635,97.95,OB,30m,train,0.5,1116
2.0,0.5,599,0.518,-0.9717,-582.02,OB,30m,train,0.5,1116
2.0,1.0,599,0.382,-2.5036,-1499.67,OB,30m,train,0.5,1116
3.0,0.083,599,0.725,1.6159,967.92,OB,30m,train,0.5,1116
3.0,0.125,599,0.666,1.6454,985.58,OB,30m,train,0.5,1116
3.0,0.167,599,0.626,1.303,780.5,OB,30m,train,0.5,1116
3.0,0.25,599,0.571,0.4879,292.24,OB,30m,train,0.5,1116
3.0,0.5,599,0.489,-0.8285,-496.27,OB,30m,train,0.5,1116
3.0,1.0,599,0.406,-2.3398,-1401.52,OB,30m,train,0.5,1116
4.0,0.083,599,0.716,1.7181,1029.14,OB,30m,train,0.5,1116
4.0,0.125,599,0.651,1.916,1147.67,OB,30m,train,0.5,1116
4.0,0.167,599,0.609,1.5713,941.21,OB,30m,train,0.5,1116
4.0,0.25,599,0.543,0.6477,387.95,OB,30m,train,0.5,1116
4.0,0.5,599,0.452,-0.7559,-452.8,OB,30m,train,0.5,1116
4.0,1.0,599,0.382,-2.3483,-1406.64,OB,30m,train,0.5,1116
5.0,0.083,599,0.711,1.7339,1038.6,OB,30m,train,0.5,1116
5.0,0.125,599,0.643,2.0758,1243.39,OB,30m,train,0.5,1116
5.0,0.167,599,0.598,1.7635,1056.36,OB,30m,train,0.5,1116
5.0,0.25,599,0.528,0.8472,507.48,OB,30m,train,0.5,1116
5.0,0.5,599,0.436,-0.5469,-327.61,OB,30m,train,0.5,1116
5.0,1.0,599,0.367,-2.2087,-1322.99,OB,30m,train,0.5,1116
7.0,0.083,599,0.703,1.718,1029.07,OB,30m,train,0.5,1116
7.0,0.125,599,0.631,2.1145,1266.57,OB,30m,train,0.5,1116
7.0,0.167,599,0.586,1.8665,1118.04,OB,30m,train,0.5,1116
7.0,0.25,599,0.506,1.069,640.34,OB,30m,train,0.5,1116
7.0,0.5,599,0.409,-0.1833,-109.79,OB,30m,train,0.5,1116
7.0,1.0,599,0.339,-1.8919,-1133.23,OB,30m,train,0.5,1116
10.0,0.083,599,0.703,1.7354,1039.52,OB,30m,train,0.5,1116
10.0,0.125,599,0.629,2.1626,1295.39,OB,30m,train,0.5,1116
10.0,0.167,599,0.579,1.9088,1143.36,OB,30m,train,0.5,1116
10.0,0.25,599,0.497,1.2552,751.86,OB,30m,train,0.5,1116
10.0,0.5,599,0.397,0.3338,199.95,OB,30m,train,0.5,1116
10.0,1.0,599,0.316,-1.4129,-846.32,OB,30m,train,0.5,1116
2.0,0.083,598,0.742,1.4039,839.51,OB,30m,train,0.525,1116
2.0,0.125,598,0.694,1.2946,774.16,OB,30m,train,0.525,1116
2.0,0.167,598,0.664,0.9541,570.56,OB,30m,train,0.525,1116
2.0,0.25,598,0.604,0.2051,122.63,OB,30m,train,0.525,1116
2.0,0.5,598,0.527,-0.9518,-569.15,OB,30m,train,0.525,1116
2.0,1.0,598,0.38,-2.4902,-1489.15,OB,30m,train,0.525,1116
3.0,0.083,598,0.722,1.6194,968.38,OB,30m,train,0.525,1116
3.0,0.125,598,0.662,1.6358,978.21,OB,30m,train,0.525,1116
3.0,0.167,598,0.629,1.2756,762.82,OB,30m,train,0.525,1116
3.0,0.25,598,0.572,0.5053,302.15,OB,30m,train,0.525,1116
3.0,0.5,598,0.487,-0.7272,-434.84,OB,30m,train,0.525,1116
3.0,1.0,598,0.406,-2.2528,-1347.15,OB,30m,train,0.525,1116
4.0,0.083,598,0.712,1.7093,1022.18,OB,30m,train,0.525,1116
4.0,0.125,598,0.645,1.908,1141.01,OB,30m,train,0.525,1116
4.0,0.167,598,0.61,1.5364,918.76,OB,30m,train,0.525,1116
4.0,0.25,598,0.543,0.6074,363.23,OB,30m,train,0.525,1116
4.0,0.5,598,0.455,-0.7307,-436.97,OB,30m,train,0.525,1116
4.0,1.0,598,0.383,-2.346,-1402.9,OB,30m,train,0.525,1116
5.0,0.083,598,0.707,1.7256,1031.92,OB,30m,train,0.525,1116
5.0,0.125,598,0.637,2.074,1240.23,OB,30m,train,0.525,1116
5.0,0.167,598,0.599,1.7458,1043.98,OB,30m,train,0.525,1116
5.0,0.25,598,0.528,0.8472,506.61,OB,30m,train,0.525,1116
5.0,0.5,598,0.438,-0.501,-299.58,OB,30m,train,0.525,1116
5.0,1.0,598,0.365,-2.2024,-1317.04,OB,30m,train,0.525,1116
7.0,0.083,598,0.699,1.7138,1024.83,OB,30m,train,0.525,1116
7.0,0.125,598,0.625,2.1177,1266.39,OB,30m,train,0.525,1116
7.0,0.167,598,0.587,1.8513,1107.06,OB,30m,train,0.525,1116
7.0,0.25,598,0.507,1.0698,639.74,OB,30m,train,0.525,1116
7.0,0.5,598,0.413,-0.1106,-66.14,OB,30m,train,0.525,1116
7.0,1.0,598,0.338,-1.8704,-1118.47,OB,30m,train,0.525,1116
10.0,0.083,598,0.699,1.7311,1035.21,OB,30m,train,0.525,1116
10.0,0.125,598,0.624,2.1639,1293.98,OB,30m,train,0.525,1116
10.0,0.167,598,0.58,1.8986,1135.34,OB,30m,train,0.525,1116
10.0,0.25,598,0.498,1.2693,759.05,OB,30m,train,0.525,1116
10.0,0.5,598,0.403,0.4087,244.41,OB,30m,train,0.525,1116
10.0,1.0,598,0.316,-1.3605,-813.6,OB,30m,train,0.525,1116
2.0,0.083,594,0.742,1.4908,885.52,OB,30m,train,0.55,1116
2.0,0.125,594,0.695,1.3744,816.38,OB,30m,train,0.55,1116
2.0,0.167,594,0.667,1.0435,619.84,OB,30m,train,0.55,1116
2.0,0.25,594,0.608,0.3571,212.13,OB,30m,train,0.55,1116
2.0,0.5,594,0.529,-0.7714,-458.2,OB,30m,train,0.55,1116
2.0,1.0,594,0.389,-2.2898,-1360.16,OB,30m,train,0.55,1116
3.0,0.083,594,0.721,1.637,972.35,OB,30m,train,0.55,1116
3.0,0.125,594,0.657,1.5662,930.32,OB,30m,train,0.55,1116
3.0,0.167,594,0.628,1.2038,715.07,OB,30m,train,0.55,1116
3.0,0.25,594,0.567,0.4271,253.72,OB,30m,train,0.55,1116
3.0,0.5,594,0.485,-0.7866,-467.23,OB,30m,train,0.55,1116
3.0,1.0,594,0.401,-2.3057,-1369.56,OB,30m,train,0.55,1116
4.0,0.083,594,0.712,1.7648,1048.3,OB,30m,train,0.55,1116
4.0,0.125,594,0.643,1.8491,1098.37,OB,30m,train,0.55,1116
4.0,0.167,594,0.609,1.4609,867.77,OB,30m,train,0.55,1116
4.0,0.25,594,0.544,0.655,389.05,OB,30m,train,0.55,1116
4.0,0.5,594,0.458,-0.7096,-421.49,OB,30m,train,0.55,1116
4.0,1.0,594,0.382,-2.3268,-1382.09,OB,30m,train,0.55,1116
5.0,0.083,594,0.705,1.7625,1046.92,OB,30m,train,0.55,1116
5.0,0.125,594,0.633,2.0081,1192.81,OB,30m,train,0.55,1116
5.0,0.167,594,0.599,1.6873,1002.25,OB,30m,train,0.55,1116
5.0,0.25,594,0.529,0.8879,527.4,OB,30m,train,0.55,1116
5.0,0.5,594,0.439,-0.4402,-261.46,OB,30m,train,0.55,1116
5.0,1.0,594,0.367,-2.0994,-1247.07,OB,30m,train,0.55,1116
7.0,0.083,594,0.697,1.7678,1050.06,OB,30m,train,0.55,1116
7.0,0.125,594,0.621,2.0765,1233.46,OB,30m,train,0.55,1116
7.0,0.167,594,0.584,1.7964,1067.04,OB,30m,train,0.55,1116
7.0,0.25,594,0.505,1.0952,650.54,OB,30m,train,0.55,1116
7.0,0.5,594,0.412,-0.1312,-77.93,OB,30m,train,0.55,1116
7.0,1.0,594,0.342,-1.8867,-1120.71,OB,30m,train,0.55,1116
10.0,0.083,594,0.697,1.7853,1060.48,OB,30m,train,0.55,1116
10.0,0.125,594,0.618,2.1089,1252.66,OB,30m,train,0.55,1116
10.0,0.167,594,0.576,1.8317,1088.01,OB,30m,train,0.55,1116
10.0,0.25,594,0.495,1.2916,767.24,OB,30m,train,0.55,1116
10.0,0.5,594,0.401,0.3923,233.03,OB,30m,train,0.55,1116
10.0,1.0,594,0.318,-1.3563,-805.65,OB,30m,train,0.55,1116
2.0,0.083,596,0.74,1.3541,807.05,OB,30m,train,0.575,1116
2.0,0.125,596,0.69,1.2241,729.59,OB,30m,train,0.575,1116
2.0,0.167,596,0.661,0.9079,541.09,OB,30m,train,0.575,1116
2.0,0.25,596,0.606,0.2559,152.51,OB,30m,train,0.575,1116
2.0,0.5,596,0.527,-0.8901,-530.51,OB,30m,train,0.575,1116
2.0,1.0,596,0.388,-2.404,-1432.8,OB,30m,train,0.575,1116
3.0,0.083,596,0.718,1.5177,904.54,OB,30m,train,0.575,1116
3.0,0.125,596,0.653,1.4507,864.62,OB,30m,train,0.575,1116
3.0,0.167,596,0.622,1.1104,661.82,OB,30m,train,0.575,1116
3.0,0.25,596,0.57,0.3569,212.73,OB,30m,train,0.575,1116
3.0,0.5,596,0.487,-0.8766,-522.43,OB,30m,train,0.575,1116
3.0,1.0,596,0.399,-2.4007,-1430.8,OB,30m,train,0.575,1116
4.0,0.083,596,0.71,1.6365,975.37,OB,30m,train,0.575,1116
4.0,0.125,596,0.638,1.7135,1021.26,OB,30m,train,0.575,1116
4.0,0.167,596,0.604,1.3399,798.6,OB,30m,train,0.575,1116
4.0,0.25,596,0.547,0.5511,328.43,OB,30m,train,0.575,1116
4.0,0.5,596,0.463,-0.8327,-496.28,OB,30m,train,0.575,1116
4.0,1.0,596,0.386,-2.4546,-1462.92,OB,30m,train,0.575,1116
5.0,0.083,596,0.703,1.6534,985.43,OB,30m,train,0.575,1116
5.0,0.125,596,0.629,1.885,1123.49,OB,30m,train,0.575,1116
5.0,0.167,596,0.594,1.5808,942.13,OB,30m,train,0.575,1116
5.0,0.25,596,0.532,0.7989,476.13,OB,30m,train,0.575,1116
5.0,0.5,596,0.44,-0.5586,-332.9,OB,30m,train,0.575,1116
5.0,1.0,596,0.367,-2.1911,-1305.92,OB,30m,train,0.575,1116
7.0,0.083,596,0.693,1.6383,976.41,OB,30m,train,0.575,1116
7.0,0.125,596,0.616,1.9465,1160.13,OB,30m,train,0.575,1116
7.0,0.167,596,0.577,1.6821,1002.54,OB,30m,train,0.575,1116
7.0,0.25,596,0.507,0.9839,586.41,OB,30m,train,0.575,1116
7.0,0.5,596,0.411,-0.2994,-178.46,OB,30m,train,0.575,1116
7.0,1.0,596,0.337,-2.0662,-1231.47,OB,30m,train,0.575,1116
10.0,0.083,596,0.693,1.657,987.58,OB,30m,train,0.575,1116
10.0,0.125,596,0.614,1.9857,1183.5,OB,30m,train,0.575,1116
10.0,0.167,596,0.57,1.754,1045.38,OB,30m,train,0.575,1116
10.0,0.25,596,0.498,1.2115,722.05,OB,30m,train,0.575,1116
10.0,0.5,596,0.401,0.2503,149.15,OB,30m,train,0.575,1116
10.0,1.0,596,0.315,-1.5603,-929.93,OB,30m,train,0.575,1116
2.0,0.083,596,0.737,1.3403,798.85,OB,30m,train,0.6,1116
2.0,0.125,596,0.69,1.2033,717.18,OB,30m,train,0.6,1116
2.0,0.167,596,0.663,0.9014,537.21,OB,30m,train,0.6,1116
2.0,0.25,596,0.607,0.2899,172.76,OB,30m,train,0.6,1116
2.0,0.5,596,0.53,-0.8429,-502.35,OB,30m,train,0.6,1116
2.0,1.0,596,0.393,-2.3524,-1402.04,OB,30m,train,0.6,1116
3.0,0.083,596,0.718,1.5859,945.22,OB,30m,train,0.6,1116
3.0,0.125,596,0.656,1.4981,892.86,OB,30m,train,0.6,1116
3.0,0.167,596,0.629,1.2328,734.75,OB,30m,train,0.6,1116
3.0,0.25,596,0.574,0.4873,290.4,OB,30m,train,0.6,1116
3.0,0.5,596,0.495,-0.7437,-443.23,OB,30m,train,0.6,1116
3.0,1.0,596,0.404,-2.2913,-1365.61,OB,30m,train,0.6,1116
4.0,0.083,596,0.706,1.6748,998.19,OB,30m,train,0.6,1116
4.0,0.125,596,0.636,1.7521,1044.25,OB,30m,train,0.6,1116
4.0,0.167,596,0.604,1.3999,834.34,OB,30m,train,0.6,1116
4.0,0.25,596,0.547,0.617,367.76,OB,30m,train,0.6,1116
4.0,0.5,596,0.466,-0.7063,-420.93,OB,30m,train,0.6,1116
4.0,1.0,596,0.388,-2.321,-1383.32,OB,30m,train,0.6,1116
5.0,0.083,596,0.698,1.6657,992.77,OB,30m,train,0.6,1116
5.0,0.125,596,0.626,1.8946,1129.21,OB,30m,train,0.6,1116
5.0,0.167,596,0.592,1.6077,958.18,OB,30m,train,0.6,1116
5.0,0.25,596,0.532,0.8246,491.44,OB,30m,train,0.6,1116
5.0,0.5,596,0.44,-0.551,-328.39,OB,30m,train,0.6,1116
5.0,1.0,596,0.369,-2.1837,-1301.49,OB,30m,train,0.6,1116
7.0,0.083,596,0.688,1.6493,982.96,OB,30m,train,0.6,1116
7.0,0.125,596,0.612,1.9443,1158.8,OB,30m,train,0.6,1116
7.0,0.167,596,0.576,1.6865,1005.16,OB,30m,train,0.6,1116
7.0,0.25,596,0.507,0.9664,575.96,OB,30m,train,0.6,1116
7.0,0.5,596,0.411,-0.316,-188.32,OB,30m,train,0.6,1116
7.0,1.0,596,0.336,-2.0835,-1241.76,OB,30m,train,0.6,1116
10.0,0.083,596,0.688,1.6673,993.7,OB,30m,train,0.6,1116
10.0,0.125,596,0.611,1.9856,1183.41,OB,30m,train,0.6,1116
10.0,0.167,596,0.569,1.7633,1050.92,OB,30m,train,0.6,1116
10.0,0.25,596,0.498,1.2058,718.68,OB,30m,train,0.6,1116
10.0,0.5,596,0.401,0.2382,141.98,OB,30m,train,0.6,1116
10.0,1.0,596,0.314,-1.5346,-914.61,OB,30m,train,0.6,1116
2.0,0.083,595,0.729,1.3935,829.13,OB,30m,train,0.625,1116
2.0,0.125,595,0.684,1.1389,677.67,OB,30m,train,0.625,1116
2.0,0.167,595,0.654,0.8596,511.45,OB,30m,train,0.625,1116
2.0,0.25,595,0.603,0.266,158.25,OB,30m,train,0.625,1116
2.0,0.5,595,0.529,-0.8464,-503.58,OB,30m,train,0.625,1116
2.0,1.0,595,0.388,-2.3509,-1398.77,OB,30m,train,0.625,1116
3.0,0.083,595,0.716,1.6978,1010.19,OB,30m,train,0.625,1116
3.0,0.125,595,0.655,1.5148,901.31,OB,30m,train,0.625,1116
3.0,0.167,595,0.624,1.2254,729.1,OB,30m,train,0.625,1116
3.0,0.25,595,0.571,0.5227,311.03,OB,30m,train,0.625,1116
3.0,0.5,595,0.501,-0.6159,-366.47,OB,30m,train,0.625,1116
3.0,1.0,595,0.412,-2.1486,-1278.4,OB,30m,train,0.625,1116
4.0,0.083,595,0.701,1.7758,1056.62,OB,30m,train,0.625,1116
4.0,0.125,595,0.634,1.7746,1055.88,OB,30m,train,0.625,1116
4.0,0.167,595,0.598,1.4126,840.47,OB,30m,train,0.625,1116
4.0,0.25,595,0.546,0.6995,416.22,OB,30m,train,0.625,1116
4.0,0.5,595,0.472,-0.5943,-353.58,OB,30m,train,0.625,1116
4.0,1.0,595,0.392,-2.1962,-1306.72,OB,30m,train,0.625,1116
5.0,0.083,595,0.692,1.7304,1029.61,OB,30m,train,0.625,1116
5.0,0.125,595,0.622,1.8746,1115.36,OB,30m,train,0.625,1116
5.0,0.167,595,0.587,1.582,941.31,OB,30m,train,0.625,1116
5.0,0.25,595,0.531,0.8174,486.35,OB,30m,train,0.625,1116
5.0,0.5,595,0.442,-0.5981,-355.85,OB,30m,train,0.625,1116
5.0,1.0,595,0.37,-2.2406,-1333.13,OB,30m,train,0.625,1116
7.0,0.083,595,0.682,1.7313,1030.11,OB,30m,train,0.625,1116
7.0,0.125,595,0.608,1.9617,1167.21,OB,30m,train,0.625,1116
7.0,0.167,595,0.57,1.6902,1005.68,OB,30m,train,0.625,1116
7.0,0.25,595,0.506,1.0631,632.55,OB,30m,train,0.625,1116
7.0,0.5,595,0.415,-0.2859,-170.14,OB,30m,train,0.625,1116
7.0,1.0,595,0.336,-2.0573,-1224.1,OB,30m,train,0.625,1116
10.0,0.083,595,0.682,1.7559,1044.78,OB,30m,train,0.625,1116
10.0,0.125,595,0.607,2.0152,1199.04,OB,30m,train,0.625,1116
10.0,0.167,595,0.563,1.787,1063.26,OB,30m,train,0.625,1116
10.0,0.25,595,0.497,1.3379,796.02,OB,30m,train,0.625,1116
10.0,0.5,595,0.407,0.3658,217.64,OB,30m,train,0.625,1116
10.0,1.0,595,0.318,-1.4217,-845.93,OB,30m,train,0.625,1116
2.0,0.083,590,0.72,1.3281,783.58,OB,30m,train,0.65,1116
2.0,0.125,590,0.685,1.1095,654.59,OB,30m,train,0.65,1116
2.0,0.167,590,0.653,0.8147,480.69,OB,30m,train,0.65,1116
2.0,0.25,590,0.598,0.2179,128.58,OB,30m,train,0.65,1116
2.0,0.5,590,0.527,-0.9131,-538.72,OB,30m,train,0.65,1116
2.0,1.0,590,0.373,-2.4192,-1427.34,OB,30m,train,0.65,1116
3.0,0.083,590,0.705,1.6225,957.27,OB,30m,train,0.65,1116
3.0,0.125,590,0.653,1.4061,829.6,OB,30m,train,0.65,1116
3.0,0.167,590,0.617,1.1177,659.43,OB,30m,train,0.65,1116
3.0,0.25,590,0.563,0.4321,254.92,OB,30m,train,0.65,1116
3.0,0.5,590,0.498,-0.7233,-426.73,OB,30m,train,0.65,1116
3.0,1.0,590,0.405,-2.2489,-1326.83,OB,30m,train,0.65,1116
4.0,0.083,590,0.69,1.7025,1004.48,OB,30m,train,0.65,1116
4.0,0.125,590,0.631,1.6871,995.4,OB,30m,train,0.65,1116
4.0,0.167,590,0.595,1.4514,856.35,OB,30m,train,0.65,1116
4.0,0.25,590,0.544,0.7479,441.26,OB,30m,train,0.65,1116
4.0,0.5,590,0.471,-0.5092,-300.4,OB,30m,train,0.65,1116
4.0,1.0,590,0.392,-2.104,-1241.39,OB,30m,train,0.65,1116
5.0,0.083,590,0.681,1.6774,989.66,OB,30m,train,0.65,1116
5.0,0.125,590,0.617,1.8065,1065.86,OB,30m,train,0.65,1116
5.0,0.167,590,0.58,1.576,929.82,OB,30m,train,0.65,1116
5.0,0.25,590,0.527,0.8655,510.63,OB,30m,train,0.65,1116
5.0,0.5,590,0.444,-0.5123,-302.27,OB,30m,train,0.65,1116
5.0,1.0,590,0.371,-2.119,-1250.21,OB,30m,train,0.65,1116
7.0,0.083,590,0.673,1.691,997.68,OB,30m,train,0.65,1116
7.0,0.125,590,0.605,1.9026,1122.54,OB,30m,train,0.65,1116
7.0,0.167,590,0.566,1.703,1004.79,OB,30m,train,0.65,1116
7.0,0.25,590,0.505,1.0804,637.44,OB,30m,train,0.65,1116
7.0,0.5,590,0.419,-0.224,-132.14,OB,30m,train,0.65,1116
7.0,1.0,590,0.336,-1.9648,-1159.21,OB,30m,train,0.65,1116
10.0,0.083,590,0.671,1.7065,1006.82,OB,30m,train,0.65,1116
10.0,0.125,590,0.602,1.9689,1161.64,OB,30m,train,0.65,1116
10.0,0.167,590,0.559,1.8247,1076.59,OB,30m,train,0.65,1116
10.0,0.25,590,0.497,1.3945,822.76,OB,30m,train,0.65,1116
10.0,0.5,590,0.41,0.4723,278.64,OB,30m,train,0.65,1116
10.0,1.0,590,0.319,-1.2967,-765.06,OB,30m,train,0.65,1116
2.0,0.083,588,0.721,1.296,762.03,OB,30m,train,0.675,1116
2.0,0.125,588,0.687,1.038,610.32,OB,30m,train,0.675,1116
2.0,0.167,588,0.653,0.7441,437.52,OB,30m,train,0.675,1116
2.0,0.25,588,0.604,0.163,95.82,OB,30m,train,0.675,1116
2.0,0.5,588,0.531,-0.9527,-560.18,OB,30m,train,0.675,1116
2.0,1.0,588,0.359,-2.4503,-1440.79,OB,30m,train,0.675,1116
3.0,0.083,588,0.707,1.5655,920.5,OB,30m,train,0.675,1116
3.0,0.125,588,0.655,1.3944,819.89,OB,30m,train,0.675,1116
3.0,0.167,588,0.621,1.1342,666.91,OB,30m,train,0.675,1116
3.0,0.25,588,0.573,0.5052,297.08,OB,30m,train,0.675,1116
3.0,0.5,588,0.512,-0.6726,-395.5,OB,30m,train,0.675,1116
3.0,1.0,588,0.408,-2.2183,-1304.36,OB,30m,train,0.675,1116
4.0,0.083,588,0.694,1.7096,1005.26,OB,30m,train,0.675,1116
4.0,0.125,588,0.636,1.7382,1022.07,OB,30m,train,0.675,1116
4.0,0.167,588,0.6,1.533,901.38,OB,30m,train,0.675,1116
4.0,0.25,588,0.554,0.8963,527.01,OB,30m,train,0.675,1116
4.0,0.5,588,0.481,-0.3248,-190.99,OB,30m,train,0.675,1116
4.0,1.0,588,0.396,-1.906,-1120.7,OB,30m,train,0.675,1116
5.0,0.083,588,0.685,1.6928,995.36,OB,30m,train,0.675,1116
5.0,0.125,588,0.624,1.8537,1090.0,OB,30m,train,0.675,1116
5.0,0.167,588,0.585,1.6556,973.5,OB,30m,train,0.675,1116
5.0,0.25,588,0.537,0.9956,585.44,OB,30m,train,0.675,1116
5.0,0.5,588,0.454,-0.38,-223.46,OB,30m,train,0.675,1116
5.0,1.0,588,0.374,-1.9899,-1170.07,OB,30m,train,0.675,1116
7.0,0.083,588,0.677,1.7189,1010.69,OB,30m,train,0.675,1116
7.0,0.125,588,0.612,1.9785,1163.38,OB,30m,train,0.675,1116
7.0,0.167,588,0.571,1.817,1068.37,OB,30m,train,0.675,1116
7.0,0.25,588,0.519,1.2397,728.96,OB,30m,train,0.675,1116
7.0,0.5,588,0.429,-0.0983,-57.79,OB,30m,train,0.675,1116
7.0,1.0,588,0.344,-1.83,-1076.05,OB,30m,train,0.675,1116
10.0,0.083,588,0.675,1.7315,1018.15,OB,30m,train,0.675,1116
10.0,0.125,588,0.609,2.0351,1196.66,OB,30m,train,0.675,1116
10.0,0.167,588,0.565,1.9285,1133.94,OB,30m,train,0.675,1116
10.0,0.25,588,0.509,1.5457,908.86,OB,30m,train,0.675,1116
10.0,0.5,588,0.418,0.6095,358.38,OB,30m,train,0.675,1116
10.0,1.0,588,0.327,-1.0805,-635.36,OB,30m,train,0.675,1116
2.0,0.083,581,0.725,1.3734,797.95,OB,30m,train,0.7,1116
2.0,0.125,581,0.69,1.0903,633.46,OB,30m,train,0.7,1116
2.0,0.167,581,0.656,0.7908,459.48,OB,30m,train,0.7,1116
2.0,0.25,581,0.614,0.2525,146.72,OB,30m,train,0.7,1116
2.0,0.5,581,0.535,-0.8479,-492.65,OB,30m,train,0.7,1116
2.0,1.0,581,0.361,-2.336,-1357.2,OB,30m,train,0.7,1116
3.0,0.083,581,0.713,1.65,958.67,OB,30m,train,0.7,1116
3.0,0.125,581,0.663,1.4812,860.55,OB,30m,train,0.7,1116
3.0,0.167,581,0.628,1.2154,706.15,OB,30m,train,0.7,1116
3.0,0.25,581,0.585,0.649,377.06,OB,30m,train,0.7,1116
3.0,0.5,581,0.522,-0.4986,-289.69,OB,30m,train,0.7,1116
3.0,1.0,581,0.413,-2.0292,-1178.96,OB,30m,train,0.7,1116
4.0,0.083,581,0.697,1.7722,1029.66,OB,30m,train,0.7,1116
4.0,0.125,581,0.64,1.8115,1052.5,OB,30m,train,0.7,1116
4.0,0.167,581,0.604,1.6206,941.56,OB,30m,train,0.7,1116
4.0,0.25,581,0.559,1.0167,590.7,OB,30m,train,0.7,1116
4.0,0.5,581,0.487,-0.1986,-115.38,OB,30m,train,0.7,1116
4.0,1.0,581,0.399,-1.8043,-1048.29,OB,30m,train,0.7,1116
5.0,0.083,581,0.688,1.7634,1024.54,OB,30m,train,0.7,1116
5.0,0.125,581,0.628,1.8692,1086.0,OB,30m,train,0.7,1116
5.0,0.167,581,0.589,1.6493,958.26,OB,30m,train,0.7,1116
5.0,0.25,581,0.542,0.9697,563.39,OB,30m,train,0.7,1116
5.0,0.5,581,0.458,-0.3665,-212.93,OB,30m,train,0.7,1116
5.0,1.0,581,0.377,-1.988,-1155.06,OB,30m,train,0.7,1116
7.0,0.083,581,0.68,1.7992,1045.34,OB,30m,train,0.7,1116
7.0,0.125,581,0.613,1.9845,1153.02,OB,30m,train,0.7,1116
7.0,0.167,581,0.573,1.8009,1046.3,OB,30m,train,0.7,1116
7.0,0.25,581,0.52,1.1779,684.35,OB,30m,train,0.7,1116
7.0,0.5,581,0.427,-0.1762,-102.36,OB,30m,train,0.7,1116
7.0,1.0,581,0.339,-1.926,-1118.98,OB,30m,train,0.7,1116
10.0,0.083,581,0.678,1.8148,1054.38,OB,30m,train,0.7,1116
10.0,0.125,581,0.609,2.0523,1192.39,OB,30m,train,0.7,1116
10.0,0.167,581,0.566,1.9324,1122.75,OB,30m,train,0.7,1116
10.0,0.25,581,0.509,1.5102,877.42,OB,30m,train,0.7,1116
10.0,0.5,581,0.417,0.5086,295.47,OB,30m,train,0.7,1116
10.0,1.0,581,0.32,-1.1907,-691.77,OB,30m,train,0.7,1116
2.0,0.083,307,0.726,2.5455,781.46,OB,30m,validation,0.3,452
2.0,0.125,307,0.697,2.3602,724.59,OB,30m,validation,0.3,452
2.0,0.167,307,0.664,1.9401,595.61,OB,30m,validation,0.3,452
2.0,0.25,307,0.629,1.3512,414.83,OB,30m,validation,0.3,452
2.0,0.5,307,0.55,-0.0445,-13.66,OB,30m,validation,0.3,452
2.0,1.0,307,0.456,-1.8757,-575.84,OB,30m,validation,0.3,452
3.0,0.083,307,0.713,2.4859,763.17,OB,30m,validation,0.3,452
3.0,0.125,307,0.671,2.5073,769.74,OB,30m,validation,0.3,452
3.0,0.167,307,0.622,1.9668,603.81,OB,30m,validation,0.3,452
3.0,0.25,307,0.57,1.3567,416.52,OB,30m,validation,0.3,452
3.0,0.5,307,0.495,-0.187,-57.4,OB,30m,validation,0.3,452
3.0,1.0,307,0.433,-2.203,-676.33,OB,30m,validation,0.3,452
4.0,0.083,307,0.704,2.4111,740.21,OB,30m,validation,0.3,452
4.0,0.125,307,0.655,2.5904,795.26,OB,30m,validation,0.3,452
4.0,0.167,307,0.596,2.1673,665.36,OB,30m,validation,0.3,452
4.0,0.25,307,0.541,1.7646,541.74,OB,30m,validation,0.3,452
4.0,0.5,307,0.453,0.0792,24.3,OB,30m,validation,0.3,452
4.0,1.0,307,0.384,-1.9285,-592.04,OB,30m,validation,0.3,452
5.0,0.083,307,0.704,2.4383,748.55,OB,30m,validation,0.3,452
5.0,0.125,307,0.642,2.5567,784.9,OB,30m,validation,0.3,452
5.0,0.167,307,0.58,2.2029,676.29,OB,30m,validation,0.3,452
5.0,0.25,307,0.524,1.8236,559.84,OB,30m,validation,0.3,452
5.0,0.5,307,0.423,0.2743,84.2,OB,30m,validation,0.3,452
5.0,1.0,307,0.355,-1.5756,-483.71,OB,30m,validation,0.3,452
7.0,0.083,307,0.694,2.3332,716.29,OB,30m,validation,0.3,452
7.0,0.125,307,0.625,2.3394,718.2,OB,30m,validation,0.3,452
7.0,0.167,307,0.564,2.0304,623.35,OB,30m,validation,0.3,452
7.0,0.25,307,0.505,1.7453,535.81,OB,30m,validation,0.3,452
7.0,0.5,307,0.391,0.5296,162.59,OB,30m,validation,0.3,452
7.0,1.0,307,0.306,-1.3975,-429.02,OB,30m,validation,0.3,452
10.0,0.083,307,0.694,2.3484,720.97,OB,30m,validation,0.3,452
10.0,0.125,307,0.625,2.4253,744.57,OB,30m,validation,0.3,452
10.0,0.167,307,0.564,2.1573,662.3,OB,30m,validation,0.3,452
10.0,0.25,307,0.505,1.9296,592.38,OB,30m,validation,0.3,452
10.0,0.5,307,0.375,0.7654,234.99,OB,30m,validation,0.3,452
10.0,1.0,307,0.283,-0.8762,-268.99,OB,30m,validation,0.3,452
2.0,0.083,307,0.723,2.4497,752.07,OB,30m,validation,0.325,452
2.0,0.125,307,0.691,2.1806,669.44,OB,30m,validation,0.325,452
2.0,0.167,307,0.658,1.7702,543.46,OB,30m,validation,0.325,452
2.0,0.25,307,0.622,1.1916,365.82,OB,30m,validation,0.325,452
2.0,0.5,307,0.541,-0.2143,-65.79,OB,30m,validation,0.325,452
2.0,1.0,307,0.446,-2.0573,-631.58,OB,30m,validation,0.325,452
3.0,0.083,307,0.717,2.4576,754.48,OB,30m,validation,0.325,452
3.0,0.125,307,0.668,2.3679,726.95,OB,30m,validation,0.325,452
3.0,0.167,307,0.622,1.8733,575.12,OB,30m,validation,0.325,452
3.0,0.25,307,0.573,1.2595,386.65,OB,30m,validation,0.325,452
3.0,0.5,307,0.495,-0.3302,-101.37,OB,30m,validation,0.325,452
3.0,1.0,307,0.436,-2.3821,-731.3,OB,30m,validation,0.325,452
4.0,0.083,307,0.704,2.3909,734.02,OB,30m,validation,0.325,452
4.0,0.125,307,0.651,2.4717,758.81,OB,30m,validation,0.325,452
4.0,0.167,307,0.593,2.0352,624.81,OB,30m,validation,0.325,452
4.0,0.25,307,0.541,1.6221,497.98,OB,30m,validation,0.325,452
4.0,0.5,307,0.45,-0.162,-49.72,OB,30m,validation,0.325,452
4.0,1.0,307,0.384,-2.1614,-663.56,OB,30m,validation,0.325,452
5.0,0.083,307,0.704,2.4145,741.24,OB,30m,validation,0.325,452
5.0,0.125,307,0.638,2.4532,753.12,OB,30m,validation,0.325,452
5.0,0.167,307,0.577,2.0985,644.25,OB,30m,validation,0.325,452
5.0,0.25,307,0.521,1.6828,516.63,OB,30m,validation,0.325,452
5.0,0.5,307,0.42,0.0717,22.0,OB,30m,validation,0.325,452
5.0,1.0,307,0.355,-1.846,-566.71,OB,30m,validation,0.325,452
7.0,0.083,307,0.697,2.4627,756.04,OB,30m,validation,0.325,452
7.0,0.125,307,0.629,2.4947,765.88,OB,30m,validation,0.325,452
7.0,0.167,307,0.567,2.1799,669.24,OB,30m,validation,0.325,452
7.0,0.25,307,0.508,1.856,569.79,OB,30m,validation,0.325,452
7.0,0.5,307,0.394,0.4608,141.46,OB,30m,validation,0.325,452
7.0,1.0,307,0.309,-1.3989,-429.45,OB,30m,validation,0.325,452
10.0,0.083,307,0.694,2.3293,715.09,OB,30m,validation,0.325,452
10.0,0.125,307,0.622,2.3283,714.79,OB,30m,validation,0.325,452
10.0,0.167,307,0.56,2.0583,631.91,OB,30m,validation,0.325,452
10.0,0.25,307,0.502,1.8,552.61,OB,30m,validation,0.325,452
10.0,0.5,307,0.371,0.5117,157.09,OB,30m,validation,0.325,452
10.0,1.0,307,0.283,-1.0569,-324.46,OB,30m,validation,0.325,452
2.0,0.083,306,0.725,2.628,804.15,OB,30m,validation,0.35,452
2.0,0.125,306,0.69,2.26,691.55,OB,30m,validation,0.35,452
2.0,0.167,306,0.66,1.7865,546.68,OB,30m,validation,0.35,452
2.0,0.25,306,0.621,1.1727,358.85,OB,30m,validation,0.35,452
2.0,0.5,306,0.539,-0.2191,-67.05,OB,30m,validation,0.35,452
2.0,1.0,306,0.448,-2.0407,-624.46,OB,30m,validation,0.35,452
3.0,0.083,306,0.722,2.6418,808.38,OB,30m,validation,0.35,452
3.0,0.125,306,0.673,2.4432,747.61,OB,30m,validation,0.35,452
3.0,0.167,306,0.631,1.9693,602.6,OB,30m,validation,0.35,452
3.0,0.25,306,0.575,1.3785,421.82,OB,30m,validation,0.35,452
3.0,0.5,306,0.497,-0.2021,-61.83,OB,30m,validation,0.35,452
3.0,1.0,306,0.441,-2.2489,-688.15,OB,30m,validation,0.35,452
4.0,0.083,306,0.709,2.5932,793.53,OB,30m,validation,0.35,452
4.0,0.125,306,0.657,2.5741,787.69,OB,30m,validation,0.35,452
4.0,0.167,306,0.601,2.119,648.4,OB,30m,validation,0.35,452
4.0,0.25,306,0.539,1.7001,520.22,OB,30m,validation,0.35,452
4.0,0.5,306,0.451,0.0188,5.76,OB,30m,validation,0.35,452
4.0,1.0,306,0.392,-1.9704,-602.93,OB,30m,validation,0.35,452
5.0,0.083,306,0.709,2.6173,800.91,OB,30m,validation,0.35,452
5.0,0.125,306,0.644,2.5564,782.27,OB,30m,validation,0.35,452
5.0,0.167,306,0.585,2.1757,665.77,OB,30m,validation,0.35,452
5.0,0.25,306,0.52,1.7863,546.6,OB,30m,validation,0.35,452
5.0,0.5,306,0.422,0.1786,54.65,OB,30m,validation,0.35,452
5.0,1.0,306,0.359,-1.7973,-549.98,OB,30m,validation,0.35,452
7.0,0.083,306,0.703,2.6658,815.74,OB,30m,validation,0.35,452
7.0,0.125,306,0.634,2.6267,803.76,OB,30m,validation,0.35,452
7.0,0.167,306,0.575,2.2952,702.34,OB,30m,validation,0.35,452
7.0,0.25,306,0.51,1.9858,607.65,OB,30m,validation,0.35,452
7.0,0.5,306,0.395,0.5966,182.55,OB,30m,validation,0.35,452
7.0,1.0,306,0.314,-1.1764,-359.99,OB,30m,validation,0.35,452
10.0,0.083,306,0.699,2.5263,773.06,OB,30m,validation,0.35,452
10.0,0.125,306,0.627,2.4225,741.3,OB,30m,validation,0.35,452
10.0,0.167,306,0.569,2.1301,651.8,OB,30m,validation,0.35,452
10.0,0.25,306,0.5,1.8824,576.0,OB,30m,validation,0.35,452
10.0,0.5,306,0.369,0.6077,185.97,OB,30m,validation,0.35,452
10.0,1.0,306,0.284,-1.0011,-306.32,OB,30m,validation,0.35,452
2.0,0.083,308,0.731,2.6021,801.45,OB,30m,validation,0.375,452
2.0,0.125,308,0.695,2.273,700.08,OB,30m,validation,0.375,452
2.0,0.167,308,0.672,1.7713,545.55,OB,30m,validation,0.375,452
2.0,0.25,308,0.627,1.1203,345.07,OB,30m,validation,0.375,452
2.0,0.5,308,0.539,-0.247,-76.06,OB,30m,validation,0.375,452
2.0,1.0,308,0.445,-2.0604,-634.6,OB,30m,validation,0.375,452
3.0,0.083,308,0.721,2.6115,804.36,OB,30m,validation,0.375,452
3.0,0.125,308,0.669,2.4312,748.8,OB,30m,validation,0.375,452
3.0,0.167,308,0.633,1.9381,596.93,OB,30m,validation,0.375,452
3.0,0.25,308,0.578,1.2815,394.7,OB,30m,validation,0.375,452
3.0,0.5,308,0.494,-0.3099,-95.46,OB,30m,validation,0.375,452
3.0,1.0,308,0.438,-2.3361,-719.52,OB,30m,validation,0.375,452
4.0,0.083,308,0.708,2.5522,786.09,OB,30m,validation,0.375,452
4.0,0.125,308,0.656,2.5852,796.25,OB,30m,validation,0.375,452
4.0,0.167,308,0.61,2.0881,643.13,OB,30m,validation,0.375,452
4.0,0.25,308,0.549,1.6033,493.83,OB,30m,validation,0.375,452
4.0,0.5,308,0.455,-0.0279,-8.59,OB,30m,validation,0.375,452
4.0,1.0,308,0.396,-2.0159,-620.88,OB,30m,validation,0.375,452
5.0,0.083,308,0.708,2.6206,807.14,OB,30m,validation,0.375,452
5.0,0.125,308,0.64,2.5963,799.66,OB,30m,validation,0.375,452
5.0,0.167,308,0.594,2.1978,676.92,OB,30m,validation,0.375,452
5.0,0.25,308,0.526,1.8339,564.84,OB,30m,validation,0.375,452
5.0,0.5,308,0.425,0.2929,90.2,OB,30m,validation,0.375,452
5.0,1.0,308,0.364,-1.6432,-506.11,OB,30m,validation,0.375,452
7.0,0.083,308,0.701,2.6395,812.98,OB,30m,validation,0.375,452
7.0,0.125,308,0.63,2.6258,808.75,OB,30m,validation,0.375,452
7.0,0.167,308,0.581,2.2696,699.04,OB,30m,validation,0.375,452
7.0,0.25,308,0.513,1.9406,597.71,OB,30m,validation,0.375,452
7.0,0.5,308,0.396,0.5677,174.84,OB,30m,validation,0.375,452
7.0,1.0,308,0.315,-1.1975,-368.83,OB,30m,validation,0.375,452
10.0,0.083,308,0.698,2.5016,770.49,OB,30m,validation,0.375,452
10.0,0.125,308,0.623,2.426,747.2,OB,30m,validation,0.375,452
10.0,0.167,308,0.575,2.1131,650.84,OB,30m,validation,0.375,452
10.0,0.25,308,0.503,1.8632,573.88,OB,30m,validation,0.375,452
10.0,0.5,308,0.37,0.647,199.27,OB,30m,validation,0.375,452
10.0,1.0,308,0.286,-0.9424,-290.25,OB,30m,validation,0.375,452
2.0,0.083,309,0.725,2.4483,756.54,OB,30m,validation,0.4,452
2.0,0.125,309,0.693,2.1158,653.78,OB,30m,validation,0.4,452
2.0,0.167,309,0.667,1.6097,497.39,OB,30m,validation,0.4,452
2.0,0.25,309,0.618,0.9507,293.78,OB,30m,validation,0.4,452
2.0,0.5,309,0.528,-0.4289,-132.53,OB,30m,validation,0.4,452
2.0,1.0,309,0.43,-2.2508,-695.51,OB,30m,validation,0.4,452
3.0,0.083,309,0.712,2.5002,772.55,OB,30m,validation,0.4,452
3.0,0.125,309,0.663,2.3453,724.71,OB,30m,validation,0.4,452
3.0,0.167,309,0.625,1.8597,574.66,OB,30m,validation,0.4,452
3.0,0.25,309,0.573,1.2035,371.88,OB,30m,validation,0.4,452
3.0,0.5,309,0.492,-0.3872,-119.63,OB,30m,validation,0.4,452
3.0,1.0,309,0.434,-2.4079,-744.05,OB,30m,validation,0.4,452
4.0,0.083,309,0.696,2.3483,725.63,OB,30m,validation,0.4,452
4.0,0.125,309,0.647,2.4123,745.4,OB,30m,validation,0.4,452
4.0,0.167,309,0.599,1.9108,590.42,OB,30m,validation,0.4,452
4.0,0.25,309,0.54,1.4161,437.58,OB,30m,validation,0.4,452
4.0,0.5,309,0.45,-0.2291,-70.8,OB,30m,validation,0.4,452
4.0,1.0,309,0.392,-2.2824,-705.27,OB,30m,validation,0.4,452
5.0,0.083,309,0.696,2.4472,756.18,OB,30m,validation,0.4,452
5.0,0.125,309,0.634,2.4569,759.18,OB,30m,validation,0.4,452
5.0,0.167,309,0.586,2.053,634.37,OB,30m,validation,0.4,452
5.0,0.25,309,0.521,1.7482,540.19,OB,30m,validation,0.4,452
5.0,0.5,309,0.424,0.2132,65.87,OB,30m,validation,0.4,452
5.0,1.0,309,0.362,-1.7245,-532.87,OB,30m,validation,0.4,452
7.0,0.083,309,0.689,2.4458,755.74,OB,30m,validation,0.4,452
7.0,0.125,309,0.625,2.5006,772.68,OB,30m,validation,0.4,452
7.0,0.167,309,0.573,2.1338,659.35,OB,30m,validation,0.4,452
7.0,0.25,309,0.505,1.8358,567.26,OB,30m,validation,0.4,452
7.0,0.5,309,0.398,0.5342,165.05,OB,30m,validation,0.4,452
7.0,1.0,309,0.32,-1.1708,-361.79,OB,30m,validation,0.4,452
10.0,0.083,309,0.686,2.3091,713.53,OB,30m,validation,0.4,452
10.0,0.125,309,0.615,2.2431,693.12,OB,30m,validation,0.4,452
10.0,0.167,309,0.563,1.924,594.5,OB,30m,validation,0.4,452
10.0,0.25,309,0.492,1.7128,529.27,OB,30m,validation,0.4,452
10.0,0.5,309,0.369,0.5245,162.07,OB,30m,validation,0.4,452
10.0,1.0,309,0.285,-1.093,-337.75,OB,30m,validation,0.4,452
2.0,0.083,308,0.734,2.6397,813.04,OB,30m,validation,0.425,452
2.0,0.125,308,0.698,2.1912,674.89,OB,30m,validation,0.425,452
2.0,0.167,308,0.675,1.9405,597.67,OB,30m,validation,0.425,452
2.0,0.25,308,0.64,1.2998,400.35,OB,30m,validation,0.425,452
2.0,0.5,308,0.549,-0.0763,-23.5,OB,30m,validation,0.425,452
2.0,1.0,308,0.448,-1.8946,-583.52,OB,30m,validation,0.425,452
3.0,0.083,308,0.721,2.6288,809.68,OB,30m,validation,0.425,452
3.0,0.125,308,0.669,2.3774,732.23,OB,30m,validation,0.425,452
3.0,0.167,308,0.627,1.9391,597.23,OB,30m,validation,0.425,452
3.0,0.25,308,0.581,1.2048,371.08,OB,30m,validation,0.425,452
3.0,0.5,308,0.494,-0.3697,-113.88,OB,30m,validation,0.425,452
3.0,1.0,308,0.435,-2.3751,-731.52,OB,30m,validation,0.425,452
4.0,0.083,308,0.705,2.5164,775.05,OB,30m,validation,0.425,452
4.0,0.125,308,0.646,2.3482,723.24,OB,30m,validation,0.425,452
4.0,0.167,308,0.597,1.9013,585.61,OB,30m,validation,0.425,452
4.0,0.25,308,0.545,1.3562,417.71,OB,30m,validation,0.425,452
4.0,0.5,308,0.451,-0.273,-84.07,OB,30m,validation,0.425,452
4.0,1.0,308,0.399,-2.3156,-713.2,OB,30m,validation,0.425,452
5.0,0.083,308,0.705,2.6133,804.91,OB,30m,validation,0.425,452
5.0,0.125,308,0.633,2.3846,734.45,OB,30m,validation,0.425,452
5.0,0.167,308,0.584,2.0066,618.05,OB,30m,validation,0.425,452
5.0,0.25,308,0.526,1.6093,495.65,OB,30m,validation,0.425,452
5.0,0.5,308,0.422,0.0371,11.43,OB,30m,validation,0.425,452
5.0,1.0,308,0.367,-1.8987,-584.8,OB,30m,validation,0.425,452
7.0,0.083,308,0.698,2.6287,809.64,OB,30m,validation,0.425,452
7.0,0.125,308,0.623,2.4415,751.98,OB,30m,validation,0.425,452
7.0,0.167,308,0.571,2.1473,661.37,OB,30m,validation,0.425,452
7.0,0.25,308,0.51,1.8052,556.0,OB,30m,validation,0.425,452
7.0,0.5,308,0.399,0.5295,163.09,OB,30m,validation,0.425,452
7.0,1.0,308,0.325,-1.256,-386.84,OB,30m,validation,0.425,452
10.0,0.083,308,0.695,2.491,767.22,OB,30m,validation,0.425,452
10.0,0.125,308,0.614,2.2051,679.17,OB,30m,validation,0.425,452
10.0,0.167,308,0.562,1.9408,597.76,OB,30m,validation,0.425,452
10.0,0.25,308,0.497,1.6829,518.32,OB,30m,validation,0.425,452
10.0,0.5,308,0.367,0.5235,161.24,OB,30m,validation,0.425,452
10.0,1.0,308,0.286,-1.1632,-358.27,OB,30m,validation,0.425,452
2.0,0.083,306,0.745,2.7831,851.63,OB,30m,validation,0.45,452
2.0,0.125,306,0.699,2.2777,696.97,OB,30m,validation,0.45,452
2.0,0.167,306,0.68,2.0205,618.27,OB,30m,validation,0.45,452
2.0,0.25,306,0.637,1.3717,419.73,OB,30m,validation,0.45,452
2.0,0.5,306,0.552,-0.0187,-5.73,OB,30m,validation,0.45,452
2.0,1.0,306,0.444,-1.8512,-566.46,OB,30m,validation,0.45,452
3.0,0.083,306,0.729,2.8304,866.11,OB,30m,validation,0.45,452
3.0,0.125,306,0.663,2.59,792.54,OB,30m,validation,0.45,452
3.0,0.167,306,0.634,2.1747,665.46,OB,30m,validation,0.45,452
3.0,0.25,306,0.585,1.5384,470.74,OB,30m,validation,0.45,452
3.0,0.5,306,0.503,-0.0632,-19.35,OB,30m,validation,0.45,452
3.0,1.0,306,0.441,-1.9791,-605.59,OB,30m,validation,0.45,452
4.0,0.083,306,0.712,2.7638,845.74,OB,30m,validation,0.45,452
4.0,0.125,306,0.641,2.4897,761.84,OB,30m,validation,0.45,452
4.0,0.167,306,0.601,2.1041,643.84,OB,30m,validation,0.45,452
4.0,0.25,306,0.546,1.5173,464.29,OB,30m,validation,0.45,452
4.0,0.5,306,0.454,-0.0813,-24.87,OB,30m,validation,0.45,452
4.0,1.0,306,0.408,-2.1386,-654.41,OB,30m,validation,0.45,452
5.0,0.083,306,0.712,2.8437,870.16,OB,30m,validation,0.45,452
5.0,0.125,306,0.634,2.583,790.38,OB,30m,validation,0.45,452
5.0,0.167,306,0.592,2.2686,694.2,OB,30m,validation,0.45,452
5.0,0.25,306,0.529,1.84,563.05,OB,30m,validation,0.45,452
5.0,0.5,306,0.425,0.1749,53.51,OB,30m,validation,0.45,452
5.0,1.0,306,0.369,-1.8832,-576.26,OB,30m,validation,0.45,452
7.0,0.083,306,0.706,2.837,868.11,OB,30m,validation,0.45,452
7.0,0.125,306,0.621,2.5485,779.84,OB,30m,validation,0.45,452
7.0,0.167,306,0.572,2.3054,705.46,OB,30m,validation,0.45,452
7.0,0.25,306,0.507,1.941,593.93,OB,30m,validation,0.45,452
7.0,0.5,306,0.395,0.6359,194.59,OB,30m,validation,0.45,452
7.0,1.0,306,0.324,-1.1833,-362.07,OB,30m,validation,0.45,452
10.0,0.083,306,0.703,2.7081,828.69,OB,30m,validation,0.45,452
10.0,0.125,306,0.611,2.3271,712.1,OB,30m,validation,0.45,452
10.0,0.167,306,0.562,2.1175,647.96,OB,30m,validation,0.45,452
10.0,0.25,306,0.493,1.8367,562.02,OB,30m,validation,0.45,452
10.0,0.5,306,0.366,0.6151,188.23,OB,30m,validation,0.45,452
10.0,1.0,306,0.281,-1.1933,-365.15,OB,30m,validation,0.45,452
2.0,0.083,307,0.746,2.4342,747.29,OB,30m,validation,0.475,452
2.0,0.125,307,0.697,2.1641,664.38,OB,30m,validation,0.475,452
2.0,0.167,307,0.674,1.9052,584.89,OB,30m,validation,0.475,452
2.0,0.25,307,0.629,1.3195,405.08,OB,30m,validation,0.475,452
2.0,0.5,307,0.55,0.0162,4.98,OB,30m,validation,0.475,452
2.0,1.0,307,0.443,-1.7803,-546.54,OB,30m,validation,0.475,452
3.0,0.083,307,0.73,2.6316,807.9,OB,30m,validation,0.475,452
3.0,0.125,307,0.668,2.7563,846.19,OB,30m,validation,0.475,452
3.0,0.167,307,0.635,2.2696,696.76,OB,30m,validation,0.475,452
3.0,0.25,307,0.59,1.6168,496.37,OB,30m,validation,0.475,452
3.0,0.5,307,0.515,0.2242,68.82,OB,30m,validation,0.475,452
3.0,1.0,307,0.453,-1.6591,-509.34,OB,30m,validation,0.475,452
4.0,0.083,307,0.717,2.5485,782.38,OB,30m,validation,0.475,452
4.0,0.125,307,0.648,2.6264,806.32,OB,30m,validation,0.475,452
4.0,0.167,307,0.603,2.1431,657.93,OB,30m,validation,0.475,452
4.0,0.25,307,0.55,1.4922,458.12,OB,30m,validation,0.475,452
4.0,0.5,307,0.463,-0.0967,-29.68,OB,30m,validation,0.475,452
4.0,1.0,307,0.417,-2.1811,-669.6,OB,30m,validation,0.475,452
5.0,0.083,307,0.71,2.5716,789.49,OB,30m,validation,0.475,452
5.0,0.125,307,0.645,2.7396,841.05,OB,30m,validation,0.475,452
5.0,0.167,307,0.596,2.3519,722.03,OB,30m,validation,0.475,452
5.0,0.25,307,0.537,1.9127,587.19,OB,30m,validation,0.475,452
5.0,0.5,307,0.433,0.2599,79.78,OB,30m,validation,0.475,452
5.0,1.0,307,0.378,-1.8221,-559.38,OB,30m,validation,0.475,452
7.0,0.083,307,0.704,2.5748,790.48,OB,30m,validation,0.475,452
7.0,0.125,307,0.625,2.6616,817.11,OB,30m,validation,0.475,452
7.0,0.167,307,0.573,2.3379,717.73,OB,30m,validation,0.475,452
7.0,0.25,307,0.508,1.9618,602.27,OB,30m,validation,0.475,452
7.0,0.5,307,0.397,0.6506,199.73,OB,30m,validation,0.475,452
7.0,1.0,307,0.326,-1.2215,-375.0,OB,30m,validation,0.475,452
10.0,0.083,307,0.7,2.4478,751.47,OB,30m,validation,0.475,452
10.0,0.125,307,0.616,2.445,750.62,OB,30m,validation,0.475,452
10.0,0.167,307,0.564,2.1559,661.86,OB,30m,validation,0.475,452
10.0,0.25,307,0.495,1.8649,572.53,OB,30m,validation,0.475,452
10.0,0.5,307,0.368,0.6557,201.31,OB,30m,validation,0.475,452
10.0,1.0,307,0.283,-1.2075,-370.7,OB,30m,validation,0.475,452
2.0,0.083,309,0.738,2.3461,724.95,OB,30m,validation,0.5,452
2.0,0.125,309,0.693,2.0822,643.39,OB,30m,validation,0.5,452
2.0,0.167,309,0.667,1.8236,563.5,OB,30m,validation,0.5,452
2.0,0.25,309,0.621,1.251,386.55,OB,30m,validation,0.5,452
2.0,0.5,309,0.547,-0.0492,-15.19,OB,30m,validation,0.5,452
2.0,1.0,309,0.453,-1.8465,-570.57,OB,30m,validation,0.5,452
3.0,0.083,309,0.722,2.5598,790.96,OB,30m,validation,0.5,452
3.0,0.125,309,0.663,2.6396,815.63,OB,30m,validation,0.5,452
3.0,0.167,309,0.628,2.2158,684.68,OB,30m,validation,0.5,452
3.0,0.25,309,0.586,1.6065,496.41,OB,30m,validation,0.5,452
3.0,0.5,309,0.518,0.2498,77.19,OB,30m,validation,0.5,452
3.0,1.0,309,0.46,-1.5964,-493.28,OB,30m,validation,0.5,452
4.0,0.083,309,0.709,2.4904,769.54,OB,30m,validation,0.5,452
4.0,0.125,309,0.644,2.5417,785.38,OB,30m,validation,0.5,452
4.0,0.167,309,0.595,2.0501,633.47,OB,30m,validation,0.5,452
4.0,0.25,309,0.547,1.4058,434.4,OB,30m,validation,0.5,452
4.0,0.5,309,0.463,-0.1716,-53.02,OB,30m,validation,0.5,452
4.0,1.0,309,0.421,-2.2232,-686.98,OB,30m,validation,0.5,452
5.0,0.083,309,0.702,2.5318,782.33,OB,30m,validation,0.5,452
5.0,0.125,309,0.641,2.7013,834.69,OB,30m,validation,0.5,452
5.0,0.167,309,0.589,2.3213,717.28,OB,30m,validation,0.5,452
5.0,0.25,309,0.534,1.8994,586.93,OB,30m,validation,0.5,452
5.0,0.5,309,0.43,0.1226,37.89,OB,30m,validation,0.5,452
5.0,1.0,309,0.382,-1.8915,-584.46,OB,30m,validation,0.5,452
7.0,0.083,309,0.699,2.5494,787.77,OB,30m,validation,0.5,452
7.0,0.125,309,0.625,2.6491,818.58,OB,30m,validation,0.5,452
7.0,0.167,309,0.57,2.329,719.67,OB,30m,validation,0.5,452
7.0,0.25,309,0.508,1.9589,605.29,OB,30m,validation,0.5,452
7.0,0.5,309,0.398,0.5646,174.46,OB,30m,validation,0.5,452
7.0,1.0,309,0.333,-1.2437,-384.29,OB,30m,validation,0.5,452
10.0,0.083,309,0.693,2.4114,745.12,OB,30m,validation,0.5,452
10.0,0.125,309,0.612,2.4234,748.82,OB,30m,validation,0.5,452
10.0,0.167,309,0.557,2.146,663.11,OB,30m,validation,0.5,452
10.0,0.25,309,0.492,1.8838,582.09,OB,30m,validation,0.5,452
10.0,0.5,309,0.366,0.6173,190.76,OB,30m,validation,0.5,452
10.0,1.0,309,0.285,-1.1648,-359.92,OB,30m,validation,0.5,452
2.0,0.083,306,0.732,2.3357,714.72,OB,30m,validation,0.525,452
2.0,0.125,306,0.696,2.1019,643.19,OB,30m,validation,0.525,452
2.0,0.167,306,0.673,1.832,560.59,OB,30m,validation,0.525,452
2.0,0.25,306,0.627,1.2532,383.48,OB,30m,validation,0.525,452
2.0,0.5,306,0.549,-0.0534,-16.34,OB,30m,validation,0.525,452
2.0,1.0,306,0.464,-1.8562,-567.99,OB,30m,validation,0.525,452
3.0,0.083,306,0.722,2.5282,773.63,OB,30m,validation,0.525,452
3.0,0.125,306,0.663,2.4954,763.6,OB,30m,validation,0.525,452
3.0,0.167,306,0.627,2.0433,625.24,OB,30m,validation,0.525,452
3.0,0.25,306,0.585,1.3845,423.65,OB,30m,validation,0.525,452
3.0,0.5,306,0.507,-0.034,-10.4,OB,30m,validation,0.525,452
3.0,1.0,306,0.454,-1.9118,-585.0,OB,30m,validation,0.525,452
4.0,0.083,306,0.706,2.4611,753.11,OB,30m,validation,0.525,452
4.0,0.125,306,0.641,2.3986,733.96,OB,30m,validation,0.525,452
4.0,0.167,306,0.601,1.943,594.54,OB,30m,validation,0.525,452
4.0,0.25,306,0.552,1.2625,386.31,OB,30m,validation,0.525,452
4.0,0.5,306,0.461,-0.2902,-88.8,OB,30m,validation,0.525,452
4.0,1.0,306,0.418,-2.3483,-718.57,OB,30m,validation,0.525,452
5.0,0.083,306,0.699,2.4996,764.87,OB,30m,validation,0.525,452
5.0,0.125,306,0.634,2.5659,785.18,OB,30m,validation,0.525,452
5.0,0.167,306,0.588,2.1616,661.44,OB,30m,validation,0.525,452
5.0,0.25,306,0.533,1.6841,515.34,OB,30m,validation,0.525,452
5.0,0.5,306,0.428,-0.0642,-19.63,OB,30m,validation,0.525,452
5.0,1.0,306,0.382,-2.1699,-664.0,OB,30m,validation,0.525,452
7.0,0.083,306,0.696,2.5195,770.98,OB,30m,validation,0.525,452
7.0,0.125,306,0.618,2.5149,769.56,OB,30m,validation,0.525,452
7.0,0.167,306,0.569,2.1695,663.86,OB,30m,validation,0.525,452
7.0,0.25,306,0.51,1.8317,560.5,OB,30m,validation,0.525,452
7.0,0.5,306,0.402,0.469,143.51,OB,30m,validation,0.525,452
7.0,1.0,306,0.333,-1.5551,-475.85,OB,30m,validation,0.525,452
10.0,0.083,306,0.69,2.3809,728.54,OB,30m,validation,0.525,452
10.0,0.125,306,0.605,2.2896,700.61,OB,30m,validation,0.525,452
10.0,0.167,306,0.556,1.9879,608.31,OB,30m,validation,0.525,452
10.0,0.25,306,0.493,1.7437,533.58,OB,30m,validation,0.525,452
10.0,0.5,306,0.369,0.5775,176.72,OB,30m,validation,0.525,452
10.0,1.0,306,0.284,-1.4053,-430.03,OB,30m,validation,0.525,452
2.0,0.083,304,0.724,2.0601,626.29,OB,30m,validation,0.55,452
2.0,0.125,304,0.688,2.0056,609.69,OB,30m,validation,0.55,452
2.0,0.167,304,0.664,1.7275,525.17,OB,30m,validation,0.55,452
2.0,0.25,304,0.628,1.1442,347.84,OB,30m,validation,0.55,452
2.0,0.5,304,0.549,-0.1548,-47.05,OB,30m,validation,0.55,452
2.0,1.0,304,0.457,-1.9549,-594.3,OB,30m,validation,0.55,452
3.0,0.083,304,0.714,2.2819,693.71,OB,30m,validation,0.55,452
3.0,0.125,304,0.661,2.4366,740.72,OB,30m,validation,0.55,452
3.0,0.167,304,0.632,1.9622,596.52,OB,30m,validation,0.55,452
3.0,0.25,304,0.595,1.3106,398.42,OB,30m,validation,0.55,452
3.0,0.5,304,0.513,-0.0831,-25.27,OB,30m,validation,0.55,452
3.0,1.0,304,0.451,-1.9436,-590.86,OB,30m,validation,0.55,452
4.0,0.083,304,0.701,2.2859,694.92,OB,30m,validation,0.55,452
4.0,0.125,304,0.635,2.4386,741.33,OB,30m,validation,0.55,452
4.0,0.167,304,0.595,1.99,604.96,OB,30m,validation,0.55,452
4.0,0.25,304,0.556,1.3043,396.5,OB,30m,validation,0.55,452
4.0,0.5,304,0.464,-0.2288,-69.56,OB,30m,validation,0.55,452
4.0,1.0,304,0.418,-2.2528,-684.85,OB,30m,validation,0.55,452
5.0,0.083,304,0.691,2.2289,677.58,OB,30m,validation,0.55,452
5.0,0.125,304,0.625,2.5398,772.11,OB,30m,validation,0.55,452
5.0,0.167,304,0.582,2.1289,647.19,OB,30m,validation,0.55,452
5.0,0.25,304,0.536,1.6413,498.95,OB,30m,validation,0.55,452
5.0,0.5,304,0.431,-0.0715,-21.75,OB,30m,validation,0.55,452
5.0,1.0,304,0.382,-2.1683,-659.18,OB,30m,validation,0.55,452
7.0,0.083,304,0.688,2.2588,686.67,OB,30m,validation,0.55,452
7.0,0.125,304,0.612,2.4735,751.94,OB,30m,validation,0.55,452
7.0,0.167,304,0.559,2.1185,644.01,OB,30m,validation,0.55,452
7.0,0.25,304,0.51,1.7778,540.47,OB,30m,validation,0.55,452
7.0,0.5,304,0.401,0.3879,117.93,OB,30m,validation,0.55,452
7.0,1.0,304,0.326,-1.6685,-507.23,OB,30m,validation,0.55,452
10.0,0.083,304,0.681,2.1192,644.23,OB,30m,validation,0.55,452
10.0,0.125,304,0.599,2.2439,682.15,OB,30m,validation,0.55,452
10.0,0.167,304,0.546,1.9288,586.36,OB,30m,validation,0.55,452
10.0,0.25,304,0.493,1.6609,504.92,OB,30m,validation,0.55,452
10.0,0.5,304,0.368,0.5196,157.97,OB,30m,validation,0.55,452
10.0,1.0,304,0.283,-1.494,-454.17,OB,30m,validation,0.55,452
2.0,0.083,304,0.714,2.0518,623.76,OB,30m,validation,0.575,452
2.0,0.125,304,0.678,1.9643,597.16,OB,30m,validation,0.575,452
2.0,0.167,304,0.658,1.6628,505.49,OB,30m,validation,0.575,452
2.0,0.25,304,0.618,1.0728,326.13,OB,30m,validation,0.575,452
2.0,0.5,304,0.546,-0.1731,-52.62,OB,30m,validation,0.575,452
2.0,1.0,304,0.457,-1.9471,-591.91,OB,30m,validation,0.575,452
3.0,0.083,304,0.707,2.298,698.59,OB,30m,validation,0.575,452
3.0,0.125,304,0.661,2.4838,755.08,OB,30m,validation,0.575,452
3.0,0.167,304,0.632,1.9896,604.83,OB,30m,validation,0.575,452
3.0,0.25,304,0.599,1.2968,394.23,OB,30m,validation,0.575,452
3.0,0.5,304,0.516,-0.1069,-32.51,OB,30m,validation,0.575,452
3.0,1.0,304,0.461,-1.9415,-590.21,OB,30m,validation,0.575,452
4.0,0.083,304,0.694,2.2997,699.11,OB,30m,validation,0.575,452
4.0,0.125,304,0.638,2.5644,779.58,OB,30m,validation,0.575,452
4.0,0.167,304,0.595,2.1057,640.14,OB,30m,validation,0.575,452
4.0,0.25,304,0.553,1.2427,377.78,OB,30m,validation,0.575,452
4.0,0.5,304,0.467,-0.193,-58.68,OB,30m,validation,0.575,452
4.0,1.0,304,0.424,-2.1029,-639.27,OB,30m,validation,0.575,452
5.0,0.083,304,0.684,2.2381,680.38,OB,30m,validation,0.575,452
5.0,0.125,304,0.625,2.5863,786.24,OB,30m,validation,0.575,452
5.0,0.167,304,0.579,2.1725,660.45,OB,30m,validation,0.575,452
5.0,0.25,304,0.53,1.5154,460.67,OB,30m,validation,0.575,452
5.0,0.5,304,0.431,-0.0785,-23.86,OB,30m,validation,0.575,452
5.0,1.0,304,0.388,-2.0666,-628.24,OB,30m,validation,0.575,452
7.0,0.083,304,0.681,2.2711,690.4,OB,30m,validation,0.575,452
7.0,0.125,304,0.612,2.5399,772.14,OB,30m,validation,0.575,452
7.0,0.167,304,0.556,2.1766,661.69,OB,30m,validation,0.575,452
7.0,0.25,304,0.503,1.665,506.16,OB,30m,validation,0.575,452
7.0,0.5,304,0.401,0.3834,116.57,OB,30m,validation,0.575,452
7.0,1.0,304,0.329,-1.6156,-491.15,OB,30m,validation,0.575,452
10.0,0.083,304,0.678,2.2753,691.7,OB,30m,validation,0.575,452
10.0,0.125,304,0.602,2.4501,744.83,OB,30m,validation,0.575,452
10.0,0.167,304,0.546,2.1217,645.0,OB,30m,validation,0.575,452
10.0,0.25,304,0.49,1.6715,508.15,OB,30m,validation,0.575,452
10.0,0.5,304,0.372,0.6814,207.16,OB,30m,validation,0.575,452
10.0,1.0,304,0.296,-1.2304,-374.06,OB,30m,validation,0.575,452
2.0,0.083,303,0.713,2.0334,616.11,OB,30m,validation,0.6,452
2.0,0.125,303,0.683,1.9075,577.98,OB,30m,validation,0.6,452
2.0,0.167,303,0.657,1.6,484.8,OB,30m,validation,0.6,452
2.0,0.25,303,0.614,1.0094,305.84,OB,30m,validation,0.6,452
2.0,0.5,303,0.538,-0.2379,-72.09,OB,30m,validation,0.6,452
2.0,1.0,303,0.436,-2.0128,-609.87,OB,30m,validation,0.6,452
3.0,0.083,303,0.703,2.2484,681.25,OB,30m,validation,0.6,452
3.0,0.125,303,0.66,2.3159,701.73,OB,30m,validation,0.6,452
3.0,0.167,303,0.634,1.8581,563.01,OB,30m,validation,0.6,452
3.0,0.25,303,0.601,1.2142,367.91,OB,30m,validation,0.6,452
3.0,0.5,303,0.525,-0.1834,-55.56,OB,30m,validation,0.6,452
3.0,1.0,303,0.459,-2.014,-610.24,OB,30m,validation,0.6,452
4.0,0.083,303,0.686,2.2255,674.32,OB,30m,validation,0.6,452
4.0,0.125,303,0.64,2.634,798.11,OB,30m,validation,0.6,452
4.0,0.167,303,0.601,2.2153,671.25,OB,30m,validation,0.6,452
4.0,0.25,303,0.561,1.514,458.76,OB,30m,validation,0.6,452
4.0,0.5,303,0.479,0.1064,32.24,OB,30m,validation,0.6,452
4.0,1.0,303,0.432,-1.7848,-540.81,OB,30m,validation,0.6,452
5.0,0.083,303,0.677,2.1499,651.41,OB,30m,validation,0.6,452
5.0,0.125,303,0.624,2.4954,756.11,OB,30m,validation,0.6,452
5.0,0.167,303,0.581,2.1389,648.08,OB,30m,validation,0.6,452
5.0,0.25,303,0.538,1.5226,461.35,OB,30m,validation,0.6,452
5.0,0.5,303,0.442,-0.0456,-13.81,OB,30m,validation,0.6,452
5.0,1.0,303,0.396,-2.042,-618.73,OB,30m,validation,0.6,452
7.0,0.083,303,0.673,2.2046,667.98,OB,30m,validation,0.6,452
7.0,0.125,303,0.611,2.4375,738.56,OB,30m,validation,0.6,452
7.0,0.167,303,0.561,2.1201,642.39,OB,30m,validation,0.6,452
7.0,0.25,303,0.505,1.6524,500.66,OB,30m,validation,0.6,452
7.0,0.5,303,0.406,0.3327,100.79,OB,30m,validation,0.6,452
7.0,1.0,303,0.333,-1.5359,-465.39,OB,30m,validation,0.6,452
10.0,0.083,303,0.67,2.2159,671.42,OB,30m,validation,0.6,452
10.0,0.125,303,0.601,2.3678,717.43,OB,30m,validation,0.6,452
10.0,0.167,303,0.551,2.0981,635.73,OB,30m,validation,0.6,452
10.0,0.25,303,0.492,1.7228,522.0,OB,30m,validation,0.6,452
10.0,0.5,303,0.376,0.7344,222.52,OB,30m,validation,0.6,452
10.0,1.0,303,0.297,-1.193,-361.47,OB,30m,validation,0.6,452
2.0,0.083,302,0.715,2.0942,632.46,OB,30m,validation,0.625,452
2.0,0.125,302,0.685,1.9341,584.09,OB,30m,validation,0.625,452
2.0,0.167,302,0.656,1.6128,487.06,OB,30m,validation,0.625,452
2.0,0.25,302,0.613,1.0551,318.63,OB,30m,validation,0.625,452
2.0,0.5,302,0.54,-0.1769,-53.41,OB,30m,validation,0.625,452
2.0,1.0,302,0.44,-1.9485,-588.45,OB,30m,validation,0.625,452
3.0,0.083,302,0.705,2.3052,696.17,OB,30m,validation,0.625,452
3.0,0.125,302,0.659,2.3563,711.61,OB,30m,validation,0.625,452
3.0,0.167,302,0.632,1.8722,565.39,OB,30m,validation,0.625,452
3.0,0.25,302,0.603,1.2528,378.36,OB,30m,validation,0.625,452
3.0,0.5,302,0.536,-0.0979,-29.58,OB,30m,validation,0.625,452
3.0,1.0,302,0.477,-1.9186,-579.43,OB,30m,validation,0.625,452
4.0,0.083,302,0.695,2.4061,726.65,OB,30m,validation,0.625,452
4.0,0.125,302,0.646,2.8213,852.02,OB,30m,validation,0.625,452
4.0,0.167,302,0.609,2.3961,723.63,OB,30m,validation,0.625,452
4.0,0.25,302,0.573,1.859,561.43,OB,30m,validation,0.625,452
4.0,0.5,302,0.497,0.413,124.72,OB,30m,validation,0.625,452
4.0,1.0,302,0.454,-1.4898,-449.91,OB,30m,validation,0.625,452
5.0,0.083,302,0.679,2.2177,669.74,OB,30m,validation,0.625,452
5.0,0.125,302,0.623,2.5853,780.75,OB,30m,validation,0.625,452
5.0,0.167,302,0.583,2.2169,669.51,OB,30m,validation,0.625,452
5.0,0.25,302,0.54,1.6113,486.62,OB,30m,validation,0.625,452
5.0,0.5,302,0.45,0.0718,21.7,OB,30m,validation,0.625,452
5.0,1.0,302,0.404,-1.9337,-583.98,OB,30m,validation,0.625,452
7.0,0.083,302,0.675,2.2771,687.69,OB,30m,validation,0.625,452
7.0,0.125,302,0.609,2.552,770.7,OB,30m,validation,0.625,452
7.0,0.167,302,0.563,2.2341,674.69,OB,30m,validation,0.625,452
7.0,0.25,302,0.507,1.8014,544.01,OB,30m,validation,0.625,452
7.0,0.5,302,0.417,0.4968,150.03,OB,30m,validation,0.625,452
7.0,1.0,302,0.348,-1.3246,-400.03,OB,30m,validation,0.625,452
10.0,0.083,302,0.672,2.2898,691.52,OB,30m,validation,0.625,452
10.0,0.125,302,0.599,2.4856,750.65,OB,30m,validation,0.625,452
10.0,0.167,302,0.553,2.2163,669.31,OB,30m,validation,0.625,452
10.0,0.25,302,0.493,1.8774,566.97,OB,30m,validation,0.625,452
10.0,0.5,302,0.387,0.9173,277.03,OB,30m,validation,0.625,452
10.0,1.0,302,0.311,-1.0003,-302.09,OB,30m,validation,0.625,452
2.0,0.083,301,0.714,2.2243,669.52,OB,30m,validation,0.65,452
2.0,0.125,301,0.684,2.0245,609.38,OB,30m,validation,0.65,452
2.0,0.167,301,0.654,1.6872,507.85,OB,30m,validation,0.65,452
2.0,0.25,301,0.605,1.1453,344.73,OB,30m,validation,0.65,452
2.0,0.5,301,0.532,-0.0766,-23.05,OB,30m,validation,0.65,452
2.0,1.0,301,0.429,-1.8427,-554.65,OB,30m,validation,0.65,452
3.0,0.083,301,0.704,2.5681,772.99,OB,30m,validation,0.65,452
3.0,0.125,301,0.664,2.5426,765.34,OB,30m,validation,0.65,452
3.0,0.167,301,0.635,2.2183,667.7,OB,30m,validation,0.65,452
3.0,0.25,301,0.598,1.5431,464.47,OB,30m,validation,0.65,452
3.0,0.5,301,0.538,0.1978,59.54,OB,30m,validation,0.65,452
3.0,1.0,301,0.472,-1.63,-490.64,OB,30m,validation,0.65,452
4.0,0.083,301,0.691,2.5447,765.97,OB,30m,validation,0.65,452
4.0,0.125,301,0.648,2.9174,878.13,OB,30m,validation,0.65,452
4.0,0.167,301,0.605,2.4547,738.85,OB,30m,validation,0.65,452
4.0,0.25,301,0.561,1.8549,558.32,OB,30m,validation,0.65,452
4.0,0.5,301,0.492,0.4648,139.9,OB,30m,validation,0.65,452
4.0,1.0,301,0.452,-1.4203,-427.51,OB,30m,validation,0.65,452
5.0,0.083,301,0.681,2.3855,718.04,OB,30m,validation,0.65,452
5.0,0.125,301,0.628,2.703,813.6,OB,30m,validation,0.65,452
5.0,0.167,301,0.578,2.2836,687.36,OB,30m,validation,0.65,452
5.0,0.25,301,0.528,1.5883,478.09,OB,30m,validation,0.65,452
5.0,0.5,301,0.442,0.0699,21.04,OB,30m,validation,0.65,452
5.0,1.0,301,0.402,-1.9332,-581.89,OB,30m,validation,0.65,452
7.0,0.083,301,0.674,2.46,740.45,OB,30m,validation,0.65,452
7.0,0.125,301,0.611,2.7229,819.58,OB,30m,validation,0.65,452
7.0,0.167,301,0.558,2.3871,718.51,OB,30m,validation,0.65,452
7.0,0.25,301,0.498,1.9153,576.51,OB,30m,validation,0.65,452
7.0,0.5,301,0.415,0.6244,187.95,OB,30m,validation,0.65,452
7.0,1.0,301,0.352,-1.2217,-367.74,OB,30m,validation,0.65,452
10.0,0.083,301,0.671,2.4395,734.29,OB,30m,validation,0.65,452
10.0,0.125,301,0.605,2.6725,804.44,OB,30m,validation,0.65,452
10.0,0.167,301,0.551,2.3756,715.05,OB,30m,validation,0.65,452
10.0,0.25,301,0.485,2.0024,602.72,OB,30m,validation,0.65,452
10.0,0.5,301,0.385,1.0704,322.19,OB,30m,validation,0.65,452
10.0,1.0,301,0.316,-0.8771,-264.01,OB,30m,validation,0.65,452
2.0,0.083,301,0.704,2.0578,619.39,OB,30m,validation,0.675,452
2.0,0.125,301,0.678,1.8274,550.06,OB,30m,validation,0.675,452
2.0,0.167,301,0.658,1.49,448.49,OB,30m,validation,0.675,452
2.0,0.25,301,0.598,0.9496,285.84,OB,30m,validation,0.675,452
2.0,0.5,301,0.528,-0.2747,-82.7,OB,30m,validation,0.675,452
2.0,1.0,301,0.422,-2.048,-616.45,OB,30m,validation,0.675,452
3.0,0.083,301,0.701,2.3701,713.41,OB,30m,validation,0.675,452
3.0,0.125,301,0.661,2.3014,692.71,OB,30m,validation,0.675,452
3.0,0.167,301,0.638,1.9899,598.95,OB,30m,validation,0.675,452
3.0,0.25,301,0.591,1.3364,402.27,OB,30m,validation,0.675,452
3.0,0.5,301,0.535,-0.0093,-2.79,OB,30m,validation,0.675,452
3.0,1.0,301,0.468,-1.8471,-555.97,OB,30m,validation,0.675,452
4.0,0.083,301,0.684,2.4083,724.89,OB,30m,validation,0.675,452
4.0,0.125,301,0.641,2.7012,813.05,OB,30m,validation,0.675,452
4.0,0.167,301,0.605,2.2645,681.62,OB,30m,validation,0.675,452
4.0,0.25,301,0.555,1.7179,517.09,OB,30m,validation,0.675,452
4.0,0.5,301,0.498,0.3721,112.0,OB,30m,validation,0.675,452
4.0,1.0,301,0.462,-1.4826,-446.27,OB,30m,validation,0.675,452
5.0,0.083,301,0.671,2.2393,674.02,OB,30m,validation,0.675,452
5.0,0.125,301,0.625,2.579,776.29,OB,30m,validation,0.675,452
5.0,0.167,301,0.585,2.1952,660.75,OB,30m,validation,0.675,452
5.0,0.25,301,0.532,1.4841,446.72,OB,30m,validation,0.675,452
5.0,0.5,301,0.445,-0.0269,-8.09,OB,30m,validation,0.675,452
5.0,1.0,301,0.405,-2.0289,-610.7,OB,30m,validation,0.675,452
7.0,0.083,301,0.668,2.3318,701.88,OB,30m,validation,0.675,452
7.0,0.125,301,0.608,2.6127,786.42,OB,30m,validation,0.675,452
7.0,0.167,301,0.561,2.2642,681.51,OB,30m,validation,0.675,452
7.0,0.25,301,0.502,1.7746,534.14,OB,30m,validation,0.675,452
7.0,0.5,301,0.419,0.4675,140.71,OB,30m,validation,0.675,452
7.0,1.0,301,0.359,-1.4088,-424.06,OB,30m,validation,0.675,452
10.0,0.083,301,0.661,2.2596,680.15,OB,30m,validation,0.675,452
10.0,0.125,301,0.598,2.5913,779.99,OB,30m,validation,0.675,452
10.0,0.167,301,0.551,2.2781,685.71,OB,30m,validation,0.675,452
10.0,0.25,301,0.478,1.6337,491.74,OB,30m,validation,0.675,452
10.0,0.5,301,0.379,0.6695,201.52,OB,30m,validation,0.675,452
10.0,1.0,301,0.312,-1.3054,-392.91,OB,30m,validation,0.675,452
2.0,0.083,301,0.711,2.1253,639.71,OB,30m,validation,0.7,452
2.0,0.125,301,0.681,1.9012,572.26,OB,30m,validation,0.7,452
2.0,0.167,301,0.664,1.5766,474.55,OB,30m,validation,0.7,452
2.0,0.25,301,0.618,1.0532,317.02,OB,30m,validation,0.7,452
2.0,0.5,301,0.538,-0.1473,-44.33,OB,30m,validation,0.7,452
2.0,1.0,301,0.432,-1.9015,-572.35,OB,30m,validation,0.7,452
3.0,0.083,301,0.711,2.3844,717.7,OB,30m,validation,0.7,452
3.0,0.125,301,0.668,2.3427,705.17,OB,30m,validation,0.7,452
3.0,0.167,301,0.641,2.0607,620.27,OB,30m,validation,0.7,452
3.0,0.25,301,0.605,1.4424,434.17,OB,30m,validation,0.7,452
3.0,0.5,301,0.538,0.1355,40.78,OB,30m,validation,0.7,452
3.0,1.0,301,0.472,-1.6744,-504.0,OB,30m,validation,0.7,452
4.0,0.083,301,0.701,2.4751,745.0,OB,30m,validation,0.7,452
4.0,0.125,301,0.648,2.7302,821.79,OB,30m,validation,0.7,452
4.0,0.167,301,0.608,2.2626,681.05,OB,30m,validation,0.7,452
4.0,0.25,301,0.568,1.6864,507.61,OB,30m,validation,0.7,452
4.0,0.5,301,0.498,0.3559,107.11,OB,30m,validation,0.7,452
4.0,1.0,301,0.462,-1.4612,-439.82,OB,30m,validation,0.7,452
5.0,0.083,301,0.684,2.2911,689.62,OB,30m,validation,0.7,452
5.0,0.125,301,0.628,2.6154,787.25,OB,30m,validation,0.7,452
5.0,0.167,301,0.585,2.2037,663.32,OB,30m,validation,0.7,452
5.0,0.25,301,0.548,1.5684,472.1,OB,30m,validation,0.7,452
5.0,0.5,301,0.452,0.1698,51.1,OB,30m,validation,0.7,452
5.0,1.0,301,0.412,-1.7892,-538.55,OB,30m,validation,0.7,452
7.0,0.083,301,0.681,2.4122,726.07,OB,30m,validation,0.7,452
7.0,0.125,301,0.615,2.7222,819.38,OB,30m,validation,0.7,452
7.0,0.167,301,0.565,2.3888,719.04,OB,30m,validation,0.7,452
7.0,0.25,301,0.518,1.9238,579.06,OB,30m,validation,0.7,452
7.0,0.5,301,0.422,0.5981,180.03,OB,30m,validation,0.7,452
7.0,1.0,301,0.362,-1.2961,-390.13,OB,30m,validation,0.7,452
10.0,0.083,301,0.674,2.3057,694.02,OB,30m,validation,0.7,452
10.0,0.125,301,0.605,2.6392,794.39,OB,30m,validation,0.7,452
10.0,0.167,301,0.551,2.3288,700.96,OB,30m,validation,0.7,452
10.0,0.25,301,0.492,1.695,510.2,OB,30m,validation,0.7,452
10.0,0.5,301,0.382,0.6948,209.14,OB,30m,validation,0.7,452
10.0,1.0,301,0.312,-1.3808,-415.63,OB,30m,validation,0.7,452
2.0,0.083,249,0.771,2.7129,675.51,OB,30m,holdout,0.3,368
2.0,0.125,249,0.719,2.9408,732.26,OB,30m,holdout,0.3,368
2.0,0.167,249,0.699,2.4885,619.65,OB,30m,holdout,0.3,368
2.0,0.25,249,0.675,2.1118,525.84,OB,30m,holdout,0.3,368
2.0,0.5,249,0.614,0.5061,126.01,OB,30m,holdout,0.3,368
2.0,1.0,249,0.45,-1.5,-373.49,OB,30m,holdout,0.3,368
3.0,0.083,249,0.747,2.8189,701.9,OB,30m,holdout,0.3,368
3.0,0.125,249,0.683,3.3227,827.34,OB,30m,holdout,0.3,368
3.0,0.167,249,0.651,2.9712,739.82,OB,30m,holdout,0.3,368
3.0,0.25,249,0.618,2.8584,711.75,OB,30m,holdout,0.3,368
3.0,0.5,249,0.554,1.0756,267.83,OB,30m,holdout,0.3,368
3.0,1.0,249,0.438,-1.1691,-291.1,OB,30m,holdout,0.3,368
4.0,0.083,249,0.747,2.9748,740.73,OB,30m,holdout,0.3,368
4.0,0.125,249,0.679,3.7246,927.44,OB,30m,holdout,0.3,368
4.0,0.167,249,0.635,3.4837,867.45,OB,30m,holdout,0.3,368
4.0,0.25,249,0.606,3.5702,888.97,OB,30m,holdout,0.3,368
4.0,0.5,249,0.53,1.9384,482.66,OB,30m,holdout,0.3,368
4.0,1.0,249,0.43,-0.1947,-48.48,OB,30m,holdout,0.3,368
5.0,0.083,249,0.739,2.9293,729.41,OB,30m,holdout,0.3,368
5.0,0.125,249,0.667,3.7931,944.48,OB,30m,holdout,0.3,368
5.0,0.167,249,0.627,3.6545,909.96,OB,30m,holdout,0.3,368
5.0,0.25,249,0.602,3.969,988.27,OB,30m,holdout,0.3,368
5.0,0.5,249,0.526,2.532,630.46,OB,30m,holdout,0.3,368
5.0,1.0,249,0.422,0.2461,61.29,OB,30m,holdout,0.3,368
7.0,0.083,249,0.735,2.9968,746.19,OB,30m,holdout,0.3,368
7.0,0.125,249,0.667,3.9788,990.73,OB,30m,holdout,0.3,368
7.0,0.167,249,0.627,3.883,966.86,OB,30m,holdout,0.3,368
7.0,0.25,249,0.598,4.2591,1060.53,OB,30m,holdout,0.3,368
7.0,0.5,249,0.51,3.1349,780.58,OB,30m,holdout,0.3,368
7.0,1.0,249,0.394,1.1356,282.77,OB,30m,holdout,0.3,368
10.0,0.083,249,0.727,2.6604,662.44,OB,30m,holdout,0.3,368
10.0,0.125,249,0.647,3.5803,891.5,OB,30m,holdout,0.3,368
10.0,0.167,249,0.602,3.4612,861.83,OB,30m,holdout,0.3,368
10.0,0.25,249,0.574,3.9314,978.91,OB,30m,holdout,0.3,368
10.0,0.5,249,0.47,2.7753,691.06,OB,30m,holdout,0.3,368
10.0,1.0,249,0.353,0.6622,164.89,OB,30m,holdout,0.3,368
2.0,0.083,248,0.77,2.724,675.55,OB,30m,holdout,0.325,368
2.0,0.125,248,0.718,2.9088,721.38,OB,30m,holdout,0.325,368
2.0,0.167,248,0.694,2.4083,597.26,OB,30m,holdout,0.325,368
2.0,0.25,248,0.673,2.0265,502.56,OB,30m,holdout,0.325,368
2.0,0.5,248,0.613,0.4065,100.81,OB,30m,holdout,0.325,368
2.0,1.0,248,0.448,-1.5235,-377.84,OB,30m,holdout,0.325,368
3.0,0.083,248,0.746,2.8493,706.63,OB,30m,holdout,0.325,368
3.0,0.125,248,0.681,3.2843,814.5,OB,30m,holdout,0.325,368
3.0,0.167,248,0.645,2.8658,710.71,OB,30m,holdout,0.325,368
3.0,0.25,248,0.617,2.7188,674.26,OB,30m,holdout,0.325,368
3.0,0.5,248,0.556,0.892,221.2,OB,30m,holdout,0.325,368
3.0,1.0,248,0.431,-1.2736,-315.85,OB,30m,holdout,0.325,368
4.0,0.083,248,0.746,3.0354,752.79,OB,30m,holdout,0.325,368
4.0,0.125,248,0.677,3.7619,932.96,OB,30m,holdout,0.325,368
4.0,0.167,248,0.629,3.457,857.32,OB,30m,holdout,0.325,368
4.0,0.25,248,0.605,3.5156,871.87,OB,30m,holdout,0.325,368
4.0,0.5,248,0.536,1.8701,463.8,OB,30m,holdout,0.325,368
4.0,1.0,248,0.431,-0.2902,-71.98,OB,30m,holdout,0.325,368
5.0,0.083,248,0.738,3.004,745.0,OB,30m,holdout,0.325,368
5.0,0.125,248,0.665,3.8502,954.85,OB,30m,holdout,0.325,368
5.0,0.167,248,0.621,3.6594,907.53,OB,30m,holdout,0.325,368
5.0,0.25,248,0.601,3.957,981.33,OB,30m,holdout,0.325,368
5.0,0.5,248,0.532,2.5528,633.09,OB,30m,holdout,0.325,368
5.0,1.0,248,0.423,0.2879,71.39,OB,30m,holdout,0.325,368
7.0,0.083,248,0.734,3.0714,761.7,OB,30m,holdout,0.325,368
7.0,0.125,248,0.665,4.0398,1001.87,OB,30m,holdout,0.325,368
7.0,0.167,248,0.621,3.8996,967.1,OB,30m,holdout,0.325,368
7.0,0.25,248,0.597,4.2736,1059.84,OB,30m,holdout,0.325,368
7.0,0.5,248,0.516,3.1898,791.07,OB,30m,holdout,0.325,368
7.0,1.0,248,0.395,1.2476,309.4,OB,30m,holdout,0.325,368
10.0,0.083,248,0.726,2.7536,682.88,OB,30m,holdout,0.325,368
10.0,0.125,248,0.649,3.7298,924.98,OB,30m,holdout,0.325,368
10.0,0.167,248,0.601,3.5694,885.22,OB,30m,holdout,0.325,368
10.0,0.25,248,0.577,4.0405,1002.04,OB,30m,holdout,0.325,368
10.0,0.5,248,0.48,2.9285,726.28,OB,30m,holdout,0.325,368
10.0,1.0,248,0.359,0.8566,212.43,OB,30m,holdout,0.325,368
2.0,0.083,249,0.763,2.5833,643.25,OB,30m,holdout,0.35,368
2.0,0.125,249,0.711,2.5034,623.36,OB,30m,holdout,0.35,368
2.0,0.167,249,0.691,1.9676,489.94,OB,30m,holdout,0.35,368
2.0,0.25,249,0.667,1.5857,394.85,OB,30m,holdout,0.35,368
2.0,0.5,249,0.606,0.2562,63.79,OB,30m,holdout,0.35,368
2.0,1.0,249,0.458,-1.6199,-403.34,OB,30m,holdout,0.35,368
3.0,0.083,249,0.743,2.7551,686.02,OB,30m,holdout,0.35,368
3.0,0.125,249,0.683,2.9818,742.47,OB,30m,holdout,0.35,368
3.0,0.167,249,0.647,2.55,634.96,OB,30m,holdout,0.35,368
3.0,0.25,249,0.618,2.4096,600.0,OB,30m,holdout,0.35,368
3.0,0.5,249,0.558,0.8414,209.5,OB,30m,holdout,0.35,368
3.0,1.0,249,0.434,-1.2665,-315.35,OB,30m,holdout,0.35,368
4.0,0.083,249,0.739,2.9212,727.38,OB,30m,holdout,0.35,368
4.0,0.125,249,0.671,3.3862,843.16,OB,30m,holdout,0.35,368
4.0,0.167,249,0.622,3.0543,760.52,OB,30m,holdout,0.35,368
4.0,0.25,249,0.598,3.0964,771.0,OB,30m,holdout,0.35,368
4.0,0.5,249,0.53,1.6861,419.84,OB,30m,holdout,0.35,368
4.0,1.0,249,0.434,-0.4972,-123.8,OB,30m,holdout,0.35,368
5.0,0.083,249,0.731,2.8958,721.05,OB,30m,holdout,0.35,368
5.0,0.125,249,0.659,3.4929,869.73,OB,30m,holdout,0.35,368
5.0,0.167,249,0.614,3.2667,813.4,OB,30m,holdout,0.35,368
5.0,0.25,249,0.594,3.5141,875.01,OB,30m,holdout,0.35,368
5.0,0.5,249,0.526,2.3745,591.25,OB,30m,holdout,0.35,368
5.0,1.0,249,0.426,0.1473,36.68,OB,30m,holdout,0.35,368
7.0,0.083,249,0.727,2.9625,737.65,OB,30m,holdout,0.35,368
7.0,0.125,249,0.659,3.6879,918.3,OB,30m,holdout,0.35,368
7.0,0.167,249,0.614,3.5287,878.65,OB,30m,holdout,0.35,368
7.0,0.25,249,0.59,3.8575,960.53,OB,30m,holdout,0.35,368
7.0,0.5,249,0.51,3.021,752.23,OB,30m,holdout,0.35,368
7.0,1.0,249,0.398,1.0654,265.28,OB,30m,holdout,0.35,368
10.0,0.083,249,0.719,2.6468,659.06,OB,30m,holdout,0.35,368
10.0,0.125,249,0.643,3.3832,842.41,OB,30m,holdout,0.35,368
10.0,0.167,249,0.594,3.2112,799.58,OB,30m,holdout,0.35,368
10.0,0.25,249,0.57,3.5859,892.88,OB,30m,holdout,0.35,368
10.0,0.5,249,0.47,2.7003,672.39,OB,30m,holdout,0.35,368
10.0,1.0,249,0.357,0.6455,160.73,OB,30m,holdout,0.35,368
2.0,0.083,247,0.769,2.7157,670.77,OB,30m,holdout,0.375,368
2.0,0.125,247,0.721,2.5971,641.49,OB,30m,holdout,0.375,368
2.0,0.167,247,0.696,2.0511,506.61,OB,30m,holdout,0.375,368
2.0,0.25,247,0.668,1.6642,411.05,OB,30m,holdout,0.375,368
2.0,0.5,247,0.603,0.361,89.17,OB,30m,holdout,0.375,368
2.0,1.0,247,0.462,-1.5348,-379.1,OB,30m,holdout,0.375,368
3.0,0.083,247,0.745,2.8825,711.99,OB,30m,holdout,0.375,368
3.0,0.125,247,0.692,3.0696,758.18,OB,30m,holdout,0.375,368
3.0,0.167,247,0.652,2.605,643.43,OB,30m,holdout,0.375,368
3.0,0.25,247,0.623,2.4522,605.7,OB,30m,holdout,0.375,368
3.0,0.5,247,0.559,0.8886,219.49,OB,30m,holdout,0.375,368
3.0,1.0,247,0.441,-1.277,-315.43,OB,30m,holdout,0.375,368
4.0,0.083,247,0.741,3.0683,757.87,OB,30m,holdout,0.375,368
4.0,0.125,247,0.68,3.5346,873.06,OB,30m,holdout,0.375,368
4.0,0.167,247,0.628,3.1995,790.28,OB,30m,holdout,0.375,368
4.0,0.25,247,0.599,3.2215,795.72,OB,30m,holdout,0.375,368
4.0,0.5,247,0.526,1.8091,446.84,OB,30m,holdout,0.375,368
4.0,1.0,247,0.437,-0.398,-98.3,OB,30m,holdout,0.375,368
5.0,0.083,247,0.733,3.0294,748.26,OB,30m,holdout,0.375,368
5.0,0.125,247,0.668,3.6368,898.29,OB,30m,holdout,0.375,368
5.0,0.167,247,0.619,3.418,844.24,OB,30m,holdout,0.375,368
5.0,0.25,247,0.595,3.6657,905.43,OB,30m,holdout,0.375,368
5.0,0.5,247,0.522,2.4365,601.81,OB,30m,holdout,0.375,368
5.0,1.0,247,0.429,0.1362,33.64,OB,30m,holdout,0.375,368
7.0,0.083,247,0.729,3.0954,764.55,OB,30m,holdout,0.375,368
7.0,0.125,247,0.668,3.8209,943.77,OB,30m,holdout,0.375,368
7.0,0.167,247,0.619,3.6617,904.43,OB,30m,holdout,0.375,368
7.0,0.25,247,0.591,3.9928,986.22,OB,30m,holdout,0.375,368
7.0,0.5,247,0.506,3.1465,777.2,OB,30m,holdout,0.375,368
7.0,1.0,247,0.405,1.2587,310.89,OB,30m,holdout,0.375,368
10.0,0.083,247,0.721,2.7781,686.2,OB,30m,holdout,0.375,368
10.0,0.125,247,0.652,3.5141,867.99,OB,30m,holdout,0.375,368
10.0,0.167,247,0.599,3.3395,824.85,OB,30m,holdout,0.375,368
10.0,0.25,247,0.571,3.7177,918.27,OB,30m,holdout,0.375,368
10.0,0.5,247,0.466,2.8353,700.33,OB,30m,holdout,0.375,368
10.0,1.0,247,0.36,0.6301,155.63,OB,30m,holdout,0.375,368
2.0,0.083,248,0.77,2.5874,641.67,OB,30m,holdout,0.4,368
2.0,0.125,248,0.718,2.4415,605.49,OB,30m,holdout,0.4,368
2.0,0.167,248,0.698,1.8981,470.73,OB,30m,holdout,0.4,368
2.0,0.25,248,0.665,1.5045,373.11,OB,30m,holdout,0.4,368
2.0,0.5,248,0.593,0.2354,58.37,OB,30m,holdout,0.4,368
2.0,1.0,248,0.464,-1.5633,-387.69,OB,30m,holdout,0.4,368
3.0,0.083,248,0.742,2.7002,669.64,OB,30m,holdout,0.4,368
3.0,0.125,248,0.685,2.8742,712.81,OB,30m,holdout,0.4,368
3.0,0.167,248,0.657,2.3717,588.19,OB,30m,holdout,0.4,368
3.0,0.25,248,0.621,2.1601,535.71,OB,30m,holdout,0.4,368
3.0,0.5,248,0.552,0.6842,169.69,OB,30m,holdout,0.4,368
3.0,1.0,248,0.444,-1.3544,-335.88,OB,30m,holdout,0.4,368
4.0,0.083,248,0.738,2.8979,718.68,OB,30m,holdout,0.4,368
4.0,0.125,248,0.673,3.2918,816.38,OB,30m,holdout,0.4,368
4.0,0.167,248,0.633,2.8805,714.36,OB,30m,holdout,0.4,368
4.0,0.25,248,0.597,2.8527,707.47,OB,30m,holdout,0.4,368
4.0,0.5,248,0.52,1.439,356.88,OB,30m,holdout,0.4,368
4.0,1.0,248,0.423,-0.6554,-162.54,OB,30m,holdout,0.4,368
5.0,0.083,248,0.73,2.8919,717.2,OB,30m,holdout,0.4,368
5.0,0.125,248,0.661,3.5189,872.69,OB,30m,holdout,0.4,368
5.0,0.167,248,0.625,3.2387,803.2,OB,30m,holdout,0.4,368
5.0,0.25,248,0.589,3.4373,852.45,OB,30m,holdout,0.4,368
5.0,0.5,248,0.516,2.1491,532.98,OB,30m,holdout,0.4,368
5.0,1.0,248,0.423,0.1005,24.92,OB,30m,holdout,0.4,368
7.0,0.083,248,0.726,2.9581,733.62,OB,30m,holdout,0.4,368
7.0,0.125,248,0.661,3.7081,919.6,OB,30m,holdout,0.4,368
7.0,0.167,248,0.625,3.4966,867.15,OB,30m,holdout,0.4,368
7.0,0.25,248,0.585,3.7965,941.53,OB,30m,holdout,0.4,368
7.0,0.5,248,0.5,2.8911,716.99,OB,30m,holdout,0.4,368
7.0,1.0,248,0.399,0.9222,228.71,OB,30m,holdout,0.4,368
10.0,0.083,248,0.718,2.6432,655.51,OB,30m,holdout,0.4,368
10.0,0.125,248,0.645,3.4033,844.02,OB,30m,holdout,0.4,368
10.0,0.167,248,0.605,3.1761,787.68,OB,30m,holdout,0.4,368
10.0,0.25,248,0.565,3.5324,876.03,OB,30m,holdout,0.4,368
10.0,0.5,248,0.46,2.6704,662.26,OB,30m,holdout,0.4,368
10.0,1.0,248,0.355,0.5337,132.35,OB,30m,holdout,0.4,368
2.0,0.083,250,0.764,2.5775,644.36,OB,30m,holdout,0.425,368
2.0,0.125,250,0.724,2.3283,582.08,OB,30m,holdout,0.425,368
2.0,0.167,250,0.692,1.7498,437.45,OB,30m,holdout,0.425,368
2.0,0.25,250,0.66,1.3235,330.87,OB,30m,holdout,0.425,368
2.0,0.5,250,0.596,-0.0055,-1.38,OB,30m,holdout,0.425,368
2.0,1.0,250,0.472,-1.7964,-449.09,OB,30m,holdout,0.425,368
3.0,0.083,250,0.74,2.701,675.26,OB,30m,holdout,0.425,368
3.0,0.125,250,0.7,2.8663,716.56,OB,30m,holdout,0.425,368
3.0,0.167,250,0.66,2.3358,583.96,OB,30m,holdout,0.425,368
3.0,0.25,250,0.62,2.0967,524.18,OB,30m,holdout,0.425,368
3.0,0.5,250,0.556,0.581,145.25,OB,30m,holdout,0.425,368
3.0,1.0,250,0.448,-1.4287,-357.19,OB,30m,holdout,0.425,368
4.0,0.083,250,0.732,2.8956,723.9,OB,30m,holdout,0.425,368
4.0,0.125,250,0.68,3.2521,813.01,OB,30m,holdout,0.425,368
4.0,0.167,250,0.632,2.8434,710.85,OB,30m,holdout,0.425,368
4.0,0.25,250,0.592,2.7982,699.55,OB,30m,holdout,0.425,368
4.0,0.5,250,0.52,1.329,332.26,OB,30m,holdout,0.425,368
4.0,1.0,250,0.42,-0.7194,-179.84,OB,30m,holdout,0.425,368
5.0,0.083,250,0.724,2.8888,722.21,OB,30m,holdout,0.425,368
5.0,0.125,250,0.668,3.4609,865.22,OB,30m,holdout,0.425,368
5.0,0.167,250,0.624,3.1782,794.56,OB,30m,holdout,0.425,368
5.0,0.25,250,0.584,3.3344,833.59,OB,30m,holdout,0.425,368
5.0,0.5,250,0.516,1.9464,486.6,OB,30m,holdout,0.425,368
5.0,1.0,250,0.424,-0.1131,-28.27,OB,30m,holdout,0.425,368
7.0,0.083,250,0.72,2.9571,739.28,OB,30m,holdout,0.425,368
7.0,0.125,250,0.668,3.657,914.25,OB,30m,holdout,0.425,368
7.0,0.167,250,0.624,3.4486,862.14,OB,30m,holdout,0.425,368
7.0,0.25,250,0.58,3.7405,935.12,OB,30m,holdout,0.425,368
7.0,0.5,250,0.5,2.8239,705.98,OB,30m,holdout,0.425,368
7.0,1.0,250,0.4,0.8921,223.02,OB,30m,holdout,0.425,368
10.0,0.083,250,0.712,2.6456,661.4,OB,30m,holdout,0.425,368
10.0,0.125,250,0.652,3.3555,838.87,OB,30m,holdout,0.425,368
10.0,0.167,250,0.604,3.1316,782.9,OB,30m,holdout,0.425,368
10.0,0.25,250,0.56,3.4812,870.3,OB,30m,holdout,0.425,368
10.0,0.5,250,0.46,2.6281,657.02,OB,30m,holdout,0.425,368
10.0,1.0,250,0.356,0.543,135.75,OB,30m,holdout,0.425,368
2.0,0.083,252,0.762,2.5128,633.22,OB,30m,holdout,0.45,368
2.0,0.125,252,0.718,2.2063,555.98,OB,30m,holdout,0.45,368
2.0,0.167,252,0.683,1.685,424.63,OB,30m,holdout,0.45,368
2.0,0.25,252,0.655,1.2421,313.02,OB,30m,holdout,0.45,368
2.0,0.5,252,0.587,-0.0556,-14.0,OB,30m,holdout,0.45,368
2.0,1.0,252,0.464,-1.8107,-456.29,OB,30m,holdout,0.45,368
3.0,0.083,252,0.738,2.6447,666.46,OB,30m,holdout,0.45,368
3.0,0.125,252,0.694,2.7511,693.29,OB,30m,holdout,0.45,368
3.0,0.167,252,0.651,2.2619,570.0,OB,30m,holdout,0.45,368
3.0,0.25,252,0.615,1.978,498.46,OB,30m,holdout,0.45,368
3.0,0.5,252,0.548,0.4415,111.25,OB,30m,holdout,0.45,368
3.0,1.0,252,0.448,-1.5445,-389.22,OB,30m,holdout,0.45,368
4.0,0.083,252,0.73,2.8397,715.62,OB,30m,holdout,0.45,368
4.0,0.125,252,0.675,3.1202,786.29,OB,30m,holdout,0.45,368
4.0,0.167,252,0.623,2.7332,688.77,OB,30m,holdout,0.45,368
4.0,0.25,252,0.587,2.6293,662.59,OB,30m,holdout,0.45,368
4.0,0.5,252,0.512,1.15,289.81,OB,30m,holdout,0.45,368
4.0,1.0,252,0.417,-0.8911,-224.55,OB,30m,holdout,0.45,368
5.0,0.083,252,0.722,2.845,716.95,OB,30m,holdout,0.45,368
5.0,0.125,252,0.663,3.3609,846.94,OB,30m,holdout,0.45,368
5.0,0.167,252,0.615,3.1284,788.36,OB,30m,holdout,0.45,368
5.0,0.25,252,0.583,3.2545,820.14,OB,30m,holdout,0.45,368
5.0,0.5,252,0.508,1.8489,465.92,OB,30m,holdout,0.45,368
5.0,1.0,252,0.421,-0.1755,-44.23,OB,30m,holdout,0.45,368
7.0,0.083,252,0.718,2.9116,733.73,OB,30m,holdout,0.45,368
7.0,0.125,252,0.663,3.551,894.85,OB,30m,holdout,0.45,368
7.0,0.167,252,0.615,3.3872,853.57,OB,30m,holdout,0.45,368
7.0,0.25,252,0.579,3.6527,920.47,OB,30m,holdout,0.45,368
7.0,0.5,252,0.492,2.7531,693.77,OB,30m,holdout,0.45,368
7.0,1.0,252,0.401,0.8534,215.05,OB,30m,holdout,0.45,368
10.0,0.083,252,0.71,2.6043,656.27,OB,30m,holdout,0.45,368
10.0,0.125,252,0.647,3.2558,820.47,OB,30m,holdout,0.45,368
10.0,0.167,252,0.595,3.079,775.92,OB,30m,holdout,0.45,368
10.0,0.25,252,0.56,3.4161,860.85,OB,30m,holdout,0.45,368
10.0,0.5,252,0.456,2.6282,662.3,OB,30m,holdout,0.45,368
10.0,1.0,252,0.357,0.5938,149.63,OB,30m,holdout,0.45,368
2.0,0.083,249,0.759,2.5467,634.14,OB,30m,holdout,0.475,368
2.0,0.125,249,0.715,2.3041,573.72,OB,30m,holdout,0.475,368
2.0,0.167,249,0.699,1.9895,495.38,OB,30m,holdout,0.475,368
2.0,0.25,249,0.663,1.5017,373.91,OB,30m,holdout,0.475,368
2.0,0.5,249,0.578,0.148,36.84,OB,30m,holdout,0.475,368
2.0,1.0,249,0.462,-1.6616,-413.73,OB,30m,holdout,0.475,368
3.0,0.083,249,0.739,2.7539,685.73,OB,30m,holdout,0.475,368
3.0,0.125,249,0.691,2.794,695.7,OB,30m,holdout,0.475,368
3.0,0.167,249,0.663,2.528,629.47,OB,30m,holdout,0.475,368
3.0,0.25,249,0.618,2.2196,552.68,OB,30m,holdout,0.475,368
3.0,0.5,249,0.546,0.6571,163.62,OB,30m,holdout,0.475,368
3.0,1.0,249,0.446,-1.3859,-345.08,OB,30m,holdout,0.475,368
4.0,0.083,249,0.731,2.9345,730.69,OB,30m,holdout,0.475,368
4.0,0.125,249,0.671,3.2272,803.57,OB,30m,holdout,0.475,368
4.0,0.167,249,0.639,3.0629,762.65,OB,30m,holdout,0.475,368
4.0,0.25,249,0.594,2.9167,726.26,OB,30m,holdout,0.475,368
4.0,0.5,249,0.514,1.3719,341.61,OB,30m,holdout,0.475,368
4.0,1.0,249,0.418,-0.6691,-166.6,OB,30m,holdout,0.475,368
5.0,0.083,249,0.723,2.9517,734.97,OB,30m,holdout,0.475,368
5.0,0.125,249,0.659,3.473,864.77,OB,30m,holdout,0.475,368
5.0,0.167,249,0.627,3.4744,865.13,OB,30m,holdout,0.475,368
5.0,0.25,249,0.586,3.576,890.42,OB,30m,holdout,0.475,368
5.0,0.5,249,0.51,2.0898,520.36,OB,30m,holdout,0.475,368
5.0,1.0,249,0.422,-0.0183,-4.56,OB,30m,holdout,0.475,368
7.0,0.083,249,0.719,3.0076,748.89,OB,30m,holdout,0.475,368
7.0,0.125,249,0.659,3.6424,906.96,OB,30m,holdout,0.475,368
7.0,0.167,249,0.627,3.7058,922.76,OB,30m,holdout,0.475,368
7.0,0.25,249,0.586,3.9275,977.96,OB,30m,holdout,0.475,368
7.0,0.5,249,0.494,2.9878,743.97,OB,30m,holdout,0.475,368
7.0,1.0,249,0.398,1.0295,256.35,OB,30m,holdout,0.475,368
10.0,0.083,249,0.711,2.6975,671.67,OB,30m,holdout,0.475,368
10.0,0.125,249,0.643,3.3445,832.77,OB,30m,holdout,0.475,368
10.0,0.167,249,0.606,3.3961,845.62,OB,30m,holdout,0.475,368
10.0,0.25,249,0.566,3.7059,922.76,OB,30m,holdout,0.475,368
10.0,0.5,249,0.458,2.8542,710.71,OB,30m,holdout,0.475,368
10.0,1.0,249,0.353,0.728,181.28,OB,30m,holdout,0.475,368
2.0,0.083,249,0.763,2.6153,651.22,OB,30m,holdout,0.5,368
2.0,0.125,249,0.711,2.4991,622.27,OB,30m,holdout,0.5,368
2.0,0.167,249,0.695,2.1869,544.55,OB,30m,holdout,0.5,368
2.0,0.25,249,0.659,1.6182,402.93,OB,30m,holdout,0.5,368
2.0,0.5,249,0.578,0.2153,53.61,OB,30m,holdout,0.5,368
2.0,1.0,249,0.454,-1.5654,-389.79,OB,30m,holdout,0.5,368
3.0,0.083,249,0.735,2.5837,643.34,OB,30m,holdout,0.5,368
3.0,0.125,249,0.683,2.7008,672.5,OB,30m,holdout,0.5,368
3.0,0.167,249,0.651,2.4292,604.86,OB,30m,holdout,0.5,368
3.0,0.25,249,0.61,2.029,505.21,OB,30m,holdout,0.5,368
3.0,0.5,249,0.558,0.6076,151.3,OB,30m,holdout,0.5,368
3.0,1.0,249,0.462,-1.3048,-324.89,OB,30m,holdout,0.5,368
4.0,0.083,249,0.727,2.736,681.27,OB,30m,holdout,0.5,368
4.0,0.125,249,0.663,3.1228,777.58,OB,30m,holdout,0.5,368
4.0,0.167,249,0.631,2.9557,735.98,OB,30m,holdout,0.5,368
4.0,0.25,249,0.582,2.7601,687.26,OB,30m,holdout,0.5,368
4.0,0.5,249,0.514,1.1855,295.18,OB,30m,holdout,0.5,368
4.0,1.0,249,0.41,-0.8094,-201.53,OB,30m,holdout,0.5,368
5.0,0.083,249,0.719,2.7658,688.69,OB,30m,holdout,0.5,368
5.0,0.125,249,0.651,3.3946,845.25,OB,30m,holdout,0.5,368
5.0,0.167,249,0.614,3.3986,846.24,OB,30m,holdout,0.5,368
5.0,0.25,249,0.574,3.4196,851.48,OB,30m,holdout,0.5,368
5.0,0.5,249,0.51,1.8754,466.98,OB,30m,holdout,0.5,368
5.0,1.0,249,0.41,-0.1973,-49.12,OB,30m,holdout,0.5,368
7.0,0.083,249,0.715,2.8293,704.5,OB,30m,holdout,0.5,368
7.0,0.125,249,0.651,3.5638,887.38,OB,30m,holdout,0.5,368
7.0,0.167,249,0.614,3.6553,910.18,OB,30m,holdout,0.5,368
7.0,0.25,249,0.574,3.8328,954.36,OB,30m,holdout,0.5,368
7.0,0.5,249,0.498,2.8074,699.05,OB,30m,holdout,0.5,368
7.0,1.0,249,0.394,0.7956,198.11,OB,30m,holdout,0.5,368
10.0,0.083,249,0.707,2.5211,627.76,OB,30m,holdout,0.5,368
10.0,0.125,249,0.635,3.275,815.48,OB,30m,holdout,0.5,368
10.0,0.167,249,0.594,3.3361,830.68,OB,30m,holdout,0.5,368
10.0,0.25,249,0.554,3.592,894.41,OB,30m,holdout,0.5,368
10.0,0.5,249,0.458,2.6145,651.01,OB,30m,holdout,0.5,368
10.0,1.0,249,0.341,0.4251,105.86,OB,30m,holdout,0.5,368
2.0,0.083,249,0.759,2.3246,578.82,OB,30m,holdout,0.525,368
2.0,0.125,249,0.707,2.204,548.8,OB,30m,holdout,0.525,368
2.0,0.167,249,0.691,1.8683,465.2,OB,30m,holdout,0.525,368
2.0,0.25,249,0.655,1.3057,325.12,OB,30m,holdout,0.525,368
2.0,0.5,249,0.574,-0.0426,-10.62,OB,30m,holdout,0.525,368
2.0,1.0,249,0.45,-1.7973,-447.53,OB,30m,holdout,0.525,368
3.0,0.083,249,0.727,2.2428,558.45,OB,30m,holdout,0.525,368
3.0,0.125,249,0.679,2.4006,597.76,OB,30m,holdout,0.525,368
3.0,0.167,249,0.647,2.1233,528.71,OB,30m,holdout,0.525,368
3.0,0.25,249,0.606,1.7058,424.76,OB,30m,holdout,0.525,368
3.0,0.5,249,0.558,0.353,87.9,OB,30m,holdout,0.525,368
3.0,1.0,249,0.454,-1.5191,-378.25,OB,30m,holdout,0.525,368
4.0,0.083,249,0.719,2.4077,599.52,OB,30m,holdout,0.525,368
4.0,0.125,249,0.659,2.866,713.65,OB,30m,holdout,0.525,368
4.0,0.167,249,0.627,2.7766,691.38,OB,30m,holdout,0.525,368
4.0,0.25,249,0.586,2.488,619.51,OB,30m,holdout,0.525,368
4.0,0.5,249,0.518,0.9371,233.33,OB,30m,holdout,0.525,368
4.0,1.0,249,0.406,-1.003,-249.75,OB,30m,holdout,0.525,368
5.0,0.083,249,0.711,2.4368,606.77,OB,30m,holdout,0.525,368
5.0,0.125,249,0.647,3.1331,780.15,OB,30m,holdout,0.525,368
5.0,0.167,249,0.61,3.1726,789.98,OB,30m,holdout,0.525,368
5.0,0.25,249,0.566,3.1021,772.43,OB,30m,holdout,0.525,368
5.0,0.5,249,0.506,1.6769,417.54,OB,30m,holdout,0.525,368
5.0,1.0,249,0.402,-0.3278,-81.63,OB,30m,holdout,0.525,368
7.0,0.083,249,0.707,2.514,625.99,OB,30m,holdout,0.525,368
7.0,0.125,249,0.647,3.3406,831.81,OB,30m,holdout,0.525,368
7.0,0.167,249,0.606,3.4178,851.03,OB,30m,holdout,0.525,368
7.0,0.25,249,0.566,3.5044,872.6,OB,30m,holdout,0.525,368
7.0,0.5,249,0.49,2.4913,620.34,OB,30m,holdout,0.525,368
7.0,1.0,249,0.382,0.5299,131.95,OB,30m,holdout,0.525,368
10.0,0.083,249,0.699,2.2068,549.48,OB,30m,holdout,0.525,368
10.0,0.125,249,0.631,3.0525,760.08,OB,30m,holdout,0.525,368
10.0,0.167,249,0.586,3.099,771.65,OB,30m,holdout,0.525,368
10.0,0.25,249,0.546,3.2664,813.33,OB,30m,holdout,0.525,368
10.0,0.5,249,0.45,2.2811,567.98,OB,30m,holdout,0.525,368
10.0,1.0,249,0.333,0.5186,129.14,OB,30m,holdout,0.525,368
2.0,0.083,246,0.76,2.2224,546.72,OB,30m,holdout,0.55,368
2.0,0.125,246,0.711,1.9137,470.78,OB,30m,holdout,0.55,368
2.0,0.167,246,0.683,1.5941,392.14,OB,30m,holdout,0.55,368
2.0,0.25,246,0.65,1.0395,255.72,OB,30m,holdout,0.55,368
2.0,0.5,246,0.569,-0.2907,-71.51,OB,30m,holdout,0.55,368
2.0,1.0,246,0.435,-2.0414,-502.19,OB,30m,holdout,0.55,368
3.0,0.083,246,0.728,2.1423,527.0,OB,30m,holdout,0.55,368
3.0,0.125,246,0.683,2.1299,523.95,OB,30m,holdout,0.55,368
3.0,0.167,246,0.646,1.9633,482.98,OB,30m,holdout,0.55,368
3.0,0.25,246,0.606,1.5358,377.8,OB,30m,holdout,0.55,368
3.0,0.5,246,0.557,0.1617,39.78,OB,30m,holdout,0.55,368
3.0,1.0,246,0.443,-1.7278,-425.04,OB,30m,holdout,0.55,368
4.0,0.083,246,0.715,2.2467,552.69,OB,30m,holdout,0.55,368
4.0,0.125,246,0.663,2.5849,635.88,OB,30m,holdout,0.55,368
4.0,0.167,246,0.626,2.5777,634.11,OB,30m,holdout,0.55,368
4.0,0.25,246,0.585,2.2381,550.58,OB,30m,holdout,0.55,368
4.0,0.5,246,0.52,0.7167,176.3,OB,30m,holdout,0.55,368
4.0,1.0,246,0.407,-1.2379,-304.52,OB,30m,holdout,0.55,368
5.0,0.083,246,0.703,2.2604,556.05,OB,30m,holdout,0.55,368
5.0,0.125,246,0.646,2.8831,709.23,OB,30m,holdout,0.55,368
5.0,0.167,246,0.606,3.0278,744.84,OB,30m,holdout,0.55,368
5.0,0.25,246,0.561,2.9456,724.61,OB,30m,holdout,0.55,368
5.0,0.5,246,0.504,1.4917,366.96,OB,30m,holdout,0.55,368
5.0,1.0,246,0.394,-0.5215,-128.29,OB,30m,holdout,0.55,368
7.0,0.083,246,0.699,2.3399,575.61,OB,30m,holdout,0.55,368
7.0,0.125,246,0.646,3.1035,763.47,OB,30m,holdout,0.55,368
7.0,0.167,246,0.606,3.3382,821.19,OB,30m,holdout,0.55,368
7.0,0.25,246,0.565,3.4052,837.67,OB,30m,holdout,0.55,368
7.0,0.5,246,0.492,2.261,556.2,OB,30m,holdout,0.55,368
7.0,1.0,246,0.374,0.2638,64.9,OB,30m,holdout,0.55,368
10.0,0.083,246,0.695,2.2156,545.04,OB,30m,holdout,0.55,368
10.0,0.125,246,0.634,2.9889,735.27,OB,30m,holdout,0.55,368
10.0,0.167,246,0.589,3.2266,793.75,OB,30m,holdout,0.55,368
10.0,0.25,246,0.549,3.4149,840.06,OB,30m,holdout,0.55,368
10.0,0.5,246,0.463,2.3824,586.07,OB,30m,holdout,0.55,368
10.0,1.0,246,0.337,0.7466,183.66,OB,30m,holdout,0.55,368
2.0,0.083,244,0.766,2.2958,560.18,OB,30m,holdout,0.575,368
2.0,0.125,244,0.713,1.9626,478.88,OB,30m,holdout,0.575,368
2.0,0.167,244,0.684,1.6384,399.78,OB,30m,holdout,0.575,368
2.0,0.25,244,0.652,1.0786,263.17,OB,30m,holdout,0.575,368
2.0,0.5,244,0.578,-0.2618,-63.88,OB,30m,holdout,0.575,368
2.0,1.0,244,0.43,-2.0229,-493.58,OB,30m,holdout,0.575,368
3.0,0.083,244,0.738,2.293,559.49,OB,30m,holdout,0.575,368
3.0,0.125,244,0.689,2.2372,545.88,OB,30m,holdout,0.575,368
3.0,0.167,244,0.652,2.0443,498.81,OB,30m,holdout,0.575,368
3.0,0.25,244,0.611,1.5702,383.12,OB,30m,holdout,0.575,368
3.0,0.5,244,0.566,0.1781,43.47,OB,30m,holdout,0.575,368
3.0,1.0,244,0.443,-1.7245,-420.78,OB,30m,holdout,0.575,368
4.0,0.083,244,0.721,2.3849,581.9,OB,30m,holdout,0.575,368
4.0,0.125,244,0.66,2.6249,640.48,OB,30m,holdout,0.575,368
4.0,0.167,244,0.623,2.5702,627.12,OB,30m,holdout,0.575,368
4.0,0.25,244,0.586,2.2379,546.04,OB,30m,holdout,0.575,368
4.0,0.5,244,0.525,0.6486,158.27,OB,30m,holdout,0.575,368
4.0,1.0,244,0.41,-1.3276,-323.93,OB,30m,holdout,0.575,368
5.0,0.083,244,0.709,2.3982,585.16,OB,30m,holdout,0.575,368
5.0,0.125,244,0.643,2.9517,720.22,OB,30m,holdout,0.575,368
5.0,0.167,244,0.607,3.0646,747.77,OB,30m,holdout,0.575,368
5.0,0.25,244,0.561,2.9332,715.69,OB,30m,holdout,0.575,368
5.0,0.5,244,0.504,1.3799,336.71,OB,30m,holdout,0.575,368
5.0,1.0,244,0.389,-0.6349,-154.92,OB,30m,holdout,0.575,368
7.0,0.083,244,0.705,2.4672,601.99,OB,30m,holdout,0.575,368
7.0,0.125,244,0.643,3.1661,772.54,OB,30m,holdout,0.575,368
7.0,0.167,244,0.607,3.3784,824.32,OB,30m,holdout,0.575,368
7.0,0.25,244,0.566,3.3979,829.08,OB,30m,holdout,0.575,368
7.0,0.5,244,0.492,2.1731,530.23,OB,30m,holdout,0.575,368
7.0,1.0,244,0.369,0.1002,24.45,OB,30m,holdout,0.575,368
10.0,0.083,244,0.701,2.3558,574.82,OB,30m,holdout,0.575,368
10.0,0.125,244,0.631,3.0643,747.7,OB,30m,holdout,0.575,368
10.0,0.167,244,0.59,3.2797,800.24,OB,30m,holdout,0.575,368
10.0,0.25,244,0.549,3.4249,835.68,OB,30m,holdout,0.575,368
10.0,0.5,244,0.471,2.5433,620.57,OB,30m,holdout,0.575,368
10.0,1.0,244,0.348,0.9942,242.59,OB,30m,holdout,0.575,368
2.0,0.083,240,0.767,2.3992,575.82,OB,30m,holdout,0.6,368
2.0,0.125,240,0.721,2.0739,497.73,OB,30m,holdout,0.6,368
2.0,0.167,240,0.696,1.751,420.24,OB,30m,holdout,0.6,368
2.0,0.25,240,0.662,1.1517,276.4,OB,30m,holdout,0.6,368
2.0,0.5,240,0.575,-0.2188,-52.51,OB,30m,holdout,0.6,368
2.0,1.0,240,0.433,-2.0029,-480.69,OB,30m,holdout,0.6,368
3.0,0.083,240,0.742,2.4393,585.43,OB,30m,holdout,0.6,368
3.0,0.125,240,0.696,2.3536,564.86,OB,30m,holdout,0.6,368
3.0,0.167,240,0.662,2.1392,513.41,OB,30m,holdout,0.6,368
3.0,0.25,240,0.621,1.6318,391.64,OB,30m,holdout,0.6,368
3.0,0.5,240,0.567,0.162,38.87,OB,30m,holdout,0.6,368
3.0,1.0,240,0.454,-1.7322,-415.73,OB,30m,holdout,0.6,368
4.0,0.083,240,0.725,2.57,616.81,OB,30m,holdout,0.6,368
4.0,0.125,240,0.667,2.7356,656.56,OB,30m,holdout,0.6,368
4.0,0.167,240,0.633,2.6565,637.57,OB,30m,holdout,0.6,368
4.0,0.25,240,0.596,2.2412,537.88,OB,30m,holdout,0.6,368
4.0,0.5,240,0.529,0.5173,124.14,OB,30m,holdout,0.6,368
4.0,1.0,240,0.412,-1.5225,-365.41,OB,30m,holdout,0.6,368
5.0,0.083,240,0.712,2.4845,596.29,OB,30m,holdout,0.6,368
5.0,0.125,240,0.646,2.963,711.13,OB,30m,holdout,0.6,368
5.0,0.167,240,0.612,3.0474,731.39,OB,30m,holdout,0.6,368
5.0,0.25,240,0.567,2.8494,683.86,OB,30m,holdout,0.6,368
5.0,0.5,240,0.5,1.1877,285.06,OB,30m,holdout,0.6,368
5.0,1.0,240,0.383,-0.8791,-210.99,OB,30m,holdout,0.6,368
7.0,0.083,240,0.708,2.5763,618.31,OB,30m,holdout,0.6,368
7.0,0.125,240,0.646,3.2168,772.04,OB,30m,holdout,0.6,368
7.0,0.167,240,0.612,3.4353,824.47,OB,30m,holdout,0.6,368
7.0,0.25,240,0.575,3.518,844.31,OB,30m,holdout,0.6,368
7.0,0.5,240,0.496,2.2943,550.63,OB,30m,holdout,0.6,368
7.0,1.0,240,0.371,0.1961,47.07,OB,30m,holdout,0.6,368
10.0,0.083,240,0.708,2.5227,605.44,OB,30m,holdout,0.6,368
10.0,0.125,240,0.638,3.1835,764.04,OB,30m,holdout,0.6,368
10.0,0.167,240,0.6,3.3865,812.76,OB,30m,holdout,0.6,368
10.0,0.25,240,0.558,3.5369,848.85,OB,30m,holdout,0.6,368
10.0,0.5,240,0.475,2.6208,629.0,OB,30m,holdout,0.6,368
10.0,1.0,240,0.35,1.0065,241.56,OB,30m,holdout,0.6,368
2.0,0.083,237,0.776,2.4688,585.11,OB,30m,holdout,0.625,368
2.0,0.125,237,0.738,2.1881,518.59,OB,30m,holdout,0.625,368
2.0,0.167,237,0.713,1.875,444.37,OB,30m,holdout,0.625,368
2.0,0.25,237,0.679,1.3169,312.11,OB,30m,holdout,0.625,368
2.0,0.5,237,0.591,0.03,7.1,OB,30m,holdout,0.625,368
2.0,1.0,237,0.447,-1.699,-402.66,OB,30m,holdout,0.625,368
3.0,0.083,237,0.751,2.4923,590.68,OB,30m,holdout,0.625,368
3.0,0.125,237,0.709,2.3967,568.01,OB,30m,holdout,0.625,368
3.0,0.167,237,0.675,2.1845,517.73,OB,30m,holdout,0.625,368
3.0,0.25,237,0.633,1.6775,397.58,OB,30m,holdout,0.625,368
3.0,0.5,237,0.574,0.1961,46.48,OB,30m,holdout,0.625,368
3.0,1.0,237,0.46,-1.6963,-402.02,OB,30m,holdout,0.625,368
4.0,0.083,237,0.734,2.6731,633.52,OB,30m,holdout,0.625,368
4.0,0.125,237,0.684,2.9073,689.04,OB,30m,holdout,0.625,368
4.0,0.167,237,0.65,2.8302,670.76,OB,30m,holdout,0.625,368
4.0,0.25,237,0.608,2.412,571.64,OB,30m,holdout,0.625,368
4.0,0.5,237,0.544,0.8271,196.03,OB,30m,holdout,0.625,368
4.0,1.0,237,0.426,-1.1959,-283.42,OB,30m,holdout,0.625,368
5.0,0.083,237,0.722,2.5908,614.02,OB,30m,holdout,0.625,368
5.0,0.125,237,0.658,3.0769,729.23,OB,30m,holdout,0.625,368
5.0,0.167,237,0.624,3.145,745.36,OB,30m,holdout,0.625,368
5.0,0.25,237,0.574,2.909,689.43,OB,30m,holdout,0.625,368
5.0,0.5,237,0.506,1.3118,310.89,OB,30m,holdout,0.625,368
5.0,1.0,237,0.397,-0.7182,-170.21,OB,30m,holdout,0.625,368
7.0,0.083,237,0.717,2.6857,636.52,OB,30m,holdout,0.625,368
7.0,0.125,237,0.658,3.3561,795.4,OB,30m,holdout,0.625,368
7.0,0.167,237,0.624,3.5764,847.61,OB,30m,holdout,0.625,368
7.0,0.25,237,0.582,3.6591,867.21,OB,30m,holdout,0.625,368
7.0,0.5,237,0.502,2.3995,568.69,OB,30m,holdout,0.625,368
7.0,1.0,237,0.376,0.3693,87.53,OB,30m,holdout,0.625,368
10.0,0.083,237,0.717,2.6347,624.43,OB,30m,holdout,0.625,368
10.0,0.125,237,0.65,3.3333,790.0,OB,30m,holdout,0.625,368
10.0,0.167,237,0.612,3.5521,841.84,OB,30m,holdout,0.625,368
10.0,0.25,237,0.565,3.7249,882.81,OB,30m,holdout,0.625,368
10.0,0.5,237,0.481,2.7536,652.59,OB,30m,holdout,0.625,368
10.0,1.0,237,0.354,1.0203,241.82,OB,30m,holdout,0.625,368
2.0,0.083,238,0.773,2.1857,520.2,OB,30m,holdout,0.65,368
2.0,0.125,238,0.731,1.8965,451.36,OB,30m,holdout,0.65,368
2.0,0.167,238,0.714,1.6088,382.88,OB,30m,holdout,0.65,368
2.0,0.25,238,0.672,1.051,250.13,OB,30m,holdout,0.65,368
2.0,0.5,238,0.601,-0.1753,-41.71,OB,30m,holdout,0.65,368
2.0,1.0,238,0.454,-1.8532,-441.06,OB,30m,holdout,0.65,368
3.0,0.083,238,0.744,2.1661,515.53,OB,30m,holdout,0.65,368
3.0,0.125,238,0.697,2.0725,493.25,OB,30m,holdout,0.65,368
3.0,0.167,238,0.676,1.8912,450.11,OB,30m,holdout,0.65,368
3.0,0.25,238,0.622,1.3725,326.66,OB,30m,holdout,0.65,368
3.0,0.5,238,0.58,-0.0644,-15.33,OB,30m,holdout,0.65,368
3.0,1.0,238,0.458,-1.9292,-459.16,OB,30m,holdout,0.65,368
4.0,0.083,238,0.723,2.1945,522.29,OB,30m,holdout,0.65,368
4.0,0.125,238,0.672,2.425,577.15,OB,30m,holdout,0.65,368
4.0,0.167,238,0.647,2.3898,568.77,OB,30m,holdout,0.65,368
4.0,0.25,238,0.597,1.9725,469.46,OB,30m,holdout,0.65,368
4.0,0.5,238,0.546,0.4414,105.06,OB,30m,holdout,0.65,368
4.0,1.0,238,0.429,-1.5614,-371.61,OB,30m,holdout,0.65,368
5.0,0.083,238,0.71,2.0913,497.72,OB,30m,holdout,0.65,368
5.0,0.125,238,0.647,2.5429,605.21,OB,30m,holdout,0.65,368
5.0,0.167,238,0.622,2.6128,621.85,OB,30m,holdout,0.65,368
5.0,0.25,238,0.563,2.3464,558.43,OB,30m,holdout,0.65,368
5.0,0.5,238,0.508,0.7984,190.03,OB,30m,holdout,0.65,368
5.0,1.0,238,0.391,-1.1871,-282.53,OB,30m,holdout,0.65,368
7.0,0.083,238,0.706,2.1627,514.72,OB,30m,holdout,0.65,368
7.0,0.125,238,0.643,2.8102,668.82,OB,30m,holdout,0.65,368
7.0,0.167,238,0.618,3.0577,727.74,OB,30m,holdout,0.65,368
7.0,0.25,238,0.567,3.1372,746.65,OB,30m,holdout,0.65,368
7.0,0.5,238,0.5,1.8884,449.43,OB,30m,holdout,0.65,368
7.0,1.0,238,0.366,-0.2204,-52.47,OB,30m,holdout,0.65,368
10.0,0.083,238,0.706,2.154,512.64,OB,30m,holdout,0.65,368
10.0,0.125,238,0.639,2.8426,676.55,OB,30m,holdout,0.65,368
10.0,0.167,238,0.609,3.0975,737.21,OB,30m,holdout,0.65,368
10.0,0.25,238,0.555,3.2606,776.02,OB,30m,holdout,0.65,368
10.0,0.5,238,0.487,2.3407,557.09,OB,30m,holdout,0.65,368
10.0,1.0,238,0.349,0.7072,168.31,OB,30m,holdout,0.65,368
2.0,0.083,238,0.773,2.2207,528.53,OB,30m,holdout,0.675,368
2.0,0.125,238,0.727,1.8967,451.41,OB,30m,holdout,0.675,368
2.0,0.167,238,0.71,1.6076,382.61,OB,30m,holdout,0.675,368
2.0,0.25,238,0.676,1.0525,250.5,OB,30m,holdout,0.675,368
2.0,0.5,238,0.605,-0.1704,-40.57,OB,30m,holdout,0.675,368
2.0,1.0,238,0.458,-1.8478,-439.78,OB,30m,holdout,0.675,368
3.0,0.083,238,0.744,2.2582,537.45,OB,30m,holdout,0.675,368
3.0,0.125,238,0.697,2.3069,549.04,OB,30m,holdout,0.675,368
3.0,0.167,238,0.676,2.0894,497.28,OB,30m,holdout,0.675,368
3.0,0.25,238,0.63,1.5822,376.57,OB,30m,holdout,0.675,368
3.0,0.5,238,0.592,0.1535,36.54,OB,30m,holdout,0.675,368
3.0,1.0,238,0.487,-1.7009,-404.82,OB,30m,holdout,0.675,368
4.0,0.083,238,0.727,2.2979,546.89,OB,30m,holdout,0.675,368
4.0,0.125,238,0.672,2.524,600.7,OB,30m,holdout,0.675,368
4.0,0.167,238,0.651,2.4775,589.66,OB,30m,holdout,0.675,368
4.0,0.25,238,0.605,2.0412,485.82,OB,30m,holdout,0.675,368
4.0,0.5,238,0.559,0.6728,160.14,OB,30m,holdout,0.675,368
4.0,1.0,238,0.45,-1.3128,-312.45,OB,30m,holdout,0.675,368
5.0,0.083,238,0.71,2.2127,526.61,OB,30m,holdout,0.675,368
5.0,0.125,238,0.647,2.6223,624.1,OB,30m,holdout,0.675,368
5.0,0.167,238,0.622,2.6445,629.4,OB,30m,holdout,0.675,368
5.0,0.25,238,0.567,2.3455,558.24,OB,30m,holdout,0.675,368
5.0,0.5,238,0.513,0.789,187.79,OB,30m,holdout,0.675,368
5.0,1.0,238,0.408,-1.2285,-292.39,OB,30m,holdout,0.675,368
7.0,0.083,238,0.706,2.2533,536.29,OB,30m,holdout,0.675,368
7.0,0.125,238,0.639,2.8662,682.16,OB,30m,holdout,0.675,368
7.0,0.167,238,0.613,3.0644,729.33,OB,30m,holdout,0.675,368
7.0,0.25,238,0.567,3.0856,734.37,OB,30m,holdout,0.675,368
7.0,0.5,238,0.5,1.6834,400.65,OB,30m,holdout,0.675,368
7.0,1.0,238,0.378,-0.5232,-124.51,OB,30m,holdout,0.675,368
10.0,0.083,238,0.706,2.253,536.21,OB,30m,holdout,0.675,368
10.0,0.125,238,0.634,2.9248,696.1,OB,30m,holdout,0.675,368
10.0,0.167,238,0.605,3.1505,749.82,OB,30m,holdout,0.675,368
10.0,0.25,238,0.555,3.2872,782.36,OB,30m,holdout,0.675,368
10.0,0.5,238,0.487,2.3082,549.36,OB,30m,holdout,0.675,368
10.0,1.0,238,0.361,0.5644,134.34,OB,30m,holdout,0.675,368
2.0,0.083,238,0.782,2.2377,532.57,OB,30m,holdout,0.7,368
2.0,0.125,238,0.744,1.8852,448.67,OB,30m,holdout,0.7,368
2.0,0.167,238,0.723,1.5717,374.07,OB,30m,holdout,0.7,368
2.0,0.25,238,0.681,1.0496,249.81,OB,30m,holdout,0.7,368
2.0,0.5,238,0.601,-0.129,-30.7,OB,30m,holdout,0.7,368
2.0,1.0,238,0.458,-1.7954,-427.3,OB,30m,holdout,0.7,368
3.0,0.083,238,0.748,2.252,535.97,OB,30m,holdout,0.7,368
3.0,0.125,238,0.706,2.2764,541.78,OB,30m,holdout,0.7,368
3.0,0.167,238,0.676,2.0377,484.98,OB,30m,holdout,0.7,368
3.0,0.25,238,0.626,1.4789,351.99,OB,30m,holdout,0.7,368
3.0,0.5,238,0.576,0.0828,19.71,OB,30m,holdout,0.7,368
3.0,1.0,238,0.492,-1.7527,-417.15,OB,30m,holdout,0.7,368
4.0,0.083,238,0.731,2.3355,555.84,OB,30m,holdout,0.7,368
4.0,0.125,238,0.681,2.5166,598.96,OB,30m,holdout,0.7,368
4.0,0.167,238,0.655,2.4427,581.37,OB,30m,holdout,0.7,368
4.0,0.25,238,0.605,1.9904,473.72,OB,30m,holdout,0.7,368
4.0,0.5,238,0.55,0.6094,145.03,OB,30m,holdout,0.7,368
4.0,1.0,238,0.454,-1.3883,-330.43,OB,30m,holdout,0.7,368
5.0,0.083,238,0.714,2.2847,543.75,OB,30m,holdout,0.7,368
5.0,0.125,238,0.655,2.6585,632.72,OB,30m,holdout,0.7,368
5.0,0.167,238,0.626,2.6403,628.39,OB,30m,holdout,0.7,368
5.0,0.25,238,0.567,2.3508,559.49,OB,30m,holdout,0.7,368
5.0,0.5,238,0.513,0.7196,171.26,OB,30m,holdout,0.7,368
5.0,1.0,238,0.416,-1.2759,-303.66,OB,30m,holdout,0.7,368
7.0,0.083,238,0.71,2.3516,559.68,OB,30m,holdout,0.7,368
7.0,0.125,238,0.651,2.9567,703.69,OB,30m,holdout,0.7,368
7.0,0.167,238,0.622,3.1495,749.58,OB,30m,holdout,0.7,368
7.0,0.25,238,0.571,3.1836,757.71,OB,30m,holdout,0.7,368
7.0,0.5,238,0.496,1.7024,405.16,OB,30m,holdout,0.7,368
7.0,1.0,238,0.387,-0.43,-102.35,OB,30m,holdout,0.7,368
10.0,0.083,238,0.71,2.3656,563.02,OB,30m,holdout,0.7,368
10.0,0.125,238,0.647,3.0449,724.7,OB,30m,holdout,0.7,368
10.0,0.167,238,0.613,3.2765,779.81,OB,30m,holdout,0.7,368
10.0,0.25,238,0.563,3.4499,821.07,OB,30m,holdout,0.7,368
10.0,0.5,238,0.483,2.5128,598.04,OB,30m,holdout,0.7,368
10.0,1.0,238,0.37,0.796,189.45,OB,30m,holdout,0.7,368
2.0,0.083,289,0.813,2.7007,780.49,OB,1h,train,0.3,542
2.0,0.125,289,0.747,2.888,834.64,OB,1h,train,0.3,542
2.0,0.167,289,0.699,2.5844,746.91,OB,1h,train,0.3,542
2.0,0.25,289,0.647,2.0369,588.67,OB,1h,train,0.3,542
2.0,0.5,289,0.574,1.2205,352.72,OB,1h,train,0.3,542
2.0,1.0,289,0.495,-0.3756,-108.54,OB,1h,train,0.3,542
3.0,0.083,289,0.813,2.7007,780.49,OB,1h,train,0.3,542
3.0,0.125,289,0.727,2.7954,807.86,OB,1h,train,0.3,542
3.0,0.167,289,0.682,2.4143,697.72,OB,1h,train,0.3,542
3.0,0.25,289,0.619,1.9708,569.55,OB,1h,train,0.3,542
3.0,0.5,289,0.533,1.2326,356.21,OB,1h,train,0.3,542
3.0,1.0,289,0.467,-0.2584,-74.67,OB,1h,train,0.3,542
4.0,0.083,289,0.813,2.7007,780.49,OB,1h,train,0.3,542
4.0,0.125,289,0.716,2.9429,850.51,OB,1h,train,0.3,542
4.0,0.167,289,0.671,2.6374,762.21,OB,1h,train,0.3,542
4.0,0.25,289,0.606,2.2953,663.35,OB,1h,train,0.3,542
4.0,0.5,289,0.522,1.5725,454.45,OB,1h,train,0.3,542
4.0,1.0,289,0.45,0.1589,45.91,OB,1h,train,0.3,542
5.0,0.083,289,0.813,2.7007,780.49,OB,1h,train,0.3,542
5.0,0.125,289,0.713,3.0904,893.12,OB,1h,train,0.3,542
5.0,0.167,289,0.668,2.8525,824.37,OB,1h,train,0.3,542
5.0,0.25,289,0.602,2.6732,772.56,OB,1h,train,0.3,542
5.0,0.5,289,0.519,2.0002,578.05,OB,1h,train,0.3,542
5.0,1.0,289,0.443,0.8072,233.28,OB,1h,train,0.3,542
7.0,0.083,289,0.813,2.7007,780.49,OB,1h,train,0.3,542
7.0,0.125,289,0.696,2.9909,864.38,OB,1h,train,0.3,542
7.0,0.167,289,0.651,2.7388,791.51,OB,1h,train,0.3,542
7.0,0.25,289,0.574,2.5794,745.44,OB,1h,train,0.3,542
7.0,0.5,289,0.478,1.9709,569.58,OB,1h,train,0.3,542
7.0,1.0,289,0.388,0.8652,250.03,OB,1h,train,0.3,542
10.0,0.083,289,0.813,2.7007,780.49,OB,1h,train,0.3,542
10.0,0.125,289,0.692,2.9501,852.57,OB,1h,train,0.3,542
10.0,0.167,289,0.647,2.7582,797.12,OB,1h,train,0.3,542
10.0,0.25,289,0.571,2.7062,782.1,OB,1h,train,0.3,542
10.0,0.5,289,0.474,2.3024,665.39,OB,1h,train,0.3,542
10.0,1.0,289,0.377,1.3551,391.63,OB,1h,train,0.3,542
2.0,0.083,290,0.8,2.4256,703.43,OB,1h,train,0.325,542
2.0,0.125,290,0.752,2.7095,785.76,OB,1h,train,0.325,542
2.0,0.167,290,0.7,2.4411,707.93,OB,1h,train,0.325,542
2.0,0.25,290,0.648,1.9842,575.41,OB,1h,train,0.325,542
2.0,0.5,290,0.576,1.1613,336.77,OB,1h,train,0.325,542
2.0,1.0,290,0.493,-0.3763,-109.14,OB,1h,train,0.325,542
3.0,0.083,290,0.8,2.4256,703.43,OB,1h,train,0.325,542
3.0,0.125,290,0.731,2.614,758.06,OB,1h,train,0.325,542
3.0,0.167,290,0.679,2.2486,652.1,OB,1h,train,0.325,542
3.0,0.25,290,0.614,1.911,554.19,OB,1h,train,0.325,542
3.0,0.5,290,0.531,1.1594,336.23,OB,1h,train,0.325,542
3.0,1.0,290,0.462,-0.3242,-94.02,OB,1h,train,0.325,542
4.0,0.083,290,0.8,2.4256,703.43,OB,1h,train,0.325,542
4.0,0.125,290,0.717,2.6898,780.04,OB,1h,train,0.325,542
4.0,0.167,290,0.666,2.3595,684.24,OB,1h,train,0.325,542
4.0,0.25,290,0.597,2.1609,626.66,OB,1h,train,0.325,542
4.0,0.5,290,0.521,1.4075,408.19,OB,1h,train,0.325,542
4.0,1.0,290,0.445,0.0255,7.39,OB,1h,train,0.325,542
5.0,0.083,290,0.8,2.4256,703.43,OB,1h,train,0.325,542
5.0,0.125,290,0.714,2.8619,829.96,OB,1h,train,0.325,542
5.0,0.167,290,0.662,2.6188,759.44,OB,1h,train,0.325,542
5.0,0.25,290,0.593,2.5714,745.7,OB,1h,train,0.325,542
5.0,0.5,290,0.517,1.9556,567.14,OB,1h,train,0.325,542
5.0,1.0,290,0.441,0.8001,232.04,OB,1h,train,0.325,542
7.0,0.083,290,0.8,2.4256,703.43,OB,1h,train,0.325,542
7.0,0.125,290,0.697,2.7633,801.35,OB,1h,train,0.325,542
7.0,0.167,290,0.645,2.5074,727.16,OB,1h,train,0.325,542
7.0,0.25,290,0.566,2.4868,721.17,OB,1h,train,0.325,542
7.0,0.5,290,0.472,1.9,550.99,OB,1h,train,0.325,542
7.0,1.0,290,0.383,0.8206,237.96,OB,1h,train,0.325,542
10.0,0.083,290,0.8,2.4256,703.43,OB,1h,train,0.325,542
10.0,0.125,290,0.693,2.7227,789.58,OB,1h,train,0.325,542
10.0,0.167,290,0.641,2.5255,732.39,OB,1h,train,0.325,542
10.0,0.25,290,0.562,2.6071,756.07,OB,1h,train,0.325,542
10.0,0.5,290,0.469,2.2166,642.83,OB,1h,train,0.325,542
10.0,1.0,290,0.372,1.3024,377.71,OB,1h,train,0.325,542
2.0,0.083,288,0.802,2.4511,705.92,OB,1h,train,0.35,542
2.0,0.125,288,0.757,2.7753,799.28,OB,1h,train,0.35,542
2.0,0.167,288,0.708,2.5052,721.51,OB,1h,train,0.35,542
2.0,0.25,288,0.649,2.0615,593.72,OB,1h,train,0.35,542
2.0,0.5,288,0.573,1.0717,308.66,OB,1h,train,0.35,542
2.0,1.0,288,0.49,-0.3308,-95.28,OB,1h,train,0.35,542
3.0,0.083,288,0.802,2.4511,705.92,OB,1h,train,0.35,542
3.0,0.125,288,0.736,2.7166,782.39,OB,1h,train,0.35,542
3.0,0.167,288,0.688,2.3534,677.79,OB,1h,train,0.35,542
3.0,0.25,288,0.618,2.0187,581.38,OB,1h,train,0.35,542
3.0,0.5,288,0.531,1.198,345.03,OB,1h,train,0.35,542
3.0,1.0,288,0.465,-0.1661,-47.85,OB,1h,train,0.35,542
4.0,0.083,288,0.802,2.4511,705.92,OB,1h,train,0.35,542
4.0,0.125,288,0.722,2.7772,799.83,OB,1h,train,0.35,542
4.0,0.167,288,0.674,2.4365,701.7,OB,1h,train,0.35,542
4.0,0.25,288,0.601,2.2286,641.85,OB,1h,train,0.35,542
4.0,0.5,288,0.521,1.4155,407.65,OB,1h,train,0.35,542
4.0,1.0,288,0.451,0.178,51.26,OB,1h,train,0.35,542
5.0,0.083,288,0.802,2.4511,705.92,OB,1h,train,0.35,542
5.0,0.125,288,0.719,2.9328,844.64,OB,1h,train,0.35,542
5.0,0.167,288,0.67,2.6818,772.37,OB,1h,train,0.35,542
5.0,0.25,288,0.597,2.6309,757.71,OB,1h,train,0.35,542
5.0,0.5,288,0.517,1.9074,549.34,OB,1h,train,0.35,542
5.0,1.0,288,0.441,0.8107,233.49,OB,1h,train,0.35,542
7.0,0.083,288,0.802,2.4511,705.92,OB,1h,train,0.35,542
7.0,0.125,288,0.705,2.8505,820.95,OB,1h,train,0.35,542
7.0,0.167,288,0.656,2.5853,744.57,OB,1h,train,0.35,542
7.0,0.25,288,0.573,2.554,735.55,OB,1h,train,0.35,542
7.0,0.5,288,0.476,1.869,538.26,OB,1h,train,0.35,542
7.0,1.0,288,0.385,0.8461,243.68,OB,1h,train,0.35,542
10.0,0.083,288,0.802,2.4511,705.92,OB,1h,train,0.35,542
10.0,0.125,288,0.698,2.7992,806.17,OB,1h,train,0.35,542
10.0,0.167,288,0.649,2.6013,749.19,OB,1h,train,0.35,542
10.0,0.25,288,0.566,2.6872,773.92,OB,1h,train,0.35,542
10.0,0.5,288,0.469,2.1984,633.14,OB,1h,train,0.35,542
10.0,1.0,288,0.372,1.3273,382.25,OB,1h,train,0.35,542
2.0,0.083,288,0.799,2.5009,720.26,OB,1h,train,0.375,542
2.0,0.125,288,0.757,2.7951,804.98,OB,1h,train,0.375,542
2.0,0.167,288,0.712,2.5092,722.65,OB,1h,train,0.375,542
2.0,0.25,288,0.653,2.0657,594.91,OB,1h,train,0.375,542
2.0,0.5,288,0.576,1.0582,304.75,OB,1h,train,0.375,542
2.0,1.0,288,0.483,-0.385,-110.89,OB,1h,train,0.375,542
3.0,0.083,288,0.799,2.5009,720.26,OB,1h,train,0.375,542
3.0,0.125,288,0.736,2.7574,794.14,OB,1h,train,0.375,542
3.0,0.167,288,0.688,2.3864,687.29,OB,1h,train,0.375,542
3.0,0.25,288,0.625,2.0521,591.0,OB,1h,train,0.375,542
3.0,0.5,288,0.538,1.1909,342.98,OB,1h,train,0.375,542
3.0,1.0,288,0.472,-0.093,-26.77,OB,1h,train,0.375,542
4.0,0.083,288,0.799,2.5009,720.26,OB,1h,train,0.375,542
4.0,0.125,288,0.722,2.8472,819.99,OB,1h,train,0.375,542
4.0,0.167,288,0.674,2.5122,723.52,OB,1h,train,0.375,542
4.0,0.25,288,0.608,2.3357,672.69,OB,1h,train,0.375,542
4.0,0.5,288,0.524,1.4437,415.8,OB,1h,train,0.375,542
4.0,1.0,288,0.455,0.1754,50.52,OB,1h,train,0.375,542
5.0,0.083,288,0.799,2.5009,720.26,OB,1h,train,0.375,542
5.0,0.125,288,0.719,2.9845,859.54,OB,1h,train,0.375,542
5.0,0.167,288,0.67,2.726,785.09,OB,1h,train,0.375,542
5.0,0.25,288,0.604,2.6839,772.96,OB,1h,train,0.375,542
5.0,0.5,288,0.521,1.9285,555.41,OB,1h,train,0.375,542
5.0,1.0,288,0.444,0.8424,242.61,OB,1h,train,0.375,542
7.0,0.083,288,0.799,2.5009,720.26,OB,1h,train,0.375,542
7.0,0.125,288,0.705,2.9242,842.17,OB,1h,train,0.375,542
7.0,0.167,288,0.656,2.6646,767.41,OB,1h,train,0.375,542
7.0,0.25,288,0.58,2.668,768.38,OB,1h,train,0.375,542
7.0,0.5,288,0.479,1.953,562.46,OB,1h,train,0.375,542
7.0,1.0,288,0.392,0.932,268.41,OB,1h,train,0.375,542
10.0,0.083,288,0.799,2.5009,720.26,OB,1h,train,0.375,542
10.0,0.125,288,0.698,2.8731,827.46,OB,1h,train,0.375,542
10.0,0.167,288,0.649,2.6806,772.01,OB,1h,train,0.375,542
10.0,0.25,288,0.573,2.798,805.83,OB,1h,train,0.375,542
10.0,0.5,288,0.472,2.2406,645.28,OB,1h,train,0.375,542
10.0,1.0,288,0.378,1.3443,387.17,OB,1h,train,0.375,542
2.0,0.083,290,0.807,2.4786,718.81,OB,1h,train,0.4,542
2.0,0.125,290,0.759,2.8563,828.33,OB,1h,train,0.4,542
2.0,0.167,290,0.71,2.4796,719.07,OB,1h,train,0.4,542
2.0,0.25,290,0.648,1.9461,564.37,OB,1h,train,0.4,542
2.0,0.5,290,0.562,0.8619,249.96,OB,1h,train,0.4,542
2.0,1.0,290,0.469,-0.5939,-172.24,OB,1h,train,0.4,542
3.0,0.083,290,0.807,2.4786,718.81,OB,1h,train,0.4,542
3.0,0.125,290,0.738,2.794,810.25,OB,1h,train,0.4,542
3.0,0.167,290,0.69,2.3359,677.41,OB,1h,train,0.4,542
3.0,0.25,290,0.621,1.9811,574.52,OB,1h,train,0.4,542
3.0,0.5,290,0.528,1.2401,359.63,OB,1h,train,0.4,542
3.0,1.0,290,0.469,0.0036,1.04,OB,1h,train,0.4,542
4.0,0.083,290,0.807,2.4786,718.81,OB,1h,train,0.4,542
4.0,0.125,290,0.724,2.9093,843.7,OB,1h,train,0.4,542
4.0,0.167,290,0.676,2.4859,720.92,OB,1h,train,0.4,542
4.0,0.25,290,0.607,2.251,652.79,OB,1h,train,0.4,542
4.0,0.5,290,0.514,1.2954,375.67,OB,1h,train,0.4,542
4.0,1.0,290,0.445,-0.0145,-4.21,OB,1h,train,0.4,542
5.0,0.083,290,0.807,2.4786,718.81,OB,1h,train,0.4,542
5.0,0.125,290,0.721,3.0268,877.77,OB,1h,train,0.4,542
5.0,0.167,290,0.672,2.6737,775.38,OB,1h,train,0.4,542
5.0,0.25,290,0.603,2.5625,743.12,OB,1h,train,0.4,542
5.0,0.5,290,0.51,1.728,501.12,OB,1h,train,0.4,542
5.0,1.0,290,0.434,0.7006,203.17,OB,1h,train,0.4,542
7.0,0.083,290,0.807,2.4786,718.81,OB,1h,train,0.4,542
7.0,0.125,290,0.707,2.9929,867.95,OB,1h,train,0.4,542
7.0,0.167,290,0.659,2.6498,768.44,OB,1h,train,0.4,542
7.0,0.25,290,0.579,2.5941,752.29,OB,1h,train,0.4,542
7.0,0.5,290,0.469,1.7723,513.97,OB,1h,train,0.4,542
7.0,1.0,290,0.383,0.7773,225.41,OB,1h,train,0.4,542
10.0,0.083,290,0.807,2.4786,718.81,OB,1h,train,0.4,542
10.0,0.125,290,0.7,2.9424,853.31,OB,1h,train,0.4,542
10.0,0.167,290,0.652,2.6657,773.04,OB,1h,train,0.4,542
10.0,0.25,290,0.572,2.7223,789.47,OB,1h,train,0.4,542
10.0,0.5,290,0.462,2.0809,603.45,OB,1h,train,0.4,542
10.0,1.0,290,0.369,1.2315,357.14,OB,1h,train,0.4,542
2.0,0.083,289,0.817,2.5411,734.39,OB,1h,train,0.425,542
2.0,0.125,289,0.761,2.9746,859.65,OB,1h,train,0.425,542
2.0,0.167,289,0.713,2.5979,750.79,OB,1h,train,0.425,542
2.0,0.25,289,0.651,2.0716,598.69,OB,1h,train,0.425,542
2.0,0.5,289,0.567,0.9522,275.18,OB,1h,train,0.425,542
2.0,1.0,289,0.478,-0.4862,-140.5,OB,1h,train,0.425,542
3.0,0.083,289,0.817,2.5411,734.39,OB,1h,train,0.425,542
3.0,0.125,289,0.74,2.9102,841.04,OB,1h,train,0.425,542
3.0,0.167,289,0.696,2.597,750.55,OB,1h,train,0.425,542
3.0,0.25,289,0.63,2.235,645.92,OB,1h,train,0.425,542
3.0,0.5,289,0.533,1.3873,400.94,OB,1h,train,0.425,542
3.0,1.0,289,0.471,0.0857,24.77,OB,1h,train,0.425,542
4.0,0.083,289,0.817,2.5411,734.39,OB,1h,train,0.425,542
4.0,0.125,289,0.727,3.0693,887.02,OB,1h,train,0.425,542
4.0,0.167,289,0.678,2.637,762.09,OB,1h,train,0.425,542
4.0,0.25,289,0.612,2.3996,693.47,OB,1h,train,0.425,542
4.0,0.5,289,0.526,1.4963,432.44,OB,1h,train,0.425,542
4.0,1.0,289,0.453,0.2204,63.71,OB,1h,train,0.425,542
5.0,0.083,289,0.817,2.5411,734.39,OB,1h,train,0.425,542
5.0,0.125,289,0.723,3.1792,918.8,OB,1h,train,0.425,542
5.0,0.167,289,0.675,2.8198,814.93,OB,1h,train,0.425,542
5.0,0.25,289,0.609,2.715,784.64,OB,1h,train,0.425,542
5.0,0.5,289,0.519,1.8477,533.97,OB,1h,train,0.425,542
5.0,1.0,289,0.439,0.8173,236.2,OB,1h,train,0.425,542
7.0,0.083,289,0.817,2.5411,734.39,OB,1h,train,0.425,542
7.0,0.125,289,0.709,3.1549,911.77,OB,1h,train,0.425,542
7.0,0.167,289,0.661,2.8154,813.65,OB,1h,train,0.425,542
7.0,0.25,289,0.585,2.8058,810.87,OB,1h,train,0.425,542
7.0,0.5,289,0.484,1.9948,576.5,OB,1h,train,0.425,542
7.0,1.0,289,0.391,1.0399,300.53,OB,1h,train,0.425,542
10.0,0.083,289,0.817,2.5411,734.39,OB,1h,train,0.425,542
10.0,0.125,289,0.702,3.1045,897.21,OB,1h,train,0.425,542
10.0,0.167,289,0.654,2.8313,818.24,OB,1h,train,0.425,542
10.0,0.25,289,0.578,2.9339,847.9,OB,1h,train,0.425,542
10.0,0.5,289,0.478,2.3186,670.07,OB,1h,train,0.425,542
10.0,1.0,289,0.377,1.5146,437.72,OB,1h,train,0.425,542
2.0,0.083,289,0.813,2.598,750.82,OB,1h,train,0.45,542
2.0,0.125,289,0.768,3.0924,893.71,OB,1h,train,0.45,542
2.0,0.167,289,0.73,2.7674,799.79,OB,1h,train,0.45,542
2.0,0.25,289,0.661,2.2682,655.52,OB,1h,train,0.45,542
2.0,0.5,289,0.578,1.2213,352.95,OB,1h,train,0.45,542
2.0,1.0,289,0.495,-0.2052,-59.3,OB,1h,train,0.45,542
3.0,0.083,289,0.813,2.598,750.82,OB,1h,train,0.45,542
3.0,0.125,289,0.744,3.0223,873.45,OB,1h,train,0.45,542
3.0,0.167,289,0.702,2.704,781.47,OB,1h,train,0.45,542
3.0,0.25,289,0.64,2.3562,680.93,OB,1h,train,0.45,542
3.0,0.5,289,0.54,1.5544,449.23,OB,1h,train,0.45,542
3.0,1.0,289,0.481,0.2616,75.6,OB,1h,train,0.45,542
4.0,0.083,289,0.813,2.598,750.82,OB,1h,train,0.45,542
4.0,0.125,289,0.73,3.2208,930.82,OB,1h,train,0.45,542
4.0,0.167,289,0.682,2.7624,798.34,OB,1h,train,0.45,542
4.0,0.25,289,0.619,2.5121,726.01,OB,1h,train,0.45,542
4.0,0.5,289,0.529,1.6138,466.39,OB,1h,train,0.45,542
4.0,1.0,289,0.453,0.3279,94.77,OB,1h,train,0.45,542
5.0,0.083,289,0.813,2.598,750.82,OB,1h,train,0.45,542
5.0,0.125,289,0.727,3.3283,961.88,OB,1h,train,0.45,542
5.0,0.167,289,0.678,2.9569,854.54,OB,1h,train,0.45,542
5.0,0.25,289,0.616,2.8143,813.35,OB,1h,train,0.45,542
5.0,0.5,289,0.522,1.9843,573.47,OB,1h,train,0.45,542
5.0,1.0,289,0.443,0.894,258.36,OB,1h,train,0.45,542
7.0,0.083,289,0.813,2.598,750.82,OB,1h,train,0.45,542
7.0,0.125,289,0.713,3.3114,957.0,OB,1h,train,0.45,542
7.0,0.167,289,0.664,2.9535,853.57,OB,1h,train,0.45,542
7.0,0.25,289,0.592,2.9319,847.32,OB,1h,train,0.45,542
7.0,0.5,289,0.488,2.1557,622.99,OB,1h,train,0.45,542
7.0,1.0,289,0.394,1.2071,348.85,OB,1h,train,0.45,542
10.0,0.083,289,0.813,2.598,750.82,OB,1h,train,0.45,542
10.0,0.125,289,0.706,3.2621,942.75,OB,1h,train,0.45,542
10.0,0.167,289,0.657,2.972,858.91,OB,1h,train,0.45,542
10.0,0.25,289,0.585,3.0724,887.94,OB,1h,train,0.45,542
10.0,0.5,289,0.481,2.5374,733.3,OB,1h,train,0.45,542
10.0,1.0,289,0.381,1.767,510.66,OB,1h,train,0.45,542
2.0,0.083,289,0.82,2.6512,766.19,OB,1h,train,0.475,542
2.0,0.125,289,0.758,3.1708,916.35,OB,1h,train,0.475,542
2.0,0.167,289,0.72,2.8564,825.5,OB,1h,train,0.475,542
2.0,0.25,289,0.664,2.4215,699.82,OB,1h,train,0.475,542
2.0,0.5,289,0.588,1.452,419.64,OB,1h,train,0.475,542
2.0,1.0,289,0.498,0.0348,10.06,OB,1h,train,0.475,542
3.0,0.083,289,0.82,2.6512,766.19,OB,1h,train,0.475,542
3.0,0.125,289,0.734,3.0462,880.36,OB,1h,train,0.475,542
3.0,0.167,289,0.692,2.7309,789.22,OB,1h,train,0.475,542
3.0,0.25,289,0.647,2.4159,698.18,OB,1h,train,0.475,542
3.0,0.5,289,0.557,1.6487,476.46,OB,1h,train,0.475,542
3.0,1.0,289,0.484,0.378,109.24,OB,1h,train,0.475,542
4.0,0.083,289,0.82,2.6512,766.19,OB,1h,train,0.475,542
4.0,0.125,289,0.72,3.3666,972.96,OB,1h,train,0.475,542
4.0,0.167,289,0.671,2.9122,841.63,OB,1h,train,0.475,542
4.0,0.25,289,0.626,2.671,771.91,OB,1h,train,0.475,542
4.0,0.5,289,0.543,1.8514,535.06,OB,1h,train,0.475,542
4.0,1.0,289,0.467,0.6242,180.4,OB,1h,train,0.475,542
5.0,0.083,289,0.82,2.6512,766.19,OB,1h,train,0.475,542
5.0,0.125,289,0.713,3.3404,965.39,OB,1h,train,0.475,542
5.0,0.167,289,0.664,2.9937,865.17,OB,1h,train,0.475,542
5.0,0.25,289,0.619,2.9016,838.55,OB,1h,train,0.475,542
5.0,0.5,289,0.533,2.1181,612.12,OB,1h,train,0.475,542
5.0,1.0,289,0.446,1.0437,301.62,OB,1h,train,0.475,542
7.0,0.083,289,0.82,2.6512,766.19,OB,1h,train,0.475,542
7.0,0.125,289,0.699,3.3131,957.47,OB,1h,train,0.475,542
7.0,0.167,289,0.651,2.9781,860.68,OB,1h,train,0.475,542
7.0,0.25,289,0.595,2.9947,865.47,OB,1h,train,0.475,542
7.0,0.5,289,0.498,2.2312,644.83,OB,1h,train,0.475,542
7.0,1.0,289,0.398,1.3026,376.46,OB,1h,train,0.475,542
10.0,0.083,289,0.82,2.6512,766.19,OB,1h,train,0.475,542
10.0,0.125,289,0.692,3.2726,945.79,OB,1h,train,0.475,542
10.0,0.167,289,0.644,3.0018,867.53,OB,1h,train,0.475,542
10.0,0.25,289,0.588,3.1311,904.89,OB,1h,train,0.475,542
10.0,0.5,289,0.491,2.6022,752.04,OB,1h,train,0.475,542
10.0,1.0,289,0.384,1.7772,513.61,OB,1h,train,0.475,542
2.0,0.083,289,0.81,2.4821,717.32,OB,1h,train,0.5,542
2.0,0.125,289,0.751,2.9238,844.97,OB,1h,train,0.5,542
2.0,0.167,289,0.709,2.5992,751.17,OB,1h,train,0.5,542
2.0,0.25,289,0.668,2.117,611.82,OB,1h,train,0.5,542
2.0,0.5,289,0.574,1.1699,338.1,OB,1h,train,0.5,542
2.0,1.0,289,0.478,-0.2819,-81.47,OB,1h,train,0.5,542
3.0,0.083,289,0.81,2.4821,717.32,OB,1h,train,0.5,542
3.0,0.125,289,0.734,3.0254,874.35,OB,1h,train,0.5,542
3.0,0.167,289,0.689,2.6742,772.85,OB,1h,train,0.5,542
3.0,0.25,289,0.647,2.2982,664.18,OB,1h,train,0.5,542
3.0,0.5,289,0.554,1.4272,412.46,OB,1h,train,0.5,542
3.0,1.0,289,0.474,0.1245,35.97,OB,1h,train,0.5,542
4.0,0.083,289,0.81,2.4821,717.32,OB,1h,train,0.5,542
4.0,0.125,289,0.713,3.2179,929.98,OB,1h,train,0.5,542
4.0,0.167,289,0.661,2.7623,798.31,OB,1h,train,0.5,542
4.0,0.25,289,0.626,2.4448,706.55,OB,1h,train,0.5,542
4.0,0.5,289,0.536,1.56,450.84,OB,1h,train,0.5,542
4.0,1.0,289,0.453,0.2679,77.41,OB,1h,train,0.5,542
5.0,0.083,289,0.81,2.4821,717.32,OB,1h,train,0.5,542
5.0,0.125,289,0.706,3.2052,926.31,OB,1h,train,0.5,542
5.0,0.167,289,0.654,2.8532,824.57,OB,1h,train,0.5,542
5.0,0.25,289,0.619,2.6879,776.79,OB,1h,train,0.5,542
5.0,0.5,289,0.526,1.8498,534.6,OB,1h,train,0.5,542
5.0,1.0,289,0.433,0.7262,209.89,OB,1h,train,0.5,542
7.0,0.083,289,0.81,2.4821,717.32,OB,1h,train,0.5,542
7.0,0.125,289,0.692,3.1766,918.04,OB,1h,train,0.5,542
7.0,0.167,289,0.64,2.8421,821.37,OB,1h,train,0.5,542
7.0,0.25,289,0.595,2.7814,803.83,OB,1h,train,0.5,542
7.0,0.5,289,0.491,2.0032,578.92,OB,1h,train,0.5,542
7.0,1.0,289,0.388,1.0476,302.75,OB,1h,train,0.5,542
10.0,0.083,289,0.81,2.4821,717.32,OB,1h,train,0.5,542
10.0,0.125,289,0.685,3.1392,907.21,OB,1h,train,0.5,542
10.0,0.167,289,0.633,2.8702,829.47,OB,1h,train,0.5,542
10.0,0.25,289,0.588,2.9295,846.62,OB,1h,train,0.5,542
10.0,0.5,289,0.484,2.406,695.34,OB,1h,train,0.5,542
10.0,1.0,289,0.374,1.5635,451.84,OB,1h,train,0.5,542
2.0,0.083,289,0.799,2.2533,651.19,OB,1h,train,0.525,542
2.0,0.125,289,0.737,2.7093,782.98,OB,1h,train,0.525,542
2.0,0.167,289,0.709,2.4022,694.24,OB,1h,train,0.525,542
2.0,0.25,289,0.657,1.9205,555.04,OB,1h,train,0.525,542
2.0,0.5,289,0.561,0.9312,269.12,OB,1h,train,0.525,542
2.0,1.0,289,0.464,-0.4933,-142.57,OB,1h,train,0.525,542
3.0,0.083,289,0.799,2.2533,651.19,OB,1h,train,0.525,542
3.0,0.125,289,0.72,2.8596,826.42,OB,1h,train,0.525,542
3.0,0.167,289,0.689,2.5202,728.35,OB,1h,train,0.525,542
3.0,0.25,289,0.64,2.1439,619.58,OB,1h,train,0.525,542
3.0,0.5,289,0.55,1.3219,382.03,OB,1h,train,0.525,542
3.0,1.0,289,0.474,0.0212,6.12,OB,1h,train,0.525,542
4.0,0.083,289,0.799,2.2533,651.19,OB,1h,train,0.525,542
4.0,0.125,289,0.702,3.0368,877.65,OB,1h,train,0.525,542
4.0,0.167,289,0.664,2.6253,758.7,OB,1h,train,0.525,542
4.0,0.25,289,0.626,2.2942,663.01,OB,1h,train,0.525,542
4.0,0.5,289,0.533,1.4554,420.61,OB,1h,train,0.525,542
4.0,1.0,289,0.453,0.1794,51.84,OB,1h,train,0.525,542
5.0,0.083,289,0.799,2.2533,651.19,OB,1h,train,0.525,542
5.0,0.125,289,0.692,3.0014,867.39,OB,1h,train,0.525,542
5.0,0.167,289,0.654,2.6924,778.1,OB,1h,train,0.525,542
5.0,0.25,289,0.616,2.5254,729.83,OB,1h,train,0.525,542
5.0,0.5,289,0.519,1.7491,505.49,OB,1h,train,0.525,542
5.0,1.0,289,0.429,0.5895,170.38,OB,1h,train,0.525,542
7.0,0.083,289,0.799,2.2533,651.19,OB,1h,train,0.525,542
7.0,0.125,289,0.682,3.0219,873.33,OB,1h,train,0.525,542
7.0,0.167,289,0.644,2.7258,787.75,OB,1h,train,0.525,542
7.0,0.25,289,0.595,2.6492,765.62,OB,1h,train,0.525,542
7.0,0.5,289,0.488,1.9347,559.14,OB,1h,train,0.525,542
7.0,1.0,289,0.388,1.0714,309.64,OB,1h,train,0.525,542
10.0,0.083,289,0.799,2.2533,651.19,OB,1h,train,0.525,542
10.0,0.125,289,0.675,2.9924,864.81,OB,1h,train,0.525,542
10.0,0.167,289,0.637,2.7675,799.81,OB,1h,train,0.525,542
10.0,0.25,289,0.588,2.8215,815.41,OB,1h,train,0.525,542
10.0,0.5,289,0.481,2.3457,677.91,OB,1h,train,0.525,542
10.0,1.0,289,0.37,1.4915,431.06,OB,1h,train,0.525,542
2.0,0.083,287,0.801,2.4636,707.05,OB,1h,train,0.55,542
2.0,0.125,287,0.746,2.839,814.8,OB,1h,train,0.55,542
2.0,0.167,287,0.718,2.6613,763.79,OB,1h,train,0.55,542
2.0,0.25,287,0.672,2.1773,624.9,OB,1h,train,0.55,542
2.0,0.5,287,0.578,1.1593,332.73,OB,1h,train,0.55,542
2.0,1.0,287,0.477,-0.2436,-69.91,OB,1h,train,0.55,542
3.0,0.083,287,0.801,2.4636,707.05,OB,1h,train,0.55,542
3.0,0.125,287,0.732,3.0383,871.99,OB,1h,train,0.55,542
3.0,0.167,287,0.697,2.7324,784.2,OB,1h,train,0.55,542
3.0,0.25,287,0.655,2.3607,677.53,OB,1h,train,0.55,542
3.0,0.5,287,0.564,1.4805,424.91,OB,1h,train,0.55,542
3.0,1.0,287,0.488,0.1435,41.18,OB,1h,train,0.55,542
4.0,0.083,287,0.801,2.4636,707.05,OB,1h,train,0.55,542
4.0,0.125,287,0.718,3.2225,924.85,OB,1h,train,0.55,542
4.0,0.167,287,0.672,2.8625,821.55,OB,1h,train,0.55,542
4.0,0.25,287,0.638,2.5661,736.48,OB,1h,train,0.55,542
4.0,0.5,287,0.547,1.82,522.35,OB,1h,train,0.55,542
4.0,1.0,287,0.477,0.6532,187.47,OB,1h,train,0.55,542
5.0,0.083,287,0.801,2.4636,707.05,OB,1h,train,0.55,542
5.0,0.125,287,0.704,3.1609,907.18,OB,1h,train,0.55,542
5.0,0.167,287,0.659,2.8912,829.77,OB,1h,train,0.55,542
5.0,0.25,287,0.624,2.7485,788.82,OB,1h,train,0.55,542
5.0,0.5,287,0.526,1.8819,540.11,OB,1h,train,0.55,542
5.0,1.0,287,0.443,0.6741,193.47,OB,1h,train,0.55,542
7.0,0.083,287,0.801,2.4636,707.05,OB,1h,train,0.55,542
7.0,0.125,287,0.693,3.189,915.25,OB,1h,train,0.55,542
7.0,0.167,287,0.648,2.9431,844.68,OB,1h,train,0.55,542
7.0,0.25,287,0.603,2.9032,833.23,OB,1h,train,0.55,542
7.0,0.5,287,0.495,2.1462,615.96,OB,1h,train,0.55,542
7.0,1.0,287,0.401,1.2735,365.5,OB,1h,train,0.55,542
10.0,0.083,287,0.801,2.4636,707.05,OB,1h,train,0.55,542
10.0,0.125,287,0.686,3.1585,906.48,OB,1h,train,0.55,542
10.0,0.167,287,0.641,2.9829,856.09,OB,1h,train,0.55,542
10.0,0.25,287,0.596,3.0754,882.63,OB,1h,train,0.55,542
10.0,0.5,287,0.488,2.5768,739.54,OB,1h,train,0.55,542
10.0,1.0,287,0.383,1.7126,491.53,OB,1h,train,0.55,542
2.0,0.083,286,0.811,2.5164,719.68,OB,1h,train,0.575,542
2.0,0.125,286,0.748,2.8336,810.42,OB,1h,train,0.575,542
2.0,0.167,286,0.713,2.5277,722.91,OB,1h,train,0.575,542
2.0,0.25,286,0.668,1.9762,565.19,OB,1h,train,0.575,542
2.0,0.5,286,0.577,0.9652,276.04,OB,1h,train,0.575,542
2.0,1.0,286,0.476,-0.448,-128.13,OB,1h,train,0.575,542
3.0,0.083,286,0.811,2.5164,719.68,OB,1h,train,0.575,542
3.0,0.125,286,0.738,3.0028,858.79,OB,1h,train,0.575,542
3.0,0.167,286,0.692,2.6008,743.84,OB,1h,train,0.575,542
3.0,0.25,286,0.647,2.1965,628.2,OB,1h,train,0.575,542
3.0,0.5,286,0.559,1.307,373.81,OB,1h,train,0.575,542
3.0,1.0,286,0.486,-0.0871,-24.91,OB,1h,train,0.575,542
4.0,0.083,286,0.811,2.5164,719.68,OB,1h,train,0.575,542
4.0,0.125,286,0.724,3.1901,912.37,OB,1h,train,0.575,542
4.0,0.167,286,0.664,2.6383,754.55,OB,1h,train,0.575,542
4.0,0.25,286,0.629,2.2625,647.08,OB,1h,train,0.575,542
4.0,0.5,286,0.542,1.4823,423.94,OB,1h,train,0.575,542
4.0,1.0,286,0.476,0.2209,63.18,OB,1h,train,0.575,542
5.0,0.083,286,0.811,2.5164,719.68,OB,1h,train,0.575,542
5.0,0.125,286,0.71,3.1981,914.65,OB,1h,train,0.575,542
5.0,0.167,286,0.65,2.7657,791.0,OB,1h,train,0.575,542
5.0,0.25,286,0.615,2.5293,723.38,OB,1h,train,0.575,542
5.0,0.5,286,0.521,1.6427,469.82,OB,1h,train,0.575,542
5.0,1.0,286,0.441,0.3374,96.49,OB,1h,train,0.575,542
7.0,0.083,286,0.811,2.5164,719.68,OB,1h,train,0.575,542
7.0,0.125,286,0.703,3.3198,949.47,OB,1h,train,0.575,542
7.0,0.167,286,0.64,2.9199,835.08,OB,1h,train,0.575,542
7.0,0.25,286,0.594,2.7798,795.04,OB,1h,train,0.575,542
7.0,0.5,286,0.493,2.0653,590.69,OB,1h,train,0.575,542
7.0,1.0,286,0.402,1.0628,303.97,OB,1h,train,0.575,542
10.0,0.083,286,0.811,2.5164,719.68,OB,1h,train,0.575,542
10.0,0.125,286,0.692,3.19,912.35,OB,1h,train,0.575,542
10.0,0.167,286,0.633,2.8571,817.13,OB,1h,train,0.575,542
10.0,0.25,286,0.587,2.8443,813.47,OB,1h,train,0.575,542
10.0,0.5,286,0.486,2.3386,668.84,OB,1h,train,0.575,542
10.0,1.0,286,0.381,1.3701,391.85,OB,1h,train,0.575,542
2.0,0.083,285,0.814,2.6582,757.59,OB,1h,train,0.6,542
2.0,0.125,285,0.751,2.8108,801.07,OB,1h,train,0.6,542
2.0,0.167,285,0.716,2.4732,704.86,OB,1h,train,0.6,542
2.0,0.25,285,0.66,1.9567,557.67,OB,1h,train,0.6,542
2.0,0.5,285,0.575,0.9979,284.41,OB,1h,train,0.6,542
2.0,1.0,285,0.481,-0.458,-130.52,OB,1h,train,0.6,542
3.0,0.083,285,0.814,2.6582,757.59,OB,1h,train,0.6,542
3.0,0.125,285,0.744,3.0884,880.2,OB,1h,train,0.6,542
3.0,0.167,285,0.698,2.6528,756.05,OB,1h,train,0.6,542
3.0,0.25,285,0.639,2.2023,627.66,OB,1h,train,0.6,542
3.0,0.5,285,0.554,1.2783,364.32,OB,1h,train,0.6,542
3.0,1.0,285,0.484,-0.1292,-36.82,OB,1h,train,0.6,542
4.0,0.083,285,0.814,2.6582,757.59,OB,1h,train,0.6,542
4.0,0.125,285,0.726,3.1733,904.4,OB,1h,train,0.6,542
4.0,0.167,285,0.67,2.5787,734.93,OB,1h,train,0.6,542
4.0,0.25,285,0.621,2.1558,614.41,OB,1h,train,0.6,542
4.0,0.5,285,0.533,1.4048,400.36,OB,1h,train,0.6,542
4.0,1.0,285,0.477,0.0849,24.2,OB,1h,train,0.6,542
5.0,0.083,285,0.814,2.6582,757.59,OB,1h,train,0.6,542
5.0,0.125,285,0.712,3.2215,918.13,OB,1h,train,0.6,542
5.0,0.167,285,0.656,2.7621,787.19,OB,1h,train,0.6,542
5.0,0.25,285,0.607,2.4915,710.07,OB,1h,train,0.6,542
5.0,0.5,285,0.516,1.6581,472.56,OB,1h,train,0.6,542
5.0,1.0,285,0.446,0.3532,100.66,OB,1h,train,0.6,542
7.0,0.083,285,0.814,2.6582,757.59,OB,1h,train,0.6,542
7.0,0.125,285,0.705,3.3412,952.23,OB,1h,train,0.6,542
7.0,0.167,285,0.646,2.9156,830.96,OB,1h,train,0.6,542
7.0,0.25,285,0.586,2.7712,789.8,OB,1h,train,0.6,542
7.0,0.5,285,0.488,2.0593,586.9,OB,1h,train,0.6,542
7.0,1.0,285,0.407,1.0216,291.14,OB,1h,train,0.6,542
10.0,0.083,285,0.814,2.6582,757.59,OB,1h,train,0.6,542
10.0,0.125,285,0.698,3.3017,940.99,OB,1h,train,0.6,542
10.0,0.167,285,0.642,2.9499,840.73,OB,1h,train,0.6,542
10.0,0.25,285,0.582,2.9187,831.82,OB,1h,train,0.6,542
10.0,0.5,285,0.481,2.4111,687.17,OB,1h,train,0.6,542
10.0,1.0,285,0.389,1.4169,403.82,OB,1h,train,0.6,542
2.0,0.083,282,0.812,2.6877,757.92,OB,1h,train,0.625,542
2.0,0.125,282,0.755,2.8338,799.12,OB,1h,train,0.625,542
2.0,0.167,282,0.72,2.5256,712.22,OB,1h,train,0.625,542
2.0,0.25,282,0.67,2.0173,568.89,OB,1h,train,0.625,542
2.0,0.5,282,0.585,1.0421,293.88,OB,1h,train,0.625,542
2.0,1.0,282,0.489,-0.4121,-116.21,OB,1h,train,0.625,542
3.0,0.083,282,0.812,2.6877,757.92,OB,1h,train,0.625,542
3.0,0.125,282,0.752,3.2447,915.01,OB,1h,train,0.625,542
3.0,0.167,282,0.702,2.806,791.3,OB,1h,train,0.625,542
3.0,0.25,282,0.645,2.3388,659.53,OB,1h,train,0.625,542
3.0,0.5,282,0.564,1.2423,350.33,OB,1h,train,0.625,542
3.0,1.0,282,0.468,-0.209,-58.93,OB,1h,train,0.625,542
4.0,0.083,282,0.812,2.6877,757.92,OB,1h,train,0.625,542
4.0,0.125,282,0.73,3.1491,888.04,OB,1h,train,0.625,542
4.0,0.167,282,0.67,2.5341,714.61,OB,1h,train,0.625,542
4.0,0.25,282,0.624,2.0882,588.86,OB,1h,train,0.625,542
4.0,0.5,282,0.535,1.1424,322.15,OB,1h,train,0.625,542
4.0,1.0,282,0.465,-0.1992,-56.17,OB,1h,train,0.625,542
5.0,0.083,282,0.812,2.6877,757.92,OB,1h,train,0.625,542
5.0,0.125,282,0.72,3.3542,945.88,OB,1h,train,0.625,542
5.0,0.167,282,0.66,2.8587,806.14,OB,1h,train,0.625,542
5.0,0.25,282,0.613,2.5202,710.68,OB,1h,train,0.625,542
5.0,0.5,282,0.525,1.4869,419.3,OB,1h,train,0.625,542
5.0,1.0,282,0.44,0.1462,41.22,OB,1h,train,0.625,542
7.0,0.083,282,0.812,2.6877,757.92,OB,1h,train,0.625,542
7.0,0.125,282,0.709,3.2852,926.43,OB,1h,train,0.625,542
7.0,0.167,282,0.645,2.818,794.66,OB,1h,train,0.625,542
7.0,0.25,282,0.589,2.5992,732.97,OB,1h,train,0.625,542
7.0,0.5,282,0.493,1.6287,459.28,OB,1h,train,0.625,542
7.0,1.0,282,0.394,0.5101,143.86,OB,1h,train,0.625,542
10.0,0.083,282,0.812,2.6877,757.92,OB,1h,train,0.625,542
10.0,0.125,282,0.702,3.2649,920.69,OB,1h,train,0.625,542
10.0,0.167,282,0.642,2.8852,813.64,OB,1h,train,0.625,542
10.0,0.25,282,0.585,2.7913,787.14,OB,1h,train,0.625,542
10.0,0.5,282,0.486,2.0032,564.91,OB,1h,train,0.625,542
10.0,1.0,282,0.376,0.8629,243.33,OB,1h,train,0.625,542
2.0,0.083,279,0.817,2.7326,762.4,OB,1h,train,0.65,542
2.0,0.125,279,0.763,2.8682,800.24,OB,1h,train,0.65,542
2.0,0.167,279,0.724,2.5453,710.15,OB,1h,train,0.65,542
2.0,0.25,279,0.677,2.0027,558.74,OB,1h,train,0.65,542
2.0,0.5,279,0.581,0.9947,277.52,OB,1h,train,0.65,542
2.0,1.0,279,0.484,-0.4624,-129.01,OB,1h,train,0.65,542
3.0,0.083,279,0.817,2.7326,762.4,OB,1h,train,0.65,542
3.0,0.125,279,0.763,3.345,933.27,OB,1h,train,0.65,542
3.0,0.167,279,0.713,2.9469,822.19,OB,1h,train,0.65,542
3.0,0.25,279,0.663,2.4417,681.23,OB,1h,train,0.65,542
3.0,0.5,279,0.57,1.3085,365.07,OB,1h,train,0.65,542
3.0,1.0,279,0.47,-0.1713,-47.79,OB,1h,train,0.65,542
4.0,0.083,279,0.817,2.7326,762.4,OB,1h,train,0.65,542
4.0,0.125,279,0.742,3.1869,889.15,OB,1h,train,0.65,542
4.0,0.167,279,0.685,2.7047,754.6,OB,1h,train,0.65,542
4.0,0.25,279,0.645,2.2468,626.86,OB,1h,train,0.65,542
4.0,0.5,279,0.545,1.2584,351.08,OB,1h,train,0.65,542
4.0,1.0,279,0.47,-0.1357,-37.87,OB,1h,train,0.65,542
5.0,0.083,279,0.817,2.7326,762.4,OB,1h,train,0.65,542
5.0,0.125,279,0.731,3.4348,958.31,OB,1h,train,0.65,542
5.0,0.167,279,0.667,2.9167,813.76,OB,1h,train,0.65,542
5.0,0.25,279,0.627,2.4948,696.05,OB,1h,train,0.65,542
5.0,0.5,279,0.53,1.5427,430.42,OB,1h,train,0.65,542
5.0,1.0,279,0.448,0.1987,55.44,OB,1h,train,0.65,542
7.0,0.083,279,0.817,2.7326,762.4,OB,1h,train,0.65,542
7.0,0.125,279,0.724,3.4061,950.31,OB,1h,train,0.65,542
7.0,0.167,279,0.656,2.9298,817.41,OB,1h,train,0.65,542
7.0,0.25,279,0.606,2.6836,748.73,OB,1h,train,0.65,542
7.0,0.5,279,0.498,1.6768,467.82,OB,1h,train,0.65,542
7.0,1.0,279,0.398,0.5047,140.8,OB,1h,train,0.65,542
10.0,0.083,279,0.817,2.7326,762.4,OB,1h,train,0.65,542
10.0,0.125,279,0.713,3.3626,938.17,OB,1h,train,0.65,542
10.0,0.167,279,0.649,2.9698,828.58,OB,1h,train,0.65,542
10.0,0.25,279,0.599,2.8356,791.14,OB,1h,train,0.65,542
10.0,0.5,279,0.487,2.0386,568.77,OB,1h,train,0.65,542
10.0,1.0,279,0.384,1.0557,294.55,OB,1h,train,0.65,542
2.0,0.083,278,0.809,2.668,741.69,OB,1h,train,0.675,542
2.0,0.125,278,0.752,2.711,753.65,OB,1h,train,0.675,542
2.0,0.167,278,0.709,2.3612,656.42,OB,1h,train,0.675,542
2.0,0.25,278,0.665,1.7975,499.71,OB,1h,train,0.675,542
2.0,0.5,278,0.568,0.7543,209.69,OB,1h,train,0.675,542
2.0,1.0,278,0.464,-0.8169,-227.11,OB,1h,train,0.675,542
3.0,0.083,278,0.809,2.668,741.69,OB,1h,train,0.675,542
3.0,0.125,278,0.752,3.0969,860.94,OB,1h,train,0.675,542
3.0,0.167,278,0.701,2.6731,743.13,OB,1h,train,0.675,542
3.0,0.25,278,0.651,2.1342,593.3,OB,1h,train,0.675,542
3.0,0.5,278,0.55,0.9309,258.78,OB,1h,train,0.675,542
3.0,1.0,278,0.453,-0.6644,-184.7,OB,1h,train,0.675,542
4.0,0.083,278,0.809,2.668,741.69,OB,1h,train,0.675,542
4.0,0.125,278,0.737,3.1348,871.46,OB,1h,train,0.675,542
4.0,0.167,278,0.676,2.6136,726.58,OB,1h,train,0.675,542
4.0,0.25,278,0.637,2.1014,584.2,OB,1h,train,0.675,542
4.0,0.5,278,0.532,1.0043,279.19,OB,1h,train,0.675,542
4.0,1.0,278,0.46,-0.5675,-157.77,OB,1h,train,0.675,542
5.0,0.083,278,0.809,2.668,741.69,OB,1h,train,0.675,542
5.0,0.125,278,0.723,3.3382,928.03,OB,1h,train,0.675,542
5.0,0.167,278,0.655,2.7808,773.06,OB,1h,train,0.675,542
5.0,0.25,278,0.615,2.2847,635.14,OB,1h,train,0.675,542
5.0,0.5,278,0.514,1.1694,325.1,OB,1h,train,0.675,542
5.0,1.0,278,0.442,-0.3483,-96.83,OB,1h,train,0.675,542
7.0,0.083,278,0.809,2.668,741.69,OB,1h,train,0.675,542
7.0,0.125,278,0.716,3.3203,923.05,OB,1h,train,0.675,542
7.0,0.167,278,0.644,2.8072,780.39,OB,1h,train,0.675,542
7.0,0.25,278,0.594,2.494,693.34,OB,1h,train,0.675,542
7.0,0.5,278,0.482,1.3558,376.91,OB,1h,train,0.675,542
7.0,1.0,278,0.388,-0.0728,-20.23,OB,1h,train,0.675,542
10.0,0.083,278,0.809,2.668,741.69,OB,1h,train,0.675,542
10.0,0.125,278,0.705,3.2815,912.26,OB,1h,train,0.675,542
10.0,0.167,278,0.637,2.8553,793.78,OB,1h,train,0.675,542
10.0,0.25,278,0.586,2.6622,740.08,OB,1h,train,0.675,542
10.0,0.5,278,0.471,1.7652,490.71,OB,1h,train,0.675,542
10.0,1.0,278,0.374,0.575,159.85,OB,1h,train,0.675,542
2.0,0.083,278,0.802,2.6773,744.28,OB,1h,train,0.7,542
2.0,0.125,278,0.748,2.7671,769.26,OB,1h,train,0.7,542
2.0,0.167,278,0.723,2.4601,683.9,OB,1h,train,0.7,542
2.0,0.25,278,0.676,1.9321,537.13,OB,1h,train,0.7,542
2.0,0.5,278,0.576,0.8716,242.31,OB,1h,train,0.7,542
2.0,1.0,278,0.46,-0.6824,-189.72,OB,1h,train,0.7,542
3.0,0.083,278,0.802,2.6773,744.28,OB,1h,train,0.7,542
3.0,0.125,278,0.748,3.0879,858.43,OB,1h,train,0.7,542
3.0,0.167,278,0.719,2.6696,742.15,OB,1h,train,0.7,542
3.0,0.25,278,0.658,2.0749,576.82,OB,1h,train,0.7,542
3.0,0.5,278,0.55,0.8978,249.59,OB,1h,train,0.7,542
3.0,1.0,278,0.446,-0.6886,-191.44,OB,1h,train,0.7,542
4.0,0.083,278,0.802,2.6773,744.28,OB,1h,train,0.7,542
4.0,0.125,278,0.734,3.1953,888.3,OB,1h,train,0.7,542
4.0,0.167,278,0.691,2.6936,748.81,OB,1h,train,0.7,542
4.0,0.25,278,0.637,2.1342,593.32,OB,1h,train,0.7,542
4.0,0.5,278,0.536,1.0137,281.8,OB,1h,train,0.7,542
4.0,1.0,278,0.45,-0.5785,-160.83,OB,1h,train,0.7,542
5.0,0.083,278,0.802,2.6773,744.28,OB,1h,train,0.7,542
5.0,0.125,278,0.719,3.3706,937.02,OB,1h,train,0.7,542
5.0,0.167,278,0.669,2.8253,785.43,OB,1h,train,0.7,542
5.0,0.25,278,0.619,2.2872,635.84,OB,1h,train,0.7,542
5.0,0.5,278,0.522,1.078,299.67,OB,1h,train,0.7,542
5.0,1.0,278,0.442,-0.4717,-131.15,OB,1h,train,0.7,542
7.0,0.083,278,0.802,2.6773,744.28,OB,1h,train,0.7,542
7.0,0.125,278,0.709,3.3343,926.95,OB,1h,train,0.7,542
7.0,0.167,278,0.655,2.839,789.25,OB,1h,train,0.7,542
7.0,0.25,278,0.594,2.4754,688.17,OB,1h,train,0.7,542
7.0,0.5,278,0.489,1.315,365.58,OB,1h,train,0.7,542
7.0,1.0,278,0.392,-0.1472,-40.91,OB,1h,train,0.7,542
10.0,0.083,278,0.802,2.6773,744.28,OB,1h,train,0.7,542
10.0,0.125,278,0.698,3.3051,918.83,OB,1h,train,0.7,542
10.0,0.167,278,0.647,2.9053,807.68,OB,1h,train,0.7,542
10.0,0.25,278,0.586,2.6737,743.28,OB,1h,train,0.7,542
10.0,0.5,278,0.475,1.7254,479.66,OB,1h,train,0.7,542
10.0,1.0,278,0.371,0.4733,131.58,OB,1h,train,0.7,542
2.0,0.083,114,0.719,-0.3875,-44.18,OB,1h,validation,0.3,185
2.0,0.125,114,0.719,1.5334,174.81,OB,1h,validation,0.3,185
2.0,0.167,114,0.675,1.0112,115.28,OB,1h,validation,0.3,185
2.0,0.25,114,0.632,0.4564,52.03,OB,1h,validation,0.3,185
2.0,0.5,114,0.553,-0.7069,-80.59,OB,1h,validation,0.3,185
2.0,1.0,114,0.5,-2.599,-296.28,OB,1h,validation,0.3,185
3.0,0.083,114,0.719,-0.3875,-44.18,OB,1h,validation,0.3,185
3.0,0.125,114,0.667,0.5891,67.16,OB,1h,validation,0.3,185
3.0,0.167,114,0.623,0.2819,32.13,OB,1h,validation,0.3,185
3.0,0.25,114,0.579,-0.0073,-0.83,OB,1h,validation,0.3,185
3.0,0.5,114,0.482,-1.44,-164.16,OB,1h,validation,0.3,185
3.0,1.0,114,0.439,-3.4964,-398.59,OB,1h,validation,0.3,185
4.0,0.083,114,0.719,-0.3875,-44.18,OB,1h,validation,0.3,185
4.0,0.125,114,0.667,0.7386,84.2,OB,1h,validation,0.3,185
4.0,0.167,114,0.623,0.5251,59.87,OB,1h,validation,0.3,185
4.0,0.25,114,0.579,0.4948,56.41,OB,1h,validation,0.3,185
4.0,0.5,114,0.482,-0.5901,-67.27,OB,1h,validation,0.3,185
4.0,1.0,114,0.43,-2.3512,-268.04,OB,1h,validation,0.3,185
5.0,0.083,114,0.719,-0.3875,-44.18,OB,1h,validation,0.3,185
5.0,0.125,114,0.649,0.5428,61.88,OB,1h,validation,0.3,185
5.0,0.167,114,0.605,0.3874,44.16,OB,1h,validation,0.3,185
5.0,0.25,114,0.561,0.392,44.69,OB,1h,validation,0.3,185
5.0,0.5,114,0.447,-0.8819,-100.54,OB,1h,validation,0.3,185
5.0,1.0,114,0.395,-2.3491,-267.8,OB,1h,validation,0.3,185
7.0,0.083,114,0.719,-0.3875,-44.18,OB,1h,validation,0.3,185
7.0,0.125,114,0.649,0.7883,89.87,OB,1h,validation,0.3,185
7.0,0.167,114,0.605,0.7172,81.76,OB,1h,validation,0.3,185
7.0,0.25,114,0.561,0.4193,47.81,OB,1h,validation,0.3,185
7.0,0.5,114,0.439,-0.2668,-30.42,OB,1h,validation,0.3,185
7.0,1.0,114,0.368,-1.9232,-219.24,OB,1h,validation,0.3,185
10.0,0.083,114,0.719,-0.3875,-44.18,OB,1h,validation,0.3,185
10.0,0.125,114,0.649,0.7694,87.71,OB,1h,validation,0.3,185
10.0,0.167,114,0.596,0.466,53.12,OB,1h,validation,0.3,185
10.0,0.25,114,0.544,0.2486,28.34,OB,1h,validation,0.3,185
10.0,0.5,114,0.412,-0.073,-8.33,OB,1h,validation,0.3,185
10.0,1.0,114,0.351,-1.0032,-114.36,OB,1h,validation,0.3,185
2.0,0.083,116,0.707,-0.6721,-77.96,OB,1h,validation,0.325,185
2.0,0.125,116,0.707,1.1044,128.11,OB,1h,validation,0.325,185
2.0,0.167,116,0.655,0.5866,68.04,OB,1h,validation,0.325,185
2.0,0.25,116,0.612,0.0166,1.93,OB,1h,validation,0.325,185
2.0,0.5,116,0.543,-1.129,-130.97,OB,1h,validation,0.325,185
2.0,1.0,116,0.491,-2.9844,-346.19,OB,1h,validation,0.325,185
3.0,0.083,116,0.707,-0.6721,-77.96,OB,1h,validation,0.325,185
3.0,0.125,116,0.672,0.528,61.25,OB,1h,validation,0.325,185
3.0,0.167,116,0.621,0.2251,26.11,OB,1h,validation,0.325,185
3.0,0.25,116,0.578,0.012,1.4,OB,1h,validation,0.325,185
3.0,0.5,116,0.491,-1.3043,-151.3,OB,1h,validation,0.325,185
3.0,1.0,116,0.457,-3.129,-362.96,OB,1h,validation,0.325,185
4.0,0.083,116,0.707,-0.6721,-77.96,OB,1h,validation,0.325,185
4.0,0.125,116,0.664,0.4671,54.18,OB,1h,validation,0.325,185
4.0,0.167,116,0.612,0.2621,30.4,OB,1h,validation,0.325,185
4.0,0.25,116,0.569,0.2001,23.22,OB,1h,validation,0.325,185
4.0,0.5,116,0.474,-0.8899,-103.23,OB,1h,validation,0.325,185
4.0,1.0,116,0.431,-2.5762,-298.84,OB,1h,validation,0.325,185
5.0,0.083,116,0.707,-0.6721,-77.96,OB,1h,validation,0.325,185
5.0,0.125,116,0.647,0.2914,33.8,OB,1h,validation,0.325,185
5.0,0.167,116,0.595,0.1522,17.66,OB,1h,validation,0.325,185
5.0,0.25,116,0.552,0.1512,17.54,OB,1h,validation,0.325,185
5.0,0.5,116,0.44,-1.0735,-124.53,OB,1h,validation,0.325,185
5.0,1.0,116,0.397,-2.5038,-290.44,OB,1h,validation,0.325,185
7.0,0.083,116,0.707,-0.6721,-77.96,OB,1h,validation,0.325,185
7.0,0.125,116,0.647,0.5399,62.63,OB,1h,validation,0.325,185
7.0,0.167,116,0.595,0.4944,57.35,OB,1h,validation,0.325,185
7.0,0.25,116,0.552,0.1806,20.95,OB,1h,validation,0.325,185
7.0,0.5,116,0.431,-0.5434,-63.04,OB,1h,validation,0.325,185
7.0,1.0,116,0.371,-2.0655,-239.6,OB,1h,validation,0.325,185
10.0,0.083,116,0.707,-0.6721,-77.96,OB,1h,validation,0.325,185
10.0,0.125,116,0.647,0.5232,60.69,OB,1h,validation,0.325,185
10.0,0.167,116,0.586,0.2527,29.31,OB,1h,validation,0.325,185
10.0,0.25,116,0.534,0.0322,3.73,OB,1h,validation,0.325,185
10.0,0.5,116,0.405,-0.274,-31.78,OB,1h,validation,0.325,185
10.0,1.0,116,0.353,-1.1815,-137.05,OB,1h,validation,0.325,185
2.0,0.083,114,0.702,-0.8944,-101.97,OB,1h,validation,0.35,185
2.0,0.125,114,0.693,0.7727,88.09,OB,1h,validation,0.35,185
2.0,0.167,114,0.649,0.1467,16.72,OB,1h,validation,0.35,185
2.0,0.25,114,0.596,-0.5056,-57.63,OB,1h,validation,0.35,185
2.0,0.5,114,0.535,-1.4516,-165.48,OB,1h,validation,0.35,185
2.0,1.0,114,0.491,-3.2203,-367.12,OB,1h,validation,0.35,185
3.0,0.083,114,0.702,-0.8944,-101.97,OB,1h,validation,0.35,185
3.0,0.125,114,0.684,0.8909,101.56,OB,1h,validation,0.35,185
3.0,0.167,114,0.632,0.2216,25.26,OB,1h,validation,0.35,185
3.0,0.25,114,0.579,-0.0353,-4.02,OB,1h,validation,0.35,185
3.0,0.5,114,0.491,-1.2729,-145.11,OB,1h,validation,0.35,185
3.0,1.0,114,0.465,-3.084,-351.57,OB,1h,validation,0.35,185
4.0,0.083,114,0.702,-0.8944,-101.97,OB,1h,validation,0.35,185
4.0,0.125,114,0.667,0.5267,60.05,OB,1h,validation,0.35,185
4.0,0.167,114,0.614,-0.0657,-7.49,OB,1h,validation,0.35,185
4.0,0.25,114,0.561,-0.2522,-28.76,OB,1h,validation,0.35,185
4.0,0.5,114,0.465,-1.3204,-150.53,OB,1h,validation,0.35,185
4.0,1.0,114,0.43,-3.0227,-344.59,OB,1h,validation,0.35,185
5.0,0.083,114,0.702,-0.8944,-101.97,OB,1h,validation,0.35,185
5.0,0.125,114,0.649,0.2975,33.92,OB,1h,validation,0.35,185
5.0,0.167,114,0.596,-0.2662,-30.35,OB,1h,validation,0.35,185
5.0,0.25,114,0.544,-0.4137,-47.16,OB,1h,validation,0.35,185
5.0,0.5,114,0.43,-1.5554,-177.31,OB,1h,validation,0.35,185
5.0,1.0,114,0.395,-2.9938,-341.3,OB,1h,validation,0.35,185
7.0,0.083,114,0.702,-0.8944,-101.97,OB,1h,validation,0.35,185
7.0,0.125,114,0.649,0.6121,69.77,OB,1h,validation,0.35,185
7.0,0.167,114,0.596,0.1802,20.54,OB,1h,validation,0.35,185
7.0,0.25,114,0.544,-0.2602,-29.66,OB,1h,validation,0.35,185
7.0,0.5,114,0.421,-0.9518,-108.5,OB,1h,validation,0.35,185
7.0,1.0,114,0.368,-2.6372,-300.64,OB,1h,validation,0.35,185
10.0,0.083,114,0.702,-0.8944,-101.97,OB,1h,validation,0.35,185
10.0,0.125,114,0.649,0.5964,67.99,OB,1h,validation,0.35,185
10.0,0.167,114,0.588,-0.0649,-7.4,OB,1h,validation,0.35,185
10.0,0.25,114,0.526,-0.41,-46.74,OB,1h,validation,0.35,185
10.0,0.5,114,0.395,-0.6841,-77.98,OB,1h,validation,0.35,185
10.0,1.0,114,0.351,-1.5652,-178.43,OB,1h,validation,0.35,185
2.0,0.083,113,0.735,-0.703,-79.44,OB,1h,validation,0.375,185
2.0,0.125,113,0.699,0.9515,107.52,OB,1h,validation,0.375,185
2.0,0.167,113,0.664,0.4992,56.41,OB,1h,validation,0.375,185
2.0,0.25,113,0.611,-0.2079,-23.49,OB,1h,validation,0.375,185
2.0,0.5,113,0.549,-1.0643,-120.27,OB,1h,validation,0.375,185
2.0,1.0,113,0.504,-2.7841,-314.61,OB,1h,validation,0.375,185
3.0,0.083,113,0.735,-0.703,-79.44,OB,1h,validation,0.375,185
3.0,0.125,113,0.681,0.8305,93.85,OB,1h,validation,0.375,185
3.0,0.167,113,0.637,0.3028,34.22,OB,1h,validation,0.375,185
3.0,0.25,113,0.584,0.0532,6.01,OB,1h,validation,0.375,185
3.0,0.5,113,0.496,-1.0204,-115.3,OB,1h,validation,0.375,185
3.0,1.0,113,0.469,-2.8303,-319.82,OB,1h,validation,0.375,185
4.0,0.083,113,0.735,-0.703,-79.44,OB,1h,validation,0.375,185
4.0,0.125,113,0.664,0.4832,54.61,OB,1h,validation,0.375,185
4.0,0.167,113,0.619,0.02,2.26,OB,1h,validation,0.375,185
4.0,0.25,113,0.566,-0.1206,-13.63,OB,1h,validation,0.375,185
4.0,0.5,113,0.469,-1.0846,-122.55,OB,1h,validation,0.375,185
4.0,1.0,113,0.434,-2.6758,-302.36,OB,1h,validation,0.375,185
5.0,0.083,113,0.735,-0.703,-79.44,OB,1h,validation,0.375,185
5.0,0.125,113,0.646,0.3114,35.19,OB,1h,validation,0.375,185
5.0,0.167,113,0.602,-0.1001,-11.31,OB,1h,validation,0.375,185
5.0,0.25,113,0.549,-0.1756,-19.84,OB,1h,validation,0.375,185
5.0,0.5,113,0.442,-1.2136,-137.14,OB,1h,validation,0.375,185
5.0,1.0,113,0.407,-2.5989,-293.67,OB,1h,validation,0.375,185
7.0,0.083,113,0.735,-0.703,-79.44,OB,1h,validation,0.375,185
7.0,0.125,113,0.646,0.5691,64.31,OB,1h,validation,0.375,185
7.0,0.167,113,0.602,0.2584,29.2,OB,1h,validation,0.375,185
7.0,0.25,113,0.549,-0.1581,-17.87,OB,1h,validation,0.375,185
7.0,0.5,113,0.434,-0.7998,-90.37,OB,1h,validation,0.375,185
7.0,1.0,113,0.372,-2.433,-274.93,OB,1h,validation,0.375,185
10.0,0.083,113,0.735,-0.703,-79.44,OB,1h,validation,0.375,185
10.0,0.125,113,0.646,0.5376,60.75,OB,1h,validation,0.375,185
10.0,0.167,113,0.593,-0.0091,-1.03,OB,1h,validation,0.375,185
10.0,0.25,113,0.531,-0.3321,-37.53,OB,1h,validation,0.375,185
10.0,0.5,113,0.407,-0.5273,-59.58,OB,1h,validation,0.375,185
10.0,1.0,113,0.354,-1.3604,-153.73,OB,1h,validation,0.375,185
2.0,0.083,113,0.735,-0.5388,-60.88,OB,1h,validation,0.4,185
2.0,0.125,113,0.708,0.9313,105.24,OB,1h,validation,0.4,185
2.0,0.167,113,0.664,0.4868,55.01,OB,1h,validation,0.4,185
2.0,0.25,113,0.611,-0.2594,-29.31,OB,1h,validation,0.4,185
2.0,0.5,113,0.558,-1.1515,-130.12,OB,1h,validation,0.4,185
2.0,1.0,113,0.522,-2.8689,-324.19,OB,1h,validation,0.4,185
3.0,0.083,113,0.735,-0.5388,-60.88,OB,1h,validation,0.4,185
3.0,0.125,113,0.699,1.0157,114.77,OB,1h,validation,0.4,185
3.0,0.167,113,0.646,0.5054,57.11,OB,1h,validation,0.4,185
3.0,0.25,113,0.593,0.2404,27.17,OB,1h,validation,0.4,185
3.0,0.5,113,0.522,-0.8182,-92.45,OB,1h,validation,0.4,185
3.0,1.0,113,0.487,-2.6916,-304.15,OB,1h,validation,0.4,185
4.0,0.083,113,0.735,-0.5388,-60.88,OB,1h,validation,0.4,185
4.0,0.125,113,0.673,0.6089,68.8,OB,1h,validation,0.4,185
4.0,0.167,113,0.619,0.1719,19.42,OB,1h,validation,0.4,185
4.0,0.25,113,0.566,0.0229,2.59,OB,1h,validation,0.4,185
4.0,0.5,113,0.478,-0.9415,-106.39,OB,1h,validation,0.4,185
4.0,1.0,113,0.442,-2.5601,-289.29,OB,1h,validation,0.4,185
5.0,0.083,113,0.735,-0.5388,-60.88,OB,1h,validation,0.4,185
5.0,0.125,113,0.655,0.42,47.46,OB,1h,validation,0.4,185
5.0,0.167,113,0.602,0.0334,3.77,OB,1h,validation,0.4,185
5.0,0.25,113,0.549,-0.0457,-5.17,OB,1h,validation,0.4,185
5.0,0.5,113,0.451,-1.0846,-122.56,OB,1h,validation,0.4,185
5.0,1.0,113,0.416,-2.5912,-292.81,OB,1h,validation,0.4,185
7.0,0.083,113,0.735,-0.5388,-60.88,OB,1h,validation,0.4,185
7.0,0.125,113,0.655,0.6991,79.0,OB,1h,validation,0.4,185
7.0,0.167,113,0.602,0.43,48.59,OB,1h,validation,0.4,185
7.0,0.25,113,0.549,0.0152,1.72,OB,1h,validation,0.4,185
7.0,0.5,113,0.451,-0.6223,-70.32,OB,1h,validation,0.4,185
7.0,1.0,113,0.389,-2.2639,-255.82,OB,1h,validation,0.4,185
10.0,0.083,113,0.735,-0.5388,-60.88,OB,1h,validation,0.4,185
10.0,0.125,113,0.655,0.6638,75.01,OB,1h,validation,0.4,185
10.0,0.167,113,0.593,0.1432,16.19,OB,1h,validation,0.4,185
10.0,0.25,113,0.531,-0.1812,-20.47,OB,1h,validation,0.4,185
10.0,0.5,113,0.416,-0.3792,-42.85,OB,1h,validation,0.4,185
10.0,1.0,113,0.363,-1.2425,-140.4,OB,1h,validation,0.4,185
2.0,0.083,114,0.737,-0.413,-47.08,OB,1h,validation,0.425,185
2.0,0.125,114,0.719,0.9412,107.3,OB,1h,validation,0.425,185
2.0,0.167,114,0.684,0.6199,70.67,OB,1h,validation,0.425,185
2.0,0.25,114,0.64,-0.1214,-13.84,OB,1h,validation,0.425,185
2.0,0.5,114,0.588,-1.0249,-116.83,OB,1h,validation,0.425,185
2.0,1.0,114,0.518,-2.7497,-313.46,OB,1h,validation,0.425,185
3.0,0.083,114,0.737,-0.413,-47.08,OB,1h,validation,0.425,185
3.0,0.125,114,0.702,1.1532,131.46,OB,1h,validation,0.425,185
3.0,0.167,114,0.649,0.6317,72.01,OB,1h,validation,0.425,185
3.0,0.25,114,0.596,0.3959,45.13,OB,1h,validation,0.425,185
3.0,0.5,114,0.535,-0.6912,-78.79,OB,1h,validation,0.425,185
3.0,1.0,114,0.482,-2.5426,-289.86,OB,1h,validation,0.425,185
4.0,0.083,114,0.737,-0.413,-47.08,OB,1h,validation,0.425,185
4.0,0.125,114,0.667,0.6175,70.39,OB,1h,validation,0.425,185
4.0,0.167,114,0.614,0.2079,23.71,OB,1h,validation,0.425,185
4.0,0.25,114,0.561,0.0884,10.08,OB,1h,validation,0.425,185
4.0,0.5,114,0.482,-0.9172,-104.56,OB,1h,validation,0.425,185
4.0,1.0,114,0.439,-2.6164,-298.27,OB,1h,validation,0.425,185
5.0,0.083,114,0.737,-0.413,-47.08,OB,1h,validation,0.425,185
5.0,0.125,114,0.649,0.4307,49.1,OB,1h,validation,0.425,185
5.0,0.167,114,0.596,0.0748,8.52,OB,1h,validation,0.425,185
5.0,0.25,114,0.544,0.0318,3.63,OB,1h,validation,0.425,185
5.0,0.5,114,0.465,-0.7618,-86.85,OB,1h,validation,0.425,185
5.0,1.0,114,0.421,-2.2548,-257.05,OB,1h,validation,0.425,185
7.0,0.083,114,0.737,-0.413,-47.08,OB,1h,validation,0.425,185
7.0,0.125,114,0.649,0.7073,80.64,OB,1h,validation,0.425,185
7.0,0.167,114,0.596,0.4518,51.5,OB,1h,validation,0.425,185
7.0,0.25,114,0.544,0.0228,2.6,OB,1h,validation,0.425,185
7.0,0.5,114,0.456,-0.7478,-85.24,OB,1h,validation,0.425,185
7.0,1.0,114,0.395,-1.8239,-207.92,OB,1h,validation,0.425,185
10.0,0.083,114,0.737,-0.413,-47.08,OB,1h,validation,0.425,185
10.0,0.125,114,0.649,0.673,76.72,OB,1h,validation,0.425,185
10.0,0.167,114,0.588,0.184,20.98,OB,1h,validation,0.425,185
10.0,0.25,114,0.526,-0.1021,-11.64,OB,1h,validation,0.425,185
10.0,0.5,114,0.421,-0.3171,-36.15,OB,1h,validation,0.425,185
10.0,1.0,114,0.36,-1.1612,-132.38,OB,1h,validation,0.425,185
2.0,0.083,113,0.743,-0.2577,-29.12,OB,1h,validation,0.45,185
2.0,0.125,113,0.726,1.143,129.16,OB,1h,validation,0.45,185
2.0,0.167,113,0.69,0.989,111.76,OB,1h,validation,0.45,185
2.0,0.25,113,0.664,0.2183,24.67,OB,1h,validation,0.45,185
2.0,0.5,113,0.602,-0.8093,-91.45,OB,1h,validation,0.45,185
2.0,1.0,113,0.531,-2.4781,-280.02,OB,1h,validation,0.45,185
3.0,0.083,113,0.743,-0.2577,-29.12,OB,1h,validation,0.45,185
3.0,0.125,113,0.708,1.3456,152.05,OB,1h,validation,0.45,185
3.0,0.167,113,0.655,0.8932,100.93,OB,1h,validation,0.45,185
3.0,0.25,113,0.611,0.6936,78.38,OB,1h,validation,0.45,185
3.0,0.5,113,0.549,-0.3173,-35.86,OB,1h,validation,0.45,185
3.0,1.0,113,0.496,-2.1673,-244.91,OB,1h,validation,0.45,185
4.0,0.083,113,0.743,-0.2577,-29.12,OB,1h,validation,0.45,185
4.0,0.125,113,0.673,0.8099,91.52,OB,1h,validation,0.45,185
4.0,0.167,113,0.619,0.468,52.89,OB,1h,validation,0.45,185
4.0,0.25,113,0.575,0.2978,33.65,OB,1h,validation,0.45,185
4.0,0.5,113,0.487,-0.7404,-83.67,OB,1h,validation,0.45,185
4.0,1.0,113,0.442,-2.5852,-292.13,OB,1h,validation,0.45,185
5.0,0.083,113,0.743,-0.2577,-29.12,OB,1h,validation,0.45,185
5.0,0.125,113,0.655,0.6223,70.32,OB,1h,validation,0.45,185
5.0,0.167,113,0.602,0.3387,38.27,OB,1h,validation,0.45,185
5.0,0.25,113,0.558,0.2817,31.83,OB,1h,validation,0.45,185
5.0,0.5,113,0.469,-0.5232,-59.12,OB,1h,validation,0.45,185
5.0,1.0,113,0.425,-2.1253,-240.16,OB,1h,validation,0.45,185
7.0,0.083,113,0.743,-0.2577,-29.12,OB,1h,validation,0.45,185
7.0,0.125,113,0.655,0.8631,97.53,OB,1h,validation,0.45,185
7.0,0.167,113,0.602,0.6512,73.58,OB,1h,validation,0.45,185
7.0,0.25,113,0.558,0.1755,19.83,OB,1h,validation,0.45,185
7.0,0.5,113,0.46,-0.6011,-67.93,OB,1h,validation,0.45,185
7.0,1.0,113,0.398,-1.8406,-207.99,OB,1h,validation,0.45,185
10.0,0.083,113,0.743,-0.2577,-29.12,OB,1h,validation,0.45,185
10.0,0.125,113,0.655,0.8615,97.35,OB,1h,validation,0.45,185
10.0,0.167,113,0.593,0.4302,48.61,OB,1h,validation,0.45,185
10.0,0.25,113,0.54,0.1085,12.26,OB,1h,validation,0.45,185
10.0,0.5,113,0.425,-0.1198,-13.54,OB,1h,validation,0.45,185
10.0,1.0,113,0.363,-1.1383,-128.63,OB,1h,validation,0.45,185
2.0,0.083,111,0.73,-0.6134,-68.08,OB,1h,validation,0.475,185
2.0,0.125,111,0.712,0.7408,82.23,OB,1h,validation,0.475,185
2.0,0.167,111,0.676,0.5174,57.44,OB,1h,validation,0.475,185
2.0,0.25,111,0.649,-0.3057,-33.93,OB,1h,validation,0.475,185
2.0,0.5,111,0.586,-1.4184,-157.44,OB,1h,validation,0.475,185
2.0,1.0,111,0.505,-3.1132,-345.56,OB,1h,validation,0.475,185
3.0,0.083,111,0.73,-0.6134,-68.08,OB,1h,validation,0.475,185
3.0,0.125,111,0.694,0.9264,102.83,OB,1h,validation,0.475,185
3.0,0.167,111,0.64,0.4304,47.78,OB,1h,validation,0.475,185
3.0,0.25,111,0.595,0.154,17.09,OB,1h,validation,0.475,185
3.0,0.5,111,0.532,-0.8871,-98.46,OB,1h,validation,0.475,185
3.0,1.0,111,0.477,-2.7504,-305.29,OB,1h,validation,0.475,185
4.0,0.083,111,0.73,-0.6134,-68.08,OB,1h,validation,0.475,185
4.0,0.125,111,0.658,0.4464,49.55,OB,1h,validation,0.475,185
4.0,0.167,111,0.604,0.0289,3.2,OB,1h,validation,0.475,185
4.0,0.25,111,0.559,-0.1324,-14.7,OB,1h,validation,0.475,185
4.0,0.5,111,0.486,-1.1055,-122.71,OB,1h,validation,0.475,185
4.0,1.0,111,0.441,-2.8141,-312.36,OB,1h,validation,0.475,185
5.0,0.083,111,0.73,-0.6134,-68.08,OB,1h,validation,0.475,185
5.0,0.125,111,0.64,0.255,28.3,OB,1h,validation,0.475,185
5.0,0.167,111,0.586,-0.1076,-11.95,OB,1h,validation,0.475,185
5.0,0.25,111,0.541,-0.1606,-17.82,OB,1h,validation,0.475,185
5.0,0.5,111,0.468,-0.7934,-88.07,OB,1h,validation,0.475,185
5.0,1.0,111,0.423,-2.3861,-264.85,OB,1h,validation,0.475,185
7.0,0.083,111,0.73,-0.6134,-68.08,OB,1h,validation,0.475,185
7.0,0.125,111,0.64,0.5003,55.54,OB,1h,validation,0.475,185
7.0,0.167,111,0.586,0.2105,23.37,OB,1h,validation,0.475,185
7.0,0.25,111,0.55,0.3021,33.53,OB,1h,validation,0.475,185
7.0,0.5,111,0.477,-0.0436,-4.84,OB,1h,validation,0.475,185
7.0,1.0,111,0.414,-1.1457,-127.17,OB,1h,validation,0.475,185
10.0,0.083,111,0.73,-0.6134,-68.08,OB,1h,validation,0.475,185
10.0,0.125,111,0.64,0.4992,55.41,OB,1h,validation,0.475,185
10.0,0.167,111,0.577,-0.0139,-1.55,OB,1h,validation,0.475,185
10.0,0.25,111,0.523,-0.3369,-37.4,OB,1h,validation,0.475,185
10.0,0.5,111,0.432,-0.1225,-13.6,OB,1h,validation,0.475,185
10.0,1.0,111,0.369,-1.0131,-112.45,OB,1h,validation,0.475,185
2.0,0.083,110,0.727,-0.5302,-58.32,OB,1h,validation,0.5,185
2.0,0.125,110,0.709,0.7562,83.18,OB,1h,validation,0.5,185
2.0,0.167,110,0.673,0.5502,60.52,OB,1h,validation,0.5,185
2.0,0.25,110,0.645,-0.0167,-1.83,OB,1h,validation,0.5,185
2.0,0.5,110,0.582,-1.3082,-143.9,OB,1h,validation,0.5,185
2.0,1.0,110,0.518,-2.9487,-324.35,OB,1h,validation,0.5,185
3.0,0.083,110,0.727,-0.5302,-58.32,OB,1h,validation,0.5,185
3.0,0.125,110,0.691,0.9024,99.26,OB,1h,validation,0.5,185
3.0,0.167,110,0.636,0.439,48.29,OB,1h,validation,0.5,185
3.0,0.25,110,0.591,0.4063,44.7,OB,1h,validation,0.5,185
3.0,0.5,110,0.536,-0.7408,-81.49,OB,1h,validation,0.5,185
3.0,1.0,110,0.482,-2.7364,-301.0,OB,1h,validation,0.5,185
4.0,0.083,110,0.727,-0.5302,-58.32,OB,1h,validation,0.5,185
4.0,0.125,110,0.655,0.3602,39.62,OB,1h,validation,0.5,185
4.0,0.167,110,0.6,-0.0554,-6.09,OB,1h,validation,0.5,185
4.0,0.25,110,0.555,-0.0387,-4.26,OB,1h,validation,0.5,185
4.0,0.5,110,0.491,-1.1631,-127.94,OB,1h,validation,0.5,185
4.0,1.0,110,0.445,-2.8856,-317.42,OB,1h,validation,0.5,185
5.0,0.083,110,0.727,-0.5302,-58.32,OB,1h,validation,0.5,185
5.0,0.125,110,0.636,0.2147,23.61,OB,1h,validation,0.5,185
5.0,0.167,110,0.582,-0.1359,-14.95,OB,1h,validation,0.5,185
5.0,0.25,110,0.536,0.0264,2.9,OB,1h,validation,0.5,185
5.0,0.5,110,0.464,-0.945,-103.95,OB,1h,validation,0.5,185
5.0,1.0,110,0.418,-2.5922,-285.14,OB,1h,validation,0.5,185
7.0,0.083,110,0.727,-0.5302,-58.32,OB,1h,validation,0.5,185
7.0,0.125,110,0.636,0.3745,41.19,OB,1h,validation,0.5,185
7.0,0.167,110,0.582,0.0849,9.33,OB,1h,validation,0.5,185
7.0,0.25,110,0.536,0.3814,41.96,OB,1h,validation,0.5,185
7.0,0.5,110,0.464,-0.2973,-32.71,OB,1h,validation,0.5,185
7.0,1.0,110,0.4,-1.4425,-158.68,OB,1h,validation,0.5,185
10.0,0.083,110,0.727,-0.5302,-58.32,OB,1h,validation,0.5,185
10.0,0.125,110,0.636,0.4704,51.74,OB,1h,validation,0.5,185
10.0,0.167,110,0.573,-0.0206,-2.26,OB,1h,validation,0.5,185
10.0,0.25,110,0.518,-0.1162,-12.78,OB,1h,validation,0.5,185
10.0,0.5,110,0.427,-0.2863,-31.49,OB,1h,validation,0.5,185
10.0,1.0,110,0.364,-1.2801,-140.81,OB,1h,validation,0.5,185
2.0,0.083,110,0.709,-0.6846,-75.3,OB,1h,validation,0.525,185
2.0,0.125,110,0.7,0.6958,76.53,OB,1h,validation,0.525,185
2.0,0.167,110,0.664,0.3604,39.64,OB,1h,validation,0.525,185
2.0,0.25,110,0.627,-0.202,-22.22,OB,1h,validation,0.525,185
2.0,0.5,110,0.555,-1.5507,-170.57,OB,1h,validation,0.525,185
2.0,1.0,110,0.518,-3.2344,-355.79,OB,1h,validation,0.525,185
3.0,0.083,110,0.709,-0.6846,-75.3,OB,1h,validation,0.525,185
3.0,0.125,110,0.691,0.8718,95.9,OB,1h,validation,0.525,185
3.0,0.167,110,0.645,0.4591,50.5,OB,1h,validation,0.525,185
3.0,0.25,110,0.591,0.1804,19.84,OB,1h,validation,0.525,185
3.0,0.5,110,0.527,-0.9578,-105.35,OB,1h,validation,0.525,185
3.0,1.0,110,0.491,-2.7975,-307.73,OB,1h,validation,0.525,185
4.0,0.083,110,0.709,-0.6846,-75.3,OB,1h,validation,0.525,185
4.0,0.125,110,0.655,0.2042,22.46,OB,1h,validation,0.525,185
4.0,0.167,110,0.591,-0.3993,-43.93,OB,1h,validation,0.525,185
4.0,0.25,110,0.536,-0.4093,-45.02,OB,1h,validation,0.525,185
4.0,0.5,110,0.473,-1.5404,-169.44,OB,1h,validation,0.525,185
4.0,1.0,110,0.445,-3.3278,-366.06,OB,1h,validation,0.525,185
5.0,0.083,110,0.709,-0.6846,-75.3,OB,1h,validation,0.525,185
5.0,0.125,110,0.645,0.3051,33.56,OB,1h,validation,0.525,185
5.0,0.167,110,0.582,-0.2557,-28.12,OB,1h,validation,0.525,185
5.0,0.25,110,0.527,-0.1516,-16.67,OB,1h,validation,0.525,185
5.0,0.5,110,0.464,-1.001,-110.11,OB,1h,validation,0.525,185
5.0,1.0,110,0.436,-2.4949,-274.44,OB,1h,validation,0.525,185
7.0,0.083,110,0.709,-0.6846,-75.3,OB,1h,validation,0.525,185
7.0,0.125,110,0.636,0.2366,26.03,OB,1h,validation,0.525,185
7.0,0.167,110,0.573,-0.2682,-29.5,OB,1h,validation,0.525,185
7.0,0.25,110,0.518,-0.0538,-5.92,OB,1h,validation,0.525,185
7.0,0.5,110,0.455,-0.6597,-72.57,OB,1h,validation,0.525,185
7.0,1.0,110,0.409,-1.6689,-183.58,OB,1h,validation,0.525,185
10.0,0.083,110,0.709,-0.6846,-75.3,OB,1h,validation,0.525,185
10.0,0.125,110,0.636,0.3527,38.8,OB,1h,validation,0.525,185
10.0,0.167,110,0.564,-0.3374,-37.11,OB,1h,validation,0.525,185
10.0,0.25,110,0.5,-0.4916,-54.07,OB,1h,validation,0.525,185
10.0,0.5,110,0.418,-0.6004,-66.04,OB,1h,validation,0.525,185
10.0,1.0,110,0.373,-1.5928,-175.21,OB,1h,validation,0.525,185
2.0,0.083,108,0.704,-0.7109,-76.77,OB,1h,validation,0.55,185
2.0,0.125,108,0.694,0.6319,68.25,OB,1h,validation,0.55,185
2.0,0.167,108,0.657,0.2594,28.02,OB,1h,validation,0.55,185
2.0,0.25,108,0.611,-0.5824,-62.9,OB,1h,validation,0.55,185
2.0,0.5,108,0.556,-1.6969,-183.26,OB,1h,validation,0.55,185
2.0,1.0,108,0.519,-3.3965,-366.83,OB,1h,validation,0.55,185
3.0,0.083,108,0.704,-0.7109,-76.77,OB,1h,validation,0.55,185
3.0,0.125,108,0.685,0.8235,88.94,OB,1h,validation,0.55,185
3.0,0.167,108,0.648,0.4362,47.11,OB,1h,validation,0.55,185
3.0,0.25,108,0.574,-0.1595,-17.22,OB,1h,validation,0.55,185
3.0,0.5,108,0.528,-1.0863,-117.32,OB,1h,validation,0.55,185
3.0,1.0,108,0.5,-2.8957,-312.73,OB,1h,validation,0.55,185
4.0,0.083,108,0.704,-0.7109,-76.77,OB,1h,validation,0.55,185
4.0,0.125,108,0.657,0.4984,53.82,OB,1h,validation,0.55,185
4.0,0.167,108,0.62,0.1685,18.2,OB,1h,validation,0.55,185
4.0,0.25,108,0.537,-0.3953,-42.69,OB,1h,validation,0.55,185
4.0,0.5,108,0.481,-1.3598,-146.86,OB,1h,validation,0.55,185
4.0,1.0,108,0.454,-3.1602,-341.3,OB,1h,validation,0.55,185
5.0,0.083,108,0.704,-0.7109,-76.77,OB,1h,validation,0.55,185
5.0,0.125,108,0.648,0.4595,49.62,OB,1h,validation,0.55,185
5.0,0.167,108,0.602,0.1481,16.0,OB,1h,validation,0.55,185
5.0,0.25,108,0.519,-0.2958,-31.94,OB,1h,validation,0.55,185
5.0,0.5,108,0.463,-0.9217,-99.55,OB,1h,validation,0.55,185
5.0,1.0,108,0.435,-2.4723,-267.01,OB,1h,validation,0.55,185
7.0,0.083,108,0.704,-0.7109,-76.77,OB,1h,validation,0.55,185
7.0,0.125,108,0.639,0.4187,45.22,OB,1h,validation,0.55,185
7.0,0.167,108,0.593,0.1738,18.77,OB,1h,validation,0.55,185
7.0,0.25,108,0.509,-0.1614,-17.43,OB,1h,validation,0.55,185
7.0,0.5,108,0.454,-0.5636,-60.87,OB,1h,validation,0.55,185
7.0,1.0,108,0.407,-1.7109,-184.78,OB,1h,validation,0.55,185
10.0,0.083,108,0.704,-0.7109,-76.77,OB,1h,validation,0.55,185
10.0,0.125,108,0.639,0.5366,57.96,OB,1h,validation,0.55,185
10.0,0.167,108,0.583,0.103,11.12,OB,1h,validation,0.55,185
10.0,0.25,108,0.491,-0.6067,-65.52,OB,1h,validation,0.55,185
10.0,0.5,108,0.426,-0.4959,-53.56,OB,1h,validation,0.55,185
10.0,1.0,108,0.37,-1.5737,-169.96,OB,1h,validation,0.55,185
2.0,0.083,108,0.704,-0.724,-78.19,OB,1h,validation,0.575,185
2.0,0.125,108,0.694,0.7355,79.43,OB,1h,validation,0.575,185
2.0,0.167,108,0.657,0.3259,35.2,OB,1h,validation,0.575,185
2.0,0.25,108,0.62,-0.5238,-56.57,OB,1h,validation,0.575,185
2.0,0.5,108,0.556,-1.6491,-178.1,OB,1h,validation,0.575,185
2.0,1.0,108,0.519,-3.3485,-361.64,OB,1h,validation,0.575,185
3.0,0.083,108,0.704,-0.724,-78.19,OB,1h,validation,0.575,185
3.0,0.125,108,0.685,0.9296,100.39,OB,1h,validation,0.575,185
3.0,0.167,108,0.648,0.5186,56.01,OB,1h,validation,0.575,185
3.0,0.25,108,0.583,-0.1718,-18.55,OB,1h,validation,0.575,185
3.0,0.5,108,0.528,-1.2554,-135.58,OB,1h,validation,0.575,185
3.0,1.0,108,0.5,-3.0724,-331.82,OB,1h,validation,0.575,185
4.0,0.083,108,0.704,-0.724,-78.19,OB,1h,validation,0.575,185
4.0,0.125,108,0.657,0.6219,67.16,OB,1h,validation,0.575,185
4.0,0.167,108,0.62,0.2962,31.99,OB,1h,validation,0.575,185
4.0,0.25,108,0.546,-0.2634,-28.44,OB,1h,validation,0.575,185
4.0,0.5,108,0.481,-1.4308,-154.53,OB,1h,validation,0.575,185
4.0,1.0,108,0.454,-3.4041,-367.64,OB,1h,validation,0.575,185
5.0,0.083,108,0.704,-0.724,-78.19,OB,1h,validation,0.575,185
5.0,0.125,108,0.648,0.5832,62.98,OB,1h,validation,0.575,185
5.0,0.167,108,0.602,0.2759,29.8,OB,1h,validation,0.575,185
5.0,0.25,108,0.528,-0.1801,-19.45,OB,1h,validation,0.575,185
5.0,0.5,108,0.463,-0.9105,-98.34,OB,1h,validation,0.575,185
5.0,1.0,108,0.435,-2.5242,-272.61,OB,1h,validation,0.575,185
7.0,0.083,108,0.704,-0.724,-78.19,OB,1h,validation,0.575,185
7.0,0.125,108,0.639,0.5727,61.85,OB,1h,validation,0.575,185
7.0,0.167,108,0.593,0.3926,42.4,OB,1h,validation,0.575,185
7.0,0.25,108,0.519,0.0862,9.31,OB,1h,validation,0.575,185
7.0,0.5,108,0.454,-0.3022,-32.64,OB,1h,validation,0.575,185
7.0,1.0,108,0.426,-1.4389,-155.4,OB,1h,validation,0.575,185
10.0,0.083,108,0.704,-0.724,-78.19,OB,1h,validation,0.575,185
10.0,0.125,108,0.639,0.6612,71.41,OB,1h,validation,0.575,185
10.0,0.167,108,0.583,0.2312,24.97,OB,1h,validation,0.575,185
10.0,0.25,108,0.491,-0.4837,-52.24,OB,1h,validation,0.575,185
10.0,0.5,108,0.426,-0.3677,-39.71,OB,1h,validation,0.575,185
10.0,1.0,108,0.37,-1.6929,-182.83,OB,1h,validation,0.575,185
2.0,0.083,106,0.708,-0.4987,-52.86,OB,1h,validation,0.6,185
2.0,0.125,106,0.698,0.8708,92.3,OB,1h,validation,0.6,185
2.0,0.167,106,0.66,0.4168,44.18,OB,1h,validation,0.6,185
2.0,0.25,106,0.632,-0.4357,-46.18,OB,1h,validation,0.6,185
2.0,0.5,106,0.566,-1.537,-162.93,OB,1h,validation,0.6,185
2.0,1.0,106,0.528,-3.2107,-340.34,OB,1h,validation,0.6,185
3.0,0.083,106,0.708,-0.4987,-52.86,OB,1h,validation,0.6,185
3.0,0.125,106,0.689,1.0817,114.66,OB,1h,validation,0.6,185
3.0,0.167,106,0.651,0.6144,65.13,OB,1h,validation,0.6,185
3.0,0.25,106,0.594,-0.119,-12.61,OB,1h,validation,0.6,185
3.0,0.5,106,0.528,-1.1131,-117.99,OB,1h,validation,0.6,185
3.0,1.0,106,0.5,-2.8774,-305.01,OB,1h,validation,0.6,185
4.0,0.083,106,0.708,-0.4987,-52.86,OB,1h,validation,0.6,185
4.0,0.125,106,0.67,0.9906,105.0,OB,1h,validation,0.6,185
4.0,0.167,106,0.632,0.6738,71.42,OB,1h,validation,0.6,185
4.0,0.25,106,0.557,-0.1115,-11.82,OB,1h,validation,0.6,185
4.0,0.5,106,0.491,-1.1433,-121.19,OB,1h,validation,0.6,185
4.0,1.0,106,0.462,-3.0989,-328.48,OB,1h,validation,0.6,185
5.0,0.083,106,0.708,-0.4987,-52.86,OB,1h,validation,0.6,185
5.0,0.125,106,0.66,0.8114,86.01,OB,1h,validation,0.6,185
5.0,0.167,106,0.613,0.5004,53.04,OB,1h,validation,0.6,185
5.0,0.25,106,0.538,-0.1955,-20.73,OB,1h,validation,0.6,185
5.0,0.5,106,0.472,-0.7735,-81.99,OB,1h,validation,0.6,185
5.0,1.0,106,0.443,-2.2986,-243.65,OB,1h,validation,0.6,185
7.0,0.083,106,0.708,-0.4987,-52.86,OB,1h,validation,0.6,185
7.0,0.125,106,0.651,0.9171,97.22,OB,1h,validation,0.6,185
7.0,0.167,106,0.604,0.7527,79.78,OB,1h,validation,0.6,185
7.0,0.25,106,0.528,0.2189,23.21,OB,1h,validation,0.6,185
7.0,0.5,106,0.462,0.011,1.16,OB,1h,validation,0.6,185
7.0,1.0,106,0.434,-1.1984,-127.03,OB,1h,validation,0.6,185
10.0,0.083,106,0.708,-0.4987,-52.86,OB,1h,validation,0.6,185
10.0,0.125,106,0.651,1.0084,106.89,OB,1h,validation,0.6,185
10.0,0.167,106,0.585,-0.0052,-0.55,OB,1h,validation,0.6,185
10.0,0.25,106,0.5,-0.3731,-39.55,OB,1h,validation,0.6,185
10.0,0.5,106,0.434,-0.098,-10.38,OB,1h,validation,0.6,185
10.0,1.0,106,0.377,-1.3688,-145.09,OB,1h,validation,0.6,185
2.0,0.083,105,0.714,-0.4119,-43.25,OB,1h,validation,0.625,185
2.0,0.125,105,0.705,0.9566,100.44,OB,1h,validation,0.625,185
2.0,0.167,105,0.667,0.4782,50.21,OB,1h,validation,0.625,185
2.0,0.25,105,0.638,-0.3304,-34.69,OB,1h,validation,0.625,185
2.0,0.5,105,0.571,-1.4493,-152.17,OB,1h,validation,0.625,185
2.0,1.0,105,0.533,-3.1102,-326.57,OB,1h,validation,0.625,185
3.0,0.083,105,0.714,-0.4119,-43.25,OB,1h,validation,0.625,185
3.0,0.125,105,0.705,1.2757,133.95,OB,1h,validation,0.625,185
3.0,0.167,105,0.667,0.8636,90.68,OB,1h,validation,0.625,185
3.0,0.25,105,0.629,0.1588,16.68,OB,1h,validation,0.625,185
3.0,0.5,105,0.552,-0.8596,-90.26,OB,1h,validation,0.625,185
3.0,1.0,105,0.524,-2.6414,-277.34,OB,1h,validation,0.625,185
4.0,0.083,105,0.714,-0.4119,-43.25,OB,1h,validation,0.625,185
4.0,0.125,105,0.686,1.3114,137.7,OB,1h,validation,0.625,185
4.0,0.167,105,0.648,0.9482,99.56,OB,1h,validation,0.625,185
4.0,0.25,105,0.59,0.3776,39.65,OB,1h,validation,0.625,185
4.0,0.5,105,0.514,-0.6423,-67.44,OB,1h,validation,0.625,185
4.0,1.0,105,0.486,-2.6149,-274.57,OB,1h,validation,0.625,185
5.0,0.083,105,0.714,-0.4119,-43.25,OB,1h,validation,0.625,185
5.0,0.125,105,0.667,0.9094,95.49,OB,1h,validation,0.625,185
5.0,0.167,105,0.619,0.5902,61.97,OB,1h,validation,0.625,185
5.0,0.25,105,0.552,-0.0628,-6.59,OB,1h,validation,0.625,185
5.0,0.5,105,0.476,-0.6672,-70.06,OB,1h,validation,0.625,185
5.0,1.0,105,0.448,-2.3757,-249.44,OB,1h,validation,0.625,185
7.0,0.083,105,0.714,-0.4119,-43.25,OB,1h,validation,0.625,185
7.0,0.125,105,0.657,1.0155,106.63,OB,1h,validation,0.625,185
7.0,0.167,105,0.61,0.8455,88.78,OB,1h,validation,0.625,185
7.0,0.25,105,0.543,0.3564,37.42,OB,1h,validation,0.625,185
7.0,0.5,105,0.467,0.1379,14.48,OB,1h,validation,0.625,185
7.0,1.0,105,0.438,-1.0944,-114.92,OB,1h,validation,0.625,185
10.0,0.083,105,0.714,-0.4119,-43.25,OB,1h,validation,0.625,185
10.0,0.125,105,0.657,1.1086,116.41,OB,1h,validation,0.625,185
10.0,0.167,105,0.59,0.0837,8.78,OB,1h,validation,0.625,185
10.0,0.25,105,0.514,-0.2396,-25.16,OB,1h,validation,0.625,185
10.0,0.5,105,0.438,0.0396,4.15,OB,1h,validation,0.625,185
10.0,1.0,105,0.381,-1.342,-140.91,OB,1h,validation,0.625,185
2.0,0.083,106,0.736,-0.7176,-76.07,OB,1h,validation,0.65,185
2.0,0.125,106,0.708,0.3758,39.83,OB,1h,validation,0.65,185
2.0,0.167,106,0.67,-0.3793,-40.2,OB,1h,validation,0.65,185
2.0,0.25,106,0.642,-0.8174,-86.64,OB,1h,validation,0.65,185
2.0,0.5,106,0.575,-1.8506,-196.16,OB,1h,validation,0.65,185
2.0,1.0,106,0.538,-3.4486,-365.56,OB,1h,validation,0.65,185
3.0,0.083,106,0.736,-0.7176,-76.07,OB,1h,validation,0.65,185
3.0,0.125,106,0.717,0.9128,96.76,OB,1h,validation,0.65,185
3.0,0.167,106,0.679,0.3984,42.23,OB,1h,validation,0.65,185
3.0,0.25,106,0.642,0.0682,7.23,OB,1h,validation,0.65,185
3.0,0.5,106,0.575,-0.9303,-98.61,OB,1h,validation,0.65,185
3.0,1.0,106,0.547,-2.6796,-284.04,OB,1h,validation,0.65,185
4.0,0.083,106,0.736,-0.7176,-76.07,OB,1h,validation,0.65,185
4.0,0.125,106,0.689,0.9633,102.11,OB,1h,validation,0.65,185
4.0,0.167,106,0.651,0.416,44.1,OB,1h,validation,0.65,185
4.0,0.25,106,0.604,0.4228,44.81,OB,1h,validation,0.65,185
4.0,0.5,106,0.547,-0.2844,-30.15,OB,1h,validation,0.65,185
4.0,1.0,106,0.528,-2.2189,-235.2,OB,1h,validation,0.65,185
5.0,0.083,106,0.736,-0.7176,-76.07,OB,1h,validation,0.65,185
5.0,0.125,106,0.67,0.5712,60.55,OB,1h,validation,0.65,185
5.0,0.167,106,0.623,0.0607,6.44,OB,1h,validation,0.65,185
5.0,0.25,106,0.557,-0.2704,-28.66,OB,1h,validation,0.65,185
5.0,0.5,106,0.491,-0.9704,-102.86,OB,1h,validation,0.65,185
5.0,1.0,106,0.453,-2.7574,-292.28,OB,1h,validation,0.65,185
7.0,0.083,106,0.736,-0.7176,-76.07,OB,1h,validation,0.65,185
7.0,0.125,106,0.66,0.6745,71.5,OB,1h,validation,0.65,185
7.0,0.167,106,0.613,0.3117,33.04,OB,1h,validation,0.65,185
7.0,0.25,106,0.547,0.1724,18.28,OB,1h,validation,0.65,185
7.0,0.5,106,0.481,-0.0772,-8.18,OB,1h,validation,0.65,185
7.0,1.0,106,0.443,-1.3058,-138.41,OB,1h,validation,0.65,185
10.0,0.083,106,0.736,-0.7176,-76.07,OB,1h,validation,0.65,185
10.0,0.125,106,0.66,0.7731,81.95,OB,1h,validation,0.65,185
10.0,0.167,106,0.604,-0.2435,-25.81,OB,1h,validation,0.65,185
10.0,0.25,106,0.528,-0.2313,-24.52,OB,1h,validation,0.65,185
10.0,0.5,106,0.462,-0.0662,-7.02,OB,1h,validation,0.65,185
10.0,1.0,106,0.396,-1.4585,-154.6,OB,1h,validation,0.65,185
2.0,0.083,107,0.738,-0.4471,-47.84,OB,1h,validation,0.675,185
2.0,0.125,107,0.72,0.5423,58.03,OB,1h,validation,0.675,185
2.0,0.167,107,0.682,-0.2386,-25.53,OB,1h,validation,0.675,185
2.0,0.25,107,0.645,-0.5995,-64.14,OB,1h,validation,0.675,185
2.0,0.5,107,0.579,-1.6449,-176.01,OB,1h,validation,0.675,185
2.0,1.0,107,0.523,-3.2024,-342.66,OB,1h,validation,0.675,185
3.0,0.083,107,0.738,-0.4471,-47.84,OB,1h,validation,0.675,185
3.0,0.125,107,0.729,1.2,128.4,OB,1h,validation,0.675,185
3.0,0.167,107,0.692,0.6832,73.1,OB,1h,validation,0.675,185
3.0,0.25,107,0.645,0.3705,39.65,OB,1h,validation,0.675,185
3.0,0.5,107,0.579,-0.7371,-78.87,OB,1h,validation,0.675,185
3.0,1.0,107,0.551,-2.3483,-251.27,OB,1h,validation,0.675,185
4.0,0.083,107,0.738,-0.4471,-47.84,OB,1h,validation,0.675,185
4.0,0.125,107,0.701,1.2351,132.16,OB,1h,validation,0.675,185
4.0,0.167,107,0.664,0.7472,79.95,OB,1h,validation,0.675,185
4.0,0.25,107,0.607,0.8236,88.13,OB,1h,validation,0.675,185
4.0,0.5,107,0.551,0.0787,8.42,OB,1h,validation,0.675,185
4.0,1.0,107,0.533,-1.6444,-175.95,OB,1h,validation,0.675,185
5.0,0.083,107,0.738,-0.4471,-47.84,OB,1h,validation,0.675,185
5.0,0.125,107,0.682,0.8549,91.47,OB,1h,validation,0.675,185
5.0,0.167,107,0.636,0.4008,42.88,OB,1h,validation,0.675,185
5.0,0.25,107,0.561,0.095,10.17,OB,1h,validation,0.675,185
5.0,0.5,107,0.495,-0.7516,-80.43,OB,1h,validation,0.675,185
5.0,1.0,107,0.458,-2.6049,-278.72,OB,1h,validation,0.675,185
7.0,0.083,107,0.738,-0.4471,-47.84,OB,1h,validation,0.675,185
7.0,0.125,107,0.673,0.8221,87.96,OB,1h,validation,0.675,185
7.0,0.167,107,0.626,0.4644,49.69,OB,1h,validation,0.675,185
7.0,0.25,107,0.542,0.3402,36.4,OB,1h,validation,0.675,185
7.0,0.5,107,0.477,0.0076,0.81,OB,1h,validation,0.675,185
7.0,1.0,107,0.439,-1.271,-136.0,OB,1h,validation,0.675,185
10.0,0.083,107,0.738,-0.4471,-47.84,OB,1h,validation,0.675,185
10.0,0.125,107,0.673,0.9202,98.47,OB,1h,validation,0.675,185
10.0,0.167,107,0.617,-0.0865,-9.26,OB,1h,validation,0.675,185
10.0,0.25,107,0.523,-0.0717,-7.67,OB,1h,validation,0.675,185
10.0,0.5,107,0.458,-0.0083,-0.89,OB,1h,validation,0.675,185
10.0,1.0,107,0.393,-1.4704,-157.33,OB,1h,validation,0.675,185
2.0,0.083,105,0.733,-0.5133,-53.9,OB,1h,validation,0.7,185
2.0,0.125,105,0.724,0.2958,31.06,OB,1h,validation,0.7,185
2.0,0.167,105,0.676,-0.4839,-50.81,OB,1h,validation,0.7,185
2.0,0.25,105,0.638,-0.8381,-88.0,OB,1h,validation,0.7,185
2.0,0.5,105,0.581,-1.859,-195.2,OB,1h,validation,0.7,185
2.0,1.0,105,0.505,-3.4086,-357.9,OB,1h,validation,0.7,185
3.0,0.083,105,0.733,-0.5133,-53.9,OB,1h,validation,0.7,185
3.0,0.125,105,0.733,0.9267,97.3,OB,1h,validation,0.7,185
3.0,0.167,105,0.686,0.3469,36.42,OB,1h,validation,0.7,185
3.0,0.25,105,0.638,0.0698,7.33,OB,1h,validation,0.7,185
3.0,0.5,105,0.581,-1.0201,-107.11,OB,1h,validation,0.7,185
3.0,1.0,105,0.543,-2.6235,-275.46,OB,1h,validation,0.7,185
4.0,0.083,105,0.733,-0.5133,-53.9,OB,1h,validation,0.7,185
4.0,0.125,105,0.714,1.0322,108.38,OB,1h,validation,0.7,185
4.0,0.167,105,0.667,0.5015,52.66,OB,1h,validation,0.7,185
4.0,0.25,105,0.61,0.5593,58.73,OB,1h,validation,0.7,185
4.0,0.5,105,0.552,-0.2955,-31.03,OB,1h,validation,0.7,185
4.0,1.0,105,0.524,-2.0295,-213.09,OB,1h,validation,0.7,185
5.0,0.083,105,0.733,-0.5133,-53.9,OB,1h,validation,0.7,185
5.0,0.125,105,0.686,0.7158,75.15,OB,1h,validation,0.7,185
5.0,0.167,105,0.638,0.2474,25.98,OB,1h,validation,0.7,185
5.0,0.25,105,0.562,-0.0436,-4.57,OB,1h,validation,0.7,185
5.0,0.5,105,0.505,-1.0199,-107.09,OB,1h,validation,0.7,185
5.0,1.0,105,0.457,-2.9702,-311.87,OB,1h,validation,0.7,185
7.0,0.083,105,0.733,-0.5133,-53.9,OB,1h,validation,0.7,185
7.0,0.125,105,0.676,0.6251,65.64,OB,1h,validation,0.7,185
7.0,0.167,105,0.619,0.2197,23.07,OB,1h,validation,0.7,185
7.0,0.25,105,0.533,0.0781,8.2,OB,1h,validation,0.7,185
7.0,0.5,105,0.476,-0.4035,-42.37,OB,1h,validation,0.7,185
7.0,1.0,105,0.429,-1.8644,-195.76,OB,1h,validation,0.7,185
10.0,0.083,105,0.733,-0.5133,-53.9,OB,1h,validation,0.7,185
10.0,0.125,105,0.676,0.7225,75.87,OB,1h,validation,0.7,185
10.0,0.167,105,0.61,-0.2529,-26.56,OB,1h,validation,0.7,185
10.0,0.25,105,0.514,-0.1865,-19.58,OB,1h,validation,0.7,185
10.0,0.5,105,0.457,-0.1993,-20.93,OB,1h,validation,0.7,185
10.0,1.0,105,0.39,-1.8743,-196.8,OB,1h,validation,0.7,185
2.0,0.083,119,0.807,2.4089,286.66,OB,1h,holdout,0.3,183
2.0,0.125,119,0.723,3.1113,370.25,OB,1h,holdout,0.3,183
2.0,0.167,119,0.697,2.578,306.79,OB,1h,holdout,0.3,183
2.0,0.25,119,0.639,2.0474,243.64,OB,1h,holdout,0.3,183
2.0,0.5,119,0.563,-0.2859,-34.02,OB,1h,holdout,0.3,183
2.0,1.0,119,0.538,-1.9699,-234.41,OB,1h,holdout,0.3,183
3.0,0.083,119,0.807,2.4089,286.66,OB,1h,holdout,0.3,183
3.0,0.125,119,0.689,2.1464,255.42,OB,1h,holdout,0.3,183
3.0,0.167,119,0.655,1.7008,202.39,OB,1h,holdout,0.3,183
3.0,0.25,119,0.58,1.3967,166.21,OB,1h,holdout,0.3,183
3.0,0.5,119,0.496,-1.3045,-155.24,OB,1h,holdout,0.3,183
3.0,1.0,119,0.445,-4.5688,-543.68,OB,1h,holdout,0.3,183
4.0,0.083,119,0.807,2.4089,286.66,OB,1h,holdout,0.3,183
4.0,0.125,119,0.664,2.0902,248.73,OB,1h,holdout,0.3,183
4.0,0.167,119,0.63,1.7528,208.59,OB,1h,holdout,0.3,183
4.0,0.25,119,0.563,1.641,195.28,OB,1h,holdout,0.3,183
4.0,0.5,119,0.479,-1.0064,-119.76,OB,1h,holdout,0.3,183
4.0,1.0,119,0.412,-4.4168,-525.6,OB,1h,holdout,0.3,183
5.0,0.083,119,0.807,2.4089,286.66,OB,1h,holdout,0.3,183
5.0,0.125,119,0.655,1.8426,219.27,OB,1h,holdout,0.3,183
5.0,0.167,119,0.622,1.5646,186.19,OB,1h,holdout,0.3,183
5.0,0.25,119,0.546,1.1353,135.1,OB,1h,holdout,0.3,183
5.0,0.5,119,0.462,-1.1381,-135.43,OB,1h,holdout,0.3,183
5.0,1.0,119,0.387,-4.6646,-555.09,OB,1h,holdout,0.3,183
7.0,0.083,119,0.807,2.4089,286.66,OB,1h,holdout,0.3,183
7.0,0.125,119,0.655,1.9767,235.23,OB,1h,holdout,0.3,183
7.0,0.167,119,0.622,1.7356,206.53,OB,1h,holdout,0.3,183
7.0,0.25,119,0.538,1.4391,171.25,OB,1h,holdout,0.3,183
7.0,0.5,119,0.429,-1.0217,-121.59,OB,1h,holdout,0.3,183
7.0,1.0,119,0.345,-4.0514,-482.11,OB,1h,holdout,0.3,183
10.0,0.083,119,0.807,2.4089,286.66,OB,1h,holdout,0.3,183
10.0,0.125,119,0.655,1.9502,232.08,OB,1h,holdout,0.3,183
10.0,0.167,119,0.622,1.7536,208.68,OB,1h,holdout,0.3,183
10.0,0.25,119,0.529,1.3072,155.55,OB,1h,holdout,0.3,183
10.0,0.5,119,0.412,-1.0279,-122.32,OB,1h,holdout,0.3,183
10.0,1.0,119,0.311,-4.1706,-496.3,OB,1h,holdout,0.3,183
2.0,0.083,117,0.795,2.1468,251.18,OB,1h,holdout,0.325,183
2.0,0.125,117,0.709,2.9333,343.2,OB,1h,holdout,0.325,183
2.0,0.167,117,0.684,2.393,279.98,OB,1h,holdout,0.325,183
2.0,0.25,117,0.624,1.8081,211.55,OB,1h,holdout,0.325,183
2.0,0.5,117,0.547,-0.5732,-67.06,OB,1h,holdout,0.325,183
2.0,1.0,117,0.521,-2.2241,-260.22,OB,1h,holdout,0.325,183
3.0,0.083,117,0.795,2.1468,251.18,OB,1h,holdout,0.325,183
3.0,0.125,117,0.675,2.0864,244.11,OB,1h,holdout,0.325,183
3.0,0.167,117,0.65,1.9121,223.72,OB,1h,holdout,0.325,183
3.0,0.25,117,0.573,1.5591,182.41,OB,1h,holdout,0.325,183
3.0,0.5,117,0.487,-1.1173,-130.72,OB,1h,holdout,0.325,183
3.0,1.0,117,0.453,-4.3967,-514.42,OB,1h,holdout,0.325,183
4.0,0.083,117,0.795,2.1468,251.18,OB,1h,holdout,0.325,183
4.0,0.125,117,0.65,2.0144,235.69,OB,1h,holdout,0.325,183
4.0,0.167,117,0.624,1.9416,227.17,OB,1h,holdout,0.325,183
4.0,0.25,117,0.556,1.7609,206.02,OB,1h,holdout,0.325,183
4.0,0.5,117,0.47,-1.0262,-120.07,OB,1h,holdout,0.325,183
4.0,1.0,117,0.402,-4.6661,-545.93,OB,1h,holdout,0.325,183
5.0,0.083,117,0.795,2.1468,251.18,OB,1h,holdout,0.325,183
5.0,0.125,117,0.641,1.7504,204.8,OB,1h,holdout,0.325,183
5.0,0.167,117,0.615,1.7489,204.62,OB,1h,holdout,0.325,183
5.0,0.25,117,0.538,1.2685,148.41,OB,1h,holdout,0.325,183
5.0,0.5,117,0.453,-1.0594,-123.94,OB,1h,holdout,0.325,183
5.0,1.0,117,0.376,-4.6508,-544.14,OB,1h,holdout,0.325,183
7.0,0.083,117,0.795,2.1468,251.18,OB,1h,holdout,0.325,183
7.0,0.125,117,0.641,1.9405,227.04,OB,1h,holdout,0.325,183
7.0,0.167,117,0.615,2.0203,236.37,OB,1h,holdout,0.325,183
7.0,0.25,117,0.538,1.6989,198.77,OB,1h,holdout,0.325,183
7.0,0.5,117,0.427,-0.8068,-94.39,OB,1h,holdout,0.325,183
7.0,1.0,117,0.342,-3.8798,-453.93,OB,1h,holdout,0.325,183
10.0,0.083,117,0.795,2.1468,251.18,OB,1h,holdout,0.325,183
10.0,0.125,117,0.641,1.914,223.94,OB,1h,holdout,0.325,183
10.0,0.167,117,0.615,2.0389,238.55,OB,1h,holdout,0.325,183
10.0,0.25,117,0.53,1.5652,183.13,OB,1h,holdout,0.325,183
10.0,0.5,117,0.41,-0.8181,-95.72,OB,1h,holdout,0.325,183
10.0,1.0,117,0.308,-4.0293,-471.42,OB,1h,holdout,0.325,183
2.0,0.083,117,0.812,2.2446,262.62,OB,1h,holdout,0.35,183
2.0,0.125,117,0.726,3.0256,354.0,OB,1h,holdout,0.35,183
2.0,0.167,117,0.684,2.4792,290.07,OB,1h,holdout,0.35,183
2.0,0.25,117,0.632,1.9094,223.4,OB,1h,holdout,0.35,183
2.0,0.5,117,0.547,-0.4564,-53.4,OB,1h,holdout,0.35,183
2.0,1.0,117,0.521,-2.1122,-247.12,OB,1h,holdout,0.35,183
3.0,0.083,117,0.812,2.2446,262.62,OB,1h,holdout,0.35,183
3.0,0.125,117,0.692,2.2048,257.96,OB,1h,holdout,0.35,183
3.0,0.167,117,0.65,2.0132,235.54,OB,1h,holdout,0.35,183
3.0,0.25,117,0.581,1.6626,194.53,OB,1h,holdout,0.35,183
3.0,0.5,117,0.487,-1.1072,-129.54,OB,1h,holdout,0.35,183
3.0,1.0,117,0.462,-2.8513,-333.6,OB,1h,holdout,0.35,183
4.0,0.083,117,0.812,2.2446,262.62,OB,1h,holdout,0.35,183
4.0,0.125,117,0.675,2.2061,258.11,OB,1h,holdout,0.35,183
4.0,0.167,117,0.632,2.1232,248.42,OB,1h,holdout,0.35,183
4.0,0.25,117,0.564,1.9427,227.3,OB,1h,holdout,0.35,183
4.0,0.5,117,0.47,-0.8235,-96.35,OB,1h,holdout,0.35,183
4.0,1.0,117,0.402,-4.4917,-525.52,OB,1h,holdout,0.35,183
5.0,0.083,117,0.812,2.2446,262.62,OB,1h,holdout,0.35,183
5.0,0.125,117,0.658,1.8251,213.53,OB,1h,holdout,0.35,183
5.0,0.167,117,0.615,1.8009,210.7,OB,1h,holdout,0.35,183
5.0,0.25,117,0.547,1.3485,157.77,OB,1h,holdout,0.35,183
5.0,0.5,117,0.453,-1.091,-127.65,OB,1h,holdout,0.35,183
5.0,1.0,117,0.376,-4.6588,-545.08,OB,1h,holdout,0.35,183
7.0,0.083,117,0.812,2.2446,262.62,OB,1h,holdout,0.35,183
7.0,0.125,117,0.658,2.0296,237.47,OB,1h,holdout,0.35,183
7.0,0.167,117,0.615,2.1011,245.83,OB,1h,holdout,0.35,183
7.0,0.25,117,0.547,1.8226,213.25,OB,1h,holdout,0.35,183
7.0,0.5,117,0.427,-0.7905,-92.48,OB,1h,holdout,0.35,183
7.0,1.0,117,0.342,-3.9741,-464.97,OB,1h,holdout,0.35,183
10.0,0.083,117,0.812,2.2446,262.62,OB,1h,holdout,0.35,183
10.0,0.125,117,0.658,2.0112,235.31,OB,1h,holdout,0.35,183
10.0,0.167,117,0.615,2.1371,250.04,OB,1h,holdout,0.35,183
10.0,0.25,117,0.538,1.728,202.17,OB,1h,holdout,0.35,183
10.0,0.5,117,0.41,-0.6929,-81.07,OB,1h,holdout,0.35,183
10.0,1.0,117,0.308,-3.9586,-463.16,OB,1h,holdout,0.35,183
2.0,0.083,117,0.803,1.7702,207.11,OB,1h,holdout,0.375,183
2.0,0.125,117,0.709,2.4119,282.19,OB,1h,holdout,0.375,183
2.0,0.167,117,0.667,1.8447,215.83,OB,1h,holdout,0.375,183
2.0,0.25,117,0.624,1.2501,146.26,OB,1h,holdout,0.375,183
2.0,0.5,117,0.53,-1.0935,-127.94,OB,1h,holdout,0.375,183
2.0,1.0,117,0.504,-2.7205,-318.29,OB,1h,holdout,0.375,183
3.0,0.083,117,0.803,1.7702,207.11,OB,1h,holdout,0.375,183
3.0,0.125,117,0.675,1.5641,183.01,OB,1h,holdout,0.375,183
3.0,0.167,117,0.632,1.3626,159.42,OB,1h,holdout,0.375,183
3.0,0.25,117,0.573,0.9909,115.94,OB,1h,holdout,0.375,183
3.0,0.5,117,0.47,-1.7772,-207.94,OB,1h,holdout,0.375,183
3.0,1.0,117,0.444,-3.4721,-406.23,OB,1h,holdout,0.375,183
4.0,0.083,117,0.803,1.7702,207.11,OB,1h,holdout,0.375,183
4.0,0.125,117,0.658,1.5444,180.7,OB,1h,holdout,0.375,183
4.0,0.167,117,0.615,1.4365,168.07,OB,1h,holdout,0.375,183
4.0,0.25,117,0.556,1.1642,136.21,OB,1h,holdout,0.375,183
4.0,0.5,117,0.453,-1.6333,-191.09,OB,1h,holdout,0.375,183
4.0,1.0,117,0.393,-3.6754,-430.02,OB,1h,holdout,0.375,183
5.0,0.083,117,0.803,1.7702,207.11,OB,1h,holdout,0.375,183
5.0,0.125,117,0.641,1.1778,137.8,OB,1h,holdout,0.375,183
5.0,0.167,117,0.598,1.1264,131.79,OB,1h,holdout,0.375,183
5.0,0.25,117,0.538,0.6278,73.45,OB,1h,holdout,0.375,183
5.0,0.5,117,0.436,-1.8729,-219.13,OB,1h,holdout,0.375,183
5.0,1.0,117,0.368,-3.8482,-450.24,OB,1h,holdout,0.375,183
7.0,0.083,117,0.803,1.7702,207.11,OB,1h,holdout,0.375,183
7.0,0.125,117,0.641,1.3673,159.97,OB,1h,holdout,0.375,183
7.0,0.167,117,0.598,1.3967,163.42,OB,1h,holdout,0.375,183
7.0,0.25,117,0.538,1.0697,125.15,OB,1h,holdout,0.375,183
7.0,0.5,117,0.41,-1.6565,-193.8,OB,1h,holdout,0.375,183
7.0,1.0,117,0.333,-3.3354,-390.25,OB,1h,holdout,0.375,183
10.0,0.083,117,0.803,1.7702,207.11,OB,1h,holdout,0.375,183
10.0,0.125,117,0.641,1.363,159.47,OB,1h,holdout,0.375,183
10.0,0.167,117,0.598,1.4614,170.98,OB,1h,holdout,0.375,183
10.0,0.25,117,0.53,1.0054,117.63,OB,1h,holdout,0.375,183
10.0,0.5,117,0.393,-1.5268,-178.64,OB,1h,holdout,0.375,183
10.0,1.0,117,0.299,-3.2339,-378.36,OB,1h,holdout,0.375,183
2.0,0.083,115,0.8,1.8033,207.38,OB,1h,holdout,0.4,183
2.0,0.125,115,0.722,2.3232,267.17,OB,1h,holdout,0.4,183
2.0,0.167,115,0.678,1.8535,213.16,OB,1h,holdout,0.4,183
2.0,0.25,115,0.635,1.2371,142.27,OB,1h,holdout,0.4,183
2.0,0.5,115,0.522,-1.1254,-129.42,OB,1h,holdout,0.4,183
2.0,1.0,115,0.496,-2.7561,-316.95,OB,1h,holdout,0.4,183
3.0,0.083,115,0.8,1.8033,207.38,OB,1h,holdout,0.4,183
3.0,0.125,115,0.687,1.4744,169.55,OB,1h,holdout,0.4,183
3.0,0.167,115,0.643,1.3069,150.29,OB,1h,holdout,0.4,183
3.0,0.25,115,0.591,1.004,115.46,OB,1h,holdout,0.4,183
3.0,0.5,115,0.47,-1.7267,-198.57,OB,1h,holdout,0.4,183
3.0,1.0,115,0.443,-3.3735,-387.95,OB,1h,holdout,0.4,183
4.0,0.083,115,0.8,1.8033,207.38,OB,1h,holdout,0.4,183
4.0,0.125,115,0.67,1.4484,166.57,OB,1h,holdout,0.4,183
4.0,0.167,115,0.626,1.3681,157.33,OB,1h,holdout,0.4,183
4.0,0.25,115,0.565,1.1564,132.99,OB,1h,holdout,0.4,183
4.0,0.5,115,0.461,-1.5283,-175.75,OB,1h,holdout,0.4,183
4.0,1.0,115,0.4,-3.309,-380.53,OB,1h,holdout,0.4,183
5.0,0.083,115,0.8,1.8033,207.38,OB,1h,holdout,0.4,183
5.0,0.125,115,0.652,1.0687,122.89,OB,1h,holdout,0.4,183
5.0,0.167,115,0.609,1.0406,119.66,OB,1h,holdout,0.4,183
5.0,0.25,115,0.557,0.9638,110.84,OB,1h,holdout,0.4,183
5.0,0.5,115,0.443,-1.5313,-176.1,OB,1h,holdout,0.4,183
5.0,1.0,115,0.374,-3.5186,-404.64,OB,1h,holdout,0.4,183
7.0,0.083,115,0.8,1.8033,207.38,OB,1h,holdout,0.4,183
7.0,0.125,115,0.652,1.2582,144.7,OB,1h,holdout,0.4,183
7.0,0.167,115,0.609,1.3044,150.01,OB,1h,holdout,0.4,183
7.0,0.25,115,0.548,1.0151,116.73,OB,1h,holdout,0.4,183
7.0,0.5,115,0.417,-1.3275,-152.66,OB,1h,holdout,0.4,183
7.0,1.0,115,0.339,-2.8665,-329.65,OB,1h,holdout,0.4,183
10.0,0.083,115,0.8,1.8033,207.38,OB,1h,holdout,0.4,183
10.0,0.125,115,0.643,1.2542,144.23,OB,1h,holdout,0.4,183
10.0,0.167,115,0.609,1.3592,156.31,OB,1h,holdout,0.4,183
10.0,0.25,115,0.548,1.1738,134.99,OB,1h,holdout,0.4,183
10.0,0.5,115,0.409,-0.9377,-107.84,OB,1h,holdout,0.4,183
10.0,1.0,115,0.313,-2.5464,-292.83,OB,1h,holdout,0.4,183
2.0,0.083,112,0.804,1.4716,164.82,OB,1h,holdout,0.425,183
2.0,0.125,112,0.723,1.916,214.59,OB,1h,holdout,0.425,183
2.0,0.167,112,0.67,1.4043,157.28,OB,1h,holdout,0.425,183
2.0,0.25,112,0.634,0.6407,71.76,OB,1h,holdout,0.425,183
2.0,0.5,112,0.527,-0.8687,-97.3,OB,1h,holdout,0.425,183
2.0,1.0,112,0.491,-2.6026,-291.49,OB,1h,holdout,0.425,183
3.0,0.083,112,0.804,1.4716,164.82,OB,1h,holdout,0.425,183
3.0,0.125,112,0.705,1.9804,221.81,OB,1h,holdout,0.425,183
3.0,0.167,112,0.652,1.7166,192.25,OB,1h,holdout,0.425,183
3.0,0.25,112,0.607,1.2723,142.5,OB,1h,holdout,0.425,183
3.0,0.5,112,0.491,-0.3155,-35.34,OB,1h,holdout,0.425,183
3.0,1.0,112,0.464,-2.0758,-232.49,OB,1h,holdout,0.425,183
4.0,0.083,112,0.804,1.4716,164.82,OB,1h,holdout,0.425,183
4.0,0.125,112,0.679,1.9385,217.12,OB,1h,holdout,0.425,183
4.0,0.167,112,0.625,1.8233,204.21,OB,1h,holdout,0.425,183
4.0,0.25,112,0.571,1.5477,173.35,OB,1h,holdout,0.425,183
4.0,0.5,112,0.464,-0.3824,-42.83,OB,1h,holdout,0.425,183
4.0,1.0,112,0.411,-2.3686,-265.28,OB,1h,holdout,0.425,183
5.0,0.083,112,0.804,1.4716,164.82,OB,1h,holdout,0.425,183
5.0,0.125,112,0.661,1.5606,174.79,OB,1h,holdout,0.425,183
5.0,0.167,112,0.607,1.489,166.76,OB,1h,holdout,0.425,183
5.0,0.25,112,0.562,1.3444,150.57,OB,1h,holdout,0.425,183
5.0,0.5,112,0.446,-0.278,-31.13,OB,1h,holdout,0.425,183
5.0,1.0,112,0.384,-2.4124,-270.19,OB,1h,holdout,0.425,183
7.0,0.083,112,0.804,1.4716,164.82,OB,1h,holdout,0.425,183
7.0,0.125,112,0.661,1.7242,193.11,OB,1h,holdout,0.425,183
7.0,0.167,112,0.607,1.7291,193.66,OB,1h,holdout,0.425,183
7.0,0.25,112,0.554,1.3725,153.71,OB,1h,holdout,0.425,183
7.0,0.5,112,0.42,-0.0849,-9.5,OB,1h,holdout,0.425,183
7.0,1.0,112,0.348,-1.7224,-192.91,OB,1h,holdout,0.425,183
10.0,0.083,112,0.804,1.4716,164.82,OB,1h,holdout,0.425,183
10.0,0.125,112,0.661,1.7962,201.17,OB,1h,holdout,0.425,183
10.0,0.167,112,0.607,1.8532,207.56,OB,1h,holdout,0.425,183
10.0,0.25,112,0.554,1.6089,180.2,OB,1h,holdout,0.425,183
10.0,0.5,112,0.42,0.3943,44.16,OB,1h,holdout,0.425,183
10.0,1.0,112,0.339,-1.0005,-112.05,OB,1h,holdout,0.425,183
2.0,0.083,112,0.812,1.506,168.67,OB,1h,holdout,0.45,183
2.0,0.125,112,0.732,1.938,217.06,OB,1h,holdout,0.45,183
2.0,0.167,112,0.67,1.4004,156.85,OB,1h,holdout,0.45,183
2.0,0.25,112,0.634,0.6042,67.67,OB,1h,holdout,0.45,183
2.0,0.5,112,0.545,-0.6774,-75.87,OB,1h,holdout,0.45,183
2.0,1.0,112,0.509,-2.3866,-267.3,OB,1h,holdout,0.45,183
3.0,0.083,112,0.812,1.506,168.67,OB,1h,holdout,0.45,183
3.0,0.125,112,0.714,1.9995,223.95,OB,1h,holdout,0.45,183
3.0,0.167,112,0.652,1.5982,179.0,OB,1h,holdout,0.45,183
3.0,0.25,112,0.607,1.0592,118.63,OB,1h,holdout,0.45,183
3.0,0.5,112,0.491,-0.3938,-44.11,OB,1h,holdout,0.45,183
3.0,1.0,112,0.473,-2.1034,-235.58,OB,1h,holdout,0.45,183
4.0,0.083,112,0.812,1.506,168.67,OB,1h,holdout,0.45,183
4.0,0.125,112,0.696,2.0523,229.86,OB,1h,holdout,0.45,183
4.0,0.167,112,0.634,1.832,205.19,OB,1h,holdout,0.45,183
4.0,0.25,112,0.58,1.4609,163.62,OB,1h,holdout,0.45,183
4.0,0.5,112,0.464,-0.3762,-42.14,OB,1h,holdout,0.45,183
4.0,1.0,112,0.42,-2.3106,-258.79,OB,1h,holdout,0.45,183
5.0,0.083,112,0.812,1.506,168.67,OB,1h,holdout,0.45,183
5.0,0.125,112,0.67,1.5966,178.82,OB,1h,holdout,0.45,183
5.0,0.167,112,0.607,1.4442,161.75,OB,1h,holdout,0.45,183
5.0,0.25,112,0.562,1.2532,140.36,OB,1h,holdout,0.45,183
5.0,0.5,112,0.455,-0.2455,-27.5,OB,1h,holdout,0.45,183
5.0,1.0,112,0.393,-2.3326,-261.25,OB,1h,holdout,0.45,183
7.0,0.083,112,0.812,1.506,168.67,OB,1h,holdout,0.45,183
7.0,0.125,112,0.67,1.7592,197.03,OB,1h,holdout,0.45,183
7.0,0.167,112,0.607,1.6833,188.53,OB,1h,holdout,0.45,183
7.0,0.25,112,0.554,1.2958,145.13,OB,1h,holdout,0.45,183
7.0,0.5,112,0.429,-0.0065,-0.72,OB,1h,holdout,0.45,183
7.0,1.0,112,0.357,-1.639,-183.57,OB,1h,holdout,0.45,183
10.0,0.083,112,0.812,1.506,168.67,OB,1h,holdout,0.45,183
10.0,0.125,112,0.67,1.8309,205.06,OB,1h,holdout,0.45,183
10.0,0.167,112,0.607,1.807,202.39,OB,1h,holdout,0.45,183
10.0,0.25,112,0.554,1.5311,171.49,OB,1h,holdout,0.45,183
10.0,0.5,112,0.429,0.4612,51.65,OB,1h,holdout,0.45,183
10.0,1.0,112,0.348,-0.8341,-93.42,OB,1h,holdout,0.45,183
2.0,0.083,113,0.805,1.4631,165.33,OB,1h,holdout,0.475,183
2.0,0.125,113,0.726,1.8981,214.48,OB,1h,holdout,0.475,183
2.0,0.167,113,0.664,1.3563,153.26,OB,1h,holdout,0.475,183
2.0,0.25,113,0.637,0.5664,64.0,OB,1h,holdout,0.475,183
2.0,0.5,113,0.549,-0.7169,-81.01,OB,1h,holdout,0.475,183
2.0,1.0,113,0.487,-2.4309,-274.69,OB,1h,holdout,0.475,183
3.0,0.083,113,0.805,1.4631,165.33,OB,1h,holdout,0.475,183
3.0,0.125,113,0.708,1.9149,216.38,OB,1h,holdout,0.475,183
3.0,0.167,113,0.637,1.458,164.76,OB,1h,holdout,0.475,183
3.0,0.25,113,0.602,0.8519,96.26,OB,1h,holdout,0.475,183
3.0,0.5,113,0.496,-0.6032,-68.16,OB,1h,holdout,0.475,183
3.0,1.0,113,0.46,-2.3297,-263.26,OB,1h,holdout,0.475,183
4.0,0.083,113,0.805,1.4631,165.33,OB,1h,holdout,0.475,183
4.0,0.125,113,0.699,2.2513,254.4,OB,1h,holdout,0.475,183
4.0,0.167,113,0.628,1.9929,225.2,OB,1h,holdout,0.475,183
4.0,0.25,113,0.584,1.5719,177.62,OB,1h,holdout,0.475,183
4.0,0.5,113,0.478,-0.2588,-29.24,OB,1h,holdout,0.475,183
4.0,1.0,113,0.416,-2.1363,-241.4,OB,1h,holdout,0.475,183
5.0,0.083,113,0.805,1.4631,165.33,OB,1h,holdout,0.475,183
5.0,0.125,113,0.673,1.7944,202.76,OB,1h,holdout,0.475,183
5.0,0.167,113,0.602,1.6089,181.8,OB,1h,holdout,0.475,183
5.0,0.25,113,0.566,1.3792,155.85,OB,1h,holdout,0.475,183
5.0,0.5,113,0.469,-0.1371,-15.5,OB,1h,holdout,0.475,183
5.0,1.0,113,0.389,-2.2355,-252.61,OB,1h,holdout,0.475,183
7.0,0.083,113,0.805,1.4631,165.33,OB,1h,holdout,0.475,183
7.0,0.125,113,0.673,1.9607,221.56,OB,1h,holdout,0.475,183
7.0,0.167,113,0.602,1.8566,209.8,OB,1h,holdout,0.475,183
7.0,0.25,113,0.558,1.4414,162.88,OB,1h,holdout,0.475,183
7.0,0.5,113,0.442,0.1175,13.28,OB,1h,holdout,0.475,183
7.0,1.0,113,0.354,-1.539,-173.91,OB,1h,holdout,0.475,183
10.0,0.083,113,0.805,1.4631,165.33,OB,1h,holdout,0.475,183
10.0,0.125,113,0.673,2.0316,229.57,OB,1h,holdout,0.475,183
10.0,0.167,113,0.602,1.9789,223.61,OB,1h,holdout,0.475,183
10.0,0.25,113,0.558,1.674,189.17,OB,1h,holdout,0.475,183
10.0,0.5,113,0.442,0.5806,65.6,OB,1h,holdout,0.475,183
10.0,1.0,113,0.345,-0.7823,-88.4,OB,1h,holdout,0.475,183
2.0,0.083,113,0.805,1.5517,175.34,OB,1h,holdout,0.5,183
2.0,0.125,113,0.726,2.0062,226.7,OB,1h,holdout,0.5,183
2.0,0.167,113,0.681,1.4663,165.69,OB,1h,holdout,0.5,183
2.0,0.25,113,0.637,0.615,69.5,OB,1h,holdout,0.5,183
2.0,0.5,113,0.549,-0.684,-77.29,OB,1h,holdout,0.5,183
2.0,1.0,113,0.487,-2.4022,-271.45,OB,1h,holdout,0.5,183
3.0,0.083,113,0.805,1.5517,175.34,OB,1h,holdout,0.5,183
3.0,0.125,113,0.717,2.3133,261.4,OB,1h,holdout,0.5,183
3.0,0.167,113,0.664,1.8174,205.37,OB,1h,holdout,0.5,183
3.0,0.25,113,0.619,1.1163,126.15,OB,1h,holdout,0.5,183
3.0,0.5,113,0.504,-0.3959,-44.74,OB,1h,holdout,0.5,183
3.0,1.0,113,0.469,-2.1944,-247.97,OB,1h,holdout,0.5,183
4.0,0.083,113,0.805,1.5517,175.34,OB,1h,holdout,0.5,183
4.0,0.125,113,0.699,2.3508,265.64,OB,1h,holdout,0.5,183
4.0,0.167,113,0.646,2.0362,230.09,OB,1h,holdout,0.5,183
4.0,0.25,113,0.593,1.5935,180.06,OB,1h,holdout,0.5,183
4.0,0.5,113,0.478,-0.1248,-14.1,OB,1h,holdout,0.5,183
4.0,1.0,113,0.416,-1.9124,-216.1,OB,1h,holdout,0.5,183
5.0,0.083,113,0.805,1.5517,175.34,OB,1h,holdout,0.5,183
5.0,0.125,113,0.681,2.0101,227.15,OB,1h,holdout,0.5,183
5.0,0.167,113,0.619,1.7246,194.88,OB,1h,holdout,0.5,183
5.0,0.25,113,0.566,1.4829,167.56,OB,1h,holdout,0.5,183
5.0,0.5,113,0.469,-0.1303,-14.72,OB,1h,holdout,0.5,183
5.0,1.0,113,0.381,-2.4844,-280.74,OB,1h,holdout,0.5,183
7.0,0.083,113,0.805,1.5517,175.34,OB,1h,holdout,0.5,183
7.0,0.125,113,0.681,2.1716,245.39,OB,1h,holdout,0.5,183
7.0,0.167,113,0.619,1.9621,221.71,OB,1h,holdout,0.5,183
7.0,0.25,113,0.558,1.5273,172.59,OB,1h,holdout,0.5,183
7.0,0.5,113,0.442,0.3658,41.33,OB,1h,holdout,0.5,183
7.0,1.0,113,0.354,-1.4769,-166.89,OB,1h,holdout,0.5,183
10.0,0.083,113,0.805,1.5517,175.34,OB,1h,holdout,0.5,183
10.0,0.125,113,0.681,2.2459,253.79,OB,1h,holdout,0.5,183
10.0,0.167,113,0.619,2.094,236.62,OB,1h,holdout,0.5,183
10.0,0.25,113,0.558,1.7924,202.54,OB,1h,holdout,0.5,183
10.0,0.5,113,0.442,0.7852,88.72,OB,1h,holdout,0.5,183
10.0,1.0,113,0.336,-0.7182,-81.15,OB,1h,holdout,0.5,183
2.0,0.083,114,0.816,1.6816,191.7,OB,1h,holdout,0.525,183
2.0,0.125,114,0.728,1.9845,226.23,OB,1h,holdout,0.525,183
2.0,0.167,114,0.675,1.3724,156.45,OB,1h,holdout,0.525,183
2.0,0.25,114,0.649,0.5363,61.14,OB,1h,holdout,0.525,183
2.0,0.5,114,0.544,-0.8615,-98.22,OB,1h,holdout,0.525,183
2.0,1.0,114,0.474,-2.6306,-299.89,OB,1h,holdout,0.525,183
3.0,0.083,114,0.816,1.6816,191.7,OB,1h,holdout,0.525,183
3.0,0.125,114,0.711,2.2982,261.99,OB,1h,holdout,0.525,183
3.0,0.167,114,0.649,1.777,202.58,OB,1h,holdout,0.525,183
3.0,0.25,114,0.623,1.1437,130.38,OB,1h,holdout,0.525,183
3.0,0.5,114,0.5,-0.3138,-35.77,OB,1h,holdout,0.525,183
3.0,1.0,114,0.465,-2.1234,-242.07,OB,1h,holdout,0.525,183
4.0,0.083,114,0.816,1.6816,191.7,OB,1h,holdout,0.525,183
4.0,0.125,114,0.693,2.3322,265.87,OB,1h,holdout,0.525,183
4.0,0.167,114,0.632,2.0078,228.89,OB,1h,holdout,0.525,183
4.0,0.25,114,0.596,1.5929,181.59,OB,1h,holdout,0.525,183
4.0,0.5,114,0.474,-0.1579,-18.0,OB,1h,holdout,0.525,183
4.0,1.0,114,0.412,-1.9678,-224.33,OB,1h,holdout,0.525,183
5.0,0.083,114,0.816,1.6816,191.7,OB,1h,holdout,0.525,183
5.0,0.125,114,0.675,1.9831,226.08,OB,1h,holdout,0.525,183
5.0,0.167,114,0.605,1.6654,189.86,OB,1h,holdout,0.525,183
5.0,0.25,114,0.57,1.4144,161.24,OB,1h,holdout,0.525,183
5.0,0.5,114,0.465,-0.3348,-38.17,OB,1h,holdout,0.525,183
5.0,1.0,114,0.395,-2.2638,-258.08,OB,1h,holdout,0.525,183
7.0,0.083,114,0.816,1.6816,191.7,OB,1h,holdout,0.525,183
7.0,0.125,114,0.675,2.1421,244.2,OB,1h,holdout,0.525,183
7.0,0.167,114,0.605,1.931,220.13,OB,1h,holdout,0.525,183
7.0,0.25,114,0.561,1.5582,177.63,OB,1h,holdout,0.525,183
7.0,0.5,114,0.439,0.4009,45.7,OB,1h,holdout,0.525,183
7.0,1.0,114,0.351,-1.4966,-170.61,OB,1h,holdout,0.525,183
10.0,0.083,114,0.816,1.6816,191.7,OB,1h,holdout,0.525,183
10.0,0.125,114,0.675,2.19,249.66,OB,1h,holdout,0.525,183
10.0,0.167,114,0.605,2.0284,231.24,OB,1h,holdout,0.525,183
10.0,0.25,114,0.561,1.78,202.92,OB,1h,holdout,0.525,183
10.0,0.5,114,0.439,0.7789,88.8,OB,1h,holdout,0.525,183
10.0,1.0,114,0.333,-0.7309,-83.32,OB,1h,holdout,0.525,183
2.0,0.083,115,0.817,1.8302,210.47,OB,1h,holdout,0.55,183
2.0,0.125,115,0.722,1.8896,217.3,OB,1h,holdout,0.55,183
2.0,0.167,115,0.687,1.2812,147.34,OB,1h,holdout,0.55,183
2.0,0.25,115,0.643,0.4664,53.64,OB,1h,holdout,0.55,183
2.0,0.5,115,0.557,-0.856,-98.44,OB,1h,holdout,0.55,183
2.0,1.0,115,0.47,-2.5268,-290.58,OB,1h,holdout,0.55,183
3.0,0.083,115,0.817,1.8302,210.47,OB,1h,holdout,0.55,183
3.0,0.125,115,0.713,2.1792,250.6,OB,1h,holdout,0.55,183
3.0,0.167,115,0.67,1.6712,192.19,OB,1h,holdout,0.55,183
3.0,0.25,115,0.626,0.997,114.66,OB,1h,holdout,0.55,183
3.0,0.5,115,0.522,-0.5306,-61.02,OB,1h,holdout,0.55,183
3.0,1.0,115,0.47,-2.3019,-264.72,OB,1h,holdout,0.55,183
4.0,0.083,115,0.817,1.8302,210.47,OB,1h,holdout,0.55,183
4.0,0.125,115,0.687,2.1858,251.37,OB,1h,holdout,0.55,183
4.0,0.167,115,0.643,1.8685,214.87,OB,1h,holdout,0.55,183
4.0,0.25,115,0.591,1.4187,163.15,OB,1h,holdout,0.55,183
4.0,0.5,115,0.478,-0.3271,-37.62,OB,1h,holdout,0.55,183
4.0,1.0,115,0.417,-2.1439,-246.55,OB,1h,holdout,0.55,183
5.0,0.083,115,0.817,1.8302,210.47,OB,1h,holdout,0.55,183
5.0,0.125,115,0.67,1.8425,211.88,OB,1h,holdout,0.55,183
5.0,0.167,115,0.617,1.5367,176.72,OB,1h,holdout,0.55,183
5.0,0.25,115,0.565,1.2817,147.39,OB,1h,holdout,0.55,183
5.0,0.5,115,0.47,-0.5463,-62.83,OB,1h,holdout,0.55,183
5.0,1.0,115,0.391,-2.5865,-297.44,OB,1h,holdout,0.55,183
7.0,0.083,115,0.817,1.8302,210.47,OB,1h,holdout,0.55,183
7.0,0.125,115,0.67,1.999,229.88,OB,1h,holdout,0.55,183
7.0,0.167,115,0.617,1.7995,206.94,OB,1h,holdout,0.55,183
7.0,0.25,115,0.557,1.4351,165.04,OB,1h,holdout,0.55,183
7.0,0.5,115,0.443,0.233,26.8,OB,1h,holdout,0.55,183
7.0,1.0,115,0.348,-1.8381,-211.39,OB,1h,holdout,0.55,183
10.0,0.083,115,0.817,1.8302,210.47,OB,1h,holdout,0.55,183
10.0,0.125,115,0.67,2.0462,235.32,OB,1h,holdout,0.55,183
10.0,0.167,115,0.617,1.8956,217.99,OB,1h,holdout,0.55,183
10.0,0.25,115,0.557,1.654,190.21,OB,1h,holdout,0.55,183
10.0,0.5,115,0.443,0.6673,76.73,OB,1h,holdout,0.55,183
10.0,1.0,115,0.33,-0.8648,-99.46,OB,1h,holdout,0.55,183
2.0,0.083,114,0.825,2.6329,300.15,OB,1h,holdout,0.575,183
2.0,0.125,114,0.728,2.7404,312.4,OB,1h,holdout,0.575,183
2.0,0.167,114,0.702,2.2444,255.86,OB,1h,holdout,0.575,183
2.0,0.25,114,0.658,1.5435,175.96,OB,1h,holdout,0.575,183
2.0,0.5,114,0.579,0.2059,23.48,OB,1h,holdout,0.575,183
2.0,1.0,114,0.465,-1.4983,-170.81,OB,1h,holdout,0.575,183
3.0,0.083,114,0.825,2.6329,300.15,OB,1h,holdout,0.575,183
3.0,0.125,114,0.719,3.1359,357.49,OB,1h,holdout,0.575,183
3.0,0.167,114,0.675,2.608,297.31,OB,1h,holdout,0.575,183
3.0,0.25,114,0.623,1.8639,212.49,OB,1h,holdout,0.575,183
3.0,0.5,114,0.526,0.2119,24.16,OB,1h,holdout,0.575,183
3.0,1.0,114,0.465,-1.6185,-184.51,OB,1h,holdout,0.575,183
4.0,0.083,114,0.825,2.6329,300.15,OB,1h,holdout,0.575,183
4.0,0.125,114,0.693,3.1418,358.17,OB,1h,holdout,0.575,183
4.0,0.167,114,0.649,2.8096,320.3,OB,1h,holdout,0.575,183
4.0,0.25,114,0.588,2.3167,264.11,OB,1h,holdout,0.575,183
4.0,0.5,114,0.482,0.4546,51.83,OB,1h,holdout,0.575,183
4.0,1.0,114,0.412,-1.3977,-159.33,OB,1h,holdout,0.575,183
5.0,0.083,114,0.825,2.6329,300.15,OB,1h,holdout,0.575,183
5.0,0.125,114,0.675,2.7951,318.64,OB,1h,holdout,0.575,183
5.0,0.167,114,0.632,2.5357,289.07,OB,1h,holdout,0.575,183
5.0,0.25,114,0.57,2.1946,250.18,OB,1h,holdout,0.575,183
5.0,0.5,114,0.474,0.3083,35.14,OB,1h,holdout,0.575,183
5.0,1.0,114,0.386,-1.7305,-197.28,OB,1h,holdout,0.575,183
7.0,0.083,114,0.825,2.6329,300.15,OB,1h,holdout,0.575,183
7.0,0.125,114,0.675,2.9148,332.29,OB,1h,holdout,0.575,183
7.0,0.167,114,0.623,2.6845,306.03,OB,1h,holdout,0.575,183
7.0,0.25,114,0.553,2.2533,256.88,OB,1h,holdout,0.575,183
7.0,0.5,114,0.447,0.885,100.89,OB,1h,holdout,0.575,183
7.0,1.0,114,0.342,-1.2731,-145.13,OB,1h,holdout,0.575,183
10.0,0.083,114,0.825,2.6329,300.15,OB,1h,holdout,0.575,183
10.0,0.125,114,0.675,2.9622,337.7,OB,1h,holdout,0.575,183
10.0,0.167,114,0.623,2.7809,317.02,OB,1h,holdout,0.575,183
10.0,0.25,114,0.553,2.4731,281.94,OB,1h,holdout,0.575,183
10.0,0.5,114,0.447,1.3215,150.65,OB,1h,holdout,0.575,183
10.0,1.0,114,0.325,-0.3183,-36.28,OB,1h,holdout,0.575,183
2.0,0.083,114,0.816,2.6335,300.22,OB,1h,holdout,0.6,183
2.0,0.125,114,0.728,2.7136,309.35,OB,1h,holdout,0.6,183
2.0,0.167,114,0.702,2.2171,252.75,OB,1h,holdout,0.6,183
2.0,0.25,114,0.658,1.5096,172.09,OB,1h,holdout,0.6,183
2.0,0.5,114,0.57,0.1354,15.44,OB,1h,holdout,0.6,183
2.0,1.0,114,0.456,-1.6186,-184.52,OB,1h,holdout,0.6,183
3.0,0.083,114,0.816,2.6335,300.22,OB,1h,holdout,0.6,183
3.0,0.125,114,0.719,3.1809,362.62,OB,1h,holdout,0.6,183
3.0,0.167,114,0.667,2.5513,290.84,OB,1h,holdout,0.6,183
3.0,0.25,114,0.632,1.976,225.26,OB,1h,holdout,0.6,183
3.0,0.5,114,0.535,0.4156,47.38,OB,1h,holdout,0.6,183
3.0,1.0,114,0.474,-1.3603,-155.08,OB,1h,holdout,0.6,183
4.0,0.083,114,0.816,2.6335,300.22,OB,1h,holdout,0.6,183
4.0,0.125,114,0.693,3.1796,362.47,OB,1h,holdout,0.6,183
4.0,0.167,114,0.64,2.6675,304.09,OB,1h,holdout,0.6,183
4.0,0.25,114,0.596,2.1781,248.31,OB,1h,holdout,0.6,183
4.0,0.5,114,0.5,0.5613,63.99,OB,1h,holdout,0.6,183
4.0,1.0,114,0.43,-1.275,-145.35,OB,1h,holdout,0.6,183
5.0,0.083,114,0.816,2.6335,300.22,OB,1h,holdout,0.6,183
5.0,0.125,114,0.675,2.8692,327.09,OB,1h,holdout,0.6,183
5.0,0.167,114,0.614,2.1958,250.32,OB,1h,holdout,0.6,183
5.0,0.25,114,0.57,1.865,212.61,OB,1h,holdout,0.6,183
5.0,0.5,114,0.474,0.0633,7.22,OB,1h,holdout,0.6,183
5.0,1.0,114,0.395,-1.8473,-210.6,OB,1h,holdout,0.6,183
7.0,0.083,114,0.816,2.6335,300.22,OB,1h,holdout,0.6,183
7.0,0.125,114,0.675,2.9887,340.72,OB,1h,holdout,0.6,183
7.0,0.167,114,0.605,2.3696,270.14,OB,1h,holdout,0.6,183
7.0,0.25,114,0.561,2.3774,271.03,OB,1h,holdout,0.6,183
7.0,0.5,114,0.456,1.0413,118.7,OB,1h,holdout,0.6,183
7.0,1.0,114,0.351,-0.9568,-109.07,OB,1h,holdout,0.6,183
10.0,0.083,114,0.816,2.6335,300.22,OB,1h,holdout,0.6,183
10.0,0.125,114,0.675,3.0391,346.46,OB,1h,holdout,0.6,183
10.0,0.167,114,0.605,2.4781,282.51,OB,1h,holdout,0.6,183
10.0,0.25,114,0.553,2.2843,260.41,OB,1h,holdout,0.6,183
10.0,0.5,114,0.447,1.1278,128.57,OB,1h,holdout,0.6,183
10.0,1.0,114,0.325,-0.3556,-40.54,OB,1h,holdout,0.6,183
2.0,0.083,115,0.8,2.4962,287.06,OB,1h,holdout,0.625,183
2.0,0.125,115,0.73,2.4772,284.88,OB,1h,holdout,0.625,183
2.0,0.167,115,0.687,1.9896,228.81,OB,1h,holdout,0.625,183
2.0,0.25,115,0.643,1.2908,148.44,OB,1h,holdout,0.625,183
2.0,0.5,115,0.557,-0.0666,-7.65,OB,1h,holdout,0.625,183
2.0,1.0,115,0.461,-1.9398,-223.08,OB,1h,holdout,0.625,183
3.0,0.083,115,0.8,2.4962,287.06,OB,1h,holdout,0.625,183
3.0,0.125,115,0.73,3.1901,366.86,OB,1h,holdout,0.625,183
3.0,0.167,115,0.661,2.5695,295.5,OB,1h,holdout,0.625,183
3.0,0.25,115,0.626,2.0166,231.91,OB,1h,holdout,0.625,183
3.0,0.5,115,0.53,0.5281,60.73,OB,1h,holdout,0.625,183
3.0,1.0,115,0.47,-1.3011,-149.63,OB,1h,holdout,0.625,183
4.0,0.083,115,0.8,2.4962,287.06,OB,1h,holdout,0.625,183
4.0,0.125,115,0.704,3.1892,366.75,OB,1h,holdout,0.625,183
4.0,0.167,115,0.635,2.683,308.55,OB,1h,holdout,0.625,183
4.0,0.25,115,0.591,2.2151,254.74,OB,1h,holdout,0.625,183
4.0,0.5,115,0.496,0.6717,77.25,OB,1h,holdout,0.625,183
4.0,1.0,115,0.426,-1.2182,-140.09,OB,1h,holdout,0.625,183
5.0,0.083,115,0.8,2.4962,287.06,OB,1h,holdout,0.625,183
5.0,0.125,115,0.696,3.2107,369.23,OB,1h,holdout,0.625,183
5.0,0.167,115,0.617,2.532,291.18,OB,1h,holdout,0.625,183
5.0,0.25,115,0.574,2.2112,254.29,OB,1h,holdout,0.625,183
5.0,0.5,115,0.478,0.4716,54.24,OB,1h,holdout,0.625,183
5.0,1.0,115,0.4,-1.4061,-161.7,OB,1h,holdout,0.625,183
7.0,0.083,115,0.8,2.4962,287.06,OB,1h,holdout,0.625,183
7.0,0.125,115,0.687,3.0174,347.0,OB,1h,holdout,0.625,183
7.0,0.167,115,0.6,2.4103,277.18,OB,1h,holdout,0.625,183
7.0,0.25,115,0.557,2.4338,279.89,OB,1h,holdout,0.625,183
7.0,0.5,115,0.452,1.1893,136.76,OB,1h,holdout,0.625,183
7.0,1.0,115,0.365,-0.7228,-83.12,OB,1h,holdout,0.625,183
10.0,0.083,115,0.8,2.4962,287.06,OB,1h,holdout,0.625,183
10.0,0.125,115,0.687,3.067,352.71,OB,1h,holdout,0.625,183
10.0,0.167,115,0.6,2.5171,289.46,OB,1h,holdout,0.625,183
10.0,0.25,115,0.548,2.3441,269.57,OB,1h,holdout,0.625,183
10.0,0.5,115,0.443,1.2848,147.75,OB,1h,holdout,0.625,183
10.0,1.0,115,0.339,-0.1483,-17.06,OB,1h,holdout,0.625,183
2.0,0.083,114,0.798,2.0179,230.04,OB,1h,holdout,0.65,183
2.0,0.125,114,0.728,1.8826,214.62,OB,1h,holdout,0.65,183
2.0,0.167,114,0.693,1.4535,165.7,OB,1h,holdout,0.65,183
2.0,0.25,114,0.675,0.8231,93.83,OB,1h,holdout,0.65,183
2.0,0.5,114,0.57,-0.5203,-59.31,OB,1h,holdout,0.65,183
2.0,1.0,114,0.5,-2.2841,-260.39,OB,1h,holdout,0.65,183
3.0,0.083,114,0.798,2.0179,230.04,OB,1h,holdout,0.65,183
3.0,0.125,114,0.728,2.6073,297.23,OB,1h,holdout,0.65,183
3.0,0.167,114,0.658,2.069,235.87,OB,1h,holdout,0.65,183
3.0,0.25,114,0.64,1.5474,176.4,OB,1h,holdout,0.65,183
3.0,0.5,114,0.526,-0.0114,-1.3,OB,1h,holdout,0.65,183
3.0,1.0,114,0.482,-1.8234,-207.87,OB,1h,holdout,0.65,183
4.0,0.083,114,0.798,2.0179,230.04,OB,1h,holdout,0.65,183
4.0,0.125,114,0.711,2.6002,296.42,OB,1h,holdout,0.65,183
4.0,0.167,114,0.64,2.1547,245.64,OB,1h,holdout,0.65,183
4.0,0.25,114,0.614,1.7368,197.99,OB,1h,holdout,0.65,183
4.0,0.5,114,0.5,0.2916,33.25,OB,1h,holdout,0.65,183
4.0,1.0,114,0.447,-1.5405,-175.62,OB,1h,holdout,0.65,183
5.0,0.083,114,0.798,2.0179,230.04,OB,1h,holdout,0.65,183
5.0,0.125,114,0.702,2.7269,310.86,OB,1h,holdout,0.65,183
5.0,0.167,114,0.623,2.1181,241.46,OB,1h,holdout,0.65,183
5.0,0.25,114,0.596,1.8326,208.91,OB,1h,holdout,0.65,183
5.0,0.5,114,0.482,0.1815,20.69,OB,1h,holdout,0.65,183
5.0,1.0,114,0.412,-1.6297,-185.78,OB,1h,holdout,0.65,183
7.0,0.083,114,0.798,2.0179,230.04,OB,1h,holdout,0.65,183
7.0,0.125,114,0.693,2.5407,289.64,OB,1h,holdout,0.65,183
7.0,0.167,114,0.605,2.0122,229.39,OB,1h,holdout,0.65,183
7.0,0.25,114,0.579,2.058,234.62,OB,1h,holdout,0.65,183
7.0,0.5,114,0.456,0.8506,96.97,OB,1h,holdout,0.65,183
7.0,1.0,114,0.377,-1.046,-119.24,OB,1h,holdout,0.65,183
10.0,0.083,114,0.798,2.0179,230.04,OB,1h,holdout,0.65,183
10.0,0.125,114,0.693,2.5933,295.64,OB,1h,holdout,0.65,183
10.0,0.167,114,0.605,2.1226,241.97,OB,1h,holdout,0.65,183
10.0,0.25,114,0.57,1.9706,224.65,OB,1h,holdout,0.65,183
10.0,0.5,114,0.447,0.9247,105.42,OB,1h,holdout,0.65,183
10.0,1.0,114,0.351,-0.5319,-60.63,OB,1h,holdout,0.65,183
2.0,0.083,112,0.786,1.941,217.39,OB,1h,holdout,0.675,183
2.0,0.125,112,0.723,1.7569,196.77,OB,1h,holdout,0.675,183
2.0,0.167,112,0.688,1.3238,148.26,OB,1h,holdout,0.675,183
2.0,0.25,112,0.661,0.7096,79.47,OB,1h,holdout,0.675,183
2.0,0.5,112,0.554,-0.618,-69.22,OB,1h,holdout,0.675,183
2.0,1.0,112,0.5,-2.3707,-265.52,OB,1h,holdout,0.675,183
3.0,0.083,112,0.786,1.941,217.39,OB,1h,holdout,0.675,183
3.0,0.125,112,0.723,2.6057,291.84,OB,1h,holdout,0.675,183
3.0,0.167,112,0.661,2.1569,241.58,OB,1h,holdout,0.675,183
3.0,0.25,112,0.643,1.6274,182.27,OB,1h,holdout,0.675,183
3.0,0.5,112,0.527,0.2665,29.85,OB,1h,holdout,0.675,183
3.0,1.0,112,0.491,-1.5002,-168.03,OB,1h,holdout,0.675,183
4.0,0.083,112,0.786,1.941,217.39,OB,1h,holdout,0.675,183
4.0,0.125,112,0.705,2.6093,292.25,OB,1h,holdout,0.675,183
4.0,0.167,112,0.634,2.1587,241.77,OB,1h,holdout,0.675,183
4.0,0.25,112,0.607,1.7342,194.23,OB,1h,holdout,0.675,183
4.0,0.5,112,0.491,0.297,33.26,OB,1h,holdout,0.675,183
4.0,1.0,112,0.446,-1.5314,-171.51,OB,1h,holdout,0.675,183
5.0,0.083,112,0.786,1.941,217.39,OB,1h,holdout,0.675,183
5.0,0.125,112,0.696,2.7266,305.38,OB,1h,holdout,0.675,183
5.0,0.167,112,0.616,2.1013,235.34,OB,1h,holdout,0.675,183
5.0,0.25,112,0.589,1.8155,203.33,OB,1h,holdout,0.675,183
5.0,0.5,112,0.473,0.1133,12.69,OB,1h,holdout,0.675,183
5.0,1.0,112,0.411,-1.7043,-190.89,OB,1h,holdout,0.675,183
7.0,0.083,112,0.786,1.941,217.39,OB,1h,holdout,0.675,183
7.0,0.125,112,0.688,2.5406,284.55,OB,1h,holdout,0.675,183
7.0,0.167,112,0.598,2.0093,225.04,OB,1h,holdout,0.675,183
7.0,0.25,112,0.571,2.0558,230.25,OB,1h,holdout,0.675,183
7.0,0.5,112,0.446,0.8213,91.99,OB,1h,holdout,0.675,183
7.0,1.0,112,0.375,-1.095,-122.64,OB,1h,holdout,0.675,183
10.0,0.083,112,0.786,1.941,217.39,OB,1h,holdout,0.675,183
10.0,0.125,112,0.688,2.5983,291.01,OB,1h,holdout,0.675,183
10.0,0.167,112,0.598,2.1272,238.24,OB,1h,holdout,0.675,183
10.0,0.25,112,0.562,1.9702,220.66,OB,1h,holdout,0.675,183
10.0,0.5,112,0.438,0.8618,96.52,OB,1h,holdout,0.675,183
10.0,1.0,112,0.348,-0.7093,-79.44,OB,1h,holdout,0.675,183
2.0,0.083,109,0.761,1.1446,124.76,OB,1h,holdout,0.7,183
2.0,0.125,109,0.706,0.9199,100.27,OB,1h,holdout,0.7,183
2.0,0.167,109,0.67,0.4981,54.29,OB,1h,holdout,0.7,183
2.0,0.25,109,0.642,-0.0998,-10.88,OB,1h,holdout,0.7,183
2.0,0.5,109,0.532,-1.4107,-153.76,OB,1h,holdout,0.7,183
2.0,1.0,109,0.477,-3.1573,-344.15,OB,1h,holdout,0.7,183
3.0,0.083,109,0.761,1.1446,124.76,OB,1h,holdout,0.7,183
3.0,0.125,109,0.706,1.7206,187.55,OB,1h,holdout,0.7,183
3.0,0.167,109,0.642,1.3475,146.88,OB,1h,holdout,0.7,183
3.0,0.25,109,0.624,0.7969,86.87,OB,1h,holdout,0.7,183
3.0,0.5,109,0.514,-0.5337,-58.17,OB,1h,holdout,0.7,183
3.0,1.0,109,0.477,-2.3172,-252.58,OB,1h,holdout,0.7,183
4.0,0.083,109,0.761,1.1446,124.76,OB,1h,holdout,0.7,183
4.0,0.125,109,0.688,1.748,190.53,OB,1h,holdout,0.7,183
4.0,0.167,109,0.615,1.3312,145.1,OB,1h,holdout,0.7,183
4.0,0.25,109,0.587,0.8518,92.85,OB,1h,holdout,0.7,183
4.0,0.5,109,0.486,-0.4044,-44.08,OB,1h,holdout,0.7,183
4.0,1.0,109,0.44,-2.2061,-240.46,OB,1h,holdout,0.7,183
5.0,0.083,109,0.761,1.1446,124.76,OB,1h,holdout,0.7,183
5.0,0.125,109,0.679,1.8692,203.74,OB,1h,holdout,0.7,183
5.0,0.167,109,0.606,1.5611,170.16,OB,1h,holdout,0.7,183
5.0,0.25,109,0.578,1.2486,136.1,OB,1h,holdout,0.7,183
5.0,0.5,109,0.477,-0.3014,-32.85,OB,1h,holdout,0.7,183
5.0,1.0,109,0.413,-2.153,-234.67,OB,1h,holdout,0.7,183
7.0,0.083,109,0.761,1.1446,124.76,OB,1h,holdout,0.7,183
7.0,0.125,109,0.67,1.6896,184.17,OB,1h,holdout,0.7,183
7.0,0.167,109,0.578,1.2145,132.38,OB,1h,holdout,0.7,183
7.0,0.25,109,0.55,1.2438,135.57,OB,1h,holdout,0.7,183
7.0,0.5,109,0.44,0.2589,28.22,OB,1h,holdout,0.7,183
7.0,1.0,109,0.367,-1.8073,-196.99,OB,1h,holdout,0.7,183
10.0,0.083,109,0.761,1.1446,124.76,OB,1h,holdout,0.7,183
10.0,0.125,109,0.67,1.7458,190.29,OB,1h,holdout,0.7,183
10.0,0.167,109,0.578,1.3244,144.36,OB,1h,holdout,0.7,183
10.0,0.25,109,0.541,1.145,124.81,OB,1h,holdout,0.7,183
10.0,0.5,109,0.431,0.3195,34.83,OB,1h,holdout,0.7,183
10.0,1.0,109,0.349,-1.3027,-142.0,OB,1h,holdout,0.7,183
2.0,0.083,122,0.779,2.63,320.86,OB,2h,train,0.3,237
2.0,0.125,122,0.82,4.1881,510.94,OB,2h,train,0.3,237
2.0,0.167,122,0.795,2.5467,310.7,OB,2h,train,0.3,237
2.0,0.25,122,0.73,1.151,140.42,OB,2h,train,0.3,237
2.0,0.5,122,0.598,0.0625,7.62,OB,2h,train,0.3,237
2.0,1.0,122,0.475,-1.563,-190.69,OB,2h,train,0.3,237
3.0,0.083,122,0.779,2.63,320.86,OB,2h,train,0.3,237
3.0,0.125,122,0.82,4.1881,510.94,OB,2h,train,0.3,237
3.0,0.167,122,0.77,2.4876,303.49,OB,2h,train,0.3,237
3.0,0.25,122,0.705,1.4288,174.32,OB,2h,train,0.3,237
3.0,0.5,122,0.574,0.1057,12.9,OB,2h,train,0.3,237
3.0,1.0,122,0.467,-1.7311,-211.19,OB,2h,train,0.3,237
4.0,0.083,122,0.779,2.63,320.86,OB,2h,train,0.3,237
4.0,0.125,122,0.82,4.1881,510.94,OB,2h,train,0.3,237
4.0,0.167,122,0.77,2.7734,338.35,OB,2h,train,0.3,237
4.0,0.25,122,0.705,1.9163,233.79,OB,2h,train,0.3,237
4.0,0.5,122,0.574,0.6663,81.29,OB,2h,train,0.3,237
4.0,1.0,122,0.484,-1.0121,-123.48,OB,2h,train,0.3,237
5.0,0.083,122,0.779,2.63,320.86,OB,2h,train,0.3,237
5.0,0.125,122,0.82,4.1881,510.94,OB,2h,train,0.3,237
5.0,0.167,122,0.77,3.0354,370.32,OB,2h,train,0.3,237
5.0,0.25,122,0.705,2.1367,260.67,OB,2h,train,0.3,237
5.0,0.5,122,0.574,1.1318,138.07,OB,2h,train,0.3,237
5.0,1.0,122,0.475,-0.465,-56.73,OB,2h,train,0.3,237
7.0,0.083,122,0.779,2.63,320.86,OB,2h,train,0.3,237
7.0,0.125,122,0.82,4.1881,510.94,OB,2h,train,0.3,237
7.0,0.167,122,0.754,2.702,329.64,OB,2h,train,0.3,237
7.0,0.25,122,0.689,1.877,229.0,OB,2h,train,0.3,237
7.0,0.5,122,0.566,1.0941,133.48,OB,2h,train,0.3,237
7.0,1.0,122,0.459,-0.3009,-36.71,OB,2h,train,0.3,237
10.0,0.083,122,0.779,2.63,320.86,OB,2h,train,0.3,237
10.0,0.125,122,0.82,4.1881,510.94,OB,2h,train,0.3,237
10.0,0.167,122,0.754,2.7387,334.12,OB,2h,train,0.3,237
10.0,0.25,122,0.689,1.9546,238.46,OB,2h,train,0.3,237
10.0,0.5,122,0.566,1.2098,147.59,OB,2h,train,0.3,237
10.0,1.0,122,0.443,-0.1798,-21.93,OB,2h,train,0.3,237
2.0,0.083,123,0.764,2.5615,315.06,OB,2h,train,0.325,237
2.0,0.125,123,0.813,4.2583,523.77,OB,2h,train,0.325,237
2.0,0.167,123,0.789,2.6527,326.28,OB,2h,train,0.325,237
2.0,0.25,123,0.724,1.1795,145.08,OB,2h,train,0.325,237
2.0,0.5,123,0.593,-0.0607,-7.46,OB,2h,train,0.325,237
2.0,1.0,123,0.463,-1.7292,-212.69,OB,2h,train,0.325,237
3.0,0.083,123,0.764,2.5615,315.06,OB,2h,train,0.325,237
3.0,0.125,123,0.813,4.2583,523.77,OB,2h,train,0.325,237
3.0,0.167,123,0.772,2.774,341.2,OB,2h,train,0.325,237
3.0,0.25,123,0.707,1.6658,204.89,OB,2h,train,0.325,237
3.0,0.5,123,0.585,0.7239,89.04,OB,2h,train,0.325,237
3.0,1.0,123,0.472,-1.1336,-139.43,OB,2h,train,0.325,237
4.0,0.083,123,0.764,2.5615,315.06,OB,2h,train,0.325,237
4.0,0.125,123,0.813,4.2583,523.77,OB,2h,train,0.325,237
4.0,0.167,123,0.764,2.8735,353.44,OB,2h,train,0.325,237
4.0,0.25,123,0.699,2.0077,246.95,OB,2h,train,0.325,237
4.0,0.5,123,0.577,0.8029,98.76,OB,2h,train,0.325,237
4.0,1.0,123,0.48,-0.8877,-109.18,OB,2h,train,0.325,237
5.0,0.083,123,0.764,2.5615,315.06,OB,2h,train,0.325,237
5.0,0.125,123,0.813,4.2583,523.77,OB,2h,train,0.325,237
5.0,0.167,123,0.764,3.1233,384.16,OB,2h,train,0.325,237
5.0,0.25,123,0.699,2.1959,270.1,OB,2h,train,0.325,237
5.0,0.5,123,0.577,1.3346,164.15,OB,2h,train,0.325,237
5.0,1.0,123,0.472,-0.2515,-30.94,OB,2h,train,0.325,237
7.0,0.083,123,0.764,2.5615,315.06,OB,2h,train,0.325,237
7.0,0.125,123,0.813,4.2583,523.77,OB,2h,train,0.325,237
7.0,0.167,123,0.748,2.7933,343.57,OB,2h,train,0.325,237
7.0,0.25,123,0.683,1.9643,241.61,OB,2h,train,0.325,237
7.0,0.5,123,0.569,1.2298,151.26,OB,2h,train,0.325,237
7.0,1.0,123,0.455,-0.1793,-22.05,OB,2h,train,0.325,237
10.0,0.083,123,0.764,2.5615,315.06,OB,2h,train,0.325,237
10.0,0.125,123,0.813,4.2583,523.77,OB,2h,train,0.325,237
10.0,0.167,123,0.748,2.8297,348.05,OB,2h,train,0.325,237
10.0,0.25,123,0.683,2.0377,250.63,OB,2h,train,0.325,237
10.0,0.5,123,0.569,1.3185,162.18,OB,2h,train,0.325,237
10.0,1.0,123,0.439,-0.0978,-12.03,OB,2h,train,0.325,237
2.0,0.083,124,0.758,2.5776,319.63,OB,2h,train,0.35,237
2.0,0.125,124,0.806,3.8538,477.87,OB,2h,train,0.35,237
2.0,0.167,124,0.782,2.3548,292.0,OB,2h,train,0.35,237
2.0,0.25,124,0.726,0.9156,113.54,OB,2h,train,0.35,237
2.0,0.5,124,0.605,-0.3938,-48.84,OB,2h,train,0.35,237
2.0,1.0,124,0.452,-2.1849,-270.93,OB,2h,train,0.35,237
3.0,0.083,124,0.758,2.5776,319.63,OB,2h,train,0.35,237
3.0,0.125,124,0.806,3.8538,477.87,OB,2h,train,0.35,237
3.0,0.167,124,0.766,2.4698,306.26,OB,2h,train,0.35,237
3.0,0.25,124,0.71,1.3341,165.43,OB,2h,train,0.35,237
3.0,0.5,124,0.597,0.2976,36.91,OB,2h,train,0.35,237
3.0,1.0,124,0.46,-1.7528,-217.35,OB,2h,train,0.35,237
4.0,0.083,124,0.758,2.5776,319.63,OB,2h,train,0.35,237
4.0,0.125,124,0.806,3.8538,477.87,OB,2h,train,0.35,237
4.0,0.167,124,0.758,2.5657,318.14,OB,2h,train,0.35,237
4.0,0.25,124,0.702,1.7158,212.76,OB,2h,train,0.35,237
4.0,0.5,124,0.581,0.4173,51.74,OB,2h,train,0.35,237
4.0,1.0,124,0.468,-1.4288,-177.17,OB,2h,train,0.35,237
5.0,0.083,124,0.758,2.5776,319.63,OB,2h,train,0.35,237
5.0,0.125,124,0.806,3.8538,477.87,OB,2h,train,0.35,237
5.0,0.167,124,0.758,2.7667,343.07,OB,2h,train,0.35,237
5.0,0.25,124,0.702,1.8321,227.18,OB,2h,train,0.35,237
5.0,0.5,124,0.581,0.8399,104.14,OB,2h,train,0.35,237
5.0,1.0,124,0.46,-0.942,-116.81,OB,2h,train,0.35,237
7.0,0.083,124,0.758,2.5776,319.63,OB,2h,train,0.35,237
7.0,0.125,124,0.806,3.8538,477.87,OB,2h,train,0.35,237
7.0,0.167,124,0.742,2.4852,308.16,OB,2h,train,0.35,237
7.0,0.25,124,0.685,1.675,207.7,OB,2h,train,0.35,237
7.0,0.5,124,0.573,0.8371,103.81,OB,2h,train,0.35,237
7.0,1.0,124,0.444,-0.7628,-94.58,OB,2h,train,0.35,237
10.0,0.083,124,0.758,2.5776,319.63,OB,2h,train,0.35,237
10.0,0.125,124,0.806,3.8538,477.87,OB,2h,train,0.35,237
10.0,0.167,124,0.742,2.5212,312.62,OB,2h,train,0.35,237
10.0,0.25,124,0.685,1.7479,216.74,OB,2h,train,0.35,237
10.0,0.5,124,0.573,0.9263,114.86,OB,2h,train,0.35,237
10.0,1.0,124,0.427,-0.6439,-79.85,OB,2h,train,0.35,237
2.0,0.083,122,0.77,2.6017,317.41,OB,2h,train,0.375,237
2.0,0.125,122,0.836,4.0223,490.72,OB,2h,train,0.375,237
2.0,0.167,122,0.787,2.3989,292.67,OB,2h,train,0.375,237
2.0,0.25,122,0.73,0.9583,116.91,OB,2h,train,0.375,237
2.0,0.5,122,0.607,-0.355,-43.31,OB,2h,train,0.375,237
2.0,1.0,122,0.443,-2.1196,-258.6,OB,2h,train,0.375,237
3.0,0.083,122,0.77,2.6017,317.41,OB,2h,train,0.375,237
3.0,0.125,122,0.836,4.0223,490.72,OB,2h,train,0.375,237
3.0,0.167,122,0.77,2.4873,303.45,OB,2h,train,0.375,237
3.0,0.25,122,0.713,1.4492,176.81,OB,2h,train,0.375,237
3.0,0.5,122,0.598,0.5483,66.9,OB,2h,train,0.375,237
3.0,1.0,122,0.459,-1.7027,-207.73,OB,2h,train,0.375,237
4.0,0.083,122,0.77,2.6017,317.41,OB,2h,train,0.375,237
4.0,0.125,122,0.836,4.0223,490.72,OB,2h,train,0.375,237
4.0,0.167,122,0.762,2.5257,308.13,OB,2h,train,0.375,237
4.0,0.25,122,0.705,1.697,207.04,OB,2h,train,0.375,237
4.0,0.5,122,0.582,0.5431,66.26,OB,2h,train,0.375,237
4.0,1.0,122,0.467,-1.4778,-180.3,OB,2h,train,0.375,237
5.0,0.083,122,0.77,2.6017,317.41,OB,2h,train,0.375,237
5.0,0.125,122,0.836,4.0223,490.72,OB,2h,train,0.375,237
5.0,0.167,122,0.762,2.7851,339.79,OB,2h,train,0.375,237
5.0,0.25,122,0.705,1.9537,238.36,OB,2h,train,0.375,237
5.0,0.5,122,0.582,0.9876,120.48,OB,2h,train,0.375,237
5.0,1.0,122,0.459,-0.7855,-95.83,OB,2h,train,0.375,237
7.0,0.083,122,0.77,2.6017,317.41,OB,2h,train,0.375,237
7.0,0.125,122,0.836,4.0223,490.72,OB,2h,train,0.375,237
7.0,0.167,122,0.746,2.4991,304.88,OB,2h,train,0.375,237
7.0,0.25,122,0.689,1.7937,218.83,OB,2h,train,0.375,237
7.0,0.5,122,0.574,1.0957,133.68,OB,2h,train,0.375,237
7.0,1.0,122,0.443,-0.6624,-80.81,OB,2h,train,0.375,237
10.0,0.083,122,0.77,2.6017,317.41,OB,2h,train,0.375,237
10.0,0.125,122,0.836,4.0223,490.72,OB,2h,train,0.375,237
10.0,0.167,122,0.746,2.5355,309.34,OB,2h,train,0.375,237
10.0,0.25,122,0.689,1.868,227.89,OB,2h,train,0.375,237
10.0,0.5,122,0.574,1.1861,144.71,OB,2h,train,0.375,237
10.0,1.0,122,0.426,-0.5426,-66.2,OB,2h,train,0.375,237
2.0,0.083,121,0.793,2.7012,326.84,OB,2h,train,0.4,237
2.0,0.125,121,0.835,4.0192,486.33,OB,2h,train,0.4,237
2.0,0.167,121,0.793,2.283,276.25,OB,2h,train,0.4,237
2.0,0.25,121,0.752,1.7444,211.07,OB,2h,train,0.4,237
2.0,0.5,121,0.645,0.7571,91.6,OB,2h,train,0.4,237
2.0,1.0,121,0.488,-0.9728,-117.71,OB,2h,train,0.4,237
3.0,0.083,121,0.793,2.7012,326.84,OB,2h,train,0.4,237
3.0,0.125,121,0.835,4.0192,486.33,OB,2h,train,0.4,237
3.0,0.167,121,0.777,2.3736,287.21,OB,2h,train,0.4,237
3.0,0.25,121,0.727,2.1193,256.43,OB,2h,train,0.4,237
3.0,0.5,121,0.612,1.2288,148.69,OB,2h,train,0.4,237
3.0,1.0,121,0.471,-1.0344,-125.16,OB,2h,train,0.4,237
4.0,0.083,121,0.793,2.7012,326.84,OB,2h,train,0.4,237
4.0,0.125,121,0.835,4.0192,486.33,OB,2h,train,0.4,237
4.0,0.167,121,0.769,2.4196,292.77,OB,2h,train,0.4,237
4.0,0.25,121,0.719,2.3687,286.61,OB,2h,train,0.4,237
4.0,0.5,121,0.595,1.2043,145.73,OB,2h,train,0.4,237
4.0,1.0,121,0.479,-0.8197,-99.18,OB,2h,train,0.4,237
5.0,0.083,121,0.793,2.7012,326.84,OB,2h,train,0.4,237
5.0,0.125,121,0.835,4.0192,486.33,OB,2h,train,0.4,237
5.0,0.167,121,0.769,2.7385,331.36,OB,2h,train,0.4,237
5.0,0.25,121,0.719,2.7166,328.7,OB,2h,train,0.4,237
5.0,0.5,121,0.595,1.6093,194.73,OB,2h,train,0.4,237
5.0,1.0,121,0.479,-0.4378,-52.98,OB,2h,train,0.4,237
7.0,0.083,121,0.793,2.7012,326.84,OB,2h,train,0.4,237
7.0,0.125,121,0.835,4.0192,486.33,OB,2h,train,0.4,237
7.0,0.167,121,0.752,2.4582,297.44,OB,2h,train,0.4,237
7.0,0.25,121,0.702,2.5785,312.0,OB,2h,train,0.4,237
7.0,0.5,121,0.587,1.7341,209.82,OB,2h,train,0.4,237
7.0,1.0,121,0.455,-0.1429,-17.29,OB,2h,train,0.4,237
10.0,0.083,121,0.793,2.7012,326.84,OB,2h,train,0.4,237
10.0,0.125,121,0.835,4.0192,486.33,OB,2h,train,0.4,237
10.0,0.167,121,0.752,2.4949,301.88,OB,2h,train,0.4,237
10.0,0.25,121,0.702,2.6536,321.09,OB,2h,train,0.4,237
10.0,0.5,121,0.587,1.9864,240.36,OB,2h,train,0.4,237
10.0,1.0,121,0.438,0.2459,29.75,OB,2h,train,0.4,237
2.0,0.083,120,0.808,2.7202,326.43,OB,2h,train,0.425,237
2.0,0.125,120,0.842,4.0433,485.19,OB,2h,train,0.425,237
2.0,0.167,120,0.808,2.6535,318.42,OB,2h,train,0.425,237
2.0,0.25,120,0.758,2.0402,244.83,OB,2h,train,0.425,237
2.0,0.5,120,0.642,0.9293,111.51,OB,2h,train,0.425,237
2.0,1.0,120,0.492,-0.9213,-110.55,OB,2h,train,0.425,237
3.0,0.083,120,0.808,2.7202,326.43,OB,2h,train,0.425,237
3.0,0.125,120,0.842,4.0433,485.19,OB,2h,train,0.425,237
3.0,0.167,120,0.783,2.3775,285.3,OB,2h,train,0.425,237
3.0,0.25,120,0.725,2.0509,246.11,OB,2h,train,0.425,237
3.0,0.5,120,0.608,1.0482,125.78,OB,2h,train,0.425,237
3.0,1.0,120,0.483,-0.9998,-119.98,OB,2h,train,0.425,237
4.0,0.083,120,0.808,2.7202,326.43,OB,2h,train,0.425,237
4.0,0.125,120,0.842,4.0433,485.19,OB,2h,train,0.425,237
4.0,0.167,120,0.775,2.3396,280.75,OB,2h,train,0.425,237
4.0,0.25,120,0.717,2.2053,264.63,OB,2h,train,0.425,237
4.0,0.5,120,0.592,0.8864,106.37,OB,2h,train,0.425,237
4.0,1.0,120,0.475,-1.3122,-157.47,OB,2h,train,0.425,237
5.0,0.083,120,0.808,2.7202,326.43,OB,2h,train,0.425,237
5.0,0.125,120,0.842,4.0433,485.19,OB,2h,train,0.425,237
5.0,0.167,120,0.775,2.737,328.45,OB,2h,train,0.425,237
5.0,0.25,120,0.717,2.7582,330.99,OB,2h,train,0.425,237
5.0,0.5,120,0.6,1.6755,201.06,OB,2h,train,0.425,237
5.0,1.0,120,0.492,-0.4254,-51.05,OB,2h,train,0.425,237
7.0,0.083,120,0.808,2.7202,326.43,OB,2h,train,0.425,237
7.0,0.125,120,0.842,4.0433,485.19,OB,2h,train,0.425,237
7.0,0.167,120,0.758,2.4582,294.99,OB,2h,train,0.425,237
7.0,0.25,120,0.7,2.5453,305.43,OB,2h,train,0.425,237
7.0,0.5,120,0.583,1.6031,192.37,OB,2h,train,0.425,237
7.0,1.0,120,0.458,-0.417,-50.04,OB,2h,train,0.425,237
10.0,0.083,120,0.808,2.7202,326.43,OB,2h,train,0.425,237
10.0,0.125,120,0.842,4.0433,485.19,OB,2h,train,0.425,237
10.0,0.167,120,0.758,2.4951,299.42,OB,2h,train,0.425,237
10.0,0.25,120,0.7,2.6212,314.55,OB,2h,train,0.425,237
10.0,0.5,120,0.583,1.8787,225.45,OB,2h,train,0.425,237
10.0,1.0,120,0.442,0.0142,1.7,OB,2h,train,0.425,237
2.0,0.083,120,0.825,2.8457,341.48,OB,2h,train,0.45,237
2.0,0.125,120,0.85,4.2319,507.83,OB,2h,train,0.45,237
2.0,0.167,120,0.808,2.657,318.84,OB,2h,train,0.45,237
2.0,0.25,120,0.767,2.1717,260.6,OB,2h,train,0.45,237
2.0,0.5,120,0.667,1.0763,129.16,OB,2h,train,0.45,237
2.0,1.0,120,0.525,-0.7789,-93.47,OB,2h,train,0.45,237
3.0,0.083,120,0.825,2.8457,341.48,OB,2h,train,0.45,237
3.0,0.125,120,0.85,4.2319,507.83,OB,2h,train,0.45,237
3.0,0.167,120,0.792,2.4539,294.47,OB,2h,train,0.45,237
3.0,0.25,120,0.742,2.157,258.85,OB,2h,train,0.45,237
3.0,0.5,120,0.617,1.1222,134.67,OB,2h,train,0.45,237
3.0,1.0,120,0.517,-0.7175,-86.11,OB,2h,train,0.45,237
4.0,0.083,120,0.825,2.8457,341.48,OB,2h,train,0.45,237
4.0,0.125,120,0.85,4.2319,507.83,OB,2h,train,0.45,237
4.0,0.167,120,0.775,2.352,282.24,OB,2h,train,0.45,237
4.0,0.25,120,0.725,2.3116,277.39,OB,2h,train,0.45,237
4.0,0.5,120,0.6,0.9742,116.91,OB,2h,train,0.45,237
4.0,1.0,120,0.5,-1.2567,-150.81,OB,2h,train,0.45,237
5.0,0.083,120,0.825,2.8457,341.48,OB,2h,train,0.45,237
5.0,0.125,120,0.85,4.2319,507.83,OB,2h,train,0.45,237
5.0,0.167,120,0.775,2.7457,329.49,OB,2h,train,0.45,237
5.0,0.25,120,0.725,2.847,341.64,OB,2h,train,0.45,237
5.0,0.5,120,0.608,1.7662,211.94,OB,2h,train,0.45,237
5.0,1.0,120,0.517,-0.2757,-33.09,OB,2h,train,0.45,237
7.0,0.083,120,0.825,2.8457,341.48,OB,2h,train,0.45,237
7.0,0.125,120,0.85,4.2319,507.83,OB,2h,train,0.45,237
7.0,0.167,120,0.758,2.4672,296.07,OB,2h,train,0.45,237
7.0,0.25,120,0.708,2.6507,318.08,OB,2h,train,0.45,237
7.0,0.5,120,0.592,1.7264,207.17,OB,2h,train,0.45,237
7.0,1.0,120,0.483,-0.3034,-36.4,OB,2h,train,0.45,237
10.0,0.083,120,0.825,2.8457,341.48,OB,2h,train,0.45,237
10.0,0.125,120,0.85,4.2319,507.83,OB,2h,train,0.45,237
10.0,0.167,120,0.758,2.5041,300.49,OB,2h,train,0.45,237
10.0,0.25,120,0.708,2.7269,327.23,OB,2h,train,0.45,237
10.0,0.5,120,0.592,2.0015,240.18,OB,2h,train,0.45,237
10.0,1.0,120,0.467,0.1838,22.06,OB,2h,train,0.45,237
2.0,0.083,120,0.825,2.8922,347.07,OB,2h,train,0.475,237
2.0,0.125,120,0.858,4.249,509.87,OB,2h,train,0.475,237
2.0,0.167,120,0.808,2.7434,329.21,OB,2h,train,0.475,237
2.0,0.25,120,0.775,2.2925,275.1,OB,2h,train,0.475,237
2.0,0.5,120,0.675,1.1385,136.62,OB,2h,train,0.475,237
2.0,1.0,120,0.525,-0.7053,-84.64,OB,2h,train,0.475,237
3.0,0.083,120,0.825,2.8922,347.07,OB,2h,train,0.475,237
3.0,0.125,120,0.858,4.249,509.87,OB,2h,train,0.475,237
3.0,0.167,120,0.792,2.5283,303.4,OB,2h,train,0.475,237
3.0,0.25,120,0.758,2.2772,273.26,OB,2h,train,0.475,237
3.0,0.5,120,0.633,1.1489,137.87,OB,2h,train,0.475,237
3.0,1.0,120,0.508,-0.7057,-84.69,OB,2h,train,0.475,237
4.0,0.083,120,0.825,2.8922,347.07,OB,2h,train,0.475,237
4.0,0.125,120,0.858,4.249,509.87,OB,2h,train,0.475,237
4.0,0.167,120,0.783,2.5635,307.63,OB,2h,train,0.475,237
4.0,0.25,120,0.75,2.5706,308.47,OB,2h,train,0.475,237
4.0,0.5,120,0.617,1.1073,132.88,OB,2h,train,0.475,237
4.0,1.0,120,0.5,-1.1682,-140.18,OB,2h,train,0.475,237
5.0,0.083,120,0.825,2.8922,347.07,OB,2h,train,0.475,237
5.0,0.125,120,0.858,4.249,509.87,OB,2h,train,0.475,237
5.0,0.167,120,0.783,2.9397,352.76,OB,2h,train,0.475,237
5.0,0.25,120,0.75,3.0718,368.61,OB,2h,train,0.475,237
5.0,0.5,120,0.625,1.9213,230.55,OB,2h,train,0.475,237
5.0,1.0,120,0.517,-0.1466,-17.59,OB,2h,train,0.475,237
7.0,0.083,120,0.825,2.8922,347.07,OB,2h,train,0.475,237
7.0,0.125,120,0.858,4.249,509.87,OB,2h,train,0.475,237
7.0,0.167,120,0.767,2.6722,320.66,OB,2h,train,0.475,237
7.0,0.25,120,0.733,2.8973,347.68,OB,2h,train,0.475,237
7.0,0.5,120,0.608,1.8774,225.29,OB,2h,train,0.475,237
7.0,1.0,120,0.5,-0.0063,-0.75,OB,2h,train,0.475,237
10.0,0.083,120,0.825,2.8922,347.07,OB,2h,train,0.475,237
10.0,0.125,120,0.858,4.249,509.87,OB,2h,train,0.475,237
10.0,0.167,120,0.767,2.6865,322.38,OB,2h,train,0.475,237
10.0,0.25,120,0.733,2.9474,353.68,OB,2h,train,0.475,237
10.0,0.5,120,0.608,2.1578,258.94,OB,2h,train,0.475,237
10.0,1.0,120,0.467,0.3204,38.44,OB,2h,train,0.475,237
2.0,0.083,118,0.847,2.9329,346.08,OB,2h,train,0.5,237
2.0,0.125,118,0.856,4.2783,504.84,OB,2h,train,0.5,237
2.0,0.167,118,0.822,3.5398,417.69,OB,2h,train,0.5,237
2.0,0.25,118,0.78,3.0442,359.22,OB,2h,train,0.5,237
2.0,0.5,118,0.678,1.7562,207.24,OB,2h,train,0.5,237
2.0,1.0,118,0.542,-0.0118,-1.39,OB,2h,train,0.5,237
3.0,0.083,118,0.847,2.9329,346.08,OB,2h,train,0.5,237
3.0,0.125,118,0.856,4.2783,504.84,OB,2h,train,0.5,237
3.0,0.167,118,0.797,3.2667,385.47,OB,2h,train,0.5,237
3.0,0.25,118,0.763,2.9539,348.56,OB,2h,train,0.5,237
3.0,0.5,118,0.636,1.6806,198.31,OB,2h,train,0.5,237
3.0,1.0,118,0.525,-0.3459,-40.82,OB,2h,train,0.5,237
4.0,0.083,118,0.847,2.9329,346.08,OB,2h,train,0.5,237
4.0,0.125,118,0.856,4.2783,504.84,OB,2h,train,0.5,237
4.0,0.167,118,0.788,3.2153,379.4,OB,2h,train,0.5,237
4.0,0.25,118,0.754,3.1099,366.97,OB,2h,train,0.5,237
4.0,0.5,118,0.636,2.077,245.09,OB,2h,train,0.5,237
4.0,1.0,118,0.525,-0.264,-31.15,OB,2h,train,0.5,237
5.0,0.083,118,0.847,2.9329,346.08,OB,2h,train,0.5,237
5.0,0.125,118,0.856,4.2783,504.84,OB,2h,train,0.5,237
5.0,0.167,118,0.788,3.6828,434.57,OB,2h,train,0.5,237
5.0,0.25,118,0.754,3.7745,445.39,OB,2h,train,0.5,237
5.0,0.5,118,0.627,2.5671,302.92,OB,2h,train,0.5,237
5.0,1.0,118,0.525,0.3884,45.83,OB,2h,train,0.5,237
7.0,0.083,118,0.847,2.9329,346.08,OB,2h,train,0.5,237
7.0,0.125,118,0.856,4.2783,504.84,OB,2h,train,0.5,237
7.0,0.167,118,0.78,3.5136,414.6,OB,2h,train,0.5,237
7.0,0.25,118,0.746,3.6823,434.51,OB,2h,train,0.5,237
7.0,0.5,118,0.619,2.5619,302.31,OB,2h,train,0.5,237
7.0,1.0,118,0.517,0.5745,67.79,OB,2h,train,0.5,237
10.0,0.083,118,0.847,2.9329,346.08,OB,2h,train,0.5,237
10.0,0.125,118,0.856,4.2783,504.84,OB,2h,train,0.5,237
10.0,0.167,118,0.771,3.4236,403.99,OB,2h,train,0.5,237
10.0,0.25,118,0.737,3.6441,430.01,OB,2h,train,0.5,237
10.0,0.5,118,0.61,2.7761,327.58,OB,2h,train,0.5,237
10.0,1.0,118,0.475,0.8373,98.8,OB,2h,train,0.5,237
2.0,0.083,117,0.846,2.9438,344.43,OB,2h,train,0.525,237
2.0,0.125,117,0.855,4.6217,540.74,OB,2h,train,0.525,237
2.0,0.167,117,0.821,4.5082,527.47,OB,2h,train,0.525,237
2.0,0.25,117,0.803,4.1603,486.76,OB,2h,train,0.525,237
2.0,0.5,117,0.692,2.811,328.88,OB,2h,train,0.525,237
2.0,1.0,117,0.547,1.031,120.63,OB,2h,train,0.525,237
3.0,0.083,117,0.846,2.9438,344.43,OB,2h,train,0.525,237
3.0,0.125,117,0.855,4.6217,540.74,OB,2h,train,0.525,237
3.0,0.167,117,0.803,3.6019,421.42,OB,2h,train,0.525,237
3.0,0.25,117,0.778,3.2595,381.36,OB,2h,train,0.525,237
3.0,0.5,117,0.641,1.9609,229.43,OB,2h,train,0.525,237
3.0,1.0,117,0.521,0.1019,11.93,OB,2h,train,0.525,237
4.0,0.083,117,0.846,2.9438,344.43,OB,2h,train,0.525,237
4.0,0.125,117,0.855,4.6217,540.74,OB,2h,train,0.525,237
4.0,0.167,117,0.795,3.6066,421.97,OB,2h,train,0.525,237
4.0,0.25,117,0.769,3.4957,408.99,OB,2h,train,0.525,237
4.0,0.5,117,0.641,2.4036,281.22,OB,2h,train,0.525,237
4.0,1.0,117,0.521,0.0461,5.4,OB,2h,train,0.525,237
5.0,0.083,117,0.846,2.9438,344.43,OB,2h,train,0.525,237
5.0,0.125,117,0.855,4.6217,540.74,OB,2h,train,0.525,237
5.0,0.167,117,0.795,3.8929,455.47,OB,2h,train,0.525,237
5.0,0.25,117,0.769,3.9998,467.97,OB,2h,train,0.525,237
5.0,0.5,117,0.632,2.561,299.64,OB,2h,train,0.525,237
5.0,1.0,117,0.521,0.3793,44.38,OB,2h,train,0.525,237
7.0,0.083,117,0.846,2.9438,344.43,OB,2h,train,0.525,237
7.0,0.125,117,0.855,4.6217,540.74,OB,2h,train,0.525,237
7.0,0.167,117,0.786,3.8443,449.79,OB,2h,train,0.525,237
7.0,0.25,117,0.752,3.997,467.65,OB,2h,train,0.525,237
7.0,0.5,117,0.624,2.8372,331.95,OB,2h,train,0.525,237
7.0,1.0,117,0.504,0.6978,81.65,OB,2h,train,0.525,237
10.0,0.083,117,0.846,2.9438,344.43,OB,2h,train,0.525,237
10.0,0.125,117,0.855,4.6217,540.74,OB,2h,train,0.525,237
10.0,0.167,117,0.778,3.7539,439.2,OB,2h,train,0.525,237
10.0,0.25,117,0.744,3.9589,463.2,OB,2h,train,0.525,237
10.0,0.5,117,0.615,3.0528,357.18,OB,2h,train,0.525,237
10.0,1.0,117,0.462,1.1181,130.81,OB,2h,train,0.525,237
2.0,0.083,118,0.831,2.9038,342.64,OB,2h,train,0.55,237
2.0,0.125,118,0.847,4.3773,516.52,OB,2h,train,0.55,237
2.0,0.167,118,0.805,4.4947,530.37,OB,2h,train,0.55,237
2.0,0.25,118,0.788,4.0281,475.32,OB,2h,train,0.55,237
2.0,0.5,118,0.661,2.7177,320.68,OB,2h,train,0.55,237
2.0,1.0,118,0.534,0.8886,104.86,OB,2h,train,0.55,237
3.0,0.083,118,0.831,2.9038,342.64,OB,2h,train,0.55,237
3.0,0.125,118,0.847,4.3773,516.52,OB,2h,train,0.55,237
3.0,0.167,118,0.78,3.2506,383.57,OB,2h,train,0.55,237
3.0,0.25,118,0.763,2.9973,353.68,OB,2h,train,0.55,237
3.0,0.5,118,0.619,1.6354,192.98,OB,2h,train,0.55,237
3.0,1.0,118,0.5,-0.2409,-28.42,OB,2h,train,0.55,237
4.0,0.083,118,0.831,2.9038,342.64,OB,2h,train,0.55,237
4.0,0.125,118,0.847,4.3773,516.52,OB,2h,train,0.55,237
4.0,0.167,118,0.771,3.3548,395.87,OB,2h,train,0.55,237
4.0,0.25,118,0.754,3.3405,394.18,OB,2h,train,0.55,237
4.0,0.5,118,0.619,2.2355,263.79,OB,2h,train,0.55,237
4.0,1.0,118,0.517,0.0165,1.94,OB,2h,train,0.55,237
5.0,0.083,118,0.831,2.9038,342.64,OB,2h,train,0.55,237
5.0,0.125,118,0.847,4.3773,516.52,OB,2h,train,0.55,237
5.0,0.167,118,0.771,3.5346,417.09,OB,2h,train,0.55,237
5.0,0.25,118,0.754,3.6636,432.3,OB,2h,train,0.55,237
5.0,0.5,118,0.61,2.1121,249.23,OB,2h,train,0.55,237
5.0,1.0,118,0.517,0.0012,0.15,OB,2h,train,0.55,237
7.0,0.083,118,0.831,2.9038,342.64,OB,2h,train,0.55,237
7.0,0.125,118,0.847,4.3773,516.52,OB,2h,train,0.55,237
7.0,0.167,118,0.763,3.5904,423.66,OB,2h,train,0.55,237
7.0,0.25,118,0.737,3.8433,453.51,OB,2h,train,0.55,237
7.0,0.5,118,0.602,2.643,311.87,OB,2h,train,0.55,237
7.0,1.0,118,0.5,0.5856,69.1,OB,2h,train,0.55,237
10.0,0.083,118,0.831,2.9038,342.64,OB,2h,train,0.55,237
10.0,0.125,118,0.847,4.3773,516.52,OB,2h,train,0.55,237
10.0,0.167,118,0.754,3.4977,412.72,OB,2h,train,0.55,237
10.0,0.25,118,0.729,3.7935,447.63,OB,2h,train,0.55,237
10.0,0.5,118,0.593,2.8265,333.53,OB,2h,train,0.55,237
10.0,1.0,118,0.458,0.9411,111.05,OB,2h,train,0.55,237
2.0,0.083,117,0.829,2.8852,337.57,OB,2h,train,0.575,237
2.0,0.125,117,0.872,4.576,535.4,OB,2h,train,0.575,237
2.0,0.167,117,0.812,4.6302,541.74,OB,2h,train,0.575,237
2.0,0.25,117,0.795,4.2013,491.55,OB,2h,train,0.575,237
2.0,0.5,117,0.675,2.9318,343.02,OB,2h,train,0.575,237
2.0,1.0,117,0.564,1.1116,130.05,OB,2h,train,0.575,237
3.0,0.083,117,0.829,2.8852,337.57,OB,2h,train,0.575,237
3.0,0.125,117,0.872,4.576,535.4,OB,2h,train,0.575,237
3.0,0.167,117,0.786,4.1027,480.01,OB,2h,train,0.575,237
3.0,0.25,117,0.769,3.8049,445.17,OB,2h,train,0.575,237
3.0,0.5,117,0.641,2.3973,280.49,OB,2h,train,0.575,237
3.0,1.0,117,0.53,0.4836,56.58,OB,2h,train,0.575,237
4.0,0.083,117,0.829,2.8852,337.57,OB,2h,train,0.575,237
4.0,0.125,117,0.872,4.576,535.4,OB,2h,train,0.575,237
4.0,0.167,117,0.778,4.1982,491.19,OB,2h,train,0.575,237
4.0,0.25,117,0.761,4.1261,482.76,OB,2h,train,0.575,237
4.0,0.5,117,0.641,2.9323,343.08,OB,2h,train,0.575,237
4.0,1.0,117,0.538,0.8217,96.14,OB,2h,train,0.575,237
5.0,0.083,117,0.829,2.8852,337.57,OB,2h,train,0.575,237
5.0,0.125,117,0.872,4.576,535.4,OB,2h,train,0.575,237
5.0,0.167,117,0.778,4.3895,513.57,OB,2h,train,0.575,237
5.0,0.25,117,0.761,4.4849,524.73,OB,2h,train,0.575,237
5.0,0.5,117,0.632,2.8908,338.22,OB,2h,train,0.575,237
5.0,1.0,117,0.538,0.6752,78.99,OB,2h,train,0.575,237
7.0,0.083,117,0.829,2.8852,337.57,OB,2h,train,0.575,237
7.0,0.125,117,0.872,4.576,535.4,OB,2h,train,0.575,237
7.0,0.167,117,0.769,4.4276,518.03,OB,2h,train,0.575,237
7.0,0.25,117,0.744,4.6543,544.55,OB,2h,train,0.575,237
7.0,0.5,117,0.624,3.5389,414.05,OB,2h,train,0.575,237
7.0,1.0,117,0.521,1.4568,170.44,OB,2h,train,0.575,237
10.0,0.083,117,0.829,2.8852,337.57,OB,2h,train,0.575,237
10.0,0.125,117,0.872,4.576,535.4,OB,2h,train,0.575,237
10.0,0.167,117,0.761,4.3669,510.93,OB,2h,train,0.575,237
10.0,0.25,117,0.735,4.6454,543.51,OB,2h,train,0.575,237
10.0,0.5,117,0.615,3.6407,425.96,OB,2h,train,0.575,237
10.0,1.0,117,0.479,1.7084,199.89,OB,2h,train,0.575,237
2.0,0.083,120,0.8,2.8168,338.02,OB,2h,train,0.6,237
2.0,0.125,120,0.867,4.5745,548.94,OB,2h,train,0.6,237
2.0,0.167,120,0.8,4.5692,548.3,OB,2h,train,0.6,237
2.0,0.25,120,0.775,4.1334,496.01,OB,2h,train,0.6,237
2.0,0.5,120,0.667,2.9733,356.8,OB,2h,train,0.6,237
2.0,1.0,120,0.55,1.1361,136.33,OB,2h,train,0.6,237
3.0,0.083,120,0.8,2.8168,338.02,OB,2h,train,0.6,237
3.0,0.125,120,0.867,4.5745,548.94,OB,2h,train,0.6,237
3.0,0.167,120,0.783,4.3973,527.68,OB,2h,train,0.6,237
3.0,0.25,120,0.767,4.0026,480.32,OB,2h,train,0.6,237
3.0,0.5,120,0.65,2.939,352.68,OB,2h,train,0.6,237
3.0,1.0,120,0.533,1.0322,123.86,OB,2h,train,0.6,237
4.0,0.083,120,0.8,2.8168,338.02,OB,2h,train,0.6,237
4.0,0.125,120,0.867,4.5745,548.94,OB,2h,train,0.6,237
4.0,0.167,120,0.767,4.2528,510.34,OB,2h,train,0.6,237
4.0,0.25,120,0.75,4.1658,499.89,OB,2h,train,0.6,237
4.0,0.5,120,0.633,3.0466,365.59,OB,2h,train,0.6,237
4.0,1.0,120,0.533,1.1739,140.86,OB,2h,train,0.6,237
5.0,0.083,120,0.8,2.8168,338.02,OB,2h,train,0.6,237
5.0,0.125,120,0.867,4.5745,548.94,OB,2h,train,0.6,237
5.0,0.167,120,0.767,4.4368,532.42,OB,2h,train,0.6,237
5.0,0.25,120,0.75,4.5109,541.3,OB,2h,train,0.6,237
5.0,0.5,120,0.633,3.4982,419.78,OB,2h,train,0.6,237
5.0,1.0,120,0.533,1.2694,152.33,OB,2h,train,0.6,237
7.0,0.083,120,0.8,2.8168,338.02,OB,2h,train,0.6,237
7.0,0.125,120,0.867,4.5745,548.94,OB,2h,train,0.6,237
7.0,0.167,120,0.767,4.7312,567.74,OB,2h,train,0.6,237
7.0,0.25,120,0.742,4.8651,583.81,OB,2h,train,0.6,237
7.0,0.5,120,0.633,3.7442,449.31,OB,2h,train,0.6,237
7.0,1.0,120,0.517,1.4825,177.9,OB,2h,train,0.6,237
10.0,0.083,120,0.8,2.8168,338.02,OB,2h,train,0.6,237
10.0,0.125,120,0.867,4.5745,548.94,OB,2h,train,0.6,237
10.0,0.167,120,0.75,4.3496,521.96,OB,2h,train,0.6,237
10.0,0.25,120,0.725,4.6021,552.25,OB,2h,train,0.6,237
10.0,0.5,120,0.617,3.6716,440.59,OB,2h,train,0.6,237
10.0,1.0,120,0.467,1.4055,168.66,OB,2h,train,0.6,237
2.0,0.083,118,0.814,2.8033,330.79,OB,2h,train,0.625,237
2.0,0.125,118,0.873,4.9216,580.75,OB,2h,train,0.625,237
2.0,0.167,118,0.805,4.8649,574.06,OB,2h,train,0.625,237
2.0,0.25,118,0.78,4.433,523.1,OB,2h,train,0.625,237
2.0,0.5,118,0.678,3.2665,385.45,OB,2h,train,0.625,237
2.0,1.0,118,0.576,1.439,169.8,OB,2h,train,0.625,237
3.0,0.083,118,0.814,2.8033,330.79,OB,2h,train,0.625,237
3.0,0.125,118,0.873,4.9216,580.75,OB,2h,train,0.625,237
3.0,0.167,118,0.788,4.756,561.2,OB,2h,train,0.625,237
3.0,0.25,118,0.771,4.3781,516.61,OB,2h,train,0.625,237
3.0,0.5,118,0.669,3.3012,389.54,OB,2h,train,0.625,237
3.0,1.0,118,0.568,1.3421,158.36,OB,2h,train,0.625,237
4.0,0.083,118,0.814,2.8033,330.79,OB,2h,train,0.625,237
4.0,0.125,118,0.873,4.9216,580.75,OB,2h,train,0.625,237
4.0,0.167,118,0.771,4.5804,540.48,OB,2h,train,0.625,237
4.0,0.25,118,0.754,4.393,518.38,OB,2h,train,0.625,237
4.0,0.5,118,0.644,3.1968,377.23,OB,2h,train,0.625,237
4.0,1.0,118,0.551,1.2914,152.38,OB,2h,train,0.625,237
5.0,0.083,118,0.814,2.8033,330.79,OB,2h,train,0.625,237
5.0,0.125,118,0.873,4.9216,580.75,OB,2h,train,0.625,237
5.0,0.167,118,0.771,4.7437,559.75,OB,2h,train,0.625,237
5.0,0.25,118,0.754,4.7736,563.28,OB,2h,train,0.625,237
5.0,0.5,118,0.644,3.7333,440.53,OB,2h,train,0.625,237
5.0,1.0,118,0.551,1.4086,166.22,OB,2h,train,0.625,237
7.0,0.083,118,0.814,2.8033,330.79,OB,2h,train,0.625,237
7.0,0.125,118,0.873,4.9216,580.75,OB,2h,train,0.625,237
7.0,0.167,118,0.771,5.057,596.73,OB,2h,train,0.625,237
7.0,0.25,118,0.746,5.2208,616.05,OB,2h,train,0.625,237
7.0,0.5,118,0.653,4.5607,538.16,OB,2h,train,0.625,237
7.0,1.0,118,0.551,2.2566,266.28,OB,2h,train,0.625,237
10.0,0.083,118,0.814,2.8033,330.79,OB,2h,train,0.625,237
10.0,0.125,118,0.873,4.9216,580.75,OB,2h,train,0.625,237
10.0,0.167,118,0.754,4.6711,551.19,OB,2h,train,0.625,237
10.0,0.25,118,0.729,4.8942,577.52,OB,2h,train,0.625,237
10.0,0.5,118,0.636,4.3503,513.33,OB,2h,train,0.625,237
10.0,1.0,118,0.492,2.0497,241.86,OB,2h,train,0.625,237
2.0,0.083,117,0.812,2.8928,338.46,OB,2h,train,0.65,237
2.0,0.125,117,0.88,5.0659,592.71,OB,2h,train,0.65,237
2.0,0.167,117,0.812,5.208,609.34,OB,2h,train,0.65,237
2.0,0.25,117,0.786,4.7779,559.02,OB,2h,train,0.65,237
2.0,0.5,117,0.684,3.6251,424.13,OB,2h,train,0.65,237
2.0,1.0,117,0.581,1.9408,227.07,OB,2h,train,0.65,237
3.0,0.083,117,0.812,2.8928,338.46,OB,2h,train,0.65,237
3.0,0.125,117,0.88,5.0659,592.71,OB,2h,train,0.65,237
3.0,0.167,117,0.786,4.8285,564.94,OB,2h,train,0.65,237
3.0,0.25,117,0.769,4.5018,526.71,OB,2h,train,0.65,237
3.0,0.5,117,0.675,3.4547,404.2,OB,2h,train,0.65,237
3.0,1.0,117,0.581,1.7326,202.71,OB,2h,train,0.65,237
4.0,0.083,117,0.812,2.8928,338.46,OB,2h,train,0.65,237
4.0,0.125,117,0.88,5.0659,592.71,OB,2h,train,0.65,237
4.0,0.167,117,0.778,4.9081,574.25,OB,2h,train,0.65,237
4.0,0.25,117,0.761,4.6847,548.11,OB,2h,train,0.65,237
4.0,0.5,117,0.65,3.5177,411.57,OB,2h,train,0.65,237
4.0,1.0,117,0.556,1.682,196.8,OB,2h,train,0.65,237
5.0,0.083,117,0.812,2.8928,338.46,OB,2h,train,0.65,237
5.0,0.125,117,0.88,5.0659,592.71,OB,2h,train,0.65,237
5.0,0.167,117,0.769,4.8253,564.55,OB,2h,train,0.65,237
5.0,0.25,117,0.752,4.8064,562.35,OB,2h,train,0.65,237
5.0,0.5,117,0.65,3.8927,455.45,OB,2h,train,0.65,237
5.0,1.0,117,0.556,1.8005,210.66,OB,2h,train,0.65,237
7.0,0.083,117,0.812,2.8928,338.46,OB,2h,train,0.65,237
7.0,0.125,117,0.88,5.0659,592.71,OB,2h,train,0.65,237
7.0,0.167,117,0.769,5.2099,609.56,OB,2h,train,0.65,237
7.0,0.25,117,0.744,5.3732,628.66,OB,2h,train,0.65,237
7.0,0.5,117,0.658,4.6691,546.28,OB,2h,train,0.65,237
7.0,1.0,117,0.556,2.6203,306.57,OB,2h,train,0.65,237
10.0,0.083,117,0.812,2.8928,338.46,OB,2h,train,0.65,237
10.0,0.125,117,0.88,5.0659,592.71,OB,2h,train,0.65,237
10.0,0.167,117,0.752,4.8211,564.07,OB,2h,train,0.65,237
10.0,0.25,117,0.726,5.0551,591.45,OB,2h,train,0.65,237
10.0,0.5,117,0.641,4.6055,538.85,OB,2h,train,0.65,237
10.0,1.0,117,0.496,2.4019,281.02,OB,2h,train,0.65,237
2.0,0.083,116,0.793,2.7657,320.82,OB,2h,train,0.675,237
2.0,0.125,116,0.879,5.0903,590.47,OB,2h,train,0.675,237
2.0,0.167,116,0.81,5.0976,591.32,OB,2h,train,0.675,237
2.0,0.25,116,0.776,4.6217,536.12,OB,2h,train,0.675,237
2.0,0.5,116,0.681,3.4598,401.34,OB,2h,train,0.675,237
2.0,1.0,116,0.603,1.7993,208.72,OB,2h,train,0.675,237
3.0,0.083,116,0.793,2.7657,320.82,OB,2h,train,0.675,237
3.0,0.125,116,0.879,5.0903,590.47,OB,2h,train,0.675,237
3.0,0.167,116,0.793,4.9624,575.64,OB,2h,train,0.675,237
3.0,0.25,116,0.767,4.5965,533.19,OB,2h,train,0.675,237
3.0,0.5,116,0.672,3.4929,405.18,OB,2h,train,0.675,237
3.0,1.0,116,0.595,1.7735,205.73,OB,2h,train,0.675,237
4.0,0.083,116,0.793,2.7657,320.82,OB,2h,train,0.675,237
4.0,0.125,116,0.879,5.0903,590.47,OB,2h,train,0.675,237
4.0,0.167,116,0.776,4.7996,556.75,OB,2h,train,0.675,237
4.0,0.25,116,0.75,4.5115,523.34,OB,2h,train,0.675,237
4.0,0.5,116,0.638,3.2149,372.92,OB,2h,train,0.675,237
4.0,1.0,116,0.56,1.3297,154.24,OB,2h,train,0.675,237
5.0,0.083,116,0.793,2.7657,320.82,OB,2h,train,0.675,237
5.0,0.125,116,0.879,5.0903,590.47,OB,2h,train,0.675,237
5.0,0.167,116,0.767,4.727,548.33,OB,2h,train,0.675,237
5.0,0.25,116,0.741,4.6308,537.18,OB,2h,train,0.675,237
5.0,0.5,116,0.638,3.6116,418.94,OB,2h,train,0.675,237
5.0,1.0,116,0.552,1.5447,179.19,OB,2h,train,0.675,237
7.0,0.083,116,0.793,2.7657,320.82,OB,2h,train,0.675,237
7.0,0.125,116,0.879,5.0903,590.47,OB,2h,train,0.675,237
7.0,0.167,116,0.767,5.1331,595.45,OB,2h,train,0.675,237
7.0,0.25,116,0.733,5.2507,609.08,OB,2h,train,0.675,237
7.0,0.5,116,0.647,4.5107,523.24,OB,2h,train,0.675,237
7.0,1.0,116,0.552,2.439,282.93,OB,2h,train,0.675,237
10.0,0.083,116,0.793,2.7657,320.82,OB,2h,train,0.675,237
10.0,0.125,116,0.879,5.0903,590.47,OB,2h,train,0.675,237
10.0,0.167,116,0.75,4.7471,550.66,OB,2h,train,0.675,237
10.0,0.25,116,0.716,4.9443,573.54,OB,2h,train,0.675,237
10.0,0.5,116,0.629,4.4242,513.2,OB,2h,train,0.675,237
10.0,1.0,116,0.5,2.5838,299.72,OB,2h,train,0.675,237
2.0,0.083,115,0.765,2.5721,295.79,OB,2h,train,0.7,237
2.0,0.125,115,0.878,5.3916,620.04,OB,2h,train,0.7,237
2.0,0.167,115,0.826,5.2665,605.64,OB,2h,train,0.7,237
2.0,0.25,115,0.783,4.7392,545.01,OB,2h,train,0.7,237
2.0,0.5,115,0.687,3.5367,406.71,OB,2h,train,0.7,237
2.0,1.0,115,0.635,2.046,235.29,OB,2h,train,0.7,237
3.0,0.083,115,0.765,2.5721,295.79,OB,2h,train,0.7,237
3.0,0.125,115,0.878,5.3916,620.04,OB,2h,train,0.7,237
3.0,0.167,115,0.817,5.4516,626.94,OB,2h,train,0.7,237
3.0,0.25,115,0.774,4.8667,559.67,OB,2h,train,0.7,237
3.0,0.5,115,0.67,3.7825,434.99,OB,2h,train,0.7,237
3.0,1.0,115,0.617,2.0714,238.22,OB,2h,train,0.7,237
4.0,0.083,115,0.765,2.5721,295.79,OB,2h,train,0.7,237
4.0,0.125,115,0.878,5.3916,620.04,OB,2h,train,0.7,237
4.0,0.167,115,0.809,5.5808,641.79,OB,2h,train,0.7,237
4.0,0.25,115,0.765,5.0191,577.2,OB,2h,train,0.7,237
4.0,0.5,115,0.643,3.7431,430.46,OB,2h,train,0.7,237
4.0,1.0,115,0.591,1.8782,215.99,OB,2h,train,0.7,237
5.0,0.083,115,0.765,2.5721,295.79,OB,2h,train,0.7,237
5.0,0.125,115,0.878,5.3916,620.04,OB,2h,train,0.7,237
5.0,0.167,115,0.8,5.527,635.6,OB,2h,train,0.7,237
5.0,0.25,115,0.757,5.158,593.17,OB,2h,train,0.7,237
5.0,0.5,115,0.643,4.0433,464.98,OB,2h,train,0.7,237
5.0,1.0,115,0.583,1.9371,222.77,OB,2h,train,0.7,237
7.0,0.083,115,0.765,2.5721,295.79,OB,2h,train,0.7,237
7.0,0.125,115,0.878,5.3916,620.04,OB,2h,train,0.7,237
7.0,0.167,115,0.8,5.9474,683.95,OB,2h,train,0.7,237
7.0,0.25,115,0.739,5.5073,633.34,OB,2h,train,0.7,237
7.0,0.5,115,0.643,4.7435,545.5,OB,2h,train,0.7,237
7.0,1.0,115,0.574,2.5361,291.65,OB,2h,train,0.7,237
10.0,0.083,115,0.765,2.5721,295.79,OB,2h,train,0.7,237
10.0,0.125,115,0.878,5.3916,620.04,OB,2h,train,0.7,237
10.0,0.167,115,0.783,5.5582,639.19,OB,2h,train,0.7,237
10.0,0.25,115,0.722,5.2066,598.76,OB,2h,train,0.7,237
10.0,0.5,115,0.626,4.6928,539.67,OB,2h,train,0.7,237
10.0,1.0,115,0.522,2.8216,324.48,OB,2h,train,0.7,237
2.0,0.083,58,0.793,3.9176,227.22,OB,2h,validation,0.3,101
2.0,0.125,58,0.879,6.3045,365.66,OB,2h,validation,0.3,101
2.0,0.167,58,0.845,7.9141,459.02,OB,2h,validation,0.3,101
2.0,0.25,58,0.81,7.8525,455.44,OB,2h,validation,0.3,101
2.0,0.5,58,0.793,7.7114,447.26,OB,2h,validation,0.3,101
2.0,1.0,58,0.69,6.321,366.62,OB,2h,validation,0.3,101
3.0,0.083,58,0.793,3.9176,227.22,OB,2h,validation,0.3,101
3.0,0.125,58,0.879,6.3045,365.66,OB,2h,validation,0.3,101
3.0,0.167,58,0.845,8.4008,487.25,OB,2h,validation,0.3,101
3.0,0.25,58,0.776,7.7089,447.12,OB,2h,validation,0.3,101
3.0,0.5,58,0.741,7.1129,412.55,OB,2h,validation,0.3,101
3.0,1.0,58,0.655,6.0973,353.64,OB,2h,validation,0.3,101
4.0,0.083,58,0.793,3.9176,227.22,OB,2h,validation,0.3,101
4.0,0.125,58,0.879,6.3045,365.66,OB,2h,validation,0.3,101
4.0,0.167,58,0.845,8.8196,511.54,OB,2h,validation,0.3,101
4.0,0.25,58,0.776,8.5276,494.6,OB,2h,validation,0.3,101
4.0,0.5,58,0.741,8.2401,477.93,OB,2h,validation,0.3,101
4.0,1.0,58,0.638,7.1955,417.34,OB,2h,validation,0.3,101
5.0,0.083,58,0.793,3.9176,227.22,OB,2h,validation,0.3,101
5.0,0.125,58,0.879,6.3045,365.66,OB,2h,validation,0.3,101
5.0,0.167,58,0.828,8.9147,517.05,OB,2h,validation,0.3,101
5.0,0.25,58,0.759,8.803,510.57,OB,2h,validation,0.3,101
5.0,0.5,58,0.707,8.9997,521.99,OB,2h,validation,0.3,101
5.0,1.0,58,0.621,8.1697,473.84,OB,2h,validation,0.3,101
7.0,0.083,58,0.793,3.9176,227.22,OB,2h,validation,0.3,101
7.0,0.125,58,0.879,6.3045,365.66,OB,2h,validation,0.3,101
7.0,0.167,58,0.828,9.2122,534.31,OB,2h,validation,0.3,101
7.0,0.25,58,0.759,9.1059,528.14,OB,2h,validation,0.3,101
7.0,0.5,58,0.672,9.1213,529.04,OB,2h,validation,0.3,101
7.0,1.0,58,0.603,8.876,514.81,OB,2h,validation,0.3,101
10.0,0.083,58,0.793,3.9176,227.22,OB,2h,validation,0.3,101
10.0,0.125,58,0.879,6.3045,365.66,OB,2h,validation,0.3,101
10.0,0.167,58,0.828,9.2548,536.78,OB,2h,validation,0.3,101
10.0,0.25,58,0.759,9.3386,541.64,OB,2h,validation,0.3,101
10.0,0.5,58,0.672,10.0616,583.57,OB,2h,validation,0.3,101
10.0,1.0,58,0.586,9.9352,576.24,OB,2h,validation,0.3,101
2.0,0.083,57,0.807,3.7603,214.34,OB,2h,validation,0.325,101
2.0,0.125,57,0.877,6.452,367.77,OB,2h,validation,0.325,101
2.0,0.167,57,0.842,7.7772,443.3,OB,2h,validation,0.325,101
2.0,0.25,57,0.825,7.7001,438.9,OB,2h,validation,0.325,101
2.0,0.5,57,0.789,7.2091,410.92,OB,2h,validation,0.325,101
2.0,1.0,57,0.684,5.5311,315.27,OB,2h,validation,0.325,101
3.0,0.083,57,0.807,3.7603,214.34,OB,2h,validation,0.325,101
3.0,0.125,57,0.877,6.452,367.77,OB,2h,validation,0.325,101
3.0,0.167,57,0.842,8.29,472.53,OB,2h,validation,0.325,101
3.0,0.25,57,0.789,7.5789,431.99,OB,2h,validation,0.325,101
3.0,0.5,57,0.737,6.7552,385.04,OB,2h,validation,0.325,101
3.0,1.0,57,0.649,5.5896,318.61,OB,2h,validation,0.325,101
4.0,0.083,57,0.807,3.7603,214.34,OB,2h,validation,0.325,101
4.0,0.125,57,0.877,6.452,367.77,OB,2h,validation,0.325,101
4.0,0.167,57,0.842,8.5989,490.14,OB,2h,validation,0.325,101
4.0,0.25,57,0.789,8.1831,466.44,OB,2h,validation,0.325,101
4.0,0.5,57,0.737,7.4661,425.57,OB,2h,validation,0.325,101
4.0,1.0,57,0.632,6.2415,355.77,OB,2h,validation,0.325,101
5.0,0.083,57,0.807,3.7603,214.34,OB,2h,validation,0.325,101
5.0,0.125,57,0.877,6.452,367.77,OB,2h,validation,0.325,101
5.0,0.167,57,0.825,8.8109,502.22,OB,2h,validation,0.325,101
5.0,0.25,57,0.772,8.6814,494.84,OB,2h,validation,0.325,101
5.0,0.5,57,0.702,8.6495,493.02,OB,2h,validation,0.325,101
5.0,1.0,57,0.614,7.702,439.02,OB,2h,validation,0.325,101
7.0,0.083,57,0.807,3.7603,214.34,OB,2h,validation,0.325,101
7.0,0.125,57,0.877,6.452,367.77,OB,2h,validation,0.325,101
7.0,0.167,57,0.825,9.1129,519.44,OB,2h,validation,0.325,101
7.0,0.25,57,0.772,8.9886,512.35,OB,2h,validation,0.325,101
7.0,0.5,57,0.667,8.7722,500.01,OB,2h,validation,0.325,101
7.0,1.0,57,0.596,8.4151,479.66,OB,2h,validation,0.325,101
10.0,0.083,57,0.807,3.7603,214.34,OB,2h,validation,0.325,101
10.0,0.125,57,0.877,6.452,367.77,OB,2h,validation,0.325,101
10.0,0.167,57,0.825,9.1559,521.88,OB,2h,validation,0.325,101
10.0,0.25,57,0.772,9.224,525.77,OB,2h,validation,0.325,101
10.0,0.5,57,0.667,9.7451,555.47,OB,2h,validation,0.325,101
10.0,1.0,57,0.579,9.0219,514.25,OB,2h,validation,0.325,101
2.0,0.083,57,0.807,3.7597,214.3,OB,2h,validation,0.35,101
2.0,0.125,57,0.877,6.419,365.88,OB,2h,validation,0.35,101
2.0,0.167,57,0.842,7.5316,429.3,OB,2h,validation,0.35,101
2.0,0.25,57,0.807,7.4358,423.84,OB,2h,validation,0.35,101
2.0,0.5,57,0.772,6.8735,391.79,OB,2h,validation,0.35,101
2.0,1.0,57,0.684,5.3116,302.76,OB,2h,validation,0.35,101
3.0,0.083,57,0.807,3.7597,214.3,OB,2h,validation,0.35,101
3.0,0.125,57,0.877,6.419,365.88,OB,2h,validation,0.35,101
3.0,0.167,57,0.842,8.0636,459.62,OB,2h,validation,0.35,101
3.0,0.25,57,0.772,7.3752,420.39,OB,2h,validation,0.35,101
3.0,0.5,57,0.719,6.5401,372.79,OB,2h,validation,0.35,101
3.0,1.0,57,0.649,5.2764,300.75,OB,2h,validation,0.35,101
4.0,0.083,57,0.807,3.7597,214.3,OB,2h,validation,0.35,101
4.0,0.125,57,0.877,6.419,365.88,OB,2h,validation,0.35,101
4.0,0.167,57,0.842,8.3228,474.4,OB,2h,validation,0.35,101
4.0,0.25,57,0.772,7.8673,448.43,OB,2h,validation,0.35,101
4.0,0.5,57,0.719,7.0901,404.14,OB,2h,validation,0.35,101
4.0,1.0,57,0.632,6.0425,344.43,OB,2h,validation,0.35,101
5.0,0.083,57,0.807,3.7597,214.3,OB,2h,validation,0.35,101
5.0,0.125,57,0.877,6.419,365.88,OB,2h,validation,0.35,101
5.0,0.167,57,0.825,8.6161,491.12,OB,2h,validation,0.35,101
5.0,0.25,57,0.754,8.6461,492.83,OB,2h,validation,0.35,101
5.0,0.5,57,0.702,8.6582,493.52,OB,2h,validation,0.35,101
5.0,1.0,57,0.632,7.7674,442.74,OB,2h,validation,0.35,101
7.0,0.083,57,0.807,3.7597,214.3,OB,2h,validation,0.35,101
7.0,0.125,57,0.877,6.419,365.88,OB,2h,validation,0.35,101
7.0,0.167,57,0.825,8.9192,508.39,OB,2h,validation,0.35,101
7.0,0.25,57,0.754,8.8395,503.85,OB,2h,validation,0.35,101
7.0,0.5,57,0.649,8.626,491.68,OB,2h,validation,0.35,101
7.0,1.0,57,0.596,8.3545,476.21,OB,2h,validation,0.35,101
10.0,0.083,57,0.807,3.7597,214.3,OB,2h,validation,0.35,101
10.0,0.125,57,0.877,6.419,365.88,OB,2h,validation,0.35,101
10.0,0.167,57,0.825,8.9589,510.66,OB,2h,validation,0.35,101
10.0,0.25,57,0.754,9.054,516.08,OB,2h,validation,0.35,101
10.0,0.5,57,0.649,9.42,536.94,OB,2h,validation,0.35,101
10.0,1.0,57,0.579,8.488,483.81,OB,2h,validation,0.35,101
2.0,0.083,56,0.857,3.774,211.34,OB,2h,validation,0.375,101
2.0,0.125,56,0.893,6.7248,376.59,OB,2h,validation,0.375,101
2.0,0.167,56,0.857,7.8447,439.3,OB,2h,validation,0.375,101
2.0,0.25,56,0.821,7.6781,429.97,OB,2h,validation,0.375,101
2.0,0.5,56,0.804,7.1045,397.85,OB,2h,validation,0.375,101
2.0,1.0,56,0.679,5.5586,311.28,OB,2h,validation,0.375,101
3.0,0.083,56,0.857,3.774,211.34,OB,2h,validation,0.375,101
3.0,0.125,56,0.893,6.7248,376.59,OB,2h,validation,0.375,101
3.0,0.167,56,0.857,8.3503,467.62,OB,2h,validation,0.375,101
3.0,0.25,56,0.786,7.667,429.35,OB,2h,validation,0.375,101
3.0,0.5,56,0.75,6.8405,383.07,OB,2h,validation,0.375,101
3.0,1.0,56,0.661,5.5679,311.8,OB,2h,validation,0.375,101
4.0,0.083,56,0.857,3.774,211.34,OB,2h,validation,0.375,101
4.0,0.125,56,0.893,6.7248,376.59,OB,2h,validation,0.375,101
4.0,0.167,56,0.857,8.5615,479.44,OB,2h,validation,0.375,101
4.0,0.25,56,0.786,8.0907,453.08,OB,2h,validation,0.375,101
4.0,0.5,56,0.75,7.4675,418.18,OB,2h,validation,0.375,101
4.0,1.0,56,0.643,6.4783,362.79,OB,2h,validation,0.375,101
5.0,0.083,56,0.857,3.774,211.34,OB,2h,validation,0.375,101
5.0,0.125,56,0.893,6.7248,376.59,OB,2h,validation,0.375,101
5.0,0.167,56,0.839,8.8393,495.0,OB,2h,validation,0.375,101
5.0,0.25,56,0.768,8.7456,489.75,OB,2h,validation,0.375,101
5.0,0.5,56,0.732,8.6194,482.69,OB,2h,validation,0.375,101
5.0,1.0,56,0.643,7.4992,419.95,OB,2h,validation,0.375,101
7.0,0.083,56,0.857,3.774,211.34,OB,2h,validation,0.375,101
7.0,0.125,56,0.893,6.7248,376.59,OB,2h,validation,0.375,101
7.0,0.167,56,0.839,9.2417,517.53,OB,2h,validation,0.375,101
7.0,0.25,56,0.768,9.2181,516.21,OB,2h,validation,0.375,101
7.0,0.5,56,0.679,9.1018,509.7,OB,2h,validation,0.375,101
7.0,1.0,56,0.607,8.8331,494.65,OB,2h,validation,0.375,101
10.0,0.083,56,0.857,3.774,211.34,OB,2h,validation,0.375,101
10.0,0.125,56,0.893,6.7248,376.59,OB,2h,validation,0.375,101
10.0,0.167,56,0.839,9.2816,519.77,OB,2h,validation,0.375,101
10.0,0.25,56,0.768,9.4328,528.24,OB,2h,validation,0.375,101
10.0,0.5,56,0.679,9.9093,554.92,OB,2h,validation,0.375,101
10.0,1.0,56,0.589,8.9945,503.69,OB,2h,validation,0.375,101
2.0,0.083,56,0.893,3.9017,218.49,OB,2h,validation,0.4,101
2.0,0.125,56,0.929,6.852,383.71,OB,2h,validation,0.4,101
2.0,0.167,56,0.857,7.8774,441.13,OB,2h,validation,0.4,101
2.0,0.25,56,0.821,7.6941,430.87,OB,2h,validation,0.4,101
2.0,0.5,56,0.821,7.0504,394.83,OB,2h,validation,0.4,101
2.0,1.0,56,0.679,5.3399,299.03,OB,2h,validation,0.4,101
3.0,0.083,56,0.893,3.9017,218.49,OB,2h,validation,0.4,101
3.0,0.125,56,0.929,6.852,383.71,OB,2h,validation,0.4,101
3.0,0.167,56,0.857,8.3124,465.49,OB,2h,validation,0.4,101
3.0,0.25,56,0.786,7.705,431.48,OB,2h,validation,0.4,101
3.0,0.5,56,0.768,6.977,390.71,OB,2h,validation,0.4,101
3.0,1.0,56,0.661,5.7169,320.15,OB,2h,validation,0.4,101
4.0,0.083,56,0.893,3.9017,218.49,OB,2h,validation,0.4,101
4.0,0.125,56,0.929,6.852,383.71,OB,2h,validation,0.4,101
4.0,0.167,56,0.857,8.6311,483.34,OB,2h,validation,0.4,101
4.0,0.25,56,0.786,8.163,457.13,OB,2h,validation,0.4,101
4.0,0.5,56,0.768,7.4677,418.19,OB,2h,validation,0.4,101
4.0,1.0,56,0.643,6.2696,351.1,OB,2h,validation,0.4,101
5.0,0.083,56,0.893,3.9017,218.49,OB,2h,validation,0.4,101
5.0,0.125,56,0.929,6.852,383.71,OB,2h,validation,0.4,101
5.0,0.167,56,0.839,8.9142,499.2,OB,2h,validation,0.4,101
5.0,0.25,56,0.768,8.8376,494.91,OB,2h,validation,0.4,101
5.0,0.5,56,0.75,8.521,477.18,OB,2h,validation,0.4,101
5.0,1.0,56,0.643,7.538,422.13,OB,2h,validation,0.4,101
7.0,0.083,56,0.893,3.9017,218.49,OB,2h,validation,0.4,101
7.0,0.125,56,0.929,6.852,383.71,OB,2h,validation,0.4,101
7.0,0.167,56,0.839,9.3164,521.72,OB,2h,validation,0.4,101
7.0,0.25,56,0.768,9.3185,521.83,OB,2h,validation,0.4,101
7.0,0.5,56,0.696,9.2528,518.16,OB,2h,validation,0.4,101
7.0,1.0,56,0.607,8.9667,502.14,OB,2h,validation,0.4,101
10.0,0.083,56,0.893,3.9017,218.49,OB,2h,validation,0.4,101
10.0,0.125,56,0.929,6.852,383.71,OB,2h,validation,0.4,101
10.0,0.167,56,0.839,9.3413,523.11,OB,2h,validation,0.4,101
10.0,0.25,56,0.768,9.478,530.77,OB,2h,validation,0.4,101
10.0,0.5,56,0.696,9.9308,556.12,OB,2h,validation,0.4,101
10.0,1.0,56,0.589,8.9792,502.84,OB,2h,validation,0.4,101
2.0,0.083,56,0.875,3.9865,223.25,OB,2h,validation,0.425,101
2.0,0.125,56,0.929,7.0215,393.2,OB,2h,validation,0.425,101
2.0,0.167,56,0.857,7.9513,445.28,OB,2h,validation,0.425,101
2.0,0.25,56,0.821,7.8181,437.82,OB,2h,validation,0.425,101
2.0,0.5,56,0.821,7.1153,398.45,OB,2h,validation,0.425,101
2.0,1.0,56,0.679,5.2822,295.81,OB,2h,validation,0.425,101
3.0,0.083,56,0.875,3.9865,223.25,OB,2h,validation,0.425,101
3.0,0.125,56,0.929,7.0215,393.2,OB,2h,validation,0.425,101
3.0,0.167,56,0.857,8.3749,469.0,OB,2h,validation,0.425,101
3.0,0.25,56,0.804,8.5283,477.58,OB,2h,validation,0.425,101
3.0,0.5,56,0.786,7.4741,418.55,OB,2h,validation,0.425,101
3.0,1.0,56,0.679,6.0829,340.64,OB,2h,validation,0.425,101
4.0,0.083,56,0.875,3.9865,223.25,OB,2h,validation,0.425,101
4.0,0.125,56,0.929,7.0215,393.2,OB,2h,validation,0.425,101
4.0,0.167,56,0.857,8.6771,485.92,OB,2h,validation,0.425,101
4.0,0.25,56,0.786,8.0885,452.95,OB,2h,validation,0.425,101
4.0,0.5,56,0.768,7.4417,416.73,OB,2h,validation,0.425,101
4.0,1.0,56,0.643,6.4296,360.06,OB,2h,validation,0.425,101
5.0,0.083,56,0.875,3.9865,223.25,OB,2h,validation,0.425,101
5.0,0.125,56,0.929,7.0215,393.2,OB,2h,validation,0.425,101
5.0,0.167,56,0.839,8.7258,488.65,OB,2h,validation,0.425,101
5.0,0.25,56,0.768,8.5714,480.0,OB,2h,validation,0.425,101
5.0,0.5,56,0.75,8.0975,453.46,OB,2h,validation,0.425,101
5.0,1.0,56,0.625,7.0846,396.74,OB,2h,validation,0.425,101
7.0,0.083,56,0.875,3.9865,223.25,OB,2h,validation,0.425,101
7.0,0.125,56,0.929,7.0215,393.2,OB,2h,validation,0.425,101
7.0,0.167,56,0.839,9.3744,524.97,OB,2h,validation,0.425,101
7.0,0.25,56,0.768,9.4186,527.44,OB,2h,validation,0.425,101
7.0,0.5,56,0.696,9.3314,522.56,OB,2h,validation,0.425,101
7.0,1.0,56,0.607,9.0102,504.57,OB,2h,validation,0.425,101
10.0,0.083,56,0.875,3.9865,223.25,OB,2h,validation,0.425,101
10.0,0.125,56,0.929,7.0215,393.2,OB,2h,validation,0.425,101
10.0,0.167,56,0.839,9.3991,526.35,OB,2h,validation,0.425,101
10.0,0.25,56,0.768,9.574,536.15,OB,2h,validation,0.425,101
10.0,0.5,56,0.696,9.9325,556.22,OB,2h,validation,0.425,101
10.0,1.0,56,0.589,8.8715,496.81,OB,2h,validation,0.425,101
2.0,0.083,55,0.873,4.1117,226.14,OB,2h,validation,0.45,101
2.0,0.125,55,0.927,7.1531,393.42,OB,2h,validation,0.45,101
2.0,0.167,55,0.855,7.939,436.64,OB,2h,validation,0.45,101
2.0,0.25,55,0.836,7.8825,433.53,OB,2h,validation,0.45,101
2.0,0.5,55,0.8,7.2979,401.39,OB,2h,validation,0.45,101
2.0,1.0,55,0.673,5.5084,302.96,OB,2h,validation,0.45,101
3.0,0.083,55,0.873,4.1117,226.14,OB,2h,validation,0.45,101
3.0,0.125,55,0.927,7.1531,393.42,OB,2h,validation,0.45,101
3.0,0.167,55,0.855,8.4041,462.22,OB,2h,validation,0.45,101
3.0,0.25,55,0.836,8.5716,471.44,OB,2h,validation,0.45,101
3.0,0.5,55,0.8,8.508,467.94,OB,2h,validation,0.45,101
3.0,1.0,55,0.691,7.2557,399.07,OB,2h,validation,0.45,101
4.0,0.083,55,0.873,4.1117,226.14,OB,2h,validation,0.45,101
4.0,0.125,55,0.927,7.1531,393.42,OB,2h,validation,0.45,101
4.0,0.167,55,0.855,8.709,478.99,OB,2h,validation,0.45,101
4.0,0.25,55,0.818,8.1235,446.8,OB,2h,validation,0.45,101
4.0,0.5,55,0.764,7.5483,415.16,OB,2h,validation,0.45,101
4.0,1.0,55,0.636,6.499,357.45,OB,2h,validation,0.45,101
5.0,0.083,55,0.873,4.1117,226.14,OB,2h,validation,0.45,101
5.0,0.125,55,0.927,7.1531,393.42,OB,2h,validation,0.45,101
5.0,0.167,55,0.836,8.759,481.74,OB,2h,validation,0.45,101
5.0,0.25,55,0.8,8.5818,472.0,OB,2h,validation,0.45,101
5.0,0.5,55,0.745,8.2299,452.65,OB,2h,validation,0.45,101
5.0,1.0,55,0.618,7.3568,404.62,OB,2h,validation,0.45,101
7.0,0.083,55,0.873,4.1117,226.14,OB,2h,validation,0.45,101
7.0,0.125,55,0.927,7.1531,393.42,OB,2h,validation,0.45,101
7.0,0.167,55,0.836,9.421,518.16,OB,2h,validation,0.45,101
7.0,0.25,55,0.8,9.6114,528.63,OB,2h,validation,0.45,101
7.0,0.5,55,0.709,9.0503,497.76,OB,2h,validation,0.45,101
7.0,1.0,55,0.6,8.7958,483.77,OB,2h,validation,0.45,101
10.0,0.083,55,0.873,4.1117,226.14,OB,2h,validation,0.45,101
10.0,0.125,55,0.927,7.1531,393.42,OB,2h,validation,0.45,101
10.0,0.167,55,0.836,9.446,519.53,OB,2h,validation,0.45,101
10.0,0.25,55,0.8,9.7688,537.29,OB,2h,validation,0.45,101
10.0,0.5,55,0.709,9.6944,533.19,OB,2h,validation,0.45,101
10.0,1.0,55,0.582,8.7393,480.66,OB,2h,validation,0.45,101
2.0,0.083,54,0.852,4.1896,226.24,OB,2h,validation,0.475,101
2.0,0.125,54,0.926,7.1931,388.43,OB,2h,validation,0.475,101
2.0,0.167,54,0.852,7.7356,417.72,OB,2h,validation,0.475,101
2.0,0.25,54,0.852,7.6936,415.45,OB,2h,validation,0.475,101
2.0,0.5,54,0.796,7.1027,383.55,OB,2h,validation,0.475,101
2.0,1.0,54,0.704,5.2663,284.38,OB,2h,validation,0.475,101
3.0,0.083,54,0.852,4.1896,226.24,OB,2h,validation,0.475,101
3.0,0.125,54,0.926,7.1931,388.43,OB,2h,validation,0.475,101
3.0,0.167,54,0.852,8.1982,442.7,OB,2h,validation,0.475,101
3.0,0.25,54,0.852,8.4523,456.43,OB,2h,validation,0.475,101
3.0,0.5,54,0.796,8.4105,454.17,OB,2h,validation,0.475,101
3.0,1.0,54,0.704,6.7211,362.94,OB,2h,validation,0.475,101
4.0,0.083,54,0.852,4.1896,226.24,OB,2h,validation,0.475,101
4.0,0.125,54,0.926,7.1931,388.43,OB,2h,validation,0.475,101
4.0,0.167,54,0.852,8.4877,458.34,OB,2h,validation,0.475,101
4.0,0.25,54,0.833,7.9459,429.08,OB,2h,validation,0.475,101
4.0,0.5,54,0.778,8.2421,445.07,OB,2h,validation,0.475,101
4.0,1.0,54,0.667,7.0681,381.68,OB,2h,validation,0.475,101
5.0,0.083,54,0.852,4.1896,226.24,OB,2h,validation,0.475,101
5.0,0.125,54,0.926,7.1931,388.43,OB,2h,validation,0.475,101
5.0,0.167,54,0.852,8.8714,479.06,OB,2h,validation,0.475,101
5.0,0.25,54,0.833,8.7927,474.81,OB,2h,validation,0.475,101
5.0,0.5,54,0.778,9.4324,509.35,OB,2h,validation,0.475,101
5.0,1.0,54,0.667,8.5514,461.78,OB,2h,validation,0.475,101
7.0,0.083,54,0.852,4.1896,226.24,OB,2h,validation,0.475,101
7.0,0.125,54,0.926,7.1931,388.43,OB,2h,validation,0.475,101
7.0,0.167,54,0.833,9.2278,498.3,OB,2h,validation,0.475,101
7.0,0.25,54,0.815,9.4998,512.99,OB,2h,validation,0.475,101
7.0,0.5,54,0.722,9.8734,533.16,OB,2h,validation,0.475,101
7.0,1.0,54,0.63,9.3434,504.54,OB,2h,validation,0.475,101
10.0,0.083,54,0.852,4.1896,226.24,OB,2h,validation,0.475,101
10.0,0.125,54,0.926,7.1931,388.43,OB,2h,validation,0.475,101
10.0,0.167,54,0.833,9.253,499.66,OB,2h,validation,0.475,101
10.0,0.25,54,0.815,9.6561,521.43,OB,2h,validation,0.475,101
10.0,0.5,54,0.722,10.5574,570.1,OB,2h,validation,0.475,101
10.0,1.0,54,0.611,9.5348,514.88,OB,2h,validation,0.475,101
2.0,0.083,55,0.836,4.1626,228.94,OB,2h,validation,0.5,101
2.0,0.125,55,0.909,7.128,392.04,OB,2h,validation,0.5,101
2.0,0.167,55,0.836,7.5016,412.59,OB,2h,validation,0.5,101
2.0,0.25,55,0.836,7.3351,403.43,OB,2h,validation,0.5,101
2.0,0.5,55,0.782,6.6277,364.53,OB,2h,validation,0.5,101
2.0,1.0,55,0.691,4.8268,265.48,OB,2h,validation,0.5,101
3.0,0.083,55,0.836,4.1626,228.94,OB,2h,validation,0.5,101
3.0,0.125,55,0.909,7.128,392.04,OB,2h,validation,0.5,101
3.0,0.167,55,0.836,7.8765,433.21,OB,2h,validation,0.5,101
3.0,0.25,55,0.836,8.1377,447.57,OB,2h,validation,0.5,101
3.0,0.5,55,0.8,7.9822,439.02,OB,2h,validation,0.5,101
3.0,1.0,55,0.709,6.3417,348.79,OB,2h,validation,0.5,101
4.0,0.083,55,0.836,4.1626,228.94,OB,2h,validation,0.5,101
4.0,0.125,55,0.909,7.128,392.04,OB,2h,validation,0.5,101
4.0,0.167,55,0.836,8.2273,452.5,OB,2h,validation,0.5,101
4.0,0.25,55,0.818,7.5723,416.47,OB,2h,validation,0.5,101
4.0,0.5,55,0.764,7.6985,423.42,OB,2h,validation,0.5,101
4.0,1.0,55,0.655,6.5359,359.48,OB,2h,validation,0.5,101
5.0,0.083,55,0.836,4.1626,228.94,OB,2h,validation,0.5,101
5.0,0.125,55,0.909,7.128,392.04,OB,2h,validation,0.5,101
5.0,0.167,55,0.836,8.5106,468.08,OB,2h,validation,0.5,101
5.0,0.25,55,0.818,8.331,458.21,OB,2h,validation,0.5,101
5.0,0.5,55,0.764,8.8268,485.47,OB,2h,validation,0.5,101
5.0,1.0,55,0.655,7.9666,438.16,OB,2h,validation,0.5,101
7.0,0.083,55,0.836,4.1626,228.94,OB,2h,validation,0.5,101
7.0,0.125,55,0.909,7.128,392.04,OB,2h,validation,0.5,101
7.0,0.167,55,0.818,8.9502,492.26,OB,2h,validation,0.5,101
7.0,0.25,55,0.8,9.0859,499.72,OB,2h,validation,0.5,101
7.0,0.5,55,0.709,9.2901,510.96,OB,2h,validation,0.5,101
7.0,1.0,55,0.618,8.5216,468.69,OB,2h,validation,0.5,101
10.0,0.083,55,0.836,4.1626,228.94,OB,2h,validation,0.5,101
10.0,0.125,55,0.909,7.128,392.04,OB,2h,validation,0.5,101
10.0,0.167,55,0.818,8.9747,493.61,OB,2h,validation,0.5,101
10.0,0.25,55,0.8,9.2385,508.12,OB,2h,validation,0.5,101
10.0,0.5,55,0.709,9.9589,547.74,OB,2h,validation,0.5,101
10.0,1.0,55,0.6,8.9391,491.65,OB,2h,validation,0.5,101
2.0,0.083,55,0.855,4.2132,231.72,OB,2h,validation,0.525,101
2.0,0.125,55,0.927,7.5054,412.8,OB,2h,validation,0.525,101
2.0,0.167,55,0.891,7.8293,430.61,OB,2h,validation,0.525,101
2.0,0.25,55,0.855,7.6759,422.17,OB,2h,validation,0.525,101
2.0,0.5,55,0.8,6.9904,384.47,OB,2h,validation,0.525,101
2.0,1.0,55,0.745,5.1617,283.89,OB,2h,validation,0.525,101
3.0,0.083,55,0.855,4.2132,231.72,OB,2h,validation,0.525,101
3.0,0.125,55,0.927,7.5054,412.8,OB,2h,validation,0.525,101
3.0,0.167,55,0.891,8.0571,443.14,OB,2h,validation,0.525,101
3.0,0.25,55,0.855,8.1365,447.51,OB,2h,validation,0.525,101
3.0,0.5,55,0.818,7.7551,426.53,OB,2h,validation,0.525,101
3.0,1.0,55,0.745,6.1236,336.8,OB,2h,validation,0.525,101
4.0,0.083,55,0.855,4.2132,231.72,OB,2h,validation,0.525,101
4.0,0.125,55,0.927,7.5054,412.8,OB,2h,validation,0.525,101
4.0,0.167,55,0.891,8.4282,463.55,OB,2h,validation,0.525,101
4.0,0.25,55,0.836,7.892,434.06,OB,2h,validation,0.525,101
4.0,0.5,55,0.782,8.0911,445.01,OB,2h,validation,0.525,101
4.0,1.0,55,0.709,7.0145,385.8,OB,2h,validation,0.525,101
5.0,0.083,55,0.855,4.2132,231.72,OB,2h,validation,0.525,101
5.0,0.125,55,0.927,7.5054,412.8,OB,2h,validation,0.525,101
5.0,0.167,55,0.891,8.4414,464.28,OB,2h,validation,0.525,101
5.0,0.25,55,0.818,8.025,441.37,OB,2h,validation,0.525,101
5.0,0.5,55,0.764,8.0873,444.8,OB,2h,validation,0.525,101
5.0,1.0,55,0.673,6.9831,384.07,OB,2h,validation,0.525,101
7.0,0.083,55,0.855,4.2132,231.72,OB,2h,validation,0.525,101
7.0,0.125,55,0.927,7.5054,412.8,OB,2h,validation,0.525,101
7.0,0.167,55,0.873,9.0639,498.52,OB,2h,validation,0.525,101
7.0,0.25,55,0.8,9.1674,504.21,OB,2h,validation,0.525,101
7.0,0.5,55,0.709,9.3206,512.63,OB,2h,validation,0.525,101
7.0,1.0,55,0.636,8.483,466.57,OB,2h,validation,0.525,101
10.0,0.083,55,0.855,4.2132,231.72,OB,2h,validation,0.525,101
10.0,0.125,55,0.927,7.5054,412.8,OB,2h,validation,0.525,101
10.0,0.167,55,0.873,9.0882,499.85,OB,2h,validation,0.525,101
10.0,0.25,55,0.8,9.3199,512.59,OB,2h,validation,0.525,101
10.0,0.5,55,0.709,10.0307,551.69,OB,2h,validation,0.525,101
10.0,1.0,55,0.618,8.9033,489.68,OB,2h,validation,0.525,101
2.0,0.083,56,0.875,4.2177,236.19,OB,2h,validation,0.55,101
2.0,0.125,56,0.911,7.2592,406.52,OB,2h,validation,0.55,101
2.0,0.167,56,0.893,7.5315,421.76,OB,2h,validation,0.55,101
2.0,0.25,56,0.839,7.4189,415.46,OB,2h,validation,0.55,101
2.0,0.5,56,0.786,6.7104,375.78,OB,2h,validation,0.55,101
2.0,1.0,56,0.75,4.913,275.13,OB,2h,validation,0.55,101
3.0,0.083,56,0.875,4.2177,236.19,OB,2h,validation,0.55,101
3.0,0.125,56,0.911,7.2592,406.52,OB,2h,validation,0.55,101
3.0,0.167,56,0.893,7.7859,436.01,OB,2h,validation,0.55,101
3.0,0.25,56,0.839,7.8486,439.52,OB,2h,validation,0.55,101
3.0,0.5,56,0.804,7.3541,411.83,OB,2h,validation,0.55,101
3.0,1.0,56,0.75,5.8232,326.1,OB,2h,validation,0.55,101
4.0,0.083,56,0.875,4.2177,236.19,OB,2h,validation,0.55,101
4.0,0.125,56,0.911,7.2592,406.52,OB,2h,validation,0.55,101
4.0,0.167,56,0.893,8.1234,454.91,OB,2h,validation,0.55,101
4.0,0.25,56,0.821,7.544,422.46,OB,2h,validation,0.55,101
4.0,0.5,56,0.768,7.5004,420.02,OB,2h,validation,0.55,101
4.0,1.0,56,0.714,6.4079,358.84,OB,2h,validation,0.55,101
5.0,0.083,56,0.875,4.2177,236.19,OB,2h,validation,0.55,101
5.0,0.125,56,0.911,7.2592,406.52,OB,2h,validation,0.55,101
5.0,0.167,56,0.893,8.0783,452.38,OB,2h,validation,0.55,101
5.0,0.25,56,0.804,7.5572,423.21,OB,2h,validation,0.55,101
5.0,0.5,56,0.75,7.5351,421.97,OB,2h,validation,0.55,101
5.0,1.0,56,0.679,6.5663,367.71,OB,2h,validation,0.55,101
7.0,0.083,56,0.875,4.2177,236.19,OB,2h,validation,0.55,101
7.0,0.125,56,0.911,7.2592,406.52,OB,2h,validation,0.55,101
7.0,0.167,56,0.875,8.7549,490.27,OB,2h,validation,0.55,101
7.0,0.25,56,0.786,8.8041,493.03,OB,2h,validation,0.55,101
7.0,0.5,56,0.714,9.3848,525.55,OB,2h,validation,0.55,101
7.0,1.0,56,0.643,8.7182,488.22,OB,2h,validation,0.55,101
10.0,0.083,56,0.875,4.2177,236.19,OB,2h,validation,0.55,101
10.0,0.125,56,0.911,7.2592,406.52,OB,2h,validation,0.55,101
10.0,0.167,56,0.875,8.7889,492.18,OB,2h,validation,0.55,101
10.0,0.25,56,0.786,8.9955,503.75,OB,2h,validation,0.55,101
10.0,0.5,56,0.696,9.5663,535.71,OB,2h,validation,0.55,101
10.0,1.0,56,0.607,8.5215,477.2,OB,2h,validation,0.55,101
2.0,0.083,55,0.891,4.2893,235.91,OB,2h,validation,0.575,101
2.0,0.125,55,0.909,7.4618,410.4,OB,2h,validation,0.575,101
2.0,0.167,55,0.891,7.7701,427.36,OB,2h,validation,0.575,101
2.0,0.25,55,0.836,7.6892,422.91,OB,2h,validation,0.575,101
2.0,0.5,55,0.8,7.026,386.43,OB,2h,validation,0.575,101
2.0,1.0,55,0.764,5.2579,289.18,OB,2h,validation,0.575,101
3.0,0.083,55,0.891,4.2893,235.91,OB,2h,validation,0.575,101
3.0,0.125,55,0.909,7.4618,410.4,OB,2h,validation,0.575,101
3.0,0.167,55,0.891,7.8231,430.27,OB,2h,validation,0.575,101
3.0,0.25,55,0.836,7.8894,433.92,OB,2h,validation,0.575,101
3.0,0.5,55,0.8,7.5105,413.08,OB,2h,validation,0.575,101
3.0,1.0,55,0.745,6.0939,335.17,OB,2h,validation,0.575,101
4.0,0.083,55,0.891,4.2893,235.91,OB,2h,validation,0.575,101
4.0,0.125,55,0.909,7.4618,410.4,OB,2h,validation,0.575,101
4.0,0.167,55,0.873,7.3874,406.31,OB,2h,validation,0.575,101
4.0,0.25,55,0.818,7.6889,422.89,OB,2h,validation,0.575,101
4.0,0.5,55,0.782,7.5079,412.94,OB,2h,validation,0.575,101
4.0,1.0,55,0.727,6.327,347.98,OB,2h,validation,0.575,101
5.0,0.083,55,0.891,4.2893,235.91,OB,2h,validation,0.575,101
5.0,0.125,55,0.909,7.4618,410.4,OB,2h,validation,0.575,101
5.0,0.167,55,0.873,7.5685,416.27,OB,2h,validation,0.575,101
5.0,0.25,55,0.818,8.0091,440.5,OB,2h,validation,0.575,101
5.0,0.5,55,0.782,8.0991,445.45,OB,2h,validation,0.575,101
5.0,1.0,55,0.709,7.1815,394.98,OB,2h,validation,0.575,101
7.0,0.083,55,0.891,4.2893,235.91,OB,2h,validation,0.575,101
7.0,0.125,55,0.909,7.4618,410.4,OB,2h,validation,0.575,101
7.0,0.167,55,0.855,8.0612,443.37,OB,2h,validation,0.575,101
7.0,0.25,55,0.782,9.0194,496.07,OB,2h,validation,0.575,101
7.0,0.5,55,0.727,9.581,526.96,OB,2h,validation,0.575,101
7.0,1.0,55,0.655,8.7935,483.64,OB,2h,validation,0.575,101
10.0,0.083,55,0.891,4.2893,235.91,OB,2h,validation,0.575,101
10.0,0.125,55,0.909,7.4618,410.4,OB,2h,validation,0.575,101
10.0,0.167,55,0.855,8.0954,445.25,OB,2h,validation,0.575,101
10.0,0.25,55,0.782,9.2178,506.98,OB,2h,validation,0.575,101
10.0,0.5,55,0.709,9.8546,542.0,OB,2h,validation,0.575,101
10.0,1.0,55,0.618,8.8609,487.35,OB,2h,validation,0.575,101
2.0,0.083,55,0.873,4.1791,229.85,OB,2h,validation,0.6,101
2.0,0.125,55,0.891,7.1331,392.32,OB,2h,validation,0.6,101
2.0,0.167,55,0.873,7.5679,416.23,OB,2h,validation,0.6,101
2.0,0.25,55,0.818,7.4582,410.2,OB,2h,validation,0.6,101
2.0,0.5,55,0.782,6.8005,374.03,OB,2h,validation,0.6,101
2.0,1.0,55,0.745,5.0681,278.75,OB,2h,validation,0.6,101
3.0,0.083,55,0.873,4.1791,229.85,OB,2h,validation,0.6,101
3.0,0.125,55,0.891,7.1331,392.32,OB,2h,validation,0.6,101
3.0,0.167,55,0.873,7.5716,416.44,OB,2h,validation,0.6,101
3.0,0.25,55,0.818,7.653,420.91,OB,2h,validation,0.6,101
3.0,0.5,55,0.782,7.2933,401.13,OB,2h,validation,0.6,101
3.0,1.0,55,0.727,5.7623,316.93,OB,2h,validation,0.6,101
4.0,0.083,55,0.873,4.1791,229.85,OB,2h,validation,0.6,101
4.0,0.125,55,0.891,7.1331,392.32,OB,2h,validation,0.6,101
4.0,0.167,55,0.855,7.1108,391.09,OB,2h,validation,0.6,101
4.0,0.25,55,0.8,7.3888,406.39,OB,2h,validation,0.6,101
4.0,0.5,55,0.764,7.3385,403.62,OB,2h,validation,0.6,101
4.0,1.0,55,0.709,6.1011,335.56,OB,2h,validation,0.6,101
5.0,0.083,55,0.873,4.1791,229.85,OB,2h,validation,0.6,101
5.0,0.125,55,0.891,7.1331,392.32,OB,2h,validation,0.6,101
5.0,0.167,55,0.855,7.275,400.12,OB,2h,validation,0.6,101
5.0,0.25,55,0.8,7.6609,421.35,OB,2h,validation,0.6,101
5.0,0.5,55,0.764,7.632,419.76,OB,2h,validation,0.6,101
5.0,1.0,55,0.691,6.6609,366.35,OB,2h,validation,0.6,101
7.0,0.083,55,0.873,4.1791,229.85,OB,2h,validation,0.6,101
7.0,0.125,55,0.891,7.1331,392.32,OB,2h,validation,0.6,101
7.0,0.167,55,0.836,7.7058,423.82,OB,2h,validation,0.6,101
7.0,0.25,55,0.764,8.5129,468.21,OB,2h,validation,0.6,101
7.0,0.5,55,0.709,9.1663,504.15,OB,2h,validation,0.6,101
7.0,1.0,55,0.655,8.4971,467.34,OB,2h,validation,0.6,101
10.0,0.083,55,0.873,4.1791,229.85,OB,2h,validation,0.6,101
10.0,0.125,55,0.891,7.1331,392.32,OB,2h,validation,0.6,101
10.0,0.167,55,0.836,7.8154,429.85,OB,2h,validation,0.6,101
10.0,0.25,55,0.764,8.8908,488.99,OB,2h,validation,0.6,101
10.0,0.5,55,0.691,9.4163,517.9,OB,2h,validation,0.6,101
10.0,1.0,55,0.618,9.2437,508.4,OB,2h,validation,0.6,101
2.0,0.083,54,0.889,4.1888,226.2,OB,2h,validation,0.625,101
2.0,0.125,54,0.889,7.1438,385.76,OB,2h,validation,0.625,101
2.0,0.167,54,0.87,7.5469,407.53,OB,2h,validation,0.625,101
2.0,0.25,54,0.815,7.3958,399.37,OB,2h,validation,0.625,101
2.0,0.5,54,0.796,6.6541,359.32,OB,2h,validation,0.625,101
2.0,1.0,54,0.741,4.8459,261.68,OB,2h,validation,0.625,101
3.0,0.083,54,0.889,4.1888,226.2,OB,2h,validation,0.625,101
3.0,0.125,54,0.889,7.1438,385.76,OB,2h,validation,0.625,101
3.0,0.167,54,0.87,7.5501,407.7,OB,2h,validation,0.625,101
3.0,0.25,54,0.815,7.5866,409.67,OB,2h,validation,0.625,101
3.0,0.5,54,0.796,7.1151,384.21,OB,2h,validation,0.625,101
3.0,1.0,54,0.722,5.3182,287.18,OB,2h,validation,0.625,101
4.0,0.083,54,0.889,4.1888,226.2,OB,2h,validation,0.625,101
4.0,0.125,54,0.889,7.1438,385.76,OB,2h,validation,0.625,101
4.0,0.167,54,0.87,7.7882,420.56,OB,2h,validation,0.625,101
4.0,0.25,54,0.815,7.9693,430.34,OB,2h,validation,0.625,101
4.0,0.5,54,0.796,7.7665,419.39,OB,2h,validation,0.625,101
4.0,1.0,54,0.722,6.3291,341.77,OB,2h,validation,0.625,101
5.0,0.083,54,0.889,4.1888,226.2,OB,2h,validation,0.625,101
5.0,0.125,54,0.889,7.1438,385.76,OB,2h,validation,0.625,101
5.0,0.167,54,0.852,7.2439,391.17,OB,2h,validation,0.625,101
5.0,0.25,54,0.796,7.5907,409.9,OB,2h,validation,0.625,101
5.0,0.5,54,0.778,7.4779,403.81,OB,2h,validation,0.625,101
5.0,1.0,54,0.685,6.4411,347.82,OB,2h,validation,0.625,101
7.0,0.083,54,0.889,4.1888,226.2,OB,2h,validation,0.625,101
7.0,0.125,54,0.889,7.1438,385.76,OB,2h,validation,0.625,101
7.0,0.167,54,0.833,7.6835,414.91,OB,2h,validation,0.625,101
7.0,0.25,54,0.759,8.4514,456.38,OB,2h,validation,0.625,101
7.0,0.5,54,0.722,8.8793,479.48,OB,2h,validation,0.625,101
7.0,1.0,54,0.648,8.0095,432.52,OB,2h,validation,0.625,101
10.0,0.083,54,0.889,4.1888,226.2,OB,2h,validation,0.625,101
10.0,0.125,54,0.889,7.1438,385.76,OB,2h,validation,0.625,101
10.0,0.167,54,0.833,7.7941,420.88,OB,2h,validation,0.625,101
10.0,0.25,54,0.759,8.8337,477.02,OB,2h,validation,0.625,101
10.0,0.5,54,0.704,9.0688,489.72,OB,2h,validation,0.625,101
10.0,1.0,54,0.611,8.631,466.07,OB,2h,validation,0.625,101
2.0,0.083,54,0.87,4.18,225.72,OB,2h,validation,0.65,101
2.0,0.125,54,0.889,7.2969,394.03,OB,2h,validation,0.65,101
2.0,0.167,54,0.87,7.6311,412.08,OB,2h,validation,0.65,101
2.0,0.25,54,0.833,7.5456,407.46,OB,2h,validation,0.65,101
2.0,0.5,54,0.815,6.7615,365.12,OB,2h,validation,0.65,101
2.0,1.0,54,0.778,5.2644,284.28,OB,2h,validation,0.65,101
3.0,0.083,54,0.87,4.18,225.72,OB,2h,validation,0.65,101
3.0,0.125,54,0.889,7.2969,394.03,OB,2h,validation,0.65,101
3.0,0.167,54,0.87,7.7735,419.77,OB,2h,validation,0.65,101
3.0,0.25,54,0.833,7.9189,427.62,OB,2h,validation,0.65,101
3.0,0.5,54,0.815,7.4159,400.46,OB,2h,validation,0.65,101
3.0,1.0,54,0.759,5.6426,304.7,OB,2h,validation,0.65,101
4.0,0.083,54,0.87,4.18,225.72,OB,2h,validation,0.65,101
4.0,0.125,54,0.889,7.2969,394.03,OB,2h,validation,0.65,101
4.0,0.167,54,0.87,7.9568,429.67,OB,2h,validation,0.65,101
4.0,0.25,54,0.833,8.1552,440.38,OB,2h,validation,0.65,101
4.0,0.5,54,0.815,7.7835,420.31,OB,2h,validation,0.65,101
4.0,1.0,54,0.759,6.2766,338.94,OB,2h,validation,0.65,101
5.0,0.083,54,0.87,4.18,225.72,OB,2h,validation,0.65,101
5.0,0.125,54,0.889,7.2969,394.03,OB,2h,validation,0.65,101
5.0,0.167,54,0.852,7.4462,402.09,OB,2h,validation,0.65,101
5.0,0.25,54,0.815,7.7166,416.7,OB,2h,validation,0.65,101
5.0,0.5,54,0.796,7.7519,418.61,OB,2h,validation,0.65,101
5.0,1.0,54,0.722,6.7599,365.03,OB,2h,validation,0.65,101
7.0,0.083,54,0.87,4.18,225.72,OB,2h,validation,0.65,101
7.0,0.125,54,0.889,7.2969,394.03,OB,2h,validation,0.65,101
7.0,0.167,54,0.833,7.8129,421.89,OB,2h,validation,0.65,101
7.0,0.25,54,0.778,8.7804,474.14,OB,2h,validation,0.65,101
7.0,0.5,54,0.759,9.4175,508.55,OB,2h,validation,0.65,101
7.0,1.0,54,0.704,8.5427,461.3,OB,2h,validation,0.65,101
10.0,0.083,54,0.87,4.18,225.72,OB,2h,validation,0.65,101
10.0,0.125,54,0.889,7.2969,394.03,OB,2h,validation,0.65,101
10.0,0.167,54,0.833,8.0064,432.35,OB,2h,validation,0.65,101
10.0,0.25,54,0.778,9.3384,504.27,OB,2h,validation,0.65,101
10.0,0.5,54,0.741,9.8619,532.54,OB,2h,validation,0.65,101
10.0,1.0,54,0.667,9.4279,509.11,OB,2h,validation,0.65,101
2.0,0.083,55,0.855,4.1339,227.36,OB,2h,validation,0.675,101
2.0,0.125,55,0.873,7.2872,400.8,OB,2h,validation,0.675,101
2.0,0.167,55,0.873,7.6749,422.12,OB,2h,validation,0.675,101
2.0,0.25,55,0.818,7.646,420.53,OB,2h,validation,0.675,101
2.0,0.5,55,0.8,6.8465,376.55,OB,2h,validation,0.675,101
2.0,1.0,55,0.764,5.2845,290.65,OB,2h,validation,0.675,101
3.0,0.083,55,0.855,4.1339,227.36,OB,2h,validation,0.675,101
3.0,0.125,55,0.873,7.2872,400.8,OB,2h,validation,0.675,101
3.0,0.167,55,0.873,7.8093,429.51,OB,2h,validation,0.675,101
3.0,0.25,55,0.818,8.0112,440.62,OB,2h,validation,0.675,101
3.0,0.5,55,0.8,7.5053,412.79,OB,2h,validation,0.675,101
3.0,1.0,55,0.745,5.7034,313.69,OB,2h,validation,0.675,101
4.0,0.083,55,0.855,4.1339,227.36,OB,2h,validation,0.675,101
4.0,0.125,55,0.873,7.2872,400.8,OB,2h,validation,0.675,101
4.0,0.167,55,0.873,7.8805,433.43,OB,2h,validation,0.675,101
4.0,0.25,55,0.818,8.1808,449.94,OB,2h,validation,0.675,101
4.0,0.5,55,0.8,8.0362,441.99,OB,2h,validation,0.675,101
4.0,1.0,55,0.745,6.5445,359.95,OB,2h,validation,0.675,101
5.0,0.083,55,0.855,4.1339,227.36,OB,2h,validation,0.675,101
5.0,0.125,55,0.873,7.2872,400.8,OB,2h,validation,0.675,101
5.0,0.167,55,0.855,7.4872,411.8,OB,2h,validation,0.675,101
5.0,0.25,55,0.8,7.8241,430.32,OB,2h,validation,0.675,101
5.0,0.5,55,0.782,8.0334,441.84,OB,2h,validation,0.675,101
5.0,1.0,55,0.709,7.0964,390.3,OB,2h,validation,0.675,101
7.0,0.083,55,0.855,4.1339,227.36,OB,2h,validation,0.675,101
7.0,0.125,55,0.873,7.2872,400.8,OB,2h,validation,0.675,101
7.0,0.167,55,0.855,8.1068,445.88,OB,2h,validation,0.675,101
7.0,0.25,55,0.782,9.1333,502.33,OB,2h,validation,0.675,101
7.0,0.5,55,0.764,9.7809,537.95,OB,2h,validation,0.675,101
7.0,1.0,55,0.709,8.9167,490.42,OB,2h,validation,0.675,101
10.0,0.083,55,0.855,4.1339,227.36,OB,2h,validation,0.675,101
10.0,0.125,55,0.873,7.2872,400.8,OB,2h,validation,0.675,101
10.0,0.167,55,0.836,8.0362,441.99,OB,2h,validation,0.675,101
10.0,0.25,55,0.764,9.4041,517.23,OB,2h,validation,0.675,101
10.0,0.5,55,0.727,10.0702,553.86,OB,2h,validation,0.675,101
10.0,1.0,55,0.655,9.6621,531.42,OB,2h,validation,0.675,101
2.0,0.083,53,0.83,3.9493,209.31,OB,2h,validation,0.7,101
2.0,0.125,53,0.868,7.1748,380.26,OB,2h,validation,0.7,101
2.0,0.167,53,0.868,7.3251,388.23,OB,2h,validation,0.7,101
2.0,0.25,53,0.811,6.9903,370.49,OB,2h,validation,0.7,101
2.0,0.5,53,0.792,5.9299,314.28,OB,2h,validation,0.7,101
2.0,1.0,53,0.755,4.2587,225.71,OB,2h,validation,0.7,101
3.0,0.083,53,0.83,3.9493,209.31,OB,2h,validation,0.7,101
3.0,0.125,53,0.868,7.1748,380.26,OB,2h,validation,0.7,101
3.0,0.167,53,0.868,7.6452,405.2,OB,2h,validation,0.7,101
3.0,0.25,53,0.811,7.7843,412.57,OB,2h,validation,0.7,101
3.0,0.5,53,0.792,7.1159,377.14,OB,2h,validation,0.7,101
3.0,1.0,53,0.736,5.2273,277.05,OB,2h,validation,0.7,101
4.0,0.083,53,0.83,3.9493,209.31,OB,2h,validation,0.7,101
4.0,0.125,53,0.868,7.1748,380.26,OB,2h,validation,0.7,101
4.0,0.167,53,0.868,7.715,408.89,OB,2h,validation,0.7,101
4.0,0.25,53,0.811,7.9642,422.1,OB,2h,validation,0.7,101
4.0,0.5,53,0.792,7.7584,411.2,OB,2h,validation,0.7,101
4.0,1.0,53,0.736,6.2417,330.81,OB,2h,validation,0.7,101
5.0,0.083,53,0.83,3.9493,209.31,OB,2h,validation,0.7,101
5.0,0.125,53,0.868,7.1748,380.26,OB,2h,validation,0.7,101
5.0,0.167,53,0.849,7.306,387.22,OB,2h,validation,0.7,101
5.0,0.25,53,0.792,7.5913,402.34,OB,2h,validation,0.7,101
5.0,0.5,53,0.774,7.7129,408.79,OB,2h,validation,0.7,101
5.0,1.0,53,0.698,6.3561,336.88,OB,2h,validation,0.7,101
7.0,0.083,53,0.83,3.9493,209.31,OB,2h,validation,0.7,101
7.0,0.125,53,0.868,7.1748,380.26,OB,2h,validation,0.7,101
7.0,0.167,53,0.849,7.9431,420.99,OB,2h,validation,0.7,101
7.0,0.25,53,0.774,8.933,473.45,OB,2h,validation,0.7,101
7.0,0.5,53,0.755,9.5585,506.6,OB,2h,validation,0.7,101
7.0,1.0,53,0.698,8.6933,460.74,OB,2h,validation,0.7,101
10.0,0.083,53,0.83,3.9493,209.31,OB,2h,validation,0.7,101
10.0,0.125,53,0.868,7.1748,380.26,OB,2h,validation,0.7,101
10.0,0.167,53,0.83,7.8613,416.65,OB,2h,validation,0.7,101
10.0,0.25,53,0.755,9.1547,485.2,OB,2h,validation,0.7,101
10.0,0.5,53,0.717,10.0779,534.13,OB,2h,validation,0.7,101
10.0,1.0,53,0.66,9.4076,498.6,OB,2h,validation,0.7,101
2.0,0.083,55,0.873,4.2885,235.87,OB,2h,holdout,0.3,97
2.0,0.125,55,0.727,2.9276,161.02,OB,2h,holdout,0.3,97
2.0,0.167,55,0.691,3.9525,217.39,OB,2h,holdout,0.3,97
2.0,0.25,55,0.709,5.1323,282.27,OB,2h,holdout,0.3,97
2.0,0.5,55,0.655,4.4841,246.62,OB,2h,holdout,0.3,97
2.0,1.0,55,0.582,3.1768,174.73,OB,2h,holdout,0.3,97
3.0,0.083,55,0.873,4.2885,235.87,OB,2h,holdout,0.3,97
3.0,0.125,55,0.727,2.9276,161.02,OB,2h,holdout,0.3,97
3.0,0.167,55,0.691,4.0431,222.37,OB,2h,holdout,0.3,97
3.0,0.25,55,0.709,5.2734,290.04,OB,2h,holdout,0.3,97
3.0,0.5,55,0.655,4.6619,256.41,OB,2h,holdout,0.3,97
3.0,1.0,55,0.564,2.5601,140.81,OB,2h,holdout,0.3,97
4.0,0.083,55,0.873,4.2885,235.87,OB,2h,holdout,0.3,97
4.0,0.125,55,0.727,2.9276,161.02,OB,2h,holdout,0.3,97
4.0,0.167,55,0.691,4.3815,240.98,OB,2h,holdout,0.3,97
4.0,0.25,55,0.709,5.6394,310.17,OB,2h,holdout,0.3,97
4.0,0.5,55,0.636,3.8955,214.25,OB,2h,holdout,0.3,97
4.0,1.0,55,0.527,1.6424,90.33,OB,2h,holdout,0.3,97
5.0,0.083,55,0.873,4.2885,235.87,OB,2h,holdout,0.3,97
5.0,0.125,55,0.727,2.9276,161.02,OB,2h,holdout,0.3,97
5.0,0.167,55,0.691,4.59,252.45,OB,2h,holdout,0.3,97
5.0,0.25,55,0.673,3.7339,205.36,OB,2h,holdout,0.3,97
5.0,0.5,55,0.618,2.2873,125.8,OB,2h,holdout,0.3,97
5.0,1.0,55,0.509,0.3921,21.56,OB,2h,holdout,0.3,97
7.0,0.083,55,0.873,4.2885,235.87,OB,2h,holdout,0.3,97
7.0,0.125,55,0.727,2.9276,161.02,OB,2h,holdout,0.3,97
7.0,0.167,55,0.691,4.6414,255.28,OB,2h,holdout,0.3,97
7.0,0.25,55,0.673,4.0019,220.1,OB,2h,holdout,0.3,97
7.0,0.5,55,0.618,2.7898,153.44,OB,2h,holdout,0.3,97
7.0,1.0,55,0.509,1.596,87.78,OB,2h,holdout,0.3,97
10.0,0.083,55,0.873,4.2885,235.87,OB,2h,holdout,0.3,97
10.0,0.125,55,0.727,2.9276,161.02,OB,2h,holdout,0.3,97
10.0,0.167,55,0.691,4.965,273.08,OB,2h,holdout,0.3,97
10.0,0.25,55,0.673,4.3479,239.13,OB,2h,holdout,0.3,97
10.0,0.5,55,0.618,3.5978,197.88,OB,2h,holdout,0.3,97
10.0,1.0,55,0.491,2.5103,138.07,OB,2h,holdout,0.3,97
2.0,0.083,56,0.857,4.3033,240.99,OB,2h,holdout,0.325,97
2.0,0.125,56,0.714,1.9357,108.4,OB,2h,holdout,0.325,97
2.0,0.167,56,0.679,2.886,161.62,OB,2h,holdout,0.325,97
2.0,0.25,56,0.696,4.0759,228.25,OB,2h,holdout,0.325,97
2.0,0.5,56,0.661,3.8643,216.4,OB,2h,holdout,0.325,97
2.0,1.0,56,0.571,1.6296,91.26,OB,2h,holdout,0.325,97
3.0,0.083,56,0.857,4.3033,240.99,OB,2h,holdout,0.325,97
3.0,0.125,56,0.714,1.9357,108.4,OB,2h,holdout,0.325,97
3.0,0.167,56,0.679,2.9729,166.48,OB,2h,holdout,0.325,97
3.0,0.25,56,0.696,4.2132,235.94,OB,2h,holdout,0.325,97
3.0,0.5,56,0.661,4.1788,234.02,OB,2h,holdout,0.325,97
3.0,1.0,56,0.554,1.1651,65.25,OB,2h,holdout,0.325,97
4.0,0.083,56,0.857,4.3033,240.99,OB,2h,holdout,0.325,97
4.0,0.125,56,0.714,1.9357,108.4,OB,2h,holdout,0.325,97
4.0,0.167,56,0.679,3.3089,185.3,OB,2h,holdout,0.325,97
4.0,0.25,56,0.696,4.571,255.97,OB,2h,holdout,0.325,97
4.0,0.5,56,0.643,3.4392,192.6,OB,2h,holdout,0.325,97
4.0,1.0,56,0.518,0.2731,15.29,OB,2h,holdout,0.325,97
5.0,0.083,56,0.857,4.3033,240.99,OB,2h,holdout,0.325,97
5.0,0.125,56,0.714,1.9357,108.4,OB,2h,holdout,0.325,97
5.0,0.167,56,0.679,3.5015,196.08,OB,2h,holdout,0.325,97
5.0,0.25,56,0.661,2.6928,150.8,OB,2h,holdout,0.325,97
5.0,0.5,56,0.607,1.8568,103.98,OB,2h,holdout,0.325,97
5.0,1.0,56,0.5,-0.9569,-53.59,OB,2h,holdout,0.325,97
7.0,0.083,56,0.857,4.3033,240.99,OB,2h,holdout,0.325,97
7.0,0.125,56,0.714,1.9357,108.4,OB,2h,holdout,0.325,97
7.0,0.167,56,0.679,3.57,199.92,OB,2h,holdout,0.325,97
7.0,0.25,56,0.661,2.9787,166.81,OB,2h,holdout,0.325,97
7.0,0.5,56,0.607,2.3516,131.69,OB,2h,holdout,0.325,97
7.0,1.0,56,0.5,0.1839,10.3,OB,2h,holdout,0.325,97
10.0,0.083,56,0.857,4.3033,240.99,OB,2h,holdout,0.325,97
10.0,0.125,56,0.714,1.9357,108.4,OB,2h,holdout,0.325,97
10.0,0.167,56,0.679,3.8867,217.66,OB,2h,holdout,0.325,97
10.0,0.25,56,0.661,3.3171,185.76,OB,2h,holdout,0.325,97
10.0,0.5,56,0.607,3.1507,176.44,OB,2h,holdout,0.325,97
10.0,1.0,56,0.482,1.1189,62.66,OB,2h,holdout,0.325,97
2.0,0.083,55,0.873,4.475,246.13,OB,2h,holdout,0.35,97
2.0,0.125,55,0.745,2.4038,132.21,OB,2h,holdout,0.35,97
2.0,0.167,55,0.691,3.2466,178.56,OB,2h,holdout,0.35,97
2.0,0.25,55,0.709,4.4553,245.04,OB,2h,holdout,0.35,97
2.0,0.5,55,0.673,4.3192,237.55,OB,2h,holdout,0.35,97
2.0,1.0,55,0.582,2.1092,116.01,OB,2h,holdout,0.35,97
3.0,0.083,55,0.873,4.475,246.13,OB,2h,holdout,0.35,97
3.0,0.125,55,0.745,2.4038,132.21,OB,2h,holdout,0.35,97
3.0,0.167,55,0.691,3.3329,183.31,OB,2h,holdout,0.35,97
3.0,0.25,55,0.709,4.5939,252.66,OB,2h,holdout,0.35,97
3.0,0.5,55,0.673,4.6564,256.1,OB,2h,holdout,0.35,97
3.0,1.0,55,0.564,1.6373,90.05,OB,2h,holdout,0.35,97
4.0,0.083,55,0.873,4.475,246.13,OB,2h,holdout,0.35,97
4.0,0.125,55,0.745,2.4038,132.21,OB,2h,holdout,0.35,97
4.0,0.167,55,0.691,3.5996,197.98,OB,2h,holdout,0.35,97
4.0,0.25,55,0.709,4.9099,270.04,OB,2h,holdout,0.35,97
4.0,0.5,55,0.655,3.9179,215.49,OB,2h,holdout,0.35,97
4.0,1.0,55,0.527,0.7599,41.79,OB,2h,holdout,0.35,97
5.0,0.083,55,0.873,4.475,246.13,OB,2h,holdout,0.35,97
5.0,0.125,55,0.745,2.4038,132.21,OB,2h,holdout,0.35,97
5.0,0.167,55,0.691,3.8871,213.79,OB,2h,holdout,0.35,97
5.0,0.25,55,0.673,3.0977,170.37,OB,2h,holdout,0.35,97
5.0,0.5,55,0.618,2.4405,134.23,OB,2h,holdout,0.35,97
5.0,1.0,55,0.509,-0.3109,-17.1,OB,2h,holdout,0.35,97
7.0,0.083,55,0.873,4.475,246.13,OB,2h,holdout,0.35,97
7.0,0.125,55,0.745,2.4038,132.21,OB,2h,holdout,0.35,97
7.0,0.167,55,0.691,3.9567,217.62,OB,2h,holdout,0.35,97
7.0,0.25,55,0.673,3.3616,184.89,OB,2h,holdout,0.35,97
7.0,0.5,55,0.618,2.7948,153.71,OB,2h,holdout,0.35,97
7.0,1.0,55,0.509,0.5972,32.85,OB,2h,holdout,0.35,97
10.0,0.083,55,0.873,4.475,246.13,OB,2h,holdout,0.35,97
10.0,0.125,55,0.745,2.4038,132.21,OB,2h,holdout,0.35,97
10.0,0.167,55,0.691,4.278,235.29,OB,2h,holdout,0.35,97
10.0,0.25,55,0.673,3.7048,203.76,OB,2h,holdout,0.35,97
10.0,0.5,55,0.618,3.6059,198.32,OB,2h,holdout,0.35,97
10.0,1.0,55,0.491,1.5472,85.1,OB,2h,holdout,0.35,97
2.0,0.083,54,0.852,4.4239,238.89,OB,2h,holdout,0.375,97
2.0,0.125,54,0.741,2.4869,134.29,OB,2h,holdout,0.375,97
2.0,0.167,54,0.685,3.2708,176.62,OB,2h,holdout,0.375,97
2.0,0.25,54,0.704,4.4757,241.69,OB,2h,holdout,0.375,97
2.0,0.5,54,0.667,4.2655,230.34,OB,2h,holdout,0.375,97
2.0,1.0,54,0.574,2.2056,119.1,OB,2h,holdout,0.375,97
3.0,0.083,54,0.852,4.4239,238.89,OB,2h,holdout,0.375,97
3.0,0.125,54,0.741,2.4869,134.29,OB,2h,holdout,0.375,97
3.0,0.167,54,0.685,3.3567,181.26,OB,2h,holdout,0.375,97
3.0,0.25,54,0.704,4.5881,247.76,OB,2h,holdout,0.375,97
3.0,0.5,54,0.667,4.4476,240.17,OB,2h,holdout,0.375,97
3.0,1.0,54,0.556,1.3141,70.96,OB,2h,holdout,0.375,97
4.0,0.083,54,0.852,4.4239,238.89,OB,2h,holdout,0.375,97
4.0,0.125,54,0.741,2.4869,134.29,OB,2h,holdout,0.375,97
4.0,0.167,54,0.685,3.6278,195.9,OB,2h,holdout,0.375,97
4.0,0.25,54,0.704,4.9079,265.03,OB,2h,holdout,0.375,97
4.0,0.5,54,0.648,3.7393,201.92,OB,2h,holdout,0.375,97
4.0,1.0,54,0.519,0.6532,35.27,OB,2h,holdout,0.375,97
5.0,0.083,54,0.852,4.4239,238.89,OB,2h,holdout,0.375,97
5.0,0.125,54,0.741,2.4869,134.29,OB,2h,holdout,0.375,97
5.0,0.167,54,0.685,3.9234,211.86,OB,2h,holdout,0.375,97
5.0,0.25,54,0.667,3.056,165.03,OB,2h,holdout,0.375,97
5.0,0.5,54,0.611,2.0576,111.11,OB,2h,holdout,0.375,97
5.0,1.0,54,0.5,-0.8593,-46.4,OB,2h,holdout,0.375,97
7.0,0.083,54,0.852,4.4239,238.89,OB,2h,holdout,0.375,97
7.0,0.125,54,0.741,2.4869,134.29,OB,2h,holdout,0.375,97
7.0,0.167,54,0.685,3.9969,215.84,OB,2h,holdout,0.375,97
7.0,0.25,54,0.667,3.3482,180.8,OB,2h,holdout,0.375,97
7.0,0.5,54,0.611,2.6073,140.8,OB,2h,holdout,0.375,97
7.0,1.0,54,0.5,0.3323,17.94,OB,2h,holdout,0.375,97
10.0,0.083,54,0.852,4.4239,238.89,OB,2h,holdout,0.375,97
10.0,0.125,54,0.741,2.4869,134.29,OB,2h,holdout,0.375,97
10.0,0.167,54,0.685,4.3229,233.44,OB,2h,holdout,0.375,97
10.0,0.25,54,0.667,3.6963,199.6,OB,2h,holdout,0.375,97
10.0,0.5,54,0.611,3.4307,185.26,OB,2h,holdout,0.375,97
10.0,1.0,54,0.481,1.2562,67.84,OB,2h,holdout,0.375,97
2.0,0.083,53,0.868,4.6092,244.29,OB,2h,holdout,0.4,97
2.0,0.125,53,0.755,2.6579,140.87,OB,2h,holdout,0.4,97
2.0,0.167,53,0.698,3.48,184.44,OB,2h,holdout,0.4,97
2.0,0.25,53,0.717,4.6528,246.6,OB,2h,holdout,0.4,97
2.0,0.5,53,0.679,4.3593,231.04,OB,2h,holdout,0.4,97
2.0,1.0,53,0.585,2.1299,112.88,OB,2h,holdout,0.4,97
3.0,0.083,53,0.868,4.6092,244.29,OB,2h,holdout,0.4,97
3.0,0.125,53,0.755,2.6579,140.87,OB,2h,holdout,0.4,97
3.0,0.167,53,0.698,3.5655,188.97,OB,2h,holdout,0.4,97
3.0,0.25,53,0.717,4.8262,255.79,OB,2h,holdout,0.4,97
3.0,0.5,53,0.679,4.7255,250.45,OB,2h,holdout,0.4,97
3.0,1.0,53,0.566,1.5739,83.42,OB,2h,holdout,0.4,97
4.0,0.083,53,0.868,4.6092,244.29,OB,2h,holdout,0.4,97
4.0,0.125,53,0.755,2.6579,140.87,OB,2h,holdout,0.4,97
4.0,0.167,53,0.698,3.8402,203.53,OB,2h,holdout,0.4,97
4.0,0.25,53,0.717,5.1501,272.95,OB,2h,holdout,0.4,97
4.0,0.5,53,0.66,4.0255,213.35,OB,2h,holdout,0.4,97
4.0,1.0,53,0.528,0.9087,48.16,OB,2h,holdout,0.4,97
5.0,0.083,53,0.868,4.6092,244.29,OB,2h,holdout,0.4,97
5.0,0.125,53,0.755,2.6579,140.87,OB,2h,holdout,0.4,97
5.0,0.167,53,0.698,3.9554,209.64,OB,2h,holdout,0.4,97
5.0,0.25,53,0.698,4.1021,217.41,OB,2h,holdout,0.4,97
5.0,0.5,53,0.642,3.0528,161.8,OB,2h,holdout,0.4,97
5.0,1.0,53,0.509,0.1633,8.66,OB,2h,holdout,0.4,97
7.0,0.083,53,0.868,4.6092,244.29,OB,2h,holdout,0.4,97
7.0,0.125,53,0.755,2.6579,140.87,OB,2h,holdout,0.4,97
7.0,0.167,53,0.698,4.2215,223.74,OB,2h,holdout,0.4,97
7.0,0.25,53,0.679,3.5786,189.67,OB,2h,holdout,0.4,97
7.0,0.5,53,0.623,2.8794,152.61,OB,2h,holdout,0.4,97
7.0,1.0,53,0.509,0.4961,26.3,OB,2h,holdout,0.4,97
10.0,0.083,53,0.868,4.6092,244.29,OB,2h,holdout,0.4,97
10.0,0.125,53,0.755,2.6579,140.87,OB,2h,holdout,0.4,97
10.0,0.167,53,0.698,4.5523,241.27,OB,2h,holdout,0.4,97
10.0,0.25,53,0.679,3.9319,208.39,OB,2h,holdout,0.4,97
10.0,0.5,53,0.623,3.7156,196.93,OB,2h,holdout,0.4,97
10.0,1.0,53,0.491,1.5191,80.51,OB,2h,holdout,0.4,97
2.0,0.083,54,0.852,4.4426,239.9,OB,2h,holdout,0.425,97
2.0,0.125,54,0.759,2.8963,156.4,OB,2h,holdout,0.425,97
2.0,0.167,54,0.685,3.2755,176.88,OB,2h,holdout,0.425,97
2.0,0.25,54,0.704,4.1766,225.54,OB,2h,holdout,0.425,97
2.0,0.5,54,0.667,4.3083,232.65,OB,2h,holdout,0.425,97
2.0,1.0,54,0.593,2.1442,115.79,OB,2h,holdout,0.425,97
3.0,0.083,54,0.852,4.4426,239.9,OB,2h,holdout,0.425,97
3.0,0.125,54,0.759,2.8963,156.4,OB,2h,holdout,0.425,97
3.0,0.167,54,0.685,3.4863,188.26,OB,2h,holdout,0.425,97
3.0,0.25,54,0.704,4.4858,242.23,OB,2h,holdout,0.425,97
3.0,0.5,54,0.667,4.3707,236.02,OB,2h,holdout,0.425,97
3.0,1.0,54,0.556,1.1553,62.38,OB,2h,holdout,0.425,97
4.0,0.083,54,0.852,4.4426,239.9,OB,2h,holdout,0.425,97
4.0,0.125,54,0.759,2.8963,156.4,OB,2h,holdout,0.425,97
4.0,0.167,54,0.685,3.6926,199.4,OB,2h,holdout,0.425,97
4.0,0.25,54,0.704,4.8546,262.15,OB,2h,holdout,0.425,97
4.0,0.5,54,0.667,4.9181,265.58,OB,2h,holdout,0.425,97
4.0,1.0,54,0.556,1.8029,97.36,OB,2h,holdout,0.425,97
5.0,0.083,54,0.852,4.4426,239.9,OB,2h,holdout,0.425,97
5.0,0.125,54,0.759,2.8963,156.4,OB,2h,holdout,0.425,97
5.0,0.167,54,0.685,3.8657,208.75,OB,2h,holdout,0.425,97
5.0,0.25,54,0.704,4.9265,266.03,OB,2h,holdout,0.425,97
5.0,0.5,54,0.648,3.7469,202.33,OB,2h,holdout,0.425,97
5.0,1.0,54,0.519,0.4732,25.55,OB,2h,holdout,0.425,97
7.0,0.083,54,0.852,4.4426,239.9,OB,2h,holdout,0.425,97
7.0,0.125,54,0.759,2.8963,156.4,OB,2h,holdout,0.425,97
7.0,0.167,54,0.685,4.1326,223.16,OB,2h,holdout,0.425,97
7.0,0.25,54,0.667,3.2769,176.95,OB,2h,holdout,0.425,97
7.0,0.5,54,0.611,2.5214,136.15,OB,2h,holdout,0.425,97
7.0,1.0,54,0.5,-0.2402,-12.97,OB,2h,holdout,0.425,97
10.0,0.083,54,0.852,4.4426,239.9,OB,2h,holdout,0.425,97
10.0,0.125,54,0.759,2.8963,156.4,OB,2h,holdout,0.425,97
10.0,0.167,54,0.685,4.4562,240.63,OB,2h,holdout,0.425,97
10.0,0.25,54,0.667,3.6222,195.6,OB,2h,holdout,0.425,97
10.0,0.5,54,0.611,3.3395,180.33,OB,2h,holdout,0.425,97
10.0,1.0,54,0.481,0.754,40.72,OB,2h,holdout,0.425,97
2.0,0.083,52,0.846,4.6117,239.81,OB,2h,holdout,0.45,97
2.0,0.125,52,0.788,5.1869,269.72,OB,2h,holdout,0.45,97
2.0,0.167,52,0.731,5.6574,294.18,OB,2h,holdout,0.45,97
2.0,0.25,52,0.75,6.5304,339.58,OB,2h,holdout,0.45,97
2.0,0.5,52,0.731,6.6973,348.26,OB,2h,holdout,0.45,97
2.0,1.0,52,0.635,4.5058,234.3,OB,2h,holdout,0.45,97
3.0,0.083,52,0.846,4.6117,239.81,OB,2h,holdout,0.45,97
3.0,0.125,52,0.788,5.1869,269.72,OB,2h,holdout,0.45,97
3.0,0.167,52,0.731,6.1044,317.43,OB,2h,holdout,0.45,97
3.0,0.25,52,0.75,6.7671,351.89,OB,2h,holdout,0.45,97
3.0,0.5,52,0.712,6.6306,344.79,OB,2h,holdout,0.45,97
3.0,1.0,52,0.596,3.3401,173.69,OB,2h,holdout,0.45,97
4.0,0.083,52,0.846,4.6117,239.81,OB,2h,holdout,0.45,97
4.0,0.125,52,0.788,5.1869,269.72,OB,2h,holdout,0.45,97
4.0,0.167,52,0.731,6.326,328.95,OB,2h,holdout,0.45,97
4.0,0.25,52,0.75,7.131,370.81,OB,2h,holdout,0.45,97
4.0,0.5,52,0.712,7.1315,370.84,OB,2h,holdout,0.45,97
4.0,1.0,52,0.596,3.9122,203.44,OB,2h,holdout,0.45,97
5.0,0.083,52,0.846,4.6117,239.81,OB,2h,holdout,0.45,97
5.0,0.125,52,0.788,5.1869,269.72,OB,2h,holdout,0.45,97
5.0,0.167,52,0.731,6.4764,336.77,OB,2h,holdout,0.45,97
5.0,0.25,52,0.75,7.1615,372.4,OB,2h,holdout,0.45,97
5.0,0.5,52,0.692,5.8896,306.26,OB,2h,holdout,0.45,97
5.0,1.0,52,0.558,2.4762,128.76,OB,2h,holdout,0.45,97
7.0,0.083,52,0.846,4.6117,239.81,OB,2h,holdout,0.45,97
7.0,0.125,52,0.788,5.1869,269.72,OB,2h,holdout,0.45,97
7.0,0.167,52,0.731,6.7856,352.85,OB,2h,holdout,0.45,97
7.0,0.25,52,0.712,5.511,286.57,OB,2h,holdout,0.45,97
7.0,0.5,52,0.654,4.6664,242.65,OB,2h,holdout,0.45,97
7.0,1.0,52,0.538,1.7054,88.68,OB,2h,holdout,0.45,97
10.0,0.083,52,0.846,4.6117,239.81,OB,2h,holdout,0.45,97
10.0,0.125,52,0.788,5.1869,269.72,OB,2h,holdout,0.45,97
10.0,0.167,52,0.731,7.1203,370.26,OB,2h,holdout,0.45,97
10.0,0.25,52,0.712,5.8681,305.14,OB,2h,holdout,0.45,97
10.0,0.5,52,0.635,5.5134,286.7,OB,2h,holdout,0.45,97
10.0,1.0,52,0.519,2.8322,147.27,OB,2h,holdout,0.45,97
2.0,0.083,51,0.863,4.5964,234.42,OB,2h,holdout,0.475,97
2.0,0.125,51,0.804,6.6803,340.7,OB,2h,holdout,0.475,97
2.0,0.167,51,0.765,7.0327,358.67,OB,2h,holdout,0.475,97
2.0,0.25,51,0.765,7.7525,395.38,OB,2h,holdout,0.475,97
2.0,0.5,51,0.745,7.6112,388.17,OB,2h,holdout,0.475,97
2.0,1.0,51,0.627,5.2945,270.02,OB,2h,holdout,0.475,97
3.0,0.083,51,0.863,4.5964,234.42,OB,2h,holdout,0.475,97
3.0,0.125,51,0.804,6.6803,340.7,OB,2h,holdout,0.475,97
3.0,0.167,51,0.765,7.6034,387.77,OB,2h,holdout,0.475,97
3.0,0.25,51,0.765,8.1944,417.92,OB,2h,holdout,0.475,97
3.0,0.5,51,0.725,7.9852,407.24,OB,2h,holdout,0.475,97
3.0,1.0,51,0.627,5.319,271.27,OB,2h,holdout,0.475,97
4.0,0.083,51,0.863,4.5964,234.42,OB,2h,holdout,0.475,97
4.0,0.125,51,0.804,6.6803,340.7,OB,2h,holdout,0.475,97
4.0,0.167,51,0.765,7.8277,399.21,OB,2h,holdout,0.475,97
4.0,0.25,51,0.765,8.5642,436.78,OB,2h,holdout,0.475,97
4.0,0.5,51,0.725,8.4952,433.25,OB,2h,holdout,0.475,97
4.0,1.0,51,0.608,5.1908,264.73,OB,2h,holdout,0.475,97
5.0,0.083,51,0.863,4.5964,234.42,OB,2h,holdout,0.475,97
5.0,0.125,51,0.804,6.6803,340.7,OB,2h,holdout,0.475,97
5.0,0.167,51,0.765,7.9711,406.52,OB,2h,holdout,0.475,97
5.0,0.25,51,0.765,8.5606,436.59,OB,2h,holdout,0.475,97
5.0,0.5,51,0.706,7.1781,366.08,OB,2h,holdout,0.475,97
5.0,1.0,51,0.569,3.679,187.63,OB,2h,holdout,0.475,97
7.0,0.083,51,0.863,4.5964,234.42,OB,2h,holdout,0.475,97
7.0,0.125,51,0.804,6.6803,340.7,OB,2h,holdout,0.475,97
7.0,0.167,51,0.765,8.3134,423.98,OB,2h,holdout,0.475,97
7.0,0.25,51,0.725,6.9637,355.15,OB,2h,holdout,0.475,97
7.0,0.5,51,0.667,6.0518,308.64,OB,2h,holdout,0.475,97
7.0,1.0,51,0.549,2.949,150.4,OB,2h,holdout,0.475,97
10.0,0.083,51,0.863,4.5964,234.42,OB,2h,holdout,0.475,97
10.0,0.125,51,0.804,6.6803,340.7,OB,2h,holdout,0.475,97
10.0,0.167,51,0.765,8.6534,441.32,OB,2h,holdout,0.475,97
10.0,0.25,51,0.725,7.3264,373.65,OB,2h,holdout,0.475,97
10.0,0.5,51,0.647,6.9216,353.0,OB,2h,holdout,0.475,97
10.0,1.0,51,0.529,4.169,212.62,OB,2h,holdout,0.475,97
2.0,0.083,51,0.843,4.6201,235.63,OB,2h,holdout,0.5,97
2.0,0.125,51,0.784,6.4461,328.75,OB,2h,holdout,0.5,97
2.0,0.167,51,0.765,6.8589,349.8,OB,2h,holdout,0.5,97
2.0,0.25,51,0.745,7.4735,381.15,OB,2h,holdout,0.5,97
2.0,0.5,51,0.745,6.8892,351.35,OB,2h,holdout,0.5,97
2.0,1.0,51,0.627,5.6033,285.77,OB,2h,holdout,0.5,97
3.0,0.083,51,0.843,4.6201,235.63,OB,2h,holdout,0.5,97
3.0,0.125,51,0.784,6.4461,328.75,OB,2h,holdout,0.5,97
3.0,0.167,51,0.765,7.335,374.09,OB,2h,holdout,0.5,97
3.0,0.25,51,0.745,7.8279,399.22,OB,2h,holdout,0.5,97
3.0,0.5,51,0.706,6.3708,324.91,OB,2h,holdout,0.5,97
3.0,1.0,51,0.608,4.3263,220.64,OB,2h,holdout,0.5,97
4.0,0.083,51,0.843,4.6201,235.63,OB,2h,holdout,0.5,97
4.0,0.125,51,0.784,6.4461,328.75,OB,2h,holdout,0.5,97
4.0,0.167,51,0.765,7.67,391.17,OB,2h,holdout,0.5,97
4.0,0.25,51,0.745,8.4508,430.99,OB,2h,holdout,0.5,97
4.0,0.5,51,0.706,6.8065,347.13,OB,2h,holdout,0.5,97
4.0,1.0,51,0.588,3.6183,184.53,OB,2h,holdout,0.5,97
5.0,0.083,51,0.843,4.6201,235.63,OB,2h,holdout,0.5,97
5.0,0.125,51,0.784,6.4461,328.75,OB,2h,holdout,0.5,97
5.0,0.167,51,0.765,7.8115,398.39,OB,2h,holdout,0.5,97
5.0,0.25,51,0.745,8.477,432.33,OB,2h,holdout,0.5,97
5.0,0.5,51,0.686,5.6339,287.33,OB,2h,holdout,0.5,97
5.0,1.0,51,0.549,2.2762,116.09,OB,2h,holdout,0.5,97
7.0,0.083,51,0.843,4.6201,235.63,OB,2h,holdout,0.5,97
7.0,0.125,51,0.784,6.4461,328.75,OB,2h,holdout,0.5,97
7.0,0.167,51,0.765,8.1349,414.88,OB,2h,holdout,0.5,97
7.0,0.25,51,0.706,6.8401,348.84,OB,2h,holdout,0.5,97
7.0,0.5,51,0.647,4.3558,222.14,OB,2h,holdout,0.5,97
7.0,1.0,51,0.529,1.2373,63.1,OB,2h,holdout,0.5,97
10.0,0.083,51,0.843,4.6201,235.63,OB,2h,holdout,0.5,97
10.0,0.125,51,0.784,6.4461,328.75,OB,2h,holdout,0.5,97
10.0,0.167,51,0.765,8.4737,432.16,OB,2h,holdout,0.5,97
10.0,0.25,51,0.706,7.2007,367.23,OB,2h,holdout,0.5,97
10.0,0.5,51,0.627,5.1678,263.56,OB,2h,holdout,0.5,97
10.0,1.0,51,0.51,2.2648,115.51,OB,2h,holdout,0.5,97
2.0,0.083,52,0.846,4.6252,240.51,OB,2h,holdout,0.525,97
2.0,0.125,52,0.788,6.5284,339.47,OB,2h,holdout,0.525,97
2.0,0.167,52,0.769,6.8924,358.41,OB,2h,holdout,0.525,97
2.0,0.25,52,0.731,7.4163,385.65,OB,2h,holdout,0.525,97
2.0,0.5,52,0.75,7.2326,376.1,OB,2h,holdout,0.525,97
2.0,1.0,52,0.635,6.0043,312.22,OB,2h,holdout,0.525,97
3.0,0.083,52,0.846,4.6252,240.51,OB,2h,holdout,0.525,97
3.0,0.125,52,0.788,6.5284,339.47,OB,2h,holdout,0.525,97
3.0,0.167,52,0.769,7.3472,382.05,OB,2h,holdout,0.525,97
3.0,0.25,52,0.731,7.7323,402.08,OB,2h,holdout,0.525,97
3.0,0.5,52,0.692,6.2663,325.85,OB,2h,holdout,0.525,97
3.0,1.0,52,0.596,4.2427,220.62,OB,2h,holdout,0.525,97
4.0,0.083,52,0.846,4.6252,240.51,OB,2h,holdout,0.525,97
4.0,0.125,52,0.788,6.5284,339.47,OB,2h,holdout,0.525,97
4.0,0.167,52,0.769,7.7469,402.84,OB,2h,holdout,0.525,97
4.0,0.25,52,0.731,8.4662,440.24,OB,2h,holdout,0.525,97
4.0,0.5,52,0.692,6.8586,356.65,OB,2h,holdout,0.525,97
4.0,1.0,52,0.577,3.8885,202.2,OB,2h,holdout,0.525,97
5.0,0.083,52,0.846,4.6252,240.51,OB,2h,holdout,0.525,97
5.0,0.125,52,0.788,6.5284,339.47,OB,2h,holdout,0.525,97
5.0,0.167,52,0.769,7.8838,409.96,OB,2h,holdout,0.525,97
5.0,0.25,52,0.731,8.4917,441.57,OB,2h,holdout,0.525,97
5.0,0.5,52,0.673,5.7239,297.64,OB,2h,holdout,0.525,97
5.0,1.0,52,0.538,2.4036,124.98,OB,2h,holdout,0.525,97
7.0,0.083,52,0.846,4.6252,240.51,OB,2h,holdout,0.525,97
7.0,0.125,52,0.788,6.5284,339.47,OB,2h,holdout,0.525,97
7.0,0.167,52,0.769,8.2141,427.13,OB,2h,holdout,0.525,97
7.0,0.25,52,0.692,6.9635,362.1,OB,2h,holdout,0.525,97
7.0,0.5,52,0.635,4.7059,244.71,OB,2h,holdout,0.525,97
7.0,1.0,52,0.519,1.881,97.81,OB,2h,holdout,0.525,97
10.0,0.083,52,0.846,4.6252,240.51,OB,2h,holdout,0.525,97
10.0,0.125,52,0.788,6.5284,339.47,OB,2h,holdout,0.525,97
10.0,0.167,52,0.769,8.5448,444.33,OB,2h,holdout,0.525,97
10.0,0.25,52,0.692,7.3104,380.14,OB,2h,holdout,0.525,97
10.0,0.5,52,0.615,5.4882,285.39,OB,2h,holdout,0.525,97
10.0,1.0,52,0.5,2.9131,151.48,OB,2h,holdout,0.525,97
2.0,0.083,52,0.827,4.4222,229.95,OB,2h,holdout,0.55,97
2.0,0.125,52,0.769,6.2667,325.87,OB,2h,holdout,0.55,97
2.0,0.167,52,0.75,6.7755,352.32,OB,2h,holdout,0.55,97
2.0,0.25,52,0.769,7.5725,393.77,OB,2h,holdout,0.55,97
2.0,0.5,52,0.731,7.0879,368.57,OB,2h,holdout,0.55,97
2.0,1.0,52,0.654,5.9819,311.06,OB,2h,holdout,0.55,97
3.0,0.083,52,0.827,4.4222,229.95,OB,2h,holdout,0.55,97
3.0,0.125,52,0.769,6.2667,325.87,OB,2h,holdout,0.55,97
3.0,0.167,52,0.75,7.305,379.86,OB,2h,holdout,0.55,97
3.0,0.25,52,0.769,8.0306,417.59,OB,2h,holdout,0.55,97
3.0,0.5,52,0.692,7.7481,402.9,OB,2h,holdout,0.55,97
3.0,1.0,52,0.635,7.0206,365.07,OB,2h,holdout,0.55,97
4.0,0.083,52,0.827,4.4222,229.95,OB,2h,holdout,0.55,97
4.0,0.125,52,0.769,6.2667,325.87,OB,2h,holdout,0.55,97
4.0,0.167,52,0.75,7.7034,400.58,OB,2h,holdout,0.55,97
4.0,0.25,52,0.769,8.7579,455.41,OB,2h,holdout,0.55,97
4.0,0.5,52,0.673,6.9177,359.72,OB,2h,holdout,0.55,97
4.0,1.0,52,0.596,5.3672,279.09,OB,2h,holdout,0.55,97
5.0,0.083,52,0.827,4.4222,229.95,OB,2h,holdout,0.55,97
5.0,0.125,52,0.769,6.2667,325.87,OB,2h,holdout,0.55,97
5.0,0.167,52,0.75,7.7894,405.05,OB,2h,holdout,0.55,97
5.0,0.25,52,0.769,8.8614,460.8,OB,2h,holdout,0.55,97
5.0,0.5,52,0.673,7.0678,367.53,OB,2h,holdout,0.55,97
5.0,1.0,52,0.596,5.3428,277.83,OB,2h,holdout,0.55,97
7.0,0.083,52,0.827,4.4222,229.95,OB,2h,holdout,0.55,97
7.0,0.125,52,0.769,6.2667,325.87,OB,2h,holdout,0.55,97
7.0,0.167,52,0.75,8.1461,423.6,OB,2h,holdout,0.55,97
7.0,0.25,52,0.731,7.2101,374.93,OB,2h,holdout,0.55,97
7.0,0.5,52,0.615,4.4957,233.78,OB,2h,holdout,0.55,97
7.0,1.0,52,0.538,2.4978,129.88,OB,2h,holdout,0.55,97
10.0,0.083,52,0.827,4.4222,229.95,OB,2h,holdout,0.55,97
10.0,0.125,52,0.769,6.2667,325.87,OB,2h,holdout,0.55,97
10.0,0.167,52,0.75,8.497,441.84,OB,2h,holdout,0.55,97
10.0,0.25,52,0.731,7.618,396.14,OB,2h,holdout,0.55,97
10.0,0.5,52,0.596,5.566,289.43,OB,2h,holdout,0.55,97
10.0,1.0,52,0.519,4.4006,228.83,OB,2h,holdout,0.55,97
2.0,0.083,53,0.811,4.2106,223.16,OB,2h,holdout,0.575,97
2.0,0.125,53,0.774,5.4136,286.92,OB,2h,holdout,0.575,97
2.0,0.167,53,0.755,5.8818,311.74,OB,2h,holdout,0.575,97
2.0,0.25,53,0.774,6.5091,344.98,OB,2h,holdout,0.575,97
2.0,0.5,53,0.736,5.93,314.29,OB,2h,holdout,0.575,97
2.0,1.0,53,0.66,4.8057,254.7,OB,2h,holdout,0.575,97
3.0,0.083,53,0.811,4.2106,223.16,OB,2h,holdout,0.575,97
3.0,0.125,53,0.774,5.4136,286.92,OB,2h,holdout,0.575,97
3.0,0.167,53,0.755,6.5749,348.47,OB,2h,holdout,0.575,97
3.0,0.25,53,0.774,7.2031,381.76,OB,2h,holdout,0.575,97
3.0,0.5,53,0.679,6.8263,361.79,OB,2h,holdout,0.575,97
3.0,1.0,53,0.642,6.014,318.74,OB,2h,holdout,0.575,97
4.0,0.083,53,0.811,4.2106,223.16,OB,2h,holdout,0.575,97
4.0,0.125,53,0.774,5.4136,286.92,OB,2h,holdout,0.575,97
4.0,0.167,53,0.755,6.7265,356.51,OB,2h,holdout,0.575,97
4.0,0.25,53,0.774,7.4968,397.33,OB,2h,holdout,0.575,97
4.0,0.5,53,0.66,5.8308,309.03,OB,2h,holdout,0.575,97
4.0,1.0,53,0.604,4.1548,220.2,OB,2h,holdout,0.575,97
5.0,0.083,53,0.811,4.2106,223.16,OB,2h,holdout,0.575,97
5.0,0.125,53,0.774,5.4136,286.92,OB,2h,holdout,0.575,97
5.0,0.167,53,0.755,7.0474,373.51,OB,2h,holdout,0.575,97
5.0,0.25,53,0.774,8.0517,426.74,OB,2h,holdout,0.575,97
5.0,0.5,53,0.66,6.3528,336.7,OB,2h,holdout,0.575,97
5.0,1.0,53,0.604,4.7031,249.27,OB,2h,holdout,0.575,97
7.0,0.083,53,0.811,4.2106,223.16,OB,2h,holdout,0.575,97
7.0,0.125,53,0.774,5.4136,286.92,OB,2h,holdout,0.575,97
7.0,0.167,53,0.755,7.3922,391.78,OB,2h,holdout,0.575,97
7.0,0.25,53,0.736,6.4325,340.92,OB,2h,holdout,0.575,97
7.0,0.5,53,0.604,3.8221,202.57,OB,2h,holdout,0.575,97
7.0,1.0,53,0.528,1.9235,101.94,OB,2h,holdout,0.575,97
10.0,0.083,53,0.811,4.2106,223.16,OB,2h,holdout,0.575,97
10.0,0.125,53,0.774,5.4136,286.92,OB,2h,holdout,0.575,97
10.0,0.167,53,0.755,7.7346,409.93,OB,2h,holdout,0.575,97
10.0,0.25,53,0.736,6.8304,362.01,OB,2h,holdout,0.575,97
10.0,0.5,53,0.585,4.8591,257.53,OB,2h,holdout,0.575,97
10.0,1.0,53,0.509,3.7482,198.66,OB,2h,holdout,0.575,97
2.0,0.083,54,0.759,3.9175,211.54,OB,2h,holdout,0.6,97
2.0,0.125,54,0.759,4.4891,242.41,OB,2h,holdout,0.6,97
2.0,0.167,54,0.759,4.8716,263.06,OB,2h,holdout,0.6,97
2.0,0.25,54,0.759,5.3461,288.69,OB,2h,holdout,0.6,97
2.0,0.5,54,0.741,4.7959,258.98,OB,2h,holdout,0.6,97
2.0,1.0,54,0.648,3.8133,205.92,OB,2h,holdout,0.6,97
3.0,0.083,54,0.759,3.9175,211.54,OB,2h,holdout,0.6,97
3.0,0.125,54,0.759,4.4891,242.41,OB,2h,holdout,0.6,97
3.0,0.167,54,0.759,5.8981,318.5,OB,2h,holdout,0.6,97
3.0,0.25,54,0.759,6.5565,354.05,OB,2h,holdout,0.6,97
3.0,0.5,54,0.685,6.2619,338.14,OB,2h,holdout,0.6,97
3.0,1.0,54,0.63,5.525,298.35,OB,2h,holdout,0.6,97
4.0,0.083,54,0.759,3.9175,211.54,OB,2h,holdout,0.6,97
4.0,0.125,54,0.759,4.4891,242.41,OB,2h,holdout,0.6,97
4.0,0.167,54,0.759,5.9683,322.29,OB,2h,holdout,0.6,97
4.0,0.25,54,0.759,6.7073,362.2,OB,2h,holdout,0.6,97
4.0,0.5,54,0.667,5.2008,280.84,OB,2h,holdout,0.6,97
4.0,1.0,54,0.593,3.506,189.32,OB,2h,holdout,0.6,97
5.0,0.083,54,0.759,3.9175,211.54,OB,2h,holdout,0.6,97
5.0,0.125,54,0.759,4.4891,242.41,OB,2h,holdout,0.6,97
5.0,0.167,54,0.759,6.2486,337.43,OB,2h,holdout,0.6,97
5.0,0.25,54,0.759,7.2568,391.87,OB,2h,holdout,0.6,97
5.0,0.5,54,0.667,5.7787,312.05,OB,2h,holdout,0.6,97
5.0,1.0,54,0.593,4.1595,224.61,OB,2h,holdout,0.6,97
7.0,0.083,54,0.759,3.9175,211.54,OB,2h,holdout,0.6,97
7.0,0.125,54,0.759,4.4891,242.41,OB,2h,holdout,0.6,97
7.0,0.167,54,0.759,6.5796,355.3,OB,2h,holdout,0.6,97
7.0,0.25,54,0.722,5.6621,305.75,OB,2h,holdout,0.6,97
7.0,0.5,54,0.611,3.2731,176.75,OB,2h,holdout,0.6,97
7.0,1.0,54,0.519,1.2837,69.32,OB,2h,holdout,0.6,97
10.0,0.083,54,0.759,3.9175,211.54,OB,2h,holdout,0.6,97
10.0,0.125,54,0.759,4.4891,242.41,OB,2h,holdout,0.6,97
10.0,0.167,54,0.759,6.9139,373.35,OB,2h,holdout,0.6,97
10.0,0.25,54,0.722,6.0522,326.82,OB,2h,holdout,0.6,97
10.0,0.5,54,0.593,4.3704,236.0,OB,2h,holdout,0.6,97
10.0,1.0,54,0.5,3.0333,163.8,OB,2h,holdout,0.6,97
2.0,0.083,54,0.815,4.0633,219.42,OB,2h,holdout,0.625,97
2.0,0.125,54,0.759,4.6469,250.93,OB,2h,holdout,0.625,97
2.0,0.167,54,0.759,5.0533,272.88,OB,2h,holdout,0.625,97
2.0,0.25,54,0.759,5.5112,297.61,OB,2h,holdout,0.625,97
2.0,0.5,54,0.741,4.9607,267.88,OB,2h,holdout,0.625,97
2.0,1.0,54,0.667,3.9891,215.41,OB,2h,holdout,0.625,97
3.0,0.083,54,0.815,4.0633,219.42,OB,2h,holdout,0.625,97
3.0,0.125,54,0.759,4.6469,250.93,OB,2h,holdout,0.625,97
3.0,0.167,54,0.759,6.0702,327.79,OB,2h,holdout,0.625,97
3.0,0.25,54,0.759,6.7117,362.43,OB,2h,holdout,0.625,97
3.0,0.5,54,0.685,6.4112,346.21,OB,2h,holdout,0.625,97
3.0,1.0,54,0.63,5.6889,307.2,OB,2h,holdout,0.625,97
4.0,0.083,54,0.815,4.0633,219.42,OB,2h,holdout,0.625,97
4.0,0.125,54,0.759,4.6469,250.93,OB,2h,holdout,0.625,97
4.0,0.167,54,0.759,6.1385,331.48,OB,2h,holdout,0.625,97
4.0,0.25,54,0.759,6.8598,370.43,OB,2h,holdout,0.625,97
4.0,0.5,54,0.667,5.3481,288.8,OB,2h,holdout,0.625,97
4.0,1.0,54,0.611,4.4328,239.37,OB,2h,holdout,0.625,97
5.0,0.083,54,0.815,4.0633,219.42,OB,2h,holdout,0.625,97
5.0,0.125,54,0.759,4.6469,250.93,OB,2h,holdout,0.625,97
5.0,0.167,54,0.759,6.4173,346.53,OB,2h,holdout,0.625,97
5.0,0.25,54,0.759,7.38,398.52,OB,2h,holdout,0.625,97
5.0,0.5,54,0.667,5.8088,313.67,OB,2h,holdout,0.625,97
5.0,1.0,54,0.611,4.1804,225.74,OB,2h,holdout,0.625,97
7.0,0.083,54,0.815,4.0633,219.42,OB,2h,holdout,0.625,97
7.0,0.125,54,0.759,4.6469,250.93,OB,2h,holdout,0.625,97
7.0,0.167,54,0.759,6.5402,353.17,OB,2h,holdout,0.625,97
7.0,0.25,54,0.759,7.6084,410.85,OB,2h,holdout,0.625,97
7.0,0.5,54,0.648,5.1176,276.35,OB,2h,holdout,0.625,97
7.0,1.0,54,0.593,3.2221,173.99,OB,2h,holdout,0.625,97
10.0,0.083,54,0.815,4.0633,219.42,OB,2h,holdout,0.625,97
10.0,0.125,54,0.759,4.6469,250.93,OB,2h,holdout,0.625,97
10.0,0.167,54,0.759,7.076,382.11,OB,2h,holdout,0.625,97
10.0,0.25,54,0.722,6.2178,335.76,OB,2h,holdout,0.625,97
10.0,0.5,54,0.593,4.5384,245.08,OB,2h,holdout,0.625,97
10.0,1.0,54,0.537,3.2,172.8,OB,2h,holdout,0.625,97
2.0,0.083,53,0.83,4.2308,224.23,OB,2h,holdout,0.65,97
2.0,0.125,53,0.774,5.7642,305.5,OB,2h,holdout,0.65,97
2.0,0.167,53,0.774,6.4221,340.37,OB,2h,holdout,0.65,97
2.0,0.25,53,0.774,6.7098,355.62,OB,2h,holdout,0.65,97
2.0,0.5,53,0.774,6.0393,320.08,OB,2h,holdout,0.65,97
2.0,1.0,53,0.679,4.9946,264.71,OB,2h,holdout,0.65,97
3.0,0.083,53,0.83,4.2308,224.23,OB,2h,holdout,0.65,97
3.0,0.125,53,0.774,5.7642,305.5,OB,2h,holdout,0.65,97
3.0,0.167,53,0.774,7.4475,394.72,OB,2h,holdout,0.65,97
3.0,0.25,53,0.774,7.907,419.07,OB,2h,holdout,0.65,97
3.0,0.5,53,0.717,7.3204,387.98,OB,2h,holdout,0.65,97
3.0,1.0,53,0.642,6.237,330.56,OB,2h,holdout,0.65,97
4.0,0.083,53,0.83,4.2308,224.23,OB,2h,holdout,0.65,97
4.0,0.125,53,0.774,5.7642,305.5,OB,2h,holdout,0.65,97
4.0,0.167,53,0.774,7.5154,398.32,OB,2h,holdout,0.65,97
4.0,0.25,53,0.774,8.0714,427.79,OB,2h,holdout,0.65,97
4.0,0.5,53,0.698,6.3976,339.08,OB,2h,holdout,0.65,97
4.0,1.0,53,0.623,5.8321,309.1,OB,2h,holdout,0.65,97
5.0,0.083,53,0.83,4.2308,224.23,OB,2h,holdout,0.65,97
5.0,0.125,53,0.774,5.7642,305.5,OB,2h,holdout,0.65,97
5.0,0.167,53,0.774,7.7978,413.28,OB,2h,holdout,0.65,97
5.0,0.25,53,0.774,8.5972,455.65,OB,2h,holdout,0.65,97
5.0,0.5,53,0.698,6.8858,364.95,OB,2h,holdout,0.65,97
5.0,1.0,53,0.623,5.3459,283.33,OB,2h,holdout,0.65,97
7.0,0.083,53,0.83,4.2308,224.23,OB,2h,holdout,0.65,97
7.0,0.125,53,0.774,5.7642,305.5,OB,2h,holdout,0.65,97
7.0,0.167,53,0.774,7.9174,419.62,OB,2h,holdout,0.65,97
7.0,0.25,53,0.774,8.8387,468.45,OB,2h,holdout,0.65,97
7.0,0.5,53,0.679,6.3008,333.94,OB,2h,holdout,0.65,97
7.0,1.0,53,0.604,4.3983,233.11,OB,2h,holdout,0.65,97
10.0,0.083,53,0.83,4.2308,224.23,OB,2h,holdout,0.65,97
10.0,0.125,53,0.774,5.7642,305.5,OB,2h,holdout,0.65,97
10.0,0.167,53,0.774,8.4618,448.47,OB,2h,holdout,0.65,97
10.0,0.25,53,0.736,7.4308,393.83,OB,2h,holdout,0.65,97
10.0,0.5,53,0.623,5.6125,297.46,OB,2h,holdout,0.65,97
10.0,1.0,53,0.547,4.0916,216.85,OB,2h,holdout,0.65,97
2.0,0.083,53,0.792,4.162,220.59,OB,2h,holdout,0.675,97
2.0,0.125,53,0.755,5.6858,301.35,OB,2h,holdout,0.675,97
2.0,0.167,53,0.774,6.5919,349.37,OB,2h,holdout,0.675,97
2.0,0.25,53,0.774,6.4272,340.64,OB,2h,holdout,0.675,97
2.0,0.5,53,0.774,5.917,313.6,OB,2h,holdout,0.675,97
2.0,1.0,53,0.66,4.897,259.54,OB,2h,holdout,0.675,97
3.0,0.083,53,0.792,4.162,220.59,OB,2h,holdout,0.675,97
3.0,0.125,53,0.755,5.6858,301.35,OB,2h,holdout,0.675,97
3.0,0.167,53,0.774,7.3976,392.07,OB,2h,holdout,0.675,97
3.0,0.25,53,0.774,7.343,389.18,OB,2h,holdout,0.675,97
3.0,0.5,53,0.717,6.892,365.28,OB,2h,holdout,0.675,97
3.0,1.0,53,0.623,5.8303,309.01,OB,2h,holdout,0.675,97
4.0,0.083,53,0.792,4.162,220.59,OB,2h,holdout,0.675,97
4.0,0.125,53,0.755,5.6858,301.35,OB,2h,holdout,0.675,97
4.0,0.167,53,0.774,7.6114,403.4,OB,2h,holdout,0.675,97
4.0,0.25,53,0.774,7.659,405.93,OB,2h,holdout,0.675,97
4.0,0.5,53,0.698,6.1145,324.07,OB,2h,holdout,0.675,97
4.0,1.0,53,0.604,5.5715,295.29,OB,2h,holdout,0.675,97
5.0,0.083,53,0.792,4.162,220.59,OB,2h,holdout,0.675,97
5.0,0.125,53,0.755,5.6858,301.35,OB,2h,holdout,0.675,97
5.0,0.167,53,0.774,7.8103,413.94,OB,2h,holdout,0.675,97
5.0,0.25,53,0.774,8.1062,429.63,OB,2h,holdout,0.675,97
5.0,0.5,53,0.698,6.5758,348.52,OB,2h,holdout,0.675,97
5.0,1.0,53,0.604,5.0904,269.79,OB,2h,holdout,0.675,97
7.0,0.083,53,0.792,4.162,220.59,OB,2h,holdout,0.675,97
7.0,0.125,53,0.755,5.6858,301.35,OB,2h,holdout,0.675,97
7.0,0.167,53,0.774,8.0009,424.05,OB,2h,holdout,0.675,97
7.0,0.25,53,0.774,8.3487,442.48,OB,2h,holdout,0.675,97
7.0,0.5,53,0.679,5.7287,303.62,OB,2h,holdout,0.675,97
7.0,1.0,53,0.585,3.6995,196.08,OB,2h,holdout,0.675,97
10.0,0.083,53,0.792,4.162,220.59,OB,2h,holdout,0.675,97
10.0,0.125,53,0.755,5.6858,301.35,OB,2h,holdout,0.675,97
10.0,0.167,53,0.774,8.5485,453.07,OB,2h,holdout,0.675,97
10.0,0.25,53,0.736,7.0084,371.44,OB,2h,holdout,0.675,97
10.0,0.5,53,0.623,5.1581,273.38,OB,2h,holdout,0.675,97
10.0,1.0,53,0.528,3.8141,202.15,OB,2h,holdout,0.675,97
2.0,0.083,52,0.846,3.9697,206.42,OB,2h,holdout,0.7,97
2.0,0.125,52,0.788,5.4742,284.66,OB,2h,holdout,0.7,97
2.0,0.167,52,0.769,6.2702,326.05,OB,2h,holdout,0.7,97
2.0,0.25,52,0.769,6.0212,313.1,OB,2h,holdout,0.7,97
2.0,0.5,52,0.769,5.4315,282.44,OB,2h,holdout,0.7,97
2.0,1.0,52,0.673,4.3794,227.73,OB,2h,holdout,0.7,97
3.0,0.083,52,0.846,3.9697,206.42,OB,2h,holdout,0.7,97
3.0,0.125,52,0.788,5.4742,284.66,OB,2h,holdout,0.7,97
3.0,0.167,52,0.769,6.9319,360.46,OB,2h,holdout,0.7,97
3.0,0.25,52,0.769,7.188,373.78,OB,2h,holdout,0.7,97
3.0,0.5,52,0.75,7.0955,368.96,OB,2h,holdout,0.7,97
3.0,1.0,52,0.654,6.1133,317.89,OB,2h,holdout,0.7,97
4.0,0.083,52,0.846,3.9697,206.42,OB,2h,holdout,0.7,97
4.0,0.125,52,0.788,5.4742,284.66,OB,2h,holdout,0.7,97
4.0,0.167,52,0.769,7.4785,388.88,OB,2h,holdout,0.7,97
4.0,0.25,52,0.769,7.5462,392.4,OB,2h,holdout,0.7,97
4.0,0.5,52,0.712,7.3256,380.93,OB,2h,holdout,0.7,97
4.0,1.0,52,0.635,6.6169,344.08,OB,2h,holdout,0.7,97
5.0,0.083,52,0.846,3.9697,206.42,OB,2h,holdout,0.7,97
5.0,0.125,52,0.788,5.4742,284.66,OB,2h,holdout,0.7,97
5.0,0.167,52,0.769,7.6801,399.36,OB,2h,holdout,0.7,97
5.0,0.25,52,0.769,7.9151,411.59,OB,2h,holdout,0.7,97
5.0,0.5,52,0.692,6.5588,341.06,OB,2h,holdout,0.7,97
5.0,1.0,52,0.615,4.9183,255.75,OB,2h,holdout,0.7,97
7.0,0.083,52,0.846,3.9697,206.42,OB,2h,holdout,0.7,97
7.0,0.125,52,0.788,5.4742,284.66,OB,2h,holdout,0.7,97
7.0,0.167,52,0.769,7.8727,409.38,OB,2h,holdout,0.7,97
7.0,0.25,52,0.769,8.2533,429.17,OB,2h,holdout,0.7,97
7.0,0.5,52,0.692,6.5655,341.4,OB,2h,holdout,0.7,97
7.0,1.0,52,0.615,4.7961,249.4,OB,2h,holdout,0.7,97
10.0,0.083,52,0.846,3.9697,206.42,OB,2h,holdout,0.7,97
10.0,0.125,52,0.788,5.4742,284.66,OB,2h,holdout,0.7,97
10.0,0.167,52,0.769,8.2252,427.71,OB,2h,holdout,0.7,97
10.0,0.25,52,0.75,7.6642,398.54,OB,2h,holdout,0.7,97
10.0,0.5,52,0.635,5.5742,289.86,OB,2h,holdout,0.7,97
10.0,1.0,52,0.558,4.1573,216.18,OB,2h,holdout,0.7,97
2.0,0.083,9339,0.666,1.384,12925.58,FVG,15m,train,0.3,16895
2.0,0.125,9339,0.616,1.1208,10467.05,FVG,15m,train,0.3,16895
2.0,0.167,9339,0.581,0.7631,7127.0,FVG,15m,train,0.3,16895
2.0,0.25,9339,0.537,0.1971,1840.5,FVG,15m,train,0.3,16895
2.0,0.5,9339,0.45,-0.9783,-9135.94,FVG,15m,train,0.3,16895
2.0,1.0,9339,0.321,-2.5093,-23434.55,FVG,15m,train,0.3,16895
3.0,0.083,9339,0.64,1.6229,15156.44,FVG,15m,train,0.3,16895
3.0,0.125,9339,0.582,1.488,13896.24,FVG,15m,train,0.3,16895
3.0,0.167,9339,0.543,1.1188,10448.82,FVG,15m,train,0.3,16895
3.0,0.25,9339,0.495,0.5291,4940.88,FVG,15m,train,0.3,16895
3.0,0.5,9339,0.428,-0.7252,-6772.78,FVG,15m,train,0.3,16895
3.0,1.0,9339,0.358,-2.331,-21769.4,FVG,15m,train,0.3,16895
4.0,0.083,9339,0.627,1.7492,16336.11,FVG,15m,train,0.3,16895
4.0,0.125,9339,0.564,1.7088,15958.61,FVG,15m,train,0.3,16895
4.0,0.167,9339,0.521,1.3875,12957.6,FVG,15m,train,0.3,16895
4.0,0.25,9339,0.469,0.8391,7836.63,FVG,15m,train,0.3,16895
4.0,0.5,9339,0.399,-0.4561,-4259.54,FVG,15m,train,0.3,16895
4.0,1.0,9339,0.344,-2.1203,-19801.52,FVG,15m,train,0.3,16895
5.0,0.083,9339,0.62,1.7811,16633.5,FVG,15m,train,0.3,16895
5.0,0.125,9339,0.554,1.7927,16741.76,FVG,15m,train,0.3,16895
5.0,0.167,9339,0.508,1.5045,14050.57,FVG,15m,train,0.3,16895
5.0,0.25,9339,0.45,0.9991,9330.56,FVG,15m,train,0.3,16895
5.0,0.5,9339,0.375,-0.2541,-2373.21,FVG,15m,train,0.3,16895
5.0,1.0,9339,0.32,-1.9563,-18270.23,FVG,15m,train,0.3,16895
7.0,0.083,9339,0.614,1.8039,16846.29,FVG,15m,train,0.3,16895
7.0,0.125,9339,0.545,1.8849,17603.0,FVG,15m,train,0.3,16895
7.0,0.167,9339,0.496,1.6323,15244.49,FVG,15m,train,0.3,16895
7.0,0.25,9339,0.433,1.1888,11101.82,FVG,15m,train,0.3,16895
7.0,0.5,9339,0.346,-0.0139,-130.04,FVG,15m,train,0.3,16895
7.0,1.0,9339,0.28,-1.738,-16231.62,FVG,15m,train,0.3,16895
10.0,0.083,9339,0.612,1.8079,16883.62,FVG,15m,train,0.3,16895
10.0,0.125,9339,0.541,1.9193,17924.81,FVG,15m,train,0.3,16895
10.0,0.167,9339,0.492,1.6858,15743.55,FVG,15m,train,0.3,16895
10.0,0.25,9339,0.426,1.2767,11923.3,FVG,15m,train,0.3,16895
10.0,0.5,9339,0.33,0.147,1372.8,FVG,15m,train,0.3,16895
10.0,1.0,9339,0.252,-1.5575,-14545.37,FVG,15m,train,0.3,16895
2.0,0.083,9339,0.664,1.3581,12683.22,FVG,15m,train,0.325,16895
2.0,0.125,9339,0.614,1.0858,10140.23,FVG,15m,train,0.325,16895
2.0,0.167,9339,0.579,0.7337,6851.88,FVG,15m,train,0.325,16895
2.0,0.25,9339,0.535,0.1686,1574.84,FVG,15m,train,0.325,16895
2.0,0.5,9339,0.448,-0.9912,-9256.91,FVG,15m,train,0.325,16895
2.0,1.0,9339,0.318,-2.5131,-23469.83,FVG,15m,train,0.325,16895
3.0,0.083,9339,0.638,1.5935,14882.08,FVG,15m,train,0.325,16895
3.0,0.125,9339,0.58,1.4503,13543.97,FVG,15m,train,0.325,16895
3.0,0.167,9339,0.541,1.0855,10137.65,FVG,15m,train,0.325,16895
3.0,0.25,9339,0.494,0.4968,4639.91,FVG,15m,train,0.325,16895
3.0,0.5,9339,0.427,-0.7473,-6979.42,FVG,15m,train,0.325,16895
3.0,1.0,9339,0.355,-2.3524,-21968.61,FVG,15m,train,0.325,16895
4.0,0.083,9339,0.625,1.7317,16172.22,FVG,15m,train,0.325,16895
4.0,0.125,9339,0.562,1.6828,15715.69,FVG,15m,train,0.325,16895
4.0,0.167,9339,0.519,1.3637,12735.74,FVG,15m,train,0.325,16895
4.0,0.25,9339,0.468,0.8083,7549.05,FVG,15m,train,0.325,16895
4.0,0.5,9339,0.4,-0.4646,-4338.77,FVG,15m,train,0.325,16895
4.0,1.0,9339,0.344,-2.1262,-19856.72,FVG,15m,train,0.325,16895
5.0,0.083,9339,0.618,1.7613,16449.15,FVG,15m,train,0.325,16895
5.0,0.125,9339,0.553,1.7689,16519.4,FVG,15m,train,0.325,16895
5.0,0.167,9339,0.506,1.4842,13861.27,FVG,15m,train,0.325,16895
5.0,0.25,9339,0.449,0.9743,9099.08,FVG,15m,train,0.325,16895
5.0,0.5,9339,0.375,-0.271,-2530.47,FVG,15m,train,0.325,16895
5.0,1.0,9339,0.32,-1.9739,-18434.16,FVG,15m,train,0.325,16895
7.0,0.083,9339,0.612,1.7839,16660.09,FVG,15m,train,0.325,16895
7.0,0.125,9339,0.543,1.8601,17371.15,FVG,15m,train,0.325,16895
7.0,0.167,9339,0.494,1.6211,15139.05,FVG,15m,train,0.325,16895
7.0,0.25,9339,0.432,1.1758,10980.53,FVG,15m,train,0.325,16895
7.0,0.5,9339,0.345,-0.0142,-132.66,FVG,15m,train,0.325,16895
7.0,1.0,9339,0.281,-1.7303,-16159.04,FVG,15m,train,0.325,16895
10.0,0.083,9339,0.61,1.7875,16693.74,FVG,15m,train,0.325,16895
10.0,0.125,9339,0.539,1.8965,17711.44,FVG,15m,train,0.325,16895
10.0,0.167,9339,0.49,1.6768,15659.77,FVG,15m,train,0.325,16895
10.0,0.25,9339,0.424,1.2637,11802.02,FVG,15m,train,0.325,16895
10.0,0.5,9339,0.329,0.1457,1360.96,FVG,15m,train,0.325,16895
10.0,1.0,9339,0.252,-1.5655,-14620.38,FVG,15m,train,0.325,16895
2.0,0.083,9312,0.663,1.3495,12566.93,FVG,15m,train,0.35,16895
2.0,0.125,9312,0.614,1.0595,9866.41,FVG,15m,train,0.35,16895
2.0,0.167,9312,0.578,0.7144,6652.71,FVG,15m,train,0.35,16895
2.0,0.25,9312,0.536,0.1538,1431.86,FVG,15m,train,0.35,16895
2.0,0.5,9312,0.448,-0.9956,-9271.39,FVG,15m,train,0.35,16895
2.0,1.0,9312,0.316,-2.5122,-23393.29,FVG,15m,train,0.35,16895
3.0,0.083,9312,0.638,1.5995,14894.73,FVG,15m,train,0.35,16895
3.0,0.125,9312,0.581,1.4371,13382.34,FVG,15m,train,0.35,16895
3.0,0.167,9312,0.542,1.083,10085.12,FVG,15m,train,0.35,16895
3.0,0.25,9312,0.495,0.4884,4547.77,FVG,15m,train,0.35,16895
3.0,0.5,9312,0.427,-0.7512,-6995.38,FVG,15m,train,0.35,16895
3.0,1.0,9312,0.355,-2.3434,-21821.42,FVG,15m,train,0.35,16895
4.0,0.083,9312,0.625,1.7334,16141.47,FVG,15m,train,0.35,16895
4.0,0.125,9312,0.562,1.6604,15461.71,FVG,15m,train,0.35,16895
4.0,0.167,9312,0.519,1.3475,12547.5,FVG,15m,train,0.35,16895
4.0,0.25,9312,0.467,0.7815,7277.32,FVG,15m,train,0.35,16895
4.0,0.5,9312,0.398,-0.4803,-4473.02,FVG,15m,train,0.35,16895
4.0,1.0,9312,0.344,-2.1416,-19942.76,FVG,15m,train,0.35,16895
5.0,0.083,9312,0.617,1.7667,16451.15,FVG,15m,train,0.35,16895
5.0,0.125,9312,0.551,1.7542,16334.8,FVG,15m,train,0.35,16895
5.0,0.167,9312,0.506,1.4761,13745.56,FVG,15m,train,0.35,16895
5.0,0.25,9312,0.448,0.955,8893.4,FVG,15m,train,0.35,16895
5.0,0.5,9312,0.374,-0.2927,-2725.45,FVG,15m,train,0.35,16895
5.0,1.0,9312,0.32,-1.9927,-18555.56,FVG,15m,train,0.35,16895
7.0,0.083,9312,0.611,1.7881,16650.87,FVG,15m,train,0.35,16895
7.0,0.125,9312,0.542,1.8478,17207.1,FVG,15m,train,0.35,16895
7.0,0.167,9312,0.494,1.6137,15026.94,FVG,15m,train,0.35,16895
7.0,0.25,9312,0.431,1.1601,10802.84,FVG,15m,train,0.35,16895
7.0,0.5,9312,0.344,-0.0292,-271.97,FVG,15m,train,0.35,16895
7.0,1.0,9312,0.28,-1.7372,-16176.51,FVG,15m,train,0.35,16895
10.0,0.083,9312,0.609,1.793,16696.51,FVG,15m,train,0.35,16895
10.0,0.125,9312,0.538,1.8829,17533.29,FVG,15m,train,0.35,16895
10.0,0.167,9312,0.489,1.6719,15569.15,FVG,15m,train,0.35,16895
10.0,0.25,9312,0.423,1.2529,11666.75,FVG,15m,train,0.35,16895
10.0,0.5,9312,0.327,0.1352,1259.09,FVG,15m,train,0.35,16895
10.0,1.0,9312,0.251,-1.5752,-14668.34,FVG,15m,train,0.35,16895
2.0,0.083,9289,0.663,1.355,12586.36,FVG,15m,train,0.375,16895
2.0,0.125,9289,0.615,1.074,9976.61,FVG,15m,train,0.375,16895
2.0,0.167,9289,0.579,0.7295,6776.33,FVG,15m,train,0.375,16895
2.0,0.25,9289,0.535,0.16,1486.31,FVG,15m,train,0.375,16895
2.0,0.5,9289,0.448,-0.99,-9196.26,FVG,15m,train,0.375,16895
2.0,1.0,9289,0.316,-2.501,-23231.48,FVG,15m,train,0.375,16895
3.0,0.083,9289,0.639,1.5976,14840.3,FVG,15m,train,0.375,16895
3.0,0.125,9289,0.582,1.4338,13318.76,FVG,15m,train,0.375,16895
3.0,0.167,9289,0.543,1.0763,9997.99,FVG,15m,train,0.375,16895
3.0,0.25,9289,0.497,0.4795,4453.85,FVG,15m,train,0.375,16895
3.0,0.5,9289,0.429,-0.7624,-7082.17,FVG,15m,train,0.375,16895
3.0,1.0,9289,0.354,-2.3559,-21884.2,FVG,15m,train,0.375,16895
4.0,0.083,9289,0.625,1.7427,16188.39,FVG,15m,train,0.375,16895
4.0,0.125,9289,0.563,1.6701,15513.84,FVG,15m,train,0.375,16895
4.0,0.167,9289,0.52,1.3519,12557.55,FVG,15m,train,0.375,16895
4.0,0.25,9289,0.468,0.7767,7214.6,FVG,15m,train,0.375,16895
4.0,0.5,9289,0.399,-0.498,-4625.75,FVG,15m,train,0.375,16895
4.0,1.0,9289,0.345,-2.1494,-19966.23,FVG,15m,train,0.375,16895
5.0,0.083,9289,0.617,1.7782,16517.5,FVG,15m,train,0.375,16895
5.0,0.125,9289,0.552,1.7682,16424.67,FVG,15m,train,0.375,16895
5.0,0.167,9289,0.506,1.4855,13799.04,FVG,15m,train,0.375,16895
5.0,0.25,9289,0.449,0.967,8982.07,FVG,15m,train,0.375,16895
5.0,0.5,9289,0.375,-0.2803,-2604.15,FVG,15m,train,0.375,16895
5.0,1.0,9289,0.322,-1.9751,-18346.88,FVG,15m,train,0.375,16895
7.0,0.083,9289,0.611,1.7974,16696.12,FVG,15m,train,0.375,16895
7.0,0.125,9289,0.542,1.8621,17296.65,FVG,15m,train,0.375,16895
7.0,0.167,9289,0.494,1.6235,15080.43,FVG,15m,train,0.375,16895
7.0,0.25,9289,0.431,1.1646,10817.86,FVG,15m,train,0.375,16895
7.0,0.5,9289,0.344,-0.0278,-257.96,FVG,15m,train,0.375,16895
7.0,1.0,9289,0.282,-1.7369,-16134.02,FVG,15m,train,0.375,16895
10.0,0.083,9289,0.609,1.8065,16780.3,FVG,15m,train,0.375,16895
10.0,0.125,9289,0.538,1.9014,17661.92,FVG,15m,train,0.375,16895
10.0,0.167,9289,0.489,1.6895,15694.13,FVG,15m,train,0.375,16895
10.0,0.25,9289,0.423,1.2726,11821.64,FVG,15m,train,0.375,16895
10.0,0.5,9289,0.327,0.1557,1446.29,FVG,15m,train,0.375,16895
10.0,1.0,9289,0.253,-1.5531,-14426.79,FVG,15m,train,0.375,16895
2.0,0.083,9295,0.66,1.3137,12210.74,FVG,15m,train,0.4,16895
2.0,0.125,9295,0.611,1.0281,9556.43,FVG,15m,train,0.4,16895
2.0,0.167,9295,0.576,0.6766,6289.03,FVG,15m,train,0.4,16895
2.0,0.25,9295,0.533,0.1139,1058.48,FVG,15m,train,0.4,16895
2.0,0.5,9295,0.445,-1.0354,-9624.11,FVG,15m,train,0.4,16895
2.0,1.0,9295,0.312,-2.5473,-23677.06,FVG,15m,train,0.4,16895
3.0,0.083,9295,0.636,1.5657,14553.42,FVG,15m,train,0.4,16895
3.0,0.125,9295,0.579,1.3961,12976.57,FVG,15m,train,0.4,16895
3.0,0.167,9295,0.541,1.0305,9578.74,FVG,15m,train,0.4,16895
3.0,0.25,9295,0.495,0.4341,4035.35,FVG,15m,train,0.4,16895
3.0,0.5,9295,0.427,-0.7974,-7411.49,FVG,15m,train,0.4,16895
3.0,1.0,9295,0.352,-2.3864,-22181.4,FVG,15m,train,0.4,16895
4.0,0.083,9295,0.622,1.711,15904.0,FVG,15m,train,0.4,16895
4.0,0.125,9295,0.559,1.6341,15188.72,FVG,15m,train,0.4,16895
4.0,0.167,9295,0.518,1.306,12139.35,FVG,15m,train,0.4,16895
4.0,0.25,9295,0.466,0.7275,6761.76,FVG,15m,train,0.4,16895
4.0,0.5,9295,0.397,-0.5396,-5015.15,FVG,15m,train,0.4,16895
4.0,1.0,9295,0.344,-2.188,-20337.89,FVG,15m,train,0.4,16895
5.0,0.083,9295,0.613,1.7452,16221.62,FVG,15m,train,0.4,16895
5.0,0.125,9295,0.548,1.7309,16088.62,FVG,15m,train,0.4,16895
5.0,0.167,9295,0.503,1.4375,13361.79,FVG,15m,train,0.4,16895
5.0,0.25,9295,0.447,0.9166,8519.54,FVG,15m,train,0.4,16895
5.0,0.5,9295,0.373,-0.3275,-3044.01,FVG,15m,train,0.4,16895
5.0,1.0,9295,0.32,-2.0271,-18842.16,FVG,15m,train,0.4,16895
7.0,0.083,9295,0.608,1.7698,16449.88,FVG,15m,train,0.4,16895
7.0,0.125,9295,0.538,1.8287,16997.57,FVG,15m,train,0.4,16895
7.0,0.167,9295,0.491,1.5806,14691.61,FVG,15m,train,0.4,16895
7.0,0.25,9295,0.429,1.1211,10421.01,FVG,15m,train,0.4,16895
7.0,0.5,9295,0.342,-0.0724,-672.55,FVG,15m,train,0.4,16895
7.0,1.0,9295,0.281,-1.7858,-16599.33,FVG,15m,train,0.4,16895
10.0,0.083,9295,0.605,1.78,16545.41,FVG,15m,train,0.4,16895
10.0,0.125,9295,0.534,1.8699,17380.31,FVG,15m,train,0.4,16895
10.0,0.167,9295,0.486,1.6488,15325.9,FVG,15m,train,0.4,16895
10.0,0.25,9295,0.42,1.2313,11444.59,FVG,15m,train,0.4,16895
10.0,0.5,9295,0.325,0.1173,1090.12,FVG,15m,train,0.4,16895
10.0,1.0,9295,0.251,-1.5957,-14831.59,FVG,15m,train,0.4,16895
2.0,0.083,9270,0.66,1.2833,11895.89,FVG,15m,train,0.425,16895
2.0,0.125,9270,0.612,1.009,9353.16,FVG,15m,train,0.425,16895
2.0,0.167,9270,0.578,0.6641,6156.0,FVG,15m,train,0.425,16895
2.0,0.25,9270,0.533,0.11,1019.85,FVG,15m,train,0.425,16895
2.0,0.5,9270,0.445,-1.0399,-9639.94,FVG,15m,train,0.425,16895
2.0,1.0,9270,0.31,-2.5499,-23637.23,FVG,15m,train,0.425,16895
3.0,0.083,9270,0.635,1.535,14229.69,FVG,15m,train,0.425,16895
3.0,0.125,9270,0.578,1.3689,12689.86,FVG,15m,train,0.425,16895
3.0,0.167,9270,0.541,1.0025,9293.46,FVG,15m,train,0.425,16895
3.0,0.25,9270,0.495,0.4101,3801.58,FVG,15m,train,0.425,16895
3.0,0.5,9270,0.428,-0.8195,-7596.31,FVG,15m,train,0.425,16895
3.0,1.0,9270,0.351,-2.4092,-22333.35,FVG,15m,train,0.425,16895
4.0,0.083,9270,0.622,1.6833,15604.52,FVG,15m,train,0.425,16895
4.0,0.125,9270,0.559,1.6195,15012.68,FVG,15m,train,0.425,16895
4.0,0.167,9270,0.518,1.2931,11987.49,FVG,15m,train,0.425,16895
4.0,0.25,9270,0.467,0.7244,6715.26,FVG,15m,train,0.425,16895
4.0,0.5,9270,0.398,-0.5455,-5056.77,FVG,15m,train,0.425,16895
4.0,1.0,9270,0.344,-2.201,-20402.98,FVG,15m,train,0.425,16895
5.0,0.083,9270,0.612,1.7145,15893.59,FVG,15m,train,0.425,16895
5.0,0.125,9270,0.547,1.7064,15818.56,FVG,15m,train,0.425,16895
5.0,0.167,9270,0.503,1.4126,13094.62,FVG,15m,train,0.425,16895
5.0,0.25,9270,0.446,0.8949,8296.12,FVG,15m,train,0.425,16895
5.0,0.5,9270,0.373,-0.3562,-3301.63,FVG,15m,train,0.425,16895
5.0,1.0,9270,0.32,-2.05,-19003.41,FVG,15m,train,0.425,16895
7.0,0.083,9270,0.606,1.7386,16117.03,FVG,15m,train,0.425,16895
7.0,0.125,9270,0.537,1.8075,16755.65,FVG,15m,train,0.425,16895
7.0,0.167,9270,0.49,1.5568,14431.48,FVG,15m,train,0.425,16895
7.0,0.25,9270,0.427,1.1007,10203.5,FVG,15m,train,0.425,16895
7.0,0.5,9270,0.342,-0.099,-917.43,FVG,15m,train,0.425,16895
7.0,1.0,9270,0.28,-1.8306,-16969.44,FVG,15m,train,0.425,16895
10.0,0.083,9270,0.604,1.7466,16190.63,FVG,15m,train,0.425,16895
10.0,0.125,9270,0.533,1.8477,17128.24,FVG,15m,train,0.425,16895
10.0,0.167,9270,0.485,1.6243,15057.51,FVG,15m,train,0.425,16895
10.0,0.25,9270,0.418,1.2085,11203.26,FVG,15m,train,0.425,16895
10.0,0.5,9270,0.324,0.0853,790.51,FVG,15m,train,0.425,16895
10.0,1.0,9270,0.25,-1.6281,-15092.06,FVG,15m,train,0.425,16895
2.0,0.083,9247,0.659,1.2715,11757.97,FVG,15m,train,0.45,16895
2.0,0.125,9247,0.611,0.9987,9235.15,FVG,15m,train,0.45,16895
2.0,0.167,9247,0.577,0.646,5973.69,FVG,15m,train,0.45,16895
2.0,0.25,9247,0.533,0.0959,887.0,FVG,15m,train,0.45,16895
2.0,0.5,9247,0.445,-1.0405,-9621.41,FVG,15m,train,0.45,16895
2.0,1.0,9247,0.306,-2.5554,-23629.66,FVG,15m,train,0.45,16895
3.0,0.083,9247,0.635,1.5319,14165.1,FVG,15m,train,0.45,16895
3.0,0.125,9247,0.579,1.3667,12637.7,FVG,15m,train,0.45,16895
3.0,0.167,9247,0.541,0.9899,9153.85,FVG,15m,train,0.45,16895
3.0,0.25,9247,0.497,0.3961,3662.93,FVG,15m,train,0.45,16895
3.0,0.5,9247,0.43,-0.8262,-7640.06,FVG,15m,train,0.45,16895
3.0,1.0,9247,0.352,-2.4215,-22391.16,FVG,15m,train,0.45,16895
4.0,0.083,9247,0.621,1.6726,15466.85,FVG,15m,train,0.45,16895
4.0,0.125,9247,0.559,1.6065,14855.18,FVG,15m,train,0.45,16895
4.0,0.167,9247,0.518,1.2724,11766.2,FVG,15m,train,0.45,16895
4.0,0.25,9247,0.468,0.7047,6515.94,FVG,15m,train,0.45,16895
4.0,0.5,9247,0.399,-0.5568,-5148.5,FVG,15m,train,0.45,16895
4.0,1.0,9247,0.345,-2.2112,-20447.26,FVG,15m,train,0.45,16895
5.0,0.083,9247,0.611,1.7123,15833.52,FVG,15m,train,0.45,16895
5.0,0.125,9247,0.547,1.7036,15753.49,FVG,15m,train,0.45,16895
5.0,0.167,9247,0.502,1.3974,12921.72,FVG,15m,train,0.45,16895
5.0,0.25,9247,0.447,0.8753,8094.01,FVG,15m,train,0.45,16895
5.0,0.5,9247,0.373,-0.3674,-3397.16,FVG,15m,train,0.45,16895
5.0,1.0,9247,0.321,-2.0657,-19101.13,FVG,15m,train,0.45,16895
7.0,0.083,9247,0.604,1.739,16080.09,FVG,15m,train,0.45,16895
7.0,0.125,9247,0.536,1.8058,16698.23,FVG,15m,train,0.45,16895
7.0,0.167,9247,0.49,1.5474,14309.23,FVG,15m,train,0.45,16895
7.0,0.25,9247,0.428,1.0986,10158.48,FVG,15m,train,0.45,16895
7.0,0.5,9247,0.342,-0.1054,-974.99,FVG,15m,train,0.45,16895
7.0,1.0,9247,0.281,-1.8481,-17089.75,FVG,15m,train,0.45,16895
10.0,0.083,9247,0.602,1.7472,16156.62,FVG,15m,train,0.45,16895
10.0,0.125,9247,0.532,1.8454,17064.02,FVG,15m,train,0.45,16895
10.0,0.167,9247,0.484,1.6132,14917.11,FVG,15m,train,0.45,16895
10.0,0.25,9247,0.419,1.199,11086.7,FVG,15m,train,0.45,16895
10.0,0.5,9247,0.324,0.0829,766.84,FVG,15m,train,0.45,16895
10.0,1.0,9247,0.25,-1.6423,-15186.19,FVG,15m,train,0.45,16895
2.0,0.083,9229,0.659,1.2566,11596.71,FVG,15m,train,0.475,16895
2.0,0.125,9229,0.612,0.9752,9000.3,FVG,15m,train,0.475,16895
2.0,0.167,9229,0.578,0.6353,5863.13,FVG,15m,train,0.475,16895
2.0,0.25,9229,0.534,0.0849,783.83,FVG,15m,train,0.475,16895
2.0,0.5,9229,0.445,-1.042,-9616.91,FVG,15m,train,0.475,16895
2.0,1.0,9229,0.304,-2.5537,-23567.66,FVG,15m,train,0.475,16895
3.0,0.083,9229,0.636,1.5295,14115.69,FVG,15m,train,0.475,16895
3.0,0.125,9229,0.579,1.35,12459.58,FVG,15m,train,0.475,16895
3.0,0.167,9229,0.543,0.9835,9076.42,FVG,15m,train,0.475,16895
3.0,0.25,9229,0.497,0.3938,3634.54,FVG,15m,train,0.475,16895
3.0,0.5,9229,0.431,-0.8198,-7566.23,FVG,15m,train,0.475,16895
3.0,1.0,9229,0.352,-2.41,-22242.15,FVG,15m,train,0.475,16895
4.0,0.083,9229,0.621,1.667,15385.15,FVG,15m,train,0.475,16895
4.0,0.125,9229,0.557,1.5827,14606.75,FVG,15m,train,0.475,16895
4.0,0.167,9229,0.518,1.2545,11577.93,FVG,15m,train,0.475,16895
4.0,0.25,9229,0.466,0.6832,6305.25,FVG,15m,train,0.475,16895
4.0,0.5,9229,0.399,-0.5804,-5356.26,FVG,15m,train,0.475,16895
4.0,1.0,9229,0.344,-2.238,-20654.46,FVG,15m,train,0.475,16895
5.0,0.083,9229,0.612,1.7145,15823.06,FVG,15m,train,0.475,16895
5.0,0.125,9229,0.545,1.6912,15608.38,FVG,15m,train,0.475,16895
5.0,0.167,9229,0.503,1.3914,12840.81,FVG,15m,train,0.475,16895
5.0,0.25,9229,0.447,0.8684,8014.02,FVG,15m,train,0.475,16895
5.0,0.5,9229,0.373,-0.3726,-3439.01,FVG,15m,train,0.475,16895
5.0,1.0,9229,0.322,-2.0749,-19149.1,FVG,15m,train,0.475,16895
7.0,0.083,9229,0.605,1.7426,16082.56,FVG,15m,train,0.475,16895
7.0,0.125,9229,0.535,1.7933,16550.73,FVG,15m,train,0.475,16895
7.0,0.167,9229,0.49,1.5524,14327.11,FVG,15m,train,0.475,16895
7.0,0.25,9229,0.428,1.1009,10159.87,FVG,15m,train,0.475,16895
7.0,0.5,9229,0.343,-0.1039,-958.96,FVG,15m,train,0.475,16895
7.0,1.0,9229,0.282,-1.8528,-17099.61,FVG,15m,train,0.475,16895
10.0,0.083,9229,0.602,1.7441,16095.87,FVG,15m,train,0.475,16895
10.0,0.125,9229,0.53,1.8281,16871.14,FVG,15m,train,0.475,16895
10.0,0.167,9229,0.484,1.6148,14902.99,FVG,15m,train,0.475,16895
10.0,0.25,9229,0.418,1.2044,11115.38,FVG,15m,train,0.475,16895
10.0,0.5,9229,0.324,0.0852,786.65,FVG,15m,train,0.475,16895
10.0,1.0,9229,0.251,-1.6392,-15127.84,FVG,15m,train,0.475,16895
2.0,0.083,9201,0.659,1.2636,11626.27,FVG,15m,train,0.5,16895
2.0,0.125,9201,0.611,0.9754,8974.49,FVG,15m,train,0.5,16895
2.0,0.167,9201,0.578,0.6402,5890.28,FVG,15m,train,0.5,16895
2.0,0.25,9201,0.535,0.0934,859.08,FVG,15m,train,0.5,16895
2.0,0.5,9201,0.444,-1.0413,-9581.45,FVG,15m,train,0.5,16895
2.0,1.0,9201,0.301,-2.5531,-23491.24,FVG,15m,train,0.5,16895
3.0,0.083,9201,0.635,1.5377,14148.58,FVG,15m,train,0.5,16895
3.0,0.125,9201,0.578,1.3501,12422.53,FVG,15m,train,0.5,16895
3.0,0.167,9201,0.543,0.9882,9092.44,FVG,15m,train,0.5,16895
3.0,0.25,9201,0.498,0.3986,3667.57,FVG,15m,train,0.5,16895
3.0,0.5,9201,0.431,-0.8201,-7545.54,FVG,15m,train,0.5,16895
3.0,1.0,9201,0.351,-2.3908,-21998.09,FVG,15m,train,0.5,16895
4.0,0.083,9201,0.62,1.672,15384.23,FVG,15m,train,0.5,16895
4.0,0.125,9201,0.556,1.581,14546.39,FVG,15m,train,0.5,16895
4.0,0.167,9201,0.518,1.2539,11536.68,FVG,15m,train,0.5,16895
4.0,0.25,9201,0.466,0.6824,6279.16,FVG,15m,train,0.5,16895
4.0,0.5,9201,0.399,-0.5935,-5460.5,FVG,15m,train,0.5,16895
4.0,1.0,9201,0.345,-2.2349,-20563.27,FVG,15m,train,0.5,16895
5.0,0.083,9201,0.611,1.7247,15868.72,FVG,15m,train,0.5,16895
5.0,0.125,9201,0.543,1.694,15586.22,FVG,15m,train,0.5,16895
5.0,0.167,9201,0.502,1.3967,12851.07,FVG,15m,train,0.5,16895
5.0,0.25,9201,0.446,0.8725,8027.45,FVG,15m,train,0.5,16895
5.0,0.5,9201,0.374,-0.3885,-3574.29,FVG,15m,train,0.5,16895
5.0,1.0,9201,0.322,-2.076,-19101.46,FVG,15m,train,0.5,16895
7.0,0.083,9201,0.603,1.7492,16094.6,FVG,15m,train,0.5,16895
7.0,0.125,9201,0.532,1.7937,16504.18,FVG,15m,train,0.5,16895
7.0,0.167,9201,0.489,1.5573,14328.46,FVG,15m,train,0.5,16895
7.0,0.25,9201,0.427,1.1072,10187.09,FVG,15m,train,0.5,16895
7.0,0.5,9201,0.343,-0.1044,-960.97,FVG,15m,train,0.5,16895
7.0,1.0,9201,0.283,-1.8336,-16871.21,FVG,15m,train,0.5,16895
10.0,0.083,9201,0.601,1.7525,16125.02,FVG,15m,train,0.5,16895
10.0,0.125,9201,0.528,1.8319,16855.32,FVG,15m,train,0.5,16895
10.0,0.167,9201,0.483,1.6238,14940.77,FVG,15m,train,0.5,16895
10.0,0.25,9201,0.417,1.218,11207.27,FVG,15m,train,0.5,16895
10.0,0.5,9201,0.323,0.0988,909.45,FVG,15m,train,0.5,16895
10.0,1.0,9201,0.251,-1.6158,-14866.65,FVG,15m,train,0.5,16895
2.0,0.083,9179,0.658,1.2462,11439.13,FVG,15m,train,0.525,16895
2.0,0.125,9179,0.609,0.9535,8751.99,FVG,15m,train,0.525,16895
2.0,0.167,9179,0.577,0.6199,5689.8,FVG,15m,train,0.525,16895
2.0,0.25,9179,0.534,0.0811,744.75,FVG,15m,train,0.525,16895
2.0,0.5,9179,0.443,-1.0643,-9769.19,FVG,15m,train,0.525,16895
2.0,1.0,9179,0.299,-2.571,-23598.88,FVG,15m,train,0.525,16895
3.0,0.083,9179,0.634,1.5201,13953.02,FVG,15m,train,0.525,16895
3.0,0.125,9179,0.576,1.3263,12174.32,FVG,15m,train,0.525,16895
3.0,0.167,9179,0.542,0.9717,8918.92,FVG,15m,train,0.525,16895
3.0,0.25,9179,0.497,0.3941,3617.46,FVG,15m,train,0.525,16895
3.0,0.5,9179,0.432,-0.8383,-7695.19,FVG,15m,train,0.525,16895
3.0,1.0,9179,0.35,-2.4047,-22072.92,FVG,15m,train,0.525,16895
4.0,0.083,9179,0.618,1.652,15163.44,FVG,15m,train,0.525,16895
4.0,0.125,9179,0.553,1.5568,14289.93,FVG,15m,train,0.525,16895
4.0,0.167,9179,0.516,1.2312,11301.27,FVG,15m,train,0.525,16895
4.0,0.25,9179,0.465,0.6729,6176.86,FVG,15m,train,0.525,16895
4.0,0.5,9179,0.399,-0.6096,-5595.83,FVG,15m,train,0.525,16895
4.0,1.0,9179,0.344,-2.2481,-20635.42,FVG,15m,train,0.525,16895
5.0,0.083,9179,0.609,1.719,15778.73,FVG,15m,train,0.525,16895
5.0,0.125,9179,0.542,1.6877,15491.62,FVG,15m,train,0.525,16895
5.0,0.167,9179,0.501,1.3943,12798.42,FVG,15m,train,0.525,16895
5.0,0.25,9179,0.446,0.8741,8022.99,FVG,15m,train,0.525,16895
5.0,0.5,9179,0.375,-0.4101,-3764.01,FVG,15m,train,0.525,16895
5.0,1.0,9179,0.323,-2.0964,-19242.91,FVG,15m,train,0.525,16895
7.0,0.083,9179,0.601,1.7312,15890.44,FVG,15m,train,0.525,16895
7.0,0.125,9179,0.53,1.7749,16292.08,FVG,15m,train,0.525,16895
7.0,0.167,9179,0.487,1.5442,14174.3,FVG,15m,train,0.525,16895
7.0,0.25,9179,0.425,1.0999,10096.07,FVG,15m,train,0.525,16895
7.0,0.5,9179,0.343,-0.1267,-1162.82,FVG,15m,train,0.525,16895
7.0,1.0,9179,0.283,-1.8536,-17014.43,FVG,15m,train,0.525,16895
10.0,0.083,9179,0.598,1.7362,15936.49,FVG,15m,train,0.525,16895
10.0,0.125,9179,0.525,1.8157,16666.09,FVG,15m,train,0.525,16895
10.0,0.167,9179,0.481,1.6128,14803.61,FVG,15m,train,0.525,16895
10.0,0.25,9179,0.415,1.2082,11090.19,FVG,15m,train,0.525,16895
10.0,0.5,9179,0.323,0.0611,560.73,FVG,15m,train,0.525,16895
10.0,1.0,9179,0.25,-1.6393,-15047.52,FVG,15m,train,0.525,16895
2.0,0.083,9150,0.658,1.2464,11404.61,FVG,15m,train,0.55,16895
2.0,0.125,9150,0.609,0.934,8546.41,FVG,15m,train,0.55,16895
2.0,0.167,9150,0.578,0.5994,5484.05,FVG,15m,train,0.55,16895
2.0,0.25,9150,0.534,0.0622,569.06,FVG,15m,train,0.55,16895
2.0,0.5,9150,0.441,-1.0831,-9910.44,FVG,15m,train,0.55,16895
2.0,1.0,9150,0.296,-2.5845,-23648.44,FVG,15m,train,0.55,16895
3.0,0.083,9150,0.634,1.5146,13858.58,FVG,15m,train,0.55,16895
3.0,0.125,9150,0.576,1.3035,11927.22,FVG,15m,train,0.55,16895
3.0,0.167,9150,0.543,0.9575,8761.56,FVG,15m,train,0.55,16895
3.0,0.25,9150,0.497,0.3806,3482.28,FVG,15m,train,0.55,16895
3.0,0.5,9150,0.432,-0.8569,-7840.88,FVG,15m,train,0.55,16895
3.0,1.0,9150,0.35,-2.4197,-22140.41,FVG,15m,train,0.55,16895
4.0,0.083,9150,0.617,1.6541,15135.04,FVG,15m,train,0.55,16895
4.0,0.125,9150,0.553,1.5493,14175.76,FVG,15m,train,0.55,16895
4.0,0.167,9150,0.517,1.2255,11213.05,FVG,15m,train,0.55,16895
4.0,0.25,9150,0.465,0.6608,6045.95,FVG,15m,train,0.55,16895
4.0,0.5,9150,0.398,-0.6209,-5681.05,FVG,15m,train,0.55,16895
4.0,1.0,9150,0.344,-2.2525,-20609.97,FVG,15m,train,0.55,16895
5.0,0.083,9150,0.608,1.7213,15749.57,FVG,15m,train,0.55,16895
5.0,0.125,9150,0.542,1.6828,15397.62,FVG,15m,train,0.55,16895
5.0,0.167,9150,0.502,1.3901,12719.25,FVG,15m,train,0.55,16895
5.0,0.25,9150,0.446,0.8665,7928.62,FVG,15m,train,0.55,16895
5.0,0.5,9150,0.375,-0.4236,-3876.11,FVG,15m,train,0.55,16895
5.0,1.0,9150,0.324,-2.0989,-19204.58,FVG,15m,train,0.55,16895
7.0,0.083,9150,0.6,1.7348,15873.31,FVG,15m,train,0.55,16895
7.0,0.125,9150,0.529,1.7702,16197.11,FVG,15m,train,0.55,16895
7.0,0.167,9150,0.487,1.5385,14077.37,FVG,15m,train,0.55,16895
7.0,0.25,9150,0.424,1.096,10028.12,FVG,15m,train,0.55,16895
7.0,0.5,9150,0.342,-0.1351,-1236.2,FVG,15m,train,0.55,16895
7.0,1.0,9150,0.283,-1.8578,-16998.78,FVG,15m,train,0.55,16895
10.0,0.083,9150,0.597,1.7417,15936.26,FVG,15m,train,0.55,16895
10.0,0.125,9150,0.524,1.812,16579.7,FVG,15m,train,0.55,16895
10.0,0.167,9150,0.48,1.6069,14703.21,FVG,15m,train,0.55,16895
10.0,0.25,9150,0.414,1.2037,11013.79,FVG,15m,train,0.55,16895
10.0,0.5,9150,0.321,0.0467,427.21,FVG,15m,train,0.55,16895
10.0,1.0,9150,0.25,-1.6542,-15136.01,FVG,15m,train,0.55,16895
2.0,0.083,9127,0.657,1.2149,11088.08,FVG,15m,train,0.575,16895
2.0,0.125,9127,0.608,0.9016,8229.17,FVG,15m,train,0.575,16895
2.0,0.167,9127,0.577,0.5629,5137.14,FVG,15m,train,0.575,16895
2.0,0.25,9127,0.534,0.0255,232.72,FVG,15m,train,0.575,16895
2.0,0.5,9127,0.441,-1.1089,-10121.0,FVG,15m,train,0.575,16895
2.0,1.0,9127,0.293,-2.6143,-23860.59,FVG,15m,train,0.575,16895
3.0,0.083,9127,0.632,1.485,13553.22,FVG,15m,train,0.575,16895
3.0,0.125,9127,0.575,1.264,11536.92,FVG,15m,train,0.575,16895
3.0,0.167,9127,0.541,0.9079,8286.28,FVG,15m,train,0.575,16895
3.0,0.25,9127,0.497,0.3256,2972.03,FVG,15m,train,0.575,16895
3.0,0.5,9127,0.432,-0.8953,-8171.02,FVG,15m,train,0.575,16895
3.0,1.0,9127,0.349,-2.4621,-22471.14,FVG,15m,train,0.575,16895
4.0,0.083,9127,0.616,1.6346,14918.57,FVG,15m,train,0.575,16895
4.0,0.125,9127,0.553,1.5177,13851.67,FVG,15m,train,0.575,16895
4.0,0.167,9127,0.515,1.1872,10835.54,FVG,15m,train,0.575,16895
4.0,0.25,9127,0.466,0.6238,5693.24,FVG,15m,train,0.575,16895
4.0,0.5,9127,0.4,-0.6501,-5933.64,FVG,15m,train,0.575,16895
4.0,1.0,9127,0.343,-2.2819,-20827.13,FVG,15m,train,0.575,16895
5.0,0.083,9127,0.607,1.704,15552.77,FVG,15m,train,0.575,16895
5.0,0.125,9127,0.541,1.6581,15133.9,FVG,15m,train,0.575,16895
5.0,0.167,9127,0.5,1.3606,12418.14,FVG,15m,train,0.575,16895
5.0,0.25,9127,0.446,0.8269,7547.33,FVG,15m,train,0.575,16895
5.0,0.5,9127,0.375,-0.4515,-4120.85,FVG,15m,train,0.575,16895
5.0,1.0,9127,0.325,-2.127,-19413.4,FVG,15m,train,0.575,16895
7.0,0.083,9127,0.598,1.7187,15686.14,FVG,15m,train,0.575,16895
7.0,0.125,9127,0.528,1.7425,15903.77,FVG,15m,train,0.575,16895
7.0,0.167,9127,0.484,1.5072,13756.49,FVG,15m,train,0.575,16895
7.0,0.25,9127,0.425,1.06,9674.49,FVG,15m,train,0.575,16895
7.0,0.5,9127,0.342,-0.1606,-1466.15,FVG,15m,train,0.575,16895
7.0,1.0,9127,0.283,-1.8807,-17164.82,FVG,15m,train,0.575,16895
10.0,0.083,9127,0.596,1.7255,15748.78,FVG,15m,train,0.575,16895
10.0,0.125,9127,0.523,1.7846,16287.9,FVG,15m,train,0.575,16895
10.0,0.167,9127,0.478,1.5771,14394.46,FVG,15m,train,0.575,16895
10.0,0.25,9127,0.413,1.1703,10681.58,FVG,15m,train,0.575,16895
10.0,0.5,9127,0.321,0.0281,256.45,FVG,15m,train,0.575,16895
10.0,1.0,9127,0.249,-1.6724,-15263.91,FVG,15m,train,0.575,16895
2.0,0.083,9119,0.658,1.2035,10974.7,FVG,15m,train,0.6,16895
2.0,0.125,9119,0.609,0.891,8124.72,FVG,15m,train,0.6,16895
2.0,0.167,9119,0.578,0.5544,5055.34,FVG,15m,train,0.6,16895
2.0,0.25,9119,0.535,0.0195,177.57,FVG,15m,train,0.6,16895
2.0,0.5,9119,0.44,-1.1057,-10083.21,FVG,15m,train,0.6,16895
2.0,1.0,9119,0.29,-2.6042,-23747.67,FVG,15m,train,0.6,16895
3.0,0.083,9119,0.631,1.4745,13445.72,FVG,15m,train,0.6,16895
3.0,0.125,9119,0.576,1.2594,11484.33,FVG,15m,train,0.6,16895
3.0,0.167,9119,0.544,0.8984,8192.33,FVG,15m,train,0.6,16895
3.0,0.25,9119,0.5,0.32,2918.13,FVG,15m,train,0.6,16895
3.0,0.5,9119,0.434,-0.8962,-8172.01,FVG,15m,train,0.6,16895
3.0,1.0,9119,0.35,-2.4654,-22481.7,FVG,15m,train,0.6,16895
4.0,0.083,9119,0.615,1.6245,14814.17,FVG,15m,train,0.6,16895
4.0,0.125,9119,0.554,1.5186,13847.82,FVG,15m,train,0.6,16895
4.0,0.167,9119,0.517,1.1821,10779.66,FVG,15m,train,0.6,16895
4.0,0.25,9119,0.468,0.6095,5558.07,FVG,15m,train,0.6,16895
4.0,0.5,9119,0.401,-0.6651,-6064.82,FVG,15m,train,0.6,16895
4.0,1.0,9119,0.344,-2.2977,-20952.98,FVG,15m,train,0.6,16895
5.0,0.083,9119,0.606,1.6974,15478.84,FVG,15m,train,0.6,16895
5.0,0.125,9119,0.54,1.6492,15039.19,FVG,15m,train,0.6,16895
5.0,0.167,9119,0.5,1.3463,12276.57,FVG,15m,train,0.6,16895
5.0,0.25,9119,0.447,0.8004,7299.26,FVG,15m,train,0.6,16895
5.0,0.5,9119,0.374,-0.4919,-4485.26,FVG,15m,train,0.6,16895
5.0,1.0,9119,0.324,-2.173,-19815.15,FVG,15m,train,0.6,16895
7.0,0.083,9119,0.597,1.7148,15636.9,FVG,15m,train,0.6,16895
7.0,0.125,9119,0.527,1.7386,15854.53,FVG,15m,train,0.6,16895
7.0,0.167,9119,0.485,1.4969,13649.94,FVG,15m,train,0.6,16895
7.0,0.25,9119,0.425,1.0388,9472.71,FVG,15m,train,0.6,16895
7.0,0.5,9119,0.341,-0.1896,-1728.72,FVG,15m,train,0.6,16895
7.0,1.0,9119,0.283,-1.899,-17316.76,FVG,15m,train,0.6,16895
10.0,0.083,9119,0.594,1.7212,15695.98,FVG,15m,train,0.6,16895
10.0,0.125,9119,0.522,1.7807,16238.02,FVG,15m,train,0.6,16895
10.0,0.167,9119,0.478,1.5712,14327.85,FVG,15m,train,0.6,16895
10.0,0.25,9119,0.414,1.1667,10639.44,FVG,15m,train,0.6,16895
10.0,0.5,9119,0.321,0.0212,193.36,FVG,15m,train,0.6,16895
10.0,1.0,9119,0.25,-1.6729,-15255.02,FVG,15m,train,0.6,16895
2.0,0.083,9085,0.659,1.2046,10944.18,FVG,15m,train,0.625,16895
2.0,0.125,9085,0.611,0.8895,8081.05,FVG,15m,train,0.625,16895
2.0,0.167,9085,0.58,0.5582,5071.19,FVG,15m,train,0.625,16895
2.0,0.25,9085,0.536,0.0235,213.33,FVG,15m,train,0.625,16895
2.0,0.5,9085,0.44,-1.0966,-9962.31,FVG,15m,train,0.625,16895
2.0,1.0,9085,0.288,-2.5927,-23554.55,FVG,15m,train,0.625,16895
3.0,0.083,9085,0.632,1.4662,13320.25,FVG,15m,train,0.625,16895
3.0,0.125,9085,0.576,1.24,11265.07,FVG,15m,train,0.625,16895
3.0,0.167,9085,0.543,0.8803,7997.46,FVG,15m,train,0.625,16895
3.0,0.25,9085,0.498,0.299,2716.07,FVG,15m,train,0.625,16895
3.0,0.5,9085,0.434,-0.9075,-8244.66,FVG,15m,train,0.625,16895
3.0,1.0,9085,0.348,-2.4739,-22475.6,FVG,15m,train,0.625,16895
4.0,0.083,9085,0.616,1.6288,14797.29,FVG,15m,train,0.625,16895
4.0,0.125,9085,0.555,1.507,13691.07,FVG,15m,train,0.625,16895
4.0,0.167,9085,0.518,1.1746,10671.69,FVG,15m,train,0.625,16895
4.0,0.25,9085,0.469,0.5938,5394.93,FVG,15m,train,0.625,16895
4.0,0.5,9085,0.401,-0.6778,-6157.53,FVG,15m,train,0.625,16895
4.0,1.0,9085,0.345,-2.31,-20986.65,FVG,15m,train,0.625,16895
5.0,0.083,9085,0.606,1.6956,15404.67,FVG,15m,train,0.625,16895
5.0,0.125,9085,0.541,1.6357,14860.52,FVG,15m,train,0.625,16895
5.0,0.167,9085,0.5,1.3392,12166.46,FVG,15m,train,0.625,16895
5.0,0.25,9085,0.447,0.7905,7181.62,FVG,15m,train,0.625,16895
5.0,0.5,9085,0.375,-0.4972,-4517.05,FVG,15m,train,0.625,16895
5.0,1.0,9085,0.325,-2.1713,-19726.22,FVG,15m,train,0.625,16895
7.0,0.083,9085,0.597,1.7173,15602.08,FVG,15m,train,0.625,16895
7.0,0.125,9085,0.527,1.7259,15679.47,FVG,15m,train,0.625,16895
7.0,0.167,9085,0.484,1.4899,13535.83,FVG,15m,train,0.625,16895
7.0,0.25,9085,0.424,1.0281,9340.15,FVG,15m,train,0.625,16895
7.0,0.5,9085,0.34,-0.2043,-1856.23,FVG,15m,train,0.625,16895
7.0,1.0,9085,0.283,-1.9102,-17354.38,FVG,15m,train,0.625,16895
10.0,0.083,9085,0.594,1.7213,15638.18,FVG,15m,train,0.625,16895
10.0,0.125,9085,0.522,1.7687,16068.65,FVG,15m,train,0.625,16895
10.0,0.167,9085,0.477,1.5671,14236.93,FVG,15m,train,0.625,16895
10.0,0.25,9085,0.413,1.1577,10517.28,FVG,15m,train,0.625,16895
10.0,0.5,9085,0.32,-0.0014,-12.66,FVG,15m,train,0.625,16895
10.0,1.0,9085,0.25,-1.692,-15371.38,FVG,15m,train,0.625,16895
2.0,0.083,9064,0.657,1.167,10577.31,FVG,15m,train,0.65,16895
2.0,0.125,9064,0.609,0.8485,7690.79,FVG,15m,train,0.65,16895
2.0,0.167,9064,0.579,0.5201,4713.98,FVG,15m,train,0.65,16895
2.0,0.25,9064,0.535,-0.0094,-85.28,FVG,15m,train,0.65,16895
2.0,0.5,9064,0.438,-1.1298,-10240.61,FVG,15m,train,0.65,16895
2.0,1.0,9064,0.285,-2.6228,-23773.05,FVG,15m,train,0.65,16895
3.0,0.083,9064,0.63,1.4444,13091.97,FVG,15m,train,0.65,16895
3.0,0.125,9064,0.576,1.2126,10990.65,FVG,15m,train,0.65,16895
3.0,0.167,9064,0.543,0.8547,7747.03,FVG,15m,train,0.65,16895
3.0,0.25,9064,0.499,0.2739,2482.57,FVG,15m,train,0.65,16895
3.0,0.5,9064,0.434,-0.9259,-8392.7,FVG,15m,train,0.65,16895
3.0,1.0,9064,0.347,-2.4878,-22549.39,FVG,15m,train,0.65,16895
4.0,0.083,9064,0.615,1.6136,14625.93,FVG,15m,train,0.65,16895
4.0,0.125,9064,0.555,1.481,13423.59,FVG,15m,train,0.65,16895
4.0,0.167,9064,0.519,1.1499,10422.38,FVG,15m,train,0.65,16895
4.0,0.25,9064,0.47,0.5662,5132.4,FVG,15m,train,0.65,16895
4.0,0.5,9064,0.403,-0.7118,-6451.51,FVG,15m,train,0.65,16895
4.0,1.0,9064,0.345,-2.3434,-21240.83,FVG,15m,train,0.65,16895
5.0,0.083,9064,0.604,1.677,15200.11,FVG,15m,train,0.65,16895
5.0,0.125,9064,0.54,1.6068,14564.37,FVG,15m,train,0.65,16895
5.0,0.167,9064,0.5,1.3089,11864.0,FVG,15m,train,0.65,16895
5.0,0.25,9064,0.448,0.7632,6917.5,FVG,15m,train,0.65,16895
5.0,0.5,9064,0.375,-0.5287,-4792.14,FVG,15m,train,0.65,16895
5.0,1.0,9064,0.325,-2.2088,-20020.64,FVG,15m,train,0.65,16895
7.0,0.083,9064,0.595,1.703,15435.96,FVG,15m,train,0.65,16895
7.0,0.125,9064,0.526,1.7068,15470.5,FVG,15m,train,0.65,16895
7.0,0.167,9064,0.484,1.4669,13295.98,FVG,15m,train,0.65,16895
7.0,0.25,9064,0.425,1.0059,9117.79,FVG,15m,train,0.65,16895
7.0,0.5,9064,0.341,-0.2429,-2201.39,FVG,15m,train,0.65,16895
7.0,1.0,9064,0.283,-1.9625,-17788.5,FVG,15m,train,0.65,16895
10.0,0.083,9064,0.592,1.7107,15505.73,FVG,15m,train,0.65,16895
10.0,0.125,9064,0.52,1.7506,15867.37,FVG,15m,train,0.65,16895
10.0,0.167,9064,0.477,1.5493,14043.15,FVG,15m,train,0.65,16895
10.0,0.25,9064,0.414,1.1406,10338.6,FVG,15m,train,0.65,16895
10.0,0.5,9064,0.32,-0.0114,-103.14,FVG,15m,train,0.65,16895
10.0,1.0,9064,0.25,-1.6998,-15406.7,FVG,15m,train,0.65,16895
2.0,0.083,9065,0.654,1.1303,10246.47,FVG,15m,train,0.675,16895
2.0,0.125,9065,0.609,0.8135,7374.06,FVG,15m,train,0.675,16895
2.0,0.167,9065,0.579,0.4852,4398.39,FVG,15m,train,0.675,16895
2.0,0.25,9065,0.533,-0.0422,-382.94,FVG,15m,train,0.675,16895
2.0,0.5,9065,0.435,-1.1481,-10407.13,FVG,15m,train,0.675,16895
2.0,1.0,9065,0.28,-2.6364,-23898.79,FVG,15m,train,0.675,16895
3.0,0.083,9065,0.626,1.4103,12784.67,FVG,15m,train,0.675,16895
3.0,0.125,9065,0.574,1.1716,10620.15,FVG,15m,train,0.675,16895
3.0,0.167,9065,0.542,0.8139,7377.56,FVG,15m,train,0.675,16895
3.0,0.25,9065,0.499,0.2308,2092.51,FVG,15m,train,0.675,16895
3.0,0.5,9065,0.433,-0.9638,-8736.78,FVG,15m,train,0.675,16895
3.0,1.0,9065,0.346,-2.5192,-22836.48,FVG,15m,train,0.675,16895
4.0,0.083,9065,0.611,1.5847,14365.2,FVG,15m,train,0.675,16895
4.0,0.125,9065,0.553,1.441,13062.26,FVG,15m,train,0.675,16895
4.0,0.167,9065,0.517,1.1031,9999.23,FVG,15m,train,0.675,16895
4.0,0.25,9065,0.47,0.5142,4661.07,FVG,15m,train,0.675,16895
4.0,0.5,9065,0.403,-0.7513,-6810.72,FVG,15m,train,0.675,16895
4.0,1.0,9065,0.345,-2.3664,-21451.52,FVG,15m,train,0.675,16895
5.0,0.083,9065,0.601,1.6527,14981.78,FVG,15m,train,0.675,16895
5.0,0.125,9065,0.538,1.5735,14263.34,FVG,15m,train,0.675,16895
5.0,0.167,9065,0.499,1.2709,11520.65,FVG,15m,train,0.675,16895
5.0,0.25,9065,0.448,0.7202,6529.06,FVG,15m,train,0.675,16895
5.0,0.5,9065,0.375,-0.5705,-5171.53,FVG,15m,train,0.675,16895
5.0,1.0,9065,0.325,-2.2358,-20267.61,FVG,15m,train,0.675,16895
7.0,0.083,9065,0.591,1.6816,15243.29,FVG,15m,train,0.675,16895
7.0,0.125,9065,0.523,1.6726,15161.69,FVG,15m,train,0.675,16895
7.0,0.167,9065,0.483,1.4289,12953.39,FVG,15m,train,0.675,16895
7.0,0.25,9065,0.424,0.9561,8667.11,FVG,15m,train,0.675,16895
7.0,0.5,9065,0.339,-0.292,-2646.62,FVG,15m,train,0.675,16895
7.0,1.0,9065,0.283,-2.0028,-18155.35,FVG,15m,train,0.675,16895
10.0,0.083,9065,0.588,1.6858,15281.88,FVG,15m,train,0.675,16895
10.0,0.125,9065,0.517,1.7142,15539.21,FVG,15m,train,0.675,16895
10.0,0.167,9065,0.475,1.5092,13680.91,FVG,15m,train,0.675,16895
10.0,0.25,9065,0.412,1.0888,9869.64,FVG,15m,train,0.675,16895
10.0,0.5,9065,0.318,-0.074,-671.11,FVG,15m,train,0.675,16895
10.0,1.0,9065,0.249,-1.7674,-16021.05,FVG,15m,train,0.675,16895
2.0,0.083,9057,0.655,1.1196,10140.45,FVG,15m,train,0.7,16895
2.0,0.125,9057,0.609,0.8081,7318.88,FVG,15m,train,0.7,16895
2.0,0.167,9057,0.579,0.4822,4366.89,FVG,15m,train,0.7,16895
2.0,0.25,9057,0.534,-0.0394,-356.8,FVG,15m,train,0.7,16895
2.0,0.5,9057,0.435,-1.1419,-10342.37,FVG,15m,train,0.7,16895
2.0,1.0,9057,0.278,-2.6095,-23634.18,FVG,15m,train,0.7,16895
3.0,0.083,9057,0.625,1.3898,12587.63,FVG,15m,train,0.7,16895
3.0,0.125,9057,0.573,1.153,10442.31,FVG,15m,train,0.7,16895
3.0,0.167,9057,0.542,0.8076,7314.4,FVG,15m,train,0.7,16895
3.0,0.25,9057,0.499,0.2279,2064.17,FVG,15m,train,0.7,16895
3.0,0.5,9057,0.434,-0.9603,-8697.51,FVG,15m,train,0.7,16895
3.0,1.0,9057,0.346,-2.5096,-22729.52,FVG,15m,train,0.7,16895
4.0,0.083,9057,0.611,1.5752,14266.9,FVG,15m,train,0.7,16895
4.0,0.125,9057,0.552,1.4307,12957.63,FVG,15m,train,0.7,16895
4.0,0.167,9057,0.517,1.0972,9937.04,FVG,15m,train,0.7,16895
4.0,0.25,9057,0.47,0.5152,4665.79,FVG,15m,train,0.7,16895
4.0,0.5,9057,0.405,-0.7432,-6731.4,FVG,15m,train,0.7,16895
4.0,1.0,9057,0.347,-2.3474,-21260.01,FVG,15m,train,0.7,16895
5.0,0.083,9057,0.601,1.6487,14932.7,FVG,15m,train,0.7,16895
5.0,0.125,9057,0.538,1.576,14273.92,FVG,15m,train,0.7,16895
5.0,0.167,9057,0.5,1.2749,11546.43,FVG,15m,train,0.7,16895
5.0,0.25,9057,0.448,0.7245,6562.18,FVG,15m,train,0.7,16895
5.0,0.5,9057,0.377,-0.5674,-5139.39,FVG,15m,train,0.7,16895
5.0,1.0,9057,0.327,-2.221,-20116.0,FVG,15m,train,0.7,16895
7.0,0.083,9057,0.591,1.6777,15194.76,FVG,15m,train,0.7,16895
7.0,0.125,9057,0.523,1.6668,15096.02,FVG,15m,train,0.7,16895
7.0,0.167,9057,0.482,1.4213,12872.53,FVG,15m,train,0.7,16895
7.0,0.25,9057,0.423,0.9446,8555.23,FVG,15m,train,0.7,16895
7.0,0.5,9057,0.34,-0.3173,-2873.48,FVG,15m,train,0.7,16895
7.0,1.0,9057,0.283,-2.0251,-18341.44,FVG,15m,train,0.7,16895
10.0,0.083,9057,0.587,1.6855,15265.19,FVG,15m,train,0.7,16895
10.0,0.125,9057,0.516,1.7124,15508.85,FVG,15m,train,0.7,16895
10.0,0.167,9057,0.474,1.5094,13670.83,FVG,15m,train,0.7,16895
10.0,0.25,9057,0.41,1.0901,9873.03,FVG,15m,train,0.7,16895
10.0,0.5,9057,0.319,-0.0867,-785.5,FVG,15m,train,0.7,16895
10.0,1.0,9057,0.249,-1.7816,-16136.07,FVG,15m,train,0.7,16895
2.0,0.083,3853,0.655,1.5527,5982.38,FVG,15m,validation,0.3,5407
2.0,0.125,3853,0.615,1.2576,4845.71,FVG,15m,validation,0.3,5407
2.0,0.167,3853,0.588,0.8579,3305.66,FVG,15m,validation,0.3,5407
2.0,0.25,3853,0.562,0.2952,1137.26,FVG,15m,validation,0.3,5407
2.0,0.5,3853,0.487,-1.1321,-4361.88,FVG,15m,validation,0.3,5407
2.0,1.0,3853,0.36,-2.9975,-11549.35,FVG,15m,validation,0.3,5407
3.0,0.083,3853,0.618,1.7939,6912.02,FVG,15m,validation,0.3,5407
3.0,0.125,3853,0.571,1.5637,6024.94,FVG,15m,validation,0.3,5407
3.0,0.167,3853,0.542,1.1533,4443.73,FVG,15m,validation,0.3,5407
3.0,0.25,3853,0.51,0.5528,2129.8,FVG,15m,validation,0.3,5407
3.0,0.5,3853,0.461,-0.9411,-3626.03,FVG,15m,validation,0.3,5407
3.0,1.0,3853,0.397,-2.8753,-11078.44,FVG,15m,validation,0.3,5407
4.0,0.083,3853,0.602,1.957,7540.27,FVG,15m,validation,0.3,5407
4.0,0.125,3853,0.548,1.8231,7024.52,FVG,15m,validation,0.3,5407
4.0,0.167,3853,0.514,1.4414,5553.59,FVG,15m,validation,0.3,5407
4.0,0.25,3853,0.475,0.8737,3366.46,FVG,15m,validation,0.3,5407
4.0,0.5,3853,0.416,-0.6511,-2508.58,FVG,15m,validation,0.3,5407
4.0,1.0,3853,0.373,-2.6012,-10022.33,FVG,15m,validation,0.3,5407
5.0,0.083,3853,0.596,2.0158,7766.87,FVG,15m,validation,0.3,5407
5.0,0.125,3853,0.537,1.9617,7558.34,FVG,15m,validation,0.3,5407
5.0,0.167,3853,0.5,1.6205,6243.63,FVG,15m,validation,0.3,5407
5.0,0.25,3853,0.455,1.1061,4261.69,FVG,15m,validation,0.3,5407
5.0,0.5,3853,0.387,-0.4334,-1669.79,FVG,15m,validation,0.3,5407
5.0,1.0,3853,0.343,-2.3937,-9222.94,FVG,15m,validation,0.3,5407
7.0,0.083,3853,0.588,1.9786,7623.56,FVG,15m,validation,0.3,5407
7.0,0.125,3853,0.526,1.9953,7687.87,FVG,15m,validation,0.3,5407
7.0,0.167,3853,0.486,1.7368,6691.81,FVG,15m,validation,0.3,5407
7.0,0.25,3853,0.434,1.3013,5014.07,FVG,15m,validation,0.3,5407
7.0,0.5,3853,0.354,-0.1401,-539.9,FVG,15m,validation,0.3,5407
7.0,1.0,3853,0.3,-2.0478,-7890.24,FVG,15m,validation,0.3,5407
10.0,0.083,3853,0.584,1.9548,7531.94,FVG,15m,validation,0.3,5407
10.0,0.125,3853,0.519,1.9555,7534.53,FVG,15m,validation,0.3,5407
10.0,0.167,3853,0.478,1.7304,6667.19,FVG,15m,validation,0.3,5407
10.0,0.25,3853,0.421,1.3616,5246.15,FVG,15m,validation,0.3,5407
10.0,0.5,3853,0.331,0.0524,201.75,FVG,15m,validation,0.3,5407
10.0,1.0,3853,0.262,-1.8156,-6995.41,FVG,15m,validation,0.3,5407
2.0,0.083,3856,0.65,1.4443,5569.03,FVG,15m,validation,0.325,5407
2.0,0.125,3856,0.61,1.1341,4373.22,FVG,15m,validation,0.325,5407
2.0,0.167,3856,0.583,0.7281,2807.44,FVG,15m,validation,0.325,5407
2.0,0.25,3856,0.557,0.1609,620.53,FVG,15m,validation,0.325,5407
2.0,0.5,3856,0.482,-1.2643,-4875.15,FVG,15m,validation,0.325,5407
2.0,1.0,3856,0.354,-3.1279,-12061.17,FVG,15m,validation,0.325,5407
3.0,0.083,3856,0.613,1.6781,6470.9,FVG,15m,validation,0.325,5407
3.0,0.125,3856,0.566,1.4436,5566.7,FVG,15m,validation,0.325,5407
3.0,0.167,3856,0.537,1.026,3956.24,FVG,15m,validation,0.325,5407
3.0,0.25,3856,0.507,0.4226,1629.67,FVG,15m,validation,0.325,5407
3.0,0.5,3856,0.456,-1.0604,-4088.98,FVG,15m,validation,0.325,5407
3.0,1.0,3856,0.394,-2.9858,-11513.3,FVG,15m,validation,0.325,5407
4.0,0.083,3856,0.596,1.8492,7130.48,FVG,15m,validation,0.325,5407
4.0,0.125,3856,0.544,1.7181,6624.86,FVG,15m,validation,0.325,5407
4.0,0.167,3856,0.51,1.3353,5149.02,FVG,15m,validation,0.325,5407
4.0,0.25,3856,0.472,0.7683,2962.59,FVG,15m,validation,0.325,5407
4.0,0.5,3856,0.414,-0.7394,-2851.23,FVG,15m,validation,0.325,5407
4.0,1.0,3856,0.371,-2.6769,-10322.04,FVG,15m,validation,0.325,5407
5.0,0.083,3856,0.59,1.9165,7389.88,FVG,15m,validation,0.325,5407
5.0,0.125,3856,0.532,1.8573,7161.81,FVG,15m,validation,0.325,5407
5.0,0.167,3856,0.496,1.5171,5850.0,FVG,15m,validation,0.325,5407
5.0,0.25,3856,0.453,1.0008,3859.25,FVG,15m,validation,0.325,5407
5.0,0.5,3856,0.384,-0.528,-2035.93,FVG,15m,validation,0.325,5407
5.0,1.0,3856,0.341,-2.4763,-9548.72,FVG,15m,validation,0.325,5407
7.0,0.083,3856,0.583,1.8778,7240.94,FVG,15m,validation,0.325,5407
7.0,0.125,3856,0.521,1.8948,7306.25,FVG,15m,validation,0.325,5407
7.0,0.167,3856,0.482,1.6404,6325.31,FVG,15m,validation,0.325,5407
7.0,0.25,3856,0.43,1.2074,4655.57,FVG,15m,validation,0.325,5407
7.0,0.5,3856,0.351,-0.2399,-925.18,FVG,15m,validation,0.325,5407
7.0,1.0,3856,0.297,-2.1489,-8286.35,FVG,15m,validation,0.325,5407
10.0,0.083,3856,0.579,1.8567,7159.29,FVG,15m,validation,0.325,5407
10.0,0.125,3856,0.515,1.8545,7151.12,FVG,15m,validation,0.325,5407
10.0,0.167,3856,0.474,1.6374,6313.88,FVG,15m,validation,0.325,5407
10.0,0.25,3856,0.418,1.2696,4895.56,FVG,15m,validation,0.325,5407
10.0,0.5,3856,0.327,-0.0497,-191.49,FVG,15m,validation,0.325,5407
10.0,1.0,3856,0.259,-1.9046,-7344.12,FVG,15m,validation,0.325,5407
2.0,0.083,3855,0.65,1.4305,5514.66,FVG,15m,validation,0.35,5407
2.0,0.125,3855,0.611,1.1268,4343.85,FVG,15m,validation,0.35,5407
2.0,0.167,3855,0.584,0.7311,2818.33,FVG,15m,validation,0.35,5407
2.0,0.25,3855,0.558,0.1677,646.36,FVG,15m,validation,0.35,5407
2.0,0.5,3855,0.482,-1.2661,-4880.83,FVG,15m,validation,0.35,5407
2.0,1.0,3855,0.353,-3.1298,-12065.32,FVG,15m,validation,0.35,5407
3.0,0.083,3855,0.613,1.6649,6418.33,FVG,15m,validation,0.35,5407
3.0,0.125,3855,0.568,1.4246,5491.92,FVG,15m,validation,0.35,5407
3.0,0.167,3855,0.539,1.0099,3893.2,FVG,15m,validation,0.35,5407
3.0,0.25,3855,0.509,0.42,1619.23,FVG,15m,validation,0.35,5407
3.0,0.5,3855,0.46,-1.0605,-4088.12,FVG,15m,validation,0.35,5407
3.0,1.0,3855,0.396,-2.9919,-11533.92,FVG,15m,validation,0.35,5407
4.0,0.083,3855,0.596,1.8315,7060.41,FVG,15m,validation,0.35,5407
4.0,0.125,3855,0.544,1.693,6526.52,FVG,15m,validation,0.35,5407
4.0,0.167,3855,0.511,1.3118,5056.95,FVG,15m,validation,0.35,5407
4.0,0.25,3855,0.473,0.7384,2846.72,FVG,15m,validation,0.35,5407
4.0,0.5,3855,0.415,-0.7807,-3009.42,FVG,15m,validation,0.35,5407
4.0,1.0,3855,0.371,-2.7292,-10521.03,FVG,15m,validation,0.35,5407
5.0,0.083,3855,0.589,1.8846,7264.97,FVG,15m,validation,0.35,5407
5.0,0.125,3855,0.532,1.8346,7072.43,FVG,15m,validation,0.35,5407
5.0,0.167,3855,0.496,1.4921,5751.9,FVG,15m,validation,0.35,5407
5.0,0.25,3855,0.452,0.9694,3736.9,FVG,15m,validation,0.35,5407
5.0,0.5,3855,0.383,-0.5728,-2208.32,FVG,15m,validation,0.35,5407
5.0,1.0,3855,0.339,-2.5505,-9832.0,FVG,15m,validation,0.35,5407
7.0,0.083,3855,0.583,1.8527,7142.15,FVG,15m,validation,0.35,5407
7.0,0.125,3855,0.521,1.8716,7214.89,FVG,15m,validation,0.35,5407
7.0,0.167,3855,0.483,1.6216,6251.32,FVG,15m,validation,0.35,5407
7.0,0.25,3855,0.43,1.1939,4602.37,FVG,15m,validation,0.35,5407
7.0,0.5,3855,0.35,-0.2648,-1020.9,FVG,15m,validation,0.35,5407
7.0,1.0,3855,0.295,-2.2055,-8502.36,FVG,15m,validation,0.35,5407
10.0,0.083,3855,0.578,1.8254,7037.01,FVG,15m,validation,0.35,5407
10.0,0.125,3855,0.514,1.8253,7036.35,FVG,15m,validation,0.35,5407
10.0,0.167,3855,0.474,1.613,6217.98,FVG,15m,validation,0.35,5407
10.0,0.25,3855,0.417,1.2549,4837.66,FVG,15m,validation,0.35,5407
10.0,0.5,3855,0.327,-0.0574,-221.25,FVG,15m,validation,0.35,5407
10.0,1.0,3855,0.259,-1.9167,-7389.06,FVG,15m,validation,0.35,5407
2.0,0.083,3849,0.65,1.4185,5459.8,FVG,15m,validation,0.375,5407
2.0,0.125,3849,0.608,1.0764,4143.19,FVG,15m,validation,0.375,5407
2.0,0.167,3849,0.581,0.6806,2619.46,FVG,15m,validation,0.375,5407
2.0,0.25,3849,0.555,0.119,458.15,FVG,15m,validation,0.375,5407
2.0,0.5,3849,0.482,-1.2991,-5000.35,FVG,15m,validation,0.375,5407
2.0,1.0,3849,0.349,-3.1601,-12163.28,FVG,15m,validation,0.375,5407
3.0,0.083,3849,0.615,1.6972,6532.6,FVG,15m,validation,0.375,5407
3.0,0.125,3849,0.568,1.4657,5641.52,FVG,15m,validation,0.375,5407
3.0,0.167,3849,0.539,1.0521,4049.56,FVG,15m,validation,0.375,5407
3.0,0.25,3849,0.51,0.4437,1707.67,FVG,15m,validation,0.375,5407
3.0,0.5,3849,0.462,-1.0422,-4011.25,FVG,15m,validation,0.375,5407
3.0,1.0,3849,0.396,-2.9724,-11440.78,FVG,15m,validation,0.375,5407
4.0,0.083,3849,0.598,1.8462,7106.18,FVG,15m,validation,0.375,5407
4.0,0.125,3849,0.542,1.6956,6526.52,FVG,15m,validation,0.375,5407
4.0,0.167,3849,0.51,1.3138,5056.8,FVG,15m,validation,0.375,5407
4.0,0.25,3849,0.472,0.7269,2798.02,FVG,15m,validation,0.375,5407
4.0,0.5,3849,0.417,-0.7923,-3049.62,FVG,15m,validation,0.375,5407
4.0,1.0,3849,0.372,-2.7433,-10559.14,FVG,15m,validation,0.375,5407
5.0,0.083,3849,0.59,1.8947,7292.66,FVG,15m,validation,0.375,5407
5.0,0.125,3849,0.53,1.8414,7087.41,FVG,15m,validation,0.375,5407
5.0,0.167,3849,0.495,1.5001,5773.95,FVG,15m,validation,0.375,5407
5.0,0.25,3849,0.45,0.9601,3695.59,FVG,15m,validation,0.375,5407
5.0,0.5,3849,0.385,-0.5539,-2131.79,FVG,15m,validation,0.375,5407
5.0,1.0,3849,0.34,-2.5313,-9742.96,FVG,15m,validation,0.375,5407
7.0,0.083,3849,0.583,1.869,7193.89,FVG,15m,validation,0.375,5407
7.0,0.125,3849,0.519,1.8959,7297.41,FVG,15m,validation,0.375,5407
7.0,0.167,3849,0.481,1.6442,6328.34,FVG,15m,validation,0.375,5407
7.0,0.25,3849,0.429,1.1968,4606.52,FVG,15m,validation,0.375,5407
7.0,0.5,3849,0.351,-0.2747,-1057.5,FVG,15m,validation,0.375,5407
7.0,1.0,3849,0.295,-2.2285,-8577.57,FVG,15m,validation,0.375,5407
10.0,0.083,3849,0.579,1.8436,7095.93,FVG,15m,validation,0.375,5407
10.0,0.125,3849,0.512,1.8372,7071.36,FVG,15m,validation,0.375,5407
10.0,0.167,3849,0.472,1.6248,6253.97,FVG,15m,validation,0.375,5407
10.0,0.25,3849,0.415,1.253,4822.92,FVG,15m,validation,0.375,5407
10.0,0.5,3849,0.328,-0.0672,-258.58,FVG,15m,validation,0.375,5407
10.0,1.0,3849,0.259,-1.9528,-7516.36,FVG,15m,validation,0.375,5407
2.0,0.083,3835,0.649,1.4154,5428.15,FVG,15m,validation,0.4,5407
2.0,0.125,3835,0.608,1.0775,4132.16,FVG,15m,validation,0.4,5407
2.0,0.167,3835,0.581,0.6758,2591.62,FVG,15m,validation,0.4,5407
2.0,0.25,3835,0.552,0.0973,372.99,FVG,15m,validation,0.4,5407
2.0,0.5,3835,0.477,-1.3142,-5039.92,FVG,15m,validation,0.4,5407
2.0,1.0,3835,0.343,-3.1798,-12194.46,FVG,15m,validation,0.4,5407
3.0,0.083,3835,0.613,1.6803,6443.8,FVG,15m,validation,0.4,5407
3.0,0.125,3835,0.566,1.4381,5514.99,FVG,15m,validation,0.4,5407
3.0,0.167,3835,0.54,1.0369,3976.54,FVG,15m,validation,0.4,5407
3.0,0.25,3835,0.509,0.4233,1623.53,FVG,15m,validation,0.4,5407
3.0,0.5,3835,0.465,-1.0387,-3983.26,FVG,15m,validation,0.4,5407
3.0,1.0,3835,0.396,-2.9633,-11364.14,FVG,15m,validation,0.4,5407
4.0,0.083,3835,0.596,1.8463,7080.49,FVG,15m,validation,0.4,5407
4.0,0.125,3835,0.542,1.6988,6514.95,FVG,15m,validation,0.4,5407
4.0,0.167,3835,0.511,1.3152,5043.71,FVG,15m,validation,0.4,5407
4.0,0.25,3835,0.472,0.7257,2782.96,FVG,15m,validation,0.4,5407
4.0,0.5,3835,0.418,-0.789,-3025.65,FVG,15m,validation,0.4,5407
4.0,1.0,3835,0.371,-2.7318,-10476.35,FVG,15m,validation,0.4,5407
5.0,0.083,3835,0.588,1.8858,7232.19,FVG,15m,validation,0.4,5407
5.0,0.125,3835,0.529,1.8327,7028.32,FVG,15m,validation,0.4,5407
5.0,0.167,3835,0.495,1.4918,5721.14,FVG,15m,validation,0.4,5407
5.0,0.25,3835,0.449,0.94,3604.87,FVG,15m,validation,0.4,5407
5.0,0.5,3835,0.387,-0.5605,-2149.57,FVG,15m,validation,0.4,5407
5.0,1.0,3835,0.341,-2.5447,-9758.91,FVG,15m,validation,0.4,5407
7.0,0.083,3835,0.581,1.8757,7193.37,FVG,15m,validation,0.4,5407
7.0,0.125,3835,0.518,1.9132,7337.12,FVG,15m,validation,0.4,5407
7.0,0.167,3835,0.481,1.6554,6348.34,FVG,15m,validation,0.4,5407
7.0,0.25,3835,0.427,1.2028,4612.6,FVG,15m,validation,0.4,5407
7.0,0.5,3835,0.352,-0.2599,-996.58,FVG,15m,validation,0.4,5407
7.0,1.0,3835,0.295,-2.2169,-8501.93,FVG,15m,validation,0.4,5407
10.0,0.083,3835,0.576,1.8348,7036.52,FVG,15m,validation,0.4,5407
10.0,0.125,3835,0.51,1.8383,7049.91,FVG,15m,validation,0.4,5407
10.0,0.167,3835,0.472,1.6183,6206.13,FVG,15m,validation,0.4,5407
10.0,0.25,3835,0.413,1.2313,4721.99,FVG,15m,validation,0.4,5407
10.0,0.5,3835,0.328,-0.0687,-263.33,FVG,15m,validation,0.4,5407
10.0,1.0,3835,0.258,-1.9637,-7530.96,FVG,15m,validation,0.4,5407
2.0,0.083,3827,0.65,1.4768,5651.63,FVG,15m,validation,0.425,5407
2.0,0.125,3827,0.61,1.1052,4229.6,FVG,15m,validation,0.425,5407
2.0,0.167,3827,0.582,0.714,2732.31,FVG,15m,validation,0.425,5407
2.0,0.25,3827,0.551,0.1067,408.31,FVG,15m,validation,0.425,5407
2.0,0.5,3827,0.476,-1.3004,-4976.76,FVG,15m,validation,0.425,5407
2.0,1.0,3827,0.34,-3.1663,-12117.51,FVG,15m,validation,0.425,5407
3.0,0.083,3827,0.613,1.7052,6525.63,FVG,15m,validation,0.425,5407
3.0,0.125,3827,0.565,1.4408,5513.83,FVG,15m,validation,0.425,5407
3.0,0.167,3827,0.539,1.0394,3977.68,FVG,15m,validation,0.425,5407
3.0,0.25,3827,0.509,0.4071,1558.04,FVG,15m,validation,0.425,5407
3.0,0.5,3827,0.463,-1.0451,-3999.53,FVG,15m,validation,0.425,5407
3.0,1.0,3827,0.395,-2.9612,-11332.58,FVG,15m,validation,0.425,5407
4.0,0.083,3827,0.597,1.8789,7190.41,FVG,15m,validation,0.425,5407
4.0,0.125,3827,0.541,1.7025,6515.62,FVG,15m,validation,0.425,5407
4.0,0.167,3827,0.511,1.3218,5058.44,FVG,15m,validation,0.425,5407
4.0,0.25,3827,0.472,0.7072,2706.28,FVG,15m,validation,0.425,5407
4.0,0.5,3827,0.42,-0.7853,-3005.39,FVG,15m,validation,0.425,5407
4.0,1.0,3827,0.373,-2.7296,-10446.24,FVG,15m,validation,0.425,5407
5.0,0.083,3827,0.589,1.9269,7374.32,FVG,15m,validation,0.425,5407
5.0,0.125,3827,0.528,1.843,7053.01,FVG,15m,validation,0.425,5407
5.0,0.167,3827,0.495,1.5144,5795.77,FVG,15m,validation,0.425,5407
5.0,0.25,3827,0.449,0.9233,3533.62,FVG,15m,validation,0.425,5407
5.0,0.5,3827,0.387,-0.5701,-2181.68,FVG,15m,validation,0.425,5407
5.0,1.0,3827,0.343,-2.556,-9781.97,FVG,15m,validation,0.425,5407
7.0,0.083,3827,0.581,1.92,7347.74,FVG,15m,validation,0.425,5407
7.0,0.125,3827,0.516,1.9301,7386.46,FVG,15m,validation,0.425,5407
7.0,0.167,3827,0.48,1.6786,6424.06,FVG,15m,validation,0.425,5407
7.0,0.25,3827,0.426,1.2021,4600.46,FVG,15m,validation,0.425,5407
7.0,0.5,3827,0.35,-0.282,-1079.26,FVG,15m,validation,0.425,5407
7.0,1.0,3827,0.295,-2.2288,-8529.58,FVG,15m,validation,0.425,5407
10.0,0.083,3827,0.576,1.8716,7162.57,FVG,15m,validation,0.425,5407
10.0,0.125,3827,0.508,1.8482,7073.11,FVG,15m,validation,0.425,5407
10.0,0.167,3827,0.47,1.6466,6301.67,FVG,15m,validation,0.425,5407
10.0,0.25,3827,0.412,1.2512,4788.47,FVG,15m,validation,0.425,5407
10.0,0.5,3827,0.327,-0.05,-191.49,FVG,15m,validation,0.425,5407
10.0,1.0,3827,0.258,-1.9318,-7392.93,FVG,15m,validation,0.425,5407
2.0,0.083,3818,0.651,1.412,5390.99,FVG,15m,validation,0.45,5407
2.0,0.125,3818,0.611,1.0588,4042.48,FVG,15m,validation,0.45,5407
2.0,0.167,3818,0.581,0.649,2478.01,FVG,15m,validation,0.45,5407
2.0,0.25,3818,0.55,0.0555,211.89,FVG,15m,validation,0.45,5407
2.0,0.5,3818,0.474,-1.3432,-5128.38,FVG,15m,validation,0.45,5407
2.0,1.0,3818,0.335,-3.206,-12240.55,FVG,15m,validation,0.45,5407
3.0,0.083,3818,0.614,1.6629,6349.13,FVG,15m,validation,0.45,5407
3.0,0.125,3818,0.567,1.4247,5439.33,FVG,15m,validation,0.45,5407
3.0,0.167,3818,0.54,1.0124,3865.5,FVG,15m,validation,0.45,5407
3.0,0.25,3818,0.511,0.393,1500.36,FVG,15m,validation,0.45,5407
3.0,0.5,3818,0.465,-1.0573,-4036.8,FVG,15m,validation,0.45,5407
3.0,1.0,3818,0.395,-2.9719,-11346.75,FVG,15m,validation,0.45,5407
4.0,0.083,3818,0.595,1.8224,6958.07,FVG,15m,validation,0.45,5407
4.0,0.125,3818,0.541,1.6624,6347.2,FVG,15m,validation,0.45,5407
4.0,0.167,3818,0.509,1.2598,4809.97,FVG,15m,validation,0.45,5407
4.0,0.25,3818,0.472,0.6528,2492.52,FVG,15m,validation,0.45,5407
4.0,0.5,3818,0.42,-0.8425,-3216.55,FVG,15m,validation,0.45,5407
4.0,1.0,3818,0.373,-2.7962,-10675.98,FVG,15m,validation,0.45,5407
5.0,0.083,3818,0.587,1.8729,7150.74,FVG,15m,validation,0.45,5407
5.0,0.125,3818,0.527,1.7972,6861.7,FVG,15m,validation,0.45,5407
5.0,0.167,3818,0.492,1.4467,5523.35,FVG,15m,validation,0.45,5407
5.0,0.25,3818,0.448,0.8604,3284.97,FVG,15m,validation,0.45,5407
5.0,0.5,3818,0.386,-0.6195,-2365.16,FVG,15m,validation,0.45,5407
5.0,1.0,3818,0.343,-2.6022,-9935.06,FVG,15m,validation,0.45,5407
7.0,0.083,3818,0.579,1.8671,7128.53,FVG,15m,validation,0.45,5407
7.0,0.125,3818,0.515,1.8904,7217.46,FVG,15m,validation,0.45,5407
7.0,0.167,3818,0.477,1.6198,6184.4,FVG,15m,validation,0.45,5407
7.0,0.25,3818,0.425,1.1324,4323.66,FVG,15m,validation,0.45,5407
7.0,0.5,3818,0.35,-0.3525,-1345.66,FVG,15m,validation,0.45,5407
7.0,1.0,3818,0.294,-2.3161,-8842.69,FVG,15m,validation,0.45,5407
10.0,0.083,3818,0.574,1.8221,6956.82,FVG,15m,validation,0.45,5407
10.0,0.125,3818,0.507,1.812,6918.38,FVG,15m,validation,0.45,5407
10.0,0.167,3818,0.467,1.5882,6063.63,FVG,15m,validation,0.45,5407
10.0,0.25,3818,0.41,1.1823,4514.07,FVG,15m,validation,0.45,5407
10.0,0.5,3818,0.327,-0.1162,-443.79,FVG,15m,validation,0.45,5407
10.0,1.0,3818,0.257,-2.0025,-7645.53,FVG,15m,validation,0.45,5407
2.0,0.083,3816,0.65,1.39,5304.24,FVG,15m,validation,0.475,5407
2.0,0.125,3816,0.61,1.0197,3891.01,FVG,15m,validation,0.475,5407
2.0,0.167,3816,0.581,0.6123,2336.67,FVG,15m,validation,0.475,5407
2.0,0.25,3816,0.548,0.006,22.75,FVG,15m,validation,0.475,5407
2.0,0.5,3816,0.471,-1.3596,-5188.11,FVG,15m,validation,0.475,5407
2.0,1.0,3816,0.33,-3.2195,-12285.56,FVG,15m,validation,0.475,5407
3.0,0.083,3816,0.612,1.6567,6322.03,FVG,15m,validation,0.475,5407
3.0,0.125,3816,0.567,1.4064,5366.94,FVG,15m,validation,0.475,5407
3.0,0.167,3816,0.539,0.9898,3777.1,FVG,15m,validation,0.475,5407
3.0,0.25,3816,0.509,0.3657,1395.5,FVG,15m,validation,0.475,5407
3.0,0.5,3816,0.465,-1.0583,-4038.52,FVG,15m,validation,0.475,5407
3.0,1.0,3816,0.392,-2.9657,-11317.04,FVG,15m,validation,0.475,5407
4.0,0.083,3816,0.593,1.8061,6892.23,FVG,15m,validation,0.475,5407
4.0,0.125,3816,0.54,1.6303,6221.13,FVG,15m,validation,0.475,5407
4.0,0.167,3816,0.508,1.2314,4698.94,FVG,15m,validation,0.475,5407
4.0,0.25,3816,0.47,0.6093,2325.27,FVG,15m,validation,0.475,5407
4.0,0.5,3816,0.42,-0.8622,-3290.24,FVG,15m,validation,0.475,5407
4.0,1.0,3816,0.372,-2.8182,-10754.38,FVG,15m,validation,0.475,5407
5.0,0.083,3816,0.585,1.9196,7325.07,FVG,15m,validation,0.475,5407
5.0,0.125,3816,0.526,1.8226,6954.97,FVG,15m,validation,0.475,5407
5.0,0.167,3816,0.49,1.4655,5592.31,FVG,15m,validation,0.475,5407
5.0,0.25,3816,0.445,0.8513,3248.68,FVG,15m,validation,0.475,5407
5.0,0.5,3816,0.385,-0.6024,-2298.95,FVG,15m,validation,0.475,5407
5.0,1.0,3816,0.34,-2.5967,-9909.19,FVG,15m,validation,0.475,5407
7.0,0.083,3816,0.577,1.8603,7098.88,FVG,15m,validation,0.475,5407
7.0,0.125,3816,0.514,1.8705,7137.87,FVG,15m,validation,0.475,5407
7.0,0.167,3816,0.475,1.5867,6054.72,FVG,15m,validation,0.475,5407
7.0,0.25,3816,0.422,1.0792,4118.35,FVG,15m,validation,0.475,5407
7.0,0.5,3816,0.35,-0.3575,-1364.2,FVG,15m,validation,0.475,5407
7.0,1.0,3816,0.293,-2.3348,-8909.55,FVG,15m,validation,0.475,5407
10.0,0.083,3816,0.573,1.8222,6953.57,FVG,15m,validation,0.475,5407
10.0,0.125,3816,0.507,1.8048,6887.02,FVG,15m,validation,0.475,5407
10.0,0.167,3816,0.465,1.5696,5989.43,FVG,15m,validation,0.475,5407
10.0,0.25,3816,0.408,1.1456,4371.6,FVG,15m,validation,0.475,5407
10.0,0.5,3816,0.326,-0.1253,-477.96,FVG,15m,validation,0.475,5407
10.0,1.0,3816,0.256,-2.0309,-7749.75,FVG,15m,validation,0.475,5407
2.0,0.083,3806,0.652,1.4133,5378.86,FVG,15m,validation,0.5,5407
2.0,0.125,3806,0.611,1.0401,3958.64,FVG,15m,validation,0.5,5407
2.0,0.167,3806,0.584,0.6468,2461.71,FVG,15m,validation,0.5,5407
2.0,0.25,3806,0.549,0.0416,158.37,FVG,15m,validation,0.5,5407
2.0,0.5,3806,0.47,-1.3327,-5072.09,FVG,15m,validation,0.5,5407
2.0,1.0,3806,0.328,-3.1976,-12170.0,FVG,15m,validation,0.5,5407
3.0,0.083,3806,0.615,1.6858,6416.18,FVG,15m,validation,0.5,5407
3.0,0.125,3806,0.568,1.4374,5470.67,FVG,15m,validation,0.5,5407
3.0,0.167,3806,0.541,1.0221,3889.93,FVG,15m,validation,0.5,5407
3.0,0.25,3806,0.51,0.3991,1518.89,FVG,15m,validation,0.5,5407
3.0,0.5,3806,0.466,-1.0332,-3932.42,FVG,15m,validation,0.5,5407
3.0,1.0,3806,0.39,-2.9371,-11178.42,FVG,15m,validation,0.5,5407
4.0,0.083,3806,0.596,1.8512,7045.54,FVG,15m,validation,0.5,5407
4.0,0.125,3806,0.541,1.6724,6365.29,FVG,15m,validation,0.5,5407
4.0,0.167,3806,0.51,1.2855,4892.65,FVG,15m,validation,0.5,5407
4.0,0.25,3806,0.471,0.649,2470.2,FVG,15m,validation,0.5,5407
4.0,0.5,3806,0.422,-0.8286,-3153.51,FVG,15m,validation,0.5,5407
4.0,1.0,3806,0.375,-2.7897,-10617.48,FVG,15m,validation,0.5,5407
5.0,0.083,3806,0.587,1.9521,7429.7,FVG,15m,validation,0.5,5407
5.0,0.125,3806,0.525,1.8318,6971.73,FVG,15m,validation,0.5,5407
5.0,0.167,3806,0.49,1.4822,5641.34,FVG,15m,validation,0.5,5407
5.0,0.25,3806,0.444,0.8516,3241.3,FVG,15m,validation,0.5,5407
5.0,0.5,3806,0.384,-0.6297,-2396.62,FVG,15m,validation,0.5,5407
5.0,1.0,3806,0.34,-2.6182,-9964.71,FVG,15m,validation,0.5,5407
7.0,0.083,3806,0.579,1.9013,7236.32,FVG,15m,validation,0.5,5407
7.0,0.125,3806,0.514,1.898,7223.95,FVG,15m,validation,0.5,5407
7.0,0.167,3806,0.475,1.6206,6168.12,FVG,15m,validation,0.5,5407
7.0,0.25,3806,0.422,1.0953,4168.75,FVG,15m,validation,0.5,5407
7.0,0.5,3806,0.35,-0.3612,-1374.64,FVG,15m,validation,0.5,5407
7.0,1.0,3806,0.293,-2.3559,-8966.46,FVG,15m,validation,0.5,5407
10.0,0.083,3806,0.575,1.8712,7121.87,FVG,15m,validation,0.5,5407
10.0,0.125,3806,0.507,1.8453,7023.19,FVG,15m,validation,0.5,5407
10.0,0.167,3806,0.465,1.6145,6144.88,FVG,15m,validation,0.5,5407
10.0,0.25,3806,0.408,1.1868,4516.94,FVG,15m,validation,0.5,5407
10.0,0.5,3806,0.325,-0.1081,-411.62,FVG,15m,validation,0.5,5407
10.0,1.0,3806,0.256,-2.0284,-7720.25,FVG,15m,validation,0.5,5407
2.0,0.083,3790,0.654,1.39,5268.05,FVG,15m,validation,0.525,5407
2.0,0.125,3790,0.614,1.0146,3845.5,FVG,15m,validation,0.525,5407
2.0,0.167,3790,0.586,0.637,2414.05,FVG,15m,validation,0.525,5407
2.0,0.25,3790,0.55,0.043,162.87,FVG,15m,validation,0.525,5407
2.0,0.5,3790,0.47,-1.3197,-5001.63,FVG,15m,validation,0.525,5407
2.0,1.0,3790,0.325,-3.1796,-12050.85,FVG,15m,validation,0.525,5407
3.0,0.083,3790,0.617,1.6749,6347.94,FVG,15m,validation,0.525,5407
3.0,0.125,3790,0.571,1.4154,5364.46,FVG,15m,validation,0.525,5407
3.0,0.167,3790,0.543,1.011,3831.55,FVG,15m,validation,0.525,5407
3.0,0.25,3790,0.511,0.3885,1472.55,FVG,15m,validation,0.525,5407
3.0,0.5,3790,0.466,-1.0475,-3970.01,FVG,15m,validation,0.525,5407
3.0,1.0,3790,0.39,-2.9429,-11153.57,FVG,15m,validation,0.525,5407
4.0,0.083,3790,0.595,1.8204,6899.44,FVG,15m,validation,0.525,5407
4.0,0.125,3790,0.541,1.6506,6255.59,FVG,15m,validation,0.525,5407
4.0,0.167,3790,0.51,1.2768,4839.16,FVG,15m,validation,0.525,5407
4.0,0.25,3790,0.47,0.6411,2429.61,FVG,15m,validation,0.525,5407
4.0,0.5,3790,0.422,-0.8438,-3197.86,FVG,15m,validation,0.525,5407
4.0,1.0,3790,0.376,-2.8049,-10630.42,FVG,15m,validation,0.525,5407
5.0,0.083,3790,0.587,1.9381,7345.3,FVG,15m,validation,0.525,5407
5.0,0.125,3790,0.527,1.8286,6930.39,FVG,15m,validation,0.525,5407
5.0,0.167,3790,0.49,1.4836,5622.76,FVG,15m,validation,0.525,5407
5.0,0.25,3790,0.445,0.8675,3287.73,FVG,15m,validation,0.525,5407
5.0,0.5,3790,0.384,-0.6311,-2391.94,FVG,15m,validation,0.525,5407
5.0,1.0,3790,0.342,-2.5833,-9790.73,FVG,15m,validation,0.525,5407
7.0,0.083,3790,0.577,1.8762,7110.87,FVG,15m,validation,0.525,5407
7.0,0.125,3790,0.515,1.8861,7148.23,FVG,15m,validation,0.525,5407
7.0,0.167,3790,0.474,1.6173,6129.56,FVG,15m,validation,0.525,5407
7.0,0.25,3790,0.421,1.0967,4156.66,FVG,15m,validation,0.525,5407
7.0,0.5,3790,0.347,-0.4054,-1536.65,FVG,15m,validation,0.525,5407
7.0,1.0,3790,0.294,-2.4014,-9101.33,FVG,15m,validation,0.525,5407
10.0,0.083,3790,0.574,1.8427,6984.01,FVG,15m,validation,0.525,5407
10.0,0.125,3790,0.507,1.8235,6911.2,FVG,15m,validation,0.525,5407
10.0,0.167,3790,0.464,1.5986,6058.79,FVG,15m,validation,0.525,5407
10.0,0.25,3790,0.406,1.1693,4431.73,FVG,15m,validation,0.525,5407
10.0,0.5,3790,0.321,-0.1706,-646.55,FVG,15m,validation,0.525,5407
10.0,1.0,3790,0.254,-2.1013,-7963.97,FVG,15m,validation,0.525,5407
2.0,0.083,3785,0.652,1.3953,5281.06,FVG,15m,validation,0.55,5407
2.0,0.125,3785,0.612,1.0145,3840.03,FVG,15m,validation,0.55,5407
2.0,0.167,3785,0.586,0.6355,2405.55,FVG,15m,validation,0.55,5407
2.0,0.25,3785,0.55,0.0409,154.85,FVG,15m,validation,0.55,5407
2.0,0.5,3785,0.466,-1.3266,-5021.12,FVG,15m,validation,0.55,5407
2.0,1.0,3785,0.324,-3.1904,-12075.8,FVG,15m,validation,0.55,5407
3.0,0.083,3785,0.615,1.6729,6331.87,FVG,15m,validation,0.55,5407
3.0,0.125,3785,0.569,1.4018,5305.98,FVG,15m,validation,0.55,5407
3.0,0.167,3785,0.542,0.9944,3763.71,FVG,15m,validation,0.55,5407
3.0,0.25,3785,0.51,0.376,1423.0,FVG,15m,validation,0.55,5407
3.0,0.5,3785,0.464,-1.0717,-4056.23,FVG,15m,validation,0.55,5407
3.0,1.0,3785,0.388,-2.9744,-11258.24,FVG,15m,validation,0.55,5407
4.0,0.083,3785,0.593,1.8255,6909.42,FVG,15m,validation,0.55,5407
4.0,0.125,3785,0.54,1.6516,6251.45,FVG,15m,validation,0.55,5407
4.0,0.167,3785,0.509,1.2728,4817.39,FVG,15m,validation,0.55,5407
4.0,0.25,3785,0.47,0.6283,2378.01,FVG,15m,validation,0.55,5407
4.0,0.5,3785,0.421,-0.8493,-3214.6,FVG,15m,validation,0.55,5407
4.0,1.0,3785,0.377,-2.8046,-10615.29,FVG,15m,validation,0.55,5407
5.0,0.083,3785,0.585,1.938,7335.24,FVG,15m,validation,0.55,5407
5.0,0.125,3785,0.525,1.8205,6890.61,FVG,15m,validation,0.55,5407
5.0,0.167,3785,0.488,1.4793,5599.24,FVG,15m,validation,0.55,5407
5.0,0.25,3785,0.444,0.8747,3310.73,FVG,15m,validation,0.55,5407
5.0,0.5,3785,0.383,-0.6441,-2437.94,FVG,15m,validation,0.55,5407
5.0,1.0,3785,0.342,-2.6049,-9859.4,FVG,15m,validation,0.55,5407
7.0,0.083,3785,0.575,1.8751,7097.07,FVG,15m,validation,0.55,5407
7.0,0.125,3785,0.512,1.8747,7095.84,FVG,15m,validation,0.55,5407
7.0,0.167,3785,0.472,1.6053,6076.09,FVG,15m,validation,0.55,5407
7.0,0.25,3785,0.421,1.1076,4192.45,FVG,15m,validation,0.55,5407
7.0,0.5,3785,0.347,-0.4237,-1603.6,FVG,15m,validation,0.55,5407
7.0,1.0,3785,0.295,-2.4177,-9150.97,FVG,15m,validation,0.55,5407
10.0,0.083,3785,0.571,1.8472,6991.51,FVG,15m,validation,0.55,5407
10.0,0.125,3785,0.505,1.8204,6890.2,FVG,15m,validation,0.55,5407
10.0,0.167,3785,0.462,1.5971,6045.07,FVG,15m,validation,0.55,5407
10.0,0.25,3785,0.406,1.1779,4458.4,FVG,15m,validation,0.55,5407
10.0,0.5,3785,0.319,-0.1859,-703.6,FVG,15m,validation,0.55,5407
10.0,1.0,3785,0.254,-2.1267,-8049.55,FVG,15m,validation,0.55,5407
2.0,0.083,3779,0.651,1.3443,5080.24,FVG,15m,validation,0.575,5407
2.0,0.125,3779,0.612,0.9495,3588.32,FVG,15m,validation,0.575,5407
2.0,0.167,3779,0.587,0.5919,2236.96,FVG,15m,validation,0.575,5407
2.0,0.25,3779,0.552,-0.0116,-43.82,FVG,15m,validation,0.575,5407
2.0,0.5,3779,0.467,-1.3727,-5187.28,FVG,15m,validation,0.575,5407
2.0,1.0,3779,0.32,-3.2391,-12240.43,FVG,15m,validation,0.575,5407
3.0,0.083,3779,0.612,1.6227,6132.12,FVG,15m,validation,0.575,5407
3.0,0.125,3779,0.568,1.3291,5022.5,FVG,15m,validation,0.575,5407
3.0,0.167,3779,0.541,0.9359,3536.74,FVG,15m,validation,0.575,5407
3.0,0.25,3779,0.51,0.3075,1161.9,FVG,15m,validation,0.575,5407
3.0,0.5,3779,0.464,-1.1405,-4309.84,FVG,15m,validation,0.575,5407
3.0,1.0,3779,0.385,-3.0472,-11515.28,FVG,15m,validation,0.575,5407
4.0,0.083,3779,0.591,1.7835,6740.02,FVG,15m,validation,0.575,5407
4.0,0.125,3779,0.539,1.6166,6109.04,FVG,15m,validation,0.575,5407
4.0,0.167,3779,0.51,1.2469,4712.2,FVG,15m,validation,0.575,5407
4.0,0.25,3779,0.472,0.5873,2219.47,FVG,15m,validation,0.575,5407
4.0,0.5,3779,0.424,-0.8954,-3383.77,FVG,15m,validation,0.575,5407
4.0,1.0,3779,0.377,-2.8495,-10768.09,FVG,15m,validation,0.575,5407
5.0,0.083,3779,0.582,1.9059,7202.57,FVG,15m,validation,0.575,5407
5.0,0.125,3779,0.524,1.7864,6750.83,FVG,15m,validation,0.575,5407
5.0,0.167,3779,0.488,1.4453,5461.72,FVG,15m,validation,0.575,5407
5.0,0.25,3779,0.444,0.8218,3105.58,FVG,15m,validation,0.575,5407
5.0,0.5,3779,0.385,-0.6977,-2636.57,FVG,15m,validation,0.575,5407
5.0,1.0,3779,0.343,-2.6788,-10123.32,FVG,15m,validation,0.575,5407
7.0,0.083,3779,0.573,1.8396,6951.95,FVG,15m,validation,0.575,5407
7.0,0.125,3779,0.51,1.8296,6913.97,FVG,15m,validation,0.575,5407
7.0,0.167,3779,0.471,1.5645,5912.08,FVG,15m,validation,0.575,5407
7.0,0.25,3779,0.42,1.0464,3954.27,FVG,15m,validation,0.575,5407
7.0,0.5,3779,0.348,-0.491,-1855.67,FVG,15m,validation,0.575,5407
7.0,1.0,3779,0.295,-2.5093,-9482.83,FVG,15m,validation,0.575,5407
10.0,0.083,3779,0.57,1.8175,6868.19,FVG,15m,validation,0.575,5407
10.0,0.125,3779,0.503,1.7885,6758.66,FVG,15m,validation,0.575,5407
10.0,0.167,3779,0.461,1.5728,5943.74,FVG,15m,validation,0.575,5407
10.0,0.25,3779,0.405,1.1412,4312.76,FVG,15m,validation,0.575,5407
10.0,0.5,3779,0.321,-0.2279,-861.29,FVG,15m,validation,0.575,5407
10.0,1.0,3779,0.255,-2.1884,-8269.8,FVG,15m,validation,0.575,5407
2.0,0.083,3775,0.654,1.352,5103.8,FVG,15m,validation,0.6,5407
2.0,0.125,3775,0.615,0.9533,3598.67,FVG,15m,validation,0.6,5407
2.0,0.167,3775,0.589,0.5815,2195.32,FVG,15m,validation,0.6,5407
2.0,0.25,3775,0.553,-0.0154,-58.04,FVG,15m,validation,0.6,5407
2.0,0.5,3775,0.466,-1.3756,-5192.85,FVG,15m,validation,0.6,5407
2.0,1.0,3775,0.314,-3.2427,-12241.3,FVG,15m,validation,0.6,5407
3.0,0.083,3775,0.614,1.6341,6168.59,FVG,15m,validation,0.6,5407
3.0,0.125,3775,0.569,1.3394,5056.32,FVG,15m,validation,0.6,5407
3.0,0.167,3775,0.541,0.937,3537.36,FVG,15m,validation,0.6,5407
3.0,0.25,3775,0.511,0.3114,1175.52,FVG,15m,validation,0.6,5407
3.0,0.5,3775,0.465,-1.1356,-4286.83,FVG,15m,validation,0.6,5407
3.0,1.0,3775,0.384,-3.0424,-11484.93,FVG,15m,validation,0.6,5407
4.0,0.083,3775,0.594,1.8064,6819.24,FVG,15m,validation,0.6,5407
4.0,0.125,3775,0.541,1.6396,6189.49,FVG,15m,validation,0.6,5407
4.0,0.167,3775,0.511,1.2556,4740.02,FVG,15m,validation,0.6,5407
4.0,0.25,3775,0.474,0.6026,2274.63,FVG,15m,validation,0.6,5407
4.0,0.5,3775,0.428,-0.8843,-3338.1,FVG,15m,validation,0.6,5407
4.0,1.0,3775,0.379,-2.8364,-10707.31,FVG,15m,validation,0.6,5407
5.0,0.083,3775,0.584,1.8669,7047.72,FVG,15m,validation,0.6,5407
5.0,0.125,3775,0.526,1.7727,6691.87,FVG,15m,validation,0.6,5407
5.0,0.167,3775,0.49,1.4249,5378.94,FVG,15m,validation,0.6,5407
5.0,0.25,3775,0.447,0.8013,3025.09,FVG,15m,validation,0.6,5407
5.0,0.5,3775,0.389,-0.7015,-2648.33,FVG,15m,validation,0.6,5407
5.0,1.0,3775,0.345,-2.6851,-10136.43,FVG,15m,validation,0.6,5407
7.0,0.083,3775,0.575,1.8137,6846.89,FVG,15m,validation,0.6,5407
7.0,0.125,3775,0.511,1.8025,6804.47,FVG,15m,validation,0.6,5407
7.0,0.167,3775,0.47,1.5349,5794.37,FVG,15m,validation,0.6,5407
7.0,0.25,3775,0.42,1.0084,3806.84,FVG,15m,validation,0.6,5407
7.0,0.5,3775,0.35,-0.5176,-1953.82,FVG,15m,validation,0.6,5407
7.0,1.0,3775,0.297,-2.5372,-9577.84,FVG,15m,validation,0.6,5407
10.0,0.083,3775,0.571,1.7918,6763.92,FVG,15m,validation,0.6,5407
10.0,0.125,3775,0.504,1.768,6674.23,FVG,15m,validation,0.6,5407
10.0,0.167,3775,0.46,1.5443,5829.91,FVG,15m,validation,0.6,5407
10.0,0.25,3775,0.405,1.1091,4186.82,FVG,15m,validation,0.6,5407
10.0,0.5,3775,0.322,-0.2767,-1044.69,FVG,15m,validation,0.6,5407
10.0,1.0,3775,0.256,-2.2433,-8468.57,FVG,15m,validation,0.6,5407
2.0,0.083,3766,0.654,1.3366,5033.53,FVG,15m,validation,0.625,5407
2.0,0.125,3766,0.615,0.9307,3505.08,FVG,15m,validation,0.625,5407
2.0,0.167,3766,0.591,0.5629,2119.9,FVG,15m,validation,0.625,5407
2.0,0.25,3766,0.552,-0.0309,-116.25,FVG,15m,validation,0.625,5407
2.0,0.5,3766,0.464,-1.3851,-5216.31,FVG,15m,validation,0.625,5407
2.0,1.0,3766,0.311,-3.2483,-12233.02,FVG,15m,validation,0.625,5407
3.0,0.083,3766,0.616,1.6651,6270.72,FVG,15m,validation,0.625,5407
3.0,0.125,3766,0.571,1.3612,5126.17,FVG,15m,validation,0.625,5407
3.0,0.167,3766,0.547,0.9566,3602.69,FVG,15m,validation,0.625,5407
3.0,0.25,3766,0.514,0.3351,1262.09,FVG,15m,validation,0.625,5407
3.0,0.5,3766,0.469,-1.0921,-4112.74,FVG,15m,validation,0.625,5407
3.0,1.0,3766,0.389,-2.9894,-11257.91,FVG,15m,validation,0.625,5407
4.0,0.083,3766,0.593,1.8233,6866.64,FVG,15m,validation,0.625,5407
4.0,0.125,3766,0.541,1.6432,6188.18,FVG,15m,validation,0.625,5407
4.0,0.167,3766,0.514,1.2666,4770.12,FVG,15m,validation,0.625,5407
4.0,0.25,3766,0.476,0.6324,2381.76,FVG,15m,validation,0.625,5407
4.0,0.5,3766,0.43,-0.8523,-3209.81,FVG,15m,validation,0.625,5407
4.0,1.0,3766,0.383,-2.799,-10540.96,FVG,15m,validation,0.625,5407
5.0,0.083,3766,0.584,1.9012,7159.8,FVG,15m,validation,0.625,5407
5.0,0.125,3766,0.526,1.7896,6739.5,FVG,15m,validation,0.625,5407
5.0,0.167,3766,0.494,1.4328,5396.11,FVG,15m,validation,0.625,5407
5.0,0.25,3766,0.448,0.795,2993.78,FVG,15m,validation,0.625,5407
5.0,0.5,3766,0.391,-0.7296,-2747.5,FVG,15m,validation,0.625,5407
5.0,1.0,3766,0.347,-2.7288,-10276.74,FVG,15m,validation,0.625,5407
7.0,0.083,3766,0.575,1.8571,6993.75,FVG,15m,validation,0.625,5407
7.0,0.125,3766,0.513,1.8497,6965.86,FVG,15m,validation,0.625,5407
7.0,0.167,3766,0.475,1.5744,5929.25,FVG,15m,validation,0.625,5407
7.0,0.25,3766,0.422,1.0418,3923.58,FVG,15m,validation,0.625,5407
7.0,0.5,3766,0.351,-0.4845,-1824.51,FVG,15m,validation,0.625,5407
7.0,1.0,3766,0.299,-2.4996,-9413.33,FVG,15m,validation,0.625,5407
10.0,0.083,3766,0.571,1.8286,6886.58,FVG,15m,validation,0.625,5407
10.0,0.125,3766,0.504,1.7985,6773.11,FVG,15m,validation,0.625,5407
10.0,0.167,3766,0.464,1.5697,5911.61,FVG,15m,validation,0.625,5407
10.0,0.25,3766,0.406,1.1262,4241.45,FVG,15m,validation,0.625,5407
10.0,0.5,3766,0.322,-0.2753,-1036.87,FVG,15m,validation,0.625,5407
10.0,1.0,3766,0.255,-2.2655,-8532.01,FVG,15m,validation,0.625,5407
2.0,0.083,3745,0.659,1.3482,5049.03,FVG,15m,validation,0.65,5407
2.0,0.125,3745,0.62,0.9393,3517.72,FVG,15m,validation,0.65,5407
2.0,0.167,3745,0.593,0.5655,2117.69,FVG,15m,validation,0.65,5407
2.0,0.25,3745,0.554,-0.0255,-95.43,FVG,15m,validation,0.65,5407
2.0,0.5,3745,0.463,-1.3717,-5137.13,FVG,15m,validation,0.65,5407
2.0,1.0,3745,0.306,-3.2352,-12115.87,FVG,15m,validation,0.65,5407
3.0,0.083,3745,0.619,1.6861,6314.44,FVG,15m,validation,0.65,5407
3.0,0.125,3745,0.577,1.3648,5111.04,FVG,15m,validation,0.65,5407
3.0,0.167,3745,0.55,0.9569,3583.72,FVG,15m,validation,0.65,5407
3.0,0.25,3745,0.516,0.3342,1251.49,FVG,15m,validation,0.65,5407
3.0,0.5,3745,0.47,-1.0805,-4046.51,FVG,15m,validation,0.65,5407
3.0,1.0,3745,0.387,-2.9728,-11133.15,FVG,15m,validation,0.65,5407
4.0,0.083,3745,0.597,1.8672,6992.76,FVG,15m,validation,0.65,5407
4.0,0.125,3745,0.548,1.6872,6318.74,FVG,15m,validation,0.65,5407
4.0,0.167,3745,0.519,1.3012,4873.18,FVG,15m,validation,0.65,5407
4.0,0.25,3745,0.479,0.6647,2489.17,FVG,15m,validation,0.65,5407
4.0,0.5,3745,0.433,-0.8113,-3038.5,FVG,15m,validation,0.65,5407
4.0,1.0,3745,0.386,-2.7583,-10329.66,FVG,15m,validation,0.65,5407
5.0,0.083,3745,0.588,1.999,7486.36,FVG,15m,validation,0.65,5407
5.0,0.125,3745,0.533,1.893,7089.18,FVG,15m,validation,0.65,5407
5.0,0.167,3745,0.499,1.542,5774.7,FVG,15m,validation,0.65,5407
5.0,0.25,3745,0.452,0.8806,3297.68,FVG,15m,validation,0.65,5407
5.0,0.5,3745,0.396,-0.6344,-2375.96,FVG,15m,validation,0.65,5407
5.0,1.0,3745,0.351,-2.6264,-9836.04,FVG,15m,validation,0.65,5407
7.0,0.083,3745,0.577,1.8912,7082.67,FVG,15m,validation,0.65,5407
7.0,0.125,3745,0.517,1.8834,7053.46,FVG,15m,validation,0.65,5407
7.0,0.167,3745,0.477,1.6003,5993.17,FVG,15m,validation,0.65,5407
7.0,0.25,3745,0.423,1.0573,3959.59,FVG,15m,validation,0.65,5407
7.0,0.5,3745,0.353,-0.4479,-1677.31,FVG,15m,validation,0.65,5407
7.0,1.0,3745,0.301,-2.4538,-9189.33,FVG,15m,validation,0.65,5407
10.0,0.083,3745,0.573,1.8645,6982.59,FVG,15m,validation,0.65,5407
10.0,0.125,3745,0.508,1.8514,6933.31,FVG,15m,validation,0.65,5407
10.0,0.167,3745,0.465,1.6237,6080.6,FVG,15m,validation,0.65,5407
10.0,0.25,3745,0.406,1.1669,4369.86,FVG,15m,validation,0.65,5407
10.0,0.5,3745,0.322,-0.2158,-808.07,FVG,15m,validation,0.65,5407
10.0,1.0,3745,0.256,-2.1999,-8238.52,FVG,15m,validation,0.65,5407
2.0,0.083,3740,0.659,1.3385,5006.08,FVG,15m,validation,0.675,5407
2.0,0.125,3740,0.622,0.9301,3478.44,FVG,15m,validation,0.675,5407
2.0,0.167,3740,0.597,0.5624,2103.28,FVG,15m,validation,0.675,5407
2.0,0.25,3740,0.556,-0.0141,-52.79,FVG,15m,validation,0.675,5407
2.0,0.5,3740,0.465,-1.3448,-5029.54,FVG,15m,validation,0.675,5407
2.0,1.0,3740,0.303,-3.2019,-11975.12,FVG,15m,validation,0.675,5407
3.0,0.083,3740,0.619,1.6579,6200.62,FVG,15m,validation,0.675,5407
3.0,0.125,3740,0.577,1.3265,4961.13,FVG,15m,validation,0.675,5407
3.0,0.167,3740,0.552,0.9331,3489.89,FVG,15m,validation,0.675,5407
3.0,0.25,3740,0.519,0.3234,1209.68,FVG,15m,validation,0.675,5407
3.0,0.5,3740,0.471,-1.0871,-4065.64,FVG,15m,validation,0.675,5407
3.0,1.0,3740,0.387,-2.9747,-11125.29,FVG,15m,validation,0.675,5407
4.0,0.083,3740,0.599,1.8804,7032.57,FVG,15m,validation,0.675,5407
4.0,0.125,3740,0.552,1.6964,6344.54,FVG,15m,validation,0.675,5407
4.0,0.167,3740,0.523,1.3235,4950.06,FVG,15m,validation,0.675,5407
4.0,0.25,3740,0.485,0.7061,2640.89,FVG,15m,validation,0.675,5407
4.0,0.5,3740,0.439,-0.7726,-2889.66,FVG,15m,validation,0.675,5407
4.0,1.0,3740,0.391,-2.7066,-10122.54,FVG,15m,validation,0.675,5407
5.0,0.083,3740,0.589,1.9986,7474.68,FVG,15m,validation,0.675,5407
5.0,0.125,3740,0.536,1.8876,7059.65,FVG,15m,validation,0.675,5407
5.0,0.167,3740,0.502,1.5406,5762.02,FVG,15m,validation,0.675,5407
5.0,0.25,3740,0.457,0.8875,3319.21,FVG,15m,validation,0.675,5407
5.0,0.5,3740,0.398,-0.6283,-2349.77,FVG,15m,validation,0.675,5407
5.0,1.0,3740,0.354,-2.6099,-9761.14,FVG,15m,validation,0.675,5407
7.0,0.083,3740,0.578,1.8867,7056.17,FVG,15m,validation,0.675,5407
7.0,0.125,3740,0.519,1.8666,6980.91,FVG,15m,validation,0.675,5407
7.0,0.167,3740,0.48,1.5964,5970.49,FVG,15m,validation,0.675,5407
7.0,0.25,3740,0.426,1.0388,3885.09,FVG,15m,validation,0.675,5407
7.0,0.5,3740,0.354,-0.4736,-1771.28,FVG,15m,validation,0.675,5407
7.0,1.0,3740,0.302,-2.4721,-9245.67,FVG,15m,validation,0.675,5407
10.0,0.083,3740,0.573,1.8648,6974.3,FVG,15m,validation,0.675,5407
10.0,0.125,3740,0.51,1.8438,6895.93,FVG,15m,validation,0.675,5407
10.0,0.167,3740,0.467,1.6272,6085.79,FVG,15m,validation,0.675,5407
10.0,0.25,3740,0.409,1.1651,4357.33,FVG,15m,validation,0.675,5407
10.0,0.5,3740,0.323,-0.2056,-769.07,FVG,15m,validation,0.675,5407
10.0,1.0,3740,0.258,-2.1926,-8200.5,FVG,15m,validation,0.675,5407
2.0,0.083,3725,0.658,1.337,4980.44,FVG,15m,validation,0.7,5407
2.0,0.125,3725,0.623,0.9236,3440.52,FVG,15m,validation,0.7,5407
2.0,0.167,3725,0.598,0.5546,2065.71,FVG,15m,validation,0.7,5407
2.0,0.25,3725,0.555,-0.022,-81.86,FVG,15m,validation,0.7,5407
2.0,0.5,3725,0.464,-1.3534,-5041.54,FVG,15m,validation,0.7,5407
2.0,1.0,3725,0.3,-3.2076,-11948.22,FVG,15m,validation,0.7,5407
3.0,0.083,3725,0.62,1.6499,6145.92,FVG,15m,validation,0.7,5407
3.0,0.125,3725,0.579,1.2941,4820.62,FVG,15m,validation,0.7,5407
3.0,0.167,3725,0.554,0.8964,3339.0,FVG,15m,validation,0.7,5407
3.0,0.25,3725,0.517,0.2877,1071.57,FVG,15m,validation,0.7,5407
3.0,0.5,3725,0.472,-1.1041,-4112.85,FVG,15m,validation,0.7,5407
3.0,1.0,3725,0.385,-2.9889,-11133.74,FVG,15m,validation,0.7,5407
4.0,0.083,3725,0.601,1.8947,7057.59,FVG,15m,validation,0.7,5407
4.0,0.125,3725,0.553,1.6675,6211.62,FVG,15m,validation,0.7,5407
4.0,0.167,3725,0.525,1.2815,4773.51,FVG,15m,validation,0.7,5407
4.0,0.25,3725,0.486,0.6594,2456.44,FVG,15m,validation,0.7,5407
4.0,0.5,3725,0.439,-0.8231,-3065.89,FVG,15m,validation,0.7,5407
4.0,1.0,3725,0.39,-2.7494,-10241.51,FVG,15m,validation,0.7,5407
5.0,0.083,3725,0.59,1.9931,7424.12,FVG,15m,validation,0.7,5407
5.0,0.125,3725,0.536,1.8542,6907.02,FVG,15m,validation,0.7,5407
5.0,0.167,3725,0.503,1.504,5602.31,FVG,15m,validation,0.7,5407
5.0,0.25,3725,0.456,0.8526,3176.1,FVG,15m,validation,0.7,5407
5.0,0.5,3725,0.398,-0.6593,-2455.77,FVG,15m,validation,0.7,5407
5.0,1.0,3725,0.355,-2.6261,-9782.13,FVG,15m,validation,0.7,5407
7.0,0.083,3725,0.578,1.8773,6992.77,FVG,15m,validation,0.7,5407
7.0,0.125,3725,0.519,1.8399,6853.49,FVG,15m,validation,0.7,5407
7.0,0.167,3725,0.48,1.5672,5837.87,FVG,15m,validation,0.7,5407
7.0,0.25,3725,0.426,0.9995,3723.17,FVG,15m,validation,0.7,5407
7.0,0.5,3725,0.353,-0.5277,-1965.69,FVG,15m,validation,0.7,5407
7.0,1.0,3725,0.303,-2.5287,-9419.25,FVG,15m,validation,0.7,5407
10.0,0.083,3725,0.573,1.8529,6902.06,FVG,15m,validation,0.7,5407
10.0,0.125,3725,0.509,1.8145,6758.97,FVG,15m,validation,0.7,5407
10.0,0.167,3725,0.468,1.596,5945.1,FVG,15m,validation,0.7,5407
10.0,0.25,3725,0.408,1.1261,4194.87,FVG,15m,validation,0.7,5407
10.0,0.5,3725,0.322,-0.2714,-1011.13,FVG,15m,validation,0.7,5407
10.0,1.0,3725,0.258,-2.2757,-8476.95,FVG,15m,validation,0.7,5407
2.0,0.083,3713,0.657,1.7183,6380.02,FVG,15m,holdout,0.3,5278
2.0,0.125,3713,0.614,1.485,5513.79,FVG,15m,holdout,0.3,5278
2.0,0.167,3713,0.588,1.0979,4076.39,FVG,15m,holdout,0.3,5278
2.0,0.25,3713,0.555,0.4532,1682.7,FVG,15m,holdout,0.3,5278
2.0,0.5,3713,0.482,-0.9635,-3577.41,FVG,15m,holdout,0.3,5278
2.0,1.0,3713,0.368,-2.7736,-10298.25,FVG,15m,holdout,0.3,5278
3.0,0.083,3713,0.63,1.9835,7364.63,FVG,15m,holdout,0.3,5278
3.0,0.125,3713,0.578,1.8519,6876.07,FVG,15m,holdout,0.3,5278
3.0,0.167,3713,0.546,1.5025,5578.61,FVG,15m,holdout,0.3,5278
3.0,0.25,3713,0.509,0.8367,3106.81,FVG,15m,holdout,0.3,5278
3.0,0.5,3713,0.444,-0.6847,-2542.36,FVG,15m,holdout,0.3,5278
3.0,1.0,3713,0.385,-2.6039,-9668.46,FVG,15m,holdout,0.3,5278
4.0,0.083,3713,0.617,2.0654,7668.87,FVG,15m,holdout,0.3,5278
4.0,0.125,3713,0.557,2.0243,7516.13,FVG,15m,holdout,0.3,5278
4.0,0.167,3713,0.518,1.663,6174.65,FVG,15m,holdout,0.3,5278
4.0,0.25,3713,0.471,1.0096,3748.71,FVG,15m,holdout,0.3,5278
4.0,0.5,3713,0.397,-0.5343,-1983.81,FVG,15m,holdout,0.3,5278
4.0,1.0,3713,0.35,-2.5054,-9302.64,FVG,15m,holdout,0.3,5278
5.0,0.083,3713,0.611,2.0875,7750.94,FVG,15m,holdout,0.3,5278
5.0,0.125,3713,0.549,2.147,7971.99,FVG,15m,holdout,0.3,5278
5.0,0.167,3713,0.507,1.8312,6799.26,FVG,15m,holdout,0.3,5278
5.0,0.25,3713,0.454,1.2133,4504.98,FVG,15m,holdout,0.3,5278
5.0,0.5,3713,0.369,-0.3044,-1130.26,FVG,15m,holdout,0.3,5278
5.0,1.0,3713,0.319,-2.2854,-8485.51,FVG,15m,holdout,0.3,5278
7.0,0.083,3713,0.604,2.0693,7683.26,FVG,15m,holdout,0.3,5278
7.0,0.125,3713,0.536,2.177,8083.25,FVG,15m,holdout,0.3,5278
7.0,0.167,3713,0.49,1.8872,7006.99,FVG,15m,holdout,0.3,5278
7.0,0.25,3713,0.429,1.3051,4845.87,FVG,15m,holdout,0.3,5278
7.0,0.5,3713,0.334,-0.1601,-594.52,FVG,15m,holdout,0.3,5278
7.0,1.0,3713,0.271,-2.1509,-7986.29,FVG,15m,holdout,0.3,5278
10.0,0.083,3713,0.602,2.0618,7655.37,FVG,15m,holdout,0.3,5278
10.0,0.125,3713,0.533,2.1813,8099.2,FVG,15m,holdout,0.3,5278
10.0,0.167,3713,0.486,1.9149,7110.19,FVG,15m,holdout,0.3,5278
10.0,0.25,3713,0.421,1.4046,5215.46,FVG,15m,holdout,0.3,5278
10.0,0.5,3713,0.319,0.0186,68.95,FVG,15m,holdout,0.3,5278
10.0,1.0,3713,0.248,-1.9454,-7223.22,FVG,15m,holdout,0.3,5278
2.0,0.083,3707,0.655,1.6782,6221.12,FVG,15m,holdout,0.325,5278
2.0,0.125,3707,0.61,1.4166,5251.51,FVG,15m,holdout,0.325,5278
2.0,0.167,3707,0.584,1.0366,3842.55,FVG,15m,holdout,0.325,5278
2.0,0.25,3707,0.551,0.3825,1417.77,FVG,15m,holdout,0.325,5278
2.0,0.5,3707,0.477,-1.0187,-3776.5,FVG,15m,holdout,0.325,5278
2.0,1.0,3707,0.36,-2.8505,-10566.79,FVG,15m,holdout,0.325,5278
3.0,0.083,3707,0.626,1.9586,7260.7,FVG,15m,holdout,0.325,5278
3.0,0.125,3707,0.575,1.8014,6677.62,FVG,15m,holdout,0.325,5278
3.0,0.167,3707,0.542,1.447,5364.08,FVG,15m,holdout,0.325,5278
3.0,0.25,3707,0.506,0.7714,2859.76,FVG,15m,holdout,0.325,5278
3.0,0.5,3707,0.442,-0.7287,-2701.47,FVG,15m,holdout,0.325,5278
3.0,1.0,3707,0.381,-2.6751,-9916.61,FVG,15m,holdout,0.325,5278
4.0,0.083,3707,0.613,2.041,7565.81,FVG,15m,holdout,0.325,5278
4.0,0.125,3707,0.553,1.9709,7305.96,FVG,15m,holdout,0.325,5278
4.0,0.167,3707,0.515,1.6143,5984.38,FVG,15m,holdout,0.325,5278
4.0,0.25,3707,0.469,0.9582,3552.06,FVG,15m,holdout,0.325,5278
4.0,0.5,3707,0.395,-0.5813,-2154.9,FVG,15m,holdout,0.325,5278
4.0,1.0,3707,0.347,-2.577,-9552.92,FVG,15m,holdout,0.325,5278
5.0,0.083,3707,0.607,2.0697,7672.24,FVG,15m,holdout,0.325,5278
5.0,0.125,3707,0.545,2.0947,7764.92,FVG,15m,holdout,0.325,5278
5.0,0.167,3707,0.504,1.7796,6597.04,FVG,15m,holdout,0.325,5278
5.0,0.25,3707,0.451,1.1491,4259.59,FVG,15m,holdout,0.325,5278
5.0,0.5,3707,0.366,-0.3619,-1341.42,FVG,15m,holdout,0.325,5278
5.0,1.0,3707,0.315,-2.3719,-8792.62,FVG,15m,holdout,0.325,5278
7.0,0.083,3707,0.599,2.0517,7605.56,FVG,15m,holdout,0.325,5278
7.0,0.125,3707,0.532,2.1324,7904.68,FVG,15m,holdout,0.325,5278
7.0,0.167,3707,0.487,1.8442,6836.4,FVG,15m,holdout,0.325,5278
7.0,0.25,3707,0.427,1.2482,4627.16,FVG,15m,holdout,0.325,5278
7.0,0.5,3707,0.332,-0.2062,-764.49,FVG,15m,holdout,0.325,5278
7.0,1.0,3707,0.27,-2.2164,-8216.34,FVG,15m,holdout,0.325,5278
10.0,0.083,3707,0.598,2.0427,7572.42,FVG,15m,holdout,0.325,5278
10.0,0.125,3707,0.528,2.1361,7918.68,FVG,15m,holdout,0.325,5278
10.0,0.167,3707,0.483,1.8728,6942.29,FVG,15m,holdout,0.325,5278
10.0,0.25,3707,0.418,1.3482,4997.95,FVG,15m,holdout,0.325,5278
10.0,0.5,3707,0.316,-0.0215,-79.66,FVG,15m,holdout,0.325,5278
10.0,1.0,3707,0.246,-1.9981,-7406.94,FVG,15m,holdout,0.325,5278
2.0,0.083,3708,0.654,1.6315,6049.55,FVG,15m,holdout,0.35,5278
2.0,0.125,3708,0.61,1.3676,5071.13,FVG,15m,holdout,0.35,5278
2.0,0.167,3708,0.581,0.9921,3678.7,FVG,15m,holdout,0.35,5278
2.0,0.25,3708,0.547,0.3311,1227.72,FVG,15m,holdout,0.35,5278
2.0,0.5,3708,0.472,-1.0792,-4001.83,FVG,15m,holdout,0.35,5278
2.0,1.0,3708,0.352,-2.915,-10808.72,FVG,15m,holdout,0.35,5278
3.0,0.083,3708,0.626,1.9474,7221.05,FVG,15m,holdout,0.35,5278
3.0,0.125,3708,0.576,1.7884,6631.38,FVG,15m,holdout,0.35,5278
3.0,0.167,3708,0.543,1.4318,5309.03,FVG,15m,holdout,0.35,5278
3.0,0.25,3708,0.506,0.7308,2709.75,FVG,15m,holdout,0.35,5278
3.0,0.5,3708,0.441,-0.7603,-2819.35,FVG,15m,holdout,0.35,5278
3.0,1.0,3708,0.382,-2.6955,-9995.04,FVG,15m,holdout,0.35,5278
4.0,0.083,3708,0.612,2.0362,7550.24,FVG,15m,holdout,0.35,5278
4.0,0.125,3708,0.552,1.9593,7265.26,FVG,15m,holdout,0.35,5278
4.0,0.167,3708,0.514,1.6214,6012.12,FVG,15m,holdout,0.35,5278
4.0,0.25,3708,0.468,0.9445,3502.08,FVG,15m,holdout,0.35,5278
4.0,0.5,3708,0.395,-0.6001,-2225.33,FVG,15m,holdout,0.35,5278
4.0,1.0,3708,0.347,-2.58,-9566.75,FVG,15m,holdout,0.35,5278
5.0,0.083,3708,0.605,2.0586,7633.29,FVG,15m,holdout,0.35,5278
5.0,0.125,3708,0.543,2.0828,7723.12,FVG,15m,holdout,0.35,5278
5.0,0.167,3708,0.502,1.7723,6571.84,FVG,15m,holdout,0.35,5278
5.0,0.25,3708,0.449,1.1229,4163.65,FVG,15m,holdout,0.35,5278
5.0,0.5,3708,0.365,-0.3789,-1405.06,FVG,15m,holdout,0.35,5278
5.0,1.0,3708,0.316,-2.3691,-8784.5,FVG,15m,holdout,0.35,5278
7.0,0.083,3708,0.598,2.0442,7579.79,FVG,15m,holdout,0.35,5278
7.0,0.125,3708,0.531,2.1262,7884.09,FVG,15m,holdout,0.35,5278
7.0,0.167,3708,0.485,1.8478,6851.57,FVG,15m,holdout,0.35,5278
7.0,0.25,3708,0.426,1.2386,4592.7,FVG,15m,holdout,0.35,5278
7.0,0.5,3708,0.331,-0.2159,-800.63,FVG,15m,holdout,0.35,5278
7.0,1.0,3708,0.27,-2.2279,-8261.0,FVG,15m,holdout,0.35,5278
10.0,0.083,3708,0.597,2.041,7567.91,FVG,15m,holdout,0.35,5278
10.0,0.125,3708,0.528,2.1347,7915.58,FVG,15m,holdout,0.35,5278
10.0,0.167,3708,0.481,1.88,6971.06,FVG,15m,holdout,0.35,5278
10.0,0.25,3708,0.417,1.3368,4956.86,FVG,15m,holdout,0.35,5278
10.0,0.5,3708,0.315,-0.015,-55.55,FVG,15m,holdout,0.35,5278
10.0,1.0,3708,0.246,-1.987,-7367.65,FVG,15m,holdout,0.35,5278
2.0,0.083,3698,0.652,1.5962,5902.74,FVG,15m,holdout,0.375,5278
2.0,0.125,3698,0.612,1.3708,5069.14,FVG,15m,holdout,0.375,5278
2.0,0.167,3698,0.58,0.9994,3695.76,FVG,15m,holdout,0.375,5278
2.0,0.25,3698,0.544,0.3473,1284.47,FVG,15m,holdout,0.375,5278
2.0,0.5,3698,0.47,-1.0499,-3882.61,FVG,15m,holdout,0.375,5278
2.0,1.0,3698,0.351,-2.888,-10679.96,FVG,15m,holdout,0.375,5278
3.0,0.083,3698,0.624,1.9113,7067.81,FVG,15m,holdout,0.375,5278
3.0,0.125,3698,0.575,1.7815,6587.86,FVG,15m,holdout,0.375,5278
3.0,0.167,3698,0.541,1.424,5266.02,FVG,15m,holdout,0.375,5278
3.0,0.25,3698,0.505,0.7283,2693.08,FVG,15m,holdout,0.375,5278
3.0,0.5,3698,0.442,-0.7554,-2793.5,FVG,15m,holdout,0.375,5278
3.0,1.0,3698,0.383,-2.6965,-9971.66,FVG,15m,holdout,0.375,5278
4.0,0.083,3698,0.609,2.0051,7414.84,FVG,15m,holdout,0.375,5278
4.0,0.125,3698,0.552,1.9615,7253.46,FVG,15m,holdout,0.375,5278
4.0,0.167,3698,0.512,1.6168,5978.78,FVG,15m,holdout,0.375,5278
4.0,0.25,3698,0.466,0.9316,3444.97,FVG,15m,holdout,0.375,5278
4.0,0.5,3698,0.395,-0.6247,-2310.3,FVG,15m,holdout,0.375,5278
4.0,1.0,3698,0.346,-2.6076,-9643.02,FVG,15m,holdout,0.375,5278
5.0,0.083,3698,0.603,2.0381,7536.87,FVG,15m,holdout,0.375,5278
5.0,0.125,3698,0.542,2.0863,7715.32,FVG,15m,holdout,0.375,5278
5.0,0.167,3698,0.499,1.7677,6536.86,FVG,15m,holdout,0.375,5278
5.0,0.25,3698,0.447,1.1114,4109.81,FVG,15m,holdout,0.375,5278
5.0,0.5,3698,0.366,-0.3848,-1423.01,FVG,15m,holdout,0.375,5278
5.0,1.0,3698,0.315,-2.3732,-8776.05,FVG,15m,holdout,0.375,5278
7.0,0.083,3698,0.595,2.017,7458.74,FVG,15m,holdout,0.375,5278
7.0,0.125,3698,0.529,2.1203,7841.02,FVG,15m,holdout,0.375,5278
7.0,0.167,3698,0.482,1.8334,6779.81,FVG,15m,holdout,0.375,5278
7.0,0.25,3698,0.422,1.2291,4545.11,FVG,15m,holdout,0.375,5278
7.0,0.5,3698,0.33,-0.226,-835.85,FVG,15m,holdout,0.375,5278
7.0,1.0,3698,0.27,-2.229,-8242.73,FVG,15m,holdout,0.375,5278
10.0,0.083,3698,0.593,2.0125,7442.09,FVG,15m,holdout,0.375,5278
10.0,0.125,3698,0.526,2.1289,7872.5,FVG,15m,holdout,0.375,5278
10.0,0.167,3698,0.478,1.8678,6907.0,FVG,15m,holdout,0.375,5278
10.0,0.25,3698,0.413,1.3326,4927.8,FVG,15m,holdout,0.375,5278
10.0,0.5,3698,0.314,-0.0144,-53.42,FVG,15m,holdout,0.375,5278
10.0,1.0,3698,0.245,-1.9987,-7391.17,FVG,15m,holdout,0.375,5278
2.0,0.083,3692,0.651,1.5944,5886.41,FVG,15m,holdout,0.4,5278
2.0,0.125,3692,0.611,1.3644,5037.39,FVG,15m,holdout,0.4,5278
2.0,0.167,3692,0.58,0.9971,3681.14,FVG,15m,holdout,0.4,5278
2.0,0.25,3692,0.544,0.3396,1253.64,FVG,15m,holdout,0.4,5278
2.0,0.5,3692,0.471,-1.0394,-3837.28,FVG,15m,holdout,0.4,5278
2.0,1.0,3692,0.349,-2.8642,-10574.78,FVG,15m,holdout,0.4,5278
3.0,0.083,3692,0.622,1.9067,7039.63,FVG,15m,holdout,0.4,5278
3.0,0.125,3692,0.573,1.7774,6562.27,FVG,15m,holdout,0.4,5278
3.0,0.167,3692,0.539,1.4209,5245.96,FVG,15m,holdout,0.4,5278
3.0,0.25,3692,0.504,0.7116,2627.31,FVG,15m,holdout,0.4,5278
3.0,0.5,3692,0.443,-0.754,-2783.89,FVG,15m,holdout,0.4,5278
3.0,1.0,3692,0.384,-2.6853,-9914.0,FVG,15m,holdout,0.4,5278
4.0,0.083,3692,0.609,2.0028,7394.3,FVG,15m,holdout,0.4,5278
4.0,0.125,3692,0.551,1.9615,7241.72,FVG,15m,holdout,0.4,5278
4.0,0.167,3692,0.511,1.6161,5966.62,FVG,15m,holdout,0.4,5278
4.0,0.25,3692,0.466,0.9213,3401.57,FVG,15m,holdout,0.4,5278
4.0,0.5,3692,0.395,-0.6084,-2246.14,FVG,15m,holdout,0.4,5278
4.0,1.0,3692,0.348,-2.6002,-9599.78,FVG,15m,holdout,0.4,5278
5.0,0.083,3692,0.602,2.0304,7496.23,FVG,15m,holdout,0.4,5278
5.0,0.125,3692,0.541,2.0773,7669.5,FVG,15m,holdout,0.4,5278
5.0,0.167,3692,0.498,1.7588,6493.33,FVG,15m,holdout,0.4,5278
5.0,0.25,3692,0.446,1.0909,4027.54,FVG,15m,holdout,0.4,5278
5.0,0.5,3692,0.366,-0.3706,-1368.3,FVG,15m,holdout,0.4,5278
5.0,1.0,3692,0.317,-2.3636,-8726.29,FVG,15m,holdout,0.4,5278
7.0,0.083,3692,0.593,2.0026,7393.54,FVG,15m,holdout,0.4,5278
7.0,0.125,3692,0.527,2.1089,7786.2,FVG,15m,holdout,0.4,5278
7.0,0.167,3692,0.48,1.8159,6704.16,FVG,15m,holdout,0.4,5278
7.0,0.25,3692,0.421,1.1978,4422.13,FVG,15m,holdout,0.4,5278
7.0,0.5,3692,0.329,-0.2139,-789.67,FVG,15m,holdout,0.4,5278
7.0,1.0,3692,0.271,-2.196,-8107.81,FVG,15m,holdout,0.4,5278
10.0,0.083,3692,0.592,1.9957,7368.14,FVG,15m,holdout,0.4,5278
10.0,0.125,3692,0.524,2.1175,7817.86,FVG,15m,holdout,0.4,5278
10.0,0.167,3692,0.475,1.853,6841.19,FVG,15m,holdout,0.4,5278
10.0,0.25,3692,0.411,1.3013,4804.53,FVG,15m,holdout,0.4,5278
10.0,0.5,3692,0.313,-0.0163,-60.1,FVG,15m,holdout,0.4,5278
10.0,1.0,3692,0.245,-1.9973,-7374.21,FVG,15m,holdout,0.4,5278
2.0,0.083,3676,0.656,1.6353,6011.55,FVG,15m,holdout,0.425,5278
2.0,0.125,3676,0.616,1.3956,5130.07,FVG,15m,holdout,0.425,5278
2.0,0.167,3676,0.585,1.0233,3761.53,FVG,15m,holdout,0.425,5278
2.0,0.25,3676,0.548,0.3685,1354.73,FVG,15m,holdout,0.425,5278
2.0,0.5,3676,0.474,-1.0088,-3708.29,FVG,15m,holdout,0.425,5278
2.0,1.0,3676,0.347,-2.843,-10450.8,FVG,15m,holdout,0.425,5278
3.0,0.083,3676,0.626,1.9498,7167.56,FVG,15m,holdout,0.425,5278
3.0,0.125,3676,0.577,1.8062,6639.67,FVG,15m,holdout,0.425,5278
3.0,0.167,3676,0.542,1.4459,5315.28,FVG,15m,holdout,0.425,5278
3.0,0.25,3676,0.506,0.74,2720.25,FVG,15m,holdout,0.425,5278
3.0,0.5,3676,0.446,-0.719,-2643.13,FVG,15m,holdout,0.425,5278
3.0,1.0,3676,0.382,-2.6447,-9721.9,FVG,15m,holdout,0.425,5278
4.0,0.083,3676,0.612,2.0732,7620.95,FVG,15m,holdout,0.425,5278
4.0,0.125,3676,0.555,2.0093,7386.08,FVG,15m,holdout,0.425,5278
4.0,0.167,3676,0.514,1.6653,6121.62,FVG,15m,holdout,0.425,5278
4.0,0.25,3676,0.469,0.9755,3586.0,FVG,15m,holdout,0.425,5278
4.0,0.5,3676,0.399,-0.5539,-2036.26,FVG,15m,holdout,0.425,5278
4.0,1.0,3676,0.351,-2.5284,-9294.54,FVG,15m,holdout,0.425,5278
5.0,0.083,3676,0.604,2.0893,7680.38,FVG,15m,holdout,0.425,5278
5.0,0.125,3676,0.543,2.1133,7768.58,FVG,15m,holdout,0.425,5278
5.0,0.167,3676,0.499,1.7932,6591.95,FVG,15m,holdout,0.425,5278
5.0,0.25,3676,0.447,1.1346,4170.73,FVG,15m,holdout,0.425,5278
5.0,0.5,3676,0.368,-0.3345,-1229.45,FVG,15m,holdout,0.425,5278
5.0,1.0,3676,0.316,-2.3339,-8579.41,FVG,15m,holdout,0.425,5278
7.0,0.083,3676,0.596,2.0676,7600.55,FVG,15m,holdout,0.425,5278
7.0,0.125,3676,0.53,2.159,7936.58,FVG,15m,holdout,0.425,5278
7.0,0.167,3676,0.483,1.8661,6859.87,FVG,15m,holdout,0.425,5278
7.0,0.25,3676,0.422,1.2525,4604.36,FVG,15m,holdout,0.425,5278
7.0,0.5,3676,0.332,-0.159,-584.36,FVG,15m,holdout,0.425,5278
7.0,1.0,3676,0.271,-2.157,-7929.08,FVG,15m,holdout,0.425,5278
10.0,0.083,3676,0.594,2.063,7583.57,FVG,15m,holdout,0.425,5278
10.0,0.125,3676,0.526,2.1596,7938.84,FVG,15m,holdout,0.425,5278
10.0,0.167,3676,0.477,1.8959,6969.18,FVG,15m,holdout,0.425,5278
10.0,0.25,3676,0.412,1.3589,4995.22,FVG,15m,holdout,0.425,5278
10.0,0.5,3676,0.315,0.0501,184.09,FVG,15m,holdout,0.425,5278
10.0,1.0,3676,0.245,-1.9535,-7180.9,FVG,15m,holdout,0.425,5278
2.0,0.083,3678,0.653,1.5825,5820.5,FVG,15m,holdout,0.45,5278
2.0,0.125,3678,0.614,1.3284,4885.73,FVG,15m,holdout,0.45,5278
2.0,0.167,3678,0.584,0.9493,3491.6,FVG,15m,holdout,0.45,5278
2.0,0.25,3678,0.548,0.3073,1130.41,FVG,15m,holdout,0.45,5278
2.0,0.5,3678,0.472,-1.0718,-3942.25,FVG,15m,holdout,0.45,5278
2.0,1.0,3678,0.343,-2.9025,-10675.31,FVG,15m,holdout,0.45,5278
3.0,0.083,3678,0.623,1.8841,6929.56,FVG,15m,holdout,0.45,5278
3.0,0.125,3678,0.574,1.7302,6363.51,FVG,15m,holdout,0.45,5278
3.0,0.167,3678,0.54,1.3623,5010.67,FVG,15m,holdout,0.45,5278
3.0,0.25,3678,0.504,0.6683,2457.9,FVG,15m,holdout,0.45,5278
3.0,0.5,3678,0.446,-0.804,-2956.98,FVG,15m,holdout,0.45,5278
3.0,1.0,3678,0.382,-2.7202,-10004.95,FVG,15m,holdout,0.45,5278
4.0,0.083,3678,0.609,2.0175,7420.31,FVG,15m,holdout,0.45,5278
4.0,0.125,3678,0.551,1.9356,7119.01,FVG,15m,holdout,0.45,5278
4.0,0.167,3678,0.511,1.5749,5792.58,FVG,15m,holdout,0.45,5278
4.0,0.25,3678,0.466,0.8964,3296.89,FVG,15m,holdout,0.45,5278
4.0,0.5,3678,0.396,-0.6652,-2446.76,FVG,15m,holdout,0.45,5278
4.0,1.0,3678,0.348,-2.6651,-9802.36,FVG,15m,holdout,0.45,5278
5.0,0.083,3678,0.6,2.0264,7453.09,FVG,15m,holdout,0.45,5278
5.0,0.125,3678,0.539,2.0432,7514.82,FVG,15m,holdout,0.45,5278
5.0,0.167,3678,0.496,1.7139,6303.82,FVG,15m,holdout,0.45,5278
5.0,0.25,3678,0.444,1.0658,3919.95,FVG,15m,holdout,0.45,5278
5.0,0.5,3678,0.366,-0.4456,-1638.95,FVG,15m,holdout,0.45,5278
5.0,1.0,3678,0.315,-2.4684,-9078.73,FVG,15m,holdout,0.45,5278
7.0,0.083,3678,0.593,2.0108,7395.7,FVG,15m,holdout,0.45,5278
7.0,0.125,3678,0.526,2.0941,7701.93,FVG,15m,holdout,0.45,5278
7.0,0.167,3678,0.48,1.8048,6638.08,FVG,15m,holdout,0.45,5278
7.0,0.25,3678,0.42,1.1961,4399.13,FVG,15m,holdout,0.45,5278
7.0,0.5,3678,0.33,-0.2275,-836.67,FVG,15m,holdout,0.45,5278
7.0,1.0,3678,0.27,-2.2517,-8281.84,FVG,15m,holdout,0.45,5278
10.0,0.083,3678,0.591,2.0059,7377.71,FVG,15m,holdout,0.45,5278
10.0,0.125,3678,0.522,2.0947,7704.32,FVG,15m,holdout,0.45,5278
10.0,0.167,3678,0.474,1.8251,6712.56,FVG,15m,holdout,0.45,5278
10.0,0.25,3678,0.409,1.2859,4729.44,FVG,15m,holdout,0.45,5278
10.0,0.5,3678,0.312,-0.0606,-223.04,FVG,15m,holdout,0.45,5278
10.0,1.0,3678,0.242,-2.0827,-7660.07,FVG,15m,holdout,0.45,5278
2.0,0.083,3662,0.655,1.5582,5706.23,FVG,15m,holdout,0.475,5278
2.0,0.125,3662,0.617,1.2887,4719.08,FVG,15m,holdout,0.475,5278
2.0,0.167,3662,0.587,0.9189,3365.08,FVG,15m,holdout,0.475,5278
2.0,0.25,3662,0.55,0.2727,998.71,FVG,15m,holdout,0.475,5278
2.0,0.5,3662,0.475,-1.0861,-3977.12,FVG,15m,holdout,0.475,5278
2.0,1.0,3662,0.344,-2.8999,-10619.61,FVG,15m,holdout,0.475,5278
3.0,0.083,3662,0.623,1.8471,6764.0,FVG,15m,holdout,0.475,5278
3.0,0.125,3662,0.575,1.6807,6154.85,FVG,15m,holdout,0.475,5278
3.0,0.167,3662,0.542,1.3154,4817.05,FVG,15m,holdout,0.475,5278
3.0,0.25,3662,0.505,0.6172,2260.27,FVG,15m,holdout,0.475,5278
3.0,0.5,3662,0.448,-0.842,-3083.48,FVG,15m,holdout,0.475,5278
3.0,1.0,3662,0.384,-2.7393,-10031.3,FVG,15m,holdout,0.475,5278
4.0,0.083,3662,0.609,1.9949,7305.44,FVG,15m,holdout,0.475,5278
4.0,0.125,3662,0.551,1.9072,6984.09,FVG,15m,holdout,0.475,5278
4.0,0.167,3662,0.513,1.5568,5701.15,FVG,15m,holdout,0.475,5278
4.0,0.25,3662,0.468,0.8821,3230.32,FVG,15m,holdout,0.475,5278
4.0,0.5,3662,0.401,-0.6579,-2409.24,FVG,15m,holdout,0.475,5278
4.0,1.0,3662,0.351,-2.6602,-9741.49,FVG,15m,holdout,0.475,5278
5.0,0.083,3662,0.601,2.0035,7336.74,FVG,15m,holdout,0.475,5278
5.0,0.125,3662,0.539,2.0097,7359.34,FVG,15m,holdout,0.475,5278
5.0,0.167,3662,0.497,1.6859,6173.78,FVG,15m,holdout,0.475,5278
5.0,0.25,3662,0.446,1.0403,3809.42,FVG,15m,holdout,0.475,5278
5.0,0.5,3662,0.368,-0.4729,-1731.93,FVG,15m,holdout,0.475,5278
5.0,1.0,3662,0.317,-2.4913,-9123.09,FVG,15m,holdout,0.475,5278
7.0,0.083,3662,0.594,1.9983,7317.82,FVG,15m,holdout,0.475,5278
7.0,0.125,3662,0.527,2.0774,7607.54,FVG,15m,holdout,0.475,5278
7.0,0.167,3662,0.482,1.793,6565.79,FVG,15m,holdout,0.475,5278
7.0,0.25,3662,0.422,1.1896,4356.22,FVG,15m,holdout,0.475,5278
7.0,0.5,3662,0.333,-0.2355,-862.33,FVG,15m,holdout,0.475,5278
7.0,1.0,3662,0.271,-2.273,-8323.62,FVG,15m,holdout,0.475,5278
10.0,0.083,3662,0.591,1.9858,7272.1,FVG,15m,holdout,0.475,5278
10.0,0.125,3662,0.522,2.0718,7586.96,FVG,15m,holdout,0.475,5278
10.0,0.167,3662,0.475,1.8125,6637.5,FVG,15m,holdout,0.475,5278
10.0,0.25,3662,0.41,1.282,4694.72,FVG,15m,holdout,0.475,5278
10.0,0.5,3662,0.313,-0.0525,-192.26,FVG,15m,holdout,0.475,5278
10.0,1.0,3662,0.242,-2.0724,-7589.23,FVG,15m,holdout,0.475,5278
2.0,0.083,3661,0.658,1.5822,5792.31,FVG,15m,holdout,0.5,5278
2.0,0.125,3661,0.619,1.3004,4760.62,FVG,15m,holdout,0.5,5278
2.0,0.167,3661,0.59,0.9312,3409.04,FVG,15m,holdout,0.5,5278
2.0,0.25,3661,0.552,0.2762,1011.0,FVG,15m,holdout,0.5,5278
2.0,0.5,3661,0.477,-1.084,-3968.4,FVG,15m,holdout,0.5,5278
2.0,1.0,3661,0.344,-2.8842,-10559.01,FVG,15m,holdout,0.5,5278
3.0,0.083,3661,0.626,1.8632,6821.05,FVG,15m,holdout,0.5,5278
3.0,0.125,3661,0.577,1.6812,6154.91,FVG,15m,holdout,0.5,5278
3.0,0.167,3661,0.544,1.3198,4831.74,FVG,15m,holdout,0.5,5278
3.0,0.25,3661,0.509,0.6208,2272.62,FVG,15m,holdout,0.5,5278
3.0,0.5,3661,0.45,-0.8373,-3065.4,FVG,15m,holdout,0.5,5278
3.0,1.0,3661,0.386,-2.7362,-10017.38,FVG,15m,holdout,0.5,5278
4.0,0.083,3661,0.61,1.9867,7273.3,FVG,15m,holdout,0.5,5278
4.0,0.125,3661,0.552,1.8932,6930.86,FVG,15m,holdout,0.5,5278
4.0,0.167,3661,0.514,1.5459,5659.41,FVG,15m,holdout,0.5,5278
4.0,0.25,3661,0.469,0.8429,3085.91,FVG,15m,holdout,0.5,5278
4.0,0.5,3661,0.402,-0.6792,-2486.7,FVG,15m,holdout,0.5,5278
4.0,1.0,3661,0.353,-2.6813,-9816.27,FVG,15m,holdout,0.5,5278
5.0,0.083,3661,0.602,2.0064,7345.33,FVG,15m,holdout,0.5,5278
5.0,0.125,3661,0.54,1.9961,7307.86,FVG,15m,holdout,0.5,5278
5.0,0.167,3661,0.497,1.6915,6192.56,FVG,15m,holdout,0.5,5278
5.0,0.25,3661,0.447,1.041,3811.21,FVG,15m,holdout,0.5,5278
5.0,0.5,3661,0.37,-0.4597,-1683.02,FVG,15m,holdout,0.5,5278
5.0,1.0,3661,0.319,-2.4925,-9124.88,FVG,15m,holdout,0.5,5278
7.0,0.083,3661,0.595,1.9987,7317.2,FVG,15m,holdout,0.5,5278
7.0,0.125,3661,0.528,2.0626,7551.07,FVG,15m,holdout,0.5,5278
7.0,0.167,3661,0.482,1.7937,6566.9,FVG,15m,holdout,0.5,5278
7.0,0.25,3661,0.424,1.1959,4378.09,FVG,15m,holdout,0.5,5278
7.0,0.5,3661,0.335,-0.1992,-729.39,FVG,15m,holdout,0.5,5278
7.0,1.0,3661,0.274,-2.2264,-8151.03,FVG,15m,holdout,0.5,5278
10.0,0.083,3661,0.592,1.9865,7272.64,FVG,15m,holdout,0.5,5278
10.0,0.125,3661,0.523,2.0564,7528.6,FVG,15m,holdout,0.5,5278
10.0,0.167,3661,0.475,1.803,6600.74,FVG,15m,holdout,0.5,5278
10.0,0.25,3661,0.412,1.2672,4639.34,FVG,15m,holdout,0.5,5278
10.0,0.5,3661,0.313,-0.0304,-111.43,FVG,15m,holdout,0.5,5278
10.0,1.0,3661,0.242,-2.0526,-7514.4,FVG,15m,holdout,0.5,5278
2.0,0.083,3653,0.657,1.5608,5701.57,FVG,15m,holdout,0.525,5278
2.0,0.125,3653,0.618,1.2697,4638.33,FVG,15m,holdout,0.525,5278
2.0,0.167,3653,0.59,0.8977,3279.12,FVG,15m,holdout,0.525,5278
2.0,0.25,3653,0.552,0.2473,903.46,FVG,15m,holdout,0.525,5278
2.0,0.5,3653,0.477,-1.1131,-4066.27,FVG,15m,holdout,0.525,5278
2.0,1.0,3653,0.34,-2.9148,-10647.86,FVG,15m,holdout,0.525,5278
3.0,0.083,3653,0.624,1.8316,6690.77,FVG,15m,holdout,0.525,5278
3.0,0.125,3653,0.576,1.6526,6036.81,FVG,15m,holdout,0.525,5278
3.0,0.167,3653,0.543,1.2706,4641.6,FVG,15m,holdout,0.525,5278
3.0,0.25,3653,0.508,0.5678,2074.32,FVG,15m,holdout,0.525,5278
3.0,0.5,3653,0.45,-0.8797,-3213.68,FVG,15m,holdout,0.525,5278
3.0,1.0,3653,0.385,-2.7766,-10142.89,FVG,15m,holdout,0.525,5278
4.0,0.083,3653,0.608,1.9424,7095.64,FVG,15m,holdout,0.525,5278
4.0,0.125,3653,0.551,1.8518,6764.64,FVG,15m,holdout,0.525,5278
4.0,0.167,3653,0.513,1.4976,5470.76,FVG,15m,holdout,0.525,5278
4.0,0.25,3653,0.469,0.8001,2922.8,FVG,15m,holdout,0.525,5278
4.0,0.5,3653,0.404,-0.7344,-2682.75,FVG,15m,holdout,0.525,5278
4.0,1.0,3653,0.353,-2.7365,-9996.39,FVG,15m,holdout,0.525,5278
5.0,0.083,3653,0.6,1.9672,7186.16,FVG,15m,holdout,0.525,5278
5.0,0.125,3653,0.537,1.9468,7111.55,FVG,15m,holdout,0.525,5278
5.0,0.167,3653,0.495,1.6285,5948.86,FVG,15m,holdout,0.525,5278
5.0,0.25,3653,0.445,0.9808,3583.02,FVG,15m,holdout,0.525,5278
5.0,0.5,3653,0.37,-0.5465,-1996.39,FVG,15m,holdout,0.525,5278
5.0,1.0,3653,0.318,-2.5869,-9450.1,FVG,15m,holdout,0.525,5278
7.0,0.083,3653,0.592,1.9555,7143.61,FVG,15m,holdout,0.525,5278
7.0,0.125,3653,0.526,2.0213,7383.8,FVG,15m,holdout,0.525,5278
7.0,0.167,3653,0.48,1.7453,6375.6,FVG,15m,holdout,0.525,5278
7.0,0.25,3653,0.422,1.1512,4205.36,FVG,15m,holdout,0.525,5278
7.0,0.5,3653,0.335,-0.2551,-931.76,FVG,15m,holdout,0.525,5278
7.0,1.0,3653,0.274,-2.3088,-8433.89,FVG,15m,holdout,0.525,5278
10.0,0.083,3653,0.59,1.9479,7115.59,FVG,15m,holdout,0.525,5278
10.0,0.125,3653,0.52,2.0147,7359.8,FVG,15m,holdout,0.525,5278
10.0,0.167,3653,0.472,1.7538,6406.5,FVG,15m,holdout,0.525,5278
10.0,0.25,3653,0.409,1.2202,4457.54,FVG,15m,holdout,0.525,5278
10.0,0.5,3653,0.313,-0.104,-380.06,FVG,15m,holdout,0.525,5278
10.0,1.0,3653,0.24,-2.1659,-7911.86,FVG,15m,holdout,0.525,5278
2.0,0.083,3641,0.659,1.5609,5683.23,FVG,15m,holdout,0.55,5278
2.0,0.125,3641,0.619,1.2522,4559.3,FVG,15m,holdout,0.55,5278
2.0,0.167,3641,0.593,0.8703,3168.73,FVG,15m,holdout,0.55,5278
2.0,0.25,3641,0.555,0.2199,800.74,FVG,15m,holdout,0.55,5278
2.0,0.5,3641,0.473,-1.1481,-4180.13,FVG,15m,holdout,0.55,5278
2.0,1.0,3641,0.335,-2.954,-10755.57,FVG,15m,holdout,0.55,5278
3.0,0.083,3641,0.625,1.8466,6723.61,FVG,15m,holdout,0.55,5278
3.0,0.125,3641,0.576,1.6712,6084.82,FVG,15m,holdout,0.55,5278
3.0,0.167,3641,0.545,1.2856,4680.78,FVG,15m,holdout,0.55,5278
3.0,0.25,3641,0.509,0.5676,2066.67,FVG,15m,holdout,0.55,5278
3.0,0.5,3641,0.451,-0.8973,-3266.97,FVG,15m,holdout,0.55,5278
3.0,1.0,3641,0.384,-2.8016,-10200.73,FVG,15m,holdout,0.55,5278
4.0,0.083,3641,0.609,1.9508,7102.83,FVG,15m,holdout,0.55,5278
4.0,0.125,3641,0.551,1.8419,6706.38,FVG,15m,holdout,0.55,5278
4.0,0.167,3641,0.514,1.48,5388.81,FVG,15m,holdout,0.55,5278
4.0,0.25,3641,0.469,0.7783,2833.77,FVG,15m,holdout,0.55,5278
4.0,0.5,3641,0.407,-0.7561,-2752.84,FVG,15m,holdout,0.55,5278
4.0,1.0,3641,0.356,-2.7608,-10052.14,FVG,15m,holdout,0.55,5278
5.0,0.083,3641,0.6,1.9876,7236.96,FVG,15m,holdout,0.55,5278
5.0,0.125,3641,0.537,1.9552,7118.83,FVG,15m,holdout,0.55,5278
5.0,0.167,3641,0.496,1.6443,5987.0,FVG,15m,holdout,0.55,5278
5.0,0.25,3641,0.446,0.9945,3620.98,FVG,15m,holdout,0.55,5278
5.0,0.5,3641,0.373,-0.5525,-2011.65,FVG,15m,holdout,0.55,5278
5.0,1.0,3641,0.321,-2.6002,-9467.21,FVG,15m,holdout,0.55,5278
7.0,0.083,3641,0.592,1.9751,7191.18,FVG,15m,holdout,0.55,5278
7.0,0.125,3641,0.525,2.0295,7389.44,FVG,15m,holdout,0.55,5278
7.0,0.167,3641,0.481,1.7569,6396.79,FVG,15m,holdout,0.55,5278
7.0,0.25,3641,0.422,1.1587,4218.92,FVG,15m,holdout,0.55,5278
7.0,0.5,3641,0.336,-0.263,-957.43,FVG,15m,holdout,0.55,5278
7.0,1.0,3641,0.275,-2.3159,-8432.31,FVG,15m,holdout,0.55,5278
10.0,0.083,3641,0.589,1.9687,7168.05,FVG,15m,holdout,0.55,5278
10.0,0.125,3641,0.519,2.0286,7386.28,FVG,15m,holdout,0.55,5278
10.0,0.167,3641,0.473,1.7747,6461.64,FVG,15m,holdout,0.55,5278
10.0,0.25,3641,0.409,1.2446,4531.65,FVG,15m,holdout,0.55,5278
10.0,0.5,3641,0.314,-0.0953,-346.92,FVG,15m,holdout,0.55,5278
10.0,1.0,3641,0.243,-2.1508,-7831.11,FVG,15m,holdout,0.55,5278
2.0,0.083,3637,0.657,1.5061,5477.7,FVG,15m,holdout,0.575,5278
2.0,0.125,3637,0.618,1.1985,4359.02,FVG,15m,holdout,0.575,5278
2.0,0.167,3637,0.592,0.8168,2970.53,FVG,15m,holdout,0.575,5278
2.0,0.25,3637,0.55,0.1559,567.06,FVG,15m,holdout,0.575,5278
2.0,0.5,3637,0.469,-1.1977,-4356.08,FVG,15m,holdout,0.575,5278
2.0,1.0,3637,0.329,-2.9924,-10883.51,FVG,15m,holdout,0.575,5278
3.0,0.083,3637,0.623,1.8202,6620.08,FVG,15m,holdout,0.575,5278
3.0,0.125,3637,0.577,1.6455,5984.66,FVG,15m,holdout,0.575,5278
3.0,0.167,3637,0.546,1.2478,4538.09,FVG,15m,holdout,0.575,5278
3.0,0.25,3637,0.507,0.5173,1881.28,FVG,15m,holdout,0.575,5278
3.0,0.5,3637,0.45,-0.9496,-3453.79,FVG,15m,holdout,0.575,5278
3.0,1.0,3637,0.382,-2.8366,-10316.61,FVG,15m,holdout,0.575,5278
4.0,0.083,3637,0.607,1.9309,7022.72,FVG,15m,holdout,0.575,5278
4.0,0.125,3637,0.553,1.844,6706.68,FVG,15m,holdout,0.575,5278
4.0,0.167,3637,0.515,1.4711,5350.34,FVG,15m,holdout,0.575,5278
4.0,0.25,3637,0.469,0.7654,2783.88,FVG,15m,holdout,0.575,5278
4.0,0.5,3637,0.408,-0.7714,-2805.49,FVG,15m,holdout,0.575,5278
4.0,1.0,3637,0.357,-2.757,-10027.04,FVG,15m,holdout,0.575,5278
5.0,0.083,3637,0.596,1.9524,7100.87,FVG,15m,holdout,0.575,5278
5.0,0.125,3637,0.537,1.939,7052.22,FVG,15m,holdout,0.575,5278
5.0,0.167,3637,0.497,1.6122,5863.62,FVG,15m,holdout,0.575,5278
5.0,0.25,3637,0.445,0.9514,3460.23,FVG,15m,holdout,0.575,5278
5.0,0.5,3637,0.373,-0.5951,-2164.53,FVG,15m,holdout,0.575,5278
5.0,1.0,3637,0.322,-2.6245,-9545.31,FVG,15m,holdout,0.575,5278
7.0,0.083,3637,0.589,1.9386,7050.66,FVG,15m,holdout,0.575,5278
7.0,0.125,3637,0.525,2.0146,7327.15,FVG,15m,holdout,0.575,5278
7.0,0.167,3637,0.482,1.7402,6329.28,FVG,15m,holdout,0.575,5278
7.0,0.25,3637,0.422,1.1282,4103.43,FVG,15m,holdout,0.575,5278
7.0,0.5,3637,0.336,-0.3154,-1146.99,FVG,15m,holdout,0.575,5278
7.0,1.0,3637,0.276,-2.3449,-8528.5,FVG,15m,holdout,0.575,5278
10.0,0.083,3637,0.586,1.9336,7032.51,FVG,15m,holdout,0.575,5278
10.0,0.125,3637,0.52,2.0204,7348.25,FVG,15m,holdout,0.575,5278
10.0,0.167,3637,0.473,1.7538,6378.51,FVG,15m,holdout,0.575,5278
10.0,0.25,3637,0.408,1.2079,4393.14,FVG,15m,holdout,0.575,5278
10.0,0.5,3637,0.313,-0.138,-501.73,FVG,15m,holdout,0.575,5278
10.0,1.0,3637,0.241,-2.1615,-7861.38,FVG,15m,holdout,0.575,5278
2.0,0.083,3631,0.659,1.4827,5383.66,FVG,15m,holdout,0.6,5278
2.0,0.125,3631,0.617,1.1677,4239.95,FVG,15m,holdout,0.6,5278
2.0,0.167,3631,0.59,0.787,2857.75,FVG,15m,holdout,0.6,5278
2.0,0.25,3631,0.55,0.1328,482.02,FVG,15m,holdout,0.6,5278
2.0,0.5,3631,0.468,-1.2157,-4414.17,FVG,15m,holdout,0.6,5278
2.0,1.0,3631,0.326,-3.0141,-10944.12,FVG,15m,holdout,0.6,5278
3.0,0.083,3631,0.624,1.7947,6516.73,FVG,15m,holdout,0.6,5278
3.0,0.125,3631,0.577,1.6129,5856.52,FVG,15m,holdout,0.6,5278
3.0,0.167,3631,0.546,1.2167,4417.98,FVG,15m,holdout,0.6,5278
3.0,0.25,3631,0.507,0.4984,1809.66,FVG,15m,holdout,0.6,5278
3.0,0.5,3631,0.452,-0.9533,-3461.43,FVG,15m,holdout,0.6,5278
3.0,1.0,3631,0.384,-2.8516,-10354.05,FVG,15m,holdout,0.6,5278
4.0,0.083,3631,0.609,1.9285,7002.25,FVG,15m,holdout,0.6,5278
4.0,0.125,3631,0.554,1.8409,6684.13,FVG,15m,holdout,0.6,5278
4.0,0.167,3631,0.517,1.4701,5337.79,FVG,15m,holdout,0.6,5278
4.0,0.25,3631,0.471,0.7518,2729.93,FVG,15m,holdout,0.6,5278
4.0,0.5,3631,0.41,-0.7887,-2863.94,FVG,15m,holdout,0.6,5278
4.0,1.0,3631,0.358,-2.7659,-10043.06,FVG,15m,holdout,0.6,5278
5.0,0.083,3631,0.598,1.9593,7114.09,FVG,15m,holdout,0.6,5278
5.0,0.125,3631,0.537,1.9327,7017.53,FVG,15m,holdout,0.6,5278
5.0,0.167,3631,0.497,1.5916,5778.95,FVG,15m,holdout,0.6,5278
5.0,0.25,3631,0.445,0.9078,3296.17,FVG,15m,holdout,0.6,5278
5.0,0.5,3631,0.373,-0.6431,-2335.06,FVG,15m,holdout,0.6,5278
5.0,1.0,3631,0.322,-2.687,-9756.55,FVG,15m,holdout,0.6,5278
7.0,0.083,3631,0.59,1.9476,7071.85,FVG,15m,holdout,0.6,5278
7.0,0.125,3631,0.524,1.9988,7257.8,FVG,15m,holdout,0.6,5278
7.0,0.167,3631,0.482,1.7192,6242.49,FVG,15m,holdout,0.6,5278
7.0,0.25,3631,0.421,1.1018,4000.63,FVG,15m,holdout,0.6,5278
7.0,0.5,3631,0.335,-0.3645,-1323.6,FVG,15m,holdout,0.6,5278
7.0,1.0,3631,0.276,-2.4097,-8749.72,FVG,15m,holdout,0.6,5278
10.0,0.083,3631,0.587,1.9332,7019.49,FVG,15m,holdout,0.6,5278
10.0,0.125,3631,0.519,2.0012,7266.37,FVG,15m,holdout,0.6,5278
10.0,0.167,3631,0.474,1.7319,6288.58,FVG,15m,holdout,0.6,5278
10.0,0.25,3631,0.407,1.1689,4244.11,FVG,15m,holdout,0.6,5278
10.0,0.5,3631,0.31,-0.196,-711.52,FVG,15m,holdout,0.6,5278
10.0,1.0,3631,0.24,-2.2517,-8176.06,FVG,15m,holdout,0.6,5278
2.0,0.083,3622,0.658,1.484,5375.09,FVG,15m,holdout,0.625,5278
2.0,0.125,3622,0.618,1.1544,4181.32,FVG,15m,holdout,0.625,5278
2.0,0.167,3622,0.59,0.7703,2790.03,FVG,15m,holdout,0.625,5278
2.0,0.25,3622,0.552,0.1207,437.27,FVG,15m,holdout,0.625,5278
2.0,0.5,3622,0.468,-1.2197,-4417.6,FVG,15m,holdout,0.625,5278
2.0,1.0,3622,0.322,-3.0157,-10922.73,FVG,15m,holdout,0.625,5278
3.0,0.083,3622,0.623,1.8017,6525.61,FVG,15m,holdout,0.625,5278
3.0,0.125,3622,0.578,1.6133,5843.45,FVG,15m,holdout,0.625,5278
3.0,0.167,3622,0.546,1.2144,4398.5,FVG,15m,holdout,0.625,5278
3.0,0.25,3622,0.51,0.5013,1815.61,FVG,15m,holdout,0.625,5278
3.0,0.5,3622,0.454,-0.9484,-3435.22,FVG,15m,holdout,0.625,5278
3.0,1.0,3622,0.386,-2.8277,-10241.8,FVG,15m,holdout,0.625,5278
4.0,0.083,3622,0.609,1.9584,7093.39,FVG,15m,holdout,0.625,5278
4.0,0.125,3622,0.555,1.86,6736.78,FVG,15m,holdout,0.625,5278
4.0,0.167,3622,0.516,1.4779,5352.99,FVG,15m,holdout,0.625,5278
4.0,0.25,3622,0.473,0.7815,2830.58,FVG,15m,holdout,0.625,5278
4.0,0.5,3622,0.412,-0.7601,-2753.18,FVG,15m,holdout,0.625,5278
4.0,1.0,3622,0.361,-2.7334,-9900.21,FVG,15m,holdout,0.625,5278
5.0,0.083,3622,0.597,1.984,7185.89,FVG,15m,holdout,0.625,5278
5.0,0.125,3622,0.538,1.9481,7056.17,FVG,15m,holdout,0.625,5278
5.0,0.167,3622,0.497,1.5895,5757.26,FVG,15m,holdout,0.625,5278
5.0,0.25,3622,0.446,0.9059,3281.29,FVG,15m,holdout,0.625,5278
5.0,0.5,3622,0.374,-0.6269,-2270.59,FVG,15m,holdout,0.625,5278
5.0,1.0,3622,0.325,-2.6687,-9666.2,FVG,15m,holdout,0.625,5278
7.0,0.083,3622,0.588,1.9669,7124.11,FVG,15m,holdout,0.625,5278
7.0,0.125,3622,0.525,2.0171,7305.95,FVG,15m,holdout,0.625,5278
7.0,0.167,3622,0.48,1.7207,6232.54,FVG,15m,holdout,0.625,5278
7.0,0.25,3622,0.423,1.1115,4025.8,FVG,15m,holdout,0.625,5278
7.0,0.5,3622,0.335,-0.371,-1343.6,FVG,15m,holdout,0.625,5278
7.0,1.0,3622,0.276,-2.4081,-8721.96,FVG,15m,holdout,0.625,5278
10.0,0.083,3622,0.585,1.9508,7065.92,FVG,15m,holdout,0.625,5278
10.0,0.125,3622,0.519,2.0155,7299.99,FVG,15m,holdout,0.625,5278
10.0,0.167,3622,0.472,1.731,6269.71,FVG,15m,holdout,0.625,5278
10.0,0.25,3622,0.408,1.1808,4276.8,FVG,15m,holdout,0.625,5278
10.0,0.5,3622,0.31,-0.1967,-712.57,FVG,15m,holdout,0.625,5278
10.0,1.0,3622,0.239,-2.2594,-8183.56,FVG,15m,holdout,0.625,5278
2.0,0.083,3609,0.657,1.4577,5260.8,FVG,15m,holdout,0.65,5278
2.0,0.125,3609,0.618,1.1385,4109.02,FVG,15m,holdout,0.65,5278
2.0,0.167,3609,0.589,0.7521,2714.29,FVG,15m,holdout,0.65,5278
2.0,0.25,3609,0.552,0.1013,365.52,FVG,15m,holdout,0.65,5278
2.0,0.5,3609,0.468,-1.2554,-4530.58,FVG,15m,holdout,0.65,5278
2.0,1.0,3609,0.318,-3.0472,-10997.28,FVG,15m,holdout,0.65,5278
3.0,0.083,3609,0.62,1.7719,6394.78,FVG,15m,holdout,0.65,5278
3.0,0.125,3609,0.576,1.5781,5695.28,FVG,15m,holdout,0.65,5278
3.0,0.167,3609,0.545,1.1813,4263.34,FVG,15m,holdout,0.65,5278
3.0,0.25,3609,0.51,0.4842,1747.61,FVG,15m,holdout,0.65,5278
3.0,0.5,3609,0.455,-0.976,-3522.49,FVG,15m,holdout,0.65,5278
3.0,1.0,3609,0.387,-2.8516,-10291.54,FVG,15m,holdout,0.65,5278
4.0,0.083,3609,0.605,1.9187,6924.58,FVG,15m,holdout,0.65,5278
4.0,0.125,3609,0.553,1.8138,6546.12,FVG,15m,holdout,0.65,5278
4.0,0.167,3609,0.515,1.442,5204.19,FVG,15m,holdout,0.65,5278
4.0,0.25,3609,0.472,0.7556,2726.98,FVG,15m,holdout,0.65,5278
4.0,0.5,3609,0.412,-0.7813,-2819.87,FVG,15m,holdout,0.65,5278
4.0,1.0,3609,0.362,-2.747,-9913.86,FVG,15m,holdout,0.65,5278
5.0,0.083,3609,0.594,1.9565,7061.01,FVG,15m,holdout,0.65,5278
5.0,0.125,3609,0.538,1.9271,6954.97,FVG,15m,holdout,0.65,5278
5.0,0.167,3609,0.496,1.5731,5677.38,FVG,15m,holdout,0.65,5278
5.0,0.25,3609,0.447,0.9001,3248.3,FVG,15m,holdout,0.65,5278
5.0,0.5,3609,0.375,-0.6417,-2315.75,FVG,15m,holdout,0.65,5278
5.0,1.0,3609,0.328,-2.6882,-9701.56,FVG,15m,holdout,0.65,5278
7.0,0.083,3609,0.585,1.9509,7040.9,FVG,15m,holdout,0.65,5278
7.0,0.125,3609,0.524,2.0149,7271.76,FVG,15m,holdout,0.65,5278
7.0,0.167,3609,0.479,1.7262,6229.88,FVG,15m,holdout,0.65,5278
7.0,0.25,3609,0.423,1.1316,4083.85,FVG,15m,holdout,0.65,5278
7.0,0.5,3609,0.336,-0.361,-1302.96,FVG,15m,holdout,0.65,5278
7.0,1.0,3609,0.278,-2.4203,-8734.72,FVG,15m,holdout,0.65,5278
10.0,0.083,3609,0.582,1.9269,6954.35,FVG,15m,holdout,0.65,5278
10.0,0.125,3609,0.517,2.0004,7219.3,FVG,15m,holdout,0.65,5278
10.0,0.167,3609,0.47,1.7235,6220.19,FVG,15m,holdout,0.65,5278
10.0,0.25,3609,0.408,1.1919,4301.57,FVG,15m,holdout,0.65,5278
10.0,0.5,3609,0.309,-0.2078,-750.13,FVG,15m,holdout,0.65,5278
10.0,1.0,3609,0.24,-2.2926,-8274.06,FVG,15m,holdout,0.65,5278
2.0,0.083,3607,0.658,1.4188,5117.43,FVG,15m,holdout,0.675,5278
2.0,0.125,3607,0.617,1.1028,3977.96,FVG,15m,holdout,0.675,5278
2.0,0.167,3607,0.589,0.712,2568.25,FVG,15m,holdout,0.675,5278
2.0,0.25,3607,0.553,0.0557,200.87,FVG,15m,holdout,0.675,5278
2.0,0.5,3607,0.469,-1.3047,-4706.21,FVG,15m,holdout,0.675,5278
2.0,1.0,3607,0.316,-3.0914,-11150.61,FVG,15m,holdout,0.675,5278
3.0,0.083,3607,0.619,1.6946,6112.46,FVG,15m,holdout,0.675,5278
3.0,0.125,3607,0.572,1.4891,5371.3,FVG,15m,holdout,0.675,5278
3.0,0.167,3607,0.542,1.0843,3911.22,FVG,15m,holdout,0.675,5278
3.0,0.25,3607,0.507,0.3869,1395.58,FVG,15m,holdout,0.675,5278
3.0,0.5,3607,0.453,-1.0872,-3921.35,FVG,15m,holdout,0.675,5278
3.0,1.0,3607,0.384,-2.9542,-10655.93,FVG,15m,holdout,0.675,5278
4.0,0.083,3607,0.604,1.8491,6669.75,FVG,15m,holdout,0.675,5278
4.0,0.125,3607,0.552,1.7329,6250.49,FVG,15m,holdout,0.675,5278
4.0,0.167,3607,0.513,1.3444,4849.07,FVG,15m,holdout,0.675,5278
4.0,0.25,3607,0.472,0.6601,2380.94,FVG,15m,holdout,0.675,5278
4.0,0.5,3607,0.412,-0.872,-3145.47,FVG,15m,holdout,0.675,5278
4.0,1.0,3607,0.362,-2.8294,-10205.62,FVG,15m,holdout,0.675,5278
5.0,0.083,3607,0.592,1.8826,6790.69,FVG,15m,holdout,0.675,5278
5.0,0.125,3607,0.535,1.8429,6647.35,FVG,15m,holdout,0.675,5278
5.0,0.167,3607,0.493,1.4705,5303.94,FVG,15m,holdout,0.675,5278
5.0,0.25,3607,0.445,0.8039,2899.51,FVG,15m,holdout,0.675,5278
5.0,0.5,3607,0.374,-0.7368,-2657.55,FVG,15m,holdout,0.675,5278
5.0,1.0,3607,0.328,-2.7677,-9983.05,FVG,15m,holdout,0.675,5278
7.0,0.083,3607,0.582,1.8808,6783.98,FVG,15m,holdout,0.675,5278
7.0,0.125,3607,0.52,1.9336,6974.67,FVG,15m,holdout,0.675,5278
7.0,0.167,3607,0.475,1.6247,5860.26,FVG,15m,holdout,0.675,5278
7.0,0.25,3607,0.42,1.0493,3784.99,FVG,15m,holdout,0.675,5278
7.0,0.5,3607,0.334,-0.4408,-1589.93,FVG,15m,holdout,0.675,5278
7.0,1.0,3607,0.278,-2.4888,-8977.07,FVG,15m,holdout,0.675,5278
10.0,0.083,3607,0.579,1.8517,6679.0,FVG,15m,holdout,0.675,5278
10.0,0.125,3607,0.513,1.9134,6901.62,FVG,15m,holdout,0.675,5278
10.0,0.167,3607,0.465,1.6123,5815.52,FVG,15m,holdout,0.675,5278
10.0,0.25,3607,0.405,1.0962,3953.94,FVG,15m,holdout,0.675,5278
10.0,0.5,3607,0.307,-0.3088,-1113.69,FVG,15m,holdout,0.675,5278
10.0,1.0,3607,0.239,-2.3897,-8619.74,FVG,15m,holdout,0.675,5278
2.0,0.083,3603,0.658,1.3719,4943.02,FVG,15m,holdout,0.7,5278
2.0,0.125,3603,0.618,1.0493,3780.7,FVG,15m,holdout,0.7,5278
2.0,0.167,3603,0.587,0.66,2377.98,FVG,15m,holdout,0.7,5278
2.0,0.25,3603,0.553,0.0225,81.05,FVG,15m,holdout,0.7,5278
2.0,0.5,3603,0.466,-1.3283,-4785.84,FVG,15m,holdout,0.7,5278
2.0,1.0,3603,0.314,-3.1084,-11199.64,FVG,15m,holdout,0.7,5278
3.0,0.083,3603,0.623,1.6814,6058.05,FVG,15m,holdout,0.7,5278
3.0,0.125,3603,0.575,1.4677,5287.96,FVG,15m,holdout,0.7,5278
3.0,0.167,3603,0.545,1.075,3873.1,FVG,15m,holdout,0.7,5278
3.0,0.25,3603,0.511,0.3918,1411.63,FVG,15m,holdout,0.7,5278
3.0,0.5,3603,0.456,-1.0787,-3886.56,FVG,15m,holdout,0.7,5278
3.0,1.0,3603,0.382,-2.9459,-10614.1,FVG,15m,holdout,0.7,5278
4.0,0.083,3603,0.606,1.8367,6617.61,FVG,15m,holdout,0.7,5278
4.0,0.125,3603,0.555,1.726,6218.83,FVG,15m,holdout,0.7,5278
4.0,0.167,3603,0.518,1.336,4813.47,FVG,15m,holdout,0.7,5278
4.0,0.25,3603,0.475,0.656,2363.74,FVG,15m,holdout,0.7,5278
4.0,0.5,3603,0.416,-0.8679,-3127.05,FVG,15m,holdout,0.7,5278
4.0,1.0,3603,0.366,-2.8177,-10152.11,FVG,15m,holdout,0.7,5278
5.0,0.083,3603,0.595,1.8852,6792.42,FVG,15m,holdout,0.7,5278
5.0,0.125,3603,0.537,1.8506,6667.86,FVG,15m,holdout,0.7,5278
5.0,0.167,3603,0.497,1.4808,5335.5,FVG,15m,holdout,0.7,5278
5.0,0.25,3603,0.448,0.8232,2965.84,FVG,15m,holdout,0.7,5278
5.0,0.5,3603,0.378,-0.7363,-2652.93,FVG,15m,holdout,0.7,5278
5.0,1.0,3603,0.331,-2.7548,-9925.7,FVG,15m,holdout,0.7,5278
7.0,0.083,3603,0.585,1.8822,6781.6,FVG,15m,holdout,0.7,5278
7.0,0.125,3603,0.522,1.9365,6977.23,FVG,15m,holdout,0.7,5278
7.0,0.167,3603,0.478,1.6279,5865.47,FVG,15m,holdout,0.7,5278
7.0,0.25,3603,0.422,1.0561,3805.18,FVG,15m,holdout,0.7,5278
7.0,0.5,3603,0.337,-0.4461,-1607.35,FVG,15m,holdout,0.7,5278
7.0,1.0,3603,0.28,-2.4931,-8982.55,FVG,15m,holdout,0.7,5278
10.0,0.083,3603,0.581,1.8545,6681.59,FVG,15m,holdout,0.7,5278
10.0,0.125,3603,0.515,1.9246,6934.18,FVG,15m,holdout,0.7,5278
10.0,0.167,3603,0.468,1.6289,5868.94,FVG,15m,holdout,0.7,5278
10.0,0.25,3603,0.406,1.1273,4061.56,FVG,15m,holdout,0.7,5278
10.0,0.5,3603,0.309,-0.2867,-1033.05,FVG,15m,holdout,0.7,5278
10.0,1.0,3603,0.24,-2.3539,-8481.26,FVG,15m,holdout,0.7,5278
2.0,0.083,4183,0.739,1.9281,8065.32,FVG,30m,train,0.3,7792
2.0,0.125,4183,0.685,1.9397,8113.75,FVG,30m,train,0.3,7792
2.0,0.167,4183,0.647,1.6034,6707.0,FVG,30m,train,0.3,7792
2.0,0.25,4183,0.596,1.0944,4577.8,FVG,30m,train,0.3,7792
2.0,0.5,4183,0.508,0.0125,52.15,FVG,30m,train,0.3,7792
2.0,1.0,4183,0.396,-1.4999,-6273.89,FVG,30m,train,0.3,7792
3.0,0.083,4183,0.725,2.0821,8709.24,FVG,30m,train,0.3,7792
3.0,0.125,4183,0.66,2.2531,9424.6,FVG,30m,train,0.3,7792
3.0,0.167,4183,0.619,1.9265,8058.45,FVG,30m,train,0.3,7792
3.0,0.25,4183,0.565,1.4063,5882.57,FVG,30m,train,0.3,7792
3.0,0.5,4183,0.482,0.3042,1272.6,FVG,30m,train,0.3,7792
3.0,1.0,4183,0.406,-1.3165,-5507.09,FVG,30m,train,0.3,7792
4.0,0.083,4183,0.716,2.1233,8881.73,FVG,30m,train,0.3,7792
4.0,0.125,4183,0.645,2.389,9993.12,FVG,30m,train,0.3,7792
4.0,0.167,4183,0.599,2.085,8721.48,FVG,30m,train,0.3,7792
4.0,0.25,4183,0.542,1.608,6726.21,FVG,30m,train,0.3,7792
4.0,0.5,4183,0.449,0.4622,1933.26,FVG,30m,train,0.3,7792
4.0,1.0,4183,0.383,-1.198,-5011.27,FVG,30m,train,0.3,7792
5.0,0.083,4183,0.713,2.1422,8960.98,FVG,30m,train,0.3,7792
5.0,0.125,4183,0.64,2.4938,10431.37,FVG,30m,train,0.3,7792
5.0,0.167,4183,0.59,2.2163,9270.9,FVG,30m,train,0.3,7792
5.0,0.25,4183,0.529,1.7769,7432.91,FVG,30m,train,0.3,7792
5.0,0.5,4183,0.43,0.6559,2743.66,FVG,30m,train,0.3,7792
5.0,1.0,4183,0.361,-1.0251,-4287.88,FVG,30m,train,0.3,7792
7.0,0.083,4183,0.71,2.1474,8982.37,FVG,30m,train,0.3,7792
7.0,0.125,4183,0.634,2.537,10612.25,FVG,30m,train,0.3,7792
7.0,0.167,4183,0.583,2.3142,9680.14,FVG,30m,train,0.3,7792
7.0,0.25,4183,0.517,1.9654,8221.43,FVG,30m,train,0.3,7792
7.0,0.5,4183,0.41,0.9561,3999.43,FVG,30m,train,0.3,7792
7.0,1.0,4183,0.33,-0.646,-2702.41,FVG,30m,train,0.3,7792
10.0,0.083,4183,0.709,2.1504,8995.02,FVG,30m,train,0.3,7792
10.0,0.125,4183,0.631,2.5276,10572.94,FVG,30m,train,0.3,7792
10.0,0.167,4183,0.579,2.3115,9668.9,FVG,30m,train,0.3,7792
10.0,0.25,4183,0.51,2.0021,8374.7,FVG,30m,train,0.3,7792
10.0,0.5,4183,0.394,1.04,4350.16,FVG,30m,train,0.3,7792
10.0,1.0,4183,0.306,-0.5609,-2346.41,FVG,30m,train,0.3,7792
2.0,0.083,4183,0.738,1.909,7985.46,FVG,30m,train,0.325,7792
2.0,0.125,4183,0.683,1.879,7859.7,FVG,30m,train,0.325,7792
2.0,0.167,4183,0.646,1.5492,6480.45,FVG,30m,train,0.325,7792
2.0,0.25,4183,0.595,1.0396,4348.65,FVG,30m,train,0.325,7792
2.0,0.5,4183,0.505,-0.0547,-228.63,FVG,30m,train,0.325,7792
2.0,1.0,4183,0.394,-1.5664,-6552.33,FVG,30m,train,0.325,7792
3.0,0.083,4183,0.723,2.0805,8702.85,FVG,30m,train,0.325,7792
3.0,0.125,4183,0.658,2.2043,9220.54,FVG,30m,train,0.325,7792
3.0,0.167,4183,0.617,1.8898,7905.2,FVG,30m,train,0.325,7792
3.0,0.25,4183,0.564,1.3576,5678.99,FVG,30m,train,0.325,7792
3.0,0.5,4183,0.479,0.2499,1045.46,FVG,30m,train,0.325,7792
3.0,1.0,4183,0.406,-1.3725,-5741.26,FVG,30m,train,0.325,7792
4.0,0.083,4183,0.714,2.1208,8871.47,FVG,30m,train,0.325,7792
4.0,0.125,4183,0.644,2.3444,9806.44,FVG,30m,train,0.325,7792
4.0,0.167,4183,0.598,2.0561,8600.56,FVG,30m,train,0.325,7792
4.0,0.25,4183,0.541,1.565,6546.54,FVG,30m,train,0.325,7792
4.0,0.5,4183,0.447,0.3967,1659.22,FVG,30m,train,0.325,7792
4.0,1.0,4183,0.381,-1.2782,-5346.66,FVG,30m,train,0.325,7792
5.0,0.083,4183,0.71,2.1341,8926.82,FVG,30m,train,0.325,7792
5.0,0.125,4183,0.638,2.4442,10224.29,FVG,30m,train,0.325,7792
5.0,0.167,4183,0.588,2.1831,9131.76,FVG,30m,train,0.325,7792
5.0,0.25,4183,0.528,1.7477,7310.58,FVG,30m,train,0.325,7792
5.0,0.5,4183,0.428,0.6039,2526.15,FVG,30m,train,0.325,7792
5.0,1.0,4183,0.361,-1.075,-4496.6,FVG,30m,train,0.325,7792
7.0,0.083,4183,0.708,2.1438,8967.32,FVG,30m,train,0.325,7792
7.0,0.125,4183,0.632,2.4935,10430.13,FVG,30m,train,0.325,7792
7.0,0.167,4183,0.58,2.2876,9569.22,FVG,30m,train,0.325,7792
7.0,0.25,4183,0.515,1.9349,8093.8,FVG,30m,train,0.325,7792
7.0,0.5,4183,0.408,0.9074,3795.47,FVG,30m,train,0.325,7792
7.0,1.0,4183,0.33,-0.6899,-2885.85,FVG,30m,train,0.325,7792
10.0,0.083,4183,0.706,2.1466,8979.38,FVG,30m,train,0.325,7792
10.0,0.125,4183,0.629,2.5082,10491.7,FVG,30m,train,0.325,7792
10.0,0.167,4183,0.576,2.3145,9681.63,FVG,30m,train,0.325,7792
10.0,0.25,4183,0.508,1.9956,8347.74,FVG,30m,train,0.325,7792
10.0,0.5,4183,0.392,1.0014,4188.93,FVG,30m,train,0.325,7792
10.0,1.0,4183,0.304,-0.6123,-2561.34,FVG,30m,train,0.325,7792
2.0,0.083,4178,0.734,1.8843,7872.43,FVG,30m,train,0.35,7792
2.0,0.125,4178,0.681,1.8878,7887.05,FVG,30m,train,0.35,7792
2.0,0.167,4178,0.646,1.5581,6509.7,FVG,30m,train,0.35,7792
2.0,0.25,4178,0.594,1.0249,4282.1,FVG,30m,train,0.35,7792
2.0,0.5,4178,0.502,-0.0962,-402.08,FVG,30m,train,0.35,7792
2.0,1.0,4178,0.392,-1.6068,-6713.31,FVG,30m,train,0.35,7792
3.0,0.083,4178,0.721,2.0669,8635.55,FVG,30m,train,0.35,7792
3.0,0.125,4178,0.657,2.202,9200.15,FVG,30m,train,0.35,7792
3.0,0.167,4178,0.617,1.8869,7883.53,FVG,30m,train,0.35,7792
3.0,0.25,4178,0.562,1.3396,5596.94,FVG,30m,train,0.35,7792
3.0,0.5,4178,0.478,0.2084,870.53,FVG,30m,train,0.35,7792
3.0,1.0,4178,0.405,-1.3891,-5803.54,FVG,30m,train,0.35,7792
4.0,0.083,4178,0.712,2.1165,8842.9,FVG,30m,train,0.35,7792
4.0,0.125,4178,0.642,2.3562,9844.32,FVG,30m,train,0.35,7792
4.0,0.167,4178,0.598,2.081,8694.47,FVG,30m,train,0.35,7792
4.0,0.25,4178,0.54,1.5757,6583.33,FVG,30m,train,0.35,7792
4.0,0.5,4178,0.448,0.4144,1731.29,FVG,30m,train,0.35,7792
4.0,1.0,4178,0.383,-1.2513,-5227.98,FVG,30m,train,0.35,7792
5.0,0.083,4178,0.708,2.1237,8872.75,FVG,30m,train,0.35,7792
5.0,0.125,4178,0.635,2.4431,10207.3,FVG,30m,train,0.35,7792
5.0,0.167,4178,0.588,2.1899,9149.24,FVG,30m,train,0.35,7792
5.0,0.25,4178,0.526,1.7303,7229.06,FVG,30m,train,0.35,7792
5.0,0.5,4178,0.427,0.5606,2342.32,FVG,30m,train,0.35,7792
5.0,1.0,4178,0.36,-1.1296,-4719.48,FVG,30m,train,0.35,7792
7.0,0.083,4178,0.705,2.1343,8916.9,FVG,30m,train,0.35,7792
7.0,0.125,4178,0.63,2.4955,10426.28,FVG,30m,train,0.35,7792
7.0,0.167,4178,0.58,2.2982,9602.07,FVG,30m,train,0.35,7792
7.0,0.25,4178,0.513,1.9223,8031.18,FVG,30m,train,0.35,7792
7.0,0.5,4178,0.407,0.878,3668.19,FVG,30m,train,0.35,7792
7.0,1.0,4178,0.329,-0.7234,-3022.4,FVG,30m,train,0.35,7792
10.0,0.083,4178,0.704,2.1371,8928.9,FVG,30m,train,0.35,7792
10.0,0.125,4178,0.626,2.5065,10472.28,FVG,30m,train,0.35,7792
10.0,0.167,4178,0.575,2.3223,9702.52,FVG,30m,train,0.35,7792
10.0,0.25,4178,0.506,1.9834,8286.48,FVG,30m,train,0.35,7792
10.0,0.5,4178,0.391,0.9807,4097.3,FVG,30m,train,0.35,7792
10.0,1.0,4178,0.304,-0.6266,-2617.92,FVG,30m,train,0.35,7792
2.0,0.083,4163,0.736,1.8409,7663.52,FVG,30m,train,0.375,7792
2.0,0.125,4163,0.681,1.8505,7703.69,FVG,30m,train,0.375,7792
2.0,0.167,4163,0.646,1.5294,6366.88,FVG,30m,train,0.375,7792
2.0,0.25,4163,0.595,0.9978,4153.76,FVG,30m,train,0.375,7792
2.0,0.5,4163,0.502,-0.1162,-483.83,FVG,30m,train,0.375,7792
2.0,1.0,4163,0.394,-1.6106,-6705.09,FVG,30m,train,0.375,7792
3.0,0.083,4163,0.722,2.0385,8486.27,FVG,30m,train,0.375,7792
3.0,0.125,4163,0.656,2.1789,9070.84,FVG,30m,train,0.375,7792
3.0,0.167,4163,0.619,1.8639,7759.51,FVG,30m,train,0.375,7792
3.0,0.25,4163,0.564,1.3298,5536.09,FVG,30m,train,0.375,7792
3.0,0.5,4163,0.479,0.197,820.31,FVG,30m,train,0.375,7792
3.0,1.0,4163,0.407,-1.3871,-5774.49,FVG,30m,train,0.375,7792
4.0,0.083,4163,0.713,2.0906,8703.37,FVG,30m,train,0.375,7792
4.0,0.125,4163,0.643,2.3501,9783.45,FVG,30m,train,0.375,7792
4.0,0.167,4163,0.599,2.0698,8616.68,FVG,30m,train,0.375,7792
4.0,0.25,4163,0.54,1.5693,6532.82,FVG,30m,train,0.375,7792
4.0,0.5,4163,0.45,0.4244,1766.8,FVG,30m,train,0.375,7792
4.0,1.0,4163,0.385,-1.2237,-5094.35,FVG,30m,train,0.375,7792
5.0,0.083,4163,0.709,2.1094,8781.33,FVG,30m,train,0.375,7792
5.0,0.125,4163,0.636,2.4405,10159.88,FVG,30m,train,0.375,7792
5.0,0.167,4163,0.589,2.1788,9070.41,FVG,30m,train,0.375,7792
5.0,0.25,4163,0.527,1.7349,7222.39,FVG,30m,train,0.375,7792
5.0,0.5,4163,0.429,0.5773,2403.29,FVG,30m,train,0.375,7792
5.0,1.0,4163,0.362,-1.0978,-4570.25,FVG,30m,train,0.375,7792
7.0,0.083,4163,0.706,2.107,8771.56,FVG,30m,train,0.375,7792
7.0,0.125,4163,0.629,2.472,10290.96,FVG,30m,train,0.375,7792
7.0,0.167,4163,0.58,2.2677,9440.28,FVG,30m,train,0.375,7792
7.0,0.25,4163,0.513,1.9049,7930.26,FVG,30m,train,0.375,7792
7.0,0.5,4163,0.407,0.87,3621.81,FVG,30m,train,0.375,7792
7.0,1.0,4163,0.33,-0.735,-3059.92,FVG,30m,train,0.375,7792
10.0,0.083,4163,0.705,2.1096,8782.17,FVG,30m,train,0.375,7792
10.0,0.125,4163,0.626,2.4849,10344.61,FVG,30m,train,0.375,7792
10.0,0.167,4163,0.576,2.2961,9558.54,FVG,30m,train,0.375,7792
10.0,0.25,4163,0.505,1.9753,8223.37,FVG,30m,train,0.375,7792
10.0,0.5,4163,0.391,0.9959,4145.94,FVG,30m,train,0.375,7792
10.0,1.0,4163,0.305,-0.6154,-2561.75,FVG,30m,train,0.375,7792
2.0,0.083,4161,0.734,1.8168,7559.87,FVG,30m,train,0.4,7792
2.0,0.125,4161,0.681,1.8268,7601.31,FVG,30m,train,0.4,7792
2.0,0.167,4161,0.645,1.4951,6221.31,FVG,30m,train,0.4,7792
2.0,0.25,4161,0.595,0.9619,4002.33,FVG,30m,train,0.4,7792
2.0,0.5,4161,0.5,-0.1397,-581.42,FVG,30m,train,0.4,7792
2.0,1.0,4161,0.392,-1.6367,-6810.36,FVG,30m,train,0.4,7792
3.0,0.083,4161,0.721,2.046,8513.6,FVG,30m,train,0.4,7792
3.0,0.125,4161,0.659,2.2094,9193.43,FVG,30m,train,0.4,7792
3.0,0.167,4161,0.619,1.8824,7832.48,FVG,30m,train,0.4,7792
3.0,0.25,4161,0.564,1.351,5621.35,FVG,30m,train,0.4,7792
3.0,0.5,4161,0.48,0.2206,917.73,FVG,30m,train,0.4,7792
3.0,1.0,4161,0.408,-1.3561,-5642.55,FVG,30m,train,0.4,7792
4.0,0.083,4161,0.713,2.0927,8707.76,FVG,30m,train,0.4,7792
4.0,0.125,4161,0.645,2.3592,9816.71,FVG,30m,train,0.4,7792
4.0,0.167,4161,0.6,2.0704,8615.06,FVG,30m,train,0.4,7792
4.0,0.25,4161,0.54,1.5607,6494.22,FVG,30m,train,0.4,7792
4.0,0.5,4161,0.451,0.4383,1823.75,FVG,30m,train,0.4,7792
4.0,1.0,4161,0.387,-1.199,-4989.17,FVG,30m,train,0.4,7792
5.0,0.083,4161,0.709,2.1185,8815.21,FVG,30m,train,0.4,7792
5.0,0.125,4161,0.638,2.4598,10235.07,FVG,30m,train,0.4,7792
5.0,0.167,4161,0.59,2.1814,9076.72,FVG,30m,train,0.4,7792
5.0,0.25,4161,0.526,1.7325,7209.02,FVG,30m,train,0.4,7792
5.0,0.5,4161,0.429,0.5848,2433.46,FVG,30m,train,0.4,7792
5.0,1.0,4161,0.365,-1.0909,-4539.15,FVG,30m,train,0.4,7792
7.0,0.083,4161,0.706,2.1103,8780.92,FVG,30m,train,0.4,7792
7.0,0.125,4161,0.631,2.5034,10416.49,FVG,30m,train,0.4,7792
7.0,0.167,4161,0.58,2.2845,9505.91,FVG,30m,train,0.4,7792
7.0,0.25,4161,0.511,1.9129,7959.51,FVG,30m,train,0.4,7792
7.0,0.5,4161,0.407,0.8807,3664.54,FVG,30m,train,0.4,7792
7.0,1.0,4161,0.332,-0.7282,-3030.22,FVG,30m,train,0.4,7792
10.0,0.083,4161,0.705,2.1131,8792.72,FVG,30m,train,0.4,7792
10.0,0.125,4161,0.627,2.4996,10400.67,FVG,30m,train,0.4,7792
10.0,0.167,4161,0.575,2.2978,9561.18,FVG,30m,train,0.4,7792
10.0,0.25,4161,0.503,1.9746,8216.52,FVG,30m,train,0.4,7792
10.0,0.5,4161,0.391,1.0176,4234.1,FVG,30m,train,0.4,7792
10.0,1.0,4161,0.306,-0.5955,-2478.08,FVG,30m,train,0.4,7792
2.0,0.083,4154,0.731,1.7758,7376.47,FVG,30m,train,0.425,7792
2.0,0.125,4154,0.678,1.8035,7491.84,FVG,30m,train,0.425,7792
2.0,0.167,4154,0.641,1.434,5956.81,FVG,30m,train,0.425,7792
2.0,0.25,4154,0.593,0.9279,3854.41,FVG,30m,train,0.425,7792
2.0,0.5,4154,0.499,-0.19,-789.09,FVG,30m,train,0.425,7792
2.0,1.0,4154,0.388,-1.7025,-7072.05,FVG,30m,train,0.425,7792
3.0,0.083,4154,0.72,2.0154,8371.95,FVG,30m,train,0.425,7792
3.0,0.125,4154,0.657,2.1929,9109.45,FVG,30m,train,0.425,7792
3.0,0.167,4154,0.617,1.8186,7554.57,FVG,30m,train,0.425,7792
3.0,0.25,4154,0.564,1.3038,5415.8,FVG,30m,train,0.425,7792
3.0,0.5,4154,0.479,0.1475,612.68,FVG,30m,train,0.425,7792
3.0,1.0,4154,0.404,-1.4385,-5975.6,FVG,30m,train,0.425,7792
4.0,0.083,4154,0.711,2.0499,8515.38,FVG,30m,train,0.425,7792
4.0,0.125,4154,0.643,2.3522,9770.89,FVG,30m,train,0.425,7792
4.0,0.167,4154,0.597,2.0055,8330.85,FVG,30m,train,0.425,7792
4.0,0.25,4154,0.54,1.5068,6259.11,FVG,30m,train,0.425,7792
4.0,0.5,4154,0.449,0.3375,1401.97,FVG,30m,train,0.425,7792
4.0,1.0,4154,0.384,-1.3092,-5438.42,FVG,30m,train,0.425,7792
5.0,0.083,4154,0.707,2.0737,8614.08,FVG,30m,train,0.425,7792
5.0,0.125,4154,0.636,2.4422,10144.77,FVG,30m,train,0.425,7792
5.0,0.167,4154,0.585,2.1031,8736.12,FVG,30m,train,0.425,7792
5.0,0.25,4154,0.525,1.6624,6905.77,FVG,30m,train,0.425,7792
5.0,0.5,4154,0.426,0.4973,2065.68,FVG,30m,train,0.425,7792
5.0,1.0,4154,0.362,-1.1814,-4907.55,FVG,30m,train,0.425,7792
7.0,0.083,4154,0.704,2.0702,8599.5,FVG,30m,train,0.425,7792
7.0,0.125,4154,0.629,2.4963,10369.78,FVG,30m,train,0.425,7792
7.0,0.167,4154,0.576,2.2194,9219.27,FVG,30m,train,0.425,7792
7.0,0.25,4154,0.511,1.8648,7746.24,FVG,30m,train,0.425,7792
7.0,0.5,4154,0.404,0.7938,3297.46,FVG,30m,train,0.425,7792
7.0,1.0,4154,0.329,-0.826,-3431.14,FVG,30m,train,0.425,7792
10.0,0.083,4154,0.703,2.0725,8609.09,FVG,30m,train,0.425,7792
10.0,0.125,4154,0.625,2.4984,10378.35,FVG,30m,train,0.425,7792
10.0,0.167,4154,0.571,2.2396,9303.45,FVG,30m,train,0.425,7792
10.0,0.25,4154,0.503,1.9334,8031.47,FVG,30m,train,0.425,7792
10.0,0.5,4154,0.388,0.9341,3880.46,FVG,30m,train,0.425,7792
10.0,1.0,4154,0.303,-0.6767,-2810.89,FVG,30m,train,0.425,7792
2.0,0.083,4143,0.728,1.7331,7180.12,FVG,30m,train,0.45,7792
2.0,0.125,4143,0.676,1.7335,7181.82,FVG,30m,train,0.45,7792
2.0,0.167,4143,0.638,1.3868,5745.41,FVG,30m,train,0.45,7792
2.0,0.25,4143,0.592,0.8694,3601.91,FVG,30m,train,0.45,7792
2.0,0.5,4143,0.5,-0.2432,-1007.49,FVG,30m,train,0.45,7792
2.0,1.0,4143,0.387,-1.7487,-7244.93,FVG,30m,train,0.45,7792
3.0,0.083,4143,0.718,1.9661,8145.47,FVG,30m,train,0.45,7792
3.0,0.125,4143,0.653,2.1049,8720.44,FVG,30m,train,0.45,7792
3.0,0.167,4143,0.611,1.7462,7234.44,FVG,30m,train,0.45,7792
3.0,0.25,4143,0.56,1.216,5037.89,FVG,30m,train,0.45,7792
3.0,0.5,4143,0.479,0.0506,209.62,FVG,30m,train,0.45,7792
3.0,1.0,4143,0.401,-1.5103,-6257.08,FVG,30m,train,0.45,7792
4.0,0.083,4143,0.708,2.0059,8310.46,FVG,30m,train,0.45,7792
4.0,0.125,4143,0.639,2.2726,9415.53,FVG,30m,train,0.45,7792
4.0,0.167,4143,0.593,1.9564,8105.17,FVG,30m,train,0.45,7792
4.0,0.25,4143,0.538,1.4433,5979.48,FVG,30m,train,0.45,7792
4.0,0.5,4143,0.449,0.2574,1066.44,FVG,30m,train,0.45,7792
4.0,1.0,4143,0.383,-1.3776,-5707.45,FVG,30m,train,0.45,7792
5.0,0.083,4143,0.704,2.0291,8406.63,FVG,30m,train,0.45,7792
5.0,0.125,4143,0.632,2.3615,9783.88,FVG,30m,train,0.45,7792
5.0,0.167,4143,0.581,2.055,8513.88,FVG,30m,train,0.45,7792
5.0,0.25,4143,0.523,1.6003,6630.01,FVG,30m,train,0.45,7792
5.0,0.5,4143,0.428,0.4564,1890.99,FVG,30m,train,0.45,7792
5.0,1.0,4143,0.362,-1.1909,-4933.91,FVG,30m,train,0.45,7792
7.0,0.083,4143,0.701,2.0283,8403.2,FVG,30m,train,0.45,7792
7.0,0.125,4143,0.625,2.4252,10047.8,FVG,30m,train,0.45,7792
7.0,0.167,4143,0.571,2.1748,9010.07,FVG,30m,train,0.45,7792
7.0,0.25,4143,0.508,1.8051,7478.52,FVG,30m,train,0.45,7792
7.0,0.5,4143,0.404,0.7302,3025.34,FVG,30m,train,0.45,7792
7.0,1.0,4143,0.328,-0.886,-3670.58,FVG,30m,train,0.45,7792
10.0,0.083,4143,0.7,2.036,8434.99,FVG,30m,train,0.45,7792
10.0,0.125,4143,0.622,2.4329,10079.62,FVG,30m,train,0.45,7792
10.0,0.167,4143,0.566,2.2025,9124.77,FVG,30m,train,0.45,7792
10.0,0.25,4143,0.5,1.887,7817.84,FVG,30m,train,0.45,7792
10.0,0.5,4143,0.388,0.8812,3650.7,FVG,30m,train,0.45,7792
10.0,1.0,4143,0.302,-0.7019,-2907.99,FVG,30m,train,0.45,7792
2.0,0.083,4129,0.728,1.7154,7082.93,FVG,30m,train,0.475,7792
2.0,0.125,4129,0.675,1.689,6973.85,FVG,30m,train,0.475,7792
2.0,0.167,4129,0.637,1.3346,5510.37,FVG,30m,train,0.475,7792
2.0,0.25,4129,0.589,0.8111,3348.85,FVG,30m,train,0.475,7792
2.0,0.5,4129,0.497,-0.2984,-1232.14,FVG,30m,train,0.475,7792
2.0,1.0,4129,0.382,-1.7938,-7406.67,FVG,30m,train,0.475,7792
3.0,0.083,4129,0.718,1.9526,8062.11,FVG,30m,train,0.475,7792
3.0,0.125,4129,0.652,2.0648,8525.41,FVG,30m,train,0.475,7792
3.0,0.167,4129,0.611,1.6923,6987.52,FVG,30m,train,0.475,7792
3.0,0.25,4129,0.558,1.149,4744.42,FVG,30m,train,0.475,7792
3.0,0.5,4129,0.478,-0.0197,-81.25,FVG,30m,train,0.475,7792
3.0,1.0,4129,0.4,-1.5692,-6479.37,FVG,30m,train,0.475,7792
4.0,0.083,4129,0.708,2.0086,8293.54,FVG,30m,train,0.475,7792
4.0,0.125,4129,0.638,2.2597,9330.2,FVG,30m,train,0.475,7792
4.0,0.167,4129,0.593,1.9275,7958.6,FVG,30m,train,0.475,7792
4.0,0.25,4129,0.538,1.4189,5858.79,FVG,30m,train,0.475,7792
4.0,0.5,4129,0.451,0.2509,1035.88,FVG,30m,train,0.475,7792
4.0,1.0,4129,0.386,-1.3707,-5659.74,FVG,30m,train,0.475,7792
5.0,0.083,4129,0.704,2.0371,8411.05,FVG,30m,train,0.475,7792
5.0,0.125,4129,0.632,2.3574,9733.62,FVG,30m,train,0.475,7792
5.0,0.167,4129,0.582,2.034,8398.42,FVG,30m,train,0.475,7792
5.0,0.25,4129,0.524,1.5891,6561.24,FVG,30m,train,0.475,7792
5.0,0.5,4129,0.43,0.4197,1732.97,FVG,30m,train,0.475,7792
5.0,1.0,4129,0.365,-1.2235,-5051.83,FVG,30m,train,0.475,7792
7.0,0.083,4129,0.701,2.0411,8427.55,FVG,30m,train,0.475,7792
7.0,0.125,4129,0.624,2.4277,10023.98,FVG,30m,train,0.475,7792
7.0,0.167,4129,0.571,2.1573,8907.46,FVG,30m,train,0.475,7792
7.0,0.25,4129,0.507,1.7929,7402.89,FVG,30m,train,0.475,7792
7.0,0.5,4129,0.403,0.7116,2938.09,FVG,30m,train,0.475,7792
7.0,1.0,4129,0.33,-0.893,-3687.07,FVG,30m,train,0.475,7792
10.0,0.083,4129,0.7,2.0527,8475.68,FVG,30m,train,0.475,7792
10.0,0.125,4129,0.621,2.4405,10076.78,FVG,30m,train,0.475,7792
10.0,0.167,4129,0.567,2.1931,9055.22,FVG,30m,train,0.475,7792
10.0,0.25,4129,0.5,1.8822,7771.41,FVG,30m,train,0.475,7792
10.0,0.5,4129,0.388,0.881,3637.84,FVG,30m,train,0.475,7792
10.0,1.0,4129,0.304,-0.6816,-2814.2,FVG,30m,train,0.475,7792
2.0,0.083,4127,0.725,1.6867,6961.06,FVG,30m,train,0.5,7792
2.0,0.125,4127,0.672,1.628,6718.95,FVG,30m,train,0.5,7792
2.0,0.167,4127,0.632,1.2704,5242.92,FVG,30m,train,0.5,7792
2.0,0.25,4127,0.586,0.7606,3138.97,FVG,30m,train,0.5,7792
2.0,0.5,4127,0.496,-0.3341,-1378.66,FVG,30m,train,0.5,7792
2.0,1.0,4127,0.381,-1.8455,-7616.36,FVG,30m,train,0.5,7792
3.0,0.083,4127,0.715,1.9144,7900.82,FVG,30m,train,0.5,7792
3.0,0.125,4127,0.65,2.008,8286.93,FVG,30m,train,0.5,7792
3.0,0.167,4127,0.607,1.6351,6748.23,FVG,30m,train,0.5,7792
3.0,0.25,4127,0.557,1.114,4597.49,FVG,30m,train,0.5,7792
3.0,0.5,4127,0.477,-0.0492,-202.86,FVG,30m,train,0.5,7792
3.0,1.0,4127,0.398,-1.6028,-6614.91,FVG,30m,train,0.5,7792
4.0,0.083,4127,0.705,1.9772,8159.93,FVG,30m,train,0.5,7792
4.0,0.125,4127,0.634,2.1995,9077.44,FVG,30m,train,0.5,7792
4.0,0.167,4127,0.588,1.8629,7688.23,FVG,30m,train,0.5,7792
4.0,0.25,4127,0.535,1.3597,5611.57,FVG,30m,train,0.5,7792
4.0,0.5,4127,0.45,0.1984,818.98,FVG,30m,train,0.5,7792
4.0,1.0,4127,0.386,-1.4202,-5861.22,FVG,30m,train,0.5,7792
5.0,0.083,4127,0.701,2.0029,8265.9,FVG,30m,train,0.5,7792
5.0,0.125,4127,0.627,2.2923,9460.21,FVG,30m,train,0.5,7792
5.0,0.167,4127,0.577,1.9677,8120.59,FVG,30m,train,0.5,7792
5.0,0.25,4127,0.522,1.5274,6303.7,FVG,30m,train,0.5,7792
5.0,0.5,4127,0.43,0.3611,1490.42,FVG,30m,train,0.5,7792
5.0,1.0,4127,0.365,-1.2866,-5309.89,FVG,30m,train,0.5,7792
7.0,0.083,4127,0.697,2.0082,8287.98,FVG,30m,train,0.5,7792
7.0,0.125,4127,0.619,2.364,9756.05,FVG,30m,train,0.5,7792
7.0,0.167,4127,0.566,2.0925,8635.63,FVG,30m,train,0.5,7792
7.0,0.25,4127,0.504,1.7288,7134.8,FVG,30m,train,0.5,7792
7.0,0.5,4127,0.404,0.6669,2752.23,FVG,30m,train,0.5,7792
7.0,1.0,4127,0.33,-0.954,-3937.3,FVG,30m,train,0.5,7792
10.0,0.083,4127,0.697,2.021,8340.84,FVG,30m,train,0.5,7792
10.0,0.125,4127,0.616,2.3695,9779.05,FVG,30m,train,0.5,7792
10.0,0.167,4127,0.562,2.1242,8766.77,FVG,30m,train,0.5,7792
10.0,0.25,4127,0.496,1.8183,7504.2,FVG,30m,train,0.5,7792
10.0,0.5,4127,0.387,0.8319,3433.25,FVG,30m,train,0.5,7792
10.0,1.0,4127,0.303,-0.7426,-3064.66,FVG,30m,train,0.5,7792
2.0,0.083,4133,0.722,1.6847,6962.9,FVG,30m,train,0.525,7792
2.0,0.125,4133,0.67,1.5845,6548.57,FVG,30m,train,0.525,7792
2.0,0.167,4133,0.632,1.2256,5065.32,FVG,30m,train,0.525,7792
2.0,0.25,4133,0.584,0.746,3083.28,FVG,30m,train,0.525,7792
2.0,0.5,4133,0.493,-0.3712,-1534.37,FVG,30m,train,0.525,7792
2.0,1.0,4133,0.377,-1.8729,-7740.78,FVG,30m,train,0.525,7792
3.0,0.083,4133,0.711,1.8973,7841.57,FVG,30m,train,0.525,7792
3.0,0.125,4133,0.65,1.9741,8159.0,FVG,30m,train,0.525,7792
3.0,0.167,4133,0.606,1.6002,6613.62,FVG,30m,train,0.525,7792
3.0,0.25,4133,0.555,1.1135,4602.09,FVG,30m,train,0.525,7792
3.0,0.5,4133,0.476,-0.0609,-251.78,FVG,30m,train,0.525,7792
3.0,1.0,4133,0.397,-1.6275,-6726.45,FVG,30m,train,0.525,7792
4.0,0.083,4133,0.701,1.958,8092.32,FVG,30m,train,0.525,7792
4.0,0.125,4133,0.634,2.154,8902.39,FVG,30m,train,0.525,7792
4.0,0.167,4133,0.586,1.8265,7548.76,FVG,30m,train,0.525,7792
4.0,0.25,4133,0.533,1.3404,5539.86,FVG,30m,train,0.525,7792
4.0,0.5,4133,0.448,0.1641,678.06,FVG,30m,train,0.525,7792
4.0,1.0,4133,0.384,-1.4627,-6045.4,FVG,30m,train,0.525,7792
5.0,0.083,4133,0.697,1.9848,8203.03,FVG,30m,train,0.525,7792
5.0,0.125,4133,0.626,2.2562,9324.87,FVG,30m,train,0.525,7792
5.0,0.167,4133,0.575,1.9213,7940.72,FVG,30m,train,0.525,7792
5.0,0.25,4133,0.518,1.4979,6190.86,FVG,30m,train,0.525,7792
5.0,0.5,4133,0.428,0.3157,1304.85,FVG,30m,train,0.525,7792
5.0,1.0,4133,0.363,-1.3277,-5487.57,FVG,30m,train,0.525,7792
7.0,0.083,4133,0.693,1.9936,8239.53,FVG,30m,train,0.525,7792
7.0,0.125,4133,0.619,2.3284,9623.09,FVG,30m,train,0.525,7792
7.0,0.167,4133,0.564,2.0472,8460.89,FVG,30m,train,0.525,7792
7.0,0.25,4133,0.5,1.7002,7026.84,FVG,30m,train,0.525,7792
7.0,0.5,4133,0.402,0.6385,2639.12,FVG,30m,train,0.525,7792
7.0,1.0,4133,0.328,-0.9988,-4127.92,FVG,30m,train,0.525,7792
10.0,0.083,4133,0.692,2.0053,8287.98,FVG,30m,train,0.525,7792
10.0,0.125,4133,0.615,2.3371,9659.21,FVG,30m,train,0.525,7792
10.0,0.167,4133,0.559,2.0839,8612.92,FVG,30m,train,0.525,7792
10.0,0.25,4133,0.492,1.7953,7420.08,FVG,30m,train,0.525,7792
10.0,0.5,4133,0.385,0.7973,3295.22,FVG,30m,train,0.525,7792
10.0,1.0,4133,0.301,-0.7912,-3269.93,FVG,30m,train,0.525,7792
2.0,0.083,4123,0.723,1.6905,6969.87,FVG,30m,train,0.55,7792
2.0,0.125,4123,0.672,1.5477,6381.16,FVG,30m,train,0.55,7792
2.0,0.167,4123,0.634,1.1998,4946.86,FVG,30m,train,0.55,7792
2.0,0.25,4123,0.584,0.7103,2928.66,FVG,30m,train,0.55,7792
2.0,0.5,4123,0.492,-0.3935,-1622.33,FVG,30m,train,0.55,7792
2.0,1.0,4123,0.374,-1.8888,-7787.54,FVG,30m,train,0.55,7792
3.0,0.083,4123,0.713,1.9154,7897.16,FVG,30m,train,0.55,7792
3.0,0.125,4123,0.651,1.9404,8000.28,FVG,30m,train,0.55,7792
3.0,0.167,4123,0.608,1.5863,6540.3,FVG,30m,train,0.55,7792
3.0,0.25,4123,0.555,1.096,4518.86,FVG,30m,train,0.55,7792
3.0,0.5,4123,0.478,-0.0617,-254.21,FVG,30m,train,0.55,7792
3.0,1.0,4123,0.398,-1.612,-6646.32,FVG,30m,train,0.55,7792
4.0,0.083,4123,0.703,1.9774,8152.94,FVG,30m,train,0.55,7792
4.0,0.125,4123,0.635,2.1168,8727.54,FVG,30m,train,0.55,7792
4.0,0.167,4123,0.588,1.8076,7452.93,FVG,30m,train,0.55,7792
4.0,0.25,4123,0.533,1.3275,5473.09,FVG,30m,train,0.55,7792
4.0,0.5,4123,0.449,0.1564,644.68,FVG,30m,train,0.55,7792
4.0,1.0,4123,0.383,-1.4556,-6001.45,FVG,30m,train,0.55,7792
5.0,0.083,4123,0.699,2.0078,8277.98,FVG,30m,train,0.55,7792
5.0,0.125,4123,0.628,2.2246,9172.21,FVG,30m,train,0.55,7792
5.0,0.167,4123,0.577,1.907,7862.68,FVG,30m,train,0.55,7792
5.0,0.25,4123,0.518,1.4767,6088.54,FVG,30m,train,0.55,7792
5.0,0.5,4123,0.429,0.3029,1248.74,FVG,30m,train,0.55,7792
5.0,1.0,4123,0.361,-1.3311,-5487.98,FVG,30m,train,0.55,7792
7.0,0.083,4123,0.694,2.0123,8296.87,FVG,30m,train,0.55,7792
7.0,0.125,4123,0.619,2.2971,9471.02,FVG,30m,train,0.55,7792
7.0,0.167,4123,0.564,2.0327,8380.66,FVG,30m,train,0.55,7792
7.0,0.25,4123,0.5,1.6982,7001.78,FVG,30m,train,0.55,7792
7.0,0.5,4123,0.402,0.6336,2612.28,FVG,30m,train,0.55,7792
7.0,1.0,4123,0.328,-1.0084,-4157.5,FVG,30m,train,0.55,7792
10.0,0.083,4123,0.694,2.0231,8341.13,FVG,30m,train,0.55,7792
10.0,0.125,4123,0.615,2.3041,9499.85,FVG,30m,train,0.55,7792
10.0,0.167,4123,0.56,2.0841,8592.54,FVG,30m,train,0.55,7792
10.0,0.25,4123,0.492,1.7955,7402.71,FVG,30m,train,0.55,7792
10.0,0.5,4123,0.386,0.7924,3267.16,FVG,30m,train,0.55,7792
10.0,1.0,4123,0.301,-0.7816,-3222.45,FVG,30m,train,0.55,7792
2.0,0.083,4119,0.723,1.6869,6948.19,FVG,30m,train,0.575,7792
2.0,0.125,4119,0.674,1.5516,6391.18,FVG,30m,train,0.575,7792
2.0,0.167,4119,0.636,1.202,4950.93,FVG,30m,train,0.575,7792
2.0,0.25,4119,0.586,0.7066,2910.45,FVG,30m,train,0.575,7792
2.0,0.5,4119,0.492,-0.4079,-1680.27,FVG,30m,train,0.575,7792
2.0,1.0,4119,0.373,-1.9108,-7870.5,FVG,30m,train,0.575,7792
3.0,0.083,4119,0.713,1.8906,7787.2,FVG,30m,train,0.575,7792
3.0,0.125,4119,0.653,1.9161,7892.31,FVG,30m,train,0.575,7792
3.0,0.167,4119,0.611,1.5668,6453.78,FVG,30m,train,0.575,7792
3.0,0.25,4119,0.558,1.074,4423.78,FVG,30m,train,0.575,7792
3.0,0.5,4119,0.48,-0.0878,-361.7,FVG,30m,train,0.575,7792
3.0,1.0,4119,0.399,-1.6299,-6713.57,FVG,30m,train,0.575,7792
4.0,0.083,4119,0.702,1.9713,8119.8,FVG,30m,train,0.575,7792
4.0,0.125,4119,0.636,2.1152,8712.63,FVG,30m,train,0.575,7792
4.0,0.167,4119,0.59,1.8087,7449.83,FVG,30m,train,0.575,7792
4.0,0.25,4119,0.535,1.3374,5508.66,FVG,30m,train,0.575,7792
4.0,0.5,4119,0.452,0.1541,634.63,FVG,30m,train,0.575,7792
4.0,1.0,4119,0.387,-1.4404,-5933.16,FVG,30m,train,0.575,7792
5.0,0.083,4119,0.698,1.9993,8235.04,FVG,30m,train,0.575,7792
5.0,0.125,4119,0.629,2.2144,9121.15,FVG,30m,train,0.575,7792
5.0,0.167,4119,0.58,1.9059,7850.47,FVG,30m,train,0.575,7792
5.0,0.25,4119,0.52,1.476,6079.76,FVG,30m,train,0.575,7792
5.0,0.5,4119,0.43,0.2812,1158.22,FVG,30m,train,0.575,7792
5.0,1.0,4119,0.364,-1.3495,-5558.39,FVG,30m,train,0.575,7792
7.0,0.083,4119,0.693,2.0035,8252.61,FVG,30m,train,0.575,7792
7.0,0.125,4119,0.62,2.295,9453.11,FVG,30m,train,0.575,7792
7.0,0.167,4119,0.567,2.0355,8384.38,FVG,30m,train,0.575,7792
7.0,0.25,4119,0.501,1.6979,6993.82,FVG,30m,train,0.575,7792
7.0,0.5,4119,0.402,0.6014,2476.99,FVG,30m,train,0.575,7792
7.0,1.0,4119,0.33,-1.0326,-4253.19,FVG,30m,train,0.575,7792
10.0,0.083,4119,0.693,2.0154,8301.57,FVG,30m,train,0.575,7792
10.0,0.125,4119,0.616,2.3017,9480.65,FVG,30m,train,0.575,7792
10.0,0.167,4119,0.563,2.0872,8597.26,FVG,30m,train,0.575,7792
10.0,0.25,4119,0.493,1.8068,7442.09,FVG,30m,train,0.575,7792
10.0,0.5,4119,0.386,0.7893,3251.04,FVG,30m,train,0.575,7792
10.0,1.0,4119,0.303,-0.7794,-3210.36,FVG,30m,train,0.575,7792
2.0,0.083,4104,0.723,1.6615,6818.84,FVG,30m,train,0.6,7792
2.0,0.125,4104,0.674,1.503,6168.15,FVG,30m,train,0.6,7792
2.0,0.167,4104,0.637,1.161,4764.87,FVG,30m,train,0.6,7792
2.0,0.25,4104,0.584,0.6461,2651.48,FVG,30m,train,0.6,7792
2.0,0.5,4104,0.491,-0.461,-1891.79,FVG,30m,train,0.6,7792
2.0,1.0,4104,0.371,-1.9706,-8087.42,FVG,30m,train,0.6,7792
3.0,0.083,4104,0.713,1.8694,7671.85,FVG,30m,train,0.6,7792
3.0,0.125,4104,0.654,1.8762,7700.1,FVG,30m,train,0.6,7792
3.0,0.167,4104,0.614,1.5294,6276.48,FVG,30m,train,0.6,7792
3.0,0.25,4104,0.558,1.0215,4192.4,FVG,30m,train,0.6,7792
3.0,0.5,4104,0.481,-0.1515,-621.87,FVG,30m,train,0.6,7792
3.0,1.0,4104,0.399,-1.7118,-7025.18,FVG,30m,train,0.6,7792
4.0,0.083,4104,0.703,1.9586,8038.21,FVG,30m,train,0.6,7792
4.0,0.125,4104,0.638,2.0997,8617.15,FVG,30m,train,0.6,7792
4.0,0.167,4104,0.593,1.7952,7367.62,FVG,30m,train,0.6,7792
4.0,0.25,4104,0.536,1.3081,5368.43,FVG,30m,train,0.6,7792
4.0,0.5,4104,0.453,0.1106,453.84,FVG,30m,train,0.6,7792
4.0,1.0,4104,0.387,-1.4987,-6150.51,FVG,30m,train,0.6,7792
5.0,0.083,4104,0.699,1.9722,8093.82,FVG,30m,train,0.6,7792
5.0,0.125,4104,0.629,2.1733,8919.15,FVG,30m,train,0.6,7792
5.0,0.167,4104,0.582,1.8925,7766.87,FVG,30m,train,0.6,7792
5.0,0.25,4104,0.519,1.442,5917.99,FVG,30m,train,0.6,7792
5.0,0.5,4104,0.431,0.2387,979.48,FVG,30m,train,0.6,7792
5.0,1.0,4104,0.365,-1.4044,-5763.49,FVG,30m,train,0.6,7792
7.0,0.083,4104,0.693,1.9818,8133.14,FVG,30m,train,0.6,7792
7.0,0.125,4104,0.62,2.2679,9307.38,FVG,30m,train,0.6,7792
7.0,0.167,4104,0.569,2.0107,8252.04,FVG,30m,train,0.6,7792
7.0,0.25,4104,0.5,1.6312,6694.26,FVG,30m,train,0.6,7792
7.0,0.5,4104,0.402,0.5238,2149.49,FVG,30m,train,0.6,7792
7.0,1.0,4104,0.331,-1.1127,-4566.64,FVG,30m,train,0.6,7792
10.0,0.083,4104,0.693,1.9945,8185.47,FVG,30m,train,0.6,7792
10.0,0.125,4104,0.616,2.2797,9355.76,FVG,30m,train,0.6,7792
10.0,0.167,4104,0.565,2.0717,8502.06,FVG,30m,train,0.6,7792
10.0,0.25,4104,0.492,1.751,7185.97,FVG,30m,train,0.6,7792
10.0,0.5,4104,0.385,0.7226,2965.49,FVG,30m,train,0.6,7792
10.0,1.0,4104,0.303,-0.856,-3513.11,FVG,30m,train,0.6,7792
2.0,0.083,4076,0.726,1.7117,6976.87,FVG,30m,train,0.625,7792
2.0,0.125,4076,0.674,1.5211,6199.9,FVG,30m,train,0.625,7792
2.0,0.167,4076,0.64,1.1994,4888.8,FVG,30m,train,0.625,7792
2.0,0.25,4076,0.588,0.6898,2811.47,FVG,30m,train,0.625,7792
2.0,0.5,4076,0.494,-0.4052,-1651.56,FVG,30m,train,0.625,7792
2.0,1.0,4076,0.372,-1.9145,-7803.39,FVG,30m,train,0.625,7792
3.0,0.083,4076,0.715,1.9178,7817.15,FVG,30m,train,0.625,7792
3.0,0.125,4076,0.654,1.8956,7726.41,FVG,30m,train,0.625,7792
3.0,0.167,4076,0.616,1.5485,6311.78,FVG,30m,train,0.625,7792
3.0,0.25,4076,0.562,1.0476,4269.84,FVG,30m,train,0.625,7792
3.0,0.5,4076,0.484,-0.1083,-441.33,FVG,30m,train,0.625,7792
3.0,1.0,4076,0.401,-1.6661,-6790.94,FVG,30m,train,0.625,7792
4.0,0.083,4076,0.705,2.0002,8152.8,FVG,30m,train,0.625,7792
4.0,0.125,4076,0.637,2.1123,8609.58,FVG,30m,train,0.625,7792
4.0,0.167,4076,0.594,1.7993,7333.98,FVG,30m,train,0.625,7792
4.0,0.25,4076,0.538,1.3161,5364.4,FVG,30m,train,0.625,7792
4.0,0.5,4076,0.454,0.1096,446.66,FVG,30m,train,0.625,7792
4.0,1.0,4076,0.387,-1.505,-6134.46,FVG,30m,train,0.625,7792
5.0,0.083,4076,0.701,2.0341,8290.94,FVG,30m,train,0.625,7792
5.0,0.125,4076,0.629,2.2023,8976.56,FVG,30m,train,0.625,7792
5.0,0.167,4076,0.584,1.9224,7835.64,FVG,30m,train,0.625,7792
5.0,0.25,4076,0.523,1.4641,5967.51,FVG,30m,train,0.625,7792
5.0,0.5,4076,0.434,0.2552,1040.38,FVG,30m,train,0.625,7792
5.0,1.0,4076,0.368,-1.3997,-5705.16,FVG,30m,train,0.625,7792
7.0,0.083,4076,0.696,2.0428,8326.36,FVG,30m,train,0.625,7792
7.0,0.125,4076,0.62,2.3071,9403.55,FVG,30m,train,0.625,7792
7.0,0.167,4076,0.571,2.0481,8347.94,FVG,30m,train,0.625,7792
7.0,0.25,4076,0.502,1.6693,6804.0,FVG,30m,train,0.625,7792
7.0,0.5,4076,0.404,0.5455,2223.37,FVG,30m,train,0.625,7792
7.0,1.0,4076,0.331,-1.0974,-4473.17,FVG,30m,train,0.625,7792
10.0,0.083,4076,0.695,2.0483,8348.99,FVG,30m,train,0.625,7792
10.0,0.125,4076,0.616,2.3098,9414.91,FVG,30m,train,0.625,7792
10.0,0.167,4076,0.567,2.0938,8534.47,FVG,30m,train,0.625,7792
10.0,0.25,4076,0.494,1.7867,7282.76,FVG,30m,train,0.625,7792
10.0,0.5,4076,0.385,0.7511,3061.66,FVG,30m,train,0.625,7792
10.0,1.0,4076,0.303,-0.8381,-3416.2,FVG,30m,train,0.625,7792
2.0,0.083,4063,0.725,1.6555,6726.18,FVG,30m,train,0.65,7792
2.0,0.125,4063,0.671,1.4684,5966.19,FVG,30m,train,0.65,7792
2.0,0.167,4063,0.638,1.1437,4646.97,FVG,30m,train,0.65,7792
2.0,0.25,4063,0.589,0.6506,2643.46,FVG,30m,train,0.65,7792
2.0,0.5,4063,0.493,-0.4401,-1788.08,FVG,30m,train,0.65,7792
2.0,1.0,4063,0.372,-1.9383,-7875.15,FVG,30m,train,0.65,7792
3.0,0.083,4063,0.715,1.8872,7667.84,FVG,30m,train,0.65,7792
3.0,0.125,4063,0.651,1.8397,7474.76,FVG,30m,train,0.65,7792
3.0,0.167,4063,0.615,1.5015,6100.68,FVG,30m,train,0.65,7792
3.0,0.25,4063,0.563,1.0042,4080.0,FVG,30m,train,0.65,7792
3.0,0.5,4063,0.486,-0.1653,-671.65,FVG,30m,train,0.65,7792
3.0,1.0,4063,0.403,-1.726,-7012.56,FVG,30m,train,0.65,7792
4.0,0.083,4063,0.704,1.9641,7980.11,FVG,30m,train,0.65,7792
4.0,0.125,4063,0.633,2.0555,8351.45,FVG,30m,train,0.65,7792
4.0,0.167,4063,0.592,1.7353,7050.68,FVG,30m,train,0.65,7792
4.0,0.25,4063,0.538,1.2574,5108.89,FVG,30m,train,0.65,7792
4.0,0.5,4063,0.455,0.0365,148.21,FVG,30m,train,0.65,7792
4.0,1.0,4063,0.388,-1.5777,-6410.14,FVG,30m,train,0.65,7792
5.0,0.083,4063,0.7,1.9957,8108.72,FVG,30m,train,0.65,7792
5.0,0.125,4063,0.626,2.1594,8773.6,FVG,30m,train,0.65,7792
5.0,0.167,4063,0.582,1.8704,7599.51,FVG,30m,train,0.65,7792
5.0,0.25,4063,0.524,1.4308,5813.42,FVG,30m,train,0.65,7792
5.0,0.5,4063,0.435,0.2141,870.04,FVG,30m,train,0.65,7792
5.0,1.0,4063,0.37,-1.4388,-5846.02,FVG,30m,train,0.65,7792
7.0,0.083,4063,0.695,2.014,8183.01,FVG,30m,train,0.65,7792
7.0,0.125,4063,0.617,2.2681,9215.17,FVG,30m,train,0.65,7792
7.0,0.167,4063,0.57,2.0193,8204.4,FVG,30m,train,0.65,7792
7.0,0.25,4063,0.504,1.6668,6772.29,FVG,30m,train,0.65,7792
7.0,0.5,4063,0.405,0.5357,2176.38,FVG,30m,train,0.65,7792
7.0,1.0,4063,0.334,-1.1028,-4480.48,FVG,30m,train,0.65,7792
10.0,0.083,4063,0.694,2.0151,8187.28,FVG,30m,train,0.65,7792
10.0,0.125,4063,0.613,2.2681,9215.19,FVG,30m,train,0.65,7792
10.0,0.167,4063,0.565,2.0607,8372.75,FVG,30m,train,0.65,7792
10.0,0.25,4063,0.494,1.7774,7221.67,FVG,30m,train,0.65,7792
10.0,0.5,4063,0.386,0.7453,3028.25,FVG,30m,train,0.65,7792
10.0,1.0,4063,0.304,-0.8449,-3432.68,FVG,30m,train,0.65,7792
2.0,0.083,4049,0.728,1.643,6652.42,FVG,30m,train,0.675,7792
2.0,0.125,4049,0.675,1.4486,5865.43,FVG,30m,train,0.675,7792
2.0,0.167,4049,0.641,1.134,4591.69,FVG,30m,train,0.675,7792
2.0,0.25,4049,0.593,0.6336,2565.6,FVG,30m,train,0.675,7792
2.0,0.5,4049,0.494,-0.4616,-1869.14,FVG,30m,train,0.675,7792
2.0,1.0,4049,0.37,-1.9407,-7858.08,FVG,30m,train,0.675,7792
3.0,0.083,4049,0.716,1.8621,7539.63,FVG,30m,train,0.675,7792
3.0,0.125,4049,0.653,1.8155,7350.79,FVG,30m,train,0.675,7792
3.0,0.167,4049,0.618,1.4977,6064.22,FVG,30m,train,0.675,7792
3.0,0.25,4049,0.567,0.986,3992.39,FVG,30m,train,0.675,7792
3.0,0.5,4049,0.489,-0.1755,-710.46,FVG,30m,train,0.675,7792
3.0,1.0,4049,0.406,-1.7309,-7008.45,FVG,30m,train,0.675,7792
4.0,0.083,4049,0.705,1.9574,7925.63,FVG,30m,train,0.675,7792
4.0,0.125,4049,0.635,2.0618,8348.38,FVG,30m,train,0.675,7792
4.0,0.167,4049,0.595,1.7562,7110.87,FVG,30m,train,0.675,7792
4.0,0.25,4049,0.544,1.2586,5096.26,FVG,30m,train,0.675,7792
4.0,0.5,4049,0.459,0.042,170.07,FVG,30m,train,0.675,7792
4.0,1.0,4049,0.392,-1.5654,-6338.42,FVG,30m,train,0.675,7792
5.0,0.083,4049,0.7,1.9861,8041.71,FVG,30m,train,0.675,7792
5.0,0.125,4049,0.627,2.1632,8758.66,FVG,30m,train,0.675,7792
5.0,0.167,4049,0.584,1.8955,7674.75,FVG,30m,train,0.675,7792
5.0,0.25,4049,0.53,1.4451,5851.31,FVG,30m,train,0.675,7792
5.0,0.5,4049,0.438,0.2184,884.45,FVG,30m,train,0.675,7792
5.0,1.0,4049,0.372,-1.4207,-5752.54,FVG,30m,train,0.675,7792
7.0,0.083,4049,0.696,2.01,8138.45,FVG,30m,train,0.675,7792
7.0,0.125,4049,0.618,2.2775,9221.42,FVG,30m,train,0.675,7792
7.0,0.167,4049,0.572,2.0555,8322.89,FVG,30m,train,0.675,7792
7.0,0.25,4049,0.51,1.6859,6826.16,FVG,30m,train,0.675,7792
7.0,0.5,4049,0.408,0.542,2194.68,FVG,30m,train,0.675,7792
7.0,1.0,4049,0.337,-1.0946,-4432.01,FVG,30m,train,0.675,7792
10.0,0.083,4049,0.694,2.007,8126.53,FVG,30m,train,0.675,7792
10.0,0.125,4049,0.614,2.2768,9218.62,FVG,30m,train,0.675,7792
10.0,0.167,4049,0.567,2.0958,8486.04,FVG,30m,train,0.675,7792
10.0,0.25,4049,0.5,1.801,7292.15,FVG,30m,train,0.675,7792
10.0,0.5,4049,0.388,0.7626,3087.95,FVG,30m,train,0.675,7792
10.0,1.0,4049,0.307,-0.8098,-3278.89,FVG,30m,train,0.675,7792
2.0,0.083,4024,0.729,1.6283,6552.46,FVG,30m,train,0.7,7792
2.0,0.125,4024,0.68,1.4425,5804.75,FVG,30m,train,0.7,7792
2.0,0.167,4024,0.646,1.1367,4573.94,FVG,30m,train,0.7,7792
2.0,0.25,4024,0.599,0.636,2559.36,FVG,30m,train,0.7,7792
2.0,0.5,4024,0.499,-0.453,-1822.9,FVG,30m,train,0.7,7792
2.0,1.0,4024,0.369,-1.9208,-7729.27,FVG,30m,train,0.7,7792
3.0,0.083,4024,0.716,1.8503,7445.68,FVG,30m,train,0.7,7792
3.0,0.125,4024,0.655,1.796,7227.01,FVG,30m,train,0.7,7792
3.0,0.167,4024,0.619,1.4717,5922.08,FVG,30m,train,0.7,7792
3.0,0.25,4024,0.572,0.9466,3809.16,FVG,30m,train,0.7,7792
3.0,0.5,4024,0.492,-0.2018,-812.12,FVG,30m,train,0.7,7792
3.0,1.0,4024,0.407,-1.7502,-7042.81,FVG,30m,train,0.7,7792
4.0,0.083,4024,0.706,1.9493,7843.94,FVG,30m,train,0.7,7792
4.0,0.125,4024,0.64,2.0666,8315.86,FVG,30m,train,0.7,7792
4.0,0.167,4024,0.599,1.7574,7071.64,FVG,30m,train,0.7,7792
4.0,0.25,4024,0.549,1.2442,5006.5,FVG,30m,train,0.7,7792
4.0,0.5,4024,0.462,0.0405,162.88,FVG,30m,train,0.7,7792
4.0,1.0,4024,0.393,-1.5592,-6274.32,FVG,30m,train,0.7,7792
5.0,0.083,4024,0.7,1.9754,7949.15,FVG,30m,train,0.7,7792
5.0,0.125,4024,0.63,2.1594,8689.25,FVG,30m,train,0.7,7792
5.0,0.167,4024,0.587,1.8855,7587.22,FVG,30m,train,0.7,7792
5.0,0.25,4024,0.534,1.4261,5738.46,FVG,30m,train,0.7,7792
5.0,0.5,4024,0.441,0.213,857.31,FVG,30m,train,0.7,7792
5.0,1.0,4024,0.373,-1.4213,-5719.47,FVG,30m,train,0.7,7792
7.0,0.083,4024,0.696,2.0071,8076.53,FVG,30m,train,0.7,7792
7.0,0.125,4024,0.621,2.288,9207.06,FVG,30m,train,0.7,7792
7.0,0.167,4024,0.575,2.0526,8259.62,FVG,30m,train,0.7,7792
7.0,0.25,4024,0.514,1.6681,6712.31,FVG,30m,train,0.7,7792
7.0,0.5,4024,0.411,0.5201,2093.04,FVG,30m,train,0.7,7792
7.0,1.0,4024,0.338,-1.1066,-4453.14,FVG,30m,train,0.7,7792
10.0,0.083,4024,0.693,1.9995,8045.91,FVG,30m,train,0.7,7792
10.0,0.125,4024,0.616,2.2752,9155.27,FVG,30m,train,0.7,7792
10.0,0.167,4024,0.569,2.0883,8403.29,FVG,30m,train,0.7,7792
10.0,0.25,4024,0.503,1.7736,7136.8,FVG,30m,train,0.7,7792
10.0,0.5,4024,0.391,0.7394,2975.2,FVG,30m,train,0.7,7792
10.0,1.0,4024,0.308,-0.8326,-3350.48,FVG,30m,train,0.7,7792
2.0,0.083,1781,0.718,1.9965,3555.85,FVG,30m,validation,0.3,2543
2.0,0.125,1781,0.678,1.9123,3405.82,FVG,30m,validation,0.3,2543
2.0,0.167,1781,0.645,1.5502,2760.9,FVG,30m,validation,0.3,2543
2.0,0.25,1781,0.608,1.0577,1883.71,FVG,30m,validation,0.3,2543
2.0,0.5,1781,0.523,-0.3483,-620.24,FVG,30m,validation,0.3,2543
2.0,1.0,1781,0.433,-2.1788,-3880.36,FVG,30m,validation,0.3,2543
3.0,0.083,1781,0.701,2.1407,3812.52,FVG,30m,validation,0.3,2543
3.0,0.125,1781,0.65,2.2695,4041.92,FVG,30m,validation,0.3,2543
3.0,0.167,1781,0.612,1.928,3433.73,FVG,30m,validation,0.3,2543
3.0,0.25,1781,0.568,1.3852,2467.06,FVG,30m,validation,0.3,2543
3.0,0.5,1781,0.498,-0.0965,-171.88,FVG,30m,validation,0.3,2543
3.0,1.0,1781,0.433,-1.9845,-3534.39,FVG,30m,validation,0.3,2543
4.0,0.083,1781,0.691,2.1847,3890.93,FVG,30m,validation,0.3,2543
4.0,0.125,1781,0.627,2.3317,4152.81,FVG,30m,validation,0.3,2543
4.0,0.167,1781,0.582,1.984,3533.54,FVG,30m,validation,0.3,2543
4.0,0.25,1781,0.535,1.4955,2663.48,FVG,30m,validation,0.3,2543
4.0,0.5,1781,0.461,0.0031,5.44,FVG,30m,validation,0.3,2543
4.0,1.0,1781,0.402,-1.8852,-3357.6,FVG,30m,validation,0.3,2543
5.0,0.083,1781,0.683,2.1266,3787.4,FVG,30m,validation,0.3,2543
5.0,0.125,1781,0.613,2.3236,4138.34,FVG,30m,validation,0.3,2543
5.0,0.167,1781,0.567,2.0302,3615.81,FVG,30m,validation,0.3,2543
5.0,0.25,1781,0.515,1.5214,2709.64,FVG,30m,validation,0.3,2543
5.0,0.5,1781,0.435,0.1082,192.77,FVG,30m,validation,0.3,2543
5.0,1.0,1781,0.373,-1.7804,-3170.87,FVG,30m,validation,0.3,2543
7.0,0.083,1781,0.679,2.1816,3885.46,FVG,30m,validation,0.3,2543
7.0,0.125,1781,0.605,2.4032,4280.05,FVG,30m,validation,0.3,2543
7.0,0.167,1781,0.555,2.1361,3804.41,FVG,30m,validation,0.3,2543
7.0,0.25,1781,0.497,1.6162,2878.52,FVG,30m,validation,0.3,2543
7.0,0.5,1781,0.405,0.2556,455.27,FVG,30m,validation,0.3,2543
7.0,1.0,1781,0.333,-1.6631,-2961.91,FVG,30m,validation,0.3,2543
10.0,0.083,1781,0.677,2.1729,3869.98,FVG,30m,validation,0.3,2543
10.0,0.125,1781,0.599,2.3799,4238.68,FVG,30m,validation,0.3,2543
10.0,0.167,1781,0.545,2.0809,3706.03,FVG,30m,validation,0.3,2543
10.0,0.25,1781,0.486,1.5839,2821.0,FVG,30m,validation,0.3,2543
10.0,0.5,1781,0.384,0.2525,449.64,FVG,30m,validation,0.3,2543
10.0,1.0,1781,0.297,-1.5177,-2702.99,FVG,30m,validation,0.3,2543
2.0,0.083,1783,0.715,1.9296,3440.49,FVG,30m,validation,0.325,2543
2.0,0.125,1783,0.676,1.8397,3280.1,FVG,30m,validation,0.325,2543
2.0,0.167,1783,0.644,1.5073,2687.55,FVG,30m,validation,0.325,2543
2.0,0.25,1783,0.607,0.9997,1782.45,FVG,30m,validation,0.325,2543
2.0,0.5,1783,0.521,-0.4029,-718.36,FVG,30m,validation,0.325,2543
2.0,1.0,1783,0.433,-2.2482,-4008.58,FVG,30m,validation,0.325,2543
3.0,0.083,1783,0.697,2.0374,3632.71,FVG,30m,validation,0.325,2543
3.0,0.125,1783,0.647,2.1344,3805.65,FVG,30m,validation,0.325,2543
3.0,0.167,1783,0.609,1.8166,3239.0,FVG,30m,validation,0.325,2543
3.0,0.25,1783,0.566,1.2723,2268.48,FVG,30m,validation,0.325,2543
3.0,0.5,1783,0.499,-0.1725,-307.63,FVG,30m,validation,0.325,2543
3.0,1.0,1783,0.432,-2.0658,-3683.26,FVG,30m,validation,0.325,2543
4.0,0.083,1783,0.686,2.0975,3739.82,FVG,30m,validation,0.325,2543
4.0,0.125,1783,0.623,2.2349,3984.91,FVG,30m,validation,0.325,2543
4.0,0.167,1783,0.578,1.914,3412.63,FVG,30m,validation,0.325,2543
4.0,0.25,1783,0.532,1.4464,2579.01,FVG,30m,validation,0.325,2543
4.0,0.5,1783,0.46,-0.0301,-53.7,FVG,30m,validation,0.325,2543
4.0,1.0,1783,0.403,-1.9364,-3452.68,FVG,30m,validation,0.325,2543
5.0,0.083,1783,0.678,2.0322,3623.35,FVG,30m,validation,0.325,2543
5.0,0.125,1783,0.61,2.2146,3948.63,FVG,30m,validation,0.325,2543
5.0,0.167,1783,0.563,1.9457,3469.17,FVG,30m,validation,0.325,2543
5.0,0.25,1783,0.51,1.4455,2577.24,FVG,30m,validation,0.325,2543
5.0,0.5,1783,0.433,0.0554,98.82,FVG,30m,validation,0.325,2543
5.0,1.0,1783,0.372,-1.8417,-3283.68,FVG,30m,validation,0.325,2543
7.0,0.083,1783,0.675,2.0882,3723.22,FVG,30m,validation,0.325,2543
7.0,0.125,1783,0.602,2.2959,4093.56,FVG,30m,validation,0.325,2543
7.0,0.167,1783,0.551,2.0511,3657.07,FVG,30m,validation,0.325,2543
7.0,0.25,1783,0.492,1.5251,2719.31,FVG,30m,validation,0.325,2543
7.0,0.5,1783,0.402,0.1283,228.78,FVG,30m,validation,0.325,2543
7.0,1.0,1783,0.331,-1.8046,-3217.54,FVG,30m,validation,0.325,2543
10.0,0.083,1783,0.672,2.0802,3708.94,FVG,30m,validation,0.325,2543
10.0,0.125,1783,0.596,2.2763,4058.7,FVG,30m,validation,0.325,2543
10.0,0.167,1783,0.542,2.0027,3570.84,FVG,30m,validation,0.325,2543
10.0,0.25,1783,0.482,1.5089,2690.45,FVG,30m,validation,0.325,2543
10.0,0.5,1783,0.381,0.2007,357.93,FVG,30m,validation,0.325,2543
10.0,1.0,1783,0.296,-1.6193,-2887.15,FVG,30m,validation,0.325,2543
2.0,0.083,1774,0.714,1.9743,3502.39,FVG,30m,validation,0.35,2543
2.0,0.125,1774,0.674,1.8584,3296.76,FVG,30m,validation,0.35,2543
2.0,0.167,1774,0.643,1.492,2646.82,FVG,30m,validation,0.35,2543
2.0,0.25,1774,0.604,0.9734,1726.85,FVG,30m,validation,0.35,2543
2.0,0.5,1774,0.517,-0.4401,-780.75,FVG,30m,validation,0.35,2543
2.0,1.0,1774,0.427,-2.2603,-4009.81,FVG,30m,validation,0.35,2543
3.0,0.083,1774,0.694,2.0698,3671.88,FVG,30m,validation,0.35,2543
3.0,0.125,1774,0.643,2.1424,3800.62,FVG,30m,validation,0.35,2543
3.0,0.167,1774,0.606,1.7641,3129.58,FVG,30m,validation,0.35,2543
3.0,0.25,1774,0.563,1.2168,2158.67,FVG,30m,validation,0.35,2543
3.0,0.5,1774,0.495,-0.2209,-391.84,FVG,30m,validation,0.35,2543
3.0,1.0,1774,0.428,-2.1226,-3765.55,FVG,30m,validation,0.35,2543
4.0,0.083,1774,0.683,2.1267,3772.73,FVG,30m,validation,0.35,2543
4.0,0.125,1774,0.619,2.248,3987.99,FVG,30m,validation,0.35,2543
4.0,0.167,1774,0.576,1.9156,3398.27,FVG,30m,validation,0.35,2543
4.0,0.25,1774,0.53,1.4289,2534.91,FVG,30m,validation,0.35,2543
4.0,0.5,1774,0.457,-0.0772,-136.95,FVG,30m,validation,0.35,2543
4.0,1.0,1774,0.4,-2.0162,-3576.77,FVG,30m,validation,0.35,2543
5.0,0.083,1774,0.675,2.0666,3666.07,FVG,30m,validation,0.35,2543
5.0,0.125,1774,0.607,2.2378,3969.89,FVG,30m,validation,0.35,2543
5.0,0.167,1774,0.562,1.9174,3401.55,FVG,30m,validation,0.35,2543
5.0,0.25,1774,0.509,1.3986,2481.14,FVG,30m,validation,0.35,2543
5.0,0.5,1774,0.431,-0.0381,-67.65,FVG,30m,validation,0.35,2543
5.0,1.0,1774,0.371,-1.9819,-3515.93,FVG,30m,validation,0.35,2543
7.0,0.083,1774,0.671,2.1179,3757.19,FVG,30m,validation,0.35,2543
7.0,0.125,1774,0.597,2.3138,4104.6,FVG,30m,validation,0.35,2543
7.0,0.167,1774,0.548,2.0218,3586.68,FVG,30m,validation,0.35,2543
7.0,0.25,1774,0.489,1.4918,2646.53,FVG,30m,validation,0.35,2543
7.0,0.5,1774,0.4,0.1123,199.15,FVG,30m,validation,0.35,2543
7.0,1.0,1774,0.331,-1.8553,-3291.25,FVG,30m,validation,0.35,2543
10.0,0.083,1774,0.669,2.111,3744.89,FVG,30m,validation,0.35,2543
10.0,0.125,1774,0.591,2.2982,4077.06,FVG,30m,validation,0.35,2543
10.0,0.167,1774,0.538,1.9827,3517.25,FVG,30m,validation,0.35,2543
10.0,0.25,1774,0.478,1.4741,2614.98,FVG,30m,validation,0.35,2543
10.0,0.5,1774,0.379,0.162,287.33,FVG,30m,validation,0.35,2543
10.0,1.0,1774,0.297,-1.7057,-3025.91,FVG,30m,validation,0.35,2543
2.0,0.083,1771,0.714,2.0216,3580.17,FVG,30m,validation,0.375,2543
2.0,0.125,1771,0.672,1.8365,3252.48,FVG,30m,validation,0.375,2543
2.0,0.167,1771,0.643,1.5308,2711.0,FVG,30m,validation,0.375,2543
2.0,0.25,1771,0.601,0.921,1631.17,FVG,30m,validation,0.375,2543
2.0,0.5,1771,0.515,-0.4263,-755.0,FVG,30m,validation,0.375,2543
2.0,1.0,1771,0.426,-2.2449,-3975.74,FVG,30m,validation,0.375,2543
3.0,0.083,1771,0.694,2.1441,3797.16,FVG,30m,validation,0.375,2543
3.0,0.125,1771,0.642,2.1507,3808.93,FVG,30m,validation,0.375,2543
3.0,0.167,1771,0.608,1.8274,3236.31,FVG,30m,validation,0.375,2543
3.0,0.25,1771,0.564,1.1857,2099.87,FVG,30m,validation,0.375,2543
3.0,0.5,1771,0.496,-0.2175,-385.27,FVG,30m,validation,0.375,2543
3.0,1.0,1771,0.428,-2.1272,-3767.33,FVG,30m,validation,0.375,2543
4.0,0.083,1771,0.683,2.1948,3887.03,FVG,30m,validation,0.375,2543
4.0,0.125,1771,0.62,2.2802,4038.25,FVG,30m,validation,0.375,2543
4.0,0.167,1771,0.58,1.9947,3532.67,FVG,30m,validation,0.375,2543
4.0,0.25,1771,0.532,1.4147,2505.49,FVG,30m,validation,0.375,2543
4.0,0.5,1771,0.459,-0.0489,-86.66,FVG,30m,validation,0.375,2543
4.0,1.0,1771,0.401,-2.0282,-3591.88,FVG,30m,validation,0.375,2543
5.0,0.083,1771,0.675,2.1389,3787.95,FVG,30m,validation,0.375,2543
5.0,0.125,1771,0.608,2.238,3963.46,FVG,30m,validation,0.375,2543
5.0,0.167,1771,0.564,1.9675,3484.46,FVG,30m,validation,0.375,2543
5.0,0.25,1771,0.509,1.3594,2407.55,FVG,30m,validation,0.375,2543
5.0,0.5,1771,0.432,-0.0386,-68.32,FVG,30m,validation,0.375,2543
5.0,1.0,1771,0.37,-2.0012,-3544.06,FVG,30m,validation,0.375,2543
7.0,0.083,1771,0.671,2.191,3880.35,FVG,30m,validation,0.375,2543
7.0,0.125,1771,0.596,2.3118,4094.2,FVG,30m,validation,0.375,2543
7.0,0.167,1771,0.549,2.0711,3667.89,FVG,30m,validation,0.375,2543
7.0,0.25,1771,0.489,1.4612,2587.81,FVG,30m,validation,0.375,2543
7.0,0.5,1771,0.399,0.1363,241.38,FVG,30m,validation,0.375,2543
7.0,1.0,1771,0.33,-1.8238,-3229.96,FVG,30m,validation,0.375,2543
10.0,0.083,1771,0.669,2.1844,3868.52,FVG,30m,validation,0.375,2543
10.0,0.125,1771,0.59,2.2954,4065.14,FVG,30m,validation,0.375,2543
10.0,0.167,1771,0.539,2.0302,3595.5,FVG,30m,validation,0.375,2543
10.0,0.25,1771,0.477,1.4209,2516.39,FVG,30m,validation,0.375,2543
10.0,0.5,1771,0.377,0.1598,282.96,FVG,30m,validation,0.375,2543
10.0,1.0,1771,0.294,-1.7375,-3077.14,FVG,30m,validation,0.375,2543
2.0,0.083,1773,0.717,2.0281,3595.89,FVG,30m,validation,0.4,2543
2.0,0.125,1773,0.671,1.8395,3261.41,FVG,30m,validation,0.4,2543
2.0,0.167,1773,0.645,1.5601,2766.02,FVG,30m,validation,0.4,2543
2.0,0.25,1773,0.6,0.8969,1590.27,FVG,30m,validation,0.4,2543
2.0,0.5,1773,0.515,-0.391,-693.31,FVG,30m,validation,0.4,2543
2.0,1.0,1773,0.424,-2.2202,-3936.46,FVG,30m,validation,0.4,2543
3.0,0.083,1773,0.696,2.1366,3788.15,FVG,30m,validation,0.4,2543
3.0,0.125,1773,0.64,2.113,3746.38,FVG,30m,validation,0.4,2543
3.0,0.167,1773,0.609,1.8409,3263.92,FVG,30m,validation,0.4,2543
3.0,0.25,1773,0.562,1.1575,2052.18,FVG,30m,validation,0.4,2543
3.0,0.5,1773,0.494,-0.1897,-336.28,FVG,30m,validation,0.4,2543
3.0,1.0,1773,0.427,-2.099,-3721.57,FVG,30m,validation,0.4,2543
4.0,0.083,1773,0.686,2.1957,3892.92,FVG,30m,validation,0.4,2543
4.0,0.125,1773,0.62,2.2585,4004.24,FVG,30m,validation,0.4,2543
4.0,0.167,1773,0.584,2.024,3588.55,FVG,30m,validation,0.4,2543
4.0,0.25,1773,0.532,1.4213,2520.03,FVG,30m,validation,0.4,2543
4.0,0.5,1773,0.461,0.0497,88.1,FVG,30m,validation,0.4,2543
4.0,1.0,1773,0.408,-1.9253,-3413.57,FVG,30m,validation,0.4,2543
5.0,0.083,1773,0.679,2.1635,3835.93,FVG,30m,validation,0.4,2543
5.0,0.125,1773,0.606,2.2218,3939.19,FVG,30m,validation,0.4,2543
5.0,0.167,1773,0.566,1.9765,3504.37,FVG,30m,validation,0.4,2543
5.0,0.25,1773,0.509,1.3408,2377.15,FVG,30m,validation,0.4,2543
5.0,0.5,1773,0.431,-0.0407,-72.09,FVG,30m,validation,0.4,2543
5.0,1.0,1773,0.372,-1.9926,-3532.97,FVG,30m,validation,0.4,2543
7.0,0.083,1773,0.674,2.2091,3916.8,FVG,30m,validation,0.4,2543
7.0,0.125,1773,0.595,2.3023,4081.93,FVG,30m,validation,0.4,2543
7.0,0.167,1773,0.551,2.1271,3771.31,FVG,30m,validation,0.4,2543
7.0,0.25,1773,0.489,1.5117,2680.32,FVG,30m,validation,0.4,2543
7.0,0.5,1773,0.397,0.2142,379.75,FVG,30m,validation,0.4,2543
7.0,1.0,1773,0.331,-1.7301,-3067.42,FVG,30m,validation,0.4,2543
10.0,0.083,1773,0.672,2.2029,3905.77,FVG,30m,validation,0.4,2543
10.0,0.125,1773,0.589,2.2897,4059.61,FVG,30m,validation,0.4,2543
10.0,0.167,1773,0.541,2.0641,3659.72,FVG,30m,validation,0.4,2543
10.0,0.25,1773,0.476,1.4553,2580.24,FVG,30m,validation,0.4,2543
10.0,0.5,1773,0.375,0.2383,422.59,FVG,30m,validation,0.4,2543
10.0,1.0,1773,0.294,-1.6359,-2900.51,FVG,30m,validation,0.4,2543
2.0,0.083,1760,0.721,2.0875,3673.99,FVG,30m,validation,0.425,2543
2.0,0.125,1760,0.673,1.8568,3268.03,FVG,30m,validation,0.425,2543
2.0,0.167,1760,0.647,1.5807,2782.05,FVG,30m,validation,0.425,2543
2.0,0.25,1760,0.603,0.9644,1697.36,FVG,30m,validation,0.425,2543
2.0,0.5,1760,0.516,-0.3476,-611.85,FVG,30m,validation,0.425,2543
2.0,1.0,1760,0.422,-2.1626,-3806.13,FVG,30m,validation,0.425,2543
3.0,0.083,1760,0.701,2.2132,3895.25,FVG,30m,validation,0.425,2543
3.0,0.125,1760,0.643,2.1749,3827.8,FVG,30m,validation,0.425,2543
3.0,0.167,1760,0.615,1.9483,3429.08,FVG,30m,validation,0.425,2543
3.0,0.25,1760,0.566,1.2476,2195.79,FVG,30m,validation,0.425,2543
3.0,0.5,1760,0.497,-0.1334,-234.87,FVG,30m,validation,0.425,2543
3.0,1.0,1760,0.431,-2.0265,-3566.6,FVG,30m,validation,0.425,2543
4.0,0.083,1760,0.69,2.269,3993.47,FVG,30m,validation,0.425,2543
4.0,0.125,1760,0.622,2.3258,4093.43,FVG,30m,validation,0.425,2543
4.0,0.167,1760,0.588,2.111,3715.4,FVG,30m,validation,0.425,2543
4.0,0.25,1760,0.534,1.4661,2580.33,FVG,30m,validation,0.425,2543
4.0,0.5,1760,0.464,0.0759,133.6,FVG,30m,validation,0.425,2543
4.0,1.0,1760,0.411,-1.8888,-3324.29,FVG,30m,validation,0.425,2543
5.0,0.083,1760,0.684,2.249,3958.18,FVG,30m,validation,0.425,2543
5.0,0.125,1760,0.61,2.2931,4035.94,FVG,30m,validation,0.425,2543
5.0,0.167,1760,0.571,2.0835,3666.98,FVG,30m,validation,0.425,2543
5.0,0.25,1760,0.513,1.4401,2534.62,FVG,30m,validation,0.425,2543
5.0,0.5,1760,0.435,0.0418,73.54,FVG,30m,validation,0.425,2543
5.0,1.0,1760,0.375,-1.9236,-3385.62,FVG,30m,validation,0.425,2543
7.0,0.083,1760,0.678,2.2841,4019.97,FVG,30m,validation,0.425,2543
7.0,0.125,1760,0.597,2.385,4197.63,FVG,30m,validation,0.425,2543
7.0,0.167,1760,0.555,2.2288,3922.63,FVG,30m,validation,0.425,2543
7.0,0.25,1760,0.49,1.5875,2793.93,FVG,30m,validation,0.425,2543
7.0,0.5,1760,0.399,0.2867,504.55,FVG,30m,validation,0.425,2543
7.0,1.0,1760,0.336,-1.66,-2921.6,FVG,30m,validation,0.425,2543
10.0,0.083,1760,0.676,2.2794,4011.83,FVG,30m,validation,0.425,2543
10.0,0.125,1760,0.591,2.3607,4154.77,FVG,30m,validation,0.425,2543
10.0,0.167,1760,0.544,2.1738,3825.94,FVG,30m,validation,0.425,2543
10.0,0.25,1760,0.477,1.54,2710.49,FVG,30m,validation,0.425,2543
10.0,0.5,1760,0.376,0.3271,575.66,FVG,30m,validation,0.425,2543
10.0,1.0,1760,0.297,-1.5588,-2743.42,FVG,30m,validation,0.425,2543
2.0,0.083,1751,0.718,2.0283,3551.59,FVG,30m,validation,0.45,2543
2.0,0.125,1751,0.673,1.8223,3190.88,FVG,30m,validation,0.45,2543
2.0,0.167,1751,0.646,1.5425,2700.94,FVG,30m,validation,0.45,2543
2.0,0.25,1751,0.609,0.9894,1732.39,FVG,30m,validation,0.45,2543
2.0,0.5,1751,0.523,-0.3149,-551.47,FVG,30m,validation,0.45,2543
2.0,1.0,1751,0.422,-2.1188,-3710.02,FVG,30m,validation,0.45,2543
3.0,0.083,1751,0.698,2.1769,3811.79,FVG,30m,validation,0.45,2543
3.0,0.125,1751,0.642,2.1671,3794.62,FVG,30m,validation,0.45,2543
3.0,0.167,1751,0.613,1.9184,3359.19,FVG,30m,validation,0.45,2543
3.0,0.25,1751,0.567,1.2521,2192.49,FVG,30m,validation,0.45,2543
3.0,0.5,1751,0.499,-0.1341,-234.89,FVG,30m,validation,0.45,2543
3.0,1.0,1751,0.431,-2.0331,-3559.97,FVG,30m,validation,0.45,2543
4.0,0.083,1751,0.688,2.2219,3890.53,FVG,30m,validation,0.45,2543
4.0,0.125,1751,0.623,2.2817,3995.25,FVG,30m,validation,0.45,2543
4.0,0.167,1751,0.588,2.0385,3569.36,FVG,30m,validation,0.45,2543
4.0,0.25,1751,0.536,1.4182,2483.22,FVG,30m,validation,0.45,2543
4.0,0.5,1751,0.463,-0.0107,-18.71,FVG,30m,validation,0.45,2543
4.0,1.0,1751,0.409,-1.9689,-3447.48,FVG,30m,validation,0.45,2543
5.0,0.083,1751,0.682,2.2161,3880.37,FVG,30m,validation,0.45,2543
5.0,0.125,1751,0.61,2.2508,3941.1,FVG,30m,validation,0.45,2543
5.0,0.167,1751,0.571,2.0191,3535.52,FVG,30m,validation,0.45,2543
5.0,0.25,1751,0.515,1.4065,2462.77,FVG,30m,validation,0.45,2543
5.0,0.5,1751,0.437,0.0192,33.68,FVG,30m,validation,0.45,2543
5.0,1.0,1751,0.377,-1.9461,-3407.66,FVG,30m,validation,0.45,2543
7.0,0.083,1751,0.677,2.2342,3912.09,FVG,30m,validation,0.45,2543
7.0,0.125,1751,0.597,2.3452,4106.36,FVG,30m,validation,0.45,2543
7.0,0.167,1751,0.553,2.1722,3803.53,FVG,30m,validation,0.45,2543
7.0,0.25,1751,0.491,1.5478,2710.16,FVG,30m,validation,0.45,2543
7.0,0.5,1751,0.401,0.2738,479.34,FVG,30m,validation,0.45,2543
7.0,1.0,1751,0.336,-1.6745,-2932.08,FVG,30m,validation,0.45,2543
10.0,0.083,1751,0.673,2.2172,3882.25,FVG,30m,validation,0.45,2543
10.0,0.125,1751,0.589,2.2969,4021.95,FVG,30m,validation,0.45,2543
10.0,0.167,1751,0.541,2.096,3670.12,FVG,30m,validation,0.45,2543
10.0,0.25,1751,0.476,1.4875,2604.59,FVG,30m,validation,0.45,2543
10.0,0.5,1751,0.375,0.2827,494.99,FVG,30m,validation,0.45,2543
10.0,1.0,1751,0.294,-1.6376,-2867.49,FVG,30m,validation,0.45,2543
2.0,0.083,1745,0.719,2.0053,3499.3,FVG,30m,validation,0.475,2543
2.0,0.125,1745,0.672,1.744,3043.23,FVG,30m,validation,0.475,2543
2.0,0.167,1745,0.642,1.4342,2502.67,FVG,30m,validation,0.475,2543
2.0,0.25,1745,0.607,0.9031,1575.96,FVG,30m,validation,0.475,2543
2.0,0.5,1745,0.527,-0.4183,-729.96,FVG,30m,validation,0.475,2543
2.0,1.0,1745,0.421,-2.243,-3914.02,FVG,30m,validation,0.475,2543
3.0,0.083,1745,0.701,2.1874,3816.98,FVG,30m,validation,0.475,2543
3.0,0.125,1745,0.644,2.1185,3696.72,FVG,30m,validation,0.475,2543
3.0,0.167,1745,0.611,1.8348,3201.65,FVG,30m,validation,0.475,2543
3.0,0.25,1745,0.568,1.2233,2134.74,FVG,30m,validation,0.475,2543
3.0,0.5,1745,0.503,-0.1646,-287.23,FVG,30m,validation,0.475,2543
3.0,1.0,1745,0.434,-2.0602,-3595.02,FVG,30m,validation,0.475,2543
4.0,0.083,1745,0.691,2.2396,3908.09,FVG,30m,validation,0.475,2543
4.0,0.125,1745,0.622,2.2427,3913.46,FVG,30m,validation,0.475,2543
4.0,0.167,1745,0.585,1.9718,3440.75,FVG,30m,validation,0.475,2543
4.0,0.25,1745,0.534,1.3731,2396.03,FVG,30m,validation,0.475,2543
4.0,0.5,1745,0.466,0.0214,37.42,FVG,30m,validation,0.475,2543
4.0,1.0,1745,0.41,-1.9399,-3385.2,FVG,30m,validation,0.475,2543
5.0,0.083,1745,0.687,2.2671,3956.14,FVG,30m,validation,0.475,2543
5.0,0.125,1745,0.61,2.2567,3937.88,FVG,30m,validation,0.475,2543
5.0,0.167,1745,0.568,2.0082,3504.28,FVG,30m,validation,0.475,2543
5.0,0.25,1745,0.514,1.4143,2467.92,FVG,30m,validation,0.475,2543
5.0,0.5,1745,0.44,0.0541,94.38,FVG,30m,validation,0.475,2543
5.0,1.0,1745,0.378,-1.9271,-3362.73,FVG,30m,validation,0.475,2543
7.0,0.083,1745,0.68,2.2682,3958.04,FVG,30m,validation,0.475,2543
7.0,0.125,1745,0.598,2.3588,4116.1,FVG,30m,validation,0.475,2543
7.0,0.167,1745,0.552,2.1706,3787.63,FVG,30m,validation,0.475,2543
7.0,0.25,1745,0.49,1.5737,2746.16,FVG,30m,validation,0.475,2543
7.0,0.5,1745,0.406,0.3255,568.02,FVG,30m,validation,0.475,2543
7.0,1.0,1745,0.338,-1.6661,-2907.26,FVG,30m,validation,0.475,2543
10.0,0.083,1745,0.677,2.2587,3941.5,FVG,30m,validation,0.475,2543
10.0,0.125,1745,0.59,2.2899,3995.85,FVG,30m,validation,0.475,2543
10.0,0.167,1745,0.54,2.0718,3615.21,FVG,30m,validation,0.475,2543
10.0,0.25,1745,0.474,1.46,2547.65,FVG,30m,validation,0.475,2543
10.0,0.5,1745,0.379,0.3118,544.14,FVG,30m,validation,0.475,2543
10.0,1.0,1745,0.295,-1.6437,-2868.3,FVG,30m,validation,0.475,2543
2.0,0.083,1739,0.723,2.053,3570.09,FVG,30m,validation,0.5,2543
2.0,0.125,1739,0.676,1.8109,3149.09,FVG,30m,validation,0.5,2543
2.0,0.167,1739,0.644,1.4937,2597.52,FVG,30m,validation,0.5,2543
2.0,0.25,1739,0.607,0.9307,1618.53,FVG,30m,validation,0.5,2543
2.0,0.5,1739,0.526,-0.3692,-642.1,FVG,30m,validation,0.5,2543
2.0,1.0,1739,0.42,-2.1809,-3792.59,FVG,30m,validation,0.5,2543
3.0,0.083,1739,0.703,2.2018,3828.93,FVG,30m,validation,0.5,2543
3.0,0.125,1739,0.648,2.1555,3748.49,FVG,30m,validation,0.5,2543
3.0,0.167,1739,0.615,1.8594,3233.41,FVG,30m,validation,0.5,2543
3.0,0.25,1739,0.572,1.2105,2105.13,FVG,30m,validation,0.5,2543
3.0,0.5,1739,0.505,-0.132,-229.53,FVG,30m,validation,0.5,2543
3.0,1.0,1739,0.436,-2.0168,-3507.16,FVG,30m,validation,0.5,2543
4.0,0.083,1739,0.692,2.2439,3902.19,FVG,30m,validation,0.5,2543
4.0,0.125,1739,0.624,2.2483,3909.79,FVG,30m,validation,0.5,2543
4.0,0.167,1739,0.587,1.9748,3434.17,FVG,30m,validation,0.5,2543
4.0,0.25,1739,0.537,1.3541,2354.73,FVG,30m,validation,0.5,2543
4.0,0.5,1739,0.469,0.0401,69.8,FVG,30m,validation,0.5,2543
4.0,1.0,1739,0.415,-1.897,-3298.9,FVG,30m,validation,0.5,2543
5.0,0.083,1739,0.688,2.2898,3981.93,FVG,30m,validation,0.5,2543
5.0,0.125,1739,0.612,2.2585,3927.56,FVG,30m,validation,0.5,2543
5.0,0.167,1739,0.57,2.0199,3512.54,FVG,30m,validation,0.5,2543
5.0,0.25,1739,0.516,1.4123,2455.95,FVG,30m,validation,0.5,2543
5.0,0.5,1739,0.44,0.0622,108.16,FVG,30m,validation,0.5,2543
5.0,1.0,1739,0.378,-1.9312,-3358.3,FVG,30m,validation,0.5,2543
7.0,0.083,1739,0.681,2.2914,3984.68,FVG,30m,validation,0.5,2543
7.0,0.125,1739,0.599,2.3599,4103.85,FVG,30m,validation,0.5,2543
7.0,0.167,1739,0.552,2.145,3730.2,FVG,30m,validation,0.5,2543
7.0,0.25,1739,0.491,1.5464,2689.13,FVG,30m,validation,0.5,2543
7.0,0.5,1739,0.406,0.3042,528.97,FVG,30m,validation,0.5,2543
7.0,1.0,1739,0.339,-1.6776,-2917.38,FVG,30m,validation,0.5,2543
10.0,0.083,1739,0.679,2.2817,3967.8,FVG,30m,validation,0.5,2543
10.0,0.125,1739,0.592,2.2895,3981.43,FVG,30m,validation,0.5,2543
10.0,0.167,1739,0.541,2.0439,3554.37,FVG,30m,validation,0.5,2543
10.0,0.25,1739,0.475,1.4289,2484.94,FVG,30m,validation,0.5,2543
10.0,0.5,1739,0.378,0.2738,476.06,FVG,30m,validation,0.5,2543
10.0,1.0,1739,0.293,-1.7028,-2961.1,FVG,30m,validation,0.5,2543
2.0,0.083,1740,0.724,2.0762,3612.58,FVG,30m,validation,0.525,2543
2.0,0.125,1740,0.676,1.8094,3148.28,FVG,30m,validation,0.525,2543
2.0,0.167,1740,0.651,1.5189,2642.91,FVG,30m,validation,0.525,2543
2.0,0.25,1740,0.613,0.9875,1718.33,FVG,30m,validation,0.525,2543
2.0,0.5,1740,0.528,-0.2811,-489.05,FVG,30m,validation,0.525,2543
2.0,1.0,1740,0.423,-2.0752,-3610.86,FVG,30m,validation,0.525,2543
3.0,0.083,1740,0.702,2.2175,3858.43,FVG,30m,validation,0.525,2543
3.0,0.125,1740,0.648,2.1621,3762.03,FVG,30m,validation,0.525,2543
3.0,0.167,1740,0.62,1.8895,3287.65,FVG,30m,validation,0.525,2543
3.0,0.25,1740,0.576,1.2611,2194.36,FVG,30m,validation,0.525,2543
3.0,0.5,1740,0.507,-0.044,-76.56,FVG,30m,validation,0.525,2543
3.0,1.0,1740,0.436,-1.9131,-3328.81,FVG,30m,validation,0.525,2543
4.0,0.083,1740,0.691,2.2718,3952.95,FVG,30m,validation,0.525,2543
4.0,0.125,1740,0.624,2.2532,3920.53,FVG,30m,validation,0.525,2543
4.0,0.167,1740,0.591,1.9981,3476.66,FVG,30m,validation,0.525,2543
4.0,0.25,1740,0.54,1.3866,2412.6,FVG,30m,validation,0.525,2543
4.0,0.5,1740,0.471,0.0778,135.36,FVG,30m,validation,0.525,2543
4.0,1.0,1740,0.416,-1.8599,-3236.25,FVG,30m,validation,0.525,2543
5.0,0.083,1740,0.687,2.2966,3996.05,FVG,30m,validation,0.525,2543
5.0,0.125,1740,0.611,2.3098,4019.01,FVG,30m,validation,0.525,2543
5.0,0.167,1740,0.575,2.0882,3633.45,FVG,30m,validation,0.525,2543
5.0,0.25,1740,0.519,1.4837,2581.7,FVG,30m,validation,0.525,2543
5.0,0.5,1740,0.44,0.1692,294.34,FVG,30m,validation,0.525,2543
5.0,1.0,1740,0.382,-1.8224,-3170.95,FVG,30m,validation,0.525,2543
7.0,0.083,1740,0.68,2.3156,4029.16,FVG,30m,validation,0.525,2543
7.0,0.125,1740,0.6,2.3938,4165.2,FVG,30m,validation,0.525,2543
7.0,0.167,1740,0.558,2.1883,3807.68,FVG,30m,validation,0.525,2543
7.0,0.25,1740,0.495,1.6159,2811.74,FVG,30m,validation,0.525,2543
7.0,0.5,1740,0.409,0.3872,673.64,FVG,30m,validation,0.525,2543
7.0,1.0,1740,0.342,-1.6024,-2788.2,FVG,30m,validation,0.525,2543
10.0,0.083,1740,0.678,2.3104,4020.07,FVG,30m,validation,0.525,2543
10.0,0.125,1740,0.591,2.3073,4014.67,FVG,30m,validation,0.525,2543
10.0,0.167,1740,0.545,2.0705,3602.72,FVG,30m,validation,0.525,2543
10.0,0.25,1740,0.478,1.4803,2575.71,FVG,30m,validation,0.525,2543
10.0,0.5,1740,0.378,0.341,593.36,FVG,30m,validation,0.525,2543
10.0,1.0,1740,0.295,-1.5929,-2771.6,FVG,30m,validation,0.525,2543
2.0,0.083,1737,0.72,2.0548,3569.17,FVG,30m,validation,0.55,2543
2.0,0.125,1737,0.672,1.756,3050.19,FVG,30m,validation,0.55,2543
2.0,0.167,1737,0.646,1.4608,2537.45,FVG,30m,validation,0.55,2543
2.0,0.25,1737,0.607,0.9606,1668.64,FVG,30m,validation,0.55,2543
2.0,0.5,1737,0.526,-0.3643,-632.72,FVG,30m,validation,0.55,2543
2.0,1.0,1737,0.42,-2.1323,-3703.76,FVG,30m,validation,0.55,2543
3.0,0.083,1737,0.704,2.2472,3903.32,FVG,30m,validation,0.55,2543
3.0,0.125,1737,0.649,2.1944,3811.62,FVG,30m,validation,0.55,2543
3.0,0.167,1737,0.621,1.911,3319.35,FVG,30m,validation,0.55,2543
3.0,0.25,1737,0.576,1.3033,2263.75,FVG,30m,validation,0.55,2543
3.0,0.5,1737,0.514,-0.0526,-91.42,FVG,30m,validation,0.55,2543
3.0,1.0,1737,0.44,-1.9201,-3335.24,FVG,30m,validation,0.55,2543
4.0,0.083,1737,0.69,2.2881,3974.46,FVG,30m,validation,0.55,2543
4.0,0.125,1737,0.625,2.3282,4044.16,FVG,30m,validation,0.55,2543
4.0,0.167,1737,0.594,2.0796,3612.3,FVG,30m,validation,0.55,2543
4.0,0.25,1737,0.542,1.4911,2589.99,FVG,30m,validation,0.55,2543
4.0,0.5,1737,0.476,0.136,236.21,FVG,30m,validation,0.55,2543
4.0,1.0,1737,0.421,-1.7873,-3104.46,FVG,30m,validation,0.55,2543
5.0,0.083,1737,0.688,2.3334,4053.11,FVG,30m,validation,0.55,2543
5.0,0.125,1737,0.613,2.3833,4139.81,FVG,30m,validation,0.55,2543
5.0,0.167,1737,0.577,2.1602,3752.23,FVG,30m,validation,0.55,2543
5.0,0.25,1737,0.52,1.5826,2748.97,FVG,30m,validation,0.55,2543
5.0,0.5,1737,0.446,0.2527,438.89,FVG,30m,validation,0.55,2543
5.0,1.0,1737,0.388,-1.6999,-2952.66,FVG,30m,validation,0.55,2543
7.0,0.083,1737,0.68,2.3419,4067.81,FVG,30m,validation,0.55,2543
7.0,0.125,1737,0.599,2.4337,4227.29,FVG,30m,validation,0.55,2543
7.0,0.167,1737,0.557,2.2208,3857.51,FVG,30m,validation,0.55,2543
7.0,0.25,1737,0.494,1.68,2918.14,FVG,30m,validation,0.55,2543
7.0,0.5,1737,0.412,0.4072,707.32,FVG,30m,validation,0.55,2543
7.0,1.0,1737,0.346,-1.5725,-2731.48,FVG,30m,validation,0.55,2543
10.0,0.083,1737,0.677,2.3349,4055.67,FVG,30m,validation,0.55,2543
10.0,0.125,1737,0.59,2.3513,4084.26,FVG,30m,validation,0.55,2543
10.0,0.167,1737,0.544,2.1094,3663.99,FVG,30m,validation,0.55,2543
10.0,0.25,1737,0.476,1.5575,2705.35,FVG,30m,validation,0.55,2543
10.0,0.5,1737,0.379,0.3889,675.47,FVG,30m,validation,0.55,2543
10.0,1.0,1737,0.299,-1.5473,-2687.72,FVG,30m,validation,0.55,2543
2.0,0.083,1731,0.72,2.0703,3583.75,FVG,30m,validation,0.575,2543
2.0,0.125,1731,0.675,1.7903,3099.06,FVG,30m,validation,0.575,2543
2.0,0.167,1731,0.648,1.4647,2535.35,FVG,30m,validation,0.575,2543
2.0,0.25,1731,0.61,0.9526,1648.96,FVG,30m,validation,0.575,2543
2.0,0.5,1731,0.525,-0.3888,-673.0,FVG,30m,validation,0.575,2543
2.0,1.0,1731,0.42,-2.1577,-3734.91,FVG,30m,validation,0.575,2543
3.0,0.083,1731,0.702,2.2796,3945.92,FVG,30m,validation,0.575,2543
3.0,0.125,1731,0.651,2.2227,3847.41,FVG,30m,validation,0.575,2543
3.0,0.167,1731,0.622,1.9253,3332.65,FVG,30m,validation,0.575,2543
3.0,0.25,1731,0.579,1.3115,2270.14,FVG,30m,validation,0.575,2543
3.0,0.5,1731,0.515,-0.0335,-57.91,FVG,30m,validation,0.575,2543
3.0,1.0,1731,0.443,-1.8922,-3275.36,FVG,30m,validation,0.575,2543
4.0,0.083,1731,0.69,2.3008,3982.65,FVG,30m,validation,0.575,2543
4.0,0.125,1731,0.627,2.3726,4106.97,FVG,30m,validation,0.575,2543
4.0,0.167,1731,0.595,2.1161,3662.96,FVG,30m,validation,0.575,2543
4.0,0.25,1731,0.547,1.5136,2620.07,FVG,30m,validation,0.575,2543
4.0,0.5,1731,0.478,0.1304,225.71,FVG,30m,validation,0.575,2543
4.0,1.0,1731,0.424,-1.7895,-3097.68,FVG,30m,validation,0.575,2543
5.0,0.083,1731,0.685,2.2559,3904.95,FVG,30m,validation,0.575,2543
5.0,0.125,1731,0.613,2.3414,4053.02,FVG,30m,validation,0.575,2543
5.0,0.167,1731,0.575,2.098,3631.58,FVG,30m,validation,0.575,2543
5.0,0.25,1731,0.522,1.5016,2599.34,FVG,30m,validation,0.575,2543
5.0,0.5,1731,0.445,0.1227,212.41,FVG,30m,validation,0.575,2543
5.0,1.0,1731,0.388,-1.8059,-3125.93,FVG,30m,validation,0.575,2543
7.0,0.083,1731,0.678,2.2781,3943.42,FVG,30m,validation,0.575,2543
7.0,0.125,1731,0.6,2.414,4178.68,FVG,30m,validation,0.575,2543
7.0,0.167,1731,0.557,2.1851,3782.41,FVG,30m,validation,0.575,2543
7.0,0.25,1731,0.497,1.6269,2816.17,FVG,30m,validation,0.575,2543
7.0,0.5,1731,0.412,0.3366,582.71,FVG,30m,validation,0.575,2543
7.0,1.0,1731,0.348,-1.6212,-2806.37,FVG,30m,validation,0.575,2543
10.0,0.083,1731,0.674,2.2638,3918.62,FVG,30m,validation,0.575,2543
10.0,0.125,1731,0.59,2.3372,4045.66,FVG,30m,validation,0.575,2543
10.0,0.167,1731,0.543,2.0866,3611.9,FVG,30m,validation,0.575,2543
10.0,0.25,1731,0.478,1.5251,2639.97,FVG,30m,validation,0.575,2543
10.0,0.5,1731,0.379,0.3202,554.19,FVG,30m,validation,0.575,2543
10.0,1.0,1731,0.3,-1.6156,-2796.61,FVG,30m,validation,0.575,2543
2.0,0.083,1725,0.721,2.0104,3467.89,FVG,30m,validation,0.6,2543
2.0,0.125,1725,0.679,1.7402,3001.9,FVG,30m,validation,0.6,2543
2.0,0.167,1725,0.652,1.4306,2467.81,FVG,30m,validation,0.6,2543
2.0,0.25,1725,0.613,0.9138,1576.37,FVG,30m,validation,0.6,2543
2.0,0.5,1725,0.528,-0.3893,-671.56,FVG,30m,validation,0.6,2543
2.0,1.0,1725,0.414,-2.1663,-3736.81,FVG,30m,validation,0.6,2543
3.0,0.083,1725,0.702,2.236,3857.08,FVG,30m,validation,0.6,2543
3.0,0.125,1725,0.652,2.1669,3737.85,FVG,30m,validation,0.6,2543
3.0,0.167,1725,0.623,1.8751,3234.47,FVG,30m,validation,0.6,2543
3.0,0.25,1725,0.577,1.2508,2157.69,FVG,30m,validation,0.6,2543
3.0,0.5,1725,0.515,-0.1142,-196.91,FVG,30m,validation,0.6,2543
3.0,1.0,1725,0.441,-1.9396,-3345.75,FVG,30m,validation,0.6,2543
4.0,0.083,1725,0.689,2.2516,3883.97,FVG,30m,validation,0.6,2543
4.0,0.125,1725,0.628,2.3206,4002.95,FVG,30m,validation,0.6,2543
4.0,0.167,1725,0.597,2.0803,3588.55,FVG,30m,validation,0.6,2543
4.0,0.25,1725,0.548,1.4799,2552.87,FVG,30m,validation,0.6,2543
4.0,0.5,1725,0.482,0.0722,124.51,FVG,30m,validation,0.6,2543
4.0,1.0,1725,0.424,-1.8453,-3183.15,FVG,30m,validation,0.6,2543
5.0,0.083,1725,0.686,2.237,3858.75,FVG,30m,validation,0.6,2543
5.0,0.125,1725,0.615,2.295,3958.85,FVG,30m,validation,0.6,2543
5.0,0.167,1725,0.577,2.0513,3538.41,FVG,30m,validation,0.6,2543
5.0,0.25,1725,0.524,1.4546,2509.11,FVG,30m,validation,0.6,2543
5.0,0.5,1725,0.452,0.0671,115.74,FVG,30m,validation,0.6,2543
5.0,1.0,1725,0.389,-1.8903,-3260.72,FVG,30m,validation,0.6,2543
7.0,0.083,1725,0.677,2.2387,3861.73,FVG,30m,validation,0.6,2543
7.0,0.125,1725,0.601,2.364,4077.84,FVG,30m,validation,0.6,2543
7.0,0.167,1725,0.558,2.1349,3682.67,FVG,30m,validation,0.6,2543
7.0,0.25,1725,0.497,1.5517,2676.71,FVG,30m,validation,0.6,2543
7.0,0.5,1725,0.414,0.2348,405.07,FVG,30m,validation,0.6,2543
7.0,1.0,1725,0.347,-1.7325,-2988.59,FVG,30m,validation,0.6,2543
10.0,0.083,1725,0.673,2.2283,3843.85,FVG,30m,validation,0.6,2543
10.0,0.125,1725,0.591,2.3132,3990.27,FVG,30m,validation,0.6,2543
10.0,0.167,1725,0.543,2.0668,3565.2,FVG,30m,validation,0.6,2543
10.0,0.25,1725,0.479,1.4972,2582.66,FVG,30m,validation,0.6,2543
10.0,0.5,1725,0.381,0.2509,432.83,FVG,30m,validation,0.6,2543
10.0,1.0,1725,0.3,-1.6604,-2864.25,FVG,30m,validation,0.6,2543
2.0,0.083,1713,0.717,1.9111,3273.7,FVG,30m,validation,0.625,2543
2.0,0.125,1713,0.676,1.6617,2846.55,FVG,30m,validation,0.625,2543
2.0,0.167,1713,0.649,1.3219,2264.36,FVG,30m,validation,0.625,2543
2.0,0.25,1713,0.608,0.8263,1415.5,FVG,30m,validation,0.625,2543
2.0,0.5,1713,0.519,-0.51,-873.64,FVG,30m,validation,0.625,2543
2.0,1.0,1713,0.405,-2.3012,-3942.01,FVG,30m,validation,0.625,2543
3.0,0.083,1713,0.699,2.1392,3664.45,FVG,30m,validation,0.625,2543
3.0,0.125,1713,0.65,2.088,3576.67,FVG,30m,validation,0.625,2543
3.0,0.167,1713,0.621,1.769,3030.27,FVG,30m,validation,0.625,2543
3.0,0.25,1713,0.576,1.1807,2022.46,FVG,30m,validation,0.625,2543
3.0,0.5,1713,0.508,-0.2265,-388.0,FVG,30m,validation,0.625,2543
3.0,1.0,1713,0.436,-2.069,-3544.11,FVG,30m,validation,0.625,2543
4.0,0.083,1713,0.684,2.1374,3661.34,FVG,30m,validation,0.625,2543
4.0,0.125,1713,0.624,2.2494,3853.25,FVG,30m,validation,0.625,2543
4.0,0.167,1713,0.594,1.9852,3400.7,FVG,30m,validation,0.625,2543
4.0,0.25,1713,0.545,1.446,2476.93,FVG,30m,validation,0.625,2543
4.0,0.5,1713,0.48,0.0004,0.72,FVG,30m,validation,0.625,2543
4.0,1.0,1713,0.424,-1.94,-3323.27,FVG,30m,validation,0.625,2543
5.0,0.083,1713,0.68,2.1149,3622.91,FVG,30m,validation,0.625,2543
5.0,0.125,1713,0.61,2.2233,3808.59,FVG,30m,validation,0.625,2543
5.0,0.167,1713,0.574,1.9709,3376.15,FVG,30m,validation,0.625,2543
5.0,0.25,1713,0.521,1.4312,2451.6,FVG,30m,validation,0.625,2543
5.0,0.5,1713,0.451,-0.0032,-5.52,FVG,30m,validation,0.625,2543
5.0,1.0,1713,0.392,-1.962,-3360.83,FVG,30m,validation,0.625,2543
7.0,0.083,1713,0.671,2.1214,3633.98,FVG,30m,validation,0.625,2543
7.0,0.125,1713,0.597,2.3018,3943.04,FVG,30m,validation,0.625,2543
7.0,0.167,1713,0.555,2.0654,3538.07,FVG,30m,validation,0.625,2543
7.0,0.25,1713,0.494,1.5363,2631.64,FVG,30m,validation,0.625,2543
7.0,0.5,1713,0.412,0.1589,272.16,FVG,30m,validation,0.625,2543
7.0,1.0,1713,0.348,-1.8286,-3132.32,FVG,30m,validation,0.625,2543
10.0,0.083,1713,0.667,2.1163,3625.24,FVG,30m,validation,0.625,2543
10.0,0.125,1713,0.586,2.2566,3865.58,FVG,30m,validation,0.625,2543
10.0,0.167,1713,0.539,1.9954,3418.06,FVG,30m,validation,0.625,2543
10.0,0.25,1713,0.475,1.4833,2540.88,FVG,30m,validation,0.625,2543
10.0,0.5,1713,0.379,0.193,330.55,FVG,30m,validation,0.625,2543
10.0,1.0,1713,0.302,-1.7243,-2953.7,FVG,30m,validation,0.625,2543
2.0,0.083,1709,0.716,1.9638,3356.13,FVG,30m,validation,0.65,2543
2.0,0.125,1709,0.675,1.6882,2885.15,FVG,30m,validation,0.65,2543
2.0,0.167,1709,0.647,1.3363,2283.74,FVG,30m,validation,0.65,2543
2.0,0.25,1709,0.61,0.7849,1341.39,FVG,30m,validation,0.65,2543
2.0,0.5,1709,0.518,-0.4641,-793.21,FVG,30m,validation,0.65,2543
2.0,1.0,1709,0.401,-2.2313,-3813.35,FVG,30m,validation,0.65,2543
3.0,0.083,1709,0.698,2.2072,3772.06,FVG,30m,validation,0.65,2543
3.0,0.125,1709,0.655,2.1108,3607.28,FVG,30m,validation,0.65,2543
3.0,0.167,1709,0.622,1.7807,3043.16,FVG,30m,validation,0.65,2543
3.0,0.25,1709,0.582,1.1723,2003.41,FVG,30m,validation,0.65,2543
3.0,0.5,1709,0.513,-0.1726,-294.92,FVG,30m,validation,0.65,2543
3.0,1.0,1709,0.435,-1.9926,-3405.29,FVG,30m,validation,0.65,2543
4.0,0.083,1709,0.682,2.228,3807.7,FVG,30m,validation,0.65,2543
4.0,0.125,1709,0.63,2.3166,3959.06,FVG,30m,validation,0.65,2543
4.0,0.167,1709,0.595,2.049,3501.7,FVG,30m,validation,0.65,2543
4.0,0.25,1709,0.552,1.4608,2496.44,FVG,30m,validation,0.65,2543
4.0,0.5,1709,0.484,0.1005,171.78,FVG,30m,validation,0.65,2543
4.0,1.0,1709,0.427,-1.7978,-3072.41,FVG,30m,validation,0.65,2543
5.0,0.083,1709,0.678,2.2714,3881.78,FVG,30m,validation,0.65,2543
5.0,0.125,1709,0.614,2.3368,3993.57,FVG,30m,validation,0.65,2543
5.0,0.167,1709,0.574,2.0751,3546.4,FVG,30m,validation,0.65,2543
5.0,0.25,1709,0.525,1.4877,2542.41,FVG,30m,validation,0.65,2543
5.0,0.5,1709,0.453,0.1117,190.97,FVG,30m,validation,0.65,2543
5.0,1.0,1709,0.393,-1.8141,-3100.32,FVG,30m,validation,0.65,2543
7.0,0.083,1709,0.669,2.1945,3750.45,FVG,30m,validation,0.65,2543
7.0,0.125,1709,0.6,2.3433,4004.64,FVG,30m,validation,0.65,2543
7.0,0.167,1709,0.555,2.0987,3586.61,FVG,30m,validation,0.65,2543
7.0,0.25,1709,0.498,1.5335,2620.67,FVG,30m,validation,0.65,2543
7.0,0.5,1709,0.414,0.2194,374.9,FVG,30m,validation,0.65,2543
7.0,1.0,1709,0.351,-1.7113,-2924.59,FVG,30m,validation,0.65,2543
10.0,0.083,1709,0.665,2.1863,3736.36,FVG,30m,validation,0.65,2543
10.0,0.125,1709,0.589,2.3146,3955.68,FVG,30m,validation,0.65,2543
10.0,0.167,1709,0.541,2.092,3575.21,FVG,30m,validation,0.65,2543
10.0,0.25,1709,0.479,1.5352,2623.73,FVG,30m,validation,0.65,2543
10.0,0.5,1709,0.383,0.349,596.51,FVG,30m,validation,0.65,2543
10.0,1.0,1709,0.307,-1.5481,-2645.7,FVG,30m,validation,0.65,2543
2.0,0.083,1708,0.717,1.9545,3338.22,FVG,30m,validation,0.675,2543
2.0,0.125,1708,0.678,1.7022,2907.36,FVG,30m,validation,0.675,2543
2.0,0.167,1708,0.653,1.3661,2333.25,FVG,30m,validation,0.675,2543
2.0,0.25,1708,0.614,0.8071,1378.55,FVG,30m,validation,0.675,2543
2.0,0.5,1708,0.521,-0.4504,-769.36,FVG,30m,validation,0.675,2543
2.0,1.0,1708,0.398,-2.2306,-3809.79,FVG,30m,validation,0.675,2543
3.0,0.083,1708,0.699,2.1869,3735.2,FVG,30m,validation,0.675,2543
3.0,0.125,1708,0.655,2.0512,3503.51,FVG,30m,validation,0.675,2543
3.0,0.167,1708,0.623,1.7146,2928.52,FVG,30m,validation,0.675,2543
3.0,0.25,1708,0.581,1.1611,1983.17,FVG,30m,validation,0.675,2543
3.0,0.5,1708,0.511,-0.1996,-340.87,FVG,30m,validation,0.675,2543
3.0,1.0,1708,0.429,-2.0261,-3460.54,FVG,30m,validation,0.675,2543
4.0,0.083,1708,0.682,2.2378,3822.11,FVG,30m,validation,0.675,2543
4.0,0.125,1708,0.629,2.3164,3956.47,FVG,30m,validation,0.675,2543
4.0,0.167,1708,0.597,2.0482,3498.35,FVG,30m,validation,0.675,2543
4.0,0.25,1708,0.554,1.4987,2559.86,FVG,30m,validation,0.675,2543
4.0,0.5,1708,0.486,0.1047,178.81,FVG,30m,validation,0.675,2543
4.0,1.0,1708,0.429,-1.7983,-3071.45,FVG,30m,validation,0.675,2543
5.0,0.083,1708,0.677,2.2893,3910.06,FVG,30m,validation,0.675,2543
5.0,0.125,1708,0.615,2.3563,4024.57,FVG,30m,validation,0.675,2543
5.0,0.167,1708,0.577,2.1025,3591.01,FVG,30m,validation,0.675,2543
5.0,0.25,1708,0.529,1.5781,2695.45,FVG,30m,validation,0.675,2543
5.0,0.5,1708,0.459,0.1883,321.6,FVG,30m,validation,0.675,2543
5.0,1.0,1708,0.399,-1.7593,-3004.92,FVG,30m,validation,0.675,2543
7.0,0.083,1708,0.669,2.1996,3756.88,FVG,30m,validation,0.675,2543
7.0,0.125,1708,0.599,2.3482,4010.68,FVG,30m,validation,0.675,2543
7.0,0.167,1708,0.556,2.1494,3671.22,FVG,30m,validation,0.675,2543
7.0,0.25,1708,0.499,1.6393,2799.86,FVG,30m,validation,0.675,2543
7.0,0.5,1708,0.416,0.3183,543.64,FVG,30m,validation,0.675,2543
7.0,1.0,1708,0.354,-1.6306,-2784.99,FVG,30m,validation,0.675,2543
10.0,0.083,1708,0.664,2.195,3749.1,FVG,30m,validation,0.675,2543
10.0,0.125,1708,0.588,2.3267,3974.01,FVG,30m,validation,0.675,2543
10.0,0.167,1708,0.541,2.1223,3624.94,FVG,30m,validation,0.675,2543
10.0,0.25,1708,0.48,1.6358,2794.03,FVG,30m,validation,0.675,2543
10.0,0.5,1708,0.383,0.4243,724.72,FVG,30m,validation,0.675,2543
10.0,1.0,1708,0.309,-1.4904,-2545.67,FVG,30m,validation,0.675,2543
2.0,0.083,1692,0.716,1.985,3358.63,FVG,30m,validation,0.7,2543
2.0,0.125,1692,0.679,1.7239,2916.92,FVG,30m,validation,0.7,2543
2.0,0.167,1692,0.655,1.3823,2338.78,FVG,30m,validation,0.7,2543
2.0,0.25,1692,0.618,0.819,1385.81,FVG,30m,validation,0.7,2543
2.0,0.5,1692,0.52,-0.4449,-752.7,FVG,30m,validation,0.7,2543
2.0,1.0,1692,0.391,-2.2289,-3771.35,FVG,30m,validation,0.7,2543
3.0,0.083,1692,0.699,2.2015,3724.93,FVG,30m,validation,0.7,2543
3.0,0.125,1692,0.654,2.0452,3460.55,FVG,30m,validation,0.7,2543
3.0,0.167,1692,0.624,1.6946,2867.25,FVG,30m,validation,0.7,2543
3.0,0.25,1692,0.585,1.1295,1911.04,FVG,30m,validation,0.7,2543
3.0,0.5,1692,0.515,-0.2233,-377.83,FVG,30m,validation,0.7,2543
3.0,1.0,1692,0.429,-2.0671,-3497.46,FVG,30m,validation,0.7,2543
4.0,0.083,1692,0.683,2.3232,3930.84,FVG,30m,validation,0.7,2543
4.0,0.125,1692,0.629,2.3592,3991.84,FVG,30m,validation,0.7,2543
4.0,0.167,1692,0.599,2.0673,3497.88,FVG,30m,validation,0.7,2543
4.0,0.25,1692,0.557,1.4897,2520.63,FVG,30m,validation,0.7,2543
4.0,0.5,1692,0.49,0.104,176.02,FVG,30m,validation,0.7,2543
4.0,1.0,1692,0.428,-1.8131,-3067.74,FVG,30m,validation,0.7,2543
5.0,0.083,1692,0.676,2.3277,3938.43,FVG,30m,validation,0.7,2543
5.0,0.125,1692,0.613,2.3635,3999.1,FVG,30m,validation,0.7,2543
5.0,0.167,1692,0.578,2.0931,3541.52,FVG,30m,validation,0.7,2543
5.0,0.25,1692,0.532,1.5413,2607.84,FVG,30m,validation,0.7,2543
5.0,0.5,1692,0.462,0.1934,327.28,FVG,30m,validation,0.7,2543
5.0,1.0,1692,0.398,-1.7666,-2989.13,FVG,30m,validation,0.7,2543
7.0,0.083,1692,0.667,2.2515,3809.47,FVG,30m,validation,0.7,2543
7.0,0.125,1692,0.598,2.3734,4015.82,FVG,30m,validation,0.7,2543
7.0,0.167,1692,0.557,2.1633,3660.23,FVG,30m,validation,0.7,2543
7.0,0.25,1692,0.501,1.6369,2769.7,FVG,30m,validation,0.7,2543
7.0,0.5,1692,0.419,0.3118,527.53,FVG,30m,validation,0.7,2543
7.0,1.0,1692,0.355,-1.6247,-2749.07,FVG,30m,validation,0.7,2543
10.0,0.083,1692,0.663,2.2444,3797.53,FVG,30m,validation,0.7,2543
10.0,0.125,1692,0.587,2.3604,3993.81,FVG,30m,validation,0.7,2543
10.0,0.167,1692,0.543,2.1336,3610.05,FVG,30m,validation,0.7,2543
10.0,0.25,1692,0.482,1.6267,2752.31,FVG,30m,validation,0.7,2543
10.0,0.5,1692,0.384,0.4037,683.14,FVG,30m,validation,0.7,2543
10.0,1.0,1692,0.307,-1.5584,-2636.78,FVG,30m,validation,0.7,2543
2.0,0.083,1705,0.73,2.1953,3742.9,FVG,30m,holdout,0.3,2529
2.0,0.125,1705,0.677,2.1215,3617.08,FVG,30m,holdout,0.3,2529
2.0,0.167,1705,0.655,1.7635,3006.72,FVG,30m,holdout,0.3,2529
2.0,0.25,1705,0.614,1.1183,1906.71,FVG,30m,holdout,0.3,2529
2.0,0.5,1705,0.534,-0.1705,-290.65,FVG,30m,holdout,0.3,2529
2.0,1.0,1705,0.438,-1.9541,-3331.69,FVG,30m,holdout,0.3,2529
3.0,0.083,1705,0.716,2.3957,4084.66,FVG,30m,holdout,0.3,2529
3.0,0.125,1705,0.653,2.5254,4305.82,FVG,30m,holdout,0.3,2529
3.0,0.167,1705,0.62,2.2131,3773.34,FVG,30m,holdout,0.3,2529
3.0,0.25,1705,0.579,1.6476,2809.15,FVG,30m,holdout,0.3,2529
3.0,0.5,1705,0.503,0.3982,678.93,FVG,30m,holdout,0.3,2529
3.0,1.0,1705,0.443,-1.4563,-2483.07,FVG,30m,holdout,0.3,2529
4.0,0.083,1705,0.711,2.4733,4216.93,FVG,30m,holdout,0.3,2529
4.0,0.125,1705,0.643,2.66,4535.24,FVG,30m,holdout,0.3,2529
4.0,0.167,1705,0.606,2.3772,4053.13,FVG,30m,holdout,0.3,2529
4.0,0.25,1705,0.555,1.8721,3191.87,FVG,30m,holdout,0.3,2529
4.0,0.5,1705,0.474,0.6278,1070.34,FVG,30m,holdout,0.3,2529
4.0,1.0,1705,0.413,-1.2768,-2176.96,FVG,30m,holdout,0.3,2529
5.0,0.083,1705,0.709,2.4987,4260.33,FVG,30m,holdout,0.3,2529
5.0,0.125,1705,0.635,2.7203,4638.18,FVG,30m,holdout,0.3,2529
5.0,0.167,1705,0.595,2.4795,4227.6,FVG,30m,holdout,0.3,2529
5.0,0.25,1705,0.541,1.9976,3405.86,FVG,30m,holdout,0.3,2529
5.0,0.5,1705,0.45,0.8123,1385.04,FVG,30m,holdout,0.3,2529
5.0,1.0,1705,0.384,-1.0852,-1850.33,FVG,30m,holdout,0.3,2529
7.0,0.083,1705,0.707,2.5204,4297.21,FVG,30m,holdout,0.3,2529
7.0,0.125,1705,0.628,2.7917,4759.86,FVG,30m,holdout,0.3,2529
7.0,0.167,1705,0.585,2.5861,4409.28,FVG,30m,holdout,0.3,2529
7.0,0.25,1705,0.528,2.1383,3645.72,FVG,30m,holdout,0.3,2529
7.0,0.5,1705,0.425,1.022,1742.52,FVG,30m,holdout,0.3,2529
7.0,1.0,1705,0.352,-0.7943,-1354.25,FVG,30m,holdout,0.3,2529
10.0,0.083,1705,0.704,2.4893,4244.19,FVG,30m,holdout,0.3,2529
10.0,0.125,1705,0.623,2.8012,4776.09,FVG,30m,holdout,0.3,2529
10.0,0.167,1705,0.578,2.6242,4474.27,FVG,30m,holdout,0.3,2529
10.0,0.25,1705,0.517,2.1652,3691.58,FVG,30m,holdout,0.3,2529
10.0,0.5,1705,0.406,1.1506,1961.72,FVG,30m,holdout,0.3,2529
10.0,1.0,1705,0.324,-0.587,-1000.87,FVG,30m,holdout,0.3,2529
2.0,0.083,1708,0.729,2.213,3779.89,FVG,30m,holdout,0.325,2529
2.0,0.125,1708,0.677,2.1105,3604.75,FVG,30m,holdout,0.325,2529
2.0,0.167,1708,0.653,1.7539,2995.7,FVG,30m,holdout,0.325,2529
2.0,0.25,1708,0.612,1.1165,1907.04,FVG,30m,holdout,0.325,2529
2.0,0.5,1708,0.534,-0.1516,-258.95,FVG,30m,holdout,0.325,2529
2.0,1.0,1708,0.44,-1.9371,-3308.54,FVG,30m,holdout,0.325,2529
3.0,0.083,1708,0.714,2.3711,4049.92,FVG,30m,holdout,0.325,2529
3.0,0.125,1708,0.65,2.4898,4252.52,FVG,30m,holdout,0.325,2529
3.0,0.167,1708,0.619,2.1685,3703.78,FVG,30m,holdout,0.325,2529
3.0,0.25,1708,0.577,1.5807,2699.89,FVG,30m,holdout,0.325,2529
3.0,0.5,1708,0.501,0.3432,586.21,FVG,30m,holdout,0.325,2529
3.0,1.0,1708,0.44,-1.5033,-2567.71,FVG,30m,holdout,0.325,2529
4.0,0.083,1708,0.71,2.474,4225.53,FVG,30m,holdout,0.325,2529
4.0,0.125,1708,0.642,2.6675,4556.06,FVG,30m,holdout,0.325,2529
4.0,0.167,1708,0.607,2.4017,4102.18,FVG,30m,holdout,0.325,2529
4.0,0.25,1708,0.556,1.8984,3242.5,FVG,30m,holdout,0.325,2529
4.0,0.5,1708,0.474,0.6349,1084.47,FVG,30m,holdout,0.325,2529
4.0,1.0,1708,0.413,-1.2643,-2159.44,FVG,30m,holdout,0.325,2529
5.0,0.083,1708,0.707,2.4918,4256.02,FVG,30m,holdout,0.325,2529
5.0,0.125,1708,0.632,2.7164,4639.57,FVG,30m,holdout,0.325,2529
5.0,0.167,1708,0.594,2.4817,4238.68,FVG,30m,holdout,0.325,2529
5.0,0.25,1708,0.539,2.0152,3441.96,FVG,30m,holdout,0.325,2529
5.0,0.5,1708,0.448,0.8299,1417.4,FVG,30m,holdout,0.325,2529
5.0,1.0,1708,0.383,-1.1014,-1881.26,FVG,30m,holdout,0.325,2529
7.0,0.083,1708,0.704,2.5078,4283.26,FVG,30m,holdout,0.325,2529
7.0,0.125,1708,0.625,2.7905,4766.22,FVG,30m,holdout,0.325,2529
7.0,0.167,1708,0.583,2.5863,4417.48,FVG,30m,holdout,0.325,2529
7.0,0.25,1708,0.526,2.1344,3645.6,FVG,30m,holdout,0.325,2529
7.0,0.5,1708,0.422,1.035,1767.71,FVG,30m,holdout,0.325,2529
7.0,1.0,1708,0.351,-0.783,-1337.36,FVG,30m,holdout,0.325,2529
10.0,0.083,1708,0.701,2.4767,4230.15,FVG,30m,holdout,0.325,2529
10.0,0.125,1708,0.621,2.7999,4782.3,FVG,30m,holdout,0.325,2529
10.0,0.167,1708,0.577,2.6249,4483.26,FVG,30m,holdout,0.325,2529
10.0,0.25,1708,0.515,2.1673,3701.74,FVG,30m,holdout,0.325,2529
10.0,0.5,1708,0.403,1.1474,1959.8,FVG,30m,holdout,0.325,2529
10.0,1.0,1708,0.323,-0.5978,-1021.09,FVG,30m,holdout,0.325,2529
2.0,0.083,1699,0.729,2.1646,3677.58,FVG,30m,holdout,0.35,2529
2.0,0.125,1699,0.677,2.1164,3595.72,FVG,30m,holdout,0.35,2529
2.0,0.167,1699,0.653,1.76,2990.21,FVG,30m,holdout,0.35,2529
2.0,0.25,1699,0.609,1.1105,1886.79,FVG,30m,holdout,0.35,2529
2.0,0.5,1699,0.53,-0.1612,-273.93,FVG,30m,holdout,0.35,2529
2.0,1.0,1699,0.439,-1.9016,-3230.84,FVG,30m,holdout,0.35,2529
3.0,0.083,1699,0.714,2.328,3955.3,FVG,30m,holdout,0.35,2529
3.0,0.125,1699,0.652,2.5104,4265.25,FVG,30m,holdout,0.35,2529
3.0,0.167,1699,0.619,2.1749,3695.09,FVG,30m,holdout,0.35,2529
3.0,0.25,1699,0.574,1.5678,2663.61,FVG,30m,holdout,0.35,2529
3.0,0.5,1699,0.5,0.3111,528.57,FVG,30m,holdout,0.35,2529
3.0,1.0,1699,0.44,-1.5167,-2576.82,FVG,30m,holdout,0.35,2529
4.0,0.083,1699,0.71,2.4203,4112.03,FVG,30m,holdout,0.35,2529
4.0,0.125,1699,0.643,2.6775,4549.1,FVG,30m,holdout,0.35,2529
4.0,0.167,1699,0.604,2.3724,4030.72,FVG,30m,holdout,0.35,2529
4.0,0.25,1699,0.55,1.8383,3123.22,FVG,30m,holdout,0.35,2529
4.0,0.5,1699,0.47,0.5351,909.17,FVG,30m,holdout,0.35,2529
4.0,1.0,1699,0.41,-1.3446,-2284.46,FVG,30m,holdout,0.35,2529
5.0,0.083,1699,0.706,2.4375,4141.26,FVG,30m,holdout,0.35,2529
5.0,0.125,1699,0.632,2.7282,4635.25,FVG,30m,holdout,0.35,2529
5.0,0.167,1699,0.59,2.4567,4173.99,FVG,30m,holdout,0.35,2529
5.0,0.25,1699,0.533,1.9505,3313.96,FVG,30m,holdout,0.35,2529
5.0,0.5,1699,0.445,0.7315,1242.8,FVG,30m,holdout,0.35,2529
5.0,1.0,1699,0.38,-1.1886,-2019.38,FVG,30m,holdout,0.35,2529
7.0,0.083,1699,0.704,2.4697,4196.02,FVG,30m,holdout,0.35,2529
7.0,0.125,1699,0.626,2.8196,4790.44,FVG,30m,holdout,0.35,2529
7.0,0.167,1699,0.58,2.5787,4381.14,FVG,30m,holdout,0.35,2529
7.0,0.25,1699,0.52,2.0863,3544.56,FVG,30m,holdout,0.35,2529
7.0,0.5,1699,0.418,0.9474,1609.61,FVG,30m,holdout,0.35,2529
7.0,1.0,1699,0.347,-0.84,-1427.2,FVG,30m,holdout,0.35,2529
10.0,0.083,1699,0.7,2.4226,4115.93,FVG,30m,holdout,0.35,2529
10.0,0.125,1699,0.62,2.8131,4779.51,FVG,30m,holdout,0.35,2529
10.0,0.167,1699,0.573,2.6053,4426.34,FVG,30m,holdout,0.35,2529
10.0,0.25,1699,0.508,2.1078,3581.2,FVG,30m,holdout,0.35,2529
10.0,0.5,1699,0.398,1.0172,1728.17,FVG,30m,holdout,0.35,2529
10.0,1.0,1699,0.318,-0.7124,-1210.41,FVG,30m,holdout,0.35,2529
2.0,0.083,1698,0.729,2.0856,3541.28,FVG,30m,holdout,0.375,2529
2.0,0.125,1698,0.679,2.0995,3564.99,FVG,30m,holdout,0.375,2529
2.0,0.167,1698,0.653,1.7246,2928.45,FVG,30m,holdout,0.375,2529
2.0,0.25,1698,0.608,1.1035,1873.69,FVG,30m,holdout,0.375,2529
2.0,0.5,1698,0.531,-0.1975,-335.32,FVG,30m,holdout,0.375,2529
2.0,1.0,1698,0.436,-1.9707,-3346.32,FVG,30m,holdout,0.375,2529
3.0,0.083,1698,0.713,2.2094,3751.56,FVG,30m,holdout,0.375,2529
3.0,0.125,1698,0.651,2.3988,4073.22,FVG,30m,holdout,0.375,2529
3.0,0.167,1698,0.617,2.0358,3456.85,FVG,30m,holdout,0.375,2529
3.0,0.25,1698,0.571,1.4291,2426.61,FVG,30m,holdout,0.375,2529
3.0,0.5,1698,0.495,0.1697,288.2,FVG,30m,holdout,0.375,2529
3.0,1.0,1698,0.435,-1.6775,-2848.39,FVG,30m,holdout,0.375,2529
4.0,0.083,1698,0.709,2.321,3941.01,FVG,30m,holdout,0.375,2529
4.0,0.125,1698,0.644,2.5895,4396.91,FVG,30m,holdout,0.375,2529
4.0,0.167,1698,0.604,2.2615,3840.07,FVG,30m,holdout,0.375,2529
4.0,0.25,1698,0.549,1.7519,2974.75,FVG,30m,holdout,0.375,2529
4.0,0.5,1698,0.471,0.432,733.46,FVG,30m,holdout,0.375,2529
4.0,1.0,1698,0.411,-1.4611,-2480.94,FVG,30m,holdout,0.375,2529
5.0,0.083,1698,0.704,2.33,3956.31,FVG,30m,holdout,0.375,2529
5.0,0.125,1698,0.632,2.6462,4493.22,FVG,30m,holdout,0.375,2529
5.0,0.167,1698,0.588,2.3472,3985.52,FVG,30m,holdout,0.375,2529
5.0,0.25,1698,0.53,1.8714,3177.62,FVG,30m,holdout,0.375,2529
5.0,0.5,1698,0.443,0.6343,1077.12,FVG,30m,holdout,0.375,2529
5.0,1.0,1698,0.378,-1.3086,-2222.03,FVG,30m,holdout,0.375,2529
7.0,0.083,1698,0.702,2.3593,4006.02,FVG,30m,holdout,0.375,2529
7.0,0.125,1698,0.625,2.7171,4613.67,FVG,30m,holdout,0.375,2529
7.0,0.167,1698,0.579,2.463,4182.2,FVG,30m,holdout,0.375,2529
7.0,0.25,1698,0.517,1.9908,3380.31,FVG,30m,holdout,0.375,2529
7.0,0.5,1698,0.416,0.8249,1400.6,FVG,30m,holdout,0.375,2529
7.0,1.0,1698,0.346,-0.994,-1687.78,FVG,30m,holdout,0.375,2529
10.0,0.083,1698,0.698,2.3157,3932.09,FVG,30m,holdout,0.375,2529
10.0,0.125,1698,0.62,2.7163,4612.21,FVG,30m,holdout,0.375,2529
10.0,0.167,1698,0.571,2.4867,4222.43,FVG,30m,holdout,0.375,2529
10.0,0.25,1698,0.505,2.0359,3456.97,FVG,30m,holdout,0.375,2529
10.0,0.5,1698,0.396,0.9272,1574.38,FVG,30m,holdout,0.375,2529
10.0,1.0,1698,0.316,-0.8467,-1437.62,FVG,30m,holdout,0.375,2529
2.0,0.083,1699,0.732,2.1245,3609.53,FVG,30m,holdout,0.4,2529
2.0,0.125,1699,0.681,2.1291,3617.38,FVG,30m,holdout,0.4,2529
2.0,0.167,1699,0.65,1.7562,2983.86,FVG,30m,holdout,0.4,2529
2.0,0.25,1699,0.61,1.148,1950.51,FVG,30m,holdout,0.4,2529
2.0,0.5,1699,0.533,-0.1251,-212.54,FVG,30m,holdout,0.4,2529
2.0,1.0,1699,0.435,-1.9154,-3254.21,FVG,30m,holdout,0.4,2529
3.0,0.083,1699,0.715,2.2724,3860.83,FVG,30m,holdout,0.4,2529
3.0,0.125,1699,0.652,2.4267,4123.01,FVG,30m,holdout,0.4,2529
3.0,0.167,1699,0.616,2.063,3504.96,FVG,30m,holdout,0.4,2529
3.0,0.25,1699,0.57,1.4456,2456.04,FVG,30m,holdout,0.4,2529
3.0,0.5,1699,0.496,0.1751,297.5,FVG,30m,holdout,0.4,2529
3.0,1.0,1699,0.433,-1.7089,-2903.34,FVG,30m,holdout,0.4,2529
4.0,0.083,1699,0.71,2.3598,4009.3,FVG,30m,holdout,0.4,2529
4.0,0.125,1699,0.644,2.6595,4518.41,FVG,30m,holdout,0.4,2529
4.0,0.167,1699,0.601,2.3233,3947.22,FVG,30m,holdout,0.4,2529
4.0,0.25,1699,0.547,1.7975,3054.02,FVG,30m,holdout,0.4,2529
4.0,0.5,1699,0.47,0.5019,852.78,FVG,30m,holdout,0.4,2529
4.0,1.0,1699,0.411,-1.4288,-2427.47,FVG,30m,holdout,0.4,2529
5.0,0.083,1699,0.705,2.3721,4030.16,FVG,30m,holdout,0.4,2529
5.0,0.125,1699,0.632,2.6685,4533.79,FVG,30m,holdout,0.4,2529
5.0,0.167,1699,0.586,2.3752,4035.47,FVG,30m,holdout,0.4,2529
5.0,0.25,1699,0.529,1.8921,3214.68,FVG,30m,holdout,0.4,2529
5.0,0.5,1699,0.443,0.6747,1146.23,FVG,30m,holdout,0.4,2529
5.0,1.0,1699,0.38,-1.2524,-2127.86,FVG,30m,holdout,0.4,2529
7.0,0.083,1699,0.703,2.4042,4084.74,FVG,30m,holdout,0.4,2529
7.0,0.125,1699,0.626,2.7655,4698.6,FVG,30m,holdout,0.4,2529
7.0,0.167,1699,0.576,2.5165,4275.58,FVG,30m,holdout,0.4,2529
7.0,0.25,1699,0.517,2.0607,3501.13,FVG,30m,holdout,0.4,2529
7.0,0.5,1699,0.416,0.9118,1549.23,FVG,30m,holdout,0.4,2529
7.0,1.0,1699,0.346,-0.9423,-1600.91,FVG,30m,holdout,0.4,2529
10.0,0.083,1699,0.699,2.3591,4008.08,FVG,30m,holdout,0.4,2529
10.0,0.125,1699,0.619,2.7391,4653.79,FVG,30m,holdout,0.4,2529
10.0,0.167,1699,0.567,2.5128,4269.28,FVG,30m,holdout,0.4,2529
10.0,0.25,1699,0.503,2.0492,3481.67,FVG,30m,holdout,0.4,2529
10.0,0.5,1699,0.395,0.9643,1638.37,FVG,30m,holdout,0.4,2529
10.0,1.0,1699,0.316,-0.8147,-1384.1,FVG,30m,holdout,0.4,2529
2.0,0.083,1701,0.734,2.1318,3626.18,FVG,30m,holdout,0.425,2529
2.0,0.125,1701,0.679,2.0616,3506.71,FVG,30m,holdout,0.425,2529
2.0,0.167,1701,0.647,1.6801,2857.91,FVG,30m,holdout,0.425,2529
2.0,0.25,1701,0.605,1.0603,1803.59,FVG,30m,holdout,0.425,2529
2.0,0.5,1701,0.526,-0.249,-423.52,FVG,30m,holdout,0.425,2529
2.0,1.0,1701,0.428,-2.0404,-3470.77,FVG,30m,holdout,0.425,2529
3.0,0.083,1701,0.717,2.2761,3871.62,FVG,30m,holdout,0.425,2529
3.0,0.125,1701,0.647,2.3504,3997.99,FVG,30m,holdout,0.425,2529
3.0,0.167,1701,0.61,1.9869,3379.67,FVG,30m,holdout,0.425,2529
3.0,0.25,1701,0.564,1.3568,2307.89,FVG,30m,holdout,0.425,2529
3.0,0.5,1701,0.492,0.038,64.57,FVG,30m,holdout,0.425,2529
3.0,1.0,1701,0.429,-1.8712,-3182.95,FVG,30m,holdout,0.425,2529
4.0,0.083,1701,0.71,2.3497,3996.84,FVG,30m,holdout,0.425,2529
4.0,0.125,1701,0.638,2.5683,4368.62,FVG,30m,holdout,0.425,2529
4.0,0.167,1701,0.597,2.2444,3817.74,FVG,30m,holdout,0.425,2529
4.0,0.25,1701,0.543,1.6488,2804.64,FVG,30m,holdout,0.425,2529
4.0,0.5,1701,0.466,0.3567,606.72,FVG,30m,holdout,0.425,2529
4.0,1.0,1701,0.407,-1.5715,-2673.07,FVG,30m,holdout,0.425,2529
5.0,0.083,1701,0.707,2.3753,4040.31,FVG,30m,holdout,0.425,2529
5.0,0.125,1701,0.628,2.6114,4441.95,FVG,30m,holdout,0.425,2529
5.0,0.167,1701,0.582,2.3036,3918.37,FVG,30m,holdout,0.425,2529
5.0,0.25,1701,0.523,1.7279,2939.15,FVG,30m,holdout,0.425,2529
5.0,0.5,1701,0.436,0.4596,781.79,FVG,30m,holdout,0.425,2529
5.0,1.0,1701,0.375,-1.4724,-2504.55,FVG,30m,holdout,0.425,2529
7.0,0.083,1701,0.704,2.4047,4090.34,FVG,30m,holdout,0.425,2529
7.0,0.125,1701,0.623,2.7212,4628.69,FVG,30m,holdout,0.425,2529
7.0,0.167,1701,0.573,2.4709,4203.06,FVG,30m,holdout,0.425,2529
7.0,0.25,1701,0.511,1.9356,3292.38,FVG,30m,holdout,0.425,2529
7.0,0.5,1701,0.41,0.7381,1255.52,FVG,30m,holdout,0.425,2529
7.0,1.0,1701,0.342,-1.1721,-1993.76,FVG,30m,holdout,0.425,2529
10.0,0.083,1701,0.701,2.3657,4024.01,FVG,30m,holdout,0.425,2529
10.0,0.125,1701,0.616,2.6891,4574.09,FVG,30m,holdout,0.425,2529
10.0,0.167,1701,0.563,2.4563,4178.24,FVG,30m,holdout,0.425,2529
10.0,0.25,1701,0.497,1.9298,3282.58,FVG,30m,holdout,0.425,2529
10.0,0.5,1701,0.389,0.8102,1378.15,FVG,30m,holdout,0.425,2529
10.0,1.0,1701,0.311,-1.017,-1729.92,FVG,30m,holdout,0.425,2529
2.0,0.083,1699,0.735,2.1117,3587.72,FVG,30m,holdout,0.45,2529
2.0,0.125,1699,0.679,2.1356,3628.36,FVG,30m,holdout,0.45,2529
2.0,0.167,1699,0.646,1.7443,2963.52,FVG,30m,holdout,0.45,2529
2.0,0.25,1699,0.607,1.1193,1901.7,FVG,30m,holdout,0.45,2529
2.0,0.5,1699,0.526,-0.1835,-311.71,FVG,30m,holdout,0.45,2529
2.0,1.0,1699,0.427,-1.9582,-3326.9,FVG,30m,holdout,0.45,2529
3.0,0.083,1699,0.718,2.2407,3806.89,FVG,30m,holdout,0.45,2529
3.0,0.125,1699,0.644,2.3282,3955.54,FVG,30m,holdout,0.45,2529
3.0,0.167,1699,0.609,1.9511,3314.99,FVG,30m,holdout,0.45,2529
3.0,0.25,1699,0.566,1.2957,2201.32,FVG,30m,holdout,0.45,2529
3.0,0.5,1699,0.491,-0.0416,-70.64,FVG,30m,holdout,0.45,2529
3.0,1.0,1699,0.43,-1.9242,-3269.18,FVG,30m,holdout,0.45,2529
4.0,0.083,1699,0.711,2.3082,3921.64,FVG,30m,holdout,0.45,2529
4.0,0.125,1699,0.634,2.5323,4302.44,FVG,30m,holdout,0.45,2529
4.0,0.167,1699,0.593,2.1905,3721.69,FVG,30m,holdout,0.45,2529
4.0,0.25,1699,0.543,1.5858,2694.25,FVG,30m,holdout,0.45,2529
4.0,0.5,1699,0.464,0.2735,464.61,FVG,30m,holdout,0.45,2529
4.0,1.0,1699,0.403,-1.6582,-2817.3,FVG,30m,holdout,0.45,2529
5.0,0.083,1699,0.707,2.3513,3994.9,FVG,30m,holdout,0.45,2529
5.0,0.125,1699,0.627,2.6141,4441.32,FVG,30m,holdout,0.45,2529
5.0,0.167,1699,0.58,2.2894,3889.76,FVG,30m,holdout,0.45,2529
5.0,0.25,1699,0.526,1.711,2907.0,FVG,30m,holdout,0.45,2529
5.0,0.5,1699,0.436,0.4244,721.09,FVG,30m,holdout,0.45,2529
5.0,1.0,1699,0.375,-1.5174,-2578.06,FVG,30m,holdout,0.45,2529
7.0,0.083,1699,0.705,2.3763,4037.4,FVG,30m,holdout,0.45,2529
7.0,0.125,1699,0.62,2.7219,4624.53,FVG,30m,holdout,0.45,2529
7.0,0.167,1699,0.57,2.4807,4214.7,FVG,30m,holdout,0.45,2529
7.0,0.25,1699,0.513,1.9508,3314.47,FVG,30m,holdout,0.45,2529
7.0,0.5,1699,0.41,0.7466,1268.49,FVG,30m,holdout,0.45,2529
7.0,1.0,1699,0.341,-1.1707,-1988.96,FVG,30m,holdout,0.45,2529
10.0,0.083,1699,0.701,2.337,3970.62,FVG,30m,holdout,0.45,2529
10.0,0.125,1699,0.613,2.6766,4547.53,FVG,30m,holdout,0.45,2529
10.0,0.167,1699,0.561,2.4445,4153.12,FVG,30m,holdout,0.45,2529
10.0,0.25,1699,0.499,1.9071,3240.11,FVG,30m,holdout,0.45,2529
10.0,0.5,1699,0.387,0.7657,1300.92,FVG,30m,holdout,0.45,2529
10.0,1.0,1699,0.307,-1.0802,-1835.28,FVG,30m,holdout,0.45,2529
2.0,0.083,1690,0.728,1.9468,3290.17,FVG,30m,holdout,0.475,2529
2.0,0.125,1690,0.678,1.9334,3267.46,FVG,30m,holdout,0.475,2529
2.0,0.167,1690,0.644,1.5503,2620.09,FVG,30m,holdout,0.475,2529
2.0,0.25,1690,0.607,0.9099,1537.68,FVG,30m,holdout,0.475,2529
2.0,0.5,1690,0.521,-0.3908,-660.49,FVG,30m,holdout,0.475,2529
2.0,1.0,1690,0.418,-2.1196,-3582.09,FVG,30m,holdout,0.475,2529
3.0,0.083,1690,0.711,2.0988,3546.93,FVG,30m,holdout,0.475,2529
3.0,0.125,1690,0.641,2.2071,3730.04,FVG,30m,holdout,0.475,2529
3.0,0.167,1690,0.605,1.8351,3101.29,FVG,30m,holdout,0.475,2529
3.0,0.25,1690,0.564,1.1816,1996.93,FVG,30m,holdout,0.475,2529
3.0,0.5,1690,0.489,-0.1684,-284.63,FVG,30m,holdout,0.475,2529
3.0,1.0,1690,0.428,-2.0295,-3429.91,FVG,30m,holdout,0.475,2529
4.0,0.083,1690,0.704,2.1666,3661.51,FVG,30m,holdout,0.475,2529
4.0,0.125,1690,0.631,2.4137,4079.22,FVG,30m,holdout,0.475,2529
4.0,0.167,1690,0.588,2.0715,3500.86,FVG,30m,holdout,0.475,2529
4.0,0.25,1690,0.543,1.5278,2582.02,FVG,30m,holdout,0.475,2529
4.0,0.5,1690,0.462,0.1874,316.66,FVG,30m,holdout,0.475,2529
4.0,1.0,1690,0.403,-1.7309,-2925.19,FVG,30m,holdout,0.475,2529
5.0,0.083,1690,0.701,2.2363,3779.32,FVG,30m,holdout,0.475,2529
5.0,0.125,1690,0.625,2.527,4270.71,FVG,30m,holdout,0.475,2529
5.0,0.167,1690,0.579,2.2111,3736.84,FVG,30m,holdout,0.475,2529
5.0,0.25,1690,0.527,1.6859,2849.24,FVG,30m,holdout,0.475,2529
5.0,0.5,1690,0.436,0.3495,590.71,FVG,30m,holdout,0.475,2529
5.0,1.0,1690,0.375,-1.6146,-2728.63,FVG,30m,holdout,0.475,2529
7.0,0.083,1690,0.699,2.2532,3807.98,FVG,30m,holdout,0.475,2529
7.0,0.125,1690,0.618,2.6276,4440.59,FVG,30m,holdout,0.475,2529
7.0,0.167,1690,0.567,2.3881,4035.86,FVG,30m,holdout,0.475,2529
7.0,0.25,1690,0.512,1.908,3224.58,FVG,30m,holdout,0.475,2529
7.0,0.5,1690,0.408,0.6559,1108.43,FVG,30m,holdout,0.475,2529
7.0,1.0,1690,0.338,-1.2486,-2110.19,FVG,30m,holdout,0.475,2529
10.0,0.083,1690,0.695,2.2116,3737.59,FVG,30m,holdout,0.475,2529
10.0,0.125,1690,0.611,2.5811,4362.1,FVG,30m,holdout,0.475,2529
10.0,0.167,1690,0.557,2.3516,3974.21,FVG,30m,holdout,0.475,2529
10.0,0.25,1690,0.498,1.8403,3110.12,FVG,30m,holdout,0.475,2529
10.0,0.5,1690,0.386,0.6692,1130.91,FVG,30m,holdout,0.475,2529
10.0,1.0,1690,0.304,-1.1853,-2003.09,FVG,30m,holdout,0.475,2529
2.0,0.083,1684,0.732,1.9753,3326.36,FVG,30m,holdout,0.5,2529
2.0,0.125,1684,0.676,1.9308,3251.53,FVG,30m,holdout,0.5,2529
2.0,0.167,1684,0.652,1.5588,2624.97,FVG,30m,holdout,0.5,2529
2.0,0.25,1684,0.61,0.8927,1503.37,FVG,30m,holdout,0.5,2529
2.0,0.5,1684,0.524,-0.3787,-637.77,FVG,30m,holdout,0.5,2529
2.0,1.0,1684,0.416,-2.0849,-3511.04,FVG,30m,holdout,0.5,2529
3.0,0.083,1684,0.712,2.1379,3600.26,FVG,30m,holdout,0.5,2529
3.0,0.125,1684,0.638,2.2222,3742.17,FVG,30m,holdout,0.5,2529
3.0,0.167,1684,0.607,1.8345,3089.28,FVG,30m,holdout,0.5,2529
3.0,0.25,1684,0.561,1.151,1938.29,FVG,30m,holdout,0.5,2529
3.0,0.5,1684,0.488,-0.1724,-290.31,FVG,30m,holdout,0.5,2529
3.0,1.0,1684,0.426,-2.0355,-3427.8,FVG,30m,holdout,0.5,2529
4.0,0.083,1684,0.704,2.2012,3706.8,FVG,30m,holdout,0.5,2529
4.0,0.125,1684,0.626,2.4431,4114.18,FVG,30m,holdout,0.5,2529
4.0,0.167,1684,0.588,2.0887,3517.3,FVG,30m,holdout,0.5,2529
4.0,0.25,1684,0.537,1.5055,2535.26,FVG,30m,holdout,0.5,2529
4.0,0.5,1684,0.46,0.1642,276.53,FVG,30m,holdout,0.5,2529
4.0,1.0,1684,0.4,-1.7632,-2969.3,FVG,30m,holdout,0.5,2529
5.0,0.083,1684,0.702,2.2716,3825.31,FVG,30m,holdout,0.5,2529
5.0,0.125,1684,0.622,2.594,4368.29,FVG,30m,holdout,0.5,2529
5.0,0.167,1684,0.58,2.2846,3847.21,FVG,30m,holdout,0.5,2529
5.0,0.25,1684,0.523,1.7132,2884.99,FVG,30m,holdout,0.5,2529
5.0,0.5,1684,0.436,0.4079,686.85,FVG,30m,holdout,0.5,2529
5.0,1.0,1684,0.374,-1.5695,-2643.09,FVG,30m,holdout,0.5,2529
7.0,0.083,1684,0.7,2.2918,3859.33,FVG,30m,holdout,0.5,2529
7.0,0.125,1684,0.615,2.7011,4548.58,FVG,30m,holdout,0.5,2529
7.0,0.167,1684,0.568,2.4542,4132.93,FVG,30m,holdout,0.5,2529
7.0,0.25,1684,0.508,1.9374,3262.58,FVG,30m,holdout,0.5,2529
7.0,0.5,1684,0.41,0.7928,1335.01,FVG,30m,holdout,0.5,2529
7.0,1.0,1684,0.338,-1.096,-1845.66,FVG,30m,holdout,0.5,2529
10.0,0.083,1684,0.697,2.2603,3806.3,FVG,30m,holdout,0.5,2529
10.0,0.125,1684,0.608,2.6663,4490.07,FVG,30m,holdout,0.5,2529
10.0,0.167,1684,0.559,2.4338,4098.51,FVG,30m,holdout,0.5,2529
10.0,0.25,1684,0.493,1.8962,3193.17,FVG,30m,holdout,0.5,2529
10.0,0.5,1684,0.385,0.7508,1264.41,FVG,30m,holdout,0.5,2529
10.0,1.0,1684,0.304,-1.1066,-1863.53,FVG,30m,holdout,0.5,2529
2.0,0.083,1680,0.734,1.9425,3263.4,FVG,30m,holdout,0.525,2529
2.0,0.125,1680,0.68,1.8911,3177.12,FVG,30m,holdout,0.525,2529
2.0,0.167,1680,0.657,1.5219,2556.83,FVG,30m,holdout,0.525,2529
2.0,0.25,1680,0.612,0.8502,1428.36,FVG,30m,holdout,0.525,2529
2.0,0.5,1680,0.526,-0.4277,-718.61,FVG,30m,holdout,0.525,2529
2.0,1.0,1680,0.415,-2.1437,-3601.47,FVG,30m,holdout,0.525,2529
3.0,0.083,1680,0.713,2.103,3533.0,FVG,30m,holdout,0.525,2529
3.0,0.125,1680,0.639,2.1923,3683.01,FVG,30m,holdout,0.525,2529
3.0,0.167,1680,0.61,1.8024,3028.0,FVG,30m,holdout,0.525,2529
3.0,0.25,1680,0.562,1.0958,1840.87,FVG,30m,holdout,0.525,2529
3.0,0.5,1680,0.489,-0.2374,-398.77,FVG,30m,holdout,0.525,2529
3.0,1.0,1680,0.428,-2.0604,-3461.52,FVG,30m,holdout,0.525,2529
4.0,0.083,1680,0.705,2.1689,3643.73,FVG,30m,holdout,0.525,2529
4.0,0.125,1680,0.626,2.39,4015.24,FVG,30m,holdout,0.525,2529
4.0,0.167,1680,0.591,2.0631,3466.02,FVG,30m,holdout,0.525,2529
4.0,0.25,1680,0.534,1.4175,2381.36,FVG,30m,holdout,0.525,2529
4.0,0.5,1680,0.46,0.0706,118.6,FVG,30m,holdout,0.525,2529
4.0,1.0,1680,0.401,-1.8176,-3053.54,FVG,30m,holdout,0.525,2529
5.0,0.083,1680,0.703,2.2363,3756.93,FVG,30m,holdout,0.525,2529
5.0,0.125,1680,0.621,2.545,4275.59,FVG,30m,holdout,0.525,2529
5.0,0.167,1680,0.583,2.2392,3761.87,FVG,30m,holdout,0.525,2529
5.0,0.25,1680,0.52,1.6174,2717.15,FVG,30m,holdout,0.525,2529
5.0,0.5,1680,0.435,0.3244,544.93,FVG,30m,holdout,0.525,2529
5.0,1.0,1680,0.374,-1.5971,-2683.06,FVG,30m,holdout,0.525,2529
7.0,0.083,1680,0.701,2.2962,3857.57,FVG,30m,holdout,0.525,2529
7.0,0.125,1680,0.615,2.6915,4521.75,FVG,30m,holdout,0.525,2529
7.0,0.167,1680,0.571,2.4545,4123.55,FVG,30m,holdout,0.525,2529
7.0,0.25,1680,0.504,1.8634,3130.45,FVG,30m,holdout,0.525,2529
7.0,0.5,1680,0.408,0.7325,1230.57,FVG,30m,holdout,0.525,2529
7.0,1.0,1680,0.339,-1.1023,-1851.85,FVG,30m,holdout,0.525,2529
10.0,0.083,1680,0.699,2.2754,3822.59,FVG,30m,holdout,0.525,2529
10.0,0.125,1680,0.609,2.6738,4492.06,FVG,30m,holdout,0.525,2529
10.0,0.167,1680,0.562,2.4549,4124.25,FVG,30m,holdout,0.525,2529
10.0,0.25,1680,0.49,1.848,3104.7,FVG,30m,holdout,0.525,2529
10.0,0.5,1680,0.386,0.7388,1241.11,FVG,30m,holdout,0.525,2529
10.0,1.0,1680,0.305,-1.089,-1829.56,FVG,30m,holdout,0.525,2529
2.0,0.083,1674,0.74,2.0057,3357.54,FVG,30m,holdout,0.55,2529
2.0,0.125,1674,0.686,1.9459,3257.41,FVG,30m,holdout,0.55,2529
2.0,0.167,1674,0.661,1.5698,2627.79,FVG,30m,holdout,0.55,2529
2.0,0.25,1674,0.615,0.8996,1506.01,FVG,30m,holdout,0.55,2529
2.0,0.5,1674,0.527,-0.3698,-619.01,FVG,30m,holdout,0.55,2529
2.0,1.0,1674,0.413,-2.0858,-3491.57,FVG,30m,holdout,0.55,2529
3.0,0.083,1674,0.719,2.1501,3599.26,FVG,30m,holdout,0.55,2529
3.0,0.125,1674,0.647,2.2501,3766.62,FVG,30m,holdout,0.55,2529
3.0,0.167,1674,0.616,1.8706,3131.44,FVG,30m,holdout,0.55,2529
3.0,0.25,1674,0.57,1.1652,1950.47,FVG,30m,holdout,0.55,2529
3.0,0.5,1674,0.494,-0.1863,-311.88,FVG,30m,holdout,0.55,2529
3.0,1.0,1674,0.43,-2.0053,-3356.9,FVG,30m,holdout,0.55,2529
4.0,0.083,1674,0.709,2.2127,3704.03,FVG,30m,holdout,0.55,2529
4.0,0.125,1674,0.628,2.4205,4051.91,FVG,30m,holdout,0.55,2529
4.0,0.167,1674,0.594,2.0678,3461.48,FVG,30m,holdout,0.55,2529
4.0,0.25,1674,0.538,1.3992,2342.25,FVG,30m,holdout,0.55,2529
4.0,0.5,1674,0.461,0.052,87.0,FVG,30m,holdout,0.55,2529
4.0,1.0,1674,0.403,-1.8458,-3089.82,FVG,30m,holdout,0.55,2529
5.0,0.083,1674,0.708,2.2841,3823.55,FVG,30m,holdout,0.55,2529
5.0,0.125,1674,0.624,2.5746,4309.85,FVG,30m,holdout,0.55,2529
5.0,0.167,1674,0.585,2.245,3758.15,FVG,30m,holdout,0.55,2529
5.0,0.25,1674,0.523,1.625,2720.17,FVG,30m,holdout,0.55,2529
5.0,0.5,1674,0.437,0.3354,561.38,FVG,30m,holdout,0.55,2529
5.0,1.0,1674,0.378,-1.5958,-2671.3,FVG,30m,holdout,0.55,2529
7.0,0.083,1674,0.705,2.3452,3925.79,FVG,30m,holdout,0.55,2529
7.0,0.125,1674,0.617,2.7197,4552.85,FVG,30m,holdout,0.55,2529
7.0,0.167,1674,0.576,2.4616,4120.74,FVG,30m,holdout,0.55,2529
7.0,0.25,1674,0.509,1.8632,3118.93,FVG,30m,holdout,0.55,2529
7.0,0.5,1674,0.41,0.7234,1210.93,FVG,30m,holdout,0.55,2529
7.0,1.0,1674,0.339,-1.1183,-1872.0,FVG,30m,holdout,0.55,2529
10.0,0.083,1674,0.703,2.3264,3894.41,FVG,30m,holdout,0.55,2529
10.0,0.125,1674,0.611,2.7094,4535.46,FVG,30m,holdout,0.55,2529
10.0,0.167,1674,0.566,2.4699,4134.64,FVG,30m,holdout,0.55,2529
10.0,0.25,1674,0.495,1.8609,3115.2,FVG,30m,holdout,0.55,2529
10.0,0.5,1674,0.387,0.7497,1255.0,FVG,30m,holdout,0.55,2529
10.0,1.0,1674,0.305,-1.1076,-1854.2,FVG,30m,holdout,0.55,2529
2.0,0.083,1663,0.74,2.0404,3393.19,FVG,30m,holdout,0.575,2529
2.0,0.125,1663,0.686,1.9842,3299.66,FVG,30m,holdout,0.575,2529
2.0,0.167,1663,0.663,1.6281,2707.47,FVG,30m,holdout,0.575,2529
2.0,0.25,1663,0.618,0.9883,1643.53,FVG,30m,holdout,0.575,2529
2.0,0.5,1663,0.532,-0.2987,-496.73,FVG,30m,holdout,0.575,2529
2.0,1.0,1663,0.413,-2.0106,-3343.67,FVG,30m,holdout,0.575,2529
3.0,0.083,1663,0.72,2.1944,3649.33,FVG,30m,holdout,0.575,2529
3.0,0.125,1663,0.651,2.2977,3821.0,FVG,30m,holdout,0.575,2529
3.0,0.167,1663,0.618,1.9184,3190.33,FVG,30m,holdout,0.575,2529
3.0,0.25,1663,0.573,1.2118,2015.23,FVG,30m,holdout,0.575,2529
3.0,0.5,1663,0.497,-0.1686,-280.42,FVG,30m,holdout,0.575,2529
3.0,1.0,1663,0.43,-1.9992,-3324.67,FVG,30m,holdout,0.575,2529
4.0,0.083,1663,0.711,2.2474,3737.42,FVG,30m,holdout,0.575,2529
4.0,0.125,1663,0.633,2.4594,4089.95,FVG,30m,holdout,0.575,2529
4.0,0.167,1663,0.595,2.1076,3504.86,FVG,30m,holdout,0.575,2529
4.0,0.25,1663,0.542,1.438,2391.43,FVG,30m,holdout,0.575,2529
4.0,0.5,1663,0.467,0.0678,112.78,FVG,30m,holdout,0.575,2529
4.0,1.0,1663,0.403,-1.8442,-3066.91,FVG,30m,holdout,0.575,2529
5.0,0.083,1663,0.708,2.2889,3806.44,FVG,30m,holdout,0.575,2529
5.0,0.125,1663,0.626,2.5762,4284.22,FVG,30m,holdout,0.575,2529
5.0,0.167,1663,0.586,2.2519,3744.92,FVG,30m,holdout,0.575,2529
5.0,0.25,1663,0.527,1.6347,2718.57,FVG,30m,holdout,0.575,2529
5.0,0.5,1663,0.443,0.3153,524.39,FVG,30m,holdout,0.575,2529
5.0,1.0,1663,0.378,-1.6186,-2691.71,FVG,30m,holdout,0.575,2529
7.0,0.083,1663,0.707,2.3617,3927.54,FVG,30m,holdout,0.575,2529
7.0,0.125,1663,0.62,2.737,4551.6,FVG,30m,holdout,0.575,2529
7.0,0.167,1663,0.577,2.495,4149.25,FVG,30m,holdout,0.575,2529
7.0,0.25,1663,0.514,1.9305,3210.49,FVG,30m,holdout,0.575,2529
7.0,0.5,1663,0.419,0.7552,1255.92,FVG,30m,holdout,0.575,2529
7.0,1.0,1663,0.342,-1.1126,-1850.32,FVG,30m,holdout,0.575,2529
10.0,0.083,1663,0.704,2.3496,3907.4,FVG,30m,holdout,0.575,2529
10.0,0.125,1663,0.613,2.7377,4552.83,FVG,30m,holdout,0.575,2529
10.0,0.167,1663,0.566,2.5115,4176.64,FVG,30m,holdout,0.575,2529
10.0,0.25,1663,0.499,1.9322,3213.25,FVG,30m,holdout,0.575,2529
10.0,0.5,1663,0.396,0.7902,1314.08,FVG,30m,holdout,0.575,2529
10.0,1.0,1663,0.306,-1.0766,-1790.39,FVG,30m,holdout,0.575,2529
2.0,0.083,1663,0.732,2.02,3359.28,FVG,30m,holdout,0.6,2529
2.0,0.125,1663,0.681,1.8903,3143.5,FVG,30m,holdout,0.6,2529
2.0,0.167,1663,0.661,1.5421,2564.48,FVG,30m,holdout,0.6,2529
2.0,0.25,1663,0.618,0.9204,1530.67,FVG,30m,holdout,0.6,2529
2.0,0.5,1663,0.529,-0.3534,-587.7,FVG,30m,holdout,0.6,2529
2.0,1.0,1663,0.41,-2.0677,-3438.57,FVG,30m,holdout,0.6,2529
3.0,0.083,1663,0.713,2.1559,3585.3,FVG,30m,holdout,0.6,2529
3.0,0.125,1663,0.645,2.2031,3663.8,FVG,30m,holdout,0.6,2529
3.0,0.167,1663,0.615,1.8183,3023.79,FVG,30m,holdout,0.6,2529
3.0,0.25,1663,0.57,1.1208,1863.92,FVG,30m,holdout,0.6,2529
3.0,0.5,1663,0.496,-0.2654,-441.33,FVG,30m,holdout,0.6,2529
3.0,1.0,1663,0.431,-2.0855,-3468.25,FVG,30m,holdout,0.6,2529
4.0,0.083,1663,0.704,2.203,3663.51,FVG,30m,holdout,0.6,2529
4.0,0.125,1663,0.629,2.3889,3972.72,FVG,30m,holdout,0.6,2529
4.0,0.167,1663,0.594,2.0364,3386.53,FVG,30m,holdout,0.6,2529
4.0,0.25,1663,0.539,1.3645,2269.19,FVG,30m,holdout,0.6,2529
4.0,0.5,1663,0.467,-0.0263,-43.66,FVG,30m,holdout,0.6,2529
4.0,1.0,1663,0.402,-1.9303,-3210.13,FVG,30m,holdout,0.6,2529
5.0,0.083,1663,0.702,2.242,3728.39,FVG,30m,holdout,0.6,2529
5.0,0.125,1663,0.622,2.487,4135.89,FVG,30m,holdout,0.6,2529
5.0,0.167,1663,0.584,2.1686,3606.4,FVG,30m,holdout,0.6,2529
5.0,0.25,1663,0.526,1.5548,2585.69,FVG,30m,holdout,0.6,2529
5.0,0.5,1663,0.446,0.1869,310.74,FVG,30m,holdout,0.6,2529
5.0,1.0,1663,0.379,-1.7328,-2881.72,FVG,30m,holdout,0.6,2529
7.0,0.083,1663,0.7,2.3185,3855.67,FVG,30m,holdout,0.6,2529
7.0,0.125,1663,0.616,2.6632,4428.9,FVG,30m,holdout,0.6,2529
7.0,0.167,1663,0.574,2.4205,4025.28,FVG,30m,holdout,0.6,2529
7.0,0.25,1663,0.512,1.8605,3093.94,FVG,30m,holdout,0.6,2529
7.0,0.5,1663,0.419,0.6572,1092.92,FVG,30m,holdout,0.6,2529
7.0,1.0,1663,0.341,-1.1883,-1976.19,FVG,30m,holdout,0.6,2529
10.0,0.083,1663,0.698,2.3072,3836.92,FVG,30m,holdout,0.6,2529
10.0,0.125,1663,0.609,2.6671,4435.4,FVG,30m,holdout,0.6,2529
10.0,0.167,1663,0.565,2.4439,4064.15,FVG,30m,holdout,0.6,2529
10.0,0.25,1663,0.498,1.8584,3090.54,FVG,30m,holdout,0.6,2529
10.0,0.5,1663,0.396,0.6932,1152.8,FVG,30m,holdout,0.6,2529
10.0,1.0,1663,0.305,-1.1554,-1921.47,FVG,30m,holdout,0.6,2529
2.0,0.083,1664,0.727,1.9385,3225.61,FVG,30m,holdout,0.625,2529
2.0,0.125,1664,0.681,1.7939,2985.01,FVG,30m,holdout,0.625,2529
2.0,0.167,1664,0.656,1.434,2386.21,FVG,30m,holdout,0.625,2529
2.0,0.25,1664,0.614,0.8302,1381.51,FVG,30m,holdout,0.625,2529
2.0,0.5,1664,0.525,-0.4607,-766.54,FVG,30m,holdout,0.625,2529
2.0,1.0,1664,0.404,-2.1777,-3623.77,FVG,30m,holdout,0.625,2529
3.0,0.083,1664,0.709,2.0876,3473.69,FVG,30m,holdout,0.625,2529
3.0,0.125,1664,0.645,2.1368,3555.61,FVG,30m,holdout,0.625,2529
3.0,0.167,1664,0.609,1.7477,2908.2,FVG,30m,holdout,0.625,2529
3.0,0.25,1664,0.569,1.0544,1754.59,FVG,30m,holdout,0.625,2529
3.0,0.5,1664,0.493,-0.3433,-571.31,FVG,30m,holdout,0.625,2529
3.0,1.0,1664,0.428,-2.1798,-3627.14,FVG,30m,holdout,0.625,2529
4.0,0.083,1664,0.701,2.168,3607.61,FVG,30m,holdout,0.625,2529
4.0,0.125,1664,0.626,2.3233,3866.03,FVG,30m,holdout,0.625,2529
4.0,0.167,1664,0.588,1.9697,3277.56,FVG,30m,holdout,0.625,2529
4.0,0.25,1664,0.539,1.2772,2125.21,FVG,30m,holdout,0.625,2529
4.0,0.5,1664,0.467,-0.1426,-237.36,FVG,30m,holdout,0.625,2529
4.0,1.0,1664,0.402,-2.0566,-3422.15,FVG,30m,holdout,0.625,2529
5.0,0.083,1664,0.697,2.1851,3635.97,FVG,30m,holdout,0.625,2529
5.0,0.125,1664,0.618,2.4109,4011.67,FVG,30m,holdout,0.625,2529
5.0,0.167,1664,0.577,2.095,3486.01,FVG,30m,holdout,0.625,2529
5.0,0.25,1664,0.523,1.4543,2420.0,FVG,30m,holdout,0.625,2529
5.0,0.5,1664,0.442,0.0617,102.63,FVG,30m,holdout,0.625,2529
5.0,1.0,1664,0.376,-1.8793,-3127.15,FVG,30m,holdout,0.625,2529
7.0,0.083,1664,0.695,2.2624,3764.61,FVG,30m,holdout,0.625,2529
7.0,0.125,1664,0.612,2.5807,4294.24,FVG,30m,holdout,0.625,2529
7.0,0.167,1664,0.566,2.3388,3891.8,FVG,30m,holdout,0.625,2529
7.0,0.25,1664,0.507,1.7475,2907.89,FVG,30m,holdout,0.625,2529
7.0,0.5,1664,0.414,0.5095,847.74,FVG,30m,holdout,0.625,2529
7.0,1.0,1664,0.337,-1.3649,-2271.25,FVG,30m,holdout,0.625,2529
10.0,0.083,1664,0.694,2.2517,3746.9,FVG,30m,holdout,0.625,2529
10.0,0.125,1664,0.605,2.5883,4306.98,FVG,30m,holdout,0.625,2529
10.0,0.167,1664,0.557,2.3699,3943.51,FVG,30m,holdout,0.625,2529
10.0,0.25,1664,0.492,1.7554,2920.99,FVG,30m,holdout,0.625,2529
10.0,0.5,1664,0.392,0.563,936.85,FVG,30m,holdout,0.625,2529
10.0,1.0,1664,0.301,-1.3379,-2226.2,FVG,30m,holdout,0.625,2529
2.0,0.083,1658,0.726,1.9905,3300.25,FVG,30m,holdout,0.65,2529
2.0,0.125,1658,0.679,1.7932,2973.07,FVG,30m,holdout,0.65,2529
2.0,0.167,1658,0.659,1.4549,2412.16,FVG,30m,holdout,0.65,2529
2.0,0.25,1658,0.614,0.8427,1397.27,FVG,30m,holdout,0.65,2529
2.0,0.5,1658,0.525,-0.4617,-765.43,FVG,30m,holdout,0.65,2529
2.0,1.0,1658,0.402,-2.181,-3616.17,FVG,30m,holdout,0.65,2529
3.0,0.083,1658,0.706,2.1501,3564.92,FVG,30m,holdout,0.65,2529
3.0,0.125,1658,0.644,2.1579,3577.72,FVG,30m,holdout,0.65,2529
3.0,0.167,1658,0.613,1.7864,2961.85,FVG,30m,holdout,0.65,2529
3.0,0.25,1658,0.568,1.0566,1751.83,FVG,30m,holdout,0.65,2529
3.0,0.5,1658,0.495,-0.3534,-585.98,FVG,30m,holdout,0.65,2529
3.0,1.0,1658,0.429,-2.1548,-3572.72,FVG,30m,holdout,0.65,2529
4.0,0.083,1658,0.7,2.2702,3763.96,FVG,30m,holdout,0.65,2529
4.0,0.125,1658,0.627,2.3812,3947.99,FVG,30m,holdout,0.65,2529
4.0,0.167,1658,0.593,2.0647,3423.35,FVG,30m,holdout,0.65,2529
4.0,0.25,1658,0.543,1.3817,2290.91,FVG,30m,holdout,0.65,2529
4.0,0.5,1658,0.472,-0.025,-41.44,FVG,30m,holdout,0.65,2529
4.0,1.0,1658,0.41,-1.928,-3196.65,FVG,30m,holdout,0.65,2529
5.0,0.083,1658,0.694,2.2445,3721.32,FVG,30m,holdout,0.65,2529
5.0,0.125,1658,0.616,2.4224,4016.27,FVG,30m,holdout,0.65,2529
5.0,0.167,1658,0.578,2.1301,3531.71,FVG,30m,holdout,0.65,2529
5.0,0.25,1658,0.521,1.468,2433.94,FVG,30m,holdout,0.65,2529
5.0,0.5,1658,0.443,0.0552,91.59,FVG,30m,holdout,0.65,2529
5.0,1.0,1658,0.378,-1.8748,-3108.48,FVG,30m,holdout,0.65,2529
7.0,0.083,1658,0.692,2.34,3879.66,FVG,30m,holdout,0.65,2529
7.0,0.125,1658,0.61,2.6218,4346.89,FVG,30m,holdout,0.65,2529
7.0,0.167,1658,0.568,2.4114,3998.09,FVG,30m,holdout,0.65,2529
7.0,0.25,1658,0.505,1.8018,2987.45,FVG,30m,holdout,0.65,2529
7.0,0.5,1658,0.416,0.5693,943.84,FVG,30m,holdout,0.65,2529
7.0,1.0,1658,0.341,-1.3521,-2241.76,FVG,30m,holdout,0.65,2529
10.0,0.083,1658,0.691,2.3302,3863.53,FVG,30m,holdout,0.65,2529
10.0,0.125,1658,0.603,2.6332,4365.77,FVG,30m,holdout,0.65,2529
10.0,0.167,1658,0.56,2.4589,4076.82,FVG,30m,holdout,0.65,2529
10.0,0.25,1658,0.492,1.8478,3063.64,FVG,30m,holdout,0.65,2529
10.0,0.5,1658,0.394,0.655,1085.93,FVG,30m,holdout,0.65,2529
10.0,1.0,1658,0.304,-1.255,-2080.73,FVG,30m,holdout,0.65,2529
2.0,0.083,1647,0.729,2.0273,3338.93,FVG,30m,holdout,0.675,2529
2.0,0.125,1647,0.678,1.8227,3001.91,FVG,30m,holdout,0.675,2529
2.0,0.167,1647,0.657,1.4894,2452.96,FVG,30m,holdout,0.675,2529
2.0,0.25,1647,0.615,0.8978,1478.61,FVG,30m,holdout,0.675,2529
2.0,0.5,1647,0.527,-0.3995,-657.92,FVG,30m,holdout,0.675,2529
2.0,1.0,1647,0.4,-2.1254,-3500.58,FVG,30m,holdout,0.675,2529
3.0,0.083,1647,0.707,2.1848,3598.44,FVG,30m,holdout,0.675,2529
3.0,0.125,1647,0.641,2.1357,3517.56,FVG,30m,holdout,0.675,2529
3.0,0.167,1647,0.611,1.7612,2900.64,FVG,30m,holdout,0.675,2529
3.0,0.25,1647,0.568,1.0418,1715.76,FVG,30m,holdout,0.675,2529
3.0,0.5,1647,0.497,-0.3714,-611.73,FVG,30m,holdout,0.675,2529
3.0,1.0,1647,0.427,-2.1703,-3574.54,FVG,30m,holdout,0.675,2529
4.0,0.083,1647,0.701,2.2954,3780.54,FVG,30m,holdout,0.675,2529
4.0,0.125,1647,0.627,2.3901,3936.51,FVG,30m,holdout,0.675,2529
4.0,0.167,1647,0.592,2.0577,3389.04,FVG,30m,holdout,0.675,2529
4.0,0.25,1647,0.547,1.3932,2294.62,FVG,30m,holdout,0.675,2529
4.0,0.5,1647,0.477,0.002,3.22,FVG,30m,holdout,0.675,2529
4.0,1.0,1647,0.415,-1.8853,-3105.03,FVG,30m,holdout,0.675,2529
5.0,0.083,1647,0.695,2.2734,3744.32,FVG,30m,holdout,0.675,2529
5.0,0.125,1647,0.614,2.4052,3961.44,FVG,30m,holdout,0.675,2529
5.0,0.167,1647,0.574,2.1145,3482.58,FVG,30m,holdout,0.675,2529
5.0,0.25,1647,0.522,1.4637,2410.77,FVG,30m,holdout,0.675,2529
5.0,0.5,1647,0.446,0.003,4.93,FVG,30m,holdout,0.675,2529
5.0,1.0,1647,0.379,-1.938,-3191.89,FVG,30m,holdout,0.675,2529
7.0,0.083,1647,0.693,2.3664,3897.48,FVG,30m,holdout,0.675,2529
7.0,0.125,1647,0.608,2.6188,4313.17,FVG,30m,holdout,0.675,2529
7.0,0.167,1647,0.564,2.4113,3971.4,FVG,30m,holdout,0.675,2529
7.0,0.25,1647,0.508,1.8434,3036.13,FVG,30m,holdout,0.675,2529
7.0,0.5,1647,0.419,0.5872,967.1,FVG,30m,holdout,0.675,2529
7.0,1.0,1647,0.342,-1.3568,-2234.67,FVG,30m,holdout,0.675,2529
10.0,0.083,1647,0.692,2.3634,3892.47,FVG,30m,holdout,0.675,2529
10.0,0.125,1647,0.602,2.6488,4362.58,FVG,30m,holdout,0.675,2529
10.0,0.167,1647,0.557,2.4609,4053.15,FVG,30m,holdout,0.675,2529
10.0,0.25,1647,0.494,1.8904,3113.54,FVG,30m,holdout,0.675,2529
10.0,0.5,1647,0.397,0.6845,1127.45,FVG,30m,holdout,0.675,2529
10.0,1.0,1647,0.304,-1.2168,-2004.08,FVG,30m,holdout,0.675,2529
2.0,0.083,1645,0.729,1.9514,3210.09,FVG,30m,holdout,0.7,2529
2.0,0.125,1645,0.676,1.6864,2774.21,FVG,30m,holdout,0.7,2529
2.0,0.167,1645,0.652,1.3537,2226.78,FVG,30m,holdout,0.7,2529
2.0,0.25,1645,0.615,0.7724,1270.57,FVG,30m,holdout,0.7,2529
2.0,0.5,1645,0.522,-0.534,-878.48,FVG,30m,holdout,0.7,2529
2.0,1.0,1645,0.392,-2.2607,-3718.78,FVG,30m,holdout,0.7,2529
3.0,0.083,1645,0.711,2.1484,3534.1,FVG,30m,holdout,0.7,2529
3.0,0.125,1645,0.646,2.0027,3294.52,FVG,30m,holdout,0.7,2529
3.0,0.167,1645,0.612,1.6326,2685.57,FVG,30m,holdout,0.7,2529
3.0,0.25,1645,0.573,0.945,1554.53,FVG,30m,holdout,0.7,2529
3.0,0.5,1645,0.502,-0.4374,-719.57,FVG,30m,holdout,0.7,2529
3.0,1.0,1645,0.43,-2.2295,-3667.45,FVG,30m,holdout,0.7,2529
4.0,0.083,1645,0.702,2.2928,3771.71,FVG,30m,holdout,0.7,2529
4.0,0.125,1645,0.627,2.3046,3791.02,FVG,30m,holdout,0.7,2529
4.0,0.167,1645,0.587,1.9659,3233.98,FVG,30m,holdout,0.7,2529
4.0,0.25,1645,0.543,1.2764,2099.61,FVG,30m,holdout,0.7,2529
4.0,0.5,1645,0.472,-0.1319,-216.92,FVG,30m,holdout,0.7,2529
4.0,1.0,1645,0.413,-2.0424,-3359.69,FVG,30m,holdout,0.7,2529
5.0,0.083,1645,0.694,2.2312,3670.4,FVG,30m,holdout,0.7,2529
5.0,0.125,1645,0.613,2.2865,3761.23,FVG,30m,holdout,0.7,2529
5.0,0.167,1645,0.569,2.0113,3308.54,FVG,30m,holdout,0.7,2529
5.0,0.25,1645,0.52,1.3617,2240.04,FVG,30m,holdout,0.7,2529
5.0,0.5,1645,0.441,-0.1109,-182.44,FVG,30m,holdout,0.7,2529
5.0,1.0,1645,0.378,-2.06,-3388.68,FVG,30m,holdout,0.7,2529
7.0,0.083,1645,0.692,2.3159,3809.7,FVG,30m,holdout,0.7,2529
7.0,0.125,1645,0.607,2.4927,4100.5,FVG,30m,holdout,0.7,2529
7.0,0.167,1645,0.558,2.2863,3760.94,FVG,30m,holdout,0.7,2529
7.0,0.25,1645,0.505,1.7044,2803.81,FVG,30m,holdout,0.7,2529
7.0,0.5,1645,0.414,0.4278,703.74,FVG,30m,holdout,0.7,2529
7.0,1.0,1645,0.34,-1.499,-2465.87,FVG,30m,holdout,0.7,2529
10.0,0.083,1645,0.691,2.312,3803.2,FVG,30m,holdout,0.7,2529
10.0,0.125,1645,0.601,2.5297,4161.31,FVG,30m,holdout,0.7,2529
10.0,0.167,1645,0.551,2.3613,3884.36,FVG,30m,holdout,0.7,2529
10.0,0.25,1645,0.492,1.8267,3004.88,FVG,30m,holdout,0.7,2529
10.0,0.5,1645,0.395,0.6577,1081.94,FVG,30m,holdout,0.7,2529
10.0,1.0,1645,0.305,-1.2233,-2012.34,FVG,30m,holdout,0.7,2529
2.0,0.083,1989,0.815,2.5783,5128.32,FVG,1h,train,0.3,3697
2.0,0.125,1989,0.771,3.1924,6349.62,FVG,1h,train,0.3,3697
2.0,0.167,1989,0.732,2.9369,5841.49,FVG,1h,train,0.3,3697
2.0,0.25,1989,0.684,2.4129,4799.27,FVG,1h,train,0.3,3697
2.0,0.5,1989,0.59,1.3545,2694.18,FVG,1h,train,0.3,3697
2.0,1.0,1989,0.493,-0.004,-7.91,FVG,1h,train,0.3,3697
3.0,0.083,1989,0.815,2.5783,5128.32,FVG,1h,train,0.3,3697
3.0,0.125,1989,0.763,3.5261,7013.39,FVG,1h,train,0.3,3697
3.0,0.167,1989,0.72,3.3391,6641.43,FVG,1h,train,0.3,3697
3.0,0.25,1989,0.669,2.8716,5711.58,FVG,1h,train,0.3,3697
3.0,0.5,1989,0.571,1.7888,3557.89,FVG,1h,train,0.3,3697
3.0,1.0,1989,0.481,0.3166,629.67,FVG,1h,train,0.3,3697
4.0,0.083,1989,0.815,2.5783,5128.32,FVG,1h,train,0.3,3697
4.0,0.125,1989,0.754,3.6121,7184.4,FVG,1h,train,0.3,3697
4.0,0.167,1989,0.708,3.5021,6965.69,FVG,1h,train,0.3,3697
4.0,0.25,1989,0.65,3.1028,6171.49,FVG,1h,train,0.3,3697
4.0,0.5,1989,0.543,2.0358,4049.28,FVG,1h,train,0.3,3697
4.0,1.0,1989,0.456,0.5124,1019.13,FVG,1h,train,0.3,3697
5.0,0.083,1989,0.815,2.5783,5128.32,FVG,1h,train,0.3,3697
5.0,0.125,1989,0.751,3.6854,7330.22,FVG,1h,train,0.3,3697
5.0,0.167,1989,0.703,3.6226,7205.42,FVG,1h,train,0.3,3697
5.0,0.25,1989,0.643,3.3336,6630.5,FVG,1h,train,0.3,3697
5.0,0.5,1989,0.531,2.3019,4578.44,FVG,1h,train,0.3,3697
5.0,1.0,1989,0.443,0.8064,1603.91,FVG,1h,train,0.3,3697
7.0,0.083,1989,0.815,2.5783,5128.32,FVG,1h,train,0.3,3697
7.0,0.125,1989,0.749,3.7194,7397.83,FVG,1h,train,0.3,3697
7.0,0.167,1989,0.699,3.7209,7400.97,FVG,1h,train,0.3,3697
7.0,0.25,1989,0.635,3.5144,6990.12,FVG,1h,train,0.3,3697
7.0,0.5,1989,0.521,2.6074,5186.1,FVG,1h,train,0.3,3697
7.0,1.0,1989,0.424,1.116,2219.68,FVG,1h,train,0.3,3697
10.0,0.083,1989,0.815,2.5783,5128.32,FVG,1h,train,0.3,3697
10.0,0.125,1989,0.747,3.6386,7237.23,FVG,1h,train,0.3,3697
10.0,0.167,1989,0.697,3.6757,7311.05,FVG,1h,train,0.3,3697
10.0,0.25,1989,0.63,3.515,6991.39,FVG,1h,train,0.3,3697
10.0,0.5,1989,0.508,2.5999,5171.12,FVG,1h,train,0.3,3697
10.0,1.0,1989,0.406,1.143,2273.42,FVG,1h,train,0.3,3697
2.0,0.083,1984,0.819,2.6002,5158.77,FVG,1h,train,0.325,3697
2.0,0.125,1984,0.776,3.2715,6490.6,FVG,1h,train,0.325,3697
2.0,0.167,1984,0.731,3.0327,6016.85,FVG,1h,train,0.325,3697
2.0,0.25,1984,0.688,2.4083,4778.13,FVG,1h,train,0.325,3697
2.0,0.5,1984,0.592,1.3889,2755.48,FVG,1h,train,0.325,3697
2.0,1.0,1984,0.492,0.0034,6.8,FVG,1h,train,0.325,3697
3.0,0.083,1984,0.819,2.6002,5158.77,FVG,1h,train,0.325,3697
3.0,0.125,1984,0.767,3.5939,7130.31,FVG,1h,train,0.325,3697
3.0,0.167,1984,0.719,3.4183,6781.98,FVG,1h,train,0.325,3697
3.0,0.25,1984,0.671,2.835,5624.61,FVG,1h,train,0.325,3697
3.0,0.5,1984,0.573,1.7839,3539.2,FVG,1h,train,0.325,3697
3.0,1.0,1984,0.482,0.2888,573.06,FVG,1h,train,0.325,3697
4.0,0.083,1984,0.819,2.6002,5158.77,FVG,1h,train,0.325,3697
4.0,0.125,1984,0.758,3.6937,7328.24,FVG,1h,train,0.325,3697
4.0,0.167,1984,0.707,3.5904,7123.42,FVG,1h,train,0.325,3697
4.0,0.25,1984,0.653,3.1012,6152.73,FVG,1h,train,0.325,3697
4.0,0.5,1984,0.546,2.084,4134.72,FVG,1h,train,0.325,3697
4.0,1.0,1984,0.458,0.5386,1068.67,FVG,1h,train,0.325,3697
5.0,0.083,1984,0.819,2.6002,5158.77,FVG,1h,train,0.325,3697
5.0,0.125,1984,0.754,3.7691,7477.8,FVG,1h,train,0.325,3697
5.0,0.167,1984,0.702,3.7184,7377.22,FVG,1h,train,0.325,3697
5.0,0.25,1984,0.644,3.3009,6549.05,FVG,1h,train,0.325,3697
5.0,0.5,1984,0.534,2.3284,4619.55,FVG,1h,train,0.325,3697
5.0,1.0,1984,0.445,0.7924,1572.14,FVG,1h,train,0.325,3697
7.0,0.083,1984,0.819,2.6002,5158.77,FVG,1h,train,0.325,3697
7.0,0.125,1984,0.752,3.8057,7550.53,FVG,1h,train,0.325,3697
7.0,0.167,1984,0.698,3.8214,7581.66,FVG,1h,train,0.325,3697
7.0,0.25,1984,0.638,3.4961,6936.27,FVG,1h,train,0.325,3697
7.0,0.5,1984,0.524,2.6358,5229.36,FVG,1h,train,0.325,3697
7.0,1.0,1984,0.425,1.1508,2283.17,FVG,1h,train,0.325,3697
10.0,0.083,1984,0.819,2.6002,5158.77,FVG,1h,train,0.325,3697
10.0,0.125,1984,0.75,3.7249,7390.23,FVG,1h,train,0.325,3697
10.0,0.167,1984,0.696,3.7775,7494.53,FVG,1h,train,0.325,3697
10.0,0.25,1984,0.632,3.4986,6941.2,FVG,1h,train,0.325,3697
10.0,0.5,1984,0.511,2.6212,5200.53,FVG,1h,train,0.325,3697
10.0,1.0,1984,0.406,1.1422,2266.05,FVG,1h,train,0.325,3697
2.0,0.083,1973,0.816,2.6072,5144.05,FVG,1h,train,0.35,3697
2.0,0.125,1973,0.776,3.303,6516.73,FVG,1h,train,0.35,3697
2.0,0.167,1973,0.739,3.0484,6014.57,FVG,1h,train,0.35,3697
2.0,0.25,1973,0.693,2.3603,4656.96,FVG,1h,train,0.35,3697
2.0,0.5,1973,0.596,1.3032,2571.25,FVG,1h,train,0.35,3697
2.0,1.0,1973,0.495,-0.0897,-177.03,FVG,1h,train,0.35,3697
3.0,0.083,1973,0.816,2.6072,5144.05,FVG,1h,train,0.35,3697
3.0,0.125,1973,0.764,3.5439,6992.2,FVG,1h,train,0.35,3697
3.0,0.167,1973,0.725,3.3939,6696.12,FVG,1h,train,0.35,3697
3.0,0.25,1973,0.675,2.7868,5498.42,FVG,1h,train,0.35,3697
3.0,0.5,1973,0.577,1.7363,3425.74,FVG,1h,train,0.35,3697
3.0,1.0,1973,0.486,0.2411,475.74,FVG,1h,train,0.35,3697
4.0,0.083,1973,0.816,2.6072,5144.05,FVG,1h,train,0.35,3697
4.0,0.125,1973,0.756,3.6584,7217.99,FVG,1h,train,0.35,3697
4.0,0.167,1973,0.713,3.5632,7030.19,FVG,1h,train,0.35,3697
4.0,0.25,1973,0.658,3.055,6027.61,FVG,1h,train,0.35,3697
4.0,0.5,1973,0.549,1.9824,3911.29,FVG,1h,train,0.35,3697
4.0,1.0,1973,0.462,0.4535,894.73,FVG,1h,train,0.35,3697
5.0,0.083,1973,0.816,2.6072,5144.05,FVG,1h,train,0.35,3697
5.0,0.125,1973,0.751,3.7306,7360.47,FVG,1h,train,0.35,3697
5.0,0.167,1973,0.707,3.6884,7277.3,FVG,1h,train,0.35,3697
5.0,0.25,1973,0.647,3.2456,6403.58,FVG,1h,train,0.35,3697
5.0,0.5,1973,0.535,2.2132,4366.62,FVG,1h,train,0.35,3697
5.0,1.0,1973,0.446,0.6327,1248.31,FVG,1h,train,0.35,3697
7.0,0.083,1973,0.816,2.6072,5144.05,FVG,1h,train,0.35,3697
7.0,0.125,1973,0.749,3.7676,7433.53,FVG,1h,train,0.35,3697
7.0,0.167,1973,0.703,3.7934,7484.35,FVG,1h,train,0.35,3697
7.0,0.25,1973,0.64,3.4449,6796.87,FVG,1h,train,0.35,3697
7.0,0.5,1973,0.525,2.5258,4983.47,FVG,1h,train,0.35,3697
7.0,1.0,1973,0.425,0.9997,1972.35,FVG,1h,train,0.35,3697
10.0,0.083,1973,0.816,2.6072,5144.05,FVG,1h,train,0.35,3697
10.0,0.125,1973,0.747,3.6865,7273.55,FVG,1h,train,0.35,3697
10.0,0.167,1973,0.7,3.7476,7393.92,FVG,1h,train,0.35,3697
10.0,0.25,1973,0.635,3.4458,6798.63,FVG,1h,train,0.35,3697
10.0,0.5,1973,0.512,2.5485,5028.27,FVG,1h,train,0.35,3697
10.0,1.0,1973,0.405,1.0276,2027.52,FVG,1h,train,0.35,3697
2.0,0.083,1972,0.813,2.5762,5080.22,FVG,1h,train,0.375,3697
2.0,0.125,1972,0.774,3.2059,6322.02,FVG,1h,train,0.375,3697
2.0,0.167,1972,0.734,2.9135,5745.43,FVG,1h,train,0.375,3697
2.0,0.25,1972,0.688,2.1925,4323.52,FVG,1h,train,0.375,3697
2.0,0.5,1972,0.59,1.1212,2211.1,FVG,1h,train,0.375,3697
2.0,1.0,1972,0.488,-0.3004,-592.43,FVG,1h,train,0.375,3697
3.0,0.083,1972,0.813,2.5762,5080.22,FVG,1h,train,0.375,3697
3.0,0.125,1972,0.763,3.4772,6857.12,FVG,1h,train,0.375,3697
3.0,0.167,1972,0.721,3.2928,6493.42,FVG,1h,train,0.375,3697
3.0,0.25,1972,0.671,2.6632,5251.88,FVG,1h,train,0.375,3697
3.0,0.5,1972,0.574,1.6025,3160.16,FVG,1h,train,0.375,3697
3.0,1.0,1972,0.484,0.1365,269.16,FVG,1h,train,0.375,3697
4.0,0.083,1972,0.813,2.5762,5080.22,FVG,1h,train,0.375,3697
4.0,0.125,1972,0.755,3.5778,7055.46,FVG,1h,train,0.375,3697
4.0,0.167,1972,0.708,3.4496,6802.65,FVG,1h,train,0.375,3697
4.0,0.25,1972,0.654,2.9153,5749.0,FVG,1h,train,0.375,3697
4.0,0.5,1972,0.545,1.8176,3584.32,FVG,1h,train,0.375,3697
4.0,1.0,1972,0.457,0.2446,482.38,FVG,1h,train,0.375,3697
5.0,0.083,1972,0.813,2.5762,5080.22,FVG,1h,train,0.375,3697
5.0,0.125,1972,0.751,3.6585,7214.54,FVG,1h,train,0.375,3697
5.0,0.167,1972,0.703,3.5867,7073.05,FVG,1h,train,0.375,3697
5.0,0.25,1972,0.643,3.1225,6157.5,FVG,1h,train,0.375,3697
5.0,0.5,1972,0.531,2.0862,4113.93,FVG,1h,train,0.375,3697
5.0,1.0,1972,0.442,0.4816,949.74,FVG,1h,train,0.375,3697
7.0,0.083,1972,0.813,2.5762,5080.22,FVG,1h,train,0.375,3697
7.0,0.125,1972,0.748,3.6881,7272.99,FVG,1h,train,0.375,3697
7.0,0.167,1972,0.698,3.6851,7266.92,FVG,1h,train,0.375,3697
7.0,0.25,1972,0.635,3.3191,6545.34,FVG,1h,train,0.375,3697
7.0,0.5,1972,0.52,2.3952,4723.32,FVG,1h,train,0.375,3697
7.0,1.0,1972,0.42,0.8534,1682.83,FVG,1h,train,0.375,3697
10.0,0.083,1972,0.813,2.5762,5080.22,FVG,1h,train,0.375,3697
10.0,0.125,1972,0.746,3.6091,7117.15,FVG,1h,train,0.375,3697
10.0,0.167,1972,0.696,3.6398,7177.71,FVG,1h,train,0.375,3697
10.0,0.25,1972,0.63,3.3191,6545.33,FVG,1h,train,0.375,3697
10.0,0.5,1972,0.507,2.4317,4795.3,FVG,1h,train,0.375,3697
10.0,1.0,1972,0.402,0.9241,1822.41,FVG,1h,train,0.375,3697
2.0,0.083,1967,0.813,2.5779,5070.7,FVG,1h,train,0.4,3697
2.0,0.125,1967,0.772,3.1753,6245.75,FVG,1h,train,0.4,3697
2.0,0.167,1967,0.729,2.8604,5626.32,FVG,1h,train,0.4,3697
2.0,0.25,1967,0.682,2.1795,4287.03,FVG,1h,train,0.4,3697
2.0,0.5,1967,0.585,1.1198,2202.61,FVG,1h,train,0.4,3697
2.0,1.0,1967,0.487,-0.3053,-600.5,FVG,1h,train,0.4,3697
3.0,0.083,1967,0.813,2.5779,5070.7,FVG,1h,train,0.4,3697
3.0,0.125,1967,0.761,3.4576,6801.09,FVG,1h,train,0.4,3697
3.0,0.167,1967,0.715,3.2557,6403.91,FVG,1h,train,0.4,3697
3.0,0.25,1967,0.666,2.6621,5236.32,FVG,1h,train,0.4,3697
3.0,0.5,1967,0.572,1.6108,3168.46,FVG,1h,train,0.4,3697
3.0,1.0,1967,0.489,0.1519,298.7,FVG,1h,train,0.4,3697
4.0,0.083,1967,0.813,2.5779,5070.7,FVG,1h,train,0.4,3697
4.0,0.125,1967,0.752,3.5422,6967.43,FVG,1h,train,0.4,3697
4.0,0.167,1967,0.702,3.4092,6705.94,FVG,1h,train,0.4,3697
4.0,0.25,1967,0.649,2.9146,5733.03,FVG,1h,train,0.4,3697
4.0,0.5,1967,0.543,1.841,3621.31,FVG,1h,train,0.4,3697
4.0,1.0,1967,0.461,0.2989,587.85,FVG,1h,train,0.4,3697
5.0,0.083,1967,0.813,2.5779,5070.7,FVG,1h,train,0.4,3697
5.0,0.125,1967,0.748,3.6265,7133.38,FVG,1h,train,0.4,3697
5.0,0.167,1967,0.696,3.5169,6917.78,FVG,1h,train,0.4,3697
5.0,0.25,1967,0.637,3.0754,6049.25,FVG,1h,train,0.4,3697
5.0,0.5,1967,0.526,2.0064,3946.51,FVG,1h,train,0.4,3697
5.0,1.0,1967,0.441,0.4111,808.64,FVG,1h,train,0.4,3697
7.0,0.083,1967,0.813,2.5779,5070.7,FVG,1h,train,0.4,3697
7.0,0.125,1967,0.746,3.6852,7248.82,FVG,1h,train,0.4,3697
7.0,0.167,1967,0.692,3.648,7175.62,FVG,1h,train,0.4,3697
7.0,0.25,1967,0.63,3.3163,6523.26,FVG,1h,train,0.4,3697
7.0,0.5,1967,0.516,2.3848,4690.93,FVG,1h,train,0.4,3697
7.0,1.0,1967,0.422,0.8681,1707.61,FVG,1h,train,0.4,3697
10.0,0.083,1967,0.813,2.5779,5070.7,FVG,1h,train,0.4,3697
10.0,0.125,1967,0.745,3.614,7108.83,FVG,1h,train,0.4,3697
10.0,0.167,1967,0.69,3.6144,7109.52,FVG,1h,train,0.4,3697
10.0,0.25,1967,0.625,3.3375,6564.91,FVG,1h,train,0.4,3697
10.0,0.5,1967,0.503,2.4459,4811.1,FVG,1h,train,0.4,3697
10.0,1.0,1967,0.404,0.9505,1869.66,FVG,1h,train,0.4,3697
2.0,0.083,1958,0.813,2.5905,5072.24,FVG,1h,train,0.425,3697
2.0,0.125,1958,0.766,3.0777,6026.22,FVG,1h,train,0.425,3697
2.0,0.167,1958,0.725,2.8116,5505.18,FVG,1h,train,0.425,3697
2.0,0.25,1958,0.682,2.2533,4412.04,FVG,1h,train,0.425,3697
2.0,0.5,1958,0.587,1.1176,2188.34,FVG,1h,train,0.425,3697
2.0,1.0,1958,0.49,-0.2797,-547.58,FVG,1h,train,0.425,3697
3.0,0.083,1958,0.813,2.5905,5072.24,FVG,1h,train,0.425,3697
3.0,0.125,1958,0.757,3.37,6598.45,FVG,1h,train,0.425,3697
3.0,0.167,1958,0.714,3.205,6275.41,FVG,1h,train,0.425,3697
3.0,0.25,1958,0.665,2.684,5255.33,FVG,1h,train,0.425,3697
3.0,0.5,1958,0.568,1.5376,3010.7,FVG,1h,train,0.425,3697
3.0,1.0,1958,0.489,0.0983,192.4,FVG,1h,train,0.425,3697
4.0,0.083,1958,0.813,2.5905,5072.24,FVG,1h,train,0.425,3697
4.0,0.125,1958,0.749,3.5274,6906.59,FVG,1h,train,0.425,3697
4.0,0.167,1958,0.702,3.4347,6725.19,FVG,1h,train,0.425,3697
4.0,0.25,1958,0.65,3.0239,5920.79,FVG,1h,train,0.425,3697
4.0,0.5,1958,0.544,1.8685,3658.59,FVG,1h,train,0.425,3697
4.0,1.0,1958,0.463,0.3494,684.1,FVG,1h,train,0.425,3697
5.0,0.083,1958,0.813,2.5905,5072.24,FVG,1h,train,0.425,3697
5.0,0.125,1958,0.744,3.6042,7057.04,FVG,1h,train,0.425,3697
5.0,0.167,1958,0.696,3.5506,6952.1,FVG,1h,train,0.425,3697
5.0,0.25,1958,0.637,3.1564,6180.15,FVG,1h,train,0.425,3697
5.0,0.5,1958,0.525,2.003,3921.94,FVG,1h,train,0.425,3697
5.0,1.0,1958,0.441,0.4468,874.88,FVG,1h,train,0.425,3697
7.0,0.083,1958,0.813,2.5905,5072.24,FVG,1h,train,0.425,3697
7.0,0.125,1958,0.742,3.657,7160.4,FVG,1h,train,0.425,3697
7.0,0.167,1958,0.692,3.663,7172.25,FVG,1h,train,0.425,3697
7.0,0.25,1958,0.63,3.3909,6639.44,FVG,1h,train,0.425,3697
7.0,0.5,1958,0.514,2.3918,4683.08,FVG,1h,train,0.425,3697
7.0,1.0,1958,0.423,0.9232,1807.63,FVG,1h,train,0.425,3697
10.0,0.083,1958,0.813,2.5905,5072.24,FVG,1h,train,0.425,3697
10.0,0.125,1958,0.741,3.5871,7023.57,FVG,1h,train,0.425,3697
10.0,0.167,1958,0.689,3.6317,7110.93,FVG,1h,train,0.425,3697
10.0,0.25,1958,0.625,3.4222,6700.68,FVG,1h,train,0.425,3697
10.0,0.5,1958,0.503,2.4613,4819.17,FVG,1h,train,0.425,3697
10.0,1.0,1958,0.404,0.9725,1904.24,FVG,1h,train,0.425,3697
2.0,0.083,1954,0.813,2.5931,5066.93,FVG,1h,train,0.45,3697
2.0,0.125,1954,0.772,3.0701,5998.88,FVG,1h,train,0.45,3697
2.0,0.167,1954,0.731,2.7974,5466.17,FVG,1h,train,0.45,3697
2.0,0.25,1954,0.683,2.1675,4235.23,FVG,1h,train,0.45,3697
2.0,0.5,1954,0.59,1.0819,2114.03,FVG,1h,train,0.45,3697
2.0,1.0,1954,0.493,-0.3389,-662.31,FVG,1h,train,0.45,3697
3.0,0.083,1954,0.813,2.5931,5066.93,FVG,1h,train,0.45,3697
3.0,0.125,1954,0.762,3.3585,6562.46,FVG,1h,train,0.45,3697
3.0,0.167,1954,0.718,3.1671,6188.58,FVG,1h,train,0.45,3697
3.0,0.25,1954,0.663,2.5745,5030.66,FVG,1h,train,0.45,3697
3.0,0.5,1954,0.568,1.4722,2876.72,FVG,1h,train,0.45,3697
3.0,1.0,1954,0.49,0.0219,42.86,FVG,1h,train,0.45,3697
4.0,0.083,1954,0.813,2.5931,5066.93,FVG,1h,train,0.45,3697
4.0,0.125,1954,0.754,3.5424,6921.89,FVG,1h,train,0.45,3697
4.0,0.167,1954,0.705,3.4233,6689.06,FVG,1h,train,0.45,3697
4.0,0.25,1954,0.648,2.9251,5715.72,FVG,1h,train,0.45,3697
4.0,0.5,1954,0.54,1.7745,3467.45,FVG,1h,train,0.45,3697
4.0,1.0,1954,0.463,0.2198,429.48,FVG,1h,train,0.45,3697
5.0,0.083,1954,0.813,2.5931,5066.93,FVG,1h,train,0.45,3697
5.0,0.125,1954,0.749,3.6006,7035.58,FVG,1h,train,0.45,3697
5.0,0.167,1954,0.699,3.5246,6887.07,FVG,1h,train,0.45,3697
5.0,0.25,1954,0.636,3.0563,5972.03,FVG,1h,train,0.45,3697
5.0,0.5,1954,0.523,1.9478,3806.1,FVG,1h,train,0.45,3697
5.0,1.0,1954,0.442,0.3494,682.74,FVG,1h,train,0.45,3697
7.0,0.083,1954,0.813,2.5931,5066.93,FVG,1h,train,0.45,3697
7.0,0.125,1954,0.747,3.6582,7148.14,FVG,1h,train,0.45,3697
7.0,0.167,1954,0.694,3.6406,7113.78,FVG,1h,train,0.45,3697
7.0,0.25,1954,0.627,3.2999,6447.98,FVG,1h,train,0.45,3697
7.0,0.5,1954,0.511,2.3118,4517.32,FVG,1h,train,0.45,3697
7.0,1.0,1954,0.423,0.8156,1593.77,FVG,1h,train,0.45,3697
10.0,0.083,1954,0.813,2.5931,5066.93,FVG,1h,train,0.45,3697
10.0,0.125,1954,0.745,3.5857,7006.53,FVG,1h,train,0.45,3697
10.0,0.167,1954,0.692,3.6065,7047.07,FVG,1h,train,0.45,3697
10.0,0.25,1954,0.622,3.3292,6505.23,FVG,1h,train,0.45,3697
10.0,0.5,1954,0.499,2.3955,4680.76,FVG,1h,train,0.45,3697
10.0,1.0,1954,0.405,0.9059,1770.14,FVG,1h,train,0.45,3697
2.0,0.083,1948,0.809,2.5543,4975.7,FVG,1h,train,0.475,3697
2.0,0.125,1948,0.771,3.0347,5911.53,FVG,1h,train,0.475,3697
2.0,0.167,1948,0.734,2.7633,5382.92,FVG,1h,train,0.475,3697
2.0,0.25,1948,0.682,2.1872,4260.71,FVG,1h,train,0.475,3697
2.0,0.5,1948,0.588,1.0755,2095.16,FVG,1h,train,0.475,3697
2.0,1.0,1948,0.49,-0.3902,-760.2,FVG,1h,train,0.475,3697
3.0,0.083,1948,0.809,2.5543,4975.7,FVG,1h,train,0.475,3697
3.0,0.125,1948,0.76,3.3366,6499.6,FVG,1h,train,0.475,3697
3.0,0.167,1948,0.723,3.1384,6113.65,FVG,1h,train,0.475,3697
3.0,0.25,1948,0.664,2.5823,5030.38,FVG,1h,train,0.475,3697
3.0,0.5,1948,0.568,1.459,2842.07,FVG,1h,train,0.475,3697
3.0,1.0,1948,0.487,-0.0033,-6.52,FVG,1h,train,0.475,3697
4.0,0.083,1948,0.809,2.5543,4975.7,FVG,1h,train,0.475,3697
4.0,0.125,1948,0.752,3.538,6891.99,FVG,1h,train,0.475,3697
4.0,0.167,1948,0.71,3.4108,6644.32,FVG,1h,train,0.475,3697
4.0,0.25,1948,0.647,2.9579,5761.96,FVG,1h,train,0.475,3697
4.0,0.5,1948,0.544,1.7848,3476.71,FVG,1h,train,0.475,3697
4.0,1.0,1948,0.464,0.2145,417.82,FVG,1h,train,0.475,3697
5.0,0.083,1948,0.809,2.5543,4975.7,FVG,1h,train,0.475,3697
5.0,0.125,1948,0.747,3.603,7018.71,FVG,1h,train,0.475,3697
5.0,0.167,1948,0.704,3.5269,6870.4,FVG,1h,train,0.475,3697
5.0,0.25,1948,0.634,3.1073,6053.08,FVG,1h,train,0.475,3697
5.0,0.5,1948,0.524,1.9685,3834.7,FVG,1h,train,0.475,3697
5.0,1.0,1948,0.443,0.3706,721.85,FVG,1h,train,0.475,3697
7.0,0.083,1948,0.809,2.5543,4975.7,FVG,1h,train,0.475,3697
7.0,0.125,1948,0.744,3.6654,7140.12,FVG,1h,train,0.475,3697
7.0,0.167,1948,0.699,3.6465,7103.3,FVG,1h,train,0.475,3697
7.0,0.25,1948,0.626,3.362,6549.14,FVG,1h,train,0.475,3697
7.0,0.5,1948,0.512,2.3304,4539.62,FVG,1h,train,0.475,3697
7.0,1.0,1948,0.424,0.8038,1565.81,FVG,1h,train,0.475,3697
10.0,0.083,1948,0.809,2.5543,4975.7,FVG,1h,train,0.475,3697
10.0,0.125,1948,0.743,3.5951,7003.19,FVG,1h,train,0.475,3697
10.0,0.167,1948,0.697,3.6164,7044.68,FVG,1h,train,0.475,3697
10.0,0.25,1948,0.62,3.3853,6594.6,FVG,1h,train,0.475,3697
10.0,0.5,1948,0.499,2.4487,4770.08,FVG,1h,train,0.475,3697
10.0,1.0,1948,0.403,0.9347,1820.77,FVG,1h,train,0.475,3697
2.0,0.083,1937,0.807,2.5064,4854.93,FVG,1h,train,0.5,3697
2.0,0.125,1937,0.767,2.9303,5675.96,FVG,1h,train,0.5,3697
2.0,0.167,1937,0.733,2.7189,5266.55,FVG,1h,train,0.5,3697
2.0,0.25,1937,0.686,2.2285,4316.6,FVG,1h,train,0.5,3697
2.0,0.5,1937,0.592,1.0702,2073.03,FVG,1h,train,0.5,3697
2.0,1.0,1937,0.487,-0.4065,-787.42,FVG,1h,train,0.5,3697
3.0,0.083,1937,0.807,2.5064,4854.93,FVG,1h,train,0.5,3697
3.0,0.125,1937,0.759,3.2764,6346.47,FVG,1h,train,0.5,3697
3.0,0.167,1937,0.724,3.1284,6059.77,FVG,1h,train,0.5,3697
3.0,0.25,1937,0.668,2.6279,5090.33,FVG,1h,train,0.5,3697
3.0,0.5,1937,0.57,1.4935,2892.84,FVG,1h,train,0.5,3697
3.0,1.0,1937,0.487,0.0097,18.81,FVG,1h,train,0.5,3697
4.0,0.083,1937,0.807,2.5064,4854.93,FVG,1h,train,0.5,3697
4.0,0.125,1937,0.75,3.469,6719.53,FVG,1h,train,0.5,3697
4.0,0.167,1937,0.713,3.4061,6597.65,FVG,1h,train,0.5,3697
4.0,0.25,1937,0.651,2.978,5768.37,FVG,1h,train,0.5,3697
4.0,0.5,1937,0.547,1.8089,3503.87,FVG,1h,train,0.5,3697
4.0,1.0,1937,0.466,0.2432,471.12,FVG,1h,train,0.5,3697
5.0,0.083,1937,0.807,2.5064,4854.93,FVG,1h,train,0.5,3697
5.0,0.125,1937,0.745,3.5499,6876.09,FVG,1h,train,0.5,3697
5.0,0.167,1937,0.706,3.5444,6865.46,FVG,1h,train,0.5,3697
5.0,0.25,1937,0.638,3.1666,6133.67,FVG,1h,train,0.5,3697
5.0,0.5,1937,0.526,2.0084,3890.25,FVG,1h,train,0.5,3697
5.0,1.0,1937,0.441,0.39,755.43,FVG,1h,train,0.5,3697
7.0,0.083,1937,0.807,2.5064,4854.93,FVG,1h,train,0.5,3697
7.0,0.125,1937,0.742,3.612,6996.41,FVG,1h,train,0.5,3697
7.0,0.167,1937,0.701,3.6692,7107.33,FVG,1h,train,0.5,3697
7.0,0.25,1937,0.629,3.4095,6604.27,FVG,1h,train,0.5,3697
7.0,0.5,1937,0.514,2.38,4610.15,FVG,1h,train,0.5,3697
7.0,1.0,1937,0.424,0.8638,1673.27,FVG,1h,train,0.5,3697
10.0,0.083,1937,0.807,2.5064,4854.93,FVG,1h,train,0.5,3697
10.0,0.125,1937,0.741,3.5434,6863.51,FVG,1h,train,0.5,3697
10.0,0.167,1937,0.699,3.6405,7051.64,FVG,1h,train,0.5,3697
10.0,0.25,1937,0.623,3.4384,6660.24,FVG,1h,train,0.5,3697
10.0,0.5,1937,0.501,2.5351,4910.52,FVG,1h,train,0.5,3697
10.0,1.0,1937,0.402,0.9828,1903.68,FVG,1h,train,0.5,3697
2.0,0.083,1927,0.813,2.5601,4933.27,FVG,1h,train,0.525,3697
2.0,0.125,1927,0.768,2.9202,5627.27,FVG,1h,train,0.525,3697
2.0,0.167,1927,0.732,2.6666,5138.47,FVG,1h,train,0.525,3697
2.0,0.25,1927,0.689,2.162,4166.25,FVG,1h,train,0.525,3697
2.0,0.5,1927,0.594,1.1219,2161.89,FVG,1h,train,0.525,3697
2.0,1.0,1927,0.484,-0.3913,-753.97,FVG,1h,train,0.525,3697
3.0,0.083,1927,0.813,2.5601,4933.27,FVG,1h,train,0.525,3697
3.0,0.125,1927,0.76,3.3028,6364.46,FVG,1h,train,0.525,3697
3.0,0.167,1927,0.723,3.1405,6051.8,FVG,1h,train,0.525,3697
3.0,0.25,1927,0.673,2.6402,5087.74,FVG,1h,train,0.525,3697
3.0,0.5,1927,0.572,1.5691,3023.71,FVG,1h,train,0.525,3697
3.0,1.0,1927,0.486,0.0151,29.07,FVG,1h,train,0.525,3697
4.0,0.083,1927,0.813,2.5601,4933.27,FVG,1h,train,0.525,3697
4.0,0.125,1927,0.752,3.5229,6788.59,FVG,1h,train,0.525,3697
4.0,0.167,1927,0.713,3.4377,6624.51,FVG,1h,train,0.525,3697
4.0,0.25,1927,0.657,3.0239,5827.03,FVG,1h,train,0.525,3697
4.0,0.5,1927,0.549,1.906,3672.88,FVG,1h,train,0.525,3697
4.0,1.0,1927,0.467,0.2857,550.46,FVG,1h,train,0.525,3697
5.0,0.083,1927,0.813,2.5601,4933.27,FVG,1h,train,0.525,3697
5.0,0.125,1927,0.747,3.6035,6943.95,FVG,1h,train,0.525,3697
5.0,0.167,1927,0.706,3.5654,6870.55,FVG,1h,train,0.525,3697
5.0,0.25,1927,0.645,3.225,6214.63,FVG,1h,train,0.525,3697
5.0,0.5,1927,0.528,2.1188,4082.9,FVG,1h,train,0.525,3697
5.0,1.0,1927,0.443,0.4362,840.57,FVG,1h,train,0.525,3697
7.0,0.083,1927,0.813,2.5601,4933.27,FVG,1h,train,0.525,3697
7.0,0.125,1927,0.744,3.6753,7082.33,FVG,1h,train,0.525,3697
7.0,0.167,1927,0.701,3.7109,7150.97,FVG,1h,train,0.525,3697
7.0,0.25,1927,0.635,3.4592,6665.95,FVG,1h,train,0.525,3697
7.0,0.5,1927,0.515,2.4923,4802.68,FVG,1h,train,0.525,3697
7.0,1.0,1927,0.424,0.9108,1755.03,FVG,1h,train,0.525,3697
10.0,0.083,1927,0.813,2.5601,4933.27,FVG,1h,train,0.525,3697
10.0,0.125,1927,0.743,3.6066,6949.95,FVG,1h,train,0.525,3697
10.0,0.167,1927,0.699,3.6929,7116.31,FVG,1h,train,0.525,3697
10.0,0.25,1927,0.629,3.5124,6768.32,FVG,1h,train,0.525,3697
10.0,0.5,1927,0.502,2.6485,5103.57,FVG,1h,train,0.525,3697
10.0,1.0,1927,0.402,1.0463,2016.27,FVG,1h,train,0.525,3697
2.0,0.083,1919,0.817,2.5923,4974.59,FVG,1h,train,0.55,3697
2.0,0.125,1919,0.768,2.8978,5560.93,FVG,1h,train,0.55,3697
2.0,0.167,1919,0.728,2.6171,5022.14,FVG,1h,train,0.55,3697
2.0,0.25,1919,0.687,2.0631,3959.08,FVG,1h,train,0.55,3697
2.0,0.5,1919,0.591,0.9989,1916.97,FVG,1h,train,0.55,3697
2.0,1.0,1919,0.482,-0.479,-919.11,FVG,1h,train,0.55,3697
3.0,0.083,1919,0.817,2.5923,4974.59,FVG,1h,train,0.55,3697
3.0,0.125,1919,0.761,3.3243,6379.4,FVG,1h,train,0.55,3697
3.0,0.167,1919,0.721,3.138,6021.79,FVG,1h,train,0.55,3697
3.0,0.25,1919,0.672,2.6034,4995.98,FVG,1h,train,0.55,3697
3.0,0.5,1919,0.572,1.4956,2870.09,FVG,1h,train,0.55,3697
3.0,1.0,1919,0.487,-0.0218,-41.86,FVG,1h,train,0.55,3697
4.0,0.083,1919,0.817,2.5923,4974.59,FVG,1h,train,0.55,3697
4.0,0.125,1919,0.753,3.5135,6742.35,FVG,1h,train,0.55,3697
4.0,0.167,1919,0.71,3.4012,6526.85,FVG,1h,train,0.55,3697
4.0,0.25,1919,0.657,2.9302,5622.98,FVG,1h,train,0.55,3697
4.0,0.5,1919,0.55,1.7994,3453.0,FVG,1h,train,0.55,3697
4.0,1.0,1919,0.467,0.1983,380.51,FVG,1h,train,0.55,3697
5.0,0.083,1919,0.817,2.5923,4974.59,FVG,1h,train,0.55,3697
5.0,0.125,1919,0.747,3.5989,6906.33,FVG,1h,train,0.55,3697
5.0,0.167,1919,0.703,3.5533,6818.78,FVG,1h,train,0.55,3697
5.0,0.25,1919,0.644,3.153,6050.68,FVG,1h,train,0.55,3697
5.0,0.5,1919,0.526,2.0108,3858.76,FVG,1h,train,0.55,3697
5.0,1.0,1919,0.443,0.3676,705.37,FVG,1h,train,0.55,3697
7.0,0.083,1919,0.817,2.5923,4974.59,FVG,1h,train,0.55,3697
7.0,0.125,1919,0.744,3.6669,7036.85,FVG,1h,train,0.55,3697
7.0,0.167,1919,0.697,3.6789,7059.85,FVG,1h,train,0.55,3697
7.0,0.25,1919,0.633,3.3579,6443.78,FVG,1h,train,0.55,3697
7.0,0.5,1919,0.511,2.2948,4403.73,FVG,1h,train,0.55,3697
7.0,1.0,1919,0.421,0.7307,1402.25,FVG,1h,train,0.55,3697
10.0,0.083,1919,0.817,2.5923,4974.59,FVG,1h,train,0.55,3697
10.0,0.125,1919,0.743,3.6035,6915.1,FVG,1h,train,0.55,3697
10.0,0.167,1919,0.695,3.6465,6997.55,FVG,1h,train,0.55,3697
10.0,0.25,1919,0.627,3.414,6551.37,FVG,1h,train,0.55,3697
10.0,0.5,1919,0.497,2.4937,4785.38,FVG,1h,train,0.55,3697
10.0,1.0,1919,0.398,0.9476,1818.5,FVG,1h,train,0.55,3697
2.0,0.083,1915,0.816,2.5788,4938.33,FVG,1h,train,0.575,3697
2.0,0.125,1915,0.766,2.8629,5482.52,FVG,1h,train,0.575,3697
2.0,0.167,1915,0.73,2.5412,4866.36,FVG,1h,train,0.575,3697
2.0,0.25,1915,0.687,2.0026,3835.03,FVG,1h,train,0.575,3697
2.0,0.5,1915,0.593,0.9816,1879.82,FVG,1h,train,0.575,3697
2.0,1.0,1915,0.486,-0.4888,-936.01,FVG,1h,train,0.575,3697
3.0,0.083,1915,0.816,2.5788,4938.33,FVG,1h,train,0.575,3697
3.0,0.125,1915,0.756,3.248,6219.88,FVG,1h,train,0.575,3697
3.0,0.167,1915,0.719,3.0017,5748.24,FVG,1h,train,0.575,3697
3.0,0.25,1915,0.669,2.4775,4744.46,FVG,1h,train,0.575,3697
3.0,0.5,1915,0.572,1.4169,2713.41,FVG,1h,train,0.575,3697
3.0,1.0,1915,0.485,-0.1021,-195.61,FVG,1h,train,0.575,3697
4.0,0.083,1915,0.816,2.5788,4938.33,FVG,1h,train,0.575,3697
4.0,0.125,1915,0.749,3.4655,6636.52,FVG,1h,train,0.575,3697
4.0,0.167,1915,0.71,3.2895,6299.4,FVG,1h,train,0.575,3697
4.0,0.25,1915,0.656,2.8299,5419.31,FVG,1h,train,0.575,3697
4.0,0.5,1915,0.553,1.7763,3401.64,FVG,1h,train,0.575,3697
4.0,1.0,1915,0.469,0.2091,400.4,FVG,1h,train,0.575,3697
5.0,0.083,1915,0.816,2.5788,4938.33,FVG,1h,train,0.575,3697
5.0,0.125,1915,0.743,3.5432,6785.21,FVG,1h,train,0.575,3697
5.0,0.167,1915,0.702,3.4308,6569.89,FVG,1h,train,0.575,3697
5.0,0.25,1915,0.641,3.0535,5847.51,FVG,1h,train,0.575,3697
5.0,0.5,1915,0.53,1.965,3762.91,FVG,1h,train,0.575,3697
5.0,1.0,1915,0.443,0.3231,618.69,FVG,1h,train,0.575,3697
7.0,0.083,1915,0.816,2.5788,4938.33,FVG,1h,train,0.575,3697
7.0,0.125,1915,0.739,3.6104,6913.95,FVG,1h,train,0.575,3697
7.0,0.167,1915,0.695,3.565,6826.98,FVG,1h,train,0.575,3697
7.0,0.25,1915,0.63,3.2663,6254.98,FVG,1h,train,0.575,3697
7.0,0.5,1915,0.513,2.2471,4303.22,FVG,1h,train,0.575,3697
7.0,1.0,1915,0.42,0.6508,1246.19,FVG,1h,train,0.575,3697
10.0,0.083,1915,0.816,2.5788,4938.33,FVG,1h,train,0.575,3697
10.0,0.125,1915,0.737,3.5456,6789.9,FVG,1h,train,0.575,3697
10.0,0.167,1915,0.693,3.5314,6762.61,FVG,1h,train,0.575,3697
10.0,0.25,1915,0.625,3.3323,6381.37,FVG,1h,train,0.575,3697
10.0,0.5,1915,0.5,2.4781,4745.48,FVG,1h,train,0.575,3697
10.0,1.0,1915,0.399,0.9659,1849.72,FVG,1h,train,0.575,3697
2.0,0.083,1916,0.818,2.5707,4925.55,FVG,1h,train,0.6,3697
2.0,0.125,1916,0.768,2.9155,5586.04,FVG,1h,train,0.6,3697
2.0,0.167,1916,0.727,2.5596,4904.1,FVG,1h,train,0.6,3697
2.0,0.25,1916,0.685,2.0123,3855.5,FVG,1h,train,0.6,3697
2.0,0.5,1916,0.592,0.9724,1863.09,FVG,1h,train,0.6,3697
2.0,1.0,1916,0.474,-0.5495,-1052.87,FVG,1h,train,0.6,3697
3.0,0.083,1916,0.818,2.5707,4925.55,FVG,1h,train,0.6,3697
3.0,0.125,1916,0.759,3.2757,6276.24,FVG,1h,train,0.6,3697
3.0,0.167,1916,0.718,3.0013,5750.49,FVG,1h,train,0.6,3697
3.0,0.25,1916,0.668,2.459,4711.46,FVG,1h,train,0.6,3697
3.0,0.5,1916,0.573,1.3892,2661.8,FVG,1h,train,0.6,3697
3.0,1.0,1916,0.482,-0.1708,-327.31,FVG,1h,train,0.6,3697
4.0,0.083,1916,0.818,2.5707,4925.55,FVG,1h,train,0.6,3697
4.0,0.125,1916,0.752,3.4845,6676.32,FVG,1h,train,0.6,3697
4.0,0.167,1916,0.709,3.2603,6246.7,FVG,1h,train,0.6,3697
4.0,0.25,1916,0.654,2.7815,5329.37,FVG,1h,train,0.6,3697
4.0,0.5,1916,0.552,1.7153,3286.42,FVG,1h,train,0.6,3697
4.0,1.0,1916,0.467,0.128,245.33,FVG,1h,train,0.6,3697
5.0,0.083,1916,0.818,2.5707,4925.55,FVG,1h,train,0.6,3697
5.0,0.125,1916,0.745,3.5671,6834.59,FVG,1h,train,0.6,3697
5.0,0.167,1916,0.7,3.4288,6569.6,FVG,1h,train,0.6,3697
5.0,0.25,1916,0.64,3.0441,5832.49,FVG,1h,train,0.6,3697
5.0,0.5,1916,0.529,1.9461,3728.75,FVG,1h,train,0.6,3697
5.0,1.0,1916,0.444,0.3186,610.49,FVG,1h,train,0.6,3697
7.0,0.083,1916,0.818,2.5707,4925.55,FVG,1h,train,0.6,3697
7.0,0.125,1916,0.741,3.6287,6952.58,FVG,1h,train,0.6,3697
7.0,0.167,1916,0.694,3.5451,6792.47,FVG,1h,train,0.6,3697
7.0,0.25,1916,0.628,3.2401,6208.05,FVG,1h,train,0.6,3697
7.0,0.5,1916,0.51,2.1879,4192.1,FVG,1h,train,0.6,3697
7.0,1.0,1916,0.416,0.553,1059.55,FVG,1h,train,0.6,3697
10.0,0.083,1916,0.818,2.5707,4925.55,FVG,1h,train,0.6,3697
10.0,0.125,1916,0.74,3.5914,6881.12,FVG,1h,train,0.6,3697
10.0,0.167,1916,0.692,3.5413,6785.15,FVG,1h,train,0.6,3697
10.0,0.25,1916,0.623,3.3199,6360.86,FVG,1h,train,0.6,3697
10.0,0.5,1916,0.497,2.4122,4621.69,FVG,1h,train,0.6,3697
10.0,1.0,1916,0.397,0.9076,1738.96,FVG,1h,train,0.6,3697
2.0,0.083,1915,0.819,2.5968,4972.86,FVG,1h,train,0.625,3697
2.0,0.125,1915,0.771,2.9238,5599.03,FVG,1h,train,0.625,3697
2.0,0.167,1915,0.732,2.5817,4944.05,FVG,1h,train,0.625,3697
2.0,0.25,1915,0.688,2.0011,3832.12,FVG,1h,train,0.625,3697
2.0,0.5,1915,0.595,0.9026,1728.49,FVG,1h,train,0.625,3697
2.0,1.0,1915,0.475,-0.6022,-1153.2,FVG,1h,train,0.625,3697
3.0,0.083,1915,0.819,2.5968,4972.86,FVG,1h,train,0.625,3697
3.0,0.125,1915,0.76,3.2412,6206.88,FVG,1h,train,0.625,3697
3.0,0.167,1915,0.72,2.9626,5673.44,FVG,1h,train,0.625,3697
3.0,0.25,1915,0.668,2.3913,4579.4,FVG,1h,train,0.625,3697
3.0,0.5,1915,0.573,1.2402,2375.04,FVG,1h,train,0.625,3697
3.0,1.0,1915,0.479,-0.3059,-585.84,FVG,1h,train,0.625,3697
4.0,0.083,1915,0.819,2.5968,4972.86,FVG,1h,train,0.625,3697
4.0,0.125,1915,0.752,3.4848,6673.35,FVG,1h,train,0.625,3697
4.0,0.167,1915,0.711,3.2608,6244.35,FVG,1h,train,0.625,3697
4.0,0.25,1915,0.654,2.7734,5311.1,FVG,1h,train,0.625,3697
4.0,0.5,1915,0.556,1.5928,3050.2,FVG,1h,train,0.625,3697
4.0,1.0,1915,0.468,-0.0053,-10.2,FVG,1h,train,0.625,3697
5.0,0.083,1915,0.819,2.5968,4972.86,FVG,1h,train,0.625,3697
5.0,0.125,1915,0.746,3.5758,6847.61,FVG,1h,train,0.625,3697
5.0,0.167,1915,0.703,3.4348,6577.55,FVG,1h,train,0.625,3697
5.0,0.25,1915,0.642,3.0269,5796.48,FVG,1h,train,0.625,3697
5.0,0.5,1915,0.533,1.8469,3536.9,FVG,1h,train,0.625,3697
5.0,1.0,1915,0.445,0.2075,397.3,FVG,1h,train,0.625,3697
7.0,0.083,1915,0.819,2.5968,4972.86,FVG,1h,train,0.625,3697
7.0,0.125,1915,0.742,3.6297,6950.91,FVG,1h,train,0.625,3697
7.0,0.167,1915,0.696,3.547,6792.45,FVG,1h,train,0.625,3697
7.0,0.25,1915,0.628,3.2393,6203.29,FVG,1h,train,0.625,3697
7.0,0.5,1915,0.514,2.0908,4003.8,FVG,1h,train,0.625,3697
7.0,1.0,1915,0.418,0.4714,902.76,FVG,1h,train,0.625,3697
10.0,0.083,1915,0.819,2.5968,4972.86,FVG,1h,train,0.625,3697
10.0,0.125,1915,0.74,3.5985,6891.16,FVG,1h,train,0.625,3697
10.0,0.167,1915,0.694,3.5504,6799.0,FVG,1h,train,0.625,3697
10.0,0.25,1915,0.622,3.2985,6316.71,FVG,1h,train,0.625,3697
10.0,0.5,1915,0.5,2.2713,4349.53,FVG,1h,train,0.625,3697
10.0,1.0,1915,0.396,0.7468,1430.04,FVG,1h,train,0.625,3697
2.0,0.083,1911,0.825,2.6696,5101.55,FVG,1h,train,0.65,3697
2.0,0.125,1911,0.774,2.9037,5549.06,FVG,1h,train,0.65,3697
2.0,0.167,1911,0.732,2.5691,4909.56,FVG,1h,train,0.65,3697
2.0,0.25,1911,0.687,1.9868,3796.74,FVG,1h,train,0.65,3697
2.0,0.5,1911,0.594,0.8664,1655.71,FVG,1h,train,0.65,3697
2.0,1.0,1911,0.474,-0.636,-1215.32,FVG,1h,train,0.65,3697
3.0,0.083,1911,0.825,2.6696,5101.55,FVG,1h,train,0.65,3697
3.0,0.125,1911,0.762,3.2305,6173.57,FVG,1h,train,0.65,3697
3.0,0.167,1911,0.722,2.9562,5649.26,FVG,1h,train,0.65,3697
3.0,0.25,1911,0.671,2.3742,4537.17,FVG,1h,train,0.65,3697
3.0,0.5,1911,0.577,1.1919,2277.66,FVG,1h,train,0.65,3697
3.0,1.0,1911,0.482,-0.3518,-672.35,FVG,1h,train,0.65,3697
4.0,0.083,1911,0.825,2.6696,5101.55,FVG,1h,train,0.65,3697
4.0,0.125,1911,0.754,3.4638,6619.34,FVG,1h,train,0.65,3697
4.0,0.167,1911,0.711,3.2335,6179.27,FVG,1h,train,0.65,3697
4.0,0.25,1911,0.655,2.7072,5173.41,FVG,1h,train,0.65,3697
4.0,0.5,1911,0.558,1.5082,2882.25,FVG,1h,train,0.65,3697
4.0,1.0,1911,0.469,-0.0812,-155.14,FVG,1h,train,0.65,3697
5.0,0.083,1911,0.825,2.6696,5101.55,FVG,1h,train,0.65,3697
5.0,0.125,1911,0.749,3.5681,6818.72,FVG,1h,train,0.65,3697
5.0,0.167,1911,0.704,3.4076,6511.97,FVG,1h,train,0.65,3697
5.0,0.25,1911,0.643,2.9583,5653.33,FVG,1h,train,0.65,3697
5.0,0.5,1911,0.536,1.749,3342.41,FVG,1h,train,0.65,3697
5.0,1.0,1911,0.448,0.1047,200.12,FVG,1h,train,0.65,3697
7.0,0.083,1911,0.825,2.6696,5101.55,FVG,1h,train,0.65,3697
7.0,0.125,1911,0.744,3.6278,6932.76,FVG,1h,train,0.65,3697
7.0,0.167,1911,0.696,3.55,6784.08,FVG,1h,train,0.65,3697
7.0,0.25,1911,0.63,3.2102,6134.74,FVG,1h,train,0.65,3697
7.0,0.5,1911,0.516,2.0161,3852.86,FVG,1h,train,0.65,3697
7.0,1.0,1911,0.419,0.3737,714.12,FVG,1h,train,0.65,3697
10.0,0.083,1911,0.825,2.6696,5101.55,FVG,1h,train,0.65,3697
10.0,0.125,1911,0.744,3.7397,7146.51,FVG,1h,train,0.65,3697
10.0,0.167,1911,0.695,3.6803,7033.11,FVG,1h,train,0.65,3697
10.0,0.25,1911,0.624,3.4002,6497.81,FVG,1h,train,0.65,3697
10.0,0.5,1911,0.503,2.3642,4518.07,FVG,1h,train,0.65,3697
10.0,1.0,1911,0.398,0.7999,1528.58,FVG,1h,train,0.65,3697
2.0,0.083,1901,0.82,2.6573,5051.52,FVG,1h,train,0.675,3697
2.0,0.125,1901,0.77,2.8033,5328.99,FVG,1h,train,0.675,3697
2.0,0.167,1901,0.725,2.4813,4716.97,FVG,1h,train,0.675,3697
2.0,0.25,1901,0.684,2.0002,3802.35,FVG,1h,train,0.675,3697
2.0,0.5,1901,0.592,0.8426,1601.83,FVG,1h,train,0.675,3697
2.0,1.0,1901,0.47,-0.6502,-1236.01,FVG,1h,train,0.675,3697
3.0,0.083,1901,0.82,2.6573,5051.52,FVG,1h,train,0.675,3697
3.0,0.125,1901,0.757,3.1512,5990.42,FVG,1h,train,0.675,3697
3.0,0.167,1901,0.717,2.8882,5490.42,FVG,1h,train,0.675,3697
3.0,0.25,1901,0.668,2.3671,4499.81,FVG,1h,train,0.675,3697
3.0,0.5,1901,0.576,1.1434,2173.53,FVG,1h,train,0.675,3697
3.0,1.0,1901,0.483,-0.3995,-759.36,FVG,1h,train,0.675,3697
4.0,0.083,1901,0.82,2.6573,5051.52,FVG,1h,train,0.675,3697
4.0,0.125,1901,0.751,3.4271,6514.98,FVG,1h,train,0.675,3697
4.0,0.167,1901,0.707,3.2008,6084.78,FVG,1h,train,0.675,3697
4.0,0.25,1901,0.651,2.6977,5128.26,FVG,1h,train,0.675,3697
4.0,0.5,1901,0.558,1.4605,2776.37,FVG,1h,train,0.675,3697
4.0,1.0,1901,0.47,-0.1313,-249.55,FVG,1h,train,0.675,3697
5.0,0.083,1901,0.82,2.6573,5051.52,FVG,1h,train,0.675,3697
5.0,0.125,1901,0.745,3.4999,6653.31,FVG,1h,train,0.675,3697
5.0,0.167,1901,0.7,3.3412,6351.66,FVG,1h,train,0.675,3697
5.0,0.25,1901,0.638,2.9163,5543.86,FVG,1h,train,0.675,3697
5.0,0.5,1901,0.536,1.703,3237.42,FVG,1h,train,0.675,3697
5.0,1.0,1901,0.45,0.0891,169.44,FVG,1h,train,0.675,3697
7.0,0.083,1901,0.82,2.6573,5051.52,FVG,1h,train,0.675,3697
7.0,0.125,1901,0.74,3.5402,6729.96,FVG,1h,train,0.675,3697
7.0,0.167,1901,0.691,3.4604,6578.29,FVG,1h,train,0.675,3697
7.0,0.25,1901,0.624,3.1329,5955.57,FVG,1h,train,0.675,3697
7.0,0.5,1901,0.516,1.919,3648.08,FVG,1h,train,0.675,3697
7.0,1.0,1901,0.422,0.3169,602.45,FVG,1h,train,0.675,3697
10.0,0.083,1901,0.82,2.6573,5051.52,FVG,1h,train,0.675,3697
10.0,0.125,1901,0.739,3.6549,6948.01,FVG,1h,train,0.675,3697
10.0,0.167,1901,0.69,3.5959,6835.8,FVG,1h,train,0.675,3697
10.0,0.25,1901,0.617,3.3333,6336.58,FVG,1h,train,0.675,3697
10.0,0.5,1901,0.501,2.2809,4336.0,FVG,1h,train,0.675,3697
10.0,1.0,1901,0.4,0.7868,1495.76,FVG,1h,train,0.675,3697
2.0,0.083,1881,0.822,2.6718,5025.68,FVG,1h,train,0.7,3697
2.0,0.125,1881,0.771,2.8363,5335.0,FVG,1h,train,0.7,3697
2.0,0.167,1881,0.726,2.4891,4682.0,FVG,1h,train,0.7,3697
2.0,0.25,1881,0.685,1.9554,3678.13,FVG,1h,train,0.7,3697
2.0,0.5,1881,0.592,0.7672,1443.04,FVG,1h,train,0.7,3697
2.0,1.0,1881,0.471,-0.6803,-1279.69,FVG,1h,train,0.7,3697
3.0,0.083,1881,0.822,2.6718,5025.68,FVG,1h,train,0.7,3697
3.0,0.125,1881,0.759,3.1946,6009.13,FVG,1h,train,0.7,3697
3.0,0.167,1881,0.716,2.8933,5442.35,FVG,1h,train,0.7,3697
3.0,0.25,1881,0.669,2.3154,4355.26,FVG,1h,train,0.7,3697
3.0,0.5,1881,0.575,1.041,1958.07,FVG,1h,train,0.7,3697
3.0,1.0,1881,0.482,-0.4445,-836.12,FVG,1h,train,0.7,3697
4.0,0.083,1881,0.822,2.6718,5025.68,FVG,1h,train,0.7,3697
4.0,0.125,1881,0.751,3.4409,6472.32,FVG,1h,train,0.7,3697
4.0,0.167,1881,0.705,3.197,6013.55,FVG,1h,train,0.7,3697
4.0,0.25,1881,0.653,2.6647,5012.34,FVG,1h,train,0.7,3697
4.0,0.5,1881,0.558,1.4097,2651.66,FVG,1h,train,0.7,3697
4.0,1.0,1881,0.473,-0.1286,-241.91,FVG,1h,train,0.7,3697
5.0,0.083,1881,0.822,2.6718,5025.68,FVG,1h,train,0.7,3697
5.0,0.125,1881,0.745,3.5792,6732.44,FVG,1h,train,0.7,3697
5.0,0.167,1881,0.698,3.3655,6330.51,FVG,1h,train,0.7,3697
5.0,0.25,1881,0.641,2.894,5443.56,FVG,1h,train,0.7,3697
5.0,0.5,1881,0.537,1.639,3083.01,FVG,1h,train,0.7,3697
5.0,1.0,1881,0.453,0.0532,100.06,FVG,1h,train,0.7,3697
7.0,0.083,1881,0.822,2.6718,5025.68,FVG,1h,train,0.7,3697
7.0,0.125,1881,0.74,3.6183,6806.07,FVG,1h,train,0.7,3697
7.0,0.167,1881,0.688,3.479,6543.99,FVG,1h,train,0.7,3697
7.0,0.25,1881,0.627,3.1103,5850.56,FVG,1h,train,0.7,3697
7.0,0.5,1881,0.516,1.841,3462.86,FVG,1h,train,0.7,3697
7.0,1.0,1881,0.425,0.2687,505.44,FVG,1h,train,0.7,3697
10.0,0.083,1881,0.822,2.6718,5025.68,FVG,1h,train,0.7,3697
10.0,0.125,1881,0.739,3.7378,7030.82,FVG,1h,train,0.7,3697
10.0,0.167,1881,0.687,3.6256,6819.84,FVG,1h,train,0.7,3697
10.0,0.25,1881,0.62,3.3396,6281.85,FVG,1h,train,0.7,3697
10.0,0.5,1881,0.501,2.2277,4190.26,FVG,1h,train,0.7,3697
10.0,1.0,1881,0.402,0.7622,1433.62,FVG,1h,train,0.7,3697
2.0,0.083,850,0.786,2.8131,2391.12,FVG,1h,validation,0.3,1302
2.0,0.125,850,0.726,2.8731,2442.17,FVG,1h,validation,0.3,1302
2.0,0.167,850,0.704,2.5669,2181.86,FVG,1h,validation,0.3,1302
2.0,0.25,850,0.664,2.208,1876.79,FVG,1h,validation,0.3,1302
2.0,0.5,850,0.588,0.8595,730.58,FVG,1h,validation,0.3,1302
2.0,1.0,850,0.519,-0.5826,-495.21,FVG,1h,validation,0.3,1302
3.0,0.083,850,0.786,2.8131,2391.12,FVG,1h,validation,0.3,1302
3.0,0.125,850,0.712,3.0994,2634.49,FVG,1h,validation,0.3,1302
3.0,0.167,850,0.682,2.8677,2437.56,FVG,1h,validation,0.3,1302
3.0,0.25,850,0.632,2.3605,2006.39,FVG,1h,validation,0.3,1302
3.0,0.5,850,0.559,0.7606,646.5,FVG,1h,validation,0.3,1302
3.0,1.0,850,0.499,-0.7685,-653.23,FVG,1h,validation,0.3,1302
4.0,0.083,850,0.786,2.8131,2391.12,FVG,1h,validation,0.3,1302
4.0,0.125,850,0.711,3.3491,2846.75,FVG,1h,validation,0.3,1302
4.0,0.167,850,0.679,3.2296,2745.12,FVG,1h,validation,0.3,1302
4.0,0.25,850,0.627,2.75,2337.49,FVG,1h,validation,0.3,1302
4.0,0.5,850,0.545,1.1498,977.36,FVG,1h,validation,0.3,1302
4.0,1.0,850,0.478,-0.3154,-268.07,FVG,1h,validation,0.3,1302
5.0,0.083,850,0.786,2.8131,2391.12,FVG,1h,validation,0.3,1302
5.0,0.125,850,0.704,3.4613,2942.14,FVG,1h,validation,0.3,1302
5.0,0.167,850,0.668,3.3395,2838.56,FVG,1h,validation,0.3,1302
5.0,0.25,850,0.614,2.8879,2454.73,FVG,1h,validation,0.3,1302
5.0,0.5,850,0.518,1.2806,1088.55,FVG,1h,validation,0.3,1302
5.0,1.0,850,0.452,-0.3476,-295.42,FVG,1h,validation,0.3,1302
7.0,0.083,850,0.786,2.8131,2391.12,FVG,1h,validation,0.3,1302
7.0,0.125,850,0.696,3.4253,2911.48,FVG,1h,validation,0.3,1302
7.0,0.167,850,0.658,3.2942,2800.11,FVG,1h,validation,0.3,1302
7.0,0.25,850,0.599,2.8359,2410.52,FVG,1h,validation,0.3,1302
7.0,0.5,850,0.498,1.2843,1091.66,FVG,1h,validation,0.3,1302
7.0,1.0,850,0.425,-0.3873,-329.24,FVG,1h,validation,0.3,1302
10.0,0.083,850,0.786,2.8131,2391.12,FVG,1h,validation,0.3,1302
10.0,0.125,850,0.691,3.4105,2898.94,FVG,1h,validation,0.3,1302
10.0,0.167,850,0.649,3.3238,2825.27,FVG,1h,validation,0.3,1302
10.0,0.25,850,0.585,2.8259,2402.05,FVG,1h,validation,0.3,1302
10.0,0.5,850,0.469,1.1964,1016.95,FVG,1h,validation,0.3,1302
10.0,1.0,850,0.387,-0.5695,-484.06,FVG,1h,validation,0.3,1302
2.0,0.083,842,0.778,2.6634,2242.57,FVG,1h,validation,0.325,1302
2.0,0.125,842,0.723,2.7275,2296.55,FVG,1h,validation,0.325,1302
2.0,0.167,842,0.696,2.4723,2081.7,FVG,1h,validation,0.325,1302
2.0,0.25,842,0.657,2.0877,1757.85,FVG,1h,validation,0.325,1302
2.0,0.5,842,0.586,0.8972,755.43,FVG,1h,validation,0.325,1302
2.0,1.0,842,0.514,-0.6176,-520.04,FVG,1h,validation,0.325,1302
3.0,0.083,842,0.778,2.6634,2242.57,FVG,1h,validation,0.325,1302
3.0,0.125,842,0.708,2.9827,2511.42,FVG,1h,validation,0.325,1302
3.0,0.167,842,0.673,2.7871,2346.77,FVG,1h,validation,0.325,1302
3.0,0.25,842,0.626,2.2851,1924.03,FVG,1h,validation,0.325,1302
3.0,0.5,842,0.558,0.8837,744.05,FVG,1h,validation,0.325,1302
3.0,1.0,842,0.495,-0.7409,-623.84,FVG,1h,validation,0.325,1302
4.0,0.083,842,0.778,2.6634,2242.57,FVG,1h,validation,0.325,1302
4.0,0.125,842,0.707,3.2567,2742.1,FVG,1h,validation,0.325,1302
4.0,0.167,842,0.67,3.1919,2687.62,FVG,1h,validation,0.325,1302
4.0,0.25,842,0.621,2.818,2372.8,FVG,1h,validation,0.325,1302
4.0,0.5,842,0.543,1.3677,1151.56,FVG,1h,validation,0.325,1302
4.0,1.0,842,0.475,-0.2308,-194.35,FVG,1h,validation,0.325,1302
5.0,0.083,842,0.778,2.6634,2242.57,FVG,1h,validation,0.325,1302
5.0,0.125,842,0.701,3.3837,2849.04,FVG,1h,validation,0.325,1302
5.0,0.167,842,0.66,3.3102,2787.18,FVG,1h,validation,0.325,1302
5.0,0.25,842,0.61,2.9944,2521.26,FVG,1h,validation,0.325,1302
5.0,0.5,842,0.518,1.5932,1341.43,FVG,1h,validation,0.325,1302
5.0,1.0,842,0.456,-0.1365,-114.9,FVG,1h,validation,0.325,1302
7.0,0.083,842,0.778,2.6634,2242.57,FVG,1h,validation,0.325,1302
7.0,0.125,842,0.692,3.3191,2794.68,FVG,1h,validation,0.325,1302
7.0,0.167,842,0.648,3.2329,2722.13,FVG,1h,validation,0.325,1302
7.0,0.25,842,0.595,2.8705,2416.97,FVG,1h,validation,0.325,1302
7.0,0.5,842,0.499,1.5724,1323.99,FVG,1h,validation,0.325,1302
7.0,1.0,842,0.429,-0.1991,-167.61,FVG,1h,validation,0.325,1302
10.0,0.083,842,0.778,2.6634,2242.57,FVG,1h,validation,0.325,1302
10.0,0.125,842,0.686,3.3011,2779.55,FVG,1h,validation,0.325,1302
10.0,0.167,842,0.64,3.2583,2743.46,FVG,1h,validation,0.325,1302
10.0,0.25,842,0.58,2.8559,2404.65,FVG,1h,validation,0.325,1302
10.0,0.5,842,0.468,1.4756,1242.48,FVG,1h,validation,0.325,1302
10.0,1.0,842,0.39,-0.3764,-316.95,FVG,1h,validation,0.325,1302
2.0,0.083,838,0.778,2.6906,2254.74,FVG,1h,validation,0.35,1302
2.0,0.125,838,0.722,2.7125,2273.1,FVG,1h,validation,0.35,1302
2.0,0.167,838,0.702,2.4902,2086.77,FVG,1h,validation,0.35,1302
2.0,0.25,838,0.663,2.1201,1776.66,FVG,1h,validation,0.35,1302
2.0,0.5,838,0.594,0.9957,834.39,FVG,1h,validation,0.35,1302
2.0,1.0,838,0.511,-0.5725,-479.79,FVG,1h,validation,0.35,1302
3.0,0.083,838,0.778,2.6906,2254.74,FVG,1h,validation,0.35,1302
3.0,0.125,838,0.702,2.8454,2384.45,FVG,1h,validation,0.35,1302
3.0,0.167,838,0.675,2.6869,2251.59,FVG,1h,validation,0.35,1302
3.0,0.25,838,0.63,2.2255,1864.96,FVG,1h,validation,0.35,1302
3.0,0.5,838,0.563,0.9532,798.8,FVG,1h,validation,0.35,1302
3.0,1.0,838,0.495,-0.6605,-553.48,FVG,1h,validation,0.35,1302
4.0,0.083,838,0.778,2.6906,2254.74,FVG,1h,validation,0.35,1302
4.0,0.125,838,0.699,3.1155,2610.82,FVG,1h,validation,0.35,1302
4.0,0.167,838,0.669,3.0841,2584.46,FVG,1h,validation,0.35,1302
4.0,0.25,838,0.622,2.7579,2311.12,FVG,1h,validation,0.35,1302
4.0,0.5,838,0.544,1.4245,1193.73,FVG,1h,validation,0.35,1302
4.0,1.0,838,0.474,-0.1699,-142.35,FVG,1h,validation,0.35,1302
5.0,0.083,838,0.778,2.6906,2254.74,FVG,1h,validation,0.35,1302
5.0,0.125,838,0.696,3.2935,2759.93,FVG,1h,validation,0.35,1302
5.0,0.167,838,0.662,3.259,2731.01,FVG,1h,validation,0.35,1302
5.0,0.25,838,0.613,2.9837,2500.35,FVG,1h,validation,0.35,1302
5.0,0.5,838,0.52,1.677,1405.37,FVG,1h,validation,0.35,1302
5.0,1.0,838,0.455,-0.1005,-84.21,FVG,1h,validation,0.35,1302
7.0,0.083,838,0.778,2.6906,2254.74,FVG,1h,validation,0.35,1302
7.0,0.125,838,0.687,3.1965,2678.66,FVG,1h,validation,0.35,1302
7.0,0.167,838,0.649,3.1565,2645.19,FVG,1h,validation,0.35,1302
7.0,0.25,838,0.597,2.8289,2370.65,FVG,1h,validation,0.35,1302
7.0,0.5,838,0.5,1.622,1359.24,FVG,1h,validation,0.35,1302
7.0,1.0,838,0.43,-0.2166,-181.53,FVG,1h,validation,0.35,1302
10.0,0.083,838,0.778,2.6906,2254.74,FVG,1h,validation,0.35,1302
10.0,0.125,838,0.681,3.1812,2665.86,FVG,1h,validation,0.35,1302
10.0,0.167,838,0.641,3.175,2660.66,FVG,1h,validation,0.35,1302
10.0,0.25,838,0.582,2.7981,2344.81,FVG,1h,validation,0.35,1302
10.0,0.5,838,0.471,1.5231,1276.35,FVG,1h,validation,0.35,1302
10.0,1.0,838,0.389,-0.4004,-335.5,FVG,1h,validation,0.35,1302
2.0,0.083,838,0.771,2.5047,2098.94,FVG,1h,validation,0.375,1302
2.0,0.125,838,0.715,2.4191,2027.18,FVG,1h,validation,0.375,1302
2.0,0.167,838,0.692,2.1393,1792.71,FVG,1h,validation,0.375,1302
2.0,0.25,838,0.658,1.8588,1557.7,FVG,1h,validation,0.375,1302
2.0,0.5,838,0.588,0.6382,534.85,FVG,1h,validation,0.375,1302
2.0,1.0,838,0.5,-0.9643,-808.04,FVG,1h,validation,0.375,1302
3.0,0.083,838,0.771,2.5047,2098.94,FVG,1h,validation,0.375,1302
3.0,0.125,838,0.698,2.6475,2218.64,FVG,1h,validation,0.375,1302
3.0,0.167,838,0.668,2.4361,2041.42,FVG,1h,validation,0.375,1302
3.0,0.25,838,0.628,2.0716,1736.0,FVG,1h,validation,0.375,1302
3.0,0.5,838,0.564,0.6846,573.67,FVG,1h,validation,0.375,1302
3.0,1.0,838,0.488,-0.9783,-819.83,FVG,1h,validation,0.375,1302
4.0,0.083,838,0.771,2.5047,2098.94,FVG,1h,validation,0.375,1302
4.0,0.125,838,0.692,2.8401,2380.02,FVG,1h,validation,0.375,1302
4.0,0.167,838,0.659,2.7314,2288.91,FVG,1h,validation,0.375,1302
4.0,0.25,838,0.615,2.4812,2079.27,FVG,1h,validation,0.375,1302
4.0,0.5,838,0.541,1.0476,877.87,FVG,1h,validation,0.375,1302
4.0,1.0,838,0.462,-0.5871,-491.97,FVG,1h,validation,0.375,1302
5.0,0.083,838,0.771,2.5047,2098.94,FVG,1h,validation,0.375,1302
5.0,0.125,838,0.689,3.0007,2514.55,FVG,1h,validation,0.375,1302
5.0,0.167,838,0.652,2.9133,2441.38,FVG,1h,validation,0.375,1302
5.0,0.25,838,0.607,2.7126,2273.14,FVG,1h,validation,0.375,1302
5.0,0.5,838,0.52,1.303,1091.92,FVG,1h,validation,0.375,1302
5.0,1.0,838,0.447,-0.3867,-324.07,FVG,1h,validation,0.375,1302
7.0,0.083,838,0.771,2.5047,2098.94,FVG,1h,validation,0.375,1302
7.0,0.125,838,0.683,2.9698,2488.73,FVG,1h,validation,0.375,1302
7.0,0.167,838,0.642,2.8584,2395.35,FVG,1h,validation,0.375,1302
7.0,0.25,838,0.592,2.6142,2190.72,FVG,1h,validation,0.375,1302
7.0,0.5,838,0.501,1.3478,1129.48,FVG,1h,validation,0.375,1302
7.0,1.0,838,0.424,-0.3438,-288.13,FVG,1h,validation,0.375,1302
10.0,0.083,838,0.771,2.5047,2098.94,FVG,1h,validation,0.375,1302
10.0,0.125,838,0.674,2.9197,2446.68,FVG,1h,validation,0.375,1302
10.0,0.167,838,0.631,2.8394,2379.41,FVG,1h,validation,0.375,1302
10.0,0.25,838,0.576,2.5398,2128.34,FVG,1h,validation,0.375,1302
10.0,0.5,838,0.469,1.1452,959.72,FVG,1h,validation,0.375,1302
10.0,1.0,838,0.383,-0.7002,-586.76,FVG,1h,validation,0.375,1302
2.0,0.083,838,0.763,2.1779,1825.06,FVG,1h,validation,0.4,1302
2.0,0.125,838,0.699,2.0053,1680.46,FVG,1h,validation,0.4,1302
2.0,0.167,838,0.681,1.7126,1435.17,FVG,1h,validation,0.4,1302
2.0,0.25,838,0.647,1.4334,1201.2,FVG,1h,validation,0.4,1302
2.0,0.5,838,0.576,0.256,214.53,FVG,1h,validation,0.4,1302
2.0,1.0,838,0.489,-1.3852,-1160.83,FVG,1h,validation,0.4,1302
3.0,0.083,838,0.763,2.1779,1825.06,FVG,1h,validation,0.4,1302
3.0,0.125,838,0.687,2.2787,1909.59,FVG,1h,validation,0.4,1302
3.0,0.167,838,0.662,2.0863,1748.33,FVG,1h,validation,0.4,1302
3.0,0.25,838,0.623,1.7072,1430.65,FVG,1h,validation,0.4,1302
3.0,0.5,838,0.558,0.347,290.78,FVG,1h,validation,0.4,1302
3.0,1.0,838,0.486,-1.3069,-1095.18,FVG,1h,validation,0.4,1302
4.0,0.083,838,0.763,2.1779,1825.06,FVG,1h,validation,0.4,1302
4.0,0.125,838,0.683,2.4361,2041.47,FVG,1h,validation,0.4,1302
4.0,0.167,838,0.653,2.2962,1924.19,FVG,1h,validation,0.4,1302
4.0,0.25,838,0.61,1.9997,1675.76,FVG,1h,validation,0.4,1302
4.0,0.5,838,0.535,0.5775,483.92,FVG,1h,validation,0.4,1302
4.0,1.0,838,0.463,-1.1346,-950.76,FVG,1h,validation,0.4,1302
5.0,0.083,838,0.763,2.1779,1825.06,FVG,1h,validation,0.4,1302
5.0,0.125,838,0.679,2.6347,2207.85,FVG,1h,validation,0.4,1302
5.0,0.167,838,0.647,2.5551,2141.16,FVG,1h,validation,0.4,1302
5.0,0.25,838,0.604,2.3322,1954.39,FVG,1h,validation,0.4,1302
5.0,0.5,838,0.518,0.9421,789.45,FVG,1h,validation,0.4,1302
5.0,1.0,838,0.447,-0.7586,-635.7,FVG,1h,validation,0.4,1302
7.0,0.083,838,0.763,2.1779,1825.06,FVG,1h,validation,0.4,1302
7.0,0.125,838,0.672,2.587,2167.92,FVG,1h,validation,0.4,1302
7.0,0.167,838,0.635,2.5091,2102.67,FVG,1h,validation,0.4,1302
7.0,0.25,838,0.588,2.2313,1869.81,FVG,1h,validation,0.4,1302
7.0,0.5,838,0.495,0.992,831.32,FVG,1h,validation,0.4,1302
7.0,1.0,838,0.426,-0.6185,-518.34,FVG,1h,validation,0.4,1302
10.0,0.083,838,0.763,2.1779,1825.06,FVG,1h,validation,0.4,1302
10.0,0.125,838,0.663,2.5398,2128.32,FVG,1h,validation,0.4,1302
10.0,0.167,838,0.623,2.4482,2051.59,FVG,1h,validation,0.4,1302
10.0,0.25,838,0.572,2.1209,1777.3,FVG,1h,validation,0.4,1302
10.0,0.5,838,0.463,0.7753,649.72,FVG,1h,validation,0.4,1302
10.0,1.0,838,0.381,-1.0619,-889.84,FVG,1h,validation,0.4,1302
2.0,0.083,830,0.767,2.2682,1882.59,FVG,1h,validation,0.425,1302
2.0,0.125,830,0.701,2.0308,1685.58,FVG,1h,validation,0.425,1302
2.0,0.167,830,0.683,1.6806,1394.87,FVG,1h,validation,0.425,1302
2.0,0.25,830,0.649,1.3766,1142.59,FVG,1h,validation,0.425,1302
2.0,0.5,830,0.584,0.5016,416.37,FVG,1h,validation,0.425,1302
2.0,1.0,830,0.494,-1.1307,-938.46,FVG,1h,validation,0.425,1302
3.0,0.083,830,0.767,2.2682,1882.59,FVG,1h,validation,0.425,1302
3.0,0.125,830,0.689,2.3572,1956.51,FVG,1h,validation,0.425,1302
3.0,0.167,830,0.664,2.0552,1705.86,FVG,1h,validation,0.425,1302
3.0,0.25,830,0.625,1.6833,1397.1,FVG,1h,validation,0.425,1302
3.0,0.5,830,0.561,0.5632,467.43,FVG,1h,validation,0.425,1302
3.0,1.0,830,0.49,-1.14,-946.21,FVG,1h,validation,0.425,1302
4.0,0.083,830,0.767,2.2682,1882.59,FVG,1h,validation,0.425,1302
4.0,0.125,830,0.684,2.5399,2108.09,FVG,1h,validation,0.425,1302
4.0,0.167,830,0.654,2.2784,1891.09,FVG,1h,validation,0.425,1302
4.0,0.25,830,0.608,1.9415,1611.49,FVG,1h,validation,0.425,1302
4.0,0.5,830,0.539,0.8377,695.25,FVG,1h,validation,0.425,1302
4.0,1.0,830,0.469,-0.9065,-752.38,FVG,1h,validation,0.425,1302
5.0,0.083,830,0.767,2.2682,1882.59,FVG,1h,validation,0.425,1302
5.0,0.125,830,0.682,2.7621,2292.53,FVG,1h,validation,0.425,1302
5.0,0.167,830,0.651,2.5661,2129.84,FVG,1h,validation,0.425,1302
5.0,0.25,830,0.605,2.3207,1926.21,FVG,1h,validation,0.425,1302
5.0,0.5,830,0.524,1.2376,1027.18,FVG,1h,validation,0.425,1302
5.0,1.0,830,0.453,-0.4548,-377.49,FVG,1h,validation,0.425,1302
7.0,0.083,830,0.767,2.2682,1882.59,FVG,1h,validation,0.425,1302
7.0,0.125,830,0.673,2.7082,2247.77,FVG,1h,validation,0.425,1302
7.0,0.167,830,0.636,2.512,2084.99,FVG,1h,validation,0.425,1302
7.0,0.25,830,0.587,2.1982,1824.54,FVG,1h,validation,0.425,1302
7.0,0.5,830,0.499,1.2438,1032.35,FVG,1h,validation,0.425,1302
7.0,1.0,830,0.428,-0.3844,-319.08,FVG,1h,validation,0.425,1302
10.0,0.083,830,0.767,2.2682,1882.59,FVG,1h,validation,0.425,1302
10.0,0.125,830,0.666,2.6735,2219.01,FVG,1h,validation,0.425,1302
10.0,0.167,830,0.625,2.4663,2047.03,FVG,1h,validation,0.425,1302
10.0,0.25,830,0.571,2.109,1750.43,FVG,1h,validation,0.425,1302
10.0,0.5,830,0.469,1.111,922.16,FVG,1h,validation,0.425,1302
10.0,1.0,830,0.386,-0.7232,-600.25,FVG,1h,validation,0.425,1302
2.0,0.083,833,0.764,2.1357,1779.03,FVG,1h,validation,0.45,1302
2.0,0.125,833,0.705,2.0877,1739.02,FVG,1h,validation,0.45,1302
2.0,0.167,833,0.684,1.7794,1482.24,FVG,1h,validation,0.45,1302
2.0,0.25,833,0.647,1.4469,1205.28,FVG,1h,validation,0.45,1302
2.0,0.5,833,0.58,0.5439,453.07,FVG,1h,validation,0.45,1302
2.0,1.0,833,0.495,-1.0823,-901.55,FVG,1h,validation,0.45,1302
3.0,0.083,833,0.764,2.1357,1779.03,FVG,1h,validation,0.45,1302
3.0,0.125,833,0.69,2.3578,1964.01,FVG,1h,validation,0.45,1302
3.0,0.167,833,0.661,2.0087,1673.28,FVG,1h,validation,0.45,1302
3.0,0.25,833,0.619,1.6314,1358.96,FVG,1h,validation,0.45,1302
3.0,0.5,833,0.556,0.5493,457.54,FVG,1h,validation,0.45,1302
3.0,1.0,833,0.485,-1.1621,-968.03,FVG,1h,validation,0.45,1302
4.0,0.083,833,0.764,2.1357,1779.03,FVG,1h,validation,0.45,1302
4.0,0.125,833,0.685,2.5332,2110.12,FVG,1h,validation,0.45,1302
4.0,0.167,833,0.653,2.2488,1873.22,FVG,1h,validation,0.45,1302
4.0,0.25,833,0.604,1.8659,1554.31,FVG,1h,validation,0.45,1302
4.0,0.5,833,0.532,0.6966,580.25,FVG,1h,validation,0.45,1302
4.0,1.0,833,0.463,-1.0309,-858.7,FVG,1h,validation,0.45,1302
5.0,0.083,833,0.764,2.1357,1779.03,FVG,1h,validation,0.45,1302
5.0,0.125,833,0.683,2.753,2293.22,FVG,1h,validation,0.45,1302
5.0,0.167,833,0.648,2.5152,2095.15,FVG,1h,validation,0.45,1302
5.0,0.25,833,0.599,2.2345,1861.32,FVG,1h,validation,0.45,1302
5.0,0.5,833,0.516,1.0998,916.13,FVG,1h,validation,0.45,1302
5.0,1.0,833,0.447,-0.613,-510.63,FVG,1h,validation,0.45,1302
7.0,0.083,833,0.764,2.1357,1779.03,FVG,1h,validation,0.45,1302
7.0,0.125,833,0.676,2.7381,2280.8,FVG,1h,validation,0.45,1302
7.0,0.167,833,0.635,2.4989,2081.56,FVG,1h,validation,0.45,1302
7.0,0.25,833,0.582,2.1464,1787.97,FVG,1h,validation,0.45,1302
7.0,0.5,833,0.492,1.1402,949.76,FVG,1h,validation,0.45,1302
7.0,1.0,833,0.42,-0.5558,-462.98,FVG,1h,validation,0.45,1302
10.0,0.083,833,0.764,2.1357,1779.03,FVG,1h,validation,0.45,1302
10.0,0.125,833,0.667,2.6956,2245.41,FVG,1h,validation,0.45,1302
10.0,0.167,833,0.623,2.4456,2037.2,FVG,1h,validation,0.45,1302
10.0,0.25,833,0.565,2.0442,1702.79,FVG,1h,validation,0.45,1302
10.0,0.5,833,0.461,1.0166,846.8,FVG,1h,validation,0.45,1302
10.0,1.0,833,0.382,-0.7837,-652.82,FVG,1h,validation,0.45,1302
2.0,0.083,831,0.758,1.9996,1661.63,FVG,1h,validation,0.475,1302
2.0,0.125,831,0.709,1.9499,1620.33,FVG,1h,validation,0.475,1302
2.0,0.167,831,0.687,1.6261,1351.31,FVG,1h,validation,0.475,1302
2.0,0.25,831,0.646,1.2633,1049.81,FVG,1h,validation,0.475,1302
2.0,0.5,831,0.58,0.3968,329.77,FVG,1h,validation,0.475,1302
2.0,1.0,831,0.497,-1.1622,-965.78,FVG,1h,validation,0.475,1302
3.0,0.083,831,0.758,1.9996,1661.63,FVG,1h,validation,0.475,1302
3.0,0.125,831,0.691,2.1968,1825.56,FVG,1h,validation,0.475,1302
3.0,0.167,831,0.663,1.8926,1572.73,FVG,1h,validation,0.475,1302
3.0,0.25,831,0.617,1.4949,1242.26,FVG,1h,validation,0.475,1302
3.0,0.5,831,0.557,0.398,330.73,FVG,1h,validation,0.475,1302
3.0,1.0,831,0.487,-1.3014,-1081.45,FVG,1h,validation,0.475,1302
4.0,0.083,831,0.758,1.9996,1661.63,FVG,1h,validation,0.475,1302
4.0,0.125,831,0.686,2.3643,1964.77,FVG,1h,validation,0.475,1302
4.0,0.167,831,0.652,2.0691,1719.43,FVG,1h,validation,0.475,1302
4.0,0.25,831,0.597,1.6523,1373.04,FVG,1h,validation,0.475,1302
4.0,0.5,831,0.529,0.4024,334.38,FVG,1h,validation,0.475,1302
4.0,1.0,831,0.462,-1.2623,-1048.98,FVG,1h,validation,0.475,1302
5.0,0.083,831,0.758,1.9996,1661.63,FVG,1h,validation,0.475,1302
5.0,0.125,831,0.684,2.6099,2168.8,FVG,1h,validation,0.475,1302
5.0,0.167,831,0.649,2.3909,1986.83,FVG,1h,validation,0.475,1302
5.0,0.25,831,0.593,2.0514,1704.69,FVG,1h,validation,0.475,1302
5.0,0.5,831,0.515,0.8413,699.08,FVG,1h,validation,0.475,1302
5.0,1.0,831,0.445,-0.8518,-707.83,FVG,1h,validation,0.475,1302
7.0,0.083,831,0.758,1.9996,1661.63,FVG,1h,validation,0.475,1302
7.0,0.125,831,0.677,2.6945,2239.16,FVG,1h,validation,0.475,1302
7.0,0.167,831,0.638,2.4785,2059.62,FVG,1h,validation,0.475,1302
7.0,0.25,831,0.579,2.1226,1763.86,FVG,1h,validation,0.475,1302
7.0,0.5,831,0.491,1.0286,854.73,FVG,1h,validation,0.475,1302
7.0,1.0,831,0.419,-0.6196,-514.87,FVG,1h,validation,0.475,1302
10.0,0.083,831,0.758,1.9996,1661.63,FVG,1h,validation,0.475,1302
10.0,0.125,831,0.67,2.6765,2224.18,FVG,1h,validation,0.475,1302
10.0,0.167,831,0.627,2.4501,2036.03,FVG,1h,validation,0.475,1302
10.0,0.25,831,0.563,2.049,1702.72,FVG,1h,validation,0.475,1302
10.0,0.5,831,0.461,0.9848,818.41,FVG,1h,validation,0.475,1302
10.0,1.0,831,0.381,-0.7697,-639.61,FVG,1h,validation,0.475,1302
2.0,0.083,828,0.756,1.9512,1615.63,FVG,1h,validation,0.5,1302
2.0,0.125,828,0.713,2.0152,1668.6,FVG,1h,validation,0.5,1302
2.0,0.167,828,0.688,1.7296,1432.1,FVG,1h,validation,0.5,1302
2.0,0.25,828,0.644,1.3108,1085.3,FVG,1h,validation,0.5,1302
2.0,0.5,828,0.587,0.5096,421.93,FVG,1h,validation,0.5,1302
2.0,1.0,828,0.504,-1.018,-842.93,FVG,1h,validation,0.5,1302
3.0,0.083,828,0.756,1.9512,1615.63,FVG,1h,validation,0.5,1302
3.0,0.125,828,0.691,2.1578,1786.67,FVG,1h,validation,0.5,1302
3.0,0.167,828,0.664,1.8906,1565.4,FVG,1h,validation,0.5,1302
3.0,0.25,828,0.615,1.4186,1174.58,FVG,1h,validation,0.5,1302
3.0,0.5,828,0.565,0.3804,314.94,FVG,1h,validation,0.5,1302
3.0,1.0,828,0.489,-1.2765,-1056.93,FVG,1h,validation,0.5,1302
4.0,0.083,828,0.756,1.9512,1615.63,FVG,1h,validation,0.5,1302
4.0,0.125,828,0.688,2.34,1937.55,FVG,1h,validation,0.5,1302
4.0,0.167,828,0.653,2.0982,1737.31,FVG,1h,validation,0.5,1302
4.0,0.25,828,0.597,1.5874,1314.4,FVG,1h,validation,0.5,1302
4.0,0.5,828,0.54,0.4904,406.08,FVG,1h,validation,0.5,1302
4.0,1.0,828,0.467,-1.1831,-979.59,FVG,1h,validation,0.5,1302
5.0,0.083,828,0.756,1.9512,1615.63,FVG,1h,validation,0.5,1302
5.0,0.125,828,0.686,2.5886,2143.39,FVG,1h,validation,0.5,1302
5.0,0.167,828,0.65,2.4052,1991.49,FVG,1h,validation,0.5,1302
5.0,0.25,828,0.592,1.9921,1649.46,FVG,1h,validation,0.5,1302
5.0,0.5,828,0.522,0.9063,750.44,FVG,1h,validation,0.5,1302
5.0,1.0,828,0.447,-0.802,-664.05,FVG,1h,validation,0.5,1302
7.0,0.083,828,0.756,1.9512,1615.63,FVG,1h,validation,0.5,1302
7.0,0.125,828,0.679,2.6548,2198.15,FVG,1h,validation,0.5,1302
7.0,0.167,828,0.638,2.474,2048.44,FVG,1h,validation,0.5,1302
7.0,0.25,828,0.577,2.1528,1782.55,FVG,1h,validation,0.5,1302
7.0,0.5,828,0.495,1.1105,919.46,FVG,1h,validation,0.5,1302
7.0,1.0,828,0.419,-0.5669,-469.4,FVG,1h,validation,0.5,1302
10.0,0.083,828,0.756,1.9512,1615.63,FVG,1h,validation,0.5,1302
10.0,0.125,828,0.671,2.649,2193.34,FVG,1h,validation,0.5,1302
10.0,0.167,828,0.628,2.4573,2034.67,FVG,1h,validation,0.5,1302
10.0,0.25,828,0.56,1.9764,1636.48,FVG,1h,validation,0.5,1302
10.0,0.5,828,0.466,0.9665,800.3,FVG,1h,validation,0.5,1302
10.0,1.0,828,0.383,-0.7412,-613.69,FVG,1h,validation,0.5,1302
2.0,0.083,823,0.759,2.011,1655.06,FVG,1h,validation,0.525,1302
2.0,0.125,823,0.721,2.1899,1802.33,FVG,1h,validation,0.525,1302
2.0,0.167,823,0.694,1.9544,1608.44,FVG,1h,validation,0.525,1302
2.0,0.25,823,0.649,1.5757,1296.83,FVG,1h,validation,0.525,1302
2.0,0.5,823,0.592,0.7258,597.36,FVG,1h,validation,0.525,1302
2.0,1.0,823,0.505,-0.8315,-684.34,FVG,1h,validation,0.525,1302
3.0,0.083,823,0.759,2.011,1655.06,FVG,1h,validation,0.525,1302
3.0,0.125,823,0.694,2.1948,1806.33,FVG,1h,validation,0.525,1302
3.0,0.167,823,0.662,1.9179,1578.43,FVG,1h,validation,0.525,1302
3.0,0.25,823,0.617,1.5067,1240.05,FVG,1h,validation,0.525,1302
3.0,0.5,823,0.565,0.5244,431.6,FVG,1h,validation,0.525,1302
3.0,1.0,823,0.491,-1.1016,-906.6,FVG,1h,validation,0.525,1302
4.0,0.083,823,0.759,2.011,1655.06,FVG,1h,validation,0.525,1302
4.0,0.125,823,0.689,2.3629,1944.7,FVG,1h,validation,0.525,1302
4.0,0.167,823,0.65,2.1512,1770.47,FVG,1h,validation,0.525,1302
4.0,0.25,823,0.6,1.6822,1384.47,FVG,1h,validation,0.525,1302
4.0,0.5,823,0.541,0.5639,464.11,FVG,1h,validation,0.525,1302
4.0,1.0,823,0.468,-1.1438,-941.33,FVG,1h,validation,0.525,1302
5.0,0.083,823,0.759,2.011,1655.06,FVG,1h,validation,0.525,1302
5.0,0.125,823,0.689,2.6163,2153.19,FVG,1h,validation,0.525,1302
5.0,0.167,823,0.649,2.4421,2009.86,FVG,1h,validation,0.525,1302
5.0,0.25,823,0.595,2.043,1681.37,FVG,1h,validation,0.525,1302
5.0,0.5,823,0.521,0.9004,741.02,FVG,1h,validation,0.525,1302
5.0,1.0,823,0.443,-0.7987,-657.3,FVG,1h,validation,0.525,1302
7.0,0.083,823,0.759,2.011,1655.06,FVG,1h,validation,0.525,1302
7.0,0.125,823,0.682,2.6959,2218.71,FVG,1h,validation,0.525,1302
7.0,0.167,823,0.635,2.5344,2085.85,FVG,1h,validation,0.525,1302
7.0,0.25,823,0.58,2.202,1812.21,FVG,1h,validation,0.525,1302
7.0,0.5,823,0.492,1.0689,879.67,FVG,1h,validation,0.525,1302
7.0,1.0,823,0.416,-0.6056,-498.43,FVG,1h,validation,0.525,1302
10.0,0.083,823,0.759,2.011,1655.06,FVG,1h,validation,0.525,1302
10.0,0.125,823,0.674,2.6869,2211.32,FVG,1h,validation,0.525,1302
10.0,0.167,823,0.626,2.5114,2066.85,FVG,1h,validation,0.525,1302
10.0,0.25,823,0.563,2.0389,1678.03,FVG,1h,validation,0.525,1302
10.0,0.5,823,0.464,0.9249,761.21,FVG,1h,validation,0.525,1302
10.0,1.0,823,0.383,-0.8137,-669.72,FVG,1h,validation,0.525,1302
2.0,0.083,813,0.77,2.142,1741.48,FVG,1h,validation,0.55,1302
2.0,0.125,813,0.728,2.2952,1866.03,FVG,1h,validation,0.55,1302
2.0,0.167,813,0.7,2.1398,1739.69,FVG,1h,validation,0.55,1302
2.0,0.25,813,0.652,1.7315,1407.72,FVG,1h,validation,0.55,1302
2.0,0.5,813,0.59,0.8114,659.63,FVG,1h,validation,0.55,1302
2.0,1.0,813,0.504,-0.7601,-618.0,FVG,1h,validation,0.55,1302
3.0,0.083,813,0.77,2.142,1741.48,FVG,1h,validation,0.55,1302
3.0,0.125,813,0.704,2.3692,1926.15,FVG,1h,validation,0.55,1302
3.0,0.167,813,0.67,2.2113,1797.75,FVG,1h,validation,0.55,1302
3.0,0.25,813,0.624,1.765,1434.93,FVG,1h,validation,0.55,1302
3.0,0.5,813,0.571,0.8023,652.31,FVG,1h,validation,0.55,1302
3.0,1.0,813,0.496,-0.8135,-661.34,FVG,1h,validation,0.55,1302
4.0,0.083,813,0.77,2.142,1741.48,FVG,1h,validation,0.55,1302
4.0,0.125,813,0.7,2.5801,2097.62,FVG,1h,validation,0.55,1302
4.0,0.167,813,0.661,2.4366,1980.96,FVG,1h,validation,0.55,1302
4.0,0.25,813,0.61,1.9863,1614.85,FVG,1h,validation,0.55,1302
4.0,0.5,813,0.549,0.9254,752.33,FVG,1h,validation,0.55,1302
4.0,1.0,813,0.478,-0.7034,-571.86,FVG,1h,validation,0.55,1302
5.0,0.083,813,0.77,2.142,1741.48,FVG,1h,validation,0.55,1302
5.0,0.125,813,0.697,2.7625,2245.93,FVG,1h,validation,0.55,1302
5.0,0.167,813,0.658,2.6707,2171.32,FVG,1h,validation,0.55,1302
5.0,0.25,813,0.6,2.2331,1815.53,FVG,1h,validation,0.55,1302
5.0,0.5,813,0.524,1.0799,877.95,FVG,1h,validation,0.55,1302
5.0,1.0,813,0.451,-0.5937,-482.71,FVG,1h,validation,0.55,1302
7.0,0.083,813,0.77,2.142,1741.48,FVG,1h,validation,0.55,1302
7.0,0.125,813,0.69,2.8689,2332.45,FVG,1h,validation,0.55,1302
7.0,0.167,813,0.645,2.7923,2270.13,FVG,1h,validation,0.55,1302
7.0,0.25,813,0.584,2.4011,1952.11,FVG,1h,validation,0.55,1302
7.0,0.5,813,0.493,1.2364,1005.16,FVG,1h,validation,0.55,1302
7.0,1.0,813,0.418,-0.458,-372.33,FVG,1h,validation,0.55,1302
10.0,0.083,813,0.77,2.142,1741.48,FVG,1h,validation,0.55,1302
10.0,0.125,813,0.683,2.8599,2325.11,FVG,1h,validation,0.55,1302
10.0,0.167,813,0.635,2.7703,2252.26,FVG,1h,validation,0.55,1302
10.0,0.25,813,0.568,2.2508,1829.88,FVG,1h,validation,0.55,1302
10.0,0.5,813,0.465,1.1216,911.89,FVG,1h,validation,0.55,1302
10.0,1.0,813,0.385,-0.603,-490.22,FVG,1h,validation,0.55,1302
2.0,0.083,807,0.779,2.2464,1812.82,FVG,1h,validation,0.575,1302
2.0,0.125,807,0.727,2.3173,1870.1,FVG,1h,validation,0.575,1302
2.0,0.167,807,0.699,2.0991,1693.94,FVG,1h,validation,0.575,1302
2.0,0.25,807,0.651,1.7247,1391.83,FVG,1h,validation,0.575,1302
2.0,0.5,807,0.589,0.8186,660.64,FVG,1h,validation,0.575,1302
2.0,1.0,807,0.504,-0.7656,-617.88,FVG,1h,validation,0.575,1302
3.0,0.083,807,0.779,2.2464,1812.82,FVG,1h,validation,0.575,1302
3.0,0.125,807,0.706,2.4428,1971.34,FVG,1h,validation,0.575,1302
3.0,0.167,807,0.674,2.2393,1807.1,FVG,1h,validation,0.575,1302
3.0,0.25,807,0.628,1.8928,1527.53,FVG,1h,validation,0.575,1302
3.0,0.5,807,0.574,0.9966,804.22,FVG,1h,validation,0.575,1302
3.0,1.0,807,0.503,-0.6234,-503.09,FVG,1h,validation,0.575,1302
4.0,0.083,807,0.779,2.2464,1812.82,FVG,1h,validation,0.575,1302
4.0,0.125,807,0.7,2.6298,2122.26,FVG,1h,validation,0.575,1302
4.0,0.167,807,0.663,2.4448,1972.97,FVG,1h,validation,0.575,1302
4.0,0.25,807,0.611,2.0465,1651.5,FVG,1h,validation,0.575,1302
4.0,0.5,807,0.55,0.9617,776.12,FVG,1h,validation,0.575,1302
4.0,1.0,807,0.483,-0.7207,-581.6,FVG,1h,validation,0.575,1302
5.0,0.083,807,0.779,2.2464,1812.82,FVG,1h,validation,0.575,1302
5.0,0.125,807,0.698,2.815,2271.72,FVG,1h,validation,0.575,1302
5.0,0.167,807,0.66,2.6626,2148.7,FVG,1h,validation,0.575,1302
5.0,0.25,807,0.601,2.2504,1816.06,FVG,1h,validation,0.575,1302
5.0,0.5,807,0.524,1.1462,924.95,FVG,1h,validation,0.575,1302
5.0,1.0,807,0.455,-0.5484,-442.53,FVG,1h,validation,0.575,1302
7.0,0.083,807,0.779,2.2464,1812.82,FVG,1h,validation,0.575,1302
7.0,0.125,807,0.691,2.9583,2387.33,FVG,1h,validation,0.575,1302
7.0,0.167,807,0.648,2.8343,2287.24,FVG,1h,validation,0.575,1302
7.0,0.25,807,0.586,2.4938,2012.47,FVG,1h,validation,0.575,1302
7.0,0.5,807,0.493,1.3273,1071.17,FVG,1h,validation,0.575,1302
7.0,1.0,807,0.419,-0.4009,-323.49,FVG,1h,validation,0.575,1302
10.0,0.083,807,0.779,2.2464,1812.82,FVG,1h,validation,0.575,1302
10.0,0.125,807,0.684,2.9489,2379.73,FVG,1h,validation,0.575,1302
10.0,0.167,807,0.638,2.819,2274.91,FVG,1h,validation,0.575,1302
10.0,0.25,807,0.57,2.3484,1895.19,FVG,1h,validation,0.575,1302
10.0,0.5,807,0.467,1.2656,1021.38,FVG,1h,validation,0.575,1302
10.0,1.0,807,0.387,-0.4555,-367.59,FVG,1h,validation,0.575,1302
2.0,0.083,807,0.783,2.3585,1903.32,FVG,1h,validation,0.6,1302
2.0,0.125,807,0.732,2.4229,1955.26,FVG,1h,validation,0.6,1302
2.0,0.167,807,0.704,2.2771,1837.58,FVG,1h,validation,0.6,1302
2.0,0.25,807,0.658,1.8602,1501.15,FVG,1h,validation,0.6,1302
2.0,0.5,807,0.592,0.8948,722.1,FVG,1h,validation,0.6,1302
2.0,1.0,807,0.511,-0.6795,-548.34,FVG,1h,validation,0.6,1302
3.0,0.083,807,0.783,2.3585,1903.32,FVG,1h,validation,0.6,1302
3.0,0.125,807,0.713,2.5254,2037.97,FVG,1h,validation,0.6,1302
3.0,0.167,807,0.679,2.417,1950.56,FVG,1h,validation,0.6,1302
3.0,0.25,807,0.634,2.0612,1663.35,FVG,1h,validation,0.6,1302
3.0,0.5,807,0.58,1.1478,926.26,FVG,1h,validation,0.6,1302
3.0,1.0,807,0.513,-0.4714,-380.45,FVG,1h,validation,0.6,1302
4.0,0.083,807,0.783,2.3585,1903.32,FVG,1h,validation,0.6,1302
4.0,0.125,807,0.704,2.6938,2173.9,FVG,1h,validation,0.6,1302
4.0,0.167,807,0.668,2.6368,2127.91,FVG,1h,validation,0.6,1302
4.0,0.25,807,0.615,2.1581,1741.6,FVG,1h,validation,0.6,1302
4.0,0.5,807,0.553,1.0271,828.86,FVG,1h,validation,0.6,1302
4.0,1.0,807,0.488,-0.7183,-579.65,FVG,1h,validation,0.6,1302
5.0,0.083,807,0.783,2.3585,1903.32,FVG,1h,validation,0.6,1302
5.0,0.125,807,0.701,2.8578,2306.26,FVG,1h,validation,0.6,1302
5.0,0.167,807,0.663,2.7859,2248.25,FVG,1h,validation,0.6,1302
5.0,0.25,807,0.602,2.3018,1857.55,FVG,1h,validation,0.6,1302
5.0,0.5,807,0.525,1.19,960.3,FVG,1h,validation,0.6,1302
5.0,1.0,807,0.462,-0.5153,-415.86,FVG,1h,validation,0.6,1302
7.0,0.083,807,0.783,2.3585,1903.32,FVG,1h,validation,0.6,1302
7.0,0.125,807,0.696,3.0454,2457.61,FVG,1h,validation,0.6,1302
7.0,0.167,807,0.653,3.0416,2454.61,FVG,1h,validation,0.6,1302
7.0,0.25,807,0.591,2.5954,2094.46,FVG,1h,validation,0.6,1302
7.0,0.5,807,0.498,1.4924,1204.38,FVG,1h,validation,0.6,1302
7.0,1.0,807,0.426,-0.3013,-243.16,FVG,1h,validation,0.6,1302
10.0,0.083,807,0.783,2.3585,1903.32,FVG,1h,validation,0.6,1302
10.0,0.125,807,0.688,3.0203,2437.35,FVG,1h,validation,0.6,1302
10.0,0.167,807,0.642,3.0296,2444.91,FVG,1h,validation,0.6,1302
10.0,0.25,807,0.572,2.479,2000.56,FVG,1h,validation,0.6,1302
10.0,0.5,807,0.468,1.4212,1146.88,FVG,1h,validation,0.6,1302
10.0,1.0,807,0.39,-0.3503,-282.71,FVG,1h,validation,0.6,1302
2.0,0.083,805,0.789,2.3229,1869.97,FVG,1h,validation,0.625,1302
2.0,0.125,805,0.739,2.392,1925.55,FVG,1h,validation,0.625,1302
2.0,0.167,805,0.713,2.2627,1821.49,FVG,1h,validation,0.625,1302
2.0,0.25,805,0.667,1.8631,1499.8,FVG,1h,validation,0.625,1302
2.0,0.5,805,0.6,0.8428,678.47,FVG,1h,validation,0.625,1302
2.0,1.0,805,0.513,-0.7429,-598.04,FVG,1h,validation,0.625,1302
3.0,0.083,805,0.789,2.3229,1869.97,FVG,1h,validation,0.625,1302
3.0,0.125,805,0.714,2.405,1936.04,FVG,1h,validation,0.625,1302
3.0,0.167,805,0.686,2.349,1890.92,FVG,1h,validation,0.625,1302
3.0,0.25,805,0.637,1.9869,1599.49,FVG,1h,validation,0.625,1302
3.0,0.5,805,0.584,1.0723,863.18,FVG,1h,validation,0.625,1302
3.0,1.0,805,0.518,-0.4751,-382.45,FVG,1h,validation,0.625,1302
4.0,0.083,805,0.789,2.3229,1869.97,FVG,1h,validation,0.625,1302
4.0,0.125,805,0.706,2.5816,2078.17,FVG,1h,validation,0.625,1302
4.0,0.167,805,0.675,2.5813,2077.99,FVG,1h,validation,0.625,1302
4.0,0.25,805,0.62,2.1732,1749.41,FVG,1h,validation,0.625,1302
4.0,0.5,805,0.564,1.0631,855.83,FVG,1h,validation,0.625,1302
4.0,1.0,805,0.499,-0.6137,-494.0,FVG,1h,validation,0.625,1302
5.0,0.083,805,0.789,2.3229,1869.97,FVG,1h,validation,0.625,1302
5.0,0.125,805,0.703,2.7958,2250.58,FVG,1h,validation,0.625,1302
5.0,0.167,805,0.672,2.7862,2242.9,FVG,1h,validation,0.625,1302
5.0,0.25,805,0.609,2.32,1867.6,FVG,1h,validation,0.625,1302
5.0,0.5,805,0.533,1.1393,917.17,FVG,1h,validation,0.625,1302
5.0,1.0,805,0.467,-0.5212,-419.56,FVG,1h,validation,0.625,1302
7.0,0.083,805,0.789,2.3229,1869.97,FVG,1h,validation,0.625,1302
7.0,0.125,805,0.701,2.9947,2410.72,FVG,1h,validation,0.625,1302
7.0,0.167,805,0.662,3.0572,2461.03,FVG,1h,validation,0.625,1302
7.0,0.25,805,0.598,2.6441,2128.51,FVG,1h,validation,0.625,1302
7.0,0.5,805,0.504,1.5255,1227.99,FVG,1h,validation,0.625,1302
7.0,1.0,805,0.429,-0.1916,-154.27,FVG,1h,validation,0.625,1302
10.0,0.083,805,0.789,2.3229,1869.97,FVG,1h,validation,0.625,1302
10.0,0.125,805,0.691,2.9689,2390.0,FVG,1h,validation,0.625,1302
10.0,0.167,805,0.65,3.0405,2447.64,FVG,1h,validation,0.625,1302
10.0,0.25,805,0.579,2.6355,2121.6,FVG,1h,validation,0.625,1302
10.0,0.5,805,0.476,1.5329,1233.97,FVG,1h,validation,0.625,1302
10.0,1.0,805,0.394,-0.1677,-134.98,FVG,1h,validation,0.625,1302
2.0,0.083,801,0.788,2.2758,1822.92,FVG,1h,validation,0.65,1302
2.0,0.125,801,0.739,2.3223,1860.16,FVG,1h,validation,0.65,1302
2.0,0.167,801,0.717,2.2112,1771.2,FVG,1h,validation,0.65,1302
2.0,0.25,801,0.669,1.7734,1420.48,FVG,1h,validation,0.65,1302
2.0,0.5,801,0.594,0.7268,582.17,FVG,1h,validation,0.65,1302
2.0,1.0,801,0.517,-0.8554,-685.19,FVG,1h,validation,0.65,1302
3.0,0.083,801,0.788,2.2758,1822.92,FVG,1h,validation,0.65,1302
3.0,0.125,801,0.714,2.3226,1860.4,FVG,1h,validation,0.65,1302
3.0,0.167,801,0.687,2.2494,1801.78,FVG,1h,validation,0.65,1302
3.0,0.25,801,0.637,1.8285,1464.66,FVG,1h,validation,0.65,1302
3.0,0.5,801,0.579,0.869,696.08,FVG,1h,validation,0.65,1302
3.0,1.0,801,0.516,-0.6408,-513.28,FVG,1h,validation,0.65,1302
4.0,0.083,801,0.788,2.2758,1822.92,FVG,1h,validation,0.65,1302
4.0,0.125,801,0.703,2.5213,2019.56,FVG,1h,validation,0.65,1302
4.0,0.167,801,0.674,2.5156,2014.97,FVG,1h,validation,0.65,1302
4.0,0.25,801,0.62,2.0619,1651.55,FVG,1h,validation,0.65,1302
4.0,0.5,801,0.563,0.9699,776.91,FVG,1h,validation,0.65,1302
4.0,1.0,801,0.502,-0.6294,-504.17,FVG,1h,validation,0.65,1302
5.0,0.083,801,0.788,2.2758,1822.92,FVG,1h,validation,0.65,1302
5.0,0.125,801,0.7,2.7312,2187.72,FVG,1h,validation,0.65,1302
5.0,0.167,801,0.67,2.721,2179.48,FVG,1h,validation,0.65,1302
5.0,0.25,801,0.609,2.231,1787.06,FVG,1h,validation,0.65,1302
5.0,0.5,801,0.537,1.0402,833.19,FVG,1h,validation,0.65,1302
5.0,1.0,801,0.472,-0.6218,-498.08,FVG,1h,validation,0.65,1302
7.0,0.083,801,0.788,2.2758,1822.92,FVG,1h,validation,0.65,1302
7.0,0.125,801,0.698,2.9546,2366.62,FVG,1h,validation,0.65,1302
7.0,0.167,801,0.66,3.0072,2408.74,FVG,1h,validation,0.65,1302
7.0,0.25,801,0.597,2.5844,2070.1,FVG,1h,validation,0.65,1302
7.0,0.5,801,0.506,1.3908,1114.05,FVG,1h,validation,0.65,1302
7.0,1.0,801,0.428,-0.3328,-266.55,FVG,1h,validation,0.65,1302
10.0,0.083,801,0.788,2.2758,1822.92,FVG,1h,validation,0.65,1302
10.0,0.125,801,0.688,2.9108,2331.55,FVG,1h,validation,0.65,1302
10.0,0.167,801,0.648,2.9645,2374.58,FVG,1h,validation,0.65,1302
10.0,0.25,801,0.576,2.5496,2042.24,FVG,1h,validation,0.65,1302
10.0,0.5,801,0.477,1.3407,1073.89,FVG,1h,validation,0.65,1302
10.0,1.0,801,0.393,-0.4269,-341.97,FVG,1h,validation,0.65,1302
2.0,0.083,800,0.785,2.2284,1782.73,FVG,1h,validation,0.675,1302
2.0,0.125,800,0.742,2.3901,1912.09,FVG,1h,validation,0.675,1302
2.0,0.167,800,0.721,2.2124,1769.95,FVG,1h,validation,0.675,1302
2.0,0.25,800,0.672,1.7535,1402.79,FVG,1h,validation,0.675,1302
2.0,0.5,800,0.6,0.6941,555.3,FVG,1h,validation,0.675,1302
2.0,1.0,800,0.516,-0.9052,-724.15,FVG,1h,validation,0.675,1302
3.0,0.083,800,0.785,2.2284,1782.73,FVG,1h,validation,0.675,1302
3.0,0.125,800,0.718,2.2997,1839.78,FVG,1h,validation,0.675,1302
3.0,0.167,800,0.689,2.1531,1722.49,FVG,1h,validation,0.675,1302
3.0,0.25,800,0.641,1.6892,1351.37,FVG,1h,validation,0.675,1302
3.0,0.5,800,0.584,0.6631,530.5,FVG,1h,validation,0.675,1302
3.0,1.0,800,0.515,-0.9013,-721.06,FVG,1h,validation,0.675,1302
4.0,0.083,800,0.785,2.2284,1782.73,FVG,1h,validation,0.675,1302
4.0,0.125,800,0.704,2.4795,1983.63,FVG,1h,validation,0.675,1302
4.0,0.167,800,0.674,2.3949,1915.88,FVG,1h,validation,0.675,1302
4.0,0.25,800,0.622,1.9238,1539.08,FVG,1h,validation,0.675,1302
4.0,0.5,800,0.566,0.7872,629.79,FVG,1h,validation,0.675,1302
4.0,1.0,800,0.502,-0.8278,-662.28,FVG,1h,validation,0.675,1302
5.0,0.083,800,0.785,2.2284,1782.73,FVG,1h,validation,0.675,1302
5.0,0.125,800,0.702,2.7292,2183.34,FVG,1h,validation,0.675,1302
5.0,0.167,800,0.672,2.6676,2134.08,FVG,1h,validation,0.675,1302
5.0,0.25,800,0.614,2.1733,1738.6,FVG,1h,validation,0.675,1302
5.0,0.5,800,0.546,0.9557,764.55,FVG,1h,validation,0.675,1302
5.0,1.0,800,0.476,-0.7558,-604.68,FVG,1h,validation,0.675,1302
7.0,0.083,800,0.785,2.2284,1782.73,FVG,1h,validation,0.675,1302
7.0,0.125,800,0.699,2.8972,2317.76,FVG,1h,validation,0.675,1302
7.0,0.167,800,0.661,2.8997,2319.75,FVG,1h,validation,0.675,1302
7.0,0.25,800,0.6,2.4397,1951.78,FVG,1h,validation,0.675,1302
7.0,0.5,800,0.515,1.2076,966.11,FVG,1h,validation,0.675,1302
7.0,1.0,800,0.432,-0.4742,-379.36,FVG,1h,validation,0.675,1302
10.0,0.083,800,0.785,2.2284,1782.73,FVG,1h,validation,0.675,1302
10.0,0.125,800,0.69,2.9248,2339.82,FVG,1h,validation,0.675,1302
10.0,0.167,800,0.65,2.9241,2339.26,FVG,1h,validation,0.675,1302
10.0,0.25,800,0.58,2.4668,1973.43,FVG,1h,validation,0.675,1302
10.0,0.5,800,0.485,1.2291,983.29,FVG,1h,validation,0.675,1302
10.0,1.0,800,0.398,-0.517,-413.62,FVG,1h,validation,0.675,1302
2.0,0.083,799,0.79,2.2788,1820.79,FVG,1h,validation,0.7,1302
2.0,0.125,799,0.741,2.3351,1865.78,FVG,1h,validation,0.7,1302
2.0,0.167,799,0.721,2.1638,1728.9,FVG,1h,validation,0.7,1302
2.0,0.25,799,0.672,1.6486,1317.25,FVG,1h,validation,0.7,1302
2.0,0.5,799,0.601,0.6546,523.06,FVG,1h,validation,0.7,1302
2.0,1.0,799,0.514,-0.9125,-729.07,FVG,1h,validation,0.7,1302
3.0,0.083,799,0.79,2.2788,1820.79,FVG,1h,validation,0.7,1302
3.0,0.125,799,0.717,2.2809,1822.45,FVG,1h,validation,0.7,1302
3.0,0.167,799,0.691,2.1919,1751.33,FVG,1h,validation,0.7,1302
3.0,0.25,799,0.643,1.6399,1310.25,FVG,1h,validation,0.7,1302
3.0,0.5,799,0.583,0.6524,521.24,FVG,1h,validation,0.7,1302
3.0,1.0,799,0.514,-0.8956,-715.58,FVG,1h,validation,0.7,1302
4.0,0.083,799,0.79,2.2788,1820.79,FVG,1h,validation,0.7,1302
4.0,0.125,799,0.705,2.4838,1984.56,FVG,1h,validation,0.7,1302
4.0,0.167,799,0.676,2.4482,1956.09,FVG,1h,validation,0.7,1302
4.0,0.25,799,0.627,1.929,1541.24,FVG,1h,validation,0.7,1302
4.0,0.5,799,0.572,0.9272,740.86,FVG,1h,validation,0.7,1302
4.0,1.0,799,0.507,-0.6424,-513.28,FVG,1h,validation,0.7,1302
5.0,0.083,799,0.79,2.2788,1820.79,FVG,1h,validation,0.7,1302
5.0,0.125,799,0.703,2.6955,2153.7,FVG,1h,validation,0.7,1302
5.0,0.167,799,0.672,2.663,2127.75,FVG,1h,validation,0.7,1302
5.0,0.25,799,0.616,2.1207,1694.46,FVG,1h,validation,0.7,1302
5.0,0.5,799,0.549,0.9434,753.81,FVG,1h,validation,0.7,1302
5.0,1.0,799,0.482,-0.7334,-586.02,FVG,1h,validation,0.7,1302
7.0,0.083,799,0.79,2.2788,1820.79,FVG,1h,validation,0.7,1302
7.0,0.125,799,0.7,2.9077,2323.22,FVG,1h,validation,0.7,1302
7.0,0.167,799,0.663,2.9361,2345.96,FVG,1h,validation,0.7,1302
7.0,0.25,799,0.606,2.4105,1926.0,FVG,1h,validation,0.7,1302
7.0,0.5,799,0.518,1.2038,961.86,FVG,1h,validation,0.7,1302
7.0,1.0,799,0.438,-0.4629,-369.89,FVG,1h,validation,0.7,1302
10.0,0.083,799,0.79,2.2788,1820.79,FVG,1h,validation,0.7,1302
10.0,0.125,799,0.691,2.9434,2351.78,FVG,1h,validation,0.7,1302
10.0,0.167,799,0.65,2.965,2369.01,FVG,1h,validation,0.7,1302
10.0,0.25,799,0.583,2.4373,1947.44,FVG,1h,validation,0.7,1302
10.0,0.5,799,0.487,1.167,932.4,FVG,1h,validation,0.7,1302
10.0,1.0,799,0.398,-0.5901,-471.52,FVG,1h,validation,0.7,1302
2.0,0.083,769,0.78,2.2761,1750.3,FVG,1h,holdout,0.3,1181
2.0,0.125,769,0.737,3.1451,2418.61,FVG,1h,holdout,0.3,1181
2.0,0.167,769,0.713,2.9289,2252.34,FVG,1h,holdout,0.3,1181
2.0,0.25,769,0.674,2.6796,2060.59,FVG,1h,holdout,0.3,1181
2.0,0.5,769,0.589,1.4332,1102.13,FVG,1h,holdout,0.3,1181
2.0,1.0,769,0.499,-0.1252,-96.31,FVG,1h,holdout,0.3,1181
3.0,0.083,769,0.78,2.2761,1750.3,FVG,1h,holdout,0.3,1181
3.0,0.125,769,0.723,3.1328,2409.14,FVG,1h,holdout,0.3,1181
3.0,0.167,769,0.693,2.9328,2255.36,FVG,1h,holdout,0.3,1181
3.0,0.25,769,0.638,2.7498,2114.59,FVG,1h,holdout,0.3,1181
3.0,0.5,769,0.547,1.3039,1002.7,FVG,1h,holdout,0.3,1181
3.0,1.0,769,0.466,-0.3949,-303.68,FVG,1h,holdout,0.3,1181
4.0,0.083,769,0.78,2.2761,1750.3,FVG,1h,holdout,0.3,1181
4.0,0.125,769,0.717,3.2869,2527.62,FVG,1h,holdout,0.3,1181
4.0,0.167,769,0.683,3.0826,2370.55,FVG,1h,holdout,0.3,1181
4.0,0.25,769,0.625,3.0652,2357.11,FVG,1h,holdout,0.3,1181
4.0,0.5,769,0.523,1.7208,1323.31,FVG,1h,holdout,0.3,1181
4.0,1.0,769,0.442,-0.064,-49.19,FVG,1h,holdout,0.3,1181
5.0,0.083,769,0.78,2.2761,1750.3,FVG,1h,holdout,0.3,1181
5.0,0.125,769,0.717,3.3722,2593.21,FVG,1h,holdout,0.3,1181
5.0,0.167,769,0.68,3.179,2444.63,FVG,1h,holdout,0.3,1181
5.0,0.25,769,0.62,3.1446,2418.17,FVG,1h,holdout,0.3,1181
5.0,0.5,769,0.51,1.8285,1406.12,FVG,1h,holdout,0.3,1181
5.0,1.0,769,0.424,-0.034,-26.12,FVG,1h,holdout,0.3,1181
7.0,0.083,769,0.78,2.2761,1750.3,FVG,1h,holdout,0.3,1181
7.0,0.125,769,0.713,3.4229,2632.24,FVG,1h,holdout,0.3,1181
7.0,0.167,769,0.675,3.2944,2533.37,FVG,1h,holdout,0.3,1181
7.0,0.25,769,0.614,3.369,2590.8,FVG,1h,holdout,0.3,1181
7.0,0.5,769,0.494,2.1837,1679.27,FVG,1h,holdout,0.3,1181
7.0,1.0,769,0.402,0.2476,190.42,FVG,1h,holdout,0.3,1181
10.0,0.083,769,0.78,2.2761,1750.3,FVG,1h,holdout,0.3,1181
10.0,0.125,769,0.709,3.4056,2618.9,FVG,1h,holdout,0.3,1181
10.0,0.167,769,0.67,3.2594,2506.5,FVG,1h,holdout,0.3,1181
10.0,0.25,769,0.607,3.3977,2612.81,FVG,1h,holdout,0.3,1181
10.0,0.5,769,0.481,2.2721,1747.25,FVG,1h,holdout,0.3,1181
10.0,1.0,769,0.384,0.3555,273.38,FVG,1h,holdout,0.3,1181
2.0,0.083,775,0.773,2.1869,1694.81,FVG,1h,holdout,0.325,1181
2.0,0.125,775,0.73,3.0174,2338.48,FVG,1h,holdout,0.325,1181
2.0,0.167,775,0.707,2.8042,2173.22,FVG,1h,holdout,0.325,1181
2.0,0.25,775,0.667,2.5216,1954.23,FVG,1h,holdout,0.325,1181
2.0,0.5,775,0.591,1.3145,1018.76,FVG,1h,holdout,0.325,1181
2.0,1.0,775,0.495,-0.3065,-237.54,FVG,1h,holdout,0.325,1181
3.0,0.083,775,0.773,2.1869,1694.81,FVG,1h,holdout,0.325,1181
3.0,0.125,775,0.716,3.0345,2351.7,FVG,1h,holdout,0.325,1181
3.0,0.167,775,0.688,2.8464,2205.99,FVG,1h,holdout,0.325,1181
3.0,0.25,775,0.632,2.6067,2020.16,FVG,1h,holdout,0.325,1181
3.0,0.5,775,0.551,1.2892,999.09,FVG,1h,holdout,0.325,1181
3.0,1.0,775,0.462,-0.4878,-378.02,FVG,1h,holdout,0.325,1181
4.0,0.083,775,0.773,2.1869,1694.81,FVG,1h,holdout,0.325,1181
4.0,0.125,775,0.71,3.1899,2472.2,FVG,1h,holdout,0.325,1181
4.0,0.167,775,0.679,3.0021,2326.62,FVG,1h,holdout,0.325,1181
4.0,0.25,775,0.622,2.9564,2291.17,FVG,1h,holdout,0.325,1181
4.0,0.5,775,0.525,1.6696,1293.91,FVG,1h,holdout,0.325,1181
4.0,1.0,775,0.443,-0.1997,-154.8,FVG,1h,holdout,0.325,1181
5.0,0.083,775,0.773,2.1869,1694.81,FVG,1h,holdout,0.325,1181
5.0,0.125,775,0.71,3.2903,2549.98,FVG,1h,holdout,0.325,1181
5.0,0.167,775,0.675,3.1218,2419.43,FVG,1h,holdout,0.325,1181
5.0,0.25,775,0.614,3.0421,2357.66,FVG,1h,holdout,0.325,1181
5.0,0.5,775,0.51,1.7896,1386.92,FVG,1h,holdout,0.325,1181
5.0,1.0,775,0.422,-0.178,-137.99,FVG,1h,holdout,0.325,1181
7.0,0.083,775,0.773,2.1869,1694.81,FVG,1h,holdout,0.325,1181
7.0,0.125,775,0.706,3.3409,2589.22,FVG,1h,holdout,0.325,1181
7.0,0.167,775,0.67,3.2371,2508.77,FVG,1h,holdout,0.325,1181
7.0,0.25,775,0.608,3.2691,2533.54,FVG,1h,holdout,0.325,1181
7.0,0.5,775,0.498,2.1932,1699.75,FVG,1h,holdout,0.325,1181
7.0,1.0,775,0.401,0.2088,161.83,FVG,1h,holdout,0.325,1181
10.0,0.083,775,0.773,2.1869,1694.81,FVG,1h,holdout,0.325,1181
10.0,0.125,775,0.702,3.3223,2574.8,FVG,1h,holdout,0.325,1181
10.0,0.167,775,0.666,3.2518,2520.14,FVG,1h,holdout,0.325,1181
10.0,0.25,775,0.603,3.3509,2596.93,FVG,1h,holdout,0.325,1181
10.0,0.5,775,0.484,2.2835,1769.68,FVG,1h,holdout,0.325,1181
10.0,1.0,775,0.382,0.3147,243.91,FVG,1h,holdout,0.325,1181
2.0,0.083,773,0.767,2.2024,1702.42,FVG,1h,holdout,0.35,1181
2.0,0.125,773,0.724,3.0727,2375.19,FVG,1h,holdout,0.35,1181
2.0,0.167,773,0.706,2.9056,2246.06,FVG,1h,holdout,0.35,1181
2.0,0.25,773,0.661,2.6046,2013.39,FVG,1h,holdout,0.35,1181
2.0,0.5,773,0.586,1.4051,1086.11,FVG,1h,holdout,0.35,1181
2.0,1.0,773,0.493,-0.2256,-174.38,FVG,1h,holdout,0.35,1181
3.0,0.083,773,0.767,2.2024,1702.42,FVG,1h,holdout,0.35,1181
3.0,0.125,773,0.709,2.9756,2300.16,FVG,1h,holdout,0.35,1181
3.0,0.167,773,0.686,2.8445,2198.78,FVG,1h,holdout,0.35,1181
3.0,0.25,773,0.625,2.5992,2009.15,FVG,1h,holdout,0.35,1181
3.0,0.5,773,0.542,1.1996,927.26,FVG,1h,holdout,0.35,1181
3.0,1.0,773,0.455,-0.574,-443.71,FVG,1h,holdout,0.35,1181
4.0,0.083,773,0.767,2.2024,1702.42,FVG,1h,holdout,0.35,1181
4.0,0.125,773,0.705,3.16,2442.69,FVG,1h,holdout,0.35,1181
4.0,0.167,773,0.679,3.0153,2330.85,FVG,1h,holdout,0.35,1181
4.0,0.25,773,0.617,2.9587,2287.07,FVG,1h,holdout,0.35,1181
4.0,0.5,773,0.52,1.6333,1262.56,FVG,1h,holdout,0.35,1181
4.0,1.0,773,0.437,-0.2765,-213.75,FVG,1h,holdout,0.35,1181
5.0,0.083,773,0.767,2.2024,1702.42,FVG,1h,holdout,0.35,1181
5.0,0.125,773,0.702,3.2206,2489.55,FVG,1h,holdout,0.35,1181
5.0,0.167,773,0.673,3.1162,2408.85,FVG,1h,holdout,0.35,1181
5.0,0.25,773,0.609,3.1131,2406.42,FVG,1h,holdout,0.35,1181
5.0,0.5,773,0.506,1.799,1390.65,FVG,1h,holdout,0.35,1181
5.0,1.0,773,0.415,-0.2266,-175.13,FVG,1h,holdout,0.35,1181
7.0,0.083,773,0.767,2.2024,1702.42,FVG,1h,holdout,0.35,1181
7.0,0.125,773,0.699,3.2677,2525.9,FVG,1h,holdout,0.35,1181
7.0,0.167,773,0.668,3.2153,2485.45,FVG,1h,holdout,0.35,1181
7.0,0.25,773,0.602,3.2388,2503.56,FVG,1h,holdout,0.35,1181
7.0,0.5,773,0.492,2.0871,1613.32,FVG,1h,holdout,0.35,1181
7.0,1.0,773,0.391,0.0395,30.56,FVG,1h,holdout,0.35,1181
10.0,0.083,773,0.767,2.2024,1702.42,FVG,1h,holdout,0.35,1181
10.0,0.125,773,0.695,3.2552,2516.25,FVG,1h,holdout,0.35,1181
10.0,0.167,773,0.664,3.2371,2502.25,FVG,1h,holdout,0.35,1181
10.0,0.25,773,0.596,3.3253,2570.48,FVG,1h,holdout,0.35,1181
10.0,0.5,773,0.477,2.1667,1674.88,FVG,1h,holdout,0.35,1181
10.0,1.0,773,0.371,0.093,71.89,FVG,1h,holdout,0.35,1181
2.0,0.083,772,0.763,2.219,1713.04,FVG,1h,holdout,0.375,1181
2.0,0.125,772,0.729,3.1431,2426.45,FVG,1h,holdout,0.375,1181
2.0,0.167,772,0.711,2.9078,2244.83,FVG,1h,holdout,0.375,1181
2.0,0.25,772,0.659,2.5717,1985.37,FVG,1h,holdout,0.375,1181
2.0,0.5,772,0.585,1.3155,1015.57,FVG,1h,holdout,0.375,1181
2.0,1.0,772,0.495,-0.2998,-231.45,FVG,1h,holdout,0.375,1181
3.0,0.083,772,0.763,2.219,1713.04,FVG,1h,holdout,0.375,1181
3.0,0.125,772,0.716,3.1508,2432.38,FVG,1h,holdout,0.375,1181
3.0,0.167,772,0.694,2.9865,2305.55,FVG,1h,holdout,0.375,1181
3.0,0.25,772,0.626,2.6305,2030.76,FVG,1h,holdout,0.375,1181
3.0,0.5,772,0.549,1.2828,990.36,FVG,1h,holdout,0.375,1181
3.0,1.0,772,0.462,-0.433,-334.28,FVG,1h,holdout,0.375,1181
4.0,0.083,772,0.763,2.219,1713.04,FVG,1h,holdout,0.375,1181
4.0,0.125,772,0.709,3.2651,2520.69,FVG,1h,holdout,0.375,1181
4.0,0.167,772,0.684,3.1252,2412.69,FVG,1h,holdout,0.375,1181
4.0,0.25,772,0.615,2.9693,2292.34,FVG,1h,holdout,0.375,1181
4.0,0.5,772,0.525,1.6341,1261.51,FVG,1h,holdout,0.375,1181
4.0,1.0,772,0.443,-0.2323,-179.32,FVG,1h,holdout,0.375,1181
5.0,0.083,772,0.763,2.219,1713.04,FVG,1h,holdout,0.375,1181
5.0,0.125,772,0.705,3.314,2558.41,FVG,1h,holdout,0.375,1181
5.0,0.167,772,0.677,3.1937,2465.51,FVG,1h,holdout,0.375,1181
5.0,0.25,772,0.605,3.0879,2383.83,FVG,1h,holdout,0.375,1181
5.0,0.5,772,0.508,1.7862,1378.91,FVG,1h,holdout,0.375,1181
5.0,1.0,772,0.417,-0.1951,-150.6,FVG,1h,holdout,0.375,1181
7.0,0.083,772,0.763,2.219,1713.04,FVG,1h,holdout,0.375,1181
7.0,0.125,772,0.702,3.3744,2605.06,FVG,1h,holdout,0.375,1181
7.0,0.167,772,0.674,3.3131,2557.7,FVG,1h,holdout,0.375,1181
7.0,0.25,772,0.598,3.2272,2491.37,FVG,1h,holdout,0.375,1181
7.0,0.5,772,0.497,2.0764,1603.0,FVG,1h,holdout,0.375,1181
7.0,1.0,772,0.396,0.1067,82.36,FVG,1h,holdout,0.375,1181
10.0,0.083,772,0.763,2.219,1713.04,FVG,1h,holdout,0.375,1181
10.0,0.125,772,0.697,3.3575,2592.02,FVG,1h,holdout,0.375,1181
10.0,0.167,772,0.668,3.3292,2570.17,FVG,1h,holdout,0.375,1181
10.0,0.25,772,0.593,3.3161,2560.04,FVG,1h,holdout,0.375,1181
10.0,0.5,772,0.481,2.1636,1670.27,FVG,1h,holdout,0.375,1181
10.0,1.0,772,0.376,0.1731,133.64,FVG,1h,holdout,0.375,1181
2.0,0.083,773,0.761,2.1676,1675.56,FVG,1h,holdout,0.4,1181
2.0,0.125,773,0.723,2.9424,2274.47,FVG,1h,holdout,0.4,1181
2.0,0.167,773,0.702,2.6888,2078.41,FVG,1h,holdout,0.4,1181
2.0,0.25,773,0.656,2.3409,1809.49,FVG,1h,holdout,0.4,1181
2.0,0.5,773,0.586,1.2281,949.32,FVG,1h,holdout,0.4,1181
2.0,1.0,773,0.497,-0.3974,-307.16,FVG,1h,holdout,0.4,1181
3.0,0.083,773,0.761,2.1676,1675.56,FVG,1h,holdout,0.4,1181
3.0,0.125,773,0.713,2.9889,2310.39,FVG,1h,holdout,0.4,1181
3.0,0.167,773,0.69,2.8157,2176.52,FVG,1h,holdout,0.4,1181
3.0,0.25,773,0.627,2.4657,1905.98,FVG,1h,holdout,0.4,1181
3.0,0.5,773,0.552,1.1747,908.05,FVG,1h,holdout,0.4,1181
3.0,1.0,773,0.464,-0.518,-400.43,FVG,1h,holdout,0.4,1181
4.0,0.083,773,0.761,2.1676,1675.56,FVG,1h,holdout,0.4,1181
4.0,0.125,773,0.708,3.1121,2405.64,FVG,1h,holdout,0.4,1181
4.0,0.167,773,0.679,2.9278,2263.18,FVG,1h,holdout,0.4,1181
4.0,0.25,773,0.616,2.7471,2123.49,FVG,1h,holdout,0.4,1181
4.0,0.5,773,0.529,1.5182,1173.55,FVG,1h,holdout,0.4,1181
4.0,1.0,773,0.444,-0.3031,-234.29,FVG,1h,holdout,0.4,1181
5.0,0.083,773,0.761,2.1676,1675.56,FVG,1h,holdout,0.4,1181
5.0,0.125,773,0.701,3.1261,2416.44,FVG,1h,holdout,0.4,1181
5.0,0.167,773,0.67,2.9799,2303.45,FVG,1h,holdout,0.4,1181
5.0,0.25,773,0.603,2.8626,2212.82,FVG,1h,holdout,0.4,1181
5.0,0.5,773,0.508,1.6275,1258.04,FVG,1h,holdout,0.4,1181
5.0,1.0,773,0.418,-0.2829,-218.66,FVG,1h,holdout,0.4,1181
7.0,0.083,773,0.761,2.1676,1675.56,FVG,1h,holdout,0.4,1181
7.0,0.125,773,0.699,3.1857,2462.52,FVG,1h,holdout,0.4,1181
7.0,0.167,773,0.666,3.0993,2395.77,FVG,1h,holdout,0.4,1181
7.0,0.25,773,0.596,2.998,2317.45,FVG,1h,holdout,0.4,1181
7.0,0.5,773,0.497,1.8989,1467.87,FVG,1h,holdout,0.4,1181
7.0,1.0,773,0.396,0.0881,68.07,FVG,1h,holdout,0.4,1181
10.0,0.083,773,0.761,2.1676,1675.56,FVG,1h,holdout,0.4,1181
10.0,0.125,773,0.695,3.1779,2456.53,FVG,1h,holdout,0.4,1181
10.0,0.167,773,0.662,3.1288,2418.57,FVG,1h,holdout,0.4,1181
10.0,0.25,773,0.592,3.1088,2403.13,FVG,1h,holdout,0.4,1181
10.0,0.5,773,0.481,1.9545,1510.8,FVG,1h,holdout,0.4,1181
10.0,1.0,773,0.374,0.0394,30.43,FVG,1h,holdout,0.4,1181
2.0,0.083,771,0.769,2.2508,1735.38,FVG,1h,holdout,0.425,1181
2.0,0.125,771,0.716,2.9056,2240.21,FVG,1h,holdout,0.425,1181
2.0,0.167,771,0.698,2.6927,2076.07,FVG,1h,holdout,0.425,1181
2.0,0.25,771,0.656,2.3633,1822.11,FVG,1h,holdout,0.425,1181
2.0,0.5,771,0.585,1.2163,937.76,FVG,1h,holdout,0.425,1181
2.0,1.0,771,0.497,-0.3969,-305.99,FVG,1h,holdout,0.425,1181
3.0,0.083,771,0.769,2.2508,1735.38,FVG,1h,holdout,0.425,1181
3.0,0.125,771,0.704,2.9469,2272.04,FVG,1h,holdout,0.425,1181
3.0,0.167,771,0.678,2.8013,2159.78,FVG,1h,holdout,0.425,1181
3.0,0.25,771,0.625,2.4823,1913.87,FVG,1h,holdout,0.425,1181
3.0,0.5,771,0.553,1.2088,931.95,FVG,1h,holdout,0.425,1181
3.0,1.0,771,0.467,-0.4764,-367.32,FVG,1h,holdout,0.425,1181
4.0,0.083,771,0.769,2.2508,1735.38,FVG,1h,holdout,0.425,1181
4.0,0.125,771,0.696,3.0405,2344.22,FVG,1h,holdout,0.425,1181
4.0,0.167,771,0.667,2.8843,2223.81,FVG,1h,holdout,0.425,1181
4.0,0.25,771,0.611,2.7077,2087.62,FVG,1h,holdout,0.425,1181
4.0,0.5,771,0.527,1.4404,1110.54,FVG,1h,holdout,0.425,1181
4.0,1.0,771,0.442,-0.3387,-261.16,FVG,1h,holdout,0.425,1181
5.0,0.083,771,0.769,2.2508,1735.38,FVG,1h,holdout,0.425,1181
5.0,0.125,771,0.69,3.0723,2368.75,FVG,1h,holdout,0.425,1181
5.0,0.167,771,0.659,2.9718,2291.3,FVG,1h,holdout,0.425,1181
5.0,0.25,771,0.601,2.8667,2210.22,FVG,1h,holdout,0.425,1181
5.0,0.5,771,0.51,1.6107,1241.87,FVG,1h,holdout,0.425,1181
5.0,1.0,771,0.42,-0.1912,-147.4,FVG,1h,holdout,0.425,1181
7.0,0.083,771,0.769,2.2508,1735.38,FVG,1h,holdout,0.425,1181
7.0,0.125,771,0.687,3.1221,2407.16,FVG,1h,holdout,0.425,1181
7.0,0.167,771,0.655,3.0657,2363.63,FVG,1h,holdout,0.425,1181
7.0,0.25,771,0.594,2.9867,2302.76,FVG,1h,holdout,0.425,1181
7.0,0.5,771,0.498,1.8521,1427.94,FVG,1h,holdout,0.425,1181
7.0,1.0,771,0.396,0.0455,35.08,FVG,1h,holdout,0.425,1181
10.0,0.083,771,0.769,2.2508,1735.38,FVG,1h,holdout,0.425,1181
10.0,0.125,771,0.684,3.129,2412.46,FVG,1h,holdout,0.425,1181
10.0,0.167,771,0.651,3.1191,2404.82,FVG,1h,holdout,0.425,1181
10.0,0.25,771,0.59,3.1117,2399.09,FVG,1h,holdout,0.425,1181
10.0,0.5,771,0.481,1.9443,1499.05,FVG,1h,holdout,0.425,1181
10.0,1.0,771,0.374,0.0692,53.32,FVG,1h,holdout,0.425,1181
2.0,0.083,768,0.768,2.2506,1728.43,FVG,1h,holdout,0.45,1181
2.0,0.125,768,0.712,2.8834,2214.45,FVG,1h,holdout,0.45,1181
2.0,0.167,768,0.694,2.687,2063.62,FVG,1h,holdout,0.45,1181
2.0,0.25,768,0.652,2.3716,1821.37,FVG,1h,holdout,0.45,1181
2.0,0.5,768,0.578,1.2051,925.51,FVG,1h,holdout,0.45,1181
2.0,1.0,768,0.49,-0.3927,-301.58,FVG,1h,holdout,0.45,1181
3.0,0.083,768,0.768,2.2506,1728.43,FVG,1h,holdout,0.45,1181
3.0,0.125,768,0.699,2.8074,2156.09,FVG,1h,holdout,0.45,1181
3.0,0.167,768,0.674,2.6607,2043.45,FVG,1h,holdout,0.45,1181
3.0,0.25,768,0.626,2.414,1853.91,FVG,1h,holdout,0.45,1181
3.0,0.5,768,0.552,1.1757,902.96,FVG,1h,holdout,0.45,1181
3.0,1.0,768,0.474,-0.4375,-336.02,FVG,1h,holdout,0.45,1181
4.0,0.083,768,0.768,2.2506,1728.43,FVG,1h,holdout,0.45,1181
4.0,0.125,768,0.69,2.9129,2237.14,FVG,1h,holdout,0.45,1181
4.0,0.167,768,0.66,2.7536,2114.74,FVG,1h,holdout,0.45,1181
4.0,0.25,768,0.608,2.6001,1996.84,FVG,1h,holdout,0.45,1181
4.0,0.5,768,0.522,1.2977,996.6,FVG,1h,holdout,0.45,1181
4.0,1.0,768,0.441,-0.409,-314.14,FVG,1h,holdout,0.45,1181
5.0,0.083,768,0.768,2.2506,1728.43,FVG,1h,holdout,0.45,1181
5.0,0.125,768,0.684,2.9562,2270.37,FVG,1h,holdout,0.45,1181
5.0,0.167,768,0.652,2.8495,2188.4,FVG,1h,holdout,0.45,1181
5.0,0.25,768,0.596,2.7731,2129.72,FVG,1h,holdout,0.45,1181
5.0,0.5,768,0.505,1.546,1187.33,FVG,1h,holdout,0.45,1181
5.0,1.0,768,0.417,-0.213,-163.61,FVG,1h,holdout,0.45,1181
7.0,0.083,768,0.768,2.2506,1728.43,FVG,1h,holdout,0.45,1181
7.0,0.125,768,0.681,3.0009,2304.66,FVG,1h,holdout,0.45,1181
7.0,0.167,768,0.65,2.9458,2262.38,FVG,1h,holdout,0.45,1181
7.0,0.25,768,0.59,2.8908,2220.13,FVG,1h,holdout,0.45,1181
7.0,0.5,768,0.492,1.7319,1330.13,FVG,1h,holdout,0.45,1181
7.0,1.0,768,0.392,-0.0231,-17.75,FVG,1h,holdout,0.45,1181
10.0,0.083,768,0.768,2.2506,1728.43,FVG,1h,holdout,0.45,1181
10.0,0.125,768,0.677,3.0113,2312.68,FVG,1h,holdout,0.45,1181
10.0,0.167,768,0.646,3.008,2310.11,FVG,1h,holdout,0.45,1181
10.0,0.25,768,0.586,3.0331,2329.39,FVG,1h,holdout,0.45,1181
10.0,0.5,768,0.477,1.8617,1429.8,FVG,1h,holdout,0.45,1181
10.0,1.0,768,0.37,0.0343,26.35,FVG,1h,holdout,0.45,1181
2.0,0.083,764,0.764,2.0879,1595.16,FVG,1h,holdout,0.475,1181
2.0,0.125,764,0.711,2.6903,2055.38,FVG,1h,holdout,0.475,1181
2.0,0.167,764,0.685,2.4158,1845.65,FVG,1h,holdout,0.475,1181
2.0,0.25,764,0.647,2.1237,1622.48,FVG,1h,holdout,0.475,1181
2.0,0.5,764,0.568,0.8837,675.14,FVG,1h,holdout,0.475,1181
2.0,1.0,764,0.479,-0.5942,-453.94,FVG,1h,holdout,0.475,1181
3.0,0.083,764,0.764,2.0879,1595.16,FVG,1h,holdout,0.475,1181
3.0,0.125,764,0.696,2.6819,2048.98,FVG,1h,holdout,0.475,1181
3.0,0.167,764,0.665,2.4386,1863.12,FVG,1h,holdout,0.475,1181
3.0,0.25,764,0.622,2.2039,1683.76,FVG,1h,holdout,0.475,1181
3.0,0.5,764,0.545,0.919,702.12,FVG,1h,holdout,0.475,1181
3.0,1.0,764,0.469,-0.6891,-526.44,FVG,1h,holdout,0.475,1181
4.0,0.083,764,0.764,2.0879,1595.16,FVG,1h,holdout,0.475,1181
4.0,0.125,764,0.688,2.7569,2106.27,FVG,1h,holdout,0.475,1181
4.0,0.167,764,0.653,2.5103,1917.9,FVG,1h,holdout,0.475,1181
4.0,0.25,764,0.605,2.3587,1802.06,FVG,1h,holdout,0.475,1181
4.0,0.5,764,0.516,0.9839,751.67,FVG,1h,holdout,0.475,1181
4.0,1.0,764,0.438,-0.6998,-534.66,FVG,1h,holdout,0.475,1181
5.0,0.083,764,0.764,2.0879,1595.16,FVG,1h,holdout,0.475,1181
5.0,0.125,764,0.679,2.7837,2126.71,FVG,1h,holdout,0.475,1181
5.0,0.167,764,0.643,2.6079,1992.41,FVG,1h,holdout,0.475,1181
5.0,0.25,764,0.593,2.5364,1937.78,FVG,1h,holdout,0.475,1181
5.0,0.5,764,0.499,1.2457,951.71,FVG,1h,holdout,0.475,1181
5.0,1.0,764,0.416,-0.5107,-390.18,FVG,1h,holdout,0.475,1181
7.0,0.083,764,0.764,2.0879,1595.16,FVG,1h,holdout,0.475,1181
7.0,0.125,764,0.678,2.8445,2173.2,FVG,1h,holdout,0.475,1181
7.0,0.167,764,0.641,2.7167,2075.52,FVG,1h,holdout,0.475,1181
7.0,0.25,764,0.585,2.6788,2046.6,FVG,1h,holdout,0.475,1181
7.0,0.5,764,0.484,1.488,1136.82,FVG,1h,holdout,0.475,1181
7.0,1.0,764,0.391,-0.321,-245.28,FVG,1h,holdout,0.475,1181
10.0,0.083,764,0.764,2.0879,1595.16,FVG,1h,holdout,0.475,1181
10.0,0.125,764,0.674,2.8546,2180.93,FVG,1h,holdout,0.475,1181
10.0,0.167,764,0.637,2.7808,2124.54,FVG,1h,holdout,0.475,1181
10.0,0.25,764,0.581,2.8323,2163.88,FVG,1h,holdout,0.475,1181
10.0,0.5,764,0.471,1.7035,1301.51,FVG,1h,holdout,0.475,1181
10.0,1.0,764,0.37,-0.1161,-88.73,FVG,1h,holdout,0.475,1181
2.0,0.083,761,0.771,1.9662,1496.28,FVG,1h,holdout,0.5,1181
2.0,0.125,761,0.707,2.5394,1932.46,FVG,1h,holdout,0.5,1181
2.0,0.167,761,0.681,2.2821,1736.66,FVG,1h,holdout,0.5,1181
2.0,0.25,761,0.644,1.9431,1478.71,FVG,1h,holdout,0.5,1181
2.0,0.5,761,0.569,0.7356,559.81,FVG,1h,holdout,0.5,1181
2.0,1.0,761,0.482,-0.7083,-538.98,FVG,1h,holdout,0.5,1181
3.0,0.083,761,0.771,1.9662,1496.28,FVG,1h,holdout,0.5,1181
3.0,0.125,761,0.696,2.7467,2090.23,FVG,1h,holdout,0.5,1181
3.0,0.167,761,0.662,2.4976,1900.64,FVG,1h,holdout,0.5,1181
3.0,0.25,761,0.622,2.2112,1682.7,FVG,1h,holdout,0.5,1181
3.0,0.5,761,0.548,1.0099,768.57,FVG,1h,holdout,0.5,1181
3.0,1.0,761,0.473,-0.5732,-436.23,FVG,1h,holdout,0.5,1181
4.0,0.083,761,0.771,1.9662,1496.28,FVG,1h,holdout,0.5,1181
4.0,0.125,761,0.686,2.6913,2048.1,FVG,1h,holdout,0.5,1181
4.0,0.167,761,0.648,2.4089,1833.16,FVG,1h,holdout,0.5,1181
4.0,0.25,761,0.602,2.2285,1695.87,FVG,1h,holdout,0.5,1181
4.0,0.5,761,0.516,0.9063,689.69,FVG,1h,holdout,0.5,1181
4.0,1.0,761,0.443,-0.7121,-541.9,FVG,1h,holdout,0.5,1181
5.0,0.083,761,0.771,1.9662,1496.28,FVG,1h,holdout,0.5,1181
5.0,0.125,761,0.675,2.7137,2065.13,FVG,1h,holdout,0.5,1181
5.0,0.167,761,0.636,2.5209,1918.4,FVG,1h,holdout,0.5,1181
5.0,0.25,761,0.589,2.4554,1868.54,FVG,1h,holdout,0.5,1181
5.0,0.5,761,0.499,1.2506,951.69,FVG,1h,holdout,0.5,1181
5.0,1.0,761,0.422,-0.4684,-356.47,FVG,1h,holdout,0.5,1181
7.0,0.083,761,0.771,1.9662,1496.28,FVG,1h,holdout,0.5,1181
7.0,0.125,761,0.674,2.7793,2115.07,FVG,1h,holdout,0.5,1181
7.0,0.167,761,0.635,2.6283,2000.14,FVG,1h,holdout,0.5,1181
7.0,0.25,761,0.581,2.5745,1959.19,FVG,1h,holdout,0.5,1181
7.0,0.5,761,0.484,1.4557,1107.78,FVG,1h,holdout,0.5,1181
7.0,1.0,761,0.394,-0.1979,-150.61,FVG,1h,holdout,0.5,1181
10.0,0.083,761,0.771,1.9662,1496.28,FVG,1h,holdout,0.5,1181
10.0,0.125,761,0.671,2.8256,2150.26,FVG,1h,holdout,0.5,1181
10.0,0.167,761,0.632,2.7262,2074.66,FVG,1h,holdout,0.5,1181
10.0,0.25,761,0.578,2.7577,2098.58,FVG,1h,holdout,0.5,1181
10.0,0.5,761,0.472,1.7089,1300.49,FVG,1h,holdout,0.5,1181
10.0,1.0,761,0.373,-0.0333,-25.37,FVG,1h,holdout,0.5,1181
2.0,0.083,759,0.777,2.0463,1553.13,FVG,1h,holdout,0.525,1181
2.0,0.125,759,0.709,2.3526,1785.62,FVG,1h,holdout,0.525,1181
2.0,0.167,759,0.675,2.0577,1561.77,FVG,1h,holdout,0.525,1181
2.0,0.25,759,0.64,1.6418,1246.13,FVG,1h,holdout,0.525,1181
2.0,0.5,759,0.568,0.6077,461.25,FVG,1h,holdout,0.525,1181
2.0,1.0,759,0.482,-0.8527,-647.23,FVG,1h,holdout,0.525,1181
3.0,0.083,759,0.777,2.0463,1553.13,FVG,1h,holdout,0.525,1181
3.0,0.125,759,0.698,2.6333,1998.71,FVG,1h,holdout,0.525,1181
3.0,0.167,759,0.66,2.3583,1789.92,FVG,1h,holdout,0.525,1181
3.0,0.25,759,0.625,1.9945,1513.84,FVG,1h,holdout,0.525,1181
3.0,0.5,759,0.548,0.9561,725.68,FVG,1h,holdout,0.525,1181
3.0,1.0,759,0.476,-0.6495,-492.97,FVG,1h,holdout,0.525,1181
4.0,0.083,759,0.777,2.0463,1553.13,FVG,1h,holdout,0.525,1181
4.0,0.125,759,0.686,2.5791,1957.53,FVG,1h,holdout,0.525,1181
4.0,0.167,759,0.646,2.278,1728.99,FVG,1h,holdout,0.525,1181
4.0,0.25,759,0.605,2.0192,1532.56,FVG,1h,holdout,0.525,1181
4.0,0.5,759,0.522,0.9512,721.95,FVG,1h,holdout,0.525,1181
4.0,1.0,759,0.449,-0.6781,-514.71,FVG,1h,holdout,0.525,1181
5.0,0.083,759,0.777,2.0463,1553.13,FVG,1h,holdout,0.525,1181
5.0,0.125,759,0.679,2.6246,1992.04,FVG,1h,holdout,0.525,1181
5.0,0.167,759,0.635,2.416,1833.72,FVG,1h,holdout,0.525,1181
5.0,0.25,759,0.593,2.286,1735.07,FVG,1h,holdout,0.525,1181
5.0,0.5,759,0.505,1.2646,959.85,FVG,1h,holdout,0.525,1181
5.0,1.0,759,0.428,-0.513,-389.4,FVG,1h,holdout,0.525,1181
7.0,0.083,759,0.777,2.0463,1553.13,FVG,1h,holdout,0.525,1181
7.0,0.125,759,0.676,2.6812,2035.05,FVG,1h,holdout,0.525,1181
7.0,0.167,759,0.632,2.5049,1901.24,FVG,1h,holdout,0.525,1181
7.0,0.25,759,0.585,2.3763,1803.59,FVG,1h,holdout,0.525,1181
7.0,0.5,759,0.487,1.4341,1088.44,FVG,1h,holdout,0.525,1181
7.0,1.0,759,0.401,-0.3322,-252.16,FVG,1h,holdout,0.525,1181
10.0,0.083,759,0.777,2.0463,1553.13,FVG,1h,holdout,0.525,1181
10.0,0.125,759,0.673,2.7337,2074.87,FVG,1h,holdout,0.525,1181
10.0,0.167,759,0.63,2.6193,1988.08,FVG,1h,holdout,0.525,1181
10.0,0.25,759,0.581,2.5827,1960.31,FVG,1h,holdout,0.525,1181
10.0,0.5,759,0.477,1.7654,1339.92,FVG,1h,holdout,0.525,1181
10.0,1.0,759,0.377,-0.033,-25.03,FVG,1h,holdout,0.525,1181
2.0,0.083,758,0.78,2.0801,1576.7,FVG,1h,holdout,0.55,1181
2.0,0.125,758,0.712,2.3985,1818.1,FVG,1h,holdout,0.55,1181
2.0,0.167,758,0.679,2.1195,1606.59,FVG,1h,holdout,0.55,1181
2.0,0.25,758,0.644,1.7531,1328.83,FVG,1h,holdout,0.55,1181
2.0,0.5,758,0.577,0.7676,581.87,FVG,1h,holdout,0.55,1181
2.0,1.0,758,0.483,-0.7072,-536.03,FVG,1h,holdout,0.55,1181
3.0,0.083,758,0.78,2.0801,1576.7,FVG,1h,holdout,0.55,1181
3.0,0.125,758,0.699,2.6766,2028.87,FVG,1h,holdout,0.55,1181
3.0,0.167,758,0.662,2.4155,1830.97,FVG,1h,holdout,0.55,1181
3.0,0.25,758,0.62,2.1094,1598.91,FVG,1h,holdout,0.55,1181
3.0,0.5,758,0.55,1.135,860.34,FVG,1h,holdout,0.55,1181
3.0,1.0,758,0.479,-0.4962,-376.09,FVG,1h,holdout,0.55,1181
4.0,0.083,758,0.78,2.0801,1576.7,FVG,1h,holdout,0.55,1181
4.0,0.125,758,0.686,2.5591,1939.81,FVG,1h,holdout,0.55,1181
4.0,0.167,758,0.649,2.3737,1799.26,FVG,1h,holdout,0.55,1181
4.0,0.25,758,0.602,2.1269,1612.2,FVG,1h,holdout,0.55,1181
4.0,0.5,758,0.524,1.0947,829.78,FVG,1h,holdout,0.55,1181
4.0,1.0,758,0.451,-0.5259,-398.61,FVG,1h,holdout,0.55,1181
5.0,0.083,758,0.78,2.0801,1576.7,FVG,1h,holdout,0.55,1181
5.0,0.125,758,0.678,2.6169,1983.58,FVG,1h,holdout,0.55,1181
5.0,0.167,758,0.637,2.4302,1842.08,FVG,1h,holdout,0.55,1181
5.0,0.25,758,0.587,2.3113,1751.96,FVG,1h,holdout,0.55,1181
5.0,0.5,758,0.505,1.3198,1000.42,FVG,1h,holdout,0.55,1181
5.0,1.0,758,0.43,-0.4327,-327.98,FVG,1h,holdout,0.55,1181
7.0,0.083,758,0.78,2.0801,1576.7,FVG,1h,holdout,0.55,1181
7.0,0.125,758,0.678,2.7072,2052.08,FVG,1h,holdout,0.55,1181
7.0,0.167,758,0.636,2.5557,1937.2,FVG,1h,holdout,0.55,1181
7.0,0.25,758,0.58,2.4613,1865.67,FVG,1h,holdout,0.55,1181
7.0,0.5,758,0.489,1.5798,1197.52,FVG,1h,holdout,0.55,1181
7.0,1.0,758,0.405,-0.1395,-105.76,FVG,1h,holdout,0.55,1181
10.0,0.083,758,0.78,2.0801,1576.7,FVG,1h,holdout,0.55,1181
10.0,0.125,758,0.675,2.7623,2093.84,FVG,1h,holdout,0.55,1181
10.0,0.167,758,0.633,2.6768,2029.0,FVG,1h,holdout,0.55,1181
10.0,0.25,758,0.577,2.6748,2027.47,FVG,1h,holdout,0.55,1181
10.0,0.5,758,0.478,1.8703,1417.71,FVG,1h,holdout,0.55,1181
10.0,1.0,758,0.379,0.0592,44.84,FVG,1h,holdout,0.55,1181
2.0,0.083,759,0.785,2.1167,1606.56,FVG,1h,holdout,0.575,1181
2.0,0.125,759,0.722,2.5012,1898.45,FVG,1h,holdout,0.575,1181
2.0,0.167,759,0.682,2.1924,1664.03,FVG,1h,holdout,0.575,1181
2.0,0.25,759,0.647,1.7783,1349.72,FVG,1h,holdout,0.575,1181
2.0,0.5,759,0.573,0.7327,556.12,FVG,1h,holdout,0.575,1181
2.0,1.0,759,0.485,-0.7489,-568.4,FVG,1h,holdout,0.575,1181
3.0,0.083,759,0.785,2.1167,1606.56,FVG,1h,holdout,0.575,1181
3.0,0.125,759,0.708,2.6411,2004.58,FVG,1h,holdout,0.575,1181
3.0,0.167,759,0.66,2.3508,1784.26,FVG,1h,holdout,0.575,1181
3.0,0.25,759,0.619,2.0286,1539.68,FVG,1h,holdout,0.575,1181
3.0,0.5,759,0.543,1.0084,765.37,FVG,1h,holdout,0.575,1181
3.0,1.0,759,0.48,-0.6296,-477.86,FVG,1h,holdout,0.575,1181
4.0,0.083,759,0.785,2.1167,1606.56,FVG,1h,holdout,0.575,1181
4.0,0.125,759,0.696,2.57,1950.63,FVG,1h,holdout,0.575,1181
4.0,0.167,759,0.651,2.378,1804.91,FVG,1h,holdout,0.575,1181
4.0,0.25,759,0.605,2.1003,1594.11,FVG,1h,holdout,0.575,1181
4.0,0.5,759,0.522,1.0372,787.23,FVG,1h,holdout,0.575,1181
4.0,1.0,759,0.455,-0.5913,-448.8,FVG,1h,holdout,0.575,1181
5.0,0.083,759,0.785,2.1167,1606.56,FVG,1h,holdout,0.575,1181
5.0,0.125,759,0.686,2.5995,1973.06,FVG,1h,holdout,0.575,1181
5.0,0.167,759,0.636,2.3824,1808.21,FVG,1h,holdout,0.575,1181
5.0,0.25,759,0.588,2.2132,1679.81,FVG,1h,holdout,0.575,1181
5.0,0.5,759,0.498,1.1772,893.48,FVG,1h,holdout,0.575,1181
5.0,1.0,759,0.427,-0.517,-392.37,FVG,1h,holdout,0.575,1181
7.0,0.083,759,0.785,2.1167,1606.56,FVG,1h,holdout,0.575,1181
7.0,0.125,759,0.686,2.696,2046.23,FVG,1h,holdout,0.575,1181
7.0,0.167,759,0.635,2.5239,1915.66,FVG,1h,holdout,0.575,1181
7.0,0.25,759,0.582,2.4664,1872.0,FVG,1h,holdout,0.575,1181
7.0,0.5,759,0.484,1.4878,1129.22,FVG,1h,holdout,0.575,1181
7.0,1.0,759,0.402,-0.3316,-251.65,FVG,1h,holdout,0.575,1181
10.0,0.083,759,0.785,2.1167,1606.56,FVG,1h,holdout,0.575,1181
10.0,0.125,759,0.684,2.7505,2087.6,FVG,1h,holdout,0.575,1181
10.0,0.167,759,0.632,2.641,2004.51,FVG,1h,holdout,0.575,1181
10.0,0.25,759,0.577,2.6001,1973.49,FVG,1h,holdout,0.575,1181
10.0,0.5,759,0.47,1.7229,1307.69,FVG,1h,holdout,0.575,1181
10.0,1.0,759,0.373,-0.1207,-91.58,FVG,1h,holdout,0.575,1181
2.0,0.083,757,0.783,2.1642,1638.32,FVG,1h,holdout,0.6,1181
2.0,0.125,757,0.729,2.4833,1879.89,FVG,1h,holdout,0.6,1181
2.0,0.167,757,0.692,2.2163,1677.74,FVG,1h,holdout,0.6,1181
2.0,0.25,757,0.654,1.8234,1380.29,FVG,1h,holdout,0.6,1181
2.0,0.5,757,0.585,0.7685,581.73,FVG,1h,holdout,0.6,1181
2.0,1.0,757,0.482,-0.7363,-557.4,FVG,1h,holdout,0.6,1181
3.0,0.083,757,0.783,2.1642,1638.32,FVG,1h,holdout,0.6,1181
3.0,0.125,757,0.715,2.7309,2067.31,FVG,1h,holdout,0.6,1181
3.0,0.167,757,0.668,2.4299,1839.42,FVG,1h,holdout,0.6,1181
3.0,0.25,757,0.627,2.0526,1553.82,FVG,1h,holdout,0.6,1181
3.0,0.5,757,0.554,1.0307,780.27,FVG,1h,holdout,0.6,1181
3.0,1.0,757,0.485,-0.4783,-362.08,FVG,1h,holdout,0.6,1181
4.0,0.083,757,0.783,2.1642,1638.32,FVG,1h,holdout,0.6,1181
4.0,0.125,757,0.704,2.6353,1994.93,FVG,1h,holdout,0.6,1181
4.0,0.167,757,0.657,2.4425,1848.98,FVG,1h,holdout,0.6,1181
4.0,0.25,757,0.612,2.1575,1633.24,FVG,1h,holdout,0.6,1181
4.0,0.5,757,0.532,1.027,777.44,FVG,1h,holdout,0.6,1181
4.0,1.0,757,0.462,-0.5284,-400.04,FVG,1h,holdout,0.6,1181
5.0,0.083,757,0.783,2.1642,1638.32,FVG,1h,holdout,0.6,1181
5.0,0.125,757,0.695,2.6956,2040.55,FVG,1h,holdout,0.6,1181
5.0,0.167,757,0.643,2.5031,1894.82,FVG,1h,holdout,0.6,1181
5.0,0.25,757,0.593,2.3232,1758.68,FVG,1h,holdout,0.6,1181
5.0,0.5,757,0.506,1.2215,924.69,FVG,1h,holdout,0.6,1181
5.0,1.0,757,0.433,-0.3781,-286.2,FVG,1h,holdout,0.6,1181
7.0,0.083,757,0.783,2.1642,1638.32,FVG,1h,holdout,0.6,1181
7.0,0.125,757,0.694,2.776,2101.46,FVG,1h,holdout,0.6,1181
7.0,0.167,757,0.641,2.6551,2009.91,FVG,1h,holdout,0.6,1181
7.0,0.25,757,0.588,2.5906,1961.08,FVG,1h,holdout,0.6,1181
7.0,0.5,757,0.495,1.6416,1242.71,FVG,1h,holdout,0.6,1181
7.0,1.0,757,0.41,-0.0329,-24.87,FVG,1h,holdout,0.6,1181
10.0,0.083,757,0.783,2.1642,1638.32,FVG,1h,holdout,0.6,1181
10.0,0.125,757,0.69,2.824,2137.76,FVG,1h,holdout,0.6,1181
10.0,0.167,757,0.637,2.764,2092.36,FVG,1h,holdout,0.6,1181
10.0,0.25,757,0.581,2.7212,2059.96,FVG,1h,holdout,0.6,1181
10.0,0.5,757,0.481,1.8468,1398.05,FVG,1h,holdout,0.6,1181
10.0,1.0,757,0.38,0.1139,86.23,FVG,1h,holdout,0.6,1181
2.0,0.083,759,0.783,2.1514,1632.92,FVG,1h,holdout,0.625,1181
2.0,0.125,759,0.733,2.4323,1846.09,FVG,1h,holdout,0.625,1181
2.0,0.167,759,0.686,2.1454,1628.37,FVG,1h,holdout,0.625,1181
2.0,0.25,759,0.65,1.7093,1297.36,FVG,1h,holdout,0.625,1181
2.0,0.5,759,0.582,0.7066,536.28,FVG,1h,holdout,0.625,1181
2.0,1.0,759,0.485,-0.8243,-625.62,FVG,1h,holdout,0.625,1181
3.0,0.083,759,0.783,2.1514,1632.92,FVG,1h,holdout,0.625,1181
3.0,0.125,759,0.719,2.673,2028.78,FVG,1h,holdout,0.625,1181
3.0,0.167,759,0.667,2.3289,1767.67,FVG,1h,holdout,0.625,1181
3.0,0.25,759,0.625,1.9401,1472.53,FVG,1h,holdout,0.625,1181
3.0,0.5,759,0.551,0.8606,653.19,FVG,1h,holdout,0.625,1181
3.0,1.0,759,0.487,-0.6491,-492.66,FVG,1h,holdout,0.625,1181
4.0,0.083,759,0.783,2.1514,1632.92,FVG,1h,holdout,0.625,1181
4.0,0.125,759,0.711,2.6927,2043.79,FVG,1h,holdout,0.625,1181
4.0,0.167,759,0.657,2.4461,1856.61,FVG,1h,holdout,0.625,1181
4.0,0.25,759,0.61,2.1287,1615.65,FVG,1h,holdout,0.625,1181
4.0,0.5,759,0.53,1.0041,762.12,FVG,1h,holdout,0.625,1181
4.0,1.0,759,0.464,-0.6142,-466.19,FVG,1h,holdout,0.625,1181
5.0,0.083,759,0.783,2.1514,1632.92,FVG,1h,holdout,0.625,1181
5.0,0.125,759,0.7,2.6509,2012.0,FVG,1h,holdout,0.625,1181
5.0,0.167,759,0.642,2.4117,1830.45,FVG,1h,holdout,0.625,1181
5.0,0.25,759,0.589,2.1902,1662.37,FVG,1h,holdout,0.625,1181
5.0,0.5,759,0.503,1.0886,826.26,FVG,1h,holdout,0.625,1181
5.0,1.0,759,0.435,-0.5541,-420.57,FVG,1h,holdout,0.625,1181
7.0,0.083,759,0.783,2.1514,1632.92,FVG,1h,holdout,0.625,1181
7.0,0.125,759,0.698,2.7245,2067.88,FVG,1h,holdout,0.625,1181
7.0,0.167,759,0.639,2.5581,1941.57,FVG,1h,holdout,0.625,1181
7.0,0.25,759,0.584,2.4518,1860.94,FVG,1h,holdout,0.625,1181
7.0,0.5,759,0.493,1.496,1135.5,FVG,1h,holdout,0.625,1181
7.0,1.0,759,0.412,-0.2505,-190.13,FVG,1h,holdout,0.625,1181
10.0,0.083,759,0.783,2.1514,1632.92,FVG,1h,holdout,0.625,1181
10.0,0.125,759,0.696,2.7774,2108.06,FVG,1h,holdout,0.625,1181
10.0,0.167,759,0.636,2.6727,2028.54,FVG,1h,holdout,0.625,1181
10.0,0.25,759,0.577,2.5979,1971.78,FVG,1h,holdout,0.625,1181
10.0,0.5,759,0.477,1.7187,1304.5,FVG,1h,holdout,0.625,1181
10.0,1.0,759,0.385,-0.0206,-15.62,FVG,1h,holdout,0.625,1181
2.0,0.083,751,0.784,2.1525,1616.5,FVG,1h,holdout,0.65,1181
2.0,0.125,751,0.736,2.4421,1834.05,FVG,1h,holdout,0.65,1181
2.0,0.167,751,0.699,2.1735,1632.27,FVG,1h,holdout,0.65,1181
2.0,0.25,751,0.656,1.7288,1298.34,FVG,1h,holdout,0.65,1181
2.0,0.5,751,0.591,0.7383,554.43,FVG,1h,holdout,0.65,1181
2.0,1.0,751,0.494,-0.7836,-588.49,FVG,1h,holdout,0.65,1181
3.0,0.083,751,0.784,2.1525,1616.5,FVG,1h,holdout,0.65,1181
3.0,0.125,751,0.72,2.5796,1937.29,FVG,1h,holdout,0.65,1181
3.0,0.167,751,0.672,2.2646,1700.69,FVG,1h,holdout,0.65,1181
3.0,0.25,751,0.628,1.8351,1378.14,FVG,1h,holdout,0.65,1181
3.0,0.5,751,0.557,0.7614,571.82,FVG,1h,holdout,0.65,1181
3.0,1.0,751,0.49,-0.8095,-607.94,FVG,1h,holdout,0.65,1181
4.0,0.083,751,0.784,2.1525,1616.5,FVG,1h,holdout,0.65,1181
4.0,0.125,751,0.715,2.824,2120.81,FVG,1h,holdout,0.65,1181
4.0,0.167,751,0.666,2.553,1917.3,FVG,1h,holdout,0.65,1181
4.0,0.25,751,0.614,2.1694,1629.26,FVG,1h,holdout,0.65,1181
4.0,0.5,751,0.537,1.2384,930.01,FVG,1h,holdout,0.65,1181
4.0,1.0,751,0.467,-0.4155,-312.01,FVG,1h,holdout,0.65,1181
5.0,0.083,751,0.784,2.1525,1616.5,FVG,1h,holdout,0.65,1181
5.0,0.125,751,0.699,2.6745,2008.52,FVG,1h,holdout,0.65,1181
5.0,0.167,751,0.646,2.4242,1820.61,FVG,1h,holdout,0.65,1181
5.0,0.25,751,0.59,2.1256,1596.3,FVG,1h,holdout,0.65,1181
5.0,0.5,751,0.509,1.1968,898.81,FVG,1h,holdout,0.65,1181
5.0,1.0,751,0.435,-0.5376,-403.73,FVG,1h,holdout,0.65,1181
7.0,0.083,751,0.784,2.1525,1616.5,FVG,1h,holdout,0.65,1181
7.0,0.125,751,0.698,2.756,2069.74,FVG,1h,holdout,0.65,1181
7.0,0.167,751,0.643,2.587,1942.86,FVG,1h,holdout,0.65,1181
7.0,0.25,751,0.583,2.3963,1799.61,FVG,1h,holdout,0.65,1181
7.0,0.5,751,0.494,1.5377,1154.79,FVG,1h,holdout,0.65,1181
7.0,1.0,751,0.409,-0.3313,-248.83,FVG,1h,holdout,0.65,1181
10.0,0.083,751,0.784,2.1525,1616.5,FVG,1h,holdout,0.65,1181
10.0,0.125,751,0.695,2.8137,2113.09,FVG,1h,holdout,0.65,1181
10.0,0.167,751,0.64,2.7079,2033.64,FVG,1h,holdout,0.65,1181
10.0,0.25,751,0.577,2.5432,1909.96,FVG,1h,holdout,0.65,1181
10.0,0.5,751,0.479,1.7649,1325.45,FVG,1h,holdout,0.65,1181
10.0,1.0,751,0.382,-0.0718,-53.9,FVG,1h,holdout,0.65,1181
2.0,0.083,748,0.789,2.1998,1645.43,FVG,1h,holdout,0.675,1181
2.0,0.125,748,0.734,2.376,1777.23,FVG,1h,holdout,0.675,1181
2.0,0.167,748,0.706,2.1484,1607.03,FVG,1h,holdout,0.675,1181
2.0,0.25,748,0.667,1.6735,1251.81,FVG,1h,holdout,0.675,1181
2.0,0.5,748,0.6,0.6718,502.47,FVG,1h,holdout,0.675,1181
2.0,1.0,748,0.495,-0.8478,-634.12,FVG,1h,holdout,0.675,1181
3.0,0.083,748,0.789,2.1998,1645.43,FVG,1h,holdout,0.675,1181
3.0,0.125,748,0.717,2.5394,1899.49,FVG,1h,holdout,0.675,1181
3.0,0.167,748,0.68,2.3,1720.42,FVG,1h,holdout,0.675,1181
3.0,0.25,748,0.64,1.8578,1389.64,FVG,1h,holdout,0.675,1181
3.0,0.5,748,0.563,0.7851,587.23,FVG,1h,holdout,0.675,1181
3.0,1.0,748,0.491,-0.8015,-599.51,FVG,1h,holdout,0.675,1181
4.0,0.083,748,0.789,2.1998,1645.43,FVG,1h,holdout,0.675,1181
4.0,0.125,748,0.711,2.7919,2088.32,FVG,1h,holdout,0.675,1181
4.0,0.167,748,0.672,2.5923,1939.01,FVG,1h,holdout,0.675,1181
4.0,0.25,748,0.624,2.2252,1664.42,FVG,1h,holdout,0.675,1181
4.0,0.5,748,0.54,1.2192,911.95,FVG,1h,holdout,0.675,1181
4.0,1.0,748,0.468,-0.4977,-372.29,FVG,1h,holdout,0.675,1181
5.0,0.083,748,0.789,2.1998,1645.43,FVG,1h,holdout,0.675,1181
5.0,0.125,748,0.698,2.66,1989.67,FVG,1h,holdout,0.675,1181
5.0,0.167,748,0.655,2.4768,1852.61,FVG,1h,holdout,0.675,1181
5.0,0.25,748,0.6,2.1468,1605.77,FVG,1h,holdout,0.675,1181
5.0,0.5,748,0.512,1.1401,852.77,FVG,1h,holdout,0.675,1181
5.0,1.0,748,0.439,-0.6191,-463.06,FVG,1h,holdout,0.675,1181
7.0,0.083,748,0.789,2.1998,1645.43,FVG,1h,holdout,0.675,1181
7.0,0.125,748,0.693,2.726,2039.07,FVG,1h,holdout,0.675,1181
7.0,0.167,748,0.648,2.6344,1970.52,FVG,1h,holdout,0.675,1181
7.0,0.25,748,0.591,2.4303,1817.85,FVG,1h,holdout,0.675,1181
7.0,0.5,748,0.499,1.573,1176.64,FVG,1h,holdout,0.675,1181
7.0,1.0,748,0.412,-0.3286,-245.77,FVG,1h,holdout,0.675,1181
10.0,0.083,748,0.789,2.1998,1645.43,FVG,1h,holdout,0.675,1181
10.0,0.125,748,0.691,2.8021,2095.94,FVG,1h,holdout,0.675,1181
10.0,0.167,748,0.647,2.7776,2077.63,FVG,1h,holdout,0.675,1181
10.0,0.25,748,0.586,2.5857,1934.08,FVG,1h,holdout,0.675,1181
10.0,0.5,748,0.488,1.8504,1384.11,FVG,1h,holdout,0.675,1181
10.0,1.0,748,0.386,0.0128,9.59,FVG,1h,holdout,0.675,1181
2.0,0.083,744,0.789,2.2015,1637.89,FVG,1h,holdout,0.7,1181
2.0,0.125,744,0.731,2.2665,1686.28,FVG,1h,holdout,0.7,1181
2.0,0.167,744,0.707,2.0262,1507.53,FVG,1h,holdout,0.7,1181
2.0,0.25,744,0.661,1.5338,1141.16,FVG,1h,holdout,0.7,1181
2.0,0.5,744,0.587,0.5663,421.31,FVG,1h,holdout,0.7,1181
2.0,1.0,744,0.48,-0.9691,-720.98,FVG,1h,holdout,0.7,1181
3.0,0.083,744,0.789,2.2015,1637.89,FVG,1h,holdout,0.7,1181
3.0,0.125,744,0.716,2.4711,1838.49,FVG,1h,holdout,0.7,1181
3.0,0.167,744,0.688,2.1942,1632.47,FVG,1h,holdout,0.7,1181
3.0,0.25,744,0.642,1.7533,1304.46,FVG,1h,holdout,0.7,1181
3.0,0.5,744,0.56,0.6614,492.08,FVG,1h,holdout,0.7,1181
3.0,1.0,744,0.485,-1.0867,-808.49,FVG,1h,holdout,0.7,1181
4.0,0.083,744,0.789,2.2015,1637.89,FVG,1h,holdout,0.7,1181
4.0,0.125,744,0.71,2.7609,2054.14,FVG,1h,holdout,0.7,1181
4.0,0.167,744,0.679,2.5273,1880.34,FVG,1h,holdout,0.7,1181
4.0,0.25,744,0.622,2.1535,1602.17,FVG,1h,holdout,0.7,1181
4.0,0.5,744,0.535,1.1205,833.68,FVG,1h,holdout,0.7,1181
4.0,1.0,744,0.468,-0.6891,-512.67,FVG,1h,holdout,0.7,1181
5.0,0.083,744,0.789,2.2015,1637.89,FVG,1h,holdout,0.7,1181
5.0,0.125,744,0.703,2.7365,2035.97,FVG,1h,holdout,0.7,1181
5.0,0.167,744,0.668,2.5094,1867.01,FVG,1h,holdout,0.7,1181
5.0,0.25,744,0.606,2.163,1609.27,FVG,1h,holdout,0.7,1181
5.0,0.5,744,0.513,1.1102,825.99,FVG,1h,holdout,0.7,1181
5.0,1.0,744,0.442,-0.7004,-521.06,FVG,1h,holdout,0.7,1181
7.0,0.083,744,0.789,2.2015,1637.89,FVG,1h,holdout,0.7,1181
7.0,0.125,744,0.694,2.7663,2058.1,FVG,1h,holdout,0.7,1181
7.0,0.167,744,0.657,2.6339,1959.61,FVG,1h,holdout,0.7,1181
7.0,0.25,744,0.591,2.4037,1788.35,FVG,1h,holdout,0.7,1181
7.0,0.5,744,0.495,1.4622,1087.86,FVG,1h,holdout,0.7,1181
7.0,1.0,744,0.409,-0.5254,-390.88,FVG,1h,holdout,0.7,1181
10.0,0.083,744,0.789,2.2015,1637.89,FVG,1h,holdout,0.7,1181
10.0,0.125,744,0.692,2.8552,2124.29,FVG,1h,holdout,0.7,1181
10.0,0.167,744,0.656,2.7984,2082.0,FVG,1h,holdout,0.7,1181
10.0,0.25,744,0.586,2.5976,1932.63,FVG,1h,holdout,0.7,1181
10.0,0.5,744,0.484,1.8209,1354.76,FVG,1h,holdout,0.7,1181
10.0,1.0,744,0.384,-0.0455,-33.85,FVG,1h,holdout,0.7,1181
2.0,0.083,963,0.787,2.6789,2579.76,FVG,2h,train,0.3,1847
2.0,0.125,963,0.835,3.6739,3537.99,FVG,2h,train,0.3,1847
2.0,0.167,963,0.812,4.2073,4051.61,FVG,2h,train,0.3,1847
2.0,0.25,963,0.762,3.7622,3622.97,FVG,2h,train,0.3,1847
2.0,0.5,963,0.677,3.0214,2909.62,FVG,2h,train,0.3,1847
2.0,1.0,963,0.587,1.7642,1698.9,FVG,2h,train,0.3,1847
3.0,0.083,963,0.787,2.6789,2579.76,FVG,2h,train,0.3,1847
3.0,0.125,963,0.835,3.6739,3537.99,FVG,2h,train,0.3,1847
3.0,0.167,963,0.804,4.5703,4401.18,FVG,2h,train,0.3,1847
3.0,0.25,963,0.75,4.2621,4104.44,FVG,2h,train,0.3,1847
3.0,0.5,963,0.665,3.7524,3613.57,FVG,2h,train,0.3,1847
3.0,1.0,963,0.573,2.4366,2346.44,FVG,2h,train,0.3,1847
4.0,0.083,963,0.787,2.6789,2579.76,FVG,2h,train,0.3,1847
4.0,0.125,963,0.835,3.6739,3537.99,FVG,2h,train,0.3,1847
4.0,0.167,963,0.799,4.5945,4424.54,FVG,2h,train,0.3,1847
4.0,0.25,963,0.74,4.4032,4240.32,FVG,2h,train,0.3,1847
4.0,0.5,963,0.649,3.9907,3843.08,FVG,2h,train,0.3,1847
4.0,1.0,963,0.549,2.7123,2611.92,FVG,2h,train,0.3,1847
5.0,0.083,963,0.787,2.6789,2579.76,FVG,2h,train,0.3,1847
5.0,0.125,963,0.835,3.6739,3537.99,FVG,2h,train,0.3,1847
5.0,0.167,963,0.799,4.6685,4495.72,FVG,2h,train,0.3,1847
5.0,0.25,963,0.74,4.5607,4391.99,FVG,2h,train,0.3,1847
5.0,0.5,963,0.648,4.2092,4053.5,FVG,2h,train,0.3,1847
5.0,1.0,963,0.543,2.9836,2873.16,FVG,2h,train,0.3,1847
7.0,0.083,963,0.787,2.6789,2579.76,FVG,2h,train,0.3,1847
7.0,0.125,963,0.835,3.6739,3537.99,FVG,2h,train,0.3,1847
7.0,0.167,963,0.793,4.6842,4510.91,FVG,2h,train,0.3,1847
7.0,0.25,963,0.735,4.6652,4492.55,FVG,2h,train,0.3,1847
7.0,0.5,963,0.638,4.552,4383.59,FVG,2h,train,0.3,1847
7.0,1.0,963,0.521,3.413,3286.73,FVG,2h,train,0.3,1847
10.0,0.083,963,0.787,2.6789,2579.76,FVG,2h,train,0.3,1847
10.0,0.125,963,0.835,3.6739,3537.99,FVG,2h,train,0.3,1847
10.0,0.167,963,0.792,4.7293,4554.32,FVG,2h,train,0.3,1847
10.0,0.25,963,0.732,4.6435,4471.69,FVG,2h,train,0.3,1847
10.0,0.5,963,0.631,4.7232,4548.44,FVG,2h,train,0.3,1847
10.0,1.0,963,0.508,3.7905,3650.29,FVG,2h,train,0.3,1847
2.0,0.083,956,0.786,2.6785,2560.69,FVG,2h,train,0.325,1847
2.0,0.125,956,0.839,3.7698,3603.9,FVG,2h,train,0.325,1847
2.0,0.167,956,0.811,4.4024,4208.7,FVG,2h,train,0.325,1847
2.0,0.25,956,0.767,4.085,3905.24,FVG,2h,train,0.325,1847
2.0,0.5,956,0.68,3.2796,3135.34,FVG,2h,train,0.325,1847
2.0,1.0,956,0.588,1.8861,1803.14,FVG,2h,train,0.325,1847
3.0,0.083,956,0.786,2.6785,2560.69,FVG,2h,train,0.325,1847
3.0,0.125,956,0.839,3.7698,3603.9,FVG,2h,train,0.325,1847
3.0,0.167,956,0.8,4.5507,4350.46,FVG,2h,train,0.325,1847
3.0,0.25,956,0.75,4.3137,4123.92,FVG,2h,train,0.325,1847
3.0,0.5,956,0.663,3.7196,3555.91,FVG,2h,train,0.325,1847
3.0,1.0,956,0.571,2.3606,2256.7,FVG,2h,train,0.325,1847
4.0,0.083,956,0.786,2.6785,2560.69,FVG,2h,train,0.325,1847
4.0,0.125,956,0.839,3.7698,3603.9,FVG,2h,train,0.325,1847
4.0,0.167,956,0.795,4.5764,4375.01,FVG,2h,train,0.325,1847
4.0,0.25,956,0.741,4.4662,4269.69,FVG,2h,train,0.325,1847
4.0,0.5,956,0.649,4.0013,3825.23,FVG,2h,train,0.325,1847
4.0,1.0,956,0.548,2.6947,2576.12,FVG,2h,train,0.325,1847
5.0,0.083,956,0.786,2.6785,2560.69,FVG,2h,train,0.325,1847
5.0,0.125,956,0.839,3.7698,3603.9,FVG,2h,train,0.325,1847
5.0,0.167,956,0.795,4.6392,4435.03,FVG,2h,train,0.325,1847
5.0,0.25,956,0.741,4.6113,4408.4,FVG,2h,train,0.325,1847
5.0,0.5,956,0.649,4.2317,4045.55,FVG,2h,train,0.325,1847
5.0,1.0,956,0.544,2.9698,2839.08,FVG,2h,train,0.325,1847
7.0,0.083,956,0.786,2.6785,2560.69,FVG,2h,train,0.325,1847
7.0,0.125,956,0.839,3.7698,3603.9,FVG,2h,train,0.325,1847
7.0,0.167,956,0.791,4.6761,4470.33,FVG,2h,train,0.325,1847
7.0,0.25,956,0.736,4.7493,4540.35,FVG,2h,train,0.325,1847
7.0,0.5,956,0.638,4.5858,4384.01,FVG,2h,train,0.325,1847
7.0,1.0,956,0.522,3.4191,3268.62,FVG,2h,train,0.325,1847
10.0,0.083,956,0.786,2.6785,2560.69,FVG,2h,train,0.325,1847
10.0,0.125,956,0.839,3.7698,3603.9,FVG,2h,train,0.325,1847
10.0,0.167,956,0.789,4.7076,4500.47,FVG,2h,train,0.325,1847
10.0,0.25,956,0.732,4.7065,4499.38,FVG,2h,train,0.325,1847
10.0,0.5,956,0.631,4.7229,4515.07,FVG,2h,train,0.325,1847
10.0,1.0,956,0.507,3.7695,3603.65,FVG,2h,train,0.325,1847
2.0,0.083,952,0.784,2.65,2522.78,FVG,2h,train,0.35,1847
2.0,0.125,952,0.841,3.8368,3652.62,FVG,2h,train,0.35,1847
2.0,0.167,952,0.813,4.4686,4254.1,FVG,2h,train,0.35,1847
2.0,0.25,952,0.767,4.0774,3881.69,FVG,2h,train,0.35,1847
2.0,0.5,952,0.683,3.2259,3071.03,FVG,2h,train,0.35,1847
2.0,1.0,952,0.59,1.8836,1793.17,FVG,2h,train,0.35,1847
3.0,0.083,952,0.784,2.65,2522.78,FVG,2h,train,0.35,1847
3.0,0.125,952,0.841,3.8368,3652.62,FVG,2h,train,0.35,1847
3.0,0.167,952,0.805,4.6135,4392.03,FVG,2h,train,0.35,1847
3.0,0.25,952,0.751,4.2903,4084.4,FVG,2h,train,0.35,1847
3.0,0.5,952,0.663,3.6046,3431.54,FVG,2h,train,0.35,1847
3.0,1.0,952,0.568,2.1549,2051.44,FVG,2h,train,0.35,1847
4.0,0.083,952,0.784,2.65,2522.78,FVG,2h,train,0.35,1847
4.0,0.125,952,0.841,3.8368,3652.62,FVG,2h,train,0.35,1847
4.0,0.167,952,0.799,4.6704,4446.22,FVG,2h,train,0.35,1847
4.0,0.25,952,0.741,4.4663,4251.94,FVG,2h,train,0.35,1847
4.0,0.5,952,0.649,3.9168,3728.82,FVG,2h,train,0.35,1847
4.0,1.0,952,0.545,2.5302,2408.75,FVG,2h,train,0.35,1847
5.0,0.083,952,0.784,2.65,2522.78,FVG,2h,train,0.35,1847
5.0,0.125,952,0.841,3.8368,3652.62,FVG,2h,train,0.35,1847
5.0,0.167,952,0.799,4.7277,4500.81,FVG,2h,train,0.35,1847
5.0,0.25,952,0.741,4.5995,4378.76,FVG,2h,train,0.35,1847
5.0,0.5,952,0.649,4.1374,3938.76,FVG,2h,train,0.35,1847
5.0,1.0,952,0.542,2.8319,2695.99,FVG,2h,train,0.35,1847
7.0,0.083,952,0.784,2.65,2522.78,FVG,2h,train,0.35,1847
7.0,0.125,952,0.841,3.8368,3652.62,FVG,2h,train,0.35,1847
7.0,0.167,952,0.795,4.7685,4539.61,FVG,2h,train,0.35,1847
7.0,0.25,952,0.736,4.7506,4522.6,FVG,2h,train,0.35,1847
7.0,0.5,952,0.64,4.5728,4353.28,FVG,2h,train,0.35,1847
7.0,1.0,952,0.521,3.3977,3234.64,FVG,2h,train,0.35,1847
10.0,0.083,952,0.784,2.65,2522.78,FVG,2h,train,0.35,1847
10.0,0.125,952,0.841,3.8368,3652.62,FVG,2h,train,0.35,1847
10.0,0.167,952,0.793,4.7971,4566.81,FVG,2h,train,0.35,1847
10.0,0.25,952,0.732,4.704,4478.23,FVG,2h,train,0.35,1847
10.0,0.5,952,0.633,4.7593,4530.89,FVG,2h,train,0.35,1847
10.0,1.0,952,0.506,3.7875,3605.66,FVG,2h,train,0.35,1847
2.0,0.083,944,0.784,2.6066,2460.63,FVG,2h,train,0.375,1847
2.0,0.125,944,0.838,3.8022,3589.31,FVG,2h,train,0.375,1847
2.0,0.167,944,0.81,4.3889,4143.12,FVG,2h,train,0.375,1847
2.0,0.25,944,0.768,3.9537,3732.32,FVG,2h,train,0.375,1847
2.0,0.5,944,0.68,2.8833,2721.87,FVG,2h,train,0.375,1847
2.0,1.0,944,0.582,1.4784,1395.59,FVG,2h,train,0.375,1847
3.0,0.083,944,0.784,2.6066,2460.63,FVG,2h,train,0.375,1847
3.0,0.125,944,0.838,3.8022,3589.31,FVG,2h,train,0.375,1847
3.0,0.167,944,0.802,4.5297,4276.03,FVG,2h,train,0.375,1847
3.0,0.25,944,0.756,4.1859,3951.5,FVG,2h,train,0.375,1847
3.0,0.5,944,0.661,3.3106,3125.24,FVG,2h,train,0.375,1847
3.0,1.0,944,0.566,1.9027,1796.15,FVG,2h,train,0.375,1847
4.0,0.083,944,0.784,2.6066,2460.63,FVG,2h,train,0.375,1847
4.0,0.125,944,0.838,3.8022,3589.31,FVG,2h,train,0.375,1847
4.0,0.167,944,0.798,4.599,4341.44,FVG,2h,train,0.375,1847
4.0,0.25,944,0.747,4.4003,4153.89,FVG,2h,train,0.375,1847
4.0,0.5,944,0.649,3.6305,3427.18,FVG,2h,train,0.375,1847
4.0,1.0,944,0.541,2.2691,2141.99,FVG,2h,train,0.375,1847
5.0,0.083,944,0.784,2.6066,2460.63,FVG,2h,train,0.375,1847
5.0,0.125,944,0.838,3.8022,3589.31,FVG,2h,train,0.375,1847
5.0,0.167,944,0.798,4.6527,4392.16,FVG,2h,train,0.375,1847
5.0,0.25,944,0.746,4.5069,4254.47,FVG,2h,train,0.375,1847
5.0,0.5,944,0.648,3.8263,3612.01,FVG,2h,train,0.375,1847
5.0,1.0,944,0.539,2.5482,2405.55,FVG,2h,train,0.375,1847
7.0,0.083,944,0.784,2.6066,2460.63,FVG,2h,train,0.375,1847
7.0,0.125,944,0.838,3.8022,3589.31,FVG,2h,train,0.375,1847
7.0,0.167,944,0.793,4.6945,4431.64,FVG,2h,train,0.375,1847
7.0,0.25,944,0.74,4.6416,4381.63,FVG,2h,train,0.375,1847
7.0,0.5,944,0.638,4.2602,4021.59,FVG,2h,train,0.375,1847
7.0,1.0,944,0.518,3.1976,3018.55,FVG,2h,train,0.375,1847
10.0,0.083,944,0.784,2.6066,2460.63,FVG,2h,train,0.375,1847
10.0,0.125,944,0.838,3.8022,3589.31,FVG,2h,train,0.375,1847
10.0,0.167,944,0.792,4.7448,4479.13,FVG,2h,train,0.375,1847
10.0,0.25,944,0.737,4.6268,4367.74,FVG,2h,train,0.375,1847
10.0,0.5,944,0.632,4.4862,4234.93,FVG,2h,train,0.375,1847
10.0,1.0,944,0.502,3.5077,3311.26,FVG,2h,train,0.375,1847
2.0,0.083,940,0.781,2.6277,2470.0,FVG,2h,train,0.4,1847
2.0,0.125,940,0.841,3.7961,3568.3,FVG,2h,train,0.4,1847
2.0,0.167,940,0.814,4.4533,4186.07,FVG,2h,train,0.4,1847
2.0,0.25,940,0.777,4.145,3896.33,FVG,2h,train,0.4,1847
2.0,0.5,940,0.685,3.1246,2937.09,FVG,2h,train,0.4,1847
2.0,1.0,940,0.586,1.7289,1625.2,FVG,2h,train,0.4,1847
3.0,0.083,940,0.781,2.6277,2470.0,FVG,2h,train,0.4,1847
3.0,0.125,940,0.841,3.7961,3568.3,FVG,2h,train,0.4,1847
3.0,0.167,940,0.804,4.5367,4264.53,FVG,2h,train,0.4,1847
3.0,0.25,940,0.765,4.1998,3947.86,FVG,2h,train,0.4,1847
3.0,0.5,940,0.664,3.2848,3087.67,FVG,2h,train,0.4,1847
3.0,1.0,940,0.567,1.8803,1767.45,FVG,2h,train,0.4,1847
4.0,0.083,940,0.781,2.6277,2470.0,FVG,2h,train,0.4,1847
4.0,0.125,940,0.841,3.7961,3568.3,FVG,2h,train,0.4,1847
4.0,0.167,940,0.8,4.616,4339.06,FVG,2h,train,0.4,1847
4.0,0.25,940,0.755,4.4394,4173.03,FVG,2h,train,0.4,1847
4.0,0.5,940,0.655,3.7065,3484.14,FVG,2h,train,0.4,1847
4.0,1.0,940,0.549,2.3579,2216.42,FVG,2h,train,0.4,1847
5.0,0.083,940,0.781,2.6277,2470.0,FVG,2h,train,0.4,1847
5.0,0.125,940,0.841,3.7961,3568.3,FVG,2h,train,0.4,1847
5.0,0.167,940,0.8,4.6928,4411.26,FVG,2h,train,0.4,1847
5.0,0.25,940,0.754,4.5819,4306.98,FVG,2h,train,0.4,1847
5.0,0.5,940,0.652,3.8818,3648.9,FVG,2h,train,0.4,1847
5.0,1.0,940,0.544,2.5998,2443.77,FVG,2h,train,0.4,1847
7.0,0.083,940,0.781,2.6277,2470.0,FVG,2h,train,0.4,1847
7.0,0.125,940,0.841,3.7961,3568.3,FVG,2h,train,0.4,1847
7.0,0.167,940,0.796,4.7289,4445.21,FVG,2h,train,0.4,1847
7.0,0.25,940,0.749,4.7091,4426.6,FVG,2h,train,0.4,1847
7.0,0.5,940,0.643,4.2904,4032.94,FVG,2h,train,0.4,1847
7.0,1.0,940,0.526,3.1966,3004.81,FVG,2h,train,0.4,1847
10.0,0.083,940,0.781,2.6277,2470.0,FVG,2h,train,0.4,1847
10.0,0.125,940,0.841,3.7961,3568.3,FVG,2h,train,0.4,1847
10.0,0.167,940,0.795,4.7756,4489.09,FVG,2h,train,0.4,1847
10.0,0.25,940,0.746,4.6916,4410.06,FVG,2h,train,0.4,1847
10.0,0.5,940,0.636,4.5584,4284.88,FVG,2h,train,0.4,1847
10.0,1.0,940,0.51,3.5882,3372.87,FVG,2h,train,0.4,1847
2.0,0.083,931,0.783,2.604,2424.36,FVG,2h,train,0.425,1847
2.0,0.125,931,0.837,3.7888,3527.33,FVG,2h,train,0.425,1847
2.0,0.167,931,0.813,4.4075,4103.34,FVG,2h,train,0.425,1847
2.0,0.25,931,0.769,4.0376,3758.97,FVG,2h,train,0.425,1847
2.0,0.5,931,0.683,3.0995,2885.63,FVG,2h,train,0.425,1847
2.0,1.0,931,0.586,1.7751,1652.6,FVG,2h,train,0.425,1847
3.0,0.083,931,0.783,2.604,2424.36,FVG,2h,train,0.425,1847
3.0,0.125,931,0.837,3.7888,3527.33,FVG,2h,train,0.425,1847
3.0,0.167,931,0.806,4.4945,4184.38,FVG,2h,train,0.425,1847
3.0,0.25,931,0.76,4.2096,3919.09,FVG,2h,train,0.425,1847
3.0,0.5,931,0.666,3.2433,3019.47,FVG,2h,train,0.425,1847
3.0,1.0,931,0.57,1.9061,1774.62,FVG,2h,train,0.425,1847
4.0,0.083,931,0.783,2.604,2424.36,FVG,2h,train,0.425,1847
4.0,0.125,931,0.837,3.7888,3527.33,FVG,2h,train,0.425,1847
4.0,0.167,931,0.8,4.6111,4292.97,FVG,2h,train,0.425,1847
4.0,0.25,931,0.751,4.4609,4153.1,FVG,2h,train,0.425,1847
4.0,0.5,931,0.656,3.6796,3425.67,FVG,2h,train,0.425,1847
4.0,1.0,931,0.554,2.3554,2192.85,FVG,2h,train,0.425,1847
5.0,0.083,931,0.783,2.604,2424.36,FVG,2h,train,0.425,1847
5.0,0.125,931,0.837,3.7888,3527.33,FVG,2h,train,0.425,1847
5.0,0.167,931,0.8,4.6791,4356.28,FVG,2h,train,0.425,1847
5.0,0.25,931,0.75,4.6147,4296.29,FVG,2h,train,0.425,1847
5.0,0.5,931,0.651,3.8913,3622.8,FVG,2h,train,0.425,1847
5.0,1.0,931,0.547,2.6943,2508.43,FVG,2h,train,0.425,1847
7.0,0.083,931,0.783,2.604,2424.36,FVG,2h,train,0.425,1847
7.0,0.125,931,0.837,3.7888,3527.33,FVG,2h,train,0.425,1847
7.0,0.167,931,0.796,4.7105,4385.47,FVG,2h,train,0.425,1847
7.0,0.25,931,0.744,4.7441,4416.8,FVG,2h,train,0.425,1847
7.0,0.5,931,0.642,4.3014,4004.58,FVG,2h,train,0.425,1847
7.0,1.0,931,0.533,3.2939,3066.63,FVG,2h,train,0.425,1847
10.0,0.083,931,0.783,2.604,2424.36,FVG,2h,train,0.425,1847
10.0,0.125,931,0.837,3.7888,3527.33,FVG,2h,train,0.425,1847
10.0,0.167,931,0.795,4.757,4428.8,FVG,2h,train,0.425,1847
10.0,0.25,931,0.741,4.7242,4398.22,FVG,2h,train,0.425,1847
10.0,0.5,931,0.636,4.5882,4271.61,FVG,2h,train,0.425,1847
10.0,1.0,931,0.516,3.6879,3433.44,FVG,2h,train,0.425,1847
2.0,0.083,928,0.781,2.6206,2431.87,FVG,2h,train,0.45,1847
2.0,0.125,928,0.843,3.9157,3633.79,FVG,2h,train,0.45,1847
2.0,0.167,928,0.815,4.4072,4089.88,FVG,2h,train,0.45,1847
2.0,0.25,928,0.769,4.0396,3748.79,FVG,2h,train,0.45,1847
2.0,0.5,928,0.688,3.1463,2919.76,FVG,2h,train,0.45,1847
2.0,1.0,928,0.593,1.8552,1721.6,FVG,2h,train,0.45,1847
3.0,0.083,928,0.781,2.6206,2431.87,FVG,2h,train,0.45,1847
3.0,0.125,928,0.843,3.9157,3633.79,FVG,2h,train,0.45,1847
3.0,0.167,928,0.807,4.5092,4184.51,FVG,2h,train,0.45,1847
3.0,0.25,928,0.758,4.1344,3836.69,FVG,2h,train,0.45,1847
3.0,0.5,928,0.667,3.2535,3019.25,FVG,2h,train,0.45,1847
3.0,1.0,928,0.573,1.8986,1761.88,FVG,2h,train,0.45,1847
4.0,0.083,928,0.781,2.6206,2431.87,FVG,2h,train,0.45,1847
4.0,0.125,928,0.843,3.9157,3633.79,FVG,2h,train,0.45,1847
4.0,0.167,928,0.802,4.654,4318.88,FVG,2h,train,0.45,1847
4.0,0.25,928,0.75,4.4368,4117.38,FVG,2h,train,0.45,1847
4.0,0.5,928,0.659,3.7071,3440.17,FVG,2h,train,0.45,1847
4.0,1.0,928,0.558,2.4154,2241.53,FVG,2h,train,0.45,1847
5.0,0.083,928,0.781,2.6206,2431.87,FVG,2h,train,0.45,1847
5.0,0.125,928,0.843,3.9157,3633.79,FVG,2h,train,0.45,1847
5.0,0.167,928,0.802,4.7327,4391.93,FVG,2h,train,0.45,1847
5.0,0.25,928,0.748,4.5868,4256.51,FVG,2h,train,0.45,1847
5.0,0.5,928,0.652,3.9091,3627.69,FVG,2h,train,0.45,1847
5.0,1.0,928,0.547,2.7039,2509.23,FVG,2h,train,0.45,1847
7.0,0.083,928,0.781,2.6206,2431.87,FVG,2h,train,0.45,1847
7.0,0.125,928,0.843,3.9157,3633.79,FVG,2h,train,0.45,1847
7.0,0.167,928,0.797,4.7655,4422.41,FVG,2h,train,0.45,1847
7.0,0.25,928,0.742,4.7218,4381.83,FVG,2h,train,0.45,1847
7.0,0.5,928,0.643,4.2958,3986.51,FVG,2h,train,0.45,1847
7.0,1.0,928,0.532,3.2701,3034.63,FVG,2h,train,0.45,1847
10.0,0.083,928,0.781,2.6206,2431.87,FVG,2h,train,0.45,1847
10.0,0.125,928,0.843,3.9157,3633.79,FVG,2h,train,0.45,1847
10.0,0.167,928,0.796,4.8125,4465.99,FVG,2h,train,0.45,1847
10.0,0.25,928,0.739,4.7046,4365.87,FVG,2h,train,0.45,1847
10.0,0.5,928,0.636,4.5998,4268.59,FVG,2h,train,0.45,1847
10.0,1.0,928,0.515,3.7653,3494.24,FVG,2h,train,0.45,1847
2.0,0.083,917,0.793,2.6586,2437.93,FVG,2h,train,0.475,1847
2.0,0.125,917,0.846,3.9357,3609.04,FVG,2h,train,0.475,1847
2.0,0.167,917,0.814,4.4332,4065.21,FVG,2h,train,0.475,1847
2.0,0.25,917,0.773,4.1365,3793.21,FVG,2h,train,0.475,1847
2.0,0.5,917,0.694,3.2497,2980.01,FVG,2h,train,0.475,1847
2.0,1.0,917,0.599,1.9676,1804.32,FVG,2h,train,0.475,1847
3.0,0.083,917,0.793,2.6586,2437.93,FVG,2h,train,0.475,1847
3.0,0.125,917,0.846,3.9357,3609.04,FVG,2h,train,0.475,1847
3.0,0.167,917,0.808,4.5384,4161.7,FVG,2h,train,0.475,1847
3.0,0.25,917,0.764,4.278,3922.94,FVG,2h,train,0.475,1847
3.0,0.5,917,0.675,3.3627,3083.63,FVG,2h,train,0.475,1847
3.0,1.0,917,0.581,2.0279,1859.61,FVG,2h,train,0.475,1847
4.0,0.083,917,0.793,2.6586,2437.93,FVG,2h,train,0.475,1847
4.0,0.125,917,0.846,3.9357,3609.04,FVG,2h,train,0.475,1847
4.0,0.167,917,0.802,4.675,4286.95,FVG,2h,train,0.475,1847
4.0,0.25,917,0.755,4.5486,4171.06,FVG,2h,train,0.475,1847
4.0,0.5,917,0.663,3.7329,3423.04,FVG,2h,train,0.475,1847
4.0,1.0,917,0.561,2.4039,2204.36,FVG,2h,train,0.475,1847
5.0,0.083,917,0.793,2.6586,2437.93,FVG,2h,train,0.475,1847
5.0,0.125,917,0.846,3.9357,3609.04,FVG,2h,train,0.475,1847
5.0,0.167,917,0.8,4.7259,4333.68,FVG,2h,train,0.475,1847
5.0,0.25,917,0.751,4.6859,4297.01,FVG,2h,train,0.475,1847
5.0,0.5,917,0.654,3.9391,3612.16,FVG,2h,train,0.475,1847
5.0,1.0,917,0.547,2.7286,2502.1,FVG,2h,train,0.475,1847
7.0,0.083,917,0.793,2.6586,2437.93,FVG,2h,train,0.475,1847
7.0,0.125,917,0.846,3.9357,3609.04,FVG,2h,train,0.475,1847
7.0,0.167,917,0.796,4.7543,4359.7,FVG,2h,train,0.475,1847
7.0,0.25,917,0.746,4.8099,4410.72,FVG,2h,train,0.475,1847
7.0,0.5,917,0.647,4.3344,3974.68,FVG,2h,train,0.475,1847
7.0,1.0,917,0.533,3.3005,3026.58,FVG,2h,train,0.475,1847
10.0,0.083,917,0.793,2.6586,2437.93,FVG,2h,train,0.475,1847
10.0,0.125,917,0.846,3.9357,3609.04,FVG,2h,train,0.475,1847
10.0,0.167,917,0.796,4.8194,4419.36,FVG,2h,train,0.475,1847
10.0,0.25,917,0.744,4.8157,4415.97,FVG,2h,train,0.475,1847
10.0,0.5,917,0.64,4.6978,4307.89,FVG,2h,train,0.475,1847
10.0,1.0,917,0.518,3.9014,3577.59,FVG,2h,train,0.475,1847
2.0,0.083,911,0.8,2.6901,2450.68,FVG,2h,train,0.5,1847
2.0,0.125,911,0.855,4.0985,3733.71,FVG,2h,train,0.5,1847
2.0,0.167,911,0.822,4.5366,4132.85,FVG,2h,train,0.5,1847
2.0,0.25,911,0.784,4.2042,3830.05,FVG,2h,train,0.5,1847
2.0,0.5,911,0.695,3.2748,2983.34,FVG,2h,train,0.5,1847
2.0,1.0,911,0.595,2.0359,1854.72,FVG,2h,train,0.5,1847
3.0,0.083,911,0.8,2.6901,2450.68,FVG,2h,train,0.5,1847
3.0,0.125,911,0.855,4.0985,3733.71,FVG,2h,train,0.5,1847
3.0,0.167,911,0.814,4.615,4204.25,FVG,2h,train,0.5,1847
3.0,0.25,911,0.773,4.3507,3963.5,FVG,2h,train,0.5,1847
3.0,0.5,911,0.672,3.3438,3046.2,FVG,2h,train,0.5,1847
3.0,1.0,911,0.577,2.024,1843.84,FVG,2h,train,0.5,1847
4.0,0.083,911,0.8,2.6901,2450.68,FVG,2h,train,0.5,1847
4.0,0.125,911,0.855,4.0985,3733.71,FVG,2h,train,0.5,1847
4.0,0.167,911,0.809,4.8335,4403.3,FVG,2h,train,0.5,1847
4.0,0.25,911,0.765,4.6709,4255.16,FVG,2h,train,0.5,1847
4.0,0.5,911,0.661,3.7732,3437.4,FVG,2h,train,0.5,1847
4.0,1.0,911,0.56,2.4175,2202.38,FVG,2h,train,0.5,1847
5.0,0.083,911,0.8,2.6901,2450.68,FVG,2h,train,0.5,1847
5.0,0.125,911,0.855,4.0985,3733.71,FVG,2h,train,0.5,1847
5.0,0.167,911,0.807,4.84,4409.21,FVG,2h,train,0.5,1847
5.0,0.25,911,0.761,4.7856,4359.72,FVG,2h,train,0.5,1847
5.0,0.5,911,0.653,3.996,3640.35,FVG,2h,train,0.5,1847
5.0,1.0,911,0.547,2.7208,2478.64,FVG,2h,train,0.5,1847
7.0,0.083,911,0.8,2.6901,2450.68,FVG,2h,train,0.5,1847
7.0,0.125,911,0.855,4.0985,3733.71,FVG,2h,train,0.5,1847
7.0,0.167,911,0.802,4.8718,4438.24,FVG,2h,train,0.5,1847
7.0,0.25,911,0.754,4.9085,4471.64,FVG,2h,train,0.5,1847
7.0,0.5,911,0.643,4.3383,3952.22,FVG,2h,train,0.5,1847
7.0,1.0,911,0.531,3.249,2959.82,FVG,2h,train,0.5,1847
10.0,0.083,911,0.8,2.6901,2450.68,FVG,2h,train,0.5,1847
10.0,0.125,911,0.855,4.0985,3733.71,FVG,2h,train,0.5,1847
10.0,0.167,911,0.802,4.9354,4496.14,FVG,2h,train,0.5,1847
10.0,0.25,911,0.752,4.9099,4472.92,FVG,2h,train,0.5,1847
10.0,0.5,911,0.637,4.7021,4283.63,FVG,2h,train,0.5,1847
10.0,1.0,911,0.517,3.9032,3555.86,FVG,2h,train,0.5,1847
2.0,0.083,900,0.804,2.6795,2411.55,FVG,2h,train,0.525,1847
2.0,0.125,900,0.859,4.2143,3792.84,FVG,2h,train,0.525,1847
2.0,0.167,900,0.821,4.4722,4024.99,FVG,2h,train,0.525,1847
2.0,0.25,900,0.782,4.184,3765.62,FVG,2h,train,0.525,1847
2.0,0.5,900,0.687,3.2555,2929.93,FVG,2h,train,0.525,1847
2.0,1.0,900,0.591,1.9934,1794.05,FVG,2h,train,0.525,1847
3.0,0.083,900,0.804,2.6795,2411.55,FVG,2h,train,0.525,1847
3.0,0.125,900,0.859,4.2143,3792.84,FVG,2h,train,0.525,1847
3.0,0.167,900,0.812,4.6251,4162.62,FVG,2h,train,0.525,1847
3.0,0.25,900,0.772,4.4148,3973.29,FVG,2h,train,0.525,1847
3.0,0.5,900,0.67,3.4152,3073.65,FVG,2h,train,0.525,1847
3.0,1.0,900,0.58,2.0657,1859.12,FVG,2h,train,0.525,1847
4.0,0.083,900,0.804,2.6795,2411.55,FVG,2h,train,0.525,1847
4.0,0.125,900,0.859,4.2143,3792.84,FVG,2h,train,0.525,1847
4.0,0.167,900,0.811,4.9037,4413.37,FVG,2h,train,0.525,1847
4.0,0.25,900,0.769,4.8006,4320.53,FVG,2h,train,0.525,1847
4.0,0.5,900,0.66,3.8192,3437.27,FVG,2h,train,0.525,1847
4.0,1.0,900,0.564,2.4396,2195.66,FVG,2h,train,0.525,1847
5.0,0.083,900,0.804,2.6795,2411.55,FVG,2h,train,0.525,1847
5.0,0.125,900,0.859,4.2143,3792.84,FVG,2h,train,0.525,1847
5.0,0.167,900,0.807,4.8499,4364.93,FVG,2h,train,0.525,1847
5.0,0.25,900,0.762,4.8853,4396.74,FVG,2h,train,0.525,1847
5.0,0.5,900,0.651,4.0334,3630.09,FVG,2h,train,0.525,1847
5.0,1.0,900,0.55,2.7393,2465.4,FVG,2h,train,0.525,1847
7.0,0.083,900,0.804,2.6795,2411.55,FVG,2h,train,0.525,1847
7.0,0.125,900,0.859,4.2143,3792.84,FVG,2h,train,0.525,1847
7.0,0.167,900,0.802,4.8715,4384.38,FVG,2h,train,0.525,1847
7.0,0.25,900,0.756,4.9866,4487.95,FVG,2h,train,0.525,1847
7.0,0.5,900,0.641,4.3495,3914.59,FVG,2h,train,0.525,1847
7.0,1.0,900,0.536,3.2355,2911.92,FVG,2h,train,0.525,1847
10.0,0.083,900,0.804,2.6795,2411.55,FVG,2h,train,0.525,1847
10.0,0.125,900,0.859,4.2143,3792.84,FVG,2h,train,0.525,1847
10.0,0.167,900,0.802,4.9427,4448.42,FVG,2h,train,0.525,1847
10.0,0.25,900,0.753,5.0066,4505.95,FVG,2h,train,0.525,1847
10.0,0.5,900,0.634,4.741,4266.86,FVG,2h,train,0.525,1847
10.0,1.0,900,0.52,3.9124,3521.18,FVG,2h,train,0.525,1847
2.0,0.083,897,0.802,2.6691,2394.18,FVG,2h,train,0.55,1847
2.0,0.125,897,0.862,4.2288,3793.26,FVG,2h,train,0.55,1847
2.0,0.167,897,0.817,4.4288,3972.62,FVG,2h,train,0.55,1847
2.0,0.25,897,0.781,4.1215,3697.02,FVG,2h,train,0.55,1847
2.0,0.5,897,0.687,3.1698,2843.28,FVG,2h,train,0.55,1847
2.0,1.0,897,0.586,1.853,1662.1,FVG,2h,train,0.55,1847
3.0,0.083,897,0.802,2.6691,2394.18,FVG,2h,train,0.55,1847
3.0,0.125,897,0.862,4.2288,3793.26,FVG,2h,train,0.55,1847
3.0,0.167,897,0.81,4.8263,4329.21,FVG,2h,train,0.55,1847
3.0,0.25,897,0.775,4.6099,4135.06,FVG,2h,train,0.55,1847
3.0,0.5,897,0.672,3.5696,3201.9,FVG,2h,train,0.55,1847
3.0,1.0,897,0.575,2.0937,1878.01,FVG,2h,train,0.55,1847
4.0,0.083,897,0.802,2.6691,2394.18,FVG,2h,train,0.55,1847
4.0,0.125,897,0.862,4.2288,3793.26,FVG,2h,train,0.55,1847
4.0,0.167,897,0.809,4.8668,4365.5,FVG,2h,train,0.55,1847
4.0,0.25,897,0.769,4.7445,4255.81,FVG,2h,train,0.55,1847
4.0,0.5,897,0.66,3.7489,3362.73,FVG,2h,train,0.55,1847
4.0,1.0,897,0.561,2.2375,2007.0,FVG,2h,train,0.55,1847
5.0,0.083,897,0.802,2.6691,2394.18,FVG,2h,train,0.55,1847
5.0,0.125,897,0.862,4.2288,3793.26,FVG,2h,train,0.55,1847
5.0,0.167,897,0.804,4.8197,4323.23,FVG,2h,train,0.55,1847
5.0,0.25,897,0.76,4.827,4329.83,FVG,2h,train,0.55,1847
5.0,0.5,897,0.651,4.0228,3608.48,FVG,2h,train,0.55,1847
5.0,1.0,897,0.548,2.6267,2356.16,FVG,2h,train,0.55,1847
7.0,0.083,897,0.802,2.6691,2394.18,FVG,2h,train,0.55,1847
7.0,0.125,897,0.862,4.2288,3793.26,FVG,2h,train,0.55,1847
7.0,0.167,897,0.799,4.8436,4344.67,FVG,2h,train,0.55,1847
7.0,0.25,897,0.754,4.9235,4416.41,FVG,2h,train,0.55,1847
7.0,0.5,897,0.64,4.3261,3880.56,FVG,2h,train,0.55,1847
7.0,1.0,897,0.532,3.1052,2785.35,FVG,2h,train,0.55,1847
10.0,0.083,897,0.802,2.6691,2394.18,FVG,2h,train,0.55,1847
10.0,0.125,897,0.862,4.2288,3793.26,FVG,2h,train,0.55,1847
10.0,0.167,897,0.799,4.9344,4426.19,FVG,2h,train,0.55,1847
10.0,0.25,897,0.751,4.9709,4458.88,FVG,2h,train,0.55,1847
10.0,0.5,897,0.634,4.7465,4257.64,FVG,2h,train,0.55,1847
10.0,1.0,897,0.517,3.8579,3460.5,FVG,2h,train,0.55,1847
2.0,0.083,892,0.804,2.6809,2391.36,FVG,2h,train,0.575,1847
2.0,0.125,892,0.86,4.1824,3730.73,FVG,2h,train,0.575,1847
2.0,0.167,892,0.818,4.4421,3962.34,FVG,2h,train,0.575,1847
2.0,0.25,892,0.778,4.0321,3596.66,FVG,2h,train,0.575,1847
2.0,0.5,892,0.685,3.1132,2776.94,FVG,2h,train,0.575,1847
2.0,1.0,892,0.587,1.7585,1568.56,FVG,2h,train,0.575,1847
3.0,0.083,892,0.804,2.6809,2391.36,FVG,2h,train,0.575,1847
3.0,0.125,892,0.86,4.1824,3730.73,FVG,2h,train,0.575,1847
3.0,0.167,892,0.811,4.8259,4304.7,FVG,2h,train,0.575,1847
3.0,0.25,892,0.772,4.5497,4058.37,FVG,2h,train,0.575,1847
3.0,0.5,892,0.674,3.724,3321.83,FVG,2h,train,0.575,1847
3.0,1.0,892,0.582,2.197,1959.68,FVG,2h,train,0.575,1847
4.0,0.083,892,0.804,2.6809,2391.36,FVG,2h,train,0.575,1847
4.0,0.125,892,0.86,4.1824,3730.73,FVG,2h,train,0.575,1847
4.0,0.167,892,0.809,4.8306,4308.88,FVG,2h,train,0.575,1847
4.0,0.25,892,0.767,4.6503,4148.07,FVG,2h,train,0.575,1847
4.0,0.5,892,0.659,3.7268,3324.27,FVG,2h,train,0.575,1847
4.0,1.0,892,0.564,2.1894,1952.93,FVG,2h,train,0.575,1847
5.0,0.083,892,0.804,2.6809,2391.36,FVG,2h,train,0.575,1847
5.0,0.125,892,0.86,4.1824,3730.73,FVG,2h,train,0.575,1847
5.0,0.167,892,0.804,4.8321,4310.26,FVG,2h,train,0.575,1847
5.0,0.25,892,0.758,4.7999,4281.48,FVG,2h,train,0.575,1847
5.0,0.5,892,0.647,3.9109,3488.55,FVG,2h,train,0.575,1847
5.0,1.0,892,0.549,2.4801,2212.21,FVG,2h,train,0.575,1847
7.0,0.083,892,0.804,2.6809,2391.36,FVG,2h,train,0.575,1847
7.0,0.125,892,0.86,4.1824,3730.73,FVG,2h,train,0.575,1847
7.0,0.167,892,0.799,4.8465,4323.04,FVG,2h,train,0.575,1847
7.0,0.25,892,0.752,4.9143,4383.54,FVG,2h,train,0.575,1847
7.0,0.5,892,0.638,4.2829,3820.37,FVG,2h,train,0.575,1847
7.0,1.0,892,0.534,3.0823,2749.46,FVG,2h,train,0.575,1847
10.0,0.083,892,0.804,2.6809,2391.36,FVG,2h,train,0.575,1847
10.0,0.125,892,0.86,4.1824,3730.73,FVG,2h,train,0.575,1847
10.0,0.167,892,0.799,4.9473,4412.95,FVG,2h,train,0.575,1847
10.0,0.25,892,0.749,4.9531,4418.15,FVG,2h,train,0.575,1847
10.0,0.5,892,0.632,4.6893,4182.89,FVG,2h,train,0.575,1847
10.0,1.0,892,0.52,3.7966,3386.6,FVG,2h,train,0.575,1847
2.0,0.083,891,0.801,2.7016,2407.15,FVG,2h,train,0.6,1847
2.0,0.125,891,0.856,4.2526,3789.04,FVG,2h,train,0.6,1847
2.0,0.167,891,0.818,4.4602,3974.04,FVG,2h,train,0.6,1847
2.0,0.25,891,0.779,4.1015,3654.43,FVG,2h,train,0.6,1847
2.0,0.5,891,0.692,3.0883,2751.65,FVG,2h,train,0.6,1847
2.0,1.0,891,0.596,1.7378,1548.4,FVG,2h,train,0.6,1847
3.0,0.083,891,0.801,2.7016,2407.15,FVG,2h,train,0.6,1847
3.0,0.125,891,0.856,4.2526,3789.04,FVG,2h,train,0.6,1847
3.0,0.167,891,0.814,4.9307,4393.27,FVG,2h,train,0.6,1847
3.0,0.25,891,0.773,4.7122,4198.58,FVG,2h,train,0.6,1847
3.0,0.5,891,0.678,3.794,3380.43,FVG,2h,train,0.6,1847
3.0,1.0,891,0.589,2.2859,2036.72,FVG,2h,train,0.6,1847
4.0,0.083,891,0.801,2.7016,2407.15,FVG,2h,train,0.6,1847
4.0,0.125,891,0.856,4.2526,3789.04,FVG,2h,train,0.6,1847
4.0,0.167,891,0.81,4.8439,4315.96,FVG,2h,train,0.6,1847
4.0,0.25,891,0.767,4.6884,4177.39,FVG,2h,train,0.6,1847
4.0,0.5,891,0.66,3.6842,3282.65,FVG,2h,train,0.6,1847
4.0,1.0,891,0.569,2.2031,1962.95,FVG,2h,train,0.6,1847
5.0,0.083,891,0.801,2.7016,2407.15,FVG,2h,train,0.6,1847
5.0,0.125,891,0.856,4.2526,3789.04,FVG,2h,train,0.6,1847
5.0,0.167,891,0.805,4.8714,4340.42,FVG,2h,train,0.6,1847
5.0,0.25,891,0.759,4.9158,4379.97,FVG,2h,train,0.6,1847
5.0,0.5,891,0.646,3.9185,3491.42,FVG,2h,train,0.6,1847
5.0,1.0,891,0.554,2.4712,2201.82,FVG,2h,train,0.6,1847
7.0,0.083,891,0.801,2.7016,2407.15,FVG,2h,train,0.6,1847
7.0,0.125,891,0.856,4.2526,3789.04,FVG,2h,train,0.6,1847
7.0,0.167,891,0.8,4.8843,4351.94,FVG,2h,train,0.6,1847
7.0,0.25,891,0.752,4.9947,4450.31,FVG,2h,train,0.6,1847
7.0,0.5,891,0.636,4.2196,3759.62,FVG,2h,train,0.6,1847
7.0,1.0,891,0.534,2.9653,2642.11,FVG,2h,train,0.6,1847
10.0,0.083,891,0.801,2.7016,2407.15,FVG,2h,train,0.6,1847
10.0,0.125,891,0.856,4.2526,3789.04,FVG,2h,train,0.6,1847
10.0,0.167,891,0.8,4.9959,4451.35,FVG,2h,train,0.6,1847
10.0,0.25,891,0.749,5.0475,4497.37,FVG,2h,train,0.6,1847
10.0,0.5,891,0.631,4.6802,4170.1,FVG,2h,train,0.6,1847
10.0,1.0,891,0.522,3.7808,3368.7,FVG,2h,train,0.6,1847
2.0,0.083,887,0.795,2.6794,2376.61,FVG,2h,train,0.625,1847
2.0,0.125,887,0.855,4.2399,3760.76,FVG,2h,train,0.625,1847
2.0,0.167,887,0.815,4.4073,3909.28,FVG,2h,train,0.625,1847
2.0,0.25,887,0.771,3.9798,3530.06,FVG,2h,train,0.625,1847
2.0,0.5,887,0.688,3.0484,2703.9,FVG,2h,train,0.625,1847
2.0,1.0,887,0.593,1.6896,1498.67,FVG,2h,train,0.625,1847
3.0,0.083,887,0.795,2.6794,2376.61,FVG,2h,train,0.625,1847
3.0,0.125,887,0.855,4.2399,3760.76,FVG,2h,train,0.625,1847
3.0,0.167,887,0.811,4.8303,4284.49,FVG,2h,train,0.625,1847
3.0,0.25,887,0.767,4.5483,4034.37,FVG,2h,train,0.625,1847
3.0,0.5,887,0.674,3.6638,3249.8,FVG,2h,train,0.625,1847
3.0,1.0,887,0.591,2.2437,1990.19,FVG,2h,train,0.625,1847
4.0,0.083,887,0.795,2.6794,2376.61,FVG,2h,train,0.625,1847
4.0,0.125,887,0.855,4.2399,3760.76,FVG,2h,train,0.625,1847
4.0,0.167,887,0.808,4.7992,4256.86,FVG,2h,train,0.625,1847
4.0,0.25,887,0.76,4.5646,4048.79,FVG,2h,train,0.625,1847
4.0,0.5,887,0.657,3.5794,3174.94,FVG,2h,train,0.625,1847
4.0,1.0,887,0.568,2.0872,1851.3,FVG,2h,train,0.625,1847
5.0,0.083,887,0.795,2.6794,2376.61,FVG,2h,train,0.625,1847
5.0,0.125,887,0.855,4.2399,3760.76,FVG,2h,train,0.625,1847
5.0,0.167,887,0.804,4.8641,4314.42,FVG,2h,train,0.625,1847
5.0,0.25,887,0.754,4.7968,4254.79,FVG,2h,train,0.625,1847
5.0,0.5,887,0.644,3.8541,3418.59,FVG,2h,train,0.625,1847
5.0,1.0,887,0.554,2.3382,2073.96,FVG,2h,train,0.625,1847
7.0,0.083,887,0.795,2.6794,2376.61,FVG,2h,train,0.625,1847
7.0,0.125,887,0.855,4.2399,3760.76,FVG,2h,train,0.625,1847
7.0,0.167,887,0.799,4.9022,4348.21,FVG,2h,train,0.625,1847
7.0,0.25,887,0.747,4.9317,4374.39,FVG,2h,train,0.625,1847
7.0,0.5,887,0.632,4.1476,3678.96,FVG,2h,train,0.625,1847
7.0,1.0,887,0.533,2.8299,2510.1,FVG,2h,train,0.625,1847
10.0,0.083,887,0.795,2.6794,2376.61,FVG,2h,train,0.625,1847
10.0,0.125,887,0.855,4.2399,3760.76,FVG,2h,train,0.625,1847
10.0,0.167,887,0.799,5.0307,4462.24,FVG,2h,train,0.625,1847
10.0,0.25,887,0.744,5.0032,4437.87,FVG,2h,train,0.625,1847
10.0,0.5,887,0.627,4.6086,4087.79,FVG,2h,train,0.625,1847
10.0,1.0,887,0.521,3.619,3210.02,FVG,2h,train,0.625,1847
2.0,0.083,878,0.787,2.6839,2356.45,FVG,2h,train,0.65,1847
2.0,0.125,878,0.852,4.2505,3731.92,FVG,2h,train,0.65,1847
2.0,0.167,878,0.819,4.4111,3872.93,FVG,2h,train,0.65,1847
2.0,0.25,878,0.776,4.001,3512.84,FVG,2h,train,0.65,1847
2.0,0.5,878,0.687,2.9868,2622.45,FVG,2h,train,0.65,1847
2.0,1.0,878,0.589,1.6386,1438.67,FVG,2h,train,0.65,1847
3.0,0.083,878,0.787,2.6839,2356.45,FVG,2h,train,0.65,1847
3.0,0.125,878,0.852,4.2505,3731.92,FVG,2h,train,0.65,1847
3.0,0.167,878,0.81,4.7791,4196.07,FVG,2h,train,0.65,1847
3.0,0.25,878,0.768,4.5421,3987.98,FVG,2h,train,0.65,1847
3.0,0.5,878,0.675,3.5085,3080.5,FVG,2h,train,0.65,1847
3.0,1.0,878,0.59,2.1628,1898.94,FVG,2h,train,0.65,1847
4.0,0.083,878,0.787,2.6839,2356.45,FVG,2h,train,0.65,1847
4.0,0.125,878,0.852,4.2505,3731.92,FVG,2h,train,0.65,1847
4.0,0.167,878,0.808,4.8265,4237.63,FVG,2h,train,0.65,1847
4.0,0.25,878,0.763,4.6706,4100.79,FVG,2h,train,0.65,1847
4.0,0.5,878,0.664,3.6306,3187.68,FVG,2h,train,0.65,1847
4.0,1.0,878,0.574,2.1574,1894.24,FVG,2h,train,0.65,1847
5.0,0.083,878,0.787,2.6839,2356.45,FVG,2h,train,0.65,1847
5.0,0.125,878,0.852,4.2505,3731.92,FVG,2h,train,0.65,1847
5.0,0.167,878,0.803,4.8785,4283.32,FVG,2h,train,0.65,1847
5.0,0.25,878,0.755,4.8445,4253.49,FVG,2h,train,0.65,1847
5.0,0.5,878,0.649,3.8364,3368.36,FVG,2h,train,0.65,1847
5.0,1.0,878,0.557,2.3484,2061.86,FVG,2h,train,0.65,1847
7.0,0.083,878,0.787,2.6839,2356.45,FVG,2h,train,0.65,1847
7.0,0.125,878,0.852,4.2505,3731.92,FVG,2h,train,0.65,1847
7.0,0.167,878,0.8,4.9573,4352.55,FVG,2h,train,0.65,1847
7.0,0.25,878,0.748,5.0334,4419.36,FVG,2h,train,0.65,1847
7.0,0.5,878,0.637,4.1775,3667.85,FVG,2h,train,0.65,1847
7.0,1.0,878,0.538,2.8687,2518.69,FVG,2h,train,0.65,1847
10.0,0.083,878,0.787,2.6839,2356.45,FVG,2h,train,0.65,1847
10.0,0.125,878,0.852,4.2505,3731.92,FVG,2h,train,0.65,1847
10.0,0.167,878,0.798,5.0452,4429.66,FVG,2h,train,0.65,1847
10.0,0.25,878,0.744,5.056,4439.17,FVG,2h,train,0.65,1847
10.0,0.5,878,0.631,4.6142,4051.26,FVG,2h,train,0.65,1847
10.0,1.0,878,0.525,3.6819,3232.69,FVG,2h,train,0.65,1847
2.0,0.083,881,0.78,2.6442,2329.51,FVG,2h,train,0.675,1847
2.0,0.125,881,0.854,4.2634,3756.09,FVG,2h,train,0.675,1847
2.0,0.167,881,0.818,4.3816,3860.22,FVG,2h,train,0.675,1847
2.0,0.25,881,0.781,3.962,3490.51,FVG,2h,train,0.675,1847
2.0,0.5,881,0.691,2.9401,2590.25,FVG,2h,train,0.675,1847
2.0,1.0,881,0.59,1.5183,1337.59,FVG,2h,train,0.675,1847
3.0,0.083,881,0.78,2.6442,2329.51,FVG,2h,train,0.675,1847
3.0,0.125,881,0.854,4.2634,3756.09,FVG,2h,train,0.675,1847
3.0,0.167,881,0.808,4.732,4168.89,FVG,2h,train,0.675,1847
3.0,0.25,881,0.772,4.5036,3967.66,FVG,2h,train,0.675,1847
3.0,0.5,881,0.678,3.4428,3033.12,FVG,2h,train,0.675,1847
3.0,1.0,881,0.593,2.044,1800.77,FVG,2h,train,0.675,1847
4.0,0.083,881,0.78,2.6442,2329.51,FVG,2h,train,0.675,1847
4.0,0.125,881,0.854,4.2634,3756.09,FVG,2h,train,0.675,1847
4.0,0.167,881,0.805,4.7861,4216.57,FVG,2h,train,0.675,1847
4.0,0.25,881,0.765,4.625,4074.62,FVG,2h,train,0.675,1847
4.0,0.5,881,0.667,3.6021,3173.47,FVG,2h,train,0.675,1847
4.0,1.0,881,0.578,2.0441,1800.89,FVG,2h,train,0.675,1847
5.0,0.083,881,0.78,2.6442,2329.51,FVG,2h,train,0.675,1847
5.0,0.125,881,0.854,4.2634,3756.09,FVG,2h,train,0.675,1847
5.0,0.167,881,0.801,4.882,4301.05,FVG,2h,train,0.675,1847
5.0,0.25,881,0.758,4.8425,4266.22,FVG,2h,train,0.675,1847
5.0,0.5,881,0.653,3.7743,3325.13,FVG,2h,train,0.675,1847
5.0,1.0,881,0.564,2.2139,1950.4,FVG,2h,train,0.675,1847
7.0,0.083,881,0.78,2.6442,2329.51,FVG,2h,train,0.675,1847
7.0,0.125,881,0.854,4.2634,3756.09,FVG,2h,train,0.675,1847
7.0,0.167,881,0.797,4.9472,4358.53,FVG,2h,train,0.675,1847
7.0,0.25,881,0.751,5.044,4443.77,FVG,2h,train,0.675,1847
7.0,0.5,881,0.637,4.0063,3529.57,FVG,2h,train,0.675,1847
7.0,1.0,881,0.54,2.628,2315.22,FVG,2h,train,0.675,1847
10.0,0.083,881,0.78,2.6442,2329.51,FVG,2h,train,0.675,1847
10.0,0.125,881,0.854,4.2634,3756.09,FVG,2h,train,0.675,1847
10.0,0.167,881,0.796,5.0159,4418.99,FVG,2h,train,0.675,1847
10.0,0.25,881,0.747,5.1532,4539.94,FVG,2h,train,0.675,1847
10.0,0.5,881,0.631,4.4693,3937.44,FVG,2h,train,0.675,1847
10.0,1.0,881,0.53,3.397,2992.75,FVG,2h,train,0.675,1847
2.0,0.083,872,0.78,2.676,2333.48,FVG,2h,train,0.7,1847
2.0,0.125,872,0.846,4.1942,3657.36,FVG,2h,train,0.7,1847
2.0,0.167,872,0.818,4.1606,3628.01,FVG,2h,train,0.7,1847
2.0,0.25,872,0.776,3.697,3223.77,FVG,2h,train,0.7,1847
2.0,0.5,872,0.687,2.6038,2270.54,FVG,2h,train,0.7,1847
2.0,1.0,872,0.581,1.2021,1048.24,FVG,2h,train,0.7,1847
3.0,0.083,872,0.78,2.676,2333.48,FVG,2h,train,0.7,1847
3.0,0.125,872,0.846,4.1942,3657.36,FVG,2h,train,0.7,1847
3.0,0.167,872,0.807,4.4923,3917.3,FVG,2h,train,0.7,1847
3.0,0.25,872,0.769,4.1893,3653.07,FVG,2h,train,0.7,1847
3.0,0.5,872,0.678,3.0862,2691.19,FVG,2h,train,0.7,1847
3.0,1.0,872,0.586,1.6906,1474.19,FVG,2h,train,0.7,1847
4.0,0.083,872,0.78,2.676,2333.48,FVG,2h,train,0.7,1847
4.0,0.125,872,0.846,4.1942,3657.36,FVG,2h,train,0.7,1847
4.0,0.167,872,0.805,4.8407,4221.12,FVG,2h,train,0.7,1847
4.0,0.25,872,0.764,4.6112,4020.95,FVG,2h,train,0.7,1847
4.0,0.5,872,0.669,3.6125,3150.08,FVG,2h,train,0.7,1847
4.0,1.0,872,0.578,2.0594,1795.79,FVG,2h,train,0.7,1847
5.0,0.083,872,0.78,2.676,2333.48,FVG,2h,train,0.7,1847
5.0,0.125,872,0.846,4.1942,3657.36,FVG,2h,train,0.7,1847
5.0,0.167,872,0.799,4.6448,4050.28,FVG,2h,train,0.7,1847
5.0,0.25,872,0.757,4.5349,3954.45,FVG,2h,train,0.7,1847
5.0,0.5,872,0.651,3.3857,2952.32,FVG,2h,train,0.7,1847
5.0,1.0,872,0.562,1.8626,1624.16,FVG,2h,train,0.7,1847
7.0,0.083,872,0.78,2.676,2333.48,FVG,2h,train,0.7,1847
7.0,0.125,872,0.846,4.1942,3657.36,FVG,2h,train,0.7,1847
7.0,0.167,872,0.795,4.7531,4144.69,FVG,2h,train,0.7,1847
7.0,0.25,872,0.749,4.7858,4173.24,FVG,2h,train,0.7,1847
7.0,0.5,872,0.635,3.7341,3256.1,FVG,2h,train,0.7,1847
7.0,1.0,872,0.539,2.3855,2080.17,FVG,2h,train,0.7,1847
10.0,0.083,872,0.78,2.676,2333.48,FVG,2h,train,0.7,1847
10.0,0.125,872,0.846,4.1942,3657.36,FVG,2h,train,0.7,1847
10.0,0.167,872,0.794,4.8254,4207.73,FVG,2h,train,0.7,1847
10.0,0.25,872,0.744,4.9021,4274.61,FVG,2h,train,0.7,1847
10.0,0.5,872,0.628,4.1547,3622.91,FVG,2h,train,0.7,1847
10.0,1.0,872,0.528,3.0956,2699.4,FVG,2h,train,0.7,1847
2.0,0.083,392,0.821,3.636,1425.3,FVG,2h,validation,0.3,654
2.0,0.125,392,0.788,3.9902,1564.16,FVG,2h,validation,0.3,654
2.0,0.167,392,0.77,4.656,1825.14,FVG,2h,validation,0.3,654
2.0,0.25,392,0.712,4.2198,1654.17,FVG,2h,validation,0.3,654
2.0,0.5,392,0.61,2.1937,859.93,FVG,2h,validation,0.3,654
2.0,1.0,392,0.551,0.7011,274.82,FVG,2h,validation,0.3,654
3.0,0.083,392,0.821,3.636,1425.3,FVG,2h,validation,0.3,654
3.0,0.125,392,0.788,3.9902,1564.16,FVG,2h,validation,0.3,654
3.0,0.167,392,0.768,5.0723,1988.36,FVG,2h,validation,0.3,654
3.0,0.25,392,0.704,4.5514,1784.16,FVG,2h,validation,0.3,654
3.0,0.5,392,0.597,2.6912,1054.95,FVG,2h,validation,0.3,654
3.0,1.0,392,0.526,1.2411,486.53,FVG,2h,validation,0.3,654
4.0,0.083,392,0.821,3.636,1425.3,FVG,2h,validation,0.3,654
4.0,0.125,392,0.788,3.9902,1564.16,FVG,2h,validation,0.3,654
4.0,0.167,392,0.765,5.3092,2081.22,FVG,2h,validation,0.3,654
4.0,0.25,392,0.699,4.6753,1832.73,FVG,2h,validation,0.3,654
4.0,0.5,392,0.592,2.9554,1158.52,FVG,2h,validation,0.3,654
4.0,1.0,392,0.526,1.6768,657.31,FVG,2h,validation,0.3,654
5.0,0.083,392,0.821,3.636,1425.3,FVG,2h,validation,0.3,654
5.0,0.125,392,0.788,3.9902,1564.16,FVG,2h,validation,0.3,654
5.0,0.167,392,0.763,5.2497,2057.87,FVG,2h,validation,0.3,654
5.0,0.25,392,0.691,4.408,1727.94,FVG,2h,validation,0.3,654
5.0,0.5,392,0.577,2.6342,1032.62,FVG,2h,validation,0.3,654
5.0,1.0,392,0.503,1.49,584.09,FVG,2h,validation,0.3,654
7.0,0.083,392,0.821,3.636,1425.3,FVG,2h,validation,0.3,654
7.0,0.125,392,0.788,3.9902,1564.16,FVG,2h,validation,0.3,654
7.0,0.167,392,0.763,5.3963,2115.35,FVG,2h,validation,0.3,654
7.0,0.25,392,0.689,4.5838,1796.85,FVG,2h,validation,0.3,654
7.0,0.5,392,0.564,2.9706,1164.46,FVG,2h,validation,0.3,654
7.0,1.0,392,0.485,1.7992,705.3,FVG,2h,validation,0.3,654
10.0,0.083,392,0.821,3.636,1425.3,FVG,2h,validation,0.3,654
10.0,0.125,392,0.788,3.9902,1564.16,FVG,2h,validation,0.3,654
10.0,0.167,392,0.763,5.5321,2168.56,FVG,2h,validation,0.3,654
10.0,0.25,392,0.686,4.7207,1850.5,FVG,2h,validation,0.3,654
10.0,0.5,392,0.551,2.8871,1131.74,FVG,2h,validation,0.3,654
10.0,1.0,392,0.462,1.6609,651.06,FVG,2h,validation,0.3,654
2.0,0.083,388,0.838,3.6323,1409.34,FVG,2h,validation,0.325,654
2.0,0.125,388,0.789,4.0159,1558.17,FVG,2h,validation,0.325,654
2.0,0.167,388,0.76,4.6255,1794.68,FVG,2h,validation,0.325,654
2.0,0.25,388,0.714,4.3106,1672.52,FVG,2h,validation,0.325,654
2.0,0.5,388,0.621,2.4176,938.04,FVG,2h,validation,0.325,654
2.0,1.0,388,0.559,0.9492,368.28,FVG,2h,validation,0.325,654
3.0,0.083,388,0.838,3.6323,1409.34,FVG,2h,validation,0.325,654
3.0,0.125,388,0.789,4.0159,1558.17,FVG,2h,validation,0.325,654
3.0,0.167,388,0.758,5.0733,1968.45,FVG,2h,validation,0.325,654
3.0,0.25,388,0.706,4.6389,1799.89,FVG,2h,validation,0.325,654
3.0,0.5,388,0.601,2.8292,1097.74,FVG,2h,validation,0.325,654
3.0,1.0,388,0.534,1.3092,507.99,FVG,2h,validation,0.325,654
4.0,0.083,388,0.838,3.6323,1409.34,FVG,2h,validation,0.325,654
4.0,0.125,388,0.789,4.0159,1558.17,FVG,2h,validation,0.325,654
4.0,0.167,388,0.755,5.2969,2055.19,FVG,2h,validation,0.325,654
4.0,0.25,388,0.704,4.7994,1862.15,FVG,2h,validation,0.325,654
4.0,0.5,388,0.601,3.0651,1189.24,FVG,2h,validation,0.325,654
4.0,1.0,388,0.528,1.7351,673.24,FVG,2h,validation,0.325,654
5.0,0.083,388,0.838,3.6323,1409.34,FVG,2h,validation,0.325,654
5.0,0.125,388,0.789,4.0159,1558.17,FVG,2h,validation,0.325,654
5.0,0.167,388,0.753,5.2548,2038.86,FVG,2h,validation,0.325,654
5.0,0.25,388,0.693,4.4652,1732.51,FVG,2h,validation,0.325,654
5.0,0.5,388,0.582,2.6965,1046.23,FVG,2h,validation,0.325,654
5.0,1.0,388,0.508,1.5717,609.82,FVG,2h,validation,0.325,654
7.0,0.083,388,0.838,3.6323,1409.34,FVG,2h,validation,0.325,654
7.0,0.125,388,0.789,4.0159,1558.17,FVG,2h,validation,0.325,654
7.0,0.167,388,0.753,5.3984,2094.59,FVG,2h,validation,0.325,654
7.0,0.25,388,0.691,4.6874,1818.7,FVG,2h,validation,0.325,654
7.0,0.5,388,0.575,3.1435,1219.66,FVG,2h,validation,0.325,654
7.0,1.0,388,0.49,1.9064,739.69,FVG,2h,validation,0.325,654
10.0,0.083,388,0.838,3.6323,1409.34,FVG,2h,validation,0.325,654
10.0,0.125,388,0.789,4.0159,1558.17,FVG,2h,validation,0.325,654
10.0,0.167,388,0.753,5.5391,2149.19,FVG,2h,validation,0.325,654
10.0,0.25,388,0.688,4.8073,1865.23,FVG,2h,validation,0.325,654
10.0,0.5,388,0.557,3.0229,1172.87,FVG,2h,validation,0.325,654
10.0,1.0,388,0.464,1.8027,699.44,FVG,2h,validation,0.325,654
2.0,0.083,385,0.829,3.5877,1381.25,FVG,2h,validation,0.35,654
2.0,0.125,385,0.8,4.1162,1584.72,FVG,2h,validation,0.35,654
2.0,0.167,385,0.758,4.4644,1718.78,FVG,2h,validation,0.35,654
2.0,0.25,385,0.719,4.4139,1699.37,FVG,2h,validation,0.35,654
2.0,0.5,385,0.626,2.7334,1052.35,FVG,2h,validation,0.35,654
2.0,1.0,385,0.566,1.2098,465.78,FVG,2h,validation,0.35,654
3.0,0.083,385,0.829,3.5877,1381.25,FVG,2h,validation,0.35,654
3.0,0.125,385,0.8,4.1162,1584.72,FVG,2h,validation,0.35,654
3.0,0.167,385,0.753,4.8199,1855.64,FVG,2h,validation,0.35,654
3.0,0.25,385,0.712,4.6475,1789.3,FVG,2h,validation,0.35,654
3.0,0.5,385,0.597,2.8478,1096.4,FVG,2h,validation,0.35,654
3.0,1.0,385,0.538,1.3855,533.41,FVG,2h,validation,0.35,654
4.0,0.083,385,0.829,3.5877,1381.25,FVG,2h,validation,0.35,654
4.0,0.125,385,0.8,4.1162,1584.72,FVG,2h,validation,0.35,654
4.0,0.167,385,0.751,5.0587,1947.61,FVG,2h,validation,0.35,654
4.0,0.25,385,0.709,4.9672,1912.38,FVG,2h,validation,0.35,654
4.0,0.5,385,0.603,3.2919,1267.37,FVG,2h,validation,0.35,654
4.0,1.0,385,0.538,1.9415,747.47,FVG,2h,validation,0.35,654
5.0,0.083,385,0.829,3.5877,1381.25,FVG,2h,validation,0.35,654
5.0,0.125,385,0.8,4.1162,1584.72,FVG,2h,validation,0.35,654
5.0,0.167,385,0.748,5.0766,1954.47,FVG,2h,validation,0.35,654
5.0,0.25,385,0.696,4.5503,1751.86,FVG,2h,validation,0.35,654
5.0,0.5,385,0.582,2.854,1098.77,FVG,2h,validation,0.35,654
5.0,1.0,385,0.512,1.6707,643.2,FVG,2h,validation,0.35,654
7.0,0.083,385,0.829,3.5877,1381.25,FVG,2h,validation,0.35,654
7.0,0.125,385,0.8,4.1162,1584.72,FVG,2h,validation,0.35,654
7.0,0.167,385,0.748,5.1713,1990.96,FVG,2h,validation,0.35,654
7.0,0.25,385,0.691,4.6676,1797.04,FVG,2h,validation,0.35,654
7.0,0.5,385,0.574,3.1975,1231.02,FVG,2h,validation,0.35,654
7.0,1.0,385,0.491,2.1036,809.88,FVG,2h,validation,0.35,654
10.0,0.083,385,0.829,3.5877,1381.25,FVG,2h,validation,0.35,654
10.0,0.125,385,0.8,4.1162,1584.72,FVG,2h,validation,0.35,654
10.0,0.167,385,0.748,5.3061,2042.86,FVG,2h,validation,0.35,654
10.0,0.25,385,0.688,4.77,1836.45,FVG,2h,validation,0.35,654
10.0,0.5,385,0.556,3.0946,1191.41,FVG,2h,validation,0.35,654
10.0,1.0,385,0.468,2.0007,770.27,FVG,2h,validation,0.35,654
2.0,0.083,386,0.839,3.6995,1428.0,FVG,2h,validation,0.375,654
2.0,0.125,386,0.795,4.2552,1642.5,FVG,2h,validation,0.375,654
2.0,0.167,386,0.751,4.4844,1730.98,FVG,2h,validation,0.375,654
2.0,0.25,386,0.715,4.4988,1736.55,FVG,2h,validation,0.375,654
2.0,0.5,386,0.637,3.0116,1162.49,FVG,2h,validation,0.375,654
2.0,1.0,386,0.575,1.4595,563.38,FVG,2h,validation,0.375,654
3.0,0.083,386,0.839,3.6995,1428.0,FVG,2h,validation,0.375,654
3.0,0.125,386,0.795,4.2552,1642.5,FVG,2h,validation,0.375,654
3.0,0.167,386,0.746,4.8402,1868.31,FVG,2h,validation,0.375,654
3.0,0.25,386,0.707,4.6071,1778.34,FVG,2h,validation,0.375,654
3.0,0.5,386,0.604,2.8496,1099.95,FVG,2h,validation,0.375,654
3.0,1.0,386,0.541,1.4219,548.84,FVG,2h,validation,0.375,654
4.0,0.083,386,0.839,3.6995,1428.0,FVG,2h,validation,0.375,654
4.0,0.125,386,0.795,4.2552,1642.5,FVG,2h,validation,0.375,654
4.0,0.167,386,0.744,5.1162,1974.84,FVG,2h,validation,0.375,654
4.0,0.25,386,0.705,5.0034,1931.3,FVG,2h,validation,0.375,654
4.0,0.5,386,0.609,3.4628,1336.63,FVG,2h,validation,0.375,654
4.0,1.0,386,0.539,2.117,817.17,FVG,2h,validation,0.375,654
5.0,0.083,386,0.839,3.6995,1428.0,FVG,2h,validation,0.375,654
5.0,0.125,386,0.795,4.2552,1642.5,FVG,2h,validation,0.375,654
5.0,0.167,386,0.741,5.1329,1981.3,FVG,2h,validation,0.375,654
5.0,0.25,386,0.694,4.8598,1875.88,FVG,2h,validation,0.375,654
5.0,0.5,386,0.591,3.2651,1260.35,FVG,2h,validation,0.375,654
5.0,1.0,386,0.516,2.0475,790.35,FVG,2h,validation,0.375,654
7.0,0.083,386,0.839,3.6995,1428.0,FVG,2h,validation,0.375,654
7.0,0.125,386,0.795,4.2552,1642.5,FVG,2h,validation,0.375,654
7.0,0.167,386,0.741,5.2292,2018.49,FVG,2h,validation,0.375,654
7.0,0.25,386,0.687,4.7145,1819.78,FVG,2h,validation,0.375,654
7.0,0.5,386,0.58,3.3924,1309.45,FVG,2h,validation,0.375,654
7.0,1.0,386,0.492,2.3187,895.02,FVG,2h,validation,0.375,654
10.0,0.083,386,0.839,3.6995,1428.0,FVG,2h,validation,0.375,654
10.0,0.125,386,0.795,4.2552,1642.5,FVG,2h,validation,0.375,654
10.0,0.167,386,0.741,5.3602,2069.03,FVG,2h,validation,0.375,654
10.0,0.25,386,0.684,4.8026,1853.79,FVG,2h,validation,0.375,654
10.0,0.5,386,0.565,3.3673,1299.77,FVG,2h,validation,0.375,654
10.0,1.0,386,0.472,2.3767,917.39,FVG,2h,validation,0.375,654
2.0,0.083,388,0.84,3.7711,1463.18,FVG,2h,validation,0.4,654
2.0,0.125,388,0.778,3.5262,1368.15,FVG,2h,validation,0.4,654
2.0,0.167,388,0.74,3.6053,1398.86,FVG,2h,validation,0.4,654
2.0,0.25,388,0.696,3.3657,1305.88,FVG,2h,validation,0.4,654
2.0,0.5,388,0.631,2.5118,974.56,FVG,2h,validation,0.4,654
2.0,1.0,388,0.58,1.1631,451.29,FVG,2h,validation,0.4,654
3.0,0.083,388,0.84,3.7711,1463.18,FVG,2h,validation,0.4,654
3.0,0.125,388,0.778,3.5262,1368.15,FVG,2h,validation,0.4,654
3.0,0.167,388,0.735,4.0492,1571.09,FVG,2h,validation,0.4,654
3.0,0.25,388,0.691,3.5952,1394.93,FVG,2h,validation,0.4,654
3.0,0.5,388,0.598,2.4062,933.61,FVG,2h,validation,0.4,654
3.0,1.0,388,0.541,0.9935,385.47,FVG,2h,validation,0.4,654
4.0,0.083,388,0.84,3.7711,1463.18,FVG,2h,validation,0.4,654
4.0,0.125,388,0.778,3.5262,1368.15,FVG,2h,validation,0.4,654
4.0,0.167,388,0.732,4.3201,1676.2,FVG,2h,validation,0.4,654
4.0,0.25,388,0.688,4.018,1558.97,FVG,2h,validation,0.4,654
4.0,0.5,388,0.601,2.9831,1157.43,FVG,2h,validation,0.4,654
4.0,1.0,388,0.536,1.6412,636.78,FVG,2h,validation,0.4,654
5.0,0.083,388,0.84,3.7711,1463.18,FVG,2h,validation,0.4,654
5.0,0.125,388,0.778,3.5262,1368.15,FVG,2h,validation,0.4,654
5.0,0.167,388,0.729,4.3395,1683.71,FVG,2h,validation,0.4,654
5.0,0.25,388,0.678,3.8635,1499.06,FVG,2h,validation,0.4,654
5.0,0.5,388,0.582,2.7558,1069.25,FVG,2h,validation,0.4,654
5.0,1.0,388,0.513,1.4956,580.29,FVG,2h,validation,0.4,654
7.0,0.083,388,0.84,3.7711,1463.18,FVG,2h,validation,0.4,654
7.0,0.125,388,0.778,3.5262,1368.15,FVG,2h,validation,0.4,654
7.0,0.167,388,0.729,4.44,1722.71,FVG,2h,validation,0.4,654
7.0,0.25,388,0.67,3.7276,1446.29,FVG,2h,validation,0.4,654
7.0,0.5,388,0.572,2.894,1122.87,FVG,2h,validation,0.4,654
7.0,1.0,388,0.49,1.8105,702.48,FVG,2h,validation,0.4,654
10.0,0.083,388,0.84,3.7711,1463.18,FVG,2h,validation,0.4,654
10.0,0.125,388,0.778,3.5262,1368.15,FVG,2h,validation,0.4,654
10.0,0.167,388,0.729,4.5618,1769.97,FVG,2h,validation,0.4,654
10.0,0.25,388,0.668,3.7925,1471.49,FVG,2h,validation,0.4,654
10.0,0.5,388,0.557,2.8971,1124.07,FVG,2h,validation,0.4,654
10.0,1.0,388,0.466,1.9653,762.54,FVG,2h,validation,0.4,654
2.0,0.083,381,0.848,3.8079,1450.8,FVG,2h,validation,0.425,654
2.0,0.125,381,0.777,3.6332,1384.26,FVG,2h,validation,0.425,654
2.0,0.167,381,0.74,3.7224,1418.23,FVG,2h,validation,0.425,654
2.0,0.25,381,0.706,3.7561,1431.08,FVG,2h,validation,0.425,654
2.0,0.5,381,0.633,2.7118,1033.21,FVG,2h,validation,0.425,654
2.0,1.0,381,0.583,1.3034,496.59,FVG,2h,validation,0.425,654
3.0,0.083,381,0.848,3.8079,1450.8,FVG,2h,validation,0.425,654
3.0,0.125,381,0.777,3.6332,1384.26,FVG,2h,validation,0.425,654
3.0,0.167,381,0.735,4.1468,1579.92,FVG,2h,validation,0.425,654
3.0,0.25,381,0.698,3.9344,1499.01,FVG,2h,validation,0.425,654
3.0,0.5,381,0.601,2.4686,940.56,FVG,2h,validation,0.425,654
3.0,1.0,381,0.543,0.9808,373.68,FVG,2h,validation,0.425,654
4.0,0.083,381,0.848,3.8079,1450.8,FVG,2h,validation,0.425,654
4.0,0.125,381,0.777,3.6332,1384.26,FVG,2h,validation,0.425,654
4.0,0.167,381,0.732,4.4544,1697.13,FVG,2h,validation,0.425,654
4.0,0.25,381,0.696,4.3824,1669.69,FVG,2h,validation,0.425,654
4.0,0.5,381,0.601,3.0576,1164.94,FVG,2h,validation,0.425,654
4.0,1.0,381,0.535,1.5384,586.15,FVG,2h,validation,0.425,654
5.0,0.083,381,0.848,3.8079,1450.8,FVG,2h,validation,0.425,654
5.0,0.125,381,0.777,3.6332,1384.26,FVG,2h,validation,0.425,654
5.0,0.167,381,0.732,4.5855,1747.09,FVG,2h,validation,0.425,654
5.0,0.25,381,0.688,4.2972,1637.24,FVG,2h,validation,0.425,654
5.0,0.5,381,0.588,2.9596,1127.62,FVG,2h,validation,0.425,654
5.0,1.0,381,0.517,1.5261,581.44,FVG,2h,validation,0.425,654
7.0,0.083,381,0.848,3.8079,1450.8,FVG,2h,validation,0.425,654
7.0,0.125,381,0.777,3.6332,1384.26,FVG,2h,validation,0.425,654
7.0,0.167,381,0.732,4.7145,1796.23,FVG,2h,validation,0.425,654
7.0,0.25,381,0.68,4.2164,1606.46,FVG,2h,validation,0.425,654
7.0,0.5,381,0.575,3.0501,1162.09,FVG,2h,validation,0.425,654
7.0,1.0,381,0.491,1.8262,695.78,FVG,2h,validation,0.425,654
10.0,0.083,381,0.848,3.8079,1450.8,FVG,2h,validation,0.425,654
10.0,0.125,381,0.777,3.6332,1384.26,FVG,2h,validation,0.425,654
10.0,0.167,381,0.732,4.8451,1845.97,FVG,2h,validation,0.425,654
10.0,0.25,381,0.677,4.3018,1638.98,FVG,2h,validation,0.425,654
10.0,0.5,381,0.559,3.0774,1172.49,FVG,2h,validation,0.425,654
10.0,1.0,381,0.47,1.9996,761.85,FVG,2h,validation,0.425,654
2.0,0.083,375,0.856,3.7891,1420.91,FVG,2h,validation,0.45,654
2.0,0.125,375,0.776,3.8078,1427.94,FVG,2h,validation,0.45,654
2.0,0.167,375,0.744,3.9106,1466.48,FVG,2h,validation,0.45,654
2.0,0.25,375,0.699,3.8368,1438.79,FVG,2h,validation,0.45,654
2.0,0.5,375,0.635,2.7965,1048.67,FVG,2h,validation,0.45,654
2.0,1.0,375,0.579,1.3382,501.81,FVG,2h,validation,0.45,654
3.0,0.083,375,0.856,3.7891,1420.91,FVG,2h,validation,0.45,654
3.0,0.125,375,0.776,3.8078,1427.94,FVG,2h,validation,0.45,654
3.0,0.167,375,0.739,4.4078,1652.92,FVG,2h,validation,0.45,654
3.0,0.25,375,0.688,4.0921,1534.53,FVG,2h,validation,0.45,654
3.0,0.5,375,0.605,2.8034,1051.27,FVG,2h,validation,0.45,654
3.0,1.0,375,0.547,1.2874,482.79,FVG,2h,validation,0.45,654
4.0,0.083,375,0.856,3.7891,1420.91,FVG,2h,validation,0.45,654
4.0,0.125,375,0.776,3.8078,1427.94,FVG,2h,validation,0.45,654
4.0,0.167,375,0.736,4.6974,1761.54,FVG,2h,validation,0.45,654
4.0,0.25,375,0.685,4.4965,1686.18,FVG,2h,validation,0.45,654
4.0,0.5,375,0.605,3.2935,1235.06,FVG,2h,validation,0.45,654
4.0,1.0,375,0.539,1.6709,626.6,FVG,2h,validation,0.45,654
5.0,0.083,375,0.856,3.7891,1420.91,FVG,2h,validation,0.45,654
5.0,0.125,375,0.776,3.8078,1427.94,FVG,2h,validation,0.45,654
5.0,0.167,375,0.736,4.8139,1805.2,FVG,2h,validation,0.45,654
5.0,0.25,375,0.677,4.448,1668.02,FVG,2h,validation,0.45,654
5.0,0.5,375,0.595,3.4402,1290.07,FVG,2h,validation,0.45,654
5.0,1.0,375,0.525,1.9816,743.09,FVG,2h,validation,0.45,654
7.0,0.083,375,0.856,3.7891,1420.91,FVG,2h,validation,0.45,654
7.0,0.125,375,0.776,3.8078,1427.94,FVG,2h,validation,0.45,654
7.0,0.167,375,0.736,4.953,1857.37,FVG,2h,validation,0.45,654
7.0,0.25,375,0.669,4.3196,1619.86,FVG,2h,validation,0.45,654
7.0,0.5,375,0.579,3.3561,1258.54,FVG,2h,validation,0.45,654
7.0,1.0,375,0.496,2.0625,773.45,FVG,2h,validation,0.45,654
10.0,0.083,375,0.856,3.7891,1420.91,FVG,2h,validation,0.45,654
10.0,0.125,375,0.776,3.8078,1427.94,FVG,2h,validation,0.45,654
10.0,0.167,375,0.736,5.1026,1913.47,FVG,2h,validation,0.45,654
10.0,0.25,375,0.667,4.4446,1666.73,FVG,2h,validation,0.45,654
10.0,0.5,375,0.56,3.3242,1246.57,FVG,2h,validation,0.45,654
10.0,1.0,375,0.469,2.1758,815.93,FVG,2h,validation,0.45,654
2.0,0.083,366,0.844,3.8376,1404.54,FVG,2h,validation,0.475,654
2.0,0.125,366,0.792,4.6024,1684.49,FVG,2h,validation,0.475,654
2.0,0.167,366,0.762,4.6579,1704.81,FVG,2h,validation,0.475,654
2.0,0.25,366,0.724,4.6572,1704.52,FVG,2h,validation,0.475,654
2.0,0.5,366,0.653,3.6312,1329.01,FVG,2h,validation,0.475,654
2.0,1.0,366,0.593,2.181,798.24,FVG,2h,validation,0.475,654
3.0,0.083,366,0.844,3.8376,1404.54,FVG,2h,validation,0.475,654
3.0,0.125,366,0.792,4.6024,1684.49,FVG,2h,validation,0.475,654
3.0,0.167,366,0.76,5.2417,1918.48,FVG,2h,validation,0.475,654
3.0,0.25,366,0.705,4.9418,1808.7,FVG,2h,validation,0.475,654
3.0,0.5,366,0.62,3.5516,1299.9,FVG,2h,validation,0.475,654
3.0,1.0,366,0.555,2.0327,743.96,FVG,2h,validation,0.475,654
4.0,0.083,366,0.844,3.8376,1404.54,FVG,2h,validation,0.475,654
4.0,0.125,366,0.792,4.6024,1684.49,FVG,2h,validation,0.475,654
4.0,0.167,366,0.757,5.5291,2023.64,FVG,2h,validation,0.475,654
4.0,0.25,366,0.702,5.4146,1981.73,FVG,2h,validation,0.475,654
4.0,0.5,366,0.617,4.1759,1528.4,FVG,2h,validation,0.475,654
4.0,1.0,366,0.552,2.4931,912.49,FVG,2h,validation,0.475,654
5.0,0.083,366,0.844,3.8376,1404.54,FVG,2h,validation,0.475,654
5.0,0.125,366,0.792,4.6024,1684.49,FVG,2h,validation,0.475,654
5.0,0.167,366,0.757,5.6955,2084.54,FVG,2h,validation,0.475,654
5.0,0.25,366,0.694,5.376,1967.6,FVG,2h,validation,0.475,654
5.0,0.5,366,0.609,4.3097,1577.33,FVG,2h,validation,0.475,654
5.0,1.0,366,0.538,2.8305,1035.96,FVG,2h,validation,0.475,654
7.0,0.083,366,0.844,3.8376,1404.54,FVG,2h,validation,0.475,654
7.0,0.125,366,0.792,4.6024,1684.49,FVG,2h,validation,0.475,654
7.0,0.167,366,0.757,5.8527,2142.11,FVG,2h,validation,0.475,654
7.0,0.25,366,0.689,5.2714,1929.31,FVG,2h,validation,0.475,654
7.0,0.5,366,0.598,4.2593,1558.89,FVG,2h,validation,0.475,654
7.0,1.0,366,0.522,2.8311,1036.2,FVG,2h,validation,0.475,654
10.0,0.083,366,0.844,3.8376,1404.54,FVG,2h,validation,0.475,654
10.0,0.125,366,0.792,4.6024,1684.49,FVG,2h,validation,0.475,654
10.0,0.167,366,0.757,5.996,2194.53,FVG,2h,validation,0.475,654
10.0,0.25,366,0.683,5.3777,1968.24,FVG,2h,validation,0.475,654
10.0,0.5,366,0.577,4.3015,1574.34,FVG,2h,validation,0.475,654
10.0,1.0,366,0.489,3.078,1126.56,FVG,2h,validation,0.475,654
2.0,0.083,364,0.849,3.8941,1417.45,FVG,2h,validation,0.5,654
2.0,0.125,364,0.791,4.725,1719.89,FVG,2h,validation,0.5,654
2.0,0.167,364,0.758,4.7465,1727.72,FVG,2h,validation,0.5,654
2.0,0.25,364,0.723,4.7546,1730.67,FVG,2h,validation,0.5,654
2.0,0.5,364,0.648,3.649,1328.25,FVG,2h,validation,0.5,654
2.0,1.0,364,0.593,2.1032,765.57,FVG,2h,validation,0.5,654
3.0,0.083,364,0.849,3.8941,1417.45,FVG,2h,validation,0.5,654
3.0,0.125,364,0.791,4.725,1719.89,FVG,2h,validation,0.5,654
3.0,0.167,364,0.755,5.2873,1924.58,FVG,2h,validation,0.5,654
3.0,0.25,364,0.703,5.0919,1853.46,FVG,2h,validation,0.5,654
3.0,0.5,364,0.621,3.5647,1297.56,FVG,2h,validation,0.5,654
3.0,1.0,364,0.555,1.8944,689.57,FVG,2h,validation,0.5,654
4.0,0.083,364,0.849,3.8941,1417.45,FVG,2h,validation,0.5,654
4.0,0.125,364,0.791,4.725,1719.89,FVG,2h,validation,0.5,654
4.0,0.167,364,0.755,5.6406,2053.16,FVG,2h,validation,0.5,654
4.0,0.25,364,0.703,5.5812,2031.57,FVG,2h,validation,0.5,654
4.0,0.5,364,0.621,4.3156,1570.89,FVG,2h,validation,0.5,654
4.0,1.0,364,0.558,2.6425,961.88,FVG,2h,validation,0.5,654
5.0,0.083,364,0.849,3.8941,1417.45,FVG,2h,validation,0.5,654
5.0,0.125,364,0.791,4.725,1719.89,FVG,2h,validation,0.5,654
5.0,0.167,364,0.753,5.7407,2089.63,FVG,2h,validation,0.5,654
5.0,0.25,364,0.695,5.5493,2019.95,FVG,2h,validation,0.5,654
5.0,0.5,364,0.613,4.4651,1625.3,FVG,2h,validation,0.5,654
5.0,1.0,364,0.547,2.9317,1067.14,FVG,2h,validation,0.5,654
7.0,0.083,364,0.849,3.8941,1417.45,FVG,2h,validation,0.5,654
7.0,0.125,364,0.791,4.725,1719.89,FVG,2h,validation,0.5,654
7.0,0.167,364,0.753,5.9195,2154.68,FVG,2h,validation,0.5,654
7.0,0.25,364,0.687,5.3821,1959.08,FVG,2h,validation,0.5,654
7.0,0.5,364,0.599,4.3142,1570.37,FVG,2h,validation,0.5,654
7.0,1.0,364,0.525,2.7626,1005.57,FVG,2h,validation,0.5,654
10.0,0.083,364,0.849,3.8941,1417.45,FVG,2h,validation,0.5,654
10.0,0.125,364,0.791,4.725,1719.89,FVG,2h,validation,0.5,654
10.0,0.167,364,0.753,6.0636,2207.15,FVG,2h,validation,0.5,654
10.0,0.25,364,0.681,5.4943,1999.93,FVG,2h,validation,0.5,654
10.0,0.5,364,0.58,4.5078,1640.83,FVG,2h,validation,0.5,654
10.0,1.0,364,0.495,3.1444,1144.57,FVG,2h,validation,0.5,654
2.0,0.083,360,0.856,3.8705,1393.39,FVG,2h,validation,0.525,654
2.0,0.125,360,0.797,4.6046,1657.66,FVG,2h,validation,0.525,654
2.0,0.167,360,0.764,4.9447,1780.11,FVG,2h,validation,0.525,654
2.0,0.25,360,0.717,4.8668,1752.07,FVG,2h,validation,0.525,654
2.0,0.5,360,0.65,3.7851,1362.63,FVG,2h,validation,0.525,654
2.0,1.0,360,0.592,2.115,761.41,FVG,2h,validation,0.525,654
3.0,0.083,360,0.856,3.8705,1393.39,FVG,2h,validation,0.525,654
3.0,0.125,360,0.797,4.6046,1657.66,FVG,2h,validation,0.525,654
3.0,0.167,360,0.767,5.4815,1973.35,FVG,2h,validation,0.525,654
3.0,0.25,360,0.706,5.2843,1902.34,FVG,2h,validation,0.525,654
3.0,0.5,360,0.625,3.7315,1343.35,FVG,2h,validation,0.525,654
3.0,1.0,360,0.561,2.0191,726.88,FVG,2h,validation,0.525,654
4.0,0.083,360,0.856,3.8705,1393.39,FVG,2h,validation,0.525,654
4.0,0.125,360,0.797,4.6046,1657.66,FVG,2h,validation,0.525,654
4.0,0.167,360,0.764,5.7387,2065.94,FVG,2h,validation,0.525,654
4.0,0.25,360,0.7,5.565,2003.4,FVG,2h,validation,0.525,654
4.0,0.5,360,0.622,4.1327,1487.78,FVG,2h,validation,0.525,654
4.0,1.0,360,0.553,2.5364,913.12,FVG,2h,validation,0.525,654
5.0,0.083,360,0.856,3.8705,1393.39,FVG,2h,validation,0.525,654
5.0,0.125,360,0.797,4.6046,1657.66,FVG,2h,validation,0.525,654
5.0,0.167,360,0.761,5.9094,2127.4,FVG,2h,validation,0.525,654
5.0,0.25,360,0.694,5.7642,2075.12,FVG,2h,validation,0.525,654
5.0,0.5,360,0.617,4.5472,1636.98,FVG,2h,validation,0.525,654
5.0,1.0,360,0.547,2.9623,1066.41,FVG,2h,validation,0.525,654
7.0,0.083,360,0.856,3.8705,1393.39,FVG,2h,validation,0.525,654
7.0,0.125,360,0.797,4.6046,1657.66,FVG,2h,validation,0.525,654
7.0,0.167,360,0.761,6.1083,2198.99,FVG,2h,validation,0.525,654
7.0,0.25,360,0.683,5.491,1976.75,FVG,2h,validation,0.525,654
7.0,0.5,360,0.6,4.3216,1555.79,FVG,2h,validation,0.525,654
7.0,1.0,360,0.522,2.6541,955.49,FVG,2h,validation,0.525,654
10.0,0.083,360,0.856,3.8705,1393.39,FVG,2h,validation,0.525,654
10.0,0.125,360,0.797,4.6046,1657.66,FVG,2h,validation,0.525,654
10.0,0.167,360,0.761,6.2595,2253.42,FVG,2h,validation,0.525,654
10.0,0.25,360,0.678,5.6474,2033.07,FVG,2h,validation,0.525,654
10.0,0.5,360,0.581,4.5797,1648.69,FVG,2h,validation,0.525,654
10.0,1.0,360,0.492,3.1742,1142.72,FVG,2h,validation,0.525,654
2.0,0.083,359,0.847,3.7787,1356.57,FVG,2h,validation,0.55,654
2.0,0.125,359,0.797,4.6843,1681.67,FVG,2h,validation,0.55,654
2.0,0.167,359,0.769,4.8252,1732.24,FVG,2h,validation,0.55,654
2.0,0.25,359,0.708,4.7258,1696.57,FVG,2h,validation,0.55,654
2.0,0.5,359,0.643,3.6966,1327.08,FVG,2h,validation,0.55,654
2.0,1.0,359,0.585,2.0051,719.82,FVG,2h,validation,0.55,654
3.0,0.083,359,0.847,3.7787,1356.57,FVG,2h,validation,0.55,654
3.0,0.125,359,0.797,4.6843,1681.67,FVG,2h,validation,0.55,654
3.0,0.167,359,0.772,5.2668,1890.79,FVG,2h,validation,0.55,654
3.0,0.25,359,0.699,5.0612,1816.98,FVG,2h,validation,0.55,654
3.0,0.5,359,0.63,3.8903,1396.63,FVG,2h,validation,0.55,654
3.0,1.0,359,0.563,2.2412,804.6,FVG,2h,validation,0.55,654
4.0,0.083,359,0.847,3.7787,1356.57,FVG,2h,validation,0.55,654
4.0,0.125,359,0.797,4.6843,1681.67,FVG,2h,validation,0.55,654
4.0,0.167,359,0.769,5.5733,2000.81,FVG,2h,validation,0.55,654
4.0,0.25,359,0.694,5.3378,1916.27,FVG,2h,validation,0.55,654
4.0,0.5,359,0.624,4.1939,1505.61,FVG,2h,validation,0.55,654
4.0,1.0,359,0.552,2.5982,932.76,FVG,2h,validation,0.55,654
5.0,0.083,359,0.847,3.7787,1356.57,FVG,2h,validation,0.55,654
5.0,0.125,359,0.797,4.6843,1681.67,FVG,2h,validation,0.55,654
5.0,0.167,359,0.766,5.7531,2065.35,FVG,2h,validation,0.55,654
5.0,0.25,359,0.688,5.5488,1992.03,FVG,2h,validation,0.55,654
5.0,0.5,359,0.621,4.5586,1636.53,FVG,2h,validation,0.55,654
5.0,1.0,359,0.546,2.8509,1023.49,FVG,2h,validation,0.55,654
7.0,0.083,359,0.847,3.7787,1356.57,FVG,2h,validation,0.55,654
7.0,0.125,359,0.797,4.6843,1681.67,FVG,2h,validation,0.55,654
7.0,0.167,359,0.766,5.93,2128.89,FVG,2h,validation,0.55,654
7.0,0.25,359,0.677,5.2835,1896.77,FVG,2h,validation,0.55,654
7.0,0.5,359,0.602,4.3785,1571.89,FVG,2h,validation,0.55,654
7.0,1.0,359,0.521,2.6711,958.92,FVG,2h,validation,0.55,654
10.0,0.083,359,0.847,3.7787,1356.57,FVG,2h,validation,0.55,654
10.0,0.125,359,0.797,4.6843,1681.67,FVG,2h,validation,0.55,654
10.0,0.167,359,0.766,6.1013,2190.35,FVG,2h,validation,0.55,654
10.0,0.25,359,0.671,5.4337,1950.69,FVG,2h,validation,0.55,654
10.0,0.5,359,0.582,4.6382,1665.12,FVG,2h,validation,0.55,654
10.0,1.0,359,0.487,3.1839,1143.01,FVG,2h,validation,0.55,654
2.0,0.083,356,0.846,3.7927,1350.21,FVG,2h,validation,0.575,654
2.0,0.125,356,0.792,4.6852,1667.93,FVG,2h,validation,0.575,654
2.0,0.167,356,0.764,4.7527,1691.96,FVG,2h,validation,0.575,654
2.0,0.25,356,0.697,4.5144,1607.11,FVG,2h,validation,0.575,654
2.0,0.5,356,0.629,3.4936,1243.73,FVG,2h,validation,0.575,654
2.0,1.0,356,0.576,1.7113,609.21,FVG,2h,validation,0.575,654
3.0,0.083,356,0.846,3.7927,1350.21,FVG,2h,validation,0.575,654
3.0,0.125,356,0.792,4.6852,1667.93,FVG,2h,validation,0.575,654
3.0,0.167,356,0.761,5.1089,1818.77,FVG,2h,validation,0.575,654
3.0,0.25,356,0.691,5.0091,1783.24,FVG,2h,validation,0.575,654
3.0,0.5,356,0.626,3.9701,1413.36,FVG,2h,validation,0.575,654
3.0,1.0,356,0.573,2.2953,817.12,FVG,2h,validation,0.575,654
4.0,0.083,356,0.846,3.7927,1350.21,FVG,2h,validation,0.575,654
4.0,0.125,356,0.792,4.6852,1667.93,FVG,2h,validation,0.575,654
4.0,0.167,356,0.758,5.3587,1907.68,FVG,2h,validation,0.575,654
4.0,0.25,356,0.68,4.9414,1759.14,FVG,2h,validation,0.575,654
4.0,0.5,356,0.607,3.7703,1342.22,FVG,2h,validation,0.575,654
4.0,1.0,356,0.539,2.1077,750.34,FVG,2h,validation,0.575,654
5.0,0.083,356,0.846,3.7927,1350.21,FVG,2h,validation,0.575,654
5.0,0.125,356,0.792,4.6852,1667.93,FVG,2h,validation,0.575,654
5.0,0.167,356,0.756,5.6181,2000.04,FVG,2h,validation,0.575,654
5.0,0.25,356,0.674,5.2839,1881.07,FVG,2h,validation,0.575,654
5.0,0.5,356,0.607,4.3205,1538.1,FVG,2h,validation,0.575,654
5.0,1.0,356,0.537,2.5393,903.99,FVG,2h,validation,0.575,654
7.0,0.083,356,0.846,3.7927,1350.21,FVG,2h,validation,0.575,654
7.0,0.125,356,0.792,4.6852,1667.93,FVG,2h,validation,0.575,654
7.0,0.167,356,0.756,5.7737,2055.43,FVG,2h,validation,0.575,654
7.0,0.25,356,0.666,5.2484,1868.45,FVG,2h,validation,0.575,654
7.0,0.5,356,0.59,4.3008,1531.1,FVG,2h,validation,0.575,654
7.0,1.0,356,0.514,2.5856,920.47,FVG,2h,validation,0.575,654
10.0,0.083,356,0.846,3.7927,1350.21,FVG,2h,validation,0.575,654
10.0,0.125,356,0.792,4.6852,1667.93,FVG,2h,validation,0.575,654
10.0,0.167,356,0.756,5.9577,2120.94,FVG,2h,validation,0.575,654
10.0,0.25,356,0.657,5.1379,1829.11,FVG,2h,validation,0.575,654
10.0,0.5,356,0.567,4.4094,1569.74,FVG,2h,validation,0.575,654
10.0,1.0,356,0.478,2.9547,1051.88,FVG,2h,validation,0.575,654
2.0,0.083,360,0.842,3.8914,1400.89,FVG,2h,validation,0.6,654
2.0,0.125,360,0.781,4.362,1570.33,FVG,2h,validation,0.6,654
2.0,0.167,360,0.753,4.4362,1597.02,FVG,2h,validation,0.6,654
2.0,0.25,360,0.7,4.1575,1496.7,FVG,2h,validation,0.6,654
2.0,0.5,360,0.614,2.9472,1060.99,FVG,2h,validation,0.6,654
2.0,1.0,360,0.567,1.4398,518.33,FVG,2h,validation,0.6,654
3.0,0.083,360,0.842,3.8914,1400.89,FVG,2h,validation,0.6,654
3.0,0.125,360,0.781,4.362,1570.33,FVG,2h,validation,0.6,654
3.0,0.167,360,0.75,4.7622,1714.4,FVG,2h,validation,0.6,654
3.0,0.25,360,0.697,4.6797,1684.7,FVG,2h,validation,0.6,654
3.0,0.5,360,0.611,3.474,1250.65,FVG,2h,validation,0.6,654
3.0,1.0,360,0.567,2.0674,744.26,FVG,2h,validation,0.6,654
4.0,0.083,360,0.842,3.8914,1400.89,FVG,2h,validation,0.6,654
4.0,0.125,360,0.781,4.362,1570.33,FVG,2h,validation,0.6,654
4.0,0.167,360,0.747,5.0719,1825.9,FVG,2h,validation,0.6,654
4.0,0.25,360,0.683,4.6372,1669.4,FVG,2h,validation,0.6,654
4.0,0.5,360,0.589,3.2787,1180.32,FVG,2h,validation,0.6,654
4.0,1.0,360,0.528,1.6565,596.35,FVG,2h,validation,0.6,654
5.0,0.083,360,0.842,3.8914,1400.89,FVG,2h,validation,0.6,654
5.0,0.125,360,0.781,4.362,1570.33,FVG,2h,validation,0.6,654
5.0,0.167,360,0.747,5.3406,1922.62,FVG,2h,validation,0.6,654
5.0,0.25,360,0.681,5.0125,1804.5,FVG,2h,validation,0.6,654
5.0,0.5,360,0.589,3.8615,1390.12,FVG,2h,validation,0.6,654
5.0,1.0,360,0.528,2.3092,831.3,FVG,2h,validation,0.6,654
7.0,0.083,360,0.842,3.8914,1400.89,FVG,2h,validation,0.6,654
7.0,0.125,360,0.781,4.362,1570.33,FVG,2h,validation,0.6,654
7.0,0.167,360,0.744,5.477,1971.71,FVG,2h,validation,0.6,654
7.0,0.25,360,0.669,4.9296,1774.67,FVG,2h,validation,0.6,654
7.0,0.5,360,0.572,3.7469,1348.89,FVG,2h,validation,0.6,654
7.0,1.0,360,0.5,2.08,748.81,FVG,2h,validation,0.6,654
10.0,0.083,360,0.842,3.8914,1400.89,FVG,2h,validation,0.6,654
10.0,0.125,360,0.781,4.362,1570.33,FVG,2h,validation,0.6,654
10.0,0.167,360,0.744,5.6675,2040.29,FVG,2h,validation,0.6,654
10.0,0.25,360,0.661,4.8162,1733.84,FVG,2h,validation,0.6,654
10.0,0.5,360,0.547,3.853,1387.06,FVG,2h,validation,0.6,654
10.0,1.0,360,0.461,2.4458,880.5,FVG,2h,validation,0.6,654
2.0,0.083,355,0.839,3.8135,1353.8,FVG,2h,validation,0.625,654
2.0,0.125,355,0.789,4.497,1596.42,FVG,2h,validation,0.625,654
2.0,0.167,355,0.761,4.5162,1603.24,FVG,2h,validation,0.625,654
2.0,0.25,355,0.701,4.359,1547.45,FVG,2h,validation,0.625,654
2.0,0.5,355,0.62,3.2642,1158.8,FVG,2h,validation,0.625,654
2.0,1.0,355,0.566,1.6324,579.49,FVG,2h,validation,0.625,654
3.0,0.083,355,0.839,3.8135,1353.8,FVG,2h,validation,0.625,654
3.0,0.125,355,0.789,4.497,1596.42,FVG,2h,validation,0.625,654
3.0,0.167,355,0.755,4.7555,1688.19,FVG,2h,validation,0.625,654
3.0,0.25,355,0.701,4.7204,1675.73,FVG,2h,validation,0.625,654
3.0,0.5,355,0.617,3.6394,1291.98,FVG,2h,validation,0.625,654
3.0,1.0,355,0.569,2.074,736.28,FVG,2h,validation,0.625,654
4.0,0.083,355,0.839,3.8135,1353.8,FVG,2h,validation,0.625,654
4.0,0.125,355,0.789,4.497,1596.42,FVG,2h,validation,0.625,654
4.0,0.167,355,0.752,5.0998,1810.44,FVG,2h,validation,0.625,654
4.0,0.25,355,0.693,4.9931,1772.57,FVG,2h,validation,0.625,654
4.0,0.5,355,0.611,3.875,1375.61,FVG,2h,validation,0.625,654
4.0,1.0,355,0.541,2.1132,750.19,FVG,2h,validation,0.625,654
5.0,0.083,355,0.839,3.8135,1353.8,FVG,2h,validation,0.625,654
5.0,0.125,355,0.789,4.497,1596.42,FVG,2h,validation,0.625,654
5.0,0.167,355,0.752,5.3512,1899.68,FVG,2h,validation,0.625,654
5.0,0.25,355,0.69,5.3868,1912.32,FVG,2h,validation,0.625,654
5.0,0.5,355,0.606,4.3615,1548.34,FVG,2h,validation,0.625,654
5.0,1.0,355,0.535,2.6798,951.33,FVG,2h,validation,0.625,654
7.0,0.083,355,0.839,3.8135,1353.8,FVG,2h,validation,0.625,654
7.0,0.125,355,0.789,4.497,1596.42,FVG,2h,validation,0.625,654
7.0,0.167,355,0.749,5.4609,1938.61,FVG,2h,validation,0.625,654
7.0,0.25,355,0.679,5.3373,1894.75,FVG,2h,validation,0.625,654
7.0,0.5,355,0.589,4.3386,1540.21,FVG,2h,validation,0.625,654
7.0,1.0,355,0.51,2.4957,885.96,FVG,2h,validation,0.625,654
10.0,0.083,355,0.839,3.8135,1353.8,FVG,2h,validation,0.625,654
10.0,0.125,355,0.789,4.497,1596.42,FVG,2h,validation,0.625,654
10.0,0.167,355,0.749,5.6435,2003.43,FVG,2h,validation,0.625,654
10.0,0.25,355,0.67,5.1582,1831.14,FVG,2h,validation,0.625,654
10.0,0.5,355,0.561,4.3967,1560.81,FVG,2h,validation,0.625,654
10.0,1.0,355,0.47,2.7782,986.25,FVG,2h,validation,0.625,654
2.0,0.083,355,0.837,3.76,1334.79,FVG,2h,validation,0.65,654
2.0,0.125,355,0.797,4.5535,1616.5,FVG,2h,validation,0.65,654
2.0,0.167,355,0.755,4.3434,1541.9,FVG,2h,validation,0.65,654
2.0,0.25,355,0.699,4.164,1478.21,FVG,2h,validation,0.65,654
2.0,0.5,355,0.62,3.2587,1156.83,FVG,2h,validation,0.65,654
2.0,1.0,355,0.558,1.6699,592.82,FVG,2h,validation,0.65,654
3.0,0.083,355,0.837,3.76,1334.79,FVG,2h,validation,0.65,654
3.0,0.125,355,0.797,4.5535,1616.5,FVG,2h,validation,0.65,654
3.0,0.167,355,0.752,4.6309,1643.98,FVG,2h,validation,0.65,654
3.0,0.25,355,0.699,4.5895,1629.27,FVG,2h,validation,0.65,654
3.0,0.5,355,0.62,3.7458,1329.77,FVG,2h,validation,0.65,654
3.0,1.0,355,0.566,2.1466,762.05,FVG,2h,validation,0.65,654
4.0,0.083,355,0.837,3.76,1334.79,FVG,2h,validation,0.65,654
4.0,0.125,355,0.797,4.5535,1616.5,FVG,2h,validation,0.65,654
4.0,0.167,355,0.746,4.9771,1766.88,FVG,2h,validation,0.65,654
4.0,0.25,355,0.69,4.8929,1736.99,FVG,2h,validation,0.65,654
4.0,0.5,355,0.611,3.9405,1398.87,FVG,2h,validation,0.65,654
4.0,1.0,355,0.541,2.2368,794.05,FVG,2h,validation,0.65,654
5.0,0.083,355,0.837,3.76,1334.79,FVG,2h,validation,0.65,654
5.0,0.125,355,0.797,4.5535,1616.5,FVG,2h,validation,0.65,654
5.0,0.167,355,0.746,5.209,1849.18,FVG,2h,validation,0.65,654
5.0,0.25,355,0.687,5.2095,1849.39,FVG,2h,validation,0.65,654
5.0,0.5,355,0.606,4.3135,1531.28,FVG,2h,validation,0.65,654
5.0,1.0,355,0.53,2.6143,928.07,FVG,2h,validation,0.65,654
7.0,0.083,355,0.837,3.76,1334.79,FVG,2h,validation,0.65,654
7.0,0.125,355,0.797,4.5535,1616.5,FVG,2h,validation,0.65,654
7.0,0.167,355,0.744,5.3021,1882.24,FVG,2h,validation,0.65,654
7.0,0.25,355,0.676,5.1385,1824.15,FVG,2h,validation,0.65,654
7.0,0.5,355,0.589,4.3109,1530.38,FVG,2h,validation,0.65,654
7.0,1.0,355,0.507,2.4773,879.45,FVG,2h,validation,0.65,654
10.0,0.083,355,0.837,3.76,1334.79,FVG,2h,validation,0.65,654
10.0,0.125,355,0.797,4.5535,1616.5,FVG,2h,validation,0.65,654
10.0,0.167,355,0.744,5.5078,1955.25,FVG,2h,validation,0.65,654
10.0,0.25,355,0.668,4.9957,1773.47,FVG,2h,validation,0.65,654
10.0,0.5,355,0.561,4.3324,1537.99,FVG,2h,validation,0.65,654
10.0,1.0,355,0.468,2.5526,906.19,FVG,2h,validation,0.65,654
2.0,0.083,351,0.826,3.7448,1314.43,FVG,2h,validation,0.675,654
2.0,0.125,351,0.792,4.5924,1611.92,FVG,2h,validation,0.675,654
2.0,0.167,351,0.758,4.5672,1603.09,FVG,2h,validation,0.675,654
2.0,0.25,351,0.707,4.243,1489.28,FVG,2h,validation,0.675,654
2.0,0.5,351,0.624,3.1066,1090.41,FVG,2h,validation,0.675,654
2.0,1.0,351,0.553,1.5125,530.89,FVG,2h,validation,0.675,654
3.0,0.083,351,0.826,3.7448,1314.43,FVG,2h,validation,0.675,654
3.0,0.125,351,0.792,4.5924,1611.92,FVG,2h,validation,0.675,654
3.0,0.167,351,0.752,4.6622,1636.43,FVG,2h,validation,0.675,654
3.0,0.25,351,0.704,4.4815,1573.01,FVG,2h,validation,0.675,654
3.0,0.5,351,0.624,3.621,1270.98,FVG,2h,validation,0.675,654
3.0,1.0,351,0.564,2.0867,732.42,FVG,2h,validation,0.675,654
4.0,0.083,351,0.826,3.7448,1314.43,FVG,2h,validation,0.675,654
4.0,0.125,351,0.792,4.5924,1611.92,FVG,2h,validation,0.675,654
4.0,0.167,351,0.746,5.0157,1760.49,FVG,2h,validation,0.675,654
4.0,0.25,351,0.695,4.8636,1707.13,FVG,2h,validation,0.675,654
4.0,0.5,351,0.618,3.8113,1337.75,FVG,2h,validation,0.675,654
4.0,1.0,351,0.538,2.1806,765.39,FVG,2h,validation,0.675,654
5.0,0.083,351,0.826,3.7448,1314.43,FVG,2h,validation,0.675,654
5.0,0.125,351,0.792,4.5924,1611.92,FVG,2h,validation,0.675,654
5.0,0.167,351,0.746,5.2621,1846.99,FVG,2h,validation,0.675,654
5.0,0.25,351,0.689,5.0863,1785.31,FVG,2h,validation,0.675,654
5.0,0.5,351,0.61,3.9189,1375.54,FVG,2h,validation,0.675,654
5.0,1.0,351,0.524,2.1945,770.27,FVG,2h,validation,0.675,654
7.0,0.083,351,0.826,3.7448,1314.43,FVG,2h,validation,0.675,654
7.0,0.125,351,0.792,4.5924,1611.92,FVG,2h,validation,0.675,654
7.0,0.167,351,0.744,5.3572,1880.38,FVG,2h,validation,0.675,654
7.0,0.25,351,0.678,5.0335,1766.76,FVG,2h,validation,0.675,654
7.0,0.5,351,0.593,3.9651,1391.74,FVG,2h,validation,0.675,654
7.0,1.0,351,0.501,2.2103,775.81,FVG,2h,validation,0.675,654
10.0,0.083,351,0.826,3.7448,1314.43,FVG,2h,validation,0.675,654
10.0,0.125,351,0.792,4.5924,1611.92,FVG,2h,validation,0.675,654
10.0,0.167,351,0.744,5.565,1953.31,FVG,2h,validation,0.675,654
10.0,0.25,351,0.67,4.8925,1717.28,FVG,2h,validation,0.675,654
10.0,0.5,351,0.564,4.0838,1433.41,FVG,2h,validation,0.675,654
10.0,1.0,351,0.467,2.4092,845.63,FVG,2h,validation,0.675,654
2.0,0.083,349,0.831,3.8202,1333.25,FVG,2h,validation,0.7,654
2.0,0.125,349,0.805,4.7991,1674.9,FVG,2h,validation,0.7,654
2.0,0.167,349,0.777,4.8499,1692.63,FVG,2h,validation,0.7,654
2.0,0.25,349,0.719,4.3604,1521.79,FVG,2h,validation,0.7,654
2.0,0.5,349,0.642,3.43,1197.09,FVG,2h,validation,0.7,654
2.0,1.0,349,0.562,1.9274,672.68,FVG,2h,validation,0.7,654
3.0,0.083,349,0.831,3.8202,1333.25,FVG,2h,validation,0.7,654
3.0,0.125,349,0.805,4.7991,1674.9,FVG,2h,validation,0.7,654
3.0,0.167,349,0.771,5.0252,1753.8,FVG,2h,validation,0.7,654
3.0,0.25,349,0.713,4.6821,1634.05,FVG,2h,validation,0.7,654
3.0,0.5,349,0.642,3.8581,1346.47,FVG,2h,validation,0.7,654
3.0,1.0,349,0.57,2.3107,806.44,FVG,2h,validation,0.7,654
4.0,0.083,349,0.831,3.8202,1333.25,FVG,2h,validation,0.7,654
4.0,0.125,349,0.805,4.7991,1674.9,FVG,2h,validation,0.7,654
4.0,0.167,349,0.768,5.4076,1887.24,FVG,2h,validation,0.7,654
4.0,0.25,349,0.708,5.1707,1804.56,FVG,2h,validation,0.7,654
4.0,0.5,349,0.642,4.2532,1484.37,FVG,2h,validation,0.7,654
4.0,1.0,349,0.559,2.7819,970.89,FVG,2h,validation,0.7,654
5.0,0.083,349,0.831,3.8202,1333.25,FVG,2h,validation,0.7,654
5.0,0.125,349,0.805,4.7991,1674.9,FVG,2h,validation,0.7,654
5.0,0.167,349,0.765,5.6095,1957.72,FVG,2h,validation,0.7,654
5.0,0.25,349,0.699,5.2826,1843.64,FVG,2h,validation,0.7,654
5.0,0.5,349,0.628,4.1928,1463.3,FVG,2h,validation,0.7,654
5.0,1.0,349,0.533,2.4494,854.83,FVG,2h,validation,0.7,654
7.0,0.083,349,0.831,3.8202,1333.25,FVG,2h,validation,0.7,654
7.0,0.125,349,0.805,4.7991,1674.9,FVG,2h,validation,0.7,654
7.0,0.167,349,0.762,5.7357,2001.76,FVG,2h,validation,0.7,654
7.0,0.25,349,0.696,5.4936,1917.25,FVG,2h,validation,0.7,654
7.0,0.5,349,0.619,4.4885,1566.48,FVG,2h,validation,0.7,654
7.0,1.0,349,0.516,2.7253,951.12,FVG,2h,validation,0.7,654
10.0,0.083,349,0.831,3.8202,1333.25,FVG,2h,validation,0.7,654
10.0,0.125,349,0.805,4.7991,1674.9,FVG,2h,validation,0.7,654
10.0,0.167,349,0.762,5.9066,2061.39,FVG,2h,validation,0.7,654
10.0,0.25,349,0.679,5.1617,1801.42,FVG,2h,validation,0.7,654
10.0,0.5,349,0.593,4.453,1554.1,FVG,2h,validation,0.7,654
10.0,1.0,349,0.481,2.6687,931.38,FVG,2h,validation,0.7,654
2.0,0.083,361,0.787,3.0123,1087.45,FVG,2h,holdout,0.3,616
2.0,0.125,361,0.823,4.2951,1550.53,FVG,2h,holdout,0.3,616
2.0,0.167,361,0.806,5.1144,1846.31,FVG,2h,holdout,0.3,616
2.0,0.25,361,0.762,4.6057,1662.67,FVG,2h,holdout,0.3,616
2.0,0.5,361,0.704,4.3997,1588.27,FVG,2h,holdout,0.3,616
2.0,1.0,361,0.576,2.4017,867.0,FVG,2h,holdout,0.3,616
3.0,0.083,361,0.787,3.0123,1087.45,FVG,2h,holdout,0.3,616
3.0,0.125,361,0.823,4.2951,1550.53,FVG,2h,holdout,0.3,616
3.0,0.167,361,0.801,5.4014,1949.91,FVG,2h,holdout,0.3,616
3.0,0.25,361,0.759,5.0968,1839.94,FVG,2h,holdout,0.3,616
3.0,0.5,361,0.695,5.0188,1811.78,FVG,2h,holdout,0.3,616
3.0,1.0,361,0.56,3.0901,1115.51,FVG,2h,holdout,0.3,616
4.0,0.083,361,0.787,3.0123,1087.45,FVG,2h,holdout,0.3,616
4.0,0.125,361,0.823,4.2951,1550.53,FVG,2h,holdout,0.3,616
4.0,0.167,361,0.789,5.3643,1936.5,FVG,2h,holdout,0.3,616
4.0,0.25,361,0.74,5.1035,1842.37,FVG,2h,holdout,0.3,616
4.0,0.5,361,0.67,4.9625,1791.45,FVG,2h,holdout,0.3,616
4.0,1.0,361,0.537,2.8644,1034.05,FVG,2h,holdout,0.3,616
5.0,0.083,361,0.787,3.0123,1087.45,FVG,2h,holdout,0.3,616
5.0,0.125,361,0.823,4.2951,1550.53,FVG,2h,holdout,0.3,616
5.0,0.167,361,0.787,5.4815,1978.81,FVG,2h,holdout,0.3,616
5.0,0.25,361,0.734,5.3351,1925.98,FVG,2h,holdout,0.3,616
5.0,0.5,361,0.657,5.2498,1895.16,FVG,2h,holdout,0.3,616
5.0,1.0,361,0.526,3.0343,1095.39,FVG,2h,holdout,0.3,616
7.0,0.083,361,0.787,3.0123,1087.45,FVG,2h,holdout,0.3,616
7.0,0.125,361,0.823,4.2951,1550.53,FVG,2h,holdout,0.3,616
7.0,0.167,361,0.787,5.614,2026.65,FVG,2h,holdout,0.3,616
7.0,0.25,361,0.726,5.2259,1886.56,FVG,2h,holdout,0.3,616
7.0,0.5,361,0.648,5.4757,1976.71,FVG,2h,holdout,0.3,616
7.0,1.0,361,0.507,3.1031,1120.22,FVG,2h,holdout,0.3,616
10.0,0.083,361,0.787,3.0123,1087.45,FVG,2h,holdout,0.3,616
10.0,0.125,361,0.823,4.2951,1550.53,FVG,2h,holdout,0.3,616
10.0,0.167,361,0.787,5.7436,2073.46,FVG,2h,holdout,0.3,616
10.0,0.25,361,0.723,5.4675,1973.77,FVG,2h,holdout,0.3,616
10.0,0.5,361,0.64,5.7877,2089.36,FVG,2h,holdout,0.3,616
10.0,1.0,361,0.488,3.2364,1168.35,FVG,2h,holdout,0.3,616
2.0,0.083,357,0.782,2.9751,1062.12,FVG,2h,holdout,0.325,616
2.0,0.125,357,0.824,4.3407,1549.62,FVG,2h,holdout,0.325,616
2.0,0.167,357,0.804,5.1888,1852.4,FVG,2h,holdout,0.325,616
2.0,0.25,357,0.754,4.691,1674.67,FVG,2h,holdout,0.325,616
2.0,0.5,357,0.692,4.2748,1526.11,FVG,2h,holdout,0.325,616
2.0,1.0,357,0.569,2.819,1006.38,FVG,2h,holdout,0.325,616
3.0,0.083,357,0.782,2.9751,1062.12,FVG,2h,holdout,0.325,616
3.0,0.125,357,0.824,4.3407,1549.62,FVG,2h,holdout,0.325,616
3.0,0.167,357,0.801,5.479,1955.99,FVG,2h,holdout,0.325,616
3.0,0.25,357,0.751,5.1553,1840.44,FVG,2h,holdout,0.325,616
3.0,0.5,357,0.686,4.9725,1775.2,FVG,2h,holdout,0.325,616
3.0,1.0,357,0.563,3.4951,1247.73,FVG,2h,holdout,0.325,616
4.0,0.083,357,0.782,2.9751,1062.12,FVG,2h,holdout,0.325,616
4.0,0.125,357,0.824,4.3407,1549.62,FVG,2h,holdout,0.325,616
4.0,0.167,357,0.793,5.4951,1961.76,FVG,2h,holdout,0.325,616
4.0,0.25,357,0.734,5.2438,1872.03,FVG,2h,holdout,0.325,616
4.0,0.5,357,0.661,4.9322,1760.79,FVG,2h,holdout,0.325,616
4.0,1.0,357,0.541,3.58,1278.07,FVG,2h,holdout,0.325,616
5.0,0.083,357,0.782,2.9751,1062.12,FVG,2h,holdout,0.325,616
5.0,0.125,357,0.824,4.3407,1549.62,FVG,2h,holdout,0.325,616
5.0,0.167,357,0.79,5.6093,2002.53,FVG,2h,holdout,0.325,616
5.0,0.25,357,0.728,5.4852,1958.21,FVG,2h,holdout,0.325,616
5.0,0.5,357,0.647,5.2397,1870.57,FVG,2h,holdout,0.325,616
5.0,1.0,357,0.527,3.6469,1301.95,FVG,2h,holdout,0.325,616
7.0,0.083,357,0.782,2.9751,1062.12,FVG,2h,holdout,0.325,616
7.0,0.125,357,0.824,4.3407,1549.62,FVG,2h,holdout,0.325,616
7.0,0.167,357,0.79,5.7438,2050.53,FVG,2h,holdout,0.325,616
7.0,0.25,357,0.72,5.3682,1916.44,FVG,2h,holdout,0.325,616
7.0,0.5,357,0.639,5.4358,1940.59,FVG,2h,holdout,0.325,616
7.0,1.0,357,0.507,3.6894,1317.12,FVG,2h,holdout,0.325,616
10.0,0.083,357,0.782,2.9751,1062.12,FVG,2h,holdout,0.325,616
10.0,0.125,357,0.824,4.3407,1549.62,FVG,2h,holdout,0.325,616
10.0,0.167,357,0.79,5.8767,2097.98,FVG,2h,holdout,0.325,616
10.0,0.25,357,0.717,5.619,2005.98,FVG,2h,holdout,0.325,616
10.0,0.5,357,0.63,5.7908,2067.31,FVG,2h,holdout,0.325,616
10.0,1.0,357,0.487,3.8327,1368.28,FVG,2h,holdout,0.325,616
2.0,0.083,353,0.79,3.0879,1090.03,FVG,2h,holdout,0.35,616
2.0,0.125,353,0.824,4.4625,1575.26,FVG,2h,holdout,0.35,616
2.0,0.167,353,0.805,5.2969,1869.8,FVG,2h,holdout,0.35,616
2.0,0.25,353,0.762,4.7579,1679.54,FVG,2h,holdout,0.35,616
2.0,0.5,353,0.697,4.2043,1484.13,FVG,2h,holdout,0.35,616
2.0,1.0,353,0.578,2.698,952.39,FVG,2h,holdout,0.35,616
3.0,0.083,353,0.79,3.0879,1090.03,FVG,2h,holdout,0.35,616
3.0,0.125,353,0.824,4.4625,1575.26,FVG,2h,holdout,0.35,616
3.0,0.167,353,0.802,5.623,1984.93,FVG,2h,holdout,0.35,616
3.0,0.25,353,0.754,5.1683,1824.4,FVG,2h,holdout,0.35,616
3.0,0.5,353,0.686,4.9416,1744.39,FVG,2h,holdout,0.35,616
3.0,1.0,353,0.564,3.3474,1181.63,FVG,2h,holdout,0.35,616
4.0,0.083,353,0.79,3.0879,1090.03,FVG,2h,holdout,0.35,616
4.0,0.125,353,0.824,4.4625,1575.26,FVG,2h,holdout,0.35,616
4.0,0.167,353,0.793,5.5994,1976.58,FVG,2h,holdout,0.35,616
4.0,0.25,353,0.739,5.2688,1859.9,FVG,2h,holdout,0.35,616
4.0,0.5,353,0.663,4.857,1714.52,FVG,2h,holdout,0.35,616
4.0,1.0,353,0.541,3.3139,1169.81,FVG,2h,holdout,0.35,616
5.0,0.083,353,0.79,3.0879,1090.03,FVG,2h,holdout,0.35,616
5.0,0.125,353,0.824,4.4625,1575.26,FVG,2h,holdout,0.35,616
5.0,0.167,353,0.79,5.7724,2037.64,FVG,2h,holdout,0.35,616
5.0,0.25,353,0.734,5.606,1978.94,FVG,2h,holdout,0.35,616
5.0,0.5,353,0.649,5.311,1874.8,FVG,2h,holdout,0.35,616
5.0,1.0,353,0.53,3.6916,1303.13,FVG,2h,holdout,0.35,616
7.0,0.083,353,0.79,3.0879,1090.03,FVG,2h,holdout,0.35,616
7.0,0.125,353,0.824,4.4625,1575.26,FVG,2h,holdout,0.35,616
7.0,0.167,353,0.79,5.9074,2085.31,FVG,2h,holdout,0.35,616
7.0,0.25,353,0.725,5.4928,1938.95,FVG,2h,holdout,0.35,616
7.0,0.5,353,0.64,5.5287,1951.65,FVG,2h,holdout,0.35,616
7.0,1.0,353,0.513,3.8515,1359.57,FVG,2h,holdout,0.35,616
10.0,0.083,353,0.79,3.0879,1090.03,FVG,2h,holdout,0.35,616
10.0,0.125,353,0.824,4.4625,1575.26,FVG,2h,holdout,0.35,616
10.0,0.167,353,0.79,6.0412,2132.54,FVG,2h,holdout,0.35,616
10.0,0.25,353,0.722,5.7434,2027.43,FVG,2h,holdout,0.35,616
10.0,0.5,353,0.632,5.8279,2057.24,FVG,2h,holdout,0.35,616
10.0,1.0,353,0.493,3.75,1323.76,FVG,2h,holdout,0.35,616
2.0,0.083,352,0.784,3.0822,1084.94,FVG,2h,holdout,0.375,616
2.0,0.125,352,0.821,4.4254,1557.73,FVG,2h,holdout,0.375,616
2.0,0.167,352,0.798,5.1318,1806.39,FVG,2h,holdout,0.375,616
2.0,0.25,352,0.747,4.6755,1645.77,FVG,2h,holdout,0.375,616
2.0,0.5,352,0.682,3.927,1382.31,FVG,2h,holdout,0.375,616
2.0,1.0,352,0.568,2.59,911.69,FVG,2h,holdout,0.375,616
3.0,0.083,352,0.784,3.0822,1084.94,FVG,2h,holdout,0.375,616
3.0,0.125,352,0.821,4.4254,1557.73,FVG,2h,holdout,0.375,616
3.0,0.167,352,0.793,5.4462,1917.08,FVG,2h,holdout,0.375,616
3.0,0.25,352,0.739,5.0184,1766.47,FVG,2h,holdout,0.375,616
3.0,0.5,352,0.673,4.6159,1624.79,FVG,2h,holdout,0.375,616
3.0,1.0,352,0.557,3.1446,1106.91,FVG,2h,holdout,0.375,616
4.0,0.083,352,0.784,3.0822,1084.94,FVG,2h,holdout,0.375,616
4.0,0.125,352,0.821,4.4254,1557.73,FVG,2h,holdout,0.375,616
4.0,0.167,352,0.784,5.4281,1910.71,FVG,2h,holdout,0.375,616
4.0,0.25,352,0.724,5.1516,1813.36,FVG,2h,holdout,0.375,616
4.0,0.5,352,0.651,4.591,1616.03,FVG,2h,holdout,0.375,616
4.0,1.0,352,0.534,3.1972,1125.41,FVG,2h,holdout,0.375,616
5.0,0.083,352,0.784,3.0822,1084.94,FVG,2h,holdout,0.375,616
5.0,0.125,352,0.821,4.4254,1557.73,FVG,2h,holdout,0.375,616
5.0,0.167,352,0.781,5.612,1975.44,FVG,2h,holdout,0.375,616
5.0,0.25,352,0.719,5.5038,1937.34,FVG,2h,holdout,0.375,616
5.0,0.5,352,0.636,5.0238,1768.37,FVG,2h,holdout,0.375,616
5.0,1.0,352,0.52,3.6069,1269.63,FVG,2h,holdout,0.375,616
7.0,0.083,352,0.784,3.0822,1084.94,FVG,2h,holdout,0.375,616
7.0,0.125,352,0.821,4.4254,1557.73,FVG,2h,holdout,0.375,616
7.0,0.167,352,0.781,5.7574,2026.59,FVG,2h,holdout,0.375,616
7.0,0.25,352,0.716,5.4205,1908.01,FVG,2h,holdout,0.375,616
7.0,0.5,352,0.631,5.2724,1855.9,FVG,2h,holdout,0.375,616
7.0,1.0,352,0.506,3.7179,1308.71,FVG,2h,holdout,0.375,616
10.0,0.083,352,0.784,3.0822,1084.94,FVG,2h,holdout,0.375,616
10.0,0.125,352,0.821,4.4254,1557.73,FVG,2h,holdout,0.375,616
10.0,0.167,352,0.781,5.8816,2070.34,FVG,2h,holdout,0.375,616
10.0,0.25,352,0.71,5.6501,1988.85,FVG,2h,holdout,0.375,616
10.0,0.5,352,0.619,5.4964,1934.73,FVG,2h,holdout,0.375,616
10.0,1.0,352,0.483,3.5177,1238.23,FVG,2h,holdout,0.375,616
2.0,0.083,350,0.78,2.9863,1045.19,FVG,2h,holdout,0.4,616
2.0,0.125,350,0.811,3.9628,1386.97,FVG,2h,holdout,0.4,616
2.0,0.167,350,0.789,4.7058,1647.04,FVG,2h,holdout,0.4,616
2.0,0.25,350,0.74,4.5131,1579.58,FVG,2h,holdout,0.4,616
2.0,0.5,350,0.677,3.5685,1248.98,FVG,2h,holdout,0.4,616
2.0,1.0,350,0.56,2.1792,762.71,FVG,2h,holdout,0.4,616
3.0,0.083,350,0.78,2.9863,1045.19,FVG,2h,holdout,0.4,616
3.0,0.125,350,0.811,3.9628,1386.97,FVG,2h,holdout,0.4,616
3.0,0.167,350,0.783,5.0121,1754.25,FVG,2h,holdout,0.4,616
3.0,0.25,350,0.731,4.8189,1686.6,FVG,2h,holdout,0.4,616
3.0,0.5,350,0.671,4.234,1481.91,FVG,2h,holdout,0.4,616
3.0,1.0,350,0.549,2.7092,948.24,FVG,2h,holdout,0.4,616
4.0,0.083,350,0.78,2.9863,1045.19,FVG,2h,holdout,0.4,616
4.0,0.125,350,0.811,3.9628,1386.97,FVG,2h,holdout,0.4,616
4.0,0.167,350,0.774,5.0602,1771.07,FVG,2h,holdout,0.4,616
4.0,0.25,350,0.72,5.0408,1764.29,FVG,2h,holdout,0.4,616
4.0,0.5,350,0.649,4.3322,1516.28,FVG,2h,holdout,0.4,616
4.0,1.0,350,0.526,2.9162,1020.67,FVG,2h,holdout,0.4,616
5.0,0.083,350,0.78,2.9863,1045.19,FVG,2h,holdout,0.4,616
5.0,0.125,350,0.811,3.9628,1386.97,FVG,2h,holdout,0.4,616
5.0,0.167,350,0.774,5.2285,1829.96,FVG,2h,holdout,0.4,616
5.0,0.25,350,0.717,5.3603,1876.09,FVG,2h,holdout,0.4,616
5.0,0.5,350,0.634,4.7178,1651.25,FVG,2h,holdout,0.4,616
5.0,1.0,350,0.511,3.2308,1130.79,FVG,2h,holdout,0.4,616
7.0,0.083,350,0.78,2.9863,1045.19,FVG,2h,holdout,0.4,616
7.0,0.125,350,0.811,3.9628,1386.97,FVG,2h,holdout,0.4,616
7.0,0.167,350,0.771,5.3439,1870.37,FVG,2h,holdout,0.4,616
7.0,0.25,350,0.711,5.2378,1833.23,FVG,2h,holdout,0.4,616
7.0,0.5,350,0.626,4.896,1713.62,FVG,2h,holdout,0.4,616
7.0,1.0,350,0.494,3.2581,1140.32,FVG,2h,holdout,0.4,616
10.0,0.083,350,0.78,2.9863,1045.19,FVG,2h,holdout,0.4,616
10.0,0.125,350,0.811,3.9628,1386.97,FVG,2h,holdout,0.4,616
10.0,0.167,350,0.771,5.4685,1913.99,FVG,2h,holdout,0.4,616
10.0,0.25,350,0.706,5.4675,1913.62,FVG,2h,holdout,0.4,616
10.0,0.5,350,0.614,5.1173,1791.05,FVG,2h,holdout,0.4,616
10.0,1.0,350,0.474,3.1888,1116.09,FVG,2h,holdout,0.4,616
2.0,0.083,350,0.774,2.9664,1038.23,FVG,2h,holdout,0.425,616
2.0,0.125,350,0.809,3.6811,1288.39,FVG,2h,holdout,0.425,616
2.0,0.167,350,0.78,4.2783,1497.42,FVG,2h,holdout,0.425,616
2.0,0.25,350,0.729,4.0836,1429.26,FVG,2h,holdout,0.425,616
2.0,0.5,350,0.669,3.1622,1106.76,FVG,2h,holdout,0.425,616
2.0,1.0,350,0.557,1.7431,610.09,FVG,2h,holdout,0.425,616
3.0,0.083,350,0.774,2.9664,1038.23,FVG,2h,holdout,0.425,616
3.0,0.125,350,0.809,3.6811,1288.39,FVG,2h,holdout,0.425,616
3.0,0.167,350,0.774,4.5859,1605.06,FVG,2h,holdout,0.425,616
3.0,0.25,350,0.72,4.4203,1547.09,FVG,2h,holdout,0.425,616
3.0,0.5,350,0.666,3.9501,1382.53,FVG,2h,holdout,0.425,616
3.0,1.0,350,0.554,2.4857,870.0,FVG,2h,holdout,0.425,616
4.0,0.083,350,0.774,2.9664,1038.23,FVG,2h,holdout,0.425,616
4.0,0.125,350,0.809,3.6811,1288.39,FVG,2h,holdout,0.425,616
4.0,0.167,350,0.766,4.6498,1627.42,FVG,2h,holdout,0.425,616
4.0,0.25,350,0.709,4.6377,1623.2,FVG,2h,holdout,0.425,616
4.0,0.5,350,0.64,3.8635,1352.24,FVG,2h,holdout,0.425,616
4.0,1.0,350,0.517,2.3427,819.94,FVG,2h,holdout,0.425,616
5.0,0.083,350,0.774,2.9664,1038.23,FVG,2h,holdout,0.425,616
5.0,0.125,350,0.809,3.6811,1288.39,FVG,2h,holdout,0.425,616
5.0,0.167,350,0.766,4.7899,1676.48,FVG,2h,holdout,0.425,616
5.0,0.25,350,0.706,4.912,1719.18,FVG,2h,holdout,0.425,616
5.0,0.5,350,0.631,4.3041,1506.44,FVG,2h,holdout,0.425,616
5.0,1.0,350,0.514,2.8884,1010.94,FVG,2h,holdout,0.425,616
7.0,0.083,350,0.774,2.9664,1038.23,FVG,2h,holdout,0.425,616
7.0,0.125,350,0.809,3.6811,1288.39,FVG,2h,holdout,0.425,616
7.0,0.167,350,0.763,4.9302,1725.57,FVG,2h,holdout,0.425,616
7.0,0.25,350,0.7,4.8296,1690.36,FVG,2h,holdout,0.425,616
7.0,0.5,350,0.617,4.4594,1560.8,FVG,2h,holdout,0.425,616
7.0,1.0,350,0.489,2.8838,1009.34,FVG,2h,holdout,0.425,616
10.0,0.083,350,0.774,2.9664,1038.23,FVG,2h,holdout,0.425,616
10.0,0.125,350,0.809,3.6811,1288.39,FVG,2h,holdout,0.425,616
10.0,0.167,350,0.763,5.045,1765.73,FVG,2h,holdout,0.425,616
10.0,0.25,350,0.694,5.0341,1761.95,FVG,2h,holdout,0.425,616
10.0,0.5,350,0.606,4.6513,1627.96,FVG,2h,holdout,0.425,616
10.0,1.0,350,0.469,2.7096,948.35,FVG,2h,holdout,0.425,616
2.0,0.083,351,0.781,2.9386,1031.46,FVG,2h,holdout,0.45,616
2.0,0.125,351,0.809,3.6008,1263.89,FVG,2h,holdout,0.45,616
2.0,0.167,351,0.775,4.3113,1513.26,FVG,2h,holdout,0.45,616
2.0,0.25,351,0.738,4.0671,1427.56,FVG,2h,holdout,0.45,616
2.0,0.5,351,0.661,3.1429,1103.15,FVG,2h,holdout,0.45,616
2.0,1.0,351,0.556,1.8018,632.42,FVG,2h,holdout,0.45,616
3.0,0.083,351,0.781,2.9386,1031.46,FVG,2h,holdout,0.45,616
3.0,0.125,351,0.809,3.6008,1263.89,FVG,2h,holdout,0.45,616
3.0,0.167,351,0.769,4.5654,1602.46,FVG,2h,holdout,0.45,616
3.0,0.25,351,0.726,4.3799,1537.34,FVG,2h,holdout,0.45,616
3.0,0.5,351,0.661,3.8038,1335.13,FVG,2h,holdout,0.45,616
3.0,1.0,351,0.558,2.4382,855.83,FVG,2h,holdout,0.45,616
4.0,0.083,351,0.781,2.9386,1031.46,FVG,2h,holdout,0.45,616
4.0,0.125,351,0.809,3.6008,1263.89,FVG,2h,holdout,0.45,616
4.0,0.167,351,0.764,4.7267,1659.07,FVG,2h,holdout,0.45,616
4.0,0.25,351,0.715,4.6479,1631.43,FVG,2h,holdout,0.45,616
4.0,0.5,351,0.638,3.7952,1332.12,FVG,2h,holdout,0.45,616
4.0,1.0,351,0.521,2.3415,821.87,FVG,2h,holdout,0.45,616
5.0,0.083,351,0.781,2.9386,1031.46,FVG,2h,holdout,0.45,616
5.0,0.125,351,0.809,3.6008,1263.89,FVG,2h,holdout,0.45,616
5.0,0.167,351,0.761,4.7643,1672.27,FVG,2h,holdout,0.45,616
5.0,0.25,351,0.709,4.8044,1686.36,FVG,2h,holdout,0.45,616
5.0,0.5,351,0.63,4.1662,1462.34,FVG,2h,holdout,0.45,616
5.0,1.0,351,0.516,2.7918,979.92,FVG,2h,holdout,0.45,616
7.0,0.083,351,0.781,2.9386,1031.46,FVG,2h,holdout,0.45,616
7.0,0.125,351,0.809,3.6008,1263.89,FVG,2h,holdout,0.45,616
7.0,0.167,351,0.758,4.9361,1732.57,FVG,2h,holdout,0.45,616
7.0,0.25,351,0.704,4.7801,1677.83,FVG,2h,holdout,0.45,616
7.0,0.5,351,0.613,4.315,1514.56,FVG,2h,holdout,0.45,616
7.0,1.0,351,0.487,2.7908,979.58,FVG,2h,holdout,0.45,616
10.0,0.083,351,0.781,2.9386,1031.46,FVG,2h,holdout,0.45,616
10.0,0.125,351,0.809,3.6008,1263.89,FVG,2h,holdout,0.45,616
10.0,0.167,351,0.758,5.0491,1772.22,FVG,2h,holdout,0.45,616
10.0,0.25,351,0.698,4.9789,1747.6,FVG,2h,holdout,0.45,616
10.0,0.5,351,0.601,4.5052,1581.33,FVG,2h,holdout,0.45,616
10.0,1.0,351,0.473,2.5674,901.15,FVG,2h,holdout,0.45,616
2.0,0.083,355,0.792,2.9313,1040.59,FVG,2h,holdout,0.475,616
2.0,0.125,355,0.797,3.2913,1168.42,FVG,2h,holdout,0.475,616
2.0,0.167,355,0.758,3.8598,1370.22,FVG,2h,holdout,0.475,616
2.0,0.25,355,0.727,3.506,1244.63,FVG,2h,holdout,0.475,616
2.0,0.5,355,0.648,2.524,896.01,FVG,2h,holdout,0.475,616
2.0,1.0,355,0.546,1.2581,446.61,FVG,2h,holdout,0.475,616
3.0,0.083,355,0.792,2.9313,1040.59,FVG,2h,holdout,0.475,616
3.0,0.125,355,0.797,3.2913,1168.42,FVG,2h,holdout,0.475,616
3.0,0.167,355,0.758,4.2578,1511.52,FVG,2h,holdout,0.475,616
3.0,0.25,355,0.724,3.9972,1419.0,FVG,2h,holdout,0.475,616
3.0,0.5,355,0.648,3.3791,1199.59,FVG,2h,holdout,0.475,616
3.0,1.0,355,0.549,2.271,806.22,FVG,2h,holdout,0.475,616
4.0,0.083,355,0.792,2.9313,1040.59,FVG,2h,holdout,0.475,616
4.0,0.125,355,0.797,3.2913,1168.42,FVG,2h,holdout,0.475,616
4.0,0.167,355,0.749,4.3963,1560.68,FVG,2h,holdout,0.475,616
4.0,0.25,355,0.713,4.2985,1525.97,FVG,2h,holdout,0.475,616
4.0,0.5,355,0.637,3.5675,1266.48,FVG,2h,holdout,0.475,616
4.0,1.0,355,0.527,2.2445,796.78,FVG,2h,holdout,0.475,616
5.0,0.083,355,0.792,2.9313,1040.59,FVG,2h,holdout,0.475,616
5.0,0.125,355,0.797,3.2913,1168.42,FVG,2h,holdout,0.475,616
5.0,0.167,355,0.746,4.4151,1567.35,FVG,2h,holdout,0.475,616
5.0,0.25,355,0.704,4.3752,1553.21,FVG,2h,holdout,0.475,616
5.0,0.5,355,0.623,3.6843,1307.92,FVG,2h,holdout,0.475,616
5.0,1.0,355,0.515,2.4433,867.39,FVG,2h,holdout,0.475,616
7.0,0.083,355,0.792,2.9313,1040.59,FVG,2h,holdout,0.475,616
7.0,0.125,355,0.797,3.2913,1168.42,FVG,2h,holdout,0.475,616
7.0,0.167,355,0.744,4.5845,1627.5,FVG,2h,holdout,0.475,616
7.0,0.25,355,0.699,4.344,1542.11,FVG,2h,holdout,0.475,616
7.0,0.5,355,0.603,3.8649,1372.05,FVG,2h,holdout,0.475,616
7.0,1.0,355,0.485,2.4962,886.17,FVG,2h,holdout,0.475,616
10.0,0.083,355,0.792,2.9313,1040.59,FVG,2h,holdout,0.475,616
10.0,0.125,355,0.797,3.2913,1168.42,FVG,2h,holdout,0.475,616
10.0,0.167,355,0.744,4.718,1674.89,FVG,2h,holdout,0.475,616
10.0,0.25,355,0.693,4.5869,1628.34,FVG,2h,holdout,0.475,616
10.0,0.5,355,0.592,4.1071,1458.04,FVG,2h,holdout,0.475,616
10.0,1.0,355,0.47,2.3457,832.72,FVG,2h,holdout,0.475,616
2.0,0.083,354,0.768,2.8551,1010.72,FVG,2h,holdout,0.5,616
2.0,0.125,354,0.802,3.4274,1213.29,FVG,2h,holdout,0.5,616
2.0,0.167,354,0.766,4.001,1416.35,FVG,2h,holdout,0.5,616
2.0,0.25,354,0.732,3.7453,1325.85,FVG,2h,holdout,0.5,616
2.0,0.5,354,0.672,2.7635,978.29,FVG,2h,holdout,0.5,616
2.0,1.0,354,0.556,1.3579,480.71,FVG,2h,holdout,0.5,616
3.0,0.083,354,0.768,2.8551,1010.72,FVG,2h,holdout,0.5,616
3.0,0.125,354,0.802,3.4274,1213.29,FVG,2h,holdout,0.5,616
3.0,0.167,354,0.763,4.2253,1495.74,FVG,2h,holdout,0.5,616
3.0,0.25,354,0.723,4.0221,1423.81,FVG,2h,holdout,0.5,616
3.0,0.5,354,0.669,3.3423,1183.16,FVG,2h,holdout,0.5,616
3.0,1.0,354,0.551,2.0953,741.74,FVG,2h,holdout,0.5,616
4.0,0.083,354,0.768,2.8551,1010.72,FVG,2h,holdout,0.5,616
4.0,0.125,354,0.802,3.4274,1213.29,FVG,2h,holdout,0.5,616
4.0,0.167,354,0.757,4.4569,1577.74,FVG,2h,holdout,0.5,616
4.0,0.25,354,0.715,4.4784,1585.37,FVG,2h,holdout,0.5,616
4.0,0.5,354,0.658,3.749,1327.13,FVG,2h,holdout,0.5,616
4.0,1.0,354,0.534,2.3977,848.78,FVG,2h,holdout,0.5,616
5.0,0.083,354,0.768,2.8551,1010.72,FVG,2h,holdout,0.5,616
5.0,0.125,354,0.802,3.4274,1213.29,FVG,2h,holdout,0.5,616
5.0,0.167,354,0.751,4.4176,1563.82,FVG,2h,holdout,0.5,616
5.0,0.25,354,0.703,4.5061,1595.16,FVG,2h,holdout,0.5,616
5.0,0.5,354,0.641,3.8253,1354.17,FVG,2h,holdout,0.5,616
5.0,1.0,354,0.52,2.4627,871.81,FVG,2h,holdout,0.5,616
7.0,0.083,354,0.768,2.8551,1010.72,FVG,2h,holdout,0.5,616
7.0,0.125,354,0.802,3.4274,1213.29,FVG,2h,holdout,0.5,616
7.0,0.167,354,0.749,4.5587,1613.76,FVG,2h,holdout,0.5,616
7.0,0.25,354,0.698,4.4029,1558.62,FVG,2h,holdout,0.5,616
7.0,0.5,354,0.627,3.892,1377.77,FVG,2h,holdout,0.5,616
7.0,1.0,354,0.489,2.358,834.72,FVG,2h,holdout,0.5,616
10.0,0.083,354,0.768,2.8551,1010.72,FVG,2h,holdout,0.5,616
10.0,0.125,354,0.802,3.4274,1213.29,FVG,2h,holdout,0.5,616
10.0,0.167,354,0.749,4.7221,1671.63,FVG,2h,holdout,0.5,616
10.0,0.25,354,0.692,4.6849,1658.46,FVG,2h,holdout,0.5,616
10.0,0.5,354,0.613,4.1525,1469.99,FVG,2h,holdout,0.5,616
10.0,1.0,354,0.472,2.3297,824.72,FVG,2h,holdout,0.5,616
2.0,0.083,351,0.775,2.9259,1027.0,FVG,2h,holdout,0.525,616
2.0,0.125,351,0.803,3.6167,1269.45,FVG,2h,holdout,0.525,616
2.0,0.167,351,0.772,4.2558,1493.77,FVG,2h,holdout,0.525,616
2.0,0.25,351,0.738,3.9783,1396.37,FVG,2h,holdout,0.525,616
2.0,0.5,351,0.67,2.9982,1052.37,FVG,2h,holdout,0.525,616
2.0,1.0,351,0.57,1.6818,590.32,FVG,2h,holdout,0.525,616
3.0,0.083,351,0.775,2.9259,1027.0,FVG,2h,holdout,0.525,616
3.0,0.125,351,0.803,3.6167,1269.45,FVG,2h,holdout,0.525,616
3.0,0.167,351,0.769,4.4551,1563.75,FVG,2h,holdout,0.525,616
3.0,0.25,351,0.732,4.237,1487.19,FVG,2h,holdout,0.525,616
3.0,0.5,351,0.661,3.3238,1166.67,FVG,2h,holdout,0.525,616
3.0,1.0,351,0.55,1.9974,701.09,FVG,2h,holdout,0.525,616
4.0,0.083,351,0.775,2.9259,1027.0,FVG,2h,holdout,0.525,616
4.0,0.125,351,0.803,3.6167,1269.45,FVG,2h,holdout,0.525,616
4.0,0.167,351,0.764,4.6683,1638.56,FVG,2h,holdout,0.525,616
4.0,0.25,351,0.724,4.6778,1641.92,FVG,2h,holdout,0.525,616
4.0,0.5,351,0.652,3.8859,1363.96,FVG,2h,holdout,0.525,616
4.0,1.0,351,0.541,2.5728,903.07,FVG,2h,holdout,0.525,616
5.0,0.083,351,0.775,2.9259,1027.0,FVG,2h,holdout,0.525,616
5.0,0.125,351,0.803,3.6167,1269.45,FVG,2h,holdout,0.525,616
5.0,0.167,351,0.758,4.7102,1653.3,FVG,2h,holdout,0.525,616
5.0,0.25,351,0.715,4.8388,1698.42,FVG,2h,holdout,0.525,616
5.0,0.5,351,0.635,4.0468,1420.43,FVG,2h,holdout,0.525,616
5.0,1.0,351,0.527,2.7479,964.53,FVG,2h,holdout,0.525,616
7.0,0.083,351,0.775,2.9259,1027.0,FVG,2h,holdout,0.525,616
7.0,0.125,351,0.803,3.6167,1269.45,FVG,2h,holdout,0.525,616
7.0,0.167,351,0.755,4.8337,1696.63,FVG,2h,holdout,0.525,616
7.0,0.25,351,0.709,4.7143,1654.7,FVG,2h,holdout,0.525,616
7.0,0.5,351,0.618,4.0708,1428.85,FVG,2h,holdout,0.525,616
7.0,1.0,351,0.49,2.5337,889.32,FVG,2h,holdout,0.525,616
10.0,0.083,351,0.775,2.9259,1027.0,FVG,2h,holdout,0.525,616
10.0,0.125,351,0.803,3.6167,1269.45,FVG,2h,holdout,0.525,616
10.0,0.167,351,0.755,4.989,1751.14,FVG,2h,holdout,0.525,616
10.0,0.25,351,0.704,4.9832,1749.1,FVG,2h,holdout,0.525,616
10.0,0.5,351,0.604,4.2709,1499.08,FVG,2h,holdout,0.525,616
10.0,1.0,351,0.473,2.5654,900.46,FVG,2h,holdout,0.525,616
2.0,0.083,351,0.761,2.8548,1002.03,FVG,2h,holdout,0.55,616
2.0,0.125,351,0.798,3.3629,1180.38,FVG,2h,holdout,0.55,616
2.0,0.167,351,0.772,3.8769,1360.8,FVG,2h,holdout,0.55,616
2.0,0.25,351,0.732,3.5631,1250.66,FVG,2h,holdout,0.55,616
2.0,0.5,351,0.658,2.5279,887.3,FVG,2h,holdout,0.55,616
2.0,1.0,351,0.556,1.1232,394.24,FVG,2h,holdout,0.55,616
3.0,0.083,351,0.761,2.8548,1002.03,FVG,2h,holdout,0.55,616
3.0,0.125,351,0.798,3.3629,1180.38,FVG,2h,holdout,0.55,616
3.0,0.167,351,0.769,4.1482,1456.03,FVG,2h,holdout,0.55,616
3.0,0.25,351,0.724,3.927,1378.36,FVG,2h,holdout,0.55,616
3.0,0.5,351,0.65,2.909,1021.07,FVG,2h,holdout,0.55,616
3.0,1.0,351,0.541,1.5568,546.43,FVG,2h,holdout,0.55,616
4.0,0.083,351,0.761,2.8548,1002.03,FVG,2h,holdout,0.55,616
4.0,0.125,351,0.798,3.3629,1180.38,FVG,2h,holdout,0.55,616
4.0,0.167,351,0.761,4.3329,1520.83,FVG,2h,holdout,0.55,616
4.0,0.25,351,0.715,4.2699,1498.74,FVG,2h,holdout,0.55,616
4.0,0.5,351,0.644,3.3235,1166.56,FVG,2h,holdout,0.55,616
4.0,1.0,351,0.536,1.9053,668.75,FVG,2h,holdout,0.55,616
5.0,0.083,351,0.761,2.8548,1002.03,FVG,2h,holdout,0.55,616
5.0,0.125,351,0.798,3.3629,1180.38,FVG,2h,holdout,0.55,616
5.0,0.167,351,0.755,4.4105,1548.09,FVG,2h,holdout,0.55,616
5.0,0.25,351,0.707,4.5289,1589.65,FVG,2h,holdout,0.55,616
5.0,0.5,351,0.627,3.785,1328.55,FVG,2h,holdout,0.55,616
5.0,1.0,351,0.519,2.4241,850.86,FVG,2h,holdout,0.55,616
7.0,0.083,351,0.761,2.8548,1002.03,FVG,2h,holdout,0.55,616
7.0,0.125,351,0.798,3.3629,1180.38,FVG,2h,holdout,0.55,616
7.0,0.167,351,0.752,4.5586,1600.09,FVG,2h,holdout,0.55,616
7.0,0.25,351,0.701,4.4337,1556.24,FVG,2h,holdout,0.55,616
7.0,0.5,351,0.613,3.8247,1342.45,FVG,2h,holdout,0.55,616
7.0,1.0,351,0.49,2.4113,846.35,FVG,2h,holdout,0.55,616
10.0,0.083,351,0.761,2.8548,1002.03,FVG,2h,holdout,0.55,616
10.0,0.125,351,0.798,3.3629,1180.38,FVG,2h,holdout,0.55,616
10.0,0.167,351,0.752,4.7224,1657.56,FVG,2h,holdout,0.55,616
10.0,0.25,351,0.695,4.7102,1653.26,FVG,2h,holdout,0.55,616
10.0,0.5,351,0.598,4.0427,1418.97,FVG,2h,holdout,0.55,616
10.0,1.0,351,0.47,2.4201,849.46,FVG,2h,holdout,0.55,616
2.0,0.083,352,0.773,2.8865,1016.06,FVG,2h,holdout,0.575,616
2.0,0.125,352,0.804,3.2407,1140.71,FVG,2h,holdout,0.575,616
2.0,0.167,352,0.773,3.6605,1288.48,FVG,2h,holdout,0.575,616
2.0,0.25,352,0.733,3.2755,1152.98,FVG,2h,holdout,0.575,616
2.0,0.5,352,0.656,2.1524,757.64,FVG,2h,holdout,0.575,616
2.0,1.0,352,0.554,0.6408,225.56,FVG,2h,holdout,0.575,616
3.0,0.083,352,0.773,2.8865,1016.06,FVG,2h,holdout,0.575,616
3.0,0.125,352,0.804,3.2407,1140.71,FVG,2h,holdout,0.575,616
3.0,0.167,352,0.77,3.9875,1403.59,FVG,2h,holdout,0.575,616
3.0,0.25,352,0.722,3.6171,1273.21,FVG,2h,holdout,0.575,616
3.0,0.5,352,0.648,2.5858,910.19,FVG,2h,holdout,0.575,616
3.0,1.0,352,0.54,1.1137,392.01,FVG,2h,holdout,0.575,616
4.0,0.083,352,0.773,2.8865,1016.06,FVG,2h,holdout,0.575,616
4.0,0.125,352,0.804,3.2407,1140.71,FVG,2h,holdout,0.575,616
4.0,0.167,352,0.764,4.1867,1473.71,FVG,2h,holdout,0.575,616
4.0,0.25,352,0.713,3.9619,1394.59,FVG,2h,holdout,0.575,616
4.0,0.5,352,0.645,3.0547,1075.26,FVG,2h,holdout,0.575,616
4.0,1.0,352,0.54,1.5888,559.24,FVG,2h,holdout,0.575,616
5.0,0.083,352,0.773,2.8865,1016.06,FVG,2h,holdout,0.575,616
5.0,0.125,352,0.804,3.2407,1140.71,FVG,2h,holdout,0.575,616
5.0,0.167,352,0.759,4.2635,1500.74,FVG,2h,holdout,0.575,616
5.0,0.25,352,0.705,4.2167,1484.29,FVG,2h,holdout,0.575,616
5.0,0.5,352,0.628,3.2942,1159.57,FVG,2h,holdout,0.575,616
5.0,1.0,352,0.517,1.7266,607.78,FVG,2h,holdout,0.575,616
7.0,0.083,352,0.773,2.8865,1016.06,FVG,2h,holdout,0.575,616
7.0,0.125,352,0.804,3.2407,1140.71,FVG,2h,holdout,0.575,616
7.0,0.167,352,0.756,4.4207,1556.1,FVG,2h,holdout,0.575,616
7.0,0.25,352,0.702,4.5291,1594.23,FVG,2h,holdout,0.575,616
7.0,0.5,352,0.616,3.8727,1363.2,FVG,2h,holdout,0.575,616
7.0,1.0,352,0.491,2.4318,855.99,FVG,2h,holdout,0.575,616
10.0,0.083,352,0.773,2.8865,1016.06,FVG,2h,holdout,0.575,616
10.0,0.125,352,0.804,3.2407,1140.71,FVG,2h,holdout,0.575,616
10.0,0.167,352,0.756,4.5878,1614.91,FVG,2h,holdout,0.575,616
10.0,0.25,352,0.693,4.4277,1558.54,FVG,2h,holdout,0.575,616
10.0,0.5,352,0.602,3.8811,1366.14,FVG,2h,holdout,0.575,616
10.0,1.0,352,0.472,2.3207,816.88,FVG,2h,holdout,0.575,616
2.0,0.083,348,0.756,2.8285,984.31,FVG,2h,holdout,0.6,616
2.0,0.125,348,0.816,3.1185,1085.24,FVG,2h,holdout,0.6,616
2.0,0.167,348,0.761,3.3636,1170.54,FVG,2h,holdout,0.6,616
2.0,0.25,348,0.721,3.0079,1046.77,FVG,2h,holdout,0.6,616
2.0,0.5,348,0.658,1.9266,670.44,FVG,2h,holdout,0.6,616
2.0,1.0,348,0.552,0.269,93.61,FVG,2h,holdout,0.6,616
3.0,0.083,348,0.756,2.8285,984.31,FVG,2h,holdout,0.6,616
3.0,0.125,348,0.816,3.1185,1085.24,FVG,2h,holdout,0.6,616
3.0,0.167,348,0.759,3.6836,1281.88,FVG,2h,holdout,0.6,616
3.0,0.25,348,0.713,3.4149,1188.39,FVG,2h,holdout,0.6,616
3.0,0.5,348,0.649,2.3749,826.47,FVG,2h,holdout,0.6,616
3.0,1.0,348,0.546,0.7992,278.11,FVG,2h,holdout,0.6,616
4.0,0.083,348,0.756,2.8285,984.31,FVG,2h,holdout,0.6,616
4.0,0.125,348,0.816,3.1185,1085.24,FVG,2h,holdout,0.6,616
4.0,0.167,348,0.756,3.9771,1384.02,FVG,2h,holdout,0.6,616
4.0,0.25,348,0.707,3.856,1341.88,FVG,2h,holdout,0.6,616
4.0,0.5,348,0.649,3.0523,1062.18,FVG,2h,holdout,0.6,616
4.0,1.0,348,0.552,1.5943,554.81,FVG,2h,holdout,0.6,616
5.0,0.083,348,0.756,2.8285,984.31,FVG,2h,holdout,0.6,616
5.0,0.125,348,0.816,3.1185,1085.24,FVG,2h,holdout,0.6,616
5.0,0.167,348,0.747,3.9715,1382.07,FVG,2h,holdout,0.6,616
5.0,0.25,348,0.695,4.0051,1393.76,FVG,2h,holdout,0.6,616
5.0,0.5,348,0.629,3.0768,1070.73,FVG,2h,holdout,0.6,616
5.0,1.0,348,0.523,1.4296,497.5,FVG,2h,holdout,0.6,616
7.0,0.083,348,0.756,2.8285,984.31,FVG,2h,holdout,0.6,616
7.0,0.125,348,0.816,3.1185,1085.24,FVG,2h,holdout,0.6,616
7.0,0.167,348,0.744,4.178,1453.95,FVG,2h,holdout,0.6,616
7.0,0.25,348,0.693,4.3883,1527.13,FVG,2h,holdout,0.6,616
7.0,0.5,348,0.618,3.7511,1305.39,FVG,2h,holdout,0.6,616
7.0,1.0,348,0.503,2.1687,754.71,FVG,2h,holdout,0.6,616
10.0,0.083,348,0.756,2.8285,984.31,FVG,2h,holdout,0.6,616
10.0,0.125,348,0.816,3.1185,1085.24,FVG,2h,holdout,0.6,616
10.0,0.167,348,0.744,4.364,1518.66,FVG,2h,holdout,0.6,616
10.0,0.25,348,0.684,4.3117,1500.48,FVG,2h,holdout,0.6,616
10.0,0.5,348,0.603,3.8349,1334.53,FVG,2h,holdout,0.6,616
10.0,1.0,348,0.489,2.1555,750.1,FVG,2h,holdout,0.6,616
2.0,0.083,347,0.769,2.8756,997.83,FVG,2h,holdout,0.625,616
2.0,0.125,347,0.821,3.2317,1121.41,FVG,2h,holdout,0.625,616
2.0,0.167,347,0.769,3.2986,1144.61,FVG,2h,holdout,0.625,616
2.0,0.25,347,0.718,2.8107,975.32,FVG,2h,holdout,0.625,616
2.0,0.5,347,0.643,1.6624,576.85,FVG,2h,holdout,0.625,616
2.0,1.0,347,0.545,-0.0161,-5.59,FVG,2h,holdout,0.625,616
3.0,0.083,347,0.769,2.8756,997.83,FVG,2h,holdout,0.625,616
3.0,0.125,347,0.821,3.2317,1121.41,FVG,2h,holdout,0.625,616
3.0,0.167,347,0.767,3.616,1254.75,FVG,2h,holdout,0.625,616
3.0,0.25,347,0.709,3.256,1129.83,FVG,2h,holdout,0.625,616
3.0,0.5,347,0.637,2.2406,777.5,FVG,2h,holdout,0.625,616
3.0,1.0,347,0.548,0.5261,182.57,FVG,2h,holdout,0.625,616
4.0,0.083,347,0.769,2.8756,997.83,FVG,2h,holdout,0.625,616
4.0,0.125,347,0.821,3.2317,1121.41,FVG,2h,holdout,0.625,616
4.0,0.167,347,0.764,3.9668,1376.5,FVG,2h,holdout,0.625,616
4.0,0.25,347,0.703,3.7968,1317.47,FVG,2h,holdout,0.625,616
4.0,0.5,347,0.64,3.085,1070.51,FVG,2h,holdout,0.625,616
4.0,1.0,347,0.553,1.5929,552.73,FVG,2h,holdout,0.625,616
5.0,0.083,347,0.769,2.8756,997.83,FVG,2h,holdout,0.625,616
5.0,0.125,347,0.821,3.2317,1121.41,FVG,2h,holdout,0.625,616
5.0,0.167,347,0.755,3.9873,1383.6,FVG,2h,holdout,0.625,616
5.0,0.25,347,0.689,3.9028,1354.28,FVG,2h,holdout,0.625,616
5.0,0.5,347,0.617,3.0136,1045.71,FVG,2h,holdout,0.625,616
5.0,1.0,347,0.524,1.377,477.82,FVG,2h,holdout,0.625,616
7.0,0.083,347,0.769,2.8756,997.83,FVG,2h,holdout,0.625,616
7.0,0.125,347,0.821,3.2317,1121.41,FVG,2h,holdout,0.625,616
7.0,0.167,347,0.752,4.1746,1448.57,FVG,2h,holdout,0.625,616
7.0,0.25,347,0.686,4.2501,1474.78,FVG,2h,holdout,0.625,616
7.0,0.5,347,0.608,3.7339,1295.68,FVG,2h,holdout,0.625,616
7.0,1.0,347,0.507,2.1107,732.43,FVG,2h,holdout,0.625,616
10.0,0.083,347,0.769,2.8756,997.83,FVG,2h,holdout,0.625,616
10.0,0.125,347,0.821,3.2317,1121.41,FVG,2h,holdout,0.625,616
10.0,0.167,347,0.752,4.364,1514.32,FVG,2h,holdout,0.625,616
10.0,0.25,347,0.677,4.1758,1449.0,FVG,2h,holdout,0.625,616
10.0,0.5,347,0.591,3.7794,1311.44,FVG,2h,holdout,0.625,616
10.0,1.0,347,0.487,2.1184,735.07,FVG,2h,holdout,0.625,616
2.0,0.083,343,0.781,2.9233,1002.71,FVG,2h,holdout,0.65,616
2.0,0.125,343,0.822,3.5597,1220.99,FVG,2h,holdout,0.65,616
2.0,0.167,343,0.781,3.4936,1198.3,FVG,2h,holdout,0.65,616
2.0,0.25,343,0.732,2.9467,1010.71,FVG,2h,holdout,0.65,616
2.0,0.5,343,0.656,1.7122,587.28,FVG,2h,holdout,0.65,616
2.0,1.0,343,0.542,0.0139,4.77,FVG,2h,holdout,0.65,616
3.0,0.083,343,0.781,2.9233,1002.71,FVG,2h,holdout,0.65,616
3.0,0.125,343,0.822,3.5597,1220.99,FVG,2h,holdout,0.65,616
3.0,0.167,343,0.778,3.7813,1297.0,FVG,2h,holdout,0.65,616
3.0,0.25,343,0.726,3.4173,1172.14,FVG,2h,holdout,0.65,616
3.0,0.5,343,0.65,2.2395,768.15,FVG,2h,holdout,0.65,616
3.0,1.0,343,0.551,0.7559,259.26,FVG,2h,holdout,0.65,616
4.0,0.083,343,0.781,2.9233,1002.71,FVG,2h,holdout,0.65,616
4.0,0.125,343,0.822,3.5597,1220.99,FVG,2h,holdout,0.65,616
4.0,0.167,343,0.776,4.1611,1427.25,FVG,2h,holdout,0.65,616
4.0,0.25,343,0.72,3.9526,1355.74,FVG,2h,holdout,0.65,616
4.0,0.5,343,0.647,2.9565,1014.07,FVG,2h,holdout,0.65,616
4.0,1.0,343,0.554,1.5654,536.93,FVG,2h,holdout,0.65,616
5.0,0.083,343,0.781,2.9233,1002.71,FVG,2h,holdout,0.65,616
5.0,0.125,343,0.822,3.5597,1220.99,FVG,2h,holdout,0.65,616
5.0,0.167,343,0.77,4.2768,1466.94,FVG,2h,holdout,0.65,616
5.0,0.25,343,0.706,4.1524,1424.26,FVG,2h,holdout,0.65,616
5.0,0.5,343,0.627,3.1042,1064.73,FVG,2h,holdout,0.65,616
5.0,1.0,343,0.534,1.6617,569.95,FVG,2h,holdout,0.65,616
7.0,0.083,343,0.781,2.9233,1002.71,FVG,2h,holdout,0.65,616
7.0,0.125,343,0.822,3.5597,1220.99,FVG,2h,holdout,0.65,616
7.0,0.167,343,0.767,4.485,1538.37,FVG,2h,holdout,0.65,616
7.0,0.25,343,0.703,4.5604,1564.22,FVG,2h,holdout,0.65,616
7.0,0.5,343,0.615,3.8334,1314.86,FVG,2h,holdout,0.65,616
7.0,1.0,343,0.51,2.2286,764.4,FVG,2h,holdout,0.65,616
10.0,0.083,343,0.781,2.9233,1002.71,FVG,2h,holdout,0.65,616
10.0,0.125,343,0.822,3.5597,1220.99,FVG,2h,holdout,0.65,616
10.0,0.167,343,0.767,4.6758,1603.81,FVG,2h,holdout,0.65,616
10.0,0.25,343,0.694,4.4695,1533.03,FVG,2h,holdout,0.65,616
10.0,0.5,343,0.601,3.9073,1340.2,FVG,2h,holdout,0.65,616
10.0,1.0,343,0.49,2.4121,827.36,FVG,2h,holdout,0.65,616
2.0,0.083,342,0.781,2.8982,991.17,FVG,2h,holdout,0.675,616
2.0,0.125,342,0.816,3.5305,1207.43,FVG,2h,holdout,0.675,616
2.0,0.167,342,0.784,3.4563,1182.05,FVG,2h,holdout,0.675,616
2.0,0.25,342,0.737,2.9555,1010.78,FVG,2h,holdout,0.675,616
2.0,0.5,342,0.658,1.4666,501.56,FVG,2h,holdout,0.675,616
2.0,1.0,342,0.541,-0.2104,-71.96,FVG,2h,holdout,0.675,616
3.0,0.083,342,0.781,2.8982,991.17,FVG,2h,holdout,0.675,616
3.0,0.125,342,0.816,3.5305,1207.43,FVG,2h,holdout,0.675,616
3.0,0.167,342,0.781,3.8945,1331.93,FVG,2h,holdout,0.675,616
3.0,0.25,342,0.731,3.5445,1212.22,FVG,2h,holdout,0.675,616
3.0,0.5,342,0.649,2.1258,727.02,FVG,2h,holdout,0.675,616
3.0,1.0,342,0.547,0.5438,185.97,FVG,2h,holdout,0.675,616
4.0,0.083,342,0.781,2.8982,991.17,FVG,2h,holdout,0.675,616
4.0,0.125,342,0.816,3.5305,1207.43,FVG,2h,holdout,0.675,616
4.0,0.167,342,0.775,4.1201,1409.06,FVG,2h,holdout,0.675,616
4.0,0.25,342,0.725,3.8929,1331.38,FVG,2h,holdout,0.675,616
4.0,0.5,342,0.646,2.6256,897.97,FVG,2h,holdout,0.675,616
4.0,1.0,342,0.544,1.1618,397.33,FVG,2h,holdout,0.675,616
5.0,0.083,342,0.781,2.8982,991.17,FVG,2h,holdout,0.675,616
5.0,0.125,342,0.816,3.5305,1207.43,FVG,2h,holdout,0.675,616
5.0,0.167,342,0.769,4.2577,1456.14,FVG,2h,holdout,0.675,616
5.0,0.25,342,0.713,4.1416,1416.44,FVG,2h,holdout,0.675,616
5.0,0.5,342,0.629,2.973,1016.77,FVG,2h,holdout,0.675,616
5.0,1.0,342,0.526,1.6468,563.2,FVG,2h,holdout,0.675,616
7.0,0.083,342,0.781,2.8982,991.17,FVG,2h,holdout,0.675,616
7.0,0.125,342,0.816,3.5305,1207.43,FVG,2h,holdout,0.675,616
7.0,0.167,342,0.769,4.4917,1536.18,FVG,2h,holdout,0.675,616
7.0,0.25,342,0.713,4.5899,1569.75,FVG,2h,holdout,0.675,616
7.0,0.5,342,0.617,3.731,1276.02,FVG,2h,holdout,0.675,616
7.0,1.0,342,0.503,2.0252,692.63,FVG,2h,holdout,0.675,616
10.0,0.083,342,0.781,2.8982,991.17,FVG,2h,holdout,0.675,616
10.0,0.125,342,0.816,3.5305,1207.43,FVG,2h,holdout,0.675,616
10.0,0.167,342,0.769,4.67,1597.13,FVG,2h,holdout,0.675,616
10.0,0.25,342,0.702,4.4647,1526.94,FVG,2h,holdout,0.675,616
10.0,0.5,342,0.602,3.7755,1291.23,FVG,2h,holdout,0.675,616
10.0,1.0,342,0.48,2.2103,755.92,FVG,2h,holdout,0.675,616
2.0,0.083,338,0.784,2.8776,972.63,FVG,2h,holdout,0.7,616
2.0,0.125,338,0.814,3.2919,1112.66,FVG,2h,holdout,0.7,616
2.0,0.167,338,0.775,3.0393,1027.29,FVG,2h,holdout,0.7,616
2.0,0.25,338,0.728,2.5484,861.35,FVG,2h,holdout,0.7,616
2.0,0.5,338,0.654,1.1134,376.33,FVG,2h,holdout,0.7,616
2.0,1.0,338,0.55,-0.557,-188.26,FVG,2h,holdout,0.7,616
3.0,0.083,338,0.784,2.8776,972.63,FVG,2h,holdout,0.7,616
3.0,0.125,338,0.814,3.2919,1112.66,FVG,2h,holdout,0.7,616
3.0,0.167,338,0.772,3.4522,1166.83,FVG,2h,holdout,0.7,616
3.0,0.25,338,0.722,3.104,1049.16,FVG,2h,holdout,0.7,616
3.0,0.5,338,0.645,1.7052,576.34,FVG,2h,holdout,0.7,616
3.0,1.0,338,0.55,0.1537,51.94,FVG,2h,holdout,0.7,616
4.0,0.083,338,0.784,2.8776,972.63,FVG,2h,holdout,0.7,616
4.0,0.125,338,0.814,3.2919,1112.66,FVG,2h,holdout,0.7,616
4.0,0.167,338,0.769,3.8266,1293.39,FVG,2h,holdout,0.7,616
4.0,0.25,338,0.716,3.6328,1227.88,FVG,2h,holdout,0.7,616
4.0,0.5,338,0.642,2.2808,770.91,FVG,2h,holdout,0.7,616
4.0,1.0,338,0.55,0.8477,286.54,FVG,2h,holdout,0.7,616
5.0,0.083,338,0.784,2.8776,972.63,FVG,2h,holdout,0.7,616
5.0,0.125,338,0.814,3.2919,1112.66,FVG,2h,holdout,0.7,616
5.0,0.167,338,0.763,3.9533,1336.22,FVG,2h,holdout,0.7,616
5.0,0.25,338,0.707,3.8558,1303.25,FVG,2h,holdout,0.7,616
5.0,0.5,338,0.633,2.6506,895.9,FVG,2h,holdout,0.7,616
5.0,1.0,338,0.53,1.2474,421.63,FVG,2h,holdout,0.7,616
7.0,0.083,338,0.784,2.8776,972.63,FVG,2h,holdout,0.7,616
7.0,0.125,338,0.814,3.2919,1112.66,FVG,2h,holdout,0.7,616
7.0,0.167,338,0.76,4.1031,1386.84,FVG,2h,holdout,0.7,616
7.0,0.25,338,0.704,4.2366,1431.96,FVG,2h,holdout,0.7,616
7.0,0.5,338,0.615,3.282,1109.31,FVG,2h,holdout,0.7,616
7.0,1.0,338,0.503,1.6148,545.8,FVG,2h,holdout,0.7,616
10.0,0.083,338,0.784,2.8776,972.63,FVG,2h,holdout,0.7,616
10.0,0.125,338,0.814,3.2919,1112.66,FVG,2h,holdout,0.7,616
10.0,0.167,338,0.76,4.3285,1463.02,FVG,2h,holdout,0.7,616
10.0,0.25,338,0.692,4.1612,1406.49,FVG,2h,holdout,0.7,616
10.0,0.5,338,0.601,3.3785,1141.93,FVG,2h,holdout,0.7,616
10.0,1.0,338,0.476,1.7209,581.65,FVG,2h,holdout,0.7,616
